1,1,53.74,330.83,55.45,161.99,0.7904,-1,-1,-1
1,2,210.51,351.90,66.12,140.99,0.7706,-1,-1,-1
1,3,158.63,196.73,54.14,118.88,0.7474,-1,-1,-1
1,4,488.29,310.53,62.21,144.20,0.7441,-1,-1,-1
1,5,1191.68,447.50,85.97,145.62,0.7440,-1,-1,-1
1,6,1107.25,407.11,101.89,158.50,0.7411,-1,-1,-1
1,7,994.31,220.79,46.91,122.07,0.6430,-1,-1,-1
1,8,359.50,517.95,58.73,121.43,0.6289,-1,-1,-1
1,9,115.05,295.82,80.15,135.27,0.6030,-1,-1,-1
2,1,56.41,328.41,55.33,161.18,0.7852,-1,-1,-1
2,2,212.86,350.62,65.27,139.61,0.7664,-1,-1,-1
2,3,167.41,198.96,52.01,114.13,0.7422,-1,-1,-1
2,4,491.03,311.26,61.96,143.28,0.7711,-1,-1,-1
2,5,1188.69,448.45,85.68,145.09,0.6533,-1,-1,-1
2,7,994.14,223.89,45.41,118.19,0.5984,-1,-1,-1
2,8,359.24,517.26,60.15,124.66,0.6854,-1,-1,-1
2,9,115.37,293.81,81.91,138.33,0.6479,-1,-1,-1
3,1,59.94,325.68,54.90,158.31,0.7462,-1,-1,-1
3,2,216.35,351.07,65.79,141.64,0.7411,-1,-1,-1
3,3,174.90,189.04,55.81,122.24,0.6005,-1,-1,-1
3,4,495.13,312.39,61.47,141.41,0.7909,-1,-1,-1
3,5,1185.62,448.70,85.25,144.50,0.7237,-1,-1,-1
3,6,1094.12,410.84,98.50,155.29,0.6671,-1,-1,-1
3,7,997.03,221.70,45.95,119.21,0.5837,-1,-1,-1
3,8,363.75,516.83,55.25,114.96,0.7583,-1,-1,-1
4,1,60.20,321.54,57.71,162.21,0.8508,-1,-1,-1
4,2,226.01,349.60,66.22,144.73,0.7551,-1,-1,-1
4,3,189.00,185.70,54.99,120.07,0.6614,-1,-1,-1
4,4,505.31,313.34,61.45,140.34,0.7174,-1,-1,-1
4,5,1185.63,451.65,84.17,144.22,0.7343,-1,-1,-1
4,6,1093.42,410.28,97.99,156.72,0.7647,-1,-1,-1
4,7,999.47,213.17,50.14,128.28,0.7493,-1,-1,-1
4,8,365.25,513.11,53.07,110.92,0.7938,-1,-1,-1
4,9,121.67,286.51,84.45,144.49,0.7447,-1,-1,-1
5,1,62.67,321.59,59.62,162.40,0.8477,-1,-1,-1
5,2,231.66,349.75,66.09,146.82,0.7701,-1,-1,-1
5,4,515.72,312.79,62.20,140.80,0.7646,-1,-1,-1
5,5,1190.63,452.69,82.89,144.00,0.6871,-1,-1,-1
5,6,1093.48,408.64,98.20,159.49,0.7837,-1,-1,-1
5,7,999.42,210.44,52.54,131.07,0.8020,-1,-1,-1
5,8,368.97,511.58,52.54,110.50,0.7275,-1,-1,-1
5,9,124.53,285.16,84.24,147.15,0.7897,-1,-1,-1
6,1,67.76,322.71,60.41,159.44,0.8401,-1,-1,-1
6,2,235.94,349.76,66.02,148.77,0.7582,-1,-1,-1
6,3,210.89,197.54,48.03,103.40,0.6566,-1,-1,-1
6,4,517.29,289.94,72.26,163.88,0.7542,-1,-1,-1
6,5,1194.03,452.16,82.26,145.18,0.7797,-1,-1,-1
6,6,1096.00,407.66,99.10,163.41,0.8174,-1,-1,-1
6,7,999.26,210.28,54.41,131.34,0.8070,-1,-1,-1
6,8,371.22,510.65,52.93,111.81,0.6198,-1,-1,-1
6,9,127.88,285.68,83.73,149.76,0.8014,-1,-1,-1
7,1,74.12,323.33,61.01,156.73,0.8387,-1,-1,-1
7,2,239.92,350.53,66.11,150.51,0.7073,-1,-1,-1
7,3,217.94,196.96,48.16,101.98,0.6811,-1,-1,-1
7,4,525.40,300.23,67.83,153.96,0.7626,-1,-1,-1
7,5,1191.04,450.37,82.85,149.84,0.7816,-1,-1,-1
7,6,1096.98,407.44,98.74,164.87,0.8288,-1,-1,-1
7,7,1000.55,210.53,55.97,131.03,0.7822,-1,-1,-1
7,8,373.70,511.33,52.41,110.87,0.5682,-1,-1,-1
7,9,131.38,285.47,82.08,149.96,0.7817,-1,-1,-1
8,1,78.00,323.57,61.85,154.92,0.8013,-1,-1,-1
8,2,245.24,351.24,66.24,152.08,0.6852,-1,-1,-1
8,3,224.22,195.58,49.98,103.01,0.6841,-1,-1,-1
8,4,526.08,283.80,74.03,170.85,0.5939,-1,-1,-1
8,5,1190.39,448.75,82.28,151.99,0.8031,-1,-1,-1
8,6,1093.44,407.72,98.98,165.87,0.8693,-1,-1,-1
8,7,999.52,214.41,56.47,126.97,0.6847,-1,-1,-1
8,8,376.75,511.52,51.69,108.90,0.6419,-1,-1,-1
8,9,135.53,285.76,80.05,147.40,0.8108,-1,-1,-1
9,1,76.53,320.83,63.25,154.68,0.7638,-1,-1,-1
9,2,252.68,351.03,66.77,153.11,0.7788,-1,-1,-1
9,3,231.51,182.83,56.40,114.49,0.6539,-1,-1,-1
9,4,531.54,278.72,74.71,177.79,0.6206,-1,-1,-1
9,5,1185.78,446.33,84.23,154.96,0.7960,-1,-1,-1
9,6,1088.31,410.43,98.50,164.33,0.8219,-1,-1,-1
9,8,385.00,511.97,52.11,109.65,0.6834,-1,-1,-1
9,9,143.33,287.69,77.59,142.14,0.8085,-1,-1,-1
10,1,74.03,317.16,65.10,157.04,0.7587,-1,-1,-1
10,2,259.77,351.71,66.65,151.91,0.7711,-1,-1,-1
10,3,238.75,178.41,59.67,118.77,0.7688,-1,-1,-1
10,4,539.93,290.44,67.45,165.48,0.6115,-1,-1,-1
10,5,1181.48,445.30,85.19,154.33,0.7668,-1,-1,-1
10,6,1085.16,414.02,97.64,162.23,0.8268,-1,-1,-1
10,7,1007.57,217.42,54.44,124.35,0.5807,-1,-1,-1
10,8,384.51,512.01,53.52,109.87,0.6857,-1,-1,-1
10,9,151.34,288.18,77.44,140.26,0.8180,-1,-1,-1
11,1,79.11,314.52,64.29,157.72,0.6793,-1,-1,-1
11,2,266.52,352.32,65.83,148.76,0.7891,-1,-1,-1
11,3,244.58,174.23,61.40,120.81,0.6772,-1,-1,-1
11,4,547.53,304.02,60.16,152.06,0.5961,-1,-1,-1
11,5,1178.03,445.62,85.98,152.85,0.7884,-1,-1,-1
11,6,1086.68,416.47,94.86,158.77,0.7409,-1,-1,-1
11,7,1005.14,213.44,56.36,129.42,0.6381,-1,-1,-1
11,8,384.44,512.47,55.04,109.83,0.6769,-1,-1,-1
11,9,157.59,288.95,77.20,138.41,0.8081,-1,-1,-1
12,1,82.60,312.41,63.98,159.93,0.6882,-1,-1,-1
12,2,272.28,353.34,66.05,147.72,0.7991,-1,-1,-1
12,3,250.33,170.37,62.34,121.68,0.6487,-1,-1,-1
12,4,547.65,283.31,67.20,173.86,0.5874,-1,-1,-1
12,5,1174.70,446.39,87.29,152.48,0.8085,-1,-1,-1
12,6,1085.78,417.85,92.46,157.45,0.7724,-1,-1,-1
12,7,1006.90,212.54,56.20,130.36,0.7079,-1,-1,-1
12,8,385.24,512.11,56.86,110.53,0.6966,-1,-1,-1
12,9,163.83,288.85,77.14,136.97,0.8237,-1,-1,-1
12,10,496.60,194.42,53.22,142.20,0.5594,-1,-1,-1
13,1,87.06,310.81,62.62,158.71,0.6651,-1,-1,-1
13,2,278.13,354.29,65.81,145.84,0.7716,-1,-1,-1
13,3,254.22,166.20,63.16,123.84,0.6221,-1,-1,-1
13,4,556.65,300.15,56.65,148.38,0.6140,-1,-1,-1
13,5,1173.05,448.51,87.39,150.44,0.8103,-1,-1,-1
13,6,1083.04,417.66,89.55,156.12,0.6791,-1,-1,-1
13,7,1011.42,210.30,57.02,132.37,0.6954,-1,-1,-1
13,8,385.74,511.57,57.79,110.75,0.7184,-1,-1,-1
13,9,171.63,288.14,77.58,136.67,0.8234,-1,-1,-1
14,1,89.74,308.90,63.50,160.20,0.7253,-1,-1,-1
14,2,286.59,354.84,65.18,144.48,0.7585,-1,-1,-1
14,4,560.65,309.24,56.78,147.81,0.6214,-1,-1,-1
14,5,1167.98,450.65,83.55,148.08,0.6371,-1,-1,-1
14,6,1075.16,414.83,88.66,159.86,0.7170,-1,-1,-1
14,7,1011.30,211.40,58.40,130.78,0.7210,-1,-1,-1
14,8,388.05,508.55,58.03,112.33,0.5932,-1,-1,-1
14,9,176.73,285.43,76.70,136.44,0.7572,-1,-1,-1
14,11,351.17,133.86,67.22,128.87,0.6058,-1,-1,-1
15,1,90.73,308.33,64.08,158.56,0.7418,-1,-1,-1
15,2,291.88,354.56,64.33,143.49,0.7818,-1,-1,-1
15,3,262.48,165.02,59.80,120.35,0.5845,-1,-1,-1
15,4,563.50,313.25,57.16,147.89,0.7326,-1,-1,-1
15,5,1168.23,450.92,81.34,147.39,0.6936,-1,-1,-1
15,6,1072.78,412.79,87.55,161.38,0.7709,-1,-1,-1
15,7,1010.62,212.02,59.68,129.93,0.7476,-1,-1,-1
15,8,389.52,505.47,58.86,114.98,0.6881,-1,-1,-1
15,9,176.34,282.26,76.18,139.46,0.6801,-1,-1,-1
15,11,354.18,138.27,65.22,124.25,0.6719,-1,-1,-1
16,1,90.12,308.36,66.19,158.62,0.7600,-1,-1,-1
16,2,295.35,353.96,63.02,142.33,0.7079,-1,-1,-1
16,3,264.95,163.40,58.55,121.77,0.5896,-1,-1,-1
16,4,567.21,314.80,58.01,148.34,0.7507,-1,-1,-1
16,5,1167.09,449.28,79.54,148.37,0.7361,-1,-1,-1
16,6,1072.58,411.76,86.40,161.40,0.7823,-1,-1,-1
16,7,1010.40,213.88,60.10,127.36,0.6334,-1,-1,-1
16,8,393.29,504.21,59.26,117.98,0.6976,-1,-1,-1
16,9,176.83,278.81,75.20,142.45,0.7518,-1,-1,-1
16,11,357.59,141.63,64.13,121.00,0.7269,-1,-1,-1
17,1,94.57,308.21,66.38,155.84,0.7659,-1,-1,-1
17,2,299.58,352.92,61.65,142.37,0.7142,-1,-1,-1
17,4,571.18,316.16,58.45,147.60,0.6694,-1,-1,-1
17,5,1165.51,447.42,79.49,152.90,0.7541,-1,-1,-1
17,6,1067.74,409.35,87.85,164.04,0.8655,-1,-1,-1
17,7,1010.01,214.51,60.11,127.19,0.7039,-1,-1,-1
17,8,398.58,501.96,58.34,119.29,0.7338,-1,-1,-1
17,9,179.96,278.06,72.43,141.29,0.7050,-1,-1,-1
17,11,360.49,140.59,64.97,121.31,0.7325,-1,-1,-1
18,1,94.13,307.32,68.14,154.87,0.7403,-1,-1,-1
18,2,302.96,352.12,60.20,142.71,0.7511,-1,-1,-1
18,4,576.45,316.69,58.10,145.30,0.7232,-1,-1,-1
18,5,1161.46,445.47,79.99,155.27,0.7895,-1,-1,-1
18,6,1062.84,408.76,88.62,163.44,0.8368,-1,-1,-1
18,7,1009.84,215.60,59.48,126.71,0.6938,-1,-1,-1
18,8,401.62,498.91,58.27,122.36,0.7010,-1,-1,-1
18,9,183.29,276.52,70.86,141.82,0.6945,-1,-1,-1
18,11,361.59,137.91,66.47,123.18,0.7803,-1,-1,-1
18,12,540.46,207.89,52.10,129.47,0.6527,-1,-1,-1
19,1,97.70,304.85,68.09,149.62,0.6882,-1,-1,-1
19,2,312.08,351.55,59.19,142.27,0.7476,-1,-1,-1
19,4,584.54,316.32,57.08,141.49,0.6983,-1,-1,-1
19,5,1155.68,442.81,81.84,156.21,0.7940,-1,-1,-1
19,6,1063.92,427.94,80.43,143.67,0.7831,-1,-1,-1
19,7,1011.22,210.97,59.00,129.86,0.7226,-1,-1,-1
19,8,404.08,496.09,58.10,124.46,0.7481,-1,-1,-1
19,9,188.48,274.09,70.15,141.95,0.7497,-1,-1,-1
19,11,361.81,132.80,67.12,125.33,0.6799,-1,-1,-1
20,1,101.05,302.70,69.32,149.15,0.7121,-1,-1,-1
20,2,314.99,349.20,57.80,142.40,0.6797,-1,-1,-1
20,4,588.67,315.11,56.68,140.89,0.7153,-1,-1,-1
20,5,1149.73,440.88,83.95,156.21,0.8307,-1,-1,-1
20,6,1063.94,434.55,77.47,136.91,0.6115,-1,-1,-1
20,7,1014.07,208.25,58.12,130.83,0.6779,-1,-1,-1
20,8,406.71,494.59,57.62,125.45,0.7645,-1,-1,-1
20,9,190.74,272.57,70.00,142.19,0.7397,-1,-1,-1
20,11,358.91,128.55,67.19,127.60,0.6872,-1,-1,-1
20,12,554.87,205.28,51.78,129.15,0.5591,-1,-1,-1
21,1,102.27,299.96,69.89,149.19,0.7138,-1,-1,-1
21,2,317.31,348.67,56.81,141.90,0.6561,-1,-1,-1
21,4,590.33,313.85,55.89,141.82,0.6538,-1,-1,-1
21,5,1144.97,439.30,85.78,155.41,0.8441,-1,-1,-1
21,6,1057.82,428.59,80.78,143.72,0.7146,-1,-1,-1
21,7,1014.12,204.58,58.44,132.76,0.7263,-1,-1,-1
21,8,408.96,494.41,57.35,126.52,0.7538,-1,-1,-1
21,9,191.83,271.38,69.82,142.07,0.7707,-1,-1,-1
21,11,357.77,126.73,65.82,127.99,0.6504,-1,-1,-1
21,12,559.74,204.54,51.58,129.67,0.6235,-1,-1,-1
22,1,104.43,297.92,69.52,149.42,0.7543,-1,-1,-1
22,2,317.27,348.09,57.84,143.14,0.6551,-1,-1,-1
22,4,592.02,312.59,55.01,143.57,0.6464,-1,-1,-1
22,5,1143.39,440.82,85.76,152.21,0.8368,-1,-1,-1
22,6,1050.17,420.31,84.09,152.22,0.6815,-1,-1,-1
22,7,1014.34,204.65,58.97,132.93,0.7244,-1,-1,-1
22,8,411.61,495.13,56.56,126.05,0.7593,-1,-1,-1
22,9,194.36,270.79,69.97,142.12,0.7831,-1,-1,-1
22,11,358.13,124.20,64.52,128.77,0.6393,-1,-1,-1
22,12,570.05,200.47,51.99,130.12,0.5679,-1,-1,-1
23,1,104.38,296.21,69.93,154.12,0.7897,-1,-1,-1
23,2,317.99,347.59,58.45,143.74,0.7183,-1,-1,-1
23,4,594.01,311.01,53.67,144.90,0.6770,-1,-1,-1
23,5,1143.35,442.75,84.75,149.13,0.8762,-1,-1,-1
23,6,1052.54,432.36,76.49,139.64,0.5820,-1,-1,-1
23,7,1013.37,204.29,60.46,133.02,0.7600,-1,-1,-1
23,8,413.70,495.19,55.96,125.93,0.7747,-1,-1,-1
23,9,197.93,269.26,70.70,143.23,0.7588,-1,-1,-1
23,11,359.00,121.15,63.31,130.10,0.5545,-1,-1,-1
23,12,573.79,199.70,50.81,127.74,0.5734,-1,-1,-1
24,1,104.84,293.93,69.22,153.70,0.8322,-1,-1,-1
24,2,323.15,346.79,59.07,143.92,0.8075,-1,-1,-1
24,4,597.21,310.63,52.96,144.75,0.5899,-1,-1,-1
24,5,1142.06,441.91,83.29,149.36,0.7438,-1,-1,-1
24,6,1038.74,416.91,82.84,157.11,0.7145,-1,-1,-1
24,7,1014.45,203.87,61.95,132.74,0.7984,-1,-1,-1
24,8,416.34,495.25,54.95,124.30,0.7185,-1,-1,-1
24,9,205.35,267.16,69.62,142.29,0.7131,-1,-1,-1
24,11,360.56,116.47,62.90,132.98,0.5541,-1,-1,-1
25,1,105.45,292.61,70.00,155.36,0.8414,-1,-1,-1
25,2,328.33,346.32,59.85,143.80,0.8344,-1,-1,-1
25,4,598.50,312.58,52.23,143.38,0.5804,-1,-1,-1
25,5,1135.04,440.73,79.48,148.16,0.7425,-1,-1,-1
25,6,1031.27,410.80,84.01,162.79,0.6621,-1,-1,-1
25,7,1015.14,203.88,62.89,132.39,0.7366,-1,-1,-1
25,8,417.57,493.59,54.99,125.23,0.6708,-1,-1,-1
25,9,211.57,265.54,68.49,140.82,0.7029,-1,-1,-1
26,1,108.00,291.71,70.18,155.17,0.8697,-1,-1,-1
26,2,332.49,345.62,60.68,143.83,0.8399,-1,-1,-1
26,4,598.53,311.55,53.12,144.51,0.6764,-1,-1,-1
26,5,1132.19,439.73,76.94,149.90,0.7797,-1,-1,-1
26,6,1024.91,408.53,84.38,164.76,0.7328,-1,-1,-1
26,7,1017.56,204.70,61.88,129.63,0.7027,-1,-1,-1
26,8,417.35,488.98,56.33,129.55,0.6868,-1,-1,-1
26,9,215.25,264.01,67.70,141.35,0.7624,-1,-1,-1
26,11,363.16,119.40,59.55,127.70,0.5880,-1,-1,-1
27,1,111.28,291.78,70.25,153.11,0.8931,-1,-1,-1
27,2,336.79,345.06,61.25,142.78,0.8523,-1,-1,-1
27,4,599.15,311.02,54.28,144.90,0.7535,-1,-1,-1
27,5,1129.68,435.65,76.11,154.05,0.7444,-1,-1,-1
27,6,1017.21,407.97,85.77,166.09,0.7685,-1,-1,-1
27,7,1018.34,206.06,60.45,126.37,0.6511,-1,-1,-1
27,8,416.30,486.39,57.45,133.11,0.7451,-1,-1,-1
27,9,218.81,262.23,67.12,142.97,0.7231,-1,-1,-1
27,11,364.99,123.87,57.00,122.10,0.5824,-1,-1,-1
27,14,287.56,158.45,68.41,114.57,0.6944,-1,-1,-1
28,1,114.77,292.67,70.78,151.77,0.8818,-1,-1,-1
28,2,340.09,344.39,62.34,143.18,0.8446,-1,-1,-1
28,4,601.22,310.14,55.50,145.34,0.7881,-1,-1,-1
28,5,1125.88,434.13,74.96,154.22,0.6941,-1,-1,-1
28,6,1012.17,407.88,85.58,163.50,0.7972,-1,-1,-1
28,8,416.78,484.61,56.86,132.85,0.7151,-1,-1,-1
28,9,221.40,259.90,66.81,145.15,0.7246,-1,-1,-1
28,11,367.86,126.80,55.89,118.21,0.5663,-1,-1,-1
28,14,289.78,158.97,68.20,114.42,0.7463,-1,-1,-1
29,1,121.72,292.28,71.08,151.56,0.8616,-1,-1,-1
29,2,346.57,344.47,62.55,141.67,0.8285,-1,-1,-1
29,4,606.70,312.35,54.89,141.17,0.7488,-1,-1,-1
29,5,1116.74,432.94,74.80,152.31,0.8135,-1,-1,-1
29,6,1010.32,412.37,82.12,156.79,0.5952,-1,-1,-1
29,8,416.23,482.22,57.98,137.20,0.7628,-1,-1,-1
29,9,226.50,257.27,63.65,141.00,0.7098,-1,-1,-1
29,14,291.89,158.77,66.85,113.40,0.5989,-1,-1,-1
30,1,126.96,291.98,71.26,151.69,0.8626,-1,-1,-1
30,2,351.19,345.06,62.76,140.73,0.7782,-1,-1,-1
30,4,610.15,311.31,55.79,141.33,0.7195,-1,-1,-1
30,5,1110.64,433.79,73.97,148.46,0.8021,-1,-1,-1
30,6,1003.90,411.25,81.68,160.77,0.5733,-1,-1,-1
30,7,1017.96,203.35,58.95,126.98,0.6540,-1,-1,-1
30,8,415.33,480.51,58.49,140.62,0.7146,-1,-1,-1
30,9,228.93,255.41,63.26,143.25,0.7485,-1,-1,-1
30,14,295.36,153.71,69.18,118.93,0.6610,-1,-1,-1
31,1,130.90,290.42,72.35,153.04,0.8550,-1,-1,-1
31,2,354.13,344.74,62.82,140.33,0.7356,-1,-1,-1
31,4,612.43,309.47,56.84,142.93,0.6678,-1,-1,-1
31,5,1107.32,431.84,74.38,148.29,0.7237,-1,-1,-1
31,6,1003.38,412.91,78.56,158.19,0.6751,-1,-1,-1
31,7,1017.87,203.87,56.67,125.45,0.5700,-1,-1,-1
31,8,414.60,478.74,58.42,142.36,0.7007,-1,-1,-1
31,9,229.56,254.97,62.25,142.76,0.7904,-1,-1,-1
31,14,297.78,154.75,67.12,117.47,0.6623,-1,-1,-1
32,1,132.01,288.98,73.03,154.49,0.8292,-1,-1,-1
32,2,356.80,343.62,63.26,141.24,0.6677,-1,-1,-1
32,4,615.83,317.19,54.11,134.84,0.6406,-1,-1,-1
32,5,1104.41,429.17,74.13,148.39,0.6933,-1,-1,-1
32,6,997.62,412.63,75.08,156.86,0.6024,-1,-1,-1
32,7,1016.89,205.36,55.25,123.85,0.6106,-1,-1,-1
32,8,413.94,477.95,58.39,143.75,0.7145,-1,-1,-1
32,9,230.49,255.52,60.30,140.01,0.7658,-1,-1,-1
32,14,300.13,158.03,64.12,114.53,0.5609,-1,-1,-1
33,1,132.25,288.16,72.49,154.01,0.7877,-1,-1,-1
33,2,358.70,343.56,62.88,141.29,0.6053,-1,-1,-1
33,4,618.73,320.85,50.95,127.13,0.6427,-1,-1,-1
33,5,1105.30,431.73,70.32,142.89,0.7122,-1,-1,-1
33,6,993.78,413.29,71.68,155.33,0.6009,-1,-1,-1
33,7,1014.12,207.23,55.40,122.95,0.6739,-1,-1,-1
33,8,414.56,477.75,58.21,143.81,0.7389,-1,-1,-1
33,9,230.26,255.18,60.61,140.42,0.7743,-1,-1,-1
33,14,302.26,160.19,62.50,113.96,0.5649,-1,-1,-1
34,1,132.41,287.67,70.66,152.21,0.7205,-1,-1,-1
34,2,361.75,343.96,61.38,140.96,0.6182,-1,-1,-1
34,5,1099.14,430.89,68.24,142.40,0.6907,-1,-1,-1
34,6,988.61,408.64,71.90,158.22,0.6236,-1,-1,-1
34,7,1011.41,210.67,55.47,117.80,0.7673,-1,-1,-1
34,8,416.80,476.73,59.06,145.13,0.7096,-1,-1,-1
34,9,232.77,256.10,61.35,139.44,0.7551,-1,-1,-1
35,1,132.47,287.63,70.41,153.52,0.7374,-1,-1,-1
35,2,362.97,343.84,59.91,142.09,0.6247,-1,-1,-1
35,4,624.23,306.93,58.70,146.97,0.6344,-1,-1,-1
35,5,1093.94,429.40,66.72,142.78,0.7063,-1,-1,-1
35,6,981.60,406.22,72.78,158.03,0.7130,-1,-1,-1
35,7,1010.73,213.89,55.97,114.09,0.7664,-1,-1,-1
35,8,419.04,476.67,60.07,144.74,0.6739,-1,-1,-1
35,9,233.88,256.91,62.18,137.98,0.7655,-1,-1,-1
36,1,133.01,288.22,69.68,154.20,0.7175,-1,-1,-1
36,2,364.97,342.87,58.57,143.13,0.6183,-1,-1,-1
36,4,625.16,301.73,61.22,153.77,0.5680,-1,-1,-1
36,5,1090.72,427.22,65.70,142.05,0.7201,-1,-1,-1
36,6,976.83,405.56,74.81,157.54,0.6863,-1,-1,-1
36,7,1010.55,214.74,57.71,113.82,0.7945,-1,-1,-1
36,8,420.46,476.47,61.49,144.47,0.7125,-1,-1,-1
36,9,236.23,257.45,63.57,136.59,0.7645,-1,-1,-1
37,1,134.58,288.53,69.12,155.37,0.7403,-1,-1,-1
37,2,368.35,342.82,57.23,143.79,0.6225,-1,-1,-1
37,4,626.13,305.02,60.70,151.14,0.6198,-1,-1,-1
37,5,1084.11,425.32,66.44,141.37,0.7396,-1,-1,-1
37,6,972.03,406.11,75.58,153.95,0.7129,-1,-1,-1
37,7,1010.91,214.10,59.47,114.84,0.7362,-1,-1,-1
37,8,421.77,476.81,62.84,144.12,0.7643,-1,-1,-1
37,9,237.51,256.55,65.87,137.60,0.8195,-1,-1,-1
38,1,137.03,289.13,67.86,153.76,0.7490,-1,-1,-1
38,2,370.94,342.90,55.87,143.96,0.6171,-1,-1,-1
38,5,1077.60,422.79,68.82,142.53,0.7981,-1,-1,-1
38,6,970.07,407.37,76.66,152.38,0.5737,-1,-1,-1
38,7,1011.78,212.53,60.58,115.58,0.6432,-1,-1,-1
38,8,424.03,476.37,64.52,145.28,0.7698,-1,-1,-1
38,9,240.37,258.07,66.59,134.70,0.8283,-1,-1,-1
39,1,138.27,290.93,66.84,151.94,0.8078,-1,-1,-1
39,2,371.40,342.86,55.62,145.57,0.6408,-1,-1,-1
39,4,621.90,313.28,59.22,143.92,0.5525,-1,-1,-1
39,5,1071.46,421.94,71.11,142.33,0.7792,-1,-1,-1
39,6,963.96,407.37,76.56,154.05,0.6208,-1,-1,-1
39,7,1010.85,209.34,59.80,116.75,0.6799,-1,-1,-1
39,8,424.90,475.61,65.24,145.09,0.7605,-1,-1,-1
39,9,244.46,261.29,66.75,131.11,0.7799,-1,-1,-1
40,1,139.58,291.81,65.79,151.46,0.7579,-1,-1,-1
40,2,372.12,343.58,55.00,145.30,0.6107,-1,-1,-1
40,4,615.29,317.30,58.64,141.27,0.6413,-1,-1,-1
40,5,1067.52,421.67,71.65,139.65,0.7613,-1,-1,-1
40,6,960.48,406.99,75.95,155.74,0.6105,-1,-1,-1
40,8,424.20,475.01,65.97,145.59,0.7740,-1,-1,-1
40,9,247.29,262.24,67.08,128.78,0.7478,-1,-1,-1
40,12,673.50,199.07,50.78,131.71,0.6479,-1,-1,-1
41,1,142.08,292.91,65.88,153.08,0.7472,-1,-1,-1
41,2,372.20,344.26,54.65,143.82,0.6927,-1,-1,-1
41,4,613.67,319.76,59.49,140.53,0.7017,-1,-1,-1
41,5,1065.08,421.43,72.14,137.82,0.7768,-1,-1,-1
41,6,958.11,406.79,73.76,155.04,0.5839,-1,-1,-1
41,7,1008.74,204.66,60.64,123.26,0.6270,-1,-1,-1
41,8,423.19,474.35,66.25,146.24,0.7625,-1,-1,-1
41,9,250.95,263.32,68.28,127.40,0.7467,-1,-1,-1
41,12,678.32,203.46,48.72,128.75,0.6822,-1,-1,-1
42,1,147.04,293.89,64.96,151.62,0.7304,-1,-1,-1
42,2,372.09,344.86,54.27,141.82,0.6902,-1,-1,-1
42,4,614.19,321.57,60.49,139.54,0.7198,-1,-1,-1
42,5,1063.41,421.66,71.42,135.34,0.7741,-1,-1,-1
42,6,953.85,403.66,71.21,155.78,0.6493,-1,-1,-1
42,7,1009.07,203.21,59.65,125.41,0.6923,-1,-1,-1
42,8,422.71,473.23,65.82,146.05,0.7063,-1,-1,-1
42,9,252.73,263.49,69.64,127.46,0.6791,-1,-1,-1
42,12,681.79,202.32,47.11,126.93,0.6068,-1,-1,-1
43,1,150.73,295.34,63.86,149.49,0.7785,-1,-1,-1
43,2,371.60,345.35,54.12,140.34,0.6900,-1,-1,-1
43,4,614.98,323.39,61.92,139.47,0.7737,-1,-1,-1
43,5,1060.76,423.31,69.90,134.29,0.8183,-1,-1,-1
43,6,950.54,404.70,69.18,156.23,0.6928,-1,-1,-1
43,7,1009.36,201.24,58.67,127.01,0.6569,-1,-1,-1
43,8,420.77,471.44,65.36,147.13,0.7095,-1,-1,-1
43,9,253.37,263.29,71.16,128.43,0.7271,-1,-1,-1
43,12,687.37,199.11,45.88,125.10,0.5772,-1,-1,-1
44,1,156.84,297.03,63.59,148.81,0.7169,-1,-1,-1
44,2,371.71,345.65,54.60,140.44,0.6314,-1,-1,-1
44,4,617.82,325.22,62.07,137.38,0.7941,-1,-1,-1
44,5,1056.72,422.65,67.28,133.42,0.7497,-1,-1,-1
44,6,945.37,404.39,68.41,156.39,0.7439,-1,-1,-1
44,7,1008.24,203.09,57.10,124.16,0.6121,-1,-1,-1
44,8,414.07,467.41,65.50,152.51,0.5801,-1,-1,-1
44,9,252.41,263.12,72.06,129.64,0.6892,-1,-1,-1
45,1,162.48,297.07,63.65,147.36,0.6833,-1,-1,-1
45,2,372.43,346.37,54.90,140.20,0.6650,-1,-1,-1
45,4,619.38,326.15,62.59,136.67,0.8078,-1,-1,-1
45,5,1054.69,419.42,66.67,137.64,0.6288,-1,-1,-1
45,6,939.75,406.97,67.78,153.34,0.7517,-1,-1,-1
45,7,1004.78,205.82,56.32,121.85,0.6965,-1,-1,-1
45,8,409.52,458.61,67.81,164.01,0.5875,-1,-1,-1
45,9,251.68,263.00,72.47,130.63,0.6921,-1,-1,-1
46,1,162.56,296.98,62.92,146.32,0.5640,-1,-1,-1
46,2,374.81,346.63,56.30,141.83,0.6729,-1,-1,-1
46,4,620.03,325.76,62.07,134.71,0.7684,-1,-1,-1
46,5,1051.60,417.09,65.55,140.64,0.6574,-1,-1,-1
46,6,933.96,404.98,69.79,154.64,0.7473,-1,-1,-1
46,7,1000.76,206.50,57.18,123.11,0.7002,-1,-1,-1
46,8,410.56,462.59,63.60,158.86,0.6583,-1,-1,-1
46,9,250.70,262.71,72.25,131.58,0.6411,-1,-1,-1
47,1,160.17,296.68,62.04,147.60,0.6650,-1,-1,-1
47,2,378.69,346.58,58.26,144.36,0.7818,-1,-1,-1
47,4,619.59,325.58,61.71,134.44,0.7522,-1,-1,-1
47,5,1048.55,414.88,64.17,142.17,0.6382,-1,-1,-1
47,6,929.69,405.37,71.11,152.67,0.7906,-1,-1,-1
47,7,998.95,205.94,58.25,124.87,0.6575,-1,-1,-1
47,8,411.37,465.14,60.98,156.34,0.7332,-1,-1,-1
47,9,250.24,262.40,71.15,132.29,0.5861,-1,-1,-1
48,1,159.48,296.40,60.95,148.80,0.7059,-1,-1,-1
48,2,381.25,347.41,58.71,142.80,0.7675,-1,-1,-1
48,4,619.13,325.60,60.74,134.08,0.7190,-1,-1,-1
48,5,1041.04,416.36,63.57,139.97,0.6598,-1,-1,-1
48,6,926.88,406.03,73.29,151.95,0.8153,-1,-1,-1
48,7,998.96,207.58,59.23,125.24,0.6310,-1,-1,-1
48,8,408.16,465.57,60.76,155.51,0.7602,-1,-1,-1
48,9,250.29,262.56,69.60,132.53,0.6047,-1,-1,-1
49,1,160.31,296.39,59.46,149.30,0.6409,-1,-1,-1
49,2,385.44,348.20,58.88,141.06,0.7173,-1,-1,-1
49,4,621.97,325.27,60.21,134.60,0.7021,-1,-1,-1
49,5,1036.40,415.40,64.62,140.77,0.6948,-1,-1,-1
49,6,924.86,405.78,74.85,151.77,0.8227,-1,-1,-1
49,7,998.02,209.11,59.43,124.08,0.7666,-1,-1,-1
49,8,404.99,465.69,61.91,154.61,0.7706,-1,-1,-1
49,9,252.61,262.86,68.42,134.06,0.7186,-1,-1,-1
50,1,162.41,296.57,57.25,146.85,0.6210,-1,-1,-1
50,2,386.83,346.93,59.84,141.94,0.6992,-1,-1,-1
50,4,624.29,325.46,59.71,135.31,0.7067,-1,-1,-1
50,5,1034.20,414.15,64.95,140.44,0.7032,-1,-1,-1
50,6,923.15,405.55,75.72,151.89,0.7155,-1,-1,-1
50,7,996.41,210.43,59.75,122.77,0.7663,-1,-1,-1
50,8,404.08,464.90,63.51,154.79,0.7543,-1,-1,-1
50,9,254.54,263.44,68.85,139.01,0.6927,-1,-1,-1
51,1,162.79,296.61,56.06,145.32,0.6194,-1,-1,-1
51,2,387.31,345.32,60.57,143.33,0.7206,-1,-1,-1
51,4,625.23,326.26,58.94,134.49,0.6739,-1,-1,-1
51,5,1034.61,415.70,63.01,135.83,0.6590,-1,-1,-1
51,6,920.68,405.45,75.56,151.57,0.6860,-1,-1,-1
51,7,997.33,211.97,59.69,121.91,0.7408,-1,-1,-1
51,8,402.92,463.82,65.54,155.37,0.7714,-1,-1,-1
51,9,257.16,266.31,66.86,138.63,0.7404,-1,-1,-1
52,1,161.62,296.65,56.04,145.43,0.6676,-1,-1,-1
52,2,388.20,342.65,60.95,144.10,0.7153,-1,-1,-1
52,4,625.02,327.25,58.69,133.60,0.7111,-1,-1,-1
52,6,918.41,407.42,73.54,148.93,0.6759,-1,-1,-1
52,7,999.79,212.92,58.87,121.16,0.7282,-1,-1,-1
52,8,403.78,465.02,66.08,153.49,0.7805,-1,-1,-1
52,9,260.24,268.28,65.78,139.41,0.7742,-1,-1,-1
53,1,160.87,297.76,56.57,144.70,0.7167,-1,-1,-1
53,2,388.62,342.30,60.92,144.49,0.6882,-1,-1,-1
53,4,625.33,328.03,58.83,133.38,0.7145,-1,-1,-1
53,5,1032.20,417.16,58.70,129.12,0.5509,-1,-1,-1
53,6,914.65,409.23,71.48,147.91,0.6473,-1,-1,-1
53,7,1001.92,213.77,57.36,120.48,0.6828,-1,-1,-1
53,8,404.30,466.42,66.15,151.21,0.7735,-1,-1,-1
53,9,264.04,270.04,64.44,138.96,0.7508,-1,-1,-1
54,1,163.39,298.02,57.44,144.16,0.7590,-1,-1,-1
54,2,390.46,343.38,60.91,145.43,0.8108,-1,-1,-1
54,4,627.71,329.52,58.43,132.12,0.6720,-1,-1,-1
54,5,1026.18,415.45,59.44,134.82,0.5632,-1,-1,-1
54,7,1002.50,214.20,56.42,122.05,0.6733,-1,-1,-1
54,8,403.95,468.05,65.28,149.39,0.7381,-1,-1,-1
54,9,267.66,271.19,63.19,137.87,0.7731,-1,-1,-1
55,1,165.45,298.64,58.31,143.22,0.7944,-1,-1,-1
55,2,391.62,343.44,60.33,145.15,0.8148,-1,-1,-1
55,4,630.61,329.78,58.14,130.60,0.6925,-1,-1,-1
55,7,1003.29,213.40,55.45,123.12,0.6669,-1,-1,-1
55,8,403.10,467.19,64.48,149.14,0.7348,-1,-1,-1
55,9,270.54,272.01,62.22,138.14,0.7551,-1,-1,-1
56,1,168.16,299.01,59.33,143.25,0.8004,-1,-1,-1
56,2,392.52,344.44,59.33,143.79,0.7971,-1,-1,-1
56,4,633.06,330.18,58.59,130.50,0.6907,-1,-1,-1
56,7,1003.97,213.81,55.00,125.21,0.6552,-1,-1,-1
56,8,401.93,466.01,63.33,148.69,0.7169,-1,-1,-1
56,9,273.24,272.72,61.03,137.92,0.7593,-1,-1,-1
57,1,170.17,299.06,60.57,143.96,0.8185,-1,-1,-1
57,2,394.34,346.85,57.74,140.83,0.7353,-1,-1,-1
57,4,636.22,330.06,60.99,133.79,0.6906,-1,-1,-1
57,5,1013.51,412.73,61.59,139.89,0.5759,-1,-1,-1
57,6,892.87,409.68,70.08,145.57,0.5723,-1,-1,-1
57,7,1003.83,214.75,54.91,127.70,0.6762,-1,-1,-1
57,8,399.35,464.65,62.08,148.92,0.6824,-1,-1,-1
57,9,277.35,273.80,60.62,138.25,0.7268,-1,-1,-1
58,1,172.16,299.07,61.62,144.40,0.8017,-1,-1,-1
58,2,395.95,349.48,56.32,137.31,0.7186,-1,-1,-1
58,4,639.65,329.85,62.69,135.96,0.7474,-1,-1,-1
58,5,1008.45,414.79,61.86,138.37,0.6389,-1,-1,-1
58,6,886.52,405.02,73.32,151.34,0.7081,-1,-1,-1
58,7,1003.97,216.25,53.89,127.86,0.6657,-1,-1,-1
58,8,396.95,463.43,60.99,149.25,0.6873,-1,-1,-1
58,9,279.70,275.02,59.40,135.95,0.7295,-1,-1,-1
59,1,176.56,299.00,62.10,144.40,0.7659,-1,-1,-1
59,2,394.98,352.27,57.46,139.55,0.7169,-1,-1,-1
59,4,645.29,331.86,63.97,135.92,0.7300,-1,-1,-1
59,5,1004.11,415.16,63.91,138.53,0.6951,-1,-1,-1
59,6,882.14,404.92,75.35,151.51,0.7841,-1,-1,-1
59,7,1004.23,220.56,52.02,124.54,0.7717,-1,-1,-1
59,8,393.65,460.82,60.84,151.42,0.6869,-1,-1,-1
59,9,282.29,276.39,58.38,134.30,0.7846,-1,-1,-1
60,1,180.15,298.13,62.77,145.43,0.7558,-1,-1,-1
60,2,398.24,354.89,55.40,133.83,0.7582,-1,-1,-1
60,4,649.84,333.37,65.87,137.48,0.6767,-1,-1,-1
60,5,1003.63,417.93,64.60,135.95,0.7589,-1,-1,-1
60,6,880.54,404.68,76.67,150.41,0.8319,-1,-1,-1
60,7,1007.07,224.56,49.53,118.87,0.7336,-1,-1,-1
60,8,392.58,462.99,59.48,149.30,0.7102,-1,-1,-1
60,9,284.03,277.00,57.50,132.95,0.7843,-1,-1,-1
61,1,182.36,297.76,63.16,146.22,0.7441,-1,-1,-1
61,2,397.94,356.75,56.12,133.76,0.6562,-1,-1,-1
61,4,652.24,334.07,68.12,139.74,0.7344,-1,-1,-1
61,5,1003.83,421.31,64.84,132.84,0.7834,-1,-1,-1
61,6,879.11,403.76,77.99,150.14,0.8488,-1,-1,-1
61,7,1007.24,224.78,50.41,121.54,0.7126,-1,-1,-1
61,8,391.88,463.01,59.65,150.15,0.6547,-1,-1,-1
61,9,285.09,277.51,57.10,132.56,0.7500,-1,-1,-1
62,1,184.05,297.75,62.77,145.06,0.7176,-1,-1,-1
62,2,396.70,358.44,57.08,133.22,0.6718,-1,-1,-1
62,4,655.36,335.82,69.26,140.19,0.7582,-1,-1,-1
62,5,1004.11,422.85,65.73,131.67,0.7983,-1,-1,-1
62,6,878.53,402.82,79.14,150.80,0.8626,-1,-1,-1
62,7,1007.88,225.94,50.29,121.67,0.7328,-1,-1,-1
62,8,389.40,460.37,61.22,152.75,0.6221,-1,-1,-1
62,9,286.17,277.50,56.45,131.19,0.7605,-1,-1,-1
63,1,185.17,298.18,62.22,144.08,0.6581,-1,-1,-1
63,2,396.73,359.40,57.83,132.57,0.6120,-1,-1,-1
63,4,658.68,337.77,68.99,138.05,0.7329,-1,-1,-1
63,5,1003.91,423.93,66.68,131.63,0.8078,-1,-1,-1
63,6,876.69,401.08,78.84,150.68,0.7877,-1,-1,-1
63,7,1009.14,227.36,50.01,121.16,0.7224,-1,-1,-1
63,8,387.49,460.77,61.95,151.60,0.6595,-1,-1,-1
63,9,286.16,277.87,56.73,130.81,0.7437,-1,-1,-1
64,1,185.29,298.92,60.47,144.56,0.7081,-1,-1,-1
64,2,397.74,359.71,58.50,130.90,0.6898,-1,-1,-1
64,4,668.87,340.25,66.78,134.40,0.7165,-1,-1,-1
64,5,1003.54,417.90,68.80,137.16,0.7714,-1,-1,-1
64,6,871.17,399.36,76.56,149.16,0.7767,-1,-1,-1
64,7,1011.65,227.64,50.05,121.21,0.7621,-1,-1,-1
64,8,388.38,461.22,62.88,150.64,0.7610,-1,-1,-1
64,9,286.11,278.11,57.17,130.73,0.8097,-1,-1,-1
65,1,185.62,297.13,59.58,147.72,0.6945,-1,-1,-1
65,2,399.67,360.38,57.85,126.20,0.6436,-1,-1,-1
65,4,675.08,341.44,65.86,133.59,0.6987,-1,-1,-1
65,5,1002.56,416.45,68.58,139.01,0.7203,-1,-1,-1
65,6,866.90,397.07,74.70,149.43,0.7186,-1,-1,-1
65,7,1013.13,226.36,51.03,123.05,0.7189,-1,-1,-1
65,8,389.98,461.69,63.80,149.61,0.7571,-1,-1,-1
65,9,287.02,278.39,57.94,131.13,0.8142,-1,-1,-1
66,1,186.77,295.20,58.66,150.99,0.6657,-1,-1,-1
66,2,403.21,360.41,58.92,126.45,0.6646,-1,-1,-1
66,4,679.65,342.39,64.63,132.91,0.6202,-1,-1,-1
66,5,1002.76,421.05,64.61,134.70,0.6511,-1,-1,-1
66,6,865.88,395.07,72.31,149.99,0.7587,-1,-1,-1
66,7,1012.77,224.72,52.15,125.76,0.8101,-1,-1,-1
66,8,391.40,462.28,64.41,148.39,0.7680,-1,-1,-1
66,9,287.96,278.58,59.12,132.90,0.7905,-1,-1,-1
67,1,188.48,296.69,56.28,150.18,0.6659,-1,-1,-1
67,2,405.90,360.85,59.33,125.74,0.6635,-1,-1,-1
67,4,683.21,342.91,63.19,132.28,0.6822,-1,-1,-1
67,5,1003.39,422.61,61.41,132.55,0.6439,-1,-1,-1
67,6,865.17,394.15,69.86,150.43,0.7952,-1,-1,-1
67,7,1012.88,224.44,52.87,127.18,0.8101,-1,-1,-1
67,8,392.90,461.28,65.53,149.13,0.7914,-1,-1,-1
67,9,289.01,278.67,60.05,134.14,0.7764,-1,-1,-1
68,1,191.32,300.40,53.35,146.62,0.6587,-1,-1,-1
68,2,407.88,361.78,59.24,124.67,0.7406,-1,-1,-1
68,4,687.01,343.04,62.04,132.40,0.6857,-1,-1,-1
68,5,1003.47,423.79,59.55,132.60,0.6954,-1,-1,-1
68,6,864.71,393.84,67.19,149.42,0.7707,-1,-1,-1
68,7,1016.19,225.58,51.91,125.74,0.8002,-1,-1,-1
68,8,393.50,460.57,66.12,149.39,0.7898,-1,-1,-1
68,9,290.90,278.87,60.50,134.74,0.7677,-1,-1,-1
68,17,787.40,235.08,60.45,111.06,0.5714,-1,-1,-1
69,1,194.45,301.81,51.80,145.38,0.7129,-1,-1,-1
69,2,408.32,362.03,60.10,126.44,0.7631,-1,-1,-1
69,4,690.91,343.63,60.55,131.78,0.6133,-1,-1,-1
69,5,1002.23,424.10,58.21,131.88,0.7161,-1,-1,-1
69,6,862.03,394.06,65.24,148.12,0.7279,-1,-1,-1
69,7,1018.07,227.09,50.93,124.22,0.7684,-1,-1,-1
69,8,392.64,460.26,66.30,149.61,0.7933,-1,-1,-1
69,9,292.42,279.09,60.76,134.96,0.7560,-1,-1,-1
69,17,790.77,236.44,59.67,109.41,0.5558,-1,-1,-1
69,18,401.03,125.12,53.26,157.48,0.5866,-1,-1,-1
70,1,198.54,298.50,51.75,148.10,0.6423,-1,-1,-1
70,2,409.14,362.62,60.13,127.74,0.7270,-1,-1,-1
70,4,697.71,344.27,59.40,130.55,0.6680,-1,-1,-1
70,5,995.66,425.45,58.47,131.33,0.7390,-1,-1,-1
70,6,855.54,394.98,65.40,147.10,0.7109,-1,-1,-1
70,7,1019.94,227.72,50.47,124.13,0.7574,-1,-1,-1
70,8,390.71,460.26,65.43,148.87,0.7534,-1,-1,-1
70,9,295.29,279.89,60.48,133.94,0.7508,-1,-1,-1
70,17,797.23,238.82,58.90,107.58,0.5632,-1,-1,-1
70,18,401.96,128.61,52.72,155.23,0.6436,-1,-1,-1
71,1,202.37,297.81,51.43,149.41,0.6804,-1,-1,-1
71,2,409.55,363.15,59.59,128.34,0.6893,-1,-1,-1
71,4,703.65,344.23,58.96,129.48,0.7241,-1,-1,-1
71,5,990.21,426.67,59.46,131.01,0.7475,-1,-1,-1
71,6,848.94,395.30,67.21,146.27,0.7723,-1,-1,-1
71,7,1021.69,228.51,48.85,121.09,0.7266,-1,-1,-1
71,8,388.58,459.73,64.35,148.58,0.7226,-1,-1,-1
71,9,296.89,280.43,60.56,133.54,0.7565,-1,-1,-1
71,17,800.34,238.63,59.00,107.45,0.5817,-1,-1,-1
71,18,402.79,129.12,53.03,155.02,0.6751,-1,-1,-1
72,1,205.62,297.51,50.80,149.25,0.6741,-1,-1,-1
72,2,408.80,362.51,59.70,130.12,0.6857,-1,-1,-1
72,4,708.92,344.25,59.42,129.40,0.7446,-1,-1,-1
72,5,987.03,429.46,60.27,129.75,0.7514,-1,-1,-1
72,6,846.05,395.81,69.31,145.66,0.7884,-1,-1,-1
72,7,1022.10,229.29,48.45,120.81,0.7079,-1,-1,-1
72,8,386.46,459.12,63.40,149.62,0.7031,-1,-1,-1
72,9,298.26,280.98,60.51,132.96,0.7153,-1,-1,-1
72,17,803.26,239.56,58.74,106.63,0.5643,-1,-1,-1
72,18,403.44,129.65,53.66,155.25,0.6692,-1,-1,-1
73,1,207.58,296.88,50.46,149.74,0.6765,-1,-1,-1
73,2,408.48,362.51,59.53,130.95,0.7115,-1,-1,-1
73,4,712.94,345.58,59.58,128.34,0.7898,-1,-1,-1
73,5,986.39,432.18,61.09,128.60,0.7724,-1,-1,-1
73,6,845.14,396.16,71.21,145.46,0.8081,-1,-1,-1
73,7,1021.79,229.61,48.56,121.28,0.6951,-1,-1,-1
73,8,384.91,459.92,60.33,146.01,0.7253,-1,-1,-1
73,9,298.74,281.21,60.73,133.06,0.7090,-1,-1,-1
73,18,404.86,129.31,54.46,155.80,0.6782,-1,-1,-1
74,1,209.79,296.36,50.40,150.52,0.6790,-1,-1,-1
74,2,408.68,362.93,58.85,130.50,0.6866,-1,-1,-1
74,4,715.45,347.05,59.73,127.19,0.7820,-1,-1,-1
74,5,986.24,431.22,62.72,129.81,0.7506,-1,-1,-1
74,6,844.77,396.44,72.86,145.36,0.8121,-1,-1,-1
74,7,1020.55,228.39,49.57,123.96,0.5517,-1,-1,-1
74,8,383.12,459.36,59.89,148.76,0.7152,-1,-1,-1
74,9,298.89,281.36,60.90,133.27,0.6668,-1,-1,-1
74,18,405.95,130.47,54.68,154.55,0.6699,-1,-1,-1
75,1,214.24,296.10,50.17,150.29,0.7062,-1,-1,-1
75,2,408.71,364.26,59.01,131.40,0.7310,-1,-1,-1
75,4,718.77,348.41,59.76,125.85,0.7409,-1,-1,-1
75,5,986.09,432.28,64.35,130.54,0.7694,-1,-1,-1
75,6,843.13,395.57,74.10,146.44,0.7782,-1,-1,-1
75,8,383.38,459.01,59.33,150.02,0.7441,-1,-1,-1
75,9,298.47,281.50,60.77,132.94,0.5710,-1,-1,-1
75,18,407.73,131.73,55.06,153.59,0.6410,-1,-1,-1
76,1,216.96,297.20,50.11,150.45,0.7039,-1,-1,-1
76,2,409.55,365.33,58.64,131.25,0.7493,-1,-1,-1
76,4,721.02,348.80,60.09,125.24,0.7677,-1,-1,-1
76,5,986.33,432.87,65.49,131.01,0.7067,-1,-1,-1
76,6,841.29,393.91,73.55,145.75,0.7166,-1,-1,-1
76,7,1021.51,230.92,50.65,127.56,0.5960,-1,-1,-1
76,8,384.17,459.36,58.24,149.11,0.7547,-1,-1,-1
76,9,298.58,281.74,61.14,134.27,0.6739,-1,-1,-1
76,18,408.73,133.18,55.33,152.42,0.6328,-1,-1,-1
77,1,218.75,299.17,48.68,147.39,0.7331,-1,-1,-1
77,2,410.60,366.04,58.27,131.10,0.7602,-1,-1,-1
77,4,723.23,348.57,60.82,125.62,0.7673,-1,-1,-1
77,5,984.65,432.27,66.18,132.33,0.6859,-1,-1,-1
77,6,839.37,392.67,72.69,146.39,0.7055,-1,-1,-1
77,7,1022.02,231.34,51.60,131.25,0.6082,-1,-1,-1
77,8,384.25,459.41,57.18,146.94,0.7485,-1,-1,-1
77,9,298.16,281.56,61.94,136.79,0.7619,-1,-1,-1
77,18,408.34,130.88,56.53,154.79,0.6310,-1,-1,-1
78,1,221.01,300.91,47.28,145.16,0.7336,-1,-1,-1
78,2,412.13,366.47,57.83,130.66,0.7730,-1,-1,-1
78,4,724.64,349.04,61.32,125.46,0.7413,-1,-1,-1
78,5,983.58,434.37,64.45,130.09,0.6728,-1,-1,-1
78,6,836.79,391.99,70.98,147.50,0.6549,-1,-1,-1
78,7,1022.79,231.47,51.01,131.05,0.5756,-1,-1,-1
78,8,382.13,458.85,57.86,148.33,0.7387,-1,-1,-1
78,9,298.21,281.29,62.58,138.63,0.8016,-1,-1,-1
78,18,408.23,134.43,55.38,151.17,0.5820,-1,-1,-1
79,1,223.31,301.81,46.39,144.56,0.7303,-1,-1,-1
79,2,412.84,366.92,57.71,130.69,0.7520,-1,-1,-1
79,4,726.38,347.72,62.41,126.27,0.7567,-1,-1,-1
79,5,984.41,435.69,62.80,129.89,0.7080,-1,-1,-1
79,6,834.38,390.59,67.23,146.02,0.6480,-1,-1,-1
79,7,1025.18,230.65,50.57,130.81,0.5710,-1,-1,-1
79,8,379.79,458.93,58.18,147.85,0.7366,-1,-1,-1
79,9,298.70,281.31,62.63,139.14,0.7559,-1,-1,-1
79,18,409.30,144.97,51.56,140.02,0.5524,-1,-1,-1
80,1,225.99,300.70,45.70,144.81,0.7022,-1,-1,-1
80,2,413.44,367.81,57.96,130.28,0.7312,-1,-1,-1
80,4,729.79,346.88,63.87,127.08,0.7586,-1,-1,-1
80,5,979.92,434.97,64.33,135.27,0.7197,-1,-1,-1
80,6,829.47,389.38,65.23,147.32,0.7117,-1,-1,-1
80,8,378.53,458.29,58.87,148.24,0.7252,-1,-1,-1
80,9,299.54,282.71,62.62,138.57,0.6444,-1,-1,-1
81,1,228.13,300.99,44.87,144.35,0.6743,-1,-1,-1
81,2,414.09,368.06,58.66,129.51,0.7524,-1,-1,-1
81,4,731.68,346.06,65.32,127.83,0.7320,-1,-1,-1
81,5,976.68,434.63,65.75,139.90,0.6536,-1,-1,-1
81,6,825.72,389.68,63.53,147.66,0.6568,-1,-1,-1
81,8,378.28,457.10,59.57,149.00,0.7200,-1,-1,-1
81,9,300.61,283.07,63.34,139.16,0.6539,-1,-1,-1
81,18,409.15,133.66,54.65,150.26,0.5516,-1,-1,-1
82,1,230.02,301.67,44.03,143.91,0.6825,-1,-1,-1
82,2,414.48,368.34,59.15,127.67,0.8002,-1,-1,-1
82,4,732.71,345.25,66.65,128.44,0.6898,-1,-1,-1
82,5,978.98,434.64,66.05,144.20,0.6002,-1,-1,-1
82,6,820.34,389.91,63.37,148.65,0.6108,-1,-1,-1
82,7,1030.19,230.66,50.18,129.95,0.6482,-1,-1,-1
82,8,378.02,455.90,60.01,149.47,0.6872,-1,-1,-1
82,9,300.82,284.12,64.12,138.80,0.6639,-1,-1,-1
83,1,232.56,302.05,43.23,144.02,0.7229,-1,-1,-1
83,2,414.50,368.52,59.71,126.05,0.8002,-1,-1,-1
83,4,732.52,346.01,66.95,127.65,0.6669,-1,-1,-1
83,5,978.38,437.34,65.34,145.07,0.6058,-1,-1,-1
83,6,814.69,390.17,63.74,148.44,0.7187,-1,-1,-1
83,7,1033.21,231.55,50.15,129.17,0.6652,-1,-1,-1
83,8,376.94,455.47,59.23,148.44,0.7141,-1,-1,-1
83,9,301.51,285.38,64.69,138.22,0.7050,-1,-1,-1
84,1,234.87,301.74,42.50,144.59,0.6323,-1,-1,-1
84,2,413.72,368.18,60.66,125.53,0.7875,-1,-1,-1
84,4,732.45,345.89,67.67,127.73,0.7076,-1,-1,-1
84,5,978.04,443.82,63.44,141.42,0.6091,-1,-1,-1
84,6,810.65,389.82,64.78,148.02,0.6892,-1,-1,-1
84,7,1036.50,234.23,49.73,127.57,0.6587,-1,-1,-1
84,8,375.17,454.73,58.79,148.60,0.7405,-1,-1,-1
84,9,302.27,286.80,65.15,137.54,0.6446,-1,-1,-1
85,1,238.24,301.00,41.90,144.26,0.6060,-1,-1,-1
85,2,409.91,367.61,62.50,127.14,0.7174,-1,-1,-1
85,4,732.17,344.57,68.80,128.60,0.7814,-1,-1,-1
85,5,975.87,444.41,64.53,144.37,0.6557,-1,-1,-1
85,6,807.99,388.43,66.54,148.46,0.7948,-1,-1,-1
85,7,1039.27,233.57,51.10,129.41,0.6388,-1,-1,-1
85,8,372.70,453.69,57.93,147.60,0.7091,-1,-1,-1
86,1,240.35,300.43,41.26,145.28,0.6264,-1,-1,-1
86,2,406.12,367.41,63.66,128.44,0.7129,-1,-1,-1
86,4,732.18,344.34,69.40,128.38,0.7787,-1,-1,-1
86,5,975.66,445.71,64.50,145.02,0.6341,-1,-1,-1
86,6,805.98,387.49,68.26,148.64,0.7843,-1,-1,-1
86,7,1041.21,236.88,50.65,128.24,0.6352,-1,-1,-1
86,8,370.68,453.70,57.00,145.50,0.7250,-1,-1,-1
87,1,242.86,299.72,41.14,146.37,0.6273,-1,-1,-1
87,2,402.48,366.54,64.85,130.86,0.6554,-1,-1,-1
87,4,732.12,344.26,69.83,127.94,0.7872,-1,-1,-1
87,5,976.07,447.10,64.13,145.20,0.6737,-1,-1,-1
87,6,804.14,386.19,69.65,149.44,0.7652,-1,-1,-1
87,7,1043.15,233.36,53.62,134.34,0.6668,-1,-1,-1
87,8,368.34,452.99,56.99,145.92,0.7416,-1,-1,-1
88,1,244.79,298.50,40.91,146.98,0.6540,-1,-1,-1
88,2,398.42,366.32,65.40,132.10,0.6201,-1,-1,-1
88,4,731.80,344.05,70.25,127.73,0.7980,-1,-1,-1
88,5,976.65,448.24,63.09,144.94,0.6940,-1,-1,-1
88,6,801.93,385.22,70.99,151.22,0.7792,-1,-1,-1
88,7,1045.48,233.41,54.66,135.08,0.6844,-1,-1,-1
88,8,364.80,452.35,57.32,147.86,0.7058,-1,-1,-1
88,9,313.80,288.21,61.68,134.14,0.5718,-1,-1,-1
89,1,246.87,301.06,39.75,143.93,0.6559,-1,-1,-1
89,2,395.09,366.17,66.50,134.84,0.6386,-1,-1,-1
89,4,731.53,343.73,70.94,127.75,0.7785,-1,-1,-1
89,5,971.52,447.13,63.85,145.19,0.6843,-1,-1,-1
89,6,800.16,384.61,70.20,149.57,0.7143,-1,-1,-1
89,7,1047.54,234.66,54.92,133.94,0.6646,-1,-1,-1
89,8,362.05,452.00,57.08,148.03,0.7323,-1,-1,-1
89,9,315.47,288.26,60.31,135.24,0.5860,-1,-1,-1
90,1,250.78,302.31,39.02,142.53,0.7313,-1,-1,-1
90,2,392.23,366.12,67.29,137.23,0.6673,-1,-1,-1
90,4,731.35,344.00,71.04,126.82,0.7309,-1,-1,-1
90,5,969.66,448.59,63.47,144.09,0.7850,-1,-1,-1
90,6,795.98,382.42,67.29,147.53,0.6045,-1,-1,-1
90,7,1048.99,236.71,54.46,132.26,0.6811,-1,-1,-1
90,8,357.87,451.28,57.36,148.99,0.7629,-1,-1,-1
90,9,315.66,287.69,58.94,135.07,0.6471,-1,-1,-1
91,1,253.33,302.31,38.59,142.09,0.6506,-1,-1,-1
91,2,390.05,366.55,68.25,140.03,0.6692,-1,-1,-1
91,4,731.11,344.25,71.10,126.15,0.7035,-1,-1,-1
91,5,971.82,448.95,62.57,143.97,0.7780,-1,-1,-1
91,6,791.89,380.58,64.18,145.88,0.6958,-1,-1,-1
91,7,1051.13,242.22,53.21,127.91,0.6635,-1,-1,-1
91,8,355.07,450.63,57.70,149.40,0.7709,-1,-1,-1
91,9,315.47,287.65,58.74,136.54,0.6597,-1,-1,-1
92,1,261.09,300.08,40.82,144.60,0.6251,-1,-1,-1
92,2,388.57,367.18,68.49,141.17,0.6624,-1,-1,-1
92,4,730.43,344.25,71.23,126.06,0.7287,-1,-1,-1
92,5,974.29,449.73,61.04,143.40,0.7380,-1,-1,-1
92,6,788.65,379.60,62.27,146.76,0.6768,-1,-1,-1
92,7,1053.64,244.64,52.18,124.54,0.6510,-1,-1,-1
92,8,353.71,449.92,58.12,149.57,0.7880,-1,-1,-1
92,9,317.13,289.81,58.20,136.39,0.7138,-1,-1,-1
92,17,872.52,252.81,58.84,111.96,0.6092,-1,-1,-1
93,1,261.29,299.07,41.49,146.30,0.6719,-1,-1,-1
93,2,388.24,368.12,68.11,140.97,0.6698,-1,-1,-1
93,4,730.08,343.80,71.42,127.00,0.7220,-1,-1,-1
93,5,975.67,449.51,59.80,143.71,0.7064,-1,-1,-1
93,6,783.56,379.21,61.05,146.96,0.6859,-1,-1,-1
93,7,1055.28,245.01,52.94,124.81,0.6460,-1,-1,-1
93,8,352.81,448.51,58.88,150.32,0.7490,-1,-1,-1
93,9,317.27,291.28,57.54,134.59,0.7172,-1,-1,-1
93,17,876.21,253.69,57.30,112.12,0.7059,-1,-1,-1
94,1,261.43,298.63,41.23,145.58,0.6627,-1,-1,-1
94,2,389.76,370.85,65.64,136.05,0.6512,-1,-1,-1
94,4,730.36,343.60,70.62,126.57,0.7048,-1,-1,-1
94,5,976.08,449.46,58.54,143.67,0.7086,-1,-1,-1
94,6,779.89,379.06,59.91,146.36,0.7236,-1,-1,-1
94,7,1057.08,245.18,53.78,125.63,0.6703,-1,-1,-1
94,8,353.58,447.19,59.89,150.91,0.7355,-1,-1,-1
94,9,317.36,292.53,57.15,133.80,0.6980,-1,-1,-1
94,17,879.99,253.72,57.23,112.75,0.7643,-1,-1,-1
94,18,428.38,180.08,39.00,107.04,0.5661,-1,-1,-1
95,1,265.91,299.93,41.38,143.62,0.5872,-1,-1,-1
95,2,394.08,372.68,63.56,133.17,0.6601,-1,-1,-1
95,4,729.28,343.52,69.45,126.19,0.6453,-1,-1,-1
95,5,972.65,452.24,57.21,140.61,0.6817,-1,-1,-1
95,6,771.47,379.40,60.95,145.39,0.7647,-1,-1,-1
95,7,1059.61,242.53,55.68,130.84,0.6756,-1,-1,-1
95,8,355.14,447.14,60.44,149.88,0.7792,-1,-1,-1
95,9,319.54,291.13,57.10,134.46,0.6362,-1,-1,-1
95,17,884.03,256.48,56.56,111.08,0.7416,-1,-1,-1
96,1,270.25,300.45,42.38,141.68,0.6345,-1,-1,-1
96,2,395.92,373.69,62.44,132.02,0.6618,-1,-1,-1
96,4,728.80,343.48,68.55,126.00,0.6410,-1,-1,-1
96,5,969.87,454.88,57.03,139.47,0.6764,-1,-1,-1
96,6,766.11,380.29,62.75,144.66,0.7696,-1,-1,-1
96,7,1064.15,249.26,53.31,125.05,0.6485,-1,-1,-1
96,8,354.15,445.20,61.49,149.88,0.7312,-1,-1,-1
96,9,321.91,293.66,56.21,131.65,0.7282,-1,-1,-1
96,17,887.33,257.64,56.08,110.08,0.7109,-1,-1,-1
97,1,271.36,300.06,43.44,142.18,0.6639,-1,-1,-1
97,2,396.97,373.68,61.66,131.45,0.6813,-1,-1,-1
97,4,727.40,343.12,67.80,125.83,0.6086,-1,-1,-1
97,5,967.19,456.68,57.97,140.37,0.7024,-1,-1,-1
97,6,764.29,381.98,63.79,141.97,0.7752,-1,-1,-1
97,7,1067.92,252.70,51.81,122.11,0.6893,-1,-1,-1
97,8,352.95,444.74,62.32,149.22,0.7408,-1,-1,-1
97,9,322.60,294.53,56.05,130.08,0.7010,-1,-1,-1
97,17,890.27,259.46,55.57,108.47,0.6825,-1,-1,-1
98,1,273.56,299.88,43.43,140.11,0.6554,-1,-1,-1
98,2,397.76,373.66,61.82,132.65,0.7298,-1,-1,-1
98,4,728.49,342.78,66.59,125.49,0.5635,-1,-1,-1
98,5,966.07,457.56,58.65,141.13,0.7319,-1,-1,-1
98,6,762.60,382.34,65.62,140.85,0.8090,-1,-1,-1
98,7,1069.50,251.97,51.65,123.02,0.6911,-1,-1,-1
98,8,351.62,444.31,63.32,149.24,0.7424,-1,-1,-1
98,9,322.48,295.26,56.68,130.01,0.6786,-1,-1,-1
98,17,893.30,260.70,55.34,107.86,0.6401,-1,-1,-1
98,18,436.91,183.91,39.67,109.59,0.5650,-1,-1,-1
99,1,275.38,295.87,45.24,144.12,0.6414,-1,-1,-1
99,2,398.79,373.58,61.83,133.52,0.7654,-1,-1,-1
99,4,729.26,342.89,65.17,126.24,0.5547,-1,-1,-1
99,5,966.36,458.99,58.79,141.04,0.6988,-1,-1,-1
99,6,761.34,383.31,67.05,138.96,0.8209,-1,-1,-1
99,7,1069.86,248.60,53.17,128.89,0.6910,-1,-1,-1
99,8,350.42,445.26,63.86,148.33,0.7184,-1,-1,-1
99,9,322.10,295.51,57.49,129.99,0.7019,-1,-1,-1
99,17,897.56,262.58,54.26,105.94,0.6204,-1,-1,-1
100,1,279.41,299.01,45.37,139.78,0.6938,-1,-1,-1
100,2,399.42,373.88,62.44,135.99,0.6805,-1,-1,-1
100,5,967.16,460.31,58.65,140.39,0.7196,-1,-1,-1
100,6,759.10,380.80,69.06,139.98,0.8466,-1,-1,-1
100,7,1072.79,252.22,52.18,128.54,0.6470,-1,-1,-1
100,8,343.95,444.74,64.40,148.54,0.7060,-1,-1,-1
100,17,904.12,264.26,53.78,105.54,0.5521,-1,-1,-1
101,1,281.51,300.44,45.95,136.95,0.6321,-1,-1,-1
101,2,399.50,374.06,62.34,136.99,0.6519,-1,-1,-1
101,5,967.85,461.47,58.42,139.75,0.6755,-1,-1,-1
101,6,757.33,378.79,69.67,139.81,0.8054,-1,-1,-1
101,7,1072.02,253.78,52.24,129.23,0.6925,-1,-1,-1
101,8,340.08,443.06,64.29,148.25,0.7590,-1,-1,-1
101,17,910.16,264.31,52.72,104.92,0.6101,-1,-1,-1
102,1,282.09,300.44,47.63,137.92,0.6335,-1,-1,-1
102,2,399.19,373.78,62.22,137.40,0.5883,-1,-1,-1
102,5,968.45,461.99,58.43,140.01,0.6846,-1,-1,-1
102,6,753.82,374.25,70.52,142.37,0.7105,-1,-1,-1
102,7,1070.98,253.25,52.13,128.48,0.6813,-1,-1,-1
102,8,338.33,441.64,63.96,148.08,0.7282,-1,-1,-1
102,9,328.56,295.29,55.52,125.83,0.5564,-1,-1,-1
102,17,913.61,263.90,52.48,105.37,0.6240,-1,-1,-1
103,1,284.01,301.80,48.21,136.38,0.6141,-1,-1,-1
103,2,397.79,373.70,61.41,136.48,0.5678,-1,-1,-1
103,5,970.62,463.01,57.54,138.72,0.7111,-1,-1,-1
103,6,750.06,369.37,71.16,146.01,0.7195,-1,-1,-1
103,7,1069.37,255.40,53.09,129.73,0.7303,-1,-1,-1
103,8,336.97,441.30,64.36,150.13,0.7439,-1,-1,-1
103,17,917.03,265.02,51.42,103.83,0.6329,-1,-1,-1
104,1,285.22,303.10,48.91,134.82,0.6384,-1,-1,-1
104,2,395.48,374.04,61.16,137.29,0.5935,-1,-1,-1
104,5,971.72,463.61,57.31,139.07,0.7094,-1,-1,-1
104,6,747.03,367.68,69.97,148.13,0.7040,-1,-1,-1
104,7,1071.47,255.83,53.13,129.49,0.7365,-1,-1,-1
104,8,336.73,440.93,64.26,151.17,0.7284,-1,-1,-1
104,17,919.37,266.63,50.26,102.27,0.6463,-1,-1,-1
105,1,289.16,302.21,50.84,136.07,0.6177,-1,-1,-1
105,2,394.94,374.60,60.57,137.34,0.6237,-1,-1,-1
105,5,971.80,464.70,58.75,144.89,0.6712,-1,-1,-1
105,6,743.63,365.81,68.04,149.51,0.6305,-1,-1,-1
105,7,1077.60,255.26,52.83,130.66,0.7654,-1,-1,-1
105,8,337.48,441.38,62.78,147.56,0.6853,-1,-1,-1
105,17,923.35,269.40,52.54,108.61,0.5564,-1,-1,-1
105,18,443.42,176.52,45.13,126.07,0.5991,-1,-1,-1
106,2,394.13,374.97,59.85,137.03,0.5923,-1,-1,-1
106,5,972.31,465.24,59.01,148.40,0.6618,-1,-1,-1
106,6,738.36,364.05,67.11,150.89,0.6358,-1,-1,-1
106,7,1081.62,253.54,52.51,131.89,0.7397,-1,-1,-1
106,8,338.09,441.33,61.76,145.00,0.7164,-1,-1,-1
106,17,926.38,271.44,52.23,109.39,0.6059,-1,-1,-1
107,2,392.68,375.52,59.45,137.10,0.5928,-1,-1,-1
107,5,973.11,466.45,58.38,149.87,0.6608,-1,-1,-1
107,6,735.91,363.69,65.16,149.95,0.6027,-1,-1,-1
107,7,1085.97,257.05,50.69,128.56,0.7198,-1,-1,-1
107,8,337.40,440.93,61.99,143.90,0.6932,-1,-1,-1
107,17,927.82,273.14,52.06,110.65,0.6136,-1,-1,-1
108,2,390.23,375.28,59.69,137.85,0.6111,-1,-1,-1
108,5,973.30,468.28,57.19,149.58,0.6517,-1,-1,-1
108,6,733.03,362.80,64.48,151.26,0.5779,-1,-1,-1
108,7,1088.47,259.22,49.50,126.32,0.7193,-1,-1,-1
108,8,333.49,439.60,63.59,147.41,0.5598,-1,-1,-1
108,17,929.31,274.48,52.04,111.73,0.6479,-1,-1,-1
109,2,388.11,374.67,59.43,137.35,0.6205,-1,-1,-1
109,5,973.64,470.54,55.68,148.63,0.6561,-1,-1,-1
109,7,1089.40,261.40,48.99,124.12,0.6663,-1,-1,-1
109,8,333.91,439.40,61.43,142.73,0.5747,-1,-1,-1
109,17,930.55,276.11,51.52,111.43,0.6805,-1,-1,-1
109,18,445.22,187.67,43.67,121.52,0.6479,-1,-1,-1
110,2,387.08,374.78,59.90,138.08,0.6610,-1,-1,-1
110,5,974.88,472.55,55.00,149.14,0.6928,-1,-1,-1
110,6,725.40,362.17,66.44,160.79,0.6485,-1,-1,-1
110,7,1090.85,261.52,49.46,123.77,0.7070,-1,-1,-1
110,8,330.90,438.27,63.10,146.82,0.7144,-1,-1,-1
110,17,931.77,277.16,51.22,111.20,0.6843,-1,-1,-1
110,18,445.49,193.31,42.48,116.98,0.6229,-1,-1,-1
111,1,313.76,307.98,47.00,128.91,0.5637,-1,-1,-1
111,2,386.44,373.92,59.90,138.05,0.7028,-1,-1,-1
111,5,977.11,473.74,54.30,148.70,0.6975,-1,-1,-1
111,6,720.91,359.11,66.67,165.79,0.6294,-1,-1,-1
111,7,1091.79,262.50,49.37,121.96,0.7176,-1,-1,-1
111,8,328.28,437.26,63.58,148.25,0.6822,-1,-1,-1
111,17,931.26,278.36,50.85,110.62,0.7001,-1,-1,-1
111,18,445.36,196.06,42.30,114.43,0.6425,-1,-1,-1
112,1,316.44,309.46,46.92,131.04,0.6125,-1,-1,-1
112,2,385.58,373.97,59.73,137.17,0.7731,-1,-1,-1
112,5,979.82,474.81,53.65,147.43,0.6908,-1,-1,-1
112,6,714.04,348.62,69.80,177.20,0.6080,-1,-1,-1
112,7,1090.09,263.14,50.49,123.06,0.7601,-1,-1,-1
112,8,325.34,435.74,63.05,147.83,0.6427,-1,-1,-1
112,17,930.78,279.05,50.62,110.16,0.7115,-1,-1,-1
112,18,444.99,197.14,42.51,113.24,0.5843,-1,-1,-1
113,2,384.88,374.91,59.43,135.68,0.7088,-1,-1,-1
113,5,982.17,475.65,53.34,146.92,0.6929,-1,-1,-1
113,6,706.16,343.87,70.87,180.85,0.6899,-1,-1,-1
113,7,1088.52,263.59,51.94,124.68,0.7765,-1,-1,-1
113,8,322.63,433.79,62.71,148.51,0.5605,-1,-1,-1
113,17,930.42,279.59,50.37,109.59,0.7154,-1,-1,-1
113,18,444.44,197.39,42.85,112.69,0.5539,-1,-1,-1
114,2,382.89,374.16,60.35,135.85,0.6207,-1,-1,-1
114,5,984.48,476.42,53.13,147.20,0.7000,-1,-1,-1
114,6,701.94,341.87,71.29,182.46,0.6977,-1,-1,-1
114,7,1087.11,263.91,52.87,124.57,0.7847,-1,-1,-1
114,8,320.08,430.76,61.64,149.38,0.5759,-1,-1,-1
114,17,930.18,279.79,50.27,109.30,0.7120,-1,-1,-1
114,18,443.51,195.47,43.88,114.56,0.5578,-1,-1,-1
115,2,382.19,373.09,61.23,136.35,0.6513,-1,-1,-1
115,5,988.71,476.40,52.62,146.14,0.7301,-1,-1,-1
115,6,698.51,340.89,70.80,181.56,0.6226,-1,-1,-1
115,7,1085.08,264.08,53.45,122.33,0.8128,-1,-1,-1
115,8,312.51,429.17,60.92,150.29,0.6164,-1,-1,-1
115,17,930.70,279.13,50.09,108.53,0.6671,-1,-1,-1
115,18,442.29,195.07,44.51,114.90,0.5527,-1,-1,-1
116,2,381.71,372.38,61.69,136.23,0.6783,-1,-1,-1
116,5,991.08,476.34,52.32,145.33,0.7480,-1,-1,-1
116,7,1083.43,264.43,54.47,121.13,0.8237,-1,-1,-1
116,8,307.51,428.10,60.21,151.28,0.6771,-1,-1,-1
116,17,930.35,278.83,50.14,108.08,0.6503,-1,-1,-1
116,18,441.51,193.60,45.25,116.10,0.5621,-1,-1,-1
117,2,379.72,371.71,62.25,136.83,0.6830,-1,-1,-1
117,5,992.74,476.44,52.36,145.03,0.7511,-1,-1,-1
117,7,1081.99,264.87,55.51,120.22,0.8246,-1,-1,-1
117,8,304.30,423.00,60.55,154.73,0.6453,-1,-1,-1
117,17,929.09,279.09,50.84,108.87,0.6401,-1,-1,-1
117,18,441.52,193.89,45.38,115.81,0.5920,-1,-1,-1
118,2,375.58,371.93,62.47,136.60,0.6298,-1,-1,-1
118,5,994.01,476.58,52.34,144.38,0.7688,-1,-1,-1
118,7,1080.98,265.27,56.58,119.46,0.8430,-1,-1,-1
118,17,928.10,279.30,51.41,109.47,0.6579,-1,-1,-1
118,18,440.86,191.25,46.25,118.34,0.5959,-1,-1,-1
119,2,370.62,371.57,62.53,137.31,0.5946,-1,-1,-1
119,4,706.09,345.82,74.35,156.26,0.6588,-1,-1,-1
119,5,995.02,477.52,52.63,144.42,0.7549,-1,-1,-1
119,7,1079.75,266.14,57.32,118.66,0.8319,-1,-1,-1
119,17,927.08,279.76,51.17,108.07,0.6929,-1,-1,-1
119,18,441.48,191.45,46.37,118.53,0.6084,-1,-1,-1
120,2,366.56,372.70,59.93,134.04,0.5784,-1,-1,-1
120,4,708.62,339.05,69.30,154.30,0.7059,-1,-1,-1
120,5,996.62,479.34,53.19,144.72,0.7086,-1,-1,-1
120,6,679.03,339.03,51.61,130.18,0.5797,-1,-1,-1
120,7,1078.33,267.30,57.46,117.75,0.8139,-1,-1,-1
120,8,290.51,426.26,60.21,149.94,0.6145,-1,-1,-1
120,17,925.60,280.49,50.98,107.15,0.6705,-1,-1,-1
120,18,442.12,193.00,46.10,117.12,0.5628,-1,-1,-1
121,4,709.61,333.10,66.67,154.68,0.7248,-1,-1,-1
121,5,997.60,480.46,54.33,146.80,0.7256,-1,-1,-1
121,6,676.26,336.79,50.66,126.94,0.5612,-1,-1,-1
121,7,1077.59,268.14,57.37,117.06,0.8174,-1,-1,-1
121,17,924.78,281.22,50.98,106.78,0.6624,-1,-1,-1
122,4,711.33,329.88,63.60,152.01,0.7445,-1,-1,-1
122,5,999.42,482.07,54.93,146.82,0.6898,-1,-1,-1
122,6,674.41,337.76,50.34,125.45,0.5538,-1,-1,-1
122,7,1077.74,268.56,56.88,116.40,0.7701,-1,-1,-1
122,17,924.05,281.15,52.04,108.94,0.6987,-1,-1,-1
123,4,710.01,326.54,62.42,151.24,0.7673,-1,-1,-1
123,5,1000.91,482.62,56.00,147.40,0.7237,-1,-1,-1
123,6,671.86,335.00,51.06,126.82,0.6531,-1,-1,-1
123,7,1077.99,269.20,56.46,116.49,0.7599,-1,-1,-1
123,17,923.40,281.92,51.42,107.36,0.6916,-1,-1,-1
124,4,710.58,324.33,60.84,150.01,0.7630,-1,-1,-1
124,5,1002.00,483.16,57.03,147.37,0.7414,-1,-1,-1
124,6,671.14,332.07,52.85,130.85,0.6882,-1,-1,-1
124,7,1078.26,269.29,56.12,117.58,0.7366,-1,-1,-1
124,8,276.86,431.16,61.83,142.09,0.7601,-1,-1,-1
124,17,923.03,282.46,51.06,106.24,0.7341,-1,-1,-1
125,4,710.90,320.32,58.77,148.96,0.7264,-1,-1,-1
125,5,1002.25,484.45,58.17,146.11,0.7730,-1,-1,-1
125,6,670.67,329.98,52.96,131.59,0.6240,-1,-1,-1
125,7,1077.11,269.93,60.96,131.75,0.6847,-1,-1,-1
125,8,272.28,431.95,64.47,140.32,0.7453,-1,-1,-1
125,17,921.96,283.15,50.43,104.92,0.7215,-1,-1,-1
125,18,442.77,197.42,43.43,109.21,0.5932,-1,-1,-1
126,4,709.82,318.89,57.52,149.30,0.7189,-1,-1,-1
126,5,1001.80,485.80,60.02,146.74,0.7727,-1,-1,-1
126,6,669.23,327.08,53.64,134.44,0.6530,-1,-1,-1
126,7,1078.11,270.51,59.75,132.95,0.7323,-1,-1,-1
126,8,269.19,432.49,66.91,139.78,0.7329,-1,-1,-1
126,17,921.07,284.31,49.97,103.91,0.6787,-1,-1,-1
126,18,442.10,197.72,43.88,108.51,0.5708,-1,-1,-1
127,4,708.14,319.24,56.52,148.67,0.7106,-1,-1,-1
127,5,1001.34,486.44,62.32,148.48,0.7766,-1,-1,-1
127,6,668.23,319.55,55.44,140.72,0.6683,-1,-1,-1
127,7,1081.05,271.09,55.00,125.35,0.7350,-1,-1,-1
127,8,265.83,431.43,68.64,139.35,0.7170,-1,-1,-1
127,17,920.65,285.78,49.47,102.78,0.6658,-1,-1,-1
127,18,442.05,198.27,44.46,107.13,0.5992,-1,-1,-1
128,4,707.94,320.25,55.62,148.54,0.6519,-1,-1,-1
128,5,1000.64,486.67,64.83,150.20,0.7312,-1,-1,-1
128,6,668.16,317.50,55.61,142.20,0.5930,-1,-1,-1
128,7,1082.99,271.20,51.74,120.81,0.6932,-1,-1,-1
128,8,261.40,431.30,68.50,137.86,0.6906,-1,-1,-1
128,18,441.59,198.80,45.49,107.01,0.6454,-1,-1,-1
129,4,706.52,319.49,55.66,150.21,0.7058,-1,-1,-1
129,5,1000.83,487.61,66.72,150.63,0.7316,-1,-1,-1
129,6,667.73,324.83,53.10,135.88,0.6297,-1,-1,-1
129,7,1083.94,272.34,49.28,117.44,0.6991,-1,-1,-1
129,8,258.11,430.33,67.89,138.25,0.5858,-1,-1,-1
129,17,919.73,287.68,49.93,104.12,0.5645,-1,-1,-1
129,18,440.47,199.33,46.79,107.62,0.6553,-1,-1,-1
130,4,705.43,318.95,54.79,150.10,0.7596,-1,-1,-1
130,5,1002.21,488.46,68.96,151.22,0.7139,-1,-1,-1
130,6,664.09,327.67,51.70,133.51,0.6549,-1,-1,-1
130,7,1085.04,274.91,47.50,115.40,0.7230,-1,-1,-1
130,17,918.83,289.45,49.74,103.72,0.6075,-1,-1,-1
130,18,439.47,201.01,47.80,107.51,0.6350,-1,-1,-1
131,4,703.36,316.42,54.21,150.45,0.7245,-1,-1,-1
131,5,1004.83,488.95,70.75,151.53,0.6266,-1,-1,-1
131,7,1085.31,276.69,46.36,114.64,0.7150,-1,-1,-1
131,8,248.81,429.79,65.63,138.93,0.6186,-1,-1,-1
131,17,917.48,290.01,52.17,108.99,0.6106,-1,-1,-1
131,18,439.27,200.62,48.84,108.74,0.5927,-1,-1,-1
132,4,703.32,316.69,52.68,147.36,0.7266,-1,-1,-1
132,5,1007.64,489.55,72.36,151.75,0.6284,-1,-1,-1
132,7,1085.50,278.13,45.25,113.52,0.7136,-1,-1,-1
132,8,246.69,428.27,64.61,141.78,0.6316,-1,-1,-1
132,17,916.33,290.67,53.67,112.69,0.6468,-1,-1,-1
132,18,438.60,201.39,49.30,108.96,0.5989,-1,-1,-1
133,4,703.43,314.47,49.80,139.74,0.7481,-1,-1,-1
133,5,1012.13,489.73,73.45,152.45,0.6905,-1,-1,-1
133,7,1085.58,278.56,44.72,113.67,0.6963,-1,-1,-1
133,8,244.40,427.40,63.51,143.31,0.6828,-1,-1,-1
133,17,915.92,292.18,53.88,113.64,0.6149,-1,-1,-1
133,18,437.15,202.33,48.81,107.29,0.5678,-1,-1,-1
134,4,702.08,308.84,49.61,140.00,0.7607,-1,-1,-1
134,5,1018.74,490.34,73.00,152.50,0.6939,-1,-1,-1
134,7,1085.81,278.96,44.38,113.90,0.7047,-1,-1,-1
134,8,243.53,428.59,60.99,139.07,0.6333,-1,-1,-1
134,17,915.73,293.34,53.95,114.03,0.6049,-1,-1,-1
134,18,433.96,202.07,49.89,107.96,0.6087,-1,-1,-1
135,4,699.77,302.53,50.18,141.92,0.7135,-1,-1,-1
135,5,1026.47,491.01,72.11,152.85,0.7504,-1,-1,-1
135,6,657.06,318.84,46.22,119.52,0.5540,-1,-1,-1
135,7,1085.32,278.74,44.16,113.61,0.7109,-1,-1,-1
135,8,236.18,427.80,62.74,141.52,0.7641,-1,-1,-1
135,17,915.41,293.98,54.01,114.23,0.5950,-1,-1,-1
135,18,433.25,199.16,50.86,109.84,0.5508,-1,-1,-1
136,4,697.78,297.72,49.62,139.45,0.7395,-1,-1,-1
136,5,1030.56,491.60,71.18,152.08,0.7538,-1,-1,-1
136,6,655.90,316.53,45.12,117.09,0.5978,-1,-1,-1
136,7,1084.29,278.58,44.08,113.72,0.6960,-1,-1,-1
136,8,231.34,428.15,63.33,141.16,0.7325,-1,-1,-1
136,17,914.71,294.48,53.25,112.42,0.5706,-1,-1,-1
136,18,428.73,197.88,52.67,112.01,0.5911,-1,-1,-1
136,21,418.54,299.80,37.55,131.03,0.6321,-1,-1,-1
137,4,695.90,292.34,49.50,138.22,0.6176,-1,-1,-1
137,5,1034.87,492.30,70.15,151.45,0.7473,-1,-1,-1
137,6,654.86,314.11,46.19,118.73,0.5604,-1,-1,-1
137,7,1082.57,278.09,44.26,114.17,0.7040,-1,-1,-1
137,8,227.61,427.71,64.55,142.86,0.7068,-1,-1,-1
137,17,914.35,294.88,52.66,110.88,0.5643,-1,-1,-1
137,18,426.23,195.85,53.51,112.79,0.5916,-1,-1,-1
137,21,419.45,294.59,38.51,134.12,0.5956,-1,-1,-1
138,5,1039.57,493.63,69.22,151.39,0.7865,-1,-1,-1
138,6,652.64,310.06,49.03,125.55,0.6015,-1,-1,-1
138,7,1080.52,278.02,44.76,115.47,0.6828,-1,-1,-1
138,8,225.28,427.17,65.06,143.51,0.6575,-1,-1,-1
138,17,913.57,295.28,53.15,111.78,0.5966,-1,-1,-1
138,18,424.14,193.31,54.22,113.46,0.5587,-1,-1,-1
138,21,422.11,293.22,38.47,133.21,0.6569,-1,-1,-1
139,5,1043.83,494.87,68.83,152.74,0.7974,-1,-1,-1
139,6,646.82,309.49,52.16,134.89,0.6085,-1,-1,-1
139,7,1078.95,278.98,44.01,112.68,0.7299,-1,-1,-1
139,8,221.39,427.32,64.96,143.11,0.6912,-1,-1,-1
139,17,913.37,295.78,53.56,112.45,0.6353,-1,-1,-1
139,21,425.39,292.95,39.28,134.68,0.6212,-1,-1,-1
140,5,1049.12,495.75,69.07,156.10,0.7929,-1,-1,-1
140,6,642.67,307.19,52.96,139.40,0.5777,-1,-1,-1
140,7,1074.40,279.11,46.56,119.17,0.7648,-1,-1,-1
140,8,214.62,426.95,63.61,141.63,0.6870,-1,-1,-1
140,17,913.12,295.96,53.79,112.52,0.6199,-1,-1,-1
140,18,421.75,191.49,54.99,113.42,0.5682,-1,-1,-1
140,21,431.90,297.18,39.63,132.44,0.7098,-1,-1,-1
141,5,1053.04,496.38,68.24,156.96,0.7570,-1,-1,-1
141,6,639.91,302.87,53.69,143.06,0.6473,-1,-1,-1
141,7,1072.51,280.00,46.83,119.80,0.7474,-1,-1,-1
141,8,209.13,426.63,62.51,141.32,0.7177,-1,-1,-1
141,17,913.13,296.06,53.74,111.97,0.5882,-1,-1,-1
141,18,418.25,190.11,55.41,114.67,0.6011,-1,-1,-1
141,21,434.94,297.99,40.97,132.64,0.7082,-1,-1,-1
141,22,369.43,332.59,43.87,165.44,0.6579,-1,-1,-1
142,2,314.35,371.27,59.83,130.77,0.5703,-1,-1,-1
142,5,1055.36,498.00,66.88,155.64,0.7377,-1,-1,-1
142,6,638.19,298.05,54.05,145.64,0.6644,-1,-1,-1
142,7,1071.20,281.05,46.78,120.14,0.7538,-1,-1,-1
142,8,203.27,425.57,61.90,142.56,0.7108,-1,-1,-1
142,17,912.66,296.16,53.23,110.66,0.5882,-1,-1,-1
142,18,414.98,188.63,54.87,115.00,0.6392,-1,-1,-1
142,21,435.34,296.89,42.71,134.05,0.7000,-1,-1,-1
142,22,370.46,333.36,43.83,165.13,0.6905,-1,-1,-1
143,2,312.49,371.05,60.08,129.90,0.5770,-1,-1,-1
143,4,674.77,274.05,45.79,129.28,0.5561,-1,-1,-1
143,5,1058.10,498.70,65.96,155.28,0.7369,-1,-1,-1
143,6,636.07,295.64,53.59,145.92,0.6143,-1,-1,-1
143,7,1070.28,281.76,46.45,119.83,0.7065,-1,-1,-1
143,8,197.19,424.69,61.15,143.59,0.7492,-1,-1,-1
143,17,912.28,296.21,53.47,111.02,0.5923,-1,-1,-1
143,18,413.88,186.75,54.32,115.68,0.6486,-1,-1,-1
143,21,435.02,294.51,44.67,136.16,0.6889,-1,-1,-1
143,22,371.52,333.78,43.56,163.77,0.6870,-1,-1,-1
144,5,1060.97,500.48,64.93,154.44,0.7371,-1,-1,-1
144,7,1069.19,281.98,48.35,126.37,0.6776,-1,-1,-1
144,8,192.08,424.85,60.59,144.67,0.7116,-1,-1,-1
144,17,911.97,296.02,53.41,110.73,0.5810,-1,-1,-1
144,18,412.90,184.35,54.25,117.81,0.5869,-1,-1,-1
144,21,433.98,291.77,46.70,138.80,0.6875,-1,-1,-1
144,22,372.80,334.18,42.96,160.74,0.6689,-1,-1,-1
145,2,309.99,370.56,58.35,125.80,0.6366,-1,-1,-1
145,5,1063.74,502.34,64.21,153.35,0.7773,-1,-1,-1
145,6,631.94,279.84,54.40,149.20,0.6250,-1,-1,-1
145,7,1064.84,281.49,49.74,128.44,0.7169,-1,-1,-1
145,8,185.07,424.17,61.18,146.81,0.7659,-1,-1,-1
145,18,411.52,183.67,53.50,118.50,0.5800,-1,-1,-1
145,21,433.45,287.99,48.72,142.18,0.6736,-1,-1,-1
145,22,373.70,334.91,43.24,160.20,0.7230,-1,-1,-1
146,2,308.33,370.32,58.55,126.47,0.6409,-1,-1,-1
146,5,1065.42,503.35,63.96,152.20,0.7910,-1,-1,-1
146,6,630.47,282.71,51.65,142.72,0.5989,-1,-1,-1
146,7,1062.00,280.77,50.28,128.21,0.7043,-1,-1,-1
146,8,178.40,423.83,62.11,148.98,0.8116,-1,-1,-1
146,17,908.11,295.92,54.28,112.31,0.5999,-1,-1,-1
146,18,410.04,182.50,52.67,118.94,0.6252,-1,-1,-1
146,21,435.84,289.65,49.68,142.11,0.6523,-1,-1,-1
146,22,376.12,335.85,45.14,163.83,0.6595,-1,-1,-1
146,23,380.14,122.95,37.17,107.30,0.5791,-1,-1,-1
147,2,307.86,370.50,58.83,126.58,0.6956,-1,-1,-1
147,5,1066.16,503.87,64.60,152.62,0.7926,-1,-1,-1
147,6,630.37,284.64,50.21,139.73,0.7113,-1,-1,-1
147,7,1060.51,280.35,49.89,125.34,0.6686,-1,-1,-1
147,8,171.68,424.61,63.09,149.53,0.8104,-1,-1,-1
147,18,409.70,182.33,51.49,118.44,0.6260,-1,-1,-1
147,21,438.94,291.01,50.62,141.08,0.6150,-1,-1,-1
147,22,377.31,337.74,46.64,165.47,0.6659,-1,-1,-1
147,23,378.97,122.38,37.12,107.12,0.5972,-1,-1,-1
148,2,307.97,370.66,59.18,126.96,0.7268,-1,-1,-1
148,5,1067.22,504.61,65.93,154.57,0.8082,-1,-1,-1
148,6,631.36,289.23,48.13,134.27,0.6494,-1,-1,-1
148,7,1057.58,280.08,51.96,129.30,0.7251,-1,-1,-1
148,8,164.81,425.24,64.58,149.76,0.8262,-1,-1,-1
148,18,409.74,182.02,50.61,118.44,0.5784,-1,-1,-1
148,21,439.60,291.47,52.28,142.24,0.5958,-1,-1,-1
148,22,377.49,339.76,48.03,166.14,0.6493,-1,-1,-1
149,2,307.81,370.36,59.72,127.75,0.7464,-1,-1,-1
149,5,1070.72,505.69,66.28,155.41,0.8124,-1,-1,-1
149,6,632.14,294.38,46.18,128.20,0.5760,-1,-1,-1
149,7,1062.48,279.71,50.20,126.34,0.6787,-1,-1,-1
149,8,160.04,425.80,66.48,151.13,0.8231,-1,-1,-1
149,17,905.94,295.14,54.88,113.69,0.6177,-1,-1,-1
149,18,409.67,181.16,50.08,119.13,0.5748,-1,-1,-1
149,21,438.83,290.99,55.14,147.21,0.5914,-1,-1,-1
149,22,375.06,341.02,49.83,166.83,0.6561,-1,-1,-1
150,2,307.54,369.96,59.63,127.44,0.7054,-1,-1,-1
150,5,1077.66,505.76,65.79,157.05,0.8056,-1,-1,-1
150,6,631.41,296.98,46.75,128.51,0.5575,-1,-1,-1
150,7,1062.81,278.94,50.47,128.93,0.7427,-1,-1,-1
150,8,155.55,427.42,68.04,152.21,0.7982,-1,-1,-1
150,17,904.81,293.70,55.08,114.45,0.5605,-1,-1,-1
150,18,409.99,180.53,49.38,119.26,0.5591,-1,-1,-1
150,21,438.75,291.82,57.73,152.39,0.5774,-1,-1,-1
150,22,378.98,345.50,50.05,164.11,0.6146,-1,-1,-1
151,2,306.89,369.82,59.54,126.86,0.7081,-1,-1,-1
151,5,1082.48,505.84,65.18,158.70,0.8002,-1,-1,-1
151,6,628.89,289.24,49.84,136.98,0.6096,-1,-1,-1
151,7,1063.83,278.67,48.77,126.33,0.7453,-1,-1,-1
151,8,152.41,428.12,69.77,153.59,0.8304,-1,-1,-1
151,18,410.54,179.87,48.79,119.04,0.6062,-1,-1,-1
151,21,439.14,293.05,58.86,153.38,0.6239,-1,-1,-1
151,22,381.05,348.54,50.11,161.38,0.6807,-1,-1,-1
152,2,305.57,369.90,60.47,128.82,0.6724,-1,-1,-1
152,5,1085.82,506.08,64.16,159.27,0.7915,-1,-1,-1
152,6,624.81,263.04,58.70,163.45,0.6077,-1,-1,-1
152,7,1063.45,278.57,47.43,123.57,0.7696,-1,-1,-1
152,8,150.02,428.89,70.57,153.17,0.8295,-1,-1,-1
152,18,410.48,178.81,48.72,119.78,0.6214,-1,-1,-1
152,21,439.68,294.67,59.13,152.07,0.6298,-1,-1,-1
152,22,380.61,351.03,50.44,159.42,0.6954,-1,-1,-1
153,2,304.44,370.26,61.50,130.57,0.6258,-1,-1,-1
153,5,1087.78,505.91,63.27,159.91,0.7781,-1,-1,-1
153,6,622.90,251.21,61.91,174.33,0.6855,-1,-1,-1
153,7,1062.32,278.55,46.87,122.23,0.7453,-1,-1,-1
153,8,147.58,429.31,71.28,153.21,0.8198,-1,-1,-1
153,18,410.79,177.85,48.86,120.33,0.5910,-1,-1,-1
153,21,439.81,296.82,59.35,150.25,0.6073,-1,-1,-1
153,22,379.70,352.17,51.36,158.91,0.6612,-1,-1,-1
154,2,303.92,370.89,61.78,130.78,0.6093,-1,-1,-1
154,5,1089.70,506.53,62.45,160.02,0.7882,-1,-1,-1
154,6,621.39,244.54,61.96,176.59,0.6223,-1,-1,-1
154,7,1057.54,278.57,48.11,123.27,0.6815,-1,-1,-1
154,8,145.97,429.71,71.29,152.42,0.8246,-1,-1,-1
154,17,885.74,271.91,65.19,131.16,0.5637,-1,-1,-1
154,21,439.87,298.64,59.70,148.73,0.6497,-1,-1,-1
154,22,378.67,352.77,52.55,159.36,0.6795,-1,-1,-1
155,2,304.65,370.59,62.46,133.47,0.6492,-1,-1,-1
155,5,1095.22,508.63,61.61,159.02,0.7638,-1,-1,-1
155,6,619.95,268.15,52.55,148.44,0.6678,-1,-1,-1
155,7,1056.77,277.84,49.11,125.45,0.6980,-1,-1,-1
155,8,140.66,429.82,71.73,153.85,0.8044,-1,-1,-1
155,17,879.62,269.42,69.01,134.82,0.6095,-1,-1,-1
155,18,411.43,179.73,48.48,116.99,0.5509,-1,-1,-1
155,21,440.98,300.91,59.86,146.81,0.6713,-1,-1,-1
155,22,378.60,352.99,53.75,159.97,0.6963,-1,-1,-1
155,23,366.55,115.49,37.46,107.65,0.5834,-1,-1,-1
156,2,305.72,370.50,60.62,130.33,0.6279,-1,-1,-1
156,5,1100.05,509.74,61.54,158.70,0.7577,-1,-1,-1
156,6,612.73,244.10,59.34,170.04,0.5672,-1,-1,-1
156,7,1056.00,277.15,49.53,126.28,0.7197,-1,-1,-1
156,8,135.33,429.84,71.47,154.53,0.8168,-1,-1,-1
156,17,876.19,269.30,71.46,135.84,0.6070,-1,-1,-1
156,21,441.20,302.26,60.50,146.39,0.6868,-1,-1,-1
156,22,377.21,352.95,54.93,160.46,0.6752,-1,-1,-1
157,2,303.93,372.59,61.28,131.88,0.6103,-1,-1,-1
157,5,1104.68,510.23,61.89,158.53,0.7872,-1,-1,-1
157,7,1055.12,276.13,50.43,128.15,0.7265,-1,-1,-1
157,8,131.21,429.43,71.06,156.25,0.7757,-1,-1,-1
157,17,873.88,268.50,73.48,137.62,0.6220,-1,-1,-1
157,18,410.01,177.58,49.81,117.40,0.5860,-1,-1,-1
157,21,441.03,302.81,61.35,146.80,0.7105,-1,-1,-1
157,22,375.50,352.88,56.12,160.69,0.6764,-1,-1,-1
158,2,302.05,373.48,61.81,132.06,0.6721,-1,-1,-1
158,5,1107.19,510.74,62.65,159.16,0.8045,-1,-1,-1
158,6,607.23,234.50,60.58,175.38,0.6334,-1,-1,-1
158,7,1054.25,275.31,50.95,129.80,0.7256,-1,-1,-1
158,8,127.65,429.48,70.15,157.58,0.7611,-1,-1,-1
158,17,873.06,268.30,75.03,138.77,0.6854,-1,-1,-1
158,18,408.67,177.68,50.96,117.57,0.6011,-1,-1,-1
158,21,441.79,303.29,61.38,146.42,0.7430,-1,-1,-1
158,22,374.84,352.80,57.07,161.25,0.6980,-1,-1,-1
159,2,301.53,373.63,61.57,130.62,0.6664,-1,-1,-1
159,5,1106.66,510.18,64.37,161.33,0.8145,-1,-1,-1
159,6,606.50,227.24,61.88,180.92,0.6750,-1,-1,-1
159,7,1054.49,274.01,52.11,133.65,0.7512,-1,-1,-1
159,8,124.95,430.04,68.75,158.17,0.7416,-1,-1,-1
159,17,872.70,268.43,75.46,138.07,0.6624,-1,-1,-1
159,18,407.52,178.37,51.93,117.40,0.6414,-1,-1,-1
159,21,443.35,303.76,60.57,144.03,0.7099,-1,-1,-1
159,22,374.30,352.87,57.92,162.18,0.6896,-1,-1,-1
160,2,301.26,373.59,59.85,125.64,0.6735,-1,-1,-1
160,5,1106.31,510.24,65.89,163.28,0.8358,-1,-1,-1
160,6,605.60,225.21,62.59,183.31,0.6107,-1,-1,-1
160,7,1053.08,272.02,52.06,135.59,0.7390,-1,-1,-1
160,8,121.32,430.69,67.50,159.24,0.7461,-1,-1,-1
160,17,872.95,268.88,75.60,137.98,0.6790,-1,-1,-1
160,18,405.29,176.13,52.96,119.10,0.5805,-1,-1,-1
160,21,445.75,304.03,61.60,145.02,0.7199,-1,-1,-1
160,22,376.86,352.63,58.18,164.34,0.6910,-1,-1,-1
161,2,300.48,373.59,60.02,125.03,0.6693,-1,-1,-1
161,5,1107.30,509.82,66.91,164.78,0.8454,-1,-1,-1
161,6,604.76,228.89,61.96,180.52,0.6317,-1,-1,-1
161,7,1051.58,270.82,51.59,136.39,0.7665,-1,-1,-1
161,8,119.87,431.55,66.12,159.71,0.7339,-1,-1,-1
161,17,873.16,269.00,75.67,138.63,0.7586,-1,-1,-1
161,18,404.36,173.86,54.00,121.20,0.5583,-1,-1,-1
161,21,447.10,304.30,62.68,146.24,0.7060,-1,-1,-1
161,22,377.89,352.47,58.04,165.20,0.6893,-1,-1,-1
162,2,299.05,374.37,61.57,127.38,0.6538,-1,-1,-1
162,5,1109.15,509.82,67.18,164.95,0.8247,-1,-1,-1
162,7,1050.04,270.19,51.64,138.77,0.7752,-1,-1,-1
162,8,118.95,431.83,64.91,160.10,0.7191,-1,-1,-1
162,17,873.42,269.15,75.17,138.88,0.7866,-1,-1,-1
162,21,447.75,304.70,63.39,146.63,0.6948,-1,-1,-1
162,22,378.59,352.55,57.74,165.51,0.6541,-1,-1,-1
163,2,295.88,372.60,64.71,133.63,0.6570,-1,-1,-1
163,5,1110.32,509.47,67.83,166.00,0.8193,-1,-1,-1
163,7,1049.16,269.95,50.85,138.32,0.7811,-1,-1,-1
163,8,117.47,431.19,64.14,161.10,0.7074,-1,-1,-1
163,17,872.27,269.30,74.97,139.32,0.8041,-1,-1,-1
163,18,403.45,174.03,54.62,122.31,0.5714,-1,-1,-1
163,21,448.31,304.63,64.06,147.37,0.7116,-1,-1,-1
163,22,378.49,352.62,57.59,165.92,0.6521,-1,-1,-1
164,2,293.42,371.85,66.85,137.04,0.6942,-1,-1,-1
164,5,1111.58,509.95,67.90,166.38,0.8437,-1,-1,-1
164,7,1048.22,269.84,50.37,137.86,0.7631,-1,-1,-1
164,8,116.11,430.54,63.37,161.91,0.7226,-1,-1,-1
164,17,870.91,269.40,74.78,139.59,0.7987,-1,-1,-1
164,21,448.54,304.84,64.45,147.40,0.7002,-1,-1,-1
164,22,378.44,352.26,57.52,166.54,0.6707,-1,-1,-1
165,2,288.63,373.99,67.05,134.80,0.5823,-1,-1,-1
165,5,1116.23,510.97,67.98,166.50,0.8727,-1,-1,-1
165,7,1042.84,269.76,51.15,136.19,0.8154,-1,-1,-1
165,8,115.67,429.06,62.77,163.74,0.7533,-1,-1,-1
165,17,870.96,269.20,74.37,139.19,0.7783,-1,-1,-1
165,21,449.44,305.43,64.28,146.50,0.7086,-1,-1,-1
165,22,377.74,351.94,57.77,167.32,0.6570,-1,-1,-1
166,2,284.61,374.94,68.64,135.13,0.6589,-1,-1,-1
166,5,1118.66,511.62,68.20,166.78,0.8661,-1,-1,-1
166,6,587.02,206.68,61.87,181.89,0.5947,-1,-1,-1
166,7,1039.18,269.87,52.50,135.57,0.8167,-1,-1,-1
166,8,115.82,428.07,62.01,165.11,0.7537,-1,-1,-1
166,17,872.20,269.25,74.07,138.66,0.7771,-1,-1,-1
166,21,449.87,305.94,64.47,146.42,0.7281,-1,-1,-1
166,22,374.27,351.83,58.84,167.98,0.6792,-1,-1,-1
167,2,282.36,374.74,70.09,135.60,0.6916,-1,-1,-1
167,5,1120.57,512.09,67.99,166.06,0.8645,-1,-1,-1
167,7,1036.63,269.77,53.90,134.69,0.7968,-1,-1,-1
167,8,116.26,427.52,61.19,166.04,0.7537,-1,-1,-1
167,17,873.68,269.82,72.59,135.93,0.7487,-1,-1,-1
167,18,402.34,172.83,55.26,123.71,0.5594,-1,-1,-1
167,21,450.19,305.81,65.01,146.62,0.7330,-1,-1,-1
167,22,375.10,352.07,59.26,168.41,0.6963,-1,-1,-1
168,2,280.52,375.15,71.47,135.98,0.7338,-1,-1,-1
168,5,1122.95,512.18,67.82,166.07,0.8595,-1,-1,-1
168,7,1035.46,270.13,55.33,134.55,0.8231,-1,-1,-1
168,8,116.94,427.33,60.42,166.80,0.7469,-1,-1,-1
168,17,875.35,270.11,71.73,134.28,0.7590,-1,-1,-1
168,18,401.62,172.43,54.78,123.62,0.5710,-1,-1,-1
168,21,451.68,304.68,64.35,144.00,0.7861,-1,-1,-1
168,22,375.57,352.21,59.64,168.75,0.7003,-1,-1,-1
169,2,278.89,375.55,71.93,134.79,0.7384,-1,-1,-1
169,5,1124.98,511.95,67.59,166.30,0.8620,-1,-1,-1
169,7,1034.94,270.37,57.04,135.49,0.8248,-1,-1,-1
169,8,118.21,427.75,59.39,166.74,0.7330,-1,-1,-1
169,17,877.09,270.44,70.76,132.36,0.7429,-1,-1,-1
169,18,400.78,172.43,54.18,123.51,0.5594,-1,-1,-1
169,21,453.70,304.75,63.98,142.65,0.7355,-1,-1,-1
169,22,376.50,352.23,59.82,168.75,0.6775,-1,-1,-1
170,2,275.75,375.62,73.61,135.50,0.7196,-1,-1,-1
170,5,1128.31,511.73,67.55,166.95,0.8512,-1,-1,-1
170,7,1031.87,270.27,58.33,136.19,0.8375,-1,-1,-1
170,8,121.77,428.66,58.04,165.12,0.7462,-1,-1,-1
170,17,879.35,270.36,70.56,131.54,0.7658,-1,-1,-1
170,18,399.62,173.67,52.47,122.72,0.5508,-1,-1,-1
170,21,455.86,304.54,65.69,146.27,0.7801,-1,-1,-1
170,22,375.45,352.91,60.35,168.24,0.6548,-1,-1,-1
171,2,270.59,375.22,74.29,135.63,0.6406,-1,-1,-1
171,5,1130.51,511.86,67.65,167.49,0.8539,-1,-1,-1
171,7,1029.00,270.04,59.45,136.26,0.8388,-1,-1,-1
171,8,125.11,428.38,57.12,164.18,0.7394,-1,-1,-1
171,17,881.54,270.75,70.43,130.02,0.7725,-1,-1,-1
171,18,399.16,174.90,50.65,121.92,0.5614,-1,-1,-1
171,21,457.34,304.54,66.76,148.55,0.7812,-1,-1,-1
171,22,374.61,353.39,60.73,168.10,0.6627,-1,-1,-1
172,2,266.20,374.71,74.41,135.07,0.6867,-1,-1,-1
172,5,1131.15,511.87,68.12,168.55,0.8459,-1,-1,-1
172,6,590.46,243.28,48.96,138.65,0.5891,-1,-1,-1
172,7,1025.63,269.58,60.46,136.35,0.8021,-1,-1,-1
172,8,127.87,427.13,56.43,163.33,0.7424,-1,-1,-1
172,17,884.31,271.24,71.13,129.03,0.7657,-1,-1,-1
172,21,458.85,304.72,67.19,148.95,0.7658,-1,-1,-1
172,22,373.30,354.38,60.34,166.37,0.6224,-1,-1,-1
173,2,261.11,373.74,73.52,133.70,0.7032,-1,-1,-1
173,5,1132.09,512.11,68.43,169.09,0.8455,-1,-1,-1
173,6,586.12,231.77,53.52,149.53,0.5835,-1,-1,-1
173,7,1025.72,268.57,60.31,136.69,0.7879,-1,-1,-1
173,8,130.34,426.11,56.06,163.26,0.7640,-1,-1,-1
173,17,887.63,272.05,72.47,127.64,0.8029,-1,-1,-1
173,18,398.31,176.45,48.38,120.41,0.5611,-1,-1,-1
173,21,460.03,304.47,67.60,149.09,0.7751,-1,-1,-1
173,22,371.22,355.26,60.80,165.57,0.5778,-1,-1,-1
174,2,257.40,371.33,74.73,136.48,0.6493,-1,-1,-1
174,5,1132.86,513.31,68.50,168.73,0.8496,-1,-1,-1
174,6,584.73,236.83,52.56,142.60,0.6210,-1,-1,-1
174,7,1027.55,267.47,59.14,136.24,0.7746,-1,-1,-1
174,8,132.75,425.40,56.00,163.44,0.7548,-1,-1,-1
174,17,888.26,272.20,74.53,128.32,0.7619,-1,-1,-1
174,18,397.92,175.53,47.06,121.22,0.5758,-1,-1,-1
174,21,461.20,303.80,68.03,149.31,0.7880,-1,-1,-1
174,22,369.64,355.74,61.00,164.41,0.5733,-1,-1,-1
175,5,1134.87,513.19,68.67,168.99,0.8292,-1,-1,-1
175,7,1028.20,266.50,57.30,134.95,0.6760,-1,-1,-1
175,8,136.89,425.75,55.53,161.16,0.7687,-1,-1,-1
175,17,882.85,272.43,76.13,131.15,0.7566,-1,-1,-1
175,21,462.67,303.34,68.19,148.77,0.7867,-1,-1,-1
175,22,365.51,355.09,62.04,165.53,0.6155,-1,-1,-1
176,2,250.98,369.16,74.04,138.07,0.6123,-1,-1,-1
176,5,1136.84,513.71,68.36,168.07,0.8091,-1,-1,-1
176,7,1027.99,265.77,56.66,136.66,0.6781,-1,-1,-1
176,8,138.48,426.14,55.40,159.09,0.7737,-1,-1,-1
176,17,881.36,272.72,76.96,132.34,0.8137,-1,-1,-1
176,21,463.92,302.67,68.38,148.03,0.7666,-1,-1,-1
176,22,353.74,356.42,65.05,165.92,0.6611,-1,-1,-1
177,2,249.14,368.48,74.32,141.89,0.6508,-1,-1,-1
177,5,1138.71,514.06,68.48,168.40,0.8056,-1,-1,-1
177,6,584.18,239.68,50.61,133.72,0.6355,-1,-1,-1
177,7,1027.43,265.48,55.88,137.33,0.6999,-1,-1,-1
177,8,140.34,425.57,56.42,159.65,0.7916,-1,-1,-1
177,17,880.85,273.34,77.64,132.82,0.8085,-1,-1,-1
177,21,463.99,302.72,67.92,145.92,0.7845,-1,-1,-1
177,22,353.60,355.62,64.36,160.12,0.5978,-1,-1,-1
178,2,247.72,367.45,75.70,148.33,0.6182,-1,-1,-1
178,5,1140.38,515.50,68.28,167.69,0.8037,-1,-1,-1
178,6,584.04,238.92,52.22,137.21,0.6238,-1,-1,-1
178,7,1027.90,264.36,55.40,139.69,0.7047,-1,-1,-1
178,8,141.34,425.16,57.54,159.92,0.8021,-1,-1,-1
178,17,879.98,273.64,78.57,132.79,0.8058,-1,-1,-1
178,21,464.38,302.54,67.78,144.33,0.7997,-1,-1,-1
178,22,352.78,356.01,64.93,157.50,0.5832,-1,-1,-1
179,2,247.75,367.23,74.64,149.67,0.6421,-1,-1,-1
179,5,1142.10,516.73,68.07,166.97,0.7836,-1,-1,-1
179,6,583.43,237.82,53.74,141.22,0.6500,-1,-1,-1
179,7,1026.95,263.83,54.98,141.19,0.6735,-1,-1,-1
179,8,142.30,424.72,59.18,160.83,0.8142,-1,-1,-1
179,17,880.12,274.49,79.27,131.83,0.7440,-1,-1,-1
179,21,464.37,302.32,67.98,143.94,0.8050,-1,-1,-1
179,22,352.62,357.81,65.34,155.20,0.6032,-1,-1,-1
180,2,248.20,368.29,73.42,149.35,0.6377,-1,-1,-1
180,5,1147.07,518.18,67.90,167.28,0.8028,-1,-1,-1
180,6,585.28,236.95,53.24,140.20,0.7127,-1,-1,-1
180,7,1026.82,263.69,54.76,142.63,0.7516,-1,-1,-1
180,8,143.40,423.98,60.82,161.36,0.7732,-1,-1,-1
180,17,880.56,274.37,81.62,133.25,0.7295,-1,-1,-1
180,21,464.85,302.54,67.89,143.75,0.8034,-1,-1,-1
180,22,354.08,359.99,65.90,154.21,0.6231,-1,-1,-1
181,2,248.93,369.30,72.10,148.32,0.6236,-1,-1,-1
181,5,1149.36,518.39,68.02,168.27,0.8059,-1,-1,-1
181,6,586.33,234.99,52.97,140.21,0.6845,-1,-1,-1
181,7,1027.76,263.65,54.27,143.17,0.7429,-1,-1,-1
181,8,143.72,422.98,62.06,161.43,0.8033,-1,-1,-1
181,17,882.04,274.70,83.78,133.77,0.7783,-1,-1,-1
181,21,465.03,302.78,67.93,143.98,0.8137,-1,-1,-1
181,22,355.39,361.78,66.91,155.05,0.6348,-1,-1,-1
182,2,247.78,371.92,72.05,148.71,0.7100,-1,-1,-1
182,5,1151.36,518.45,67.89,168.86,0.7983,-1,-1,-1
182,6,587.19,234.11,51.36,136.15,0.6746,-1,-1,-1
182,7,1029.14,263.90,53.73,143.44,0.7465,-1,-1,-1
182,8,144.36,422.20,63.46,162.11,0.7880,-1,-1,-1
182,17,883.02,276.32,84.02,131.74,0.7617,-1,-1,-1
182,21,465.52,303.08,67.98,144.06,0.8109,-1,-1,-1
182,22,354.78,357.79,71.72,167.28,0.6100,-1,-1,-1
182,24,570.30,202.23,37.16,114.10,0.5669,-1,-1,-1
183,2,246.12,373.01,72.43,149.07,0.7078,-1,-1,-1
183,5,1153.29,518.42,67.73,169.04,0.7823,-1,-1,-1
183,6,587.89,232.03,50.82,135.01,0.6563,-1,-1,-1
183,7,1031.34,264.15,52.98,143.13,0.7645,-1,-1,-1
183,8,145.63,421.66,64.59,163.46,0.7369,-1,-1,-1
183,17,882.62,276.56,85.32,132.17,0.7799,-1,-1,-1
183,21,466.36,303.35,67.77,143.27,0.7969,-1,-1,-1
183,22,355.24,357.57,72.41,170.64,0.6210,-1,-1,-1
183,24,569.90,201.69,37.78,116.04,0.5780,-1,-1,-1
183,25,418.33,179.17,40.74,122.40,0.5518,-1,-1,-1
184,2,243.01,373.38,73.36,149.20,0.7175,-1,-1,-1
184,5,1156.29,518.77,67.60,169.39,0.8006,-1,-1,-1
184,6,588.09,229.63,52.04,138.19,0.5791,-1,-1,-1
184,7,1033.35,263.88,52.61,143.81,0.7720,-1,-1,-1
184,8,148.20,421.18,64.94,163.78,0.6911,-1,-1,-1
184,17,883.74,276.65,86.53,132.32,0.7723,-1,-1,-1
184,21,467.93,303.76,67.90,142.23,0.7997,-1,-1,-1
184,22,358.23,357.96,71.25,170.69,0.5964,-1,-1,-1
185,2,243.46,374.13,74.72,149.83,0.7366,-1,-1,-1
185,5,1160.19,520.49,67.33,169.34,0.8322,-1,-1,-1
185,6,589.70,227.77,53.39,142.48,0.6459,-1,-1,-1
185,7,1034.72,262.68,52.48,144.33,0.7394,-1,-1,-1
185,8,150.16,418.32,66.77,167.37,0.7599,-1,-1,-1
185,17,882.24,284.70,80.35,123.79,0.5930,-1,-1,-1
185,21,469.58,303.83,68.27,140.98,0.8114,-1,-1,-1
185,22,362.66,363.74,68.08,165.35,0.6020,-1,-1,-1
186,2,244.53,374.89,75.49,149.44,0.6956,-1,-1,-1
186,5,1163.11,522.04,67.42,169.77,0.8397,-1,-1,-1
186,6,592.66,227.84,52.27,139.59,0.6958,-1,-1,-1
186,7,1035.29,261.85,52.06,144.12,0.7316,-1,-1,-1
186,8,152.10,416.01,67.85,169.41,0.7424,-1,-1,-1
186,17,882.44,287.31,77.61,120.82,0.5766,-1,-1,-1
186,21,470.44,303.73,68.74,140.44,0.7890,-1,-1,-1
186,22,364.88,366.04,66.04,162.25,0.5521,-1,-1,-1
187,2,246.15,376.00,75.64,148.31,0.6896,-1,-1,-1
187,5,1164.91,522.45,68.01,170.83,0.8500,-1,-1,-1
187,6,594.20,226.58,52.92,140.17,0.6435,-1,-1,-1
187,7,1035.57,261.61,51.04,142.09,0.7535,-1,-1,-1
187,8,154.18,413.11,68.69,171.69,0.7071,-1,-1,-1
187,17,884.21,289.03,74.98,117.94,0.6310,-1,-1,-1
187,21,470.43,303.53,69.04,139.80,0.7546,-1,-1,-1
188,2,248.08,376.40,75.96,147.76,0.7529,-1,-1,-1
188,5,1166.24,522.83,68.12,170.36,0.8343,-1,-1,-1
188,6,595.54,226.43,53.07,139.28,0.6552,-1,-1,-1
188,7,1035.16,261.32,50.41,141.18,0.7765,-1,-1,-1
188,8,157.54,412.67,67.68,170.17,0.7475,-1,-1,-1
188,21,470.87,303.74,68.84,138.63,0.7673,-1,-1,-1
189,2,249.79,376.78,76.49,147.26,0.7344,-1,-1,-1
189,5,1167.84,523.44,68.18,169.95,0.7977,-1,-1,-1
189,6,596.06,226.96,53.38,139.18,0.6021,-1,-1,-1
189,7,1034.49,261.12,50.12,140.67,0.7657,-1,-1,-1
189,8,160.55,411.22,66.90,169.92,0.7415,-1,-1,-1
189,21,471.99,304.20,68.14,137.53,0.6933,-1,-1,-1
189,22,365.87,367.94,65.56,161.19,0.5579,-1,-1,-1
190,2,250.49,376.36,75.46,145.17,0.6612,-1,-1,-1
190,5,1172.67,525.68,68.09,168.70,0.8035,-1,-1,-1
190,6,596.94,226.73,52.16,135.09,0.5831,-1,-1,-1
190,7,1034.53,261.39,48.87,135.27,0.8211,-1,-1,-1
190,8,164.99,410.01,64.62,165.71,0.7294,-1,-1,-1
190,22,368.38,367.85,65.19,160.47,0.6040,-1,-1,-1
191,2,250.78,375.81,74.94,144.57,0.7028,-1,-1,-1
191,5,1176.27,527.44,67.88,167.69,0.7955,-1,-1,-1
191,6,596.93,226.45,51.87,134.85,0.5643,-1,-1,-1
191,7,1033.77,261.76,49.89,136.41,0.7725,-1,-1,-1
191,8,170.13,413.05,61.76,160.14,0.7174,-1,-1,-1
191,22,370.44,367.42,65.31,160.85,0.5941,-1,-1,-1
192,2,250.27,375.34,74.11,144.34,0.7179,-1,-1,-1
192,5,1178.91,527.82,68.15,168.98,0.7828,-1,-1,-1
192,6,596.11,224.40,52.45,137.20,0.6261,-1,-1,-1
192,7,1034.02,262.41,50.38,136.28,0.7574,-1,-1,-1
192,8,174.18,412.46,60.82,159.29,0.7264,-1,-1,-1
192,22,371.16,365.78,65.98,162.91,0.5775,-1,-1,-1
192,24,577.61,191.51,36.44,112.38,0.5727,-1,-1,-1
193,2,250.07,375.10,73.52,144.80,0.7139,-1,-1,-1
193,5,1181.12,527.82,68.44,170.07,0.7967,-1,-1,-1
193,6,593.44,222.62,53.51,139.48,0.6347,-1,-1,-1
193,7,1034.47,262.92,50.91,136.71,0.7474,-1,-1,-1
193,8,176.42,408.51,60.99,161.22,0.7203,-1,-1,-1
194,2,249.66,374.97,72.64,144.95,0.6865,-1,-1,-1
194,5,1183.42,528.41,68.17,169.74,0.7987,-1,-1,-1
194,6,592.43,224.32,53.38,137.86,0.6574,-1,-1,-1
194,7,1036.51,263.84,50.62,136.15,0.6927,-1,-1,-1
194,8,178.60,405.17,61.40,163.34,0.7141,-1,-1,-1
194,21,471.87,304.06,70.62,141.62,0.5566,-1,-1,-1
194,22,374.15,364.99,65.96,163.00,0.5987,-1,-1,-1
195,2,251.03,374.52,72.19,145.80,0.7158,-1,-1,-1
195,5,1186.31,528.07,68.32,170.41,0.8381,-1,-1,-1
195,6,588.07,223.22,54.55,137.38,0.6060,-1,-1,-1
195,7,1041.17,264.64,48.90,133.06,0.7133,-1,-1,-1
195,8,183.54,405.40,61.26,162.64,0.7318,-1,-1,-1
195,17,914.20,280.08,79.63,119.85,0.7160,-1,-1,-1
195,21,474.16,303.00,72.10,143.07,0.6777,-1,-1,-1
195,22,376.78,364.38,65.35,161.90,0.5624,-1,-1,-1
196,2,253.92,374.06,72.06,146.69,0.6848,-1,-1,-1
196,5,1188.50,528.08,68.45,170.77,0.8542,-1,-1,-1
196,6,586.86,224.20,54.77,134.78,0.6063,-1,-1,-1
196,7,1043.59,265.01,48.21,132.69,0.7221,-1,-1,-1
196,8,187.34,405.12,61.67,163.17,0.6904,-1,-1,-1
196,17,916.04,279.66,82.38,119.61,0.7565,-1,-1,-1
196,21,475.45,302.95,72.76,142.84,0.6400,-1,-1,-1
197,2,255.77,374.34,71.74,146.56,0.6965,-1,-1,-1
197,5,1190.27,528.67,68.79,171.38,0.8503,-1,-1,-1
197,6,585.90,222.44,56.45,136.72,0.6519,-1,-1,-1
197,7,1045.38,265.43,48.56,135.67,0.6925,-1,-1,-1
197,8,190.47,404.60,62.09,163.34,0.6604,-1,-1,-1
197,17,916.67,279.62,85.31,121.03,0.7248,-1,-1,-1
197,21,476.63,303.47,72.93,141.56,0.6266,-1,-1,-1
198,2,256.92,374.03,72.40,148.21,0.7256,-1,-1,-1
198,5,1192.14,531.00,68.13,169.44,0.8343,-1,-1,-1
198,6,583.34,214.19,60.92,146.35,0.6461,-1,-1,-1
198,7,1046.78,264.17,48.79,138.33,0.6622,-1,-1,-1
198,8,193.60,405.12,61.92,161.59,0.6494,-1,-1,-1
198,17,917.44,279.86,87.76,122.42,0.7732,-1,-1,-1
198,21,477.85,303.56,73.61,140.98,0.5815,-1,-1,-1
199,2,259.02,373.77,72.93,149.30,0.7416,-1,-1,-1
199,5,1194.10,533.24,67.43,167.72,0.8269,-1,-1,-1
199,6,582.48,209.87,63.25,151.05,0.6664,-1,-1,-1
199,7,1048.02,263.01,48.84,140.04,0.6382,-1,-1,-1
199,8,196.13,405.02,61.97,159.99,0.7072,-1,-1,-1
199,17,917.33,280.28,89.91,123.95,0.7424,-1,-1,-1
200,2,264.10,372.64,73.42,149.16,0.5657,-1,-1,-1
200,5,1195.48,534.45,67.06,166.60,0.8366,-1,-1,-1
200,6,585.11,212.16,61.84,145.41,0.7109,-1,-1,-1
200,7,1053.22,263.11,48.41,139.09,0.6597,-1,-1,-1
200,8,203.11,407.05,61.12,154.25,0.6358,-1,-1,-1
200,17,919.15,281.60,90.55,123.79,0.6631,-1,-1,-1
200,22,372.24,364.60,63.93,161.79,0.5665,-1,-1,-1
201,2,268.66,372.03,73.93,148.94,0.5957,-1,-1,-1
201,5,1195.55,535.17,66.87,164.84,0.8493,-1,-1,-1
201,6,586.55,210.40,61.80,143.77,0.7414,-1,-1,-1
201,7,1057.36,263.11,48.70,138.85,0.6752,-1,-1,-1
201,8,207.61,406.35,61.65,151.64,0.7457,-1,-1,-1
201,17,921.34,282.99,90.70,122.66,0.7125,-1,-1,-1
201,22,370.93,364.95,63.49,162.39,0.6303,-1,-1,-1
202,2,272.56,371.03,75.35,149.36,0.6579,-1,-1,-1
202,5,1194.98,536.33,67.06,163.43,0.8594,-1,-1,-1
202,6,586.26,205.54,62.94,145.85,0.7634,-1,-1,-1
202,7,1059.21,262.38,49.15,139.42,0.6693,-1,-1,-1
202,8,210.61,407.34,61.58,149.31,0.8179,-1,-1,-1
202,17,922.64,283.07,91.46,122.70,0.7552,-1,-1,-1
202,22,369.87,365.73,62.40,160.58,0.6447,-1,-1,-1
202,29,488.46,181.77,50.70,113.22,0.6348,-1,-1,-1
203,2,277.41,370.59,77.48,150.26,0.5640,-1,-1,-1
203,5,1194.02,537.30,67.79,162.93,0.8569,-1,-1,-1
203,6,585.26,201.66,63.73,147.91,0.7220,-1,-1,-1
203,7,1061.14,260.59,50.24,139.97,0.7106,-1,-1,-1
203,8,214.62,408.85,61.91,146.67,0.7690,-1,-1,-1
203,17,923.08,283.78,92.50,123.13,0.7573,-1,-1,-1
203,22,368.64,366.57,62.35,160.08,0.6491,-1,-1,-1
203,29,489.74,180.69,53.19,118.56,0.5954,-1,-1,-1
204,5,1192.27,537.76,69.05,163.20,0.8425,-1,-1,-1
204,6,585.72,202.04,62.83,146.37,0.7212,-1,-1,-1
204,7,1062.78,259.72,51.58,139.71,0.7019,-1,-1,-1
204,8,218.60,412.24,63.29,144.33,0.8012,-1,-1,-1
204,17,923.14,284.57,93.31,123.11,0.7049,-1,-1,-1
204,22,369.10,367.04,62.23,160.66,0.6121,-1,-1,-1
204,29,490.84,179.42,53.09,118.14,0.5817,-1,-1,-1
205,5,1190.59,537.85,71.12,164.73,0.8187,-1,-1,-1
205,6,587.28,205.68,60.01,140.19,0.6936,-1,-1,-1
205,7,1063.51,260.59,52.31,136.13,0.7388,-1,-1,-1
205,8,222.69,417.13,64.80,140.33,0.7734,-1,-1,-1
205,17,924.16,285.09,93.74,122.65,0.6822,-1,-1,-1
205,21,481.75,298.01,74.15,142.97,0.6968,-1,-1,-1
205,22,370.68,370.52,61.12,158.54,0.6582,-1,-1,-1
205,29,493.50,178.96,53.33,118.54,0.5563,-1,-1,-1
206,5,1189.61,536.86,72.94,165.78,0.8250,-1,-1,-1
206,6,587.92,207.32,58.67,137.38,0.6838,-1,-1,-1
206,7,1062.91,261.33,53.39,134.12,0.7434,-1,-1,-1
206,8,225.12,420.15,66.87,136.92,0.7991,-1,-1,-1
206,17,926.78,286.73,93.13,121.18,0.6014,-1,-1,-1
206,21,481.48,298.20,73.51,141.95,0.7193,-1,-1,-1
206,22,367.44,371.83,61.41,157.02,0.6388,-1,-1,-1
206,29,495.97,180.59,54.06,119.70,0.5567,-1,-1,-1
207,5,1189.25,535.90,74.97,167.60,0.8377,-1,-1,-1
207,6,587.83,205.43,59.08,139.62,0.6488,-1,-1,-1
207,7,1059.91,260.49,55.56,136.69,0.7763,-1,-1,-1
207,8,227.57,422.46,69.05,133.55,0.8122,-1,-1,-1
207,17,928.75,286.31,94.03,121.69,0.6666,-1,-1,-1
207,21,480.81,299.29,72.75,140.04,0.7181,-1,-1,-1
207,22,367.56,373.23,61.19,156.46,0.6528,-1,-1,-1
208,5,1189.29,535.05,76.57,168.69,0.8488,-1,-1,-1
208,6,588.80,206.66,58.11,138.59,0.6390,-1,-1,-1
208,7,1058.48,260.58,56.80,137.86,0.7527,-1,-1,-1
208,8,228.38,424.28,71.00,130.52,0.7559,-1,-1,-1
208,17,929.99,286.36,94.90,122.24,0.7531,-1,-1,-1
208,21,479.81,298.14,73.25,141.18,0.7451,-1,-1,-1
208,22,366.92,374.01,60.90,155.61,0.6791,-1,-1,-1
209,5,1189.57,534.88,77.83,169.10,0.8388,-1,-1,-1
209,6,588.69,204.24,58.98,142.00,0.6620,-1,-1,-1
209,7,1057.99,260.45,57.35,137.87,0.7652,-1,-1,-1
209,8,231.78,425.53,73.61,128.52,0.6985,-1,-1,-1
209,17,930.24,286.36,95.76,122.88,0.7789,-1,-1,-1
209,21,479.86,298.62,72.82,140.91,0.7485,-1,-1,-1
209,22,367.04,374.76,60.56,155.37,0.7109,-1,-1,-1
210,5,1190.30,534.43,78.63,169.14,0.8357,-1,-1,-1
210,6,589.32,201.81,59.43,144.43,0.6334,-1,-1,-1
210,7,1057.41,261.07,57.18,137.19,0.7398,-1,-1,-1
210,8,244.22,397.33,92.38,155.87,0.7224,-1,-1,-1
210,17,931.36,286.39,96.10,122.70,0.7469,-1,-1,-1
210,21,479.97,301.32,71.35,137.90,0.7186,-1,-1,-1
210,22,367.02,374.79,60.70,156.25,0.6489,-1,-1,-1
210,29,502.80,178.84,56.98,128.38,0.5647,-1,-1,-1
211,5,1190.43,534.59,78.99,168.90,0.8385,-1,-1,-1
211,6,588.62,200.07,60.09,146.60,0.6361,-1,-1,-1
211,7,1056.91,261.84,56.72,136.10,0.7488,-1,-1,-1
211,8,254.38,387.81,96.95,159.72,0.5654,-1,-1,-1
211,17,931.91,286.33,96.52,122.66,0.7695,-1,-1,-1
211,21,480.01,304.17,70.18,135.27,0.6958,-1,-1,-1
211,22,366.88,373.40,61.22,157.81,0.6192,-1,-1,-1
212,5,1190.31,535.02,78.84,168.01,0.8392,-1,-1,-1
212,6,586.47,196.21,61.81,150.64,0.6169,-1,-1,-1
212,7,1057.26,263.83,55.75,134.47,0.7179,-1,-1,-1
212,8,266.58,383.00,97.08,160.30,0.5671,-1,-1,-1
212,17,932.15,286.20,97.00,122.73,0.7891,-1,-1,-1
212,21,479.63,304.93,70.17,134.42,0.7134,-1,-1,-1
213,5,1190.07,535.21,78.34,166.90,0.8261,-1,-1,-1
213,6,586.45,195.31,61.94,150.44,0.6630,-1,-1,-1
213,7,1056.76,264.30,54.92,133.55,0.6960,-1,-1,-1
213,17,932.51,286.28,97.07,122.28,0.7680,-1,-1,-1
213,21,477.09,298.56,73.67,141.03,0.7016,-1,-1,-1
213,22,373.43,369.86,61.20,157.53,0.5604,-1,-1,-1
214,5,1188.82,535.04,77.42,166.15,0.8306,-1,-1,-1
214,6,587.70,195.75,61.18,148.31,0.6598,-1,-1,-1
214,7,1057.42,265.77,53.79,131.61,0.6646,-1,-1,-1
214,17,932.66,286.20,97.36,122.20,0.7915,-1,-1,-1
214,21,475.50,294.36,76.07,145.91,0.7505,-1,-1,-1
214,22,374.45,366.41,62.20,160.53,0.5704,-1,-1,-1
214,29,506.60,179.28,55.50,127.17,0.6202,-1,-1,-1
215,5,1183.71,534.58,75.69,167.01,0.8020,-1,-1,-1
215,6,589.09,198.16,59.37,142.38,0.6483,-1,-1,-1
215,7,1059.47,269.48,53.24,131.11,0.7105,-1,-1,-1
215,17,932.92,285.84,97.93,122.60,0.8267,-1,-1,-1
215,21,475.27,297.61,75.00,143.12,0.7196,-1,-1,-1
215,29,506.85,177.47,55.14,129.20,0.6480,-1,-1,-1
216,5,1180.17,534.40,73.58,167.89,0.8094,-1,-1,-1
216,6,588.12,199.50,59.41,140.06,0.6897,-1,-1,-1
216,7,1061.14,272.28,52.03,128.60,0.7533,-1,-1,-1
216,17,933.76,285.51,97.55,121.83,0.8286,-1,-1,-1
216,21,475.38,300.25,74.29,140.64,0.7054,-1,-1,-1
216,29,508.76,185.91,51.78,122.51,0.6758,-1,-1,-1
217,5,1176.64,534.58,71.63,169.07,0.8339,-1,-1,-1
217,6,585.86,197.84,60.04,139.79,0.7520,-1,-1,-1
217,7,1062.06,275.55,51.22,127.18,0.7683,-1,-1,-1
217,17,934.47,285.69,97.00,120.78,0.8470,-1,-1,-1
217,21,473.61,301.07,74.64,139.90,0.6998,-1,-1,-1
217,29,508.59,188.98,51.13,121.44,0.6446,-1,-1,-1
218,5,1174.97,535.15,69.55,169.49,0.8140,-1,-1,-1
218,6,583.09,192.14,62.43,144.48,0.7217,-1,-1,-1
218,7,1061.86,277.13,51.70,129.35,0.7590,-1,-1,-1
218,17,934.30,285.63,97.83,121.79,0.8506,-1,-1,-1
218,21,473.00,301.63,74.42,138.97,0.6886,-1,-1,-1
218,29,509.97,195.06,48.79,115.73,0.6329,-1,-1,-1
219,5,1171.22,535.61,68.05,169.39,0.7737,-1,-1,-1
219,6,580.86,188.52,64.10,147.83,0.7619,-1,-1,-1
219,7,1061.53,278.54,51.78,130.47,0.6815,-1,-1,-1
219,17,934.43,286.03,98.02,121.93,0.8362,-1,-1,-1
219,21,470.34,301.59,74.27,139.35,0.6125,-1,-1,-1
219,29,512.21,198.12,47.34,112.15,0.5628,-1,-1,-1
220,5,1163.51,535.89,68.19,169.37,0.8338,-1,-1,-1
220,6,579.09,188.19,64.65,148.45,0.7922,-1,-1,-1
220,7,1063.15,280.68,52.84,131.16,0.7003,-1,-1,-1
220,17,933.25,286.24,99.70,123.93,0.8280,-1,-1,-1
220,21,463.80,300.52,75.14,142.35,0.5933,-1,-1,-1
220,29,511.62,192.72,49.48,117.86,0.5816,-1,-1,-1
221,5,1157.79,535.75,69.31,169.59,0.8351,-1,-1,-1
221,6,578.05,187.04,65.17,149.58,0.7907,-1,-1,-1
221,7,1062.19,281.81,53.61,132.34,0.6387,-1,-1,-1
221,8,346.24,346.12,84.76,146.59,0.6457,-1,-1,-1
221,17,933.19,286.37,100.50,125.12,0.8344,-1,-1,-1
221,29,512.37,186.28,51.31,124.14,0.5913,-1,-1,-1
222,5,1154.93,535.76,70.79,170.08,0.8443,-1,-1,-1
222,6,578.18,190.60,63.88,146.07,0.8024,-1,-1,-1
222,7,1061.17,282.13,54.33,133.62,0.6249,-1,-1,-1
222,8,352.14,344.29,83.88,149.51,0.5543,-1,-1,-1
222,17,932.70,286.38,102.37,127.86,0.8362,-1,-1,-1
222,29,513.34,182.79,52.05,127.99,0.6022,-1,-1,-1
223,5,1153.40,535.48,72.50,171.07,0.8477,-1,-1,-1
223,6,578.08,191.85,63.45,144.79,0.7878,-1,-1,-1
223,7,1059.56,281.50,55.52,135.86,0.6490,-1,-1,-1
223,8,354.69,344.45,81.24,148.79,0.6592,-1,-1,-1
223,17,932.56,286.52,103.80,130.28,0.8400,-1,-1,-1
223,29,514.17,180.43,52.42,130.76,0.6254,-1,-1,-1
224,5,1152.11,534.83,74.19,171.78,0.8601,-1,-1,-1
224,6,578.09,194.13,62.55,142.51,0.7964,-1,-1,-1
224,7,1056.63,280.39,56.27,137.78,0.7190,-1,-1,-1
224,8,359.59,344.93,79.92,146.54,0.6452,-1,-1,-1
224,17,932.13,286.92,106.13,134.23,0.8477,-1,-1,-1
224,29,514.88,180.51,51.40,130.05,0.5889,-1,-1,-1
225,5,1151.04,534.89,75.35,171.63,0.8440,-1,-1,-1
225,6,578.88,198.95,60.70,137.71,0.8192,-1,-1,-1
225,7,1050.14,279.49,56.27,139.72,0.7677,-1,-1,-1
225,8,357.15,346.72,78.83,142.54,0.6655,-1,-1,-1
225,17,932.27,287.08,106.86,136.05,0.8348,-1,-1,-1
225,29,516.04,176.52,51.99,132.66,0.5672,-1,-1,-1
226,5,1150.13,534.85,75.71,170.43,0.8301,-1,-1,-1
226,6,579.03,200.12,60.30,136.41,0.8242,-1,-1,-1
226,7,1046.89,277.03,56.25,141.66,0.7746,-1,-1,-1
226,8,357.68,348.71,79.13,137.62,0.7515,-1,-1,-1
226,17,933.10,287.74,106.56,136.72,0.8488,-1,-1,-1
226,29,517.43,173.26,52.61,135.50,0.5645,-1,-1,-1
227,5,1148.39,533.96,76.21,170.35,0.8092,-1,-1,-1
227,6,578.74,197.68,61.20,138.51,0.7908,-1,-1,-1
227,7,1045.17,275.48,55.77,142.19,0.7658,-1,-1,-1
227,8,354.35,349.28,79.76,135.13,0.7588,-1,-1,-1
227,17,934.72,287.84,105.70,136.25,0.8231,-1,-1,-1
227,29,517.77,169.30,53.70,139.45,0.5674,-1,-1,-1
227,30,411.02,447.10,72.58,132.92,0.5639,-1,-1,-1
228,5,1146.45,532.58,75.81,170.12,0.7778,-1,-1,-1
228,6,577.64,193.73,62.67,142.15,0.7419,-1,-1,-1
228,7,1045.04,273.59,55.21,142.84,0.7909,-1,-1,-1
228,8,349.06,349.25,81.13,133.84,0.7995,-1,-1,-1
228,17,935.72,287.98,105.00,136.61,0.8241,-1,-1,-1
228,29,519.38,166.72,52.95,139.53,0.5672,-1,-1,-1
228,30,414.77,449.47,72.79,133.49,0.7032,-1,-1,-1
229,5,1144.60,531.82,74.74,170.23,0.7637,-1,-1,-1
229,6,574.53,183.47,66.70,152.48,0.6816,-1,-1,-1
229,7,1044.67,272.55,54.95,143.58,0.8533,-1,-1,-1
229,8,346.39,349.41,83.16,134.14,0.8247,-1,-1,-1
229,17,937.01,287.30,104.47,137.30,0.8153,-1,-1,-1
229,29,520.69,165.62,51.76,138.54,0.5889,-1,-1,-1
229,30,417.20,448.51,73.46,135.13,0.8138,-1,-1,-1
230,5,1137.90,530.21,72.04,169.52,0.7746,-1,-1,-1
230,6,572.15,175.16,68.82,159.86,0.6983,-1,-1,-1
230,7,1042.95,273.80,56.02,145.73,0.8128,-1,-1,-1
230,8,342.76,347.40,85.61,136.53,0.8131,-1,-1,-1
230,17,940.22,287.04,103.61,136.77,0.7699,-1,-1,-1
230,21,469.56,363.11,55.83,99.32,0.5550,-1,-1,-1
230,29,520.85,160.89,53.10,144.03,0.6172,-1,-1,-1
230,30,421.11,450.46,72.27,133.18,0.7155,-1,-1,-1
231,5,1132.71,528.51,70.01,170.72,0.7649,-1,-1,-1
231,6,570.85,171.97,68.54,162.02,0.6622,-1,-1,-1
231,7,1040.91,274.22,57.51,148.59,0.8179,-1,-1,-1
231,8,340.14,345.84,87.23,138.16,0.7517,-1,-1,-1
231,17,944.95,287.63,101.96,134.78,0.6737,-1,-1,-1
231,21,475.29,363.29,62.76,101.71,0.5779,-1,-1,-1
231,29,521.39,159.60,52.94,145.11,0.6274,-1,-1,-1
231,30,425.03,454.59,69.99,129.20,0.7909,-1,-1,-1
232,5,1128.16,527.76,68.49,171.74,0.7793,-1,-1,-1
232,6,570.85,174.78,66.14,158.53,0.6866,-1,-1,-1
232,7,1038.79,276.80,58.54,149.41,0.8058,-1,-1,-1
232,8,337.94,344.41,89.60,141.45,0.8297,-1,-1,-1
232,17,947.23,287.03,101.20,134.75,0.7540,-1,-1,-1
232,29,522.10,159.80,51.88,144.15,0.6297,-1,-1,-1
232,30,427.93,457.83,68.45,126.60,0.7174,-1,-1,-1
233,5,1123.80,526.80,67.30,171.69,0.8147,-1,-1,-1
233,6,571.24,176.19,64.33,156.18,0.6855,-1,-1,-1
233,7,1036.79,279.59,59.32,150.48,0.7852,-1,-1,-1
233,8,334.02,342.84,93.14,147.51,0.8156,-1,-1,-1
233,17,946.71,286.47,99.95,134.75,0.7905,-1,-1,-1
233,29,523.17,159.75,50.49,142.13,0.5812,-1,-1,-1
233,30,429.70,458.55,67.72,125.43,0.6453,-1,-1,-1
234,5,1117.54,527.05,66.57,169.90,0.7996,-1,-1,-1
234,6,571.96,178.79,62.23,152.48,0.7027,-1,-1,-1
234,7,1034.11,282.05,59.82,151.30,0.8258,-1,-1,-1
234,8,326.03,341.89,92.58,150.21,0.7740,-1,-1,-1
234,17,950.20,285.74,99.02,135.71,0.7252,-1,-1,-1
234,21,503.24,362.63,77.50,116.95,0.6283,-1,-1,-1
234,29,524.93,160.22,47.73,135.76,0.6244,-1,-1,-1
234,30,433.11,461.35,65.48,121.60,0.6820,-1,-1,-1
235,5,1110.08,526.24,67.69,169.53,0.8292,-1,-1,-1
235,6,572.39,180.02,60.76,149.98,0.7069,-1,-1,-1
235,7,1030.56,284.19,60.91,154.59,0.8005,-1,-1,-1
235,8,319.10,342.38,88.90,148.54,0.7630,-1,-1,-1
235,17,953.90,285.74,96.60,134.06,0.6899,-1,-1,-1
235,21,502.47,364.47,83.17,117.33,0.6325,-1,-1,-1
235,29,525.62,158.97,47.40,136.55,0.5915,-1,-1,-1
235,30,437.51,464.80,63.41,117.63,0.7506,-1,-1,-1
236,5,1100.68,525.23,69.77,167.27,0.8183,-1,-1,-1
236,6,572.00,181.05,59.31,147.32,0.6517,-1,-1,-1
236,7,1026.22,286.39,60.68,157.14,0.7860,-1,-1,-1
236,8,313.23,347.11,88.27,152.72,0.6488,-1,-1,-1
236,21,509.39,370.37,81.80,110.10,0.7431,-1,-1,-1
236,29,525.96,157.92,46.88,137.30,0.5687,-1,-1,-1
236,30,441.88,470.27,61.20,112.41,0.7380,-1,-1,-1
236,31,447.65,295.97,74.16,144.64,0.7336,-1,-1,-1
237,5,1096.29,525.86,72.15,164.97,0.8335,-1,-1,-1
237,6,571.49,181.90,58.44,145.77,0.6300,-1,-1,-1
237,7,1024.72,288.09,60.07,158.58,0.7971,-1,-1,-1
237,8,310.32,350.14,88.97,160.02,0.6361,-1,-1,-1
237,21,513.64,373.25,83.68,111.15,0.8033,-1,-1,-1
237,30,442.77,471.70,60.91,110.95,0.7587,-1,-1,-1
237,31,444.06,296.09,74.23,144.58,0.7166,-1,-1,-1
238,5,1092.69,526.64,74.89,163.66,0.8517,-1,-1,-1
238,6,570.45,183.47,58.05,144.19,0.6460,-1,-1,-1
238,7,1024.16,289.86,58.88,158.02,0.7877,-1,-1,-1
238,8,311.20,349.53,82.98,154.68,0.6324,-1,-1,-1
238,21,513.95,374.06,89.57,119.30,0.5683,-1,-1,-1
238,30,442.28,471.29,61.63,111.59,0.7738,-1,-1,-1
238,31,440.83,297.62,73.43,142.67,0.6314,-1,-1,-1
239,5,1088.86,526.40,77.73,163.01,0.8639,-1,-1,-1
239,6,569.33,183.64,58.30,143.79,0.7099,-1,-1,-1
239,7,1024.51,291.01,57.61,156.82,0.8020,-1,-1,-1
239,21,497.14,374.38,98.60,126.62,0.5811,-1,-1,-1
239,30,439.98,466.37,64.29,116.37,0.7801,-1,-1,-1
239,31,438.18,302.33,70.77,136.87,0.6656,-1,-1,-1
240,5,1085.52,526.46,79.78,161.19,0.8844,-1,-1,-1
240,6,567.99,180.15,59.98,147.20,0.6555,-1,-1,-1
240,7,1024.67,291.47,56.82,156.24,0.8025,-1,-1,-1
240,21,488.71,375.15,105.85,132.75,0.6215,-1,-1,-1
240,30,438.10,462.38,66.38,119.77,0.6981,-1,-1,-1
240,31,434.59,304.49,71.16,136.99,0.7528,-1,-1,-1
241,5,1081.25,524.09,81.78,160.24,0.8924,-1,-1,-1
241,6,568.03,178.77,60.57,147.37,0.5790,-1,-1,-1
241,7,1025.85,289.89,55.99,156.55,0.7715,-1,-1,-1
241,8,301.76,357.53,81.75,157.87,0.6106,-1,-1,-1
241,31,430.03,308.57,69.35,132.33,0.6959,-1,-1,-1
241,33,939.96,308.57,49.14,114.34,0.6856,-1,-1,-1
242,5,1077.23,522.33,84.27,161.12,0.8787,-1,-1,-1
242,7,1026.35,288.75,55.00,156.05,0.7716,-1,-1,-1
242,8,302.16,358.61,79.12,157.96,0.5884,-1,-1,-1
242,21,487.52,375.85,102.48,132.30,0.6423,-1,-1,-1
242,31,427.55,310.26,68.84,130.12,0.7249,-1,-1,-1
242,33,933.79,308.88,49.52,113.58,0.6774,-1,-1,-1
243,5,1073.09,520.43,85.20,161.49,0.8594,-1,-1,-1
243,7,1026.96,287.87,54.13,155.57,0.7676,-1,-1,-1
243,21,488.28,375.64,98.27,130.24,0.6155,-1,-1,-1
243,31,425.60,309.16,70.71,132.16,0.7233,-1,-1,-1
243,33,927.39,306.79,51.29,115.09,0.7745,-1,-1,-1
244,5,1068.77,518.44,85.49,161.88,0.8744,-1,-1,-1
244,7,1028.59,286.63,53.49,154.95,0.7367,-1,-1,-1
244,8,304.17,357.07,76.14,157.52,0.5900,-1,-1,-1
244,31,422.84,307.76,72.36,133.47,0.7234,-1,-1,-1
244,33,924.94,305.65,52.57,115.35,0.8088,-1,-1,-1
245,5,1064.54,516.88,84.91,161.75,0.8641,-1,-1,-1
245,7,1030.68,286.04,53.13,153.58,0.6992,-1,-1,-1
245,31,417.60,306.77,72.90,133.83,0.7118,-1,-1,-1
245,33,922.03,304.17,54.17,115.80,0.7469,-1,-1,-1
246,5,1055.89,513.88,82.49,163.87,0.7458,-1,-1,-1
246,7,1031.58,285.10,53.06,151.67,0.6324,-1,-1,-1
246,8,308.19,353.02,72.33,154.84,0.6522,-1,-1,-1
246,21,470.33,369.01,96.80,131.33,0.6022,-1,-1,-1
246,31,409.77,303.68,74.57,136.40,0.6390,-1,-1,-1
246,33,905.06,303.62,55.81,114.94,0.6643,-1,-1,-1
247,5,1050.11,511.94,78.52,163.52,0.7489,-1,-1,-1
247,7,1031.41,285.03,53.19,149.39,0.6868,-1,-1,-1
247,8,311.13,351.42,69.91,153.08,0.6696,-1,-1,-1
247,21,464.91,368.40,98.86,139.80,0.7336,-1,-1,-1
247,30,409.19,443.69,79.61,139.82,0.7465,-1,-1,-1
247,31,405.52,300.74,76.62,140.24,0.6860,-1,-1,-1
247,33,890.62,303.29,57.30,113.67,0.6735,-1,-1,-1
248,5,1045.78,510.17,74.93,163.23,0.7674,-1,-1,-1
248,7,1030.69,285.19,53.61,147.85,0.6965,-1,-1,-1
248,8,311.78,350.31,68.96,154.09,0.6368,-1,-1,-1
248,21,459.65,368.56,100.59,149.50,0.6144,-1,-1,-1
248,30,403.16,442.91,82.20,140.71,0.7130,-1,-1,-1
248,31,402.47,298.56,76.93,140.94,0.6311,-1,-1,-1
248,33,879.52,303.04,58.78,112.86,0.6116,-1,-1,-1
249,5,1042.75,508.86,71.03,161.68,0.7453,-1,-1,-1
249,7,1028.33,283.78,54.32,148.45,0.7076,-1,-1,-1
249,8,312.79,349.57,67.83,154.92,0.6273,-1,-1,-1
249,21,456.35,369.95,98.33,154.07,0.6435,-1,-1,-1
249,30,399.91,445.99,80.92,135.23,0.6138,-1,-1,-1
249,31,401.00,296.11,77.17,142.23,0.6667,-1,-1,-1
249,33,869.46,301.95,60.70,113.53,0.5878,-1,-1,-1
250,5,1038.57,507.32,67.96,160.39,0.7670,-1,-1,-1
250,7,1025.53,283.08,54.71,148.92,0.7310,-1,-1,-1
250,21,453.83,372.28,93.72,154.98,0.5920,-1,-1,-1
250,31,402.51,294.28,69.19,127.33,0.6226,-1,-1,-1
250,33,859.92,300.93,62.10,114.10,0.6183,-1,-1,-1
251,5,1032.16,505.37,66.26,159.36,0.7643,-1,-1,-1
251,7,1020.46,281.88,54.21,148.39,0.7868,-1,-1,-1
251,31,398.25,292.17,70.51,130.97,0.6718,-1,-1,-1
251,33,847.00,298.12,65.62,119.11,0.7660,-1,-1,-1
252,5,1027.81,503.68,65.14,157.79,0.7794,-1,-1,-1
252,7,1017.82,281.23,52.82,145.55,0.7608,-1,-1,-1
252,8,323.68,350.32,66.22,148.32,0.6036,-1,-1,-1
252,31,395.20,291.56,74.10,138.62,0.6943,-1,-1,-1
252,33,838.17,295.88,68.28,122.85,0.8051,-1,-1,-1
253,5,1024.73,502.10,64.42,156.28,0.7790,-1,-1,-1
253,7,1014.22,277.41,52.90,147.52,0.7715,-1,-1,-1
253,8,323.19,350.79,68.02,148.37,0.6630,-1,-1,-1
253,21,449.89,387.16,86.54,142.38,0.6858,-1,-1,-1
253,31,391.00,292.71,77.21,145.85,0.7264,-1,-1,-1
253,33,836.38,295.16,67.98,123.86,0.6329,-1,-1,-1
254,5,1021.44,500.12,64.35,155.49,0.8224,-1,-1,-1
254,6,582.51,160.29,50.00,123.80,0.5604,-1,-1,-1
254,7,1012.29,275.53,52.04,147.42,0.7357,-1,-1,-1
254,8,324.59,351.44,69.34,148.54,0.6021,-1,-1,-1
254,21,442.82,389.42,83.74,138.91,0.6312,-1,-1,-1
254,30,387.34,450.64,81.30,135.83,0.5760,-1,-1,-1
254,31,389.26,293.85,73.06,139.39,0.5609,-1,-1,-1
255,5,1017.61,496.62,65.53,156.35,0.8046,-1,-1,-1
255,6,584.13,161.35,48.44,121.11,0.5757,-1,-1,-1
255,7,1010.63,275.41,50.75,146.31,0.6844,-1,-1,-1
255,8,325.04,351.84,71.79,150.44,0.6593,-1,-1,-1
255,21,437.67,390.91,81.53,136.21,0.6837,-1,-1,-1
255,31,388.81,295.87,70.13,134.57,0.6092,-1,-1,-1
255,33,821.85,294.45,66.76,122.92,0.6564,-1,-1,-1
256,5,1012.52,492.33,66.76,158.07,0.8008,-1,-1,-1
256,6,585.86,153.26,49.98,127.18,0.6075,-1,-1,-1
256,7,1008.63,273.70,50.04,146.25,0.6947,-1,-1,-1
256,8,325.53,349.47,73.22,149.17,0.6043,-1,-1,-1
256,21,434.98,393.41,78.21,131.72,0.6412,-1,-1,-1
256,33,812.58,294.21,65.10,121.32,0.7856,-1,-1,-1
257,5,1009.39,490.11,66.71,156.74,0.7452,-1,-1,-1
257,6,588.75,157.02,47.87,122.67,0.6281,-1,-1,-1
257,7,1007.72,272.11,49.43,146.48,0.6857,-1,-1,-1
257,8,324.23,346.66,75.49,148.54,0.5769,-1,-1,-1
257,21,432.23,396.44,75.31,128.74,0.6391,-1,-1,-1
257,30,387.55,446.90,81.67,136.90,0.5594,-1,-1,-1
257,31,388.11,304.32,65.90,125.10,0.6074,-1,-1,-1
257,33,804.81,292.76,63.88,120.98,0.7736,-1,-1,-1
258,5,1005.18,488.34,63.32,149.60,0.6727,-1,-1,-1
258,6,590.59,157.72,47.00,121.08,0.6668,-1,-1,-1
258,7,1007.17,270.84,48.96,146.73,0.6933,-1,-1,-1
258,8,329.76,343.08,78.45,153.11,0.6169,-1,-1,-1
258,21,431.55,399.18,74.26,128.76,0.6933,-1,-1,-1
258,30,387.82,441.98,83.71,141.74,0.6082,-1,-1,-1
258,31,388.80,306.84,64.79,123.19,0.6100,-1,-1,-1
258,33,797.54,293.63,61.81,118.18,0.7327,-1,-1,-1
259,5,999.79,487.08,59.65,143.79,0.6430,-1,-1,-1
259,6,592.04,159.72,46.01,118.39,0.6633,-1,-1,-1
259,7,1007.49,270.07,48.05,145.87,0.6742,-1,-1,-1
259,8,332.05,342.94,79.74,153.98,0.5791,-1,-1,-1
259,21,429.80,402.04,73.41,129.16,0.6417,-1,-1,-1
259,31,387.25,307.90,62.61,118.61,0.6614,-1,-1,-1
259,33,792.33,293.43,60.96,117.19,0.7876,-1,-1,-1
260,5,995.99,485.19,58.95,145.43,0.5692,-1,-1,-1
260,6,591.47,160.16,45.49,115.10,0.5942,-1,-1,-1
260,7,1007.24,268.02,47.33,146.10,0.6047,-1,-1,-1
260,21,428.32,403.74,72.82,129.43,0.6043,-1,-1,-1
260,33,786.40,292.41,61.96,118.08,0.7676,-1,-1,-1
261,5,989.83,481.88,56.40,143.72,0.6638,-1,-1,-1
261,6,595.70,160.23,44.87,113.25,0.5930,-1,-1,-1
261,7,1006.45,265.93,46.76,145.63,0.5557,-1,-1,-1
261,8,342.14,349.35,72.31,134.69,0.5735,-1,-1,-1
261,21,430.89,405.03,69.07,123.67,0.6588,-1,-1,-1
261,30,391.59,445.19,81.24,138.40,0.6610,-1,-1,-1
261,33,772.36,292.85,66.15,122.11,0.6088,-1,-1,-1
262,5,985.26,480.10,54.00,141.94,0.6810,-1,-1,-1
262,6,597.96,161.30,44.52,111.77,0.5803,-1,-1,-1
262,7,989.97,261.67,50.87,148.33,0.5746,-1,-1,-1
262,21,432.94,406.04,67.36,120.25,0.6313,-1,-1,-1
262,30,395.57,446.72,79.70,136.29,0.6648,-1,-1,-1
263,5,981.61,478.83,52.66,142.36,0.6752,-1,-1,-1
263,6,601.76,161.25,44.36,112.07,0.6498,-1,-1,-1
263,7,981.64,257.58,55.17,151.53,0.6189,-1,-1,-1
263,21,434.61,407.18,66.54,117.34,0.6197,-1,-1,-1
263,30,396.98,440.52,82.35,142.15,0.7003,-1,-1,-1
263,33,755.14,294.48,65.35,122.71,0.5730,-1,-1,-1
264,5,978.40,477.28,51.68,142.55,0.6462,-1,-1,-1
264,6,604.43,162.67,43.92,110.76,0.6791,-1,-1,-1
264,7,976.69,255.89,58.54,152.13,0.6118,-1,-1,-1
264,30,398.95,437.20,83.00,144.66,0.6936,-1,-1,-1
264,33,752.23,293.04,65.57,124.65,0.6503,-1,-1,-1
265,5,975.25,475.62,51.53,144.24,0.7084,-1,-1,-1
265,6,607.32,164.20,43.22,109.03,0.6750,-1,-1,-1
265,7,974.96,254.72,60.85,150.84,0.6295,-1,-1,-1
265,33,747.36,294.69,62.76,121.56,0.5973,-1,-1,-1
266,5,973.95,475.50,51.01,143.39,0.7255,-1,-1,-1
266,6,610.16,166.16,41.93,105.53,0.6106,-1,-1,-1
266,7,973.79,254.51,61.14,146.60,0.7085,-1,-1,-1
266,8,352.87,313.21,85.84,157.29,0.6707,-1,-1,-1
266,29,538.71,167.69,53.39,149.48,0.6176,-1,-1,-1
266,30,403.79,433.89,79.88,142.39,0.5736,-1,-1,-1
266,33,742.59,293.16,61.55,122.42,0.8007,-1,-1,-1
267,5,972.31,475.51,50.80,141.97,0.7391,-1,-1,-1
267,6,610.25,160.86,43.97,110.32,0.6042,-1,-1,-1
267,7,972.08,254.12,61.34,143.07,0.7349,-1,-1,-1
267,8,354.80,309.78,87.98,158.90,0.7313,-1,-1,-1
267,21,440.60,406.50,64.90,111.89,0.6176,-1,-1,-1
267,30,406.83,431.64,78.11,142.47,0.6211,-1,-1,-1
267,33,738.90,293.46,59.00,120.08,0.8109,-1,-1,-1
268,5,969.97,475.18,50.87,140.30,0.7266,-1,-1,-1
268,6,611.88,164.11,43.18,107.09,0.5999,-1,-1,-1
268,7,971.47,254.17,61.41,139.87,0.7758,-1,-1,-1
268,8,357.17,308.88,88.58,157.45,0.7563,-1,-1,-1
268,33,735.78,293.77,58.20,120.68,0.8449,-1,-1,-1
269,5,967.79,474.12,51.45,139.47,0.6881,-1,-1,-1
269,6,614.23,167.07,42.37,104.74,0.6399,-1,-1,-1
269,7,970.80,253.89,61.96,138.41,0.7893,-1,-1,-1
269,8,359.64,309.33,89.10,155.99,0.6864,-1,-1,-1
269,33,732.73,294.38,58.47,122.43,0.8554,-1,-1,-1
270,5,965.25,474.43,51.63,138.14,0.6466,-1,-1,-1
270,6,616.27,166.29,42.65,105.70,0.6398,-1,-1,-1
270,7,970.33,253.79,62.34,137.08,0.7761,-1,-1,-1
270,8,361.70,309.67,89.13,154.59,0.7351,-1,-1,-1
270,29,537.41,166.63,54.91,152.84,0.6101,-1,-1,-1
270,33,727.73,295.55,57.83,121.40,0.8144,-1,-1,-1
271,5,961.58,473.78,51.18,137.49,0.6049,-1,-1,-1
271,7,969.65,253.75,61.89,134.15,0.7546,-1,-1,-1
271,8,361.15,310.16,88.93,153.58,0.7656,-1,-1,-1
271,29,536.01,166.09,56.10,156.12,0.5919,-1,-1,-1
271,33,717.64,298.45,57.90,119.73,0.7454,-1,-1,-1
272,5,959.68,472.30,49.53,134.20,0.6082,-1,-1,-1
272,7,969.26,254.01,61.90,132.51,0.7340,-1,-1,-1
272,8,361.03,312.57,87.83,150.45,0.6854,-1,-1,-1
272,29,535.97,164.81,57.31,158.79,0.6135,-1,-1,-1
272,33,707.95,301.53,58.63,119.64,0.6812,-1,-1,-1
273,5,957.63,471.58,47.76,131.16,0.5848,-1,-1,-1
273,7,968.52,254.34,62.56,132.35,0.7506,-1,-1,-1
273,8,361.40,312.63,88.63,150.22,0.6347,-1,-1,-1
273,29,535.62,165.23,57.87,160.40,0.5511,-1,-1,-1
274,7,969.07,255.44,62.34,130.90,0.7732,-1,-1,-1
274,8,361.62,314.29,87.98,147.78,0.6871,-1,-1,-1
275,7,969.31,255.63,62.38,130.48,0.7678,-1,-1,-1
275,8,361.82,314.21,88.43,147.87,0.7288,-1,-1,-1
275,29,531.88,171.66,55.02,154.54,0.5750,-1,-1,-1
275,30,421.29,413.58,83.69,154.94,0.5628,-1,-1,-1
275,33,693.99,308.85,58.65,115.87,0.5870,-1,-1,-1
276,5,947.51,468.35,46.59,131.65,0.5506,-1,-1,-1
276,7,968.64,255.65,62.59,130.37,0.7818,-1,-1,-1
276,8,362.60,315.39,88.50,147.08,0.7126,-1,-1,-1
276,30,425.41,408.17,87.16,160.24,0.6602,-1,-1,-1
276,33,694.08,312.94,56.48,109.88,0.5905,-1,-1,-1
277,5,946.78,468.47,43.15,123.86,0.6061,-1,-1,-1
277,6,608.57,130.51,55.84,141.60,0.5759,-1,-1,-1
277,7,968.36,256.24,62.31,129.33,0.7636,-1,-1,-1
277,8,362.74,318.49,86.55,142.43,0.7425,-1,-1,-1
277,30,425.60,406.04,88.71,162.43,0.6374,-1,-1,-1
277,33,690.72,311.61,58.44,111.50,0.5642,-1,-1,-1
277,36,1078.46,659.29,65.47,60.65,0.5768,-1,-1,-1
278,5,945.80,469.01,41.04,118.43,0.6364,-1,-1,-1
278,6,609.11,128.77,55.50,143.34,0.5786,-1,-1,-1
278,7,968.22,256.56,61.97,128.54,0.7358,-1,-1,-1
278,8,361.44,317.96,88.11,143.79,0.7476,-1,-1,-1
278,30,426.54,405.02,90.10,163.97,0.6724,-1,-1,-1
278,36,1078.49,659.16,65.64,60.80,0.5837,-1,-1,-1
279,5,944.88,469.04,40.20,115.61,0.6688,-1,-1,-1
279,6,609.47,124.31,55.76,147.19,0.5830,-1,-1,-1
279,7,967.67,256.13,62.07,128.97,0.7235,-1,-1,-1
279,8,360.96,319.11,87.93,142.02,0.6246,-1,-1,-1
279,29,524.05,180.50,54.17,149.31,0.5537,-1,-1,-1
279,30,427.22,404.30,91.03,164.56,0.6996,-1,-1,-1
279,33,677.97,311.43,60.38,111.59,0.5586,-1,-1,-1
279,36,1078.70,659.31,65.44,60.61,0.5775,-1,-1,-1
280,5,944.11,468.61,40.04,114.89,0.6386,-1,-1,-1
280,6,611.05,124.26,54.29,147.45,0.5727,-1,-1,-1
280,7,966.91,256.23,60.82,126.68,0.7051,-1,-1,-1
280,8,360.53,319.77,88.44,141.86,0.6963,-1,-1,-1
280,30,428.23,404.10,91.43,164.22,0.6993,-1,-1,-1
281,5,941.76,466.08,40.81,117.37,0.6673,-1,-1,-1
281,6,612.84,123.59,53.17,147.72,0.5728,-1,-1,-1
281,7,967.06,255.91,59.77,124.36,0.7003,-1,-1,-1
281,8,357.57,321.00,89.42,141.91,0.7310,-1,-1,-1
281,30,428.50,405.47,91.88,162.23,0.7858,-1,-1,-1
281,33,672.02,306.21,61.27,114.79,0.6380,-1,-1,-1
282,5,940.76,464.30,41.22,119.08,0.7070,-1,-1,-1
282,6,614.38,124.97,51.86,146.17,0.6418,-1,-1,-1
282,7,967.56,255.63,59.21,123.00,0.6701,-1,-1,-1
282,8,355.92,316.81,92.99,146.86,0.7212,-1,-1,-1
282,30,428.91,406.30,92.15,160.83,0.7888,-1,-1,-1
282,33,669.32,304.23,61.56,116.18,0.6835,-1,-1,-1
282,36,1078.88,659.15,65.51,60.71,0.5737,-1,-1,-1
283,5,940.69,462.13,41.52,120.76,0.7344,-1,-1,-1
283,6,615.95,125.54,51.50,145.78,0.5999,-1,-1,-1
283,7,967.47,255.18,59.49,123.23,0.6188,-1,-1,-1
283,8,355.67,313.05,95.45,150.71,0.6953,-1,-1,-1
283,30,429.41,407.19,92.46,159.97,0.8170,-1,-1,-1
283,33,668.64,303.74,61.19,117.07,0.6860,-1,-1,-1
283,36,1078.95,659.34,65.21,60.49,0.5505,-1,-1,-1
284,5,940.39,459.78,42.01,123.31,0.7137,-1,-1,-1
284,6,615.14,127.65,50.40,144.07,0.5723,-1,-1,-1
284,7,966.98,254.47,60.14,124.40,0.6091,-1,-1,-1
284,8,355.01,311.60,95.40,151.26,0.6149,-1,-1,-1
284,30,429.64,407.96,92.59,159.15,0.7545,-1,-1,-1
284,33,666.29,304.33,61.64,119.35,0.6690,-1,-1,-1
284,36,1079.14,659.23,65.27,60.64,0.5628,-1,-1,-1
285,5,940.18,457.70,42.26,125.43,0.7016,-1,-1,-1
285,6,614.21,130.16,49.34,142.58,0.5564,-1,-1,-1
285,7,966.30,254.21,60.31,124.54,0.6167,-1,-1,-1
285,8,354.38,312.12,94.08,150.52,0.6029,-1,-1,-1
285,30,429.45,409.98,92.27,157.34,0.6811,-1,-1,-1
285,33,665.36,305.14,61.18,119.46,0.6875,-1,-1,-1
286,5,939.09,453.84,43.17,129.69,0.6730,-1,-1,-1
286,7,965.27,254.15,61.26,125.86,0.6486,-1,-1,-1
286,30,427.85,417.00,89.46,150.83,0.6380,-1,-1,-1
286,33,666.03,304.94,59.51,117.54,0.6410,-1,-1,-1
287,5,938.25,449.67,44.07,134.77,0.6346,-1,-1,-1
287,7,963.26,254.07,62.23,126.19,0.6647,-1,-1,-1
287,29,524.87,195.78,49.19,131.21,0.5843,-1,-1,-1
287,30,427.27,419.88,88.15,147.82,0.6386,-1,-1,-1
287,33,667.13,305.12,58.87,118.24,0.6362,-1,-1,-1
288,5,937.29,448.02,44.23,137.34,0.6348,-1,-1,-1
288,6,613.87,137.84,46.06,133.38,0.5615,-1,-1,-1
288,7,962.86,254.00,62.75,125.96,0.6239,-1,-1,-1
288,8,348.66,309.06,95.06,152.97,0.5709,-1,-1,-1
288,30,425.59,420.82,87.82,146.85,0.6841,-1,-1,-1
288,33,667.57,304.97,57.22,116.21,0.6075,-1,-1,-1
289,5,935.96,445.93,44.60,140.20,0.6645,-1,-1,-1
289,6,612.74,136.72,45.89,134.38,0.6035,-1,-1,-1
289,8,346.66,308.19,94.80,153.58,0.5729,-1,-1,-1
289,30,423.66,420.92,87.64,146.64,0.6538,-1,-1,-1
289,33,667.68,305.03,55.98,114.68,0.6625,-1,-1,-1
290,5,935.36,443.84,44.63,142.16,0.6889,-1,-1,-1
290,6,613.48,141.53,43.72,128.71,0.6447,-1,-1,-1
290,7,960.85,253.72,63.03,125.98,0.5527,-1,-1,-1
290,8,346.53,307.84,94.33,153.90,0.5779,-1,-1,-1
290,30,421.08,420.19,87.40,147.26,0.6165,-1,-1,-1
290,33,667.08,305.22,54.79,112.84,0.6512,-1,-1,-1
291,5,934.48,441.43,44.41,143.06,0.6773,-1,-1,-1
291,8,345.30,308.33,93.29,153.30,0.6568,-1,-1,-1
291,33,665.79,305.70,54.75,112.85,0.6620,-1,-1,-1
292,5,933.62,440.48,43.90,142.90,0.6418,-1,-1,-1
292,8,344.50,308.57,92.56,153.92,0.6214,-1,-1,-1
292,33,666.26,306.20,54.31,112.30,0.6659,-1,-1,-1
293,5,932.63,440.15,43.35,142.68,0.6242,-1,-1,-1
293,8,345.36,309.01,91.68,153.78,0.6541,-1,-1,-1
293,33,667.58,307.07,53.03,110.55,0.7026,-1,-1,-1
294,5,931.40,439.70,42.81,142.33,0.5978,-1,-1,-1
294,7,944.67,249.91,60.89,128.37,0.5961,-1,-1,-1
294,8,346.28,310.89,90.46,152.16,0.5961,-1,-1,-1
294,30,421.63,433.25,78.36,133.01,0.5507,-1,-1,-1
294,33,667.86,307.85,52.35,110.11,0.7104,-1,-1,-1
295,5,929.35,439.26,42.53,140.84,0.5906,-1,-1,-1
295,7,943.51,248.23,58.40,128.81,0.5914,-1,-1,-1
295,29,529.94,201.82,52.13,129.76,0.5690,-1,-1,-1
295,33,666.89,308.37,52.53,110.67,0.7061,-1,-1,-1
296,5,924.66,438.66,43.37,141.19,0.6417,-1,-1,-1
296,7,942.86,247.23,56.16,128.28,0.6462,-1,-1,-1
296,33,663.39,309.22,54.64,113.29,0.7338,-1,-1,-1
297,5,919.66,438.36,44.94,142.65,0.6915,-1,-1,-1
297,7,942.86,247.12,53.91,126.59,0.6423,-1,-1,-1
297,33,661.23,309.61,56.04,114.14,0.7296,-1,-1,-1
298,5,917.11,437.53,45.83,142.29,0.6943,-1,-1,-1
298,7,942.91,246.75,52.18,125.26,0.6720,-1,-1,-1
299,5,915.18,436.58,46.80,142.55,0.6776,-1,-1,-1
299,7,942.74,246.43,50.89,124.08,0.6799,-1,-1,-1
299,37,678.83,138.00,47.35,106.91,0.6209,-1,-1,-1
300,5,913.98,436.18,47.28,142.14,0.6809,-1,-1,-1
300,6,614.18,145.22,41.25,120.66,0.5643,-1,-1,-1
300,7,942.61,245.86,50.29,124.30,0.6935,-1,-1,-1
300,30,419.58,445.41,73.56,122.48,0.5822,-1,-1,-1
300,37,680.11,135.49,48.39,109.63,0.6453,-1,-1,-1
301,5,913.00,434.91,47.96,142.68,0.6544,-1,-1,-1
301,6,613.75,142.76,42.14,122.72,0.5600,-1,-1,-1
301,7,942.92,245.19,49.95,124.99,0.7045,-1,-1,-1
301,33,642.60,313.73,58.21,117.14,0.5537,-1,-1,-1
301,37,682.98,137.35,47.81,108.72,0.6251,-1,-1,-1
302,5,912.43,433.56,48.41,142.99,0.6787,-1,-1,-1
302,6,612.98,140.04,42.56,125.09,0.5787,-1,-1,-1
302,7,943.52,244.91,49.53,125.44,0.6998,-1,-1,-1
302,33,641.47,315.57,57.59,116.48,0.5925,-1,-1,-1
302,37,688.22,137.17,47.57,108.72,0.6466,-1,-1,-1
303,5,913.12,432.47,47.87,140.80,0.6758,-1,-1,-1
303,6,613.26,140.65,41.80,124.13,0.6083,-1,-1,-1
303,7,944.14,244.89,48.89,125.34,0.6853,-1,-1,-1
303,29,526.96,208.38,52.86,122.89,0.5724,-1,-1,-1
303,33,639.87,315.68,57.63,116.44,0.6090,-1,-1,-1
303,37,690.18,140.43,47.37,108.99,0.6425,-1,-1,-1
304,5,913.62,430.93,47.35,139.51,0.6728,-1,-1,-1
304,6,613.94,141.00,41.13,123.40,0.6231,-1,-1,-1
304,7,944.99,244.69,48.29,125.54,0.6695,-1,-1,-1
304,29,525.29,207.52,55.84,124.64,0.6419,-1,-1,-1
304,33,639.95,315.57,57.33,116.30,0.6132,-1,-1,-1
304,37,691.96,142.84,46.85,108.78,0.5524,-1,-1,-1
305,5,914.55,430.71,46.79,137.21,0.7157,-1,-1,-1
305,6,614.46,142.19,40.37,122.32,0.6327,-1,-1,-1
305,7,945.83,244.91,47.66,125.64,0.6585,-1,-1,-1
305,29,524.42,208.20,57.86,124.49,0.6541,-1,-1,-1
305,33,639.86,315.37,57.27,116.94,0.6531,-1,-1,-1
305,37,693.64,144.76,46.66,109.11,0.5717,-1,-1,-1
306,5,914.44,428.70,47.30,137.82,0.7257,-1,-1,-1
306,7,946.96,244.71,47.34,127.06,0.6424,-1,-1,-1
306,29,524.16,209.05,60.02,123.85,0.6644,-1,-1,-1
306,33,640.47,314.42,57.55,119.16,0.6499,-1,-1,-1
306,37,698.82,144.92,47.80,111.43,0.6598,-1,-1,-1
306,38,566.82,200.40,40.56,116.28,0.5561,-1,-1,-1
307,5,914.25,427.20,47.92,139.05,0.6916,-1,-1,-1
307,6,614.59,130.99,42.30,131.41,0.5560,-1,-1,-1
307,7,947.95,244.78,46.75,127.51,0.6410,-1,-1,-1
307,8,313.91,341.28,82.48,111.54,0.5703,-1,-1,-1
307,29,522.18,212.30,60.37,121.56,0.6484,-1,-1,-1
307,33,640.69,313.36,57.77,121.08,0.6282,-1,-1,-1
307,37,701.93,144.34,48.73,113.33,0.7071,-1,-1,-1
308,5,914.45,425.59,48.64,141.31,0.6792,-1,-1,-1
308,6,614.72,127.64,42.30,134.34,0.5579,-1,-1,-1
308,7,950.44,244.71,45.68,127.10,0.5544,-1,-1,-1
308,29,520.40,213.88,60.29,120.46,0.6324,-1,-1,-1
308,33,641.16,312.47,57.99,123.10,0.6953,-1,-1,-1
308,37,704.75,145.21,48.63,112.96,0.7118,-1,-1,-1
309,5,914.96,424.86,49.08,143.02,0.6404,-1,-1,-1
309,29,519.40,215.34,60.11,119.78,0.5667,-1,-1,-1
309,33,642.31,311.47,57.87,124.10,0.7095,-1,-1,-1
309,37,708.25,143.72,48.89,113.47,0.7142,-1,-1,-1
310,5,915.12,425.05,49.79,144.77,0.6332,-1,-1,-1
310,7,954.29,247.09,44.44,125.53,0.5553,-1,-1,-1
310,33,643.37,310.83,57.35,123.74,0.6787,-1,-1,-1
310,37,712.99,143.33,48.40,112.52,0.7842,-1,-1,-1
311,5,917.78,426.40,49.86,144.26,0.6730,-1,-1,-1
311,6,619.74,130.70,39.62,125.15,0.5507,-1,-1,-1
311,7,957.73,247.13,44.37,127.68,0.6185,-1,-1,-1
311,8,272.81,343.58,80.35,109.87,0.5772,-1,-1,-1
311,29,517.07,216.34,58.75,118.67,0.5659,-1,-1,-1
311,30,407.44,432.20,83.72,146.76,0.6493,-1,-1,-1
311,33,644.48,310.63,57.25,123.53,0.6275,-1,-1,-1
311,37,719.99,144.74,48.20,112.43,0.7044,-1,-1,-1
312,5,920.25,425.63,49.20,141.22,0.6970,-1,-1,-1
312,7,960.40,246.75,43.84,128.47,0.6035,-1,-1,-1
312,8,268.49,340.76,81.63,113.33,0.5989,-1,-1,-1
312,29,515.96,214.23,57.71,119.10,0.5716,-1,-1,-1
312,30,409.29,432.37,80.86,147.60,0.6422,-1,-1,-1
312,33,646.31,310.33,57.98,124.42,0.6009,-1,-1,-1
312,37,727.01,144.62,48.18,113.38,0.6170,-1,-1,-1
312,39,454.82,391.70,61.58,133.82,0.6148,-1,-1,-1
313,5,921.61,425.81,49.49,140.31,0.7037,-1,-1,-1
313,6,621.84,130.48,39.17,123.21,0.5712,-1,-1,-1
313,7,963.46,246.17,43.34,129.29,0.6524,-1,-1,-1
313,8,282.47,341.16,92.23,117.06,0.5630,-1,-1,-1
313,29,515.97,213.36,56.94,119.56,0.5850,-1,-1,-1
313,30,411.26,434.48,77.83,146.14,0.6327,-1,-1,-1
313,33,648.11,310.80,60.14,127.14,0.6413,-1,-1,-1
313,37,733.17,145.46,47.39,112.72,0.6900,-1,-1,-1
313,38,586.12,204.08,42.91,119.31,0.7035,-1,-1,-1
313,39,456.04,391.26,60.62,131.80,0.5822,-1,-1,-1
314,5,923.23,425.93,51.29,145.14,0.7501,-1,-1,-1
314,6,623.52,130.54,38.84,122.43,0.5502,-1,-1,-1
314,7,966.16,244.82,43.17,131.02,0.6075,-1,-1,-1
314,29,517.42,212.87,54.69,115.73,0.6113,-1,-1,-1
314,30,412.03,434.16,76.92,147.71,0.6340,-1,-1,-1
314,33,647.93,310.74,61.61,129.46,0.6882,-1,-1,-1
314,37,738.64,146.23,47.01,112.46,0.7150,-1,-1,-1
314,38,588.22,204.82,44.06,118.40,0.7145,-1,-1,-1
314,39,457.61,390.40,59.58,129.53,0.6673,-1,-1,-1
315,5,926.38,425.45,51.91,147.88,0.7210,-1,-1,-1
315,6,624.98,129.00,39.02,123.15,0.5628,-1,-1,-1
315,7,969.24,244.39,42.96,131.72,0.6580,-1,-1,-1
315,29,516.15,212.77,57.08,122.73,0.6557,-1,-1,-1
315,30,414.40,434.37,76.21,149.01,0.5588,-1,-1,-1
315,33,647.24,310.42,62.30,130.20,0.6822,-1,-1,-1
315,37,743.85,145.59,46.97,113.14,0.6847,-1,-1,-1
315,38,588.47,204.47,45.86,119.48,0.7143,-1,-1,-1
315,39,460.44,389.45,59.45,128.87,0.6683,-1,-1,-1
316,5,930.84,424.58,52.32,150.06,0.7270,-1,-1,-1
316,6,628.19,126.47,39.67,123.82,0.5945,-1,-1,-1
316,7,974.71,246.09,42.49,131.41,0.6763,-1,-1,-1
316,29,513.91,213.01,57.02,126.37,0.5868,-1,-1,-1
316,33,646.56,308.90,62.51,130.33,0.6983,-1,-1,-1
316,37,751.92,145.68,49.44,118.56,0.7162,-1,-1,-1
316,38,590.19,203.94,47.91,121.33,0.5752,-1,-1,-1
316,39,464.99,387.78,59.66,127.33,0.6194,-1,-1,-1
317,5,934.88,424.37,51.93,149.28,0.7400,-1,-1,-1
317,6,628.78,125.97,40.32,125.55,0.5636,-1,-1,-1
317,7,978.88,246.57,42.34,131.67,0.7003,-1,-1,-1
317,8,292.93,346.61,79.98,107.51,0.5633,-1,-1,-1
317,29,514.48,213.89,56.06,127.46,0.6339,-1,-1,-1
317,33,647.62,307.88,62.98,130.55,0.7316,-1,-1,-1
317,37,757.77,145.23,51.33,121.99,0.7605,-1,-1,-1
317,38,594.11,204.75,48.84,121.52,0.6076,-1,-1,-1
317,39,468.88,387.22,60.68,126.71,0.6460,-1,-1,-1
318,5,938.51,423.90,52.41,150.46,0.7347,-1,-1,-1
318,6,630.68,125.52,40.83,126.83,0.5897,-1,-1,-1
318,7,982.06,246.10,42.47,133.38,0.6696,-1,-1,-1
318,29,514.05,211.87,55.69,130.38,0.5666,-1,-1,-1
318,33,648.55,306.45,63.98,131.65,0.7792,-1,-1,-1
318,37,761.27,143.12,53.85,126.75,0.7728,-1,-1,-1
318,38,594.95,204.38,51.04,123.86,0.6773,-1,-1,-1
318,39,469.82,387.25,62.34,127.22,0.7173,-1,-1,-1
319,5,941.17,423.85,53.11,152.89,0.6864,-1,-1,-1
319,7,985.93,246.14,42.15,133.94,0.6350,-1,-1,-1
319,29,516.15,211.26,55.15,131.60,0.5950,-1,-1,-1
319,33,651.41,305.24,65.07,132.68,0.7453,-1,-1,-1
319,37,764.80,142.49,55.03,128.15,0.7462,-1,-1,-1
319,38,598.81,205.00,51.33,122.39,0.6407,-1,-1,-1
319,39,470.67,388.48,63.34,126.26,0.6953,-1,-1,-1
319,40,521.08,212.00,68.63,129.96,0.6674,-1,-1,-1
319,41,781.94,658.69,64.36,60.88,0.6186,-1,-1,-1
320,5,949.33,424.51,51.22,149.72,0.6405,-1,-1,-1
320,7,989.58,246.51,41.57,133.73,0.6103,-1,-1,-1
320,33,654.69,304.44,64.85,133.18,0.6697,-1,-1,-1
320,37,768.77,144.14,55.53,127.35,0.7437,-1,-1,-1
320,38,601.93,206.09,51.01,119.66,0.6403,-1,-1,-1
320,39,471.30,389.67,63.96,124.39,0.6728,-1,-1,-1
320,40,519.23,211.11,68.64,130.28,0.6208,-1,-1,-1
320,41,784.70,659.33,63.69,60.28,0.5817,-1,-1,-1
321,5,958.92,425.70,48.73,145.92,0.6533,-1,-1,-1
321,7,994.91,245.48,41.61,135.82,0.6114,-1,-1,-1
321,30,414.51,455.24,75.50,129.28,0.6411,-1,-1,-1
321,33,659.26,302.56,64.33,132.37,0.7156,-1,-1,-1
321,37,775.94,144.58,56.11,126.64,0.7664,-1,-1,-1
321,38,603.19,204.27,53.79,123.16,0.6297,-1,-1,-1
321,39,469.94,386.86,66.70,126.07,0.6424,-1,-1,-1
321,40,515.92,208.77,69.43,132.62,0.6029,-1,-1,-1
321,41,789.83,659.19,64.14,60.73,0.5580,-1,-1,-1
322,5,964.90,425.85,48.49,148.52,0.6856,-1,-1,-1
322,7,999.74,245.41,41.39,135.63,0.6193,-1,-1,-1
322,30,409.36,456.53,82.71,128.16,0.6871,-1,-1,-1
322,33,660.62,301.14,64.35,132.74,0.7622,-1,-1,-1
322,37,783.51,144.36,55.88,124.58,0.7585,-1,-1,-1
322,38,603.86,202.25,56.81,126.69,0.6937,-1,-1,-1
323,5,969.90,426.77,47.28,148.31,0.6414,-1,-1,-1
323,7,1003.98,246.34,41.24,135.83,0.6735,-1,-1,-1
323,30,403.27,454.51,90.68,129.76,0.6143,-1,-1,-1
323,33,663.38,300.92,63.23,130.49,0.6639,-1,-1,-1
323,37,790.28,143.82,56.72,124.71,0.7673,-1,-1,-1
323,38,610.65,201.51,57.65,128.02,0.6132,-1,-1,-1
323,39,465.16,380.71,63.63,115.70,0.5875,-1,-1,-1
324,5,973.37,428.10,47.63,153.03,0.7312,-1,-1,-1
324,7,1007.40,245.67,41.31,136.36,0.7345,-1,-1,-1
324,30,396.73,454.33,97.66,129.96,0.6006,-1,-1,-1
324,33,668.15,298.97,64.21,131.03,0.7074,-1,-1,-1
324,37,797.73,142.44,56.69,125.64,0.6499,-1,-1,-1
324,38,614.71,201.22,58.97,129.95,0.6254,-1,-1,-1
325,5,978.01,429.73,46.52,153.49,0.7015,-1,-1,-1
325,7,1011.35,243.67,41.44,137.65,0.6834,-1,-1,-1
325,30,386.30,453.42,105.66,130.71,0.7140,-1,-1,-1
325,33,670.26,297.33,65.70,133.26,0.7698,-1,-1,-1
325,37,805.20,137.90,57.92,129.46,0.6376,-1,-1,-1
325,38,617.77,199.73,60.38,131.99,0.6128,-1,-1,-1
326,5,984.88,430.58,45.90,154.78,0.6104,-1,-1,-1
326,30,379.75,451.81,112.45,131.66,0.6732,-1,-1,-1
326,33,672.22,295.05,66.61,135.04,0.7873,-1,-1,-1
326,37,816.03,138.16,57.12,129.53,0.7226,-1,-1,-1
327,5,989.46,431.82,44.86,154.13,0.6502,-1,-1,-1
327,7,1021.42,241.23,41.66,138.08,0.6364,-1,-1,-1
327,30,375.93,451.32,117.15,132.25,0.6826,-1,-1,-1
327,33,672.71,295.41,66.35,134.23,0.7789,-1,-1,-1
327,37,822.12,136.56,57.44,132.63,0.6798,-1,-1,-1
327,40,521.87,202.04,65.31,123.34,0.5548,-1,-1,-1
328,5,993.59,432.64,44.10,153.99,0.6645,-1,-1,-1
328,7,1025.48,239.92,41.59,138.17,0.6191,-1,-1,-1
328,30,373.73,449.54,121.60,134.65,0.7112,-1,-1,-1
328,33,674.59,295.06,67.02,135.85,0.8023,-1,-1,-1
328,37,829.41,134.97,58.10,135.16,0.7218,-1,-1,-1
328,39,451.35,379.61,63.48,110.30,0.5542,-1,-1,-1
328,40,521.87,200.70,65.77,123.57,0.6099,-1,-1,-1
329,5,997.73,433.76,43.22,153.07,0.6845,-1,-1,-1
329,7,1028.93,238.86,41.83,139.75,0.6250,-1,-1,-1
329,30,373.14,449.80,122.74,135.20,0.8069,-1,-1,-1
329,33,677.16,294.16,67.31,136.69,0.7652,-1,-1,-1
329,37,834.68,136.85,57.80,135.70,0.6973,-1,-1,-1
329,38,630.37,201.24,56.31,120.73,0.6145,-1,-1,-1
329,40,521.81,199.56,65.63,123.08,0.6112,-1,-1,-1
330,5,1002.23,436.11,42.26,151.16,0.6996,-1,-1,-1
330,7,1032.98,239.04,41.89,139.72,0.6423,-1,-1,-1
330,30,374.30,450.52,121.26,134.14,0.8074,-1,-1,-1
330,33,680.01,293.87,66.02,134.62,0.7129,-1,-1,-1
330,37,838.90,139.28,57.07,134.91,0.7679,-1,-1,-1
330,38,630.82,201.64,59.30,127.03,0.6549,-1,-1,-1
330,40,522.41,198.98,64.86,121.83,0.6544,-1,-1,-1
331,5,1008.52,438.79,41.94,151.25,0.7696,-1,-1,-1
331,6,658.93,90.91,44.39,139.21,0.5747,-1,-1,-1
331,7,1038.67,238.73,42.22,140.50,0.7419,-1,-1,-1
331,30,377.47,452.34,117.00,132.30,0.7566,-1,-1,-1
331,33,683.74,294.19,66.40,136.16,0.7630,-1,-1,-1
331,37,847.54,144.42,55.29,130.88,0.6725,-1,-1,-1
331,38,633.33,199.67,60.34,130.49,0.6707,-1,-1,-1
331,40,524.15,197.84,63.99,121.92,0.6761,-1,-1,-1
332,5,1014.11,440.14,41.30,150.22,0.7344,-1,-1,-1
332,6,662.66,91.67,42.76,135.31,0.5783,-1,-1,-1
332,7,1042.97,238.86,42.34,140.88,0.7359,-1,-1,-1
332,30,381.29,452.82,113.67,131.42,0.7436,-1,-1,-1
332,33,687.16,294.29,66.69,137.43,0.7842,-1,-1,-1
332,37,854.19,146.17,54.81,130.17,0.6742,-1,-1,-1
332,38,636.38,197.31,58.45,127.84,0.7061,-1,-1,-1
332,40,524.84,197.31,66.86,128.91,0.6864,-1,-1,-1
333,5,1020.05,440.96,40.80,149.87,0.7560,-1,-1,-1
333,7,1047.72,239.44,42.31,140.64,0.7044,-1,-1,-1
333,30,385.57,452.70,111.80,131.89,0.7352,-1,-1,-1
333,33,690.13,294.83,66.27,136.86,0.7833,-1,-1,-1
333,37,861.64,148.48,53.84,128.42,0.6829,-1,-1,-1
333,38,637.78,196.51,58.81,128.89,0.6988,-1,-1,-1
333,40,526.06,196.90,67.29,131.49,0.6580,-1,-1,-1
334,5,1024.75,441.83,41.09,150.86,0.7132,-1,-1,-1
334,7,1050.56,238.27,42.76,141.71,0.7293,-1,-1,-1
334,8,292.55,358.89,101.49,135.22,0.5793,-1,-1,-1
334,30,388.24,451.75,110.85,133.26,0.7817,-1,-1,-1
334,33,692.57,293.27,67.14,139.05,0.7883,-1,-1,-1
334,37,867.60,147.09,54.30,129.74,0.6946,-1,-1,-1
334,38,640.74,196.41,59.04,130.07,0.7030,-1,-1,-1
334,40,527.31,196.77,67.09,133.05,0.6866,-1,-1,-1
335,5,1029.01,443.23,41.81,151.26,0.7319,-1,-1,-1
335,7,1054.21,237.58,43.20,142.90,0.7255,-1,-1,-1
335,8,294.69,358.56,103.28,136.14,0.6838,-1,-1,-1
335,30,386.15,447.01,113.40,138.23,0.6628,-1,-1,-1
335,33,695.82,293.86,66.81,137.85,0.7159,-1,-1,-1
335,37,873.02,147.39,54.60,130.93,0.7539,-1,-1,-1
335,38,643.77,196.72,58.78,129.92,0.7513,-1,-1,-1
335,40,528.74,196.50,66.10,133.05,0.6930,-1,-1,-1
336,5,1034.99,444.79,43.52,151.50,0.7900,-1,-1,-1
336,6,674.07,70.11,46.74,150.35,0.5521,-1,-1,-1
336,7,1059.41,236.67,43.16,144.02,0.7145,-1,-1,-1
336,8,286.76,357.94,107.38,137.48,0.5600,-1,-1,-1
336,30,384.68,442.18,116.11,143.07,0.6819,-1,-1,-1
336,33,701.33,295.36,65.62,135.28,0.7649,-1,-1,-1
336,37,882.93,142.93,56.02,136.18,0.8113,-1,-1,-1
336,38,647.09,196.44,59.43,131.86,0.7688,-1,-1,-1
336,40,530.40,195.69,66.29,135.22,0.6903,-1,-1,-1
337,5,1038.08,446.62,45.73,152.37,0.8575,-1,-1,-1
337,6,675.95,72.61,45.16,146.66,0.5960,-1,-1,-1
337,7,1063.26,236.04,43.05,144.54,0.7366,-1,-1,-1
337,8,291.57,355.66,108.51,139.29,0.6775,-1,-1,-1
337,30,389.03,442.80,114.52,143.26,0.6257,-1,-1,-1
337,33,703.11,295.86,66.97,137.80,0.7689,-1,-1,-1
337,37,890.03,142.01,55.47,136.85,0.7692,-1,-1,-1
337,38,649.05,195.42,60.58,134.72,0.7253,-1,-1,-1
337,40,531.31,195.64,67.09,138.67,0.7229,-1,-1,-1
338,5,1039.97,448.26,48.31,154.72,0.8608,-1,-1,-1
338,6,677.99,82.03,41.79,135.87,0.6198,-1,-1,-1
338,7,1065.97,236.80,42.60,143.37,0.7222,-1,-1,-1
338,8,292.40,351.01,110.73,143.80,0.6640,-1,-1,-1
338,30,391.82,443.31,112.56,143.50,0.6321,-1,-1,-1
338,33,705.48,295.77,67.84,139.11,0.7650,-1,-1,-1
338,37,895.90,142.83,54.90,136.89,0.6944,-1,-1,-1
338,38,650.61,195.60,60.83,135.18,0.7491,-1,-1,-1
338,40,532.34,195.71,66.67,139.51,0.7079,-1,-1,-1
338,41,852.12,676.45,48.85,43.55,0.5717,-1,-1,-1
339,5,1041.21,449.37,51.19,158.38,0.8109,-1,-1,-1
339,7,1067.16,237.23,42.52,143.37,0.7339,-1,-1,-1
339,8,292.85,348.11,112.04,147.31,0.6281,-1,-1,-1
339,30,394.09,440.70,111.83,145.70,0.5901,-1,-1,-1
339,33,707.33,296.72,67.89,139.07,0.7964,-1,-1,-1
339,37,900.05,142.62,55.55,139.19,0.7297,-1,-1,-1
339,38,651.74,195.07,61.29,136.31,0.7759,-1,-1,-1
339,40,532.70,195.48,66.10,139.92,0.7288,-1,-1,-1
339,41,853.02,677.09,50.24,42.91,0.5590,-1,-1,-1
340,5,1042.37,451.62,53.12,159.06,0.7540,-1,-1,-1
340,7,1068.30,237.79,42.38,143.28,0.7344,-1,-1,-1
340,8,292.58,346.74,111.27,148.24,0.7050,-1,-1,-1
340,30,393.92,439.43,109.85,146.32,0.6915,-1,-1,-1
340,33,708.59,296.76,68.20,139.23,0.7801,-1,-1,-1
340,37,904.33,144.57,56.24,139.76,0.7512,-1,-1,-1
340,38,653.43,195.37,61.39,136.18,0.7915,-1,-1,-1
340,40,533.09,195.75,65.20,139.63,0.6605,-1,-1,-1
341,5,1043.10,454.27,55.85,161.38,0.8132,-1,-1,-1
341,7,1069.99,236.68,42.91,145.60,0.7556,-1,-1,-1
341,8,297.91,342.84,110.23,150.28,0.7278,-1,-1,-1
341,30,395.35,440.93,105.87,143.87,0.5897,-1,-1,-1
341,33,710.92,296.83,68.30,138.63,0.7511,-1,-1,-1
341,37,909.46,148.01,56.37,136.71,0.8560,-1,-1,-1
341,38,655.11,196.91,61.36,135.91,0.7934,-1,-1,-1
341,40,535.21,193.11,61.02,132.19,0.6678,-1,-1,-1
341,42,448.44,403.15,71.90,126.37,0.5987,-1,-1,-1
342,5,1043.77,455.68,58.24,163.41,0.8318,-1,-1,-1
342,7,1071.23,235.44,42.86,146.11,0.7515,-1,-1,-1
342,8,301.86,335.20,110.91,155.63,0.6835,-1,-1,-1
342,30,391.50,440.35,104.83,144.60,0.6123,-1,-1,-1
342,33,712.14,296.64,68.33,138.04,0.7248,-1,-1,-1
342,37,911.64,149.58,57.30,135.66,0.8436,-1,-1,-1
342,38,656.24,199.86,60.40,133.61,0.7947,-1,-1,-1
342,40,536.02,192.00,59.31,129.92,0.6422,-1,-1,-1
342,42,446.25,403.40,73.40,128.92,0.6033,-1,-1,-1
343,5,1044.85,456.55,60.05,165.00,0.8468,-1,-1,-1
343,7,1071.94,234.29,42.92,146.95,0.7630,-1,-1,-1
343,8,309.73,334.03,106.63,155.22,0.6393,-1,-1,-1
343,30,390.49,441.25,102.25,143.61,0.7116,-1,-1,-1
343,37,912.12,150.30,58.36,135.18,0.8461,-1,-1,-1
343,38,656.78,201.32,59.92,132.31,0.8069,-1,-1,-1
343,40,533.52,191.96,61.47,136.06,0.6306,-1,-1,-1
343,42,446.26,404.52,73.10,128.37,0.5918,-1,-1,-1
344,5,1045.73,456.47,61.33,166.02,0.8443,-1,-1,-1
344,7,1072.11,232.93,43.10,148.05,0.7575,-1,-1,-1
344,8,318.51,333.13,101.65,154.79,0.5837,-1,-1,-1
344,30,387.56,442.77,100.92,143.04,0.6724,-1,-1,-1
344,33,717.30,295.54,66.88,135.14,0.6378,-1,-1,-1
344,37,911.94,150.54,58.71,133.50,0.8552,-1,-1,-1
344,38,656.53,200.68,60.09,132.58,0.8200,-1,-1,-1
344,40,531.63,189.71,62.95,140.74,0.6700,-1,-1,-1
344,42,443.81,405.31,73.01,127.92,0.6435,-1,-1,-1
345,5,1046.31,456.42,62.12,166.46,0.8323,-1,-1,-1
345,6,677.50,80.09,42.70,138.00,0.6040,-1,-1,-1
345,7,1071.99,231.98,43.15,148.67,0.7362,-1,-1,-1
345,8,308.55,331.43,103.10,156.66,0.5763,-1,-1,-1
345,30,385.89,441.09,104.13,150.13,0.5606,-1,-1,-1
345,33,718.98,295.11,67.76,137.70,0.7239,-1,-1,-1
345,37,911.64,150.04,59.44,132.94,0.8494,-1,-1,-1
345,38,656.40,201.47,59.68,131.27,0.8306,-1,-1,-1
345,40,530.87,188.61,63.30,142.48,0.6915,-1,-1,-1
346,5,1047.85,456.82,61.70,165.53,0.8243,-1,-1,-1
346,6,677.11,84.95,42.00,134.27,0.5564,-1,-1,-1
346,7,1070.38,230.99,43.23,150.15,0.7587,-1,-1,-1
346,30,375.67,441.59,110.11,161.19,0.7275,-1,-1,-1
346,33,723.82,295.59,67.58,140.16,0.7026,-1,-1,-1
346,37,912.34,147.97,60.90,135.65,0.7724,-1,-1,-1
346,38,656.19,202.36,58.87,129.24,0.8050,-1,-1,-1
346,40,530.16,186.78,64.29,145.39,0.6654,-1,-1,-1
346,42,437.76,407.67,72.61,126.58,0.6247,-1,-1,-1
347,5,1051.61,457.33,60.61,164.97,0.8071,-1,-1,-1
347,7,1069.51,230.19,43.21,150.86,0.7741,-1,-1,-1
347,30,375.98,442.34,109.90,164.38,0.7687,-1,-1,-1
347,33,727.80,295.97,66.11,141.05,0.6479,-1,-1,-1
347,37,913.52,147.69,61.09,135.72,0.7621,-1,-1,-1
347,38,656.23,202.79,58.75,129.22,0.7843,-1,-1,-1
347,40,530.22,185.44,64.63,147.16,0.6616,-1,-1,-1
347,42,436.14,409.28,73.46,127.39,0.5956,-1,-1,-1
348,5,1054.95,457.76,59.38,165.28,0.7880,-1,-1,-1
348,7,1068.56,229.76,43.02,150.68,0.7724,-1,-1,-1
348,30,377.89,442.93,108.21,164.81,0.7685,-1,-1,-1
348,33,729.23,296.18,65.29,142.95,0.6741,-1,-1,-1
348,37,914.16,148.22,60.81,135.27,0.7372,-1,-1,-1
348,38,656.73,203.42,58.68,129.24,0.7636,-1,-1,-1
348,40,534.86,183.39,59.96,137.12,0.6012,-1,-1,-1
348,42,436.69,409.76,75.20,130.05,0.6339,-1,-1,-1
349,5,1057.43,458.02,58.73,167.70,0.7801,-1,-1,-1
349,7,1067.74,229.28,43.05,151.72,0.7784,-1,-1,-1
349,30,381.16,447.34,104.21,160.66,0.7672,-1,-1,-1
349,33,729.26,296.51,64.17,143.85,0.6638,-1,-1,-1
349,37,914.55,148.51,60.64,135.16,0.7273,-1,-1,-1
349,38,659.06,201.43,59.42,132.06,0.7527,-1,-1,-1
349,40,537.54,182.62,58.10,133.98,0.6249,-1,-1,-1
349,42,436.51,409.96,78.01,134.42,0.5969,-1,-1,-1
350,5,1058.73,458.90,58.47,171.76,0.7737,-1,-1,-1
350,7,1066.79,228.87,43.16,152.91,0.7824,-1,-1,-1
350,8,310.30,315.84,112.51,168.83,0.5860,-1,-1,-1
350,30,384.81,449.09,101.56,158.21,0.7873,-1,-1,-1
350,33,728.51,296.94,63.12,144.16,0.6822,-1,-1,-1
350,37,915.01,148.66,60.40,134.87,0.7074,-1,-1,-1
350,38,661.16,201.38,58.90,132.37,0.7117,-1,-1,-1
350,40,538.97,181.94,57.10,132.82,0.6483,-1,-1,-1
350,42,436.16,410.45,79.40,136.33,0.5979,-1,-1,-1
351,5,1060.73,461.74,57.81,174.93,0.7695,-1,-1,-1
351,7,1065.54,229.01,42.95,152.69,0.7730,-1,-1,-1
351,30,395.35,452.96,101.38,154.41,0.7824,-1,-1,-1
351,33,729.72,297.99,62.89,143.42,0.6788,-1,-1,-1
351,37,914.93,149.83,59.78,133.71,0.6808,-1,-1,-1
351,38,663.81,201.13,58.59,132.96,0.6703,-1,-1,-1
351,40,539.77,181.49,56.91,134.02,0.6442,-1,-1,-1
352,5,1061.99,463.45,57.34,177.93,0.7857,-1,-1,-1
352,7,1064.80,228.91,42.74,152.47,0.7595,-1,-1,-1
352,30,399.00,451.31,104.70,156.37,0.7593,-1,-1,-1
352,33,730.81,298.52,63.39,142.88,0.7056,-1,-1,-1
352,37,914.71,150.55,59.30,132.66,0.6927,-1,-1,-1
352,38,666.64,201.44,58.43,133.91,0.6778,-1,-1,-1
352,40,539.85,181.12,57.40,136.97,0.6945,-1,-1,-1
353,5,1063.48,465.53,56.41,178.80,0.7830,-1,-1,-1
353,7,1064.70,229.42,42.21,151.14,0.7580,-1,-1,-1
353,30,392.99,427.71,121.25,180.84,0.7991,-1,-1,-1
353,33,728.74,298.86,63.79,142.63,0.7133,-1,-1,-1
353,37,913.68,152.50,58.30,130.42,0.6493,-1,-1,-1
353,38,669.38,202.86,57.88,133.39,0.6984,-1,-1,-1
353,40,539.72,181.72,56.71,136.87,0.7037,-1,-1,-1
354,5,1065.78,467.51,56.08,179.37,0.7923,-1,-1,-1
354,6,673.16,96.74,39.52,124.36,0.5744,-1,-1,-1
354,7,1064.38,229.58,41.65,149.58,0.7534,-1,-1,-1
354,30,398.08,442.48,114.57,166.42,0.7963,-1,-1,-1
354,33,726.89,299.67,63.60,141.73,0.7019,-1,-1,-1
354,37,914.82,153.96,56.68,126.16,0.6298,-1,-1,-1
354,38,670.65,203.29,57.55,133.16,0.7205,-1,-1,-1
354,40,539.36,182.11,56.12,137.22,0.7018,-1,-1,-1
355,5,1067.24,469.26,55.91,178.80,0.7812,-1,-1,-1
355,7,1063.83,229.49,41.54,149.47,0.7641,-1,-1,-1
355,30,401.13,453.43,109.91,154.90,0.7050,-1,-1,-1
355,33,725.99,300.14,63.05,140.76,0.6712,-1,-1,-1
355,37,913.75,155.61,57.04,126.43,0.6416,-1,-1,-1
355,38,670.50,201.34,58.54,136.24,0.7017,-1,-1,-1
355,40,540.49,196.30,51.31,125.40,0.6339,-1,-1,-1
356,5,1067.96,470.58,55.42,176.87,0.7716,-1,-1,-1
356,6,670.68,96.65,40.09,122.69,0.6584,-1,-1,-1
356,7,1061.22,230.55,41.52,149.15,0.7420,-1,-1,-1
356,8,358.04,309.55,105.64,166.35,0.7114,-1,-1,-1
356,30,398.84,433.26,125.23,173.44,0.6937,-1,-1,-1
356,33,726.24,301.11,62.38,139.24,0.6884,-1,-1,-1
356,37,912.21,156.32,56.90,125.99,0.6784,-1,-1,-1
356,38,670.60,200.47,58.22,136.15,0.6924,-1,-1,-1
356,40,536.44,189.26,55.07,135.67,0.6255,-1,-1,-1
357,5,1067.63,471.44,54.97,175.69,0.7815,-1,-1,-1
357,6,669.17,94.50,41.40,124.66,0.6618,-1,-1,-1
357,7,1059.57,230.85,41.70,149.13,0.7516,-1,-1,-1
357,8,363.48,309.20,101.89,166.26,0.6984,-1,-1,-1
357,30,395.30,424.87,130.87,179.46,0.7939,-1,-1,-1
357,33,726.05,302.31,62.09,137.91,0.7091,-1,-1,-1
357,37,911.48,157.75,56.85,126.06,0.7413,-1,-1,-1
357,38,669.68,199.93,58.16,136.66,0.6665,-1,-1,-1
357,40,533.94,187.78,56.08,139.20,0.6406,-1,-1,-1
358,5,1066.20,472.37,54.27,174.93,0.7765,-1,-1,-1
358,6,667.36,90.59,43.01,127.91,0.6191,-1,-1,-1
358,7,1057.86,231.65,41.55,148.14,0.7375,-1,-1,-1
358,8,366.66,309.77,98.68,164.77,0.6474,-1,-1,-1
358,30,399.47,427.12,130.76,174.68,0.7026,-1,-1,-1
358,33,724.57,303.81,61.69,136.53,0.7276,-1,-1,-1
358,37,910.36,159.60,54.96,121.50,0.6858,-1,-1,-1
358,38,669.11,201.00,57.59,135.89,0.7222,-1,-1,-1
358,40,532.72,187.91,55.73,139.53,0.6058,-1,-1,-1
359,5,1064.54,473.59,53.13,172.71,0.7755,-1,-1,-1
359,6,664.48,86.09,43.77,130.96,0.5849,-1,-1,-1
359,7,1054.59,232.60,41.21,147.23,0.7245,-1,-1,-1
359,8,369.30,311.66,94.58,160.58,0.5754,-1,-1,-1
359,30,414.01,440.05,123.43,157.91,0.7458,-1,-1,-1
359,33,725.08,306.08,60.46,132.11,0.7741,-1,-1,-1
359,37,906.38,155.63,57.66,127.15,0.6839,-1,-1,-1
359,38,668.33,202.48,57.38,136.20,0.7293,-1,-1,-1
359,40,532.42,188.66,54.92,138.62,0.6205,-1,-1,-1
360,5,1063.20,474.66,52.20,171.13,0.7679,-1,-1,-1
360,6,662.82,92.00,42.24,125.38,0.6107,-1,-1,-1
360,7,1051.44,232.72,41.31,147.65,0.7300,-1,-1,-1
360,8,369.76,319.52,88.08,151.73,0.6092,-1,-1,-1
360,30,427.77,445.20,119.58,148.73,0.7663,-1,-1,-1
360,33,723.98,307.62,60.34,129.79,0.8298,-1,-1,-1
360,37,903.21,152.97,59.34,131.05,0.7235,-1,-1,-1
360,38,666.60,203.97,56.55,135.30,0.7002,-1,-1,-1
361,5,1060.84,475.52,50.53,167.85,0.7350,-1,-1,-1
361,6,659.47,94.76,42.09,124.58,0.6159,-1,-1,-1
361,7,1047.04,234.04,41.14,146.49,0.7767,-1,-1,-1
361,8,370.78,326.29,80.42,137.82,0.7230,-1,-1,-1
361,30,445.75,442.98,118.89,147.02,0.7213,-1,-1,-1
361,33,720.57,310.27,60.39,128.52,0.7900,-1,-1,-1
361,37,898.76,152.85,59.67,132.48,0.6422,-1,-1,-1
361,38,663.62,204.27,55.51,134.27,0.6959,-1,-1,-1
361,40,532.15,189.46,49.25,124.88,0.6699,-1,-1,-1
361,42,426.65,419.53,77.41,127.01,0.6554,-1,-1,-1
362,5,1058.98,476.28,49.41,165.96,0.7537,-1,-1,-1
362,6,656.34,96.84,41.39,121.82,0.6085,-1,-1,-1
362,7,1042.68,234.45,40.93,145.66,0.7646,-1,-1,-1
362,8,368.28,327.84,76.76,131.24,0.7374,-1,-1,-1
362,30,461.05,440.72,118.45,147.76,0.6109,-1,-1,-1
362,33,716.84,310.94,60.86,128.42,0.8192,-1,-1,-1
362,37,896.22,155.83,57.97,129.61,0.6297,-1,-1,-1
362,38,661.93,205.81,54.92,134.09,0.7266,-1,-1,-1
362,40,531.46,190.14,47.59,120.93,0.7085,-1,-1,-1
362,42,422.07,416.83,81.56,129.84,0.6135,-1,-1,-1
363,5,1056.85,477.13,48.33,164.28,0.7450,-1,-1,-1
363,6,652.15,97.81,42.22,124.03,0.5879,-1,-1,-1
363,7,1038.05,234.86,40.86,145.57,0.7351,-1,-1,-1
363,8,367.08,327.91,77.44,130.62,0.7486,-1,-1,-1
363,33,713.57,311.26,61.30,128.41,0.8246,-1,-1,-1
363,38,659.28,206.07,54.01,133.11,0.7366,-1,-1,-1
363,40,529.65,190.01,46.31,118.07,0.7245,-1,-1,-1
364,5,1055.25,478.60,47.52,162.17,0.7433,-1,-1,-1
364,6,648.92,97.80,41.68,122.19,0.6021,-1,-1,-1
364,7,1034.18,236.19,40.32,143.21,0.7507,-1,-1,-1
364,8,364.92,327.30,79.34,132.06,0.7122,-1,-1,-1
364,33,710.01,311.07,61.79,128.30,0.8168,-1,-1,-1
364,37,887.26,157.16,57.09,127.85,0.6273,-1,-1,-1
364,38,656.71,206.85,53.37,131.99,0.7442,-1,-1,-1
364,40,526.50,189.58,46.16,117.74,0.6127,-1,-1,-1
365,5,1053.02,479.64,47.79,162.84,0.7609,-1,-1,-1
365,6,644.51,98.85,41.87,123.04,0.6385,-1,-1,-1
365,7,1028.89,233.63,41.04,146.15,0.7385,-1,-1,-1
365,8,360.68,327.34,80.04,131.69,0.6796,-1,-1,-1
365,33,703.97,311.51,62.65,127.72,0.7775,-1,-1,-1
365,37,883.31,157.78,56.71,127.37,0.5851,-1,-1,-1
365,38,654.24,207.53,52.72,129.66,0.7207,-1,-1,-1
365,40,520.05,189.54,48.10,123.34,0.5964,-1,-1,-1
366,5,1049.49,482.12,48.89,164.70,0.8213,-1,-1,-1
366,6,636.24,96.51,43.32,127.30,0.6192,-1,-1,-1
366,7,1020.57,236.67,40.79,144.17,0.7654,-1,-1,-1
366,8,351.42,326.96,81.32,133.81,0.6151,-1,-1,-1
366,30,475.82,414.63,115.86,149.67,0.6617,-1,-1,-1
366,33,693.17,312.95,63.37,126.69,0.7643,-1,-1,-1
366,37,875.50,158.90,56.12,126.27,0.6773,-1,-1,-1
366,38,647.98,214.57,51.95,125.84,0.7200,-1,-1,-1
366,40,514.98,190.88,46.61,119.86,0.6602,-1,-1,-1
367,5,1045.46,483.91,49.54,165.95,0.8095,-1,-1,-1
367,6,630.05,97.16,43.68,128.06,0.6035,-1,-1,-1
367,7,1014.51,238.99,40.69,142.66,0.7568,-1,-1,-1
367,8,348.28,326.13,84.76,137.39,0.6951,-1,-1,-1
367,33,685.88,313.97,64.92,126.62,0.7918,-1,-1,-1
367,38,643.52,217.83,51.50,123.11,0.7477,-1,-1,-1
367,40,509.39,190.65,46.54,119.81,0.5683,-1,-1,-1
368,5,1041.81,485.58,50.42,167.59,0.8042,-1,-1,-1
368,6,624.32,91.65,45.34,133.92,0.6206,-1,-1,-1
368,7,1009.01,241.04,40.74,141.28,0.7450,-1,-1,-1
368,8,344.29,325.57,88.90,142.04,0.6985,-1,-1,-1
368,33,677.83,314.65,66.28,124.82,0.8025,-1,-1,-1
368,37,866.09,160.43,56.32,127.91,0.5961,-1,-1,-1
368,38,639.49,221.05,50.25,118.04,0.8181,-1,-1,-1
368,40,503.76,190.07,46.85,120.73,0.6668,-1,-1,-1
369,5,1036.86,487.48,51.56,169.25,0.7893,-1,-1,-1
369,6,620.94,101.00,42.68,125.77,0.6560,-1,-1,-1
369,7,1002.59,242.19,41.43,141.66,0.6984,-1,-1,-1
369,8,342.51,324.45,89.71,140.59,0.7031,-1,-1,-1
369,33,665.37,315.59,69.34,125.66,0.7799,-1,-1,-1
369,37,860.81,157.59,56.69,130.97,0.5508,-1,-1,-1
369,38,635.69,223.25,50.41,115.67,0.7796,-1,-1,-1
369,40,500.56,191.23,46.18,118.97,0.7495,-1,-1,-1
370,5,1032.97,488.63,52.45,171.33,0.7869,-1,-1,-1
370,6,615.17,99.60,43.61,129.21,0.6234,-1,-1,-1
370,7,996.21,243.58,41.50,139.75,0.6431,-1,-1,-1
370,8,337.47,324.59,91.77,141.54,0.8018,-1,-1,-1
370,33,657.21,317.33,71.89,125.88,0.7473,-1,-1,-1
370,37,856.19,158.13,55.72,129.77,0.5663,-1,-1,-1
370,38,630.88,227.19,51.29,114.82,0.7154,-1,-1,-1
370,40,496.26,189.77,48.05,123.19,0.5665,-1,-1,-1
371,5,1026.93,491.80,52.45,172.49,0.7906,-1,-1,-1
371,6,608.65,108.75,41.75,122.99,0.7076,-1,-1,-1
371,7,984.16,245.76,42.84,139.93,0.7465,-1,-1,-1
371,8,328.80,322.97,96.23,147.04,0.8109,-1,-1,-1
371,33,647.23,318.28,74.54,127.44,0.7242,-1,-1,-1
371,37,849.15,162.42,55.27,129.02,0.6636,-1,-1,-1
371,38,620.61,228.86,54.26,118.09,0.7681,-1,-1,-1
371,40,487.93,190.14,50.40,128.63,0.6985,-1,-1,-1
372,5,1023.85,494.13,52.17,173.19,0.7510,-1,-1,-1
372,6,603.22,110.88,41.80,123.00,0.6927,-1,-1,-1
372,7,975.74,246.84,44.26,140.74,0.7052,-1,-1,-1
372,8,323.69,322.39,97.67,148.18,0.7269,-1,-1,-1
372,30,490.10,382.74,118.64,161.05,0.5630,-1,-1,-1
372,33,638.21,317.03,78.05,130.26,0.7093,-1,-1,-1
372,37,845.06,163.25,55.21,129.58,0.6167,-1,-1,-1
372,38,610.30,234.57,56.59,118.34,0.7612,-1,-1,-1
372,40,483.85,191.31,50.78,128.94,0.6244,-1,-1,-1
373,5,1022.22,495.35,51.95,173.79,0.7671,-1,-1,-1
373,6,597.37,101.72,44.78,132.77,0.6513,-1,-1,-1
373,7,971.94,247.85,45.41,141.35,0.6800,-1,-1,-1
373,8,318.94,321.28,99.21,149.73,0.7387,-1,-1,-1
373,30,495.12,379.39,111.51,154.10,0.6337,-1,-1,-1
373,33,627.62,319.29,78.47,131.15,0.7415,-1,-1,-1
373,37,840.84,164.21,55.51,130.81,0.5813,-1,-1,-1
373,38,603.60,237.84,54.75,106.87,0.6615,-1,-1,-1
373,40,479.87,191.60,53.06,133.66,0.7300,-1,-1,-1
374,5,1021.40,497.58,51.63,174.00,0.7270,-1,-1,-1
374,6,593.23,106.25,43.67,128.54,0.6529,-1,-1,-1
374,7,969.52,248.20,46.48,142.35,0.6061,-1,-1,-1
374,8,316.92,322.02,98.63,148.07,0.5983,-1,-1,-1
374,33,620.72,322.45,77.64,129.90,0.6337,-1,-1,-1
374,37,836.75,160.39,57.62,136.29,0.6176,-1,-1,-1
374,38,592.63,239.02,57.35,105.67,0.6439,-1,-1,-1
374,40,476.14,192.25,51.88,128.43,0.6815,-1,-1,-1
375,5,1021.31,500.54,51.01,173.07,0.7666,-1,-1,-1
375,6,590.53,109.31,43.24,127.06,0.7287,-1,-1,-1
375,7,967.02,248.35,47.28,143.42,0.5930,-1,-1,-1
375,8,312.56,323.03,103.03,155.20,0.6059,-1,-1,-1
375,30,491.76,369.42,111.02,158.87,0.6282,-1,-1,-1
375,33,613.12,325.19,76.04,127.17,0.6044,-1,-1,-1
375,37,833.68,156.99,59.76,141.58,0.6564,-1,-1,-1
375,38,579.31,239.87,63.09,109.47,0.7076,-1,-1,-1
375,40,471.26,192.55,53.59,131.42,0.6785,-1,-1,-1
376,5,1020.51,503.68,50.83,173.04,0.7177,-1,-1,-1
376,6,584.57,103.91,45.34,134.13,0.6020,-1,-1,-1
376,7,962.29,252.27,47.53,140.98,0.6675,-1,-1,-1
376,8,302.68,325.37,110.00,167.01,0.6256,-1,-1,-1
376,30,497.34,368.55,101.74,151.00,0.6273,-1,-1,-1
376,33,600.56,329.25,73.81,120.96,0.6557,-1,-1,-1
376,37,832.62,161.44,59.16,138.42,0.7278,-1,-1,-1
376,38,572.86,243.40,62.14,102.58,0.6819,-1,-1,-1
376,40,464.74,193.39,55.44,135.75,0.7390,-1,-1,-1
377,5,1019.63,506.74,50.96,173.29,0.7529,-1,-1,-1
377,6,578.76,87.61,50.47,152.03,0.6218,-1,-1,-1
377,7,959.80,254.50,47.89,139.17,0.7251,-1,-1,-1
377,8,310.24,325.38,104.22,161.18,0.6233,-1,-1,-1
377,30,499.02,363.41,97.58,150.44,0.6885,-1,-1,-1
377,33,591.72,334.77,73.20,117.23,0.6280,-1,-1,-1
377,37,832.66,166.56,58.72,134.88,0.7490,-1,-1,-1
377,38,567.42,246.02,62.68,99.33,0.5925,-1,-1,-1
377,40,459.91,195.33,54.56,132.32,0.6909,-1,-1,-1
377,45,487.38,349.07,39.36,152.51,0.6405,-1,-1,-1
378,5,1018.51,510.02,51.60,173.98,0.7963,-1,-1,-1
378,7,956.52,256.37,49.30,139.22,0.8003,-1,-1,-1
378,8,319.96,327.53,104.18,160.62,0.6992,-1,-1,-1
378,30,497.32,352.90,97.82,156.72,0.5649,-1,-1,-1
378,33,587.19,340.31,73.22,114.97,0.6824,-1,-1,-1
378,37,831.47,171.31,58.60,131.99,0.7022,-1,-1,-1
378,38,563.73,250.95,63.28,96.64,0.5993,-1,-1,-1
378,45,488.61,346.83,40.15,155.45,0.6322,-1,-1,-1
379,5,1018.57,513.26,52.26,175.38,0.8056,-1,-1,-1
379,6,575.11,99.68,46.99,142.46,0.6442,-1,-1,-1
379,7,952.76,258.71,50.80,138.04,0.8050,-1,-1,-1
379,8,316.18,325.64,105.34,164.72,0.6896,-1,-1,-1
379,30,495.05,349.07,95.89,158.75,0.6340,-1,-1,-1
379,33,583.58,345.97,72.71,112.03,0.6493,-1,-1,-1
379,37,829.35,174.91,59.02,130.24,0.7282,-1,-1,-1
379,38,561.09,255.48,63.61,93.81,0.6244,-1,-1,-1
379,40,448.91,201.33,57.99,142.01,0.6604,-1,-1,-1
379,45,489.05,341.24,41.51,160.66,0.6517,-1,-1,-1
380,5,1018.28,517.16,52.95,176.35,0.7973,-1,-1,-1
380,6,572.53,97.78,48.00,147.66,0.6316,-1,-1,-1
380,7,949.69,260.66,52.62,138.10,0.7722,-1,-1,-1
380,8,310.15,324.81,106.91,170.71,0.7411,-1,-1,-1
380,30,494.49,345.62,94.93,162.58,0.5894,-1,-1,-1
380,33,582.37,351.10,70.93,106.94,0.5905,-1,-1,-1
380,37,827.63,177.54,60.03,129.88,0.6149,-1,-1,-1
380,38,560.29,258.84,63.98,91.51,0.7444,-1,-1,-1
380,40,445.50,205.06,56.94,140.39,0.6958,-1,-1,-1
380,45,487.61,339.62,42.28,164.11,0.6140,-1,-1,-1
381,5,1019.14,524.27,54.52,179.42,0.8261,-1,-1,-1
381,6,570.30,111.10,45.32,139.18,0.6455,-1,-1,-1
381,7,948.26,264.03,54.75,141.21,0.7689,-1,-1,-1
381,8,299.56,324.45,111.49,183.60,0.7150,-1,-1,-1
381,30,482.91,336.12,98.61,172.10,0.5998,-1,-1,-1
381,33,584.69,352.09,71.69,104.77,0.5662,-1,-1,-1
381,37,826.22,180.69,61.57,131.64,0.7709,-1,-1,-1
381,38,555.22,262.81,67.52,94.36,0.6079,-1,-1,-1
382,5,1019.26,530.00,55.59,181.33,0.8023,-1,-1,-1
382,6,566.99,109.70,46.47,143.68,0.6626,-1,-1,-1
382,7,946.25,265.87,56.27,143.64,0.7787,-1,-1,-1
382,8,296.25,330.40,107.44,181.36,0.6452,-1,-1,-1
382,33,587.00,351.33,72.83,103.54,0.6417,-1,-1,-1
382,37,820.88,182.41,64.88,136.07,0.6924,-1,-1,-1
382,38,549.96,265.29,70.96,96.86,0.6051,-1,-1,-1
383,5,1020.29,534.54,55.96,181.65,0.8076,-1,-1,-1
383,6,563.58,108.24,47.62,147.36,0.6528,-1,-1,-1
383,7,943.23,266.99,57.74,146.60,0.8096,-1,-1,-1
383,30,494.40,344.55,90.20,166.68,0.5930,-1,-1,-1
383,33,586.93,349.53,78.41,109.47,0.6067,-1,-1,-1
383,37,821.75,187.39,64.21,133.89,0.7237,-1,-1,-1
383,38,545.84,266.50,75.84,101.47,0.7549,-1,-1,-1
383,40,433.50,215.56,54.44,135.31,0.6298,-1,-1,-1
383,45,483.80,335.88,40.91,155.00,0.5944,-1,-1,-1
384,5,1020.59,539.16,55.36,178.23,0.7878,-1,-1,-1
384,6,560.41,101.54,50.17,156.18,0.6327,-1,-1,-1
384,7,940.72,267.86,58.49,148.44,0.8038,-1,-1,-1
384,30,497.20,345.20,84.60,163.71,0.6299,-1,-1,-1
384,33,585.54,348.05,82.90,113.66,0.6177,-1,-1,-1
384,37,821.72,192.72,63.14,131.22,0.6501,-1,-1,-1
384,38,543.75,266.62,79.70,104.40,0.7116,-1,-1,-1
384,40,428.80,220.71,55.87,139.79,0.7209,-1,-1,-1
384,45,480.59,334.91,40.14,148.65,0.5637,-1,-1,-1
385,5,1019.07,543.27,54.92,175.74,0.8241,-1,-1,-1
385,6,558.64,111.10,48.27,150.45,0.5969,-1,-1,-1
385,7,938.88,269.05,58.83,149.83,0.8029,-1,-1,-1
385,8,278.67,349.07,103.68,180.67,0.6006,-1,-1,-1
385,30,500.84,346.41,78.98,159.32,0.6143,-1,-1,-1
385,33,588.86,347.15,85.32,116.25,0.7244,-1,-1,-1
385,37,822.94,195.58,63.98,130.44,0.6606,-1,-1,-1
385,38,543.69,265.99,82.43,105.23,0.7272,-1,-1,-1
385,40,425.60,222.87,55.85,140.55,0.6428,-1,-1,-1
385,45,480.90,335.67,38.30,139.40,0.6052,-1,-1,-1
386,5,1016.04,550.68,53.30,169.32,0.7969,-1,-1,-1
386,6,553.36,113.36,48.91,152.74,0.6114,-1,-1,-1
386,7,931.28,272.20,59.05,147.89,0.6414,-1,-1,-1
386,8,269.83,358.55,96.84,174.51,0.6225,-1,-1,-1
386,33,597.25,345.77,90.27,120.08,0.7223,-1,-1,-1
386,37,817.72,198.99,64.64,132.04,0.6568,-1,-1,-1
386,38,544.73,264.88,88.85,112.98,0.7387,-1,-1,-1
386,40,418.00,225.55,57.71,147.01,0.7156,-1,-1,-1
386,45,478.91,337.72,37.53,136.16,0.5710,-1,-1,-1
387,5,1014.00,556.66,51.61,163.32,0.7805,-1,-1,-1
387,6,549.46,119.34,48.02,148.18,0.6480,-1,-1,-1
387,7,931.77,273.90,59.90,151.37,0.6787,-1,-1,-1
387,8,263.25,358.63,97.30,181.37,0.6213,-1,-1,-1
387,30,491.94,341.30,74.00,151.73,0.6374,-1,-1,-1
387,33,601.35,344.66,95.80,124.50,0.8068,-1,-1,-1
387,37,813.45,200.59,64.93,132.60,0.7311,-1,-1,-1
387,38,544.92,262.71,93.00,118.96,0.8248,-1,-1,-1
387,40,413.07,227.11,58.45,150.42,0.7014,-1,-1,-1
387,45,476.08,336.90,37.46,134.65,0.6318,-1,-1,-1
388,5,1011.84,560.52,50.58,159.42,0.7946,-1,-1,-1
388,6,547.26,122.22,47.83,146.26,0.6316,-1,-1,-1
388,7,934.11,275.39,59.64,153.41,0.7234,-1,-1,-1
388,8,259.38,359.07,96.06,184.47,0.5754,-1,-1,-1
388,30,487.09,340.40,70.85,145.02,0.6341,-1,-1,-1
388,33,603.45,344.25,98.64,125.02,0.8580,-1,-1,-1
388,37,810.59,200.45,65.69,134.17,0.7510,-1,-1,-1
388,38,539.64,258.66,99.73,129.29,0.8022,-1,-1,-1
388,40,409.53,227.88,58.84,151.98,0.6877,-1,-1,-1
388,45,473.15,335.08,38.03,135.05,0.6562,-1,-1,-1
389,5,1009.37,563.43,49.76,156.44,0.7906,-1,-1,-1
389,6,546.81,135.57,44.78,134.56,0.6621,-1,-1,-1
389,7,936.20,277.21,59.10,153.78,0.7044,-1,-1,-1
389,8,255.59,357.98,93.36,184.16,0.5945,-1,-1,-1
389,30,487.99,338.12,69.03,143.25,0.5847,-1,-1,-1
389,33,604.23,344.53,98.55,122.23,0.8056,-1,-1,-1
389,37,808.91,199.95,66.52,136.31,0.7745,-1,-1,-1
389,38,539.97,256.17,102.56,136.40,0.7682,-1,-1,-1
389,40,406.18,227.37,59.70,153.42,0.6828,-1,-1,-1
389,45,470.85,333.49,39.07,136.73,0.6131,-1,-1,-1
390,5,1006.30,565.99,49.49,154.01,0.7800,-1,-1,-1
390,6,545.20,142.77,43.81,128.75,0.5821,-1,-1,-1
390,7,938.10,279.20,58.50,153.28,0.7279,-1,-1,-1
390,8,251.59,358.40,92.63,188.23,0.5548,-1,-1,-1
390,30,487.75,335.12,67.87,142.87,0.5876,-1,-1,-1
390,33,605.03,344.51,96.96,119.06,0.8040,-1,-1,-1
390,37,806.79,198.24,67.30,139.00,0.7473,-1,-1,-1
390,38,542.19,253.63,101.66,139.80,0.7540,-1,-1,-1
390,40,408.75,225.31,55.08,139.42,0.5559,-1,-1,-1
391,5,1004.16,569.78,48.58,150.22,0.7847,-1,-1,-1
391,6,543.22,142.93,44.57,129.35,0.5614,-1,-1,-1
391,7,938.71,283.37,57.90,151.79,0.7534,-1,-1,-1
391,33,615.37,342.52,95.94,119.49,0.8086,-1,-1,-1
391,37,803.96,194.08,68.23,142.47,0.7734,-1,-1,-1
391,38,552.50,251.34,97.37,140.12,0.6786,-1,-1,-1
391,40,405.94,222.53,52.50,134.70,0.5894,-1,-1,-1
392,5,1003.56,572.62,47.97,147.38,0.7767,-1,-1,-1
392,7,941.17,285.89,57.98,150.20,0.7520,-1,-1,-1
392,8,240.98,357.00,89.51,186.28,0.5786,-1,-1,-1
392,30,485.86,336.45,65.47,138.07,0.5776,-1,-1,-1
392,33,622.92,339.61,96.36,122.20,0.7491,-1,-1,-1
392,37,803.49,191.46,67.51,142.51,0.7378,-1,-1,-1
392,38,561.06,250.79,91.75,137.83,0.7204,-1,-1,-1
392,40,405.82,218.66,56.21,143.30,0.5795,-1,-1,-1
392,45,465.04,329.39,35.34,121.61,0.6161,-1,-1,-1
393,5,1004.62,575.44,47.37,144.56,0.7851,-1,-1,-1
393,6,542.60,142.33,45.42,130.39,0.5731,-1,-1,-1
393,7,941.55,287.09,58.31,149.87,0.7873,-1,-1,-1
393,8,241.48,350.54,90.79,190.55,0.5863,-1,-1,-1
393,33,634.92,336.80,94.11,123.41,0.6087,-1,-1,-1
393,37,804.19,188.49,65.90,140.15,0.7197,-1,-1,-1
393,38,569.05,250.97,88.06,137.82,0.7356,-1,-1,-1
394,5,1005.86,577.63,47.04,142.37,0.7950,-1,-1,-1
394,6,542.57,140.11,46.65,132.84,0.5593,-1,-1,-1
394,7,940.43,287.46,58.70,150.98,0.8183,-1,-1,-1
394,8,239.84,346.96,91.90,195.16,0.6393,-1,-1,-1
394,30,484.74,341.22,64.99,135.44,0.6018,-1,-1,-1
394,33,642.35,332.85,91.98,124.61,0.6968,-1,-1,-1
394,37,805.66,183.94,64.98,139.99,0.7325,-1,-1,-1
394,38,575.04,251.88,84.52,138.06,0.7209,-1,-1,-1
394,40,400.05,212.05,63.83,159.72,0.6117,-1,-1,-1
395,5,1007.11,579.95,46.68,140.05,0.8074,-1,-1,-1
395,6,542.09,133.98,49.14,139.29,0.5556,-1,-1,-1
395,7,940.23,287.67,58.87,151.80,0.7905,-1,-1,-1
395,8,234.01,346.09,92.57,202.22,0.6101,-1,-1,-1
395,30,485.90,345.13,64.87,133.09,0.6174,-1,-1,-1
395,33,645.86,329.64,93.92,131.92,0.6953,-1,-1,-1
395,37,806.33,180.66,64.02,139.84,0.7500,-1,-1,-1
395,38,581.58,251.49,82.76,139.91,0.6547,-1,-1,-1
395,40,403.73,211.05,64.20,161.31,0.6073,-1,-1,-1
396,5,1008.99,582.31,46.36,137.69,0.8198,-1,-1,-1
396,7,941.06,287.11,58.58,152.60,0.7958,-1,-1,-1
396,8,232.86,342.72,88.01,197.88,0.6524,-1,-1,-1
396,30,487.41,347.79,65.72,131.70,0.6854,-1,-1,-1
396,37,807.66,180.05,61.91,136.98,0.7073,-1,-1,-1
396,38,589.85,250.79,81.24,141.79,0.7411,-1,-1,-1
396,40,404.60,208.35,64.00,161.74,0.6978,-1,-1,-1
397,5,1011.00,583.77,46.09,136.11,0.8119,-1,-1,-1
397,6,537.11,97.40,61.23,175.41,0.5662,-1,-1,-1
397,7,940.80,283.94,59.45,155.64,0.7848,-1,-1,-1
397,8,231.14,338.97,84.52,195.88,0.6342,-1,-1,-1
397,30,491.07,348.24,66.64,131.50,0.5615,-1,-1,-1
397,33,666.24,320.06,86.06,127.28,0.6434,-1,-1,-1
397,37,807.37,176.73,60.96,136.02,0.7221,-1,-1,-1
397,38,595.35,247.90,80.06,143.63,0.7258,-1,-1,-1
397,40,405.14,209.47,62.09,157.05,0.7279,-1,-1,-1
398,5,1012.66,584.55,46.29,135.45,0.8174,-1,-1,-1
398,7,941.68,280.81,60.30,158.47,0.7808,-1,-1,-1
398,8,234.85,337.56,82.03,192.89,0.6135,-1,-1,-1
398,30,492.74,347.54,68.18,132.42,0.6534,-1,-1,-1
398,33,675.41,317.29,84.83,130.43,0.7066,-1,-1,-1
398,37,806.34,174.32,60.89,135.73,0.7266,-1,-1,-1
398,38,599.51,244.32,79.49,146.73,0.7678,-1,-1,-1
398,40,404.64,208.06,61.76,155.65,0.7328,-1,-1,-1
399,5,1014.35,585.67,46.36,134.33,0.8190,-1,-1,-1
399,7,942.87,279.14,61.05,160.14,0.7641,-1,-1,-1
399,8,238.22,335.89,82.04,192.07,0.6559,-1,-1,-1
399,30,497.43,345.68,70.35,134.78,0.6389,-1,-1,-1
399,33,683.73,314.83,83.22,132.29,0.7612,-1,-1,-1
399,37,806.00,173.00,60.76,135.06,0.7212,-1,-1,-1
399,38,602.90,240.39,79.24,150.65,0.7429,-1,-1,-1
399,40,405.83,207.50,61.69,153.77,0.7371,-1,-1,-1
400,5,1015.89,587.20,46.24,132.80,0.8094,-1,-1,-1
400,7,939.26,277.37,63.25,162.91,0.7310,-1,-1,-1
400,8,235.57,335.82,80.67,190.80,0.6721,-1,-1,-1
400,33,690.24,311.69,82.61,135.21,0.7168,-1,-1,-1
400,37,806.14,171.94,60.96,134.95,0.6878,-1,-1,-1
400,38,605.90,235.87,79.01,154.91,0.7103,-1,-1,-1
400,40,407.10,207.72,61.75,151.90,0.6966,-1,-1,-1
401,5,1016.79,589.19,46.03,130.81,0.7968,-1,-1,-1
401,7,936.28,277.97,65.04,162.92,0.7011,-1,-1,-1
401,8,234.27,335.59,80.00,191.10,0.7346,-1,-1,-1
401,33,697.50,311.78,79.20,132.15,0.5572,-1,-1,-1
401,37,806.43,167.81,62.89,139.07,0.7433,-1,-1,-1
401,38,610.47,231.46,77.97,158.41,0.6878,-1,-1,-1
401,40,408.42,203.41,64.47,156.81,0.7241,-1,-1,-1
402,5,1019.08,591.43,45.73,128.57,0.7637,-1,-1,-1
402,7,942.01,274.18,66.33,166.76,0.7093,-1,-1,-1
402,8,234.58,335.84,80.36,192.04,0.7021,-1,-1,-1
402,33,710.30,310.39,79.14,131.72,0.6090,-1,-1,-1
402,37,808.47,165.09,63.89,142.03,0.7451,-1,-1,-1
402,38,620.16,220.14,73.53,154.61,0.6499,-1,-1,-1
402,40,412.37,202.78,66.07,156.70,0.7638,-1,-1,-1
403,5,1020.90,592.46,45.73,127.54,0.7728,-1,-1,-1
403,7,946.78,272.67,65.82,167.64,0.7120,-1,-1,-1
403,8,233.95,336.58,80.62,192.59,0.7152,-1,-1,-1
403,30,499.77,340.18,77.74,147.81,0.5673,-1,-1,-1
403,33,717.50,310.40,79.74,132.98,0.5722,-1,-1,-1
403,37,810.38,162.92,64.61,144.68,0.6633,-1,-1,-1
403,38,628.36,217.73,68.79,148.08,0.6623,-1,-1,-1
403,40,415.79,204.31,66.93,153.67,0.7903,-1,-1,-1
404,5,1021.05,593.63,45.72,126.37,0.7811,-1,-1,-1
404,7,952.00,271.55,64.51,167.99,0.6777,-1,-1,-1
404,8,234.99,337.24,81.41,193.26,0.7345,-1,-1,-1
404,30,502.41,341.47,77.92,148.23,0.6884,-1,-1,-1
404,37,811.84,161.19,63.86,143.67,0.6689,-1,-1,-1
404,38,636.04,215.06,66.77,146.02,0.7120,-1,-1,-1
404,40,417.70,205.49,67.61,151.16,0.8265,-1,-1,-1
405,5,1022.85,595.81,45.35,124.19,0.8053,-1,-1,-1
405,7,955.64,269.63,63.50,169.04,0.6961,-1,-1,-1
405,8,235.60,337.50,82.40,194.19,0.7632,-1,-1,-1
405,30,504.40,343.96,77.10,147.11,0.7111,-1,-1,-1
405,37,812.69,159.48,63.74,144.39,0.7518,-1,-1,-1
405,38,644.36,213.76,66.43,145.11,0.7205,-1,-1,-1
405,40,420.16,206.84,68.48,149.43,0.8025,-1,-1,-1
405,48,484.53,300.68,46.98,169.25,0.5820,-1,-1,-1
405,49,750.41,109.53,55.91,142.76,0.5900,-1,-1,-1
406,5,1025.06,598.66,44.64,121.10,0.8077,-1,-1,-1
406,7,959.46,269.01,61.86,168.43,0.7441,-1,-1,-1
406,8,234.77,337.87,82.79,195.07,0.7546,-1,-1,-1
406,30,506.53,347.48,76.38,144.28,0.6046,-1,-1,-1
406,37,813.47,157.25,63.02,144.32,0.7229,-1,-1,-1
406,38,655.42,211.54,67.30,143.62,0.7585,-1,-1,-1
406,40,424.89,206.30,68.95,146.62,0.8081,-1,-1,-1
406,48,485.71,303.46,46.28,166.52,0.6441,-1,-1,-1
407,5,1027.76,601.48,44.47,118.20,0.7994,-1,-1,-1
407,7,963.21,267.93,60.31,166.62,0.7674,-1,-1,-1
407,8,236.31,337.58,83.51,196.64,0.7552,-1,-1,-1
407,33,726.58,299.66,86.75,148.12,0.6043,-1,-1,-1
407,37,816.17,153.47,61.61,142.43,0.6270,-1,-1,-1
407,38,658.11,207.32,67.15,144.36,0.6591,-1,-1,-1
407,40,434.61,206.54,69.73,144.41,0.7622,-1,-1,-1
408,5,1028.67,603.31,45.03,116.63,0.8065,-1,-1,-1
408,7,965.84,268.84,59.13,164.87,0.7905,-1,-1,-1
408,8,240.42,336.70,84.08,197.86,0.7256,-1,-1,-1
408,30,521.54,353.15,76.06,139.99,0.6690,-1,-1,-1
408,33,728.05,296.49,86.31,151.94,0.6093,-1,-1,-1
408,37,816.78,149.97,61.33,142.91,0.6426,-1,-1,-1
408,38,659.62,200.54,67.93,147.18,0.6308,-1,-1,-1
408,40,442.05,204.94,70.67,142.12,0.6434,-1,-1,-1
409,5,1029.55,605.24,45.61,114.76,0.7987,-1,-1,-1
409,7,968.11,269.54,58.43,164.01,0.7677,-1,-1,-1
409,8,245.87,336.28,85.40,199.41,0.7398,-1,-1,-1
409,30,525.31,355.41,78.13,140.29,0.6776,-1,-1,-1
409,33,729.66,294.63,84.08,153.47,0.6366,-1,-1,-1
409,37,815.63,145.44,62.24,145.73,0.6884,-1,-1,-1
409,38,663.38,196.62,68.44,148.29,0.6910,-1,-1,-1
409,40,447.98,202.53,72.59,141.78,0.6291,-1,-1,-1
410,5,1030.32,608.24,45.95,111.76,0.7948,-1,-1,-1
410,7,972.01,272.80,57.12,160.43,0.7636,-1,-1,-1
410,8,248.80,336.47,85.99,200.37,0.7831,-1,-1,-1
410,30,527.39,356.10,84.11,148.33,0.7603,-1,-1,-1
410,33,732.58,293.28,78.71,148.12,0.6028,-1,-1,-1
410,37,816.65,146.06,62.02,144.71,0.7179,-1,-1,-1
410,38,667.36,192.10,69.60,150.00,0.6213,-1,-1,-1
410,40,454.81,199.78,74.77,142.12,0.6060,-1,-1,-1
411,5,1031.81,610.61,46.58,109.39,0.7824,-1,-1,-1
411,7,977.03,276.26,57.08,160.49,0.7858,-1,-1,-1
411,8,252.14,337.49,85.51,200.04,0.7911,-1,-1,-1
411,30,527.33,358.92,87.95,153.33,0.7182,-1,-1,-1
411,33,732.23,290.96,76.42,145.61,0.6641,-1,-1,-1
411,37,817.91,151.87,60.64,139.46,0.7427,-1,-1,-1
411,40,457.25,199.07,74.43,139.40,0.6000,-1,-1,-1
411,48,505.94,305.82,43.74,154.83,0.5845,-1,-1,-1
412,5,1035.41,615.85,45.53,104.15,0.7768,-1,-1,-1
412,7,985.83,280.49,56.94,159.29,0.8053,-1,-1,-1
412,8,258.48,340.63,83.71,197.17,0.8027,-1,-1,-1
412,33,735.19,287.94,76.69,148.34,0.7806,-1,-1,-1
412,37,819.41,154.97,61.53,139.15,0.7119,-1,-1,-1
412,48,510.60,308.83,44.70,155.74,0.6568,-1,-1,-1
413,5,1038.01,619.69,44.81,100.31,0.7700,-1,-1,-1
413,7,992.00,283.16,57.21,159.18,0.7451,-1,-1,-1
413,8,261.48,342.92,81.97,194.96,0.8000,-1,-1,-1
413,30,544.73,368.55,91.65,164.17,0.5708,-1,-1,-1
413,33,739.17,286.18,76.20,150.50,0.7213,-1,-1,-1
413,37,821.00,158.47,62.23,138.01,0.7275,-1,-1,-1
413,38,690.77,203.56,63.31,132.96,0.6930,-1,-1,-1
413,48,513.30,310.84,45.64,157.06,0.6200,-1,-1,-1
414,7,997.47,284.24,58.02,161.06,0.7847,-1,-1,-1
414,8,264.32,344.02,80.53,193.27,0.7312,-1,-1,-1
414,30,549.31,376.40,88.64,160.65,0.6336,-1,-1,-1
414,33,743.85,285.32,75.34,153.69,0.7060,-1,-1,-1
414,37,822.27,160.58,63.19,136.61,0.7070,-1,-1,-1
414,38,695.04,203.33,64.45,133.03,0.6829,-1,-1,-1
414,48,515.63,313.29,46.99,158.89,0.5912,-1,-1,-1
415,5,1040.20,624.00,44.08,95.46,0.6140,-1,-1,-1
415,7,1002.21,287.17,58.47,161.18,0.8333,-1,-1,-1
415,8,267.87,344.52,81.03,195.34,0.7493,-1,-1,-1
415,30,563.19,380.06,85.32,160.63,0.7080,-1,-1,-1
415,33,748.95,284.87,74.53,156.67,0.7489,-1,-1,-1
415,37,822.34,160.10,66.25,140.01,0.6829,-1,-1,-1
415,38,699.03,205.87,64.84,131.37,0.7050,-1,-1,-1
416,5,1040.83,627.72,43.74,91.74,0.6050,-1,-1,-1
416,7,1005.15,288.89,59.12,161.84,0.8169,-1,-1,-1
416,8,270.30,345.58,80.26,195.32,0.7302,-1,-1,-1
416,30,573.61,383.76,82.58,160.21,0.5516,-1,-1,-1
416,33,751.64,283.34,74.12,160.32,0.7566,-1,-1,-1
416,38,704.31,208.14,65.69,129.38,0.6962,-1,-1,-1
417,7,1011.22,291.16,59.88,162.99,0.8587,-1,-1,-1
417,8,273.95,348.47,81.77,198.82,0.7151,-1,-1,-1
417,33,758.65,285.02,72.56,160.09,0.7087,-1,-1,-1
417,37,825.51,163.83,69.51,142.01,0.5843,-1,-1,-1
417,38,709.02,210.75,66.99,129.53,0.6840,-1,-1,-1
417,40,472.56,181.12,87.09,162.29,0.5745,-1,-1,-1
417,48,529.37,325.45,50.82,169.84,0.6076,-1,-1,-1
418,7,1016.67,293.22,60.47,163.03,0.7913,-1,-1,-1
418,8,276.21,350.02,82.42,200.20,0.6577,-1,-1,-1
418,30,591.15,389.77,85.85,168.71,0.6351,-1,-1,-1
418,33,762.89,285.34,71.03,160.33,0.6343,-1,-1,-1
418,37,825.61,167.95,71.24,139.56,0.6913,-1,-1,-1
418,40,482.29,182.94,86.74,159.28,0.6257,-1,-1,-1
418,48,533.80,327.93,51.70,171.20,0.6860,-1,-1,-1
419,7,1019.67,294.39,61.37,164.24,0.7975,-1,-1,-1
419,8,278.86,351.88,82.43,199.93,0.6049,-1,-1,-1
419,30,596.37,392.87,87.86,175.35,0.6805,-1,-1,-1
419,33,766.39,286.07,69.11,159.73,0.6462,-1,-1,-1
419,40,486.52,191.21,80.34,151.10,0.7053,-1,-1,-1
419,48,537.62,330.05,53.16,174.49,0.6400,-1,-1,-1
420,7,1024.35,295.00,62.30,165.81,0.7845,-1,-1,-1
420,8,282.10,352.81,81.66,198.05,0.6208,-1,-1,-1
420,30,603.92,395.26,83.14,167.64,0.6773,-1,-1,-1
420,33,770.14,287.16,66.80,158.09,0.6460,-1,-1,-1
420,38,728.49,221.67,70.75,127.96,0.6329,-1,-1,-1
420,40,490.14,186.48,80.31,154.66,0.6571,-1,-1,-1
420,48,542.36,332.75,53.81,175.30,0.6383,-1,-1,-1
420,53,2.94,334.13,60.96,181.70,0.5705,-1,-1,-1
421,7,1027.99,296.07,62.64,167.54,0.7992,-1,-1,-1
421,8,286.34,354.02,81.52,198.28,0.6285,-1,-1,-1
421,30,605.23,397.55,87.80,181.75,0.7154,-1,-1,-1
421,33,773.36,287.10,65.42,158.23,0.6258,-1,-1,-1
421,38,732.28,223.20,75.45,128.12,0.6531,-1,-1,-1
421,40,495.45,179.20,82.12,161.57,0.7217,-1,-1,-1
421,48,547.53,333.80,54.33,176.02,0.6513,-1,-1,-1
421,53,8.14,332.86,63.48,188.48,0.6106,-1,-1,-1
422,7,1035.44,300.27,62.12,166.83,0.7923,-1,-1,-1
422,8,291.85,355.11,82.02,199.53,0.6410,-1,-1,-1
422,30,612.26,403.71,87.49,184.09,0.6654,-1,-1,-1
422,33,778.77,287.08,63.78,157.37,0.6152,-1,-1,-1
422,38,733.95,224.57,77.48,125.96,0.6459,-1,-1,-1
422,40,505.84,178.61,81.57,161.65,0.7394,-1,-1,-1
422,48,553.78,335.35,54.36,175.51,0.6798,-1,-1,-1
422,53,20.95,333.30,62.08,182.25,0.6097,-1,-1,-1
423,7,1037.59,302.33,63.62,172.65,0.8114,-1,-1,-1
423,8,294.94,356.62,82.41,200.28,0.6070,-1,-1,-1
423,30,616.91,407.51,86.33,183.59,0.5929,-1,-1,-1
423,33,783.07,286.20,63.23,158.54,0.6304,-1,-1,-1
423,40,512.24,178.70,81.30,161.21,0.7517,-1,-1,-1
423,48,558.64,335.85,55.24,176.27,0.6935,-1,-1,-1
423,53,31.00,332.11,62.56,180.08,0.6121,-1,-1,-1
424,7,1042.11,303.70,64.81,177.85,0.7665,-1,-1,-1
424,8,298.76,356.90,83.69,201.04,0.6037,-1,-1,-1
424,33,786.60,285.35,62.75,159.64,0.6542,-1,-1,-1
424,38,733.06,222.36,82.10,131.93,0.5631,-1,-1,-1
424,40,518.42,179.03,80.64,158.70,0.7258,-1,-1,-1
424,48,562.48,337.08,55.16,174.19,0.6369,-1,-1,-1
424,53,34.86,331.05,64.83,183.30,0.5675,-1,-1,-1
425,7,1046.34,305.54,64.38,179.20,0.7897,-1,-1,-1
425,8,298.10,357.06,83.24,200.65,0.7102,-1,-1,-1
425,30,641.68,406.90,74.96,166.41,0.6253,-1,-1,-1
425,33,789.94,285.03,61.80,158.96,0.5555,-1,-1,-1
425,37,829.68,162.41,79.89,149.56,0.5680,-1,-1,-1
425,38,733.51,219.62,84.94,134.95,0.5862,-1,-1,-1
425,40,523.71,181.71,79.10,153.57,0.7192,-1,-1,-1
425,48,566.12,337.57,55.65,173.98,0.7086,-1,-1,-1
425,53,39.07,329.17,66.77,184.28,0.5970,-1,-1,-1
426,7,1050.37,307.91,63.72,179.89,0.7022,-1,-1,-1
426,8,296.41,356.61,82.15,200.96,0.6933,-1,-1,-1
426,30,646.65,407.74,77.34,178.03,0.6900,-1,-1,-1
426,33,792.68,286.00,60.60,157.62,0.6442,-1,-1,-1
426,38,734.39,212.15,85.97,136.12,0.6389,-1,-1,-1
426,40,528.50,188.98,76.15,144.22,0.7555,-1,-1,-1
426,48,569.69,337.34,56.38,174.42,0.7570,-1,-1,-1
426,53,41.12,326.80,69.02,185.86,0.5999,-1,-1,-1
427,7,1058.16,309.24,63.51,180.83,0.7692,-1,-1,-1
427,8,296.46,356.33,81.34,199.86,0.7233,-1,-1,-1
427,30,658.24,408.88,77.76,180.69,0.7112,-1,-1,-1
427,33,796.17,284.63,60.67,159.02,0.6419,-1,-1,-1
427,37,841.60,161.62,81.07,153.43,0.5698,-1,-1,-1
427,38,736.76,210.07,83.39,133.08,0.6393,-1,-1,-1
427,40,534.15,193.78,74.00,134.12,0.7729,-1,-1,-1
427,48,574.74,337.77,56.92,174.06,0.7162,-1,-1,-1
427,53,47.40,319.89,70.86,185.84,0.5987,-1,-1,-1
428,7,1062.70,310.37,63.08,179.93,0.7798,-1,-1,-1
428,8,296.80,355.59,81.20,199.80,0.7033,-1,-1,-1
428,30,666.42,411.08,78.41,182.39,0.7203,-1,-1,-1
428,33,800.04,284.34,60.15,159.42,0.6628,-1,-1,-1
428,37,847.67,167.96,77.02,148.31,0.5987,-1,-1,-1
428,38,738.85,207.26,81.47,131.63,0.6575,-1,-1,-1
428,40,536.76,196.14,74.49,128.79,0.7871,-1,-1,-1
428,48,577.76,337.49,57.45,174.14,0.6659,-1,-1,-1
429,7,1064.51,310.42,62.65,179.66,0.8046,-1,-1,-1
429,8,296.06,354.99,81.18,200.20,0.7619,-1,-1,-1
429,30,673.53,413.22,79.57,185.43,0.7106,-1,-1,-1
429,33,803.08,284.56,59.11,158.78,0.6863,-1,-1,-1
429,38,741.87,207.41,78.11,127.19,0.6839,-1,-1,-1
429,40,538.27,195.08,77.06,127.62,0.8058,-1,-1,-1
429,48,579.82,336.75,57.97,174.48,0.6307,-1,-1,-1
429,53,61.86,315.03,69.06,180.63,0.5602,-1,-1,-1
429,58,352.70,353.88,60.70,179.06,0.6486,-1,-1,-1
430,7,1067.57,310.83,62.23,178.50,0.8022,-1,-1,-1
430,8,295.48,355.07,81.74,200.68,0.7725,-1,-1,-1
430,30,680.66,414.26,81.50,190.63,0.8043,-1,-1,-1
430,33,805.09,284.46,58.28,158.42,0.6793,-1,-1,-1
430,38,745.90,212.79,73.38,118.80,0.6749,-1,-1,-1
430,40,538.17,194.72,79.49,126.71,0.8110,-1,-1,-1
430,48,583.41,335.41,58.42,175.63,0.6062,-1,-1,-1
430,53,67.50,315.36,68.37,178.81,0.5839,-1,-1,-1
430,58,353.77,353.46,60.70,179.09,0.6072,-1,-1,-1
431,7,1069.84,311.53,62.03,178.20,0.8177,-1,-1,-1
431,8,294.68,355.49,83.11,202.07,0.8044,-1,-1,-1
431,30,686.35,419.69,80.26,189.80,0.8030,-1,-1,-1
431,33,806.79,284.56,57.45,157.66,0.6850,-1,-1,-1
431,37,859.85,176.31,71.24,142.07,0.6594,-1,-1,-1
431,38,746.48,209.50,75.09,121.32,0.6966,-1,-1,-1
431,40,533.69,183.99,87.61,137.51,0.8148,-1,-1,-1
431,48,585.31,335.16,58.41,175.62,0.6390,-1,-1,-1
431,53,73.59,314.76,68.70,180.00,0.5972,-1,-1,-1
431,58,355.30,353.19,61.31,180.45,0.6247,-1,-1,-1
432,7,1074.28,313.55,62.11,177.11,0.8296,-1,-1,-1
432,8,294.63,356.25,84.41,201.75,0.8551,-1,-1,-1
432,30,695.40,427.78,78.21,186.79,0.8085,-1,-1,-1
432,33,809.22,283.97,57.73,158.63,0.7249,-1,-1,-1
432,37,864.57,174.40,71.39,144.90,0.6031,-1,-1,-1
432,38,747.55,208.90,74.77,121.51,0.6930,-1,-1,-1
432,40,534.18,180.02,90.97,140.21,0.8168,-1,-1,-1
432,48,586.62,335.26,58.29,174.89,0.6759,-1,-1,-1
432,53,80.89,310.67,70.60,185.17,0.6037,-1,-1,-1
432,58,357.82,352.50,61.50,179.84,0.7388,-1,-1,-1
433,7,1076.55,315.07,62.68,177.73,0.8541,-1,-1,-1
433,8,295.16,356.92,85.59,201.26,0.8513,-1,-1,-1
433,30,700.90,432.66,77.06,184.82,0.7712,-1,-1,-1
433,33,806.66,283.49,58.46,159.07,0.7414,-1,-1,-1
433,37,868.14,171.66,72.07,148.91,0.6102,-1,-1,-1
433,38,749.39,209.31,74.24,121.03,0.7093,-1,-1,-1
433,40,535.79,184.68,89.81,135.38,0.7962,-1,-1,-1
433,48,587.36,335.43,58.28,174.58,0.6786,-1,-1,-1
433,58,358.19,352.04,62.47,181.14,0.7166,-1,-1,-1
433,59,623.09,102.64,60.63,163.59,0.5775,-1,-1,-1
434,7,1078.57,316.40,63.45,178.59,0.8300,-1,-1,-1
434,8,295.66,357.81,86.71,200.75,0.8532,-1,-1,-1
434,30,703.92,435.83,77.21,186.00,0.7286,-1,-1,-1
434,33,806.05,282.88,57.93,159.11,0.6423,-1,-1,-1
434,38,751.43,209.89,74.31,121.27,0.6702,-1,-1,-1
434,40,535.62,183.89,91.39,135.44,0.7924,-1,-1,-1
434,48,587.77,335.43,58.29,174.51,0.6429,-1,-1,-1
434,58,357.26,352.14,63.16,180.56,0.7463,-1,-1,-1
435,7,1078.81,318.00,64.49,179.46,0.8226,-1,-1,-1
435,8,295.50,357.87,87.80,200.04,0.8418,-1,-1,-1
435,30,709.85,438.18,74.77,180.46,0.7460,-1,-1,-1
435,33,807.19,283.01,56.10,157.69,0.5729,-1,-1,-1
435,37,880.44,175.27,69.91,147.19,0.5888,-1,-1,-1
435,38,754.84,208.79,76.16,123.61,0.5685,-1,-1,-1
435,40,534.64,182.47,92.56,135.27,0.7690,-1,-1,-1
435,48,588.59,335.12,58.53,174.68,0.6483,-1,-1,-1
435,53,92.61,302.36,72.88,190.71,0.5992,-1,-1,-1
435,58,356.71,351.87,63.92,179.68,0.7529,-1,-1,-1
436,7,1078.42,319.35,66.14,181.65,0.7984,-1,-1,-1
436,8,295.37,358.24,88.77,199.27,0.8383,-1,-1,-1
436,30,715.27,441.57,72.40,175.46,0.7448,-1,-1,-1
436,37,887.60,175.67,68.76,145.93,0.6380,-1,-1,-1
436,38,755.09,207.72,78.25,127.20,0.5739,-1,-1,-1
436,40,533.56,180.54,94.22,136.28,0.7939,-1,-1,-1
436,48,588.62,335.03,58.85,174.96,0.6555,-1,-1,-1
436,53,95.33,299.96,74.15,192.86,0.5629,-1,-1,-1
436,58,355.93,351.02,65.07,179.98,0.7621,-1,-1,-1
437,7,1076.09,322.91,67.47,183.11,0.8288,-1,-1,-1
437,8,295.91,356.81,89.75,199.75,0.8453,-1,-1,-1
437,30,719.51,446.73,70.26,170.44,0.6602,-1,-1,-1
437,37,894.47,174.74,68.94,145.96,0.5592,-1,-1,-1
437,40,534.65,181.93,93.54,133.72,0.7775,-1,-1,-1
437,48,588.11,335.20,58.98,174.43,0.6944,-1,-1,-1
437,53,99.25,297.26,76.35,196.51,0.6622,-1,-1,-1
437,58,356.43,347.82,66.16,180.51,0.6988,-1,-1,-1
437,59,626.96,105.66,59.33,159.59,0.5556,-1,-1,-1
438,7,1073.14,324.58,68.49,184.08,0.8384,-1,-1,-1
438,8,294.51,354.92,90.45,200.70,0.8500,-1,-1,-1
438,30,725.71,451.43,68.14,167.54,0.6027,-1,-1,-1
438,33,802.56,280.42,53.33,153.08,0.6337,-1,-1,-1
438,37,899.12,172.98,69.73,147.96,0.7428,-1,-1,-1
438,40,535.17,182.91,92.99,131.78,0.7562,-1,-1,-1
438,48,587.47,335.33,58.99,173.65,0.6934,-1,-1,-1
438,53,101.64,297.02,77.08,197.15,0.6707,-1,-1,-1
438,58,359.87,346.18,61.89,165.50,0.7553,-1,-1,-1
439,7,1070.09,326.25,69.07,184.38,0.8421,-1,-1,-1
439,8,292.51,352.89,90.77,202.03,0.8529,-1,-1,-1
439,33,799.16,280.97,53.44,155.06,0.6676,-1,-1,-1
439,37,905.04,173.54,69.82,148.44,0.7602,-1,-1,-1
439,40,535.33,182.78,93.50,131.32,0.7476,-1,-1,-1
439,48,586.77,335.30,59.16,173.19,0.6703,-1,-1,-1
439,53,103.86,295.30,78.12,198.25,0.6272,-1,-1,-1
439,58,359.09,344.91,64.93,172.12,0.7045,-1,-1,-1
440,7,1067.59,327.19,69.50,184.69,0.8355,-1,-1,-1
440,8,289.31,350.78,90.41,203.92,0.8276,-1,-1,-1
440,33,797.26,282.62,53.87,157.61,0.6904,-1,-1,-1
440,37,910.12,176.54,70.19,148.53,0.7062,-1,-1,-1
440,38,736.44,205.47,89.77,151.56,0.6046,-1,-1,-1
440,40,534.80,183.45,93.58,130.30,0.7299,-1,-1,-1
440,48,586.51,335.44,59.32,172.83,0.6682,-1,-1,-1
440,53,104.23,292.61,79.79,201.59,0.6041,-1,-1,-1
440,58,358.20,344.84,66.54,175.13,0.7259,-1,-1,-1
441,7,1064.71,328.31,69.49,184.34,0.8399,-1,-1,-1
441,8,286.80,349.13,89.17,205.29,0.8092,-1,-1,-1
441,30,734.07,475.01,60.29,147.18,0.5862,-1,-1,-1
441,33,795.71,285.30,54.21,159.24,0.6694,-1,-1,-1
441,37,917.54,181.06,70.38,146.27,0.7341,-1,-1,-1
441,38,734.96,205.17,88.32,153.97,0.6055,-1,-1,-1
441,40,533.99,182.61,95.40,132.28,0.7208,-1,-1,-1
441,48,586.13,335.74,59.43,172.19,0.6482,-1,-1,-1
441,53,104.77,289.39,81.39,205.21,0.6180,-1,-1,-1
441,58,357.66,344.54,67.57,176.47,0.7220,-1,-1,-1
442,7,1061.77,330.90,67.81,180.34,0.8345,-1,-1,-1
442,8,283.09,349.65,85.95,203.94,0.7169,-1,-1,-1
442,33,792.02,288.75,54.48,158.59,0.6949,-1,-1,-1
442,37,929.95,192.82,68.62,137.52,0.7279,-1,-1,-1
442,38,734.78,206.85,86.21,154.19,0.6223,-1,-1,-1
442,40,534.69,182.51,96.17,133.51,0.7201,-1,-1,-1
442,48,586.02,336.82,59.26,170.59,0.6719,-1,-1,-1
442,58,354.97,344.13,68.56,176.61,0.6343,-1,-1,-1
442,59,625.27,112.53,57.34,154.39,0.5602,-1,-1,-1
443,7,1059.77,331.95,67.16,179.29,0.8312,-1,-1,-1
443,8,281.39,349.55,83.01,203.20,0.6991,-1,-1,-1
443,30,734.35,483.25,56.92,138.87,0.6976,-1,-1,-1
443,33,791.38,289.86,54.41,158.30,0.6405,-1,-1,-1
443,37,935.94,202.27,67.94,132.60,0.6568,-1,-1,-1
443,38,735.40,208.04,83.63,152.93,0.5977,-1,-1,-1
443,40,534.46,182.82,96.49,133.86,0.7144,-1,-1,-1
443,48,585.44,337.27,58.96,169.09,0.6464,-1,-1,-1
443,58,352.39,343.83,69.15,175.76,0.6598,-1,-1,-1
443,59,625.20,112.00,57.36,154.72,0.5775,-1,-1,-1
444,7,1057.68,332.35,66.23,177.70,0.8364,-1,-1,-1
444,8,280.15,349.24,80.37,202.94,0.7071,-1,-1,-1
444,30,733.16,482.60,56.84,139.24,0.7147,-1,-1,-1
444,33,791.28,288.57,53.62,156.74,0.6324,-1,-1,-1
444,37,937.49,207.63,68.59,131.06,0.7050,-1,-1,-1
444,38,736.78,207.32,82.19,153.52,0.6026,-1,-1,-1
444,40,533.92,182.28,96.91,134.32,0.7568,-1,-1,-1
444,48,584.06,337.79,59.15,168.15,0.6874,-1,-1,-1
444,58,350.41,343.52,69.93,175.44,0.6738,-1,-1,-1
444,59,624.78,110.63,57.85,156.13,0.5625,-1,-1,-1
445,7,1056.33,332.82,64.95,175.68,0.8230,-1,-1,-1
445,8,280.73,348.71,77.85,202.08,0.6960,-1,-1,-1
445,30,731.24,478.43,57.92,143.43,0.7062,-1,-1,-1
445,33,791.20,287.19,52.37,154.64,0.5924,-1,-1,-1
445,37,936.56,212.02,68.77,128.43,0.6580,-1,-1,-1
445,38,741.22,216.86,75.14,141.60,0.5794,-1,-1,-1
445,40,534.66,184.66,95.47,131.84,0.7767,-1,-1,-1
445,48,583.24,338.06,59.53,168.00,0.6924,-1,-1,-1
445,58,346.88,342.87,71.54,176.49,0.7278,-1,-1,-1
445,59,623.78,109.44,58.53,157.31,0.6128,-1,-1,-1
446,7,1054.73,333.18,63.75,174.26,0.7976,-1,-1,-1
446,8,281.31,347.80,75.21,200.84,0.6804,-1,-1,-1
446,30,729.58,473.06,59.30,148.94,0.6720,-1,-1,-1
446,33,791.31,286.19,50.94,151.68,0.5854,-1,-1,-1
446,38,742.81,213.13,76.35,146.58,0.5635,-1,-1,-1
446,40,533.22,180.78,97.98,135.56,0.7659,-1,-1,-1
446,48,583.36,338.10,59.82,167.91,0.7023,-1,-1,-1
446,58,345.28,342.23,72.98,177.54,0.7308,-1,-1,-1
446,59,622.97,108.39,59.42,158.60,0.6272,-1,-1,-1
447,7,1053.09,335.30,62.84,174.53,0.8078,-1,-1,-1
447,8,278.79,347.88,72.54,196.77,0.7497,-1,-1,-1
447,30,729.05,477.24,57.13,144.89,0.7374,-1,-1,-1
447,33,791.02,284.88,47.64,142.82,0.5595,-1,-1,-1
447,40,531.11,175.35,100.75,140.36,0.7730,-1,-1,-1
447,48,583.19,339.55,60.15,168.11,0.6783,-1,-1,-1
447,58,346.08,341.87,73.40,177.64,0.6979,-1,-1,-1
447,59,624.15,107.11,61.05,161.01,0.5768,-1,-1,-1
448,7,1052.22,336.64,62.23,175.39,0.7945,-1,-1,-1
448,8,277.63,348.55,71.43,193.95,0.7564,-1,-1,-1
448,30,728.15,480.39,55.10,140.71,0.7274,-1,-1,-1
448,33,790.16,284.38,45.85,138.04,0.5794,-1,-1,-1
448,40,530.85,174.91,100.05,140.14,0.7791,-1,-1,-1
448,48,583.45,340.85,60.05,167.54,0.6393,-1,-1,-1
448,58,347.54,341.20,74.22,179.97,0.7395,-1,-1,-1
448,59,624.06,105.86,63.05,163.20,0.6359,-1,-1,-1
449,7,1051.71,337.59,61.97,176.92,0.8156,-1,-1,-1
449,8,276.61,348.66,70.88,191.29,0.7654,-1,-1,-1
449,30,727.14,481.41,54.47,139.24,0.6909,-1,-1,-1
449,40,530.77,177.71,97.31,137.06,0.7797,-1,-1,-1
449,48,583.86,343.10,59.27,165.82,0.6398,-1,-1,-1
449,58,347.66,340.58,74.27,180.86,0.7376,-1,-1,-1
449,59,623.90,105.93,64.67,163.98,0.5778,-1,-1,-1
450,7,1051.43,339.00,61.33,177.37,0.8050,-1,-1,-1
450,8,276.59,348.96,70.82,189.55,0.7511,-1,-1,-1
450,30,726.90,482.06,53.83,136.92,0.5944,-1,-1,-1
450,33,785.47,286.90,47.09,141.52,0.5599,-1,-1,-1
450,40,529.48,177.43,96.80,137.69,0.7765,-1,-1,-1
450,48,584.51,346.08,58.74,164.89,0.6735,-1,-1,-1
450,58,349.65,341.35,72.27,176.88,0.7263,-1,-1,-1
451,7,1051.01,340.68,60.91,178.55,0.7963,-1,-1,-1
451,8,277.51,348.31,70.62,187.30,0.7211,-1,-1,-1
451,33,783.80,287.09,49.18,148.21,0.5873,-1,-1,-1
451,40,528.71,178.09,95.79,137.75,0.7564,-1,-1,-1
451,48,584.94,349.32,58.43,164.70,0.7007,-1,-1,-1
451,58,351.66,341.52,70.88,175.01,0.7064,-1,-1,-1
452,7,1050.31,342.33,59.99,177.68,0.7804,-1,-1,-1
452,8,285.12,346.18,69.05,186.54,0.6465,-1,-1,-1
452,30,727.13,482.56,53.82,135.13,0.6054,-1,-1,-1
452,40,530.33,183.67,91.47,132.13,0.7590,-1,-1,-1
452,48,585.85,351.76,57.93,163.41,0.7025,-1,-1,-1
452,58,350.16,338.94,71.44,177.95,0.7150,-1,-1,-1
452,59,628.56,112.65,65.81,159.98,0.5857,-1,-1,-1
453,7,1049.68,343.05,59.20,177.11,0.7714,-1,-1,-1
453,8,287.21,344.31,68.09,186.79,0.6240,-1,-1,-1
453,30,726.76,481.95,54.79,135.81,0.7304,-1,-1,-1
453,33,765.90,254.41,60.62,176.31,0.5950,-1,-1,-1
453,40,530.40,181.42,92.09,134.15,0.7710,-1,-1,-1
453,48,587.18,352.38,57.77,162.76,0.7283,-1,-1,-1
453,58,346.78,337.66,71.63,178.49,0.6974,-1,-1,-1
453,59,628.65,114.43,67.56,158.77,0.5632,-1,-1,-1
453,60,895.66,232.76,92.35,109.33,0.7736,-1,-1,-1
454,7,1048.94,343.44,58.48,176.08,0.7606,-1,-1,-1
454,8,287.29,342.54,67.54,188.27,0.6109,-1,-1,-1
454,30,726.00,482.05,55.61,136.06,0.6994,-1,-1,-1
454,40,531.43,181.04,91.44,133.92,0.7304,-1,-1,-1
454,48,588.33,352.40,57.58,162.25,0.7207,-1,-1,-1
454,58,344.22,337.26,71.20,176.69,0.6784,-1,-1,-1
454,60,890.30,235.52,95.72,113.34,0.7546,-1,-1,-1
455,7,1048.13,343.48,57.78,174.71,0.7636,-1,-1,-1
455,8,288.05,341.39,66.73,188.35,0.6522,-1,-1,-1
455,30,723.40,481.35,57.24,137.74,0.7268,-1,-1,-1
455,33,764.56,246.90,61.93,176.18,0.5580,-1,-1,-1
455,40,535.28,189.60,85.97,124.76,0.7014,-1,-1,-1
455,48,588.80,352.11,57.33,161.42,0.7085,-1,-1,-1
455,58,343.60,337.08,70.57,175.00,0.6534,-1,-1,-1
455,60,881.27,237.77,101.08,119.78,0.8030,-1,-1,-1
456,7,1047.30,343.10,56.85,172.51,0.8153,-1,-1,-1
456,8,287.67,340.26,66.17,188.65,0.6645,-1,-1,-1
456,30,720.48,480.93,58.77,138.44,0.7024,-1,-1,-1
456,40,536.45,192.26,84.01,121.21,0.7132,-1,-1,-1
456,48,588.79,351.67,57.16,160.64,0.7174,-1,-1,-1
456,58,343.82,336.43,69.90,173.87,0.6399,-1,-1,-1
456,59,634.17,137.66,61.39,136.93,0.5583,-1,-1,-1
456,60,871.84,237.61,103.87,123.09,0.8147,-1,-1,-1
457,7,1046.42,342.87,56.51,171.75,0.8302,-1,-1,-1
457,8,287.02,341.79,64.58,184.33,0.6387,-1,-1,-1
457,30,716.99,480.95,59.44,136.51,0.7086,-1,-1,-1
457,40,541.10,191.42,83.56,118.98,0.5513,-1,-1,-1
457,48,589.21,348.83,57.70,161.79,0.7526,-1,-1,-1
457,58,338.37,334.98,71.38,174.40,0.7319,-1,-1,-1
457,60,859.38,237.78,104.89,124.54,0.7029,-1,-1,-1
458,7,1045.99,343.04,56.58,171.85,0.8189,-1,-1,-1
458,8,286.42,341.31,64.00,182.93,0.6048,-1,-1,-1
458,30,717.34,482.11,59.65,135.68,0.6516,-1,-1,-1
458,48,589.78,347.35,58.32,162.26,0.7316,-1,-1,-1
458,58,335.42,333.50,72.85,174.67,0.7213,-1,-1,-1
459,7,1045.14,343.11,57.39,173.55,0.8270,-1,-1,-1
459,8,285.81,341.20,63.60,181.98,0.6403,-1,-1,-1
459,30,717.79,484.31,59.10,132.96,0.5612,-1,-1,-1
459,33,763.16,236.12,66.02,183.72,0.6031,-1,-1,-1
459,40,541.24,178.98,89.07,129.18,0.5720,-1,-1,-1
459,48,590.24,346.05,58.82,162.48,0.7278,-1,-1,-1
459,58,338.67,332.48,72.65,173.81,0.6630,-1,-1,-1
460,7,1044.73,343.30,58.39,175.39,0.8293,-1,-1,-1
460,8,285.47,340.83,63.04,180.68,0.6011,-1,-1,-1
460,30,714.53,486.42,59.88,131.19,0.5528,-1,-1,-1
460,40,546.51,178.22,85.29,126.40,0.5611,-1,-1,-1
460,48,591.61,345.23,58.89,161.85,0.7342,-1,-1,-1
460,58,336.72,331.79,73.43,173.99,0.6803,-1,-1,-1
460,60,834.18,238.97,99.47,120.19,0.5575,-1,-1,-1
461,7,1044.67,343.25,59.32,177.03,0.8384,-1,-1,-1
461,30,709.45,488.67,62.23,131.66,0.6183,-1,-1,-1
461,33,755.47,233.82,64.04,178.60,0.6207,-1,-1,-1
461,40,554.52,183.01,78.61,118.39,0.5961,-1,-1,-1
461,48,592.18,344.33,58.99,161.25,0.7173,-1,-1,-1
461,58,335.89,330.77,74.18,174.63,0.5933,-1,-1,-1
462,7,1044.88,343.44,59.77,177.26,0.8120,-1,-1,-1
462,8,285.62,340.42,61.38,176.43,0.7033,-1,-1,-1
462,30,712.32,492.29,61.55,129.23,0.6013,-1,-1,-1
462,38,747.19,241.56,66.46,127.14,0.5921,-1,-1,-1
462,48,593.31,343.66,58.83,160.38,0.6900,-1,-1,-1
463,7,1044.96,343.35,60.20,177.44,0.8173,-1,-1,-1
463,8,285.74,341.05,60.46,173.79,0.7085,-1,-1,-1
463,38,742.96,241.12,68.94,133.22,0.7131,-1,-1,-1
463,40,563.88,187.21,77.29,117.52,0.6243,-1,-1,-1
463,48,594.10,343.54,58.85,159.85,0.7096,-1,-1,-1
463,58,329.17,328.05,73.10,168.87,0.5818,-1,-1,-1
463,62,594.04,347.94,42.28,154.58,0.5628,-1,-1,-1
464,7,1045.34,343.19,60.42,176.76,0.8046,-1,-1,-1
464,8,285.93,342.03,59.91,172.06,0.7070,-1,-1,-1
464,38,738.59,241.56,69.70,133.67,0.7506,-1,-1,-1
464,40,567.06,189.44,77.07,117.56,0.6030,-1,-1,-1
464,48,594.67,343.34,58.45,158.21,0.7116,-1,-1,-1
464,58,327.14,327.06,73.24,166.70,0.6154,-1,-1,-1
464,60,778.46,239.33,123.25,153.83,0.5890,-1,-1,-1
464,62,594.55,347.79,42.13,153.99,0.5752,-1,-1,-1
465,7,1046.53,342.93,60.72,176.60,0.7823,-1,-1,-1
465,8,286.48,343.30,59.77,170.97,0.6852,-1,-1,-1
465,38,733.09,242.79,69.45,132.04,0.7319,-1,-1,-1
465,40,569.40,191.69,79.06,120.13,0.7205,-1,-1,-1
465,48,595.15,342.98,58.48,158.08,0.7234,-1,-1,-1
465,58,325.79,326.83,72.94,164.05,0.6420,-1,-1,-1
465,60,773.44,243.22,118.12,153.94,0.5524,-1,-1,-1
466,7,1047.51,342.95,60.75,175.17,0.7868,-1,-1,-1
466,8,286.13,342.28,60.20,172.35,0.6867,-1,-1,-1
466,38,728.16,242.80,70.05,131.21,0.7354,-1,-1,-1
466,40,570.44,193.94,79.14,119.69,0.6909,-1,-1,-1
466,48,595.50,342.38,58.61,158.37,0.7266,-1,-1,-1
466,58,326.15,326.77,72.04,161.17,0.6063,-1,-1,-1
466,60,769.91,242.26,115.33,157.88,0.6560,-1,-1,-1
467,7,1049.35,341.06,61.29,175.19,0.7978,-1,-1,-1
467,8,285.97,343.27,59.77,171.42,0.6626,-1,-1,-1
467,30,713.01,496.55,61.12,124.65,0.6323,-1,-1,-1
467,38,723.93,243.24,71.16,129.71,0.7278,-1,-1,-1
467,40,571.87,197.26,77.34,116.07,0.6387,-1,-1,-1
467,48,595.20,341.76,59.42,161.24,0.7005,-1,-1,-1
467,58,326.98,327.13,70.65,158.61,0.5635,-1,-1,-1
467,60,765.82,244.13,114.12,165.67,0.5678,-1,-1,-1
468,7,1050.47,339.40,61.91,175.20,0.8283,-1,-1,-1
468,8,286.08,343.55,59.42,170.74,0.6541,-1,-1,-1
468,30,712.34,498.84,61.26,121.20,0.6103,-1,-1,-1
468,38,721.27,244.71,72.04,127.39,0.7745,-1,-1,-1
468,48,594.83,341.37,60.35,164.82,0.6873,-1,-1,-1
469,7,1051.35,337.71,62.93,175.99,0.8379,-1,-1,-1
469,8,286.43,345.03,58.46,168.41,0.6514,-1,-1,-1
469,30,698.98,499.00,92.37,188.41,0.6111,-1,-1,-1
469,38,715.58,245.69,72.56,124.92,0.7450,-1,-1,-1
469,48,595.15,341.26,60.56,166.47,0.6816,-1,-1,-1
470,7,1053.33,337.20,64.21,176.91,0.8156,-1,-1,-1
470,8,286.72,343.26,58.88,170.04,0.6751,-1,-1,-1
470,30,695.40,500.22,99.61,209.19,0.5674,-1,-1,-1
470,38,711.63,245.87,72.17,122.49,0.6681,-1,-1,-1
470,40,569.59,197.59,77.54,114.12,0.6504,-1,-1,-1
470,48,595.73,341.60,61.16,169.10,0.7272,-1,-1,-1
471,7,1055.31,336.43,65.66,178.07,0.7998,-1,-1,-1
471,8,286.74,342.17,58.85,170.27,0.6370,-1,-1,-1
471,38,701.88,245.15,71.80,122.75,0.5695,-1,-1,-1
471,40,566.70,198.00,78.73,113.19,0.6533,-1,-1,-1
471,48,595.65,342.05,62.19,173.32,0.7042,-1,-1,-1
472,7,1057.25,333.71,68.04,180.93,0.8365,-1,-1,-1
472,30,693.52,504.63,99.77,215.37,0.6546,-1,-1,-1
472,38,688.20,242.78,73.21,127.97,0.7201,-1,-1,-1
472,40,560.56,199.26,80.42,111.55,0.7383,-1,-1,-1
472,48,596.32,343.73,61.74,173.85,0.6885,-1,-1,-1
472,58,315.42,325.77,79.77,181.09,0.5679,-1,-1,-1
472,60,738.24,250.91,105.12,157.56,0.7093,-1,-1,-1
472,63,806.68,263.83,47.86,143.70,0.6100,-1,-1,-1
473,7,1056.42,331.41,69.67,182.33,0.8334,-1,-1,-1
473,30,692.68,507.29,96.32,212.71,0.6068,-1,-1,-1
473,38,677.32,240.98,74.81,134.54,0.6119,-1,-1,-1
473,40,557.32,201.39,81.40,108.84,0.7138,-1,-1,-1
473,48,596.72,345.11,60.45,171.47,0.6894,-1,-1,-1
473,58,314.38,323.88,78.94,180.19,0.5740,-1,-1,-1
473,60,738.26,252.59,102.42,153.36,0.5724,-1,-1,-1
473,63,805.67,262.18,47.26,142.01,0.5601,-1,-1,-1
474,7,1055.69,332.14,70.30,180.63,0.8305,-1,-1,-1
474,30,691.78,510.54,93.37,209.46,0.6122,-1,-1,-1
474,38,671.76,240.11,73.53,136.64,0.6413,-1,-1,-1
474,40,555.46,201.85,82.56,106.97,0.7029,-1,-1,-1
474,48,597.45,346.21,59.10,168.66,0.6934,-1,-1,-1
474,58,316.11,323.11,76.45,175.08,0.5672,-1,-1,-1
474,63,803.92,261.13,46.45,139.50,0.5933,-1,-1,-1
475,7,1054.91,332.94,70.56,178.19,0.8314,-1,-1,-1
475,38,666.42,239.76,72.50,138.56,0.6799,-1,-1,-1
475,40,553.34,199.79,85.24,107.90,0.6921,-1,-1,-1
475,48,597.98,346.89,58.09,166.57,0.6943,-1,-1,-1
475,60,709.49,259.16,94.95,149.58,0.6124,-1,-1,-1
475,63,800.71,259.08,47.32,141.95,0.6727,-1,-1,-1
476,7,1054.07,334.85,70.52,174.66,0.8295,-1,-1,-1
476,38,660.06,239.25,71.55,141.59,0.7166,-1,-1,-1
476,40,551.23,200.01,86.68,107.61,0.7393,-1,-1,-1
476,48,598.21,347.32,57.37,165.16,0.6793,-1,-1,-1
476,63,797.80,258.29,47.77,142.77,0.7377,-1,-1,-1
477,7,1053.94,335.72,70.09,170.09,0.8179,-1,-1,-1
477,38,649.36,241.29,70.32,144.75,0.5891,-1,-1,-1
477,40,550.25,200.76,87.31,106.19,0.7684,-1,-1,-1
477,48,598.18,347.28,56.69,163.11,0.6785,-1,-1,-1
477,58,304.67,320.58,86.34,198.38,0.5683,-1,-1,-1
477,60,694.77,270.68,82.43,134.47,0.6001,-1,-1,-1
477,63,798.10,258.48,47.87,141.93,0.7895,-1,-1,-1
478,7,1055.66,335.69,70.26,168.81,0.8017,-1,-1,-1
478,38,642.60,244.08,68.65,145.41,0.6374,-1,-1,-1
478,40,549.41,201.55,87.27,104.05,0.7408,-1,-1,-1
478,48,597.74,347.07,56.67,162.75,0.6551,-1,-1,-1
478,63,797.05,260.83,47.66,139.58,0.7872,-1,-1,-1
479,7,1058.60,334.49,70.35,169.04,0.8036,-1,-1,-1
479,40,548.33,203.65,86.80,101.42,0.6768,-1,-1,-1
479,48,597.24,346.57,56.79,161.69,0.7032,-1,-1,-1
479,63,793.25,262.49,48.05,137.47,0.7899,-1,-1,-1
480,7,1061.71,334.78,69.44,167.76,0.7913,-1,-1,-1
480,40,545.20,204.09,88.65,102.60,0.6808,-1,-1,-1
480,48,595.03,345.53,57.68,163.43,0.7136,-1,-1,-1
480,58,299.89,322.73,87.40,201.78,0.6961,-1,-1,-1
480,63,788.22,263.70,48.92,135.13,0.8176,-1,-1,-1
481,7,1064.33,334.95,68.72,168.07,0.7401,-1,-1,-1
481,40,542.99,205.16,88.86,101.95,0.6504,-1,-1,-1
481,48,592.46,345.19,58.43,164.19,0.6709,-1,-1,-1
481,58,300.91,322.88,86.76,201.91,0.7583,-1,-1,-1
481,60,664.43,275.62,87.24,149.82,0.6177,-1,-1,-1
481,63,782.61,263.98,50.94,134.98,0.8163,-1,-1,-1
482,7,1067.21,333.25,68.03,170.27,0.6657,-1,-1,-1
482,40,543.49,207.62,86.27,97.49,0.5759,-1,-1,-1
482,48,589.00,347.48,57.49,160.14,0.6179,-1,-1,-1
482,58,303.08,323.78,85.14,200.11,0.7646,-1,-1,-1
482,60,650.10,281.24,88.35,158.52,0.6499,-1,-1,-1
482,63,775.31,261.35,53.95,136.87,0.8019,-1,-1,-1
483,7,1068.71,333.56,66.18,169.31,0.6207,-1,-1,-1
483,58,304.39,323.79,83.53,198.05,0.7667,-1,-1,-1
483,60,640.38,287.28,85.39,158.76,0.7101,-1,-1,-1
483,63,770.03,257.49,56.72,138.01,0.8047,-1,-1,-1
484,7,1068.61,331.46,65.19,170.24,0.6885,-1,-1,-1
484,30,676.65,515.78,77.96,186.30,0.6272,-1,-1,-1
484,58,304.71,324.22,82.01,196.01,0.7443,-1,-1,-1
484,60,634.58,290.75,81.29,157.48,0.6820,-1,-1,-1
484,63,764.89,253.94,59.42,139.38,0.8670,-1,-1,-1
485,7,1068.41,332.90,63.33,168.31,0.6160,-1,-1,-1
485,30,675.90,515.38,74.30,184.01,0.6782,-1,-1,-1
485,48,572.94,275.27,80.11,229.04,0.6739,-1,-1,-1
485,58,305.34,322.68,81.86,196.56,0.7799,-1,-1,-1
485,60,627.64,294.72,76.35,154.72,0.7121,-1,-1,-1
485,63,758.48,250.76,61.32,139.99,0.8231,-1,-1,-1
486,7,1067.28,328.68,62.31,168.78,0.7029,-1,-1,-1
486,30,675.67,515.16,72.10,184.22,0.6817,-1,-1,-1
486,58,305.37,322.33,81.34,196.14,0.7790,-1,-1,-1
486,60,622.41,298.79,70.97,149.84,0.6819,-1,-1,-1
486,63,754.64,247.88,62.52,138.88,0.7021,-1,-1,-1
487,7,1065.41,325.97,61.28,168.62,0.7333,-1,-1,-1
487,30,675.13,515.55,71.67,188.07,0.7038,-1,-1,-1
487,40,534.74,202.91,86.70,98.33,0.6108,-1,-1,-1
487,58,305.94,320.56,81.53,196.79,0.7489,-1,-1,-1
487,60,609.88,304.21,66.38,144.12,0.5822,-1,-1,-1
487,63,747.71,243.53,63.98,138.74,0.6339,-1,-1,-1
488,7,1064.64,327.13,59.43,165.57,0.7086,-1,-1,-1
488,30,675.13,516.77,71.01,190.43,0.6598,-1,-1,-1
488,40,531.47,203.99,86.54,99.69,0.6237,-1,-1,-1
488,58,306.53,319.05,82.01,198.25,0.7398,-1,-1,-1
488,63,734.65,241.10,62.39,137.90,0.6632,-1,-1,-1
489,7,1064.38,328.67,57.31,161.14,0.7162,-1,-1,-1
489,30,674.16,517.57,70.64,191.40,0.7064,-1,-1,-1
489,58,308.10,317.76,81.97,199.07,0.7481,-1,-1,-1
489,63,725.09,239.83,60.70,136.03,0.7025,-1,-1,-1
490,7,1063.31,325.93,57.46,162.91,0.5654,-1,-1,-1
490,30,673.23,518.51,70.42,191.48,0.7520,-1,-1,-1
490,58,309.44,316.83,81.57,199.18,0.7021,-1,-1,-1
490,63,718.10,240.48,59.03,133.73,0.6667,-1,-1,-1
491,30,672.74,519.30,69.95,189.79,0.7661,-1,-1,-1
491,58,311.15,316.39,80.88,199.03,0.7361,-1,-1,-1
491,63,709.37,239.52,58.12,131.22,0.7069,-1,-1,-1
491,68,586.44,553.30,56.47,166.70,0.6932,-1,-1,-1
492,30,672.39,521.00,70.24,189.51,0.7767,-1,-1,-1
492,58,314.85,315.40,79.59,199.31,0.7730,-1,-1,-1
492,63,701.57,241.95,58.80,124.79,0.7581,-1,-1,-1
492,68,576.77,551.55,56.90,168.45,0.6976,-1,-1,-1
493,30,672.50,521.83,70.47,188.89,0.7845,-1,-1,-1
493,38,522.85,218.44,87.91,187.46,0.5864,-1,-1,-1
493,58,318.80,315.57,77.31,197.25,0.7777,-1,-1,-1
493,62,586.42,340.21,47.02,155.11,0.5554,-1,-1,-1
493,63,688.68,243.97,59.09,120.32,0.7967,-1,-1,-1
493,68,567.77,550.32,57.30,169.68,0.7659,-1,-1,-1
494,7,1050.40,300.51,64.22,179.36,0.6540,-1,-1,-1
494,30,672.69,522.00,71.14,189.16,0.8111,-1,-1,-1
494,58,321.50,312.92,76.36,199.01,0.7901,-1,-1,-1
494,62,584.63,340.77,50.69,155.45,0.5892,-1,-1,-1
494,63,680.23,247.14,59.47,115.12,0.8042,-1,-1,-1
494,68,559.03,550.47,57.66,169.53,0.8111,-1,-1,-1
494,69,869.68,134.95,66.03,135.62,0.6935,-1,-1,-1
495,7,1046.44,299.08,65.96,179.22,0.6506,-1,-1,-1
495,30,672.06,521.95,71.97,189.79,0.8229,-1,-1,-1
495,58,323.56,309.71,75.58,201.09,0.8126,-1,-1,-1
495,62,583.86,340.62,52.94,157.23,0.5869,-1,-1,-1
495,63,675.35,250.16,59.92,110.66,0.8676,-1,-1,-1
495,68,552.16,549.98,58.60,170.02,0.8080,-1,-1,-1
495,69,871.19,136.51,64.51,132.38,0.7364,-1,-1,-1
496,7,1043.59,297.20,67.87,180.86,0.6473,-1,-1,-1
496,30,671.13,521.76,72.63,189.59,0.8386,-1,-1,-1
496,58,324.91,307.28,74.73,202.47,0.8327,-1,-1,-1
496,62,583.88,341.70,53.76,156.27,0.6203,-1,-1,-1
496,63,672.28,253.52,59.77,105.97,0.8538,-1,-1,-1
496,68,545.76,549.87,59.81,169.80,0.7901,-1,-1,-1
496,69,871.47,136.31,64.37,132.09,0.7243,-1,-1,-1
497,7,1039.21,294.77,69.21,181.53,0.6981,-1,-1,-1
497,30,668.79,520.70,73.42,189.25,0.8499,-1,-1,-1
497,58,326.53,305.53,73.76,202.65,0.8152,-1,-1,-1
497,60,492.96,332.24,68.31,144.34,0.5830,-1,-1,-1
497,62,584.30,340.61,54.55,156.57,0.6337,-1,-1,-1
497,63,669.38,253.84,60.64,104.06,0.7839,-1,-1,-1
497,68,537.97,547.58,61.86,171.24,0.7697,-1,-1,-1
497,69,874.73,134.38,65.13,134.52,0.6287,-1,-1,-1
498,7,1036.31,293.24,70.07,180.94,0.7343,-1,-1,-1
498,30,667.18,520.18,73.86,188.12,0.8196,-1,-1,-1
498,40,526.26,215.54,102.08,125.01,0.6583,-1,-1,-1
498,58,327.78,303.65,73.23,202.85,0.7883,-1,-1,-1
498,62,585.16,339.45,55.07,157.33,0.6672,-1,-1,-1
498,63,665.81,251.59,63.76,106.10,0.8100,-1,-1,-1
498,68,531.56,545.01,63.59,170.99,0.7431,-1,-1,-1
498,69,878.76,134.88,64.13,133.82,0.6463,-1,-1,-1
498,70,604.64,155.92,87.46,137.19,0.6048,-1,-1,-1
499,7,1035.97,293.09,69.59,178.40,0.6212,-1,-1,-1
499,30,665.87,519.75,74.31,187.18,0.7950,-1,-1,-1
499,40,530.24,215.26,97.85,125.95,0.7240,-1,-1,-1
499,58,328.76,301.32,73.28,204.07,0.7703,-1,-1,-1
499,62,586.21,337.79,55.34,158.84,0.6679,-1,-1,-1
499,63,663.84,248.33,66.81,108.01,0.8048,-1,-1,-1
499,68,526.60,543.92,64.25,168.68,0.7328,-1,-1,-1
499,69,881.41,134.07,63.89,135.19,0.6284,-1,-1,-1
499,70,614.26,153.55,88.70,138.54,0.6434,-1,-1,-1
500,7,1042.66,308.17,62.48,160.22,0.6674,-1,-1,-1
500,30,663.23,519.70,74.49,185.67,0.8017,-1,-1,-1
500,40,534.73,214.69,95.53,125.92,0.7117,-1,-1,-1
500,58,331.79,300.97,73.26,203.25,0.7566,-1,-1,-1
500,62,586.63,337.42,54.90,158.05,0.6934,-1,-1,-1
500,63,663.83,245.23,69.64,109.47,0.7873,-1,-1,-1
500,68,522.96,542.52,67.46,174.24,0.7307,-1,-1,-1
500,69,884.30,134.92,63.45,135.99,0.5952,-1,-1,-1
500,70,617.73,150.08,91.32,142.23,0.7355,-1,-1,-1
501,7,1044.25,315.57,59.08,150.70,0.7513,-1,-1,-1
501,30,659.92,519.27,75.20,186.17,0.7843,-1,-1,-1
501,40,533.31,213.93,91.76,126.06,0.7234,-1,-1,-1
501,58,333.61,299.00,74.66,205.10,0.7727,-1,-1,-1
501,62,586.81,337.37,54.81,157.53,0.7263,-1,-1,-1
501,63,665.99,241.69,72.30,111.12,0.7588,-1,-1,-1
501,68,519.59,540.56,68.49,174.94,0.6627,-1,-1,-1
501,69,885.76,135.15,63.25,137.79,0.5881,-1,-1,-1
501,70,613.35,148.44,93.21,145.96,0.7194,-1,-1,-1
502,7,1038.36,314.39,59.87,150.19,0.7894,-1,-1,-1
502,30,654.05,518.39,76.13,187.57,0.7971,-1,-1,-1
502,40,531.82,211.97,85.38,121.47,0.5766,-1,-1,-1
502,58,335.82,297.43,76.01,203.97,0.7321,-1,-1,-1
502,62,586.20,340.18,53.45,152.63,0.6810,-1,-1,-1
502,63,685.79,237.30,77.08,111.38,0.7381,-1,-1,-1
502,68,508.59,537.42,69.13,178.10,0.5764,-1,-1,-1
502,70,613.43,146.11,97.70,155.80,0.5542,-1,-1,-1
503,7,1031.82,302.74,64.39,160.83,0.7736,-1,-1,-1
503,30,648.70,518.49,76.67,188.43,0.7895,-1,-1,-1
503,40,528.74,209.28,82.90,122.58,0.6843,-1,-1,-1
503,58,336.37,297.05,77.35,202.90,0.7517,-1,-1,-1
503,60,449.99,350.27,73.99,165.09,0.5993,-1,-1,-1
503,62,584.69,342.66,53.12,150.66,0.7071,-1,-1,-1
503,63,695.41,234.16,80.56,112.33,0.7654,-1,-1,-1
503,68,501.65,536.06,68.37,178.27,0.5662,-1,-1,-1
503,69,887.50,135.05,62.84,140.40,0.5682,-1,-1,-1
504,7,1027.87,296.95,66.48,165.54,0.7121,-1,-1,-1
504,30,643.93,517.77,76.82,188.89,0.7603,-1,-1,-1
504,40,523.47,209.07,83.19,128.96,0.6330,-1,-1,-1
504,58,335.84,296.56,78.72,201.63,0.7278,-1,-1,-1
504,62,582.79,344.98,52.79,148.70,0.6686,-1,-1,-1
504,63,703.03,232.75,82.24,112.41,0.7931,-1,-1,-1
504,68,494.03,533.88,67.84,179.57,0.5962,-1,-1,-1
504,69,888.14,135.36,61.78,141.40,0.6652,-1,-1,-1
505,7,1023.36,288.10,69.59,172.77,0.7444,-1,-1,-1
505,30,642.07,516.84,76.12,188.84,0.7248,-1,-1,-1
505,40,521.16,208.11,81.05,131.38,0.6463,-1,-1,-1
505,58,334.24,295.77,80.24,201.27,0.7192,-1,-1,-1
505,62,580.92,346.55,53.28,148.14,0.6673,-1,-1,-1
505,63,706.86,231.04,84.70,115.18,0.7509,-1,-1,-1
505,68,485.42,531.14,68.16,181.93,0.7251,-1,-1,-1
505,69,887.28,133.57,61.69,144.51,0.6277,-1,-1,-1
506,7,1020.02,287.39,70.12,172.31,0.7208,-1,-1,-1
506,30,638.12,515.77,75.42,188.43,0.7170,-1,-1,-1
506,40,518.95,208.40,77.35,131.34,0.6892,-1,-1,-1
506,58,330.00,294.09,82.08,200.74,0.6818,-1,-1,-1
506,62,580.29,347.21,54.87,149.43,0.6732,-1,-1,-1
506,63,709.95,231.00,84.45,115.09,0.5665,-1,-1,-1
506,68,477.88,528.32,68.38,183.94,0.6197,-1,-1,-1
506,69,887.36,130.85,61.78,147.39,0.6755,-1,-1,-1
506,70,613.43,146.23,101.99,169.06,0.5791,-1,-1,-1
507,7,1014.55,286.69,69.71,168.92,0.7754,-1,-1,-1
507,30,628.97,512.58,74.72,188.16,0.7333,-1,-1,-1
507,58,323.22,292.55,83.55,200.11,0.7841,-1,-1,-1
507,62,578.79,348.73,57.15,150.14,0.6809,-1,-1,-1
507,63,707.01,234.56,81.18,114.49,0.5690,-1,-1,-1
507,68,459.27,524.82,70.06,184.49,0.6029,-1,-1,-1
507,69,884.94,130.36,59.76,145.15,0.6990,-1,-1,-1
507,70,621.73,155.31,93.00,157.66,0.6149,-1,-1,-1
508,7,1007.80,280.17,71.64,171.67,0.8072,-1,-1,-1
508,58,317.46,291.51,84.16,198.85,0.8036,-1,-1,-1
508,62,575.86,348.87,60.23,153.07,0.7252,-1,-1,-1
508,63,706.42,237.35,78.11,114.28,0.6582,-1,-1,-1
508,68,446.71,521.33,71.32,183.12,0.6028,-1,-1,-1
508,69,883.74,130.56,57.88,142.54,0.7156,-1,-1,-1
508,70,621.87,157.70,89.28,153.17,0.7046,-1,-1,-1
509,7,1003.00,275.48,73.54,174.34,0.8228,-1,-1,-1
509,40,507.28,210.90,72.82,131.19,0.6198,-1,-1,-1
509,58,312.69,290.78,84.80,198.49,0.7965,-1,-1,-1
509,60,376.18,355.88,82.68,183.44,0.7226,-1,-1,-1
509,62,572.61,348.14,62.05,152.41,0.7595,-1,-1,-1
509,63,706.70,239.60,76.30,115.36,0.6706,-1,-1,-1
509,68,435.70,518.41,73.05,181.54,0.6225,-1,-1,-1
509,69,881.39,128.89,57.22,142.50,0.7727,-1,-1,-1
509,70,623.04,155.75,87.45,151.88,0.7518,-1,-1,-1
510,7,998.17,270.45,75.85,177.07,0.8145,-1,-1,-1
510,58,310.46,290.87,84.95,196.88,0.7323,-1,-1,-1
510,62,570.26,347.54,63.18,150.37,0.7536,-1,-1,-1
510,63,708.34,242.23,73.80,115.12,0.5757,-1,-1,-1
510,68,428.90,517.35,74.18,179.99,0.5862,-1,-1,-1
510,69,880.01,127.44,56.59,142.23,0.7408,-1,-1,-1
510,70,622.31,148.99,88.70,156.24,0.7809,-1,-1,-1
511,7,991.54,267.39,78.42,178.91,0.8475,-1,-1,-1
511,58,307.55,291.33,82.67,193.60,0.6604,-1,-1,-1
511,60,362.29,364.31,77.98,175.59,0.6149,-1,-1,-1
511,62,568.41,346.74,64.23,148.85,0.7680,-1,-1,-1
511,63,710.32,243.06,71.60,115.45,0.5628,-1,-1,-1
511,68,430.89,516.26,73.61,179.77,0.5573,-1,-1,-1
511,69,878.12,124.02,56.42,143.11,0.7104,-1,-1,-1
511,70,621.75,145.78,88.25,157.32,0.8076,-1,-1,-1
512,7,979.93,272.25,78.39,171.98,0.8018,-1,-1,-1
512,40,502.39,206.10,68.62,129.67,0.6545,-1,-1,-1
512,58,311.71,293.43,82.39,190.34,0.5567,-1,-1,-1
512,62,567.50,344.53,65.05,148.91,0.7788,-1,-1,-1
512,63,711.99,242.60,69.96,117.18,0.5954,-1,-1,-1
512,68,431.08,513.64,57.96,134.48,0.5987,-1,-1,-1
512,69,876.75,123.29,55.71,141.35,0.6657,-1,-1,-1
512,70,619.17,137.11,90.74,165.01,0.8163,-1,-1,-1
513,7,971.87,281.49,77.25,161.39,0.8357,-1,-1,-1
513,30,603.33,502.71,64.03,162.66,0.6250,-1,-1,-1
513,40,501.78,203.10,65.76,129.90,0.6543,-1,-1,-1
513,58,312.76,293.70,80.91,185.54,0.6004,-1,-1,-1
513,62,567.45,342.09,65.84,150.49,0.7823,-1,-1,-1
513,68,426.32,511.47,52.80,116.16,0.6699,-1,-1,-1
513,69,875.66,122.23,55.90,141.35,0.6769,-1,-1,-1
513,70,618.13,136.91,88.97,164.30,0.8143,-1,-1,-1
514,7,965.38,284.60,78.28,155.74,0.8537,-1,-1,-1
514,30,597.56,501.82,69.61,180.28,0.5736,-1,-1,-1
514,40,502.02,201.26,63.19,129.88,0.6340,-1,-1,-1
514,58,315.55,294.11,80.09,182.58,0.5719,-1,-1,-1
514,62,569.26,341.63,64.91,149.32,0.7389,-1,-1,-1
514,68,420.24,511.27,52.97,111.61,0.6005,-1,-1,-1
514,69,875.24,123.79,55.24,137.91,0.6853,-1,-1,-1
514,70,618.91,138.40,86.41,161.81,0.8097,-1,-1,-1
515,7,959.50,285.83,80.61,153.33,0.8704,-1,-1,-1
515,30,600.61,500.17,56.39,141.50,0.5588,-1,-1,-1
515,40,502.34,200.83,60.73,129.33,0.7256,-1,-1,-1
515,62,571.18,338.18,65.07,150.90,0.7562,-1,-1,-1
515,68,413.77,508.95,55.83,114.62,0.6583,-1,-1,-1
515,69,873.99,122.40,56.20,138.29,0.7253,-1,-1,-1
515,70,620.30,138.49,84.46,160.28,0.8207,-1,-1,-1
516,7,955.15,284.32,83.97,153.80,0.8967,-1,-1,-1
516,30,600.92,498.77,51.93,126.63,0.6619,-1,-1,-1
516,40,503.77,199.39,58.74,129.23,0.6689,-1,-1,-1
516,58,317.24,289.71,76.70,174.31,0.5898,-1,-1,-1
516,62,572.39,336.63,64.67,151.01,0.7234,-1,-1,-1
516,68,402.76,506.79,67.53,137.81,0.5869,-1,-1,-1
516,69,875.90,122.76,57.01,137.21,0.7147,-1,-1,-1
516,70,623.70,140.73,81.00,156.24,0.7715,-1,-1,-1
517,7,951.15,281.65,86.26,152.65,0.8852,-1,-1,-1
517,30,598.30,496.69,52.32,125.08,0.6920,-1,-1,-1
517,40,506.46,197.67,56.45,126.18,0.6327,-1,-1,-1
517,62,575.97,335.56,64.43,148.83,0.7652,-1,-1,-1
517,63,724.08,236.01,67.67,115.59,0.7421,-1,-1,-1
517,68,397.91,502.95,63.41,124.95,0.7186,-1,-1,-1
517,69,880.72,122.18,58.57,135.57,0.7068,-1,-1,-1
517,70,630.42,138.53,79.76,157.11,0.7745,-1,-1,-1
518,7,948.63,279.26,88.42,152.25,0.8493,-1,-1,-1
518,30,596.71,494.57,53.90,127.07,0.7321,-1,-1,-1
518,40,508.59,196.24,56.00,125.59,0.6506,-1,-1,-1
518,62,578.04,335.77,63.77,145.63,0.6327,-1,-1,-1
518,63,728.22,236.73,68.16,117.38,0.7538,-1,-1,-1
518,68,394.57,499.92,63.34,121.01,0.6124,-1,-1,-1
518,69,884.14,122.53,59.68,133.89,0.7640,-1,-1,-1
518,70,635.62,136.00,78.58,158.35,0.7734,-1,-1,-1
518,73,397.48,299.37,53.76,134.37,0.6372,-1,-1,-1
519,7,946.02,275.90,90.51,152.47,0.8237,-1,-1,-1
519,30,596.31,492.32,55.14,128.56,0.7406,-1,-1,-1
519,40,510.52,194.47,56.62,126.07,0.6872,-1,-1,-1
519,62,585.44,338.19,57.66,129.42,0.5722,-1,-1,-1
519,63,731.76,238.33,69.91,120.28,0.7294,-1,-1,-1
519,69,885.34,122.93,61.28,133.76,0.7439,-1,-1,-1
519,70,638.68,134.61,77.24,159.79,0.7081,-1,-1,-1
519,73,396.84,300.12,56.12,139.70,0.6501,-1,-1,-1
520,7,942.79,273.01,92.63,154.79,0.8279,-1,-1,-1
520,30,596.28,490.81,56.35,130.24,0.7731,-1,-1,-1
520,40,512.85,194.41,57.32,125.58,0.6836,-1,-1,-1
520,63,734.52,240.14,71.85,122.46,0.8288,-1,-1,-1
520,68,375.28,495.01,89.30,174.10,0.5816,-1,-1,-1
520,69,885.73,122.51,63.15,134.28,0.7783,-1,-1,-1
520,70,642.60,135.42,73.61,155.28,0.7400,-1,-1,-1
520,73,399.83,300.60,58.92,145.86,0.7392,-1,-1,-1
521,7,939.23,271.52,93.01,155.44,0.8365,-1,-1,-1
521,30,596.16,489.36,57.48,131.94,0.7722,-1,-1,-1
521,40,516.02,193.94,58.87,125.49,0.7277,-1,-1,-1
521,63,735.33,242.45,71.93,120.49,0.7720,-1,-1,-1
521,68,369.60,493.53,93.26,184.98,0.6131,-1,-1,-1
521,69,886.12,122.71,65.10,134.99,0.7821,-1,-1,-1
521,70,643.55,133.39,74.44,161.23,0.7396,-1,-1,-1
521,73,403.72,301.71,60.84,149.85,0.7790,-1,-1,-1
521,74,308.88,374.16,79.83,179.56,0.5884,-1,-1,-1
522,7,931.56,269.88,92.70,156.78,0.7617,-1,-1,-1
522,30,595.95,484.33,59.82,137.35,0.7195,-1,-1,-1
522,40,519.79,196.77,60.44,125.60,0.7924,-1,-1,-1
522,62,589.86,341.50,66.62,150.67,0.6747,-1,-1,-1
522,63,734.32,247.77,76.30,128.74,0.7525,-1,-1,-1
522,68,365.55,492.38,95.19,193.66,0.6811,-1,-1,-1
522,69,888.79,120.80,67.62,137.74,0.7160,-1,-1,-1
522,70,647.33,135.97,71.81,159.32,0.8233,-1,-1,-1
522,73,409.62,309.00,61.60,150.57,0.7016,-1,-1,-1
522,74,308.46,383.54,81.04,182.25,0.6060,-1,-1,-1
523,7,924.27,268.87,91.56,158.14,0.7850,-1,-1,-1
523,30,597.67,483.61,60.09,137.64,0.7241,-1,-1,-1
523,40,520.64,195.39,63.82,131.09,0.7897,-1,-1,-1
523,58,343.85,277.83,74.40,179.11,0.6163,-1,-1,-1
523,62,591.97,344.62,67.02,152.62,0.6159,-1,-1,-1
523,63,733.92,251.74,77.06,130.76,0.7663,-1,-1,-1
523,68,364.03,492.21,95.73,200.15,0.6123,-1,-1,-1
523,69,892.22,120.79,68.70,138.01,0.7528,-1,-1,-1
523,70,650.19,137.24,70.48,159.51,0.8451,-1,-1,-1
523,73,411.62,312.82,64.41,156.11,0.7100,-1,-1,-1
523,74,307.16,393.89,78.90,177.85,0.6343,-1,-1,-1
524,7,921.13,269.37,89.47,157.90,0.7785,-1,-1,-1
524,30,599.50,483.08,60.07,137.41,0.6951,-1,-1,-1
524,40,521.78,192.77,66.19,135.23,0.7881,-1,-1,-1
524,58,353.20,276.82,73.95,180.32,0.5725,-1,-1,-1
524,62,594.42,348.36,66.35,152.71,0.6358,-1,-1,-1
524,63,734.74,254.36,76.93,131.57,0.7789,-1,-1,-1
524,68,365.19,492.12,92.02,196.20,0.6361,-1,-1,-1
524,69,896.27,120.51,69.25,138.63,0.7014,-1,-1,-1
524,70,652.18,138.23,68.96,159.55,0.8299,-1,-1,-1
524,74,307.29,401.73,78.25,176.61,0.6027,-1,-1,-1
525,7,919.68,269.84,87.34,157.10,0.7691,-1,-1,-1
525,30,601.93,484.67,59.73,136.25,0.7087,-1,-1,-1
525,40,524.16,189.66,67.90,138.54,0.7265,-1,-1,-1
525,63,738.04,255.63,75.66,131.13,0.7176,-1,-1,-1
525,69,903.97,121.04,68.92,137.11,0.7387,-1,-1,-1
525,70,656.46,141.49,66.39,156.85,0.7655,-1,-1,-1
525,73,417.73,323.35,65.82,157.31,0.6181,-1,-1,-1
525,74,306.74,404.36,81.25,183.71,0.6827,-1,-1,-1
526,7,919.41,270.54,85.05,155.68,0.7826,-1,-1,-1
526,30,604.74,485.25,59.45,135.47,0.6633,-1,-1,-1
526,40,525.59,185.02,69.70,142.61,0.7549,-1,-1,-1
526,58,357.77,275.67,70.46,178.55,0.5650,-1,-1,-1
526,62,600.14,353.32,64.74,151.28,0.5909,-1,-1,-1
526,63,740.68,256.95,75.12,131.67,0.7623,-1,-1,-1
526,68,365.25,494.21,91.72,200.93,0.5668,-1,-1,-1
526,69,911.41,120.68,68.94,138.04,0.7567,-1,-1,-1
526,70,660.25,142.14,64.83,156.52,0.7870,-1,-1,-1
526,73,419.07,328.90,65.92,155.23,0.5885,-1,-1,-1
527,7,920.85,270.78,82.77,154.30,0.8147,-1,-1,-1
527,30,609.74,486.97,58.02,131.75,0.6809,-1,-1,-1
527,40,532.02,189.73,69.20,142.03,0.6837,-1,-1,-1
527,62,606.11,351.84,65.45,156.26,0.6806,-1,-1,-1
527,63,747.52,259.01,69.62,123.18,0.5569,-1,-1,-1
527,69,922.99,122.17,67.77,138.66,0.7545,-1,-1,-1
527,70,665.72,142.35,64.47,157.45,0.7678,-1,-1,-1
527,73,423.50,335.34,63.96,146.46,0.6006,-1,-1,-1
527,74,308.90,423.16,82.71,187.90,0.6050,-1,-1,-1
528,7,922.04,271.28,81.38,154.08,0.8105,-1,-1,-1
528,30,613.22,487.74,57.44,130.17,0.6852,-1,-1,-1
528,40,538.22,190.36,69.55,143.86,0.6808,-1,-1,-1
528,62,611.85,351.87,63.07,152.34,0.6058,-1,-1,-1
528,63,753.03,260.28,69.90,124.91,0.6608,-1,-1,-1
528,68,376.62,496.94,75.01,165.67,0.6089,-1,-1,-1
528,69,931.27,122.11,67.04,140.14,0.7015,-1,-1,-1
528,70,670.69,142.89,63.16,157.07,0.7294,-1,-1,-1
528,73,422.67,338.42,64.86,146.31,0.7336,-1,-1,-1
528,74,313.32,429.22,81.24,186.73,0.6619,-1,-1,-1
529,7,923.64,271.65,80.01,153.88,0.8206,-1,-1,-1
529,40,543.71,185.82,70.86,148.86,0.7548,-1,-1,-1
529,58,355.52,279.73,75.20,184.69,0.6309,-1,-1,-1
529,62,617.81,351.35,60.48,145.56,0.5732,-1,-1,-1
529,63,756.21,262.25,70.61,127.94,0.6091,-1,-1,-1
529,68,380.92,497.52,69.34,153.52,0.6329,-1,-1,-1
529,69,938.54,121.15,65.67,140.59,0.7317,-1,-1,-1
529,70,675.54,142.36,62.27,156.88,0.7974,-1,-1,-1
529,73,419.88,339.17,67.14,148.99,0.8071,-1,-1,-1
529,74,317.04,432.15,79.46,185.22,0.7255,-1,-1,-1
530,7,926.04,272.03,78.85,154.39,0.8356,-1,-1,-1
530,30,618.48,487.96,57.00,128.62,0.6767,-1,-1,-1
530,40,548.32,186.88,70.90,150.91,0.7328,-1,-1,-1
530,58,363.82,279.13,76.11,182.95,0.5555,-1,-1,-1
530,62,622.01,351.20,61.89,149.97,0.6782,-1,-1,-1
530,68,382.58,497.74,69.18,154.48,0.6637,-1,-1,-1
530,69,944.15,121.23,64.55,141.37,0.7627,-1,-1,-1
530,70,681.00,142.15,61.06,155.78,0.7311,-1,-1,-1
530,73,419.35,342.15,67.98,147.83,0.7280,-1,-1,-1
530,74,319.70,431.63,78.40,185.62,0.6825,-1,-1,-1
531,7,928.55,272.31,77.52,154.55,0.8307,-1,-1,-1
531,30,620.73,487.81,57.44,128.99,0.7164,-1,-1,-1
531,40,555.27,193.48,67.61,146.07,0.6919,-1,-1,-1
531,62,627.18,351.58,60.99,147.59,0.7531,-1,-1,-1
531,63,762.36,268.16,72.06,134.17,0.6937,-1,-1,-1
531,68,384.07,499.68,68.48,154.12,0.6221,-1,-1,-1
531,69,951.85,123.13,62.33,139.34,0.8276,-1,-1,-1
531,70,686.23,144.12,58.44,149.24,0.7081,-1,-1,-1
531,74,323.36,430.58,76.42,183.86,0.6443,-1,-1,-1
532,7,932.92,272.26,76.19,155.02,0.8067,-1,-1,-1
532,40,561.32,193.11,67.05,147.10,0.7249,-1,-1,-1
532,62,632.12,351.11,63.60,152.61,0.7412,-1,-1,-1
532,63,767.34,271.33,72.08,137.46,0.6089,-1,-1,-1
532,68,386.61,498.53,67.56,153.13,0.6307,-1,-1,-1
532,69,959.66,123.91,61.88,140.21,0.7247,-1,-1,-1
532,70,693.71,142.94,58.62,150.28,0.7757,-1,-1,-1
532,73,416.06,345.34,67.78,141.25,0.5886,-1,-1,-1
532,74,326.01,426.29,75.70,184.97,0.6097,-1,-1,-1
533,7,936.91,272.49,74.76,154.81,0.8018,-1,-1,-1
533,30,627.71,488.37,57.60,129.30,0.5756,-1,-1,-1
533,40,568.86,201.20,60.23,132.76,0.7111,-1,-1,-1
533,62,635.77,352.79,64.20,152.36,0.7536,-1,-1,-1
533,63,772.40,274.01,70.34,136.64,0.6727,-1,-1,-1
533,68,386.89,497.79,69.93,160.24,0.5762,-1,-1,-1
533,69,966.76,125.65,59.77,137.32,0.7458,-1,-1,-1
533,70,700.60,142.22,59.12,152.64,0.7758,-1,-1,-1
533,73,406.28,303.94,85.64,176.18,0.7155,-1,-1,-1
533,74,326.63,426.31,75.13,185.60,0.6589,-1,-1,-1
534,7,940.03,272.52,73.30,154.15,0.8109,-1,-1,-1
534,40,569.38,196.22,62.96,141.47,0.7442,-1,-1,-1
534,62,638.88,355.79,63.86,150.09,0.7830,-1,-1,-1
534,63,775.94,275.21,68.76,136.21,0.6977,-1,-1,-1
534,68,388.22,497.89,69.37,160.05,0.6390,-1,-1,-1
534,69,972.45,127.27,58.84,136.13,0.7605,-1,-1,-1
534,70,705.17,140.67,60.34,155.90,0.7862,-1,-1,-1
534,73,410.19,291.71,87.41,175.87,0.6963,-1,-1,-1
534,74,330.27,425.64,77.60,189.82,0.6640,-1,-1,-1
535,7,942.25,272.91,71.98,153.69,0.8204,-1,-1,-1
535,40,571.76,193.80,63.61,145.83,0.7315,-1,-1,-1
535,62,639.84,357.31,65.18,153.33,0.7110,-1,-1,-1
535,63,776.81,273.43,70.35,143.08,0.6077,-1,-1,-1
535,68,390.47,498.01,67.91,156.97,0.6848,-1,-1,-1
535,69,978.98,129.06,57.92,134.20,0.7439,-1,-1,-1
535,70,709.95,140.27,61.25,157.26,0.7674,-1,-1,-1
535,73,420.59,287.28,87.75,173.38,0.7752,-1,-1,-1
535,74,328.96,427.61,78.40,190.03,0.6622,-1,-1,-1
536,7,944.43,273.71,70.69,153.24,0.8256,-1,-1,-1
536,30,635.74,490.85,57.24,128.66,0.6417,-1,-1,-1
536,40,574.98,193.21,63.18,146.99,0.7453,-1,-1,-1
536,62,642.09,357.53,65.40,153.04,0.7166,-1,-1,-1
536,63,779.20,271.90,70.02,145.60,0.5607,-1,-1,-1
536,68,392.07,498.21,66.60,153.84,0.6711,-1,-1,-1
536,69,983.83,127.83,57.96,135.88,0.7356,-1,-1,-1
536,70,719.25,140.47,64.04,158.20,0.7589,-1,-1,-1
536,73,425.99,286.17,90.77,174.35,0.7686,-1,-1,-1
536,74,325.47,432.14,78.08,189.54,0.7041,-1,-1,-1
537,7,946.84,276.16,69.28,150.99,0.7963,-1,-1,-1
537,30,639.38,490.90,57.41,129.91,0.6288,-1,-1,-1
537,40,578.89,191.68,63.38,148.93,0.7877,-1,-1,-1
537,62,643.90,359.98,65.14,151.46,0.7041,-1,-1,-1
537,68,397.01,497.73,62.59,144.18,0.5576,-1,-1,-1
537,69,989.38,127.05,58.55,138.61,0.7436,-1,-1,-1
537,70,724.53,142.29,65.90,156.83,0.8422,-1,-1,-1
537,73,434.67,289.39,94.25,176.58,0.7370,-1,-1,-1
537,74,327.39,436.39,77.56,186.52,0.6157,-1,-1,-1
538,7,947.63,277.67,68.49,149.57,0.8012,-1,-1,-1
538,40,582.77,191.69,63.61,149.77,0.7797,-1,-1,-1
538,62,645.87,361.92,64.54,148.75,0.6663,-1,-1,-1
538,68,397.77,496.08,62.17,142.50,0.5901,-1,-1,-1
538,69,992.67,127.34,58.28,138.80,0.7295,-1,-1,-1
538,70,727.41,142.92,67.91,156.13,0.8497,-1,-1,-1
538,73,444.26,294.23,94.81,173.66,0.7987,-1,-1,-1
538,74,328.89,442.25,75.44,181.08,0.5740,-1,-1,-1
539,7,947.98,278.54,68.29,149.08,0.8104,-1,-1,-1
539,40,585.87,192.08,64.02,149.89,0.7722,-1,-1,-1
539,62,646.88,363.19,64.84,148.73,0.6328,-1,-1,-1
539,68,398.37,497.88,63.44,145.67,0.5501,-1,-1,-1
539,69,994.85,126.60,58.34,139.17,0.7491,-1,-1,-1
539,70,730.04,146.65,68.77,152.34,0.8138,-1,-1,-1
539,73,449.13,298.29,95.81,170.49,0.7380,-1,-1,-1
539,74,330.43,447.67,73.17,175.61,0.6418,-1,-1,-1
540,7,948.33,279.11,68.26,148.99,0.8198,-1,-1,-1
540,30,645.66,491.91,56.53,128.35,0.6281,-1,-1,-1
540,40,588.64,194.37,63.31,146.51,0.7325,-1,-1,-1
540,62,648.53,365.60,62.59,142.03,0.6370,-1,-1,-1
540,68,401.02,500.88,60.98,139.64,0.5959,-1,-1,-1
540,69,998.54,127.54,57.41,137.50,0.6707,-1,-1,-1
540,70,731.96,148.13,71.00,151.48,0.8524,-1,-1,-1
540,73,453.69,299.74,97.71,169.05,0.7590,-1,-1,-1
540,75,199.16,151.14,57.24,147.95,0.5824,-1,-1,-1
541,7,948.51,279.45,68.33,148.94,0.8426,-1,-1,-1
541,30,647.14,491.77,56.43,128.60,0.6304,-1,-1,-1
541,40,591.31,193.24,64.23,146.25,0.7692,-1,-1,-1
541,62,649.44,371.45,61.77,139.12,0.6013,-1,-1,-1
541,69,1002.77,128.41,57.16,136.32,0.6761,-1,-1,-1
541,70,733.16,148.92,73.39,151.25,0.8119,-1,-1,-1
541,73,458.01,300.33,100.30,169.11,0.7303,-1,-1,-1
541,74,336.54,453.47,71.54,169.12,0.6323,-1,-1,-1
541,75,200.57,152.10,56.39,145.73,0.5699,-1,-1,-1
542,7,949.80,279.32,68.54,149.88,0.8534,-1,-1,-1
542,30,648.57,491.40,56.87,129.96,0.6694,-1,-1,-1
542,40,595.55,193.13,65.54,147.21,0.7872,-1,-1,-1
542,62,650.75,367.12,63.98,143.26,0.6896,-1,-1,-1
542,69,1009.60,129.40,57.34,134.07,0.6162,-1,-1,-1
542,70,736.02,145.40,75.56,152.57,0.6314,-1,-1,-1
542,73,464.09,297.71,105.00,171.86,0.7103,-1,-1,-1
542,74,337.74,454.90,71.62,167.58,0.6757,-1,-1,-1
542,76,441.47,294.26,58.41,169.05,0.5765,-1,-1,-1
543,7,950.64,279.19,68.49,150.45,0.8571,-1,-1,-1
543,30,649.53,491.01,57.07,130.77,0.6504,-1,-1,-1
543,40,597.58,192.99,67.01,147.93,0.8022,-1,-1,-1
543,62,651.53,364.05,66.51,147.93,0.7131,-1,-1,-1
543,69,1014.38,126.74,60.28,135.48,0.6759,-1,-1,-1
543,70,739.49,144.18,76.76,152.51,0.7143,-1,-1,-1
543,73,467.95,296.59,107.07,172.09,0.6498,-1,-1,-1
543,74,338.11,455.70,71.66,167.02,0.6821,-1,-1,-1
543,75,204.87,156.46,55.19,142.71,0.5596,-1,-1,-1
543,76,444.99,293.65,57.09,165.08,0.6224,-1,-1,-1
543,77,385.13,352.99,54.39,140.11,0.6721,-1,-1,-1
544,7,951.26,279.05,68.37,150.65,0.8519,-1,-1,-1
544,30,650.63,490.97,57.16,131.15,0.6571,-1,-1,-1
544,40,599.98,191.13,68.74,149.54,0.7915,-1,-1,-1
544,62,652.36,364.59,67.08,147.95,0.7590,-1,-1,-1
544,69,1017.71,125.45,66.97,145.76,0.6187,-1,-1,-1
544,70,745.38,142.32,76.77,151.85,0.7345,-1,-1,-1
544,73,475.39,294.08,108.42,174.79,0.7243,-1,-1,-1
544,74,339.42,455.71,71.76,166.88,0.6650,-1,-1,-1
544,76,449.26,292.05,53.90,154.96,0.5690,-1,-1,-1
544,77,383.97,356.48,54.20,139.40,0.7052,-1,-1,-1
545,7,952.31,278.96,68.15,150.89,0.8452,-1,-1,-1
545,30,651.80,490.93,57.08,130.87,0.6718,-1,-1,-1
545,40,603.78,190.77,68.85,147.81,0.7811,-1,-1,-1
545,62,653.18,364.85,67.61,147.79,0.7607,-1,-1,-1
545,69,1021.51,125.59,66.17,141.86,0.5899,-1,-1,-1
545,70,748.62,137.47,78.03,155.54,0.6974,-1,-1,-1
545,73,482.63,291.45,109.57,178.62,0.7315,-1,-1,-1
545,74,342.39,456.22,71.35,166.24,0.5812,-1,-1,-1
545,75,208.31,155.45,55.43,143.00,0.5681,-1,-1,-1
545,76,452.71,291.35,52.97,150.87,0.5944,-1,-1,-1
545,77,382.36,361.37,52.26,134.11,0.6340,-1,-1,-1
546,7,953.59,278.87,67.80,151.01,0.8388,-1,-1,-1
546,30,652.44,491.31,57.04,130.57,0.7654,-1,-1,-1
546,40,605.50,189.02,71.30,150.83,0.6925,-1,-1,-1
546,62,655.21,361.56,69.84,151.12,0.7197,-1,-1,-1
546,68,406.05,505.81,51.79,113.57,0.5963,-1,-1,-1
546,69,1022.06,125.05,67.28,141.04,0.5562,-1,-1,-1
546,70,753.41,136.47,77.86,157.87,0.6619,-1,-1,-1
546,73,493.90,289.42,110.36,181.57,0.7729,-1,-1,-1
546,74,342.46,458.47,70.31,164.32,0.6227,-1,-1,-1
546,75,209.25,154.58,56.13,144.54,0.5959,-1,-1,-1
547,7,955.72,278.19,67.73,152.19,0.7973,-1,-1,-1
547,30,654.32,491.75,57.28,131.19,0.7022,-1,-1,-1
547,40,622.54,187.20,64.64,137.23,0.6972,-1,-1,-1
547,62,660.14,365.86,70.39,149.99,0.7868,-1,-1,-1
547,69,1022.71,124.67,70.44,142.53,0.5948,-1,-1,-1
547,70,767.48,132.49,74.53,155.36,0.6360,-1,-1,-1
547,73,503.15,287.84,110.18,185.35,0.8487,-1,-1,-1
547,74,344.13,455.82,71.90,168.56,0.6527,-1,-1,-1
547,76,462.43,289.61,54.93,152.75,0.8062,-1,-1,-1
548,7,957.55,278.06,67.37,152.77,0.8011,-1,-1,-1
548,30,655.41,491.80,57.61,131.98,0.7503,-1,-1,-1
548,40,624.42,189.30,68.20,145.24,0.5786,-1,-1,-1
548,62,663.02,369.04,71.93,150.64,0.7657,-1,-1,-1
548,70,772.89,128.90,73.00,157.98,0.7337,-1,-1,-1
548,73,511.37,288.42,107.90,186.08,0.7864,-1,-1,-1
548,74,345.21,454.28,72.43,169.38,0.6544,-1,-1,-1
548,75,212.66,158.87,55.32,141.73,0.5852,-1,-1,-1
548,76,465.95,289.33,57.35,154.77,0.8011,-1,-1,-1
549,7,959.31,277.89,67.10,153.34,0.8061,-1,-1,-1
549,30,656.47,491.94,57.50,132.13,0.7086,-1,-1,-1
549,40,629.62,184.31,70.90,151.85,0.6529,-1,-1,-1
549,62,666.52,370.64,73.23,150.61,0.7738,-1,-1,-1
549,69,1029.22,121.92,70.83,144.00,0.5750,-1,-1,-1
549,70,777.52,126.31,71.66,161.32,0.7842,-1,-1,-1
549,73,516.44,289.27,105.70,187.39,0.8431,-1,-1,-1
549,74,346.08,455.41,71.88,167.66,0.6260,-1,-1,-1
549,76,466.55,288.92,59.18,155.61,0.8025,-1,-1,-1
550,7,961.13,277.70,66.62,153.32,0.7872,-1,-1,-1
550,30,657.30,491.28,57.63,132.77,0.7297,-1,-1,-1
550,40,639.60,181.95,69.79,152.87,0.7371,-1,-1,-1
550,62,668.40,372.02,73.73,149.38,0.7461,-1,-1,-1
550,68,403.17,502.26,55.83,117.32,0.5511,-1,-1,-1
550,69,1032.44,125.87,67.96,138.03,0.7308,-1,-1,-1
550,70,781.82,125.99,70.54,163.93,0.6785,-1,-1,-1
550,73,520.24,292.49,102.41,186.15,0.8351,-1,-1,-1
550,74,347.57,456.95,71.06,165.36,0.6706,-1,-1,-1
550,75,213.82,161.60,55.24,140.26,0.5501,-1,-1,-1
550,76,467.08,288.52,61.48,157.51,0.7987,-1,-1,-1
551,7,962.73,277.36,66.23,153.30,0.7859,-1,-1,-1
551,40,646.44,181.22,67.49,149.99,0.6741,-1,-1,-1
551,62,669.55,371.28,75.27,150.71,0.7265,-1,-1,-1
551,69,1034.32,126.42,67.45,136.36,0.7875,-1,-1,-1
551,70,788.75,126.19,67.79,161.07,0.6733,-1,-1,-1
551,73,528.52,295.16,101.68,186.44,0.8182,-1,-1,-1
551,74,348.63,456.42,71.17,165.89,0.6923,-1,-1,-1
551,76,468.77,288.74,63.34,157.68,0.7667,-1,-1,-1
551,77,363.95,383.08,49.53,125.48,0.5585,-1,-1,-1
552,7,964.49,276.93,65.92,153.07,0.8063,-1,-1,-1
552,30,659.63,490.12,57.47,132.65,0.6542,-1,-1,-1
552,40,653.68,180.61,69.05,154.24,0.7622,-1,-1,-1
552,62,672.67,373.72,75.15,148.45,0.7703,-1,-1,-1
552,69,1038.53,125.99,69.32,138.47,0.7018,-1,-1,-1
552,70,797.53,128.58,66.92,159.18,0.7282,-1,-1,-1
552,73,540.31,300.43,101.48,183.16,0.8735,-1,-1,-1
552,74,350.42,456.91,70.58,165.65,0.5645,-1,-1,-1
552,75,214.72,160.32,56.28,141.73,0.6237,-1,-1,-1
552,76,473.31,285.73,67.26,162.92,0.8082,-1,-1,-1
553,7,965.48,276.55,65.74,153.03,0.8282,-1,-1,-1
553,30,659.96,489.08,57.62,133.16,0.7118,-1,-1,-1
553,40,660.42,180.44,68.94,151.79,0.7856,-1,-1,-1
553,62,674.91,375.25,75.43,147.56,0.7581,-1,-1,-1
553,69,1040.04,123.91,76.35,152.41,0.6411,-1,-1,-1
553,70,804.47,132.81,66.70,157.20,0.7470,-1,-1,-1
553,73,546.62,305.77,101.41,179.09,0.8677,-1,-1,-1
553,75,214.38,157.00,58.06,145.26,0.5693,-1,-1,-1
553,76,478.30,284.15,69.82,163.82,0.8199,-1,-1,-1
554,7,966.60,276.89,65.40,152.49,0.8234,-1,-1,-1
554,30,661.20,487.56,57.87,134.14,0.6906,-1,-1,-1
554,40,666.51,181.22,69.92,149.59,0.8058,-1,-1,-1
554,62,677.79,377.40,75.10,146.27,0.7871,-1,-1,-1
554,68,395.53,508.84,78.19,167.75,0.5817,-1,-1,-1
554,69,1040.82,121.43,80.75,161.71,0.5976,-1,-1,-1
554,70,809.18,138.11,65.04,150.99,0.7985,-1,-1,-1
554,73,551.68,306.80,103.12,177.04,0.8467,-1,-1,-1
554,76,481.00,284.17,72.25,165.20,0.7915,-1,-1,-1
555,7,967.56,277.24,64.93,151.76,0.8198,-1,-1,-1
555,30,662.26,487.92,57.87,134.41,0.6510,-1,-1,-1
555,40,670.65,182.08,71.49,148.17,0.8491,-1,-1,-1
555,62,679.74,379.40,74.82,145.17,0.7781,-1,-1,-1
555,70,812.57,139.83,65.31,148.63,0.7961,-1,-1,-1
555,73,555.14,309.15,104.62,173.97,0.8313,-1,-1,-1
555,76,487.13,282.65,72.96,164.15,0.8071,-1,-1,-1
556,7,968.98,278.20,64.16,150.10,0.8202,-1,-1,-1
556,30,663.58,488.92,57.58,133.55,0.7191,-1,-1,-1
556,40,672.80,183.95,72.97,146.77,0.8539,-1,-1,-1
556,62,682.08,380.51,75.54,145.85,0.7568,-1,-1,-1
556,70,814.31,140.35,67.05,149.59,0.7960,-1,-1,-1
556,73,557.13,308.22,107.13,173.46,0.8594,-1,-1,-1
556,76,499.22,282.39,72.10,161.08,0.6894,-1,-1,-1
557,7,971.49,278.84,63.78,148.77,0.8190,-1,-1,-1
557,30,665.50,489.74,57.13,132.48,0.6961,-1,-1,-1
557,40,677.53,185.58,73.76,145.95,0.8112,-1,-1,-1
557,62,683.73,370.89,80.06,155.89,0.7812,-1,-1,-1
557,69,1055.56,128.17,71.29,146.67,0.5888,-1,-1,-1
557,70,817.16,139.71,68.27,149.57,0.8118,-1,-1,-1
557,73,560.08,307.11,108.72,171.97,0.8200,-1,-1,-1
557,76,515.78,283.62,70.87,158.79,0.6563,-1,-1,-1
558,7,973.90,279.74,63.53,147.68,0.8368,-1,-1,-1
558,30,666.73,490.23,56.84,131.51,0.7158,-1,-1,-1
558,40,680.42,185.26,74.75,146.56,0.8036,-1,-1,-1
558,62,682.66,360.59,84.15,166.05,0.7687,-1,-1,-1
558,69,1060.75,128.35,67.19,142.52,0.6355,-1,-1,-1
558,70,817.30,137.86,69.81,151.24,0.8123,-1,-1,-1
558,73,567.36,306.92,110.25,169.79,0.8609,-1,-1,-1
558,74,356.27,456.15,69.75,164.16,0.5915,-1,-1,-1
558,76,524.42,284.56,70.74,158.08,0.7494,-1,-1,-1
559,7,976.11,281.12,63.32,146.24,0.8328,-1,-1,-1
559,30,667.28,490.76,56.93,131.07,0.7653,-1,-1,-1
559,40,683.63,185.46,74.61,146.04,0.8082,-1,-1,-1
559,62,683.64,355.64,84.84,169.36,0.7578,-1,-1,-1
559,69,1063.55,129.04,64.56,139.80,0.6339,-1,-1,-1
559,70,817.86,133.58,72.45,156.70,0.7737,-1,-1,-1
559,73,574.79,305.03,113.08,170.01,0.8325,-1,-1,-1
559,74,356.14,455.77,69.36,164.32,0.5992,-1,-1,-1
559,76,530.11,286.06,69.51,153.43,0.7871,-1,-1,-1
560,7,977.53,282.05,63.58,146.00,0.8332,-1,-1,-1
560,30,667.69,490.93,57.01,130.75,0.7331,-1,-1,-1
560,40,689.01,185.82,73.96,145.84,0.7597,-1,-1,-1
560,62,685.03,352.15,86.21,173.23,0.7557,-1,-1,-1
560,69,1066.15,129.91,61.94,136.68,0.6434,-1,-1,-1
560,70,824.15,131.81,74.65,159.87,0.7177,-1,-1,-1
560,73,584.85,300.05,116.60,173.87,0.7785,-1,-1,-1
560,74,356.13,455.29,69.43,165.04,0.5717,-1,-1,-1
560,76,536.86,287.48,69.89,149.50,0.7082,-1,-1,-1
561,7,979.12,283.03,63.81,145.36,0.8247,-1,-1,-1
561,30,668.33,491.06,57.11,130.76,0.6889,-1,-1,-1
561,40,694.48,185.07,73.47,146.82,0.7441,-1,-1,-1
561,62,685.96,356.10,83.63,169.39,0.7281,-1,-1,-1
561,69,1068.57,130.52,60.64,135.85,0.6483,-1,-1,-1
561,70,828.90,130.20,75.21,161.13,0.6782,-1,-1,-1
561,73,583.22,297.37,115.08,176.02,0.7440,-1,-1,-1
561,74,355.52,455.40,69.42,165.55,0.5584,-1,-1,-1
561,76,541.51,288.21,71.70,147.33,0.7932,-1,-1,-1
562,7,983.61,285.59,64.06,143.10,0.8021,-1,-1,-1
562,30,669.41,491.05,57.33,131.06,0.6935,-1,-1,-1
562,40,703.38,183.06,72.67,149.19,0.7324,-1,-1,-1
562,62,688.45,363.16,79.47,162.29,0.7182,-1,-1,-1
562,69,1069.06,130.05,64.85,148.04,0.5735,-1,-1,-1
562,70,836.76,129.70,73.38,161.24,0.6839,-1,-1,-1
562,73,604.65,294.14,114.76,177.95,0.7262,-1,-1,-1
562,74,356.24,454.85,69.79,166.93,0.6252,-1,-1,-1
562,76,545.59,290.54,76.36,151.00,0.8112,-1,-1,-1
563,7,989.17,287.29,64.00,141.80,0.7607,-1,-1,-1
563,30,669.98,490.91,57.67,131.65,0.7130,-1,-1,-1
563,40,709.30,182.77,70.89,149.61,0.7275,-1,-1,-1
563,62,690.24,366.50,77.30,159.12,0.7352,-1,-1,-1
563,69,1068.44,129.10,69.50,161.25,0.5770,-1,-1,-1
563,70,844.58,138.23,66.66,150.63,0.6471,-1,-1,-1
563,73,617.01,291.62,112.04,180.23,0.7510,-1,-1,-1
563,74,358.09,454.87,70.06,166.86,0.6388,-1,-1,-1
563,76,548.16,291.00,81.19,156.53,0.8201,-1,-1,-1
564,7,995.39,288.13,63.56,141.23,0.7978,-1,-1,-1
564,30,670.55,490.56,57.90,132.11,0.7304,-1,-1,-1
564,40,715.12,185.03,68.77,147.10,0.7094,-1,-1,-1
564,62,693.07,372.11,74.18,153.92,0.7207,-1,-1,-1
564,69,1072.63,129.35,66.50,158.22,0.5970,-1,-1,-1
564,70,850.04,140.42,64.40,150.45,0.6113,-1,-1,-1
564,73,629.20,290.99,109.35,180.55,0.7503,-1,-1,-1
564,74,355.55,456.37,69.02,165.47,0.6392,-1,-1,-1
564,76,552.80,291.11,83.67,157.77,0.7811,-1,-1,-1
565,7,1001.61,289.34,63.37,142.37,0.8128,-1,-1,-1
565,30,671.16,490.43,57.91,132.24,0.7016,-1,-1,-1
565,40,719.55,184.89,67.98,147.32,0.7302,-1,-1,-1
565,62,695.03,375.59,72.13,150.75,0.7288,-1,-1,-1
565,69,1074.75,129.33,64.85,157.90,0.5951,-1,-1,-1
565,70,854.76,141.99,61.76,149.10,0.6204,-1,-1,-1
565,73,637.51,290.24,106.78,180.97,0.7072,-1,-1,-1
565,74,352.81,456.47,68.34,164.55,0.6491,-1,-1,-1
565,76,560.33,291.42,85.51,157.94,0.8283,-1,-1,-1
566,7,1004.71,290.31,65.79,150.40,0.7929,-1,-1,-1
566,30,671.53,490.37,57.98,132.44,0.7262,-1,-1,-1
566,40,722.42,184.47,66.67,147.75,0.7189,-1,-1,-1
566,62,696.63,378.12,70.46,148.09,0.7268,-1,-1,-1
566,69,1075.76,129.49,63.60,158.21,0.6073,-1,-1,-1
566,70,858.11,140.68,59.63,148.63,0.5555,-1,-1,-1
566,73,644.09,290.55,103.17,179.89,0.6673,-1,-1,-1
566,74,351.33,455.74,68.17,164.71,0.6355,-1,-1,-1
566,76,567.79,290.73,86.87,158.85,0.7669,-1,-1,-1
567,7,1008.54,291.37,63.17,144.70,0.7998,-1,-1,-1
567,30,671.69,490.51,57.95,132.33,0.7352,-1,-1,-1
567,40,724.33,184.85,64.96,147.29,0.7294,-1,-1,-1
567,62,697.79,380.06,69.20,146.11,0.7244,-1,-1,-1
567,69,1076.00,129.07,62.92,159.32,0.6086,-1,-1,-1
567,73,649.93,293.00,99.93,177.35,0.6286,-1,-1,-1
567,74,350.16,455.67,68.35,164.82,0.5760,-1,-1,-1
567,76,575.83,290.88,86.29,157.99,0.6912,-1,-1,-1
568,7,1011.49,290.55,62.72,142.74,0.8162,-1,-1,-1
568,30,671.16,490.57,58.03,132.31,0.7302,-1,-1,-1
568,40,727.18,183.70,64.07,148.65,0.6937,-1,-1,-1
568,62,697.63,380.68,68.06,144.41,0.6988,-1,-1,-1
568,70,869.23,143.15,60.38,150.52,0.6593,-1,-1,-1
568,73,656.61,294.99,99.04,178.38,0.5912,-1,-1,-1
568,74,345.03,455.46,68.83,165.07,0.7343,-1,-1,-1
568,76,591.99,288.85,85.40,160.07,0.7217,-1,-1,-1
569,7,1014.39,290.76,62.79,140.58,0.8166,-1,-1,-1
569,30,670.46,490.57,58.04,131.90,0.7218,-1,-1,-1
569,40,729.35,183.31,62.91,148.34,0.7204,-1,-1,-1
569,62,698.26,381.53,65.95,139.97,0.6988,-1,-1,-1
569,69,1069.41,128.08,66.62,168.09,0.5745,-1,-1,-1
569,70,873.15,145.09,60.83,150.23,0.6865,-1,-1,-1
569,73,657.72,295.40,96.50,177.47,0.6279,-1,-1,-1
569,74,341.79,455.41,69.17,166.25,0.6972,-1,-1,-1
569,75,223.20,160.83,55.91,139.10,0.5581,-1,-1,-1
569,76,600.25,288.18,83.78,160.33,0.7671,-1,-1,-1
570,7,1017.26,290.89,63.91,139.62,0.8362,-1,-1,-1
570,30,669.82,490.16,57.95,130.78,0.7290,-1,-1,-1
570,40,731.51,182.43,61.88,147.90,0.7612,-1,-1,-1
570,62,699.11,383.63,64.59,137.26,0.6954,-1,-1,-1
570,69,1067.71,127.30,67.56,170.46,0.6129,-1,-1,-1
570,70,874.67,146.40,60.96,151.01,0.6666,-1,-1,-1
570,74,337.56,453.50,70.52,170.24,0.7799,-1,-1,-1
570,75,222.05,162.34,55.97,137.59,0.5678,-1,-1,-1
570,76,604.32,288.87,83.27,161.20,0.8129,-1,-1,-1
570,79,427.01,503.39,70.14,120.21,0.7167,-1,-1,-1
571,7,1019.21,289.73,65.93,140.41,0.8362,-1,-1,-1
571,30,668.39,490.89,58.18,130.24,0.7500,-1,-1,-1
571,40,733.50,183.22,60.59,145.57,0.7780,-1,-1,-1
571,62,699.24,384.22,64.68,138.03,0.6770,-1,-1,-1
571,69,1067.48,127.14,67.67,170.93,0.6126,-1,-1,-1
571,70,875.66,147.67,61.29,153.91,0.7164,-1,-1,-1
571,74,330.46,451.49,72.02,172.27,0.6606,-1,-1,-1
571,75,222.00,161.09,57.03,139.86,0.5740,-1,-1,-1
571,76,610.49,290.75,83.44,160.82,0.7925,-1,-1,-1
571,79,429.85,508.27,67.65,115.80,0.7302,-1,-1,-1
571,80,858.53,285.33,61.05,138.52,0.6374,-1,-1,-1
572,7,1020.21,289.09,67.57,141.25,0.8297,-1,-1,-1
572,30,666.90,490.86,58.79,130.44,0.7614,-1,-1,-1
572,40,735.20,183.86,60.28,144.26,0.7981,-1,-1,-1
572,62,696.43,383.23,65.70,139.41,0.6824,-1,-1,-1
572,70,876.67,146.72,60.67,153.34,0.7064,-1,-1,-1
572,74,322.95,449.47,73.44,173.73,0.6974,-1,-1,-1
572,75,222.43,159.32,57.81,142.05,0.5752,-1,-1,-1
572,76,613.02,292.03,85.14,163.16,0.7848,-1,-1,-1
572,79,432.08,507.83,68.57,117.35,0.7564,-1,-1,-1
572,80,859.86,286.43,60.79,137.58,0.6759,-1,-1,-1
573,7,1023.39,288.35,68.22,141.95,0.8378,-1,-1,-1
573,30,664.40,490.28,59.91,132.25,0.7449,-1,-1,-1
573,40,742.08,184.22,59.02,136.06,0.6993,-1,-1,-1
573,62,694.00,383.21,66.00,138.88,0.6985,-1,-1,-1
573,70,878.06,145.64,60.20,152.79,0.5918,-1,-1,-1
573,74,315.33,450.57,72.98,170.26,0.6636,-1,-1,-1
573,76,617.48,291.94,85.58,161.31,0.7484,-1,-1,-1
573,79,436.45,504.46,69.91,119.95,0.6068,-1,-1,-1
573,80,874.75,287.36,62.04,137.58,0.5555,-1,-1,-1
574,7,1026.81,286.88,68.73,143.24,0.8514,-1,-1,-1
574,30,662.10,489.66,61.00,133.77,0.7611,-1,-1,-1
574,40,739.52,187.45,56.25,122.45,0.6198,-1,-1,-1
574,62,695.22,383.48,65.86,139.18,0.6511,-1,-1,-1
574,70,879.11,142.56,59.95,152.84,0.6238,-1,-1,-1
574,74,311.61,458.23,71.05,163.13,0.6919,-1,-1,-1
574,75,222.72,151.18,60.28,148.46,0.5501,-1,-1,-1
574,76,622.25,291.24,86.63,161.68,0.7312,-1,-1,-1
574,79,441.12,509.75,66.84,114.78,0.5751,-1,-1,-1
574,80,869.62,288.80,61.53,135.94,0.7241,-1,-1,-1
575,7,1030.18,283.86,69.30,145.53,0.8255,-1,-1,-1
575,30,659.98,489.00,62.21,135.61,0.7148,-1,-1,-1
575,40,752.14,186.10,59.27,126.71,0.6068,-1,-1,-1
575,69,1076.65,126.83,57.71,144.42,0.5616,-1,-1,-1
575,70,880.41,140.44,59.30,150.85,0.6774,-1,-1,-1
575,73,666.82,266.49,128.43,252.53,0.6834,-1,-1,-1
575,74,308.12,457.43,71.90,163.41,0.7255,-1,-1,-1
575,75,222.82,152.00,59.40,146.80,0.5665,-1,-1,-1
575,80,870.25,290.43,60.84,133.52,0.7469,-1,-1,-1
575,81,340.94,363.32,43.38,111.71,0.5930,-1,-1,-1
576,7,1032.49,282.24,70.46,148.52,0.8040,-1,-1,-1
576,30,657.44,488.05,62.99,137.09,0.6138,-1,-1,-1
576,40,756.49,186.84,60.53,128.25,0.6520,-1,-1,-1
576,62,688.76,362.24,75.05,159.97,0.5601,-1,-1,-1
576,70,881.28,137.61,59.77,152.73,0.6502,-1,-1,-1
576,73,669.85,269.27,122.25,252.53,0.5813,-1,-1,-1
576,74,306.12,457.76,72.32,163.32,0.7019,-1,-1,-1
576,79,447.35,514.15,64.21,110.48,0.5567,-1,-1,-1
576,80,871.35,290.66,60.98,133.03,0.5779,-1,-1,-1
576,81,340.28,363.13,44.38,114.21,0.5678,-1,-1,-1
577,7,1034.68,282.01,70.84,149.58,0.7883,-1,-1,-1
577,40,759.01,186.88,63.27,132.90,0.6872,-1,-1,-1
577,62,688.71,369.00,71.61,151.90,0.6097,-1,-1,-1
577,69,1080.71,121.24,58.46,145.17,0.5774,-1,-1,-1
577,70,882.38,137.63,59.50,151.62,0.6524,-1,-1,-1
577,74,304.85,460.00,72.28,162.26,0.7076,-1,-1,-1
577,79,449.32,513.10,63.88,110.11,0.6691,-1,-1,-1
577,80,874.23,290.90,61.21,132.87,0.5813,-1,-1,-1
578,7,1040.47,281.61,71.20,150.73,0.8160,-1,-1,-1
578,30,638.32,487.07,66.90,138.97,0.6947,-1,-1,-1
578,40,758.78,185.90,65.24,135.40,0.6661,-1,-1,-1
578,69,1081.61,120.99,59.93,143.77,0.5794,-1,-1,-1
578,70,884.00,136.21,58.06,147.55,0.6876,-1,-1,-1
578,74,296.14,454.94,73.99,165.35,0.6374,-1,-1,-1
578,79,452.65,512.81,64.28,110.89,0.7233,-1,-1,-1
579,7,1046.73,282.28,71.02,149.39,0.8325,-1,-1,-1
579,30,634.27,487.32,68.18,136.69,0.6418,-1,-1,-1
579,40,760.87,185.96,64.45,134.41,0.6555,-1,-1,-1
579,62,688.06,380.52,66.61,140.20,0.6679,-1,-1,-1
579,69,1081.56,120.98,61.74,143.50,0.7108,-1,-1,-1
579,70,884.14,134.01,57.63,146.48,0.6705,-1,-1,-1
579,73,717.94,278.24,89.93,189.07,0.6058,-1,-1,-1
579,74,288.57,452.82,75.80,166.79,0.6499,-1,-1,-1
579,79,455.35,512.78,64.41,110.90,0.7422,-1,-1,-1
579,80,880.70,291.37,61.94,131.46,0.6145,-1,-1,-1
580,7,1051.81,280.88,72.53,150.41,0.8026,-1,-1,-1
580,40,761.76,184.37,63.55,133.97,0.6977,-1,-1,-1
580,62,685.75,385.95,65.69,136.33,0.6334,-1,-1,-1
580,69,1079.70,121.28,63.48,142.78,0.7212,-1,-1,-1
580,70,882.50,130.24,58.98,151.12,0.6653,-1,-1,-1
580,73,733.58,280.96,86.25,175.65,0.5836,-1,-1,-1
580,74,285.32,451.52,78.71,169.24,0.7284,-1,-1,-1
580,79,457.05,513.44,63.55,109.22,0.7481,-1,-1,-1
580,80,882.28,290.34,63.55,132.63,0.7044,-1,-1,-1
581,7,1055.16,281.29,74.08,149.88,0.8046,-1,-1,-1
581,30,618.14,479.22,74.92,142.51,0.5845,-1,-1,-1
581,40,760.63,183.57,62.27,132.91,0.5730,-1,-1,-1
581,62,681.77,384.45,68.09,139.92,0.5879,-1,-1,-1
581,69,1076.75,121.30,65.36,142.48,0.7268,-1,-1,-1
581,70,881.21,131.51,59.74,154.40,0.6499,-1,-1,-1
581,74,281.12,448.91,81.49,172.15,0.7394,-1,-1,-1
581,79,458.09,513.97,63.07,108.13,0.7350,-1,-1,-1
581,80,881.12,288.92,64.29,132.61,0.5777,-1,-1,-1
582,7,1055.83,280.22,77.54,152.11,0.8186,-1,-1,-1
582,30,608.84,473.81,81.90,149.09,0.7597,-1,-1,-1
582,40,760.07,181.89,61.49,131.96,0.6103,-1,-1,-1
582,62,679.06,384.43,69.78,142.16,0.6523,-1,-1,-1
582,69,1074.10,121.92,66.16,141.36,0.7121,-1,-1,-1
582,70,880.21,126.26,60.40,158.05,0.7046,-1,-1,-1
582,73,745.54,281.29,78.16,158.63,0.5726,-1,-1,-1
582,74,274.98,448.17,82.94,173.48,0.7908,-1,-1,-1
582,79,458.91,512.70,64.10,109.54,0.7270,-1,-1,-1
582,81,330.50,363.05,64.56,166.37,0.5925,-1,-1,-1
583,7,1056.46,283.20,79.76,150.40,0.8552,-1,-1,-1
583,30,599.83,468.41,86.40,154.42,0.6952,-1,-1,-1
583,62,674.38,384.26,74.82,151.33,0.6555,-1,-1,-1
583,69,1071.89,121.62,66.95,140.21,0.6562,-1,-1,-1
583,70,878.37,125.72,58.84,155.53,0.6883,-1,-1,-1
583,73,745.36,271.47,87.65,179.32,0.5518,-1,-1,-1
583,74,264.00,445.97,83.92,174.74,0.7479,-1,-1,-1
583,79,460.65,512.89,64.84,110.62,0.7985,-1,-1,-1
583,80,879.20,287.03,65.12,133.40,0.6289,-1,-1,-1
583,81,328.68,363.46,66.74,171.45,0.5543,-1,-1,-1
584,7,1054.79,284.75,81.98,149.37,0.8460,-1,-1,-1
584,40,762.98,180.46,57.79,120.72,0.5770,-1,-1,-1
584,62,671.30,382.38,78.05,157.32,0.7052,-1,-1,-1
584,69,1072.36,119.22,68.90,141.52,0.6269,-1,-1,-1
584,70,876.22,126.73,57.21,152.27,0.7296,-1,-1,-1
584,73,754.07,273.40,90.38,181.34,0.5860,-1,-1,-1
584,74,257.30,445.33,84.57,172.96,0.5905,-1,-1,-1
584,79,461.62,513.18,64.93,110.65,0.8197,-1,-1,-1
584,80,878.92,286.07,64.13,130.07,0.6507,-1,-1,-1
585,7,1053.77,287.13,83.42,147.53,0.8506,-1,-1,-1
585,30,590.75,473.16,83.56,146.14,0.5632,-1,-1,-1
585,40,762.34,179.28,58.16,118.98,0.5721,-1,-1,-1
585,62,669.97,384.25,78.67,157.62,0.6015,-1,-1,-1
585,69,1074.90,116.23,72.00,143.80,0.6318,-1,-1,-1
585,70,874.07,127.26,55.85,149.61,0.7384,-1,-1,-1
585,74,243.24,444.39,84.14,174.11,0.7583,-1,-1,-1
585,79,462.81,513.81,64.62,110.19,0.7975,-1,-1,-1
585,80,878.59,285.04,65.85,133.45,0.7294,-1,-1,-1
585,81,320.70,365.35,66.63,173.30,0.5920,-1,-1,-1
586,7,1051.88,289.51,84.87,146.28,0.8516,-1,-1,-1
586,69,1073.16,115.33,74.59,144.61,0.6694,-1,-1,-1
586,70,871.66,127.03,55.73,150.18,0.7122,-1,-1,-1
586,74,232.58,444.86,81.57,171.34,0.7223,-1,-1,-1
586,79,464.15,514.29,64.31,109.68,0.7799,-1,-1,-1
586,80,878.72,284.00,66.73,135.59,0.7649,-1,-1,-1
586,81,315.72,365.48,64.75,171.02,0.5758,-1,-1,-1
587,7,1050.08,289.93,86.79,147.21,0.8280,-1,-1,-1
587,40,760.54,177.19,59.74,121.92,0.5778,-1,-1,-1
587,62,666.98,386.48,78.10,155.39,0.6842,-1,-1,-1
587,69,1067.08,115.10,78.00,146.33,0.6634,-1,-1,-1
587,70,869.80,126.99,54.95,149.15,0.6710,-1,-1,-1
587,73,761.54,283.20,88.44,173.00,0.6077,-1,-1,-1
587,74,228.69,446.46,80.79,170.59,0.7263,-1,-1,-1
587,75,207.01,151.07,59.41,147.47,0.5788,-1,-1,-1
587,79,465.37,514.35,64.04,109.35,0.7302,-1,-1,-1
587,80,878.96,283.60,66.37,135.29,0.7174,-1,-1,-1
587,81,312.64,365.19,64.18,171.10,0.6032,-1,-1,-1
588,7,1049.79,287.17,87.29,147.78,0.7999,-1,-1,-1
588,30,597.99,480.52,75.68,137.58,0.5572,-1,-1,-1
588,40,754.22,176.07,61.65,127.92,0.5835,-1,-1,-1
588,62,663.96,387.42,77.87,154.72,0.7236,-1,-1,-1
588,69,1075.80,116.83,75.93,145.47,0.6840,-1,-1,-1
588,70,865.67,121.89,55.48,152.08,0.6631,-1,-1,-1
588,74,215.26,449.67,79.53,169.17,0.7339,-1,-1,-1
588,75,205.40,150.83,58.52,147.04,0.5687,-1,-1,-1
588,79,467.46,513.07,62.84,109.04,0.6555,-1,-1,-1
588,80,880.75,283.14,61.85,125.73,0.7091,-1,-1,-1
588,81,312.50,362.44,65.69,173.95,0.6918,-1,-1,-1
589,7,1050.63,286.73,86.03,146.56,0.8025,-1,-1,-1
589,40,750.45,173.46,61.44,129.74,0.6257,-1,-1,-1
589,62,661.18,384.57,79.16,157.45,0.7497,-1,-1,-1
589,69,1080.97,121.62,72.13,140.79,0.7043,-1,-1,-1
589,70,863.03,118.08,55.86,153.94,0.6771,-1,-1,-1
589,74,204.08,452.79,78.59,166.27,0.6933,-1,-1,-1
589,75,204.69,150.90,57.90,145.91,0.5665,-1,-1,-1
589,79,468.35,511.69,62.98,111.45,0.6667,-1,-1,-1
589,80,880.75,281.89,60.73,123.53,0.7104,-1,-1,-1
589,81,310.96,360.91,65.95,173.40,0.6828,-1,-1,-1
590,7,1052.14,287.24,83.19,143.63,0.8014,-1,-1,-1
590,30,596.90,480.40,72.79,136.97,0.5501,-1,-1,-1
590,40,748.69,174.74,57.66,123.85,0.6671,-1,-1,-1
590,62,659.45,383.55,79.71,158.06,0.7573,-1,-1,-1
590,69,1082.68,121.19,70.02,140.54,0.6938,-1,-1,-1
590,70,860.40,117.57,55.21,152.82,0.6892,-1,-1,-1
590,74,194.98,453.38,78.02,163.08,0.7457,-1,-1,-1
590,79,470.41,510.40,61.95,112.02,0.6400,-1,-1,-1
590,80,880.27,280.82,60.21,122.50,0.6560,-1,-1,-1
590,81,310.02,358.27,66.28,172.42,0.6697,-1,-1,-1
591,7,1053.02,286.32,82.01,144.00,0.8199,-1,-1,-1
591,30,595.14,479.04,71.22,137.81,0.5612,-1,-1,-1
591,40,744.85,173.09,57.60,125.85,0.7084,-1,-1,-1
591,62,655.89,381.79,80.42,158.76,0.8098,-1,-1,-1
591,69,1083.02,119.82,68.06,140.73,0.7303,-1,-1,-1
591,70,857.84,116.35,55.18,152.77,0.6862,-1,-1,-1
591,73,788.15,278.94,84.57,171.66,0.5755,-1,-1,-1
591,74,184.40,452.74,80.39,166.68,0.7292,-1,-1,-1
591,79,472.58,508.63,60.65,112.60,0.6081,-1,-1,-1
591,80,877.52,281.02,64.21,131.70,0.6047,-1,-1,-1
591,81,309.25,355.31,66.00,169.60,0.6224,-1,-1,-1
592,7,1051.52,280.20,83.24,149.51,0.7076,-1,-1,-1
592,30,574.41,463.96,81.44,154.31,0.6743,-1,-1,-1
592,40,742.78,171.59,57.38,126.88,0.7291,-1,-1,-1
592,62,652.66,380.18,81.25,159.37,0.8056,-1,-1,-1
592,69,1082.38,118.80,67.33,143.00,0.6752,-1,-1,-1
592,70,855.06,117.79,54.13,149.81,0.6556,-1,-1,-1
592,74,177.77,450.30,80.86,166.29,0.7767,-1,-1,-1
592,79,474.73,507.31,59.23,113.20,0.6395,-1,-1,-1
592,80,876.34,280.59,65.39,135.15,0.6212,-1,-1,-1
592,81,309.19,352.85,65.38,165.57,0.6904,-1,-1,-1
593,7,1047.77,275.21,84.06,154.18,0.7153,-1,-1,-1
593,30,565.36,459.08,84.99,158.42,0.7810,-1,-1,-1
593,40,741.03,170.44,56.97,127.22,0.6809,-1,-1,-1
593,62,649.16,379.71,80.91,158.07,0.7709,-1,-1,-1
593,69,1083.43,119.76,65.19,140.63,0.6886,-1,-1,-1
593,70,849.38,114.99,54.36,150.58,0.6771,-1,-1,-1
593,73,802.06,271.32,80.78,169.05,0.7426,-1,-1,-1
593,74,170.98,444.27,82.44,171.08,0.7795,-1,-1,-1
593,76,744.78,277.18,87.04,169.73,0.6857,-1,-1,-1
593,79,477.47,505.20,58.44,115.22,0.6484,-1,-1,-1
593,80,874.81,280.59,63.86,132.87,0.6223,-1,-1,-1
593,81,304.88,348.31,65.91,164.51,0.6077,-1,-1,-1
594,7,1045.88,273.78,82.65,155.15,0.6536,-1,-1,-1
594,30,562.04,457.84,86.81,158.99,0.8070,-1,-1,-1
594,40,739.82,171.67,56.82,127.28,0.6606,-1,-1,-1
594,62,645.64,378.90,81.70,158.80,0.7619,-1,-1,-1
594,69,1083.54,121.31,64.12,139.38,0.6965,-1,-1,-1
594,70,846.28,115.55,54.52,151.15,0.6836,-1,-1,-1
594,73,808.75,269.97,77.33,166.18,0.7753,-1,-1,-1
594,74,167.71,439.22,82.39,172.78,0.7996,-1,-1,-1
594,76,752.06,280.36,83.97,168.44,0.6647,-1,-1,-1
594,79,479.44,503.56,57.56,117.04,0.6252,-1,-1,-1
594,80,873.89,280.80,63.38,133.17,0.6043,-1,-1,-1
594,81,301.59,345.70,66.13,161.58,0.6287,-1,-1,-1
595,7,1045.83,276.22,79.32,152.33,0.6233,-1,-1,-1
595,30,561.42,458.50,88.02,159.02,0.7708,-1,-1,-1
595,40,737.99,171.94,55.85,126.15,0.6670,-1,-1,-1
595,62,642.64,378.14,82.32,159.54,0.7441,-1,-1,-1
595,69,1083.47,124.10,62.05,135.32,0.7078,-1,-1,-1
595,70,843.09,115.10,54.87,152.70,0.6789,-1,-1,-1
595,73,808.19,270.04,78.32,168.42,0.7538,-1,-1,-1
595,74,163.16,434.01,82.15,174.47,0.7782,-1,-1,-1
595,76,754.69,280.93,81.98,168.69,0.6461,-1,-1,-1
595,79,481.06,502.38,56.65,118.48,0.6035,-1,-1,-1
595,80,873.28,280.48,62.84,133.68,0.6904,-1,-1,-1
596,30,563.22,463.55,86.17,154.30,0.7543,-1,-1,-1
596,40,739.34,170.43,59.19,132.13,0.6675,-1,-1,-1
596,62,640.92,378.57,81.44,157.91,0.7405,-1,-1,-1
596,69,1082.29,123.65,61.64,134.83,0.6754,-1,-1,-1
596,70,839.80,114.97,55.14,153.22,0.7386,-1,-1,-1
596,73,812.49,270.31,77.94,172.00,0.7130,-1,-1,-1
596,74,159.14,428.38,82.21,177.71,0.8059,-1,-1,-1
596,76,756.80,293.69,75.59,156.22,0.5665,-1,-1,-1
596,79,482.60,501.38,56.33,120.90,0.6419,-1,-1,-1
596,80,872.27,280.22,62.39,134.27,0.7233,-1,-1,-1
597,7,1043.43,276.65,75.82,148.75,0.6446,-1,-1,-1
597,30,564.54,468.42,84.03,150.39,0.7695,-1,-1,-1
597,40,737.16,168.81,60.58,135.37,0.6694,-1,-1,-1
597,62,640.59,378.52,80.80,156.44,0.7884,-1,-1,-1
597,69,1080.36,119.18,62.60,137.74,0.6138,-1,-1,-1
597,70,837.62,114.90,54.83,152.32,0.7327,-1,-1,-1
597,73,817.85,271.81,75.92,173.00,0.6317,-1,-1,-1
597,74,154.81,422.47,81.96,180.32,0.8055,-1,-1,-1
597,79,485.28,500.31,55.69,122.09,0.6304,-1,-1,-1
597,80,872.70,280.33,61.43,134.08,0.6590,-1,-1,-1
597,81,280.49,342.53,63.59,153.76,0.6049,-1,-1,-1
598,7,1039.73,273.21,75.25,150.57,0.7650,-1,-1,-1
598,30,566.42,471.56,81.73,146.33,0.7206,-1,-1,-1
598,40,733.06,168.74,59.93,135.72,0.6495,-1,-1,-1
598,62,639.41,377.94,78.49,151.40,0.7255,-1,-1,-1
598,69,1078.16,117.53,62.22,137.17,0.6109,-1,-1,-1
598,70,833.51,109.60,54.87,152.30,0.6668,-1,-1,-1
598,73,823.53,266.34,76.73,178.25,0.6883,-1,-1,-1
598,74,148.83,410.37,83.66,187.24,0.7976,-1,-1,-1
598,79,487.85,498.17,55.45,124.77,0.6842,-1,-1,-1
598,80,873.72,279.75,60.61,134.50,0.5903,-1,-1,-1
598,81,275.86,340.51,63.66,152.94,0.6796,-1,-1,-1
599,7,1037.93,272.68,74.39,151.04,0.7596,-1,-1,-1
599,30,566.23,471.71,81.85,147.01,0.7131,-1,-1,-1
599,40,731.67,171.80,57.30,131.93,0.5969,-1,-1,-1
599,62,636.73,376.16,78.35,150.31,0.7230,-1,-1,-1
599,69,1076.25,113.90,62.80,139.35,0.6340,-1,-1,-1
599,70,832.04,112.08,52.87,145.87,0.6234,-1,-1,-1
599,73,827.15,263.65,75.55,179.57,0.6004,-1,-1,-1
599,74,146.44,403.70,82.85,188.91,0.7940,-1,-1,-1
599,79,490.60,496.63,54.81,126.32,0.6531,-1,-1,-1
599,81,271.01,338.82,64.10,152.22,0.6753,-1,-1,-1
600,7,1037.38,272.69,73.01,149.69,0.7689,-1,-1,-1
600,30,565.89,470.60,82.54,149.49,0.7113,-1,-1,-1
600,62,634.36,375.39,78.22,149.29,0.6906,-1,-1,-1
600,69,1076.06,112.19,62.37,139.75,0.5980,-1,-1,-1
600,70,830.20,115.14,51.06,140.56,0.6793,-1,-1,-1
600,73,831.69,262.50,75.75,180.17,0.5710,-1,-1,-1
600,74,147.25,399.20,79.02,182.74,0.6995,-1,-1,-1
600,79,493.25,495.93,54.03,127.07,0.6492,-1,-1,-1
600,81,268.38,337.36,64.62,151.75,0.6781,-1,-1,-1
601,7,1036.82,274.70,71.16,145.85,0.8073,-1,-1,-1
601,30,568.02,469.90,82.67,151.29,0.7566,-1,-1,-1
601,40,728.99,170.06,57.01,131.81,0.6100,-1,-1,-1
601,62,631.77,374.47,79.10,150.52,0.7713,-1,-1,-1
601,70,827.67,116.20,49.81,136.75,0.6975,-1,-1,-1
601,74,148.03,395.10,77.81,183.16,0.6781,-1,-1,-1
601,79,495.29,495.48,53.29,127.57,0.6279,-1,-1,-1
601,81,266.50,336.86,65.29,151.62,0.6356,-1,-1,-1
602,7,1037.04,275.10,70.85,143.97,0.7861,-1,-1,-1
602,30,569.49,469.02,82.25,152.72,0.7292,-1,-1,-1
602,40,728.34,168.70,56.92,131.65,0.6299,-1,-1,-1
602,62,627.96,373.81,79.71,151.77,0.8152,-1,-1,-1
602,70,825.66,116.14,49.73,136.08,0.6664,-1,-1,-1
602,73,848.64,264.14,73.39,170.05,0.5972,-1,-1,-1
602,74,148.60,391.71,75.88,180.69,0.6659,-1,-1,-1
602,79,498.66,496.14,52.37,127.34,0.6090,-1,-1,-1
602,80,866.84,272.39,68.66,155.32,0.5979,-1,-1,-1
602,81,267.58,337.21,67.27,150.92,0.6981,-1,-1,-1
603,7,1037.80,277.85,70.32,140.97,0.8162,-1,-1,-1
603,30,571.96,467.84,81.92,155.63,0.7581,-1,-1,-1
603,40,728.01,166.78,57.93,132.88,0.6934,-1,-1,-1
603,62,624.94,372.78,79.83,152.97,0.7499,-1,-1,-1
603,70,822.21,115.12,49.23,134.91,0.6288,-1,-1,-1
603,73,845.06,266.74,80.02,176.69,0.6532,-1,-1,-1
603,74,146.79,389.38,72.69,173.95,0.7319,-1,-1,-1
603,79,504.18,499.70,51.34,124.39,0.6535,-1,-1,-1
603,81,265.80,338.77,67.26,148.02,0.7212,-1,-1,-1
604,7,1037.71,279.94,69.90,139.25,0.8393,-1,-1,-1
604,30,573.51,466.43,80.84,156.72,0.7426,-1,-1,-1
604,40,728.28,166.50,57.37,130.32,0.6241,-1,-1,-1
604,62,624.42,372.31,79.36,152.96,0.7348,-1,-1,-1
604,70,820.21,115.44,48.95,133.52,0.5511,-1,-1,-1
604,73,851.41,268.93,79.20,170.49,0.6646,-1,-1,-1
604,74,146.74,387.84,69.34,166.54,0.7078,-1,-1,-1
604,79,508.17,502.62,51.34,122.75,0.6295,-1,-1,-1
604,81,263.32,339.42,67.06,145.98,0.7154,-1,-1,-1
605,7,1036.99,283.46,68.52,136.01,0.8489,-1,-1,-1
605,30,574.03,465.84,80.08,158.43,0.7474,-1,-1,-1
605,40,726.98,166.31,58.62,132.11,0.6948,-1,-1,-1
605,62,624.39,371.62,78.91,152.69,0.7195,-1,-1,-1
605,70,819.71,117.47,47.97,130.10,0.5920,-1,-1,-1
605,73,856.48,270.45,78.92,168.08,0.7157,-1,-1,-1
605,74,145.87,384.03,68.08,163.95,0.7748,-1,-1,-1
605,79,511.20,503.33,52.14,122.40,0.6782,-1,-1,-1
605,81,261.87,340.34,66.93,144.53,0.7190,-1,-1,-1
606,7,1036.33,285.50,68.80,136.63,0.8282,-1,-1,-1
606,30,575.58,464.98,78.37,158.00,0.7429,-1,-1,-1
606,40,724.52,165.81,59.70,133.48,0.7328,-1,-1,-1
606,62,623.70,371.05,78.75,152.69,0.6791,-1,-1,-1
606,69,1082.89,112.89,60.69,138.75,0.6095,-1,-1,-1
606,70,819.46,118.95,47.41,127.88,0.5746,-1,-1,-1
606,73,843.28,270.77,84.92,173.04,0.6001,-1,-1,-1
606,74,144.92,378.48,67.81,164.09,0.7956,-1,-1,-1
606,79,512.57,502.83,53.50,123.82,0.6202,-1,-1,-1
606,80,856.49,270.07,74.98,164.82,0.5509,-1,-1,-1
606,81,262.12,339.99,68.40,145.05,0.7201,-1,-1,-1
607,7,1036.22,286.01,68.03,135.90,0.8138,-1,-1,-1
607,30,576.62,464.29,76.84,157.95,0.7421,-1,-1,-1
607,40,722.67,168.77,58.96,130.90,0.7650,-1,-1,-1
607,62,623.45,369.12,79.01,153.56,0.7203,-1,-1,-1
607,69,1085.02,112.56,60.12,138.77,0.6778,-1,-1,-1
607,73,840.40,271.05,87.22,172.19,0.5749,-1,-1,-1
607,74,144.16,380.81,64.92,156.96,0.8079,-1,-1,-1
607,76,818.55,278.57,82.87,173.10,0.5868,-1,-1,-1
607,79,512.87,504.05,53.89,123.23,0.6648,-1,-1,-1
607,81,259.21,339.13,69.31,145.27,0.6366,-1,-1,-1
608,7,1036.06,284.24,67.99,137.39,0.8081,-1,-1,-1
608,30,576.46,463.31,76.14,159.65,0.7369,-1,-1,-1
608,40,718.18,166.22,60.19,132.84,0.8079,-1,-1,-1
608,62,622.75,365.67,79.93,155.83,0.7430,-1,-1,-1
608,69,1088.51,113.56,60.07,135.57,0.7031,-1,-1,-1
608,70,818.52,123.00,45.02,120.52,0.5697,-1,-1,-1
608,73,838.14,268.77,91.50,178.08,0.6230,-1,-1,-1
608,74,139.40,367.45,66.34,162.31,0.7460,-1,-1,-1
608,79,513.31,501.87,55.15,124.73,0.6517,-1,-1,-1
608,81,250.64,336.03,70.89,146.21,0.6997,-1,-1,-1
609,7,1036.06,282.13,67.88,138.84,0.8094,-1,-1,-1
609,30,576.30,462.80,75.08,160.05,0.7460,-1,-1,-1
609,40,715.21,165.58,60.88,132.90,0.7988,-1,-1,-1
609,62,622.65,363.45,80.08,156.57,0.7637,-1,-1,-1
609,69,1091.12,114.79,60.56,132.99,0.7122,-1,-1,-1
609,70,818.65,124.10,44.42,117.72,0.5876,-1,-1,-1
609,74,135.71,361.15,67.24,165.70,0.7531,-1,-1,-1
609,79,512.02,498.12,56.92,127.88,0.7200,-1,-1,-1
609,81,251.38,330.98,71.61,148.78,0.6475,-1,-1,-1
610,7,1036.04,279.50,68.00,140.88,0.8083,-1,-1,-1
610,30,576.25,461.65,73.79,159.89,0.7381,-1,-1,-1
610,40,712.81,163.71,62.30,134.56,0.7866,-1,-1,-1
610,62,622.80,361.97,79.59,156.02,0.7674,-1,-1,-1
610,69,1092.31,113.92,62.33,133.17,0.7240,-1,-1,-1
610,74,131.61,357.17,68.43,169.56,0.6290,-1,-1,-1
610,79,510.05,495.37,58.66,131.42,0.7385,-1,-1,-1
610,81,246.65,327.40,72.46,149.49,0.6549,-1,-1,-1
611,7,1036.71,277.90,67.52,141.62,0.8036,-1,-1,-1
611,30,575.26,460.25,73.57,161.76,0.7849,-1,-1,-1
611,40,711.02,163.22,63.31,134.89,0.7857,-1,-1,-1
611,62,622.97,360.56,79.47,156.10,0.7589,-1,-1,-1
611,69,1093.16,113.04,63.14,131.64,0.7060,-1,-1,-1
611,70,817.98,121.88,43.77,114.88,0.5664,-1,-1,-1
611,74,127.98,355.06,68.95,170.81,0.6620,-1,-1,-1
611,79,509.37,491.42,60.33,135.06,0.7966,-1,-1,-1
611,81,249.75,323.22,73.01,152.58,0.7182,-1,-1,-1
612,7,1038.11,275.21,67.84,143.97,0.8038,-1,-1,-1
612,30,573.97,459.09,73.72,164.09,0.7790,-1,-1,-1
612,40,710.33,163.93,63.58,133.63,0.7892,-1,-1,-1
612,62,624.59,360.38,77.81,153.25,0.7231,-1,-1,-1
612,69,1093.84,111.34,64.42,131.49,0.6948,-1,-1,-1
612,70,817.68,119.59,44.52,116.32,0.6126,-1,-1,-1
612,74,125.55,354.26,68.64,169.13,0.6687,-1,-1,-1
612,79,508.37,488.90,61.72,137.25,0.7966,-1,-1,-1
612,81,249.11,319.39,73.39,154.91,0.7144,-1,-1,-1
613,7,1039.32,271.25,68.25,146.32,0.7586,-1,-1,-1
613,30,571.53,456.67,73.88,165.29,0.7418,-1,-1,-1
613,40,708.90,161.77,63.43,132.29,0.7022,-1,-1,-1
613,62,624.79,358.79,77.43,152.76,0.7428,-1,-1,-1
613,74,123.05,352.68,68.27,166.31,0.5940,-1,-1,-1
613,79,506.40,482.40,65.30,141.97,0.7567,-1,-1,-1
613,81,241.37,312.31,77.65,161.16,0.7416,-1,-1,-1
614,7,1039.29,267.09,68.71,148.27,0.7158,-1,-1,-1
614,30,567.82,455.73,75.01,167.59,0.7505,-1,-1,-1
614,40,708.02,160.91,62.97,130.19,0.7412,-1,-1,-1
614,62,625.07,358.28,76.77,151.52,0.7446,-1,-1,-1
614,69,1096.69,112.88,62.77,124.55,0.6898,-1,-1,-1
614,74,124.64,351.52,66.26,162.03,0.5705,-1,-1,-1
614,76,865.93,253.34,79.79,165.27,0.5999,-1,-1,-1
614,79,501.24,477.64,67.52,146.23,0.7426,-1,-1,-1
614,81,237.92,306.26,80.53,165.68,0.7065,-1,-1,-1
615,7,1040.31,265.96,68.54,148.52,0.7972,-1,-1,-1
615,30,564.94,455.09,75.25,167.50,0.7147,-1,-1,-1
615,40,705.07,158.79,59.07,123.35,0.6564,-1,-1,-1
615,62,626.09,357.02,75.96,149.95,0.7496,-1,-1,-1
615,69,1098.23,111.97,63.89,123.30,0.6877,-1,-1,-1
615,74,125.10,349.63,63.89,157.70,0.6183,-1,-1,-1
615,76,871.45,250.69,77.10,158.82,0.6225,-1,-1,-1
615,79,499.18,474.18,70.27,149.09,0.7607,-1,-1,-1
615,80,831.97,300.86,68.48,143.26,0.6089,-1,-1,-1
615,81,236.30,300.79,81.17,165.59,0.7172,-1,-1,-1
616,7,1041.08,265.05,68.53,148.50,0.8004,-1,-1,-1
616,30,559.94,453.53,76.01,168.42,0.6821,-1,-1,-1
616,40,703.20,157.27,56.06,118.98,0.6491,-1,-1,-1
616,62,626.60,358.01,74.85,147.54,0.7229,-1,-1,-1
616,69,1099.88,110.60,65.51,122.67,0.7101,-1,-1,-1
616,74,125.20,348.88,61.56,153.82,0.6257,-1,-1,-1
616,76,873.49,247.99,78.64,160.46,0.5789,-1,-1,-1
616,79,494.51,471.75,72.48,151.41,0.7567,-1,-1,-1
616,80,829.39,300.22,70.85,143.35,0.6600,-1,-1,-1
616,81,238.93,295.64,80.48,164.18,0.6608,-1,-1,-1
617,7,1042.38,265.57,68.11,147.61,0.8241,-1,-1,-1
617,30,557.78,452.64,75.74,166.76,0.6621,-1,-1,-1
617,40,700.95,153.91,56.38,122.05,0.7279,-1,-1,-1
617,62,626.06,354.83,76.13,150.21,0.7597,-1,-1,-1
617,69,1100.54,107.39,67.89,124.72,0.6966,-1,-1,-1
617,76,891.87,250.36,71.39,155.27,0.5710,-1,-1,-1
617,79,493.78,469.64,75.58,153.64,0.7268,-1,-1,-1
617,80,827.00,297.86,73.51,145.32,0.7073,-1,-1,-1
617,81,243.43,291.18,77.00,157.47,0.7112,-1,-1,-1
618,7,1044.09,269.19,68.83,148.76,0.8076,-1,-1,-1
618,30,556.88,454.34,74.74,162.57,0.6947,-1,-1,-1
618,40,697.58,150.06,57.08,127.03,0.7354,-1,-1,-1
618,62,624.49,350.56,77.88,153.93,0.8278,-1,-1,-1
618,69,1102.77,105.33,69.25,127.14,0.5778,-1,-1,-1
618,73,862.74,248.31,86.19,163.60,0.6298,-1,-1,-1
618,74,115.80,338.18,63.40,154.04,0.6602,-1,-1,-1
618,79,487.73,468.76,77.53,155.35,0.7470,-1,-1,-1
618,80,824.78,294.45,75.27,146.02,0.7095,-1,-1,-1
618,81,242.94,285.83,75.45,153.05,0.7882,-1,-1,-1
619,7,1045.28,273.74,69.95,150.16,0.7939,-1,-1,-1
619,30,555.71,456.00,74.38,159.94,0.6522,-1,-1,-1
619,40,694.53,149.16,57.42,131.84,0.7328,-1,-1,-1
619,62,623.88,349.99,77.97,154.17,0.8498,-1,-1,-1
619,69,1104.60,103.55,69.89,129.61,0.6183,-1,-1,-1
619,73,860.50,248.05,88.62,164.80,0.6652,-1,-1,-1
619,74,110.52,337.84,63.81,152.87,0.6821,-1,-1,-1
619,76,905.73,248.90,66.54,155.68,0.5746,-1,-1,-1
619,79,484.20,468.35,78.14,154.69,0.7731,-1,-1,-1
619,80,818.37,288.46,77.74,149.72,0.6809,-1,-1,-1
619,81,244.27,284.49,73.50,148.32,0.7880,-1,-1,-1
620,7,1044.30,277.31,71.34,151.31,0.7792,-1,-1,-1
620,30,553.36,457.20,75.24,159.62,0.6907,-1,-1,-1
620,40,691.80,150.34,57.07,135.55,0.6980,-1,-1,-1
620,62,623.56,351.24,76.29,150.78,0.8637,-1,-1,-1
620,69,1108.29,103.57,69.71,130.84,0.5629,-1,-1,-1
620,73,860.34,248.37,89.00,161.90,0.7567,-1,-1,-1
620,74,107.80,338.98,63.96,152.79,0.6898,-1,-1,-1
620,79,482.43,469.42,78.16,152.85,0.7932,-1,-1,-1
620,80,812.03,287.01,75.45,146.45,0.6521,-1,-1,-1
620,81,243.39,285.55,73.59,148.57,0.7920,-1,-1,-1
621,7,1042.60,282.26,71.91,149.98,0.7586,-1,-1,-1
621,30,551.94,459.58,75.34,157.92,0.6162,-1,-1,-1
621,40,690.18,150.01,55.20,134.68,0.7392,-1,-1,-1
621,62,622.60,352.12,75.51,149.09,0.8598,-1,-1,-1
621,69,1110.47,105.47,68.17,129.14,0.6267,-1,-1,-1
621,73,859.98,250.08,88.87,158.54,0.7535,-1,-1,-1
621,74,106.55,340.64,64.30,152.90,0.7326,-1,-1,-1
621,79,480.60,471.96,77.89,150.49,0.7878,-1,-1,-1
621,80,804.35,287.07,75.82,151.94,0.7222,-1,-1,-1
621,81,243.37,286.04,74.24,150.56,0.7871,-1,-1,-1
622,7,1040.82,285.68,73.20,150.29,0.7245,-1,-1,-1
622,30,550.89,461.32,75.90,157.44,0.6176,-1,-1,-1
622,40,688.84,149.46,52.29,131.30,0.7160,-1,-1,-1
622,62,621.13,352.80,75.72,149.38,0.8618,-1,-1,-1
622,69,1111.36,107.12,66.96,127.85,0.6622,-1,-1,-1
622,73,861.60,254.00,86.73,152.02,0.6979,-1,-1,-1
622,74,106.79,340.46,64.84,153.70,0.6780,-1,-1,-1
622,76,916.40,255.37,62.04,151.35,0.6058,-1,-1,-1
622,79,479.32,474.85,77.40,147.44,0.7903,-1,-1,-1
622,80,795.99,287.59,75.06,154.99,0.6859,-1,-1,-1
622,81,242.87,286.27,74.58,151.71,0.7783,-1,-1,-1
623,7,1035.76,288.84,74.61,151.74,0.7409,-1,-1,-1
623,30,549.10,459.40,78.54,161.07,0.5912,-1,-1,-1
623,40,686.64,150.87,50.11,128.80,0.5783,-1,-1,-1
623,62,619.93,353.24,76.40,150.46,0.8396,-1,-1,-1
623,69,1112.34,106.02,67.59,129.98,0.6570,-1,-1,-1
623,73,866.12,258.30,83.75,145.06,0.6745,-1,-1,-1
623,74,106.72,342.36,64.34,151.76,0.6637,-1,-1,-1
623,79,479.45,477.26,77.33,145.25,0.7772,-1,-1,-1
623,80,786.40,286.21,75.99,161.76,0.7144,-1,-1,-1
623,81,243.84,289.67,67.68,137.08,0.7631,-1,-1,-1
624,7,1031.88,291.10,75.42,152.16,0.7650,-1,-1,-1
624,30,546.15,457.18,81.36,164.76,0.6011,-1,-1,-1
624,40,686.08,152.04,48.82,127.46,0.5554,-1,-1,-1
624,62,618.82,354.71,76.63,150.72,0.8377,-1,-1,-1
624,69,1113.10,105.23,67.76,131.06,0.6694,-1,-1,-1
624,73,871.02,260.10,83.44,144.96,0.7006,-1,-1,-1
624,74,106.38,340.30,65.59,154.05,0.7170,-1,-1,-1
624,76,936.31,263.64,49.83,119.09,0.5686,-1,-1,-1
624,79,480.14,478.74,77.60,143.75,0.7486,-1,-1,-1
624,80,781.63,286.64,74.23,162.66,0.6561,-1,-1,-1
624,81,243.91,292.64,64.96,130.96,0.7733,-1,-1,-1
625,7,1026.71,293.86,74.89,151.21,0.7454,-1,-1,-1
625,40,675.94,152.12,52.93,136.45,0.6483,-1,-1,-1
625,62,616.74,356.24,75.56,149.00,0.8577,-1,-1,-1
625,69,1113.79,104.66,68.41,132.72,0.6850,-1,-1,-1
625,73,874.70,261.08,82.64,145.32,0.6802,-1,-1,-1
625,74,105.48,337.67,67.61,158.98,0.7304,-1,-1,-1
625,76,946.49,270.06,50.01,111.76,0.6751,-1,-1,-1
625,79,482.41,480.21,77.82,142.59,0.6976,-1,-1,-1
625,80,781.43,286.54,67.34,149.84,0.5732,-1,-1,-1
625,81,242.44,293.59,65.36,131.70,0.7619,-1,-1,-1
626,7,1023.07,295.52,74.28,150.59,0.7667,-1,-1,-1
626,40,670.33,155.13,54.80,138.57,0.6553,-1,-1,-1
626,62,614.89,357.09,75.79,150.28,0.8592,-1,-1,-1
626,69,1114.21,105.79,68.05,132.27,0.6974,-1,-1,-1
626,73,875.64,260.59,82.60,148.03,0.7233,-1,-1,-1
626,74,105.29,337.42,68.44,160.92,0.7264,-1,-1,-1
626,76,952.35,274.78,51.56,109.36,0.7437,-1,-1,-1
626,79,489.87,482.25,79.07,140.88,0.5526,-1,-1,-1
626,80,773.62,289.21,69.47,153.63,0.5830,-1,-1,-1
626,81,240.25,292.64,67.04,136.42,0.7914,-1,-1,-1
627,7,1020.63,297.08,72.99,149.06,0.7897,-1,-1,-1
627,40,664.85,154.44,57.62,143.01,0.6958,-1,-1,-1
627,62,613.93,358.44,75.95,151.21,0.8576,-1,-1,-1
627,69,1114.16,106.78,67.73,131.96,0.6962,-1,-1,-1
627,73,877.35,259.69,82.43,150.20,0.7190,-1,-1,-1
627,74,103.04,338.66,67.97,161.04,0.7361,-1,-1,-1
627,76,953.70,279.88,54.01,110.52,0.7610,-1,-1,-1
627,79,490.81,484.69,79.46,138.86,0.6045,-1,-1,-1
627,81,239.41,290.80,66.48,136.57,0.7737,-1,-1,-1
628,7,1016.36,301.31,71.37,145.82,0.7679,-1,-1,-1
628,40,662.17,159.66,57.79,140.65,0.6914,-1,-1,-1
628,62,612.75,361.39,75.66,150.66,0.8472,-1,-1,-1
628,69,1114.07,106.78,68.22,133.34,0.6857,-1,-1,-1
628,73,875.55,256.75,83.07,153.12,0.8099,-1,-1,-1
628,74,99.63,341.32,66.84,160.76,0.6937,-1,-1,-1
628,76,950.73,285.72,58.87,119.03,0.7778,-1,-1,-1
628,79,489.67,474.40,86.12,149.93,0.7086,-1,-1,-1
628,81,238.42,287.76,66.23,137.82,0.7707,-1,-1,-1
629,7,1012.37,305.68,70.66,143.23,0.8086,-1,-1,-1
629,40,661.08,162.97,57.72,138.13,0.7030,-1,-1,-1
629,62,611.92,363.25,75.37,150.01,0.8372,-1,-1,-1
629,69,1114.66,107.81,68.17,133.22,0.6807,-1,-1,-1
629,73,873.36,253.41,84.23,156.60,0.8249,-1,-1,-1
629,74,96.93,343.38,65.77,160.72,0.6781,-1,-1,-1
629,76,948.88,287.16,61.93,125.39,0.7750,-1,-1,-1
629,79,490.75,470.42,89.16,154.31,0.7801,-1,-1,-1
629,81,237.76,285.13,66.82,141.20,0.7395,-1,-1,-1
629,84,197.59,130.34,56.72,148.32,0.5978,-1,-1,-1
630,7,1007.34,309.21,70.65,139.87,0.8164,-1,-1,-1
630,40,661.58,164.10,58.49,136.78,0.7454,-1,-1,-1
630,62,611.25,364.56,75.08,149.05,0.8228,-1,-1,-1
630,69,1114.79,108.04,68.34,133.46,0.6908,-1,-1,-1
630,73,870.72,249.79,84.61,158.79,0.7839,-1,-1,-1
630,74,94.63,345.34,64.98,160.94,0.6281,-1,-1,-1
630,76,949.55,287.91,63.28,127.70,0.7918,-1,-1,-1
630,79,497.58,478.35,85.18,145.49,0.7306,-1,-1,-1
630,81,237.59,286.05,65.51,140.47,0.7183,-1,-1,-1
630,84,193.78,129.48,57.55,149.95,0.6135,-1,-1,-1
631,7,1003.54,310.87,73.04,141.65,0.8720,-1,-1,-1
631,40,660.97,164.22,59.68,137.11,0.7902,-1,-1,-1
631,62,610.47,365.19,75.32,149.09,0.8109,-1,-1,-1
631,69,1114.68,108.55,68.27,133.12,0.6832,-1,-1,-1
631,73,867.52,246.84,83.84,160.22,0.8150,-1,-1,-1
631,74,94.12,346.76,64.56,160.51,0.6748,-1,-1,-1
631,76,946.39,288.59,62.80,128.18,0.7743,-1,-1,-1
631,79,502.83,481.78,83.75,141.87,0.7693,-1,-1,-1
631,81,237.44,285.52,64.05,139.67,0.7130,-1,-1,-1
631,84,188.29,130.16,58.09,149.80,0.6409,-1,-1,-1
632,7,998.51,312.49,77.00,145.47,0.8413,-1,-1,-1
632,40,660.34,165.24,60.08,136.20,0.7979,-1,-1,-1
632,62,608.39,366.80,74.96,146.83,0.7946,-1,-1,-1
632,69,1114.96,109.46,68.02,132.41,0.6905,-1,-1,-1
632,73,863.30,243.76,82.34,161.10,0.7377,-1,-1,-1
632,74,92.04,347.57,64.01,160.34,0.6566,-1,-1,-1
632,76,944.40,286.84,63.19,129.48,0.7020,-1,-1,-1
632,79,507.82,480.80,84.69,144.09,0.7690,-1,-1,-1
632,81,238.23,285.28,61.85,136.82,0.6813,-1,-1,-1
632,84,184.30,129.01,59.62,151.23,0.6205,-1,-1,-1
633,7,990.24,312.79,79.04,142.58,0.8350,-1,-1,-1
633,40,658.64,166.11,59.30,134.43,0.7702,-1,-1,-1
633,62,602.43,371.67,75.44,143.58,0.7974,-1,-1,-1
633,69,1114.52,110.79,67.69,131.07,0.7185,-1,-1,-1
633,73,857.67,240.21,80.23,160.63,0.7620,-1,-1,-1
633,74,92.34,349.38,64.24,158.82,0.5694,-1,-1,-1
633,76,939.74,288.09,56.60,116.00,0.6955,-1,-1,-1
633,79,514.54,482.17,82.42,141.71,0.7038,-1,-1,-1
633,81,240.91,285.58,60.71,134.90,0.6745,-1,-1,-1
633,86,477.15,455.05,59.74,156.82,0.7351,-1,-1,-1
634,7,983.03,311.86,82.93,144.32,0.8418,-1,-1,-1
634,40,655.42,166.58,58.18,133.48,0.7384,-1,-1,-1
634,62,599.32,374.44,74.52,137.15,0.7524,-1,-1,-1
634,69,1114.32,111.34,67.76,130.58,0.7243,-1,-1,-1
634,73,853.74,239.24,77.44,158.55,0.7820,-1,-1,-1
634,74,93.40,351.48,65.16,157.51,0.6151,-1,-1,-1
634,76,933.70,288.97,54.56,111.92,0.5744,-1,-1,-1
634,79,517.43,481.46,83.12,145.20,0.6851,-1,-1,-1
634,81,243.17,287.62,59.38,131.53,0.6816,-1,-1,-1
634,86,472.77,454.98,61.98,162.10,0.7867,-1,-1,-1
635,7,977.81,310.94,85.35,145.20,0.8386,-1,-1,-1
635,40,654.56,168.09,56.54,130.99,0.7066,-1,-1,-1
635,62,597.67,376.36,75.63,135.00,0.7421,-1,-1,-1
635,69,1114.10,111.45,68.13,130.70,0.7250,-1,-1,-1
635,73,850.58,238.56,75.23,156.62,0.7802,-1,-1,-1
635,74,91.77,350.44,67.51,160.17,0.6607,-1,-1,-1
635,76,928.43,292.54,55.33,113.60,0.6111,-1,-1,-1
635,79,521.14,482.05,81.75,144.89,0.6878,-1,-1,-1
635,81,244.43,287.43,59.90,132.09,0.6234,-1,-1,-1
635,86,468.50,454.74,62.74,162.88,0.7052,-1,-1,-1
636,7,971.29,310.07,87.46,146.21,0.8572,-1,-1,-1
636,40,653.12,167.15,56.34,131.82,0.7013,-1,-1,-1
636,62,596.85,377.64,76.21,132.61,0.7513,-1,-1,-1
636,69,1114.07,111.31,68.59,131.09,0.7277,-1,-1,-1
636,73,846.81,237.94,72.78,151.93,0.6931,-1,-1,-1
636,74,87.17,348.55,70.74,164.22,0.6511,-1,-1,-1
636,76,921.74,294.81,57.37,119.58,0.7974,-1,-1,-1
636,79,524.97,484.37,79.18,141.84,0.6797,-1,-1,-1
636,81,244.88,286.34,60.72,133.31,0.5950,-1,-1,-1
636,86,465.82,453.93,64.17,164.83,0.6562,-1,-1,-1
637,7,964.04,309.22,87.64,146.22,0.8277,-1,-1,-1
637,40,650.81,167.29,56.84,133.02,0.7447,-1,-1,-1
637,62,595.57,378.02,77.27,130.48,0.7512,-1,-1,-1
637,69,1114.68,108.86,69.87,134.19,0.7046,-1,-1,-1
637,73,846.45,236.43,69.24,145.19,0.5796,-1,-1,-1
637,74,84.76,347.48,73.56,166.91,0.6334,-1,-1,-1
637,76,915.89,296.88,57.81,122.84,0.6472,-1,-1,-1
637,79,526.04,486.94,83.20,151.27,0.6792,-1,-1,-1
637,80,739.58,311.60,67.18,148.84,0.7019,-1,-1,-1
637,86,463.65,453.15,64.55,163.86,0.6143,-1,-1,-1
638,7,947.51,308.42,88.02,148.93,0.7703,-1,-1,-1
638,40,645.33,167.57,57.84,133.16,0.7652,-1,-1,-1
638,62,590.81,378.06,76.60,124.78,0.7386,-1,-1,-1
638,69,1115.98,108.17,70.44,135.98,0.6753,-1,-1,-1
638,73,836.14,238.91,67.40,136.68,0.6654,-1,-1,-1
638,76,902.84,302.65,57.86,119.50,0.6928,-1,-1,-1
638,79,535.56,491.52,77.67,139.84,0.6739,-1,-1,-1
638,80,737.43,314.40,66.88,146.58,0.7567,-1,-1,-1
638,81,244.82,283.83,62.65,136.83,0.5663,-1,-1,-1
638,86,455.26,450.34,65.92,166.43,0.7146,-1,-1,-1
639,7,934.68,309.81,88.16,152.24,0.7577,-1,-1,-1
639,40,640.59,166.98,60.05,134.87,0.7915,-1,-1,-1
639,62,585.39,377.05,78.88,124.59,0.7264,-1,-1,-1
639,69,1117.43,109.12,70.02,135.47,0.6943,-1,-1,-1
639,73,835.39,241.69,65.43,130.34,0.6628,-1,-1,-1
639,76,890.67,305.63,58.63,116.90,0.7474,-1,-1,-1
639,79,544.70,493.97,74.70,133.34,0.6886,-1,-1,-1
639,80,735.55,314.99,68.22,147.43,0.7260,-1,-1,-1
639,81,245.92,283.55,63.32,136.74,0.6060,-1,-1,-1
639,86,448.68,448.25,65.74,165.39,0.7310,-1,-1,-1
639,88,850.08,103.91,49.30,136.55,0.6044,-1,-1,-1
640,7,926.74,310.52,86.74,153.86,0.6631,-1,-1,-1
640,40,638.87,168.60,61.31,133.78,0.7746,-1,-1,-1
640,62,580.95,376.31,87.12,134.38,0.6608,-1,-1,-1
640,69,1119.06,110.68,69.26,133.82,0.6648,-1,-1,-1
640,76,881.04,307.63,60.75,116.29,0.7267,-1,-1,-1
640,79,551.90,495.14,73.14,129.23,0.6841,-1,-1,-1
640,80,735.38,314.10,70.29,148.60,0.7255,-1,-1,-1
640,81,246.47,283.94,64.04,137.01,0.6071,-1,-1,-1
640,86,443.32,446.61,65.55,164.21,0.7192,-1,-1,-1
640,88,851.67,101.48,51.33,142.33,0.6151,-1,-1,-1
641,7,919.69,313.20,84.69,154.44,0.6755,-1,-1,-1
641,40,639.80,174.44,60.77,128.30,0.7965,-1,-1,-1
641,62,575.91,375.81,92.86,140.46,0.7379,-1,-1,-1
641,69,1120.47,112.50,68.25,131.65,0.6943,-1,-1,-1
641,76,873.02,306.69,63.71,118.62,0.6903,-1,-1,-1
641,79,557.08,494.89,73.32,128.88,0.7113,-1,-1,-1
641,80,735.76,312.90,72.12,149.38,0.6407,-1,-1,-1
641,81,246.03,285.68,64.79,137.59,0.6408,-1,-1,-1
641,86,438.34,444.91,66.59,166.69,0.7704,-1,-1,-1
641,88,855.66,103.85,51.24,141.87,0.7057,-1,-1,-1
642,7,910.78,318.29,83.29,152.99,0.7307,-1,-1,-1
642,40,641.39,173.71,62.23,128.49,0.7932,-1,-1,-1
642,62,570.89,375.69,96.51,144.30,0.7495,-1,-1,-1
642,69,1121.42,111.42,69.23,134.02,0.7032,-1,-1,-1
642,73,821.48,237.69,72.61,141.99,0.6545,-1,-1,-1
642,76,868.83,306.33,67.12,122.81,0.5619,-1,-1,-1
642,79,562.91,495.51,73.90,129.61,0.7337,-1,-1,-1
642,80,734.63,310.84,74.66,151.32,0.6639,-1,-1,-1
642,81,246.91,284.46,67.50,141.90,0.6877,-1,-1,-1
642,86,433.29,443.65,67.03,167.96,0.7713,-1,-1,-1
642,88,858.93,103.93,52.40,144.41,0.7777,-1,-1,-1
643,7,898.42,324.18,84.06,148.70,0.8652,-1,-1,-1
643,40,646.86,174.49,62.85,127.72,0.8105,-1,-1,-1
643,62,565.08,375.25,96.22,145.27,0.7812,-1,-1,-1
643,69,1127.39,112.39,68.54,132.37,0.7523,-1,-1,-1
643,73,821.97,238.12,71.22,135.59,0.6495,-1,-1,-1
643,79,577.38,497.51,73.69,128.47,0.6515,-1,-1,-1
643,80,728.41,306.28,72.72,149.05,0.6085,-1,-1,-1
643,81,247.78,282.52,72.05,151.76,0.7468,-1,-1,-1
643,86,427.99,442.85,68.12,169.82,0.8059,-1,-1,-1
643,88,867.24,106.98,53.41,145.81,0.7745,-1,-1,-1
644,7,895.83,328.02,85.18,145.32,0.8681,-1,-1,-1
644,40,650.69,171.14,65.33,131.42,0.8289,-1,-1,-1
644,62,563.32,375.16,93.93,143.51,0.8036,-1,-1,-1
644,69,1133.17,113.60,68.88,132.56,0.7585,-1,-1,-1
644,73,819.80,237.99,72.98,136.91,0.6338,-1,-1,-1
644,74,73.63,357.13,71.67,166.83,0.7062,-1,-1,-1
644,76,861.64,306.20,67.63,123.98,0.5684,-1,-1,-1
644,79,587.54,498.31,74.29,128.77,0.7462,-1,-1,-1
644,80,725.74,303.92,71.67,148.33,0.6089,-1,-1,-1
644,81,250.52,282.69,73.68,156.68,0.7493,-1,-1,-1
644,86,422.56,443.04,69.39,169.19,0.8444,-1,-1,-1
644,88,872.46,108.91,54.57,147.60,0.7667,-1,-1,-1
645,7,896.34,333.24,85.62,141.47,0.8635,-1,-1,-1
645,40,655.54,167.54,67.80,136.16,0.8200,-1,-1,-1
645,62,564.39,375.52,91.54,141.40,0.7528,-1,-1,-1
645,69,1139.08,114.36,68.50,132.33,0.8229,-1,-1,-1
645,73,816.19,235.14,75.28,139.12,0.6477,-1,-1,-1
645,74,74.32,357.74,70.16,167.83,0.7452,-1,-1,-1
645,76,863.00,306.63,67.01,125.40,0.6564,-1,-1,-1
645,79,597.38,499.18,73.29,126.16,0.7132,-1,-1,-1
645,80,724.71,302.14,71.69,149.76,0.6923,-1,-1,-1
645,81,253.66,287.10,72.30,154.84,0.7100,-1,-1,-1
645,86,418.46,443.84,71.61,168.50,0.8365,-1,-1,-1
645,88,876.76,109.87,55.41,148.34,0.7199,-1,-1,-1
646,7,896.59,337.52,86.64,139.96,0.8577,-1,-1,-1
646,40,660.74,166.36,70.01,140.88,0.7887,-1,-1,-1
646,62,565.97,376.09,91.27,143.11,0.7235,-1,-1,-1
646,69,1143.19,115.93,67.47,130.57,0.7142,-1,-1,-1
646,73,812.68,233.45,77.44,141.99,0.6320,-1,-1,-1
646,74,75.48,359.25,69.80,170.46,0.7974,-1,-1,-1
646,76,861.72,308.99,64.76,122.36,0.7443,-1,-1,-1
646,79,606.53,498.59,72.87,125.08,0.7298,-1,-1,-1
646,80,726.35,299.89,71.26,149.35,0.6845,-1,-1,-1
646,81,255.65,289.04,71.16,153.38,0.7208,-1,-1,-1
646,86,416.37,444.43,74.53,168.45,0.8574,-1,-1,-1
646,88,882.02,104.25,57.87,153.67,0.6772,-1,-1,-1
647,7,894.82,340.30,89.53,143.45,0.8068,-1,-1,-1
647,40,667.77,166.21,68.72,138.70,0.7827,-1,-1,-1
647,62,567.04,377.39,91.16,146.00,0.7122,-1,-1,-1
647,69,1148.41,114.41,68.66,133.01,0.7140,-1,-1,-1
647,73,809.83,231.66,78.83,144.10,0.6166,-1,-1,-1
647,74,77.30,361.66,69.14,172.18,0.7875,-1,-1,-1
647,76,855.48,312.30,64.15,119.82,0.5505,-1,-1,-1
647,79,615.66,498.96,72.56,124.47,0.6923,-1,-1,-1
647,80,727.11,298.93,70.83,149.71,0.6669,-1,-1,-1
647,81,258.88,289.20,71.20,153.78,0.7596,-1,-1,-1
647,86,415.57,445.88,77.32,167.21,0.8741,-1,-1,-1
647,88,886.97,101.69,59.40,156.68,0.6513,-1,-1,-1
648,7,894.47,342.60,91.64,148.36,0.6954,-1,-1,-1
648,40,680.12,169.34,65.08,130.12,0.7819,-1,-1,-1
648,62,568.14,380.12,88.48,144.64,0.7981,-1,-1,-1
648,69,1155.65,116.87,67.95,130.72,0.7107,-1,-1,-1
648,73,808.40,230.18,77.31,142.38,0.7263,-1,-1,-1
648,74,79.25,368.08,68.28,171.89,0.7974,-1,-1,-1
648,76,840.95,317.96,70.79,128.62,0.6679,-1,-1,-1
648,79,627.50,496.95,72.83,124.71,0.7858,-1,-1,-1
648,80,724.22,296.62,68.77,147.56,0.6743,-1,-1,-1
648,81,264.08,292.12,69.41,151.14,0.6871,-1,-1,-1
648,86,417.59,447.18,80.27,166.56,0.8786,-1,-1,-1
648,88,899.87,108.23,57.04,149.57,0.5954,-1,-1,-1
649,7,897.43,343.58,91.89,150.56,0.6881,-1,-1,-1
649,40,688.68,171.20,63.96,126.05,0.7792,-1,-1,-1
649,62,568.07,382.49,86.61,143.23,0.7795,-1,-1,-1
649,69,1159.91,115.51,68.46,131.68,0.7335,-1,-1,-1
649,73,807.85,228.27,74.64,139.24,0.7900,-1,-1,-1
649,74,82.40,369.15,68.13,172.88,0.7663,-1,-1,-1
649,79,636.91,496.00,72.86,125.57,0.7826,-1,-1,-1
649,80,723.67,295.54,67.27,146.97,0.6183,-1,-1,-1
649,81,267.66,292.41,68.20,149.66,0.6341,-1,-1,-1
649,86,418.90,448.12,82.72,166.33,0.8497,-1,-1,-1
649,88,910.04,114.33,54.57,143.40,0.5774,-1,-1,-1
650,7,900.29,343.42,92.27,153.12,0.7603,-1,-1,-1
650,40,695.97,173.59,64.01,122.73,0.6925,-1,-1,-1
650,62,564.16,383.33,86.19,142.21,0.7432,-1,-1,-1
650,69,1164.50,116.08,68.23,130.80,0.7662,-1,-1,-1
650,73,807.03,228.14,72.23,136.68,0.7983,-1,-1,-1
650,74,84.54,370.00,68.95,176.02,0.7767,-1,-1,-1
650,79,643.49,495.88,73.01,125.81,0.7782,-1,-1,-1
650,81,270.37,292.30,67.45,149.81,0.6177,-1,-1,-1
650,86,418.56,448.03,84.87,166.77,0.8591,-1,-1,-1
650,88,918.51,115.89,54.15,143.37,0.6499,-1,-1,-1
651,7,904.86,343.11,91.99,154.85,0.6593,-1,-1,-1
651,40,701.18,179.17,63.26,117.02,0.6981,-1,-1,-1
651,62,559.79,384.12,86.58,140.55,0.8065,-1,-1,-1
651,69,1166.48,114.98,68.69,131.93,0.7359,-1,-1,-1
651,73,805.21,229.00,70.41,134.98,0.7352,-1,-1,-1
651,74,87.70,370.40,68.50,177.15,0.7450,-1,-1,-1
651,79,649.53,496.22,72.62,125.26,0.7883,-1,-1,-1
651,81,272.41,290.69,67.19,151.65,0.6130,-1,-1,-1
651,86,418.96,447.77,86.45,167.21,0.8465,-1,-1,-1
651,88,924.60,112.50,54.87,147.14,0.6606,-1,-1,-1
652,7,913.49,342.22,90.13,156.31,0.7333,-1,-1,-1
652,40,707.49,182.15,65.76,115.79,0.6907,-1,-1,-1
652,62,555.59,384.30,89.15,141.26,0.8277,-1,-1,-1
652,69,1169.13,113.75,68.43,133.13,0.7393,-1,-1,-1
652,73,802.48,231.03,67.89,130.92,0.7236,-1,-1,-1
652,74,91.22,369.75,68.26,179.45,0.7500,-1,-1,-1
652,79,655.05,496.73,72.38,124.69,0.8314,-1,-1,-1
652,81,276.71,292.94,61.81,141.05,0.5656,-1,-1,-1
652,86,417.73,447.72,87.54,168.50,0.8624,-1,-1,-1
652,88,930.30,111.94,54.43,148.14,0.6779,-1,-1,-1
653,7,919.97,340.60,88.32,157.94,0.8044,-1,-1,-1
653,40,716.93,191.99,66.38,107.45,0.6152,-1,-1,-1
653,62,554.24,385.42,91.20,141.24,0.8303,-1,-1,-1
653,69,1172.64,115.23,67.47,131.96,0.6219,-1,-1,-1
653,74,95.79,372.12,67.20,179.01,0.8160,-1,-1,-1
653,79,663.00,499.81,72.12,123.42,0.7991,-1,-1,-1
653,81,279.65,299.21,59.70,137.70,0.5922,-1,-1,-1
653,86,417.34,445.06,88.84,170.59,0.8435,-1,-1,-1
653,88,939.25,123.22,52.38,142.78,0.5865,-1,-1,-1
654,7,923.76,341.20,85.48,156.94,0.7415,-1,-1,-1
654,69,1175.42,116.46,65.64,130.24,0.5901,-1,-1,-1
654,74,101.05,372.62,65.65,175.38,0.7047,-1,-1,-1
654,79,668.83,502.01,70.92,120.74,0.7370,-1,-1,-1
654,86,415.39,442.99,88.86,171.96,0.8005,-1,-1,-1
655,7,925.08,340.95,83.41,156.05,0.7769,-1,-1,-1
655,62,552.80,384.35,93.52,142.34,0.8287,-1,-1,-1
655,69,1174.14,117.20,64.73,129.04,0.6655,-1,-1,-1
655,74,100.46,373.32,65.27,176.90,0.7598,-1,-1,-1
655,79,671.80,502.55,71.70,121.47,0.7652,-1,-1,-1
655,80,691.92,280.32,71.25,152.20,0.6085,-1,-1,-1
655,81,281.03,301.63,58.37,136.38,0.7202,-1,-1,-1
655,86,413.05,441.62,88.90,172.18,0.7562,-1,-1,-1
655,88,941.18,128.20,53.71,144.27,0.5859,-1,-1,-1
656,7,924.06,341.60,81.60,153.58,0.8035,-1,-1,-1
656,62,549.64,382.47,94.57,143.36,0.8236,-1,-1,-1
656,69,1172.24,117.46,64.21,128.02,0.6848,-1,-1,-1
656,74,100.86,373.67,64.54,176.49,0.7760,-1,-1,-1
656,79,674.92,502.84,71.85,121.39,0.7421,-1,-1,-1
656,80,688.92,277.28,72.86,153.48,0.6026,-1,-1,-1
656,81,281.54,302.37,57.72,136.33,0.7319,-1,-1,-1
656,86,410.72,440.92,89.35,172.69,0.7333,-1,-1,-1
657,7,924.84,342.79,80.09,151.53,0.7514,-1,-1,-1
657,62,545.96,381.89,94.44,144.03,0.8094,-1,-1,-1
657,69,1171.04,113.53,65.33,129.59,0.6536,-1,-1,-1
657,74,100.74,373.56,64.01,176.16,0.8210,-1,-1,-1
657,79,677.58,502.97,71.86,121.16,0.7723,-1,-1,-1
657,80,684.99,272.50,74.68,157.35,0.7878,-1,-1,-1
657,81,282.04,301.68,57.66,137.75,0.7312,-1,-1,-1
657,86,408.91,440.63,89.53,172.76,0.7344,-1,-1,-1
658,7,929.97,348.65,76.98,146.24,0.7686,-1,-1,-1
658,62,536.98,378.20,95.15,149.01,0.8121,-1,-1,-1
658,69,1168.51,117.65,63.66,124.65,0.6430,-1,-1,-1
658,74,98.20,373.60,63.60,175.68,0.7997,-1,-1,-1
658,79,681.29,502.58,71.71,120.99,0.7897,-1,-1,-1
658,80,682.36,266.37,76.02,162.04,0.6272,-1,-1,-1
658,81,282.23,296.75,59.15,143.06,0.7043,-1,-1,-1
658,86,407.33,439.98,90.04,172.40,0.6191,-1,-1,-1
659,7,934.44,352.73,74.48,141.92,0.8367,-1,-1,-1
659,62,531.47,376.50,94.80,153.17,0.7684,-1,-1,-1
659,69,1164.22,115.23,65.20,126.09,0.6168,-1,-1,-1
659,74,96.99,374.31,62.85,174.68,0.7921,-1,-1,-1
659,79,683.92,502.33,72.05,121.26,0.8104,-1,-1,-1
659,81,282.72,294.22,59.42,145.26,0.6705,-1,-1,-1
659,86,405.32,440.03,90.45,171.51,0.6548,-1,-1,-1
660,7,937.12,356.17,72.87,138.83,0.8961,-1,-1,-1
660,62,527.65,376.10,94.12,156.92,0.7988,-1,-1,-1
660,69,1161.52,116.20,65.20,125.02,0.6692,-1,-1,-1
660,74,95.32,376.16,61.92,173.02,0.7928,-1,-1,-1
660,79,687.05,502.51,71.66,120.57,0.8085,-1,-1,-1
660,81,283.18,291.06,59.97,148.32,0.5842,-1,-1,-1
660,86,403.77,440.43,91.14,171.11,0.6584,-1,-1,-1
661,7,939.22,359.37,71.88,136.19,0.8829,-1,-1,-1
661,62,526.00,376.42,92.99,159.89,0.7908,-1,-1,-1
661,74,93.64,378.09,61.17,171.43,0.7931,-1,-1,-1
661,79,689.93,502.09,71.84,120.95,0.7956,-1,-1,-1
661,86,400.07,439.60,93.29,172.19,0.7249,-1,-1,-1
661,91,831.78,365.70,111.86,106.36,0.6696,-1,-1,-1
662,7,940.90,360.60,71.58,134.44,0.8801,-1,-1,-1
662,62,524.48,378.47,91.60,161.82,0.7897,-1,-1,-1
662,74,92.32,379.53,60.92,171.00,0.8069,-1,-1,-1
662,79,692.60,502.02,71.74,120.78,0.7971,-1,-1,-1
662,86,397.46,439.81,95.49,172.93,0.7312,-1,-1,-1
662,91,837.17,368.76,108.27,103.19,0.6897,-1,-1,-1
663,7,940.83,358.62,73.43,137.67,0.8797,-1,-1,-1
663,62,523.07,381.82,87.64,159.05,0.7661,-1,-1,-1
663,69,1157.10,117.47,67.40,127.24,0.6188,-1,-1,-1
663,74,89.74,381.46,61.05,171.79,0.8101,-1,-1,-1
663,79,696.16,501.31,72.01,121.19,0.7963,-1,-1,-1
663,86,394.13,441.85,97.58,172.82,0.6767,-1,-1,-1
663,88,972.91,144.72,53.84,140.70,0.5840,-1,-1,-1
663,91,837.05,373.56,105.76,100.70,0.7851,-1,-1,-1
664,7,940.52,356.63,74.29,139.93,0.8675,-1,-1,-1
664,62,522.81,383.41,85.02,157.93,0.7860,-1,-1,-1
664,69,1155.75,116.98,68.64,128.14,0.6672,-1,-1,-1
664,74,88.20,384.65,60.67,171.38,0.8029,-1,-1,-1
664,79,698.78,500.48,72.15,121.31,0.8125,-1,-1,-1
664,81,283.87,291.02,62.78,155.95,0.5761,-1,-1,-1
664,86,389.58,443.09,98.51,172.00,0.6102,-1,-1,-1
664,88,971.64,142.37,55.69,144.78,0.5929,-1,-1,-1
664,91,839.78,375.63,103.42,98.38,0.7357,-1,-1,-1
664,92,814.92,185.92,44.83,114.49,0.6815,-1,-1,-1
665,7,943.06,354.53,75.21,142.00,0.8360,-1,-1,-1
665,62,522.39,384.02,83.04,157.24,0.7830,-1,-1,-1
665,69,1153.99,114.55,70.64,131.10,0.7170,-1,-1,-1
665,74,87.32,385.96,60.73,172.56,0.7985,-1,-1,-1
665,79,700.53,500.68,72.23,120.84,0.8094,-1,-1,-1
665,81,283.18,292.11,62.83,156.77,0.5876,-1,-1,-1
665,86,377.27,444.44,96.61,171.07,0.6343,-1,-1,-1
665,88,973.02,142.63,55.26,142.73,0.6400,-1,-1,-1
665,91,844.13,376.83,100.98,96.43,0.6889,-1,-1,-1
665,92,820.46,189.76,45.80,115.97,0.6635,-1,-1,-1
665,93,723.00,214.63,58.46,152.19,0.6461,-1,-1,-1
666,7,946.92,351.96,77.54,145.62,0.7476,-1,-1,-1
666,62,521.26,384.41,81.33,156.75,0.7788,-1,-1,-1
666,69,1152.96,113.50,71.58,132.74,0.7271,-1,-1,-1
666,74,87.18,385.01,60.98,174.33,0.8292,-1,-1,-1
666,79,701.67,501.02,72.43,120.61,0.7940,-1,-1,-1
666,80,662.59,267.17,69.32,149.29,0.5564,-1,-1,-1
666,81,282.73,293.84,62.59,156.91,0.6291,-1,-1,-1
666,86,368.08,446.03,93.84,171.07,0.6894,-1,-1,-1
666,88,974.07,143.63,55.90,143.32,0.7240,-1,-1,-1
666,91,840.54,376.44,102.79,98.08,0.7464,-1,-1,-1
666,93,716.36,213.94,56.86,147.52,0.6822,-1,-1,-1
667,7,951.64,349.12,78.92,146.36,0.6604,-1,-1,-1
667,62,518.41,384.30,80.17,156.87,0.8046,-1,-1,-1
667,69,1153.09,116.87,69.86,129.35,0.6976,-1,-1,-1
667,74,86.91,385.00,61.10,175.65,0.8149,-1,-1,-1
667,79,702.85,502.07,72.47,120.01,0.8007,-1,-1,-1
667,81,281.85,295.46,62.38,157.39,0.6481,-1,-1,-1
667,86,364.93,446.76,91.16,170.78,0.5507,-1,-1,-1
667,88,978.33,146.62,57.24,142.71,0.7614,-1,-1,-1
667,91,846.33,375.77,101.32,97.78,0.5591,-1,-1,-1
667,93,710.11,213.88,58.89,152.45,0.7358,-1,-1,-1
668,7,952.93,346.74,79.40,143.86,0.5769,-1,-1,-1
668,62,511.45,383.43,80.73,158.59,0.8587,-1,-1,-1
668,69,1150.42,115.25,69.77,130.15,0.6460,-1,-1,-1
668,74,86.29,385.76,60.99,175.80,0.8172,-1,-1,-1
668,79,703.28,503.06,72.47,119.35,0.7916,-1,-1,-1
668,81,280.23,298.65,61.47,156.09,0.6772,-1,-1,-1
668,86,379.74,447.08,94.73,171.12,0.6287,-1,-1,-1
668,88,981.62,147.52,60.57,147.81,0.8231,-1,-1,-1
668,93,703.35,217.44,58.21,150.39,0.6564,-1,-1,-1
669,62,505.44,383.33,80.74,157.68,0.8587,-1,-1,-1
669,69,1146.77,109.41,71.58,135.78,0.6384,-1,-1,-1
669,74,86.17,386.82,60.69,175.58,0.8022,-1,-1,-1
669,79,702.89,503.53,72.75,119.30,0.7815,-1,-1,-1
669,81,279.62,301.24,60.14,153.88,0.6635,-1,-1,-1
669,86,384.44,447.03,97.61,170.77,0.6021,-1,-1,-1
669,88,984.82,151.39,62.58,147.48,0.8353,-1,-1,-1
669,91,840.76,368.94,111.29,109.04,0.6128,-1,-1,-1
669,93,700.81,219.76,56.56,146.09,0.6465,-1,-1,-1
670,62,501.19,383.44,80.73,156.34,0.8674,-1,-1,-1
670,69,1143.83,107.42,70.40,136.97,0.6205,-1,-1,-1
670,74,86.10,387.59,60.43,175.68,0.7922,-1,-1,-1
670,79,702.77,503.91,72.88,118.88,0.7952,-1,-1,-1
670,81,278.91,302.22,59.46,153.42,0.6465,-1,-1,-1
670,88,987.42,158.05,63.52,143.53,0.8454,-1,-1,-1
670,91,839.91,365.51,114.15,113.73,0.6519,-1,-1,-1
670,93,695.84,220.72,58.49,151.38,0.6258,-1,-1,-1
671,7,965.23,349.53,76.81,125.98,0.5913,-1,-1,-1
671,62,498.30,384.18,81.43,156.44,0.8622,-1,-1,-1
671,69,1142.55,108.08,68.09,136.28,0.5787,-1,-1,-1
671,74,85.74,388.75,60.41,176.30,0.7807,-1,-1,-1
671,79,702.81,505.00,72.66,117.78,0.8044,-1,-1,-1
671,81,278.17,303.16,58.56,152.50,0.6293,-1,-1,-1
671,86,382.35,447.74,101.20,172.14,0.5512,-1,-1,-1
671,88,988.42,159.73,66.98,146.03,0.8440,-1,-1,-1
671,91,841.65,363.20,112.92,114.54,0.5641,-1,-1,-1
671,94,856.58,187.52,74.17,134.51,0.6019,-1,-1,-1
672,62,494.81,384.04,82.74,157.61,0.8635,-1,-1,-1
672,74,85.72,391.04,59.93,175.37,0.7883,-1,-1,-1
672,79,702.16,506.42,72.46,116.53,0.8081,-1,-1,-1
672,81,276.71,302.97,58.02,152.92,0.6247,-1,-1,-1
672,86,380.13,447.78,104.10,172.84,0.6689,-1,-1,-1
672,88,988.42,160.43,70.58,149.04,0.8606,-1,-1,-1
672,94,858.85,188.65,74.18,134.53,0.6065,-1,-1,-1
673,7,951.01,354.49,77.32,118.67,0.7258,-1,-1,-1
673,62,490.38,385.36,84.15,158.80,0.8732,-1,-1,-1
673,74,84.85,393.43,60.36,176.59,0.7879,-1,-1,-1
673,79,701.55,508.59,71.86,115.05,0.7686,-1,-1,-1
673,81,274.00,302.41,58.21,155.91,0.5974,-1,-1,-1
673,88,989.14,161.69,74.69,152.61,0.8460,-1,-1,-1
673,91,848.15,361.01,114.90,120.08,0.6568,-1,-1,-1
673,93,667.78,220.36,67.56,173.73,0.7226,-1,-1,-1
673,94,867.73,188.72,74.69,136.15,0.7054,-1,-1,-1
674,7,938.31,354.34,81.95,119.96,0.7173,-1,-1,-1
674,62,487.97,386.76,85.26,159.46,0.8908,-1,-1,-1
674,74,84.19,394.91,60.59,177.35,0.7856,-1,-1,-1
674,79,701.01,510.11,71.48,113.94,0.7492,-1,-1,-1
674,86,357.52,450.43,97.34,167.84,0.5542,-1,-1,-1
674,88,990.14,162.63,78.05,154.93,0.7885,-1,-1,-1
674,91,851.59,360.63,113.33,121.45,0.5957,-1,-1,-1
674,93,662.17,218.23,68.88,176.01,0.7427,-1,-1,-1
674,94,877.88,191.08,72.78,133.45,0.7160,-1,-1,-1
675,7,932.24,354.09,84.46,122.65,0.7228,-1,-1,-1
675,62,486.42,387.19,86.49,160.08,0.8896,-1,-1,-1
675,74,84.82,396.96,61.29,177.82,0.7885,-1,-1,-1
675,79,699.96,510.88,71.42,113.17,0.7504,-1,-1,-1
675,81,272.64,309.27,55.61,150.45,0.5909,-1,-1,-1
675,88,991.54,163.89,80.87,156.90,0.6466,-1,-1,-1
675,91,850.32,359.88,111.46,122.78,0.5863,-1,-1,-1
675,93,659.19,216.14,69.26,176.81,0.7299,-1,-1,-1
675,94,884.50,190.04,72.81,134.64,0.7406,-1,-1,-1
676,7,928.47,354.10,85.77,123.80,0.7570,-1,-1,-1
676,62,485.11,385.96,87.36,159.22,0.8863,-1,-1,-1
676,74,85.13,397.18,62.70,179.74,0.7937,-1,-1,-1
676,79,699.28,511.35,71.02,112.03,0.7594,-1,-1,-1
676,81,271.88,310.20,55.18,150.52,0.5834,-1,-1,-1
676,86,364.75,451.06,98.12,167.14,0.5765,-1,-1,-1
676,88,993.98,164.77,81.36,156.50,0.6298,-1,-1,-1
676,91,848.50,358.67,109.73,124.51,0.6773,-1,-1,-1
676,93,653.60,214.36,68.54,176.35,0.6613,-1,-1,-1
676,94,889.59,188.85,74.93,139.59,0.6668,-1,-1,-1
677,7,926.84,354.20,86.54,124.21,0.7326,-1,-1,-1
677,62,484.13,385.51,87.28,156.62,0.8823,-1,-1,-1
677,74,84.97,398.53,63.92,180.01,0.8084,-1,-1,-1
677,79,698.09,511.59,70.32,110.37,0.7794,-1,-1,-1
677,81,270.71,308.81,55.64,152.37,0.6390,-1,-1,-1
677,86,348.08,452.17,103.35,167.68,0.6346,-1,-1,-1
677,88,1000.40,165.43,81.73,156.01,0.7119,-1,-1,-1
677,91,847.05,355.66,108.15,126.84,0.6698,-1,-1,-1
677,93,648.59,210.26,69.41,179.91,0.7258,-1,-1,-1
677,94,888.65,190.17,69.47,131.65,0.5571,-1,-1,-1
678,7,927.48,354.82,87.59,123.67,0.7402,-1,-1,-1
678,62,478.10,382.85,87.94,156.49,0.8574,-1,-1,-1
678,74,83.92,400.78,65.30,180.49,0.8109,-1,-1,-1
678,79,694.69,512.42,70.37,110.15,0.8208,-1,-1,-1
678,81,268.42,309.25,55.87,152.93,0.6626,-1,-1,-1
678,86,334.12,451.64,108.80,169.67,0.7023,-1,-1,-1
678,88,1013.45,165.31,81.34,155.43,0.6326,-1,-1,-1
678,91,843.90,351.09,109.42,132.43,0.6929,-1,-1,-1
678,93,641.36,202.78,69.16,181.84,0.7414,-1,-1,-1
678,94,894.67,192.75,74.28,139.05,0.7356,-1,-1,-1
679,7,929.57,356.09,91.14,125.25,0.7537,-1,-1,-1
679,62,472.50,381.27,88.11,156.69,0.8578,-1,-1,-1
679,69,1122.38,112.97,65.00,134.21,0.6060,-1,-1,-1
679,74,81.75,402.51,66.30,180.75,0.7926,-1,-1,-1
679,79,691.20,512.30,70.98,111.06,0.8141,-1,-1,-1
679,81,266.67,312.28,55.66,151.07,0.6913,-1,-1,-1
679,86,340.78,451.59,109.00,170.12,0.6327,-1,-1,-1
679,88,1022.70,166.45,80.84,155.06,0.7569,-1,-1,-1
679,91,842.26,349.30,107.76,134.93,0.7265,-1,-1,-1
679,93,636.27,199.09,69.66,185.17,0.7198,-1,-1,-1
679,94,895.28,196.11,77.50,141.73,0.7725,-1,-1,-1
680,7,929.41,356.37,92.79,124.43,0.7406,-1,-1,-1
680,62,468.25,380.70,87.67,155.82,0.8336,-1,-1,-1
680,69,1119.96,113.30,63.20,134.22,0.6751,-1,-1,-1
680,74,77.23,404.10,67.20,180.50,0.7809,-1,-1,-1
680,79,688.88,512.94,69.42,108.16,0.8212,-1,-1,-1
680,81,263.10,307.63,56.80,154.26,0.7394,-1,-1,-1
680,88,1026.13,167.02,80.88,156.56,0.7380,-1,-1,-1
680,91,838.58,348.02,105.75,137.05,0.6439,-1,-1,-1
680,93,629.95,196.09,69.62,186.59,0.7673,-1,-1,-1
680,94,894.30,199.53,80.28,142.81,0.7667,-1,-1,-1
681,7,927.52,356.86,98.66,130.10,0.8272,-1,-1,-1
681,62,463.77,380.42,86.98,155.15,0.8166,-1,-1,-1
681,69,1115.40,112.57,62.85,135.97,0.6092,-1,-1,-1
681,74,72.12,403.94,67.99,179.71,0.7788,-1,-1,-1
681,79,684.46,513.30,69.97,108.50,0.7927,-1,-1,-1
681,81,259.93,308.95,56.58,153.17,0.7487,-1,-1,-1
681,88,1027.03,166.91,81.56,159.54,0.7356,-1,-1,-1
681,91,832.59,346.07,105.46,140.41,0.7225,-1,-1,-1
681,93,623.79,194.52,69.28,186.63,0.7592,-1,-1,-1
681,94,891.74,202.28,83.24,144.03,0.7572,-1,-1,-1
682,7,931.33,359.14,92.77,117.78,0.8058,-1,-1,-1
682,62,456.51,380.75,86.47,155.09,0.8604,-1,-1,-1
682,69,1111.54,112.25,61.14,134.49,0.5582,-1,-1,-1
682,74,67.81,405.03,68.91,179.51,0.7485,-1,-1,-1
682,79,680.30,513.97,69.38,107.57,0.7738,-1,-1,-1
682,81,253.56,309.52,57.42,155.97,0.7049,-1,-1,-1
682,88,1026.14,168.67,81.64,161.75,0.7238,-1,-1,-1
682,91,827.07,343.68,104.48,141.39,0.6418,-1,-1,-1
682,93,615.94,192.09,69.19,185.67,0.7991,-1,-1,-1
682,94,890.63,204.26,85.78,143.58,0.7533,-1,-1,-1
683,7,933.95,362.85,96.86,121.15,0.7860,-1,-1,-1
683,62,445.35,380.35,86.34,156.54,0.8366,-1,-1,-1
683,69,1103.92,111.10,58.93,134.94,0.5567,-1,-1,-1
683,74,60.31,407.87,69.49,176.36,0.8102,-1,-1,-1
683,79,672.11,514.39,68.91,106.71,0.7330,-1,-1,-1
683,81,242.64,308.90,57.85,156.31,0.7563,-1,-1,-1
683,86,314.87,452.50,104.59,168.82,0.6747,-1,-1,-1
683,88,1021.46,171.71,80.30,163.60,0.6424,-1,-1,-1
683,93,597.85,191.01,71.12,187.85,0.7698,-1,-1,-1
684,7,940.87,365.81,91.60,109.83,0.7090,-1,-1,-1
684,62,437.18,378.60,87.27,159.17,0.7703,-1,-1,-1
684,74,52.88,408.50,70.75,176.18,0.7990,-1,-1,-1
684,79,664.06,514.21,68.90,106.80,0.8191,-1,-1,-1
684,81,231.70,307.62,57.51,155.53,0.7849,-1,-1,-1
684,86,309.08,453.14,101.92,169.52,0.5562,-1,-1,-1
684,93,582.77,189.26,73.19,189.43,0.7952,-1,-1,-1
685,7,937.52,366.03,99.47,114.85,0.8063,-1,-1,-1
685,62,426.30,376.88,87.61,160.60,0.8661,-1,-1,-1
685,69,1076.24,110.26,59.23,133.34,0.5969,-1,-1,-1
685,74,44.53,411.28,71.19,173.00,0.7594,-1,-1,-1
685,79,656.92,512.35,69.69,108.44,0.7898,-1,-1,-1
685,81,221.05,306.23,58.34,157.83,0.7736,-1,-1,-1
685,86,307.27,451.88,102.20,169.83,0.5686,-1,-1,-1
685,88,1006.86,176.30,80.46,164.48,0.5975,-1,-1,-1
685,93,567.46,187.03,76.84,196.26,0.7526,-1,-1,-1
686,7,935.84,366.42,101.42,110.11,0.7782,-1,-1,-1
686,62,416.37,375.10,87.17,160.61,0.8652,-1,-1,-1
686,69,1069.53,107.10,59.01,136.15,0.5898,-1,-1,-1
686,74,36.19,411.55,71.94,173.48,0.6997,-1,-1,-1
686,79,648.34,511.83,70.05,109.87,0.7709,-1,-1,-1
686,81,209.95,304.77,58.70,157.91,0.7956,-1,-1,-1
686,88,1000.26,179.69,78.89,162.85,0.5597,-1,-1,-1
686,92,866.87,209.10,53.22,118.59,0.5864,-1,-1,-1
686,93,552.81,184.52,79.47,200.46,0.7612,-1,-1,-1
687,7,930.52,365.20,107.38,109.81,0.7888,-1,-1,-1
687,62,406.54,374.67,86.48,159.87,0.8442,-1,-1,-1
687,69,1059.11,106.13,57.95,135.09,0.6015,-1,-1,-1
687,74,29.15,408.43,72.87,175.52,0.7572,-1,-1,-1
687,79,639.69,511.31,69.90,110.13,0.7120,-1,-1,-1
687,81,198.69,304.07,58.39,156.28,0.7713,-1,-1,-1
687,86,285.60,452.09,100.72,169.78,0.6681,-1,-1,-1
687,88,989.13,180.15,80.05,165.07,0.7627,-1,-1,-1
687,93,540.31,182.90,75.90,187.84,0.7777,-1,-1,-1
688,7,926.22,362.49,119.57,113.04,0.5932,-1,-1,-1
688,62,388.39,372.22,86.63,161.34,0.8808,-1,-1,-1
688,69,1043.25,103.63,58.52,134.27,0.6538,-1,-1,-1
688,74,15.86,408.31,72.20,175.42,0.6169,-1,-1,-1
688,79,624.39,509.27,70.58,112.32,0.7429,-1,-1,-1
688,81,180.45,302.87,58.29,156.62,0.7606,-1,-1,-1
688,86,258.51,452.09,96.24,169.40,0.5693,-1,-1,-1
688,88,982.01,184.78,78.37,163.24,0.7250,-1,-1,-1
688,93,517.82,177.54,76.89,190.02,0.7506,-1,-1,-1
689,7,920.20,361.16,131.00,115.48,0.7664,-1,-1,-1
689,62,376.61,371.31,86.77,162.10,0.8610,-1,-1,-1
689,74,4.07,409.07,72.55,177.33,0.7705,-1,-1,-1
689,79,613.57,506.60,71.27,114.73,0.7584,-1,-1,-1
689,81,167.75,302.86,57.72,155.20,0.7290,-1,-1,-1
689,86,241.37,451.54,92.86,169.30,0.7030,-1,-1,-1
689,92,858.17,217.67,56.97,120.60,0.6668,-1,-1,-1
689,93,500.26,171.88,78.66,195.61,0.7292,-1,-1,-1
690,7,914.05,361.01,139.93,116.03,0.8242,-1,-1,-1
690,62,365.86,370.45,86.92,163.19,0.8316,-1,-1,-1
690,69,1016.06,109.51,58.29,126.66,0.5590,-1,-1,-1
690,74,0.00,410.64,67.94,175.54,0.7898,-1,-1,-1
690,79,605.26,506.41,69.84,113.57,0.7149,-1,-1,-1
690,81,158.19,302.23,57.92,156.41,0.7395,-1,-1,-1
690,86,229.10,450.90,90.82,170.56,0.6042,-1,-1,-1
690,88,969.79,189.67,74.55,156.25,0.6909,-1,-1,-1
690,92,849.02,229.81,58.54,114.64,0.6054,-1,-1,-1
690,93,486.89,168.04,77.15,193.65,0.7592,-1,-1,-1
691,7,908.71,361.60,148.00,116.47,0.7165,-1,-1,-1
691,62,356.40,369.78,85.92,162.48,0.8142,-1,-1,-1
691,69,1005.79,111.09,59.71,123.73,0.7106,-1,-1,-1
691,74,0.00,412.82,59.32,171.27,0.6436,-1,-1,-1
691,79,597.01,505.22,70.51,116.02,0.7823,-1,-1,-1
691,81,147.85,301.26,57.66,156.46,0.7932,-1,-1,-1
691,86,221.49,452.68,87.41,168.57,0.6984,-1,-1,-1
691,88,961.40,193.19,72.70,153.45,0.7200,-1,-1,-1
691,91,797.89,343.78,82.32,105.52,0.5831,-1,-1,-1
691,93,474.51,165.97,75.64,192.61,0.7807,-1,-1,-1
692,7,901.45,362.16,154.63,117.35,0.7261,-1,-1,-1
692,62,347.75,369.46,84.80,161.15,0.7877,-1,-1,-1
692,69,1000.27,111.90,60.48,123.69,0.6486,-1,-1,-1
692,74,0.00,414.86,53.29,166.35,0.6387,-1,-1,-1
692,79,589.30,505.02,70.05,116.68,0.7075,-1,-1,-1
692,81,139.55,301.97,56.71,155.29,0.7751,-1,-1,-1
692,86,211.64,453.19,85.00,168.59,0.6088,-1,-1,-1
692,88,957.06,189.71,72.59,155.87,0.7678,-1,-1,-1
692,92,835.65,232.69,66.51,119.18,0.6168,-1,-1,-1
692,93,461.06,163.81,77.23,200.98,0.7318,-1,-1,-1
693,7,899.67,362.91,152.69,114.72,0.5504,-1,-1,-1
693,62,335.80,369.04,84.23,161.86,0.7337,-1,-1,-1
693,79,573.23,506.04,78.87,134.93,0.6217,-1,-1,-1
693,81,125.57,303.05,56.39,154.95,0.8176,-1,-1,-1
693,86,197.94,456.03,81.48,165.16,0.5902,-1,-1,-1
693,88,952.64,187.40,72.01,158.58,0.5982,-1,-1,-1
693,93,440.92,164.20,76.45,200.79,0.6166,-1,-1,-1
694,7,903.92,363.21,153.56,115.11,0.7300,-1,-1,-1
694,62,326.85,368.43,83.31,161.55,0.7532,-1,-1,-1
694,79,563.36,506.63,80.71,142.30,0.6769,-1,-1,-1
694,81,115.04,303.35,57.26,157.09,0.8053,-1,-1,-1
694,86,188.17,456.47,79.01,163.94,0.5652,-1,-1,-1
694,93,431.04,190.67,67.62,174.57,0.7330,-1,-1,-1
695,7,909.93,361.96,150.06,115.14,0.7933,-1,-1,-1
695,62,320.18,368.49,81.30,159.45,0.7098,-1,-1,-1
695,79,557.66,506.83,79.82,144.46,0.6721,-1,-1,-1
695,81,106.72,303.11,57.40,157.32,0.8092,-1,-1,-1
695,86,179.69,456.58,77.83,165.47,0.6576,-1,-1,-1
695,88,942.69,183.55,72.13,161.56,0.5672,-1,-1,-1
695,93,420.67,207.70,62.42,157.21,0.7701,-1,-1,-1
696,7,912.55,360.14,151.13,118.99,0.8524,-1,-1,-1
696,62,313.42,368.47,81.39,160.89,0.6942,-1,-1,-1
696,79,556.48,506.44,71.15,130.31,0.6242,-1,-1,-1
696,81,99.44,304.47,58.37,159.60,0.7657,-1,-1,-1
696,86,173.69,456.37,77.96,169.81,0.5778,-1,-1,-1
696,88,939.68,185.28,70.28,159.40,0.6906,-1,-1,-1
696,93,411.78,212.61,62.21,153.05,0.7890,-1,-1,-1
697,7,911.44,359.87,153.69,124.99,0.8486,-1,-1,-1
697,62,308.57,369.73,79.78,158.88,0.7879,-1,-1,-1
697,79,554.00,506.77,67.06,124.57,0.5542,-1,-1,-1
697,81,91.30,306.29,61.07,166.52,0.7840,-1,-1,-1
697,88,934.59,175.36,74.67,171.42,0.6511,-1,-1,-1
697,93,402.92,215.26,61.94,149.74,0.8005,-1,-1,-1
698,7,898.05,355.02,158.94,135.09,0.8160,-1,-1,-1
698,62,300.02,370.11,78.94,158.06,0.7481,-1,-1,-1
698,79,548.96,505.85,66.07,124.35,0.5612,-1,-1,-1
698,81,83.90,309.10,58.00,156.25,0.7195,-1,-1,-1
698,88,937.50,189.49,71.69,161.55,0.6893,-1,-1,-1
698,92,796.24,223.51,113.06,216.92,0.7122,-1,-1,-1
698,93,387.11,215.49,62.71,149.11,0.6974,-1,-1,-1
699,7,893.65,352.85,159.92,141.27,0.8564,-1,-1,-1
699,62,294.65,369.98,77.93,157.36,0.7432,-1,-1,-1
699,69,939.44,111.84,61.23,121.02,0.5683,-1,-1,-1
699,79,545.70,504.25,65.12,123.89,0.5537,-1,-1,-1
699,81,80.34,309.92,56.97,151.36,0.7586,-1,-1,-1
699,88,939.57,202.17,68.68,151.80,0.7667,-1,-1,-1
699,93,378.27,215.85,62.97,148.85,0.7682,-1,-1,-1
700,7,892.08,352.57,159.55,145.89,0.8656,-1,-1,-1
700,62,291.20,370.28,77.52,157.24,0.6994,-1,-1,-1
700,79,544.62,504.58,63.08,120.71,0.5608,-1,-1,-1
700,81,77.30,309.43,56.81,148.59,0.8157,-1,-1,-1
700,88,936.56,201.83,70.54,155.01,0.6090,-1,-1,-1
700,93,368.97,215.86,63.26,149.94,0.7704,-1,-1,-1
700,97,346.77,162.92,54.81,141.35,0.5543,-1,-1,-1
701,7,890.25,351.95,156.36,148.28,0.8456,-1,-1,-1
701,62,288.53,370.09,77.23,156.49,0.7239,-1,-1,-1
701,79,543.64,503.77,62.41,120.19,0.6405,-1,-1,-1
701,81,74.41,309.74,56.44,145.58,0.7646,-1,-1,-1
701,93,361.81,214.63,62.70,150.78,0.7168,-1,-1,-1
701,97,340.36,159.42,56.36,145.60,0.6494,-1,-1,-1
702,7,890.52,349.55,150.77,148.56,0.8670,-1,-1,-1
702,62,286.97,370.03,76.52,155.03,0.6904,-1,-1,-1
702,79,543.22,502.58,62.05,120.85,0.6158,-1,-1,-1
702,81,72.64,310.30,56.01,142.38,0.7430,-1,-1,-1
702,88,930.91,220.30,64.05,140.53,0.5667,-1,-1,-1
702,93,356.03,212.33,61.83,151.38,0.6555,-1,-1,-1
702,97,336.89,155.07,57.07,147.96,0.6147,-1,-1,-1
702,98,835.56,331.12,59.19,136.67,0.5591,-1,-1,-1
703,7,893.43,347.20,143.60,148.19,0.7060,-1,-1,-1
703,62,288.44,369.86,75.16,151.61,0.7796,-1,-1,-1
703,69,922.53,116.20,64.45,127.65,0.6245,-1,-1,-1
703,79,543.95,499.68,61.88,123.05,0.5685,-1,-1,-1
703,81,71.91,312.05,56.03,141.36,0.7460,-1,-1,-1
703,88,923.70,228.27,60.88,133.70,0.5644,-1,-1,-1
703,93,348.59,211.29,60.84,152.83,0.7403,-1,-1,-1
703,97,327.59,155.12,58.38,152.37,0.5726,-1,-1,-1
703,98,840.23,332.51,60.73,140.43,0.6461,-1,-1,-1
704,7,894.78,343.64,138.89,150.28,0.6820,-1,-1,-1
704,62,291.18,369.60,74.34,149.21,0.8228,-1,-1,-1
704,69,917.51,117.14,64.79,128.71,0.7165,-1,-1,-1
704,79,543.91,497.24,62.26,127.38,0.6001,-1,-1,-1
704,81,72.26,312.42,55.75,139.47,0.7569,-1,-1,-1
704,88,918.35,229.66,61.82,136.33,0.5721,-1,-1,-1
704,93,345.04,211.38,59.42,152.66,0.6859,-1,-1,-1
704,97,321.91,159.31,56.67,149.09,0.5995,-1,-1,-1
704,98,847.56,333.57,59.38,137.04,0.7349,-1,-1,-1
704,100,819.29,218.89,52.10,154.37,0.6381,-1,-1,-1
705,7,897.70,341.78,132.68,150.19,0.7072,-1,-1,-1
705,62,295.93,369.75,74.05,147.41,0.8646,-1,-1,-1
705,69,914.79,119.35,64.64,127.36,0.7818,-1,-1,-1
705,79,545.26,494.21,61.48,130.13,0.5857,-1,-1,-1
705,81,73.13,313.20,55.96,139.52,0.7653,-1,-1,-1
705,88,915.01,229.86,61.35,135.07,0.6663,-1,-1,-1
705,97,320.33,156.98,56.62,150.17,0.6106,-1,-1,-1
705,98,853.82,334.12,59.28,136.23,0.6248,-1,-1,-1
705,100,819.16,218.58,52.69,156.31,0.6336,-1,-1,-1
706,7,898.35,340.97,126.38,149.85,0.5700,-1,-1,-1
706,62,300.54,370.23,74.47,146.35,0.8748,-1,-1,-1
706,69,912.27,122.06,64.99,126.67,0.7587,-1,-1,-1
706,79,547.28,491.70,61.21,134.52,0.5678,-1,-1,-1
706,81,75.19,314.45,55.62,138.28,0.8095,-1,-1,-1
706,88,909.99,228.92,62.75,138.27,0.6530,-1,-1,-1
706,101,167.70,446.99,97.81,168.16,0.6036,-1,-1,-1
707,7,898.85,340.52,121.37,148.47,0.7279,-1,-1,-1
707,62,305.82,370.92,76.10,146.64,0.8993,-1,-1,-1
707,69,910.55,124.84,65.88,126.89,0.7703,-1,-1,-1
707,79,549.94,490.17,59.86,136.64,0.6293,-1,-1,-1
707,81,76.87,314.67,56.04,139.33,0.7666,-1,-1,-1
707,88,906.48,230.07,63.41,139.35,0.7588,-1,-1,-1
707,98,861.50,340.06,61.97,141.97,0.6476,-1,-1,-1
707,100,823.27,223.10,48.31,143.85,0.5715,-1,-1,-1
708,62,312.52,371.61,77.06,144.49,0.8754,-1,-1,-1
708,69,915.94,128.50,64.72,125.93,0.5982,-1,-1,-1
708,79,556.15,488.05,58.45,138.20,0.6896,-1,-1,-1
708,81,81.18,315.96,57.50,144.34,0.7657,-1,-1,-1
708,88,903.36,224.32,66.49,145.18,0.7548,-1,-1,-1
708,98,868.58,347.74,61.09,140.87,0.5719,-1,-1,-1
708,100,826.83,223.66,45.96,135.56,0.8213,-1,-1,-1
709,7,900.21,344.25,117.71,145.58,0.5738,-1,-1,-1
709,62,316.34,372.17,77.87,142.92,0.8670,-1,-1,-1
709,69,922.34,131.73,62.63,123.61,0.6689,-1,-1,-1
709,79,561.72,487.84,56.02,136.06,0.6314,-1,-1,-1
709,81,84.68,316.34,60.62,153.43,0.7867,-1,-1,-1
709,88,903.24,226.31,66.27,141.98,0.7568,-1,-1,-1
709,100,828.10,224.61,47.24,137.63,0.7725,-1,-1,-1
710,62,319.45,372.08,78.94,142.36,0.8615,-1,-1,-1
710,69,927.26,134.28,60.91,122.31,0.6509,-1,-1,-1
710,79,566.85,487.55,54.95,135.67,0.6484,-1,-1,-1
710,81,90.16,317.01,61.22,155.92,0.7833,-1,-1,-1
710,88,901.89,223.56,68.44,144.13,0.7294,-1,-1,-1
710,97,315.94,163.89,61.82,158.29,0.5796,-1,-1,-1
710,100,831.62,230.05,46.84,132.39,0.7589,-1,-1,-1
711,62,322.65,370.39,80.47,143.34,0.8692,-1,-1,-1
711,79,570.67,488.40,54.07,133.94,0.6409,-1,-1,-1
711,81,95.27,317.55,60.36,156.31,0.7637,-1,-1,-1
711,88,895.71,227.45,70.03,142.67,0.6025,-1,-1,-1
711,97,313.97,165.28,69.39,174.34,0.6086,-1,-1,-1
711,100,834.53,232.04,48.03,130.58,0.7479,-1,-1,-1
712,62,326.58,369.52,81.22,143.30,0.8558,-1,-1,-1
712,69,939.48,136.95,58.41,120.73,0.6054,-1,-1,-1
712,79,575.30,488.84,53.97,133.31,0.6934,-1,-1,-1
712,81,102.05,317.73,56.11,146.93,0.7401,-1,-1,-1
712,88,896.74,231.83,69.73,139.40,0.6653,-1,-1,-1
712,100,835.48,232.54,49.53,128.94,0.7659,-1,-1,-1
713,62,339.21,366.61,80.21,142.89,0.7922,-1,-1,-1
713,69,948.92,138.74,56.64,119.03,0.6683,-1,-1,-1
713,79,583.06,489.60,54.76,132.85,0.7197,-1,-1,-1
713,81,113.92,318.28,54.38,143.88,0.7622,-1,-1,-1
713,88,895.56,235.44,72.19,140.88,0.6605,-1,-1,-1
713,100,841.46,235.50,51.11,124.95,0.6545,-1,-1,-1
714,62,349.29,363.74,80.07,144.53,0.8692,-1,-1,-1
714,69,955.78,141.46,55.36,116.85,0.7091,-1,-1,-1
714,79,588.27,489.64,56.81,134.50,0.7247,-1,-1,-1
714,81,122.10,318.37,53.28,143.40,0.7599,-1,-1,-1
714,88,896.62,237.22,73.24,138.75,0.5800,-1,-1,-1
714,100,845.36,237.50,52.92,121.91,0.6899,-1,-1,-1
715,62,355.74,359.86,80.65,147.58,0.7819,-1,-1,-1
715,69,961.37,145.19,54.88,114.01,0.7305,-1,-1,-1
715,79,593.28,489.42,58.32,134.33,0.7017,-1,-1,-1
715,81,130.71,317.40,52.61,144.02,0.6970,-1,-1,-1
715,100,848.91,239.64,54.30,119.14,0.6720,-1,-1,-1
715,102,361.43,207.49,43.33,137.66,0.6292,-1,-1,-1
716,62,362.80,358.07,80.15,148.72,0.7649,-1,-1,-1
716,69,966.90,146.72,57.14,115.62,0.8429,-1,-1,-1
716,79,598.47,489.35,60.07,135.49,0.7292,-1,-1,-1
716,81,139.54,317.62,50.17,139.04,0.6702,-1,-1,-1
716,100,855.23,241.53,55.93,118.70,0.5914,-1,-1,-1
717,62,369.92,357.46,80.04,150.67,0.6990,-1,-1,-1
717,69,973.58,148.41,59.21,115.33,0.8167,-1,-1,-1
717,79,613.75,488.12,58.70,135.77,0.5949,-1,-1,-1
717,81,147.64,317.72,49.65,139.28,0.6822,-1,-1,-1
717,100,861.62,240.91,58.29,121.04,0.5516,-1,-1,-1
717,102,370.52,207.17,44.46,140.82,0.5522,-1,-1,-1
718,62,384.30,358.13,78.31,149.68,0.6781,-1,-1,-1
718,69,982.61,150.09,61.72,115.83,0.7062,-1,-1,-1
718,79,622.15,487.88,58.84,134.12,0.6098,-1,-1,-1
718,81,160.56,316.34,49.13,139.25,0.6193,-1,-1,-1
718,102,380.89,206.27,43.85,138.59,0.5846,-1,-1,-1
719,62,394.83,359.80,76.78,147.26,0.6984,-1,-1,-1
719,69,989.75,151.31,64.66,117.29,0.6882,-1,-1,-1
719,79,639.74,486.69,57.02,134.38,0.7132,-1,-1,-1
719,81,167.54,315.91,50.97,144.95,0.6533,-1,-1,-1
719,102,375.07,166.41,56.97,180.03,0.5857,-1,-1,-1
720,62,407.58,360.31,75.92,146.02,0.7047,-1,-1,-1
720,69,995.48,152.94,66.72,116.73,0.6575,-1,-1,-1
720,79,652.78,486.52,55.11,134.02,0.7166,-1,-1,-1
720,81,174.03,314.96,51.05,146.35,0.6034,-1,-1,-1
720,104,29.02,413.26,52.96,149.64,0.6047,-1,-1,-1
721,62,418.64,360.46,75.14,145.10,0.7727,-1,-1,-1
721,69,1003.53,151.16,70.36,118.53,0.7240,-1,-1,-1
721,79,664.75,486.71,53.29,133.90,0.7018,-1,-1,-1
721,81,179.50,314.34,51.10,147.74,0.6458,-1,-1,-1
721,102,392.65,192.66,48.30,151.12,0.5725,-1,-1,-1
722,62,426.17,360.54,75.52,146.09,0.7951,-1,-1,-1
722,69,1010.00,152.24,71.74,116.19,0.6891,-1,-1,-1
722,79,673.94,486.36,53.09,136.45,0.7341,-1,-1,-1
722,81,187.06,313.73,51.10,147.65,0.6471,-1,-1,-1
722,102,399.45,201.72,46.37,142.77,0.6203,-1,-1,-1
722,104,38.92,411.62,53.36,150.80,0.6070,-1,-1,-1
723,62,435.09,360.39,75.84,146.94,0.7493,-1,-1,-1
723,69,1035.37,153.65,73.24,115.71,0.5769,-1,-1,-1
723,79,689.42,487.33,53.07,135.69,0.7601,-1,-1,-1
723,102,407.11,204.53,45.89,140.36,0.6284,-1,-1,-1
724,62,441.74,360.54,74.80,145.07,0.7468,-1,-1,-1
724,69,1044.44,152.77,71.97,116.65,0.5792,-1,-1,-1
724,79,702.62,488.02,54.88,135.47,0.7395,-1,-1,-1
724,81,201.55,312.33,52.57,150.20,0.6171,-1,-1,-1
724,102,411.57,203.32,45.94,140.33,0.6933,-1,-1,-1
724,104,52.04,411.84,52.91,149.01,0.6080,-1,-1,-1
724,107,387.47,149.86,38.68,128.08,0.6005,-1,-1,-1
725,62,447.28,359.99,75.35,146.33,0.8349,-1,-1,-1
725,79,709.58,489.20,56.58,133.57,0.7007,-1,-1,-1
725,81,205.37,311.53,52.97,150.15,0.6537,-1,-1,-1
725,102,416.54,205.18,45.59,138.59,0.6865,-1,-1,-1
725,104,55.87,412.37,52.95,148.61,0.6862,-1,-1,-1
725,107,388.08,150.05,38.75,128.31,0.6713,-1,-1,-1
725,108,268.95,428.17,91.26,158.47,0.6437,-1,-1,-1
726,62,451.23,360.19,75.53,146.46,0.8632,-1,-1,-1
726,69,1059.93,153.31,70.24,117.94,0.6000,-1,-1,-1
726,79,714.68,490.65,58.78,132.49,0.7615,-1,-1,-1
726,81,207.30,311.52,53.56,150.66,0.6792,-1,-1,-1
726,102,419.16,206.33,45.63,138.56,0.6413,-1,-1,-1
726,104,58.55,411.70,53.17,148.86,0.6655,-1,-1,-1
726,107,388.74,149.99,38.96,129.04,0.6484,-1,-1,-1
726,108,271.40,427.17,91.73,159.30,0.6790,-1,-1,-1
727,62,453.76,358.95,75.89,147.23,0.8472,-1,-1,-1
727,69,1066.03,150.80,69.58,120.75,0.6278,-1,-1,-1
727,79,716.77,490.97,61.23,132.83,0.7163,-1,-1,-1
727,81,209.67,311.39,53.64,150.29,0.6772,-1,-1,-1
727,102,420.75,205.99,45.49,137.84,0.6897,-1,-1,-1
727,104,60.89,411.34,53.23,149.41,0.6059,-1,-1,-1
727,107,389.35,150.60,38.88,128.74,0.6548,-1,-1,-1
727,108,274.40,426.94,92.17,160.05,0.6435,-1,-1,-1
728,62,458.61,355.61,74.85,146.33,0.8265,-1,-1,-1
728,79,716.65,489.66,64.33,134.99,0.7034,-1,-1,-1
728,81,215.37,309.21,52.70,148.11,0.7165,-1,-1,-1
728,102,421.46,203.22,44.66,134.19,0.6992,-1,-1,-1
728,107,391.11,150.07,39.11,129.50,0.6532,-1,-1,-1
728,108,273.86,426.83,92.32,160.04,0.5633,-1,-1,-1
729,62,461.92,352.49,73.85,146.08,0.8523,-1,-1,-1
729,79,719.13,489.80,65.27,134.36,0.6826,-1,-1,-1
729,81,215.04,309.63,53.99,150.60,0.7379,-1,-1,-1
729,102,421.52,201.37,45.13,135.83,0.6910,-1,-1,-1
729,107,389.88,150.17,39.19,129.98,0.6157,-1,-1,-1
729,108,274.62,427.32,92.30,159.85,0.6282,-1,-1,-1
730,62,464.40,350.36,72.43,145.08,0.8555,-1,-1,-1
730,69,1087.04,153.95,67.59,118.75,0.5540,-1,-1,-1
730,79,720.65,489.61,65.76,133.83,0.6155,-1,-1,-1
730,81,215.69,309.64,54.51,151.33,0.7297,-1,-1,-1
730,102,421.41,198.87,45.20,135.84,0.7139,-1,-1,-1
730,107,388.21,148.35,39.79,132.15,0.6161,-1,-1,-1
730,108,275.18,427.32,92.14,159.57,0.5970,-1,-1,-1
731,62,465.67,347.77,71.75,145.94,0.8278,-1,-1,-1
731,69,1091.75,153.20,67.54,121.68,0.6845,-1,-1,-1
731,79,731.65,488.74,63.82,133.73,0.6395,-1,-1,-1
731,81,220.60,308.60,50.29,139.19,0.7164,-1,-1,-1
731,102,421.20,196.62,45.10,135.38,0.7168,-1,-1,-1
731,107,386.67,148.98,40.04,132.31,0.6543,-1,-1,-1
731,108,275.92,427.40,91.99,159.31,0.6166,-1,-1,-1
731,111,989.19,340.32,65.08,144.54,0.6645,-1,-1,-1
732,62,468.10,346.05,70.23,145.14,0.8352,-1,-1,-1
732,69,1098.95,155.71,65.33,118.23,0.6612,-1,-1,-1
732,79,737.54,487.35,62.38,134.69,0.6337,-1,-1,-1
732,81,223.19,307.01,47.83,131.84,0.7064,-1,-1,-1
732,102,420.92,194.21,45.13,135.25,0.6922,-1,-1,-1
732,104,64.53,410.12,52.69,150.36,0.5514,-1,-1,-1
732,107,385.71,150.10,40.07,131.35,0.6386,-1,-1,-1
732,108,276.51,427.65,91.84,159.03,0.6086,-1,-1,-1
732,111,988.79,340.02,65.53,145.44,0.7222,-1,-1,-1
732,112,1023.17,244.15,65.94,114.42,0.6774,-1,-1,-1
733,7,873.81,265.39,148.85,218.50,0.5679,-1,-1,-1
733,62,471.26,343.98,68.79,143.25,0.8192,-1,-1,-1
733,69,1105.62,156.61,65.78,116.45,0.6900,-1,-1,-1
733,79,743.02,487.81,60.41,134.65,0.7026,-1,-1,-1
733,81,224.41,305.61,47.57,130.80,0.7396,-1,-1,-1
733,102,419.84,191.85,45.93,137.30,0.7010,-1,-1,-1
733,104,64.50,409.88,52.08,150.70,0.5578,-1,-1,-1
733,107,383.70,148.75,41.00,133.52,0.6560,-1,-1,-1
733,108,276.62,427.62,92.10,159.55,0.6981,-1,-1,-1
733,111,988.51,340.24,65.74,145.63,0.7403,-1,-1,-1
733,112,1020.89,247.35,66.76,116.63,0.6530,-1,-1,-1
734,62,474.06,342.99,67.96,141.62,0.7910,-1,-1,-1
734,69,1107.89,158.60,65.68,113.52,0.7074,-1,-1,-1
734,79,748.20,487.02,58.94,135.81,0.7410,-1,-1,-1
734,81,224.33,304.27,49.97,137.56,0.7435,-1,-1,-1
734,102,419.17,190.26,46.28,138.11,0.7103,-1,-1,-1
734,104,64.69,409.62,51.52,150.95,0.5518,-1,-1,-1
734,107,382.70,148.12,41.17,133.76,0.6803,-1,-1,-1
734,108,276.67,427.81,92.02,159.48,0.7070,-1,-1,-1
734,111,989.37,340.31,65.92,145.34,0.6362,-1,-1,-1
734,112,1020.17,251.08,67.39,119.01,0.5551,-1,-1,-1
735,62,476.16,342.09,67.21,140.09,0.7825,-1,-1,-1
735,69,1107.93,158.46,67.18,113.55,0.7264,-1,-1,-1
735,79,752.68,487.66,56.89,134.54,0.7261,-1,-1,-1
735,81,224.25,303.32,51.69,142.73,0.7392,-1,-1,-1
735,102,418.42,189.69,46.17,137.18,0.7276,-1,-1,-1
735,107,382.10,147.96,40.76,132.56,0.6945,-1,-1,-1
735,108,276.78,428.16,91.82,159.22,0.7162,-1,-1,-1
735,111,988.73,340.47,65.98,144.82,0.6872,-1,-1,-1
735,112,1025.85,255.85,75.03,133.16,0.6588,-1,-1,-1
736,62,479.52,342.85,67.71,141.17,0.7418,-1,-1,-1
736,69,1108.75,159.27,68.44,113.63,0.7494,-1,-1,-1
736,79,755.01,486.71,56.56,137.32,0.7346,-1,-1,-1
736,81,224.75,304.18,51.31,141.45,0.7359,-1,-1,-1
736,100,921.25,261.32,53.49,105.71,0.6103,-1,-1,-1
736,102,417.15,188.92,46.28,136.62,0.7334,-1,-1,-1
736,104,64.89,409.53,50.96,150.93,0.5574,-1,-1,-1
736,107,381.54,147.67,40.14,130.76,0.6820,-1,-1,-1
736,108,276.82,428.43,91.66,159.05,0.7287,-1,-1,-1
736,111,988.35,339.93,66.88,146.00,0.6745,-1,-1,-1
736,112,1027.79,259.96,79.82,143.13,0.7178,-1,-1,-1
736,113,917.12,341.94,54.15,138.29,0.6530,-1,-1,-1
737,62,482.23,343.68,68.22,142.28,0.7561,-1,-1,-1
737,69,1109.50,155.41,70.78,117.12,0.6120,-1,-1,-1
737,79,758.46,487.38,54.65,135.11,0.7618,-1,-1,-1
737,81,225.25,304.44,50.68,139.19,0.7500,-1,-1,-1
737,102,415.91,188.19,46.38,135.45,0.7269,-1,-1,-1
737,104,64.79,409.63,50.41,150.57,0.5540,-1,-1,-1
737,107,380.59,147.54,39.58,129.33,0.6839,-1,-1,-1
737,108,276.87,428.88,91.35,158.55,0.7405,-1,-1,-1
737,111,986.38,339.59,67.23,146.44,0.7131,-1,-1,-1
737,112,1030.54,263.40,78.42,142.48,0.7254,-1,-1,-1
737,113,913.39,337.14,55.37,141.63,0.6049,-1,-1,-1
738,62,484.02,344.61,68.13,141.94,0.7436,-1,-1,-1
738,69,1113.73,157.96,68.98,114.97,0.6698,-1,-1,-1
738,79,762.13,487.94,53.98,134.42,0.7942,-1,-1,-1
738,81,225.05,304.46,50.72,138.55,0.7785,-1,-1,-1
738,102,415.55,187.09,46.90,135.49,0.7362,-1,-1,-1
738,104,64.56,410.91,49.18,147.62,0.5530,-1,-1,-1
738,107,379.88,146.76,39.65,130.25,0.6456,-1,-1,-1
738,108,276.98,429.08,91.21,158.32,0.7479,-1,-1,-1
738,111,984.18,339.22,67.41,147.13,0.7598,-1,-1,-1
738,112,1032.12,266.08,77.47,143.45,0.7089,-1,-1,-1
739,62,485.28,344.91,68.19,141.70,0.7739,-1,-1,-1
739,69,1124.63,152.66,68.36,117.75,0.6624,-1,-1,-1
739,79,766.34,487.71,53.99,135.10,0.7029,-1,-1,-1
739,81,224.87,304.51,50.75,137.55,0.7771,-1,-1,-1
739,102,413.72,186.15,47.87,136.18,0.7466,-1,-1,-1
739,107,378.09,146.81,39.15,130.29,0.5900,-1,-1,-1
739,108,276.91,429.24,91.14,158.17,0.7344,-1,-1,-1
739,111,981.93,339.02,67.72,149.23,0.7571,-1,-1,-1
739,112,1031.41,265.86,79.65,150.99,0.7176,-1,-1,-1
739,113,907.69,334.82,52.26,133.44,0.7125,-1,-1,-1
740,62,485.90,344.78,68.42,141.93,0.7725,-1,-1,-1
740,69,1130.05,147.75,68.86,123.46,0.6511,-1,-1,-1
740,79,768.47,487.66,53.57,135.25,0.6829,-1,-1,-1
740,81,224.40,304.41,51.14,137.43,0.7931,-1,-1,-1
740,100,920.85,262.36,55.70,107.65,0.5550,-1,-1,-1
740,102,412.88,186.03,48.53,136.91,0.7276,-1,-1,-1
740,107,377.23,150.96,37.65,126.02,0.5767,-1,-1,-1
740,108,276.87,429.30,91.19,158.25,0.7124,-1,-1,-1
740,111,981.56,338.92,67.73,150.50,0.7568,-1,-1,-1
740,112,1030.49,265.17,80.53,156.56,0.7378,-1,-1,-1
740,113,904.42,332.67,51.57,131.44,0.5905,-1,-1,-1
741,62,486.54,344.68,68.04,141.00,0.7744,-1,-1,-1
741,69,1133.94,144.56,68.79,128.09,0.6573,-1,-1,-1
741,79,770.43,489.34,52.46,132.46,0.7014,-1,-1,-1
741,81,223.84,304.32,51.42,137.15,0.7982,-1,-1,-1
741,102,412.49,186.82,48.07,133.74,0.7161,-1,-1,-1
741,104,64.13,415.30,47.24,141.96,0.5660,-1,-1,-1
741,107,376.31,150.34,37.06,125.07,0.6184,-1,-1,-1
741,108,277.00,429.63,91.04,157.92,0.6909,-1,-1,-1
741,111,981.67,337.23,68.34,153.34,0.7479,-1,-1,-1
741,112,1030.42,262.96,78.78,157.31,0.7521,-1,-1,-1
742,62,487.20,343.84,67.91,140.54,0.7931,-1,-1,-1
742,69,1138.92,145.20,67.51,129.37,0.6571,-1,-1,-1
742,79,771.49,490.39,52.24,131.11,0.7394,-1,-1,-1
742,81,222.49,304.29,52.80,140.27,0.7892,-1,-1,-1
742,100,914.49,262.16,58.26,113.39,0.5828,-1,-1,-1
742,102,412.06,185.61,49.50,137.53,0.7151,-1,-1,-1
742,104,64.03,416.69,46.91,140.94,0.5869,-1,-1,-1
742,107,375.72,148.76,37.02,125.84,0.6092,-1,-1,-1
742,108,276.95,429.64,91.08,157.98,0.7356,-1,-1,-1
742,111,982.53,338.26,67.52,152.57,0.7442,-1,-1,-1
742,112,1031.11,260.42,75.25,153.96,0.7277,-1,-1,-1
742,113,897.67,329.02,51.31,130.19,0.5679,-1,-1,-1
743,62,487.64,343.08,67.50,139.64,0.7941,-1,-1,-1
743,69,1143.51,144.51,65.27,128.18,0.6433,-1,-1,-1
743,79,772.29,491.07,52.22,130.21,0.7247,-1,-1,-1
743,81,221.36,304.24,53.89,142.58,0.7639,-1,-1,-1
743,102,411.47,184.31,49.61,137.26,0.6957,-1,-1,-1
743,107,374.98,148.03,36.82,125.96,0.5810,-1,-1,-1
743,108,276.78,429.38,91.20,158.21,0.7119,-1,-1,-1
743,111,983.05,338.69,66.95,152.32,0.7605,-1,-1,-1
743,112,1030.17,258.45,74.94,156.94,0.7234,-1,-1,-1
744,62,490.56,342.36,63.83,131.69,0.8026,-1,-1,-1
744,69,1151.19,147.68,63.94,125.21,0.7120,-1,-1,-1
744,79,774.58,490.37,52.93,130.65,0.7731,-1,-1,-1
744,81,220.50,304.49,53.52,140.20,0.7399,-1,-1,-1
744,100,906.72,260.55,60.35,120.86,0.6037,-1,-1,-1
744,102,409.98,182.52,49.63,136.00,0.7064,-1,-1,-1
744,107,373.30,147.29,37.08,126.57,0.6179,-1,-1,-1
744,108,276.88,429.81,90.95,157.88,0.7388,-1,-1,-1
744,111,983.29,339.20,66.34,151.94,0.7660,-1,-1,-1
744,112,1032.85,257.32,66.79,140.78,0.7388,-1,-1,-1
744,113,881.77,329.42,51.71,132.72,0.6502,-1,-1,-1
745,62,491.92,341.70,62.63,129.39,0.7968,-1,-1,-1
745,69,1157.33,152.65,61.98,120.39,0.6863,-1,-1,-1
745,79,776.08,489.66,54.01,131.90,0.7978,-1,-1,-1
745,81,220.19,305.16,53.00,137.14,0.7352,-1,-1,-1
745,100,906.04,258.55,55.42,111.83,0.6236,-1,-1,-1
745,102,409.16,181.61,49.51,134.78,0.7072,-1,-1,-1
745,107,372.33,147.50,37.36,126.70,0.6395,-1,-1,-1
745,108,276.96,430.26,90.62,157.50,0.7162,-1,-1,-1
745,111,983.48,339.84,65.58,151.38,0.7694,-1,-1,-1
745,112,1034.44,255.67,62.84,132.60,0.7293,-1,-1,-1
745,113,876.78,331.68,50.74,130.53,0.6227,-1,-1,-1
746,62,492.63,341.08,62.26,128.62,0.8156,-1,-1,-1
746,69,1160.51,155.55,61.41,117.72,0.7421,-1,-1,-1
746,79,777.37,489.54,55.64,134.18,0.8334,-1,-1,-1
746,81,219.71,305.79,52.93,135.38,0.7512,-1,-1,-1
746,100,904.08,256.84,53.99,109.94,0.6853,-1,-1,-1
746,102,407.79,180.83,49.31,133.06,0.7593,-1,-1,-1
746,107,371.02,148.89,37.66,126.26,0.6266,-1,-1,-1
746,108,277.09,430.69,90.24,157.21,0.6573,-1,-1,-1
746,111,983.60,340.73,64.76,150.69,0.7598,-1,-1,-1
746,112,1034.90,253.48,62.71,131.80,0.7540,-1,-1,-1
746,113,870.11,332.54,50.84,129.92,0.6071,-1,-1,-1
747,62,493.00,340.44,62.23,128.47,0.8151,-1,-1,-1
747,69,1162.29,157.13,61.46,116.67,0.7384,-1,-1,-1
747,79,779.19,489.87,56.41,133.25,0.8023,-1,-1,-1
747,81,219.58,306.74,52.93,133.74,0.7797,-1,-1,-1
747,100,900.87,253.05,58.00,120.81,0.7192,-1,-1,-1
747,102,406.41,180.70,49.22,131.63,0.7998,-1,-1,-1
747,104,62.65,416.42,48.29,146.25,0.5704,-1,-1,-1
747,107,368.43,148.81,37.99,126.04,0.5766,-1,-1,-1
747,108,276.98,431.96,89.97,155.51,0.6348,-1,-1,-1
747,111,984.37,341.13,64.10,150.45,0.7529,-1,-1,-1
747,112,1033.55,251.27,62.73,131.57,0.7267,-1,-1,-1
747,113,865.26,335.95,49.32,124.40,0.5989,-1,-1,-1
748,62,493.57,339.87,61.83,127.55,0.7952,-1,-1,-1
748,69,1162.76,160.01,60.99,113.84,0.7565,-1,-1,-1
748,79,780.27,490.30,57.64,132.70,0.7863,-1,-1,-1
748,81,219.78,307.87,52.88,132.16,0.7914,-1,-1,-1
748,100,898.77,250.91,58.82,124.15,0.6493,-1,-1,-1
748,102,405.03,180.37,49.49,131.53,0.7831,-1,-1,-1
748,104,62.90,413.01,49.59,150.43,0.6088,-1,-1,-1
748,108,277.73,432.20,89.95,155.73,0.6751,-1,-1,-1
748,111,985.25,342.51,63.21,149.61,0.7230,-1,-1,-1
748,112,1032.24,248.50,60.32,126.10,0.6897,-1,-1,-1
748,113,860.18,330.27,52.66,131.16,0.6074,-1,-1,-1
749,62,494.50,339.82,61.05,125.94,0.7662,-1,-1,-1
749,69,1162.62,159.77,62.22,115.59,0.8003,-1,-1,-1
749,79,782.32,490.56,59.02,131.91,0.7720,-1,-1,-1
749,81,219.55,308.84,53.55,133.27,0.7436,-1,-1,-1
749,100,893.76,248.03,55.95,119.80,0.6498,-1,-1,-1
749,102,403.02,179.36,49.91,132.87,0.7611,-1,-1,-1
749,104,62.71,415.06,48.92,149.23,0.5937,-1,-1,-1
749,107,365.29,147.28,40.32,130.15,0.5581,-1,-1,-1
749,111,985.94,343.76,62.60,149.92,0.7506,-1,-1,-1
749,112,1029.67,243.54,56.68,119.12,0.6387,-1,-1,-1
749,113,856.74,325.08,53.06,131.48,0.6793,-1,-1,-1
750,62,495.31,338.79,61.09,126.27,0.7722,-1,-1,-1
750,69,1163.01,160.02,62.61,115.67,0.8155,-1,-1,-1
750,79,783.49,491.17,60.11,130.81,0.7619,-1,-1,-1
750,81,219.28,309.69,53.85,133.77,0.6863,-1,-1,-1
750,100,890.00,246.77,55.23,119.54,0.6344,-1,-1,-1
750,102,402.09,179.38,49.65,132.54,0.7664,-1,-1,-1
750,104,62.62,416.20,48.88,149.75,0.6047,-1,-1,-1
750,107,363.81,145.89,42.07,133.03,0.5744,-1,-1,-1
750,108,268.57,434.36,86.08,156.61,0.5735,-1,-1,-1
750,111,987.01,344.65,62.08,150.54,0.7390,-1,-1,-1
750,112,1026.93,240.95,58.87,123.78,0.5972,-1,-1,-1
750,113,855.31,322.16,52.80,130.70,0.6687,-1,-1,-1
751,62,495.85,338.69,61.18,126.82,0.7627,-1,-1,-1
751,69,1163.72,158.77,64.32,118.00,0.7574,-1,-1,-1
751,79,783.96,492.39,61.24,130.16,0.7556,-1,-1,-1
751,81,219.76,310.29,53.59,133.15,0.7067,-1,-1,-1
751,100,887.43,244.96,55.00,119.51,0.6097,-1,-1,-1
751,102,401.50,179.42,49.54,132.48,0.7752,-1,-1,-1
751,104,63.20,420.54,48.07,146.88,0.6073,-1,-1,-1
751,107,363.84,144.44,43.63,136.33,0.5607,-1,-1,-1
751,108,268.35,436.12,81.54,155.21,0.5728,-1,-1,-1
751,111,987.87,345.80,61.33,150.66,0.7101,-1,-1,-1
751,112,1024.06,239.87,59.64,123.46,0.6642,-1,-1,-1
751,113,853.16,319.34,53.17,132.66,0.6390,-1,-1,-1
752,62,496.40,339.27,61.10,127.03,0.7311,-1,-1,-1
752,69,1166.56,160.10,63.42,116.24,0.8175,-1,-1,-1
752,79,784.15,493.50,62.59,130.20,0.7473,-1,-1,-1
752,81,219.62,311.12,53.62,133.37,0.7348,-1,-1,-1
752,102,401.29,179.41,49.75,133.59,0.7374,-1,-1,-1
752,104,63.85,421.40,48.66,147.64,0.5547,-1,-1,-1
752,108,270.21,437.26,78.06,154.92,0.5739,-1,-1,-1
752,111,989.04,346.75,60.39,150.37,0.6139,-1,-1,-1
752,112,1021.02,239.88,58.24,118.21,0.6446,-1,-1,-1
752,113,850.17,317.14,52.92,134.05,0.5840,-1,-1,-1
753,62,497.26,339.96,61.19,127.76,0.7081,-1,-1,-1
753,69,1170.06,160.37,63.08,115.96,0.7594,-1,-1,-1
753,79,784.54,494.39,64.25,131.30,0.7260,-1,-1,-1
753,81,215.78,311.86,59.36,148.44,0.6851,-1,-1,-1
753,102,401.49,179.32,50.10,135.18,0.7559,-1,-1,-1
753,107,364.43,144.39,43.95,136.68,0.5918,-1,-1,-1
753,108,272.90,438.04,74.89,154.41,0.5763,-1,-1,-1
753,111,990.97,348.02,59.31,149.22,0.6552,-1,-1,-1
753,112,1018.47,239.53,58.45,116.16,0.6731,-1,-1,-1
753,113,846.02,313.84,51.47,134.01,0.6114,-1,-1,-1
754,62,499.20,340.58,61.21,128.48,0.7752,-1,-1,-1
754,69,1176.90,158.39,64.80,120.13,0.7278,-1,-1,-1
754,79,786.93,494.01,64.36,130.40,0.7202,-1,-1,-1
754,81,216.72,314.00,60.54,151.89,0.7018,-1,-1,-1
754,102,404.14,176.40,50.91,139.51,0.7316,-1,-1,-1
754,104,66.06,420.42,50.02,150.10,0.5616,-1,-1,-1
754,107,365.89,146.06,44.33,139.45,0.7242,-1,-1,-1
754,108,287.53,439.31,76.17,154.30,0.6447,-1,-1,-1
754,111,994.32,350.24,58.15,146.95,0.6858,-1,-1,-1
754,112,1018.47,240.53,58.94,113.57,0.7588,-1,-1,-1
755,62,501.80,340.39,61.24,129.32,0.8066,-1,-1,-1
755,69,1181.73,159.82,63.82,119.07,0.7196,-1,-1,-1
755,79,789.07,495.16,64.16,129.29,0.8194,-1,-1,-1
755,81,218.25,315.71,60.84,152.65,0.7033,-1,-1,-1
755,102,406.07,174.97,50.68,141.00,0.7264,-1,-1,-1
755,104,67.17,418.12,51.64,153.56,0.5694,-1,-1,-1
755,107,367.46,146.28,43.28,138.24,0.6704,-1,-1,-1
755,108,293.22,439.75,77.48,154.53,0.6781,-1,-1,-1
755,111,996.98,350.79,57.85,146.58,0.7132,-1,-1,-1
755,112,1018.31,237.55,62.01,116.93,0.7869,-1,-1,-1
756,62,503.83,339.30,61.86,130.81,0.7976,-1,-1,-1
756,69,1185.63,159.76,64.46,120.92,0.7830,-1,-1,-1
756,79,790.79,496.24,63.70,127.81,0.8431,-1,-1,-1
756,81,220.27,316.86,60.10,150.45,0.6819,-1,-1,-1
756,102,408.02,175.08,50.14,141.62,0.7079,-1,-1,-1
756,107,367.89,152.17,42.90,136.08,0.5557,-1,-1,-1
756,108,296.86,440.28,79.02,154.96,0.6872,-1,-1,-1
756,111,999.15,350.92,58.36,148.73,0.6317,-1,-1,-1
756,112,1016.01,232.06,65.65,121.53,0.7941,-1,-1,-1
757,62,506.49,340.19,62.09,130.93,0.8155,-1,-1,-1
757,69,1188.56,159.68,64.12,121.32,0.7469,-1,-1,-1
757,79,792.20,497.20,63.37,126.66,0.8425,-1,-1,-1
757,81,220.63,317.61,60.46,151.48,0.6791,-1,-1,-1
757,102,410.48,176.36,49.30,140.95,0.7749,-1,-1,-1
757,107,366.12,151.52,42.48,132.93,0.6316,-1,-1,-1
757,108,300.30,441.34,80.78,155.20,0.6891,-1,-1,-1
757,111,1001.97,351.82,58.46,149.36,0.7683,-1,-1,-1
757,112,1015.83,229.03,67.78,122.76,0.6970,-1,-1,-1
757,113,834.96,305.16,52.17,135.30,0.6166,-1,-1,-1
758,62,508.52,340.88,62.17,130.96,0.8284,-1,-1,-1
758,69,1192.38,159.63,64.82,123.17,0.7596,-1,-1,-1
758,79,793.06,497.87,63.39,126.63,0.7893,-1,-1,-1
758,81,220.95,317.72,60.45,152.13,0.6449,-1,-1,-1
758,100,868.53,244.58,56.38,119.25,0.5639,-1,-1,-1
758,102,413.82,177.89,48.02,138.21,0.7638,-1,-1,-1
758,107,365.77,149.76,43.10,132.80,0.6314,-1,-1,-1
758,108,299.90,441.88,82.17,155.87,0.7068,-1,-1,-1
758,111,1005.20,352.96,58.13,148.75,0.7877,-1,-1,-1
758,112,1014.18,226.56,69.21,122.46,0.7860,-1,-1,-1
758,113,832.21,305.42,52.22,135.55,0.6142,-1,-1,-1
759,62,510.79,341.55,63.01,132.28,0.8340,-1,-1,-1
759,69,1199.04,160.49,63.71,121.62,0.7563,-1,-1,-1
759,79,796.79,498.90,61.87,124.26,0.7081,-1,-1,-1
759,81,224.94,318.50,53.17,133.33,0.7122,-1,-1,-1
759,100,866.50,242.88,59.15,120.83,0.6394,-1,-1,-1
759,102,418.08,179.46,46.08,131.73,0.7557,-1,-1,-1
759,107,370.37,152.67,43.94,131.95,0.6617,-1,-1,-1
759,108,301.65,442.88,82.76,156.08,0.6040,-1,-1,-1
759,111,1009.87,352.72,58.88,150.60,0.7586,-1,-1,-1
759,112,1013.14,224.05,68.11,118.44,0.6701,-1,-1,-1
759,113,827.95,305.66,53.36,135.71,0.6352,-1,-1,-1
760,62,511.89,341.30,64.09,134.06,0.8449,-1,-1,-1
760,69,1203.78,161.03,63.59,121.44,0.6648,-1,-1,-1
760,79,799.47,500.67,60.53,122.30,0.7401,-1,-1,-1
760,81,222.57,318.21,58.56,149.12,0.6999,-1,-1,-1
760,100,865.55,240.71,61.11,122.54,0.6909,-1,-1,-1
760,102,421.34,179.97,45.22,127.86,0.7583,-1,-1,-1
760,107,372.40,150.88,46.56,137.28,0.6900,-1,-1,-1
760,108,304.00,443.26,83.18,156.12,0.6740,-1,-1,-1
760,111,1013.97,354.13,58.92,150.58,0.7686,-1,-1,-1
760,112,1002.93,215.24,69.76,124.90,0.5512,-1,-1,-1
760,113,825.78,306.38,54.44,135.67,0.6316,-1,-1,-1
761,62,513.04,341.51,65.37,135.23,0.8637,-1,-1,-1
761,69,1207.97,158.10,66.54,127.08,0.6555,-1,-1,-1
761,79,801.89,502.45,59.45,120.96,0.7513,-1,-1,-1
761,81,223.43,317.91,59.82,154.73,0.7126,-1,-1,-1
761,100,865.58,238.37,62.68,123.20,0.6964,-1,-1,-1
761,102,424.56,179.32,45.15,126.13,0.7208,-1,-1,-1
761,104,76.62,419.40,53.39,156.77,0.6058,-1,-1,-1
761,107,375.43,154.48,47.01,134.93,0.6159,-1,-1,-1
761,108,305.69,443.16,84.28,157.72,0.6931,-1,-1,-1
761,111,1018.86,355.43,58.36,149.71,0.7083,-1,-1,-1
761,113,824.82,307.08,56.08,136.44,0.7289,-1,-1,-1
762,62,516.35,342.18,65.98,134.71,0.8298,-1,-1,-1
762,69,1210.70,155.72,68.11,129.66,0.6417,-1,-1,-1
762,79,803.95,503.18,58.76,119.94,0.8074,-1,-1,-1
762,81,224.77,317.51,59.88,157.68,0.7117,-1,-1,-1
762,100,864.07,237.04,64.07,124.10,0.7533,-1,-1,-1
762,102,427.74,178.31,45.70,125.64,0.7268,-1,-1,-1
762,104,78.31,420.52,53.77,156.28,0.6517,-1,-1,-1
762,107,377.10,154.85,47.97,135.59,0.5968,-1,-1,-1
762,108,307.31,444.36,85.41,157.98,0.6678,-1,-1,-1
762,111,1021.96,356.07,57.92,149.53,0.7418,-1,-1,-1
762,113,825.05,307.03,57.90,137.43,0.7445,-1,-1,-1
763,62,518.29,343.50,66.27,133.20,0.8236,-1,-1,-1
763,69,1213.06,154.54,66.94,131.12,0.6743,-1,-1,-1
763,79,806.54,505.06,57.88,118.44,0.7871,-1,-1,-1
763,81,226.98,317.13,58.86,156.96,0.6311,-1,-1,-1
763,100,863.34,235.59,64.98,123.22,0.7106,-1,-1,-1
763,102,429.87,177.54,46.70,125.97,0.6916,-1,-1,-1
763,104,80.10,419.61,55.31,159.39,0.6853,-1,-1,-1
763,107,380.61,158.50,48.41,133.43,0.6579,-1,-1,-1
763,108,309.55,444.89,86.23,158.71,0.7159,-1,-1,-1
763,111,1024.84,356.72,57.15,149.59,0.7317,-1,-1,-1
763,113,826.72,307.44,59.82,138.62,0.7366,-1,-1,-1
764,62,521.56,344.73,67.17,133.35,0.8135,-1,-1,-1
764,79,810.51,508.57,57.01,116.98,0.7069,-1,-1,-1
764,81,230.54,317.26,53.42,141.91,0.5882,-1,-1,-1
764,102,431.68,176.94,47.99,126.14,0.6823,-1,-1,-1
764,104,81.19,416.54,57.65,165.69,0.7077,-1,-1,-1
764,107,382.83,154.50,50.52,139.08,0.6822,-1,-1,-1
764,108,313.33,446.16,87.76,160.42,0.6240,-1,-1,-1
764,111,1027.31,355.82,56.19,150.88,0.6845,-1,-1,-1
764,112,995.94,205.07,70.25,130.05,0.6050,-1,-1,-1
764,113,832.35,305.64,61.02,139.43,0.6180,-1,-1,-1
765,62,523.15,345.01,68.56,134.73,0.8232,-1,-1,-1
765,79,812.97,510.03,56.21,115.40,0.7390,-1,-1,-1
765,81,232.41,317.75,51.74,136.82,0.6120,-1,-1,-1
765,102,431.53,177.36,49.76,126.76,0.6210,-1,-1,-1
765,104,82.61,417.17,57.89,165.94,0.7147,-1,-1,-1
765,107,382.74,152.84,50.99,141.89,0.6243,-1,-1,-1
765,111,1031.12,357.61,54.03,148.99,0.7133,-1,-1,-1
765,113,833.99,308.14,59.33,135.70,0.6052,-1,-1,-1
766,62,523.50,344.51,69.54,136.38,0.8187,-1,-1,-1
766,79,815.84,511.16,55.20,113.39,0.6991,-1,-1,-1
766,81,233.50,317.80,50.39,132.45,0.6518,-1,-1,-1
766,102,428.22,178.01,52.63,129.14,0.6302,-1,-1,-1
766,104,83.95,417.94,57.64,165.21,0.7329,-1,-1,-1
766,107,382.89,151.57,50.93,144.18,0.6103,-1,-1,-1
766,108,320.04,447.05,89.02,161.83,0.6209,-1,-1,-1
766,111,1034.22,358.96,53.41,150.60,0.7342,-1,-1,-1
766,112,995.00,209.14,65.74,124.41,0.6164,-1,-1,-1
766,113,833.24,302.93,60.11,139.19,0.6351,-1,-1,-1
767,62,523.49,344.00,69.77,137.65,0.8322,-1,-1,-1
767,79,818.82,511.90,54.26,111.60,0.7499,-1,-1,-1
767,81,231.53,317.65,58.72,155.21,0.6225,-1,-1,-1
767,102,425.62,178.33,54.89,129.09,0.7157,-1,-1,-1
767,104,85.41,416.88,58.13,166.51,0.7270,-1,-1,-1
767,107,384.71,153.91,49.73,143.02,0.6169,-1,-1,-1
767,108,322.54,447.53,90.37,163.14,0.6245,-1,-1,-1
767,111,1036.98,359.96,53.25,152.85,0.7312,-1,-1,-1
767,112,993.67,211.42,65.24,122.93,0.7197,-1,-1,-1
767,113,831.16,257.40,77.09,181.66,0.7002,-1,-1,-1
768,62,522.61,343.57,69.42,138.82,0.8229,-1,-1,-1
768,79,820.38,512.05,53.79,110.29,0.7227,-1,-1,-1
768,81,234.84,317.93,53.80,141.34,0.6476,-1,-1,-1
768,102,424.46,178.15,56.68,128.01,0.7028,-1,-1,-1
768,104,87.11,418.76,57.63,164.58,0.7433,-1,-1,-1
768,107,386.86,154.91,49.06,142.69,0.6197,-1,-1,-1
768,108,324.69,447.95,91.95,164.21,0.6002,-1,-1,-1
768,111,1040.12,360.89,52.90,153.37,0.7253,-1,-1,-1
768,112,992.17,213.01,66.23,122.07,0.7689,-1,-1,-1
768,113,831.15,242.03,81.27,194.63,0.5918,-1,-1,-1
769,62,521.39,343.59,68.74,141.27,0.7442,-1,-1,-1
769,79,822.30,514.44,52.93,106.33,0.7127,-1,-1,-1
769,81,238.43,319.10,51.49,134.10,0.7270,-1,-1,-1
769,102,424.95,176.89,60.27,132.80,0.7341,-1,-1,-1
769,104,90.00,417.95,58.52,166.36,0.7652,-1,-1,-1
769,107,392.12,159.70,47.32,139.11,0.6743,-1,-1,-1
769,108,326.51,450.58,93.32,165.50,0.6461,-1,-1,-1
769,111,1045.20,362.30,53.75,155.31,0.7327,-1,-1,-1
769,112,992.65,217.19,65.65,117.51,0.6323,-1,-1,-1
770,62,521.50,342.98,65.64,138.88,0.8250,-1,-1,-1
770,79,824.53,516.27,53.60,106.14,0.6709,-1,-1,-1
770,81,239.60,319.77,51.17,132.79,0.7602,-1,-1,-1
770,102,427.16,177.78,62.46,135.91,0.7011,-1,-1,-1
770,104,93.38,422.15,58.05,162.56,0.7681,-1,-1,-1
770,108,327.31,452.56,94.51,167.00,0.6346,-1,-1,-1
770,111,1047.58,364.48,55.03,156.84,0.7478,-1,-1,-1
770,112,990.65,210.34,69.39,124.18,0.6261,-1,-1,-1
771,62,521.72,342.52,65.26,142.55,0.8465,-1,-1,-1
771,79,826.59,518.20,53.43,103.60,0.7390,-1,-1,-1
771,81,240.93,320.48,50.89,131.47,0.8217,-1,-1,-1
771,100,827.87,239.19,59.15,100.47,0.5939,-1,-1,-1
771,102,430.93,179.79,62.72,135.26,0.7106,-1,-1,-1
771,104,97.59,419.77,60.02,165.52,0.7263,-1,-1,-1
771,107,396.95,161.21,47.18,140.59,0.5677,-1,-1,-1
771,108,328.69,454.66,94.25,166.85,0.6619,-1,-1,-1
771,111,1047.91,366.23,56.52,158.01,0.7788,-1,-1,-1
771,113,837.84,284.53,64.65,149.77,0.6000,-1,-1,-1
772,62,523.07,343.90,63.15,141.98,0.7956,-1,-1,-1
772,79,829.41,520.09,53.04,100.98,0.7641,-1,-1,-1
772,81,241.75,320.87,52.06,134.31,0.7817,-1,-1,-1
772,100,821.48,239.31,64.59,101.26,0.5679,-1,-1,-1
772,102,433.62,181.54,62.87,134.20,0.6286,-1,-1,-1
772,104,101.40,421.78,61.72,166.64,0.6963,-1,-1,-1
772,107,398.75,162.27,46.49,141.13,0.5569,-1,-1,-1
772,108,330.74,455.45,94.69,167.48,0.7106,-1,-1,-1
772,111,1048.70,368.07,58.00,158.73,0.8160,-1,-1,-1
772,112,990.68,219.29,63.76,115.80,0.5738,-1,-1,-1
773,62,523.07,345.36,63.78,147.58,0.7612,-1,-1,-1
773,79,831.53,523.03,52.06,96.83,0.7794,-1,-1,-1
773,81,243.16,321.47,52.76,136.51,0.7745,-1,-1,-1
773,104,104.19,422.35,64.12,169.32,0.7827,-1,-1,-1
773,108,333.24,456.84,94.58,166.21,0.6994,-1,-1,-1
773,111,1051.06,370.45,59.01,157.99,0.8399,-1,-1,-1
773,112,986.92,211.69,68.20,127.79,0.6984,-1,-1,-1
774,62,525.98,349.13,62.94,149.23,0.7702,-1,-1,-1
774,79,833.20,526.46,51.49,92.94,0.7808,-1,-1,-1
774,81,244.08,323.33,54.42,142.87,0.6277,-1,-1,-1
774,102,434.58,187.57,60.37,130.97,0.5829,-1,-1,-1
774,104,106.60,427.38,65.16,168.16,0.7241,-1,-1,-1
774,111,1055.75,372.97,59.57,156.10,0.8002,-1,-1,-1
774,112,984.41,211.16,68.61,131.14,0.7027,-1,-1,-1
775,62,529.11,351.11,62.26,150.20,0.7557,-1,-1,-1
775,79,835.93,528.38,52.04,91.82,0.7338,-1,-1,-1
775,81,245.79,325.36,53.89,142.79,0.7381,-1,-1,-1
775,102,432.50,188.78,59.59,132.27,0.6284,-1,-1,-1
775,104,108.72,431.78,64.90,165.00,0.7361,-1,-1,-1
775,107,406.66,162.13,45.83,142.77,0.5711,-1,-1,-1
775,111,1059.13,374.89,59.93,155.36,0.8048,-1,-1,-1
775,112,982.66,210.52,68.37,131.68,0.6958,-1,-1,-1
775,113,812.99,242.21,87.24,201.06,0.6728,-1,-1,-1
776,62,531.46,352.01,62.30,152.46,0.7615,-1,-1,-1
776,79,838.29,530.45,51.70,89.45,0.6828,-1,-1,-1
776,81,247.23,326.69,53.74,143.59,0.7452,-1,-1,-1
776,104,110.40,432.67,65.66,164.03,0.7766,-1,-1,-1
776,111,1061.19,376.03,60.16,155.14,0.8314,-1,-1,-1
776,112,980.83,211.95,68.25,130.44,0.7462,-1,-1,-1
777,62,532.87,351.33,61.93,153.49,0.7082,-1,-1,-1
777,79,839.11,532.65,51.61,87.45,0.7272,-1,-1,-1
777,81,248.56,325.88,54.17,146.44,0.7432,-1,-1,-1
777,102,432.65,188.29,59.27,136.56,0.6453,-1,-1,-1
777,104,111.89,434.26,66.09,163.27,0.7875,-1,-1,-1
777,111,1062.35,375.93,60.58,156.18,0.8261,-1,-1,-1
777,112,978.83,212.74,69.30,130.53,0.7071,-1,-1,-1
777,113,809.56,235.05,89.43,212.70,0.6564,-1,-1,-1
778,62,535.00,352.25,60.22,150.10,0.7308,-1,-1,-1
778,79,839.60,534.90,51.82,85.91,0.6668,-1,-1,-1
778,81,250.11,325.53,54.45,148.97,0.7429,-1,-1,-1
778,102,431.44,191.01,58.91,139.33,0.6397,-1,-1,-1
778,104,114.04,432.94,67.23,164.80,0.8104,-1,-1,-1
778,107,413.49,161.52,45.82,146.60,0.5508,-1,-1,-1
778,111,1063.66,376.19,60.45,156.26,0.8333,-1,-1,-1
778,112,978.34,213.27,70.26,131.19,0.6774,-1,-1,-1
778,113,810.26,236.15,87.61,213.01,0.7681,-1,-1,-1
779,62,536.11,349.92,60.86,153.15,0.7536,-1,-1,-1
779,79,841.69,537.01,51.91,84.88,0.6669,-1,-1,-1
779,81,252.40,329.79,53.59,148.50,0.7514,-1,-1,-1
779,104,120.82,426.28,68.01,166.20,0.7613,-1,-1,-1
779,111,1066.76,376.94,59.82,154.94,0.8275,-1,-1,-1
779,112,969.14,216.92,71.90,130.72,0.6332,-1,-1,-1
779,113,807.93,240.77,83.90,207.12,0.6790,-1,-1,-1
780,62,536.98,350.67,60.50,153.66,0.7455,-1,-1,-1
780,81,254.61,333.36,52.70,147.12,0.7803,-1,-1,-1
780,104,127.48,422.97,68.20,167.30,0.7930,-1,-1,-1
780,111,1068.33,378.16,60.06,156.57,0.8189,-1,-1,-1
780,112,973.82,218.60,70.80,131.31,0.6919,-1,-1,-1
780,113,805.52,243.82,82.56,205.48,0.6913,-1,-1,-1
781,62,538.11,351.48,58.77,150.44,0.7407,-1,-1,-1
781,79,844.28,539.39,52.47,85.08,0.6616,-1,-1,-1
781,81,256.70,334.64,52.38,147.47,0.7950,-1,-1,-1
781,102,422.01,171.14,70.90,169.88,0.6534,-1,-1,-1
781,104,135.65,424.54,66.14,162.93,0.7686,-1,-1,-1
781,108,332.53,471.69,84.24,157.71,0.5804,-1,-1,-1
781,111,1070.29,377.99,60.63,159.42,0.8236,-1,-1,-1
781,112,975.10,219.80,69.46,131.84,0.6222,-1,-1,-1
781,113,803.35,245.18,82.65,206.46,0.6070,-1,-1,-1
782,62,538.15,352.64,58.70,151.34,0.7606,-1,-1,-1
782,79,844.89,540.08,52.60,84.61,0.7013,-1,-1,-1
782,81,258.00,335.40,52.18,148.21,0.7797,-1,-1,-1
782,102,421.59,166.33,72.60,176.21,0.7008,-1,-1,-1
782,104,141.77,420.00,67.10,168.33,0.7515,-1,-1,-1
782,108,335.51,474.06,77.77,152.93,0.6307,-1,-1,-1
782,111,1071.81,378.98,60.48,159.51,0.8340,-1,-1,-1
782,112,971.56,220.46,69.00,131.16,0.5560,-1,-1,-1
783,62,537.28,353.69,57.61,147.96,0.7659,-1,-1,-1
783,79,845.53,540.61,53.37,85.87,0.7563,-1,-1,-1
783,81,258.50,336.22,52.02,149.01,0.7902,-1,-1,-1
783,102,423.60,161.65,74.28,181.48,0.7089,-1,-1,-1
783,104,147.24,417.88,67.17,171.47,0.6959,-1,-1,-1
783,111,1070.50,379.86,61.49,160.73,0.8511,-1,-1,-1
783,112,971.87,221.92,68.29,129.92,0.6088,-1,-1,-1
784,62,531.82,356.94,57.82,143.81,0.8196,-1,-1,-1
784,79,847.04,542.03,53.68,86.89,0.6997,-1,-1,-1
784,81,260.28,337.88,51.69,149.62,0.7809,-1,-1,-1
784,100,794.29,251.34,74.02,111.82,0.7134,-1,-1,-1
784,102,427.80,159.11,73.94,183.37,0.6174,-1,-1,-1
784,104,157.13,416.75,68.33,174.39,0.7004,-1,-1,-1
784,111,1067.65,381.75,63.10,160.60,0.8387,-1,-1,-1
784,112,973.36,223.52,68.60,128.79,0.6509,-1,-1,-1
784,113,815.15,307.12,61.36,152.55,0.6550,-1,-1,-1
785,62,528.89,358.65,58.81,141.44,0.8236,-1,-1,-1
785,79,831.68,542.84,85.24,146.17,0.6115,-1,-1,-1
785,81,261.37,339.22,51.34,149.99,0.7731,-1,-1,-1
785,100,793.77,251.56,75.25,112.22,0.8015,-1,-1,-1
785,102,431.69,159.79,72.74,182.13,0.6797,-1,-1,-1
785,104,164.54,417.21,69.18,176.11,0.7531,-1,-1,-1
785,111,1066.30,383.45,64.57,160.16,0.8420,-1,-1,-1
785,112,974.41,227.06,69.05,127.26,0.5909,-1,-1,-1
785,113,812.52,319.24,58.70,142.22,0.6243,-1,-1,-1
786,62,527.61,361.25,59.75,139.48,0.8121,-1,-1,-1
786,79,828.80,543.37,91.94,166.24,0.6014,-1,-1,-1
786,81,262.31,340.34,50.94,150.07,0.7387,-1,-1,-1
786,100,794.40,251.07,75.33,112.39,0.7777,-1,-1,-1
786,102,435.00,164.60,71.18,180.30,0.6312,-1,-1,-1
786,104,168.53,417.19,70.34,178.29,0.7146,-1,-1,-1
786,111,1065.63,384.26,66.22,160.64,0.8514,-1,-1,-1
786,113,815.08,323.09,57.50,138.67,0.7542,-1,-1,-1
787,62,528.28,364.37,60.64,137.45,0.8289,-1,-1,-1
787,79,828.25,543.84,92.19,174.99,0.5583,-1,-1,-1
787,81,263.16,341.55,50.43,149.72,0.7449,-1,-1,-1
787,100,795.46,249.53,75.77,114.05,0.7989,-1,-1,-1
787,102,436.34,164.52,71.14,182.78,0.6081,-1,-1,-1
787,104,171.66,425.35,68.48,172.01,0.6111,-1,-1,-1
787,108,367.52,484.54,76.50,136.97,0.5791,-1,-1,-1
787,111,1064.99,384.93,67.85,161.91,0.8666,-1,-1,-1
787,113,814.18,325.46,57.77,136.98,0.7142,-1,-1,-1
788,62,529.29,366.17,61.93,136.66,0.8052,-1,-1,-1
788,79,825.63,544.37,91.29,175.63,0.6610,-1,-1,-1
788,81,264.50,342.53,50.17,149.40,0.7272,-1,-1,-1
788,100,794.85,247.83,78.42,120.76,0.7895,-1,-1,-1
788,102,437.10,163.18,70.92,185.10,0.5506,-1,-1,-1
788,104,173.86,425.01,69.35,172.27,0.6369,-1,-1,-1
788,111,1065.01,385.05,69.52,164.24,0.8682,-1,-1,-1
788,113,814.18,326.11,58.53,137.31,0.7014,-1,-1,-1
789,62,529.31,366.95,62.97,136.20,0.7464,-1,-1,-1
789,79,822.28,545.39,90.34,174.61,0.6992,-1,-1,-1
789,81,265.81,343.70,49.32,147.24,0.6853,-1,-1,-1
789,100,790.45,246.97,76.02,117.74,0.5978,-1,-1,-1
789,104,175.63,420.64,71.64,176.51,0.6535,-1,-1,-1
789,108,372.14,486.76,79.57,133.13,0.6098,-1,-1,-1
789,111,1067.04,384.82,70.42,165.36,0.8654,-1,-1,-1
789,113,814.70,322.46,60.10,140.93,0.6495,-1,-1,-1
790,62,527.54,366.66,64.23,137.86,0.7478,-1,-1,-1
790,79,820.15,546.22,89.54,173.78,0.6419,-1,-1,-1
790,81,267.67,344.41,49.32,146.61,0.6832,-1,-1,-1
790,100,776.78,246.65,80.25,121.37,0.7277,-1,-1,-1
790,104,177.35,414.78,73.78,181.48,0.6821,-1,-1,-1
790,108,372.67,486.68,83.15,132.33,0.6078,-1,-1,-1
790,111,1071.06,384.54,70.10,164.66,0.8425,-1,-1,-1
791,62,525.68,366.21,64.83,139.37,0.7356,-1,-1,-1
791,79,819.23,547.79,88.50,172.21,0.6732,-1,-1,-1
791,81,269.56,345.19,50.21,147.69,0.7532,-1,-1,-1
791,100,768.98,247.26,83.13,122.38,0.7422,-1,-1,-1
791,102,441.37,163.27,70.05,186.06,0.6522,-1,-1,-1
791,104,179.56,415.36,71.74,177.11,0.7076,-1,-1,-1
791,108,371.35,487.25,87.14,133.74,0.6171,-1,-1,-1
791,111,1074.79,384.37,69.74,164.07,0.8347,-1,-1,-1
792,62,524.56,365.90,65.20,140.99,0.7102,-1,-1,-1
792,79,819.53,549.12,87.55,170.88,0.6707,-1,-1,-1
792,81,270.29,344.89,51.23,149.45,0.7740,-1,-1,-1
792,100,763.54,248.17,86.30,123.44,0.7101,-1,-1,-1
792,102,444.90,161.96,69.75,186.81,0.6246,-1,-1,-1
792,104,183.64,412.69,71.22,176.34,0.6818,-1,-1,-1
792,108,370.83,488.31,89.31,132.56,0.5843,-1,-1,-1
792,111,1077.10,384.10,69.41,163.62,0.8165,-1,-1,-1
793,62,523.99,365.45,65.25,143.12,0.7279,-1,-1,-1
793,79,818.72,549.87,87.02,170.13,0.6982,-1,-1,-1
793,81,270.92,344.47,51.84,150.85,0.7905,-1,-1,-1
793,100,762.60,248.39,88.91,123.54,0.6824,-1,-1,-1
793,102,444.92,163.27,67.78,185.51,0.6430,-1,-1,-1
793,104,187.66,409.51,70.79,177.34,0.6562,-1,-1,-1
793,108,369.89,488.33,91.48,132.44,0.6357,-1,-1,-1
793,111,1079.20,384.14,68.66,162.75,0.7979,-1,-1,-1
794,62,526.28,365.32,62.26,138.07,0.6988,-1,-1,-1
794,79,823.06,551.18,85.83,168.82,0.7471,-1,-1,-1
794,81,272.75,346.62,51.83,149.56,0.7823,-1,-1,-1
794,100,760.43,247.40,94.28,129.53,0.6684,-1,-1,-1
794,102,451.14,168.71,66.83,181.28,0.7313,-1,-1,-1
794,104,192.97,405.44,69.90,178.74,0.7242,-1,-1,-1
794,111,1083.18,384.50,67.30,160.86,0.7899,-1,-1,-1
795,62,527.26,364.82,61.12,137.12,0.7206,-1,-1,-1
795,79,825.43,551.90,85.12,168.10,0.7698,-1,-1,-1
795,81,274.44,349.44,51.83,147.43,0.7967,-1,-1,-1
795,100,761.04,244.86,98.58,134.70,0.7757,-1,-1,-1
795,102,454.07,171.13,65.60,177.90,0.5716,-1,-1,-1
795,104,198.40,404.74,67.57,176.40,0.7501,-1,-1,-1
795,111,1086.23,384.73,66.24,159.53,0.7809,-1,-1,-1
795,112,947.99,217.64,85.50,151.73,0.7622,-1,-1,-1
796,62,527.95,364.14,60.73,138.10,0.7234,-1,-1,-1
796,79,827.32,552.38,84.49,167.62,0.7576,-1,-1,-1
796,81,274.82,349.17,53.67,151.72,0.7467,-1,-1,-1
796,100,767.04,240.97,99.64,136.13,0.6376,-1,-1,-1
796,102,456.37,173.37,65.68,176.39,0.6554,-1,-1,-1
796,104,203.19,403.33,66.26,176.56,0.7279,-1,-1,-1
796,111,1088.36,384.62,65.84,159.83,0.7628,-1,-1,-1
796,112,959.45,212.61,85.34,157.80,0.5649,-1,-1,-1
797,62,528.71,363.16,59.94,137.83,0.7368,-1,-1,-1
797,79,828.95,552.62,83.96,167.38,0.7896,-1,-1,-1
797,81,275.28,349.05,54.57,153.43,0.7477,-1,-1,-1
797,102,458.19,171.49,67.19,178.01,0.5819,-1,-1,-1
797,104,207.70,402.41,65.55,176.84,0.7145,-1,-1,-1
797,111,1090.40,384.73,65.59,160.31,0.7855,-1,-1,-1
797,112,970.66,215.81,79.74,154.79,0.6675,-1,-1,-1
797,117,1205.17,189.42,70.67,100.32,0.5613,-1,-1,-1
798,62,529.59,361.60,59.16,137.41,0.7207,-1,-1,-1
798,79,830.38,552.80,83.48,167.20,0.7944,-1,-1,-1
798,81,275.71,349.25,54.84,153.81,0.7311,-1,-1,-1
798,102,457.92,170.98,67.92,177.92,0.5528,-1,-1,-1
798,104,212.36,402.17,64.95,175.77,0.6975,-1,-1,-1
798,111,1091.52,384.62,66.22,162.11,0.8166,-1,-1,-1
798,112,971.98,210.10,79.93,160.62,0.6952,-1,-1,-1
799,62,527.29,361.78,62.66,147.39,0.6781,-1,-1,-1
799,79,832.35,553.55,82.82,166.45,0.7546,-1,-1,-1
799,81,275.78,349.55,54.61,152.47,0.7474,-1,-1,-1
799,102,461.71,166.92,67.79,173.08,0.5886,-1,-1,-1
799,104,220.82,401.18,66.56,176.36,0.7635,-1,-1,-1
799,111,1093.55,384.13,65.85,161.00,0.8293,-1,-1,-1
799,112,974.93,195.33,83.36,176.29,0.7016,-1,-1,-1
799,117,1182.09,167.30,84.37,118.61,0.6817,-1,-1,-1
800,62,526.85,362.69,63.21,149.72,0.6628,-1,-1,-1
800,79,834.41,553.91,82.33,166.09,0.7462,-1,-1,-1
800,81,276.50,350.46,51.98,144.16,0.6359,-1,-1,-1
800,104,223.51,401.29,68.17,176.87,0.6815,-1,-1,-1
800,108,372.70,495.86,120.06,180.71,0.5733,-1,-1,-1
800,111,1094.36,384.01,66.65,162.40,0.8203,-1,-1,-1
800,112,977.89,185.05,85.59,187.56,0.6860,-1,-1,-1
801,62,528.64,363.92,58.59,137.24,0.6703,-1,-1,-1
801,79,836.30,554.72,81.32,165.28,0.7416,-1,-1,-1
801,81,277.14,351.22,50.35,139.92,0.6523,-1,-1,-1
801,104,225.08,402.02,69.87,177.11,0.7145,-1,-1,-1
801,111,1095.43,385.00,67.29,163.05,0.8187,-1,-1,-1
801,112,977.33,169.96,87.90,201.68,0.6157,-1,-1,-1
802,62,527.16,364.86,59.29,138.54,0.7323,-1,-1,-1
802,79,838.57,556.61,79.50,163.39,0.7280,-1,-1,-1
802,81,278.60,355.11,48.86,137.30,0.5760,-1,-1,-1
802,102,471.30,166.84,66.24,163.53,0.5660,-1,-1,-1
802,104,227.50,403.15,71.58,177.81,0.7247,-1,-1,-1
802,111,1096.91,386.66,67.81,163.94,0.8260,-1,-1,-1
803,62,523.86,367.40,61.91,144.56,0.7198,-1,-1,-1
803,79,840.42,558.15,77.94,161.85,0.7163,-1,-1,-1
803,102,472.62,173.94,67.68,162.64,0.5700,-1,-1,-1
803,104,229.34,402.54,73.57,179.70,0.6912,-1,-1,-1
803,108,377.32,503.77,117.78,182.59,0.6080,-1,-1,-1
803,111,1097.88,389.20,68.31,164.54,0.8299,-1,-1,-1
804,62,519.31,375.70,62.66,145.21,0.7141,-1,-1,-1
804,79,842.36,564.16,74.76,155.84,0.5876,-1,-1,-1
804,102,475.18,178.12,71.52,169.29,0.6585,-1,-1,-1
804,104,233.76,407.98,72.23,175.06,0.6706,-1,-1,-1
804,111,1099.99,393.64,69.39,167.24,0.8170,-1,-1,-1
805,62,515.35,381.11,64.25,146.69,0.7786,-1,-1,-1
805,104,239.88,417.48,68.61,165.40,0.5776,-1,-1,-1
805,108,385.98,515.15,112.55,182.05,0.7076,-1,-1,-1
805,111,1102.15,397.99,69.84,169.08,0.8269,-1,-1,-1
806,62,512.01,388.02,66.33,148.22,0.7345,-1,-1,-1
806,102,482.52,194.39,71.52,166.70,0.5511,-1,-1,-1
806,108,388.06,520.51,109.75,182.37,0.7235,-1,-1,-1
806,111,1104.17,403.59,70.17,170.90,0.7957,-1,-1,-1
807,104,263.08,409.40,75.74,179.40,0.5652,-1,-1,-1
807,111,1107.92,409.21,69.44,170.57,0.7995,-1,-1,-1
808,62,508.11,403.80,67.67,145.76,0.7524,-1,-1,-1
808,104,266.39,412.54,73.96,181.55,0.5807,-1,-1,-1
808,111,1111.73,415.80,69.00,171.39,0.7900,-1,-1,-1
809,62,503.64,418.72,71.19,146.23,0.8128,-1,-1,-1
809,102,494.54,237.62,65.81,149.83,0.6110,-1,-1,-1
809,111,1118.95,429.16,68.56,173.24,0.7993,-1,-1,-1
810,62,501.78,429.73,74.07,146.38,0.8081,-1,-1,-1
810,102,498.13,254.37,66.22,143.87,0.5947,-1,-1,-1
810,104,297.81,424.77,74.54,178.44,0.7324,-1,-1,-1
810,111,1125.63,439.58,67.16,172.51,0.7902,-1,-1,-1
811,62,501.87,440.05,76.31,146.07,0.7782,-1,-1,-1
811,102,497.37,243.33,78.84,166.46,0.7231,-1,-1,-1
811,104,310.09,435.02,76.21,176.06,0.7277,-1,-1,-1
811,111,1131.46,450.89,65.89,171.99,0.7659,-1,-1,-1
811,120,901.36,277.95,87.17,147.05,0.7384,-1,-1,-1
812,62,502.43,450.75,78.69,146.72,0.8015,-1,-1,-1
812,102,502.12,250.59,84.41,170.90,0.6649,-1,-1,-1
812,104,322.31,450.76,75.08,164.59,0.5942,-1,-1,-1
812,111,1135.27,461.82,66.38,175.07,0.7635,-1,-1,-1
812,120,911.09,290.14,86.90,146.61,0.5887,-1,-1,-1
812,121,991.12,247.97,64.97,185.61,0.5757,-1,-1,-1
813,62,504.65,462.11,79.09,144.10,0.7732,-1,-1,-1
813,102,508.50,252.74,89.72,177.55,0.8003,-1,-1,-1
813,104,330.34,461.30,76.06,158.42,0.8385,-1,-1,-1
813,111,1140.55,471.48,66.41,177.64,0.7463,-1,-1,-1
814,62,509.05,480.68,77.57,137.06,0.7763,-1,-1,-1
814,102,520.61,269.33,90.19,175.57,0.8056,-1,-1,-1
814,104,344.59,481.83,72.11,140.17,0.6755,-1,-1,-1
814,111,1155.58,490.62,64.72,177.17,0.7491,-1,-1,-1
814,122,840.25,435.25,52.56,148.32,0.7223,-1,-1,-1
815,62,513.17,493.67,74.83,126.54,0.7851,-1,-1,-1
815,102,528.75,283.76,89.89,172.12,0.8515,-1,-1,-1
815,104,356.12,498.07,70.17,125.44,0.7117,-1,-1,-1
815,111,1167.20,504.81,63.47,177.65,0.7806,-1,-1,-1
815,122,844.32,446.98,52.99,149.29,0.7028,-1,-1,-1
816,62,520.41,503.91,72.87,117.98,0.7981,-1,-1,-1
816,102,534.21,291.82,91.88,174.17,0.8545,-1,-1,-1
816,111,1178.44,516.98,61.66,176.03,0.7468,-1,-1,-1
816,122,849.09,458.32,54.10,152.21,0.6946,-1,-1,-1
817,102,545.63,326.01,81.26,147.79,0.7009,-1,-1,-1
817,111,1189.22,527.48,60.67,175.32,0.7962,-1,-1,-1
817,122,855.05,469.30,53.06,148.27,0.7366,-1,-1,-1
818,102,549.10,323.14,87.27,157.38,0.8010,-1,-1,-1
818,111,1201.19,536.93,59.77,174.05,0.7874,-1,-1,-1
818,122,860.53,475.56,52.44,145.32,0.7685,-1,-1,-1
819,102,560.05,328.34,89.18,160.90,0.8668,-1,-1,-1
819,111,1219.04,550.46,57.82,169.54,0.7329,-1,-1,-1
819,122,868.88,486.92,50.02,137.97,0.7666,-1,-1,-1
819,126,1039.19,289.07,82.09,240.37,0.6048,-1,-1,-1
820,102,570.95,343.57,84.62,151.44,0.7965,-1,-1,-1
820,111,1232.46,560.67,47.54,159.33,0.6249,-1,-1,-1
820,122,876.01,494.37,47.43,129.55,0.7905,-1,-1,-1
820,126,1053.22,311.88,76.47,223.93,0.6179,-1,-1,-1
821,102,578.55,351.67,83.23,148.21,0.7694,-1,-1,-1
821,122,882.05,498.22,45.84,124.13,0.7235,-1,-1,-1
821,126,1073.66,362.14,61.81,179.18,0.6830,-1,-1,-1
822,102,585.36,356.37,83.23,147.41,0.7892,-1,-1,-1
822,122,887.30,503.88,44.64,119.42,0.7003,-1,-1,-1
822,126,1088.89,373.29,60.19,171.34,0.6301,-1,-1,-1
823,102,591.00,358.64,83.68,147.18,0.8180,-1,-1,-1
823,122,893.68,508.54,43.29,112.85,0.7723,-1,-1,-1
823,126,1106.73,387.46,58.05,160.13,0.6836,-1,-1,-1
824,102,598.26,343.26,93.34,163.83,0.8127,-1,-1,-1
824,122,898.50,513.91,42.74,106.83,0.7557,-1,-1,-1
825,81,294.66,355.22,53.31,147.32,0.5515,-1,-1,-1
825,102,607.13,336.90,97.66,170.46,0.8643,-1,-1,-1
825,122,902.67,516.39,43.84,105.16,0.7551,-1,-1,-1
825,126,1132.15,380.05,64.05,173.57,0.5951,-1,-1,-1
825,129,1024.19,253.23,106.13,202.85,0.7408,-1,-1,-1
826,102,616.02,335.28,99.96,172.67,0.7893,-1,-1,-1
826,122,906.27,516.97,45.35,104.42,0.7583,-1,-1,-1
826,126,1146.98,374.95,69.93,182.40,0.6947,-1,-1,-1
826,129,1031.45,284.99,89.70,171.01,0.6304,-1,-1,-1
827,102,623.22,333.02,102.53,175.16,0.8261,-1,-1,-1
827,122,910.67,518.40,46.51,103.26,0.6943,-1,-1,-1
827,126,1155.59,372.38,74.28,187.35,0.6828,-1,-1,-1
827,130,326.98,534.61,96.49,176.08,0.6502,-1,-1,-1
828,81,307.30,349.50,55.19,151.23,0.6278,-1,-1,-1
828,102,629.57,332.96,103.52,175.05,0.8130,-1,-1,-1
828,122,914.48,518.86,47.78,102.96,0.6403,-1,-1,-1
828,126,1160.29,371.27,77.28,189.79,0.6663,-1,-1,-1
828,129,1047.97,298.98,80.31,152.71,0.6650,-1,-1,-1
828,130,328.77,533.63,96.57,176.55,0.6682,-1,-1,-1
828,131,611.83,563.81,77.43,155.62,0.6610,-1,-1,-1
829,81,313.40,347.30,56.81,155.50,0.5530,-1,-1,-1
829,102,638.08,332.07,105.82,177.08,0.8221,-1,-1,-1
829,122,918.03,521.23,47.88,101.75,0.6284,-1,-1,-1
829,126,1173.71,371.95,81.04,191.73,0.7542,-1,-1,-1
829,129,1059.63,293.45,80.43,153.28,0.6265,-1,-1,-1
829,130,340.60,533.69,94.64,172.44,0.6314,-1,-1,-1
830,81,318.07,346.65,57.50,156.76,0.5758,-1,-1,-1
830,102,643.89,325.53,110.46,183.95,0.8042,-1,-1,-1
830,126,1181.10,371.50,84.26,193.12,0.8004,-1,-1,-1
830,129,1067.72,290.51,80.82,154.58,0.6329,-1,-1,-1
830,130,337.00,532.62,95.35,173.62,0.7082,-1,-1,-1
831,81,320.59,342.27,59.92,163.54,0.5925,-1,-1,-1
831,102,650.23,324.87,111.82,184.80,0.8387,-1,-1,-1
831,122,904.26,522.49,52.24,101.90,0.7539,-1,-1,-1
831,126,1185.21,373.57,85.23,189.88,0.7604,-1,-1,-1
831,130,335.60,533.53,95.88,173.88,0.7067,-1,-1,-1
832,102,655.56,324.01,113.21,185.49,0.8011,-1,-1,-1
832,122,901.72,521.40,56.58,103.31,0.8018,-1,-1,-1
832,130,335.18,537.25,95.79,172.23,0.6287,-1,-1,-1
833,102,660.24,325.49,113.74,184.41,0.7137,-1,-1,-1
833,122,902.57,518.95,60.26,105.73,0.8169,-1,-1,-1
834,81,326.43,341.46,59.04,161.67,0.6032,-1,-1,-1
834,102,665.94,322.25,114.99,185.78,0.7933,-1,-1,-1
834,122,902.74,511.39,65.94,113.44,0.7927,-1,-1,-1
834,130,334.06,537.14,97.63,174.14,0.5986,-1,-1,-1
835,81,327.30,339.63,58.74,162.14,0.6179,-1,-1,-1
835,102,672.22,334.63,107.12,171.23,0.7351,-1,-1,-1
835,122,903.05,504.99,70.20,119.40,0.7035,-1,-1,-1
835,130,333.84,536.43,99.48,175.14,0.5806,-1,-1,-1
836,81,325.24,322.85,64.24,178.66,0.6433,-1,-1,-1
836,102,676.86,334.76,105.56,166.89,0.7361,-1,-1,-1
836,122,902.56,499.96,73.23,124.12,0.7058,-1,-1,-1
837,81,323.38,318.32,65.29,182.77,0.6186,-1,-1,-1
837,102,680.96,339.00,102.49,159.84,0.8009,-1,-1,-1
837,122,901.15,495.54,75.39,128.30,0.6922,-1,-1,-1
837,130,334.43,528.41,105.29,182.86,0.6041,-1,-1,-1
838,81,321.91,315.54,65.83,184.84,0.6004,-1,-1,-1
838,102,684.17,337.37,102.15,159.17,0.7952,-1,-1,-1
838,122,893.35,490.74,78.59,131.52,0.7575,-1,-1,-1
839,81,316.30,321.88,63.70,178.58,0.6186,-1,-1,-1
839,102,696.75,336.08,99.85,159.59,0.7952,-1,-1,-1
839,122,888.69,484.86,79.91,135.39,0.7804,-1,-1,-1
839,133,764.51,304.58,68.13,164.60,0.6618,-1,-1,-1
840,81,312.03,325.80,62.85,175.18,0.6593,-1,-1,-1
840,102,706.74,342.19,94.23,153.57,0.7921,-1,-1,-1
840,122,881.52,481.36,81.82,139.27,0.7574,-1,-1,-1
840,129,1110.94,243.86,89.65,177.60,0.5739,-1,-1,-1
840,133,768.39,298.07,69.59,168.80,0.6771,-1,-1,-1
841,81,309.75,324.99,62.83,175.15,0.6570,-1,-1,-1
841,102,713.31,346.47,90.09,148.30,0.5765,-1,-1,-1
841,122,877.18,478.90,82.02,140.98,0.7360,-1,-1,-1
841,129,1115.41,237.99,88.36,180.68,0.5668,-1,-1,-1
841,133,771.97,297.83,68.55,167.10,0.5593,-1,-1,-1
842,81,307.67,322.96,63.21,176.38,0.6517,-1,-1,-1
842,122,871.70,477.08,83.53,144.63,0.7247,-1,-1,-1
842,129,1120.32,237.13,85.27,179.31,0.6039,-1,-1,-1
842,133,775.44,295.42,69.11,169.44,0.6188,-1,-1,-1
843,81,306.49,319.72,64.42,179.99,0.6697,-1,-1,-1
843,122,860.62,477.00,83.30,143.83,0.7364,-1,-1,-1
843,133,776.34,289.00,72.06,177.49,0.6386,-1,-1,-1
844,81,300.77,318.67,64.90,181.09,0.6375,-1,-1,-1
844,102,732.23,344.77,88.72,140.35,0.6225,-1,-1,-1
844,122,841.86,480.63,82.51,138.36,0.7800,-1,-1,-1
844,129,1130.64,228.71,85.33,184.91,0.7122,-1,-1,-1
844,130,377.51,514.71,109.81,196.39,0.5570,-1,-1,-1
844,133,779.57,284.10,79.70,198.06,0.6375,-1,-1,-1
845,81,296.40,317.58,63.57,178.16,0.6658,-1,-1,-1
845,102,731.67,343.15,95.21,144.76,0.7449,-1,-1,-1
845,122,846.27,483.62,79.11,135.10,0.7192,-1,-1,-1
845,129,1134.20,221.84,85.44,190.29,0.6958,-1,-1,-1
845,133,786.57,280.74,81.55,204.78,0.6265,-1,-1,-1
846,81,294.66,315.08,64.55,180.96,0.6173,-1,-1,-1
846,102,730.94,340.86,101.99,149.78,0.8124,-1,-1,-1
846,122,833.20,485.48,80.34,134.02,0.5923,-1,-1,-1
846,129,1137.95,220.78,83.33,190.02,0.6307,-1,-1,-1
846,133,795.57,278.34,76.80,193.58,0.6549,-1,-1,-1
847,81,291.33,312.71,64.66,181.45,0.6069,-1,-1,-1
847,102,734.44,341.17,104.55,148.74,0.7594,-1,-1,-1
847,122,821.15,480.81,85.29,139.67,0.6375,-1,-1,-1
847,129,1141.73,221.11,80.63,188.37,0.5933,-1,-1,-1
847,130,385.03,513.77,108.53,200.08,0.6188,-1,-1,-1
847,131,625.54,532.66,97.59,186.22,0.6363,-1,-1,-1
847,133,804.21,276.67,73.74,186.59,0.6481,-1,-1,-1
848,81,287.40,309.34,65.69,184.20,0.5759,-1,-1,-1
848,102,736.55,342.32,108.07,149.03,0.7184,-1,-1,-1
848,122,809.06,478.57,87.44,141.78,0.6458,-1,-1,-1
848,129,1144.42,218.09,79.68,190.44,0.5676,-1,-1,-1
848,130,386.32,514.10,106.33,200.85,0.5777,-1,-1,-1
848,133,813.51,275.71,73.10,186.70,0.7005,-1,-1,-1
849,102,739.58,341.11,103.59,137.94,0.7556,-1,-1,-1
849,122,793.45,470.34,92.32,149.98,0.6940,-1,-1,-1
849,129,1147.71,213.17,79.61,193.60,0.6585,-1,-1,-1
849,130,387.70,515.10,103.94,201.07,0.5893,-1,-1,-1
849,133,831.89,284.84,71.98,180.92,0.7583,-1,-1,-1
850,102,741.63,335.05,107.10,141.02,0.7342,-1,-1,-1
850,122,793.05,466.56,91.53,154.09,0.7212,-1,-1,-1
850,129,1151.38,211.21,78.72,194.13,0.6225,-1,-1,-1
850,131,610.40,510.86,101.15,198.57,0.6298,-1,-1,-1
850,133,845.62,289.59,73.85,180.63,0.7646,-1,-1,-1
851,81,279.45,307.07,66.21,186.09,0.5984,-1,-1,-1
851,102,744.91,330.44,111.78,146.71,0.7746,-1,-1,-1
851,122,790.58,462.12,89.85,157.60,0.5988,-1,-1,-1
851,129,1156.99,213.50,77.76,190.89,0.6757,-1,-1,-1
851,131,606.87,504.26,99.50,199.82,0.7818,-1,-1,-1
851,133,857.33,288.81,77.41,183.53,0.8081,-1,-1,-1
852,81,276.32,302.02,68.15,192.41,0.5915,-1,-1,-1
852,129,1159.34,214.15,77.76,188.44,0.6596,-1,-1,-1
852,133,867.16,296.73,78.27,177.03,0.7907,-1,-1,-1
853,122,756.57,425.18,109.44,194.06,0.7485,-1,-1,-1
853,129,1157.84,215.50,78.17,186.12,0.5981,-1,-1,-1
853,133,874.56,304.19,79.61,170.28,0.8233,-1,-1,-1
854,81,269.57,296.93,70.31,196.91,0.5977,-1,-1,-1
854,102,776.15,308.02,130.85,181.21,0.6634,-1,-1,-1
854,122,735.63,400.22,118.55,217.30,0.6891,-1,-1,-1
854,129,1158.21,220.80,77.94,179.22,0.6151,-1,-1,-1
854,131,602.07,472.29,85.60,161.73,0.5999,-1,-1,-1
854,133,875.17,307.07,88.69,178.54,0.8493,-1,-1,-1
855,102,785.83,301.97,128.38,187.94,0.6689,-1,-1,-1
855,122,725.85,391.23,119.67,226.79,0.7192,-1,-1,-1
855,129,1159.72,224.87,78.57,174.04,0.6778,-1,-1,-1
855,130,350.53,506.58,109.02,205.95,0.6209,-1,-1,-1
855,131,609.23,454.30,86.42,163.60,0.5571,-1,-1,-1
855,133,871.52,301.09,98.71,188.76,0.8614,-1,-1,-1
856,102,795.62,296.35,123.01,189.59,0.6491,-1,-1,-1
856,122,726.09,392.41,116.90,225.17,0.5890,-1,-1,-1
856,129,1161.84,225.43,80.74,172.34,0.5995,-1,-1,-1
856,130,349.26,504.98,111.71,207.17,0.7205,-1,-1,-1
856,131,605.82,429.04,97.37,185.89,0.7986,-1,-1,-1
856,133,871.96,303.46,100.81,182.03,0.7832,-1,-1,-1
857,102,800.25,292.89,120.52,193.78,0.7721,-1,-1,-1
857,122,714.47,372.54,122.33,240.69,0.6449,-1,-1,-1
857,130,351.92,505.26,112.67,206.59,0.6444,-1,-1,-1
857,131,604.95,410.55,104.67,200.08,0.8260,-1,-1,-1
857,133,875.90,305.84,101.49,174.03,0.6612,-1,-1,-1
858,102,809.40,291.36,116.45,195.16,0.7770,-1,-1,-1
858,122,701.64,360.63,120.30,243.54,0.7175,-1,-1,-1
858,130,356.25,507.85,112.85,205.52,0.6578,-1,-1,-1
858,131,603.32,394.13,113.79,218.30,0.8435,-1,-1,-1
858,134,0.00,416.71,78.11,200.23,0.5747,-1,-1,-1
859,81,262.35,273.95,74.86,207.75,0.5513,-1,-1,-1
859,102,819.78,292.43,112.59,194.60,0.7738,-1,-1,-1
859,122,692.98,360.09,112.50,233.59,0.8036,-1,-1,-1
859,130,378.22,514.37,117.38,203.32,0.5712,-1,-1,-1
859,131,600.63,380.45,121.71,233.18,0.8315,-1,-1,-1
859,133,911.37,304.63,102.87,168.01,0.7680,-1,-1,-1
859,134,0.00,416.93,73.55,194.30,0.6414,-1,-1,-1
860,81,260.31,270.46,75.66,209.04,0.5666,-1,-1,-1
860,102,825.50,290.14,111.02,197.94,0.8221,-1,-1,-1
860,122,686.60,362.47,105.43,223.96,0.7629,-1,-1,-1
860,131,599.14,372.87,125.48,240.57,0.8203,-1,-1,-1
860,133,927.34,306.70,104.62,162.92,0.7878,-1,-1,-1
860,134,0.00,420.70,69.93,186.27,0.5970,-1,-1,-1
861,81,260.23,278.75,73.30,200.30,0.5538,-1,-1,-1
861,102,830.28,292.73,107.96,197.02,0.8393,-1,-1,-1
861,122,670.39,328.12,115.56,252.11,0.7807,-1,-1,-1
861,131,594.17,366.27,124.81,240.84,0.8418,-1,-1,-1
861,133,953.82,307.49,103.55,160.33,0.7810,-1,-1,-1
862,102,834.88,297.04,104.93,194.68,0.8695,-1,-1,-1
862,122,661.28,319.03,116.08,259.48,0.7818,-1,-1,-1
862,131,591.18,361.05,121.20,235.91,0.7748,-1,-1,-1
862,133,965.08,306.53,104.34,158.72,0.8176,-1,-1,-1
863,102,840.17,301.05,103.88,193.23,0.8937,-1,-1,-1
863,122,651.05,310.01,116.79,265.95,0.8122,-1,-1,-1
863,131,586.73,353.75,122.57,238.06,0.7256,-1,-1,-1
863,133,971.54,303.32,108.67,161.76,0.8570,-1,-1,-1
864,102,848.32,303.60,105.67,191.97,0.8820,-1,-1,-1
864,122,644.41,329.14,105.65,240.88,0.7841,-1,-1,-1
864,131,571.79,341.81,122.28,243.33,0.7822,-1,-1,-1
864,133,984.33,300.84,114.24,163.94,0.8567,-1,-1,-1
865,102,851.79,304.54,108.40,191.33,0.8800,-1,-1,-1
865,122,636.33,327.70,105.56,239.75,0.7865,-1,-1,-1
865,129,1204.14,186.91,75.86,196.70,0.5863,-1,-1,-1
865,131,565.96,335.42,114.35,233.10,0.8186,-1,-1,-1
865,133,992.20,296.86,121.95,169.67,0.8405,-1,-1,-1
866,81,262.23,285.11,67.75,184.50,0.5641,-1,-1,-1
866,102,851.26,302.13,112.36,193.55,0.8699,-1,-1,-1
866,122,631.94,335.29,102.32,230.22,0.8288,-1,-1,-1
866,131,563.76,331.09,110.46,228.38,0.8445,-1,-1,-1
866,133,996.12,292.89,133.56,181.74,0.8816,-1,-1,-1
867,81,263.49,284.56,66.79,181.33,0.5744,-1,-1,-1
867,102,851.49,298.95,115.88,194.77,0.8934,-1,-1,-1
867,122,625.72,342.16,100.28,220.86,0.8450,-1,-1,-1
867,129,1206.22,168.13,73.78,210.15,0.6419,-1,-1,-1
867,131,560.98,328.59,106.42,222.67,0.8213,-1,-1,-1
867,133,1002.32,292.83,138.99,185.36,0.8748,-1,-1,-1
868,81,264.34,280.97,66.43,179.10,0.6276,-1,-1,-1
868,102,853.99,296.28,119.20,195.41,0.9000,-1,-1,-1
868,122,620.88,347.60,98.03,212.37,0.8201,-1,-1,-1
868,129,1208.68,151.28,71.32,222.45,0.6014,-1,-1,-1
868,131,556.15,326.57,104.08,220.07,0.8346,-1,-1,-1
868,133,1008.53,292.58,143.21,187.42,0.8602,-1,-1,-1
869,102,867.67,297.26,118.80,190.25,0.8904,-1,-1,-1
869,122,617.98,364.19,89.25,190.29,0.8060,-1,-1,-1
869,131,549.61,324.67,99.71,212.40,0.8378,-1,-1,-1
869,133,1035.02,297.89,136.75,178.50,0.7119,-1,-1,-1
870,102,880.61,296.37,119.35,187.67,0.8862,-1,-1,-1
870,122,616.16,372.47,84.22,176.37,0.7726,-1,-1,-1
870,131,546.15,322.89,97.94,211.04,0.8221,-1,-1,-1
870,133,1060.00,297.20,132.26,176.03,0.7732,-1,-1,-1
871,102,893.24,295.70,117.60,182.60,0.8795,-1,-1,-1
871,122,607.77,374.68,83.48,168.61,0.6564,-1,-1,-1
871,131,544.87,319.77,96.97,211.77,0.7441,-1,-1,-1
871,133,1080.51,292.81,129.83,176.53,0.8637,-1,-1,-1
872,102,907.07,296.32,115.51,178.70,0.8876,-1,-1,-1
872,122,602.22,375.29,83.32,163.57,0.7822,-1,-1,-1
872,131,542.07,313.66,97.72,214.47,0.7901,-1,-1,-1
872,133,1093.63,289.61,126.45,174.26,0.8212,-1,-1,-1
873,102,917.46,295.15,114.29,175.90,0.8998,-1,-1,-1
873,122,597.06,374.76,83.93,160.19,0.8337,-1,-1,-1
873,131,539.89,308.26,96.97,212.25,0.7661,-1,-1,-1
873,133,1102.24,281.74,129.74,178.45,0.8590,-1,-1,-1
873,136,1169.68,656.48,68.89,63.52,0.6575,-1,-1,-1
874,102,922.27,291.39,119.82,181.53,0.9146,-1,-1,-1
874,122,592.17,372.28,83.60,155.03,0.8237,-1,-1,-1
874,131,537.28,297.17,91.47,193.61,0.8577,-1,-1,-1
874,133,1114.61,272.11,140.89,188.65,0.8763,-1,-1,-1
874,136,1182.27,641.39,84.35,78.32,0.6930,-1,-1,-1
875,102,926.43,289.33,124.81,186.64,0.9219,-1,-1,-1
875,122,587.19,369.54,85.07,152.60,0.8287,-1,-1,-1
875,131,534.43,288.34,92.08,188.08,0.8745,-1,-1,-1
875,133,1113.98,252.76,157.19,208.35,0.8599,-1,-1,-1
875,136,1194.59,631.50,85.41,88.37,0.7436,-1,-1,-1
875,137,555.96,513.31,109.65,107.83,0.5891,-1,-1,-1
876,102,928.73,283.79,131.49,194.32,0.9233,-1,-1,-1
876,122,582.37,366.26,85.37,148.11,0.8073,-1,-1,-1
876,131,533.14,279.63,97.07,190.44,0.8596,-1,-1,-1
876,133,1119.92,258.96,155.59,203.31,0.8648,-1,-1,-1
876,136,1199.60,622.43,80.40,97.32,0.6568,-1,-1,-1
877,102,932.29,281.19,135.64,198.17,0.9275,-1,-1,-1
877,122,578.26,362.75,88.19,147.85,0.7798,-1,-1,-1
877,131,529.75,268.95,104.13,196.22,0.7956,-1,-1,-1
877,133,1124.69,260.79,155.31,203.31,0.8733,-1,-1,-1
878,102,937.04,280.35,137.63,199.09,0.8777,-1,-1,-1
878,122,573.13,359.68,91.36,147.94,0.7872,-1,-1,-1
878,131,525.69,258.14,111.65,202.10,0.8025,-1,-1,-1
878,133,1130.08,260.66,149.92,202.78,0.8291,-1,-1,-1
879,102,952.36,278.34,135.09,195.15,0.8637,-1,-1,-1
879,122,563.19,352.33,98.73,155.00,0.7882,-1,-1,-1
879,131,525.23,242.25,112.90,196.46,0.8490,-1,-1,-1
880,102,967.61,277.10,130.86,191.27,0.8946,-1,-1,-1
880,122,553.65,347.67,105.40,160.84,0.8039,-1,-1,-1
880,131,528.00,230.83,111.33,186.91,0.8634,-1,-1,-1
880,133,1164.55,258.63,115.45,197.10,0.5964,-1,-1,-1
880,137,584.18,485.66,138.84,138.28,0.5992,-1,-1,-1
881,102,977.70,274.98,128.00,188.65,0.8874,-1,-1,-1
881,122,547.26,343.58,109.39,162.19,0.8613,-1,-1,-1
881,131,531.72,225.11,105.45,168.98,0.8633,-1,-1,-1
881,133,1179.30,263.56,100.70,187.24,0.8000,-1,-1,-1
881,137,582.19,481.36,163.80,167.69,0.7822,-1,-1,-1
882,102,978.65,270.08,127.34,186.68,0.8601,-1,-1,-1
882,122,542.64,340.60,109.70,158.08,0.8013,-1,-1,-1
882,131,534.33,219.57,102.56,156.46,0.8572,-1,-1,-1
882,133,1180.90,261.11,99.10,185.60,0.7150,-1,-1,-1
882,137,598.77,478.73,148.36,155.21,0.6008,-1,-1,-1
883,102,973.50,265.20,131.33,190.74,0.8844,-1,-1,-1
883,122,539.87,339.81,110.22,155.08,0.8043,-1,-1,-1
883,131,531.76,215.64,102.83,151.83,0.8538,-1,-1,-1
883,133,1178.09,258.26,101.91,183.49,0.7516,-1,-1,-1
884,102,962.73,260.31,133.95,191.11,0.8850,-1,-1,-1
884,122,535.96,336.01,110.28,152.44,0.8344,-1,-1,-1
884,131,518.29,203.94,108.72,154.94,0.8341,-1,-1,-1
884,133,1175.04,263.89,104.96,168.11,0.8475,-1,-1,-1
884,137,618.33,467.92,146.10,156.48,0.8085,-1,-1,-1
885,102,952.84,259.83,135.91,190.36,0.8843,-1,-1,-1
885,122,525.97,331.94,113.26,152.25,0.8204,-1,-1,-1
885,131,504.98,194.87,113.61,156.42,0.8089,-1,-1,-1
885,133,1169.94,257.77,108.60,161.40,0.7600,-1,-1,-1
885,137,620.18,460.62,144.29,158.05,0.7558,-1,-1,-1
886,102,941.88,255.23,140.72,194.74,0.8808,-1,-1,-1
886,122,513.92,326.59,116.42,151.26,0.8441,-1,-1,-1
886,131,488.96,183.24,124.21,166.88,0.8554,-1,-1,-1
886,133,1168.04,254.87,102.58,147.59,0.7934,-1,-1,-1
886,137,606.50,452.39,149.14,165.83,0.6827,-1,-1,-1
887,102,935.86,252.35,141.14,194.28,0.7827,-1,-1,-1
887,122,500.94,322.02,121.88,153.19,0.8437,-1,-1,-1
887,131,475.60,172.34,132.02,174.01,0.8631,-1,-1,-1
887,133,1165.93,252.05,99.46,137.39,0.8394,-1,-1,-1
887,137,589.12,443.60,157.39,177.25,0.8022,-1,-1,-1
888,102,930.50,249.23,139.57,192.11,0.8747,-1,-1,-1
888,122,488.08,318.49,126.42,153.41,0.8826,-1,-1,-1
888,131,466.59,166.97,130.50,167.41,0.7464,-1,-1,-1
888,137,574.59,436.30,160.92,182.86,0.7639,-1,-1,-1
889,102,925.98,244.28,133.55,187.24,0.8586,-1,-1,-1
889,122,467.03,314.35,131.81,155.02,0.8392,-1,-1,-1
889,131,453.49,155.26,121.37,152.72,0.7871,-1,-1,-1
889,133,1144.07,228.76,133.85,185.45,0.7506,-1,-1,-1
889,137,561.76,426.70,161.35,184.79,0.7924,-1,-1,-1
890,102,915.15,239.20,130.28,184.27,0.8853,-1,-1,-1
890,122,453.57,310.84,134.49,153.28,0.8429,-1,-1,-1
890,131,447.47,158.92,109.64,136.11,0.7940,-1,-1,-1
890,133,1143.16,221.32,136.08,194.31,0.7026,-1,-1,-1
890,137,574.66,420.00,158.67,191.28,0.5631,-1,-1,-1
890,143,1150.41,493.81,122.35,226.19,0.8412,-1,-1,-1
891,102,896.59,235.17,130.51,184.88,0.8869,-1,-1,-1
891,122,437.23,307.23,132.54,151.27,0.8248,-1,-1,-1
891,131,438.49,148.70,109.53,136.92,0.7805,-1,-1,-1
891,133,1132.83,229.38,126.37,181.97,0.8260,-1,-1,-1
891,143,1141.75,483.85,122.88,228.32,0.8409,-1,-1,-1
892,102,878.21,240.07,127.39,179.75,0.8896,-1,-1,-1
892,122,436.80,302.98,134.23,151.83,0.8971,-1,-1,-1
892,131,430.89,136.89,112.58,142.96,0.8178,-1,-1,-1
892,133,1114.93,221.51,126.46,182.26,0.8236,-1,-1,-1
892,143,1119.50,470.57,122.78,228.97,0.8611,-1,-1,-1
892,144,100.81,156.66,136.31,165.91,0.8567,-1,-1,-1
893,102,853.92,220.55,139.83,199.11,0.9028,-1,-1,-1
893,122,418.66,299.46,132.40,149.50,0.7714,-1,-1,-1
893,131,416.70,133.46,113.80,143.86,0.8540,-1,-1,-1
893,133,1093.29,213.30,130.53,186.29,0.8847,-1,-1,-1
893,143,1097.19,456.42,123.83,231.50,0.8665,-1,-1,-1
893,144,88.24,153.98,132.44,161.02,0.8676,-1,-1,-1
894,102,829.11,218.27,138.00,195.77,0.8804,-1,-1,-1
894,122,382.75,292.15,136.60,154.37,0.8521,-1,-1,-1
894,131,389.75,117.99,118.05,147.75,0.8240,-1,-1,-1
894,133,1081.83,199.27,144.44,190.14,0.7936,-1,-1,-1
894,137,516.21,383.83,163.57,201.49,0.8338,-1,-1,-1
894,143,1061.98,434.38,120.73,224.68,0.8467,-1,-1,-1
894,144,72.62,149.04,121.76,147.86,0.8742,-1,-1,-1
895,102,809.99,215.64,136.96,194.19,0.8277,-1,-1,-1
895,122,364.61,286.47,139.47,155.61,0.8770,-1,-1,-1
895,131,370.56,101.65,123.17,152.44,0.8399,-1,-1,-1
895,133,1044.64,191.88,148.91,191.90,0.8888,-1,-1,-1
895,137,501.77,373.20,161.12,200.21,0.8810,-1,-1,-1
895,143,1041.82,420.99,115.54,212.61,0.7744,-1,-1,-1
895,144,61.40,146.17,117.43,142.92,0.8398,-1,-1,-1
896,102,796.44,213.34,133.41,190.55,0.6286,-1,-1,-1
896,122,347.64,282.78,140.53,156.12,0.8684,-1,-1,-1
896,131,356.51,97.64,120.14,146.59,0.7418,-1,-1,-1
896,133,1020.75,187.28,151.32,191.63,0.9070,-1,-1,-1
896,137,492.86,366.49,157.13,194.10,0.8777,-1,-1,-1
896,143,1021.01,410.32,114.66,207.38,0.8221,-1,-1,-1
896,144,53.40,142.32,115.82,142.33,0.8008,-1,-1,-1
897,102,794.20,209.28,131.40,187.11,0.7864,-1,-1,-1
897,122,336.50,279.98,132.39,145.09,0.7915,-1,-1,-1
897,131,345.63,97.64,115.07,139.09,0.7150,-1,-1,-1
897,133,999.68,182.42,153.66,194.38,0.8450,-1,-1,-1
897,137,484.31,361.10,154.75,190.43,0.7951,-1,-1,-1
897,143,1004.59,402.32,113.23,201.47,0.8890,-1,-1,-1
897,144,42.39,134.10,117.86,146.08,0.8304,-1,-1,-1
898,102,792.65,223.20,115.40,165.86,0.6314,-1,-1,-1
898,122,327.85,277.07,126.59,137.78,0.6669,-1,-1,-1
898,131,341.45,96.38,111.40,133.46,0.7168,-1,-1,-1
898,133,986.35,189.49,144.10,183.34,0.7752,-1,-1,-1
898,137,501.76,355.92,146.10,188.53,0.7042,-1,-1,-1
898,143,989.96,394.75,112.48,198.10,0.8629,-1,-1,-1
898,144,24.71,133.71,112.68,140.37,0.7582,-1,-1,-1
899,102,766.03,205.10,119.93,174.03,0.7528,-1,-1,-1
899,122,324.21,269.27,118.95,131.26,0.7246,-1,-1,-1
899,131,336.72,93.27,108.45,131.91,0.7508,-1,-1,-1
899,133,973.84,181.45,142.03,184.55,0.7906,-1,-1,-1
899,137,497.03,348.12,137.29,185.73,0.6030,-1,-1,-1
899,143,971.31,381.37,110.99,196.76,0.8049,-1,-1,-1
899,144,0.53,116.44,121.13,151.70,0.8703,-1,-1,-1
899,146,764.03,519.20,82.97,101.09,0.6983,-1,-1,-1
900,102,744.95,196.63,121.80,176.94,0.7734,-1,-1,-1
900,122,307.97,263.97,127.69,143.33,0.8527,-1,-1,-1
900,133,965.80,174.83,138.22,184.32,0.7956,-1,-1,-1
900,137,487.88,341.68,130.41,181.29,0.6937,-1,-1,-1
900,143,958.98,371.56,110.00,196.33,0.7885,-1,-1,-1
900,144,0.00,110.01,112.75,149.75,0.8482,-1,-1,-1
900,146,758.35,517.64,85.41,104.45,0.6795,-1,-1,-1
901,102,728.02,191.87,123.46,179.11,0.8558,-1,-1,-1
901,122,292.99,258.10,132.43,150.20,0.8473,-1,-1,-1
901,131,310.69,87.17,107.02,131.06,0.6866,-1,-1,-1
901,133,953.48,168.59,136.90,185.06,0.7988,-1,-1,-1
901,137,481.57,334.92,130.73,183.64,0.7862,-1,-1,-1
901,143,938.12,359.59,111.46,199.34,0.7321,-1,-1,-1
901,144,0.00,109.14,106.58,147.36,0.6876,-1,-1,-1
901,146,756.11,515.39,88.54,108.55,0.6561,-1,-1,-1
901,148,936.68,663.14,79.37,56.86,0.5901,-1,-1,-1
902,102,715.59,193.34,121.48,174.02,0.8707,-1,-1,-1
902,122,279.90,254.79,135.18,153.80,0.8522,-1,-1,-1
902,131,298.25,84.24,109.54,134.27,0.7704,-1,-1,-1
902,133,939.64,164.52,136.03,184.27,0.8020,-1,-1,-1
902,137,470.99,328.22,132.74,187.40,0.8869,-1,-1,-1
902,143,930.57,350.72,108.79,194.50,0.7698,-1,-1,-1
902,144,0.00,109.97,101.57,144.10,0.7254,-1,-1,-1
902,146,755.97,513.40,87.86,108.03,0.6742,-1,-1,-1
902,148,929.84,670.63,69.11,49.37,0.6402,-1,-1,-1
903,102,702.67,193.46,122.26,172.73,0.8999,-1,-1,-1
903,122,270.89,253.36,132.64,150.16,0.8791,-1,-1,-1
903,131,289.06,80.23,111.78,135.46,0.7657,-1,-1,-1
903,133,919.84,163.17,135.31,184.10,0.8380,-1,-1,-1
903,137,456.91,322.64,133.67,189.87,0.8420,-1,-1,-1
903,143,920.34,341.29,100.50,179.25,0.8197,-1,-1,-1
903,144,0.00,108.69,97.43,145.00,0.7927,-1,-1,-1
903,146,755.72,510.59,88.15,108.75,0.7591,-1,-1,-1
904,102,691.36,194.58,123.26,172.91,0.6909,-1,-1,-1
904,122,261.21,252.92,130.96,146.93,0.6688,-1,-1,-1
904,131,285.34,78.67,111.00,131.15,0.7652,-1,-1,-1
904,133,904.49,162.54,135.47,183.35,0.8791,-1,-1,-1
904,137,448.51,318.40,129.66,184.16,0.8563,-1,-1,-1
904,143,903.84,332.98,99.80,176.84,0.8124,-1,-1,-1
904,144,0.00,106.82,88.27,148.23,0.7942,-1,-1,-1
905,102,673.91,191.41,122.15,173.73,0.7701,-1,-1,-1
905,131,273.63,75.95,110.17,129.84,0.6933,-1,-1,-1
905,133,882.92,162.96,136.97,182.55,0.8540,-1,-1,-1
905,137,439.48,313.76,128.83,179.80,0.8961,-1,-1,-1
905,143,874.35,324.41,100.85,175.32,0.7730,-1,-1,-1
905,144,0.00,106.48,79.41,145.30,0.6958,-1,-1,-1
905,146,736.93,505.07,92.55,114.64,0.5567,-1,-1,-1
906,102,668.04,191.66,117.19,169.52,0.7885,-1,-1,-1
906,133,867.59,165.01,137.08,180.37,0.8663,-1,-1,-1
906,137,431.73,311.88,127.90,176.97,0.8517,-1,-1,-1
906,143,851.93,318.76,102.87,174.31,0.7975,-1,-1,-1
906,144,0.00,103.27,71.68,144.83,0.6852,-1,-1,-1
906,146,732.41,504.27,92.65,115.66,0.7021,-1,-1,-1
907,102,666.07,192.71,112.82,167.39,0.6527,-1,-1,-1
907,122,264.05,254.53,112.98,125.96,0.7106,-1,-1,-1
907,133,853.98,167.38,135.45,177.94,0.6678,-1,-1,-1
907,137,426.66,310.70,126.50,177.19,0.7786,-1,-1,-1
907,143,840.77,315.70,102.15,172.14,0.6915,-1,-1,-1
907,144,0.00,101.36,69.09,144.86,0.6945,-1,-1,-1
908,102,660.14,191.25,108.96,166.72,0.7502,-1,-1,-1
908,122,260.18,255.26,116.16,132.29,0.6662,-1,-1,-1
908,133,844.49,170.31,128.10,170.57,0.5501,-1,-1,-1
908,137,429.79,310.84,120.47,173.53,0.6915,-1,-1,-1
908,143,832.92,313.85,100.97,171.79,0.8169,-1,-1,-1
908,144,0.00,87.25,73.94,160.59,0.7471,-1,-1,-1
908,146,729.15,505.11,89.33,115.58,0.5602,-1,-1,-1
909,102,647.49,191.59,108.47,169.76,0.7951,-1,-1,-1
909,122,248.05,254.56,116.55,136.70,0.6529,-1,-1,-1
909,131,268.58,85.38,98.65,118.52,0.6073,-1,-1,-1
909,133,856.92,172.98,115.47,162.04,0.6270,-1,-1,-1
909,137,434.40,309.48,116.19,173.96,0.7867,-1,-1,-1
909,143,825.30,311.13,101.18,173.44,0.7508,-1,-1,-1
909,144,0.00,95.39,69.98,154.32,0.7707,-1,-1,-1
909,150,1194.96,302.76,74.50,154.56,0.8547,-1,-1,-1
910,102,630.73,192.05,109.27,171.85,0.8697,-1,-1,-1
910,122,227.26,254.98,120.05,143.41,0.8396,-1,-1,-1
910,131,252.50,78.38,108.27,131.53,0.8031,-1,-1,-1
910,133,845.96,173.60,111.11,162.16,0.5955,-1,-1,-1
910,137,428.88,304.54,115.24,176.57,0.8222,-1,-1,-1
910,143,809.89,317.71,94.32,163.63,0.7215,-1,-1,-1
910,146,735.69,504.43,90.10,116.20,0.6506,-1,-1,-1
910,150,1166.77,299.23,76.32,156.72,0.8813,-1,-1,-1
911,102,621.93,192.58,109.53,170.56,0.8945,-1,-1,-1
911,122,222.02,256.12,119.94,143.34,0.8420,-1,-1,-1
911,131,250.04,83.46,105.93,126.43,0.7015,-1,-1,-1
911,137,423.38,300.77,114.63,177.81,0.8874,-1,-1,-1
911,146,733.19,502.98,92.44,119.23,0.7059,-1,-1,-1
911,150,1144.75,296.75,77.16,157.05,0.8511,-1,-1,-1
912,102,615.43,194.75,110.25,169.09,0.8683,-1,-1,-1
912,122,220.81,259.82,117.18,140.22,0.8120,-1,-1,-1
912,133,833.33,171.83,104.66,158.08,0.7350,-1,-1,-1
912,137,419.06,297.22,113.16,175.36,0.8792,-1,-1,-1
912,143,785.08,298.55,96.27,168.02,0.6310,-1,-1,-1
912,146,728.92,502.31,92.75,120.02,0.7401,-1,-1,-1
912,150,1127.08,294.63,77.65,157.26,0.8685,-1,-1,-1
913,102,608.27,198.98,108.55,165.09,0.8206,-1,-1,-1
913,122,221.39,262.09,112.53,137.31,0.7456,-1,-1,-1
913,133,811.53,169.80,110.80,168.25,0.7760,-1,-1,-1
913,137,419.50,295.42,112.20,170.20,0.8879,-1,-1,-1
913,143,776.45,303.08,91.54,158.66,0.7978,-1,-1,-1
913,146,729.05,501.90,90.53,117.10,0.6959,-1,-1,-1
913,150,1115.42,292.81,76.76,155.50,0.8097,-1,-1,-1
914,102,603.10,203.10,103.57,157.23,0.6846,-1,-1,-1
914,122,232.01,264.92,106.89,134.65,0.6760,-1,-1,-1
914,133,801.13,170.11,111.99,167.97,0.7504,-1,-1,-1
914,137,419.23,296.12,111.11,164.12,0.8917,-1,-1,-1
914,143,768.22,301.72,90.69,155.87,0.7688,-1,-1,-1
914,146,729.63,502.02,88.92,115.93,0.7480,-1,-1,-1
914,150,1105.95,291.42,75.80,154.80,0.8070,-1,-1,-1
915,122,235.85,267.04,99.70,129.34,0.7122,-1,-1,-1
915,133,809.44,173.47,107.86,164.41,0.7588,-1,-1,-1
915,137,422.56,296.98,109.75,159.28,0.8151,-1,-1,-1
915,143,759.55,295.75,89.24,148.49,0.6457,-1,-1,-1
915,146,733.13,505.60,85.84,113.10,0.7156,-1,-1,-1
915,150,1086.35,290.22,74.02,153.60,0.8200,-1,-1,-1
916,102,601.01,204.84,97.71,153.57,0.6728,-1,-1,-1
916,122,233.11,267.95,96.77,126.89,0.7633,-1,-1,-1
916,133,809.88,176.97,104.79,163.11,0.7902,-1,-1,-1
916,137,438.02,296.51,106.50,156.83,0.7608,-1,-1,-1
916,143,748.21,284.14,92.12,152.62,0.6404,-1,-1,-1
916,146,735.32,505.54,85.65,115.48,0.6331,-1,-1,-1
916,150,1072.86,289.57,72.74,153.58,0.7999,-1,-1,-1
917,102,599.91,204.59,94.68,153.58,0.7245,-1,-1,-1
917,122,229.64,268.10,96.86,127.08,0.8161,-1,-1,-1
917,133,809.65,186.86,95.65,153.22,0.7234,-1,-1,-1
917,137,444.01,295.27,103.90,155.83,0.7865,-1,-1,-1
917,146,736.91,503.77,84.52,117.16,0.6737,-1,-1,-1
917,150,1063.16,291.06,71.28,152.58,0.8373,-1,-1,-1
917,154,0.69,109.99,48.16,144.27,0.7206,-1,-1,-1
918,102,594.50,202.85,93.74,154.26,0.7636,-1,-1,-1
918,122,228.45,268.97,98.14,126.59,0.8453,-1,-1,-1
918,133,804.32,181.40,94.80,158.41,0.7212,-1,-1,-1
918,137,443.45,294.55,100.95,154.40,0.8537,-1,-1,-1
918,146,737.25,502.53,82.98,119.83,0.7690,-1,-1,-1
918,150,1053.77,293.17,69.95,150.44,0.8282,-1,-1,-1
918,154,0.00,114.60,44.14,140.11,0.7322,-1,-1,-1
918,155,260.63,90.88,91.88,129.24,0.7426,-1,-1,-1
919,102,588.75,203.03,92.48,153.05,0.7781,-1,-1,-1
919,122,227.91,271.31,98.03,124.51,0.7106,-1,-1,-1
919,133,799.67,178.80,91.53,159.00,0.7044,-1,-1,-1
919,137,437.15,291.58,98.46,152.81,0.8612,-1,-1,-1
919,146,739.67,501.72,79.92,120.62,0.6424,-1,-1,-1
919,150,1043.79,295.49,69.18,148.20,0.8193,-1,-1,-1
919,155,255.83,89.75,92.35,129.75,0.6690,-1,-1,-1
920,102,576.30,202.59,91.97,149.47,0.7842,-1,-1,-1
920,122,237.89,275.69,90.06,119.21,0.6249,-1,-1,-1
920,137,441.16,289.09,83.92,129.40,0.6806,-1,-1,-1
920,143,724.29,259.01,92.11,156.06,0.7433,-1,-1,-1
920,150,1020.43,298.27,69.81,145.48,0.8820,-1,-1,-1
921,102,565.80,203.63,90.42,144.53,0.7327,-1,-1,-1
921,122,239.46,280.61,83.55,113.78,0.6193,-1,-1,-1
921,137,439.65,288.53,78.60,120.46,0.7480,-1,-1,-1
921,143,719.34,253.61,80.90,141.12,0.5966,-1,-1,-1
921,146,729.23,494.45,81.52,123.36,0.6129,-1,-1,-1
921,150,999.26,299.48,71.53,143.39,0.9024,-1,-1,-1
922,122,240.28,281.94,79.49,112.14,0.7250,-1,-1,-1
922,133,764.18,174.19,88.43,157.72,0.6083,-1,-1,-1
922,137,436.70,287.58,75.79,114.64,0.7533,-1,-1,-1
922,143,710.23,249.46,77.58,138.46,0.6334,-1,-1,-1
922,150,979.10,298.80,73.23,141.03,0.8748,-1,-1,-1
923,102,570.80,208.61,80.25,134.22,0.5653,-1,-1,-1
923,122,233.40,282.59,80.40,115.60,0.8003,-1,-1,-1
923,133,760.96,188.89,78.03,139.95,0.7155,-1,-1,-1
923,137,429.61,288.81,79.05,118.92,0.7515,-1,-1,-1
923,143,702.66,243.52,71.48,131.62,0.6921,-1,-1,-1
923,150,957.64,299.03,74.01,136.78,0.8781,-1,-1,-1
923,157,1227.21,204.39,42.54,153.65,0.7554,-1,-1,-1
924,122,227.63,281.73,83.34,120.15,0.8256,-1,-1,-1
924,133,755.99,192.31,77.44,137.55,0.7013,-1,-1,-1
924,137,421.12,288.08,86.95,131.19,0.8042,-1,-1,-1
924,143,693.17,238.39,72.25,138.42,0.6022,-1,-1,-1
924,150,940.57,298.78,74.87,134.78,0.8691,-1,-1,-1
924,157,1210.35,205.23,41.89,149.83,0.8158,-1,-1,-1
925,102,554.34,212.53,75.83,130.22,0.6219,-1,-1,-1
925,122,219.18,281.55,87.95,123.57,0.8526,-1,-1,-1
925,133,747.70,181.90,82.03,145.77,0.7737,-1,-1,-1
925,137,411.49,284.92,92.07,137.48,0.8143,-1,-1,-1
925,150,923.56,299.94,72.34,128.90,0.8491,-1,-1,-1
925,157,1187.34,206.19,44.79,154.85,0.7587,-1,-1,-1
926,102,544.28,214.41,75.15,132.78,0.6914,-1,-1,-1
926,122,216.83,283.89,93.01,125.20,0.8357,-1,-1,-1
926,133,740.14,187.88,79.84,142.01,0.6585,-1,-1,-1
926,137,411.42,283.32,83.80,118.33,0.5952,-1,-1,-1
926,146,734.03,488.20,84.32,130.71,0.5630,-1,-1,-1
926,150,914.20,301.09,70.18,125.66,0.7845,-1,-1,-1
926,155,244.43,99.71,87.29,122.84,0.6185,-1,-1,-1
926,157,1167.07,206.43,45.59,150.70,0.6720,-1,-1,-1
927,122,206.93,287.32,94.95,126.68,0.8096,-1,-1,-1
927,133,734.23,190.32,77.46,140.49,0.7050,-1,-1,-1
927,137,405.35,281.64,92.32,125.59,0.6938,-1,-1,-1
927,143,650.63,236.08,72.12,138.73,0.6139,-1,-1,-1
927,146,731.90,486.72,83.15,131.82,0.5766,-1,-1,-1
927,150,905.53,301.10,68.54,123.47,0.7921,-1,-1,-1
927,157,1154.61,209.62,44.90,145.47,0.5866,-1,-1,-1
927,160,1196.85,221.89,69.88,124.24,0.6865,-1,-1,-1
928,102,520.55,213.31,79.18,141.96,0.6228,-1,-1,-1
928,122,201.19,288.86,95.55,127.08,0.6192,-1,-1,-1
928,133,727.30,189.56,75.77,141.37,0.6501,-1,-1,-1
928,143,644.58,236.75,71.16,136.19,0.6841,-1,-1,-1
928,150,895.69,300.07,68.86,124.12,0.8073,-1,-1,-1
928,157,1132.47,209.36,46.04,143.79,0.6294,-1,-1,-1
928,160,1181.43,222.45,76.84,136.81,0.6742,-1,-1,-1
929,102,510.65,214.96,77.98,140.08,0.6299,-1,-1,-1
929,122,205.98,289.33,92.00,126.46,0.7293,-1,-1,-1
929,133,720.62,193.42,71.50,138.43,0.6178,-1,-1,-1
929,143,637.80,232.01,71.83,141.36,0.5757,-1,-1,-1
929,150,884.02,300.33,70.83,127.83,0.8008,-1,-1,-1
929,157,1126.61,209.61,45.71,142.48,0.6552,-1,-1,-1
929,160,1169.01,222.62,78.34,140.14,0.7238,-1,-1,-1
930,122,192.22,288.99,91.79,129.36,0.7303,-1,-1,-1
930,133,704.47,194.68,68.95,135.52,0.6918,-1,-1,-1
930,137,382.91,285.18,104.43,137.62,0.6544,-1,-1,-1
930,143,620.22,224.32,73.32,146.82,0.7630,-1,-1,-1
930,150,863.14,299.66,76.00,137.10,0.8193,-1,-1,-1
930,157,1105.67,205.74,47.46,147.20,0.6282,-1,-1,-1
930,160,1149.61,224.38,77.10,138.34,0.7739,-1,-1,-1
931,102,486.76,217.20,79.62,140.05,0.7024,-1,-1,-1
931,122,185.71,288.32,86.43,125.30,0.7909,-1,-1,-1
931,133,689.80,192.62,69.93,137.13,0.7277,-1,-1,-1
931,137,375.72,285.18,108.97,142.41,0.7835,-1,-1,-1
931,143,605.78,220.69,73.94,148.93,0.7643,-1,-1,-1
931,150,849.08,300.65,78.38,141.35,0.7402,-1,-1,-1
931,157,1092.31,202.85,46.46,144.46,0.7267,-1,-1,-1
931,160,1135.55,225.51,77.29,138.52,0.8104,-1,-1,-1
932,122,171.99,288.90,84.92,125.40,0.6973,-1,-1,-1
932,133,676.38,188.39,72.55,141.60,0.7230,-1,-1,-1
932,137,369.43,282.72,111.20,145.41,0.7313,-1,-1,-1
932,143,592.70,219.67,72.82,146.05,0.7546,-1,-1,-1
932,150,840.68,302.61,77.86,141.38,0.6799,-1,-1,-1
932,157,1078.70,200.93,46.06,143.93,0.7511,-1,-1,-1
932,160,1121.68,227.27,77.75,138.98,0.8093,-1,-1,-1
933,102,468.07,217.68,78.81,139.36,0.6158,-1,-1,-1
933,122,156.00,290.14,83.67,123.74,0.7451,-1,-1,-1
933,133,665.31,185.66,73.99,142.73,0.7774,-1,-1,-1
933,137,362.27,280.37,108.72,144.32,0.6271,-1,-1,-1
933,143,579.58,214.73,73.06,145.01,0.7845,-1,-1,-1
933,150,830.75,306.17,75.14,137.09,0.7429,-1,-1,-1
933,157,1065.03,201.69,45.70,143.38,0.7965,-1,-1,-1
933,160,1105.92,228.22,79.26,141.93,0.8233,-1,-1,-1
934,102,470.64,219.48,73.08,134.35,0.6022,-1,-1,-1
934,122,142.16,291.90,82.62,121.21,0.6754,-1,-1,-1
934,133,658.03,179.25,78.23,146.89,0.8071,-1,-1,-1
934,137,356.02,278.45,108.45,146.89,0.6645,-1,-1,-1
934,143,569.40,212.03,72.80,141.20,0.7602,-1,-1,-1
934,150,825.22,309.47,72.00,132.40,0.7404,-1,-1,-1
934,157,1051.05,201.31,45.34,141.84,0.7490,-1,-1,-1
934,160,1089.82,230.13,80.66,144.93,0.8120,-1,-1,-1
935,102,461.51,219.12,67.69,129.22,0.6233,-1,-1,-1
935,122,139.04,298.92,76.72,115.53,0.6784,-1,-1,-1
935,133,644.16,183.86,79.63,142.73,0.7566,-1,-1,-1
935,137,341.22,278.80,107.67,151.20,0.6696,-1,-1,-1
935,143,550.17,209.49,72.11,135.94,0.6873,-1,-1,-1
935,150,813.38,312.90,68.40,127.10,0.7565,-1,-1,-1
935,157,1026.65,205.57,45.81,142.37,0.6282,-1,-1,-1
935,160,1062.00,235.93,79.49,144.55,0.6322,-1,-1,-1
936,102,444.36,219.31,69.20,133.34,0.6954,-1,-1,-1
936,122,131.49,305.90,74.49,114.56,0.6057,-1,-1,-1
936,133,632.55,188.45,80.24,138.37,0.7339,-1,-1,-1
936,137,337.32,281.49,101.84,149.35,0.7138,-1,-1,-1
936,150,801.85,314.76,65.91,122.61,0.7373,-1,-1,-1
936,157,1008.63,208.57,45.60,139.15,0.6845,-1,-1,-1
936,160,1041.15,242.19,77.17,142.51,0.6255,-1,-1,-1
937,102,427.92,219.16,73.04,140.50,0.7537,-1,-1,-1
937,122,126.34,310.39,85.96,132.84,0.6043,-1,-1,-1
937,133,619.16,186.01,84.72,143.89,0.7638,-1,-1,-1
937,137,334.22,284.57,95.82,145.71,0.7076,-1,-1,-1
937,143,524.83,207.39,70.47,131.04,0.6761,-1,-1,-1
937,150,787.99,315.29,68.76,128.98,0.6753,-1,-1,-1
937,157,991.33,208.31,46.94,142.30,0.6350,-1,-1,-1
938,102,413.23,218.10,74.79,142.66,0.7929,-1,-1,-1
938,122,114.18,313.54,84.57,134.26,0.6676,-1,-1,-1
938,133,611.07,193.86,81.68,136.58,0.7085,-1,-1,-1
938,137,323.91,287.74,85.12,136.63,0.6959,-1,-1,-1
938,143,513.47,206.77,71.63,133.26,0.6931,-1,-1,-1
938,146,699.88,483.75,83.86,135.48,0.7407,-1,-1,-1
938,150,772.10,315.58,70.98,131.70,0.5734,-1,-1,-1
938,157,976.26,210.08,43.75,129.97,0.5953,-1,-1,-1
938,160,1007.25,247.18,75.27,140.25,0.6671,-1,-1,-1
939,102,401.10,218.22,77.63,144.61,0.7765,-1,-1,-1
939,122,103.53,315.41,78.75,127.24,0.7229,-1,-1,-1
939,137,316.51,290.89,78.23,130.35,0.6301,-1,-1,-1
939,143,503.74,205.48,71.95,134.40,0.7116,-1,-1,-1
939,146,692.97,484.05,82.12,134.66,0.6081,-1,-1,-1
939,157,959.83,209.83,42.59,123.67,0.5687,-1,-1,-1
940,102,381.85,223.28,80.09,141.93,0.7350,-1,-1,-1
940,122,83.13,317.66,71.84,118.14,0.6739,-1,-1,-1
940,133,593.51,195.78,79.36,133.30,0.6386,-1,-1,-1
940,137,293.04,289.96,73.25,122.20,0.6541,-1,-1,-1
940,143,484.02,206.54,70.12,132.93,0.5670,-1,-1,-1
940,150,738.93,319.39,74.82,141.14,0.6371,-1,-1,-1
940,157,932.18,209.29,43.45,122.68,0.6934,-1,-1,-1
940,160,959.36,255.59,70.27,131.33,0.6692,-1,-1,-1
941,102,372.08,227.47,79.01,139.71,0.5613,-1,-1,-1
941,122,61.10,319.77,77.85,132.21,0.7843,-1,-1,-1
941,133,580.92,195.18,79.27,133.89,0.7336,-1,-1,-1
941,137,276.77,289.81,73.40,119.44,0.6931,-1,-1,-1
941,143,466.60,199.43,70.89,135.11,0.6703,-1,-1,-1
941,146,662.50,473.60,84.77,144.77,0.5760,-1,-1,-1
941,150,729.65,321.76,73.04,142.44,0.7518,-1,-1,-1
941,157,910.99,208.84,45.82,125.42,0.6254,-1,-1,-1
941,160,935.31,239.63,78.54,146.41,0.5554,-1,-1,-1
942,102,353.99,229.96,79.27,138.02,0.6163,-1,-1,-1
942,133,562.85,193.87,81.46,138.33,0.7740,-1,-1,-1
942,137,263.99,288.45,69.85,108.86,0.6298,-1,-1,-1
942,143,449.84,192.45,74.17,142.71,0.7028,-1,-1,-1
942,150,716.30,322.49,71.84,142.15,0.7737,-1,-1,-1
943,102,342.20,231.99,76.40,133.11,0.6804,-1,-1,-1
943,122,28.98,324.69,81.46,138.28,0.6623,-1,-1,-1
943,133,545.90,186.26,87.09,148.41,0.7867,-1,-1,-1
943,137,247.80,288.79,88.17,134.50,0.8165,-1,-1,-1
943,143,437.18,192.90,72.25,137.59,0.7628,-1,-1,-1
943,146,632.78,457.18,90.70,161.97,0.7655,-1,-1,-1
943,150,708.09,326.63,65.68,132.36,0.6736,-1,-1,-1
943,160,890.87,224.53,90.29,163.56,0.6665,-1,-1,-1
944,102,334.01,231.86,75.66,132.49,0.7272,-1,-1,-1
944,122,19.45,327.42,79.65,134.15,0.6086,-1,-1,-1
944,133,533.37,190.06,85.91,144.93,0.8003,-1,-1,-1
944,137,234.69,288.67,95.09,142.21,0.7865,-1,-1,-1
944,143,425.62,190.60,72.94,136.62,0.7674,-1,-1,-1
944,150,701.46,328.87,56.65,115.13,0.7240,-1,-1,-1
945,102,319.18,230.22,77.97,140.37,0.7364,-1,-1,-1
945,122,2.47,335.05,81.27,137.02,0.7160,-1,-1,-1
945,133,518.00,195.36,83.67,137.01,0.7663,-1,-1,-1
945,137,217.09,291.55,100.32,150.24,0.8195,-1,-1,-1
945,143,407.63,193.53,69.83,128.20,0.5555,-1,-1,-1
945,146,613.03,431.99,98.95,183.17,0.7212,-1,-1,-1
945,150,674.52,331.40,67.23,138.08,0.7106,-1,-1,-1
945,157,825.71,211.93,53.79,140.92,0.6419,-1,-1,-1
945,160,853.80,235.47,85.89,149.17,0.6605,-1,-1,-1
946,102,304.77,230.35,78.37,144.00,0.6719,-1,-1,-1
946,122,0.00,340.54,75.87,133.12,0.7353,-1,-1,-1
946,133,505.82,198.51,84.70,135.96,0.8244,-1,-1,-1
946,137,210.48,294.50,100.73,150.76,0.7779,-1,-1,-1
946,143,393.58,194.95,67.65,123.67,0.5687,-1,-1,-1
946,146,606.34,424.15,99.92,190.56,0.6057,-1,-1,-1
946,150,667.71,332.11,71.84,147.28,0.7875,-1,-1,-1
946,157,804.89,207.96,59.10,149.98,0.5517,-1,-1,-1
946,160,835.74,250.21,81.13,133.73,0.7653,-1,-1,-1
947,102,292.69,229.98,78.48,147.24,0.7277,-1,-1,-1
947,122,0.00,345.22,66.04,134.33,0.7444,-1,-1,-1
947,133,494.29,199.47,84.17,135.37,0.7464,-1,-1,-1
947,137,206.51,296.52,99.13,149.02,0.7897,-1,-1,-1
947,143,383.75,196.78,65.11,119.73,0.5872,-1,-1,-1
947,150,659.85,333.56,74.65,151.96,0.7616,-1,-1,-1
947,157,785.54,209.24,62.80,156.74,0.5807,-1,-1,-1
947,160,818.13,248.91,82.73,132.35,0.7264,-1,-1,-1
948,102,285.99,230.92,78.39,147.87,0.7763,-1,-1,-1
948,133,489.36,201.36,80.38,132.35,0.6738,-1,-1,-1
948,137,202.66,297.12,97.19,148.10,0.8078,-1,-1,-1
948,150,653.07,337.39,75.94,152.68,0.8009,-1,-1,-1
948,157,767.73,208.50,66.85,162.17,0.6269,-1,-1,-1
948,160,804.15,250.19,82.62,128.86,0.6656,-1,-1,-1
948,165,683.72,100.06,59.51,108.22,0.8031,-1,-1,-1
949,102,278.38,231.15,80.39,150.04,0.8194,-1,-1,-1
949,133,485.34,201.70,77.21,130.96,0.7498,-1,-1,-1
949,137,198.54,298.11,96.07,147.43,0.8870,-1,-1,-1
949,143,368.30,193.94,64.93,121.78,0.5541,-1,-1,-1
949,150,646.64,340.78,76.31,153.12,0.7679,-1,-1,-1
949,157,751.02,206.20,66.45,156.87,0.5957,-1,-1,-1
949,160,789.62,249.75,82.98,127.58,0.6702,-1,-1,-1
949,165,677.39,102.40,57.83,105.50,0.7014,-1,-1,-1
950,102,265.57,235.21,79.02,146.34,0.7914,-1,-1,-1
950,133,476.37,200.71,76.55,134.00,0.8234,-1,-1,-1
950,137,184.27,297.36,98.33,147.78,0.8848,-1,-1,-1
950,143,349.27,189.69,68.33,127.66,0.6989,-1,-1,-1
950,150,632.86,347.89,73.45,148.35,0.7910,-1,-1,-1
950,160,771.44,250.64,81.10,126.34,0.7664,-1,-1,-1
950,165,660.89,98.68,59.34,109.23,0.5654,-1,-1,-1
950,166,611.81,512.46,67.53,108.39,0.6317,-1,-1,-1
950,167,601.72,444.93,49.10,103.66,0.6297,-1,-1,-1
951,102,254.30,238.50,77.32,144.48,0.7879,-1,-1,-1
951,133,468.00,199.79,75.09,135.70,0.7863,-1,-1,-1
951,137,174.14,298.41,99.51,147.25,0.8884,-1,-1,-1
951,143,336.76,186.10,70.21,130.66,0.7320,-1,-1,-1
951,150,624.56,350.24,72.16,147.88,0.7660,-1,-1,-1
951,157,707.95,210.56,64.16,144.14,0.5648,-1,-1,-1
951,160,760.88,250.40,78.91,125.41,0.7320,-1,-1,-1
951,166,612.26,511.32,68.18,109.60,0.6721,-1,-1,-1
951,167,598.53,451.99,46.43,98.06,0.6784,-1,-1,-1
952,102,242.84,239.54,75.57,143.91,0.7480,-1,-1,-1
952,133,458.49,198.34,75.35,138.76,0.7879,-1,-1,-1
952,137,166.45,299.50,99.42,147.46,0.8697,-1,-1,-1
952,143,328.39,185.39,69.46,126.76,0.7777,-1,-1,-1
952,150,617.14,351.62,71.45,148.27,0.7903,-1,-1,-1
952,157,707.60,212.89,61.89,142.15,0.6840,-1,-1,-1
952,160,754.40,250.72,76.53,123.15,0.7506,-1,-1,-1
952,165,644.58,100.65,58.33,107.11,0.7238,-1,-1,-1
952,166,613.53,511.04,68.16,110.24,0.6629,-1,-1,-1
952,167,594.23,456.95,45.86,97.07,0.6488,-1,-1,-1
953,102,236.18,239.08,75.18,147.54,0.6818,-1,-1,-1
953,133,450.93,196.69,76.87,142.28,0.7759,-1,-1,-1
953,137,160.10,298.89,98.77,149.29,0.8469,-1,-1,-1
953,143,322.38,182.11,71.93,126.57,0.7569,-1,-1,-1
953,150,612.78,353.35,70.09,146.34,0.8029,-1,-1,-1
953,157,701.91,215.82,59.08,138.32,0.5818,-1,-1,-1
953,160,746.02,252.02,74.75,120.15,0.6872,-1,-1,-1
953,165,639.63,99.28,59.35,107.55,0.6629,-1,-1,-1
953,166,616.52,510.99,66.23,108.05,0.6547,-1,-1,-1
953,167,591.91,460.22,44.69,94.53,0.6457,-1,-1,-1
953,168,3.64,111.13,80.89,127.06,0.7032,-1,-1,-1
954,102,232.90,239.26,72.34,145.94,0.6982,-1,-1,-1
954,133,445.16,197.37,77.69,141.74,0.7976,-1,-1,-1
954,137,156.74,298.71,96.19,150.18,0.8635,-1,-1,-1
954,143,316.07,180.88,73.03,124.33,0.7856,-1,-1,-1
954,150,609.24,354.24,68.21,141.86,0.8083,-1,-1,-1
954,157,682.62,222.24,64.30,134.79,0.6304,-1,-1,-1
954,160,738.18,252.32,73.18,116.34,0.6051,-1,-1,-1
954,165,637.30,97.31,62.15,109.64,0.6613,-1,-1,-1
954,167,590.93,461.97,48.14,101.31,0.5683,-1,-1,-1
954,168,1.92,106.70,83.28,130.74,0.6370,-1,-1,-1
955,102,226.48,237.32,71.40,146.70,0.6672,-1,-1,-1
955,133,436.16,198.62,79.44,141.45,0.7441,-1,-1,-1
955,137,153.76,295.08,91.31,147.76,0.7963,-1,-1,-1
955,143,318.35,182.55,68.70,120.78,0.5884,-1,-1,-1
955,150,606.37,356.02,70.48,142.47,0.8217,-1,-1,-1
955,157,657.69,224.84,71.44,139.21,0.6221,-1,-1,-1
955,160,726.04,251.38,75.19,117.70,0.6463,-1,-1,-1
955,167,582.79,460.98,57.46,121.29,0.7212,-1,-1,-1
956,102,220.59,236.54,70.81,146.75,0.7034,-1,-1,-1
956,133,429.95,201.52,79.80,139.62,0.7610,-1,-1,-1
956,137,150.11,294.52,91.22,153.71,0.7099,-1,-1,-1
956,143,318.39,182.21,66.58,120.93,0.5669,-1,-1,-1
956,150,603.11,358.47,72.68,143.69,0.8409,-1,-1,-1
956,160,711.75,254.61,73.26,114.75,0.5746,-1,-1,-1
956,165,633.54,97.92,63.09,109.35,0.5850,-1,-1,-1
956,167,578.87,460.90,61.01,129.18,0.6770,-1,-1,-1
957,102,219.11,236.83,71.42,146.85,0.7519,-1,-1,-1
957,133,425.36,203.53,79.14,137.39,0.7701,-1,-1,-1
957,137,149.84,293.87,89.00,155.31,0.7340,-1,-1,-1
957,143,305.50,179.82,68.49,124.23,0.6547,-1,-1,-1
957,150,598.25,360.47,73.87,143.82,0.7821,-1,-1,-1
957,160,701.43,251.85,75.84,118.67,0.6335,-1,-1,-1
957,165,633.64,101.08,60.66,105.39,0.5947,-1,-1,-1
957,167,576.87,460.88,62.72,132.97,0.7202,-1,-1,-1
958,102,218.75,235.78,74.12,151.07,0.7852,-1,-1,-1
958,133,423.36,204.88,78.75,136.88,0.7745,-1,-1,-1
958,137,151.19,293.91,86.14,154.00,0.7648,-1,-1,-1
958,150,593.24,363.23,73.65,141.94,0.7486,-1,-1,-1
958,165,638.56,100.55,59.85,105.38,0.6399,-1,-1,-1
958,167,577.39,460.21,64.84,136.73,0.6751,-1,-1,-1
959,102,217.55,237.03,76.66,154.35,0.7960,-1,-1,-1
959,133,423.48,204.15,79.59,140.02,0.8218,-1,-1,-1
959,137,156.00,295.22,84.55,152.15,0.8041,-1,-1,-1
959,150,588.48,366.66,73.44,140.80,0.7663,-1,-1,-1
959,165,640.67,99.18,59.55,106.65,0.5813,-1,-1,-1
959,166,642.44,506.92,68.83,112.48,0.6435,-1,-1,-1
959,167,579.66,459.65,68.31,142.28,0.6629,-1,-1,-1
960,102,212.70,239.52,76.54,154.25,0.7635,-1,-1,-1
960,133,424.03,203.35,80.84,144.14,0.8124,-1,-1,-1
960,137,162.76,297.20,83.86,148.35,0.8531,-1,-1,-1
960,143,293.46,168.74,72.65,131.16,0.7440,-1,-1,-1
960,150,583.23,371.22,74.38,143.09,0.8159,-1,-1,-1
960,160,650.21,236.95,96.84,152.99,0.6299,-1,-1,-1
960,165,640.39,96.62,62.26,113.09,0.8303,-1,-1,-1
960,166,648.60,505.22,70.66,114.30,0.7369,-1,-1,-1
960,167,580.08,459.41,67.46,138.34,0.7861,-1,-1,-1
961,102,207.78,240.52,75.03,152.20,0.7879,-1,-1,-1
961,133,421.85,202.74,81.69,147.27,0.7266,-1,-1,-1
961,137,167.96,299.87,84.60,146.04,0.8417,-1,-1,-1
961,143,289.93,166.30,75.87,135.91,0.7745,-1,-1,-1
961,150,581.25,374.38,73.62,141.22,0.7938,-1,-1,-1
961,165,643.11,95.79,63.97,115.45,0.7333,-1,-1,-1
961,166,652.96,503.47,72.29,116.07,0.8086,-1,-1,-1
961,167,580.13,458.75,66.94,134.62,0.8062,-1,-1,-1
962,102,201.92,239.84,74.43,153.06,0.7730,-1,-1,-1
962,133,418.63,201.67,82.23,149.80,0.7709,-1,-1,-1
962,137,172.29,301.69,85.41,143.70,0.8218,-1,-1,-1
962,143,290.50,164.70,78.37,136.75,0.8093,-1,-1,-1
962,150,582.61,377.06,70.94,134.49,0.8035,-1,-1,-1
962,165,647.45,95.57,66.65,117.49,0.7948,-1,-1,-1
962,166,658.47,500.64,75.41,121.14,0.7825,-1,-1,-1
962,167,580.18,456.84,68.75,134.77,0.7395,-1,-1,-1
962,168,0.00,94.17,72.70,140.06,0.6350,-1,-1,-1
963,102,196.74,239.11,73.31,152.69,0.7445,-1,-1,-1
963,133,414.01,200.68,86.17,158.86,0.8260,-1,-1,-1
963,137,175.36,302.89,87.03,143.39,0.8309,-1,-1,-1
963,143,291.92,164.70,79.88,134.34,0.8124,-1,-1,-1
963,150,585.45,380.39,67.99,125.44,0.7874,-1,-1,-1
963,165,651.95,95.68,69.45,119.44,0.7330,-1,-1,-1
963,166,665.39,498.44,76.61,123.42,0.7520,-1,-1,-1
963,167,578.67,451.88,73.51,140.56,0.7587,-1,-1,-1
964,133,411.66,201.13,88.34,164.46,0.8338,-1,-1,-1
964,137,175.78,304.26,88.06,142.10,0.7874,-1,-1,-1
964,143,293.98,165.54,80.74,130.36,0.7296,-1,-1,-1
964,150,586.49,382.63,68.53,122.43,0.7630,-1,-1,-1
964,165,655.43,95.28,71.51,121.17,0.7697,-1,-1,-1
964,166,672.83,497.41,77.32,124.70,0.7596,-1,-1,-1
964,167,576.17,447.14,77.46,145.06,0.7564,-1,-1,-1
965,133,413.47,202.48,87.95,165.48,0.8373,-1,-1,-1
965,137,161.86,256.83,114.80,190.34,0.6545,-1,-1,-1
965,143,295.53,164.54,79.71,128.23,0.6328,-1,-1,-1
965,165,662.97,98.67,67.52,117.27,0.6609,-1,-1,-1
965,166,687.92,496.99,76.82,124.24,0.7857,-1,-1,-1
965,167,563.17,410.77,97.36,183.16,0.6788,-1,-1,-1
965,168,0.00,92.93,79.89,139.18,0.7163,-1,-1,-1
966,133,413.83,203.16,86.88,165.76,0.7907,-1,-1,-1
966,137,161.11,239.09,122.24,209.15,0.7784,-1,-1,-1
966,143,309.90,162.18,76.06,127.58,0.5532,-1,-1,-1
966,166,699.30,495.24,77.44,126.00,0.7550,-1,-1,-1
966,167,557.81,396.97,104.62,197.86,0.6499,-1,-1,-1
967,133,413.68,203.61,85.54,166.36,0.7888,-1,-1,-1
967,137,160.80,230.85,123.15,219.15,0.8176,-1,-1,-1
967,143,318.28,159.34,75.43,130.58,0.6612,-1,-1,-1
967,165,679.16,101.06,63.26,113.21,0.6198,-1,-1,-1
967,166,710.55,494.76,77.63,126.35,0.7595,-1,-1,-1
967,167,556.01,390.60,107.30,204.26,0.7898,-1,-1,-1
967,170,634.40,235.84,104.40,171.03,0.7288,-1,-1,-1
968,133,411.64,203.25,84.59,166.79,0.7697,-1,-1,-1
968,137,159.77,227.63,122.28,226.68,0.8023,-1,-1,-1
968,143,322.50,157.75,71.89,126.55,0.6537,-1,-1,-1
968,165,687.46,99.32,62.85,114.99,0.6574,-1,-1,-1
968,166,721.34,492.40,79.05,128.83,0.7655,-1,-1,-1
968,167,556.04,387.78,108.22,207.68,0.7855,-1,-1,-1
968,170,633.18,236.35,105.45,172.73,0.7804,-1,-1,-1
969,133,410.71,201.79,84.27,167.92,0.7485,-1,-1,-1
969,137,160.38,227.74,118.69,228.57,0.6819,-1,-1,-1
969,143,321.98,153.43,73.36,132.51,0.6380,-1,-1,-1
969,165,698.07,98.19,64.72,116.68,0.5538,-1,-1,-1
969,166,730.21,489.71,80.82,132.06,0.7559,-1,-1,-1
969,167,557.51,386.02,108.68,210.04,0.8190,-1,-1,-1
969,170,643.34,251.86,97.19,159.19,0.7812,-1,-1,-1
970,133,420.00,200.95,83.00,168.47,0.7805,-1,-1,-1
970,137,171.03,228.73,98.32,191.18,0.5902,-1,-1,-1
970,143,324.32,147.50,77.52,142.05,0.8108,-1,-1,-1
970,166,749.01,489.38,81.12,132.18,0.7848,-1,-1,-1
970,167,560.69,378.72,112.91,219.98,0.8302,-1,-1,-1
970,170,649.70,265.96,91.99,150.75,0.7850,-1,-1,-1
971,133,427.78,198.70,83.79,170.95,0.8500,-1,-1,-1
971,137,176.84,231.41,87.55,172.02,0.7586,-1,-1,-1
971,143,329.48,145.47,79.27,145.54,0.8447,-1,-1,-1
971,166,763.18,489.15,81.60,132.71,0.7375,-1,-1,-1
971,167,564.39,370.96,117.37,230.60,0.8179,-1,-1,-1
971,168,15.91,82.53,87.19,143.62,0.6839,-1,-1,-1
971,170,651.69,273.05,90.43,148.07,0.7244,-1,-1,-1
971,171,613.70,251.06,56.67,168.81,0.6005,-1,-1,-1
972,133,434.08,198.37,84.89,173.43,0.8671,-1,-1,-1
972,137,181.30,234.55,81.73,161.42,0.7522,-1,-1,-1
972,143,336.44,146.09,80.81,146.16,0.8762,-1,-1,-1
972,166,776.20,491.43,80.94,130.38,0.7054,-1,-1,-1
972,167,570.19,374.28,116.68,229.99,0.7918,-1,-1,-1
972,168,20.96,79.04,88.99,147.36,0.8097,-1,-1,-1
972,170,651.79,276.32,89.48,146.30,0.7315,-1,-1,-1
973,133,438.49,197.79,86.55,176.66,0.8707,-1,-1,-1
973,137,183.74,237.01,79.03,157.39,0.6993,-1,-1,-1
973,143,341.93,146.55,82.26,146.91,0.8649,-1,-1,-1
973,166,788.89,493.95,79.91,127.97,0.6653,-1,-1,-1
973,167,573.91,376.28,117.09,230.76,0.7917,-1,-1,-1
973,168,31.35,79.60,89.06,145.47,0.8388,-1,-1,-1
974,133,441.77,199.19,87.30,177.64,0.8617,-1,-1,-1
974,137,181.93,237.22,85.61,174.85,0.5793,-1,-1,-1
974,143,345.32,144.04,83.77,149.95,0.7668,-1,-1,-1
974,166,801.57,494.73,78.87,125.33,0.6834,-1,-1,-1
974,167,579.78,390.11,112.99,219.76,0.6421,-1,-1,-1
974,168,34.67,82.39,90.12,142.45,0.7960,-1,-1,-1
975,133,443.84,200.55,88.11,179.87,0.8389,-1,-1,-1
975,137,192.49,236.51,69.40,143.13,0.7485,-1,-1,-1
975,143,352.34,142.06,82.28,149.99,0.7753,-1,-1,-1
975,166,817.67,493.87,79.43,125.79,0.7781,-1,-1,-1
975,167,589.57,421.36,102.86,190.63,0.7722,-1,-1,-1
975,168,45.27,82.18,87.00,140.82,0.6818,-1,-1,-1
975,170,634.50,266.63,98.16,157.84,0.6549,-1,-1,-1
976,133,445.07,201.13,87.82,179.84,0.8380,-1,-1,-1
976,143,358.04,141.26,80.23,149.98,0.7435,-1,-1,-1
976,166,829.23,492.67,80.80,127.69,0.7748,-1,-1,-1
976,167,594.05,437.18,99.35,174.88,0.7404,-1,-1,-1
976,168,47.32,79.94,85.04,140.23,0.7475,-1,-1,-1
977,133,444.53,201.62,87.19,179.43,0.8289,-1,-1,-1
977,143,364.72,139.79,78.06,150.29,0.7474,-1,-1,-1
977,166,838.50,491.62,82.30,129.34,0.7560,-1,-1,-1
977,167,592.94,440.33,103.43,174.15,0.8140,-1,-1,-1
977,168,47.05,78.81,83.61,140.38,0.7055,-1,-1,-1
977,170,623.51,260.88,107.07,170.38,0.5998,-1,-1,-1
978,133,442.39,202.28,85.67,177.82,0.8300,-1,-1,-1
978,143,372.05,136.72,75.65,150.23,0.6618,-1,-1,-1
978,166,846.49,492.56,81.44,127.03,0.7900,-1,-1,-1
978,167,589.97,443.45,106.10,171.17,0.8253,-1,-1,-1
978,170,623.18,259.42,112.66,180.37,0.5821,-1,-1,-1
979,133,441.48,202.44,85.21,178.14,0.8041,-1,-1,-1
979,137,185.81,230.36,80.71,174.26,0.7121,-1,-1,-1
979,143,377.41,132.10,75.53,153.90,0.6931,-1,-1,-1
979,157,232.57,309.94,86.90,171.00,0.7795,-1,-1,-1
979,166,854.18,492.28,82.48,127.74,0.7938,-1,-1,-1
979,167,590.04,454.68,103.93,159.08,0.7578,-1,-1,-1
979,168,53.04,68.83,85.53,149.05,0.6050,-1,-1,-1
980,133,435.31,199.06,86.78,184.03,0.7871,-1,-1,-1
980,137,183.97,228.00,76.56,170.37,0.6433,-1,-1,-1
980,143,375.52,129.79,78.11,160.29,0.7279,-1,-1,-1
980,157,225.37,311.81,92.08,177.99,0.8577,-1,-1,-1
980,166,866.10,491.23,84.47,130.60,0.8430,-1,-1,-1
980,167,569.30,402.56,138.66,212.67,0.7874,-1,-1,-1
980,168,55.38,64.59,86.62,154.78,0.8107,-1,-1,-1
980,170,627.85,261.21,101.49,162.52,0.6560,-1,-1,-1
981,133,431.13,197.50,86.54,186.53,0.8312,-1,-1,-1
981,137,182.82,226.85,74.40,169.13,0.7006,-1,-1,-1
981,143,373.77,127.97,79.05,163.02,0.7633,-1,-1,-1
981,157,223.41,316.03,94.08,179.67,0.8296,-1,-1,-1
981,166,874.46,489.54,86.31,133.13,0.8189,-1,-1,-1
981,167,561.65,386.64,148.50,228.14,0.6608,-1,-1,-1
981,168,59.63,61.40,87.16,156.91,0.8371,-1,-1,-1
981,170,625.26,262.65,98.61,156.71,0.7669,-1,-1,-1
982,133,426.19,193.41,87.58,191.73,0.7972,-1,-1,-1
982,137,179.58,226.60,74.51,173.31,0.6921,-1,-1,-1
982,143,372.29,127.08,79.52,163.92,0.7640,-1,-1,-1
982,157,219.54,318.98,94.57,178.76,0.8060,-1,-1,-1
982,166,881.73,488.50,87.23,134.10,0.7988,-1,-1,-1
982,167,569.40,426.26,128.64,190.40,0.6697,-1,-1,-1
982,168,64.21,59.97,88.59,157.98,0.8136,-1,-1,-1
982,170,631.12,266.77,93.98,149.12,0.6813,-1,-1,-1
983,133,422.76,190.34,88.20,196.74,0.8392,-1,-1,-1
983,137,182.03,226.61,64.19,149.29,0.6749,-1,-1,-1
983,143,373.28,127.50,79.40,163.38,0.7316,-1,-1,-1
983,157,215.05,319.79,95.75,179.72,0.8256,-1,-1,-1
983,166,889.01,487.88,88.20,134.67,0.8189,-1,-1,-1
983,167,570.52,447.17,119.96,171.58,0.6586,-1,-1,-1
983,168,67.06,60.54,89.88,158.29,0.8465,-1,-1,-1
983,170,637.40,272.27,90.63,143.24,0.7924,-1,-1,-1
984,133,420.05,188.54,87.70,199.71,0.8272,-1,-1,-1
984,137,181.94,226.97,59.17,137.53,0.6800,-1,-1,-1
984,143,375.25,129.41,77.96,160.62,0.5954,-1,-1,-1
984,157,215.43,321.27,95.53,181.60,0.8494,-1,-1,-1
984,166,894.39,486.51,90.10,136.72,0.7967,-1,-1,-1
984,167,552.44,404.23,150.27,216.78,0.7236,-1,-1,-1
984,168,67.58,60.56,90.65,158.33,0.8652,-1,-1,-1
984,170,639.23,277.85,95.07,149.32,0.7615,-1,-1,-1
985,133,408.31,185.74,89.97,204.96,0.7454,-1,-1,-1
985,137,177.39,225.17,60.66,140.95,0.6803,-1,-1,-1
985,157,215.31,325.26,93.33,180.35,0.8215,-1,-1,-1
985,166,904.91,486.73,90.45,136.64,0.8122,-1,-1,-1
985,167,549.36,392.86,155.22,225.72,0.6939,-1,-1,-1
985,168,67.94,61.97,87.56,155.70,0.8090,-1,-1,-1
985,170,644.78,286.58,96.47,146.59,0.8280,-1,-1,-1
986,133,407.70,183.89,89.52,208.04,0.7635,-1,-1,-1
986,137,176.28,224.83,59.75,138.22,0.7507,-1,-1,-1
986,157,214.86,329.87,93.15,180.00,0.8164,-1,-1,-1
986,166,911.17,487.34,90.27,136.49,0.7687,-1,-1,-1
986,167,544.89,389.24,157.63,230.40,0.7307,-1,-1,-1
986,168,69.86,61.84,84.78,154.22,0.7683,-1,-1,-1
986,170,644.70,291.39,99.50,146.27,0.8272,-1,-1,-1
987,133,405.21,183.26,88.58,208.83,0.7629,-1,-1,-1
987,137,173.48,223.39,62.34,143.55,0.6993,-1,-1,-1
987,157,217.58,333.11,94.67,180.18,0.8595,-1,-1,-1
987,166,915.89,488.08,89.62,135.89,0.7331,-1,-1,-1
987,167,542.09,390.82,157.31,230.27,0.6635,-1,-1,-1
987,168,73.32,56.94,85.24,158.87,0.7707,-1,-1,-1
987,170,645.67,298.11,99.97,141.97,0.7485,-1,-1,-1
988,133,404.01,183.58,87.38,208.31,0.7942,-1,-1,-1
988,137,168.57,221.35,71.67,165.93,0.6786,-1,-1,-1
988,157,220.45,340.74,95.26,176.30,0.7798,-1,-1,-1
988,166,919.84,488.36,90.81,138.66,0.7556,-1,-1,-1
988,167,550.25,421.15,139.10,199.85,0.6430,-1,-1,-1
988,168,77.87,52.70,84.99,162.03,0.7641,-1,-1,-1
988,170,648.59,302.32,99.34,136.82,0.7811,-1,-1,-1
989,133,401.59,177.19,89.10,214.57,0.8038,-1,-1,-1
989,137,165.18,218.81,77.61,180.46,0.5712,-1,-1,-1
989,157,226.52,353.51,91.86,164.97,0.7528,-1,-1,-1
989,166,925.68,488.53,89.59,137.16,0.8099,-1,-1,-1
989,167,544.16,403.75,150.74,216.94,0.7814,-1,-1,-1
989,168,83.01,47.95,84.97,164.87,0.7438,-1,-1,-1
989,170,650.28,304.80,100.03,134.04,0.7673,-1,-1,-1
989,175,841.95,109.88,61.63,146.04,0.5875,-1,-1,-1
990,133,401.35,177.89,89.25,216.68,0.7912,-1,-1,-1
990,137,167.75,215.80,72.33,164.52,0.7374,-1,-1,-1
990,157,224.63,353.73,95.77,168.71,0.7529,-1,-1,-1
990,166,934.47,487.50,89.23,136.55,0.7930,-1,-1,-1
990,167,538.90,398.78,152.30,219.21,0.7805,-1,-1,-1
990,168,91.79,43.66,86.46,169.88,0.8325,-1,-1,-1
990,170,650.08,306.19,104.23,136.74,0.7872,-1,-1,-1
991,133,404.33,177.95,89.41,217.57,0.7764,-1,-1,-1
991,137,167.60,213.83,74.01,165.62,0.7121,-1,-1,-1
991,157,222.63,352.90,100.05,173.79,0.7937,-1,-1,-1
991,166,940.24,485.55,89.46,137.12,0.7855,-1,-1,-1
991,167,542.66,418.15,139.90,198.88,0.6488,-1,-1,-1
991,168,101.68,41.15,87.75,171.19,0.8560,-1,-1,-1
991,170,651.22,306.03,105.32,135.23,0.7084,-1,-1,-1
992,133,410.94,177.99,90.57,217.78,0.7993,-1,-1,-1
992,137,169.93,213.25,74.70,164.34,0.6002,-1,-1,-1
992,157,220.26,349.84,104.68,179.56,0.8006,-1,-1,-1
992,166,945.06,483.23,90.45,138.63,0.8223,-1,-1,-1
992,167,545.88,430.62,132.59,186.64,0.6736,-1,-1,-1
992,168,110.28,39.15,90.75,174.65,0.8747,-1,-1,-1
992,170,653.82,303.60,107.46,136.32,0.7001,-1,-1,-1
993,133,414.22,180.84,89.50,215.00,0.7953,-1,-1,-1
993,137,169.57,213.03,82.64,180.68,0.7695,-1,-1,-1
993,157,220.50,346.66,107.99,182.99,0.8274,-1,-1,-1
993,166,948.93,481.97,91.17,139.87,0.8237,-1,-1,-1
993,167,540.90,418.24,140.19,198.54,0.7805,-1,-1,-1
993,168,121.35,39.79,92.85,175.03,0.8152,-1,-1,-1
993,170,656.99,297.65,111.97,142.09,0.8141,-1,-1,-1
993,176,441.82,114.84,81.31,178.53,0.6751,-1,-1,-1
994,133,416.16,184.67,86.75,211.22,0.7989,-1,-1,-1
994,137,172.24,211.80,86.30,187.70,0.7120,-1,-1,-1
994,157,220.47,344.37,111.58,186.97,0.7948,-1,-1,-1
994,166,954.90,481.06,91.24,140.62,0.7329,-1,-1,-1
994,167,541.81,433.31,131.29,183.69,0.5840,-1,-1,-1
994,168,129.74,42.14,93.12,173.69,0.7891,-1,-1,-1
994,170,661.38,295.29,114.83,145.92,0.7790,-1,-1,-1
994,171,624.81,266.07,59.11,171.84,0.5696,-1,-1,-1
994,176,449.12,115.73,81.26,178.84,0.7004,-1,-1,-1
994,177,586.27,389.31,93.88,166.63,0.5985,-1,-1,-1
995,133,425.29,188.79,84.90,210.29,0.8422,-1,-1,-1
995,137,181.46,211.88,87.70,188.35,0.7062,-1,-1,-1
995,157,224.61,337.75,114.97,191.87,0.8067,-1,-1,-1
995,166,964.34,478.45,95.01,147.98,0.6977,-1,-1,-1
995,167,527.97,405.11,152.37,212.85,0.5627,-1,-1,-1
995,168,148.36,45.23,90.94,169.83,0.8106,-1,-1,-1
995,170,672.56,300.72,113.76,144.28,0.6678,-1,-1,-1
995,171,634.95,265.96,55.79,162.59,0.5529,-1,-1,-1
995,176,468.18,117.11,80.14,177.17,0.8093,-1,-1,-1
996,133,434.12,191.34,81.07,203.10,0.8418,-1,-1,-1
996,137,188.69,213.72,90.88,193.45,0.6223,-1,-1,-1
996,157,224.24,331.33,117.64,196.72,0.8517,-1,-1,-1
996,166,966.90,476.78,108.62,173.58,0.6486,-1,-1,-1
996,168,164.89,46.29,89.77,169.92,0.8274,-1,-1,-1
996,170,681.66,296.55,121.55,157.10,0.6461,-1,-1,-1
996,176,481.19,117.23,80.02,178.19,0.7716,-1,-1,-1
996,177,585.89,384.46,111.00,196.80,0.5802,-1,-1,-1
997,133,448.13,194.95,80.63,198.76,0.8333,-1,-1,-1
997,137,199.16,216.85,84.14,174.61,0.6972,-1,-1,-1
997,157,217.08,327.32,119.89,199.05,0.8483,-1,-1,-1
997,166,972.36,476.17,115.63,189.56,0.6690,-1,-1,-1
997,168,181.84,45.84,87.83,169.39,0.8304,-1,-1,-1
997,170,691.15,288.95,124.54,164.86,0.6106,-1,-1,-1
997,176,496.46,117.37,79.66,179.03,0.7324,-1,-1,-1
997,177,592.78,383.80,111.30,196.77,0.5691,-1,-1,-1
998,133,459.45,198.89,80.94,193.96,0.8281,-1,-1,-1
998,137,208.24,220.41,81.60,165.93,0.6538,-1,-1,-1
998,157,215.08,323.66,121.28,203.06,0.8262,-1,-1,-1
998,166,979.41,475.90,118.38,199.01,0.7145,-1,-1,-1
998,168,197.54,45.05,86.34,169.34,0.8311,-1,-1,-1
998,170,698.61,291.74,125.98,170.38,0.6032,-1,-1,-1
998,177,593.87,382.76,124.68,221.27,0.5502,-1,-1,-1
999,133,473.71,201.16,84.97,192.13,0.8191,-1,-1,-1
999,137,217.83,222.93,75.26,147.10,0.6257,-1,-1,-1
999,157,214.71,322.73,119.81,202.22,0.7169,-1,-1,-1
999,166,987.51,475.82,117.36,200.84,0.7738,-1,-1,-1
999,167,553.24,434.72,127.01,180.46,0.6397,-1,-1,-1
999,168,213.66,44.03,85.80,171.04,0.7922,-1,-1,-1
999,176,527.38,117.02,79.46,179.87,0.5609,-1,-1,-1
999,177,618.80,381.12,108.17,191.90,0.6266,-1,-1,-1
1000,133,485.91,203.84,85.89,187.02,0.8116,-1,-1,-1
1000,157,226.60,318.05,117.66,203.31,0.7911,-1,-1,-1
1000,166,1002.09,476.43,117.07,202.83,0.7785,-1,-1,-1
1000,168,241.86,43.08,87.02,176.21,0.8050,-1,-1,-1
1000,170,724.90,287.48,125.79,176.99,0.5723,-1,-1,-1
1000,176,560.52,117.96,78.18,176.28,0.7478,-1,-1,-1
1001,133,492.23,203.93,86.86,184.99,0.7890,-1,-1,-1
1001,157,239.90,316.52,113.91,202.82,0.7237,-1,-1,-1
1001,166,1013.84,477.26,115.81,202.49,0.7780,-1,-1,-1
1001,168,266.46,44.51,86.95,178.64,0.7929,-1,-1,-1
1001,170,714.08,278.38,116.42,170.38,0.6043,-1,-1,-1
1001,176,584.28,121.28,78.33,174.74,0.6007,-1,-1,-1
1001,177,649.40,377.35,110.55,197.08,0.6315,-1,-1,-1
1001,179,14.95,31.28,76.86,171.69,0.8080,-1,-1,-1
1002,133,503.88,204.06,88.50,181.09,0.8441,-1,-1,-1
1002,157,257.24,315.66,108.34,198.51,0.7111,-1,-1,-1
1002,166,1024.26,478.34,116.34,205.11,0.7977,-1,-1,-1
1002,168,289.85,47.80,86.45,178.97,0.7832,-1,-1,-1
1002,170,722.90,276.06,108.44,164.08,0.7088,-1,-1,-1
1002,176,604.92,126.74,78.79,173.40,0.5745,-1,-1,-1
1002,177,669.09,375.04,101.80,180.66,0.6735,-1,-1,-1
1002,179,40.39,36.65,73.74,165.10,0.6676,-1,-1,-1
1003,133,508.02,204.06,90.28,180.08,0.8488,-1,-1,-1
1003,157,275.99,318.18,104.76,196.77,0.5733,-1,-1,-1
1003,166,1035.75,479.40,115.31,205.07,0.8066,-1,-1,-1
1003,168,314.20,51.38,87.19,181.10,0.8008,-1,-1,-1
1003,170,736.41,274.53,99.88,156.07,0.6797,-1,-1,-1
1003,176,623.12,132.16,77.40,167.90,0.6469,-1,-1,-1
1003,177,664.70,374.14,125.94,225.14,0.5935,-1,-1,-1
1003,179,67.15,39.86,72.41,163.16,0.6644,-1,-1,-1
1003,181,1045.62,171.29,76.14,174.51,0.6784,-1,-1,-1
1003,182,797.29,286.22,73.63,167.37,0.6441,-1,-1,-1
1004,133,518.72,203.15,92.05,180.29,0.8721,-1,-1,-1
1004,157,291.88,317.91,103.09,195.59,0.6538,-1,-1,-1
1004,166,1049.26,479.73,112.11,201.12,0.8263,-1,-1,-1
1004,168,339.38,56.72,86.13,177.56,0.8100,-1,-1,-1
1004,170,748.68,273.70,99.93,161.24,0.6433,-1,-1,-1
1004,176,626.04,135.13,78.74,163.46,0.6260,-1,-1,-1
1004,177,687.47,371.90,110.73,195.68,0.7500,-1,-1,-1
1004,179,94.82,37.95,72.73,165.71,0.5743,-1,-1,-1
1004,181,1058.55,176.56,73.57,168.84,0.6291,-1,-1,-1
1004,182,810.21,283.52,76.93,175.10,0.5948,-1,-1,-1
1005,133,539.24,203.63,93.57,179.33,0.8848,-1,-1,-1
1005,143,395.60,72.10,82.99,161.37,0.8545,-1,-1,-1
1005,157,294.37,269.04,126.76,241.70,0.8018,-1,-1,-1
1005,166,1064.60,479.46,111.17,200.69,0.8104,-1,-1,-1
1005,176,656.70,134.90,79.57,165.58,0.6013,-1,-1,-1
1005,177,717.55,371.28,101.12,178.51,0.7177,-1,-1,-1
1005,181,1085.11,189.54,73.97,170.09,0.6591,-1,-1,-1
1005,182,831.76,276.15,81.51,186.61,0.5956,-1,-1,-1
1006,133,554.30,204.87,94.84,178.10,0.8731,-1,-1,-1
1006,143,410.41,72.85,85.52,160.47,0.8451,-1,-1,-1
1006,157,305.16,250.84,133.99,258.35,0.5814,-1,-1,-1
1006,166,1074.24,478.58,110.49,201.65,0.8112,-1,-1,-1
1006,177,732.58,369.09,99.63,175.16,0.6902,-1,-1,-1
1006,181,1101.23,193.27,72.92,168.28,0.6407,-1,-1,-1
1007,133,565.45,204.96,96.43,178.47,0.8963,-1,-1,-1
1007,143,426.50,75.72,86.28,160.02,0.8809,-1,-1,-1
1007,157,316.48,243.51,135.45,262.90,0.7586,-1,-1,-1
1007,166,1083.30,477.64,110.03,203.11,0.8045,-1,-1,-1
1007,176,673.20,132.15,82.61,163.14,0.6738,-1,-1,-1
1007,177,746.21,367.40,99.10,174.56,0.7555,-1,-1,-1
1007,181,1115.17,197.05,71.68,165.72,0.6550,-1,-1,-1
1007,182,857.49,266.01,82.40,190.61,0.5722,-1,-1,-1
1007,185,204.16,50.09,67.50,155.34,0.7330,-1,-1,-1
1008,133,573.53,205.98,96.70,176.86,0.8502,-1,-1,-1
1008,143,444.35,78.94,85.96,158.38,0.8693,-1,-1,-1
1008,157,328.05,240.90,133.32,261.32,0.6887,-1,-1,-1
1008,166,1090.68,476.73,106.24,198.57,0.8027,-1,-1,-1
1008,177,757.87,366.88,99.57,176.41,0.7080,-1,-1,-1
1008,181,1130.90,202.65,70.31,162.41,0.7037,-1,-1,-1
1008,182,849.58,265.88,80.78,183.85,0.5994,-1,-1,-1
1008,185,225.90,57.70,65.41,149.54,0.7977,-1,-1,-1
1008,186,735.64,435.44,54.91,179.71,0.6242,-1,-1,-1
1009,133,580.59,206.42,96.12,175.22,0.8323,-1,-1,-1
1009,143,460.24,80.79,86.49,158.82,0.8654,-1,-1,-1
1009,166,1098.03,475.79,100.63,191.00,0.8049,-1,-1,-1
1009,176,703.84,130.57,82.10,162.45,0.6723,-1,-1,-1
1009,177,771.01,366.09,98.85,176.55,0.7098,-1,-1,-1
1009,181,1142.39,206.23,73.34,169.61,0.6184,-1,-1,-1
1009,185,250.61,59.79,66.45,149.96,0.7468,-1,-1,-1
1009,187,13.29,364.66,82.24,162.78,0.7673,-1,-1,-1
1010,133,590.51,208.51,95.16,176.29,0.8142,-1,-1,-1
1010,143,486.47,79.37,88.11,162.57,0.8395,-1,-1,-1
1010,157,360.40,238.04,126.72,253.82,0.7842,-1,-1,-1
1010,166,1102.15,474.81,96.17,188.26,0.7306,-1,-1,-1
1010,176,725.94,135.06,78.65,155.50,0.7715,-1,-1,-1
1010,177,791.68,367.31,97.12,175.75,0.6359,-1,-1,-1
1010,182,865.92,250.28,85.19,191.60,0.5973,-1,-1,-1
1010,185,287.39,63.56,67.03,148.37,0.6737,-1,-1,-1
1010,187,43.79,362.10,83.19,164.15,0.6972,-1,-1,-1
1011,133,597.57,210.93,92.02,175.24,0.7696,-1,-1,-1
1011,143,508.44,81.14,86.70,159.51,0.8414,-1,-1,-1
1011,157,378.50,239.72,118.94,244.17,0.8259,-1,-1,-1
1011,166,1104.56,472.95,90.12,183.23,0.7413,-1,-1,-1
1011,176,737.57,139.09,77.61,152.11,0.7467,-1,-1,-1
1011,177,807.49,367.00,94.98,174.41,0.6930,-1,-1,-1
1011,181,1173.65,224.42,72.78,168.67,0.5893,-1,-1,-1
1011,182,873.10,246.94,87.18,194.73,0.6347,-1,-1,-1
1011,185,311.57,68.31,66.48,143.65,0.6956,-1,-1,-1
1011,187,73.58,359.87,80.47,158.08,0.7169,-1,-1,-1
1011,189,781.95,442.05,60.21,174.99,0.7231,-1,-1,-1
1012,133,604.97,212.86,89.81,175.92,0.7522,-1,-1,-1
1012,143,528.69,81.16,86.06,158.39,0.7905,-1,-1,-1
1012,157,394.35,242.00,115.12,241.74,0.8084,-1,-1,-1
1012,166,1108.62,473.08,86.31,181.71,0.6587,-1,-1,-1
1012,176,745.16,142.95,77.00,147.71,0.7304,-1,-1,-1
1012,177,818.94,367.19,92.80,173.16,0.6490,-1,-1,-1
1012,181,1184.03,231.29,72.10,168.55,0.5643,-1,-1,-1
1012,182,881.97,246.10,88.54,195.13,0.6034,-1,-1,-1
1012,185,330.69,71.22,66.35,139.78,0.6163,-1,-1,-1
1012,187,92.42,357.33,85.49,167.26,0.8370,-1,-1,-1
1012,189,790.88,441.91,60.72,175.94,0.6144,-1,-1,-1
1013,133,611.82,214.47,87.41,174.72,0.7938,-1,-1,-1
1013,143,548.32,81.93,83.45,154.35,0.8120,-1,-1,-1
1013,157,410.37,245.21,111.35,237.32,0.8075,-1,-1,-1
1013,166,1112.45,473.71,82.01,177.62,0.6856,-1,-1,-1
1013,176,752.22,144.84,78.08,146.31,0.8034,-1,-1,-1
1013,177,832.80,366.01,90.45,173.56,0.6215,-1,-1,-1
1013,181,1192.99,234.01,72.33,170.75,0.5950,-1,-1,-1
1013,185,355.45,72.58,64.91,136.09,0.6520,-1,-1,-1
1013,187,110.71,353.12,87.03,169.87,0.8089,-1,-1,-1
1013,189,796.85,444.69,59.84,171.90,0.7456,-1,-1,-1
1014,133,621.90,220.93,80.99,162.23,0.8041,-1,-1,-1
1014,143,566.24,83.94,81.33,151.90,0.7520,-1,-1,-1
1014,157,423.48,248.34,108.01,233.06,0.8212,-1,-1,-1
1014,166,1112.67,474.35,80.29,174.45,0.6574,-1,-1,-1
1014,176,759.73,147.61,78.11,143.82,0.7422,-1,-1,-1
1014,177,845.11,366.37,87.27,171.51,0.6226,-1,-1,-1
1014,181,1199.56,239.40,70.89,169.84,0.6356,-1,-1,-1
1014,185,371.50,72.94,65.23,135.63,0.5801,-1,-1,-1
1014,187,129.17,352.78,86.08,167.38,0.7762,-1,-1,-1
1014,189,808.00,446.02,59.26,168.62,0.6493,-1,-1,-1
1015,133,629.86,228.77,77.39,151.81,0.8075,-1,-1,-1
1015,143,591.85,82.55,77.94,150.95,0.7194,-1,-1,-1
1015,166,1108.73,476.30,80.66,171.53,0.7367,-1,-1,-1
1015,177,857.55,367.36,82.58,167.67,0.6488,-1,-1,-1
1015,182,913.20,249.57,85.48,191.56,0.5955,-1,-1,-1
1015,185,398.36,73.88,64.35,136.57,0.7116,-1,-1,-1
1015,187,153.65,347.75,87.05,169.38,0.8692,-1,-1,-1
1016,133,632.28,234.64,76.92,147.08,0.8313,-1,-1,-1
1016,143,607.41,80.99,75.48,151.23,0.7930,-1,-1,-1
1016,157,438.27,261.03,97.90,217.07,0.7176,-1,-1,-1
1016,166,1105.66,478.35,83.87,172.67,0.7432,-1,-1,-1
1016,176,769.17,154.75,76.41,139.70,0.6088,-1,-1,-1
1016,177,866.11,368.40,79.95,167.61,0.5934,-1,-1,-1
1016,182,918.41,253.05,84.21,191.73,0.6505,-1,-1,-1
1016,185,411.06,74.68,63.08,136.84,0.6132,-1,-1,-1
1016,187,171.87,345.24,83.08,162.27,0.8353,-1,-1,-1
1016,189,827.03,446.06,59.99,170.46,0.5698,-1,-1,-1
1017,133,630.82,238.26,78.11,145.40,0.8036,-1,-1,-1
1017,143,617.99,81.34,72.17,148.67,0.7703,-1,-1,-1
1017,157,445.19,266.52,95.11,212.09,0.7259,-1,-1,-1
1017,166,1103.34,480.66,88.02,176.54,0.7037,-1,-1,-1
1017,177,870.66,368.15,77.84,168.68,0.6863,-1,-1,-1
1017,181,1215.60,259.81,64.40,166.03,0.5586,-1,-1,-1
1017,182,912.38,255.70,84.67,190.13,0.5514,-1,-1,-1
1017,185,421.33,73.78,61.76,136.79,0.6230,-1,-1,-1
1017,187,182.76,343.82,81.49,160.37,0.8282,-1,-1,-1
1017,189,818.61,446.98,61.84,168.75,0.6772,-1,-1,-1
1017,191,1153.70,632.78,66.87,86.95,0.5922,-1,-1,-1
1018,133,625.60,240.76,83.60,152.70,0.8470,-1,-1,-1
1018,143,624.42,82.11,68.68,145.42,0.7997,-1,-1,-1
1018,157,445.16,270.72,94.16,209.65,0.7879,-1,-1,-1
1018,166,1101.87,482.02,91.10,177.93,0.6938,-1,-1,-1
1018,176,763.64,152.06,75.95,139.28,0.7527,-1,-1,-1
1018,177,873.67,367.78,75.67,169.62,0.7067,-1,-1,-1
1018,182,913.04,258.90,84.05,188.30,0.6353,-1,-1,-1
1018,185,429.47,73.15,62.55,138.73,0.6537,-1,-1,-1
1018,187,186.92,342.11,81.59,161.66,0.8280,-1,-1,-1
1018,189,814.89,447.41,64.09,168.06,0.7255,-1,-1,-1
1018,191,1154.35,632.80,66.91,87.08,0.5670,-1,-1,-1
1019,133,620.93,244.18,87.83,157.77,0.8424,-1,-1,-1
1019,143,628.34,83.28,65.46,142.16,0.8016,-1,-1,-1
1019,157,437.24,275.27,92.76,206.54,0.5949,-1,-1,-1
1019,166,1100.62,483.48,91.96,176.44,0.6482,-1,-1,-1
1019,176,757.01,152.52,74.26,138.78,0.6786,-1,-1,-1
1019,177,875.15,368.31,73.41,170.04,0.6958,-1,-1,-1
1019,181,1216.32,265.18,63.68,166.22,0.6353,-1,-1,-1
1019,185,436.30,74.18,62.70,137.49,0.7029,-1,-1,-1
1019,187,185.08,340.42,80.41,161.90,0.7602,-1,-1,-1
1019,189,811.98,447.85,66.89,169.44,0.7567,-1,-1,-1
1019,191,1153.07,632.71,67.01,87.28,0.5589,-1,-1,-1
1020,133,608.82,245.50,91.01,161.95,0.8116,-1,-1,-1
1020,143,632.32,83.02,66.88,147.44,0.7574,-1,-1,-1
1020,166,1096.62,482.70,89.66,170.62,0.6448,-1,-1,-1
1020,176,750.43,153.28,69.62,134.66,0.6111,-1,-1,-1
1020,177,875.60,367.66,70.86,169.43,0.6334,-1,-1,-1
1020,179,434.80,72.60,63.76,137.75,0.7809,-1,-1,-1
1020,181,1213.74,266.18,66.26,170.65,0.6290,-1,-1,-1
1020,182,924.74,260.65,68.31,158.10,0.5974,-1,-1,-1
1020,187,186.80,338.17,80.28,162.66,0.7907,-1,-1,-1
1020,189,811.38,448.11,69.32,171.31,0.7969,-1,-1,-1
1021,133,598.46,245.31,93.54,165.29,0.7381,-1,-1,-1
1021,143,636.02,84.17,65.95,146.67,0.7227,-1,-1,-1
1021,166,1091.44,482.56,88.28,169.30,0.6133,-1,-1,-1
1021,176,740.59,154.07,68.10,134.00,0.7567,-1,-1,-1
1021,177,874.81,367.22,68.47,168.41,0.6695,-1,-1,-1
1021,179,440.22,75.17,65.23,134.09,0.7871,-1,-1,-1
1021,181,1212.20,269.47,67.80,174.64,0.6635,-1,-1,-1
1021,187,189.32,336.90,80.37,162.67,0.8009,-1,-1,-1
1021,189,810.91,449.65,70.92,171.93,0.7859,-1,-1,-1
1022,133,582.85,243.74,93.59,169.15,0.6870,-1,-1,-1
1022,143,636.97,82.81,66.92,150.32,0.6786,-1,-1,-1
1022,176,738.08,153.64,67.01,136.23,0.7295,-1,-1,-1
1022,177,873.96,367.52,66.41,167.61,0.6266,-1,-1,-1
1022,179,442.04,74.11,68.08,135.70,0.7791,-1,-1,-1
1022,181,1212.22,272.56,67.78,176.28,0.5965,-1,-1,-1
1022,187,188.69,336.17,80.66,163.39,0.8206,-1,-1,-1
1022,189,812.39,451.17,71.94,171.40,0.7550,-1,-1,-1
1023,133,571.97,241.92,91.06,170.52,0.7487,-1,-1,-1
1023,143,638.11,82.11,66.80,150.11,0.6849,-1,-1,-1
1023,166,1073.18,482.88,86.49,172.01,0.6734,-1,-1,-1
1023,176,736.59,157.33,63.68,132.91,0.6937,-1,-1,-1
1023,177,873.54,367.59,65.45,169.25,0.6225,-1,-1,-1
1023,179,442.28,74.41,69.87,136.72,0.7564,-1,-1,-1
1023,187,187.23,335.04,80.89,164.83,0.8284,-1,-1,-1
1023,189,813.87,452.72,72.79,170.71,0.7901,-1,-1,-1
1023,192,398.91,303.81,84.22,178.39,0.6673,-1,-1,-1
1024,133,564.62,241.12,88.67,172.17,0.7290,-1,-1,-1
1024,143,639.00,81.50,65.52,145.98,0.6678,-1,-1,-1
1024,166,1065.59,483.72,82.04,169.69,0.7076,-1,-1,-1
1024,176,731.13,156.65,63.96,135.65,0.6404,-1,-1,-1
1024,177,873.10,368.05,63.70,168.52,0.6076,-1,-1,-1
1024,179,443.18,74.11,69.69,135.88,0.6556,-1,-1,-1
1024,187,188.20,333.81,80.64,165.39,0.7607,-1,-1,-1
1024,189,813.56,454.53,72.61,168.67,0.8034,-1,-1,-1
1024,192,393.27,309.83,80.64,171.30,0.6428,-1,-1,-1
1025,133,557.57,239.37,83.45,167.53,0.7145,-1,-1,-1
1025,143,638.24,80.62,64.98,143.98,0.5519,-1,-1,-1
1025,166,1051.55,485.03,79.91,168.85,0.7280,-1,-1,-1
1025,170,890.83,247.90,90.80,166.20,0.6154,-1,-1,-1
1025,176,724.52,154.79,63.92,138.39,0.6874,-1,-1,-1
1025,177,870.51,366.23,62.48,169.53,0.5504,-1,-1,-1
1025,187,194.95,330.40,78.05,161.90,0.8000,-1,-1,-1
1025,189,817.28,457.56,71.01,164.16,0.8116,-1,-1,-1
1025,191,1142.37,635.49,65.07,84.51,0.5767,-1,-1,-1
1026,133,553.45,239.29,74.78,154.83,0.7341,-1,-1,-1
1026,143,638.54,80.50,64.51,141.74,0.5553,-1,-1,-1
1026,166,1040.83,486.63,79.67,169.77,0.6842,-1,-1,-1
1026,170,891.81,243.02,85.85,171.38,0.5749,-1,-1,-1
1026,176,720.44,154.78,63.00,138.84,0.7776,-1,-1,-1
1026,179,450.53,72.82,66.90,136.60,0.6760,-1,-1,-1
1026,181,1213.15,281.48,66.85,174.68,0.6733,-1,-1,-1
1026,187,201.31,327.91,77.39,161.55,0.6936,-1,-1,-1
1026,189,817.26,457.87,69.66,163.00,0.7568,-1,-1,-1
1026,192,393.34,305.44,76.65,161.12,0.6536,-1,-1,-1
1027,133,545.77,239.69,72.85,154.82,0.7215,-1,-1,-1
1027,143,638.47,79.33,64.96,142.01,0.5974,-1,-1,-1
1027,166,1032.76,487.80,79.31,169.14,0.7009,-1,-1,-1
1027,170,889.69,240.76,81.97,174.76,0.6087,-1,-1,-1
1027,176,716.21,153.18,62.87,140.85,0.7097,-1,-1,-1
1027,179,450.78,73.16,63.67,136.17,0.6624,-1,-1,-1
1027,181,1212.97,282.38,67.03,174.55,0.6371,-1,-1,-1
1027,187,209.94,326.38,79.14,161.55,0.7192,-1,-1,-1
1027,189,814.67,459.38,68.14,161.73,0.7168,-1,-1,-1
1027,192,389.06,299.14,79.54,165.55,0.7334,-1,-1,-1
1028,133,536.14,242.03,76.11,166.56,0.7608,-1,-1,-1
1028,143,640.70,77.02,64.83,141.77,0.6467,-1,-1,-1
1028,166,1023.18,489.83,78.89,166.65,0.6566,-1,-1,-1
1028,176,710.13,154.30,62.14,141.07,0.6676,-1,-1,-1
1028,179,449.70,70.44,62.45,139.52,0.6975,-1,-1,-1
1028,187,210.40,326.37,78.78,156.58,0.7195,-1,-1,-1
1028,189,812.56,461.28,66.80,159.57,0.7152,-1,-1,-1
1028,192,390.61,293.66,80.96,167.94,0.6051,-1,-1,-1
1029,133,528.27,245.86,75.43,168.45,0.7897,-1,-1,-1
1029,143,640.12,75.65,64.58,143.08,0.7534,-1,-1,-1
1029,166,1015.28,492.31,78.50,164.20,0.6763,-1,-1,-1
1029,170,883.39,242.26,78.58,174.91,0.5703,-1,-1,-1
1029,176,707.39,154.25,61.45,141.72,0.6566,-1,-1,-1
1029,179,448.41,63.34,63.28,146.83,0.6848,-1,-1,-1
1029,187,209.94,327.05,79.93,154.29,0.8008,-1,-1,-1
1029,189,810.20,462.97,66.23,158.81,0.7451,-1,-1,-1
1029,192,381.47,296.10,84.22,172.77,0.7728,-1,-1,-1
1030,133,511.17,249.68,76.35,167.40,0.8589,-1,-1,-1
1030,143,642.01,74.86,62.66,142.15,0.7470,-1,-1,-1
1030,166,1000.54,495.15,79.76,162.61,0.6593,-1,-1,-1
1030,176,699.71,152.08,61.78,144.48,0.6747,-1,-1,-1
1030,179,450.34,59.34,65.39,151.77,0.6746,-1,-1,-1
1030,187,206.85,330.55,81.21,153.14,0.8117,-1,-1,-1
1030,189,804.32,465.34,65.32,156.14,0.7229,-1,-1,-1
1030,192,371.33,296.26,86.21,174.79,0.7503,-1,-1,-1
1031,133,498.10,250.76,77.77,167.80,0.8353,-1,-1,-1
1031,143,642.42,73.43,61.54,142.98,0.6328,-1,-1,-1
1031,170,873.26,250.33,72.45,166.48,0.5943,-1,-1,-1
1031,176,693.81,148.76,62.79,148.16,0.6644,-1,-1,-1
1031,179,450.90,58.24,66.29,153.08,0.7161,-1,-1,-1
1031,181,1214.44,285.16,65.56,168.88,0.5554,-1,-1,-1
1031,187,204.30,332.97,82.45,152.73,0.8292,-1,-1,-1
1031,189,798.57,467.55,64.87,153.46,0.7254,-1,-1,-1
1031,192,368.43,293.59,86.90,175.42,0.7185,-1,-1,-1
1031,195,858.69,361.78,42.33,166.66,0.6233,-1,-1,-1
1032,133,488.62,250.41,79.60,167.82,0.8361,-1,-1,-1
1032,143,641.30,74.38,59.51,140.73,0.5962,-1,-1,-1
1032,170,863.41,248.80,72.15,167.65,0.6517,-1,-1,-1
1032,176,687.89,148.80,62.78,147.90,0.6243,-1,-1,-1
1032,179,449.89,62.69,64.95,149.05,0.6795,-1,-1,-1
1032,187,202.86,332.86,84.05,153.60,0.8321,-1,-1,-1
1032,189,793.85,469.03,64.99,152.47,0.7409,-1,-1,-1
1032,192,365.32,292.86,85.81,172.24,0.6522,-1,-1,-1
1032,195,857.34,366.44,41.33,162.85,0.6187,-1,-1,-1
1033,133,479.73,249.83,77.21,161.03,0.7389,-1,-1,-1
1033,143,640.11,75.78,58.43,138.97,0.5757,-1,-1,-1
1033,176,684.01,145.01,63.13,149.83,0.5982,-1,-1,-1
1033,179,447.84,69.20,62.92,142.39,0.7068,-1,-1,-1
1033,187,201.77,330.78,86.33,156.75,0.8685,-1,-1,-1
1033,189,789.02,469.35,65.08,151.55,0.7691,-1,-1,-1
1033,192,353.17,293.92,89.51,176.75,0.7899,-1,-1,-1
1033,195,853.47,365.25,41.31,162.78,0.5723,-1,-1,-1
1034,133,472.59,248.57,78.43,162.78,0.7754,-1,-1,-1
1034,143,638.00,78.45,58.14,137.09,0.6084,-1,-1,-1
1034,170,845.24,246.94,72.04,165.97,0.5678,-1,-1,-1
1034,176,681.60,149.70,61.35,145.99,0.6350,-1,-1,-1
1034,179,442.74,71.87,61.89,139.21,0.7216,-1,-1,-1
1034,187,202.71,327.91,87.85,159.46,0.8246,-1,-1,-1
1034,189,784.30,469.33,65.62,151.22,0.7663,-1,-1,-1
1034,192,342.88,292.93,93.32,180.27,0.8407,-1,-1,-1
1034,195,847.32,356.21,44.83,176.67,0.5743,-1,-1,-1
1035,133,461.80,247.68,67.83,141.95,0.6850,-1,-1,-1
1035,166,952.16,498.20,60.69,123.12,0.6761,-1,-1,-1
1035,179,436.79,73.70,61.19,136.84,0.7337,-1,-1,-1
1035,187,203.52,320.75,89.80,163.42,0.7300,-1,-1,-1
1035,189,776.40,470.27,65.99,151.02,0.7627,-1,-1,-1
1035,192,344.02,293.44,87.80,169.15,0.7369,-1,-1,-1
1035,195,841.71,358.70,43.97,172.66,0.6679,-1,-1,-1
1036,133,454.10,246.98,64.21,135.47,0.6511,-1,-1,-1
1036,166,942.67,498.51,59.41,121.35,0.6406,-1,-1,-1
1036,176,670.12,147.64,61.84,147.89,0.5613,-1,-1,-1
1036,179,430.69,71.11,61.69,138.62,0.6796,-1,-1,-1
1036,187,205.34,315.90,88.45,159.71,0.6659,-1,-1,-1
1036,189,770.14,471.15,66.33,149.80,0.7142,-1,-1,-1
1036,195,838.00,361.92,42.96,167.45,0.6852,-1,-1,-1
1036,198,771.80,263.57,46.21,126.74,0.6138,-1,-1,-1
1037,133,442.80,247.82,66.41,140.88,0.6726,-1,-1,-1
1037,143,629.00,73.89,57.67,135.14,0.6051,-1,-1,-1
1037,166,937.05,499.13,56.99,118.19,0.6590,-1,-1,-1
1037,176,665.64,147.24,61.58,148.04,0.6071,-1,-1,-1
1037,179,426.11,69.62,61.73,139.01,0.6820,-1,-1,-1
1037,187,205.52,311.65,86.44,154.96,0.7149,-1,-1,-1
1037,189,765.08,471.57,66.99,148.86,0.6821,-1,-1,-1
1037,192,313.12,296.08,96.73,180.30,0.7321,-1,-1,-1
1037,195,833.68,361.77,43.61,168.48,0.6676,-1,-1,-1
1037,198,766.51,264.46,41.04,112.00,0.5911,-1,-1,-1
1038,133,436.34,249.32,65.98,140.68,0.7766,-1,-1,-1
1038,143,626.54,71.44,57.76,135.76,0.5665,-1,-1,-1
1038,166,929.85,499.80,56.21,118.44,0.6344,-1,-1,-1
1038,176,659.54,143.40,62.74,153.90,0.5912,-1,-1,-1
1038,179,422.20,67.83,61.71,139.77,0.7080,-1,-1,-1
1038,187,206.02,306.95,84.72,151.12,0.7914,-1,-1,-1
1038,189,757.66,472.22,67.11,147.13,0.7062,-1,-1,-1
1038,192,319.94,293.35,91.53,170.65,0.7074,-1,-1,-1
1038,195,829.70,360.65,44.54,170.65,0.6609,-1,-1,-1
1038,198,755.67,266.56,46.07,125.12,0.5637,-1,-1,-1
1039,133,430.78,251.43,65.45,140.96,0.6522,-1,-1,-1
1039,143,627.99,69.45,57.29,136.66,0.5562,-1,-1,-1
1039,176,658.24,145.43,60.34,150.73,0.6475,-1,-1,-1
1039,179,418.24,66.90,62.27,141.07,0.6885,-1,-1,-1
1039,187,204.41,303.77,80.81,146.42,0.7512,-1,-1,-1
1039,189,751.18,474.33,68.05,145.98,0.7098,-1,-1,-1
1039,192,322.31,293.81,86.35,161.35,0.6772,-1,-1,-1
1039,195,825.54,360.75,45.42,172.75,0.6655,-1,-1,-1
1039,198,747.20,266.47,49.28,131.75,0.6341,-1,-1,-1
1039,199,776.76,237.49,88.84,151.48,0.5553,-1,-1,-1
1040,133,417.14,254.53,67.99,147.17,0.6890,-1,-1,-1
1040,166,908.41,506.01,53.39,112.81,0.5565,-1,-1,-1
1040,176,648.10,140.65,62.11,155.35,0.6559,-1,-1,-1
1040,179,410.29,65.71,62.35,141.72,0.6735,-1,-1,-1
1040,187,201.62,297.39,81.28,149.78,0.7873,-1,-1,-1
1040,189,744.63,478.58,65.72,140.72,0.6175,-1,-1,-1
1040,192,313.47,296.08,84.39,157.01,0.7427,-1,-1,-1
1040,195,819.63,360.84,46.40,174.72,0.7011,-1,-1,-1
1040,198,731.60,265.75,55.10,144.90,0.7525,-1,-1,-1
1040,200,261.24,310.37,67.09,154.23,0.6309,-1,-1,-1
1041,133,404.34,257.44,71.08,152.91,0.6458,-1,-1,-1
1041,166,899.87,510.35,51.61,108.87,0.5991,-1,-1,-1
1041,176,643.83,139.99,62.24,157.08,0.7090,-1,-1,-1
1041,179,405.13,65.37,62.04,141.86,0.7369,-1,-1,-1
1041,187,199.30,292.24,81.54,151.52,0.8021,-1,-1,-1
1041,189,740.10,481.70,66.65,138.07,0.6857,-1,-1,-1
1041,192,309.09,297.78,83.20,155.77,0.7202,-1,-1,-1
1041,195,816.35,362.07,47.07,175.56,0.6437,-1,-1,-1
1041,198,719.08,263.29,61.19,157.40,0.7519,-1,-1,-1
1041,200,259.51,308.63,67.54,154.74,0.7970,-1,-1,-1
1042,133,395.25,258.85,73.09,156.98,0.7564,-1,-1,-1
1042,176,641.45,138.75,62.00,158.61,0.6663,-1,-1,-1
1042,179,399.48,66.09,62.41,142.29,0.7101,-1,-1,-1
1042,187,197.26,288.29,82.48,154.26,0.7371,-1,-1,-1
1042,189,738.51,483.04,67.62,137.19,0.7408,-1,-1,-1
1042,192,303.40,300.00,81.10,152.00,0.6870,-1,-1,-1
1042,195,814.19,366.60,46.88,172.74,0.5918,-1,-1,-1
1042,198,708.19,262.01,65.47,165.61,0.7893,-1,-1,-1
1042,199,751.61,242.05,91.12,155.37,0.6657,-1,-1,-1
1042,200,253.87,306.42,68.79,156.80,0.7979,-1,-1,-1
1043,133,390.46,259.00,73.90,158.73,0.7203,-1,-1,-1
1043,179,395.74,66.61,61.86,140.92,0.6477,-1,-1,-1
1043,187,196.21,286.76,82.73,154.02,0.7618,-1,-1,-1
1043,189,737.30,485.45,67.79,134.53,0.7600,-1,-1,-1
1043,192,297.97,301.62,80.31,150.10,0.6359,-1,-1,-1
1043,195,809.04,365.81,48.36,175.47,0.6393,-1,-1,-1
1043,198,699.22,265.45,67.59,168.30,0.7663,-1,-1,-1
1043,200,247.33,301.15,70.73,159.97,0.6195,-1,-1,-1
1044,133,385.49,257.86,74.72,161.95,0.6692,-1,-1,-1
1044,176,637.80,140.84,60.11,155.96,0.5882,-1,-1,-1
1044,179,390.14,66.97,62.18,141.64,0.6865,-1,-1,-1
1044,187,193.12,287.42,82.56,151.73,0.6841,-1,-1,-1
1044,189,733.24,487.11,67.79,132.83,0.7074,-1,-1,-1
1044,192,292.83,303.95,79.86,149.23,0.6793,-1,-1,-1
1044,195,806.77,370.27,48.09,173.46,0.6395,-1,-1,-1
1045,133,385.79,255.10,64.04,136.65,0.6564,-1,-1,-1
1045,179,381.41,67.91,62.59,142.96,0.6877,-1,-1,-1
1045,187,191.65,286.08,80.78,144.99,0.6864,-1,-1,-1
1045,189,721.71,491.02,65.91,128.97,0.6324,-1,-1,-1
1045,192,283.35,300.29,83.77,157.61,0.6956,-1,-1,-1
1045,195,802.49,380.86,46.94,165.90,0.6672,-1,-1,-1
1045,198,665.92,274.86,66.61,163.84,0.6002,-1,-1,-1
1045,200,232.82,297.17,75.13,168.33,0.6262,-1,-1,-1
1046,133,375.75,252.05,73.76,158.44,0.6917,-1,-1,-1
1046,166,849.72,522.45,46.67,100.53,0.5682,-1,-1,-1
1046,179,374.27,68.30,63.28,143.91,0.7240,-1,-1,-1
1046,187,190.18,285.36,79.06,139.50,0.6343,-1,-1,-1
1046,189,711.13,494.73,64.80,125.40,0.7292,-1,-1,-1
1046,192,276.44,297.37,86.04,162.64,0.6972,-1,-1,-1
1046,195,799.65,388.06,46.64,161.81,0.6862,-1,-1,-1
1046,200,228.32,296.32,76.44,169.11,0.7146,-1,-1,-1
1047,133,368.28,249.62,78.03,168.26,0.6309,-1,-1,-1
1047,176,629.46,135.12,55.65,145.48,0.6097,-1,-1,-1
1047,179,369.81,69.29,62.78,143.55,0.7425,-1,-1,-1
1047,187,192.93,283.91,78.13,136.16,0.6519,-1,-1,-1
1047,189,704.44,497.41,63.06,121.44,0.6719,-1,-1,-1
1047,192,270.79,294.37,87.66,166.52,0.7232,-1,-1,-1
1047,195,796.33,391.69,45.11,152.26,0.6596,-1,-1,-1
1047,199,744.32,242.11,80.48,141.67,0.5770,-1,-1,-1
1047,200,225.26,296.11,76.37,165.87,0.6865,-1,-1,-1
1048,133,364.90,248.05,78.19,168.93,0.6836,-1,-1,-1
1048,166,832.06,526.68,45.43,99.05,0.5606,-1,-1,-1
1048,176,627.00,134.07,58.14,152.64,0.6601,-1,-1,-1
1048,179,365.58,70.02,62.56,143.86,0.7089,-1,-1,-1
1048,187,196.24,281.47,78.18,136.99,0.5978,-1,-1,-1
1048,189,698.07,500.57,62.92,120.92,0.7345,-1,-1,-1
1048,192,270.27,292.64,87.99,169.61,0.7265,-1,-1,-1
1048,195,791.75,389.50,47.52,158.42,0.6479,-1,-1,-1
1048,198,630.51,289.16,67.25,165.44,0.7075,-1,-1,-1
1048,199,735.52,241.37,77.13,136.67,0.5521,-1,-1,-1
1048,200,224.25,294.74,74.72,161.11,0.7012,-1,-1,-1
1049,133,363.29,247.47,77.64,168.05,0.7983,-1,-1,-1
1049,176,625.92,136.21,59.48,154.83,0.7333,-1,-1,-1
1049,179,360.07,70.53,62.76,144.59,0.7627,-1,-1,-1
1049,187,197.22,277.89,78.75,139.98,0.6059,-1,-1,-1
1049,189,690.51,502.45,62.55,119.66,0.7410,-1,-1,-1
1049,192,273.25,290.18,87.82,173.48,0.6974,-1,-1,-1
1049,195,785.11,385.11,51.08,167.56,0.6080,-1,-1,-1
1049,198,621.16,292.82,68.91,169.34,0.7339,-1,-1,-1
1049,199,733.60,241.14,75.69,136.23,0.5715,-1,-1,-1
1049,200,225.08,294.17,71.70,153.67,0.7855,-1,-1,-1
1050,133,360.08,247.73,76.19,164.58,0.7752,-1,-1,-1
1050,176,626.71,138.22,60.58,156.91,0.7168,-1,-1,-1
1050,179,352.55,71.45,62.29,144.86,0.7223,-1,-1,-1
1050,187,193.40,268.41,83.57,151.79,0.6510,-1,-1,-1
1050,189,677.10,505.30,62.04,116.67,0.6581,-1,-1,-1
1050,192,278.40,291.84,86.35,176.73,0.7423,-1,-1,-1
1050,195,784.04,388.55,51.21,167.91,0.7110,-1,-1,-1
1050,198,602.88,297.12,73.48,179.22,0.7749,-1,-1,-1
1050,199,720.15,243.90,87.92,162.60,0.6322,-1,-1,-1
1050,200,221.52,293.13,71.15,148.96,0.7464,-1,-1,-1
1051,133,359.39,248.49,71.39,151.46,0.7853,-1,-1,-1
1051,176,622.01,139.07,61.72,157.38,0.6408,-1,-1,-1
1051,179,345.45,71.58,62.69,146.64,0.7137,-1,-1,-1
1051,187,191.84,263.47,85.95,159.59,0.6782,-1,-1,-1
1051,189,666.79,507.09,62.80,116.11,0.6741,-1,-1,-1
1051,192,282.25,292.78,85.72,180.95,0.6502,-1,-1,-1
1051,195,781.01,385.21,52.46,172.29,0.6534,-1,-1,-1
1051,198,590.27,301.01,75.12,181.74,0.7615,-1,-1,-1
1051,199,712.25,247.74,91.54,172.57,0.7051,-1,-1,-1
1052,133,356.89,250.28,70.05,145.29,0.7872,-1,-1,-1
1052,176,618.11,139.14,62.63,158.18,0.7635,-1,-1,-1
1052,179,340.28,72.67,62.75,147.01,0.6907,-1,-1,-1
1052,187,195.45,259.31,80.84,151.61,0.5927,-1,-1,-1
1052,189,657.93,508.26,62.75,113.67,0.6327,-1,-1,-1
1052,192,288.26,293.62,82.28,177.51,0.6358,-1,-1,-1
1052,195,772.11,382.10,55.21,177.37,0.6600,-1,-1,-1
1052,198,578.50,305.04,75.68,181.93,0.7470,-1,-1,-1
1052,199,704.03,251.33,93.25,176.90,0.6047,-1,-1,-1
1053,133,356.46,251.21,69.87,142.76,0.8059,-1,-1,-1
1053,176,617.30,140.74,63.18,157.24,0.7749,-1,-1,-1
1053,179,336.01,71.90,63.20,148.30,0.7414,-1,-1,-1
1053,192,288.61,295.28,82.66,181.83,0.6344,-1,-1,-1
1053,195,767.44,379.34,56.54,177.89,0.6989,-1,-1,-1
1053,198,566.81,309.57,75.79,181.50,0.7749,-1,-1,-1
1053,199,697.04,254.98,93.35,176.69,0.7507,-1,-1,-1
1053,200,220.46,284.64,78.27,154.59,0.6795,-1,-1,-1
1054,133,356.11,250.75,69.57,140.42,0.7906,-1,-1,-1
1054,176,616.35,141.75,63.59,156.56,0.7401,-1,-1,-1
1054,179,332.26,71.35,63.97,150.19,0.7686,-1,-1,-1
1054,192,291.88,297.83,84.25,181.90,0.6771,-1,-1,-1
1054,195,765.14,377.31,57.21,176.91,0.6643,-1,-1,-1
1054,198,557.32,312.37,74.40,179.67,0.7687,-1,-1,-1
1054,199,692.90,261.38,92.05,172.69,0.7652,-1,-1,-1
1054,200,219.93,281.73,83.21,156.01,0.7247,-1,-1,-1
1055,133,355.24,247.64,70.96,142.49,0.7152,-1,-1,-1
1055,176,615.93,140.65,64.22,157.70,0.7212,-1,-1,-1
1055,179,326.43,71.86,63.29,148.98,0.7030,-1,-1,-1
1055,187,208.11,251.11,69.68,131.40,0.6617,-1,-1,-1
1055,192,291.50,304.49,84.99,181.14,0.7472,-1,-1,-1
1055,195,762.77,379.12,58.82,182.11,0.7029,-1,-1,-1
1055,198,540.36,314.21,75.01,179.19,0.7132,-1,-1,-1
1055,199,683.76,268.51,91.81,169.77,0.6777,-1,-1,-1
1056,133,359.82,245.63,63.97,125.49,0.5666,-1,-1,-1
1056,176,615.52,139.01,65.82,160.95,0.6964,-1,-1,-1
1056,179,322.37,71.73,63.46,149.44,0.6925,-1,-1,-1
1056,187,209.32,247.68,69.62,134.29,0.6513,-1,-1,-1
1056,192,290.79,307.21,86.00,180.97,0.7385,-1,-1,-1
1056,195,762.22,383.11,58.57,181.23,0.6946,-1,-1,-1
1056,198,532.01,315.42,76.28,179.25,0.6514,-1,-1,-1
1056,199,676.84,272.73,91.62,167.86,0.7254,-1,-1,-1
1056,200,228.64,276.62,85.26,150.73,0.5905,-1,-1,-1
1057,176,616.11,139.03,66.45,160.84,0.6448,-1,-1,-1
1057,179,319.43,70.14,63.62,149.93,0.7194,-1,-1,-1
1057,187,211.57,241.19,72.72,145.87,0.6667,-1,-1,-1
1057,192,301.55,305.55,91.69,182.80,0.7947,-1,-1,-1
1057,195,759.70,380.93,60.28,186.23,0.7165,-1,-1,-1
1057,198,522.34,316.32,77.31,180.32,0.7647,-1,-1,-1
1057,199,673.32,281.19,90.12,162.93,0.7044,-1,-1,-1
1058,133,364.04,238.48,63.74,122.96,0.5861,-1,-1,-1
1058,179,316.69,69.74,64.23,150.41,0.7202,-1,-1,-1
1058,187,214.57,236.75,72.35,149.98,0.6646,-1,-1,-1
1058,192,303.48,303.61,97.50,185.52,0.7734,-1,-1,-1
1058,195,755.72,377.58,62.99,192.56,0.7418,-1,-1,-1
1058,198,509.86,317.60,80.78,183.37,0.5868,-1,-1,-1
1058,199,672.23,287.73,89.50,159.29,0.6960,-1,-1,-1
1058,200,241.23,268.20,90.88,159.52,0.7135,-1,-1,-1
1059,179,313.11,70.33,65.20,151.87,0.7526,-1,-1,-1
1059,187,216.33,233.33,72.84,156.52,0.6332,-1,-1,-1
1059,189,590.81,511.59,104.18,188.91,0.6083,-1,-1,-1
1059,192,319.82,302.71,96.54,180.45,0.6696,-1,-1,-1
1059,195,753.78,375.67,64.31,194.46,0.7956,-1,-1,-1
1059,198,494.90,321.12,84.33,187.34,0.7528,-1,-1,-1
1059,199,671.23,290.90,89.13,157.04,0.6859,-1,-1,-1
1059,200,252.23,262.96,93.00,166.03,0.7490,-1,-1,-1
1060,179,307.34,70.07,65.63,153.88,0.6973,-1,-1,-1
1060,187,224.60,230.50,71.93,156.31,0.7174,-1,-1,-1
1060,192,314.60,254.81,121.69,227.07,0.5741,-1,-1,-1
1060,195,751.26,373.36,65.31,194.98,0.7879,-1,-1,-1
1060,198,478.64,327.22,87.30,191.65,0.8542,-1,-1,-1
1060,199,662.20,288.69,92.67,161.55,0.7048,-1,-1,-1
1060,200,263.24,254.94,96.45,177.81,0.6759,-1,-1,-1
1061,166,696.17,553.35,70.09,165.25,0.6110,-1,-1,-1
1061,179,304.16,70.29,65.52,154.06,0.7181,-1,-1,-1
1061,187,229.01,228.66,72.28,157.58,0.7427,-1,-1,-1
1061,189,581.27,514.07,108.41,197.72,0.5680,-1,-1,-1
1061,192,324.90,234.52,129.65,246.60,0.7288,-1,-1,-1
1061,195,754.03,371.92,64.93,194.42,0.7392,-1,-1,-1
1061,198,467.93,333.68,86.97,190.91,0.8537,-1,-1,-1
1061,199,647.60,293.64,88.81,158.37,0.6035,-1,-1,-1
1061,200,272.22,247.63,92.75,173.74,0.6964,-1,-1,-1
1062,166,689.66,553.15,66.60,166.85,0.5704,-1,-1,-1
1062,179,301.53,69.42,65.92,154.43,0.7364,-1,-1,-1
1062,187,232.67,227.88,73.25,157.50,0.7724,-1,-1,-1
1062,189,580.00,514.56,109.37,201.23,0.5950,-1,-1,-1
1062,192,330.40,224.83,132.14,254.14,0.7695,-1,-1,-1
1062,195,755.25,370.35,64.21,192.83,0.7862,-1,-1,-1
1062,198,459.33,339.32,84.49,188.49,0.7650,-1,-1,-1
1062,200,278.56,243.68,92.45,175.92,0.7456,-1,-1,-1
1063,179,299.68,67.65,67.00,156.09,0.7632,-1,-1,-1
1063,187,231.99,227.04,74.06,157.32,0.7745,-1,-1,-1
1063,189,579.67,514.05,109.41,202.73,0.5863,-1,-1,-1
1063,192,337.90,217.30,134.65,262.84,0.8282,-1,-1,-1
1063,195,754.54,368.29,64.06,191.67,0.8163,-1,-1,-1
1063,198,449.17,342.54,82.04,187.40,0.7058,-1,-1,-1
1063,200,283.97,240.52,92.85,178.76,0.8090,-1,-1,-1
1064,166,675.96,553.60,65.39,166.40,0.6094,-1,-1,-1
1064,179,299.17,65.88,67.86,157.07,0.7227,-1,-1,-1
1064,187,230.53,226.70,74.10,156.04,0.8273,-1,-1,-1
1064,192,352.99,212.31,129.54,259.23,0.7710,-1,-1,-1
1064,195,751.48,366.93,64.08,190.00,0.8034,-1,-1,-1
1064,198,440.00,344.07,79.90,186.87,0.5821,-1,-1,-1
1064,199,633.45,281.57,94.75,170.40,0.6180,-1,-1,-1
1064,200,291.17,237.98,86.46,166.51,0.7084,-1,-1,-1
1065,179,300.59,64.27,68.13,156.40,0.7451,-1,-1,-1
1065,187,232.99,227.56,72.25,149.49,0.8580,-1,-1,-1
1065,195,746.11,364.60,64.45,186.38,0.7693,-1,-1,-1
1065,198,424.60,342.53,80.67,191.74,0.6731,-1,-1,-1
1065,199,610.71,269.00,100.34,179.72,0.7300,-1,-1,-1
1065,200,307.78,233.78,84.38,162.49,0.7379,-1,-1,-1
1066,179,302.28,63.67,67.91,154.62,0.7480,-1,-1,-1
1066,187,239.21,227.15,70.44,141.75,0.8602,-1,-1,-1
1066,192,367.34,203.85,150.52,312.57,0.6214,-1,-1,-1
1066,195,743.45,363.01,65.08,184.44,0.7928,-1,-1,-1
1066,198,408.57,335.73,84.92,201.79,0.5532,-1,-1,-1
1066,199,603.96,263.32,101.18,184.47,0.6808,-1,-1,-1
1066,200,319.87,230.45,82.48,160.06,0.8152,-1,-1,-1
1067,143,629.12,44.50,89.15,237.41,0.6352,-1,-1,-1
1067,179,303.60,62.99,68.10,154.13,0.7010,-1,-1,-1
1067,187,243.25,226.18,70.20,138.98,0.8494,-1,-1,-1
1067,195,741.69,361.85,65.73,183.68,0.7869,-1,-1,-1
1067,198,399.42,339.52,86.31,202.52,0.8156,-1,-1,-1
1067,199,602.80,263.59,99.23,186.52,0.6676,-1,-1,-1
1067,200,327.57,228.13,82.04,161.14,0.7812,-1,-1,-1
1068,143,632.25,41.11,84.83,240.42,0.6565,-1,-1,-1
1068,166,627.10,521.81,83.45,198.19,0.6209,-1,-1,-1
1068,179,304.46,62.43,68.34,154.12,0.7033,-1,-1,-1
1068,187,245.48,225.05,69.63,135.82,0.8607,-1,-1,-1
1068,195,739.95,361.35,65.71,181.91,0.7815,-1,-1,-1
1068,198,394.91,347.38,86.84,200.47,0.5965,-1,-1,-1
1068,199,594.68,263.73,98.32,189.11,0.7080,-1,-1,-1
1068,200,333.73,226.18,80.66,159.83,0.7896,-1,-1,-1
1068,205,1181.57,313.79,85.61,178.07,0.6423,-1,-1,-1
1069,143,634.25,39.57,83.62,249.21,0.6293,-1,-1,-1
1069,166,618.53,512.01,90.81,207.99,0.7392,-1,-1,-1
1069,179,304.79,62.80,68.37,153.35,0.7057,-1,-1,-1
1069,187,247.56,223.45,69.73,135.10,0.8372,-1,-1,-1
1069,195,739.38,360.94,65.86,181.28,0.7590,-1,-1,-1
1069,198,392.84,346.72,86.08,196.20,0.7307,-1,-1,-1
1069,199,590.40,267.36,96.92,190.53,0.7261,-1,-1,-1
1069,200,339.90,224.06,79.77,159.27,0.7096,-1,-1,-1
1069,205,1181.38,313.82,85.53,177.92,0.6317,-1,-1,-1
1070,143,636.15,41.20,81.32,249.85,0.6454,-1,-1,-1
1070,166,615.34,508.36,94.50,211.64,0.7675,-1,-1,-1
1070,179,304.77,63.08,68.53,152.90,0.6869,-1,-1,-1
1070,187,247.98,220.92,69.08,132.36,0.8128,-1,-1,-1
1070,195,738.97,360.46,66.12,180.89,0.7419,-1,-1,-1
1070,198,388.52,352.79,87.21,197.00,0.7650,-1,-1,-1
1070,199,586.13,270.33,96.11,192.28,0.7545,-1,-1,-1
1070,200,345.05,221.53,80.13,160.46,0.6771,-1,-1,-1
1070,205,1179.67,311.22,87.27,181.84,0.6040,-1,-1,-1
1071,143,639.02,42.71,79.16,247.04,0.6437,-1,-1,-1
1071,166,610.59,506.62,95.86,213.38,0.5775,-1,-1,-1
1071,179,305.98,63.51,68.69,153.08,0.6132,-1,-1,-1
1071,187,247.72,216.82,69.57,132.92,0.7858,-1,-1,-1
1071,195,736.56,359.48,66.85,181.87,0.7836,-1,-1,-1
1071,198,383.86,356.07,86.58,197.39,0.7402,-1,-1,-1
1071,199,578.35,276.24,96.37,194.15,0.8141,-1,-1,-1
1071,200,351.48,220.92,75.90,152.34,0.6061,-1,-1,-1
1072,143,640.45,43.87,78.19,246.15,0.5708,-1,-1,-1
1072,166,606.59,506.59,94.50,213.41,0.7309,-1,-1,-1
1072,179,306.84,62.86,69.12,154.05,0.5960,-1,-1,-1
1072,187,246.76,213.90,71.79,137.05,0.8174,-1,-1,-1
1072,195,735.17,358.95,67.28,182.04,0.7794,-1,-1,-1
1072,198,379.04,356.31,85.09,197.38,0.8205,-1,-1,-1
1072,199,570.30,285.90,95.78,189.44,0.8103,-1,-1,-1
1072,200,360.92,220.24,75.42,148.08,0.7381,-1,-1,-1
1073,143,641.40,44.88,76.21,241.46,0.6191,-1,-1,-1
1073,166,605.43,506.62,93.10,213.08,0.7123,-1,-1,-1
1073,179,306.94,62.61,69.82,155.03,0.6381,-1,-1,-1
1073,187,245.45,212.05,73.07,139.68,0.8127,-1,-1,-1
1073,195,734.05,358.69,67.80,182.20,0.7915,-1,-1,-1
1073,198,375.09,355.70,83.76,198.22,0.8034,-1,-1,-1
1073,199,566.66,296.45,93.50,179.01,0.7219,-1,-1,-1
1073,200,365.22,220.14,76.38,148.21,0.7137,-1,-1,-1
1074,143,643.94,44.46,77.78,245.21,0.6350,-1,-1,-1
1074,166,606.68,506.90,92.10,212.46,0.7891,-1,-1,-1
1074,179,308.44,62.65,70.30,155.30,0.6369,-1,-1,-1
1074,187,244.58,212.15,72.93,139.99,0.7873,-1,-1,-1
1074,195,732.53,358.77,68.50,183.07,0.7992,-1,-1,-1
1074,198,371.71,355.42,81.79,197.56,0.7868,-1,-1,-1
1074,199,559.90,301.99,96.92,179.33,0.7396,-1,-1,-1
1074,200,367.22,221.49,76.77,147.08,0.7846,-1,-1,-1
1075,143,645.54,43.62,79.07,247.15,0.6527,-1,-1,-1
1075,166,606.13,506.42,92.62,213.58,0.7460,-1,-1,-1
1075,179,311.23,63.77,69.61,153.79,0.6185,-1,-1,-1
1075,187,244.05,210.05,73.62,142.37,0.7806,-1,-1,-1
1075,195,731.04,358.61,69.23,183.84,0.8037,-1,-1,-1
1075,198,369.67,355.24,80.41,198.58,0.7638,-1,-1,-1
1075,199,552.46,305.37,102.39,183.69,0.7996,-1,-1,-1
1075,200,370.95,222.11,76.47,145.12,0.7878,-1,-1,-1
1076,143,646.45,42.51,80.44,249.90,0.6072,-1,-1,-1
1076,179,316.43,64.55,68.03,151.26,0.6685,-1,-1,-1
1076,187,242.58,206.27,73.66,145.34,0.7337,-1,-1,-1
1076,195,729.65,359.30,69.58,183.76,0.7785,-1,-1,-1
1076,198,362.81,353.72,80.94,202.05,0.8085,-1,-1,-1
1076,199,531.78,307.47,106.16,181.88,0.6635,-1,-1,-1
1076,200,380.22,223.87,73.68,136.82,0.7958,-1,-1,-1
1077,143,658.52,101.89,65.01,192.00,0.5547,-1,-1,-1
1077,179,320.38,64.29,67.67,152.02,0.5841,-1,-1,-1
1077,187,244.08,204.36,71.54,142.91,0.6756,-1,-1,-1
1077,195,729.06,359.90,69.25,182.07,0.7628,-1,-1,-1
1077,198,356.18,352.73,81.57,203.27,0.8121,-1,-1,-1
1077,200,387.56,225.89,72.32,130.09,0.7615,-1,-1,-1
1078,166,571.29,534.65,80.58,185.35,0.6291,-1,-1,-1
1078,179,322.94,63.96,67.97,154.08,0.7123,-1,-1,-1
1078,187,244.42,202.27,72.68,147.45,0.7019,-1,-1,-1
1078,195,728.15,360.55,69.28,181.27,0.7825,-1,-1,-1
1078,198,349.63,354.00,82.57,202.27,0.8649,-1,-1,-1
1078,200,390.37,225.46,74.34,131.35,0.8094,-1,-1,-1
1079,166,556.97,540.15,80.42,179.85,0.6468,-1,-1,-1
1079,179,325.11,65.39,67.30,153.66,0.6595,-1,-1,-1
1079,187,244.85,200.83,74.75,153.77,0.6846,-1,-1,-1
1079,195,727.89,361.64,68.52,178.62,0.7515,-1,-1,-1
1079,198,344.58,361.36,82.27,195.50,0.8705,-1,-1,-1
1079,200,391.91,225.24,75.95,133.05,0.8099,-1,-1,-1
1080,166,547.30,542.40,82.69,177.60,0.7223,-1,-1,-1
1080,179,328.41,68.28,65.92,150.94,0.6381,-1,-1,-1
1080,187,247.04,195.74,74.18,152.89,0.5574,-1,-1,-1
1080,192,526.66,204.67,105.25,215.30,0.7162,-1,-1,-1
1080,195,727.59,362.43,68.18,176.88,0.7583,-1,-1,-1
1080,198,340.92,366.86,83.03,189.41,0.8320,-1,-1,-1
1080,199,478.31,331.29,92.20,159.25,0.5535,-1,-1,-1
1080,200,392.21,224.67,77.43,135.07,0.7829,-1,-1,-1
1080,207,625.56,504.75,80.96,197.05,0.6172,-1,-1,-1
1081,166,540.20,543.16,86.03,176.84,0.7041,-1,-1,-1
1081,179,331.54,70.86,65.39,150.21,0.6153,-1,-1,-1
1081,187,238.44,195.64,74.09,156.96,0.6470,-1,-1,-1
1081,192,539.15,212.77,99.50,202.81,0.7941,-1,-1,-1
1081,195,726.93,362.97,67.69,174.76,0.7741,-1,-1,-1
1081,198,332.93,373.98,85.97,184.76,0.8251,-1,-1,-1
1081,200,391.54,220.40,80.54,140.64,0.7608,-1,-1,-1
1081,207,623.62,503.05,81.14,196.91,0.5785,-1,-1,-1
1082,166,535.74,542.33,89.64,177.67,0.6369,-1,-1,-1
1082,179,333.60,73.16,64.94,149.69,0.6785,-1,-1,-1
1082,187,241.62,201.38,69.49,149.38,0.5868,-1,-1,-1
1082,192,567.60,250.49,79.10,163.81,0.6389,-1,-1,-1
1082,195,725.96,362.97,67.09,172.55,0.7421,-1,-1,-1
1082,198,327.97,378.17,89.54,181.31,0.7846,-1,-1,-1
1082,200,392.68,217.78,83.34,145.53,0.7397,-1,-1,-1
1083,166,532.72,541.05,93.00,178.95,0.6596,-1,-1,-1
1083,179,335.30,75.00,64.67,150.18,0.6712,-1,-1,-1
1083,187,244.98,206.03,66.86,144.91,0.6631,-1,-1,-1
1083,192,580.19,252.09,77.18,161.26,0.6724,-1,-1,-1
1083,195,724.51,362.51,66.58,170.59,0.7339,-1,-1,-1
1083,198,324.18,379.73,94.95,182.43,0.8283,-1,-1,-1
1083,200,392.80,215.33,85.76,149.99,0.6754,-1,-1,-1
1084,166,527.21,538.95,94.95,180.76,0.6671,-1,-1,-1
1084,179,336.64,76.41,64.26,150.59,0.5802,-1,-1,-1
1084,187,245.35,211.08,66.91,144.79,0.7350,-1,-1,-1
1084,192,593.02,256.96,74.01,152.18,0.7684,-1,-1,-1
1084,195,723.32,361.91,65.40,167.05,0.7636,-1,-1,-1
1084,198,321.97,379.71,100.30,184.19,0.8301,-1,-1,-1
1084,200,389.81,212.68,87.47,154.47,0.7173,-1,-1,-1
1084,209,556.36,224.82,53.71,132.77,0.6744,-1,-1,-1
1085,166,523.85,536.92,96.61,182.62,0.7479,-1,-1,-1
1085,187,246.40,214.95,66.16,142.65,0.7152,-1,-1,-1
1085,192,601.13,253.66,76.35,153.70,0.7886,-1,-1,-1
1085,195,721.14,360.88,65.43,167.28,0.7759,-1,-1,-1
1085,198,320.04,378.84,105.14,185.76,0.7777,-1,-1,-1
1085,200,388.55,210.82,86.79,154.63,0.7344,-1,-1,-1
1085,207,638.96,501.29,52.54,120.97,0.6056,-1,-1,-1
1085,209,563.12,230.06,51.32,126.90,0.6289,-1,-1,-1
1086,166,516.27,533.81,94.46,181.87,0.7016,-1,-1,-1
1086,179,338.44,79.44,63.43,150.34,0.5849,-1,-1,-1
1086,187,248.56,223.29,64.88,136.44,0.7907,-1,-1,-1
1086,192,614.10,270.48,71.32,135.26,0.6387,-1,-1,-1
1086,195,717.33,359.78,65.50,167.31,0.6880,-1,-1,-1
1086,198,310.46,359.37,115.53,202.65,0.6887,-1,-1,-1
1086,199,388.18,344.45,95.74,147.12,0.5639,-1,-1,-1
1086,200,388.30,209.76,83.00,148.52,0.7103,-1,-1,-1
1086,207,636.17,499.66,53.57,117.57,0.6840,-1,-1,-1
1087,166,511.77,531.10,91.67,180.96,0.6979,-1,-1,-1
1087,187,247.30,229.10,64.23,131.63,0.8464,-1,-1,-1
1087,192,617.89,278.75,70.07,127.08,0.7363,-1,-1,-1
1087,195,714.24,358.93,65.32,166.70,0.7349,-1,-1,-1
1087,198,305.08,361.03,113.80,199.68,0.7732,-1,-1,-1
1087,199,370.57,345.62,98.38,146.67,0.6675,-1,-1,-1
1087,200,386.61,210.02,83.98,152.17,0.7065,-1,-1,-1
1087,207,634.16,497.93,55.86,117.38,0.7286,-1,-1,-1
1088,166,507.00,529.80,88.82,181.18,0.7121,-1,-1,-1
1088,179,339.38,82.69,61.53,147.54,0.5981,-1,-1,-1
1088,187,244.12,234.87,64.76,127.66,0.8675,-1,-1,-1
1088,192,606.36,277.09,75.45,129.03,0.5819,-1,-1,-1
1088,195,712.24,359.47,64.74,164.90,0.7832,-1,-1,-1
1088,198,297.38,353.24,116.55,207.08,0.7643,-1,-1,-1
1088,200,385.72,212.17,82.87,152.97,0.7280,-1,-1,-1
1088,207,631.05,497.46,58.60,118.71,0.7315,-1,-1,-1
1089,166,501.39,528.31,85.57,181.88,0.6812,-1,-1,-1
1089,187,240.82,241.46,65.01,122.25,0.8521,-1,-1,-1
1089,192,596.58,248.99,92.07,156.95,0.7784,-1,-1,-1
1089,195,709.18,360.53,64.28,163.15,0.7802,-1,-1,-1
1089,198,286.51,347.49,119.04,211.68,0.6919,-1,-1,-1
1089,200,384.16,212.83,81.58,153.39,0.7193,-1,-1,-1
1089,207,627.31,496.37,61.07,119.74,0.7315,-1,-1,-1
1090,166,496.65,527.50,82.69,182.36,0.6554,-1,-1,-1
1090,187,237.42,245.92,66.40,119.18,0.8138,-1,-1,-1
1090,192,593.47,240.91,97.11,165.19,0.7274,-1,-1,-1
1090,195,706.78,361.41,64.07,161.89,0.7691,-1,-1,-1
1090,198,287.03,350.42,115.52,207.71,0.7270,-1,-1,-1
1090,200,381.52,213.01,80.35,153.78,0.7436,-1,-1,-1
1090,207,623.07,495.84,63.04,120.28,0.6708,-1,-1,-1
1091,166,483.67,525.89,82.20,181.23,0.6228,-1,-1,-1
1091,187,236.25,251.91,67.10,114.53,0.8208,-1,-1,-1
1091,192,589.51,239.08,99.69,169.95,0.7120,-1,-1,-1
1091,195,701.44,360.84,63.81,160.17,0.7093,-1,-1,-1
1091,198,281.03,357.40,110.67,198.96,0.7833,-1,-1,-1
1091,200,378.99,213.63,78.88,153.23,0.7819,-1,-1,-1
1091,207,616.14,494.99,64.74,120.85,0.7068,-1,-1,-1
1092,166,475.22,525.20,81.27,178.66,0.6468,-1,-1,-1
1092,179,337.75,90.67,56.22,135.85,0.5781,-1,-1,-1
1092,187,236.14,255.63,66.54,108.22,0.7276,-1,-1,-1
1092,192,592.47,257.15,91.88,155.98,0.5939,-1,-1,-1
1092,195,696.18,360.42,63.57,158.83,0.6880,-1,-1,-1
1092,198,275.63,359.53,106.91,193.14,0.8171,-1,-1,-1
1092,200,377.91,214.14,77.61,152.87,0.7935,-1,-1,-1
1092,207,610.37,494.28,65.68,120.14,0.6361,-1,-1,-1
1093,166,468.53,524.13,80.34,175.54,0.6400,-1,-1,-1
1093,179,337.76,91.78,55.20,133.78,0.5640,-1,-1,-1
1093,187,231.10,257.82,67.10,103.05,0.5623,-1,-1,-1
1093,192,586.73,244.21,96.59,165.10,0.6236,-1,-1,-1
1093,195,692.12,359.98,63.36,157.99,0.7337,-1,-1,-1
1093,198,273.52,365.50,102.05,184.49,0.7076,-1,-1,-1
1093,200,377.76,215.85,75.99,151.48,0.7741,-1,-1,-1
1093,207,605.63,493.11,66.64,119.48,0.6025,-1,-1,-1
1094,192,580.78,240.58,100.12,173.16,0.5738,-1,-1,-1
1094,195,689.45,359.41,63.64,158.29,0.7715,-1,-1,-1
1094,200,378.76,218.63,73.78,148.78,0.7764,-1,-1,-1
1095,166,461.72,522.81,79.84,173.46,0.5530,-1,-1,-1
1095,195,688.42,358.54,63.64,158.25,0.7428,-1,-1,-1
1095,198,271.75,376.45,95.48,168.95,0.5859,-1,-1,-1
1095,200,381.14,220.87,70.58,143.59,0.7950,-1,-1,-1
1096,192,590.06,244.27,100.03,173.71,0.6949,-1,-1,-1
1096,195,687.36,353.98,64.48,160.80,0.6913,-1,-1,-1
1096,198,277.76,385.05,94.62,160.30,0.6196,-1,-1,-1
1096,200,394.21,224.23,68.06,134.88,0.7814,-1,-1,-1
1096,207,600.83,487.72,71.82,127.01,0.7190,-1,-1,-1
1097,166,473.39,517.37,57.66,121.23,0.6667,-1,-1,-1
1097,187,192.31,262.54,66.22,93.62,0.6899,-1,-1,-1
1097,192,596.01,247.38,99.36,174.11,0.6584,-1,-1,-1
1097,195,691.18,351.71,63.82,159.82,0.7176,-1,-1,-1
1097,198,285.70,388.68,95.57,157.03,0.8107,-1,-1,-1
1097,199,208.88,369.72,101.38,151.28,0.7605,-1,-1,-1
1097,200,407.10,228.62,65.78,126.03,0.7945,-1,-1,-1
1097,207,605.10,485.95,74.44,131.56,0.7222,-1,-1,-1
1098,166,483.27,515.74,53.25,109.20,0.6638,-1,-1,-1
1098,187,190.27,264.41,67.33,88.61,0.7074,-1,-1,-1
1098,192,608.53,250.18,97.19,169.72,0.5875,-1,-1,-1
1098,195,699.32,350.49,63.46,158.98,0.6526,-1,-1,-1
1098,198,298.89,392.07,96.20,153.56,0.7974,-1,-1,-1
1098,199,203.24,368.12,104.80,155.67,0.7744,-1,-1,-1
1098,200,419.71,231.46,65.97,122.11,0.8257,-1,-1,-1
1098,207,612.91,484.70,74.63,131.77,0.7808,-1,-1,-1
1099,166,491.79,513.38,52.58,107.51,0.7027,-1,-1,-1
1099,187,192.37,264.78,79.84,99.77,0.6009,-1,-1,-1
1099,195,710.68,349.32,62.75,158.43,0.6443,-1,-1,-1
1099,198,311.04,393.45,97.23,151.00,0.7890,-1,-1,-1
1099,199,200.33,366.78,106.99,158.65,0.6894,-1,-1,-1
1099,200,433.90,236.32,65.22,116.06,0.7847,-1,-1,-1
1099,207,628.56,482.26,74.04,133.65,0.7830,-1,-1,-1
1100,166,502.87,512.45,52.60,108.29,0.6998,-1,-1,-1
1100,187,203.78,266.23,81.09,93.95,0.6561,-1,-1,-1
1100,192,644.76,252.72,94.98,165.35,0.5568,-1,-1,-1
1100,195,725.46,348.76,61.31,156.57,0.6332,-1,-1,-1
1100,198,324.02,394.63,97.10,145.87,0.8117,-1,-1,-1
1100,199,203.47,367.20,107.67,161.31,0.6074,-1,-1,-1
1100,200,447.75,238.70,65.88,111.29,0.7774,-1,-1,-1
1100,207,642.06,479.48,75.18,137.43,0.7521,-1,-1,-1
1101,198,350.99,395.23,95.08,138.01,0.8453,-1,-1,-1
1101,199,219.23,365.26,107.85,163.39,0.8168,-1,-1,-1
1101,200,474.56,238.13,69.44,109.82,0.8030,-1,-1,-1
1101,207,670.11,476.29,76.75,141.47,0.7692,-1,-1,-1
1102,198,369.54,392.93,95.46,134.49,0.8419,-1,-1,-1
1102,199,235.77,363.76,103.93,162.17,0.7647,-1,-1,-1
1102,200,496.81,234.40,73.61,109.80,0.7946,-1,-1,-1
1102,207,695.81,473.05,77.61,144.04,0.6971,-1,-1,-1
1103,198,384.87,390.57,95.67,131.84,0.8476,-1,-1,-1
1103,199,255.05,361.78,97.17,158.24,0.7776,-1,-1,-1
1103,200,516.92,230.86,77.15,109.80,0.7915,-1,-1,-1
1103,207,720.18,470.84,77.91,144.45,0.7517,-1,-1,-1
1103,213,564.76,504.77,52.64,115.33,0.6664,-1,-1,-1
1104,198,395.77,385.73,79.17,107.80,0.5715,-1,-1,-1
1104,199,271.98,356.05,94.58,160.83,0.7418,-1,-1,-1
1104,200,540.14,227.57,78.76,108.80,0.7299,-1,-1,-1
1104,207,748.03,467.41,77.92,146.48,0.6912,-1,-1,-1
1104,213,582.94,501.24,54.36,117.99,0.6560,-1,-1,-1
1105,198,407.84,381.81,92.99,125.21,0.7801,-1,-1,-1
1105,199,285.98,358.00,91.39,158.39,0.7833,-1,-1,-1
1105,200,560.86,224.87,79.56,107.47,0.8154,-1,-1,-1
1105,207,775.25,463.75,78.87,150.25,0.6759,-1,-1,-1
1105,213,609.16,497.67,57.95,122.33,0.8077,-1,-1,-1
1106,198,436.37,374.42,98.09,130.00,0.7999,-1,-1,-1
1106,199,307.13,349.48,93.94,163.11,0.8197,-1,-1,-1
1106,200,584.67,220.26,80.29,106.21,0.7687,-1,-1,-1
1106,213,651.56,492.58,62.85,128.17,0.8341,-1,-1,-1
1107,198,461.94,369.58,100.12,130.53,0.7702,-1,-1,-1
1107,199,324.12,347.67,93.24,159.02,0.7402,-1,-1,-1
1107,200,602.89,217.75,82.86,106.65,0.7451,-1,-1,-1
1107,213,677.06,490.55,65.69,129.25,0.8876,-1,-1,-1
1107,219,357.76,256.92,107.47,101.10,0.7431,-1,-1,-1
1108,198,484.51,367.22,100.78,128.87,0.7922,-1,-1,-1
1108,199,347.29,343.96,92.56,159.95,0.7874,-1,-1,-1
1108,200,622.27,216.75,86.60,108.78,0.8189,-1,-1,-1
1108,219,367.09,256.68,108.58,101.81,0.6186,-1,-1,-1
1109,198,501.76,366.78,98.85,123.92,0.7197,-1,-1,-1
1109,199,363.26,338.73,94.21,162.45,0.7160,-1,-1,-1
1109,200,642.55,217.58,90.58,110.58,0.7996,-1,-1,-1
1109,219,375.80,257.66,105.61,99.48,0.5545,-1,-1,-1
1110,198,506.13,367.15,96.46,120.38,0.6310,-1,-1,-1
1110,199,382.99,334.04,94.63,164.80,0.7142,-1,-1,-1
1110,200,663.64,219.85,92.54,111.40,0.8177,-1,-1,-1
1110,213,718.90,491.93,66.49,126.69,0.8370,-1,-1,-1
1111,198,518.83,368.32,93.54,117.52,0.6853,-1,-1,-1
1111,199,407.79,328.08,93.51,165.72,0.6260,-1,-1,-1
1111,200,685.90,222.40,93.85,113.33,0.7770,-1,-1,-1
1111,213,734.73,493.04,69.07,127.34,0.7731,-1,-1,-1
1112,198,533.83,368.55,94.84,119.18,0.6699,-1,-1,-1
1112,199,423.73,322.92,91.92,165.29,0.7503,-1,-1,-1
1112,200,698.97,224.22,91.97,111.97,0.7476,-1,-1,-1
1112,213,744.52,491.93,72.51,129.10,0.7538,-1,-1,-1
1112,224,1011.35,468.42,66.75,161.20,0.7459,-1,-1,-1
1112,225,1008.13,97.67,55.09,122.82,0.5710,-1,-1,-1
1113,198,544.27,372.32,91.57,117.03,0.6810,-1,-1,-1
1113,199,437.96,323.07,87.37,161.07,0.6433,-1,-1,-1
1113,200,703.75,225.43,90.04,111.69,0.7522,-1,-1,-1
1113,213,753.04,490.46,77.12,131.52,0.7873,-1,-1,-1
1113,224,1024.07,468.95,68.60,165.98,0.7616,-1,-1,-1
1113,225,1019.23,103.57,53.71,119.64,0.5609,-1,-1,-1
1114,198,546.90,373.97,98.83,130.53,0.7945,-1,-1,-1
1114,199,447.30,322.10,79.79,149.71,0.6643,-1,-1,-1
1114,200,704.79,226.77,86.58,110.33,0.7609,-1,-1,-1
1114,213,754.41,489.04,80.47,132.12,0.7971,-1,-1,-1
1114,224,1037.58,470.33,69.02,167.44,0.8165,-1,-1,-1
1114,225,1029.52,107.41,52.55,116.75,0.5883,-1,-1,-1
1115,198,552.10,374.85,98.96,135.01,0.7408,-1,-1,-1
1115,199,448.21,321.37,78.85,150.70,0.6359,-1,-1,-1
1115,200,705.26,227.20,83.88,109.18,0.7791,-1,-1,-1
1115,213,750.46,488.35,82.94,132.05,0.7420,-1,-1,-1
1115,224,1046.70,471.15,69.29,168.08,0.8252,-1,-1,-1
1115,225,1037.78,110.70,51.67,114.18,0.5925,-1,-1,-1
1116,198,549.47,375.43,100.31,140.11,0.8442,-1,-1,-1
1116,199,439.48,313.05,78.56,150.31,0.6771,-1,-1,-1
1116,200,700.44,227.33,85.26,110.38,0.8126,-1,-1,-1
1116,224,1055.53,471.78,69.44,168.12,0.8041,-1,-1,-1
1117,198,547.11,375.74,100.29,143.58,0.8561,-1,-1,-1
1117,199,420.34,298.72,84.28,159.92,0.6357,-1,-1,-1
1117,200,687.04,227.21,88.87,112.72,0.8156,-1,-1,-1
1117,224,1058.52,472.65,69.34,167.39,0.8011,-1,-1,-1
1117,227,709.35,487.23,62.70,134.28,0.6681,-1,-1,-1
1117,228,1066.84,653.77,67.23,66.23,0.5848,-1,-1,-1
1118,198,544.92,375.16,99.51,146.00,0.8219,-1,-1,-1
1118,199,410.67,294.59,82.73,155.36,0.7016,-1,-1,-1
1118,200,671.65,227.27,93.13,113.85,0.8080,-1,-1,-1
1118,224,1058.52,473.39,69.45,166.94,0.7936,-1,-1,-1
1118,227,702.19,487.37,63.49,134.71,0.5804,-1,-1,-1
1118,228,1066.48,654.11,66.87,65.89,0.5879,-1,-1,-1
1118,229,1083.22,147.21,66.36,133.94,0.6445,-1,-1,-1
1119,198,543.30,375.13,98.01,146.72,0.8298,-1,-1,-1
1119,200,655.85,228.81,96.49,111.71,0.8487,-1,-1,-1
1119,224,1055.95,474.24,70.03,167.13,0.8183,-1,-1,-1
1119,227,693.12,486.39,65.59,136.64,0.6950,-1,-1,-1
1119,228,1064.56,654.13,66.81,65.87,0.5776,-1,-1,-1
1119,230,1145.37,237.17,54.02,159.81,0.6497,-1,-1,-1
1120,198,542.74,375.54,96.62,146.77,0.8396,-1,-1,-1
1120,200,639.38,230.60,102.65,114.10,0.8087,-1,-1,-1
1120,224,1052.29,475.75,70.65,167.20,0.8358,-1,-1,-1
1120,230,1143.70,238.25,53.66,158.71,0.6272,-1,-1,-1
1121,198,539.38,373.89,95.99,147.05,0.8281,-1,-1,-1
1121,200,615.40,233.93,105.27,114.82,0.8056,-1,-1,-1
1121,224,1049.72,477.86,70.90,165.28,0.8538,-1,-1,-1
1121,228,1055.15,653.94,67.00,66.06,0.6284,-1,-1,-1
1121,229,1074.05,146.71,65.50,132.72,0.5569,-1,-1,-1
1121,230,1136.19,238.03,53.55,157.98,0.7286,-1,-1,-1
1122,198,536.32,373.10,95.97,148.08,0.8278,-1,-1,-1
1122,200,594.95,237.51,101.46,112.13,0.6321,-1,-1,-1
1122,224,1046.35,479.83,71.80,163.07,0.8497,-1,-1,-1
1122,228,1051.55,653.68,67.20,66.32,0.6525,-1,-1,-1
1122,229,1066.19,144.82,65.25,133.25,0.5921,-1,-1,-1
1122,230,1130.50,238.10,53.84,158.44,0.6503,-1,-1,-1
1123,198,533.36,372.82,96.19,149.58,0.8036,-1,-1,-1
1123,200,577.81,239.16,99.49,110.63,0.6938,-1,-1,-1
1123,224,1043.55,481.99,73.08,161.41,0.8463,-1,-1,-1
1123,228,1046.16,652.33,68.34,67.67,0.6037,-1,-1,-1
1123,229,1059.59,146.36,66.18,136.20,0.6043,-1,-1,-1
1123,230,1127.26,239.26,53.42,156.65,0.6670,-1,-1,-1
1124,198,529.21,372.01,98.26,154.28,0.8397,-1,-1,-1
1124,200,560.46,242.36,96.83,107.35,0.7387,-1,-1,-1
1124,224,1040.86,483.37,74.09,160.09,0.8653,-1,-1,-1
1124,228,1040.85,651.86,68.41,67.93,0.5980,-1,-1,-1
1124,230,1121.62,239.16,53.52,156.63,0.6157,-1,-1,-1
1124,236,343.09,311.82,72.08,134.35,0.6954,-1,-1,-1
1125,198,523.94,373.22,99.11,156.92,0.8049,-1,-1,-1
1125,200,541.40,244.89,102.67,113.86,0.8134,-1,-1,-1
1125,224,1038.69,484.19,75.43,160.38,0.8562,-1,-1,-1
1125,229,1043.11,143.43,63.79,134.97,0.5877,-1,-1,-1
1125,230,1110.45,239.26,55.01,158.06,0.5886,-1,-1,-1
1125,236,334.44,312.46,72.00,133.99,0.6833,-1,-1,-1
1125,237,1073.02,284.84,56.61,206.49,0.6527,-1,-1,-1
1126,198,514.07,376.16,99.23,159.43,0.6841,-1,-1,-1
1126,200,518.50,249.55,108.57,121.37,0.6721,-1,-1,-1
1126,224,1034.89,484.05,77.22,162.62,0.8149,-1,-1,-1
1126,229,1029.00,143.08,63.44,138.80,0.5915,-1,-1,-1
1126,230,1101.81,238.43,55.88,158.65,0.6515,-1,-1,-1
1126,236,314.41,312.32,69.95,130.18,0.6521,-1,-1,-1
1126,238,953.22,129.57,51.33,105.32,0.6748,-1,-1,-1
1127,198,514.35,378.86,96.93,160.47,0.7452,-1,-1,-1
1127,200,505.11,254.86,108.49,122.49,0.7037,-1,-1,-1
1127,224,1032.21,483.39,78.68,164.34,0.7688,-1,-1,-1
1127,230,1088.47,239.93,56.85,157.20,0.6243,-1,-1,-1
1127,236,298.16,310.85,73.09,136.01,0.7149,-1,-1,-1
1127,238,940.77,128.35,53.18,108.69,0.7838,-1,-1,-1
1128,198,511.26,382.28,95.75,162.46,0.8129,-1,-1,-1
1128,200,493.37,259.80,104.68,119.37,0.7478,-1,-1,-1
1128,224,1027.98,482.39,80.34,166.97,0.7130,-1,-1,-1
1128,229,1011.61,139.63,58.44,133.65,0.5969,-1,-1,-1
1128,238,929.14,128.20,54.48,110.70,0.7747,-1,-1,-1
1129,198,508.73,384.66,95.72,165.68,0.8286,-1,-1,-1
1129,200,479.34,264.19,103.96,120.09,0.6035,-1,-1,-1
1129,224,1026.32,478.35,81.73,169.12,0.7893,-1,-1,-1
1129,229,1004.08,141.22,55.92,132.55,0.6016,-1,-1,-1
1129,230,1067.18,240.22,58.84,156.11,0.6263,-1,-1,-1
1129,238,915.35,128.56,55.33,111.22,0.7644,-1,-1,-1
1129,240,476.09,483.66,80.73,138.18,0.7517,-1,-1,-1
1130,198,501.64,387.18,95.97,168.17,0.8209,-1,-1,-1
1130,200,464.35,269.67,100.65,116.82,0.6757,-1,-1,-1
1130,224,1023.23,471.30,84.28,175.81,0.7815,-1,-1,-1
1130,229,996.26,140.76,54.30,133.75,0.6116,-1,-1,-1
1130,230,1063.71,240.85,59.52,155.09,0.6425,-1,-1,-1
1130,238,901.64,128.62,57.54,114.46,0.7028,-1,-1,-1
1130,240,454.54,486.54,78.83,134.39,0.6830,-1,-1,-1
1131,198,484.90,389.00,97.86,169.48,0.8309,-1,-1,-1
1131,199,453.41,282.38,68.67,116.66,0.8376,-1,-1,-1
1131,224,1017.63,468.91,84.28,176.69,0.8003,-1,-1,-1
1131,229,982.42,141.80,51.89,132.09,0.6008,-1,-1,-1
1131,236,238.17,300.24,80.22,147.07,0.5509,-1,-1,-1
1132,198,477.52,388.82,99.49,170.67,0.8373,-1,-1,-1
1132,199,445.19,287.40,71.78,114.95,0.7728,-1,-1,-1
1132,224,1014.95,468.18,81.41,170.87,0.8116,-1,-1,-1
1132,229,969.82,141.80,51.67,132.89,0.6394,-1,-1,-1
1132,236,217.01,298.07,79.59,144.89,0.5641,-1,-1,-1
1132,241,858.97,129.99,46.13,113.55,0.5676,-1,-1,-1
1133,198,474.86,387.32,100.79,171.73,0.8013,-1,-1,-1
1133,199,436.43,292.23,74.09,114.36,0.7033,-1,-1,-1
1133,224,1014.45,468.10,75.48,157.85,0.7986,-1,-1,-1
1133,229,956.94,143.55,50.69,130.47,0.6749,-1,-1,-1
1133,230,1027.93,242.28,61.66,153.76,0.6032,-1,-1,-1
1133,236,202.53,297.11,80.77,146.59,0.6547,-1,-1,-1
1133,242,388.54,490.75,49.13,132.93,0.6718,-1,-1,-1
1134,198,474.57,385.18,101.49,173.79,0.8102,-1,-1,-1
1134,199,431.35,299.55,72.30,109.09,0.6801,-1,-1,-1
1134,224,1010.95,468.45,73.59,153.53,0.7951,-1,-1,-1
1134,229,943.18,143.00,54.82,140.21,0.6502,-1,-1,-1
1134,236,188.16,296.38,75.50,136.68,0.6810,-1,-1,-1
1134,242,370.11,489.07,49.48,133.58,0.7738,-1,-1,-1
1135,198,475.15,384.22,99.93,173.85,0.8079,-1,-1,-1
1135,199,428.87,304.63,68.64,103.41,0.6876,-1,-1,-1
1135,224,1006.99,468.21,73.16,152.34,0.8095,-1,-1,-1
1135,229,931.68,146.16,55.44,139.70,0.6463,-1,-1,-1
1135,230,1006.65,240.73,64.41,152.53,0.6324,-1,-1,-1
1135,242,350.66,488.51,49.84,133.88,0.7455,-1,-1,-1
1135,244,804.57,133.00,63.62,112.76,0.7610,-1,-1,-1
1136,198,473.69,381.98,99.11,175.74,0.7954,-1,-1,-1
1136,224,998.80,471.07,76.47,160.22,0.8280,-1,-1,-1
1136,229,917.35,148.02,56.31,140.14,0.6255,-1,-1,-1
1136,236,142.19,294.08,83.35,147.40,0.6911,-1,-1,-1
1136,242,320.20,490.80,49.40,131.20,0.8086,-1,-1,-1
1136,244,783.88,135.26,65.77,116.00,0.7904,-1,-1,-1
1137,198,471.27,380.96,96.33,172.69,0.7168,-1,-1,-1
1137,224,994.74,473.20,76.13,159.83,0.8436,-1,-1,-1
1137,229,905.75,150.48,55.85,138.83,0.6230,-1,-1,-1
1137,236,123.65,292.44,80.39,138.36,0.7359,-1,-1,-1
1137,242,300.77,494.20,49.24,128.50,0.7150,-1,-1,-1
1137,244,768.79,140.00,66.14,115.60,0.7745,-1,-1,-1
1138,198,468.58,381.57,93.34,168.88,0.7615,-1,-1,-1
1138,224,991.50,475.57,76.02,157.77,0.8097,-1,-1,-1
1138,229,897.14,147.03,57.23,142.21,0.6844,-1,-1,-1
1138,236,108.17,292.97,79.63,133.39,0.7030,-1,-1,-1
1138,242,283.00,496.30,49.48,126.58,0.7673,-1,-1,-1
1138,244,757.44,140.86,67.63,116.94,0.8383,-1,-1,-1
1139,198,475.67,382.58,88.29,164.44,0.7182,-1,-1,-1
1139,224,990.56,477.59,76.57,156.41,0.8123,-1,-1,-1
1139,229,886.83,147.40,56.98,141.86,0.6876,-1,-1,-1
1139,236,91.97,293.51,77.46,126.29,0.6515,-1,-1,-1
1139,242,266.89,497.27,50.02,125.12,0.8068,-1,-1,-1
1139,244,743.12,142.60,67.85,115.33,0.8159,-1,-1,-1
1140,198,471.81,384.18,86.69,160.28,0.8421,-1,-1,-1
1140,224,987.56,478.24,77.93,155.20,0.7988,-1,-1,-1
1140,229,880.26,149.34,55.84,139.25,0.6071,-1,-1,-1
1140,236,70.01,294.64,73.98,121.97,0.5841,-1,-1,-1
1140,242,250.97,498.14,50.91,124.03,0.8247,-1,-1,-1
1140,244,727.40,142.59,70.08,117.08,0.8857,-1,-1,-1
1141,198,478.63,387.72,85.48,154.20,0.8435,-1,-1,-1
1141,224,986.26,477.02,81.41,158.42,0.8006,-1,-1,-1
1141,229,871.26,146.29,54.47,138.00,0.6787,-1,-1,-1
1141,230,915.50,221.24,107.70,257.65,0.5798,-1,-1,-1
1141,236,45.47,296.20,73.69,120.86,0.7416,-1,-1,-1
1141,242,228.04,498.67,55.83,133.72,0.7295,-1,-1,-1
1141,244,707.80,144.03,69.08,113.75,0.8275,-1,-1,-1
1142,198,483.88,390.95,86.03,150.07,0.8634,-1,-1,-1
1142,224,985.85,476.24,83.64,159.02,0.8325,-1,-1,-1
1142,229,866.38,146.87,52.55,135.25,0.6799,-1,-1,-1
1142,236,25.91,296.36,83.17,137.37,0.7313,-1,-1,-1
1142,242,210.81,498.18,61.71,146.90,0.8134,-1,-1,-1
1142,244,691.60,144.10,69.53,115.27,0.6859,-1,-1,-1
1143,198,488.42,392.19,88.60,148.88,0.8563,-1,-1,-1
1143,200,326.03,315.62,105.91,121.16,0.6186,-1,-1,-1
1143,224,988.07,476.69,85.58,159.94,0.8602,-1,-1,-1
1143,229,864.35,147.28,51.13,133.01,0.6970,-1,-1,-1
1143,230,904.43,218.10,110.97,268.53,0.5541,-1,-1,-1
1143,236,11.22,295.76,85.80,143.03,0.7908,-1,-1,-1
1143,242,196.96,497.99,67.51,160.32,0.8010,-1,-1,-1
1143,244,682.40,146.84,66.62,111.65,0.7202,-1,-1,-1
1143,247,244.04,128.71,79.21,106.48,0.7296,-1,-1,-1
1144,198,493.87,394.95,90.51,147.26,0.8696,-1,-1,-1
1144,200,324.06,317.76,109.48,123.39,0.6119,-1,-1,-1
1144,224,993.58,476.00,87.50,163.33,0.8587,-1,-1,-1
1144,229,864.16,146.94,50.18,131.97,0.7061,-1,-1,-1
1144,236,0.00,293.98,86.36,150.27,0.7888,-1,-1,-1
1144,242,184.26,497.76,71.09,167.08,0.7752,-1,-1,-1
1144,244,680.36,150.50,63.40,106.75,0.7591,-1,-1,-1
1144,247,241.35,132.36,76.58,102.74,0.7440,-1,-1,-1
1145,198,498.84,397.57,92.48,146.32,0.8512,-1,-1,-1
1145,200,328.13,319.98,111.34,124.23,0.5731,-1,-1,-1
1145,224,999.72,476.24,88.73,165.72,0.8184,-1,-1,-1
1145,229,864.54,143.97,52.19,139.17,0.6879,-1,-1,-1
1145,242,174.74,500.43,73.12,169.08,0.7981,-1,-1,-1
1145,244,678.87,155.05,61.23,102.33,0.8316,-1,-1,-1
1145,247,238.34,134.34,76.41,102.28,0.7733,-1,-1,-1
1146,198,503.47,398.41,95.44,148.07,0.9120,-1,-1,-1
1146,200,342.58,323.27,109.54,122.36,0.6058,-1,-1,-1
1146,224,1017.06,476.13,89.47,169.17,0.7871,-1,-1,-1
1146,229,867.69,143.09,52.66,141.52,0.7115,-1,-1,-1
1146,242,164.74,504.97,74.81,172.30,0.8182,-1,-1,-1
1146,244,671.70,152.83,65.96,106.94,0.8226,-1,-1,-1
1146,247,237.82,135.22,76.25,101.56,0.8282,-1,-1,-1
1147,198,506.43,398.81,98.11,149.98,0.8767,-1,-1,-1
1147,200,356.58,322.21,108.72,122.85,0.6741,-1,-1,-1
1147,224,1032.05,475.16,91.00,174.56,0.8022,-1,-1,-1
1147,229,872.44,144.29,51.56,139.18,0.7501,-1,-1,-1
1147,242,157.22,508.82,75.73,173.61,0.8621,-1,-1,-1
1147,244,663.46,151.07,71.35,110.69,0.8545,-1,-1,-1
1147,247,238.62,135.49,75.78,100.26,0.7969,-1,-1,-1
1148,198,508.19,396.26,101.19,153.46,0.7973,-1,-1,-1
1148,224,1045.25,473.80,90.66,175.89,0.8317,-1,-1,-1
1148,229,877.04,147.06,50.61,136.55,0.7427,-1,-1,-1
1148,242,148.57,511.38,77.80,177.10,0.8618,-1,-1,-1
1148,244,654.76,149.64,76.96,113.51,0.8613,-1,-1,-1
1148,247,238.77,132.12,76.78,101.25,0.8074,-1,-1,-1
1149,198,510.27,393.58,104.53,157.39,0.8486,-1,-1,-1
1149,224,1057.75,472.76,91.71,179.97,0.8255,-1,-1,-1
1149,229,879.80,146.37,51.57,137.78,0.7502,-1,-1,-1
1149,242,139.48,515.44,78.56,176.28,0.8069,-1,-1,-1
1149,244,646.39,147.28,82.97,116.96,0.8372,-1,-1,-1
1149,247,239.82,130.07,77.93,102.80,0.7863,-1,-1,-1
1149,250,0.00,295.27,66.80,164.32,0.5673,-1,-1,-1
1150,198,513.91,390.49,108.05,160.60,0.8821,-1,-1,-1
1150,199,396.21,310.85,88.92,127.85,0.5671,-1,-1,-1
1150,224,1069.41,472.25,91.78,182.85,0.8646,-1,-1,-1
1150,229,882.19,143.85,52.57,138.45,0.7394,-1,-1,-1
1150,242,123.94,517.72,81.44,176.54,0.8245,-1,-1,-1
1150,244,638.63,147.90,87.72,119.20,0.8719,-1,-1,-1
1150,247,240.03,129.03,77.50,102.12,0.7319,-1,-1,-1
1150,252,966.44,334.02,61.46,160.25,0.5991,-1,-1,-1
1151,198,524.78,386.36,109.84,163.41,0.8408,-1,-1,-1
1151,199,412.53,311.07,86.67,128.74,0.6857,-1,-1,-1
1151,224,1085.21,472.68,90.41,182.76,0.8473,-1,-1,-1
1151,229,883.55,141.20,55.50,142.75,0.7376,-1,-1,-1
1151,242,103.01,521.62,86.41,181.42,0.8503,-1,-1,-1
1151,244,628.06,147.99,88.05,119.14,0.7289,-1,-1,-1
1151,247,235.79,125.54,79.34,104.38,0.8187,-1,-1,-1
1151,252,970.79,326.44,64.98,169.76,0.7262,-1,-1,-1
1152,198,535.61,384.16,109.22,164.27,0.8623,-1,-1,-1
1152,224,1095.72,475.08,89.68,183.18,0.8642,-1,-1,-1
1152,229,884.16,140.23,57.19,143.83,0.7370,-1,-1,-1
1152,242,88.50,525.03,90.18,184.41,0.8796,-1,-1,-1
1152,244,612.03,147.49,86.43,118.87,0.7542,-1,-1,-1
1152,247,230.02,121.85,81.73,107.68,0.8087,-1,-1,-1
1152,252,972.25,326.87,65.24,170.13,0.7211,-1,-1,-1
1152,253,962.23,198.47,59.22,155.23,0.7254,-1,-1,-1
1153,198,546.60,383.50,106.15,162.98,0.8466,-1,-1,-1
1153,199,424.84,308.45,86.66,129.05,0.7591,-1,-1,-1
1153,200,353.85,300.88,109.19,128.33,0.7229,-1,-1,-1
1153,224,1103.58,477.91,89.49,182.95,0.8474,-1,-1,-1
1153,229,886.18,142.81,57.08,139.04,0.7969,-1,-1,-1
1153,242,73.16,528.89,93.77,186.69,0.8819,-1,-1,-1
1153,244,600.13,146.36,85.97,119.45,0.7298,-1,-1,-1
1153,247,224.14,120.28,82.11,108.22,0.7745,-1,-1,-1
1153,252,975.02,328.86,64.74,167.99,0.6532,-1,-1,-1
1154,198,555.28,383.83,101.83,160.22,0.8041,-1,-1,-1
1154,199,429.59,307.62,84.56,124.57,0.6736,-1,-1,-1
1154,200,352.58,297.72,110.25,131.77,0.7106,-1,-1,-1
1154,224,1109.42,480.36,89.90,181.60,0.8566,-1,-1,-1
1154,229,882.94,139.90,59.78,141.30,0.7988,-1,-1,-1
1154,242,60.13,531.33,95.63,185.44,0.8728,-1,-1,-1
1154,244,581.81,145.67,83.50,117.17,0.7293,-1,-1,-1
1154,247,215.24,117.76,82.37,108.53,0.7547,-1,-1,-1
1154,252,970.01,336.09,63.90,160.54,0.7456,-1,-1,-1
1154,253,942.32,194.23,76.64,201.81,0.5961,-1,-1,-1
1155,198,558.60,384.41,100.92,162.85,0.7900,-1,-1,-1
1155,199,429.01,307.01,84.02,122.60,0.7364,-1,-1,-1
1155,200,344.93,294.26,110.84,134.24,0.7178,-1,-1,-1
1155,224,1112.66,481.83,92.30,182.28,0.8780,-1,-1,-1
1155,229,876.42,138.14,61.02,141.89,0.7592,-1,-1,-1
1155,242,46.95,534.16,98.05,185.34,0.8608,-1,-1,-1
1155,244,562.89,143.07,84.00,120.76,0.7426,-1,-1,-1
1155,247,205.63,114.55,83.73,109.99,0.8218,-1,-1,-1
1155,252,960.21,339.92,65.59,156.84,0.7084,-1,-1,-1
1155,253,932.80,191.13,80.15,211.71,0.6100,-1,-1,-1
1156,198,557.09,387.46,102.90,165.49,0.8873,-1,-1,-1
1156,199,421.33,306.22,82.73,121.12,0.8373,-1,-1,-1
1156,200,329.96,291.03,115.28,138.77,0.8969,-1,-1,-1
1156,224,1111.40,484.95,94.82,181.08,0.8641,-1,-1,-1
1156,241,856.67,132.27,58.75,144.64,0.6639,-1,-1,-1
1156,242,25.30,536.55,98.77,183.45,0.8526,-1,-1,-1
1156,244,533.25,136.20,91.14,134.60,0.7787,-1,-1,-1
1156,247,185.43,111.09,84.76,110.99,0.7555,-1,-1,-1
1156,252,962.43,357.90,60.84,138.63,0.7215,-1,-1,-1
1156,253,916.46,210.34,75.69,197.81,0.5794,-1,-1,-1
1157,198,555.65,391.24,105.05,164.60,0.8637,-1,-1,-1
1157,199,405.24,305.55,84.49,121.68,0.7690,-1,-1,-1
1157,200,313.16,287.86,118.13,143.17,0.8778,-1,-1,-1
1157,224,1104.92,486.09,98.13,180.92,0.8592,-1,-1,-1
1157,241,847.32,132.83,59.15,144.23,0.6380,-1,-1,-1
1157,242,5.22,537.10,98.97,182.90,0.8678,-1,-1,-1
1157,244,510.78,132.95,92.91,139.69,0.7873,-1,-1,-1
1157,247,168.47,108.51,86.49,112.58,0.7766,-1,-1,-1
1157,253,911.62,221.81,98.42,250.92,0.7178,-1,-1,-1
1158,198,556.31,392.94,111.56,165.70,0.8647,-1,-1,-1
1158,199,394.80,304.70,83.85,121.04,0.8041,-1,-1,-1
1158,200,296.55,283.95,120.27,147.68,0.8856,-1,-1,-1
1158,224,1096.27,486.47,101.00,181.26,0.8745,-1,-1,-1
1158,241,828.65,130.99,63.43,147.73,0.6759,-1,-1,-1
1158,242,0.00,538.61,85.87,181.39,0.7857,-1,-1,-1
1158,244,488.70,131.00,92.04,139.26,0.6919,-1,-1,-1
1158,247,151.23,106.84,86.79,112.64,0.7786,-1,-1,-1
1158,253,897.14,219.81,110.60,275.00,0.7846,-1,-1,-1
1159,198,551.61,394.64,119.01,166.58,0.9203,-1,-1,-1
1159,199,381.75,303.63,85.06,123.27,0.7522,-1,-1,-1
1159,200,279.83,281.30,121.30,150.88,0.8649,-1,-1,-1
1159,224,1085.32,485.96,104.22,182.96,0.8822,-1,-1,-1
1159,241,810.64,129.27,67.83,151.68,0.7998,-1,-1,-1
1159,242,0.00,536.71,68.08,182.60,0.7445,-1,-1,-1
1159,244,460.46,128.67,98.72,151.91,0.7455,-1,-1,-1
1159,247,133.39,105.27,87.60,113.37,0.7529,-1,-1,-1
1159,253,880.60,220.92,118.23,286.75,0.7217,-1,-1,-1
1160,198,544.30,397.02,125.56,164.33,0.8947,-1,-1,-1
1160,199,367.11,302.59,86.22,125.50,0.8253,-1,-1,-1
1160,200,263.14,279.11,122.28,153.67,0.8766,-1,-1,-1
1160,224,1073.11,485.44,108.01,186.44,0.8986,-1,-1,-1
1160,241,794.49,128.99,72.38,156.28,0.7419,-1,-1,-1
1160,244,434.44,128.83,98.80,154.82,0.6590,-1,-1,-1
1160,247,112.51,104.08,88.52,114.08,0.7798,-1,-1,-1
1161,198,531.47,403.84,131.44,161.85,0.8928,-1,-1,-1
1161,199,337.19,298.04,88.91,130.97,0.8063,-1,-1,-1
1161,200,232.12,276.06,125.88,159.85,0.8650,-1,-1,-1
1161,224,1056.66,484.57,111.44,189.42,0.8962,-1,-1,-1
1161,241,774.64,128.41,75.35,161.96,0.7487,-1,-1,-1
1161,247,77.25,99.20,91.09,116.81,0.7906,-1,-1,-1
