3,1,41.24,332.39,116.78,145.11,1.0000,-1,-1,-1
3,2,1081.89,380.16,76.90,164.82,1.0000,-1,-1,-1
3,3,493.57,320.98,73.22,138.16,1.0000,-1,-1,-1
3,4,108.24,269.06,65.07,141.53,1.0000,-1,-1,-1
3,6,543.74,228.06,54.89,117.65,1.0000,-1,-1,-1
4,1,48.92,333.47,110.28,141.58,1.0000,-1,-1,-1
4,2,1072.77,377.47,86.89,170.76,1.0000,-1,-1,-1
4,3,501.05,321.08,70.82,134.68,1.0000,-1,-1,-1
4,4,109.97,269.29,69.48,145.18,1.0000,-1,-1,-1
4,6,542.49,229.86,53.16,113.93,1.0000,-1,-1,-1
5,1,54.45,334.10,102.88,138.17,1.0000,-1,-1,-1
5,2,1062.45,376.59,97.03,172.10,1.0000,-1,-1,-1
5,3,509.46,320.38,74.04,136.64,1.0000,-1,-1,-1
5,4,113.39,269.57,73.02,145.61,1.0000,-1,-1,-1
5,6,541.27,231.72,51.36,110.07,1.0000,-1,-1,-1
5,7,844.05,210.90,51.93,111.75,1.0000,-1,-1,-1
6,1,61.66,332.91,90.33,133.19,1.0000,-1,-1,-1
6,2,1059.26,381.22,98.61,167.91,1.0000,-1,-1,-1
6,3,520.67,319.06,73.28,137.30,1.0000,-1,-1,-1
6,4,125.01,272.30,69.02,140.56,1.0000,-1,-1,-1
6,6,540.08,233.66,49.50,106.08,1.0000,-1,-1,-1
6,7,843.94,212.91,52.15,112.22,1.0000,-1,-1,-1
7,1,67.48,330.74,80.03,130.85,1.0000,-1,-1,-1
7,2,1061.27,385.20,95.71,162.97,1.0000,-1,-1,-1
7,3,530.35,319.80,71.06,136.57,1.0000,-1,-1,-1
7,4,129.41,272.89,71.05,139.87,1.0000,-1,-1,-1
7,6,538.93,235.67,47.56,101.93,1.0000,-1,-1,-1
7,7,843.83,214.92,52.37,112.70,1.0000,-1,-1,-1
8,1,73.92,333.50,68.50,125.50,1.0000,-1,-1,-1
8,2,1064.07,389.58,84.71,156.43,1.0000,-1,-1,-1
8,3,538.88,319.87,70.65,135.79,1.0000,-1,-1,-1
8,4,128.53,273.59,75.39,139.65,1.0000,-1,-1,-1
8,5,282.72,150.41,83.09,140.73,1.0000,-1,-1,-1
8,6,537.82,237.77,45.54,97.61,1.0000,-1,-1,-1
8,7,855.37,207.47,51.12,114.40,1.0000,-1,-1,-1
9,1,81.60,332.35,64.65,126.27,1.0000,-1,-1,-1
9,2,1066.14,392.24,77.93,153.02,1.0000,-1,-1,-1
9,3,547.09,319.65,69.60,134.92,1.0000,-1,-1,-1
9,4,130.16,273.86,80.23,139.88,1.0000,-1,-1,-1
9,5,289.26,137.01,84.23,150.30,1.0000,-1,-1,-1
9,7,856.35,205.21,55.04,117.02,1.0000,-1,-1,-1
10,1,86.23,331.39,60.12,125.41,1.0000,-1,-1,-1
10,2,1066.00,394.24,68.83,148.90,1.0000,-1,-1,-1
10,3,555.21,321.20,68.55,133.86,1.0000,-1,-1,-1
10,4,132.58,274.17,83.22,139.05,1.0000,-1,-1,-1
10,5,296.99,153.18,82.15,141.39,1.0000,-1,-1,-1
10,7,858.19,206.35,57.97,118.77,1.0000,-1,-1,-1
11,1,94.52,332.51,56.54,122.47,1.0000,-1,-1,-1
11,2,1064.83,392.62,68.53,151.55,1.0000,-1,-1,-1
11,3,570.21,328.19,66.37,128.54,1.0000,-1,-1,-1
11,4,143.97,274.10,80.86,137.47,1.0000,-1,-1,-1
11,5,307.38,136.75,77.04,147.49,1.0000,-1,-1,-1
11,7,869.51,207.13,59.07,119.50,1.0000,-1,-1,-1
12,1,99.87,329.74,56.10,124.05,1.0000,-1,-1,-1
12,2,1060.86,390.25,72.48,155.00,1.0000,-1,-1,-1
12,3,581.12,331.55,65.18,123.28,1.0000,-1,-1,-1
12,4,152.81,274.06,78.27,136.19,1.0000,-1,-1,-1
12,5,316.41,130.75,70.51,150.14,1.0000,-1,-1,-1
12,7,876.99,207.58,59.61,119.86,1.0000,-1,-1,-1
13,1,103.33,327.96,58.12,125.45,1.0000,-1,-1,-1
13,2,1059.08,389.12,77.94,159.26,1.0000,-1,-1,-1
13,3,591.00,332.37,64.71,122.58,1.0000,-1,-1,-1
13,4,159.89,274.14,75.57,134.54,1.0000,-1,-1,-1
13,5,323.45,144.22,65.25,143.27,1.0000,-1,-1,-1
13,7,885.09,207.00,60.37,120.70,1.0000,-1,-1,-1
13,9,1216.13,170.58,63.39,128.26,1.0000,-1,-1,-1
14,1,104.65,326.30,62.50,127.45,1.0000,-1,-1,-1
14,2,1053.49,388.13,85.32,161.14,1.0000,-1,-1,-1
14,3,599.73,326.78,65.13,126.02,1.0000,-1,-1,-1
14,4,167.70,273.39,73.13,134.88,1.0000,-1,-1,-1
14,5,330.73,149.88,60.58,137.06,1.0000,-1,-1,-1
14,7,894.66,207.20,58.63,120.19,1.0000,-1,-1,-1
14,8,523.78,525.41,53.52,100.28,1.0000,-1,-1,-1
14,9,1217.52,174.09,62.21,125.65,1.0000,-1,-1,-1
15,1,103.47,324.34,69.15,129.85,1.0000,-1,-1,-1
15,2,1048.03,393.19,92.33,157.57,1.0000,-1,-1,-1
15,3,609.20,327.44,64.43,124.68,1.0000,-1,-1,-1
15,4,176.76,273.86,70.82,134.85,1.0000,-1,-1,-1
15,5,339.81,152.98,56.41,131.71,1.0000,-1,-1,-1
15,7,904.89,207.43,56.51,119.43,1.0000,-1,-1,-1
15,8,524.27,526.45,54.93,99.14,1.0000,-1,-1,-1
15,9,1222.34,178.55,58.30,120.52,1.0000,-1,-1,-1
16,1,111.28,323.52,76.81,131.53,1.0000,-1,-1,-1
16,2,1049.23,394.09,93.32,156.94,1.0000,-1,-1,-1
16,3,622.47,276.73,70.44,156.36,1.0000,-1,-1,-1
16,4,189.04,274.96,66.08,133.95,1.0000,-1,-1,-1
16,5,351.18,155.43,55.35,128.71,1.0000,-1,-1,-1
16,7,915.08,209.22,56.34,118.00,1.0000,-1,-1,-1
16,8,527.23,527.28,54.29,98.36,1.0000,-1,-1,-1
16,9,1223.94,181.24,57.24,118.33,1.0000,-1,-1,-1
17,1,116.13,322.87,82.09,133.30,1.0000,-1,-1,-1
17,2,1052.29,396.18,89.11,154.92,1.0000,-1,-1,-1
17,3,631.96,301.20,70.17,150.57,1.0000,-1,-1,-1
17,4,198.08,274.62,61.47,131.65,1.0000,-1,-1,-1
17,5,358.12,159.10,55.39,125.43,1.0000,-1,-1,-1
17,7,919.77,211.09,54.83,117.38,1.0000,-1,-1,-1
17,8,527.91,526.51,54.93,99.54,1.0000,-1,-1,-1
17,9,1225.54,183.95,56.16,116.09,1.0000,-1,-1,-1
18,1,120.98,320.76,85.77,134.71,1.0000,-1,-1,-1
18,2,1053.33,397.88,82.43,152.06,1.0000,-1,-1,-1
18,3,640.86,312.99,69.60,144.42,1.0000,-1,-1,-1
18,4,205.69,275.33,58.06,131.08,1.0000,-1,-1,-1
18,5,362.94,159.92,58.02,124.48,1.0000,-1,-1,-1
18,7,924.50,211.71,55.45,118.59,1.0000,-1,-1,-1
18,8,529.78,528.48,51.89,98.01,1.0000,-1,-1,-1
18,9,1227.16,186.67,55.06,113.82,1.0000,-1,-1,-1
19,1,127.85,320.35,87.80,136.25,1.0000,-1,-1,-1
19,2,1049.22,398.38,79.56,151.43,1.0000,-1,-1,-1
19,3,648.13,316.15,70.76,141.98,1.0000,-1,-1,-1
19,4,210.00,278.08,57.18,130.80,1.0000,-1,-1,-1
19,5,365.57,159.84,61.69,124.42,1.0000,-1,-1,-1
19,7,928.50,212.47,57.38,119.88,1.0000,-1,-1,-1
19,8,530.49,528.00,52.35,98.87,1.0000,-1,-1,-1
19,9,1228.79,189.43,53.93,111.50,1.0000,-1,-1,-1
20,1,135.32,319.87,90.41,136.95,1.0000,-1,-1,-1
20,2,1052.82,397.31,72.60,151.10,1.0000,-1,-1,-1
20,3,654.05,318.10,72.42,140.43,1.0000,-1,-1,-1
20,4,212.44,277.57,58.09,127.61,1.0000,-1,-1,-1
20,5,368.71,158.79,65.88,124.91,1.0000,-1,-1,-1
20,7,932.46,215.57,58.74,118.82,1.0000,-1,-1,-1
20,8,531.21,527.53,52.80,99.73,1.0000,-1,-1,-1
20,9,1230.43,192.20,52.79,109.12,1.0000,-1,-1,-1
21,1,146.35,316.29,91.14,137.82,1.0000,-1,-1,-1
21,2,1057.24,395.30,69.20,151.41,1.0000,-1,-1,-1
21,3,665.30,317.66,73.63,139.69,1.0000,-1,-1,-1
21,4,221.62,278.82,58.59,124.13,1.0000,-1,-1,-1
21,5,380.71,159.75,68.20,123.47,1.0000,-1,-1,-1
21,7,940.98,220.12,59.16,120.80,1.0000,-1,-1,-1
21,8,531.92,527.06,53.25,100.58,1.0000,-1,-1,-1
21,9,1202.69,175.50,72.89,123.19,1.0000,-1,-1,-1
22,1,154.21,314.09,87.97,138.69,1.0000,-1,-1,-1
22,2,1053.34,393.65,71.83,153.15,1.0000,-1,-1,-1
22,3,673.69,320.77,74.15,136.19,1.0000,-1,-1,-1
22,4,227.84,281.82,61.65,122.23,1.0000,-1,-1,-1
22,5,388.62,160.73,70.05,122.84,1.0000,-1,-1,-1
22,7,948.00,222.43,58.36,121.15,1.0000,-1,-1,-1
22,8,532.64,526.59,53.70,101.42,1.0000,-1,-1,-1
22,9,1201.21,175.23,73.51,124.24,1.0000,-1,-1,-1
23,1,160.53,311.32,84.49,140.10,1.0000,-1,-1,-1
23,2,1047.92,393.16,77.63,154.65,1.0000,-1,-1,-1
23,3,680.65,322.09,73.93,135.03,1.0000,-1,-1,-1
23,4,232.04,284.72,64.50,120.15,1.0000,-1,-1,-1
23,5,395.17,161.77,70.21,122.12,1.0000,-1,-1,-1
23,7,955.75,223.30,56.65,120.93,1.0000,-1,-1,-1
23,8,533.36,526.13,54.14,102.25,1.0000,-1,-1,-1
23,9,1199.73,174.95,74.13,125.28,1.0000,-1,-1,-1
24,1,166.01,309.59,79.25,140.52,1.0000,-1,-1,-1
24,2,1040.86,392.34,84.18,155.36,1.0000,-1,-1,-1
24,3,686.06,322.68,73.89,134.21,1.0000,-1,-1,-1
24,4,235.33,288.53,69.53,121.94,1.0000,-1,-1,-1
24,5,400.34,160.50,69.62,122.37,1.0000,-1,-1,-1
24,7,962.43,223.86,55.74,120.87,1.0000,-1,-1,-1
24,9,1198.25,174.68,74.74,126.31,1.0000,-1,-1,-1
25,1,172.11,307.80,75.60,141.81,1.0000,-1,-1,-1
25,2,1036.79,392.11,88.86,155.65,1.0000,-1,-1,-1
25,3,692.21,326.16,73.27,132.43,1.0000,-1,-1,-1
25,4,238.94,292.03,73.72,125.13,1.0000,-1,-1,-1
25,5,405.21,159.86,67.78,121.94,1.0000,-1,-1,-1
25,7,968.73,224.36,55.74,119.88,1.0000,-1,-1,-1
25,9,1196.77,174.42,75.34,127.33,1.0000,-1,-1,-1
25,10,31.98,447.86,59.47,177.16,1.0000,-1,-1,-1
26,1,178.56,306.24,72.78,142.63,1.0000,-1,-1,-1
26,2,1031.33,391.87,91.08,155.54,1.0000,-1,-1,-1
26,3,701.72,326.85,71.49,130.14,1.0000,-1,-1,-1
26,4,244.71,292.38,75.84,126.06,1.0000,-1,-1,-1
26,5,411.70,159.37,65.46,121.84,1.0000,-1,-1,-1
26,7,976.04,224.45,56.08,119.67,1.0000,-1,-1,-1
26,9,1195.29,174.16,75.94,128.35,1.0000,-1,-1,-1
26,10,40.13,405.18,66.26,205.38,1.0000,-1,-1,-1
27,1,185.11,306.09,71.60,143.87,1.0000,-1,-1,-1
27,2,1028.26,392.20,86.99,154.20,1.0000,-1,-1,-1
27,3,708.99,332.71,70.54,125.78,1.0000,-1,-1,-1
27,4,250.60,291.41,76.37,126.59,1.0000,-1,-1,-1
27,5,417.35,159.46,62.94,121.85,1.0000,-1,-1,-1
27,7,979.11,223.80,57.79,120.73,1.0000,-1,-1,-1
27,10,46.00,388.76,68.46,219.17,1.0000,-1,-1,-1
28,1,188.98,306.23,70.28,144.64,1.0000,-1,-1,-1
28,2,1028.78,391.85,81.43,153.44,1.0000,-1,-1,-1
28,3,714.32,330.13,69.86,126.64,1.0000,-1,-1,-1
28,4,254.41,291.50,76.74,128.60,1.0000,-1,-1,-1
28,5,421.23,159.57,62.27,121.92,1.0000,-1,-1,-1
28,7,984.96,225.53,60.77,121.97,1.0000,-1,-1,-1
28,10,52.00,380.63,70.17,224.63,1.0000,-1,-1,-1
29,1,192.67,306.48,69.56,145.46,1.0000,-1,-1,-1
29,2,1032.20,388.98,74.55,153.57,1.0000,-1,-1,-1
29,3,719.94,328.31,69.61,127.58,1.0000,-1,-1,-1
29,4,259.70,290.35,75.50,129.66,1.0000,-1,-1,-1
29,5,426.68,160.44,60.74,121.69,1.0000,-1,-1,-1
29,7,989.48,226.98,62.67,124.72,1.0000,-1,-1,-1
29,10,54.99,423.98,63.74,198.67,1.0000,-1,-1,-1
30,1,197.79,307.39,68.23,144.64,1.0000,-1,-1,-1
30,2,1035.37,388.46,66.52,154.60,1.0000,-1,-1,-1
30,3,725.17,327.99,69.92,128.06,1.0000,-1,-1,-1
30,4,265.59,289.11,73.80,129.78,1.0000,-1,-1,-1
30,5,433.14,159.99,59.50,121.18,1.0000,-1,-1,-1
30,7,994.24,227.20,63.27,127.84,1.0000,-1,-1,-1
30,10,60.98,440.00,61.59,181.85,1.0000,-1,-1,-1
31,1,205.04,306.90,68.80,145.05,1.0000,-1,-1,-1
31,2,1035.66,386.79,62.10,155.54,1.0000,-1,-1,-1
31,3,733.22,327.99,69.70,128.15,1.0000,-1,-1,-1
31,4,270.39,287.98,74.24,131.72,1.0000,-1,-1,-1
31,5,439.63,160.70,59.11,121.10,1.0000,-1,-1,-1
31,7,999.10,227.89,64.44,131.10,1.0000,-1,-1,-1
31,10,68.83,446.50,60.83,172.51,1.0000,-1,-1,-1
32,1,212.61,305.60,69.03,145.69,1.0000,-1,-1,-1
32,2,1031.67,385.47,61.17,155.95,1.0000,-1,-1,-1
32,3,739.26,329.00,70.52,127.31,1.0000,-1,-1,-1
32,4,275.63,287.34,73.86,132.37,1.0000,-1,-1,-1
32,5,446.36,158.56,59.05,121.40,1.0000,-1,-1,-1
32,7,1002.04,228.17,65.27,134.63,1.0000,-1,-1,-1
32,10,74.32,444.95,60.87,168.92,1.0000,-1,-1,-1
33,1,219.08,303.77,69.24,146.55,1.0000,-1,-1,-1
33,2,1026.78,384.28,62.18,156.08,1.0000,-1,-1,-1
33,3,743.27,330.76,71.23,126.18,1.0000,-1,-1,-1
33,4,280.24,287.69,73.05,132.80,1.0000,-1,-1,-1
33,5,450.94,158.81,59.50,122.05,1.0000,-1,-1,-1
33,7,1003.38,229.92,66.30,135.88,1.0000,-1,-1,-1
33,10,80.65,443.29,61.09,167.54,1.0000,-1,-1,-1
33,12,1149.13,174.05,74.29,114.74,1.0000,-1,-1,-1
34,1,225.20,301.57,70.17,145.85,1.0000,-1,-1,-1
34,2,1019.57,383.11,64.79,155.39,1.0000,-1,-1,-1
34,3,747.14,330.47,71.58,126.03,1.0000,-1,-1,-1
34,4,283.99,287.17,71.64,133.89,1.0000,-1,-1,-1
34,5,455.78,158.60,60.69,122.05,1.0000,-1,-1,-1
34,7,1005.06,231.46,67.25,136.03,1.0000,-1,-1,-1
34,10,86.44,442.76,61.43,165.91,1.0000,-1,-1,-1
34,12,1147.91,172.68,62.56,111.07,1.0000,-1,-1,-1
35,1,231.87,299.83,72.08,144.92,1.0000,-1,-1,-1
35,2,1013.15,384.20,68.00,153.93,1.0000,-1,-1,-1
35,3,748.98,336.53,71.91,122.50,1.0000,-1,-1,-1
35,4,289.80,287.83,69.91,135.21,1.0000,-1,-1,-1
35,5,460.94,159.33,62.03,121.70,1.0000,-1,-1,-1
35,7,1009.11,230.54,67.18,136.75,1.0000,-1,-1,-1
35,10,91.46,442.20,61.39,164.78,1.0000,-1,-1,-1
35,12,1144.14,174.31,58.96,104.68,1.0000,-1,-1,-1
36,1,240.15,301.57,74.38,144.29,1.0000,-1,-1,-1
36,2,1004.26,390.85,75.63,149.89,1.0000,-1,-1,-1
36,3,754.02,338.31,72.62,122.33,1.0000,-1,-1,-1
36,4,295.24,289.49,68.32,136.83,1.0000,-1,-1,-1
36,5,470.18,156.40,61.86,122.64,1.0000,-1,-1,-1
36,7,1014.31,231.17,66.46,136.16,1.0000,-1,-1,-1
36,10,99.47,442.03,60.07,163.51,1.0000,-1,-1,-1
36,12,1133.53,175.73,55.92,108.68,1.0000,-1,-1,-1
37,1,247.27,302.05,76.47,145.13,1.0000,-1,-1,-1
37,2,998.78,392.81,83.23,148.17,1.0000,-1,-1,-1
37,3,757.88,337.12,73.90,124.86,1.0000,-1,-1,-1
37,4,300.43,290.14,68.38,136.94,1.0000,-1,-1,-1
37,5,475.28,154.70,60.98,123.66,1.0000,-1,-1,-1
37,7,1017.59,231.41,65.45,135.81,1.0000,-1,-1,-1
37,10,105.11,441.43,59.45,163.24,1.0000,-1,-1,-1
37,12,1123.21,172.72,58.48,112.71,1.0000,-1,-1,-1
38,1,253.63,303.30,79.09,145.72,1.0000,-1,-1,-1
38,2,995.39,392.97,90.02,147.74,1.0000,-1,-1,-1
38,3,762.22,334.94,76.57,126.19,1.0000,-1,-1,-1
38,4,308.68,290.44,62.74,138.70,1.0000,-1,-1,-1
38,5,480.37,156.05,60.19,123.03,1.0000,-1,-1,-1
38,7,1023.70,232.76,62.27,134.69,1.0000,-1,-1,-1
38,10,109.75,429.93,60.14,170.13,1.0000,-1,-1,-1
38,12,1116.94,174.08,56.42,108.75,1.0000,-1,-1,-1
39,1,258.68,307.24,81.51,144.18,1.0000,-1,-1,-1
39,2,995.03,390.12,94.89,149.22,1.0000,-1,-1,-1
39,3,765.02,334.84,78.70,127.18,1.0000,-1,-1,-1
39,4,313.93,291.21,62.72,138.66,1.0000,-1,-1,-1
39,5,484.72,157.10,59.13,122.48,1.0000,-1,-1,-1
39,7,1027.27,234.25,60.05,133.63,1.0000,-1,-1,-1
39,10,113.89,435.57,60.47,167.95,1.0000,-1,-1,-1
39,12,1106.76,172.39,64.30,115.53,1.0000,-1,-1,-1
39,13,525.44,515.81,60.16,107.46,1.0000,-1,-1,-1
40,1,261.64,310.61,83.32,142.07,1.0000,-1,-1,-1
40,2,994.15,388.66,97.01,150.19,1.0000,-1,-1,-1
40,3,768.12,335.58,78.93,126.92,1.0000,-1,-1,-1
40,4,319.18,291.98,62.70,138.62,1.0000,-1,-1,-1
40,5,488.72,156.45,59.56,122.77,1.0000,-1,-1,-1
40,7,1030.40,234.87,58.51,133.02,1.0000,-1,-1,-1
40,10,117.07,435.09,61.05,168.40,1.0000,-1,-1,-1
40,12,1101.21,174.02,64.19,114.39,1.0000,-1,-1,-1
40,13,527.52,516.15,54.28,105.77,1.0000,-1,-1,-1
41,1,268.23,318.96,88.94,136.70,1.0000,-1,-1,-1
41,2,994.05,387.26,93.75,150.92,1.0000,-1,-1,-1
41,3,772.82,336.67,81.66,127.58,1.0000,-1,-1,-1
41,4,324.43,292.75,62.69,138.58,1.0000,-1,-1,-1
41,5,495.78,157.75,59.03,121.46,1.0000,-1,-1,-1
41,7,1036.67,239.30,56.99,134.21,1.0000,-1,-1,-1
41,10,121.98,439.06,62.49,166.70,1.0000,-1,-1,-1
41,12,1094.72,174.73,63.26,112.73,1.0000,-1,-1,-1
41,13,524.51,515.48,51.16,106.96,1.0000,-1,-1,-1
41,14,825.94,252.85,75.00,117.37,1.0000,-1,-1,-1
42,1,274.32,309.49,97.85,142.67,1.0000,-1,-1,-1
42,2,992.92,386.00,88.39,151.81,1.0000,-1,-1,-1
42,3,777.02,336.93,84.63,127.58,1.0000,-1,-1,-1
42,4,329.67,293.52,62.67,138.54,1.0000,-1,-1,-1
42,5,498.16,157.62,58.82,121.11,1.0000,-1,-1,-1
42,7,1040.65,236.02,56.52,137.55,1.0000,-1,-1,-1
42,10,124.75,442.74,63.11,163.77,1.0000,-1,-1,-1
42,12,1088.24,175.45,62.32,111.05,1.0000,-1,-1,-1
42,13,523.85,514.69,48.17,107.05,1.0000,-1,-1,-1
42,14,828.87,253.54,74.53,115.86,1.0000,-1,-1,-1
43,1,274.78,305.73,100.09,144.78,1.0000,-1,-1,-1
43,2,991.21,383.99,81.72,152.91,1.0000,-1,-1,-1
43,3,780.30,337.29,88.15,127.32,1.0000,-1,-1,-1
43,4,334.92,294.29,62.65,138.50,1.0000,-1,-1,-1
43,5,501.44,154.90,58.86,122.52,1.0000,-1,-1,-1
43,7,1042.85,232.43,57.43,141.60,1.0000,-1,-1,-1
43,10,128.33,444.28,62.50,161.61,1.0000,-1,-1,-1
43,12,1081.77,176.18,61.36,109.34,1.0000,-1,-1,-1
43,13,521.69,513.92,46.87,107.74,1.0000,-1,-1,-1
43,14,832.35,254.06,72.92,114.07,1.0000,-1,-1,-1
44,1,278.96,302.55,105.55,146.63,1.0000,-1,-1,-1
44,2,987.72,382.08,72.94,153.72,1.0000,-1,-1,-1
44,3,782.04,337.15,91.23,127.30,1.0000,-1,-1,-1
44,5,504.81,153.44,58.50,123.77,1.0000,-1,-1,-1
44,7,1046.97,233.06,57.63,142.10,1.0000,-1,-1,-1
44,10,131.55,447.32,61.22,158.45,1.0000,-1,-1,-1
44,12,1075.30,176.92,60.38,107.61,1.0000,-1,-1,-1
44,13,520.18,513.13,46.21,109.11,1.0000,-1,-1,-1
44,14,835.69,253.61,71.53,111.73,1.0000,-1,-1,-1
45,1,283.89,299.04,109.49,149.78,1.0000,-1,-1,-1
45,2,985.30,381.01,65.96,154.38,1.0000,-1,-1,-1
45,3,782.95,337.01,93.17,127.32,1.0000,-1,-1,-1
45,5,508.20,153.33,57.75,124.25,1.0000,-1,-1,-1
45,7,1052.63,211.91,67.28,159.28,1.0000,-1,-1,-1
45,10,134.46,448.68,60.22,156.37,1.0000,-1,-1,-1
45,12,1068.85,177.68,59.39,105.84,1.0000,-1,-1,-1
45,13,519.82,513.12,45.35,109.54,1.0000,-1,-1,-1
45,14,839.35,253.87,70.99,110.89,1.0000,-1,-1,-1
46,1,290.72,295.73,112.07,152.13,1.0000,-1,-1,-1
46,2,977.66,378.69,61.60,154.97,1.0000,-1,-1,-1
46,3,790.21,296.91,107.61,153.10,1.0000,-1,-1,-1
46,5,513.36,153.86,56.68,124.11,1.0000,-1,-1,-1
46,7,1054.08,195.76,69.83,173.26,1.0000,-1,-1,-1
46,10,139.82,451.22,58.97,154.50,1.0000,-1,-1,-1
46,13,514.92,512.68,46.81,110.39,1.0000,-1,-1,-1
46,14,843.01,254.13,70.46,110.05,1.0000,-1,-1,-1
47,1,297.29,294.92,112.19,152.30,1.0000,-1,-1,-1
47,2,970.36,377.75,59.64,156.07,1.0000,-1,-1,-1
47,3,787.72,319.36,104.12,144.75,1.0000,-1,-1,-1
47,5,516.36,154.20,55.54,123.81,1.0000,-1,-1,-1
47,7,1053.01,194.96,68.03,177.47,1.0000,-1,-1,-1
47,10,142.84,453.28,58.07,152.51,1.0000,-1,-1,-1
47,13,511.28,512.14,48.10,110.74,1.0000,-1,-1,-1
47,14,846.67,254.39,69.91,109.20,1.0000,-1,-1,-1
48,1,303.85,294.11,112.32,152.47,1.0000,-1,-1,-1
48,2,962.26,377.77,58.94,156.76,1.0000,-1,-1,-1
48,3,792.58,318.81,104.54,145.33,1.0000,-1,-1,-1
48,5,518.52,154.35,54.17,123.77,1.0000,-1,-1,-1
48,7,1052.97,193.13,66.32,180.73,1.0000,-1,-1,-1
48,10,145.54,449.01,57.89,153.74,1.0000,-1,-1,-1
48,13,507.32,511.91,50.03,111.55,1.0000,-1,-1,-1
48,14,850.33,254.66,69.36,108.35,1.0000,-1,-1,-1
49,1,335.54,292.72,107.89,155.13,1.0000,-1,-1,-1
49,2,951.98,378.88,60.73,156.55,1.0000,-1,-1,-1
49,3,797.44,318.27,104.95,145.91,1.0000,-1,-1,-1
49,5,520.41,156.94,53.20,122.77,1.0000,-1,-1,-1
49,7,1054.03,218.85,65.07,166.49,1.0000,-1,-1,-1
49,10,147.45,452.00,56.65,150.84,1.0000,-1,-1,-1
49,13,504.20,511.31,51.48,112.96,1.0000,-1,-1,-1
49,14,853.99,254.93,68.81,107.48,1.0000,-1,-1,-1
50,1,351.12,292.48,103.70,156.75,1.0000,-1,-1,-1
50,2,941.93,380.11,65.98,155.88,1.0000,-1,-1,-1
50,3,791.09,334.44,100.41,135.08,1.0000,-1,-1,-1
50,5,522.44,157.90,52.25,122.17,1.0000,-1,-1,-1
50,7,1055.80,230.10,63.57,157.74,1.0000,-1,-1,-1
50,10,149.26,448.39,55.79,150.99,1.0000,-1,-1,-1
50,13,500.63,510.91,52.00,113.24,1.0000,-1,-1,-1
51,1,359.68,294.01,100.05,155.10,1.0000,-1,-1,-1
51,2,930.90,383.67,75.37,153.89,1.0000,-1,-1,-1
51,3,792.08,339.59,97.80,129.00,1.0000,-1,-1,-1
51,5,523.94,157.88,51.43,122.21,1.0000,-1,-1,-1
51,7,1058.63,235.33,62.37,153.31,1.0000,-1,-1,-1
51,10,152.17,451.13,55.52,148.82,1.0000,-1,-1,-1
51,13,495.10,509.93,50.81,113.77,1.0000,-1,-1,-1
52,1,367.60,295.30,101.16,153.58,1.0000,-1,-1,-1
52,2,924.01,385.69,82.98,151.99,1.0000,-1,-1,-1
52,3,794.30,342.28,95.84,125.41,1.0000,-1,-1,-1
52,5,524.64,158.56,50.84,122.16,1.0000,-1,-1,-1
52,7,1060.49,238.93,61.40,150.46,1.0000,-1,-1,-1
52,10,155.44,452.23,56.20,148.99,1.0000,-1,-1,-1
52,13,492.06,509.05,48.31,113.89,1.0000,-1,-1,-1
53,1,373.15,297.47,100.89,152.40,1.0000,-1,-1,-1
53,2,918.76,386.88,88.35,150.66,1.0000,-1,-1,-1
53,3,797.61,341.36,93.74,123.93,1.0000,-1,-1,-1
53,5,525.28,159.58,50.28,121.80,1.0000,-1,-1,-1
53,7,1061.65,241.79,60.79,148.14,1.0000,-1,-1,-1
53,10,158.27,453.56,57.79,148.76,1.0000,-1,-1,-1
53,13,490.09,508.06,46.41,114.31,1.0000,-1,-1,-1
54,1,377.09,298.28,99.84,151.06,1.0000,-1,-1,-1
54,2,914.11,387.58,92.03,149.67,1.0000,-1,-1,-1
54,3,799.66,339.98,92.17,124.09,1.0000,-1,-1,-1
54,5,525.37,158.83,50.37,121.56,1.0000,-1,-1,-1
54,7,1062.29,244.30,60.39,145.93,1.0000,-1,-1,-1
54,10,158.64,454.99,57.49,147.78,1.0000,-1,-1,-1
54,13,488.40,507.65,44.57,115.10,1.0000,-1,-1,-1
55,1,383.04,298.41,100.88,150.10,1.0000,-1,-1,-1
55,2,906.15,386.35,93.45,149.54,1.0000,-1,-1,-1
55,3,800.78,339.08,90.72,124.82,1.0000,-1,-1,-1
55,5,525.87,158.51,51.42,121.71,1.0000,-1,-1,-1
55,7,1062.66,245.53,60.25,143.74,1.0000,-1,-1,-1
55,10,158.95,455.77,56.94,147.01,1.0000,-1,-1,-1
55,13,485.32,506.60,44.43,116.12,1.0000,-1,-1,-1
56,1,385.28,297.31,100.91,149.21,1.0000,-1,-1,-1
56,2,893.98,383.81,89.58,147.52,1.0000,-1,-1,-1
56,3,801.16,339.82,90.51,125.15,1.0000,-1,-1,-1
56,5,526.30,158.55,53.10,121.72,1.0000,-1,-1,-1
56,7,1062.42,247.30,60.51,141.29,1.0000,-1,-1,-1
56,10,158.63,457.28,55.23,145.57,1.0000,-1,-1,-1
56,13,474.62,505.04,48.61,118.99,1.0000,-1,-1,-1
57,1,392.64,297.04,100.87,149.17,1.0000,-1,-1,-1
57,2,882.58,381.84,85.38,145.58,1.0000,-1,-1,-1
57,3,800.93,341.29,89.93,125.53,1.0000,-1,-1,-1
57,5,525.87,158.11,54.15,122.08,1.0000,-1,-1,-1
57,7,1063.06,247.35,59.99,139.36,1.0000,-1,-1,-1
57,10,158.36,458.78,54.54,144.03,1.0000,-1,-1,-1
57,13,466.71,504.09,53.08,121.46,1.0000,-1,-1,-1
58,1,390.73,294.88,102.06,150.69,1.0000,-1,-1,-1
58,2,869.15,372.05,81.91,149.11,1.0000,-1,-1,-1
58,3,800.36,341.41,89.27,125.67,1.0000,-1,-1,-1
58,5,525.18,157.53,54.64,122.86,1.0000,-1,-1,-1
58,7,1062.84,249.63,60.12,138.18,1.0000,-1,-1,-1
58,10,157.79,460.26,53.78,142.42,1.0000,-1,-1,-1
58,13,467.99,503.79,51.91,120.66,1.0000,-1,-1,-1
58,17,184.96,366.66,41.61,114.99,1.0000,-1,-1,-1
59,1,399.43,291.54,101.35,152.13,1.0000,-1,-1,-1
59,2,865.44,368.16,79.29,151.84,1.0000,-1,-1,-1
59,3,798.24,341.40,90.07,126.11,1.0000,-1,-1,-1
59,5,524.34,156.97,54.89,124.17,1.0000,-1,-1,-1
59,7,1062.72,250.82,60.17,136.72,1.0000,-1,-1,-1
59,10,157.07,461.73,53.34,140.91,1.0000,-1,-1,-1
59,13,467.12,503.83,51.82,120.26,1.0000,-1,-1,-1
59,17,185.94,366.25,42.26,116.80,1.0000,-1,-1,-1
59,18,859.28,260.29,66.52,118.49,1.0000,-1,-1,-1
60,1,425.82,293.12,90.74,151.67,1.0000,-1,-1,-1
60,2,860.75,369.89,78.65,151.88,1.0000,-1,-1,-1
60,3,795.30,340.76,89.99,126.46,1.0000,-1,-1,-1
60,5,523.88,156.19,55.15,125.83,1.0000,-1,-1,-1
60,7,1063.02,251.78,60.03,135.76,1.0000,-1,-1,-1
60,10,155.90,462.63,53.49,140.18,1.0000,-1,-1,-1
60,13,464.41,503.78,53.10,120.38,1.0000,-1,-1,-1
60,17,186.93,365.86,42.91,118.59,1.0000,-1,-1,-1
60,18,859.35,260.42,65.99,121.88,1.0000,-1,-1,-1
61,1,443.09,299.80,92.19,148.44,1.0000,-1,-1,-1
61,2,849.70,368.13,80.25,152.69,1.0000,-1,-1,-1
61,3,784.62,339.75,85.06,127.37,1.0000,-1,-1,-1
61,5,523.45,155.27,55.42,127.54,1.0000,-1,-1,-1
61,7,1064.88,252.77,58.80,135.17,1.0000,-1,-1,-1
61,10,154.22,460.73,53.97,141.33,1.0000,-1,-1,-1
61,13,460.65,502.81,53.03,121.25,1.0000,-1,-1,-1
61,17,187.92,365.48,43.55,120.36,1.0000,-1,-1,-1
61,18,859.87,259.00,64.79,121.91,1.0000,-1,-1,-1
62,1,452.44,301.54,94.92,147.43,1.0000,-1,-1,-1
62,2,837.37,365.66,84.28,152.69,1.0000,-1,-1,-1
62,3,779.16,338.18,82.58,128.81,1.0000,-1,-1,-1
62,5,523.11,155.51,55.48,128.48,1.0000,-1,-1,-1
62,7,1066.57,253.65,57.41,134.73,1.0000,-1,-1,-1
62,10,153.29,457.66,54.42,143.64,1.0000,-1,-1,-1
62,13,456.44,501.89,53.37,121.71,1.0000,-1,-1,-1
62,17,191.79,361.94,44.26,121.19,1.0000,-1,-1,-1
62,18,859.93,258.90,64.40,123.41,1.0000,-1,-1,-1
63,1,455.70,300.41,98.41,146.59,1.0000,-1,-1,-1
63,2,826.23,368.51,88.39,150.20,1.0000,-1,-1,-1
63,3,774.75,337.17,79.14,129.89,1.0000,-1,-1,-1
63,5,522.97,154.85,55.28,129.52,1.0000,-1,-1,-1
63,7,1067.31,254.02,56.41,134.47,1.0000,-1,-1,-1
63,10,153.30,455.27,55.64,146.07,1.0000,-1,-1,-1
63,13,452.20,501.13,53.51,123.08,1.0000,-1,-1,-1
63,17,193.28,361.00,44.86,122.85,1.0000,-1,-1,-1
63,18,860.55,258.07,62.70,123.11,1.0000,-1,-1,-1
64,1,456.30,286.06,99.90,152.65,1.0000,-1,-1,-1
64,2,817.37,365.07,90.49,151.21,1.0000,-1,-1,-1
64,3,772.51,336.01,74.25,130.71,1.0000,-1,-1,-1
64,5,523.19,155.44,54.63,129.92,1.0000,-1,-1,-1
64,7,1067.48,254.41,55.80,134.59,1.0000,-1,-1,-1
64,10,153.73,454.71,57.04,147.38,1.0000,-1,-1,-1
64,13,447.97,501.40,54.49,125.28,1.0000,-1,-1,-1
64,17,196.45,358.54,43.57,114.64,1.0000,-1,-1,-1
64,18,859.74,258.18,62.49,123.52,1.0000,-1,-1,-1
65,1,464.36,285.08,99.89,152.63,1.0000,-1,-1,-1
65,2,811.58,370.00,88.97,146.77,1.0000,-1,-1,-1
65,3,768.09,333.53,70.29,130.46,1.0000,-1,-1,-1
65,5,523.79,156.24,53.94,129.88,1.0000,-1,-1,-1
65,7,1068.27,254.46,54.81,134.87,1.0000,-1,-1,-1
65,10,155.03,453.75,61.08,148.64,1.0000,-1,-1,-1
65,13,442.31,499.44,56.53,125.86,1.0000,-1,-1,-1
65,17,198.06,359.52,44.28,114.81,1.0000,-1,-1,-1
65,18,859.69,259.68,63.24,123.79,1.0000,-1,-1,-1
66,1,472.43,284.09,99.87,152.61,1.0000,-1,-1,-1
66,2,804.03,369.15,89.03,146.86,1.0000,-1,-1,-1
66,3,766.23,333.40,70.22,130.33,1.0000,-1,-1,-1
66,5,523.63,159.07,54.31,128.94,1.0000,-1,-1,-1
66,7,1069.39,255.36,52.81,135.42,1.0000,-1,-1,-1
66,10,154.86,453.38,67.25,150.08,1.0000,-1,-1,-1
66,13,437.13,497.87,57.56,126.30,1.0000,-1,-1,-1
66,17,200.49,362.12,47.19,123.93,1.0000,-1,-1,-1
66,18,859.48,261.61,63.48,124.44,1.0000,-1,-1,-1
67,1,513.22,296.31,81.90,147.15,1.0000,-1,-1,-1
67,2,781.63,366.51,79.52,148.29,1.0000,-1,-1,-1
67,3,764.37,333.26,70.15,130.20,1.0000,-1,-1,-1
67,5,524.44,161.19,54.53,127.76,1.0000,-1,-1,-1
67,7,1070.13,255.28,50.94,135.36,1.0000,-1,-1,-1
67,10,152.95,453.23,71.97,150.75,1.0000,-1,-1,-1
67,13,433.87,496.87,58.68,126.82,1.0000,-1,-1,-1
67,17,201.77,365.08,48.61,131.35,1.0000,-1,-1,-1
67,18,860.24,262.64,63.07,124.81,1.0000,-1,-1,-1
68,1,529.72,300.52,72.39,143.57,1.0000,-1,-1,-1
68,2,768.77,365.85,77.75,149.27,1.0000,-1,-1,-1
68,3,762.51,333.13,70.08,130.07,1.0000,-1,-1,-1
68,5,525.36,162.25,55.28,126.77,1.0000,-1,-1,-1
68,7,1069.85,255.38,49.87,135.15,1.0000,-1,-1,-1
68,10,146.72,453.12,69.57,151.31,1.0000,-1,-1,-1
68,13,430.74,496.78,59.43,127.71,1.0000,-1,-1,-1
68,17,202.98,365.12,50.07,136.16,1.0000,-1,-1,-1
68,18,860.70,263.04,62.81,125.08,1.0000,-1,-1,-1
69,1,539.52,301.84,69.72,142.96,1.0000,-1,-1,-1
69,2,759.81,346.94,78.88,159.83,1.0000,-1,-1,-1
69,3,760.64,333.00,70.01,129.94,1.0000,-1,-1,-1
69,5,525.52,162.04,55.25,126.74,1.0000,-1,-1,-1
69,7,1069.58,255.48,49.57,134.74,1.0000,-1,-1,-1
69,10,143.84,453.28,66.93,151.54,1.0000,-1,-1,-1
69,13,427.33,496.33,61.02,128.29,1.0000,-1,-1,-1
69,17,204.72,365.26,50.80,138.15,1.0000,-1,-1,-1
69,18,861.23,263.79,62.27,125.55,1.0000,-1,-1,-1
69,20,499.54,273.83,54.25,152.37,1.0000,-1,-1,-1
70,1,546.30,300.38,69.96,142.78,1.0000,-1,-1,-1
70,2,753.88,337.80,80.21,167.42,1.0000,-1,-1,-1
70,3,758.78,332.86,69.94,129.81,1.0000,-1,-1,-1
70,5,525.79,161.86,54.97,126.42,1.0000,-1,-1,-1
70,7,1067.15,256.03,50.68,134.58,1.0000,-1,-1,-1
70,10,142.65,453.52,65.01,151.64,1.0000,-1,-1,-1
70,13,424.71,496.24,62.33,128.91,1.0000,-1,-1,-1
70,17,206.47,365.42,51.52,140.11,1.0000,-1,-1,-1
70,18,862.91,263.71,60.74,125.22,1.0000,-1,-1,-1
70,20,500.55,277.00,60.80,150.65,1.0000,-1,-1,-1
71,1,556.00,296.48,73.10,143.08,1.0000,-1,-1,-1
71,2,739.86,333.64,83.66,171.09,1.0000,-1,-1,-1
71,5,524.80,161.83,55.32,126.41,1.0000,-1,-1,-1
71,7,1064.41,256.00,51.80,134.50,1.0000,-1,-1,-1
71,10,140.98,454.46,64.11,151.34,1.0000,-1,-1,-1
71,13,419.72,496.12,63.83,130.15,1.0000,-1,-1,-1
71,17,208.22,365.59,52.23,142.05,1.0000,-1,-1,-1
71,18,865.33,264.95,58.68,125.53,1.0000,-1,-1,-1
71,20,502.46,276.80,69.04,151.84,1.0000,-1,-1,-1
72,1,561.83,292.94,77.80,144.16,1.0000,-1,-1,-1
72,2,727.09,330.49,87.84,172.70,1.0000,-1,-1,-1
72,5,523.29,161.82,56.62,126.24,1.0000,-1,-1,-1
72,7,1061.11,256.15,53.63,134.12,1.0000,-1,-1,-1
72,10,139.32,454.67,63.82,151.26,1.0000,-1,-1,-1
72,13,416.71,496.10,64.74,130.66,1.0000,-1,-1,-1
72,17,209.98,365.78,52.93,143.96,1.0000,-1,-1,-1
72,18,864.74,265.18,58.83,126.24,1.0000,-1,-1,-1
72,20,504.16,274.57,74.47,155.64,1.0000,-1,-1,-1
73,1,573.86,287.01,82.54,139.60,1.0000,-1,-1,-1
73,2,717.13,333.42,89.37,170.51,1.0000,-1,-1,-1
73,5,521.40,162.94,57.91,127.41,1.0000,-1,-1,-1
73,7,1058.76,257.20,55.33,133.17,1.0000,-1,-1,-1
73,10,137.64,455.12,63.43,151.10,1.0000,-1,-1,-1
73,13,414.47,496.09,64.91,131.58,1.0000,-1,-1,-1
73,17,211.74,365.98,53.62,145.84,1.0000,-1,-1,-1
73,18,864.35,265.23,58.90,127.19,1.0000,-1,-1,-1
73,20,508.16,272.08,77.44,156.06,1.0000,-1,-1,-1
74,1,578.96,286.15,83.59,137.83,1.0000,-1,-1,-1
74,2,712.03,336.42,87.72,167.50,1.0000,-1,-1,-1
74,5,520.95,162.10,59.44,128.08,1.0000,-1,-1,-1
74,7,1057.60,257.58,56.46,133.04,1.0000,-1,-1,-1
74,10,136.01,455.75,63.22,151.35,1.0000,-1,-1,-1
74,13,412.05,497.11,64.70,130.49,1.0000,-1,-1,-1
74,18,861.17,265.43,61.43,128.85,1.0000,-1,-1,-1
74,20,514.16,271.32,81.16,155.96,1.0000,-1,-1,-1
75,1,588.81,285.04,83.37,137.46,1.0000,-1,-1,-1
75,2,702.79,334.69,87.84,167.73,1.0000,-1,-1,-1
75,5,518.93,160.44,60.51,128.06,1.0000,-1,-1,-1
75,7,1056.52,257.82,57.44,132.87,1.0000,-1,-1,-1
75,10,135.30,456.16,62.83,151.25,1.0000,-1,-1,-1
75,13,409.12,497.10,65.31,129.73,1.0000,-1,-1,-1
75,18,860.22,265.15,63.09,129.96,1.0000,-1,-1,-1
75,20,521.80,270.44,82.99,152.68,1.0000,-1,-1,-1
76,1,620.09,282.58,69.22,134.30,1.0000,-1,-1,-1
76,2,686.25,342.01,74.38,163.48,1.0000,-1,-1,-1
76,5,516.17,158.95,61.54,128.62,1.0000,-1,-1,-1
76,7,1055.34,259.61,57.97,132.21,1.0000,-1,-1,-1
76,10,134.28,456.78,62.98,151.16,1.0000,-1,-1,-1
76,13,403.97,497.15,66.15,128.99,1.0000,-1,-1,-1
76,18,859.68,264.30,64.67,131.20,1.0000,-1,-1,-1
76,20,526.54,267.70,85.44,157.20,1.0000,-1,-1,-1
77,1,631.27,281.39,68.87,133.62,1.0000,-1,-1,-1
77,2,675.85,341.00,74.38,163.48,1.0000,-1,-1,-1
77,5,513.69,158.50,62.22,129.15,1.0000,-1,-1,-1
77,7,1055.00,260.63,58.03,131.77,1.0000,-1,-1,-1
77,10,132.80,457.05,63.44,151.05,1.0000,-1,-1,-1
77,13,400.47,498.45,67.30,127.40,1.0000,-1,-1,-1
77,18,859.16,264.03,66.07,132.21,1.0000,-1,-1,-1
77,20,531.32,265.01,87.83,161.59,1.0000,-1,-1,-1
78,1,642.45,280.20,68.51,132.93,1.0000,-1,-1,-1
78,2,656.88,342.19,78.83,161.25,1.0000,-1,-1,-1
78,5,511.86,158.88,63.07,129.06,1.0000,-1,-1,-1
78,7,1054.67,261.83,57.58,131.71,1.0000,-1,-1,-1
78,10,131.12,457.31,63.94,151.03,1.0000,-1,-1,-1
78,13,397.64,498.83,68.41,126.13,1.0000,-1,-1,-1
78,18,858.97,264.43,66.37,132.80,1.0000,-1,-1,-1
78,20,571.90,260.83,66.18,140.19,1.0000,-1,-1,-1
78,23,717.57,325.16,66.78,152.85,1.0000,-1,-1,-1
79,1,653.63,279.01,68.16,132.24,1.0000,-1,-1,-1
79,2,651.76,349.30,80.08,154.41,1.0000,-1,-1,-1
79,5,511.02,158.77,63.80,129.15,1.0000,-1,-1,-1
79,7,1054.76,262.53,56.91,132.00,1.0000,-1,-1,-1
79,10,129.89,457.58,64.41,151.32,1.0000,-1,-1,-1
79,13,394.23,499.30,69.56,125.02,1.0000,-1,-1,-1
79,18,858.79,264.83,66.66,133.39,1.0000,-1,-1,-1
79,20,580.47,258.17,66.62,141.11,1.0000,-1,-1,-1
79,23,710.57,322.78,71.19,155.88,1.0000,-1,-1,-1
80,1,664.81,277.82,67.80,131.55,1.0000,-1,-1,-1
80,2,648.36,354.02,79.31,148.85,1.0000,-1,-1,-1
80,5,510.19,158.31,64.62,129.55,1.0000,-1,-1,-1
80,7,1054.76,263.47,56.28,132.00,1.0000,-1,-1,-1
80,10,128.46,457.62,64.79,151.48,1.0000,-1,-1,-1
80,13,391.39,499.84,70.27,124.31,1.0000,-1,-1,-1
80,18,858.60,265.24,66.96,133.98,1.0000,-1,-1,-1
80,20,589.04,255.52,67.05,142.03,1.0000,-1,-1,-1
80,23,702.47,319.48,74.46,158.32,1.0000,-1,-1,-1
81,1,676.00,276.64,67.44,130.85,1.0000,-1,-1,-1
81,2,628.41,352.77,86.68,146.10,1.0000,-1,-1,-1
81,5,509.51,158.91,65.36,129.62,1.0000,-1,-1,-1
81,7,1055.30,265.65,55.80,131.18,1.0000,-1,-1,-1
81,10,127.16,458.04,65.52,152.06,1.0000,-1,-1,-1
81,13,388.29,500.63,69.59,123.68,1.0000,-1,-1,-1
81,18,858.42,265.64,67.25,134.56,1.0000,-1,-1,-1
81,20,597.62,252.88,67.48,142.93,1.0000,-1,-1,-1
81,22,996.02,151.35,47.10,124.12,1.0000,-1,-1,-1
81,23,695.75,315.37,77.23,164.23,1.0000,-1,-1,-1
82,2,618.03,352.24,86.71,146.13,1.0000,-1,-1,-1
82,5,508.44,158.88,66.42,129.99,1.0000,-1,-1,-1
82,7,1055.78,266.50,55.09,130.83,1.0000,-1,-1,-1
82,10,126.38,458.29,66.33,152.71,1.0000,-1,-1,-1
82,13,385.32,500.97,69.29,123.54,1.0000,-1,-1,-1
82,18,858.23,266.05,67.54,135.14,1.0000,-1,-1,-1
82,20,606.20,250.23,67.90,143.84,1.0000,-1,-1,-1
82,22,996.60,151.82,46.83,123.16,1.0000,-1,-1,-1
82,23,689.07,311.35,79.91,169.93,1.0000,-1,-1,-1
83,2,611.09,307.77,91.65,169.59,1.0000,-1,-1,-1
83,5,505.99,158.53,65.59,130.37,1.0000,-1,-1,-1
83,7,1056.36,267.77,54.59,130.25,1.0000,-1,-1,-1
83,10,125.63,458.65,67.84,153.40,1.0000,-1,-1,-1
83,13,383.53,501.48,69.20,123.28,1.0000,-1,-1,-1
83,20,614.77,247.59,68.33,144.73,1.0000,-1,-1,-1
83,22,998.00,151.57,47.68,123.55,1.0000,-1,-1,-1
83,23,699.17,277.89,77.04,160.39,1.0000,-1,-1,-1
84,2,601.15,304.32,91.80,169.86,1.0000,-1,-1,-1
84,5,504.67,158.17,66.19,130.64,1.0000,-1,-1,-1
84,7,1056.25,268.55,55.04,129.42,1.0000,-1,-1,-1
84,10,124.72,459.24,69.50,154.15,1.0000,-1,-1,-1
84,13,382.12,502.78,68.85,124.21,1.0000,-1,-1,-1
84,22,999.05,150.00,49.10,125.15,1.0000,-1,-1,-1
84,23,701.65,274.81,77.02,159.36,1.0000,-1,-1,-1
85,2,598.97,328.27,84.29,163.55,1.0000,-1,-1,-1
85,5,502.74,157.33,66.70,130.73,1.0000,-1,-1,-1
85,7,1053.47,269.72,55.93,129.19,1.0000,-1,-1,-1
85,10,124.04,459.67,70.93,154.86,1.0000,-1,-1,-1
85,13,380.97,502.48,67.72,123.78,1.0000,-1,-1,-1
85,22,1000.18,149.84,50.32,125.48,1.0000,-1,-1,-1
85,23,714.77,276.04,68.39,154.07,1.0000,-1,-1,-1
86,2,589.41,326.96,84.35,163.68,1.0000,-1,-1,-1
86,5,497.02,155.89,64.13,131.67,1.0000,-1,-1,-1
86,7,1049.83,273.04,56.39,127.66,1.0000,-1,-1,-1
86,10,123.54,460.36,72.11,155.69,1.0000,-1,-1,-1
86,13,379.50,502.67,65.88,123.48,1.0000,-1,-1,-1
86,22,1002.87,149.48,52.94,125.80,1.0000,-1,-1,-1
86,23,730.84,276.74,62.00,150.83,1.0000,-1,-1,-1
87,2,575.76,329.25,70.54,160.98,1.0000,-1,-1,-1
87,5,494.21,154.88,61.36,132.58,1.0000,-1,-1,-1
87,7,1047.07,275.91,55.98,125.98,1.0000,-1,-1,-1
87,10,122.93,460.88,72.72,156.40,1.0000,-1,-1,-1
87,13,379.10,503.25,64.27,123.56,1.0000,-1,-1,-1
87,22,1004.06,149.10,56.01,126.13,1.0000,-1,-1,-1
87,23,744.58,276.73,61.25,150.02,1.0000,-1,-1,-1
88,2,568.28,328.87,64.43,160.13,1.0000,-1,-1,-1
88,5,491.96,154.29,58.39,132.91,1.0000,-1,-1,-1
88,7,1044.84,277.85,56.57,124.48,1.0000,-1,-1,-1
88,10,122.52,461.23,72.92,157.03,1.0000,-1,-1,-1
88,13,379.41,504.93,62.69,125.00,1.0000,-1,-1,-1
88,22,1006.81,147.80,61.23,128.25,1.0000,-1,-1,-1
88,23,754.98,276.11,64.74,151.13,1.0000,-1,-1,-1
89,2,557.88,327.47,64.99,159.34,1.0000,-1,-1,-1
89,5,490.37,154.70,55.58,132.86,1.0000,-1,-1,-1
89,7,1043.58,279.27,57.07,123.37,1.0000,-1,-1,-1
89,10,121.80,461.69,72.90,157.73,1.0000,-1,-1,-1
89,13,379.98,506.88,61.42,127.20,1.0000,-1,-1,-1
89,22,1005.61,145.30,63.19,129.29,1.0000,-1,-1,-1
89,23,761.22,275.90,66.85,151.07,1.0000,-1,-1,-1
90,2,550.04,326.59,65.53,158.43,1.0000,-1,-1,-1
90,5,488.80,154.27,53.54,133.05,1.0000,-1,-1,-1
90,7,1041.85,281.35,58.74,123.20,1.0000,-1,-1,-1
90,10,121.02,462.37,72.31,158.27,1.0000,-1,-1,-1
90,13,379.75,509.88,60.37,131.57,1.0000,-1,-1,-1
90,22,1006.59,145.90,65.74,128.53,1.0000,-1,-1,-1
90,23,766.64,273.59,65.72,148.06,1.0000,-1,-1,-1
91,2,538.00,325.59,65.52,156.95,1.0000,-1,-1,-1
91,5,486.87,153.43,52.30,133.20,1.0000,-1,-1,-1
91,7,1042.28,285.20,60.24,125.97,1.0000,-1,-1,-1
91,10,120.52,463.44,71.12,158.47,1.0000,-1,-1,-1
91,13,379.21,510.35,59.73,134.80,1.0000,-1,-1,-1
91,22,1008.50,147.61,66.24,126.77,1.0000,-1,-1,-1
91,23,778.77,273.40,64.69,146.25,1.0000,-1,-1,-1
91,25,216.50,360.78,35.08,151.23,1.0000,-1,-1,-1
92,2,530.48,326.49,63.16,155.20,1.0000,-1,-1,-1
92,5,485.20,153.32,51.96,133.15,1.0000,-1,-1,-1
92,7,1039.62,289.07,62.86,130.09,1.0000,-1,-1,-1
92,10,120.33,463.79,70.32,159.04,1.0000,-1,-1,-1
92,13,378.72,510.16,59.24,136.93,1.0000,-1,-1,-1
92,22,1011.96,148.70,65.29,125.54,1.0000,-1,-1,-1
92,23,789.34,273.69,63.43,143.21,1.0000,-1,-1,-1
92,25,216.12,359.56,35.10,151.33,1.0000,-1,-1,-1
92,26,710.99,279.36,56.28,133.75,1.0000,-1,-1,-1
93,2,524.61,326.98,60.97,154.20,1.0000,-1,-1,-1
93,5,484.57,151.83,51.52,133.25,1.0000,-1,-1,-1
93,7,1038.27,288.90,64.74,130.10,1.0000,-1,-1,-1
93,10,119.89,464.20,69.61,159.46,1.0000,-1,-1,-1
93,13,378.26,510.17,59.24,138.27,1.0000,-1,-1,-1
93,22,1017.33,148.30,64.12,125.72,1.0000,-1,-1,-1
93,23,798.91,275.62,63.55,144.97,1.0000,-1,-1,-1
93,24,625.62,315.88,55.36,139.52,1.0000,-1,-1,-1
93,25,215.74,358.34,35.12,151.42,1.0000,-1,-1,-1
93,26,719.38,278.48,67.86,146.45,1.0000,-1,-1,-1
94,2,516.73,326.93,60.22,154.10,1.0000,-1,-1,-1
94,5,484.08,150.79,51.07,133.39,1.0000,-1,-1,-1
94,7,1034.63,288.75,65.06,128.36,1.0000,-1,-1,-1
94,10,119.86,464.49,69.06,159.62,1.0000,-1,-1,-1
94,13,377.80,510.19,59.45,139.29,1.0000,-1,-1,-1
94,22,1023.23,148.74,62.01,125.50,1.0000,-1,-1,-1
94,23,806.77,275.44,63.17,146.01,1.0000,-1,-1,-1
94,24,622.22,317.22,49.18,136.09,1.0000,-1,-1,-1
94,25,215.35,357.12,35.14,151.52,1.0000,-1,-1,-1
94,26,726.29,282.49,71.56,148.44,1.0000,-1,-1,-1
95,2,509.91,326.47,59.95,153.87,1.0000,-1,-1,-1
95,5,482.57,149.51,51.14,132.03,1.0000,-1,-1,-1
95,7,1029.34,289.53,62.35,126.33,1.0000,-1,-1,-1
95,10,119.80,465.24,68.55,159.68,1.0000,-1,-1,-1
95,13,377.22,508.86,59.63,137.89,1.0000,-1,-1,-1
95,22,1027.92,148.82,60.05,125.55,1.0000,-1,-1,-1
95,23,815.08,273.88,63.88,147.13,1.0000,-1,-1,-1
95,24,616.62,317.52,45.27,134.76,1.0000,-1,-1,-1
95,25,214.97,355.90,35.17,151.61,1.0000,-1,-1,-1
95,26,732.41,285.95,74.77,147.37,1.0000,-1,-1,-1
96,2,498.17,324.00,60.04,154.61,1.0000,-1,-1,-1
96,5,479.42,147.01,51.00,132.22,1.0000,-1,-1,-1
96,7,1017.75,292.01,63.21,119.59,1.0000,-1,-1,-1
96,10,118.39,466.13,68.50,160.02,1.0000,-1,-1,-1
96,13,376.03,505.99,60.19,132.07,1.0000,-1,-1,-1
96,22,1035.67,149.99,57.99,125.71,1.0000,-1,-1,-1
96,23,829.17,273.19,70.23,150.91,1.0000,-1,-1,-1
96,24,608.89,314.37,46.73,138.78,1.0000,-1,-1,-1
96,25,210.31,354.89,43.15,161.82,1.0000,-1,-1,-1
96,26,739.41,294.40,71.01,143.73,1.0000,-1,-1,-1
97,2,487.33,321.53,62.23,155.80,1.0000,-1,-1,-1
97,5,476.90,146.22,51.68,132.38,1.0000,-1,-1,-1
97,7,1010.79,298.35,67.07,121.06,1.0000,-1,-1,-1
97,10,117.49,466.55,68.30,160.38,1.0000,-1,-1,-1
97,13,374.97,506.14,60.48,128.14,1.0000,-1,-1,-1
97,22,1040.33,149.68,57.38,127.05,1.0000,-1,-1,-1
97,23,839.37,273.66,77.65,152.54,1.0000,-1,-1,-1
97,24,604.42,311.02,48.72,142.58,1.0000,-1,-1,-1
97,25,206.94,355.55,46.71,161.75,1.0000,-1,-1,-1
97,26,745.31,299.58,68.76,140.95,1.0000,-1,-1,-1
98,2,477.17,319.60,67.17,156.68,1.0000,-1,-1,-1
98,5,473.82,145.25,52.79,132.21,1.0000,-1,-1,-1
98,7,1004.96,302.59,70.82,123.38,1.0000,-1,-1,-1
98,10,116.56,466.82,68.39,160.59,1.0000,-1,-1,-1
98,13,374.43,509.64,60.52,129.28,1.0000,-1,-1,-1
98,22,1046.97,151.39,54.58,127.41,1.0000,-1,-1,-1
98,23,847.43,273.86,81.87,150.91,1.0000,-1,-1,-1
98,24,600.47,308.17,52.01,146.70,1.0000,-1,-1,-1
98,25,205.20,355.92,48.56,160.74,1.0000,-1,-1,-1
98,26,749.36,302.94,67.29,140.11,1.0000,-1,-1,-1
98,27,916.97,285.30,43.02,120.44,1.0000,-1,-1,-1
99,2,467.91,317.77,72.41,157.27,1.0000,-1,-1,-1
99,5,469.47,145.00,55.11,131.63,1.0000,-1,-1,-1
99,7,1000.33,305.87,72.72,126.94,1.0000,-1,-1,-1
99,10,115.39,467.17,68.87,161.02,1.0000,-1,-1,-1
99,13,373.74,507.78,60.66,125.47,1.0000,-1,-1,-1
99,22,1051.93,152.55,51.60,127.50,1.0000,-1,-1,-1
99,23,852.61,274.57,84.32,149.98,1.0000,-1,-1,-1
99,24,593.84,304.87,57.53,151.18,1.0000,-1,-1,-1
99,25,203.83,356.38,50.59,161.15,1.0000,-1,-1,-1
99,26,751.72,306.26,65.46,139.55,1.0000,-1,-1,-1
99,27,919.45,286.23,42.67,119.46,1.0000,-1,-1,-1
100,2,459.66,317.15,78.03,157.41,1.0000,-1,-1,-1
100,5,465.06,146.43,57.73,131.10,1.0000,-1,-1,-1
100,7,998.94,307.92,75.54,131.05,1.0000,-1,-1,-1
100,10,113.62,467.19,69.75,161.47,1.0000,-1,-1,-1
100,13,372.97,506.89,60.90,121.25,1.0000,-1,-1,-1
100,22,1055.90,152.30,50.70,127.54,1.0000,-1,-1,-1
100,23,858.94,277.08,85.70,149.32,1.0000,-1,-1,-1
100,24,586.84,302.28,62.71,155.32,1.0000,-1,-1,-1
100,25,202.55,356.85,53.29,162.68,1.0000,-1,-1,-1
100,26,754.23,309.11,63.71,139.82,1.0000,-1,-1,-1
100,27,922.98,291.64,42.07,126.03,1.0000,-1,-1,-1
101,2,452.21,317.69,82.51,157.69,1.0000,-1,-1,-1
101,5,458.02,149.26,59.97,128.69,1.0000,-1,-1,-1
101,7,994.14,312.58,74.12,134.15,1.0000,-1,-1,-1
101,10,112.07,467.51,70.67,162.16,1.0000,-1,-1,-1
101,13,372.26,507.67,61.27,118.67,1.0000,-1,-1,-1
101,22,1061.27,153.04,50.42,128.65,1.0000,-1,-1,-1
101,23,868.31,280.14,90.28,150.34,1.0000,-1,-1,-1
101,24,577.32,299.56,66.35,158.48,1.0000,-1,-1,-1
101,25,200.68,356.78,56.54,162.83,1.0000,-1,-1,-1
101,26,758.38,311.31,62.09,139.85,1.0000,-1,-1,-1
101,27,928.99,288.96,41.69,116.68,1.0000,-1,-1,-1
102,2,446.15,317.35,85.50,157.52,1.0000,-1,-1,-1
102,5,452.95,149.16,62.34,127.90,1.0000,-1,-1,-1
102,7,989.77,314.24,70.33,136.08,1.0000,-1,-1,-1
102,10,111.07,467.41,71.47,162.89,1.0000,-1,-1,-1
102,13,371.74,508.40,61.69,116.74,1.0000,-1,-1,-1
102,22,1065.00,153.04,51.27,130.39,1.0000,-1,-1,-1
102,23,870.82,281.13,91.15,148.63,1.0000,-1,-1,-1
102,24,571.88,295.94,66.80,158.04,1.0000,-1,-1,-1
102,25,198.64,356.87,59.59,163.18,1.0000,-1,-1,-1
102,26,759.74,311.92,61.41,139.94,1.0000,-1,-1,-1
102,27,932.45,294.34,43.68,122.71,1.0000,-1,-1,-1
103,2,439.42,316.42,86.18,158.12,1.0000,-1,-1,-1
103,5,450.15,149.07,64.54,126.82,1.0000,-1,-1,-1
103,7,985.53,314.83,68.97,137.31,1.0000,-1,-1,-1
103,10,110.38,467.00,72.10,163.60,1.0000,-1,-1,-1
103,13,371.40,508.76,62.05,115.23,1.0000,-1,-1,-1
103,22,1067.55,152.60,52.75,132.77,1.0000,-1,-1,-1
103,23,873.08,281.96,93.60,147.09,1.0000,-1,-1,-1
103,24,562.13,294.01,68.76,157.66,1.0000,-1,-1,-1
103,25,197.16,357.14,62.27,163.52,1.0000,-1,-1,-1
103,26,760.20,311.66,61.62,140.17,1.0000,-1,-1,-1
103,27,936.13,295.62,46.30,128.27,1.0000,-1,-1,-1
104,2,433.60,313.87,84.73,159.05,1.0000,-1,-1,-1
104,5,449.05,146.80,66.32,126.91,1.0000,-1,-1,-1
104,7,980.85,315.09,68.10,137.90,1.0000,-1,-1,-1
104,10,110.01,466.32,72.60,164.26,1.0000,-1,-1,-1
104,13,371.04,508.79,62.34,114.12,1.0000,-1,-1,-1
104,22,1067.68,149.29,56.88,135.54,1.0000,-1,-1,-1
104,23,874.24,283.69,95.02,145.01,1.0000,-1,-1,-1
104,24,555.95,292.70,67.62,158.24,1.0000,-1,-1,-1
104,25,195.85,357.21,64.72,164.01,1.0000,-1,-1,-1
104,26,760.34,312.02,61.74,139.47,1.0000,-1,-1,-1
104,27,939.65,297.38,46.63,129.18,1.0000,-1,-1,-1
105,2,426.57,310.70,78.28,159.53,1.0000,-1,-1,-1
105,5,448.83,145.95,68.28,126.55,1.0000,-1,-1,-1
105,7,976.40,315.26,68.09,137.73,1.0000,-1,-1,-1
105,10,110.43,464.88,72.56,164.78,1.0000,-1,-1,-1
105,13,371.25,508.84,62.71,114.36,1.0000,-1,-1,-1
105,22,1075.52,146.67,55.54,136.69,1.0000,-1,-1,-1
105,23,875.39,283.26,95.37,143.64,1.0000,-1,-1,-1
105,24,550.08,287.50,65.73,155.57,1.0000,-1,-1,-1
105,25,195.96,357.07,66.68,164.58,1.0000,-1,-1,-1
105,26,760.17,310.97,63.43,138.66,1.0000,-1,-1,-1
105,27,937.64,298.14,48.72,131.67,1.0000,-1,-1,-1
106,2,418.29,304.14,72.55,161.07,1.0000,-1,-1,-1
106,5,448.39,146.77,70.52,124.77,1.0000,-1,-1,-1
106,7,967.79,316.17,72.75,137.02,1.0000,-1,-1,-1
106,10,110.33,463.29,72.58,164.73,1.0000,-1,-1,-1
106,13,371.81,508.09,62.88,114.13,1.0000,-1,-1,-1
106,22,1084.74,145.75,54.70,136.86,1.0000,-1,-1,-1
106,23,878.59,283.72,95.55,140.92,1.0000,-1,-1,-1
106,24,543.41,280.82,66.00,154.34,1.0000,-1,-1,-1
106,25,195.13,355.83,67.83,167.41,1.0000,-1,-1,-1
106,26,761.35,309.59,66.09,137.22,1.0000,-1,-1,-1
106,27,940.50,299.71,49.17,132.90,1.0000,-1,-1,-1
106,28,373.84,77.56,57.38,121.96,1.0000,-1,-1,-1
107,2,414.12,299.77,69.11,161.71,1.0000,-1,-1,-1
107,5,446.93,146.23,70.75,124.12,1.0000,-1,-1,-1
107,7,959.12,318.31,79.18,137.19,1.0000,-1,-1,-1
107,10,110.13,462.64,72.73,164.75,1.0000,-1,-1,-1
107,13,372.17,508.21,63.20,114.95,1.0000,-1,-1,-1
107,22,1091.46,143.93,53.45,136.89,1.0000,-1,-1,-1
107,23,884.47,282.84,96.05,141.66,1.0000,-1,-1,-1
107,24,537.55,277.15,65.28,151.97,1.0000,-1,-1,-1
107,25,194.31,354.62,68.96,170.20,1.0000,-1,-1,-1
107,26,759.59,309.44,68.59,136.67,1.0000,-1,-1,-1
107,27,943.36,301.29,49.62,134.12,1.0000,-1,-1,-1
107,28,375.07,76.39,56.26,119.59,1.0000,-1,-1,-1
108,2,409.36,297.15,67.53,162.17,1.0000,-1,-1,-1
108,5,445.18,145.33,68.86,124.16,1.0000,-1,-1,-1
108,7,950.44,320.40,87.78,140.07,1.0000,-1,-1,-1
108,10,109.77,462.19,72.95,164.85,1.0000,-1,-1,-1
108,13,372.25,508.07,63.66,115.44,1.0000,-1,-1,-1
108,22,1098.65,143.05,52.25,136.86,1.0000,-1,-1,-1
108,23,890.36,281.96,96.55,142.40,1.0000,-1,-1,-1
108,24,534.80,277.29,63.68,152.24,1.0000,-1,-1,-1
108,25,214.51,354.36,58.26,160.47,1.0000,-1,-1,-1
108,26,758.07,310.58,70.75,137.07,1.0000,-1,-1,-1
108,27,946.22,302.87,50.07,135.33,1.0000,-1,-1,-1
108,28,376.32,75.25,55.12,117.18,1.0000,-1,-1,-1
109,2,405.02,294.88,67.42,162.66,1.0000,-1,-1,-1
109,5,443.19,145.09,63.80,124.25,1.0000,-1,-1,-1
109,7,946.02,322.80,94.22,142.85,1.0000,-1,-1,-1
109,10,109.15,462.07,73.15,165.01,1.0000,-1,-1,-1
109,13,372.39,508.41,64.21,116.78,1.0000,-1,-1,-1
109,22,1104.48,142.37,52.31,136.34,1.0000,-1,-1,-1
109,23,888.90,281.05,81.32,132.50,1.0000,-1,-1,-1
109,24,532.18,273.46,62.10,149.84,1.0000,-1,-1,-1
109,25,215.28,353.17,58.90,162.25,1.0000,-1,-1,-1
109,26,757.57,313.06,72.18,138.88,1.0000,-1,-1,-1
109,27,949.09,304.46,50.51,136.53,1.0000,-1,-1,-1
109,28,377.58,74.13,53.96,114.71,1.0000,-1,-1,-1
110,2,399.17,293.20,68.89,163.88,1.0000,-1,-1,-1
110,5,443.90,146.16,58.39,123.36,1.0000,-1,-1,-1
110,7,944.69,324.65,97.29,145.70,1.0000,-1,-1,-1
110,10,108.77,462.15,73.24,165.24,1.0000,-1,-1,-1
110,13,372.84,510.44,65.26,120.95,1.0000,-1,-1,-1
110,22,1108.73,141.03,53.39,136.89,1.0000,-1,-1,-1
110,23,895.65,278.35,72.99,128.20,1.0000,-1,-1,-1
110,24,530.04,272.70,60.98,151.01,1.0000,-1,-1,-1
110,25,216.06,351.99,59.54,164.01,1.0000,-1,-1,-1
110,26,758.18,315.61,72.77,140.00,1.0000,-1,-1,-1
110,27,951.95,306.05,50.95,137.72,1.0000,-1,-1,-1
110,28,378.85,73.04,52.78,112.19,1.0000,-1,-1,-1
111,2,390.72,294.32,72.34,164.01,1.0000,-1,-1,-1
111,5,445.06,145.15,54.74,125.11,1.0000,-1,-1,-1
111,7,942.85,331.22,95.94,149.50,1.0000,-1,-1,-1
111,10,108.69,461.95,73.28,165.60,1.0000,-1,-1,-1
111,13,374.00,512.27,66.04,126.54,1.0000,-1,-1,-1
111,22,1118.25,139.15,52.96,138.18,1.0000,-1,-1,-1
111,23,900.34,277.09,72.95,128.12,1.0000,-1,-1,-1
111,24,522.96,273.87,63.44,149.69,1.0000,-1,-1,-1
111,25,216.84,350.83,60.17,165.75,1.0000,-1,-1,-1
111,26,754.34,319.09,77.12,142.62,1.0000,-1,-1,-1
111,28,380.14,71.97,51.56,109.61,1.0000,-1,-1,-1
112,2,386.41,295.77,75.26,163.51,1.0000,-1,-1,-1
112,5,446.10,145.36,52.61,126.87,1.0000,-1,-1,-1
112,7,942.90,336.00,92.59,152.57,1.0000,-1,-1,-1
112,10,108.73,461.68,73.33,166.08,1.0000,-1,-1,-1
112,13,375.09,511.48,66.78,130.76,1.0000,-1,-1,-1
112,22,1124.45,137.71,53.32,139.63,1.0000,-1,-1,-1
112,23,905.03,275.83,72.91,128.05,1.0000,-1,-1,-1
112,24,519.57,271.76,63.59,146.61,1.0000,-1,-1,-1
112,25,217.62,349.67,60.80,167.47,1.0000,-1,-1,-1
112,26,747.16,321.45,84.09,144.71,1.0000,-1,-1,-1
113,2,383.00,296.27,78.06,163.14,1.0000,-1,-1,-1
113,5,445.54,145.75,51.65,127.38,1.0000,-1,-1,-1
113,7,948.17,340.38,88.69,155.04,1.0000,-1,-1,-1
113,10,108.63,461.19,73.45,166.56,1.0000,-1,-1,-1
113,13,376.06,509.90,67.36,133.85,1.0000,-1,-1,-1
113,22,1130.20,137.24,54.66,140.71,1.0000,-1,-1,-1
113,23,909.71,274.57,72.86,127.97,1.0000,-1,-1,-1
113,24,515.83,273.53,63.05,146.36,1.0000,-1,-1,-1
113,25,218.41,348.52,61.42,169.18,1.0000,-1,-1,-1
113,26,740.14,322.84,91.76,145.94,1.0000,-1,-1,-1
114,2,379.13,296.30,81.26,162.56,1.0000,-1,-1,-1
114,5,441.03,146.34,52.56,129.97,1.0000,-1,-1,-1
114,7,958.08,341.46,82.16,156.96,1.0000,-1,-1,-1
114,10,108.35,460.75,73.47,166.95,1.0000,-1,-1,-1
114,13,377.07,508.59,67.55,136.40,1.0000,-1,-1,-1
114,22,1135.89,136.10,56.93,141.12,1.0000,-1,-1,-1
114,23,914.40,273.31,72.82,127.89,1.0000,-1,-1,-1
114,24,509.51,272.44,63.70,146.12,1.0000,-1,-1,-1
114,26,734.95,322.42,99.03,146.84,1.0000,-1,-1,-1
115,2,378.41,296.15,78.48,162.33,1.0000,-1,-1,-1
115,5,442.74,142.44,50.63,126.09,1.0000,-1,-1,-1
115,7,964.09,341.03,77.26,158.79,1.0000,-1,-1,-1
115,10,107.91,460.36,73.37,167.12,1.0000,-1,-1,-1
115,13,378.47,506.92,67.40,138.65,1.0000,-1,-1,-1
115,22,1139.14,135.18,59.12,142.03,1.0000,-1,-1,-1
115,23,914.43,247.83,78.62,146.34,1.0000,-1,-1,-1
115,24,499.65,271.34,67.01,147.64,1.0000,-1,-1,-1
115,26,732.31,322.49,104.12,147.02,1.0000,-1,-1,-1
116,2,377.40,295.06,75.25,162.57,1.0000,-1,-1,-1
116,5,444.24,139.30,48.24,121.54,1.0000,-1,-1,-1
116,7,973.12,338.17,71.38,160.71,1.0000,-1,-1,-1
116,10,105.49,458.64,73.87,167.82,1.0000,-1,-1,-1
116,13,379.02,504.21,67.09,139.29,1.0000,-1,-1,-1
116,22,1142.82,132.45,60.82,141.95,1.0000,-1,-1,-1
116,23,915.12,240.10,81.33,153.90,1.0000,-1,-1,-1
116,24,487.37,266.88,74.06,150.81,1.0000,-1,-1,-1
116,26,729.09,320.82,104.83,147.33,1.0000,-1,-1,-1
117,2,373.56,291.73,74.68,163.78,1.0000,-1,-1,-1
117,5,440.02,138.54,48.45,117.98,1.0000,-1,-1,-1
117,7,975.39,334.87,68.30,162.64,1.0000,-1,-1,-1
117,10,103.64,457.58,74.05,168.38,1.0000,-1,-1,-1
117,13,378.83,503.32,66.92,140.86,1.0000,-1,-1,-1
117,22,1146.28,130.18,61.91,142.33,1.0000,-1,-1,-1
117,23,919.32,237.29,81.58,154.38,1.0000,-1,-1,-1
117,24,479.44,264.46,80.24,153.16,1.0000,-1,-1,-1
117,26,723.71,319.27,103.58,147.45,1.0000,-1,-1,-1
118,2,372.41,288.16,73.44,165.21,1.0000,-1,-1,-1
118,5,438.33,137.55,48.34,117.70,1.0000,-1,-1,-1
118,7,979.52,332.96,65.20,164.45,1.0000,-1,-1,-1
118,10,101.85,456.80,74.09,168.88,1.0000,-1,-1,-1
118,13,378.01,502.46,66.85,142.44,1.0000,-1,-1,-1
118,22,1149.11,128.45,63.11,142.28,1.0000,-1,-1,-1
118,23,923.51,234.48,81.83,154.86,1.0000,-1,-1,-1
118,24,474.02,262.82,84.95,155.28,1.0000,-1,-1,-1
118,26,714.85,318.98,99.55,147.36,1.0000,-1,-1,-1
119,2,368.60,282.91,73.46,168.30,1.0000,-1,-1,-1
119,5,436.65,136.57,48.22,117.42,1.0000,-1,-1,-1
119,7,982.87,331.46,62.44,165.48,1.0000,-1,-1,-1
119,10,100.00,455.78,73.99,169.29,1.0000,-1,-1,-1
119,13,377.39,501.60,66.86,143.81,1.0000,-1,-1,-1
119,22,1150.95,125.33,64.42,142.64,1.0000,-1,-1,-1
119,23,927.71,231.68,82.08,155.33,1.0000,-1,-1,-1
119,24,470.50,261.61,88.17,156.20,1.0000,-1,-1,-1
119,26,713.25,319.44,100.44,148.69,1.0000,-1,-1,-1
120,2,368.73,279.60,71.81,170.49,1.0000,-1,-1,-1
120,5,434.97,135.59,48.11,117.14,1.0000,-1,-1,-1
120,7,985.75,331.26,60.49,166.76,1.0000,-1,-1,-1
120,10,98.52,454.66,74.13,169.71,1.0000,-1,-1,-1
120,13,376.97,499.91,66.81,144.15,1.0000,-1,-1,-1
120,22,1151.39,122.56,65.26,143.40,1.0000,-1,-1,-1
120,23,909.81,235.31,84.81,169.14,1.0000,-1,-1,-1
120,24,467.08,259.95,89.87,157.15,1.0000,-1,-1,-1
120,26,711.65,319.90,101.33,150.00,1.0000,-1,-1,-1
121,2,368.65,270.70,68.62,170.33,1.0000,-1,-1,-1
121,5,433.29,134.60,47.99,116.86,1.0000,-1,-1,-1
121,7,985.96,334.93,60.10,169.26,1.0000,-1,-1,-1
121,10,97.72,452.20,74.05,170.57,1.0000,-1,-1,-1
121,13,376.96,495.99,66.49,141.98,1.0000,-1,-1,-1
121,22,1154.36,121.54,65.18,143.71,1.0000,-1,-1,-1
121,23,912.30,233.44,85.16,169.82,1.0000,-1,-1,-1
121,24,461.49,255.58,87.18,157.66,1.0000,-1,-1,-1
121,26,710.06,320.36,102.21,151.30,1.0000,-1,-1,-1
121,30,94.52,133.83,66.23,152.45,1.0000,-1,-1,-1
122,2,366.61,270.28,65.97,171.80,1.0000,-1,-1,-1
122,5,431.60,133.62,47.88,116.57,1.0000,-1,-1,-1
122,7,984.53,338.85,61.09,171.15,1.0000,-1,-1,-1
122,10,97.29,449.75,74.39,171.78,1.0000,-1,-1,-1
122,13,377.08,494.97,66.28,141.59,1.0000,-1,-1,-1
122,22,1157.02,120.97,63.84,143.84,1.0000,-1,-1,-1
122,23,894.99,232.83,94.13,171.19,1.0000,-1,-1,-1
122,24,454.83,251.44,83.24,158.32,1.0000,-1,-1,-1
122,26,708.47,320.83,103.08,152.59,1.0000,-1,-1,-1
122,30,93.78,133.10,67.18,151.79,1.0000,-1,-1,-1
123,2,364.46,267.83,63.92,171.74,1.0000,-1,-1,-1
123,7,983.75,342.76,62.14,173.24,1.0000,-1,-1,-1
123,10,96.93,448.85,74.43,172.51,1.0000,-1,-1,-1
123,13,377.05,494.28,66.14,140.99,1.0000,-1,-1,-1
123,22,1158.86,120.11,62.49,143.76,1.0000,-1,-1,-1
123,23,887.99,233.76,100.24,168.65,1.0000,-1,-1,-1
123,24,450.28,246.79,77.78,158.25,1.0000,-1,-1,-1
123,26,706.88,321.31,103.94,153.86,1.0000,-1,-1,-1
123,30,94.41,134.87,66.61,150.42,1.0000,-1,-1,-1
124,2,363.14,265.72,62.71,170.81,1.0000,-1,-1,-1
124,7,983.62,348.06,61.96,174.27,1.0000,-1,-1,-1
124,10,96.51,448.09,74.29,172.98,1.0000,-1,-1,-1
124,13,376.98,494.01,66.20,140.66,1.0000,-1,-1,-1
124,22,1160.40,119.58,61.45,143.86,1.0000,-1,-1,-1
124,23,884.13,234.96,104.70,165.21,1.0000,-1,-1,-1
124,24,448.31,245.24,73.00,158.64,1.0000,-1,-1,-1
124,30,95.30,135.22,65.52,148.47,1.0000,-1,-1,-1
124,31,669.85,310.62,77.88,148.92,1.0000,-1,-1,-1
125,2,361.38,263.81,63.13,170.13,1.0000,-1,-1,-1
125,7,973.26,353.71,65.68,174.69,1.0000,-1,-1,-1
125,10,96.41,447.67,74.21,173.26,1.0000,-1,-1,-1
125,13,376.94,494.47,66.22,140.98,1.0000,-1,-1,-1
125,22,1161.62,119.30,60.65,143.60,1.0000,-1,-1,-1
125,23,877.83,236.68,100.77,162.99,1.0000,-1,-1,-1
125,24,440.28,241.70,71.88,159.69,1.0000,-1,-1,-1
125,30,96.70,136.15,64.16,147.21,1.0000,-1,-1,-1
125,31,663.22,305.96,82.21,152.83,1.0000,-1,-1,-1
126,2,359.49,259.91,62.29,169.39,1.0000,-1,-1,-1
126,7,971.28,365.86,65.06,173.38,1.0000,-1,-1,-1
126,10,96.39,447.26,74.12,173.46,1.0000,-1,-1,-1
126,13,377.06,494.88,66.25,141.72,1.0000,-1,-1,-1
126,22,1162.04,119.21,60.06,143.29,1.0000,-1,-1,-1
126,23,875.68,237.27,97.49,161.48,1.0000,-1,-1,-1
126,24,430.60,238.83,73.08,160.06,1.0000,-1,-1,-1
126,30,98.13,136.76,62.18,145.36,1.0000,-1,-1,-1
126,31,644.07,300.20,93.56,158.93,1.0000,-1,-1,-1
127,2,357.45,258.23,62.71,168.76,1.0000,-1,-1,-1
127,7,972.12,374.16,64.12,170.93,1.0000,-1,-1,-1
127,10,96.42,446.98,73.96,173.57,1.0000,-1,-1,-1
127,13,377.12,495.27,66.26,142.71,1.0000,-1,-1,-1
127,22,1162.35,119.35,59.62,142.94,1.0000,-1,-1,-1
127,23,876.07,237.59,96.44,160.99,1.0000,-1,-1,-1
127,24,431.80,239.77,69.83,159.23,1.0000,-1,-1,-1
127,30,98.45,136.89,61.81,144.48,1.0000,-1,-1,-1
127,31,632.28,296.74,102.00,161.60,1.0000,-1,-1,-1
128,2,355.07,257.04,64.14,168.46,1.0000,-1,-1,-1
128,7,970.56,381.34,64.70,166.78,1.0000,-1,-1,-1
128,10,96.53,446.77,73.74,173.66,1.0000,-1,-1,-1
128,13,377.15,495.04,66.26,143.08,1.0000,-1,-1,-1
128,22,1162.67,118.85,59.23,142.72,1.0000,-1,-1,-1
128,23,876.01,238.02,95.30,160.54,1.0000,-1,-1,-1
128,24,427.87,240.75,69.89,158.09,1.0000,-1,-1,-1
128,30,98.77,137.03,61.43,143.59,1.0000,-1,-1,-1
128,31,623.58,294.02,108.09,163.06,1.0000,-1,-1,-1
129,2,351.85,255.80,64.94,168.87,1.0000,-1,-1,-1
129,7,970.63,386.90,66.43,162.20,1.0000,-1,-1,-1
129,10,96.77,446.44,73.54,173.74,1.0000,-1,-1,-1
129,13,377.18,494.47,66.30,142.68,1.0000,-1,-1,-1
129,22,1162.23,119.51,58.92,142.53,1.0000,-1,-1,-1
129,23,876.16,239.25,94.10,159.22,1.0000,-1,-1,-1
129,24,423.45,241.17,70.97,157.08,1.0000,-1,-1,-1
129,30,99.10,137.16,61.05,142.70,1.0000,-1,-1,-1
129,31,619.59,292.59,109.83,163.18,1.0000,-1,-1,-1
130,2,349.45,255.04,64.47,169.24,1.0000,-1,-1,-1
130,7,969.90,390.82,66.55,162.49,1.0000,-1,-1,-1
130,10,97.38,445.65,73.40,173.99,1.0000,-1,-1,-1
130,13,377.25,493.98,66.52,142.36,1.0000,-1,-1,-1
130,22,1162.05,119.85,58.47,142.50,1.0000,-1,-1,-1
130,23,877.38,240.49,94.05,157.70,1.0000,-1,-1,-1
130,24,416.77,242.07,72.65,156.23,1.0000,-1,-1,-1
130,30,99.42,137.31,60.66,141.81,1.0000,-1,-1,-1
130,31,613.96,290.02,111.77,162.88,1.0000,-1,-1,-1
131,2,346.77,253.26,64.42,169.63,1.0000,-1,-1,-1
131,7,978.06,389.91,78.32,156.24,1.0000,-1,-1,-1
131,10,99.23,444.28,73.31,173.90,1.0000,-1,-1,-1
131,13,377.36,493.84,66.65,145.13,1.0000,-1,-1,-1
131,22,1161.30,120.21,58.13,143.07,1.0000,-1,-1,-1
131,23,878.42,243.65,96.07,156.51,1.0000,-1,-1,-1
131,24,411.28,242.42,74.24,154.43,1.0000,-1,-1,-1
131,30,101.71,137.58,59.28,142.00,1.0000,-1,-1,-1
131,31,612.78,283.71,111.57,162.23,1.0000,-1,-1,-1
131,32,880.96,389.18,98.52,93.25,1.0000,-1,-1,-1
132,2,345.44,251.49,64.54,170.37,1.0000,-1,-1,-1
132,7,978.73,390.62,89.36,153.64,1.0000,-1,-1,-1
132,10,100.55,442.66,73.37,173.78,1.0000,-1,-1,-1
132,13,377.59,492.02,66.36,146.81,1.0000,-1,-1,-1
132,22,1160.84,120.56,57.75,143.17,1.0000,-1,-1,-1
132,23,879.57,245.58,99.51,155.46,1.0000,-1,-1,-1
132,24,407.75,240.80,76.10,154.96,1.0000,-1,-1,-1
132,30,102.20,137.84,58.87,141.01,1.0000,-1,-1,-1
132,31,612.98,278.15,110.39,160.42,1.0000,-1,-1,-1
132,32,880.16,387.21,97.31,92.73,1.0000,-1,-1,-1
133,2,344.31,250.02,64.80,171.00,1.0000,-1,-1,-1
133,7,979.72,393.43,89.59,154.03,1.0000,-1,-1,-1
133,10,101.52,441.08,73.34,172.97,1.0000,-1,-1,-1
133,13,377.97,490.34,66.11,148.24,1.0000,-1,-1,-1
133,22,1159.73,120.26,57.81,143.29,1.0000,-1,-1,-1
133,23,878.60,246.80,101.98,154.49,1.0000,-1,-1,-1
133,24,405.74,241.64,77.52,153.84,1.0000,-1,-1,-1
133,30,101.14,138.41,60.39,142.85,1.0000,-1,-1,-1
133,31,614.85,273.51,108.72,157.14,1.0000,-1,-1,-1
133,32,879.00,385.64,98.75,95.67,1.0000,-1,-1,-1
134,2,344.08,248.80,65.62,171.65,1.0000,-1,-1,-1
134,7,984.12,385.68,98.37,154.49,1.0000,-1,-1,-1
134,10,102.44,440.36,73.29,172.24,1.0000,-1,-1,-1
134,13,378.43,488.44,65.73,148.49,1.0000,-1,-1,-1
134,22,1158.35,120.26,58.30,143.12,1.0000,-1,-1,-1
134,23,878.04,248.90,104.54,156.18,1.0000,-1,-1,-1
134,24,403.59,242.21,79.81,152.47,1.0000,-1,-1,-1
134,30,100.21,138.48,61.43,143.55,1.0000,-1,-1,-1
134,31,618.43,269.41,106.04,154.10,1.0000,-1,-1,-1
134,32,877.64,383.23,101.89,99.55,1.0000,-1,-1,-1
135,2,344.19,248.14,66.43,171.73,1.0000,-1,-1,-1
135,7,984.29,381.20,105.05,155.64,1.0000,-1,-1,-1
135,10,103.47,439.83,73.09,171.56,1.0000,-1,-1,-1
135,13,378.73,488.58,65.51,150.78,1.0000,-1,-1,-1
135,22,1156.16,119.78,59.01,143.23,1.0000,-1,-1,-1
135,23,876.16,250.39,105.56,157.40,1.0000,-1,-1,-1
135,24,401.70,243.70,82.05,151.63,1.0000,-1,-1,-1
135,30,98.57,137.96,62.73,143.71,1.0000,-1,-1,-1
135,31,623.96,265.07,102.35,149.09,1.0000,-1,-1,-1
135,32,874.17,380.45,105.05,102.55,1.0000,-1,-1,-1
135,33,264.51,348.83,64.21,126.40,1.0000,-1,-1,-1
136,2,342.98,248.64,67.49,171.00,1.0000,-1,-1,-1
136,7,983.83,377.07,108.91,155.46,1.0000,-1,-1,-1
136,10,104.54,438.99,72.90,171.04,1.0000,-1,-1,-1
136,13,378.72,487.70,65.45,152.03,1.0000,-1,-1,-1
136,22,1154.26,119.07,60.20,143.26,1.0000,-1,-1,-1
136,23,874.68,251.37,105.52,159.06,1.0000,-1,-1,-1
136,24,397.93,244.69,85.51,150.62,1.0000,-1,-1,-1
136,30,98.69,138.07,62.59,143.40,1.0000,-1,-1,-1
136,31,629.94,262.20,98.82,146.06,1.0000,-1,-1,-1
136,32,867.98,378.70,108.55,105.29,1.0000,-1,-1,-1
136,33,265.33,348.55,63.92,125.85,1.0000,-1,-1,-1
137,2,342.25,247.59,67.84,169.37,1.0000,-1,-1,-1
137,7,981.65,370.24,111.70,154.37,1.0000,-1,-1,-1
137,10,105.30,437.35,72.60,170.81,1.0000,-1,-1,-1
137,13,378.18,485.22,65.45,151.04,1.0000,-1,-1,-1
137,22,1150.52,119.67,61.10,142.39,1.0000,-1,-1,-1
137,23,873.01,252.51,105.17,160.35,1.0000,-1,-1,-1
137,24,391.67,244.28,86.69,149.73,1.0000,-1,-1,-1
137,30,98.80,138.17,62.46,143.08,1.0000,-1,-1,-1
137,31,635.86,259.37,95.97,142.65,1.0000,-1,-1,-1
137,32,857.33,378.80,109.34,107.62,1.0000,-1,-1,-1
137,33,265.53,347.72,62.98,125.38,1.0000,-1,-1,-1
137,35,466.32,142.64,47.46,146.29,1.0000,-1,-1,-1
138,2,339.62,247.20,67.20,167.19,1.0000,-1,-1,-1
138,7,979.04,365.61,113.31,151.33,1.0000,-1,-1,-1
138,10,105.50,437.31,72.38,170.39,1.0000,-1,-1,-1
138,13,377.65,485.29,65.49,151.53,1.0000,-1,-1,-1
138,22,1146.71,120.02,61.54,141.42,1.0000,-1,-1,-1
138,23,872.17,251.08,104.55,161.76,1.0000,-1,-1,-1
138,24,387.13,245.49,85.95,149.80,1.0000,-1,-1,-1
138,30,98.92,138.27,62.32,142.77,1.0000,-1,-1,-1
138,31,635.88,261.89,95.77,139.83,1.0000,-1,-1,-1
138,32,854.55,379.20,109.92,108.20,1.0000,-1,-1,-1
138,33,264.93,347.82,62.01,123.68,1.0000,-1,-1,-1
138,35,468.44,145.61,49.33,149.59,1.0000,-1,-1,-1
139,2,334.68,247.27,63.09,165.31,1.0000,-1,-1,-1
139,7,970.16,359.98,108.13,149.02,1.0000,-1,-1,-1
139,10,105.35,438.66,72.25,169.71,1.0000,-1,-1,-1
139,13,376.85,487.35,65.57,154.23,1.0000,-1,-1,-1
139,22,1144.13,121.15,61.70,140.55,1.0000,-1,-1,-1
139,23,874.18,249.27,102.57,163.61,1.0000,-1,-1,-1
139,24,382.90,246.21,83.86,149.34,1.0000,-1,-1,-1
139,30,99.03,138.37,62.18,142.45,1.0000,-1,-1,-1
139,31,634.94,263.90,95.38,138.05,1.0000,-1,-1,-1
139,32,843.59,375.27,101.92,111.88,1.0000,-1,-1,-1
139,33,265.60,348.01,61.17,122.00,1.0000,-1,-1,-1
139,35,468.39,147.98,50.42,149.36,1.0000,-1,-1,-1
140,2,330.92,248.45,61.44,165.38,1.0000,-1,-1,-1
140,7,963.24,357.61,103.30,147.12,1.0000,-1,-1,-1
140,10,104.74,439.90,72.18,169.12,1.0000,-1,-1,-1
140,13,376.07,485.50,65.61,153.04,1.0000,-1,-1,-1
140,22,1142.36,123.35,61.76,139.70,1.0000,-1,-1,-1
140,23,878.22,249.75,99.12,163.81,1.0000,-1,-1,-1
140,24,380.57,246.55,80.67,148.82,1.0000,-1,-1,-1
140,30,99.15,138.48,62.04,142.14,1.0000,-1,-1,-1
140,31,633.74,266.08,96.05,137.30,1.0000,-1,-1,-1
140,32,839.65,373.15,95.02,114.74,1.0000,-1,-1,-1
140,33,266.29,348.21,60.32,120.29,1.0000,-1,-1,-1
140,35,467.25,150.76,51.13,148.29,1.0000,-1,-1,-1
141,2,328.56,247.52,61.44,165.67,1.0000,-1,-1,-1
141,7,956.81,355.26,100.24,145.96,1.0000,-1,-1,-1
141,10,103.52,440.25,72.23,168.53,1.0000,-1,-1,-1
141,13,374.96,483.71,65.64,149.36,1.0000,-1,-1,-1
141,22,1141.53,125.83,61.32,138.96,1.0000,-1,-1,-1
141,23,878.96,249.50,95.52,162.80,1.0000,-1,-1,-1
141,24,378.64,246.10,77.23,148.45,1.0000,-1,-1,-1
141,31,631.95,266.20,97.28,137.38,1.0000,-1,-1,-1
141,32,838.12,369.62,90.69,118.63,1.0000,-1,-1,-1
141,33,266.98,348.42,59.45,118.56,1.0000,-1,-1,-1
141,35,466.40,153.31,51.20,146.00,1.0000,-1,-1,-1
142,2,320.58,240.52,58.80,165.96,1.0000,-1,-1,-1
142,7,951.02,348.72,96.16,146.37,1.0000,-1,-1,-1
142,10,100.71,440.71,72.09,168.37,1.0000,-1,-1,-1
142,13,372.03,482.55,65.56,145.11,1.0000,-1,-1,-1
142,22,1141.28,126.20,60.49,139.06,1.0000,-1,-1,-1
142,23,874.48,253.05,94.49,162.67,1.0000,-1,-1,-1
142,24,373.90,246.06,71.91,147.99,1.0000,-1,-1,-1
142,31,634.68,262.83,99.47,138.87,1.0000,-1,-1,-1
142,32,836.80,363.91,86.31,123.16,1.0000,-1,-1,-1
142,33,267.68,348.65,58.57,116.80,1.0000,-1,-1,-1
142,35,464.23,155.68,51.66,145.17,1.0000,-1,-1,-1
143,2,314.68,236.65,58.02,166.53,1.0000,-1,-1,-1
143,7,945.63,344.22,96.61,146.18,1.0000,-1,-1,-1
143,10,98.40,440.83,71.96,167.98,1.0000,-1,-1,-1
143,13,369.31,482.78,65.58,142.09,1.0000,-1,-1,-1
143,22,1139.20,127.48,60.43,138.57,1.0000,-1,-1,-1
143,23,871.33,255.29,92.92,161.24,1.0000,-1,-1,-1
143,24,371.04,245.85,67.90,147.52,1.0000,-1,-1,-1
143,31,636.93,259.50,100.36,141.22,1.0000,-1,-1,-1
143,32,832.68,363.62,86.31,123.16,1.0000,-1,-1,-1
143,33,268.38,348.89,57.67,115.02,1.0000,-1,-1,-1
143,35,462.74,156.57,51.17,144.42,1.0000,-1,-1,-1
144,2,309.78,236.89,56.88,167.35,1.0000,-1,-1,-1
144,7,942.50,340.74,97.71,145.30,1.0000,-1,-1,-1
144,10,96.07,441.26,71.82,167.38,1.0000,-1,-1,-1
144,13,366.88,483.65,65.66,139.70,1.0000,-1,-1,-1
144,22,1137.11,128.41,60.23,137.90,1.0000,-1,-1,-1
144,23,874.62,262.42,89.16,158.08,1.0000,-1,-1,-1
144,24,367.55,245.86,65.39,147.15,1.0000,-1,-1,-1
144,31,641.83,255.25,99.86,140.27,1.0000,-1,-1,-1
144,32,837.24,356.12,79.63,125.24,1.0000,-1,-1,-1
144,35,463.88,152.88,48.32,137.59,1.0000,-1,-1,-1
145,2,305.52,235.86,56.41,166.79,1.0000,-1,-1,-1
145,7,940.16,338.92,99.88,144.81,1.0000,-1,-1,-1
145,10,93.85,442.20,71.74,166.85,1.0000,-1,-1,-1
145,13,364.23,485.06,65.49,138.42,1.0000,-1,-1,-1
145,22,1135.16,128.58,60.40,137.43,1.0000,-1,-1,-1
145,23,863.33,267.76,92.84,155.09,1.0000,-1,-1,-1
145,24,363.57,245.65,64.00,146.31,1.0000,-1,-1,-1
145,31,663.72,247.52,87.60,132.63,1.0000,-1,-1,-1
145,32,833.72,355.38,79.47,124.98,1.0000,-1,-1,-1
145,35,463.50,152.46,46.73,139.15,1.0000,-1,-1,-1
146,2,302.11,235.70,56.72,165.50,1.0000,-1,-1,-1
146,7,939.91,338.01,104.70,144.43,1.0000,-1,-1,-1
146,10,91.64,443.64,71.95,166.41,1.0000,-1,-1,-1
146,13,361.65,486.00,65.32,136.17,1.0000,-1,-1,-1
146,22,1132.11,129.88,60.50,136.93,1.0000,-1,-1,-1
146,23,860.79,273.27,93.71,152.28,1.0000,-1,-1,-1
146,24,361.93,246.27,62.19,146.22,1.0000,-1,-1,-1
146,31,665.25,251.68,85.22,133.70,1.0000,-1,-1,-1
146,32,830.19,354.63,79.30,124.72,1.0000,-1,-1,-1
146,35,463.91,155.97,44.33,137.47,1.0000,-1,-1,-1
147,2,295.03,238.25,56.75,164.92,1.0000,-1,-1,-1
147,7,939.43,334.50,112.75,146.71,1.0000,-1,-1,-1
147,10,87.95,446.09,72.78,166.40,1.0000,-1,-1,-1
147,13,358.54,489.05,64.85,134.64,1.0000,-1,-1,-1
147,22,1127.08,131.63,61.41,136.94,1.0000,-1,-1,-1
147,23,854.90,279.65,94.99,148.79,1.0000,-1,-1,-1
147,24,355.55,247.62,62.73,147.81,1.0000,-1,-1,-1
147,31,678.20,248.15,77.92,128.79,1.0000,-1,-1,-1
147,32,827.91,357.09,76.55,121.34,1.0000,-1,-1,-1
147,35,462.96,156.06,41.57,135.17,1.0000,-1,-1,-1
148,2,288.65,240.49,55.81,164.62,1.0000,-1,-1,-1
148,7,936.28,331.34,118.18,148.97,1.0000,-1,-1,-1
148,10,84.92,447.65,73.71,166.25,1.0000,-1,-1,-1
148,13,356.05,490.79,64.83,133.36,1.0000,-1,-1,-1
148,22,1124.15,130.51,62.20,137.99,1.0000,-1,-1,-1
148,23,853.16,283.20,95.02,146.26,1.0000,-1,-1,-1
148,24,351.05,247.48,62.75,147.85,1.0000,-1,-1,-1
148,31,685.97,249.95,72.13,127.68,1.0000,-1,-1,-1
148,32,822.25,358.76,77.49,120.56,1.0000,-1,-1,-1
148,35,461.81,152.40,40.92,136.01,1.0000,-1,-1,-1
149,2,285.31,240.27,54.50,165.46,1.0000,-1,-1,-1
149,7,933.56,328.46,121.42,149.59,1.0000,-1,-1,-1
149,10,82.61,449.29,74.94,165.77,1.0000,-1,-1,-1
149,13,353.55,491.96,64.53,132.32,1.0000,-1,-1,-1
149,22,1122.40,131.42,61.36,137.63,1.0000,-1,-1,-1
149,23,849.14,284.83,95.45,145.03,1.0000,-1,-1,-1
149,24,346.56,247.34,62.76,147.88,1.0000,-1,-1,-1
149,31,691.01,253.30,68.31,129.56,1.0000,-1,-1,-1
149,32,812.76,358.19,81.55,120.35,1.0000,-1,-1,-1
149,35,460.99,151.07,41.09,136.75,1.0000,-1,-1,-1
150,2,280.07,239.53,53.86,166.57,1.0000,-1,-1,-1
150,7,934.68,326.60,120.97,148.56,1.0000,-1,-1,-1
150,10,80.87,450.89,75.89,164.89,1.0000,-1,-1,-1
150,13,351.45,493.42,64.45,131.45,1.0000,-1,-1,-1
150,22,1120.14,132.73,60.81,137.05,1.0000,-1,-1,-1
150,23,843.66,286.62,97.59,144.03,1.0000,-1,-1,-1
150,24,342.07,247.19,62.78,147.91,1.0000,-1,-1,-1
150,31,694.29,254.13,66.02,131.51,1.0000,-1,-1,-1
150,32,803.67,354.98,86.92,123.15,1.0000,-1,-1,-1
150,35,460.03,151.35,41.15,137.46,1.0000,-1,-1,-1
151,2,277.21,239.12,52.03,166.27,1.0000,-1,-1,-1
151,7,938.28,324.34,117.44,147.21,1.0000,-1,-1,-1
151,10,78.68,452.67,77.43,164.05,1.0000,-1,-1,-1
151,13,348.70,493.65,64.90,130.01,1.0000,-1,-1,-1
151,22,1118.25,132.98,60.52,136.66,1.0000,-1,-1,-1
151,23,835.46,286.83,101.50,143.93,1.0000,-1,-1,-1
151,24,337.58,247.05,62.79,147.95,1.0000,-1,-1,-1
151,31,700.56,254.30,69.71,134.73,1.0000,-1,-1,-1
151,32,797.58,354.50,91.97,124.44,1.0000,-1,-1,-1
151,35,458.15,153.26,41.57,137.49,1.0000,-1,-1,-1
152,2,272.53,237.02,53.63,167.10,1.0000,-1,-1,-1
152,7,935.91,318.31,114.89,144.88,1.0000,-1,-1,-1
152,10,80.34,455.31,88.86,164.75,1.0000,-1,-1,-1
152,13,344.88,494.15,65.12,128.72,1.0000,-1,-1,-1
152,22,1114.95,134.25,60.91,136.11,1.0000,-1,-1,-1
152,23,808.83,293.56,115.77,159.27,1.0000,-1,-1,-1
152,24,333.08,246.91,62.80,147.98,1.0000,-1,-1,-1
152,31,707.42,255.41,76.00,136.52,1.0000,-1,-1,-1
152,32,788.75,326.42,98.36,140.50,1.0000,-1,-1,-1
152,35,455.84,155.65,42.78,137.85,1.0000,-1,-1,-1
153,2,267.00,235.34,52.79,167.50,1.0000,-1,-1,-1
153,7,947.88,314.66,105.54,143.88,1.0000,-1,-1,-1
153,10,78.38,456.96,99.10,164.47,1.0000,-1,-1,-1
153,13,341.96,495.97,64.98,128.14,1.0000,-1,-1,-1
153,22,1112.44,134.24,61.50,136.36,1.0000,-1,-1,-1
153,23,802.95,286.05,116.89,154.74,1.0000,-1,-1,-1
153,24,314.67,246.45,73.62,154.07,1.0000,-1,-1,-1
153,31,708.83,256.62,77.99,137.21,1.0000,-1,-1,-1
153,32,781.32,328.52,97.26,140.98,1.0000,-1,-1,-1
153,35,453.48,156.11,44.43,138.60,1.0000,-1,-1,-1
154,2,262.61,234.61,52.70,167.21,1.0000,-1,-1,-1
154,7,956.03,311.75,97.15,143.90,1.0000,-1,-1,-1
154,10,73.11,458.42,105.90,164.14,1.0000,-1,-1,-1
154,13,339.70,496.38,64.92,126.74,1.0000,-1,-1,-1
154,22,1110.83,134.62,62.09,136.81,1.0000,-1,-1,-1
154,23,788.99,286.13,118.50,155.77,1.0000,-1,-1,-1
154,24,309.49,246.39,73.75,154.34,1.0000,-1,-1,-1
154,31,710.14,257.86,79.13,137.29,1.0000,-1,-1,-1
154,32,777.48,309.31,99.07,151.50,1.0000,-1,-1,-1
154,35,451.54,155.76,45.82,138.50,1.0000,-1,-1,-1
155,2,260.27,222.80,51.52,157.12,1.0000,-1,-1,-1
155,7,959.50,308.08,91.07,145.69,1.0000,-1,-1,-1
155,10,70.83,459.91,114.12,163.65,1.0000,-1,-1,-1
155,13,337.55,497.14,64.97,125.72,1.0000,-1,-1,-1
155,22,1109.41,135.42,62.16,137.04,1.0000,-1,-1,-1
155,23,781.46,285.26,116.75,156.23,1.0000,-1,-1,-1
155,24,304.32,246.33,73.87,154.61,1.0000,-1,-1,-1
155,31,708.86,257.38,80.71,136.89,1.0000,-1,-1,-1
155,32,769.97,302.04,92.45,156.06,1.0000,-1,-1,-1
155,35,449.94,155.08,46.81,136.58,1.0000,-1,-1,-1
156,2,258.03,219.60,50.67,151.91,1.0000,-1,-1,-1
156,7,959.16,303.04,87.70,148.37,1.0000,-1,-1,-1
156,10,69.42,460.92,121.79,163.59,1.0000,-1,-1,-1
156,13,335.13,498.41,64.98,124.44,1.0000,-1,-1,-1
156,22,1110.54,135.44,61.18,137.13,1.0000,-1,-1,-1
156,23,773.16,285.67,113.74,158.61,1.0000,-1,-1,-1
156,24,311.56,244.81,64.33,156.62,1.0000,-1,-1,-1
156,31,707.75,257.11,81.21,137.07,1.0000,-1,-1,-1
156,32,764.63,298.42,92.91,156.84,1.0000,-1,-1,-1
156,35,447.90,154.00,47.60,136.69,1.0000,-1,-1,-1
157,2,255.32,210.48,48.66,143.94,1.0000,-1,-1,-1
157,7,953.33,294.51,87.47,151.15,1.0000,-1,-1,-1
157,10,69.33,460.37,126.67,164.81,1.0000,-1,-1,-1
157,13,332.06,499.89,65.34,122.98,1.0000,-1,-1,-1
157,22,1110.88,135.47,60.47,137.40,1.0000,-1,-1,-1
157,23,773.00,281.95,103.16,156.77,1.0000,-1,-1,-1
157,24,312.18,238.73,57.46,150.24,1.0000,-1,-1,-1
157,31,700.86,253.98,79.85,138.51,1.0000,-1,-1,-1
157,32,759.29,294.81,93.37,157.62,1.0000,-1,-1,-1
157,35,445.13,153.48,49.77,140.27,1.0000,-1,-1,-1
158,2,254.56,204.87,47.17,138.54,1.0000,-1,-1,-1
158,7,948.59,287.83,86.16,150.80,1.0000,-1,-1,-1
158,10,69.79,459.31,128.85,166.39,1.0000,-1,-1,-1
158,13,330.80,501.18,65.48,121.71,1.0000,-1,-1,-1
158,22,1110.88,135.42,60.08,137.88,1.0000,-1,-1,-1
158,23,770.02,281.47,94.13,156.09,1.0000,-1,-1,-1
158,24,307.84,237.99,57.44,150.17,1.0000,-1,-1,-1
158,31,697.20,251.89,78.97,141.62,1.0000,-1,-1,-1
158,32,753.95,291.19,93.83,158.39,1.0000,-1,-1,-1
158,35,442.86,152.38,51.61,143.02,1.0000,-1,-1,-1
159,2,254.61,204.42,46.25,134.26,1.0000,-1,-1,-1
159,7,949.01,281.12,83.35,147.81,1.0000,-1,-1,-1
159,10,72.60,458.51,127.65,168.14,1.0000,-1,-1,-1
159,13,330.20,502.22,65.40,120.69,1.0000,-1,-1,-1
159,22,1111.75,135.28,59.59,138.11,1.0000,-1,-1,-1
159,23,770.17,281.52,85.55,156.19,1.0000,-1,-1,-1
159,24,303.50,237.25,57.41,150.11,1.0000,-1,-1,-1
159,31,691.33,249.50,76.88,145.07,1.0000,-1,-1,-1
159,32,748.61,287.58,94.28,159.16,1.0000,-1,-1,-1
159,35,441.13,151.07,52.65,145.24,1.0000,-1,-1,-1
160,2,246.53,209.59,50.37,141.69,1.0000,-1,-1,-1
160,7,949.21,276.28,82.24,144.71,1.0000,-1,-1,-1
160,10,83.28,458.04,123.84,170.25,1.0000,-1,-1,-1
160,13,330.12,502.46,65.62,120.08,1.0000,-1,-1,-1
160,22,1112.85,135.28,59.40,137.96,1.0000,-1,-1,-1
160,23,768.91,283.13,79.71,156.47,1.0000,-1,-1,-1
160,24,312.25,237.24,53.17,150.89,1.0000,-1,-1,-1
160,31,691.86,248.84,76.80,144.91,1.0000,-1,-1,-1
160,32,743.27,283.97,94.74,159.93,1.0000,-1,-1,-1
160,35,439.87,149.74,53.43,147.21,1.0000,-1,-1,-1
161,2,241.00,210.82,54.57,148.20,1.0000,-1,-1,-1
161,7,948.93,273.45,82.29,143.17,1.0000,-1,-1,-1
161,10,89.54,457.12,119.26,172.36,1.0000,-1,-1,-1
161,13,330.21,502.51,65.77,119.38,1.0000,-1,-1,-1
161,22,1115.75,135.54,58.03,137.94,1.0000,-1,-1,-1
161,23,763.30,283.79,79.78,156.61,1.0000,-1,-1,-1
161,24,313.87,236.49,51.78,153.50,1.0000,-1,-1,-1
161,31,681.18,241.20,70.93,142.62,1.0000,-1,-1,-1
161,35,441.42,146.08,53.73,149.03,1.0000,-1,-1,-1
162,2,237.13,209.42,59.26,150.64,1.0000,-1,-1,-1
162,7,948.28,267.54,82.62,145.83,1.0000,-1,-1,-1
162,10,98.23,457.57,115.12,173.71,1.0000,-1,-1,-1
162,13,330.74,504.43,66.32,118.05,1.0000,-1,-1,-1
162,22,1119.13,135.71,56.85,138.54,1.0000,-1,-1,-1
162,23,766.10,290.45,76.78,155.54,1.0000,-1,-1,-1
162,24,314.02,233.66,51.74,152.93,1.0000,-1,-1,-1
162,31,676.25,235.85,67.57,139.32,1.0000,-1,-1,-1
162,35,444.73,140.87,54.12,148.19,1.0000,-1,-1,-1
163,2,234.62,209.92,63.86,151.98,1.0000,-1,-1,-1
163,7,947.39,263.53,82.93,148.77,1.0000,-1,-1,-1
163,10,103.31,457.80,113.48,174.77,1.0000,-1,-1,-1
163,13,331.59,506.23,66.48,117.09,1.0000,-1,-1,-1
163,22,1121.30,135.80,56.93,139.69,1.0000,-1,-1,-1
163,23,767.29,292.00,76.29,155.53,1.0000,-1,-1,-1
163,24,314.69,231.53,52.37,153.58,1.0000,-1,-1,-1
163,31,673.56,233.24,65.58,136.32,1.0000,-1,-1,-1
163,35,446.99,138.40,54.89,146.84,1.0000,-1,-1,-1
164,2,232.09,211.91,68.21,152.52,1.0000,-1,-1,-1
164,7,946.43,259.07,83.57,151.59,1.0000,-1,-1,-1
164,10,106.42,459.99,112.37,174.65,1.0000,-1,-1,-1
164,13,333.04,507.59,66.97,115.29,1.0000,-1,-1,-1
164,22,1124.05,135.30,57.33,139.86,1.0000,-1,-1,-1
164,23,765.67,293.48,78.67,155.06,1.0000,-1,-1,-1
164,24,317.53,231.45,53.96,155.64,1.0000,-1,-1,-1
164,31,669.86,231.00,63.35,133.53,1.0000,-1,-1,-1
164,35,450.68,138.10,55.31,145.36,1.0000,-1,-1,-1
164,36,232.23,341.40,72.46,159.92,1.0000,-1,-1,-1
165,2,229.92,214.38,72.53,153.13,1.0000,-1,-1,-1
165,7,940.54,247.36,76.87,143.89,1.0000,-1,-1,-1
165,10,112.41,461.73,117.19,174.95,1.0000,-1,-1,-1
165,13,334.51,509.07,67.39,113.84,1.0000,-1,-1,-1
165,22,1127.30,135.11,58.19,141.32,1.0000,-1,-1,-1
165,23,763.08,295.60,82.88,154.75,1.0000,-1,-1,-1
165,24,319.19,230.94,55.18,156.72,1.0000,-1,-1,-1
165,31,667.31,230.64,64.90,132.26,1.0000,-1,-1,-1
165,35,455.46,137.16,56.15,145.79,1.0000,-1,-1,-1
165,36,235.84,346.99,70.02,156.48,1.0000,-1,-1,-1
165,37,724.80,297.50,69.56,145.60,1.0000,-1,-1,-1
166,2,230.27,215.65,75.89,153.52,1.0000,-1,-1,-1
166,7,938.46,241.40,71.35,137.76,1.0000,-1,-1,-1
166,10,111.61,464.02,115.22,174.81,1.0000,-1,-1,-1
166,13,336.91,510.53,67.32,112.66,1.0000,-1,-1,-1
166,22,1132.08,135.03,59.21,141.74,1.0000,-1,-1,-1
166,23,760.99,296.80,87.71,155.48,1.0000,-1,-1,-1
166,24,320.43,229.72,56.82,157.67,1.0000,-1,-1,-1
166,31,670.11,230.06,63.21,129.42,1.0000,-1,-1,-1
166,35,457.97,135.12,59.79,146.93,1.0000,-1,-1,-1
166,36,237.12,348.88,69.73,155.83,1.0000,-1,-1,-1
166,37,727.02,298.08,65.89,145.60,1.0000,-1,-1,-1
167,2,235.36,215.36,78.58,154.39,1.0000,-1,-1,-1
167,7,920.39,237.44,87.35,143.11,1.0000,-1,-1,-1
167,10,114.04,473.34,115.49,171.85,1.0000,-1,-1,-1
167,13,341.17,512.74,67.03,111.87,1.0000,-1,-1,-1
167,22,1140.89,136.30,58.89,143.27,1.0000,-1,-1,-1
167,23,759.45,296.77,92.87,156.95,1.0000,-1,-1,-1
167,24,324.77,230.46,59.84,159.00,1.0000,-1,-1,-1
167,31,668.48,231.84,64.05,128.59,1.0000,-1,-1,-1
167,35,463.27,133.45,66.44,148.13,1.0000,-1,-1,-1
167,36,238.40,350.77,69.43,155.17,1.0000,-1,-1,-1
167,37,728.80,295.67,65.98,150.32,1.0000,-1,-1,-1
168,2,243.66,213.55,79.22,153.55,1.0000,-1,-1,-1
168,7,926.46,236.78,88.48,142.82,1.0000,-1,-1,-1
168,10,117.10,477.83,116.35,170.45,1.0000,-1,-1,-1
168,13,344.17,531.34,69.61,128.63,1.0000,-1,-1,-1
168,22,1150.37,137.64,58.48,144.64,1.0000,-1,-1,-1
168,23,756.03,295.08,96.14,156.93,1.0000,-1,-1,-1
168,24,331.29,229.76,64.28,160.83,1.0000,-1,-1,-1
168,31,653.03,237.98,74.26,138.91,1.0000,-1,-1,-1
168,35,468.70,132.61,70.95,149.32,1.0000,-1,-1,-1
168,36,239.67,352.65,69.14,154.52,1.0000,-1,-1,-1
168,37,730.35,292.28,69.18,155.05,1.0000,-1,-1,-1
169,2,243.05,212.78,79.25,153.61,1.0000,-1,-1,-1
169,7,917.79,235.32,94.63,141.44,1.0000,-1,-1,-1
169,10,121.97,480.11,118.55,170.77,1.0000,-1,-1,-1
169,13,347.69,535.86,70.73,141.83,1.0000,-1,-1,-1
169,22,1156.85,138.47,59.37,145.99,1.0000,-1,-1,-1
169,23,753.05,295.93,96.32,157.22,1.0000,-1,-1,-1
169,24,335.83,230.07,68.01,162.21,1.0000,-1,-1,-1
169,31,650.87,237.47,74.13,138.65,1.0000,-1,-1,-1
169,35,475.23,134.18,73.31,149.45,1.0000,-1,-1,-1
169,36,240.95,354.54,68.85,153.86,1.0000,-1,-1,-1
169,37,732.71,291.54,69.35,155.43,1.0000,-1,-1,-1
170,2,242.45,212.01,79.28,153.66,1.0000,-1,-1,-1
170,7,917.13,237.12,99.10,139.82,1.0000,-1,-1,-1
170,10,133.73,482.26,129.84,171.20,1.0000,-1,-1,-1
170,13,351.33,538.01,71.29,153.41,1.0000,-1,-1,-1
170,22,1165.29,141.16,59.19,146.32,1.0000,-1,-1,-1
170,23,750.07,296.79,96.50,157.52,1.0000,-1,-1,-1
170,24,339.56,231.83,70.67,163.17,1.0000,-1,-1,-1
170,31,648.72,236.97,73.99,138.40,1.0000,-1,-1,-1
170,35,481.42,133.96,74.44,150.63,1.0000,-1,-1,-1
170,36,242.23,356.43,68.55,153.20,1.0000,-1,-1,-1
170,37,735.07,290.81,69.52,155.81,1.0000,-1,-1,-1
170,38,72.10,146.40,61.00,158.03,1.0000,-1,-1,-1
171,2,241.84,211.24,79.31,153.72,1.0000,-1,-1,-1
171,7,919.78,237.95,103.07,139.13,1.0000,-1,-1,-1
171,10,136.99,484.08,134.31,171.07,1.0000,-1,-1,-1
171,13,355.82,537.61,71.07,161.61,1.0000,-1,-1,-1
171,22,1173.09,140.03,59.51,148.11,1.0000,-1,-1,-1
171,23,734.31,285.82,96.56,166.73,1.0000,-1,-1,-1
171,24,343.39,231.71,74.37,164.78,1.0000,-1,-1,-1
171,31,646.56,236.46,73.85,138.14,1.0000,-1,-1,-1
171,35,486.90,134.56,74.86,151.07,1.0000,-1,-1,-1
171,37,737.42,290.08,69.69,156.18,1.0000,-1,-1,-1
171,38,73.63,144.44,63.82,160.96,1.0000,-1,-1,-1
172,2,241.23,210.47,79.34,153.77,1.0000,-1,-1,-1
172,7,931.16,237.12,103.62,140.21,1.0000,-1,-1,-1
172,10,148.52,485.15,131.05,170.82,1.0000,-1,-1,-1
172,13,361.64,539.55,71.18,168.15,1.0000,-1,-1,-1
172,22,1185.76,140.00,58.84,150.04,1.0000,-1,-1,-1
172,23,735.20,281.62,93.55,176.04,1.0000,-1,-1,-1
172,24,346.76,232.15,77.56,167.32,1.0000,-1,-1,-1
172,31,649.93,236.72,73.71,130.73,1.0000,-1,-1,-1
172,35,496.86,133.78,74.72,151.47,1.0000,-1,-1,-1
172,37,739.78,289.34,69.85,156.56,1.0000,-1,-1,-1
172,38,81.50,143.12,63.28,163.25,1.0000,-1,-1,-1
173,2,240.63,209.70,79.36,153.83,1.0000,-1,-1,-1
173,7,933.53,235.82,104.57,141.26,1.0000,-1,-1,-1
173,10,164.78,486.58,134.41,170.69,1.0000,-1,-1,-1
173,13,367.49,540.58,71.45,172.73,1.0000,-1,-1,-1
173,22,1193.99,139.30,57.69,152.04,1.0000,-1,-1,-1
173,23,736.95,277.54,93.38,184.59,1.0000,-1,-1,-1
173,24,346.63,233.50,79.92,168.32,1.0000,-1,-1,-1
173,31,650.56,238.12,72.33,127.41,1.0000,-1,-1,-1
173,35,504.68,133.22,74.08,151.93,1.0000,-1,-1,-1
173,37,742.14,288.61,70.02,156.94,1.0000,-1,-1,-1
173,38,85.10,143.60,64.25,165.52,1.0000,-1,-1,-1
174,7,929.05,232.63,106.70,140.98,1.0000,-1,-1,-1
174,10,170.57,488.14,134.74,171.11,1.0000,-1,-1,-1
174,13,371.62,540.90,70.57,175.08,1.0000,-1,-1,-1
174,22,1202.67,137.64,54.62,152.93,1.0000,-1,-1,-1
174,23,736.13,274.71,96.07,191.95,1.0000,-1,-1,-1
174,24,347.90,233.51,80.47,170.30,1.0000,-1,-1,-1
174,31,651.82,238.52,75.34,124.85,1.0000,-1,-1,-1
174,35,511.07,132.83,73.70,151.57,1.0000,-1,-1,-1
174,38,88.10,141.26,65.39,168.38,1.0000,-1,-1,-1
175,7,927.71,229.79,105.27,140.96,1.0000,-1,-1,-1
175,10,176.35,489.71,135.07,171.53,1.0000,-1,-1,-1
175,13,374.90,541.38,70.31,175.48,1.0000,-1,-1,-1
175,22,1209.41,137.98,51.17,152.77,1.0000,-1,-1,-1
175,23,731.08,273.12,101.60,200.69,1.0000,-1,-1,-1
175,24,346.45,234.00,81.07,172.88,1.0000,-1,-1,-1
175,31,651.10,241.33,78.88,128.18,1.0000,-1,-1,-1
175,35,516.59,129.23,73.73,152.78,1.0000,-1,-1,-1
175,38,91.61,140.44,65.01,170.68,1.0000,-1,-1,-1
176,7,925.56,226.92,101.81,141.34,1.0000,-1,-1,-1
176,10,182.14,491.28,135.41,171.95,1.0000,-1,-1,-1
176,13,378.22,542.84,70.39,174.90,1.0000,-1,-1,-1
176,22,1212.56,137.17,50.73,154.05,1.0000,-1,-1,-1
176,23,726.46,270.53,106.63,205.44,1.0000,-1,-1,-1
176,24,347.90,234.30,81.27,173.30,1.0000,-1,-1,-1
176,31,650.14,241.11,78.74,127.95,1.0000,-1,-1,-1
176,35,522.31,127.78,73.74,154.16,1.0000,-1,-1,-1
176,38,93.38,141.71,65.78,172.22,1.0000,-1,-1,-1
177,7,918.35,224.08,96.48,142.82,1.0000,-1,-1,-1
177,10,187.92,492.85,135.74,172.37,1.0000,-1,-1,-1
177,13,384.68,546.21,70.47,174.26,1.0000,-1,-1,-1
177,22,1220.42,136.66,49.94,155.19,1.0000,-1,-1,-1
177,23,723.55,270.76,106.97,206.08,1.0000,-1,-1,-1
177,24,356.34,233.83,80.12,177.58,1.0000,-1,-1,-1
177,31,649.17,240.89,78.59,127.72,1.0000,-1,-1,-1
177,35,533.56,125.60,73.14,154.01,1.0000,-1,-1,-1
177,38,99.01,143.92,63.53,171.53,1.0000,-1,-1,-1
178,7,916.38,221.49,92.45,145.24,1.0000,-1,-1,-1
178,10,193.71,494.42,136.07,172.79,1.0000,-1,-1,-1
178,13,388.14,548.41,71.11,173.64,1.0000,-1,-1,-1
178,22,1227.37,137.01,50.50,155.51,1.0000,-1,-1,-1
178,23,714.36,292.24,96.15,201.96,1.0000,-1,-1,-1
178,24,361.09,225.95,86.56,185.50,1.0000,-1,-1,-1
178,31,648.20,240.67,78.45,127.49,1.0000,-1,-1,-1
178,35,540.55,126.03,74.56,152.72,1.0000,-1,-1,-1
178,38,100.53,146.34,64.12,171.15,1.0000,-1,-1,-1
179,7,914.49,218.18,88.98,147.02,1.0000,-1,-1,-1
179,13,391.32,550.45,71.73,172.47,1.0000,-1,-1,-1
179,22,1228.94,137.34,51.35,155.40,1.0000,-1,-1,-1
179,23,713.20,298.70,89.73,199.63,1.0000,-1,-1,-1
179,24,366.22,222.12,96.00,190.75,1.0000,-1,-1,-1
179,31,647.23,240.45,78.31,127.25,1.0000,-1,-1,-1
179,35,545.64,128.94,76.47,150.33,1.0000,-1,-1,-1
179,38,106.08,147.76,62.67,170.27,1.0000,-1,-1,-1
179,40,615.28,251.03,92.95,150.29,1.0000,-1,-1,-1
180,7,911.12,215.41,86.47,148.26,1.0000,-1,-1,-1
180,13,395.91,551.86,71.41,171.31,1.0000,-1,-1,-1
180,22,1228.48,136.67,52.41,155.00,1.0000,-1,-1,-1
180,23,707.40,300.72,84.01,197.92,1.0000,-1,-1,-1
180,24,372.98,218.27,103.99,194.78,1.0000,-1,-1,-1
180,31,646.27,240.23,78.16,127.02,1.0000,-1,-1,-1
180,35,551.42,129.47,80.69,149.98,1.0000,-1,-1,-1
180,38,109.68,148.37,63.01,171.18,1.0000,-1,-1,-1
180,40,606.42,257.46,95.92,153.49,1.0000,-1,-1,-1
181,7,905.40,213.10,82.88,147.96,1.0000,-1,-1,-1
181,13,400.30,553.79,71.16,169.70,1.0000,-1,-1,-1
181,22,1226.00,136.89,54.25,153.74,1.0000,-1,-1,-1
181,23,704.23,301.78,82.40,197.28,1.0000,-1,-1,-1
181,24,366.27,221.89,95.36,192.84,1.0000,-1,-1,-1
181,35,556.25,131.47,85.11,148.87,1.0000,-1,-1,-1
181,38,113.29,148.99,63.34,172.09,1.0000,-1,-1,-1
181,40,599.45,262.58,98.76,157.27,1.0000,-1,-1,-1
182,7,897.77,212.68,79.10,147.96,1.0000,-1,-1,-1
182,13,408.17,555.42,70.33,168.12,1.0000,-1,-1,-1
182,22,1223.78,135.76,56.05,152.54,1.0000,-1,-1,-1
182,23,697.78,299.42,80.30,198.87,1.0000,-1,-1,-1
182,24,373.22,223.42,86.37,189.64,1.0000,-1,-1,-1
182,35,563.26,134.75,88.74,148.74,1.0000,-1,-1,-1
182,38,116.89,149.61,63.67,172.99,1.0000,-1,-1,-1
182,40,595.42,266.13,98.09,159.07,1.0000,-1,-1,-1
183,7,889.70,213.66,81.65,147.75,1.0000,-1,-1,-1
183,13,415.03,556.88,68.82,166.59,1.0000,-1,-1,-1
183,22,1227.21,135.74,56.12,152.72,1.0000,-1,-1,-1
183,23,684.81,297.08,85.42,199.55,1.0000,-1,-1,-1
183,24,378.24,225.05,81.45,185.78,1.0000,-1,-1,-1
183,35,568.04,137.34,92.40,148.27,1.0000,-1,-1,-1
183,38,120.49,150.23,64.00,173.88,1.0000,-1,-1,-1
183,40,595.43,268.33,96.78,160.01,1.0000,-1,-1,-1
184,7,877.43,217.47,88.68,144.83,1.0000,-1,-1,-1
184,13,418.77,559.08,68.95,166.89,1.0000,-1,-1,-1
184,22,1230.65,135.72,56.19,152.91,1.0000,-1,-1,-1
184,23,682.62,296.82,86.18,201.56,1.0000,-1,-1,-1
184,24,384.35,225.80,78.51,181.76,1.0000,-1,-1,-1
184,35,572.61,138.39,94.85,148.74,1.0000,-1,-1,-1
184,38,124.10,150.85,64.33,174.78,1.0000,-1,-1,-1
184,40,598.92,270.07,92.16,158.90,1.0000,-1,-1,-1
184,44,431.24,225.21,108.40,159.17,1.0000,-1,-1,-1
185,7,866.44,220.51,97.01,141.60,1.0000,-1,-1,-1
185,13,422.51,561.27,69.07,167.19,1.0000,-1,-1,-1
185,22,1234.08,135.69,56.26,153.09,1.0000,-1,-1,-1
185,23,677.22,297.03,88.07,201.75,1.0000,-1,-1,-1
185,24,389.45,226.92,77.74,178.28,1.0000,-1,-1,-1
185,35,575.68,139.26,95.51,148.99,1.0000,-1,-1,-1
185,38,137.15,150.63,60.98,173.08,1.0000,-1,-1,-1
185,40,603.50,271.56,87.78,158.05,1.0000,-1,-1,-1
185,42,353.81,376.66,75.72,152.93,1.0000,-1,-1,-1
185,44,440.48,226.94,107.46,154.39,1.0000,-1,-1,-1
185,45,742.58,261.94,69.57,128.89,1.0000,-1,-1,-1
186,7,862.10,218.95,97.14,141.80,1.0000,-1,-1,-1
186,13,426.24,563.47,69.20,167.49,1.0000,-1,-1,-1
186,22,1237.51,135.67,56.33,153.28,1.0000,-1,-1,-1
186,23,678.79,298.57,84.01,200.23,1.0000,-1,-1,-1
186,24,394.50,227.55,76.84,175.36,1.0000,-1,-1,-1
186,35,578.92,137.55,95.64,149.65,1.0000,-1,-1,-1
186,38,141.47,151.28,61.15,173.56,1.0000,-1,-1,-1
186,40,608.32,272.05,84.34,158.42,1.0000,-1,-1,-1
186,42,363.54,367.42,84.46,160.81,1.0000,-1,-1,-1
186,44,439.49,227.91,114.58,159.81,1.0000,-1,-1,-1
186,45,735.70,262.24,64.63,126.78,1.0000,-1,-1,-1
187,7,857.77,217.38,97.28,142.00,1.0000,-1,-1,-1
187,13,429.98,565.66,69.32,167.79,1.0000,-1,-1,-1
187,22,1240.94,135.64,56.40,153.47,1.0000,-1,-1,-1
187,23,676.50,298.59,80.35,194.10,1.0000,-1,-1,-1
187,24,397.52,227.24,76.98,175.69,1.0000,-1,-1,-1
187,35,590.08,138.72,93.87,149.30,1.0000,-1,-1,-1
187,38,149.51,152.37,61.55,172.88,1.0000,-1,-1,-1
187,40,611.88,271.65,81.65,159.92,1.0000,-1,-1,-1
187,42,371.74,364.91,86.01,164.61,1.0000,-1,-1,-1
187,44,442.76,228.98,119.71,163.00,1.0000,-1,-1,-1
187,45,731.40,262.88,61.44,124.93,1.0000,-1,-1,-1
187,46,856.27,238.88,75.03,109.49,1.0000,-1,-1,-1
188,7,853.43,215.81,97.42,142.20,1.0000,-1,-1,-1
188,13,433.72,567.86,69.44,168.09,1.0000,-1,-1,-1
188,23,672.29,306.59,79.49,193.26,1.0000,-1,-1,-1
188,24,400.54,226.93,77.12,176.01,1.0000,-1,-1,-1
188,35,598.99,137.78,90.67,150.04,1.0000,-1,-1,-1
188,38,154.17,153.02,61.72,173.34,1.0000,-1,-1,-1
188,40,612.12,273.68,80.30,162.39,1.0000,-1,-1,-1
188,42,380.52,366.61,87.14,167.91,1.0000,-1,-1,-1
188,44,447.05,228.91,120.86,162.73,1.0000,-1,-1,-1
188,45,727.45,266.48,60.62,129.58,1.0000,-1,-1,-1
188,46,857.92,247.51,68.54,100.01,1.0000,-1,-1,-1
189,7,849.54,232.19,94.79,133.03,1.0000,-1,-1,-1
189,23,663.91,310.42,80.60,191.26,1.0000,-1,-1,-1
189,24,415.04,228.73,75.66,168.23,1.0000,-1,-1,-1
189,35,606.43,137.31,88.51,150.26,1.0000,-1,-1,-1
189,38,160.79,154.64,62.21,173.83,1.0000,-1,-1,-1
189,40,610.90,277.02,81.07,165.75,1.0000,-1,-1,-1
189,42,387.60,369.56,86.37,172.34,1.0000,-1,-1,-1
189,44,449.63,228.17,121.70,160.62,1.0000,-1,-1,-1
189,45,722.00,269.90,58.30,124.63,1.0000,-1,-1,-1
189,46,859.92,256.64,61.36,89.54,1.0000,-1,-1,-1
190,7,844.13,235.67,95.50,129.89,1.0000,-1,-1,-1
190,23,656.83,313.15,81.86,190.22,1.0000,-1,-1,-1
190,24,420.35,230.00,76.22,160.98,1.0000,-1,-1,-1
190,35,611.97,138.02,87.48,149.82,1.0000,-1,-1,-1
190,38,165.64,155.36,62.39,174.31,1.0000,-1,-1,-1
190,40,608.79,280.15,82.81,168.85,1.0000,-1,-1,-1
190,42,392.34,371.10,87.27,175.94,1.0000,-1,-1,-1
190,44,461.12,229.14,115.72,156.90,1.0000,-1,-1,-1
190,45,716.59,273.43,55.89,119.48,1.0000,-1,-1,-1
190,46,862.39,266.47,53.22,77.66,1.0000,-1,-1,-1
191,7,840.43,236.73,95.80,127.86,1.0000,-1,-1,-1
191,23,651.87,314.68,85.32,190.58,1.0000,-1,-1,-1
191,24,426.08,231.48,76.26,155.57,1.0000,-1,-1,-1
191,35,617.83,137.85,87.93,150.59,1.0000,-1,-1,-1
191,38,170.49,156.08,62.56,174.79,1.0000,-1,-1,-1
191,40,606.19,285.03,82.11,171.07,1.0000,-1,-1,-1
191,42,399.89,371.62,86.30,172.00,1.0000,-1,-1,-1
191,44,464.76,229.23,115.11,156.96,1.0000,-1,-1,-1
191,45,711.24,277.07,53.37,114.09,1.0000,-1,-1,-1
191,46,865.62,277.39,43.59,63.60,1.0000,-1,-1,-1
192,7,838.36,237.04,96.57,127.62,1.0000,-1,-1,-1
192,23,636.35,315.22,97.85,191.67,1.0000,-1,-1,-1
192,24,432.60,232.73,75.86,150.76,1.0000,-1,-1,-1
192,35,623.05,147.19,86.89,146.65,1.0000,-1,-1,-1
192,38,178.17,155.90,62.23,176.18,1.0000,-1,-1,-1
192,40,604.17,288.04,82.93,172.79,1.0000,-1,-1,-1
192,42,404.62,377.56,87.65,176.87,1.0000,-1,-1,-1
192,44,470.67,230.10,112.44,156.41,1.0000,-1,-1,-1
192,45,710.88,270.24,66.92,144.32,1.0000,-1,-1,-1
192,46,870.26,290.39,31.11,45.39,1.0000,-1,-1,-1
193,7,838.48,236.23,96.99,128.74,1.0000,-1,-1,-1
193,23,627.91,314.36,106.41,193.53,1.0000,-1,-1,-1
193,24,437.02,232.06,75.93,150.90,1.0000,-1,-1,-1
193,35,627.61,149.94,87.09,143.97,1.0000,-1,-1,-1
193,38,183.24,156.60,62.40,176.65,1.0000,-1,-1,-1
193,40,602.16,291.06,83.75,174.48,1.0000,-1,-1,-1
193,42,407.98,377.03,88.02,177.48,1.0000,-1,-1,-1
193,44,474.70,231.43,109.14,155.71,1.0000,-1,-1,-1
193,45,710.90,268.70,68.48,147.85,1.0000,-1,-1,-1
194,7,840.17,234.15,96.70,130.28,1.0000,-1,-1,-1
194,23,622.76,315.60,106.67,194.01,1.0000,-1,-1,-1
194,24,441.43,231.38,76.00,151.04,1.0000,-1,-1,-1
194,35,631.85,150.30,87.56,143.47,1.0000,-1,-1,-1
194,38,188.30,157.29,62.56,177.12,1.0000,-1,-1,-1
194,40,600.15,294.09,84.55,176.16,1.0000,-1,-1,-1
194,42,412.11,375.60,87.48,177.28,1.0000,-1,-1,-1
194,44,476.70,231.82,106.63,156.31,1.0000,-1,-1,-1
194,45,709.46,265.11,71.97,144.96,1.0000,-1,-1,-1
195,7,842.53,232.33,96.07,132.57,1.0000,-1,-1,-1
195,23,608.85,309.99,102.14,199.00,1.0000,-1,-1,-1
195,24,445.85,230.71,76.07,151.17,1.0000,-1,-1,-1
195,35,634.39,149.98,86.95,143.74,1.0000,-1,-1,-1
195,38,193.37,157.98,62.73,177.59,1.0000,-1,-1,-1
195,40,598.14,297.12,85.35,177.83,1.0000,-1,-1,-1
195,42,415.82,378.96,86.21,175.74,1.0000,-1,-1,-1
195,44,479.94,232.04,103.50,156.51,1.0000,-1,-1,-1
195,45,708.57,262.71,76.12,141.47,1.0000,-1,-1,-1
196,7,846.08,230.86,94.47,134.40,1.0000,-1,-1,-1
196,23,602.82,307.60,99.88,202.15,1.0000,-1,-1,-1
196,24,450.27,230.03,76.14,151.31,1.0000,-1,-1,-1
196,35,637.75,150.50,87.47,143.60,1.0000,-1,-1,-1
196,38,190.29,156.49,66.36,175.94,1.0000,-1,-1,-1
196,40,596.14,300.16,86.14,179.47,1.0000,-1,-1,-1
196,42,418.71,383.03,86.67,174.92,1.0000,-1,-1,-1
196,44,480.38,231.65,101.86,157.30,1.0000,-1,-1,-1
196,45,711.06,260.99,80.88,139.24,1.0000,-1,-1,-1
197,7,852.31,227.51,94.27,137.25,1.0000,-1,-1,-1
197,23,602.38,304.60,98.84,203.27,1.0000,-1,-1,-1
197,24,454.68,229.36,76.20,151.45,1.0000,-1,-1,-1
197,35,645.75,149.18,88.32,144.31,1.0000,-1,-1,-1
197,38,201.99,159.02,64.46,174.60,1.0000,-1,-1,-1
197,42,426.55,391.45,91.26,170.42,1.0000,-1,-1,-1
197,44,495.76,230.01,94.07,156.38,1.0000,-1,-1,-1
197,45,716.66,258.96,88.56,139.78,1.0000,-1,-1,-1
198,7,858.70,224.34,95.31,140.85,1.0000,-1,-1,-1
198,23,602.87,303.10,97.95,205.44,1.0000,-1,-1,-1
198,35,652.03,150.82,90.29,142.82,1.0000,-1,-1,-1
198,38,206.81,158.75,64.38,174.25,1.0000,-1,-1,-1
198,42,432.63,393.21,98.07,168.69,1.0000,-1,-1,-1
198,44,503.58,228.22,88.98,155.94,1.0000,-1,-1,-1
198,45,719.06,256.45,94.49,140.84,1.0000,-1,-1,-1
198,47,561.40,464.87,76.98,181.45,1.0000,-1,-1,-1
199,7,862.69,223.29,96.93,143.08,1.0000,-1,-1,-1
199,23,602.09,301.53,95.39,207.06,1.0000,-1,-1,-1
199,35,658.26,152.82,92.21,141.04,1.0000,-1,-1,-1
199,38,212.09,156.54,63.63,172.07,1.0000,-1,-1,-1
199,42,435.38,395.66,103.55,166.08,1.0000,-1,-1,-1
199,44,508.53,227.29,85.28,155.87,1.0000,-1,-1,-1
199,45,722.95,253.46,97.19,140.38,1.0000,-1,-1,-1
199,47,571.57,460.57,76.53,170.30,1.0000,-1,-1,-1
200,7,861.88,224.95,102.10,143.02,1.0000,-1,-1,-1
200,23,598.32,298.20,90.59,205.98,1.0000,-1,-1,-1
200,35,663.84,155.97,96.83,138.41,1.0000,-1,-1,-1
200,38,216.08,155.54,63.11,169.97,1.0000,-1,-1,-1
200,42,438.36,395.52,107.55,165.28,1.0000,-1,-1,-1
200,44,513.54,227.58,82.53,156.36,1.0000,-1,-1,-1
200,45,727.31,251.48,101.11,138.88,1.0000,-1,-1,-1
200,47,582.02,456.65,75.24,165.43,1.0000,-1,-1,-1
201,7,860.65,223.68,106.94,144.15,1.0000,-1,-1,-1
201,23,595.88,297.29,84.60,204.09,1.0000,-1,-1,-1
201,35,667.87,158.53,101.79,136.55,1.0000,-1,-1,-1
201,38,221.01,155.49,63.21,170.24,1.0000,-1,-1,-1
201,42,441.39,396.21,110.81,164.45,1.0000,-1,-1,-1
201,44,518.23,227.95,79.02,155.68,1.0000,-1,-1,-1
201,45,731.70,252.08,105.29,136.82,1.0000,-1,-1,-1
201,47,594.87,451.99,74.48,163.77,1.0000,-1,-1,-1
202,7,861.61,223.15,110.38,145.53,1.0000,-1,-1,-1
202,23,587.98,295.33,83.48,201.37,1.0000,-1,-1,-1
202,35,677.34,158.53,112.14,137.12,1.0000,-1,-1,-1
202,38,225.52,153.19,63.95,167.32,1.0000,-1,-1,-1
202,42,454.66,395.69,113.20,164.28,1.0000,-1,-1,-1
202,44,522.83,228.80,78.21,154.09,1.0000,-1,-1,-1
202,45,740.63,253.81,107.60,136.01,1.0000,-1,-1,-1
202,47,607.73,447.34,73.73,162.11,1.0000,-1,-1,-1
203,7,861.82,222.73,110.57,145.79,1.0000,-1,-1,-1
203,23,585.65,295.92,83.36,200.98,1.0000,-1,-1,-1
203,35,680.17,156.74,114.25,138.44,1.0000,-1,-1,-1
203,38,230.45,152.82,64.04,167.57,1.0000,-1,-1,-1
203,42,472.36,394.86,120.44,164.81,1.0000,-1,-1,-1
203,44,527.43,229.67,77.40,152.48,1.0000,-1,-1,-1
203,45,745.08,255.75,109.68,134.45,1.0000,-1,-1,-1
203,47,620.12,462.94,74.25,154.50,1.0000,-1,-1,-1
204,7,859.82,214.73,97.71,140.83,1.0000,-1,-1,-1
204,23,590.03,297.39,79.97,201.09,1.0000,-1,-1,-1
204,35,691.69,156.47,112.21,139.13,1.0000,-1,-1,-1
204,38,235.38,152.45,64.13,167.81,1.0000,-1,-1,-1
204,42,485.08,393.32,118.18,165.44,1.0000,-1,-1,-1
204,44,532.03,230.54,76.57,150.85,1.0000,-1,-1,-1
204,45,750.13,257.32,111.11,132.86,1.0000,-1,-1,-1
204,47,630.66,467.71,74.83,149.91,1.0000,-1,-1,-1
204,49,502.53,571.67,66.88,148.86,1.0000,-1,-1,-1
205,7,859.31,213.46,97.83,141.00,1.0000,-1,-1,-1
205,23,588.12,299.51,77.85,200.58,1.0000,-1,-1,-1
205,35,706.70,156.27,107.73,140.18,1.0000,-1,-1,-1
205,38,240.31,152.08,64.23,168.05,1.0000,-1,-1,-1
205,42,500.66,391.93,111.21,165.75,1.0000,-1,-1,-1
205,44,536.64,231.42,75.74,149.21,1.0000,-1,-1,-1
205,45,753.04,258.61,111.73,131.49,1.0000,-1,-1,-1
205,47,641.39,470.46,75.30,146.54,1.0000,-1,-1,-1
205,49,506.84,572.37,65.10,147.38,1.0000,-1,-1,-1
206,7,858.79,212.20,97.95,141.16,1.0000,-1,-1,-1
206,23,591.11,301.91,76.40,200.19,1.0000,-1,-1,-1
206,35,722.21,156.88,100.69,140.14,1.0000,-1,-1,-1
206,38,240.50,154.74,63.12,165.74,1.0000,-1,-1,-1
206,42,509.09,391.93,112.00,166.93,1.0000,-1,-1,-1
206,44,541.25,232.32,74.89,147.55,1.0000,-1,-1,-1
206,45,756.67,264.67,111.58,127.31,1.0000,-1,-1,-1
206,47,651.82,473.90,74.47,144.17,1.0000,-1,-1,-1
206,49,511.56,571.94,63.54,146.96,1.0000,-1,-1,-1
207,7,873.57,223.64,95.99,142.21,1.0000,-1,-1,-1
207,23,568.40,311.90,85.64,216.53,1.0000,-1,-1,-1
207,35,748.44,156.39,90.68,139.58,1.0000,-1,-1,-1
207,38,245.02,154.55,63.18,165.90,1.0000,-1,-1,-1
207,42,517.51,391.94,112.78,168.10,1.0000,-1,-1,-1
207,45,757.21,262.77,115.71,126.89,1.0000,-1,-1,-1
207,47,666.17,476.47,74.53,142.30,1.0000,-1,-1,-1
207,49,514.94,572.49,63.09,145.92,1.0000,-1,-1,-1
208,7,877.15,221.48,94.82,145.12,1.0000,-1,-1,-1
208,23,563.38,313.52,85.79,216.92,1.0000,-1,-1,-1
208,35,766.33,153.94,82.55,137.53,1.0000,-1,-1,-1
208,38,249.54,154.36,63.24,166.06,1.0000,-1,-1,-1
208,42,525.94,391.96,113.57,169.26,1.0000,-1,-1,-1
208,45,759.36,261.24,117.64,127.01,1.0000,-1,-1,-1
208,47,674.33,477.44,74.92,141.71,1.0000,-1,-1,-1
208,49,518.33,573.04,62.64,144.87,1.0000,-1,-1,-1
209,7,878.58,221.48,94.29,145.88,1.0000,-1,-1,-1
209,23,551.14,305.90,90.89,208.44,1.0000,-1,-1,-1
209,35,781.87,154.64,75.98,134.32,1.0000,-1,-1,-1
209,38,254.06,154.17,63.30,166.23,1.0000,-1,-1,-1
209,42,534.37,391.97,114.34,170.42,1.0000,-1,-1,-1
209,45,759.34,263.14,120.12,125.95,1.0000,-1,-1,-1
209,47,681.61,476.34,74.43,142.16,1.0000,-1,-1,-1
209,49,521.72,573.59,62.18,143.81,1.0000,-1,-1,-1
210,7,881.36,222.27,93.26,145.82,1.0000,-1,-1,-1
210,23,542.19,306.81,97.74,202.24,1.0000,-1,-1,-1
210,35,794.27,159.37,73.45,136.08,1.0000,-1,-1,-1
210,38,258.58,153.98,63.37,166.39,1.0000,-1,-1,-1
210,42,578.66,387.27,108.51,170.25,1.0000,-1,-1,-1
210,45,759.73,258.94,121.92,128.49,1.0000,-1,-1,-1
210,47,686.00,474.40,74.93,143.25,1.0000,-1,-1,-1
210,49,525.11,574.15,61.72,142.75,1.0000,-1,-1,-1
211,7,883.66,219.80,92.45,148.04,1.0000,-1,-1,-1
211,23,534.71,306.59,103.74,198.98,1.0000,-1,-1,-1
211,35,805.57,162.94,73.29,140.87,1.0000,-1,-1,-1
211,38,263.10,153.79,63.43,166.55,1.0000,-1,-1,-1
211,42,585.05,386.82,108.91,169.78,1.0000,-1,-1,-1
211,45,760.93,255.90,122.56,130.48,1.0000,-1,-1,-1
211,47,689.60,470.63,75.37,146.03,1.0000,-1,-1,-1
211,49,528.50,574.71,61.26,141.68,1.0000,-1,-1,-1
212,7,884.74,219.58,92.55,148.20,1.0000,-1,-1,-1
212,23,529.31,306.56,103.96,199.40,1.0000,-1,-1,-1
212,35,821.02,168.06,76.08,142.57,1.0000,-1,-1,-1
212,42,607.56,391.04,101.59,169.49,1.0000,-1,-1,-1
212,45,762.19,249.97,120.14,133.20,1.0000,-1,-1,-1
212,47,696.99,464.86,76.11,150.43,1.0000,-1,-1,-1
213,7,897.38,168.95,89.92,172.50,1.0000,-1,-1,-1
213,23,529.97,308.52,104.19,197.68,1.0000,-1,-1,-1
213,35,831.54,169.30,76.27,142.93,1.0000,-1,-1,-1
213,42,618.93,391.08,102.09,170.33,1.0000,-1,-1,-1
213,45,760.64,245.46,115.60,136.12,1.0000,-1,-1,-1
213,47,700.45,461.08,77.19,154.19,1.0000,-1,-1,-1
214,7,906.41,153.36,84.58,188.43,1.0000,-1,-1,-1
214,23,529.59,306.99,103.97,198.72,1.0000,-1,-1,-1
214,35,842.05,170.55,76.47,143.30,1.0000,-1,-1,-1
214,42,627.04,393.60,92.53,165.26,1.0000,-1,-1,-1
214,45,759.10,243.03,109.71,138.31,1.0000,-1,-1,-1
214,47,703.07,458.93,77.97,156.88,1.0000,-1,-1,-1
215,7,908.74,149.36,84.72,188.73,1.0000,-1,-1,-1
215,23,526.06,307.95,101.42,198.36,1.0000,-1,-1,-1
215,35,837.09,174.49,79.71,142.90,1.0000,-1,-1,-1
215,42,636.78,393.71,83.92,159.60,1.0000,-1,-1,-1
215,45,759.84,240.40,101.45,140.10,1.0000,-1,-1,-1
215,47,704.46,456.46,78.78,159.73,1.0000,-1,-1,-1
216,7,916.50,203.68,80.07,170.17,1.0000,-1,-1,-1
216,23,522.60,301.90,95.79,201.33,1.0000,-1,-1,-1
216,35,837.77,174.50,81.76,143.17,1.0000,-1,-1,-1
216,42,646.87,394.97,76.81,155.01,1.0000,-1,-1,-1
216,45,758.23,238.80,95.34,141.37,1.0000,-1,-1,-1
216,47,708.15,455.42,80.17,162.19,1.0000,-1,-1,-1
217,7,919.13,203.98,80.15,170.33,1.0000,-1,-1,-1
217,23,507.60,297.62,93.09,203.71,1.0000,-1,-1,-1
217,35,839.42,172.73,82.58,144.73,1.0000,-1,-1,-1
217,42,659.35,397.61,70.69,148.75,1.0000,-1,-1,-1
217,45,754.31,237.06,90.33,141.06,1.0000,-1,-1,-1
217,47,715.99,454.15,80.00,161.86,1.0000,-1,-1,-1
218,7,921.76,204.28,80.23,170.50,1.0000,-1,-1,-1
218,23,500.99,296.56,89.73,204.86,1.0000,-1,-1,-1
218,35,844.29,172.03,80.57,145.37,1.0000,-1,-1,-1
218,42,668.26,400.07,66.60,143.32,1.0000,-1,-1,-1
218,45,751.90,237.27,91.67,140.26,1.0000,-1,-1,-1
218,47,714.00,456.03,81.14,163.37,1.0000,-1,-1,-1
219,7,924.38,204.59,80.30,170.67,1.0000,-1,-1,-1
219,23,499.12,297.92,86.24,205.16,1.0000,-1,-1,-1
219,35,849.64,170.93,77.18,146.43,1.0000,-1,-1,-1
219,42,673.60,400.38,62.54,138.38,1.0000,-1,-1,-1
219,45,742.87,238.05,92.96,139.47,1.0000,-1,-1,-1
219,47,715.00,455.08,82.05,165.07,1.0000,-1,-1,-1
220,7,927.01,204.89,80.38,170.84,1.0000,-1,-1,-1
220,23,499.82,298.83,81.73,205.46,1.0000,-1,-1,-1
220,35,853.48,168.91,74.17,147.85,1.0000,-1,-1,-1
220,42,676.59,400.29,59.52,133.59,1.0000,-1,-1,-1
220,45,733.38,238.13,97.73,138.92,1.0000,-1,-1,-1
220,47,721.50,454.17,81.97,164.91,1.0000,-1,-1,-1
221,7,929.64,205.20,80.46,171.01,1.0000,-1,-1,-1
221,23,496.86,299.78,78.10,205.86,1.0000,-1,-1,-1
221,35,856.00,168.34,70.97,149.55,1.0000,-1,-1,-1
221,42,685.21,400.24,59.18,132.81,1.0000,-1,-1,-1
221,45,725.67,237.71,103.25,138.33,1.0000,-1,-1,-1
221,47,717.12,452.77,80.73,166.62,1.0000,-1,-1,-1
221,52,1222.26,126.38,55.68,157.30,1.0000,-1,-1,-1
222,7,964.35,211.66,68.14,167.07,1.0000,-1,-1,-1
222,23,480.74,303.63,82.17,205.46,1.0000,-1,-1,-1
222,35,857.54,169.58,67.42,150.58,1.0000,-1,-1,-1
222,42,679.08,397.15,58.87,136.29,1.0000,-1,-1,-1
222,45,719.50,235.82,108.23,139.58,1.0000,-1,-1,-1
222,47,720.52,450.70,77.71,168.10,1.0000,-1,-1,-1
222,52,1211.15,127.23,63.58,158.60,1.0000,-1,-1,-1
223,7,974.39,213.07,63.93,165.18,1.0000,-1,-1,-1
223,23,470.30,307.94,93.44,204.23,1.0000,-1,-1,-1
223,35,859.75,170.71,64.83,151.55,1.0000,-1,-1,-1
223,42,677.06,392.84,61.11,140.69,1.0000,-1,-1,-1
223,45,714.28,234.10,109.52,140.76,1.0000,-1,-1,-1
223,47,723.67,450.65,75.40,168.80,1.0000,-1,-1,-1
223,52,1204.06,127.57,70.06,158.36,1.0000,-1,-1,-1
224,7,982.20,219.21,64.49,162.15,1.0000,-1,-1,-1
224,23,454.56,310.73,100.53,203.35,1.0000,-1,-1,-1
224,35,861.81,171.21,63.77,152.21,1.0000,-1,-1,-1
224,42,683.64,392.48,60.86,140.11,1.0000,-1,-1,-1
224,45,708.89,233.26,107.34,141.80,1.0000,-1,-1,-1
224,47,724.13,451.42,75.11,169.56,1.0000,-1,-1,-1
224,52,1202.38,127.59,70.47,159.30,1.0000,-1,-1,-1
224,54,589.45,213.40,75.93,158.81,1.0000,-1,-1,-1
224,55,537.54,220.45,64.84,139.06,1.0000,-1,-1,-1
225,7,988.39,221.97,66.21,162.14,1.0000,-1,-1,-1
225,23,440.78,313.36,110.27,202.42,1.0000,-1,-1,-1
225,35,864.33,173.50,64.54,152.39,1.0000,-1,-1,-1
225,42,690.22,392.11,60.61,139.53,1.0000,-1,-1,-1
225,45,703.80,234.34,102.28,144.33,1.0000,-1,-1,-1
225,47,725.96,452.75,74.43,169.17,1.0000,-1,-1,-1
225,52,1200.70,127.62,70.89,160.24,1.0000,-1,-1,-1
225,54,589.63,210.25,76.50,163.61,1.0000,-1,-1,-1
225,55,537.60,221.65,63.72,135.45,1.0000,-1,-1,-1
225,56,1019.96,143.87,73.16,169.64,1.0000,-1,-1,-1
226,7,993.69,223.16,66.21,162.12,1.0000,-1,-1,-1
226,23,423.40,316.07,113.53,201.49,1.0000,-1,-1,-1
226,35,866.83,176.74,67.07,153.66,1.0000,-1,-1,-1
226,42,696.79,391.75,60.36,138.95,1.0000,-1,-1,-1
226,45,693.83,235.08,99.02,146.21,1.0000,-1,-1,-1
226,47,727.89,454.34,73.22,167.91,1.0000,-1,-1,-1
226,52,1194.53,125.73,78.75,161.79,1.0000,-1,-1,-1
226,54,590.07,204.20,78.16,171.14,1.0000,-1,-1,-1
226,55,536.51,221.48,64.02,136.10,1.0000,-1,-1,-1
226,56,1024.62,142.34,77.19,177.21,1.0000,-1,-1,-1
227,7,1001.83,225.70,74.95,163.87,1.0000,-1,-1,-1
227,23,413.00,320.73,117.16,199.61,1.0000,-1,-1,-1
227,35,870.07,181.44,70.41,150.57,1.0000,-1,-1,-1
227,42,703.37,391.39,60.10,138.36,1.0000,-1,-1,-1
227,45,682.12,234.72,95.84,144.42,1.0000,-1,-1,-1
227,47,731.85,456.17,70.99,165.15,1.0000,-1,-1,-1
227,52,1194.33,125.18,81.76,163.22,1.0000,-1,-1,-1
227,54,589.11,198.30,79.20,177.70,1.0000,-1,-1,-1
227,55,535.42,221.32,64.33,136.75,1.0000,-1,-1,-1
227,56,1033.42,146.56,83.30,185.67,1.0000,-1,-1,-1
228,7,1003.31,210.29,82.35,176.26,1.0000,-1,-1,-1
228,23,405.02,321.98,121.10,197.72,1.0000,-1,-1,-1
228,35,871.58,185.50,73.20,151.31,1.0000,-1,-1,-1
228,42,709.95,391.03,59.85,137.77,1.0000,-1,-1,-1
228,45,674.58,235.90,91.68,142.72,1.0000,-1,-1,-1
228,47,734.82,457.17,70.02,162.63,1.0000,-1,-1,-1
228,52,1194.77,123.64,83.06,164.72,1.0000,-1,-1,-1
228,54,589.13,193.99,80.31,183.12,1.0000,-1,-1,-1
228,55,534.77,237.37,63.68,149.12,1.0000,-1,-1,-1
228,56,1040.74,147.29,87.07,194.08,1.0000,-1,-1,-1
229,7,1004.00,219.16,85.74,173.17,1.0000,-1,-1,-1
229,23,400.41,323.44,125.23,198.50,1.0000,-1,-1,-1
229,35,871.56,190.55,75.23,155.43,1.0000,-1,-1,-1
229,45,667.07,239.58,90.33,140.71,1.0000,-1,-1,-1
229,47,737.56,458.52,69.31,160.42,1.0000,-1,-1,-1
229,52,1195.85,124.86,83.13,165.26,1.0000,-1,-1,-1
229,54,589.03,190.94,80.60,187.36,1.0000,-1,-1,-1
229,55,533.47,241.42,64.37,150.74,1.0000,-1,-1,-1
229,56,1049.22,166.96,86.17,181.42,1.0000,-1,-1,-1
229,57,645.63,369.40,89.00,173.40,1.0000,-1,-1,-1
230,7,1005.64,221.63,87.83,172.54,1.0000,-1,-1,-1
230,23,396.63,323.51,128.47,198.73,1.0000,-1,-1,-1
230,35,871.62,192.21,76.09,158.37,1.0000,-1,-1,-1
230,45,655.88,243.57,91.35,140.36,1.0000,-1,-1,-1
230,47,740.17,461.00,68.31,158.23,1.0000,-1,-1,-1
230,52,1196.41,123.24,83.13,167.13,1.0000,-1,-1,-1
230,54,589.92,188.70,80.22,190.90,1.0000,-1,-1,-1
230,55,532.18,245.48,65.06,152.36,1.0000,-1,-1,-1
230,56,1057.01,171.27,88.51,186.34,1.0000,-1,-1,-1
230,57,642.51,371.64,87.46,170.61,1.0000,-1,-1,-1
231,7,1008.83,224.28,88.53,171.41,1.0000,-1,-1,-1
231,23,393.38,324.07,130.73,199.84,1.0000,-1,-1,-1
231,35,871.76,190.66,76.18,159.10,1.0000,-1,-1,-1
231,45,650.47,246.82,91.93,140.97,1.0000,-1,-1,-1
231,47,742.97,463.29,68.13,156.27,1.0000,-1,-1,-1
231,52,1196.14,122.55,80.31,168.41,1.0000,-1,-1,-1
231,54,589.72,189.21,79.80,193.66,1.0000,-1,-1,-1
231,55,530.90,249.54,65.74,153.95,1.0000,-1,-1,-1
231,56,1058.99,180.59,90.45,174.47,1.0000,-1,-1,-1
231,57,637.52,374.09,87.14,170.93,1.0000,-1,-1,-1
232,7,1013.90,225.40,88.64,171.63,1.0000,-1,-1,-1
232,23,383.15,324.16,121.52,200.85,1.0000,-1,-1,-1
232,35,870.81,188.07,74.96,158.78,1.0000,-1,-1,-1
232,45,650.06,246.67,90.61,140.32,1.0000,-1,-1,-1
232,47,746.30,466.79,67.88,154.42,1.0000,-1,-1,-1
232,52,1199.78,119.35,77.08,168.46,1.0000,-1,-1,-1
232,54,590.40,191.07,78.47,194.68,1.0000,-1,-1,-1
232,55,521.83,234.98,73.39,167.05,1.0000,-1,-1,-1
232,56,1066.12,185.13,92.19,177.83,1.0000,-1,-1,-1
232,57,629.77,375.11,83.51,170.39,1.0000,-1,-1,-1
233,7,1018.97,226.52,88.76,171.86,1.0000,-1,-1,-1
233,23,377.62,319.69,110.86,202.97,1.0000,-1,-1,-1
233,35,870.69,189.36,73.24,162.32,1.0000,-1,-1,-1
233,45,650.47,243.91,90.08,141.04,1.0000,-1,-1,-1
233,47,748.37,468.67,67.43,152.98,1.0000,-1,-1,-1
233,52,1201.15,116.96,75.96,169.10,1.0000,-1,-1,-1
233,54,590.11,192.87,77.57,195.12,1.0000,-1,-1,-1
233,55,521.81,233.69,73.94,169.27,1.0000,-1,-1,-1
233,56,1068.12,189.02,88.94,165.53,1.0000,-1,-1,-1
233,57,615.08,374.36,83.43,172.65,1.0000,-1,-1,-1
234,7,1024.04,227.64,88.87,172.08,1.0000,-1,-1,-1
234,23,375.46,316.84,101.30,204.86,1.0000,-1,-1,-1
234,35,869.86,188.79,71.27,165.74,1.0000,-1,-1,-1
234,45,650.39,240.65,89.73,142.96,1.0000,-1,-1,-1
234,47,750.24,471.25,66.58,152.35,1.0000,-1,-1,-1
234,52,1200.35,116.24,74.66,169.36,1.0000,-1,-1,-1
234,54,590.29,193.95,75.65,194.61,1.0000,-1,-1,-1
234,55,525.57,232.24,73.19,171.74,1.0000,-1,-1,-1
234,56,1069.61,191.78,88.99,161.29,1.0000,-1,-1,-1
234,57,606.68,372.61,84.82,175.52,1.0000,-1,-1,-1
235,7,1029.11,228.76,88.99,172.30,1.0000,-1,-1,-1
235,23,372.25,314.01,95.60,206.75,1.0000,-1,-1,-1
235,35,868.86,188.51,69.64,169.00,1.0000,-1,-1,-1
235,45,652.34,237.09,89.37,145.95,1.0000,-1,-1,-1
235,47,751.69,472.89,66.21,151.66,1.0000,-1,-1,-1
235,52,1199.67,115.47,75.06,170.26,1.0000,-1,-1,-1
235,54,590.06,195.08,73.93,193.45,1.0000,-1,-1,-1
235,55,518.40,228.82,77.74,175.96,1.0000,-1,-1,-1
235,56,1069.49,191.13,90.52,159.70,1.0000,-1,-1,-1
235,57,594.98,373.96,88.68,180.46,1.0000,-1,-1,-1
236,7,1034.18,229.89,89.11,172.53,1.0000,-1,-1,-1
236,23,368.40,311.21,92.24,208.13,1.0000,-1,-1,-1
236,35,866.48,188.81,68.48,171.54,1.0000,-1,-1,-1
236,45,652.93,234.53,88.63,148.59,1.0000,-1,-1,-1
236,47,753.30,474.61,65.67,151.08,1.0000,-1,-1,-1
236,52,1189.17,115.59,70.67,169.51,1.0000,-1,-1,-1
236,54,590.14,195.48,73.43,193.20,1.0000,-1,-1,-1
236,55,512.42,226.49,82.74,179.84,1.0000,-1,-1,-1
236,56,1074.79,194.33,91.27,161.02,1.0000,-1,-1,-1
236,57,581.54,372.73,95.48,186.38,1.0000,-1,-1,-1
237,7,1050.31,200.33,98.14,201.85,1.0000,-1,-1,-1
237,23,357.40,309.00,88.60,208.80,1.0000,-1,-1,-1
237,35,860.24,191.19,69.84,175.17,1.0000,-1,-1,-1
237,45,651.87,232.87,88.07,152.43,1.0000,-1,-1,-1
237,47,755.25,476.09,66.25,149.54,1.0000,-1,-1,-1
237,52,1175.19,114.05,76.70,171.35,1.0000,-1,-1,-1
237,54,589.37,195.01,73.07,193.57,1.0000,-1,-1,-1
237,55,507.23,224.81,87.16,182.82,1.0000,-1,-1,-1
237,56,1080.08,197.55,92.01,162.33,1.0000,-1,-1,-1
237,57,567.86,372.45,103.98,189.48,1.0000,-1,-1,-1
237,58,408.11,316.26,91.45,168.07,1.0000,-1,-1,-1
238,7,1056.48,200.17,98.34,202.27,1.0000,-1,-1,-1
238,23,350.56,309.02,88.12,208.95,1.0000,-1,-1,-1
238,35,854.26,193.88,72.73,177.50,1.0000,-1,-1,-1
238,45,652.61,231.79,86.60,155.59,1.0000,-1,-1,-1
238,47,756.09,476.95,66.97,148.65,1.0000,-1,-1,-1
238,52,1167.72,113.27,82.94,172.44,1.0000,-1,-1,-1
238,54,589.58,195.52,72.23,192.30,1.0000,-1,-1,-1
238,55,504.11,223.91,90.02,184.40,1.0000,-1,-1,-1
238,56,1085.38,200.77,92.75,163.63,1.0000,-1,-1,-1
238,57,560.41,372.44,109.52,191.57,1.0000,-1,-1,-1
238,58,400.94,316.39,95.77,172.38,1.0000,-1,-1,-1
239,7,1062.65,200.01,98.54,202.68,1.0000,-1,-1,-1
239,23,342.32,309.69,87.83,208.72,1.0000,-1,-1,-1
239,35,847.72,196.17,76.29,178.10,1.0000,-1,-1,-1
239,45,655.51,231.33,84.72,158.14,1.0000,-1,-1,-1
239,47,756.24,477.28,67.55,148.16,1.0000,-1,-1,-1
239,52,1162.38,114.24,88.12,171.51,1.0000,-1,-1,-1
239,54,589.64,196.24,71.88,191.08,1.0000,-1,-1,-1
239,55,502.03,223.59,91.15,185.24,1.0000,-1,-1,-1
239,56,1090.69,203.99,93.48,164.92,1.0000,-1,-1,-1
239,57,555.13,371.11,109.72,191.18,1.0000,-1,-1,-1
239,58,390.38,313.25,102.17,173.89,1.0000,-1,-1,-1
240,7,1064.76,234.88,86.97,195.51,1.0000,-1,-1,-1
240,23,334.60,310.58,87.20,208.31,1.0000,-1,-1,-1
240,35,842.98,196.93,79.74,178.94,1.0000,-1,-1,-1
240,45,657.79,231.50,83.62,160.68,1.0000,-1,-1,-1
240,47,756.01,477.33,68.22,148.22,1.0000,-1,-1,-1
240,52,1158.05,114.07,93.08,170.66,1.0000,-1,-1,-1
240,54,590.30,195.85,71.89,188.91,1.0000,-1,-1,-1
240,55,500.66,223.60,91.31,185.16,1.0000,-1,-1,-1
240,56,1095.99,207.22,94.20,166.20,1.0000,-1,-1,-1
240,57,551.85,368.88,106.04,189.86,1.0000,-1,-1,-1
240,58,388.59,312.24,103.53,172.58,1.0000,-1,-1,-1
241,7,1057.95,241.24,89.52,193.87,1.0000,-1,-1,-1
241,23,326.93,310.47,87.29,208.53,1.0000,-1,-1,-1
241,35,841.43,197.50,81.50,179.17,1.0000,-1,-1,-1
241,45,659.20,233.61,83.35,164.89,1.0000,-1,-1,-1
241,47,755.70,477.38,69.05,148.43,1.0000,-1,-1,-1
241,52,1155.48,114.71,96.19,169.46,1.0000,-1,-1,-1
241,54,591.44,194.66,72.32,185.93,1.0000,-1,-1,-1
241,55,499.54,223.65,91.30,185.14,1.0000,-1,-1,-1
241,57,550.03,364.77,100.95,189.51,1.0000,-1,-1,-1
241,58,385.60,312.38,105.79,169.50,1.0000,-1,-1,-1
242,7,1068.37,247.63,84.73,192.51,1.0000,-1,-1,-1
242,23,317.45,313.95,87.95,208.47,1.0000,-1,-1,-1
242,35,840.42,195.92,82.44,180.28,1.0000,-1,-1,-1
242,45,661.92,238.43,81.76,167.77,1.0000,-1,-1,-1
242,47,754.57,476.77,69.84,147.66,1.0000,-1,-1,-1
242,52,1152.51,114.91,96.95,168.56,1.0000,-1,-1,-1
242,54,592.95,192.79,74.86,185.94,1.0000,-1,-1,-1
242,55,499.62,223.31,91.09,185.17,1.0000,-1,-1,-1
242,57,547.56,359.26,93.12,188.53,1.0000,-1,-1,-1
242,58,380.52,310.40,105.95,168.87,1.0000,-1,-1,-1
243,7,1071.64,251.45,82.22,190.85,1.0000,-1,-1,-1
243,23,312.55,314.33,90.62,208.12,1.0000,-1,-1,-1
243,35,838.74,194.94,82.73,181.05,1.0000,-1,-1,-1
243,45,662.53,240.14,80.99,169.93,1.0000,-1,-1,-1
243,47,753.10,477.12,70.71,146.77,1.0000,-1,-1,-1
243,52,1149.63,114.03,95.05,168.29,1.0000,-1,-1,-1
243,54,592.63,190.92,78.09,188.07,1.0000,-1,-1,-1
243,55,500.10,223.02,91.16,185.15,1.0000,-1,-1,-1
243,57,547.35,358.67,86.94,187.26,1.0000,-1,-1,-1
243,58,375.50,309.43,108.20,169.44,1.0000,-1,-1,-1
244,7,1073.77,252.89,79.64,189.91,1.0000,-1,-1,-1
244,23,307.42,311.56,91.44,206.00,1.0000,-1,-1,-1
244,35,834.11,194.20,80.97,181.07,1.0000,-1,-1,-1
244,45,664.46,240.15,79.56,171.76,1.0000,-1,-1,-1
244,47,751.02,477.69,71.68,145.85,1.0000,-1,-1,-1
244,52,1147.54,115.17,91.84,166.96,1.0000,-1,-1,-1
244,54,591.06,187.61,81.49,188.99,1.0000,-1,-1,-1
244,55,500.81,222.83,90.54,185.06,1.0000,-1,-1,-1
244,57,548.00,357.36,82.40,186.95,1.0000,-1,-1,-1
244,58,369.74,307.17,110.06,172.35,1.0000,-1,-1,-1
244,59,1015.61,153.56,72.89,171.73,1.0000,-1,-1,-1
245,7,1075.01,253.03,77.71,189.44,1.0000,-1,-1,-1
245,23,304.35,309.60,90.55,204.66,1.0000,-1,-1,-1
245,35,827.55,194.16,81.17,180.53,1.0000,-1,-1,-1
245,45,664.45,239.48,79.05,173.27,1.0000,-1,-1,-1
245,47,748.84,478.30,72.28,145.20,1.0000,-1,-1,-1
245,52,1145.25,115.20,86.91,166.03,1.0000,-1,-1,-1
245,54,588.80,184.68,84.70,192.26,1.0000,-1,-1,-1
245,55,510.94,223.24,85.05,184.51,1.0000,-1,-1,-1
245,57,547.40,357.11,79.95,186.44,1.0000,-1,-1,-1
245,58,364.00,304.94,111.89,175.22,1.0000,-1,-1,-1
245,59,1006.59,146.77,82.55,179.70,1.0000,-1,-1,-1
246,7,1074.61,252.67,76.67,189.07,1.0000,-1,-1,-1
246,23,302.83,307.92,89.11,203.63,1.0000,-1,-1,-1
246,35,821.00,195.06,82.69,179.67,1.0000,-1,-1,-1
246,45,665.48,238.59,77.88,174.60,1.0000,-1,-1,-1
246,47,746.50,478.72,72.80,145.10,1.0000,-1,-1,-1
246,52,1142.88,114.67,81.36,166.04,1.0000,-1,-1,-1
246,54,587.39,181.35,86.84,191.75,1.0000,-1,-1,-1
246,55,514.64,223.25,81.53,184.02,1.0000,-1,-1,-1
246,57,546.36,357.52,78.61,185.39,1.0000,-1,-1,-1
246,58,356.73,311.38,105.51,180.16,1.0000,-1,-1,-1
246,59,995.33,141.77,90.55,180.17,1.0000,-1,-1,-1
247,7,1079.62,251.10,73.63,188.90,1.0000,-1,-1,-1
247,23,301.47,305.78,86.76,204.35,1.0000,-1,-1,-1
247,35,803.35,197.62,89.67,179.57,1.0000,-1,-1,-1
247,45,664.97,237.72,76.36,175.50,1.0000,-1,-1,-1
247,47,739.90,478.22,73.05,145.77,1.0000,-1,-1,-1
247,52,1137.96,114.64,73.39,165.57,1.0000,-1,-1,-1
247,54,585.19,181.58,86.89,191.33,1.0000,-1,-1,-1
247,55,512.86,222.78,81.49,184.19,1.0000,-1,-1,-1
247,57,541.14,356.58,79.09,186.64,1.0000,-1,-1,-1
247,58,352.77,307.77,102.34,181.01,1.0000,-1,-1,-1
247,59,975.45,138.75,98.54,177.93,1.0000,-1,-1,-1
248,7,1082.04,250.27,71.54,188.49,1.0000,-1,-1,-1
248,23,299.28,305.48,85.02,205.33,1.0000,-1,-1,-1
248,35,789.03,200.55,97.91,178.62,1.0000,-1,-1,-1
248,45,666.50,237.61,74.39,175.79,1.0000,-1,-1,-1
248,47,735.06,478.75,73.23,145.55,1.0000,-1,-1,-1
248,52,1135.53,113.24,67.45,165.79,1.0000,-1,-1,-1
248,54,583.32,183.32,85.83,185.78,1.0000,-1,-1,-1
248,55,503.30,221.80,86.09,183.50,1.0000,-1,-1,-1
248,57,539.09,355.12,78.62,187.13,1.0000,-1,-1,-1
248,58,352.00,304.56,99.80,179.35,1.0000,-1,-1,-1
248,59,966.07,137.64,99.19,174.96,1.0000,-1,-1,-1
249,7,1084.00,250.76,69.70,188.43,1.0000,-1,-1,-1
249,23,297.65,303.53,84.08,206.03,1.0000,-1,-1,-1
249,35,774.35,202.90,106.49,177.60,1.0000,-1,-1,-1
249,45,667.80,238.34,70.65,175.68,1.0000,-1,-1,-1
249,47,734.76,479.26,73.01,145.11,1.0000,-1,-1,-1
249,52,1130.70,111.59,63.42,166.64,1.0000,-1,-1,-1
249,54,580.74,187.62,83.38,181.81,1.0000,-1,-1,-1
249,55,502.04,221.30,86.86,185.15,1.0000,-1,-1,-1
249,57,536.11,354.83,80.19,187.84,1.0000,-1,-1,-1
249,58,350.93,303.70,97.75,177.23,1.0000,-1,-1,-1
249,59,958.41,135.60,96.22,173.01,1.0000,-1,-1,-1
250,7,1085.03,252.15,68.34,189.27,1.0000,-1,-1,-1
250,23,296.58,302.50,82.77,206.02,1.0000,-1,-1,-1
250,35,761.12,205.24,115.14,176.35,1.0000,-1,-1,-1
250,45,669.05,239.79,68.30,175.69,1.0000,-1,-1,-1
250,47,725.04,495.36,76.68,166.83,1.0000,-1,-1,-1
250,52,1125.59,111.12,60.72,167.34,1.0000,-1,-1,-1
250,54,578.81,189.86,81.13,176.82,1.0000,-1,-1,-1
250,55,495.23,220.69,89.41,184.10,1.0000,-1,-1,-1
250,57,535.20,355.42,81.75,188.32,1.0000,-1,-1,-1
250,58,350.54,304.11,94.84,174.73,1.0000,-1,-1,-1
250,59,949.63,134.32,91.18,171.54,1.0000,-1,-1,-1
251,7,1084.76,254.64,67.79,190.36,1.0000,-1,-1,-1
251,23,295.54,302.44,81.99,205.89,1.0000,-1,-1,-1
251,35,749.21,204.96,123.21,175.62,1.0000,-1,-1,-1
251,45,669.62,240.57,66.26,173.89,1.0000,-1,-1,-1
251,47,720.46,494.83,78.52,180.96,1.0000,-1,-1,-1
251,52,1118.05,110.79,60.39,168.19,1.0000,-1,-1,-1
251,54,578.24,190.74,79.63,173.83,1.0000,-1,-1,-1
251,55,491.91,220.41,91.27,183.37,1.0000,-1,-1,-1
251,57,535.08,354.50,83.17,188.61,1.0000,-1,-1,-1
251,58,345.85,303.05,95.26,175.50,1.0000,-1,-1,-1
251,59,941.12,135.03,84.74,169.44,1.0000,-1,-1,-1
252,7,1083.95,260.68,67.82,191.71,1.0000,-1,-1,-1
252,23,293.79,302.10,81.13,205.02,1.0000,-1,-1,-1
252,35,737.45,203.28,126.19,175.26,1.0000,-1,-1,-1
252,45,669.63,247.06,65.38,171.48,1.0000,-1,-1,-1
252,47,713.01,479.60,78.65,169.16,1.0000,-1,-1,-1
252,52,1101.92,109.14,63.71,169.50,1.0000,-1,-1,-1
252,54,578.03,191.68,78.26,171.07,1.0000,-1,-1,-1
252,55,488.31,220.54,93.47,182.85,1.0000,-1,-1,-1
252,57,532.40,351.67,84.16,189.59,1.0000,-1,-1,-1
252,58,347.95,302.22,87.54,172.46,1.0000,-1,-1,-1
252,59,923.47,135.19,77.57,167.50,1.0000,-1,-1,-1
253,7,1082.81,265.67,68.15,192.27,1.0000,-1,-1,-1
253,23,293.45,300.02,81.51,205.48,1.0000,-1,-1,-1
253,35,730.59,201.74,126.07,173.98,1.0000,-1,-1,-1
253,45,670.86,252.90,66.26,169.76,1.0000,-1,-1,-1
253,47,706.92,475.42,78.62,161.22,1.0000,-1,-1,-1
253,52,1092.22,108.76,66.08,170.09,1.0000,-1,-1,-1
253,54,577.01,194.23,77.85,167.24,1.0000,-1,-1,-1
253,55,486.43,219.86,94.26,184.39,1.0000,-1,-1,-1
253,57,530.50,350.10,84.62,190.67,1.0000,-1,-1,-1
253,58,348.97,301.12,82.05,170.46,1.0000,-1,-1,-1
253,59,915.40,136.79,72.57,165.44,1.0000,-1,-1,-1
254,7,1081.24,269.56,68.48,191.94,1.0000,-1,-1,-1
254,23,292.82,298.81,81.29,205.68,1.0000,-1,-1,-1
254,35,725.13,197.86,122.76,173.80,1.0000,-1,-1,-1
254,45,672.70,256.17,70.07,168.57,1.0000,-1,-1,-1
254,47,701.70,474.49,78.11,155.49,1.0000,-1,-1,-1
254,52,1087.30,108.61,67.41,169.99,1.0000,-1,-1,-1
254,54,574.89,196.38,78.39,163.70,1.0000,-1,-1,-1
254,55,484.64,220.51,94.30,181.99,1.0000,-1,-1,-1
254,57,529.91,350.47,84.25,191.20,1.0000,-1,-1,-1
254,58,346.94,299.83,79.46,169.87,1.0000,-1,-1,-1
254,59,906.97,130.22,71.92,169.00,1.0000,-1,-1,-1
255,7,1079.56,272.27,68.06,191.99,1.0000,-1,-1,-1
255,23,292.25,298.81,80.43,205.32,1.0000,-1,-1,-1
255,35,720.98,194.54,116.98,173.18,1.0000,-1,-1,-1
255,45,672.74,257.85,75.28,167.55,1.0000,-1,-1,-1
255,47,694.21,474.82,79.12,151.40,1.0000,-1,-1,-1
255,52,1083.44,108.00,68.33,169.95,1.0000,-1,-1,-1
255,54,573.85,196.63,79.53,161.04,1.0000,-1,-1,-1
255,55,483.33,221.62,94.64,180.06,1.0000,-1,-1,-1
255,57,529.21,351.24,84.91,191.52,1.0000,-1,-1,-1
255,58,346.71,298.82,77.46,168.24,1.0000,-1,-1,-1
255,59,893.54,127.14,76.21,172.67,1.0000,-1,-1,-1
256,7,1079.03,274.14,67.54,191.71,1.0000,-1,-1,-1
256,23,292.42,297.45,79.79,205.29,1.0000,-1,-1,-1
256,35,710.10,190.52,121.42,171.85,1.0000,-1,-1,-1
256,45,668.98,257.60,76.81,167.09,1.0000,-1,-1,-1
256,47,688.84,474.98,79.24,149.19,1.0000,-1,-1,-1
256,52,1080.01,106.76,68.68,169.84,1.0000,-1,-1,-1
256,54,574.10,195.25,80.38,159.64,1.0000,-1,-1,-1
256,55,483.31,222.55,96.03,178.99,1.0000,-1,-1,-1
256,57,529.99,352.16,87.35,190.14,1.0000,-1,-1,-1
256,58,346.54,297.52,76.39,167.62,1.0000,-1,-1,-1
256,59,878.79,116.64,82.32,179.23,1.0000,-1,-1,-1
257,7,1077.55,275.73,67.18,190.18,1.0000,-1,-1,-1
257,23,292.49,295.21,79.76,204.34,1.0000,-1,-1,-1
257,35,703.83,189.70,121.82,172.41,1.0000,-1,-1,-1
257,45,664.53,254.97,75.56,166.18,1.0000,-1,-1,-1
257,47,684.13,474.03,79.03,149.17,1.0000,-1,-1,-1
257,52,1071.24,104.01,66.97,167.28,1.0000,-1,-1,-1
257,54,572.42,187.57,83.46,162.51,1.0000,-1,-1,-1
257,55,484.70,222.16,102.65,177.66,1.0000,-1,-1,-1
257,57,529.46,352.96,90.01,188.12,1.0000,-1,-1,-1
257,58,345.85,295.60,74.23,166.39,1.0000,-1,-1,-1
257,59,866.64,111.93,85.20,178.32,1.0000,-1,-1,-1
258,7,1075.35,276.37,66.92,188.32,1.0000,-1,-1,-1
258,23,292.82,293.80,79.90,203.47,1.0000,-1,-1,-1
258,35,701.14,178.36,119.78,166.83,1.0000,-1,-1,-1
258,45,663.59,254.24,72.91,164.67,1.0000,-1,-1,-1
258,47,679.87,473.01,79.73,148.78,1.0000,-1,-1,-1
258,52,1066.92,100.31,64.15,163.93,1.0000,-1,-1,-1
258,54,570.21,182.60,86.21,168.68,1.0000,-1,-1,-1
258,55,482.35,220.92,104.91,176.41,1.0000,-1,-1,-1
258,57,528.57,353.80,91.57,186.02,1.0000,-1,-1,-1
258,58,345.99,294.46,70.19,163.94,1.0000,-1,-1,-1
258,59,860.47,106.74,83.13,177.13,1.0000,-1,-1,-1
259,7,1073.98,276.33,66.62,186.76,1.0000,-1,-1,-1
259,23,292.86,292.23,79.95,202.73,1.0000,-1,-1,-1
259,35,693.72,174.48,108.44,163.27,1.0000,-1,-1,-1
259,45,662.11,254.73,70.96,162.76,1.0000,-1,-1,-1
259,47,677.39,471.77,80.28,148.32,1.0000,-1,-1,-1
259,52,1065.76,97.76,61.46,162.40,1.0000,-1,-1,-1
259,54,568.05,179.66,86.42,174.31,1.0000,-1,-1,-1
259,55,480.49,220.26,105.88,176.20,1.0000,-1,-1,-1
259,57,527.51,354.14,91.91,183.15,1.0000,-1,-1,-1
259,58,345.90,293.58,66.51,161.69,1.0000,-1,-1,-1
259,59,854.49,104.53,79.48,174.48,1.0000,-1,-1,-1
260,7,1072.98,275.71,66.41,185.57,1.0000,-1,-1,-1
260,23,293.26,291.50,81.08,202.33,1.0000,-1,-1,-1
260,35,694.53,173.08,101.13,159.00,1.0000,-1,-1,-1
260,45,660.14,254.46,70.50,161.47,1.0000,-1,-1,-1
260,47,675.18,471.03,80.38,148.53,1.0000,-1,-1,-1
260,52,1062.71,95.94,59.99,161.81,1.0000,-1,-1,-1
260,54,565.94,178.80,86.04,178.66,1.0000,-1,-1,-1
260,55,480.75,220.45,110.36,175.86,1.0000,-1,-1,-1
260,57,528.38,354.65,92.27,181.39,1.0000,-1,-1,-1
260,58,343.19,292.86,65.93,160.28,1.0000,-1,-1,-1
260,59,846.24,99.42,75.51,173.38,1.0000,-1,-1,-1
261,7,1071.47,275.20,67.01,184.17,1.0000,-1,-1,-1
261,23,294.34,291.00,84.39,202.47,1.0000,-1,-1,-1
261,35,694.52,172.79,95.54,154.80,1.0000,-1,-1,-1
261,45,658.44,261.29,70.62,156.51,1.0000,-1,-1,-1
261,47,673.25,471.45,80.20,151.21,1.0000,-1,-1,-1
261,52,1061.24,95.84,58.36,161.53,1.0000,-1,-1,-1
261,54,564.33,180.40,86.00,180.72,1.0000,-1,-1,-1
261,55,480.83,219.66,115.07,176.21,1.0000,-1,-1,-1
261,57,528.78,354.55,91.78,179.92,1.0000,-1,-1,-1
261,58,340.48,292.14,65.34,158.86,1.0000,-1,-1,-1
261,59,837.85,96.78,70.77,171.67,1.0000,-1,-1,-1
262,7,1068.62,275.26,68.81,182.94,1.0000,-1,-1,-1
262,23,292.63,292.90,85.88,202.87,1.0000,-1,-1,-1
262,35,687.03,174.60,91.57,150.69,1.0000,-1,-1,-1
262,45,655.65,257.47,71.23,157.63,1.0000,-1,-1,-1
262,47,669.29,471.48,80.37,153.09,1.0000,-1,-1,-1
262,52,1057.05,95.50,57.41,159.76,1.0000,-1,-1,-1
262,54,563.86,184.64,87.69,180.63,1.0000,-1,-1,-1
262,55,478.72,219.31,119.90,176.06,1.0000,-1,-1,-1
262,57,526.70,353.88,91.00,179.17,1.0000,-1,-1,-1
262,58,337.78,291.43,64.75,157.42,1.0000,-1,-1,-1
262,59,827.54,93.26,70.83,171.82,1.0000,-1,-1,-1
263,7,1066.05,275.89,70.33,181.75,1.0000,-1,-1,-1
263,23,291.11,294.75,86.47,202.93,1.0000,-1,-1,-1
263,35,678.94,175.87,89.83,147.13,1.0000,-1,-1,-1
263,45,651.92,254.75,72.73,158.95,1.0000,-1,-1,-1
263,47,666.02,471.02,79.96,153.03,1.0000,-1,-1,-1
263,52,1055.23,94.35,56.34,158.59,1.0000,-1,-1,-1
263,54,563.23,191.16,89.17,177.63,1.0000,-1,-1,-1
263,55,474.42,218.72,121.39,175.70,1.0000,-1,-1,-1
263,57,525.38,352.59,90.17,177.56,1.0000,-1,-1,-1
263,58,335.08,290.73,64.15,155.97,1.0000,-1,-1,-1
263,59,822.82,90.45,64.32,167.92,1.0000,-1,-1,-1
264,7,1063.77,277.37,71.37,181.45,1.0000,-1,-1,-1
264,23,290.80,294.49,87.54,203.71,1.0000,-1,-1,-1
264,35,676.87,174.58,86.29,145.04,1.0000,-1,-1,-1
264,45,651.52,251.38,75.43,160.79,1.0000,-1,-1,-1
264,47,663.36,470.37,79.11,152.67,1.0000,-1,-1,-1
264,52,1052.83,93.74,56.17,158.15,1.0000,-1,-1,-1
264,54,562.20,195.00,88.98,174.95,1.0000,-1,-1,-1
264,55,469.25,217.71,119.22,175.52,1.0000,-1,-1,-1
264,57,525.18,351.35,91.01,177.96,1.0000,-1,-1,-1
264,58,332.38,290.03,63.55,154.50,1.0000,-1,-1,-1
264,59,818.32,87.09,61.02,166.38,1.0000,-1,-1,-1
265,7,1061.16,278.57,72.35,181.51,1.0000,-1,-1,-1
265,23,289.72,294.41,87.67,204.65,1.0000,-1,-1,-1
265,35,667.45,174.05,87.60,143.49,1.0000,-1,-1,-1
265,45,649.45,252.30,76.45,159.05,1.0000,-1,-1,-1
265,47,661.53,469.52,77.17,152.65,1.0000,-1,-1,-1
265,52,1048.46,91.34,56.01,159.29,1.0000,-1,-1,-1
265,54,562.29,197.51,88.15,171.80,1.0000,-1,-1,-1
265,55,464.31,216.87,114.17,175.12,1.0000,-1,-1,-1
265,57,524.73,350.06,89.72,177.99,1.0000,-1,-1,-1
265,59,811.06,85.60,60.94,165.01,1.0000,-1,-1,-1
266,7,1059.50,279.52,72.70,181.82,1.0000,-1,-1,-1
266,23,289.61,293.70,88.77,205.29,1.0000,-1,-1,-1
266,35,664.24,172.20,86.48,141.68,1.0000,-1,-1,-1
266,45,648.77,254.44,79.29,156.27,1.0000,-1,-1,-1
266,47,659.50,467.80,75.48,152.93,1.0000,-1,-1,-1
266,52,1045.83,91.42,56.04,158.91,1.0000,-1,-1,-1
266,54,561.40,197.89,88.32,172.14,1.0000,-1,-1,-1
266,55,462.31,215.84,114.93,176.29,1.0000,-1,-1,-1
266,57,523.79,347.64,87.60,177.90,1.0000,-1,-1,-1
266,59,803.76,84.58,61.88,162.83,1.0000,-1,-1,-1
266,61,504.70,572.13,63.53,147.85,1.0000,-1,-1,-1
267,7,1057.22,280.29,71.98,180.98,1.0000,-1,-1,-1
267,23,294.07,289.37,95.28,206.86,1.0000,-1,-1,-1
267,35,654.00,167.33,83.92,141.26,1.0000,-1,-1,-1
267,45,646.41,252.06,81.51,154.57,1.0000,-1,-1,-1
267,47,652.54,465.22,75.58,153.82,1.0000,-1,-1,-1
267,52,1041.29,86.33,55.84,158.97,1.0000,-1,-1,-1
267,54,569.06,211.60,87.95,160.17,1.0000,-1,-1,-1
267,55,460.31,214.81,115.69,177.46,1.0000,-1,-1,-1
267,57,522.31,343.24,87.08,178.63,1.0000,-1,-1,-1
267,59,788.32,85.43,65.94,158.34,1.0000,-1,-1,-1
267,61,502.83,567.79,65.78,152.24,1.0000,-1,-1,-1
268,7,1055.96,280.87,70.96,179.85,1.0000,-1,-1,-1
268,23,295.76,286.27,99.72,207.29,1.0000,-1,-1,-1
268,35,645.58,166.56,81.46,142.22,1.0000,-1,-1,-1
268,45,644.51,252.42,85.50,154.47,1.0000,-1,-1,-1
268,47,647.57,463.61,74.76,154.33,1.0000,-1,-1,-1
268,52,1038.09,83.28,55.18,158.46,1.0000,-1,-1,-1
268,54,568.94,212.69,88.05,160.35,1.0000,-1,-1,-1
268,55,458.32,213.79,116.44,178.61,1.0000,-1,-1,-1
268,57,519.62,341.40,86.60,177.70,1.0000,-1,-1,-1
268,59,775.81,82.41,70.47,157.10,1.0000,-1,-1,-1
268,61,501.29,565.02,67.02,155.01,1.0000,-1,-1,-1
269,7,1054.04,281.18,70.86,178.39,1.0000,-1,-1,-1
269,23,295.77,284.06,102.16,206.48,1.0000,-1,-1,-1
269,35,635.56,166.88,79.94,144.92,1.0000,-1,-1,-1
269,45,643.10,253.41,89.07,155.02,1.0000,-1,-1,-1
269,47,642.77,462.19,74.42,155.26,1.0000,-1,-1,-1
269,52,1035.72,83.86,54.78,157.37,1.0000,-1,-1,-1
269,54,570.57,223.22,85.18,148.72,1.0000,-1,-1,-1
269,55,478.23,203.16,97.54,164.50,1.0000,-1,-1,-1
269,57,518.10,339.09,86.39,176.84,1.0000,-1,-1,-1
269,59,767.41,80.56,74.27,156.37,1.0000,-1,-1,-1
269,61,499.19,562.34,68.77,157.96,1.0000,-1,-1,-1
270,7,1052.60,280.95,71.25,176.79,1.0000,-1,-1,-1
270,23,295.31,281.97,104.94,206.53,1.0000,-1,-1,-1
270,35,630.22,165.74,78.55,145.28,1.0000,-1,-1,-1
270,45,640.33,254.07,93.01,155.72,1.0000,-1,-1,-1
270,47,636.68,460.12,74.70,155.79,1.0000,-1,-1,-1
270,52,1033.62,82.05,54.87,157.80,1.0000,-1,-1,-1
270,54,570.52,224.72,85.17,148.70,1.0000,-1,-1,-1
270,55,482.81,203.36,89.26,158.98,1.0000,-1,-1,-1
270,57,517.95,337.00,86.78,176.16,1.0000,-1,-1,-1
270,59,759.67,79.80,76.45,155.73,1.0000,-1,-1,-1
270,61,497.11,559.78,70.29,160.61,1.0000,-1,-1,-1
271,7,1051.25,280.38,71.81,175.55,1.0000,-1,-1,-1
271,23,296.30,280.75,106.18,205.47,1.0000,-1,-1,-1
271,35,623.00,164.01,78.62,145.40,1.0000,-1,-1,-1
271,45,638.68,254.62,98.48,155.28,1.0000,-1,-1,-1
271,47,630.92,460.05,74.89,156.78,1.0000,-1,-1,-1
271,52,1032.12,81.29,54.56,158.52,1.0000,-1,-1,-1
271,54,573.57,231.33,87.51,139.14,1.0000,-1,-1,-1
271,55,486.24,205.31,82.98,152.55,1.0000,-1,-1,-1
271,57,517.11,334.40,86.74,175.85,1.0000,-1,-1,-1
271,59,756.60,79.07,77.93,154.89,1.0000,-1,-1,-1
271,61,494.51,557.70,71.73,162.86,1.0000,-1,-1,-1
272,7,1049.76,278.55,72.50,175.10,1.0000,-1,-1,-1
272,23,297.96,279.26,104.45,204.42,1.0000,-1,-1,-1
272,35,615.79,162.29,78.68,145.52,1.0000,-1,-1,-1
272,45,631.88,252.74,103.84,153.43,1.0000,-1,-1,-1
272,47,621.16,458.27,77.22,156.64,1.0000,-1,-1,-1
272,52,1029.66,79.61,54.28,158.21,1.0000,-1,-1,-1
272,54,564.65,235.71,79.92,133.73,1.0000,-1,-1,-1
272,55,485.65,203.28,83.19,152.94,1.0000,-1,-1,-1
272,57,514.69,332.48,83.33,174.61,1.0000,-1,-1,-1
272,59,752.06,77.78,77.39,153.51,1.0000,-1,-1,-1
272,61,487.44,556.17,74.94,165.22,1.0000,-1,-1,-1
273,7,1049.04,277.21,72.94,174.21,1.0000,-1,-1,-1
273,23,300.39,277.93,102.79,203.06,1.0000,-1,-1,-1
273,35,608.58,160.57,78.75,145.64,1.0000,-1,-1,-1
273,45,629.61,250.96,105.77,152.74,1.0000,-1,-1,-1
273,47,615.14,457.66,79.12,157.14,1.0000,-1,-1,-1
273,52,1027.26,79.09,54.23,157.54,1.0000,-1,-1,-1
273,54,559.83,237.01,81.41,131.20,1.0000,-1,-1,-1
273,55,488.13,202.59,79.09,148.07,1.0000,-1,-1,-1
273,57,513.07,332.37,81.03,173.55,1.0000,-1,-1,-1
273,59,748.57,75.41,74.84,153.32,1.0000,-1,-1,-1
273,61,479.01,554.59,80.16,167.75,1.0000,-1,-1,-1
274,7,1048.40,276.47,73.08,173.38,1.0000,-1,-1,-1
274,23,302.13,277.29,100.08,202.03,1.0000,-1,-1,-1
274,35,601.36,158.84,78.82,145.77,1.0000,-1,-1,-1
274,45,625.15,248.07,106.48,152.41,1.0000,-1,-1,-1
274,47,610.21,457.55,80.46,157.68,1.0000,-1,-1,-1
274,52,1025.55,79.19,54.48,156.77,1.0000,-1,-1,-1
274,54,559.35,238.44,81.69,129.20,1.0000,-1,-1,-1
274,55,487.66,200.52,79.22,148.33,1.0000,-1,-1,-1
274,57,512.14,333.01,79.98,171.89,1.0000,-1,-1,-1
274,59,745.60,72.72,71.45,152.93,1.0000,-1,-1,-1
274,61,471.51,553.25,86.01,169.76,1.0000,-1,-1,-1
275,7,1048.11,275.29,73.00,171.66,1.0000,-1,-1,-1
275,23,304.14,277.02,97.52,201.81,1.0000,-1,-1,-1
275,35,594.15,157.12,78.88,145.89,1.0000,-1,-1,-1
275,45,622.60,244.19,107.88,153.62,1.0000,-1,-1,-1
275,47,605.06,456.24,81.53,157.36,1.0000,-1,-1,-1
275,52,1024.18,79.47,54.03,155.52,1.0000,-1,-1,-1
275,54,547.73,239.67,89.95,128.15,1.0000,-1,-1,-1
275,55,487.19,198.44,79.36,148.59,1.0000,-1,-1,-1
275,57,509.76,333.59,80.76,169.72,1.0000,-1,-1,-1
275,59,742.16,66.62,67.12,154.01,1.0000,-1,-1,-1
275,61,463.79,552.82,91.85,170.78,1.0000,-1,-1,-1
276,7,1048.36,273.97,72.60,170.73,1.0000,-1,-1,-1
276,23,305.64,276.25,94.75,201.32,1.0000,-1,-1,-1
276,45,620.16,241.48,106.97,153.02,1.0000,-1,-1,-1
276,47,600.96,456.34,82.35,159.11,1.0000,-1,-1,-1
276,52,1023.95,79.73,53.39,154.68,1.0000,-1,-1,-1
276,54,543.55,239.10,93.83,127.31,1.0000,-1,-1,-1
276,55,486.72,196.37,79.50,148.84,1.0000,-1,-1,-1
276,57,505.62,333.85,82.86,167.70,1.0000,-1,-1,-1
276,59,740.36,61.39,63.13,155.46,1.0000,-1,-1,-1
276,61,457.06,552.44,96.69,171.32,1.0000,-1,-1,-1
277,7,1050.57,271.80,71.61,170.73,1.0000,-1,-1,-1
277,23,310.11,273.97,91.08,200.72,1.0000,-1,-1,-1
277,45,613.79,239.03,105.86,153.63,1.0000,-1,-1,-1
277,47,597.12,453.46,80.80,162.60,1.0000,-1,-1,-1
277,52,1022.97,77.49,53.70,153.33,1.0000,-1,-1,-1
277,54,543.07,237.19,91.87,127.30,1.0000,-1,-1,-1
277,55,486.24,194.30,79.64,149.10,1.0000,-1,-1,-1
277,57,491.10,334.41,90.33,164.72,1.0000,-1,-1,-1
277,59,737.33,52.94,63.05,158.27,1.0000,-1,-1,-1
277,61,448.28,552.13,101.28,171.32,1.0000,-1,-1,-1
278,7,1052.86,269.73,70.61,171.12,1.0000,-1,-1,-1
278,23,314.36,272.87,86.60,200.48,1.0000,-1,-1,-1
278,45,611.21,234.87,104.23,155.73,1.0000,-1,-1,-1
278,47,594.73,450.84,78.81,165.84,1.0000,-1,-1,-1
278,52,1023.97,77.55,53.87,152.19,1.0000,-1,-1,-1
278,54,540.43,232.67,91.40,129.11,1.0000,-1,-1,-1
278,55,485.77,192.22,79.78,149.36,1.0000,-1,-1,-1
278,57,482.61,333.04,96.58,164.06,1.0000,-1,-1,-1
278,59,734.47,48.50,63.19,160.54,1.0000,-1,-1,-1
278,61,441.76,551.82,104.65,171.63,1.0000,-1,-1,-1
279,7,1054.38,268.73,69.89,171.35,1.0000,-1,-1,-1
279,23,317.40,271.79,81.81,199.91,1.0000,-1,-1,-1
279,45,609.01,233.38,104.46,156.07,1.0000,-1,-1,-1
279,47,594.49,448.22,76.77,168.88,1.0000,-1,-1,-1
279,52,1024.89,77.61,53.93,151.63,1.0000,-1,-1,-1
279,54,537.09,226.73,91.62,132.58,1.0000,-1,-1,-1
279,57,482.86,331.17,97.93,163.87,1.0000,-1,-1,-1
279,59,731.09,45.73,63.60,161.99,1.0000,-1,-1,-1
279,61,437.11,550.73,107.26,172.34,1.0000,-1,-1,-1
280,7,1055.92,268.27,69.40,171.65,1.0000,-1,-1,-1
280,23,321.00,271.55,78.40,200.06,1.0000,-1,-1,-1
280,45,612.92,243.04,103.02,150.90,1.0000,-1,-1,-1
280,47,595.40,446.57,74.83,171.42,1.0000,-1,-1,-1
280,52,1026.07,77.69,53.99,150.89,1.0000,-1,-1,-1
280,54,537.26,224.13,90.80,135.45,1.0000,-1,-1,-1
280,57,488.26,328.79,95.28,164.11,1.0000,-1,-1,-1
280,59,728.74,45.79,64.24,162.48,1.0000,-1,-1,-1
280,61,435.25,550.03,109.53,172.88,1.0000,-1,-1,-1
281,7,1058.65,267.90,68.87,172.51,1.0000,-1,-1,-1
281,23,325.83,271.57,76.88,200.10,1.0000,-1,-1,-1
281,45,613.29,244.30,105.26,148.88,1.0000,-1,-1,-1
281,47,597.28,445.37,73.47,173.44,1.0000,-1,-1,-1
281,52,1028.80,77.12,53.73,152.14,1.0000,-1,-1,-1
281,54,536.02,220.61,93.41,138.37,1.0000,-1,-1,-1
281,57,488.50,324.02,95.16,166.95,1.0000,-1,-1,-1
281,59,727.23,50.04,66.19,160.57,1.0000,-1,-1,-1
281,61,434.13,549.47,110.04,173.21,1.0000,-1,-1,-1
282,7,1064.96,268.02,68.73,173.01,1.0000,-1,-1,-1
282,23,328.34,272.06,76.52,200.06,1.0000,-1,-1,-1
282,45,611.84,243.64,105.46,149.17,1.0000,-1,-1,-1
282,47,601.11,445.37,72.95,174.63,1.0000,-1,-1,-1
282,52,1033.66,74.94,54.17,153.65,1.0000,-1,-1,-1
282,54,534.42,220.30,93.43,138.39,1.0000,-1,-1,-1
282,57,488.65,320.10,96.38,169.10,1.0000,-1,-1,-1
282,59,724.46,56.69,67.13,157.48,1.0000,-1,-1,-1
282,61,433.60,542.14,107.79,177.32,1.0000,-1,-1,-1
283,7,1069.62,268.41,68.39,172.99,1.0000,-1,-1,-1
283,23,331.48,273.97,77.10,200.43,1.0000,-1,-1,-1
283,45,624.26,246.84,113.48,140.49,1.0000,-1,-1,-1
283,47,604.75,446.98,72.48,174.95,1.0000,-1,-1,-1
283,52,1036.73,75.32,55.15,154.05,1.0000,-1,-1,-1
283,54,532.82,219.98,93.44,138.41,1.0000,-1,-1,-1
283,57,487.59,318.28,98.04,170.78,1.0000,-1,-1,-1
283,59,724.59,58.05,67.30,156.51,1.0000,-1,-1,-1
283,61,434.16,538.63,104.05,180.14,1.0000,-1,-1,-1
284,7,1074.91,269.26,69.20,173.56,1.0000,-1,-1,-1
284,23,335.60,275.15,78.25,200.69,1.0000,-1,-1,-1
284,45,626.68,247.95,118.69,134.96,1.0000,-1,-1,-1
284,47,607.87,448.02,72.27,174.20,1.0000,-1,-1,-1
284,52,1042.92,72.88,55.29,155.70,1.0000,-1,-1,-1
284,54,513.25,211.92,87.06,143.94,1.0000,-1,-1,-1
284,57,489.72,315.26,100.07,172.83,1.0000,-1,-1,-1
284,59,727.61,57.95,66.23,155.97,1.0000,-1,-1,-1
284,61,435.16,540.28,100.19,180.19,1.0000,-1,-1,-1
285,7,1082.02,269.31,71.39,173.81,1.0000,-1,-1,-1
285,23,341.30,276.93,82.64,200.45,1.0000,-1,-1,-1
285,45,628.58,245.85,122.80,130.18,1.0000,-1,-1,-1
285,47,611.13,449.31,72.34,172.81,1.0000,-1,-1,-1
285,52,1050.34,73.49,55.24,155.66,1.0000,-1,-1,-1
285,54,509.90,211.21,87.04,143.92,1.0000,-1,-1,-1
285,57,493.17,317.28,98.84,172.41,1.0000,-1,-1,-1
285,59,732.46,54.43,65.40,157.92,1.0000,-1,-1,-1
285,61,437.06,542.73,95.89,179.08,1.0000,-1,-1,-1
286,7,1087.29,269.52,70.26,174.91,1.0000,-1,-1,-1
286,23,343.18,278.03,83.84,200.38,1.0000,-1,-1,-1
286,45,632.54,243.97,126.06,129.13,1.0000,-1,-1,-1
286,47,613.73,451.13,72.74,172.38,1.0000,-1,-1,-1
286,52,1056.92,73.48,54.84,156.96,1.0000,-1,-1,-1
286,54,506.55,210.50,87.03,143.89,1.0000,-1,-1,-1
286,57,497.94,319.97,99.08,171.82,1.0000,-1,-1,-1
286,59,737.79,47.43,65.26,162.68,1.0000,-1,-1,-1
286,61,439.50,543.70,93.10,178.36,1.0000,-1,-1,-1
287,7,1098.36,271.53,69.79,176.11,1.0000,-1,-1,-1
287,23,349.87,279.82,84.35,199.11,1.0000,-1,-1,-1
287,45,644.84,243.16,127.16,128.31,1.0000,-1,-1,-1
287,47,619.16,451.49,72.62,170.72,1.0000,-1,-1,-1
287,52,1067.44,71.28,55.90,159.36,1.0000,-1,-1,-1
287,54,503.20,209.79,87.01,143.87,1.0000,-1,-1,-1
287,57,505.75,320.38,100.64,172.74,1.0000,-1,-1,-1
287,59,746.63,55.30,63.48,159.99,1.0000,-1,-1,-1
287,61,445.47,545.84,89.76,176.78,1.0000,-1,-1,-1
288,7,1106.88,273.38,69.41,176.87,1.0000,-1,-1,-1
288,23,355.04,281.36,85.02,198.08,1.0000,-1,-1,-1
288,45,651.58,243.49,129.78,128.29,1.0000,-1,-1,-1
288,47,622.70,451.54,72.46,168.77,1.0000,-1,-1,-1
288,52,1076.53,72.37,56.86,159.77,1.0000,-1,-1,-1
288,54,499.84,209.08,87.00,143.84,1.0000,-1,-1,-1
288,57,512.50,315.68,103.43,177.00,1.0000,-1,-1,-1
288,59,753.82,60.70,62.09,157.18,1.0000,-1,-1,-1
288,61,451.02,546.99,87.56,175.56,1.0000,-1,-1,-1
289,7,1116.12,274.38,68.23,177.44,1.0000,-1,-1,-1
289,23,360.16,283.50,85.14,197.26,1.0000,-1,-1,-1
289,45,659.16,245.04,132.04,128.13,1.0000,-1,-1,-1
289,47,624.89,452.29,73.05,166.23,1.0000,-1,-1,-1
289,52,1085.85,72.73,56.27,160.83,1.0000,-1,-1,-1
289,54,496.49,208.37,86.98,143.82,1.0000,-1,-1,-1
289,57,520.42,319.62,104.02,176.00,1.0000,-1,-1,-1
289,59,761.68,62.94,60.64,155.79,1.0000,-1,-1,-1
289,61,457.18,548.97,85.26,173.82,1.0000,-1,-1,-1
289,63,633.00,165.35,50.98,151.67,1.0000,-1,-1,-1
290,7,1124.29,275.34,67.84,177.07,1.0000,-1,-1,-1
290,23,365.39,285.52,84.98,197.24,1.0000,-1,-1,-1
290,45,666.19,247.62,132.93,128.25,1.0000,-1,-1,-1
290,47,627.70,452.92,73.30,164.92,1.0000,-1,-1,-1
290,52,1094.83,73.06,56.85,161.22,1.0000,-1,-1,-1
290,57,522.50,325.28,102.81,172.92,1.0000,-1,-1,-1
290,59,768.96,64.88,59.83,154.69,1.0000,-1,-1,-1
290,61,462.73,551.50,84.04,171.51,1.0000,-1,-1,-1
290,63,633.88,166.19,54.81,151.28,1.0000,-1,-1,-1
291,7,1132.83,276.52,67.21,177.13,1.0000,-1,-1,-1
291,23,371.79,286.13,83.72,197.21,1.0000,-1,-1,-1
291,45,677.65,250.04,130.38,128.31,1.0000,-1,-1,-1
291,47,632.93,453.95,72.34,163.30,1.0000,-1,-1,-1
291,52,1102.43,71.81,57.13,162.05,1.0000,-1,-1,-1
291,57,524.49,323.25,105.59,172.82,1.0000,-1,-1,-1
291,59,776.86,66.53,58.93,154.13,1.0000,-1,-1,-1
291,61,468.21,553.23,82.16,169.69,1.0000,-1,-1,-1
291,63,632.58,166.43,60.75,152.33,1.0000,-1,-1,-1
292,7,1147.58,278.62,67.09,177.24,1.0000,-1,-1,-1
292,23,384.04,286.33,81.97,195.64,1.0000,-1,-1,-1
292,45,692.07,252.68,129.83,128.92,1.0000,-1,-1,-1
292,47,638.02,457.70,72.06,162.45,1.0000,-1,-1,-1
292,52,1117.29,72.21,56.72,162.94,1.0000,-1,-1,-1
292,57,537.74,327.82,102.71,171.28,1.0000,-1,-1,-1
292,59,788.17,69.73,58.47,153.33,1.0000,-1,-1,-1
292,61,478.66,554.78,79.77,167.96,1.0000,-1,-1,-1
292,63,634.10,165.23,62.74,157.32,1.0000,-1,-1,-1
293,7,1159.78,281.37,66.88,176.74,1.0000,-1,-1,-1
293,23,393.98,287.27,81.12,195.75,1.0000,-1,-1,-1
293,45,699.95,254.33,130.15,129.08,1.0000,-1,-1,-1
293,47,642.27,460.72,71.86,161.20,1.0000,-1,-1,-1
293,52,1127.97,73.89,57.29,162.69,1.0000,-1,-1,-1
293,57,546.59,329.11,99.68,169.27,1.0000,-1,-1,-1
293,59,797.70,73.89,58.55,150.70,1.0000,-1,-1,-1
293,61,485.38,555.29,78.16,166.89,1.0000,-1,-1,-1
293,63,637.42,173.17,70.39,150.91,1.0000,-1,-1,-1
294,7,1169.90,283.27,66.81,176.35,1.0000,-1,-1,-1
294,23,402.85,288.40,80.36,196.50,1.0000,-1,-1,-1
294,45,703.53,255.59,130.59,129.59,1.0000,-1,-1,-1
294,47,646.11,463.24,72.06,159.89,1.0000,-1,-1,-1
294,52,1136.11,72.34,57.95,163.86,1.0000,-1,-1,-1
294,57,553.84,330.25,97.36,166.19,1.0000,-1,-1,-1
294,59,805.34,78.07,59.14,148.71,1.0000,-1,-1,-1
294,61,491.60,556.12,76.23,165.78,1.0000,-1,-1,-1
294,63,638.82,176.35,74.29,144.70,1.0000,-1,-1,-1
295,7,1179.75,285.19,66.44,175.79,1.0000,-1,-1,-1
295,23,411.44,288.75,77.74,197.38,1.0000,-1,-1,-1
295,45,707.37,256.47,130.66,130.41,1.0000,-1,-1,-1
295,47,640.38,464.74,77.48,158.05,1.0000,-1,-1,-1
295,52,1147.37,73.50,57.41,164.95,1.0000,-1,-1,-1
295,57,559.51,328.49,96.16,163.68,1.0000,-1,-1,-1
295,59,814.38,80.58,59.20,146.84,1.0000,-1,-1,-1
295,61,497.55,557.50,74.76,164.44,1.0000,-1,-1,-1
295,63,638.07,178.17,76.77,141.62,1.0000,-1,-1,-1
296,7,1189.33,286.15,65.66,175.39,1.0000,-1,-1,-1
296,23,419.03,289.82,76.51,198.76,1.0000,-1,-1,-1
296,45,710.75,256.60,132.07,131.30,1.0000,-1,-1,-1
296,47,646.37,465.93,77.49,156.92,1.0000,-1,-1,-1
296,52,1157.80,74.19,56.99,165.34,1.0000,-1,-1,-1
296,57,563.13,334.19,96.57,165.02,1.0000,-1,-1,-1
296,59,821.82,82.01,58.69,146.01,1.0000,-1,-1,-1
296,61,502.59,557.92,73.96,163.65,1.0000,-1,-1,-1
296,63,636.16,179.27,81.43,143.42,1.0000,-1,-1,-1
297,7,1203.85,292.05,66.93,177.13,1.0000,-1,-1,-1
297,23,429.58,292.78,75.98,201.09,1.0000,-1,-1,-1
297,45,711.20,257.43,127.07,133.07,1.0000,-1,-1,-1
297,47,648.13,466.52,77.43,156.81,1.0000,-1,-1,-1
297,52,1173.39,75.89,56.16,165.32,1.0000,-1,-1,-1
297,57,572.74,338.01,95.95,166.92,1.0000,-1,-1,-1
297,59,833.16,83.33,59.34,146.68,1.0000,-1,-1,-1
297,61,505.03,557.87,74.16,164.09,1.0000,-1,-1,-1
297,63,635.73,180.26,83.14,144.03,1.0000,-1,-1,-1
298,7,1213.47,295.78,66.14,178.28,1.0000,-1,-1,-1
298,23,437.12,294.15,75.71,203.19,1.0000,-1,-1,-1
298,45,710.88,259.20,122.49,134.94,1.0000,-1,-1,-1
298,47,664.57,470.91,77.33,154.86,1.0000,-1,-1,-1
298,52,1183.81,79.63,56.16,166.37,1.0000,-1,-1,-1
298,57,575.59,343.24,98.19,169.51,1.0000,-1,-1,-1
298,59,842.82,82.13,59.75,148.26,1.0000,-1,-1,-1
298,61,507.47,557.83,74.36,164.53,1.0000,-1,-1,-1
298,63,636.87,182.50,85.10,146.30,1.0000,-1,-1,-1
299,7,1222.44,299.91,62.51,179.45,1.0000,-1,-1,-1
299,23,443.03,297.28,75.39,204.49,1.0000,-1,-1,-1
299,45,709.07,260.82,117.83,136.10,1.0000,-1,-1,-1
299,47,667.61,471.75,77.27,154.74,1.0000,-1,-1,-1
299,52,1192.19,83.74,57.42,166.76,1.0000,-1,-1,-1
299,57,583.63,349.85,97.94,170.28,1.0000,-1,-1,-1
299,59,851.22,83.16,59.74,150.51,1.0000,-1,-1,-1
299,61,509.91,557.79,74.55,164.96,1.0000,-1,-1,-1
299,63,637.47,183.95,87.29,148.21,1.0000,-1,-1,-1
300,7,1231.31,304.71,56.87,180.88,1.0000,-1,-1,-1
300,23,449.34,298.13,75.71,206.20,1.0000,-1,-1,-1
300,45,704.74,264.76,112.64,138.26,1.0000,-1,-1,-1
300,47,678.85,492.57,87.40,180.26,1.0000,-1,-1,-1
300,52,1201.50,86.93,57.49,167.68,1.0000,-1,-1,-1
300,57,590.78,356.07,96.99,172.03,1.0000,-1,-1,-1
300,59,860.06,86.14,59.83,152.78,1.0000,-1,-1,-1
300,61,512.35,557.74,74.75,165.40,1.0000,-1,-1,-1
300,63,639.21,186.20,92.49,152.67,1.0000,-1,-1,-1
301,7,1239.02,307.10,56.82,180.73,1.0000,-1,-1,-1
301,23,455.53,301.10,76.41,209.44,1.0000,-1,-1,-1
301,45,704.44,268.79,107.13,140.20,1.0000,-1,-1,-1
301,47,682.93,497.16,88.07,192.12,1.0000,-1,-1,-1
301,52,1212.23,91.46,58.10,167.93,1.0000,-1,-1,-1
301,57,597.01,364.50,97.60,173.43,1.0000,-1,-1,-1
301,59,868.29,88.69,60.73,155.26,1.0000,-1,-1,-1
301,61,514.79,557.70,74.95,165.83,1.0000,-1,-1,-1
301,63,640.93,189.20,92.91,155.47,1.0000,-1,-1,-1
302,7,1246.72,309.48,56.77,180.58,1.0000,-1,-1,-1
302,23,463.02,308.52,77.11,211.12,1.0000,-1,-1,-1
302,45,705.90,273.18,103.87,142.04,1.0000,-1,-1,-1
302,47,690.97,502.16,94.06,202.34,1.0000,-1,-1,-1
302,52,1221.37,97.68,57.76,168.34,1.0000,-1,-1,-1
302,57,602.40,371.24,98.32,176.11,1.0000,-1,-1,-1
302,59,876.98,90.93,61.55,158.29,1.0000,-1,-1,-1
302,63,644.45,193.29,91.77,158.40,1.0000,-1,-1,-1
303,7,1254.42,311.87,56.73,180.43,1.0000,-1,-1,-1
303,23,476.56,319.16,76.73,212.25,1.0000,-1,-1,-1
303,45,707.40,275.02,103.99,142.20,1.0000,-1,-1,-1
303,47,705.83,510.79,95.16,203.73,1.0000,-1,-1,-1
303,52,1229.74,99.63,57.75,168.30,1.0000,-1,-1,-1
303,57,612.37,377.62,99.27,169.50,1.0000,-1,-1,-1
303,59,891.73,100.96,63.53,160.33,1.0000,-1,-1,-1
303,63,646.12,194.62,93.35,161.12,1.0000,-1,-1,-1
304,7,1262.12,314.26,56.68,180.27,1.0000,-1,-1,-1
304,23,490.99,327.13,81.70,213.88,1.0000,-1,-1,-1
304,45,717.58,293.50,104.66,144.93,1.0000,-1,-1,-1
304,47,718.95,518.33,94.01,202.61,1.0000,-1,-1,-1
304,52,1238.12,101.57,57.74,168.27,1.0000,-1,-1,-1
304,57,621.15,391.82,101.13,174.94,1.0000,-1,-1,-1
304,59,902.97,105.86,66.19,164.46,1.0000,-1,-1,-1
304,63,648.93,203.28,89.49,165.49,1.0000,-1,-1,-1
305,7,1269.82,316.65,56.63,180.12,1.0000,-1,-1,-1
305,23,501.21,334.75,79.89,214.71,1.0000,-1,-1,-1
305,45,719.40,302.17,109.10,146.65,1.0000,-1,-1,-1
305,47,728.80,526.04,91.68,198.99,1.0000,-1,-1,-1
305,52,1246.49,103.52,57.73,168.24,1.0000,-1,-1,-1
305,57,627.89,401.46,102.19,179.21,1.0000,-1,-1,-1
305,59,913.06,114.90,68.44,165.41,1.0000,-1,-1,-1
305,63,654.79,211.69,84.59,167.43,1.0000,-1,-1,-1
306,23,510.70,344.68,75.66,214.00,1.0000,-1,-1,-1
306,45,719.78,309.25,114.36,148.49,1.0000,-1,-1,-1
306,47,736.77,534.56,88.60,193.39,1.0000,-1,-1,-1
306,52,1254.87,105.47,57.72,168.20,1.0000,-1,-1,-1
306,57,634.28,410.60,101.91,183.28,1.0000,-1,-1,-1
306,59,922.38,124.11,71.77,166.50,1.0000,-1,-1,-1
306,63,661.31,221.25,80.58,168.75,1.0000,-1,-1,-1
306,66,604.09,272.01,54.18,194.08,1.0000,-1,-1,-1
306,67,472.30,342.79,59.94,183.51,1.0000,-1,-1,-1
307,23,518.67,354.43,74.60,212.98,1.0000,-1,-1,-1
307,45,720.32,315.67,119.67,150.74,1.0000,-1,-1,-1
307,47,745.28,544.05,85.60,186.08,1.0000,-1,-1,-1
307,52,1263.24,107.42,57.71,168.17,1.0000,-1,-1,-1
307,57,637.20,419.80,102.73,186.73,1.0000,-1,-1,-1
307,59,930.69,132.62,74.37,167.88,1.0000,-1,-1,-1
307,63,662.90,231.80,78.97,170.12,1.0000,-1,-1,-1
307,66,606.37,278.10,59.20,205.35,1.0000,-1,-1,-1
307,67,475.34,353.38,60.15,183.73,1.0000,-1,-1,-1
308,23,526.50,359.32,74.60,212.99,1.0000,-1,-1,-1
308,45,722.80,320.19,119.91,151.04,1.0000,-1,-1,-1
308,47,751.84,549.41,85.67,186.23,1.0000,-1,-1,-1
308,57,643.17,431.18,102.70,185.73,1.0000,-1,-1,-1
308,59,948.71,147.05,76.26,169.62,1.0000,-1,-1,-1
308,63,663.60,251.06,78.80,170.39,1.0000,-1,-1,-1
308,66,610.05,291.70,60.95,211.41,1.0000,-1,-1,-1
308,67,480.45,367.71,63.41,190.99,1.0000,-1,-1,-1
309,23,541.95,377.97,80.50,215.56,1.0000,-1,-1,-1
309,45,725.28,324.70,120.14,151.33,1.0000,-1,-1,-1
309,47,758.40,554.77,85.74,186.39,1.0000,-1,-1,-1
309,57,653.08,441.38,99.33,181.56,1.0000,-1,-1,-1
309,59,963.23,157.39,78.52,171.18,1.0000,-1,-1,-1
309,63,662.51,267.05,78.52,170.33,1.0000,-1,-1,-1
309,66,613.76,305.38,62.65,217.31,1.0000,-1,-1,-1
309,67,483.19,377.65,62.56,194.65,1.0000,-1,-1,-1
310,23,552.88,389.54,90.77,218.96,1.0000,-1,-1,-1
310,45,727.75,329.22,120.37,151.62,1.0000,-1,-1,-1
310,47,764.96,560.14,85.81,186.54,1.0000,-1,-1,-1
310,57,659.19,451.28,97.47,175.54,1.0000,-1,-1,-1
310,59,976.54,167.19,78.20,172.19,1.0000,-1,-1,-1
310,63,664.07,273.70,79.28,171.98,1.0000,-1,-1,-1
310,66,617.48,319.15,64.30,223.05,1.0000,-1,-1,-1
310,67,486.87,388.82,63.77,198.39,1.0000,-1,-1,-1
311,23,557.52,398.99,95.77,218.50,1.0000,-1,-1,-1
311,45,730.23,333.73,120.60,151.91,1.0000,-1,-1,-1
311,47,771.52,565.50,85.88,186.70,1.0000,-1,-1,-1
311,57,665.09,458.02,97.51,175.60,1.0000,-1,-1,-1
311,59,989.70,173.44,78.88,174.71,1.0000,-1,-1,-1
311,63,665.64,280.35,80.04,173.62,1.0000,-1,-1,-1
311,66,621.23,332.98,65.92,228.65,1.0000,-1,-1,-1
311,67,490.56,400.02,64.94,202.05,1.0000,-1,-1,-1
312,23,566.66,405.90,95.89,218.77,1.0000,-1,-1,-1
312,45,732.71,338.25,120.83,152.20,1.0000,-1,-1,-1
312,47,778.08,570.86,85.95,186.85,1.0000,-1,-1,-1
312,57,671.09,470.77,96.61,161.50,1.0000,-1,-1,-1
312,59,1003.46,181.38,78.40,176.43,1.0000,-1,-1,-1
312,63,667.21,287.01,80.79,175.24,1.0000,-1,-1,-1
312,66,625.00,346.88,67.49,234.11,1.0000,-1,-1,-1
312,67,494.27,411.25,66.10,205.65,1.0000,-1,-1,-1
313,23,575.81,412.81,96.00,219.03,1.0000,-1,-1,-1
313,57,677.00,477.47,96.58,161.45,1.0000,-1,-1,-1
313,59,1025.77,193.61,77.28,179.46,1.0000,-1,-1,-1
313,63,668.79,293.68,81.53,176.85,1.0000,-1,-1,-1
313,67,477.96,409.13,71.21,205.21,1.0000,-1,-1,-1
314,23,584.95,419.73,96.11,219.29,1.0000,-1,-1,-1
314,57,682.90,484.17,96.55,161.40,1.0000,-1,-1,-1
314,59,1041.90,203.61,76.94,182.02,1.0000,-1,-1,-1
314,63,672.99,321.85,81.44,149.92,1.0000,-1,-1,-1
314,67,475.13,418.62,78.31,206.82,1.0000,-1,-1,-1
315,23,594.09,426.64,96.23,219.55,1.0000,-1,-1,-1
315,57,688.80,490.88,96.52,161.34,1.0000,-1,-1,-1
315,59,1058.88,209.78,76.83,184.88,1.0000,-1,-1,-1
315,63,674.84,329.40,81.96,150.89,1.0000,-1,-1,-1
315,67,472.51,422.25,85.53,208.44,1.0000,-1,-1,-1
316,23,603.23,433.56,96.34,219.81,1.0000,-1,-1,-1
316,57,694.71,497.58,96.49,161.29,1.0000,-1,-1,-1
316,59,1072.15,214.91,77.96,187.03,1.0000,-1,-1,-1
316,63,676.70,336.96,82.48,151.85,1.0000,-1,-1,-1
316,67,471.63,430.14,90.23,203.66,1.0000,-1,-1,-1
317,57,700.61,504.29,96.45,161.24,1.0000,-1,-1,-1
317,59,1083.49,216.76,79.16,190.36,1.0000,-1,-1,-1
317,63,678.55,344.52,83.00,152.81,1.0000,-1,-1,-1
317,67,473.41,436.30,91.60,197.37,1.0000,-1,-1,-1
318,59,1105.86,222.17,79.95,191.41,1.0000,-1,-1,-1
318,63,680.41,352.07,83.52,153.76,1.0000,-1,-1,-1
318,67,478.97,444.33,93.47,191.34,1.0000,-1,-1,-1
319,59,1118.23,223.39,83.50,193.16,1.0000,-1,-1,-1
319,63,682.27,359.64,84.03,154.70,1.0000,-1,-1,-1
319,67,483.99,447.72,95.25,188.19,1.0000,-1,-1,-1
320,59,1131.47,222.45,85.40,195.19,1.0000,-1,-1,-1
320,67,487.26,447.45,95.54,186.51,1.0000,-1,-1,-1
320,68,582.10,421.64,72.45,198.07,1.0000,-1,-1,-1
321,59,1144.95,220.81,86.86,196.84,1.0000,-1,-1,-1
321,67,491.95,445.88,96.00,186.80,1.0000,-1,-1,-1
321,68,590.19,421.06,71.12,197.43,1.0000,-1,-1,-1
322,59,1153.33,216.97,91.58,200.19,1.0000,-1,-1,-1
322,67,498.46,442.85,97.52,188.15,1.0000,-1,-1,-1
322,68,596.73,420.27,72.29,199.72,1.0000,-1,-1,-1
323,59,1168.66,213.44,98.32,202.51,1.0000,-1,-1,-1
323,67,506.47,440.33,97.41,189.83,1.0000,-1,-1,-1
323,68,601.89,419.41,74.68,202.33,1.0000,-1,-1,-1
324,59,1180.07,213.08,99.48,202.80,1.0000,-1,-1,-1
324,67,510.13,449.85,98.29,205.41,1.0000,-1,-1,-1
324,68,606.49,417.44,77.04,205.88,1.0000,-1,-1,-1
325,59,1196.57,213.39,92.71,202.91,1.0000,-1,-1,-1
325,67,515.75,442.61,96.68,201.10,1.0000,-1,-1,-1
325,68,611.91,417.31,80.46,207.77,1.0000,-1,-1,-1
326,59,1207.79,214.25,85.27,203.00,1.0000,-1,-1,-1
326,67,519.09,445.76,97.78,203.40,1.0000,-1,-1,-1
326,68,614.33,416.73,82.70,207.61,1.0000,-1,-1,-1
327,59,1217.79,217.07,76.94,201.89,1.0000,-1,-1,-1
327,67,522.44,448.92,98.87,205.67,1.0000,-1,-1,-1
327,68,620.76,415.73,83.61,209.89,1.0000,-1,-1,-1
328,59,1230.19,219.99,77.07,202.22,1.0000,-1,-1,-1
328,67,525.79,452.09,99.96,207.92,1.0000,-1,-1,-1
328,68,614.63,402.57,84.28,215.73,1.0000,-1,-1,-1
329,59,1242.59,222.92,77.19,202.55,1.0000,-1,-1,-1
329,67,531.95,478.59,94.25,223.66,1.0000,-1,-1,-1
329,68,613.47,391.78,85.95,223.81,1.0000,-1,-1,-1
330,59,1254.99,225.84,77.32,202.88,1.0000,-1,-1,-1
330,67,534.89,479.54,90.37,232.41,1.0000,-1,-1,-1
330,68,615.14,381.85,86.86,232.14,1.0000,-1,-1,-1
331,59,1267.39,228.77,77.44,203.21,1.0000,-1,-1,-1
331,67,537.11,477.43,88.51,238.98,1.0000,-1,-1,-1
331,68,624.77,370.09,84.85,239.40,1.0000,-1,-1,-1
331,71,768.28,435.69,128.87,182.64,1.0000,-1,-1,-1
332,59,1279.79,231.69,77.57,203.54,1.0000,-1,-1,-1
332,67,538.61,474.14,86.04,244.31,1.0000,-1,-1,-1
332,68,629.28,366.04,85.83,242.16,1.0000,-1,-1,-1
332,71,772.05,432.81,125.33,183.78,1.0000,-1,-1,-1
332,72,705.12,413.63,76.35,210.89,1.0000,-1,-1,-1
333,67,540.21,452.66,84.77,222.11,1.0000,-1,-1,-1
333,68,633.79,362.01,86.80,244.89,1.0000,-1,-1,-1
333,71,778.36,426.36,121.68,187.74,1.0000,-1,-1,-1
333,72,696.17,410.12,84.54,216.89,1.0000,-1,-1,-1
334,67,542.80,453.87,85.41,223.79,1.0000,-1,-1,-1
334,68,633.09,265.83,118.39,305.78,1.0000,-1,-1,-1
334,71,782.58,420.89,118.54,192.61,1.0000,-1,-1,-1
334,72,694.38,411.30,87.16,215.06,1.0000,-1,-1,-1
335,67,545.39,455.10,86.04,225.45,1.0000,-1,-1,-1
335,68,628.47,241.93,132.64,324.16,1.0000,-1,-1,-1
335,71,785.58,414.61,115.22,198.01,1.0000,-1,-1,-1
335,72,690.65,413.28,89.14,212.92,1.0000,-1,-1,-1
336,67,541.06,438.85,88.41,207.27,1.0000,-1,-1,-1
336,68,622.82,233.11,142.15,329.52,1.0000,-1,-1,-1
336,71,789.55,408.77,111.84,203.36,1.0000,-1,-1,-1
336,72,691.65,415.34,87.89,209.95,1.0000,-1,-1,-1
337,67,537.34,449.11,88.74,222.87,1.0000,-1,-1,-1
337,68,618.03,229.83,148.75,330.55,1.0000,-1,-1,-1
337,71,792.57,403.22,109.87,209.14,1.0000,-1,-1,-1
337,72,688.26,415.62,91.67,210.63,1.0000,-1,-1,-1
338,67,538.98,433.33,96.10,214.10,1.0000,-1,-1,-1
338,68,621.04,218.67,151.51,336.67,1.0000,-1,-1,-1
338,71,789.27,396.15,113.78,218.01,1.0000,-1,-1,-1
338,72,690.81,411.95,88.52,211.29,1.0000,-1,-1,-1
339,67,537.83,423.79,100.58,212.16,1.0000,-1,-1,-1
339,68,624.07,207.57,154.21,342.67,1.0000,-1,-1,-1
339,71,786.74,391.66,116.77,223.77,1.0000,-1,-1,-1
339,72,689.89,407.03,86.97,213.88,1.0000,-1,-1,-1
340,67,538.26,418.95,105.98,212.26,1.0000,-1,-1,-1
340,68,627.12,196.52,156.86,348.57,1.0000,-1,-1,-1
340,71,778.03,389.16,123.77,229.19,1.0000,-1,-1,-1
340,72,688.70,400.22,92.87,221.91,1.0000,-1,-1,-1
341,67,534.67,411.64,106.82,215.17,1.0000,-1,-1,-1
341,68,630.20,185.52,159.47,354.37,1.0000,-1,-1,-1
341,71,764.80,387.73,134.40,233.78,1.0000,-1,-1,-1
341,72,679.28,395.38,90.80,225.90,1.0000,-1,-1,-1
342,67,531.80,404.38,107.63,218.28,1.0000,-1,-1,-1
342,68,633.30,174.56,162.04,360.08,1.0000,-1,-1,-1
342,71,754.36,386.94,144.98,236.17,1.0000,-1,-1,-1
342,72,673.95,388.79,86.65,229.54,1.0000,-1,-1,-1
343,67,525.79,395.02,108.16,224.00,1.0000,-1,-1,-1
343,71,740.02,384.11,156.59,237.84,1.0000,-1,-1,-1
343,72,662.07,382.02,86.36,234.36,1.0000,-1,-1,-1
344,67,519.52,388.43,107.11,227.68,1.0000,-1,-1,-1
344,71,728.79,381.03,166.54,240.76,1.0000,-1,-1,-1
344,72,651.98,371.47,88.87,240.89,1.0000,-1,-1,-1
345,67,510.91,380.13,104.21,233.43,1.0000,-1,-1,-1
345,71,718.63,377.52,174.57,241.89,1.0000,-1,-1,-1
345,72,637.62,362.47,95.03,248.67,1.0000,-1,-1,-1
346,67,505.98,368.32,101.76,238.95,1.0000,-1,-1,-1
346,71,722.02,371.79,178.03,242.76,1.0000,-1,-1,-1
346,72,623.87,356.71,102.49,252.51,1.0000,-1,-1,-1
347,67,499.68,356.63,99.05,242.80,1.0000,-1,-1,-1
347,71,725.03,363.77,183.06,245.33,1.0000,-1,-1,-1
347,72,616.51,352.32,106.75,254.50,1.0000,-1,-1,-1
348,67,487.23,338.66,98.32,246.74,1.0000,-1,-1,-1
348,71,720.32,348.41,195.56,248.76,1.0000,-1,-1,-1
348,72,597.72,333.08,110.73,263.65,1.0000,-1,-1,-1
349,67,475.88,325.53,96.49,249.69,1.0000,-1,-1,-1
349,71,712.63,335.70,207.54,249.78,1.0000,-1,-1,-1
349,72,590.86,316.36,119.38,273.37,1.0000,-1,-1,-1
350,67,462.71,315.55,94.14,252.40,1.0000,-1,-1,-1
350,71,706.32,327.77,218.18,249.23,1.0000,-1,-1,-1
350,72,581.09,301.12,125.56,281.79,1.0000,-1,-1,-1
351,67,451.37,306.22,93.09,249.53,1.0000,-1,-1,-1
351,71,705.49,321.30,224.65,248.35,1.0000,-1,-1,-1
351,72,565.89,304.24,121.99,279.33,1.0000,-1,-1,-1
352,67,442.06,299.30,93.86,242.42,1.0000,-1,-1,-1
352,71,708.86,313.72,227.22,246.94,1.0000,-1,-1,-1
352,72,557.13,294.97,126.09,280.73,1.0000,-1,-1,-1
353,67,423.61,299.17,92.40,238.06,1.0000,-1,-1,-1
353,71,722.45,300.56,222.27,246.50,1.0000,-1,-1,-1
353,72,539.79,298.82,122.46,274.51,1.0000,-1,-1,-1
354,67,410.87,297.64,93.81,234.10,1.0000,-1,-1,-1
354,71,734.68,293.58,215.19,246.55,1.0000,-1,-1,-1
354,72,527.79,301.57,126.09,271.77,1.0000,-1,-1,-1
355,67,398.04,298.47,94.87,236.09,1.0000,-1,-1,-1
355,71,739.22,289.89,211.77,247.43,1.0000,-1,-1,-1
355,72,518.62,307.68,131.88,266.66,1.0000,-1,-1,-1
356,67,386.99,294.12,96.22,239.07,1.0000,-1,-1,-1
356,71,736.90,288.76,212.79,246.19,1.0000,-1,-1,-1
356,72,507.77,313.12,139.57,261.65,1.0000,-1,-1,-1
357,67,379.42,287.14,96.81,237.19,1.0000,-1,-1,-1
357,71,733.76,286.51,214.31,245.67,1.0000,-1,-1,-1
357,72,496.68,315.79,144.53,259.38,1.0000,-1,-1,-1
358,67,361.30,282.48,100.40,240.76,1.0000,-1,-1,-1
358,71,732.06,278.61,211.62,243.03,1.0000,-1,-1,-1
358,72,478.30,316.38,144.95,257.72,1.0000,-1,-1,-1
358,77,612.37,193.83,117.42,156.66,1.0000,-1,-1,-1
359,67,346.65,278.46,104.59,243.24,1.0000,-1,-1,-1
359,71,732.63,275.17,205.38,241.06,1.0000,-1,-1,-1
359,72,468.62,314.22,143.76,254.13,1.0000,-1,-1,-1
359,77,615.42,183.13,120.94,163.47,1.0000,-1,-1,-1
360,67,332.28,274.85,108.48,244.88,1.0000,-1,-1,-1
360,71,738.04,274.60,194.89,239.45,1.0000,-1,-1,-1
360,72,465.96,314.22,140.34,251.02,1.0000,-1,-1,-1
360,77,619.01,178.24,122.72,168.27,1.0000,-1,-1,-1
360,78,461.20,263.99,85.21,257.54,1.0000,-1,-1,-1
361,67,318.32,272.16,112.76,242.51,1.0000,-1,-1,-1
361,71,749.37,273.99,182.41,236.56,1.0000,-1,-1,-1
361,72,456.49,310.76,141.69,253.44,1.0000,-1,-1,-1
361,77,626.19,173.10,120.63,170.66,1.0000,-1,-1,-1
361,78,443.61,254.58,94.48,269.00,1.0000,-1,-1,-1
361,79,372.02,355.91,84.00,151.32,1.0000,-1,-1,-1
362,67,301.87,271.41,117.03,243.03,1.0000,-1,-1,-1
362,71,770.97,274.47,165.61,232.95,1.0000,-1,-1,-1
362,72,447.04,307.30,143.04,255.85,1.0000,-1,-1,-1
362,77,612.99,166.09,132.42,176.37,1.0000,-1,-1,-1
362,78,447.95,254.36,87.65,262.24,1.0000,-1,-1,-1
362,79,355.64,358.04,87.57,158.23,1.0000,-1,-1,-1
362,80,496.22,316.13,105.16,242.55,1.0000,-1,-1,-1
363,67,271.82,272.31,124.92,240.10,1.0000,-1,-1,-1
363,71,779.56,275.89,164.61,226.50,1.0000,-1,-1,-1
363,72,437.59,303.86,144.37,258.23,1.0000,-1,-1,-1
363,77,624.53,160.05,133.65,177.70,1.0000,-1,-1,-1
363,78,421.14,235.31,102.57,275.05,1.0000,-1,-1,-1
363,79,339.52,359.85,90.20,162.97,1.0000,-1,-1,-1
363,80,485.85,316.56,113.81,239.70,1.0000,-1,-1,-1
364,67,250.14,269.90,132.81,236.52,1.0000,-1,-1,-1
364,71,781.36,274.92,169.96,222.69,1.0000,-1,-1,-1
364,72,428.14,300.42,145.69,260.59,1.0000,-1,-1,-1
364,77,628.51,156.36,145.29,180.73,1.0000,-1,-1,-1
364,78,410.50,226.32,110.68,280.66,1.0000,-1,-1,-1
364,79,323.45,361.74,92.74,167.58,1.0000,-1,-1,-1
364,80,477.77,317.76,121.35,235.02,1.0000,-1,-1,-1
365,67,234.71,269.93,138.43,236.83,1.0000,-1,-1,-1
365,71,781.30,274.55,177.43,218.43,1.0000,-1,-1,-1
365,72,418.70,297.00,147.00,262.93,1.0000,-1,-1,-1
365,77,627.61,151.75,157.24,183.51,1.0000,-1,-1,-1
365,78,408.90,220.94,111.33,279.84,1.0000,-1,-1,-1
365,79,307.41,363.68,95.22,172.06,1.0000,-1,-1,-1
365,80,471.78,315.98,138.20,235.83,1.0000,-1,-1,-1
366,67,224.99,267.99,141.38,236.28,1.0000,-1,-1,-1
366,71,780.18,275.31,186.07,214.43,1.0000,-1,-1,-1
366,77,628.48,145.89,164.66,185.64,1.0000,-1,-1,-1
366,78,409.85,218.74,108.54,278.94,1.0000,-1,-1,-1
366,79,291.40,365.68,97.64,176.42,1.0000,-1,-1,-1
366,80,466.20,314.03,154.91,236.01,1.0000,-1,-1,-1
367,67,220.37,269.26,143.63,234.28,1.0000,-1,-1,-1
367,71,781.10,277.61,190.98,212.78,1.0000,-1,-1,-1
367,77,633.67,142.96,168.64,183.79,1.0000,-1,-1,-1
367,78,410.60,213.65,104.14,272.98,1.0000,-1,-1,-1
367,79,275.42,367.73,100.00,180.68,1.0000,-1,-1,-1
367,80,460.11,313.25,165.78,234.48,1.0000,-1,-1,-1
368,67,219.40,267.56,142.40,231.90,1.0000,-1,-1,-1
368,71,789.38,281.57,192.46,212.13,1.0000,-1,-1,-1
368,77,656.32,137.22,163.66,181.37,1.0000,-1,-1,-1
368,78,408.09,208.16,102.60,265.31,1.0000,-1,-1,-1
368,80,464.01,311.76,166.09,231.24,1.0000,-1,-1,-1
369,67,221.40,264.86,140.40,227.93,1.0000,-1,-1,-1
369,71,801.05,282.29,190.88,210.96,1.0000,-1,-1,-1
369,77,684.10,136.38,153.88,177.55,1.0000,-1,-1,-1
369,78,403.98,206.89,104.26,258.72,1.0000,-1,-1,-1
369,80,472.33,311.82,162.22,227.45,1.0000,-1,-1,-1
370,67,224.84,264.96,138.21,225.79,1.0000,-1,-1,-1
370,71,817.31,282.04,185.09,208.57,1.0000,-1,-1,-1
370,77,712.12,135.44,141.21,174.46,1.0000,-1,-1,-1
370,78,400.12,206.35,107.52,250.66,1.0000,-1,-1,-1
370,80,487.63,312.69,156.09,222.95,1.0000,-1,-1,-1
371,67,227.41,265.62,136.64,224.67,1.0000,-1,-1,-1
371,71,838.55,280.82,175.39,206.58,1.0000,-1,-1,-1
371,77,729.57,133.02,136.70,172.83,1.0000,-1,-1,-1
371,78,397.85,206.96,111.23,241.42,1.0000,-1,-1,-1
371,80,510.75,313.42,144.27,217.36,1.0000,-1,-1,-1
372,67,228.68,264.27,136.06,219.55,1.0000,-1,-1,-1
372,71,863.81,277.54,163.47,205.00,1.0000,-1,-1,-1
372,77,737.21,127.83,138.52,172.91,1.0000,-1,-1,-1
372,78,395.73,208.83,115.15,231.13,1.0000,-1,-1,-1
372,80,529.64,313.42,149.11,213.24,1.0000,-1,-1,-1
373,67,227.82,265.87,139.45,207.75,1.0000,-1,-1,-1
373,71,873.96,267.15,164.00,205.06,1.0000,-1,-1,-1
373,77,748.08,117.46,143.83,173.90,1.0000,-1,-1,-1
373,78,389.89,212.25,122.12,215.76,1.0000,-1,-1,-1
373,80,536.77,313.46,160.33,211.46,1.0000,-1,-1,-1
374,67,230.24,270.39,148.50,197.21,1.0000,-1,-1,-1
374,71,878.43,257.66,166.69,206.36,1.0000,-1,-1,-1
374,77,758.51,108.95,150.17,170.80,1.0000,-1,-1,-1
374,78,391.88,214.80,122.03,204.33,1.0000,-1,-1,-1
374,80,539.39,312.60,169.27,210.88,1.0000,-1,-1,-1
375,67,232.88,280.48,160.91,202.91,1.0000,-1,-1,-1
375,71,883.55,249.82,169.01,206.06,1.0000,-1,-1,-1
375,77,775.74,102.94,149.38,169.54,1.0000,-1,-1,-1
375,78,386.77,215.10,123.37,195.13,1.0000,-1,-1,-1
375,80,543.40,310.96,174.40,211.52,1.0000,-1,-1,-1
376,67,229.04,278.60,161.68,203.89,1.0000,-1,-1,-1
376,71,887.74,243.40,172.08,205.77,1.0000,-1,-1,-1
376,77,790.03,98.62,147.43,170.21,1.0000,-1,-1,-1
376,78,383.03,214.42,125.78,188.04,1.0000,-1,-1,-1
376,80,549.46,309.57,175.89,211.70,1.0000,-1,-1,-1
377,67,224.86,272.89,160.19,191.44,1.0000,-1,-1,-1
377,71,894.86,239.56,175.30,206.38,1.0000,-1,-1,-1
377,77,812.17,97.46,142.72,169.01,1.0000,-1,-1,-1
377,78,377.88,213.21,131.82,183.52,1.0000,-1,-1,-1
377,80,557.40,308.63,175.72,209.28,1.0000,-1,-1,-1
378,67,234.44,270.77,156.44,181.41,1.0000,-1,-1,-1
378,71,907.10,236.57,174.19,206.41,1.0000,-1,-1,-1
378,77,840.91,95.49,137.84,166.74,1.0000,-1,-1,-1
378,78,378.59,210.51,139.27,178.96,1.0000,-1,-1,-1
378,80,586.04,304.91,161.49,203.48,1.0000,-1,-1,-1
379,67,243.60,268.56,150.08,173.82,1.0000,-1,-1,-1
379,71,914.50,232.16,174.69,207.01,1.0000,-1,-1,-1
379,77,849.82,93.77,136.04,165.35,1.0000,-1,-1,-1
379,78,382.76,210.06,143.36,173.74,1.0000,-1,-1,-1
379,80,612.94,303.13,145.54,199.45,1.0000,-1,-1,-1
379,83,636.89,662.51,88.91,57.93,1.0000,-1,-1,-1
380,67,254.81,268.20,142.87,170.18,1.0000,-1,-1,-1
380,71,946.75,234.53,154.23,203.99,1.0000,-1,-1,-1
380,77,853.49,89.92,137.20,165.82,1.0000,-1,-1,-1
380,78,409.39,209.45,132.33,168.63,1.0000,-1,-1,-1
380,80,623.16,301.75,141.73,195.64,1.0000,-1,-1,-1
380,83,642.05,662.26,89.75,58.48,1.0000,-1,-1,-1
380,84,1108.49,619.67,107.85,99.56,1.0000,-1,-1,-1
381,67,268.24,269.04,136.71,169.74,1.0000,-1,-1,-1
381,71,961.05,234.28,140.10,201.22,1.0000,-1,-1,-1
381,77,855.46,88.55,139.46,163.23,1.0000,-1,-1,-1
381,78,424.75,205.93,124.39,157.85,1.0000,-1,-1,-1
381,80,625.16,299.34,141.52,193.64,1.0000,-1,-1,-1
381,83,647.21,662.01,90.58,59.03,1.0000,-1,-1,-1
381,84,1116.04,614.68,107.56,103.24,1.0000,-1,-1,-1
382,67,272.40,265.82,136.92,170.02,1.0000,-1,-1,-1
382,71,966.36,232.61,136.50,198.23,1.0000,-1,-1,-1
382,77,859.08,90.31,142.08,159.74,1.0000,-1,-1,-1
382,78,433.15,204.85,118.26,146.46,1.0000,-1,-1,-1
382,80,625.18,296.14,143.24,191.38,1.0000,-1,-1,-1
382,83,652.37,661.77,91.41,59.56,1.0000,-1,-1,-1
382,84,1117.34,608.99,110.21,108.65,1.0000,-1,-1,-1
383,67,265.36,261.30,139.02,170.53,1.0000,-1,-1,-1
383,71,953.12,229.18,140.00,194.93,1.0000,-1,-1,-1
383,77,870.18,91.71,133.50,157.84,1.0000,-1,-1,-1
383,78,415.66,209.52,124.27,147.59,1.0000,-1,-1,-1
383,80,623.76,290.09,146.28,187.92,1.0000,-1,-1,-1
383,81,333.40,358.09,149.44,170.60,1.0000,-1,-1,-1
383,83,657.54,661.53,92.23,60.10,1.0000,-1,-1,-1
383,84,1119.82,601.94,113.57,115.19,1.0000,-1,-1,-1
384,67,256.97,258.13,140.57,171.66,1.0000,-1,-1,-1
384,71,944.08,227.18,146.91,192.57,1.0000,-1,-1,-1
384,77,885.97,91.87,120.44,156.04,1.0000,-1,-1,-1
384,78,402.89,211.55,129.80,148.51,1.0000,-1,-1,-1
384,80,624.28,287.44,146.94,186.12,1.0000,-1,-1,-1
384,81,327.21,358.74,145.98,166.78,1.0000,-1,-1,-1
384,83,662.71,661.29,93.04,60.63,1.0000,-1,-1,-1
384,84,1115.64,597.28,119.75,121.04,1.0000,-1,-1,-1
385,67,250.17,255.45,141.83,171.04,1.0000,-1,-1,-1
385,71,935.19,226.12,154.53,190.02,1.0000,-1,-1,-1
385,77,895.07,92.25,108.92,153.25,1.0000,-1,-1,-1
385,78,391.24,211.88,133.70,149.64,1.0000,-1,-1,-1
385,80,651.85,286.54,129.70,182.46,1.0000,-1,-1,-1
385,81,322.61,357.61,144.48,166.42,1.0000,-1,-1,-1
385,84,1118.40,592.77,123.24,124.57,1.0000,-1,-1,-1
386,67,244.22,254.59,143.56,171.30,1.0000,-1,-1,-1
386,71,933.18,226.80,170.61,189.15,1.0000,-1,-1,-1
386,77,893.34,91.20,108.31,152.02,1.0000,-1,-1,-1
386,78,381.60,212.03,136.05,149.91,1.0000,-1,-1,-1
386,80,661.45,286.01,117.49,178.81,1.0000,-1,-1,-1
386,81,317.67,356.08,146.04,166.52,1.0000,-1,-1,-1
386,84,1121.20,588.31,126.63,128.00,1.0000,-1,-1,-1
386,86,1063.19,597.75,170.19,121.04,1.0000,-1,-1,-1
387,67,237.53,254.42,144.21,172.72,1.0000,-1,-1,-1
387,71,921.46,227.25,175.80,189.30,1.0000,-1,-1,-1
387,77,882.82,90.08,109.52,150.05,1.0000,-1,-1,-1
387,78,376.11,213.04,136.42,149.83,1.0000,-1,-1,-1
387,80,657.74,285.94,113.77,176.00,1.0000,-1,-1,-1
387,81,323.75,357.53,141.19,165.42,1.0000,-1,-1,-1
387,84,1124.04,583.90,129.93,131.34,1.0000,-1,-1,-1
387,86,1074.06,596.68,159.58,120.06,1.0000,-1,-1,-1
388,67,232.44,256.43,140.04,172.66,1.0000,-1,-1,-1
388,71,908.32,225.09,163.08,189.00,1.0000,-1,-1,-1
388,77,867.47,88.56,115.37,145.99,1.0000,-1,-1,-1
388,78,371.54,214.03,132.04,148.68,1.0000,-1,-1,-1
388,80,652.36,284.19,116.65,173.08,1.0000,-1,-1,-1
388,81,320.37,362.01,138.72,164.80,1.0000,-1,-1,-1
388,84,1128.82,588.31,111.48,127.51,1.0000,-1,-1,-1
388,86,1080.23,597.44,155.16,116.74,1.0000,-1,-1,-1
389,67,236.11,257.27,133.52,171.88,1.0000,-1,-1,-1
389,71,904.87,225.28,147.92,188.04,1.0000,-1,-1,-1
389,77,872.80,85.74,115.23,145.81,1.0000,-1,-1,-1
389,78,377.25,214.34,120.92,146.55,1.0000,-1,-1,-1
389,80,643.86,282.69,122.49,171.55,1.0000,-1,-1,-1
389,81,331.89,362.99,126.35,162.62,1.0000,-1,-1,-1
389,84,1125.24,583.77,110.30,131.90,1.0000,-1,-1,-1
389,86,1086.47,598.24,150.61,113.32,1.0000,-1,-1,-1
389,87,148.10,91.21,107.13,138.93,1.0000,-1,-1,-1
390,67,239.03,259.02,129.95,170.30,1.0000,-1,-1,-1
390,71,911.23,228.94,132.00,183.33,1.0000,-1,-1,-1
390,77,878.13,82.92,115.09,145.63,1.0000,-1,-1,-1
390,78,372.01,214.89,114.98,145.66,1.0000,-1,-1,-1
390,80,632.90,281.57,128.04,171.90,1.0000,-1,-1,-1
390,81,331.83,364.74,119.48,160.12,1.0000,-1,-1,-1
390,84,1115.01,578.06,115.50,138.65,1.0000,-1,-1,-1
390,86,1092.78,599.10,145.92,109.79,1.0000,-1,-1,-1
390,87,134.91,91.64,111.73,140.20,1.0000,-1,-1,-1
391,67,228.84,258.93,126.03,168.75,1.0000,-1,-1,-1
391,71,907.60,230.72,124.05,179.79,1.0000,-1,-1,-1
391,77,883.46,80.10,114.95,145.45,1.0000,-1,-1,-1
391,78,362.39,213.08,112.77,145.09,1.0000,-1,-1,-1
391,80,620.00,285.69,132.27,169.56,1.0000,-1,-1,-1
391,81,330.34,363.79,115.45,157.70,1.0000,-1,-1,-1
391,84,1098.83,574.08,122.82,143.94,1.0000,-1,-1,-1
391,86,1099.17,600.01,141.08,106.15,1.0000,-1,-1,-1
391,87,122.87,90.73,119.08,143.32,1.0000,-1,-1,-1
391,88,1171.07,231.56,84.33,154.40,1.0000,-1,-1,-1
392,67,218.01,259.11,127.25,167.97,1.0000,-1,-1,-1
392,71,895.69,229.31,120.99,177.24,1.0000,-1,-1,-1
392,77,888.79,77.28,114.80,145.27,1.0000,-1,-1,-1
392,78,349.30,210.77,113.90,145.66,1.0000,-1,-1,-1
392,80,614.14,284.12,133.24,170.04,1.0000,-1,-1,-1
392,81,320.97,363.12,114.35,155.95,1.0000,-1,-1,-1
392,84,1071.81,570.10,135.32,149.17,1.0000,-1,-1,-1
392,86,1105.65,600.99,136.06,102.37,1.0000,-1,-1,-1
392,87,111.59,95.49,117.61,139.96,1.0000,-1,-1,-1
392,88,1154.12,231.76,82.84,152.86,1.0000,-1,-1,-1
393,67,198.16,260.73,129.18,167.18,1.0000,-1,-1,-1
393,71,869.21,224.48,124.01,177.47,1.0000,-1,-1,-1
393,77,894.12,74.46,114.66,145.09,1.0000,-1,-1,-1
393,78,328.49,208.62,117.37,147.01,1.0000,-1,-1,-1
393,80,626.91,284.40,121.54,167.78,1.0000,-1,-1,-1
393,81,304.48,363.36,117.60,157.22,1.0000,-1,-1,-1
393,84,1084.87,568.83,120.83,148.64,1.0000,-1,-1,-1
393,87,104.01,98.90,111.67,136.76,1.0000,-1,-1,-1
393,88,1113.81,229.19,93.45,161.45,1.0000,-1,-1,-1
394,67,191.81,260.66,142.38,167.04,1.0000,-1,-1,-1
394,71,851.78,223.18,130.00,175.28,1.0000,-1,-1,-1
394,78,315.73,207.49,118.51,147.59,1.0000,-1,-1,-1
394,80,632.31,284.63,113.72,165.63,1.0000,-1,-1,-1
394,81,293.41,363.34,122.13,158.30,1.0000,-1,-1,-1
394,84,1090.60,568.63,108.07,148.37,1.0000,-1,-1,-1
394,87,100.61,102.88,103.17,132.77,1.0000,-1,-1,-1
394,88,1086.27,227.85,107.13,170.08,1.0000,-1,-1,-1
395,67,173.96,262.23,141.35,167.03,1.0000,-1,-1,-1
395,71,838.08,222.67,136.04,174.14,1.0000,-1,-1,-1
395,78,302.66,206.25,120.06,146.77,1.0000,-1,-1,-1
395,80,624.02,283.06,112.19,163.45,1.0000,-1,-1,-1
395,81,285.49,362.47,125.48,159.77,1.0000,-1,-1,-1
395,84,1093.89,569.29,96.19,148.12,1.0000,-1,-1,-1
395,87,97.46,103.30,96.76,131.27,1.0000,-1,-1,-1
395,88,1066.19,225.72,115.27,165.40,1.0000,-1,-1,-1
396,67,163.09,263.42,137.52,166.64,1.0000,-1,-1,-1
396,71,827.89,222.38,139.34,173.62,1.0000,-1,-1,-1
396,78,295.33,207.63,118.84,147.39,1.0000,-1,-1,-1
396,80,611.11,280.83,115.56,163.52,1.0000,-1,-1,-1
396,81,281.88,363.24,134.29,161.55,1.0000,-1,-1,-1
396,84,1094.79,568.31,86.45,148.16,1.0000,-1,-1,-1
396,87,85.45,104.68,94.41,130.98,1.0000,-1,-1,-1
396,88,1048.70,225.94,120.03,156.77,1.0000,-1,-1,-1
397,67,158.55,265.12,131.99,165.47,1.0000,-1,-1,-1
397,71,817.47,222.77,137.19,172.62,1.0000,-1,-1,-1
397,78,291.73,207.95,114.75,147.05,1.0000,-1,-1,-1
397,80,596.27,278.22,121.52,162.78,1.0000,-1,-1,-1
397,81,279.27,359.57,139.03,164.68,1.0000,-1,-1,-1
397,84,1083.73,563.15,86.48,150.12,1.0000,-1,-1,-1
397,87,71.31,104.03,95.16,132.32,1.0000,-1,-1,-1
397,88,1037.89,228.41,118.87,145.69,1.0000,-1,-1,-1
398,67,160.97,263.57,120.67,161.94,1.0000,-1,-1,-1
398,71,810.95,221.55,125.59,170.89,1.0000,-1,-1,-1
398,78,292.05,207.70,106.86,146.22,1.0000,-1,-1,-1
398,80,574.38,273.45,129.34,159.87,1.0000,-1,-1,-1
398,81,280.66,357.63,132.50,164.83,1.0000,-1,-1,-1
398,84,1054.51,555.90,99.30,159.34,1.0000,-1,-1,-1
398,87,50.19,105.03,98.50,132.40,1.0000,-1,-1,-1
398,88,1035.19,232.81,103.36,135.01,1.0000,-1,-1,-1
399,67,159.51,264.99,111.85,161.57,1.0000,-1,-1,-1
399,71,810.41,221.34,116.49,168.94,1.0000,-1,-1,-1
399,78,283.36,207.93,102.09,145.51,1.0000,-1,-1,-1
399,80,560.67,273.38,135.38,157.53,1.0000,-1,-1,-1
399,81,279.64,358.58,120.67,162.58,1.0000,-1,-1,-1
399,84,1032.62,550.57,109.70,166.03,1.0000,-1,-1,-1
399,87,36.88,104.85,101.32,135.00,1.0000,-1,-1,-1
399,88,1024.99,236.01,92.43,126.42,1.0000,-1,-1,-1
400,67,153.89,263.39,108.41,159.80,1.0000,-1,-1,-1
400,71,808.11,221.38,110.97,167.58,1.0000,-1,-1,-1
400,78,270.97,208.28,100.27,144.55,1.0000,-1,-1,-1
400,80,552.36,274.34,138.60,156.76,1.0000,-1,-1,-1
400,81,270.85,359.09,113.83,160.69,1.0000,-1,-1,-1
400,84,1015.35,546.10,118.77,171.43,1.0000,-1,-1,-1
400,87,28.07,108.28,100.49,134.65,1.0000,-1,-1,-1
400,88,1011.82,238.60,84.03,118.23,1.0000,-1,-1,-1
401,67,143.07,264.22,108.73,160.89,1.0000,-1,-1,-1
401,71,798.50,220.43,110.42,165.24,1.0000,-1,-1,-1
401,78,259.56,209.00,101.26,145.22,1.0000,-1,-1,-1
401,80,550.40,276.31,137.05,154.32,1.0000,-1,-1,-1
401,81,262.06,358.70,111.11,160.00,1.0000,-1,-1,-1
401,84,1000.04,543.61,129.22,174.88,1.0000,-1,-1,-1
401,87,24.89,112.78,97.30,131.93,1.0000,-1,-1,-1
401,88,998.28,244.88,78.82,116.66,1.0000,-1,-1,-1
402,67,132.76,262.62,111.15,161.91,1.0000,-1,-1,-1
402,71,784.30,218.96,112.77,162.81,1.0000,-1,-1,-1
402,78,249.29,208.81,103.69,144.49,1.0000,-1,-1,-1
402,80,552.49,278.21,131.26,151.71,1.0000,-1,-1,-1
402,81,255.96,353.02,116.98,162.32,1.0000,-1,-1,-1
402,84,990.94,542.69,136.00,176.78,1.0000,-1,-1,-1
402,87,24.29,114.88,91.30,130.95,1.0000,-1,-1,-1
402,88,978.33,253.61,80.41,125.73,1.0000,-1,-1,-1
403,67,120.74,261.90,116.82,161.58,1.0000,-1,-1,-1
403,71,760.72,218.88,118.54,161.18,1.0000,-1,-1,-1
403,78,235.90,214.17,105.14,143.89,1.0000,-1,-1,-1
403,80,553.05,279.26,124.42,150.19,1.0000,-1,-1,-1
403,81,252.36,352.32,116.73,161.98,1.0000,-1,-1,-1
403,84,1014.74,541.87,123.86,176.57,1.0000,-1,-1,-1
403,87,15.31,119.36,87.03,129.28,1.0000,-1,-1,-1
403,88,951.10,252.88,81.16,117.25,1.0000,-1,-1,-1
404,67,111.72,263.35,116.98,161.14,1.0000,-1,-1,-1
404,71,746.95,216.83,122.94,159.92,1.0000,-1,-1,-1
404,78,246.80,216.89,90.75,142.12,1.0000,-1,-1,-1
404,80,546.36,280.18,122.31,149.61,1.0000,-1,-1,-1
404,81,244.07,362.96,123.60,159.55,1.0000,-1,-1,-1
404,84,1024.33,540.61,116.81,177.29,1.0000,-1,-1,-1
404,87,3.62,122.13,86.78,129.20,1.0000,-1,-1,-1
404,88,931.86,261.43,83.31,122.86,1.0000,-1,-1,-1
405,67,109.98,265.87,113.40,160.73,1.0000,-1,-1,-1
405,71,735.49,218.27,125.95,157.51,1.0000,-1,-1,-1
405,78,247.84,220.60,81.81,140.37,1.0000,-1,-1,-1
405,80,538.69,281.40,122.55,149.50,1.0000,-1,-1,-1
405,81,240.33,363.09,123.45,159.35,1.0000,-1,-1,-1
405,84,1019.12,536.82,112.45,176.98,1.0000,-1,-1,-1
405,87,-1.66,117.81,87.38,132.42,1.0000,-1,-1,-1
405,88,915.97,263.29,84.82,122.84,1.0000,-1,-1,-1
405,94,1155.09,246.49,89.09,176.66,1.0000,-1,-1,-1
406,67,111.28,268.24,108.32,159.53,1.0000,-1,-1,-1
406,71,727.98,222.03,126.73,154.98,1.0000,-1,-1,-1
406,78,250.85,224.42,79.44,139.84,1.0000,-1,-1,-1
406,80,528.87,281.66,124.87,149.24,1.0000,-1,-1,-1
406,81,242.91,369.26,110.74,155.20,1.0000,-1,-1,-1
406,84,1010.74,533.61,113.53,178.86,1.0000,-1,-1,-1
406,87,-2.65,119.09,88.90,132.97,1.0000,-1,-1,-1
406,88,901.89,266.97,85.44,124.14,1.0000,-1,-1,-1
406,94,1132.53,243.46,97.48,177.00,1.0000,-1,-1,-1
406,95,1189.71,391.04,84.98,198.65,1.0000,-1,-1,-1
407,67,104.85,268.16,108.40,159.65,1.0000,-1,-1,-1
407,71,744.89,226.21,109.45,153.73,1.0000,-1,-1,-1
407,78,246.39,224.30,73.75,136.82,1.0000,-1,-1,-1
407,80,521.81,282.95,127.12,147.93,1.0000,-1,-1,-1
407,81,258.18,372.43,93.36,152.08,1.0000,-1,-1,-1
407,84,998.57,529.11,115.85,178.87,1.0000,-1,-1,-1
407,87,-3.40,124.24,88.88,131.72,1.0000,-1,-1,-1
407,88,889.35,268.33,85.25,123.20,1.0000,-1,-1,-1
407,94,1113.72,242.63,102.12,174.45,1.0000,-1,-1,-1
407,95,1177.15,388.83,96.10,198.84,1.0000,-1,-1,-1
408,67,112.10,269.93,102.13,158.07,1.0000,-1,-1,-1
408,71,740.92,228.13,95.87,151.33,1.0000,-1,-1,-1
408,78,228.47,224.75,78.51,137.39,1.0000,-1,-1,-1
408,80,545.06,282.54,111.00,143.01,1.0000,-1,-1,-1
408,81,255.57,373.88,89.50,149.50,1.0000,-1,-1,-1
408,84,1009.29,525.40,109.32,178.42,1.0000,-1,-1,-1
408,87,1.02,129.70,78.03,129.32,1.0000,-1,-1,-1
408,88,869.92,271.61,85.59,123.00,1.0000,-1,-1,-1
408,94,1095.93,245.03,90.81,163.38,1.0000,-1,-1,-1
408,95,1150.94,388.91,106.27,196.50,1.0000,-1,-1,-1
409,67,108.38,269.11,101.61,157.89,1.0000,-1,-1,-1
409,71,739.01,229.96,87.23,148.85,1.0000,-1,-1,-1
409,78,217.08,223.98,83.09,139.70,1.0000,-1,-1,-1
409,80,555.66,281.38,99.73,134.96,1.0000,-1,-1,-1
409,81,248.55,374.65,90.49,148.77,1.0000,-1,-1,-1
409,84,1014.89,523.79,105.95,178.01,1.0000,-1,-1,-1
409,87,2.12,135.04,69.64,126.42,1.0000,-1,-1,-1
409,88,856.58,271.22,86.00,119.84,1.0000,-1,-1,-1
409,94,1087.54,247.89,77.42,154.21,1.0000,-1,-1,-1
409,95,1133.86,389.18,111.50,192.43,1.0000,-1,-1,-1
410,67,106.09,268.05,108.22,157.30,1.0000,-1,-1,-1
410,71,735.18,229.36,83.19,148.67,1.0000,-1,-1,-1
410,78,211.39,223.93,91.11,141.68,1.0000,-1,-1,-1
410,80,557.58,283.40,93.52,128.13,1.0000,-1,-1,-1
410,81,243.81,374.15,93.22,147.23,1.0000,-1,-1,-1
410,84,1015.96,524.62,102.45,178.08,1.0000,-1,-1,-1
410,87,-3.08,138.45,65.84,124.96,1.0000,-1,-1,-1
410,88,847.36,270.43,87.76,115.32,1.0000,-1,-1,-1
410,94,1080.37,248.92,66.39,147.27,1.0000,-1,-1,-1
410,95,1121.23,390.04,113.60,189.69,1.0000,-1,-1,-1
411,67,98.87,268.05,110.48,154.46,1.0000,-1,-1,-1
411,71,728.25,229.38,82.51,147.45,1.0000,-1,-1,-1
411,78,217.16,224.75,91.07,142.12,1.0000,-1,-1,-1
411,80,556.39,286.41,91.00,124.49,1.0000,-1,-1,-1
411,81,243.23,373.40,102.10,145.60,1.0000,-1,-1,-1
411,84,1014.30,525.65,97.24,177.32,1.0000,-1,-1,-1
411,87,-4.48,139.88,62.70,123.00,1.0000,-1,-1,-1
411,88,839.37,279.46,93.28,128.44,1.0000,-1,-1,-1
411,94,1071.14,247.29,61.69,145.51,1.0000,-1,-1,-1
411,95,1112.14,389.25,113.04,186.75,1.0000,-1,-1,-1
412,67,93.94,267.75,110.55,154.56,1.0000,-1,-1,-1
412,71,727.21,219.39,80.96,144.38,1.0000,-1,-1,-1
412,78,225.43,226.16,85.12,142.67,1.0000,-1,-1,-1
412,80,552.29,287.09,91.74,121.53,1.0000,-1,-1,-1
412,81,240.74,373.96,108.92,144.27,1.0000,-1,-1,-1
412,84,1013.87,525.27,92.54,175.58,1.0000,-1,-1,-1
412,87,-4.31,141.76,60.54,121.48,1.0000,-1,-1,-1
412,88,831.25,281.72,97.33,136.88,1.0000,-1,-1,-1
412,94,1061.05,243.81,61.14,146.53,1.0000,-1,-1,-1
412,95,1105.89,387.25,111.51,183.67,1.0000,-1,-1,-1
413,67,89.01,267.45,110.62,154.66,1.0000,-1,-1,-1
413,71,710.84,219.82,86.53,143.78,1.0000,-1,-1,-1
413,78,226.57,231.55,76.53,142.44,1.0000,-1,-1,-1
413,80,556.40,291.41,88.58,124.29,1.0000,-1,-1,-1
413,81,242.97,376.75,107.29,142.97,1.0000,-1,-1,-1
413,84,1008.91,521.44,85.70,172.99,1.0000,-1,-1,-1
413,87,-3.05,143.11,60.04,121.23,1.0000,-1,-1,-1
413,88,815.81,281.49,98.54,140.13,1.0000,-1,-1,-1
413,94,1046.75,238.82,62.64,148.07,1.0000,-1,-1,-1
413,95,1102.87,382.72,112.06,180.76,1.0000,-1,-1,-1
414,67,84.09,267.15,110.69,154.75,1.0000,-1,-1,-1
414,71,700.66,222.14,93.15,141.48,1.0000,-1,-1,-1
414,78,227.03,234.76,71.91,142.54,1.0000,-1,-1,-1
414,80,545.81,292.96,93.11,128.70,1.0000,-1,-1,-1
414,81,247.30,378.38,103.29,141.17,1.0000,-1,-1,-1
414,84,1012.48,517.93,78.52,170.70,1.0000,-1,-1,-1
414,87,-0.68,144.36,62.27,122.29,1.0000,-1,-1,-1
414,88,804.24,280.27,99.35,142.48,1.0000,-1,-1,-1
414,94,1037.35,237.01,62.16,147.68,1.0000,-1,-1,-1
414,95,1096.17,379.81,113.85,178.30,1.0000,-1,-1,-1
415,67,79.16,266.85,110.76,154.85,1.0000,-1,-1,-1
415,71,694.32,222.83,96.74,139.94,1.0000,-1,-1,-1
415,78,226.38,236.32,73.79,143.52,1.0000,-1,-1,-1
415,80,535.50,292.82,99.59,130.98,1.0000,-1,-1,-1
415,81,256.71,380.23,97.34,139.99,1.0000,-1,-1,-1
415,84,1026.77,516.20,89.92,171.77,1.0000,-1,-1,-1
415,87,-1.03,146.08,62.34,123.35,1.0000,-1,-1,-1
415,88,796.90,277.65,99.18,144.67,1.0000,-1,-1,-1
415,94,1028.41,235.84,61.21,146.64,1.0000,-1,-1,-1
415,95,1086.97,374.88,118.01,178.34,1.0000,-1,-1,-1
415,96,143.21,280.03,52.90,143.11,1.0000,-1,-1,-1
416,67,74.23,266.55,110.83,154.95,1.0000,-1,-1,-1
416,71,687.52,222.21,96.13,139.05,1.0000,-1,-1,-1
416,78,218.32,237.52,71.05,143.09,1.0000,-1,-1,-1
416,80,548.66,288.07,91.83,124.30,1.0000,-1,-1,-1
416,81,265.25,379.71,90.98,139.23,1.0000,-1,-1,-1
416,84,1025.58,513.80,90.26,172.41,1.0000,-1,-1,-1
416,87,-2.93,147.61,59.30,122.52,1.0000,-1,-1,-1
416,88,788.91,275.21,97.30,145.42,1.0000,-1,-1,-1
416,94,1019.73,237.30,58.96,144.14,1.0000,-1,-1,-1
416,95,1080.71,369.50,118.91,178.45,1.0000,-1,-1,-1
416,96,138.38,280.30,54.26,143.29,1.0000,-1,-1,-1
417,71,680.73,221.59,95.51,138.16,1.0000,-1,-1,-1
417,78,209.31,237.63,72.51,142.82,1.0000,-1,-1,-1
417,80,539.55,293.79,95.01,125.57,1.0000,-1,-1,-1
417,81,264.55,377.66,90.55,138.99,1.0000,-1,-1,-1
417,84,1017.72,510.54,89.27,172.24,1.0000,-1,-1,-1
417,87,-6.59,150.51,58.28,120.40,1.0000,-1,-1,-1
417,88,783.21,274.19,94.71,145.98,1.0000,-1,-1,-1
417,94,1010.41,239.34,56.52,141.06,1.0000,-1,-1,-1
417,95,1073.73,374.77,117.33,172.46,1.0000,-1,-1,-1
417,96,130.08,278.36,59.43,146.84,1.0000,-1,-1,-1
417,101,548.14,530.08,58.22,91.22,1.0000,-1,-1,-1
418,71,705.76,219.48,75.60,131.89,1.0000,-1,-1,-1
418,78,199.95,236.70,81.90,144.38,1.0000,-1,-1,-1
418,80,546.74,290.77,86.55,120.78,1.0000,-1,-1,-1
418,81,256.18,374.83,95.00,138.91,1.0000,-1,-1,-1
418,84,997.35,508.24,97.12,170.49,1.0000,-1,-1,-1
418,87,-10.24,153.44,57.23,118.24,1.0000,-1,-1,-1
418,88,772.87,274.58,89.88,146.91,1.0000,-1,-1,-1
418,94,997.39,238.48,55.85,139.75,1.0000,-1,-1,-1
418,95,1062.89,375.73,106.43,168.36,1.0000,-1,-1,-1
418,96,115.34,273.77,69.20,153.02,1.0000,-1,-1,-1
418,101,552.77,533.26,50.61,86.09,1.0000,-1,-1,-1
419,71,700.92,218.77,74.79,130.47,1.0000,-1,-1,-1
419,78,192.49,236.01,89.48,145.59,1.0000,-1,-1,-1
419,80,537.93,295.54,87.21,125.10,1.0000,-1,-1,-1
419,81,250.19,373.56,101.07,138.03,1.0000,-1,-1,-1
419,84,1002.84,505.97,87.73,168.54,1.0000,-1,-1,-1
419,87,-13.88,156.38,56.17,116.04,1.0000,-1,-1,-1
419,88,767.97,274.37,84.39,147.38,1.0000,-1,-1,-1
419,94,985.17,234.92,59.78,141.15,1.0000,-1,-1,-1
419,95,1060.43,375.74,93.72,163.98,1.0000,-1,-1,-1
419,96,103.80,269.89,78.40,155.46,1.0000,-1,-1,-1
419,101,554.62,536.30,47.17,80.23,1.0000,-1,-1,-1
420,71,695.21,216.39,70.76,135.58,1.0000,-1,-1,-1
420,78,187.39,236.04,94.39,145.68,1.0000,-1,-1,-1
420,80,534.69,295.63,87.39,128.52,1.0000,-1,-1,-1
420,81,245.54,372.63,107.26,137.23,1.0000,-1,-1,-1
420,84,1005.65,496.35,81.48,155.48,1.0000,-1,-1,-1
420,87,-17.50,159.35,55.09,113.80,1.0000,-1,-1,-1
420,88,764.66,275.04,78.94,147.58,1.0000,-1,-1,-1
420,94,969.69,233.26,65.12,140.40,1.0000,-1,-1,-1
420,95,1059.92,366.90,81.05,164.10,1.0000,-1,-1,-1
420,96,95.75,266.99,89.75,154.98,1.0000,-1,-1,-1
420,101,556.60,539.57,43.45,73.90,1.0000,-1,-1,-1
421,71,685.91,215.41,73.91,140.27,1.0000,-1,-1,-1
421,78,191.72,237.65,90.66,145.28,1.0000,-1,-1,-1
421,80,526.21,294.88,91.04,131.78,1.0000,-1,-1,-1
421,81,241.44,373.76,111.59,137.56,1.0000,-1,-1,-1
421,84,1007.01,494.32,76.09,147.37,1.0000,-1,-1,-1
421,87,-6.71,150.52,44.18,113.77,1.0000,-1,-1,-1
421,88,763.74,277.59,74.76,146.69,1.0000,-1,-1,-1
421,94,954.17,231.46,70.55,141.40,1.0000,-1,-1,-1
421,95,1057.74,369.05,70.67,161.21,1.0000,-1,-1,-1
421,96,88.60,265.74,98.78,153.00,1.0000,-1,-1,-1
421,101,558.75,543.13,39.38,66.98,1.0000,-1,-1,-1
422,71,677.07,216.87,78.04,141.10,1.0000,-1,-1,-1
422,78,196.35,238.96,81.00,144.25,1.0000,-1,-1,-1
422,80,521.89,293.88,95.89,135.53,1.0000,-1,-1,-1
422,81,239.26,375.36,110.05,137.80,1.0000,-1,-1,-1
422,84,1006.42,493.91,71.61,141.70,1.0000,-1,-1,-1
422,87,-3.21,151.77,42.72,114.48,1.0000,-1,-1,-1
422,88,761.81,279.05,72.45,145.44,1.0000,-1,-1,-1
422,94,939.94,229.25,73.57,142.44,1.0000,-1,-1,-1
422,95,1055.31,371.64,62.58,156.87,1.0000,-1,-1,-1
422,96,82.26,266.14,103.88,151.85,1.0000,-1,-1,-1
422,101,553.91,527.48,49.32,93.59,1.0000,-1,-1,-1
423,71,663.61,217.89,87.41,136.47,1.0000,-1,-1,-1
423,78,190.88,240.53,71.56,143.79,1.0000,-1,-1,-1
423,80,519.55,294.84,95.05,134.35,1.0000,-1,-1,-1
423,81,253.39,375.92,92.27,136.70,1.0000,-1,-1,-1
423,84,1003.47,491.87,69.75,137.76,1.0000,-1,-1,-1
423,87,-5.51,154.48,41.50,111.19,1.0000,-1,-1,-1
423,88,745.45,282.68,77.07,144.65,1.0000,-1,-1,-1
423,94,923.74,223.76,68.44,141.05,1.0000,-1,-1,-1
423,95,1048.93,374.24,60.08,154.54,1.0000,-1,-1,-1
423,96,77.53,267.72,97.22,149.89,1.0000,-1,-1,-1
423,101,550.54,523.89,49.51,97.00,1.0000,-1,-1,-1
424,71,657.89,217.56,86.77,135.47,1.0000,-1,-1,-1
424,78,185.59,242.36,67.09,143.61,1.0000,-1,-1,-1
424,80,517.20,295.81,94.20,133.16,1.0000,-1,-1,-1
424,81,253.27,377.20,82.04,136.14,1.0000,-1,-1,-1
424,84,1000.84,495.88,70.36,140.33,1.0000,-1,-1,-1
424,87,-7.79,157.25,40.23,107.80,1.0000,-1,-1,-1
424,88,730.28,284.95,82.46,143.59,1.0000,-1,-1,-1
424,94,915.04,219.53,61.34,140.24,1.0000,-1,-1,-1
424,95,1042.83,373.48,61.58,155.56,1.0000,-1,-1,-1
424,96,78.14,269.23,90.44,148.32,1.0000,-1,-1,-1
424,101,550.36,523.77,49.04,96.09,1.0000,-1,-1,-1
425,71,652.18,217.23,86.13,134.47,1.0000,-1,-1,-1
425,78,175.09,241.84,67.42,143.74,1.0000,-1,-1,-1
425,80,514.87,296.77,93.35,131.95,1.0000,-1,-1,-1
425,81,251.05,377.67,77.00,135.88,1.0000,-1,-1,-1
425,84,1000.37,497.05,72.80,143.74,1.0000,-1,-1,-1
425,87,-10.05,160.07,38.93,104.30,1.0000,-1,-1,-1
425,88,715.07,286.78,88.39,142.65,1.0000,-1,-1,-1
425,94,905.85,213.73,57.01,140.08,1.0000,-1,-1,-1
425,95,1035.21,373.50,65.92,156.39,1.0000,-1,-1,-1
425,96,82.75,270.18,82.48,147.40,1.0000,-1,-1,-1
425,101,550.18,523.66,48.57,95.16,1.0000,-1,-1,-1
426,71,646.48,216.90,85.48,133.46,1.0000,-1,-1,-1
426,78,164.93,241.79,69.91,146.02,1.0000,-1,-1,-1
426,80,512.53,297.75,92.49,130.73,1.0000,-1,-1,-1
426,81,245.33,376.51,78.00,136.86,1.0000,-1,-1,-1
426,84,998.88,497.77,73.03,145.90,1.0000,-1,-1,-1
426,87,-12.29,162.95,37.58,100.68,1.0000,-1,-1,-1
426,88,698.28,288.21,92.42,142.02,1.0000,-1,-1,-1
426,94,895.53,208.49,54.80,139.49,1.0000,-1,-1,-1
426,95,1026.80,374.45,70.67,157.36,1.0000,-1,-1,-1
426,96,72.14,259.78,83.42,155.66,1.0000,-1,-1,-1
426,101,548.05,529.45,51.62,108.59,1.0000,-1,-1,-1
427,71,640.77,216.58,84.83,132.44,1.0000,-1,-1,-1
427,78,155.22,241.49,73.11,147.00,1.0000,-1,-1,-1
427,80,521.84,298.26,87.77,131.67,1.0000,-1,-1,-1
427,81,237.98,377.47,80.79,137.78,1.0000,-1,-1,-1
427,84,994.39,495.56,70.47,144.41,1.0000,-1,-1,-1
427,87,-14.51,165.90,36.17,96.93,1.0000,-1,-1,-1
427,88,686.77,289.28,90.95,141.64,1.0000,-1,-1,-1
427,94,886.21,206.18,54.25,138.92,1.0000,-1,-1,-1
427,95,1017.96,377.12,76.55,157.13,1.0000,-1,-1,-1
427,96,66.35,266.15,83.44,155.66,1.0000,-1,-1,-1
427,101,547.55,530.29,51.74,108.85,1.0000,-1,-1,-1
428,71,635.07,216.26,84.17,131.41,1.0000,-1,-1,-1
428,78,142.45,241.65,80.94,146.35,1.0000,-1,-1,-1
428,80,505.10,300.23,94.64,136.09,1.0000,-1,-1,-1
428,81,231.01,379.20,91.76,137.48,1.0000,-1,-1,-1
428,84,987.20,491.41,68.21,137.94,1.0000,-1,-1,-1
428,88,667.55,284.51,88.32,144.36,1.0000,-1,-1,-1
428,94,871.50,203.18,55.42,138.76,1.0000,-1,-1,-1
428,95,1010.53,376.67,76.01,156.02,1.0000,-1,-1,-1
428,96,52.23,267.43,92.27,154.08,1.0000,-1,-1,-1
428,101,540.14,523.79,61.55,109.34,1.0000,-1,-1,-1
429,78,130.47,242.12,84.81,144.56,1.0000,-1,-1,-1
429,80,522.43,301.10,83.76,136.60,1.0000,-1,-1,-1
429,81,223.60,380.66,100.55,137.10,1.0000,-1,-1,-1
429,84,985.46,490.35,66.47,134.61,1.0000,-1,-1,-1
429,88,655.67,285.69,88.06,143.92,1.0000,-1,-1,-1
429,94,858.64,201.30,56.65,138.92,1.0000,-1,-1,-1
429,95,978.03,380.46,88.21,151.91,1.0000,-1,-1,-1
429,96,41.17,267.40,101.56,153.10,1.0000,-1,-1,-1
429,101,539.19,523.48,62.11,110.34,1.0000,-1,-1,-1
430,78,121.94,244.38,86.44,141.66,1.0000,-1,-1,-1
430,80,524.87,301.77,82.13,138.38,1.0000,-1,-1,-1
430,81,217.63,383.62,103.56,136.23,1.0000,-1,-1,-1
430,84,982.99,488.11,66.77,133.27,1.0000,-1,-1,-1
430,88,661.15,287.94,76.87,141.90,1.0000,-1,-1,-1
430,94,847.85,200.96,57.02,137.87,1.0000,-1,-1,-1
430,95,962.69,381.35,91.50,147.58,1.0000,-1,-1,-1
430,96,31.25,268.97,107.35,151.48,1.0000,-1,-1,-1
430,101,527.77,525.51,68.46,125.65,1.0000,-1,-1,-1
431,78,119.14,246.46,83.04,139.89,1.0000,-1,-1,-1
431,80,527.30,303.06,78.09,139.96,1.0000,-1,-1,-1
431,81,215.44,384.46,103.10,135.63,1.0000,-1,-1,-1
431,84,975.73,486.85,70.47,132.83,1.0000,-1,-1,-1
431,88,660.74,289.61,67.58,139.94,1.0000,-1,-1,-1
431,94,838.17,198.91,55.32,137.53,1.0000,-1,-1,-1
431,95,948.83,380.77,87.99,143.75,1.0000,-1,-1,-1
431,96,46.20,272.46,96.14,150.61,1.0000,-1,-1,-1
431,101,522.94,517.95,69.29,119.06,1.0000,-1,-1,-1
432,78,113.19,247.57,82.55,139.07,1.0000,-1,-1,-1
432,80,528.80,306.06,69.29,140.33,1.0000,-1,-1,-1
432,81,226.79,385.92,86.21,134.22,1.0000,-1,-1,-1
432,84,965.23,484.57,77.08,136.63,1.0000,-1,-1,-1
432,88,657.30,292.94,61.24,138.17,1.0000,-1,-1,-1
432,94,829.67,197.67,55.31,138.87,1.0000,-1,-1,-1
432,95,941.92,378.30,83.80,141.01,1.0000,-1,-1,-1
432,96,45.39,274.78,85.44,148.75,1.0000,-1,-1,-1
432,101,520.24,515.69,69.08,115.74,1.0000,-1,-1,-1
432,103,965.92,110.90,57.30,109.15,1.0000,-1,-1,-1
433,78,107.24,248.67,82.06,138.24,1.0000,-1,-1,-1
433,80,527.88,308.09,68.42,138.56,1.0000,-1,-1,-1
433,81,225.14,386.96,85.59,133.25,1.0000,-1,-1,-1
433,84,955.05,483.03,84.66,138.27,1.0000,-1,-1,-1
433,88,647.52,294.77,60.59,136.70,1.0000,-1,-1,-1
433,94,813.60,200.19,58.74,139.57,1.0000,-1,-1,-1
433,95,938.40,375.81,76.08,139.70,1.0000,-1,-1,-1
433,96,36.70,276.12,79.59,148.29,1.0000,-1,-1,-1
433,101,518.59,515.88,67.60,112.74,1.0000,-1,-1,-1
433,103,958.25,117.11,46.42,98.43,1.0000,-1,-1,-1
433,104,137.15,244.93,57.84,141.91,1.0000,-1,-1,-1
434,78,101.29,249.78,81.57,137.41,1.0000,-1,-1,-1
434,80,522.00,307.48,68.66,141.06,1.0000,-1,-1,-1
434,81,219.34,383.97,77.84,134.45,1.0000,-1,-1,-1
434,84,950.25,483.02,88.81,137.77,1.0000,-1,-1,-1
434,88,637.74,296.61,59.93,135.22,1.0000,-1,-1,-1
434,94,800.40,200.13,62.79,140.44,1.0000,-1,-1,-1
434,95,934.62,375.33,70.05,139.88,1.0000,-1,-1,-1
434,96,33.23,275.74,75.87,149.37,1.0000,-1,-1,-1
434,101,518.74,517.05,65.76,110.32,1.0000,-1,-1,-1
434,103,949.59,117.18,43.82,97.27,1.0000,-1,-1,-1
434,104,121.10,244.46,65.69,148.69,1.0000,-1,-1,-1
435,78,95.34,250.90,81.07,136.57,1.0000,-1,-1,-1
435,80,517.30,306.42,72.71,144.31,1.0000,-1,-1,-1
435,81,216.32,381.44,79.18,137.72,1.0000,-1,-1,-1
435,84,949.12,483.39,86.82,135.69,1.0000,-1,-1,-1
435,88,627.97,298.46,59.27,133.72,1.0000,-1,-1,-1
435,94,789.14,202.27,65.38,139.08,1.0000,-1,-1,-1
435,95,931.40,374.08,67.24,141.35,1.0000,-1,-1,-1
435,96,25.96,273.09,76.65,150.52,1.0000,-1,-1,-1
435,101,520.01,518.22,63.84,108.61,1.0000,-1,-1,-1
435,103,941.00,122.33,39.68,88.09,1.0000,-1,-1,-1
435,104,108.92,242.21,73.72,154.92,1.0000,-1,-1,-1
436,78,89.39,252.01,80.57,135.73,1.0000,-1,-1,-1
436,80,511.41,306.63,78.17,147.39,1.0000,-1,-1,-1
436,81,212.91,378.10,82.12,138.45,1.0000,-1,-1,-1
436,84,951.41,483.53,84.42,135.83,1.0000,-1,-1,-1
436,88,618.20,300.31,58.60,132.20,1.0000,-1,-1,-1
436,94,776.09,202.72,68.12,138.33,1.0000,-1,-1,-1
436,95,926.93,372.90,68.62,144.18,1.0000,-1,-1,-1
436,96,19.57,271.82,79.30,153.04,1.0000,-1,-1,-1
436,101,521.48,518.92,60.96,107.64,1.0000,-1,-1,-1
436,103,931.39,109.52,53.08,107.90,1.0000,-1,-1,-1
436,104,97.87,238.98,77.66,163.22,1.0000,-1,-1,-1
437,80,509.75,306.55,83.62,149.22,1.0000,-1,-1,-1
437,81,212.23,375.59,92.73,138.51,1.0000,-1,-1,-1
437,84,956.04,483.87,78.88,135.43,1.0000,-1,-1,-1
437,88,613.59,308.99,75.54,129.21,1.0000,-1,-1,-1
437,94,763.49,202.39,69.77,134.81,1.0000,-1,-1,-1
437,95,921.10,371.20,71.87,146.52,1.0000,-1,-1,-1
437,96,16.06,265.70,80.73,147.71,1.0000,-1,-1,-1
437,101,524.93,519.22,57.36,107.24,1.0000,-1,-1,-1
437,103,923.10,105.41,60.16,113.22,1.0000,-1,-1,-1
437,104,100.75,241.46,83.75,159.84,1.0000,-1,-1,-1
438,80,513.83,308.60,87.34,149.09,1.0000,-1,-1,-1
438,81,228.85,373.92,89.37,139.53,1.0000,-1,-1,-1
438,84,955.62,478.46,74.26,137.33,1.0000,-1,-1,-1
438,88,603.33,304.58,83.20,130.29,1.0000,-1,-1,-1
438,94,745.98,199.54,67.94,132.01,1.0000,-1,-1,-1
438,95,906.43,369.82,81.09,148.21,1.0000,-1,-1,-1
438,96,23.77,262.52,74.21,141.06,1.0000,-1,-1,-1
438,101,528.77,516.47,55.94,108.26,1.0000,-1,-1,-1
438,103,912.09,105.22,70.43,116.10,1.0000,-1,-1,-1
438,104,106.90,240.61,71.79,138.27,1.0000,-1,-1,-1
439,80,519.91,310.43,88.33,148.32,1.0000,-1,-1,-1
439,81,228.72,373.91,88.89,138.78,1.0000,-1,-1,-1
439,84,953.46,473.91,71.27,140.36,1.0000,-1,-1,-1
439,88,593.43,302.08,87.31,134.17,1.0000,-1,-1,-1
439,94,735.20,197.67,66.19,129.68,1.0000,-1,-1,-1
439,95,895.83,370.54,88.48,148.59,1.0000,-1,-1,-1
439,96,28.22,265.52,68.87,137.13,1.0000,-1,-1,-1
439,101,529.15,514.60,55.09,109.56,1.0000,-1,-1,-1
439,103,903.47,104.36,78.86,118.99,1.0000,-1,-1,-1
439,104,110.04,245.39,64.52,127.09,1.0000,-1,-1,-1
440,80,520.90,312.96,79.84,147.93,1.0000,-1,-1,-1
440,81,228.59,373.91,88.40,138.03,1.0000,-1,-1,-1
440,84,951.33,472.25,70.69,142.48,1.0000,-1,-1,-1
440,88,584.45,302.22,88.18,135.59,1.0000,-1,-1,-1
440,94,728.12,195.66,63.52,128.67,1.0000,-1,-1,-1
440,95,885.96,371.05,96.37,148.68,1.0000,-1,-1,-1
440,96,24.90,264.64,68.75,136.89,1.0000,-1,-1,-1
440,101,528.41,513.94,55.21,109.79,1.0000,-1,-1,-1
440,103,898.25,105.37,82.32,121.09,1.0000,-1,-1,-1
440,104,112.35,254.01,59.51,126.43,1.0000,-1,-1,-1
440,105,608.31,222.35,73.30,113.42,1.0000,-1,-1,-1
441,80,524.53,313.54,73.83,147.38,1.0000,-1,-1,-1
441,81,228.45,373.91,87.92,137.27,1.0000,-1,-1,-1
441,84,950.74,473.86,71.98,142.24,1.0000,-1,-1,-1
441,88,577.42,305.76,86.14,134.92,1.0000,-1,-1,-1
441,94,723.11,192.56,60.21,127.57,1.0000,-1,-1,-1
441,95,876.46,371.67,101.84,148.59,1.0000,-1,-1,-1
441,96,31.72,268.91,61.27,132.50,1.0000,-1,-1,-1
441,101,527.68,513.27,55.32,110.02,1.0000,-1,-1,-1
441,103,890.55,104.27,84.12,123.74,1.0000,-1,-1,-1
441,104,113.52,259.27,54.82,128.14,1.0000,-1,-1,-1
441,105,601.90,224.90,75.25,118.52,1.0000,-1,-1,-1
442,80,526.57,313.23,70.77,146.82,1.0000,-1,-1,-1
442,81,228.32,373.91,87.43,136.51,1.0000,-1,-1,-1
442,84,946.32,475.61,74.10,141.84,1.0000,-1,-1,-1
442,88,572.41,303.34,80.90,136.21,1.0000,-1,-1,-1
442,94,718.49,190.65,56.30,126.09,1.0000,-1,-1,-1
442,95,866.28,371.78,105.71,148.43,1.0000,-1,-1,-1
442,96,34.17,269.12,56.57,129.23,1.0000,-1,-1,-1
442,101,526.95,512.61,55.44,110.25,1.0000,-1,-1,-1
442,103,901.40,112.95,69.42,115.62,1.0000,-1,-1,-1
442,104,113.80,254.36,51.70,121.94,1.0000,-1,-1,-1
442,105,598.33,226.42,76.54,123.68,1.0000,-1,-1,-1
443,80,526.99,310.33,66.54,143.24,1.0000,-1,-1,-1
443,81,228.19,373.91,86.94,135.75,1.0000,-1,-1,-1
443,84,939.10,476.27,73.97,140.96,1.0000,-1,-1,-1
443,88,564.01,304.51,80.57,135.66,1.0000,-1,-1,-1
443,94,709.27,186.64,55.87,125.86,1.0000,-1,-1,-1
443,95,851.15,370.25,108.06,148.26,1.0000,-1,-1,-1
443,96,29.60,270.30,55.33,133.23,1.0000,-1,-1,-1
443,101,522.94,511.63,67.05,109.11,1.0000,-1,-1,-1
443,103,899.80,108.70,61.48,115.06,1.0000,-1,-1,-1
443,104,111.34,255.22,50.78,119.78,1.0000,-1,-1,-1
443,105,593.54,228.90,74.63,125.35,1.0000,-1,-1,-1
444,80,532.37,310.82,73.13,145.33,1.0000,-1,-1,-1
444,81,214.48,374.07,89.97,142.32,1.0000,-1,-1,-1
444,84,935.84,476.78,73.76,140.44,1.0000,-1,-1,-1
444,88,558.58,301.45,71.02,139.65,1.0000,-1,-1,-1
444,94,702.46,184.27,57.38,126.06,1.0000,-1,-1,-1
444,95,842.90,368.52,106.25,148.39,1.0000,-1,-1,-1
444,96,26.34,261.53,53.56,124.95,1.0000,-1,-1,-1
444,101,512.61,512.19,74.72,108.90,1.0000,-1,-1,-1
444,103,897.38,110.83,57.67,114.25,1.0000,-1,-1,-1
444,104,103.66,248.11,54.57,125.25,1.0000,-1,-1,-1
444,105,590.50,231.79,71.57,125.15,1.0000,-1,-1,-1
445,80,533.88,304.97,75.92,150.90,1.0000,-1,-1,-1
445,81,210.07,372.02,93.58,145.42,1.0000,-1,-1,-1
445,84,932.60,476.59,74.55,140.36,1.0000,-1,-1,-1
445,88,550.07,302.55,70.64,138.89,1.0000,-1,-1,-1
445,94,694.52,185.37,58.64,124.67,1.0000,-1,-1,-1
445,95,837.28,367.22,100.00,148.77,1.0000,-1,-1,-1
445,96,24.02,259.10,53.89,117.37,1.0000,-1,-1,-1
445,101,511.39,511.32,75.19,109.58,1.0000,-1,-1,-1
445,103,891.49,112.58,57.91,115.40,1.0000,-1,-1,-1
445,104,101.65,250.91,58.22,134.19,1.0000,-1,-1,-1
445,105,588.37,232.40,68.64,123.35,1.0000,-1,-1,-1
445,106,536.05,100.07,63.26,122.48,1.0000,-1,-1,-1
446,80,535.53,303.49,76.70,155.13,1.0000,-1,-1,-1
446,81,205.05,369.64,98.89,145.72,1.0000,-1,-1,-1
446,84,930.60,476.66,76.61,140.28,1.0000,-1,-1,-1
446,88,541.56,303.65,70.25,138.12,1.0000,-1,-1,-1
446,94,684.96,185.95,61.35,123.76,1.0000,-1,-1,-1
446,95,832.77,365.63,92.83,149.32,1.0000,-1,-1,-1
446,96,21.42,257.64,53.41,116.31,1.0000,-1,-1,-1
446,101,518.13,511.57,73.87,110.62,1.0000,-1,-1,-1
446,103,888.41,111.60,62.56,119.24,1.0000,-1,-1,-1
446,104,100.07,250.01,62.26,139.64,1.0000,-1,-1,-1
446,105,588.05,234.82,65.00,121.79,1.0000,-1,-1,-1
446,106,532.18,101.23,65.42,121.70,1.0000,-1,-1,-1
447,80,534.84,301.84,76.59,158.13,1.0000,-1,-1,-1
447,81,203.75,367.88,104.18,143.95,1.0000,-1,-1,-1
447,84,930.77,475.97,81.77,141.29,1.0000,-1,-1,-1
447,88,533.05,304.75,69.86,137.35,1.0000,-1,-1,-1
447,94,675.58,186.48,64.51,123.02,1.0000,-1,-1,-1
447,95,831.02,364.24,83.60,150.18,1.0000,-1,-1,-1
447,96,18.81,256.20,52.92,115.25,1.0000,-1,-1,-1
447,101,520.38,509.64,71.57,112.23,1.0000,-1,-1,-1
447,103,884.33,110.73,68.40,122.49,1.0000,-1,-1,-1
447,104,97.57,249.08,62.73,141.54,1.0000,-1,-1,-1
447,105,587.65,235.24,62.26,120.75,1.0000,-1,-1,-1
447,106,525.51,101.76,65.03,121.20,1.0000,-1,-1,-1
448,80,533.01,300.70,80.06,158.58,1.0000,-1,-1,-1
448,81,202.50,368.79,110.09,141.78,1.0000,-1,-1,-1
448,84,924.35,473.23,92.02,141.07,1.0000,-1,-1,-1
448,88,524.54,305.86,69.47,136.58,1.0000,-1,-1,-1
448,94,658.33,186.09,68.56,122.89,1.0000,-1,-1,-1
448,95,827.40,362.45,76.79,150.61,1.0000,-1,-1,-1
448,96,19.83,271.66,58.54,128.80,1.0000,-1,-1,-1
448,101,520.09,507.24,70.41,114.52,1.0000,-1,-1,-1
448,103,878.87,115.80,69.89,120.87,1.0000,-1,-1,-1
448,104,98.55,251.35,58.29,141.91,1.0000,-1,-1,-1
448,105,585.57,236.85,61.23,118.76,1.0000,-1,-1,-1
448,106,515.48,104.21,61.10,118.44,1.0000,-1,-1,-1
449,80,527.98,301.52,83.88,158.32,1.0000,-1,-1,-1
449,81,202.75,370.71,112.55,139.70,1.0000,-1,-1,-1
449,84,914.84,472.10,102.03,140.96,1.0000,-1,-1,-1
449,88,516.04,306.97,69.07,135.81,1.0000,-1,-1,-1
449,94,644.90,185.59,71.23,121.04,1.0000,-1,-1,-1
449,95,825.89,361.67,73.60,150.32,1.0000,-1,-1,-1
449,96,17.93,266.78,56.91,120.16,1.0000,-1,-1,-1
449,101,521.26,505.84,69.47,116.40,1.0000,-1,-1,-1
449,103,875.79,119.32,67.22,118.39,1.0000,-1,-1,-1
449,104,99.47,253.39,56.15,144.18,1.0000,-1,-1,-1
449,105,581.81,235.12,59.11,121.05,1.0000,-1,-1,-1
449,106,510.45,101.68,57.45,119.11,1.0000,-1,-1,-1
450,80,523.84,304.57,86.99,157.22,1.0000,-1,-1,-1
450,81,202.92,373.75,113.80,138.21,1.0000,-1,-1,-1
450,84,904.34,472.50,111.47,140.46,1.0000,-1,-1,-1
450,94,636.83,184.37,70.85,120.32,1.0000,-1,-1,-1
450,95,824.74,361.32,73.69,151.03,1.0000,-1,-1,-1
450,96,19.16,273.46,54.75,125.80,1.0000,-1,-1,-1
450,101,524.45,504.72,68.03,117.62,1.0000,-1,-1,-1
450,103,875.07,121.66,61.30,115.73,1.0000,-1,-1,-1
450,104,99.53,247.12,55.64,135.54,1.0000,-1,-1,-1
450,105,578.83,233.83,61.09,126.05,1.0000,-1,-1,-1
450,106,506.60,101.39,54.61,119.50,1.0000,-1,-1,-1
451,80,524.24,310.84,85.77,153.29,1.0000,-1,-1,-1
451,81,207.47,376.22,113.35,137.04,1.0000,-1,-1,-1
451,84,894.75,473.34,118.59,139.86,1.0000,-1,-1,-1
451,94,631.46,183.34,68.06,118.94,1.0000,-1,-1,-1
451,95,822.12,362.05,76.27,150.76,1.0000,-1,-1,-1
451,96,21.39,274.10,53.44,129.66,1.0000,-1,-1,-1
451,101,526.16,506.34,67.63,120.24,1.0000,-1,-1,-1
451,103,876.87,123.53,56.07,113.21,1.0000,-1,-1,-1
451,104,99.53,246.42,55.96,130.70,1.0000,-1,-1,-1
451,105,577.76,232.68,67.34,130.72,1.0000,-1,-1,-1
451,106,502.37,99.58,52.54,120.61,1.0000,-1,-1,-1
452,80,521.73,314.36,86.07,149.19,1.0000,-1,-1,-1
452,81,210.07,378.16,104.47,135.70,1.0000,-1,-1,-1
452,84,888.80,474.28,122.90,139.63,1.0000,-1,-1,-1
452,94,627.23,183.19,64.15,117.99,1.0000,-1,-1,-1
452,95,818.92,363.37,79.73,150.17,1.0000,-1,-1,-1
452,96,22.75,270.26,52.15,130.43,1.0000,-1,-1,-1
452,101,528.83,510.77,67.75,127.63,1.0000,-1,-1,-1
452,103,878.04,123.95,52.32,111.31,1.0000,-1,-1,-1
452,104,99.03,248.31,57.30,131.02,1.0000,-1,-1,-1
452,105,578.03,231.58,70.30,132.40,1.0000,-1,-1,-1
452,106,500.97,99.67,51.59,120.49,1.0000,-1,-1,-1
453,80,519.18,312.15,91.48,139.56,1.0000,-1,-1,-1
453,81,229.33,378.05,95.59,136.28,1.0000,-1,-1,-1
453,84,880.79,473.44,122.21,140.44,1.0000,-1,-1,-1
453,94,623.29,182.77,58.86,116.13,1.0000,-1,-1,-1
453,95,808.00,367.09,84.56,148.54,1.0000,-1,-1,-1
453,96,18.63,268.36,57.78,136.76,1.0000,-1,-1,-1
453,101,535.26,505.70,66.87,126.07,1.0000,-1,-1,-1
453,103,878.37,123.16,54.90,114.26,1.0000,-1,-1,-1
453,104,93.41,249.89,64.59,138.62,1.0000,-1,-1,-1
453,105,576.27,232.39,70.03,131.87,1.0000,-1,-1,-1
453,106,496.66,98.82,56.99,122.98,1.0000,-1,-1,-1
454,80,519.19,312.66,90.97,138.80,1.0000,-1,-1,-1
454,81,237.15,376.76,89.43,137.40,1.0000,-1,-1,-1
454,84,875.08,471.82,119.49,141.49,1.0000,-1,-1,-1
454,94,619.73,182.05,55.49,114.50,1.0000,-1,-1,-1
454,95,798.96,369.87,88.37,147.23,1.0000,-1,-1,-1
454,96,17.20,268.74,57.58,136.27,1.0000,-1,-1,-1
454,101,541.31,502.38,65.89,124.58,1.0000,-1,-1,-1
454,103,878.27,122.24,59.56,116.33,1.0000,-1,-1,-1
454,104,94.57,249.02,74.23,144.43,1.0000,-1,-1,-1
454,105,574.51,233.19,69.75,131.35,1.0000,-1,-1,-1
454,106,491.72,97.31,62.22,125.67,1.0000,-1,-1,-1
455,80,519.19,313.17,90.47,138.03,1.0000,-1,-1,-1
455,81,242.65,372.79,84.27,137.35,1.0000,-1,-1,-1
455,84,871.24,469.06,116.25,142.83,1.0000,-1,-1,-1
455,94,615.17,180.13,54.04,113.51,1.0000,-1,-1,-1
455,95,792.76,370.42,88.51,145.68,1.0000,-1,-1,-1
455,96,17.79,264.45,63.72,140.37,1.0000,-1,-1,-1
455,101,546.38,500.24,65.52,124.61,1.0000,-1,-1,-1
455,103,875.40,122.97,59.63,116.47,1.0000,-1,-1,-1
455,104,95.06,247.40,83.46,147.24,1.0000,-1,-1,-1
455,105,579.12,254.15,68.84,151.26,1.0000,-1,-1,-1
455,106,486.83,96.07,66.60,127.39,1.0000,-1,-1,-1
456,80,519.20,313.69,89.96,137.26,1.0000,-1,-1,-1
456,81,246.45,370.65,82.57,138.83,1.0000,-1,-1,-1
456,84,867.83,465.52,111.73,145.06,1.0000,-1,-1,-1
456,94,611.18,180.16,54.21,113.34,1.0000,-1,-1,-1
456,95,788.90,369.81,87.55,144.83,1.0000,-1,-1,-1
456,96,23.52,261.46,63.72,139.20,1.0000,-1,-1,-1
456,101,550.64,498.83,66.25,125.13,1.0000,-1,-1,-1
456,103,877.00,128.40,61.89,116.19,1.0000,-1,-1,-1
456,104,96.19,247.68,88.79,147.63,1.0000,-1,-1,-1
456,105,579.80,242.77,63.73,145.64,1.0000,-1,-1,-1
456,106,483.23,99.51,69.59,125.73,1.0000,-1,-1,-1
457,80,519.21,314.20,89.45,136.48,1.0000,-1,-1,-1
457,81,250.63,368.12,86.59,141.02,1.0000,-1,-1,-1
457,84,866.41,461.30,106.33,147.26,1.0000,-1,-1,-1
457,94,606.95,178.06,55.21,113.86,1.0000,-1,-1,-1
457,95,787.15,369.32,83.39,145.02,1.0000,-1,-1,-1
457,96,29.90,259.96,63.41,135.38,1.0000,-1,-1,-1
457,101,554.65,497.86,66.89,127.14,1.0000,-1,-1,-1
457,103,874.60,129.48,62.00,116.40,1.0000,-1,-1,-1
457,104,94.42,248.60,89.76,148.20,1.0000,-1,-1,-1
457,105,580.41,239.58,60.67,141.54,1.0000,-1,-1,-1
457,106,479.82,101.26,69.66,124.05,1.0000,-1,-1,-1
458,80,519.22,314.72,88.94,135.70,1.0000,-1,-1,-1
458,81,259.83,366.06,91.85,139.86,1.0000,-1,-1,-1
458,84,862.75,458.11,99.47,149.76,1.0000,-1,-1,-1
458,94,599.43,177.19,54.64,112.69,1.0000,-1,-1,-1
458,95,787.06,365.49,77.93,146.13,1.0000,-1,-1,-1
458,96,30.10,259.45,63.27,135.09,1.0000,-1,-1,-1
458,101,560.92,495.94,68.05,127.64,1.0000,-1,-1,-1
458,103,872.20,130.57,62.12,116.62,1.0000,-1,-1,-1
458,104,112.62,249.08,78.37,148.24,1.0000,-1,-1,-1
458,105,582.48,236.73,60.44,136.60,1.0000,-1,-1,-1
458,106,478.22,102.71,66.16,122.27,1.0000,-1,-1,-1
459,81,267.76,365.60,94.63,139.20,1.0000,-1,-1,-1
459,84,860.55,455.64,94.17,152.30,1.0000,-1,-1,-1
459,94,591.90,176.33,54.07,111.50,1.0000,-1,-1,-1
459,95,787.17,362.45,74.45,146.57,1.0000,-1,-1,-1
459,96,48.09,262.33,59.38,131.71,1.0000,-1,-1,-1
459,101,566.50,496.23,69.52,128.93,1.0000,-1,-1,-1
459,103,869.80,131.65,62.23,116.83,1.0000,-1,-1,-1
459,104,121.10,248.36,71.67,148.33,1.0000,-1,-1,-1
459,105,584.22,240.30,59.92,139.23,1.0000,-1,-1,-1
459,106,479.06,102.41,61.62,121.61,1.0000,-1,-1,-1
460,81,276.92,365.63,93.49,138.28,1.0000,-1,-1,-1
460,84,857.87,453.92,89.69,154.52,1.0000,-1,-1,-1
460,94,584.38,175.48,53.49,110.30,1.0000,-1,-1,-1
460,95,787.64,360.07,73.73,147.50,1.0000,-1,-1,-1
460,96,58.20,262.98,54.96,129.30,1.0000,-1,-1,-1
460,101,572.46,495.54,70.49,128.11,1.0000,-1,-1,-1
460,103,867.41,132.74,62.34,117.04,1.0000,-1,-1,-1
460,104,127.61,247.36,68.26,148.96,1.0000,-1,-1,-1
460,105,587.96,241.17,62.14,143.40,1.0000,-1,-1,-1
460,106,480.38,101.20,56.98,122.31,1.0000,-1,-1,-1
461,81,286.68,365.32,88.31,137.06,1.0000,-1,-1,-1
461,84,853.98,453.51,86.83,156.76,1.0000,-1,-1,-1
461,94,576.87,174.63,52.90,109.08,1.0000,-1,-1,-1
461,95,787.59,358.19,73.03,148.92,1.0000,-1,-1,-1
461,96,63.76,263.80,54.46,128.39,1.0000,-1,-1,-1
461,101,578.99,495.43,71.53,128.36,1.0000,-1,-1,-1
461,103,865.01,133.83,62.45,117.25,1.0000,-1,-1,-1
461,104,129.85,244.43,67.84,150.91,1.0000,-1,-1,-1
461,105,592.67,241.37,65.75,146.58,1.0000,-1,-1,-1
461,106,480.98,100.34,53.47,122.83,1.0000,-1,-1,-1
462,81,296.94,364.79,82.05,135.61,1.0000,-1,-1,-1
462,84,850.16,452.40,84.43,157.94,1.0000,-1,-1,-1
462,94,569.35,173.79,52.30,107.86,1.0000,-1,-1,-1
462,95,787.21,357.71,71.54,150.61,1.0000,-1,-1,-1
462,96,66.61,264.38,57.73,132.57,1.0000,-1,-1,-1
462,101,583.11,494.94,72.18,128.42,1.0000,-1,-1,-1
462,104,131.92,241.77,69.83,153.49,1.0000,-1,-1,-1
462,105,596.36,242.61,69.20,148.10,1.0000,-1,-1,-1
462,106,480.16,98.00,51.48,124.08,1.0000,-1,-1,-1
462,107,555.92,291.66,64.01,143.06,1.0000,-1,-1,-1
463,81,307.91,362.62,75.68,134.23,1.0000,-1,-1,-1
463,84,842.57,450.77,82.50,159.56,1.0000,-1,-1,-1
463,95,786.96,357.67,70.27,150.50,1.0000,-1,-1,-1
463,96,66.09,263.31,66.09,138.60,1.0000,-1,-1,-1
463,101,587.94,491.23,71.72,128.35,1.0000,-1,-1,-1
463,104,140.71,238.30,77.32,152.28,1.0000,-1,-1,-1
463,105,597.91,215.53,75.47,167.03,1.0000,-1,-1,-1
463,106,479.81,97.00,53.09,125.39,1.0000,-1,-1,-1
463,107,551.14,288.51,73.20,146.85,1.0000,-1,-1,-1
464,81,316.69,362.15,72.81,132.96,1.0000,-1,-1,-1
464,84,835.94,449.70,81.57,160.74,1.0000,-1,-1,-1
464,95,786.42,356.60,70.40,151.85,1.0000,-1,-1,-1
464,96,67.78,260.74,76.30,141.88,1.0000,-1,-1,-1
464,101,591.45,489.36,70.93,129.53,1.0000,-1,-1,-1
464,104,147.75,236.83,84.28,151.76,1.0000,-1,-1,-1
464,105,596.70,201.32,79.30,180.47,1.0000,-1,-1,-1
464,106,480.06,96.08,54.90,125.46,1.0000,-1,-1,-1
464,107,555.18,287.82,78.42,147.68,1.0000,-1,-1,-1
465,81,323.20,361.52,72.24,131.02,1.0000,-1,-1,-1
465,84,829.99,449.06,81.00,162.03,1.0000,-1,-1,-1
465,95,783.51,355.21,68.22,152.65,1.0000,-1,-1,-1
465,96,69.29,259.58,84.67,142.53,1.0000,-1,-1,-1
465,101,596.63,488.31,71.28,130.67,1.0000,-1,-1,-1
465,104,151.87,236.96,89.40,150.40,1.0000,-1,-1,-1
465,105,598.37,197.30,79.15,188.17,1.0000,-1,-1,-1
465,106,478.66,96.26,56.93,125.44,1.0000,-1,-1,-1
465,107,560.91,286.87,81.03,146.64,1.0000,-1,-1,-1
466,81,330.02,362.42,73.70,127.70,1.0000,-1,-1,-1
466,84,824.83,448.24,80.61,162.80,1.0000,-1,-1,-1
466,95,781.23,352.41,68.37,154.62,1.0000,-1,-1,-1
466,96,71.48,261.05,89.32,142.61,1.0000,-1,-1,-1
466,101,602.67,487.64,75.82,133.00,1.0000,-1,-1,-1
466,104,155.91,240.74,89.56,147.92,1.0000,-1,-1,-1
466,105,601.40,224.94,74.40,176.22,1.0000,-1,-1,-1
466,106,476.94,96.94,56.41,124.77,1.0000,-1,-1,-1
466,107,563.87,286.56,86.86,146.98,1.0000,-1,-1,-1
467,81,335.88,364.10,76.64,124.12,1.0000,-1,-1,-1
467,84,819.52,447.46,80.70,163.06,1.0000,-1,-1,-1
467,95,779.15,350.73,70.42,155.86,1.0000,-1,-1,-1
467,96,74.58,261.73,88.62,142.18,1.0000,-1,-1,-1
467,101,605.69,487.42,76.63,133.31,1.0000,-1,-1,-1
467,104,159.92,243.55,86.39,145.89,1.0000,-1,-1,-1
467,105,602.37,225.65,74.63,176.77,1.0000,-1,-1,-1
467,106,475.53,99.07,55.45,123.33,1.0000,-1,-1,-1
467,107,567.21,283.68,89.00,150.62,1.0000,-1,-1,-1
467,108,476.14,319.01,102.01,123.88,1.0000,-1,-1,-1
468,81,343.95,368.12,78.14,121.05,1.0000,-1,-1,-1
468,84,808.14,448.04,83.51,163.32,1.0000,-1,-1,-1
468,95,773.11,348.22,70.99,156.42,1.0000,-1,-1,-1
468,96,92.50,261.83,81.13,142.58,1.0000,-1,-1,-1
468,101,612.87,487.22,75.94,132.99,1.0000,-1,-1,-1
468,104,175.89,242.76,78.49,145.20,1.0000,-1,-1,-1
468,105,607.84,240.50,79.27,163.46,1.0000,-1,-1,-1
468,106,475.21,100.93,52.50,120.90,1.0000,-1,-1,-1
468,107,565.86,288.93,102.91,149.47,1.0000,-1,-1,-1
468,108,480.54,321.75,94.59,120.24,1.0000,-1,-1,-1
469,81,349.11,371.96,77.78,118.02,1.0000,-1,-1,-1
469,84,798.18,448.78,86.89,162.76,1.0000,-1,-1,-1
469,95,768.16,345.72,71.65,156.25,1.0000,-1,-1,-1
469,96,107.34,261.19,74.71,143.14,1.0000,-1,-1,-1
469,101,618.48,487.28,75.91,133.57,1.0000,-1,-1,-1
469,104,185.94,241.45,72.79,145.83,1.0000,-1,-1,-1
469,105,611.81,248.99,84.54,156.95,1.0000,-1,-1,-1
469,106,472.99,101.06,52.40,120.67,1.0000,-1,-1,-1
469,107,567.98,291.18,105.70,146.13,1.0000,-1,-1,-1
469,108,483.90,323.13,89.99,117.87,1.0000,-1,-1,-1
470,81,352.85,373.86,75.12,116.32,1.0000,-1,-1,-1
470,84,789.43,448.66,90.27,162.09,1.0000,-1,-1,-1
470,95,764.68,342.36,72.07,155.04,1.0000,-1,-1,-1
470,96,117.28,259.21,72.30,144.24,1.0000,-1,-1,-1
470,101,625.07,487.08,76.27,134.02,1.0000,-1,-1,-1
470,104,192.34,241.84,69.01,146.73,1.0000,-1,-1,-1
470,105,613.59,252.30,88.62,153.96,1.0000,-1,-1,-1
470,106,470.78,101.19,52.30,120.44,1.0000,-1,-1,-1
470,107,568.54,291.62,106.47,143.89,1.0000,-1,-1,-1
470,108,483.62,322.64,88.75,115.89,1.0000,-1,-1,-1
470,109,601.45,182.80,43.65,80.16,1.0000,-1,-1,-1
471,81,354.43,373.68,71.64,115.60,1.0000,-1,-1,-1
471,84,783.13,449.82,94.24,161.82,1.0000,-1,-1,-1
471,95,761.24,341.27,71.85,154.58,1.0000,-1,-1,-1
471,96,123.03,258.61,73.35,145.69,1.0000,-1,-1,-1
471,101,631.11,487.32,75.49,134.28,1.0000,-1,-1,-1
471,104,199.96,240.86,68.17,148.40,1.0000,-1,-1,-1
471,105,614.92,256.58,91.56,151.38,1.0000,-1,-1,-1
471,106,468.56,101.33,52.20,120.20,1.0000,-1,-1,-1
471,107,572.17,291.47,103.69,142.15,1.0000,-1,-1,-1
471,108,491.80,322.73,86.55,115.00,1.0000,-1,-1,-1
471,109,602.90,184.31,42.70,83.27,1.0000,-1,-1,-1
471,110,-0.72,142.46,52.08,120.22,1.0000,-1,-1,-1
472,81,356.23,369.80,68.81,117.27,1.0000,-1,-1,-1
472,84,771.00,398.18,104.36,192.14,1.0000,-1,-1,-1
472,95,757.79,340.17,71.64,154.12,1.0000,-1,-1,-1
472,96,127.38,257.68,76.65,148.13,1.0000,-1,-1,-1
472,101,638.44,486.60,77.58,135.28,1.0000,-1,-1,-1
472,104,208.57,240.32,70.93,149.84,1.0000,-1,-1,-1
472,105,621.07,263.22,90.63,147.74,1.0000,-1,-1,-1
472,106,466.34,101.46,52.10,119.97,1.0000,-1,-1,-1
472,107,578.53,291.10,98.35,143.23,1.0000,-1,-1,-1
472,108,497.61,322.47,90.48,116.21,1.0000,-1,-1,-1
472,109,603.18,183.01,42.06,84.87,1.0000,-1,-1,-1
472,110,-1.00,144.17,50.33,118.87,1.0000,-1,-1,-1
473,81,356.42,361.69,66.62,121.70,1.0000,-1,-1,-1
473,84,766.30,373.29,108.84,213.34,1.0000,-1,-1,-1
473,95,754.34,339.08,71.42,153.66,1.0000,-1,-1,-1
473,96,134.27,256.67,82.03,148.92,1.0000,-1,-1,-1
473,101,647.45,485.84,81.83,136.60,1.0000,-1,-1,-1
473,104,215.03,239.68,73.18,150.64,1.0000,-1,-1,-1
473,105,627.55,269.30,87.87,143.96,1.0000,-1,-1,-1
473,106,464.12,101.60,52.00,119.74,1.0000,-1,-1,-1
473,107,584.52,288.56,93.00,144.76,1.0000,-1,-1,-1
473,108,495.52,323.42,98.95,118.28,1.0000,-1,-1,-1
473,109,602.59,182.55,43.33,90.53,1.0000,-1,-1,-1
473,110,-1.97,143.98,50.93,120.29,1.0000,-1,-1,-1
474,81,355.52,351.94,65.28,128.75,1.0000,-1,-1,-1
474,84,768.67,406.64,107.22,201.77,1.0000,-1,-1,-1
474,95,750.89,337.99,71.21,153.20,1.0000,-1,-1,-1
474,96,144.11,255.67,88.64,147.48,1.0000,-1,-1,-1
474,101,655.27,486.47,81.95,136.72,1.0000,-1,-1,-1
474,104,228.65,239.08,68.68,150.02,1.0000,-1,-1,-1
474,105,630.29,271.59,88.06,144.27,1.0000,-1,-1,-1
474,106,483.63,99.16,54.57,121.68,1.0000,-1,-1,-1
474,107,595.63,281.15,80.19,143.93,1.0000,-1,-1,-1
474,108,484.06,320.62,110.02,121.70,1.0000,-1,-1,-1
474,109,604.06,180.81,42.76,91.07,1.0000,-1,-1,-1
474,110,-2.93,143.80,51.53,121.69,1.0000,-1,-1,-1
475,81,354.33,343.56,64.58,135.65,1.0000,-1,-1,-1
475,84,769.69,427.34,106.19,189.55,1.0000,-1,-1,-1
475,95,747.44,336.89,70.99,152.73,1.0000,-1,-1,-1
475,96,150.41,255.11,89.77,146.77,1.0000,-1,-1,-1
475,101,660.84,486.45,81.25,136.52,1.0000,-1,-1,-1
475,104,240.04,239.23,65.13,149.40,1.0000,-1,-1,-1
475,105,633.04,273.88,88.25,144.58,1.0000,-1,-1,-1
475,106,485.08,98.66,56.02,123.06,1.0000,-1,-1,-1
475,107,599.28,279.69,80.51,144.51,1.0000,-1,-1,-1
475,108,478.89,312.84,117.60,128.00,1.0000,-1,-1,-1
475,109,605.56,181.09,42.44,92.55,1.0000,-1,-1,-1
475,110,-3.89,143.63,52.11,123.08,1.0000,-1,-1,-1
476,81,357.64,342.27,64.13,134.69,1.0000,-1,-1,-1
476,84,765.11,440.16,108.26,178.59,1.0000,-1,-1,-1
476,96,158.90,255.37,87.78,145.86,1.0000,-1,-1,-1
476,101,664.40,486.27,79.13,136.48,1.0000,-1,-1,-1
476,104,251.84,238.99,61.61,148.74,1.0000,-1,-1,-1
476,105,635.78,276.17,88.43,144.89,1.0000,-1,-1,-1
476,106,487.22,100.89,56.76,123.67,1.0000,-1,-1,-1
476,107,602.94,278.24,80.84,145.09,1.0000,-1,-1,-1
476,108,475.32,305.85,122.95,133.83,1.0000,-1,-1,-1
476,109,607.90,179.62,42.40,93.12,1.0000,-1,-1,-1
476,110,-4.85,143.47,52.70,124.45,1.0000,-1,-1,-1
476,111,34.66,143.43,78.05,115.26,1.0000,-1,-1,-1
476,112,890.13,155.32,49.05,133.74,1.0000,-1,-1,-1
477,81,353.26,330.75,62.62,141.39,1.0000,-1,-1,-1
477,84,758.96,448.07,111.41,169.87,1.0000,-1,-1,-1
477,96,170.91,254.25,82.84,145.34,1.0000,-1,-1,-1
477,101,666.28,486.44,78.55,136.55,1.0000,-1,-1,-1
477,104,262.53,239.67,58.53,148.50,1.0000,-1,-1,-1
477,105,638.53,278.46,88.62,145.20,1.0000,-1,-1,-1
477,106,489.41,102.19,56.09,123.78,1.0000,-1,-1,-1
477,107,606.59,276.78,81.16,145.66,1.0000,-1,-1,-1
477,108,471.18,301.27,127.54,139.40,1.0000,-1,-1,-1
477,109,610.20,181.67,42.81,95.66,1.0000,-1,-1,-1
477,110,-5.80,143.32,53.27,125.81,1.0000,-1,-1,-1
477,111,43.52,144.62,73.99,111.09,1.0000,-1,-1,-1
477,112,891.12,155.91,49.97,136.27,1.0000,-1,-1,-1
478,81,351.16,320.59,62.60,147.85,1.0000,-1,-1,-1
478,84,758.84,454.73,111.56,163.20,1.0000,-1,-1,-1
478,96,190.37,252.91,73.01,144.00,1.0000,-1,-1,-1
478,101,668.08,486.03,79.41,136.62,1.0000,-1,-1,-1
478,104,268.72,241.08,58.26,148.48,1.0000,-1,-1,-1
478,105,641.27,280.75,88.81,145.50,1.0000,-1,-1,-1
478,106,491.88,106.86,54.11,121.07,1.0000,-1,-1,-1
478,107,610.25,275.32,81.47,146.23,1.0000,-1,-1,-1
478,108,465.86,297.60,131.15,144.50,1.0000,-1,-1,-1
478,109,611.38,182.26,43.01,96.10,1.0000,-1,-1,-1
478,111,49.25,147.53,69.91,108.69,1.0000,-1,-1,-1
478,112,892.11,156.52,50.88,138.75,1.0000,-1,-1,-1
479,81,351.51,309.10,63.01,153.66,1.0000,-1,-1,-1
479,84,750.96,461.57,111.43,158.05,1.0000,-1,-1,-1
479,96,209.97,251.98,66.28,142.60,1.0000,-1,-1,-1
479,101,667.90,485.63,82.97,136.47,1.0000,-1,-1,-1
479,104,275.90,242.15,61.67,149.57,1.0000,-1,-1,-1
479,105,638.56,274.59,82.65,150.25,1.0000,-1,-1,-1
479,106,494.99,108.68,52.56,119.15,1.0000,-1,-1,-1
479,107,613.90,273.87,81.79,146.80,1.0000,-1,-1,-1
479,108,456.43,298.14,127.68,145.47,1.0000,-1,-1,-1
479,109,612.55,182.85,43.21,96.54,1.0000,-1,-1,-1
479,111,56.41,149.86,67.46,104.88,1.0000,-1,-1,-1
479,112,893.11,157.15,51.78,141.19,1.0000,-1,-1,-1
480,81,350.82,299.86,63.10,159.94,1.0000,-1,-1,-1
480,84,743.42,466.91,110.13,154.39,1.0000,-1,-1,-1
480,96,227.02,252.88,66.80,142.69,1.0000,-1,-1,-1
480,101,667.65,487.05,85.94,136.13,1.0000,-1,-1,-1
480,104,280.63,243.16,66.12,150.86,1.0000,-1,-1,-1
480,105,641.88,274.62,84.65,153.06,1.0000,-1,-1,-1
480,106,497.15,111.23,51.07,116.90,1.0000,-1,-1,-1
480,108,448.31,297.59,123.98,148.66,1.0000,-1,-1,-1
480,109,619.85,183.92,45.86,102.80,1.0000,-1,-1,-1
480,111,63.61,152.26,64.92,100.93,1.0000,-1,-1,-1
480,112,894.12,157.80,52.66,143.59,1.0000,-1,-1,-1
480,113,751.14,343.13,82.38,148.10,1.0000,-1,-1,-1
481,81,352.73,287.47,64.01,170.01,1.0000,-1,-1,-1
481,84,735.87,472.00,107.01,150.54,1.0000,-1,-1,-1
481,96,237.38,255.61,67.99,144.70,1.0000,-1,-1,-1
481,101,668.68,488.61,90.03,134.57,1.0000,-1,-1,-1
481,104,284.44,246.57,70.12,151.98,1.0000,-1,-1,-1
481,105,641.53,275.70,89.40,158.14,1.0000,-1,-1,-1
481,106,498.21,113.85,49.89,116.13,1.0000,-1,-1,-1
481,108,445.21,295.78,125.99,151.08,1.0000,-1,-1,-1
481,109,621.73,184.63,46.29,103.77,1.0000,-1,-1,-1
481,111,70.87,154.73,62.27,96.81,1.0000,-1,-1,-1
481,112,895.14,158.48,53.52,145.94,1.0000,-1,-1,-1
481,113,749.99,345.06,77.76,146.49,1.0000,-1,-1,-1
482,81,355.30,310.14,62.74,161.25,1.0000,-1,-1,-1
482,84,730.66,473.51,107.17,150.77,1.0000,-1,-1,-1
482,96,244.79,259.36,67.13,146.12,1.0000,-1,-1,-1
482,101,672.66,488.29,90.42,135.16,1.0000,-1,-1,-1
482,104,300.85,240.92,65.98,142.11,1.0000,-1,-1,-1
482,105,642.15,280.37,92.90,160.50,1.0000,-1,-1,-1
482,106,498.45,116.15,49.11,117.83,1.0000,-1,-1,-1
482,108,442.12,293.98,127.98,153.46,1.0000,-1,-1,-1
482,109,623.61,185.34,46.72,104.73,1.0000,-1,-1,-1
482,111,78.18,157.31,59.50,92.51,1.0000,-1,-1,-1
482,112,903.81,178.58,51.95,144.00,1.0000,-1,-1,-1
482,113,748.80,347.68,73.16,145.52,1.0000,-1,-1,-1
483,81,357.16,308.67,62.44,160.48,1.0000,-1,-1,-1
483,84,725.44,475.02,107.33,150.99,1.0000,-1,-1,-1
483,96,255.55,264.97,70.43,147.93,1.0000,-1,-1,-1
483,101,679.61,485.21,106.44,136.99,1.0000,-1,-1,-1
483,104,316.34,241.65,61.86,134.65,1.0000,-1,-1,-1
483,105,647.50,283.82,92.21,162.50,1.0000,-1,-1,-1
483,106,499.12,119.76,48.10,119.20,1.0000,-1,-1,-1
483,108,439.05,292.21,129.94,155.81,1.0000,-1,-1,-1
483,109,625.49,186.05,47.15,105.68,1.0000,-1,-1,-1
483,111,85.57,159.98,56.61,88.00,1.0000,-1,-1,-1
483,112,905.90,182.15,52.54,145.62,1.0000,-1,-1,-1
483,113,748.59,352.11,68.98,145.37,1.0000,-1,-1,-1
484,81,359.03,307.19,62.14,159.71,1.0000,-1,-1,-1
484,84,720.23,476.53,107.49,151.21,1.0000,-1,-1,-1
484,96,267.26,274.49,74.40,148.55,1.0000,-1,-1,-1
484,101,679.59,485.94,107.25,136.87,1.0000,-1,-1,-1
484,104,333.71,255.59,58.35,135.81,1.0000,-1,-1,-1
484,105,649.60,290.03,91.16,165.52,1.0000,-1,-1,-1
484,106,499.62,125.36,48.20,120.10,1.0000,-1,-1,-1
484,108,436.00,290.45,131.87,158.12,1.0000,-1,-1,-1
484,109,627.37,186.76,47.57,106.63,1.0000,-1,-1,-1
484,112,908.00,185.73,53.11,147.22,1.0000,-1,-1,-1
484,113,748.68,359.04,64.67,145.49,1.0000,-1,-1,-1
485,81,360.89,305.72,61.84,158.93,1.0000,-1,-1,-1
485,84,715.02,478.05,107.64,151.43,1.0000,-1,-1,-1
485,96,270.64,283.41,79.00,147.10,1.0000,-1,-1,-1
485,101,680.05,487.56,104.55,136.39,1.0000,-1,-1,-1
485,104,342.53,256.35,58.31,135.72,1.0000,-1,-1,-1
485,105,649.89,294.14,89.45,168.18,1.0000,-1,-1,-1
485,106,500.30,131.74,48.40,120.25,1.0000,-1,-1,-1
485,108,432.95,288.71,133.77,160.40,1.0000,-1,-1,-1
485,109,629.25,187.49,47.99,107.57,1.0000,-1,-1,-1
485,112,910.11,189.32,53.69,148.81,1.0000,-1,-1,-1
485,113,749.22,365.06,62.42,146.92,1.0000,-1,-1,-1
486,81,362.76,304.25,61.54,158.15,1.0000,-1,-1,-1
486,84,709.81,479.56,107.80,151.65,1.0000,-1,-1,-1
486,96,269.90,290.72,81.44,143.47,1.0000,-1,-1,-1
486,101,676.81,489.77,105.46,135.30,1.0000,-1,-1,-1
486,104,351.36,257.12,58.28,135.64,1.0000,-1,-1,-1
486,105,650.39,299.83,88.35,170.10,1.0000,-1,-1,-1
486,106,500.95,137.63,48.90,120.16,1.0000,-1,-1,-1
486,112,912.22,192.91,54.25,150.37,1.0000,-1,-1,-1
486,113,749.08,372.47,59.07,147.29,1.0000,-1,-1,-1
487,81,360.42,357.51,65.50,151.09,1.0000,-1,-1,-1
487,96,272.27,299.46,90.28,141.50,1.0000,-1,-1,-1
487,101,672.78,493.92,108.47,131.43,1.0000,-1,-1,-1
487,104,360.19,257.88,58.24,135.55,1.0000,-1,-1,-1
487,105,652.28,303.18,88.61,170.60,1.0000,-1,-1,-1
487,106,501.64,143.55,49.52,118.93,1.0000,-1,-1,-1
487,112,914.33,196.51,54.81,151.93,1.0000,-1,-1,-1
487,113,749.19,379.26,57.25,147.99,1.0000,-1,-1,-1
488,81,361.49,369.00,65.09,149.59,1.0000,-1,-1,-1
488,96,280.65,302.39,90.40,141.70,1.0000,-1,-1,-1
488,101,675.55,493.95,108.97,132.03,1.0000,-1,-1,-1
488,104,369.01,258.65,58.20,135.46,1.0000,-1,-1,-1
488,105,648.27,339.04,87.23,153.79,1.0000,-1,-1,-1
488,106,502.86,151.74,49.31,117.98,1.0000,-1,-1,-1
488,113,748.11,386.92,56.45,148.27,1.0000,-1,-1,-1
489,81,363.14,372.18,64.77,148.87,1.0000,-1,-1,-1
489,96,289.04,305.31,90.53,141.90,1.0000,-1,-1,-1
489,101,698.63,514.39,97.17,118.01,1.0000,-1,-1,-1
489,104,377.84,259.41,58.16,135.38,1.0000,-1,-1,-1
489,105,647.44,334.24,86.65,159.77,1.0000,-1,-1,-1
489,106,502.16,164.96,50.63,117.07,1.0000,-1,-1,-1
489,113,745.02,395.99,56.32,148.92,1.0000,-1,-1,-1
490,81,364.79,375.36,64.46,148.15,1.0000,-1,-1,-1
490,96,297.42,308.24,90.66,142.09,1.0000,-1,-1,-1
490,101,702.71,515.66,97.52,118.43,1.0000,-1,-1,-1
490,105,648.20,338.87,85.21,165.07,1.0000,-1,-1,-1
490,106,501.35,176.19,50.33,115.83,1.0000,-1,-1,-1
490,113,743.21,401.59,56.86,149.53,1.0000,-1,-1,-1
491,81,366.45,378.54,64.14,147.41,1.0000,-1,-1,-1
491,96,305.81,311.16,90.78,142.29,1.0000,-1,-1,-1
491,101,706.79,516.92,97.86,118.85,1.0000,-1,-1,-1
491,105,648.22,354.53,83.91,165.49,1.0000,-1,-1,-1
491,106,500.56,184.46,49.93,116.91,1.0000,-1,-1,-1
491,113,743.01,403.75,56.79,148.48,1.0000,-1,-1,-1
492,81,368.11,381.72,63.82,146.68,1.0000,-1,-1,-1
492,96,314.19,314.09,90.91,142.49,1.0000,-1,-1,-1
492,101,710.87,518.19,98.20,119.26,1.0000,-1,-1,-1
492,105,649.07,360.54,84.09,165.84,1.0000,-1,-1,-1
492,106,499.71,192.76,49.90,118.54,1.0000,-1,-1,-1
492,113,741.36,405.69,57.10,148.27,1.0000,-1,-1,-1
493,81,369.76,384.91,63.50,145.94,1.0000,-1,-1,-1
493,101,714.95,519.46,98.55,119.68,1.0000,-1,-1,-1
493,105,649.93,366.54,84.26,166.19,1.0000,-1,-1,-1
493,106,498.68,197.87,50.45,119.92,1.0000,-1,-1,-1
493,113,739.82,409.06,58.77,153.00,1.0000,-1,-1,-1
494,81,345.68,398.04,79.72,172.98,1.0000,-1,-1,-1
494,101,719.03,520.72,98.89,120.09,1.0000,-1,-1,-1
494,105,650.78,372.54,84.44,166.53,1.0000,-1,-1,-1
494,106,495.10,207.51,51.44,119.23,1.0000,-1,-1,-1
494,113,737.14,411.35,59.92,154.71,1.0000,-1,-1,-1
495,81,345.96,402.74,79.60,172.72,1.0000,-1,-1,-1
495,105,651.64,378.55,84.61,166.88,1.0000,-1,-1,-1
495,106,491.09,213.56,52.36,119.23,1.0000,-1,-1,-1
495,113,734.53,412.69,61.43,156.84,1.0000,-1,-1,-1
496,81,331.20,419.30,77.54,173.03,1.0000,-1,-1,-1
496,105,652.49,384.55,84.79,167.22,1.0000,-1,-1,-1
496,106,488.94,220.62,53.31,118.56,1.0000,-1,-1,-1
496,113,730.45,421.07,64.87,168.86,1.0000,-1,-1,-1
497,81,330.16,425.01,77.41,172.74,1.0000,-1,-1,-1
497,106,484.11,226.63,53.89,117.89,1.0000,-1,-1,-1
497,113,727.38,421.30,67.84,171.23,1.0000,-1,-1,-1
498,81,329.11,430.73,77.28,172.45,1.0000,-1,-1,-1
498,106,481.09,230.68,54.42,116.44,1.0000,-1,-1,-1
498,113,724.37,421.37,70.89,167.91,1.0000,-1,-1,-1
499,81,328.07,436.44,77.15,172.17,1.0000,-1,-1,-1
499,106,474.13,239.32,55.69,119.76,1.0000,-1,-1,-1
499,113,722.08,430.59,71.27,170.90,1.0000,-1,-1,-1
499,119,438.01,328.01,69.83,161.45,1.0000,-1,-1,-1
500,81,327.03,442.16,77.02,171.88,1.0000,-1,-1,-1
500,106,469.28,243.42,56.35,121.74,1.0000,-1,-1,-1
500,113,719.85,436.62,70.96,174.61,1.0000,-1,-1,-1
500,119,444.18,327.37,75.97,175.66,1.0000,-1,-1,-1
501,81,325.99,447.87,76.89,171.59,1.0000,-1,-1,-1
501,106,465.00,246.36,57.31,124.65,1.0000,-1,-1,-1
501,113,716.72,438.96,70.62,174.70,1.0000,-1,-1,-1
501,119,450.57,327.25,81.65,188.79,1.0000,-1,-1,-1
501,120,83.70,209.17,57.66,152.18,1.0000,-1,-1,-1
502,106,461.01,250.93,58.26,127.84,1.0000,-1,-1,-1
502,113,713.22,441.78,70.79,175.12,1.0000,-1,-1,-1
502,119,457.15,327.57,86.96,201.07,1.0000,-1,-1,-1
502,120,76.09,222.25,56.07,146.35,1.0000,-1,-1,-1
503,106,457.08,254.23,59.01,130.18,1.0000,-1,-1,-1
503,113,708.98,441.83,71.12,177.08,1.0000,-1,-1,-1
503,119,463.88,328.24,91.96,212.65,1.0000,-1,-1,-1
503,120,66.36,222.45,57.16,149.20,1.0000,-1,-1,-1
504,106,451.74,258.87,58.52,127.67,1.0000,-1,-1,-1
504,113,705.25,439.49,70.23,176.76,1.0000,-1,-1,-1
504,119,470.75,329.21,96.71,223.62,1.0000,-1,-1,-1
504,120,51.78,225.76,57.14,151.71,1.0000,-1,-1,-1
504,124,537.40,308.05,93.29,135.36,1.0000,-1,-1,-1
505,106,447.66,264.05,57.92,124.05,1.0000,-1,-1,-1
505,113,701.38,438.88,69.81,177.06,1.0000,-1,-1,-1
505,120,41.10,229.36,57.09,152.12,1.0000,-1,-1,-1
505,124,527.61,311.08,92.15,135.40,1.0000,-1,-1,-1
506,106,444.90,269.37,57.93,124.07,1.0000,-1,-1,-1
506,113,699.28,437.48,69.15,178.26,1.0000,-1,-1,-1
506,120,31.20,232.63,57.06,152.49,1.0000,-1,-1,-1
506,124,515.32,311.96,91.81,136.49,1.0000,-1,-1,-1
506,125,133.26,466.60,95.39,166.31,1.0000,-1,-1,-1
507,106,441.79,276.78,57.95,130.34,1.0000,-1,-1,-1
507,113,695.33,436.43,68.30,179.60,1.0000,-1,-1,-1
507,120,22.00,233.41,56.98,153.75,1.0000,-1,-1,-1
507,124,508.56,314.11,92.20,137.29,1.0000,-1,-1,-1
507,125,123.39,470.59,99.01,172.05,1.0000,-1,-1,-1
508,106,438.22,279.93,58.27,132.10,1.0000,-1,-1,-1
508,113,691.04,436.07,68.14,180.34,1.0000,-1,-1,-1
508,120,11.84,236.08,57.05,154.44,1.0000,-1,-1,-1
508,124,497.85,316.22,93.04,138.53,1.0000,-1,-1,-1
508,125,113.26,471.95,102.88,176.06,1.0000,-1,-1,-1
509,106,432.47,284.36,57.55,133.73,1.0000,-1,-1,-1
509,113,684.43,438.28,67.59,179.39,1.0000,-1,-1,-1
509,120,-1.25,235.67,54.29,157.17,1.0000,-1,-1,-1
509,124,487.15,318.34,93.86,139.76,1.0000,-1,-1,-1
509,125,95.76,476.99,100.97,177.89,1.0000,-1,-1,-1
510,106,428.28,288.83,57.80,134.16,1.0000,-1,-1,-1
510,113,680.87,441.12,66.26,179.56,1.0000,-1,-1,-1
510,120,-6.45,239.37,49.63,155.81,1.0000,-1,-1,-1
510,124,502.81,316.94,77.48,111.18,1.0000,-1,-1,-1
510,125,79.80,479.51,95.79,179.55,1.0000,-1,-1,-1
511,106,424.64,292.38,58.64,134.13,1.0000,-1,-1,-1
511,113,676.45,443.64,66.51,178.56,1.0000,-1,-1,-1
511,120,-16.59,242.66,49.35,154.93,1.0000,-1,-1,-1
511,123,181.80,526.37,85.56,194.10,1.0000,-1,-1,-1
511,124,500.76,320.88,73.24,99.95,1.0000,-1,-1,-1
511,125,66.29,481.94,87.92,179.53,1.0000,-1,-1,-1
512,106,421.21,297.78,59.17,134.71,1.0000,-1,-1,-1
512,113,670.34,446.16,68.35,176.82,1.0000,-1,-1,-1
512,120,-26.72,245.95,49.07,154.05,1.0000,-1,-1,-1
512,123,169.37,537.74,79.85,188.58,1.0000,-1,-1,-1
512,124,497.07,324.17,70.71,93.66,1.0000,-1,-1,-1
512,125,51.88,484.08,77.41,177.31,1.0000,-1,-1,-1
513,106,415.86,302.54,59.07,137.04,1.0000,-1,-1,-1
513,113,667.28,447.77,69.92,175.43,1.0000,-1,-1,-1
513,120,-36.85,249.24,48.78,153.16,1.0000,-1,-1,-1
513,123,157.08,546.82,80.74,190.70,1.0000,-1,-1,-1
513,124,492.05,326.13,67.28,89.11,1.0000,-1,-1,-1
513,125,36.93,485.75,70.76,177.99,1.0000,-1,-1,-1
514,106,409.23,308.96,60.60,139.77,1.0000,-1,-1,-1
514,113,658.08,448.64,75.37,176.87,1.0000,-1,-1,-1
514,120,-46.99,252.54,48.50,152.26,1.0000,-1,-1,-1
514,123,144.79,555.90,81.63,192.80,1.0000,-1,-1,-1
514,124,487.12,328.22,63.66,84.31,1.0000,-1,-1,-1
514,125,14.66,488.82,70.86,185.70,1.0000,-1,-1,-1
514,126,543.01,433.10,104.08,188.87,1.0000,-1,-1,-1
515,106,405.56,314.50,60.68,139.95,1.0000,-1,-1,-1
515,113,646.75,448.08,79.71,177.23,1.0000,-1,-1,-1
515,120,-57.12,255.84,48.21,151.36,1.0000,-1,-1,-1
515,123,131.53,537.71,81.62,189.96,1.0000,-1,-1,-1
515,124,482.29,330.45,59.82,79.23,1.0000,-1,-1,-1
515,125,-0.33,490.19,71.12,192.01,1.0000,-1,-1,-1
515,126,535.45,431.15,97.23,189.22,1.0000,-1,-1,-1
516,106,399.75,322.92,65.61,150.11,1.0000,-1,-1,-1
516,113,635.85,447.02,84.41,177.22,1.0000,-1,-1,-1
516,123,119.16,543.81,82.37,191.70,1.0000,-1,-1,-1
516,124,477.61,332.85,55.71,73.79,1.0000,-1,-1,-1
516,125,-6.85,495.11,68.78,196.08,1.0000,-1,-1,-1
516,126,531.73,438.16,90.84,184.86,1.0000,-1,-1,-1
517,106,396.32,327.36,70.82,159.18,1.0000,-1,-1,-1
517,113,628.92,445.92,88.02,177.54,1.0000,-1,-1,-1
517,123,106.80,549.92,83.11,193.43,1.0000,-1,-1,-1
517,124,473.08,335.47,51.28,67.92,1.0000,-1,-1,-1
517,125,-9.90,500.14,64.22,198.19,1.0000,-1,-1,-1
517,126,525.26,439.86,91.18,185.56,1.0000,-1,-1,-1
518,106,393.64,330.39,75.27,166.20,1.0000,-1,-1,-1
518,113,625.67,445.56,90.40,178.16,1.0000,-1,-1,-1
518,123,94.44,556.03,83.84,195.14,1.0000,-1,-1,-1
518,125,-23.76,506.01,63.40,195.67,1.0000,-1,-1,-1
518,126,527.59,449.36,83.85,176.67,1.0000,-1,-1,-1
519,106,383.59,337.58,75.00,169.88,1.0000,-1,-1,-1
519,113,636.89,446.91,85.45,177.01,1.0000,-1,-1,-1
519,123,82.08,562.15,84.57,196.84,1.0000,-1,-1,-1
519,125,-37.61,511.90,62.58,193.12,1.0000,-1,-1,-1
519,126,521.92,451.94,83.66,176.26,1.0000,-1,-1,-1
520,106,375.79,342.09,74.94,171.49,1.0000,-1,-1,-1
520,113,641.36,448.53,83.03,175.99,1.0000,-1,-1,-1
520,123,69.72,568.28,85.29,198.52,1.0000,-1,-1,-1
520,125,-51.46,517.80,61.74,190.53,1.0000,-1,-1,-1
520,126,516.24,454.51,83.46,175.85,1.0000,-1,-1,-1
521,106,369.91,345.76,76.30,171.90,1.0000,-1,-1,-1
521,113,645.28,451.60,80.61,173.58,1.0000,-1,-1,-1
521,125,-65.30,523.72,60.89,187.91,1.0000,-1,-1,-1
521,126,510.56,457.09,83.27,175.44,1.0000,-1,-1,-1
521,128,55.05,607.82,68.41,111.76,1.0000,-1,-1,-1
522,106,365.58,351.87,76.54,172.45,1.0000,-1,-1,-1
522,113,643.43,454.09,81.48,171.35,1.0000,-1,-1,-1
522,125,-79.13,529.66,60.03,185.25,1.0000,-1,-1,-1
522,126,504.88,459.66,83.07,175.03,1.0000,-1,-1,-1
522,128,48.88,604.20,70.64,115.41,1.0000,-1,-1,-1
523,106,360.37,359.50,76.56,174.80,1.0000,-1,-1,-1
523,113,641.12,457.84,83.25,168.21,1.0000,-1,-1,-1
523,126,499.20,462.24,82.87,174.62,1.0000,-1,-1,-1
523,128,42.75,600.63,72.81,118.95,1.0000,-1,-1,-1
524,106,356.99,371.21,74.88,176.96,1.0000,-1,-1,-1
524,113,635.11,460.19,88.67,164.73,1.0000,-1,-1,-1
524,128,36.64,597.12,74.92,122.39,1.0000,-1,-1,-1
525,106,353.38,379.03,74.37,179.98,1.0000,-1,-1,-1
525,113,632.33,461.22,91.69,162.67,1.0000,-1,-1,-1
525,128,30.57,593.65,76.96,125.73,1.0000,-1,-1,-1
526,106,349.02,386.10,74.60,180.54,1.0000,-1,-1,-1
526,113,638.65,460.91,87.77,161.20,1.0000,-1,-1,-1
526,128,24.53,590.23,78.96,128.99,1.0000,-1,-1,-1
527,106,348.75,390.94,73.60,183.69,1.0000,-1,-1,-1
527,113,640.78,460.02,85.20,160.62,1.0000,-1,-1,-1
527,130,412.88,361.72,69.99,182.48,1.0000,-1,-1,-1
528,106,344.92,396.95,74.45,187.37,1.0000,-1,-1,-1
528,113,643.66,459.14,82.26,160.52,1.0000,-1,-1,-1
528,130,411.64,365.38,68.71,185.81,1.0000,-1,-1,-1
529,106,338.91,403.33,78.27,189.37,1.0000,-1,-1,-1
529,113,647.83,459.29,78.77,160.32,1.0000,-1,-1,-1
529,130,405.09,369.06,68.05,188.80,1.0000,-1,-1,-1
530,106,331.14,410.12,84.57,192.16,1.0000,-1,-1,-1
530,113,650.91,459.67,75.49,159.60,1.0000,-1,-1,-1
530,130,401.03,369.86,67.69,191.57,1.0000,-1,-1,-1
531,106,326.21,416.62,90.77,191.34,1.0000,-1,-1,-1
531,113,650.75,460.78,75.16,159.92,1.0000,-1,-1,-1
531,130,397.84,368.72,66.87,193.81,1.0000,-1,-1,-1
532,106,321.38,424.78,97.82,189.15,1.0000,-1,-1,-1
532,113,650.49,462.81,74.23,159.81,1.0000,-1,-1,-1
532,130,394.42,372.03,66.85,193.74,1.0000,-1,-1,-1
533,106,317.63,431.68,98.19,189.87,1.0000,-1,-1,-1
533,113,650.08,465.43,73.47,158.91,1.0000,-1,-1,-1
533,130,388.25,353.24,69.02,171.75,1.0000,-1,-1,-1
534,106,311.36,432.23,110.15,186.62,1.0000,-1,-1,-1
534,113,649.53,466.31,73.46,158.88,1.0000,-1,-1,-1
534,130,383.63,347.80,74.74,157.44,1.0000,-1,-1,-1
535,106,307.86,438.39,110.59,187.37,1.0000,-1,-1,-1
535,113,633.95,466.63,80.20,158.41,1.0000,-1,-1,-1
535,130,379.36,345.27,80.77,144.46,1.0000,-1,-1,-1
536,106,304.36,444.55,111.03,188.12,1.0000,-1,-1,-1
536,113,632.36,467.37,80.25,158.51,1.0000,-1,-1,-1
536,130,373.55,344.71,86.60,137.86,1.0000,-1,-1,-1
537,106,300.87,450.72,111.47,188.86,1.0000,-1,-1,-1
537,113,630.76,468.12,80.31,158.61,1.0000,-1,-1,-1
537,130,370.66,340.79,86.19,137.21,1.0000,-1,-1,-1
538,106,297.37,456.88,111.91,189.60,1.0000,-1,-1,-1
538,113,632.04,459.16,76.83,162.71,1.0000,-1,-1,-1
538,130,367.76,336.87,85.78,136.56,1.0000,-1,-1,-1
539,106,293.88,463.05,112.34,190.34,1.0000,-1,-1,-1
539,113,628.18,451.86,75.46,165.83,1.0000,-1,-1,-1
539,130,364.87,332.95,85.37,135.90,1.0000,-1,-1,-1
540,113,624.91,447.83,75.33,169.70,1.0000,-1,-1,-1
540,130,361.97,329.04,84.96,135.24,1.0000,-1,-1,-1
541,113,620.60,445.14,76.07,172.61,1.0000,-1,-1,-1
541,130,359.08,325.12,84.54,134.58,1.0000,-1,-1,-1
542,113,616.18,443.86,77.06,175.27,1.0000,-1,-1,-1
543,113,613.90,443.25,77.14,175.46,1.0000,-1,-1,-1
543,133,300.53,493.98,104.18,226.69,1.0000,-1,-1,-1
544,113,611.62,442.64,77.22,175.64,1.0000,-1,-1,-1
544,133,282.03,494.92,103.43,225.12,1.0000,-1,-1,-1
545,113,588.88,418.77,93.55,195.49,1.0000,-1,-1,-1
545,133,265.10,490.85,108.41,229.56,1.0000,-1,-1,-1
545,135,336.89,319.79,117.58,252.36,1.0000,-1,-1,-1
546,113,585.47,416.84,93.83,196.08,1.0000,-1,-1,-1
546,133,255.90,486.39,114.25,234.24,1.0000,-1,-1,-1
546,135,333.99,317.61,108.62,245.03,1.0000,-1,-1,-1
547,113,582.06,414.91,94.11,196.66,1.0000,-1,-1,-1
547,133,241.47,480.17,126.14,242.53,1.0000,-1,-1,-1
547,135,335.78,309.04,114.41,250.81,1.0000,-1,-1,-1
548,113,574.51,418.20,110.73,199.69,1.0000,-1,-1,-1
548,133,229.07,477.14,128.70,247.44,1.0000,-1,-1,-1
548,135,340.11,302.96,117.22,252.34,1.0000,-1,-1,-1
549,113,568.22,404.02,114.24,208.36,1.0000,-1,-1,-1
549,133,228.29,453.43,117.20,201.31,1.0000,-1,-1,-1
549,135,346.81,290.48,120.95,253.92,1.0000,-1,-1,-1
549,138,464.07,419.04,115.12,199.64,1.0000,-1,-1,-1
550,113,568.98,393.59,111.80,213.83,1.0000,-1,-1,-1
550,133,222.96,449.57,111.31,182.89,1.0000,-1,-1,-1
550,135,350.88,283.63,123.34,254.28,1.0000,-1,-1,-1
550,138,468.73,405.36,120.76,213.94,1.0000,-1,-1,-1
551,113,570.46,380.31,107.24,219.10,1.0000,-1,-1,-1
551,133,217.29,446.53,108.94,178.51,1.0000,-1,-1,-1
551,135,353.79,277.61,124.43,253.01,1.0000,-1,-1,-1
551,138,471.73,391.33,126.07,227.31,1.0000,-1,-1,-1
552,113,566.81,372.18,104.82,220.87,1.0000,-1,-1,-1
552,133,213.57,440.79,107.49,178.47,1.0000,-1,-1,-1
552,135,356.68,269.11,126.76,257.76,1.0000,-1,-1,-1
552,138,476.31,382.56,123.02,235.00,1.0000,-1,-1,-1
553,113,572.54,363.47,98.16,222.11,1.0000,-1,-1,-1
553,133,206.38,435.43,109.79,183.95,1.0000,-1,-1,-1
553,135,361.65,265.39,124.81,251.77,1.0000,-1,-1,-1
553,138,486.14,376.31,118.02,239.16,1.0000,-1,-1,-1
554,113,579.20,354.55,93.99,220.66,1.0000,-1,-1,-1
554,133,198.96,432.14,119.04,205.67,1.0000,-1,-1,-1
554,135,371.23,256.37,122.16,247.01,1.0000,-1,-1,-1
554,138,498.07,364.70,112.46,244.70,1.0000,-1,-1,-1
554,139,668.64,338.19,96.99,224.32,1.0000,-1,-1,-1
555,113,579.33,350.55,92.49,219.67,1.0000,-1,-1,-1
555,133,191.82,425.29,121.04,217.48,1.0000,-1,-1,-1
555,135,376.82,249.43,119.85,243.11,1.0000,-1,-1,-1
555,138,510.57,356.35,103.34,245.66,1.0000,-1,-1,-1
555,139,684.47,333.57,94.01,219.93,1.0000,-1,-1,-1
556,113,577.54,345.79,92.76,220.32,1.0000,-1,-1,-1
556,133,180.60,418.29,127.59,228.49,1.0000,-1,-1,-1
556,135,380.98,243.92,118.19,239.35,1.0000,-1,-1,-1
556,138,519.03,347.37,98.09,247.75,1.0000,-1,-1,-1
556,139,692.97,325.72,100.97,227.18,1.0000,-1,-1,-1
557,113,587.94,338.94,88.51,220.21,1.0000,-1,-1,-1
557,133,167.15,413.36,134.39,237.12,1.0000,-1,-1,-1
557,135,383.83,239.49,117.40,234.61,1.0000,-1,-1,-1
557,138,525.39,340.52,94.59,249.48,1.0000,-1,-1,-1
557,139,707.20,320.84,103.25,227.85,1.0000,-1,-1,-1
557,141,633.55,277.36,67.28,247.63,1.0000,-1,-1,-1
558,113,587.04,333.99,88.75,220.80,1.0000,-1,-1,-1
558,133,152.93,409.12,142.95,243.28,1.0000,-1,-1,-1
558,135,386.06,235.37,116.52,232.13,1.0000,-1,-1,-1
558,138,532.67,333.32,99.04,254.94,1.0000,-1,-1,-1
558,139,722.22,329.04,104.92,223.57,1.0000,-1,-1,-1
558,141,633.48,257.37,95.39,278.81,1.0000,-1,-1,-1
559,113,586.13,329.05,88.99,221.39,1.0000,-1,-1,-1
559,133,129.55,406.12,152.87,248.44,1.0000,-1,-1,-1
559,135,387.74,230.93,117.85,229.16,1.0000,-1,-1,-1
559,138,539.73,326.76,110.01,260.44,1.0000,-1,-1,-1
559,139,730.72,330.15,115.55,226.50,1.0000,-1,-1,-1
559,141,627.76,241.19,96.91,251.98,1.0000,-1,-1,-1
560,113,585.23,324.10,89.23,221.99,1.0000,-1,-1,-1
560,133,113.71,404.33,160.11,252.18,1.0000,-1,-1,-1
560,135,389.62,229.37,116.99,226.43,1.0000,-1,-1,-1
560,138,542.32,324.38,119.82,262.47,1.0000,-1,-1,-1
560,139,735.77,326.64,123.74,232.94,1.0000,-1,-1,-1
560,141,627.75,242.39,97.85,249.63,1.0000,-1,-1,-1
561,113,584.32,319.15,89.47,222.57,1.0000,-1,-1,-1
561,133,104.23,405.07,164.51,253.59,1.0000,-1,-1,-1
561,135,392.26,229.86,117.00,224.88,1.0000,-1,-1,-1
561,138,543.18,324.45,128.68,262.80,1.0000,-1,-1,-1
561,139,744.30,325.58,128.25,235.66,1.0000,-1,-1,-1
561,141,627.96,240.81,97.34,241.81,1.0000,-1,-1,-1
562,113,583.42,314.20,89.70,223.16,1.0000,-1,-1,-1
562,133,98.42,406.70,165.86,253.94,1.0000,-1,-1,-1
562,135,393.96,230.85,115.97,222.16,1.0000,-1,-1,-1
562,138,543.19,325.03,136.44,262.71,1.0000,-1,-1,-1
562,139,746.66,331.93,133.96,232.43,1.0000,-1,-1,-1
562,141,627.70,247.86,94.39,241.06,1.0000,-1,-1,-1
563,133,94.21,409.43,165.28,253.55,1.0000,-1,-1,-1
563,135,394.19,233.16,114.52,219.94,1.0000,-1,-1,-1
563,138,541.05,324.90,143.72,263.17,1.0000,-1,-1,-1
563,139,745.06,339.46,138.75,227.42,1.0000,-1,-1,-1
563,141,628.60,253.48,93.48,242.44,1.0000,-1,-1,-1
564,133,80.80,412.68,148.19,252.24,1.0000,-1,-1,-1
564,135,394.85,237.36,113.00,219.29,1.0000,-1,-1,-1
564,138,538.57,324.60,149.92,263.76,1.0000,-1,-1,-1
564,139,745.59,343.44,139.14,227.18,1.0000,-1,-1,-1
564,141,632.44,260.70,92.97,239.45,1.0000,-1,-1,-1
565,133,78.64,414.62,136.01,251.59,1.0000,-1,-1,-1
565,135,395.66,239.74,112.52,219.06,1.0000,-1,-1,-1
565,138,537.14,321.97,153.79,265.02,1.0000,-1,-1,-1
565,139,743.03,346.58,138.33,226.23,1.0000,-1,-1,-1
565,141,639.02,267.02,90.51,234.48,1.0000,-1,-1,-1
566,133,75.65,415.63,122.54,250.83,1.0000,-1,-1,-1
566,135,396.39,239.74,111.02,218.50,1.0000,-1,-1,-1
566,138,540.12,319.18,153.80,265.27,1.0000,-1,-1,-1
566,139,744.82,338.17,133.46,230.74,1.0000,-1,-1,-1
566,141,643.78,270.77,87.30,230.36,1.0000,-1,-1,-1
567,133,76.88,413.86,120.09,251.71,1.0000,-1,-1,-1
567,135,394.83,239.06,110.28,218.63,1.0000,-1,-1,-1
567,138,545.29,316.76,151.01,264.97,1.0000,-1,-1,-1
567,139,748.01,334.92,125.90,230.91,1.0000,-1,-1,-1
567,141,646.76,271.88,83.80,227.49,1.0000,-1,-1,-1
568,133,64.18,412.44,122.36,252.30,1.0000,-1,-1,-1
568,135,394.41,238.57,110.48,218.61,1.0000,-1,-1,-1
568,138,553.93,312.74,145.18,264.19,1.0000,-1,-1,-1
568,139,746.22,335.40,120.51,231.80,1.0000,-1,-1,-1
568,141,652.36,271.02,78.12,222.91,1.0000,-1,-1,-1
569,133,37.36,415.11,122.00,253.39,1.0000,-1,-1,-1
569,135,398.02,240.11,111.88,216.99,1.0000,-1,-1,-1
569,138,566.91,305.13,135.25,263.53,1.0000,-1,-1,-1
569,139,739.94,340.79,117.33,233.33,1.0000,-1,-1,-1
569,141,659.77,267.55,76.65,221.60,1.0000,-1,-1,-1
570,133,22.35,417.81,125.11,254.46,1.0000,-1,-1,-1
570,135,403.97,241.81,108.86,212.61,1.0000,-1,-1,-1
570,138,575.46,302.88,125.80,262.16,1.0000,-1,-1,-1
570,139,739.27,341.30,114.08,236.84,1.0000,-1,-1,-1
570,141,663.78,266.22,75.52,221.63,1.0000,-1,-1,-1
571,133,16.00,419.08,129.19,256.13,1.0000,-1,-1,-1
571,135,406.59,247.12,106.59,209.84,1.0000,-1,-1,-1
571,138,580.23,298.18,126.69,264.02,1.0000,-1,-1,-1
571,139,741.27,343.87,111.13,238.93,1.0000,-1,-1,-1
571,141,667.41,264.79,73.56,219.55,1.0000,-1,-1,-1
572,133,11.26,421.45,131.36,256.90,1.0000,-1,-1,-1
572,135,407.42,253.79,103.79,209.88,1.0000,-1,-1,-1
572,138,562.52,297.16,129.25,265.06,1.0000,-1,-1,-1
572,139,742.02,346.97,109.24,242.30,1.0000,-1,-1,-1
572,141,669.61,264.64,71.54,217.99,1.0000,-1,-1,-1
573,133,9.68,423.82,132.02,257.04,1.0000,-1,-1,-1
573,135,414.03,260.58,98.61,209.33,1.0000,-1,-1,-1
573,138,557.52,294.03,132.19,264.32,1.0000,-1,-1,-1
573,139,742.56,350.69,108.01,245.60,1.0000,-1,-1,-1
573,141,671.50,263.76,70.13,215.83,1.0000,-1,-1,-1
574,133,6.17,425.38,128.45,257.13,1.0000,-1,-1,-1
574,135,423.10,270.46,93.36,209.77,1.0000,-1,-1,-1
574,138,553.24,292.62,136.38,264.69,1.0000,-1,-1,-1
574,139,742.45,353.85,107.35,249.33,1.0000,-1,-1,-1
574,141,670.93,264.55,70.17,215.25,1.0000,-1,-1,-1
575,133,4.11,426.42,122.91,256.97,1.0000,-1,-1,-1
575,135,430.95,278.71,90.80,208.48,1.0000,-1,-1,-1
575,138,550.81,292.02,139.98,263.43,1.0000,-1,-1,-1
575,139,741.72,355.29,107.08,253.01,1.0000,-1,-1,-1
575,141,673.34,263.79,69.72,213.88,1.0000,-1,-1,-1
576,133,3.51,427.48,117.40,256.98,1.0000,-1,-1,-1
576,135,434.58,286.37,88.41,206.00,1.0000,-1,-1,-1
576,138,552.29,287.99,140.99,265.32,1.0000,-1,-1,-1
576,139,740.16,356.09,106.92,255.75,1.0000,-1,-1,-1
576,141,671.59,274.89,69.44,212.95,1.0000,-1,-1,-1
577,133,3.12,428.61,112.51,257.70,1.0000,-1,-1,-1
577,135,437.60,288.84,87.88,204.78,1.0000,-1,-1,-1
577,138,553.77,283.96,141.99,267.20,1.0000,-1,-1,-1
577,139,739.24,357.03,106.25,256.96,1.0000,-1,-1,-1
577,141,673.62,275.23,69.00,211.59,1.0000,-1,-1,-1
577,144,612.93,300.47,78.03,261.41,1.0000,-1,-1,-1
578,133,1.85,430.97,106.50,258.96,1.0000,-1,-1,-1
578,135,448.91,297.02,104.10,201.52,1.0000,-1,-1,-1
578,138,555.25,279.94,142.98,269.06,1.0000,-1,-1,-1
578,139,739.43,357.79,105.56,257.54,1.0000,-1,-1,-1
578,141,675.66,275.57,68.55,210.22,1.0000,-1,-1,-1
578,144,615.92,301.57,80.44,261.91,1.0000,-1,-1,-1
579,133,2.28,435.80,102.21,261.08,1.0000,-1,-1,-1
579,135,452.46,303.57,118.26,198.14,1.0000,-1,-1,-1
579,138,556.73,275.93,143.96,270.92,1.0000,-1,-1,-1
579,139,738.41,359.80,103.31,256.14,1.0000,-1,-1,-1
579,141,677.69,275.91,68.10,208.84,1.0000,-1,-1,-1
579,144,626.64,305.90,81.61,260.77,1.0000,-1,-1,-1
580,133,4.08,439.54,100.22,263.81,1.0000,-1,-1,-1
580,135,447.36,307.30,119.98,195.37,1.0000,-1,-1,-1
580,138,558.22,271.92,144.94,272.76,1.0000,-1,-1,-1
580,139,735.66,364.99,100.06,254.67,1.0000,-1,-1,-1
580,141,679.72,276.26,67.65,207.45,1.0000,-1,-1,-1
580,144,631.95,307.24,83.48,260.51,1.0000,-1,-1,-1
581,133,4.35,442.95,100.16,266.90,1.0000,-1,-1,-1
581,135,450.77,311.48,129.15,194.34,1.0000,-1,-1,-1
581,139,731.69,368.60,99.51,253.92,1.0000,-1,-1,-1
581,141,681.76,276.61,67.19,206.05,1.0000,-1,-1,-1
581,144,634.33,307.99,86.18,260.93,1.0000,-1,-1,-1
582,133,3.14,445.28,102.30,268.80,1.0000,-1,-1,-1
582,135,450.86,312.07,136.96,195.27,1.0000,-1,-1,-1
582,139,730.87,372.07,96.98,252.53,1.0000,-1,-1,-1
582,144,633.71,309.79,87.58,260.27,1.0000,-1,-1,-1
583,133,2.47,447.19,105.12,269.67,1.0000,-1,-1,-1
583,135,449.81,311.72,141.86,196.88,1.0000,-1,-1,-1
583,139,726.93,375.65,97.07,250.65,1.0000,-1,-1,-1
583,144,633.45,309.56,89.87,261.29,1.0000,-1,-1,-1
584,133,2.72,450.32,109.31,268.92,1.0000,-1,-1,-1
584,135,451.87,306.07,141.50,200.23,1.0000,-1,-1,-1
584,139,725.31,381.41,97.12,245.79,1.0000,-1,-1,-1
584,144,636.86,313.38,88.05,258.81,1.0000,-1,-1,-1
584,145,541.32,306.20,109.26,233.66,1.0000,-1,-1,-1
585,133,2.82,451.48,113.44,265.60,1.0000,-1,-1,-1
585,135,455.55,302.13,136.65,202.64,1.0000,-1,-1,-1
585,139,731.84,386.39,92.78,240.99,1.0000,-1,-1,-1
585,144,638.30,315.13,85.67,256.34,1.0000,-1,-1,-1
585,145,541.28,313.55,110.04,235.32,1.0000,-1,-1,-1
586,133,2.93,453.35,117.46,264.02,1.0000,-1,-1,-1
586,135,462.40,297.13,130.36,203.47,1.0000,-1,-1,-1
586,139,736.68,390.55,88.51,236.36,1.0000,-1,-1,-1
586,144,640.93,316.05,86.04,257.44,1.0000,-1,-1,-1
586,145,541.23,320.90,110.82,236.98,1.0000,-1,-1,-1
587,133,2.55,454.78,121.02,264.08,1.0000,-1,-1,-1
587,135,474.93,290.28,120.95,202.05,1.0000,-1,-1,-1
587,139,737.98,394.23,85.91,232.78,1.0000,-1,-1,-1
587,144,639.79,315.59,85.20,254.21,1.0000,-1,-1,-1
587,145,540.71,299.33,120.94,242.71,1.0000,-1,-1,-1
588,133,2.42,455.50,124.37,264.19,1.0000,-1,-1,-1
588,135,485.23,282.76,111.57,199.13,1.0000,-1,-1,-1
588,139,738.43,395.74,84.36,230.47,1.0000,-1,-1,-1
588,144,640.67,316.12,86.13,254.24,1.0000,-1,-1,-1
588,145,539.86,299.26,119.14,237.93,1.0000,-1,-1,-1
589,133,-2.87,456.34,118.87,262.83,1.0000,-1,-1,-1
589,135,497.08,273.80,102.69,193.27,1.0000,-1,-1,-1
589,139,739.94,397.39,82.43,228.47,1.0000,-1,-1,-1
589,144,639.98,315.22,88.99,256.32,1.0000,-1,-1,-1
589,145,538.53,299.89,117.87,230.42,1.0000,-1,-1,-1
590,133,2.48,456.92,122.19,261.43,1.0000,-1,-1,-1
590,135,506.48,269.45,94.41,188.06,1.0000,-1,-1,-1
590,139,744.05,398.75,79.04,226.30,1.0000,-1,-1,-1
590,144,639.44,313.89,91.16,257.94,1.0000,-1,-1,-1
590,145,538.08,301.31,119.38,225.91,1.0000,-1,-1,-1
591,133,-3.13,458.49,115.85,259.85,1.0000,-1,-1,-1
591,135,513.86,269.06,88.48,184.57,1.0000,-1,-1,-1
591,139,748.10,400.16,75.59,223.95,1.0000,-1,-1,-1
591,144,639.83,312.52,94.13,260.67,1.0000,-1,-1,-1
591,145,538.09,300.55,119.86,226.81,1.0000,-1,-1,-1
592,133,-2.04,460.57,115.30,258.48,1.0000,-1,-1,-1
592,135,518.62,267.35,87.96,183.49,1.0000,-1,-1,-1
592,139,751.35,402.12,72.96,221.66,1.0000,-1,-1,-1
592,144,639.66,312.48,96.44,261.80,1.0000,-1,-1,-1
592,145,538.10,299.79,120.33,227.71,1.0000,-1,-1,-1
593,133,0.88,462.02,118.78,257.64,1.0000,-1,-1,-1
593,135,523.39,265.65,87.44,182.39,1.0000,-1,-1,-1
593,139,752.45,404.76,72.06,219.43,1.0000,-1,-1,-1
593,144,637.58,312.24,99.05,263.04,1.0000,-1,-1,-1
593,145,538.12,299.04,120.80,228.60,1.0000,-1,-1,-1
594,133,-3.03,464.41,113.51,256.23,1.0000,-1,-1,-1
594,135,528.15,263.95,86.91,181.29,1.0000,-1,-1,-1
594,139,752.08,410.45,74.68,215.65,1.0000,-1,-1,-1
594,144,638.21,312.30,100.52,263.58,1.0000,-1,-1,-1
594,145,538.13,298.28,121.27,229.49,1.0000,-1,-1,-1
