3,1,214.51,193.65,124.01,151.36,1.0000,-1,-1,-1
3,2,615.98,294.98,126.46,153.06,1.0000,-1,-1,-1
3,3,123.84,517.61,99.58,175.84,1.0000,-1,-1,-1
3,4,969.50,175.74,130.17,133.52,1.0000,-1,-1,-1
3,5,74.20,68.95,48.97,54.58,1.0000,-1,-1,-1
4,1,215.03,193.96,126.67,151.63,1.0000,-1,-1,-1
4,2,614.41,298.81,120.64,147.73,1.0000,-1,-1,-1
4,3,115.66,516.35,99.82,179.78,1.0000,-1,-1,-1
4,4,980.96,174.90,133.70,131.40,1.0000,-1,-1,-1
4,5,92.92,68.47,49.28,54.93,1.0000,-1,-1,-1
5,1,219.60,196.12,125.11,149.52,1.0000,-1,-1,-1
5,2,616.46,300.80,118.88,144.01,1.0000,-1,-1,-1
5,3,115.25,519.95,91.97,176.59,1.0000,-1,-1,-1
5,4,974.08,175.32,134.90,130.79,1.0000,-1,-1,-1
5,5,111.64,67.99,49.60,55.28,1.0000,-1,-1,-1
6,1,229.51,196.43,111.77,144.06,1.0000,-1,-1,-1
6,2,615.41,301.25,115.32,139.56,1.0000,-1,-1,-1
6,3,109.61,522.47,89.46,175.11,1.0000,-1,-1,-1
6,4,983.28,175.76,121.88,125.78,1.0000,-1,-1,-1
6,5,145.15,67.62,48.88,54.37,1.0000,-1,-1,-1
7,1,238.30,197.83,99.07,138.72,1.0000,-1,-1,-1
7,2,617.82,299.64,121.25,140.38,1.0000,-1,-1,-1
7,3,106.60,519.37,96.23,179.55,1.0000,-1,-1,-1
7,4,986.71,176.60,111.25,123.23,1.0000,-1,-1,-1
7,5,167.67,67.15,48.93,54.43,1.0000,-1,-1,-1
8,1,244.32,202.52,85.92,131.22,1.0000,-1,-1,-1
8,2,627.23,300.74,122.51,142.84,1.0000,-1,-1,-1
8,3,106.51,514.29,101.07,180.67,1.0000,-1,-1,-1
8,4,984.61,175.59,100.10,121.07,1.0000,-1,-1,-1
8,5,190.19,66.68,48.99,54.50,1.0000,-1,-1,-1
9,1,249.66,206.25,81.68,126.29,1.0000,-1,-1,-1
9,2,638.66,301.69,122.44,145.11,1.0000,-1,-1,-1
9,3,112.84,509.14,109.43,182.60,1.0000,-1,-1,-1
9,4,980.66,175.05,94.86,121.37,1.0000,-1,-1,-1
9,5,212.72,66.21,49.05,54.56,1.0000,-1,-1,-1
10,1,256.42,200.71,82.73,128.99,1.0000,-1,-1,-1
10,2,649.11,302.50,121.32,147.83,1.0000,-1,-1,-1
10,3,117.58,505.84,115.98,183.55,1.0000,-1,-1,-1
10,4,986.76,173.23,97.06,123.89,1.0000,-1,-1,-1
10,5,235.24,65.74,49.11,54.62,1.0000,-1,-1,-1
11,1,259.93,194.04,92.62,130.42,1.0000,-1,-1,-1
11,2,662.02,307.37,119.55,149.79,1.0000,-1,-1,-1
11,3,110.88,504.24,109.69,182.24,1.0000,-1,-1,-1
11,4,995.83,169.45,99.96,127.76,1.0000,-1,-1,-1
11,5,257.76,65.26,49.16,54.69,1.0000,-1,-1,-1
12,1,266.31,192.05,99.54,133.21,1.0000,-1,-1,-1
12,2,662.15,308.71,119.44,151.26,1.0000,-1,-1,-1
12,3,104.73,504.22,107.10,183.73,1.0000,-1,-1,-1
12,4,998.59,167.49,104.24,130.24,1.0000,-1,-1,-1
12,7,11.95,397.21,72.77,194.88,1.0000,-1,-1,-1
13,1,269.22,192.99,105.27,134.72,1.0000,-1,-1,-1
13,2,664.03,311.80,116.02,149.96,1.0000,-1,-1,-1
13,3,101.83,506.20,105.69,185.04,1.0000,-1,-1,-1
13,4,998.08,165.92,108.06,132.58,1.0000,-1,-1,-1
13,7,19.95,402.62,71.24,189.05,1.0000,-1,-1,-1
13,8,68.41,299.64,52.14,144.81,1.0000,-1,-1,-1
14,1,271.23,194.37,109.14,136.32,1.0000,-1,-1,-1
14,2,669.22,314.32,108.81,147.67,1.0000,-1,-1,-1
14,3,103.73,508.19,102.62,185.43,1.0000,-1,-1,-1
14,4,1001.18,165.47,107.94,133.86,1.0000,-1,-1,-1
14,7,28.63,407.79,69.65,185.16,1.0000,-1,-1,-1
14,8,81.50,297.42,53.99,150.23,1.0000,-1,-1,-1
15,1,275.76,197.56,110.01,135.21,1.0000,-1,-1,-1
15,2,677.18,315.55,103.22,145.67,1.0000,-1,-1,-1
15,3,110.88,512.29,95.95,183.72,1.0000,-1,-1,-1
15,4,1006.89,170.26,102.46,131.46,1.0000,-1,-1,-1
15,7,31.53,411.44,73.63,186.49,1.0000,-1,-1,-1
15,8,94.99,297.38,52.80,150.14,1.0000,-1,-1,-1
16,1,282.98,198.00,102.38,133.94,1.0000,-1,-1,-1
16,2,690.39,313.83,104.44,146.48,1.0000,-1,-1,-1
16,3,117.16,513.96,89.34,180.16,1.0000,-1,-1,-1
16,4,1003.94,168.93,90.05,130.72,1.0000,-1,-1,-1
16,7,37.45,416.36,82.57,185.22,1.0000,-1,-1,-1
16,8,114.51,297.70,55.67,153.05,1.0000,-1,-1,-1
17,1,285.62,204.40,94.58,129.05,1.0000,-1,-1,-1
17,2,697.96,312.55,107.06,147.25,1.0000,-1,-1,-1
17,3,121.44,512.97,89.93,177.70,1.0000,-1,-1,-1
17,4,1007.07,175.72,85.49,127.07,1.0000,-1,-1,-1
17,7,43.34,418.13,90.41,184.17,1.0000,-1,-1,-1
17,8,128.94,298.25,59.52,154.87,1.0000,-1,-1,-1
18,1,293.64,204.41,88.69,126.89,1.0000,-1,-1,-1
18,2,703.19,311.51,110.13,147.70,1.0000,-1,-1,-1
18,3,130.07,510.68,92.49,176.58,1.0000,-1,-1,-1
18,4,1011.58,174.60,85.56,126.97,1.0000,-1,-1,-1
18,7,50.37,419.03,96.37,183.10,1.0000,-1,-1,-1
18,8,143.69,298.71,61.64,154.21,1.0000,-1,-1,-1
19,1,303.00,203.21,86.65,125.42,1.0000,-1,-1,-1
19,2,705.94,311.82,113.59,148.61,1.0000,-1,-1,-1
19,3,135.41,508.42,98.30,176.18,1.0000,-1,-1,-1
19,4,1015.95,173.24,88.14,128.30,1.0000,-1,-1,-1
19,7,56.37,419.39,101.04,181.52,1.0000,-1,-1,-1
19,8,146.37,298.20,70.82,154.99,1.0000,-1,-1,-1
20,1,308.80,199.25,89.07,126.47,1.0000,-1,-1,-1
20,2,707.73,312.93,117.97,150.91,1.0000,-1,-1,-1
20,3,136.97,507.58,101.80,175.51,1.0000,-1,-1,-1
20,4,1017.69,170.15,92.68,129.24,1.0000,-1,-1,-1
20,7,66.02,420.49,104.40,179.72,1.0000,-1,-1,-1
20,8,152.73,298.42,79.42,155.36,1.0000,-1,-1,-1
21,1,318.41,197.39,93.88,128.14,1.0000,-1,-1,-1
21,2,708.44,318.05,121.18,150.91,1.0000,-1,-1,-1
21,3,120.79,515.84,102.10,170.94,1.0000,-1,-1,-1
21,4,1016.84,168.96,99.38,130.87,1.0000,-1,-1,-1
21,7,77.44,425.37,104.80,176.69,1.0000,-1,-1,-1
21,8,171.33,298.98,86.62,154.42,1.0000,-1,-1,-1
22,1,321.41,203.00,99.45,125.93,1.0000,-1,-1,-1
22,2,706.26,320.24,122.41,150.50,1.0000,-1,-1,-1
22,3,120.75,516.13,101.72,170.31,1.0000,-1,-1,-1
22,4,1020.06,169.79,99.58,131.14,1.0000,-1,-1,-1
22,7,87.56,428.08,105.61,174.86,1.0000,-1,-1,-1
22,8,185.55,299.08,92.36,153.68,1.0000,-1,-1,-1
23,1,323.75,199.01,103.62,129.28,1.0000,-1,-1,-1
23,2,703.11,320.69,122.78,150.22,1.0000,-1,-1,-1
23,3,120.71,516.42,101.35,169.68,1.0000,-1,-1,-1
23,4,1024.23,171.50,94.69,129.21,1.0000,-1,-1,-1
23,7,96.31,428.41,107.47,177.93,1.0000,-1,-1,-1
23,8,200.61,299.49,94.35,151.98,1.0000,-1,-1,-1
24,1,328.63,196.59,104.10,131.64,1.0000,-1,-1,-1
24,2,698.61,320.47,120.37,149.77,1.0000,-1,-1,-1
24,3,120.67,516.72,100.97,169.05,1.0000,-1,-1,-1
24,4,1023.18,170.53,90.25,129.70,1.0000,-1,-1,-1
24,7,105.09,428.78,109.29,180.96,1.0000,-1,-1,-1
24,8,215.37,299.52,92.82,150.05,1.0000,-1,-1,-1
25,1,336.16,195.86,100.72,131.83,1.0000,-1,-1,-1
25,2,711.45,319.19,110.02,148.09,1.0000,-1,-1,-1
25,3,136.97,517.29,83.25,164.18,1.0000,-1,-1,-1
25,4,1023.68,170.59,82.19,129.29,1.0000,-1,-1,-1
25,7,113.88,429.16,111.09,183.93,1.0000,-1,-1,-1
25,8,231.24,299.24,88.99,148.54,1.0000,-1,-1,-1
26,1,344.54,198.67,83.88,128.80,1.0000,-1,-1,-1
26,2,730.38,317.60,104.67,147.82,1.0000,-1,-1,-1
26,3,150.55,514.08,78.19,162.71,1.0000,-1,-1,-1
26,4,1029.22,168.38,83.27,130.12,1.0000,-1,-1,-1
26,7,122.68,429.57,112.86,186.86,1.0000,-1,-1,-1
26,8,254.83,295.86,82.12,147.07,1.0000,-1,-1,-1
26,9,23.90,222.04,51.73,164.42,1.0000,-1,-1,-1
27,1,355.28,197.91,77.36,127.68,1.0000,-1,-1,-1
27,2,744.23,315.96,100.15,146.48,1.0000,-1,-1,-1
27,3,152.36,514.59,77.22,160.69,1.0000,-1,-1,-1
27,4,1033.21,166.21,84.55,129.97,1.0000,-1,-1,-1
27,7,131.50,430.01,114.60,189.74,1.0000,-1,-1,-1
27,8,271.60,294.51,74.72,145.99,1.0000,-1,-1,-1
27,9,41.06,221.04,54.32,163.02,1.0000,-1,-1,-1
28,1,364.28,197.92,74.96,126.25,1.0000,-1,-1,-1
28,2,755.38,314.27,97.57,142.71,1.0000,-1,-1,-1
28,3,154.18,515.10,76.24,158.65,1.0000,-1,-1,-1
28,4,1033.21,166.05,90.79,129.01,1.0000,-1,-1,-1
28,8,285.98,293.77,66.28,144.32,1.0000,-1,-1,-1
28,9,57.13,218.35,54.81,153.83,1.0000,-1,-1,-1
29,1,371.66,197.78,75.80,123.63,1.0000,-1,-1,-1
29,2,761.27,314.64,97.02,141.91,1.0000,-1,-1,-1
29,3,157.45,497.19,78.35,161.98,1.0000,-1,-1,-1
29,4,1030.51,165.69,98.74,128.43,1.0000,-1,-1,-1
29,8,300.48,292.60,60.05,142.28,1.0000,-1,-1,-1
29,9,73.89,221.29,55.84,153.14,1.0000,-1,-1,-1
30,1,378.33,192.89,78.45,123.14,1.0000,-1,-1,-1
30,2,767.15,315.02,96.47,141.11,1.0000,-1,-1,-1
30,3,152.20,493.51,83.62,164.59,1.0000,-1,-1,-1
30,4,1030.09,166.63,102.34,127.04,1.0000,-1,-1,-1
30,8,315.71,294.20,57.36,141.72,1.0000,-1,-1,-1
30,9,88.84,220.34,56.42,147.79,1.0000,-1,-1,-1
31,1,390.05,192.17,81.78,122.42,1.0000,-1,-1,-1
31,2,770.92,318.13,74.17,132.95,1.0000,-1,-1,-1
31,3,153.76,492.31,82.93,163.24,1.0000,-1,-1,-1
31,4,1037.92,167.91,96.92,125.10,1.0000,-1,-1,-1
31,8,332.19,294.51,63.61,141.78,1.0000,-1,-1,-1
31,9,113.32,222.58,59.80,147.26,1.0000,-1,-1,-1
32,1,391.41,189.14,87.66,122.22,1.0000,-1,-1,-1
32,2,779.57,321.81,61.08,128.09,1.0000,-1,-1,-1
32,3,153.17,493.73,85.49,164.92,1.0000,-1,-1,-1
32,4,1042.59,168.17,88.91,124.03,1.0000,-1,-1,-1
32,8,341.61,295.82,66.93,142.08,1.0000,-1,-1,-1
32,9,131.12,223.29,62.93,144.98,1.0000,-1,-1,-1
33,1,398.10,188.62,86.85,121.10,1.0000,-1,-1,-1
33,2,787.60,321.85,52.65,122.75,1.0000,-1,-1,-1
33,3,161.41,492.51,84.28,165.53,1.0000,-1,-1,-1
33,4,1044.38,166.58,82.71,124.63,1.0000,-1,-1,-1
33,8,351.07,297.06,70.77,140.50,1.0000,-1,-1,-1
33,9,147.83,223.66,63.77,140.98,1.0000,-1,-1,-1
34,1,404.80,188.10,86.04,119.97,1.0000,-1,-1,-1
34,2,794.81,323.12,49.15,120.91,1.0000,-1,-1,-1
34,3,169.62,493.21,77.36,163.69,1.0000,-1,-1,-1
34,4,1049.63,162.47,79.02,125.64,1.0000,-1,-1,-1
34,8,360.69,297.17,74.94,140.01,1.0000,-1,-1,-1
34,9,165.41,223.44,62.60,136.25,1.0000,-1,-1,-1
34,13,219.72,432.15,76.84,120.87,1.0000,-1,-1,-1
35,1,396.79,191.88,72.43,119.96,1.0000,-1,-1,-1
35,2,797.90,320.03,52.80,124.32,1.0000,-1,-1,-1
35,3,176.08,486.15,72.57,152.03,1.0000,-1,-1,-1
35,4,1054.48,159.17,79.44,128.37,1.0000,-1,-1,-1
35,8,372.10,297.74,79.71,139.20,1.0000,-1,-1,-1
35,9,183.73,219.94,59.67,128.64,1.0000,-1,-1,-1
35,13,219.64,430.16,76.32,132.56,1.0000,-1,-1,-1
36,1,401.83,192.05,71.42,118.27,1.0000,-1,-1,-1
36,2,808.28,319.98,60.01,126.48,1.0000,-1,-1,-1
36,3,183.61,488.53,68.81,152.62,1.0000,-1,-1,-1
36,4,1056.29,156.67,86.15,126.56,1.0000,-1,-1,-1
36,8,393.42,298.18,82.36,137.10,1.0000,-1,-1,-1
36,9,213.16,219.17,57.66,127.94,1.0000,-1,-1,-1
36,13,239.01,421.52,78.89,143.06,1.0000,-1,-1,-1
36,14,1.09,325.89,66.91,170.86,1.0000,-1,-1,-1
37,1,406.87,192.23,70.38,116.56,1.0000,-1,-1,-1
37,2,813.27,321.78,68.53,129.87,1.0000,-1,-1,-1
37,3,191.24,487.42,71.27,156.08,1.0000,-1,-1,-1
37,4,1053.44,156.01,93.51,125.05,1.0000,-1,-1,-1
37,8,410.66,296.65,82.13,135.69,1.0000,-1,-1,-1
37,9,234.21,218.78,56.09,129.60,1.0000,-1,-1,-1
37,13,240.43,410.94,87.86,154.57,1.0000,-1,-1,-1
37,14,9.27,321.44,61.71,166.90,1.0000,-1,-1,-1
38,1,428.54,185.08,69.12,125.32,1.0000,-1,-1,-1
38,2,817.20,322.32,76.20,130.87,1.0000,-1,-1,-1
38,3,192.17,484.29,79.09,160.28,1.0000,-1,-1,-1
38,4,1050.96,156.49,99.46,123.44,1.0000,-1,-1,-1
38,8,423.82,296.76,78.89,133.99,1.0000,-1,-1,-1
38,9,254.02,216.59,54.62,129.16,1.0000,-1,-1,-1
38,12,399.22,100.71,43.07,109.97,1.0000,-1,-1,-1
38,13,248.14,407.12,92.09,157.71,1.0000,-1,-1,-1
38,14,17.00,320.97,61.60,167.29,1.0000,-1,-1,-1
38,15,118.45,248.34,42.77,140.22,1.0000,-1,-1,-1
38,16,65.08,308.34,59.89,148.47,1.0000,-1,-1,-1
39,1,437.61,181.95,71.03,129.33,1.0000,-1,-1,-1
39,2,818.98,323.13,84.59,129.94,1.0000,-1,-1,-1
39,3,189.20,481.34,93.13,164.48,1.0000,-1,-1,-1
39,4,1053.58,157.08,99.40,123.23,1.0000,-1,-1,-1
39,8,436.79,296.19,73.38,133.54,1.0000,-1,-1,-1
39,9,270.34,215.79,54.32,128.71,1.0000,-1,-1,-1
39,12,413.89,102.93,41.18,105.14,1.0000,-1,-1,-1
39,13,258.16,404.28,93.84,158.03,1.0000,-1,-1,-1
39,14,31.17,320.45,59.15,164.53,1.0000,-1,-1,-1
39,15,132.45,247.19,42.92,140.45,1.0000,-1,-1,-1
39,16,74.92,303.38,55.41,139.36,1.0000,-1,-1,-1
40,1,442.43,189.20,74.33,126.65,1.0000,-1,-1,-1
40,2,822.37,325.68,89.05,126.04,1.0000,-1,-1,-1
40,3,185.99,480.01,106.39,166.51,1.0000,-1,-1,-1
40,4,1055.82,156.29,99.21,122.99,1.0000,-1,-1,-1
40,8,449.91,298.54,69.19,130.69,1.0000,-1,-1,-1
40,9,288.07,215.78,53.65,129.01,1.0000,-1,-1,-1
40,12,428.61,105.26,39.20,100.08,1.0000,-1,-1,-1
40,13,264.26,402.41,97.78,158.01,1.0000,-1,-1,-1
40,14,41.62,319.73,59.56,163.25,1.0000,-1,-1,-1
40,15,144.49,248.05,43.49,141.77,1.0000,-1,-1,-1
40,16,89.76,301.97,51.91,134.53,1.0000,-1,-1,-1
41,1,449.06,189.57,73.58,125.38,1.0000,-1,-1,-1
41,2,822.16,328.94,79.31,122.30,1.0000,-1,-1,-1
41,3,187.77,481.33,115.00,164.94,1.0000,-1,-1,-1
41,4,1048.89,159.96,87.40,122.53,1.0000,-1,-1,-1
41,8,466.07,300.72,66.37,130.10,1.0000,-1,-1,-1
41,9,315.44,215.77,52.86,128.75,1.0000,-1,-1,-1
41,12,443.38,107.72,37.11,94.75,1.0000,-1,-1,-1
41,13,274.11,403.26,98.16,157.83,1.0000,-1,-1,-1
41,14,56.78,318.91,64.04,162.68,1.0000,-1,-1,-1
41,15,166.41,245.27,50.33,150.21,1.0000,-1,-1,-1
41,16,100.65,301.18,48.65,126.08,1.0000,-1,-1,-1
42,1,455.69,189.94,72.83,124.09,1.0000,-1,-1,-1
42,2,827.93,332.29,71.36,118.41,1.0000,-1,-1,-1
42,3,195.00,480.86,114.94,162.65,1.0000,-1,-1,-1
42,4,1059.12,159.67,79.19,122.59,1.0000,-1,-1,-1
42,8,477.94,302.25,65.54,128.75,1.0000,-1,-1,-1
42,9,336.43,215.22,54.28,128.87,1.0000,-1,-1,-1
42,12,458.22,110.34,34.89,89.10,1.0000,-1,-1,-1
42,13,282.01,404.90,96.64,156.96,1.0000,-1,-1,-1
42,14,69.51,319.28,66.85,160.90,1.0000,-1,-1,-1
42,15,180.37,243.90,54.20,151.94,1.0000,-1,-1,-1
42,16,111.66,300.70,45.16,117.03,1.0000,-1,-1,-1
43,1,462.33,190.32,72.07,122.80,1.0000,-1,-1,-1
43,2,835.55,333.87,65.39,115.50,1.0000,-1,-1,-1
43,3,198.94,479.60,114.88,162.57,1.0000,-1,-1,-1
43,4,1066.65,159.48,76.27,122.35,1.0000,-1,-1,-1
43,8,489.26,302.54,64.76,126.45,1.0000,-1,-1,-1
43,9,355.44,214.39,57.39,129.34,1.0000,-1,-1,-1
43,12,473.13,113.16,32.53,83.06,1.0000,-1,-1,-1
43,13,287.74,404.94,93.29,155.83,1.0000,-1,-1,-1
43,14,82.57,320.16,68.60,158.10,1.0000,-1,-1,-1
43,15,193.88,242.25,58.47,152.43,1.0000,-1,-1,-1
43,16,122.81,300.60,41.37,107.21,1.0000,-1,-1,-1
44,1,468.97,190.71,71.30,121.49,1.0000,-1,-1,-1
44,2,840.69,335.31,64.26,113.50,1.0000,-1,-1,-1
44,3,209.58,473.71,101.46,156.48,1.0000,-1,-1,-1
44,4,1054.57,158.03,86.98,124.52,1.0000,-1,-1,-1
44,8,496.70,305.88,65.88,125.53,1.0000,-1,-1,-1
44,9,371.86,212.80,59.76,129.81,1.0000,-1,-1,-1
44,13,293.54,404.81,88.36,155.11,1.0000,-1,-1,-1
44,14,93.47,318.23,68.64,158.19,1.0000,-1,-1,-1
44,15,207.12,242.15,60.85,151.32,1.0000,-1,-1,-1
44,16,134.15,301.00,37.20,96.40,1.0000,-1,-1,-1
45,1,475.62,191.10,70.53,120.17,1.0000,-1,-1,-1
45,2,847.04,338.61,63.62,114.46,1.0000,-1,-1,-1
45,3,218.13,472.12,90.37,153.10,1.0000,-1,-1,-1
45,4,1056.41,157.63,91.84,124.20,1.0000,-1,-1,-1
45,8,505.06,304.77,66.86,119.82,1.0000,-1,-1,-1
45,9,387.05,211.89,61.33,130.27,1.0000,-1,-1,-1
45,13,299.22,403.79,81.73,154.85,1.0000,-1,-1,-1
45,14,112.56,321.37,64.66,152.26,1.0000,-1,-1,-1
45,15,220.51,241.61,63.80,149.25,1.0000,-1,-1,-1
45,16,145.76,302.09,32.49,84.21,1.0000,-1,-1,-1
46,1,475.43,202.72,62.75,116.82,1.0000,-1,-1,-1
46,2,858.56,345.64,62.17,117.16,1.0000,-1,-1,-1
46,3,233.15,470.90,81.91,151.45,1.0000,-1,-1,-1
46,4,1055.98,158.80,99.12,123.34,1.0000,-1,-1,-1
46,8,517.74,304.55,66.89,119.87,1.0000,-1,-1,-1
46,9,411.69,212.40,62.89,130.93,1.0000,-1,-1,-1
46,13,313.24,402.44,77.00,154.53,1.0000,-1,-1,-1
46,14,144.99,314.98,77.93,157.05,1.0000,-1,-1,-1
46,15,241.56,242.62,63.69,147.65,1.0000,-1,-1,-1
47,1,479.41,202.72,63.05,116.48,1.0000,-1,-1,-1
47,2,865.49,349.44,61.29,120.44,1.0000,-1,-1,-1
47,3,241.89,469.19,76.45,150.48,1.0000,-1,-1,-1
47,4,1056.04,159.80,102.45,122.73,1.0000,-1,-1,-1
47,8,523.31,308.72,71.74,118.99,1.0000,-1,-1,-1
47,9,429.96,213.11,64.10,130.51,1.0000,-1,-1,-1
47,13,322.72,400.44,74.32,154.03,1.0000,-1,-1,-1
47,14,159.60,312.59,78.42,158.03,1.0000,-1,-1,-1
47,15,257.66,242.70,62.05,147.05,1.0000,-1,-1,-1
48,1,485.18,202.06,64.00,117.80,1.0000,-1,-1,-1
48,2,870.00,352.13,63.06,122.52,1.0000,-1,-1,-1
48,3,245.67,468.16,75.24,150.03,1.0000,-1,-1,-1
48,4,1061.53,161.66,102.96,121.49,1.0000,-1,-1,-1
48,8,532.18,309.10,74.49,117.09,1.0000,-1,-1,-1
48,9,449.81,211.91,64.31,130.92,1.0000,-1,-1,-1
48,13,329.27,397.42,73.31,154.11,1.0000,-1,-1,-1
48,14,174.21,310.19,78.90,159.00,1.0000,-1,-1,-1
48,15,268.53,240.82,56.90,145.97,1.0000,-1,-1,-1
49,1,491.06,203.23,63.16,116.26,1.0000,-1,-1,-1
49,2,869.32,356.00,68.60,128.00,1.0000,-1,-1,-1
49,3,247.35,466.61,76.44,150.28,1.0000,-1,-1,-1
49,4,1063.45,161.59,102.84,121.34,1.0000,-1,-1,-1
49,8,540.74,310.30,76.79,116.76,1.0000,-1,-1,-1
49,9,468.95,202.35,76.81,137.86,1.0000,-1,-1,-1
49,13,333.10,396.72,73.74,153.53,1.0000,-1,-1,-1
49,14,175.00,305.72,100.09,162.72,1.0000,-1,-1,-1
49,15,280.32,240.92,50.76,142.88,1.0000,-1,-1,-1
50,1,496.94,204.40,62.31,114.69,1.0000,-1,-1,-1
50,2,874.77,359.08,67.83,126.57,1.0000,-1,-1,-1
50,3,251.17,466.37,76.64,150.26,1.0000,-1,-1,-1
50,4,1065.37,161.52,102.71,121.20,1.0000,-1,-1,-1
50,8,550.37,310.34,77.37,116.39,1.0000,-1,-1,-1
50,9,481.54,199.37,82.42,139.29,1.0000,-1,-1,-1
50,13,337.73,396.04,74.03,152.04,1.0000,-1,-1,-1
50,14,180.00,303.23,112.18,163.23,1.0000,-1,-1,-1
50,15,292.87,240.61,46.36,140.52,1.0000,-1,-1,-1
51,1,502.83,205.59,61.45,113.10,1.0000,-1,-1,-1
51,2,892.51,360.23,66.20,129.22,1.0000,-1,-1,-1
51,3,261.93,465.85,76.12,147.44,1.0000,-1,-1,-1
51,4,1062.88,160.08,88.10,121.01,1.0000,-1,-1,-1
51,8,568.61,309.46,75.15,115.21,1.0000,-1,-1,-1
51,9,501.21,197.30,83.07,140.39,1.0000,-1,-1,-1
51,13,349.00,397.56,73.33,149.91,1.0000,-1,-1,-1
51,14,193.33,300.00,113.87,165.69,1.0000,-1,-1,-1
51,15,310.20,239.56,43.63,138.20,1.0000,-1,-1,-1
52,1,508.73,206.78,60.57,111.49,1.0000,-1,-1,-1
52,2,901.49,361.18,64.76,130.32,1.0000,-1,-1,-1
52,3,268.63,467.32,75.00,144.69,1.0000,-1,-1,-1
52,4,1065.69,159.97,82.46,120.67,1.0000,-1,-1,-1
52,8,581.66,308.56,73.26,114.67,1.0000,-1,-1,-1
52,9,520.87,195.23,83.71,141.47,1.0000,-1,-1,-1
52,13,354.94,397.79,73.25,146.47,1.0000,-1,-1,-1
52,14,195.23,312.44,99.70,155.98,1.0000,-1,-1,-1
52,15,321.77,238.74,42.19,136.12,1.0000,-1,-1,-1
53,1,526.95,219.49,58.01,114.73,1.0000,-1,-1,-1
53,2,908.14,364.21,64.03,128.86,1.0000,-1,-1,-1
53,3,269.71,468.18,76.52,142.60,1.0000,-1,-1,-1
53,4,1063.42,163.86,83.20,117.72,1.0000,-1,-1,-1
53,8,592.64,309.13,71.39,115.01,1.0000,-1,-1,-1
53,9,540.54,193.17,84.35,142.55,1.0000,-1,-1,-1
53,13,358.83,398.92,71.42,146.43,1.0000,-1,-1,-1
53,14,208.30,319.11,91.13,149.65,1.0000,-1,-1,-1
53,15,331.05,238.40,42.47,133.24,1.0000,-1,-1,-1
54,1,537.99,218.35,57.41,115.85,1.0000,-1,-1,-1
54,2,914.80,367.25,63.29,127.37,1.0000,-1,-1,-1
54,3,267.67,468.30,79.94,142.14,1.0000,-1,-1,-1
54,4,1063.29,167.64,85.15,113.21,1.0000,-1,-1,-1
54,8,604.02,309.81,68.37,115.84,1.0000,-1,-1,-1
54,9,560.21,191.11,84.98,143.62,1.0000,-1,-1,-1
54,13,362.68,398.16,69.41,145.06,1.0000,-1,-1,-1
54,14,219.24,317.90,85.40,147.86,1.0000,-1,-1,-1
54,15,335.00,239.72,50.72,135.70,1.0000,-1,-1,-1
54,18,927.21,353.37,52.18,146.32,1.0000,-1,-1,-1
55,1,548.63,217.99,56.89,118.03,1.0000,-1,-1,-1
55,2,921.46,370.31,62.54,125.87,1.0000,-1,-1,-1
55,3,266.19,467.72,83.03,141.83,1.0000,-1,-1,-1
55,4,1057.51,167.23,90.70,111.32,1.0000,-1,-1,-1
55,8,613.97,311.02,66.17,116.57,1.0000,-1,-1,-1
55,9,579.89,189.05,85.61,144.68,1.0000,-1,-1,-1
55,13,365.56,399.04,69.34,145.66,1.0000,-1,-1,-1
55,14,228.10,313.28,81.19,149.59,1.0000,-1,-1,-1
55,15,337.59,240.46,58.54,137.12,1.0000,-1,-1,-1
55,18,930.85,351.97,53.73,150.69,1.0000,-1,-1,-1
56,1,565.63,211.84,52.62,113.61,1.0000,-1,-1,-1
56,2,928.12,373.37,61.79,124.34,1.0000,-1,-1,-1
56,3,269.83,466.37,84.70,140.95,1.0000,-1,-1,-1
56,4,1057.95,167.42,90.36,110.90,1.0000,-1,-1,-1
56,8,629.16,312.63,63.23,118.21,1.0000,-1,-1,-1
56,13,367.99,397.58,70.90,146.84,1.0000,-1,-1,-1
56,14,239.17,311.99,81.42,150.02,1.0000,-1,-1,-1
56,15,345.16,240.50,65.15,138.10,1.0000,-1,-1,-1
56,18,929.93,345.27,64.83,158.02,1.0000,-1,-1,-1
56,19,499.97,193.20,41.65,123.04,1.0000,-1,-1,-1
57,1,576.64,211.28,49.58,109.51,1.0000,-1,-1,-1
57,2,934.79,376.44,61.02,122.80,1.0000,-1,-1,-1
57,3,273.97,466.09,85.06,141.24,1.0000,-1,-1,-1
57,4,1058.39,167.61,90.02,110.48,1.0000,-1,-1,-1
57,8,640.33,313.00,60.53,119.78,1.0000,-1,-1,-1
57,13,366.71,396.99,73.63,147.53,1.0000,-1,-1,-1
57,14,246.87,313.48,70.28,147.24,1.0000,-1,-1,-1
57,15,351.52,240.76,69.07,137.45,1.0000,-1,-1,-1
57,18,932.90,341.06,67.85,165.38,1.0000,-1,-1,-1
57,19,497.74,189.35,47.44,128.74,1.0000,-1,-1,-1
58,1,585.01,212.42,48.64,107.44,1.0000,-1,-1,-1
58,3,277.78,465.42,83.53,141.46,1.0000,-1,-1,-1
58,4,1058.83,167.81,89.68,110.06,1.0000,-1,-1,-1
58,8,648.14,313.12,58.30,121.23,1.0000,-1,-1,-1
58,13,365.97,398.06,75.23,146.91,1.0000,-1,-1,-1
58,14,253.44,312.87,63.16,146.98,1.0000,-1,-1,-1
58,15,355.95,240.35,70.84,136.75,1.0000,-1,-1,-1
58,18,935.95,337.01,70.75,172.43,1.0000,-1,-1,-1
58,19,492.86,186.70,54.26,134.76,1.0000,-1,-1,-1
59,1,593.39,213.58,47.69,105.33,1.0000,-1,-1,-1
59,3,282.31,465.35,81.51,142.04,1.0000,-1,-1,-1
59,4,1059.27,168.00,89.33,109.64,1.0000,-1,-1,-1
59,8,653.73,313.81,56.40,122.35,1.0000,-1,-1,-1
59,13,366.17,399.14,74.85,145.86,1.0000,-1,-1,-1
59,14,263.28,312.22,62.91,146.38,1.0000,-1,-1,-1
59,15,358.41,239.91,71.00,136.07,1.0000,-1,-1,-1
59,18,943.37,338.36,67.39,156.23,1.0000,-1,-1,-1
59,19,485.78,184.49,61.53,138.59,1.0000,-1,-1,-1
60,1,597.12,212.21,42.64,103.37,1.0000,-1,-1,-1
60,3,285.78,465.11,79.47,143.14,1.0000,-1,-1,-1
60,4,1059.71,168.20,88.99,109.22,1.0000,-1,-1,-1
60,8,659.66,314.16,55.31,123.53,1.0000,-1,-1,-1
60,13,366.32,399.97,73.92,145.08,1.0000,-1,-1,-1
60,14,259.54,311.12,57.96,147.85,1.0000,-1,-1,-1
60,15,359.31,240.07,69.55,135.73,1.0000,-1,-1,-1
60,18,947.26,334.80,69.05,160.06,1.0000,-1,-1,-1
60,19,475.94,183.14,70.04,140.02,1.0000,-1,-1,-1
61,1,604.45,213.79,40.11,104.95,1.0000,-1,-1,-1
61,3,290.54,463.48,76.79,145.41,1.0000,-1,-1,-1
61,8,666.84,313.63,54.93,125.53,1.0000,-1,-1,-1
61,13,368.97,398.44,72.25,144.26,1.0000,-1,-1,-1
61,14,268.01,310.65,57.63,146.99,1.0000,-1,-1,-1
61,15,363.31,238.86,62.12,134.79,1.0000,-1,-1,-1
61,18,951.17,331.29,70.66,163.80,1.0000,-1,-1,-1
61,19,460.87,186.49,78.84,138.37,1.0000,-1,-1,-1
62,1,608.89,213.33,38.19,106.79,1.0000,-1,-1,-1
62,3,294.34,462.27,74.60,146.72,1.0000,-1,-1,-1
62,8,671.81,312.33,54.17,127.23,1.0000,-1,-1,-1
62,13,370.10,394.95,69.37,144.41,1.0000,-1,-1,-1
62,14,256.39,311.15,61.84,152.23,1.0000,-1,-1,-1
62,15,365.18,236.91,55.68,133.31,1.0000,-1,-1,-1
62,18,955.09,327.82,72.24,167.46,1.0000,-1,-1,-1
62,19,451.90,187.91,81.87,136.85,1.0000,-1,-1,-1
63,1,616.28,214.86,37.20,104.01,1.0000,-1,-1,-1
63,3,297.08,461.25,73.16,148.45,1.0000,-1,-1,-1
63,8,674.97,311.12,53.38,128.89,1.0000,-1,-1,-1
63,13,372.18,392.18,66.80,143.91,1.0000,-1,-1,-1
63,14,251.50,310.35,65.00,154.75,1.0000,-1,-1,-1
63,15,367.04,236.18,50.86,133.39,1.0000,-1,-1,-1
63,18,959.03,324.38,73.78,171.04,1.0000,-1,-1,-1
63,19,447.92,189.69,81.20,133.74,1.0000,-1,-1,-1
63,20,1012.17,151.83,78.12,122.04,1.0000,-1,-1,-1
64,1,623.69,216.44,36.18,101.15,1.0000,-1,-1,-1
64,3,300.12,460.64,71.74,149.85,1.0000,-1,-1,-1
64,8,679.11,310.50,52.89,130.31,1.0000,-1,-1,-1
64,13,373.62,390.75,64.61,143.53,1.0000,-1,-1,-1
64,14,247.50,311.62,68.95,155.25,1.0000,-1,-1,-1
64,15,368.22,236.05,47.72,134.22,1.0000,-1,-1,-1
64,18,962.99,320.99,75.30,174.55,1.0000,-1,-1,-1
64,19,443.12,191.16,80.66,131.64,1.0000,-1,-1,-1
64,20,997.38,142.61,90.32,128.88,1.0000,-1,-1,-1
65,1,617.38,211.91,35.77,106.92,1.0000,-1,-1,-1
65,3,301.76,460.76,70.58,151.57,1.0000,-1,-1,-1
65,8,681.55,310.54,52.50,131.35,1.0000,-1,-1,-1
65,13,374.14,389.88,63.18,143.22,1.0000,-1,-1,-1
65,14,244.01,311.19,71.87,156.79,1.0000,-1,-1,-1
65,15,367.92,235.43,45.45,135.07,1.0000,-1,-1,-1
65,19,435.53,190.98,80.09,130.80,1.0000,-1,-1,-1
65,20,986.59,133.89,96.47,137.66,1.0000,-1,-1,-1
66,1,617.51,207.44,37.59,109.88,1.0000,-1,-1,-1
66,3,302.31,461.58,70.80,153.19,1.0000,-1,-1,-1
66,8,683.62,311.30,52.59,131.88,1.0000,-1,-1,-1
66,13,372.21,391.41,63.09,146.47,1.0000,-1,-1,-1
66,14,240.92,311.61,75.08,157.61,1.0000,-1,-1,-1
66,15,365.30,233.14,43.64,134.87,1.0000,-1,-1,-1
66,19,427.25,190.11,72.72,129.01,1.0000,-1,-1,-1
66,20,975.98,125.43,102.25,145.90,1.0000,-1,-1,-1
66,21,301.35,289.07,63.85,144.71,1.0000,-1,-1,-1
67,1,616.45,204.19,38.71,112.03,1.0000,-1,-1,-1
67,3,301.82,461.79,71.22,154.48,1.0000,-1,-1,-1
67,8,685.41,311.73,52.88,132.46,1.0000,-1,-1,-1
67,13,368.76,392.25,63.70,149.67,1.0000,-1,-1,-1
67,14,238.61,312.20,77.28,158.06,1.0000,-1,-1,-1
67,15,362.78,231.09,42.92,133.96,1.0000,-1,-1,-1
67,19,419.15,189.19,69.52,127.74,1.0000,-1,-1,-1
67,20,965.53,117.20,107.72,153.71,1.0000,-1,-1,-1
67,21,296.74,287.70,66.99,144.89,1.0000,-1,-1,-1
68,1,614.99,203.03,38.74,112.84,1.0000,-1,-1,-1
68,3,301.03,461.29,72.35,156.00,1.0000,-1,-1,-1
68,8,686.49,312.16,52.95,133.41,1.0000,-1,-1,-1
68,13,365.34,393.20,64.92,151.00,1.0000,-1,-1,-1
68,14,236.01,311.90,78.68,159.05,1.0000,-1,-1,-1
68,15,366.96,230.48,42.71,133.31,1.0000,-1,-1,-1
68,19,410.73,186.00,69.62,130.04,1.0000,-1,-1,-1
68,20,955.21,109.15,112.93,161.14,1.0000,-1,-1,-1
68,21,292.37,289.20,67.13,143.17,1.0000,-1,-1,-1
68,22,990.90,332.75,60.79,136.72,1.0000,-1,-1,-1
69,1,614.39,201.88,40.17,113.83,1.0000,-1,-1,-1
69,3,299.07,461.01,72.57,157.11,1.0000,-1,-1,-1
69,8,687.36,311.68,52.87,134.12,1.0000,-1,-1,-1
69,13,361.42,394.38,66.26,151.11,1.0000,-1,-1,-1
69,14,233.98,312.27,78.99,158.99,1.0000,-1,-1,-1
69,15,371.15,229.87,42.50,132.65,1.0000,-1,-1,-1
69,19,400.77,185.42,73.04,131.95,1.0000,-1,-1,-1
69,20,945.00,101.27,117.91,168.24,1.0000,-1,-1,-1
69,21,290.18,289.71,68.47,143.28,1.0000,-1,-1,-1
69,22,995.34,332.37,58.86,133.49,1.0000,-1,-1,-1
70,1,613.15,201.17,41.83,114.51,1.0000,-1,-1,-1
70,3,295.25,460.61,71.62,158.09,1.0000,-1,-1,-1
70,8,687.75,311.26,52.92,134.63,1.0000,-1,-1,-1
70,13,357.44,395.90,67.63,150.57,1.0000,-1,-1,-1
70,14,231.98,312.31,77.61,158.95,1.0000,-1,-1,-1
70,15,375.34,229.26,42.29,132.00,1.0000,-1,-1,-1
70,19,390.30,184.11,77.40,134.76,1.0000,-1,-1,-1
70,21,285.38,289.16,71.79,144.45,1.0000,-1,-1,-1
70,22,1000.93,332.36,57.09,132.37,1.0000,-1,-1,-1
70,23,1193.76,486.29,83.05,164.34,1.0000,-1,-1,-1
71,1,610.58,199.55,44.36,114.27,1.0000,-1,-1,-1
71,3,292.09,460.10,68.85,159.18,1.0000,-1,-1,-1
71,8,688.57,309.95,53.33,135.64,1.0000,-1,-1,-1
71,13,353.34,397.28,68.26,150.13,1.0000,-1,-1,-1
71,14,229.48,311.69,76.32,158.44,1.0000,-1,-1,-1
71,15,379.52,228.65,42.08,131.34,1.0000,-1,-1,-1
71,19,381.38,183.98,79.73,140.75,1.0000,-1,-1,-1
71,21,279.42,288.78,74.05,145.62,1.0000,-1,-1,-1
71,22,1006.37,331.97,56.10,132.88,1.0000,-1,-1,-1
71,23,1192.11,488.95,82.54,161.25,1.0000,-1,-1,-1
72,1,606.75,199.53,47.23,115.96,1.0000,-1,-1,-1
72,3,290.34,460.55,65.78,159.60,1.0000,-1,-1,-1
72,8,688.73,309.20,53.69,136.62,1.0000,-1,-1,-1
72,13,351.01,397.92,68.37,150.27,1.0000,-1,-1,-1
72,14,225.69,311.63,74.97,159.18,1.0000,-1,-1,-1
72,15,383.71,228.04,41.87,130.67,1.0000,-1,-1,-1
72,19,374.59,185.81,80.60,144.08,1.0000,-1,-1,-1
72,21,274.24,287.80,76.47,148.01,1.0000,-1,-1,-1
72,22,1011.23,332.25,53.47,130.67,1.0000,-1,-1,-1
72,23,1188.05,492.16,73.72,154.62,1.0000,-1,-1,-1
73,1,609.66,199.88,46.57,114.33,1.0000,-1,-1,-1
73,3,288.87,460.73,63.50,159.61,1.0000,-1,-1,-1
73,8,688.68,308.82,53.87,137.28,1.0000,-1,-1,-1
73,13,349.69,398.16,68.37,150.54,1.0000,-1,-1,-1
73,14,223.51,311.62,73.54,159.87,1.0000,-1,-1,-1
73,19,368.90,187.39,80.44,143.36,1.0000,-1,-1,-1
73,21,269.08,287.71,78.70,148.09,1.0000,-1,-1,-1
73,22,1017.82,332.75,50.19,128.80,1.0000,-1,-1,-1
73,23,1180.16,493.04,67.49,152.03,1.0000,-1,-1,-1
73,24,332.89,231.81,57.32,137.02,1.0000,-1,-1,-1
74,1,597.16,198.29,48.95,117.21,1.0000,-1,-1,-1
74,3,288.90,461.28,61.03,159.26,1.0000,-1,-1,-1
74,8,688.37,308.38,54.04,138.05,1.0000,-1,-1,-1
74,13,349.06,397.94,68.25,150.97,1.0000,-1,-1,-1
74,14,222.10,312.11,71.55,160.38,1.0000,-1,-1,-1
74,19,364.30,188.62,82.13,143.90,1.0000,-1,-1,-1
74,21,265.36,288.33,80.69,147.51,1.0000,-1,-1,-1
74,22,1022.95,332.50,47.78,128.00,1.0000,-1,-1,-1
74,23,1170.94,492.14,65.95,154.19,1.0000,-1,-1,-1
74,24,333.38,241.33,52.52,127.75,1.0000,-1,-1,-1
75,1,591.63,196.81,50.20,118.62,1.0000,-1,-1,-1
75,3,288.84,461.76,59.47,159.21,1.0000,-1,-1,-1
75,8,688.38,307.63,54.19,138.85,1.0000,-1,-1,-1
75,13,348.03,398.95,68.53,152.75,1.0000,-1,-1,-1
75,14,217.48,311.85,67.63,161.14,1.0000,-1,-1,-1
75,19,355.24,186.95,79.03,139.57,1.0000,-1,-1,-1
75,21,262.39,288.50,79.12,147.39,1.0000,-1,-1,-1
75,22,1026.21,333.01,45.94,128.64,1.0000,-1,-1,-1
75,23,1157.43,488.18,68.82,159.43,1.0000,-1,-1,-1
75,24,332.72,248.59,49.77,121.06,1.0000,-1,-1,-1
76,1,592.73,197.03,49.61,117.24,1.0000,-1,-1,-1
76,3,288.59,462.28,58.62,159.07,1.0000,-1,-1,-1
76,8,688.89,307.11,54.97,139.95,1.0000,-1,-1,-1
76,13,346.63,399.73,69.07,154.37,1.0000,-1,-1,-1
76,14,212.47,311.66,62.12,161.29,1.0000,-1,-1,-1
76,19,347.99,186.16,80.01,141.31,1.0000,-1,-1,-1
76,21,256.96,290.39,79.14,149.23,1.0000,-1,-1,-1
76,22,1030.77,330.96,43.52,125.98,1.0000,-1,-1,-1
76,23,1125.09,483.44,81.09,164.15,1.0000,-1,-1,-1
76,24,332.14,256.06,46.86,113.97,1.0000,-1,-1,-1
77,1,593.84,197.27,49.02,115.84,1.0000,-1,-1,-1
77,3,287.95,462.90,58.46,158.66,1.0000,-1,-1,-1
77,8,688.97,306.95,55.69,141.41,1.0000,-1,-1,-1
77,13,345.30,400.07,69.75,155.44,1.0000,-1,-1,-1
77,14,209.71,312.38,59.09,161.97,1.0000,-1,-1,-1
77,19,330.99,185.15,76.71,144.72,1.0000,-1,-1,-1
77,21,254.27,290.84,77.23,151.08,1.0000,-1,-1,-1
77,22,1034.98,331.58,42.43,122.82,1.0000,-1,-1,-1
77,23,1104.04,482.83,87.72,164.12,1.0000,-1,-1,-1
77,24,331.65,263.76,43.75,106.42,1.0000,-1,-1,-1
78,1,594.96,197.52,48.42,114.43,1.0000,-1,-1,-1
78,3,287.57,463.25,58.48,158.04,1.0000,-1,-1,-1
78,8,689.69,306.18,56.35,142.57,1.0000,-1,-1,-1
78,13,344.27,400.54,70.41,156.11,1.0000,-1,-1,-1
78,14,205.90,312.87,57.67,162.66,1.0000,-1,-1,-1
78,19,323.96,189.13,76.02,156.42,1.0000,-1,-1,-1
78,21,251.37,291.34,73.06,151.69,1.0000,-1,-1,-1
78,22,1038.34,329.62,39.03,118.95,1.0000,-1,-1,-1
78,23,1087.79,484.87,91.80,164.19,1.0000,-1,-1,-1
78,24,331.28,271.74,40.41,98.28,1.0000,-1,-1,-1
79,1,581.08,186.64,49.84,113.38,1.0000,-1,-1,-1
79,3,287.29,463.32,58.90,157.56,1.0000,-1,-1,-1
79,8,690.10,305.65,56.97,143.70,1.0000,-1,-1,-1
79,13,343.89,401.49,70.74,156.27,1.0000,-1,-1,-1
79,14,200.53,313.13,56.47,164.95,1.0000,-1,-1,-1
79,19,321.54,187.96,74.15,163.92,1.0000,-1,-1,-1
79,21,250.11,292.20,68.87,151.76,1.0000,-1,-1,-1
79,22,1040.34,330.60,37.39,118.74,1.0000,-1,-1,-1
79,23,1080.08,487.89,89.29,162.38,1.0000,-1,-1,-1
79,24,331.07,280.10,36.76,89.41,1.0000,-1,-1,-1
80,1,576.78,186.12,52.33,114.67,1.0000,-1,-1,-1
80,3,286.53,463.51,59.29,157.50,1.0000,-1,-1,-1
80,8,690.26,305.00,57.63,144.40,1.0000,-1,-1,-1
80,13,344.15,402.54,70.70,155.96,1.0000,-1,-1,-1
80,14,198.74,312.77,58.22,166.74,1.0000,-1,-1,-1
80,19,320.72,183.38,71.51,165.19,1.0000,-1,-1,-1
80,21,249.62,293.10,65.50,151.41,1.0000,-1,-1,-1
80,22,1041.02,332.02,38.09,122.13,1.0000,-1,-1,-1
80,23,1077.40,489.22,81.53,160.43,1.0000,-1,-1,-1
81,1,571.61,179.49,54.01,121.30,1.0000,-1,-1,-1
81,3,284.50,463.76,61.40,157.51,1.0000,-1,-1,-1
81,8,692.41,304.39,57.44,144.77,1.0000,-1,-1,-1
81,13,344.91,404.21,70.37,155.64,1.0000,-1,-1,-1
81,14,186.40,312.56,60.34,168.41,1.0000,-1,-1,-1
81,19,318.59,185.06,69.44,171.61,1.0000,-1,-1,-1
81,21,248.92,294.04,64.13,151.77,1.0000,-1,-1,-1
81,22,1040.70,331.81,39.02,125.11,1.0000,-1,-1,-1
81,23,1063.42,489.99,75.66,159.70,1.0000,-1,-1,-1
82,1,563.60,173.44,53.22,125.38,1.0000,-1,-1,-1
82,3,282.96,464.05,64.06,157.31,1.0000,-1,-1,-1
82,8,694.95,304.23,56.41,145.26,1.0000,-1,-1,-1
82,13,345.71,405.02,70.08,155.57,1.0000,-1,-1,-1
82,14,180.20,311.93,63.40,169.97,1.0000,-1,-1,-1
82,19,317.94,184.16,67.31,176.70,1.0000,-1,-1,-1
82,21,248.42,294.70,62.91,151.97,1.0000,-1,-1,-1
82,22,1038.68,330.72,40.59,127.58,1.0000,-1,-1,-1
82,23,1052.92,490.82,71.54,158.70,1.0000,-1,-1,-1
83,1,559.08,166.80,53.05,128.44,1.0000,-1,-1,-1
83,3,281.07,463.88,66.06,157.26,1.0000,-1,-1,-1
83,8,697.94,303.97,55.25,145.99,1.0000,-1,-1,-1
83,13,346.46,405.61,70.11,155.36,1.0000,-1,-1,-1
83,14,177.09,311.92,65.62,171.29,1.0000,-1,-1,-1
83,19,318.03,182.26,65.09,180.12,1.0000,-1,-1,-1
83,21,248.08,295.16,62.24,152.81,1.0000,-1,-1,-1
83,22,1033.80,328.89,45.78,131.38,1.0000,-1,-1,-1
83,23,1041.90,489.67,71.21,159.16,1.0000,-1,-1,-1
83,25,773.06,123.29,88.67,123.24,1.0000,-1,-1,-1
84,1,555.89,165.22,52.92,131.42,1.0000,-1,-1,-1
84,3,279.28,464.14,67.45,156.93,1.0000,-1,-1,-1
84,8,701.57,302.04,53.30,144.87,1.0000,-1,-1,-1
84,13,346.81,406.11,70.48,155.25,1.0000,-1,-1,-1
84,14,174.63,311.99,67.21,172.91,1.0000,-1,-1,-1
84,19,312.08,182.43,65.70,181.78,1.0000,-1,-1,-1
84,21,247.82,295.41,61.48,153.27,1.0000,-1,-1,-1
84,22,1030.00,328.14,50.75,136.00,1.0000,-1,-1,-1
84,23,1031.21,490.45,71.98,159.66,1.0000,-1,-1,-1
84,25,765.13,130.05,88.73,115.55,1.0000,-1,-1,-1
85,1,554.32,162.75,52.66,131.33,1.0000,-1,-1,-1
85,3,277.02,464.04,68.64,156.75,1.0000,-1,-1,-1
85,8,706.25,301.19,50.44,144.05,1.0000,-1,-1,-1
85,13,347.48,406.13,70.66,155.14,1.0000,-1,-1,-1
85,14,173.35,311.16,67.90,173.94,1.0000,-1,-1,-1
85,19,306.13,182.61,66.29,183.43,1.0000,-1,-1,-1
85,21,248.10,295.63,61.04,153.39,1.0000,-1,-1,-1
85,22,1031.58,328.20,50.60,135.62,1.0000,-1,-1,-1
85,23,1021.52,488.98,72.54,158.52,1.0000,-1,-1,-1
85,25,753.04,129.77,88.63,115.42,1.0000,-1,-1,-1
86,1,549.61,163.39,52.11,131.13,1.0000,-1,-1,-1
86,3,274.43,464.90,68.06,156.16,1.0000,-1,-1,-1
86,8,709.66,300.86,49.56,144.22,1.0000,-1,-1,-1
86,13,348.70,406.31,70.89,155.15,1.0000,-1,-1,-1
86,14,173.77,311.13,68.81,174.42,1.0000,-1,-1,-1
86,19,314.01,181.90,63.90,182.41,1.0000,-1,-1,-1
86,21,248.86,296.21,60.49,153.29,1.0000,-1,-1,-1
86,22,1033.15,328.26,50.46,135.23,1.0000,-1,-1,-1
86,23,1008.20,488.15,71.92,153.32,1.0000,-1,-1,-1
86,25,740.94,129.50,88.53,115.29,1.0000,-1,-1,-1
86,27,588.69,81.78,49.99,134.46,1.0000,-1,-1,-1
87,1,544.51,165.18,52.18,131.73,1.0000,-1,-1,-1
87,3,271.27,465.28,68.47,155.62,1.0000,-1,-1,-1
87,8,712.26,300.83,49.67,143.82,1.0000,-1,-1,-1
87,13,350.12,406.43,70.81,155.07,1.0000,-1,-1,-1
87,14,174.11,311.11,68.79,174.76,1.0000,-1,-1,-1
87,19,315.74,181.48,63.57,181.83,1.0000,-1,-1,-1
87,21,250.40,296.66,60.19,153.48,1.0000,-1,-1,-1
87,22,1034.73,328.33,50.32,134.85,1.0000,-1,-1,-1
87,23,999.14,487.92,71.01,147.16,1.0000,-1,-1,-1
87,25,728.85,129.23,88.43,115.16,1.0000,-1,-1,-1
87,27,588.75,81.73,50.08,134.84,1.0000,-1,-1,-1
88,1,537.41,167.03,54.56,131.94,1.0000,-1,-1,-1
88,3,266.53,466.28,69.95,154.90,1.0000,-1,-1,-1
88,8,714.23,301.38,51.62,143.28,1.0000,-1,-1,-1
88,13,350.94,406.54,70.77,155.05,1.0000,-1,-1,-1
88,14,174.36,311.05,69.05,174.98,1.0000,-1,-1,-1
88,19,317.65,181.59,62.63,182.05,1.0000,-1,-1,-1
88,21,250.91,297.17,59.69,153.96,1.0000,-1,-1,-1
88,22,1036.31,328.39,50.17,134.47,1.0000,-1,-1,-1
88,23,993.49,488.67,69.39,143.38,1.0000,-1,-1,-1
88,25,716.76,128.96,88.33,115.02,1.0000,-1,-1,-1
88,27,589.83,83.34,49.31,133.42,1.0000,-1,-1,-1
89,1,530.04,168.44,57.96,131.82,1.0000,-1,-1,-1
89,3,266.93,467.52,68.82,153.68,1.0000,-1,-1,-1
89,8,716.84,301.62,55.62,142.78,1.0000,-1,-1,-1
89,13,351.63,407.14,70.69,155.14,1.0000,-1,-1,-1
89,14,174.65,311.02,69.25,175.15,1.0000,-1,-1,-1
89,19,313.83,181.55,63.11,183.42,1.0000,-1,-1,-1
89,21,251.21,297.17,59.58,153.91,1.0000,-1,-1,-1
89,22,1037.89,328.45,50.03,134.08,1.0000,-1,-1,-1
89,23,988.60,488.14,67.97,139.80,1.0000,-1,-1,-1
89,25,704.66,128.68,88.23,114.89,1.0000,-1,-1,-1
89,27,590.49,84.85,48.37,131.93,1.0000,-1,-1,-1
90,1,522.82,170.32,62.49,130.95,1.0000,-1,-1,-1
90,3,266.96,468.86,67.64,152.38,1.0000,-1,-1,-1
90,8,719.39,302.40,60.53,141.83,1.0000,-1,-1,-1
90,13,352.11,407.63,70.66,155.26,1.0000,-1,-1,-1
90,14,175.53,311.51,69.53,176.04,1.0000,-1,-1,-1
90,19,323.72,180.96,64.24,184.08,1.0000,-1,-1,-1
90,21,251.27,295.47,58.65,153.62,1.0000,-1,-1,-1
90,23,984.30,489.31,67.56,139.13,1.0000,-1,-1,-1
90,25,694.74,115.97,82.36,127.43,1.0000,-1,-1,-1
90,27,591.12,86.09,47.57,130.62,1.0000,-1,-1,-1
91,1,514.93,171.18,68.57,131.17,1.0000,-1,-1,-1
91,3,265.35,470.21,67.21,151.33,1.0000,-1,-1,-1
91,8,722.08,303.88,65.34,139.91,1.0000,-1,-1,-1
91,13,351.89,408.84,70.18,155.63,1.0000,-1,-1,-1
91,14,175.91,311.95,68.71,176.69,1.0000,-1,-1,-1
91,19,321.12,180.84,64.72,185.43,1.0000,-1,-1,-1
91,21,253.59,296.49,58.40,154.05,1.0000,-1,-1,-1
91,23,972.83,488.10,68.77,137.23,1.0000,-1,-1,-1
91,25,686.52,111.07,80.99,133.80,1.0000,-1,-1,-1
91,27,592.77,86.32,47.35,130.94,1.0000,-1,-1,-1
92,1,509.81,171.18,73.97,131.61,1.0000,-1,-1,-1
92,3,264.13,470.94,67.26,150.44,1.0000,-1,-1,-1
92,8,723.34,305.58,68.64,138.99,1.0000,-1,-1,-1
92,13,351.68,409.13,70.28,155.46,1.0000,-1,-1,-1
92,14,176.23,312.75,67.45,177.81,1.0000,-1,-1,-1
92,19,331.02,183.08,70.60,182.24,1.0000,-1,-1,-1
92,21,254.36,296.94,57.95,153.97,1.0000,-1,-1,-1
92,23,959.38,486.88,73.70,137.27,1.0000,-1,-1,-1
92,25,675.41,103.51,84.95,140.86,1.0000,-1,-1,-1
92,27,593.81,86.53,47.45,131.54,1.0000,-1,-1,-1
93,1,506.22,171.64,78.48,131.33,1.0000,-1,-1,-1
93,3,263.06,471.28,67.78,149.98,1.0000,-1,-1,-1
93,8,723.84,307.39,71.24,138.12,1.0000,-1,-1,-1
93,13,351.50,408.79,71.20,155.18,1.0000,-1,-1,-1
93,14,177.22,314.00,66.40,179.38,1.0000,-1,-1,-1
93,19,333.60,199.61,73.69,169.73,1.0000,-1,-1,-1
93,21,255.39,297.18,57.80,153.86,1.0000,-1,-1,-1
93,23,952.59,487.08,75.08,134.91,1.0000,-1,-1,-1
93,25,665.68,110.29,87.35,137.15,1.0000,-1,-1,-1
93,27,594.83,86.24,47.98,132.69,1.0000,-1,-1,-1
94,1,503.55,171.43,81.76,131.04,1.0000,-1,-1,-1
94,3,261.90,471.46,68.24,149.72,1.0000,-1,-1,-1
94,8,723.66,308.38,72.81,136.99,1.0000,-1,-1,-1
94,13,348.73,409.23,73.28,155.69,1.0000,-1,-1,-1
94,14,178.29,315.11,65.03,180.94,1.0000,-1,-1,-1
94,19,334.19,206.56,75.32,162.64,1.0000,-1,-1,-1
94,21,256.88,297.87,57.94,154.35,1.0000,-1,-1,-1
94,23,949.82,488.46,73.90,131.85,1.0000,-1,-1,-1
94,25,655.30,109.46,90.85,136.79,1.0000,-1,-1,-1
94,27,595.88,85.61,48.27,133.58,1.0000,-1,-1,-1
94,28,1012.47,312.68,79.15,157.35,1.0000,-1,-1,-1
95,1,501.25,169.73,81.82,131.62,1.0000,-1,-1,-1
95,3,260.33,471.75,68.68,149.67,1.0000,-1,-1,-1
95,8,725.02,309.43,73.91,136.54,1.0000,-1,-1,-1
95,13,346.26,409.62,74.91,156.57,1.0000,-1,-1,-1
95,14,179.30,314.61,63.40,180.85,1.0000,-1,-1,-1
95,19,335.36,209.62,76.28,159.05,1.0000,-1,-1,-1
95,21,257.95,299.34,58.06,154.69,1.0000,-1,-1,-1
95,23,945.92,490.77,72.61,130.10,1.0000,-1,-1,-1
95,25,644.01,108.51,91.22,137.36,1.0000,-1,-1,-1
95,27,596.12,86.36,49.00,133.88,1.0000,-1,-1,-1
95,28,1023.56,319.02,71.44,149.79,1.0000,-1,-1,-1
96,1,495.05,168.35,78.72,132.20,1.0000,-1,-1,-1
96,3,255.84,472.78,69.15,149.59,1.0000,-1,-1,-1
96,8,729.24,310.57,72.91,136.76,1.0000,-1,-1,-1
96,13,344.55,410.09,76.02,157.02,1.0000,-1,-1,-1
96,14,181.32,314.15,61.79,180.19,1.0000,-1,-1,-1
96,19,338.33,210.85,76.30,157.47,1.0000,-1,-1,-1
96,21,259.91,300.51,58.14,155.27,1.0000,-1,-1,-1
96,23,937.79,492.11,71.33,128.60,1.0000,-1,-1,-1
96,25,632.72,107.56,91.59,137.92,1.0000,-1,-1,-1
96,27,596.96,86.89,48.97,133.80,1.0000,-1,-1,-1
96,28,1030.42,322.86,65.22,142.32,1.0000,-1,-1,-1
97,1,489.92,165.41,75.21,133.26,1.0000,-1,-1,-1
97,3,252.72,473.22,69.23,149.42,1.0000,-1,-1,-1
97,8,733.00,310.68,71.49,136.85,1.0000,-1,-1,-1
97,13,343.54,410.84,77.23,157.41,1.0000,-1,-1,-1
97,14,183.05,314.14,60.54,179.47,1.0000,-1,-1,-1
97,19,339.82,212.22,76.01,156.03,1.0000,-1,-1,-1
97,21,261.89,300.75,58.24,155.74,1.0000,-1,-1,-1
97,23,931.48,493.14,69.85,127.67,1.0000,-1,-1,-1
97,25,621.44,106.62,91.96,138.47,1.0000,-1,-1,-1
97,27,597.80,87.61,48.83,133.67,1.0000,-1,-1,-1
97,28,1033.38,324.93,62.13,141.30,1.0000,-1,-1,-1
98,1,485.84,163.67,70.52,133.75,1.0000,-1,-1,-1
98,3,246.95,472.67,71.16,149.52,1.0000,-1,-1,-1
98,8,737.22,310.83,69.92,136.91,1.0000,-1,-1,-1
98,13,343.42,412.18,77.56,157.62,1.0000,-1,-1,-1
98,14,184.18,314.98,59.60,179.56,1.0000,-1,-1,-1
98,19,342.40,213.12,75.02,155.15,1.0000,-1,-1,-1
98,21,263.25,300.54,58.55,156.27,1.0000,-1,-1,-1
98,23,927.59,493.12,68.62,127.30,1.0000,-1,-1,-1
98,25,610.16,105.68,92.33,139.03,1.0000,-1,-1,-1
98,27,598.64,88.16,48.79,133.57,1.0000,-1,-1,-1
98,28,1034.96,325.33,60.15,141.59,1.0000,-1,-1,-1
99,1,481.93,161.71,65.22,134.20,1.0000,-1,-1,-1
99,3,238.87,472.25,75.53,149.77,1.0000,-1,-1,-1
99,8,741.18,311.16,68.75,137.10,1.0000,-1,-1,-1
99,13,343.03,413.05,78.40,158.44,1.0000,-1,-1,-1
99,14,185.54,316.17,58.30,180.26,1.0000,-1,-1,-1
99,19,345.31,214.06,73.85,154.43,1.0000,-1,-1,-1
99,21,263.88,300.59,59.24,156.60,1.0000,-1,-1,-1
99,23,925.11,492.91,66.82,127.18,1.0000,-1,-1,-1
99,25,598.87,104.73,92.70,139.58,1.0000,-1,-1,-1
99,27,599.48,88.72,48.76,133.47,1.0000,-1,-1,-1
99,28,1035.63,325.06,58.77,141.93,1.0000,-1,-1,-1
100,1,478.55,159.57,60.47,134.74,1.0000,-1,-1,-1
100,3,239.38,472.39,76.17,149.49,1.0000,-1,-1,-1
100,8,744.78,311.51,68.02,137.15,1.0000,-1,-1,-1
100,13,342.49,413.24,79.45,159.28,1.0000,-1,-1,-1
100,14,186.87,316.91,56.98,180.47,1.0000,-1,-1,-1
100,19,348.04,214.83,72.22,153.52,1.0000,-1,-1,-1
100,21,264.47,301.30,60.03,156.70,1.0000,-1,-1,-1
100,23,921.52,492.74,66.12,126.97,1.0000,-1,-1,-1
100,27,600.31,89.27,48.72,133.37,1.0000,-1,-1,-1
100,28,1035.84,324.91,58.71,143.96,1.0000,-1,-1,-1
101,1,474.31,157.32,57.93,134.69,1.0000,-1,-1,-1
101,3,223.25,473.25,87.33,148.29,1.0000,-1,-1,-1
101,8,752.69,311.83,64.88,137.76,1.0000,-1,-1,-1
101,13,339.69,412.20,81.08,159.46,1.0000,-1,-1,-1
101,14,189.37,317.86,56.27,179.23,1.0000,-1,-1,-1
101,19,348.50,215.60,72.59,154.31,1.0000,-1,-1,-1
101,21,265.78,301.60,60.83,156.73,1.0000,-1,-1,-1
101,23,917.61,493.34,65.15,126.24,1.0000,-1,-1,-1
101,27,602.02,91.73,57.18,150.71,1.0000,-1,-1,-1
101,28,1034.71,324.45,59.66,146.77,1.0000,-1,-1,-1
102,1,471.32,156.46,55.72,133.53,1.0000,-1,-1,-1
102,3,218.72,474.10,93.21,147.55,1.0000,-1,-1,-1
102,8,758.14,311.65,62.20,138.19,1.0000,-1,-1,-1
102,13,337.22,411.26,82.19,159.22,1.0000,-1,-1,-1
102,14,191.29,318.88,56.17,178.55,1.0000,-1,-1,-1
102,19,348.97,216.36,72.96,155.10,1.0000,-1,-1,-1
102,21,267.10,301.97,62.18,156.93,1.0000,-1,-1,-1
102,23,916.14,494.91,63.20,125.89,1.0000,-1,-1,-1
102,27,592.03,90.86,65.11,155.83,1.0000,-1,-1,-1
102,28,1022.34,321.79,69.19,153.53,1.0000,-1,-1,-1
103,1,467.63,159.30,55.42,132.84,1.0000,-1,-1,-1
103,3,216.19,474.44,93.07,147.32,1.0000,-1,-1,-1
103,8,761.85,311.88,59.69,139.27,1.0000,-1,-1,-1
103,13,334.48,410.61,82.25,159.62,1.0000,-1,-1,-1
103,14,192.63,319.78,55.84,178.24,1.0000,-1,-1,-1
103,19,359.16,215.03,66.18,153.26,1.0000,-1,-1,-1
103,21,267.97,302.26,63.23,157.23,1.0000,-1,-1,-1
103,23,913.85,496.23,62.47,125.82,1.0000,-1,-1,-1
103,27,581.36,91.23,72.54,156.30,1.0000,-1,-1,-1
103,28,1016.75,320.40,74.13,156.21,1.0000,-1,-1,-1
104,1,461.08,162.29,56.92,131.28,1.0000,-1,-1,-1
104,3,230.01,474.87,88.73,146.52,1.0000,-1,-1,-1
104,8,765.01,311.82,57.20,139.89,1.0000,-1,-1,-1
104,13,332.30,409.56,82.00,159.68,1.0000,-1,-1,-1
104,14,193.39,320.23,54.92,177.84,1.0000,-1,-1,-1
104,19,364.27,215.04,61.70,152.04,1.0000,-1,-1,-1
104,21,268.72,302.51,63.94,157.29,1.0000,-1,-1,-1
104,23,912.41,496.42,61.54,125.39,1.0000,-1,-1,-1
104,27,573.05,95.44,77.57,153.82,1.0000,-1,-1,-1
104,28,1024.81,320.80,69.42,154.86,1.0000,-1,-1,-1
105,1,455.00,164.91,59.12,129.13,1.0000,-1,-1,-1
105,3,228.73,475.21,88.56,146.23,1.0000,-1,-1,-1
105,8,767.67,311.68,55.16,140.34,1.0000,-1,-1,-1
105,13,330.52,408.11,81.27,158.44,1.0000,-1,-1,-1
105,14,194.21,321.34,53.74,177.48,1.0000,-1,-1,-1
105,19,369.10,215.27,58.81,151.67,1.0000,-1,-1,-1
105,21,268.96,304.23,64.36,156.82,1.0000,-1,-1,-1
105,23,911.01,496.55,60.30,124.86,1.0000,-1,-1,-1
105,27,571.90,96.01,78.55,155.77,1.0000,-1,-1,-1
105,28,1032.47,321.28,62.83,152.43,1.0000,-1,-1,-1
106,1,449.39,167.29,62.32,126.74,1.0000,-1,-1,-1
106,3,227.45,475.56,88.38,145.94,1.0000,-1,-1,-1
106,8,770.45,311.31,53.06,140.72,1.0000,-1,-1,-1
106,13,329.08,407.28,80.32,156.73,1.0000,-1,-1,-1
106,14,195.02,322.31,52.39,177.35,1.0000,-1,-1,-1
106,19,371.58,215.79,56.31,151.32,1.0000,-1,-1,-1
106,21,269.38,305.06,65.29,156.54,1.0000,-1,-1,-1
106,23,910.16,496.44,59.54,124.56,1.0000,-1,-1,-1
106,27,570.76,96.58,79.52,157.69,1.0000,-1,-1,-1
106,28,1035.34,320.77,57.95,149.75,1.0000,-1,-1,-1
107,1,442.60,170.18,66.83,124.12,1.0000,-1,-1,-1
107,3,226.18,475.90,88.20,145.65,1.0000,-1,-1,-1
107,8,774.35,310.88,49.87,141.49,1.0000,-1,-1,-1
107,13,328.32,406.38,80.01,155.05,1.0000,-1,-1,-1
107,14,197.84,323.29,50.81,177.29,1.0000,-1,-1,-1
107,19,374.64,216.28,53.97,150.75,1.0000,-1,-1,-1
107,21,269.14,305.75,66.18,156.34,1.0000,-1,-1,-1
107,23,910.07,496.78,58.38,124.08,1.0000,-1,-1,-1
107,27,595.55,90.20,66.96,148.29,1.0000,-1,-1,-1
107,28,1034.88,311.90,54.23,136.44,1.0000,-1,-1,-1
108,1,437.96,171.72,71.47,122.45,1.0000,-1,-1,-1
108,3,224.90,476.25,88.03,145.36,1.0000,-1,-1,-1
108,8,777.25,309.88,47.21,142.52,1.0000,-1,-1,-1
108,13,328.58,406.34,80.13,153.98,1.0000,-1,-1,-1
108,14,198.32,324.08,50.73,176.99,1.0000,-1,-1,-1
108,19,376.03,216.33,52.88,150.32,1.0000,-1,-1,-1
108,21,269.39,306.05,66.49,156.42,1.0000,-1,-1,-1
108,23,910.44,497.00,57.38,123.75,1.0000,-1,-1,-1
108,27,602.67,90.98,60.38,143.76,1.0000,-1,-1,-1
108,28,1035.54,310.70,51.16,126.42,1.0000,-1,-1,-1
109,1,435.56,171.90,74.96,122.21,1.0000,-1,-1,-1
109,3,223.62,476.60,87.85,145.06,1.0000,-1,-1,-1
109,8,779.65,308.08,45.22,143.71,1.0000,-1,-1,-1
109,13,330.07,406.52,79.81,153.51,1.0000,-1,-1,-1
109,14,198.80,324.88,50.64,176.69,1.0000,-1,-1,-1
109,19,377.13,217.07,51.30,149.53,1.0000,-1,-1,-1
109,21,270.11,306.34,66.31,156.51,1.0000,-1,-1,-1
109,23,909.84,497.58,57.44,124.07,1.0000,-1,-1,-1
109,27,606.89,92.80,56.37,140.94,1.0000,-1,-1,-1
109,28,1019.67,312.47,59.46,122.07,1.0000,-1,-1,-1
110,1,434.88,171.95,76.13,121.99,1.0000,-1,-1,-1
110,3,225.45,474.21,78.12,146.50,1.0000,-1,-1,-1
110,8,781.85,306.63,43.46,145.27,1.0000,-1,-1,-1
110,13,332.17,406.72,79.28,153.13,1.0000,-1,-1,-1
110,14,199.27,325.67,50.56,176.39,1.0000,-1,-1,-1
110,19,378.44,217.48,51.39,149.77,1.0000,-1,-1,-1
110,21,271.26,306.61,66.16,156.44,1.0000,-1,-1,-1
110,23,909.24,497.86,57.97,124.57,1.0000,-1,-1,-1
110,27,609.64,94.27,53.76,139.31,1.0000,-1,-1,-1
110,28,1011.85,313.31,65.87,119.51,1.0000,-1,-1,-1
110,31,528.82,128.51,48.68,118.42,1.0000,-1,-1,-1
111,1,433.76,173.20,74.78,120.66,1.0000,-1,-1,-1
111,3,224.08,474.48,77.89,146.07,1.0000,-1,-1,-1
111,8,783.99,305.15,42.53,146.43,1.0000,-1,-1,-1
111,13,333.65,406.63,77.92,153.20,1.0000,-1,-1,-1
111,14,199.75,326.46,50.47,176.09,1.0000,-1,-1,-1
111,19,381.84,216.87,51.25,150.53,1.0000,-1,-1,-1
111,21,272.39,307.22,66.51,156.43,1.0000,-1,-1,-1
111,23,909.47,498.28,58.21,124.60,1.0000,-1,-1,-1
111,27,611.91,95.50,51.64,137.79,1.0000,-1,-1,-1
111,28,1007.65,313.88,70.04,117.61,1.0000,-1,-1,-1
111,31,520.02,130.05,50.77,117.78,1.0000,-1,-1,-1
112,1,430.43,173.46,74.57,120.32,1.0000,-1,-1,-1
112,3,222.71,474.76,77.66,145.64,1.0000,-1,-1,-1
112,8,787.00,303.77,41.93,146.84,1.0000,-1,-1,-1
112,13,338.65,407.55,76.17,153.18,1.0000,-1,-1,-1
112,14,200.23,327.26,50.38,175.79,1.0000,-1,-1,-1
112,19,384.65,216.33,51.64,151.53,1.0000,-1,-1,-1
112,21,273.74,307.86,66.77,156.62,1.0000,-1,-1,-1
112,23,909.95,499.59,59.48,123.53,1.0000,-1,-1,-1
112,27,615.10,97.24,50.21,136.16,1.0000,-1,-1,-1
112,28,1004.63,317.21,73.16,123.71,1.0000,-1,-1,-1
112,31,513.01,128.98,51.87,120.33,1.0000,-1,-1,-1
113,1,427.11,173.72,74.36,119.97,1.0000,-1,-1,-1
113,3,221.34,475.04,77.43,145.21,1.0000,-1,-1,-1
113,8,789.39,301.94,41.79,146.64,1.0000,-1,-1,-1
113,13,342.39,407.58,74.54,153.12,1.0000,-1,-1,-1
113,19,387.47,215.79,52.50,151.56,1.0000,-1,-1,-1
113,21,274.34,308.33,66.59,156.45,1.0000,-1,-1,-1
113,23,909.64,500.60,61.38,122.28,1.0000,-1,-1,-1
113,27,616.53,97.60,50.23,136.21,1.0000,-1,-1,-1
113,28,1003.94,315.89,74.58,123.66,1.0000,-1,-1,-1
113,31,506.02,127.93,52.94,122.82,1.0000,-1,-1,-1
114,1,423.79,173.99,74.14,119.63,1.0000,-1,-1,-1
114,3,219.96,475.32,77.20,144.78,1.0000,-1,-1,-1
114,8,791.50,300.96,41.65,145.55,1.0000,-1,-1,-1
114,13,345.27,407.67,72.92,153.22,1.0000,-1,-1,-1
114,19,389.93,216.67,53.93,151.66,1.0000,-1,-1,-1
114,21,274.66,308.81,66.21,156.21,1.0000,-1,-1,-1
114,23,910.67,501.15,62.19,120.54,1.0000,-1,-1,-1
114,27,617.96,97.97,50.25,136.26,1.0000,-1,-1,-1
114,28,1003.98,313.58,74.91,120.27,1.0000,-1,-1,-1
114,31,494.48,139.22,47.82,114.07,1.0000,-1,-1,-1
115,1,420.47,174.25,73.93,119.28,1.0000,-1,-1,-1
115,3,218.59,475.60,76.97,144.35,1.0000,-1,-1,-1
115,8,793.57,300.77,41.96,144.37,1.0000,-1,-1,-1
115,13,347.65,407.66,71.79,153.33,1.0000,-1,-1,-1
115,19,393.44,217.61,56.23,151.48,1.0000,-1,-1,-1
115,21,275.90,309.60,66.59,156.40,1.0000,-1,-1,-1
115,23,912.04,501.68,62.86,118.94,1.0000,-1,-1,-1
115,27,619.39,98.33,50.27,136.31,1.0000,-1,-1,-1
115,28,1012.95,312.71,69.29,116.93,1.0000,-1,-1,-1
115,31,486.40,140.88,47.79,114.01,1.0000,-1,-1,-1
116,1,417.15,174.52,73.71,118.93,1.0000,-1,-1,-1
116,8,795.88,300.82,43.09,143.53,1.0000,-1,-1,-1
116,13,350.12,407.45,70.70,153.30,1.0000,-1,-1,-1
116,19,396.17,219.54,58.45,150.44,1.0000,-1,-1,-1
116,21,277.70,309.87,67.80,157.33,1.0000,-1,-1,-1
116,23,915.11,502.58,62.31,118.17,1.0000,-1,-1,-1
116,27,620.82,98.70,50.29,136.36,1.0000,-1,-1,-1
116,28,1018.12,313.72,64.82,115.78,1.0000,-1,-1,-1
116,31,481.49,144.93,54.89,114.35,1.0000,-1,-1,-1
116,33,218.89,328.97,39.71,160.94,1.0000,-1,-1,-1
117,8,799.88,301.47,43.83,141.32,1.0000,-1,-1,-1
117,13,351.56,407.02,69.85,152.95,1.0000,-1,-1,-1
117,19,398.80,205.44,60.37,159.08,1.0000,-1,-1,-1
117,21,280.00,310.45,69.01,158.02,1.0000,-1,-1,-1
117,23,920.33,503.41,60.92,117.52,1.0000,-1,-1,-1
117,27,622.25,99.06,50.31,136.41,1.0000,-1,-1,-1
117,28,1022.82,315.41,60.10,116.01,1.0000,-1,-1,-1
117,31,470.26,146.26,65.87,117.38,1.0000,-1,-1,-1
117,33,221.93,329.53,38.36,155.45,1.0000,-1,-1,-1
118,8,802.69,302.26,44.18,139.46,1.0000,-1,-1,-1
118,13,352.16,406.63,69.38,153.09,1.0000,-1,-1,-1
118,19,400.69,198.85,61.75,165.31,1.0000,-1,-1,-1
118,21,281.04,310.73,70.37,158.10,1.0000,-1,-1,-1
118,23,924.69,503.77,59.59,117.47,1.0000,-1,-1,-1
118,28,1026.04,315.31,56.32,115.51,1.0000,-1,-1,-1
118,31,465.41,148.18,72.54,115.81,1.0000,-1,-1,-1
118,33,225.00,330.18,36.96,149.76,1.0000,-1,-1,-1
119,8,805.26,303.04,44.94,137.84,1.0000,-1,-1,-1
119,13,351.87,406.35,69.81,153.53,1.0000,-1,-1,-1
119,19,402.72,195.39,62.89,170.11,1.0000,-1,-1,-1
119,21,281.44,310.84,71.31,158.46,1.0000,-1,-1,-1
119,23,927.16,504.41,59.21,116.74,1.0000,-1,-1,-1
119,28,1027.23,316.31,54.09,116.80,1.0000,-1,-1,-1
119,31,458.54,149.02,74.02,118.17,1.0000,-1,-1,-1
119,33,228.10,330.95,35.50,143.84,1.0000,-1,-1,-1
120,8,808.16,304.14,46.05,136.37,1.0000,-1,-1,-1
120,13,350.66,406.30,71.24,154.12,1.0000,-1,-1,-1
120,19,405.24,194.86,63.53,172.52,1.0000,-1,-1,-1
120,21,283.16,311.35,70.61,158.07,1.0000,-1,-1,-1
120,23,929.11,504.17,59.26,117.09,1.0000,-1,-1,-1
120,28,1029.55,317.77,51.79,119.13,1.0000,-1,-1,-1
120,31,451.69,149.89,75.47,120.48,1.0000,-1,-1,-1
120,33,231.23,331.85,33.97,137.67,1.0000,-1,-1,-1
121,8,810.99,305.04,46.97,135.30,1.0000,-1,-1,-1
121,13,350.80,406.33,72.48,154.62,1.0000,-1,-1,-1
121,19,407.03,203.72,64.77,169.15,1.0000,-1,-1,-1
121,21,283.55,311.01,70.79,157.57,1.0000,-1,-1,-1
121,23,930.22,504.36,59.91,117.72,1.0000,-1,-1,-1
121,28,1030.50,317.63,50.42,121.13,1.0000,-1,-1,-1
121,31,444.85,150.78,76.89,122.75,1.0000,-1,-1,-1
121,33,234.39,332.89,32.38,131.21,1.0000,-1,-1,-1
122,8,813.33,306.32,48.28,134.35,1.0000,-1,-1,-1
122,13,350.78,406.46,74.26,154.86,1.0000,-1,-1,-1
122,19,409.91,209.33,64.37,165.77,1.0000,-1,-1,-1
122,21,286.11,311.54,70.53,157.44,1.0000,-1,-1,-1
122,23,932.87,504.61,61.40,117.44,1.0000,-1,-1,-1
122,28,1031.81,317.07,48.72,123.25,1.0000,-1,-1,-1
122,31,467.80,146.19,79.25,121.22,1.0000,-1,-1,-1
123,8,815.24,306.82,49.54,133.80,1.0000,-1,-1,-1
123,13,351.60,406.59,75.15,154.48,1.0000,-1,-1,-1
123,19,412.26,213.45,64.31,162.80,1.0000,-1,-1,-1
123,21,287.58,311.87,71.19,157.58,1.0000,-1,-1,-1
123,23,935.84,505.07,62.10,116.95,1.0000,-1,-1,-1
123,28,1032.57,316.82,47.50,125.78,1.0000,-1,-1,-1
123,31,468.00,146.25,81.32,121.14,1.0000,-1,-1,-1
124,8,816.50,307.36,50.84,133.70,1.0000,-1,-1,-1
124,13,352.14,406.90,76.05,154.11,1.0000,-1,-1,-1
124,19,415.48,217.19,63.98,160.57,1.0000,-1,-1,-1
124,21,289.61,310.49,68.37,155.60,1.0000,-1,-1,-1
124,23,937.98,505.54,62.84,115.98,1.0000,-1,-1,-1
124,28,1032.81,314.79,46.90,129.79,1.0000,-1,-1,-1
124,31,464.62,146.43,82.65,123.12,1.0000,-1,-1,-1
125,8,817.89,308.10,52.59,133.44,1.0000,-1,-1,-1
125,13,352.61,406.93,76.89,153.71,1.0000,-1,-1,-1
125,19,417.58,219.67,64.18,158.53,1.0000,-1,-1,-1
125,21,292.82,310.73,67.67,153.67,1.0000,-1,-1,-1
125,23,940.68,505.46,64.07,115.39,1.0000,-1,-1,-1
125,28,1033.07,315.29,46.65,133.72,1.0000,-1,-1,-1
125,31,461.24,146.63,83.95,125.06,1.0000,-1,-1,-1
126,8,819.57,309.37,54.35,133.12,1.0000,-1,-1,-1
126,13,353.85,407.27,78.44,153.28,1.0000,-1,-1,-1
126,19,420.00,220.32,64.36,158.98,1.0000,-1,-1,-1
126,21,294.14,310.76,67.72,153.79,1.0000,-1,-1,-1
126,23,944.08,505.83,65.20,114.38,1.0000,-1,-1,-1
126,28,1033.26,314.56,46.61,136.33,1.0000,-1,-1,-1
126,31,457.88,146.84,85.24,126.97,1.0000,-1,-1,-1
127,8,823.13,310.50,55.32,132.10,1.0000,-1,-1,-1
127,13,356.46,405.81,81.68,151.00,1.0000,-1,-1,-1
127,19,424.45,222.17,63.90,156.16,1.0000,-1,-1,-1
127,21,296.42,313.39,65.53,152.49,1.0000,-1,-1,-1
127,23,947.52,506.86,66.44,115.78,1.0000,-1,-1,-1
127,28,1032.74,312.94,47.53,137.89,1.0000,-1,-1,-1
127,31,473.20,160.36,82.06,124.87,1.0000,-1,-1,-1
128,8,825.04,311.67,55.49,130.94,1.0000,-1,-1,-1
128,13,355.39,404.89,85.63,149.65,1.0000,-1,-1,-1
128,19,427.80,223.60,63.09,154.62,1.0000,-1,-1,-1
128,21,300.26,314.51,63.07,151.92,1.0000,-1,-1,-1
128,23,949.71,507.50,67.25,116.58,1.0000,-1,-1,-1
128,28,1032.14,312.22,48.50,139.16,1.0000,-1,-1,-1
128,31,479.74,166.02,78.90,122.56,1.0000,-1,-1,-1
129,8,827.54,312.42,55.25,130.73,1.0000,-1,-1,-1
129,13,353.63,404.05,87.93,149.33,1.0000,-1,-1,-1
129,19,430.29,224.27,63.26,154.03,1.0000,-1,-1,-1
129,21,302.00,315.45,61.56,151.73,1.0000,-1,-1,-1
129,23,952.58,507.88,67.99,116.95,1.0000,-1,-1,-1
129,28,1027.45,311.85,52.02,140.43,1.0000,-1,-1,-1
129,31,482.58,173.00,78.95,119.98,1.0000,-1,-1,-1
130,8,829.73,313.53,54.59,130.30,1.0000,-1,-1,-1
130,13,352.45,402.78,88.08,149.46,1.0000,-1,-1,-1
130,19,432.79,224.50,63.39,154.01,1.0000,-1,-1,-1
130,21,303.42,315.82,61.55,151.70,1.0000,-1,-1,-1
130,23,954.79,508.22,69.40,116.68,1.0000,-1,-1,-1
130,28,1023.08,311.20,56.06,140.69,1.0000,-1,-1,-1
130,31,485.38,181.37,79.62,116.48,1.0000,-1,-1,-1
130,35,203.08,476.02,75.25,144.68,1.0000,-1,-1,-1
131,8,830.99,313.95,54.25,130.41,1.0000,-1,-1,-1
131,13,353.62,400.97,86.57,149.44,1.0000,-1,-1,-1
131,19,434.54,224.36,63.15,154.15,1.0000,-1,-1,-1
131,21,304.83,316.19,61.54,151.68,1.0000,-1,-1,-1
131,23,957.19,508.57,69.77,116.58,1.0000,-1,-1,-1
131,28,1019.32,310.99,59.71,140.58,1.0000,-1,-1,-1
131,31,490.19,186.11,79.94,115.28,1.0000,-1,-1,-1
131,35,205.17,477.07,68.87,139.79,1.0000,-1,-1,-1
132,8,833.26,313.69,54.22,131.13,1.0000,-1,-1,-1
132,13,355.99,399.77,84.65,149.80,1.0000,-1,-1,-1
132,19,438.53,224.83,63.37,154.16,1.0000,-1,-1,-1
132,21,306.25,316.55,61.53,151.65,1.0000,-1,-1,-1
132,23,960.51,510.49,69.64,117.39,1.0000,-1,-1,-1
132,28,1016.82,311.56,63.25,140.62,1.0000,-1,-1,-1
132,31,497.22,190.39,85.33,113.32,1.0000,-1,-1,-1
132,35,207.56,478.63,61.31,133.74,1.0000,-1,-1,-1
133,8,834.57,313.07,54.08,131.71,1.0000,-1,-1,-1
133,13,358.68,399.26,81.28,150.64,1.0000,-1,-1,-1
133,19,441.30,224.45,63.98,154.91,1.0000,-1,-1,-1
133,21,307.67,316.92,61.52,151.63,1.0000,-1,-1,-1
133,23,962.29,510.90,69.32,117.92,1.0000,-1,-1,-1
133,28,1015.82,311.52,65.97,140.62,1.0000,-1,-1,-1
133,31,502.67,190.49,90.91,113.26,1.0000,-1,-1,-1
133,35,209.87,480.86,58.59,135.69,1.0000,-1,-1,-1
134,8,835.98,312.54,53.95,132.24,1.0000,-1,-1,-1
134,13,362.04,399.20,78.00,151.67,1.0000,-1,-1,-1
134,19,443.98,224.18,63.83,154.79,1.0000,-1,-1,-1
134,21,309.08,317.29,61.51,151.60,1.0000,-1,-1,-1
134,23,964.44,511.62,69.08,117.52,1.0000,-1,-1,-1
134,28,1017.41,311.82,67.09,140.83,1.0000,-1,-1,-1
134,31,510.68,190.00,96.53,113.44,1.0000,-1,-1,-1
134,35,212.72,480.43,57.16,138.03,1.0000,-1,-1,-1
135,8,836.92,311.66,53.58,132.31,1.0000,-1,-1,-1
135,13,362.93,398.67,78.01,151.70,1.0000,-1,-1,-1
135,19,446.10,223.23,63.27,155.17,1.0000,-1,-1,-1
135,23,966.58,512.35,68.85,117.13,1.0000,-1,-1,-1
135,28,1019.35,312.15,68.38,141.94,1.0000,-1,-1,-1
135,31,518.36,190.68,99.55,114.11,1.0000,-1,-1,-1
135,35,215.15,478.81,57.03,140.75,1.0000,-1,-1,-1
136,8,838.02,310.93,53.85,132.01,1.0000,-1,-1,-1
136,13,363.82,398.14,78.02,151.72,1.0000,-1,-1,-1
136,19,448.04,223.92,63.42,155.18,1.0000,-1,-1,-1
136,23,965.47,525.34,70.55,135.43,1.0000,-1,-1,-1
136,28,1020.92,312.39,69.21,143.05,1.0000,-1,-1,-1
136,31,529.62,191.93,100.06,113.82,1.0000,-1,-1,-1
136,35,216.59,476.97,57.83,142.27,1.0000,-1,-1,-1
136,36,699.76,125.33,48.69,123.15,1.0000,-1,-1,-1
137,8,839.59,309.22,54.72,130.05,1.0000,-1,-1,-1
137,13,364.70,397.62,78.04,151.75,1.0000,-1,-1,-1
137,19,451.31,225.61,63.64,154.68,1.0000,-1,-1,-1
137,23,967.53,523.00,70.95,145.83,1.0000,-1,-1,-1
137,28,1020.65,311.87,68.99,143.92,1.0000,-1,-1,-1
137,31,548.83,191.30,95.98,114.62,1.0000,-1,-1,-1
137,35,217.80,477.30,60.89,145.71,1.0000,-1,-1,-1
137,36,702.05,126.47,48.01,121.43,1.0000,-1,-1,-1
137,37,415.33,209.30,42.25,137.05,1.0000,-1,-1,-1
138,8,840.48,309.15,55.62,128.24,1.0000,-1,-1,-1
138,13,365.59,397.09,78.05,151.77,1.0000,-1,-1,-1
138,19,454.10,227.94,64.81,153.03,1.0000,-1,-1,-1
138,23,969.17,520.76,71.21,152.86,1.0000,-1,-1,-1
138,28,1020.10,310.92,68.62,144.23,1.0000,-1,-1,-1
138,31,560.97,191.62,93.31,116.01,1.0000,-1,-1,-1
138,35,217.75,475.96,63.85,147.91,1.0000,-1,-1,-1
138,36,704.35,126.41,49.15,124.69,1.0000,-1,-1,-1
138,37,416.63,210.60,41.93,136.01,1.0000,-1,-1,-1
139,8,841.53,310.00,56.66,127.11,1.0000,-1,-1,-1
139,13,366.48,396.56,78.06,151.80,1.0000,-1,-1,-1
139,19,456.05,229.28,66.49,152.75,1.0000,-1,-1,-1
139,23,970.34,519.05,71.17,157.85,1.0000,-1,-1,-1
139,28,1018.77,309.52,67.51,143.96,1.0000,-1,-1,-1
139,31,569.22,194.31,92.21,117.57,1.0000,-1,-1,-1
139,35,217.26,474.79,65.50,148.52,1.0000,-1,-1,-1
139,36,705.61,127.13,50.25,126.05,1.0000,-1,-1,-1
139,37,419.16,208.47,43.41,139.43,1.0000,-1,-1,-1
140,8,842.67,311.89,57.10,125.65,1.0000,-1,-1,-1
140,13,377.98,394.00,73.36,143.68,1.0000,-1,-1,-1
140,19,457.47,230.88,66.59,151.59,1.0000,-1,-1,-1
140,23,971.65,517.55,71.32,161.46,1.0000,-1,-1,-1
140,28,1016.80,308.47,66.03,143.78,1.0000,-1,-1,-1
140,31,577.26,194.22,92.94,120.23,1.0000,-1,-1,-1
140,35,216.86,474.70,66.81,149.74,1.0000,-1,-1,-1
140,36,707.38,127.51,50.48,126.01,1.0000,-1,-1,-1
140,37,420.41,207.94,44.65,140.66,1.0000,-1,-1,-1
141,8,843.24,314.01,57.56,124.48,1.0000,-1,-1,-1
141,13,378.60,397.20,73.06,147.55,1.0000,-1,-1,-1
141,19,460.83,231.02,69.02,150.82,1.0000,-1,-1,-1
141,23,972.67,516.58,71.00,164.05,1.0000,-1,-1,-1
141,28,1013.23,307.29,64.36,144.24,1.0000,-1,-1,-1
141,31,584.06,194.64,93.85,121.78,1.0000,-1,-1,-1
141,35,215.48,473.53,67.36,148.99,1.0000,-1,-1,-1
141,36,709.29,128.20,50.07,125.58,1.0000,-1,-1,-1
141,37,421.77,208.45,44.80,140.49,1.0000,-1,-1,-1
142,8,843.97,316.44,58.22,123.04,1.0000,-1,-1,-1
142,13,381.18,393.09,72.82,144.06,1.0000,-1,-1,-1
142,19,463.53,232.97,68.49,149.34,1.0000,-1,-1,-1
142,23,974.34,518.38,71.03,164.10,1.0000,-1,-1,-1
142,28,1009.44,306.61,60.24,144.12,1.0000,-1,-1,-1
142,31,600.31,196.07,90.78,122.14,1.0000,-1,-1,-1
142,35,214.00,472.25,67.08,146.05,1.0000,-1,-1,-1
142,36,711.81,129.43,49.41,125.20,1.0000,-1,-1,-1
142,37,424.45,208.51,46.18,142.19,1.0000,-1,-1,-1
143,8,844.37,317.74,58.73,122.18,1.0000,-1,-1,-1
143,13,382.70,392.20,72.78,143.97,1.0000,-1,-1,-1
143,19,464.35,233.69,67.44,148.72,1.0000,-1,-1,-1
143,23,976.01,520.18,71.05,164.15,1.0000,-1,-1,-1
143,28,1008.14,306.21,56.60,143.97,1.0000,-1,-1,-1
143,31,615.60,196.54,87.22,123.31,1.0000,-1,-1,-1
143,35,212.92,471.70,66.68,143.02,1.0000,-1,-1,-1
143,36,714.78,130.80,48.66,124.58,1.0000,-1,-1,-1
143,37,426.44,208.59,46.63,143.30,1.0000,-1,-1,-1
144,8,844.55,318.78,59.02,121.63,1.0000,-1,-1,-1
144,13,384.15,392.17,73.13,142.21,1.0000,-1,-1,-1
144,19,465.83,234.43,66.75,148.22,1.0000,-1,-1,-1
144,23,977.68,521.98,71.07,164.21,1.0000,-1,-1,-1
144,28,1008.03,306.52,53.99,143.38,1.0000,-1,-1,-1
144,31,637.52,196.64,77.87,123.42,1.0000,-1,-1,-1
144,35,211.02,472.30,66.36,141.27,1.0000,-1,-1,-1
144,36,716.96,131.76,48.50,124.18,1.0000,-1,-1,-1
144,37,428.97,209.91,46.38,142.09,1.0000,-1,-1,-1
144,38,975.32,515.67,63.00,106.52,1.0000,-1,-1,-1
145,8,844.67,319.44,59.11,121.15,1.0000,-1,-1,-1
145,13,387.42,391.24,72.25,140.50,1.0000,-1,-1,-1
145,19,467.32,234.57,65.41,147.75,1.0000,-1,-1,-1
145,23,979.35,523.78,71.10,164.26,1.0000,-1,-1,-1
145,28,1008.24,307.09,52.53,143.87,1.0000,-1,-1,-1
145,31,649.27,200.68,69.76,121.62,1.0000,-1,-1,-1
145,35,208.56,473.88,65.51,141.39,1.0000,-1,-1,-1
145,36,719.14,132.73,48.35,123.78,1.0000,-1,-1,-1
145,37,430.81,210.22,46.55,142.62,1.0000,-1,-1,-1
145,38,977.48,517.00,61.71,105.36,1.0000,-1,-1,-1
146,8,844.60,319.43,59.74,120.48,1.0000,-1,-1,-1
146,13,389.32,391.89,71.46,139.40,1.0000,-1,-1,-1
146,19,469.74,235.00,65.05,147.10,1.0000,-1,-1,-1
146,23,981.02,525.58,71.12,164.31,1.0000,-1,-1,-1
146,28,1007.36,310.06,52.13,144.52,1.0000,-1,-1,-1
146,31,659.19,203.85,67.39,120.13,1.0000,-1,-1,-1
146,35,206.37,478.06,65.30,147.74,1.0000,-1,-1,-1
146,36,721.33,133.69,48.19,123.37,1.0000,-1,-1,-1
146,37,433.57,213.09,46.87,139.68,1.0000,-1,-1,-1
146,38,978.37,518.29,60.85,105.34,1.0000,-1,-1,-1
147,8,842.54,320.05,59.38,120.88,1.0000,-1,-1,-1
147,13,390.88,391.13,70.56,137.64,1.0000,-1,-1,-1
147,19,470.99,235.57,65.99,145.77,1.0000,-1,-1,-1
147,28,1004.79,313.80,52.33,143.28,1.0000,-1,-1,-1
147,31,671.96,200.62,69.53,121.61,1.0000,-1,-1,-1
147,35,202.69,477.02,68.95,153.30,1.0000,-1,-1,-1
147,36,723.51,134.65,48.03,122.97,1.0000,-1,-1,-1
147,37,437.22,213.53,46.67,139.34,1.0000,-1,-1,-1
147,38,980.11,519.35,58.21,104.32,1.0000,-1,-1,-1
148,8,841.61,320.30,58.59,121.15,1.0000,-1,-1,-1
148,13,391.43,390.03,69.78,136.64,1.0000,-1,-1,-1
148,19,471.61,236.00,66.64,144.64,1.0000,-1,-1,-1
148,28,1001.80,316.74,51.88,141.36,1.0000,-1,-1,-1
148,31,681.51,199.92,74.50,122.64,1.0000,-1,-1,-1
148,35,198.33,476.05,70.60,157.45,1.0000,-1,-1,-1
148,36,725.69,135.61,47.87,122.56,1.0000,-1,-1,-1
148,37,440.69,211.90,46.53,140.54,1.0000,-1,-1,-1
148,38,981.13,520.97,55.57,103.90,1.0000,-1,-1,-1
149,8,841.10,319.62,58.15,122.08,1.0000,-1,-1,-1
149,13,393.05,389.55,68.56,135.74,1.0000,-1,-1,-1
149,19,473.29,236.82,66.71,143.77,1.0000,-1,-1,-1
149,28,999.11,318.71,50.86,139.73,1.0000,-1,-1,-1
149,31,689.81,199.25,78.38,123.17,1.0000,-1,-1,-1
149,35,195.31,475.62,70.98,160.60,1.0000,-1,-1,-1
149,37,444.12,212.56,46.97,140.85,1.0000,-1,-1,-1
149,38,981.67,521.58,53.25,102.77,1.0000,-1,-1,-1
149,40,551.88,219.92,89.01,125.58,1.0000,-1,-1,-1
150,8,840.74,318.10,57.51,123.21,1.0000,-1,-1,-1
150,13,393.93,391.19,67.47,135.51,1.0000,-1,-1,-1
150,19,474.13,237.08,67.27,143.26,1.0000,-1,-1,-1
150,28,996.35,319.99,49.83,138.10,1.0000,-1,-1,-1
150,31,698.29,200.20,78.51,122.53,1.0000,-1,-1,-1
150,35,193.84,475.11,70.39,162.54,1.0000,-1,-1,-1
150,37,447.03,214.78,46.77,139.60,1.0000,-1,-1,-1
150,38,981.18,522.44,52.18,102.55,1.0000,-1,-1,-1
150,40,561.94,219.98,93.36,125.68,1.0000,-1,-1,-1
151,8,840.27,313.15,56.88,120.38,1.0000,-1,-1,-1
151,13,395.13,392.07,66.18,135.26,1.0000,-1,-1,-1
151,19,474.85,237.50,68.27,142.85,1.0000,-1,-1,-1
151,28,994.81,321.04,49.65,135.36,1.0000,-1,-1,-1
151,31,708.89,202.93,76.06,121.14,1.0000,-1,-1,-1
151,35,193.34,475.01,69.39,163.51,1.0000,-1,-1,-1
151,37,449.12,216.40,46.07,138.30,1.0000,-1,-1,-1
151,38,980.51,522.96,50.62,101.76,1.0000,-1,-1,-1
151,40,571.46,220.95,95.98,125.51,1.0000,-1,-1,-1
152,8,839.89,312.48,55.87,121.16,1.0000,-1,-1,-1
152,13,396.43,391.53,66.08,135.05,1.0000,-1,-1,-1
152,19,476.07,238.56,69.42,142.25,1.0000,-1,-1,-1
152,28,989.08,322.93,52.24,132.93,1.0000,-1,-1,-1
152,31,717.97,203.87,76.40,121.67,1.0000,-1,-1,-1
152,35,194.99,475.16,67.92,164.28,1.0000,-1,-1,-1
152,37,452.64,217.62,45.29,136.40,1.0000,-1,-1,-1
152,38,979.21,523.32,48.04,100.83,1.0000,-1,-1,-1
152,40,592.36,224.45,86.57,120.60,1.0000,-1,-1,-1
153,8,838.82,311.19,55.34,121.49,1.0000,-1,-1,-1
153,13,397.72,390.98,65.97,134.83,1.0000,-1,-1,-1
153,19,476.13,238.71,69.78,142.13,1.0000,-1,-1,-1
153,28,982.91,324.75,56.08,131.49,1.0000,-1,-1,-1
153,31,727.06,204.82,76.73,122.19,1.0000,-1,-1,-1
153,35,196.15,475.37,67.03,165.05,1.0000,-1,-1,-1
153,37,455.16,218.53,44.95,135.35,1.0000,-1,-1,-1
153,38,978.55,523.50,45.72,101.19,1.0000,-1,-1,-1
153,40,609.06,228.83,76.27,115.36,1.0000,-1,-1,-1
154,8,837.02,310.55,54.85,122.03,1.0000,-1,-1,-1
154,13,399.02,390.44,65.86,134.61,1.0000,-1,-1,-1
154,19,476.98,238.63,69.94,142.71,1.0000,-1,-1,-1
154,28,979.71,325.67,58.72,130.78,1.0000,-1,-1,-1
154,31,753.73,209.03,68.39,121.83,1.0000,-1,-1,-1
154,35,196.79,475.34,66.26,165.53,1.0000,-1,-1,-1
154,37,456.97,221.86,44.82,133.13,1.0000,-1,-1,-1
154,38,977.42,523.45,44.15,101.94,1.0000,-1,-1,-1
154,40,629.89,231.36,63.96,109.75,1.0000,-1,-1,-1
155,8,834.91,310.06,54.50,122.23,1.0000,-1,-1,-1
155,13,400.31,389.90,65.75,134.38,1.0000,-1,-1,-1
155,19,478.55,238.31,69.95,143.25,1.0000,-1,-1,-1
155,28,978.29,326.32,60.79,131.16,1.0000,-1,-1,-1
155,31,766.92,209.09,66.10,122.10,1.0000,-1,-1,-1
155,35,197.17,475.27,65.47,165.60,1.0000,-1,-1,-1
155,37,459.63,223.42,44.55,131.50,1.0000,-1,-1,-1
155,38,976.37,523.67,43.25,103.64,1.0000,-1,-1,-1
155,40,645.56,233.08,57.56,107.44,1.0000,-1,-1,-1
156,8,833.10,310.02,53.57,122.36,1.0000,-1,-1,-1
156,13,401.61,389.36,65.64,134.16,1.0000,-1,-1,-1
156,19,480.73,237.69,70.51,144.03,1.0000,-1,-1,-1
156,28,978.22,326.37,61.88,131.45,1.0000,-1,-1,-1
156,31,777.21,209.34,65.96,119.87,1.0000,-1,-1,-1
156,35,197.65,475.15,64.62,165.24,1.0000,-1,-1,-1
156,37,462.66,222.75,45.40,131.80,1.0000,-1,-1,-1
156,38,975.41,525.74,42.22,105.82,1.0000,-1,-1,-1
156,40,657.40,231.79,53.06,106.57,1.0000,-1,-1,-1
157,8,828.93,309.19,53.77,124.64,1.0000,-1,-1,-1
157,19,482.96,237.49,72.06,144.47,1.0000,-1,-1,-1
157,28,980.19,326.61,61.49,131.82,1.0000,-1,-1,-1
157,31,787.60,210.33,66.13,120.18,1.0000,-1,-1,-1
157,35,198.07,475.36,64.00,165.37,1.0000,-1,-1,-1
157,37,465.18,223.40,45.37,131.71,1.0000,-1,-1,-1
157,38,972.34,526.41,41.99,108.93,1.0000,-1,-1,-1
157,40,671.06,234.81,50.06,100.55,1.0000,-1,-1,-1
158,8,827.43,309.08,56.15,125.41,1.0000,-1,-1,-1
158,19,484.25,237.40,73.32,144.57,1.0000,-1,-1,-1
158,28,982.09,325.82,60.11,132.31,1.0000,-1,-1,-1
158,31,797.99,211.31,66.30,120.49,1.0000,-1,-1,-1
158,35,198.36,475.40,63.45,165.51,1.0000,-1,-1,-1
158,37,467.70,224.06,45.34,131.63,1.0000,-1,-1,-1
158,38,970.35,523.72,41.73,107.84,1.0000,-1,-1,-1
158,40,684.82,238.01,46.87,94.14,1.0000,-1,-1,-1
159,8,826.70,308.80,56.12,125.36,1.0000,-1,-1,-1
159,19,486.04,237.47,73.46,144.85,1.0000,-1,-1,-1
159,28,983.86,324.40,58.39,133.01,1.0000,-1,-1,-1
159,31,808.38,212.30,66.47,120.80,1.0000,-1,-1,-1
159,35,199.01,475.39,62.79,165.60,1.0000,-1,-1,-1
159,37,470.22,224.72,45.31,131.55,1.0000,-1,-1,-1
159,38,969.11,521.34,41.34,104.39,1.0000,-1,-1,-1
159,40,697.04,232.29,49.20,101.89,1.0000,-1,-1,-1
160,8,825.98,308.52,56.10,125.31,1.0000,-1,-1,-1
160,19,488.61,237.27,76.17,144.60,1.0000,-1,-1,-1
160,28,985.71,320.43,56.80,134.33,1.0000,-1,-1,-1
160,31,818.77,213.28,66.64,121.10,1.0000,-1,-1,-1
160,35,199.70,475.37,62.21,165.98,1.0000,-1,-1,-1
160,37,472.74,225.38,45.28,131.46,1.0000,-1,-1,-1
160,38,968.06,520.55,40.67,100.97,1.0000,-1,-1,-1
160,40,708.28,232.17,45.14,99.51,1.0000,-1,-1,-1
161,8,825.26,308.24,56.08,125.26,1.0000,-1,-1,-1
161,19,490.06,237.06,77.73,144.54,1.0000,-1,-1,-1
161,28,985.63,318.13,56.74,135.87,1.0000,-1,-1,-1
161,31,829.16,214.27,66.81,121.41,1.0000,-1,-1,-1
161,35,200.44,474.94,61.54,166.10,1.0000,-1,-1,-1
161,37,475.26,226.03,45.26,131.38,1.0000,-1,-1,-1
161,38,967.23,520.36,40.06,98.28,1.0000,-1,-1,-1
161,40,718.67,233.45,43.91,101.72,1.0000,-1,-1,-1
162,8,824.54,307.96,56.06,125.21,1.0000,-1,-1,-1
162,19,492.39,236.42,80.39,144.39,1.0000,-1,-1,-1
162,28,984.95,318.24,56.53,135.35,1.0000,-1,-1,-1
162,35,201.77,473.80,60.97,165.87,1.0000,-1,-1,-1
162,38,964.11,519.55,40.13,95.98,1.0000,-1,-1,-1
162,40,730.62,231.95,51.99,105.66,1.0000,-1,-1,-1
163,8,832.23,304.16,60.07,126.18,1.0000,-1,-1,-1
163,19,494.51,235.84,81.26,144.61,1.0000,-1,-1,-1
163,28,991.31,312.33,54.14,137.11,1.0000,-1,-1,-1
163,35,203.04,473.72,60.04,165.96,1.0000,-1,-1,-1
163,38,961.88,519.75,39.97,93.80,1.0000,-1,-1,-1
163,40,738.33,234.69,59.76,107.03,1.0000,-1,-1,-1
164,8,832.30,303.62,60.07,126.19,1.0000,-1,-1,-1
164,19,495.75,236.09,82.02,144.45,1.0000,-1,-1,-1
164,28,994.95,306.53,52.04,134.48,1.0000,-1,-1,-1
164,35,204.28,472.84,58.85,164.75,1.0000,-1,-1,-1
164,38,959.87,520.54,39.75,91.52,1.0000,-1,-1,-1
164,40,744.66,236.77,67.71,108.26,1.0000,-1,-1,-1
165,8,832.36,303.08,60.07,126.19,1.0000,-1,-1,-1
165,19,496.31,236.02,82.42,143.89,1.0000,-1,-1,-1
165,28,996.86,304.04,50.82,133.22,1.0000,-1,-1,-1
165,35,205.70,471.88,57.91,162.96,1.0000,-1,-1,-1
165,38,957.11,521.34,40.00,90.22,1.0000,-1,-1,-1
165,40,747.83,238.56,72.43,106.71,1.0000,-1,-1,-1
166,8,832.43,302.55,60.07,126.19,1.0000,-1,-1,-1
166,19,498.26,235.85,82.60,144.21,1.0000,-1,-1,-1
166,28,998.07,302.63,50.00,132.80,1.0000,-1,-1,-1
166,35,207.28,473.23,56.68,162.98,1.0000,-1,-1,-1
166,38,954.78,521.37,40.32,88.03,1.0000,-1,-1,-1
166,40,752.09,238.63,72.06,104.24,1.0000,-1,-1,-1
167,8,823.47,303.50,58.13,122.76,1.0000,-1,-1,-1
167,19,498.59,234.72,81.73,143.92,1.0000,-1,-1,-1
167,28,998.35,301.93,50.31,134.30,1.0000,-1,-1,-1
167,35,210.38,473.55,56.65,161.71,1.0000,-1,-1,-1
167,38,950.54,520.56,40.29,85.57,1.0000,-1,-1,-1
167,40,764.43,237.39,68.59,101.59,1.0000,-1,-1,-1
168,8,820.14,303.66,59.69,122.58,1.0000,-1,-1,-1
168,19,500.36,234.45,81.91,144.23,1.0000,-1,-1,-1
168,28,998.48,301.38,50.78,135.64,1.0000,-1,-1,-1
168,35,212.31,475.38,56.19,162.60,1.0000,-1,-1,-1
168,38,947.07,518.51,40.58,79.82,1.0000,-1,-1,-1
168,40,776.47,234.50,63.78,99.41,1.0000,-1,-1,-1
169,8,820.52,303.94,59.62,123.05,1.0000,-1,-1,-1
169,19,502.13,234.17,82.09,144.54,1.0000,-1,-1,-1
169,28,997.10,301.06,52.19,137.04,1.0000,-1,-1,-1
169,35,214.05,476.16,55.97,163.58,1.0000,-1,-1,-1
169,38,944.44,518.00,40.39,74.12,1.0000,-1,-1,-1
169,40,787.45,235.01,62.85,97.97,1.0000,-1,-1,-1
170,8,822.65,304.34,58.36,123.49,1.0000,-1,-1,-1
170,19,502.28,234.70,81.99,144.60,1.0000,-1,-1,-1
170,28,994.19,303.80,54.82,139.64,1.0000,-1,-1,-1
170,35,215.44,475.97,55.81,163.76,1.0000,-1,-1,-1
170,38,941.91,522.75,41.88,77.85,1.0000,-1,-1,-1
170,40,798.44,235.53,61.91,96.50,1.0000,-1,-1,-1
170,41,896.42,211.39,72.57,119.66,1.0000,-1,-1,-1
171,8,822.10,304.04,58.35,123.46,1.0000,-1,-1,-1
171,19,503.74,235.06,82.27,145.11,1.0000,-1,-1,-1
171,28,992.05,304.69,57.13,141.77,1.0000,-1,-1,-1
171,35,216.85,476.63,55.78,164.41,1.0000,-1,-1,-1
171,38,940.25,523.05,40.99,76.19,1.0000,-1,-1,-1
171,40,809.44,236.06,60.95,95.00,1.0000,-1,-1,-1
171,41,899.19,211.37,77.26,119.33,1.0000,-1,-1,-1
172,8,821.55,303.74,58.33,123.44,1.0000,-1,-1,-1
172,19,503.61,235.01,82.05,145.81,1.0000,-1,-1,-1
172,28,992.42,302.58,57.87,142.07,1.0000,-1,-1,-1
172,35,219.72,475.26,56.02,160.55,1.0000,-1,-1,-1
172,38,938.60,523.37,40.07,74.48,1.0000,-1,-1,-1
172,40,820.45,236.60,59.98,93.49,1.0000,-1,-1,-1
172,41,900.27,213.22,81.24,118.79,1.0000,-1,-1,-1
173,8,823.72,266.25,59.30,145.12,1.0000,-1,-1,-1
173,19,505.05,234.88,82.23,146.11,1.0000,-1,-1,-1
173,28,990.91,305.11,58.96,143.45,1.0000,-1,-1,-1
173,35,221.76,475.51,56.12,157.75,1.0000,-1,-1,-1
173,38,936.96,523.71,39.13,72.74,1.0000,-1,-1,-1
173,40,831.46,237.15,58.99,91.94,1.0000,-1,-1,-1
173,41,900.46,216.43,84.33,116.99,1.0000,-1,-1,-1
174,8,825.19,258.51,59.55,157.49,1.0000,-1,-1,-1
174,19,506.50,234.75,82.40,146.42,1.0000,-1,-1,-1
174,28,990.16,306.07,59.57,144.35,1.0000,-1,-1,-1
174,35,223.18,475.80,56.08,155.80,1.0000,-1,-1,-1
174,38,935.33,524.07,38.17,70.95,1.0000,-1,-1,-1
174,41,898.74,215.37,86.78,116.57,1.0000,-1,-1,-1
175,8,825.73,251.44,60.66,167.46,1.0000,-1,-1,-1
175,19,507.94,234.62,82.57,146.73,1.0000,-1,-1,-1
175,28,989.49,306.02,60.16,145.23,1.0000,-1,-1,-1
175,35,224.52,476.41,55.77,154.93,1.0000,-1,-1,-1
175,38,933.71,524.45,37.18,69.11,1.0000,-1,-1,-1
175,41,892.84,218.16,91.64,120.97,1.0000,-1,-1,-1
176,8,825.68,248.93,60.74,167.68,1.0000,-1,-1,-1
176,19,502.85,234.49,81.08,146.31,1.0000,-1,-1,-1
176,28,988.96,305.93,60.61,145.71,1.0000,-1,-1,-1
176,35,225.83,477.73,55.49,155.51,1.0000,-1,-1,-1
176,41,895.25,219.81,93.02,122.46,1.0000,-1,-1,-1
177,8,825.62,246.41,60.82,167.90,1.0000,-1,-1,-1
177,19,503.85,234.99,81.31,145.47,1.0000,-1,-1,-1
177,28,988.27,305.60,61.08,146.32,1.0000,-1,-1,-1
177,35,228.75,474.81,54.88,152.43,1.0000,-1,-1,-1
177,41,897.53,219.32,94.58,124.50,1.0000,-1,-1,-1
178,8,825.57,243.89,60.90,168.13,1.0000,-1,-1,-1
178,19,504.43,235.30,81.37,145.01,1.0000,-1,-1,-1
178,28,987.92,305.75,61.39,146.61,1.0000,-1,-1,-1
178,35,230.67,473.06,54.69,151.34,1.0000,-1,-1,-1
178,41,899.83,218.84,96.11,126.52,1.0000,-1,-1,-1
179,8,825.51,241.37,60.98,168.35,1.0000,-1,-1,-1
179,19,505.34,236.18,81.48,144.72,1.0000,-1,-1,-1
179,28,986.68,305.19,62.18,147.15,1.0000,-1,-1,-1
179,35,231.20,473.34,55.07,149.30,1.0000,-1,-1,-1
179,41,900.71,225.72,97.18,126.17,1.0000,-1,-1,-1
179,43,908.57,519.61,41.93,64.32,1.0000,-1,-1,-1
179,44,495.18,231.63,32.05,130.75,1.0000,-1,-1,-1
180,8,825.45,238.86,61.06,168.57,1.0000,-1,-1,-1
180,19,506.48,236.77,81.01,144.36,1.0000,-1,-1,-1
180,28,983.98,304.79,64.00,147.69,1.0000,-1,-1,-1
180,35,232.88,473.83,54.79,147.92,1.0000,-1,-1,-1
180,41,903.71,228.21,97.59,126.02,1.0000,-1,-1,-1
180,43,906.87,520.43,42.30,64.24,1.0000,-1,-1,-1
180,44,494.95,229.50,34.55,134.26,1.0000,-1,-1,-1
181,19,506.88,236.97,80.72,144.32,1.0000,-1,-1,-1
181,28,983.56,304.88,64.79,147.78,1.0000,-1,-1,-1
181,35,234.67,473.49,54.54,146.42,1.0000,-1,-1,-1
181,41,905.97,228.59,98.93,127.74,1.0000,-1,-1,-1
181,43,903.12,520.80,42.62,63.87,1.0000,-1,-1,-1
181,44,493.86,227.19,37.71,139.26,1.0000,-1,-1,-1
182,19,510.85,237.04,78.52,144.26,1.0000,-1,-1,-1
182,28,984.25,304.95,64.55,147.72,1.0000,-1,-1,-1
182,35,238.07,473.29,55.07,145.91,1.0000,-1,-1,-1
182,41,908.24,228.98,100.24,129.44,1.0000,-1,-1,-1
182,43,897.31,521.48,43.35,63.52,1.0000,-1,-1,-1
182,44,492.32,225.03,40.37,142.56,1.0000,-1,-1,-1
183,19,513.59,236.96,76.07,144.26,1.0000,-1,-1,-1
183,28,984.69,305.27,64.24,147.27,1.0000,-1,-1,-1
183,35,240.35,472.95,57.36,145.85,1.0000,-1,-1,-1
183,41,910.52,229.39,101.54,131.12,1.0000,-1,-1,-1
183,43,892.77,521.38,44.42,63.56,1.0000,-1,-1,-1
183,44,491.16,224.67,42.67,145.32,1.0000,-1,-1,-1
184,19,514.88,236.81,74.30,144.34,1.0000,-1,-1,-1
184,28,985.07,304.93,64.12,147.46,1.0000,-1,-1,-1
184,35,243.52,472.44,57.94,146.14,1.0000,-1,-1,-1
184,41,912.81,229.80,102.83,132.78,1.0000,-1,-1,-1
184,43,889.05,521.55,44.82,64.13,1.0000,-1,-1,-1
184,44,490.24,223.70,45.03,149.03,1.0000,-1,-1,-1
185,19,516.40,236.23,72.21,144.62,1.0000,-1,-1,-1
185,28,985.30,304.77,64.07,146.98,1.0000,-1,-1,-1
185,35,247.50,471.99,57.56,146.65,1.0000,-1,-1,-1
185,41,915.11,230.23,104.10,134.42,1.0000,-1,-1,-1
185,43,885.33,521.72,45.22,64.70,1.0000,-1,-1,-1
185,44,489.16,223.62,45.69,147.82,1.0000,-1,-1,-1
186,19,518.14,235.93,70.21,144.89,1.0000,-1,-1,-1
186,28,985.39,305.23,64.41,146.80,1.0000,-1,-1,-1
186,35,252.54,471.51,56.91,146.27,1.0000,-1,-1,-1
186,43,884.99,520.66,47.32,64.26,1.0000,-1,-1,-1
186,44,488.50,223.48,46.15,146.72,1.0000,-1,-1,-1
187,19,515.63,235.44,70.87,145.18,1.0000,-1,-1,-1
187,28,988.73,304.07,62.69,144.37,1.0000,-1,-1,-1
187,35,257.12,470.81,56.62,145.74,1.0000,-1,-1,-1
187,43,881.21,520.48,48.64,64.01,1.0000,-1,-1,-1
187,44,487.85,223.16,46.59,145.25,1.0000,-1,-1,-1
188,19,514.05,235.13,71.74,145.44,1.0000,-1,-1,-1
188,28,987.47,304.61,63.54,145.22,1.0000,-1,-1,-1
188,35,261.13,471.13,58.18,146.47,1.0000,-1,-1,-1
188,43,878.36,519.94,49.79,64.17,1.0000,-1,-1,-1
188,44,487.47,222.69,46.45,143.42,1.0000,-1,-1,-1
189,19,513.23,234.98,72.39,145.61,1.0000,-1,-1,-1
189,28,987.12,304.57,64.54,146.37,1.0000,-1,-1,-1
189,35,263.34,471.08,59.63,147.41,1.0000,-1,-1,-1
189,43,876.35,520.06,50.66,64.31,1.0000,-1,-1,-1
189,44,487.17,224.28,46.07,141.60,1.0000,-1,-1,-1
190,19,510.56,235.54,74.41,144.93,1.0000,-1,-1,-1
190,28,986.44,304.52,64.71,146.44,1.0000,-1,-1,-1
190,35,264.89,469.46,61.63,149.63,1.0000,-1,-1,-1
190,43,874.84,520.08,51.47,64.45,1.0000,-1,-1,-1
190,44,487.24,225.52,45.47,139.57,1.0000,-1,-1,-1
191,19,510.42,235.71,75.05,144.36,1.0000,-1,-1,-1
191,28,985.95,284.45,66.56,158.62,1.0000,-1,-1,-1
191,35,265.77,468.13,63.10,150.89,1.0000,-1,-1,-1
191,43,874.01,519.88,52.62,64.77,1.0000,-1,-1,-1
191,44,487.25,226.89,44.86,138.21,1.0000,-1,-1,-1
192,19,509.62,235.59,76.08,144.21,1.0000,-1,-1,-1
192,28,982.87,266.78,70.62,173.24,1.0000,-1,-1,-1
192,35,266.10,466.97,63.53,151.47,1.0000,-1,-1,-1
192,43,871.50,519.48,54.07,65.26,1.0000,-1,-1,-1
192,44,486.94,228.00,44.44,137.34,1.0000,-1,-1,-1
192,45,847.36,308.84,83.95,125.98,1.0000,-1,-1,-1
193,19,509.54,235.29,76.47,144.11,1.0000,-1,-1,-1
193,28,983.21,258.01,72.09,183.11,1.0000,-1,-1,-1
193,35,266.86,465.64,65.05,152.07,1.0000,-1,-1,-1
193,43,870.28,519.21,55.06,65.52,1.0000,-1,-1,-1
193,44,486.83,228.50,44.04,137.28,1.0000,-1,-1,-1
193,45,850.51,307.06,90.61,127.25,1.0000,-1,-1,-1
194,19,509.73,234.95,76.46,144.06,1.0000,-1,-1,-1
194,28,982.98,252.07,72.91,190.96,1.0000,-1,-1,-1
194,35,267.07,463.50,64.63,151.31,1.0000,-1,-1,-1
194,43,869.76,519.08,55.89,65.64,1.0000,-1,-1,-1
194,44,486.89,228.35,43.79,137.57,1.0000,-1,-1,-1
194,45,854.15,306.62,92.28,126.20,1.0000,-1,-1,-1
195,19,512.91,234.52,74.48,144.54,1.0000,-1,-1,-1
195,28,982.79,247.59,73.47,197.29,1.0000,-1,-1,-1
195,35,268.21,462.25,64.06,149.84,1.0000,-1,-1,-1
195,43,869.88,518.98,56.48,65.72,1.0000,-1,-1,-1
195,44,487.10,228.23,43.60,137.59,1.0000,-1,-1,-1
195,45,859.48,305.88,91.28,125.12,1.0000,-1,-1,-1
196,19,512.88,233.99,73.98,145.08,1.0000,-1,-1,-1
196,28,982.68,245.26,73.63,201.39,1.0000,-1,-1,-1
196,35,270.46,461.53,62.99,146.95,1.0000,-1,-1,-1
196,43,869.79,518.80,56.86,65.85,1.0000,-1,-1,-1
196,44,486.97,227.78,43.71,137.27,1.0000,-1,-1,-1
196,45,866.78,305.57,86.97,123.90,1.0000,-1,-1,-1
197,19,512.40,233.40,73.82,145.67,1.0000,-1,-1,-1
197,28,983.79,272.81,73.42,186.09,1.0000,-1,-1,-1
197,35,275.03,465.03,60.45,147.12,1.0000,-1,-1,-1
197,43,870.06,518.78,57.12,65.91,1.0000,-1,-1,-1
197,44,487.12,227.60,43.51,136.73,1.0000,-1,-1,-1
197,45,871.11,304.29,88.08,125.48,1.0000,-1,-1,-1
198,19,510.11,232.45,74.84,146.54,1.0000,-1,-1,-1
198,28,989.06,282.53,70.65,174.40,1.0000,-1,-1,-1
198,35,279.18,465.33,58.68,147.71,1.0000,-1,-1,-1
198,43,870.87,518.85,57.07,65.74,1.0000,-1,-1,-1
198,44,487.53,227.84,42.97,135.88,1.0000,-1,-1,-1
198,45,875.45,303.02,89.17,127.03,1.0000,-1,-1,-1
199,19,507.98,231.84,76.23,147.24,1.0000,-1,-1,-1
199,28,993.44,289.53,68.14,165.24,1.0000,-1,-1,-1
199,35,281.72,466.24,58.69,147.74,1.0000,-1,-1,-1
199,43,871.58,518.57,56.88,65.77,1.0000,-1,-1,-1
199,44,488.07,227.31,42.82,135.27,1.0000,-1,-1,-1
199,45,879.80,301.76,90.25,128.57,1.0000,-1,-1,-1
199,48,382.59,364.10,42.54,170.52,1.0000,-1,-1,-1
200,19,505.43,231.35,78.21,147.77,1.0000,-1,-1,-1
200,28,996.02,293.77,66.34,158.99,1.0000,-1,-1,-1
200,35,282.62,466.23,59.42,147.72,1.0000,-1,-1,-1
200,43,872.04,518.49,56.80,65.87,1.0000,-1,-1,-1
200,44,488.64,226.41,42.63,134.95,1.0000,-1,-1,-1
200,45,884.16,300.51,91.32,130.09,1.0000,-1,-1,-1
200,48,382.12,363.96,43.09,170.46,1.0000,-1,-1,-1
200,49,412.84,397.25,76.71,146.12,1.0000,-1,-1,-1
201,19,504.47,231.01,79.43,148.12,1.0000,-1,-1,-1
201,28,996.83,294.37,66.33,158.96,1.0000,-1,-1,-1
201,35,282.85,465.64,61.08,147.94,1.0000,-1,-1,-1
201,43,873.28,518.38,56.79,65.88,1.0000,-1,-1,-1
201,44,488.84,226.71,42.23,134.25,1.0000,-1,-1,-1
201,45,888.52,299.27,92.38,131.59,1.0000,-1,-1,-1
201,48,381.70,364.27,43.80,170.68,1.0000,-1,-1,-1
201,49,410.34,398.46,83.37,152.04,1.0000,-1,-1,-1
202,19,502.43,229.17,81.14,148.97,1.0000,-1,-1,-1
202,28,997.63,294.96,66.32,158.93,1.0000,-1,-1,-1
202,35,283.04,464.57,64.27,149.14,1.0000,-1,-1,-1
202,43,877.07,518.01,56.75,65.99,1.0000,-1,-1,-1
202,44,489.99,226.75,41.10,131.28,1.0000,-1,-1,-1
202,48,380.72,364.61,44.39,169.81,1.0000,-1,-1,-1
202,49,412.76,400.57,84.18,152.50,1.0000,-1,-1,-1
203,19,501.69,227.59,82.23,149.88,1.0000,-1,-1,-1
203,28,998.43,295.55,66.31,158.90,1.0000,-1,-1,-1
203,35,283.52,463.57,67.61,150.68,1.0000,-1,-1,-1
203,43,879.98,517.65,56.95,66.21,1.0000,-1,-1,-1
203,44,491.05,227.20,39.94,128.79,1.0000,-1,-1,-1
203,48,380.24,364.70,45.23,169.69,1.0000,-1,-1,-1
203,49,413.28,401.89,84.07,151.44,1.0000,-1,-1,-1
204,19,501.12,225.60,82.93,151.17,1.0000,-1,-1,-1
204,28,999.24,296.14,66.29,158.87,1.0000,-1,-1,-1
204,35,284.06,462.37,71.25,151.26,1.0000,-1,-1,-1
204,43,882.88,517.74,57.26,66.26,1.0000,-1,-1,-1
204,44,492.07,226.27,39.05,126.53,1.0000,-1,-1,-1
204,48,380.15,365.02,45.27,169.35,1.0000,-1,-1,-1
204,49,413.94,402.03,83.88,150.98,1.0000,-1,-1,-1
204,50,743.78,145.06,76.03,121.66,1.0000,-1,-1,-1
205,19,500.50,223.80,83.53,152.62,1.0000,-1,-1,-1
205,28,1000.04,296.73,66.28,158.84,1.0000,-1,-1,-1
205,35,286.12,462.02,71.25,151.26,1.0000,-1,-1,-1
205,43,885.89,517.40,58.56,66.60,1.0000,-1,-1,-1
205,44,492.72,225.49,38.37,124.97,1.0000,-1,-1,-1
205,48,380.41,365.02,44.76,169.00,1.0000,-1,-1,-1
205,49,416.63,401.81,81.82,149.77,1.0000,-1,-1,-1
205,50,743.38,143.35,77.05,123.30,1.0000,-1,-1,-1
206,19,500.16,222.43,83.71,153.69,1.0000,-1,-1,-1
206,35,288.19,461.66,71.25,151.26,1.0000,-1,-1,-1
206,43,888.72,517.48,60.09,66.69,1.0000,-1,-1,-1
206,44,493.10,225.45,37.85,124.11,1.0000,-1,-1,-1
206,48,380.16,364.71,44.94,169.65,1.0000,-1,-1,-1
206,49,418.90,401.45,79.11,148.51,1.0000,-1,-1,-1
206,50,742.99,141.65,78.06,124.91,1.0000,-1,-1,-1
207,19,498.73,221.81,83.17,153.45,1.0000,-1,-1,-1
207,35,290.25,461.30,71.25,151.26,1.0000,-1,-1,-1
207,43,894.82,517.24,62.54,66.57,1.0000,-1,-1,-1
207,44,492.91,225.24,37.84,122.91,1.0000,-1,-1,-1
207,48,379.90,364.40,45.11,170.29,1.0000,-1,-1,-1
207,49,421.35,400.75,78.32,146.56,1.0000,-1,-1,-1
207,50,742.61,139.96,79.06,126.51,1.0000,-1,-1,-1
208,19,498.97,222.77,82.86,152.10,1.0000,-1,-1,-1
208,35,292.32,460.95,71.25,151.26,1.0000,-1,-1,-1
208,43,902.89,516.85,70.80,66.61,1.0000,-1,-1,-1
208,44,492.81,225.33,38.26,121.85,1.0000,-1,-1,-1
208,48,379.65,364.09,45.28,170.93,1.0000,-1,-1,-1
208,49,422.34,400.77,79.02,144.73,1.0000,-1,-1,-1
208,50,742.24,138.28,80.04,128.08,1.0000,-1,-1,-1
209,19,499.49,224.05,83.35,150.66,1.0000,-1,-1,-1
209,35,294.38,460.59,71.25,151.26,1.0000,-1,-1,-1
209,43,901.66,515.86,70.82,67.42,1.0000,-1,-1,-1
209,44,492.68,225.04,38.56,121.56,1.0000,-1,-1,-1
209,48,379.40,363.78,45.44,171.57,1.0000,-1,-1,-1
209,49,424.47,400.60,80.16,143.40,1.0000,-1,-1,-1
209,50,741.87,136.60,81.01,129.64,1.0000,-1,-1,-1
210,19,500.17,224.53,84.44,149.45,1.0000,-1,-1,-1
210,43,901.41,515.06,69.94,68.03,1.0000,-1,-1,-1
210,44,492.78,224.42,38.57,121.61,1.0000,-1,-1,-1
210,48,379.15,363.47,45.61,172.21,1.0000,-1,-1,-1
210,49,425.54,401.22,82.61,141.93,1.0000,-1,-1,-1
211,19,499.73,225.12,85.30,147.93,1.0000,-1,-1,-1
211,43,902.03,514.36,68.54,68.92,1.0000,-1,-1,-1
211,44,492.88,223.80,38.59,121.65,1.0000,-1,-1,-1
211,49,425.79,401.08,85.45,140.23,1.0000,-1,-1,-1
211,52,903.43,514.17,109.65,70.02,1.0000,-1,-1,-1
212,19,499.54,224.65,85.44,148.17,1.0000,-1,-1,-1
212,43,903.49,513.93,69.02,69.40,1.0000,-1,-1,-1
212,44,491.09,218.77,40.42,125.32,1.0000,-1,-1,-1
212,49,428.17,400.28,86.10,138.86,1.0000,-1,-1,-1
212,52,905.99,511.75,114.86,72.01,1.0000,-1,-1,-1
213,19,499.34,224.18,85.58,148.41,1.0000,-1,-1,-1
213,43,905.02,512.31,68.93,70.37,1.0000,-1,-1,-1
213,44,488.99,221.15,42.50,132.57,1.0000,-1,-1,-1
213,49,432.73,398.70,84.01,137.14,1.0000,-1,-1,-1
213,52,906.39,510.76,117.00,72.84,1.0000,-1,-1,-1
214,19,499.14,223.72,85.71,148.65,1.0000,-1,-1,-1
214,43,906.47,511.80,69.40,70.84,1.0000,-1,-1,-1
214,44,488.02,219.39,44.30,138.33,1.0000,-1,-1,-1
214,49,437.78,398.32,80.88,135.30,1.0000,-1,-1,-1
214,52,906.17,509.85,119.35,73.87,1.0000,-1,-1,-1
215,19,504.61,225.44,81.87,145.43,1.0000,-1,-1,-1
215,43,907.92,511.30,69.86,71.32,1.0000,-1,-1,-1
215,44,487.11,216.58,45.04,139.95,1.0000,-1,-1,-1
215,49,437.94,398.79,79.93,134.18,1.0000,-1,-1,-1
215,52,905.49,508.76,120.90,74.91,1.0000,-1,-1,-1
216,19,506.16,225.78,79.79,143.44,1.0000,-1,-1,-1
216,43,909.37,510.79,70.32,71.79,1.0000,-1,-1,-1
216,44,485.95,213.02,45.10,139.59,1.0000,-1,-1,-1
216,49,442.28,399.06,77.74,132.18,1.0000,-1,-1,-1
216,52,904.47,507.75,121.88,75.75,1.0000,-1,-1,-1
217,19,504.26,222.98,79.56,142.33,1.0000,-1,-1,-1
217,43,910.82,510.29,70.77,72.25,1.0000,-1,-1,-1
217,44,484.30,209.52,44.69,136.77,1.0000,-1,-1,-1
217,49,450.00,399.82,77.92,130.18,1.0000,-1,-1,-1
217,52,903.98,506.02,123.26,77.46,1.0000,-1,-1,-1
218,19,503.25,220.94,79.20,142.07,1.0000,-1,-1,-1
218,43,912.28,509.79,71.23,72.71,1.0000,-1,-1,-1
218,44,482.40,209.90,44.49,132.02,1.0000,-1,-1,-1
218,49,455.18,400.92,80.86,128.56,1.0000,-1,-1,-1
218,52,903.36,504.54,123.73,78.76,1.0000,-1,-1,-1
218,54,881.74,236.33,68.05,107.93,1.0000,-1,-1,-1
219,19,502.92,221.03,78.59,142.40,1.0000,-1,-1,-1
219,44,481.92,205.87,44.77,132.41,1.0000,-1,-1,-1
219,49,457.45,400.70,85.00,128.77,1.0000,-1,-1,-1
219,52,903.14,503.24,123.65,79.79,1.0000,-1,-1,-1
219,54,880.52,234.66,70.83,111.92,1.0000,-1,-1,-1
220,19,502.15,220.02,78.01,142.20,1.0000,-1,-1,-1
220,44,481.34,206.77,45.08,131.58,1.0000,-1,-1,-1
220,49,457.08,400.47,88.32,128.86,1.0000,-1,-1,-1
220,52,902.94,501.94,123.74,80.85,1.0000,-1,-1,-1
220,54,876.03,234.43,73.37,114.28,1.0000,-1,-1,-1
221,19,501.82,219.93,77.17,141.16,1.0000,-1,-1,-1
221,44,480.84,206.24,45.29,131.05,1.0000,-1,-1,-1
221,49,456.06,400.03,90.16,128.48,1.0000,-1,-1,-1
221,52,902.47,500.54,123.24,82.00,1.0000,-1,-1,-1
221,54,874.34,234.89,73.88,115.07,1.0000,-1,-1,-1
222,19,501.14,218.77,76.27,139.46,1.0000,-1,-1,-1
222,44,478.17,199.24,45.59,135.45,1.0000,-1,-1,-1
222,49,463.97,399.26,85.76,127.60,1.0000,-1,-1,-1
222,52,900.49,497.72,120.39,83.94,1.0000,-1,-1,-1
222,54,872.85,240.94,82.43,116.76,1.0000,-1,-1,-1
223,19,499.74,217.31,76.14,138.43,1.0000,-1,-1,-1
223,44,477.44,197.58,45.73,135.87,1.0000,-1,-1,-1
223,49,471.66,399.38,81.37,126.88,1.0000,-1,-1,-1
223,52,898.89,495.31,115.50,85.16,1.0000,-1,-1,-1
223,54,872.86,241.39,91.93,118.23,1.0000,-1,-1,-1
224,19,495.31,213.38,76.50,140.12,1.0000,-1,-1,-1
224,44,476.71,195.91,45.87,136.29,1.0000,-1,-1,-1
224,49,478.06,399.74,77.22,126.02,1.0000,-1,-1,-1
224,52,897.32,492.91,106.00,86.82,1.0000,-1,-1,-1
224,54,872.29,242.05,94.01,120.90,1.0000,-1,-1,-1
225,19,494.48,212.22,76.56,140.23,1.0000,-1,-1,-1
225,44,475.98,194.25,46.01,136.71,1.0000,-1,-1,-1
225,49,484.12,400.76,75.26,125.41,1.0000,-1,-1,-1
225,52,900.47,491.04,98.00,88.37,1.0000,-1,-1,-1
225,54,871.74,242.74,96.04,123.52,1.0000,-1,-1,-1
225,57,396.34,439.85,96.65,132.62,1.0000,-1,-1,-1
226,19,484.26,205.05,77.56,144.52,1.0000,-1,-1,-1
226,44,475.25,192.59,46.15,137.12,1.0000,-1,-1,-1
226,49,488.87,400.93,75.81,123.97,1.0000,-1,-1,-1
226,52,904.07,489.35,91.33,90.16,1.0000,-1,-1,-1
226,54,871.22,243.45,98.03,126.08,1.0000,-1,-1,-1
226,57,397.39,436.58,106.97,135.54,1.0000,-1,-1,-1
227,19,482.64,203.53,77.63,144.66,1.0000,-1,-1,-1
227,44,474.52,190.93,46.29,137.53,1.0000,-1,-1,-1
227,49,492.51,400.72,75.67,123.74,1.0000,-1,-1,-1
227,52,909.22,485.88,83.82,92.23,1.0000,-1,-1,-1
227,54,870.71,244.19,99.99,128.59,1.0000,-1,-1,-1
227,57,409.25,434.41,107.79,130.45,1.0000,-1,-1,-1
228,19,481.02,202.01,77.71,144.80,1.0000,-1,-1,-1
228,49,503.65,400.71,80.70,120.49,1.0000,-1,-1,-1
228,52,912.73,483.54,77.56,94.45,1.0000,-1,-1,-1
228,54,870.22,244.96,101.90,131.05,1.0000,-1,-1,-1
228,57,420.88,436.76,101.55,122.16,1.0000,-1,-1,-1
229,19,479.41,200.48,77.79,144.94,1.0000,-1,-1,-1
229,49,479.46,403.43,101.81,133.82,1.0000,-1,-1,-1
229,52,914.71,480.45,72.55,97.02,1.0000,-1,-1,-1
229,57,429.27,433.21,103.38,124.37,1.0000,-1,-1,-1
230,19,477.79,198.96,77.86,145.08,1.0000,-1,-1,-1
230,49,476.93,402.34,109.38,140.42,1.0000,-1,-1,-1
230,52,916.83,478.30,68.47,99.53,1.0000,-1,-1,-1
230,57,437.68,429.69,105.18,126.53,1.0000,-1,-1,-1
231,19,476.17,197.44,77.94,145.22,1.0000,-1,-1,-1
231,49,483.10,402.48,110.01,143.81,1.0000,-1,-1,-1
231,52,918.87,476.64,65.47,101.90,1.0000,-1,-1,-1
231,57,446.10,426.18,106.95,128.66,1.0000,-1,-1,-1
232,49,488.65,398.40,111.13,146.72,1.0000,-1,-1,-1
232,52,922.36,473.95,63.44,105.94,1.0000,-1,-1,-1
232,57,454.54,422.68,108.69,130.75,1.0000,-1,-1,-1
232,59,412.57,315.68,45.61,142.83,1.0000,-1,-1,-1
233,49,493.84,394.74,114.85,150.05,1.0000,-1,-1,-1
233,52,924.95,477.11,65.94,117.53,1.0000,-1,-1,-1
233,56,366.88,330.52,54.54,164.43,1.0000,-1,-1,-1
233,57,462.99,419.21,110.40,132.81,1.0000,-1,-1,-1
233,59,412.94,314.83,46.02,142.09,1.0000,-1,-1,-1
233,60,804.15,138.39,59.19,114.57,1.0000,-1,-1,-1
234,49,500.39,390.90,118.29,153.11,1.0000,-1,-1,-1
234,52,927.02,475.42,69.11,126.88,1.0000,-1,-1,-1
234,56,365.75,329.02,56.96,164.91,1.0000,-1,-1,-1
234,59,413.16,314.64,46.09,140.66,1.0000,-1,-1,-1
234,60,801.75,135.63,59.55,115.26,1.0000,-1,-1,-1
234,61,944.10,325.48,65.59,113.04,1.0000,-1,-1,-1
235,49,508.24,386.31,121.14,155.05,1.0000,-1,-1,-1
235,52,928.04,471.98,71.80,133.75,1.0000,-1,-1,-1
235,56,365.72,326.95,58.29,164.67,1.0000,-1,-1,-1
235,59,413.12,311.59,46.54,140.18,1.0000,-1,-1,-1
235,60,799.34,132.88,59.91,115.95,1.0000,-1,-1,-1
235,61,942.01,320.86,73.17,120.31,1.0000,-1,-1,-1
236,49,523.57,382.09,119.01,156.25,1.0000,-1,-1,-1
236,52,928.57,468.38,74.08,138.26,1.0000,-1,-1,-1
236,56,365.96,324.26,59.41,164.73,1.0000,-1,-1,-1
236,59,412.99,309.57,47.01,140.12,1.0000,-1,-1,-1
236,60,796.94,130.13,60.26,116.64,1.0000,-1,-1,-1
236,61,940.95,315.22,79.97,127.01,1.0000,-1,-1,-1
237,49,528.61,380.93,119.77,157.26,1.0000,-1,-1,-1
237,52,928.16,463.97,75.50,141.00,1.0000,-1,-1,-1
237,56,365.83,322.08,60.23,165.75,1.0000,-1,-1,-1
237,59,415.53,308.18,47.84,139.55,1.0000,-1,-1,-1
237,60,794.54,127.38,60.61,117.32,1.0000,-1,-1,-1
237,61,941.00,313.50,85.83,130.66,1.0000,-1,-1,-1
238,49,560.64,376.67,110.51,157.37,1.0000,-1,-1,-1
238,52,928.63,460.58,76.71,142.76,1.0000,-1,-1,-1
238,56,365.27,321.14,61.42,165.47,1.0000,-1,-1,-1
238,59,416.90,306.53,49.43,140.87,1.0000,-1,-1,-1
238,60,792.02,111.10,69.42,127.67,1.0000,-1,-1,-1
238,61,944.71,313.95,87.94,129.86,1.0000,-1,-1,-1
238,62,470.73,165.19,50.99,152.44,1.0000,-1,-1,-1
239,49,576.41,374.13,104.80,155.40,1.0000,-1,-1,-1
239,52,932.65,457.46,75.51,143.90,1.0000,-1,-1,-1
239,56,364.81,319.01,61.70,166.22,1.0000,-1,-1,-1
239,59,416.93,305.42,51.08,142.71,1.0000,-1,-1,-1
239,60,791.34,116.64,70.15,121.27,1.0000,-1,-1,-1
239,61,951.46,314.07,88.75,127.40,1.0000,-1,-1,-1
239,62,470.25,162.64,50.86,151.98,1.0000,-1,-1,-1
240,49,587.41,383.68,98.39,149.82,1.0000,-1,-1,-1
240,52,937.81,454.10,73.43,144.35,1.0000,-1,-1,-1
240,56,364.35,316.89,61.98,166.96,1.0000,-1,-1,-1
240,59,415.83,304.68,52.72,143.84,1.0000,-1,-1,-1
240,60,789.42,112.99,71.09,122.88,1.0000,-1,-1,-1
240,61,958.20,314.05,88.12,124.70,1.0000,-1,-1,-1
240,62,469.71,159.92,51.15,152.84,1.0000,-1,-1,-1
241,49,595.05,382.91,98.77,150.40,1.0000,-1,-1,-1
241,52,943.31,450.16,70.23,145.01,1.0000,-1,-1,-1
241,56,363.89,314.77,62.25,167.71,1.0000,-1,-1,-1
241,59,414.15,304.18,53.90,144.95,1.0000,-1,-1,-1
241,60,787.51,109.34,72.01,124.47,1.0000,-1,-1,-1
241,61,964.67,313.86,86.44,122.10,1.0000,-1,-1,-1
241,62,471.73,158.74,47.60,140.84,1.0000,-1,-1,-1
241,63,884.13,280.01,68.43,133.38,1.0000,-1,-1,-1
242,49,602.69,382.15,99.14,150.97,1.0000,-1,-1,-1
242,52,952.49,446.18,65.52,145.96,1.0000,-1,-1,-1
242,56,365.75,314.38,56.40,160.87,1.0000,-1,-1,-1
242,59,413.57,304.60,52.56,143.31,1.0000,-1,-1,-1
242,60,785.61,105.71,72.91,126.04,1.0000,-1,-1,-1
242,61,968.14,312.18,87.82,124.05,1.0000,-1,-1,-1
242,62,477.45,158.89,40.45,126.33,1.0000,-1,-1,-1
242,63,878.34,280.51,72.88,138.65,1.0000,-1,-1,-1
243,49,610.33,381.39,99.52,151.53,1.0000,-1,-1,-1
243,52,959.59,444.06,60.82,146.92,1.0000,-1,-1,-1
243,56,367.37,315.27,53.19,158.63,1.0000,-1,-1,-1
243,59,413.77,304.01,50.93,141.53,1.0000,-1,-1,-1
243,60,783.71,102.09,73.81,127.59,1.0000,-1,-1,-1
243,61,971.62,310.52,89.17,125.96,1.0000,-1,-1,-1
243,62,478.77,157.72,38.40,119.93,1.0000,-1,-1,-1
243,63,873.88,281.69,70.84,136.70,1.0000,-1,-1,-1
244,49,617.97,380.63,99.89,152.10,1.0000,-1,-1,-1
244,52,966.11,442.08,56.99,148.15,1.0000,-1,-1,-1
244,56,367.65,314.85,51.35,156.82,1.0000,-1,-1,-1
244,59,413.97,303.69,49.48,139.36,1.0000,-1,-1,-1
244,60,781.82,98.47,74.70,129.12,1.0000,-1,-1,-1
244,61,978.13,315.47,78.26,117.23,1.0000,-1,-1,-1
244,62,480.15,156.73,36.24,113.17,1.0000,-1,-1,-1
244,63,871.68,284.03,70.76,133.54,1.0000,-1,-1,-1
245,49,645.10,404.28,88.58,150.04,1.0000,-1,-1,-1
245,52,969.21,441.71,57.09,151.08,1.0000,-1,-1,-1
245,56,367.51,314.01,50.20,155.96,1.0000,-1,-1,-1
245,59,413.28,303.21,48.98,137.65,1.0000,-1,-1,-1
245,61,982.39,318.09,73.72,118.21,1.0000,-1,-1,-1
245,62,481.59,155.96,33.93,105.97,1.0000,-1,-1,-1
245,63,870.78,283.98,70.02,131.54,1.0000,-1,-1,-1
246,49,653.86,405.39,88.80,150.40,1.0000,-1,-1,-1
246,52,975.39,441.70,57.72,152.84,1.0000,-1,-1,-1
246,56,367.89,312.68,48.90,155.78,1.0000,-1,-1,-1
246,59,411.93,302.52,48.27,134.67,1.0000,-1,-1,-1
246,61,986.33,318.95,70.25,120.70,1.0000,-1,-1,-1
246,62,483.12,155.45,31.46,98.26,1.0000,-1,-1,-1
246,63,868.98,281.28,69.29,130.50,1.0000,-1,-1,-1
247,49,678.59,414.87,73.78,145.77,1.0000,-1,-1,-1
247,52,980.42,442.55,63.08,154.26,1.0000,-1,-1,-1
247,56,365.50,311.10,49.64,155.54,1.0000,-1,-1,-1
247,59,410.59,303.88,47.62,133.99,1.0000,-1,-1,-1
247,61,991.58,318.70,67.45,124.53,1.0000,-1,-1,-1
247,62,484.76,155.27,28.78,89.88,1.0000,-1,-1,-1
247,63,866.46,279.75,66.95,127.99,1.0000,-1,-1,-1
248,49,692.53,420.58,66.30,140.38,1.0000,-1,-1,-1
248,52,982.63,443.36,68.49,155.46,1.0000,-1,-1,-1
248,56,365.04,309.70,49.47,155.02,1.0000,-1,-1,-1
248,59,409.09,302.26,47.37,135.43,1.0000,-1,-1,-1
248,61,995.77,318.08,64.61,127.54,1.0000,-1,-1,-1
248,63,864.45,279.35,65.63,127.03,1.0000,-1,-1,-1
249,49,706.49,424.17,62.91,135.61,1.0000,-1,-1,-1
249,52,982.89,443.15,73.96,156.13,1.0000,-1,-1,-1
249,56,358.33,307.36,49.91,154.47,1.0000,-1,-1,-1
249,59,407.19,303.41,48.33,138.34,1.0000,-1,-1,-1
249,61,1000.58,317.20,62.47,129.21,1.0000,-1,-1,-1
249,63,864.27,279.63,63.39,127.35,1.0000,-1,-1,-1
249,64,624.36,398.96,62.65,111.76,1.0000,-1,-1,-1
250,49,715.27,425.03,62.69,132.36,1.0000,-1,-1,-1
250,52,981.58,442.16,80.41,156.74,1.0000,-1,-1,-1
250,56,355.38,305.40,49.97,153.56,1.0000,-1,-1,-1
250,59,404.48,301.69,49.78,140.39,1.0000,-1,-1,-1
250,61,1004.31,317.74,60.14,131.08,1.0000,-1,-1,-1
250,63,865.92,280.14,60.78,127.23,1.0000,-1,-1,-1
250,64,631.47,399.21,62.19,114.42,1.0000,-1,-1,-1
250,69,754.29,86.91,46.58,123.97,1.0000,-1,-1,-1
251,49,721.30,424.92,65.51,129.38,1.0000,-1,-1,-1
251,52,980.19,441.30,85.55,156.85,1.0000,-1,-1,-1
251,56,354.22,303.82,49.82,153.09,1.0000,-1,-1,-1
251,59,399.94,299.28,52.31,141.86,1.0000,-1,-1,-1
251,61,1008.58,318.49,58.12,131.67,1.0000,-1,-1,-1
251,63,867.78,280.79,59.04,127.25,1.0000,-1,-1,-1
251,64,638.71,400.31,60.49,118.40,1.0000,-1,-1,-1
251,69,750.96,88.24,44.74,119.35,1.0000,-1,-1,-1
252,49,730.62,423.61,78.69,128.89,1.0000,-1,-1,-1
252,52,982.54,438.82,87.20,156.89,1.0000,-1,-1,-1
252,56,352.06,301.98,49.42,152.38,1.0000,-1,-1,-1
252,59,397.43,296.74,53.63,143.32,1.0000,-1,-1,-1
252,61,1015.35,318.59,55.27,130.52,1.0000,-1,-1,-1
252,63,869.20,282.48,59.28,126.96,1.0000,-1,-1,-1
252,64,647.98,398.81,60.81,124.92,1.0000,-1,-1,-1
252,69,747.01,87.36,44.75,119.37,1.0000,-1,-1,-1
252,71,819.65,171.11,46.61,124.70,1.0000,-1,-1,-1
253,49,735.87,423.20,89.12,129.78,1.0000,-1,-1,-1
253,52,986.33,437.44,86.14,156.63,1.0000,-1,-1,-1
253,56,350.82,300.10,49.77,151.75,1.0000,-1,-1,-1
253,59,397.40,295.66,53.60,144.37,1.0000,-1,-1,-1
253,61,1020.56,318.65,53.11,129.94,1.0000,-1,-1,-1
253,63,869.14,285.11,61.38,126.95,1.0000,-1,-1,-1
253,64,653.27,397.61,62.06,129.48,1.0000,-1,-1,-1
253,69,743.07,86.47,44.76,119.39,1.0000,-1,-1,-1
253,71,810.15,164.41,48.94,130.92,1.0000,-1,-1,-1
254,49,739.27,423.01,95.75,131.79,1.0000,-1,-1,-1
254,52,990.83,435.05,82.72,156.51,1.0000,-1,-1,-1
254,56,346.46,298.36,52.58,152.99,1.0000,-1,-1,-1
254,59,395.61,294.88,54.49,145.04,1.0000,-1,-1,-1
254,61,1024.06,319.00,51.60,128.59,1.0000,-1,-1,-1
254,63,868.52,286.58,63.90,127.39,1.0000,-1,-1,-1
254,64,655.39,397.67,66.09,132.45,1.0000,-1,-1,-1
254,69,739.12,85.59,44.77,119.42,1.0000,-1,-1,-1
254,70,847.76,117.83,92.49,141.83,1.0000,-1,-1,-1
254,71,803.14,172.11,44.93,120.18,1.0000,-1,-1,-1
255,49,743.18,422.79,99.84,133.86,1.0000,-1,-1,-1
255,52,997.85,434.14,77.15,156.10,1.0000,-1,-1,-1
255,56,341.89,298.37,53.26,153.50,1.0000,-1,-1,-1
255,59,393.91,294.51,54.81,145.22,1.0000,-1,-1,-1
255,61,1026.73,320.10,51.82,130.03,1.0000,-1,-1,-1
255,63,867.22,287.36,63.21,126.98,1.0000,-1,-1,-1
255,64,658.67,394.79,75.32,136.55,1.0000,-1,-1,-1
255,69,724.01,77.58,55.95,123.31,1.0000,-1,-1,-1
255,70,846.03,117.92,91.27,139.11,1.0000,-1,-1,-1
255,71,794.35,169.98,45.37,121.35,1.0000,-1,-1,-1
256,49,748.74,422.06,98.82,134.59,1.0000,-1,-1,-1
256,52,1008.97,432.05,68.06,155.52,1.0000,-1,-1,-1
256,56,338.23,296.44,53.60,154.28,1.0000,-1,-1,-1
256,59,390.68,294.05,55.93,144.14,1.0000,-1,-1,-1
256,61,1029.50,320.60,53.06,133.31,1.0000,-1,-1,-1
256,63,866.49,287.85,62.54,127.07,1.0000,-1,-1,-1
256,64,659.49,392.91,84.95,138.58,1.0000,-1,-1,-1
256,69,718.55,74.62,57.02,125.67,1.0000,-1,-1,-1
256,70,841.82,112.88,93.55,142.59,1.0000,-1,-1,-1
256,71,776.29,168.90,50.01,122.59,1.0000,-1,-1,-1
257,49,763.98,420.39,89.43,134.60,1.0000,-1,-1,-1
257,52,1017.52,430.18,59.29,154.79,1.0000,-1,-1,-1
257,56,336.39,294.92,53.54,154.11,1.0000,-1,-1,-1
257,59,387.10,294.49,56.57,144.12,1.0000,-1,-1,-1
257,61,1033.66,320.95,57.94,138.43,1.0000,-1,-1,-1
257,63,865.65,288.17,63.42,127.56,1.0000,-1,-1,-1
257,64,658.55,391.50,92.84,137.91,1.0000,-1,-1,-1
257,69,713.09,71.67,58.07,127.98,1.0000,-1,-1,-1
257,70,837.63,107.88,95.79,146.00,1.0000,-1,-1,-1
257,71,758.94,164.39,59.33,127.01,1.0000,-1,-1,-1
258,49,777.79,418.65,79.89,134.76,1.0000,-1,-1,-1
258,52,1023.79,428.81,54.69,154.19,1.0000,-1,-1,-1
258,56,330.11,291.55,53.89,156.79,1.0000,-1,-1,-1
258,59,383.96,293.19,56.08,144.95,1.0000,-1,-1,-1
258,61,1035.82,320.64,62.54,143.35,1.0000,-1,-1,-1
258,63,865.90,288.02,64.11,127.55,1.0000,-1,-1,-1
258,64,657.17,387.39,97.98,138.79,1.0000,-1,-1,-1
258,69,707.65,68.75,59.10,130.25,1.0000,-1,-1,-1
258,70,833.46,102.91,97.97,149.32,1.0000,-1,-1,-1
258,71,746.69,163.87,67.56,127.73,1.0000,-1,-1,-1
259,49,789.26,418.08,71.57,135.09,1.0000,-1,-1,-1
259,52,1028.26,428.28,53.28,153.50,1.0000,-1,-1,-1
259,56,326.91,291.75,54.68,156.86,1.0000,-1,-1,-1
259,59,381.13,290.23,55.86,146.21,1.0000,-1,-1,-1
259,61,1035.15,320.27,65.37,147.05,1.0000,-1,-1,-1
259,63,869.02,287.14,63.59,127.40,1.0000,-1,-1,-1
259,64,658.84,384.24,99.78,139.23,1.0000,-1,-1,-1
259,69,702.22,65.84,60.11,132.49,1.0000,-1,-1,-1
259,70,829.32,97.99,100.10,152.58,1.0000,-1,-1,-1
259,71,737.12,166.00,74.60,124.53,1.0000,-1,-1,-1
260,49,797.37,417.21,66.77,136.59,1.0000,-1,-1,-1
260,52,1032.51,426.33,56.20,154.75,1.0000,-1,-1,-1
260,56,325.37,292.93,54.56,156.17,1.0000,-1,-1,-1
260,59,378.51,290.21,55.02,147.43,1.0000,-1,-1,-1
260,61,1034.52,320.32,67.40,149.17,1.0000,-1,-1,-1
260,63,877.26,285.80,60.12,126.85,1.0000,-1,-1,-1
260,64,660.98,383.57,98.39,138.32,1.0000,-1,-1,-1
260,69,703.75,72.89,49.41,115.73,1.0000,-1,-1,-1
260,70,825.21,121.95,71.54,123.54,1.0000,-1,-1,-1
260,71,731.74,164.08,77.45,123.56,1.0000,-1,-1,-1
261,49,805.91,415.53,65.66,139.04,1.0000,-1,-1,-1
261,52,1033.00,423.74,60.62,157.49,1.0000,-1,-1,-1
261,56,324.71,292.74,52.93,155.64,1.0000,-1,-1,-1
261,59,375.67,289.58,55.23,147.92,1.0000,-1,-1,-1
261,61,1033.20,319.70,69.01,150.48,1.0000,-1,-1,-1
261,63,881.23,284.11,58.16,126.84,1.0000,-1,-1,-1
261,64,664.63,380.12,94.45,138.15,1.0000,-1,-1,-1
261,69,701.49,76.02,45.49,111.27,1.0000,-1,-1,-1
261,70,820.63,120.39,71.15,122.88,1.0000,-1,-1,-1
261,71,726.21,162.90,79.61,122.60,1.0000,-1,-1,-1
262,49,815.02,413.37,70.80,142.15,1.0000,-1,-1,-1
262,52,1031.05,424.65,67.29,158.64,1.0000,-1,-1,-1
262,56,321.50,291.03,53.48,156.59,1.0000,-1,-1,-1
262,59,370.46,289.33,53.87,148.66,1.0000,-1,-1,-1
262,61,1035.96,320.28,69.29,151.07,1.0000,-1,-1,-1
262,63,882.17,284.39,58.50,127.45,1.0000,-1,-1,-1
262,64,676.61,376.09,86.28,137.30,1.0000,-1,-1,-1
262,69,696.83,74.75,45.33,110.88,1.0000,-1,-1,-1
262,70,816.06,118.83,70.77,122.21,1.0000,-1,-1,-1
262,71,718.21,163.02,75.50,119.43,1.0000,-1,-1,-1
263,49,819.61,414.35,74.20,143.11,1.0000,-1,-1,-1
263,52,1028.49,426.37,72.55,157.79,1.0000,-1,-1,-1
263,56,319.13,290.52,53.45,156.83,1.0000,-1,-1,-1
263,59,366.53,289.11,53.29,148.40,1.0000,-1,-1,-1
263,61,1026.43,341.84,79.60,190.94,1.0000,-1,-1,-1
263,63,881.88,284.94,60.12,129.30,1.0000,-1,-1,-1
263,64,690.27,372.23,76.34,134.60,1.0000,-1,-1,-1
263,69,692.16,73.49,45.16,110.48,1.0000,-1,-1,-1
263,70,811.49,117.28,70.38,121.54,1.0000,-1,-1,-1
263,71,709.00,160.59,76.95,121.72,1.0000,-1,-1,-1
264,49,821.48,415.75,75.51,144.06,1.0000,-1,-1,-1
264,52,1031.57,425.36,72.78,158.29,1.0000,-1,-1,-1
264,56,317.16,289.66,53.47,157.35,1.0000,-1,-1,-1
264,59,365.93,289.65,51.58,150.52,1.0000,-1,-1,-1
264,61,1022.17,338.46,85.75,216.15,1.0000,-1,-1,-1
264,63,882.42,285.25,59.89,128.81,1.0000,-1,-1,-1
264,64,699.40,375.82,69.19,134.33,1.0000,-1,-1,-1
264,69,687.49,72.23,45.00,110.08,1.0000,-1,-1,-1
264,70,792.17,111.95,67.46,121.13,1.0000,-1,-1,-1
264,71,707.10,164.00,62.76,115.78,1.0000,-1,-1,-1
265,49,823.73,415.03,76.18,145.42,1.0000,-1,-1,-1
265,52,1024.11,424.07,78.10,159.73,1.0000,-1,-1,-1
265,56,315.52,288.13,53.65,157.13,1.0000,-1,-1,-1
265,59,364.77,288.48,50.38,152.20,1.0000,-1,-1,-1
265,61,1023.71,342.29,86.57,218.22,1.0000,-1,-1,-1
265,63,876.64,287.60,62.94,131.49,1.0000,-1,-1,-1
265,64,706.02,375.95,64.25,136.97,1.0000,-1,-1,-1
265,69,682.83,70.97,44.84,109.68,1.0000,-1,-1,-1
265,70,784.51,108.77,67.58,123.54,1.0000,-1,-1,-1
265,71,698.26,162.36,63.34,116.86,1.0000,-1,-1,-1
266,49,823.66,414.47,75.41,145.87,1.0000,-1,-1,-1
266,52,1020.75,425.30,81.47,159.85,1.0000,-1,-1,-1
266,56,315.02,290.34,53.70,157.18,1.0000,-1,-1,-1
266,59,363.79,287.50,49.65,153.68,1.0000,-1,-1,-1
266,61,1034.65,308.64,77.10,196.08,1.0000,-1,-1,-1
266,63,873.54,288.14,64.58,132.83,1.0000,-1,-1,-1
266,64,711.84,374.76,60.60,139.68,1.0000,-1,-1,-1
266,69,678.16,69.71,44.67,109.27,1.0000,-1,-1,-1
266,70,776.88,107.49,68.86,123.84,1.0000,-1,-1,-1
266,71,689.43,160.72,63.92,117.92,1.0000,-1,-1,-1
267,49,821.61,410.18,73.82,147.44,1.0000,-1,-1,-1
267,52,1019.29,425.66,82.97,159.68,1.0000,-1,-1,-1
267,56,313.82,291.76,53.08,157.94,1.0000,-1,-1,-1
267,59,361.71,287.80,48.72,153.41,1.0000,-1,-1,-1
267,61,1036.69,308.48,77.66,197.52,1.0000,-1,-1,-1
267,63,873.37,288.68,64.51,132.69,1.0000,-1,-1,-1
267,64,719.76,374.92,59.00,143.19,1.0000,-1,-1,-1
267,70,767.45,104.80,67.86,123.29,1.0000,-1,-1,-1
267,71,680.60,159.09,64.49,118.98,1.0000,-1,-1,-1
268,49,819.80,404.63,72.64,149.85,1.0000,-1,-1,-1
268,52,1020.39,425.38,81.42,159.63,1.0000,-1,-1,-1
268,56,313.42,292.08,52.58,158.39,1.0000,-1,-1,-1
268,59,360.39,287.76,48.05,151.89,1.0000,-1,-1,-1
268,61,1038.73,308.32,78.22,198.94,1.0000,-1,-1,-1
268,63,873.21,289.21,64.45,132.55,1.0000,-1,-1,-1
268,64,723.95,374.83,57.57,145.12,1.0000,-1,-1,-1
268,70,760.85,102.93,67.53,122.68,1.0000,-1,-1,-1
268,71,671.77,157.47,65.06,120.03,1.0000,-1,-1,-1
269,49,818.13,400.36,72.28,152.50,1.0000,-1,-1,-1
269,52,1025.10,422.66,80.34,160.25,1.0000,-1,-1,-1
269,56,313.11,292.11,52.05,158.35,1.0000,-1,-1,-1
269,59,359.50,287.32,47.33,153.18,1.0000,-1,-1,-1
269,61,1040.78,308.17,78.77,200.35,1.0000,-1,-1,-1
269,63,876.09,291.63,59.54,130.59,1.0000,-1,-1,-1
269,64,727.57,374.84,57.21,145.85,1.0000,-1,-1,-1
269,70,754.25,101.05,67.19,122.06,1.0000,-1,-1,-1
269,71,662.07,159.73,63.60,117.42,1.0000,-1,-1,-1
270,49,816.87,396.43,71.87,154.11,1.0000,-1,-1,-1
270,52,1028.66,420.86,75.63,160.70,1.0000,-1,-1,-1
270,56,313.08,292.12,51.57,158.01,1.0000,-1,-1,-1
270,59,357.51,286.75,47.38,153.22,1.0000,-1,-1,-1
270,61,1042.83,308.02,79.33,201.75,1.0000,-1,-1,-1
270,63,875.51,292.36,57.85,130.08,1.0000,-1,-1,-1
270,64,731.32,375.12,58.06,145.67,1.0000,-1,-1,-1
270,70,747.65,99.18,66.85,121.45,1.0000,-1,-1,-1
270,71,653.15,158.38,64.05,118.26,1.0000,-1,-1,-1
271,49,815.00,393.85,71.46,155.33,1.0000,-1,-1,-1
271,52,1034.37,419.66,74.50,161.02,1.0000,-1,-1,-1
271,56,313.42,292.36,51.07,157.69,1.0000,-1,-1,-1
271,59,355.99,286.08,47.94,153.08,1.0000,-1,-1,-1
271,61,1044.88,307.88,79.87,203.14,1.0000,-1,-1,-1
271,63,875.35,293.14,57.64,129.62,1.0000,-1,-1,-1
271,64,734.35,374.38,59.67,145.01,1.0000,-1,-1,-1
271,70,741.05,97.31,66.50,120.83,1.0000,-1,-1,-1
271,71,644.22,157.04,64.50,119.09,1.0000,-1,-1,-1
272,49,813.68,392.02,70.98,156.09,1.0000,-1,-1,-1
272,52,1036.43,420.15,70.87,161.18,1.0000,-1,-1,-1
272,56,313.48,292.63,50.65,157.75,1.0000,-1,-1,-1
272,59,354.61,286.15,48.15,152.29,1.0000,-1,-1,-1
272,63,875.20,293.91,57.44,129.16,1.0000,-1,-1,-1
272,64,735.30,373.18,61.16,144.48,1.0000,-1,-1,-1
272,70,734.45,95.44,66.16,120.20,1.0000,-1,-1,-1
272,71,635.30,155.69,64.94,119.91,1.0000,-1,-1,-1
273,49,813.35,390.07,70.95,155.71,1.0000,-1,-1,-1
273,52,1037.38,420.84,70.65,162.28,1.0000,-1,-1,-1
273,56,314.00,293.40,49.46,157.93,1.0000,-1,-1,-1
273,59,353.65,287.02,47.66,150.81,1.0000,-1,-1,-1
273,63,875.04,294.68,57.23,128.69,1.0000,-1,-1,-1
273,64,735.21,370.55,60.87,144.85,1.0000,-1,-1,-1
273,71,626.38,154.35,65.39,120.73,1.0000,-1,-1,-1
274,49,813.11,389.49,71.34,155.24,1.0000,-1,-1,-1
274,52,1036.66,422.16,71.30,163.72,1.0000,-1,-1,-1
274,56,314.38,294.15,48.26,158.15,1.0000,-1,-1,-1
274,59,352.13,287.21,47.49,149.87,1.0000,-1,-1,-1
274,63,885.90,291.80,52.60,130.02,1.0000,-1,-1,-1
274,64,734.97,367.71,60.81,144.01,1.0000,-1,-1,-1
274,71,617.46,153.01,65.83,121.54,1.0000,-1,-1,-1
275,49,812.18,389.82,72.29,155.32,1.0000,-1,-1,-1
275,52,1035.96,423.40,71.63,164.98,1.0000,-1,-1,-1
275,56,314.94,294.66,46.84,158.52,1.0000,-1,-1,-1
275,59,351.11,287.26,47.60,149.44,1.0000,-1,-1,-1
275,63,888.62,291.83,51.67,130.78,1.0000,-1,-1,-1
275,64,734.42,363.80,61.11,143.21,1.0000,-1,-1,-1
276,49,811.45,389.48,73.03,155.35,1.0000,-1,-1,-1
276,52,1035.81,424.53,71.69,166.27,1.0000,-1,-1,-1
276,56,315.41,294.65,45.77,158.15,1.0000,-1,-1,-1
276,59,350.19,287.57,47.58,148.99,1.0000,-1,-1,-1
276,63,891.31,293.17,52.12,130.57,1.0000,-1,-1,-1
276,64,733.97,360.47,61.03,142.97,1.0000,-1,-1,-1
277,49,809.26,387.52,73.65,155.31,1.0000,-1,-1,-1
277,52,1036.45,426.01,71.59,166.97,1.0000,-1,-1,-1
277,56,314.65,296.52,44.53,156.36,1.0000,-1,-1,-1
277,59,349.72,287.78,47.45,148.63,1.0000,-1,-1,-1
277,63,892.24,293.89,51.87,129.94,1.0000,-1,-1,-1
277,64,734.11,359.86,61.57,144.84,1.0000,-1,-1,-1
278,49,807.12,384.76,73.57,154.58,1.0000,-1,-1,-1
278,52,1037.93,427.99,71.89,166.94,1.0000,-1,-1,-1
278,56,313.93,297.42,43.79,155.16,1.0000,-1,-1,-1
278,59,349.18,287.44,47.24,148.32,1.0000,-1,-1,-1
278,63,893.17,294.61,51.62,129.31,1.0000,-1,-1,-1
278,64,733.79,354.06,62.77,145.69,1.0000,-1,-1,-1
279,49,804.14,382.88,72.33,153.77,1.0000,-1,-1,-1
279,52,1038.81,428.51,72.18,167.20,1.0000,-1,-1,-1
279,56,313.31,298.76,43.37,153.82,1.0000,-1,-1,-1
279,59,349.07,287.03,46.86,148.20,1.0000,-1,-1,-1
279,63,894.10,295.34,51.37,128.68,1.0000,-1,-1,-1
279,64,733.01,349.28,63.35,145.69,1.0000,-1,-1,-1
280,49,802.02,382.20,70.13,152.57,1.0000,-1,-1,-1
280,52,1039.82,430.27,71.57,166.47,1.0000,-1,-1,-1
280,56,313.00,299.92,43.03,152.60,1.0000,-1,-1,-1
280,59,348.57,287.14,46.44,147.90,1.0000,-1,-1,-1
280,63,895.03,296.06,51.11,128.04,1.0000,-1,-1,-1
280,64,731.64,346.45,63.60,145.83,1.0000,-1,-1,-1
281,49,800.19,380.29,66.88,152.22,1.0000,-1,-1,-1
281,52,1042.30,431.63,70.14,165.52,1.0000,-1,-1,-1
281,56,314.44,301.42,41.36,151.04,1.0000,-1,-1,-1
281,59,347.92,287.21,46.15,147.56,1.0000,-1,-1,-1
281,63,895.96,296.79,50.86,127.40,1.0000,-1,-1,-1
281,64,730.32,344.37,63.36,144.89,1.0000,-1,-1,-1
281,77,434.64,129.36,39.88,126.76,1.0000,-1,-1,-1
282,49,798.19,379.27,63.06,151.98,1.0000,-1,-1,-1
282,52,1041.67,432.84,70.44,164.43,1.0000,-1,-1,-1
282,56,313.72,301.92,41.20,150.45,1.0000,-1,-1,-1
282,59,348.27,288.18,45.73,146.81,1.0000,-1,-1,-1
282,63,901.12,297.94,47.86,125.61,1.0000,-1,-1,-1
282,64,728.53,343.21,63.76,143.53,1.0000,-1,-1,-1
282,77,436.25,129.84,38.93,125.57,1.0000,-1,-1,-1
283,49,795.96,379.17,59.67,152.11,1.0000,-1,-1,-1
283,52,1043.18,433.58,70.64,163.84,1.0000,-1,-1,-1
283,56,313.00,302.42,41.04,149.86,1.0000,-1,-1,-1
283,59,349.25,289.94,45.06,145.96,1.0000,-1,-1,-1
283,63,902.18,299.00,44.29,124.19,1.0000,-1,-1,-1
283,64,727.16,343.63,64.44,141.91,1.0000,-1,-1,-1
283,77,437.62,130.45,38.57,124.42,1.0000,-1,-1,-1
284,49,794.83,378.87,57.50,152.37,1.0000,-1,-1,-1
284,52,1044.72,434.50,70.38,163.84,1.0000,-1,-1,-1
284,56,312.29,302.92,40.87,149.27,1.0000,-1,-1,-1
284,59,348.26,289.92,45.05,145.93,1.0000,-1,-1,-1
284,63,903.22,299.88,43.94,123.21,1.0000,-1,-1,-1
284,64,726.28,344.66,64.86,140.53,1.0000,-1,-1,-1
284,77,439.31,132.20,37.95,124.78,1.0000,-1,-1,-1
285,49,794.13,378.68,57.01,152.70,1.0000,-1,-1,-1
285,52,1046.33,433.70,69.55,164.74,1.0000,-1,-1,-1
285,56,311.57,303.43,40.71,148.68,1.0000,-1,-1,-1
285,59,347.27,289.90,45.04,145.89,1.0000,-1,-1,-1
285,63,904.27,300.76,43.59,122.23,1.0000,-1,-1,-1
285,64,725.69,345.77,64.58,139.45,1.0000,-1,-1,-1
285,77,441.29,133.09,37.08,124.87,1.0000,-1,-1,-1
285,78,577.41,151.37,61.56,123.29,1.0000,-1,-1,-1
285,79,652.60,96.60,65.16,127.03,1.0000,-1,-1,-1
286,49,793.41,379.00,57.32,152.64,1.0000,-1,-1,-1
286,52,1048.13,433.05,68.55,165.54,1.0000,-1,-1,-1
286,56,310.85,303.93,40.55,148.09,1.0000,-1,-1,-1
286,59,346.29,289.88,45.03,145.86,1.0000,-1,-1,-1
286,63,900.90,304.02,47.49,124.54,1.0000,-1,-1,-1
286,64,724.35,346.35,65.23,138.79,1.0000,-1,-1,-1
286,77,440.49,132.61,38.06,127.74,1.0000,-1,-1,-1
286,78,570.11,154.11,66.55,122.19,1.0000,-1,-1,-1
286,79,648.21,96.84,68.61,127.15,1.0000,-1,-1,-1
287,49,792.11,378.84,57.92,152.92,1.0000,-1,-1,-1
287,52,1049.96,435.72,67.44,164.42,1.0000,-1,-1,-1
287,59,345.30,289.86,45.02,145.83,1.0000,-1,-1,-1
287,63,899.71,304.38,47.78,124.35,1.0000,-1,-1,-1
287,64,723.22,345.79,66.16,138.48,1.0000,-1,-1,-1
287,77,441.56,133.49,37.94,127.35,1.0000,-1,-1,-1
287,78,564.18,155.35,71.29,123.82,1.0000,-1,-1,-1
287,79,646.85,93.74,68.89,128.27,1.0000,-1,-1,-1
288,49,788.04,377.50,59.61,152.88,1.0000,-1,-1,-1
288,52,1053.70,438.59,65.61,163.33,1.0000,-1,-1,-1
288,59,344.31,289.84,45.01,145.80,1.0000,-1,-1,-1
288,63,898.84,305.74,47.81,123.83,1.0000,-1,-1,-1
288,64,719.65,343.46,67.26,138.33,1.0000,-1,-1,-1
288,77,442.62,134.37,37.83,126.96,1.0000,-1,-1,-1
288,78,560.66,159.63,74.76,125.05,1.0000,-1,-1,-1
288,79,640.06,81.37,70.86,136.83,1.0000,-1,-1,-1
289,49,784.56,375.92,60.86,152.29,1.0000,-1,-1,-1
289,52,1056.04,442.45,64.34,161.15,1.0000,-1,-1,-1
289,59,347.55,292.89,45.52,140.60,1.0000,-1,-1,-1
289,63,897.89,306.70,47.16,122.98,1.0000,-1,-1,-1
289,64,717.79,341.66,67.69,137.45,1.0000,-1,-1,-1
289,77,443.69,135.25,37.71,126.57,1.0000,-1,-1,-1
289,78,558.68,160.94,76.50,125.13,1.0000,-1,-1,-1
289,79,632.25,72.53,72.75,143.67,1.0000,-1,-1,-1
289,80,1047.64,336.83,46.31,129.82,1.0000,-1,-1,-1
290,49,781.35,374.50,61.72,151.87,1.0000,-1,-1,-1
290,52,1058.80,444.60,63.42,159.60,1.0000,-1,-1,-1
290,59,347.93,293.88,45.71,138.36,1.0000,-1,-1,-1
290,63,897.08,307.93,47.09,122.52,1.0000,-1,-1,-1
290,64,715.39,339.80,66.37,136.93,1.0000,-1,-1,-1
290,77,444.76,136.14,37.59,126.17,1.0000,-1,-1,-1
290,78,557.86,159.85,77.02,124.59,1.0000,-1,-1,-1
290,79,625.31,68.52,71.79,146.82,1.0000,-1,-1,-1
290,80,1049.53,340.27,43.52,125.92,1.0000,-1,-1,-1
291,49,778.68,373.28,61.26,151.36,1.0000,-1,-1,-1
291,52,1059.40,445.70,63.27,158.43,1.0000,-1,-1,-1
291,59,348.09,294.22,45.47,136.64,1.0000,-1,-1,-1
291,63,896.24,309.01,47.21,122.45,1.0000,-1,-1,-1
291,64,712.75,337.57,64.67,136.73,1.0000,-1,-1,-1
291,77,446.91,143.10,35.85,121.71,1.0000,-1,-1,-1
291,78,557.36,158.80,76.65,124.38,1.0000,-1,-1,-1
291,79,621.11,66.83,68.47,148.32,1.0000,-1,-1,-1
291,80,1049.83,343.78,41.36,119.67,1.0000,-1,-1,-1
292,49,774.93,371.85,59.82,150.37,1.0000,-1,-1,-1
292,52,1059.31,446.26,63.61,157.92,1.0000,-1,-1,-1
292,59,348.19,294.56,45.23,135.53,1.0000,-1,-1,-1
292,63,895.36,309.75,47.52,122.54,1.0000,-1,-1,-1
292,64,711.20,335.74,62.25,136.59,1.0000,-1,-1,-1
292,77,447.51,145.06,35.28,120.60,1.0000,-1,-1,-1
292,78,556.97,155.21,75.78,126.33,1.0000,-1,-1,-1
292,79,618.83,64.79,62.88,147.27,1.0000,-1,-1,-1
292,80,1048.03,333.38,42.49,129.60,1.0000,-1,-1,-1
293,49,773.26,370.78,59.75,150.20,1.0000,-1,-1,-1
293,52,1061.38,446.58,63.47,157.74,1.0000,-1,-1,-1
293,59,349.05,294.68,44.60,134.42,1.0000,-1,-1,-1
293,63,894.35,309.68,48.11,121.07,1.0000,-1,-1,-1
293,64,708.91,333.72,58.18,135.74,1.0000,-1,-1,-1
293,77,447.85,145.72,35.51,120.21,1.0000,-1,-1,-1
293,78,555.87,151.52,71.54,126.53,1.0000,-1,-1,-1
293,79,618.28,64.13,56.83,145.73,1.0000,-1,-1,-1
293,80,1039.29,323.85,47.96,141.41,1.0000,-1,-1,-1
294,49,771.59,369.72,59.68,150.03,1.0000,-1,-1,-1
294,52,1062.86,447.14,63.39,157.40,1.0000,-1,-1,-1
294,59,350.27,294.83,43.77,133.55,1.0000,-1,-1,-1
294,63,893.85,310.95,49.12,121.30,1.0000,-1,-1,-1
294,64,707.48,332.38,55.41,135.06,1.0000,-1,-1,-1
294,77,447.43,145.67,36.29,120.53,1.0000,-1,-1,-1
294,78,556.19,149.53,68.85,127.17,1.0000,-1,-1,-1
294,79,617.07,65.05,52.29,144.69,1.0000,-1,-1,-1
294,80,1035.19,319.48,51.72,147.31,1.0000,-1,-1,-1
294,83,764.37,367.42,46.91,143.67,1.0000,-1,-1,-1
295,49,769.92,368.66,59.61,149.86,1.0000,-1,-1,-1
295,52,1065.19,447.43,62.64,156.66,1.0000,-1,-1,-1
295,59,351.75,294.63,43.18,132.59,1.0000,-1,-1,-1
295,63,893.32,311.67,49.81,121.39,1.0000,-1,-1,-1
295,64,706.82,331.92,53.95,134.05,1.0000,-1,-1,-1
295,77,447.84,146.05,36.73,120.54,1.0000,-1,-1,-1
295,78,557.93,148.27,67.26,127.70,1.0000,-1,-1,-1
295,79,616.37,65.17,49.41,145.18,1.0000,-1,-1,-1
295,80,1034.19,317.28,54.13,150.27,1.0000,-1,-1,-1
295,83,761.90,366.37,48.85,148.18,1.0000,-1,-1,-1
296,49,768.25,367.60,59.55,149.69,1.0000,-1,-1,-1
296,52,1066.40,448.22,62.67,155.88,1.0000,-1,-1,-1
296,59,353.38,294.23,42.59,131.62,1.0000,-1,-1,-1
296,63,892.90,312.44,50.32,121.55,1.0000,-1,-1,-1
296,64,705.91,331.81,54.75,133.27,1.0000,-1,-1,-1
296,77,448.40,146.58,37.01,120.45,1.0000,-1,-1,-1
296,78,558.86,147.80,64.82,128.51,1.0000,-1,-1,-1
296,79,614.31,65.51,49.32,148.02,1.0000,-1,-1,-1
296,80,1033.68,316.90,55.00,150.86,1.0000,-1,-1,-1
296,83,758.45,366.05,51.74,149.77,1.0000,-1,-1,-1
297,49,766.58,366.54,59.48,149.52,1.0000,-1,-1,-1
297,52,1066.63,449.54,63.31,154.98,1.0000,-1,-1,-1
297,59,355.45,295.06,41.79,131.78,1.0000,-1,-1,-1
297,63,891.98,313.18,50.67,122.26,1.0000,-1,-1,-1
297,64,704.45,332.24,57.35,132.66,1.0000,-1,-1,-1
297,77,449.26,147.70,36.86,119.96,1.0000,-1,-1,-1
297,78,559.72,147.44,63.19,129.27,1.0000,-1,-1,-1
297,79,610.36,64.41,49.14,147.46,1.0000,-1,-1,-1
297,80,1030.02,317.04,57.42,151.54,1.0000,-1,-1,-1
297,82,325.41,303.51,42.41,158.99,1.0000,-1,-1,-1
297,83,751.99,363.29,57.83,153.62,1.0000,-1,-1,-1
298,52,1068.98,451.58,63.95,153.61,1.0000,-1,-1,-1
298,59,357.89,298.45,42.30,134.70,1.0000,-1,-1,-1
298,63,890.21,314.76,50.59,121.75,1.0000,-1,-1,-1
298,64,700.35,332.43,59.46,129.04,1.0000,-1,-1,-1
298,77,450.12,148.81,36.71,119.47,1.0000,-1,-1,-1
298,78,560.40,150.51,63.05,127.84,1.0000,-1,-1,-1
298,79,606.42,63.31,48.95,146.91,1.0000,-1,-1,-1
298,80,1028.00,314.84,58.27,153.81,1.0000,-1,-1,-1
298,82,325.58,304.68,42.89,159.69,1.0000,-1,-1,-1
298,83,738.97,361.79,68.21,156.97,1.0000,-1,-1,-1
299,52,1069.45,453.54,65.14,153.30,1.0000,-1,-1,-1
299,59,360.69,299.53,41.71,135.95,1.0000,-1,-1,-1
299,63,888.72,316.39,50.38,121.24,1.0000,-1,-1,-1
299,64,695.92,333.15,61.54,125.85,1.0000,-1,-1,-1
299,77,450.97,149.93,36.56,118.98,1.0000,-1,-1,-1
299,78,560.57,152.89,62.74,125.67,1.0000,-1,-1,-1
299,79,602.47,62.21,48.77,146.35,1.0000,-1,-1,-1
299,80,1025.99,312.67,59.12,156.04,1.0000,-1,-1,-1
299,82,327.54,304.38,41.82,158.64,1.0000,-1,-1,-1
299,83,730.18,362.43,76.79,156.69,1.0000,-1,-1,-1
300,52,1068.28,454.79,67.50,153.07,1.0000,-1,-1,-1
300,59,363.08,300.03,41.58,136.90,1.0000,-1,-1,-1
300,63,887.54,317.17,50.34,121.28,1.0000,-1,-1,-1
300,64,691.22,334.30,64.07,123.26,1.0000,-1,-1,-1
300,77,451.83,151.04,36.41,118.49,1.0000,-1,-1,-1
300,78,560.95,155.72,62.47,122.89,1.0000,-1,-1,-1
300,79,598.53,61.12,48.58,145.79,1.0000,-1,-1,-1
300,80,1023.98,310.51,59.95,158.24,1.0000,-1,-1,-1
300,82,328.81,304.28,40.80,158.24,1.0000,-1,-1,-1
300,83,724.71,362.28,83.41,156.28,1.0000,-1,-1,-1
301,52,1066.70,455.48,70.07,153.10,1.0000,-1,-1,-1
301,59,365.32,299.57,41.46,135.75,1.0000,-1,-1,-1
301,63,886.95,316.63,49.86,121.55,1.0000,-1,-1,-1
301,64,687.08,335.30,66.37,121.46,1.0000,-1,-1,-1
301,77,452.69,152.16,36.26,117.99,1.0000,-1,-1,-1
301,78,562.25,159.44,61.56,119.35,1.0000,-1,-1,-1
301,79,594.58,60.02,48.39,145.23,1.0000,-1,-1,-1
301,80,1021.98,308.36,60.78,160.41,1.0000,-1,-1,-1
301,82,330.43,303.96,39.98,158.61,1.0000,-1,-1,-1
301,83,721.95,363.47,87.50,154.73,1.0000,-1,-1,-1
302,52,1065.94,455.61,72.07,153.43,1.0000,-1,-1,-1
302,59,365.81,298.35,42.91,138.59,1.0000,-1,-1,-1
302,63,887.06,315.58,49.61,122.62,1.0000,-1,-1,-1
302,64,685.32,334.20,66.36,121.45,1.0000,-1,-1,-1
302,78,563.67,159.46,61.73,118.70,1.0000,-1,-1,-1
302,80,1021.93,312.40,56.85,148.77,1.0000,-1,-1,-1
302,82,331.76,302.84,39.89,159.92,1.0000,-1,-1,-1
302,83,720.46,366.45,89.21,152.33,1.0000,-1,-1,-1
303,52,1066.29,456.05,73.66,153.96,1.0000,-1,-1,-1
303,59,368.79,300.03,43.30,136.99,1.0000,-1,-1,-1
303,63,887.26,312.57,48.70,123.78,1.0000,-1,-1,-1
303,64,683.57,333.10,66.36,121.44,1.0000,-1,-1,-1
303,78,565.13,161.34,62.98,119.02,1.0000,-1,-1,-1
303,80,1017.36,311.45,58.25,147.82,1.0000,-1,-1,-1
303,81,447.87,155.62,53.62,148.46,1.0000,-1,-1,-1
303,82,334.84,302.37,39.58,160.60,1.0000,-1,-1,-1
303,83,718.62,367.47,86.68,149.02,1.0000,-1,-1,-1
304,52,1066.68,456.28,74.75,154.41,1.0000,-1,-1,-1
304,59,370.52,300.66,43.60,135.64,1.0000,-1,-1,-1
304,63,886.70,309.82,48.02,124.95,1.0000,-1,-1,-1
304,64,681.21,334.01,65.22,121.56,1.0000,-1,-1,-1
304,78,566.16,160.11,62.85,119.56,1.0000,-1,-1,-1
304,80,1015.11,311.40,58.12,146.97,1.0000,-1,-1,-1
304,81,449.57,154.57,55.23,150.81,1.0000,-1,-1,-1
304,82,336.56,302.36,39.70,161.58,1.0000,-1,-1,-1
304,83,718.03,366.12,82.09,147.28,1.0000,-1,-1,-1
305,52,1068.05,456.71,74.77,154.53,1.0000,-1,-1,-1
305,59,371.37,300.70,44.03,134.44,1.0000,-1,-1,-1
305,63,885.45,307.00,46.72,125.09,1.0000,-1,-1,-1
305,64,680.93,332.85,63.74,122.08,1.0000,-1,-1,-1
305,78,567.65,157.97,63.04,121.86,1.0000,-1,-1,-1
305,80,1013.97,311.15,58.88,148.78,1.0000,-1,-1,-1
305,81,450.05,153.08,56.03,152.75,1.0000,-1,-1,-1
305,82,337.15,302.90,40.64,163.15,1.0000,-1,-1,-1
305,83,717.62,364.47,75.92,146.09,1.0000,-1,-1,-1
306,52,1069.05,457.76,74.55,154.53,1.0000,-1,-1,-1
306,59,371.82,300.76,44.41,133.85,1.0000,-1,-1,-1
306,63,884.93,305.20,45.43,124.74,1.0000,-1,-1,-1
306,64,679.16,331.94,63.72,122.04,1.0000,-1,-1,-1
306,78,568.94,156.58,63.00,124.52,1.0000,-1,-1,-1
306,80,1014.05,310.76,59.21,150.27,1.0000,-1,-1,-1
306,81,450.61,151.97,55.99,153.49,1.0000,-1,-1,-1
306,82,338.38,303.28,41.09,164.18,1.0000,-1,-1,-1
306,83,717.04,364.39,68.87,144.96,1.0000,-1,-1,-1
307,52,1070.16,459.43,74.13,153.97,1.0000,-1,-1,-1
307,59,373.50,301.37,44.49,135.01,1.0000,-1,-1,-1
307,63,884.73,302.86,45.50,123.26,1.0000,-1,-1,-1
307,64,675.27,331.64,62.49,123.89,1.0000,-1,-1,-1
307,78,569.73,155.33,62.47,125.94,1.0000,-1,-1,-1
307,80,1015.43,310.42,59.36,151.37,1.0000,-1,-1,-1
307,81,451.81,153.02,55.42,152.91,1.0000,-1,-1,-1
307,82,339.22,302.54,41.83,165.54,1.0000,-1,-1,-1
307,83,716.41,363.97,61.79,144.52,1.0000,-1,-1,-1
308,52,1071.85,462.25,73.54,153.95,1.0000,-1,-1,-1
308,59,374.84,302.97,45.06,136.24,1.0000,-1,-1,-1
308,63,883.57,300.79,46.61,120.63,1.0000,-1,-1,-1
308,64,674.04,330.56,61.01,125.82,1.0000,-1,-1,-1
308,78,568.77,151.77,60.87,127.43,1.0000,-1,-1,-1
308,80,1014.72,310.28,58.52,151.95,1.0000,-1,-1,-1
308,81,454.34,153.80,55.07,150.96,1.0000,-1,-1,-1
308,82,340.82,302.24,42.36,165.31,1.0000,-1,-1,-1
308,83,714.38,368.74,55.58,142.23,1.0000,-1,-1,-1
309,52,1073.77,463.81,72.68,154.08,1.0000,-1,-1,-1
309,59,376.85,303.72,44.79,137.12,1.0000,-1,-1,-1
309,63,883.05,300.25,46.40,120.09,1.0000,-1,-1,-1
309,64,672.22,329.55,60.71,127.34,1.0000,-1,-1,-1
309,78,567.93,153.58,59.14,126.56,1.0000,-1,-1,-1
309,80,1014.92,309.92,58.28,152.26,1.0000,-1,-1,-1
309,81,457.17,157.01,54.77,148.37,1.0000,-1,-1,-1
309,82,343.32,303.09,42.70,164.61,1.0000,-1,-1,-1
309,83,710.37,371.63,53.60,140.62,1.0000,-1,-1,-1
310,52,1075.64,465.06,71.80,154.23,1.0000,-1,-1,-1
310,59,378.85,304.07,44.47,139.52,1.0000,-1,-1,-1
310,63,881.57,301.60,48.26,118.32,1.0000,-1,-1,-1
310,64,672.01,328.48,60.80,127.98,1.0000,-1,-1,-1
310,78,566.83,157.49,56.70,124.06,1.0000,-1,-1,-1
310,80,1015.88,309.91,57.58,152.44,1.0000,-1,-1,-1
310,81,459.56,159.86,54.64,147.17,1.0000,-1,-1,-1
310,82,344.97,303.98,43.06,163.11,1.0000,-1,-1,-1
310,83,704.51,373.60,55.41,140.60,1.0000,-1,-1,-1
311,52,1076.69,467.12,71.04,153.87,1.0000,-1,-1,-1
311,59,380.26,304.51,44.36,141.80,1.0000,-1,-1,-1
311,63,880.19,302.78,49.34,117.94,1.0000,-1,-1,-1
311,64,671.59,328.76,59.98,129.20,1.0000,-1,-1,-1
311,78,566.48,157.89,56.60,123.84,1.0000,-1,-1,-1
311,80,1016.18,310.06,56.25,152.74,1.0000,-1,-1,-1
311,81,460.16,161.44,54.46,146.34,1.0000,-1,-1,-1
311,82,346.23,304.67,44.05,162.45,1.0000,-1,-1,-1
311,83,698.10,372.27,59.26,142.55,1.0000,-1,-1,-1
312,52,1077.74,469.53,70.60,153.49,1.0000,-1,-1,-1
312,59,381.66,304.13,43.81,143.09,1.0000,-1,-1,-1
312,63,879.21,304.74,50.39,117.78,1.0000,-1,-1,-1
312,64,671.19,329.61,58.52,130.18,1.0000,-1,-1,-1
312,78,566.14,158.28,56.50,123.63,1.0000,-1,-1,-1
312,80,1018.24,307.20,55.10,151.91,1.0000,-1,-1,-1
312,81,462.37,161.45,54.87,147.43,1.0000,-1,-1,-1
312,82,347.70,306.03,44.98,162.18,1.0000,-1,-1,-1
312,83,692.94,372.56,64.51,143.35,1.0000,-1,-1,-1
313,52,1079.57,471.71,70.49,153.08,1.0000,-1,-1,-1
313,59,383.22,305.38,43.00,143.12,1.0000,-1,-1,-1
313,63,877.28,308.31,51.06,116.93,1.0000,-1,-1,-1
313,64,669.51,329.27,58.49,130.11,1.0000,-1,-1,-1
313,78,560.51,162.06,51.85,121.43,1.0000,-1,-1,-1
313,80,1020.84,306.16,54.26,149.65,1.0000,-1,-1,-1
313,81,464.58,161.46,55.27,148.52,1.0000,-1,-1,-1
313,82,349.08,307.14,46.31,160.93,1.0000,-1,-1,-1
313,83,688.00,368.59,69.68,147.35,1.0000,-1,-1,-1
314,52,1081.38,473.74,70.32,153.54,1.0000,-1,-1,-1
314,59,383.77,306.42,42.57,142.81,1.0000,-1,-1,-1
314,63,876.73,310.80,51.70,116.96,1.0000,-1,-1,-1
314,64,667.83,328.92,58.46,130.04,1.0000,-1,-1,-1
314,78,556.80,165.68,51.16,119.68,1.0000,-1,-1,-1
314,80,1021.82,304.16,52.89,148.24,1.0000,-1,-1,-1
314,81,466.31,164.54,57.82,150.04,1.0000,-1,-1,-1
314,82,351.64,308.23,46.40,159.25,1.0000,-1,-1,-1
314,83,684.01,362.31,73.24,153.13,1.0000,-1,-1,-1
315,52,1081.56,474.93,70.82,153.69,1.0000,-1,-1,-1
315,59,384.70,307.87,42.13,142.54,1.0000,-1,-1,-1
315,63,876.22,311.36,52.57,117.00,1.0000,-1,-1,-1
315,64,666.15,328.57,58.43,129.97,1.0000,-1,-1,-1
315,78,552.61,169.24,52.64,118.27,1.0000,-1,-1,-1
315,80,1021.73,304.99,51.63,146.00,1.0000,-1,-1,-1
315,81,467.20,166.69,58.28,150.18,1.0000,-1,-1,-1
315,82,354.51,311.65,47.90,159.63,1.0000,-1,-1,-1
315,83,681.15,361.93,74.12,154.93,1.0000,-1,-1,-1
316,52,1081.69,475.98,71.38,153.68,1.0000,-1,-1,-1
316,59,386.35,309.36,41.10,140.53,1.0000,-1,-1,-1
316,63,874.96,311.16,53.51,117.55,1.0000,-1,-1,-1
316,64,664.47,328.22,58.39,129.91,1.0000,-1,-1,-1
316,78,551.23,170.34,52.44,117.81,1.0000,-1,-1,-1
316,80,1022.12,306.04,50.46,144.83,1.0000,-1,-1,-1
316,81,467.42,167.56,58.93,150.95,1.0000,-1,-1,-1
316,82,355.31,313.18,48.88,159.85,1.0000,-1,-1,-1
316,83,677.23,359.38,73.91,157.20,1.0000,-1,-1,-1
316,84,653.89,89.57,54.59,116.37,1.0000,-1,-1,-1
317,52,1081.85,477.16,71.48,153.18,1.0000,-1,-1,-1
317,59,387.21,311.24,40.81,140.94,1.0000,-1,-1,-1
317,63,874.02,311.48,54.09,117.88,1.0000,-1,-1,-1
317,64,662.79,327.87,58.36,129.84,1.0000,-1,-1,-1
317,78,549.85,171.45,52.23,117.35,1.0000,-1,-1,-1
317,80,1023.43,306.79,51.14,144.34,1.0000,-1,-1,-1
317,81,467.76,168.14,59.07,151.53,1.0000,-1,-1,-1
317,82,356.55,314.90,49.85,159.05,1.0000,-1,-1,-1
317,83,673.55,358.55,74.49,158.44,1.0000,-1,-1,-1
317,84,656.72,89.73,52.91,115.75,1.0000,-1,-1,-1
318,52,1082.19,479.46,70.19,153.32,1.0000,-1,-1,-1
318,59,388.23,314.34,41.02,143.43,1.0000,-1,-1,-1
318,63,873.30,310.81,53.42,119.06,1.0000,-1,-1,-1
318,78,552.85,169.19,56.80,122.56,1.0000,-1,-1,-1
318,80,1024.93,308.49,51.90,145.55,1.0000,-1,-1,-1
318,81,468.84,168.98,59.02,152.71,1.0000,-1,-1,-1
318,82,357.90,315.75,48.31,157.52,1.0000,-1,-1,-1
318,83,669.88,357.72,75.07,159.67,1.0000,-1,-1,-1
318,84,658.64,90.21,53.15,116.26,1.0000,-1,-1,-1
319,52,1083.17,480.93,68.68,153.72,1.0000,-1,-1,-1
319,59,387.61,310.92,41.68,145.74,1.0000,-1,-1,-1
319,63,873.88,308.77,52.73,117.74,1.0000,-1,-1,-1
319,78,552.45,173.34,57.57,121.70,1.0000,-1,-1,-1
319,80,1024.87,307.93,51.99,145.82,1.0000,-1,-1,-1
319,81,469.55,170.23,59.09,153.52,1.0000,-1,-1,-1
319,82,358.30,317.56,48.35,157.34,1.0000,-1,-1,-1
319,83,666.21,356.90,75.65,160.89,1.0000,-1,-1,-1
319,84,660.57,90.70,53.38,116.77,1.0000,-1,-1,-1
320,52,1084.00,483.12,66.86,153.81,1.0000,-1,-1,-1
320,59,388.61,311.85,41.65,145.65,1.0000,-1,-1,-1
320,63,874.21,307.95,52.09,116.77,1.0000,-1,-1,-1
320,78,552.86,169.90,58.74,125.08,1.0000,-1,-1,-1
320,80,1024.81,307.38,52.09,146.08,1.0000,-1,-1,-1
320,81,470.84,173.11,58.83,153.90,1.0000,-1,-1,-1
320,82,358.96,318.54,47.51,156.81,1.0000,-1,-1,-1
320,83,662.54,356.08,76.22,162.10,1.0000,-1,-1,-1
320,84,662.49,91.19,53.61,117.27,1.0000,-1,-1,-1
321,52,1085.56,485.61,65.16,154.14,1.0000,-1,-1,-1
321,59,389.61,312.78,41.63,145.57,1.0000,-1,-1,-1
321,63,874.41,308.19,51.95,117.87,1.0000,-1,-1,-1
321,78,555.48,169.99,59.92,126.17,1.0000,-1,-1,-1
321,80,1024.75,306.82,52.18,146.34,1.0000,-1,-1,-1
321,81,471.78,175.52,58.67,153.70,1.0000,-1,-1,-1
321,82,360.35,319.13,47.62,157.17,1.0000,-1,-1,-1
321,83,655.33,353.13,72.84,166.58,1.0000,-1,-1,-1
321,84,664.42,91.67,53.84,117.77,1.0000,-1,-1,-1
322,52,1086.86,487.60,63.80,154.59,1.0000,-1,-1,-1
322,59,390.62,313.71,41.61,145.48,1.0000,-1,-1,-1
322,63,874.40,308.01,52.05,118.30,1.0000,-1,-1,-1
322,78,557.04,172.96,60.73,125.90,1.0000,-1,-1,-1
322,80,1021.19,308.46,51.77,142.29,1.0000,-1,-1,-1
322,81,472.39,177.91,58.27,153.28,1.0000,-1,-1,-1
322,82,361.75,319.73,47.73,157.53,1.0000,-1,-1,-1
322,83,651.23,348.13,73.17,172.42,1.0000,-1,-1,-1
322,84,666.34,92.16,54.07,118.27,1.0000,-1,-1,-1
323,52,1088.00,490.02,62.92,155.29,1.0000,-1,-1,-1
323,59,391.62,314.64,41.58,145.39,1.0000,-1,-1,-1
323,63,872.82,307.38,53.00,116.81,1.0000,-1,-1,-1
323,78,558.23,178.92,63.67,126.89,1.0000,-1,-1,-1
323,80,1019.34,308.12,51.03,139.86,1.0000,-1,-1,-1
323,81,474.22,180.07,58.53,152.65,1.0000,-1,-1,-1
323,82,363.14,320.33,47.84,157.89,1.0000,-1,-1,-1
323,83,646.57,345.01,75.43,177.76,1.0000,-1,-1,-1
323,84,675.54,103.05,51.04,113.66,1.0000,-1,-1,-1
324,52,1088.80,492.19,62.39,156.09,1.0000,-1,-1,-1
324,59,392.62,315.57,41.56,145.31,1.0000,-1,-1,-1
324,63,871.16,307.76,53.67,115.39,1.0000,-1,-1,-1
324,78,557.38,183.92,67.16,129.37,1.0000,-1,-1,-1
324,80,1017.81,307.49,51.63,139.82,1.0000,-1,-1,-1
324,81,475.30,180.89,59.66,152.22,1.0000,-1,-1,-1
324,82,368.84,309.01,59.20,171.67,1.0000,-1,-1,-1
324,83,644.22,343.31,77.65,181.43,1.0000,-1,-1,-1
324,84,677.89,104.53,50.26,113.32,1.0000,-1,-1,-1
325,52,1089.47,493.95,62.23,156.43,1.0000,-1,-1,-1
325,63,870.43,308.32,54.02,113.52,1.0000,-1,-1,-1
325,78,555.61,187.85,70.39,131.52,1.0000,-1,-1,-1
325,80,1017.45,306.68,52.81,141.36,1.0000,-1,-1,-1
325,81,475.68,182.92,60.69,151.97,1.0000,-1,-1,-1
325,82,370.90,308.85,59.57,172.72,1.0000,-1,-1,-1
325,83,642.09,341.61,79.67,184.63,1.0000,-1,-1,-1
325,84,679.25,107.35,49.72,112.48,1.0000,-1,-1,-1
326,52,1088.88,496.10,62.57,156.64,1.0000,-1,-1,-1
326,63,869.11,310.11,54.56,113.48,1.0000,-1,-1,-1
326,78,554.13,192.18,73.44,130.73,1.0000,-1,-1,-1
326,80,1016.95,305.07,54.21,142.48,1.0000,-1,-1,-1
326,81,475.71,184.24,61.45,151.58,1.0000,-1,-1,-1
326,82,369.18,308.81,65.42,178.66,1.0000,-1,-1,-1
326,83,641.66,341.30,80.50,186.54,1.0000,-1,-1,-1
326,84,681.25,109.45,49.32,112.12,1.0000,-1,-1,-1
327,52,1087.56,497.93,63.60,157.14,1.0000,-1,-1,-1
327,63,867.18,311.36,55.40,113.63,1.0000,-1,-1,-1
327,78,553.71,190.29,77.43,133.33,1.0000,-1,-1,-1
327,80,1016.96,304.26,55.26,143.86,1.0000,-1,-1,-1
327,81,475.52,186.10,61.81,150.96,1.0000,-1,-1,-1
327,82,367.44,309.25,70.62,181.36,1.0000,-1,-1,-1
327,83,638.57,340.83,81.23,188.26,1.0000,-1,-1,-1
327,84,684.11,110.41,48.03,112.41,1.0000,-1,-1,-1
328,52,1084.41,501.49,66.16,158.55,1.0000,-1,-1,-1
328,63,861.45,312.39,57.03,113.03,1.0000,-1,-1,-1
328,78,553.58,198.80,80.91,133.01,1.0000,-1,-1,-1
328,80,1017.58,304.52,55.71,144.93,1.0000,-1,-1,-1
328,81,476.25,188.44,61.86,149.74,1.0000,-1,-1,-1
328,82,368.21,310.59,72.93,181.95,1.0000,-1,-1,-1
328,83,635.36,340.83,78.53,189.07,1.0000,-1,-1,-1
328,84,686.63,110.73,47.64,113.59,1.0000,-1,-1,-1
329,52,1081.94,503.43,68.87,159.64,1.0000,-1,-1,-1
329,63,857.48,313.28,58.73,112.99,1.0000,-1,-1,-1
329,78,556.16,201.37,83.17,134.57,1.0000,-1,-1,-1
329,80,1017.24,306.09,55.75,145.40,1.0000,-1,-1,-1
329,81,477.45,189.02,63.15,149.61,1.0000,-1,-1,-1
329,82,368.39,315.38,74.59,180.15,1.0000,-1,-1,-1
329,83,631.71,341.52,76.46,188.42,1.0000,-1,-1,-1
329,84,687.37,110.43,47.54,115.37,1.0000,-1,-1,-1
330,52,1080.47,504.37,71.19,160.70,1.0000,-1,-1,-1
330,63,853.93,313.77,60.63,113.51,1.0000,-1,-1,-1
330,78,559.58,196.97,85.71,139.24,1.0000,-1,-1,-1
330,80,1015.97,308.33,55.41,146.60,1.0000,-1,-1,-1
330,81,478.42,189.63,65.50,149.71,1.0000,-1,-1,-1
330,82,368.94,315.28,76.55,181.31,1.0000,-1,-1,-1
330,83,624.06,344.36,77.26,187.76,1.0000,-1,-1,-1
330,84,687.89,110.24,47.57,117.08,1.0000,-1,-1,-1
331,52,1079.72,505.24,72.99,161.58,1.0000,-1,-1,-1
331,63,852.11,313.84,61.77,115.08,1.0000,-1,-1,-1
331,78,564.92,196.23,86.89,141.37,1.0000,-1,-1,-1
331,80,1014.32,310.79,54.78,147.49,1.0000,-1,-1,-1
331,81,479.54,190.59,68.15,149.59,1.0000,-1,-1,-1
331,82,367.66,315.06,78.43,181.63,1.0000,-1,-1,-1
331,83,617.99,346.04,79.16,188.10,1.0000,-1,-1,-1
331,84,688.71,109.69,48.30,118.85,1.0000,-1,-1,-1
332,52,1079.69,505.95,74.41,162.12,1.0000,-1,-1,-1
332,63,851.46,313.79,61.96,116.22,1.0000,-1,-1,-1
332,78,566.23,198.03,87.27,141.99,1.0000,-1,-1,-1
332,80,1011.92,311.53,53.90,147.45,1.0000,-1,-1,-1
332,81,479.76,192.79,70.57,149.04,1.0000,-1,-1,-1
332,82,367.22,316.12,79.14,181.78,1.0000,-1,-1,-1
332,83,615.93,348.45,79.48,188.21,1.0000,-1,-1,-1
332,84,690.97,110.80,47.86,119.34,1.0000,-1,-1,-1
333,52,1079.03,506.85,76.09,163.24,1.0000,-1,-1,-1
333,63,850.95,313.06,61.00,116.57,1.0000,-1,-1,-1
333,78,579.49,204.42,86.33,141.45,1.0000,-1,-1,-1
333,80,1008.61,312.89,53.78,147.49,1.0000,-1,-1,-1
333,81,480.79,194.32,72.42,148.69,1.0000,-1,-1,-1
333,82,375.27,317.92,75.38,181.56,1.0000,-1,-1,-1
333,83,622.07,348.36,75.46,188.45,1.0000,-1,-1,-1
333,84,693.19,112.48,47.17,119.73,1.0000,-1,-1,-1
334,52,1076.77,507.30,76.90,164.38,1.0000,-1,-1,-1
334,63,850.50,312.32,59.85,116.71,1.0000,-1,-1,-1
334,78,587.13,209.37,85.31,140.32,1.0000,-1,-1,-1
334,80,1006.87,313.55,52.60,147.73,1.0000,-1,-1,-1
334,81,481.08,194.95,73.33,148.92,1.0000,-1,-1,-1
334,82,379.32,318.37,72.39,181.59,1.0000,-1,-1,-1
334,83,627.94,350.84,69.73,188.03,1.0000,-1,-1,-1
334,84,695.17,113.98,47.09,119.52,1.0000,-1,-1,-1
335,52,1074.54,507.60,77.04,165.31,1.0000,-1,-1,-1
335,63,849.88,311.60,58.76,117.08,1.0000,-1,-1,-1
335,78,594.83,211.97,83.54,139.63,1.0000,-1,-1,-1
335,80,1005.32,311.42,50.91,144.72,1.0000,-1,-1,-1
335,81,481.52,195.88,74.12,149.15,1.0000,-1,-1,-1
335,82,383.64,320.43,69.22,181.82,1.0000,-1,-1,-1
335,83,629.34,351.87,66.45,188.30,1.0000,-1,-1,-1
335,84,695.62,116.00,46.42,119.14,1.0000,-1,-1,-1
336,52,1072.64,508.43,76.52,166.08,1.0000,-1,-1,-1
336,63,849.09,310.41,57.93,116.93,1.0000,-1,-1,-1
336,78,602.70,215.08,81.40,137.77,1.0000,-1,-1,-1
336,80,1002.70,312.17,49.94,143.48,1.0000,-1,-1,-1
336,81,481.57,197.79,75.04,148.73,1.0000,-1,-1,-1
336,82,386.13,321.99,66.48,182.04,1.0000,-1,-1,-1
336,83,631.50,359.49,62.49,183.85,1.0000,-1,-1,-1
336,84,696.31,117.18,46.32,118.71,1.0000,-1,-1,-1
337,52,1071.69,509.34,74.92,166.45,1.0000,-1,-1,-1
337,63,847.98,309.38,57.79,116.41,1.0000,-1,-1,-1
337,78,612.38,216.58,79.10,134.83,1.0000,-1,-1,-1
337,80,1000.34,311.43,48.78,142.10,1.0000,-1,-1,-1
337,81,482.00,200.43,75.34,147.58,1.0000,-1,-1,-1
337,82,388.17,323.21,63.97,182.45,1.0000,-1,-1,-1
337,83,630.87,364.26,60.76,181.03,1.0000,-1,-1,-1
337,84,697.09,118.10,46.23,118.17,1.0000,-1,-1,-1
338,52,1071.57,510.12,71.22,165.49,1.0000,-1,-1,-1
338,63,845.72,309.89,57.67,115.71,1.0000,-1,-1,-1
338,78,616.28,218.72,79.33,135.21,1.0000,-1,-1,-1
338,80,997.96,310.17,47.83,141.12,1.0000,-1,-1,-1
338,81,483.23,203.02,75.24,147.15,1.0000,-1,-1,-1
338,82,388.36,324.59,61.07,183.51,1.0000,-1,-1,-1
338,83,629.30,365.46,60.53,180.63,1.0000,-1,-1,-1
338,84,699.06,119.33,45.94,118.71,1.0000,-1,-1,-1
339,52,1073.52,511.15,67.30,165.01,1.0000,-1,-1,-1
339,63,843.57,311.14,57.68,115.43,1.0000,-1,-1,-1
339,78,620.19,220.86,79.55,135.59,1.0000,-1,-1,-1
339,80,995.58,309.60,47.64,139.86,1.0000,-1,-1,-1
339,81,482.73,204.39,75.01,147.00,1.0000,-1,-1,-1
339,82,389.03,325.63,58.48,184.50,1.0000,-1,-1,-1
339,83,628.35,362.85,60.40,181.78,1.0000,-1,-1,-1
339,84,700.12,120.39,45.62,119.02,1.0000,-1,-1,-1
339,85,649.42,225.98,75.60,135.48,1.0000,-1,-1,-1
340,52,1074.33,512.29,64.06,164.85,1.0000,-1,-1,-1
340,63,842.33,312.08,57.87,115.38,1.0000,-1,-1,-1
340,78,624.09,223.00,79.77,135.97,1.0000,-1,-1,-1
340,80,992.85,309.65,48.71,139.64,1.0000,-1,-1,-1
340,81,483.47,205.38,74.33,146.81,1.0000,-1,-1,-1
340,82,389.64,326.49,56.79,184.57,1.0000,-1,-1,-1
340,83,626.61,363.77,59.96,180.44,1.0000,-1,-1,-1
340,84,701.09,122.75,45.13,118.91,1.0000,-1,-1,-1
340,85,648.30,230.49,73.91,134.28,1.0000,-1,-1,-1
341,52,1073.29,513.25,61.65,164.77,1.0000,-1,-1,-1
341,63,840.99,312.25,57.78,115.21,1.0000,-1,-1,-1
341,78,627.99,225.15,79.99,136.35,1.0000,-1,-1,-1
341,80,988.97,309.60,50.98,140.39,1.0000,-1,-1,-1
341,81,484.31,206.41,74.70,147.54,1.0000,-1,-1,-1
341,82,390.52,327.31,56.07,185.86,1.0000,-1,-1,-1
341,83,625.13,364.40,58.32,177.78,1.0000,-1,-1,-1
341,84,700.89,123.61,45.27,119.52,1.0000,-1,-1,-1
341,85,650.09,235.67,74.15,134.86,1.0000,-1,-1,-1
342,52,1070.73,514.71,60.93,165.16,1.0000,-1,-1,-1
342,63,836.92,315.64,59.63,116.10,1.0000,-1,-1,-1
342,78,631.90,227.29,80.22,136.73,1.0000,-1,-1,-1
342,80,986.15,309.15,52.99,141.57,1.0000,-1,-1,-1
342,81,489.96,209.09,71.07,146.24,1.0000,-1,-1,-1
342,82,391.23,327.60,56.32,185.88,1.0000,-1,-1,-1
342,83,624.10,364.49,57.63,175.94,1.0000,-1,-1,-1
342,84,701.69,124.22,45.27,120.65,1.0000,-1,-1,-1
342,85,656.81,236.92,77.50,136.97,1.0000,-1,-1,-1
343,52,1061.43,517.48,64.63,165.62,1.0000,-1,-1,-1
343,63,834.72,316.81,60.37,117.01,1.0000,-1,-1,-1
343,80,984.31,309.09,55.04,142.91,1.0000,-1,-1,-1
343,81,490.36,210.18,70.47,146.65,1.0000,-1,-1,-1
343,82,391.15,328.93,57.79,186.92,1.0000,-1,-1,-1
343,83,622.94,366.29,57.67,173.38,1.0000,-1,-1,-1
343,84,701.69,125.16,45.97,122.39,1.0000,-1,-1,-1
343,85,659.52,239.31,79.60,140.67,1.0000,-1,-1,-1
344,52,1056.03,519.09,68.02,165.90,1.0000,-1,-1,-1
344,63,834.46,317.61,59.86,117.72,1.0000,-1,-1,-1
344,80,983.08,309.18,56.60,144.12,1.0000,-1,-1,-1
344,81,489.89,211.09,70.44,146.96,1.0000,-1,-1,-1
344,82,390.64,329.63,59.25,187.07,1.0000,-1,-1,-1
344,83,622.51,369.73,57.65,170.03,1.0000,-1,-1,-1
344,84,702.59,125.56,46.45,123.15,1.0000,-1,-1,-1
344,85,662.26,241.74,81.64,144.28,1.0000,-1,-1,-1
345,52,1049.33,520.97,72.99,166.36,1.0000,-1,-1,-1
345,63,834.89,316.86,58.88,118.27,1.0000,-1,-1,-1
345,80,982.21,309.62,57.60,144.60,1.0000,-1,-1,-1
345,81,492.39,211.60,69.20,147.33,1.0000,-1,-1,-1
345,82,389.57,330.54,59.35,186.21,1.0000,-1,-1,-1
345,83,622.75,366.24,56.82,170.92,1.0000,-1,-1,-1
345,84,702.32,125.38,47.44,123.46,1.0000,-1,-1,-1
345,85,665.03,244.22,83.63,147.80,1.0000,-1,-1,-1
346,52,1045.83,523.06,77.23,167.57,1.0000,-1,-1,-1
346,63,835.30,316.07,58.24,118.52,1.0000,-1,-1,-1
346,80,980.24,310.02,57.94,144.70,1.0000,-1,-1,-1
346,81,497.02,212.58,66.14,147.38,1.0000,-1,-1,-1
346,82,389.15,332.76,60.13,184.82,1.0000,-1,-1,-1
346,83,621.19,366.47,56.92,171.21,1.0000,-1,-1,-1
346,84,702.79,125.93,48.02,124.27,1.0000,-1,-1,-1
346,85,667.82,246.74,85.57,151.23,1.0000,-1,-1,-1
346,86,484.42,215.82,35.59,123.32,1.0000,-1,-1,-1
347,52,1044.95,524.33,80.57,168.20,1.0000,-1,-1,-1
347,63,835.12,315.74,58.34,119.11,1.0000,-1,-1,-1
347,80,978.93,312.67,57.10,143.71,1.0000,-1,-1,-1
347,81,498.20,213.82,64.95,147.26,1.0000,-1,-1,-1
347,82,389.74,335.18,61.05,184.30,1.0000,-1,-1,-1
347,83,607.74,361.71,64.85,175.64,1.0000,-1,-1,-1
347,84,703.71,126.60,47.96,124.31,1.0000,-1,-1,-1
347,85,670.63,249.30,87.47,154.59,1.0000,-1,-1,-1
347,86,485.26,214.39,36.01,122.43,1.0000,-1,-1,-1
348,52,1045.05,526.33,83.18,167.81,1.0000,-1,-1,-1
348,63,834.50,315.21,58.48,118.51,1.0000,-1,-1,-1
348,80,972.39,316.76,58.57,141.71,1.0000,-1,-1,-1
348,81,502.03,215.63,62.68,147.14,1.0000,-1,-1,-1
348,82,390.41,336.06,61.29,185.01,1.0000,-1,-1,-1
348,83,604.19,361.02,69.49,178.69,1.0000,-1,-1,-1
348,84,704.22,127.36,48.92,125.62,1.0000,-1,-1,-1
348,86,485.00,215.88,35.78,121.78,1.0000,-1,-1,-1
349,52,1044.37,527.45,85.63,167.56,1.0000,-1,-1,-1
349,63,834.17,316.69,58.90,118.53,1.0000,-1,-1,-1
349,80,968.48,321.51,62.42,141.52,1.0000,-1,-1,-1
349,81,504.58,216.55,60.55,147.31,1.0000,-1,-1,-1
349,82,391.08,336.94,61.53,185.73,1.0000,-1,-1,-1
349,83,602.48,362.13,72.54,180.66,1.0000,-1,-1,-1
349,84,704.24,128.04,49.64,126.34,1.0000,-1,-1,-1
349,86,484.77,216.83,35.90,122.16,1.0000,-1,-1,-1
350,52,1044.90,528.12,86.71,167.25,1.0000,-1,-1,-1
350,63,832.93,317.38,58.74,118.64,1.0000,-1,-1,-1
350,80,966.76,327.15,65.21,137.67,1.0000,-1,-1,-1
350,81,505.93,217.12,58.76,147.35,1.0000,-1,-1,-1
350,82,399.69,346.02,58.51,183.42,1.0000,-1,-1,-1
350,83,601.39,363.31,74.50,181.46,1.0000,-1,-1,-1
350,84,704.23,129.12,50.79,126.65,1.0000,-1,-1,-1
350,86,484.63,218.39,35.44,121.53,1.0000,-1,-1,-1
351,52,1045.88,528.93,86.10,167.04,1.0000,-1,-1,-1
351,63,832.31,319.08,58.76,118.55,1.0000,-1,-1,-1
351,80,960.51,332.15,70.23,133.75,1.0000,-1,-1,-1
351,81,506.51,217.87,57.52,147.37,1.0000,-1,-1,-1
351,82,400.91,347.51,58.71,184.03,1.0000,-1,-1,-1
351,83,600.82,364.68,75.83,181.42,1.0000,-1,-1,-1
351,84,704.40,130.27,51.64,126.86,1.0000,-1,-1,-1
351,86,484.50,220.10,34.93,121.25,1.0000,-1,-1,-1
352,52,1046.09,529.31,84.69,167.21,1.0000,-1,-1,-1
352,63,831.67,320.94,58.73,117.98,1.0000,-1,-1,-1
352,80,952.35,336.84,76.99,127.74,1.0000,-1,-1,-1
352,81,507.41,218.63,56.32,148.06,1.0000,-1,-1,-1
352,82,402.13,349.00,58.91,184.65,1.0000,-1,-1,-1
352,83,601.34,365.75,76.84,181.20,1.0000,-1,-1,-1
352,84,704.50,131.04,52.03,127.27,1.0000,-1,-1,-1
352,86,484.37,221.74,34.40,121.24,1.0000,-1,-1,-1
352,87,720.88,237.32,101.05,176.83,1.0000,-1,-1,-1
353,52,1046.20,529.70,80.61,166.80,1.0000,-1,-1,-1
353,63,831.44,325.39,58.41,116.52,1.0000,-1,-1,-1
353,80,938.00,344.79,85.91,124.15,1.0000,-1,-1,-1
353,81,506.40,220.04,56.78,148.70,1.0000,-1,-1,-1
353,82,405.27,351.21,58.33,180.87,1.0000,-1,-1,-1
353,83,605.82,366.99,75.65,179.83,1.0000,-1,-1,-1
353,84,705.62,133.52,51.79,127.20,1.0000,-1,-1,-1
353,86,484.42,223.15,34.10,121.87,1.0000,-1,-1,-1
353,87,724.53,228.64,107.25,187.69,1.0000,-1,-1,-1
354,52,1045.78,531.46,75.44,166.06,1.0000,-1,-1,-1
354,63,830.79,328.39,57.93,115.20,1.0000,-1,-1,-1
354,80,930.46,349.45,91.90,121.59,1.0000,-1,-1,-1
354,81,506.03,220.97,57.86,149.25,1.0000,-1,-1,-1
354,82,408.48,353.75,57.89,178.01,1.0000,-1,-1,-1
354,83,608.40,367.28,74.01,177.62,1.0000,-1,-1,-1
354,84,706.45,134.72,51.86,127.37,1.0000,-1,-1,-1
354,86,484.33,225.25,34.58,122.73,1.0000,-1,-1,-1
354,87,728.36,220.26,113.12,197.96,1.0000,-1,-1,-1
354,88,386.93,344.09,42.44,154.15,1.0000,-1,-1,-1
355,52,1046.56,532.82,68.80,165.37,1.0000,-1,-1,-1
355,63,829.44,330.17,57.08,114.85,1.0000,-1,-1,-1
355,80,926.19,352.04,94.87,120.40,1.0000,-1,-1,-1
355,81,505.98,221.89,59.35,150.34,1.0000,-1,-1,-1
355,82,409.90,354.06,57.69,178.48,1.0000,-1,-1,-1
355,83,609.46,368.59,73.22,174.71,1.0000,-1,-1,-1
355,84,707.29,135.91,51.93,127.55,1.0000,-1,-1,-1
355,86,484.08,225.23,34.71,123.75,1.0000,-1,-1,-1
355,87,778.06,254.20,85.78,157.66,1.0000,-1,-1,-1
355,88,387.40,343.95,42.25,153.83,1.0000,-1,-1,-1
356,52,1047.32,533.81,63.64,164.76,1.0000,-1,-1,-1
356,63,828.51,331.31,57.00,114.69,1.0000,-1,-1,-1
356,80,924.03,353.10,94.69,120.15,1.0000,-1,-1,-1
356,81,505.97,222.38,62.10,150.08,1.0000,-1,-1,-1
356,82,412.19,354.86,56.96,178.18,1.0000,-1,-1,-1
356,83,610.94,369.86,72.24,172.32,1.0000,-1,-1,-1
356,84,708.13,137.10,52.00,127.72,1.0000,-1,-1,-1
356,86,483.37,226.25,35.26,124.69,1.0000,-1,-1,-1
356,87,792.95,256.43,84.60,155.48,1.0000,-1,-1,-1
356,88,387.86,344.67,41.69,152.88,1.0000,-1,-1,-1
357,52,1046.49,534.86,60.40,164.80,1.0000,-1,-1,-1
357,63,827.58,332.45,56.92,114.53,1.0000,-1,-1,-1
357,80,922.15,353.81,92.37,120.50,1.0000,-1,-1,-1
357,81,506.66,222.90,63.79,149.81,1.0000,-1,-1,-1
357,82,414.05,355.75,56.21,178.34,1.0000,-1,-1,-1
357,83,610.70,370.93,72.83,170.47,1.0000,-1,-1,-1
357,84,708.97,138.29,52.08,127.89,1.0000,-1,-1,-1
357,86,482.97,226.84,35.57,124.98,1.0000,-1,-1,-1
357,87,796.71,259.97,86.40,156.68,1.0000,-1,-1,-1
357,88,388.33,345.66,41.60,153.33,1.0000,-1,-1,-1
358,52,1042.54,536.83,59.20,165.66,1.0000,-1,-1,-1
358,63,826.65,333.60,56.84,114.37,1.0000,-1,-1,-1
358,80,920.91,351.50,87.37,122.47,1.0000,-1,-1,-1
358,81,509.31,224.52,64.33,147.89,1.0000,-1,-1,-1
358,82,411.95,356.90,58.08,180.22,1.0000,-1,-1,-1
358,83,611.87,372.33,73.39,169.56,1.0000,-1,-1,-1
358,84,709.80,139.48,52.15,128.07,1.0000,-1,-1,-1
358,86,483.41,226.97,36.85,126.55,1.0000,-1,-1,-1
358,87,809.65,262.36,85.63,155.28,1.0000,-1,-1,-1
358,88,388.60,346.36,41.81,154.10,1.0000,-1,-1,-1
358,89,85.91,303.05,52.76,154.66,1.0000,-1,-1,-1
359,52,1037.16,538.38,60.06,166.44,1.0000,-1,-1,-1
359,63,825.71,334.74,56.77,114.21,1.0000,-1,-1,-1
359,80,921.43,348.41,83.22,126.20,1.0000,-1,-1,-1
359,81,510.69,225.14,64.32,145.28,1.0000,-1,-1,-1
359,82,413.09,357.81,58.87,181.38,1.0000,-1,-1,-1
359,83,612.28,373.56,74.37,169.59,1.0000,-1,-1,-1
359,84,711.14,139.85,51.01,127.15,1.0000,-1,-1,-1
359,86,483.41,227.81,38.14,127.50,1.0000,-1,-1,-1
359,87,822.59,264.75,84.85,153.87,1.0000,-1,-1,-1
359,88,388.86,347.05,42.02,154.87,1.0000,-1,-1,-1
359,89,86.46,301.32,54.63,157.04,1.0000,-1,-1,-1
360,52,1031.25,539.51,62.56,167.06,1.0000,-1,-1,-1
360,63,824.78,335.88,56.69,114.05,1.0000,-1,-1,-1
360,80,923.85,342.82,79.91,130.79,1.0000,-1,-1,-1
360,81,511.77,225.94,64.09,143.00,1.0000,-1,-1,-1
360,82,410.82,357.05,60.57,182.66,1.0000,-1,-1,-1
360,83,612.52,374.46,75.95,170.13,1.0000,-1,-1,-1
360,84,711.96,140.32,51.11,127.56,1.0000,-1,-1,-1
360,86,483.37,228.18,39.41,128.65,1.0000,-1,-1,-1
360,87,835.54,267.15,84.06,152.44,1.0000,-1,-1,-1
360,88,389.13,347.75,42.23,155.63,1.0000,-1,-1,-1
360,89,86.79,299.28,55.76,160.29,1.0000,-1,-1,-1
361,52,1027.47,540.52,65.82,167.00,1.0000,-1,-1,-1
361,80,926.72,338.72,77.10,134.70,1.0000,-1,-1,-1
361,81,513.70,226.35,63.10,141.28,1.0000,-1,-1,-1
361,82,407.63,354.86,62.54,184.77,1.0000,-1,-1,-1
361,83,615.16,374.80,76.80,170.51,1.0000,-1,-1,-1
361,84,712.76,140.71,50.44,128.06,1.0000,-1,-1,-1
361,86,483.54,228.54,40.95,130.28,1.0000,-1,-1,-1
361,87,848.48,269.55,83.27,150.99,1.0000,-1,-1,-1
361,88,389.40,348.45,42.43,156.39,1.0000,-1,-1,-1
361,89,87.12,297.27,56.87,163.47,1.0000,-1,-1,-1
362,52,1024.12,541.43,69.81,167.28,1.0000,-1,-1,-1
362,80,929.59,333.78,75.24,138.90,1.0000,-1,-1,-1
362,81,514.94,226.77,62.43,140.17,1.0000,-1,-1,-1
362,82,406.06,352.29,65.08,187.11,1.0000,-1,-1,-1
362,83,616.48,375.19,77.73,170.81,1.0000,-1,-1,-1
362,84,714.13,140.52,49.69,128.55,1.0000,-1,-1,-1
362,86,483.54,228.34,42.63,132.66,1.0000,-1,-1,-1
362,87,861.44,271.96,82.46,149.54,1.0000,-1,-1,-1
362,88,389.67,349.16,42.64,157.15,1.0000,-1,-1,-1
362,89,84.23,296.58,61.34,167.57,1.0000,-1,-1,-1
363,52,1020.99,542.43,74.43,168.53,1.0000,-1,-1,-1
363,80,936.80,329.28,72.75,141.50,1.0000,-1,-1,-1
363,81,517.79,226.18,60.88,140.35,1.0000,-1,-1,-1
363,82,408.14,351.83,66.59,187.61,1.0000,-1,-1,-1
363,83,618.44,376.18,77.96,170.67,1.0000,-1,-1,-1
363,84,714.96,141.47,49.72,128.65,1.0000,-1,-1,-1
363,86,483.77,226.78,44.91,136.32,1.0000,-1,-1,-1
363,89,85.13,296.91,64.21,168.62,1.0000,-1,-1,-1
364,52,1018.98,542.39,78.24,169.42,1.0000,-1,-1,-1
364,80,941.74,319.76,70.78,146.60,1.0000,-1,-1,-1
364,81,518.97,226.81,60.17,141.02,1.0000,-1,-1,-1
364,82,409.93,351.54,67.38,188.25,1.0000,-1,-1,-1
364,83,617.99,376.67,79.33,170.04,1.0000,-1,-1,-1
364,84,715.78,142.42,49.76,128.75,1.0000,-1,-1,-1
364,86,483.68,225.65,46.73,139.38,1.0000,-1,-1,-1
364,89,84.77,295.59,66.78,170.87,1.0000,-1,-1,-1
365,52,1018.10,542.36,80.34,169.88,1.0000,-1,-1,-1
365,80,945.20,313.47,69.73,150.78,1.0000,-1,-1,-1
365,81,519.19,227.46,60.09,141.71,1.0000,-1,-1,-1
365,82,408.98,350.81,69.81,189.19,1.0000,-1,-1,-1
365,83,620.49,376.81,80.09,168.36,1.0000,-1,-1,-1
365,84,718.02,139.87,51.21,130.77,1.0000,-1,-1,-1
365,86,483.24,224.92,47.82,141.22,1.0000,-1,-1,-1
365,89,84.65,293.71,68.62,173.31,1.0000,-1,-1,-1
366,52,1018.07,543.27,79.86,170.87,1.0000,-1,-1,-1
366,80,948.03,309.61,69.62,154.79,1.0000,-1,-1,-1
366,81,518.78,227.33,61.03,143.12,1.0000,-1,-1,-1
366,82,413.56,350.91,70.71,189.91,1.0000,-1,-1,-1
366,83,625.18,376.81,79.12,166.94,1.0000,-1,-1,-1
366,84,718.64,138.83,51.83,131.98,1.0000,-1,-1,-1
366,86,482.92,224.72,48.87,143.03,1.0000,-1,-1,-1
366,89,84.81,291.84,70.07,176.96,1.0000,-1,-1,-1
367,52,1018.94,543.80,77.32,171.63,1.0000,-1,-1,-1
367,80,950.23,307.99,69.86,158.10,1.0000,-1,-1,-1
367,81,515.05,227.37,63.93,145.35,1.0000,-1,-1,-1
367,82,416.09,350.91,72.04,191.11,1.0000,-1,-1,-1
367,83,628.40,376.79,78.02,165.34,1.0000,-1,-1,-1
367,84,719.69,139.10,52.60,132.48,1.0000,-1,-1,-1
367,86,482.32,224.76,49.33,144.37,1.0000,-1,-1,-1
367,89,84.98,290.02,71.49,180.53,1.0000,-1,-1,-1
368,52,1017.38,543.33,71.84,171.68,1.0000,-1,-1,-1
368,80,955.12,306.43,71.44,160.26,1.0000,-1,-1,-1
368,81,512.02,229.46,67.14,144.60,1.0000,-1,-1,-1
368,82,419.70,351.72,72.11,192.20,1.0000,-1,-1,-1
368,83,629.04,377.23,78.06,164.62,1.0000,-1,-1,-1
368,84,721.79,140.72,53.21,132.37,1.0000,-1,-1,-1
368,86,481.81,224.96,49.56,145.27,1.0000,-1,-1,-1
368,89,85.16,288.23,72.87,184.04,1.0000,-1,-1,-1
369,52,1015.68,543.07,67.05,171.35,1.0000,-1,-1,-1
369,80,955.58,305.06,73.52,162.46,1.0000,-1,-1,-1
369,81,509.05,229.34,70.51,144.05,1.0000,-1,-1,-1
369,82,421.76,352.18,71.88,193.14,1.0000,-1,-1,-1
369,83,629.01,377.65,78.15,164.23,1.0000,-1,-1,-1
369,84,723.83,141.41,53.64,132.43,1.0000,-1,-1,-1
369,86,481.64,225.10,49.64,145.83,1.0000,-1,-1,-1
369,89,85.36,286.48,74.24,187.48,1.0000,-1,-1,-1
369,91,851.54,243.34,102.12,177.91,1.0000,-1,-1,-1
370,52,1014.10,543.60,63.64,171.17,1.0000,-1,-1,-1
370,80,958.66,299.55,73.78,166.21,1.0000,-1,-1,-1
370,81,505.89,228.88,74.02,144.71,1.0000,-1,-1,-1
370,82,423.33,353.30,71.20,193.79,1.0000,-1,-1,-1
370,83,630.70,378.39,77.67,164.34,1.0000,-1,-1,-1
370,84,724.72,141.86,53.97,132.75,1.0000,-1,-1,-1
370,86,481.50,225.08,49.66,146.10,1.0000,-1,-1,-1
370,89,85.57,284.75,75.57,190.86,1.0000,-1,-1,-1
370,91,851.60,239.91,103.59,181.91,1.0000,-1,-1,-1
371,52,1012.76,544.28,61.24,171.12,1.0000,-1,-1,-1
371,80,960.24,290.06,73.77,173.26,1.0000,-1,-1,-1
371,81,501.87,228.69,78.05,147.73,1.0000,-1,-1,-1
371,82,424.55,353.20,70.77,194.23,1.0000,-1,-1,-1
371,83,631.97,378.95,77.22,164.82,1.0000,-1,-1,-1
371,84,726.61,141.99,53.93,133.27,1.0000,-1,-1,-1
371,86,481.29,225.56,49.13,146.24,1.0000,-1,-1,-1
371,90,808.82,332.48,55.02,134.13,1.0000,-1,-1,-1
371,91,861.56,239.98,97.55,180.01,1.0000,-1,-1,-1
372,52,1008.35,544.47,60.76,171.26,1.0000,-1,-1,-1
372,80,962.05,280.01,73.88,180.84,1.0000,-1,-1,-1
372,81,499.28,228.79,81.05,150.71,1.0000,-1,-1,-1
372,82,425.56,353.79,70.14,194.07,1.0000,-1,-1,-1
372,83,633.38,379.41,76.91,165.47,1.0000,-1,-1,-1
372,84,727.43,142.35,53.91,133.56,1.0000,-1,-1,-1
372,86,481.20,225.66,49.54,147.47,1.0000,-1,-1,-1
372,90,807.15,330.82,56.45,138.59,1.0000,-1,-1,-1
372,91,871.75,240.39,90.84,178.18,1.0000,-1,-1,-1
373,52,996.52,545.37,65.64,172.48,1.0000,-1,-1,-1
373,80,965.33,283.34,74.83,180.74,1.0000,-1,-1,-1
373,81,498.02,227.68,82.78,153.01,1.0000,-1,-1,-1
373,82,428.54,354.86,68.50,194.63,1.0000,-1,-1,-1
373,83,636.85,380.84,75.94,166.41,1.0000,-1,-1,-1
373,84,729.51,142.96,54.14,133.71,1.0000,-1,-1,-1
373,86,481.12,225.77,49.95,148.69,1.0000,-1,-1,-1
373,90,806.80,329.33,57.71,142.49,1.0000,-1,-1,-1
373,91,881.69,260.45,81.45,163.17,1.0000,-1,-1,-1
374,52,986.51,546.50,72.76,173.07,1.0000,-1,-1,-1
374,80,967.03,282.62,75.53,181.68,1.0000,-1,-1,-1
374,81,496.73,225.89,84.25,155.15,1.0000,-1,-1,-1
374,82,430.90,356.27,67.41,194.94,1.0000,-1,-1,-1
374,83,637.69,381.52,76.06,167.40,1.0000,-1,-1,-1
374,84,731.05,142.58,54.14,134.32,1.0000,-1,-1,-1
374,86,481.04,225.88,50.36,149.90,1.0000,-1,-1,-1
374,90,807.12,328.05,57.63,144.93,1.0000,-1,-1,-1
374,91,886.75,265.87,75.99,155.51,1.0000,-1,-1,-1
375,52,977.40,547.46,80.99,173.06,1.0000,-1,-1,-1
375,80,957.13,277.96,82.73,185.38,1.0000,-1,-1,-1
375,81,494.82,224.09,86.73,157.33,1.0000,-1,-1,-1
375,82,433.67,356.87,66.99,194.99,1.0000,-1,-1,-1
375,83,638.31,380.94,77.02,167.83,1.0000,-1,-1,-1
375,84,732.25,142.85,54.05,134.63,1.0000,-1,-1,-1
375,86,480.96,226.00,50.76,151.10,1.0000,-1,-1,-1
375,90,810.23,326.76,56.70,146.18,1.0000,-1,-1,-1
375,91,893.15,271.47,72.14,147.63,1.0000,-1,-1,-1
376,52,971.77,548.87,88.18,172.33,1.0000,-1,-1,-1
376,80,957.42,276.67,85.87,187.25,1.0000,-1,-1,-1
376,81,496.19,223.39,87.26,157.44,1.0000,-1,-1,-1
376,82,435.28,357.14,66.49,194.92,1.0000,-1,-1,-1
376,83,638.81,380.73,77.46,167.74,1.0000,-1,-1,-1
376,84,733.47,142.86,54.00,135.03,1.0000,-1,-1,-1
376,86,480.88,226.12,51.16,152.29,1.0000,-1,-1,-1
376,90,813.83,325.39,54.47,147.07,1.0000,-1,-1,-1
376,91,899.66,277.29,68.08,139.31,1.0000,-1,-1,-1
377,52,969.13,550.08,94.18,171.46,1.0000,-1,-1,-1
377,80,962.85,279.52,84.67,186.61,1.0000,-1,-1,-1
377,81,496.38,223.55,88.17,158.75,1.0000,-1,-1,-1
377,82,437.16,358.12,66.26,195.01,1.0000,-1,-1,-1
377,83,639.65,381.37,77.55,167.54,1.0000,-1,-1,-1
377,84,734.76,143.31,54.08,135.25,1.0000,-1,-1,-1
377,90,817.66,323.19,52.00,147.91,1.0000,-1,-1,-1
377,91,906.31,283.38,63.75,130.46,1.0000,-1,-1,-1
378,52,968.25,551.25,98.06,170.50,1.0000,-1,-1,-1
378,80,966.66,288.78,84.00,181.13,1.0000,-1,-1,-1
378,81,498.97,224.97,87.16,159.26,1.0000,-1,-1,-1
378,82,439.22,359.72,66.15,195.24,1.0000,-1,-1,-1
378,83,641.22,383.05,77.64,167.65,1.0000,-1,-1,-1
378,84,736.05,143.77,54.17,135.46,1.0000,-1,-1,-1
378,90,821.27,318.98,50.92,148.87,1.0000,-1,-1,-1
378,91,913.11,289.78,59.11,120.96,1.0000,-1,-1,-1
379,52,966.98,551.64,99.89,169.95,1.0000,-1,-1,-1
379,80,968.99,296.31,83.73,175.80,1.0000,-1,-1,-1
379,81,496.55,224.69,88.93,160.26,1.0000,-1,-1,-1
379,82,441.12,360.26,66.50,196.47,1.0000,-1,-1,-1
379,83,640.35,384.67,79.00,168.20,1.0000,-1,-1,-1
379,84,737.34,144.22,54.26,135.68,1.0000,-1,-1,-1
379,90,824.57,315.89,49.87,149.10,1.0000,-1,-1,-1
379,91,920.11,296.60,54.07,110.65,1.0000,-1,-1,-1
380,52,966.19,551.61,99.58,169.70,1.0000,-1,-1,-1
380,80,970.63,301.47,82.86,171.37,1.0000,-1,-1,-1
380,81,499.43,224.40,88.02,159.74,1.0000,-1,-1,-1
380,82,443.98,360.59,67.59,196.85,1.0000,-1,-1,-1
380,83,640.55,385.69,79.70,168.57,1.0000,-1,-1,-1
380,84,738.63,144.68,54.34,135.89,1.0000,-1,-1,-1
380,90,826.79,312.86,50.40,149.99,1.0000,-1,-1,-1
381,52,965.65,551.28,97.25,169.69,1.0000,-1,-1,-1
381,80,971.56,304.69,81.04,167.93,1.0000,-1,-1,-1
381,81,506.79,224.76,84.34,158.99,1.0000,-1,-1,-1
381,82,445.76,360.95,68.25,197.13,1.0000,-1,-1,-1
381,83,642.55,386.92,79.08,168.48,1.0000,-1,-1,-1
381,84,739.91,145.13,54.43,136.11,1.0000,-1,-1,-1
381,90,827.61,310.68,52.06,150.69,1.0000,-1,-1,-1
382,52,963.34,551.74,97.44,170.02,1.0000,-1,-1,-1
382,80,972.91,306.86,79.39,165.20,1.0000,-1,-1,-1
382,81,511.28,224.70,81.31,158.51,1.0000,-1,-1,-1
382,82,447.89,361.20,68.13,197.20,1.0000,-1,-1,-1
382,83,645.27,388.09,77.65,168.27,1.0000,-1,-1,-1
382,84,741.15,146.37,53.14,135.35,1.0000,-1,-1,-1
382,90,829.26,309.86,55.23,151.74,1.0000,-1,-1,-1
383,52,961.03,552.20,97.63,170.35,1.0000,-1,-1,-1
383,80,973.09,311.13,78.49,162.24,1.0000,-1,-1,-1
383,81,510.99,223.51,80.86,158.64,1.0000,-1,-1,-1
383,82,449.62,361.75,68.12,196.67,1.0000,-1,-1,-1
383,83,648.71,389.32,76.25,168.94,1.0000,-1,-1,-1
383,84,742.39,146.86,53.21,135.53,1.0000,-1,-1,-1
383,90,836.95,310.11,60.32,151.97,1.0000,-1,-1,-1
384,52,958.71,552.67,97.82,170.69,1.0000,-1,-1,-1
384,80,972.27,315.10,77.88,159.62,1.0000,-1,-1,-1
384,81,510.68,222.98,81.06,158.88,1.0000,-1,-1,-1
384,82,450.89,363.48,68.43,196.17,1.0000,-1,-1,-1
384,83,651.21,390.10,74.83,169.63,1.0000,-1,-1,-1
384,84,743.63,147.36,53.29,135.72,1.0000,-1,-1,-1
384,90,838.02,311.74,65.74,150.94,1.0000,-1,-1,-1
384,92,498.38,216.13,44.37,152.94,1.0000,-1,-1,-1
385,52,956.40,553.13,98.01,171.02,1.0000,-1,-1,-1
385,80,971.04,317.80,77.72,158.05,1.0000,-1,-1,-1
385,81,508.28,221.16,82.96,160.30,1.0000,-1,-1,-1
385,82,452.11,365.08,68.31,195.82,1.0000,-1,-1,-1
385,83,650.75,390.88,75.50,170.19,1.0000,-1,-1,-1
385,84,744.88,147.85,53.36,135.90,1.0000,-1,-1,-1
385,90,835.95,314.77,72.59,149.09,1.0000,-1,-1,-1
385,92,498.76,214.27,44.49,153.36,1.0000,-1,-1,-1
385,93,900.64,223.92,76.59,164.17,1.0000,-1,-1,-1
386,52,954.09,553.59,98.21,171.35,1.0000,-1,-1,-1
386,80,969.37,319.51,79.02,157.34,1.0000,-1,-1,-1
386,81,514.49,222.40,80.51,160.27,1.0000,-1,-1,-1
386,82,453.58,366.45,68.00,195.60,1.0000,-1,-1,-1
386,83,649.57,390.78,77.59,170.96,1.0000,-1,-1,-1
386,84,745.06,148.91,55.59,134.90,1.0000,-1,-1,-1
386,90,834.80,318.28,77.87,147.28,1.0000,-1,-1,-1
386,92,496.24,210.22,47.78,160.09,1.0000,-1,-1,-1
386,93,898.73,221.51,79.10,161.86,1.0000,-1,-1,-1
387,80,969.32,320.63,79.73,156.64,1.0000,-1,-1,-1
387,81,518.90,225.10,78.76,159.14,1.0000,-1,-1,-1
387,82,455.15,367.24,67.28,195.53,1.0000,-1,-1,-1
387,83,654.38,391.71,76.80,170.58,1.0000,-1,-1,-1
387,84,744.13,149.51,57.41,134.68,1.0000,-1,-1,-1
387,90,835.59,321.96,80.30,144.58,1.0000,-1,-1,-1
387,92,496.44,212.99,47.61,155.65,1.0000,-1,-1,-1
387,93,897.94,217.70,80.85,165.43,1.0000,-1,-1,-1
388,80,968.22,319.95,79.29,157.60,1.0000,-1,-1,-1
388,81,523.03,225.84,78.02,158.23,1.0000,-1,-1,-1
388,82,457.11,367.28,66.12,195.55,1.0000,-1,-1,-1
388,83,664.46,393.14,72.71,169.68,1.0000,-1,-1,-1
388,84,741.03,150.77,59.84,134.16,1.0000,-1,-1,-1
388,90,843.09,324.43,77.66,142.98,1.0000,-1,-1,-1
388,92,494.85,215.10,49.65,152.80,1.0000,-1,-1,-1
388,93,897.18,213.93,82.56,168.94,1.0000,-1,-1,-1
389,80,966.72,320.30,77.84,158.10,1.0000,-1,-1,-1
389,81,525.25,226.25,77.66,157.43,1.0000,-1,-1,-1
389,82,459.51,368.24,65.74,195.73,1.0000,-1,-1,-1
389,83,668.58,394.58,70.82,169.38,1.0000,-1,-1,-1
389,84,738.54,151.82,62.14,134.62,1.0000,-1,-1,-1
389,90,847.32,325.98,76.00,141.72,1.0000,-1,-1,-1
389,92,494.49,213.83,50.16,154.35,1.0000,-1,-1,-1
389,93,896.43,210.20,84.24,172.37,1.0000,-1,-1,-1
390,80,961.08,321.25,75.83,158.48,1.0000,-1,-1,-1
390,81,527.58,226.59,77.43,156.50,1.0000,-1,-1,-1
390,82,460.64,369.58,64.54,196.06,1.0000,-1,-1,-1
390,83,675.20,396.20,66.84,169.28,1.0000,-1,-1,-1
390,84,735.52,152.27,64.45,135.13,1.0000,-1,-1,-1
390,90,848.59,326.53,75.63,141.15,1.0000,-1,-1,-1
390,92,494.13,212.58,50.66,155.89,1.0000,-1,-1,-1
390,93,895.70,206.49,85.89,175.73,1.0000,-1,-1,-1
390,94,921.45,554.60,88.95,169.90,1.0000,-1,-1,-1
391,80,956.41,322.42,74.49,158.56,1.0000,-1,-1,-1
391,81,528.61,227.43,77.99,155.72,1.0000,-1,-1,-1
391,82,462.32,370.04,63.03,196.55,1.0000,-1,-1,-1
391,83,679.49,397.52,63.87,169.02,1.0000,-1,-1,-1
391,84,732.97,152.80,66.78,135.62,1.0000,-1,-1,-1
391,90,849.90,325.60,75.22,141.67,1.0000,-1,-1,-1
391,92,491.57,218.11,54.97,157.47,1.0000,-1,-1,-1
391,93,894.98,202.82,87.50,179.03,1.0000,-1,-1,-1
391,94,915.47,554.82,94.18,170.23,1.0000,-1,-1,-1
392,80,955.41,323.17,74.63,158.88,1.0000,-1,-1,-1
392,81,528.98,231.23,78.62,153.27,1.0000,-1,-1,-1
392,82,464.02,370.38,61.80,197.27,1.0000,-1,-1,-1
392,83,682.06,398.65,63.36,169.39,1.0000,-1,-1,-1
392,84,733.19,153.32,66.94,135.96,1.0000,-1,-1,-1
392,90,850.42,325.42,74.94,142.61,1.0000,-1,-1,-1
392,92,490.24,219.67,57.69,158.21,1.0000,-1,-1,-1
392,94,911.85,557.02,96.74,168.04,1.0000,-1,-1,-1
392,95,138.54,282.84,68.36,158.20,1.0000,-1,-1,-1
393,80,954.41,323.92,74.78,159.19,1.0000,-1,-1,-1
393,81,531.32,232.70,77.99,150.42,1.0000,-1,-1,-1
393,82,465.93,370.86,60.13,197.69,1.0000,-1,-1,-1
393,83,684.38,400.21,65.02,170.33,1.0000,-1,-1,-1
393,84,733.40,153.84,67.11,136.29,1.0000,-1,-1,-1
393,90,850.23,323.48,74.66,143.98,1.0000,-1,-1,-1
393,92,488.63,221.62,61.77,162.14,1.0000,-1,-1,-1
393,94,907.09,555.15,99.59,172.99,1.0000,-1,-1,-1
393,95,139.19,279.36,70.45,163.04,1.0000,-1,-1,-1
393,96,643.68,395.91,52.21,160.94,1.0000,-1,-1,-1
394,80,953.40,324.67,74.93,159.51,1.0000,-1,-1,-1
394,81,531.42,234.71,78.86,148.79,1.0000,-1,-1,-1
394,82,467.56,371.15,58.56,198.35,1.0000,-1,-1,-1
394,83,684.47,401.52,65.95,171.20,1.0000,-1,-1,-1
394,84,733.61,154.36,67.27,136.63,1.0000,-1,-1,-1
394,90,849.41,321.27,73.70,145.69,1.0000,-1,-1,-1
394,92,487.41,224.10,63.10,162.51,1.0000,-1,-1,-1
394,94,902.36,553.35,102.36,177.80,1.0000,-1,-1,-1
394,95,139.88,275.96,72.48,167.74,1.0000,-1,-1,-1
394,96,644.00,393.08,51.38,162.73,1.0000,-1,-1,-1
395,80,936.53,335.02,76.34,156.10,1.0000,-1,-1,-1
395,81,531.34,236.25,79.69,147.21,1.0000,-1,-1,-1
395,82,468.99,371.71,57.43,198.83,1.0000,-1,-1,-1
395,83,684.66,402.46,69.25,171.75,1.0000,-1,-1,-1
395,84,733.82,154.87,67.44,136.96,1.0000,-1,-1,-1
395,90,850.86,320.71,74.21,146.70,1.0000,-1,-1,-1
395,92,487.77,224.95,63.77,162.02,1.0000,-1,-1,-1
395,94,897.67,551.61,105.06,182.48,1.0000,-1,-1,-1
395,95,140.59,272.62,74.45,172.31,1.0000,-1,-1,-1
395,96,643.26,391.64,49.71,162.38,1.0000,-1,-1,-1
396,80,923.93,338.94,84.43,153.82,1.0000,-1,-1,-1
396,81,531.68,238.96,79.98,144.55,1.0000,-1,-1,-1
396,82,470.01,372.09,56.50,199.41,1.0000,-1,-1,-1
396,83,683.10,403.69,73.47,172.13,1.0000,-1,-1,-1
396,84,734.04,155.39,67.60,137.30,1.0000,-1,-1,-1
396,90,852.31,320.16,74.72,147.71,1.0000,-1,-1,-1
396,92,488.40,227.64,65.00,160.15,1.0000,-1,-1,-1
396,94,893.01,549.93,107.69,187.05,1.0000,-1,-1,-1
396,95,141.33,269.33,76.38,176.76,1.0000,-1,-1,-1
396,96,642.57,385.74,49.52,162.88,1.0000,-1,-1,-1
397,80,919.45,345.13,89.15,149.56,1.0000,-1,-1,-1
397,81,535.63,243.48,78.06,138.55,1.0000,-1,-1,-1
397,82,470.01,372.64,56.31,199.93,1.0000,-1,-1,-1
397,83,677.88,404.35,78.81,172.71,1.0000,-1,-1,-1
397,90,853.76,319.60,75.23,148.71,1.0000,-1,-1,-1
397,92,488.47,229.03,66.12,158.76,1.0000,-1,-1,-1
397,94,888.39,548.31,110.25,191.51,1.0000,-1,-1,-1
397,95,142.10,266.11,78.26,181.11,1.0000,-1,-1,-1
397,96,641.93,382.20,48.70,162.12,1.0000,-1,-1,-1
398,80,907.13,351.77,98.71,144.71,1.0000,-1,-1,-1
398,81,535.44,245.42,77.96,135.82,1.0000,-1,-1,-1
398,82,469.12,372.84,57.25,201.02,1.0000,-1,-1,-1
398,83,672.73,404.56,83.40,173.77,1.0000,-1,-1,-1
398,90,835.32,273.34,78.41,173.75,1.0000,-1,-1,-1
398,92,486.71,229.54,65.29,155.67,1.0000,-1,-1,-1
398,96,637.28,376.13,51.14,162.80,1.0000,-1,-1,-1
399,80,899.50,355.84,105.53,142.04,1.0000,-1,-1,-1
399,81,534.43,247.44,78.60,133.70,1.0000,-1,-1,-1
399,82,468.14,374.07,58.25,201.50,1.0000,-1,-1,-1
399,83,671.37,404.71,85.59,174.42,1.0000,-1,-1,-1
399,90,835.21,269.85,79.07,175.20,1.0000,-1,-1,-1
399,92,485.77,227.85,63.57,155.08,1.0000,-1,-1,-1
399,96,633.35,373.53,53.86,162.72,1.0000,-1,-1,-1
400,80,894.98,358.20,109.84,140.06,1.0000,-1,-1,-1
400,81,532.57,249.00,79.95,132.27,1.0000,-1,-1,-1
400,82,467.46,381.09,59.00,198.07,1.0000,-1,-1,-1
400,83,671.54,404.61,85.02,175.08,1.0000,-1,-1,-1
400,90,835.10,266.37,79.72,176.64,1.0000,-1,-1,-1
400,92,485.55,226.93,61.79,154.89,1.0000,-1,-1,-1
400,96,631.92,370.40,53.73,162.31,1.0000,-1,-1,-1
401,80,888.50,359.69,111.16,138.73,1.0000,-1,-1,-1
401,81,531.89,249.55,80.89,130.73,1.0000,-1,-1,-1
401,82,467.48,385.53,59.43,195.28,1.0000,-1,-1,-1
401,83,672.70,404.97,83.75,175.41,1.0000,-1,-1,-1
401,90,835.00,262.90,80.36,178.07,1.0000,-1,-1,-1
401,92,486.89,225.38,59.97,151.76,1.0000,-1,-1,-1
401,96,630.64,374.42,55.48,162.04,1.0000,-1,-1,-1
402,80,882.05,362.14,111.00,136.70,1.0000,-1,-1,-1
402,81,529.78,247.01,82.59,132.04,1.0000,-1,-1,-1
402,82,467.85,388.16,59.92,193.56,1.0000,-1,-1,-1
402,83,672.98,405.38,82.88,175.55,1.0000,-1,-1,-1
402,90,834.89,259.43,81.00,179.49,1.0000,-1,-1,-1
402,92,487.36,225.47,58.47,148.68,1.0000,-1,-1,-1
402,96,629.29,372.06,55.46,162.00,1.0000,-1,-1,-1
402,97,873.96,225.16,74.76,126.89,1.0000,-1,-1,-1
403,80,878.26,363.85,111.29,137.06,1.0000,-1,-1,-1
403,81,525.09,243.38,84.18,134.74,1.0000,-1,-1,-1
403,82,468.32,382.64,60.73,196.59,1.0000,-1,-1,-1
403,83,674.12,407.07,82.06,175.03,1.0000,-1,-1,-1
403,90,834.79,255.97,81.63,180.90,1.0000,-1,-1,-1
403,92,486.95,225.11,58.76,149.41,1.0000,-1,-1,-1
403,96,627.95,369.69,55.45,161.96,1.0000,-1,-1,-1
403,97,877.84,224.41,75.99,127.74,1.0000,-1,-1,-1
404,80,874.47,365.57,111.59,137.42,1.0000,-1,-1,-1
404,81,524.61,241.73,83.11,135.86,1.0000,-1,-1,-1
404,82,468.80,385.10,61.51,195.28,1.0000,-1,-1,-1
404,83,674.96,408.10,82.22,174.74,1.0000,-1,-1,-1
404,92,486.85,231.64,57.54,147.44,1.0000,-1,-1,-1
404,96,626.60,367.32,55.44,161.92,1.0000,-1,-1,-1
404,97,880.53,223.86,77.52,129.37,1.0000,-1,-1,-1
405,80,870.69,367.29,111.88,137.77,1.0000,-1,-1,-1
405,81,523.34,242.56,80.55,135.49,1.0000,-1,-1,-1
405,82,469.72,387.07,61.83,194.13,1.0000,-1,-1,-1
405,83,679.92,408.49,79.95,174.97,1.0000,-1,-1,-1
405,92,486.44,231.86,57.76,148.01,1.0000,-1,-1,-1
405,96,625.25,364.96,55.42,161.88,1.0000,-1,-1,-1
405,97,884.15,224.29,77.43,129.44,1.0000,-1,-1,-1
406,80,866.90,369.00,112.17,138.13,1.0000,-1,-1,-1
406,81,521.72,241.90,76.73,136.03,1.0000,-1,-1,-1
406,82,468.87,382.61,63.09,197.25,1.0000,-1,-1,-1
406,83,684.75,408.91,74.90,174.93,1.0000,-1,-1,-1
406,92,486.03,232.07,57.98,148.57,1.0000,-1,-1,-1
406,96,623.91,362.59,55.41,161.85,1.0000,-1,-1,-1
406,97,889.86,223.60,75.80,129.34,1.0000,-1,-1,-1
407,80,863.11,370.72,112.46,138.49,1.0000,-1,-1,-1
407,81,520.70,241.01,72.80,135.22,1.0000,-1,-1,-1
407,82,470.96,385.02,62.65,196.66,1.0000,-1,-1,-1
407,83,687.95,408.49,73.94,175.39,1.0000,-1,-1,-1
407,92,485.62,232.29,58.20,149.14,1.0000,-1,-1,-1
407,97,894.05,222.22,75.05,131.90,1.0000,-1,-1,-1
408,81,520.19,237.79,67.80,136.15,1.0000,-1,-1,-1
408,82,475.32,387.71,60.60,195.59,1.0000,-1,-1,-1
408,83,686.12,407.31,73.48,175.85,1.0000,-1,-1,-1
408,92,485.21,232.51,58.42,149.70,1.0000,-1,-1,-1
408,97,895.65,221.96,76.19,133.91,1.0000,-1,-1,-1
409,81,519.24,235.99,65.50,136.83,1.0000,-1,-1,-1
409,82,478.10,390.07,59.05,194.35,1.0000,-1,-1,-1
409,83,688.68,405.99,71.03,176.02,1.0000,-1,-1,-1
409,92,484.81,232.73,58.64,150.26,1.0000,-1,-1,-1
409,97,897.26,221.71,77.32,135.89,1.0000,-1,-1,-1
409,99,798.70,337.51,112.20,149.85,1.0000,-1,-1,-1
409,101,763.77,243.38,88.85,119.67,1.0000,-1,-1,-1
410,81,520.23,229.09,63.88,139.90,1.0000,-1,-1,-1
410,82,479.56,390.91,58.21,193.42,1.0000,-1,-1,-1
410,83,691.42,403.70,68.51,175.14,1.0000,-1,-1,-1
410,97,898.88,221.47,78.43,137.85,1.0000,-1,-1,-1
410,99,795.23,329.71,105.18,148.48,1.0000,-1,-1,-1
410,101,765.25,244.01,90.36,121.70,1.0000,-1,-1,-1
411,81,519.31,228.18,63.92,140.00,1.0000,-1,-1,-1
411,82,480.78,391.30,57.94,192.93,1.0000,-1,-1,-1
411,83,692.50,403.76,68.59,175.34,1.0000,-1,-1,-1
411,97,900.51,221.25,79.53,139.77,1.0000,-1,-1,-1
411,99,791.61,325.72,101.75,143.64,1.0000,-1,-1,-1
411,101,766.73,244.66,91.84,123.70,1.0000,-1,-1,-1
412,81,517.11,232.98,63.65,138.48,1.0000,-1,-1,-1
412,82,481.68,391.10,58.17,192.88,1.0000,-1,-1,-1
412,83,693.58,403.82,68.67,175.53,1.0000,-1,-1,-1
412,97,902.14,221.05,80.61,141.67,1.0000,-1,-1,-1
412,99,788.05,321.82,98.20,138.62,1.0000,-1,-1,-1
412,101,768.24,245.32,93.30,125.67,1.0000,-1,-1,-1
413,81,511.01,231.54,67.34,138.59,1.0000,-1,-1,-1
413,82,482.67,389.42,58.58,192.52,1.0000,-1,-1,-1
413,83,700.53,392.83,63.65,173.84,1.0000,-1,-1,-1
413,99,784.56,318.01,94.52,133.43,1.0000,-1,-1,-1
413,101,769.75,246.00,94.74,127.60,1.0000,-1,-1,-1
414,81,509.67,230.96,67.40,138.72,1.0000,-1,-1,-1
414,82,483.22,387.74,59.62,192.42,1.0000,-1,-1,-1
414,83,701.90,391.93,63.69,173.96,1.0000,-1,-1,-1
414,99,781.14,314.31,90.69,128.02,1.0000,-1,-1,-1
414,101,788.80,254.83,76.10,115.83,1.0000,-1,-1,-1
415,81,506.48,225.88,70.90,140.48,1.0000,-1,-1,-1
415,82,483.42,386.55,60.85,192.51,1.0000,-1,-1,-1
415,83,703.27,391.03,63.74,174.08,1.0000,-1,-1,-1
415,99,777.80,310.72,86.69,122.37,1.0000,-1,-1,-1
415,101,791.99,252.34,75.05,121.77,1.0000,-1,-1,-1
415,103,804.44,554.14,68.40,172.21,1.0000,-1,-1,-1
416,81,507.03,227.04,71.31,139.85,1.0000,-1,-1,-1
416,82,483.12,385.47,62.40,192.56,1.0000,-1,-1,-1
416,83,704.65,390.12,63.78,174.20,1.0000,-1,-1,-1
416,101,794.73,252.55,74.33,124.76,1.0000,-1,-1,-1
416,103,787.49,554.40,82.69,175.77,1.0000,-1,-1,-1
417,81,505.80,228.25,72.32,138.35,1.0000,-1,-1,-1
417,82,483.39,384.00,63.08,192.34,1.0000,-1,-1,-1
417,83,706.02,389.22,63.82,174.32,1.0000,-1,-1,-1
417,101,796.80,255.30,72.18,124.23,1.0000,-1,-1,-1
417,103,774.81,548.09,89.15,189.50,1.0000,-1,-1,-1
417,105,186.88,256.60,62.08,142.57,1.0000,-1,-1,-1
418,81,502.98,226.69,74.80,138.88,1.0000,-1,-1,-1
418,82,482.62,382.34,64.68,191.42,1.0000,-1,-1,-1
418,83,707.39,388.32,63.87,174.44,1.0000,-1,-1,-1
418,101,797.51,257.36,72.11,123.72,1.0000,-1,-1,-1
418,103,762.35,542.25,95.17,202.30,1.0000,-1,-1,-1
418,105,190.12,257.53,60.74,139.49,1.0000,-1,-1,-1
419,81,503.21,227.99,75.45,137.15,1.0000,-1,-1,-1
419,82,482.69,381.55,65.77,190.25,1.0000,-1,-1,-1
419,101,795.20,259.08,73.68,122.99,1.0000,-1,-1,-1
419,103,750.07,536.79,100.84,214.34,1.0000,-1,-1,-1
419,105,193.37,258.49,59.37,136.34,1.0000,-1,-1,-1
420,81,500.22,228.49,77.58,136.01,1.0000,-1,-1,-1
420,82,483.34,380.42,66.76,189.71,1.0000,-1,-1,-1
420,101,793.78,260.49,74.50,121.51,1.0000,-1,-1,-1
420,103,737.94,531.65,106.20,225.74,1.0000,-1,-1,-1
420,105,196.65,259.49,57.96,133.11,1.0000,-1,-1,-1
420,106,948.98,235.60,65.75,111.41,1.0000,-1,-1,-1
421,81,498.18,229.91,79.38,133.41,1.0000,-1,-1,-1
421,82,482.63,379.56,68.50,189.32,1.0000,-1,-1,-1
421,101,792.60,261.45,75.70,120.02,1.0000,-1,-1,-1
421,103,725.93,526.79,111.30,236.59,1.0000,-1,-1,-1
421,105,199.94,260.53,56.52,129.80,1.0000,-1,-1,-1
421,106,950.38,236.20,64.53,110.43,1.0000,-1,-1,-1
422,81,498.29,231.69,79.94,130.09,1.0000,-1,-1,-1
422,82,482.23,378.91,69.97,188.93,1.0000,-1,-1,-1
422,101,794.31,263.16,75.38,119.51,1.0000,-1,-1,-1
422,105,203.25,261.61,55.04,126.40,1.0000,-1,-1,-1
422,106,951.47,236.87,63.51,108.69,1.0000,-1,-1,-1
422,107,721.43,148.29,60.59,137.57,1.0000,-1,-1,-1
423,81,498.06,233.86,80.42,126.77,1.0000,-1,-1,-1
423,82,480.09,377.88,72.23,188.61,1.0000,-1,-1,-1
423,101,796.01,264.88,75.06,118.99,1.0000,-1,-1,-1
423,106,952.57,237.54,62.47,106.91,1.0000,-1,-1,-1
423,107,721.98,147.46,61.01,138.32,1.0000,-1,-1,-1
423,108,433.87,215.72,80.69,136.67,1.0000,-1,-1,-1
424,81,496.69,236.03,81.46,124.04,1.0000,-1,-1,-1
424,82,477.86,377.27,74.55,188.18,1.0000,-1,-1,-1
424,101,792.84,262.75,75.72,117.86,1.0000,-1,-1,-1
424,106,953.67,238.23,61.42,105.11,1.0000,-1,-1,-1
424,107,722.36,146.66,61.17,138.83,1.0000,-1,-1,-1
424,108,431.63,217.34,79.09,134.67,1.0000,-1,-1,-1
425,81,495.78,235.75,81.55,124.18,1.0000,-1,-1,-1
425,82,475.35,376.90,76.92,187.60,1.0000,-1,-1,-1
425,101,792.94,263.65,76.22,116.63,1.0000,-1,-1,-1
425,106,954.32,234.99,66.56,113.54,1.0000,-1,-1,-1
425,107,722.95,145.85,61.00,139.29,1.0000,-1,-1,-1
425,108,430.94,214.98,77.28,135.13,1.0000,-1,-1,-1
425,110,611.59,318.72,85.08,144.32,1.0000,-1,-1,-1
426,81,494.87,235.46,81.64,124.31,1.0000,-1,-1,-1
426,82,473.97,376.75,78.40,187.65,1.0000,-1,-1,-1
426,101,793.37,263.48,76.57,116.36,1.0000,-1,-1,-1
426,106,954.96,234.58,66.80,114.01,1.0000,-1,-1,-1
426,107,723.48,145.21,60.87,139.83,1.0000,-1,-1,-1
426,108,430.69,209.40,75.70,138.57,1.0000,-1,-1,-1
426,110,597.81,316.96,88.69,146.29,1.0000,-1,-1,-1
427,81,493.96,235.18,81.73,124.45,1.0000,-1,-1,-1
427,82,472.79,376.47,79.31,187.55,1.0000,-1,-1,-1
427,101,794.10,262.71,76.94,116.75,1.0000,-1,-1,-1
427,106,955.36,234.19,66.95,114.13,1.0000,-1,-1,-1
427,107,724.71,145.21,60.16,139.71,1.0000,-1,-1,-1
427,108,431.29,207.20,74.30,140.28,1.0000,-1,-1,-1
427,110,584.12,316.37,89.88,145.77,1.0000,-1,-1,-1
428,81,493.06,234.90,81.82,124.59,1.0000,-1,-1,-1
428,82,471.12,375.79,79.21,187.77,1.0000,-1,-1,-1
428,101,794.76,263.22,76.91,116.23,1.0000,-1,-1,-1
428,106,955.94,233.01,66.98,114.26,1.0000,-1,-1,-1
428,107,726.23,144.93,59.22,139.25,1.0000,-1,-1,-1
428,108,429.74,206.06,73.88,139.50,1.0000,-1,-1,-1
428,110,560.58,317.56,74.93,130.28,1.0000,-1,-1,-1
429,81,492.15,234.61,81.91,124.72,1.0000,-1,-1,-1
429,82,470.25,374.56,78.66,188.58,1.0000,-1,-1,-1
429,101,795.34,264.60,76.62,115.09,1.0000,-1,-1,-1
429,106,956.80,232.41,66.84,114.14,1.0000,-1,-1,-1
429,107,727.30,144.21,58.57,138.98,1.0000,-1,-1,-1
429,108,428.19,204.93,73.47,138.71,1.0000,-1,-1,-1
429,110,545.33,316.38,74.00,128.66,1.0000,-1,-1,-1
430,82,468.81,367.97,78.00,192.53,1.0000,-1,-1,-1
430,101,796.41,264.53,76.46,114.75,1.0000,-1,-1,-1
430,106,957.89,232.18,66.57,114.17,1.0000,-1,-1,-1
430,107,728.35,143.41,57.96,138.75,1.0000,-1,-1,-1
430,108,433.20,207.38,70.53,140.49,1.0000,-1,-1,-1
430,110,540.33,327.19,68.44,125.90,1.0000,-1,-1,-1
430,112,675.92,307.31,49.33,130.92,1.0000,-1,-1,-1
431,82,468.24,361.16,78.49,197.57,1.0000,-1,-1,-1
431,101,797.33,263.67,76.50,115.08,1.0000,-1,-1,-1
431,106,958.70,232.69,66.75,114.03,1.0000,-1,-1,-1
431,107,729.05,142.82,57.95,138.73,1.0000,-1,-1,-1
431,108,432.44,207.03,70.04,139.50,1.0000,-1,-1,-1
431,110,531.48,328.26,69.30,127.11,1.0000,-1,-1,-1
431,112,668.85,308.35,50.66,137.74,1.0000,-1,-1,-1
432,82,466.90,354.93,75.83,202.34,1.0000,-1,-1,-1
432,101,798.16,262.90,76.10,114.94,1.0000,-1,-1,-1
432,106,959.57,232.49,66.77,114.07,1.0000,-1,-1,-1
432,107,729.58,143.03,57.02,138.21,1.0000,-1,-1,-1
432,108,431.67,206.69,69.53,138.50,1.0000,-1,-1,-1
432,110,522.41,329.39,71.31,127.69,1.0000,-1,-1,-1
432,112,661.68,307.80,51.36,136.90,1.0000,-1,-1,-1
433,82,465.48,359.80,75.02,201.51,1.0000,-1,-1,-1
433,101,799.18,263.45,75.86,114.58,1.0000,-1,-1,-1
433,106,960.44,232.29,66.79,114.11,1.0000,-1,-1,-1
433,107,731.17,140.09,56.90,139.07,1.0000,-1,-1,-1
433,108,430.91,206.35,69.03,137.50,1.0000,-1,-1,-1
433,110,510.24,330.59,70.54,126.32,1.0000,-1,-1,-1
433,112,648.31,309.40,52.90,133.01,1.0000,-1,-1,-1
434,82,465.54,362.60,76.17,200.17,1.0000,-1,-1,-1
434,101,797.42,262.54,77.47,114.29,1.0000,-1,-1,-1
434,106,961.31,232.08,66.82,114.15,1.0000,-1,-1,-1
434,107,732.20,138.96,56.99,139.61,1.0000,-1,-1,-1
434,108,430.15,206.01,68.52,136.48,1.0000,-1,-1,-1
434,110,498.08,331.81,69.77,124.94,1.0000,-1,-1,-1
434,112,636.24,314.09,56.16,130.53,1.0000,-1,-1,-1
435,82,464.98,360.97,78.46,201.11,1.0000,-1,-1,-1
435,101,800.33,262.31,76.28,113.98,1.0000,-1,-1,-1
435,106,962.18,231.88,66.84,114.19,1.0000,-1,-1,-1
435,107,731.95,138.03,57.30,140.09,1.0000,-1,-1,-1
435,108,429.39,205.68,68.01,135.47,1.0000,-1,-1,-1
435,110,485.93,333.03,68.99,123.53,1.0000,-1,-1,-1
435,112,620.40,319.40,63.83,135.69,1.0000,-1,-1,-1
436,82,461.46,359.73,81.44,201.67,1.0000,-1,-1,-1
436,101,801.32,262.66,76.06,113.65,1.0000,-1,-1,-1
436,106,963.05,231.68,66.86,114.23,1.0000,-1,-1,-1
436,107,732.63,137.28,57.29,140.07,1.0000,-1,-1,-1
436,110,473.78,334.26,68.20,122.12,1.0000,-1,-1,-1
436,112,609.94,323.01,69.85,138.32,1.0000,-1,-1,-1
436,113,685.25,559.91,64.72,147.80,1.0000,-1,-1,-1
437,82,458.02,353.54,84.39,205.09,1.0000,-1,-1,-1
437,101,807.11,260.75,73.29,114.26,1.0000,-1,-1,-1
437,107,733.30,136.54,57.28,140.05,1.0000,-1,-1,-1
437,110,461.63,335.50,67.39,120.68,1.0000,-1,-1,-1
437,112,601.53,324.58,74.46,138.85,1.0000,-1,-1,-1
437,113,682.05,561.59,57.00,143.97,1.0000,-1,-1,-1
438,82,452.89,352.48,88.51,206.52,1.0000,-1,-1,-1
438,101,808.42,260.98,73.04,113.86,1.0000,-1,-1,-1
438,107,733.93,135.93,57.06,140.81,1.0000,-1,-1,-1
438,112,596.75,326.27,76.31,138.05,1.0000,-1,-1,-1
438,113,678.18,561.40,51.98,143.17,1.0000,-1,-1,-1
439,82,441.51,346.06,95.67,210.17,1.0000,-1,-1,-1
439,101,809.74,261.21,72.78,113.46,1.0000,-1,-1,-1
439,107,734.59,135.22,57.05,140.80,1.0000,-1,-1,-1
439,112,592.25,329.58,74.87,135.52,1.0000,-1,-1,-1
439,113,670.08,558.55,53.12,148.93,1.0000,-1,-1,-1
440,82,449.44,349.17,91.87,208.24,1.0000,-1,-1,-1
440,101,811.06,261.44,72.53,113.07,1.0000,-1,-1,-1
440,107,735.26,134.52,57.05,140.79,1.0000,-1,-1,-1
440,112,586.97,331.50,74.82,133.48,1.0000,-1,-1,-1
440,113,660.16,554.51,57.91,157.01,1.0000,-1,-1,-1
441,82,453.37,352.13,88.94,205.97,1.0000,-1,-1,-1
441,101,812.37,261.67,72.27,112.67,1.0000,-1,-1,-1
441,107,735.92,133.82,57.04,140.77,1.0000,-1,-1,-1
441,112,581.22,332.48,75.96,132.25,1.0000,-1,-1,-1
441,113,650.03,550.55,64.88,164.65,1.0000,-1,-1,-1
441,114,459.42,208.26,69.63,151.43,1.0000,-1,-1,-1
442,82,454.46,353.29,86.54,203.56,1.0000,-1,-1,-1
442,101,813.69,261.90,72.01,112.26,1.0000,-1,-1,-1
442,107,736.58,133.12,57.04,140.76,1.0000,-1,-1,-1
442,112,575.47,332.69,78.41,131.36,1.0000,-1,-1,-1
442,113,642.89,547.35,71.29,170.12,1.0000,-1,-1,-1
442,114,462.30,206.85,65.65,149.99,1.0000,-1,-1,-1
443,82,458.06,353.79,84.17,201.24,1.0000,-1,-1,-1
443,107,737.59,130.32,55.88,140.76,1.0000,-1,-1,-1
443,112,570.62,332.19,80.23,130.42,1.0000,-1,-1,-1
443,113,637.60,544.94,76.64,173.87,1.0000,-1,-1,-1
443,114,466.01,205.15,63.16,151.01,1.0000,-1,-1,-1
444,82,457.70,352.82,79.52,198.49,1.0000,-1,-1,-1
444,107,738.06,128.16,56.15,141.24,1.0000,-1,-1,-1
444,112,568.06,331.01,80.78,131.06,1.0000,-1,-1,-1
444,113,633.93,543.32,79.50,176.00,1.0000,-1,-1,-1
444,114,469.19,205.55,61.22,146.36,1.0000,-1,-1,-1
445,82,456.77,352.50,77.73,197.47,1.0000,-1,-1,-1
445,107,738.12,126.50,56.39,141.53,1.0000,-1,-1,-1
445,112,566.98,331.68,81.43,135.24,1.0000,-1,-1,-1
445,113,630.74,540.96,79.58,177.81,1.0000,-1,-1,-1
445,114,472.40,206.03,59.21,141.56,1.0000,-1,-1,-1
446,82,456.41,352.11,76.38,196.45,1.0000,-1,-1,-1
446,107,737.97,123.85,56.88,142.65,1.0000,-1,-1,-1
446,112,567.03,332.79,81.65,140.51,1.0000,-1,-1,-1
446,113,627.16,539.44,77.06,178.57,1.0000,-1,-1,-1
446,114,475.65,206.60,57.13,136.58,1.0000,-1,-1,-1
446,118,968.61,216.82,72.60,124.00,1.0000,-1,-1,-1
447,82,456.35,351.34,75.10,195.92,1.0000,-1,-1,-1
447,107,737.98,120.40,57.34,144.26,1.0000,-1,-1,-1
447,112,567.25,333.77,82.14,145.84,1.0000,-1,-1,-1
447,113,620.38,537.53,75.82,179.30,1.0000,-1,-1,-1
447,114,478.94,207.26,54.97,131.42,1.0000,-1,-1,-1
447,115,354.70,366.08,85.49,129.45,1.0000,-1,-1,-1
447,118,967.92,212.91,74.64,127.48,1.0000,-1,-1,-1
448,82,456.70,350.29,73.88,195.31,1.0000,-1,-1,-1
448,107,738.05,118.41,57.78,145.17,1.0000,-1,-1,-1
448,112,567.32,334.04,82.70,149.74,1.0000,-1,-1,-1
448,113,615.92,536.81,73.48,178.80,1.0000,-1,-1,-1
448,114,482.28,208.02,52.72,126.05,1.0000,-1,-1,-1
448,115,352.05,367.16,86.09,133.78,1.0000,-1,-1,-1
448,118,970.24,212.85,73.36,129.14,1.0000,-1,-1,-1
449,82,457.89,348.89,73.04,194.83,1.0000,-1,-1,-1
449,107,738.81,118.36,57.98,144.63,1.0000,-1,-1,-1
449,112,567.15,334.27,84.54,151.82,1.0000,-1,-1,-1
449,113,611.71,534.95,70.39,178.42,1.0000,-1,-1,-1
449,115,347.16,370.73,89.32,141.54,1.0000,-1,-1,-1
449,118,970.36,210.53,74.68,131.46,1.0000,-1,-1,-1
450,82,459.30,347.87,72.20,194.37,1.0000,-1,-1,-1
450,107,738.50,119.19,58.81,145.06,1.0000,-1,-1,-1
450,112,570.25,333.28,83.38,153.55,1.0000,-1,-1,-1
450,113,609.34,533.01,67.96,178.46,1.0000,-1,-1,-1
450,115,342.99,373.73,91.85,146.74,1.0000,-1,-1,-1
450,118,970.51,208.23,75.97,133.74,1.0000,-1,-1,-1
451,82,460.61,346.05,71.53,194.58,1.0000,-1,-1,-1
451,107,738.98,117.86,59.12,144.39,1.0000,-1,-1,-1
451,112,573.10,331.98,83.75,154.45,1.0000,-1,-1,-1
451,113,603.90,531.01,68.44,180.18,1.0000,-1,-1,-1
451,115,339.64,375.41,95.28,149.24,1.0000,-1,-1,-1
451,116,922.99,284.57,96.86,131.71,1.0000,-1,-1,-1
451,118,970.66,205.95,77.25,135.98,1.0000,-1,-1,-1
452,82,462.74,343.81,69.98,195.16,1.0000,-1,-1,-1
452,107,739.61,117.49,60.65,144.05,1.0000,-1,-1,-1
452,112,574.98,330.16,83.89,154.53,1.0000,-1,-1,-1
452,113,596.71,529.17,70.60,182.21,1.0000,-1,-1,-1
452,115,338.13,376.58,97.21,149.70,1.0000,-1,-1,-1
452,116,936.02,280.69,96.68,131.46,1.0000,-1,-1,-1
452,118,970.82,203.69,78.50,138.18,1.0000,-1,-1,-1
452,119,776.56,238.50,123.73,211.37,1.0000,-1,-1,-1
453,82,465.32,341.13,69.22,196.25,1.0000,-1,-1,-1
453,107,741.22,114.48,61.74,143.57,1.0000,-1,-1,-1
453,112,576.30,329.14,82.73,153.96,1.0000,-1,-1,-1
453,113,587.70,527.24,74.79,183.65,1.0000,-1,-1,-1
453,115,337.56,376.90,98.21,148.98,1.0000,-1,-1,-1
453,116,949.06,276.81,96.49,131.21,1.0000,-1,-1,-1
453,118,970.99,201.44,79.73,140.35,1.0000,-1,-1,-1
453,119,783.56,268.51,118.80,184.13,1.0000,-1,-1,-1
454,82,465.67,336.27,72.78,197.85,1.0000,-1,-1,-1
454,107,742.43,110.15,63.67,144.47,1.0000,-1,-1,-1
454,112,577.87,330.93,81.59,156.12,1.0000,-1,-1,-1
454,113,577.21,524.07,79.70,185.34,1.0000,-1,-1,-1
454,115,336.09,376.27,98.83,148.45,1.0000,-1,-1,-1
454,116,976.68,252.91,93.48,146.60,1.0000,-1,-1,-1
454,119,802.23,276.95,108.14,166.89,1.0000,-1,-1,-1
455,82,468.00,332.31,75.23,199.94,1.0000,-1,-1,-1
455,107,743.14,108.59,65.73,144.46,1.0000,-1,-1,-1
455,112,576.99,332.73,79.28,158.47,1.0000,-1,-1,-1
455,113,571.44,522.64,83.53,185.77,1.0000,-1,-1,-1
455,115,336.37,375.23,98.67,148.19,1.0000,-1,-1,-1
455,116,992.50,252.33,85.50,147.15,1.0000,-1,-1,-1
455,119,817.88,282.76,97.35,156.45,1.0000,-1,-1,-1
456,82,469.47,328.96,76.98,201.36,1.0000,-1,-1,-1
456,107,743.43,107.65,68.12,143.94,1.0000,-1,-1,-1
456,112,579.93,334.60,76.74,159.70,1.0000,-1,-1,-1
456,113,568.89,521.76,85.57,185.81,1.0000,-1,-1,-1
456,115,336.36,376.83,98.95,150.65,1.0000,-1,-1,-1
456,116,1005.62,253.83,82.00,147.31,1.0000,-1,-1,-1
456,119,834.70,284.66,85.77,150.43,1.0000,-1,-1,-1
456,121,206.01,179.21,57.07,165.74,1.0000,-1,-1,-1
457,82,470.17,321.73,79.49,205.54,1.0000,-1,-1,-1
457,107,742.87,106.67,70.49,143.12,1.0000,-1,-1,-1
457,112,581.02,337.32,74.90,160.25,1.0000,-1,-1,-1
457,113,566.83,522.32,85.48,185.45,1.0000,-1,-1,-1
457,115,337.95,379.43,97.99,154.78,1.0000,-1,-1,-1
457,116,1018.34,254.43,77.19,146.19,1.0000,-1,-1,-1
457,119,849.69,285.78,76.04,147.39,1.0000,-1,-1,-1
457,121,208.54,176.81,55.89,163.17,1.0000,-1,-1,-1
457,122,831.36,224.88,61.53,102.73,1.0000,-1,-1,-1
458,82,471.76,314.30,83.19,210.51,1.0000,-1,-1,-1
458,107,741.60,107.09,72.32,141.86,1.0000,-1,-1,-1
458,112,583.17,341.10,74.19,161.46,1.0000,-1,-1,-1
458,113,565.91,521.99,85.36,184.81,1.0000,-1,-1,-1
458,115,339.95,381.71,96.36,159.77,1.0000,-1,-1,-1
458,116,1032.52,255.18,74.37,144.82,1.0000,-1,-1,-1
458,119,857.85,284.09,70.80,143.30,1.0000,-1,-1,-1
458,121,208.72,176.64,56.39,165.78,1.0000,-1,-1,-1
458,122,834.00,226.59,57.64,102.78,1.0000,-1,-1,-1
459,82,473.31,320.68,90.40,206.59,1.0000,-1,-1,-1
459,107,740.19,106.45,74.63,140.74,1.0000,-1,-1,-1
459,112,584.78,346.92,74.10,163.76,1.0000,-1,-1,-1
459,113,562.64,520.09,83.67,184.15,1.0000,-1,-1,-1
459,115,341.22,386.34,95.57,164.63,1.0000,-1,-1,-1
459,116,1054.89,254.66,78.57,145.85,1.0000,-1,-1,-1
459,119,868.96,283.23,72.54,144.69,1.0000,-1,-1,-1
459,121,210.29,173.11,56.51,163.41,1.0000,-1,-1,-1
459,122,834.68,225.92,56.90,107.72,1.0000,-1,-1,-1
460,82,472.84,325.11,96.15,203.14,1.0000,-1,-1,-1
460,107,739.19,106.03,76.14,139.31,1.0000,-1,-1,-1
460,112,585.23,349.69,74.55,163.67,1.0000,-1,-1,-1
460,113,559.47,519.49,81.72,183.45,1.0000,-1,-1,-1
460,115,344.14,387.87,93.65,165.89,1.0000,-1,-1,-1
460,116,1067.96,255.64,85.28,147.47,1.0000,-1,-1,-1
460,119,875.54,281.04,80.32,146.83,1.0000,-1,-1,-1
460,121,210.89,170.39,56.97,164.74,1.0000,-1,-1,-1
460,122,833.93,227.14,54.50,108.17,1.0000,-1,-1,-1
460,124,498.63,185.25,80.88,164.76,1.0000,-1,-1,-1
461,82,471.42,326.63,99.61,200.73,1.0000,-1,-1,-1
461,107,738.79,106.47,77.21,138.03,1.0000,-1,-1,-1
461,112,585.88,351.06,74.67,162.57,1.0000,-1,-1,-1
461,113,556.98,519.11,79.58,183.12,1.0000,-1,-1,-1
461,115,347.33,391.40,91.61,164.14,1.0000,-1,-1,-1
461,116,1071.06,258.11,95.12,147.99,1.0000,-1,-1,-1
461,119,878.19,278.64,89.63,148.87,1.0000,-1,-1,-1
461,121,210.88,168.14,57.00,158.66,1.0000,-1,-1,-1
461,122,833.74,227.53,52.84,110.24,1.0000,-1,-1,-1
461,124,498.43,187.47,82.02,163.71,1.0000,-1,-1,-1
462,82,470.32,321.31,102.74,202.99,1.0000,-1,-1,-1
462,107,739.27,105.05,77.46,138.47,1.0000,-1,-1,-1
462,112,585.55,351.51,73.83,161.34,1.0000,-1,-1,-1
462,113,553.14,518.36,77.84,183.42,1.0000,-1,-1,-1
462,115,350.48,393.26,90.76,161.13,1.0000,-1,-1,-1
462,116,1067.86,260.29,106.71,147.74,1.0000,-1,-1,-1
462,119,879.12,278.17,97.40,150.00,1.0000,-1,-1,-1
462,121,210.78,169.81,58.17,161.53,1.0000,-1,-1,-1
462,122,835.08,225.54,54.91,114.85,1.0000,-1,-1,-1
462,124,497.53,184.30,83.27,166.10,1.0000,-1,-1,-1
463,82,470.50,328.90,104.97,198.72,1.0000,-1,-1,-1
463,107,743.32,105.50,76.15,138.12,1.0000,-1,-1,-1
463,112,584.73,351.06,73.19,160.69,1.0000,-1,-1,-1
463,113,550.55,518.04,76.31,183.83,1.0000,-1,-1,-1
463,115,355.08,399.60,93.55,157.82,1.0000,-1,-1,-1
463,116,1061.37,262.20,117.14,149.03,1.0000,-1,-1,-1
463,119,880.92,280.25,101.97,148.53,1.0000,-1,-1,-1
463,121,210.39,170.27,58.71,163.56,1.0000,-1,-1,-1
463,122,835.75,227.12,54.51,114.02,1.0000,-1,-1,-1
463,124,497.66,181.46,83.23,168.03,1.0000,-1,-1,-1
464,82,473.04,332.30,104.13,194.71,1.0000,-1,-1,-1
464,107,751.55,105.61,71.64,138.13,1.0000,-1,-1,-1
464,112,577.53,350.14,75.16,161.11,1.0000,-1,-1,-1
464,113,546.23,517.35,75.01,184.72,1.0000,-1,-1,-1
464,115,359.50,402.39,101.05,158.04,1.0000,-1,-1,-1
464,116,1068.08,264.72,115.56,146.33,1.0000,-1,-1,-1
464,119,884.75,280.60,102.66,148.19,1.0000,-1,-1,-1
464,121,210.74,168.51,59.07,164.59,1.0000,-1,-1,-1
464,122,831.24,229.87,51.70,110.92,1.0000,-1,-1,-1
464,124,498.77,179.97,81.94,168.18,1.0000,-1,-1,-1
465,82,475.19,334.33,102.84,191.55,1.0000,-1,-1,-1
465,107,757.97,105.99,66.94,137.95,1.0000,-1,-1,-1
465,112,573.15,349.31,76.92,160.92,1.0000,-1,-1,-1
465,113,542.22,518.19,74.60,186.34,1.0000,-1,-1,-1
465,115,363.00,400.08,109.51,160.81,1.0000,-1,-1,-1
465,116,1069.01,266.03,113.76,144.37,1.0000,-1,-1,-1
465,119,889.59,280.66,101.16,146.93,1.0000,-1,-1,-1
465,121,211.09,166.75,59.44,165.61,1.0000,-1,-1,-1
465,122,828.67,231.08,50.13,112.16,1.0000,-1,-1,-1
465,124,499.92,180.43,80.36,167.66,1.0000,-1,-1,-1
466,82,476.40,336.66,100.26,188.45,1.0000,-1,-1,-1
466,107,759.47,105.04,67.03,138.16,1.0000,-1,-1,-1
466,112,581.44,349.49,71.63,160.43,1.0000,-1,-1,-1
466,113,538.29,517.25,76.11,187.70,1.0000,-1,-1,-1
466,115,370.32,397.33,114.47,163.57,1.0000,-1,-1,-1
466,116,1071.19,266.90,110.10,142.66,1.0000,-1,-1,-1
466,119,894.74,282.00,96.72,144.98,1.0000,-1,-1,-1
466,121,211.45,164.99,59.80,166.62,1.0000,-1,-1,-1
466,122,825.95,233.94,49.58,116.50,1.0000,-1,-1,-1
466,124,502.35,182.67,77.72,165.79,1.0000,-1,-1,-1
467,82,477.59,337.50,97.69,186.00,1.0000,-1,-1,-1
467,107,760.97,104.09,67.13,138.36,1.0000,-1,-1,-1
467,112,586.32,351.22,67.51,160.03,1.0000,-1,-1,-1
467,113,535.17,519.11,76.48,188.46,1.0000,-1,-1,-1
467,115,372.44,399.00,115.09,166.36,1.0000,-1,-1,-1
467,116,1081.57,268.89,100.86,140.42,1.0000,-1,-1,-1
467,119,901.40,252.29,91.00,157.46,1.0000,-1,-1,-1
467,121,211.81,163.24,60.16,167.62,1.0000,-1,-1,-1
467,122,822.86,232.96,47.92,117.35,1.0000,-1,-1,-1
467,124,502.51,184.03,75.90,164.52,1.0000,-1,-1,-1
468,82,477.69,339.06,95.96,183.76,1.0000,-1,-1,-1
468,107,762.47,103.14,67.23,138.56,1.0000,-1,-1,-1
468,112,586.44,354.69,65.56,160.74,1.0000,-1,-1,-1
468,113,533.25,520.19,76.22,188.93,1.0000,-1,-1,-1
468,115,374.38,400.67,115.90,167.52,1.0000,-1,-1,-1
468,116,1087.01,269.62,93.50,138.65,1.0000,-1,-1,-1
468,119,906.33,239.34,84.06,166.84,1.0000,-1,-1,-1
468,121,212.17,161.48,60.52,168.62,1.0000,-1,-1,-1
468,122,820.41,235.27,47.58,120.17,1.0000,-1,-1,-1
468,124,502.85,187.56,73.39,161.12,1.0000,-1,-1,-1
469,82,478.59,338.59,96.13,184.09,1.0000,-1,-1,-1
469,107,763.97,102.19,67.33,138.77,1.0000,-1,-1,-1
469,112,584.64,356.01,64.37,158.55,1.0000,-1,-1,-1
469,113,529.56,521.52,74.99,187.71,1.0000,-1,-1,-1
469,115,376.31,402.35,116.69,168.67,1.0000,-1,-1,-1
469,116,1090.51,270.60,87.90,137.31,1.0000,-1,-1,-1
469,119,911.25,261.83,76.35,159.46,1.0000,-1,-1,-1
469,122,813.15,233.36,48.17,117.84,1.0000,-1,-1,-1
469,124,500.00,190.73,71.86,158.26,1.0000,-1,-1,-1
470,82,477.07,322.99,95.66,192.20,1.0000,-1,-1,-1
470,107,765.47,101.24,67.43,138.97,1.0000,-1,-1,-1
470,112,581.08,361.04,65.05,158.99,1.0000,-1,-1,-1
470,113,526.92,522.53,73.77,186.63,1.0000,-1,-1,-1
470,115,378.25,404.03,117.48,169.82,1.0000,-1,-1,-1
470,116,1092.77,271.14,83.80,136.86,1.0000,-1,-1,-1
470,119,915.45,272.64,70.78,152.48,1.0000,-1,-1,-1
470,122,806.95,232.31,49.46,115.50,1.0000,-1,-1,-1
470,124,496.26,193.93,71.41,155.66,1.0000,-1,-1,-1
471,82,474.50,318.80,95.54,196.74,1.0000,-1,-1,-1
471,112,579.86,361.42,64.35,155.61,1.0000,-1,-1,-1
471,113,524.49,523.99,73.12,185.75,1.0000,-1,-1,-1
471,115,413.07,416.16,99.34,161.88,1.0000,-1,-1,-1
471,116,1093.81,272.11,80.58,136.88,1.0000,-1,-1,-1
471,119,917.77,277.61,66.64,147.47,1.0000,-1,-1,-1
471,122,799.11,231.79,51.66,117.51,1.0000,-1,-1,-1
471,124,494.29,196.43,70.92,153.37,1.0000,-1,-1,-1
472,82,470.11,315.49,94.97,200.79,1.0000,-1,-1,-1
472,112,579.43,362.28,62.96,152.75,1.0000,-1,-1,-1
472,113,523.25,524.82,72.06,185.14,1.0000,-1,-1,-1
472,115,417.11,418.61,99.68,162.44,1.0000,-1,-1,-1
472,116,1093.10,271.63,78.63,137.40,1.0000,-1,-1,-1
472,119,920.40,281.45,62.54,142.81,1.0000,-1,-1,-1
472,122,793.65,232.80,53.41,120.86,1.0000,-1,-1,-1
472,124,489.31,192.12,72.53,155.55,1.0000,-1,-1,-1
473,82,470.01,313.95,95.16,201.18,1.0000,-1,-1,-1
473,112,578.45,363.26,63.18,153.27,1.0000,-1,-1,-1
473,113,521.89,525.37,71.12,184.40,1.0000,-1,-1,-1
473,115,427.48,428.12,102.94,153.45,1.0000,-1,-1,-1
473,116,1093.63,272.93,78.08,139.35,1.0000,-1,-1,-1
473,119,923.53,284.80,57.78,138.86,1.0000,-1,-1,-1
473,122,788.08,231.42,55.58,125.25,1.0000,-1,-1,-1
473,124,486.40,187.67,73.65,159.06,1.0000,-1,-1,-1
473,126,528.09,362.80,110.21,162.34,1.0000,-1,-1,-1
474,82,469.90,312.42,95.34,201.58,1.0000,-1,-1,-1
474,112,577.47,364.23,63.39,153.79,1.0000,-1,-1,-1
474,113,518.09,524.63,70.10,183.59,1.0000,-1,-1,-1
474,115,439.76,426.58,107.26,151.42,1.0000,-1,-1,-1
474,116,1095.23,275.66,80.90,140.86,1.0000,-1,-1,-1
474,119,924.39,289.01,55.38,136.08,1.0000,-1,-1,-1
474,122,779.75,230.68,57.00,125.33,1.0000,-1,-1,-1
474,124,485.18,192.98,74.87,156.77,1.0000,-1,-1,-1
474,125,870.12,227.48,55.67,136.44,1.0000,-1,-1,-1
474,126,534.65,364.90,107.25,158.86,1.0000,-1,-1,-1
475,82,469.80,310.88,95.53,201.98,1.0000,-1,-1,-1
475,112,572.99,367.05,67.33,155.18,1.0000,-1,-1,-1
475,113,517.45,523.97,68.30,182.14,1.0000,-1,-1,-1
475,115,445.31,428.77,107.61,151.91,1.0000,-1,-1,-1
475,116,1095.26,277.69,82.80,141.37,1.0000,-1,-1,-1
475,119,926.48,292.16,53.56,133.23,1.0000,-1,-1,-1
475,122,771.86,232.09,57.89,126.55,1.0000,-1,-1,-1
475,124,481.72,197.30,76.80,154.47,1.0000,-1,-1,-1
475,125,864.44,228.65,52.57,135.43,1.0000,-1,-1,-1
475,126,534.67,364.63,108.71,161.02,1.0000,-1,-1,-1
476,82,457.03,325.51,87.95,191.93,1.0000,-1,-1,-1
476,112,570.34,366.97,68.55,149.40,1.0000,-1,-1,-1
476,113,517.24,521.68,66.88,181.29,1.0000,-1,-1,-1
476,115,450.85,430.96,107.96,152.40,1.0000,-1,-1,-1
476,116,1093.81,279.36,83.48,141.52,1.0000,-1,-1,-1
476,119,927.79,291.55,51.90,126.12,1.0000,-1,-1,-1
476,122,765.73,233.53,58.76,129.89,1.0000,-1,-1,-1
476,124,477.57,199.17,78.65,153.82,1.0000,-1,-1,-1
476,125,858.76,227.10,51.33,135.55,1.0000,-1,-1,-1
476,126,534.69,364.38,110.15,163.15,1.0000,-1,-1,-1
477,82,457.16,328.93,85.70,187.19,1.0000,-1,-1,-1
477,112,569.11,367.74,68.80,149.93,1.0000,-1,-1,-1
477,113,515.89,522.12,65.73,179.34,1.0000,-1,-1,-1
477,115,456.40,433.16,108.31,152.89,1.0000,-1,-1,-1
477,116,1091.61,280.57,83.45,141.20,1.0000,-1,-1,-1
477,119,930.60,295.77,55.19,127.33,1.0000,-1,-1,-1
477,122,760.44,233.68,58.22,130.59,1.0000,-1,-1,-1
477,124,475.60,201.62,79.95,152.45,1.0000,-1,-1,-1
477,125,854.83,230.71,51.35,135.76,1.0000,-1,-1,-1
477,126,534.72,364.14,111.57,165.25,1.0000,-1,-1,-1
478,82,458.21,331.11,84.53,184.22,1.0000,-1,-1,-1
478,112,567.89,368.51,69.04,150.47,1.0000,-1,-1,-1
478,113,513.70,524.12,65.28,176.65,1.0000,-1,-1,-1
478,115,461.94,435.36,108.65,153.38,1.0000,-1,-1,-1
478,116,1089.97,282.12,82.84,140.43,1.0000,-1,-1,-1
478,119,932.02,298.03,59.58,128.97,1.0000,-1,-1,-1
478,122,755.85,237.46,58.52,132.70,1.0000,-1,-1,-1
478,124,473.74,201.16,80.97,152.42,1.0000,-1,-1,-1
478,125,850.00,233.47,53.34,137.66,1.0000,-1,-1,-1
478,126,559.53,382.55,104.98,146.09,1.0000,-1,-1,-1
479,82,458.45,332.30,84.60,182.96,1.0000,-1,-1,-1
479,112,566.66,369.29,69.29,151.00,1.0000,-1,-1,-1
479,113,509.79,523.55,64.68,175.85,1.0000,-1,-1,-1
479,115,467.49,437.55,108.99,153.86,1.0000,-1,-1,-1
479,116,1087.79,284.58,81.30,138.53,1.0000,-1,-1,-1
479,119,934.26,302.10,66.13,132.57,1.0000,-1,-1,-1
479,122,743.13,242.66,61.73,138.23,1.0000,-1,-1,-1
479,124,471.15,200.91,82.20,152.60,1.0000,-1,-1,-1
479,125,839.98,238.72,57.77,141.00,1.0000,-1,-1,-1
479,126,556.44,388.69,110.37,144.18,1.0000,-1,-1,-1
480,82,458.87,328.63,84.97,184.50,1.0000,-1,-1,-1
480,112,565.44,370.06,69.53,151.54,1.0000,-1,-1,-1
480,113,506.01,523.74,65.34,175.34,1.0000,-1,-1,-1
480,116,1086.84,286.28,79.57,136.93,1.0000,-1,-1,-1
480,119,932.93,303.77,71.95,136.05,1.0000,-1,-1,-1
480,122,735.44,245.26,65.30,134.32,1.0000,-1,-1,-1
480,124,469.93,200.13,82.70,153.04,1.0000,-1,-1,-1
480,125,832.24,240.33,61.36,144.16,1.0000,-1,-1,-1
480,126,557.09,395.10,110.67,148.57,1.0000,-1,-1,-1
481,82,458.73,325.29,84.76,186.58,1.0000,-1,-1,-1
481,112,564.22,370.84,69.78,152.07,1.0000,-1,-1,-1
481,113,503.09,523.57,65.54,174.95,1.0000,-1,-1,-1
481,116,1086.20,287.40,77.52,135.51,1.0000,-1,-1,-1
481,119,931.38,305.69,77.36,138.55,1.0000,-1,-1,-1
481,122,725.40,247.77,68.04,131.65,1.0000,-1,-1,-1
481,124,470.19,200.34,82.68,152.80,1.0000,-1,-1,-1
481,125,826.00,239.89,64.41,141.20,1.0000,-1,-1,-1
481,126,551.00,397.89,106.14,150.47,1.0000,-1,-1,-1
482,82,458.78,323.15,84.99,188.08,1.0000,-1,-1,-1
482,113,501.67,524.04,65.45,174.36,1.0000,-1,-1,-1
482,116,1085.67,288.45,75.80,134.12,1.0000,-1,-1,-1
482,119,929.34,305.87,83.22,140.17,1.0000,-1,-1,-1
482,122,717.21,252.27,71.34,133.31,1.0000,-1,-1,-1
482,124,468.86,200.79,82.64,152.74,1.0000,-1,-1,-1
482,125,819.09,242.41,68.51,139.24,1.0000,-1,-1,-1
482,126,554.08,396.70,105.77,152.18,1.0000,-1,-1,-1
483,82,458.59,321.40,85.04,189.40,1.0000,-1,-1,-1
483,113,501.17,524.65,64.40,173.49,1.0000,-1,-1,-1
483,116,1085.14,289.53,74.30,132.99,1.0000,-1,-1,-1
483,119,927.52,306.18,87.97,140.92,1.0000,-1,-1,-1
483,122,712.88,254.66,73.78,134.30,1.0000,-1,-1,-1
483,124,467.54,201.24,82.60,152.67,1.0000,-1,-1,-1
483,125,812.39,247.04,71.76,137.89,1.0000,-1,-1,-1
483,126,555.92,399.80,105.76,152.16,1.0000,-1,-1,-1
484,82,459.02,323.04,85.92,190.06,1.0000,-1,-1,-1
484,113,498.48,524.62,64.24,173.07,1.0000,-1,-1,-1
484,116,1084.57,290.07,72.75,132.80,1.0000,-1,-1,-1
484,119,930.02,308.14,87.85,140.73,1.0000,-1,-1,-1
484,122,708.18,255.83,73.91,133.77,1.0000,-1,-1,-1
484,124,466.22,201.69,82.57,152.60,1.0000,-1,-1,-1
484,125,806.14,248.89,72.50,139.32,1.0000,-1,-1,-1
484,126,557.76,402.90,105.74,152.14,1.0000,-1,-1,-1
485,82,458.71,323.07,86.96,190.29,1.0000,-1,-1,-1
485,113,495.79,524.59,64.09,172.66,1.0000,-1,-1,-1
485,116,1083.20,290.36,71.06,132.72,1.0000,-1,-1,-1
485,119,932.52,310.09,87.73,140.53,1.0000,-1,-1,-1
485,122,703.31,256.21,71.27,132.60,1.0000,-1,-1,-1
485,124,464.89,202.14,82.53,152.54,1.0000,-1,-1,-1
485,125,790.55,253.40,64.65,136.13,1.0000,-1,-1,-1
485,126,570.93,386.32,94.30,142.66,1.0000,-1,-1,-1
486,82,458.64,323.48,87.28,189.93,1.0000,-1,-1,-1
486,113,493.09,524.56,63.93,172.24,1.0000,-1,-1,-1
486,116,1081.77,291.05,69.17,132.69,1.0000,-1,-1,-1
486,119,935.02,312.05,87.61,140.34,1.0000,-1,-1,-1
486,122,698.67,255.59,67.43,132.23,1.0000,-1,-1,-1
486,124,463.57,202.59,82.49,152.47,1.0000,-1,-1,-1
486,125,784.97,256.28,62.45,135.52,1.0000,-1,-1,-1
486,126,573.73,387.55,93.49,141.43,1.0000,-1,-1,-1
487,82,459.19,324.72,87.12,189.78,1.0000,-1,-1,-1
487,113,490.40,524.53,63.78,171.83,1.0000,-1,-1,-1
487,116,1080.43,290.29,67.94,133.27,1.0000,-1,-1,-1
487,119,937.53,314.01,87.49,140.15,1.0000,-1,-1,-1
487,122,693.67,255.90,63.88,133.12,1.0000,-1,-1,-1
487,125,780.24,257.01,59.70,136.56,1.0000,-1,-1,-1
487,126,576.54,388.79,92.67,140.20,1.0000,-1,-1,-1
488,82,461.23,325.73,85.55,189.83,1.0000,-1,-1,-1
488,113,487.71,524.50,63.62,171.41,1.0000,-1,-1,-1
488,116,1078.98,289.61,67.06,133.98,1.0000,-1,-1,-1
488,119,940.03,315.96,87.37,139.96,1.0000,-1,-1,-1
488,122,691.28,253.84,60.01,132.08,1.0000,-1,-1,-1
488,125,776.23,254.56,58.62,140.37,1.0000,-1,-1,-1
488,126,579.36,390.03,91.85,138.95,1.0000,-1,-1,-1
489,82,462.15,328.04,83.88,188.79,1.0000,-1,-1,-1
489,116,1075.06,288.98,67.41,134.54,1.0000,-1,-1,-1
489,119,934.46,303.82,97.47,142.15,1.0000,-1,-1,-1
489,122,685.53,254.98,56.69,131.67,1.0000,-1,-1,-1
489,125,769.11,252.25,57.50,145.67,1.0000,-1,-1,-1
489,126,622.31,382.07,71.20,131.96,1.0000,-1,-1,-1
490,82,462.75,331.28,82.31,186.92,1.0000,-1,-1,-1
490,116,1071.64,288.40,68.25,135.10,1.0000,-1,-1,-1
490,119,932.20,303.70,101.12,142.73,1.0000,-1,-1,-1
490,122,682.11,256.20,53.98,132.28,1.0000,-1,-1,-1
490,125,763.04,254.58,57.52,146.75,1.0000,-1,-1,-1
490,126,632.21,382.88,65.28,129.32,1.0000,-1,-1,-1
491,82,463.06,333.12,80.70,185.42,1.0000,-1,-1,-1
491,116,1071.21,287.91,67.89,135.59,1.0000,-1,-1,-1
491,119,934.16,304.49,101.20,142.86,1.0000,-1,-1,-1
491,122,679.61,255.97,52.74,130.28,1.0000,-1,-1,-1
491,125,758.09,258.15,57.83,145.00,1.0000,-1,-1,-1
491,126,638.31,384.26,63.45,125.71,1.0000,-1,-1,-1
492,82,463.41,332.86,79.32,185.23,1.0000,-1,-1,-1
492,116,1069.34,287.49,68.40,135.75,1.0000,-1,-1,-1
492,119,936.13,305.28,101.29,142.98,1.0000,-1,-1,-1
492,122,676.13,260.07,52.20,129.72,1.0000,-1,-1,-1
492,125,753.43,262.48,59.02,144.03,1.0000,-1,-1,-1
492,126,644.45,385.68,61.58,121.99,1.0000,-1,-1,-1
493,82,463.96,333.83,78.76,183.88,1.0000,-1,-1,-1
493,116,1062.78,286.62,71.99,135.96,1.0000,-1,-1,-1
493,119,929.93,304.18,103.57,142.40,1.0000,-1,-1,-1
493,122,672.61,261.82,51.98,128.05,1.0000,-1,-1,-1
493,125,748.19,266.15,62.86,143.31,1.0000,-1,-1,-1
493,126,654.22,389.46,59.12,125.18,1.0000,-1,-1,-1
493,129,458.14,205.49,69.27,155.80,1.0000,-1,-1,-1
494,82,463.54,335.17,77.55,183.30,1.0000,-1,-1,-1
494,116,1067.56,286.71,69.37,136.23,1.0000,-1,-1,-1
494,119,918.28,306.18,89.15,141.84,1.0000,-1,-1,-1
494,122,664.39,268.38,54.22,127.32,1.0000,-1,-1,-1
494,125,741.59,269.93,65.81,141.89,1.0000,-1,-1,-1
494,126,661.34,390.17,67.72,127.40,1.0000,-1,-1,-1
494,129,457.87,203.36,70.19,157.87,1.0000,-1,-1,-1
495,82,463.02,336.73,76.57,182.44,1.0000,-1,-1,-1
495,116,1069.33,286.62,67.71,136.31,1.0000,-1,-1,-1
495,119,917.96,306.99,89.08,141.73,1.0000,-1,-1,-1
495,122,657.03,274.26,56.63,132.44,1.0000,-1,-1,-1
495,125,735.43,272.11,66.07,142.45,1.0000,-1,-1,-1
495,126,661.95,392.77,71.01,126.26,1.0000,-1,-1,-1
495,129,457.62,201.24,71.10,159.91,1.0000,-1,-1,-1
496,82,462.84,339.82,75.46,180.61,1.0000,-1,-1,-1
496,116,1068.96,286.36,67.08,136.71,1.0000,-1,-1,-1
496,119,914.47,307.22,78.69,141.86,1.0000,-1,-1,-1
496,122,648.08,278.56,59.69,137.04,1.0000,-1,-1,-1
496,125,729.27,274.29,66.32,142.99,1.0000,-1,-1,-1
496,126,668.28,394.34,69.69,123.91,1.0000,-1,-1,-1
496,129,453.06,213.93,64.60,150.87,1.0000,-1,-1,-1
497,82,459.82,338.60,75.81,181.16,1.0000,-1,-1,-1
497,116,1066.35,286.79,68.02,137.08,1.0000,-1,-1,-1
497,119,915.33,306.59,73.22,140.82,1.0000,-1,-1,-1
497,122,642.51,281.06,59.83,137.36,1.0000,-1,-1,-1
497,125,723.34,271.62,63.52,141.65,1.0000,-1,-1,-1
497,126,674.62,395.92,68.35,121.52,1.0000,-1,-1,-1
497,129,452.15,216.85,62.43,149.26,1.0000,-1,-1,-1
498,82,457.05,338.23,77.22,181.35,1.0000,-1,-1,-1
498,116,1063.50,286.94,69.75,137.55,1.0000,-1,-1,-1
498,119,916.91,307.07,70.18,139.90,1.0000,-1,-1,-1
498,122,641.01,283.61,63.53,142.45,1.0000,-1,-1,-1
498,125,718.21,271.94,60.90,140.59,1.0000,-1,-1,-1
498,126,670.56,396.40,83.01,126.94,1.0000,-1,-1,-1
498,128,789.32,403.94,96.42,145.83,1.0000,-1,-1,-1
498,129,450.62,219.19,61.70,147.51,1.0000,-1,-1,-1
499,82,453.25,336.91,79.15,182.40,1.0000,-1,-1,-1
499,116,1057.96,290.25,73.45,136.10,1.0000,-1,-1,-1
499,119,915.85,307.67,70.04,139.41,1.0000,-1,-1,-1
499,122,634.40,285.32,61.13,142.72,1.0000,-1,-1,-1
499,125,709.99,273.30,58.53,136.49,1.0000,-1,-1,-1
499,126,678.95,388.53,82.55,132.38,1.0000,-1,-1,-1
499,128,802.79,406.37,106.48,146.61,1.0000,-1,-1,-1
499,129,449.10,221.54,60.96,145.74,1.0000,-1,-1,-1
500,82,451.25,334.67,80.35,184.25,1.0000,-1,-1,-1
500,116,1052.45,294.03,77.65,133.95,1.0000,-1,-1,-1
500,119,914.95,308.45,69.75,138.85,1.0000,-1,-1,-1
500,122,630.13,286.09,58.78,143.70,1.0000,-1,-1,-1
500,125,703.63,276.13,57.75,134.04,1.0000,-1,-1,-1
500,126,686.64,388.15,79.60,133.52,1.0000,-1,-1,-1
500,128,814.14,410.01,113.29,148.21,1.0000,-1,-1,-1
500,129,447.58,223.90,60.22,143.96,1.0000,-1,-1,-1
500,130,461.68,535.29,74.27,178.18,1.0000,-1,-1,-1
501,82,449.01,332.95,82.01,186.20,1.0000,-1,-1,-1
501,116,1047.43,297.92,81.61,130.79,1.0000,-1,-1,-1
501,119,914.05,309.22,69.46,138.27,1.0000,-1,-1,-1
501,122,628.33,284.89,56.72,144.30,1.0000,-1,-1,-1
501,125,698.31,281.99,58.07,135.51,1.0000,-1,-1,-1
501,126,700.60,388.87,73.69,133.74,1.0000,-1,-1,-1
501,128,824.66,411.39,113.62,149.97,1.0000,-1,-1,-1
501,129,447.36,221.02,55.61,141.75,1.0000,-1,-1,-1
501,130,461.31,534.99,74.69,180.37,1.0000,-1,-1,-1
501,132,487.08,218.62,61.81,144.38,1.0000,-1,-1,-1
502,82,447.72,331.68,83.14,187.95,1.0000,-1,-1,-1
502,116,1044.04,300.81,84.78,128.71,1.0000,-1,-1,-1
502,119,901.37,311.38,68.05,139.08,1.0000,-1,-1,-1
502,122,626.09,282.94,54.83,144.70,1.0000,-1,-1,-1
502,125,696.01,285.52,57.17,134.10,1.0000,-1,-1,-1
502,126,714.85,388.70,71.75,134.19,1.0000,-1,-1,-1
502,128,838.51,414.40,106.34,149.17,1.0000,-1,-1,-1
502,129,448.08,222.42,51.94,139.09,1.0000,-1,-1,-1
502,130,460.85,534.94,75.42,181.67,1.0000,-1,-1,-1
502,132,483.96,223.67,60.54,142.06,1.0000,-1,-1,-1
503,82,448.28,331.48,83.09,189.21,1.0000,-1,-1,-1
503,116,1038.91,302.76,88.69,127.31,1.0000,-1,-1,-1
503,119,904.43,312.59,63.49,138.37,1.0000,-1,-1,-1
503,122,623.59,282.65,54.32,144.84,1.0000,-1,-1,-1
503,125,687.91,292.10,59.93,137.54,1.0000,-1,-1,-1
503,126,723.91,385.99,68.17,130.20,1.0000,-1,-1,-1
503,128,854.58,416.68,95.16,147.29,1.0000,-1,-1,-1
503,129,448.93,225.56,49.54,137.32,1.0000,-1,-1,-1
503,130,460.01,535.37,76.04,182.67,1.0000,-1,-1,-1
503,131,829.87,142.21,61.02,140.67,1.0000,-1,-1,-1
503,132,481.76,223.62,60.94,142.43,1.0000,-1,-1,-1
504,82,450.60,335.25,81.21,187.96,1.0000,-1,-1,-1
504,116,1020.66,303.37,99.21,127.24,1.0000,-1,-1,-1
504,119,902.77,313.63,63.15,137.64,1.0000,-1,-1,-1
504,122,619.13,282.88,54.15,144.47,1.0000,-1,-1,-1
504,125,680.78,296.59,60.17,138.98,1.0000,-1,-1,-1
504,126,733.85,390.88,63.19,132.25,1.0000,-1,-1,-1
504,128,867.55,417.19,95.89,148.42,1.0000,-1,-1,-1
504,129,447.85,228.15,48.31,133.90,1.0000,-1,-1,-1
504,130,458.68,536.45,75.67,183.11,1.0000,-1,-1,-1
504,131,831.10,145.19,63.93,139.68,1.0000,-1,-1,-1
504,132,481.39,223.59,60.87,142.54,1.0000,-1,-1,-1
505,82,451.80,336.55,79.83,187.44,1.0000,-1,-1,-1
505,116,1009.83,302.70,105.41,127.74,1.0000,-1,-1,-1
505,119,901.11,314.68,62.82,136.90,1.0000,-1,-1,-1
505,122,616.12,282.91,54.79,142.91,1.0000,-1,-1,-1
505,125,677.00,298.16,60.66,140.73,1.0000,-1,-1,-1
505,126,740.72,395.58,60.23,135.56,1.0000,-1,-1,-1
505,128,880.53,417.70,96.62,149.54,1.0000,-1,-1,-1
505,129,448.97,229.04,47.62,136.91,1.0000,-1,-1,-1
505,130,458.45,537.13,75.12,183.18,1.0000,-1,-1,-1
505,131,833.47,144.55,65.76,143.67,1.0000,-1,-1,-1
505,132,480.98,222.23,61.87,142.59,1.0000,-1,-1,-1
506,82,452.15,338.22,78.69,186.77,1.0000,-1,-1,-1
506,116,1008.82,302.11,103.99,127.77,1.0000,-1,-1,-1
506,119,899.45,315.73,62.48,136.16,1.0000,-1,-1,-1
506,122,612.68,286.02,55.72,144.07,1.0000,-1,-1,-1
506,125,674.91,296.69,61.00,139.66,1.0000,-1,-1,-1
506,126,748.74,397.64,58.43,138.89,1.0000,-1,-1,-1
506,128,899.92,423.94,83.78,146.35,1.0000,-1,-1,-1
506,129,448.11,229.05,47.50,138.47,1.0000,-1,-1,-1
506,130,458.25,537.54,74.43,182.85,1.0000,-1,-1,-1
506,131,835.88,143.97,67.53,147.55,1.0000,-1,-1,-1
506,132,480.60,221.42,62.58,143.26,1.0000,-1,-1,-1
507,82,452.08,339.55,77.73,185.78,1.0000,-1,-1,-1
507,116,981.30,299.33,114.81,128.83,1.0000,-1,-1,-1
507,119,897.80,316.78,62.13,135.42,1.0000,-1,-1,-1
507,122,609.16,289.84,56.11,145.27,1.0000,-1,-1,-1
507,125,673.95,296.59,60.70,139.91,1.0000,-1,-1,-1
507,126,755.27,399.80,59.48,141.29,1.0000,-1,-1,-1
507,128,915.49,426.84,83.28,146.41,1.0000,-1,-1,-1
507,129,446.53,228.77,48.18,138.96,1.0000,-1,-1,-1
507,130,458.54,538.34,73.67,182.54,1.0000,-1,-1,-1
507,131,838.30,143.44,69.26,151.33,1.0000,-1,-1,-1
507,132,480.70,222.13,62.50,142.73,1.0000,-1,-1,-1
508,82,452.10,340.93,76.92,184.56,1.0000,-1,-1,-1
508,116,966.89,297.87,118.58,129.80,1.0000,-1,-1,-1
508,119,890.06,305.64,55.85,129.11,1.0000,-1,-1,-1
508,122,604.21,293.48,57.67,146.37,1.0000,-1,-1,-1
508,125,674.24,292.76,59.95,141.38,1.0000,-1,-1,-1
508,126,762.53,402.07,58.67,139.37,1.0000,-1,-1,-1
508,128,927.18,425.91,86.60,149.28,1.0000,-1,-1,-1
508,129,445.56,228.62,48.84,138.70,1.0000,-1,-1,-1
508,130,458.98,539.17,73.20,182.11,1.0000,-1,-1,-1
508,131,840.75,142.95,70.95,155.02,1.0000,-1,-1,-1
508,132,479.95,224.61,62.57,141.61,1.0000,-1,-1,-1
509,82,451.41,341.76,76.23,183.46,1.0000,-1,-1,-1
509,116,951.66,295.21,117.91,131.17,1.0000,-1,-1,-1
509,119,884.55,304.75,54.37,129.55,1.0000,-1,-1,-1
509,122,597.50,301.82,61.88,147.94,1.0000,-1,-1,-1
509,125,673.71,293.36,59.99,146.19,1.0000,-1,-1,-1
509,126,769.80,404.35,57.85,137.42,1.0000,-1,-1,-1
509,128,940.83,431.62,90.84,151.12,1.0000,-1,-1,-1
509,129,443.81,229.78,50.08,138.68,1.0000,-1,-1,-1
509,130,458.84,540.36,72.82,181.26,1.0000,-1,-1,-1
509,131,845.50,149.40,59.03,137.36,1.0000,-1,-1,-1
509,132,480.48,227.33,61.08,138.04,1.0000,-1,-1,-1
510,82,451.10,341.57,75.79,183.16,1.0000,-1,-1,-1
510,116,944.60,294.25,116.86,133.36,1.0000,-1,-1,-1
510,119,878.73,307.44,55.37,132.71,1.0000,-1,-1,-1
510,122,589.61,308.55,66.37,147.80,1.0000,-1,-1,-1
510,125,673.26,291.94,60.04,149.60,1.0000,-1,-1,-1
510,126,776.42,412.93,63.79,139.97,1.0000,-1,-1,-1
510,128,947.97,436.01,91.88,152.29,1.0000,-1,-1,-1
510,129,442.78,230.64,50.98,137.00,1.0000,-1,-1,-1
510,130,458.96,541.31,72.62,180.81,1.0000,-1,-1,-1
510,131,849.18,151.00,54.66,133.50,1.0000,-1,-1,-1
510,132,481.17,229.25,59.37,134.75,1.0000,-1,-1,-1
511,82,450.59,341.33,75.21,182.93,1.0000,-1,-1,-1
511,116,942.62,293.84,113.44,135.34,1.0000,-1,-1,-1
511,119,872.60,309.12,57.11,134.61,1.0000,-1,-1,-1
511,122,585.82,313.00,68.72,145.92,1.0000,-1,-1,-1
511,125,672.35,290.35,60.54,151.57,1.0000,-1,-1,-1
511,126,781.98,416.36,64.14,140.03,1.0000,-1,-1,-1
511,128,952.85,439.92,91.77,152.24,1.0000,-1,-1,-1
511,129,441.90,232.28,50.31,135.21,1.0000,-1,-1,-1
511,130,459.46,541.90,72.30,180.51,1.0000,-1,-1,-1
511,131,852.53,151.16,51.04,131.85,1.0000,-1,-1,-1
511,132,481.65,230.64,57.64,132.72,1.0000,-1,-1,-1
512,82,450.25,341.10,74.72,182.71,1.0000,-1,-1,-1
512,116,941.58,293.86,108.65,135.93,1.0000,-1,-1,-1
512,119,866.33,310.71,60.38,135.92,1.0000,-1,-1,-1
512,122,583.57,315.55,70.20,144.11,1.0000,-1,-1,-1
512,125,670.19,288.82,61.67,152.43,1.0000,-1,-1,-1
512,126,786.35,419.00,62.38,138.79,1.0000,-1,-1,-1
512,128,954.59,440.04,90.71,152.47,1.0000,-1,-1,-1
512,129,441.03,233.93,49.64,133.40,1.0000,-1,-1,-1
512,130,460.12,542.49,71.48,179.99,1.0000,-1,-1,-1
512,131,854.88,152.88,48.94,130.42,1.0000,-1,-1,-1
512,132,482.17,231.59,56.06,131.33,1.0000,-1,-1,-1
513,82,450.06,340.69,74.85,182.78,1.0000,-1,-1,-1
513,116,939.04,292.95,103.89,135.58,1.0000,-1,-1,-1
513,119,859.11,312.06,65.25,136.40,1.0000,-1,-1,-1
513,122,581.71,316.01,70.83,143.20,1.0000,-1,-1,-1
513,125,668.21,288.26,63.13,152.64,1.0000,-1,-1,-1
513,126,790.66,421.72,59.11,136.74,1.0000,-1,-1,-1
513,128,955.53,439.23,89.56,153.33,1.0000,-1,-1,-1
513,129,440.16,235.60,48.95,131.56,1.0000,-1,-1,-1
513,130,461.28,543.13,70.34,179.30,1.0000,-1,-1,-1
513,131,856.95,154.68,48.41,129.01,1.0000,-1,-1,-1
513,132,483.06,232.83,54.41,130.09,1.0000,-1,-1,-1
514,82,449.83,338.60,74.35,184.00,1.0000,-1,-1,-1
514,116,928.94,293.92,98.45,134.41,1.0000,-1,-1,-1
514,119,851.96,313.02,70.66,137.66,1.0000,-1,-1,-1
514,122,578.15,313.45,68.96,143.73,1.0000,-1,-1,-1
514,125,665.07,289.66,63.63,151.39,1.0000,-1,-1,-1
514,126,797.34,424.83,54.96,134.07,1.0000,-1,-1,-1
514,128,955.25,435.11,88.37,155.66,1.0000,-1,-1,-1
514,129,439.29,237.28,48.26,129.69,1.0000,-1,-1,-1
514,130,463.79,543.39,69.08,178.29,1.0000,-1,-1,-1
514,131,859.12,155.54,50.66,129.02,1.0000,-1,-1,-1
514,132,482.33,234.80,53.57,128.85,1.0000,-1,-1,-1
515,82,449.36,337.45,73.35,184.70,1.0000,-1,-1,-1
515,116,918.98,294.75,90.92,134.27,1.0000,-1,-1,-1
515,119,845.97,313.04,75.88,139.40,1.0000,-1,-1,-1
515,122,577.14,310.79,67.50,144.43,1.0000,-1,-1,-1
515,125,663.42,290.82,64.29,150.63,1.0000,-1,-1,-1
515,126,800.93,427.63,53.64,130.90,1.0000,-1,-1,-1
515,128,955.07,430.03,86.88,158.79,1.0000,-1,-1,-1
515,129,438.43,238.97,47.56,127.80,1.0000,-1,-1,-1
515,130,463.51,544.40,68.97,177.64,1.0000,-1,-1,-1
515,131,862.05,156.59,56.15,130.05,1.0000,-1,-1,-1
515,132,481.57,235.05,52.94,128.86,1.0000,-1,-1,-1
516,82,449.45,337.78,72.51,185.05,1.0000,-1,-1,-1
516,116,910.26,296.06,82.94,134.27,1.0000,-1,-1,-1
516,119,841.25,312.23,76.35,139.37,1.0000,-1,-1,-1
516,122,577.94,307.46,65.49,145.06,1.0000,-1,-1,-1
516,125,662.17,291.10,65.07,150.23,1.0000,-1,-1,-1
516,126,804.09,430.26,52.83,127.98,1.0000,-1,-1,-1
516,128,954.72,426.17,85.80,161.98,1.0000,-1,-1,-1
516,130,464.67,544.63,68.53,176.96,1.0000,-1,-1,-1
516,131,862.25,158.15,60.77,129.78,1.0000,-1,-1,-1
516,132,479.99,234.95,52.72,129.60,1.0000,-1,-1,-1
517,82,451.72,338.24,71.05,185.37,1.0000,-1,-1,-1
517,116,900.14,295.45,75.21,134.18,1.0000,-1,-1,-1
517,119,835.26,312.63,75.32,139.78,1.0000,-1,-1,-1
517,122,579.40,305.18,63.46,145.67,1.0000,-1,-1,-1
517,125,661.72,290.35,65.40,150.43,1.0000,-1,-1,-1
517,126,808.19,431.07,55.16,126.83,1.0000,-1,-1,-1
517,128,953.78,423.54,83.54,164.02,1.0000,-1,-1,-1
517,130,465.37,545.21,68.07,176.33,1.0000,-1,-1,-1
517,131,860.48,157.94,63.52,129.84,1.0000,-1,-1,-1
517,132,479.71,234.84,51.91,130.42,1.0000,-1,-1,-1
518,82,453.38,338.19,69.58,185.79,1.0000,-1,-1,-1
518,116,892.01,295.73,75.05,133.89,1.0000,-1,-1,-1
518,119,827.92,312.66,72.47,140.64,1.0000,-1,-1,-1
518,122,581.11,300.02,61.24,141.77,1.0000,-1,-1,-1
518,125,661.87,289.05,65.16,150.65,1.0000,-1,-1,-1
518,126,811.54,431.74,58.59,125.78,1.0000,-1,-1,-1
518,128,952.30,421.91,79.70,165.16,1.0000,-1,-1,-1
518,130,465.54,546.24,67.56,175.57,1.0000,-1,-1,-1
518,131,858.39,158.33,65.66,129.93,1.0000,-1,-1,-1
518,132,479.24,234.89,51.38,131.59,1.0000,-1,-1,-1
519,82,458.08,338.78,65.89,185.75,1.0000,-1,-1,-1
519,116,879.58,293.06,76.85,136.10,1.0000,-1,-1,-1
519,119,815.69,310.99,67.07,139.76,1.0000,-1,-1,-1
519,122,581.90,299.43,59.56,140.48,1.0000,-1,-1,-1
519,125,662.59,287.71,64.81,151.49,1.0000,-1,-1,-1
519,126,814.20,432.39,60.83,125.33,1.0000,-1,-1,-1
519,128,951.12,420.95,75.85,166.12,1.0000,-1,-1,-1
519,130,465.74,547.31,67.09,174.65,1.0000,-1,-1,-1
519,131,857.34,158.06,65.72,130.01,1.0000,-1,-1,-1
519,132,478.62,235.83,51.05,130.73,1.0000,-1,-1,-1
520,82,457.40,338.72,65.09,185.81,1.0000,-1,-1,-1
520,116,870.86,291.02,79.81,137.98,1.0000,-1,-1,-1
520,119,807.02,310.84,62.42,139.15,1.0000,-1,-1,-1
520,122,582.90,299.23,58.00,138.40,1.0000,-1,-1,-1
520,125,665.28,287.10,63.42,151.98,1.0000,-1,-1,-1
520,126,814.60,432.25,61.47,125.15,1.0000,-1,-1,-1
520,128,951.41,421.24,73.43,166.85,1.0000,-1,-1,-1
520,130,465.56,548.63,66.57,173.37,1.0000,-1,-1,-1
520,131,858.35,158.79,65.59,130.07,1.0000,-1,-1,-1
520,132,477.99,236.77,50.71,129.87,1.0000,-1,-1,-1
521,82,457.35,338.88,65.07,185.75,1.0000,-1,-1,-1
521,116,856.96,291.20,85.29,140.37,1.0000,-1,-1,-1
521,119,800.38,311.36,62.11,139.00,1.0000,-1,-1,-1
521,122,584.17,299.71,56.44,135.64,1.0000,-1,-1,-1
521,125,668.64,286.99,61.37,151.85,1.0000,-1,-1,-1
521,126,814.72,431.09,61.81,125.90,1.0000,-1,-1,-1
521,128,951.89,422.15,72.34,167.34,1.0000,-1,-1,-1
521,130,465.40,550.02,66.10,172.12,1.0000,-1,-1,-1
521,131,860.85,158.74,64.76,130.26,1.0000,-1,-1,-1
521,132,477.37,237.71,50.37,129.00,1.0000,-1,-1,-1
522,82,457.30,339.04,65.05,185.69,1.0000,-1,-1,-1
522,116,845.69,289.79,89.73,141.07,1.0000,-1,-1,-1
522,119,789.19,312.61,62.72,139.22,1.0000,-1,-1,-1
522,122,583.93,301.45,55.88,134.35,1.0000,-1,-1,-1
522,125,671.32,288.38,59.47,152.30,1.0000,-1,-1,-1
522,126,819.57,432.95,61.13,124.51,1.0000,-1,-1,-1
522,128,952.03,422.63,71.56,167.94,1.0000,-1,-1,-1
522,130,465.48,551.08,65.67,170.99,1.0000,-1,-1,-1
522,131,864.69,159.70,63.62,130.30,1.0000,-1,-1,-1
522,132,476.75,238.66,50.03,128.12,1.0000,-1,-1,-1
523,82,446.36,339.68,70.34,184.61,1.0000,-1,-1,-1
523,116,839.47,289.75,89.61,139.92,1.0000,-1,-1,-1
523,119,781.85,313.94,62.81,139.43,1.0000,-1,-1,-1
523,122,583.61,303.58,56.12,135.39,1.0000,-1,-1,-1
523,125,672.71,290.73,58.42,152.97,1.0000,-1,-1,-1
523,126,816.35,429.48,61.48,126.88,1.0000,-1,-1,-1
523,128,951.51,422.92,71.10,168.40,1.0000,-1,-1,-1
523,130,465.44,551.88,65.46,170.03,1.0000,-1,-1,-1
523,131,868.53,160.47,61.83,130.26,1.0000,-1,-1,-1
523,132,476.14,239.61,49.68,127.24,1.0000,-1,-1,-1
524,82,443.90,339.85,73.75,184.36,1.0000,-1,-1,-1
524,116,831.02,289.64,89.60,139.90,1.0000,-1,-1,-1
524,119,775.53,314.62,62.58,138.91,1.0000,-1,-1,-1
524,122,587.24,301.53,54.69,132.72,1.0000,-1,-1,-1
524,125,679.76,289.00,55.16,147.65,1.0000,-1,-1,-1
524,126,820.53,431.00,60.84,125.55,1.0000,-1,-1,-1
524,128,951.13,422.69,70.54,168.28,1.0000,-1,-1,-1
524,130,465.43,553.30,65.34,168.74,1.0000,-1,-1,-1
524,131,873.23,159.96,59.58,131.24,1.0000,-1,-1,-1
525,82,443.14,339.95,73.77,184.41,1.0000,-1,-1,-1
525,116,822.57,289.52,89.59,139.88,1.0000,-1,-1,-1
525,119,764.24,316.85,68.37,142.55,1.0000,-1,-1,-1
525,122,589.08,301.42,54.12,131.75,1.0000,-1,-1,-1
525,125,679.39,289.20,55.18,147.69,1.0000,-1,-1,-1
525,126,820.10,427.92,61.86,128.10,1.0000,-1,-1,-1
525,128,951.00,422.59,69.86,168.15,1.0000,-1,-1,-1
525,130,465.99,554.89,64.66,167.04,1.0000,-1,-1,-1
525,131,876.45,159.64,57.78,132.34,1.0000,-1,-1,-1
526,82,442.38,340.04,73.79,184.45,1.0000,-1,-1,-1
526,116,814.12,289.41,89.58,139.86,1.0000,-1,-1,-1
526,119,757.03,315.10,70.78,142.36,1.0000,-1,-1,-1
526,122,590.46,300.39,54.71,132.02,1.0000,-1,-1,-1
526,125,679.03,289.39,55.19,147.73,1.0000,-1,-1,-1
526,126,821.09,427.29,61.75,128.30,1.0000,-1,-1,-1
526,128,950.70,421.77,68.85,168.09,1.0000,-1,-1,-1
526,130,466.16,556.18,64.09,165.76,1.0000,-1,-1,-1
526,131,880.54,160.58,59.25,133.63,1.0000,-1,-1,-1
527,82,441.62,340.14,73.81,184.50,1.0000,-1,-1,-1
527,116,805.67,289.30,89.56,139.84,1.0000,-1,-1,-1
527,119,749.57,314.64,69.57,142.93,1.0000,-1,-1,-1
527,122,590.10,301.43,57.60,136.74,1.0000,-1,-1,-1
527,125,678.66,289.59,55.21,147.77,1.0000,-1,-1,-1
527,126,824.69,428.44,61.16,127.08,1.0000,-1,-1,-1
527,128,950.52,420.70,67.78,168.37,1.0000,-1,-1,-1
527,130,465.95,557.03,63.51,164.71,1.0000,-1,-1,-1
527,131,882.88,161.63,60.50,134.77,1.0000,-1,-1,-1
528,82,440.86,340.24,73.83,184.55,1.0000,-1,-1,-1
528,116,797.22,289.19,89.55,139.82,1.0000,-1,-1,-1
528,119,746.34,314.25,70.03,144.74,1.0000,-1,-1,-1
528,122,590.87,300.13,59.35,139.41,1.0000,-1,-1,-1
528,125,678.29,289.79,55.22,147.81,1.0000,-1,-1,-1
528,126,823.26,424.58,61.03,127.12,1.0000,-1,-1,-1
528,128,950.52,419.84,66.96,168.81,1.0000,-1,-1,-1
528,130,465.92,557.60,63.03,163.84,1.0000,-1,-1,-1
528,131,884.01,163.12,59.44,135.44,1.0000,-1,-1,-1
529,82,440.11,340.34,73.85,184.60,1.0000,-1,-1,-1
529,116,788.92,289.22,67.40,143.65,1.0000,-1,-1,-1
529,119,740.05,314.85,69.89,144.45,1.0000,-1,-1,-1
529,122,590.43,300.21,59.43,139.58,1.0000,-1,-1,-1
529,125,677.92,289.98,55.24,147.84,1.0000,-1,-1,-1
529,126,824.13,421.97,60.94,123.95,1.0000,-1,-1,-1
529,128,950.40,418.17,66.47,169.20,1.0000,-1,-1,-1
529,130,466.45,558.46,62.28,162.92,1.0000,-1,-1,-1
529,131,884.95,164.59,55.95,134.61,1.0000,-1,-1,-1
530,116,779.74,289.41,67.25,143.33,1.0000,-1,-1,-1
530,119,733.76,315.44,69.75,144.16,1.0000,-1,-1,-1
530,122,589.99,300.28,59.50,139.76,1.0000,-1,-1,-1
530,126,824.19,422.12,60.91,123.40,1.0000,-1,-1,-1
530,128,949.65,416.64,65.58,169.09,1.0000,-1,-1,-1
530,130,467.40,558.87,61.23,162.25,1.0000,-1,-1,-1
530,131,887.41,164.80,54.02,134.74,1.0000,-1,-1,-1
531,116,770.56,289.60,67.10,143.01,1.0000,-1,-1,-1
531,119,727.48,316.04,69.61,143.87,1.0000,-1,-1,-1
531,122,589.56,300.36,59.58,139.94,1.0000,-1,-1,-1
531,126,824.02,423.58,61.34,123.27,1.0000,-1,-1,-1
531,128,948.90,415.69,64.98,168.84,1.0000,-1,-1,-1
531,130,467.93,559.49,60.41,161.53,1.0000,-1,-1,-1
531,131,890.52,165.67,54.81,133.93,1.0000,-1,-1,-1
532,116,761.38,289.79,66.94,142.68,1.0000,-1,-1,-1
532,119,721.19,316.63,69.47,143.58,1.0000,-1,-1,-1
532,122,589.12,300.44,59.65,140.11,1.0000,-1,-1,-1
532,126,823.94,424.92,61.61,122.88,1.0000,-1,-1,-1
532,128,948.27,414.97,64.86,168.51,1.0000,-1,-1,-1
532,130,467.89,560.00,60.42,161.56,1.0000,-1,-1,-1
532,131,891.13,166.06,52.10,133.87,1.0000,-1,-1,-1
532,133,484.72,233.90,43.88,129.63,1.0000,-1,-1,-1
533,116,752.20,289.99,66.79,142.36,1.0000,-1,-1,-1
533,119,714.90,317.23,69.33,143.29,1.0000,-1,-1,-1
533,122,598.55,298.61,59.21,137.34,1.0000,-1,-1,-1
533,126,823.06,425.47,61.87,122.38,1.0000,-1,-1,-1
533,128,948.08,414.18,64.93,168.26,1.0000,-1,-1,-1
533,130,468.88,561.60,60.02,159.91,1.0000,-1,-1,-1
533,131,893.39,166.98,51.25,133.69,1.0000,-1,-1,-1
533,133,485.74,234.21,43.83,130.82,1.0000,-1,-1,-1
533,134,470.14,343.14,63.58,179.66,1.0000,-1,-1,-1
534,116,758.52,296.87,62.03,142.35,1.0000,-1,-1,-1
534,119,705.01,322.50,70.44,145.96,1.0000,-1,-1,-1
534,122,598.74,306.03,61.92,136.30,1.0000,-1,-1,-1
534,126,821.55,426.71,61.63,121.68,1.0000,-1,-1,-1
534,128,948.00,412.84,65.50,168.06,1.0000,-1,-1,-1
534,130,468.91,562.15,60.02,159.90,1.0000,-1,-1,-1
534,131,897.04,168.45,52.47,134.11,1.0000,-1,-1,-1
534,133,486.27,233.69,44.11,131.24,1.0000,-1,-1,-1
534,134,466.92,342.64,65.13,182.54,1.0000,-1,-1,-1
535,116,750.34,297.62,61.84,141.93,1.0000,-1,-1,-1
535,119,698.50,323.53,70.32,145.71,1.0000,-1,-1,-1
535,122,596.19,310.82,66.67,134.06,1.0000,-1,-1,-1
535,126,820.19,427.24,61.67,121.59,1.0000,-1,-1,-1
535,128,947.90,411.98,66.17,168.02,1.0000,-1,-1,-1
535,130,468.95,562.70,60.01,159.89,1.0000,-1,-1,-1
535,131,898.72,169.22,52.26,133.95,1.0000,-1,-1,-1
535,133,486.30,233.47,44.68,131.74,1.0000,-1,-1,-1
535,134,466.94,343.67,65.24,184.51,1.0000,-1,-1,-1
536,116,746.62,298.06,63.46,144.72,1.0000,-1,-1,-1
536,119,701.13,320.74,70.34,145.78,1.0000,-1,-1,-1
536,122,592.64,315.12,72.28,130.85,1.0000,-1,-1,-1
536,126,819.24,427.30,61.88,121.84,1.0000,-1,-1,-1
536,128,947.60,411.73,66.61,167.99,1.0000,-1,-1,-1
536,130,468.98,563.25,60.01,159.87,1.0000,-1,-1,-1
536,131,901.34,169.54,52.36,133.64,1.0000,-1,-1,-1
536,133,485.62,233.14,45.60,133.16,1.0000,-1,-1,-1
536,134,466.71,343.85,65.82,186.87,1.0000,-1,-1,-1
537,116,743.79,297.86,63.75,146.27,1.0000,-1,-1,-1
537,119,700.05,317.90,66.33,149.09,1.0000,-1,-1,-1
537,122,588.24,319.19,80.04,128.42,1.0000,-1,-1,-1
537,126,818.61,426.85,61.92,122.12,1.0000,-1,-1,-1
537,128,947.40,411.73,66.80,167.93,1.0000,-1,-1,-1
537,130,469.02,563.80,60.00,159.86,1.0000,-1,-1,-1
537,131,903.90,169.51,52.61,134.07,1.0000,-1,-1,-1
537,133,485.29,232.36,46.30,133.98,1.0000,-1,-1,-1
537,134,466.14,342.97,66.44,188.99,1.0000,-1,-1,-1
538,116,736.50,298.68,63.60,145.93,1.0000,-1,-1,-1
538,119,699.92,317.62,63.98,150.15,1.0000,-1,-1,-1
538,122,586.53,323.06,86.82,125.51,1.0000,-1,-1,-1
538,126,817.32,426.37,61.88,122.71,1.0000,-1,-1,-1
538,128,947.60,411.51,66.66,168.07,1.0000,-1,-1,-1
538,130,472.01,566.15,59.70,155.93,1.0000,-1,-1,-1
538,131,905.80,169.26,52.98,134.32,1.0000,-1,-1,-1
538,133,485.76,232.21,46.10,133.56,1.0000,-1,-1,-1
538,134,465.38,342.34,67.33,191.06,1.0000,-1,-1,-1
539,116,729.20,299.49,63.45,145.59,1.0000,-1,-1,-1
539,119,699.31,316.61,63.08,151.36,1.0000,-1,-1,-1
539,122,586.88,324.18,94.02,124.17,1.0000,-1,-1,-1
539,126,816.15,425.19,61.75,123.78,1.0000,-1,-1,-1
539,128,947.36,411.49,67.56,168.61,1.0000,-1,-1,-1
539,130,472.27,566.71,59.67,155.86,1.0000,-1,-1,-1
539,131,909.12,169.84,54.81,134.70,1.0000,-1,-1,-1
539,133,485.18,232.32,46.09,133.14,1.0000,-1,-1,-1
539,134,465.89,341.65,68.02,193.22,1.0000,-1,-1,-1
540,116,721.90,300.31,63.30,145.24,1.0000,-1,-1,-1
540,119,697.24,316.77,62.04,154.06,1.0000,-1,-1,-1
540,122,586.49,324.41,98.30,123.49,1.0000,-1,-1,-1
540,126,816.21,423.60,61.42,124.80,1.0000,-1,-1,-1
540,128,946.91,411.28,69.18,169.10,1.0000,-1,-1,-1
540,130,472.53,567.28,59.64,155.79,1.0000,-1,-1,-1
540,131,912.13,170.26,57.03,135.31,1.0000,-1,-1,-1
540,133,484.89,232.19,46.05,133.19,1.0000,-1,-1,-1
540,134,466.19,341.03,67.59,194.78,1.0000,-1,-1,-1
541,116,714.61,301.12,63.15,144.90,1.0000,-1,-1,-1
541,119,694.19,316.45,62.34,156.88,1.0000,-1,-1,-1
541,122,586.88,323.45,102.68,125.30,1.0000,-1,-1,-1
541,126,816.10,421.11,61.82,126.10,1.0000,-1,-1,-1
541,128,945.79,410.91,72.03,169.50,1.0000,-1,-1,-1
541,130,473.89,568.50,62.91,153.31,1.0000,-1,-1,-1
541,131,914.33,170.95,59.08,136.53,1.0000,-1,-1,-1
541,133,484.89,231.77,45.87,133.35,1.0000,-1,-1,-1
541,134,467.31,340.65,67.32,195.95,1.0000,-1,-1,-1
542,116,707.31,301.94,63.00,144.55,1.0000,-1,-1,-1
542,119,689.79,317.12,62.22,156.58,1.0000,-1,-1,-1
542,122,589.08,321.61,105.62,127.00,1.0000,-1,-1,-1
542,126,816.77,416.52,61.57,122.26,1.0000,-1,-1,-1
542,128,944.96,410.82,75.15,169.58,1.0000,-1,-1,-1
542,130,474.40,569.60,64.73,151.86,1.0000,-1,-1,-1
542,131,915.39,171.49,60.44,136.53,1.0000,-1,-1,-1
542,133,484.93,231.40,45.67,133.31,1.0000,-1,-1,-1
542,134,465.00,338.88,68.31,197.64,1.0000,-1,-1,-1
543,119,685.38,317.78,62.10,156.27,1.0000,-1,-1,-1
543,122,595.57,321.29,107.96,129.87,1.0000,-1,-1,-1
543,126,817.39,412.16,61.32,115.52,1.0000,-1,-1,-1
543,128,944.97,410.98,77.31,170.02,1.0000,-1,-1,-1
543,130,474.94,570.06,64.75,151.89,1.0000,-1,-1,-1
543,131,916.54,172.54,61.39,136.19,1.0000,-1,-1,-1
543,133,483.69,230.90,46.15,134.07,1.0000,-1,-1,-1
543,134,462.87,337.70,68.70,198.77,1.0000,-1,-1,-1
544,119,680.98,318.45,61.98,155.96,1.0000,-1,-1,-1
544,122,597.15,321.88,108.33,130.31,1.0000,-1,-1,-1
544,126,818.66,411.68,61.62,112.54,1.0000,-1,-1,-1
544,128,945.37,410.61,74.96,169.66,1.0000,-1,-1,-1
544,130,475.48,570.52,64.76,151.92,1.0000,-1,-1,-1
544,131,918.46,172.68,62.92,136.41,1.0000,-1,-1,-1
544,133,483.38,230.25,46.22,135.41,1.0000,-1,-1,-1
544,134,464.96,338.73,68.84,198.87,1.0000,-1,-1,-1
544,135,784.18,292.49,64.70,134.04,1.0000,-1,-1,-1
545,119,676.58,319.12,61.86,155.65,1.0000,-1,-1,-1
545,122,598.73,322.46,108.70,130.76,1.0000,-1,-1,-1
545,126,818.73,414.67,62.50,117.50,1.0000,-1,-1,-1
545,128,946.12,407.11,72.61,171.25,1.0000,-1,-1,-1
545,130,476.02,570.98,64.77,151.95,1.0000,-1,-1,-1
545,131,920.06,173.29,64.37,136.29,1.0000,-1,-1,-1
545,133,482.54,229.73,46.72,136.74,1.0000,-1,-1,-1
545,134,465.43,339.96,68.36,198.66,1.0000,-1,-1,-1
545,135,789.59,290.87,68.97,132.35,1.0000,-1,-1,-1
546,119,672.18,319.79,61.73,155.34,1.0000,-1,-1,-1
546,122,600.31,323.05,109.06,131.19,1.0000,-1,-1,-1
546,126,818.72,414.49,63.10,121.84,1.0000,-1,-1,-1
546,128,947.16,405.62,70.47,172.16,1.0000,-1,-1,-1
546,130,476.57,571.44,64.79,151.98,1.0000,-1,-1,-1
546,131,921.54,173.47,65.45,136.23,1.0000,-1,-1,-1
546,133,481.12,229.66,47.79,138.20,1.0000,-1,-1,-1
546,134,465.40,339.59,67.11,198.89,1.0000,-1,-1,-1
546,135,791.46,289.30,76.73,134.26,1.0000,-1,-1,-1
547,119,670.15,307.57,77.92,169.18,1.0000,-1,-1,-1
547,122,601.89,323.64,109.43,131.63,1.0000,-1,-1,-1
547,126,818.92,412.49,63.97,125.30,1.0000,-1,-1,-1
547,128,947.84,408.16,69.89,171.01,1.0000,-1,-1,-1
547,130,477.11,571.90,64.80,152.01,1.0000,-1,-1,-1
547,131,922.99,173.52,65.82,135.86,1.0000,-1,-1,-1
547,133,480.84,229.53,48.48,139.55,1.0000,-1,-1,-1
547,134,465.96,339.91,65.82,199.13,1.0000,-1,-1,-1
547,135,792.41,288.53,86.90,139.21,1.0000,-1,-1,-1
548,119,665.91,312.52,79.92,167.77,1.0000,-1,-1,-1
548,122,603.48,324.22,109.79,132.07,1.0000,-1,-1,-1
548,126,819.64,412.33,63.57,124.51,1.0000,-1,-1,-1
548,128,947.61,408.48,71.00,170.53,1.0000,-1,-1,-1
548,131,924.73,173.50,66.42,134.89,1.0000,-1,-1,-1
548,133,480.68,229.26,48.69,140.16,1.0000,-1,-1,-1
548,134,466.09,338.85,65.11,200.44,1.0000,-1,-1,-1
548,135,797.96,286.72,94.41,139.85,1.0000,-1,-1,-1
549,119,665.20,308.33,81.96,170.47,1.0000,-1,-1,-1
549,126,820.21,411.64,64.89,129.56,1.0000,-1,-1,-1
549,128,946.20,409.64,73.06,170.14,1.0000,-1,-1,-1
549,131,927.26,172.37,66.72,134.47,1.0000,-1,-1,-1
549,133,476.37,229.36,52.41,145.43,1.0000,-1,-1,-1
549,134,466.57,338.81,64.23,201.72,1.0000,-1,-1,-1
549,135,818.26,287.63,96.59,142.32,1.0000,-1,-1,-1
550,119,663.14,311.78,80.53,167.93,1.0000,-1,-1,-1
550,126,821.05,410.76,65.75,133.01,1.0000,-1,-1,-1
550,128,944.00,410.96,75.95,170.29,1.0000,-1,-1,-1
550,131,930.41,172.86,67.21,133.85,1.0000,-1,-1,-1
550,133,473.36,228.36,56.56,148.46,1.0000,-1,-1,-1
550,134,466.56,344.56,63.69,199.58,1.0000,-1,-1,-1
550,135,825.18,286.84,101.54,144.57,1.0000,-1,-1,-1
551,119,662.17,307.73,77.53,168.77,1.0000,-1,-1,-1
551,126,822.01,409.52,65.67,135.69,1.0000,-1,-1,-1
551,128,939.81,412.30,80.16,169.99,1.0000,-1,-1,-1
551,131,932.72,173.44,67.13,133.45,1.0000,-1,-1,-1
551,133,472.80,228.08,57.01,149.63,1.0000,-1,-1,-1
551,134,466.79,348.29,63.65,197.37,1.0000,-1,-1,-1
551,135,839.13,284.64,110.12,148.06,1.0000,-1,-1,-1
552,119,662.61,306.25,74.67,169.23,1.0000,-1,-1,-1
552,126,824.20,405.97,66.39,139.28,1.0000,-1,-1,-1
552,128,935.59,414.26,84.99,168.68,1.0000,-1,-1,-1
552,131,937.37,172.78,67.15,132.90,1.0000,-1,-1,-1
552,133,472.25,227.81,57.45,150.78,1.0000,-1,-1,-1
552,134,467.91,348.49,63.55,197.87,1.0000,-1,-1,-1
552,135,865.36,285.46,101.50,146.91,1.0000,-1,-1,-1
553,119,663.28,302.90,72.43,169.86,1.0000,-1,-1,-1
553,126,826.12,405.25,67.42,141.78,1.0000,-1,-1,-1
553,128,930.97,416.63,90.96,166.84,1.0000,-1,-1,-1
553,131,939.88,172.76,67.35,133.30,1.0000,-1,-1,-1
553,133,471.70,227.54,57.88,151.93,1.0000,-1,-1,-1
553,134,469.57,350.38,62.78,196.60,1.0000,-1,-1,-1
553,135,882.97,285.23,91.37,145.43,1.0000,-1,-1,-1
554,119,659.81,302.87,73.90,169.50,1.0000,-1,-1,-1
554,126,828.95,401.45,67.22,143.91,1.0000,-1,-1,-1
554,128,926.37,423.60,98.88,161.81,1.0000,-1,-1,-1
554,131,944.51,173.21,69.65,134.90,1.0000,-1,-1,-1
554,133,471.15,227.27,58.32,153.07,1.0000,-1,-1,-1
554,134,472.44,353.25,62.35,194.79,1.0000,-1,-1,-1
554,135,906.23,287.00,81.81,146.88,1.0000,-1,-1,-1
555,119,661.08,303.69,74.01,167.83,1.0000,-1,-1,-1
555,126,831.10,398.50,66.77,146.13,1.0000,-1,-1,-1
555,128,924.08,428.02,105.69,158.34,1.0000,-1,-1,-1
555,131,947.79,175.26,70.51,138.68,1.0000,-1,-1,-1
555,133,470.61,227.01,58.75,154.20,1.0000,-1,-1,-1
555,134,482.56,356.83,57.37,191.05,1.0000,-1,-1,-1
555,135,919.09,286.19,82.72,148.51,1.0000,-1,-1,-1
556,119,658.70,303.34,74.01,167.82,1.0000,-1,-1,-1
556,126,832.12,395.41,65.31,148.35,1.0000,-1,-1,-1
556,128,923.31,431.27,111.62,155.75,1.0000,-1,-1,-1
556,131,950.63,175.62,70.75,139.16,1.0000,-1,-1,-1
556,134,482.26,357.26,57.47,189.66,1.0000,-1,-1,-1
556,135,937.93,290.04,75.31,151.64,1.0000,-1,-1,-1
557,119,656.32,302.99,74.00,167.81,1.0000,-1,-1,-1
557,126,832.46,393.24,63.13,149.55,1.0000,-1,-1,-1
557,128,923.98,433.06,116.36,153.74,1.0000,-1,-1,-1
557,131,952.11,171.53,71.06,139.03,1.0000,-1,-1,-1
557,134,482.29,357.45,58.32,189.43,1.0000,-1,-1,-1
557,135,950.77,291.67,69.55,153.32,1.0000,-1,-1,-1
558,119,647.55,309.79,78.35,163.64,1.0000,-1,-1,-1
558,126,831.22,389.73,61.81,150.11,1.0000,-1,-1,-1
558,128,923.73,434.76,119.93,151.54,1.0000,-1,-1,-1
558,131,960.64,169.57,69.83,138.73,1.0000,-1,-1,-1
558,134,486.35,358.40,57.63,189.40,1.0000,-1,-1,-1
558,135,962.44,293.71,64.61,153.74,1.0000,-1,-1,-1
558,136,771.44,293.37,63.41,135.27,1.0000,-1,-1,-1
559,119,644.81,309.85,78.36,163.66,1.0000,-1,-1,-1
559,126,827.29,384.85,63.11,148.18,1.0000,-1,-1,-1
559,128,920.22,436.01,123.37,150.32,1.0000,-1,-1,-1
559,131,969.06,168.78,67.91,137.48,1.0000,-1,-1,-1
559,134,487.54,359.52,57.49,188.93,1.0000,-1,-1,-1
559,135,983.35,294.27,69.43,155.57,1.0000,-1,-1,-1
559,136,787.52,290.84,61.94,137.29,1.0000,-1,-1,-1
559,137,511.61,233.78,74.58,152.51,1.0000,-1,-1,-1
560,119,637.29,310.29,87.54,161.15,1.0000,-1,-1,-1
560,126,827.25,381.46,63.09,145.31,1.0000,-1,-1,-1
560,128,913.57,436.96,126.26,148.77,1.0000,-1,-1,-1
560,131,971.73,168.25,69.16,137.29,1.0000,-1,-1,-1
560,134,497.33,353.00,54.88,192.17,1.0000,-1,-1,-1
560,135,999.01,295.84,77.25,156.51,1.0000,-1,-1,-1
560,136,800.94,288.37,57.50,132.32,1.0000,-1,-1,-1
560,137,513.37,231.79,75.78,155.06,1.0000,-1,-1,-1
560,138,699.34,295.03,47.02,170.22,1.0000,-1,-1,-1
561,119,633.98,310.49,92.48,159.57,1.0000,-1,-1,-1
561,126,827.67,379.96,62.85,144.77,1.0000,-1,-1,-1
561,128,904.16,438.10,129.47,148.05,1.0000,-1,-1,-1
561,131,975.96,168.16,69.25,136.57,1.0000,-1,-1,-1
561,134,499.18,353.66,54.71,191.59,1.0000,-1,-1,-1
561,135,1007.05,295.80,88.57,158.17,1.0000,-1,-1,-1
561,136,810.32,287.10,56.76,130.62,1.0000,-1,-1,-1
561,137,519.26,230.96,73.06,152.42,1.0000,-1,-1,-1
561,138,700.69,294.82,47.18,166.79,1.0000,-1,-1,-1
562,119,632.16,309.79,93.24,158.81,1.0000,-1,-1,-1
562,126,823.94,384.74,69.20,139.67,1.0000,-1,-1,-1
562,128,896.79,438.59,129.11,147.28,1.0000,-1,-1,-1
562,131,981.26,166.43,68.42,137.30,1.0000,-1,-1,-1
562,134,501.03,354.32,54.55,191.01,1.0000,-1,-1,-1
562,135,1010.11,294.79,99.77,160.30,1.0000,-1,-1,-1
562,136,819.70,285.84,56.01,128.90,1.0000,-1,-1,-1
562,137,523.73,232.77,71.69,155.52,1.0000,-1,-1,-1
562,138,700.34,295.19,48.69,169.83,1.0000,-1,-1,-1
563,119,629.64,309.57,93.32,158.95,1.0000,-1,-1,-1
563,126,824.28,383.54,68.98,139.24,1.0000,-1,-1,-1
563,128,886.26,437.97,127.72,146.12,1.0000,-1,-1,-1
563,131,982.81,165.76,68.92,137.53,1.0000,-1,-1,-1
563,134,495.70,347.54,59.02,192.01,1.0000,-1,-1,-1
563,135,1012.85,292.97,108.44,161.15,1.0000,-1,-1,-1
563,136,831.29,286.21,51.10,115.84,1.0000,-1,-1,-1
563,137,528.09,231.62,68.95,155.54,1.0000,-1,-1,-1
563,138,697.60,294.18,53.57,174.92,1.0000,-1,-1,-1
564,119,631.71,304.29,84.68,157.93,1.0000,-1,-1,-1
564,126,824.61,382.33,68.77,138.81,1.0000,-1,-1,-1
564,128,874.81,434.10,119.09,147.81,1.0000,-1,-1,-1
564,131,986.01,165.31,70.12,138.68,1.0000,-1,-1,-1
564,134,498.26,346.33,61.72,195.85,1.0000,-1,-1,-1
564,135,1018.24,291.63,113.53,160.16,1.0000,-1,-1,-1
564,136,841.07,285.20,49.60,112.44,1.0000,-1,-1,-1
564,137,534.80,230.02,66.29,155.16,1.0000,-1,-1,-1
564,138,698.16,292.09,54.60,178.27,1.0000,-1,-1,-1
565,119,629.24,303.63,84.71,157.98,1.0000,-1,-1,-1
565,126,824.95,381.13,68.55,138.37,1.0000,-1,-1,-1
565,128,875.19,440.70,111.87,143.99,1.0000,-1,-1,-1
565,131,986.95,164.29,72.15,139.81,1.0000,-1,-1,-1
565,134,499.13,346.20,63.13,197.01,1.0000,-1,-1,-1
565,135,1027.69,291.26,113.22,157.69,1.0000,-1,-1,-1
565,136,850.86,284.25,48.06,108.94,1.0000,-1,-1,-1
565,137,539.21,228.16,65.73,157.41,1.0000,-1,-1,-1
565,138,698.72,290.03,55.60,181.56,1.0000,-1,-1,-1
566,119,648.75,311.84,94.68,150.02,1.0000,-1,-1,-1
566,126,825.29,379.92,68.34,137.94,1.0000,-1,-1,-1
566,128,869.16,433.34,110.73,146.77,1.0000,-1,-1,-1
566,131,988.28,163.19,73.74,140.33,1.0000,-1,-1,-1
566,134,499.41,346.03,64.22,197.02,1.0000,-1,-1,-1
566,135,1027.22,291.05,116.07,155.22,1.0000,-1,-1,-1
566,136,855.92,298.95,56.02,125.96,1.0000,-1,-1,-1
566,137,541.69,225.62,66.52,160.50,1.0000,-1,-1,-1
566,138,699.30,288.00,56.59,184.80,1.0000,-1,-1,-1
567,119,648.58,311.57,94.75,150.12,1.0000,-1,-1,-1
567,126,810.64,373.02,63.50,141.53,1.0000,-1,-1,-1
567,128,863.77,430.22,112.24,149.53,1.0000,-1,-1,-1
567,131,993.10,162.40,72.58,141.47,1.0000,-1,-1,-1
567,134,500.20,346.36,65.40,196.37,1.0000,-1,-1,-1
567,135,1045.02,291.47,107.28,153.25,1.0000,-1,-1,-1
567,136,860.04,299.77,57.13,129.43,1.0000,-1,-1,-1
567,137,543.47,222.96,67.32,163.80,1.0000,-1,-1,-1
567,138,699.89,286.00,57.57,187.97,1.0000,-1,-1,-1
568,119,648.40,311.30,94.81,150.22,1.0000,-1,-1,-1
568,126,808.79,370.63,59.24,141.24,1.0000,-1,-1,-1
568,128,854.91,427.51,114.57,152.12,1.0000,-1,-1,-1
568,131,997.05,160.43,71.66,141.42,1.0000,-1,-1,-1
568,134,500.85,346.98,66.77,197.00,1.0000,-1,-1,-1
568,135,1058.77,293.06,99.40,151.17,1.0000,-1,-1,-1
568,136,863.03,300.25,55.88,131.41,1.0000,-1,-1,-1
568,137,543.90,219.10,68.12,167.17,1.0000,-1,-1,-1
568,138,700.48,284.02,58.52,191.09,1.0000,-1,-1,-1
569,119,648.23,311.03,94.87,150.31,1.0000,-1,-1,-1
569,126,807.59,369.17,58.98,140.63,1.0000,-1,-1,-1
569,128,833.09,426.97,121.57,152.48,1.0000,-1,-1,-1
569,131,1001.53,159.47,71.99,140.69,1.0000,-1,-1,-1
569,134,501.26,344.82,67.31,195.18,1.0000,-1,-1,-1
569,135,1073.56,293.38,93.41,149.03,1.0000,-1,-1,-1
569,136,867.69,299.46,55.03,135.73,1.0000,-1,-1,-1
569,137,547.82,215.00,68.10,169.29,1.0000,-1,-1,-1
570,119,648.06,310.76,94.93,150.41,1.0000,-1,-1,-1
570,126,806.39,367.70,58.73,140.02,1.0000,-1,-1,-1
570,128,819.40,423.91,122.72,156.43,1.0000,-1,-1,-1
570,131,1005.54,158.74,72.66,141.33,1.0000,-1,-1,-1
570,134,501.12,343.77,67.76,193.48,1.0000,-1,-1,-1
570,135,1083.52,293.58,88.99,147.65,1.0000,-1,-1,-1
570,136,870.60,296.96,54.12,139.69,1.0000,-1,-1,-1
570,137,550.43,213.65,68.76,170.81,1.0000,-1,-1,-1
571,119,647.88,310.49,94.99,150.51,1.0000,-1,-1,-1
571,126,805.19,366.24,58.47,139.40,1.0000,-1,-1,-1
571,128,813.00,423.37,123.08,156.88,1.0000,-1,-1,-1
571,131,1007.43,157.76,73.26,142.70,1.0000,-1,-1,-1
571,134,501.44,344.27,68.10,193.60,1.0000,-1,-1,-1
571,135,1092.96,294.14,85.18,146.75,1.0000,-1,-1,-1
571,136,872.07,294.02,53.24,143.00,1.0000,-1,-1,-1
571,137,553.54,212.15,71.72,171.25,1.0000,-1,-1,-1
572,119,637.28,300.49,73.23,139.64,1.0000,-1,-1,-1
572,126,803.99,364.77,58.21,138.79,1.0000,-1,-1,-1
572,128,795.38,391.01,116.83,174.53,1.0000,-1,-1,-1
572,131,1010.40,157.86,73.18,144.43,1.0000,-1,-1,-1
572,134,502.63,343.86,68.17,193.80,1.0000,-1,-1,-1
572,135,1100.35,294.80,82.42,146.59,1.0000,-1,-1,-1
572,136,873.59,291.01,52.25,145.46,1.0000,-1,-1,-1
572,137,557.24,211.12,76.96,171.24,1.0000,-1,-1,-1
573,119,635.63,299.26,73.13,139.45,1.0000,-1,-1,-1
573,126,802.80,363.31,57.95,138.17,1.0000,-1,-1,-1
573,128,783.80,379.62,106.77,185.51,1.0000,-1,-1,-1
573,131,1014.02,156.90,72.13,145.98,1.0000,-1,-1,-1
573,134,503.81,343.45,68.24,194.00,1.0000,-1,-1,-1
573,135,1108.00,294.70,82.04,146.35,1.0000,-1,-1,-1
573,136,874.55,288.18,52.04,147.92,1.0000,-1,-1,-1
573,137,561.18,211.81,78.86,168.88,1.0000,-1,-1,-1
574,119,633.98,298.02,73.03,139.25,1.0000,-1,-1,-1
574,128,773.09,398.74,104.26,180.40,1.0000,-1,-1,-1
574,131,1021.21,155.16,69.13,147.66,1.0000,-1,-1,-1
574,134,511.88,345.83,66.69,198.61,1.0000,-1,-1,-1
574,135,1119.12,293.84,86.23,146.42,1.0000,-1,-1,-1
574,136,876.48,284.10,52.82,148.27,1.0000,-1,-1,-1
574,137,566.22,213.13,79.68,166.78,1.0000,-1,-1,-1
575,119,632.33,296.79,72.93,139.06,1.0000,-1,-1,-1
575,128,762.10,403.36,105.73,179.71,1.0000,-1,-1,-1
575,131,1025.46,153.79,67.08,149.20,1.0000,-1,-1,-1
575,134,513.57,345.83,66.75,198.81,1.0000,-1,-1,-1
575,135,1124.40,292.50,90.24,146.96,1.0000,-1,-1,-1
575,136,877.26,281.75,54.01,147.73,1.0000,-1,-1,-1
575,137,570.66,214.70,79.41,163.61,1.0000,-1,-1,-1
576,119,630.68,295.55,72.83,138.87,1.0000,-1,-1,-1
576,128,751.81,384.83,107.40,191.23,1.0000,-1,-1,-1
576,131,1028.37,153.37,65.03,150.70,1.0000,-1,-1,-1
576,134,515.27,345.84,66.82,199.01,1.0000,-1,-1,-1
576,135,1127.39,290.70,92.99,147.49,1.0000,-1,-1,-1
576,136,877.78,280.72,55.03,145.62,1.0000,-1,-1,-1
576,137,572.07,216.07,79.96,160.80,1.0000,-1,-1,-1
577,119,629.03,294.32,72.73,138.68,1.0000,-1,-1,-1
577,128,740.23,366.94,105.02,186.52,1.0000,-1,-1,-1
577,131,1030.66,154.22,63.73,152.59,1.0000,-1,-1,-1
577,134,516.96,345.84,66.89,199.21,1.0000,-1,-1,-1
577,135,1129.17,288.70,94.67,147.70,1.0000,-1,-1,-1
577,136,878.15,281.13,56.47,144.07,1.0000,-1,-1,-1
577,137,574.36,215.99,79.40,158.61,1.0000,-1,-1,-1
577,139,546.17,204.42,52.46,147.41,1.0000,-1,-1,-1
578,128,730.30,361.68,105.50,184.81,1.0000,-1,-1,-1
578,131,1031.86,154.45,62.68,154.55,1.0000,-1,-1,-1
578,134,528.22,346.28,63.67,202.36,1.0000,-1,-1,-1
578,135,1130.04,286.04,95.54,147.28,1.0000,-1,-1,-1
578,136,878.08,281.22,57.86,141.68,1.0000,-1,-1,-1
578,137,576.19,215.67,78.32,157.05,1.0000,-1,-1,-1
578,139,545.03,203.05,53.37,147.06,1.0000,-1,-1,-1
579,128,715.16,367.52,112.79,198.56,1.0000,-1,-1,-1
579,131,1032.96,153.71,62.92,156.62,1.0000,-1,-1,-1
579,134,531.47,345.19,62.69,203.80,1.0000,-1,-1,-1
579,135,1133.87,281.68,93.99,148.72,1.0000,-1,-1,-1
579,136,877.83,283.17,60.01,138.95,1.0000,-1,-1,-1
579,137,577.06,214.61,78.00,155.95,1.0000,-1,-1,-1
579,139,542.91,202.05,55.31,146.13,1.0000,-1,-1,-1
580,128,728.26,350.83,106.44,186.07,1.0000,-1,-1,-1
580,131,1033.98,150.19,63.30,158.47,1.0000,-1,-1,-1
580,134,533.38,345.43,62.89,204.63,1.0000,-1,-1,-1
580,135,1136.43,277.06,92.28,151.12,1.0000,-1,-1,-1
580,136,877.42,285.85,61.86,138.77,1.0000,-1,-1,-1
580,137,576.84,213.93,78.15,154.62,1.0000,-1,-1,-1
580,139,541.95,199.41,56.21,148.49,1.0000,-1,-1,-1
581,128,732.27,346.76,101.17,176.84,1.0000,-1,-1,-1
581,131,1034.31,147.87,63.62,160.63,1.0000,-1,-1,-1
581,134,535.12,344.96,63.11,205.18,1.0000,-1,-1,-1
581,135,1137.16,272.85,90.80,152.89,1.0000,-1,-1,-1
581,136,877.04,287.25,63.25,138.41,1.0000,-1,-1,-1
581,137,575.92,214.16,78.89,153.83,1.0000,-1,-1,-1
581,139,541.00,196.78,57.09,150.82,1.0000,-1,-1,-1
582,128,732.51,346.15,94.84,171.21,1.0000,-1,-1,-1
582,131,1033.71,145.81,64.37,162.25,1.0000,-1,-1,-1
582,134,536.65,343.33,62.38,205.96,1.0000,-1,-1,-1
582,135,1138.33,269.50,89.17,154.29,1.0000,-1,-1,-1
582,136,876.50,287.92,64.28,138.14,1.0000,-1,-1,-1
582,137,575.65,215.07,79.64,153.73,1.0000,-1,-1,-1
582,139,540.05,194.18,57.96,153.11,1.0000,-1,-1,-1
583,128,731.97,345.27,88.93,167.58,1.0000,-1,-1,-1
583,131,1032.99,143.97,65.05,163.08,1.0000,-1,-1,-1
583,134,538.24,343.43,62.44,206.12,1.0000,-1,-1,-1
583,135,1139.34,265.74,87.28,155.69,1.0000,-1,-1,-1
583,136,876.09,287.97,65.12,138.13,1.0000,-1,-1,-1
583,137,575.96,216.53,80.05,153.44,1.0000,-1,-1,-1
583,139,543.91,201.82,57.19,150.20,1.0000,-1,-1,-1
583,142,505.71,333.69,60.22,177.09,1.0000,-1,-1,-1
584,128,723.79,344.40,78.60,165.52,1.0000,-1,-1,-1
584,131,1026.32,144.06,69.86,164.58,1.0000,-1,-1,-1
584,134,542.80,343.47,61.76,203.96,1.0000,-1,-1,-1
584,135,1141.56,263.10,84.02,156.16,1.0000,-1,-1,-1
584,136,876.14,287.26,65.27,138.55,1.0000,-1,-1,-1
584,137,573.00,219.60,80.76,151.37,1.0000,-1,-1,-1
584,139,543.72,200.76,57.79,151.77,1.0000,-1,-1,-1
584,142,504.19,334.15,60.88,177.79,1.0000,-1,-1,-1
585,128,719.56,344.23,71.06,163.37,1.0000,-1,-1,-1
585,131,1022.24,143.98,73.78,164.96,1.0000,-1,-1,-1
585,134,545.12,343.42,61.78,204.03,1.0000,-1,-1,-1
585,135,1143.55,261.91,81.05,156.65,1.0000,-1,-1,-1
585,136,875.97,286.33,65.05,139.34,1.0000,-1,-1,-1
585,137,556.68,210.91,90.72,157.27,1.0000,-1,-1,-1
585,139,543.53,199.70,58.38,153.33,1.0000,-1,-1,-1
585,142,502.78,333.92,61.04,178.33,1.0000,-1,-1,-1
585,143,602.03,403.31,105.94,194.31,1.0000,-1,-1,-1
586,128,715.04,345.39,65.08,161.07,1.0000,-1,-1,-1
586,131,1018.42,143.77,77.66,165.68,1.0000,-1,-1,-1
586,134,548.78,340.48,58.71,200.54,1.0000,-1,-1,-1
586,135,1144.69,261.02,78.69,157.34,1.0000,-1,-1,-1
586,136,875.96,285.25,64.81,140.27,1.0000,-1,-1,-1
586,137,547.92,205.29,97.93,160.95,1.0000,-1,-1,-1
586,139,543.34,198.65,58.97,154.87,1.0000,-1,-1,-1
586,142,500.82,333.58,59.79,177.41,1.0000,-1,-1,-1
586,143,577.83,401.75,118.68,193.54,1.0000,-1,-1,-1
587,128,710.78,348.13,61.15,159.62,1.0000,-1,-1,-1
587,131,1018.15,143.82,79.45,166.45,1.0000,-1,-1,-1
587,134,551.11,340.10,58.69,200.45,1.0000,-1,-1,-1
587,135,1145.39,260.39,76.82,158.12,1.0000,-1,-1,-1
587,136,876.63,284.24,64.20,141.45,1.0000,-1,-1,-1
587,137,542.04,203.35,102.32,161.10,1.0000,-1,-1,-1
587,139,543.16,197.61,59.55,156.39,1.0000,-1,-1,-1
587,142,500.06,332.55,59.80,178.18,1.0000,-1,-1,-1
587,143,564.75,402.96,123.80,190.53,1.0000,-1,-1,-1
587,144,638.16,330.13,75.46,195.93,1.0000,-1,-1,-1
588,128,702.61,351.34,60.67,158.86,1.0000,-1,-1,-1
588,131,1018.82,143.05,80.09,167.01,1.0000,-1,-1,-1
588,134,553.45,339.71,58.67,200.37,1.0000,-1,-1,-1
588,135,1145.77,259.89,75.49,158.76,1.0000,-1,-1,-1
588,136,877.31,282.95,63.84,142.91,1.0000,-1,-1,-1
588,137,538.45,202.48,105.61,162.08,1.0000,-1,-1,-1
588,139,542.97,196.57,60.13,157.90,1.0000,-1,-1,-1
588,142,500.04,330.08,61.96,181.24,1.0000,-1,-1,-1
588,143,550.66,405.48,126.14,188.09,1.0000,-1,-1,-1
588,144,634.87,328.90,76.45,205.45,1.0000,-1,-1,-1
589,128,694.36,353.59,62.26,157.49,1.0000,-1,-1,-1
589,131,1018.62,142.64,81.04,166.93,1.0000,-1,-1,-1
589,134,555.78,339.33,58.64,200.29,1.0000,-1,-1,-1
589,135,1146.17,259.37,74.72,159.54,1.0000,-1,-1,-1
589,136,878.57,280.01,63.29,144.58,1.0000,-1,-1,-1
589,137,536.69,202.32,107.61,164.51,1.0000,-1,-1,-1
589,142,497.97,327.88,61.70,182.03,1.0000,-1,-1,-1
589,143,537.70,373.68,116.90,198.55,1.0000,-1,-1,-1
589,144,634.84,328.82,79.02,217.09,1.0000,-1,-1,-1
590,128,690.40,354.20,63.48,156.66,1.0000,-1,-1,-1
590,131,1018.78,141.52,81.50,166.91,1.0000,-1,-1,-1
590,134,550.44,349.17,62.39,220.67,1.0000,-1,-1,-1
590,135,1145.68,258.70,74.63,160.24,1.0000,-1,-1,-1
590,136,879.34,277.82,63.09,146.78,1.0000,-1,-1,-1
590,137,536.46,202.54,109.01,166.59,1.0000,-1,-1,-1
590,142,496.62,327.26,61.81,183.33,1.0000,-1,-1,-1
590,143,522.36,368.42,117.61,199.77,1.0000,-1,-1,-1
590,144,634.69,351.18,70.20,202.32,1.0000,-1,-1,-1
591,128,687.19,355.81,66.04,155.62,1.0000,-1,-1,-1
591,131,1019.80,140.30,81.27,165.98,1.0000,-1,-1,-1
591,134,543.69,347.79,64.42,228.87,1.0000,-1,-1,-1
591,135,1145.04,257.56,74.87,161.06,1.0000,-1,-1,-1
591,136,879.62,275.10,62.86,147.85,1.0000,-1,-1,-1
591,137,539.23,202.66,107.97,168.00,1.0000,-1,-1,-1
591,142,494.18,325.43,60.83,183.98,1.0000,-1,-1,-1
591,143,507.02,363.16,118.33,200.98,1.0000,-1,-1,-1
591,144,635.42,369.55,64.84,187.23,1.0000,-1,-1,-1
592,128,665.60,340.89,78.83,167.16,1.0000,-1,-1,-1
592,131,1018.63,140.19,82.05,163.59,1.0000,-1,-1,-1
592,134,544.85,348.93,64.52,229.24,1.0000,-1,-1,-1
592,135,1143.39,256.98,75.91,161.32,1.0000,-1,-1,-1
592,136,879.38,273.06,62.83,148.16,1.0000,-1,-1,-1
592,137,541.91,203.60,106.63,169.43,1.0000,-1,-1,-1
592,142,492.10,323.78,60.15,185.39,1.0000,-1,-1,-1
592,143,491.69,357.90,119.04,202.19,1.0000,-1,-1,-1
592,144,635.72,381.45,59.26,174.81,1.0000,-1,-1,-1
593,128,658.32,334.82,86.49,172.91,1.0000,-1,-1,-1
593,131,1024.97,140.47,78.44,161.24,1.0000,-1,-1,-1
593,134,551.41,336.81,59.69,218.40,1.0000,-1,-1,-1
593,135,1141.16,257.77,77.64,160.39,1.0000,-1,-1,-1
593,136,879.15,271.56,63.05,147.28,1.0000,-1,-1,-1
593,137,545.50,203.62,105.16,170.24,1.0000,-1,-1,-1
593,142,490.32,322.81,60.51,186.50,1.0000,-1,-1,-1
593,143,496.11,401.48,91.77,178.90,1.0000,-1,-1,-1
593,144,635.73,387.20,56.44,166.77,1.0000,-1,-1,-1
594,128,657.73,331.81,86.38,176.82,1.0000,-1,-1,-1
594,131,1028.75,139.51,75.09,158.15,1.0000,-1,-1,-1
594,134,555.08,336.13,58.23,212.65,1.0000,-1,-1,-1
594,135,1137.84,256.39,79.81,158.28,1.0000,-1,-1,-1
594,136,878.80,270.62,64.23,146.22,1.0000,-1,-1,-1
594,137,548.98,204.55,103.37,170.59,1.0000,-1,-1,-1
594,142,488.55,321.83,60.87,187.61,1.0000,-1,-1,-1
594,143,473.83,355.94,101.14,211.75,1.0000,-1,-1,-1
594,144,631.83,390.63,54.45,161.22,1.0000,-1,-1,-1
595,128,655.93,328.50,83.57,175.58,1.0000,-1,-1,-1
595,131,1030.87,139.64,72.65,155.57,1.0000,-1,-1,-1
595,134,556.28,335.90,57.28,209.02,1.0000,-1,-1,-1
595,135,1134.70,255.17,81.74,155.19,1.0000,-1,-1,-1
595,136,878.31,270.86,65.11,145.31,1.0000,-1,-1,-1
595,137,551.53,205.20,101.11,169.51,1.0000,-1,-1,-1
595,142,486.77,320.87,61.23,188.71,1.0000,-1,-1,-1
595,143,459.63,385.52,105.17,192.64,1.0000,-1,-1,-1
595,144,628.35,393.51,54.53,159.66,1.0000,-1,-1,-1
596,128,662.60,324.85,74.43,173.20,1.0000,-1,-1,-1
596,131,1032.41,139.93,70.32,153.00,1.0000,-1,-1,-1
596,134,555.92,336.67,57.43,206.00,1.0000,-1,-1,-1
596,135,1131.92,254.21,83.56,152.86,1.0000,-1,-1,-1
596,136,878.18,271.69,65.82,144.44,1.0000,-1,-1,-1
596,137,551.70,204.29,97.55,167.13,1.0000,-1,-1,-1
596,142,485.00,319.90,61.58,189.80,1.0000,-1,-1,-1
596,143,445.48,385.09,104.73,191.83,1.0000,-1,-1,-1
596,144,625.67,398.52,55.92,162.93,1.0000,-1,-1,-1
597,128,668.68,323.89,67.90,169.12,1.0000,-1,-1,-1
597,131,1033.41,140.49,68.41,150.91,1.0000,-1,-1,-1
597,134,553.72,336.97,59.40,203.56,1.0000,-1,-1,-1
597,135,1129.78,253.23,84.77,150.99,1.0000,-1,-1,-1
597,136,878.12,273.05,66.18,143.26,1.0000,-1,-1,-1
597,137,551.61,206.28,95.96,163.38,1.0000,-1,-1,-1
597,142,483.23,318.94,61.93,190.89,1.0000,-1,-1,-1
597,143,436.05,341.39,117.37,216.76,1.0000,-1,-1,-1
597,144,623.75,401.43,58.23,168.88,1.0000,-1,-1,-1
598,128,673.43,324.94,65.21,163.01,1.0000,-1,-1,-1
598,131,1034.08,141.02,67.04,149.67,1.0000,-1,-1,-1
598,134,551.48,337.72,62.01,200.82,1.0000,-1,-1,-1
598,135,1133.83,253.12,81.85,150.02,1.0000,-1,-1,-1
598,136,877.70,274.45,66.61,141.79,1.0000,-1,-1,-1
598,137,551.31,209.30,93.23,159.68,1.0000,-1,-1,-1
598,143,426.10,378.54,120.30,188.86,1.0000,-1,-1,-1
598,144,619.84,402.95,59.53,174.40,1.0000,-1,-1,-1
599,128,675.20,328.55,65.06,156.62,1.0000,-1,-1,-1
599,131,1034.53,140.76,66.57,148.27,1.0000,-1,-1,-1
599,134,554.38,337.88,62.36,197.53,1.0000,-1,-1,-1
599,135,1134.08,253.38,78.80,149.38,1.0000,-1,-1,-1
599,136,877.21,275.64,66.92,140.43,1.0000,-1,-1,-1
599,137,551.28,208.96,93.48,160.11,1.0000,-1,-1,-1
599,143,417.93,379.34,111.98,181.60,1.0000,-1,-1,-1
599,144,617.73,409.03,58.84,172.40,1.0000,-1,-1,-1
600,128,675.99,332.91,65.31,151.10,1.0000,-1,-1,-1
600,131,1035.00,141.52,65.67,147.61,1.0000,-1,-1,-1
600,134,555.50,338.33,63.91,194.34,1.0000,-1,-1,-1
600,135,1132.52,253.29,76.81,148.52,1.0000,-1,-1,-1
600,136,876.94,276.39,67.03,139.46,1.0000,-1,-1,-1
600,137,551.26,208.63,93.73,160.54,1.0000,-1,-1,-1
600,143,413.89,377.56,101.69,177.11,1.0000,-1,-1,-1
600,144,615.63,415.11,58.15,170.37,1.0000,-1,-1,-1
601,128,675.78,337.14,66.38,146.88,1.0000,-1,-1,-1
601,131,1035.46,142.56,64.73,147.26,1.0000,-1,-1,-1
601,134,556.65,338.51,63.45,192.21,1.0000,-1,-1,-1
601,135,1131.02,253.55,75.42,148.35,1.0000,-1,-1,-1
601,136,876.80,276.62,67.02,138.97,1.0000,-1,-1,-1
601,137,551.24,208.30,93.99,160.97,1.0000,-1,-1,-1
601,143,412.68,376.90,93.08,173.31,1.0000,-1,-1,-1
601,144,613.53,421.21,57.45,168.32,1.0000,-1,-1,-1
602,128,676.46,340.73,67.25,144.98,1.0000,-1,-1,-1
602,131,1036.27,143.02,64.20,147.25,1.0000,-1,-1,-1
602,134,556.15,339.05,61.95,190.70,1.0000,-1,-1,-1
602,135,1128.59,254.21,74.56,148.22,1.0000,-1,-1,-1
602,136,876.99,276.69,66.67,138.84,1.0000,-1,-1,-1
602,137,551.22,207.97,94.23,161.40,1.0000,-1,-1,-1
602,143,413.76,376.37,85.61,170.74,1.0000,-1,-1,-1
602,144,611.44,427.32,56.74,166.25,1.0000,-1,-1,-1
603,128,676.41,343.95,68.17,143.43,1.0000,-1,-1,-1
603,131,1037.37,143.54,63.60,147.40,1.0000,-1,-1,-1
603,134,556.42,339.77,59.42,189.02,1.0000,-1,-1,-1
603,135,1126.96,254.46,73.56,147.98,1.0000,-1,-1,-1
603,136,877.41,277.22,66.09,138.58,1.0000,-1,-1,-1
603,137,551.19,207.64,94.48,161.82,1.0000,-1,-1,-1
603,143,415.45,375.32,78.57,168.41,1.0000,-1,-1,-1
603,144,595.88,425.32,62.12,170.16,1.0000,-1,-1,-1
604,128,678.17,347.91,68.27,144.25,1.0000,-1,-1,-1
604,131,1038.95,144.84,63.11,147.49,1.0000,-1,-1,-1
604,134,557.25,340.83,57.15,187.44,1.0000,-1,-1,-1
604,135,1126.35,254.89,72.30,148.11,1.0000,-1,-1,-1
604,136,877.70,277.60,65.45,138.75,1.0000,-1,-1,-1
604,143,416.92,373.27,74.63,167.78,1.0000,-1,-1,-1
604,144,593.03,430.56,63.15,166.96,1.0000,-1,-1,-1
604,146,489.25,316.64,53.08,173.58,1.0000,-1,-1,-1
605,128,678.42,353.69,69.83,148.22,1.0000,-1,-1,-1
605,131,1040.08,146.47,62.24,147.02,1.0000,-1,-1,-1
605,134,557.97,340.31,57.08,187.22,1.0000,-1,-1,-1
605,135,1126.25,254.06,68.67,146.98,1.0000,-1,-1,-1
605,136,877.96,277.20,64.61,139.66,1.0000,-1,-1,-1
605,143,413.05,369.06,71.31,167.62,1.0000,-1,-1,-1
605,144,577.52,383.24,77.36,207.30,1.0000,-1,-1,-1
605,146,486.69,314.27,55.71,176.28,1.0000,-1,-1,-1
606,128,678.78,356.62,70.99,150.29,1.0000,-1,-1,-1
606,131,1040.31,146.84,61.71,145.74,1.0000,-1,-1,-1
606,134,572.26,355.85,70.26,222.81,1.0000,-1,-1,-1
606,135,1122.75,254.17,67.44,148.42,1.0000,-1,-1,-1
606,136,877.46,276.31,63.88,140.63,1.0000,-1,-1,-1
606,143,411.28,367.19,69.55,166.43,1.0000,-1,-1,-1
606,144,571.65,409.37,81.87,201.92,1.0000,-1,-1,-1
606,146,485.04,312.99,56.90,175.86,1.0000,-1,-1,-1
607,128,679.12,358.25,71.39,151.17,1.0000,-1,-1,-1
607,131,1040.23,147.17,61.21,144.78,1.0000,-1,-1,-1
607,134,574.64,357.98,70.38,223.20,1.0000,-1,-1,-1
607,135,1123.00,254.53,65.13,149.35,1.0000,-1,-1,-1
607,136,876.91,274.93,63.28,141.89,1.0000,-1,-1,-1
607,143,409.24,365.56,69.63,164.86,1.0000,-1,-1,-1
607,144,566.76,373.75,87.26,228.17,1.0000,-1,-1,-1
607,146,484.39,312.95,56.58,173.03,1.0000,-1,-1,-1
608,128,678.93,359.47,72.10,151.38,1.0000,-1,-1,-1
608,131,1039.99,147.43,60.74,144.14,1.0000,-1,-1,-1
608,134,577.02,360.12,70.50,223.58,1.0000,-1,-1,-1
608,135,1121.50,252.44,63.80,150.78,1.0000,-1,-1,-1
608,136,876.10,273.46,62.76,142.71,1.0000,-1,-1,-1
608,143,407.26,363.60,71.18,163.18,1.0000,-1,-1,-1
608,144,562.88,355.82,90.75,248.14,1.0000,-1,-1,-1
608,146,484.52,313.86,56.20,171.69,1.0000,-1,-1,-1
609,128,678.50,359.86,72.50,151.48,1.0000,-1,-1,-1
609,131,1039.65,148.03,60.33,143.37,1.0000,-1,-1,-1
609,134,579.39,362.25,70.62,223.96,1.0000,-1,-1,-1
609,135,1119.43,252.04,63.35,152.04,1.0000,-1,-1,-1
609,136,875.53,272.00,62.34,143.33,1.0000,-1,-1,-1
609,143,404.85,361.62,72.98,160.80,1.0000,-1,-1,-1
609,144,558.96,354.86,91.71,250.75,1.0000,-1,-1,-1
609,146,486.09,315.37,55.29,170.56,1.0000,-1,-1,-1
610,128,678.42,358.92,71.72,151.99,1.0000,-1,-1,-1
610,131,1038.65,149.04,61.05,143.51,1.0000,-1,-1,-1
610,134,563.77,330.01,71.26,214.08,1.0000,-1,-1,-1
610,135,1115.42,250.48,63.70,153.66,1.0000,-1,-1,-1
610,136,875.22,270.45,61.61,143.35,1.0000,-1,-1,-1
610,143,402.73,357.56,74.15,157.67,1.0000,-1,-1,-1
610,144,546.93,412.95,93.19,220.43,1.0000,-1,-1,-1
610,146,487.00,317.06,54.86,170.52,1.0000,-1,-1,-1
610,147,574.39,230.98,82.39,147.86,1.0000,-1,-1,-1
610,148,538.71,218.77,52.41,151.41,1.0000,-1,-1,-1
611,128,679.04,358.29,71.08,152.82,1.0000,-1,-1,-1
611,131,1037.15,149.56,62.12,143.52,1.0000,-1,-1,-1
611,134,563.06,334.32,70.72,206.86,1.0000,-1,-1,-1
611,135,1113.99,249.34,63.87,155.13,1.0000,-1,-1,-1
611,136,875.15,269.67,61.30,143.03,1.0000,-1,-1,-1
611,143,401.56,354.99,74.42,156.69,1.0000,-1,-1,-1
611,144,542.41,416.16,93.97,222.27,1.0000,-1,-1,-1
611,146,487.21,317.77,54.11,169.84,1.0000,-1,-1,-1
611,147,577.98,233.44,78.75,144.92,1.0000,-1,-1,-1
611,148,539.73,221.87,53.50,155.38,1.0000,-1,-1,-1
612,128,680.92,358.19,71.03,154.19,1.0000,-1,-1,-1
612,131,1035.60,149.70,63.64,143.56,1.0000,-1,-1,-1
612,134,561.94,336.82,71.66,202.75,1.0000,-1,-1,-1
612,135,1113.62,249.22,64.86,156.18,1.0000,-1,-1,-1
612,136,874.65,269.57,61.29,141.74,1.0000,-1,-1,-1
612,143,401.18,353.45,74.68,156.87,1.0000,-1,-1,-1
612,144,537.89,419.38,94.74,224.10,1.0000,-1,-1,-1
612,146,487.52,318.57,54.08,169.66,1.0000,-1,-1,-1
612,147,580.06,232.89,77.47,145.10,1.0000,-1,-1,-1
612,148,540.72,224.49,53.83,156.34,1.0000,-1,-1,-1
613,128,682.89,358.60,72.76,156.22,1.0000,-1,-1,-1
613,131,1034.11,149.85,65.21,143.47,1.0000,-1,-1,-1
613,134,558.28,337.38,74.43,201.53,1.0000,-1,-1,-1
613,135,1112.14,247.80,65.34,157.22,1.0000,-1,-1,-1
613,136,874.57,270.18,62.06,140.77,1.0000,-1,-1,-1
613,143,403.58,350.89,73.50,158.04,1.0000,-1,-1,-1
613,144,533.37,422.61,95.51,225.91,1.0000,-1,-1,-1
613,146,487.96,319.22,54.56,170.35,1.0000,-1,-1,-1
613,147,579.31,232.51,77.65,146.36,1.0000,-1,-1,-1
613,148,541.72,227.12,54.16,157.29,1.0000,-1,-1,-1
614,128,682.64,360.22,73.73,158.89,1.0000,-1,-1,-1
614,131,1032.97,149.79,67.15,143.31,1.0000,-1,-1,-1
614,134,555.18,337.37,77.99,201.24,1.0000,-1,-1,-1
614,135,1109.85,247.04,66.42,157.90,1.0000,-1,-1,-1
614,136,874.52,270.88,62.74,140.04,1.0000,-1,-1,-1
614,143,407.25,348.87,71.58,159.37,1.0000,-1,-1,-1
614,144,528.86,425.85,96.27,227.71,1.0000,-1,-1,-1
614,146,488.75,319.07,55.35,170.38,1.0000,-1,-1,-1
614,147,578.10,231.88,78.70,147.70,1.0000,-1,-1,-1
614,148,542.71,229.74,54.48,158.24,1.0000,-1,-1,-1
615,128,682.48,365.27,74.51,162.57,1.0000,-1,-1,-1
615,131,1031.87,150.28,69.83,142.42,1.0000,-1,-1,-1
615,134,554.56,338.33,80.91,200.74,1.0000,-1,-1,-1
615,135,1106.13,249.69,69.33,153.41,1.0000,-1,-1,-1
615,136,874.23,272.50,64.06,139.05,1.0000,-1,-1,-1
615,143,412.48,345.08,69.53,160.87,1.0000,-1,-1,-1
615,144,510.31,440.14,92.29,196.34,1.0000,-1,-1,-1
615,146,491.34,319.55,58.26,171.06,1.0000,-1,-1,-1
615,147,578.08,232.57,79.86,148.51,1.0000,-1,-1,-1
615,148,543.70,232.37,54.81,159.18,1.0000,-1,-1,-1
616,128,682.77,368.23,76.09,164.58,1.0000,-1,-1,-1
616,131,1031.25,150.57,71.75,141.61,1.0000,-1,-1,-1
616,134,556.96,338.28,81.41,200.71,1.0000,-1,-1,-1
616,135,1102.16,248.83,72.62,150.87,1.0000,-1,-1,-1
616,136,873.93,273.80,65.09,138.18,1.0000,-1,-1,-1
616,143,415.78,342.54,68.05,161.57,1.0000,-1,-1,-1
616,144,499.81,451.64,96.99,180.97,1.0000,-1,-1,-1
616,146,493.72,318.08,58.96,168.59,1.0000,-1,-1,-1
616,147,577.53,234.46,81.29,147.89,1.0000,-1,-1,-1
616,148,544.70,235.01,55.13,160.11,1.0000,-1,-1,-1
617,128,680.61,372.11,79.02,164.88,1.0000,-1,-1,-1
617,131,1031.30,151.41,73.62,140.81,1.0000,-1,-1,-1
617,134,559.46,337.56,81.18,201.11,1.0000,-1,-1,-1
617,135,1099.63,244.54,75.38,151.29,1.0000,-1,-1,-1
617,136,873.87,274.60,65.87,137.62,1.0000,-1,-1,-1
617,143,417.65,341.22,67.27,162.09,1.0000,-1,-1,-1
617,144,493.95,454.94,97.44,181.81,1.0000,-1,-1,-1
617,146,496.24,319.01,61.17,167.23,1.0000,-1,-1,-1
617,147,576.24,234.05,84.04,148.68,1.0000,-1,-1,-1
618,128,677.26,375.45,82.60,165.29,1.0000,-1,-1,-1
618,131,1031.18,151.93,75.03,140.48,1.0000,-1,-1,-1
618,134,561.89,337.15,80.64,201.09,1.0000,-1,-1,-1
618,135,1093.17,242.57,79.75,150.73,1.0000,-1,-1,-1
618,136,873.32,274.87,66.57,137.30,1.0000,-1,-1,-1
618,143,420.73,339.90,65.92,161.59,1.0000,-1,-1,-1
618,144,488.10,458.24,97.89,182.65,1.0000,-1,-1,-1
618,146,498.53,317.81,63.80,165.00,1.0000,-1,-1,-1
618,147,573.59,232.58,87.02,149.93,1.0000,-1,-1,-1
619,128,674.37,379.00,85.80,165.66,1.0000,-1,-1,-1
619,131,1031.22,152.13,76.02,140.07,1.0000,-1,-1,-1
619,134,562.77,336.69,80.23,200.75,1.0000,-1,-1,-1
619,135,1099.65,241.24,76.73,149.68,1.0000,-1,-1,-1
619,136,872.33,274.94,67.32,137.49,1.0000,-1,-1,-1
619,143,423.69,338.59,65.19,160.66,1.0000,-1,-1,-1
619,144,482.25,461.54,98.34,183.49,1.0000,-1,-1,-1
619,146,498.78,319.05,65.87,163.27,1.0000,-1,-1,-1
619,147,571.90,233.05,88.20,149.47,1.0000,-1,-1,-1
620,128,669.84,384.41,90.13,168.27,1.0000,-1,-1,-1
620,131,1029.21,152.73,75.01,139.92,1.0000,-1,-1,-1
620,134,561.88,339.19,79.23,198.96,1.0000,-1,-1,-1
620,135,1100.88,242.10,74.30,147.08,1.0000,-1,-1,-1
620,136,868.93,274.81,67.59,138.62,1.0000,-1,-1,-1
620,143,426.29,332.29,66.35,157.08,1.0000,-1,-1,-1
620,144,476.40,464.85,98.79,184.32,1.0000,-1,-1,-1
620,146,498.37,318.75,66.65,167.01,1.0000,-1,-1,-1
620,147,570.33,233.64,89.25,150.31,1.0000,-1,-1,-1
621,128,666.44,387.38,93.67,171.91,1.0000,-1,-1,-1
621,131,1027.76,153.91,73.79,139.41,1.0000,-1,-1,-1
621,134,561.23,340.02,77.12,197.40,1.0000,-1,-1,-1
621,135,1099.42,242.20,73.41,145.86,1.0000,-1,-1,-1
621,136,866.78,274.32,67.05,139.69,1.0000,-1,-1,-1
621,143,428.74,328.94,68.37,155.08,1.0000,-1,-1,-1
621,144,470.55,468.15,99.23,185.15,1.0000,-1,-1,-1
621,146,498.42,317.29,67.41,169.08,1.0000,-1,-1,-1
621,147,567.80,233.50,89.23,152.18,1.0000,-1,-1,-1
622,128,662.66,388.90,96.82,173.73,1.0000,-1,-1,-1
622,131,1027.30,154.22,72.98,139.43,1.0000,-1,-1,-1
622,134,560.86,340.71,75.16,195.89,1.0000,-1,-1,-1
622,135,1100.01,243.65,71.18,143.65,1.0000,-1,-1,-1
622,136,865.40,273.46,66.22,140.54,1.0000,-1,-1,-1
622,143,430.68,326.42,69.15,154.19,1.0000,-1,-1,-1
622,146,498.14,317.54,67.57,170.03,1.0000,-1,-1,-1
622,147,567.57,234.10,88.30,154.08,1.0000,-1,-1,-1
623,128,658.46,390.79,98.82,174.21,1.0000,-1,-1,-1
623,131,1026.24,154.10,72.60,139.56,1.0000,-1,-1,-1
623,134,560.09,340.14,73.41,195.31,1.0000,-1,-1,-1
623,135,1099.45,245.32,68.48,140.79,1.0000,-1,-1,-1
623,136,864.81,272.67,65.25,141.13,1.0000,-1,-1,-1
623,143,433.72,322.75,70.94,155.28,1.0000,-1,-1,-1
623,146,498.26,317.13,67.82,170.82,1.0000,-1,-1,-1
623,147,566.71,235.39,85.89,156.01,1.0000,-1,-1,-1
624,128,653.23,391.39,99.41,174.38,1.0000,-1,-1,-1
624,131,1026.18,153.88,72.43,139.68,1.0000,-1,-1,-1
624,134,560.15,339.88,71.18,195.11,1.0000,-1,-1,-1
624,135,1097.74,244.81,66.54,139.65,1.0000,-1,-1,-1
624,136,864.68,271.18,64.32,141.97,1.0000,-1,-1,-1
624,143,438.47,320.62,73.36,156.78,1.0000,-1,-1,-1
624,146,498.56,317.32,67.91,170.85,1.0000,-1,-1,-1
624,147,566.42,236.17,83.38,158.28,1.0000,-1,-1,-1
624,149,429.70,472.79,64.43,145.68,1.0000,-1,-1,-1
625,128,645.46,390.96,95.79,174.74,1.0000,-1,-1,-1
625,131,1025.81,153.71,71.29,139.64,1.0000,-1,-1,-1
625,134,556.27,340.24,68.57,194.98,1.0000,-1,-1,-1
625,135,1092.33,244.83,66.60,138.83,1.0000,-1,-1,-1
625,136,864.44,268.36,63.58,143.55,1.0000,-1,-1,-1
625,143,444.10,318.77,73.17,158.08,1.0000,-1,-1,-1
625,146,499.32,316.95,68.22,171.65,1.0000,-1,-1,-1
625,147,566.49,236.95,80.40,159.13,1.0000,-1,-1,-1
625,149,420.56,472.64,65.95,146.80,1.0000,-1,-1,-1
626,128,638.44,389.99,90.85,174.49,1.0000,-1,-1,-1
626,131,1025.40,154.02,68.80,139.66,1.0000,-1,-1,-1
626,134,554.43,340.34,67.73,194.82,1.0000,-1,-1,-1
626,135,1089.72,243.89,66.46,139.25,1.0000,-1,-1,-1
626,136,864.09,265.75,63.34,145.07,1.0000,-1,-1,-1
626,143,449.18,317.67,72.35,158.86,1.0000,-1,-1,-1
626,146,500.09,316.57,68.54,172.44,1.0000,-1,-1,-1
626,147,566.43,236.21,78.42,160.03,1.0000,-1,-1,-1
626,149,410.33,474.78,67.95,145.74,1.0000,-1,-1,-1
627,128,632.33,389.18,86.60,174.58,1.0000,-1,-1,-1
627,131,1026.25,154.42,65.90,139.68,1.0000,-1,-1,-1
627,134,553.59,340.49,67.14,194.56,1.0000,-1,-1,-1
627,135,1086.95,243.75,66.66,139.53,1.0000,-1,-1,-1
627,136,863.82,264.06,63.35,146.01,1.0000,-1,-1,-1
627,143,457.37,317.90,72.86,159.14,1.0000,-1,-1,-1
627,146,500.86,316.20,68.85,173.24,1.0000,-1,-1,-1
627,147,567.84,237.94,76.62,159.69,1.0000,-1,-1,-1
627,149,403.12,476.81,68.08,143.69,1.0000,-1,-1,-1
628,128,627.89,388.69,80.52,174.62,1.0000,-1,-1,-1
628,131,1026.70,154.65,63.84,139.99,1.0000,-1,-1,-1
628,134,554.65,341.28,66.15,194.44,1.0000,-1,-1,-1
628,135,1083.98,243.91,66.15,139.79,1.0000,-1,-1,-1
628,136,863.15,262.86,63.38,145.93,1.0000,-1,-1,-1
628,143,461.50,319.80,72.27,157.13,1.0000,-1,-1,-1
628,146,501.63,315.84,69.17,174.02,1.0000,-1,-1,-1
628,147,567.71,238.59,75.79,159.40,1.0000,-1,-1,-1
628,149,396.32,480.60,68.13,139.75,1.0000,-1,-1,-1
629,128,623.31,387.67,75.06,174.82,1.0000,-1,-1,-1
629,131,1027.61,154.87,62.10,140.54,1.0000,-1,-1,-1
629,134,556.42,341.98,64.79,194.22,1.0000,-1,-1,-1
629,135,1083.72,245.02,64.15,139.43,1.0000,-1,-1,-1
629,136,862.66,262.04,63.95,145.45,1.0000,-1,-1,-1
629,143,464.06,322.20,73.39,155.89,1.0000,-1,-1,-1
629,146,502.40,315.47,69.48,174.81,1.0000,-1,-1,-1
629,147,567.01,237.94,75.41,159.98,1.0000,-1,-1,-1
629,149,388.85,484.98,69.24,138.93,1.0000,-1,-1,-1
630,128,617.78,388.99,72.27,174.83,1.0000,-1,-1,-1
630,131,1026.06,154.52,61.87,141.38,1.0000,-1,-1,-1
630,134,559.40,344.50,62.67,192.78,1.0000,-1,-1,-1
630,135,1077.39,244.13,65.54,140.38,1.0000,-1,-1,-1
630,136,862.14,260.75,66.90,143.01,1.0000,-1,-1,-1
630,143,469.15,320.66,81.29,159.58,1.0000,-1,-1,-1
630,147,565.51,236.30,74.96,160.81,1.0000,-1,-1,-1
630,149,377.94,489.44,69.21,134.57,1.0000,-1,-1,-1
631,128,612.93,389.85,71.29,174.15,1.0000,-1,-1,-1
631,131,1023.41,154.35,63.27,142.06,1.0000,-1,-1,-1
631,134,559.74,345.48,61.11,192.28,1.0000,-1,-1,-1
631,135,1073.51,245.78,66.59,139.77,1.0000,-1,-1,-1
631,136,861.32,261.28,69.60,141.20,1.0000,-1,-1,-1
631,143,470.27,319.05,86.91,162.49,1.0000,-1,-1,-1
631,147,564.38,234.51,75.35,161.74,1.0000,-1,-1,-1
631,149,371.21,492.52,67.70,132.08,1.0000,-1,-1,-1
632,128,605.69,390.32,72.55,173.79,1.0000,-1,-1,-1
632,131,1022.68,154.50,63.32,142.16,1.0000,-1,-1,-1
632,134,560.10,345.33,60.14,192.31,1.0000,-1,-1,-1
632,135,1070.74,247.81,67.63,138.41,1.0000,-1,-1,-1
632,136,859.84,261.49,72.01,139.08,1.0000,-1,-1,-1
632,143,472.27,318.05,90.41,165.45,1.0000,-1,-1,-1
632,147,563.43,233.27,75.48,162.24,1.0000,-1,-1,-1
632,149,364.37,493.28,65.56,131.39,1.0000,-1,-1,-1
633,128,596.49,390.45,77.64,173.63,1.0000,-1,-1,-1
633,131,1017.30,154.25,65.30,142.34,1.0000,-1,-1,-1
633,134,557.42,345.03,60.13,193.17,1.0000,-1,-1,-1
633,135,1068.96,248.73,68.48,137.66,1.0000,-1,-1,-1
633,136,857.10,262.97,74.79,139.34,1.0000,-1,-1,-1
633,143,475.52,317.30,89.99,164.67,1.0000,-1,-1,-1
633,147,562.75,233.60,75.38,162.03,1.0000,-1,-1,-1
633,149,355.15,493.50,64.30,131.37,1.0000,-1,-1,-1
634,128,596.80,388.40,78.35,172.28,1.0000,-1,-1,-1
634,131,1018.62,152.66,64.36,140.92,1.0000,-1,-1,-1
634,134,556.99,345.24,60.09,193.06,1.0000,-1,-1,-1
634,135,1066.76,248.69,68.45,137.61,1.0000,-1,-1,-1
634,136,853.55,263.93,77.64,140.23,1.0000,-1,-1,-1
634,143,478.77,316.55,89.56,163.89,1.0000,-1,-1,-1
634,147,560.79,228.45,75.42,159.52,1.0000,-1,-1,-1
634,149,347.33,493.87,63.20,131.29,1.0000,-1,-1,-1
635,128,585.99,388.60,85.13,171.91,1.0000,-1,-1,-1
635,131,1015.30,153.08,65.91,142.57,1.0000,-1,-1,-1
635,134,556.57,345.46,60.06,192.96,1.0000,-1,-1,-1
635,135,1057.06,252.40,73.88,131.68,1.0000,-1,-1,-1
635,136,844.24,264.01,80.29,140.16,1.0000,-1,-1,-1
635,143,497.83,321.75,78.82,165.26,1.0000,-1,-1,-1
635,147,557.81,223.84,72.95,149.94,1.0000,-1,-1,-1
635,149,337.19,492.87,64.42,131.67,1.0000,-1,-1,-1
636,128,573.63,390.49,93.56,170.49,1.0000,-1,-1,-1
636,131,1012.76,152.41,67.06,143.36,1.0000,-1,-1,-1
636,134,556.14,345.67,60.03,192.85,1.0000,-1,-1,-1
636,135,1047.60,254.41,80.16,127.57,1.0000,-1,-1,-1
636,136,837.85,264.15,81.67,140.08,1.0000,-1,-1,-1
636,143,502.13,322.71,74.79,167.19,1.0000,-1,-1,-1
636,147,557.19,223.61,72.55,144.70,1.0000,-1,-1,-1
636,149,329.40,494.30,65.14,131.71,1.0000,-1,-1,-1
637,128,565.82,392.83,100.29,168.16,1.0000,-1,-1,-1
637,131,1014.37,151.31,65.98,143.72,1.0000,-1,-1,-1
637,134,555.71,345.88,60.00,192.75,1.0000,-1,-1,-1
637,135,1041.34,248.52,84.98,129.37,1.0000,-1,-1,-1
637,136,834.17,263.88,82.23,139.76,1.0000,-1,-1,-1
637,143,506.82,322.41,70.20,168.19,1.0000,-1,-1,-1
637,147,555.60,222.75,70.40,138.41,1.0000,-1,-1,-1
637,149,321.44,495.20,65.13,131.70,1.0000,-1,-1,-1
638,128,560.84,364.31,105.75,183.97,1.0000,-1,-1,-1
638,131,1018.25,150.76,63.67,143.74,1.0000,-1,-1,-1
638,134,555.28,346.10,59.96,192.64,1.0000,-1,-1,-1
638,135,1033.34,247.76,90.77,128.83,1.0000,-1,-1,-1
638,136,831.98,263.44,82.20,139.61,1.0000,-1,-1,-1
638,143,508.82,322.41,67.05,169.02,1.0000,-1,-1,-1
638,147,555.36,222.52,70.23,134.15,1.0000,-1,-1,-1
638,149,316.97,493.97,68.02,131.77,1.0000,-1,-1,-1
639,128,557.87,381.48,106.59,177.15,1.0000,-1,-1,-1
639,131,1017.65,150.62,63.71,143.84,1.0000,-1,-1,-1
639,135,1030.08,247.19,90.86,128.95,1.0000,-1,-1,-1
639,136,831.40,262.91,81.76,139.40,1.0000,-1,-1,-1
639,143,508.34,321.56,66.46,169.67,1.0000,-1,-1,-1
639,147,554.85,223.02,69.50,129.57,1.0000,-1,-1,-1
639,149,309.44,494.57,68.11,131.94,1.0000,-1,-1,-1
640,128,550.21,361.01,102.60,187.28,1.0000,-1,-1,-1
640,131,1017.04,150.62,62.55,143.89,1.0000,-1,-1,-1
640,135,1026.81,246.62,90.95,129.08,1.0000,-1,-1,-1
640,136,831.27,262.24,81.56,139.19,1.0000,-1,-1,-1
640,143,507.22,321.60,64.73,169.64,1.0000,-1,-1,-1
640,147,553.44,224.09,67.18,128.07,1.0000,-1,-1,-1
640,149,301.91,495.17,68.20,132.12,1.0000,-1,-1,-1
641,128,548.16,379.16,95.98,180.35,1.0000,-1,-1,-1
641,131,1014.00,150.64,63.39,144.08,1.0000,-1,-1,-1
641,135,1023.54,246.05,91.04,129.21,1.0000,-1,-1,-1
641,136,831.26,262.04,81.49,139.15,1.0000,-1,-1,-1
641,143,508.28,321.32,62.31,168.73,1.0000,-1,-1,-1
641,147,553.39,225.35,65.20,127.18,1.0000,-1,-1,-1
641,149,294.38,495.78,68.29,132.30,1.0000,-1,-1,-1
642,128,543.26,362.11,88.55,187.23,1.0000,-1,-1,-1
642,131,1012.84,150.45,64.29,144.28,1.0000,-1,-1,-1
642,135,1020.27,245.48,91.13,129.34,1.0000,-1,-1,-1
642,136,831.98,261.90,81.70,139.01,1.0000,-1,-1,-1
642,143,508.93,321.18,61.17,167.90,1.0000,-1,-1,-1
642,147,554.45,227.26,63.83,126.88,1.0000,-1,-1,-1
642,149,286.85,496.38,68.38,132.47,1.0000,-1,-1,-1
643,128,537.96,360.94,88.66,187.46,1.0000,-1,-1,-1
643,131,1012.02,150.33,64.34,144.39,1.0000,-1,-1,-1
643,135,1017.00,244.91,91.22,129.47,1.0000,-1,-1,-1
643,136,832.94,262.09,81.67,138.69,1.0000,-1,-1,-1
643,143,508.99,321.66,60.20,167.41,1.0000,-1,-1,-1
643,147,554.90,229.17,63.88,128.67,1.0000,-1,-1,-1
643,149,279.32,496.99,68.47,132.65,1.0000,-1,-1,-1
643,150,610.53,306.96,51.61,164.61,1.0000,-1,-1,-1
644,128,532.65,359.77,88.77,187.70,1.0000,-1,-1,-1
644,131,1011.19,150.21,64.39,144.50,1.0000,-1,-1,-1
644,135,1029.72,246.20,87.16,127.35,1.0000,-1,-1,-1
644,136,833.63,262.29,81.68,138.29,1.0000,-1,-1,-1
644,143,508.62,321.69,59.81,166.87,1.0000,-1,-1,-1
644,147,555.23,230.13,63.09,129.42,1.0000,-1,-1,-1
644,150,613.98,303.66,54.48,173.77,1.0000,-1,-1,-1
645,128,527.35,358.60,88.88,187.93,1.0000,-1,-1,-1
645,131,1013.87,147.87,65.09,146.27,1.0000,-1,-1,-1
645,135,1027.39,247.06,87.72,127.66,1.0000,-1,-1,-1
645,136,834.99,261.40,82.03,137.87,1.0000,-1,-1,-1
645,143,507.81,320.75,58.49,165.58,1.0000,-1,-1,-1
645,147,554.63,230.24,62.53,128.27,1.0000,-1,-1,-1
645,150,625.62,296.67,60.06,174.99,1.0000,-1,-1,-1
646,128,522.04,357.43,89.00,188.17,1.0000,-1,-1,-1
646,131,1008.72,145.41,66.32,145.73,1.0000,-1,-1,-1
646,135,1028.23,248.17,88.86,126.17,1.0000,-1,-1,-1
646,136,835.84,260.45,82.15,137.50,1.0000,-1,-1,-1
646,143,507.14,319.32,57.18,165.20,1.0000,-1,-1,-1
646,147,560.83,226.74,61.48,125.04,1.0000,-1,-1,-1
646,150,628.07,290.23,66.60,177.27,1.0000,-1,-1,-1
647,128,516.74,356.25,89.11,188.40,1.0000,-1,-1,-1
647,131,1005.82,143.09,68.31,144.65,1.0000,-1,-1,-1
647,135,1028.95,247.70,89.73,125.57,1.0000,-1,-1,-1
647,136,835.73,258.86,82.00,137.07,1.0000,-1,-1,-1
647,143,507.27,316.40,55.85,165.02,1.0000,-1,-1,-1
647,147,563.57,225.83,61.40,125.70,1.0000,-1,-1,-1
647,150,631.99,284.80,72.15,181.10,1.0000,-1,-1,-1
648,131,1003.28,142.61,69.82,144.70,1.0000,-1,-1,-1
648,135,1028.23,250.24,89.83,122.73,1.0000,-1,-1,-1
648,136,835.80,256.93,81.82,137.16,1.0000,-1,-1,-1
648,143,507.84,315.50,54.60,164.33,1.0000,-1,-1,-1
648,147,566.41,224.56,61.19,126.66,1.0000,-1,-1,-1
648,150,637.78,278.71,79.07,180.81,1.0000,-1,-1,-1
649,131,1001.86,141.88,70.60,144.15,1.0000,-1,-1,-1
649,135,1027.85,252.76,88.74,119.92,1.0000,-1,-1,-1
649,136,836.20,255.93,81.84,137.24,1.0000,-1,-1,-1
649,143,508.89,315.23,53.57,164.39,1.0000,-1,-1,-1
649,147,566.89,224.29,60.63,125.51,1.0000,-1,-1,-1
649,150,640.93,275.70,82.43,178.71,1.0000,-1,-1,-1
650,131,1001.32,142.46,70.19,144.14,1.0000,-1,-1,-1
650,135,1027.64,257.05,86.63,116.54,1.0000,-1,-1,-1
650,136,837.68,257.69,81.69,136.73,1.0000,-1,-1,-1
650,143,506.37,326.41,66.52,188.25,1.0000,-1,-1,-1
650,147,567.38,224.03,60.08,124.36,1.0000,-1,-1,-1
650,150,660.73,275.52,78.64,174.60,1.0000,-1,-1,-1
650,152,267.65,499.32,70.23,125.49,1.0000,-1,-1,-1
650,153,563.90,326.14,65.77,189.20,1.0000,-1,-1,-1
651,131,1001.46,143.81,69.64,144.17,1.0000,-1,-1,-1
651,135,1028.68,261.66,85.28,115.93,1.0000,-1,-1,-1
651,136,839.06,258.80,81.84,136.42,1.0000,-1,-1,-1
651,143,507.68,328.36,66.16,187.23,1.0000,-1,-1,-1
651,147,567.87,223.77,59.51,123.19,1.0000,-1,-1,-1
651,150,685.10,277.98,69.41,169.99,1.0000,-1,-1,-1
651,152,268.33,500.48,68.86,123.90,1.0000,-1,-1,-1
651,153,564.96,327.38,65.77,189.77,1.0000,-1,-1,-1
651,154,490.62,385.69,99.48,163.95,1.0000,-1,-1,-1
652,131,1002.38,143.58,68.42,144.37,1.0000,-1,-1,-1
652,135,1029.63,264.23,84.42,116.89,1.0000,-1,-1,-1
652,136,839.72,259.09,82.04,136.22,1.0000,-1,-1,-1
652,143,508.99,330.30,65.80,186.21,1.0000,-1,-1,-1
652,147,568.36,223.52,58.94,122.01,1.0000,-1,-1,-1
652,150,701.85,279.16,63.13,165.08,1.0000,-1,-1,-1
652,152,268.79,502.43,67.55,121.55,1.0000,-1,-1,-1
652,153,565.51,326.78,65.83,191.67,1.0000,-1,-1,-1
652,154,483.63,335.74,110.56,200.64,1.0000,-1,-1,-1
653,131,1003.21,143.34,67.20,144.38,1.0000,-1,-1,-1
653,135,1030.37,264.09,83.94,119.38,1.0000,-1,-1,-1
653,136,841.04,258.45,82.46,136.69,1.0000,-1,-1,-1
653,143,510.30,332.26,65.44,185.18,1.0000,-1,-1,-1
653,147,568.86,223.27,58.37,120.82,1.0000,-1,-1,-1
653,150,716.26,281.65,58.47,159.51,1.0000,-1,-1,-1
653,152,269.26,504.40,66.22,119.15,1.0000,-1,-1,-1
653,153,566.49,327.11,66.17,192.64,1.0000,-1,-1,-1
653,154,482.98,319.21,111.78,218.00,1.0000,-1,-1,-1
654,131,1003.12,143.47,66.02,143.76,1.0000,-1,-1,-1
654,135,1030.71,263.04,84.01,121.50,1.0000,-1,-1,-1
654,136,842.47,256.71,81.83,137.20,1.0000,-1,-1,-1
654,143,500.81,375.64,79.33,172.59,1.0000,-1,-1,-1
654,150,729.38,285.13,55.81,154.89,1.0000,-1,-1,-1
654,152,263.35,515.24,74.96,159.31,1.0000,-1,-1,-1
654,153,567.48,327.45,66.50,193.61,1.0000,-1,-1,-1
654,154,484.18,312.01,110.86,227.40,1.0000,-1,-1,-1
655,131,1004.80,142.51,64.06,142.54,1.0000,-1,-1,-1
655,135,1031.61,257.64,84.25,124.72,1.0000,-1,-1,-1
655,136,842.46,255.75,78.39,137.29,1.0000,-1,-1,-1
655,143,497.55,388.65,83.25,162.17,1.0000,-1,-1,-1
655,150,740.94,289.29,60.07,148.16,1.0000,-1,-1,-1
655,152,261.99,520.56,76.73,163.06,1.0000,-1,-1,-1
655,153,568.46,327.79,66.83,194.57,1.0000,-1,-1,-1
655,154,480.96,295.12,116.21,238.37,1.0000,-1,-1,-1
656,131,1006.52,142.43,62.39,141.38,1.0000,-1,-1,-1
656,135,1030.92,257.95,84.27,124.76,1.0000,-1,-1,-1
656,136,844.19,256.23,74.81,137.20,1.0000,-1,-1,-1
656,143,495.53,391.20,83.79,158.50,1.0000,-1,-1,-1
656,150,747.91,293.39,66.76,142.60,1.0000,-1,-1,-1
656,152,260.64,525.92,78.45,166.73,1.0000,-1,-1,-1
656,153,579.09,322.10,73.19,193.20,1.0000,-1,-1,-1
656,154,477.86,278.47,121.33,248.86,1.0000,-1,-1,-1
656,155,665.47,290.82,69.55,145.34,1.0000,-1,-1,-1
657,131,1008.48,143.83,60.51,140.63,1.0000,-1,-1,-1
657,135,1030.23,258.26,84.29,124.79,1.0000,-1,-1,-1
657,136,846.05,257.94,72.17,136.82,1.0000,-1,-1,-1
657,143,493.97,393.65,81.78,155.23,1.0000,-1,-1,-1
657,150,753.68,297.02,72.59,136.46,1.0000,-1,-1,-1
657,152,259.31,531.32,80.14,170.33,1.0000,-1,-1,-1
657,153,578.47,321.89,76.46,191.54,1.0000,-1,-1,-1
657,154,474.86,262.03,126.23,258.93,1.0000,-1,-1,-1
657,155,671.67,289.03,75.54,146.57,1.0000,-1,-1,-1
658,131,1009.91,143.89,58.96,140.45,1.0000,-1,-1,-1
658,135,1029.54,258.57,84.32,124.82,1.0000,-1,-1,-1
658,136,848.75,260.07,70.17,137.57,1.0000,-1,-1,-1
658,143,492.17,401.95,76.02,149.12,1.0000,-1,-1,-1
658,150,761.88,306.44,83.07,132.52,1.0000,-1,-1,-1
658,152,273.50,499.49,73.74,139.77,1.0000,-1,-1,-1
658,153,577.53,321.06,76.83,190.87,1.0000,-1,-1,-1
658,154,471.95,245.78,130.96,268.61,1.0000,-1,-1,-1
658,155,678.21,285.31,77.43,150.22,1.0000,-1,-1,-1
659,131,1011.31,144.04,57.67,140.53,1.0000,-1,-1,-1
659,135,1030.88,253.31,68.93,127.16,1.0000,-1,-1,-1
659,136,851.81,262.55,67.92,138.05,1.0000,-1,-1,-1
659,143,491.51,405.44,69.54,145.47,1.0000,-1,-1,-1
659,150,769.13,302.95,93.17,135.26,1.0000,-1,-1,-1
659,152,275.12,500.03,75.41,134.46,1.0000,-1,-1,-1
659,153,577.34,318.84,78.40,191.38,1.0000,-1,-1,-1
659,154,469.13,229.70,135.51,277.97,1.0000,-1,-1,-1
659,155,688.94,291.03,74.17,144.32,1.0000,-1,-1,-1
660,131,1012.47,144.47,56.37,140.59,1.0000,-1,-1,-1
660,135,1034.42,250.62,61.43,129.14,1.0000,-1,-1,-1
660,136,852.18,262.79,67.95,138.09,1.0000,-1,-1,-1
660,143,492.08,404.14,66.38,143.88,1.0000,-1,-1,-1
660,150,779.93,301.81,94.10,136.60,1.0000,-1,-1,-1
660,152,273.81,501.23,72.49,130.88,1.0000,-1,-1,-1
660,153,578.77,319.66,77.46,190.01,1.0000,-1,-1,-1
660,155,702.01,297.92,70.68,138.24,1.0000,-1,-1,-1
661,131,1013.31,144.80,54.96,140.23,1.0000,-1,-1,-1
661,135,1036.66,249.23,57.05,130.60,1.0000,-1,-1,-1
661,136,852.56,263.03,67.97,138.14,1.0000,-1,-1,-1
661,143,492.14,401.15,66.64,143.85,1.0000,-1,-1,-1
661,150,790.74,300.67,95.01,137.93,1.0000,-1,-1,-1
661,152,274.47,501.28,72.51,130.92,1.0000,-1,-1,-1
661,153,584.11,319.97,75.31,188.42,1.0000,-1,-1,-1
661,155,707.02,303.19,68.81,137.81,1.0000,-1,-1,-1
662,131,1013.48,145.06,53.55,140.05,1.0000,-1,-1,-1
662,135,1037.72,246.30,54.52,132.85,1.0000,-1,-1,-1
662,136,852.93,263.27,67.99,138.18,1.0000,-1,-1,-1
662,143,491.85,404.47,66.09,142.67,1.0000,-1,-1,-1
662,150,801.55,299.54,95.91,139.24,1.0000,-1,-1,-1
662,152,275.63,501.04,72.60,127.05,1.0000,-1,-1,-1
662,153,589.73,319.22,74.30,187.49,1.0000,-1,-1,-1
662,155,709.74,306.13,72.15,140.16,1.0000,-1,-1,-1
662,157,539.38,301.02,54.08,172.42,1.0000,-1,-1,-1
663,131,1014.04,145.38,52.15,139.96,1.0000,-1,-1,-1
663,135,1038.15,244.52,52.75,134.77,1.0000,-1,-1,-1
663,136,853.30,263.51,68.01,138.23,1.0000,-1,-1,-1
663,143,491.57,407.80,65.54,141.47,1.0000,-1,-1,-1
663,150,812.36,298.42,96.81,140.54,1.0000,-1,-1,-1
663,152,275.80,501.64,71.42,124.19,1.0000,-1,-1,-1
663,153,594.54,317.97,73.09,187.39,1.0000,-1,-1,-1
663,155,712.73,307.33,76.94,140.76,1.0000,-1,-1,-1
663,157,542.14,297.94,56.18,179.11,1.0000,-1,-1,-1
664,131,1014.18,145.91,50.65,139.78,1.0000,-1,-1,-1
664,135,1036.89,242.59,52.36,137.35,1.0000,-1,-1,-1
664,136,853.67,263.76,68.04,138.27,1.0000,-1,-1,-1
664,143,491.35,398.31,71.80,144.70,1.0000,-1,-1,-1
664,150,823.18,297.30,97.70,141.83,1.0000,-1,-1,-1
664,152,275.41,502.38,68.44,121.95,1.0000,-1,-1,-1
664,153,599.49,317.82,71.06,186.62,1.0000,-1,-1,-1
664,155,716.74,307.54,82.52,141.11,1.0000,-1,-1,-1
664,157,543.84,301.03,51.91,162.47,1.0000,-1,-1,-1
665,131,1013.65,146.31,50.30,139.22,1.0000,-1,-1,-1
665,135,1033.23,241.42,54.69,140.13,1.0000,-1,-1,-1
665,143,491.32,400.63,71.32,143.73,1.0000,-1,-1,-1
665,152,277.82,503.32,67.57,120.61,1.0000,-1,-1,-1
665,153,607.39,318.88,69.67,186.90,1.0000,-1,-1,-1
665,155,740.07,310.33,77.70,140.56,1.0000,-1,-1,-1
665,157,547.95,302.45,54.93,166.06,1.0000,-1,-1,-1
666,131,1012.66,146.01,50.27,137.86,1.0000,-1,-1,-1
666,135,1030.38,241.03,57.52,141.28,1.0000,-1,-1,-1
666,143,491.30,402.96,70.84,142.76,1.0000,-1,-1,-1
666,152,279.03,503.36,66.25,119.83,1.0000,-1,-1,-1
666,153,612.33,318.19,69.21,186.70,1.0000,-1,-1,-1
666,155,748.28,310.76,78.33,141.72,1.0000,-1,-1,-1
666,157,551.13,303.24,54.55,162.86,1.0000,-1,-1,-1
667,131,1011.48,146.22,50.35,137.42,1.0000,-1,-1,-1
667,135,1027.57,239.42,61.16,142.50,1.0000,-1,-1,-1
667,143,491.27,405.30,70.35,141.78,1.0000,-1,-1,-1
667,152,281.81,502.54,68.66,120.01,1.0000,-1,-1,-1
667,153,615.49,317.06,68.69,185.56,1.0000,-1,-1,-1
667,155,756.50,311.20,78.97,142.86,1.0000,-1,-1,-1
667,157,553.75,302.49,54.82,160.47,1.0000,-1,-1,-1
668,131,1010.84,145.66,50.56,137.44,1.0000,-1,-1,-1
668,135,1025.75,238.85,65.36,143.12,1.0000,-1,-1,-1
668,143,478.33,400.00,78.56,140.02,1.0000,-1,-1,-1
668,152,281.86,501.62,68.51,120.41,1.0000,-1,-1,-1
668,153,617.66,315.99,68.06,183.62,1.0000,-1,-1,-1
668,155,764.72,311.64,79.59,144.00,1.0000,-1,-1,-1
668,157,555.60,302.35,55.72,159.10,1.0000,-1,-1,-1
669,131,1010.44,144.50,50.47,136.34,1.0000,-1,-1,-1
669,135,1024.81,238.51,65.33,143.07,1.0000,-1,-1,-1
669,143,472.60,399.43,83.57,134.58,1.0000,-1,-1,-1
669,152,281.11,500.47,66.97,121.08,1.0000,-1,-1,-1
669,153,619.21,315.03,67.60,180.54,1.0000,-1,-1,-1
669,155,769.63,308.52,74.98,140.67,1.0000,-1,-1,-1
669,157,556.34,304.23,55.56,159.52,1.0000,-1,-1,-1
669,158,935.99,303.97,88.48,142.33,1.0000,-1,-1,-1
670,131,1008.27,144.09,50.83,134.57,1.0000,-1,-1,-1
670,135,1013.67,250.15,75.86,135.54,1.0000,-1,-1,-1
670,143,470.84,401.54,84.44,133.10,1.0000,-1,-1,-1
670,152,283.03,499.03,66.85,122.20,1.0000,-1,-1,-1
670,153,620.93,315.35,67.84,176.27,1.0000,-1,-1,-1
670,155,794.79,305.56,86.52,142.90,1.0000,-1,-1,-1
670,157,558.17,307.07,54.31,159.29,1.0000,-1,-1,-1
670,158,954.08,309.51,71.50,131.73,1.0000,-1,-1,-1
671,131,1006.94,144.75,51.39,133.02,1.0000,-1,-1,-1
671,135,1010.52,254.70,80.48,131.16,1.0000,-1,-1,-1
671,143,467.52,403.05,86.04,131.39,1.0000,-1,-1,-1
671,152,284.28,497.92,66.74,122.93,1.0000,-1,-1,-1
671,153,623.28,315.71,69.25,171.97,1.0000,-1,-1,-1
671,155,798.93,304.76,77.80,141.94,1.0000,-1,-1,-1
671,157,559.33,309.54,54.24,160.13,1.0000,-1,-1,-1
671,158,956.71,308.51,67.81,132.76,1.0000,-1,-1,-1
671,159,880.98,257.90,67.64,136.56,1.0000,-1,-1,-1
672,131,1006.39,144.46,51.34,132.89,1.0000,-1,-1,-1
672,135,1009.17,255.21,80.51,131.21,1.0000,-1,-1,-1
672,143,465.47,405.87,87.29,132.82,1.0000,-1,-1,-1
672,152,283.89,497.36,64.94,123.45,1.0000,-1,-1,-1
672,153,627.93,316.61,74.75,169.21,1.0000,-1,-1,-1
672,155,803.84,303.90,72.51,140.99,1.0000,-1,-1,-1
672,157,560.37,310.45,54.80,160.97,1.0000,-1,-1,-1
672,158,970.88,307.39,61.80,132.31,1.0000,-1,-1,-1
672,159,885.18,259.54,68.87,135.39,1.0000,-1,-1,-1
673,131,1003.78,147.78,53.00,134.86,1.0000,-1,-1,-1
673,135,996.22,264.88,91.07,156.37,1.0000,-1,-1,-1
673,143,463.71,406.52,87.31,133.55,1.0000,-1,-1,-1
673,152,284.39,496.31,63.83,123.96,1.0000,-1,-1,-1
673,153,629.75,317.09,79.95,166.76,1.0000,-1,-1,-1
673,155,808.14,304.69,70.64,141.97,1.0000,-1,-1,-1
673,157,561.97,310.97,54.37,161.01,1.0000,-1,-1,-1
673,158,983.07,313.90,55.73,119.32,1.0000,-1,-1,-1
673,159,888.06,261.74,70.75,134.73,1.0000,-1,-1,-1
674,131,1003.43,147.92,53.51,135.39,1.0000,-1,-1,-1
674,135,987.36,259.97,95.96,172.76,1.0000,-1,-1,-1
674,143,462.76,406.70,86.09,135.04,1.0000,-1,-1,-1
674,152,285.86,495.18,64.63,124.91,1.0000,-1,-1,-1
674,153,630.16,317.91,84.71,164.88,1.0000,-1,-1,-1
674,155,816.06,304.60,70.84,142.38,1.0000,-1,-1,-1
674,157,563.09,312.07,53.51,160.47,1.0000,-1,-1,-1
674,158,995.63,321.22,48.91,104.73,1.0000,-1,-1,-1
674,159,890.78,263.10,70.33,132.72,1.0000,-1,-1,-1
674,160,591.04,572.64,72.22,146.23,1.0000,-1,-1,-1
675,131,1000.61,148.48,55.72,137.66,1.0000,-1,-1,-1
675,135,987.19,274.53,95.09,171.52,1.0000,-1,-1,-1
675,143,463.42,407.65,83.94,137.98,1.0000,-1,-1,-1
675,152,284.03,493.40,62.41,126.41,1.0000,-1,-1,-1
675,153,632.16,315.81,91.12,164.40,1.0000,-1,-1,-1
675,155,828.25,306.13,75.21,143.54,1.0000,-1,-1,-1
675,157,565.56,309.14,54.08,157.52,1.0000,-1,-1,-1
675,158,1008.75,329.73,40.98,87.75,1.0000,-1,-1,-1
675,159,892.02,265.00,69.44,129.92,1.0000,-1,-1,-1
675,160,592.59,572.18,71.13,146.43,1.0000,-1,-1,-1
676,131,998.77,148.73,57.52,139.67,1.0000,-1,-1,-1
676,135,984.95,277.86,95.30,171.89,1.0000,-1,-1,-1
676,143,464.44,408.14,81.77,140.53,1.0000,-1,-1,-1
676,152,283.54,491.56,61.59,127.93,1.0000,-1,-1,-1
676,153,634.18,313.02,95.34,163.37,1.0000,-1,-1,-1
676,155,843.72,312.08,72.51,141.52,1.0000,-1,-1,-1
676,157,566.17,311.00,53.20,153.84,1.0000,-1,-1,-1
676,158,1022.85,340.34,31.09,66.57,1.0000,-1,-1,-1
676,159,889.10,264.55,71.55,130.10,1.0000,-1,-1,-1
676,160,593.58,571.35,70.28,147.03,1.0000,-1,-1,-1
677,131,998.17,148.80,59.20,140.77,1.0000,-1,-1,-1
677,135,997.82,288.81,102.38,164.62,1.0000,-1,-1,-1
677,143,465.82,408.01,80.16,142.81,1.0000,-1,-1,-1
677,152,282.76,490.08,60.42,129.17,1.0000,-1,-1,-1
677,153,636.12,311.57,99.13,162.02,1.0000,-1,-1,-1
677,155,852.70,312.59,72.72,141.94,1.0000,-1,-1,-1
677,157,567.89,312.27,53.55,153.69,1.0000,-1,-1,-1
677,158,1039.58,356.59,15.92,34.09,1.0000,-1,-1,-1
677,159,891.52,266.05,70.23,127.70,1.0000,-1,-1,-1
677,160,593.93,569.95,69.89,148.29,1.0000,-1,-1,-1
678,131,998.44,148.61,60.95,140.82,1.0000,-1,-1,-1
678,135,1018.40,294.99,98.27,159.89,1.0000,-1,-1,-1
678,143,466.52,408.49,79.18,144.92,1.0000,-1,-1,-1
678,152,282.84,488.87,58.93,130.05,1.0000,-1,-1,-1
678,153,641.15,311.34,102.94,160.88,1.0000,-1,-1,-1
678,155,861.68,313.10,72.93,142.35,1.0000,-1,-1,-1
678,157,569.76,312.53,53.49,153.51,1.0000,-1,-1,-1
678,159,878.35,260.83,80.52,136.65,1.0000,-1,-1,-1
678,160,594.47,569.15,69.40,149.17,1.0000,-1,-1,-1
679,131,998.67,149.43,62.75,140.93,1.0000,-1,-1,-1
679,135,1029.82,300.08,96.34,156.49,1.0000,-1,-1,-1
679,143,466.64,409.30,78.42,147.00,1.0000,-1,-1,-1
679,152,282.48,487.82,57.79,130.92,1.0000,-1,-1,-1
679,153,645.80,312.28,103.44,158.62,1.0000,-1,-1,-1
679,155,870.66,313.61,73.14,142.76,1.0000,-1,-1,-1
679,157,569.84,312.65,58.57,154.61,1.0000,-1,-1,-1
679,159,878.71,260.99,80.50,136.62,1.0000,-1,-1,-1
679,160,594.98,568.45,68.91,149.95,1.0000,-1,-1,-1
680,131,1000.65,150.13,64.97,139.11,1.0000,-1,-1,-1
680,135,1038.35,304.64,93.13,153.68,1.0000,-1,-1,-1
680,143,467.08,411.29,77.80,149.83,1.0000,-1,-1,-1
680,152,282.43,486.57,56.52,131.83,1.0000,-1,-1,-1
680,153,662.18,312.38,100.33,154.18,1.0000,-1,-1,-1
680,155,879.64,314.12,73.35,143.18,1.0000,-1,-1,-1
680,157,573.23,317.40,66.12,150.89,1.0000,-1,-1,-1
680,159,852.06,259.89,84.14,158.95,1.0000,-1,-1,-1
680,160,594.90,566.95,68.89,151.40,1.0000,-1,-1,-1
681,131,1001.09,151.30,66.86,137.66,1.0000,-1,-1,-1
681,135,1042.81,305.19,90.91,151.97,1.0000,-1,-1,-1
681,143,467.13,412.16,76.93,151.27,1.0000,-1,-1,-1
681,152,282.59,485.77,55.49,132.57,1.0000,-1,-1,-1
681,153,688.96,308.37,88.64,146.52,1.0000,-1,-1,-1
681,155,888.62,314.63,73.56,143.59,1.0000,-1,-1,-1
681,157,571.59,270.60,75.06,181.18,1.0000,-1,-1,-1
681,159,848.96,260.45,84.96,160.50,1.0000,-1,-1,-1
681,160,595.02,565.79,68.75,152.62,1.0000,-1,-1,-1
681,163,912.79,211.84,107.01,141.98,1.0000,-1,-1,-1
682,131,1001.03,152.47,68.38,137.36,1.0000,-1,-1,-1
682,135,1044.68,301.69,88.94,152.77,1.0000,-1,-1,-1
682,143,468.02,415.20,76.17,152.90,1.0000,-1,-1,-1
682,152,283.01,485.06,54.30,132.67,1.0000,-1,-1,-1
682,153,706.61,308.01,79.60,140.10,1.0000,-1,-1,-1
682,157,571.64,295.73,78.77,169.53,1.0000,-1,-1,-1
682,159,838.40,238.10,75.53,140.18,1.0000,-1,-1,-1
682,160,595.54,565.24,68.27,153.34,1.0000,-1,-1,-1
682,163,906.31,210.06,106.65,138.66,1.0000,-1,-1,-1
683,131,1000.79,152.62,69.33,136.98,1.0000,-1,-1,-1
683,135,1045.67,300.34,86.87,152.97,1.0000,-1,-1,-1
683,143,469.52,418.45,74.98,154.49,1.0000,-1,-1,-1
683,152,283.23,484.75,53.29,132.63,1.0000,-1,-1,-1
683,153,713.74,306.14,79.43,139.79,1.0000,-1,-1,-1
683,157,573.77,309.03,82.99,160.62,1.0000,-1,-1,-1
683,159,835.49,238.73,68.77,129.65,1.0000,-1,-1,-1
683,160,596.27,564.56,67.69,154.04,1.0000,-1,-1,-1
683,163,901.33,207.24,104.28,134.63,1.0000,-1,-1,-1
684,131,1001.23,153.84,69.71,135.60,1.0000,-1,-1,-1
684,135,1045.32,298.48,85.26,152.68,1.0000,-1,-1,-1
684,143,471.28,420.15,73.90,155.37,1.0000,-1,-1,-1
684,152,283.32,484.60,52.46,132.62,1.0000,-1,-1,-1
684,153,720.88,304.26,79.26,139.49,1.0000,-1,-1,-1
684,157,575.64,316.46,89.43,154.37,1.0000,-1,-1,-1
684,159,833.02,243.00,63.55,125.94,1.0000,-1,-1,-1
684,160,596.57,563.74,67.35,154.89,1.0000,-1,-1,-1
684,163,895.20,203.05,105.80,136.59,1.0000,-1,-1,-1
685,131,1001.05,153.96,70.33,134.69,1.0000,-1,-1,-1
685,135,1044.36,297.30,84.51,151.64,1.0000,-1,-1,-1
685,143,474.25,420.89,71.45,155.38,1.0000,-1,-1,-1
685,152,282.60,484.49,51.88,132.61,1.0000,-1,-1,-1
685,153,747.52,309.18,77.46,146.22,1.0000,-1,-1,-1
685,157,577.22,322.17,98.55,149.09,1.0000,-1,-1,-1
685,159,827.17,245.64,62.20,125.69,1.0000,-1,-1,-1
685,160,596.76,562.77,67.15,155.86,1.0000,-1,-1,-1
685,163,889.07,198.87,107.29,138.52,1.0000,-1,-1,-1
685,164,546.48,212.93,44.05,129.54,1.0000,-1,-1,-1
686,131,1000.99,155.26,71.11,133.18,1.0000,-1,-1,-1
686,135,1043.26,296.89,84.72,150.30,1.0000,-1,-1,-1
686,143,476.47,420.99,69.37,155.26,1.0000,-1,-1,-1
686,152,281.65,484.21,51.09,133.09,1.0000,-1,-1,-1
686,153,757.54,308.33,74.56,150.18,1.0000,-1,-1,-1
686,157,578.21,324.94,107.27,145.90,1.0000,-1,-1,-1
686,159,824.69,247.97,64.32,127.93,1.0000,-1,-1,-1
686,160,596.86,562.29,66.98,156.54,1.0000,-1,-1,-1
686,163,874.11,209.22,85.27,126.23,1.0000,-1,-1,-1
686,164,541.85,210.26,45.89,134.97,1.0000,-1,-1,-1
687,131,1001.19,155.33,71.79,132.47,1.0000,-1,-1,-1
687,135,1042.66,295.98,85.15,149.43,1.0000,-1,-1,-1
687,143,476.40,420.66,68.41,155.47,1.0000,-1,-1,-1
687,152,280.80,483.99,50.66,133.67,1.0000,-1,-1,-1
687,153,767.10,307.53,69.47,152.19,1.0000,-1,-1,-1
687,157,578.95,326.47,114.50,143.97,1.0000,-1,-1,-1
687,159,818.11,247.06,67.74,127.78,1.0000,-1,-1,-1
687,160,596.87,561.91,66.88,157.10,1.0000,-1,-1,-1
687,163,866.30,206.56,76.13,126.32,1.0000,-1,-1,-1
687,164,538.36,209.56,44.44,131.77,1.0000,-1,-1,-1
687,165,-0.04,656.00,42.09,63.45,1.0000,-1,-1,-1
687,166,916.26,335.11,52.28,128.35,1.0000,-1,-1,-1
687,167,567.85,216.69,66.68,153.54,1.0000,-1,-1,-1
688,131,1004.43,156.79,71.02,131.65,1.0000,-1,-1,-1
688,135,1042.48,295.65,86.08,148.76,1.0000,-1,-1,-1
688,143,476.38,420.06,67.69,155.73,1.0000,-1,-1,-1
688,152,279.99,484.21,50.47,134.16,1.0000,-1,-1,-1
688,153,775.75,312.52,64.53,150.33,1.0000,-1,-1,-1
688,157,580.07,327.23,118.23,143.10,1.0000,-1,-1,-1
688,159,811.64,246.43,71.10,127.05,1.0000,-1,-1,-1
688,160,596.82,561.62,66.82,157.56,1.0000,-1,-1,-1
688,163,858.64,206.16,74.02,128.01,1.0000,-1,-1,-1
688,164,535.35,210.35,42.08,127.71,1.0000,-1,-1,-1
688,165,-0.01,656.08,42.34,63.55,1.0000,-1,-1,-1
688,166,918.79,336.89,50.16,125.98,1.0000,-1,-1,-1
688,167,568.26,218.26,67.29,152.32,1.0000,-1,-1,-1
689,131,1008.22,156.64,71.08,131.21,1.0000,-1,-1,-1
689,135,1042.69,295.39,86.64,148.22,1.0000,-1,-1,-1
689,143,476.91,419.62,66.81,155.90,1.0000,-1,-1,-1
689,152,279.33,484.49,50.38,134.50,1.0000,-1,-1,-1
689,153,784.15,312.41,64.26,149.70,1.0000,-1,-1,-1
689,157,586.81,327.59,123.29,142.40,1.0000,-1,-1,-1
689,159,807.50,245.80,70.62,126.19,1.0000,-1,-1,-1
689,160,596.79,561.51,66.71,157.84,1.0000,-1,-1,-1
689,163,851.63,202.68,74.13,131.41,1.0000,-1,-1,-1
689,164,531.14,210.39,42.19,127.05,1.0000,-1,-1,-1
689,165,-0.05,655.94,42.47,63.69,1.0000,-1,-1,-1
689,166,920.24,335.42,49.16,126.83,1.0000,-1,-1,-1
689,167,568.58,219.81,68.01,151.25,1.0000,-1,-1,-1
690,131,1012.69,155.84,71.79,131.83,1.0000,-1,-1,-1
690,135,1042.87,295.73,87.69,148.45,1.0000,-1,-1,-1
690,143,477.49,419.46,65.66,156.28,1.0000,-1,-1,-1
690,152,278.20,484.87,49.84,134.93,1.0000,-1,-1,-1
690,153,792.54,312.31,63.99,149.08,1.0000,-1,-1,-1
690,157,598.17,325.90,122.32,142.68,1.0000,-1,-1,-1
690,159,774.13,245.29,72.83,128.45,1.0000,-1,-1,-1
690,160,596.64,561.20,66.67,158.16,1.0000,-1,-1,-1
690,163,838.90,187.32,77.97,139.66,1.0000,-1,-1,-1
690,164,520.68,208.56,50.00,131.39,1.0000,-1,-1,-1
690,165,-0.13,655.40,42.57,64.16,1.0000,-1,-1,-1
690,166,922.72,330.55,48.89,129.92,1.0000,-1,-1,-1
690,167,568.55,218.19,69.42,150.57,1.0000,-1,-1,-1
691,131,1016.82,156.05,71.84,132.73,1.0000,-1,-1,-1
691,135,1042.71,295.53,88.82,149.17,1.0000,-1,-1,-1
691,143,477.63,419.05,64.88,156.57,1.0000,-1,-1,-1
691,152,277.09,484.94,49.15,135.12,1.0000,-1,-1,-1
691,153,800.93,312.20,63.72,148.45,1.0000,-1,-1,-1
691,157,610.30,322.88,117.33,143.24,1.0000,-1,-1,-1
691,159,767.39,244.70,72.47,127.83,1.0000,-1,-1,-1
691,160,596.58,560.78,66.72,158.56,1.0000,-1,-1,-1
691,163,830.55,178.20,78.84,143.15,1.0000,-1,-1,-1
691,164,514.32,208.60,55.66,133.40,1.0000,-1,-1,-1
691,165,-0.17,655.04,42.87,64.61,1.0000,-1,-1,-1
691,166,924.55,326.68,48.00,131.92,1.0000,-1,-1,-1
691,167,568.53,219.21,71.28,150.48,1.0000,-1,-1,-1
692,131,1020.85,156.38,70.57,133.08,1.0000,-1,-1,-1
692,135,1042.31,294.99,89.96,149.07,1.0000,-1,-1,-1
692,143,476.71,418.67,64.89,156.50,1.0000,-1,-1,-1
692,152,276.13,484.92,48.35,135.16,1.0000,-1,-1,-1
692,153,809.33,312.10,63.45,147.82,1.0000,-1,-1,-1
692,157,624.62,320.94,109.15,143.24,1.0000,-1,-1,-1
692,159,763.94,242.77,73.11,129.76,1.0000,-1,-1,-1
692,160,596.66,560.32,66.68,159.03,1.0000,-1,-1,-1
692,163,821.78,175.57,80.53,143.45,1.0000,-1,-1,-1
692,164,510.26,208.41,60.25,134.24,1.0000,-1,-1,-1
692,165,-0.22,654.69,43.16,65.05,1.0000,-1,-1,-1
692,166,925.49,324.03,47.31,133.56,1.0000,-1,-1,-1
692,167,566.39,222.57,72.45,148.23,1.0000,-1,-1,-1
693,131,1025.78,156.66,67.90,132.65,1.0000,-1,-1,-1
693,135,1043.03,294.60,90.05,148.97,1.0000,-1,-1,-1
693,143,473.12,418.17,66.88,156.15,1.0000,-1,-1,-1
693,152,275.28,484.52,48.17,134.72,1.0000,-1,-1,-1
693,153,817.72,312.00,63.18,147.18,1.0000,-1,-1,-1
693,157,636.86,317.99,100.32,143.64,1.0000,-1,-1,-1
693,159,757.51,242.12,72.82,129.25,1.0000,-1,-1,-1
693,160,596.28,560.09,67.02,159.28,1.0000,-1,-1,-1
693,163,815.00,175.27,78.56,142.11,1.0000,-1,-1,-1
693,164,506.14,208.98,60.56,132.61,1.0000,-1,-1,-1
693,165,-0.26,654.34,43.45,65.48,1.0000,-1,-1,-1
693,166,926.06,321.13,47.06,135.15,1.0000,-1,-1,-1
693,167,562.67,220.86,74.70,148.82,1.0000,-1,-1,-1
694,131,1029.07,156.72,65.84,132.90,1.0000,-1,-1,-1
694,135,1042.97,293.82,89.82,149.15,1.0000,-1,-1,-1
694,143,466.95,417.19,70.89,155.48,1.0000,-1,-1,-1
694,152,274.94,484.25,48.52,134.37,1.0000,-1,-1,-1
694,157,649.94,315.96,90.87,145.83,1.0000,-1,-1,-1
694,159,751.07,241.46,72.53,128.74,1.0000,-1,-1,-1
694,160,596.10,559.28,67.29,159.94,1.0000,-1,-1,-1
694,163,806.48,172.47,78.27,141.59,1.0000,-1,-1,-1
694,164,503.99,209.60,59.89,130.83,1.0000,-1,-1,-1
694,165,-0.30,653.99,43.73,65.92,1.0000,-1,-1,-1
694,166,927.20,315.73,47.18,133.55,1.0000,-1,-1,-1
694,167,559.31,219.26,75.62,148.93,1.0000,-1,-1,-1
695,131,1029.82,155.24,65.22,133.86,1.0000,-1,-1,-1
695,135,1042.49,291.97,90.48,150.02,1.0000,-1,-1,-1
695,143,463.87,416.02,73.18,155.00,1.0000,-1,-1,-1
695,152,274.39,483.47,49.84,133.55,1.0000,-1,-1,-1
695,157,655.61,315.31,91.39,146.65,1.0000,-1,-1,-1
695,159,741.32,234.63,66.39,130.26,1.0000,-1,-1,-1
695,160,595.47,558.80,67.75,160.30,1.0000,-1,-1,-1
695,163,794.49,171.76,67.34,137.57,1.0000,-1,-1,-1
695,164,501.92,208.86,59.03,129.95,1.0000,-1,-1,-1
695,165,-0.34,653.65,44.02,66.35,1.0000,-1,-1,-1
695,166,927.70,312.69,48.18,135.35,1.0000,-1,-1,-1
695,167,552.67,216.81,77.21,148.97,1.0000,-1,-1,-1
695,168,1071.12,287.15,62.86,148.72,1.0000,-1,-1,-1
696,131,1029.25,155.13,64.99,135.40,1.0000,-1,-1,-1
696,135,1040.85,289.76,92.01,151.37,1.0000,-1,-1,-1
696,143,461.67,415.35,74.78,154.88,1.0000,-1,-1,-1
696,152,272.59,483.41,51.38,132.43,1.0000,-1,-1,-1
696,157,661.28,314.65,91.89,147.46,1.0000,-1,-1,-1
696,159,734.41,233.67,66.00,129.49,1.0000,-1,-1,-1
696,160,595.16,558.34,68.04,160.61,1.0000,-1,-1,-1
696,163,789.11,169.88,62.52,136.99,1.0000,-1,-1,-1
696,164,499.01,208.38,57.06,128.47,1.0000,-1,-1,-1
696,166,928.61,310.11,48.52,135.42,1.0000,-1,-1,-1
696,167,547.12,215.22,79.32,149.51,1.0000,-1,-1,-1
696,168,1068.73,281.60,64.66,152.99,1.0000,-1,-1,-1
697,131,1031.11,155.01,63.03,136.94,1.0000,-1,-1,-1
697,135,1040.50,288.64,92.88,152.48,1.0000,-1,-1,-1
697,143,459.89,414.71,75.61,154.51,1.0000,-1,-1,-1
697,152,271.29,484.10,52.76,131.77,1.0000,-1,-1,-1
697,157,666.96,314.00,92.40,148.27,1.0000,-1,-1,-1
697,159,727.51,232.71,65.60,128.72,1.0000,-1,-1,-1
697,160,594.54,557.75,68.36,160.93,1.0000,-1,-1,-1
697,163,783.07,168.70,60.88,136.14,1.0000,-1,-1,-1
697,164,496.03,207.07,54.16,127.56,1.0000,-1,-1,-1
697,166,928.53,309.28,49.53,136.88,1.0000,-1,-1,-1
697,167,544.00,215.17,80.69,149.55,1.0000,-1,-1,-1
697,168,1066.36,276.11,66.42,157.14,1.0000,-1,-1,-1
697,169,872.09,313.48,80.21,154.01,1.0000,-1,-1,-1
698,131,1030.77,153.91,63.71,139.75,1.0000,-1,-1,-1
698,135,1043.78,288.10,91.28,153.26,1.0000,-1,-1,-1
698,143,458.66,413.86,76.23,154.39,1.0000,-1,-1,-1
698,152,269.89,484.50,54.34,131.35,1.0000,-1,-1,-1
698,157,702.93,311.83,79.22,151.97,1.0000,-1,-1,-1
698,159,724.20,212.97,56.94,122.67,1.0000,-1,-1,-1
698,160,594.04,557.34,68.79,161.29,1.0000,-1,-1,-1
698,163,775.81,165.03,61.70,137.44,1.0000,-1,-1,-1
698,164,493.55,208.03,50.72,126.39,1.0000,-1,-1,-1
698,166,928.02,310.31,50.98,140.64,1.0000,-1,-1,-1
698,167,540.94,215.17,82.43,149.52,1.0000,-1,-1,-1
698,168,1064.02,270.67,68.13,161.19,1.0000,-1,-1,-1
698,169,877.59,313.67,71.30,143.30,1.0000,-1,-1,-1
699,131,1032.70,153.12,63.49,141.37,1.0000,-1,-1,-1
699,135,1042.50,287.61,91.80,154.15,1.0000,-1,-1,-1
699,143,457.81,412.51,76.71,154.18,1.0000,-1,-1,-1
699,152,268.38,484.80,55.41,131.36,1.0000,-1,-1,-1
699,157,715.65,312.56,66.84,152.53,1.0000,-1,-1,-1
699,159,721.33,211.36,52.04,122.34,1.0000,-1,-1,-1
699,160,593.91,557.09,69.02,161.76,1.0000,-1,-1,-1
699,163,769.36,164.80,63.72,135.35,1.0000,-1,-1,-1
699,164,491.79,207.63,48.07,125.80,1.0000,-1,-1,-1
699,166,926.65,311.26,53.29,146.19,1.0000,-1,-1,-1
699,167,538.52,215.13,84.10,149.37,1.0000,-1,-1,-1
699,168,1061.69,265.28,69.80,165.14,1.0000,-1,-1,-1
699,169,883.13,312.55,62.58,130.99,1.0000,-1,-1,-1
700,131,1035.42,151.71,62.46,141.51,1.0000,-1,-1,-1
700,135,1049.14,287.53,87.67,154.51,1.0000,-1,-1,-1
700,143,455.93,411.12,77.37,154.21,1.0000,-1,-1,-1
700,152,266.49,484.21,56.64,131.12,1.0000,-1,-1,-1
700,157,727.59,312.33,64.12,154.26,1.0000,-1,-1,-1
700,159,714.70,209.19,51.33,120.69,1.0000,-1,-1,-1
700,160,593.26,556.39,69.64,162.50,1.0000,-1,-1,-1
700,163,759.60,161.01,66.94,133.26,1.0000,-1,-1,-1
700,164,486.70,206.42,47.67,125.49,1.0000,-1,-1,-1
700,166,926.52,309.10,55.07,146.87,1.0000,-1,-1,-1
700,167,536.73,214.83,85.77,148.74,1.0000,-1,-1,-1
700,168,1059.39,259.94,71.43,168.99,1.0000,-1,-1,-1
700,169,891.80,308.49,59.82,124.81,1.0000,-1,-1,-1
701,131,1036.38,151.04,62.06,141.79,1.0000,-1,-1,-1
701,135,1051.60,287.07,84.57,154.68,1.0000,-1,-1,-1
701,143,454.63,410.47,77.80,154.17,1.0000,-1,-1,-1
701,152,265.04,484.05,57.40,131.22,1.0000,-1,-1,-1
701,157,734.95,311.74,66.55,154.26,1.0000,-1,-1,-1
701,159,708.06,207.03,50.62,119.01,1.0000,-1,-1,-1
701,160,592.82,555.85,69.94,163.07,1.0000,-1,-1,-1
701,163,750.88,161.77,69.91,127.91,1.0000,-1,-1,-1
701,164,480.69,205.87,49.93,126.33,1.0000,-1,-1,-1
701,166,927.15,307.79,55.33,147.58,1.0000,-1,-1,-1
701,167,534.75,214.81,87.26,148.22,1.0000,-1,-1,-1
701,169,898.11,306.15,63.56,127.63,1.0000,-1,-1,-1
702,131,1037.42,153.90,61.23,140.78,1.0000,-1,-1,-1
702,135,1047.73,287.07,84.60,154.41,1.0000,-1,-1,-1
702,143,453.99,410.04,77.97,154.54,1.0000,-1,-1,-1
702,152,263.96,483.68,57.61,131.73,1.0000,-1,-1,-1
702,157,742.30,311.96,71.23,153.24,1.0000,-1,-1,-1
702,159,701.44,204.88,49.90,117.31,1.0000,-1,-1,-1
702,160,592.73,555.37,70.02,163.78,1.0000,-1,-1,-1
702,163,742.78,159.53,69.30,126.79,1.0000,-1,-1,-1
702,164,474.42,206.53,53.50,126.57,1.0000,-1,-1,-1
702,166,927.79,306.47,55.60,148.28,1.0000,-1,-1,-1
702,167,534.01,214.80,87.99,147.77,1.0000,-1,-1,-1
702,169,901.70,303.52,68.26,132.19,1.0000,-1,-1,-1
703,131,1038.31,155.05,60.52,140.80,1.0000,-1,-1,-1
703,135,1045.78,287.32,83.87,154.14,1.0000,-1,-1,-1
703,143,453.51,409.46,78.21,154.97,1.0000,-1,-1,-1
703,152,263.27,483.72,57.39,133.01,1.0000,-1,-1,-1
703,157,748.37,312.11,75.89,152.13,1.0000,-1,-1,-1
703,159,694.82,202.75,49.16,115.59,1.0000,-1,-1,-1
703,160,592.58,554.92,70.12,164.44,1.0000,-1,-1,-1
703,163,734.68,157.29,68.68,125.66,1.0000,-1,-1,-1
703,164,468.08,206.79,57.44,126.25,1.0000,-1,-1,-1
703,166,928.43,305.16,55.86,148.99,1.0000,-1,-1,-1
703,167,531.49,214.92,87.18,147.15,1.0000,-1,-1,-1
703,169,902.73,301.60,73.01,136.78,1.0000,-1,-1,-1
704,131,1039.19,152.53,59.86,142.19,1.0000,-1,-1,-1
704,135,1045.74,287.58,81.81,153.64,1.0000,-1,-1,-1
704,143,453.28,408.95,78.44,155.39,1.0000,-1,-1,-1
704,152,262.52,482.99,56.80,133.45,1.0000,-1,-1,-1
704,157,753.32,310.97,77.54,151.39,1.0000,-1,-1,-1
704,159,699.32,202.98,53.50,131.55,1.0000,-1,-1,-1
704,160,592.65,554.42,70.14,165.04,1.0000,-1,-1,-1
704,163,726.58,155.06,68.06,124.52,1.0000,-1,-1,-1
704,164,462.06,206.42,62.28,126.47,1.0000,-1,-1,-1
704,166,929.07,303.85,56.12,149.68,1.0000,-1,-1,-1
704,167,528.19,213.80,85.89,147.71,1.0000,-1,-1,-1
704,169,905.43,299.68,81.43,142.65,1.0000,-1,-1,-1
705,131,1043.80,151.92,57.15,143.24,1.0000,-1,-1,-1
705,135,1048.72,287.97,77.07,153.52,1.0000,-1,-1,-1
705,143,453.24,408.02,78.59,155.68,1.0000,-1,-1,-1
705,152,261.74,482.08,56.14,134.24,1.0000,-1,-1,-1
705,157,768.31,310.51,71.44,148.71,1.0000,-1,-1,-1
705,159,686.82,197.51,54.54,137.20,1.0000,-1,-1,-1
705,160,591.81,553.71,70.44,165.76,1.0000,-1,-1,-1
705,163,718.49,152.83,67.43,123.37,1.0000,-1,-1,-1
705,164,456.94,205.73,67.02,126.26,1.0000,-1,-1,-1
705,166,929.70,302.54,56.38,150.38,1.0000,-1,-1,-1
705,167,523.11,213.94,82.15,147.79,1.0000,-1,-1,-1
705,169,908.02,297.07,88.36,147.25,1.0000,-1,-1,-1
705,170,269.45,194.26,63.58,136.64,1.0000,-1,-1,-1
706,131,1047.38,152.09,54.69,143.82,1.0000,-1,-1,-1
706,135,1050.64,287.77,72.89,154.07,1.0000,-1,-1,-1
706,143,453.43,407.32,78.57,155.86,1.0000,-1,-1,-1
706,152,260.77,481.48,55.59,135.04,1.0000,-1,-1,-1
706,157,781.03,313.26,68.76,147.11,1.0000,-1,-1,-1
706,159,679.63,195.90,55.77,138.36,1.0000,-1,-1,-1
706,160,591.22,553.13,70.68,166.40,1.0000,-1,-1,-1
706,163,710.40,150.61,66.80,122.20,1.0000,-1,-1,-1
706,164,453.50,204.64,71.33,126.41,1.0000,-1,-1,-1
706,167,519.70,213.48,77.37,146.77,1.0000,-1,-1,-1
706,169,908.26,294.88,92.77,149.52,1.0000,-1,-1,-1
706,170,269.27,195.50,63.02,135.85,1.0000,-1,-1,-1
707,131,1049.24,152.73,53.01,144.11,1.0000,-1,-1,-1
707,135,1051.79,287.48,68.87,154.05,1.0000,-1,-1,-1
707,143,454.17,406.82,78.22,155.94,1.0000,-1,-1,-1
707,152,260.15,480.49,55.22,136.38,1.0000,-1,-1,-1
707,157,792.16,318.29,68.85,148.86,1.0000,-1,-1,-1
707,159,672.52,190.71,59.40,141.85,1.0000,-1,-1,-1
707,160,590.93,552.53,70.94,167.03,1.0000,-1,-1,-1
707,164,451.19,203.97,74.14,126.44,1.0000,-1,-1,-1
707,167,518.06,213.27,73.71,146.39,1.0000,-1,-1,-1
707,169,909.74,293.20,94.79,151.30,1.0000,-1,-1,-1
707,170,268.56,197.55,61.72,133.94,1.0000,-1,-1,-1
707,171,-0.10,643.00,43.57,76.02,1.0000,-1,-1,-1
708,131,1049.73,151.68,52.43,143.45,1.0000,-1,-1,-1
708,135,1053.46,287.35,64.94,154.22,1.0000,-1,-1,-1
708,143,454.94,406.53,77.78,155.93,1.0000,-1,-1,-1
708,152,259.77,479.63,54.68,137.53,1.0000,-1,-1,-1
708,157,801.04,321.15,67.62,150.33,1.0000,-1,-1,-1
708,159,665.55,188.40,63.37,143.28,1.0000,-1,-1,-1
708,160,591.00,552.05,71.15,167.58,1.0000,-1,-1,-1
708,164,449.41,202.96,74.89,126.91,1.0000,-1,-1,-1
708,167,517.03,213.20,71.21,146.91,1.0000,-1,-1,-1
708,169,910.57,291.20,96.03,153.63,1.0000,-1,-1,-1
708,170,267.62,198.04,61.95,134.44,1.0000,-1,-1,-1
708,171,-0.12,642.66,43.50,76.33,1.0000,-1,-1,-1
709,131,1050.99,151.16,52.05,142.97,1.0000,-1,-1,-1
709,135,1053.90,287.07,62.30,154.64,1.0000,-1,-1,-1
709,143,455.94,406.14,77.16,155.86,1.0000,-1,-1,-1
709,152,258.97,479.06,54.31,138.71,1.0000,-1,-1,-1
709,157,807.42,321.06,65.72,149.25,1.0000,-1,-1,-1
709,159,658.91,191.05,67.19,140.95,1.0000,-1,-1,-1
709,160,590.88,551.63,71.22,168.06,1.0000,-1,-1,-1
709,164,448.17,201.32,74.76,127.94,1.0000,-1,-1,-1
709,167,516.69,213.28,70.68,147.18,1.0000,-1,-1,-1
709,169,910.67,288.60,96.70,156.09,1.0000,-1,-1,-1
709,170,266.69,198.53,62.18,134.95,1.0000,-1,-1,-1
709,171,-0.14,642.55,43.30,76.35,1.0000,-1,-1,-1
710,131,1052.14,150.36,51.67,141.29,1.0000,-1,-1,-1
710,135,1054.10,303.38,60.63,145.37,1.0000,-1,-1,-1
710,143,457.52,406.09,76.17,155.76,1.0000,-1,-1,-1
710,152,258.32,478.65,54.09,139.96,1.0000,-1,-1,-1
710,157,815.08,321.77,61.40,147.65,1.0000,-1,-1,-1
710,159,652.22,193.95,69.58,135.52,1.0000,-1,-1,-1
710,160,590.42,550.98,71.30,168.65,1.0000,-1,-1,-1
710,164,444.87,199.37,70.50,128.59,1.0000,-1,-1,-1
710,167,514.24,214.50,72.53,148.97,1.0000,-1,-1,-1
710,169,909.97,284.01,97.12,159.15,1.0000,-1,-1,-1
710,170,265.75,199.03,62.41,135.45,1.0000,-1,-1,-1
710,171,-0.26,642.18,43.39,76.52,1.0000,-1,-1,-1
711,131,1053.33,150.76,51.33,139.48,1.0000,-1,-1,-1
711,135,1051.40,311.22,60.96,138.45,1.0000,-1,-1,-1
711,143,458.79,406.23,75.13,155.65,1.0000,-1,-1,-1
711,152,257.98,478.19,53.92,140.66,1.0000,-1,-1,-1
711,157,823.28,322.22,61.42,147.70,1.0000,-1,-1,-1
711,159,648.19,194.89,70.34,131.78,1.0000,-1,-1,-1
711,160,590.37,550.64,71.24,169.07,1.0000,-1,-1,-1
711,164,441.98,199.13,64.85,128.90,1.0000,-1,-1,-1
711,167,512.13,215.70,74.64,150.21,1.0000,-1,-1,-1
711,169,908.17,281.00,97.94,161.72,1.0000,-1,-1,-1
711,170,264.81,199.52,62.64,135.95,1.0000,-1,-1,-1
711,171,0.05,642.08,43.72,76.87,1.0000,-1,-1,-1
712,131,1054.54,152.23,50.58,138.93,1.0000,-1,-1,-1
712,135,1049.61,315.77,61.40,133.01,1.0000,-1,-1,-1
712,143,459.68,406.55,74.31,155.45,1.0000,-1,-1,-1
712,152,257.77,477.86,53.86,141.16,1.0000,-1,-1,-1
712,157,831.75,328.72,67.18,153.21,1.0000,-1,-1,-1
712,159,645.20,192.61,69.97,130.58,1.0000,-1,-1,-1
712,160,590.48,550.50,71.16,169.34,1.0000,-1,-1,-1
712,164,441.10,199.33,60.35,129.20,1.0000,-1,-1,-1
712,167,509.32,216.35,77.28,148.52,1.0000,-1,-1,-1
712,169,906.89,279.51,97.59,164.00,1.0000,-1,-1,-1
712,170,263.87,200.01,62.87,136.45,1.0000,-1,-1,-1
712,171,0.01,642.05,43.74,76.94,1.0000,-1,-1,-1
713,131,1055.75,152.21,50.54,138.81,1.0000,-1,-1,-1
713,135,1047.99,319.24,61.84,128.77,1.0000,-1,-1,-1
713,143,460.17,406.84,73.73,155.31,1.0000,-1,-1,-1
713,152,257.87,477.82,53.90,141.59,1.0000,-1,-1,-1
713,157,836.53,331.18,71.87,156.01,1.0000,-1,-1,-1
713,159,639.04,187.63,68.85,132.17,1.0000,-1,-1,-1
713,160,590.61,550.40,71.05,169.54,1.0000,-1,-1,-1
713,164,440.65,199.30,57.25,129.37,1.0000,-1,-1,-1
713,167,507.41,216.99,79.35,146.52,1.0000,-1,-1,-1
713,169,905.07,277.90,95.37,165.02,1.0000,-1,-1,-1
713,171,-0.00,642.00,43.77,77.02,1.0000,-1,-1,-1
714,131,1056.96,152.20,50.49,138.69,1.0000,-1,-1,-1
714,135,1045.84,322.23,62.28,125.30,1.0000,-1,-1,-1
714,143,460.41,407.02,73.35,155.23,1.0000,-1,-1,-1
714,152,258.19,477.79,53.85,142.14,1.0000,-1,-1,-1
714,157,840.25,335.17,75.18,157.02,1.0000,-1,-1,-1
714,159,632.43,183.24,65.94,133.90,1.0000,-1,-1,-1
714,160,590.71,550.29,70.96,169.70,1.0000,-1,-1,-1
714,164,438.81,199.06,54.10,129.52,1.0000,-1,-1,-1
714,167,506.08,216.53,80.72,142.08,1.0000,-1,-1,-1
714,169,903.19,276.75,92.18,165.59,1.0000,-1,-1,-1
714,171,-0.05,641.94,43.71,77.09,1.0000,-1,-1,-1
715,131,1055.16,154.38,52.95,141.83,1.0000,-1,-1,-1
715,135,1040.03,325.65,65.20,121.27,1.0000,-1,-1,-1
715,143,460.64,407.00,72.97,155.08,1.0000,-1,-1,-1
715,152,259.13,477.18,53.92,142.32,1.0000,-1,-1,-1
715,157,845.21,339.72,75.88,155.69,1.0000,-1,-1,-1
715,159,625.46,185.26,62.24,131.92,1.0000,-1,-1,-1
715,160,590.30,550.05,71.02,169.93,1.0000,-1,-1,-1
715,164,434.54,195.93,54.70,131.24,1.0000,-1,-1,-1
715,167,503.95,218.45,80.57,138.58,1.0000,-1,-1,-1
715,169,902.09,275.84,88.37,166.31,1.0000,-1,-1,-1
715,171,0.03,641.71,43.87,77.34,1.0000,-1,-1,-1
716,131,1055.29,154.65,53.97,142.84,1.0000,-1,-1,-1
716,135,1036.42,328.61,67.96,118.61,1.0000,-1,-1,-1
716,143,460.76,407.08,72.64,154.93,1.0000,-1,-1,-1
716,152,260.04,476.70,54.03,142.49,1.0000,-1,-1,-1
716,157,847.18,342.70,76.40,154.11,1.0000,-1,-1,-1
716,159,619.42,183.74,62.00,131.41,1.0000,-1,-1,-1
716,160,590.09,549.89,71.17,170.13,1.0000,-1,-1,-1
716,164,427.91,193.61,57.31,135.29,1.0000,-1,-1,-1
716,167,502.12,222.05,78.85,139.24,1.0000,-1,-1,-1
716,169,901.50,274.85,84.34,165.30,1.0000,-1,-1,-1
716,171,0.10,641.45,44.11,77.59,1.0000,-1,-1,-1
717,131,1055.44,154.53,54.76,143.72,1.0000,-1,-1,-1
717,135,1033.16,334.70,70.92,122.25,1.0000,-1,-1,-1
717,143,460.86,407.07,72.36,154.75,1.0000,-1,-1,-1
717,152,261.13,476.31,54.06,142.46,1.0000,-1,-1,-1
717,157,848.14,345.25,76.67,152.29,1.0000,-1,-1,-1
717,159,614.00,184.13,57.34,130.24,1.0000,-1,-1,-1
717,160,590.16,549.78,71.13,170.26,1.0000,-1,-1,-1
717,164,421.62,191.91,59.98,137.72,1.0000,-1,-1,-1
717,167,500.12,224.93,75.72,141.80,1.0000,-1,-1,-1
717,169,902.46,275.25,81.45,164.83,1.0000,-1,-1,-1
717,171,0.10,641.24,44.22,77.77,1.0000,-1,-1,-1
718,131,1056.29,154.22,55.32,144.22,1.0000,-1,-1,-1
718,135,1032.03,336.76,70.83,122.11,1.0000,-1,-1,-1
718,143,461.13,407.07,72.08,154.59,1.0000,-1,-1,-1
718,152,262.18,476.07,54.19,142.63,1.0000,-1,-1,-1
718,157,848.20,346.76,76.70,150.72,1.0000,-1,-1,-1
718,159,607.89,182.16,56.01,130.32,1.0000,-1,-1,-1
718,160,590.45,549.69,70.94,170.38,1.0000,-1,-1,-1
718,164,415.57,195.58,62.93,138.05,1.0000,-1,-1,-1
718,167,499.87,223.68,72.58,143.01,1.0000,-1,-1,-1
718,169,903.50,274.66,79.34,162.99,1.0000,-1,-1,-1
718,171,0.10,641.02,44.32,77.95,1.0000,-1,-1,-1
719,131,1057.23,154.23,56.06,143.70,1.0000,-1,-1,-1
719,135,1030.20,337.22,74.31,122.01,1.0000,-1,-1,-1
719,143,461.29,407.05,71.89,154.37,1.0000,-1,-1,-1
719,152,263.83,475.90,55.02,143.37,1.0000,-1,-1,-1
719,157,847.81,347.89,76.38,149.15,1.0000,-1,-1,-1
719,159,602.71,176.36,54.37,130.74,1.0000,-1,-1,-1
719,160,590.71,549.56,70.74,170.50,1.0000,-1,-1,-1
719,164,409.58,199.68,65.74,136.62,1.0000,-1,-1,-1
719,167,498.49,222.25,69.24,143.65,1.0000,-1,-1,-1
719,169,904.55,274.69,78.98,161.59,1.0000,-1,-1,-1
719,171,0.11,640.81,44.42,78.13,1.0000,-1,-1,-1
720,131,1058.64,154.53,56.85,143.87,1.0000,-1,-1,-1
720,135,1027.43,339.52,77.14,126.20,1.0000,-1,-1,-1
720,143,460.54,406.86,71.78,153.90,1.0000,-1,-1,-1
720,152,266.20,475.70,55.71,143.33,1.0000,-1,-1,-1
720,157,845.00,348.58,75.35,147.49,1.0000,-1,-1,-1
720,159,597.83,175.76,53.67,130.84,1.0000,-1,-1,-1
720,160,591.33,549.20,70.35,170.68,1.0000,-1,-1,-1
720,164,402.49,205.10,68.73,134.24,1.0000,-1,-1,-1
720,167,495.62,221.26,63.76,142.74,1.0000,-1,-1,-1
720,169,905.95,275.52,79.10,159.94,1.0000,-1,-1,-1
720,171,0.11,640.60,44.52,78.31,1.0000,-1,-1,-1
721,131,1059.54,156.43,57.35,143.53,1.0000,-1,-1,-1
721,135,1023.27,340.92,78.56,129.86,1.0000,-1,-1,-1
721,143,459.52,406.50,71.93,153.45,1.0000,-1,-1,-1
721,152,266.58,475.64,55.65,143.18,1.0000,-1,-1,-1
721,157,841.43,348.62,72.86,146.71,1.0000,-1,-1,-1
721,159,592.84,175.03,50.23,129.53,1.0000,-1,-1,-1
721,160,591.52,548.91,70.23,170.93,1.0000,-1,-1,-1
721,164,398.31,208.22,70.67,132.48,1.0000,-1,-1,-1
721,167,494.88,221.64,59.05,141.97,1.0000,-1,-1,-1
721,169,905.27,276.05,77.85,157.88,1.0000,-1,-1,-1
721,171,0.11,640.38,44.63,78.49,1.0000,-1,-1,-1
722,131,1059.53,156.47,58.74,143.97,1.0000,-1,-1,-1
722,135,1017.53,342.52,79.27,132.02,1.0000,-1,-1,-1
722,143,458.62,406.29,72.26,153.05,1.0000,-1,-1,-1
722,152,266.96,475.58,55.59,143.02,1.0000,-1,-1,-1
722,157,835.68,347.91,71.49,146.76,1.0000,-1,-1,-1
722,159,586.76,173.65,49.87,128.61,1.0000,-1,-1,-1
722,160,591.79,548.68,70.19,171.15,1.0000,-1,-1,-1
722,164,396.84,210.57,71.43,130.54,1.0000,-1,-1,-1
722,167,493.11,222.64,55.78,141.26,1.0000,-1,-1,-1
722,169,905.25,276.66,78.11,156.31,1.0000,-1,-1,-1
722,171,-0.06,640.48,44.42,78.53,1.0000,-1,-1,-1
723,131,1058.20,157.19,60.79,144.80,1.0000,-1,-1,-1
723,135,1013.67,344.87,76.27,131.54,1.0000,-1,-1,-1
723,143,457.64,406.48,73.49,152.56,1.0000,-1,-1,-1
723,152,272.93,477.11,56.45,140.75,1.0000,-1,-1,-1
723,157,832.96,346.40,70.45,147.12,1.0000,-1,-1,-1
723,159,584.70,174.33,49.88,129.05,1.0000,-1,-1,-1
723,160,591.82,548.42,70.28,171.44,1.0000,-1,-1,-1
723,164,396.13,212.79,71.83,128.53,1.0000,-1,-1,-1
723,167,491.70,224.29,53.68,141.82,1.0000,-1,-1,-1
723,169,906.90,275.88,76.73,153.68,1.0000,-1,-1,-1
723,171,0.05,640.33,44.69,78.70,1.0000,-1,-1,-1
724,131,1057.21,156.44,62.64,145.55,1.0000,-1,-1,-1
724,135,1011.67,347.11,76.25,131.50,1.0000,-1,-1,-1
724,143,456.62,406.73,75.18,152.16,1.0000,-1,-1,-1
724,152,274.31,478.35,58.08,139.61,1.0000,-1,-1,-1
724,157,835.32,347.25,70.54,147.31,1.0000,-1,-1,-1
724,159,579.16,174.94,50.35,127.70,1.0000,-1,-1,-1
724,160,591.79,548.16,70.27,171.72,1.0000,-1,-1,-1
724,164,395.95,213.62,72.55,127.65,1.0000,-1,-1,-1
724,167,491.13,225.73,51.52,142.49,1.0000,-1,-1,-1
724,169,907.36,274.81,76.71,153.64,1.0000,-1,-1,-1
724,171,0.12,640.27,44.96,78.77,1.0000,-1,-1,-1
725,131,1060.00,154.11,62.47,142.78,1.0000,-1,-1,-1
725,135,994.26,338.10,76.04,137.18,1.0000,-1,-1,-1
725,143,455.24,408.69,76.19,152.28,1.0000,-1,-1,-1
725,152,275.31,478.39,58.03,139.49,1.0000,-1,-1,-1
725,157,837.68,348.10,70.63,147.49,1.0000,-1,-1,-1
725,159,567.92,172.67,53.09,127.63,1.0000,-1,-1,-1
725,160,591.78,547.37,70.38,172.08,1.0000,-1,-1,-1
725,164,394.30,215.74,72.92,125.60,1.0000,-1,-1,-1
725,167,487.90,228.14,50.43,145.00,1.0000,-1,-1,-1
725,169,929.44,280.08,68.40,154.59,1.0000,-1,-1,-1
725,171,0.13,640.09,45.06,78.94,1.0000,-1,-1,-1
726,131,1061.38,154.22,61.85,140.77,1.0000,-1,-1,-1
726,135,987.87,338.53,75.16,142.39,1.0000,-1,-1,-1
726,143,454.60,410.02,76.16,152.97,1.0000,-1,-1,-1
726,152,285.50,479.84,73.18,139.90,1.0000,-1,-1,-1
726,157,840.04,348.95,70.72,147.68,1.0000,-1,-1,-1
726,159,557.87,170.06,57.62,128.60,1.0000,-1,-1,-1
726,160,591.82,546.45,70.34,172.67,1.0000,-1,-1,-1
726,164,391.83,216.34,71.05,122.83,1.0000,-1,-1,-1
726,167,486.22,229.81,50.08,146.63,1.0000,-1,-1,-1
726,169,931.07,279.73,66.16,157.03,1.0000,-1,-1,-1
726,171,0.14,639.91,45.16,79.11,1.0000,-1,-1,-1
727,131,1061.55,154.01,62.18,140.17,1.0000,-1,-1,-1
727,135,984.53,337.84,74.35,146.16,1.0000,-1,-1,-1
727,143,454.15,410.37,76.85,153.76,1.0000,-1,-1,-1
727,152,286.40,479.91,81.49,141.12,1.0000,-1,-1,-1
727,157,842.40,349.80,70.81,147.86,1.0000,-1,-1,-1
727,159,551.22,168.54,62.09,129.21,1.0000,-1,-1,-1
727,160,592.49,546.04,70.11,173.11,1.0000,-1,-1,-1
727,164,390.56,217.49,67.44,121.21,1.0000,-1,-1,-1
727,167,483.77,231.14,49.79,145.79,1.0000,-1,-1,-1
727,169,939.61,278.89,66.19,159.22,1.0000,-1,-1,-1
727,171,0.16,639.74,45.26,79.28,1.0000,-1,-1,-1
728,131,1062.56,153.97,62.22,140.57,1.0000,-1,-1,-1
728,135,976.47,338.60,77.86,150.89,1.0000,-1,-1,-1
728,143,454.31,410.71,77.52,154.22,1.0000,-1,-1,-1
728,152,288.99,479.96,81.63,141.35,1.0000,-1,-1,-1
728,157,815.95,343.79,80.69,146.42,1.0000,-1,-1,-1
728,159,546.18,167.76,66.23,129.46,1.0000,-1,-1,-1
728,160,592.90,545.31,69.86,173.91,1.0000,-1,-1,-1
728,164,390.60,220.28,62.71,118.93,1.0000,-1,-1,-1
728,167,481.31,232.48,49.50,144.95,1.0000,-1,-1,-1
728,169,943.99,278.00,67.88,161.96,1.0000,-1,-1,-1
728,171,0.17,639.56,45.35,79.45,1.0000,-1,-1,-1
729,131,1062.85,154.01,62.60,140.42,1.0000,-1,-1,-1
729,135,973.83,337.26,78.03,154.57,1.0000,-1,-1,-1
729,143,455.02,410.59,78.36,154.09,1.0000,-1,-1,-1
729,152,291.58,480.01,81.76,141.58,1.0000,-1,-1,-1
729,157,809.16,344.50,80.16,143.75,1.0000,-1,-1,-1
729,159,541.11,167.27,70.42,129.89,1.0000,-1,-1,-1
729,160,592.26,544.37,70.37,174.77,1.0000,-1,-1,-1
729,164,390.70,221.10,58.91,117.05,1.0000,-1,-1,-1
729,167,478.86,233.81,49.21,144.10,1.0000,-1,-1,-1
729,169,946.75,277.88,67.79,161.73,1.0000,-1,-1,-1
729,171,0.18,639.38,45.45,79.62,1.0000,-1,-1,-1
730,131,1065.49,152.55,62.45,143.42,1.0000,-1,-1,-1
730,135,970.02,338.83,78.08,154.66,1.0000,-1,-1,-1
730,143,456.60,410.39,79.46,153.47,1.0000,-1,-1,-1
730,152,294.17,480.06,81.89,141.81,1.0000,-1,-1,-1
730,157,807.29,342.80,76.28,138.79,1.0000,-1,-1,-1
730,159,537.59,168.57,74.31,128.87,1.0000,-1,-1,-1
730,160,593.80,543.19,70.45,175.42,1.0000,-1,-1,-1
730,164,391.30,223.67,56.13,115.29,1.0000,-1,-1,-1
730,167,476.40,235.15,48.92,143.25,1.0000,-1,-1,-1
730,169,942.61,268.76,60.98,149.69,1.0000,-1,-1,-1
731,131,1067.11,151.26,62.30,146.68,1.0000,-1,-1,-1
731,135,966.20,340.39,78.13,154.75,1.0000,-1,-1,-1
731,143,458.53,409.52,80.59,152.39,1.0000,-1,-1,-1
731,152,304.59,476.02,76.19,144.65,1.0000,-1,-1,-1
731,157,807.17,341.89,73.76,137.29,1.0000,-1,-1,-1
731,159,535.61,166.83,77.28,128.52,1.0000,-1,-1,-1
731,160,599.19,542.83,68.15,176.06,1.0000,-1,-1,-1
731,164,392.02,227.22,54.06,115.23,1.0000,-1,-1,-1
731,167,473.95,236.50,48.62,142.39,1.0000,-1,-1,-1
731,169,944.57,267.59,60.68,148.95,1.0000,-1,-1,-1
732,131,1068.53,149.87,62.25,147.98,1.0000,-1,-1,-1
732,135,962.39,341.96,78.17,154.85,1.0000,-1,-1,-1
732,143,460.67,409.20,81.70,151.67,1.0000,-1,-1,-1
732,152,314.73,473.63,81.31,147.34,1.0000,-1,-1,-1
732,157,801.42,345.87,74.57,141.41,1.0000,-1,-1,-1
732,159,535.20,163.40,78.54,129.79,1.0000,-1,-1,-1
732,160,603.70,541.60,66.13,176.34,1.0000,-1,-1,-1
732,164,392.66,231.05,52.17,116.82,1.0000,-1,-1,-1
732,169,946.52,266.42,60.39,148.22,1.0000,-1,-1,-1
733,131,1069.53,147.80,62.60,146.82,1.0000,-1,-1,-1
733,135,941.80,352.98,71.39,151.29,1.0000,-1,-1,-1
733,143,463.11,408.36,82.11,151.74,1.0000,-1,-1,-1
733,152,318.99,471.95,77.91,148.55,1.0000,-1,-1,-1
733,157,793.67,345.63,79.41,144.85,1.0000,-1,-1,-1
733,159,535.82,162.56,77.70,129.15,1.0000,-1,-1,-1
733,160,604.49,541.17,66.18,176.46,1.0000,-1,-1,-1
733,164,393.52,233.00,50.66,119.04,1.0000,-1,-1,-1
733,169,948.48,265.25,60.09,147.48,1.0000,-1,-1,-1
734,131,1068.74,150.22,63.62,143.27,1.0000,-1,-1,-1
734,135,937.57,356.45,69.87,152.30,1.0000,-1,-1,-1
734,143,466.05,408.21,82.38,151.08,1.0000,-1,-1,-1
734,152,323.15,471.51,74.20,148.94,1.0000,-1,-1,-1
734,157,784.66,344.37,83.05,146.57,1.0000,-1,-1,-1
734,159,538.07,160.81,74.69,129.26,1.0000,-1,-1,-1
734,160,605.28,540.75,66.22,176.59,1.0000,-1,-1,-1
734,164,393.81,234.12,49.95,121.88,1.0000,-1,-1,-1
734,169,950.44,264.08,59.78,146.74,1.0000,-1,-1,-1
735,131,1067.74,148.79,65.58,141.69,1.0000,-1,-1,-1
735,135,930.38,355.69,75.19,150.54,1.0000,-1,-1,-1
735,143,471.28,407.58,82.61,149.62,1.0000,-1,-1,-1
735,152,331.57,470.57,71.55,150.19,1.0000,-1,-1,-1
735,157,779.47,343.28,85.79,148.24,1.0000,-1,-1,-1
735,159,541.77,157.91,68.60,129.05,1.0000,-1,-1,-1
735,160,606.08,540.33,66.27,176.71,1.0000,-1,-1,-1
735,164,392.93,237.21,51.03,125.06,1.0000,-1,-1,-1
735,169,952.40,262.91,59.48,146.00,1.0000,-1,-1,-1
736,131,1068.33,149.75,66.57,139.40,1.0000,-1,-1,-1
736,135,923.85,355.99,80.99,150.16,1.0000,-1,-1,-1
736,143,474.17,406.08,82.51,147.17,1.0000,-1,-1,-1
736,152,338.22,469.65,69.43,151.22,1.0000,-1,-1,-1
736,157,778.28,342.23,87.60,147.91,1.0000,-1,-1,-1
736,159,546.22,157.80,63.26,128.48,1.0000,-1,-1,-1
736,160,606.87,539.91,66.32,176.83,1.0000,-1,-1,-1
736,164,393.23,239.04,51.68,126.53,1.0000,-1,-1,-1
737,131,1068.49,149.89,67.80,137.61,1.0000,-1,-1,-1
737,135,921.03,355.99,84.11,151.20,1.0000,-1,-1,-1
737,143,477.42,405.60,82.04,146.16,1.0000,-1,-1,-1
737,152,344.07,469.78,68.86,151.91,1.0000,-1,-1,-1
737,157,778.48,342.54,87.97,147.13,1.0000,-1,-1,-1
737,159,549.07,158.24,58.73,127.56,1.0000,-1,-1,-1
737,160,620.38,518.93,67.05,128.18,1.0000,-1,-1,-1
737,164,393.12,240.60,52.76,126.83,1.0000,-1,-1,-1
738,131,1067.64,149.41,69.47,136.68,1.0000,-1,-1,-1
738,135,918.20,357.89,83.22,151.32,1.0000,-1,-1,-1
738,143,480.32,406.55,82.80,146.04,1.0000,-1,-1,-1
738,152,350.77,469.35,68.66,152.68,1.0000,-1,-1,-1
738,157,775.98,342.35,84.25,146.12,1.0000,-1,-1,-1
738,159,552.28,158.41,55.47,126.90,1.0000,-1,-1,-1
738,160,624.95,522.80,65.76,111.18,1.0000,-1,-1,-1
738,164,391.50,239.96,54.68,127.74,1.0000,-1,-1,-1
738,174,499.83,238.81,48.84,126.69,1.0000,-1,-1,-1
739,131,1067.45,147.35,70.42,135.65,1.0000,-1,-1,-1
739,135,913.51,359.58,83.29,151.44,1.0000,-1,-1,-1
739,143,482.00,407.04,84.49,146.43,1.0000,-1,-1,-1
739,152,355.18,469.11,68.72,152.81,1.0000,-1,-1,-1
739,157,771.71,342.60,78.55,145.29,1.0000,-1,-1,-1
739,159,550.35,157.47,55.24,126.36,1.0000,-1,-1,-1
739,160,629.01,525.56,64.13,102.15,1.0000,-1,-1,-1
739,164,390.51,239.93,57.04,127.68,1.0000,-1,-1,-1
739,174,500.16,235.82,57.16,138.10,1.0000,-1,-1,-1
740,131,1070.68,147.49,69.79,132.60,1.0000,-1,-1,-1
740,135,918.06,356.69,79.49,153.96,1.0000,-1,-1,-1
740,143,485.36,406.73,86.11,145.95,1.0000,-1,-1,-1
740,152,364.77,467.50,69.36,153.55,1.0000,-1,-1,-1
740,157,761.28,343.53,73.85,144.54,1.0000,-1,-1,-1
740,159,559.23,159.08,53.61,125.38,1.0000,-1,-1,-1
740,160,634.65,527.19,62.29,97.20,1.0000,-1,-1,-1
740,164,391.15,241.89,59.24,129.36,1.0000,-1,-1,-1
740,174,500.33,232.35,74.40,158.49,1.0000,-1,-1,-1
741,131,1072.99,148.50,69.43,132.02,1.0000,-1,-1,-1
741,135,914.01,358.10,79.54,154.05,1.0000,-1,-1,-1
741,143,487.92,406.45,87.97,145.18,1.0000,-1,-1,-1
741,152,367.95,467.33,69.42,154.32,1.0000,-1,-1,-1
741,157,751.32,344.51,72.69,143.95,1.0000,-1,-1,-1
741,159,558.18,158.37,53.36,124.79,1.0000,-1,-1,-1
741,160,639.86,528.53,60.10,94.32,1.0000,-1,-1,-1
741,164,393.01,244.42,60.96,132.23,1.0000,-1,-1,-1
741,174,497.93,231.81,84.96,164.09,1.0000,-1,-1,-1
741,175,957.48,265.06,74.42,170.44,1.0000,-1,-1,-1
742,131,1066.47,152.41,75.56,137.00,1.0000,-1,-1,-1
742,135,909.97,359.50,79.59,154.14,1.0000,-1,-1,-1
742,143,489.97,406.35,88.83,144.49,1.0000,-1,-1,-1
742,152,371.17,467.01,69.46,153.90,1.0000,-1,-1,-1
742,157,739.64,345.43,75.03,142.91,1.0000,-1,-1,-1
742,159,557.13,157.66,53.10,124.20,1.0000,-1,-1,-1
742,160,644.16,529.47,58.56,92.93,1.0000,-1,-1,-1
742,164,395.51,248.16,61.28,134.73,1.0000,-1,-1,-1
742,174,494.56,231.96,92.71,164.28,1.0000,-1,-1,-1
742,175,959.28,263.10,90.48,177.13,1.0000,-1,-1,-1
743,131,1062.59,151.17,79.89,136.21,1.0000,-1,-1,-1
743,135,897.96,359.61,71.83,158.81,1.0000,-1,-1,-1
743,143,491.53,406.52,89.56,143.71,1.0000,-1,-1,-1
743,152,374.11,467.31,70.88,153.44,1.0000,-1,-1,-1
743,157,729.16,347.68,79.11,141.67,1.0000,-1,-1,-1
743,159,556.09,156.96,52.85,123.60,1.0000,-1,-1,-1
743,160,647.16,529.97,57.25,91.96,1.0000,-1,-1,-1
743,164,398.55,248.47,61.55,135.89,1.0000,-1,-1,-1
743,174,492.45,235.32,99.02,163.88,1.0000,-1,-1,-1
743,175,957.79,265.88,96.65,173.80,1.0000,-1,-1,-1
744,131,1060.34,149.93,83.91,134.39,1.0000,-1,-1,-1
744,135,892.06,358.81,69.93,162.98,1.0000,-1,-1,-1
744,143,493.95,406.59,89.96,143.49,1.0000,-1,-1,-1
744,152,377.17,468.05,72.10,152.75,1.0000,-1,-1,-1
744,157,721.40,350.21,83.54,140.91,1.0000,-1,-1,-1
744,159,555.05,156.26,52.59,123.00,1.0000,-1,-1,-1
744,160,649.98,527.79,56.76,91.17,1.0000,-1,-1,-1
744,164,403.08,251.28,61.44,140.90,1.0000,-1,-1,-1
744,174,489.28,238.37,104.91,163.95,1.0000,-1,-1,-1
744,175,956.65,269.77,98.86,169.71,1.0000,-1,-1,-1
745,131,1062.32,149.85,82.79,132.62,1.0000,-1,-1,-1
745,135,885.03,361.06,70.27,164.40,1.0000,-1,-1,-1
745,143,499.20,405.96,90.02,143.42,1.0000,-1,-1,-1
745,152,381.81,468.80,74.95,153.36,1.0000,-1,-1,-1
745,157,713.74,352.08,87.45,139.88,1.0000,-1,-1,-1
745,159,554.00,155.56,52.33,122.40,1.0000,-1,-1,-1
745,160,652.79,525.62,56.27,90.38,1.0000,-1,-1,-1
745,164,408.08,256.09,59.87,143.63,1.0000,-1,-1,-1
745,174,486.48,241.46,113.51,163.99,1.0000,-1,-1,-1
745,175,951.47,272.09,101.57,167.31,1.0000,-1,-1,-1
746,131,1063.89,149.37,79.64,131.19,1.0000,-1,-1,-1
746,135,881.70,361.85,69.81,165.11,1.0000,-1,-1,-1
746,143,502.01,405.92,90.62,143.20,1.0000,-1,-1,-1
746,152,386.11,468.44,76.76,154.09,1.0000,-1,-1,-1
746,157,711.29,351.29,89.93,137.18,1.0000,-1,-1,-1
746,160,655.61,523.45,55.77,89.59,1.0000,-1,-1,-1
746,164,412.33,256.93,57.95,145.79,1.0000,-1,-1,-1
746,174,486.75,240.80,118.14,170.68,1.0000,-1,-1,-1
746,175,950.97,273.17,100.92,164.57,1.0000,-1,-1,-1
747,131,1062.44,146.72,77.08,129.84,1.0000,-1,-1,-1
747,135,881.91,363.65,67.42,164.68,1.0000,-1,-1,-1
747,143,504.27,405.74,92.69,142.81,1.0000,-1,-1,-1
747,152,390.91,468.23,77.78,154.65,1.0000,-1,-1,-1
747,157,706.52,351.47,90.09,137.43,1.0000,-1,-1,-1
747,160,658.43,521.29,55.27,88.79,1.0000,-1,-1,-1
747,164,415.62,257.14,56.42,146.51,1.0000,-1,-1,-1
747,174,487.11,240.25,122.59,177.11,1.0000,-1,-1,-1
747,175,952.56,273.45,99.07,161.98,1.0000,-1,-1,-1
748,131,1064.45,145.41,72.73,129.15,1.0000,-1,-1,-1
748,135,876.19,364.86,68.76,164.04,1.0000,-1,-1,-1
748,143,506.83,404.87,95.41,140.41,1.0000,-1,-1,-1
748,152,395.96,466.65,78.28,155.12,1.0000,-1,-1,-1
748,157,713.85,350.65,90.40,137.33,1.0000,-1,-1,-1
748,160,662.18,529.46,55.50,90.56,1.0000,-1,-1,-1
748,164,418.78,257.59,54.87,146.31,1.0000,-1,-1,-1
748,174,482.82,247.49,121.56,166.75,1.0000,-1,-1,-1
748,175,952.21,272.32,96.78,161.33,1.0000,-1,-1,-1
748,177,583.90,165.45,56.65,124.09,1.0000,-1,-1,-1
749,131,1066.17,144.74,69.07,128.98,1.0000,-1,-1,-1
749,135,868.13,364.86,73.43,163.57,1.0000,-1,-1,-1
749,143,509.60,404.44,95.31,140.27,1.0000,-1,-1,-1
749,152,400.88,465.37,78.05,155.94,1.0000,-1,-1,-1
749,157,716.03,350.40,90.80,136.83,1.0000,-1,-1,-1
749,160,665.04,529.77,55.50,91.12,1.0000,-1,-1,-1
749,164,421.84,257.34,53.70,146.46,1.0000,-1,-1,-1
749,174,482.61,251.25,120.07,164.05,1.0000,-1,-1,-1
749,175,952.55,272.85,93.03,160.36,1.0000,-1,-1,-1
749,177,585.46,166.85,61.36,126.78,1.0000,-1,-1,-1
750,131,1068.93,144.04,65.58,128.87,1.0000,-1,-1,-1
750,135,853.99,362.03,81.33,152.13,1.0000,-1,-1,-1
750,143,511.60,411.46,98.23,142.79,1.0000,-1,-1,-1
750,152,409.86,464.22,76.81,157.48,1.0000,-1,-1,-1
750,157,712.85,350.41,90.96,137.07,1.0000,-1,-1,-1
750,160,667.96,528.67,55.04,90.36,1.0000,-1,-1,-1
750,164,427.19,259.55,52.57,146.64,1.0000,-1,-1,-1
750,174,491.48,255.39,115.19,161.63,1.0000,-1,-1,-1
750,175,951.33,274.11,91.86,161.21,1.0000,-1,-1,-1
750,177,593.03,167.76,65.64,126.62,1.0000,-1,-1,-1
751,131,1069.84,144.32,63.91,128.42,1.0000,-1,-1,-1
751,135,848.60,362.45,81.38,152.23,1.0000,-1,-1,-1
751,143,514.60,415.00,98.24,144.35,1.0000,-1,-1,-1
751,152,411.65,464.12,77.88,158.08,1.0000,-1,-1,-1
751,157,720.21,345.65,87.14,138.39,1.0000,-1,-1,-1
751,160,672.11,529.93,54.96,91.73,1.0000,-1,-1,-1
751,164,430.98,262.11,51.58,147.77,1.0000,-1,-1,-1
751,174,500.52,257.66,108.81,159.76,1.0000,-1,-1,-1
751,175,952.48,275.78,89.05,162.62,1.0000,-1,-1,-1
751,177,595.31,164.25,70.65,130.93,1.0000,-1,-1,-1
752,131,1067.97,144.24,64.42,127.95,1.0000,-1,-1,-1
752,135,843.21,362.88,81.43,152.32,1.0000,-1,-1,-1
752,143,514.95,417.36,98.15,146.47,1.0000,-1,-1,-1
752,152,413.34,464.01,80.23,158.63,1.0000,-1,-1,-1
752,157,721.38,344.16,86.00,139.08,1.0000,-1,-1,-1
752,160,675.27,529.29,54.52,92.49,1.0000,-1,-1,-1
752,164,434.41,265.21,52.19,149.94,1.0000,-1,-1,-1
752,174,505.46,258.78,101.82,158.10,1.0000,-1,-1,-1
752,175,953.39,277.37,87.66,163.29,1.0000,-1,-1,-1
752,177,597.66,166.11,72.55,129.86,1.0000,-1,-1,-1
753,131,1064.98,143.76,67.99,126.85,1.0000,-1,-1,-1
753,135,837.82,363.31,81.49,152.42,1.0000,-1,-1,-1
753,143,515.24,419.29,99.23,148.43,1.0000,-1,-1,-1
753,152,414.86,463.53,82.84,158.87,1.0000,-1,-1,-1
753,157,719.22,343.74,86.12,139.29,1.0000,-1,-1,-1
753,160,678.05,528.45,54.05,92.41,1.0000,-1,-1,-1
753,164,435.83,268.88,54.65,153.30,1.0000,-1,-1,-1
753,174,509.13,259.04,96.17,156.69,1.0000,-1,-1,-1
753,175,955.31,278.67,84.95,163.40,1.0000,-1,-1,-1
753,177,600.20,169.11,72.94,127.24,1.0000,-1,-1,-1
754,131,1061.77,143.99,71.87,125.39,1.0000,-1,-1,-1
754,135,832.43,363.74,81.54,152.51,1.0000,-1,-1,-1
754,143,515.28,422.08,100.57,149.23,1.0000,-1,-1,-1
754,152,416.06,464.73,83.58,157.96,1.0000,-1,-1,-1
754,157,724.24,342.77,91.22,134.43,1.0000,-1,-1,-1
754,160,680.18,528.27,53.67,92.72,1.0000,-1,-1,-1
754,164,437.44,270.89,56.21,156.96,1.0000,-1,-1,-1
754,174,505.77,259.57,96.01,156.19,1.0000,-1,-1,-1
754,175,956.90,279.47,81.88,163.14,1.0000,-1,-1,-1
754,177,602.83,166.41,74.98,129.31,1.0000,-1,-1,-1
755,131,1059.95,143.56,75.13,124.27,1.0000,-1,-1,-1
755,135,839.73,369.60,94.02,160.44,1.0000,-1,-1,-1
755,143,522.13,423.33,98.60,149.14,1.0000,-1,-1,-1
755,152,430.47,467.47,91.99,157.17,1.0000,-1,-1,-1
755,157,719.11,341.44,97.71,129.14,1.0000,-1,-1,-1
755,160,683.26,527.86,53.68,93.18,1.0000,-1,-1,-1
755,164,437.91,273.61,59.27,157.11,1.0000,-1,-1,-1
755,174,512.76,259.87,91.50,155.52,1.0000,-1,-1,-1
755,175,959.28,280.58,78.47,161.89,1.0000,-1,-1,-1
755,177,611.83,167.91,72.56,127.09,1.0000,-1,-1,-1
756,131,1058.68,143.06,77.07,123.74,1.0000,-1,-1,-1
756,135,831.63,361.58,93.24,151.69,1.0000,-1,-1,-1
756,143,528.43,423.59,95.49,148.62,1.0000,-1,-1,-1
756,152,432.86,469.70,93.71,155.96,1.0000,-1,-1,-1
756,157,714.26,340.14,104.08,124.83,1.0000,-1,-1,-1
756,160,685.88,527.58,53.51,93.17,1.0000,-1,-1,-1
756,164,438.44,276.66,60.83,156.42,1.0000,-1,-1,-1
756,174,518.47,258.71,87.62,153.79,1.0000,-1,-1,-1
756,175,960.70,281.88,76.86,161.36,1.0000,-1,-1,-1
756,177,619.11,168.87,69.48,125.33,1.0000,-1,-1,-1
757,131,1057.74,142.94,78.07,123.46,1.0000,-1,-1,-1
757,135,821.85,358.58,82.87,143.25,1.0000,-1,-1,-1
757,143,532.87,423.78,93.11,148.05,1.0000,-1,-1,-1
757,152,436.21,470.99,102.02,154.24,1.0000,-1,-1,-1
757,157,711.92,339.50,110.34,121.86,1.0000,-1,-1,-1
757,160,688.03,527.29,53.28,93.40,1.0000,-1,-1,-1
757,164,439.83,278.42,62.67,155.04,1.0000,-1,-1,-1
757,174,520.09,259.19,88.55,155.42,1.0000,-1,-1,-1
757,175,961.91,282.63,76.44,160.93,1.0000,-1,-1,-1
757,177,626.79,169.25,64.88,122.66,1.0000,-1,-1,-1
758,131,1057.09,143.35,77.79,123.10,1.0000,-1,-1,-1
758,135,814.00,357.81,78.16,134.46,1.0000,-1,-1,-1
758,143,534.76,423.41,92.01,147.17,1.0000,-1,-1,-1
758,152,436.57,471.83,106.91,152.92,1.0000,-1,-1,-1
758,157,710.65,338.17,110.55,122.10,1.0000,-1,-1,-1
758,160,689.63,526.75,53.62,93.87,1.0000,-1,-1,-1
758,164,443.80,280.82,65.58,155.81,1.0000,-1,-1,-1
758,174,513.95,260.12,94.84,154.30,1.0000,-1,-1,-1
758,175,963.71,282.95,76.48,160.60,1.0000,-1,-1,-1
758,177,637.75,166.96,62.53,121.93,1.0000,-1,-1,-1
759,131,1056.58,142.73,76.38,122.73,1.0000,-1,-1,-1
759,135,808.32,356.82,78.15,134.43,1.0000,-1,-1,-1
759,143,536.27,422.61,91.31,146.27,1.0000,-1,-1,-1
759,152,435.97,472.14,108.54,152.23,1.0000,-1,-1,-1
759,157,707.81,338.04,115.86,118.43,1.0000,-1,-1,-1
759,160,690.88,525.90,54.02,94.63,1.0000,-1,-1,-1
759,164,449.68,284.50,66.22,157.31,1.0000,-1,-1,-1
759,174,513.65,260.94,98.62,153.20,1.0000,-1,-1,-1
759,175,965.12,282.50,76.74,160.29,1.0000,-1,-1,-1
759,177,646.92,166.82,58.32,121.27,1.0000,-1,-1,-1
759,180,877.90,394.76,70.11,139.39,1.0000,-1,-1,-1
760,131,1055.98,140.40,70.57,122.92,1.0000,-1,-1,-1
760,135,802.64,355.84,78.13,134.40,1.0000,-1,-1,-1
760,143,532.77,421.62,92.77,144.16,1.0000,-1,-1,-1
760,152,437.96,471.20,106.32,152.80,1.0000,-1,-1,-1
760,157,706.63,336.65,116.09,118.67,1.0000,-1,-1,-1
760,160,692.20,525.15,54.83,95.01,1.0000,-1,-1,-1
760,164,455.72,289.72,67.97,158.97,1.0000,-1,-1,-1
760,174,516.09,260.90,102.60,151.08,1.0000,-1,-1,-1
760,175,964.97,280.05,78.39,160.65,1.0000,-1,-1,-1
760,177,658.42,168.02,52.86,119.39,1.0000,-1,-1,-1
760,179,735.83,95.20,56.70,146.89,1.0000,-1,-1,-1
760,180,882.18,392.04,67.93,142.19,1.0000,-1,-1,-1
761,131,1055.41,136.03,64.42,124.05,1.0000,-1,-1,-1
761,135,796.96,354.85,78.11,134.37,1.0000,-1,-1,-1
761,143,532.69,421.93,93.40,142.98,1.0000,-1,-1,-1
761,152,438.65,470.68,109.09,153.87,1.0000,-1,-1,-1
761,157,705.44,335.26,116.32,118.91,1.0000,-1,-1,-1
761,160,692.90,524.42,55.51,95.44,1.0000,-1,-1,-1
761,164,459.87,293.97,71.11,160.55,1.0000,-1,-1,-1
761,174,517.04,261.56,105.59,144.79,1.0000,-1,-1,-1
761,175,964.27,277.63,79.10,161.44,1.0000,-1,-1,-1
761,177,666.14,166.20,50.27,119.58,1.0000,-1,-1,-1
761,179,738.61,105.06,60.37,140.11,1.0000,-1,-1,-1
761,180,884.40,391.07,66.20,143.90,1.0000,-1,-1,-1
762,131,1054.50,135.01,64.40,124.01,1.0000,-1,-1,-1
762,135,791.28,353.86,78.10,134.34,1.0000,-1,-1,-1
762,143,531.60,422.79,94.79,142.10,1.0000,-1,-1,-1
762,152,438.64,468.58,108.27,155.28,1.0000,-1,-1,-1
762,157,705.87,332.34,123.14,112.41,1.0000,-1,-1,-1
762,160,692.46,523.83,56.74,96.29,1.0000,-1,-1,-1
762,164,462.09,297.21,76.14,160.16,1.0000,-1,-1,-1
762,174,517.93,260.70,107.53,140.36,1.0000,-1,-1,-1
762,175,963.97,274.35,78.33,161.26,1.0000,-1,-1,-1
762,177,673.00,165.00,48.93,120.51,1.0000,-1,-1,-1
762,179,740.17,97.18,64.59,145.58,1.0000,-1,-1,-1
762,180,885.29,390.14,65.38,146.11,1.0000,-1,-1,-1
763,131,1053.59,134.00,64.38,123.97,1.0000,-1,-1,-1
763,135,785.60,352.87,78.08,134.32,1.0000,-1,-1,-1
763,143,530.80,423.87,96.21,140.91,1.0000,-1,-1,-1
763,152,443.84,466.62,103.18,156.27,1.0000,-1,-1,-1
763,157,705.08,330.55,123.39,112.63,1.0000,-1,-1,-1
763,160,692.43,523.16,57.57,97.22,1.0000,-1,-1,-1
763,164,462.50,300.70,80.84,159.64,1.0000,-1,-1,-1
763,174,519.36,260.32,108.53,141.67,1.0000,-1,-1,-1
763,175,963.48,271.73,75.88,160.76,1.0000,-1,-1,-1
763,177,676.88,164.91,51.00,120.88,1.0000,-1,-1,-1
763,179,741.78,98.73,67.46,144.61,1.0000,-1,-1,-1
763,180,885.37,388.06,67.53,150.37,1.0000,-1,-1,-1
764,131,1054.41,132.14,56.71,124.93,1.0000,-1,-1,-1
764,143,530.37,425.85,96.91,141.43,1.0000,-1,-1,-1
764,152,449.32,464.47,100.92,157.82,1.0000,-1,-1,-1
764,157,710.16,333.52,132.98,118.78,1.0000,-1,-1,-1
764,160,692.00,522.05,58.42,98.22,1.0000,-1,-1,-1
764,164,464.56,303.22,87.84,156.85,1.0000,-1,-1,-1
764,174,518.30,261.04,107.12,136.54,1.0000,-1,-1,-1
764,175,961.81,270.53,72.69,160.96,1.0000,-1,-1,-1
764,177,678.90,165.03,53.86,120.76,1.0000,-1,-1,-1
764,179,741.88,101.71,69.81,142.02,1.0000,-1,-1,-1
764,180,884.63,388.56,69.94,154.68,1.0000,-1,-1,-1
765,131,1046.13,129.90,56.52,125.37,1.0000,-1,-1,-1
765,143,530.97,427.41,96.61,142.67,1.0000,-1,-1,-1
765,152,455.09,461.37,100.86,159.97,1.0000,-1,-1,-1
765,157,714.37,330.28,133.36,120.90,1.0000,-1,-1,-1
765,160,690.94,521.32,59.33,99.05,1.0000,-1,-1,-1
765,164,468.17,307.84,99.58,153.27,1.0000,-1,-1,-1
765,174,517.81,261.62,104.62,132.80,1.0000,-1,-1,-1
765,175,955.92,268.33,68.38,159.82,1.0000,-1,-1,-1
765,177,679.76,164.42,55.60,121.49,1.0000,-1,-1,-1
765,179,740.60,91.04,72.66,147.97,1.0000,-1,-1,-1
765,180,885.75,391.65,73.86,157.08,1.0000,-1,-1,-1
766,131,1040.79,128.55,57.01,125.77,1.0000,-1,-1,-1
766,143,531.75,428.60,95.51,143.13,1.0000,-1,-1,-1
766,152,463.98,459.81,95.17,161.56,1.0000,-1,-1,-1
766,157,719.05,335.37,132.33,131.57,1.0000,-1,-1,-1
766,160,689.91,520.51,60.02,99.31,1.0000,-1,-1,-1
766,164,465.80,310.14,106.00,150.81,1.0000,-1,-1,-1
766,174,516.87,263.15,100.07,130.35,1.0000,-1,-1,-1
766,175,951.39,267.30,65.55,158.87,1.0000,-1,-1,-1
766,177,679.92,164.85,56.49,121.52,1.0000,-1,-1,-1
766,179,740.50,98.67,73.34,143.24,1.0000,-1,-1,-1
766,180,889.05,393.65,77.28,158.27,1.0000,-1,-1,-1
767,131,1038.66,128.21,56.37,126.08,1.0000,-1,-1,-1
767,143,531.11,428.54,94.87,143.93,1.0000,-1,-1,-1
767,152,467.12,458.73,92.05,163.02,1.0000,-1,-1,-1
767,157,719.78,335.10,132.69,131.93,1.0000,-1,-1,-1
767,160,688.95,520.61,60.22,99.57,1.0000,-1,-1,-1
767,164,464.30,314.26,111.91,146.25,1.0000,-1,-1,-1
767,174,518.34,264.72,94.13,129.02,1.0000,-1,-1,-1
767,175,949.14,268.30,63.80,159.06,1.0000,-1,-1,-1
767,177,681.99,165.17,55.78,121.21,1.0000,-1,-1,-1
767,179,740.97,104.08,73.02,138.46,1.0000,-1,-1,-1
767,180,891.05,394.43,80.32,159.24,1.0000,-1,-1,-1
768,131,1037.20,127.86,55.44,126.44,1.0000,-1,-1,-1
768,143,530.46,428.70,94.27,144.29,1.0000,-1,-1,-1
768,152,469.44,457.80,89.37,164.07,1.0000,-1,-1,-1
768,157,752.61,334.83,113.00,137.99,1.0000,-1,-1,-1
768,160,687.63,520.21,60.88,99.52,1.0000,-1,-1,-1
768,164,461.23,313.92,113.65,144.92,1.0000,-1,-1,-1
768,174,518.78,264.46,94.62,129.69,1.0000,-1,-1,-1
768,175,946.78,268.72,63.20,159.54,1.0000,-1,-1,-1
768,177,682.64,165.43,54.57,120.95,1.0000,-1,-1,-1
768,179,743.05,107.07,71.99,135.10,1.0000,-1,-1,-1
768,180,893.66,394.01,81.31,158.89,1.0000,-1,-1,-1
768,181,278.21,268.71,58.05,139.33,1.0000,-1,-1,-1
769,131,1035.96,128.27,54.30,126.28,1.0000,-1,-1,-1
769,143,532.33,428.81,92.29,144.47,1.0000,-1,-1,-1
769,152,470.20,457.42,88.47,165.60,1.0000,-1,-1,-1
769,157,756.13,332.55,106.53,145.26,1.0000,-1,-1,-1
769,160,686.12,520.66,61.67,99.46,1.0000,-1,-1,-1
769,164,461.08,311.70,114.44,144.76,1.0000,-1,-1,-1
769,174,519.21,264.21,95.11,130.36,1.0000,-1,-1,-1
769,175,944.89,269.41,63.20,160.76,1.0000,-1,-1,-1
769,177,683.44,165.57,53.15,121.53,1.0000,-1,-1,-1
769,179,745.24,105.76,70.58,134.49,1.0000,-1,-1,-1
769,180,897.81,393.14,80.02,158.61,1.0000,-1,-1,-1
769,181,277.73,272.26,55.92,137.22,1.0000,-1,-1,-1
770,131,1034.76,128.27,52.58,126.57,1.0000,-1,-1,-1
770,143,531.46,428.42,91.50,144.83,1.0000,-1,-1,-1
770,152,468.54,456.99,86.17,165.93,1.0000,-1,-1,-1
770,157,758.35,329.47,102.71,151.35,1.0000,-1,-1,-1
770,160,684.78,521.17,61.95,99.54,1.0000,-1,-1,-1
770,164,463.64,308.69,113.84,145.18,1.0000,-1,-1,-1
770,174,519.65,263.95,95.59,131.02,1.0000,-1,-1,-1
770,175,943.75,269.75,63.43,160.91,1.0000,-1,-1,-1
770,177,686.21,167.20,51.07,122.58,1.0000,-1,-1,-1
770,179,747.76,104.24,68.53,134.62,1.0000,-1,-1,-1
770,180,899.69,391.70,79.00,159.30,1.0000,-1,-1,-1
770,181,275.30,273.72,56.15,136.87,1.0000,-1,-1,-1
771,131,1030.33,127.78,51.95,127.23,1.0000,-1,-1,-1
771,143,532.15,429.05,91.42,144.71,1.0000,-1,-1,-1
771,152,466.32,456.06,86.53,166.42,1.0000,-1,-1,-1
771,157,764.04,327.75,97.70,155.70,1.0000,-1,-1,-1
771,160,682.19,521.69,61.69,99.25,1.0000,-1,-1,-1
771,164,478.18,294.22,110.00,151.40,1.0000,-1,-1,-1
771,174,520.09,263.70,96.07,131.67,1.0000,-1,-1,-1
771,175,940.23,269.27,66.74,162.35,1.0000,-1,-1,-1
771,177,687.86,167.22,48.48,123.76,1.0000,-1,-1,-1
771,179,752.24,104.56,65.72,134.41,1.0000,-1,-1,-1
771,180,897.90,389.56,78.68,159.34,1.0000,-1,-1,-1
771,181,270.03,272.96,56.62,138.53,1.0000,-1,-1,-1
772,131,1026.76,128.06,51.11,127.26,1.0000,-1,-1,-1
772,143,532.84,429.68,91.34,144.58,1.0000,-1,-1,-1
772,152,462.06,455.30,86.12,166.86,1.0000,-1,-1,-1
772,157,775.45,327.92,89.18,159.40,1.0000,-1,-1,-1
772,160,679.07,522.18,61.80,99.12,1.0000,-1,-1,-1
772,164,485.52,287.19,106.83,156.54,1.0000,-1,-1,-1
772,174,520.53,263.45,96.55,132.33,1.0000,-1,-1,-1
772,175,934.63,268.02,69.43,163.67,1.0000,-1,-1,-1
772,177,688.93,167.66,46.77,124.97,1.0000,-1,-1,-1
772,179,754.46,105.78,63.16,134.21,1.0000,-1,-1,-1
772,180,899.89,385.38,76.17,159.09,1.0000,-1,-1,-1
772,181,266.31,273.56,56.08,139.96,1.0000,-1,-1,-1
773,131,1023.16,126.24,49.87,128.26,1.0000,-1,-1,-1
773,143,533.54,430.31,91.26,144.46,1.0000,-1,-1,-1
773,152,458.64,456.10,87.20,166.97,1.0000,-1,-1,-1
773,157,776.72,328.29,85.75,163.86,1.0000,-1,-1,-1
773,160,675.66,522.04,61.71,99.00,1.0000,-1,-1,-1
773,164,493.65,284.33,102.97,161.06,1.0000,-1,-1,-1
773,175,928.05,267.30,73.48,164.89,1.0000,-1,-1,-1
773,177,688.09,167.64,45.32,127.45,1.0000,-1,-1,-1
773,179,754.86,109.74,61.95,133.07,1.0000,-1,-1,-1
773,180,901.33,379.18,72.69,159.86,1.0000,-1,-1,-1
773,181,261.69,274.88,55.09,139.50,1.0000,-1,-1,-1
774,131,1020.16,126.23,49.14,128.88,1.0000,-1,-1,-1
774,143,521.36,431.44,89.22,143.58,1.0000,-1,-1,-1
774,152,456.14,456.32,88.20,167.22,1.0000,-1,-1,-1
774,157,782.99,328.07,79.98,167.00,1.0000,-1,-1,-1
774,160,672.80,522.00,61.48,98.69,1.0000,-1,-1,-1
774,164,497.50,283.90,103.39,161.73,1.0000,-1,-1,-1
774,175,921.83,266.24,77.35,164.61,1.0000,-1,-1,-1
774,177,685.50,167.90,43.29,129.61,1.0000,-1,-1,-1
774,179,753.71,114.26,62.65,131.26,1.0000,-1,-1,-1
774,180,902.29,370.72,70.80,162.83,1.0000,-1,-1,-1
774,181,257.37,276.13,54.54,137.37,1.0000,-1,-1,-1
775,131,1015.64,124.47,48.90,130.42,1.0000,-1,-1,-1
775,143,519.96,432.08,87.25,143.19,1.0000,-1,-1,-1
775,152,450.40,456.38,84.12,167.34,1.0000,-1,-1,-1
775,157,786.73,326.91,74.85,170.08,1.0000,-1,-1,-1
775,160,669.11,522.05,61.55,98.49,1.0000,-1,-1,-1
775,164,501.35,283.47,103.82,162.40,1.0000,-1,-1,-1
775,175,915.86,265.21,79.55,162.31,1.0000,-1,-1,-1
775,177,682.52,168.20,42.23,131.64,1.0000,-1,-1,-1
775,179,752.74,114.38,62.72,130.11,1.0000,-1,-1,-1
775,180,903.29,371.13,71.08,162.23,1.0000,-1,-1,-1
775,181,251.86,276.59,55.37,139.88,1.0000,-1,-1,-1
776,131,1006.89,124.01,49.16,130.93,1.0000,-1,-1,-1
776,143,512.40,432.43,87.42,144.08,1.0000,-1,-1,-1
776,152,447.03,457.22,85.11,166.81,1.0000,-1,-1,-1
776,157,787.20,324.10,72.17,173.84,1.0000,-1,-1,-1
776,160,662.56,522.89,62.10,98.19,1.0000,-1,-1,-1
776,164,505.19,283.04,104.24,163.06,1.0000,-1,-1,-1
776,175,904.18,265.27,82.90,159.08,1.0000,-1,-1,-1
776,177,678.95,170.89,41.08,131.10,1.0000,-1,-1,-1
776,179,746.55,114.55,64.71,129.62,1.0000,-1,-1,-1
776,180,903.47,370.88,74.62,161.62,1.0000,-1,-1,-1
776,181,242.20,278.71,55.66,139.00,1.0000,-1,-1,-1
777,131,1001.66,124.13,49.42,131.35,1.0000,-1,-1,-1
777,143,511.22,433.09,87.33,143.92,1.0000,-1,-1,-1
777,152,441.52,457.31,84.63,166.28,1.0000,-1,-1,-1
777,157,785.49,321.81,70.77,177.29,1.0000,-1,-1,-1
777,160,657.31,523.05,62.20,97.88,1.0000,-1,-1,-1
777,164,509.44,286.66,108.37,161.88,1.0000,-1,-1,-1
777,175,895.08,267.48,85.46,159.00,1.0000,-1,-1,-1
777,177,680.11,172.02,40.82,130.27,1.0000,-1,-1,-1
777,179,741.99,117.98,66.10,128.94,1.0000,-1,-1,-1
777,180,902.79,371.68,78.42,161.83,1.0000,-1,-1,-1
777,181,234.68,280.04,55.90,138.06,1.0000,-1,-1,-1
778,131,997.08,125.45,49.09,130.61,1.0000,-1,-1,-1
778,143,510.05,433.75,87.23,143.76,1.0000,-1,-1,-1
778,152,433.50,458.30,80.16,165.68,1.0000,-1,-1,-1
778,157,783.01,319.02,69.89,181.07,1.0000,-1,-1,-1
778,160,652.30,524.88,62.52,97.52,1.0000,-1,-1,-1
778,164,496.00,283.63,118.25,162.53,1.0000,-1,-1,-1
778,175,888.57,265.79,86.00,154.01,1.0000,-1,-1,-1
778,177,681.27,173.15,40.55,129.43,1.0000,-1,-1,-1
778,179,738.17,117.82,65.76,129.37,1.0000,-1,-1,-1
778,180,900.72,372.87,83.45,161.41,1.0000,-1,-1,-1
778,181,228.17,282.63,55.55,137.29,1.0000,-1,-1,-1
779,131,992.82,124.49,49.38,131.53,1.0000,-1,-1,-1
779,143,490.15,427.64,91.32,147.83,1.0000,-1,-1,-1
779,152,430.48,459.50,79.00,164.64,1.0000,-1,-1,-1
779,157,783.14,316.02,70.88,184.14,1.0000,-1,-1,-1
779,160,650.45,525.11,62.29,97.17,1.0000,-1,-1,-1
779,164,498.91,283.19,118.75,163.22,1.0000,-1,-1,-1
779,175,880.78,267.78,85.68,149.90,1.0000,-1,-1,-1
779,177,682.43,174.28,40.29,128.58,1.0000,-1,-1,-1
779,179,730.90,116.05,66.07,129.19,1.0000,-1,-1,-1
779,180,896.75,376.07,88.07,157.96,1.0000,-1,-1,-1
779,181,223.51,284.30,55.35,136.81,1.0000,-1,-1,-1
780,131,989.67,125.11,48.84,131.73,1.0000,-1,-1,-1
780,143,482.31,426.91,93.97,150.19,1.0000,-1,-1,-1
780,152,428.80,459.42,79.09,164.82,1.0000,-1,-1,-1
780,157,784.41,316.04,70.98,184.38,1.0000,-1,-1,-1
780,160,648.60,525.35,62.07,96.81,1.0000,-1,-1,-1
780,164,487.13,283.27,121.40,163.76,1.0000,-1,-1,-1
780,175,872.83,271.33,84.92,148.68,1.0000,-1,-1,-1
780,177,683.60,175.42,40.02,127.73,1.0000,-1,-1,-1
780,179,727.95,116.28,65.65,129.85,1.0000,-1,-1,-1
780,180,891.00,378.60,91.52,153.05,1.0000,-1,-1,-1
780,181,213.32,290.88,55.48,134.43,1.0000,-1,-1,-1
781,131,984.39,128.46,47.67,131.19,1.0000,-1,-1,-1
781,143,475.83,425.61,94.26,152.48,1.0000,-1,-1,-1
781,152,427.12,459.35,79.18,165.01,1.0000,-1,-1,-1
781,157,776.23,309.19,75.80,188.78,1.0000,-1,-1,-1
781,160,646.76,525.58,61.84,96.45,1.0000,-1,-1,-1
781,164,492.68,283.93,114.09,165.23,1.0000,-1,-1,-1
781,175,859.06,273.63,84.89,147.21,1.0000,-1,-1,-1
781,177,684.76,176.56,39.75,126.87,1.0000,-1,-1,-1
781,179,722.89,121.75,64.94,127.60,1.0000,-1,-1,-1
781,180,891.68,377.75,91.87,153.63,1.0000,-1,-1,-1
781,181,208.14,292.96,55.27,133.91,1.0000,-1,-1,-1
782,131,978.98,128.80,47.73,132.48,1.0000,-1,-1,-1
782,143,471.69,424.28,92.23,155.26,1.0000,-1,-1,-1
782,152,415.42,465.16,76.23,159.86,1.0000,-1,-1,-1
782,157,776.87,308.76,75.92,189.10,1.0000,-1,-1,-1
782,160,630.64,530.73,62.36,92.09,1.0000,-1,-1,-1
782,164,496.88,284.51,106.54,165.74,1.0000,-1,-1,-1
782,175,852.94,277.18,84.05,147.33,1.0000,-1,-1,-1
782,179,719.71,118.33,64.08,129.46,1.0000,-1,-1,-1
782,180,871.15,398.98,95.95,138.27,1.0000,-1,-1,-1
782,181,202.96,295.04,55.05,133.39,1.0000,-1,-1,-1
783,131,974.22,129.43,47.96,133.29,1.0000,-1,-1,-1
783,143,468.28,424.48,92.20,155.21,1.0000,-1,-1,-1
783,152,412.80,465.38,76.29,159.99,1.0000,-1,-1,-1
783,157,777.50,308.32,76.05,189.41,1.0000,-1,-1,-1
783,160,627.69,531.21,62.11,91.72,1.0000,-1,-1,-1
783,164,498.34,286.50,101.55,166.31,1.0000,-1,-1,-1
783,175,843.79,278.31,83.32,147.58,1.0000,-1,-1,-1
783,179,716.20,121.41,62.86,128.62,1.0000,-1,-1,-1
783,180,870.17,399.51,96.18,138.60,1.0000,-1,-1,-1
783,181,197.78,297.12,54.83,132.86,1.0000,-1,-1,-1
783,182,647.08,176.81,42.16,139.66,1.0000,-1,-1,-1
784,131,971.59,130.12,47.32,133.29,1.0000,-1,-1,-1
784,143,463.41,417.26,90.07,158.81,1.0000,-1,-1,-1
784,152,410.17,465.60,76.35,160.11,1.0000,-1,-1,-1
784,157,778.13,307.88,76.17,189.73,1.0000,-1,-1,-1
784,160,624.74,531.69,61.85,91.34,1.0000,-1,-1,-1
784,164,494.98,287.38,98.04,166.58,1.0000,-1,-1,-1
784,175,837.95,278.66,83.26,147.46,1.0000,-1,-1,-1
784,179,712.20,120.01,62.98,130.38,1.0000,-1,-1,-1
784,180,869.19,400.04,96.41,138.93,1.0000,-1,-1,-1
784,181,192.60,299.20,54.61,132.34,1.0000,-1,-1,-1
784,182,644.82,175.71,44.10,141.05,1.0000,-1,-1,-1
785,131,968.16,130.33,47.45,132.97,1.0000,-1,-1,-1
785,143,459.37,418.42,87.79,159.59,1.0000,-1,-1,-1
785,152,405.39,469.13,77.54,154.88,1.0000,-1,-1,-1
785,157,778.76,307.45,76.30,190.04,1.0000,-1,-1,-1
785,160,612.45,557.93,67.59,122.92,1.0000,-1,-1,-1
785,164,491.40,286.97,95.24,167.42,1.0000,-1,-1,-1
785,175,831.41,277.75,75.91,145.16,1.0000,-1,-1,-1
785,179,708.02,121.77,62.81,130.55,1.0000,-1,-1,-1
785,180,868.21,400.57,96.64,139.26,1.0000,-1,-1,-1
785,181,187.42,301.28,54.40,131.81,1.0000,-1,-1,-1
785,182,641.86,174.08,45.87,142.91,1.0000,-1,-1,-1
786,131,963.74,128.12,47.33,134.00,1.0000,-1,-1,-1
786,143,449.31,420.99,88.36,159.49,1.0000,-1,-1,-1
786,152,396.60,471.97,75.62,151.01,1.0000,-1,-1,-1
786,157,779.39,307.01,76.43,190.35,1.0000,-1,-1,-1
786,160,602.92,556.07,69.88,140.71,1.0000,-1,-1,-1
786,164,481.65,290.56,95.80,165.83,1.0000,-1,-1,-1
786,175,825.25,278.00,75.75,144.84,1.0000,-1,-1,-1
786,179,702.45,119.52,61.83,131.21,1.0000,-1,-1,-1
786,180,844.50,408.42,93.27,133.08,1.0000,-1,-1,-1
786,182,634.90,175.64,44.38,138.97,1.0000,-1,-1,-1
787,131,960.17,126.74,47.62,134.93,1.0000,-1,-1,-1
787,143,444.84,421.70,88.37,160.33,1.0000,-1,-1,-1
787,152,393.25,472.32,75.65,151.08,1.0000,-1,-1,-1
787,160,598.81,553.30,69.93,151.84,1.0000,-1,-1,-1
787,164,475.11,292.71,95.71,164.86,1.0000,-1,-1,-1
787,175,819.08,278.25,75.58,144.52,1.0000,-1,-1,-1
787,179,698.10,118.87,62.44,131.96,1.0000,-1,-1,-1
787,180,840.32,400.04,94.71,138.89,1.0000,-1,-1,-1
787,182,631.64,175.99,42.57,133.60,1.0000,-1,-1,-1
788,131,958.12,124.76,47.86,136.15,1.0000,-1,-1,-1
788,143,442.32,422.48,88.01,161.16,1.0000,-1,-1,-1
788,152,389.90,472.67,75.68,151.14,1.0000,-1,-1,-1
788,160,594.98,550.48,71.44,160.39,1.0000,-1,-1,-1
788,164,472.00,292.79,94.88,165.13,1.0000,-1,-1,-1
788,175,812.91,278.50,75.41,144.20,1.0000,-1,-1,-1
788,179,694.19,117.53,63.09,133.39,1.0000,-1,-1,-1
788,180,837.35,400.38,94.88,139.14,1.0000,-1,-1,-1
788,182,630.59,176.63,41.93,129.92,1.0000,-1,-1,-1
789,131,957.49,123.08,47.99,137.69,1.0000,-1,-1,-1
789,143,441.30,424.24,86.67,161.09,1.0000,-1,-1,-1
789,152,386.55,473.02,75.72,151.21,1.0000,-1,-1,-1
789,160,592.19,547.82,73.05,166.53,1.0000,-1,-1,-1
789,164,470.18,301.83,94.08,159.57,1.0000,-1,-1,-1
789,175,806.74,278.75,75.24,143.87,1.0000,-1,-1,-1
789,179,691.73,115.88,63.90,135.05,1.0000,-1,-1,-1
789,180,837.78,387.39,98.88,146.72,1.0000,-1,-1,-1
789,182,630.02,177.10,42.58,129.58,1.0000,-1,-1,-1
790,131,957.27,122.42,48.05,138.00,1.0000,-1,-1,-1
790,143,440.41,423.49,86.11,162.06,1.0000,-1,-1,-1
790,152,388.08,476.51,71.85,146.34,1.0000,-1,-1,-1
790,160,592.26,545.71,74.92,170.80,1.0000,-1,-1,-1
790,164,469.20,306.35,93.60,155.52,1.0000,-1,-1,-1
790,175,803.86,273.89,72.41,130.55,1.0000,-1,-1,-1
790,179,690.72,113.94,64.96,136.17,1.0000,-1,-1,-1
790,180,837.25,382.07,93.22,149.85,1.0000,-1,-1,-1
790,182,629.95,176.16,45.66,133.83,1.0000,-1,-1,-1
791,131,958.74,120.83,48.25,138.52,1.0000,-1,-1,-1
791,143,439.81,419.85,88.14,163.34,1.0000,-1,-1,-1
791,152,389.58,479.78,72.27,143.24,1.0000,-1,-1,-1
791,160,588.88,548.63,75.03,171.06,1.0000,-1,-1,-1
791,164,470.01,305.53,93.05,154.49,1.0000,-1,-1,-1
791,175,797.90,273.36,72.11,130.02,1.0000,-1,-1,-1
791,179,692.50,115.07,65.75,134.62,1.0000,-1,-1,-1
791,180,852.28,373.00,88.19,150.47,1.0000,-1,-1,-1
791,182,633.59,175.18,50.72,136.92,1.0000,-1,-1,-1
792,131,960.25,119.08,48.42,139.12,1.0000,-1,-1,-1
792,143,442.02,417.89,90.24,163.45,1.0000,-1,-1,-1
792,152,386.89,480.34,72.26,143.23,1.0000,-1,-1,-1
792,160,597.30,542.75,84.37,175.70,1.0000,-1,-1,-1
792,164,470.93,305.05,92.27,153.46,1.0000,-1,-1,-1
792,175,791.95,272.84,71.81,129.48,1.0000,-1,-1,-1
792,179,692.76,116.80,67.70,132.45,1.0000,-1,-1,-1
792,180,861.69,366.49,86.51,150.17,1.0000,-1,-1,-1
792,182,635.00,173.25,53.47,139.06,1.0000,-1,-1,-1
793,131,961.50,117.93,48.94,139.93,1.0000,-1,-1,-1
793,143,444.58,416.25,90.83,163.21,1.0000,-1,-1,-1
793,152,393.27,481.72,74.67,140.34,1.0000,-1,-1,-1
793,160,599.16,541.35,93.85,178.36,1.0000,-1,-1,-1
793,164,471.50,299.46,91.78,155.59,1.0000,-1,-1,-1
793,175,785.99,272.32,71.51,128.94,1.0000,-1,-1,-1
793,179,693.15,116.42,70.20,131.59,1.0000,-1,-1,-1
793,180,865.15,362.12,83.54,150.10,1.0000,-1,-1,-1
793,182,635.65,173.93,55.29,139.27,1.0000,-1,-1,-1
793,183,760.33,348.93,124.94,139.87,1.0000,-1,-1,-1
794,131,962.03,117.25,49.38,140.54,1.0000,-1,-1,-1
794,143,446.04,416.25,91.50,161.97,1.0000,-1,-1,-1
794,152,391.47,482.22,74.67,140.34,1.0000,-1,-1,-1
794,160,599.43,540.38,102.42,179.00,1.0000,-1,-1,-1
794,164,473.15,299.02,91.96,155.91,1.0000,-1,-1,-1
794,175,780.04,271.79,71.21,128.39,1.0000,-1,-1,-1
794,179,693.73,113.06,72.62,132.64,1.0000,-1,-1,-1
794,180,868.49,359.04,79.27,151.09,1.0000,-1,-1,-1
794,182,635.77,173.64,57.27,140.11,1.0000,-1,-1,-1
794,183,769.02,348.77,119.69,135.13,1.0000,-1,-1,-1
795,131,962.69,116.10,50.24,141.55,1.0000,-1,-1,-1
795,143,448.12,416.08,91.11,160.25,1.0000,-1,-1,-1
795,152,389.67,482.72,74.66,140.33,1.0000,-1,-1,-1
795,160,599.31,540.28,110.62,178.76,1.0000,-1,-1,-1
795,164,475.47,298.88,94.57,156.41,1.0000,-1,-1,-1
795,175,774.08,271.27,70.91,127.85,1.0000,-1,-1,-1
795,179,694.47,103.35,75.33,138.45,1.0000,-1,-1,-1
795,180,871.15,356.71,74.92,153.28,1.0000,-1,-1,-1
795,182,635.20,174.49,58.47,139.62,1.0000,-1,-1,-1
795,183,777.66,345.98,116.50,135.10,1.0000,-1,-1,-1
795,185,749.69,284.79,67.79,149.80,1.0000,-1,-1,-1
796,131,964.56,118.60,50.91,141.08,1.0000,-1,-1,-1
796,143,450.79,416.68,90.05,158.42,1.0000,-1,-1,-1
796,152,407.93,487.88,87.14,133.42,1.0000,-1,-1,-1
796,160,602.70,540.97,112.76,177.79,1.0000,-1,-1,-1
796,164,477.98,298.86,94.72,156.71,1.0000,-1,-1,-1
796,179,696.20,105.87,79.95,138.30,1.0000,-1,-1,-1
796,180,876.49,350.59,69.05,156.56,1.0000,-1,-1,-1
796,182,631.05,175.87,61.10,139.24,1.0000,-1,-1,-1
796,183,779.81,345.52,114.89,135.22,1.0000,-1,-1,-1
796,185,753.88,279.77,67.06,146.97,1.0000,-1,-1,-1
797,131,965.95,120.20,51.17,140.28,1.0000,-1,-1,-1
797,143,452.72,417.55,88.52,156.96,1.0000,-1,-1,-1
797,152,412.02,491.45,91.53,129.70,1.0000,-1,-1,-1
797,160,609.47,541.63,111.99,177.04,1.0000,-1,-1,-1
797,164,479.89,298.81,95.44,156.20,1.0000,-1,-1,-1
797,179,699.13,110.53,83.00,135.02,1.0000,-1,-1,-1
797,180,876.84,348.42,68.95,156.33,1.0000,-1,-1,-1
797,182,626.74,177.58,64.17,138.43,1.0000,-1,-1,-1
797,183,781.59,346.38,113.81,134.74,1.0000,-1,-1,-1
797,185,754.98,276.37,67.26,143.22,1.0000,-1,-1,-1
798,131,967.25,121.19,51.20,140.03,1.0000,-1,-1,-1
798,143,451.75,417.26,88.49,156.89,1.0000,-1,-1,-1
798,152,412.88,492.10,91.58,129.77,1.0000,-1,-1,-1
798,160,617.93,542.89,107.01,176.91,1.0000,-1,-1,-1
798,164,480.71,298.82,95.98,156.29,1.0000,-1,-1,-1
798,179,701.06,118.06,86.33,129.84,1.0000,-1,-1,-1
798,180,883.84,340.52,65.68,156.50,1.0000,-1,-1,-1
798,182,621.43,178.67,68.30,137.89,1.0000,-1,-1,-1
798,183,782.81,351.41,113.04,132.30,1.0000,-1,-1,-1
798,185,752.63,273.49,67.69,133.60,1.0000,-1,-1,-1
799,131,968.27,121.16,51.40,140.17,1.0000,-1,-1,-1
799,143,450.79,416.97,88.45,156.82,1.0000,-1,-1,-1
799,152,413.74,492.76,91.64,129.85,1.0000,-1,-1,-1
799,160,625.79,543.47,102.58,176.90,1.0000,-1,-1,-1
799,164,480.86,298.81,96.24,156.71,1.0000,-1,-1,-1
799,179,699.87,120.76,89.37,128.16,1.0000,-1,-1,-1
799,180,884.65,337.92,65.54,156.17,1.0000,-1,-1,-1
799,182,616.13,178.65,72.83,138.12,1.0000,-1,-1,-1
799,183,776.76,317.21,108.54,145.55,1.0000,-1,-1,-1
799,185,751.43,273.29,69.39,127.68,1.0000,-1,-1,-1
800,131,969.41,121.13,51.56,140.64,1.0000,-1,-1,-1
800,143,449.82,416.69,88.41,156.75,1.0000,-1,-1,-1
800,152,440.67,498.76,102.81,125.36,1.0000,-1,-1,-1
800,160,636.44,543.88,92.88,176.61,1.0000,-1,-1,-1
800,164,481.61,300.21,96.49,157.07,1.0000,-1,-1,-1
800,179,700.19,122.16,91.18,127.47,1.0000,-1,-1,-1
800,180,892.63,329.53,68.66,152.68,1.0000,-1,-1,-1
800,182,612.62,178.17,76.69,138.80,1.0000,-1,-1,-1
800,183,778.72,300.48,101.45,153.72,1.0000,-1,-1,-1
800,185,748.92,277.18,71.53,131.68,1.0000,-1,-1,-1
801,131,971.98,120.30,51.45,141.90,1.0000,-1,-1,-1
801,143,448.85,416.40,88.37,156.68,1.0000,-1,-1,-1
801,152,444.13,499.64,102.91,125.48,1.0000,-1,-1,-1
801,160,642.10,545.45,86.27,175.50,1.0000,-1,-1,-1
801,164,482.66,301.16,96.81,156.19,1.0000,-1,-1,-1
801,179,702.89,121.30,94.78,128.27,1.0000,-1,-1,-1
801,180,897.85,324.46,72.06,152.76,1.0000,-1,-1,-1
801,182,610.61,181.35,79.71,136.95,1.0000,-1,-1,-1
801,183,780.57,294.63,102.06,154.65,1.0000,-1,-1,-1
801,185,749.07,274.63,71.13,130.94,1.0000,-1,-1,-1
802,131,973.92,118.87,51.36,143.81,1.0000,-1,-1,-1
802,143,470.43,430.44,99.58,177.72,1.0000,-1,-1,-1
802,152,447.60,500.53,103.01,125.60,1.0000,-1,-1,-1
802,160,641.10,545.98,85.94,175.24,1.0000,-1,-1,-1
802,164,481.34,303.12,97.21,156.66,1.0000,-1,-1,-1
802,179,709.24,123.22,95.07,127.48,1.0000,-1,-1,-1
802,180,900.20,317.47,73.45,148.61,1.0000,-1,-1,-1
802,182,609.62,183.71,82.03,135.01,1.0000,-1,-1,-1
802,183,782.43,288.77,102.68,155.59,1.0000,-1,-1,-1
802,185,749.22,272.08,70.73,130.20,1.0000,-1,-1,-1
803,131,976.42,119.68,51.81,144.05,1.0000,-1,-1,-1
803,143,472.30,428.49,103.37,186.36,1.0000,-1,-1,-1
803,152,451.07,501.42,103.11,125.72,1.0000,-1,-1,-1
803,160,647.43,547.02,82.25,174.56,1.0000,-1,-1,-1
803,164,482.80,304.29,96.72,156.34,1.0000,-1,-1,-1
803,179,717.40,125.13,95.00,126.87,1.0000,-1,-1,-1
803,180,901.22,317.38,74.62,152.77,1.0000,-1,-1,-1
803,182,608.93,184.12,83.87,134.55,1.0000,-1,-1,-1
803,183,784.28,282.92,103.29,156.51,1.0000,-1,-1,-1
803,185,749.37,269.53,70.33,129.46,1.0000,-1,-1,-1
804,131,978.77,120.74,51.98,144.23,1.0000,-1,-1,-1
804,143,473.64,430.04,103.48,186.55,1.0000,-1,-1,-1
804,152,454.54,502.31,103.20,125.84,1.0000,-1,-1,-1
804,160,656.64,549.16,77.47,173.14,1.0000,-1,-1,-1
804,164,483.04,304.64,96.97,156.75,1.0000,-1,-1,-1
804,179,719.10,125.46,95.41,127.43,1.0000,-1,-1,-1
804,180,902.22,315.87,75.35,156.71,1.0000,-1,-1,-1
804,182,608.41,184.47,84.96,134.43,1.0000,-1,-1,-1
804,183,786.14,277.08,103.90,157.43,1.0000,-1,-1,-1
804,185,749.52,266.98,69.92,128.71,1.0000,-1,-1,-1
805,131,981.11,121.54,51.72,144.25,1.0000,-1,-1,-1
805,143,474.97,431.59,103.59,186.75,1.0000,-1,-1,-1
805,152,458.00,503.19,103.30,125.96,1.0000,-1,-1,-1
805,160,665.81,550.30,73.10,171.98,1.0000,-1,-1,-1
805,164,483.27,304.99,97.22,157.15,1.0000,-1,-1,-1
805,179,734.43,123.51,89.51,127.82,1.0000,-1,-1,-1
805,180,905.86,313.43,76.15,159.26,1.0000,-1,-1,-1
805,182,608.09,185.21,86.01,134.47,1.0000,-1,-1,-1
805,183,788.00,271.23,104.50,158.35,1.0000,-1,-1,-1
805,185,749.67,264.44,69.51,127.96,1.0000,-1,-1,-1
806,131,985.34,125.97,51.65,143.73,1.0000,-1,-1,-1
806,143,476.30,433.14,103.70,186.95,1.0000,-1,-1,-1
806,160,679.86,552.59,67.55,170.22,1.0000,-1,-1,-1
806,164,483.51,305.35,97.47,157.55,1.0000,-1,-1,-1
806,179,755.08,111.96,81.51,133.86,1.0000,-1,-1,-1
806,180,911.91,307.19,77.96,152.27,1.0000,-1,-1,-1
806,182,609.26,184.64,86.86,135.90,1.0000,-1,-1,-1
807,131,988.50,128.57,51.21,143.12,1.0000,-1,-1,-1
807,143,477.64,434.69,103.81,187.15,1.0000,-1,-1,-1
807,160,683.44,553.69,67.59,170.32,1.0000,-1,-1,-1
807,164,483.75,305.70,97.71,157.95,1.0000,-1,-1,-1
807,179,758.99,111.35,81.78,134.31,1.0000,-1,-1,-1
807,180,916.02,306.16,79.57,147.93,1.0000,-1,-1,-1
807,182,611.24,190.74,87.66,133.64,1.0000,-1,-1,-1
808,131,990.88,127.52,51.64,144.40,1.0000,-1,-1,-1
808,143,476.03,429.89,109.30,174.35,1.0000,-1,-1,-1
808,160,695.02,557.28,63.29,166.74,1.0000,-1,-1,-1
808,164,483.98,306.05,97.96,158.35,1.0000,-1,-1,-1
808,179,762.90,110.74,82.05,134.75,1.0000,-1,-1,-1
808,180,916.04,306.25,81.91,145.28,1.0000,-1,-1,-1
808,182,613.63,195.17,89.90,131.40,1.0000,-1,-1,-1
809,131,993.54,128.39,51.75,145.36,1.0000,-1,-1,-1
809,143,477.34,430.48,109.40,174.51,1.0000,-1,-1,-1
809,160,699.12,558.48,63.29,166.75,1.0000,-1,-1,-1
809,179,787.00,123.67,70.11,134.49,1.0000,-1,-1,-1
809,180,913.88,305.79,85.82,144.68,1.0000,-1,-1,-1
809,182,616.02,199.90,94.14,129.75,1.0000,-1,-1,-1
810,131,995.75,130.40,52.40,146.47,1.0000,-1,-1,-1
810,143,480.17,437.20,112.28,167.26,1.0000,-1,-1,-1
810,160,703.23,559.68,63.30,166.77,1.0000,-1,-1,-1
810,179,800.46,126.89,64.58,135.41,1.0000,-1,-1,-1
810,180,911.64,303.54,89.96,144.20,1.0000,-1,-1,-1
810,182,616.59,204.12,96.95,127.37,1.0000,-1,-1,-1
811,131,998.96,133.79,53.47,146.58,1.0000,-1,-1,-1
811,143,488.37,440.59,115.92,164.24,1.0000,-1,-1,-1
811,160,707.34,560.88,63.31,166.78,1.0000,-1,-1,-1
811,179,819.35,132.51,65.02,135.79,1.0000,-1,-1,-1
811,180,904.06,301.67,96.66,145.57,1.0000,-1,-1,-1
811,182,617.71,208.48,98.65,125.92,1.0000,-1,-1,-1
811,187,729.38,266.19,64.02,143.16,1.0000,-1,-1,-1
812,131,1002.77,135.98,53.49,147.11,1.0000,-1,-1,-1
812,143,497.82,441.13,114.71,163.82,1.0000,-1,-1,-1
812,160,711.45,562.08,63.31,166.80,1.0000,-1,-1,-1
812,179,831.59,138.99,69.09,134.28,1.0000,-1,-1,-1
812,180,896.49,299.12,102.80,147.15,1.0000,-1,-1,-1
812,182,620.95,210.41,99.91,125.24,1.0000,-1,-1,-1
812,187,727.45,265.70,63.74,142.18,1.0000,-1,-1,-1
813,131,1006.75,134.81,53.78,149.17,1.0000,-1,-1,-1
813,143,510.33,441.07,110.10,164.52,1.0000,-1,-1,-1
813,160,715.56,563.28,63.32,166.81,1.0000,-1,-1,-1
813,179,841.56,143.18,75.05,134.23,1.0000,-1,-1,-1
813,180,890.51,294.93,106.96,143.71,1.0000,-1,-1,-1
813,182,626.47,211.52,101.83,125.62,1.0000,-1,-1,-1
813,187,726.44,265.50,64.40,141.71,1.0000,-1,-1,-1
814,131,1010.11,136.26,54.36,150.81,1.0000,-1,-1,-1
814,143,522.45,441.45,103.51,166.04,1.0000,-1,-1,-1
814,179,847.98,145.88,81.38,135.55,1.0000,-1,-1,-1
814,180,884.07,291.13,109.77,140.25,1.0000,-1,-1,-1
814,182,633.14,209.79,102.14,126.16,1.0000,-1,-1,-1
814,187,720.52,265.45,67.87,141.44,1.0000,-1,-1,-1
814,188,487.47,322.91,71.23,221.22,1.0000,-1,-1,-1
815,131,1014.52,137.14,54.18,151.38,1.0000,-1,-1,-1
815,143,537.55,441.84,96.03,167.68,1.0000,-1,-1,-1
815,179,851.29,151.76,88.79,134.33,1.0000,-1,-1,-1
815,180,878.19,299.51,110.14,149.42,1.0000,-1,-1,-1
815,182,643.91,209.99,101.26,127.30,1.0000,-1,-1,-1
815,187,721.16,266.06,71.45,140.10,1.0000,-1,-1,-1
815,188,489.17,322.29,70.01,226.14,1.0000,-1,-1,-1
816,131,1021.59,139.51,54.73,152.69,1.0000,-1,-1,-1
816,143,560.28,443.53,86.99,169.58,1.0000,-1,-1,-1
816,179,857.76,159.36,96.81,134.45,1.0000,-1,-1,-1
816,180,866.94,295.95,116.94,157.01,1.0000,-1,-1,-1
816,182,646.24,210.73,102.16,128.43,1.0000,-1,-1,-1
816,187,714.88,267.14,76.44,137.34,1.0000,-1,-1,-1
816,188,492.32,323.96,74.31,235.50,1.0000,-1,-1,-1
817,131,1026.98,143.08,55.60,153.03,1.0000,-1,-1,-1
817,143,577.18,444.82,79.87,170.02,1.0000,-1,-1,-1
817,179,866.76,164.84,101.46,134.64,1.0000,-1,-1,-1
817,180,859.85,291.43,121.24,161.10,1.0000,-1,-1,-1
817,182,648.57,211.47,103.05,129.55,1.0000,-1,-1,-1
817,187,712.66,266.11,77.34,138.95,1.0000,-1,-1,-1
817,188,493.65,324.54,76.96,243.98,1.0000,-1,-1,-1
818,131,1032.14,146.85,56.02,153.18,1.0000,-1,-1,-1
818,143,583.82,445.98,79.82,169.90,1.0000,-1,-1,-1
818,179,878.74,166.39,101.41,135.91,1.0000,-1,-1,-1
818,180,847.59,284.34,111.45,163.06,1.0000,-1,-1,-1
818,182,650.91,212.23,103.94,130.66,1.0000,-1,-1,-1
818,187,700.93,269.72,87.54,137.31,1.0000,-1,-1,-1
818,188,493.62,328.27,77.59,246.46,1.0000,-1,-1,-1
819,131,1038.43,148.79,56.38,153.88,1.0000,-1,-1,-1
819,143,598.47,449.29,74.12,166.38,1.0000,-1,-1,-1
819,179,887.41,169.16,101.82,136.46,1.0000,-1,-1,-1
819,180,844.00,281.99,103.17,165.35,1.0000,-1,-1,-1
819,182,653.25,212.98,104.81,131.76,1.0000,-1,-1,-1
819,187,697.76,268.81,88.96,139.53,1.0000,-1,-1,-1
819,188,493.86,338.68,76.50,242.75,1.0000,-1,-1,-1
820,131,1046.05,151.38,55.84,154.26,1.0000,-1,-1,-1
820,143,608.55,454.45,70.98,163.03,1.0000,-1,-1,-1
820,179,905.20,176.60,94.00,134.16,1.0000,-1,-1,-1
820,180,848.16,280.37,97.10,166.38,1.0000,-1,-1,-1
820,182,655.60,213.74,105.68,132.86,1.0000,-1,-1,-1
820,187,694.53,239.25,96.41,162.02,1.0000,-1,-1,-1
820,188,495.06,366.32,74.92,225.38,1.0000,-1,-1,-1
821,131,1056.00,155.73,56.78,155.79,1.0000,-1,-1,-1
821,143,620.42,463.69,76.31,152.58,1.0000,-1,-1,-1
821,179,929.99,187.16,84.51,131.56,1.0000,-1,-1,-1
821,180,842.70,283.34,98.79,169.12,1.0000,-1,-1,-1
821,187,691.34,235.40,98.57,165.65,1.0000,-1,-1,-1
821,188,495.67,352.68,75.55,235.38,1.0000,-1,-1,-1
822,131,1063.06,159.18,57.44,156.72,1.0000,-1,-1,-1
822,143,635.77,471.00,74.94,146.65,1.0000,-1,-1,-1
822,179,950.12,194.60,76.56,130.55,1.0000,-1,-1,-1
822,180,845.18,285.50,100.60,171.95,1.0000,-1,-1,-1
822,187,695.32,269.27,85.69,151.88,1.0000,-1,-1,-1
822,188,497.18,357.22,75.93,236.58,1.0000,-1,-1,-1
823,131,1070.57,162.56,57.75,157.81,1.0000,-1,-1,-1
823,143,650.25,476.98,74.57,142.58,1.0000,-1,-1,-1
823,179,966.33,202.37,70.47,132.08,1.0000,-1,-1,-1
823,180,840.93,285.82,104.25,174.17,1.0000,-1,-1,-1
823,187,696.64,279.49,79.46,146.40,1.0000,-1,-1,-1
823,188,492.65,343.82,87.31,254.71,1.0000,-1,-1,-1
824,131,1077.51,165.54,57.99,158.32,1.0000,-1,-1,-1
824,143,660.94,480.52,73.69,139.42,1.0000,-1,-1,-1
824,179,973.98,208.38,70.02,136.46,1.0000,-1,-1,-1
824,180,838.74,308.51,110.65,162.58,1.0000,-1,-1,-1
824,187,694.21,280.68,80.09,147.57,1.0000,-1,-1,-1
824,188,486.01,339.50,98.69,272.05,1.0000,-1,-1,-1
824,191,149.56,336.67,67.06,180.43,1.0000,-1,-1,-1
825,131,1082.83,166.16,58.72,160.79,1.0000,-1,-1,-1
825,143,670.40,481.62,71.90,136.46,1.0000,-1,-1,-1
825,179,988.23,216.16,68.03,140.07,1.0000,-1,-1,-1
825,180,832.99,319.23,118.27,154.64,1.0000,-1,-1,-1
825,187,695.08,285.68,73.87,144.16,1.0000,-1,-1,-1
825,188,479.13,336.60,110.15,280.83,1.0000,-1,-1,-1
825,191,152.63,340.58,67.20,179.90,1.0000,-1,-1,-1
826,131,1092.31,170.54,58.88,162.12,1.0000,-1,-1,-1
826,143,680.91,482.29,72.45,135.93,1.0000,-1,-1,-1
826,179,1007.16,226.72,69.71,143.88,1.0000,-1,-1,-1
826,180,828.65,321.69,126.40,153.85,1.0000,-1,-1,-1
826,187,692.81,287.30,74.17,144.74,1.0000,-1,-1,-1
826,188,479.16,337.72,112.28,286.25,1.0000,-1,-1,-1
826,191,155.46,345.79,67.15,180.12,1.0000,-1,-1,-1
827,131,1098.97,172.73,59.47,164.02,1.0000,-1,-1,-1
827,143,690.23,484.15,72.26,135.56,1.0000,-1,-1,-1
827,179,1021.27,234.00,68.54,144.71,1.0000,-1,-1,-1
827,180,825.17,325.75,132.25,151.87,1.0000,-1,-1,-1
827,187,690.54,288.93,74.47,145.32,1.0000,-1,-1,-1
827,188,456.69,391.70,114.98,246.64,1.0000,-1,-1,-1
827,190,728.42,312.65,90.96,181.82,1.0000,-1,-1,-1
827,191,156.65,348.38,67.43,182.15,1.0000,-1,-1,-1
828,131,1105.76,177.09,59.48,164.70,1.0000,-1,-1,-1
828,143,686.75,482.06,74.75,136.11,1.0000,-1,-1,-1
828,179,1033.54,240.52,66.31,144.17,1.0000,-1,-1,-1
828,180,821.99,335.30,135.88,146.37,1.0000,-1,-1,-1
828,187,688.26,290.56,74.76,145.91,1.0000,-1,-1,-1
828,188,447.93,407.93,117.01,230.27,1.0000,-1,-1,-1
828,190,718.33,314.70,90.44,181.36,1.0000,-1,-1,-1
828,191,156.70,350.79,68.34,183.76,1.0000,-1,-1,-1
829,131,1111.85,180.34,58.91,165.19,1.0000,-1,-1,-1
829,143,690.73,478.40,75.50,138.34,1.0000,-1,-1,-1
829,179,1042.27,245.82,65.27,143.36,1.0000,-1,-1,-1
829,180,818.20,335.91,136.69,143.66,1.0000,-1,-1,-1
829,187,685.99,292.19,75.06,146.48,1.0000,-1,-1,-1
829,188,445.46,416.42,115.58,220.16,1.0000,-1,-1,-1
829,190,710.80,316.09,81.75,173.56,1.0000,-1,-1,-1
829,191,157.01,354.29,69.49,185.52,1.0000,-1,-1,-1
829,192,518.76,350.50,89.51,181.16,1.0000,-1,-1,-1
830,131,1116.68,180.50,58.90,166.84,1.0000,-1,-1,-1
830,143,698.94,475.96,74.85,139.24,1.0000,-1,-1,-1
830,179,1053.27,249.59,66.67,142.76,1.0000,-1,-1,-1
830,180,810.85,332.24,136.15,143.46,1.0000,-1,-1,-1
830,187,683.72,293.82,75.36,147.06,1.0000,-1,-1,-1
830,188,444.68,421.62,113.85,213.50,1.0000,-1,-1,-1
830,190,704.84,318.25,80.37,170.63,1.0000,-1,-1,-1
830,191,158.37,357.03,69.96,185.99,1.0000,-1,-1,-1
830,192,524.00,347.33,110.44,194.63,1.0000,-1,-1,-1
831,131,1124.70,184.84,58.20,168.40,1.0000,-1,-1,-1
831,143,707.87,473.91,72.97,139.51,1.0000,-1,-1,-1
831,179,1064.73,255.26,66.75,142.94,1.0000,-1,-1,-1
831,180,798.52,305.55,131.99,155.98,1.0000,-1,-1,-1
831,188,446.54,426.33,110.95,207.53,1.0000,-1,-1,-1
831,190,688.37,330.91,72.86,169.13,1.0000,-1,-1,-1
831,191,159.48,358.74,72.09,189.13,1.0000,-1,-1,-1
831,192,522.78,356.46,100.93,187.26,1.0000,-1,-1,-1
832,131,1129.83,187.54,57.73,169.14,1.0000,-1,-1,-1
832,143,710.93,473.59,71.26,141.49,1.0000,-1,-1,-1
832,179,1076.19,260.94,66.84,143.12,1.0000,-1,-1,-1
832,180,790.12,289.86,125.44,167.92,1.0000,-1,-1,-1
832,188,448.20,430.02,108.75,202.75,1.0000,-1,-1,-1
832,190,674.20,331.43,74.04,173.97,1.0000,-1,-1,-1
832,191,160.97,361.64,72.90,189.98,1.0000,-1,-1,-1
832,192,523.96,360.30,95.74,184.88,1.0000,-1,-1,-1
833,131,1133.66,188.93,57.57,169.86,1.0000,-1,-1,-1
833,143,713.68,473.18,70.30,142.50,1.0000,-1,-1,-1
833,179,1087.65,266.62,66.92,143.30,1.0000,-1,-1,-1
833,180,783.25,278.46,117.70,179.73,1.0000,-1,-1,-1
833,188,449.29,432.61,106.53,199.57,1.0000,-1,-1,-1
833,190,656.79,329.50,81.68,178.81,1.0000,-1,-1,-1
833,191,163.10,363.00,73.20,191.28,1.0000,-1,-1,-1
833,192,524.45,361.84,92.68,184.69,1.0000,-1,-1,-1
833,194,879.55,274.65,72.75,147.73,1.0000,-1,-1,-1
834,131,1137.83,190.48,57.56,170.49,1.0000,-1,-1,-1
834,143,718.12,473.04,69.67,143.54,1.0000,-1,-1,-1
834,179,1086.42,276.74,69.55,155.03,1.0000,-1,-1,-1
834,180,778.61,273.73,109.94,187.96,1.0000,-1,-1,-1
834,188,449.71,433.24,103.49,197.10,1.0000,-1,-1,-1
834,190,640.17,324.46,92.46,185.19,1.0000,-1,-1,-1
834,191,164.85,364.16,72.62,191.68,1.0000,-1,-1,-1
834,192,524.87,361.51,91.51,185.73,1.0000,-1,-1,-1
834,194,879.35,273.71,85.85,159.15,1.0000,-1,-1,-1
835,131,1141.32,190.21,57.89,170.59,1.0000,-1,-1,-1
835,143,723.41,472.99,69.24,143.70,1.0000,-1,-1,-1
835,179,1092.26,279.59,69.05,160.20,1.0000,-1,-1,-1
835,180,775.73,269.12,102.97,194.62,1.0000,-1,-1,-1
835,188,448.07,433.63,99.10,195.35,1.0000,-1,-1,-1
835,190,627.49,318.11,102.99,191.72,1.0000,-1,-1,-1
835,191,167.48,363.04,72.82,192.74,1.0000,-1,-1,-1
835,192,523.85,359.40,91.86,188.05,1.0000,-1,-1,-1
835,194,884.13,273.62,98.87,163.93,1.0000,-1,-1,-1
836,131,1146.79,188.65,57.95,170.05,1.0000,-1,-1,-1
836,143,725.00,471.53,73.10,145.43,1.0000,-1,-1,-1
836,179,1102.35,285.91,69.20,160.53,1.0000,-1,-1,-1
836,180,770.19,258.34,98.90,202.28,1.0000,-1,-1,-1
836,188,446.79,432.90,99.24,193.85,1.0000,-1,-1,-1
836,190,622.84,311.44,105.98,195.34,1.0000,-1,-1,-1
836,191,171.07,358.65,72.69,193.62,1.0000,-1,-1,-1
836,192,527.04,354.63,89.14,186.05,1.0000,-1,-1,-1
836,194,899.37,272.86,108.60,165.61,1.0000,-1,-1,-1
837,131,1151.20,183.53,58.18,171.55,1.0000,-1,-1,-1
837,143,721.77,466.27,78.14,147.37,1.0000,-1,-1,-1
837,179,1108.36,279.09,67.87,165.45,1.0000,-1,-1,-1
837,180,767.37,260.97,96.26,202.21,1.0000,-1,-1,-1
837,188,446.21,430.88,101.52,193.39,1.0000,-1,-1,-1
837,190,618.09,304.03,104.49,196.79,1.0000,-1,-1,-1
837,191,173.58,354.70,73.37,194.31,1.0000,-1,-1,-1
837,192,528.84,350.33,84.84,182.18,1.0000,-1,-1,-1
837,194,907.83,273.61,110.81,161.85,1.0000,-1,-1,-1
838,131,1154.15,180.33,58.72,171.73,1.0000,-1,-1,-1
838,143,718.83,460.31,84.79,148.62,1.0000,-1,-1,-1
838,179,1113.42,276.55,68.80,167.75,1.0000,-1,-1,-1
838,180,762.22,256.47,91.63,203.91,1.0000,-1,-1,-1
838,188,447.00,428.26,105.90,193.47,1.0000,-1,-1,-1
838,190,611.78,299.86,101.41,197.15,1.0000,-1,-1,-1
838,191,177.92,347.50,71.92,195.75,1.0000,-1,-1,-1
838,192,533.07,346.70,83.41,179.62,1.0000,-1,-1,-1
838,194,921.28,271.69,112.98,158.20,1.0000,-1,-1,-1
839,131,1157.51,175.49,58.81,172.73,1.0000,-1,-1,-1
839,143,717.39,455.95,91.27,153.09,1.0000,-1,-1,-1
839,179,1116.71,273.24,69.60,169.03,1.0000,-1,-1,-1
839,180,754.79,249.93,91.23,206.88,1.0000,-1,-1,-1
839,188,447.44,425.98,110.22,195.00,1.0000,-1,-1,-1
839,190,609.89,295.97,96.45,194.64,1.0000,-1,-1,-1
839,191,182.38,340.16,69.87,197.75,1.0000,-1,-1,-1
839,192,538.80,343.28,87.38,179.03,1.0000,-1,-1,-1
839,194,933.66,271.30,110.74,153.91,1.0000,-1,-1,-1
839,196,1059.24,539.12,72.62,179.51,1.0000,-1,-1,-1
840,131,1160.33,172.36,59.59,173.18,1.0000,-1,-1,-1
840,143,717.99,452.08,95.91,158.11,1.0000,-1,-1,-1
840,179,1119.32,270.21,69.46,168.99,1.0000,-1,-1,-1
840,180,748.93,247.50,91.44,207.37,1.0000,-1,-1,-1
840,188,445.02,423.52,113.66,197.08,1.0000,-1,-1,-1
840,190,609.42,292.61,89.29,192.38,1.0000,-1,-1,-1
840,191,185.87,336.97,68.07,197.84,1.0000,-1,-1,-1
840,192,536.46,342.08,83.25,176.75,1.0000,-1,-1,-1
840,194,949.93,271.11,104.96,152.18,1.0000,-1,-1,-1
840,196,1068.18,535.79,75.65,183.91,1.0000,-1,-1,-1
840,197,962.58,668.82,74.46,52.20,1.0000,-1,-1,-1
841,131,1166.02,167.32,60.31,172.88,1.0000,-1,-1,-1
841,143,721.03,438.84,99.95,164.07,1.0000,-1,-1,-1
841,179,1123.13,265.18,69.94,171.10,1.0000,-1,-1,-1
841,180,770.24,218.27,81.65,202.18,1.0000,-1,-1,-1
841,188,444.11,419.95,112.39,200.27,1.0000,-1,-1,-1
841,190,604.39,291.56,86.73,192.10,1.0000,-1,-1,-1
841,191,195.81,331.58,66.47,198.20,1.0000,-1,-1,-1
841,192,536.54,337.00,82.86,175.74,1.0000,-1,-1,-1
841,194,967.81,269.48,95.83,152.88,1.0000,-1,-1,-1
841,196,1090.23,528.62,86.58,192.16,1.0000,-1,-1,-1
841,197,968.48,671.93,72.44,50.78,1.0000,-1,-1,-1
842,131,1170.23,164.40,60.34,171.76,1.0000,-1,-1,-1
842,143,722.52,427.95,103.35,170.09,1.0000,-1,-1,-1
842,179,1122.99,263.44,72.25,175.03,1.0000,-1,-1,-1
842,180,771.45,211.62,78.38,199.77,1.0000,-1,-1,-1
842,188,447.31,415.05,112.86,203.51,1.0000,-1,-1,-1
842,190,603.19,289.37,84.54,192.24,1.0000,-1,-1,-1
842,191,202.35,327.70,65.95,198.02,1.0000,-1,-1,-1
842,192,539.60,332.67,83.30,175.45,1.0000,-1,-1,-1
842,194,977.65,269.44,88.53,154.84,1.0000,-1,-1,-1
842,196,1103.73,521.98,97.55,196.76,1.0000,-1,-1,-1
842,197,974.40,675.07,70.35,49.32,1.0000,-1,-1,-1
843,131,1173.61,161.95,60.15,172.16,1.0000,-1,-1,-1
843,143,721.39,417.67,106.41,171.52,1.0000,-1,-1,-1
843,179,1123.82,263.66,75.34,179.27,1.0000,-1,-1,-1
843,180,777.18,211.15,72.61,196.92,1.0000,-1,-1,-1
843,188,450.64,409.21,110.25,203.82,1.0000,-1,-1,-1
843,190,606.94,288.94,81.07,191.53,1.0000,-1,-1,-1
843,191,208.63,324.32,65.16,197.31,1.0000,-1,-1,-1
843,192,541.11,331.03,82.95,174.71,1.0000,-1,-1,-1
843,194,986.66,267.89,82.17,157.29,1.0000,-1,-1,-1
843,196,1115.37,516.53,106.68,198.04,1.0000,-1,-1,-1
843,197,980.36,678.23,68.20,47.81,1.0000,-1,-1,-1
844,131,1176.91,160.37,60.00,170.71,1.0000,-1,-1,-1
844,143,722.86,411.22,108.90,172.29,1.0000,-1,-1,-1
844,179,1127.04,263.57,79.80,184.17,1.0000,-1,-1,-1
844,180,774.21,206.33,72.66,197.06,1.0000,-1,-1,-1
844,188,451.88,402.50,103.54,201.86,1.0000,-1,-1,-1
844,190,605.60,287.64,82.11,192.32,1.0000,-1,-1,-1
844,191,212.15,322.64,65.34,197.86,1.0000,-1,-1,-1
844,192,551.15,325.82,84.64,171.89,1.0000,-1,-1,-1
844,194,995.41,267.16,77.27,160.01,1.0000,-1,-1,-1
844,196,1125.81,512.57,113.26,197.23,1.0000,-1,-1,-1
844,197,986.35,681.41,65.98,46.26,1.0000,-1,-1,-1
845,131,1178.97,157.52,60.51,170.74,1.0000,-1,-1,-1
845,143,718.94,403.33,113.31,172.45,1.0000,-1,-1,-1
845,179,1130.53,266.03,84.39,185.98,1.0000,-1,-1,-1
845,180,758.22,216.67,80.55,188.64,1.0000,-1,-1,-1
845,188,456.02,396.00,96.77,199.50,1.0000,-1,-1,-1
845,190,607.55,285.23,82.51,191.83,1.0000,-1,-1,-1
845,191,215.67,320.97,65.52,198.40,1.0000,-1,-1,-1
845,192,553.56,323.69,84.32,171.23,1.0000,-1,-1,-1
845,194,1001.89,265.15,75.47,163.21,1.0000,-1,-1,-1
845,196,1134.59,509.23,118.81,195.60,1.0000,-1,-1,-1
845,197,992.38,684.62,63.69,44.65,1.0000,-1,-1,-1
846,131,1183.89,154.24,59.89,169.73,1.0000,-1,-1,-1
846,143,722.05,400.05,118.10,166.60,1.0000,-1,-1,-1
846,179,1134.93,270.99,89.97,185.63,1.0000,-1,-1,-1
846,180,756.60,223.66,84.99,180.34,1.0000,-1,-1,-1
846,188,460.18,388.94,91.63,195.01,1.0000,-1,-1,-1
846,190,584.72,281.91,101.12,205.42,1.0000,-1,-1,-1
846,191,232.69,311.54,64.43,196.83,1.0000,-1,-1,-1
846,192,555.98,321.56,83.99,170.58,1.0000,-1,-1,-1
846,194,1011.86,264.03,74.56,164.73,1.0000,-1,-1,-1
846,196,1144.26,503.77,122.82,193.21,1.0000,-1,-1,-1
847,131,1187.13,151.02,59.50,169.51,1.0000,-1,-1,-1
847,143,724.53,398.83,121.32,162.75,1.0000,-1,-1,-1
847,179,1136.25,272.37,94.55,183.74,1.0000,-1,-1,-1
847,180,764.65,226.67,79.14,176.42,1.0000,-1,-1,-1
847,188,464.32,385.43,87.45,190.15,1.0000,-1,-1,-1
847,190,578.84,280.63,101.41,206.01,1.0000,-1,-1,-1
847,191,238.14,309.16,63.82,195.37,1.0000,-1,-1,-1
847,192,558.39,319.43,83.67,169.92,1.0000,-1,-1,-1
847,194,1018.54,262.47,75.40,164.80,1.0000,-1,-1,-1
847,196,1148.48,499.79,124.74,191.29,1.0000,-1,-1,-1
848,131,1188.65,148.60,59.32,169.19,1.0000,-1,-1,-1
848,143,726.31,395.89,123.35,159.57,1.0000,-1,-1,-1
848,179,1136.29,273.59,98.28,180.66,1.0000,-1,-1,-1
848,180,768.08,228.42,74.01,172.87,1.0000,-1,-1,-1
848,188,465.82,384.09,85.22,184.50,1.0000,-1,-1,-1
848,190,598.60,271.56,100.48,198.60,1.0000,-1,-1,-1
848,191,242.85,306.76,63.92,195.69,1.0000,-1,-1,-1
848,192,560.80,317.30,83.35,169.26,1.0000,-1,-1,-1
848,194,1025.08,261.73,75.39,164.30,1.0000,-1,-1,-1
848,196,1150.06,496.52,125.31,189.78,1.0000,-1,-1,-1
848,198,1007.44,605.73,80.21,112.08,1.0000,-1,-1,-1
849,131,1190.16,145.53,58.17,167.84,1.0000,-1,-1,-1
849,143,728.09,392.90,124.22,157.06,1.0000,-1,-1,-1
849,179,1138.33,274.75,99.71,178.09,1.0000,-1,-1,-1
849,180,765.80,225.84,74.00,172.85,1.0000,-1,-1,-1
849,188,467.70,383.70,82.67,179.85,1.0000,-1,-1,-1
849,190,596.64,267.91,101.67,192.70,1.0000,-1,-1,-1
849,191,247.55,304.37,64.03,196.01,1.0000,-1,-1,-1
849,192,559.42,270.66,75.65,162.46,1.0000,-1,-1,-1
849,194,1031.01,260.40,76.02,163.37,1.0000,-1,-1,-1
849,196,1152.10,491.93,124.13,188.28,1.0000,-1,-1,-1
849,198,1009.79,601.47,81.09,115.39,1.0000,-1,-1,-1
850,131,1191.62,144.62,57.85,167.58,1.0000,-1,-1,-1
850,143,729.45,390.40,125.04,156.68,1.0000,-1,-1,-1
850,179,1140.42,274.99,99.65,176.94,1.0000,-1,-1,-1
850,180,768.81,220.71,66.24,166.58,1.0000,-1,-1,-1
850,188,470.26,381.25,80.49,176.59,1.0000,-1,-1,-1
850,190,601.08,264.08,98.56,187.09,1.0000,-1,-1,-1
850,191,254.12,298.57,63.07,193.71,1.0000,-1,-1,-1
850,192,565.84,262.41,71.21,147.89,1.0000,-1,-1,-1
850,194,1033.82,259.23,77.74,163.83,1.0000,-1,-1,-1
850,196,1156.31,485.76,120.96,187.53,1.0000,-1,-1,-1
850,198,1012.26,597.77,82.36,119.90,1.0000,-1,-1,-1
850,199,716.89,246.30,76.30,157.86,1.0000,-1,-1,-1
851,131,1192.18,139.48,57.64,167.08,1.0000,-1,-1,-1
851,143,732.16,381.36,126.12,157.29,1.0000,-1,-1,-1
851,179,1141.03,274.77,98.13,180.19,1.0000,-1,-1,-1
851,180,770.05,215.65,63.07,160.40,1.0000,-1,-1,-1
851,188,478.91,373.34,82.37,175.86,1.0000,-1,-1,-1
851,190,604.04,257.62,93.54,180.56,1.0000,-1,-1,-1
851,191,265.03,295.84,58.82,189.74,1.0000,-1,-1,-1
851,192,568.18,256.34,70.27,145.94,1.0000,-1,-1,-1
851,194,1035.79,256.18,77.39,164.07,1.0000,-1,-1,-1
851,196,1165.75,477.52,113.35,186.13,1.0000,-1,-1,-1
851,198,1017.09,592.28,82.39,124.70,1.0000,-1,-1,-1
851,199,716.22,244.14,73.07,152.49,1.0000,-1,-1,-1
852,131,1192.17,135.91,57.58,166.27,1.0000,-1,-1,-1
852,143,736.71,373.16,125.35,157.52,1.0000,-1,-1,-1
852,179,1141.00,273.56,95.67,182.93,1.0000,-1,-1,-1
852,180,770.05,211.26,61.43,157.74,1.0000,-1,-1,-1
852,188,482.38,365.82,80.41,176.47,1.0000,-1,-1,-1
852,190,604.90,251.91,88.91,174.08,1.0000,-1,-1,-1
852,191,271.79,295.14,56.13,186.95,1.0000,-1,-1,-1
852,192,570.54,250.28,69.32,143.97,1.0000,-1,-1,-1
852,194,1035.84,256.02,75.92,164.81,1.0000,-1,-1,-1
852,196,1173.13,470.87,106.54,185.87,1.0000,-1,-1,-1
852,198,1024.14,586.56,80.51,129.13,1.0000,-1,-1,-1
852,199,720.01,242.73,64.96,142.63,1.0000,-1,-1,-1
853,131,1192.58,133.82,57.08,165.15,1.0000,-1,-1,-1
853,143,743.16,365.67,122.73,158.48,1.0000,-1,-1,-1
853,179,1143.51,272.23,95.91,184.96,1.0000,-1,-1,-1
853,180,770.17,207.63,60.73,156.57,1.0000,-1,-1,-1
853,188,484.96,356.14,76.12,177.77,1.0000,-1,-1,-1
853,190,600.47,247.07,86.03,168.34,1.0000,-1,-1,-1
853,191,277.07,292.56,56.02,186.59,1.0000,-1,-1,-1
853,192,572.90,244.24,68.35,141.96,1.0000,-1,-1,-1
853,194,1036.74,255.91,73.70,165.54,1.0000,-1,-1,-1
853,196,1179.10,466.46,100.38,185.96,1.0000,-1,-1,-1
853,198,1025.09,580.67,82.16,135.39,1.0000,-1,-1,-1
853,199,719.31,240.24,62.95,138.22,1.0000,-1,-1,-1
854,131,1193.67,132.40,57.20,163.31,1.0000,-1,-1,-1
854,143,752.38,358.88,116.94,159.14,1.0000,-1,-1,-1
854,179,1146.68,270.88,98.30,185.20,1.0000,-1,-1,-1
854,180,771.07,201.69,60.16,156.94,1.0000,-1,-1,-1
854,188,493.52,345.74,71.74,181.12,1.0000,-1,-1,-1
854,190,598.98,245.65,81.64,166.40,1.0000,-1,-1,-1
854,191,282.35,289.99,55.91,186.23,1.0000,-1,-1,-1
854,192,575.26,238.22,67.37,139.93,1.0000,-1,-1,-1
854,194,1040.03,255.84,71.73,166.83,1.0000,-1,-1,-1
854,196,1184.46,462.23,94.56,185.66,1.0000,-1,-1,-1
854,198,1026.91,575.36,83.61,141.11,1.0000,-1,-1,-1
854,199,722.23,238.88,55.20,136.23,1.0000,-1,-1,-1
855,131,1195.32,131.55,56.68,161.41,1.0000,-1,-1,-1
855,143,764.32,353.36,109.37,159.45,1.0000,-1,-1,-1
855,179,1149.67,269.80,101.79,183.87,1.0000,-1,-1,-1
855,180,770.88,198.05,59.97,157.22,1.0000,-1,-1,-1
855,188,499.33,336.09,67.49,184.33,1.0000,-1,-1,-1
855,190,596.39,241.96,81.23,165.57,1.0000,-1,-1,-1
855,191,287.63,287.42,55.81,185.87,1.0000,-1,-1,-1
855,192,577.64,232.21,66.38,137.86,1.0000,-1,-1,-1
855,194,1042.97,252.25,70.61,162.15,1.0000,-1,-1,-1
855,196,1188.30,459.13,89.30,185.86,1.0000,-1,-1,-1
855,198,1028.50,569.85,85.31,146.89,1.0000,-1,-1,-1
855,199,721.99,237.93,52.59,129.77,1.0000,-1,-1,-1
856,131,1197.07,127.51,56.50,160.73,1.0000,-1,-1,-1
856,143,785.34,345.57,100.88,160.02,1.0000,-1,-1,-1
856,179,1160.31,269.65,101.01,180.44,1.0000,-1,-1,-1
856,180,773.69,189.92,59.33,158.23,1.0000,-1,-1,-1
856,188,507.25,316.54,64.46,188.49,1.0000,-1,-1,-1
856,190,608.32,241.01,77.14,170.41,1.0000,-1,-1,-1
856,191,292.92,284.85,55.70,185.51,1.0000,-1,-1,-1
856,194,1044.39,253.10,72.45,162.69,1.0000,-1,-1,-1
856,196,1195.62,454.46,83.61,187.10,1.0000,-1,-1,-1
856,198,1038.48,563.06,82.37,151.90,1.0000,-1,-1,-1
856,199,722.82,225.43,51.70,138.02,1.0000,-1,-1,-1
857,131,1199.17,124.88,56.30,160.24,1.0000,-1,-1,-1
857,143,800.18,341.11,89.91,158.94,1.0000,-1,-1,-1
857,179,1167.91,263.78,101.21,179.15,1.0000,-1,-1,-1
857,180,774.87,184.93,59.58,155.88,1.0000,-1,-1,-1
857,188,514.41,302.90,62.70,190.01,1.0000,-1,-1,-1
857,190,611.87,236.27,75.84,173.84,1.0000,-1,-1,-1
857,191,298.20,282.27,55.59,185.15,1.0000,-1,-1,-1
857,194,1045.86,251.29,73.90,163.85,1.0000,-1,-1,-1
857,196,1201.17,450.45,78.19,189.09,1.0000,-1,-1,-1
857,198,1047.45,557.37,78.59,156.55,1.0000,-1,-1,-1
857,199,722.58,223.23,49.71,132.72,1.0000,-1,-1,-1
858,131,1201.40,122.06,56.61,159.79,1.0000,-1,-1,-1
858,143,815.95,338.27,80.47,158.73,1.0000,-1,-1,-1
858,179,1174.17,259.02,100.44,177.97,1.0000,-1,-1,-1
858,180,776.86,180.34,60.26,155.05,1.0000,-1,-1,-1
858,188,518.08,291.96,60.63,188.58,1.0000,-1,-1,-1
858,190,617.74,230.75,74.40,175.82,1.0000,-1,-1,-1
858,194,1048.47,248.11,73.61,164.10,1.0000,-1,-1,-1
858,196,1206.11,447.02,74.37,191.02,1.0000,-1,-1,-1
858,198,1053.20,552.03,76.50,161.83,1.0000,-1,-1,-1
858,199,718.74,213.42,54.56,144.27,1.0000,-1,-1,-1
859,131,1202.49,119.30,56.43,159.74,1.0000,-1,-1,-1
859,143,827.23,337.17,73.67,158.69,1.0000,-1,-1,-1
859,179,1176.91,257.74,97.34,177.18,1.0000,-1,-1,-1
859,180,780.50,176.35,59.99,154.02,1.0000,-1,-1,-1
859,188,521.48,287.30,59.98,184.49,1.0000,-1,-1,-1
859,190,625.49,222.41,72.37,176.20,1.0000,-1,-1,-1
859,194,1050.73,244.45,71.87,163.56,1.0000,-1,-1,-1
859,196,1208.98,443.93,71.28,192.67,1.0000,-1,-1,-1
859,198,1057.87,547.36,74.07,166.60,1.0000,-1,-1,-1
859,199,715.39,207.21,58.51,147.12,1.0000,-1,-1,-1
859,201,552.19,292.32,75.51,192.99,1.0000,-1,-1,-1
860,131,1203.34,116.97,56.52,158.77,1.0000,-1,-1,-1
860,143,835.91,338.49,68.74,159.63,1.0000,-1,-1,-1
860,179,1181.07,253.39,95.85,177.50,1.0000,-1,-1,-1
860,180,785.61,171.21,58.42,153.17,1.0000,-1,-1,-1
860,188,524.32,280.91,59.63,183.41,1.0000,-1,-1,-1
860,190,630.28,215.59,71.50,175.17,1.0000,-1,-1,-1
860,194,1053.26,241.72,69.07,163.37,1.0000,-1,-1,-1
860,196,1212.34,440.74,68.45,193.82,1.0000,-1,-1,-1
860,198,1061.90,542.89,71.66,171.18,1.0000,-1,-1,-1
860,199,712.91,203.89,61.99,147.77,1.0000,-1,-1,-1
860,201,551.74,283.97,78.52,198.73,1.0000,-1,-1,-1
861,131,1205.02,115.39,56.40,156.83,1.0000,-1,-1,-1
861,143,845.81,338.12,64.17,159.27,1.0000,-1,-1,-1
861,179,1188.73,251.32,89.97,178.12,1.0000,-1,-1,-1
861,180,786.91,164.85,61.40,153.11,1.0000,-1,-1,-1
861,188,527.17,274.53,59.27,182.33,1.0000,-1,-1,-1
861,190,640.02,205.32,68.33,173.50,1.0000,-1,-1,-1
861,194,1055.64,239.50,67.14,163.22,1.0000,-1,-1,-1
861,196,1211.25,437.34,69.43,194.08,1.0000,-1,-1,-1
861,198,1065.99,536.37,70.19,177.12,1.0000,-1,-1,-1
861,199,712.10,201.49,66.57,150.06,1.0000,-1,-1,-1
861,201,548.15,277.78,82.90,209.81,1.0000,-1,-1,-1
862,131,1206.22,114.02,56.42,154.18,1.0000,-1,-1,-1
862,143,852.33,334.57,64.02,158.90,1.0000,-1,-1,-1
862,179,1195.35,251.17,84.05,178.15,1.0000,-1,-1,-1
862,180,787.59,158.85,63.47,153.80,1.0000,-1,-1,-1
862,188,530.02,268.16,58.92,181.24,1.0000,-1,-1,-1
862,190,646.45,202.00,65.77,171.71,1.0000,-1,-1,-1
862,194,1057.05,238.91,66.26,162.53,1.0000,-1,-1,-1
862,196,1208.40,436.03,71.66,193.52,1.0000,-1,-1,-1
862,198,1067.91,531.51,69.87,182.57,1.0000,-1,-1,-1
862,199,713.21,200.33,70.85,151.12,1.0000,-1,-1,-1
862,201,542.34,261.10,93.76,214.34,1.0000,-1,-1,-1
863,131,1206.68,112.97,56.57,151.29,1.0000,-1,-1,-1
863,143,858.02,335.95,60.08,159.18,1.0000,-1,-1,-1
863,179,1200.39,251.82,78.84,177.88,1.0000,-1,-1,-1
863,180,784.28,155.06,66.34,153.30,1.0000,-1,-1,-1
863,188,532.87,261.78,58.56,180.14,1.0000,-1,-1,-1
863,190,648.90,199.44,64.96,169.67,1.0000,-1,-1,-1
863,194,1057.39,240.54,66.13,162.93,1.0000,-1,-1,-1
863,196,1206.90,435.52,73.19,192.36,1.0000,-1,-1,-1
863,198,1069.37,527.25,69.50,187.44,1.0000,-1,-1,-1
863,199,714.79,199.18,73.47,150.73,1.0000,-1,-1,-1
863,201,542.60,255.94,98.89,214.22,1.0000,-1,-1,-1
864,131,1207.09,111.20,56.47,150.79,1.0000,-1,-1,-1
864,143,862.66,333.82,58.09,159.43,1.0000,-1,-1,-1
864,179,1204.73,251.27,75.13,178.34,1.0000,-1,-1,-1
864,180,784.45,151.08,67.04,151.86,1.0000,-1,-1,-1
864,188,535.72,255.41,58.20,179.04,1.0000,-1,-1,-1
864,190,651.62,197.49,62.99,167.29,1.0000,-1,-1,-1
864,194,1055.47,240.65,67.53,161.31,1.0000,-1,-1,-1
864,196,1210.70,432.08,73.13,192.21,1.0000,-1,-1,-1
864,198,1069.82,522.86,69.29,191.25,1.0000,-1,-1,-1
864,199,717.75,197.73,72.25,148.33,1.0000,-1,-1,-1
864,201,544.52,258.18,102.19,209.24,1.0000,-1,-1,-1
865,131,1206.93,110.33,56.36,151.61,1.0000,-1,-1,-1
865,143,866.46,331.06,57.62,159.65,1.0000,-1,-1,-1
865,179,1210.05,254.74,71.91,176.06,1.0000,-1,-1,-1
865,180,786.35,147.67,65.90,150.22,1.0000,-1,-1,-1
865,190,653.80,197.57,60.81,166.12,1.0000,-1,-1,-1
865,194,1050.78,244.16,71.24,162.02,1.0000,-1,-1,-1
865,196,1214.51,428.64,73.08,192.06,1.0000,-1,-1,-1
865,198,1069.34,517.90,69.01,193.19,1.0000,-1,-1,-1
865,199,719.10,195.68,72.77,147.47,1.0000,-1,-1,-1
865,201,546.70,258.93,104.48,206.23,1.0000,-1,-1,-1
866,131,1204.79,107.45,57.04,150.27,1.0000,-1,-1,-1
866,143,872.49,327.11,61.61,160.69,1.0000,-1,-1,-1
866,179,1210.34,254.32,69.90,175.22,1.0000,-1,-1,-1
866,180,786.22,142.75,66.57,148.64,1.0000,-1,-1,-1
866,190,654.75,195.28,58.30,163.63,1.0000,-1,-1,-1
866,194,1040.41,249.31,77.62,162.21,1.0000,-1,-1,-1
866,196,1218.31,425.20,73.02,191.90,1.0000,-1,-1,-1
866,198,1065.49,513.94,68.99,195.18,1.0000,-1,-1,-1
866,199,719.27,189.93,73.81,148.83,1.0000,-1,-1,-1
866,201,543.43,263.14,111.22,203.06,1.0000,-1,-1,-1
867,131,1202.70,105.25,57.57,149.65,1.0000,-1,-1,-1
867,143,876.06,324.86,65.74,161.20,1.0000,-1,-1,-1
867,179,1211.85,253.93,68.83,172.86,1.0000,-1,-1,-1
867,180,786.09,139.08,66.64,147.73,1.0000,-1,-1,-1
867,190,654.83,193.54,56.43,161.82,1.0000,-1,-1,-1
867,194,1034.28,251.24,83.57,161.02,1.0000,-1,-1,-1
867,196,1222.12,421.76,72.96,191.75,1.0000,-1,-1,-1
867,198,1060.20,510.85,70.48,197.62,1.0000,-1,-1,-1
867,199,717.20,185.51,74.25,149.82,1.0000,-1,-1,-1
867,201,538.79,269.51,117.90,202.93,1.0000,-1,-1,-1
868,131,1199.04,102.68,59.02,149.82,1.0000,-1,-1,-1
868,143,873.11,323.51,67.24,161.69,1.0000,-1,-1,-1
868,179,1211.13,255.64,68.91,169.30,1.0000,-1,-1,-1
868,180,785.40,136.97,65.94,146.75,1.0000,-1,-1,-1
868,190,652.74,193.68,54.77,161.51,1.0000,-1,-1,-1
868,194,1029.19,252.43,88.94,159.48,1.0000,-1,-1,-1
868,196,1225.93,418.32,72.90,191.60,1.0000,-1,-1,-1
868,198,1055.26,509.34,72.87,199.37,1.0000,-1,-1,-1
868,199,714.74,182.13,74.78,149.89,1.0000,-1,-1,-1
868,201,535.99,277.36,123.94,201.39,1.0000,-1,-1,-1
868,203,622.42,227.11,51.29,139.03,1.0000,-1,-1,-1
869,131,1193.35,101.21,61.37,149.70,1.0000,-1,-1,-1
869,143,870.00,323.27,67.16,160.69,1.0000,-1,-1,-1
869,179,1210.62,258.03,69.59,165.31,1.0000,-1,-1,-1
869,180,784.81,136.54,64.89,145.46,1.0000,-1,-1,-1
869,190,639.38,192.00,60.40,164.31,1.0000,-1,-1,-1
869,194,1024.20,252.67,92.20,158.34,1.0000,-1,-1,-1
869,198,1050.69,508.27,75.53,200.28,1.0000,-1,-1,-1
869,199,712.47,177.67,74.21,147.98,1.0000,-1,-1,-1
869,201,532.46,284.33,129.49,201.40,1.0000,-1,-1,-1
869,203,626.40,224.84,50.75,137.55,1.0000,-1,-1,-1
870,131,1187.27,101.25,64.29,149.25,1.0000,-1,-1,-1
870,143,869.03,324.51,71.56,159.29,1.0000,-1,-1,-1
870,179,1210.13,260.32,70.21,161.94,1.0000,-1,-1,-1
870,180,784.10,135.73,63.37,144.63,1.0000,-1,-1,-1
870,190,633.99,189.75,62.63,165.33,1.0000,-1,-1,-1
870,194,1020.03,252.24,93.54,157.41,1.0000,-1,-1,-1
870,198,1043.42,508.48,79.59,200.72,1.0000,-1,-1,-1
870,199,709.79,175.10,74.01,145.99,1.0000,-1,-1,-1
870,201,529.80,289.98,132.07,198.42,1.0000,-1,-1,-1
870,203,630.38,222.58,50.20,136.06,1.0000,-1,-1,-1
871,131,1178.64,100.54,67.99,148.89,1.0000,-1,-1,-1
871,143,864.93,328.38,82.51,157.14,1.0000,-1,-1,-1
871,179,1210.21,262.42,70.37,158.87,1.0000,-1,-1,-1
871,180,782.78,133.19,61.64,144.76,1.0000,-1,-1,-1
871,190,630.88,188.04,65.08,168.82,1.0000,-1,-1,-1
871,194,1012.70,249.40,90.59,157.32,1.0000,-1,-1,-1
871,198,1036.20,508.89,83.95,200.29,1.0000,-1,-1,-1
871,199,704.93,173.54,74.99,143.50,1.0000,-1,-1,-1
871,201,512.09,298.34,112.20,190.56,1.0000,-1,-1,-1
871,203,634.36,220.33,49.64,134.55,1.0000,-1,-1,-1
871,204,1176.88,438.45,99.64,163.18,1.0000,-1,-1,-1
872,131,1170.86,100.47,71.47,147.69,1.0000,-1,-1,-1
872,143,858.15,331.54,92.09,154.36,1.0000,-1,-1,-1
872,179,1209.77,263.58,70.69,157.28,1.0000,-1,-1,-1
872,180,781.61,130.63,60.45,144.71,1.0000,-1,-1,-1
872,190,628.95,184.98,67.24,171.98,1.0000,-1,-1,-1
872,194,1007.00,246.33,84.58,156.62,1.0000,-1,-1,-1
872,198,1030.78,509.55,87.96,200.50,1.0000,-1,-1,-1
872,199,701.00,172.41,76.32,140.87,1.0000,-1,-1,-1
872,201,520.18,304.22,119.72,187.46,1.0000,-1,-1,-1
872,203,638.34,218.08,49.08,133.03,1.0000,-1,-1,-1
872,204,1175.74,435.91,102.22,169.70,1.0000,-1,-1,-1
873,131,1164.89,100.09,74.45,145.93,1.0000,-1,-1,-1
873,143,849.47,333.64,99.83,151.61,1.0000,-1,-1,-1
873,179,1209.17,264.72,71.07,158.61,1.0000,-1,-1,-1
873,180,779.74,128.20,59.20,144.41,1.0000,-1,-1,-1
873,190,626.01,182.11,69.30,174.02,1.0000,-1,-1,-1
873,194,1004.28,242.78,79.10,155.82,1.0000,-1,-1,-1
873,198,1026.39,510.66,91.21,200.64,1.0000,-1,-1,-1
873,199,698.83,172.81,75.67,139.74,1.0000,-1,-1,-1
873,201,521.02,309.09,124.97,184.78,1.0000,-1,-1,-1
873,203,642.33,215.85,48.51,131.49,1.0000,-1,-1,-1
873,204,1173.47,434.48,102.58,173.55,1.0000,-1,-1,-1
874,131,1158.59,100.24,77.04,144.21,1.0000,-1,-1,-1
874,143,842.44,334.79,107.17,150.40,1.0000,-1,-1,-1
874,179,1207.89,264.19,71.52,159.69,1.0000,-1,-1,-1
874,180,777.59,126.65,58.02,143.93,1.0000,-1,-1,-1
874,190,622.37,179.73,72.29,175.64,1.0000,-1,-1,-1
874,194,1001.12,241.34,75.05,156.27,1.0000,-1,-1,-1
874,198,1022.66,511.23,93.86,200.20,1.0000,-1,-1,-1
874,199,697.44,172.84,74.81,139.42,1.0000,-1,-1,-1
874,201,520.55,309.79,127.98,182.76,1.0000,-1,-1,-1
874,204,1170.91,433.81,105.06,177.96,1.0000,-1,-1,-1
874,205,342.69,244.26,53.96,158.06,1.0000,-1,-1,-1
875,131,1153.09,99.29,79.42,143.54,1.0000,-1,-1,-1
875,143,837.91,335.17,111.90,149.40,1.0000,-1,-1,-1
875,179,1206.27,263.76,72.45,160.85,1.0000,-1,-1,-1
875,180,776.02,126.55,57.36,143.00,1.0000,-1,-1,-1
875,190,619.30,181.03,74.53,175.30,1.0000,-1,-1,-1
875,194,997.21,239.36,71.31,156.21,1.0000,-1,-1,-1
875,198,1019.08,511.30,95.03,199.89,1.0000,-1,-1,-1
875,199,695.70,172.19,74.30,139.05,1.0000,-1,-1,-1
875,201,515.51,307.44,121.34,178.67,1.0000,-1,-1,-1
875,204,1168.68,433.85,105.89,181.30,1.0000,-1,-1,-1
875,205,340.11,244.32,53.43,155.00,1.0000,-1,-1,-1
876,131,1145.54,97.35,81.94,143.97,1.0000,-1,-1,-1
876,143,831.67,331.34,114.75,150.70,1.0000,-1,-1,-1
876,179,1202.98,262.99,74.16,162.26,1.0000,-1,-1,-1
876,180,773.73,125.84,56.70,142.29,1.0000,-1,-1,-1
876,190,616.19,177.66,75.04,177.01,1.0000,-1,-1,-1
876,194,988.37,238.80,70.10,156.94,1.0000,-1,-1,-1
876,198,1013.87,510.95,93.72,198.04,1.0000,-1,-1,-1
876,199,699.77,168.64,67.59,136.23,1.0000,-1,-1,-1
876,201,513.88,305.93,114.42,175.91,1.0000,-1,-1,-1
876,204,1160.86,439.24,101.81,181.79,1.0000,-1,-1,-1
876,205,335.05,245.23,53.24,152.79,1.0000,-1,-1,-1
877,131,1139.90,96.69,84.16,144.06,1.0000,-1,-1,-1
877,143,825.94,329.08,114.97,151.94,1.0000,-1,-1,-1
877,179,1198.78,262.73,75.96,163.36,1.0000,-1,-1,-1
877,180,772.05,124.92,56.46,141.28,1.0000,-1,-1,-1
877,190,613.85,176.05,76.52,178.46,1.0000,-1,-1,-1
877,194,980.34,237.40,69.56,154.60,1.0000,-1,-1,-1
877,198,1010.02,510.00,90.64,195.67,1.0000,-1,-1,-1
877,199,699.60,168.45,64.85,135.27,1.0000,-1,-1,-1
877,201,512.57,306.37,109.61,174.39,1.0000,-1,-1,-1
877,204,1152.53,443.24,96.50,180.65,1.0000,-1,-1,-1
877,205,329.69,245.32,54.15,152.13,1.0000,-1,-1,-1
878,131,1135.36,97.10,85.08,143.60,1.0000,-1,-1,-1
878,143,819.46,328.14,112.66,152.76,1.0000,-1,-1,-1
878,179,1194.63,262.23,76.76,163.68,1.0000,-1,-1,-1
878,180,771.05,124.03,56.22,140.55,1.0000,-1,-1,-1
878,190,609.60,175.44,78.93,178.93,1.0000,-1,-1,-1
878,194,972.56,240.70,69.18,153.96,1.0000,-1,-1,-1
878,198,1006.36,509.77,86.95,194.06,1.0000,-1,-1,-1
878,199,697.04,169.35,64.14,135.85,1.0000,-1,-1,-1
878,201,513.28,308.67,105.85,176.29,1.0000,-1,-1,-1
878,204,1142.97,447.78,89.09,177.63,1.0000,-1,-1,-1
878,205,325.56,246.26,54.54,151.76,1.0000,-1,-1,-1
879,131,1130.67,97.28,85.87,143.90,1.0000,-1,-1,-1
879,143,813.81,327.59,107.90,153.69,1.0000,-1,-1,-1
879,179,1191.40,262.66,77.67,163.55,1.0000,-1,-1,-1
879,180,769.56,123.42,56.29,140.39,1.0000,-1,-1,-1
879,190,602.47,173.51,81.58,177.90,1.0000,-1,-1,-1
879,194,964.53,243.19,69.65,153.17,1.0000,-1,-1,-1
879,198,1002.59,510.97,83.42,192.03,1.0000,-1,-1,-1
879,199,694.93,170.83,63.82,137.39,1.0000,-1,-1,-1
879,201,514.85,310.07,101.39,177.87,1.0000,-1,-1,-1
879,204,1134.25,451.12,84.32,178.22,1.0000,-1,-1,-1
879,205,322.63,246.64,54.19,151.48,1.0000,-1,-1,-1
880,131,1125.97,97.27,85.43,144.28,1.0000,-1,-1,-1
880,143,806.26,327.66,102.39,154.57,1.0000,-1,-1,-1
880,179,1188.46,263.51,78.77,164.21,1.0000,-1,-1,-1
880,180,767.17,122.45,56.60,140.26,1.0000,-1,-1,-1
880,190,599.14,173.42,82.51,176.10,1.0000,-1,-1,-1
880,194,957.76,243.77,70.27,150.97,1.0000,-1,-1,-1
880,198,998.00,513.26,81.64,191.43,1.0000,-1,-1,-1
880,199,697.61,169.61,59.85,136.88,1.0000,-1,-1,-1
880,201,511.69,312.79,100.02,182.28,1.0000,-1,-1,-1
880,204,1127.45,454.39,83.87,181.08,1.0000,-1,-1,-1
880,205,319.82,247.98,54.34,151.56,1.0000,-1,-1,-1
881,131,1118.32,97.21,81.95,143.89,1.0000,-1,-1,-1
881,143,790.67,328.83,99.54,154.74,1.0000,-1,-1,-1
881,179,1184.04,263.94,79.15,164.72,1.0000,-1,-1,-1
881,180,763.14,121.93,57.85,141.54,1.0000,-1,-1,-1
881,190,594.02,173.32,81.78,174.36,1.0000,-1,-1,-1
881,194,949.70,244.78,69.96,149.27,1.0000,-1,-1,-1
881,198,988.38,516.89,83.42,191.63,1.0000,-1,-1,-1
881,199,701.62,169.10,54.24,136.07,1.0000,-1,-1,-1
881,201,502.21,325.36,102.95,176.37,1.0000,-1,-1,-1
881,204,1111.80,456.92,88.68,187.47,1.0000,-1,-1,-1
881,205,316.25,247.93,54.25,151.32,1.0000,-1,-1,-1
882,131,1113.43,95.58,77.47,144.32,1.0000,-1,-1,-1
882,143,780.45,332.65,98.94,153.43,1.0000,-1,-1,-1
882,179,1179.17,264.15,79.88,165.24,1.0000,-1,-1,-1
882,180,759.75,121.42,59.02,142.49,1.0000,-1,-1,-1
882,190,591.44,173.47,80.19,171.84,1.0000,-1,-1,-1
882,194,945.28,244.14,68.98,146.17,1.0000,-1,-1,-1
882,198,978.36,519.48,88.03,191.87,1.0000,-1,-1,-1
882,199,703.82,170.54,49.64,135.83,1.0000,-1,-1,-1
882,201,497.33,330.88,103.58,175.03,1.0000,-1,-1,-1
882,204,1100.34,457.70,93.07,191.84,1.0000,-1,-1,-1
882,205,312.67,247.87,54.17,151.08,1.0000,-1,-1,-1
883,131,1107.53,95.63,71.04,144.50,1.0000,-1,-1,-1
883,143,773.27,335.24,99.34,152.36,1.0000,-1,-1,-1
883,179,1174.95,264.31,80.25,165.63,1.0000,-1,-1,-1
883,180,756.88,119.75,60.44,143.45,1.0000,-1,-1,-1
883,190,586.98,172.85,81.00,168.84,1.0000,-1,-1,-1
883,194,943.43,243.14,68.00,145.36,1.0000,-1,-1,-1
883,198,965.83,521.99,94.70,192.26,1.0000,-1,-1,-1
883,199,704.91,170.82,46.58,136.26,1.0000,-1,-1,-1
883,201,493.64,341.02,104.80,169.33,1.0000,-1,-1,-1
883,204,1092.11,458.93,97.10,194.46,1.0000,-1,-1,-1
883,205,309.10,247.81,54.08,150.84,1.0000,-1,-1,-1
884,131,1102.65,95.28,65.57,144.46,1.0000,-1,-1,-1
884,143,767.32,338.42,100.10,150.64,1.0000,-1,-1,-1
884,179,1171.41,264.11,80.58,166.00,1.0000,-1,-1,-1
884,180,753.78,118.26,62.24,143.47,1.0000,-1,-1,-1
884,190,583.32,173.64,81.09,167.86,1.0000,-1,-1,-1
884,194,935.18,247.45,68.78,148.62,1.0000,-1,-1,-1
884,198,953.90,524.54,102.04,192.10,1.0000,-1,-1,-1
884,199,704.61,172.04,44.46,137.08,1.0000,-1,-1,-1
884,201,498.26,341.14,104.53,168.59,1.0000,-1,-1,-1
884,204,1086.47,460.01,99.67,195.79,1.0000,-1,-1,-1
884,205,285.19,244.30,71.69,166.54,1.0000,-1,-1,-1
885,131,1097.60,94.61,61.21,144.91,1.0000,-1,-1,-1
885,143,765.19,342.52,99.50,147.69,1.0000,-1,-1,-1
885,179,1167.87,263.31,80.60,166.08,1.0000,-1,-1,-1
885,180,749.57,117.76,64.92,142.97,1.0000,-1,-1,-1
885,190,580.35,173.11,81.18,166.78,1.0000,-1,-1,-1
885,194,931.35,247.14,68.51,148.60,1.0000,-1,-1,-1
885,198,945.52,526.60,108.31,192.62,1.0000,-1,-1,-1
885,199,703.70,172.54,42.91,137.58,1.0000,-1,-1,-1
885,201,495.99,343.36,104.92,169.21,1.0000,-1,-1,-1
885,204,1080.68,460.96,101.57,196.09,1.0000,-1,-1,-1
885,205,279.79,243.37,72.77,169.03,1.0000,-1,-1,-1
886,131,1088.88,94.87,57.89,143.61,1.0000,-1,-1,-1
886,143,759.58,345.01,97.57,146.16,1.0000,-1,-1,-1
886,179,1162.90,263.19,81.27,166.21,1.0000,-1,-1,-1
886,180,753.21,116.72,61.97,142.81,1.0000,-1,-1,-1
886,190,577.13,183.82,81.30,159.86,1.0000,-1,-1,-1
886,194,926.52,247.33,68.45,150.27,1.0000,-1,-1,-1
886,198,938.33,528.77,111.39,192.48,1.0000,-1,-1,-1
886,199,702.01,171.79,41.04,137.54,1.0000,-1,-1,-1
886,201,492.07,327.83,110.00,176.72,1.0000,-1,-1,-1
886,204,1071.29,459.39,100.16,195.65,1.0000,-1,-1,-1
886,205,274.40,242.45,73.83,171.50,1.0000,-1,-1,-1
887,131,1079.90,94.56,56.63,143.30,1.0000,-1,-1,-1
887,143,756.20,347.51,96.22,145.76,1.0000,-1,-1,-1
887,179,1158.70,263.34,81.12,166.48,1.0000,-1,-1,-1
887,180,754.15,115.13,59.57,142.77,1.0000,-1,-1,-1
887,190,573.44,189.61,81.74,153.99,1.0000,-1,-1,-1
887,194,922.54,247.90,68.77,151.86,1.0000,-1,-1,-1
887,198,933.17,528.72,112.23,193.94,1.0000,-1,-1,-1
887,199,700.73,171.80,39.81,137.11,1.0000,-1,-1,-1
887,201,489.74,324.60,113.38,180.10,1.0000,-1,-1,-1
887,204,1064.65,457.73,96.54,195.89,1.0000,-1,-1,-1
887,205,269.02,241.54,74.87,173.92,1.0000,-1,-1,-1
888,131,1070.30,96.91,59.21,141.24,1.0000,-1,-1,-1
888,143,754.14,349.83,94.91,146.44,1.0000,-1,-1,-1
888,179,1155.70,263.90,80.39,167.10,1.0000,-1,-1,-1
888,180,753.20,113.34,58.19,143.24,1.0000,-1,-1,-1
888,190,570.78,190.13,81.85,150.88,1.0000,-1,-1,-1
888,194,919.41,248.12,67.59,152.76,1.0000,-1,-1,-1
888,198,930.74,526.47,110.31,191.00,1.0000,-1,-1,-1
888,199,699.29,171.71,39.57,137.55,1.0000,-1,-1,-1
888,201,487.55,325.14,113.98,181.07,1.0000,-1,-1,-1
888,204,1059.07,456.61,91.73,195.99,1.0000,-1,-1,-1
888,205,263.65,240.66,75.90,176.32,1.0000,-1,-1,-1
889,131,1061.26,97.04,61.83,140.35,1.0000,-1,-1,-1
889,143,749.74,352.39,94.01,148.47,1.0000,-1,-1,-1
889,179,1151.93,264.55,79.17,168.06,1.0000,-1,-1,-1
889,180,752.85,112.90,57.39,143.89,1.0000,-1,-1,-1
889,190,567.98,190.03,81.97,149.78,1.0000,-1,-1,-1
889,194,915.02,247.88,66.71,153.91,1.0000,-1,-1,-1
889,198,925.89,527.96,108.22,191.42,1.0000,-1,-1,-1
889,199,698.81,171.44,39.01,137.01,1.0000,-1,-1,-1
889,201,485.92,324.85,114.43,183.43,1.0000,-1,-1,-1
889,204,1051.44,455.12,84.61,194.80,1.0000,-1,-1,-1
889,205,258.28,239.79,76.92,178.68,1.0000,-1,-1,-1
890,131,1053.17,95.57,65.19,141.60,1.0000,-1,-1,-1
890,143,749.83,353.36,91.50,149.48,1.0000,-1,-1,-1
890,179,1148.68,265.81,76.73,169.71,1.0000,-1,-1,-1
890,180,751.30,112.43,56.85,144.25,1.0000,-1,-1,-1
890,190,567.30,188.90,81.17,149.40,1.0000,-1,-1,-1
890,194,912.02,247.79,65.36,154.68,1.0000,-1,-1,-1
890,198,922.71,528.09,105.46,191.57,1.0000,-1,-1,-1
890,199,697.84,171.03,38.65,136.26,1.0000,-1,-1,-1
890,201,488.55,321.95,115.40,185.28,1.0000,-1,-1,-1
890,204,1047.60,454.55,78.96,194.50,1.0000,-1,-1,-1
891,131,1043.74,97.02,68.14,140.78,1.0000,-1,-1,-1
891,143,758.17,354.10,84.76,149.65,1.0000,-1,-1,-1
891,179,1145.83,267.75,74.40,171.06,1.0000,-1,-1,-1
891,180,746.92,111.70,56.22,144.42,1.0000,-1,-1,-1
891,190,563.50,185.60,81.64,150.18,1.0000,-1,-1,-1
891,194,908.50,248.52,65.44,156.13,1.0000,-1,-1,-1
891,198,913.77,527.80,97.61,191.94,1.0000,-1,-1,-1
891,199,695.65,170.85,40.37,137.09,1.0000,-1,-1,-1
891,201,489.39,338.23,114.40,174.18,1.0000,-1,-1,-1
891,204,1041.39,454.32,75.05,193.43,1.0000,-1,-1,-1
892,131,1035.67,95.28,70.62,142.18,1.0000,-1,-1,-1
892,143,755.09,355.18,84.70,149.53,1.0000,-1,-1,-1
892,179,1144.45,268.83,72.58,171.66,1.0000,-1,-1,-1
892,180,744.12,109.77,55.53,145.42,1.0000,-1,-1,-1
892,190,563.48,182.09,80.08,148.14,1.0000,-1,-1,-1
892,194,905.65,248.51,64.77,157.19,1.0000,-1,-1,-1
892,198,909.71,526.91,90.83,192.23,1.0000,-1,-1,-1
892,199,694.29,170.18,41.54,136.29,1.0000,-1,-1,-1
892,201,487.89,339.50,114.90,174.94,1.0000,-1,-1,-1
892,204,1037.62,454.47,71.99,191.85,1.0000,-1,-1,-1
892,206,538.30,155.80,46.48,150.18,1.0000,-1,-1,-1
893,131,1030.61,97.48,71.35,140.51,1.0000,-1,-1,-1
893,143,740.14,356.15,93.31,149.59,1.0000,-1,-1,-1
893,179,1142.80,269.78,71.05,172.24,1.0000,-1,-1,-1
893,180,742.21,109.60,54.11,145.94,1.0000,-1,-1,-1
893,190,559.65,179.97,78.53,146.61,1.0000,-1,-1,-1
893,194,904.24,248.33,64.43,157.80,1.0000,-1,-1,-1
893,198,907.43,526.67,84.53,192.18,1.0000,-1,-1,-1
893,199,692.55,169.67,42.90,136.25,1.0000,-1,-1,-1
893,201,486.39,340.77,115.40,175.70,1.0000,-1,-1,-1
893,204,1034.52,455.87,70.11,191.12,1.0000,-1,-1,-1
893,206,534.00,154.46,46.87,152.85,1.0000,-1,-1,-1
894,131,1026.21,98.77,70.29,138.91,1.0000,-1,-1,-1
894,143,735.36,357.98,95.67,150.29,1.0000,-1,-1,-1
894,179,1140.56,270.21,69.76,172.15,1.0000,-1,-1,-1
894,180,740.83,110.09,52.92,146.37,1.0000,-1,-1,-1
894,190,554.35,178.39,77.39,144.16,1.0000,-1,-1,-1
894,194,901.68,247.98,65.09,158.52,1.0000,-1,-1,-1
894,198,904.38,527.60,82.54,192.32,1.0000,-1,-1,-1
894,199,688.22,170.24,46.52,139.78,1.0000,-1,-1,-1
894,201,484.89,342.04,115.89,176.45,1.0000,-1,-1,-1
894,204,1031.00,459.08,68.86,190.86,1.0000,-1,-1,-1
894,206,528.16,152.76,47.32,154.34,1.0000,-1,-1,-1
895,131,1021.14,98.77,69.35,138.06,1.0000,-1,-1,-1
895,143,733.66,360.39,93.23,152.91,1.0000,-1,-1,-1
895,179,1140.42,270.88,67.49,171.64,1.0000,-1,-1,-1
895,180,738.11,110.42,52.69,146.80,1.0000,-1,-1,-1
895,190,551.34,176.09,74.85,141.87,1.0000,-1,-1,-1
895,194,898.80,247.88,66.19,159.19,1.0000,-1,-1,-1
895,198,899.84,529.54,79.25,191.58,1.0000,-1,-1,-1
895,199,686.32,170.32,52.13,143.99,1.0000,-1,-1,-1
895,201,483.40,343.31,116.39,177.21,1.0000,-1,-1,-1
895,204,1028.66,461.37,66.96,189.86,1.0000,-1,-1,-1
895,206,522.33,151.06,47.78,155.82,1.0000,-1,-1,-1
896,131,1012.50,95.53,67.37,139.36,1.0000,-1,-1,-1
896,143,737.24,365.11,87.25,157.63,1.0000,-1,-1,-1
896,179,1141.94,271.36,63.94,171.11,1.0000,-1,-1,-1
896,180,735.69,109.71,52.03,147.03,1.0000,-1,-1,-1
896,190,546.51,173.75,71.24,139.06,1.0000,-1,-1,-1
896,194,896.41,247.52,67.48,159.71,1.0000,-1,-1,-1
896,198,895.40,531.19,77.63,190.58,1.0000,-1,-1,-1
896,199,683.37,168.25,57.26,145.89,1.0000,-1,-1,-1
896,201,480.48,308.69,109.82,185.64,1.0000,-1,-1,-1
896,204,1023.98,463.80,65.18,187.40,1.0000,-1,-1,-1
896,206,496.14,154.42,60.57,160.28,1.0000,-1,-1,-1
897,131,1002.76,93.53,67.62,140.68,1.0000,-1,-1,-1
897,143,744.00,367.82,79.91,161.57,1.0000,-1,-1,-1
897,179,1143.39,271.34,60.84,170.66,1.0000,-1,-1,-1
897,180,732.82,109.99,51.56,146.64,1.0000,-1,-1,-1
897,190,541.25,173.71,68.58,137.82,1.0000,-1,-1,-1
897,194,893.90,247.43,69.18,159.69,1.0000,-1,-1,-1
897,198,891.83,532.18,76.63,189.71,1.0000,-1,-1,-1
897,199,679.63,167.88,60.82,145.58,1.0000,-1,-1,-1
897,201,478.63,307.51,110.26,186.38,1.0000,-1,-1,-1
897,204,1020.69,464.19,63.43,184.57,1.0000,-1,-1,-1
897,206,487.95,152.65,61.85,163.68,1.0000,-1,-1,-1
898,131,996.05,92.94,67.64,140.72,1.0000,-1,-1,-1
898,143,748.53,369.54,74.14,164.88,1.0000,-1,-1,-1
898,179,1144.38,271.23,58.06,170.70,1.0000,-1,-1,-1
898,180,730.40,110.13,51.44,146.36,1.0000,-1,-1,-1
898,190,537.98,174.23,65.78,138.83,1.0000,-1,-1,-1
898,194,891.09,247.14,70.37,159.43,1.0000,-1,-1,-1
898,198,888.60,532.49,77.51,189.22,1.0000,-1,-1,-1
898,199,677.05,168.24,63.28,145.15,1.0000,-1,-1,-1
898,201,476.78,306.33,110.70,187.12,1.0000,-1,-1,-1
898,204,1014.73,465.79,62.99,183.28,1.0000,-1,-1,-1
898,206,479.77,150.93,63.11,167.02,1.0000,-1,-1,-1
899,131,989.34,92.34,67.66,140.76,1.0000,-1,-1,-1
899,143,749.76,370.46,70.49,167.28,1.0000,-1,-1,-1
899,179,1144.01,270.92,56.15,170.70,1.0000,-1,-1,-1
899,180,729.55,108.72,51.38,146.81,1.0000,-1,-1,-1
899,190,536.05,173.38,64.32,140.10,1.0000,-1,-1,-1
899,194,888.21,246.95,71.50,158.95,1.0000,-1,-1,-1
899,198,884.55,532.92,76.84,188.55,1.0000,-1,-1,-1
899,199,673.94,167.68,65.45,145.05,1.0000,-1,-1,-1
899,201,474.94,305.15,111.13,187.85,1.0000,-1,-1,-1
899,204,1008.78,467.40,62.54,181.97,1.0000,-1,-1,-1
899,206,471.60,149.23,64.35,170.29,1.0000,-1,-1,-1
900,131,992.97,91.29,65.08,142.19,1.0000,-1,-1,-1
900,143,749.67,371.61,68.22,169.49,1.0000,-1,-1,-1
900,179,1143.59,270.60,54.57,170.24,1.0000,-1,-1,-1
900,180,729.25,108.63,51.44,146.99,1.0000,-1,-1,-1
900,190,534.72,172.29,62.03,140.88,1.0000,-1,-1,-1
900,194,885.72,247.50,73.08,158.73,1.0000,-1,-1,-1
900,198,880.82,533.40,76.33,188.06,1.0000,-1,-1,-1
900,199,673.58,167.59,64.57,144.49,1.0000,-1,-1,-1
900,201,473.09,303.98,111.56,188.58,1.0000,-1,-1,-1
900,204,1002.83,469.01,62.09,180.65,1.0000,-1,-1,-1
900,206,463.44,147.57,65.56,173.50,1.0000,-1,-1,-1
901,131,986.26,89.11,64.96,144.07,1.0000,-1,-1,-1
901,143,745.53,374.82,64.92,170.08,1.0000,-1,-1,-1
901,179,1142.37,271.55,53.16,170.29,1.0000,-1,-1,-1
901,180,729.25,109.45,52.11,147.49,1.0000,-1,-1,-1
901,190,532.81,171.92,57.97,140.44,1.0000,-1,-1,-1
901,194,885.99,249.68,74.26,157.71,1.0000,-1,-1,-1
901,198,877.99,533.24,77.00,187.98,1.0000,-1,-1,-1
901,199,671.92,166.83,63.00,145.17,1.0000,-1,-1,-1
901,201,465.27,308.81,106.80,187.90,1.0000,-1,-1,-1
901,204,996.88,470.63,61.63,179.33,1.0000,-1,-1,-1
901,206,455.29,145.93,66.75,176.65,1.0000,-1,-1,-1
902,131,983.08,89.45,64.48,144.66,1.0000,-1,-1,-1
902,143,743.02,376.49,62.58,170.23,1.0000,-1,-1,-1
902,179,1142.50,272.16,52.69,170.27,1.0000,-1,-1,-1
902,180,729.29,110.58,52.85,148.09,1.0000,-1,-1,-1
902,190,531.63,171.58,55.28,140.33,1.0000,-1,-1,-1
902,194,887.99,252.27,74.67,156.84,1.0000,-1,-1,-1
902,198,876.27,532.95,77.09,188.04,1.0000,-1,-1,-1
902,199,670.67,166.62,62.92,145.01,1.0000,-1,-1,-1
902,201,462.82,308.08,107.16,188.53,1.0000,-1,-1,-1
902,204,990.93,472.25,61.17,177.99,1.0000,-1,-1,-1
902,206,458.40,152.78,74.44,165.23,1.0000,-1,-1,-1
903,131,981.20,90.89,63.97,144.58,1.0000,-1,-1,-1
903,143,741.54,377.27,61.09,170.44,1.0000,-1,-1,-1
903,179,1143.22,272.64,52.68,169.98,1.0000,-1,-1,-1
903,180,730.07,110.87,53.91,148.70,1.0000,-1,-1,-1
903,190,531.67,170.20,53.19,139.90,1.0000,-1,-1,-1
903,194,888.61,253.86,75.08,155.99,1.0000,-1,-1,-1
903,198,876.16,532.63,77.52,188.20,1.0000,-1,-1,-1
903,199,669.41,166.41,62.85,144.84,1.0000,-1,-1,-1
903,201,460.36,307.35,107.51,189.15,1.0000,-1,-1,-1
903,206,452.83,154.63,78.25,161.83,1.0000,-1,-1,-1
904,131,979.65,91.27,63.26,144.73,1.0000,-1,-1,-1
904,143,739.70,377.82,60.24,170.30,1.0000,-1,-1,-1
904,179,1143.27,273.24,54.27,170.17,1.0000,-1,-1,-1
904,180,729.32,110.63,55.90,149.26,1.0000,-1,-1,-1
904,190,532.23,169.19,51.65,140.24,1.0000,-1,-1,-1
904,194,889.13,254.72,76.39,155.64,1.0000,-1,-1,-1
904,198,876.56,532.39,78.33,188.38,1.0000,-1,-1,-1
904,199,668.16,166.20,62.78,144.67,1.0000,-1,-1,-1
904,201,480.20,307.90,93.44,186.82,1.0000,-1,-1,-1
904,206,446.14,153.36,79.54,164.49,1.0000,-1,-1,-1
905,131,977.88,90.65,62.61,145.42,1.0000,-1,-1,-1
905,143,736.75,378.31,60.14,170.00,1.0000,-1,-1,-1
905,179,1142.59,272.76,56.03,170.70,1.0000,-1,-1,-1
905,180,728.59,112.51,58.52,148.78,1.0000,-1,-1,-1
905,190,532.69,170.28,51.46,141.99,1.0000,-1,-1,-1
905,194,891.42,254.68,77.40,155.34,1.0000,-1,-1,-1
905,198,877.82,532.38,80.12,188.47,1.0000,-1,-1,-1
905,199,666.91,165.99,62.70,144.50,1.0000,-1,-1,-1
905,201,489.33,305.66,85.20,188.38,1.0000,-1,-1,-1
905,206,446.36,150.06,78.35,165.29,1.0000,-1,-1,-1
906,131,975.31,91.81,62.30,144.96,1.0000,-1,-1,-1
906,143,732.66,379.47,60.33,169.30,1.0000,-1,-1,-1
906,179,1141.08,272.15,59.12,171.13,1.0000,-1,-1,-1
906,180,728.79,111.64,60.90,149.95,1.0000,-1,-1,-1
906,190,533.21,171.32,51.57,143.45,1.0000,-1,-1,-1
906,194,889.08,254.29,79.81,155.46,1.0000,-1,-1,-1
906,198,879.64,532.89,83.35,188.24,1.0000,-1,-1,-1
906,199,683.98,171.10,52.73,141.38,1.0000,-1,-1,-1
906,201,493.31,307.40,82.88,189.45,1.0000,-1,-1,-1
906,206,445.41,151.89,73.16,163.87,1.0000,-1,-1,-1
906,208,996.09,463.55,80.22,169.60,1.0000,-1,-1,-1
907,131,974.18,91.52,61.72,145.30,1.0000,-1,-1,-1
907,143,728.89,382.16,59.20,169.18,1.0000,-1,-1,-1
907,179,1139.73,271.86,61.83,171.44,1.0000,-1,-1,-1
907,180,728.88,110.54,62.65,151.02,1.0000,-1,-1,-1
907,190,536.46,169.64,49.98,144.37,1.0000,-1,-1,-1
907,194,889.13,253.09,80.44,156.27,1.0000,-1,-1,-1
907,198,882.00,532.85,84.59,187.10,1.0000,-1,-1,-1
907,199,683.80,171.35,52.54,140.89,1.0000,-1,-1,-1
907,201,498.49,306.15,82.92,191.48,1.0000,-1,-1,-1
907,206,444.56,154.50,69.67,162.52,1.0000,-1,-1,-1
907,208,996.11,464.04,82.46,169.78,1.0000,-1,-1,-1
908,131,974.21,89.54,60.27,146.28,1.0000,-1,-1,-1
908,143,726.22,385.20,58.19,170.18,1.0000,-1,-1,-1
908,179,1139.15,271.78,64.59,171.73,1.0000,-1,-1,-1
908,180,728.45,110.49,63.63,151.70,1.0000,-1,-1,-1
908,190,539.42,167.98,48.75,144.48,1.0000,-1,-1,-1
908,194,887.52,252.40,82.38,157.06,1.0000,-1,-1,-1
908,198,884.44,533.04,85.39,186.09,1.0000,-1,-1,-1
908,199,690.41,172.21,47.91,139.74,1.0000,-1,-1,-1
908,201,502.49,304.74,82.88,193.73,1.0000,-1,-1,-1
908,206,444.18,155.42,66.54,161.93,1.0000,-1,-1,-1
908,208,997.26,464.57,84.45,169.05,1.0000,-1,-1,-1
909,131,974.36,88.12,58.85,147.23,1.0000,-1,-1,-1
909,143,723.81,387.01,57.36,170.74,1.0000,-1,-1,-1
909,179,1141.28,271.70,70.04,172.35,1.0000,-1,-1,-1
909,180,728.97,106.04,63.67,154.63,1.0000,-1,-1,-1
909,190,541.52,167.39,49.44,144.42,1.0000,-1,-1,-1
909,194,890.70,251.99,83.76,157.83,1.0000,-1,-1,-1
909,198,886.83,533.42,84.54,185.33,1.0000,-1,-1,-1
909,199,694.10,172.05,47.13,139.52,1.0000,-1,-1,-1
909,201,504.50,307.57,81.31,192.49,1.0000,-1,-1,-1
909,206,443.53,156.13,64.86,160.57,1.0000,-1,-1,-1
909,208,998.89,464.80,86.00,168.31,1.0000,-1,-1,-1
910,131,974.62,87.28,57.55,147.95,1.0000,-1,-1,-1
910,143,720.66,389.03,57.70,169.96,1.0000,-1,-1,-1
910,179,1143.30,271.42,76.41,172.84,1.0000,-1,-1,-1
910,180,729.20,108.49,64.26,153.92,1.0000,-1,-1,-1
910,190,542.85,168.10,50.49,146.95,1.0000,-1,-1,-1
910,194,896.22,251.49,85.50,158.31,1.0000,-1,-1,-1
910,198,890.70,532.96,84.78,185.39,1.0000,-1,-1,-1
910,199,696.26,171.45,47.66,139.17,1.0000,-1,-1,-1
910,201,503.28,310.13,76.00,190.63,1.0000,-1,-1,-1
910,206,443.73,157.91,62.92,161.95,1.0000,-1,-1,-1
910,208,1003.35,465.90,86.31,167.49,1.0000,-1,-1,-1
911,131,974.34,87.09,56.33,148.43,1.0000,-1,-1,-1
911,143,716.87,392.39,58.92,169.67,1.0000,-1,-1,-1
911,179,1146.23,270.35,79.38,173.41,1.0000,-1,-1,-1
911,180,732.01,116.08,63.96,149.48,1.0000,-1,-1,-1
911,190,546.72,166.30,50.61,146.76,1.0000,-1,-1,-1
911,194,906.78,250.89,85.01,159.34,1.0000,-1,-1,-1
911,198,889.78,532.71,85.05,185.96,1.0000,-1,-1,-1
911,199,698.68,169.99,49.23,139.79,1.0000,-1,-1,-1
911,201,502.91,310.99,70.97,189.76,1.0000,-1,-1,-1
911,206,443.87,160.28,60.76,163.73,1.0000,-1,-1,-1
911,208,1010.47,466.30,85.31,166.94,1.0000,-1,-1,-1
912,131,974.12,87.38,55.49,148.58,1.0000,-1,-1,-1
912,143,715.22,396.21,59.72,169.57,1.0000,-1,-1,-1
912,179,1149.75,270.36,80.84,174.19,1.0000,-1,-1,-1
912,180,735.54,120.75,62.50,145.86,1.0000,-1,-1,-1
912,190,549.70,165.94,51.43,147.09,1.0000,-1,-1,-1
912,194,914.02,250.43,83.59,160.63,1.0000,-1,-1,-1
912,198,888.86,532.46,85.31,186.54,1.0000,-1,-1,-1
912,199,699.64,170.53,50.21,139.41,1.0000,-1,-1,-1
912,201,502.78,311.24,66.17,189.01,1.0000,-1,-1,-1
912,206,445.02,161.15,59.25,165.65,1.0000,-1,-1,-1
912,208,1014.35,466.22,85.68,167.30,1.0000,-1,-1,-1
913,131,973.96,87.70,54.40,148.56,1.0000,-1,-1,-1
913,143,713.67,399.24,60.37,170.10,1.0000,-1,-1,-1
913,179,1153.80,269.78,78.52,174.89,1.0000,-1,-1,-1
913,180,740.22,125.81,59.84,141.85,1.0000,-1,-1,-1
913,190,551.77,167.33,53.69,149.51,1.0000,-1,-1,-1
913,194,920.66,250.34,81.22,161.68,1.0000,-1,-1,-1
913,198,887.94,532.21,85.57,187.11,1.0000,-1,-1,-1
913,199,700.34,172.43,50.88,138.22,1.0000,-1,-1,-1
913,201,502.88,311.91,61.56,187.92,1.0000,-1,-1,-1
913,206,447.08,162.19,57.87,167.16,1.0000,-1,-1,-1
913,208,1017.15,466.46,86.32,167.77,1.0000,-1,-1,-1
914,131,973.30,87.83,53.87,148.82,1.0000,-1,-1,-1
914,143,712.24,400.32,60.47,170.26,1.0000,-1,-1,-1
914,179,1160.84,270.49,76.88,176.20,1.0000,-1,-1,-1
914,180,745.46,130.28,56.19,137.97,1.0000,-1,-1,-1
914,190,551.19,167.06,56.51,151.33,1.0000,-1,-1,-1
914,194,928.51,250.96,76.47,162.45,1.0000,-1,-1,-1
914,198,887.03,531.96,85.83,187.68,1.0000,-1,-1,-1
914,199,700.80,174.22,51.37,136.99,1.0000,-1,-1,-1
914,201,504.54,311.50,58.18,187.61,1.0000,-1,-1,-1
914,206,447.85,162.87,56.42,167.65,1.0000,-1,-1,-1
914,208,1019.34,466.44,87.13,168.09,1.0000,-1,-1,-1
915,131,973.54,88.10,52.84,148.73,1.0000,-1,-1,-1
915,143,698.39,401.12,66.29,171.40,1.0000,-1,-1,-1
915,179,1166.84,270.49,73.62,176.73,1.0000,-1,-1,-1
915,180,750.35,128.88,53.30,137.94,1.0000,-1,-1,-1
915,190,550.20,167.17,59.80,151.95,1.0000,-1,-1,-1
915,194,932.67,250.97,72.81,163.01,1.0000,-1,-1,-1
915,198,886.11,531.71,86.09,188.25,1.0000,-1,-1,-1
915,199,700.67,176.26,51.77,135.32,1.0000,-1,-1,-1
915,201,506.17,311.04,56.28,187.25,1.0000,-1,-1,-1
915,206,448.92,164.35,56.28,167.87,1.0000,-1,-1,-1
915,208,1018.98,465.00,89.29,169.27,1.0000,-1,-1,-1
916,131,971.53,88.27,52.57,149.28,1.0000,-1,-1,-1
916,143,688.68,401.08,68.42,171.94,1.0000,-1,-1,-1
916,179,1172.22,270.29,68.47,176.14,1.0000,-1,-1,-1
916,180,757.84,126.83,50.34,138.93,1.0000,-1,-1,-1
916,190,550.89,167.70,63.61,150.81,1.0000,-1,-1,-1
916,194,937.12,251.75,69.99,162.65,1.0000,-1,-1,-1
916,198,904.61,534.48,92.12,186.55,1.0000,-1,-1,-1
916,199,703.54,175.84,49.90,134.66,1.0000,-1,-1,-1
916,201,508.78,310.17,57.63,187.76,1.0000,-1,-1,-1
916,206,450.38,168.81,55.44,164.85,1.0000,-1,-1,-1
916,208,1022.90,464.22,90.44,171.96,1.0000,-1,-1,-1
917,131,970.20,88.41,52.57,149.66,1.0000,-1,-1,-1
917,143,684.38,401.16,68.44,171.65,1.0000,-1,-1,-1
917,179,1177.43,271.56,64.60,175.74,1.0000,-1,-1,-1
917,180,762.85,123.85,48.85,141.13,1.0000,-1,-1,-1
917,190,550.55,168.57,66.83,150.26,1.0000,-1,-1,-1
917,194,939.85,252.73,69.24,162.03,1.0000,-1,-1,-1
917,198,908.52,534.87,94.95,186.13,1.0000,-1,-1,-1
917,199,706.24,176.18,47.83,133.90,1.0000,-1,-1,-1
917,201,510.92,309.66,59.06,188.57,1.0000,-1,-1,-1
917,206,450.36,171.08,55.32,162.50,1.0000,-1,-1,-1
917,208,1029.05,464.44,88.74,173.46,1.0000,-1,-1,-1
917,209,563.67,311.90,71.68,151.85,1.0000,-1,-1,-1
918,131,969.81,88.98,52.36,149.71,1.0000,-1,-1,-1
918,143,682.56,400.33,68.51,171.26,1.0000,-1,-1,-1
918,179,1178.07,273.26,65.48,176.18,1.0000,-1,-1,-1
918,180,766.35,123.57,47.53,143.13,1.0000,-1,-1,-1
918,190,550.28,169.54,70.55,151.04,1.0000,-1,-1,-1
918,194,941.92,254.44,70.43,161.21,1.0000,-1,-1,-1
918,198,913.49,535.07,94.31,185.86,1.0000,-1,-1,-1
918,199,708.88,176.95,46.39,133.00,1.0000,-1,-1,-1
918,201,511.29,308.86,60.14,189.20,1.0000,-1,-1,-1
918,206,449.70,173.29,55.59,161.18,1.0000,-1,-1,-1
918,208,1032.10,463.79,89.05,175.13,1.0000,-1,-1,-1
918,209,561.94,309.85,78.50,155.75,1.0000,-1,-1,-1
919,131,969.07,88.34,52.98,150.34,1.0000,-1,-1,-1
919,143,680.91,400.29,69.56,171.49,1.0000,-1,-1,-1
919,179,1179.01,275.41,67.94,175.30,1.0000,-1,-1,-1
919,180,769.47,124.78,46.72,144.14,1.0000,-1,-1,-1
919,190,551.69,167.84,71.96,149.12,1.0000,-1,-1,-1
919,194,942.42,255.03,71.91,159.65,1.0000,-1,-1,-1
919,198,915.95,534.89,91.66,185.84,1.0000,-1,-1,-1
919,199,710.89,178.04,44.38,132.08,1.0000,-1,-1,-1
919,201,512.72,306.16,61.26,189.20,1.0000,-1,-1,-1
919,206,450.24,175.21,56.29,160.38,1.0000,-1,-1,-1
919,208,1038.28,462.99,87.26,174.86,1.0000,-1,-1,-1
919,209,560.61,300.31,84.36,163.17,1.0000,-1,-1,-1
920,131,969.18,88.01,53.18,150.94,1.0000,-1,-1,-1
920,143,680.62,400.45,70.68,172.36,1.0000,-1,-1,-1
920,179,1179.79,276.21,70.71,174.75,1.0000,-1,-1,-1
920,180,771.82,124.90,47.17,144.97,1.0000,-1,-1,-1
920,190,552.89,168.89,73.09,149.85,1.0000,-1,-1,-1
920,194,943.47,255.37,73.56,158.12,1.0000,-1,-1,-1
920,198,917.30,534.74,91.94,186.41,1.0000,-1,-1,-1
920,199,712.72,178.65,42.89,131.17,1.0000,-1,-1,-1
920,201,515.48,304.02,62.46,189.71,1.0000,-1,-1,-1
920,206,450.60,176.07,56.95,159.94,1.0000,-1,-1,-1
920,208,1046.02,462.45,83.38,173.37,1.0000,-1,-1,-1
920,209,568.90,304.89,80.54,159.59,1.0000,-1,-1,-1
921,131,969.30,88.23,53.49,151.05,1.0000,-1,-1,-1
921,143,675.36,400.75,74.11,173.48,1.0000,-1,-1,-1
921,179,1180.49,277.34,74.64,173.95,1.0000,-1,-1,-1
921,180,776.17,125.24,51.35,146.26,1.0000,-1,-1,-1
921,190,559.50,168.75,71.93,149.70,1.0000,-1,-1,-1
921,194,944.92,256.45,74.27,157.53,1.0000,-1,-1,-1
921,198,918.65,534.59,92.22,186.98,1.0000,-1,-1,-1
921,199,715.52,176.59,42.54,129.80,1.0000,-1,-1,-1
921,201,517.51,301.98,63.73,187.87,1.0000,-1,-1,-1
921,206,453.68,174.56,57.25,160.39,1.0000,-1,-1,-1
921,208,1050.92,462.37,82.11,172.23,1.0000,-1,-1,-1
921,209,566.80,302.75,83.44,163.75,1.0000,-1,-1,-1
922,131,968.93,88.09,54.00,151.21,1.0000,-1,-1,-1
922,143,667.23,402.05,79.80,173.39,1.0000,-1,-1,-1
922,179,1180.59,277.62,77.24,173.17,1.0000,-1,-1,-1
922,180,778.15,126.99,54.99,145.90,1.0000,-1,-1,-1
922,190,564.95,168.37,70.17,149.42,1.0000,-1,-1,-1
922,194,945.95,257.12,74.76,156.81,1.0000,-1,-1,-1
922,198,919.99,534.44,92.50,187.55,1.0000,-1,-1,-1
922,199,719.35,179.92,40.69,129.46,1.0000,-1,-1,-1
922,201,518.42,301.56,64.06,185.99,1.0000,-1,-1,-1
922,206,455.98,171.09,58.67,163.21,1.0000,-1,-1,-1
922,208,1052.47,462.04,83.42,172.19,1.0000,-1,-1,-1
922,209,569.86,312.56,82.86,158.00,1.0000,-1,-1,-1
922,210,943.79,537.56,75.21,182.47,1.0000,-1,-1,-1
923,131,968.66,88.31,54.24,151.12,1.0000,-1,-1,-1
923,143,658.82,404.17,86.44,173.20,1.0000,-1,-1,-1
923,179,1180.47,278.93,79.53,172.18,1.0000,-1,-1,-1
923,180,778.44,127.09,57.98,146.41,1.0000,-1,-1,-1
923,190,571.27,168.03,67.82,149.78,1.0000,-1,-1,-1
923,194,948.16,256.46,76.60,157.33,1.0000,-1,-1,-1
923,198,921.34,534.29,92.78,188.11,1.0000,-1,-1,-1
923,199,721.56,179.96,39.59,129.64,1.0000,-1,-1,-1
923,201,518.17,301.54,64.57,184.77,1.0000,-1,-1,-1
923,206,458.47,175.04,58.73,162.38,1.0000,-1,-1,-1
923,208,1054.09,461.57,84.76,171.40,1.0000,-1,-1,-1
923,209,571.35,306.54,82.94,160.36,1.0000,-1,-1,-1
923,210,945.65,537.91,76.08,182.44,1.0000,-1,-1,-1
924,131,968.39,88.45,54.38,151.16,1.0000,-1,-1,-1
924,143,651.14,405.94,93.09,173.12,1.0000,-1,-1,-1
924,179,1180.82,282.07,80.75,170.93,1.0000,-1,-1,-1
924,180,778.76,130.57,60.03,144.78,1.0000,-1,-1,-1
924,190,579.13,166.90,63.80,149.21,1.0000,-1,-1,-1
924,194,952.26,256.12,77.20,156.32,1.0000,-1,-1,-1
924,198,922.69,534.14,93.06,188.68,1.0000,-1,-1,-1
924,199,723.52,179.60,38.35,129.99,1.0000,-1,-1,-1
924,201,517.89,301.21,65.37,183.16,1.0000,-1,-1,-1
924,206,460.17,178.88,59.28,161.36,1.0000,-1,-1,-1
924,208,1055.44,461.83,86.77,171.40,1.0000,-1,-1,-1
924,209,572.83,301.11,81.16,160.99,1.0000,-1,-1,-1
924,210,947.14,538.25,79.98,182.40,1.0000,-1,-1,-1
925,131,968.43,88.68,54.27,151.37,1.0000,-1,-1,-1
925,143,642.77,407.06,99.93,173.82,1.0000,-1,-1,-1
925,179,1181.81,282.41,81.03,170.27,1.0000,-1,-1,-1
925,180,779.43,133.80,61.70,143.14,1.0000,-1,-1,-1
925,190,588.48,165.87,58.38,148.20,1.0000,-1,-1,-1
925,194,960.14,253.19,76.14,151.74,1.0000,-1,-1,-1
925,199,725.20,179.02,38.03,130.45,1.0000,-1,-1,-1
925,201,518.63,301.67,65.39,182.18,1.0000,-1,-1,-1
925,206,461.61,179.35,59.96,162.03,1.0000,-1,-1,-1
925,208,1056.40,461.64,89.15,171.94,1.0000,-1,-1,-1
925,209,578.38,298.48,79.93,159.48,1.0000,-1,-1,-1
925,210,949.14,537.33,86.60,182.91,1.0000,-1,-1,-1
926,131,969.34,88.96,53.50,151.38,1.0000,-1,-1,-1
926,143,633.23,407.85,105.22,173.62,1.0000,-1,-1,-1
926,179,1188.10,282.70,80.29,170.08,1.0000,-1,-1,-1
926,180,781.19,134.12,62.54,143.13,1.0000,-1,-1,-1
926,190,596.59,166.71,55.09,148.69,1.0000,-1,-1,-1
926,194,972.51,252.72,73.15,147.88,1.0000,-1,-1,-1
926,199,727.95,178.28,39.91,131.46,1.0000,-1,-1,-1
926,201,520.47,302.17,64.87,180.84,1.0000,-1,-1,-1
926,206,463.42,182.11,60.35,157.91,1.0000,-1,-1,-1
926,208,1060.12,460.88,91.36,172.94,1.0000,-1,-1,-1
926,209,591.16,300.54,75.21,157.17,1.0000,-1,-1,-1
926,210,953.41,537.45,96.88,185.06,1.0000,-1,-1,-1
927,131,969.67,89.24,52.99,151.16,1.0000,-1,-1,-1
927,143,623.88,408.91,109.43,174.10,1.0000,-1,-1,-1
927,179,1190.18,283.18,80.39,170.28,1.0000,-1,-1,-1
927,180,784.69,133.63,62.21,143.87,1.0000,-1,-1,-1
927,190,602.92,165.69,53.01,147.73,1.0000,-1,-1,-1
927,194,980.93,252.96,69.24,145.28,1.0000,-1,-1,-1
927,199,729.33,177.54,41.66,132.67,1.0000,-1,-1,-1
927,201,521.64,302.30,64.00,180.10,1.0000,-1,-1,-1
927,206,465.26,183.20,60.36,155.00,1.0000,-1,-1,-1
927,208,1063.85,459.47,92.04,173.50,1.0000,-1,-1,-1
927,209,598.95,301.84,72.25,157.98,1.0000,-1,-1,-1
927,210,955.00,538.49,104.56,185.58,1.0000,-1,-1,-1
928,131,968.80,89.36,52.96,151.08,1.0000,-1,-1,-1
928,143,622.74,408.67,108.23,173.96,1.0000,-1,-1,-1
928,179,1192.26,283.67,80.49,170.49,1.0000,-1,-1,-1
928,180,790.04,133.48,59.52,144.13,1.0000,-1,-1,-1
928,190,606.80,165.55,52.21,147.88,1.0000,-1,-1,-1
928,194,987.00,255.00,63.85,145.49,1.0000,-1,-1,-1
928,199,729.55,177.61,42.38,133.09,1.0000,-1,-1,-1
928,201,523.02,302.27,62.95,179.43,1.0000,-1,-1,-1
928,206,465.56,183.86,60.57,155.53,1.0000,-1,-1,-1
928,208,1067.87,458.18,92.45,173.24,1.0000,-1,-1,-1
928,209,611.15,301.59,67.01,157.53,1.0000,-1,-1,-1
928,210,957.78,537.94,116.85,186.39,1.0000,-1,-1,-1
929,131,967.94,89.49,52.94,151.01,1.0000,-1,-1,-1
929,143,621.71,408.14,104.94,174.61,1.0000,-1,-1,-1
929,179,1194.34,284.16,80.59,170.69,1.0000,-1,-1,-1
929,180,794.67,133.94,56.59,144.16,1.0000,-1,-1,-1
929,190,602.70,168.05,55.87,151.13,1.0000,-1,-1,-1
929,194,992.40,256.73,59.33,147.71,1.0000,-1,-1,-1
929,199,729.58,177.09,42.95,133.81,1.0000,-1,-1,-1
929,201,523.87,302.21,62.85,178.82,1.0000,-1,-1,-1
929,206,465.87,184.52,60.77,156.06,1.0000,-1,-1,-1
929,208,1072.32,457.03,92.24,174.34,1.0000,-1,-1,-1
929,209,615.81,300.85,67.06,157.66,1.0000,-1,-1,-1
929,210,957.45,539.03,121.98,185.80,1.0000,-1,-1,-1
930,131,967.07,89.62,52.91,150.94,1.0000,-1,-1,-1
930,143,618.74,406.86,99.78,175.06,1.0000,-1,-1,-1
930,179,1196.42,284.64,80.68,170.90,1.0000,-1,-1,-1
930,180,799.27,133.63,53.95,144.68,1.0000,-1,-1,-1
930,190,601.77,169.11,60.33,153.55,1.0000,-1,-1,-1
930,194,997.24,256.64,55.55,149.38,1.0000,-1,-1,-1
930,199,729.39,176.02,43.15,134.85,1.0000,-1,-1,-1
930,201,526.24,301.54,63.91,178.06,1.0000,-1,-1,-1
930,206,466.18,185.19,60.98,156.58,1.0000,-1,-1,-1
930,208,1078.21,455.65,91.02,174.46,1.0000,-1,-1,-1
930,209,620.48,300.12,67.12,157.79,1.0000,-1,-1,-1
930,210,959.55,538.74,127.68,185.88,1.0000,-1,-1,-1
931,131,972.21,90.83,51.46,149.96,1.0000,-1,-1,-1
931,143,615.98,407.19,91.33,175.44,1.0000,-1,-1,-1
931,179,1222.49,283.55,65.21,170.22,1.0000,-1,-1,-1
931,180,808.45,133.87,50.60,145.02,1.0000,-1,-1,-1
931,190,602.49,168.75,67.40,155.81,1.0000,-1,-1,-1
931,194,1003.57,256.21,52.67,150.99,1.0000,-1,-1,-1
931,199,728.62,173.89,41.86,135.41,1.0000,-1,-1,-1
931,201,528.66,301.76,67.18,178.03,1.0000,-1,-1,-1
931,206,466.48,185.85,61.18,157.11,1.0000,-1,-1,-1
931,208,1090.59,453.98,87.03,175.06,1.0000,-1,-1,-1
931,209,625.15,299.39,67.17,157.92,1.0000,-1,-1,-1
931,210,963.69,540.31,119.54,183.67,1.0000,-1,-1,-1
932,131,971.98,91.37,51.77,149.14,1.0000,-1,-1,-1
932,143,611.65,407.94,83.38,175.48,1.0000,-1,-1,-1
932,179,1227.70,283.75,58.66,170.59,1.0000,-1,-1,-1
932,180,814.41,134.05,48.97,145.50,1.0000,-1,-1,-1
932,190,602.04,168.45,72.36,157.54,1.0000,-1,-1,-1
932,194,1007.89,254.29,51.28,151.05,1.0000,-1,-1,-1
932,199,728.53,172.08,41.38,136.37,1.0000,-1,-1,-1
932,201,529.64,301.89,71.00,177.83,1.0000,-1,-1,-1
932,206,466.79,186.52,61.39,157.63,1.0000,-1,-1,-1
932,208,1103.32,453.05,81.32,174.51,1.0000,-1,-1,-1
932,209,631.40,303.48,73.91,164.20,1.0000,-1,-1,-1
932,210,966.98,539.34,121.27,186.33,1.0000,-1,-1,-1
933,131,972.62,92.24,51.26,148.78,1.0000,-1,-1,-1
933,143,614.07,408.18,76.00,176.23,1.0000,-1,-1,-1
933,179,1230.95,284.21,58.64,170.54,1.0000,-1,-1,-1
933,180,817.87,136.10,48.87,144.74,1.0000,-1,-1,-1
933,190,601.88,168.45,76.77,158.50,1.0000,-1,-1,-1
933,194,1011.69,253.24,51.57,151.81,1.0000,-1,-1,-1
933,199,728.70,171.43,41.12,136.77,1.0000,-1,-1,-1
933,201,530.44,302.22,74.01,177.49,1.0000,-1,-1,-1
933,208,1113.08,453.30,76.69,174.07,1.0000,-1,-1,-1
933,209,637.29,302.62,81.91,169.81,1.0000,-1,-1,-1
933,210,979.44,541.07,108.85,182.04,1.0000,-1,-1,-1
934,131,972.06,92.36,51.68,148.70,1.0000,-1,-1,-1
934,143,612.77,409.66,72.97,176.53,1.0000,-1,-1,-1
934,179,1232.89,289.75,52.94,168.39,1.0000,-1,-1,-1
934,180,820.68,136.83,49.41,144.19,1.0000,-1,-1,-1
934,190,601.48,168.34,80.65,159.53,1.0000,-1,-1,-1
934,194,1014.81,251.76,52.32,150.93,1.0000,-1,-1,-1
934,199,729.14,171.40,40.72,136.43,1.0000,-1,-1,-1
934,201,530.56,302.11,76.60,176.98,1.0000,-1,-1,-1
934,208,1118.94,453.45,73.79,174.14,1.0000,-1,-1,-1
934,209,638.48,302.24,87.77,171.58,1.0000,-1,-1,-1
934,210,997.81,541.21,115.20,181.86,1.0000,-1,-1,-1
935,131,972.83,92.98,51.20,148.56,1.0000,-1,-1,-1
935,143,603.85,410.41,76.33,177.56,1.0000,-1,-1,-1
935,179,1234.40,291.40,49.84,166.64,1.0000,-1,-1,-1
935,180,820.76,141.22,51.50,141.54,1.0000,-1,-1,-1
935,190,604.04,168.93,82.47,159.29,1.0000,-1,-1,-1
935,194,1016.71,251.79,53.43,149.90,1.0000,-1,-1,-1
935,199,729.62,171.84,40.44,135.93,1.0000,-1,-1,-1
935,201,530.09,301.89,77.95,176.80,1.0000,-1,-1,-1
935,208,1121.73,453.55,73.75,174.81,1.0000,-1,-1,-1
935,209,642.78,304.16,88.55,170.64,1.0000,-1,-1,-1
935,210,1004.89,542.04,103.49,179.41,1.0000,-1,-1,-1
936,131,972.32,92.39,51.13,148.72,1.0000,-1,-1,-1
936,143,594.54,409.05,82.17,178.46,1.0000,-1,-1,-1
936,179,1237.07,292.30,49.77,166.41,1.0000,-1,-1,-1
936,180,823.43,141.53,56.26,142.24,1.0000,-1,-1,-1
936,190,610.85,168.06,80.98,159.56,1.0000,-1,-1,-1
936,194,1017.63,252.73,55.20,150.07,1.0000,-1,-1,-1
936,199,729.83,171.75,40.24,135.44,1.0000,-1,-1,-1
936,201,528.36,301.68,76.04,177.18,1.0000,-1,-1,-1
936,208,1123.91,453.66,75.13,175.32,1.0000,-1,-1,-1
936,209,646.36,306.65,88.65,169.43,1.0000,-1,-1,-1
936,210,1014.82,543.80,93.25,177.29,1.0000,-1,-1,-1
937,131,974.65,94.11,50.16,148.27,1.0000,-1,-1,-1
937,143,585.55,408.70,88.46,177.93,1.0000,-1,-1,-1
937,179,1239.73,293.19,49.70,166.17,1.0000,-1,-1,-1
937,180,825.77,141.74,62.73,143.07,1.0000,-1,-1,-1
937,190,613.83,168.42,80.90,159.40,1.0000,-1,-1,-1
937,194,1019.69,253.33,57.54,151.12,1.0000,-1,-1,-1
937,199,730.53,172.58,41.57,134.87,1.0000,-1,-1,-1
937,201,529.73,302.40,74.59,176.78,1.0000,-1,-1,-1
937,208,1129.88,453.33,82.98,176.23,1.0000,-1,-1,-1
937,209,653.02,308.61,85.74,169.32,1.0000,-1,-1,-1
937,210,1022.13,544.97,88.27,175.91,1.0000,-1,-1,-1
938,131,974.57,94.44,50.12,148.15,1.0000,-1,-1,-1
938,143,581.19,410.63,92.53,177.93,1.0000,-1,-1,-1
938,179,1242.40,294.09,49.63,165.94,1.0000,-1,-1,-1
938,180,826.23,142.63,67.32,143.41,1.0000,-1,-1,-1
938,190,616.81,168.77,80.82,159.24,1.0000,-1,-1,-1
938,194,1019.73,253.28,60.01,153.23,1.0000,-1,-1,-1
938,199,730.34,173.42,42.26,134.39,1.0000,-1,-1,-1
938,201,531.13,303.03,73.58,176.21,1.0000,-1,-1,-1
938,208,1131.84,453.58,91.88,176.69,1.0000,-1,-1,-1
938,209,655.35,309.76,83.70,169.48,1.0000,-1,-1,-1
938,210,1025.83,545.16,86.71,175.42,1.0000,-1,-1,-1
938,211,504.27,192.82,49.33,166.32,1.0000,-1,-1,-1
939,131,974.49,94.77,50.08,148.03,1.0000,-1,-1,-1
939,143,578.66,412.04,94.45,177.34,1.0000,-1,-1,-1
939,179,1245.06,294.98,49.56,165.71,1.0000,-1,-1,-1
939,180,826.26,145.29,70.40,142.29,1.0000,-1,-1,-1
939,190,640.96,171.30,68.90,156.48,1.0000,-1,-1,-1
939,194,1023.00,253.38,59.93,153.03,1.0000,-1,-1,-1
939,199,729.22,174.22,42.42,134.09,1.0000,-1,-1,-1
939,201,532.56,302.97,74.04,176.09,1.0000,-1,-1,-1
939,208,1132.56,454.82,98.85,176.55,1.0000,-1,-1,-1
939,209,656.41,310.17,81.21,169.41,1.0000,-1,-1,-1
939,210,1028.39,546.58,88.02,174.51,1.0000,-1,-1,-1
939,211,503.59,193.22,52.78,170.64,1.0000,-1,-1,-1
940,131,974.41,95.10,50.04,147.90,1.0000,-1,-1,-1
940,143,576.48,413.00,93.47,176.45,1.0000,-1,-1,-1
940,179,1247.73,295.87,49.49,165.48,1.0000,-1,-1,-1
940,180,827.05,144.69,72.23,143.17,1.0000,-1,-1,-1
940,190,653.65,169.73,60.28,152.70,1.0000,-1,-1,-1
940,194,1026.28,253.49,59.86,152.84,1.0000,-1,-1,-1
940,199,728.80,174.74,42.72,133.90,1.0000,-1,-1,-1
940,201,537.70,302.52,75.45,176.26,1.0000,-1,-1,-1
940,208,1133.10,456.08,103.98,175.51,1.0000,-1,-1,-1
940,209,660.46,310.81,77.87,169.25,1.0000,-1,-1,-1
940,210,1031.52,547.88,92.29,173.69,1.0000,-1,-1,-1
940,211,504.37,191.85,56.21,172.91,1.0000,-1,-1,-1
941,131,974.33,95.43,50.00,147.78,1.0000,-1,-1,-1
941,143,573.45,413.17,92.68,175.85,1.0000,-1,-1,-1
941,180,827.91,144.41,73.69,144.57,1.0000,-1,-1,-1
941,190,661.76,173.30,54.65,153.09,1.0000,-1,-1,-1
941,194,1034.91,250.32,56.81,152.82,1.0000,-1,-1,-1
941,199,729.37,175.04,42.53,133.31,1.0000,-1,-1,-1
941,201,540.11,301.66,77.21,176.29,1.0000,-1,-1,-1
941,208,1134.07,456.46,107.02,175.28,1.0000,-1,-1,-1
941,209,667.47,311.28,73.47,169.29,1.0000,-1,-1,-1
941,210,1035.69,549.35,100.25,172.78,1.0000,-1,-1,-1
941,211,504.99,192.18,58.74,173.83,1.0000,-1,-1,-1
942,131,974.24,95.77,49.95,147.65,1.0000,-1,-1,-1
942,143,555.79,416.24,95.58,172.91,1.0000,-1,-1,-1
942,180,831.02,145.99,73.21,144.92,1.0000,-1,-1,-1
942,190,666.52,174.01,54.40,152.38,1.0000,-1,-1,-1
942,194,1040.36,249.39,53.57,152.98,1.0000,-1,-1,-1
942,199,729.94,175.35,42.34,132.72,1.0000,-1,-1,-1
942,201,541.77,301.40,77.18,176.22,1.0000,-1,-1,-1
942,208,1139.04,457.65,106.07,175.14,1.0000,-1,-1,-1
942,209,671.60,311.62,73.72,169.88,1.0000,-1,-1,-1
942,210,1039.24,551.38,106.18,171.23,1.0000,-1,-1,-1
942,211,506.75,193.70,63.95,176.00,1.0000,-1,-1,-1
943,131,969.54,96.42,53.44,149.08,1.0000,-1,-1,-1
943,143,547.47,418.70,93.08,170.94,1.0000,-1,-1,-1
943,180,835.45,146.30,71.27,145.18,1.0000,-1,-1,-1
943,190,670.35,182.52,51.72,148.66,1.0000,-1,-1,-1
943,194,1044.85,249.15,51.55,153.50,1.0000,-1,-1,-1
943,199,730.51,175.65,42.15,132.12,1.0000,-1,-1,-1
943,201,543.43,301.14,77.15,176.14,1.0000,-1,-1,-1
943,208,1141.12,457.44,106.03,175.81,1.0000,-1,-1,-1
943,209,675.72,311.97,73.98,170.46,1.0000,-1,-1,-1
943,210,1044.01,553.05,110.87,169.72,1.0000,-1,-1,-1
943,211,507.39,194.64,67.70,176.45,1.0000,-1,-1,-1
944,131,970.37,96.09,54.70,149.91,1.0000,-1,-1,-1
944,143,546.08,419.70,85.60,169.79,1.0000,-1,-1,-1
944,180,840.29,146.36,68.31,145.54,1.0000,-1,-1,-1
944,190,672.59,184.96,50.32,145.00,1.0000,-1,-1,-1
944,194,1049.52,247.15,49.90,152.97,1.0000,-1,-1,-1
944,199,731.08,175.96,41.96,131.53,1.0000,-1,-1,-1
944,201,545.08,300.88,77.11,176.07,1.0000,-1,-1,-1
944,208,1149.41,457.62,103.37,175.76,1.0000,-1,-1,-1
944,209,679.84,312.31,74.23,171.04,1.0000,-1,-1,-1
944,210,1051.67,553.67,117.34,168.92,1.0000,-1,-1,-1
944,211,507.32,195.79,69.72,175.81,1.0000,-1,-1,-1
945,131,972.73,95.14,55.60,150.87,1.0000,-1,-1,-1
945,143,547.24,416.06,77.96,170.74,1.0000,-1,-1,-1
945,180,845.28,148.04,64.92,145.30,1.0000,-1,-1,-1
945,190,675.45,184.17,55.15,147.11,1.0000,-1,-1,-1
945,194,1053.13,246.45,48.88,153.99,1.0000,-1,-1,-1
945,199,731.65,176.27,41.77,130.93,1.0000,-1,-1,-1
945,201,546.74,300.61,77.08,175.99,1.0000,-1,-1,-1
945,208,1156.48,458.23,99.69,175.92,1.0000,-1,-1,-1
945,209,701.74,314.68,68.06,171.78,1.0000,-1,-1,-1
945,210,1060.20,554.05,123.97,168.37,1.0000,-1,-1,-1
945,211,507.47,197.35,71.77,174.52,1.0000,-1,-1,-1
946,131,973.70,96.30,55.84,150.29,1.0000,-1,-1,-1
946,143,541.99,416.52,77.94,170.68,1.0000,-1,-1,-1
946,180,851.30,148.79,60.65,145.19,1.0000,-1,-1,-1
946,190,678.50,182.47,61.89,149.66,1.0000,-1,-1,-1
946,194,1055.42,248.58,48.67,155.86,1.0000,-1,-1,-1
946,201,548.40,300.35,77.05,175.91,1.0000,-1,-1,-1
946,208,1174.20,458.02,89.70,176.01,1.0000,-1,-1,-1
946,209,707.61,317.23,69.69,172.51,1.0000,-1,-1,-1
946,210,1070.02,554.12,131.86,168.15,1.0000,-1,-1,-1
946,211,508.97,198.36,74.21,173.55,1.0000,-1,-1,-1
947,131,980.63,92.06,64.48,153.47,1.0000,-1,-1,-1
947,143,541.40,411.08,74.78,173.23,1.0000,-1,-1,-1
947,180,854.45,149.73,60.59,145.04,1.0000,-1,-1,-1
947,190,680.64,182.52,67.00,150.83,1.0000,-1,-1,-1
947,194,1058.94,248.34,50.40,157.47,1.0000,-1,-1,-1
947,208,1188.71,457.94,82.37,176.29,1.0000,-1,-1,-1
947,209,713.36,320.62,78.08,172.42,1.0000,-1,-1,-1
947,210,1079.52,554.64,118.32,167.10,1.0000,-1,-1,-1
947,211,511.97,198.84,76.81,173.25,1.0000,-1,-1,-1
948,131,981.71,93.43,69.91,153.07,1.0000,-1,-1,-1
948,143,535.07,410.06,76.42,175.02,1.0000,-1,-1,-1
948,180,868.21,149.01,54.68,146.06,1.0000,-1,-1,-1
948,190,681.20,183.71,69.70,151.41,1.0000,-1,-1,-1
948,194,1061.64,247.83,53.56,158.25,1.0000,-1,-1,-1
948,208,1199.12,458.02,77.45,176.18,1.0000,-1,-1,-1
948,209,715.34,321.56,84.49,173.04,1.0000,-1,-1,-1
948,210,1090.37,555.12,107.82,166.17,1.0000,-1,-1,-1
948,211,517.17,199.51,77.75,173.92,1.0000,-1,-1,-1
949,131,980.24,95.72,72.38,151.76,1.0000,-1,-1,-1
949,143,527.76,409.03,79.64,176.52,1.0000,-1,-1,-1
949,180,873.68,151.30,51.26,146.51,1.0000,-1,-1,-1
949,190,682.68,185.29,71.42,151.45,1.0000,-1,-1,-1
949,194,1064.96,247.79,58.92,158.65,1.0000,-1,-1,-1
949,208,1205.27,458.17,77.43,176.13,1.0000,-1,-1,-1
949,209,716.13,323.37,88.92,173.42,1.0000,-1,-1,-1
949,210,1097.97,555.35,101.39,165.54,1.0000,-1,-1,-1
949,211,522.96,200.31,77.32,174.91,1.0000,-1,-1,-1
950,131,979.17,96.02,73.31,151.71,1.0000,-1,-1,-1
950,143,520.77,409.72,83.42,176.11,1.0000,-1,-1,-1
950,180,878.10,152.65,50.74,147.28,1.0000,-1,-1,-1
950,190,685.98,185.30,74.07,153.31,1.0000,-1,-1,-1
950,194,1066.50,247.84,64.09,159.12,1.0000,-1,-1,-1
950,208,1211.42,458.31,77.40,176.08,1.0000,-1,-1,-1
950,209,717.95,324.25,91.06,173.82,1.0000,-1,-1,-1
950,210,1103.45,556.16,98.29,164.43,1.0000,-1,-1,-1
950,211,530.44,200.36,74.75,174.47,1.0000,-1,-1,-1
951,131,977.57,95.61,71.90,151.99,1.0000,-1,-1,-1
951,143,514.95,409.01,85.85,175.75,1.0000,-1,-1,-1
951,180,881.15,154.36,52.65,147.10,1.0000,-1,-1,-1
951,190,689.76,184.31,74.42,154.08,1.0000,-1,-1,-1
951,194,1067.23,247.75,68.42,159.49,1.0000,-1,-1,-1
951,208,1217.57,458.46,77.38,176.02,1.0000,-1,-1,-1
951,209,719.76,325.20,91.06,173.71,1.0000,-1,-1,-1
951,210,1108.33,557.45,96.77,163.35,1.0000,-1,-1,-1
951,211,539.42,202.26,69.71,173.94,1.0000,-1,-1,-1
951,213,592.45,300.28,62.15,180.74,1.0000,-1,-1,-1
952,131,979.48,95.49,73.64,152.70,1.0000,-1,-1,-1
952,143,505.21,408.20,89.62,176.05,1.0000,-1,-1,-1
952,180,884.29,154.48,57.04,147.07,1.0000,-1,-1,-1
952,190,693.94,185.15,74.31,153.85,1.0000,-1,-1,-1
952,194,1066.72,247.60,70.87,159.79,1.0000,-1,-1,-1
952,208,1223.72,458.60,77.36,175.97,1.0000,-1,-1,-1
952,209,726.53,324.29,85.68,173.21,1.0000,-1,-1,-1
952,210,1121.30,558.63,105.20,162.71,1.0000,-1,-1,-1
952,211,556.64,203.22,62.06,172.13,1.0000,-1,-1,-1
952,213,594.48,298.85,74.59,186.67,1.0000,-1,-1,-1
953,131,983.15,97.25,79.14,152.24,1.0000,-1,-1,-1
953,143,502.94,407.73,90.61,176.19,1.0000,-1,-1,-1
953,180,886.03,156.45,61.79,146.54,1.0000,-1,-1,-1
953,190,698.12,185.98,74.20,153.62,1.0000,-1,-1,-1
953,194,1066.69,247.80,72.49,159.65,1.0000,-1,-1,-1
953,208,1229.87,458.75,77.33,175.92,1.0000,-1,-1,-1
953,209,735.58,324.17,79.27,171.90,1.0000,-1,-1,-1
953,210,1127.60,561.00,110.93,161.03,1.0000,-1,-1,-1
953,211,568.26,205.70,57.33,170.77,1.0000,-1,-1,-1
953,213,594.49,298.77,84.69,187.82,1.0000,-1,-1,-1
954,131,982.63,100.07,80.96,150.81,1.0000,-1,-1,-1
954,143,504.29,406.90,87.46,176.14,1.0000,-1,-1,-1
954,180,886.29,157.36,64.99,145.68,1.0000,-1,-1,-1
954,190,702.30,186.82,74.09,153.39,1.0000,-1,-1,-1
954,194,1067.09,247.76,73.90,160.03,1.0000,-1,-1,-1
954,209,747.29,324.68,72.76,171.30,1.0000,-1,-1,-1
954,210,1132.50,563.02,113.44,159.31,1.0000,-1,-1,-1
954,211,574.16,207.55,55.66,169.59,1.0000,-1,-1,-1
954,213,594.50,299.35,92.50,186.65,1.0000,-1,-1,-1
955,131,983.60,101.36,83.70,150.01,1.0000,-1,-1,-1
955,143,504.82,406.45,83.30,175.59,1.0000,-1,-1,-1
955,180,887.67,158.85,67.93,145.92,1.0000,-1,-1,-1
955,190,718.13,184.78,63.16,152.39,1.0000,-1,-1,-1
955,194,1069.26,247.40,73.97,159.93,1.0000,-1,-1,-1
955,209,758.47,326.25,67.17,170.73,1.0000,-1,-1,-1
955,210,1135.91,564.26,112.61,157.78,1.0000,-1,-1,-1
955,211,576.94,208.94,56.84,170.88,1.0000,-1,-1,-1
955,213,594.40,300.12,97.23,184.78,1.0000,-1,-1,-1
956,131,983.08,102.57,83.97,149.32,1.0000,-1,-1,-1
956,143,503.75,405.40,80.70,176.10,1.0000,-1,-1,-1
956,180,889.21,159.40,68.75,147.29,1.0000,-1,-1,-1
956,190,723.72,183.74,59.97,151.82,1.0000,-1,-1,-1
956,194,1071.48,246.60,73.98,159.70,1.0000,-1,-1,-1
956,209,767.87,327.41,62.59,170.57,1.0000,-1,-1,-1
956,210,1141.83,565.42,109.64,156.52,1.0000,-1,-1,-1
956,211,579.96,208.93,61.18,171.14,1.0000,-1,-1,-1
956,213,594.79,299.74,99.90,183.22,1.0000,-1,-1,-1
957,131,987.32,103.92,82.69,147.95,1.0000,-1,-1,-1
957,143,498.03,402.89,74.47,176.27,1.0000,-1,-1,-1
957,180,891.99,160.33,68.14,146.93,1.0000,-1,-1,-1
957,190,730.61,183.63,60.42,152.08,1.0000,-1,-1,-1
957,194,1077.98,244.73,73.52,159.14,1.0000,-1,-1,-1
957,209,779.11,328.59,61.90,171.41,1.0000,-1,-1,-1
957,210,1158.66,567.11,110.74,154.99,1.0000,-1,-1,-1
957,211,582.15,210.72,65.02,170.32,1.0000,-1,-1,-1
957,213,599.65,299.02,99.71,182.17,1.0000,-1,-1,-1
958,131,991.94,105.09,83.16,146.75,1.0000,-1,-1,-1
958,143,496.16,401.31,69.90,176.81,1.0000,-1,-1,-1
958,180,899.90,161.58,66.45,146.85,1.0000,-1,-1,-1
958,190,735.53,183.39,62.96,151.99,1.0000,-1,-1,-1
958,194,1084.59,243.39,71.34,159.15,1.0000,-1,-1,-1
958,209,785.72,329.58,65.89,172.08,1.0000,-1,-1,-1
958,210,1167.45,567.48,105.91,154.08,1.0000,-1,-1,-1
958,211,585.63,212.17,70.22,168.76,1.0000,-1,-1,-1
958,213,604.07,299.13,98.14,180.38,1.0000,-1,-1,-1
959,131,996.25,106.04,82.99,146.00,1.0000,-1,-1,-1
959,143,491.90,400.38,68.19,176.85,1.0000,-1,-1,-1
959,180,907.08,162.23,64.46,147.05,1.0000,-1,-1,-1
959,190,739.67,183.73,66.30,152.76,1.0000,-1,-1,-1
959,194,1091.53,241.52,69.60,159.52,1.0000,-1,-1,-1
959,209,791.09,328.99,72.09,173.83,1.0000,-1,-1,-1
959,210,1180.07,568.47,99.99,152.95,1.0000,-1,-1,-1
959,211,587.77,213.09,74.05,167.53,1.0000,-1,-1,-1
959,213,607.75,299.83,96.56,178.50,1.0000,-1,-1,-1
960,131,998.80,107.22,81.64,145.25,1.0000,-1,-1,-1
960,143,489.70,399.08,67.07,176.82,1.0000,-1,-1,-1
960,180,911.09,163.29,64.43,146.98,1.0000,-1,-1,-1
960,190,744.02,185.90,70.06,153.03,1.0000,-1,-1,-1
960,194,1099.69,240.57,66.26,159.82,1.0000,-1,-1,-1
960,209,795.89,330.60,80.31,174.32,1.0000,-1,-1,-1
960,210,1193.68,569.12,92.58,151.92,1.0000,-1,-1,-1
960,211,590.93,213.47,79.96,166.04,1.0000,-1,-1,-1
960,213,611.32,300.64,95.81,176.98,1.0000,-1,-1,-1
961,131,1002.16,104.68,80.98,146.70,1.0000,-1,-1,-1
961,143,487.88,398.61,66.57,176.74,1.0000,-1,-1,-1
961,180,915.10,164.34,64.40,146.91,1.0000,-1,-1,-1
961,190,747.71,188.41,74.18,152.98,1.0000,-1,-1,-1
961,194,1108.85,239.45,62.63,160.12,1.0000,-1,-1,-1
961,209,799.54,331.65,87.71,174.63,1.0000,-1,-1,-1
961,210,1206.76,570.01,83.31,150.71,1.0000,-1,-1,-1
961,211,593.70,214.56,83.79,165.12,1.0000,-1,-1,-1
961,213,613.63,299.90,94.34,176.59,1.0000,-1,-1,-1
962,131,1011.22,105.26,77.07,146.53,1.0000,-1,-1,-1
962,143,480.53,397.97,70.15,176.44,1.0000,-1,-1,-1
962,180,935.20,162.45,57.05,148.07,1.0000,-1,-1,-1
962,190,754.60,188.81,75.42,152.87,1.0000,-1,-1,-1
962,194,1119.02,238.93,59.56,160.53,1.0000,-1,-1,-1
962,209,804.00,333.51,92.50,174.71,1.0000,-1,-1,-1
962,210,1222.20,572.23,71.51,148.77,1.0000,-1,-1,-1
962,211,598.46,214.79,84.36,166.25,1.0000,-1,-1,-1
962,213,634.60,300.52,82.32,173.68,1.0000,-1,-1,-1
963,131,1013.73,105.58,77.15,146.67,1.0000,-1,-1,-1
963,143,473.38,398.25,75.14,175.14,1.0000,-1,-1,-1
963,180,944.00,162.09,54.90,149.48,1.0000,-1,-1,-1
963,190,760.89,191.84,75.32,151.42,1.0000,-1,-1,-1
963,194,1124.44,239.46,57.19,159.89,1.0000,-1,-1,-1
963,209,806.42,334.41,95.57,174.98,1.0000,-1,-1,-1
963,210,1230.44,573.14,71.14,148.01,1.0000,-1,-1,-1
963,211,603.22,215.02,84.94,167.38,1.0000,-1,-1,-1
963,213,648.82,302.51,73.04,171.77,1.0000,-1,-1,-1
964,131,1016.25,105.90,77.22,146.80,1.0000,-1,-1,-1
964,143,470.29,398.39,79.68,174.68,1.0000,-1,-1,-1
964,180,949.43,164.93,53.97,148.31,1.0000,-1,-1,-1
964,190,764.06,191.41,75.58,151.87,1.0000,-1,-1,-1
964,194,1130.03,238.24,55.85,159.70,1.0000,-1,-1,-1
964,209,812.04,334.75,95.67,175.06,1.0000,-1,-1,-1
964,210,1238.68,574.05,70.78,147.25,1.0000,-1,-1,-1
964,211,607.99,215.26,85.50,168.50,1.0000,-1,-1,-1
964,213,661.88,305.10,66.04,170.39,1.0000,-1,-1,-1
965,131,1018.76,106.22,77.29,146.94,1.0000,-1,-1,-1
965,143,468.15,398.34,83.41,173.90,1.0000,-1,-1,-1
965,180,953.44,169.21,55.92,147.39,1.0000,-1,-1,-1
965,190,768.78,191.39,73.86,151.70,1.0000,-1,-1,-1
965,194,1135.25,237.19,54.59,158.31,1.0000,-1,-1,-1
965,209,818.62,334.40,93.69,175.46,1.0000,-1,-1,-1
965,210,1246.92,574.97,70.41,146.48,1.0000,-1,-1,-1
965,211,635.02,219.76,68.95,166.26,1.0000,-1,-1,-1
965,213,670.88,305.40,61.88,169.93,1.0000,-1,-1,-1
966,131,1035.28,107.14,72.27,146.22,1.0000,-1,-1,-1
966,143,468.16,398.38,85.51,173.16,1.0000,-1,-1,-1
966,180,958.66,171.82,60.87,145.75,1.0000,-1,-1,-1
966,190,773.97,192.10,73.76,151.49,1.0000,-1,-1,-1
966,194,1139.85,237.19,54.64,157.30,1.0000,-1,-1,-1
966,209,826.44,334.66,90.13,175.14,1.0000,-1,-1,-1
966,210,1255.16,575.88,70.04,145.71,1.0000,-1,-1,-1
966,211,641.07,220.51,69.16,166.77,1.0000,-1,-1,-1
966,213,676.99,305.59,61.12,170.60,1.0000,-1,-1,-1
967,131,1041.29,107.64,69.10,145.70,1.0000,-1,-1,-1
967,143,469.77,398.06,84.88,173.47,1.0000,-1,-1,-1
967,180,965.28,173.30,66.52,145.09,1.0000,-1,-1,-1
967,190,779.16,192.82,73.66,151.27,1.0000,-1,-1,-1
967,194,1145.03,237.41,55.55,156.62,1.0000,-1,-1,-1
967,209,845.79,336.40,80.16,174.92,1.0000,-1,-1,-1
967,210,1263.41,576.80,69.66,144.94,1.0000,-1,-1,-1
967,211,660.58,221.11,59.40,166.18,1.0000,-1,-1,-1
967,213,686.29,304.60,68.67,172.45,1.0000,-1,-1,-1
968,131,1044.44,108.86,67.36,145.46,1.0000,-1,-1,-1
968,143,470.89,396.82,83.68,173.25,1.0000,-1,-1,-1
968,180,968.70,173.99,71.91,145.38,1.0000,-1,-1,-1
968,190,802.61,193.42,61.65,150.01,1.0000,-1,-1,-1
968,194,1149.27,237.45,55.14,156.56,1.0000,-1,-1,-1
968,209,860.51,338.65,72.67,174.45,1.0000,-1,-1,-1
968,211,667.44,222.03,59.42,166.25,1.0000,-1,-1,-1
968,213,691.98,305.18,76.46,172.84,1.0000,-1,-1,-1
969,131,1049.94,108.10,66.25,144.84,1.0000,-1,-1,-1
969,143,471.26,395.11,82.28,172.96,1.0000,-1,-1,-1
969,180,971.56,173.60,74.68,145.70,1.0000,-1,-1,-1
969,190,814.88,193.93,53.83,149.72,1.0000,-1,-1,-1
969,194,1152.06,239.21,56.40,158.57,1.0000,-1,-1,-1
969,209,875.45,339.15,65.08,174.00,1.0000,-1,-1,-1
969,211,676.22,222.24,60.01,168.87,1.0000,-1,-1,-1
969,213,696.20,305.52,85.63,172.33,1.0000,-1,-1,-1
969,214,751.43,186.97,41.17,137.03,1.0000,-1,-1,-1
970,131,1054.33,108.19,64.62,143.39,1.0000,-1,-1,-1
970,143,471.59,394.07,79.28,171.98,1.0000,-1,-1,-1
970,180,974.61,174.77,77.37,145.64,1.0000,-1,-1,-1
970,190,821.69,193.52,50.96,150.75,1.0000,-1,-1,-1
970,194,1157.44,235.38,56.28,157.49,1.0000,-1,-1,-1
970,209,885.18,339.97,63.00,174.86,1.0000,-1,-1,-1
970,211,679.45,222.30,60.74,169.73,1.0000,-1,-1,-1
970,213,698.41,307.92,92.88,171.33,1.0000,-1,-1,-1
970,214,754.94,186.07,43.32,138.75,1.0000,-1,-1,-1
971,131,1056.29,107.82,65.15,143.92,1.0000,-1,-1,-1
971,143,468.14,392.85,77.93,170.95,1.0000,-1,-1,-1
971,180,977.49,174.68,77.91,145.85,1.0000,-1,-1,-1
971,190,827.37,194.51,50.72,150.16,1.0000,-1,-1,-1
971,194,1162.81,233.44,55.45,156.89,1.0000,-1,-1,-1
971,209,890.66,340.41,63.88,175.66,1.0000,-1,-1,-1
971,211,686.17,223.16,60.81,169.91,1.0000,-1,-1,-1
971,213,705.04,307.60,93.55,172.58,1.0000,-1,-1,-1
971,214,756.80,185.53,44.50,139.17,1.0000,-1,-1,-1
972,131,1059.73,108.01,65.15,143.93,1.0000,-1,-1,-1
972,143,465.74,392.02,77.90,170.90,1.0000,-1,-1,-1
972,180,984.32,173.30,78.44,148.56,1.0000,-1,-1,-1
972,190,834.17,196.99,53.98,151.43,1.0000,-1,-1,-1
972,194,1170.56,234.02,55.49,156.66,1.0000,-1,-1,-1
972,209,901.29,343.11,70.50,174.66,1.0000,-1,-1,-1
972,211,688.52,226.39,65.78,170.60,1.0000,-1,-1,-1
972,213,706.76,306.16,99.39,174.67,1.0000,-1,-1,-1
972,214,759.51,184.06,44.93,140.49,1.0000,-1,-1,-1
