3,1,41.24,332.39,116.78,145.11,1.0000,-1,-1,-1
3,2,1081.89,380.16,76.90,164.82,1.0000,-1,-1,-1
3,3,493.57,320.98,73.22,138.16,1.0000,-1,-1,-1
3,4,108.24,269.06,65.07,141.53,1.0000,-1,-1,-1
3,6,543.74,228.06,54.89,117.65,1.0000,-1,-1,-1
4,1,48.92,333.47,110.28,141.58,1.0000,-1,-1,-1
4,2,1072.77,377.47,86.89,170.76,1.0000,-1,-1,-1
4,3,501.05,321.08,70.82,134.68,1.0000,-1,-1,-1
4,4,109.97,269.29,69.48,145.18,1.0000,-1,-1,-1
4,6,542.49,229.86,53.16,113.93,1.0000,-1,-1,-1
5,1,54.45,334.10,102.88,138.17,1.0000,-1,-1,-1
5,2,1062.45,376.59,97.03,172.10,1.0000,-1,-1,-1
5,3,509.46,320.38,74.04,136.64,1.0000,-1,-1,-1
5,4,113.39,269.57,73.02,145.61,1.0000,-1,-1,-1
5,7,844.05,210.90,51.93,111.75,1.0000,-1,-1,-1
6,1,61.66,332.91,90.33,133.19,1.0000,-1,-1,-1
6,2,1059.26,381.22,98.61,167.91,1.0000,-1,-1,-1
6,3,520.67,319.06,73.28,137.30,1.0000,-1,-1,-1
6,4,125.01,272.30,69.02,140.56,1.0000,-1,-1,-1
6,7,843.94,212.91,52.15,112.22,1.0000,-1,-1,-1
7,1,67.48,330.74,80.03,130.85,1.0000,-1,-1,-1
7,2,1061.27,385.20,95.71,162.97,1.0000,-1,-1,-1
7,3,530.35,319.80,71.06,136.57,1.0000,-1,-1,-1
7,4,129.41,272.89,71.05,139.87,1.0000,-1,-1,-1
8,1,73.92,333.50,68.50,125.50,1.0000,-1,-1,-1
8,2,1064.07,389.58,84.71,156.43,1.0000,-1,-1,-1
8,3,538.88,319.87,70.65,135.79,1.0000,-1,-1,-1
8,4,128.53,273.59,75.39,139.65,1.0000,-1,-1,-1
8,10,280.17,146.46,88.71,138.94,1.0000,-1,-1,-1
9,1,81.60,332.35,64.65,126.27,1.0000,-1,-1,-1
9,2,1066.14,392.24,77.93,153.02,1.0000,-1,-1,-1
9,3,547.09,319.65,69.60,134.92,1.0000,-1,-1,-1
9,4,130.16,273.86,80.23,139.88,1.0000,-1,-1,-1
9,10,287.55,132.71,88.25,149.68,1.0000,-1,-1,-1
10,1,86.23,331.39,60.12,125.41,1.0000,-1,-1,-1
10,2,1066.00,394.24,68.83,148.90,1.0000,-1,-1,-1
10,3,555.21,321.20,68.55,133.86,1.0000,-1,-1,-1
10,4,132.58,274.17,83.22,139.05,1.0000,-1,-1,-1
10,10,297.35,154.98,81.89,135.90,1.0000,-1,-1,-1
10,11,857.39,205.15,60.36,122.29,1.0000,-1,-1,-1
11,1,94.52,332.51,56.54,122.47,1.0000,-1,-1,-1
11,2,1064.83,392.62,68.53,151.55,1.0000,-1,-1,-1
11,3,570.21,328.19,66.37,128.54,1.0000,-1,-1,-1
11,4,143.97,274.10,80.86,137.47,1.0000,-1,-1,-1
11,10,308.33,137.89,75.73,141.27,1.0000,-1,-1,-1
11,11,871.27,206.67,60.61,121.50,1.0000,-1,-1,-1
12,1,99.87,329.74,56.10,124.05,1.0000,-1,-1,-1
12,2,1060.86,390.25,72.48,155.00,1.0000,-1,-1,-1
12,3,581.12,331.55,65.18,123.28,1.0000,-1,-1,-1
12,4,152.81,274.06,78.27,136.19,1.0000,-1,-1,-1
12,10,317.80,133.01,68.08,142.23,1.0000,-1,-1,-1
12,11,878.83,207.50,60.48,120.78,1.0000,-1,-1,-1
13,1,103.33,327.96,58.12,125.45,1.0000,-1,-1,-1
13,2,1059.08,389.12,77.94,159.26,1.0000,-1,-1,-1
13,3,591.00,332.37,64.71,122.58,1.0000,-1,-1,-1
13,4,159.89,274.14,75.57,134.54,1.0000,-1,-1,-1
13,10,325.31,148.39,61.62,133.41,1.0000,-1,-1,-1
13,11,886.87,206.90,60.97,121.27,1.0000,-1,-1,-1
13,12,1216.13,170.58,63.39,128.26,1.0000,-1,-1,-1
14,1,104.65,326.30,62.50,127.45,1.0000,-1,-1,-1
14,2,1053.49,388.13,85.32,161.14,1.0000,-1,-1,-1
14,3,599.73,326.78,65.13,126.02,1.0000,-1,-1,-1
14,4,167.70,273.39,73.13,134.88,1.0000,-1,-1,-1
14,10,332.82,154.81,56.36,126.19,1.0000,-1,-1,-1
14,11,896.63,207.71,58.42,119.38,1.0000,-1,-1,-1
14,12,1217.52,174.09,62.21,125.65,1.0000,-1,-1,-1
14,13,523.36,526.18,55.02,98.89,1.0000,-1,-1,-1
15,1,103.47,324.34,69.15,129.85,1.0000,-1,-1,-1
15,2,1048.03,393.19,92.33,157.57,1.0000,-1,-1,-1
15,3,609.20,327.44,64.43,124.68,1.0000,-1,-1,-1
15,4,176.76,273.86,70.82,134.85,1.0000,-1,-1,-1
15,10,342.03,158.21,51.98,120.43,1.0000,-1,-1,-1
15,11,906.97,208.41,55.75,117.57,1.0000,-1,-1,-1
15,12,1222.34,178.55,58.30,120.52,1.0000,-1,-1,-1
15,13,524.20,527.69,55.56,97.25,1.0000,-1,-1,-1
16,1,111.28,323.52,76.81,131.53,1.0000,-1,-1,-1
16,2,1049.23,394.09,93.32,156.94,1.0000,-1,-1,-1
16,3,622.47,276.73,70.44,156.36,1.0000,-1,-1,-1
16,4,189.04,274.96,66.08,133.95,1.0000,-1,-1,-1
16,10,353.33,160.20,51.26,118.53,1.0000,-1,-1,-1
16,11,917.08,210.29,55.47,116.01,1.0000,-1,-1,-1
16,12,1223.94,181.24,57.24,118.33,1.0000,-1,-1,-1
16,13,527.98,529.17,53.71,95.24,1.0000,-1,-1,-1
17,1,116.13,322.87,82.09,133.30,1.0000,-1,-1,-1
17,2,1052.29,396.18,89.11,154.92,1.0000,-1,-1,-1
17,3,631.96,301.20,70.17,150.57,1.0000,-1,-1,-1
17,4,198.08,274.62,61.47,131.65,1.0000,-1,-1,-1
17,10,360.09,163.32,51.66,116.50,1.0000,-1,-1,-1
17,11,921.52,212.33,53.82,115.08,1.0000,-1,-1,-1
17,13,529.87,529.75,53.50,94.87,1.0000,-1,-1,-1
18,1,120.98,320.76,85.77,134.71,1.0000,-1,-1,-1
18,2,1053.33,397.88,82.43,152.06,1.0000,-1,-1,-1
18,3,640.86,312.99,69.60,144.42,1.0000,-1,-1,-1
18,4,205.69,275.33,58.06,131.08,1.0000,-1,-1,-1
18,10,364.60,163.28,54.84,117.34,1.0000,-1,-1,-1
18,11,925.95,212.70,54.65,116.79,1.0000,-1,-1,-1
18,13,531.11,531.57,49.69,92.53,1.0000,-1,-1,-1
19,1,127.85,320.35,87.80,136.25,1.0000,-1,-1,-1
19,2,1049.22,398.38,79.56,151.43,1.0000,-1,-1,-1
19,3,648.13,316.15,70.76,141.98,1.0000,-1,-1,-1
19,4,210.00,278.08,57.18,130.80,1.0000,-1,-1,-1
19,10,366.94,162.44,59.04,118.84,1.0000,-1,-1,-1
19,11,929.65,213.15,56.85,118.71,1.0000,-1,-1,-1
19,13,532.72,532.69,48.97,91.19,1.0000,-1,-1,-1
20,1,135.32,319.87,90.41,136.95,1.0000,-1,-1,-1
20,2,1052.82,397.31,72.60,151.10,1.0000,-1,-1,-1
20,3,654.05,318.10,72.42,140.43,1.0000,-1,-1,-1
20,4,212.44,277.57,58.09,127.61,1.0000,-1,-1,-1
20,10,369.84,160.78,63.68,120.58,1.0000,-1,-1,-1
20,11,933.45,216.17,58.28,117.84,1.0000,-1,-1,-1
21,1,146.35,316.29,91.14,137.82,1.0000,-1,-1,-1
21,2,1057.24,395.30,69.20,151.41,1.0000,-1,-1,-1
21,3,665.30,317.66,73.63,139.69,1.0000,-1,-1,-1
21,4,221.62,278.82,58.59,124.13,1.0000,-1,-1,-1
21,10,381.77,161.44,66.22,119.79,1.0000,-1,-1,-1
21,11,941.86,220.66,58.81,120.04,1.0000,-1,-1,-1
22,1,154.21,314.09,87.97,138.69,1.0000,-1,-1,-1
22,2,1053.34,393.65,71.83,153.15,1.0000,-1,-1,-1
22,3,673.69,320.77,74.15,136.19,1.0000,-1,-1,-1
22,4,227.84,281.82,61.65,122.23,1.0000,-1,-1,-1
22,10,389.58,162.20,68.27,119.64,1.0000,-1,-1,-1
22,11,948.82,222.98,57.97,120.32,1.0000,-1,-1,-1
23,1,160.53,311.32,84.49,140.10,1.0000,-1,-1,-1
23,2,1047.92,393.16,77.63,154.65,1.0000,-1,-1,-1
23,3,680.65,322.09,73.93,135.03,1.0000,-1,-1,-1
23,4,232.04,284.72,64.50,120.15,1.0000,-1,-1,-1
23,10,396.07,163.13,68.55,119.17,1.0000,-1,-1,-1
23,11,956.54,223.92,56.19,119.92,1.0000,-1,-1,-1
24,1,166.01,309.59,79.25,140.52,1.0000,-1,-1,-1
24,2,1040.86,392.34,84.18,155.36,1.0000,-1,-1,-1
24,3,686.06,322.68,73.89,134.21,1.0000,-1,-1,-1
24,4,235.33,288.53,69.53,121.94,1.0000,-1,-1,-1
24,10,401.17,161.78,68.07,119.60,1.0000,-1,-1,-1
24,11,963.17,224.48,55.26,119.82,1.0000,-1,-1,-1
25,1,172.11,307.80,75.60,141.81,1.0000,-1,-1,-1
25,2,1036.79,392.11,88.86,155.65,1.0000,-1,-1,-1
25,3,692.21,326.16,73.27,132.43,1.0000,-1,-1,-1
25,4,238.94,292.03,73.72,125.13,1.0000,-1,-1,-1
25,10,405.99,161.13,66.28,119.22,1.0000,-1,-1,-1
25,11,969.42,224.96,55.27,118.85,1.0000,-1,-1,-1
25,14,31.98,447.86,59.47,177.16,1.0000,-1,-1,-1
26,1,178.56,306.24,72.78,142.63,1.0000,-1,-1,-1
26,2,1031.33,391.87,91.08,155.54,1.0000,-1,-1,-1
26,3,701.72,326.85,71.49,130.14,1.0000,-1,-1,-1
26,4,244.71,292.38,75.84,126.06,1.0000,-1,-1,-1
26,10,412.46,160.64,64.01,119.12,1.0000,-1,-1,-1
26,11,976.67,224.99,55.64,118.72,1.0000,-1,-1,-1
26,14,40.13,405.18,66.26,205.38,1.0000,-1,-1,-1
27,1,185.11,306.09,71.60,143.87,1.0000,-1,-1,-1
27,2,1028.26,392.20,86.99,154.20,1.0000,-1,-1,-1
27,3,708.99,332.71,70.54,125.78,1.0000,-1,-1,-1
27,4,250.60,291.41,76.37,126.59,1.0000,-1,-1,-1
27,10,418.07,160.74,61.54,119.13,1.0000,-1,-1,-1
27,11,979.65,224.23,57.44,119.98,1.0000,-1,-1,-1
27,14,46.00,388.76,68.46,219.17,1.0000,-1,-1,-1
28,1,188.98,306.23,70.28,144.64,1.0000,-1,-1,-1
28,2,1028.78,391.85,81.43,153.44,1.0000,-1,-1,-1
28,3,714.32,330.13,69.86,126.64,1.0000,-1,-1,-1
28,4,254.41,291.50,76.74,128.60,1.0000,-1,-1,-1
28,10,421.91,160.80,60.95,119.32,1.0000,-1,-1,-1
28,11,985.42,225.84,60.52,121.46,1.0000,-1,-1,-1
28,14,52.00,380.63,70.17,224.63,1.0000,-1,-1,-1
29,1,192.67,306.48,69.56,145.46,1.0000,-1,-1,-1
29,2,1032.20,388.98,74.55,153.57,1.0000,-1,-1,-1
29,3,719.94,328.31,69.61,127.58,1.0000,-1,-1,-1
29,4,259.70,290.35,75.50,129.66,1.0000,-1,-1,-1
29,10,427.33,161.66,59.47,119.13,1.0000,-1,-1,-1
29,11,989.86,227.21,62.50,124.37,1.0000,-1,-1,-1
29,14,54.99,423.98,63.74,198.67,1.0000,-1,-1,-1
30,1,197.79,307.39,68.23,144.64,1.0000,-1,-1,-1
30,2,1035.37,388.46,66.52,154.60,1.0000,-1,-1,-1
30,3,725.17,327.99,69.92,128.06,1.0000,-1,-1,-1
30,4,265.59,289.11,73.80,129.78,1.0000,-1,-1,-1
30,10,433.77,161.18,58.28,118.68,1.0000,-1,-1,-1
30,11,994.56,227.38,63.14,127.57,1.0000,-1,-1,-1
30,14,60.98,440.00,61.59,181.85,1.0000,-1,-1,-1
31,1,205.04,306.90,68.80,145.05,1.0000,-1,-1,-1
31,2,1035.66,386.79,62.10,155.54,1.0000,-1,-1,-1
31,3,733.22,327.99,69.70,128.15,1.0000,-1,-1,-1
31,4,270.39,287.98,74.24,131.72,1.0000,-1,-1,-1
31,10,440.22,161.84,57.94,118.71,1.0000,-1,-1,-1
31,11,999.38,228.02,64.36,130.94,1.0000,-1,-1,-1
31,14,68.83,446.50,60.83,172.51,1.0000,-1,-1,-1
32,1,212.61,305.60,69.03,145.69,1.0000,-1,-1,-1
32,2,1031.67,385.47,61.17,155.95,1.0000,-1,-1,-1
32,3,739.26,329.00,70.52,127.31,1.0000,-1,-1,-1
32,4,275.63,287.34,73.86,132.37,1.0000,-1,-1,-1
32,10,446.92,159.65,57.95,119.14,1.0000,-1,-1,-1
32,11,1002.28,228.26,65.22,134.53,1.0000,-1,-1,-1
32,14,74.32,444.95,60.87,168.92,1.0000,-1,-1,-1
33,1,219.08,303.77,69.24,146.55,1.0000,-1,-1,-1
33,2,1026.78,384.28,62.18,156.08,1.0000,-1,-1,-1
33,3,743.27,330.76,71.23,126.18,1.0000,-1,-1,-1
33,4,280.24,287.69,73.05,132.80,1.0000,-1,-1,-1
33,10,451.46,159.82,58.47,119.94,1.0000,-1,-1,-1
33,11,1003.58,229.99,66.27,135.82,1.0000,-1,-1,-1
33,14,80.65,443.29,61.09,167.54,1.0000,-1,-1,-1
33,17,1149.13,174.05,74.29,114.74,1.0000,-1,-1,-1
34,1,225.20,301.57,70.17,145.85,1.0000,-1,-1,-1
34,2,1019.57,383.11,64.79,155.39,1.0000,-1,-1,-1
34,3,747.14,330.47,71.58,126.03,1.0000,-1,-1,-1
34,4,283.99,287.17,71.64,133.89,1.0000,-1,-1,-1
34,10,456.28,159.54,59.72,120.09,1.0000,-1,-1,-1
34,11,1005.23,231.52,67.22,135.98,1.0000,-1,-1,-1
34,14,86.44,442.76,61.43,165.91,1.0000,-1,-1,-1
34,17,1147.91,172.68,62.56,111.07,1.0000,-1,-1,-1
35,1,231.87,299.83,72.08,144.92,1.0000,-1,-1,-1
35,2,1013.15,384.20,68.00,153.93,1.0000,-1,-1,-1
35,3,748.98,336.53,71.91,122.50,1.0000,-1,-1,-1
35,4,289.80,287.83,69.91,135.21,1.0000,-1,-1,-1
35,10,461.40,160.20,61.11,119.90,1.0000,-1,-1,-1
35,11,1009.28,230.61,67.15,136.69,1.0000,-1,-1,-1
35,14,91.46,442.20,61.39,164.78,1.0000,-1,-1,-1
35,17,1144.14,174.31,58.96,104.68,1.0000,-1,-1,-1
36,1,240.15,301.57,74.38,144.29,1.0000,-1,-1,-1
36,2,1004.26,390.85,75.63,149.89,1.0000,-1,-1,-1
36,3,754.02,338.31,72.62,122.33,1.0000,-1,-1,-1
36,4,295.24,289.49,68.32,136.83,1.0000,-1,-1,-1
36,10,470.63,157.23,60.99,120.91,1.0000,-1,-1,-1
36,11,1014.47,231.25,66.41,136.06,1.0000,-1,-1,-1
36,14,99.47,442.03,60.07,163.51,1.0000,-1,-1,-1
36,17,1133.53,175.73,55.92,108.68,1.0000,-1,-1,-1
37,1,247.27,302.05,76.47,145.13,1.0000,-1,-1,-1
37,2,998.78,392.81,83.23,148.17,1.0000,-1,-1,-1
37,3,757.88,337.12,73.90,124.86,1.0000,-1,-1,-1
37,4,300.43,290.14,68.38,136.94,1.0000,-1,-1,-1
37,10,475.70,155.51,60.15,121.97,1.0000,-1,-1,-1
37,11,1017.74,231.51,65.38,135.66,1.0000,-1,-1,-1
37,14,105.11,441.43,59.45,163.24,1.0000,-1,-1,-1
37,17,1123.21,172.72,58.48,112.71,1.0000,-1,-1,-1
38,1,253.63,303.30,79.09,145.72,1.0000,-1,-1,-1
38,2,995.39,392.97,90.02,147.74,1.0000,-1,-1,-1
38,3,762.22,334.94,76.57,126.19,1.0000,-1,-1,-1
38,4,308.68,290.44,62.74,138.70,1.0000,-1,-1,-1
38,10,480.78,156.85,59.38,121.38,1.0000,-1,-1,-1
38,11,1023.87,232.90,62.16,134.45,1.0000,-1,-1,-1
38,14,109.75,429.93,60.14,170.13,1.0000,-1,-1,-1
38,17,1116.94,174.08,56.42,108.75,1.0000,-1,-1,-1
39,1,258.68,307.24,81.51,144.18,1.0000,-1,-1,-1
39,2,995.03,390.12,94.89,149.22,1.0000,-1,-1,-1
39,3,765.02,334.84,78.70,127.18,1.0000,-1,-1,-1
39,4,313.93,291.21,62.72,138.66,1.0000,-1,-1,-1
39,10,485.12,157.89,58.35,120.84,1.0000,-1,-1,-1
39,11,1027.44,234.43,59.91,133.32,1.0000,-1,-1,-1
39,14,113.89,435.57,60.47,167.95,1.0000,-1,-1,-1
39,17,1106.76,172.39,64.30,115.53,1.0000,-1,-1,-1
39,19,525.90,518.87,58.80,100.82,1.0000,-1,-1,-1
40,1,261.64,310.61,83.32,142.07,1.0000,-1,-1,-1
40,2,994.15,388.66,97.01,150.19,1.0000,-1,-1,-1
40,3,768.12,335.58,78.93,126.92,1.0000,-1,-1,-1
40,10,489.10,157.20,58.80,121.21,1.0000,-1,-1,-1
40,11,1030.56,235.07,58.35,132.67,1.0000,-1,-1,-1
40,14,117.07,435.09,61.05,168.40,1.0000,-1,-1,-1
40,17,1101.21,174.02,64.19,114.39,1.0000,-1,-1,-1
40,19,529.21,520.81,50.50,96.29,1.0000,-1,-1,-1
41,1,268.23,318.96,88.94,136.70,1.0000,-1,-1,-1
41,2,994.05,387.26,93.75,150.92,1.0000,-1,-1,-1
41,3,772.82,336.67,81.66,127.58,1.0000,-1,-1,-1
41,10,496.15,158.50,58.29,119.94,1.0000,-1,-1,-1
41,11,1036.83,239.50,56.83,133.83,1.0000,-1,-1,-1
41,14,121.98,439.06,62.49,166.70,1.0000,-1,-1,-1
41,17,1094.72,174.73,63.26,112.73,1.0000,-1,-1,-1
41,19,525.42,519.68,47.80,98.66,1.0000,-1,-1,-1
41,20,825.94,252.85,75.00,117.37,1.0000,-1,-1,-1
42,1,274.32,309.49,97.85,142.67,1.0000,-1,-1,-1
42,2,992.92,386.00,88.39,151.81,1.0000,-1,-1,-1
42,3,777.02,336.93,84.63,127.58,1.0000,-1,-1,-1
42,10,498.52,158.34,58.10,119.63,1.0000,-1,-1,-1
42,11,1040.79,236.21,56.38,137.19,1.0000,-1,-1,-1
42,14,124.75,442.74,63.11,163.77,1.0000,-1,-1,-1
42,19,524.76,518.62,45.02,99.26,1.0000,-1,-1,-1
42,20,828.87,253.54,74.53,115.86,1.0000,-1,-1,-1
43,1,274.78,305.73,100.09,144.78,1.0000,-1,-1,-1
43,2,991.21,383.99,81.72,152.91,1.0000,-1,-1,-1
43,3,780.30,337.29,88.15,127.32,1.0000,-1,-1,-1
43,10,501.79,155.59,58.18,121.10,1.0000,-1,-1,-1
43,11,1042.97,232.59,57.31,141.31,1.0000,-1,-1,-1
43,14,128.33,444.28,62.50,161.61,1.0000,-1,-1,-1
43,19,522.33,517.13,44.36,101.41,1.0000,-1,-1,-1
43,20,832.35,254.06,72.92,114.07,1.0000,-1,-1,-1
44,1,278.96,302.55,105.55,146.63,1.0000,-1,-1,-1
44,2,987.72,382.08,72.94,153.72,1.0000,-1,-1,-1
44,3,782.04,337.15,91.23,127.30,1.0000,-1,-1,-1
44,10,505.14,154.12,57.85,122.39,1.0000,-1,-1,-1
44,11,1047.23,233.29,57.47,141.70,1.0000,-1,-1,-1
44,14,131.55,447.32,61.22,158.45,1.0000,-1,-1,-1
44,19,520.62,515.65,44.29,104.17,1.0000,-1,-1,-1
44,20,835.69,253.61,71.53,111.73,1.0000,-1,-1,-1
45,1,283.89,299.04,109.49,149.78,1.0000,-1,-1,-1
45,2,985.30,381.01,65.96,154.38,1.0000,-1,-1,-1
45,3,782.95,337.01,93.17,127.32,1.0000,-1,-1,-1
45,10,508.51,154.00,57.12,122.89,1.0000,-1,-1,-1
45,11,1052.70,211.93,67.28,159.28,1.0000,-1,-1,-1
45,14,134.46,448.68,60.22,156.37,1.0000,-1,-1,-1
45,19,520.22,515.28,43.74,105.37,1.0000,-1,-1,-1
45,20,839.35,253.87,70.99,110.89,1.0000,-1,-1,-1
46,1,290.72,295.73,112.07,152.13,1.0000,-1,-1,-1
46,2,977.66,378.69,61.60,154.97,1.0000,-1,-1,-1
46,3,790.21,296.91,107.61,153.10,1.0000,-1,-1,-1
46,10,513.67,154.52,56.06,122.76,1.0000,-1,-1,-1
46,11,1054.10,195.71,69.88,173.38,1.0000,-1,-1,-1
46,14,139.82,451.22,58.97,154.50,1.0000,-1,-1,-1
46,19,515.06,514.17,45.71,107.57,1.0000,-1,-1,-1
47,1,297.29,294.92,112.19,152.30,1.0000,-1,-1,-1
47,2,970.36,377.75,59.64,156.07,1.0000,-1,-1,-1
47,3,792.03,277.22,115.55,170.29,1.0000,-1,-1,-1
47,10,516.66,154.87,54.93,122.47,1.0000,-1,-1,-1
47,11,1053.04,194.92,68.07,177.57,1.0000,-1,-1,-1
47,14,142.84,453.28,58.07,152.51,1.0000,-1,-1,-1
47,19,511.29,513.21,47.30,108.75,1.0000,-1,-1,-1
48,2,962.26,377.77,58.94,156.76,1.0000,-1,-1,-1
48,3,793.64,267.28,120.62,182.11,1.0000,-1,-1,-1
48,10,518.82,155.01,53.58,122.42,1.0000,-1,-1,-1
48,11,1052.99,193.10,66.35,180.81,1.0000,-1,-1,-1
48,14,145.54,449.01,57.89,153.74,1.0000,-1,-1,-1
48,19,507.23,512.61,49.51,110.29,1.0000,-1,-1,-1
49,2,951.98,378.88,60.73,156.55,1.0000,-1,-1,-1
49,3,799.06,263.70,121.39,183.28,1.0000,-1,-1,-1
49,10,520.71,157.60,52.61,121.42,1.0000,-1,-1,-1
49,11,1054.07,218.87,65.06,166.46,1.0000,-1,-1,-1
49,14,147.45,452.00,56.65,150.84,1.0000,-1,-1,-1
49,19,504.05,511.77,51.16,112.16,1.0000,-1,-1,-1
50,2,941.93,380.11,65.98,155.88,1.0000,-1,-1,-1
50,3,787.90,311.14,113.79,162.16,1.0000,-1,-1,-1
50,10,522.73,158.56,51.68,120.83,1.0000,-1,-1,-1
50,11,1055.85,230.15,63.53,157.64,1.0000,-1,-1,-1
50,14,149.26,448.39,55.79,150.99,1.0000,-1,-1,-1
50,19,500.47,511.29,51.74,112.61,1.0000,-1,-1,-1
51,2,930.90,383.67,75.37,153.89,1.0000,-1,-1,-1
51,3,788.09,326.40,108.27,148.75,1.0000,-1,-1,-1
51,10,524.22,158.54,50.87,120.89,1.0000,-1,-1,-1
51,11,1058.69,235.41,62.32,153.17,1.0000,-1,-1,-1
51,14,152.17,451.13,55.52,148.82,1.0000,-1,-1,-1
51,19,494.95,510.31,50.53,113.09,1.0000,-1,-1,-1
51,22,363.04,296.27,91.93,151.93,1.0000,-1,-1,-1
52,2,924.01,385.69,82.98,151.99,1.0000,-1,-1,-1
52,3,790.68,334.01,103.86,139.91,1.0000,-1,-1,-1
52,10,524.91,159.21,50.29,120.85,1.0000,-1,-1,-1
52,11,1060.55,239.02,61.33,150.29,1.0000,-1,-1,-1
52,14,155.44,452.23,56.20,148.99,1.0000,-1,-1,-1
52,19,491.97,509.52,47.95,113.02,1.0000,-1,-1,-1
52,22,369.00,296.27,96.85,152.79,1.0000,-1,-1,-1
53,2,918.76,386.88,88.35,150.66,1.0000,-1,-1,-1
53,3,794.66,335.83,99.76,134.68,1.0000,-1,-1,-1
53,10,525.55,160.22,49.75,120.51,1.0000,-1,-1,-1
53,11,1061.71,241.88,60.71,147.96,1.0000,-1,-1,-1
53,14,158.27,453.56,57.79,148.76,1.0000,-1,-1,-1
53,19,490.03,508.57,46.03,113.35,1.0000,-1,-1,-1
53,22,373.49,298.63,97.71,151.53,1.0000,-1,-1,-1
54,2,914.11,387.58,92.03,149.67,1.0000,-1,-1,-1
54,3,797.39,336.15,96.59,132.06,1.0000,-1,-1,-1
54,10,525.63,159.45,49.85,120.30,1.0000,-1,-1,-1
54,11,1062.35,244.40,60.31,145.73,1.0000,-1,-1,-1
54,14,158.64,454.99,57.49,147.78,1.0000,-1,-1,-1
54,19,488.38,508.19,44.19,114.09,1.0000,-1,-1,-1
54,22,376.96,299.66,96.91,149.40,1.0000,-1,-1,-1
55,2,906.15,386.35,93.45,149.54,1.0000,-1,-1,-1
55,3,799.07,336.37,93.95,130.72,1.0000,-1,-1,-1
55,10,526.12,159.11,50.91,120.52,1.0000,-1,-1,-1
55,11,1062.72,245.64,60.16,143.53,1.0000,-1,-1,-1
55,14,158.95,455.77,56.94,147.01,1.0000,-1,-1,-1
55,19,485.29,507.08,44.09,115.21,1.0000,-1,-1,-1
55,22,382.58,299.20,99.06,149.30,1.0000,-1,-1,-1
56,2,893.98,383.81,89.58,147.52,1.0000,-1,-1,-1
56,3,799.89,337.93,92.86,129.46,1.0000,-1,-1,-1
56,10,526.54,159.10,52.62,120.61,1.0000,-1,-1,-1
56,11,1062.49,247.41,60.42,141.07,1.0000,-1,-1,-1
56,14,158.63,457.28,55.23,145.57,1.0000,-1,-1,-1
56,19,474.52,505.29,48.43,118.53,1.0000,-1,-1,-1
56,22,384.52,297.91,99.46,148.44,1.0000,-1,-1,-1
57,2,882.58,381.84,85.38,145.58,1.0000,-1,-1,-1
57,3,799.98,339.97,91.64,128.69,1.0000,-1,-1,-1
57,10,526.11,158.63,53.68,121.02,1.0000,-1,-1,-1
57,11,1063.12,247.47,59.90,139.13,1.0000,-1,-1,-1
57,14,158.36,458.78,54.54,144.03,1.0000,-1,-1,-1
57,19,466.56,504.18,53.03,121.33,1.0000,-1,-1,-1
57,22,389.63,298.20,99.15,147.97,1.0000,-1,-1,-1
58,2,869.15,372.05,81.91,149.11,1.0000,-1,-1,-1
58,3,799.65,340.49,90.52,127.98,1.0000,-1,-1,-1
58,10,525.41,158.03,54.19,121.84,1.0000,-1,-1,-1
58,11,1062.90,249.75,60.02,137.96,1.0000,-1,-1,-1
58,14,157.79,460.26,53.78,142.42,1.0000,-1,-1,-1
58,19,467.88,503.91,51.83,120.46,1.0000,-1,-1,-1
58,22,389.30,294.81,101.70,151.09,1.0000,-1,-1,-1
58,24,184.96,366.66,41.61,114.99,1.0000,-1,-1,-1
59,2,865.44,368.16,79.29,151.84,1.0000,-1,-1,-1
59,3,797.71,340.78,90.97,127.78,1.0000,-1,-1,-1
59,10,524.55,157.46,54.46,123.19,1.0000,-1,-1,-1
59,11,1062.78,250.93,60.07,136.50,1.0000,-1,-1,-1
59,14,157.07,461.73,53.34,140.91,1.0000,-1,-1,-1
59,19,467.03,503.96,51.73,120.05,1.0000,-1,-1,-1
59,22,398.37,291.34,101.19,152.58,1.0000,-1,-1,-1
59,24,185.94,366.25,42.26,116.80,1.0000,-1,-1,-1
59,25,859.28,260.29,66.52,118.49,1.0000,-1,-1,-1
60,2,860.75,369.89,78.65,151.88,1.0000,-1,-1,-1
60,3,794.90,340.36,90.64,127.67,1.0000,-1,-1,-1
60,10,524.09,156.66,54.74,124.88,1.0000,-1,-1,-1
60,11,1063.08,251.89,59.93,135.54,1.0000,-1,-1,-1
60,14,155.90,462.63,53.49,140.18,1.0000,-1,-1,-1
60,19,464.32,503.87,53.04,120.23,1.0000,-1,-1,-1
60,22,426.20,294.60,88.71,148.84,1.0000,-1,-1,-1
60,25,859.35,260.42,65.99,121.88,1.0000,-1,-1,-1
61,2,849.70,368.13,80.25,152.69,1.0000,-1,-1,-1
61,3,784.32,339.47,85.52,128.29,1.0000,-1,-1,-1
61,10,523.65,155.73,55.02,126.62,1.0000,-1,-1,-1
61,11,1064.94,252.89,58.69,134.94,1.0000,-1,-1,-1
61,14,154.22,460.73,53.97,141.33,1.0000,-1,-1,-1
61,19,460.57,502.90,52.97,121.11,1.0000,-1,-1,-1
61,22,443.61,301.18,90.43,145.98,1.0000,-1,-1,-1
61,25,859.87,259.00,64.79,121.91,1.0000,-1,-1,-1
62,2,837.37,365.66,84.28,152.69,1.0000,-1,-1,-1
62,3,778.94,338.00,82.90,129.50,1.0000,-1,-1,-1
62,10,523.30,155.96,55.09,127.58,1.0000,-1,-1,-1
62,11,1066.64,253.77,57.30,134.48,1.0000,-1,-1,-1
62,14,153.29,457.66,54.42,143.64,1.0000,-1,-1,-1
62,19,456.37,501.96,53.32,121.59,1.0000,-1,-1,-1
62,22,452.74,302.50,93.73,145.83,1.0000,-1,-1,-1
62,25,859.93,258.90,64.40,123.41,1.0000,-1,-1,-1
63,2,826.23,368.51,88.39,150.20,1.0000,-1,-1,-1
63,3,774.58,337.07,79.37,130.40,1.0000,-1,-1,-1
63,10,523.16,155.29,54.91,128.64,1.0000,-1,-1,-1
63,11,1067.37,254.15,56.30,134.22,1.0000,-1,-1,-1
63,14,153.30,455.27,55.64,146.07,1.0000,-1,-1,-1
63,19,452.14,501.19,53.47,122.98,1.0000,-1,-1,-1
63,22,455.73,300.93,97.74,145.77,1.0000,-1,-1,-1
63,25,860.55,258.07,62.70,123.11,1.0000,-1,-1,-1
64,2,817.37,365.07,90.49,151.21,1.0000,-1,-1,-1
64,3,772.39,335.95,74.41,131.09,1.0000,-1,-1,-1
64,10,523.37,155.87,54.26,129.04,1.0000,-1,-1,-1
64,11,1067.54,254.54,55.69,134.33,1.0000,-1,-1,-1
64,14,153.73,454.71,57.04,147.38,1.0000,-1,-1,-1
64,19,447.90,501.44,54.47,125.22,1.0000,-1,-1,-1
64,22,455.96,285.98,99.91,152.81,1.0000,-1,-1,-1
64,25,859.74,258.18,62.49,123.52,1.0000,-1,-1,-1
65,2,811.58,370.00,88.97,146.77,1.0000,-1,-1,-1
65,3,768.00,333.51,70.40,130.74,1.0000,-1,-1,-1
65,10,523.97,156.68,53.58,129.01,1.0000,-1,-1,-1
65,11,1068.33,254.59,54.70,134.61,1.0000,-1,-1,-1
65,14,155.03,453.75,61.08,148.64,1.0000,-1,-1,-1
65,19,442.23,499.45,56.52,125.85,1.0000,-1,-1,-1
65,22,463.46,284.96,99.93,152.84,1.0000,-1,-1,-1
65,25,859.69,259.68,63.24,123.79,1.0000,-1,-1,-1
66,2,804.03,369.15,89.03,146.86,1.0000,-1,-1,-1
66,3,766.07,333.58,70.33,130.60,1.0000,-1,-1,-1
66,10,523.81,159.49,53.95,128.10,1.0000,-1,-1,-1
66,11,1069.45,255.50,52.70,135.14,1.0000,-1,-1,-1
66,14,154.86,453.38,67.25,150.08,1.0000,-1,-1,-1
66,19,437.06,497.87,57.57,126.31,1.0000,-1,-1,-1
66,25,859.48,261.61,63.48,124.44,1.0000,-1,-1,-1
66,27,200.42,363.11,48.23,125.43,1.0000,-1,-1,-1
67,2,781.63,366.51,79.52,148.29,1.0000,-1,-1,-1
67,10,524.61,161.60,54.18,126.93,1.0000,-1,-1,-1
67,11,1070.19,255.43,50.83,135.07,1.0000,-1,-1,-1
67,14,152.95,453.23,71.97,150.75,1.0000,-1,-1,-1
67,19,433.81,496.87,58.69,126.85,1.0000,-1,-1,-1
67,25,860.24,262.64,63.07,124.81,1.0000,-1,-1,-1
67,27,201.34,365.73,50.04,134.49,1.0000,-1,-1,-1
68,2,768.77,365.85,77.75,149.27,1.0000,-1,-1,-1
68,10,525.53,162.65,54.93,125.97,1.0000,-1,-1,-1
68,11,1069.91,255.53,49.75,134.85,1.0000,-1,-1,-1
68,14,146.72,453.12,69.57,151.31,1.0000,-1,-1,-1
68,19,430.68,496.77,59.45,127.75,1.0000,-1,-1,-1
68,25,860.70,263.04,62.81,125.08,1.0000,-1,-1,-1
68,27,202.43,365.18,51.55,139.68,1.0000,-1,-1,-1
69,2,759.81,346.94,78.88,159.83,1.0000,-1,-1,-1
69,10,525.69,162.43,54.91,125.95,1.0000,-1,-1,-1
69,11,1069.64,255.63,49.45,134.44,1.0000,-1,-1,-1
69,14,143.84,453.28,66.93,151.54,1.0000,-1,-1,-1
69,19,427.27,496.30,61.05,128.34,1.0000,-1,-1,-1
69,25,861.23,263.79,62.27,125.55,1.0000,-1,-1,-1
69,27,204.10,367.36,53.02,143.68,1.0000,-1,-1,-1
69,28,543.26,300.25,60.57,147.26,1.0000,-1,-1,-1
69,29,499.54,273.83,54.25,152.37,1.0000,-1,-1,-1
70,2,753.88,337.80,80.21,167.42,1.0000,-1,-1,-1
70,10,525.96,162.25,54.63,125.64,1.0000,-1,-1,-1
70,11,1067.20,256.17,50.57,134.30,1.0000,-1,-1,-1
70,14,142.65,453.52,65.01,151.64,1.0000,-1,-1,-1
70,19,424.65,496.21,62.37,128.98,1.0000,-1,-1,-1
70,25,862.91,263.71,60.74,125.22,1.0000,-1,-1,-1
70,28,546.32,295.21,66.88,152.39,1.0000,-1,-1,-1
70,29,500.55,277.00,60.80,150.65,1.0000,-1,-1,-1
71,2,739.86,333.64,83.66,171.09,1.0000,-1,-1,-1
71,10,524.96,162.21,54.99,125.65,1.0000,-1,-1,-1
71,11,1064.47,256.13,51.70,134.23,1.0000,-1,-1,-1
71,14,140.98,454.46,64.11,151.34,1.0000,-1,-1,-1
71,19,419.65,496.08,63.87,130.24,1.0000,-1,-1,-1
71,25,865.33,264.95,58.68,125.53,1.0000,-1,-1,-1
71,28,554.56,288.80,74.54,156.35,1.0000,-1,-1,-1
71,29,502.46,276.80,69.04,151.84,1.0000,-1,-1,-1
72,2,727.09,330.49,87.84,172.70,1.0000,-1,-1,-1
72,10,523.45,162.18,56.30,125.53,1.0000,-1,-1,-1
72,11,1061.16,256.27,53.53,133.87,1.0000,-1,-1,-1
72,14,139.32,454.67,63.82,151.26,1.0000,-1,-1,-1
72,19,416.65,496.06,64.78,130.75,1.0000,-1,-1,-1
72,25,864.74,265.18,58.83,126.24,1.0000,-1,-1,-1
72,28,558.80,284.17,82.36,159.46,1.0000,-1,-1,-1
72,29,504.16,274.57,74.47,155.64,1.0000,-1,-1,-1
73,2,717.13,333.42,89.37,170.51,1.0000,-1,-1,-1
73,10,521.56,163.28,57.60,126.73,1.0000,-1,-1,-1
73,11,1058.81,257.32,55.24,132.94,1.0000,-1,-1,-1
73,14,137.64,455.12,63.43,151.10,1.0000,-1,-1,-1
73,19,414.42,496.05,64.96,131.67,1.0000,-1,-1,-1
73,25,864.35,265.23,58.90,127.19,1.0000,-1,-1,-1
73,28,571.00,278.81,87.98,152.84,1.0000,-1,-1,-1
73,29,508.16,272.08,77.44,156.06,1.0000,-1,-1,-1
74,2,712.03,336.42,87.72,167.50,1.0000,-1,-1,-1
74,10,521.10,162.43,59.14,127.43,1.0000,-1,-1,-1
74,11,1057.65,257.69,56.37,132.82,1.0000,-1,-1,-1
74,14,136.01,455.75,63.22,151.35,1.0000,-1,-1,-1
74,19,412.00,497.08,64.73,130.56,1.0000,-1,-1,-1
74,25,861.17,265.43,61.43,128.85,1.0000,-1,-1,-1
74,28,576.00,279.32,88.65,148.91,1.0000,-1,-1,-1
74,29,514.16,271.32,81.16,155.96,1.0000,-1,-1,-1
75,2,702.79,334.69,87.84,167.73,1.0000,-1,-1,-1
75,10,519.08,160.75,60.21,127.44,1.0000,-1,-1,-1
75,11,1056.57,257.92,57.35,132.66,1.0000,-1,-1,-1
75,14,135.30,456.16,62.83,151.25,1.0000,-1,-1,-1
75,19,409.08,497.07,65.34,129.80,1.0000,-1,-1,-1
75,25,860.22,265.15,63.09,129.96,1.0000,-1,-1,-1
75,28,583.65,273.57,91.45,153.62,1.0000,-1,-1,-1
75,29,521.80,270.44,82.99,152.68,1.0000,-1,-1,-1
76,2,686.25,342.01,74.38,163.48,1.0000,-1,-1,-1
76,10,516.31,159.25,61.26,128.02,1.0000,-1,-1,-1
76,11,1055.39,259.71,57.88,132.01,1.0000,-1,-1,-1
76,14,134.28,456.78,62.98,151.16,1.0000,-1,-1,-1
76,19,403.93,497.12,66.19,129.05,1.0000,-1,-1,-1
76,25,859.68,264.30,64.67,131.20,1.0000,-1,-1,-1
76,28,620.05,279.62,69.94,137.84,1.0000,-1,-1,-1
76,29,526.54,267.70,85.44,157.20,1.0000,-1,-1,-1
77,2,675.85,341.00,74.38,163.48,1.0000,-1,-1,-1
77,10,513.83,158.79,61.94,128.57,1.0000,-1,-1,-1
77,11,1055.05,260.72,57.94,131.57,1.0000,-1,-1,-1
77,14,132.80,457.05,63.44,151.05,1.0000,-1,-1,-1
77,19,400.43,498.42,67.33,127.46,1.0000,-1,-1,-1
77,25,859.16,264.03,66.07,132.21,1.0000,-1,-1,-1
77,28,631.29,276.07,70.33,138.60,1.0000,-1,-1,-1
78,2,656.88,342.19,78.83,161.25,1.0000,-1,-1,-1
78,10,512.00,159.16,62.80,128.50,1.0000,-1,-1,-1
78,11,1054.72,261.93,57.50,131.51,1.0000,-1,-1,-1
78,14,131.12,457.31,63.94,151.03,1.0000,-1,-1,-1
78,19,397.61,498.81,68.44,126.18,1.0000,-1,-1,-1
78,25,858.97,264.43,66.37,132.80,1.0000,-1,-1,-1
78,32,717.57,325.16,66.78,152.85,1.0000,-1,-1,-1
79,2,651.76,349.30,80.08,154.41,1.0000,-1,-1,-1
79,10,511.16,159.04,63.53,128.61,1.0000,-1,-1,-1
79,11,1054.81,262.63,56.82,131.80,1.0000,-1,-1,-1
79,14,129.89,457.58,64.41,151.32,1.0000,-1,-1,-1
79,19,394.20,499.28,69.59,125.07,1.0000,-1,-1,-1
79,32,710.57,322.78,71.19,155.88,1.0000,-1,-1,-1
80,2,648.36,354.02,79.31,148.85,1.0000,-1,-1,-1
80,10,510.32,158.58,64.36,129.02,1.0000,-1,-1,-1
80,11,1054.81,263.57,56.19,131.80,1.0000,-1,-1,-1
80,14,128.46,457.62,64.79,151.48,1.0000,-1,-1,-1
80,19,391.36,499.82,70.30,124.36,1.0000,-1,-1,-1
80,32,702.47,319.48,74.46,158.32,1.0000,-1,-1,-1
81,2,628.41,352.77,86.68,146.10,1.0000,-1,-1,-1
81,10,509.64,159.17,65.11,129.11,1.0000,-1,-1,-1
81,11,1055.35,265.75,55.72,130.98,1.0000,-1,-1,-1
81,14,127.16,458.04,65.52,152.06,1.0000,-1,-1,-1
81,19,388.27,500.61,69.61,123.72,1.0000,-1,-1,-1
81,32,695.75,315.37,77.23,164.23,1.0000,-1,-1,-1
81,34,996.54,152.20,46.39,122.96,1.0000,-1,-1,-1
82,2,618.03,352.24,86.71,146.13,1.0000,-1,-1,-1
82,10,508.57,159.12,66.17,129.50,1.0000,-1,-1,-1
82,11,1055.83,266.60,55.01,130.63,1.0000,-1,-1,-1
82,14,126.38,458.29,66.33,152.71,1.0000,-1,-1,-1
82,19,385.30,500.96,69.31,123.57,1.0000,-1,-1,-1
82,34,996.92,152.54,46.26,122.14,1.0000,-1,-1,-1
83,2,611.09,307.77,91.65,169.59,1.0000,-1,-1,-1
83,10,506.12,158.77,65.34,129.88,1.0000,-1,-1,-1
83,11,1056.41,267.87,54.51,130.05,1.0000,-1,-1,-1
83,14,125.63,458.65,67.84,153.40,1.0000,-1,-1,-1
83,19,383.51,501.47,69.22,123.31,1.0000,-1,-1,-1
83,34,998.20,151.64,47.64,123.72,1.0000,-1,-1,-1
84,2,601.15,304.32,91.80,169.86,1.0000,-1,-1,-1
84,10,504.79,158.41,65.95,130.16,1.0000,-1,-1,-1
84,11,1056.30,268.65,54.95,129.22,1.0000,-1,-1,-1
84,14,124.72,459.24,69.50,154.15,1.0000,-1,-1,-1
84,19,382.10,502.77,68.86,124.24,1.0000,-1,-1,-1
84,34,999.05,149.44,49.53,126.39,1.0000,-1,-1,-1
85,2,598.97,328.27,84.29,163.55,1.0000,-1,-1,-1
85,10,502.85,157.57,66.46,130.27,1.0000,-1,-1,-1
85,11,1053.51,269.81,55.84,129.00,1.0000,-1,-1,-1
85,14,124.04,459.67,70.93,154.86,1.0000,-1,-1,-1
85,19,380.95,502.48,67.73,123.79,1.0000,-1,-1,-1
85,34,1000.12,149.18,50.86,126.91,1.0000,-1,-1,-1
85,35,722.82,285.91,61.36,139.98,1.0000,-1,-1,-1
86,2,589.41,326.96,84.35,163.68,1.0000,-1,-1,-1
86,10,497.14,156.13,63.90,131.19,1.0000,-1,-1,-1
86,11,1049.87,273.14,56.31,127.48,1.0000,-1,-1,-1
86,14,123.54,460.36,72.11,155.69,1.0000,-1,-1,-1
86,19,379.49,502.67,65.88,123.48,1.0000,-1,-1,-1
86,34,1002.77,148.60,53.71,127.65,1.0000,-1,-1,-1
86,35,740.47,287.77,54.09,134.41,1.0000,-1,-1,-1
87,2,575.76,329.25,70.54,160.98,1.0000,-1,-1,-1
87,10,494.33,155.13,61.12,132.08,1.0000,-1,-1,-1
87,11,1047.11,276.01,55.90,125.79,1.0000,-1,-1,-1
87,14,122.93,460.88,72.72,156.40,1.0000,-1,-1,-1
87,19,379.09,503.26,64.26,123.55,1.0000,-1,-1,-1
87,34,1003.87,148.10,56.94,128.21,1.0000,-1,-1,-1
87,35,752.92,285.08,55.71,138.57,1.0000,-1,-1,-1
88,2,568.28,328.87,64.43,160.13,1.0000,-1,-1,-1
88,10,492.08,154.55,58.16,132.39,1.0000,-1,-1,-1
88,11,1044.88,277.94,56.49,124.29,1.0000,-1,-1,-1
88,14,122.52,461.23,72.92,157.03,1.0000,-1,-1,-1
88,19,379.41,504.94,62.68,124.98,1.0000,-1,-1,-1
88,34,1006.50,146.55,62.47,130.83,1.0000,-1,-1,-1
88,35,761.32,281.11,61.98,145.93,1.0000,-1,-1,-1
89,2,557.88,327.47,64.99,159.34,1.0000,-1,-1,-1
89,10,490.48,154.97,55.35,132.31,1.0000,-1,-1,-1
89,11,1043.62,279.36,56.99,123.19,1.0000,-1,-1,-1
89,14,121.80,461.69,72.90,157.73,1.0000,-1,-1,-1
89,19,379.97,506.89,61.41,127.19,1.0000,-1,-1,-1
89,34,1005.26,144.13,64.34,131.63,1.0000,-1,-1,-1
89,35,766.06,279.48,65.22,148.19,1.0000,-1,-1,-1
90,2,550.04,326.59,65.53,158.43,1.0000,-1,-1,-1
90,10,488.91,154.55,53.32,132.49,1.0000,-1,-1,-1
90,11,1041.89,281.43,58.66,123.03,1.0000,-1,-1,-1
90,14,121.02,462.37,72.31,158.27,1.0000,-1,-1,-1
90,19,379.75,509.88,60.36,131.56,1.0000,-1,-1,-1
90,34,1006.26,144.88,66.80,130.60,1.0000,-1,-1,-1
90,35,770.73,276.97,63.99,144.71,1.0000,-1,-1,-1
91,2,538.00,325.59,65.52,156.95,1.0000,-1,-1,-1
91,10,486.98,153.71,52.07,132.63,1.0000,-1,-1,-1
91,11,1042.32,285.28,60.16,125.81,1.0000,-1,-1,-1
91,14,120.52,463.44,71.12,158.47,1.0000,-1,-1,-1
91,19,379.21,510.36,59.72,134.79,1.0000,-1,-1,-1
91,34,1008.25,146.81,67.10,128.41,1.0000,-1,-1,-1
91,35,782.55,276.61,63.01,142.87,1.0000,-1,-1,-1
91,38,216.50,360.78,35.08,151.23,1.0000,-1,-1,-1
92,2,530.48,326.49,63.16,155.20,1.0000,-1,-1,-1
92,10,485.31,153.60,51.74,132.59,1.0000,-1,-1,-1
92,11,1039.66,289.14,62.80,129.96,1.0000,-1,-1,-1
92,14,120.33,463.79,70.32,159.04,1.0000,-1,-1,-1
92,19,378.71,510.16,59.24,136.92,1.0000,-1,-1,-1
92,34,1011.80,148.09,65.95,126.79,1.0000,-1,-1,-1
92,35,792.81,276.81,61.73,139.64,1.0000,-1,-1,-1
92,38,216.12,359.56,35.10,151.33,1.0000,-1,-1,-1
92,39,710.99,279.36,56.28,133.75,1.0000,-1,-1,-1
93,2,524.61,326.98,60.97,154.20,1.0000,-1,-1,-1
93,10,484.68,152.11,51.31,132.70,1.0000,-1,-1,-1
93,11,1038.30,288.97,64.68,129.97,1.0000,-1,-1,-1
93,14,119.89,464.20,69.61,159.46,1.0000,-1,-1,-1
93,19,378.26,510.18,59.24,138.26,1.0000,-1,-1,-1
93,34,1017.24,147.82,64.63,126.71,1.0000,-1,-1,-1
93,35,801.90,278.30,62.24,142.20,1.0000,-1,-1,-1
93,37,626.69,320.76,52.66,129.70,1.0000,-1,-1,-1
93,39,719.38,278.48,67.86,146.45,1.0000,-1,-1,-1
94,2,516.73,326.93,60.22,154.10,1.0000,-1,-1,-1
94,10,484.19,151.06,50.86,132.84,1.0000,-1,-1,-1
94,11,1034.67,288.81,64.99,128.23,1.0000,-1,-1,-1
94,14,119.86,464.49,69.06,159.62,1.0000,-1,-1,-1
94,19,377.80,510.19,59.45,139.28,1.0000,-1,-1,-1
94,34,1023.21,148.39,62.38,126.23,1.0000,-1,-1,-1
94,35,809.36,277.80,62.08,143.64,1.0000,-1,-1,-1
94,37,623.52,322.44,46.05,125.63,1.0000,-1,-1,-1
94,39,726.29,282.49,71.56,148.44,1.0000,-1,-1,-1
95,2,509.91,326.47,59.95,153.87,1.0000,-1,-1,-1
95,10,482.68,149.79,50.93,131.48,1.0000,-1,-1,-1
95,11,1029.37,289.60,62.28,126.19,1.0000,-1,-1,-1
95,14,119.80,465.24,68.55,159.68,1.0000,-1,-1,-1
95,19,377.22,508.86,59.62,137.88,1.0000,-1,-1,-1
95,34,1027.94,148.57,60.31,126.08,1.0000,-1,-1,-1
95,35,817.33,275.85,63.03,145.29,1.0000,-1,-1,-1
95,37,617.75,322.33,42.43,125.13,1.0000,-1,-1,-1
95,39,732.41,285.95,74.77,147.37,1.0000,-1,-1,-1
96,2,498.17,324.00,60.04,154.61,1.0000,-1,-1,-1
96,10,479.52,147.28,50.79,131.69,1.0000,-1,-1,-1
96,11,1017.78,292.08,63.13,119.45,1.0000,-1,-1,-1
96,14,118.39,466.13,68.50,160.02,1.0000,-1,-1,-1
96,19,376.04,506.00,60.18,132.05,1.0000,-1,-1,-1
96,34,1035.73,149.82,58.16,126.08,1.0000,-1,-1,-1
96,35,831.01,274.36,69.99,150.49,1.0000,-1,-1,-1
96,37,609.53,317.46,44.94,132.54,1.0000,-1,-1,-1
96,39,739.41,294.40,71.01,143.73,1.0000,-1,-1,-1
97,2,487.33,321.53,62.23,155.80,1.0000,-1,-1,-1
97,10,477.00,146.48,51.48,131.86,1.0000,-1,-1,-1
97,11,1010.83,298.41,67.00,120.94,1.0000,-1,-1,-1
97,14,117.49,466.55,68.30,160.38,1.0000,-1,-1,-1
97,19,374.97,506.15,60.47,128.11,1.0000,-1,-1,-1
97,34,1040.39,149.54,57.53,127.38,1.0000,-1,-1,-1
97,35,840.85,274.31,77.86,153.00,1.0000,-1,-1,-1
97,37,604.83,312.92,47.63,138.67,1.0000,-1,-1,-1
97,39,745.31,299.58,68.76,140.95,1.0000,-1,-1,-1
98,2,477.17,319.60,67.17,156.68,1.0000,-1,-1,-1
98,10,473.92,145.50,52.59,131.71,1.0000,-1,-1,-1
98,11,1004.99,302.64,70.76,123.27,1.0000,-1,-1,-1
98,14,116.56,466.82,68.39,160.59,1.0000,-1,-1,-1
98,19,374.43,509.65,60.51,129.25,1.0000,-1,-1,-1
98,34,1047.05,151.32,54.66,127.59,1.0000,-1,-1,-1
98,35,848.69,274.33,82.19,151.54,1.0000,-1,-1,-1
98,37,600.71,309.17,51.45,144.60,1.0000,-1,-1,-1
98,39,749.36,302.94,67.29,140.11,1.0000,-1,-1,-1
98,40,916.97,285.30,43.02,120.44,1.0000,-1,-1,-1
98,41,204.14,358.36,50.32,156.01,1.0000,-1,-1,-1
99,2,467.91,317.77,72.41,157.27,1.0000,-1,-1,-1
99,10,469.57,145.23,54.91,131.16,1.0000,-1,-1,-1
99,11,1000.36,305.92,72.67,126.84,1.0000,-1,-1,-1
99,14,115.39,467.17,68.87,161.02,1.0000,-1,-1,-1
99,19,373.74,507.80,60.64,125.44,1.0000,-1,-1,-1
99,34,1052.03,152.55,51.62,127.54,1.0000,-1,-1,-1
99,35,853.69,274.97,84.66,150.61,1.0000,-1,-1,-1
99,37,593.88,305.13,57.44,150.55,1.0000,-1,-1,-1
99,39,751.72,306.26,65.46,139.55,1.0000,-1,-1,-1
99,40,919.45,286.23,42.67,119.46,1.0000,-1,-1,-1
99,41,203.17,358.22,51.95,157.89,1.0000,-1,-1,-1
100,2,459.66,317.15,78.03,157.41,1.0000,-1,-1,-1
100,10,465.16,146.65,57.53,130.66,1.0000,-1,-1,-1
100,11,998.97,307.97,75.49,130.96,1.0000,-1,-1,-1
100,14,113.62,467.19,69.75,161.47,1.0000,-1,-1,-1
100,19,372.97,506.91,60.88,121.21,1.0000,-1,-1,-1
100,34,1055.99,152.32,50.71,127.54,1.0000,-1,-1,-1
100,35,859.89,277.45,86.02,149.89,1.0000,-1,-1,-1
100,37,586.75,302.15,62.90,155.50,1.0000,-1,-1,-1
100,39,754.23,309.11,63.71,139.82,1.0000,-1,-1,-1
100,40,922.98,291.64,42.07,126.03,1.0000,-1,-1,-1
100,41,202.00,357.87,54.67,161.32,1.0000,-1,-1,-1
101,2,452.21,317.69,82.51,157.69,1.0000,-1,-1,-1
101,10,458.12,149.47,59.78,128.27,1.0000,-1,-1,-1
101,11,994.17,312.62,74.07,134.07,1.0000,-1,-1,-1
101,14,112.07,467.51,70.67,162.16,1.0000,-1,-1,-1
101,19,372.27,507.69,61.25,118.63,1.0000,-1,-1,-1
101,34,1061.36,153.06,50.42,128.65,1.0000,-1,-1,-1
101,35,869.11,280.38,90.71,151.07,1.0000,-1,-1,-1
101,37,577.15,299.26,66.65,159.01,1.0000,-1,-1,-1
101,39,758.38,311.31,62.09,139.85,1.0000,-1,-1,-1
101,40,928.99,288.96,41.69,116.68,1.0000,-1,-1,-1
101,41,200.14,357.09,57.88,162.64,1.0000,-1,-1,-1
102,2,446.15,317.35,85.50,157.52,1.0000,-1,-1,-1
102,10,453.05,149.36,62.15,127.51,1.0000,-1,-1,-1
102,11,989.80,314.29,70.29,135.98,1.0000,-1,-1,-1
102,14,111.07,467.41,71.47,162.89,1.0000,-1,-1,-1
102,19,371.75,508.42,61.67,116.70,1.0000,-1,-1,-1
102,34,1065.08,153.03,51.29,130.44,1.0000,-1,-1,-1
102,35,871.53,281.37,91.51,149.23,1.0000,-1,-1,-1
102,37,571.74,295.67,67.05,158.48,1.0000,-1,-1,-1
102,39,759.74,311.92,61.41,139.94,1.0000,-1,-1,-1
102,40,932.45,294.34,43.68,122.71,1.0000,-1,-1,-1
102,41,198.13,356.83,60.82,163.61,1.0000,-1,-1,-1
103,2,439.42,316.42,86.18,158.12,1.0000,-1,-1,-1
103,10,450.24,149.26,64.34,126.44,1.0000,-1,-1,-1
103,11,985.55,314.88,68.92,137.22,1.0000,-1,-1,-1
103,14,110.38,467.00,72.10,163.60,1.0000,-1,-1,-1
103,19,371.41,508.78,62.02,115.19,1.0000,-1,-1,-1
103,34,1067.60,152.56,52.79,132.88,1.0000,-1,-1,-1
103,35,873.70,282.17,93.96,147.66,1.0000,-1,-1,-1
103,37,561.98,293.73,69.00,158.10,1.0000,-1,-1,-1
103,39,760.20,311.66,61.62,140.17,1.0000,-1,-1,-1
103,40,936.13,295.62,46.30,128.27,1.0000,-1,-1,-1
103,41,196.74,356.97,63.31,164.15,1.0000,-1,-1,-1
104,2,433.60,313.87,84.73,159.05,1.0000,-1,-1,-1
104,10,449.14,146.98,66.13,126.56,1.0000,-1,-1,-1
104,11,980.87,315.14,68.06,137.80,1.0000,-1,-1,-1
104,14,110.01,466.32,72.60,164.26,1.0000,-1,-1,-1
104,19,371.05,508.81,62.32,114.08,1.0000,-1,-1,-1
104,34,1067.70,149.19,56.97,135.76,1.0000,-1,-1,-1
104,35,874.78,283.89,95.34,145.49,1.0000,-1,-1,-1
104,37,555.83,292.49,67.79,158.56,1.0000,-1,-1,-1
104,39,760.34,312.02,61.74,139.47,1.0000,-1,-1,-1
104,40,939.65,297.38,46.63,129.18,1.0000,-1,-1,-1
104,41,195.52,357.00,65.59,164.72,1.0000,-1,-1,-1
105,2,426.57,310.70,78.28,159.53,1.0000,-1,-1,-1
105,10,448.92,146.12,68.09,126.21,1.0000,-1,-1,-1
105,11,976.43,315.31,68.04,137.63,1.0000,-1,-1,-1
105,14,110.43,464.88,72.56,164.78,1.0000,-1,-1,-1
105,19,371.26,508.86,62.69,114.32,1.0000,-1,-1,-1
105,34,1075.54,146.59,55.62,136.87,1.0000,-1,-1,-1
105,35,875.88,283.46,95.64,144.04,1.0000,-1,-1,-1
105,37,550.00,287.37,65.81,155.71,1.0000,-1,-1,-1
105,39,760.17,310.97,63.43,138.66,1.0000,-1,-1,-1
105,40,937.64,298.14,48.72,131.67,1.0000,-1,-1,-1
105,41,195.75,356.87,67.37,165.20,1.0000,-1,-1,-1
106,2,418.29,304.14,72.55,161.07,1.0000,-1,-1,-1
106,10,448.48,146.93,70.34,124.45,1.0000,-1,-1,-1
106,11,967.81,316.22,72.71,136.94,1.0000,-1,-1,-1
106,14,110.33,463.29,72.58,164.73,1.0000,-1,-1,-1
106,19,371.81,508.11,62.85,114.09,1.0000,-1,-1,-1
106,34,1084.77,145.68,54.76,137.01,1.0000,-1,-1,-1
106,35,879.04,283.93,95.75,141.22,1.0000,-1,-1,-1
106,37,543.35,280.70,66.06,154.44,1.0000,-1,-1,-1
106,39,761.35,309.59,66.09,137.22,1.0000,-1,-1,-1
106,40,940.50,299.71,49.17,132.90,1.0000,-1,-1,-1
106,41,195.03,355.58,68.72,168.49,1.0000,-1,-1,-1
106,42,373.84,77.56,57.38,121.96,1.0000,-1,-1,-1
107,2,414.12,299.77,69.11,161.71,1.0000,-1,-1,-1
107,10,447.02,146.39,70.57,123.80,1.0000,-1,-1,-1
107,11,959.14,318.35,79.14,137.12,1.0000,-1,-1,-1
107,14,110.13,462.64,72.73,164.75,1.0000,-1,-1,-1
107,19,372.18,508.23,63.18,114.91,1.0000,-1,-1,-1
107,34,1091.49,143.88,53.50,137.01,1.0000,-1,-1,-1
107,35,885.79,283.57,96.32,142.07,1.0000,-1,-1,-1
107,37,537.51,277.07,65.30,151.99,1.0000,-1,-1,-1
107,39,759.59,309.44,68.59,136.67,1.0000,-1,-1,-1
107,42,375.07,76.39,56.26,119.59,1.0000,-1,-1,-1
108,2,409.36,297.15,67.53,162.17,1.0000,-1,-1,-1
108,10,445.27,145.49,68.68,123.84,1.0000,-1,-1,-1
108,11,950.45,320.42,87.74,140.02,1.0000,-1,-1,-1
108,14,109.77,462.19,72.95,164.85,1.0000,-1,-1,-1
108,19,372.26,508.09,63.64,115.41,1.0000,-1,-1,-1
108,34,1098.68,143.02,52.29,136.95,1.0000,-1,-1,-1
108,37,534.79,277.26,63.67,152.20,1.0000,-1,-1,-1
108,39,758.07,310.58,70.75,137.07,1.0000,-1,-1,-1
109,2,405.02,294.88,67.42,162.66,1.0000,-1,-1,-1
109,10,443.28,145.26,63.62,123.90,1.0000,-1,-1,-1
109,11,946.03,322.82,94.19,142.81,1.0000,-1,-1,-1
109,14,109.15,462.07,73.15,165.01,1.0000,-1,-1,-1
109,19,372.40,508.43,64.19,116.75,1.0000,-1,-1,-1
109,34,1104.51,142.34,52.34,136.42,1.0000,-1,-1,-1
109,37,532.19,273.47,62.06,149.73,1.0000,-1,-1,-1
109,39,757.57,313.06,72.18,138.88,1.0000,-1,-1,-1
110,2,399.17,293.20,68.89,163.88,1.0000,-1,-1,-1
110,10,443.99,146.35,58.21,122.98,1.0000,-1,-1,-1
110,11,944.70,324.66,97.27,145.67,1.0000,-1,-1,-1
110,14,108.77,462.15,73.24,165.24,1.0000,-1,-1,-1
110,19,372.85,510.45,65.25,120.93,1.0000,-1,-1,-1
110,34,1108.75,140.99,53.42,136.97,1.0000,-1,-1,-1
110,37,530.05,272.71,60.93,150.88,1.0000,-1,-1,-1
110,39,758.18,315.61,72.77,140.00,1.0000,-1,-1,-1
111,2,390.72,294.32,72.34,164.01,1.0000,-1,-1,-1
111,10,445.15,145.35,54.57,124.71,1.0000,-1,-1,-1
111,11,942.86,331.24,95.92,149.47,1.0000,-1,-1,-1
111,14,108.69,461.95,73.28,165.60,1.0000,-1,-1,-1
111,19,374.00,512.28,66.03,126.53,1.0000,-1,-1,-1
111,34,1118.27,139.12,52.99,138.26,1.0000,-1,-1,-1
111,37,522.96,273.87,63.41,149.62,1.0000,-1,-1,-1
111,39,754.34,319.09,77.12,142.62,1.0000,-1,-1,-1
112,2,386.41,295.77,75.26,163.51,1.0000,-1,-1,-1
112,10,446.19,145.56,52.44,126.45,1.0000,-1,-1,-1
112,11,942.91,336.01,92.56,152.54,1.0000,-1,-1,-1
112,14,108.73,461.68,73.33,166.08,1.0000,-1,-1,-1
112,19,375.09,511.48,66.78,130.74,1.0000,-1,-1,-1
112,34,1124.47,137.67,53.35,139.71,1.0000,-1,-1,-1
112,37,519.58,271.77,63.55,146.51,1.0000,-1,-1,-1
112,39,747.16,321.45,84.09,144.71,1.0000,-1,-1,-1
113,2,383.00,296.27,78.06,163.14,1.0000,-1,-1,-1
113,10,445.62,145.96,51.48,126.96,1.0000,-1,-1,-1
113,11,948.18,340.40,88.67,155.00,1.0000,-1,-1,-1
113,14,108.63,461.19,73.45,166.56,1.0000,-1,-1,-1
113,19,376.06,509.90,67.36,133.84,1.0000,-1,-1,-1
113,34,1130.21,137.19,54.70,140.81,1.0000,-1,-1,-1
113,37,515.84,273.55,63.00,146.25,1.0000,-1,-1,-1
113,39,740.14,322.84,91.76,145.94,1.0000,-1,-1,-1
114,2,379.13,296.30,81.26,162.56,1.0000,-1,-1,-1
114,10,441.11,146.54,52.40,129.57,1.0000,-1,-1,-1
114,11,958.09,341.49,82.13,156.91,1.0000,-1,-1,-1
114,14,108.35,460.75,73.47,166.95,1.0000,-1,-1,-1
114,19,377.07,508.59,67.55,136.40,1.0000,-1,-1,-1
114,34,1135.89,136.04,56.98,141.24,1.0000,-1,-1,-1
114,37,509.52,272.46,63.66,146.03,1.0000,-1,-1,-1
114,39,734.95,322.42,99.03,146.84,1.0000,-1,-1,-1
115,2,378.41,296.15,78.48,162.33,1.0000,-1,-1,-1
115,10,442.82,142.65,50.47,125.67,1.0000,-1,-1,-1
115,11,964.11,341.06,77.23,158.73,1.0000,-1,-1,-1
115,14,107.91,460.36,73.37,167.12,1.0000,-1,-1,-1
115,19,378.47,506.92,67.40,138.65,1.0000,-1,-1,-1
115,34,1139.14,135.11,59.18,142.17,1.0000,-1,-1,-1
115,37,499.65,271.34,67.00,147.61,1.0000,-1,-1,-1
115,39,732.31,322.49,104.12,147.02,1.0000,-1,-1,-1
116,2,377.40,295.06,75.25,162.57,1.0000,-1,-1,-1
116,10,444.33,139.52,48.07,121.10,1.0000,-1,-1,-1
116,11,973.14,338.20,71.35,160.64,1.0000,-1,-1,-1
116,14,105.49,458.64,73.87,167.82,1.0000,-1,-1,-1
116,19,379.02,504.21,67.09,139.29,1.0000,-1,-1,-1
116,34,1142.81,132.39,60.88,142.09,1.0000,-1,-1,-1
116,37,487.35,266.83,74.10,150.87,1.0000,-1,-1,-1
116,39,729.09,320.82,104.83,147.33,1.0000,-1,-1,-1
117,2,373.56,291.73,74.68,163.78,1.0000,-1,-1,-1
117,10,440.10,138.75,48.28,117.55,1.0000,-1,-1,-1
117,11,975.41,334.90,68.27,162.57,1.0000,-1,-1,-1
117,14,103.64,457.58,74.05,168.38,1.0000,-1,-1,-1
117,19,378.83,503.33,66.92,140.86,1.0000,-1,-1,-1
117,34,1146.27,130.11,61.97,142.48,1.0000,-1,-1,-1
117,37,479.40,264.38,80.30,153.28,1.0000,-1,-1,-1
117,39,723.71,319.27,103.58,147.45,1.0000,-1,-1,-1
118,2,372.41,288.16,73.44,165.21,1.0000,-1,-1,-1
118,10,438.45,137.85,48.10,117.11,1.0000,-1,-1,-1
118,11,979.54,333.00,65.17,164.37,1.0000,-1,-1,-1
118,14,101.85,456.80,74.09,168.88,1.0000,-1,-1,-1
118,19,378.01,502.46,66.85,142.44,1.0000,-1,-1,-1
118,34,1149.09,128.38,63.17,142.43,1.0000,-1,-1,-1
118,37,473.97,262.73,85.04,155.44,1.0000,-1,-1,-1
118,39,714.85,318.98,99.55,147.36,1.0000,-1,-1,-1
119,2,368.60,282.91,73.46,168.30,1.0000,-1,-1,-1
119,11,982.89,331.50,62.41,165.40,1.0000,-1,-1,-1
119,14,100.00,455.78,73.99,169.29,1.0000,-1,-1,-1
119,19,377.38,501.60,66.86,143.81,1.0000,-1,-1,-1
119,34,1150.93,125.26,64.48,142.78,1.0000,-1,-1,-1
119,37,470.45,261.51,88.26,156.36,1.0000,-1,-1,-1
119,39,713.25,319.44,100.44,148.69,1.0000,-1,-1,-1
120,2,368.73,279.60,71.81,170.49,1.0000,-1,-1,-1
120,11,985.77,331.30,60.46,166.67,1.0000,-1,-1,-1
120,14,98.52,454.66,74.13,169.71,1.0000,-1,-1,-1
120,19,376.97,499.92,66.81,144.15,1.0000,-1,-1,-1
120,34,1151.37,122.49,65.32,143.54,1.0000,-1,-1,-1
120,37,467.03,259.86,89.97,157.31,1.0000,-1,-1,-1
121,2,368.65,270.70,68.62,170.33,1.0000,-1,-1,-1
121,11,985.98,334.97,60.07,169.17,1.0000,-1,-1,-1
121,14,97.72,452.20,74.05,170.57,1.0000,-1,-1,-1
121,19,376.96,495.99,66.49,141.98,1.0000,-1,-1,-1
121,34,1154.35,121.47,65.25,143.84,1.0000,-1,-1,-1
121,37,461.45,255.49,87.26,157.80,1.0000,-1,-1,-1
121,47,94.52,133.83,66.23,152.45,1.0000,-1,-1,-1
122,2,366.61,270.28,65.97,171.80,1.0000,-1,-1,-1
122,11,984.55,338.89,61.06,171.07,1.0000,-1,-1,-1
122,14,97.29,449.75,74.39,171.78,1.0000,-1,-1,-1
122,19,377.08,494.98,66.28,141.58,1.0000,-1,-1,-1
122,34,1157.00,120.91,63.89,143.96,1.0000,-1,-1,-1
122,37,454.80,251.38,83.30,158.43,1.0000,-1,-1,-1
122,47,93.78,133.10,67.18,151.79,1.0000,-1,-1,-1
123,2,364.46,267.83,63.92,171.74,1.0000,-1,-1,-1
123,11,983.76,342.80,62.11,173.17,1.0000,-1,-1,-1
123,14,96.93,448.85,74.43,172.51,1.0000,-1,-1,-1
123,19,377.06,494.28,66.13,140.99,1.0000,-1,-1,-1
123,34,1158.84,120.05,62.53,143.86,1.0000,-1,-1,-1
123,37,450.26,246.75,77.82,158.32,1.0000,-1,-1,-1
123,47,94.41,134.87,66.61,150.42,1.0000,-1,-1,-1
124,2,363.14,265.72,62.71,170.81,1.0000,-1,-1,-1
124,11,983.63,348.10,61.93,174.19,1.0000,-1,-1,-1
124,14,96.51,448.09,74.29,172.98,1.0000,-1,-1,-1
124,19,376.98,494.02,66.20,140.65,1.0000,-1,-1,-1
124,34,1160.39,119.54,61.49,143.96,1.0000,-1,-1,-1
124,37,448.30,245.21,73.01,158.67,1.0000,-1,-1,-1
124,47,95.30,135.22,65.52,148.47,1.0000,-1,-1,-1
124,48,880.06,233.71,108.63,168.38,1.0000,-1,-1,-1
124,49,669.85,310.62,77.88,148.92,1.0000,-1,-1,-1
125,2,361.38,263.81,63.13,170.13,1.0000,-1,-1,-1
125,11,973.27,353.75,65.65,174.62,1.0000,-1,-1,-1
125,14,96.41,447.67,74.21,173.26,1.0000,-1,-1,-1
125,19,376.95,494.47,66.22,140.98,1.0000,-1,-1,-1
125,34,1161.62,119.26,60.69,143.69,1.0000,-1,-1,-1
125,37,440.27,241.68,71.89,159.71,1.0000,-1,-1,-1
125,47,96.70,136.15,64.16,147.21,1.0000,-1,-1,-1
125,48,875.26,238.40,100.43,160.57,1.0000,-1,-1,-1
125,49,663.22,305.96,82.21,152.83,1.0000,-1,-1,-1
126,2,359.49,259.91,62.29,169.39,1.0000,-1,-1,-1
126,11,971.30,365.89,65.03,173.31,1.0000,-1,-1,-1
126,14,96.39,447.26,74.12,173.46,1.0000,-1,-1,-1
126,19,377.06,494.89,66.24,141.71,1.0000,-1,-1,-1
126,34,1162.03,119.18,60.10,143.37,1.0000,-1,-1,-1
126,37,430.59,238.80,73.10,160.09,1.0000,-1,-1,-1
126,47,98.13,136.76,62.18,145.36,1.0000,-1,-1,-1
126,48,874.61,240.49,94.91,155.98,1.0000,-1,-1,-1
126,49,644.07,300.20,93.56,158.93,1.0000,-1,-1,-1
127,2,357.45,258.23,62.71,168.76,1.0000,-1,-1,-1
127,11,972.13,374.20,64.09,170.86,1.0000,-1,-1,-1
127,14,96.42,446.98,73.96,173.57,1.0000,-1,-1,-1
127,19,377.12,495.27,66.26,142.71,1.0000,-1,-1,-1
127,34,1162.34,119.32,59.65,143.01,1.0000,-1,-1,-1
127,37,431.80,239.76,69.83,159.23,1.0000,-1,-1,-1
127,47,98.45,136.89,61.81,144.48,1.0000,-1,-1,-1
127,48,875.80,240.99,93.42,155.09,1.0000,-1,-1,-1
127,49,632.28,296.74,102.00,161.60,1.0000,-1,-1,-1
128,2,355.07,257.04,64.14,168.46,1.0000,-1,-1,-1
128,11,970.57,381.38,64.67,166.71,1.0000,-1,-1,-1
128,14,96.53,446.77,73.74,173.66,1.0000,-1,-1,-1
128,19,377.15,495.04,66.26,143.07,1.0000,-1,-1,-1
128,34,1162.66,118.81,59.26,142.78,1.0000,-1,-1,-1
128,37,427.87,240.74,69.89,158.09,1.0000,-1,-1,-1
128,48,876.20,241.49,92.06,154.45,1.0000,-1,-1,-1
128,49,623.58,294.02,108.09,163.06,1.0000,-1,-1,-1
129,2,351.85,255.80,64.94,168.87,1.0000,-1,-1,-1
129,11,970.65,386.94,66.40,162.13,1.0000,-1,-1,-1
129,14,96.77,446.44,73.54,173.74,1.0000,-1,-1,-1
129,19,377.19,494.47,66.29,142.67,1.0000,-1,-1,-1
129,34,1162.22,119.48,58.94,142.59,1.0000,-1,-1,-1
129,37,423.45,241.16,70.97,157.08,1.0000,-1,-1,-1
129,48,876.74,242.86,90.58,152.83,1.0000,-1,-1,-1
129,49,619.59,292.59,109.83,163.18,1.0000,-1,-1,-1
130,2,349.45,255.04,64.47,169.24,1.0000,-1,-1,-1
130,11,969.92,390.87,66.51,162.39,1.0000,-1,-1,-1
130,14,97.38,445.65,73.40,173.99,1.0000,-1,-1,-1
130,19,377.25,493.98,66.52,142.35,1.0000,-1,-1,-1
130,34,1162.04,119.82,58.50,142.56,1.0000,-1,-1,-1
130,37,416.77,242.06,72.65,156.24,1.0000,-1,-1,-1
130,48,878.17,243.93,90.60,151.60,1.0000,-1,-1,-1
130,49,613.96,290.02,111.77,162.88,1.0000,-1,-1,-1
131,2,346.77,253.26,64.42,169.63,1.0000,-1,-1,-1
131,11,978.07,389.94,78.29,156.18,1.0000,-1,-1,-1
131,14,99.23,444.28,73.31,173.90,1.0000,-1,-1,-1
131,19,377.36,493.84,66.65,145.12,1.0000,-1,-1,-1
131,34,1161.29,120.19,58.15,143.12,1.0000,-1,-1,-1
131,37,411.28,242.41,74.24,154.43,1.0000,-1,-1,-1
131,48,879.15,246.57,93.13,151.50,1.0000,-1,-1,-1
131,49,612.78,283.71,111.57,162.23,1.0000,-1,-1,-1
131,53,879.30,388.04,101.67,92.98,1.0000,-1,-1,-1
132,2,345.44,251.49,64.54,170.37,1.0000,-1,-1,-1
132,11,978.74,390.64,89.33,153.59,1.0000,-1,-1,-1
132,14,100.55,442.66,73.37,173.78,1.0000,-1,-1,-1
132,19,377.59,492.03,66.36,146.81,1.0000,-1,-1,-1
132,34,1160.84,120.53,57.77,143.22,1.0000,-1,-1,-1
132,37,407.75,240.79,76.11,154.97,1.0000,-1,-1,-1
132,48,880.14,247.86,97.22,151.71,1.0000,-1,-1,-1
132,49,612.98,278.15,110.39,160.42,1.0000,-1,-1,-1
132,53,878.80,385.40,99.84,92.99,1.0000,-1,-1,-1
133,2,344.31,250.02,64.80,171.00,1.0000,-1,-1,-1
133,11,979.74,393.45,89.56,153.97,1.0000,-1,-1,-1
133,14,101.52,441.08,73.34,172.97,1.0000,-1,-1,-1
133,19,377.97,490.34,66.11,148.23,1.0000,-1,-1,-1
133,34,1159.73,120.24,57.83,143.33,1.0000,-1,-1,-1
133,37,405.74,241.63,77.53,153.85,1.0000,-1,-1,-1
133,48,879.06,248.68,100.07,151.47,1.0000,-1,-1,-1
133,49,614.85,273.51,108.72,157.14,1.0000,-1,-1,-1
133,53,877.30,383.42,102.20,97.46,1.0000,-1,-1,-1
134,2,344.08,248.80,65.62,171.65,1.0000,-1,-1,-1
134,11,984.13,385.70,98.34,154.45,1.0000,-1,-1,-1
134,14,102.44,440.36,73.29,172.24,1.0000,-1,-1,-1
134,19,378.43,488.44,65.73,148.48,1.0000,-1,-1,-1
134,34,1158.34,120.24,58.31,143.17,1.0000,-1,-1,-1
134,37,403.59,242.20,79.82,152.49,1.0000,-1,-1,-1
134,48,878.28,250.32,103.18,154.06,1.0000,-1,-1,-1
134,49,618.43,269.41,106.04,154.10,1.0000,-1,-1,-1
134,53,875.71,380.73,105.96,102.37,1.0000,-1,-1,-1
135,2,344.19,248.14,66.43,171.73,1.0000,-1,-1,-1
135,11,984.30,381.21,105.03,155.62,1.0000,-1,-1,-1
135,14,103.47,439.83,73.09,171.56,1.0000,-1,-1,-1
135,19,378.73,488.58,65.51,150.77,1.0000,-1,-1,-1
135,34,1156.15,119.76,59.03,143.28,1.0000,-1,-1,-1
135,37,401.69,243.69,82.06,151.65,1.0000,-1,-1,-1
135,48,876.32,251.60,104.44,155.67,1.0000,-1,-1,-1
135,49,623.96,265.07,102.35,149.09,1.0000,-1,-1,-1
135,53,872.16,377.95,109.11,105.64,1.0000,-1,-1,-1
135,54,97.44,136.36,64.18,147.05,1.0000,-1,-1,-1
135,55,264.65,349.22,63.42,125.36,1.0000,-1,-1,-1
136,2,342.98,248.64,67.49,171.00,1.0000,-1,-1,-1
136,11,983.84,377.08,108.89,155.44,1.0000,-1,-1,-1
136,14,104.54,438.99,72.90,171.04,1.0000,-1,-1,-1
136,19,378.72,487.70,65.45,152.03,1.0000,-1,-1,-1
136,34,1154.26,119.05,60.22,143.31,1.0000,-1,-1,-1
136,37,397.92,244.67,85.53,150.65,1.0000,-1,-1,-1
136,48,874.80,252.46,104.53,157.52,1.0000,-1,-1,-1
136,49,629.94,262.20,98.82,146.06,1.0000,-1,-1,-1
136,53,865.94,376.34,112.42,108.41,1.0000,-1,-1,-1
136,54,96.30,135.35,65.05,149.04,1.0000,-1,-1,-1
136,55,265.38,348.70,63.53,125.43,1.0000,-1,-1,-1
137,2,342.25,247.59,67.84,169.37,1.0000,-1,-1,-1
137,11,981.66,370.25,111.68,154.35,1.0000,-1,-1,-1
137,14,105.30,437.35,72.60,170.81,1.0000,-1,-1,-1
137,19,378.18,485.22,65.45,151.04,1.0000,-1,-1,-1
137,34,1150.51,119.65,61.12,142.44,1.0000,-1,-1,-1
137,37,391.66,244.26,86.70,149.76,1.0000,-1,-1,-1
137,48,873.14,253.54,104.23,158.88,1.0000,-1,-1,-1
137,49,635.86,259.37,95.97,142.65,1.0000,-1,-1,-1
137,53,855.34,376.75,112.68,110.44,1.0000,-1,-1,-1
137,55,265.47,347.74,62.74,125.19,1.0000,-1,-1,-1
137,56,466.32,142.64,47.46,146.29,1.0000,-1,-1,-1
138,2,339.62,247.20,67.20,167.19,1.0000,-1,-1,-1
138,11,979.05,365.62,113.30,151.31,1.0000,-1,-1,-1
138,14,105.50,437.31,72.38,170.39,1.0000,-1,-1,-1
138,19,377.65,485.29,65.49,151.52,1.0000,-1,-1,-1
138,34,1146.70,120.00,61.56,141.46,1.0000,-1,-1,-1
138,37,387.12,245.48,85.96,149.82,1.0000,-1,-1,-1
138,48,872.31,252.05,103.64,160.34,1.0000,-1,-1,-1
138,49,635.88,261.89,95.77,139.83,1.0000,-1,-1,-1
138,53,851.37,375.44,114.65,112.36,1.0000,-1,-1,-1
138,55,264.81,347.86,61.81,123.48,1.0000,-1,-1,-1
138,56,468.44,145.61,49.33,149.59,1.0000,-1,-1,-1
139,2,334.68,247.27,63.09,165.31,1.0000,-1,-1,-1
139,11,970.17,360.00,108.12,148.99,1.0000,-1,-1,-1
139,14,105.35,438.66,72.25,169.71,1.0000,-1,-1,-1
139,19,376.85,487.36,65.57,154.22,1.0000,-1,-1,-1
139,34,1144.12,121.13,61.72,140.60,1.0000,-1,-1,-1
139,37,382.89,246.20,83.87,149.35,1.0000,-1,-1,-1
139,48,874.38,250.25,101.62,162.08,1.0000,-1,-1,-1
139,49,634.94,263.90,95.38,138.05,1.0000,-1,-1,-1
139,53,841.84,373.46,104.47,114.32,1.0000,-1,-1,-1
139,55,265.16,348.03,60.89,121.65,1.0000,-1,-1,-1
139,56,468.39,147.98,50.42,149.36,1.0000,-1,-1,-1
140,2,330.92,248.45,61.44,165.38,1.0000,-1,-1,-1
140,11,963.25,357.62,103.28,147.09,1.0000,-1,-1,-1
140,14,104.74,439.90,72.18,169.12,1.0000,-1,-1,-1
140,19,376.07,485.50,65.61,153.04,1.0000,-1,-1,-1
140,34,1142.35,123.33,61.78,139.74,1.0000,-1,-1,-1
140,37,380.57,246.54,80.68,148.82,1.0000,-1,-1,-1
140,48,878.56,250.91,97.96,161.89,1.0000,-1,-1,-1
140,49,633.74,266.08,96.05,137.30,1.0000,-1,-1,-1
140,53,838.44,371.85,96.65,116.44,1.0000,-1,-1,-1
140,56,467.25,150.76,51.13,148.29,1.0000,-1,-1,-1
141,2,328.56,247.52,61.44,165.67,1.0000,-1,-1,-1
141,11,956.82,355.27,100.22,145.93,1.0000,-1,-1,-1
141,14,103.52,440.25,72.23,168.53,1.0000,-1,-1,-1
141,19,374.96,483.71,65.64,149.35,1.0000,-1,-1,-1
141,34,1141.52,125.81,61.34,139.00,1.0000,-1,-1,-1
141,37,378.64,246.10,77.23,148.44,1.0000,-1,-1,-1
141,48,879.44,250.87,94.12,160.41,1.0000,-1,-1,-1
141,49,631.95,266.20,97.28,137.38,1.0000,-1,-1,-1
141,53,837.16,368.50,91.94,120.05,1.0000,-1,-1,-1
141,56,466.40,153.31,51.20,146.00,1.0000,-1,-1,-1
142,2,320.58,240.52,58.80,165.96,1.0000,-1,-1,-1
142,11,951.03,348.73,96.14,146.34,1.0000,-1,-1,-1
142,14,100.71,440.71,72.09,168.37,1.0000,-1,-1,-1
142,19,372.03,482.55,65.55,145.10,1.0000,-1,-1,-1
142,34,1141.27,126.19,60.51,139.09,1.0000,-1,-1,-1
142,37,373.91,246.06,71.90,147.97,1.0000,-1,-1,-1
142,48,874.98,254.44,93.08,160.24,1.0000,-1,-1,-1
142,49,634.68,262.83,99.47,138.87,1.0000,-1,-1,-1
142,53,836.01,362.90,87.31,124.41,1.0000,-1,-1,-1
142,56,464.23,155.68,51.66,145.17,1.0000,-1,-1,-1
143,2,314.68,236.65,58.02,166.53,1.0000,-1,-1,-1
143,11,945.64,344.23,96.59,146.15,1.0000,-1,-1,-1
143,14,98.40,440.83,71.96,167.98,1.0000,-1,-1,-1
143,19,369.31,482.78,65.58,142.08,1.0000,-1,-1,-1
143,34,1139.20,127.47,60.44,138.60,1.0000,-1,-1,-1
143,37,371.04,245.87,67.88,147.49,1.0000,-1,-1,-1
143,48,871.89,256.74,91.43,158.63,1.0000,-1,-1,-1
143,49,636.93,259.50,100.36,141.22,1.0000,-1,-1,-1
143,53,831.26,361.75,87.67,124.93,1.0000,-1,-1,-1
143,56,462.74,156.57,51.17,144.42,1.0000,-1,-1,-1
144,2,309.78,236.89,56.88,167.35,1.0000,-1,-1,-1
144,11,942.51,340.75,97.69,145.27,1.0000,-1,-1,-1
144,14,96.07,441.26,71.82,167.38,1.0000,-1,-1,-1
144,19,366.88,483.65,65.66,139.69,1.0000,-1,-1,-1
144,34,1137.10,128.39,60.25,137.93,1.0000,-1,-1,-1
144,37,367.56,245.88,65.38,147.11,1.0000,-1,-1,-1
144,48,875.32,264.12,87.42,154.98,1.0000,-1,-1,-1
144,49,641.83,255.25,99.86,140.27,1.0000,-1,-1,-1
144,53,836.60,355.18,80.42,126.36,1.0000,-1,-1,-1
144,56,463.88,152.88,48.32,137.59,1.0000,-1,-1,-1
145,2,305.52,235.86,56.41,166.79,1.0000,-1,-1,-1
145,11,940.17,338.94,99.85,144.78,1.0000,-1,-1,-1
145,14,93.85,442.20,71.74,166.85,1.0000,-1,-1,-1
145,19,364.23,485.07,65.48,138.40,1.0000,-1,-1,-1
145,34,1135.16,128.56,60.41,137.45,1.0000,-1,-1,-1
145,37,363.58,245.67,63.98,146.27,1.0000,-1,-1,-1
145,48,863.97,269.24,91.23,152.38,1.0000,-1,-1,-1
145,49,663.72,247.52,87.60,132.63,1.0000,-1,-1,-1
145,53,832.63,353.72,80.50,126.48,1.0000,-1,-1,-1
145,56,463.50,152.46,46.73,139.15,1.0000,-1,-1,-1
146,2,302.11,235.70,56.72,165.50,1.0000,-1,-1,-1
146,11,939.92,338.02,104.68,144.40,1.0000,-1,-1,-1
146,14,91.64,443.64,71.95,166.41,1.0000,-1,-1,-1
146,19,361.65,486.00,65.31,136.16,1.0000,-1,-1,-1
146,34,1132.11,129.86,60.51,136.96,1.0000,-1,-1,-1
146,37,361.94,246.29,62.16,146.17,1.0000,-1,-1,-1
146,48,861.45,274.71,92.09,149.64,1.0000,-1,-1,-1
146,49,665.25,251.68,85.22,133.70,1.0000,-1,-1,-1
146,56,463.91,155.97,44.33,137.47,1.0000,-1,-1,-1
147,2,295.03,238.25,56.75,164.92,1.0000,-1,-1,-1
147,11,939.44,334.51,112.74,146.69,1.0000,-1,-1,-1
147,14,87.95,446.09,72.78,166.40,1.0000,-1,-1,-1
147,19,358.55,489.06,64.84,134.63,1.0000,-1,-1,-1
147,34,1127.07,131.62,61.42,136.97,1.0000,-1,-1,-1
147,37,355.56,247.64,62.71,147.77,1.0000,-1,-1,-1
147,48,855.58,281.05,93.36,146.23,1.0000,-1,-1,-1
147,49,678.20,248.15,77.92,128.79,1.0000,-1,-1,-1
147,56,462.96,156.06,41.57,135.17,1.0000,-1,-1,-1
148,2,288.65,240.49,55.81,164.62,1.0000,-1,-1,-1
148,11,936.28,331.35,118.17,148.96,1.0000,-1,-1,-1
148,14,84.92,447.65,73.71,166.25,1.0000,-1,-1,-1
148,19,356.05,490.79,64.83,133.34,1.0000,-1,-1,-1
148,34,1124.15,130.50,62.21,138.02,1.0000,-1,-1,-1
148,37,351.07,247.51,62.72,147.79,1.0000,-1,-1,-1
148,48,853.87,284.58,93.36,143.71,1.0000,-1,-1,-1
148,49,685.97,249.95,72.13,127.68,1.0000,-1,-1,-1
148,56,461.81,152.40,40.92,136.01,1.0000,-1,-1,-1
149,2,285.31,240.27,54.50,165.46,1.0000,-1,-1,-1
149,11,933.57,328.46,121.40,149.57,1.0000,-1,-1,-1
149,14,82.61,449.29,74.94,165.77,1.0000,-1,-1,-1
149,19,353.55,491.96,64.52,132.31,1.0000,-1,-1,-1
149,34,1122.40,131.40,61.37,137.66,1.0000,-1,-1,-1
149,48,849.83,286.17,93.82,142.56,1.0000,-1,-1,-1
149,49,691.01,253.30,68.31,129.56,1.0000,-1,-1,-1
149,56,460.99,151.07,41.09,136.75,1.0000,-1,-1,-1
149,57,808.71,356.10,86.09,124.82,1.0000,-1,-1,-1
150,2,280.07,239.53,53.86,166.57,1.0000,-1,-1,-1
150,11,934.69,326.61,120.96,148.54,1.0000,-1,-1,-1
150,14,80.87,450.89,75.89,164.89,1.0000,-1,-1,-1
150,19,351.45,493.43,64.44,131.43,1.0000,-1,-1,-1
150,34,1120.13,132.72,60.82,137.08,1.0000,-1,-1,-1
150,48,844.32,287.84,96.06,141.76,1.0000,-1,-1,-1
150,49,694.29,254.13,66.02,131.51,1.0000,-1,-1,-1
150,56,460.03,151.35,41.15,137.46,1.0000,-1,-1,-1
150,57,798.45,350.53,94.27,131.28,1.0000,-1,-1,-1
151,2,277.21,239.12,52.03,166.27,1.0000,-1,-1,-1
151,11,938.28,324.35,117.43,147.19,1.0000,-1,-1,-1
151,14,78.68,452.67,77.43,164.05,1.0000,-1,-1,-1
151,19,348.70,493.66,64.89,129.99,1.0000,-1,-1,-1
151,34,1118.24,132.97,60.53,136.68,1.0000,-1,-1,-1
151,48,836.05,287.87,100.14,142.00,1.0000,-1,-1,-1
151,49,700.56,254.30,69.71,134.73,1.0000,-1,-1,-1
151,56,458.15,153.26,41.57,137.49,1.0000,-1,-1,-1
151,57,792.87,350.08,99.79,133.02,1.0000,-1,-1,-1
152,2,272.53,237.02,53.63,167.10,1.0000,-1,-1,-1
152,11,935.92,318.32,114.88,144.86,1.0000,-1,-1,-1
152,14,80.34,455.31,88.86,164.75,1.0000,-1,-1,-1
152,19,344.89,494.16,65.11,128.71,1.0000,-1,-1,-1
152,34,1114.95,134.24,60.92,136.13,1.0000,-1,-1,-1
152,48,808.98,293.97,115.29,158.61,1.0000,-1,-1,-1
152,49,707.42,255.41,76.00,136.52,1.0000,-1,-1,-1
152,56,455.84,155.65,42.78,137.85,1.0000,-1,-1,-1
152,57,782.43,316.48,109.53,155.05,1.0000,-1,-1,-1
153,2,267.00,235.34,52.79,167.50,1.0000,-1,-1,-1
153,11,947.89,314.68,105.52,143.86,1.0000,-1,-1,-1
153,14,78.38,456.96,99.10,164.47,1.0000,-1,-1,-1
153,19,341.96,495.98,64.97,128.12,1.0000,-1,-1,-1
153,34,1112.44,134.23,61.51,136.39,1.0000,-1,-1,-1
153,48,803.14,286.48,116.33,154.00,1.0000,-1,-1,-1
153,49,708.83,256.62,77.99,137.21,1.0000,-1,-1,-1
153,56,453.48,156.11,44.43,138.60,1.0000,-1,-1,-1
153,57,776.45,321.62,105.24,151.58,1.0000,-1,-1,-1
154,2,262.61,234.61,52.70,167.21,1.0000,-1,-1,-1
154,11,956.04,311.77,97.13,143.87,1.0000,-1,-1,-1
154,14,73.11,458.42,105.90,164.14,1.0000,-1,-1,-1
154,19,339.71,496.39,64.92,126.72,1.0000,-1,-1,-1
154,34,1110.82,134.61,62.09,136.83,1.0000,-1,-1,-1
154,48,789.16,286.51,118.01,155.12,1.0000,-1,-1,-1
154,49,710.14,257.86,79.13,137.29,1.0000,-1,-1,-1
154,56,451.54,155.76,45.82,138.50,1.0000,-1,-1,-1
154,57,772.97,301.56,106.93,162.82,1.0000,-1,-1,-1
155,2,260.27,222.80,51.52,157.12,1.0000,-1,-1,-1
155,11,959.51,308.10,91.05,145.66,1.0000,-1,-1,-1
155,14,70.83,459.91,114.12,163.65,1.0000,-1,-1,-1
155,19,337.55,497.15,64.96,125.70,1.0000,-1,-1,-1
155,34,1109.40,135.41,62.16,137.06,1.0000,-1,-1,-1
155,48,781.66,285.66,116.22,155.51,1.0000,-1,-1,-1
155,49,708.86,257.38,80.71,136.89,1.0000,-1,-1,-1
155,56,449.94,155.08,46.81,136.58,1.0000,-1,-1,-1
155,57,766.60,296.10,97.61,164.32,1.0000,-1,-1,-1
156,2,258.03,219.60,50.67,151.91,1.0000,-1,-1,-1
156,11,959.17,303.05,87.68,148.34,1.0000,-1,-1,-1
156,14,69.42,460.92,121.79,163.59,1.0000,-1,-1,-1
156,19,335.13,498.42,64.98,124.42,1.0000,-1,-1,-1
156,34,1110.54,135.43,61.19,137.15,1.0000,-1,-1,-1
156,48,773.37,286.10,113.19,157.84,1.0000,-1,-1,-1
156,49,707.75,257.11,81.21,137.07,1.0000,-1,-1,-1
156,56,447.90,154.00,47.60,136.69,1.0000,-1,-1,-1
156,57,758.97,287.86,100.11,168.53,1.0000,-1,-1,-1
157,2,255.32,210.48,48.66,143.94,1.0000,-1,-1,-1
157,11,953.34,294.53,87.45,151.11,1.0000,-1,-1,-1
157,14,69.33,460.37,126.67,164.81,1.0000,-1,-1,-1
157,19,332.06,499.90,65.33,122.96,1.0000,-1,-1,-1
157,34,1110.87,135.47,60.47,137.42,1.0000,-1,-1,-1
157,48,773.36,282.62,102.33,155.51,1.0000,-1,-1,-1
157,49,700.86,253.98,79.85,138.51,1.0000,-1,-1,-1
157,56,445.13,153.48,49.77,140.27,1.0000,-1,-1,-1
158,2,254.56,204.87,47.17,138.54,1.0000,-1,-1,-1
158,11,948.60,287.85,86.14,150.77,1.0000,-1,-1,-1
158,14,69.79,459.31,128.85,166.39,1.0000,-1,-1,-1
158,19,330.81,501.19,65.47,121.69,1.0000,-1,-1,-1
158,34,1110.87,135.41,60.08,137.90,1.0000,-1,-1,-1
158,48,770.48,282.36,93.11,154.39,1.0000,-1,-1,-1
158,49,697.20,251.89,78.97,141.62,1.0000,-1,-1,-1
158,56,442.86,152.38,51.61,143.02,1.0000,-1,-1,-1
159,2,254.61,204.42,46.25,134.26,1.0000,-1,-1,-1
159,11,949.02,281.13,83.32,147.78,1.0000,-1,-1,-1
159,14,72.60,458.51,127.65,168.14,1.0000,-1,-1,-1
159,19,330.20,502.23,65.39,120.67,1.0000,-1,-1,-1
159,34,1111.74,135.27,59.60,138.12,1.0000,-1,-1,-1
159,48,770.71,282.62,84.37,154.04,1.0000,-1,-1,-1
159,49,691.33,249.50,76.88,145.07,1.0000,-1,-1,-1
159,56,441.13,151.07,52.65,145.24,1.0000,-1,-1,-1
160,2,246.53,209.59,50.37,141.69,1.0000,-1,-1,-1
160,11,949.22,276.30,82.21,144.68,1.0000,-1,-1,-1
160,14,83.28,458.04,123.84,170.25,1.0000,-1,-1,-1
160,19,330.12,502.47,65.61,120.06,1.0000,-1,-1,-1
160,34,1112.84,135.27,59.41,137.98,1.0000,-1,-1,-1
160,48,769.50,284.39,78.45,153.99,1.0000,-1,-1,-1
160,49,691.86,248.84,76.80,144.91,1.0000,-1,-1,-1
160,56,439.87,149.74,53.43,147.21,1.0000,-1,-1,-1
161,2,241.00,210.82,54.57,148.20,1.0000,-1,-1,-1
161,11,948.94,273.47,82.27,143.13,1.0000,-1,-1,-1
161,14,89.54,457.12,119.26,172.36,1.0000,-1,-1,-1
161,19,330.22,502.52,65.76,119.36,1.0000,-1,-1,-1
161,34,1115.75,135.53,58.03,137.95,1.0000,-1,-1,-1
161,48,764.06,285.56,78.05,153.22,1.0000,-1,-1,-1
161,49,681.18,241.20,70.93,142.62,1.0000,-1,-1,-1
161,56,441.42,146.08,53.73,149.03,1.0000,-1,-1,-1
162,2,237.13,209.42,59.26,150.64,1.0000,-1,-1,-1
162,11,948.29,267.56,82.60,145.80,1.0000,-1,-1,-1
162,14,98.23,457.57,115.12,173.71,1.0000,-1,-1,-1
162,19,330.74,504.44,66.31,118.03,1.0000,-1,-1,-1
162,34,1119.13,135.70,56.86,138.55,1.0000,-1,-1,-1
162,48,766.82,292.02,75.26,152.47,1.0000,-1,-1,-1
162,49,676.25,235.85,67.57,139.32,1.0000,-1,-1,-1
162,56,444.73,140.87,54.12,148.19,1.0000,-1,-1,-1
162,61,316.39,230.18,50.47,157.92,1.0000,-1,-1,-1
163,2,234.62,209.92,63.86,151.98,1.0000,-1,-1,-1
163,11,947.40,263.54,82.91,148.73,1.0000,-1,-1,-1
163,14,103.31,457.80,113.48,174.77,1.0000,-1,-1,-1
163,19,331.60,506.24,66.47,117.08,1.0000,-1,-1,-1
163,34,1121.29,135.79,56.93,139.71,1.0000,-1,-1,-1
163,48,767.94,293.41,74.93,152.74,1.0000,-1,-1,-1
163,49,673.56,233.24,65.58,136.32,1.0000,-1,-1,-1
163,56,446.99,138.40,54.89,146.84,1.0000,-1,-1,-1
163,61,316.46,227.68,52.43,159.52,1.0000,-1,-1,-1
164,2,232.09,211.91,68.21,152.52,1.0000,-1,-1,-1
164,11,946.44,259.08,83.56,151.55,1.0000,-1,-1,-1
164,14,106.42,459.99,112.37,174.65,1.0000,-1,-1,-1
164,19,333.05,507.60,66.96,115.27,1.0000,-1,-1,-1
164,34,1124.04,135.29,57.34,139.87,1.0000,-1,-1,-1
164,48,766.26,294.72,77.43,152.63,1.0000,-1,-1,-1
164,49,669.86,231.00,63.35,133.53,1.0000,-1,-1,-1
164,56,450.68,138.10,55.31,145.36,1.0000,-1,-1,-1
164,61,319.02,227.14,55.46,163.83,1.0000,-1,-1,-1
164,62,231.22,338.98,73.60,163.29,1.0000,-1,-1,-1
165,2,229.92,214.38,72.53,153.13,1.0000,-1,-1,-1
165,11,940.55,247.38,76.85,143.85,1.0000,-1,-1,-1
165,14,112.41,461.73,117.19,174.95,1.0000,-1,-1,-1
165,19,334.52,509.07,67.38,113.82,1.0000,-1,-1,-1
165,34,1127.30,135.11,58.19,141.33,1.0000,-1,-1,-1
165,48,763.61,296.65,81.77,152.68,1.0000,-1,-1,-1
165,49,667.31,230.64,64.90,132.26,1.0000,-1,-1,-1
165,56,455.46,137.16,56.15,145.79,1.0000,-1,-1,-1
165,61,320.32,226.83,57.10,164.83,1.0000,-1,-1,-1
165,62,236.20,347.38,69.55,156.13,1.0000,-1,-1,-1
165,63,724.80,297.50,69.56,145.60,1.0000,-1,-1,-1
166,2,230.27,215.65,75.89,153.52,1.0000,-1,-1,-1
166,11,938.47,241.42,71.32,137.71,1.0000,-1,-1,-1
166,14,111.61,464.02,115.22,174.81,1.0000,-1,-1,-1
166,19,336.91,510.54,67.31,112.64,1.0000,-1,-1,-1
166,34,1132.08,135.02,59.21,141.75,1.0000,-1,-1,-1
166,48,761.46,297.68,86.73,153.74,1.0000,-1,-1,-1
166,49,670.11,230.06,63.21,129.42,1.0000,-1,-1,-1
166,56,457.97,135.12,59.79,146.93,1.0000,-1,-1,-1
166,61,321.19,225.59,59.11,165.84,1.0000,-1,-1,-1
166,62,238.02,350.16,68.99,154.87,1.0000,-1,-1,-1
166,63,727.02,298.08,65.89,145.60,1.0000,-1,-1,-1
167,2,235.36,215.36,78.58,154.39,1.0000,-1,-1,-1
167,11,920.40,237.46,87.33,143.08,1.0000,-1,-1,-1
167,14,114.04,473.34,115.49,171.85,1.0000,-1,-1,-1
167,19,341.17,512.75,67.02,111.85,1.0000,-1,-1,-1
167,34,1140.89,136.30,58.89,143.28,1.0000,-1,-1,-1
167,48,759.85,297.50,92.01,155.50,1.0000,-1,-1,-1
167,49,668.48,231.84,64.05,128.59,1.0000,-1,-1,-1
167,56,463.27,133.45,66.44,148.13,1.0000,-1,-1,-1
167,61,325.27,226.02,62.80,168.07,1.0000,-1,-1,-1
167,63,728.80,295.67,65.98,150.32,1.0000,-1,-1,-1
168,2,243.66,213.55,79.22,153.55,1.0000,-1,-1,-1
168,11,926.47,236.79,88.46,142.79,1.0000,-1,-1,-1
168,14,117.10,477.83,116.35,170.45,1.0000,-1,-1,-1
168,19,344.18,531.35,69.61,128.61,1.0000,-1,-1,-1
168,34,1150.37,137.63,58.48,144.65,1.0000,-1,-1,-1
168,48,756.40,295.74,95.35,155.64,1.0000,-1,-1,-1
168,49,653.03,237.98,74.26,138.91,1.0000,-1,-1,-1
168,56,468.70,132.61,70.95,149.32,1.0000,-1,-1,-1
168,61,331.49,224.75,68.06,171.08,1.0000,-1,-1,-1
168,63,730.35,292.28,69.18,155.05,1.0000,-1,-1,-1
169,2,243.05,212.78,79.25,153.61,1.0000,-1,-1,-1
169,11,917.80,235.34,94.61,141.41,1.0000,-1,-1,-1
169,14,121.97,480.11,118.55,170.77,1.0000,-1,-1,-1
169,19,347.69,535.87,70.73,141.82,1.0000,-1,-1,-1
169,34,1156.85,138.46,59.38,146.01,1.0000,-1,-1,-1
169,48,753.54,296.85,95.24,155.46,1.0000,-1,-1,-1
169,49,650.87,237.47,74.13,138.65,1.0000,-1,-1,-1
169,56,475.23,134.18,73.31,149.45,1.0000,-1,-1,-1
169,61,335.76,225.05,72.13,172.56,1.0000,-1,-1,-1
169,63,732.71,291.54,69.35,155.43,1.0000,-1,-1,-1
170,11,917.14,237.14,99.09,139.79,1.0000,-1,-1,-1
170,14,133.73,482.26,129.84,171.20,1.0000,-1,-1,-1
170,19,351.33,538.01,71.29,153.41,1.0000,-1,-1,-1
170,34,1165.28,141.15,59.20,146.34,1.0000,-1,-1,-1
170,56,481.42,133.96,74.44,150.63,1.0000,-1,-1,-1
170,61,339.34,227.14,74.76,172.97,1.0000,-1,-1,-1
170,64,72.10,146.40,61.00,158.03,1.0000,-1,-1,-1
171,11,919.79,237.97,103.06,139.11,1.0000,-1,-1,-1
171,14,136.99,484.08,134.31,171.07,1.0000,-1,-1,-1
171,19,355.82,537.61,71.06,161.61,1.0000,-1,-1,-1
171,34,1173.09,140.02,59.52,148.13,1.0000,-1,-1,-1
171,56,486.90,134.56,74.86,151.07,1.0000,-1,-1,-1
171,61,342.95,227.08,78.62,174.44,1.0000,-1,-1,-1
171,64,73.63,144.44,63.82,160.96,1.0000,-1,-1,-1
172,11,931.16,237.13,103.60,140.18,1.0000,-1,-1,-1
172,14,148.52,485.15,131.05,170.82,1.0000,-1,-1,-1
172,19,361.64,539.55,71.18,168.15,1.0000,-1,-1,-1
172,34,1185.75,140.00,58.85,150.05,1.0000,-1,-1,-1
172,56,496.86,133.78,74.72,151.47,1.0000,-1,-1,-1
172,61,346.14,227.62,81.86,176.78,1.0000,-1,-1,-1
172,64,81.50,143.12,63.28,163.25,1.0000,-1,-1,-1
173,11,933.54,235.83,104.55,141.24,1.0000,-1,-1,-1
173,14,164.78,486.58,134.41,170.69,1.0000,-1,-1,-1
173,19,367.49,540.58,71.45,172.73,1.0000,-1,-1,-1
173,34,1193.98,139.29,57.70,152.06,1.0000,-1,-1,-1
173,56,504.68,133.22,74.08,151.93,1.0000,-1,-1,-1
173,61,345.89,229.26,84.07,177.19,1.0000,-1,-1,-1
173,64,85.10,143.60,64.25,165.52,1.0000,-1,-1,-1
173,66,740.31,269.83,92.34,200.03,1.0000,-1,-1,-1
174,11,929.05,232.64,106.69,140.96,1.0000,-1,-1,-1
174,14,170.57,488.14,134.74,171.11,1.0000,-1,-1,-1
174,19,371.62,540.90,70.57,175.08,1.0000,-1,-1,-1
174,34,1202.67,137.63,54.62,152.94,1.0000,-1,-1,-1
174,56,511.07,132.83,73.70,151.57,1.0000,-1,-1,-1
174,61,347.16,229.60,84.30,178.50,1.0000,-1,-1,-1
174,64,88.10,141.26,65.39,168.38,1.0000,-1,-1,-1
174,66,737.49,266.23,98.32,209.24,1.0000,-1,-1,-1
174,67,652.67,239.02,77.75,123.97,1.0000,-1,-1,-1
175,11,927.72,229.81,105.26,140.94,1.0000,-1,-1,-1
175,19,374.90,541.38,70.31,175.48,1.0000,-1,-1,-1
175,34,1209.41,137.97,51.17,152.78,1.0000,-1,-1,-1
175,56,516.59,129.23,73.73,152.78,1.0000,-1,-1,-1
175,61,345.68,230.33,84.66,180.59,1.0000,-1,-1,-1
175,64,91.61,140.44,65.01,170.68,1.0000,-1,-1,-1
175,66,729.77,263.29,107.48,221.50,1.0000,-1,-1,-1
175,67,649.86,240.08,84.73,133.86,1.0000,-1,-1,-1
176,11,925.57,226.93,101.79,141.32,1.0000,-1,-1,-1
176,19,378.22,542.84,70.39,174.89,1.0000,-1,-1,-1
176,34,1212.56,137.16,50.73,154.06,1.0000,-1,-1,-1
176,56,522.31,127.78,73.74,154.16,1.0000,-1,-1,-1
176,61,348.11,229.52,86.16,183.79,1.0000,-1,-1,-1
176,64,93.38,141.71,65.78,172.22,1.0000,-1,-1,-1
176,66,724.21,261.02,113.56,225.06,1.0000,-1,-1,-1
176,67,649.98,239.87,88.37,139.61,1.0000,-1,-1,-1
177,11,918.36,224.10,96.46,142.80,1.0000,-1,-1,-1
177,19,384.68,546.21,70.47,174.25,1.0000,-1,-1,-1
177,34,1220.42,136.66,49.95,155.20,1.0000,-1,-1,-1
177,56,533.56,125.60,73.14,154.01,1.0000,-1,-1,-1
177,61,355.52,229.93,83.78,185.73,1.0000,-1,-1,-1
177,64,99.01,143.92,63.53,171.53,1.0000,-1,-1,-1
177,66,721.38,258.03,117.64,233.15,1.0000,-1,-1,-1
178,11,916.39,221.51,92.43,145.21,1.0000,-1,-1,-1
178,19,388.14,548.41,71.11,173.64,1.0000,-1,-1,-1
178,34,1227.37,137.01,50.50,155.52,1.0000,-1,-1,-1
178,56,540.55,126.03,74.56,152.72,1.0000,-1,-1,-1
178,61,360.01,221.98,90.35,193.65,1.0000,-1,-1,-1
178,64,100.53,146.34,64.12,171.15,1.0000,-1,-1,-1
178,66,714.41,292.06,95.84,205.83,1.0000,-1,-1,-1
179,11,914.50,218.19,88.96,146.99,1.0000,-1,-1,-1
179,19,391.32,550.45,71.73,172.47,1.0000,-1,-1,-1
179,34,1228.94,137.33,51.35,155.41,1.0000,-1,-1,-1
179,56,545.64,128.94,76.47,150.33,1.0000,-1,-1,-1
179,61,364.89,218.08,100.15,199.02,1.0000,-1,-1,-1
179,64,106.08,147.76,62.67,170.27,1.0000,-1,-1,-1
179,66,714.51,301.62,86.87,196.59,1.0000,-1,-1,-1
179,68,615.28,251.03,92.95,150.29,1.0000,-1,-1,-1
180,11,911.13,215.43,86.45,148.23,1.0000,-1,-1,-1
180,19,395.91,551.86,71.41,171.31,1.0000,-1,-1,-1
180,34,1228.48,136.67,52.41,155.01,1.0000,-1,-1,-1
180,56,551.42,129.47,80.69,149.98,1.0000,-1,-1,-1
180,61,371.49,214.25,108.35,202.96,1.0000,-1,-1,-1
180,64,109.68,148.37,63.01,171.18,1.0000,-1,-1,-1
180,66,709.15,305.36,79.95,190.83,1.0000,-1,-1,-1
180,68,606.42,257.46,95.92,153.49,1.0000,-1,-1,-1
181,11,905.41,213.11,82.86,147.93,1.0000,-1,-1,-1
181,19,400.30,553.79,71.16,169.70,1.0000,-1,-1,-1
181,34,1226.00,136.88,54.25,153.75,1.0000,-1,-1,-1
181,56,556.25,131.47,85.11,148.87,1.0000,-1,-1,-1
181,61,365.15,218.52,98.76,199.72,1.0000,-1,-1,-1
181,66,705.93,306.39,78.53,189.83,1.0000,-1,-1,-1
181,68,599.45,262.58,98.76,157.27,1.0000,-1,-1,-1
182,11,897.78,212.70,79.08,147.92,1.0000,-1,-1,-1
182,19,408.17,555.43,70.33,168.11,1.0000,-1,-1,-1
182,34,1223.78,135.76,56.06,152.55,1.0000,-1,-1,-1
182,56,563.26,134.75,88.74,148.74,1.0000,-1,-1,-1
182,61,372.46,220.68,88.93,195.27,1.0000,-1,-1,-1
182,66,699.31,303.88,76.68,191.30,1.0000,-1,-1,-1
182,68,595.42,266.13,98.09,159.07,1.0000,-1,-1,-1
183,11,889.71,213.67,81.63,147.72,1.0000,-1,-1,-1
183,19,415.03,556.89,68.82,166.59,1.0000,-1,-1,-1
183,34,1227.21,135.73,56.13,152.74,1.0000,-1,-1,-1
183,56,568.04,137.34,92.40,148.27,1.0000,-1,-1,-1
183,61,377.68,222.76,83.51,190.48,1.0000,-1,-1,-1
183,66,685.61,299.81,83.12,195.13,1.0000,-1,-1,-1
183,68,595.43,268.33,96.78,160.01,1.0000,-1,-1,-1
184,11,877.43,217.48,88.66,144.80,1.0000,-1,-1,-1
184,19,418.77,559.08,68.95,166.89,1.0000,-1,-1,-1
184,56,572.61,138.39,94.85,148.74,1.0000,-1,-1,-1
184,61,383.92,223.86,80.23,185.74,1.0000,-1,-1,-1
184,66,683.28,299.06,84.35,197.98,1.0000,-1,-1,-1
184,68,598.92,270.07,92.16,158.90,1.0000,-1,-1,-1
184,72,431.24,225.21,108.40,159.17,1.0000,-1,-1,-1
185,11,866.44,220.53,96.99,141.58,1.0000,-1,-1,-1
185,56,575.68,139.26,95.51,148.99,1.0000,-1,-1,-1
185,61,389.07,225.20,79.28,181.81,1.0000,-1,-1,-1
185,66,677.71,298.79,86.64,198.98,1.0000,-1,-1,-1
185,68,603.50,271.56,87.78,158.05,1.0000,-1,-1,-1
185,70,353.81,376.66,75.72,152.93,1.0000,-1,-1,-1
185,72,440.48,226.94,107.46,154.39,1.0000,-1,-1,-1
185,73,742.58,261.94,69.57,128.89,1.0000,-1,-1,-1
186,11,862.11,218.96,97.12,141.77,1.0000,-1,-1,-1
186,56,578.92,137.55,95.64,149.65,1.0000,-1,-1,-1
186,61,394.16,226.03,78.21,178.49,1.0000,-1,-1,-1
186,66,679.58,300.97,82.12,196.11,1.0000,-1,-1,-1
186,68,608.32,272.05,84.34,158.42,1.0000,-1,-1,-1
186,70,363.54,367.42,84.46,160.81,1.0000,-1,-1,-1
186,72,439.49,227.91,114.58,159.81,1.0000,-1,-1,-1
186,73,735.70,262.24,64.63,126.78,1.0000,-1,-1,-1
187,56,590.08,138.72,93.87,149.30,1.0000,-1,-1,-1
187,61,397.50,225.22,78.85,179.95,1.0000,-1,-1,-1
187,66,677.60,301.71,77.87,188.39,1.0000,-1,-1,-1
187,68,611.88,271.65,81.65,159.92,1.0000,-1,-1,-1
187,70,371.74,364.91,86.01,164.61,1.0000,-1,-1,-1
187,72,442.76,228.98,119.71,163.00,1.0000,-1,-1,-1
187,73,731.40,262.88,61.44,124.93,1.0000,-1,-1,-1
187,74,856.27,238.88,75.03,109.49,1.0000,-1,-1,-1
188,56,598.99,137.78,90.67,150.04,1.0000,-1,-1,-1
188,66,673.37,309.71,77.06,187.56,1.0000,-1,-1,-1
188,68,612.12,273.68,80.30,162.39,1.0000,-1,-1,-1
188,70,380.52,366.61,87.14,167.91,1.0000,-1,-1,-1
188,72,447.05,228.91,120.86,162.73,1.0000,-1,-1,-1
188,73,727.45,266.48,60.62,129.58,1.0000,-1,-1,-1
188,74,857.92,247.51,68.54,100.01,1.0000,-1,-1,-1
189,56,606.43,137.31,88.51,150.26,1.0000,-1,-1,-1
189,66,664.91,313.28,78.35,186.06,1.0000,-1,-1,-1
189,68,610.90,277.02,81.07,165.75,1.0000,-1,-1,-1
189,70,387.60,369.56,86.37,172.34,1.0000,-1,-1,-1
189,72,449.63,228.17,121.70,160.62,1.0000,-1,-1,-1
189,73,722.00,269.90,58.30,124.63,1.0000,-1,-1,-1
189,74,854.32,241.42,84.15,118.45,1.0000,-1,-1,-1
190,56,611.97,138.02,87.48,149.82,1.0000,-1,-1,-1
190,66,657.73,315.71,79.81,185.55,1.0000,-1,-1,-1
190,68,608.79,280.15,82.81,168.85,1.0000,-1,-1,-1
190,70,392.34,371.10,87.27,175.94,1.0000,-1,-1,-1
190,72,461.12,229.14,115.72,156.90,1.0000,-1,-1,-1
190,74,847.53,240.53,90.59,123.62,1.0000,-1,-1,-1
191,56,617.83,137.85,87.93,150.59,1.0000,-1,-1,-1
191,66,652.59,316.70,83.67,186.96,1.0000,-1,-1,-1
191,68,606.19,285.03,82.11,171.07,1.0000,-1,-1,-1
191,70,399.89,371.62,86.30,172.00,1.0000,-1,-1,-1
191,72,464.76,229.23,115.11,156.96,1.0000,-1,-1,-1
191,74,843.01,239.58,93.46,125.07,1.0000,-1,-1,-1
191,76,427.61,235.61,74.72,146.27,1.0000,-1,-1,-1
192,56,623.05,147.19,86.89,146.65,1.0000,-1,-1,-1
192,66,636.57,316.03,97.19,190.41,1.0000,-1,-1,-1
192,68,604.17,288.04,82.93,172.79,1.0000,-1,-1,-1
192,70,404.62,377.56,87.65,176.87,1.0000,-1,-1,-1
192,72,470.67,230.10,112.44,156.41,1.0000,-1,-1,-1
192,74,840.13,238.45,96.11,127.28,1.0000,-1,-1,-1
192,76,434.61,236.81,73.66,141.91,1.0000,-1,-1,-1
193,56,627.61,149.94,87.09,143.97,1.0000,-1,-1,-1
193,66,627.83,314.54,106.36,193.48,1.0000,-1,-1,-1
193,70,407.98,377.03,88.02,177.48,1.0000,-1,-1,-1
193,72,474.70,231.43,109.14,155.71,1.0000,-1,-1,-1
193,74,839.68,236.64,97.79,130.00,1.0000,-1,-1,-1
193,76,441.15,236.82,72.54,139.74,1.0000,-1,-1,-1
194,56,631.85,150.30,87.56,143.47,1.0000,-1,-1,-1
194,66,622.54,316.06,106.62,193.94,1.0000,-1,-1,-1
194,70,412.11,375.60,87.48,177.28,1.0000,-1,-1,-1
194,72,476.70,231.82,106.63,156.31,1.0000,-1,-1,-1
194,74,841.02,233.94,98.15,132.37,1.0000,-1,-1,-1
194,78,711.02,261.77,73.37,145.76,1.0000,-1,-1,-1
195,56,634.39,149.98,86.95,143.74,1.0000,-1,-1,-1
195,66,608.84,310.33,101.93,198.63,1.0000,-1,-1,-1
195,70,415.82,378.96,86.21,175.74,1.0000,-1,-1,-1
195,72,479.94,232.04,103.50,156.51,1.0000,-1,-1,-1
195,74,843.14,231.72,97.90,135.19,1.0000,-1,-1,-1
195,78,710.02,259.64,77.76,141.82,1.0000,-1,-1,-1
196,56,637.75,150.50,87.47,143.60,1.0000,-1,-1,-1
196,66,602.86,307.95,99.64,201.68,1.0000,-1,-1,-1
196,70,418.71,383.03,86.67,174.92,1.0000,-1,-1,-1
196,72,480.38,231.65,101.86,157.30,1.0000,-1,-1,-1
196,74,846.63,230.15,96.27,137.02,1.0000,-1,-1,-1
196,78,712.78,258.08,82.93,140.32,1.0000,-1,-1,-1
197,56,645.75,149.18,88.32,144.31,1.0000,-1,-1,-1
197,66,602.44,304.96,98.57,202.74,1.0000,-1,-1,-1
197,70,426.55,391.45,91.26,170.42,1.0000,-1,-1,-1
197,72,495.76,230.01,94.07,156.38,1.0000,-1,-1,-1
197,74,852.72,226.51,96.30,140.25,1.0000,-1,-1,-1
197,78,718.24,255.42,91.99,143.10,1.0000,-1,-1,-1
198,56,652.03,150.82,90.29,142.82,1.0000,-1,-1,-1
198,66,602.94,303.45,97.69,204.91,1.0000,-1,-1,-1
198,70,432.63,393.21,98.07,168.69,1.0000,-1,-1,-1
198,72,503.58,228.22,88.98,155.94,1.0000,-1,-1,-1
198,74,858.89,222.98,97.70,144.42,1.0000,-1,-1,-1
198,78,720.22,252.92,98.20,144.78,1.0000,-1,-1,-1
198,80,564.79,462.05,69.69,171.19,1.0000,-1,-1,-1
198,81,207.82,161.11,63.46,168.81,1.0000,-1,-1,-1
199,56,658.26,152.82,92.21,141.04,1.0000,-1,-1,-1
199,66,602.21,301.98,95.05,206.33,1.0000,-1,-1,-1
199,70,435.38,395.66,103.55,166.08,1.0000,-1,-1,-1
199,72,508.53,227.29,85.28,155.87,1.0000,-1,-1,-1
199,74,862.67,221.74,99.53,146.94,1.0000,-1,-1,-1
199,78,724.17,250.48,100.17,143.53,1.0000,-1,-1,-1
199,80,573.45,459.77,70.81,160.57,1.0000,-1,-1,-1
199,81,212.89,158.39,61.94,165.53,1.0000,-1,-1,-1
200,56,663.84,155.97,96.83,138.41,1.0000,-1,-1,-1
200,66,598.55,298.91,90.03,204.71,1.0000,-1,-1,-1
200,70,438.36,395.52,107.55,165.28,1.0000,-1,-1,-1
200,72,513.54,227.58,82.53,156.36,1.0000,-1,-1,-1
200,74,861.53,223.19,105.11,147.25,1.0000,-1,-1,-1
200,78,728.53,248.89,103.66,141.56,1.0000,-1,-1,-1
200,80,583.05,456.69,70.91,157.83,1.0000,-1,-1,-1
200,81,216.63,157.45,61.18,163.38,1.0000,-1,-1,-1
201,56,667.87,158.53,101.79,136.55,1.0000,-1,-1,-1
201,66,596.24,298.34,83.78,202.11,1.0000,-1,-1,-1
201,70,441.39,396.21,110.81,164.45,1.0000,-1,-1,-1
201,72,518.23,227.95,79.02,155.68,1.0000,-1,-1,-1
201,74,860.02,221.73,110.29,148.68,1.0000,-1,-1,-1
201,78,732.87,249.91,107.49,139.10,1.0000,-1,-1,-1
201,80,595.05,448.10,67.96,151.26,1.0000,-1,-1,-1
201,81,221.37,156.84,59.89,159.93,1.0000,-1,-1,-1
202,56,677.34,158.53,112.14,137.12,1.0000,-1,-1,-1
202,66,588.38,296.46,82.59,199.23,1.0000,-1,-1,-1
202,70,454.66,395.69,113.20,164.28,1.0000,-1,-1,-1
202,72,522.83,228.80,78.21,154.09,1.0000,-1,-1,-1
202,74,860.82,221.14,113.86,150.14,1.0000,-1,-1,-1
202,78,741.89,252.06,109.40,137.87,1.0000,-1,-1,-1
202,81,226.01,154.51,62.31,162.03,1.0000,-1,-1,-1
203,56,680.17,156.74,114.25,138.44,1.0000,-1,-1,-1
203,66,586.05,297.03,82.48,198.87,1.0000,-1,-1,-1
203,70,472.36,394.86,120.44,164.81,1.0000,-1,-1,-1
203,74,861.88,220.31,115.37,152.13,1.0000,-1,-1,-1
203,78,746.30,254.35,111.10,135.90,1.0000,-1,-1,-1
203,81,230.83,153.28,61.63,160.27,1.0000,-1,-1,-1
204,56,691.69,156.47,112.21,139.13,1.0000,-1,-1,-1
204,66,590.48,298.65,79.01,198.68,1.0000,-1,-1,-1
204,70,485.08,393.32,118.18,165.44,1.0000,-1,-1,-1
204,74,859.62,213.41,99.85,143.91,1.0000,-1,-1,-1
204,78,751.33,256.21,112.19,133.94,1.0000,-1,-1,-1
204,83,502.53,571.67,66.88,148.86,1.0000,-1,-1,-1
205,56,706.70,156.27,107.73,140.18,1.0000,-1,-1,-1
205,66,588.59,300.85,76.84,197.98,1.0000,-1,-1,-1
205,70,500.66,391.93,111.21,165.75,1.0000,-1,-1,-1
205,74,859.93,211.96,100.65,145.07,1.0000,-1,-1,-1
205,78,754.19,257.75,112.50,132.24,1.0000,-1,-1,-1
205,83,506.84,572.37,65.10,147.38,1.0000,-1,-1,-1
205,84,639.49,473.93,77.59,144.05,1.0000,-1,-1,-1
206,56,722.21,156.88,100.69,140.14,1.0000,-1,-1,-1
206,66,591.60,303.30,75.37,197.49,1.0000,-1,-1,-1
206,70,509.09,391.93,112.00,166.93,1.0000,-1,-1,-1
206,78,757.86,264.14,111.92,127.59,1.0000,-1,-1,-1
206,83,511.56,571.94,63.54,146.96,1.0000,-1,-1,-1
206,84,650.14,477.11,75.92,142.25,1.0000,-1,-1,-1
207,56,748.44,156.39,90.68,139.58,1.0000,-1,-1,-1
207,66,568.62,312.56,85.15,215.30,1.0000,-1,-1,-1
207,78,758.22,262.22,116.12,127.26,1.0000,-1,-1,-1
207,83,514.94,572.49,63.09,145.92,1.0000,-1,-1,-1
207,84,665.32,478.79,76.00,141.69,1.0000,-1,-1,-1
208,56,766.33,153.94,82.55,137.53,1.0000,-1,-1,-1
208,66,563.65,314.46,85.12,215.23,1.0000,-1,-1,-1
208,78,760.25,260.73,118.02,127.37,1.0000,-1,-1,-1
208,84,672.91,478.73,76.65,142.49,1.0000,-1,-1,-1
209,56,781.87,154.64,75.98,134.32,1.0000,-1,-1,-1
209,66,551.38,306.54,90.36,207.23,1.0000,-1,-1,-1
209,78,760.13,262.69,120.45,126.26,1.0000,-1,-1,-1
209,84,679.92,476.93,76.13,143.61,1.0000,-1,-1,-1
209,87,879.39,220.26,93.07,148.36,1.0000,-1,-1,-1
210,56,794.27,159.37,73.45,136.08,1.0000,-1,-1,-1
210,66,542.36,307.23,97.36,201.45,1.0000,-1,-1,-1
210,78,760.38,258.48,122.30,128.87,1.0000,-1,-1,-1
210,84,683.94,474.26,76.84,145.59,1.0000,-1,-1,-1
210,87,882.59,222.31,91.52,146.26,1.0000,-1,-1,-1
211,56,805.57,162.94,73.29,140.87,1.0000,-1,-1,-1
211,66,534.82,306.86,103.49,198.49,1.0000,-1,-1,-1
211,78,761.50,255.46,122.94,130.86,1.0000,-1,-1,-1
211,84,687.29,469.84,77.52,149.20,1.0000,-1,-1,-1
211,87,884.48,219.20,91.47,149.06,1.0000,-1,-1,-1
212,56,821.02,168.06,76.08,142.57,1.0000,-1,-1,-1
212,66,529.44,306.95,103.62,198.74,1.0000,-1,-1,-1
212,78,762.72,249.59,120.43,133.50,1.0000,-1,-1,-1
212,84,694.68,463.47,78.50,154.40,1.0000,-1,-1,-1
212,87,886.06,218.81,91.56,149.21,1.0000,-1,-1,-1
212,89,614.34,396.56,93.47,161.78,1.0000,-1,-1,-1
213,56,831.54,169.30,76.27,142.93,1.0000,-1,-1,-1
213,66,530.11,308.84,103.88,197.08,1.0000,-1,-1,-1
213,78,761.16,245.16,115.76,136.29,1.0000,-1,-1,-1
213,84,698.07,459.36,79.69,158.64,1.0000,-1,-1,-1
213,87,896.61,158.81,94.10,184.13,1.0000,-1,-1,-1
213,89,636.09,405.39,88.92,153.91,1.0000,-1,-1,-1
214,66,529.71,307.27,103.69,198.18,1.0000,-1,-1,-1
214,78,759.62,242.84,109.72,138.31,1.0000,-1,-1,-1
214,84,700.73,457.12,80.43,161.41,1.0000,-1,-1,-1
214,87,906.09,144.91,87.61,198.84,1.0000,-1,-1,-1
214,89,633.04,403.67,79.38,146.29,1.0000,-1,-1,-1
215,66,526.21,308.29,101.09,197.72,1.0000,-1,-1,-1
215,78,760.40,240.35,101.27,139.84,1.0000,-1,-1,-1
215,84,702.18,454.59,81.17,164.28,1.0000,-1,-1,-1
215,87,909.54,134.03,89.29,202.64,1.0000,-1,-1,-1
215,89,642.61,404.98,70.18,136.96,1.0000,-1,-1,-1
216,66,522.79,302.34,95.40,200.49,1.0000,-1,-1,-1
216,78,758.79,238.87,95.03,140.91,1.0000,-1,-1,-1
216,84,705.96,453.53,82.53,166.73,1.0000,-1,-1,-1
216,89,652.55,407.24,63.17,130.16,1.0000,-1,-1,-1
217,66,507.80,298.09,92.67,202.80,1.0000,-1,-1,-1
217,78,754.88,237.23,89.92,140.42,1.0000,-1,-1,-1
217,84,711.74,451.99,83.24,168.18,1.0000,-1,-1,-1
217,89,665.33,411.06,56.83,121.53,1.0000,-1,-1,-1
217,94,834.44,171.31,85.32,145.03,1.0000,-1,-1,-1
218,66,501.22,297.10,89.27,203.81,1.0000,-1,-1,-1
218,78,752.42,237.44,91.29,139.67,1.0000,-1,-1,-1
218,84,711.69,453.96,83.68,168.32,1.0000,-1,-1,-1
218,89,673.95,413.51,53.33,116.16,1.0000,-1,-1,-1
218,94,841.66,172.41,80.26,142.41,1.0000,-1,-1,-1
219,66,499.37,298.54,85.73,203.94,1.0000,-1,-1,-1
219,78,743.35,238.21,92.59,138.91,1.0000,-1,-1,-1
219,84,713.06,453.24,84.24,169.38,1.0000,-1,-1,-1
219,89,678.95,413.80,49.78,111.15,1.0000,-1,-1,-1
219,94,848.46,172.84,74.73,140.62,1.0000,-1,-1,-1
220,66,500.10,299.57,81.16,204.01,1.0000,-1,-1,-1
220,78,733.79,238.24,97.44,138.50,1.0000,-1,-1,-1
220,84,717.87,452.08,84.90,170.71,1.0000,-1,-1,-1
220,89,681.52,413.27,47.42,107.15,1.0000,-1,-1,-1
220,94,852.78,171.40,70.97,140.88,1.0000,-1,-1,-1
221,66,497.16,300.61,77.48,204.23,1.0000,-1,-1,-1
221,78,726.02,237.77,103.03,138.04,1.0000,-1,-1,-1
221,84,715.22,450.93,82.83,170.88,1.0000,-1,-1,-1
221,89,691.24,419.36,41.31,93.34,1.0000,-1,-1,-1
221,94,855.52,171.47,67.37,141.68,1.0000,-1,-1,-1
221,96,1219.99,122.37,58.65,164.53,1.0000,-1,-1,-1
222,66,481.01,304.32,81.63,204.09,1.0000,-1,-1,-1
222,78,719.78,235.83,108.09,139.39,1.0000,-1,-1,-1
222,84,719.04,449.20,79.33,171.55,1.0000,-1,-1,-1
222,94,857.32,173.59,63.38,141.45,1.0000,-1,-1,-1
222,96,1206.29,122.40,68.96,168.52,1.0000,-1,-1,-1
223,66,470.48,308.36,93.07,203.41,1.0000,-1,-1,-1
223,78,714.53,234.10,109.40,140.60,1.0000,-1,-1,-1
223,84,722.41,449.37,76.75,171.77,1.0000,-1,-1,-1
223,94,859.66,174.98,60.83,142.16,1.0000,-1,-1,-1
223,96,1199.41,122.95,75.68,167.72,1.0000,-1,-1,-1
224,66,454.69,311.01,100.26,202.80,1.0000,-1,-1,-1
224,78,709.14,233.28,107.19,141.61,1.0000,-1,-1,-1
224,84,722.97,450.24,76.34,172.30,1.0000,-1,-1,-1
224,94,861.70,175.13,60.20,143.68,1.0000,-1,-1,-1
224,96,1193.15,119.92,78.97,175.01,1.0000,-1,-1,-1
224,97,589.45,213.40,75.93,158.81,1.0000,-1,-1,-1
224,99,537.54,220.45,64.84,139.06,1.0000,-1,-1,-1
224,100,985.31,219.80,61.59,164.32,1.0000,-1,-1,-1
225,66,440.84,313.49,110.13,202.16,1.0000,-1,-1,-1
225,78,704.04,234.40,102.09,144.08,1.0000,-1,-1,-1
225,84,724.91,451.66,75.54,171.69,1.0000,-1,-1,-1
225,94,864.09,176.66,61.66,145.55,1.0000,-1,-1,-1
225,97,589.63,210.25,76.50,163.61,1.0000,-1,-1,-1
225,99,537.60,221.65,63.72,135.45,1.0000,-1,-1,-1
225,100,989.56,220.17,66.42,168.58,1.0000,-1,-1,-1
225,101,1019.96,143.87,73.16,169.64,1.0000,-1,-1,-1
226,66,423.44,316.16,113.42,201.31,1.0000,-1,-1,-1
226,78,694.07,235.17,98.82,145.92,1.0000,-1,-1,-1
226,84,726.93,453.34,74.23,170.21,1.0000,-1,-1,-1
226,94,866.32,178.81,65.13,149.20,1.0000,-1,-1,-1
226,97,590.07,204.20,78.16,171.14,1.0000,-1,-1,-1
226,99,536.51,221.48,64.02,136.10,1.0000,-1,-1,-1
226,100,995.72,221.00,68.78,174.55,1.0000,-1,-1,-1
226,101,1024.62,142.34,77.19,177.21,1.0000,-1,-1,-1
227,66,413.03,320.80,117.09,199.49,1.0000,-1,-1,-1
227,78,682.37,234.85,95.59,144.05,1.0000,-1,-1,-1
227,84,731.00,455.29,71.87,167.20,1.0000,-1,-1,-1
227,94,869.51,182.90,68.95,147.43,1.0000,-1,-1,-1
227,97,589.11,198.30,79.20,177.70,1.0000,-1,-1,-1
227,100,1000.40,218.48,81.22,180.50,1.0000,-1,-1,-1
227,101,1033.42,146.56,83.30,185.67,1.0000,-1,-1,-1
228,66,405.03,322.02,121.06,197.65,1.0000,-1,-1,-1
228,78,674.84,236.08,91.39,142.26,1.0000,-1,-1,-1
228,84,734.05,456.36,70.83,164.50,1.0000,-1,-1,-1
228,94,870.86,186.38,72.31,149.47,1.0000,-1,-1,-1
228,97,589.13,193.99,80.31,183.12,1.0000,-1,-1,-1
228,100,999.98,199.65,91.07,196.96,1.0000,-1,-1,-1
228,101,1040.74,147.29,87.07,194.08,1.0000,-1,-1,-1
228,102,1194.73,125.12,85.77,160.80,1.0000,-1,-1,-1
229,66,400.40,323.43,125.24,198.52,1.0000,-1,-1,-1
229,78,667.33,239.78,90.01,140.22,1.0000,-1,-1,-1
229,84,736.85,457.77,70.06,162.16,1.0000,-1,-1,-1
229,94,870.64,190.90,74.92,154.78,1.0000,-1,-1,-1
229,97,589.03,190.94,80.60,187.36,1.0000,-1,-1,-1
229,100,1000.85,211.32,93.14,189.32,1.0000,-1,-1,-1
229,101,1049.22,166.96,86.17,181.42,1.0000,-1,-1,-1
229,102,1196.68,127.38,83.85,160.48,1.0000,-1,-1,-1
229,103,645.63,369.40,89.00,173.40,1.0000,-1,-1,-1
230,66,396.60,323.48,128.51,198.79,1.0000,-1,-1,-1
230,78,656.12,243.76,91.04,139.89,1.0000,-1,-1,-1
230,84,739.52,460.30,69.01,159.84,1.0000,-1,-1,-1
230,94,870.66,192.30,76.03,158.24,1.0000,-1,-1,-1
230,97,589.92,188.70,80.22,190.90,1.0000,-1,-1,-1
230,100,1002.69,215.07,94.34,186.15,1.0000,-1,-1,-1
230,101,1057.01,171.27,88.51,186.34,1.0000,-1,-1,-1
230,102,1197.36,125.29,83.15,162.84,1.0000,-1,-1,-1
230,103,642.51,371.64,87.46,170.61,1.0000,-1,-1,-1
231,66,393.34,324.02,130.80,199.95,1.0000,-1,-1,-1
231,78,650.69,247.01,91.64,140.53,1.0000,-1,-1,-1
231,84,742.36,462.62,68.79,157.79,1.0000,-1,-1,-1
231,94,870.87,190.71,76.13,158.99,1.0000,-1,-1,-1
231,97,589.72,189.21,79.80,193.66,1.0000,-1,-1,-1
231,100,1006.24,218.87,94.08,182.70,1.0000,-1,-1,-1
231,101,1058.99,180.59,90.45,174.47,1.0000,-1,-1,-1
231,102,1197.42,125.49,78.80,162.32,1.0000,-1,-1,-1
231,103,637.52,374.09,87.14,170.93,1.0000,-1,-1,-1
232,66,383.16,324.20,121.48,200.78,1.0000,-1,-1,-1
232,78,650.28,246.86,90.32,139.86,1.0000,-1,-1,-1
232,84,745.74,466.16,68.52,155.86,1.0000,-1,-1,-1
232,94,870.07,188.26,74.75,158.33,1.0000,-1,-1,-1
232,97,590.40,191.07,78.47,194.68,1.0000,-1,-1,-1
232,100,1010.45,218.13,96.51,187.43,1.0000,-1,-1,-1
232,101,1066.12,185.13,92.19,177.83,1.0000,-1,-1,-1
232,102,1201.73,122.86,74.44,160.68,1.0000,-1,-1,-1
232,103,629.77,375.11,83.51,170.39,1.0000,-1,-1,-1
233,66,377.69,319.82,110.71,202.70,1.0000,-1,-1,-1
233,78,650.69,244.10,89.79,140.59,1.0000,-1,-1,-1
233,84,747.84,468.06,68.04,154.36,1.0000,-1,-1,-1
233,94,870.03,189.59,73.02,161.82,1.0000,-1,-1,-1
233,97,590.11,192.87,77.57,195.12,1.0000,-1,-1,-1
233,101,1068.12,189.02,88.94,165.53,1.0000,-1,-1,-1
233,102,1203.06,120.20,73.33,161.77,1.0000,-1,-1,-1
233,103,615.08,374.36,83.43,172.65,1.0000,-1,-1,-1
234,66,375.57,317.09,101.06,204.38,1.0000,-1,-1,-1
234,78,650.59,240.84,89.46,142.52,1.0000,-1,-1,-1
234,84,749.74,470.66,67.16,153.67,1.0000,-1,-1,-1
234,94,869.28,189.08,71.00,165.12,1.0000,-1,-1,-1
234,97,590.29,193.95,75.65,194.61,1.0000,-1,-1,-1
234,101,1069.61,191.78,88.99,161.29,1.0000,-1,-1,-1
234,102,1202.11,119.43,72.01,162.27,1.0000,-1,-1,-1
234,103,606.68,372.61,84.82,175.52,1.0000,-1,-1,-1
234,105,528.36,232.59,71.80,167.97,1.0000,-1,-1,-1
235,66,372.40,314.32,95.32,206.13,1.0000,-1,-1,-1
235,78,652.52,237.27,89.12,145.54,1.0000,-1,-1,-1
235,84,751.22,472.32,66.77,152.94,1.0000,-1,-1,-1
235,94,868.35,188.84,69.36,168.31,1.0000,-1,-1,-1
235,97,590.06,195.08,73.93,193.45,1.0000,-1,-1,-1
235,101,1069.49,191.13,90.52,159.70,1.0000,-1,-1,-1
235,102,1202.79,119.58,71.06,160.13,1.0000,-1,-1,-1
235,103,594.98,373.96,88.68,180.46,1.0000,-1,-1,-1
235,105,517.81,226.53,78.73,177.08,1.0000,-1,-1,-1
236,66,368.56,311.56,91.93,207.43,1.0000,-1,-1,-1
236,78,653.10,234.71,88.39,148.18,1.0000,-1,-1,-1
236,84,752.86,474.06,66.21,152.32,1.0000,-1,-1,-1
236,94,866.02,189.16,68.19,170.81,1.0000,-1,-1,-1
236,97,590.14,195.48,73.43,193.20,1.0000,-1,-1,-1
236,101,1074.79,194.33,91.27,161.02,1.0000,-1,-1,-1
236,102,1190.91,119.93,67.10,160.21,1.0000,-1,-1,-1
236,103,581.54,372.73,95.48,186.38,1.0000,-1,-1,-1
236,105,510.81,223.26,84.91,183.34,1.0000,-1,-1,-1
237,66,357.57,309.41,88.26,208.00,1.0000,-1,-1,-1
237,78,652.03,233.04,87.85,152.05,1.0000,-1,-1,-1
237,84,754.83,475.55,66.78,150.74,1.0000,-1,-1,-1
237,94,859.73,191.33,69.73,174.88,1.0000,-1,-1,-1
237,97,589.37,195.01,73.07,193.57,1.0000,-1,-1,-1
237,101,1055.84,199.92,100.83,190.67,1.0000,-1,-1,-1
237,102,1175.86,116.13,74.86,166.72,1.0000,-1,-1,-1
237,103,567.86,372.45,103.98,189.48,1.0000,-1,-1,-1
237,105,505.42,221.52,89.60,186.87,1.0000,-1,-1,-1
237,106,408.11,316.26,91.45,168.07,1.0000,-1,-1,-1
238,66,350.73,309.42,87.78,208.14,1.0000,-1,-1,-1
238,78,652.75,231.96,86.39,155.21,1.0000,-1,-1,-1
238,84,755.68,476.41,67.50,149.82,1.0000,-1,-1,-1
238,94,853.70,193.76,72.82,177.73,1.0000,-1,-1,-1
238,97,589.58,195.52,72.23,192.30,1.0000,-1,-1,-1
238,101,1058.64,204.02,102.41,193.66,1.0000,-1,-1,-1
238,102,1167.92,114.18,82.05,170.23,1.0000,-1,-1,-1
238,103,560.41,372.44,109.52,191.57,1.0000,-1,-1,-1
238,105,502.64,221.18,92.03,187.67,1.0000,-1,-1,-1
238,106,400.94,316.39,95.77,172.38,1.0000,-1,-1,-1
239,66,342.49,310.09,87.49,207.91,1.0000,-1,-1,-1
239,78,655.65,231.51,84.51,157.76,1.0000,-1,-1,-1
239,84,755.85,476.75,68.08,149.31,1.0000,-1,-1,-1
239,94,847.12,195.85,76.56,178.74,1.0000,-1,-1,-1
239,97,589.64,196.24,71.88,191.08,1.0000,-1,-1,-1
239,102,1162.39,114.64,87.66,170.37,1.0000,-1,-1,-1
239,103,555.13,371.11,109.72,191.18,1.0000,-1,-1,-1
239,105,501.03,221.66,92.42,187.20,1.0000,-1,-1,-1
239,106,390.38,313.25,102.17,173.89,1.0000,-1,-1,-1
240,66,334.77,310.99,86.86,207.49,1.0000,-1,-1,-1
240,78,657.92,231.68,83.42,160.30,1.0000,-1,-1,-1
240,84,755.63,476.80,68.75,149.36,1.0000,-1,-1,-1
240,94,842.34,196.44,80.16,179.90,1.0000,-1,-1,-1
240,97,590.30,195.85,71.89,188.91,1.0000,-1,-1,-1
240,102,1157.95,114.16,92.91,170.18,1.0000,-1,-1,-1
240,103,551.85,368.88,106.04,189.86,1.0000,-1,-1,-1
240,105,500.10,222.43,91.86,185.83,1.0000,-1,-1,-1
240,106,388.59,312.24,103.53,172.58,1.0000,-1,-1,-1
241,66,327.16,311.03,86.82,207.41,1.0000,-1,-1,-1
241,78,659.32,233.78,83.17,164.53,1.0000,-1,-1,-1
241,84,755.33,476.85,69.57,149.55,1.0000,-1,-1,-1
241,94,840.80,196.98,81.98,180.21,1.0000,-1,-1,-1
241,97,591.44,194.66,72.32,185.93,1.0000,-1,-1,-1
241,102,1155.38,114.72,96.09,169.18,1.0000,-1,-1,-1
241,103,550.03,364.77,100.95,189.51,1.0000,-1,-1,-1
241,105,499.29,223.03,91.35,184.91,1.0000,-1,-1,-1
241,106,385.60,312.38,105.79,169.50,1.0000,-1,-1,-1
242,66,317.65,314.42,87.55,207.54,1.0000,-1,-1,-1
242,78,662.03,238.60,81.59,167.40,1.0000,-1,-1,-1
242,84,754.22,476.25,70.36,148.76,1.0000,-1,-1,-1
242,94,839.82,195.37,82.93,181.36,1.0000,-1,-1,-1
242,97,592.95,192.79,74.86,185.94,1.0000,-1,-1,-1
242,102,1152.46,114.98,96.79,168.18,1.0000,-1,-1,-1
242,103,547.56,359.26,93.12,188.53,1.0000,-1,-1,-1
242,105,499.62,223.07,90.78,184.31,1.0000,-1,-1,-1
242,106,380.52,310.40,105.95,168.87,1.0000,-1,-1,-1
242,107,1070.83,250.09,80.67,190.08,1.0000,-1,-1,-1
243,66,312.72,314.71,90.29,207.36,1.0000,-1,-1,-1
243,78,662.64,240.31,80.82,169.57,1.0000,-1,-1,-1
243,84,752.76,476.62,71.22,147.84,1.0000,-1,-1,-1
243,94,838.19,194.42,83.20,182.08,1.0000,-1,-1,-1
243,97,592.63,190.92,78.09,188.07,1.0000,-1,-1,-1
243,102,1149.67,114.26,94.70,167.62,1.0000,-1,-1,-1
243,103,547.35,358.67,86.94,187.26,1.0000,-1,-1,-1
243,105,500.27,223.04,90.64,183.91,1.0000,-1,-1,-1
243,106,375.50,309.43,108.20,169.44,1.0000,-1,-1,-1
243,107,1073.62,254.07,78.13,186.46,1.0000,-1,-1,-1
244,66,307.58,311.92,91.12,205.29,1.0000,-1,-1,-1
244,78,664.57,240.33,79.39,171.39,1.0000,-1,-1,-1
244,84,750.69,477.20,72.20,146.90,1.0000,-1,-1,-1
244,94,833.64,193.78,81.34,181.89,1.0000,-1,-1,-1
244,97,591.06,187.61,81.49,188.99,1.0000,-1,-1,-1
244,102,1147.71,115.63,91.26,165.86,1.0000,-1,-1,-1
244,103,548.00,357.36,82.40,186.95,1.0000,-1,-1,-1
244,105,501.12,223.10,89.80,183.42,1.0000,-1,-1,-1
244,106,369.74,307.17,110.06,172.35,1.0000,-1,-1,-1
244,107,1075.21,255.47,75.61,184.26,1.0000,-1,-1,-1
244,108,1015.61,153.56,72.89,171.73,1.0000,-1,-1,-1
245,66,304.51,309.96,90.23,203.93,1.0000,-1,-1,-1
245,78,664.55,239.65,78.88,172.91,1.0000,-1,-1,-1
245,84,748.51,477.81,72.78,146.22,1.0000,-1,-1,-1
245,94,827.12,193.78,81.50,181.27,1.0000,-1,-1,-1
245,97,588.80,184.68,84.70,192.26,1.0000,-1,-1,-1
245,102,1145.55,115.93,86.08,164.40,1.0000,-1,-1,-1
245,103,547.40,357.11,79.95,186.44,1.0000,-1,-1,-1
245,105,511.63,224.19,83.77,181.65,1.0000,-1,-1,-1
245,107,1075.94,255.25,74.15,183.78,1.0000,-1,-1,-1
245,108,1006.59,146.77,82.55,179.70,1.0000,-1,-1,-1
246,66,302.99,308.30,88.78,202.87,1.0000,-1,-1,-1
246,78,665.58,238.77,77.72,174.23,1.0000,-1,-1,-1
246,84,746.19,478.24,73.30,146.10,1.0000,-1,-1,-1
246,94,820.58,194.67,83.03,180.42,1.0000,-1,-1,-1
246,97,587.39,181.35,86.84,191.75,1.0000,-1,-1,-1
246,102,1143.29,115.67,80.32,163.90,1.0000,-1,-1,-1
246,103,546.36,357.52,78.61,185.39,1.0000,-1,-1,-1
246,105,515.48,224.57,80.01,180.51,1.0000,-1,-1,-1
246,107,1075.00,254.34,73.78,184.19,1.0000,-1,-1,-1
246,108,995.33,141.77,90.55,180.17,1.0000,-1,-1,-1
247,66,301.64,306.18,86.43,203.55,1.0000,-1,-1,-1
247,78,665.07,237.90,76.20,175.12,1.0000,-1,-1,-1
247,84,739.59,477.75,73.54,146.75,1.0000,-1,-1,-1
247,94,802.85,197.07,90.22,180.67,1.0000,-1,-1,-1
247,97,585.19,181.58,86.89,191.33,1.0000,-1,-1,-1
247,102,1138.50,116.05,72.09,162.61,1.0000,-1,-1,-1
247,103,541.14,356.58,79.09,186.64,1.0000,-1,-1,-1
247,105,513.65,224.08,80.02,180.80,1.0000,-1,-1,-1
247,107,1080.37,253.37,70.48,182.57,1.0000,-1,-1,-1
247,108,975.45,138.75,98.54,177.93,1.0000,-1,-1,-1
248,66,299.45,305.89,84.68,204.50,1.0000,-1,-1,-1
248,78,666.60,237.80,74.22,175.39,1.0000,-1,-1,-1
248,84,734.77,478.29,73.72,146.51,1.0000,-1,-1,-1
248,94,788.45,199.85,98.67,180.02,1.0000,-1,-1,-1
248,97,583.32,183.32,85.83,185.78,1.0000,-1,-1,-1
248,102,1136.14,114.94,66.02,162.25,1.0000,-1,-1,-1
248,103,539.09,355.12,78.62,187.13,1.0000,-1,-1,-1
248,105,503.90,222.74,84.88,180.89,1.0000,-1,-1,-1
248,107,1082.80,252.75,68.48,181.76,1.0000,-1,-1,-1
248,108,966.07,137.64,99.19,174.96,1.0000,-1,-1,-1
248,109,357.28,303.20,92.21,177.85,1.0000,-1,-1,-1
249,66,297.82,303.94,83.74,205.20,1.0000,-1,-1,-1
249,78,667.90,238.56,70.47,175.23,1.0000,-1,-1,-1
249,84,734.30,478.64,73.68,146.43,1.0000,-1,-1,-1
249,94,773.68,202.10,107.45,179.21,1.0000,-1,-1,-1
249,97,580.74,187.62,83.38,181.81,1.0000,-1,-1,-1
249,102,1131.33,113.46,61.95,162.78,1.0000,-1,-1,-1
249,103,536.11,354.83,80.19,187.84,1.0000,-1,-1,-1
249,105,502.87,222.13,85.20,181.58,1.0000,-1,-1,-1
249,107,1084.71,253.38,66.81,181.62,1.0000,-1,-1,-1
249,108,958.41,135.60,96.22,173.01,1.0000,-1,-1,-1
249,109,356.00,304.37,90.92,173.10,1.0000,-1,-1,-1
250,66,296.75,302.93,82.42,205.17,1.0000,-1,-1,-1
250,78,669.15,240.02,68.12,175.22,1.0000,-1,-1,-1
250,84,724.69,494.74,77.27,168.12,1.0000,-1,-1,-1
250,94,760.39,204.36,116.29,178.10,1.0000,-1,-1,-1
250,97,578.81,189.86,81.13,176.82,1.0000,-1,-1,-1
250,102,1126.22,113.07,59.27,163.33,1.0000,-1,-1,-1
250,103,535.20,355.42,81.75,188.32,1.0000,-1,-1,-1
250,105,495.83,221.62,88.17,181.52,1.0000,-1,-1,-1
250,107,1085.61,254.66,65.76,182.90,1.0000,-1,-1,-1
250,108,949.63,134.32,91.18,171.54,1.0000,-1,-1,-1
250,109,355.49,306.44,88.15,168.34,1.0000,-1,-1,-1
251,66,295.71,302.87,81.64,205.03,1.0000,-1,-1,-1
251,78,669.73,240.81,66.07,173.39,1.0000,-1,-1,-1
251,84,720.15,494.21,79.06,182.22,1.0000,-1,-1,-1
251,94,748.41,204.03,124.51,177.47,1.0000,-1,-1,-1
251,97,578.24,190.74,79.63,173.83,1.0000,-1,-1,-1
251,102,1118.65,112.65,59.02,164.36,1.0000,-1,-1,-1
251,103,535.08,354.50,83.17,188.61,1.0000,-1,-1,-1
251,105,492.42,221.19,90.21,181.24,1.0000,-1,-1,-1
251,107,1085.15,256.84,65.62,184.85,1.0000,-1,-1,-1
251,108,941.12,135.03,84.74,169.44,1.0000,-1,-1,-1
251,109,355.02,306.79,85.65,163.57,1.0000,-1,-1,-1
252,66,293.97,302.54,80.78,204.14,1.0000,-1,-1,-1
252,78,669.74,247.31,65.18,170.97,1.0000,-1,-1,-1
252,84,712.73,479.06,79.16,170.26,1.0000,-1,-1,-1
252,94,736.66,202.37,127.50,177.08,1.0000,-1,-1,-1
252,97,578.03,191.68,78.26,171.07,1.0000,-1,-1,-1
252,102,1102.43,110.70,62.51,166.30,1.0000,-1,-1,-1
252,103,532.40,351.67,84.16,189.59,1.0000,-1,-1,-1
252,105,488.74,221.20,92.54,181.03,1.0000,-1,-1,-1
252,107,1084.16,262.54,66.08,187.21,1.0000,-1,-1,-1
252,108,923.47,135.19,77.57,167.50,1.0000,-1,-1,-1
252,109,353.31,307.31,79.45,160.90,1.0000,-1,-1,-1
253,66,293.62,300.45,81.17,204.63,1.0000,-1,-1,-1
253,78,670.97,253.14,66.07,169.27,1.0000,-1,-1,-1
253,84,706.65,474.94,79.11,162.22,1.0000,-1,-1,-1
253,94,729.85,200.89,127.29,175.67,1.0000,-1,-1,-1
253,97,577.01,194.23,77.85,167.24,1.0000,-1,-1,-1
253,102,1092.67,110.12,64.99,167.30,1.0000,-1,-1,-1
253,103,530.50,350.10,84.62,190.67,1.0000,-1,-1,-1
253,105,486.99,220.44,93.01,181.94,1.0000,-1,-1,-1
253,107,1082.90,267.22,66.73,188.57,1.0000,-1,-1,-1
253,108,915.40,136.79,72.57,165.44,1.0000,-1,-1,-1
253,109,353.52,306.17,75.06,159.27,1.0000,-1,-1,-1
254,66,292.99,299.23,80.96,204.84,1.0000,-1,-1,-1
254,78,672.79,256.38,69.89,168.14,1.0000,-1,-1,-1
254,84,701.44,474.03,78.58,156.42,1.0000,-1,-1,-1
254,94,724.47,197.09,123.84,175.33,1.0000,-1,-1,-1
254,97,574.89,196.38,78.39,163.70,1.0000,-1,-1,-1
254,102,1087.73,109.85,66.39,167.43,1.0000,-1,-1,-1
254,103,529.91,350.47,84.25,191.20,1.0000,-1,-1,-1
254,105,485.15,221.30,93.24,179.94,1.0000,-1,-1,-1
254,107,1081.25,270.91,67.26,188.75,1.0000,-1,-1,-1
254,108,906.97,130.22,71.92,169.00,1.0000,-1,-1,-1
254,109,350.70,304.26,73.70,160.08,1.0000,-1,-1,-1
255,66,292.42,299.24,80.09,204.46,1.0000,-1,-1,-1
255,78,672.83,258.03,75.11,167.18,1.0000,-1,-1,-1
255,84,693.95,474.39,79.58,152.28,1.0000,-1,-1,-1
255,94,720.43,193.88,117.87,174.50,1.0000,-1,-1,-1
255,97,573.85,196.63,79.53,161.04,1.0000,-1,-1,-1
255,102,1083.86,109.16,67.37,167.57,1.0000,-1,-1,-1
255,103,529.21,351.24,84.91,191.52,1.0000,-1,-1,-1
255,105,483.80,222.36,93.66,178.20,1.0000,-1,-1,-1
255,107,1079.57,273.57,66.92,188.96,1.0000,-1,-1,-1
255,108,893.54,127.14,76.21,172.67,1.0000,-1,-1,-1
255,109,350.04,302.91,72.46,159.23,1.0000,-1,-1,-1
256,66,292.59,297.88,79.45,204.43,1.0000,-1,-1,-1
256,78,669.06,257.77,76.65,166.74,1.0000,-1,-1,-1
256,84,688.59,474.56,79.69,150.04,1.0000,-1,-1,-1
256,94,709.54,189.86,122.36,173.17,1.0000,-1,-1,-1
256,97,574.10,195.25,80.38,159.64,1.0000,-1,-1,-1
256,102,1080.41,107.86,67.76,167.57,1.0000,-1,-1,-1
256,103,529.99,352.16,87.35,190.14,1.0000,-1,-1,-1
256,105,483.74,223.22,95.14,177.32,1.0000,-1,-1,-1
256,107,1079.05,275.42,66.45,188.74,1.0000,-1,-1,-1
256,108,878.79,116.64,82.32,179.23,1.0000,-1,-1,-1
256,109,349.46,301.15,72.13,159.62,1.0000,-1,-1,-1
257,66,292.66,295.64,79.42,203.48,1.0000,-1,-1,-1
257,78,664.62,255.15,75.40,165.82,1.0000,-1,-1,-1
257,84,683.89,473.62,79.48,150.00,1.0000,-1,-1,-1
257,94,702.96,188.79,123.10,174.22,1.0000,-1,-1,-1
257,97,572.42,187.57,83.46,162.51,1.0000,-1,-1,-1
257,102,1071.66,105.16,66.02,164.93,1.0000,-1,-1,-1
257,103,529.46,352.96,90.01,188.12,1.0000,-1,-1,-1
257,105,485.07,222.65,101.92,176.39,1.0000,-1,-1,-1
257,107,1077.62,277.04,66.09,187.18,1.0000,-1,-1,-1
257,108,866.64,111.93,85.20,178.32,1.0000,-1,-1,-1
257,109,348.51,299.10,70.34,158.69,1.0000,-1,-1,-1
258,66,292.99,294.23,79.57,202.62,1.0000,-1,-1,-1
258,78,663.68,254.43,72.74,164.29,1.0000,-1,-1,-1
258,84,679.63,472.62,80.17,149.60,1.0000,-1,-1,-1
258,94,700.60,177.72,120.70,168.11,1.0000,-1,-1,-1
258,97,570.21,182.60,86.21,168.68,1.0000,-1,-1,-1
258,102,1067.37,101.56,63.15,161.39,1.0000,-1,-1,-1
258,103,528.57,353.80,91.57,186.02,1.0000,-1,-1,-1
258,105,482.69,221.37,104.22,175.25,1.0000,-1,-1,-1
258,107,1075.45,277.69,65.83,185.31,1.0000,-1,-1,-1
258,108,860.47,106.74,83.13,177.13,1.0000,-1,-1,-1
258,109,348.56,298.25,66.35,155.73,1.0000,-1,-1,-1
259,66,293.03,292.65,79.62,201.89,1.0000,-1,-1,-1
259,78,662.20,254.93,70.78,162.36,1.0000,-1,-1,-1
259,84,677.16,471.38,80.71,149.12,1.0000,-1,-1,-1
259,94,693.39,174.08,108.96,164.06,1.0000,-1,-1,-1
259,97,568.05,179.66,86.42,174.31,1.0000,-1,-1,-1
259,102,1066.23,99.08,60.45,159.71,1.0000,-1,-1,-1
259,103,527.51,354.14,91.91,183.15,1.0000,-1,-1,-1
259,105,480.82,220.69,105.21,175.09,1.0000,-1,-1,-1
259,107,1074.12,277.66,65.53,183.75,1.0000,-1,-1,-1
259,108,854.49,104.53,79.48,174.48,1.0000,-1,-1,-1
259,109,348.35,297.55,62.77,153.18,1.0000,-1,-1,-1
260,66,293.42,291.90,80.76,201.53,1.0000,-1,-1,-1
260,78,660.23,254.66,70.33,161.07,1.0000,-1,-1,-1
260,84,674.95,470.65,80.80,149.31,1.0000,-1,-1,-1
260,94,694.33,172.86,101.41,159.44,1.0000,-1,-1,-1
260,97,565.94,178.80,86.04,178.66,1.0000,-1,-1,-1
260,102,1063.17,97.28,58.98,159.10,1.0000,-1,-1,-1
260,103,528.38,354.65,92.27,181.39,1.0000,-1,-1,-1
260,105,481.04,220.82,109.76,174.92,1.0000,-1,-1,-1
260,107,1073.14,277.02,65.34,182.62,1.0000,-1,-1,-1
260,108,846.24,99.42,75.51,173.38,1.0000,-1,-1,-1
260,109,347.33,298.18,60.70,148.11,1.0000,-1,-1,-1
261,66,294.49,291.36,84.09,201.75,1.0000,-1,-1,-1
261,78,658.53,261.49,70.44,156.11,1.0000,-1,-1,-1
261,84,673.03,471.06,80.61,151.99,1.0000,-1,-1,-1
261,94,694.41,172.70,95.64,154.97,1.0000,-1,-1,-1
261,97,564.33,180.40,86.00,180.72,1.0000,-1,-1,-1
261,102,1061.70,97.20,57.36,158.77,1.0000,-1,-1,-1
261,103,528.78,354.55,91.78,179.92,1.0000,-1,-1,-1
261,105,481.08,219.96,114.55,175.42,1.0000,-1,-1,-1
261,107,1071.63,276.40,66.01,181.45,1.0000,-1,-1,-1
261,108,837.85,96.78,70.77,171.67,1.0000,-1,-1,-1
262,66,292.77,293.24,85.59,202.19,1.0000,-1,-1,-1
262,78,655.74,257.67,71.06,157.24,1.0000,-1,-1,-1
262,84,669.08,471.10,80.77,153.86,1.0000,-1,-1,-1
262,94,686.99,174.62,91.55,150.66,1.0000,-1,-1,-1
262,97,563.86,184.64,87.69,180.63,1.0000,-1,-1,-1
262,102,1057.51,96.86,56.42,157.01,1.0000,-1,-1,-1
262,103,526.70,353.88,91.00,179.17,1.0000,-1,-1,-1
262,105,478.94,219.55,119.44,175.39,1.0000,-1,-1,-1
262,107,1068.74,276.24,67.96,180.69,1.0000,-1,-1,-1
262,108,827.54,93.26,70.83,171.82,1.0000,-1,-1,-1
263,66,291.25,295.08,86.19,202.27,1.0000,-1,-1,-1
263,78,652.01,254.93,72.56,158.58,1.0000,-1,-1,-1
263,84,665.81,470.64,80.35,153.78,1.0000,-1,-1,-1
263,94,678.94,175.95,89.73,146.98,1.0000,-1,-1,-1
263,97,563.23,191.16,89.17,177.63,1.0000,-1,-1,-1
263,102,1055.70,95.71,55.36,155.83,1.0000,-1,-1,-1
263,103,525.38,352.59,90.17,177.56,1.0000,-1,-1,-1
263,105,474.64,218.96,120.95,175.06,1.0000,-1,-1,-1
263,107,1066.14,276.71,69.59,179.85,1.0000,-1,-1,-1
263,108,822.82,90.45,64.32,167.92,1.0000,-1,-1,-1
264,66,290.93,294.81,87.27,203.08,1.0000,-1,-1,-1
264,78,651.60,251.55,75.28,160.46,1.0000,-1,-1,-1
264,84,663.15,470.00,79.49,153.42,1.0000,-1,-1,-1
264,94,676.92,174.73,86.11,144.74,1.0000,-1,-1,-1
264,97,562.20,195.00,88.98,174.95,1.0000,-1,-1,-1
264,102,1053.28,95.07,55.22,155.46,1.0000,-1,-1,-1
264,103,525.18,351.35,91.01,177.96,1.0000,-1,-1,-1
264,105,469.48,217.99,118.74,174.81,1.0000,-1,-1,-1
264,107,1063.84,278.07,70.73,179.81,1.0000,-1,-1,-1
264,108,818.32,87.09,61.02,166.38,1.0000,-1,-1,-1
265,66,289.85,294.72,87.41,204.03,1.0000,-1,-1,-1
265,78,649.53,252.46,76.29,158.72,1.0000,-1,-1,-1
265,84,661.33,469.16,77.54,153.38,1.0000,-1,-1,-1
265,94,667.50,174.19,87.43,143.21,1.0000,-1,-1,-1
265,97,562.29,197.51,88.15,171.80,1.0000,-1,-1,-1
265,102,1048.89,92.62,55.10,156.69,1.0000,-1,-1,-1
265,103,524.73,350.06,89.72,177.99,1.0000,-1,-1,-1
265,105,464.57,217.22,113.63,174.29,1.0000,-1,-1,-1
265,107,1061.20,279.16,71.79,180.12,1.0000,-1,-1,-1
265,108,811.06,85.60,60.94,165.01,1.0000,-1,-1,-1
266,66,289.74,293.99,88.51,204.70,1.0000,-1,-1,-1
266,78,648.85,254.59,79.13,155.97,1.0000,-1,-1,-1
266,84,659.32,467.44,75.84,153.66,1.0000,-1,-1,-1
266,94,664.31,172.37,86.28,141.34,1.0000,-1,-1,-1
266,97,561.40,197.89,88.32,172.14,1.0000,-1,-1,-1
266,102,1046.25,92.67,55.15,156.39,1.0000,-1,-1,-1
266,103,523.79,347.64,87.60,177.90,1.0000,-1,-1,-1
266,105,462.67,216.23,114.19,175.16,1.0000,-1,-1,-1
266,107,1059.54,280.06,72.19,180.55,1.0000,-1,-1,-1
266,108,803.76,84.58,61.88,162.83,1.0000,-1,-1,-1
266,111,504.70,572.13,63.53,147.85,1.0000,-1,-1,-1
267,66,294.17,289.60,95.06,206.39,1.0000,-1,-1,-1
267,78,646.49,252.20,81.36,154.28,1.0000,-1,-1,-1
267,84,652.36,464.86,75.93,154.53,1.0000,-1,-1,-1
267,94,654.09,167.53,83.68,140.84,1.0000,-1,-1,-1
267,97,569.06,211.60,87.95,160.17,1.0000,-1,-1,-1
267,102,1041.70,87.54,54.98,156.52,1.0000,-1,-1,-1
267,103,522.31,343.24,87.08,178.63,1.0000,-1,-1,-1
267,107,1057.30,280.88,71.43,179.62,1.0000,-1,-1,-1
267,108,788.32,85.43,65.94,158.34,1.0000,-1,-1,-1
267,111,502.83,567.79,65.78,152.24,1.0000,-1,-1,-1
268,66,295.86,286.47,99.52,206.89,1.0000,-1,-1,-1
268,78,644.58,252.55,85.36,154.22,1.0000,-1,-1,-1
268,84,647.39,463.26,75.11,155.03,1.0000,-1,-1,-1
268,94,645.68,166.80,81.19,141.75,1.0000,-1,-1,-1
268,97,568.94,212.69,88.05,160.35,1.0000,-1,-1,-1
268,102,1038.50,84.48,54.33,156.03,1.0000,-1,-1,-1
268,103,519.62,341.40,86.60,177.70,1.0000,-1,-1,-1
268,107,1056.08,281.54,70.37,178.36,1.0000,-1,-1,-1
268,108,775.81,82.41,70.47,157.10,1.0000,-1,-1,-1
268,111,501.29,565.02,67.02,155.01,1.0000,-1,-1,-1
269,66,295.86,284.25,101.97,206.11,1.0000,-1,-1,-1
269,78,643.17,253.52,88.94,154.79,1.0000,-1,-1,-1
269,84,642.60,461.84,74.75,155.96,1.0000,-1,-1,-1
269,94,635.67,167.12,79.68,144.45,1.0000,-1,-1,-1
269,97,570.57,223.22,85.18,148.72,1.0000,-1,-1,-1
269,102,1036.12,85.04,53.95,154.98,1.0000,-1,-1,-1
269,103,518.10,339.09,86.39,176.84,1.0000,-1,-1,-1
269,107,1054.18,281.86,70.26,176.88,1.0000,-1,-1,-1
269,108,767.41,80.56,74.27,156.37,1.0000,-1,-1,-1
269,111,499.19,562.34,68.77,157.96,1.0000,-1,-1,-1
270,66,295.40,282.13,104.77,206.19,1.0000,-1,-1,-1
270,78,640.39,254.17,92.89,155.51,1.0000,-1,-1,-1
270,84,636.51,459.77,75.03,156.48,1.0000,-1,-1,-1
270,94,630.33,165.99,78.28,144.77,1.0000,-1,-1,-1
270,97,570.52,224.72,85.17,148.70,1.0000,-1,-1,-1
270,102,1034.00,83.20,54.07,155.49,1.0000,-1,-1,-1
270,103,517.95,337.00,86.78,176.16,1.0000,-1,-1,-1
270,107,1052.75,281.61,70.66,175.32,1.0000,-1,-1,-1
270,108,759.67,79.80,76.45,155.73,1.0000,-1,-1,-1
270,111,497.11,559.78,70.29,160.61,1.0000,-1,-1,-1
271,66,296.38,280.92,106.01,205.15,1.0000,-1,-1,-1
271,78,638.74,254.70,98.37,155.10,1.0000,-1,-1,-1
271,84,630.76,459.72,75.22,157.46,1.0000,-1,-1,-1
271,94,623.13,164.35,78.24,144.71,1.0000,-1,-1,-1
271,97,573.57,231.33,87.51,139.14,1.0000,-1,-1,-1
271,102,1032.49,82.42,53.78,156.26,1.0000,-1,-1,-1
271,103,517.11,334.40,86.74,175.85,1.0000,-1,-1,-1
271,107,1051.40,281.02,71.24,174.15,1.0000,-1,-1,-1
271,108,756.60,79.07,77.93,154.89,1.0000,-1,-1,-1
271,111,494.51,557.70,71.73,162.86,1.0000,-1,-1,-1
271,112,493.33,212.67,69.58,138.49,1.0000,-1,-1,-1
272,66,298.05,279.43,104.27,204.07,1.0000,-1,-1,-1
272,78,631.94,252.82,103.74,153.27,1.0000,-1,-1,-1
272,84,620.99,457.94,77.54,157.31,1.0000,-1,-1,-1
272,97,564.65,235.71,79.92,133.73,1.0000,-1,-1,-1
272,102,1030.03,80.72,53.52,155.99,1.0000,-1,-1,-1
272,103,514.69,332.48,83.33,174.61,1.0000,-1,-1,-1
272,107,1049.91,279.14,71.96,173.82,1.0000,-1,-1,-1
272,108,752.06,77.78,77.39,153.51,1.0000,-1,-1,-1
272,111,487.44,556.17,74.94,165.22,1.0000,-1,-1,-1
272,112,493.76,212.97,68.71,136.77,1.0000,-1,-1,-1
273,66,300.48,278.11,102.60,202.69,1.0000,-1,-1,-1
273,78,629.66,251.03,105.67,152.59,1.0000,-1,-1,-1
273,84,614.97,457.33,79.44,157.79,1.0000,-1,-1,-1
273,97,559.83,237.01,81.41,131.20,1.0000,-1,-1,-1
273,102,1027.63,80.17,53.48,155.38,1.0000,-1,-1,-1
273,103,513.07,332.37,81.03,173.55,1.0000,-1,-1,-1
273,107,1049.19,277.78,72.42,172.98,1.0000,-1,-1,-1
273,108,748.57,75.41,74.84,153.32,1.0000,-1,-1,-1
273,111,479.01,554.59,80.16,167.75,1.0000,-1,-1,-1
273,112,492.91,207.37,70.11,138.32,1.0000,-1,-1,-1
274,66,302.23,277.49,99.88,201.63,1.0000,-1,-1,-1
274,78,625.20,248.15,106.38,152.26,1.0000,-1,-1,-1
274,84,610.04,457.23,80.79,158.31,1.0000,-1,-1,-1
274,97,559.35,238.44,81.69,129.20,1.0000,-1,-1,-1
274,102,1025.91,80.24,53.76,154.68,1.0000,-1,-1,-1
274,103,512.14,333.01,79.98,171.89,1.0000,-1,-1,-1
274,107,1048.56,277.02,72.58,172.18,1.0000,-1,-1,-1
274,108,745.60,72.72,71.45,152.93,1.0000,-1,-1,-1
274,111,471.51,553.25,86.01,169.76,1.0000,-1,-1,-1
274,112,492.98,205.61,69.84,137.79,1.0000,-1,-1,-1
275,66,304.24,277.23,97.31,201.38,1.0000,-1,-1,-1
275,78,622.65,244.26,107.78,153.48,1.0000,-1,-1,-1
275,84,604.90,455.93,81.85,157.99,1.0000,-1,-1,-1
275,97,547.73,239.67,89.95,128.15,1.0000,-1,-1,-1
275,102,1024.54,80.50,53.31,153.45,1.0000,-1,-1,-1
275,103,509.76,333.59,80.76,169.72,1.0000,-1,-1,-1
275,107,1048.28,275.86,72.47,170.43,1.0000,-1,-1,-1
275,108,742.16,66.62,67.12,154.01,1.0000,-1,-1,-1
275,111,463.79,552.82,91.85,170.78,1.0000,-1,-1,-1
276,66,305.75,276.48,94.53,200.86,1.0000,-1,-1,-1
276,78,620.21,241.55,106.87,152.88,1.0000,-1,-1,-1
276,84,600.79,456.03,82.67,159.72,1.0000,-1,-1,-1
276,97,543.55,239.10,93.83,127.31,1.0000,-1,-1,-1
276,102,1024.30,80.75,52.68,152.62,1.0000,-1,-1,-1
276,103,505.62,333.85,82.86,167.70,1.0000,-1,-1,-1
276,107,1048.55,274.56,72.07,169.48,1.0000,-1,-1,-1
276,108,740.36,61.39,63.13,155.46,1.0000,-1,-1,-1
276,111,457.06,552.44,96.69,171.32,1.0000,-1,-1,-1
277,66,310.23,274.22,90.85,200.22,1.0000,-1,-1,-1
277,78,613.84,239.10,105.76,153.48,1.0000,-1,-1,-1
277,84,596.96,453.15,81.11,163.22,1.0000,-1,-1,-1
277,97,543.07,237.19,91.87,127.30,1.0000,-1,-1,-1
277,102,1023.31,78.49,53.00,151.33,1.0000,-1,-1,-1
277,103,491.10,334.41,90.33,164.72,1.0000,-1,-1,-1
277,107,1050.77,272.41,71.06,169.44,1.0000,-1,-1,-1
277,108,737.33,52.94,63.05,158.27,1.0000,-1,-1,-1
277,111,448.28,552.13,101.28,171.32,1.0000,-1,-1,-1
278,66,314.48,273.15,86.36,199.92,1.0000,-1,-1,-1
278,78,611.26,234.94,104.14,155.59,1.0000,-1,-1,-1
278,84,594.57,450.53,79.10,166.46,1.0000,-1,-1,-1
278,97,540.43,232.67,91.40,129.11,1.0000,-1,-1,-1
278,102,1024.31,78.52,53.18,150.24,1.0000,-1,-1,-1
278,103,482.61,333.04,96.58,164.06,1.0000,-1,-1,-1
278,107,1053.08,270.37,70.06,169.79,1.0000,-1,-1,-1
278,108,734.47,48.50,63.19,160.54,1.0000,-1,-1,-1
278,111,441.76,551.82,104.65,171.63,1.0000,-1,-1,-1
279,66,317.53,272.10,81.56,199.29,1.0000,-1,-1,-1
279,78,609.08,233.48,104.33,155.87,1.0000,-1,-1,-1
279,84,594.35,447.90,77.06,169.51,1.0000,-1,-1,-1
279,97,537.09,226.73,91.62,132.58,1.0000,-1,-1,-1
279,102,1025.22,78.55,53.26,149.73,1.0000,-1,-1,-1
279,103,482.86,331.17,97.93,163.87,1.0000,-1,-1,-1
279,107,1054.59,269.37,69.34,170.00,1.0000,-1,-1,-1
279,108,731.09,45.73,63.60,161.99,1.0000,-1,-1,-1
279,111,437.11,550.73,107.26,172.34,1.0000,-1,-1,-1
280,66,321.13,271.88,78.14,199.38,1.0000,-1,-1,-1
280,78,612.98,243.13,102.89,150.71,1.0000,-1,-1,-1
280,84,595.26,446.26,75.10,172.04,1.0000,-1,-1,-1
280,97,537.26,224.13,90.80,135.45,1.0000,-1,-1,-1
280,102,1026.40,78.62,53.33,149.04,1.0000,-1,-1,-1
280,103,488.26,328.79,95.28,164.11,1.0000,-1,-1,-1
280,107,1056.14,268.92,68.86,170.31,1.0000,-1,-1,-1
280,108,728.74,45.79,64.24,162.48,1.0000,-1,-1,-1
280,111,435.25,550.03,109.53,172.88,1.0000,-1,-1,-1
281,66,325.96,271.91,76.62,199.41,1.0000,-1,-1,-1
281,78,613.35,244.38,105.15,148.72,1.0000,-1,-1,-1
281,84,597.15,445.06,73.74,174.07,1.0000,-1,-1,-1
281,97,536.02,220.61,93.41,138.37,1.0000,-1,-1,-1
281,102,1029.12,78.03,53.09,150.32,1.0000,-1,-1,-1
281,103,488.50,324.02,95.16,166.95,1.0000,-1,-1,-1
281,107,1058.87,268.54,68.34,171.18,1.0000,-1,-1,-1
281,108,727.23,50.04,66.19,160.57,1.0000,-1,-1,-1
281,111,434.13,549.47,110.04,173.21,1.0000,-1,-1,-1
282,66,328.47,272.41,76.26,199.37,1.0000,-1,-1,-1
282,78,616.06,208.54,113.22,167.14,1.0000,-1,-1,-1
282,84,600.98,445.06,73.21,175.25,1.0000,-1,-1,-1
282,97,534.42,220.30,93.43,138.39,1.0000,-1,-1,-1
282,102,1033.96,75.81,53.55,151.91,1.0000,-1,-1,-1
282,103,488.65,320.10,96.38,169.10,1.0000,-1,-1,-1
282,107,1065.17,268.64,68.22,171.72,1.0000,-1,-1,-1
282,108,724.46,56.69,67.13,157.48,1.0000,-1,-1,-1
282,111,433.60,542.14,107.79,177.32,1.0000,-1,-1,-1
283,66,331.60,274.30,76.84,199.77,1.0000,-1,-1,-1
283,78,622.15,230.40,118.42,153.82,1.0000,-1,-1,-1
283,84,604.62,446.67,72.74,175.56,1.0000,-1,-1,-1
283,102,1037.03,76.15,54.56,152.38,1.0000,-1,-1,-1
283,103,487.59,318.28,98.04,170.78,1.0000,-1,-1,-1
283,107,1069.84,269.03,67.88,171.71,1.0000,-1,-1,-1
283,108,724.59,58.05,67.30,156.51,1.0000,-1,-1,-1
283,111,434.16,538.63,104.05,180.14,1.0000,-1,-1,-1
284,66,335.73,275.47,78.00,200.05,1.0000,-1,-1,-1
284,78,624.95,239.57,122.18,144.52,1.0000,-1,-1,-1
284,84,607.74,447.72,72.52,174.80,1.0000,-1,-1,-1
284,102,1043.20,73.68,54.72,154.09,1.0000,-1,-1,-1
284,103,489.72,315.26,100.07,172.83,1.0000,-1,-1,-1
284,107,1075.11,269.82,68.73,172.40,1.0000,-1,-1,-1
284,108,727.61,57.95,66.23,155.97,1.0000,-1,-1,-1
284,111,435.16,540.28,100.19,180.19,1.0000,-1,-1,-1
285,66,341.41,277.21,82.41,199.88,1.0000,-1,-1,-1
285,78,627.29,241.20,125.38,136.98,1.0000,-1,-1,-1
285,84,611.00,449.01,72.58,173.41,1.0000,-1,-1,-1
285,102,1050.61,74.27,54.68,154.08,1.0000,-1,-1,-1
285,103,493.17,317.28,98.84,172.41,1.0000,-1,-1,-1
285,107,1082.19,269.79,70.99,172.83,1.0000,-1,-1,-1
285,108,732.46,54.43,65.40,157.92,1.0000,-1,-1,-1
285,111,437.06,542.73,95.89,179.08,1.0000,-1,-1,-1
286,66,343.29,278.30,83.61,199.83,1.0000,-1,-1,-1
286,78,631.61,241.19,127.90,133.93,1.0000,-1,-1,-1
286,84,613.60,450.84,72.99,172.96,1.0000,-1,-1,-1
286,102,1057.19,74.26,54.30,155.41,1.0000,-1,-1,-1
286,103,497.94,319.97,99.08,171.82,1.0000,-1,-1,-1
286,107,1087.47,270.01,69.86,173.91,1.0000,-1,-1,-1
286,108,737.79,47.43,65.26,162.68,1.0000,-1,-1,-1
286,111,439.50,543.70,93.10,178.36,1.0000,-1,-1,-1
287,66,349.99,280.09,84.13,198.58,1.0000,-1,-1,-1
287,78,644.17,241.39,128.50,131.75,1.0000,-1,-1,-1
287,84,619.04,451.21,72.86,171.29,1.0000,-1,-1,-1
287,102,1067.70,72.01,55.39,157.89,1.0000,-1,-1,-1
287,103,505.75,320.38,100.64,172.74,1.0000,-1,-1,-1
287,107,1098.53,272.01,69.40,175.13,1.0000,-1,-1,-1
287,108,746.63,55.30,63.48,159.99,1.0000,-1,-1,-1
287,111,445.47,545.84,89.76,176.78,1.0000,-1,-1,-1
288,66,355.16,281.62,84.80,197.56,1.0000,-1,-1,-1
288,78,651.11,242.34,130.71,130.72,1.0000,-1,-1,-1
288,84,622.58,451.26,72.70,169.33,1.0000,-1,-1,-1
288,102,1076.78,73.07,56.36,158.37,1.0000,-1,-1,-1
288,103,512.50,315.68,103.43,177.00,1.0000,-1,-1,-1
288,107,1107.05,273.86,69.03,175.90,1.0000,-1,-1,-1
288,108,753.82,60.70,62.09,157.18,1.0000,-1,-1,-1
288,111,451.02,546.99,87.56,175.56,1.0000,-1,-1,-1
289,66,360.27,283.76,84.91,196.74,1.0000,-1,-1,-1
289,78,658.83,244.28,132.70,129.84,1.0000,-1,-1,-1
289,84,624.77,452.01,73.29,166.78,1.0000,-1,-1,-1
289,102,1086.09,73.42,55.78,159.44,1.0000,-1,-1,-1
289,103,520.42,319.62,104.02,176.00,1.0000,-1,-1,-1
289,107,1116.29,274.87,67.84,176.42,1.0000,-1,-1,-1
289,108,761.68,62.94,60.64,155.79,1.0000,-1,-1,-1
289,111,457.18,548.97,85.26,173.82,1.0000,-1,-1,-1
289,115,633.00,165.35,50.98,151.67,1.0000,-1,-1,-1
290,66,365.50,285.78,84.76,196.73,1.0000,-1,-1,-1
290,78,665.97,247.12,133.38,129.47,1.0000,-1,-1,-1
290,84,627.58,452.66,73.54,165.45,1.0000,-1,-1,-1
290,102,1095.07,73.73,56.38,159.87,1.0000,-1,-1,-1
290,103,522.50,325.28,102.81,172.92,1.0000,-1,-1,-1
290,107,1124.46,275.84,67.45,176.05,1.0000,-1,-1,-1
290,108,768.96,64.88,59.83,154.69,1.0000,-1,-1,-1
290,111,462.73,551.50,84.04,171.51,1.0000,-1,-1,-1
290,115,633.88,166.19,54.81,151.28,1.0000,-1,-1,-1
291,66,371.90,286.40,83.50,196.68,1.0000,-1,-1,-1
291,78,677.50,249.70,130.68,129.18,1.0000,-1,-1,-1
291,84,632.82,453.69,72.58,163.83,1.0000,-1,-1,-1
291,102,1102.66,72.46,56.66,160.75,1.0000,-1,-1,-1
291,103,524.49,323.25,105.59,172.82,1.0000,-1,-1,-1
291,107,1133.01,277.02,66.81,176.10,1.0000,-1,-1,-1
291,108,776.86,66.53,58.93,154.13,1.0000,-1,-1,-1
291,111,468.21,553.23,82.16,169.69,1.0000,-1,-1,-1
291,115,632.58,166.43,60.75,152.33,1.0000,-1,-1,-1
292,66,384.15,286.60,81.74,195.10,1.0000,-1,-1,-1
292,78,691.98,252.47,130.01,129.54,1.0000,-1,-1,-1
292,84,637.90,457.44,72.29,162.97,1.0000,-1,-1,-1
292,102,1117.52,72.86,56.27,161.65,1.0000,-1,-1,-1
292,103,537.74,327.82,102.71,171.28,1.0000,-1,-1,-1
292,107,1147.76,279.12,66.71,176.23,1.0000,-1,-1,-1
292,108,788.17,69.73,58.47,153.33,1.0000,-1,-1,-1
292,111,478.66,554.78,79.77,167.96,1.0000,-1,-1,-1
292,115,634.10,165.23,62.74,157.32,1.0000,-1,-1,-1
293,66,394.09,287.55,80.89,195.20,1.0000,-1,-1,-1
293,78,699.89,254.21,130.26,129.50,1.0000,-1,-1,-1
293,84,642.15,460.47,72.09,161.71,1.0000,-1,-1,-1
293,102,1128.19,74.51,56.85,161.44,1.0000,-1,-1,-1
293,103,546.59,329.11,99.68,169.27,1.0000,-1,-1,-1
293,107,1159.96,281.87,66.50,175.73,1.0000,-1,-1,-1
293,108,797.70,73.89,58.55,150.70,1.0000,-1,-1,-1
293,111,485.38,555.29,78.16,166.89,1.0000,-1,-1,-1
293,115,637.42,173.17,70.39,150.91,1.0000,-1,-1,-1
294,66,402.96,288.68,80.13,195.96,1.0000,-1,-1,-1
294,78,703.51,255.54,130.64,129.86,1.0000,-1,-1,-1
294,84,646.00,462.99,72.29,160.39,1.0000,-1,-1,-1
294,102,1136.33,72.95,57.53,162.66,1.0000,-1,-1,-1
294,103,553.84,330.25,97.36,166.19,1.0000,-1,-1,-1
294,107,1170.07,283.76,66.43,175.35,1.0000,-1,-1,-1
294,108,805.34,78.07,59.14,148.71,1.0000,-1,-1,-1
294,111,491.60,556.12,76.23,165.78,1.0000,-1,-1,-1
294,115,638.82,176.35,74.29,144.70,1.0000,-1,-1,-1
295,66,411.55,289.03,77.51,196.81,1.0000,-1,-1,-1
295,78,707.36,256.46,130.67,130.58,1.0000,-1,-1,-1
295,84,640.27,464.50,77.71,158.52,1.0000,-1,-1,-1
295,102,1147.58,74.10,56.99,163.76,1.0000,-1,-1,-1
295,103,559.51,328.49,96.16,163.68,1.0000,-1,-1,-1
295,107,1179.93,285.68,66.06,174.79,1.0000,-1,-1,-1
295,108,814.38,80.58,59.20,146.84,1.0000,-1,-1,-1
295,111,497.55,557.50,74.76,164.44,1.0000,-1,-1,-1
295,115,638.07,178.17,76.77,141.62,1.0000,-1,-1,-1
296,66,419.14,290.11,76.29,198.18,1.0000,-1,-1,-1
296,78,710.76,256.62,132.05,131.40,1.0000,-1,-1,-1
296,84,646.26,465.70,77.72,157.38,1.0000,-1,-1,-1
296,102,1158.01,74.78,56.59,164.16,1.0000,-1,-1,-1
296,103,563.13,334.19,96.57,165.02,1.0000,-1,-1,-1
296,107,1189.51,286.66,65.28,174.36,1.0000,-1,-1,-1
296,108,821.82,82.01,58.69,146.01,1.0000,-1,-1,-1
296,111,502.59,557.92,73.96,163.65,1.0000,-1,-1,-1
296,115,636.16,179.27,81.43,143.42,1.0000,-1,-1,-1
297,66,429.69,293.06,75.76,200.52,1.0000,-1,-1,-1
297,78,711.23,257.47,127.02,133.12,1.0000,-1,-1,-1
297,84,647.97,466.20,77.75,157.44,1.0000,-1,-1,-1
297,102,1173.59,76.48,55.75,164.13,1.0000,-1,-1,-1
297,103,572.74,338.01,95.95,166.92,1.0000,-1,-1,-1
297,107,1204.01,292.50,66.58,176.22,1.0000,-1,-1,-1
297,108,833.16,83.33,59.34,146.68,1.0000,-1,-1,-1
297,111,505.03,557.87,74.16,164.09,1.0000,-1,-1,-1
297,115,635.73,180.26,83.14,144.03,1.0000,-1,-1,-1
298,66,437.23,294.43,75.49,202.62,1.0000,-1,-1,-1
298,78,710.91,259.25,122.43,134.94,1.0000,-1,-1,-1
298,84,664.44,470.64,77.59,155.40,1.0000,-1,-1,-1
298,102,1184.01,80.22,55.77,165.20,1.0000,-1,-1,-1
298,103,575.59,343.24,98.19,169.51,1.0000,-1,-1,-1
298,107,1213.63,296.23,65.80,177.36,1.0000,-1,-1,-1
298,108,842.82,82.13,59.75,148.26,1.0000,-1,-1,-1
298,115,636.87,182.50,85.10,146.30,1.0000,-1,-1,-1
299,66,443.13,297.56,75.19,203.93,1.0000,-1,-1,-1
299,78,709.11,260.88,117.76,136.07,1.0000,-1,-1,-1
299,84,667.43,471.40,77.62,155.44,1.0000,-1,-1,-1
299,102,1192.38,84.29,57.04,165.65,1.0000,-1,-1,-1
299,103,583.63,349.85,97.94,170.28,1.0000,-1,-1,-1
299,107,1222.62,300.45,62.13,178.38,1.0000,-1,-1,-1
299,108,851.22,83.16,59.74,150.51,1.0000,-1,-1,-1
299,115,637.47,183.95,87.29,148.21,1.0000,-1,-1,-1
300,66,449.44,298.40,75.51,205.66,1.0000,-1,-1,-1
300,78,704.78,264.83,112.56,138.20,1.0000,-1,-1,-1
300,84,678.71,492.28,87.68,180.83,1.0000,-1,-1,-1
300,102,1201.68,87.48,57.11,166.59,1.0000,-1,-1,-1
300,103,590.78,356.07,96.99,172.03,1.0000,-1,-1,-1
300,107,1231.52,305.39,56.44,179.51,1.0000,-1,-1,-1
300,108,860.06,86.14,59.83,152.78,1.0000,-1,-1,-1
300,115,639.21,186.20,92.49,152.67,1.0000,-1,-1,-1
301,66,455.62,301.36,76.22,208.92,1.0000,-1,-1,-1
301,78,704.48,268.87,107.04,140.12,1.0000,-1,-1,-1
301,84,682.82,496.91,88.31,192.63,1.0000,-1,-1,-1
301,102,1212.42,91.98,57.73,166.88,1.0000,-1,-1,-1
301,103,597.01,364.50,97.60,173.43,1.0000,-1,-1,-1
301,107,1239.30,308.03,56.23,178.84,1.0000,-1,-1,-1
301,108,868.29,88.69,60.73,155.26,1.0000,-1,-1,-1
301,115,640.93,189.20,92.91,155.47,1.0000,-1,-1,-1
302,66,463.12,308.78,76.92,210.61,1.0000,-1,-1,-1
302,78,705.95,273.26,103.78,141.94,1.0000,-1,-1,-1
302,84,690.86,501.92,94.29,202.82,1.0000,-1,-1,-1
302,102,1221.55,98.20,57.41,167.30,1.0000,-1,-1,-1
302,103,602.40,371.24,98.32,176.11,1.0000,-1,-1,-1
302,108,876.98,90.93,61.55,158.29,1.0000,-1,-1,-1
302,115,644.45,193.29,91.77,158.40,1.0000,-1,-1,-1
303,66,476.65,319.41,76.55,211.75,1.0000,-1,-1,-1
303,78,707.46,275.19,103.86,142.06,1.0000,-1,-1,-1
303,84,705.72,510.56,95.37,204.19,1.0000,-1,-1,-1
303,102,1229.99,100.34,57.26,166.88,1.0000,-1,-1,-1
303,103,612.37,377.62,99.27,169.50,1.0000,-1,-1,-1
303,108,891.73,100.96,63.53,160.33,1.0000,-1,-1,-1
303,115,646.12,194.62,93.35,161.12,1.0000,-1,-1,-1
304,66,491.07,327.35,81.53,213.44,1.0000,-1,-1,-1
304,78,717.63,293.60,104.55,144.80,1.0000,-1,-1,-1
304,84,718.85,518.11,94.21,203.05,1.0000,-1,-1,-1
304,103,621.15,391.82,101.13,174.94,1.0000,-1,-1,-1
304,108,902.97,105.86,66.19,164.46,1.0000,-1,-1,-1
304,115,648.93,203.28,89.49,165.49,1.0000,-1,-1,-1
305,66,501.30,334.97,79.72,214.25,1.0000,-1,-1,-1
305,78,719.45,302.26,109.01,146.54,1.0000,-1,-1,-1
305,84,728.70,525.83,91.88,199.42,1.0000,-1,-1,-1
305,103,627.89,401.46,102.19,179.21,1.0000,-1,-1,-1
305,108,913.06,114.90,68.44,165.41,1.0000,-1,-1,-1
305,115,654.79,211.69,84.59,167.43,1.0000,-1,-1,-1
306,66,510.79,344.93,75.49,213.51,1.0000,-1,-1,-1
306,78,719.82,309.32,114.27,148.39,1.0000,-1,-1,-1
306,84,736.67,534.35,88.79,193.81,1.0000,-1,-1,-1
306,103,634.28,410.60,101.91,183.28,1.0000,-1,-1,-1
306,108,922.38,124.11,71.77,166.50,1.0000,-1,-1,-1
306,115,661.31,221.25,80.58,168.75,1.0000,-1,-1,-1
306,118,604.09,272.01,54.18,194.08,1.0000,-1,-1,-1
306,119,472.30,342.79,59.94,183.51,1.0000,-1,-1,-1
307,66,518.76,354.68,74.43,212.48,1.0000,-1,-1,-1
307,78,720.36,315.74,119.60,150.65,1.0000,-1,-1,-1
307,84,745.18,543.84,85.79,186.49,1.0000,-1,-1,-1
307,103,637.20,419.80,102.73,186.73,1.0000,-1,-1,-1
307,108,930.69,132.62,74.37,167.88,1.0000,-1,-1,-1
307,115,662.90,231.80,78.97,170.12,1.0000,-1,-1,-1
307,118,606.37,278.10,59.20,205.35,1.0000,-1,-1,-1
307,119,475.34,353.38,60.15,183.73,1.0000,-1,-1,-1
308,66,526.62,359.67,74.36,212.30,1.0000,-1,-1,-1
308,78,722.85,320.31,119.80,150.91,1.0000,-1,-1,-1
308,84,751.71,549.13,85.93,186.80,1.0000,-1,-1,-1
308,103,643.17,431.18,102.70,185.73,1.0000,-1,-1,-1
308,108,948.71,147.05,76.26,169.62,1.0000,-1,-1,-1
308,115,663.60,251.06,78.80,170.39,1.0000,-1,-1,-1
308,118,610.05,291.70,60.95,211.41,1.0000,-1,-1,-1
308,119,480.45,367.71,63.41,190.99,1.0000,-1,-1,-1
309,66,542.05,378.22,80.31,215.05,1.0000,-1,-1,-1
309,103,653.08,441.38,99.33,181.56,1.0000,-1,-1,-1
309,108,963.23,157.39,78.52,171.18,1.0000,-1,-1,-1
309,115,662.51,267.05,78.52,170.33,1.0000,-1,-1,-1
309,119,483.19,377.65,62.56,194.65,1.0000,-1,-1,-1
310,66,552.96,389.72,90.62,218.61,1.0000,-1,-1,-1
310,103,659.19,451.28,97.47,175.54,1.0000,-1,-1,-1
310,108,976.54,167.19,78.20,172.19,1.0000,-1,-1,-1
310,115,664.07,273.70,79.28,171.98,1.0000,-1,-1,-1
310,119,486.87,388.82,63.77,198.39,1.0000,-1,-1,-1
311,66,557.59,399.14,95.64,218.20,1.0000,-1,-1,-1
311,103,665.09,458.02,97.51,175.60,1.0000,-1,-1,-1
311,108,989.70,173.44,78.88,174.71,1.0000,-1,-1,-1
312,66,566.75,406.10,95.71,218.36,1.0000,-1,-1,-1
312,103,671.09,470.77,96.61,161.50,1.0000,-1,-1,-1
312,108,1003.46,181.38,78.40,176.43,1.0000,-1,-1,-1
313,103,677.00,477.47,96.58,161.45,1.0000,-1,-1,-1
313,108,1025.77,193.61,77.28,179.46,1.0000,-1,-1,-1
314,108,1041.90,203.61,76.94,182.02,1.0000,-1,-1,-1
315,108,1058.88,209.78,76.83,184.88,1.0000,-1,-1,-1
315,120,469.08,419.72,91.81,208.39,1.0000,-1,-1,-1
316,108,1072.15,214.91,77.96,187.03,1.0000,-1,-1,-1
316,120,469.54,428.74,94.17,201.30,1.0000,-1,-1,-1
317,108,1083.49,216.76,79.16,190.36,1.0000,-1,-1,-1
317,120,473.04,436.38,92.55,191.64,1.0000,-1,-1,-1
318,108,1105.86,222.17,79.95,191.41,1.0000,-1,-1,-1
318,120,479.96,445.29,92.83,184.60,1.0000,-1,-1,-1
319,108,1118.23,223.39,83.50,193.16,1.0000,-1,-1,-1
319,120,485.46,448.55,93.95,181.78,1.0000,-1,-1,-1
320,108,1131.47,222.45,85.40,195.19,1.0000,-1,-1,-1
320,120,488.89,448.21,93.69,180.16,1.0000,-1,-1,-1
320,122,582.10,421.64,72.45,198.07,1.0000,-1,-1,-1
321,108,1144.95,220.81,86.86,196.84,1.0000,-1,-1,-1
321,120,493.60,446.42,94.07,181.03,1.0000,-1,-1,-1
321,122,590.19,421.06,71.12,197.43,1.0000,-1,-1,-1
322,108,1153.33,216.97,91.58,200.19,1.0000,-1,-1,-1
322,120,500.04,443.00,95.80,183.35,1.0000,-1,-1,-1
322,122,596.73,420.27,72.29,199.72,1.0000,-1,-1,-1
323,108,1168.66,213.44,98.32,202.51,1.0000,-1,-1,-1
323,120,508.06,440.45,95.70,185.40,1.0000,-1,-1,-1
323,122,601.89,419.41,74.68,202.33,1.0000,-1,-1,-1
324,108,1180.07,213.08,99.48,202.80,1.0000,-1,-1,-1
324,120,511.17,449.58,97.50,202.82,1.0000,-1,-1,-1
324,122,606.49,417.44,77.04,205.88,1.0000,-1,-1,-1
325,108,1196.57,213.39,92.71,202.91,1.0000,-1,-1,-1
325,120,516.98,442.68,95.39,197.76,1.0000,-1,-1,-1
325,122,611.91,417.31,80.46,207.77,1.0000,-1,-1,-1
326,108,1207.79,214.25,85.27,203.00,1.0000,-1,-1,-1
326,120,521.52,443.84,95.94,198.90,1.0000,-1,-1,-1
326,122,614.33,416.73,82.70,207.61,1.0000,-1,-1,-1
327,108,1217.79,217.07,76.94,201.89,1.0000,-1,-1,-1
327,122,620.76,415.73,83.61,209.89,1.0000,-1,-1,-1
328,108,1230.19,219.99,77.07,202.22,1.0000,-1,-1,-1
328,122,614.63,402.57,84.28,215.73,1.0000,-1,-1,-1
329,122,613.47,391.78,85.95,223.81,1.0000,-1,-1,-1
330,122,615.14,381.85,86.86,232.14,1.0000,-1,-1,-1
331,122,624.77,370.09,84.85,239.40,1.0000,-1,-1,-1
331,125,768.28,435.69,128.87,182.64,1.0000,-1,-1,-1
331,126,539.11,469.30,81.91,249.72,1.0000,-1,-1,-1
332,122,629.28,366.04,85.83,242.16,1.0000,-1,-1,-1
332,125,772.05,432.81,125.33,183.78,1.0000,-1,-1,-1
332,126,540.06,468.00,80.18,249.65,1.0000,-1,-1,-1
332,127,705.12,413.63,76.35,210.89,1.0000,-1,-1,-1
333,125,778.36,426.36,121.68,187.74,1.0000,-1,-1,-1
333,126,543.66,450.12,75.26,207.91,1.0000,-1,-1,-1
333,127,696.17,410.12,84.54,216.89,1.0000,-1,-1,-1
334,125,782.58,420.89,118.54,192.61,1.0000,-1,-1,-1
334,126,546.39,440.97,71.32,197.02,1.0000,-1,-1,-1
334,127,694.38,411.30,87.16,215.06,1.0000,-1,-1,-1
335,125,785.58,414.61,115.22,198.01,1.0000,-1,-1,-1
335,127,690.65,413.28,89.14,212.92,1.0000,-1,-1,-1
336,125,789.55,408.77,111.84,203.36,1.0000,-1,-1,-1
336,127,691.65,415.34,87.89,209.95,1.0000,-1,-1,-1
336,129,613.90,233.59,153.43,330.98,1.0000,-1,-1,-1
337,125,792.57,403.22,109.87,209.14,1.0000,-1,-1,-1
337,127,688.26,415.62,91.67,210.63,1.0000,-1,-1,-1
337,129,611.76,235.39,154.28,325.12,1.0000,-1,-1,-1
338,125,789.27,396.15,113.78,218.01,1.0000,-1,-1,-1
338,127,690.81,411.95,88.52,211.29,1.0000,-1,-1,-1
338,129,610.32,234.69,153.18,322.80,1.0000,-1,-1,-1
338,131,536.11,424.40,103.64,217.90,1.0000,-1,-1,-1
339,125,786.74,391.66,116.77,223.77,1.0000,-1,-1,-1
339,127,689.89,407.03,86.97,213.88,1.0000,-1,-1,-1
339,131,534.97,414.30,107.22,216.18,1.0000,-1,-1,-1
340,125,778.03,389.16,123.77,229.19,1.0000,-1,-1,-1
340,127,688.70,400.22,92.87,221.91,1.0000,-1,-1,-1
340,131,535.46,410.24,112.79,218.33,1.0000,-1,-1,-1
341,125,764.80,387.73,134.40,233.78,1.0000,-1,-1,-1
341,127,679.28,395.38,90.80,225.90,1.0000,-1,-1,-1
341,131,531.85,404.51,111.97,220.10,1.0000,-1,-1,-1
342,125,754.36,386.94,144.98,236.17,1.0000,-1,-1,-1
342,127,673.95,388.79,86.65,229.54,1.0000,-1,-1,-1
342,131,529.20,398.31,111.73,222.61,1.0000,-1,-1,-1
343,125,740.02,384.11,156.59,237.84,1.0000,-1,-1,-1
343,127,662.07,382.02,86.36,234.36,1.0000,-1,-1,-1
343,131,523.07,389.38,111.77,228.51,1.0000,-1,-1,-1
344,125,728.79,381.03,166.54,240.76,1.0000,-1,-1,-1
344,127,651.98,371.47,88.87,240.89,1.0000,-1,-1,-1
344,131,517.08,383.86,109.73,231.05,1.0000,-1,-1,-1
345,125,718.63,377.52,174.57,241.89,1.0000,-1,-1,-1
345,127,637.62,362.47,95.03,248.67,1.0000,-1,-1,-1
345,131,508.72,376.53,105.92,235.58,1.0000,-1,-1,-1
346,125,722.02,371.79,178.03,242.76,1.0000,-1,-1,-1
346,127,623.87,356.71,102.49,252.51,1.0000,-1,-1,-1
346,131,504.13,365.33,102.88,240.29,1.0000,-1,-1,-1
347,125,725.03,363.77,183.06,245.33,1.0000,-1,-1,-1
347,127,616.51,352.32,106.75,254.50,1.0000,-1,-1,-1
347,131,498.15,354.32,99.58,243.12,1.0000,-1,-1,-1
348,125,720.32,348.41,195.56,248.76,1.0000,-1,-1,-1
348,127,597.72,333.08,110.73,263.65,1.0000,-1,-1,-1
348,131,485.74,336.47,98.70,246.93,1.0000,-1,-1,-1
349,125,712.63,335.70,207.54,249.78,1.0000,-1,-1,-1
349,127,590.86,316.36,119.38,273.37,1.0000,-1,-1,-1
349,131,474.56,323.79,96.56,249.31,1.0000,-1,-1,-1
350,125,706.32,327.77,218.18,249.23,1.0000,-1,-1,-1
350,127,581.09,301.12,125.56,281.79,1.0000,-1,-1,-1
350,131,461.57,314.33,93.91,251.37,1.0000,-1,-1,-1
351,125,705.49,321.30,224.65,248.35,1.0000,-1,-1,-1
351,127,565.89,304.24,121.99,279.33,1.0000,-1,-1,-1
351,131,450.45,305.50,92.55,247.79,1.0000,-1,-1,-1
352,125,708.86,313.72,227.22,246.94,1.0000,-1,-1,-1
352,127,557.13,294.97,126.09,280.73,1.0000,-1,-1,-1
352,131,441.37,298.96,93.08,240.20,1.0000,-1,-1,-1
353,125,722.45,300.56,222.27,246.50,1.0000,-1,-1,-1
353,127,539.79,298.82,122.46,274.51,1.0000,-1,-1,-1
353,131,423.09,299.35,91.34,235.16,1.0000,-1,-1,-1
354,125,734.68,293.58,215.19,246.55,1.0000,-1,-1,-1
354,127,527.79,301.57,126.09,271.77,1.0000,-1,-1,-1
354,131,410.45,297.93,92.73,231.29,1.0000,-1,-1,-1
355,125,739.22,289.89,211.77,247.43,1.0000,-1,-1,-1
355,127,518.62,307.68,131.88,266.66,1.0000,-1,-1,-1
355,131,397.63,298.72,93.93,233.66,1.0000,-1,-1,-1
356,125,736.90,288.76,212.79,246.19,1.0000,-1,-1,-1
356,127,507.77,313.12,139.57,261.65,1.0000,-1,-1,-1
356,131,386.58,294.25,95.44,237.07,1.0000,-1,-1,-1
357,125,733.76,286.51,214.31,245.67,1.0000,-1,-1,-1
357,127,496.68,315.79,144.53,259.38,1.0000,-1,-1,-1
357,131,379.10,287.36,96.00,235.18,1.0000,-1,-1,-1
358,125,732.06,278.61,211.62,243.03,1.0000,-1,-1,-1
358,127,478.30,316.38,144.95,257.72,1.0000,-1,-1,-1
358,131,360.90,282.45,99.85,239.43,1.0000,-1,-1,-1
358,137,612.37,193.83,117.42,156.66,1.0000,-1,-1,-1
359,125,732.63,275.17,205.38,241.06,1.0000,-1,-1,-1
359,127,468.62,314.22,143.76,254.13,1.0000,-1,-1,-1
359,131,346.20,278.22,104.27,242.48,1.0000,-1,-1,-1
359,137,615.42,183.13,120.94,163.47,1.0000,-1,-1,-1
360,125,738.04,274.60,194.89,239.45,1.0000,-1,-1,-1
360,127,465.96,314.22,140.34,251.02,1.0000,-1,-1,-1
360,131,331.80,274.47,108.32,244.52,1.0000,-1,-1,-1
360,137,619.01,178.24,122.72,168.27,1.0000,-1,-1,-1
360,138,461.20,263.99,85.21,257.54,1.0000,-1,-1,-1
361,125,749.37,273.99,182.41,236.56,1.0000,-1,-1,-1
361,127,456.49,310.76,141.69,253.44,1.0000,-1,-1,-1
361,131,317.85,271.73,112.69,242.35,1.0000,-1,-1,-1
361,137,626.19,173.10,120.63,170.66,1.0000,-1,-1,-1
361,138,443.61,254.58,94.48,269.00,1.0000,-1,-1,-1
361,139,372.02,355.91,84.00,151.32,1.0000,-1,-1,-1
362,125,770.97,274.47,165.61,232.95,1.0000,-1,-1,-1
362,131,301.38,270.90,117.09,243.13,1.0000,-1,-1,-1
362,137,612.99,166.09,132.42,176.37,1.0000,-1,-1,-1
362,138,447.95,254.36,87.65,262.24,1.0000,-1,-1,-1
362,139,355.64,358.04,87.57,158.23,1.0000,-1,-1,-1
362,140,496.22,316.13,105.16,242.55,1.0000,-1,-1,-1
363,125,779.56,275.89,164.61,226.50,1.0000,-1,-1,-1
363,131,271.28,271.69,125.15,240.53,1.0000,-1,-1,-1
363,137,624.53,160.05,133.65,177.70,1.0000,-1,-1,-1
363,138,421.14,235.31,102.57,275.05,1.0000,-1,-1,-1
363,139,339.52,359.85,90.20,162.97,1.0000,-1,-1,-1
363,140,485.85,316.56,113.81,239.70,1.0000,-1,-1,-1
364,125,781.36,274.92,169.96,222.69,1.0000,-1,-1,-1
364,131,249.57,269.20,133.17,237.17,1.0000,-1,-1,-1
364,137,628.51,156.36,145.29,180.73,1.0000,-1,-1,-1
364,138,410.50,226.32,110.68,280.66,1.0000,-1,-1,-1
364,140,477.77,317.76,121.35,235.02,1.0000,-1,-1,-1
365,125,781.30,274.55,177.43,218.43,1.0000,-1,-1,-1
365,131,234.12,269.19,138.91,237.65,1.0000,-1,-1,-1
365,137,627.61,151.75,157.24,183.51,1.0000,-1,-1,-1
365,138,408.90,220.94,111.33,279.84,1.0000,-1,-1,-1
365,140,471.78,315.98,138.20,235.83,1.0000,-1,-1,-1
366,125,780.18,275.31,186.07,214.43,1.0000,-1,-1,-1
366,131,224.42,267.29,141.87,237.09,1.0000,-1,-1,-1
366,137,628.48,145.89,164.66,185.64,1.0000,-1,-1,-1
366,138,409.85,218.74,108.54,278.94,1.0000,-1,-1,-1
366,140,466.20,314.03,154.91,236.01,1.0000,-1,-1,-1
367,125,781.10,277.61,190.98,212.78,1.0000,-1,-1,-1
367,131,219.86,268.62,144.08,235.02,1.0000,-1,-1,-1
367,137,633.67,142.96,168.64,183.79,1.0000,-1,-1,-1
367,138,410.60,213.65,104.14,272.98,1.0000,-1,-1,-1
367,140,460.11,313.25,165.78,234.48,1.0000,-1,-1,-1
368,125,789.38,281.57,192.46,212.13,1.0000,-1,-1,-1
368,131,218.98,267.05,142.73,232.44,1.0000,-1,-1,-1
368,137,656.32,137.22,163.66,181.37,1.0000,-1,-1,-1
368,138,408.09,208.16,102.60,265.31,1.0000,-1,-1,-1
368,140,464.01,311.76,166.09,231.24,1.0000,-1,-1,-1
369,125,801.05,282.29,190.88,210.96,1.0000,-1,-1,-1
369,131,221.08,264.49,140.59,228.23,1.0000,-1,-1,-1
369,137,684.10,136.38,153.88,177.55,1.0000,-1,-1,-1
369,138,403.98,206.89,104.26,258.72,1.0000,-1,-1,-1
369,140,472.33,311.82,162.22,227.45,1.0000,-1,-1,-1
370,125,817.31,282.04,185.09,208.57,1.0000,-1,-1,-1
370,131,224.60,264.71,138.27,225.90,1.0000,-1,-1,-1
370,137,712.12,135.44,141.21,174.46,1.0000,-1,-1,-1
370,138,400.12,206.35,107.52,250.66,1.0000,-1,-1,-1
370,140,487.63,312.69,156.09,222.95,1.0000,-1,-1,-1
371,125,838.55,280.82,175.39,206.58,1.0000,-1,-1,-1
371,131,227.24,265.45,136.63,224.65,1.0000,-1,-1,-1
371,137,729.57,133.02,136.70,172.83,1.0000,-1,-1,-1
371,138,397.85,206.96,111.23,241.42,1.0000,-1,-1,-1
371,140,510.75,313.42,144.27,217.36,1.0000,-1,-1,-1
372,125,863.81,277.54,163.47,205.00,1.0000,-1,-1,-1
372,131,228.58,264.20,135.95,219.36,1.0000,-1,-1,-1
372,137,737.21,127.83,138.52,172.91,1.0000,-1,-1,-1
372,138,395.73,208.83,115.15,231.13,1.0000,-1,-1,-1
372,140,529.64,313.42,149.11,213.24,1.0000,-1,-1,-1
373,125,873.96,267.15,164.00,205.06,1.0000,-1,-1,-1
373,131,227.79,265.90,139.22,207.41,1.0000,-1,-1,-1
373,137,748.08,117.46,143.83,173.90,1.0000,-1,-1,-1
373,138,389.89,212.25,122.12,215.76,1.0000,-1,-1,-1
373,140,536.77,313.46,160.33,211.46,1.0000,-1,-1,-1
374,125,878.43,257.66,166.69,206.36,1.0000,-1,-1,-1
374,131,230.23,270.41,148.27,196.90,1.0000,-1,-1,-1
374,137,758.51,108.95,150.17,170.80,1.0000,-1,-1,-1
374,138,391.88,214.80,122.03,204.33,1.0000,-1,-1,-1
374,140,539.39,312.60,169.27,210.88,1.0000,-1,-1,-1
375,125,883.55,249.82,169.01,206.06,1.0000,-1,-1,-1
375,131,232.73,280.33,160.96,202.98,1.0000,-1,-1,-1
375,137,775.74,102.94,149.38,169.54,1.0000,-1,-1,-1
375,138,386.77,215.10,123.37,195.13,1.0000,-1,-1,-1
375,140,543.40,310.96,174.40,211.52,1.0000,-1,-1,-1
376,125,887.74,243.40,172.08,205.77,1.0000,-1,-1,-1
376,131,228.70,278.24,161.75,203.97,1.0000,-1,-1,-1
376,137,790.03,98.62,147.43,170.21,1.0000,-1,-1,-1
376,138,383.03,214.42,125.78,188.04,1.0000,-1,-1,-1
376,140,549.46,309.57,175.89,211.70,1.0000,-1,-1,-1
377,125,894.86,239.56,175.30,206.38,1.0000,-1,-1,-1
377,131,224.84,272.89,159.99,191.21,1.0000,-1,-1,-1
377,137,812.17,97.46,142.72,169.01,1.0000,-1,-1,-1
377,138,377.88,213.21,131.82,183.52,1.0000,-1,-1,-1
377,140,557.40,308.63,175.72,209.28,1.0000,-1,-1,-1
378,125,907.10,236.57,174.19,206.41,1.0000,-1,-1,-1
378,131,234.56,270.92,156.02,180.92,1.0000,-1,-1,-1
378,137,840.91,95.49,137.84,166.74,1.0000,-1,-1,-1
378,138,378.59,210.51,139.27,178.96,1.0000,-1,-1,-1
378,140,586.04,304.91,161.49,203.48,1.0000,-1,-1,-1
379,125,914.50,232.16,174.69,207.01,1.0000,-1,-1,-1
379,131,243.84,268.84,149.45,173.09,1.0000,-1,-1,-1
379,137,849.82,93.77,136.04,165.35,1.0000,-1,-1,-1
379,138,382.76,210.06,143.36,173.74,1.0000,-1,-1,-1
379,140,612.94,303.13,145.54,199.45,1.0000,-1,-1,-1
379,144,636.89,662.51,88.91,57.93,1.0000,-1,-1,-1
380,125,946.75,234.53,154.23,203.99,1.0000,-1,-1,-1
380,131,255.13,268.59,142.09,169.26,1.0000,-1,-1,-1
380,137,853.49,89.92,137.20,165.82,1.0000,-1,-1,-1
380,138,409.39,209.45,132.33,168.63,1.0000,-1,-1,-1
380,140,623.16,301.75,141.73,195.64,1.0000,-1,-1,-1
380,144,642.05,662.26,89.75,58.48,1.0000,-1,-1,-1
380,145,1108.49,619.67,107.85,99.56,1.0000,-1,-1,-1
381,125,961.05,234.28,140.10,201.22,1.0000,-1,-1,-1
381,131,268.60,269.51,135.86,168.68,1.0000,-1,-1,-1
381,137,855.46,88.55,139.46,163.23,1.0000,-1,-1,-1
381,138,424.75,205.93,124.39,157.85,1.0000,-1,-1,-1
381,140,625.16,299.34,141.52,193.64,1.0000,-1,-1,-1
381,145,1116.04,614.68,107.56,103.24,1.0000,-1,-1,-1
382,125,966.36,232.61,136.50,198.23,1.0000,-1,-1,-1
382,131,272.76,266.28,136.10,168.99,1.0000,-1,-1,-1
382,137,859.08,90.31,142.08,159.74,1.0000,-1,-1,-1
382,138,433.15,204.85,118.26,146.46,1.0000,-1,-1,-1
382,140,625.18,296.14,143.24,191.38,1.0000,-1,-1,-1
382,145,1117.34,608.99,110.21,108.65,1.0000,-1,-1,-1
383,125,953.12,229.18,140.00,194.93,1.0000,-1,-1,-1
383,131,265.70,261.72,138.24,169.57,1.0000,-1,-1,-1
383,137,870.18,91.71,133.50,157.84,1.0000,-1,-1,-1
383,138,415.66,209.52,124.27,147.59,1.0000,-1,-1,-1
383,140,623.76,290.09,146.28,187.92,1.0000,-1,-1,-1
383,142,334.90,359.13,148.79,169.16,1.0000,-1,-1,-1
383,145,1119.82,601.94,113.57,115.19,1.0000,-1,-1,-1
384,125,944.08,227.18,146.91,192.57,1.0000,-1,-1,-1
384,131,257.29,258.53,139.83,170.76,1.0000,-1,-1,-1
384,137,885.97,91.87,120.44,156.04,1.0000,-1,-1,-1
384,138,402.89,211.55,129.80,148.51,1.0000,-1,-1,-1
384,140,624.28,287.44,146.94,186.12,1.0000,-1,-1,-1
384,142,328.54,359.96,144.74,164.87,1.0000,-1,-1,-1
384,145,1115.64,597.28,119.75,121.04,1.0000,-1,-1,-1
385,125,935.19,226.12,154.53,190.02,1.0000,-1,-1,-1
385,131,250.48,255.84,141.11,170.18,1.0000,-1,-1,-1
385,137,895.07,92.25,108.92,153.25,1.0000,-1,-1,-1
385,138,391.24,211.88,133.70,149.64,1.0000,-1,-1,-1
385,140,651.85,286.54,129.70,182.46,1.0000,-1,-1,-1
385,142,323.73,358.79,143.16,164.54,1.0000,-1,-1,-1
385,145,1118.40,592.77,123.24,124.57,1.0000,-1,-1,-1
386,125,933.18,226.80,170.61,189.15,1.0000,-1,-1,-1
386,131,244.52,254.96,142.87,170.47,1.0000,-1,-1,-1
386,137,893.34,91.20,108.31,152.02,1.0000,-1,-1,-1
386,138,381.60,212.03,136.05,149.91,1.0000,-1,-1,-1
386,140,661.45,286.01,117.49,178.81,1.0000,-1,-1,-1
386,142,318.58,357.10,144.84,164.90,1.0000,-1,-1,-1
386,147,1063.19,597.75,170.19,121.04,1.0000,-1,-1,-1
387,125,921.46,227.25,175.80,189.30,1.0000,-1,-1,-1
387,131,237.82,254.78,143.55,171.93,1.0000,-1,-1,-1
387,137,882.82,90.08,109.52,150.05,1.0000,-1,-1,-1
387,138,376.11,213.04,136.42,149.83,1.0000,-1,-1,-1
387,140,657.74,285.94,113.77,176.00,1.0000,-1,-1,-1
387,142,324.73,358.65,139.77,163.57,1.0000,-1,-1,-1
387,147,1074.06,596.68,159.58,120.06,1.0000,-1,-1,-1
388,125,908.32,225.09,163.08,189.00,1.0000,-1,-1,-1
388,131,232.75,256.83,139.35,171.80,1.0000,-1,-1,-1
388,137,867.47,88.56,115.37,145.99,1.0000,-1,-1,-1
388,138,371.54,214.03,132.04,148.68,1.0000,-1,-1,-1
388,140,652.36,284.19,116.65,173.08,1.0000,-1,-1,-1
388,142,321.28,363.15,137.27,162.93,1.0000,-1,-1,-1
388,147,1112.98,596.34,130.10,113.88,1.0000,-1,-1,-1
389,125,904.87,225.28,147.92,188.04,1.0000,-1,-1,-1
389,131,236.46,257.73,132.76,170.90,1.0000,-1,-1,-1
389,137,872.80,85.74,115.23,145.81,1.0000,-1,-1,-1
389,138,377.25,214.34,120.92,146.55,1.0000,-1,-1,-1
389,140,643.86,282.69,122.49,171.55,1.0000,-1,-1,-1
389,142,332.99,364.41,124.51,160.14,1.0000,-1,-1,-1
389,147,1120.80,592.55,118.95,115.08,1.0000,-1,-1,-1
389,148,148.10,91.21,107.13,138.93,1.0000,-1,-1,-1
390,125,911.23,228.94,132.00,183.33,1.0000,-1,-1,-1
390,131,239.41,259.52,129.15,169.25,1.0000,-1,-1,-1
390,138,372.01,214.89,114.98,145.66,1.0000,-1,-1,-1
390,140,632.90,281.57,128.04,171.90,1.0000,-1,-1,-1
390,142,332.95,366.27,117.52,157.41,1.0000,-1,-1,-1
390,147,1113.99,586.12,119.71,122.67,1.0000,-1,-1,-1
390,148,134.91,91.64,111.73,140.20,1.0000,-1,-1,-1
391,125,907.60,230.72,124.05,179.79,1.0000,-1,-1,-1
391,131,229.24,259.47,125.19,167.62,1.0000,-1,-1,-1
391,138,362.39,213.08,112.77,145.09,1.0000,-1,-1,-1
391,140,620.00,285.69,132.27,169.56,1.0000,-1,-1,-1
391,142,331.43,365.32,113.47,154.94,1.0000,-1,-1,-1
391,147,1098.68,580.78,124.84,130.59,1.0000,-1,-1,-1
391,148,122.87,90.73,119.08,143.32,1.0000,-1,-1,-1
391,149,1171.07,231.56,84.33,154.40,1.0000,-1,-1,-1
392,125,895.69,229.31,120.99,177.24,1.0000,-1,-1,-1
392,131,218.41,259.63,126.42,166.88,1.0000,-1,-1,-1
392,138,349.30,210.77,113.90,145.66,1.0000,-1,-1,-1
392,140,614.14,284.12,133.24,170.04,1.0000,-1,-1,-1
392,142,321.97,364.55,112.46,153.34,1.0000,-1,-1,-1
392,147,1071.27,574.96,136.77,139.47,1.0000,-1,-1,-1
392,148,111.59,95.49,117.61,139.96,1.0000,-1,-1,-1
392,149,1154.12,231.76,82.84,152.86,1.0000,-1,-1,-1
393,125,869.21,224.48,124.01,177.47,1.0000,-1,-1,-1
393,131,198.55,261.23,128.37,166.14,1.0000,-1,-1,-1
393,138,328.49,208.62,117.37,147.01,1.0000,-1,-1,-1
393,140,626.91,284.40,121.54,167.78,1.0000,-1,-1,-1
393,142,305.31,364.59,115.96,155.00,1.0000,-1,-1,-1
393,147,1086.49,574.82,118.58,136.67,1.0000,-1,-1,-1
393,148,104.01,98.90,111.67,136.76,1.0000,-1,-1,-1
393,149,1113.81,229.19,93.45,161.45,1.0000,-1,-1,-1
394,125,851.78,223.18,130.00,175.28,1.0000,-1,-1,-1
394,131,192.14,261.05,141.69,166.23,1.0000,-1,-1,-1
394,138,315.73,207.49,118.51,147.59,1.0000,-1,-1,-1
394,140,632.31,284.63,113.72,165.63,1.0000,-1,-1,-1
394,142,294.12,364.37,120.72,156.45,1.0000,-1,-1,-1
394,147,1093.39,575.57,103.46,134.57,1.0000,-1,-1,-1
394,148,100.61,102.88,103.17,132.77,1.0000,-1,-1,-1
394,149,1086.27,227.85,107.13,170.08,1.0000,-1,-1,-1
395,125,838.08,222.67,136.04,174.14,1.0000,-1,-1,-1
395,131,174.29,262.62,140.66,166.21,1.0000,-1,-1,-1
395,138,302.66,206.25,120.06,146.77,1.0000,-1,-1,-1
395,140,624.02,283.06,112.19,163.45,1.0000,-1,-1,-1
395,142,286.10,363.36,124.25,158.19,1.0000,-1,-1,-1
395,147,1097.36,577.11,90.09,132.62,1.0000,-1,-1,-1
395,148,97.46,103.30,96.76,131.27,1.0000,-1,-1,-1
395,149,1066.19,225.72,115.27,165.40,1.0000,-1,-1,-1
396,125,827.89,222.38,139.34,173.62,1.0000,-1,-1,-1
396,131,163.43,263.84,136.80,165.77,1.0000,-1,-1,-1
396,138,295.33,207.63,118.84,147.39,1.0000,-1,-1,-1
396,140,611.11,280.83,115.56,163.52,1.0000,-1,-1,-1
396,142,282.38,363.94,133.30,160.34,1.0000,-1,-1,-1
396,147,1098.57,576.74,79.57,131.44,1.0000,-1,-1,-1
396,148,85.45,104.68,94.41,130.98,1.0000,-1,-1,-1
396,149,1048.70,225.94,120.03,156.77,1.0000,-1,-1,-1
397,125,817.47,222.77,137.19,172.62,1.0000,-1,-1,-1
397,131,158.92,265.59,131.23,164.52,1.0000,-1,-1,-1
397,138,291.73,207.95,114.75,147.05,1.0000,-1,-1,-1
397,140,596.27,278.22,121.52,162.78,1.0000,-1,-1,-1
397,142,279.68,360.15,138.19,163.69,1.0000,-1,-1,-1
397,147,1087.17,570.68,80.01,135.14,1.0000,-1,-1,-1
397,148,71.31,104.03,95.16,132.32,1.0000,-1,-1,-1
397,149,1037.89,228.41,118.87,145.69,1.0000,-1,-1,-1
398,125,810.95,221.55,125.59,170.89,1.0000,-1,-1,-1
398,131,161.39,264.14,119.80,160.78,1.0000,-1,-1,-1
398,138,292.05,207.70,106.86,146.22,1.0000,-1,-1,-1
398,140,574.38,273.45,129.34,159.87,1.0000,-1,-1,-1
398,142,281.09,358.24,131.63,163.75,1.0000,-1,-1,-1
398,147,1056.92,561.15,94.52,148.87,1.0000,-1,-1,-1
398,148,50.19,105.03,98.50,132.40,1.0000,-1,-1,-1
398,149,1035.19,232.81,103.36,135.01,1.0000,-1,-1,-1
399,125,810.41,221.34,116.49,168.94,1.0000,-1,-1,-1
399,131,159.96,265.64,110.93,160.25,1.0000,-1,-1,-1
399,138,283.36,207.93,102.09,145.51,1.0000,-1,-1,-1
399,140,560.67,273.38,135.38,157.53,1.0000,-1,-1,-1
399,142,280.12,359.31,119.69,161.26,1.0000,-1,-1,-1
399,147,1034.46,554.48,105.90,158.24,1.0000,-1,-1,-1
399,148,36.88,104.85,101.32,135.00,1.0000,-1,-1,-1
399,149,1024.99,236.01,92.43,126.42,1.0000,-1,-1,-1
400,125,808.11,221.38,110.97,167.58,1.0000,-1,-1,-1
400,131,154.35,264.07,107.47,158.42,1.0000,-1,-1,-1
400,138,270.97,208.28,100.27,144.55,1.0000,-1,-1,-1
400,140,552.36,274.34,138.60,156.76,1.0000,-1,-1,-1
400,142,271.35,359.87,112.82,159.25,1.0000,-1,-1,-1
400,147,1016.82,549.11,115.64,165.43,1.0000,-1,-1,-1
400,148,28.07,108.28,100.49,134.65,1.0000,-1,-1,-1
400,149,1011.82,238.60,84.03,118.23,1.0000,-1,-1,-1
401,125,798.50,220.43,110.42,165.24,1.0000,-1,-1,-1
401,131,143.51,264.89,107.82,159.54,1.0000,-1,-1,-1
401,138,259.56,209.00,101.26,145.22,1.0000,-1,-1,-1
401,140,550.40,276.31,137.05,154.32,1.0000,-1,-1,-1
401,142,262.55,359.47,110.12,158.56,1.0000,-1,-1,-1
401,147,1001.25,545.93,126.60,170.29,1.0000,-1,-1,-1
401,148,24.89,112.78,97.30,131.93,1.0000,-1,-1,-1
401,149,998.28,244.88,78.82,116.66,1.0000,-1,-1,-1
402,125,784.30,218.96,112.77,162.81,1.0000,-1,-1,-1
402,131,133.19,263.24,110.28,160.64,1.0000,-1,-1,-1
402,138,249.29,208.81,103.69,144.49,1.0000,-1,-1,-1
402,140,552.49,278.21,131.26,151.71,1.0000,-1,-1,-1
402,142,256.38,353.67,116.11,161.11,1.0000,-1,-1,-1
402,147,992.04,544.62,133.63,172.97,1.0000,-1,-1,-1
402,148,24.29,114.88,91.30,130.95,1.0000,-1,-1,-1
402,149,978.33,253.61,80.41,125.73,1.0000,-1,-1,-1
403,125,760.72,218.88,118.54,161.18,1.0000,-1,-1,-1
403,131,121.15,262.46,115.99,160.44,1.0000,-1,-1,-1
403,138,235.90,214.17,105.14,143.89,1.0000,-1,-1,-1
403,140,553.05,279.26,124.42,150.19,1.0000,-1,-1,-1
403,142,252.93,353.27,115.54,160.32,1.0000,-1,-1,-1
403,147,1016.08,544.11,121.16,172.13,1.0000,-1,-1,-1
403,148,15.31,119.36,87.03,129.28,1.0000,-1,-1,-1
403,149,951.10,252.88,81.16,117.25,1.0000,-1,-1,-1
404,125,746.95,216.83,122.94,159.92,1.0000,-1,-1,-1
404,131,112.12,263.90,116.17,160.02,1.0000,-1,-1,-1
404,138,246.80,216.89,90.75,142.12,1.0000,-1,-1,-1
404,140,546.36,280.18,122.31,149.61,1.0000,-1,-1,-1
404,142,244.53,363.62,122.67,158.34,1.0000,-1,-1,-1
404,147,1025.74,542.98,114.01,172.59,1.0000,-1,-1,-1
404,148,3.62,122.13,86.78,129.20,1.0000,-1,-1,-1
404,149,931.86,261.43,83.31,122.86,1.0000,-1,-1,-1
405,125,735.49,218.27,125.95,157.51,1.0000,-1,-1,-1
405,131,110.39,266.45,112.58,159.56,1.0000,-1,-1,-1
405,138,247.84,220.60,81.81,140.37,1.0000,-1,-1,-1
405,140,538.69,281.40,122.55,149.50,1.0000,-1,-1,-1
405,142,240.92,364.00,122.22,157.77,1.0000,-1,-1,-1
405,147,1020.54,539.23,109.64,172.19,1.0000,-1,-1,-1
405,148,-1.66,117.81,87.38,132.42,1.0000,-1,-1,-1
405,149,915.97,263.29,84.82,122.84,1.0000,-1,-1,-1
405,155,1155.09,246.49,89.09,176.66,1.0000,-1,-1,-1
406,125,727.98,222.03,126.73,154.98,1.0000,-1,-1,-1
406,131,111.70,268.86,107.47,158.28,1.0000,-1,-1,-1
406,138,250.85,224.42,79.44,139.84,1.0000,-1,-1,-1
406,140,528.87,281.66,124.87,149.24,1.0000,-1,-1,-1
406,142,243.44,370.06,109.66,153.69,1.0000,-1,-1,-1
406,147,1012.07,535.84,110.88,174.43,1.0000,-1,-1,-1
406,148,-2.65,119.09,88.90,132.97,1.0000,-1,-1,-1
406,149,901.89,266.97,85.44,124.14,1.0000,-1,-1,-1
406,155,1132.53,243.46,97.48,177.00,1.0000,-1,-1,-1
406,157,1189.71,391.04,84.98,198.65,1.0000,-1,-1,-1
407,125,744.89,226.21,109.45,153.73,1.0000,-1,-1,-1
407,131,105.42,269.01,107.24,157.93,1.0000,-1,-1,-1
407,138,246.39,224.30,73.75,136.82,1.0000,-1,-1,-1
407,140,521.81,282.95,127.12,147.93,1.0000,-1,-1,-1
407,142,258.70,373.32,92.30,150.36,1.0000,-1,-1,-1
407,147,999.82,531.16,113.33,174.79,1.0000,-1,-1,-1
407,148,-3.40,124.24,88.88,131.72,1.0000,-1,-1,-1
407,149,889.35,268.33,85.25,123.20,1.0000,-1,-1,-1
407,155,1113.72,242.63,102.12,174.45,1.0000,-1,-1,-1
407,157,1177.15,388.83,96.10,198.84,1.0000,-1,-1,-1
408,125,740.92,228.13,95.87,151.33,1.0000,-1,-1,-1
408,131,112.61,270.73,101.09,156.46,1.0000,-1,-1,-1
408,138,228.47,224.75,78.51,137.39,1.0000,-1,-1,-1
408,140,545.06,282.54,111.00,143.01,1.0000,-1,-1,-1
408,142,256.06,374.74,88.51,147.85,1.0000,-1,-1,-1
408,147,1010.58,527.56,106.77,174.11,1.0000,-1,-1,-1
408,148,1.02,129.70,78.03,129.32,1.0000,-1,-1,-1
408,149,869.92,271.61,85.59,123.00,1.0000,-1,-1,-1
408,155,1095.93,245.03,90.81,163.38,1.0000,-1,-1,-1
408,157,1150.94,388.91,106.27,196.50,1.0000,-1,-1,-1
409,125,739.01,229.96,87.23,148.85,1.0000,-1,-1,-1
409,131,108.84,269.84,100.67,156.42,1.0000,-1,-1,-1
409,138,217.08,223.98,83.09,139.70,1.0000,-1,-1,-1
409,140,555.66,281.38,99.73,134.96,1.0000,-1,-1,-1
409,142,249.00,375.43,89.57,147.26,1.0000,-1,-1,-1
409,147,1016.16,525.97,103.43,173.68,1.0000,-1,-1,-1
409,148,2.12,135.04,69.64,126.42,1.0000,-1,-1,-1
409,149,856.58,271.22,86.00,119.84,1.0000,-1,-1,-1
409,155,1087.54,247.89,77.42,154.21,1.0000,-1,-1,-1
409,157,1133.86,389.18,111.50,192.43,1.0000,-1,-1,-1
410,125,735.18,229.36,83.19,148.67,1.0000,-1,-1,-1
410,131,106.51,268.67,107.36,156.05,1.0000,-1,-1,-1
410,138,211.39,223.93,91.11,141.68,1.0000,-1,-1,-1
410,140,557.58,283.40,93.52,128.13,1.0000,-1,-1,-1
410,142,244.24,374.85,92.36,145.87,1.0000,-1,-1,-1
410,147,1017.21,526.81,99.98,173.70,1.0000,-1,-1,-1
410,148,-3.08,138.45,65.84,124.96,1.0000,-1,-1,-1
410,149,847.36,270.43,87.76,115.32,1.0000,-1,-1,-1
410,155,1080.37,248.92,66.39,147.27,1.0000,-1,-1,-1
410,157,1121.23,390.04,113.60,189.69,1.0000,-1,-1,-1
411,125,728.25,229.38,82.51,147.45,1.0000,-1,-1,-1
411,131,99.29,268.64,109.64,153.29,1.0000,-1,-1,-1
411,138,217.16,224.75,91.07,142.12,1.0000,-1,-1,-1
411,140,556.39,286.41,91.00,124.49,1.0000,-1,-1,-1
411,142,243.62,373.99,101.31,144.47,1.0000,-1,-1,-1
411,147,1015.54,527.93,94.78,172.77,1.0000,-1,-1,-1
411,148,-4.48,139.88,62.70,123.00,1.0000,-1,-1,-1
411,149,839.37,279.46,93.28,128.44,1.0000,-1,-1,-1
411,155,1071.14,247.29,61.69,145.51,1.0000,-1,-1,-1
411,157,1112.14,389.25,113.04,186.75,1.0000,-1,-1,-1
412,125,727.21,219.39,80.96,144.38,1.0000,-1,-1,-1
412,131,94.50,268.54,109.41,152.96,1.0000,-1,-1,-1
412,138,225.43,226.16,85.12,142.67,1.0000,-1,-1,-1
412,140,552.29,287.09,91.74,121.53,1.0000,-1,-1,-1
412,142,241.11,374.47,108.17,143.29,1.0000,-1,-1,-1
412,147,1015.11,527.63,90.08,170.87,1.0000,-1,-1,-1
412,148,-4.31,141.76,60.54,121.48,1.0000,-1,-1,-1
412,149,831.25,281.72,97.33,136.88,1.0000,-1,-1,-1
412,155,1061.05,243.81,61.14,146.53,1.0000,-1,-1,-1
412,157,1105.89,387.25,111.51,183.67,1.0000,-1,-1,-1
413,125,710.84,219.82,86.53,143.78,1.0000,-1,-1,-1
413,131,121.11,273.87,94.19,152.30,1.0000,-1,-1,-1
413,138,226.57,231.55,76.53,142.44,1.0000,-1,-1,-1
413,140,556.40,291.41,88.58,124.29,1.0000,-1,-1,-1
413,142,243.33,377.25,106.56,141.99,1.0000,-1,-1,-1
413,147,1010.16,523.97,83.21,167.92,1.0000,-1,-1,-1
413,148,-3.05,143.11,60.04,121.23,1.0000,-1,-1,-1
413,149,815.81,281.49,98.54,140.13,1.0000,-1,-1,-1
413,155,1046.75,238.82,62.64,148.07,1.0000,-1,-1,-1
413,157,1102.87,382.72,112.06,180.76,1.0000,-1,-1,-1
414,125,700.66,222.14,93.15,141.48,1.0000,-1,-1,-1
414,131,129.10,276.14,79.92,150.75,1.0000,-1,-1,-1
414,138,227.03,234.76,71.91,142.54,1.0000,-1,-1,-1
414,140,545.81,292.96,93.11,128.70,1.0000,-1,-1,-1
414,142,247.66,378.90,102.55,140.17,1.0000,-1,-1,-1
414,147,1013.74,520.68,76.00,165.21,1.0000,-1,-1,-1
414,148,-0.68,144.36,62.27,122.29,1.0000,-1,-1,-1
414,149,804.24,280.27,99.35,142.48,1.0000,-1,-1,-1
414,155,1037.35,237.01,62.16,147.68,1.0000,-1,-1,-1
414,157,1096.17,379.81,113.85,178.30,1.0000,-1,-1,-1
415,125,694.32,222.83,96.74,139.94,1.0000,-1,-1,-1
415,131,133.18,277.19,70.57,148.21,1.0000,-1,-1,-1
415,138,226.38,236.32,73.79,143.52,1.0000,-1,-1,-1
415,140,535.50,292.82,99.59,130.98,1.0000,-1,-1,-1
415,142,257.07,380.77,96.60,138.94,1.0000,-1,-1,-1
415,147,1027.92,518.40,87.63,167.38,1.0000,-1,-1,-1
415,148,-1.03,146.08,62.34,123.35,1.0000,-1,-1,-1
415,149,796.90,277.65,99.18,144.67,1.0000,-1,-1,-1
415,155,1028.41,235.84,61.21,146.64,1.0000,-1,-1,-1
415,157,1086.97,374.88,118.01,178.34,1.0000,-1,-1,-1
416,125,687.52,222.21,96.13,139.05,1.0000,-1,-1,-1
416,131,131.56,278.46,66.74,146.67,1.0000,-1,-1,-1
416,138,218.32,237.52,71.05,143.09,1.0000,-1,-1,-1
416,140,548.66,288.07,91.83,124.30,1.0000,-1,-1,-1
416,142,265.62,380.29,90.25,138.11,1.0000,-1,-1,-1
416,147,1027.18,516.82,87.11,166.40,1.0000,-1,-1,-1
416,148,-2.93,147.61,59.30,122.52,1.0000,-1,-1,-1
416,149,788.91,275.21,97.30,145.42,1.0000,-1,-1,-1
416,155,1019.73,237.30,58.96,144.14,1.0000,-1,-1,-1
416,157,1080.71,369.50,118.91,178.45,1.0000,-1,-1,-1
417,131,125.71,278.13,67.57,147.15,1.0000,-1,-1,-1
417,138,209.31,237.63,72.51,142.82,1.0000,-1,-1,-1
417,140,539.55,293.79,95.01,125.57,1.0000,-1,-1,-1
417,142,264.91,378.22,89.84,137.89,1.0000,-1,-1,-1
417,147,1019.01,513.03,86.69,167.27,1.0000,-1,-1,-1
417,148,-6.59,150.51,58.28,120.40,1.0000,-1,-1,-1
417,149,783.21,274.19,94.71,145.98,1.0000,-1,-1,-1
417,155,1010.41,239.34,56.52,141.06,1.0000,-1,-1,-1
417,157,1073.73,374.77,117.33,172.46,1.0000,-1,-1,-1
417,165,548.14,530.08,58.22,91.22,1.0000,-1,-1,-1
418,131,113.03,275.30,73.59,149.89,1.0000,-1,-1,-1
418,138,199.95,236.70,81.90,144.38,1.0000,-1,-1,-1
418,140,546.74,290.77,86.55,120.78,1.0000,-1,-1,-1
418,142,256.51,375.34,94.33,137.93,1.0000,-1,-1,-1
418,147,998.48,510.21,94.88,166.56,1.0000,-1,-1,-1
418,149,772.87,274.58,89.88,146.91,1.0000,-1,-1,-1
418,155,997.39,238.48,55.85,139.75,1.0000,-1,-1,-1
418,157,1062.89,375.73,106.43,168.36,1.0000,-1,-1,-1
418,165,552.77,533.26,50.61,86.09,1.0000,-1,-1,-1
419,131,102.87,272.26,80.19,150.72,1.0000,-1,-1,-1
419,138,192.49,236.01,89.48,145.59,1.0000,-1,-1,-1
419,140,537.93,295.54,87.21,125.10,1.0000,-1,-1,-1
419,142,250.51,374.01,100.43,137.15,1.0000,-1,-1,-1
419,147,1003.93,508.06,85.56,164.36,1.0000,-1,-1,-1
419,149,767.97,274.37,84.39,147.38,1.0000,-1,-1,-1
419,155,985.17,234.92,59.78,141.15,1.0000,-1,-1,-1
419,157,1060.43,375.74,93.72,163.98,1.0000,-1,-1,-1
419,165,554.62,536.30,47.17,80.23,1.0000,-1,-1,-1
420,131,95.86,269.82,89.46,149.38,1.0000,-1,-1,-1
420,138,187.39,236.04,94.39,145.68,1.0000,-1,-1,-1
420,140,534.69,295.63,87.39,128.52,1.0000,-1,-1,-1
420,142,245.85,373.03,106.65,136.45,1.0000,-1,-1,-1
420,147,1006.81,498.56,79.16,151.05,1.0000,-1,-1,-1
420,149,764.66,275.04,78.94,147.58,1.0000,-1,-1,-1
420,155,969.69,233.26,65.12,140.40,1.0000,-1,-1,-1
420,157,1059.92,366.90,81.05,164.10,1.0000,-1,-1,-1
421,131,89.39,268.68,97.13,147.20,1.0000,-1,-1,-1
421,138,191.72,237.65,90.66,145.28,1.0000,-1,-1,-1
421,140,526.21,294.88,91.04,131.78,1.0000,-1,-1,-1
421,142,241.73,374.13,111.01,136.85,1.0000,-1,-1,-1
421,147,1008.21,496.65,73.69,142.71,1.0000,-1,-1,-1
421,149,763.74,277.59,74.76,146.69,1.0000,-1,-1,-1
421,155,954.17,231.46,70.55,141.40,1.0000,-1,-1,-1
421,157,1057.74,369.05,70.67,161.21,1.0000,-1,-1,-1
422,131,83.44,269.03,101.47,146.12,1.0000,-1,-1,-1
422,138,196.35,238.96,81.00,144.25,1.0000,-1,-1,-1
422,140,521.89,293.88,95.89,135.53,1.0000,-1,-1,-1
422,142,239.54,375.72,109.48,137.10,1.0000,-1,-1,-1
422,147,1007.65,496.34,69.16,136.85,1.0000,-1,-1,-1
422,149,761.81,279.05,72.45,145.44,1.0000,-1,-1,-1
422,155,939.94,229.25,73.57,142.44,1.0000,-1,-1,-1
422,157,1055.31,371.64,62.58,156.87,1.0000,-1,-1,-1
422,166,673.47,207.00,83.13,163.44,1.0000,-1,-1,-1
423,131,78.59,270.23,95.09,144.92,1.0000,-1,-1,-1
423,138,190.88,240.53,71.56,143.79,1.0000,-1,-1,-1
423,140,519.55,294.84,95.05,134.35,1.0000,-1,-1,-1
423,142,253.69,376.36,91.67,135.82,1.0000,-1,-1,-1
423,147,1004.70,494.30,67.29,132.91,1.0000,-1,-1,-1
423,149,745.45,282.68,77.07,144.65,1.0000,-1,-1,-1
423,155,923.74,223.76,68.44,141.05,1.0000,-1,-1,-1
423,157,1048.93,374.24,60.08,154.54,1.0000,-1,-1,-1
423,166,657.98,208.70,96.22,156.45,1.0000,-1,-1,-1
424,131,79.04,271.40,88.62,144.02,1.0000,-1,-1,-1
424,138,185.59,242.36,67.09,143.61,1.0000,-1,-1,-1
424,142,253.57,377.71,81.44,135.14,1.0000,-1,-1,-1
424,147,1002.00,498.20,68.04,135.70,1.0000,-1,-1,-1
424,149,730.28,284.95,82.46,143.59,1.0000,-1,-1,-1
424,155,915.04,219.53,61.34,140.24,1.0000,-1,-1,-1
424,157,1042.83,373.48,61.58,155.56,1.0000,-1,-1,-1
424,166,646.93,204.41,102.10,166.02,1.0000,-1,-1,-1
425,131,83.46,272.01,81.02,143.75,1.0000,-1,-1,-1
425,138,175.09,241.84,67.42,143.74,1.0000,-1,-1,-1
425,142,251.35,378.20,76.40,134.83,1.0000,-1,-1,-1
425,147,1001.46,499.19,70.63,139.45,1.0000,-1,-1,-1
425,149,715.07,286.78,88.39,142.65,1.0000,-1,-1,-1
425,155,905.85,213.73,57.01,140.08,1.0000,-1,-1,-1
425,157,1035.21,373.50,65.92,156.39,1.0000,-1,-1,-1
426,131,73.02,261.86,81.66,151.55,1.0000,-1,-1,-1
426,138,164.93,241.79,69.91,146.02,1.0000,-1,-1,-1
426,142,245.61,377.02,77.43,135.85,1.0000,-1,-1,-1
426,147,999.91,499.84,70.96,141.76,1.0000,-1,-1,-1
426,149,698.28,288.21,92.42,142.02,1.0000,-1,-1,-1
426,155,895.53,208.49,54.80,139.49,1.0000,-1,-1,-1
426,157,1026.80,374.45,70.67,157.36,1.0000,-1,-1,-1
427,131,67.25,268.15,81.64,151.68,1.0000,-1,-1,-1
427,138,155.22,241.49,73.11,147.00,1.0000,-1,-1,-1
427,142,238.25,377.94,80.24,136.84,1.0000,-1,-1,-1
427,147,995.41,497.66,68.43,140.22,1.0000,-1,-1,-1
427,149,686.77,289.28,90.95,141.64,1.0000,-1,-1,-1
427,155,886.21,206.18,54.25,138.92,1.0000,-1,-1,-1
427,157,1017.96,377.12,76.55,157.13,1.0000,-1,-1,-1
428,131,53.36,269.50,90.02,149.94,1.0000,-1,-1,-1
428,138,142.45,241.65,80.94,146.35,1.0000,-1,-1,-1
428,142,231.27,379.59,91.24,136.71,1.0000,-1,-1,-1
428,147,988.26,493.54,66.10,133.67,1.0000,-1,-1,-1
428,149,667.55,284.51,88.32,144.36,1.0000,-1,-1,-1
428,155,871.50,203.18,55.42,138.76,1.0000,-1,-1,-1
428,157,1010.53,376.67,76.01,156.02,1.0000,-1,-1,-1
429,131,42.50,269.53,98.91,148.86,1.0000,-1,-1,-1
429,138,130.47,242.12,84.81,144.56,1.0000,-1,-1,-1
429,142,223.84,380.99,100.06,136.43,1.0000,-1,-1,-1
429,147,986.52,492.50,64.35,130.33,1.0000,-1,-1,-1
429,149,655.67,285.69,88.06,143.92,1.0000,-1,-1,-1
429,155,858.64,201.30,56.65,138.92,1.0000,-1,-1,-1
429,157,978.03,380.46,88.21,151.91,1.0000,-1,-1,-1
430,131,32.68,271.05,104.53,147.32,1.0000,-1,-1,-1
430,138,121.94,244.38,86.44,141.66,1.0000,-1,-1,-1
430,142,217.87,383.94,103.08,135.60,1.0000,-1,-1,-1
430,147,984.03,490.19,64.69,129.12,1.0000,-1,-1,-1
430,149,661.15,287.94,76.87,141.90,1.0000,-1,-1,-1
430,155,847.85,200.96,57.02,137.87,1.0000,-1,-1,-1
430,157,962.69,381.35,91.50,147.58,1.0000,-1,-1,-1
431,131,47.33,274.31,93.87,146.91,1.0000,-1,-1,-1
431,138,119.14,246.46,83.04,139.89,1.0000,-1,-1,-1
431,142,215.76,384.90,102.45,134.77,1.0000,-1,-1,-1
431,147,976.74,488.75,68.45,129.03,1.0000,-1,-1,-1
431,149,660.74,289.61,67.58,139.94,1.0000,-1,-1,-1
431,155,838.17,198.91,55.32,137.53,1.0000,-1,-1,-1
431,157,948.83,380.77,87.99,143.75,1.0000,-1,-1,-1
431,173,530.54,297.81,73.03,151.69,1.0000,-1,-1,-1
432,131,46.28,276.38,83.67,145.55,1.0000,-1,-1,-1
432,138,113.19,247.57,82.55,139.07,1.0000,-1,-1,-1
432,142,227.08,386.38,85.62,133.31,1.0000,-1,-1,-1
432,147,966.17,486.23,75.20,133.31,1.0000,-1,-1,-1
432,149,657.30,292.94,61.24,138.17,1.0000,-1,-1,-1
432,155,829.67,197.67,55.31,138.87,1.0000,-1,-1,-1
432,157,941.92,378.30,83.80,141.01,1.0000,-1,-1,-1
432,170,518.52,514.46,70.09,116.32,1.0000,-1,-1,-1
432,173,532.59,306.46,60.88,141.42,1.0000,-1,-1,-1
432,174,965.92,110.90,57.30,109.15,1.0000,-1,-1,-1
433,131,37.47,277.59,78.07,145.36,1.0000,-1,-1,-1
433,142,225.53,387.57,84.81,132.05,1.0000,-1,-1,-1
433,147,955.94,484.48,82.88,135.37,1.0000,-1,-1,-1
433,149,647.52,294.77,60.59,136.70,1.0000,-1,-1,-1
433,155,813.60,200.19,58.74,139.57,1.0000,-1,-1,-1
433,157,938.40,375.81,76.08,139.70,1.0000,-1,-1,-1
433,170,517.75,515.72,67.30,111.47,1.0000,-1,-1,-1
433,173,530.97,311.85,58.72,136.38,1.0000,-1,-1,-1
433,174,958.25,117.11,46.42,98.43,1.0000,-1,-1,-1
433,175,137.15,244.93,57.84,141.91,1.0000,-1,-1,-1
434,131,33.92,277.14,74.49,146.58,1.0000,-1,-1,-1
434,142,219.65,384.50,77.22,133.39,1.0000,-1,-1,-1
434,147,951.11,484.37,87.08,135.08,1.0000,-1,-1,-1
434,155,800.40,200.13,62.79,140.44,1.0000,-1,-1,-1
434,157,934.62,375.33,70.05,139.88,1.0000,-1,-1,-1
434,170,518.62,517.72,64.56,107.77,1.0000,-1,-1,-1
434,173,522.33,304.29,65.95,148.26,1.0000,-1,-1,-1
434,174,949.59,117.18,43.82,97.27,1.0000,-1,-1,-1
434,175,121.10,244.46,65.69,148.69,1.0000,-1,-1,-1
435,131,26.66,274.49,75.25,147.73,1.0000,-1,-1,-1
435,142,216.57,381.89,78.66,136.83,1.0000,-1,-1,-1
435,147,949.98,484.74,85.10,132.99,1.0000,-1,-1,-1
435,155,789.14,202.27,65.38,139.08,1.0000,-1,-1,-1
435,157,931.40,374.08,67.24,141.35,1.0000,-1,-1,-1
435,170,520.38,519.44,62.08,105.25,1.0000,-1,-1,-1
435,173,515.91,301.03,73.93,155.49,1.0000,-1,-1,-1
435,174,941.00,122.33,39.68,88.09,1.0000,-1,-1,-1
435,175,108.92,242.21,73.72,154.92,1.0000,-1,-1,-1
436,131,20.32,273.27,77.82,150.15,1.0000,-1,-1,-1
436,142,213.15,378.50,81.65,137.67,1.0000,-1,-1,-1
436,147,952.26,484.90,82.73,133.11,1.0000,-1,-1,-1
436,155,776.09,202.72,68.12,138.33,1.0000,-1,-1,-1
436,157,926.93,372.90,68.62,144.18,1.0000,-1,-1,-1
436,170,522.20,520.61,58.77,103.51,1.0000,-1,-1,-1
436,173,508.82,300.33,81.91,160.39,1.0000,-1,-1,-1
436,174,931.39,109.52,53.08,107.90,1.0000,-1,-1,-1
436,175,97.87,238.98,77.66,163.22,1.0000,-1,-1,-1
437,131,16.79,267.05,79.26,145.00,1.0000,-1,-1,-1
437,142,212.44,375.91,92.31,137.87,1.0000,-1,-1,-1
437,147,956.88,485.31,77.20,132.55,1.0000,-1,-1,-1
437,155,763.49,202.39,69.77,134.81,1.0000,-1,-1,-1
437,157,921.10,371.20,71.87,146.52,1.0000,-1,-1,-1
437,170,525.93,521.34,54.86,102.38,1.0000,-1,-1,-1
437,173,506.70,300.05,88.82,162.52,1.0000,-1,-1,-1
437,174,923.10,105.41,60.16,113.22,1.0000,-1,-1,-1
437,175,100.75,241.46,83.75,159.84,1.0000,-1,-1,-1
438,131,24.37,263.68,73.00,138.75,1.0000,-1,-1,-1
438,142,229.06,374.24,88.96,138.89,1.0000,-1,-1,-1
438,147,956.44,479.97,72.63,134.32,1.0000,-1,-1,-1
438,155,745.98,199.54,67.94,132.01,1.0000,-1,-1,-1
438,157,906.43,369.82,81.09,148.21,1.0000,-1,-1,-1
438,170,529.82,518.50,53.60,103.58,1.0000,-1,-1,-1
438,173,510.93,302.59,92.97,161.43,1.0000,-1,-1,-1
438,174,912.09,105.22,70.43,116.10,1.0000,-1,-1,-1
438,175,106.90,240.61,71.79,138.27,1.0000,-1,-1,-1
439,131,28.73,266.54,67.85,135.08,1.0000,-1,-1,-1
439,142,229.00,374.35,88.33,137.91,1.0000,-1,-1,-1
439,147,954.24,475.44,69.71,137.29,1.0000,-1,-1,-1
439,155,735.20,197.67,66.19,129.68,1.0000,-1,-1,-1
439,157,895.83,370.54,88.48,148.59,1.0000,-1,-1,-1
439,170,530.11,516.49,52.96,105.21,1.0000,-1,-1,-1
439,173,517.39,305.13,93.67,159.21,1.0000,-1,-1,-1
439,174,903.47,104.36,78.86,118.99,1.0000,-1,-1,-1
439,175,110.04,245.39,64.52,127.09,1.0000,-1,-1,-1
439,178,588.04,299.12,99.33,137.39,1.0000,-1,-1,-1
440,131,25.60,266.06,67.34,134.07,1.0000,-1,-1,-1
440,147,952.08,473.76,69.19,139.46,1.0000,-1,-1,-1
440,155,728.12,195.66,63.52,128.67,1.0000,-1,-1,-1
440,157,885.96,371.05,96.37,148.68,1.0000,-1,-1,-1
440,170,529.67,516.27,52.18,103.66,1.0000,-1,-1,-1
440,173,519.20,309.09,83.36,155.98,1.0000,-1,-1,-1
440,174,898.25,105.37,82.32,121.09,1.0000,-1,-1,-1
440,175,112.35,254.01,59.51,126.43,1.0000,-1,-1,-1
440,178,580.80,300.85,95.98,137.31,1.0000,-1,-1,-1
440,179,604.92,221.49,77.48,117.77,1.0000,-1,-1,-1
441,131,32.20,269.94,60.32,130.45,1.0000,-1,-1,-1
441,147,951.47,475.31,70.51,139.35,1.0000,-1,-1,-1
441,155,723.11,192.56,60.21,127.57,1.0000,-1,-1,-1
441,157,876.46,371.67,101.84,148.59,1.0000,-1,-1,-1
441,173,523.38,310.61,76.29,153.48,1.0000,-1,-1,-1
441,174,890.55,104.27,84.12,123.74,1.0000,-1,-1,-1
441,175,113.52,259.27,54.82,128.14,1.0000,-1,-1,-1
441,178,575.96,306.81,89.52,133.25,1.0000,-1,-1,-1
441,179,597.54,223.63,80.60,125.62,1.0000,-1,-1,-1
442,131,34.53,269.96,55.84,127.55,1.0000,-1,-1,-1
442,147,947.03,476.99,72.67,139.10,1.0000,-1,-1,-1
442,155,718.49,190.65,56.30,126.09,1.0000,-1,-1,-1
442,157,866.28,371.78,105.71,148.43,1.0000,-1,-1,-1
442,173,525.65,310.78,72.76,151.86,1.0000,-1,-1,-1
442,174,901.40,112.95,69.42,115.62,1.0000,-1,-1,-1
442,175,113.80,254.36,51.70,121.94,1.0000,-1,-1,-1
442,178,572.68,305.64,80.89,131.25,1.0000,-1,-1,-1
442,179,594.39,224.65,81.98,131.62,1.0000,-1,-1,-1
443,131,29.95,271.15,54.64,131.54,1.0000,-1,-1,-1
443,147,939.80,477.62,72.56,138.26,1.0000,-1,-1,-1
443,155,709.27,186.64,55.87,125.86,1.0000,-1,-1,-1
443,157,851.15,370.25,108.06,148.26,1.0000,-1,-1,-1
443,173,526.37,308.54,67.90,146.82,1.0000,-1,-1,-1
443,174,899.80,108.70,61.48,115.06,1.0000,-1,-1,-1
443,175,111.34,255.22,50.78,119.78,1.0000,-1,-1,-1
443,178,565.52,307.88,78.92,128.06,1.0000,-1,-1,-1
443,179,590.22,227.63,78.72,131.72,1.0000,-1,-1,-1
444,131,26.65,262.25,52.94,123.52,1.0000,-1,-1,-1
444,147,936.53,478.10,72.37,137.79,1.0000,-1,-1,-1
444,155,702.46,184.27,57.38,126.06,1.0000,-1,-1,-1
444,157,842.90,368.52,106.25,148.39,1.0000,-1,-1,-1
444,173,531.40,308.40,75.35,150.19,1.0000,-1,-1,-1
444,174,897.38,110.83,57.67,114.25,1.0000,-1,-1,-1
444,175,103.66,248.11,54.57,125.25,1.0000,-1,-1,-1
444,178,560.42,306.46,67.45,129.08,1.0000,-1,-1,-1
444,179,587.96,231.09,74.40,129.80,1.0000,-1,-1,-1
445,131,24.32,259.74,53.30,116.08,1.0000,-1,-1,-1
445,147,933.29,477.88,73.19,137.79,1.0000,-1,-1,-1
445,155,694.52,185.37,58.64,124.67,1.0000,-1,-1,-1
445,157,837.28,367.22,100.00,148.77,1.0000,-1,-1,-1
445,173,532.70,302.16,78.55,156.47,1.0000,-1,-1,-1
445,174,891.49,112.58,57.91,115.40,1.0000,-1,-1,-1
445,175,101.65,250.91,58.22,134.19,1.0000,-1,-1,-1
445,178,553.11,309.37,64.79,123.99,1.0000,-1,-1,-1
445,179,586.47,232.02,70.55,126.60,1.0000,-1,-1,-1
445,181,536.92,98.05,64.08,126.96,1.0000,-1,-1,-1
446,131,21.82,258.53,52.59,114.55,1.0000,-1,-1,-1
446,147,931.26,477.88,75.28,137.84,1.0000,-1,-1,-1
446,155,684.96,185.95,61.35,123.76,1.0000,-1,-1,-1
446,157,832.77,365.63,92.83,149.32,1.0000,-1,-1,-1
446,173,534.30,300.59,79.43,160.91,1.0000,-1,-1,-1
446,174,888.41,111.60,62.56,119.24,1.0000,-1,-1,-1
446,175,100.07,250.01,62.26,139.64,1.0000,-1,-1,-1
446,179,586.68,234.78,66.25,123.99,1.0000,-1,-1,-1
446,181,532.84,99.92,66.65,125.30,1.0000,-1,-1,-1
446,183,201.18,364.66,105.56,153.75,1.0000,-1,-1,-1
447,147,931.42,477.08,80.49,139.06,1.0000,-1,-1,-1
447,155,675.58,186.48,64.51,123.02,1.0000,-1,-1,-1
447,157,831.02,364.24,83.60,150.18,1.0000,-1,-1,-1
447,173,533.61,298.96,79.28,163.87,1.0000,-1,-1,-1
447,174,884.33,110.73,68.40,122.49,1.0000,-1,-1,-1
447,175,97.57,249.08,62.73,141.54,1.0000,-1,-1,-1
447,179,586.60,235.26,63.17,122.43,1.0000,-1,-1,-1
447,181,525.71,101.31,65.49,122.97,1.0000,-1,-1,-1
447,183,201.01,363.10,110.92,151.10,1.0000,-1,-1,-1
448,147,924.98,474.18,90.78,139.16,1.0000,-1,-1,-1
448,155,658.33,186.09,68.56,122.89,1.0000,-1,-1,-1
448,157,827.40,362.45,76.79,150.61,1.0000,-1,-1,-1
448,173,531.69,297.79,82.91,164.37,1.0000,-1,-1,-1
448,174,878.87,115.80,69.89,120.87,1.0000,-1,-1,-1
448,175,98.55,251.35,58.29,141.91,1.0000,-1,-1,-1
448,179,583.34,237.87,62.55,121.23,1.0000,-1,-1,-1
448,181,515.64,105.61,59.72,116.56,1.0000,-1,-1,-1
448,182,521.24,509.76,70.17,109.39,1.0000,-1,-1,-1
448,183,200.04,364.64,117.00,148.72,1.0000,-1,-1,-1
449,147,915.44,472.93,100.82,139.30,1.0000,-1,-1,-1
449,155,644.90,185.59,71.23,121.04,1.0000,-1,-1,-1
449,157,825.89,361.67,73.60,150.32,1.0000,-1,-1,-1
449,173,526.56,298.63,86.87,164.07,1.0000,-1,-1,-1
449,174,875.79,119.32,67.22,118.39,1.0000,-1,-1,-1
449,175,99.47,253.39,56.15,144.18,1.0000,-1,-1,-1
449,179,580.75,234.88,60.08,122.99,1.0000,-1,-1,-1
449,181,510.89,103.43,55.59,115.98,1.0000,-1,-1,-1
449,182,522.51,508.11,68.78,111.79,1.0000,-1,-1,-1
449,183,201.13,367.85,117.88,144.84,1.0000,-1,-1,-1
450,147,904.92,473.24,110.29,138.98,1.0000,-1,-1,-1
450,155,636.83,184.37,70.85,120.32,1.0000,-1,-1,-1
450,157,824.74,361.32,73.69,151.03,1.0000,-1,-1,-1
450,173,522.38,301.77,90.04,162.80,1.0000,-1,-1,-1
450,174,875.07,121.66,61.30,115.73,1.0000,-1,-1,-1
450,175,99.53,247.12,55.64,135.54,1.0000,-1,-1,-1
450,179,577.82,233.19,62.27,128.44,1.0000,-1,-1,-1
450,181,507.23,103.38,52.64,115.80,1.0000,-1,-1,-1
450,182,525.97,507.00,66.82,112.99,1.0000,-1,-1,-1
450,183,201.86,371.88,117.82,142.01,1.0000,-1,-1,-1
451,147,895.32,474.02,117.45,138.51,1.0000,-1,-1,-1
451,155,631.46,183.34,68.06,118.94,1.0000,-1,-1,-1
451,157,822.12,362.05,76.27,150.76,1.0000,-1,-1,-1
451,173,522.90,308.32,88.56,158.34,1.0000,-1,-1,-1
451,174,876.87,123.53,56.07,113.21,1.0000,-1,-1,-1
451,175,99.53,246.42,55.96,130.70,1.0000,-1,-1,-1
451,179,576.68,231.69,68.88,133.67,1.0000,-1,-1,-1
451,181,503.00,101.46,50.75,117.01,1.0000,-1,-1,-1
451,182,527.52,508.38,66.58,116.47,1.0000,-1,-1,-1
451,183,207.22,375.15,116.02,139.50,1.0000,-1,-1,-1
452,147,889.36,474.92,121.78,138.36,1.0000,-1,-1,-1
452,155,627.23,183.19,64.15,117.99,1.0000,-1,-1,-1
452,157,818.92,363.37,79.73,150.17,1.0000,-1,-1,-1
452,173,520.45,312.04,88.73,153.83,1.0000,-1,-1,-1
452,174,878.04,123.95,52.32,111.31,1.0000,-1,-1,-1
452,175,99.03,248.31,57.30,131.02,1.0000,-1,-1,-1
452,179,577.01,230.55,71.87,135.32,1.0000,-1,-1,-1
452,181,501.67,101.39,50.02,117.20,1.0000,-1,-1,-1
452,182,529.74,512.20,67.53,125.67,1.0000,-1,-1,-1
452,183,211.18,379.02,103.85,134.36,1.0000,-1,-1,-1
452,185,25.70,264.71,49.14,138.06,1.0000,-1,-1,-1
453,147,881.34,474.07,121.11,139.18,1.0000,-1,-1,-1
453,155,623.29,182.77,58.86,116.13,1.0000,-1,-1,-1
453,157,808.00,367.09,84.56,148.54,1.0000,-1,-1,-1
453,173,517.87,310.06,94.19,143.73,1.0000,-1,-1,-1
453,174,878.37,123.16,54.90,114.26,1.0000,-1,-1,-1
453,175,93.41,249.89,64.59,138.62,1.0000,-1,-1,-1
453,179,574.57,231.48,72.18,135.91,1.0000,-1,-1,-1
453,181,496.94,99.32,56.48,122.14,1.0000,-1,-1,-1
453,182,536.49,507.15,66.13,123.55,1.0000,-1,-1,-1
453,183,231.85,380.21,93.06,132.27,1.0000,-1,-1,-1
453,185,17.33,258.43,61.63,155.12,1.0000,-1,-1,-1
454,147,875.61,472.45,118.42,140.22,1.0000,-1,-1,-1
454,155,619.73,182.05,55.49,114.50,1.0000,-1,-1,-1
454,157,798.96,369.87,88.37,147.23,1.0000,-1,-1,-1
454,173,517.44,309.79,94.70,144.50,1.0000,-1,-1,-1
454,174,878.27,122.24,59.56,116.33,1.0000,-1,-1,-1
454,175,94.57,249.02,74.23,144.43,1.0000,-1,-1,-1
454,181,491.70,97.08,62.43,126.27,1.0000,-1,-1,-1
454,182,542.72,503.92,64.77,121.64,1.0000,-1,-1,-1
454,183,239.94,379.49,86.21,132.16,1.0000,-1,-1,-1
454,185,14.90,252.81,64.86,163.25,1.0000,-1,-1,-1
455,147,871.76,469.71,115.20,141.55,1.0000,-1,-1,-1
455,155,615.17,180.13,54.04,113.51,1.0000,-1,-1,-1
455,157,792.76,370.42,88.51,145.68,1.0000,-1,-1,-1
455,174,875.40,122.97,59.63,116.47,1.0000,-1,-1,-1
455,175,95.06,247.40,83.46,147.24,1.0000,-1,-1,-1
455,181,486.64,95.51,67.19,128.65,1.0000,-1,-1,-1
455,182,547.78,501.69,64.34,121.77,1.0000,-1,-1,-1
455,183,245.54,375.89,80.60,131.15,1.0000,-1,-1,-1
455,185,15.52,253.84,70.32,159.93,1.0000,-1,-1,-1
456,147,868.33,466.18,110.71,143.75,1.0000,-1,-1,-1
456,155,611.18,180.16,54.21,113.34,1.0000,-1,-1,-1
456,157,788.90,369.81,87.55,144.83,1.0000,-1,-1,-1
456,174,877.00,128.40,61.89,116.19,1.0000,-1,-1,-1
456,175,96.19,247.68,88.79,147.63,1.0000,-1,-1,-1
456,181,483.03,98.97,70.25,126.99,1.0000,-1,-1,-1
456,182,551.92,500.05,65.21,122.73,1.0000,-1,-1,-1
456,183,249.00,373.43,79.35,133.26,1.0000,-1,-1,-1
456,185,22.80,254.58,67.75,151.20,1.0000,-1,-1,-1
457,147,866.91,461.99,105.34,145.89,1.0000,-1,-1,-1
457,155,606.95,178.06,55.21,113.86,1.0000,-1,-1,-1
457,157,787.15,369.32,83.39,145.02,1.0000,-1,-1,-1
457,174,874.60,129.48,62.00,116.40,1.0000,-1,-1,-1
457,175,94.42,248.60,89.76,148.20,1.0000,-1,-1,-1
457,181,479.69,100.86,70.17,125.02,1.0000,-1,-1,-1
457,182,555.76,498.84,66.06,125.24,1.0000,-1,-1,-1
457,183,252.51,369.75,84.63,137.71,1.0000,-1,-1,-1
457,185,30.11,255.36,65.91,142.77,1.0000,-1,-1,-1
457,186,585.77,239.22,50.14,131.82,1.0000,-1,-1,-1
458,147,863.23,458.84,98.50,148.31,1.0000,-1,-1,-1
458,155,599.43,177.19,54.64,112.69,1.0000,-1,-1,-1
458,157,787.06,365.49,77.93,146.13,1.0000,-1,-1,-1
458,175,112.62,249.08,78.37,148.24,1.0000,-1,-1,-1
458,181,478.24,102.59,66.36,122.68,1.0000,-1,-1,-1
458,182,561.93,496.72,67.36,126.10,1.0000,-1,-1,-1
458,183,261.31,366.90,90.72,138.06,1.0000,-1,-1,-1
458,185,32.07,252.18,66.89,144.89,1.0000,-1,-1,-1
458,186,587.38,237.15,52.73,127.97,1.0000,-1,-1,-1
459,147,861.02,456.40,93.23,150.79,1.0000,-1,-1,-1
459,157,787.17,362.45,74.45,146.57,1.0000,-1,-1,-1
459,175,121.10,248.36,71.67,148.33,1.0000,-1,-1,-1
459,181,479.21,102.53,61.55,121.51,1.0000,-1,-1,-1
459,182,567.38,496.82,69.00,127.80,1.0000,-1,-1,-1
459,183,268.98,366.10,93.92,138.11,1.0000,-1,-1,-1
459,185,49.65,260.17,60.10,134.70,1.0000,-1,-1,-1
459,186,587.68,240.83,55.35,135.61,1.0000,-1,-1,-1
460,147,858.32,454.70,88.78,152.94,1.0000,-1,-1,-1
460,157,787.64,360.07,73.73,147.50,1.0000,-1,-1,-1
460,175,127.61,247.36,68.26,148.96,1.0000,-1,-1,-1
460,181,480.62,101.51,56.73,121.80,1.0000,-1,-1,-1
460,182,573.29,496.07,69.99,127.08,1.0000,-1,-1,-1
460,183,278.11,366.19,92.72,137.09,1.0000,-1,-1,-1
460,185,60.10,262.65,54.39,128.99,1.0000,-1,-1,-1
460,186,590.25,239.66,60.72,145.45,1.0000,-1,-1,-1
461,147,854.43,454.31,85.94,155.16,1.0000,-1,-1,-1
461,157,787.59,358.19,73.03,148.92,1.0000,-1,-1,-1
461,175,129.85,244.43,67.84,150.91,1.0000,-1,-1,-1
461,181,481.28,100.78,53.13,122.06,1.0000,-1,-1,-1
461,182,579.74,495.88,71.10,127.49,1.0000,-1,-1,-1
461,183,288.04,366.24,87.08,135.13,1.0000,-1,-1,-1
461,185,65.47,263.69,53.91,127.82,1.0000,-1,-1,-1
461,186,594.15,238.45,66.48,151.95,1.0000,-1,-1,-1
462,147,850.60,453.22,83.56,156.32,1.0000,-1,-1,-1
462,157,787.21,357.71,71.54,150.61,1.0000,-1,-1,-1
462,175,131.92,241.77,69.83,153.49,1.0000,-1,-1,-1
462,181,480.45,98.46,51.12,123.23,1.0000,-1,-1,-1
462,182,583.80,495.36,71.76,127.62,1.0000,-1,-1,-1
462,183,298.48,366.17,80.35,132.77,1.0000,-1,-1,-1
462,185,67.73,263.45,58.07,133.86,1.0000,-1,-1,-1
462,186,597.28,239.30,70.99,154.52,1.0000,-1,-1,-1
462,187,555.92,291.66,64.01,143.06,1.0000,-1,-1,-1
463,147,842.99,451.59,81.65,157.92,1.0000,-1,-1,-1
463,157,786.96,357.67,70.27,150.50,1.0000,-1,-1,-1
463,175,140.71,238.30,77.32,152.28,1.0000,-1,-1,-1
463,181,480.05,97.33,52.83,124.79,1.0000,-1,-1,-1
463,182,588.60,491.66,71.26,127.48,1.0000,-1,-1,-1
463,183,309.58,364.46,73.58,130.48,1.0000,-1,-1,-1
463,185,66.39,261.12,67.79,142.54,1.0000,-1,-1,-1
463,186,597.41,208.54,79.84,178.99,1.0000,-1,-1,-1
463,187,551.14,288.51,73.20,146.85,1.0000,-1,-1,-1
464,147,836.35,450.52,80.74,159.10,1.0000,-1,-1,-1
464,157,786.42,356.60,70.40,151.85,1.0000,-1,-1,-1
464,175,147.75,236.83,84.28,151.76,1.0000,-1,-1,-1
464,181,480.26,96.32,54.72,125.04,1.0000,-1,-1,-1
464,182,592.08,489.81,70.46,128.64,1.0000,-1,-1,-1
464,183,318.35,364.11,70.63,128.97,1.0000,-1,-1,-1
464,185,67.44,257.80,79.11,147.35,1.0000,-1,-1,-1
464,186,595.56,193.49,84.37,193.89,1.0000,-1,-1,-1
464,187,555.18,287.82,78.42,147.68,1.0000,-1,-1,-1
465,147,830.40,449.87,80.19,160.41,1.0000,-1,-1,-1
465,157,783.51,355.21,68.22,152.65,1.0000,-1,-1,-1
465,175,151.87,236.96,89.40,150.40,1.0000,-1,-1,-1
465,181,478.83,96.42,56.81,125.17,1.0000,-1,-1,-1
465,182,597.20,488.71,70.85,129.86,1.0000,-1,-1,-1
465,183,324.78,363.41,70.12,127.17,1.0000,-1,-1,-1
465,185,68.56,256.45,88.07,148.40,1.0000,-1,-1,-1
465,186,597.29,190.18,83.73,200.56,1.0000,-1,-1,-1
465,187,560.91,286.87,81.03,146.64,1.0000,-1,-1,-1
466,147,825.23,449.04,79.82,161.20,1.0000,-1,-1,-1
466,157,781.23,352.41,68.37,154.62,1.0000,-1,-1,-1
466,175,155.91,240.74,89.56,147.92,1.0000,-1,-1,-1
466,181,477.10,97.11,56.27,124.47,1.0000,-1,-1,-1
466,182,603.08,487.80,75.65,132.69,1.0000,-1,-1,-1
466,183,331.49,364.13,71.70,124.22,1.0000,-1,-1,-1
466,185,70.60,258.04,92.82,148.32,1.0000,-1,-1,-1
466,186,601.02,220.84,77.22,183.89,1.0000,-1,-1,-1
466,187,563.87,286.56,86.86,146.98,1.0000,-1,-1,-1
467,147,819.91,448.25,79.92,161.48,1.0000,-1,-1,-1
467,157,779.15,350.73,70.42,155.86,1.0000,-1,-1,-1
467,175,159.92,243.55,86.39,145.89,1.0000,-1,-1,-1
467,181,475.69,99.28,55.29,122.97,1.0000,-1,-1,-1
467,182,606.06,487.56,76.48,133.04,1.0000,-1,-1,-1
467,183,337.22,365.57,74.80,121.14,1.0000,-1,-1,-1
467,185,73.79,259.04,91.75,147.28,1.0000,-1,-1,-1
467,186,603.08,219.75,78.59,187.16,1.0000,-1,-1,-1
467,187,567.21,283.68,89.00,150.62,1.0000,-1,-1,-1
467,189,475.87,323.87,102.00,113.32,1.0000,-1,-1,-1
468,147,808.52,448.79,82.75,161.82,1.0000,-1,-1,-1
468,157,773.11,348.22,70.99,156.42,1.0000,-1,-1,-1
468,175,175.89,242.76,78.49,145.20,1.0000,-1,-1,-1
468,181,475.41,101.22,52.27,120.36,1.0000,-1,-1,-1
468,182,613.25,487.40,75.74,132.63,1.0000,-1,-1,-1
468,183,345.22,369.46,76.38,118.33,1.0000,-1,-1,-1
468,185,92.09,259.64,83.45,146.72,1.0000,-1,-1,-1
468,186,607.49,237.21,82.08,169.78,1.0000,-1,-1,-1
468,187,565.86,288.93,102.91,149.47,1.0000,-1,-1,-1
468,189,482.90,327.76,90.21,107.98,1.0000,-1,-1,-1
469,147,798.56,449.48,86.14,161.35,1.0000,-1,-1,-1
469,157,768.16,345.72,71.65,156.25,1.0000,-1,-1,-1
469,175,185.94,241.45,72.79,145.83,1.0000,-1,-1,-1
469,181,473.36,101.49,52.08,119.93,1.0000,-1,-1,-1
469,182,618.83,487.47,75.70,133.20,1.0000,-1,-1,-1
469,183,350.35,373.29,76.01,115.33,1.0000,-1,-1,-1
469,185,107.18,259.40,76.44,146.49,1.0000,-1,-1,-1
469,186,611.41,246.43,87.07,161.97,1.0000,-1,-1,-1
469,187,567.98,291.18,105.70,146.13,1.0000,-1,-1,-1
469,189,486.80,328.77,84.77,106.41,1.0000,-1,-1,-1
470,147,789.80,449.33,89.53,160.76,1.0000,-1,-1,-1
470,157,764.68,342.36,72.07,155.04,1.0000,-1,-1,-1
470,175,192.34,241.84,69.01,146.73,1.0000,-1,-1,-1
470,182,625.40,487.26,76.07,133.67,1.0000,-1,-1,-1
470,183,354.08,375.27,73.28,113.47,1.0000,-1,-1,-1
470,185,117.19,257.62,73.78,147.23,1.0000,-1,-1,-1
470,186,613.16,250.06,91.02,158.34,1.0000,-1,-1,-1
470,187,568.54,291.62,106.47,143.89,1.0000,-1,-1,-1
470,189,486.23,327.29,83.92,106.28,1.0000,-1,-1,-1
470,190,601.45,182.80,43.65,80.16,1.0000,-1,-1,-1
471,147,783.50,450.45,93.51,160.57,1.0000,-1,-1,-1
471,157,761.24,341.27,71.85,154.58,1.0000,-1,-1,-1
471,175,199.96,240.86,68.17,148.40,1.0000,-1,-1,-1
471,182,631.42,487.53,75.26,133.87,1.0000,-1,-1,-1
471,183,355.65,375.19,69.75,112.55,1.0000,-1,-1,-1
471,185,122.87,257.04,74.82,148.65,1.0000,-1,-1,-1
471,186,614.49,254.62,93.81,155.24,1.0000,-1,-1,-1
471,187,572.17,291.47,103.69,142.15,1.0000,-1,-1,-1
471,189,494.44,326.75,82.11,106.68,1.0000,-1,-1,-1
471,190,602.90,184.31,42.70,83.27,1.0000,-1,-1,-1
471,191,-0.72,142.46,52.08,120.22,1.0000,-1,-1,-1
472,147,771.30,398.72,103.78,191.07,1.0000,-1,-1,-1
472,175,208.57,240.32,70.93,149.84,1.0000,-1,-1,-1
472,182,638.71,486.75,77.42,134.99,1.0000,-1,-1,-1
472,183,357.38,371.32,67.01,114.19,1.0000,-1,-1,-1
472,185,127.10,256.04,78.25,151.25,1.0000,-1,-1,-1
472,186,620.79,261.66,92.47,150.83,1.0000,-1,-1,-1
472,187,578.53,291.10,98.35,143.23,1.0000,-1,-1,-1
472,189,499.79,325.41,87.13,110.14,1.0000,-1,-1,-1
472,190,603.18,183.01,42.06,84.87,1.0000,-1,-1,-1
472,191,-1.00,144.17,50.33,118.87,1.0000,-1,-1,-1
473,147,766.55,373.78,108.33,212.35,1.0000,-1,-1,-1
473,175,215.03,239.68,73.18,150.64,1.0000,-1,-1,-1
473,182,647.64,485.87,81.80,136.54,1.0000,-1,-1,-1
473,183,357.45,363.15,65.01,118.76,1.0000,-1,-1,-1
473,185,133.86,254.96,83.82,152.19,1.0000,-1,-1,-1
473,186,627.44,268.13,89.26,146.30,1.0000,-1,-1,-1
473,187,584.52,288.56,93.00,144.76,1.0000,-1,-1,-1
473,189,497.08,325.36,96.69,114.30,1.0000,-1,-1,-1
473,190,602.59,182.55,43.33,90.53,1.0000,-1,-1,-1
473,191,-1.97,143.98,50.93,120.29,1.0000,-1,-1,-1
474,147,768.94,407.14,106.69,200.76,1.0000,-1,-1,-1
474,175,228.65,239.08,68.68,150.02,1.0000,-1,-1,-1
474,182,655.45,486.52,81.90,136.63,1.0000,-1,-1,-1
474,183,356.39,353.23,63.95,126.12,1.0000,-1,-1,-1
474,185,143.57,253.95,90.61,150.77,1.0000,-1,-1,-1
474,186,630.86,270.00,89.96,147.45,1.0000,-1,-1,-1
474,187,595.63,281.15,80.19,143.93,1.0000,-1,-1,-1
474,189,484.97,321.76,108.69,119.31,1.0000,-1,-1,-1
474,190,604.06,180.81,42.76,91.07,1.0000,-1,-1,-1
475,147,769.97,427.84,105.62,188.54,1.0000,-1,-1,-1
475,175,240.04,239.23,65.13,149.40,1.0000,-1,-1,-1
475,182,661.02,486.53,81.17,136.38,1.0000,-1,-1,-1
475,183,355.05,344.68,63.50,133.37,1.0000,-1,-1,-1
475,185,149.86,253.49,91.67,149.88,1.0000,-1,-1,-1
475,187,599.28,279.69,80.51,144.51,1.0000,-1,-1,-1
475,189,479.45,313.49,116.87,126.51,1.0000,-1,-1,-1
475,190,605.56,181.09,42.44,92.55,1.0000,-1,-1,-1
476,147,765.41,440.65,107.66,177.61,1.0000,-1,-1,-1
476,175,251.84,238.99,61.61,148.74,1.0000,-1,-1,-1
476,182,664.59,486.41,78.98,136.23,1.0000,-1,-1,-1
476,183,358.85,343.81,62.62,131.54,1.0000,-1,-1,-1
476,185,158.41,253.89,89.48,148.69,1.0000,-1,-1,-1
476,189,475.68,306.24,122.52,132.83,1.0000,-1,-1,-1
476,190,607.90,179.62,42.40,93.12,1.0000,-1,-1,-1
476,192,34.66,143.43,78.05,115.26,1.0000,-1,-1,-1
476,193,890.13,155.32,49.05,133.74,1.0000,-1,-1,-1
476,194,487.82,101.28,58.41,125.23,1.0000,-1,-1,-1
477,147,759.27,448.55,110.79,168.93,1.0000,-1,-1,-1
477,175,262.53,239.67,58.53,148.50,1.0000,-1,-1,-1
477,182,666.48,486.59,78.38,136.25,1.0000,-1,-1,-1
477,183,353.97,331.95,61.55,138.97,1.0000,-1,-1,-1
477,185,170.53,252.96,84.25,147.83,1.0000,-1,-1,-1
477,189,471.42,301.51,127.30,138.72,1.0000,-1,-1,-1
477,190,610.20,181.67,42.81,95.66,1.0000,-1,-1,-1
477,192,43.52,144.62,73.99,111.09,1.0000,-1,-1,-1
477,193,891.12,155.91,49.97,136.27,1.0000,-1,-1,-1
477,194,490.41,103.34,56.47,123.43,1.0000,-1,-1,-1
478,147,759.16,455.19,110.92,162.26,1.0000,-1,-1,-1
478,175,268.72,241.08,58.26,148.48,1.0000,-1,-1,-1
478,182,668.26,486.17,79.26,136.35,1.0000,-1,-1,-1
478,183,351.69,321.51,61.81,145.99,1.0000,-1,-1,-1
478,185,190.18,251.90,73.99,145.93,1.0000,-1,-1,-1
478,189,466.03,297.76,130.99,144.01,1.0000,-1,-1,-1
478,190,611.38,182.26,43.01,96.10,1.0000,-1,-1,-1
478,192,49.25,147.53,69.91,108.69,1.0000,-1,-1,-1
478,194,493.64,110.23,52.48,116.73,1.0000,-1,-1,-1
479,147,751.29,462.03,110.77,157.12,1.0000,-1,-1,-1
479,175,275.90,242.15,61.67,149.57,1.0000,-1,-1,-1
479,182,668.04,485.71,82.88,136.31,1.0000,-1,-1,-1
479,183,351.92,309.80,62.42,152.22,1.0000,-1,-1,-1
479,185,209.91,251.19,66.97,144.09,1.0000,-1,-1,-1
479,189,456.63,298.38,127.35,144.86,1.0000,-1,-1,-1
479,192,56.41,149.86,67.46,104.88,1.0000,-1,-1,-1
479,194,497.09,112.44,50.23,113.41,1.0000,-1,-1,-1
480,147,743.75,467.38,109.46,153.46,1.0000,-1,-1,-1
480,175,280.63,243.16,66.12,150.86,1.0000,-1,-1,-1
480,182,667.76,487.10,85.88,136.04,1.0000,-1,-1,-1
480,183,351.15,300.41,62.66,158.81,1.0000,-1,-1,-1
480,185,226.93,252.11,67.48,144.15,1.0000,-1,-1,-1
480,189,448.52,297.87,123.57,147.99,1.0000,-1,-1,-1
480,194,499.31,115.28,48.32,110.29,1.0000,-1,-1,-1
480,195,751.14,343.13,82.38,148.10,1.0000,-1,-1,-1
481,147,736.21,472.48,106.34,149.59,1.0000,-1,-1,-1
481,175,284.44,246.57,70.12,151.98,1.0000,-1,-1,-1
481,182,668.76,488.62,90.01,134.55,1.0000,-1,-1,-1
481,183,352.95,287.80,63.75,169.33,1.0000,-1,-1,-1
481,185,237.26,254.82,68.71,146.22,1.0000,-1,-1,-1
481,189,445.51,296.07,125.41,150.19,1.0000,-1,-1,-1
481,194,500.15,117.73,47.25,109.77,1.0000,-1,-1,-1
481,195,749.99,345.06,77.76,146.49,1.0000,-1,-1,-1
481,196,639.21,269.54,94.27,171.86,1.0000,-1,-1,-1
482,147,731.12,474.16,106.25,149.46,1.0000,-1,-1,-1
482,175,300.85,240.92,65.98,142.11,1.0000,-1,-1,-1
482,182,672.86,488.31,90.40,135.13,1.0000,-1,-1,-1
482,183,355.57,310.61,62.38,160.30,1.0000,-1,-1,-1
482,185,244.66,258.60,67.80,147.59,1.0000,-1,-1,-1
482,194,499.97,119.42,47.02,112.68,1.0000,-1,-1,-1
482,195,748.80,347.68,73.16,145.52,1.0000,-1,-1,-1
482,196,639.41,275.73,98.34,172.84,1.0000,-1,-1,-1
483,175,316.34,241.65,61.86,134.65,1.0000,-1,-1,-1
483,182,679.54,485.02,106.73,137.37,1.0000,-1,-1,-1
483,183,357.64,309.30,61.94,159.18,1.0000,-1,-1,-1
483,185,255.36,264.15,71.19,149.52,1.0000,-1,-1,-1
483,194,500.40,122.73,46.32,114.67,1.0000,-1,-1,-1
483,195,748.59,352.11,68.98,145.37,1.0000,-1,-1,-1
483,196,646.28,281.07,95.60,170.74,1.0000,-1,-1,-1
484,175,333.71,255.59,58.35,135.81,1.0000,-1,-1,-1
484,182,679.51,485.78,107.51,137.19,1.0000,-1,-1,-1
484,185,267.02,273.63,75.24,150.22,1.0000,-1,-1,-1
484,194,500.64,127.86,46.82,116.58,1.0000,-1,-1,-1
484,195,748.68,359.04,64.67,145.49,1.0000,-1,-1,-1
484,196,648.62,288.66,93.48,171.58,1.0000,-1,-1,-1
485,175,342.53,256.35,58.31,135.72,1.0000,-1,-1,-1
485,182,680.01,487.44,104.72,136.62,1.0000,-1,-1,-1
485,185,270.34,282.54,79.91,148.79,1.0000,-1,-1,-1
485,194,501.16,133.91,47.28,117.41,1.0000,-1,-1,-1
485,195,749.22,365.06,62.42,146.92,1.0000,-1,-1,-1
485,196,649.05,293.59,90.82,172.25,1.0000,-1,-1,-1
486,182,676.78,489.67,105.61,135.50,1.0000,-1,-1,-1
486,185,269.58,289.90,82.34,145.07,1.0000,-1,-1,-1
486,194,501.66,139.47,48.01,117.93,1.0000,-1,-1,-1
486,195,749.08,372.47,59.07,147.29,1.0000,-1,-1,-1
486,196,649.69,299.84,89.21,172.89,1.0000,-1,-1,-1
487,182,672.75,493.84,108.61,131.60,1.0000,-1,-1,-1
487,185,271.86,298.62,91.34,143.16,1.0000,-1,-1,-1
487,194,502.26,145.16,48.75,117.07,1.0000,-1,-1,-1
487,195,749.19,379.26,57.25,147.99,1.0000,-1,-1,-1
487,196,650.90,305.00,89.93,174.29,1.0000,-1,-1,-1
488,182,675.56,493.84,109.16,132.26,1.0000,-1,-1,-1
488,185,280.26,301.22,91.85,143.96,1.0000,-1,-1,-1
488,194,503.45,153.30,48.57,116.19,1.0000,-1,-1,-1
488,195,748.11,386.92,56.45,148.27,1.0000,-1,-1,-1
488,196,648.96,343.19,84.76,150.00,1.0000,-1,-1,-1
489,182,698.77,514.52,96.97,117.76,1.0000,-1,-1,-1
489,194,502.64,166.29,50.07,115.76,1.0000,-1,-1,-1
489,195,745.02,395.99,56.32,148.92,1.0000,-1,-1,-1
489,196,647.60,336.61,85.38,157.89,1.0000,-1,-1,-1
490,182,702.93,515.82,97.25,118.11,1.0000,-1,-1,-1
490,194,501.79,177.51,49.75,114.49,1.0000,-1,-1,-1
490,195,743.21,401.59,56.86,149.53,1.0000,-1,-1,-1
490,196,648.19,340.75,84.39,163.83,1.0000,-1,-1,-1
491,194,500.94,185.66,49.42,115.72,1.0000,-1,-1,-1
491,195,743.01,403.75,56.79,148.48,1.0000,-1,-1,-1
491,196,648.27,356.60,82.99,163.94,1.0000,-1,-1,-1
492,194,500.02,193.80,49.50,117.59,1.0000,-1,-1,-1
492,195,741.36,405.69,57.10,148.27,1.0000,-1,-1,-1
492,196,648.65,365.01,82.83,163.63,1.0000,-1,-1,-1
493,194,498.92,198.71,50.18,119.26,1.0000,-1,-1,-1
493,195,739.82,409.06,58.77,153.00,1.0000,-1,-1,-1
494,194,495.28,208.22,51.23,118.75,1.0000,-1,-1,-1
494,195,737.14,411.35,59.92,154.71,1.0000,-1,-1,-1
495,194,491.22,214.13,52.22,118.93,1.0000,-1,-1,-1
495,195,734.53,412.69,61.43,156.84,1.0000,-1,-1,-1
496,194,489.03,221.10,53.23,118.37,1.0000,-1,-1,-1
496,195,730.45,421.07,64.87,168.86,1.0000,-1,-1,-1
497,194,484.18,227.04,53.83,117.76,1.0000,-1,-1,-1
497,195,727.38,421.30,67.84,171.23,1.0000,-1,-1,-1
498,194,481.15,231.06,54.36,116.31,1.0000,-1,-1,-1
498,195,724.37,421.37,70.89,167.91,1.0000,-1,-1,-1
499,194,474.12,239.54,55.75,119.90,1.0000,-1,-1,-1
499,195,722.08,430.59,71.27,170.90,1.0000,-1,-1,-1
499,206,438.01,328.01,69.83,161.45,1.0000,-1,-1,-1
500,194,469.24,243.54,56.47,122.01,1.0000,-1,-1,-1
500,195,719.85,436.62,70.96,174.61,1.0000,-1,-1,-1
500,206,444.18,327.37,75.97,175.66,1.0000,-1,-1,-1
501,194,464.92,246.37,57.51,125.08,1.0000,-1,-1,-1
501,195,716.72,438.96,70.62,174.70,1.0000,-1,-1,-1
501,207,83.70,209.17,57.66,152.18,1.0000,-1,-1,-1
502,194,460.89,250.85,58.53,128.42,1.0000,-1,-1,-1
502,195,713.22,441.78,70.79,175.12,1.0000,-1,-1,-1
502,207,76.09,222.25,56.07,146.35,1.0000,-1,-1,-1
503,194,456.94,254.07,59.31,130.86,1.0000,-1,-1,-1
503,195,708.98,441.83,71.12,177.08,1.0000,-1,-1,-1
503,207,66.36,222.45,57.16,149.20,1.0000,-1,-1,-1
504,194,451.62,258.77,58.77,128.21,1.0000,-1,-1,-1
504,195,705.25,439.49,70.23,176.76,1.0000,-1,-1,-1
504,207,51.78,225.76,57.14,151.71,1.0000,-1,-1,-1
504,211,537.40,308.05,93.29,135.36,1.0000,-1,-1,-1
505,194,447.58,264.01,58.09,124.42,1.0000,-1,-1,-1
505,195,701.38,438.88,69.81,177.06,1.0000,-1,-1,-1
505,207,41.10,229.36,57.09,152.12,1.0000,-1,-1,-1
505,211,527.61,311.08,92.15,135.40,1.0000,-1,-1,-1
506,194,444.80,269.50,58.17,124.59,1.0000,-1,-1,-1
506,195,699.28,437.48,69.15,178.26,1.0000,-1,-1,-1
506,207,31.20,232.63,57.06,152.49,1.0000,-1,-1,-1
506,211,515.32,311.96,91.81,136.49,1.0000,-1,-1,-1
506,212,133.26,466.60,95.39,166.31,1.0000,-1,-1,-1
507,194,441.66,276.62,58.23,130.96,1.0000,-1,-1,-1
507,195,695.33,436.43,68.30,179.60,1.0000,-1,-1,-1
507,207,22.00,233.41,56.98,153.75,1.0000,-1,-1,-1
507,211,508.56,314.11,92.20,137.29,1.0000,-1,-1,-1
507,212,123.39,470.59,99.01,172.05,1.0000,-1,-1,-1
508,194,438.09,279.75,58.54,132.71,1.0000,-1,-1,-1
508,195,691.04,436.07,68.14,180.34,1.0000,-1,-1,-1
508,207,11.84,236.08,57.05,154.44,1.0000,-1,-1,-1
508,211,497.85,316.22,93.04,138.53,1.0000,-1,-1,-1
508,212,113.26,471.95,102.88,176.06,1.0000,-1,-1,-1
509,194,432.36,284.18,57.79,134.29,1.0000,-1,-1,-1
509,195,684.43,438.28,67.59,179.39,1.0000,-1,-1,-1
509,207,-1.25,235.67,54.29,157.17,1.0000,-1,-1,-1
509,212,95.76,476.99,100.97,177.89,1.0000,-1,-1,-1
510,194,428.17,288.65,58.04,134.70,1.0000,-1,-1,-1
510,195,680.87,441.12,66.26,179.56,1.0000,-1,-1,-1
510,207,-6.45,239.37,49.63,155.81,1.0000,-1,-1,-1
510,212,79.80,479.51,95.79,179.55,1.0000,-1,-1,-1
511,194,424.52,292.19,58.87,134.67,1.0000,-1,-1,-1
511,195,676.45,443.64,66.51,178.56,1.0000,-1,-1,-1
511,207,-16.59,242.66,49.35,154.93,1.0000,-1,-1,-1
511,212,66.29,481.94,87.92,179.53,1.0000,-1,-1,-1
511,217,185.67,526.20,73.83,184.86,1.0000,-1,-1,-1
512,194,421.09,297.58,59.41,135.26,1.0000,-1,-1,-1
512,195,670.34,446.16,68.35,176.82,1.0000,-1,-1,-1
512,212,51.88,484.08,77.41,177.31,1.0000,-1,-1,-1
512,217,173.57,542.67,67.77,172.32,1.0000,-1,-1,-1
512,218,497.60,325.73,71.69,90.92,1.0000,-1,-1,-1
513,194,415.74,302.32,59.31,137.61,1.0000,-1,-1,-1
513,195,667.28,447.77,69.92,175.43,1.0000,-1,-1,-1
513,212,36.93,485.75,70.76,177.99,1.0000,-1,-1,-1
513,217,162.50,556.07,60.24,153.16,1.0000,-1,-1,-1
513,218,492.54,326.77,71.29,90.41,1.0000,-1,-1,-1
514,194,409.09,308.70,60.88,140.42,1.0000,-1,-1,-1
514,195,658.08,448.64,75.37,176.87,1.0000,-1,-1,-1
514,212,14.66,488.82,70.86,185.70,1.0000,-1,-1,-1
514,218,469.38,350.93,97.48,147.07,1.0000,-1,-1,-1
514,219,542.02,440.79,96.24,174.97,1.0000,-1,-1,-1
515,194,405.38,314.22,61.06,140.84,1.0000,-1,-1,-1
515,195,646.75,448.08,79.71,177.23,1.0000,-1,-1,-1
515,212,-0.33,490.19,71.12,192.01,1.0000,-1,-1,-1
515,218,458.61,363.67,105.19,158.71,1.0000,-1,-1,-1
515,219,535.39,437.79,88.78,174.61,1.0000,-1,-1,-1
516,194,399.52,322.43,66.08,151.20,1.0000,-1,-1,-1
516,195,635.85,447.02,84.41,177.22,1.0000,-1,-1,-1
516,212,-6.85,495.11,68.78,196.08,1.0000,-1,-1,-1
516,219,533.45,446.78,81.58,167.82,1.0000,-1,-1,-1
517,194,396.05,326.79,71.37,160.42,1.0000,-1,-1,-1
517,195,628.92,445.92,88.02,177.54,1.0000,-1,-1,-1
517,212,-9.90,500.14,64.22,198.19,1.0000,-1,-1,-1
517,219,524.80,454.58,76.14,156.64,1.0000,-1,-1,-1
518,194,393.34,329.76,75.88,167.54,1.0000,-1,-1,-1
518,195,625.67,445.56,90.40,178.16,1.0000,-1,-1,-1
518,212,-23.76,506.01,63.40,195.67,1.0000,-1,-1,-1
518,219,531.44,460.15,73.33,155.80,1.0000,-1,-1,-1
519,194,383.30,336.96,75.58,171.19,1.0000,-1,-1,-1
519,195,636.89,446.91,85.45,177.01,1.0000,-1,-1,-1
519,219,526.18,468.28,68.36,145.25,1.0000,-1,-1,-1
520,194,375.52,341.49,75.49,172.76,1.0000,-1,-1,-1
520,195,641.36,448.53,83.03,175.99,1.0000,-1,-1,-1
521,194,369.63,345.17,76.84,173.14,1.0000,-1,-1,-1
521,195,645.28,451.60,80.61,173.58,1.0000,-1,-1,-1
521,224,55.52,611.16,62.28,109.04,1.0000,-1,-1,-1
522,194,365.21,351.11,77.29,174.14,1.0000,-1,-1,-1
522,195,643.43,454.09,81.48,171.35,1.0000,-1,-1,-1
522,224,45.51,615.87,59.66,104.46,1.0000,-1,-1,-1
523,194,360.06,358.82,77.18,176.22,1.0000,-1,-1,-1
523,195,641.12,457.84,83.25,168.21,1.0000,-1,-1,-1
524,194,356.73,370.60,75.41,178.22,1.0000,-1,-1,-1
524,195,635.11,460.19,88.67,164.73,1.0000,-1,-1,-1
525,194,353.14,378.46,74.86,181.17,1.0000,-1,-1,-1
525,195,632.33,461.22,91.69,162.67,1.0000,-1,-1,-1
526,194,348.69,385.35,75.26,182.14,1.0000,-1,-1,-1
526,195,638.65,460.91,87.77,161.20,1.0000,-1,-1,-1
527,194,348.49,390.29,74.13,185.02,1.0000,-1,-1,-1
527,195,640.78,460.02,85.20,160.62,1.0000,-1,-1,-1
527,225,412.88,361.72,69.99,182.48,1.0000,-1,-1,-1
528,194,344.68,396.35,74.94,188.60,1.0000,-1,-1,-1
528,195,643.66,459.14,82.26,160.52,1.0000,-1,-1,-1
528,225,411.64,365.38,68.71,185.81,1.0000,-1,-1,-1
529,194,338.67,402.75,78.76,190.56,1.0000,-1,-1,-1
529,195,647.83,459.29,78.77,160.32,1.0000,-1,-1,-1
529,225,405.09,369.06,68.05,188.80,1.0000,-1,-1,-1
530,194,330.87,409.53,85.10,193.36,1.0000,-1,-1,-1
530,195,650.91,459.67,75.49,159.60,1.0000,-1,-1,-1
530,225,401.03,369.86,67.69,191.57,1.0000,-1,-1,-1
531,194,325.93,416.04,91.34,192.53,1.0000,-1,-1,-1
531,195,650.75,460.78,75.16,159.92,1.0000,-1,-1,-1
531,225,397.84,368.72,66.87,193.81,1.0000,-1,-1,-1
532,194,321.08,424.21,98.42,190.32,1.0000,-1,-1,-1
532,195,650.49,462.81,74.23,159.81,1.0000,-1,-1,-1
532,225,394.42,372.03,66.85,193.74,1.0000,-1,-1,-1
533,194,317.22,430.92,99.02,191.46,1.0000,-1,-1,-1
533,195,650.08,465.43,73.47,158.91,1.0000,-1,-1,-1
533,225,388.25,353.24,69.02,171.75,1.0000,-1,-1,-1
534,194,310.96,431.56,110.94,187.97,1.0000,-1,-1,-1
534,195,649.53,466.31,73.46,158.88,1.0000,-1,-1,-1
534,225,383.63,347.80,74.74,157.44,1.0000,-1,-1,-1
535,194,307.34,437.53,111.63,189.13,1.0000,-1,-1,-1
535,195,633.95,466.63,80.20,158.41,1.0000,-1,-1,-1
535,225,379.36,345.27,80.77,144.46,1.0000,-1,-1,-1
536,195,632.36,467.37,80.25,158.51,1.0000,-1,-1,-1
536,225,373.55,344.71,86.60,137.86,1.0000,-1,-1,-1
537,225,370.66,340.79,86.19,137.21,1.0000,-1,-1,-1
540,228,624.29,442.28,74.49,178.16,1.0000,-1,-1,-1
541,228,619.29,440.19,76.65,181.27,1.0000,-1,-1,-1
542,228,614.53,439.49,78.46,183.73,1.0000,-1,-1,-1
543,228,609.97,437.10,80.03,187.40,1.0000,-1,-1,-1
543,230,300.53,493.98,104.18,226.69,1.0000,-1,-1,-1
544,230,282.03,494.92,103.43,225.12,1.0000,-1,-1,-1
545,230,265.10,490.85,108.41,229.56,1.0000,-1,-1,-1
545,232,336.89,319.79,117.58,252.36,1.0000,-1,-1,-1
546,230,255.90,486.39,114.25,234.24,1.0000,-1,-1,-1
546,232,333.99,317.61,108.62,245.03,1.0000,-1,-1,-1
547,230,241.47,480.17,126.14,242.53,1.0000,-1,-1,-1
547,232,335.78,309.04,114.41,250.81,1.0000,-1,-1,-1
548,230,229.07,477.14,128.70,247.44,1.0000,-1,-1,-1
548,232,340.11,302.96,117.22,252.34,1.0000,-1,-1,-1
549,230,228.29,453.43,117.20,201.31,1.0000,-1,-1,-1
549,232,346.81,290.48,120.95,253.92,1.0000,-1,-1,-1
549,236,464.07,419.04,115.12,199.64,1.0000,-1,-1,-1
550,230,222.96,449.57,111.31,182.89,1.0000,-1,-1,-1
550,232,350.88,283.63,123.34,254.28,1.0000,-1,-1,-1
550,236,468.73,405.36,120.76,213.94,1.0000,-1,-1,-1
550,237,568.32,391.89,114.96,210.08,1.0000,-1,-1,-1
551,230,217.29,446.53,108.94,178.51,1.0000,-1,-1,-1
551,232,353.79,277.61,124.43,253.01,1.0000,-1,-1,-1
551,236,471.73,391.33,126.07,227.31,1.0000,-1,-1,-1
551,237,572.44,380.58,105.60,210.66,1.0000,-1,-1,-1
552,230,213.57,440.79,107.49,178.47,1.0000,-1,-1,-1
552,232,356.68,269.11,126.76,257.76,1.0000,-1,-1,-1
552,236,476.31,382.56,123.02,235.00,1.0000,-1,-1,-1
552,237,568.80,374.16,101.48,210.63,1.0000,-1,-1,-1
553,230,206.38,435.43,109.79,183.95,1.0000,-1,-1,-1
553,232,361.65,265.39,124.81,251.77,1.0000,-1,-1,-1
553,236,486.14,376.31,118.02,239.16,1.0000,-1,-1,-1
553,237,576.68,368.89,91.75,205.77,1.0000,-1,-1,-1
554,230,198.96,432.14,119.04,205.67,1.0000,-1,-1,-1
554,232,371.23,256.37,122.16,247.01,1.0000,-1,-1,-1
554,236,498.07,364.70,112.46,244.70,1.0000,-1,-1,-1
554,237,584.33,361.42,86.43,201.73,1.0000,-1,-1,-1
554,238,668.64,338.19,96.99,224.32,1.0000,-1,-1,-1
555,230,191.82,425.29,121.04,217.48,1.0000,-1,-1,-1
555,232,376.82,249.43,119.85,243.11,1.0000,-1,-1,-1
555,236,510.57,356.35,103.34,245.66,1.0000,-1,-1,-1
555,237,584.02,357.33,85.41,202.01,1.0000,-1,-1,-1
555,238,684.47,333.57,94.01,219.93,1.0000,-1,-1,-1
556,230,180.60,418.29,127.59,228.49,1.0000,-1,-1,-1
556,232,380.98,243.92,118.19,239.35,1.0000,-1,-1,-1
556,236,519.03,347.37,98.09,247.75,1.0000,-1,-1,-1
556,237,585.99,353.69,81.94,193.79,1.0000,-1,-1,-1
556,238,692.97,325.72,100.97,227.18,1.0000,-1,-1,-1
557,230,167.15,413.36,134.39,237.12,1.0000,-1,-1,-1
557,232,383.83,239.49,117.40,234.61,1.0000,-1,-1,-1
557,236,525.39,340.52,94.59,249.48,1.0000,-1,-1,-1
557,237,593.38,347.44,80.46,199.61,1.0000,-1,-1,-1
557,238,707.20,320.84,103.25,227.85,1.0000,-1,-1,-1
557,240,633.55,277.36,67.28,247.63,1.0000,-1,-1,-1
558,230,152.93,409.12,142.95,243.28,1.0000,-1,-1,-1
558,232,386.06,235.37,116.52,232.13,1.0000,-1,-1,-1
558,236,532.67,333.32,99.04,254.94,1.0000,-1,-1,-1
558,237,596.01,343.99,77.51,192.30,1.0000,-1,-1,-1
558,238,722.22,329.04,104.92,223.57,1.0000,-1,-1,-1
558,240,633.48,257.37,95.39,278.81,1.0000,-1,-1,-1
559,230,129.55,406.12,152.87,248.44,1.0000,-1,-1,-1
559,232,387.74,230.93,117.85,229.16,1.0000,-1,-1,-1
559,236,539.73,326.76,110.01,260.44,1.0000,-1,-1,-1
559,238,730.72,330.15,115.55,226.50,1.0000,-1,-1,-1
559,240,627.76,241.19,96.91,251.98,1.0000,-1,-1,-1
560,230,113.71,404.33,160.11,252.18,1.0000,-1,-1,-1
560,232,389.62,229.37,116.99,226.43,1.0000,-1,-1,-1
560,236,542.32,324.38,119.82,262.47,1.0000,-1,-1,-1
560,238,735.77,326.64,123.74,232.94,1.0000,-1,-1,-1
560,240,627.75,242.39,97.85,249.63,1.0000,-1,-1,-1
561,230,104.23,405.07,164.51,253.59,1.0000,-1,-1,-1
561,232,392.26,229.86,117.00,224.88,1.0000,-1,-1,-1
561,236,543.18,324.45,128.68,262.80,1.0000,-1,-1,-1
561,238,744.30,325.58,128.25,235.66,1.0000,-1,-1,-1
561,240,627.96,240.81,97.34,241.81,1.0000,-1,-1,-1
562,230,98.42,406.70,165.86,253.94,1.0000,-1,-1,-1
562,232,393.96,230.85,115.97,222.16,1.0000,-1,-1,-1
562,236,543.19,325.03,136.44,262.71,1.0000,-1,-1,-1
562,238,746.66,331.93,133.96,232.43,1.0000,-1,-1,-1
562,240,627.70,247.86,94.39,241.06,1.0000,-1,-1,-1
563,230,94.21,409.43,165.28,253.55,1.0000,-1,-1,-1
563,232,394.19,233.16,114.52,219.94,1.0000,-1,-1,-1
563,236,541.05,324.90,143.72,263.17,1.0000,-1,-1,-1
563,238,745.06,339.46,138.75,227.42,1.0000,-1,-1,-1
563,240,628.60,253.48,93.48,242.44,1.0000,-1,-1,-1
564,230,80.80,412.68,148.19,252.24,1.0000,-1,-1,-1
564,232,394.85,237.36,113.00,219.29,1.0000,-1,-1,-1
564,236,538.57,324.60,149.92,263.76,1.0000,-1,-1,-1
564,238,745.59,343.44,139.14,227.18,1.0000,-1,-1,-1
564,240,632.44,260.70,92.97,239.45,1.0000,-1,-1,-1
565,230,78.64,414.62,136.01,251.59,1.0000,-1,-1,-1
565,232,395.66,239.74,112.52,219.06,1.0000,-1,-1,-1
565,236,537.14,321.97,153.79,265.02,1.0000,-1,-1,-1
565,238,743.03,346.58,138.33,226.23,1.0000,-1,-1,-1
565,240,639.02,267.02,90.51,234.48,1.0000,-1,-1,-1
566,230,75.65,415.63,122.54,250.83,1.0000,-1,-1,-1
566,232,396.39,239.74,111.02,218.50,1.0000,-1,-1,-1
566,236,540.12,319.18,153.80,265.27,1.0000,-1,-1,-1
566,238,744.82,338.17,133.46,230.74,1.0000,-1,-1,-1
566,240,643.78,270.77,87.30,230.36,1.0000,-1,-1,-1
567,230,76.88,413.86,120.09,251.71,1.0000,-1,-1,-1
567,232,394.83,239.06,110.28,218.63,1.0000,-1,-1,-1
567,236,545.29,316.76,151.01,264.97,1.0000,-1,-1,-1
567,238,748.01,334.92,125.90,230.91,1.0000,-1,-1,-1
567,240,646.76,271.88,83.80,227.49,1.0000,-1,-1,-1
568,230,64.18,412.44,122.36,252.30,1.0000,-1,-1,-1
568,232,394.41,238.57,110.48,218.61,1.0000,-1,-1,-1
568,236,553.93,312.74,145.18,264.19,1.0000,-1,-1,-1
568,238,746.22,335.40,120.51,231.80,1.0000,-1,-1,-1
568,240,652.36,271.02,78.12,222.91,1.0000,-1,-1,-1
569,230,37.36,415.11,122.00,253.39,1.0000,-1,-1,-1
569,232,398.02,240.11,111.88,216.99,1.0000,-1,-1,-1
569,236,566.91,305.13,135.25,263.53,1.0000,-1,-1,-1
569,238,739.94,340.79,117.33,233.33,1.0000,-1,-1,-1
569,240,659.77,267.55,76.65,221.60,1.0000,-1,-1,-1
570,230,22.35,417.81,125.11,254.46,1.0000,-1,-1,-1
570,232,403.97,241.81,108.86,212.61,1.0000,-1,-1,-1
570,236,575.46,302.88,125.80,262.16,1.0000,-1,-1,-1
570,238,739.27,341.30,114.08,236.84,1.0000,-1,-1,-1
570,240,663.78,266.22,75.52,221.63,1.0000,-1,-1,-1
571,230,16.00,419.08,129.19,256.13,1.0000,-1,-1,-1
571,232,406.59,247.12,106.59,209.84,1.0000,-1,-1,-1
571,236,580.23,298.18,126.69,264.02,1.0000,-1,-1,-1
571,238,741.27,343.87,111.13,238.93,1.0000,-1,-1,-1
571,240,667.41,264.79,73.56,219.55,1.0000,-1,-1,-1
572,230,11.26,421.45,131.36,256.90,1.0000,-1,-1,-1
572,232,407.42,253.79,103.79,209.88,1.0000,-1,-1,-1
572,236,562.52,297.16,129.25,265.06,1.0000,-1,-1,-1
572,238,742.02,346.97,109.24,242.30,1.0000,-1,-1,-1
572,240,669.61,264.64,71.54,217.99,1.0000,-1,-1,-1
573,230,9.68,423.82,132.02,257.04,1.0000,-1,-1,-1
573,232,414.03,260.58,98.61,209.33,1.0000,-1,-1,-1
573,236,557.52,294.03,132.19,264.32,1.0000,-1,-1,-1
573,238,742.56,350.69,108.01,245.60,1.0000,-1,-1,-1
573,240,671.50,263.76,70.13,215.83,1.0000,-1,-1,-1
574,230,6.17,425.38,128.45,257.13,1.0000,-1,-1,-1
574,232,423.10,270.46,93.36,209.77,1.0000,-1,-1,-1
574,236,553.24,292.62,136.38,264.69,1.0000,-1,-1,-1
574,238,742.45,353.85,107.35,249.33,1.0000,-1,-1,-1
574,240,670.93,264.55,70.17,215.25,1.0000,-1,-1,-1
575,230,4.11,426.42,122.91,256.97,1.0000,-1,-1,-1
575,232,430.95,278.71,90.80,208.48,1.0000,-1,-1,-1
575,236,550.81,292.02,139.98,263.43,1.0000,-1,-1,-1
575,238,741.72,355.29,107.08,253.01,1.0000,-1,-1,-1
575,240,673.34,263.79,69.72,213.88,1.0000,-1,-1,-1
576,230,3.51,427.48,117.40,256.98,1.0000,-1,-1,-1
576,232,434.58,286.37,88.41,206.00,1.0000,-1,-1,-1
576,236,552.29,287.99,140.99,265.32,1.0000,-1,-1,-1
576,238,740.16,356.09,106.92,255.75,1.0000,-1,-1,-1
576,240,671.59,274.89,69.44,212.95,1.0000,-1,-1,-1
577,230,3.12,428.61,112.51,257.70,1.0000,-1,-1,-1
577,232,437.60,288.84,87.88,204.78,1.0000,-1,-1,-1
577,238,739.24,357.03,106.25,256.96,1.0000,-1,-1,-1
577,240,673.62,275.23,69.00,211.59,1.0000,-1,-1,-1
577,243,612.93,300.47,78.03,261.41,1.0000,-1,-1,-1
578,230,1.85,430.97,106.50,258.96,1.0000,-1,-1,-1
578,232,448.91,297.02,104.10,201.52,1.0000,-1,-1,-1
578,238,739.43,357.79,105.56,257.54,1.0000,-1,-1,-1
578,243,615.92,301.57,80.44,261.91,1.0000,-1,-1,-1
579,230,2.28,435.80,102.21,261.08,1.0000,-1,-1,-1
579,232,452.46,303.57,118.26,198.14,1.0000,-1,-1,-1
579,238,738.41,359.80,103.31,256.14,1.0000,-1,-1,-1
579,243,626.64,305.90,81.61,260.77,1.0000,-1,-1,-1
580,230,4.08,439.54,100.22,263.81,1.0000,-1,-1,-1
580,232,447.36,307.30,119.98,195.37,1.0000,-1,-1,-1
580,238,735.66,364.99,100.06,254.67,1.0000,-1,-1,-1
580,243,631.95,307.24,83.48,260.51,1.0000,-1,-1,-1
581,230,4.35,442.95,100.16,266.90,1.0000,-1,-1,-1
581,232,450.77,311.48,129.15,194.34,1.0000,-1,-1,-1
581,238,731.69,368.60,99.51,253.92,1.0000,-1,-1,-1
581,243,634.33,307.99,86.18,260.93,1.0000,-1,-1,-1
582,230,3.14,445.28,102.30,268.80,1.0000,-1,-1,-1
582,232,450.86,312.07,136.96,195.27,1.0000,-1,-1,-1
582,238,730.87,372.07,96.98,252.53,1.0000,-1,-1,-1
582,243,633.71,309.79,87.58,260.27,1.0000,-1,-1,-1
583,230,2.47,447.19,105.12,269.67,1.0000,-1,-1,-1
583,232,449.81,311.72,141.86,196.88,1.0000,-1,-1,-1
583,238,726.93,375.65,97.07,250.65,1.0000,-1,-1,-1
583,243,633.45,309.56,89.87,261.29,1.0000,-1,-1,-1
584,230,2.72,450.32,109.31,268.92,1.0000,-1,-1,-1
584,232,451.87,306.07,141.50,200.23,1.0000,-1,-1,-1
584,238,725.31,381.41,97.12,245.79,1.0000,-1,-1,-1
584,243,636.86,313.38,88.05,258.81,1.0000,-1,-1,-1
584,244,541.32,306.20,109.26,233.66,1.0000,-1,-1,-1
585,230,2.82,451.48,113.44,265.60,1.0000,-1,-1,-1
585,232,455.55,302.13,136.65,202.64,1.0000,-1,-1,-1
585,238,731.84,386.39,92.78,240.99,1.0000,-1,-1,-1
585,243,638.30,315.13,85.67,256.34,1.0000,-1,-1,-1
585,244,541.28,313.55,110.04,235.32,1.0000,-1,-1,-1
586,230,2.93,453.35,117.46,264.02,1.0000,-1,-1,-1
586,232,462.40,297.13,130.36,203.47,1.0000,-1,-1,-1
586,238,736.68,390.55,88.51,236.36,1.0000,-1,-1,-1
586,243,640.93,316.05,86.04,257.44,1.0000,-1,-1,-1
587,230,2.55,454.78,121.02,264.08,1.0000,-1,-1,-1
587,232,474.93,290.28,120.95,202.05,1.0000,-1,-1,-1
587,238,737.98,394.23,85.91,232.78,1.0000,-1,-1,-1
587,243,639.79,315.59,85.20,254.21,1.0000,-1,-1,-1
588,230,2.42,455.50,124.37,264.19,1.0000,-1,-1,-1
588,232,485.23,282.76,111.57,199.13,1.0000,-1,-1,-1
588,238,738.43,395.74,84.36,230.47,1.0000,-1,-1,-1
588,243,640.67,316.12,86.13,254.24,1.0000,-1,-1,-1
589,230,-2.87,456.34,118.87,262.83,1.0000,-1,-1,-1
589,232,497.08,273.80,102.69,193.27,1.0000,-1,-1,-1
589,238,739.94,397.39,82.43,228.47,1.0000,-1,-1,-1
589,243,639.98,315.22,88.99,256.32,1.0000,-1,-1,-1
589,245,538.54,304.39,115.41,218.42,1.0000,-1,-1,-1
590,230,2.48,456.92,122.19,261.43,1.0000,-1,-1,-1
590,232,506.48,269.45,94.41,188.06,1.0000,-1,-1,-1
590,238,744.05,398.75,79.04,226.30,1.0000,-1,-1,-1
590,243,639.44,313.89,91.16,257.94,1.0000,-1,-1,-1
590,245,538.52,305.13,117.41,216.59,1.0000,-1,-1,-1
591,230,-3.13,458.49,115.85,259.85,1.0000,-1,-1,-1
591,232,513.86,269.06,88.48,184.57,1.0000,-1,-1,-1
591,238,748.10,400.16,75.59,223.95,1.0000,-1,-1,-1
591,243,639.83,312.52,94.13,260.67,1.0000,-1,-1,-1
591,245,539.26,305.94,114.74,211.66,1.0000,-1,-1,-1
592,230,-2.04,460.57,115.30,258.48,1.0000,-1,-1,-1
592,232,518.62,267.35,87.96,183.49,1.0000,-1,-1,-1
592,238,751.35,402.12,72.96,221.66,1.0000,-1,-1,-1
592,243,639.66,312.48,96.44,261.80,1.0000,-1,-1,-1
593,230,0.88,462.02,118.78,257.64,1.0000,-1,-1,-1
593,238,752.45,404.76,72.06,219.43,1.0000,-1,-1,-1
593,243,637.58,312.24,99.05,263.04,1.0000,-1,-1,-1
594,230,-3.03,464.41,113.51,256.23,1.0000,-1,-1,-1
594,238,752.08,410.45,74.68,215.65,1.0000,-1,-1,-1
594,243,638.21,312.30,100.52,263.58,1.0000,-1,-1,-1
