3,1,633.76,278.57,88.19,144.72,1.0000,-1,-1,-1
3,2,387.39,397.33,69.47,132.43,1.0000,-1,-1,-1
3,3,858.96,109.36,79.71,127.50,1.0000,-1,-1,-1
3,4,210.44,474.79,139.51,168.55,1.0000,-1,-1,-1
3,6,311.84,201.99,111.14,159.15,1.0000,-1,-1,-1
3,7,728.84,196.29,76.01,106.64,1.0000,-1,-1,-1
4,1,636.17,267.70,94.99,153.37,1.0000,-1,-1,-1
4,2,388.79,400.56,65.94,133.59,1.0000,-1,-1,-1
4,3,864.45,107.84,83.57,129.48,1.0000,-1,-1,-1
4,4,197.92,475.62,147.18,178.90,1.0000,-1,-1,-1
4,6,315.87,199.61,120.60,159.38,1.0000,-1,-1,-1
4,7,728.13,196.65,75.52,107.37,1.0000,-1,-1,-1
4,11,214.91,353.48,91.81,145.52,1.0000,-1,-1,-1
5,1,646.25,267.11,98.51,151.14,1.0000,-1,-1,-1
5,2,393.80,398.30,71.27,138.74,1.0000,-1,-1,-1
5,3,879.05,107.26,90.46,129.77,1.0000,-1,-1,-1
5,4,182.28,487.98,111.36,163.83,1.0000,-1,-1,-1
5,6,316.40,196.18,120.33,152.43,1.0000,-1,-1,-1
5,7,732.94,193.37,89.01,115.61,1.0000,-1,-1,-1
5,11,216.08,356.13,86.17,140.04,1.0000,-1,-1,-1
6,1,651.15,267.13,97.90,144.57,1.0000,-1,-1,-1
6,2,398.20,397.91,78.76,141.25,1.0000,-1,-1,-1
6,3,892.31,109.79,92.29,126.22,1.0000,-1,-1,-1
6,4,166.31,495.24,110.50,162.56,1.0000,-1,-1,-1
6,6,318.04,195.69,119.66,148.73,1.0000,-1,-1,-1
6,7,743.11,192.78,92.18,115.42,1.0000,-1,-1,-1
6,11,217.26,361.46,79.46,136.21,1.0000,-1,-1,-1
7,1,656.18,265.62,94.63,136.99,1.0000,-1,-1,-1
7,2,399.07,398.76,88.43,144.91,1.0000,-1,-1,-1
7,3,904.76,118.09,93.92,119.00,1.0000,-1,-1,-1
7,4,179.47,480.66,91.37,140.49,1.0000,-1,-1,-1
7,6,320.20,197.39,114.02,145.12,1.0000,-1,-1,-1
7,7,747.99,186.76,96.12,118.28,1.0000,-1,-1,-1
7,10,1.38,295.40,56.54,160.77,1.0000,-1,-1,-1
7,11,222.73,366.84,72.32,134.69,1.0000,-1,-1,-1
8,1,659.66,265.59,88.07,128.78,1.0000,-1,-1,-1
8,2,401.72,402.32,97.42,152.37,1.0000,-1,-1,-1
8,3,917.61,121.58,96.10,115.11,1.0000,-1,-1,-1
8,4,169.83,483.93,86.58,133.12,1.0000,-1,-1,-1
8,6,322.35,193.27,115.26,146.69,1.0000,-1,-1,-1
8,7,751.00,188.52,97.34,117.37,1.0000,-1,-1,-1
8,10,4.16,289.75,64.59,162.68,1.0000,-1,-1,-1
8,11,226.70,369.12,65.37,131.20,1.0000,-1,-1,-1
9,1,665.27,267.44,84.30,122.08,1.0000,-1,-1,-1
9,2,401.66,406.83,104.96,158.66,1.0000,-1,-1,-1
9,3,931.42,118.42,96.13,114.72,1.0000,-1,-1,-1
9,4,164.04,476.64,96.11,138.67,1.0000,-1,-1,-1
9,6,318.90,200.07,98.38,136.82,1.0000,-1,-1,-1
9,7,753.96,189.58,97.06,115.18,1.0000,-1,-1,-1
9,10,5.36,286.71,71.88,163.54,1.0000,-1,-1,-1
9,11,224.96,366.17,72.15,139.16,1.0000,-1,-1,-1
10,1,671.21,267.56,93.52,121.17,1.0000,-1,-1,-1
10,2,401.17,413.06,106.47,163.78,1.0000,-1,-1,-1
10,3,944.16,118.48,96.47,115.12,1.0000,-1,-1,-1
10,4,164.28,468.96,115.11,161.66,1.0000,-1,-1,-1
10,6,319.77,198.21,97.47,135.56,1.0000,-1,-1,-1
10,7,748.67,186.89,92.93,113.68,1.0000,-1,-1,-1
10,10,6.85,287.77,77.74,166.44,1.0000,-1,-1,-1
10,11,239.31,361.38,80.04,142.63,1.0000,-1,-1,-1
10,12,663.53,538.52,69.29,85.73,1.0000,-1,-1,-1
11,1,673.67,265.52,103.11,120.17,1.0000,-1,-1,-1
11,2,403.74,415.79,108.99,167.65,1.0000,-1,-1,-1
11,3,959.22,114.86,97.23,116.53,1.0000,-1,-1,-1
11,4,156.50,462.84,129.88,177.59,1.0000,-1,-1,-1
11,6,327.23,198.01,97.11,127.69,1.0000,-1,-1,-1
11,7,751.89,183.21,93.80,114.68,1.0000,-1,-1,-1
11,10,14.04,288.95,71.86,160.72,1.0000,-1,-1,-1
11,11,244.22,360.47,84.20,144.07,1.0000,-1,-1,-1
11,12,669.57,540.67,71.95,84.16,1.0000,-1,-1,-1
12,1,674.41,263.53,113.25,121.41,1.0000,-1,-1,-1
12,2,406.74,426.47,94.25,157.41,1.0000,-1,-1,-1
12,3,971.52,113.46,97.31,117.43,1.0000,-1,-1,-1
12,4,147.93,467.16,139.95,182.25,1.0000,-1,-1,-1
12,6,327.63,196.29,100.88,124.92,1.0000,-1,-1,-1
12,7,756.08,176.70,98.54,119.76,1.0000,-1,-1,-1
12,10,22.24,294.12,65.41,158.61,1.0000,-1,-1,-1
12,11,243.79,360.45,83.25,143.97,1.0000,-1,-1,-1
12,12,677.26,544.13,73.18,81.18,1.0000,-1,-1,-1
13,1,674.49,260.92,118.52,117.53,1.0000,-1,-1,-1
13,2,407.23,429.67,95.94,154.33,1.0000,-1,-1,-1
13,3,983.57,115.73,93.53,115.25,1.0000,-1,-1,-1
13,4,144.31,475.26,141.77,180.61,1.0000,-1,-1,-1
13,6,331.11,195.61,104.16,123.32,1.0000,-1,-1,-1
13,7,764.27,174.40,100.18,122.63,1.0000,-1,-1,-1
13,10,30.83,296.61,60.19,156.30,1.0000,-1,-1,-1
13,11,243.69,362.16,78.67,143.07,1.0000,-1,-1,-1
13,12,684.47,544.54,73.83,81.90,1.0000,-1,-1,-1
14,1,673.52,260.17,122.90,113.37,1.0000,-1,-1,-1
14,2,410.67,429.85,101.16,153.10,1.0000,-1,-1,-1
14,3,996.31,115.58,93.62,115.35,1.0000,-1,-1,-1
14,4,147.72,479.35,133.61,178.36,1.0000,-1,-1,-1
14,6,333.39,193.50,103.31,122.32,1.0000,-1,-1,-1
14,7,773.25,172.11,101.19,123.97,1.0000,-1,-1,-1
14,10,36.36,296.63,60.78,157.63,1.0000,-1,-1,-1
14,11,249.11,362.84,78.98,144.31,1.0000,-1,-1,-1
14,12,691.68,544.95,74.46,82.60,1.0000,-1,-1,-1
15,1,674.00,259.02,118.01,109.47,1.0000,-1,-1,-1
15,2,415.39,435.19,108.99,158.78,1.0000,-1,-1,-1
15,3,1009.05,115.44,93.70,115.46,1.0000,-1,-1,-1
15,4,147.12,477.73,114.83,175.06,1.0000,-1,-1,-1
15,6,336.31,197.85,92.64,121.16,1.0000,-1,-1,-1
15,7,783.96,173.73,99.23,121.92,1.0000,-1,-1,-1
15,10,56.52,290.73,63.92,159.38,1.0000,-1,-1,-1
15,11,252.49,363.81,78.53,143.49,1.0000,-1,-1,-1
15,12,698.89,545.36,75.10,83.30,1.0000,-1,-1,-1
16,1,679.11,257.23,117.39,106.60,1.0000,-1,-1,-1
16,2,417.99,436.08,114.06,164.64,1.0000,-1,-1,-1
16,3,1032.70,129.61,79.41,104.14,1.0000,-1,-1,-1
16,4,146.20,472.63,104.92,170.23,1.0000,-1,-1,-1
16,6,338.37,196.75,91.34,119.46,1.0000,-1,-1,-1
16,7,789.58,173.38,95.39,121.84,1.0000,-1,-1,-1
16,10,62.19,289.77,64.05,159.70,1.0000,-1,-1,-1
16,11,257.83,356.58,70.39,137.14,1.0000,-1,-1,-1
16,12,706.11,545.78,75.72,84.00,1.0000,-1,-1,-1
17,1,688.32,255.99,120.82,107.07,1.0000,-1,-1,-1
17,2,416.40,442.49,100.34,164.42,1.0000,-1,-1,-1
17,3,1046.29,130.95,78.52,102.97,1.0000,-1,-1,-1
17,4,146.63,470.55,107.25,170.67,1.0000,-1,-1,-1
17,6,331.63,197.82,92.98,121.72,1.0000,-1,-1,-1
17,7,793.32,175.11,87.46,120.56,1.0000,-1,-1,-1
17,10,67.87,288.81,64.18,160.02,1.0000,-1,-1,-1
17,11,257.22,358.53,74.09,140.58,1.0000,-1,-1,-1
17,12,713.33,546.20,76.34,84.69,1.0000,-1,-1,-1
18,1,710.42,254.62,117.83,106.83,1.0000,-1,-1,-1
18,2,426.62,448.24,93.44,164.41,1.0000,-1,-1,-1
18,3,1059.89,132.29,77.62,101.79,1.0000,-1,-1,-1
18,4,150.77,468.85,111.51,174.59,1.0000,-1,-1,-1
18,6,343.68,197.58,93.02,120.17,1.0000,-1,-1,-1
18,7,797.84,178.56,84.37,119.12,1.0000,-1,-1,-1
18,10,77.74,278.56,75.71,155.66,1.0000,-1,-1,-1
18,11,260.54,358.16,74.10,140.24,1.0000,-1,-1,-1
18,12,720.55,546.62,76.96,85.37,1.0000,-1,-1,-1
19,1,723.79,254.18,114.81,106.23,1.0000,-1,-1,-1
19,2,430.94,451.51,87.46,163.16,1.0000,-1,-1,-1
19,3,1073.49,133.64,76.70,100.59,1.0000,-1,-1,-1
19,4,147.15,467.19,119.66,179.27,1.0000,-1,-1,-1
19,6,353.07,196.12,96.14,121.92,1.0000,-1,-1,-1
19,7,808.96,176.96,84.00,118.82,1.0000,-1,-1,-1
19,10,83.82,276.98,76.49,153.01,1.0000,-1,-1,-1
19,11,263.34,361.68,72.67,140.74,1.0000,-1,-1,-1
19,12,741.82,547.93,70.66,75.85,1.0000,-1,-1,-1
20,1,728.40,254.34,108.17,105.49,1.0000,-1,-1,-1
20,2,434.88,454.10,93.43,161.49,1.0000,-1,-1,-1
20,3,1087.10,135.00,75.78,99.38,1.0000,-1,-1,-1
20,4,139.48,465.01,128.68,184.24,1.0000,-1,-1,-1
20,6,359.24,191.71,101.69,119.99,1.0000,-1,-1,-1
20,7,823.13,174.14,87.66,118.75,1.0000,-1,-1,-1
20,10,97.14,274.03,69.41,151.58,1.0000,-1,-1,-1
20,11,266.40,362.45,72.08,139.60,1.0000,-1,-1,-1
20,12,750.31,548.32,70.67,75.85,1.0000,-1,-1,-1
20,14,399.91,325.83,115.00,139.81,1.0000,-1,-1,-1
21,1,730.86,253.09,97.32,102.00,1.0000,-1,-1,-1
21,2,437.79,457.75,94.03,162.52,1.0000,-1,-1,-1
21,3,1100.71,136.36,74.85,98.16,1.0000,-1,-1,-1
21,4,138.51,465.93,129.45,186.38,1.0000,-1,-1,-1
21,6,365.05,190.28,101.82,119.96,1.0000,-1,-1,-1
21,7,831.06,170.08,90.65,119.84,1.0000,-1,-1,-1
21,10,104.03,271.68,69.57,151.94,1.0000,-1,-1,-1
21,11,282.64,368.20,71.87,138.04,1.0000,-1,-1,-1
21,12,758.80,548.70,70.67,75.86,1.0000,-1,-1,-1
21,14,403.51,326.35,118.40,143.94,1.0000,-1,-1,-1
22,1,734.26,256.51,98.12,102.12,1.0000,-1,-1,-1
22,2,440.70,461.39,94.63,163.55,1.0000,-1,-1,-1
22,3,1114.33,137.73,73.90,96.92,1.0000,-1,-1,-1
22,4,123.49,470.60,114.53,184.17,1.0000,-1,-1,-1
22,6,369.85,191.00,97.37,118.43,1.0000,-1,-1,-1
22,7,837.57,168.80,91.56,120.08,1.0000,-1,-1,-1
22,10,116.50,272.28,62.40,152.96,1.0000,-1,-1,-1
22,11,285.84,369.30,73.60,138.78,1.0000,-1,-1,-1
22,12,767.29,549.08,70.67,75.86,1.0000,-1,-1,-1
22,14,392.91,339.12,79.17,118.62,1.0000,-1,-1,-1
22,15,48.40,290.85,58.26,157.42,1.0000,-1,-1,-1
23,1,741.20,257.14,102.86,104.13,1.0000,-1,-1,-1
23,2,446.73,477.77,104.15,148.41,1.0000,-1,-1,-1
23,3,1127.96,139.11,72.94,95.66,1.0000,-1,-1,-1
23,4,117.01,470.32,108.72,183.67,1.0000,-1,-1,-1
23,6,371.64,191.60,89.71,117.68,1.0000,-1,-1,-1
23,7,842.34,170.21,90.15,117.61,1.0000,-1,-1,-1
23,10,127.87,270.46,59.03,153.86,1.0000,-1,-1,-1
23,11,287.26,369.19,77.43,140.40,1.0000,-1,-1,-1
23,12,776.75,565.57,75.44,109.54,1.0000,-1,-1,-1
23,14,394.99,343.23,66.95,115.69,1.0000,-1,-1,-1
23,15,61.48,287.58,64.12,159.14,1.0000,-1,-1,-1
24,1,747.51,258.63,108.60,105.78,1.0000,-1,-1,-1
24,2,450.29,481.89,104.76,149.28,1.0000,-1,-1,-1
24,3,1141.59,140.50,71.97,94.38,1.0000,-1,-1,-1
24,4,119.63,469.33,106.60,182.28,1.0000,-1,-1,-1
24,6,371.58,192.58,83.59,117.02,1.0000,-1,-1,-1
24,7,844.64,171.88,86.54,118.14,1.0000,-1,-1,-1
24,10,138.37,268.30,57.09,156.07,1.0000,-1,-1,-1
24,11,288.80,369.42,80.64,143.04,1.0000,-1,-1,-1
24,12,781.58,551.15,73.70,93.43,1.0000,-1,-1,-1
24,14,398.70,341.25,68.40,122.44,1.0000,-1,-1,-1
24,15,75.83,285.33,64.78,155.40,1.0000,-1,-1,-1
25,1,759.30,262.72,108.70,106.13,1.0000,-1,-1,-1
25,2,453.85,486.02,105.37,150.15,1.0000,-1,-1,-1
25,3,1155.23,141.90,70.98,93.09,1.0000,-1,-1,-1
25,4,124.75,462.38,107.48,177.48,1.0000,-1,-1,-1
25,6,378.59,190.72,88.44,120.95,1.0000,-1,-1,-1
25,7,851.23,172.20,86.12,120.53,1.0000,-1,-1,-1
25,10,157.39,271.46,57.79,154.98,1.0000,-1,-1,-1
25,11,296.64,373.30,79.73,145.70,1.0000,-1,-1,-1
25,12,789.68,551.71,74.17,94.02,1.0000,-1,-1,-1
25,14,401.06,334.55,78.38,131.32,1.0000,-1,-1,-1
25,15,104.72,282.20,57.04,146.41,1.0000,-1,-1,-1
26,1,761.68,265.94,108.32,106.27,1.0000,-1,-1,-1
26,2,457.41,490.16,105.97,151.01,1.0000,-1,-1,-1
26,3,1168.88,143.30,69.99,91.78,1.0000,-1,-1,-1
26,4,132.61,462.33,111.67,178.00,1.0000,-1,-1,-1
26,6,380.74,188.29,94.15,121.61,1.0000,-1,-1,-1
26,7,859.67,171.45,87.57,123.24,1.0000,-1,-1,-1
26,10,167.52,274.36,60.33,153.23,1.0000,-1,-1,-1
26,11,303.29,378.35,73.14,145.51,1.0000,-1,-1,-1
26,12,797.79,552.28,74.64,94.62,1.0000,-1,-1,-1
26,14,400.52,337.62,76.01,127.35,1.0000,-1,-1,-1
26,15,123.05,277.72,57.21,146.84,1.0000,-1,-1,-1
27,1,767.99,265.70,108.20,106.15,1.0000,-1,-1,-1
27,2,460.97,494.29,106.58,151.87,1.0000,-1,-1,-1
27,3,1182.53,144.72,68.97,90.45,1.0000,-1,-1,-1
27,4,130.86,463.85,117.28,179.60,1.0000,-1,-1,-1
27,6,384.26,187.49,93.54,120.82,1.0000,-1,-1,-1
27,7,853.06,172.68,97.67,125.25,1.0000,-1,-1,-1
27,10,167.20,276.60,71.41,153.84,1.0000,-1,-1,-1
27,11,307.57,380.22,72.82,144.89,1.0000,-1,-1,-1
27,12,805.89,552.85,75.10,95.20,1.0000,-1,-1,-1
27,14,400.03,340.75,73.57,123.25,1.0000,-1,-1,-1
27,15,141.37,273.24,57.38,147.27,1.0000,-1,-1,-1
28,1,774.30,265.47,108.07,106.03,1.0000,-1,-1,-1
28,2,464.54,498.43,107.18,152.73,1.0000,-1,-1,-1
28,3,1196.20,146.14,67.94,89.11,1.0000,-1,-1,-1
28,4,122.73,468.23,124.92,180.77,1.0000,-1,-1,-1
28,6,373.18,188.20,106.51,122.43,1.0000,-1,-1,-1
28,7,855.72,174.43,103.90,125.18,1.0000,-1,-1,-1
28,10,168.73,279.46,81.27,157.29,1.0000,-1,-1,-1
28,11,311.85,382.09,72.51,144.26,1.0000,-1,-1,-1
28,12,814.00,553.41,75.56,95.79,1.0000,-1,-1,-1
28,14,399.58,343.95,71.04,119.01,1.0000,-1,-1,-1
28,15,159.70,268.76,57.54,147.70,1.0000,-1,-1,-1
28,17,750.49,268.36,103.90,117.63,1.0000,-1,-1,-1
29,1,780.61,265.24,107.95,105.91,1.0000,-1,-1,-1
29,2,468.11,502.57,107.77,153.58,1.0000,-1,-1,-1
29,3,1209.86,147.58,66.90,87.74,1.0000,-1,-1,-1
29,4,113.21,473.72,128.18,182.15,1.0000,-1,-1,-1
29,6,369.63,191.00,108.58,124.17,1.0000,-1,-1,-1
29,7,861.05,177.83,106.00,124.86,1.0000,-1,-1,-1
29,10,171.35,283.86,88.49,158.77,1.0000,-1,-1,-1
29,11,310.25,388.32,79.05,150.87,1.0000,-1,-1,-1
29,12,822.11,553.99,76.02,96.37,1.0000,-1,-1,-1
29,14,379.28,348.18,63.96,117.10,1.0000,-1,-1,-1
29,15,178.03,264.28,57.71,148.13,1.0000,-1,-1,-1
29,17,747.03,271.02,117.12,120.64,1.0000,-1,-1,-1
30,1,786.91,265.01,107.83,105.79,1.0000,-1,-1,-1
30,2,471.67,506.71,108.37,154.42,1.0000,-1,-1,-1
30,3,1223.54,149.03,65.84,86.35,1.0000,-1,-1,-1
30,4,106.78,479.52,126.31,183.58,1.0000,-1,-1,-1
30,6,368.61,192.66,104.07,126.31,1.0000,-1,-1,-1
30,7,867.20,179.82,103.60,126.04,1.0000,-1,-1,-1
30,10,173.34,286.79,93.18,161.35,1.0000,-1,-1,-1
30,11,306.58,391.79,86.79,154.63,1.0000,-1,-1,-1
30,12,830.22,554.56,76.48,96.95,1.0000,-1,-1,-1
30,14,376.43,352.12,61.11,111.89,1.0000,-1,-1,-1
30,15,196.36,259.80,57.88,148.56,1.0000,-1,-1,-1
30,16,-3.44,346.06,55.06,136.57,1.0000,-1,-1,-1
30,17,763.31,273.53,118.97,121.18,1.0000,-1,-1,-1
31,1,793.22,264.77,107.70,105.67,1.0000,-1,-1,-1
31,2,475.24,510.86,108.96,155.26,1.0000,-1,-1,-1
31,3,1237.23,150.48,64.76,84.93,1.0000,-1,-1,-1
31,4,91.64,485.78,116.72,184.58,1.0000,-1,-1,-1
31,6,357.36,195.68,95.07,126.68,1.0000,-1,-1,-1
31,7,870.26,184.57,94.03,125.95,1.0000,-1,-1,-1
31,10,173.87,293.33,91.60,162.98,1.0000,-1,-1,-1
31,11,297.83,396.46,97.32,159.89,1.0000,-1,-1,-1
31,12,838.33,555.13,76.93,97.52,1.0000,-1,-1,-1
31,14,373.65,356.19,58.12,106.42,1.0000,-1,-1,-1
31,15,214.69,255.32,58.04,148.98,1.0000,-1,-1,-1
31,16,-2.05,350.09,54.38,133.99,1.0000,-1,-1,-1
31,17,779.75,275.60,116.30,122.40,1.0000,-1,-1,-1
32,1,799.53,264.54,107.58,105.55,1.0000,-1,-1,-1
32,2,478.82,515.00,109.54,156.10,1.0000,-1,-1,-1
32,3,1250.92,151.95,63.66,83.49,1.0000,-1,-1,-1
32,4,84.92,487.95,108.57,185.88,1.0000,-1,-1,-1
32,6,354.50,196.15,89.55,127.44,1.0000,-1,-1,-1
32,7,877.22,183.81,89.34,127.58,1.0000,-1,-1,-1
32,10,180.67,294.03,92.21,164.06,1.0000,-1,-1,-1
32,11,289.09,400.40,101.71,162.02,1.0000,-1,-1,-1
32,12,846.44,555.71,77.38,98.09,1.0000,-1,-1,-1
32,14,370.95,360.40,54.98,100.66,1.0000,-1,-1,-1
32,15,233.02,250.84,58.21,149.41,1.0000,-1,-1,-1
32,16,-1.61,355.15,53.26,130.22,1.0000,-1,-1,-1
32,17,784.95,277.01,111.74,122.35,1.0000,-1,-1,-1
33,1,805.84,264.31,107.46,105.43,1.0000,-1,-1,-1
33,2,482.39,519.15,110.12,156.93,1.0000,-1,-1,-1
33,3,1264.63,153.44,62.55,82.03,1.0000,-1,-1,-1
33,4,77.55,486.52,107.44,189.78,1.0000,-1,-1,-1
33,6,351.72,204.66,89.45,122.00,1.0000,-1,-1,-1
33,7,881.40,179.55,90.90,130.70,1.0000,-1,-1,-1
33,10,152.99,290.28,102.18,170.67,1.0000,-1,-1,-1
33,11,283.54,403.22,99.97,163.43,1.0000,-1,-1,-1
33,12,854.55,556.28,77.83,98.66,1.0000,-1,-1,-1
33,14,368.35,364.79,51.64,94.54,1.0000,-1,-1,-1
33,15,251.35,246.36,58.37,149.83,1.0000,-1,-1,-1
33,16,-2.30,359.39,53.96,131.94,1.0000,-1,-1,-1
33,17,778.95,276.96,106.41,121.41,1.0000,-1,-1,-1
34,1,812.15,264.08,107.33,105.31,1.0000,-1,-1,-1
34,2,485.96,523.30,110.70,157.75,1.0000,-1,-1,-1
34,3,1278.34,154.93,61.41,80.54,1.0000,-1,-1,-1
34,4,68.12,484.87,110.49,193.47,1.0000,-1,-1,-1
34,6,342.59,195.26,95.15,124.78,1.0000,-1,-1,-1
34,7,884.44,175.15,92.92,133.60,1.0000,-1,-1,-1
34,10,147.90,287.27,106.27,175.69,1.0000,-1,-1,-1
34,11,281.62,405.42,92.32,163.16,1.0000,-1,-1,-1
34,12,862.67,556.86,78.27,99.22,1.0000,-1,-1,-1
34,14,365.86,369.40,48.07,88.00,1.0000,-1,-1,-1
34,15,269.68,241.88,58.54,150.25,1.0000,-1,-1,-1
34,16,-2.98,363.63,54.66,133.64,1.0000,-1,-1,-1
34,17,769.59,277.49,100.64,120.37,1.0000,-1,-1,-1
35,1,818.45,263.84,107.21,105.18,1.0000,-1,-1,-1
35,2,489.54,527.46,111.28,158.58,1.0000,-1,-1,-1
35,3,1292.07,156.44,60.26,79.02,1.0000,-1,-1,-1
35,4,51.63,484.01,118.83,195.78,1.0000,-1,-1,-1
35,6,335.13,187.01,101.80,129.08,1.0000,-1,-1,-1
35,7,884.26,171.45,98.70,132.88,1.0000,-1,-1,-1
35,10,152.49,285.47,106.14,178.21,1.0000,-1,-1,-1
35,11,281.18,410.61,83.82,162.60,1.0000,-1,-1,-1
35,12,870.78,557.44,78.72,99.79,1.0000,-1,-1,-1
35,14,363.52,374.26,44.21,80.94,1.0000,-1,-1,-1
35,15,288.01,237.40,58.70,150.67,1.0000,-1,-1,-1
35,16,-3.66,367.88,55.34,135.32,1.0000,-1,-1,-1
35,17,765.28,276.15,105.22,124.00,1.0000,-1,-1,-1
36,1,824.76,263.61,107.08,105.06,1.0000,-1,-1,-1
36,2,493.12,531.61,111.86,159.39,1.0000,-1,-1,-1
36,3,1305.81,157.97,59.08,77.48,1.0000,-1,-1,-1
36,4,23.39,486.96,130.67,198.27,1.0000,-1,-1,-1
36,6,310.51,182.30,114.05,133.81,1.0000,-1,-1,-1
36,7,882.18,167.72,104.43,134.21,1.0000,-1,-1,-1
36,10,146.98,281.67,107.20,177.73,1.0000,-1,-1,-1
36,11,273.12,389.47,95.30,182.27,1.0000,-1,-1,-1
36,12,878.90,558.03,79.16,100.34,1.0000,-1,-1,-1
36,14,361.36,379.47,39.98,73.19,1.0000,-1,-1,-1
36,15,306.34,232.93,58.86,151.09,1.0000,-1,-1,-1
36,16,-4.34,372.15,56.02,136.97,1.0000,-1,-1,-1
36,17,754.12,274.52,121.40,131.34,1.0000,-1,-1,-1
37,1,831.07,263.38,106.96,104.94,1.0000,-1,-1,-1
37,2,496.70,535.77,112.43,160.21,1.0000,-1,-1,-1
37,3,1319.56,159.51,57.87,75.90,1.0000,-1,-1,-1
37,4,7.59,488.75,133.87,200.67,1.0000,-1,-1,-1
37,6,296.55,183.16,118.65,135.24,1.0000,-1,-1,-1
37,7,886.17,166.96,104.89,134.79,1.0000,-1,-1,-1
37,10,142.28,279.93,108.93,177.50,1.0000,-1,-1,-1
37,11,259.20,405.17,99.90,177.63,1.0000,-1,-1,-1
37,12,887.02,558.61,79.59,100.90,1.0000,-1,-1,-1
37,14,359.46,385.13,35.24,64.53,1.0000,-1,-1,-1
37,15,324.67,228.45,59.03,151.51,1.0000,-1,-1,-1
37,16,-5.01,376.42,56.69,138.61,1.0000,-1,-1,-1
37,17,747.93,274.88,132.32,136.22,1.0000,-1,-1,-1
38,1,837.38,263.15,106.84,104.82,1.0000,-1,-1,-1
38,2,500.28,539.93,113.00,161.02,1.0000,-1,-1,-1
38,3,1333.32,161.07,56.64,74.29,1.0000,-1,-1,-1
38,4,-1.11,490.15,134.48,201.58,1.0000,-1,-1,-1
38,6,288.28,184.96,113.69,134.13,1.0000,-1,-1,-1
38,7,876.34,163.50,92.43,136.27,1.0000,-1,-1,-1
38,10,136.50,279.35,107.32,177.57,1.0000,-1,-1,-1
38,11,242.84,414.96,102.00,173.62,1.0000,-1,-1,-1
38,12,895.14,559.19,80.03,101.45,1.0000,-1,-1,-1
38,14,357.92,391.48,29.77,54.50,1.0000,-1,-1,-1
38,15,343.00,223.97,59.19,151.93,1.0000,-1,-1,-1
38,16,-5.68,380.70,57.35,140.22,1.0000,-1,-1,-1
38,17,741.66,275.28,138.62,140.13,1.0000,-1,-1,-1
39,1,843.69,262.92,106.71,104.70,1.0000,-1,-1,-1
39,2,503.86,544.09,113.56,161.82,1.0000,-1,-1,-1
39,3,1347.09,162.64,55.39,72.64,1.0000,-1,-1,-1
39,4,-20.84,494.02,106.27,200.28,1.0000,-1,-1,-1
39,6,279.55,181.66,106.87,135.54,1.0000,-1,-1,-1
39,7,878.12,161.64,83.56,137.72,1.0000,-1,-1,-1
39,10,130.66,278.74,103.70,178.68,1.0000,-1,-1,-1
39,11,231.06,415.60,104.63,176.36,1.0000,-1,-1,-1
39,12,903.26,559.78,80.46,102.00,1.0000,-1,-1,-1
39,14,357.02,398.99,23.02,42.15,1.0000,-1,-1,-1
39,15,361.33,219.50,59.35,152.35,1.0000,-1,-1,-1
39,16,-6.34,385.00,58.00,141.82,1.0000,-1,-1,-1
39,17,735.88,276.08,138.17,141.51,1.0000,-1,-1,-1
40,1,849.99,262.68,106.59,104.57,1.0000,-1,-1,-1
40,2,507.44,548.25,114.12,162.63,1.0000,-1,-1,-1
40,3,1360.88,164.24,54.10,70.95,1.0000,-1,-1,-1
40,4,-18.32,491.90,92.97,201.93,1.0000,-1,-1,-1
40,6,266.81,180.05,93.52,135.74,1.0000,-1,-1,-1
40,7,871.87,156.51,89.83,141.85,1.0000,-1,-1,-1
40,10,122.75,276.39,95.38,180.05,1.0000,-1,-1,-1
40,11,221.39,417.38,104.59,179.12,1.0000,-1,-1,-1
40,12,911.38,560.37,80.89,102.54,1.0000,-1,-1,-1
40,14,357.67,409.32,13.19,24.15,1.0000,-1,-1,-1
40,15,379.66,215.02,59.51,152.76,1.0000,-1,-1,-1
40,16,-7.00,389.30,58.65,143.40,1.0000,-1,-1,-1
40,17,728.59,276.24,128.14,141.85,1.0000,-1,-1,-1
41,1,856.30,262.45,106.46,104.45,1.0000,-1,-1,-1
41,2,511.03,552.42,114.68,163.42,1.0000,-1,-1,-1
41,3,1374.69,165.85,52.78,69.22,1.0000,-1,-1,-1
41,4,-28.35,493.60,92.95,201.90,1.0000,-1,-1,-1
41,6,254.86,171.99,96.54,140.59,1.0000,-1,-1,-1
41,7,882.43,146.31,95.40,145.24,1.0000,-1,-1,-1
41,10,119.45,267.39,94.44,181.29,1.0000,-1,-1,-1
41,11,217.49,421.82,100.20,180.40,1.0000,-1,-1,-1
41,12,919.50,560.96,81.32,103.09,1.0000,-1,-1,-1
41,14,353.40,410.66,13.19,24.15,1.0000,-1,-1,-1
41,15,397.99,210.55,59.68,153.18,1.0000,-1,-1,-1
41,16,-7.66,393.61,59.29,144.96,1.0000,-1,-1,-1
41,17,729.27,272.74,126.10,144.05,1.0000,-1,-1,-1
42,1,862.61,262.22,106.34,104.33,1.0000,-1,-1,-1
42,2,514.62,556.59,115.24,164.22,1.0000,-1,-1,-1
42,3,1388.51,167.49,51.43,67.45,1.0000,-1,-1,-1
42,4,-38.38,495.31,92.94,201.87,1.0000,-1,-1,-1
42,6,245.55,162.07,102.74,149.14,1.0000,-1,-1,-1
42,7,884.82,138.61,104.55,147.82,1.0000,-1,-1,-1
42,10,116.00,260.67,94.88,181.37,1.0000,-1,-1,-1
42,11,217.34,426.42,96.73,179.33,1.0000,-1,-1,-1
42,12,927.63,561.55,81.75,103.63,1.0000,-1,-1,-1
42,14,349.12,411.99,13.19,24.15,1.0000,-1,-1,-1
42,15,416.32,206.08,59.84,153.59,1.0000,-1,-1,-1
42,16,-8.31,397.93,59.92,146.51,1.0000,-1,-1,-1
42,17,732.34,270.47,129.31,149.49,1.0000,-1,-1,-1
43,1,868.92,261.99,106.21,104.20,1.0000,-1,-1,-1
43,2,518.20,560.76,115.80,165.01,1.0000,-1,-1,-1
43,3,1402.35,169.15,50.05,65.63,1.0000,-1,-1,-1
43,4,-48.41,497.01,92.92,201.83,1.0000,-1,-1,-1
43,6,238.80,160.46,102.80,149.22,1.0000,-1,-1,-1
43,7,876.28,134.64,118.62,151.10,1.0000,-1,-1,-1
43,10,111.51,256.45,93.25,182.11,1.0000,-1,-1,-1
43,11,210.39,430.86,97.83,180.26,1.0000,-1,-1,-1
43,12,935.75,562.14,82.17,104.16,1.0000,-1,-1,-1
43,14,344.85,413.32,13.19,24.15,1.0000,-1,-1,-1
43,15,434.65,201.60,60.00,154.00,1.0000,-1,-1,-1
43,16,-8.96,402.26,60.55,148.04,1.0000,-1,-1,-1
43,17,734.78,268.03,134.35,154.31,1.0000,-1,-1,-1
44,1,875.23,261.76,106.09,104.08,1.0000,-1,-1,-1
44,2,521.79,564.93,116.35,165.79,1.0000,-1,-1,-1
44,3,1416.21,170.84,48.62,63.76,1.0000,-1,-1,-1
44,4,-58.44,498.71,92.90,201.80,1.0000,-1,-1,-1
44,6,232.04,158.86,102.86,149.31,1.0000,-1,-1,-1
44,7,868.23,131.26,115.91,152.16,1.0000,-1,-1,-1
44,10,107.75,253.01,90.90,183.81,1.0000,-1,-1,-1
44,11,204.06,432.00,102.11,183.04,1.0000,-1,-1,-1
44,12,943.88,562.73,82.59,104.70,1.0000,-1,-1,-1
44,14,340.58,414.66,13.19,24.15,1.0000,-1,-1,-1
44,15,452.98,197.13,60.16,154.41,1.0000,-1,-1,-1
44,16,-9.61,406.59,61.17,149.55,1.0000,-1,-1,-1
44,17,735.79,264.91,140.09,156.86,1.0000,-1,-1,-1
44,22,152.04,380.59,85.95,165.63,1.0000,-1,-1,-1
45,1,881.54,261.52,105.96,103.96,1.0000,-1,-1,-1
45,2,525.38,569.10,116.90,166.58,1.0000,-1,-1,-1
45,3,1430.09,172.55,47.15,61.83,1.0000,-1,-1,-1
45,4,-68.47,500.41,92.89,201.77,1.0000,-1,-1,-1
45,6,225.28,157.25,102.92,149.40,1.0000,-1,-1,-1
45,7,869.43,128.72,116.53,152.98,1.0000,-1,-1,-1
45,10,103.90,249.18,89.14,185.10,1.0000,-1,-1,-1
45,11,197.62,433.27,108.70,187.01,1.0000,-1,-1,-1
45,12,952.01,563.33,83.01,105.23,1.0000,-1,-1,-1
45,14,336.31,415.99,13.19,24.15,1.0000,-1,-1,-1
45,15,471.31,192.66,60.32,154.82,1.0000,-1,-1,-1
45,16,-10.25,410.93,61.78,151.05,1.0000,-1,-1,-1
45,17,735.98,261.99,144.45,156.42,1.0000,-1,-1,-1
45,22,155.01,380.19,81.21,167.74,1.0000,-1,-1,-1
46,1,887.85,261.29,105.83,103.84,1.0000,-1,-1,-1
46,2,528.98,573.28,117.44,167.36,1.0000,-1,-1,-1
46,3,1444.00,174.30,45.63,59.84,1.0000,-1,-1,-1
46,4,-78.50,502.11,92.87,201.73,1.0000,-1,-1,-1
46,6,218.52,155.64,102.98,149.48,1.0000,-1,-1,-1
46,7,888.77,128.43,96.63,153.25,1.0000,-1,-1,-1
46,10,107.97,243.58,89.16,182.66,1.0000,-1,-1,-1
46,11,204.80,434.39,119.90,187.30,1.0000,-1,-1,-1
46,12,960.13,563.93,83.43,105.76,1.0000,-1,-1,-1
46,14,332.04,417.33,13.19,24.15,1.0000,-1,-1,-1
46,15,489.65,188.19,60.48,155.23,1.0000,-1,-1,-1
46,16,-10.89,415.28,62.39,152.54,1.0000,-1,-1,-1
46,17,727.88,264.14,131.65,153.92,1.0000,-1,-1,-1
46,22,146.98,380.22,83.16,176.68,1.0000,-1,-1,-1
47,1,894.16,261.06,105.71,103.71,1.0000,-1,-1,-1
47,2,532.57,577.45,117.99,168.13,1.0000,-1,-1,-1
47,4,-88.53,503.81,92.86,201.70,1.0000,-1,-1,-1
47,6,217.24,155.81,103.36,155.90,1.0000,-1,-1,-1
47,7,904.62,123.79,89.38,156.92,1.0000,-1,-1,-1
47,10,117.71,236.42,90.88,175.48,1.0000,-1,-1,-1
47,11,214.60,434.67,125.91,185.86,1.0000,-1,-1,-1
47,12,968.26,564.52,83.85,106.29,1.0000,-1,-1,-1
47,14,327.76,418.66,13.19,24.15,1.0000,-1,-1,-1
47,15,507.98,183.72,60.64,155.64,1.0000,-1,-1,-1
47,16,-11.53,419.64,62.99,154.01,1.0000,-1,-1,-1
47,17,729.33,265.70,122.36,151.80,1.0000,-1,-1,-1
47,22,136.66,372.51,92.82,192.02,1.0000,-1,-1,-1
48,1,900.46,260.83,105.58,103.59,1.0000,-1,-1,-1
48,2,536.16,581.63,118.53,168.90,1.0000,-1,-1,-1
48,4,-98.56,505.51,92.84,201.67,1.0000,-1,-1,-1
48,6,211.88,152.58,100.95,158.11,1.0000,-1,-1,-1
48,7,916.30,118.21,89.13,161.44,1.0000,-1,-1,-1
48,10,131.65,230.65,91.90,166.85,1.0000,-1,-1,-1
48,11,228.07,434.52,124.92,185.25,1.0000,-1,-1,-1
48,12,976.39,565.12,84.26,106.81,1.0000,-1,-1,-1
48,14,323.49,419.99,13.19,24.15,1.0000,-1,-1,-1
48,15,526.31,179.25,60.79,156.05,1.0000,-1,-1,-1
48,16,-12.16,424.00,63.58,155.46,1.0000,-1,-1,-1
48,17,733.53,266.68,117.47,149.98,1.0000,-1,-1,-1
48,22,125.26,367.37,104.32,202.87,1.0000,-1,-1,-1
49,1,906.77,260.60,105.46,103.46,1.0000,-1,-1,-1
49,2,539.76,585.81,119.07,169.67,1.0000,-1,-1,-1
49,4,-108.59,507.21,92.83,201.63,1.0000,-1,-1,-1
49,6,217.70,149.24,99.91,159.95,1.0000,-1,-1,-1
49,7,926.73,115.46,92.44,163.14,1.0000,-1,-1,-1
49,10,145.98,227.77,93.29,161.89,1.0000,-1,-1,-1
49,11,244.98,432.87,115.22,185.71,1.0000,-1,-1,-1
49,12,984.53,565.72,84.67,107.33,1.0000,-1,-1,-1
49,14,319.22,421.33,13.19,24.15,1.0000,-1,-1,-1
49,15,544.64,174.78,60.95,156.45,1.0000,-1,-1,-1
49,16,-12.79,428.37,64.17,156.90,1.0000,-1,-1,-1
49,17,752.90,273.87,107.85,154.34,1.0000,-1,-1,-1
49,22,123.83,365.60,115.01,209.08,1.0000,-1,-1,-1
49,24,310.11,285.47,68.20,128.97,1.0000,-1,-1,-1
50,1,913.08,260.37,105.33,103.34,1.0000,-1,-1,-1
50,2,543.35,589.99,119.60,170.44,1.0000,-1,-1,-1
50,4,-118.62,508.91,92.81,201.60,1.0000,-1,-1,-1
50,6,225.99,146.18,103.40,163.93,1.0000,-1,-1,-1
50,7,935.09,113.03,98.04,164.40,1.0000,-1,-1,-1
50,10,148.11,223.65,93.66,162.52,1.0000,-1,-1,-1
50,11,263.65,430.28,104.04,186.50,1.0000,-1,-1,-1
50,12,992.66,566.32,85.08,107.85,1.0000,-1,-1,-1
50,14,314.95,422.66,13.19,24.15,1.0000,-1,-1,-1
50,15,562.98,170.31,61.11,156.86,1.0000,-1,-1,-1
50,16,-4.49,473.97,43.17,185.39,1.0000,-1,-1,-1
50,17,772.97,270.65,97.26,153.41,1.0000,-1,-1,-1
50,22,120.53,364.46,117.74,214.06,1.0000,-1,-1,-1
50,24,328.80,281.78,67.77,127.68,1.0000,-1,-1,-1
51,1,919.39,260.14,105.20,103.22,1.0000,-1,-1,-1
51,2,546.95,594.18,120.14,171.20,1.0000,-1,-1,-1
51,4,-128.65,510.61,92.80,201.57,1.0000,-1,-1,-1
51,6,243.77,150.36,110.33,167.77,1.0000,-1,-1,-1
51,7,938.82,106.58,109.16,165.08,1.0000,-1,-1,-1
51,10,150.23,219.52,94.02,163.15,1.0000,-1,-1,-1
51,11,291.96,427.29,95.85,189.76,1.0000,-1,-1,-1
51,12,1000.79,566.93,85.49,108.37,1.0000,-1,-1,-1
51,14,310.68,423.99,13.19,24.15,1.0000,-1,-1,-1
51,15,581.31,165.84,61.27,157.26,1.0000,-1,-1,-1
51,16,1.66,452.78,60.47,217.63,1.0000,-1,-1,-1
51,17,783.46,273.64,102.69,160.18,1.0000,-1,-1,-1
51,22,150.07,377.97,101.59,193.81,1.0000,-1,-1,-1
51,24,349.88,275.39,85.27,141.08,1.0000,-1,-1,-1
52,1,925.70,259.91,105.08,103.09,1.0000,-1,-1,-1
52,2,550.55,598.36,120.67,171.96,1.0000,-1,-1,-1
52,4,-138.68,512.31,92.78,201.54,1.0000,-1,-1,-1
52,6,258.79,151.01,113.21,169.84,1.0000,-1,-1,-1
52,7,942.31,107.28,115.39,163.78,1.0000,-1,-1,-1
52,10,152.36,215.40,94.38,163.77,1.0000,-1,-1,-1
52,11,311.70,421.84,90.83,193.38,1.0000,-1,-1,-1
52,12,1008.93,567.53,85.89,108.88,1.0000,-1,-1,-1
52,14,306.40,425.33,13.19,24.15,1.0000,-1,-1,-1
52,15,599.64,161.37,61.42,157.66,1.0000,-1,-1,-1
52,16,5.00,405.90,75.30,253.27,1.0000,-1,-1,-1
52,17,789.07,274.47,106.49,164.49,1.0000,-1,-1,-1
52,22,156.02,382.16,98.90,183.47,1.0000,-1,-1,-1
52,24,372.99,272.79,96.55,143.53,1.0000,-1,-1,-1
53,1,932.01,259.67,104.95,102.97,1.0000,-1,-1,-1
53,2,554.15,602.55,121.20,172.71,1.0000,-1,-1,-1
53,4,-148.71,514.01,92.77,201.50,1.0000,-1,-1,-1
53,6,269.96,150.48,113.09,170.61,1.0000,-1,-1,-1
53,7,954.48,108.33,112.55,161.33,1.0000,-1,-1,-1
53,10,154.48,211.28,94.74,164.39,1.0000,-1,-1,-1
53,11,327.83,415.97,88.02,197.27,1.0000,-1,-1,-1
53,12,1017.06,568.14,86.30,109.39,1.0000,-1,-1,-1
53,14,302.13,426.66,13.19,24.15,1.0000,-1,-1,-1
53,15,617.98,156.91,61.58,158.06,1.0000,-1,-1,-1
53,16,7.95,405.61,87.84,247.82,1.0000,-1,-1,-1
53,17,799.20,274.82,102.17,166.16,1.0000,-1,-1,-1
53,22,157.39,366.62,117.33,196.86,1.0000,-1,-1,-1
53,23,216.37,212.88,97.45,170.20,1.0000,-1,-1,-1
53,24,396.09,272.22,97.56,139.82,1.0000,-1,-1,-1
54,1,938.32,259.44,104.82,102.84,1.0000,-1,-1,-1
54,4,-158.74,515.72,92.75,201.47,1.0000,-1,-1,-1
54,6,278.16,151.44,109.93,169.70,1.0000,-1,-1,-1
54,7,960.72,109.14,94.38,160.48,1.0000,-1,-1,-1
54,10,156.61,207.16,95.09,165.01,1.0000,-1,-1,-1
54,11,338.86,414.51,88.86,200.78,1.0000,-1,-1,-1
54,12,1025.20,568.74,86.70,109.90,1.0000,-1,-1,-1
54,14,297.86,428.00,13.19,24.15,1.0000,-1,-1,-1
54,15,636.31,152.44,61.74,158.46,1.0000,-1,-1,-1
54,16,9.83,416.30,100.69,232.79,1.0000,-1,-1,-1
54,17,815.03,274.75,91.38,166.34,1.0000,-1,-1,-1
54,22,157.97,362.30,121.87,198.63,1.0000,-1,-1,-1
54,23,223.27,209.87,84.45,162.48,1.0000,-1,-1,-1
54,24,414.20,272.85,93.78,136.56,1.0000,-1,-1,-1
55,1,944.63,259.21,104.70,102.72,1.0000,-1,-1,-1
55,4,-168.77,517.42,92.74,201.44,1.0000,-1,-1,-1
55,6,283.04,150.35,104.41,168.74,1.0000,-1,-1,-1
55,7,970.88,110.87,84.58,159.07,1.0000,-1,-1,-1
55,10,158.74,203.04,95.45,165.63,1.0000,-1,-1,-1
55,11,347.18,415.83,93.29,201.94,1.0000,-1,-1,-1
55,14,293.59,429.33,13.19,24.15,1.0000,-1,-1,-1
55,15,654.64,147.97,61.89,158.86,1.0000,-1,-1,-1
55,16,9.29,418.47,110.31,229.32,1.0000,-1,-1,-1
55,17,827.44,274.17,83.66,167.12,1.0000,-1,-1,-1
55,22,157.29,361.63,123.67,199.29,1.0000,-1,-1,-1
55,23,234.88,216.10,77.84,166.11,1.0000,-1,-1,-1
55,24,427.67,277.02,89.17,140.62,1.0000,-1,-1,-1
56,1,950.94,258.98,104.57,102.59,1.0000,-1,-1,-1
56,4,-178.80,519.12,92.72,201.40,1.0000,-1,-1,-1
56,6,292.83,142.57,92.46,169.59,1.0000,-1,-1,-1
56,7,983.62,102.81,85.94,162.40,1.0000,-1,-1,-1
56,10,160.87,198.92,95.80,166.24,1.0000,-1,-1,-1
56,11,356.84,418.19,95.74,198.04,1.0000,-1,-1,-1
56,14,289.32,430.66,13.19,24.15,1.0000,-1,-1,-1
56,16,11.52,414.70,115.79,227.15,1.0000,-1,-1,-1
56,17,827.81,271.99,86.71,169.25,1.0000,-1,-1,-1
56,22,171.72,361.61,116.48,198.31,1.0000,-1,-1,-1
56,23,250.07,206.67,84.47,175.44,1.0000,-1,-1,-1
56,24,453.22,275.69,86.77,145.14,1.0000,-1,-1,-1
57,4,-188.83,520.82,92.71,201.37,1.0000,-1,-1,-1
57,6,304.74,144.78,85.51,167.17,1.0000,-1,-1,-1
57,7,989.29,98.10,91.22,165.32,1.0000,-1,-1,-1
57,10,162.99,194.81,96.16,166.86,1.0000,-1,-1,-1
57,11,360.92,422.52,102.02,196.28,1.0000,-1,-1,-1
57,14,285.04,432.00,13.19,24.15,1.0000,-1,-1,-1
57,16,26.28,408.12,109.59,226.90,1.0000,-1,-1,-1
57,17,827.74,270.13,92.22,171.74,1.0000,-1,-1,-1
57,22,190.45,360.29,107.87,196.85,1.0000,-1,-1,-1
57,23,260.86,197.60,90.38,182.06,1.0000,-1,-1,-1
57,24,470.97,273.79,85.66,148.51,1.0000,-1,-1,-1
58,4,-198.86,522.52,92.69,201.34,1.0000,-1,-1,-1
58,6,311.51,144.84,85.59,165.00,1.0000,-1,-1,-1
58,7,995.38,95.73,91.50,165.83,1.0000,-1,-1,-1
58,10,165.12,190.69,96.51,167.47,1.0000,-1,-1,-1
58,11,364.16,424.44,109.76,194.28,1.0000,-1,-1,-1
58,14,280.77,433.33,13.19,24.15,1.0000,-1,-1,-1
58,16,40.33,403.41,101.77,226.69,1.0000,-1,-1,-1
58,17,830.99,269.85,95.56,173.82,1.0000,-1,-1,-1
58,22,204.91,359.08,100.87,196.92,1.0000,-1,-1,-1
58,23,266.88,188.59,97.28,188.38,1.0000,-1,-1,-1
58,24,481.65,272.15,87.97,151.51,1.0000,-1,-1,-1
59,4,-208.89,524.22,92.68,201.30,1.0000,-1,-1,-1
59,6,314.31,143.97,85.55,164.92,1.0000,-1,-1,-1
59,7,985.79,95.36,106.82,165.42,1.0000,-1,-1,-1
59,10,167.25,186.58,96.86,168.07,1.0000,-1,-1,-1
59,11,370.60,426.46,115.60,193.32,1.0000,-1,-1,-1
59,14,276.50,434.67,13.19,24.15,1.0000,-1,-1,-1
59,16,47.45,398.89,101.36,226.76,1.0000,-1,-1,-1
59,17,837.10,270.59,95.50,174.87,1.0000,-1,-1,-1
59,22,207.87,356.29,101.82,199.63,1.0000,-1,-1,-1
59,23,271.16,183.14,100.11,191.11,1.0000,-1,-1,-1
59,24,489.69,270.31,92.71,152.09,1.0000,-1,-1,-1
60,4,-218.92,525.92,92.66,201.27,1.0000,-1,-1,-1
60,6,317.10,143.11,85.51,164.85,1.0000,-1,-1,-1
60,7,991.11,93.05,107.24,166.07,1.0000,-1,-1,-1
60,10,169.38,182.46,97.21,168.68,1.0000,-1,-1,-1
60,11,383.08,428.96,119.02,190.76,1.0000,-1,-1,-1
60,16,68.06,392.90,94.72,225.83,1.0000,-1,-1,-1
60,17,848.56,271.61,92.39,175.05,1.0000,-1,-1,-1
60,22,208.16,354.28,106.23,201.31,1.0000,-1,-1,-1
60,23,277.15,183.76,97.01,188.85,1.0000,-1,-1,-1
60,24,502.04,268.56,95.27,142.56,1.0000,-1,-1,-1
61,4,-228.95,527.62,92.65,201.24,1.0000,-1,-1,-1
61,6,330.07,133.48,74.80,153.47,1.0000,-1,-1,-1
61,7,996.42,90.74,107.66,166.71,1.0000,-1,-1,-1
61,10,171.52,178.35,97.55,169.28,1.0000,-1,-1,-1
61,11,399.11,429.07,128.67,189.37,1.0000,-1,-1,-1
61,16,80.29,377.31,99.36,231.84,1.0000,-1,-1,-1
61,17,859.60,272.23,91.33,174.75,1.0000,-1,-1,-1
61,22,214.39,355.20,107.67,199.68,1.0000,-1,-1,-1
61,23,295.80,197.26,88.08,178.41,1.0000,-1,-1,-1
61,24,531.34,271.77,92.74,134.50,1.0000,-1,-1,-1
61,28,4.01,114.54,57.28,171.06,1.0000,-1,-1,-1
62,4,-238.98,529.32,92.63,201.21,1.0000,-1,-1,-1
62,6,333.35,131.58,74.60,153.05,1.0000,-1,-1,-1
62,7,998.39,96.04,95.11,164.41,1.0000,-1,-1,-1
62,10,173.65,174.24,97.90,169.89,1.0000,-1,-1,-1
62,11,417.92,427.78,128.45,187.70,1.0000,-1,-1,-1
62,16,89.22,370.02,106.78,234.57,1.0000,-1,-1,-1
62,17,860.46,272.83,94.39,174.72,1.0000,-1,-1,-1
62,22,225.06,356.35,104.36,197.91,1.0000,-1,-1,-1
62,23,308.04,195.55,84.72,179.53,1.0000,-1,-1,-1
62,24,553.46,281.09,91.11,138.06,1.0000,-1,-1,-1
62,28,5.27,112.39,69.42,179.51,1.0000,-1,-1,-1
63,4,-249.01,531.02,92.62,201.17,1.0000,-1,-1,-1
63,6,336.63,129.69,74.39,152.63,1.0000,-1,-1,-1
63,7,1005.82,93.43,84.65,162.29,1.0000,-1,-1,-1
63,10,175.78,170.13,98.25,170.48,1.0000,-1,-1,-1
63,11,435.98,425.25,121.27,186.52,1.0000,-1,-1,-1
63,16,102.78,362.28,111.43,237.76,1.0000,-1,-1,-1
63,17,861.19,273.39,98.31,175.49,1.0000,-1,-1,-1
63,22,239.80,357.01,98.32,194.88,1.0000,-1,-1,-1
63,23,320.03,175.97,86.89,191.53,1.0000,-1,-1,-1
63,24,572.32,279.60,88.62,130.00,1.0000,-1,-1,-1
63,28,5.85,112.47,81.17,183.96,1.0000,-1,-1,-1
64,4,-259.04,532.73,92.60,201.14,1.0000,-1,-1,-1
64,6,339.92,127.79,74.19,152.21,1.0000,-1,-1,-1
64,7,1009.94,95.76,80.65,161.67,1.0000,-1,-1,-1
64,10,177.91,166.02,98.59,171.08,1.0000,-1,-1,-1
64,11,448.25,423.36,113.30,186.49,1.0000,-1,-1,-1
64,16,115.17,358.43,116.12,238.10,1.0000,-1,-1,-1
64,17,864.67,275.11,100.15,175.76,1.0000,-1,-1,-1
64,22,243.49,356.88,99.11,193.93,1.0000,-1,-1,-1
64,23,330.12,185.84,83.65,184.37,1.0000,-1,-1,-1
64,24,589.43,287.44,87.32,133.67,1.0000,-1,-1,-1
64,28,7.44,113.46,90.95,185.22,1.0000,-1,-1,-1
65,4,-269.07,534.43,92.59,201.11,1.0000,-1,-1,-1
65,6,343.20,125.90,73.98,151.79,1.0000,-1,-1,-1
65,7,1008.01,94.28,77.35,156.00,1.0000,-1,-1,-1
65,10,180.05,161.91,98.93,171.68,1.0000,-1,-1,-1
65,11,458.78,420.95,106.60,187.16,1.0000,-1,-1,-1
65,16,134.13,353.28,117.23,231.06,1.0000,-1,-1,-1
65,17,871.12,277.10,99.08,176.34,1.0000,-1,-1,-1
65,22,248.44,354.51,100.95,194.51,1.0000,-1,-1,-1
65,23,334.25,165.92,85.83,194.39,1.0000,-1,-1,-1
65,24,604.71,283.46,86.27,125.82,1.0000,-1,-1,-1
65,28,17.58,121.21,95.27,180.31,1.0000,-1,-1,-1
66,4,-279.10,536.13,92.57,201.07,1.0000,-1,-1,-1
66,6,346.48,124.01,73.77,151.36,1.0000,-1,-1,-1
66,7,999.61,98.50,85.22,153.52,1.0000,-1,-1,-1
66,10,182.18,157.81,99.28,172.27,1.0000,-1,-1,-1
66,11,476.25,418.30,101.67,188.49,1.0000,-1,-1,-1
66,16,157.05,352.07,120.05,226.41,1.0000,-1,-1,-1
66,17,886.23,275.21,96.90,178.97,1.0000,-1,-1,-1
66,22,261.94,350.03,102.08,194.34,1.0000,-1,-1,-1
66,23,342.98,155.28,86.84,198.33,1.0000,-1,-1,-1
66,24,623.33,284.00,86.78,121.10,1.0000,-1,-1,-1
66,28,44.79,127.32,90.68,174.84,1.0000,-1,-1,-1
67,4,-289.13,537.83,92.56,201.04,1.0000,-1,-1,-1
67,6,349.76,122.11,73.57,150.94,1.0000,-1,-1,-1
67,7,995.79,101.10,84.33,151.45,1.0000,-1,-1,-1
67,10,184.32,153.70,99.62,172.86,1.0000,-1,-1,-1
67,11,491.36,416.61,95.67,189.94,1.0000,-1,-1,-1
67,16,168.21,349.66,121.63,222.47,1.0000,-1,-1,-1
67,17,893.95,272.71,97.46,181.67,1.0000,-1,-1,-1
67,22,276.97,343.33,101.30,194.17,1.0000,-1,-1,-1
67,23,350.45,150.23,87.33,199.44,1.0000,-1,-1,-1
67,24,638.10,289.97,86.78,126.24,1.0000,-1,-1,-1
67,28,60.36,131.63,88.90,173.37,1.0000,-1,-1,-1
68,4,-299.16,539.53,92.54,201.01,1.0000,-1,-1,-1
68,6,353.05,120.22,73.36,150.51,1.0000,-1,-1,-1
68,7,999.03,114.55,78.43,144.16,1.0000,-1,-1,-1
68,10,186.45,149.60,99.96,173.45,1.0000,-1,-1,-1
68,11,500.56,415.55,92.47,191.89,1.0000,-1,-1,-1
68,16,154.08,348.78,134.57,217.44,1.0000,-1,-1,-1
68,17,898.28,272.06,98.84,184.14,1.0000,-1,-1,-1
68,22,292.71,339.78,99.11,191.58,1.0000,-1,-1,-1
68,23,343.47,169.02,93.30,185.99,1.0000,-1,-1,-1
68,24,652.58,289.37,85.63,126.65,1.0000,-1,-1,-1
68,28,71.97,134.22,87.71,172.35,1.0000,-1,-1,-1
69,4,-309.19,541.23,92.52,200.97,1.0000,-1,-1,-1
69,6,356.33,118.33,73.15,150.09,1.0000,-1,-1,-1
69,7,1001.35,113.62,74.53,143.28,1.0000,-1,-1,-1
69,10,188.59,145.49,100.29,174.04,1.0000,-1,-1,-1
69,11,503.91,414.61,93.08,192.73,1.0000,-1,-1,-1
69,16,168.19,345.81,130.88,215.16,1.0000,-1,-1,-1
69,17,899.80,271.08,102.60,185.82,1.0000,-1,-1,-1
69,22,308.10,337.39,95.74,187.60,1.0000,-1,-1,-1
69,23,340.42,177.02,100.20,177.83,1.0000,-1,-1,-1
69,24,665.45,290.16,84.25,130.42,1.0000,-1,-1,-1
69,28,82.64,135.04,90.24,177.32,1.0000,-1,-1,-1
70,4,-319.22,542.93,92.51,200.94,1.0000,-1,-1,-1
70,6,359.61,116.44,72.94,149.66,1.0000,-1,-1,-1
70,7,999.58,109.79,77.17,144.39,1.0000,-1,-1,-1
70,10,190.72,141.39,100.63,174.62,1.0000,-1,-1,-1
70,11,506.61,414.68,95.45,193.87,1.0000,-1,-1,-1
70,16,180.62,343.70,126.79,211.75,1.0000,-1,-1,-1
70,17,903.88,270.34,108.96,186.83,1.0000,-1,-1,-1
70,22,322.26,333.80,92.91,183.72,1.0000,-1,-1,-1
70,23,345.24,174.73,106.41,175.59,1.0000,-1,-1,-1
70,24,676.84,289.42,83.35,133.38,1.0000,-1,-1,-1
70,28,93.34,135.94,92.70,182.16,1.0000,-1,-1,-1
71,6,362.90,114.55,72.73,149.23,1.0000,-1,-1,-1
71,7,1001.24,109.39,77.19,144.44,1.0000,-1,-1,-1
71,10,192.86,137.29,100.97,175.21,1.0000,-1,-1,-1
71,11,507.17,419.01,101.12,192.36,1.0000,-1,-1,-1
71,16,193.66,342.24,125.50,206.71,1.0000,-1,-1,-1
71,17,912.87,269.13,119.63,186.89,1.0000,-1,-1,-1
71,22,338.44,331.09,89.89,177.83,1.0000,-1,-1,-1
71,23,352.62,170.70,117.24,177.90,1.0000,-1,-1,-1
71,24,693.22,286.78,81.88,135.04,1.0000,-1,-1,-1
71,28,104.07,136.90,95.10,186.87,1.0000,-1,-1,-1
72,6,366.18,112.66,72.52,148.79,1.0000,-1,-1,-1
72,7,1002.90,108.98,77.22,144.48,1.0000,-1,-1,-1
72,10,195.00,133.19,101.30,175.79,1.0000,-1,-1,-1
72,11,508.74,421.81,105.48,190.67,1.0000,-1,-1,-1
72,16,203.69,340.49,127.36,203.39,1.0000,-1,-1,-1
72,17,928.53,268.10,108.58,185.77,1.0000,-1,-1,-1
72,22,351.53,329.30,91.38,172.17,1.0000,-1,-1,-1
72,23,374.69,174.77,113.36,174.67,1.0000,-1,-1,-1
72,24,704.41,285.09,80.18,136.19,1.0000,-1,-1,-1
72,28,114.83,137.91,97.44,191.47,1.0000,-1,-1,-1
73,6,369.47,110.77,72.31,148.36,1.0000,-1,-1,-1
73,7,1004.56,108.57,77.24,144.53,1.0000,-1,-1,-1
73,10,197.14,129.09,101.64,176.37,1.0000,-1,-1,-1
73,11,504.50,425.79,111.23,191.23,1.0000,-1,-1,-1
73,16,212.81,337.92,129.04,202.51,1.0000,-1,-1,-1
73,17,937.01,267.70,100.55,183.86,1.0000,-1,-1,-1
73,22,357.20,328.09,94.07,167.10,1.0000,-1,-1,-1
73,23,376.86,176.73,113.30,173.14,1.0000,-1,-1,-1
73,24,709.84,284.35,80.37,138.63,1.0000,-1,-1,-1
73,28,125.62,138.98,99.72,195.96,1.0000,-1,-1,-1
74,6,372.75,108.88,72.10,147.93,1.0000,-1,-1,-1
74,7,1006.22,108.16,77.26,144.57,1.0000,-1,-1,-1
74,10,199.28,124.99,101.97,176.94,1.0000,-1,-1,-1
74,11,508.74,425.68,112.83,190.75,1.0000,-1,-1,-1
74,16,222.18,335.00,130.47,203.35,1.0000,-1,-1,-1
74,17,930.75,267.05,99.47,180.57,1.0000,-1,-1,-1
74,22,359.23,327.88,98.15,163.70,1.0000,-1,-1,-1
74,23,380.61,178.26,107.37,172.56,1.0000,-1,-1,-1
74,24,711.85,283.12,82.58,140.91,1.0000,-1,-1,-1
74,28,136.44,140.10,101.95,200.34,1.0000,-1,-1,-1
75,6,376.04,107.00,71.89,147.49,1.0000,-1,-1,-1
75,7,1007.88,107.75,77.29,144.62,1.0000,-1,-1,-1
75,10,201.42,120.89,102.30,177.52,1.0000,-1,-1,-1
75,11,515.67,425.44,113.54,190.80,1.0000,-1,-1,-1
75,16,226.20,332.82,128.68,204.71,1.0000,-1,-1,-1
75,17,931.58,262.73,95.58,178.28,1.0000,-1,-1,-1
75,22,359.93,327.85,102.33,161.89,1.0000,-1,-1,-1
75,23,387.26,176.37,107.90,173.41,1.0000,-1,-1,-1
75,24,713.79,281.87,84.94,143.29,1.0000,-1,-1,-1
75,28,147.28,141.27,104.14,204.64,1.0000,-1,-1,-1
76,6,379.32,105.11,71.68,147.06,1.0000,-1,-1,-1
76,7,1009.54,107.35,77.31,144.66,1.0000,-1,-1,-1
76,10,203.56,116.79,102.63,178.09,1.0000,-1,-1,-1
76,11,529.59,422.00,113.12,189.06,1.0000,-1,-1,-1
76,16,238.87,339.74,125.90,200.26,1.0000,-1,-1,-1
76,17,941.11,262.03,89.93,173.37,1.0000,-1,-1,-1
76,22,369.04,326.44,103.63,161.66,1.0000,-1,-1,-1
76,23,358.68,176.29,113.81,173.21,1.0000,-1,-1,-1
76,24,722.14,277.68,83.67,145.54,1.0000,-1,-1,-1
76,28,158.14,142.48,106.28,208.84,1.0000,-1,-1,-1
77,6,382.61,103.22,71.46,146.62,1.0000,-1,-1,-1
77,7,1011.20,106.94,77.34,144.71,1.0000,-1,-1,-1
77,10,205.70,112.70,102.96,178.67,1.0000,-1,-1,-1
77,11,537.88,418.10,108.36,186.93,1.0000,-1,-1,-1
77,16,252.21,342.74,123.29,196.28,1.0000,-1,-1,-1
77,17,949.50,261.26,84.53,169.11,1.0000,-1,-1,-1
77,22,377.05,327.61,103.59,160.03,1.0000,-1,-1,-1
77,23,362.43,174.47,114.43,174.15,1.0000,-1,-1,-1
77,24,729.46,273.84,81.78,148.24,1.0000,-1,-1,-1
77,28,169.03,143.73,108.38,212.97,1.0000,-1,-1,-1
77,29,446.32,548.71,93.61,171.58,1.0000,-1,-1,-1
78,6,385.90,101.34,71.25,146.18,1.0000,-1,-1,-1
78,7,1012.86,106.53,77.36,144.75,1.0000,-1,-1,-1
78,10,207.84,108.60,103.29,179.24,1.0000,-1,-1,-1
78,11,545.11,414.54,99.31,185.50,1.0000,-1,-1,-1
78,16,263.90,333.90,121.42,198.59,1.0000,-1,-1,-1
78,17,954.80,260.59,81.17,166.58,1.0000,-1,-1,-1
78,22,385.73,327.37,104.53,159.70,1.0000,-1,-1,-1
78,23,366.18,172.65,115.04,175.08,1.0000,-1,-1,-1
78,24,736.44,269.75,78.88,149.77,1.0000,-1,-1,-1
78,28,179.93,145.02,110.44,217.01,1.0000,-1,-1,-1
78,29,446.00,544.87,95.17,174.99,1.0000,-1,-1,-1
79,6,389.18,99.45,71.03,145.74,1.0000,-1,-1,-1
79,7,1014.52,106.12,77.38,144.80,1.0000,-1,-1,-1
79,10,209.98,104.51,103.62,179.80,1.0000,-1,-1,-1
79,11,551.93,411.30,90.34,184.95,1.0000,-1,-1,-1
79,16,273.64,337.24,120.44,196.38,1.0000,-1,-1,-1
79,17,954.51,260.03,82.06,165.07,1.0000,-1,-1,-1
79,22,392.08,326.25,104.80,157.96,1.0000,-1,-1,-1
79,23,369.92,170.84,115.65,176.01,1.0000,-1,-1,-1
79,24,743.21,265.76,76.20,149.38,1.0000,-1,-1,-1
79,28,190.85,146.35,112.46,220.98,1.0000,-1,-1,-1
79,29,446.32,543.05,99.75,178.41,1.0000,-1,-1,-1
80,6,392.47,97.57,70.82,145.30,1.0000,-1,-1,-1
80,7,1016.18,105.72,77.41,144.84,1.0000,-1,-1,-1
80,11,557.73,407.53,83.02,184.00,1.0000,-1,-1,-1
80,16,282.30,337.27,115.24,194.88,1.0000,-1,-1,-1
80,17,957.00,259.12,82.41,162.22,1.0000,-1,-1,-1
80,22,398.43,325.74,102.88,155.90,1.0000,-1,-1,-1
80,23,373.68,169.02,116.26,176.94,1.0000,-1,-1,-1
80,24,750.18,261.60,73.75,147.43,1.0000,-1,-1,-1
80,28,201.79,147.71,114.44,224.88,1.0000,-1,-1,-1
80,29,447.33,539.77,102.40,181.46,1.0000,-1,-1,-1
81,6,395.76,95.68,70.60,144.86,1.0000,-1,-1,-1
81,7,1017.84,105.31,77.43,144.89,1.0000,-1,-1,-1
81,11,561.68,405.33,77.32,183.71,1.0000,-1,-1,-1
81,16,294.22,332.10,106.41,195.19,1.0000,-1,-1,-1
81,17,960.55,257.84,82.84,160.45,1.0000,-1,-1,-1
81,22,400.37,324.93,99.86,153.88,1.0000,-1,-1,-1
81,23,365.97,181.39,112.42,170.87,1.0000,-1,-1,-1
81,24,756.10,256.97,73.76,144.90,1.0000,-1,-1,-1
81,28,212.75,149.11,116.39,228.72,1.0000,-1,-1,-1
81,29,456.36,537.71,101.34,182.51,1.0000,-1,-1,-1
82,6,399.05,93.80,70.39,144.41,1.0000,-1,-1,-1
82,7,1019.50,104.90,77.46,144.93,1.0000,-1,-1,-1
82,11,562.81,405.07,74.15,184.03,1.0000,-1,-1,-1
82,16,305.31,327.65,100.43,196.02,1.0000,-1,-1,-1
82,17,964.15,257.30,82.15,159.76,1.0000,-1,-1,-1
82,22,404.56,325.01,96.85,153.05,1.0000,-1,-1,-1
82,23,368.60,181.55,108.67,164.51,1.0000,-1,-1,-1
82,24,759.88,255.57,74.50,142.47,1.0000,-1,-1,-1
82,28,223.72,150.53,118.31,232.49,1.0000,-1,-1,-1
82,29,459.54,534.84,102.96,185.43,1.0000,-1,-1,-1
83,6,402.33,91.92,70.17,143.96,1.0000,-1,-1,-1
83,7,1021.16,104.49,77.48,144.98,1.0000,-1,-1,-1
83,11,564.09,405.15,72.10,183.97,1.0000,-1,-1,-1
83,16,313.84,325.14,96.06,195.88,1.0000,-1,-1,-1
83,17,968.03,257.71,80.78,158.29,1.0000,-1,-1,-1
83,22,411.75,323.35,96.53,152.55,1.0000,-1,-1,-1
83,23,371.25,180.54,109.03,165.06,1.0000,-1,-1,-1
83,24,762.86,255.90,74.12,139.68,1.0000,-1,-1,-1
83,28,234.71,151.99,120.20,236.20,1.0000,-1,-1,-1
83,29,462.74,532.00,104.55,188.30,1.0000,-1,-1,-1
84,6,405.62,90.04,69.95,143.52,1.0000,-1,-1,-1
84,7,1022.82,104.08,77.50,145.02,1.0000,-1,-1,-1
84,11,564.69,405.35,70.19,183.18,1.0000,-1,-1,-1
84,16,321.70,324.27,91.07,195.25,1.0000,-1,-1,-1
84,17,971.40,257.71,79.65,157.43,1.0000,-1,-1,-1
84,22,418.93,321.70,96.21,152.04,1.0000,-1,-1,-1
84,23,373.89,179.52,109.39,165.60,1.0000,-1,-1,-1
84,24,762.89,255.34,75.25,137.04,1.0000,-1,-1,-1
84,28,245.71,153.48,122.06,239.85,1.0000,-1,-1,-1
84,29,473.26,533.57,96.09,184.33,1.0000,-1,-1,-1
85,6,408.91,88.16,69.73,143.07,1.0000,-1,-1,-1
85,7,1024.48,103.68,77.53,145.07,1.0000,-1,-1,-1
85,11,567.89,405.56,66.66,182.25,1.0000,-1,-1,-1
85,16,327.48,325.74,87.98,195.02,1.0000,-1,-1,-1
85,17,975.33,257.76,78.56,157.05,1.0000,-1,-1,-1
85,22,426.12,320.04,95.89,151.53,1.0000,-1,-1,-1
85,23,376.53,178.51,109.75,166.14,1.0000,-1,-1,-1
85,24,765.77,255.91,74.93,137.33,1.0000,-1,-1,-1
85,28,256.73,154.99,123.89,243.45,1.0000,-1,-1,-1
85,29,480.54,531.36,91.11,185.38,1.0000,-1,-1,-1
86,6,412.20,86.28,69.51,142.62,1.0000,-1,-1,-1
86,7,1026.14,103.27,77.55,145.11,1.0000,-1,-1,-1
86,11,572.58,405.29,62.72,182.02,1.0000,-1,-1,-1
86,16,335.92,328.82,84.84,194.12,1.0000,-1,-1,-1
86,17,981.24,257.22,77.74,156.68,1.0000,-1,-1,-1
86,22,415.92,331.98,82.80,148.94,1.0000,-1,-1,-1
86,23,362.38,189.09,110.88,153.70,1.0000,-1,-1,-1
86,24,769.16,253.46,72.03,139.58,1.0000,-1,-1,-1
86,28,267.76,156.53,125.69,246.99,1.0000,-1,-1,-1
86,29,490.27,527.24,86.35,186.70,1.0000,-1,-1,-1
87,6,415.49,84.40,69.29,142.17,1.0000,-1,-1,-1
87,7,1027.80,102.86,77.58,145.16,1.0000,-1,-1,-1
87,11,576.18,403.57,59.82,181.96,1.0000,-1,-1,-1
87,16,341.71,330.28,80.11,193.36,1.0000,-1,-1,-1
87,17,984.74,257.41,77.77,156.62,1.0000,-1,-1,-1
87,22,421.54,331.73,76.49,148.26,1.0000,-1,-1,-1
87,23,363.76,188.57,111.15,154.07,1.0000,-1,-1,-1
87,24,771.83,247.47,69.33,141.28,1.0000,-1,-1,-1
87,28,278.80,158.10,127.47,250.49,1.0000,-1,-1,-1
87,29,495.81,525.88,82.87,186.94,1.0000,-1,-1,-1
88,6,418.78,82.52,69.07,141.72,1.0000,-1,-1,-1
88,7,1029.46,102.45,77.60,145.20,1.0000,-1,-1,-1
88,11,572.31,401.41,61.42,182.67,1.0000,-1,-1,-1
88,16,347.54,330.50,78.13,192.73,1.0000,-1,-1,-1
88,17,985.78,257.51,78.06,156.78,1.0000,-1,-1,-1
88,22,426.73,331.41,75.91,147.13,1.0000,-1,-1,-1
88,23,365.14,188.05,111.42,154.44,1.0000,-1,-1,-1
88,24,775.18,245.02,66.06,143.16,1.0000,-1,-1,-1
88,28,289.86,159.69,129.23,253.94,1.0000,-1,-1,-1
88,29,501.40,525.29,79.10,186.53,1.0000,-1,-1,-1
89,6,422.07,80.64,68.85,141.26,1.0000,-1,-1,-1
89,7,1031.12,102.05,77.62,145.25,1.0000,-1,-1,-1
89,11,572.30,398.78,61.29,182.55,1.0000,-1,-1,-1
89,16,354.33,329.43,74.29,191.90,1.0000,-1,-1,-1
89,17,985.24,257.56,79.25,156.53,1.0000,-1,-1,-1
89,22,431.93,331.10,75.32,146.00,1.0000,-1,-1,-1
89,23,366.52,187.53,111.68,154.80,1.0000,-1,-1,-1
89,24,779.16,241.28,63.42,144.31,1.0000,-1,-1,-1
89,28,300.93,161.30,130.96,257.34,1.0000,-1,-1,-1
89,29,506.27,523.74,76.57,185.63,1.0000,-1,-1,-1
90,6,425.36,78.76,68.63,140.81,1.0000,-1,-1,-1
90,7,1032.78,101.64,77.65,145.29,1.0000,-1,-1,-1
90,11,571.86,395.33,61.86,180.92,1.0000,-1,-1,-1
90,16,361.32,328.29,73.48,190.84,1.0000,-1,-1,-1
90,17,984.64,258.58,80.48,155.98,1.0000,-1,-1,-1
90,22,436.31,318.54,74.79,154.10,1.0000,-1,-1,-1
90,23,367.90,187.01,111.94,155.17,1.0000,-1,-1,-1
90,24,783.05,235.07,61.17,143.26,1.0000,-1,-1,-1
90,28,312.01,162.94,132.67,260.69,1.0000,-1,-1,-1
90,29,511.00,522.55,74.05,184.59,1.0000,-1,-1,-1
91,6,428.65,76.89,68.41,140.35,1.0000,-1,-1,-1
91,7,1034.44,101.23,77.67,145.34,1.0000,-1,-1,-1
91,11,570.91,388.85,62.42,179.19,1.0000,-1,-1,-1
91,16,368.21,326.11,71.33,189.50,1.0000,-1,-1,-1
91,17,987.60,261.01,80.67,155.63,1.0000,-1,-1,-1
91,22,441.40,317.55,74.28,153.06,1.0000,-1,-1,-1
91,23,369.28,186.49,112.21,155.53,1.0000,-1,-1,-1
91,24,785.08,228.94,63.01,139.62,1.0000,-1,-1,-1
91,28,323.09,164.59,134.35,264.01,1.0000,-1,-1,-1
91,29,517.42,520.70,72.51,185.08,1.0000,-1,-1,-1
92,7,1036.10,100.82,77.70,145.38,1.0000,-1,-1,-1
92,11,572.34,383.85,61.82,176.64,1.0000,-1,-1,-1
92,16,371.54,324.40,69.98,188.29,1.0000,-1,-1,-1
92,17,989.83,262.74,79.56,155.02,1.0000,-1,-1,-1
92,22,446.49,316.56,73.77,152.01,1.0000,-1,-1,-1
92,23,370.67,185.98,112.47,155.90,1.0000,-1,-1,-1
92,24,785.00,226.04,65.24,134.91,1.0000,-1,-1,-1
92,28,334.19,166.27,136.02,267.28,1.0000,-1,-1,-1
92,29,520.85,519.32,71.28,185.57,1.0000,-1,-1,-1
93,7,1037.76,100.42,77.72,145.43,1.0000,-1,-1,-1
93,11,573.10,380.20,61.21,174.52,1.0000,-1,-1,-1
93,16,373.26,324.26,68.27,187.33,1.0000,-1,-1,-1
93,17,991.46,263.99,78.47,154.51,1.0000,-1,-1,-1
93,22,451.58,315.57,73.26,150.95,1.0000,-1,-1,-1
93,23,372.05,185.46,112.73,156.26,1.0000,-1,-1,-1
93,24,784.97,224.71,68.13,128.05,1.0000,-1,-1,-1
93,28,345.30,167.97,137.66,270.52,1.0000,-1,-1,-1
93,29,524.07,516.68,70.17,185.22,1.0000,-1,-1,-1
94,7,1039.42,100.01,77.74,145.47,1.0000,-1,-1,-1
94,11,573.21,376.41,61.01,172.46,1.0000,-1,-1,-1
94,16,374.70,324.69,68.17,186.18,1.0000,-1,-1,-1
94,17,992.48,265.07,77.69,153.77,1.0000,-1,-1,-1
94,22,456.67,314.59,72.74,149.88,1.0000,-1,-1,-1
94,23,373.43,184.94,112.99,156.62,1.0000,-1,-1,-1
94,24,787.12,223.51,72.51,123.27,1.0000,-1,-1,-1
94,28,356.42,169.68,139.29,273.71,1.0000,-1,-1,-1
94,29,527.36,515.29,69.35,185.23,1.0000,-1,-1,-1
95,7,1041.08,99.60,77.77,145.51,1.0000,-1,-1,-1
95,11,570.07,374.46,62.91,171.11,1.0000,-1,-1,-1
95,16,376.28,326.12,69.91,184.43,1.0000,-1,-1,-1
95,17,993.20,266.02,77.14,152.80,1.0000,-1,-1,-1
95,22,461.77,313.62,72.22,148.81,1.0000,-1,-1,-1
95,23,374.81,184.42,113.25,156.99,1.0000,-1,-1,-1
95,24,789.47,224.04,79.05,117.66,1.0000,-1,-1,-1
95,28,367.55,171.42,140.90,276.87,1.0000,-1,-1,-1
95,29,529.21,514.25,68.77,185.06,1.0000,-1,-1,-1
96,7,1042.74,99.19,77.79,145.56,1.0000,-1,-1,-1
96,11,566.22,373.14,65.49,169.32,1.0000,-1,-1,-1
96,16,375.81,330.43,72.03,182.58,1.0000,-1,-1,-1
96,17,993.34,267.02,76.53,151.82,1.0000,-1,-1,-1
96,22,466.87,312.65,71.69,147.73,1.0000,-1,-1,-1
96,23,376.20,183.91,113.51,157.35,1.0000,-1,-1,-1
96,24,789.24,223.48,82.73,114.74,1.0000,-1,-1,-1
96,28,378.69,173.17,142.49,279.99,1.0000,-1,-1,-1
96,29,533.25,513.37,68.26,183.69,1.0000,-1,-1,-1
97,7,1044.40,98.78,77.81,145.60,1.0000,-1,-1,-1
97,11,566.36,371.99,66.21,168.28,1.0000,-1,-1,-1
97,16,376.59,333.22,73.04,181.17,1.0000,-1,-1,-1
97,17,992.96,267.64,75.64,151.07,1.0000,-1,-1,-1
97,22,471.96,311.68,71.17,146.64,1.0000,-1,-1,-1
97,23,377.58,183.39,113.77,157.71,1.0000,-1,-1,-1
97,24,788.54,224.83,85.00,112.55,1.0000,-1,-1,-1
97,28,389.84,174.94,144.06,283.08,1.0000,-1,-1,-1
97,29,537.29,512.50,67.75,182.32,1.0000,-1,-1,-1
98,7,1046.06,98.38,77.84,145.65,1.0000,-1,-1,-1
98,11,567.12,371.27,68.15,165.71,1.0000,-1,-1,-1
98,16,377.74,335.08,73.23,179.66,1.0000,-1,-1,-1
98,17,992.48,268.73,74.80,150.61,1.0000,-1,-1,-1
98,22,477.07,310.71,70.63,145.54,1.0000,-1,-1,-1
98,23,378.96,182.87,114.03,158.06,1.0000,-1,-1,-1
98,24,787.77,226.83,86.56,110.93,1.0000,-1,-1,-1
98,28,400.99,176.72,145.61,286.14,1.0000,-1,-1,-1
98,29,534.72,511.96,67.81,183.07,1.0000,-1,-1,-1
98,30,879.49,125.03,52.63,156.81,1.0000,-1,-1,-1
99,7,1047.72,97.97,77.86,145.69,1.0000,-1,-1,-1
99,11,568.31,368.79,68.05,165.48,1.0000,-1,-1,-1
99,16,379.28,335.38,73.14,178.66,1.0000,-1,-1,-1
99,17,991.74,269.34,73.90,150.04,1.0000,-1,-1,-1
99,22,482.17,309.75,70.10,144.44,1.0000,-1,-1,-1
99,23,380.35,182.36,114.29,158.42,1.0000,-1,-1,-1
99,24,786.69,230.32,87.03,108.82,1.0000,-1,-1,-1
99,29,535.28,511.93,67.64,182.75,1.0000,-1,-1,-1
99,30,876.32,125.15,51.81,154.38,1.0000,-1,-1,-1
100,7,1049.38,97.56,77.89,145.74,1.0000,-1,-1,-1
100,11,569.50,366.31,67.96,165.25,1.0000,-1,-1,-1
100,16,380.57,334.69,73.27,177.64,1.0000,-1,-1,-1
100,17,989.79,270.50,73.53,149.34,1.0000,-1,-1,-1
100,22,483.28,283.62,71.70,138.59,1.0000,-1,-1,-1
100,23,381.73,181.84,114.55,158.78,1.0000,-1,-1,-1
100,24,786.47,228.67,87.37,109.55,1.0000,-1,-1,-1
100,29,538.51,511.23,67.18,181.50,1.0000,-1,-1,-1
100,30,873.15,125.28,50.99,151.92,1.0000,-1,-1,-1
101,11,570.68,363.83,67.86,165.02,1.0000,-1,-1,-1
101,16,379.49,335.07,72.24,174.89,1.0000,-1,-1,-1
101,17,987.76,274.56,73.01,147.83,1.0000,-1,-1,-1
101,22,486.56,284.34,76.25,128.53,1.0000,-1,-1,-1
101,23,383.11,181.33,114.81,159.14,1.0000,-1,-1,-1
101,24,789.57,226.92,87.11,109.22,1.0000,-1,-1,-1
101,29,541.74,510.53,66.71,180.23,1.0000,-1,-1,-1
101,30,869.99,125.43,50.15,149.41,1.0000,-1,-1,-1
102,11,571.87,361.35,67.77,164.79,1.0000,-1,-1,-1
102,16,376.79,335.53,70.46,172.58,1.0000,-1,-1,-1
102,17,986.51,277.37,72.29,146.55,1.0000,-1,-1,-1
102,22,491.58,281.54,75.64,127.51,1.0000,-1,-1,-1
102,23,384.50,180.82,115.06,159.49,1.0000,-1,-1,-1
102,24,792.66,225.17,86.85,108.90,1.0000,-1,-1,-1
102,29,544.96,509.84,66.24,178.96,1.0000,-1,-1,-1
102,30,866.84,125.61,49.29,146.86,1.0000,-1,-1,-1
103,11,573.05,358.87,67.67,164.56,1.0000,-1,-1,-1
103,16,372.83,337.21,69.53,170.20,1.0000,-1,-1,-1
103,17,985.35,280.71,71.80,145.84,1.0000,-1,-1,-1
103,22,496.26,291.46,79.82,118.17,1.0000,-1,-1,-1
103,23,385.88,180.30,115.32,159.85,1.0000,-1,-1,-1
103,24,795.75,223.42,86.58,108.57,1.0000,-1,-1,-1
103,29,548.20,509.15,65.77,177.68,1.0000,-1,-1,-1
103,30,863.69,125.81,48.42,144.27,1.0000,-1,-1,-1
104,11,574.24,356.39,67.58,164.33,1.0000,-1,-1,-1
104,16,368.66,340.34,70.28,168.11,1.0000,-1,-1,-1
104,17,983.97,284.96,71.85,144.50,1.0000,-1,-1,-1
104,22,501.50,289.38,79.15,117.18,1.0000,-1,-1,-1
104,23,387.27,179.79,115.57,160.20,1.0000,-1,-1,-1
104,24,798.84,221.68,86.32,108.24,1.0000,-1,-1,-1
104,29,546.03,517.26,65.13,178.71,1.0000,-1,-1,-1
104,30,860.55,126.03,47.53,141.63,1.0000,-1,-1,-1
104,34,1185.37,206.02,86.36,142.85,1.0000,-1,-1,-1
105,11,568.74,386.93,56.26,146.56,1.0000,-1,-1,-1
105,16,367.14,346.90,71.00,165.74,1.0000,-1,-1,-1
105,17,984.76,289.15,71.58,143.52,1.0000,-1,-1,-1
105,22,506.73,287.31,78.48,116.18,1.0000,-1,-1,-1
105,23,388.65,179.28,115.83,160.56,1.0000,-1,-1,-1
105,24,802.43,218.89,74.79,113.43,1.0000,-1,-1,-1
105,29,547.90,520.49,65.02,177.87,1.0000,-1,-1,-1
105,30,857.42,126.27,46.63,138.93,1.0000,-1,-1,-1
105,34,1178.47,207.76,95.43,146.37,1.0000,-1,-1,-1
106,11,569.13,386.34,56.03,145.97,1.0000,-1,-1,-1
106,16,368.49,356.83,70.89,163.20,1.0000,-1,-1,-1
106,17,987.00,295.38,72.03,142.73,1.0000,-1,-1,-1
106,22,511.97,285.24,77.80,115.18,1.0000,-1,-1,-1
106,23,390.04,178.76,116.08,160.91,1.0000,-1,-1,-1
106,24,805.16,217.35,74.46,112.94,1.0000,-1,-1,-1
106,29,552.93,524.51,64.98,178.27,1.0000,-1,-1,-1
106,30,854.30,126.55,45.71,136.19,1.0000,-1,-1,-1
106,34,1171.69,208.00,99.66,152.86,1.0000,-1,-1,-1
107,11,569.52,385.76,55.80,145.37,1.0000,-1,-1,-1
107,16,371.53,363.36,69.94,161.89,1.0000,-1,-1,-1
107,17,990.25,301.46,72.87,142.39,1.0000,-1,-1,-1
107,22,517.22,283.17,77.12,114.17,1.0000,-1,-1,-1
107,23,391.43,178.25,116.34,161.26,1.0000,-1,-1,-1
107,24,807.89,215.82,74.14,112.45,1.0000,-1,-1,-1
107,29,556.94,528.52,65.17,179.17,1.0000,-1,-1,-1
107,30,851.19,126.85,44.77,133.39,1.0000,-1,-1,-1
107,34,1149.55,226.25,91.66,142.91,1.0000,-1,-1,-1
108,11,569.90,385.17,55.57,144.77,1.0000,-1,-1,-1
108,16,376.15,369.71,68.83,160.58,1.0000,-1,-1,-1
108,17,994.14,307.39,74.49,142.40,1.0000,-1,-1,-1
108,22,522.46,281.11,76.43,113.14,1.0000,-1,-1,-1
108,23,392.81,177.74,116.59,161.61,1.0000,-1,-1,-1
108,24,810.62,214.28,73.82,111.96,1.0000,-1,-1,-1
108,29,561.56,534.73,64.23,179.23,1.0000,-1,-1,-1
108,30,848.09,127.18,43.81,130.52,1.0000,-1,-1,-1
108,34,1147.37,232.29,87.93,140.47,1.0000,-1,-1,-1
109,11,570.29,384.59,55.34,144.16,1.0000,-1,-1,-1
109,16,382.79,375.00,68.01,159.92,1.0000,-1,-1,-1
109,17,1000.67,312.79,75.79,141.87,1.0000,-1,-1,-1
109,22,527.71,279.05,75.73,112.11,1.0000,-1,-1,-1
109,23,394.20,177.23,116.84,161.96,1.0000,-1,-1,-1
109,24,813.35,212.75,73.49,111.46,1.0000,-1,-1,-1
109,29,564.74,536.34,63.82,178.09,1.0000,-1,-1,-1
109,30,845.00,127.55,42.82,127.60,1.0000,-1,-1,-1
109,34,1142.78,242.12,88.31,137.93,1.0000,-1,-1,-1
110,11,570.68,384.01,55.11,143.56,1.0000,-1,-1,-1
110,16,390.20,380.13,72.36,159.93,1.0000,-1,-1,-1
110,17,1009.68,318.26,75.41,142.01,1.0000,-1,-1,-1
110,22,496.02,285.60,89.91,122.03,1.0000,-1,-1,-1
110,23,395.59,176.72,117.10,162.31,1.0000,-1,-1,-1
110,24,816.08,211.22,73.17,110.97,1.0000,-1,-1,-1
110,29,567.92,537.95,63.41,176.94,1.0000,-1,-1,-1
110,30,841.92,127.94,41.82,124.60,1.0000,-1,-1,-1
110,34,1134.43,248.16,88.69,138.52,1.0000,-1,-1,-1
111,11,577.38,430.47,70.00,148.88,1.0000,-1,-1,-1
111,16,404.67,386.51,81.88,160.00,1.0000,-1,-1,-1
111,17,1031.76,329.26,71.63,142.01,1.0000,-1,-1,-1
111,22,499.06,284.33,89.45,121.40,1.0000,-1,-1,-1
111,23,396.97,176.21,117.35,162.66,1.0000,-1,-1,-1
111,24,818.81,209.69,72.84,110.47,1.0000,-1,-1,-1
111,29,571.10,539.56,63.00,175.78,1.0000,-1,-1,-1
111,30,838.85,128.38,40.79,121.53,1.0000,-1,-1,-1
111,34,1126.07,254.20,89.07,139.11,1.0000,-1,-1,-1
112,11,578.71,433.32,69.88,148.62,1.0000,-1,-1,-1
112,16,411.41,391.84,88.16,159.96,1.0000,-1,-1,-1
112,17,1048.68,336.42,68.19,143.63,1.0000,-1,-1,-1
112,22,502.10,283.07,88.98,120.77,1.0000,-1,-1,-1
112,23,398.36,175.70,117.60,163.01,1.0000,-1,-1,-1
112,24,821.54,208.16,72.51,109.97,1.0000,-1,-1,-1
112,29,574.28,541.18,62.58,174.61,1.0000,-1,-1,-1
112,30,835.80,128.85,39.73,118.39,1.0000,-1,-1,-1
112,34,1117.72,260.24,89.45,139.70,1.0000,-1,-1,-1
113,11,580.04,436.17,69.76,148.36,1.0000,-1,-1,-1
113,16,417.65,394.69,89.22,160.59,1.0000,-1,-1,-1
113,17,1063.30,345.03,64.46,143.26,1.0000,-1,-1,-1
113,22,505.15,281.81,88.52,120.13,1.0000,-1,-1,-1
113,23,399.75,175.19,117.85,163.36,1.0000,-1,-1,-1
113,24,824.28,206.63,72.18,109.47,1.0000,-1,-1,-1
113,29,577.46,542.80,62.16,173.44,1.0000,-1,-1,-1
113,30,832.76,129.37,38.65,115.15,1.0000,-1,-1,-1
113,34,1109.37,266.29,89.83,140.29,1.0000,-1,-1,-1
113,36,660.40,338.70,91.21,117.51,1.0000,-1,-1,-1
114,11,590.79,455.61,78.83,146.57,1.0000,-1,-1,-1
114,16,425.20,396.96,90.11,160.13,1.0000,-1,-1,-1
114,17,1076.84,347.63,61.66,145.14,1.0000,-1,-1,-1
114,22,508.20,280.56,88.05,119.50,1.0000,-1,-1,-1
114,23,401.14,174.68,118.10,163.70,1.0000,-1,-1,-1
114,24,827.01,205.10,71.84,108.96,1.0000,-1,-1,-1
114,29,580.64,544.43,61.73,172.26,1.0000,-1,-1,-1
114,30,829.74,129.94,37.53,111.83,1.0000,-1,-1,-1
114,34,1101.02,272.33,90.20,140.88,1.0000,-1,-1,-1
114,36,671.99,344.69,93.05,119.88,1.0000,-1,-1,-1
115,11,597.30,463.49,81.61,144.80,1.0000,-1,-1,-1
115,16,427.68,400.30,83.67,159.43,1.0000,-1,-1,-1
115,17,1088.70,355.40,58.82,145.14,1.0000,-1,-1,-1
115,22,511.24,279.30,87.58,118.86,1.0000,-1,-1,-1
115,23,402.53,174.17,118.35,164.05,1.0000,-1,-1,-1
115,24,829.74,203.57,71.51,108.46,1.0000,-1,-1,-1
115,29,583.83,546.06,61.31,171.07,1.0000,-1,-1,-1
115,30,826.73,130.55,36.38,108.40,1.0000,-1,-1,-1
115,34,1092.67,278.38,90.57,141.46,1.0000,-1,-1,-1
115,36,690.24,359.28,81.39,117.56,1.0000,-1,-1,-1
116,11,600.21,467.81,81.55,144.70,1.0000,-1,-1,-1
116,16,433.55,406.74,81.48,157.19,1.0000,-1,-1,-1
116,17,1105.73,366.37,59.49,146.20,1.0000,-1,-1,-1
116,22,514.29,278.05,87.10,118.21,1.0000,-1,-1,-1
116,23,403.91,173.66,118.60,164.39,1.0000,-1,-1,-1
116,24,832.48,202.05,71.17,107.95,1.0000,-1,-1,-1
116,29,587.02,547.70,60.88,169.87,1.0000,-1,-1,-1
116,30,823.75,131.22,35.19,104.85,1.0000,-1,-1,-1
116,34,1084.32,284.42,90.94,142.04,1.0000,-1,-1,-1
116,36,718.88,377.04,72.99,118.06,1.0000,-1,-1,-1
117,11,617.44,478.49,79.35,136.87,1.0000,-1,-1,-1
117,16,443.85,415.54,89.86,152.25,1.0000,-1,-1,-1
117,17,1117.62,375.35,60.83,147.34,1.0000,-1,-1,-1
117,22,517.34,276.79,86.62,117.56,1.0000,-1,-1,-1
117,24,835.22,200.52,70.84,107.44,1.0000,-1,-1,-1
117,29,590.21,549.34,60.44,168.66,1.0000,-1,-1,-1
117,30,820.78,131.96,33.96,101.19,1.0000,-1,-1,-1
117,34,1075.97,290.47,91.31,142.62,1.0000,-1,-1,-1
117,36,734.12,383.69,74.58,122.42,1.0000,-1,-1,-1
118,11,627.04,487.70,77.19,131.64,1.0000,-1,-1,-1
118,16,441.45,421.26,87.72,149.99,1.0000,-1,-1,-1
118,17,1128.56,383.00,62.48,148.05,1.0000,-1,-1,-1
118,22,520.39,275.54,86.14,116.91,1.0000,-1,-1,-1
118,24,837.95,199.00,70.50,106.92,1.0000,-1,-1,-1
118,29,593.40,550.98,60.01,167.44,1.0000,-1,-1,-1
118,30,817.84,132.76,32.68,97.38,1.0000,-1,-1,-1
118,34,1067.62,296.52,91.68,143.19,1.0000,-1,-1,-1
118,36,745.68,389.43,79.68,126.58,1.0000,-1,-1,-1
119,11,635.98,495.17,74.75,129.29,1.0000,-1,-1,-1
119,16,444.16,428.46,87.79,147.40,1.0000,-1,-1,-1
119,17,1143.98,390.33,63.08,147.02,1.0000,-1,-1,-1
119,22,523.45,274.30,85.66,116.26,1.0000,-1,-1,-1
119,24,840.69,197.48,70.16,106.40,1.0000,-1,-1,-1
119,29,596.59,552.63,59.57,166.22,1.0000,-1,-1,-1
119,30,814.92,133.64,31.36,93.43,1.0000,-1,-1,-1
119,34,1059.27,302.57,92.05,143.77,1.0000,-1,-1,-1
119,36,755.17,392.13,90.49,132.99,1.0000,-1,-1,-1
120,11,643.31,499.74,73.82,124.45,1.0000,-1,-1,-1
120,16,447.31,432.32,88.15,146.33,1.0000,-1,-1,-1
120,17,1153.07,396.45,62.96,146.73,1.0000,-1,-1,-1
120,22,526.50,273.05,85.17,115.60,1.0000,-1,-1,-1
120,24,843.43,195.96,69.81,105.88,1.0000,-1,-1,-1
120,29,599.78,554.28,59.13,164.98,1.0000,-1,-1,-1
120,30,812.03,134.61,29.97,89.29,1.0000,-1,-1,-1
120,34,1050.93,308.62,92.42,144.34,1.0000,-1,-1,-1
120,36,764.98,395.04,99.81,135.33,1.0000,-1,-1,-1
121,11,653.42,507.23,74.06,117.76,1.0000,-1,-1,-1
121,16,452.00,439.41,89.95,145.07,1.0000,-1,-1,-1
121,17,1184.21,403.95,62.85,146.55,1.0000,-1,-1,-1
121,22,529.56,271.80,84.69,114.94,1.0000,-1,-1,-1
121,24,846.17,194.44,69.47,105.36,1.0000,-1,-1,-1
121,29,602.98,555.94,58.68,163.74,1.0000,-1,-1,-1
121,30,809.18,135.67,28.51,84.96,1.0000,-1,-1,-1
121,34,1042.58,314.68,92.78,144.91,1.0000,-1,-1,-1
121,36,783.72,402.37,104.57,141.10,1.0000,-1,-1,-1
122,11,660.09,512.73,74.92,111.89,1.0000,-1,-1,-1
122,16,455.85,443.60,92.23,144.50,1.0000,-1,-1,-1
122,17,1194.27,408.41,64.11,146.13,1.0000,-1,-1,-1
122,22,532.61,270.56,84.20,114.27,1.0000,-1,-1,-1
122,24,848.91,192.92,69.12,104.84,1.0000,-1,-1,-1
122,29,606.17,557.60,58.23,162.49,1.0000,-1,-1,-1
122,30,806.37,136.86,26.98,80.39,1.0000,-1,-1,-1
122,34,1034.24,320.73,93.14,145.47,1.0000,-1,-1,-1
122,36,798.72,410.03,106.63,143.88,1.0000,-1,-1,-1
123,11,663.02,517.52,76.73,107.70,1.0000,-1,-1,-1
123,16,457.85,446.43,92.93,144.22,1.0000,-1,-1,-1
123,17,1204.48,410.26,66.39,147.75,1.0000,-1,-1,-1
123,22,535.67,269.32,83.70,113.60,1.0000,-1,-1,-1
123,24,851.65,191.40,68.78,104.31,1.0000,-1,-1,-1
123,29,609.37,559.27,57.78,161.22,1.0000,-1,-1,-1
123,30,803.60,138.18,25.36,75.55,1.0000,-1,-1,-1
123,34,1025.89,326.79,93.50,146.04,1.0000,-1,-1,-1
123,36,813.73,417.71,108.66,146.62,1.0000,-1,-1,-1
124,11,668.84,521.78,77.76,103.36,1.0000,-1,-1,-1
124,16,460.57,444.76,95.64,145.29,1.0000,-1,-1,-1
124,17,1211.72,411.57,67.74,148.89,1.0000,-1,-1,-1
124,22,538.73,268.08,83.20,112.92,1.0000,-1,-1,-1
124,24,854.39,189.89,68.43,103.78,1.0000,-1,-1,-1
124,29,612.57,560.94,57.32,159.95,1.0000,-1,-1,-1
124,30,800.88,139.67,23.62,70.37,1.0000,-1,-1,-1
124,34,1017.55,332.84,93.86,146.60,1.0000,-1,-1,-1
124,36,843.51,403.63,94.66,141.99,1.0000,-1,-1,-1
125,11,674.44,524.70,78.89,99.94,1.0000,-1,-1,-1
125,16,461.12,443.92,98.09,146.71,1.0000,-1,-1,-1
125,17,1217.02,413.01,66.73,150.01,1.0000,-1,-1,-1
125,22,541.79,266.84,82.70,112.25,1.0000,-1,-1,-1
125,24,857.14,188.37,68.08,103.25,1.0000,-1,-1,-1
125,29,615.77,562.61,56.86,158.67,1.0000,-1,-1,-1
125,30,798.24,141.36,21.74,64.78,1.0000,-1,-1,-1
125,34,1009.21,338.90,94.22,147.16,1.0000,-1,-1,-1
125,36,866.11,401.25,86.02,140.82,1.0000,-1,-1,-1
126,11,681.34,527.24,81.04,97.36,1.0000,-1,-1,-1
126,16,465.01,441.46,99.44,149.29,1.0000,-1,-1,-1
126,17,1227.22,418.10,66.65,149.83,1.0000,-1,-1,-1
126,22,544.86,265.61,82.20,111.56,1.0000,-1,-1,-1
126,24,859.88,186.86,67.72,102.71,1.0000,-1,-1,-1
126,29,618.98,564.30,56.40,157.37,1.0000,-1,-1,-1
126,30,795.69,143.32,19.69,58.66,1.0000,-1,-1,-1
126,34,1000.86,344.96,94.58,147.72,1.0000,-1,-1,-1
126,36,893.74,397.75,83.59,135.68,1.0000,-1,-1,-1
127,11,686.49,528.24,83.16,95.44,1.0000,-1,-1,-1
127,16,468.07,441.48,100.85,150.24,1.0000,-1,-1,-1
127,17,1237.41,423.20,66.57,149.65,1.0000,-1,-1,-1
127,22,547.92,264.38,81.70,110.88,1.0000,-1,-1,-1
127,24,862.63,185.35,67.37,102.18,1.0000,-1,-1,-1
127,29,622.18,565.98,55.93,156.07,1.0000,-1,-1,-1
127,30,793.25,145.64,17.39,51.83,1.0000,-1,-1,-1
127,34,992.52,351.02,94.93,148.27,1.0000,-1,-1,-1
127,36,907.33,398.29,85.58,133.71,1.0000,-1,-1,-1
127,42,977.59,317.92,73.76,133.44,1.0000,-1,-1,-1
128,11,691.76,529.25,85.12,93.56,1.0000,-1,-1,-1
128,16,472.07,438.43,101.37,151.69,1.0000,-1,-1,-1
128,17,1247.61,428.30,66.49,149.47,1.0000,-1,-1,-1
128,22,550.99,263.15,81.19,110.18,1.0000,-1,-1,-1
128,24,865.37,183.84,67.01,101.63,1.0000,-1,-1,-1
128,29,625.39,567.68,55.46,154.76,1.0000,-1,-1,-1
128,30,790.99,148.49,14.75,43.94,1.0000,-1,-1,-1
128,34,984.18,357.08,95.29,148.83,1.0000,-1,-1,-1
128,36,916.90,403.56,89.26,140.49,1.0000,-1,-1,-1
128,39,642.01,353.59,103.10,135.94,1.0000,-1,-1,-1
128,42,977.72,314.09,78.48,139.42,1.0000,-1,-1,-1
128,43,740.10,362.36,100.60,150.00,1.0000,-1,-1,-1
129,11,696.60,529.64,86.81,92.72,1.0000,-1,-1,-1
129,16,477.12,436.71,99.38,153.16,1.0000,-1,-1,-1
129,17,1257.81,433.40,66.41,149.29,1.0000,-1,-1,-1
129,22,554.06,261.92,80.67,109.49,1.0000,-1,-1,-1
129,24,868.12,182.33,66.65,101.09,1.0000,-1,-1,-1
129,29,628.60,569.38,54.99,153.43,1.0000,-1,-1,-1
129,34,975.84,363.14,95.64,149.38,1.0000,-1,-1,-1
129,36,933.56,407.35,89.81,141.35,1.0000,-1,-1,-1
129,39,649.79,353.43,102.48,133.65,1.0000,-1,-1,-1
129,42,978.83,313.86,80.61,143.09,1.0000,-1,-1,-1
129,43,747.01,363.75,100.28,149.41,1.0000,-1,-1,-1
130,11,701.57,529.70,88.18,91.74,1.0000,-1,-1,-1
130,16,483.78,436.21,97.37,154.26,1.0000,-1,-1,-1
130,17,1268.00,438.50,66.33,149.11,1.0000,-1,-1,-1
130,22,557.12,260.69,80.16,108.79,1.0000,-1,-1,-1
130,24,870.87,180.82,66.29,100.54,1.0000,-1,-1,-1
130,29,631.81,571.08,54.51,152.09,1.0000,-1,-1,-1
130,34,967.50,369.20,95.99,149.93,1.0000,-1,-1,-1
130,36,950.23,411.14,90.35,142.21,1.0000,-1,-1,-1
130,39,670.31,354.46,94.31,129.15,1.0000,-1,-1,-1
130,42,980.36,314.77,81.13,144.81,1.0000,-1,-1,-1
130,43,752.57,365.73,99.25,148.12,1.0000,-1,-1,-1
131,11,710.36,530.34,87.86,91.24,1.0000,-1,-1,-1
131,16,489.44,438.44,96.74,156.02,1.0000,-1,-1,-1
131,17,1278.20,443.60,66.25,148.93,1.0000,-1,-1,-1
131,22,560.20,259.47,79.64,108.08,1.0000,-1,-1,-1
131,24,873.62,179.32,65.93,99.99,1.0000,-1,-1,-1
131,29,635.03,572.79,54.02,150.74,1.0000,-1,-1,-1
131,34,959.16,375.27,96.34,150.47,1.0000,-1,-1,-1
131,36,966.90,414.94,90.90,143.07,1.0000,-1,-1,-1
131,39,689.70,358.23,85.01,125.21,1.0000,-1,-1,-1
131,42,983.14,313.35,83.16,148.43,1.0000,-1,-1,-1
131,43,762.79,369.28,94.16,144.84,1.0000,-1,-1,-1
132,11,715.58,531.83,88.08,90.42,1.0000,-1,-1,-1
132,16,491.28,439.07,96.84,158.24,1.0000,-1,-1,-1
132,17,1288.40,448.69,66.17,148.75,1.0000,-1,-1,-1
132,22,563.27,258.25,79.12,107.38,1.0000,-1,-1,-1
132,24,876.37,177.81,65.57,99.44,1.0000,-1,-1,-1
132,29,638.24,574.51,53.53,149.38,1.0000,-1,-1,-1
132,34,950.82,381.33,96.69,151.02,1.0000,-1,-1,-1
132,36,983.57,418.73,91.44,143.92,1.0000,-1,-1,-1
132,39,703.70,361.98,78.36,123.78,1.0000,-1,-1,-1
132,42,986.65,321.43,82.95,142.59,1.0000,-1,-1,-1
132,43,768.21,370.41,92.22,144.41,1.0000,-1,-1,-1
133,11,721.19,533.42,87.66,89.13,1.0000,-1,-1,-1
133,16,491.10,439.69,98.15,159.92,1.0000,-1,-1,-1
133,17,1298.59,453.79,66.09,148.57,1.0000,-1,-1,-1
133,22,566.34,257.03,78.59,106.66,1.0000,-1,-1,-1
133,24,879.12,176.31,65.20,98.89,1.0000,-1,-1,-1
133,29,641.46,576.23,53.04,148.00,1.0000,-1,-1,-1
133,34,942.49,387.40,97.04,151.56,1.0000,-1,-1,-1
133,36,1000.24,422.53,91.97,144.76,1.0000,-1,-1,-1
133,39,703.39,360.85,76.08,125.56,1.0000,-1,-1,-1
133,42,980.97,323.35,84.34,136.59,1.0000,-1,-1,-1
133,43,770.73,370.63,91.02,145.28,1.0000,-1,-1,-1
134,11,725.74,536.57,87.36,86.54,1.0000,-1,-1,-1
134,16,490.79,440.15,99.33,161.13,1.0000,-1,-1,-1
134,17,1308.79,458.89,66.01,148.39,1.0000,-1,-1,-1
134,22,569.42,255.81,78.06,105.94,1.0000,-1,-1,-1
134,24,881.87,174.81,64.83,98.33,1.0000,-1,-1,-1
134,29,644.68,577.96,52.54,146.62,1.0000,-1,-1,-1
134,34,934.15,393.46,97.39,152.10,1.0000,-1,-1,-1
134,36,1006.58,414.56,120.03,174.33,1.0000,-1,-1,-1
134,39,702.74,357.04,76.13,130.63,1.0000,-1,-1,-1
134,42,975.61,325.15,85.17,132.95,1.0000,-1,-1,-1
134,43,772.26,369.00,90.49,147.31,1.0000,-1,-1,-1
135,11,728.56,539.99,87.10,83.55,1.0000,-1,-1,-1
135,16,489.39,439.61,100.59,162.28,1.0000,-1,-1,-1
135,17,1318.99,463.99,65.93,148.21,1.0000,-1,-1,-1
135,22,572.50,254.59,77.53,105.22,1.0000,-1,-1,-1
135,24,884.62,173.31,64.46,97.76,1.0000,-1,-1,-1
135,29,647.90,579.69,52.04,145.22,1.0000,-1,-1,-1
135,34,925.81,399.53,97.73,152.64,1.0000,-1,-1,-1
135,36,1023.00,412.60,120.00,178.85,1.0000,-1,-1,-1
135,39,709.05,361.80,74.75,134.60,1.0000,-1,-1,-1
135,42,976.46,325.28,85.97,134.20,1.0000,-1,-1,-1
135,43,774.25,367.35,90.52,150.47,1.0000,-1,-1,-1
136,11,734.27,542.14,86.74,83.20,1.0000,-1,-1,-1
136,16,488.67,437.33,101.55,165.00,1.0000,-1,-1,-1
136,17,1329.18,469.09,65.85,148.03,1.0000,-1,-1,-1
136,22,575.58,253.38,76.99,104.49,1.0000,-1,-1,-1
136,29,651.13,581.44,51.54,143.80,1.0000,-1,-1,-1
136,34,917.48,405.60,98.08,153.18,1.0000,-1,-1,-1
136,36,1041.88,415.62,115.79,180.21,1.0000,-1,-1,-1
136,39,724.07,363.21,69.15,136.83,1.0000,-1,-1,-1
136,42,977.31,325.41,86.76,135.44,1.0000,-1,-1,-1
136,43,775.22,370.22,87.94,157.68,1.0000,-1,-1,-1
137,11,739.98,544.29,86.39,82.86,1.0000,-1,-1,-1
137,16,486.92,435.35,102.47,167.26,1.0000,-1,-1,-1
137,17,1339.38,474.19,65.77,147.85,1.0000,-1,-1,-1
137,22,578.66,252.17,76.45,103.76,1.0000,-1,-1,-1
137,29,654.36,583.19,51.02,142.37,1.0000,-1,-1,-1
137,34,909.14,411.67,98.42,153.72,1.0000,-1,-1,-1
137,36,1054.15,415.05,110.29,181.37,1.0000,-1,-1,-1
137,39,732.63,363.18,64.02,138.68,1.0000,-1,-1,-1
137,42,978.17,325.56,87.55,136.66,1.0000,-1,-1,-1
137,43,775.49,372.89,83.98,163.35,1.0000,-1,-1,-1
138,11,745.69,546.44,86.02,82.51,1.0000,-1,-1,-1
138,16,485.45,433.74,102.90,169.50,1.0000,-1,-1,-1
138,17,1349.58,479.29,65.69,147.67,1.0000,-1,-1,-1
138,22,581.74,250.97,75.91,103.02,1.0000,-1,-1,-1
138,29,657.59,584.94,50.51,140.93,1.0000,-1,-1,-1
138,34,900.81,417.74,98.76,154.25,1.0000,-1,-1,-1
138,36,1064.21,414.17,104.59,182.93,1.0000,-1,-1,-1
138,39,739.04,362.14,59.71,141.21,1.0000,-1,-1,-1
138,42,979.03,325.70,88.33,137.88,1.0000,-1,-1,-1
138,43,777.42,373.51,79.37,167.07,1.0000,-1,-1,-1
139,11,751.40,548.59,85.66,82.17,1.0000,-1,-1,-1
139,16,487.61,432.44,102.09,171.59,1.0000,-1,-1,-1
139,17,1359.78,484.39,65.61,147.48,1.0000,-1,-1,-1
139,22,584.83,249.76,75.36,102.27,1.0000,-1,-1,-1
139,34,892.47,423.81,99.10,154.78,1.0000,-1,-1,-1
139,36,1074.53,412.55,99.42,184.40,1.0000,-1,-1,-1
139,39,742.38,363.51,57.10,141.79,1.0000,-1,-1,-1
139,42,1007.82,290.97,92.67,142.81,1.0000,-1,-1,-1
139,43,782.06,373.91,78.54,169.82,1.0000,-1,-1,-1
140,11,757.11,550.75,85.30,81.82,1.0000,-1,-1,-1
140,16,490.00,431.67,100.91,173.69,1.0000,-1,-1,-1
140,17,1369.97,489.49,65.53,147.30,1.0000,-1,-1,-1
140,22,587.92,248.56,74.81,101.52,1.0000,-1,-1,-1
140,36,1083.97,410.45,95.37,186.37,1.0000,-1,-1,-1
140,39,743.97,363.88,57.98,145.15,1.0000,-1,-1,-1
140,42,1003.01,286.89,96.33,146.26,1.0000,-1,-1,-1
140,43,786.22,374.00,80.36,173.34,1.0000,-1,-1,-1
141,11,762.82,552.90,84.93,81.47,1.0000,-1,-1,-1
141,16,495.36,431.02,100.66,176.29,1.0000,-1,-1,-1
141,17,1380.17,494.59,65.44,147.12,1.0000,-1,-1,-1
141,36,1101.75,410.62,91.55,188.72,1.0000,-1,-1,-1
141,39,744.41,364.33,60.56,146.79,1.0000,-1,-1,-1
141,42,1002.05,283.10,95.76,148.06,1.0000,-1,-1,-1
141,43,788.25,380.37,83.22,179.03,1.0000,-1,-1,-1
142,11,768.53,555.06,84.57,81.11,1.0000,-1,-1,-1
142,16,498.44,429.91,101.96,180.14,1.0000,-1,-1,-1
142,17,1390.37,499.69,65.36,146.94,1.0000,-1,-1,-1
142,36,1112.12,409.96,89.30,189.30,1.0000,-1,-1,-1
142,39,743.73,365.43,65.01,147.14,1.0000,-1,-1,-1
142,42,999.70,281.97,92.88,144.20,1.0000,-1,-1,-1
142,43,787.47,384.16,88.31,186.63,1.0000,-1,-1,-1
143,11,774.24,557.21,84.20,80.76,1.0000,-1,-1,-1
143,16,499.37,427.57,104.06,184.44,1.0000,-1,-1,-1
143,17,1400.57,504.79,65.28,146.75,1.0000,-1,-1,-1
143,36,1125.38,411.86,85.14,189.85,1.0000,-1,-1,-1
143,39,741.05,367.86,70.50,147.16,1.0000,-1,-1,-1
143,42,1001.54,278.85,93.69,145.47,1.0000,-1,-1,-1
143,43,787.39,389.97,93.47,191.71,1.0000,-1,-1,-1
143,44,958.51,303.94,63.68,159.10,1.0000,-1,-1,-1
144,11,779.95,559.37,83.83,80.41,1.0000,-1,-1,-1
144,16,498.35,423.98,105.94,188.97,1.0000,-1,-1,-1
144,17,1410.76,509.89,65.20,146.57,1.0000,-1,-1,-1
144,36,1130.92,415.99,84.59,191.51,1.0000,-1,-1,-1
144,39,745.73,369.27,70.22,146.57,1.0000,-1,-1,-1
144,42,1003.39,275.73,94.51,146.73,1.0000,-1,-1,-1
144,43,785.42,394.05,99.77,194.94,1.0000,-1,-1,-1
144,44,958.72,303.83,64.04,162.86,1.0000,-1,-1,-1
145,11,785.67,561.53,83.46,80.05,1.0000,-1,-1,-1
145,16,495.21,419.84,107.32,193.51,1.0000,-1,-1,-1
145,17,1420.96,514.99,65.12,146.39,1.0000,-1,-1,-1
145,36,1134.55,419.63,86.63,194.30,1.0000,-1,-1,-1
145,39,750.40,370.69,69.93,145.97,1.0000,-1,-1,-1
145,42,1005.23,272.61,95.31,147.97,1.0000,-1,-1,-1
145,43,757.90,383.21,122.45,208.45,1.0000,-1,-1,-1
145,44,947.79,303.88,65.31,165.57,1.0000,-1,-1,-1
146,11,791.38,563.69,83.08,79.69,1.0000,-1,-1,-1
146,16,496.97,415.46,106.40,196.68,1.0000,-1,-1,-1
146,17,1431.16,520.09,65.04,146.20,1.0000,-1,-1,-1
146,36,1150.03,426.10,88.94,198.05,1.0000,-1,-1,-1
146,39,755.08,372.11,69.65,145.38,1.0000,-1,-1,-1
146,42,1007.08,269.50,96.11,149.21,1.0000,-1,-1,-1
146,43,759.13,386.05,128.04,209.54,1.0000,-1,-1,-1
146,44,938.58,308.46,70.16,167.77,1.0000,-1,-1,-1
147,11,797.10,565.84,82.71,79.33,1.0000,-1,-1,-1
147,16,503.40,413.46,102.17,197.93,1.0000,-1,-1,-1
147,17,1441.36,525.19,64.96,146.02,1.0000,-1,-1,-1
147,36,1160.63,430.80,90.60,199.81,1.0000,-1,-1,-1
147,39,759.76,373.52,69.36,144.78,1.0000,-1,-1,-1
147,42,1008.94,266.40,96.90,150.44,1.0000,-1,-1,-1
147,43,757.03,385.77,132.73,212.06,1.0000,-1,-1,-1
147,44,931.31,312.83,76.81,167.34,1.0000,-1,-1,-1
148,11,802.82,568.00,82.33,78.97,1.0000,-1,-1,-1
148,16,512.25,410.92,97.60,198.20,1.0000,-1,-1,-1
148,17,1451.55,530.29,64.87,145.84,1.0000,-1,-1,-1
148,36,1171.27,434.67,91.91,202.78,1.0000,-1,-1,-1
148,39,764.43,374.94,69.07,144.18,1.0000,-1,-1,-1
148,42,1010.79,263.30,97.68,151.66,1.0000,-1,-1,-1
148,43,757.32,388.93,135.16,211.65,1.0000,-1,-1,-1
148,44,925.49,315.67,82.50,168.12,1.0000,-1,-1,-1
149,11,808.53,570.16,81.95,78.61,1.0000,-1,-1,-1
149,16,512.92,411.43,95.94,197.30,1.0000,-1,-1,-1
149,17,1461.75,535.39,64.79,145.65,1.0000,-1,-1,-1
149,36,1182.18,438.00,91.18,204.91,1.0000,-1,-1,-1
149,39,769.11,376.36,68.78,143.57,1.0000,-1,-1,-1
149,42,1012.65,260.21,98.46,152.86,1.0000,-1,-1,-1
149,43,754.06,391.53,137.99,213.52,1.0000,-1,-1,-1
149,44,920.00,317.30,85.45,168.30,1.0000,-1,-1,-1
150,11,814.25,572.33,81.57,78.24,1.0000,-1,-1,-1
150,16,512.53,412.68,95.79,198.58,1.0000,-1,-1,-1
150,17,1471.95,540.49,64.71,145.47,1.0000,-1,-1,-1
150,36,1192.26,440.98,89.51,206.09,1.0000,-1,-1,-1
150,39,773.79,377.79,68.49,142.97,1.0000,-1,-1,-1
150,42,1014.52,257.12,99.23,154.06,1.0000,-1,-1,-1
150,43,747.37,394.35,138.50,216.39,1.0000,-1,-1,-1
150,44,912.52,318.23,87.80,167.76,1.0000,-1,-1,-1
151,11,819.97,574.49,81.19,77.87,1.0000,-1,-1,-1
151,16,522.06,414.07,100.91,201.99,1.0000,-1,-1,-1
151,17,1482.15,545.59,64.63,145.28,1.0000,-1,-1,-1
151,36,1195.89,442.25,87.53,204.04,1.0000,-1,-1,-1
151,39,778.47,379.21,68.20,142.36,1.0000,-1,-1,-1
151,42,1016.38,254.03,100.00,155.25,1.0000,-1,-1,-1
151,43,741.13,397.16,138.37,218.40,1.0000,-1,-1,-1
151,44,906.85,318.76,89.85,171.68,1.0000,-1,-1,-1
152,11,825.69,576.65,80.81,77.51,1.0000,-1,-1,-1
152,16,535.27,412.93,99.58,205.55,1.0000,-1,-1,-1
152,17,1492.34,550.69,64.54,145.10,1.0000,-1,-1,-1
152,36,1198.77,445.14,86.60,203.87,1.0000,-1,-1,-1
152,39,783.15,380.63,67.91,141.74,1.0000,-1,-1,-1
152,42,1018.25,250.95,100.76,156.43,1.0000,-1,-1,-1
152,43,738.77,398.05,138.21,218.78,1.0000,-1,-1,-1
152,44,901.21,319.34,91.86,175.51,1.0000,-1,-1,-1
152,46,949.15,297.01,50.29,152.30,1.0000,-1,-1,-1
153,11,831.41,578.82,80.42,77.14,1.0000,-1,-1,-1
153,16,537.69,405.86,100.91,211.35,1.0000,-1,-1,-1
153,17,1502.54,555.79,64.46,144.91,1.0000,-1,-1,-1
153,36,1202.85,446.83,84.21,204.25,1.0000,-1,-1,-1
153,39,787.83,382.06,67.61,141.13,1.0000,-1,-1,-1
153,42,1020.12,247.88,101.51,157.60,1.0000,-1,-1,-1
153,43,736.96,399.63,138.55,219.44,1.0000,-1,-1,-1
153,44,889.67,316.18,76.00,167.35,1.0000,-1,-1,-1
153,46,943.74,296.32,54.13,152.28,1.0000,-1,-1,-1
154,11,837.14,580.98,80.03,76.76,1.0000,-1,-1,-1
154,16,540.36,406.28,100.21,212.87,1.0000,-1,-1,-1
154,17,1512.74,560.89,64.38,144.73,1.0000,-1,-1,-1
154,36,1207.84,449.37,80.43,205.01,1.0000,-1,-1,-1
154,39,792.51,383.49,67.32,140.51,1.0000,-1,-1,-1
154,42,1022.00,244.81,102.26,158.77,1.0000,-1,-1,-1
154,43,749.07,400.49,131.48,219.51,1.0000,-1,-1,-1
154,44,885.11,315.71,66.90,164.68,1.0000,-1,-1,-1
154,46,938.91,294.45,62.45,155.97,1.0000,-1,-1,-1
155,11,842.86,583.15,79.64,76.39,1.0000,-1,-1,-1
155,16,540.81,381.77,99.81,227.00,1.0000,-1,-1,-1
155,17,1522.94,565.99,64.30,144.54,1.0000,-1,-1,-1
155,36,1216.69,452.06,80.79,205.93,1.0000,-1,-1,-1
155,39,797.20,384.91,67.02,139.89,1.0000,-1,-1,-1
155,42,1023.87,241.74,103.00,159.92,1.0000,-1,-1,-1
155,43,756.81,400.17,125.46,220.76,1.0000,-1,-1,-1
155,44,878.37,316.43,67.18,165.36,1.0000,-1,-1,-1
155,46,931.60,289.78,75.30,162.72,1.0000,-1,-1,-1
156,11,848.58,585.31,79.25,76.02,1.0000,-1,-1,-1
156,16,547.61,364.96,94.30,234.00,1.0000,-1,-1,-1
156,36,1225.53,454.74,81.15,206.85,1.0000,-1,-1,-1
156,39,801.88,386.34,66.72,139.27,1.0000,-1,-1,-1
156,42,1025.75,238.68,103.74,161.07,1.0000,-1,-1,-1
156,43,758.20,397.81,139.83,221.10,1.0000,-1,-1,-1
156,44,871.63,317.15,67.45,166.03,1.0000,-1,-1,-1
156,46,926.92,282.52,94.19,173.99,1.0000,-1,-1,-1
156,47,501.59,383.40,72.93,190.18,1.0000,-1,-1,-1
157,11,854.31,587.48,78.86,75.64,1.0000,-1,-1,-1
157,16,556.10,355.58,86.06,236.96,1.0000,-1,-1,-1
157,36,1234.38,457.43,81.51,207.76,1.0000,-1,-1,-1
157,39,806.56,387.78,66.42,138.64,1.0000,-1,-1,-1
157,42,1027.64,235.62,104.47,162.20,1.0000,-1,-1,-1
157,43,754.08,400.61,151.55,221.11,1.0000,-1,-1,-1
157,44,864.89,317.87,67.73,166.71,1.0000,-1,-1,-1
157,46,924.39,277.59,110.48,179.39,1.0000,-1,-1,-1
157,47,497.61,385.91,79.81,196.04,1.0000,-1,-1,-1
158,11,860.04,589.65,78.46,75.26,1.0000,-1,-1,-1
158,16,559.40,352.15,86.28,237.56,1.0000,-1,-1,-1
158,36,1243.22,460.12,81.87,208.67,1.0000,-1,-1,-1
158,39,811.25,389.21,66.12,138.02,1.0000,-1,-1,-1
158,42,1029.52,232.56,105.20,163.33,1.0000,-1,-1,-1
158,43,752.82,401.59,159.44,221.14,1.0000,-1,-1,-1
158,44,864.52,306.04,54.22,144.31,1.0000,-1,-1,-1
158,46,928.97,273.23,120.26,182.29,1.0000,-1,-1,-1
158,47,495.82,385.42,83.07,204.04,1.0000,-1,-1,-1
159,11,865.76,591.82,78.06,74.88,1.0000,-1,-1,-1
159,16,553.43,356.27,83.39,234.18,1.0000,-1,-1,-1
159,36,1252.07,462.81,82.22,209.58,1.0000,-1,-1,-1
159,39,815.93,390.64,65.82,137.39,1.0000,-1,-1,-1
159,42,1031.41,229.51,105.92,164.46,1.0000,-1,-1,-1
159,43,753.44,402.47,161.15,223.51,1.0000,-1,-1,-1
159,44,853.48,306.54,55.25,136.60,1.0000,-1,-1,-1
159,46,941.64,269.01,122.30,184.27,1.0000,-1,-1,-1
159,47,491.62,395.18,82.25,197.13,1.0000,-1,-1,-1
160,11,871.49,593.99,77.67,74.49,1.0000,-1,-1,-1
160,16,548.45,351.74,86.61,232.86,1.0000,-1,-1,-1
160,36,1260.92,465.51,82.58,210.48,1.0000,-1,-1,-1
160,39,820.62,392.08,65.51,136.75,1.0000,-1,-1,-1
160,42,1033.30,226.46,106.64,165.57,1.0000,-1,-1,-1
160,43,803.69,401.81,136.81,219.85,1.0000,-1,-1,-1
160,44,846.07,306.82,55.43,131.68,1.0000,-1,-1,-1
160,46,949.64,265.47,126.60,187.19,1.0000,-1,-1,-1
160,47,492.51,403.09,82.99,195.19,1.0000,-1,-1,-1
161,11,877.22,596.16,77.26,74.11,1.0000,-1,-1,-1
161,16,547.77,343.63,90.67,228.13,1.0000,-1,-1,-1
161,36,1269.76,468.20,82.93,211.38,1.0000,-1,-1,-1
161,39,825.30,393.52,65.21,136.11,1.0000,-1,-1,-1
161,42,1035.19,223.42,107.36,166.68,1.0000,-1,-1,-1
161,43,797.63,409.23,118.94,214.84,1.0000,-1,-1,-1
161,44,837.28,304.83,54.91,132.75,1.0000,-1,-1,-1
161,46,969.12,260.72,124.91,189.89,1.0000,-1,-1,-1
161,47,490.83,414.33,81.32,191.35,1.0000,-1,-1,-1
162,11,882.95,598.34,76.86,73.72,1.0000,-1,-1,-1
162,16,552.34,337.14,91.14,224.16,1.0000,-1,-1,-1
162,36,1278.61,470.90,83.28,212.27,1.0000,-1,-1,-1
162,39,829.99,394.95,64.90,135.47,1.0000,-1,-1,-1
162,42,1037.08,220.38,108.06,167.78,1.0000,-1,-1,-1
162,43,799.04,413.94,109.48,210.91,1.0000,-1,-1,-1
162,44,833.47,303.71,52.12,134.98,1.0000,-1,-1,-1
162,46,983.47,258.83,120.53,192.34,1.0000,-1,-1,-1
162,47,489.80,422.09,80.98,187.86,1.0000,-1,-1,-1
162,48,721.18,542.10,80.78,78.28,1.0000,-1,-1,-1
163,11,888.68,600.51,76.45,73.33,1.0000,-1,-1,-1
163,16,556.91,334.86,90.87,221.45,1.0000,-1,-1,-1
163,36,1287.46,473.60,83.63,213.16,1.0000,-1,-1,-1
163,39,834.68,396.39,64.59,134.83,1.0000,-1,-1,-1
163,42,1038.98,217.35,108.77,168.87,1.0000,-1,-1,-1
163,43,802.06,416.08,103.71,207.82,1.0000,-1,-1,-1
163,44,826.74,303.23,51.51,133.40,1.0000,-1,-1,-1
163,46,998.27,258.26,114.83,194.08,1.0000,-1,-1,-1
163,47,488.97,427.77,80.44,183.88,1.0000,-1,-1,-1
163,48,715.13,538.66,84.92,82.29,1.0000,-1,-1,-1
164,11,894.41,602.68,76.05,72.94,1.0000,-1,-1,-1
164,16,562.15,333.86,92.32,219.35,1.0000,-1,-1,-1
164,36,1296.31,476.30,83.98,214.05,1.0000,-1,-1,-1
164,39,839.37,397.84,64.28,134.19,1.0000,-1,-1,-1
164,42,1040.88,214.31,109.47,169.95,1.0000,-1,-1,-1
164,43,807.22,417.16,101.19,205.83,1.0000,-1,-1,-1
164,44,821.46,300.72,51.54,134.61,1.0000,-1,-1,-1
164,46,1011.44,256.81,108.86,196.83,1.0000,-1,-1,-1
164,47,489.45,415.66,82.24,192.07,1.0000,-1,-1,-1
164,48,709.17,535.31,88.87,86.12,1.0000,-1,-1,-1
164,49,892.66,423.36,69.03,190.74,1.0000,-1,-1,-1
165,11,900.15,604.86,75.64,72.55,1.0000,-1,-1,-1
165,16,563.14,333.98,94.16,216.90,1.0000,-1,-1,-1
165,36,1305.16,479.00,84.32,214.93,1.0000,-1,-1,-1
165,39,844.05,399.28,63.97,133.54,1.0000,-1,-1,-1
165,42,1042.78,211.28,110.16,171.03,1.0000,-1,-1,-1
165,43,810.95,420.75,100.57,203.00,1.0000,-1,-1,-1
165,44,813.00,299.65,53.75,134.76,1.0000,-1,-1,-1
165,46,1023.01,258.37,103.34,198.52,1.0000,-1,-1,-1
165,47,487.70,419.14,83.52,191.41,1.0000,-1,-1,-1
165,48,696.28,557.66,104.13,133.19,1.0000,-1,-1,-1
165,49,896.30,419.69,72.01,196.49,1.0000,-1,-1,-1
166,16,567.43,338.77,98.81,214.62,1.0000,-1,-1,-1
166,36,1314.02,481.71,84.67,215.81,1.0000,-1,-1,-1
166,39,848.74,400.72,63.66,132.88,1.0000,-1,-1,-1
166,42,1044.69,208.26,110.85,172.10,1.0000,-1,-1,-1
166,43,819.17,426.56,103.35,199.42,1.0000,-1,-1,-1
166,44,795.19,304.66,66.77,146.58,1.0000,-1,-1,-1
166,46,1035.72,261.60,103.02,201.07,1.0000,-1,-1,-1
166,47,479.02,415.00,89.66,193.97,1.0000,-1,-1,-1
166,48,690.48,552.21,102.18,153.00,1.0000,-1,-1,-1
166,49,908.27,415.25,76.25,202.03,1.0000,-1,-1,-1
167,16,566.24,343.26,106.03,212.30,1.0000,-1,-1,-1
167,36,1322.87,484.42,85.01,216.68,1.0000,-1,-1,-1
167,39,853.44,402.17,63.35,132.23,1.0000,-1,-1,-1
167,42,1046.59,205.23,111.54,173.17,1.0000,-1,-1,-1
167,43,826.32,435.96,106.42,192.38,1.0000,-1,-1,-1
167,44,783.69,306.90,78.66,150.67,1.0000,-1,-1,-1
167,46,1046.94,266.02,110.86,201.19,1.0000,-1,-1,-1
167,47,471.62,410.20,94.10,198.22,1.0000,-1,-1,-1
167,48,685.24,548.32,101.60,166.09,1.0000,-1,-1,-1
167,49,919.56,412.97,77.08,201.44,1.0000,-1,-1,-1
168,16,559.76,345.86,114.92,209.06,1.0000,-1,-1,-1
168,36,1331.72,487.12,85.36,217.56,1.0000,-1,-1,-1
168,39,858.13,403.62,63.03,131.57,1.0000,-1,-1,-1
168,42,1048.50,202.22,112.22,174.23,1.0000,-1,-1,-1
168,43,834.90,446.04,106.98,184.98,1.0000,-1,-1,-1
168,44,766.60,303.76,94.92,155.79,1.0000,-1,-1,-1
168,46,1052.97,272.09,119.87,198.23,1.0000,-1,-1,-1
168,47,477.85,404.22,89.96,199.82,1.0000,-1,-1,-1
168,48,680.51,546.38,100.67,173.77,1.0000,-1,-1,-1
168,49,926.42,412.97,80.97,207.00,1.0000,-1,-1,-1
169,16,562.79,346.72,116.92,207.17,1.0000,-1,-1,-1
169,36,1340.58,489.83,85.70,218.43,1.0000,-1,-1,-1
169,39,862.82,405.07,62.71,130.91,1.0000,-1,-1,-1
169,42,1050.41,199.20,112.90,175.28,1.0000,-1,-1,-1
169,43,842.90,453.52,107.81,178.56,1.0000,-1,-1,-1
169,44,751.87,298.72,110.64,159.95,1.0000,-1,-1,-1
169,46,1055.95,278.06,126.54,193.23,1.0000,-1,-1,-1
169,47,481.99,399.09,85.03,200.86,1.0000,-1,-1,-1
169,48,675.76,545.68,101.25,178.33,1.0000,-1,-1,-1
169,49,932.08,411.48,87.32,210.50,1.0000,-1,-1,-1
170,16,553.46,345.38,124.89,207.30,1.0000,-1,-1,-1
170,36,1349.43,492.55,86.04,219.29,1.0000,-1,-1,-1
170,39,867.51,406.52,62.40,130.24,1.0000,-1,-1,-1
170,42,1052.32,196.19,113.57,176.33,1.0000,-1,-1,-1
170,43,848.18,459.39,107.98,171.81,1.0000,-1,-1,-1
170,44,740.03,295.25,122.45,162.73,1.0000,-1,-1,-1
170,46,1061.84,282.34,128.49,188.23,1.0000,-1,-1,-1
170,47,485.30,391.41,81.83,202.98,1.0000,-1,-1,-1
170,48,671.22,547.09,100.95,179.45,1.0000,-1,-1,-1
170,49,935.84,410.07,95.66,214.07,1.0000,-1,-1,-1
171,16,543.25,338.11,130.27,208.79,1.0000,-1,-1,-1
171,36,1358.28,495.26,86.37,220.15,1.0000,-1,-1,-1
171,39,872.21,407.97,62.07,129.57,1.0000,-1,-1,-1
171,42,1054.24,193.18,114.24,177.37,1.0000,-1,-1,-1
171,43,850.98,463.53,105.37,166.53,1.0000,-1,-1,-1
171,44,728.41,291.73,123.49,163.95,1.0000,-1,-1,-1
171,46,1075.38,286.00,124.38,184.53,1.0000,-1,-1,-1
171,47,484.41,373.59,77.23,192.98,1.0000,-1,-1,-1
171,48,664.54,549.65,104.51,185.78,1.0000,-1,-1,-1
171,49,948.93,413.78,115.59,229.63,1.0000,-1,-1,-1
172,16,537.89,333.57,133.93,208.65,1.0000,-1,-1,-1
172,36,1367.14,497.98,86.71,221.01,1.0000,-1,-1,-1
172,39,876.90,409.43,61.75,128.90,1.0000,-1,-1,-1
172,42,1056.15,190.17,114.91,178.40,1.0000,-1,-1,-1
172,43,851.51,465.62,102.16,162.25,1.0000,-1,-1,-1
172,44,720.86,289.01,119.24,165.61,1.0000,-1,-1,-1
172,46,1087.75,289.00,119.40,182.77,1.0000,-1,-1,-1
172,47,484.06,371.05,73.44,188.99,1.0000,-1,-1,-1
172,48,657.93,552.32,107.95,191.89,1.0000,-1,-1,-1
172,49,961.16,420.42,132.34,237.74,1.0000,-1,-1,-1
173,16,537.23,330.39,134.47,206.94,1.0000,-1,-1,-1
173,36,1376.00,500.69,87.05,221.87,1.0000,-1,-1,-1
173,39,881.60,410.88,61.43,128.22,1.0000,-1,-1,-1
173,43,847.12,467.45,103.96,159.74,1.0000,-1,-1,-1
173,44,714.39,289.97,109.04,166.06,1.0000,-1,-1,-1
173,46,1100.40,292.48,113.07,183.26,1.0000,-1,-1,-1
173,47,484.61,369.27,71.00,181.30,1.0000,-1,-1,-1
173,48,651.37,555.08,111.28,197.82,1.0000,-1,-1,-1
173,49,969.15,428.86,148.98,243.90,1.0000,-1,-1,-1
174,16,540.54,329.44,132.01,204.21,1.0000,-1,-1,-1
174,36,1384.85,503.41,87.38,222.72,1.0000,-1,-1,-1
174,43,836.50,468.51,104.46,157.33,1.0000,-1,-1,-1
174,44,706.50,291.40,97.13,167.25,1.0000,-1,-1,-1
174,46,1111.20,294.37,108.42,184.56,1.0000,-1,-1,-1
174,47,483.26,373.62,71.28,174.52,1.0000,-1,-1,-1
174,48,644.85,557.93,114.52,203.57,1.0000,-1,-1,-1
174,49,973.63,438.85,160.64,246.26,1.0000,-1,-1,-1
175,16,542.02,330.24,129.35,201.09,1.0000,-1,-1,-1
175,36,1393.71,506.13,87.71,223.57,1.0000,-1,-1,-1
175,43,824.37,469.84,106.83,155.32,1.0000,-1,-1,-1
175,44,688.95,293.80,94.70,169.12,1.0000,-1,-1,-1
175,46,1119.06,297.46,106.31,188.49,1.0000,-1,-1,-1
175,47,459.04,376.64,79.61,167.93,1.0000,-1,-1,-1
175,48,638.38,560.85,117.67,209.16,1.0000,-1,-1,-1
175,49,981.90,451.57,168.25,245.72,1.0000,-1,-1,-1
176,16,543.67,332.05,125.94,196.11,1.0000,-1,-1,-1
176,36,1402.57,508.85,88.04,224.41,1.0000,-1,-1,-1
176,43,810.02,474.51,112.20,152.46,1.0000,-1,-1,-1
176,44,671.41,299.21,95.18,175.17,1.0000,-1,-1,-1
176,46,1128.33,300.20,107.62,195.01,1.0000,-1,-1,-1
176,47,457.21,381.84,81.48,165.75,1.0000,-1,-1,-1
176,48,631.96,563.85,120.73,214.61,1.0000,-1,-1,-1
176,49,1005.52,465.15,165.25,243.81,1.0000,-1,-1,-1
177,16,544.47,334.47,124.65,192.29,1.0000,-1,-1,-1
177,36,1411.43,511.58,88.38,225.25,1.0000,-1,-1,-1
177,43,800.26,477.86,116.75,149.22,1.0000,-1,-1,-1
177,44,657.58,303.46,97.30,180.19,1.0000,-1,-1,-1
177,46,1135.64,300.08,111.14,196.31,1.0000,-1,-1,-1
177,47,465.57,384.81,78.65,164.58,1.0000,-1,-1,-1
177,48,625.56,566.92,123.72,219.93,1.0000,-1,-1,-1
177,49,1022.19,472.03,161.11,244.11,1.0000,-1,-1,-1
178,16,554.43,337.10,121.32,189.71,1.0000,-1,-1,-1
178,36,1420.29,514.30,88.70,226.09,1.0000,-1,-1,-1
178,43,793.32,498.70,128.29,173.88,1.0000,-1,-1,-1
178,44,651.77,305.37,96.35,182.44,1.0000,-1,-1,-1
178,46,1142.95,302.15,116.59,197.77,1.0000,-1,-1,-1
178,47,470.03,385.35,78.53,164.61,1.0000,-1,-1,-1
178,48,619.21,570.05,126.64,225.12,1.0000,-1,-1,-1
178,49,1037.76,472.87,156.05,245.61,1.0000,-1,-1,-1
179,16,562.56,339.74,118.20,188.74,1.0000,-1,-1,-1
179,36,1429.15,517.03,89.03,226.93,1.0000,-1,-1,-1
179,43,788.46,503.12,132.94,190.16,1.0000,-1,-1,-1
179,44,652.05,306.66,93.50,183.25,1.0000,-1,-1,-1
179,46,1147.10,306.90,118.69,201.36,1.0000,-1,-1,-1
179,47,474.67,382.16,78.31,166.26,1.0000,-1,-1,-1
179,48,612.89,573.24,129.49,230.19,1.0000,-1,-1,-1
179,49,1049.50,470.62,153.73,248.71,1.0000,-1,-1,-1
180,16,568.04,340.46,117.35,188.11,1.0000,-1,-1,-1
180,36,1438.01,519.76,89.36,227.76,1.0000,-1,-1,-1
180,43,787.05,502.23,133.37,201.96,1.0000,-1,-1,-1
180,44,650.44,306.73,92.75,185.00,1.0000,-1,-1,-1
180,46,1155.20,308.40,119.92,203.45,1.0000,-1,-1,-1
180,47,478.14,376.04,80.17,171.68,1.0000,-1,-1,-1
180,48,606.60,576.48,132.28,235.15,1.0000,-1,-1,-1
180,49,1063.17,467.00,151.93,252.57,1.0000,-1,-1,-1
181,16,574.53,343.23,119.77,187.32,1.0000,-1,-1,-1
181,36,1446.87,522.49,89.69,228.59,1.0000,-1,-1,-1
181,43,792.44,497.10,132.14,212.02,1.0000,-1,-1,-1
181,44,647.35,304.00,94.47,187.71,1.0000,-1,-1,-1
181,46,1150.17,307.39,116.39,188.92,1.0000,-1,-1,-1
181,47,485.50,362.40,82.42,170.99,1.0000,-1,-1,-1
181,48,600.33,579.77,135.02,240.01,1.0000,-1,-1,-1
181,49,1071.86,465.26,146.06,255.64,1.0000,-1,-1,-1
182,16,579.52,346.01,125.06,186.75,1.0000,-1,-1,-1
182,36,1455.73,525.22,90.01,229.42,1.0000,-1,-1,-1
182,43,796.72,490.30,131.20,221.28,1.0000,-1,-1,-1
182,44,649.77,301.65,94.86,191.62,1.0000,-1,-1,-1
182,46,1153.32,312.25,115.18,178.60,1.0000,-1,-1,-1
182,47,496.32,356.02,81.75,169.51,1.0000,-1,-1,-1
182,48,594.10,583.12,137.70,244.78,1.0000,-1,-1,-1
182,49,1073.73,464.21,139.27,257.75,1.0000,-1,-1,-1
183,16,582.52,344.96,129.37,185.31,1.0000,-1,-1,-1
183,36,1464.60,527.95,90.33,230.24,1.0000,-1,-1,-1
183,43,798.88,483.50,130.94,229.69,1.0000,-1,-1,-1
183,44,658.18,298.61,93.30,195.18,1.0000,-1,-1,-1
183,46,1156.75,328.78,120.18,194.68,1.0000,-1,-1,-1
183,47,497.83,353.04,81.77,169.53,1.0000,-1,-1,-1
183,48,587.89,586.50,140.33,249.45,1.0000,-1,-1,-1
183,49,1078.15,464.83,133.54,258.63,1.0000,-1,-1,-1
184,16,587.73,343.91,135.12,184.00,1.0000,-1,-1,-1
184,36,1473.46,530.68,90.65,231.06,1.0000,-1,-1,-1
184,43,798.16,477.84,130.09,236.70,1.0000,-1,-1,-1
184,44,652.17,298.91,93.84,196.30,1.0000,-1,-1,-1
184,46,1159.24,334.21,120.80,207.16,1.0000,-1,-1,-1
184,47,514.17,339.60,75.59,175.53,1.0000,-1,-1,-1
184,48,581.70,589.93,142.91,254.04,1.0000,-1,-1,-1
184,49,1076.57,466.15,134.89,257.24,1.0000,-1,-1,-1
184,50,271.87,223.77,93.64,264.77,1.0000,-1,-1,-1
185,16,591.20,342.92,135.44,184.44,1.0000,-1,-1,-1
185,43,795.20,472.87,130.04,242.89,1.0000,-1,-1,-1
185,44,657.96,292.86,98.22,202.95,1.0000,-1,-1,-1
185,46,1161.20,334.22,119.96,216.90,1.0000,-1,-1,-1
185,47,516.75,336.04,75.54,175.41,1.0000,-1,-1,-1
185,48,575.54,593.40,145.44,258.54,1.0000,-1,-1,-1
185,49,1070.77,469.27,140.72,256.39,1.0000,-1,-1,-1
185,50,267.52,221.80,96.49,270.22,1.0000,-1,-1,-1
186,16,592.28,337.57,143.90,192.18,1.0000,-1,-1,-1
186,43,794.47,474.94,130.73,244.17,1.0000,-1,-1,-1
186,44,666.69,292.21,96.90,208.86,1.0000,-1,-1,-1
186,46,1157.95,337.40,118.07,227.67,1.0000,-1,-1,-1
186,47,519.32,332.47,75.49,175.28,1.0000,-1,-1,-1
186,48,569.40,596.91,147.93,262.97,1.0000,-1,-1,-1
186,49,1065.20,474.39,148.63,253.18,1.0000,-1,-1,-1
186,50,261.86,218.86,98.47,274.37,1.0000,-1,-1,-1
187,16,584.08,335.44,156.16,199.16,1.0000,-1,-1,-1
187,43,793.74,477.01,131.41,245.45,1.0000,-1,-1,-1
187,44,676.43,290.95,88.98,209.91,1.0000,-1,-1,-1
187,46,1155.59,337.05,112.81,234.41,1.0000,-1,-1,-1
187,47,531.79,308.62,71.83,178.36,1.0000,-1,-1,-1
187,48,563.28,600.46,150.38,267.32,1.0000,-1,-1,-1
187,49,1057.41,477.18,156.86,250.53,1.0000,-1,-1,-1
187,50,257.61,215.94,100.37,278.31,1.0000,-1,-1,-1
188,16,582.30,334.92,163.75,204.03,1.0000,-1,-1,-1
188,43,793.02,479.09,132.09,246.72,1.0000,-1,-1,-1
188,44,679.84,286.16,82.24,202.77,1.0000,-1,-1,-1
188,46,1150.38,336.38,106.72,240.33,1.0000,-1,-1,-1
188,47,536.97,301.39,71.47,181.62,1.0000,-1,-1,-1
188,48,557.18,604.04,152.79,271.61,1.0000,-1,-1,-1
188,49,1050.11,475.05,163.80,250.78,1.0000,-1,-1,-1
188,50,254.88,212.96,101.59,280.86,1.0000,-1,-1,-1
189,16,582.96,332.21,168.98,208.47,1.0000,-1,-1,-1
189,43,792.29,481.17,132.77,247.98,1.0000,-1,-1,-1
189,44,679.36,286.78,79.31,195.08,1.0000,-1,-1,-1
189,46,1144.81,333.75,103.83,246.13,1.0000,-1,-1,-1
189,47,540.38,296.27,71.40,181.44,1.0000,-1,-1,-1
189,48,551.10,607.66,155.17,275.83,1.0000,-1,-1,-1
189,49,1037.89,470.65,169.84,253.43,1.0000,-1,-1,-1
189,50,253.26,210.76,102.43,283.01,1.0000,-1,-1,-1
190,16,585.85,331.47,169.50,209.12,1.0000,-1,-1,-1
190,43,791.57,483.25,133.44,249.24,1.0000,-1,-1,-1
190,44,679.29,289.73,77.15,187.56,1.0000,-1,-1,-1
190,46,1138.82,330.72,102.03,250.51,1.0000,-1,-1,-1
190,47,543.79,291.15,71.33,181.26,1.0000,-1,-1,-1
190,48,545.03,611.30,157.50,279.98,1.0000,-1,-1,-1
190,49,1026.63,466.09,177.11,256.77,1.0000,-1,-1,-1
190,50,252.84,209.48,102.89,284.31,1.0000,-1,-1,-1
191,16,577.52,333.38,150.54,187.56,1.0000,-1,-1,-1
191,43,790.85,485.34,134.11,250.49,1.0000,-1,-1,-1
191,44,676.95,288.90,77.40,188.15,1.0000,-1,-1,-1
191,46,1124.43,324.80,102.39,253.65,1.0000,-1,-1,-1
191,47,554.91,285.82,80.48,176.42,1.0000,-1,-1,-1
191,48,538.98,614.98,159.81,284.08,1.0000,-1,-1,-1
191,49,1010.50,459.55,182.04,261.70,1.0000,-1,-1,-1
191,50,252.85,206.62,103.19,284.91,1.0000,-1,-1,-1
192,16,578.66,332.00,150.92,188.03,1.0000,-1,-1,-1
192,43,790.13,487.43,134.77,251.73,1.0000,-1,-1,-1
192,44,674.61,288.08,77.64,188.73,1.0000,-1,-1,-1
192,46,1112.03,323.15,103.79,255.39,1.0000,-1,-1,-1
192,47,560.26,284.27,85.10,174.76,1.0000,-1,-1,-1
192,48,532.95,618.69,162.08,288.11,1.0000,-1,-1,-1
192,49,1001.54,454.38,187.46,265.37,1.0000,-1,-1,-1
192,50,254.63,205.66,102.80,282.69,1.0000,-1,-1,-1
193,16,579.81,330.61,151.29,188.50,1.0000,-1,-1,-1
193,43,789.41,489.52,135.44,252.97,1.0000,-1,-1,-1
193,44,672.27,287.26,77.88,189.32,1.0000,-1,-1,-1
193,46,1096.27,322.75,105.47,257.36,1.0000,-1,-1,-1
193,47,564.89,279.01,85.19,174.95,1.0000,-1,-1,-1
193,48,526.94,622.42,164.32,292.09,1.0000,-1,-1,-1
193,49,984.19,451.11,177.43,267.33,1.0000,-1,-1,-1
193,50,256.42,205.31,102.99,279.78,1.0000,-1,-1,-1
194,16,580.95,329.23,151.67,188.97,1.0000,-1,-1,-1
194,43,788.69,491.61,136.10,254.20,1.0000,-1,-1,-1
194,44,669.92,286.44,78.12,189.90,1.0000,-1,-1,-1
194,46,1080.11,320.93,111.79,257.59,1.0000,-1,-1,-1
194,47,569.53,273.76,85.29,175.14,1.0000,-1,-1,-1
194,48,520.94,626.18,166.53,296.02,1.0000,-1,-1,-1
194,49,976.23,447.79,166.47,269.72,1.0000,-1,-1,-1
194,50,260.68,207.79,103.24,279.79,1.0000,-1,-1,-1
195,16,582.10,327.85,152.04,189.44,1.0000,-1,-1,-1
195,43,787.98,493.71,136.75,255.43,1.0000,-1,-1,-1
195,44,667.58,285.62,78.36,190.48,1.0000,-1,-1,-1
195,46,1068.00,317.80,120.83,257.15,1.0000,-1,-1,-1
195,47,583.66,285.49,92.27,180.05,1.0000,-1,-1,-1
195,48,514.95,629.97,168.71,299.89,1.0000,-1,-1,-1
195,49,971.48,443.16,158.94,273.20,1.0000,-1,-1,-1
195,50,265.12,211.73,102.83,276.79,1.0000,-1,-1,-1
196,16,583.24,326.47,152.42,189.90,1.0000,-1,-1,-1
196,43,787.26,495.81,137.41,256.65,1.0000,-1,-1,-1
196,44,665.24,284.80,78.60,191.06,1.0000,-1,-1,-1
196,46,1051.70,315.85,135.51,255.70,1.0000,-1,-1,-1
196,47,592.48,283.97,99.88,180.29,1.0000,-1,-1,-1
196,48,508.98,633.78,170.86,303.72,1.0000,-1,-1,-1
196,49,969.58,437.27,156.93,277.40,1.0000,-1,-1,-1
196,50,271.86,204.14,102.86,277.04,1.0000,-1,-1,-1
197,16,584.39,325.08,152.79,190.37,1.0000,-1,-1,-1
197,43,786.55,497.92,138.06,257.86,1.0000,-1,-1,-1
197,44,662.90,283.98,78.83,191.64,1.0000,-1,-1,-1
197,46,1038.44,312.51,147.77,254.30,1.0000,-1,-1,-1
197,47,598.68,280.32,100.19,180.85,1.0000,-1,-1,-1
197,48,503.02,637.61,172.98,307.50,1.0000,-1,-1,-1
197,49,956.34,408.67,150.39,260.76,1.0000,-1,-1,-1
197,50,285.56,200.50,103.19,275.91,1.0000,-1,-1,-1
198,16,585.54,323.70,153.16,190.83,1.0000,-1,-1,-1
198,43,785.84,500.02,138.70,259.07,1.0000,-1,-1,-1
198,44,660.56,283.16,79.07,192.22,1.0000,-1,-1,-1
198,46,1029.70,311.45,154.58,252.54,1.0000,-1,-1,-1
198,47,604.88,276.68,100.50,181.41,1.0000,-1,-1,-1
198,48,497.08,641.47,175.08,311.23,1.0000,-1,-1,-1
198,49,953.43,399.72,154.55,246.90,1.0000,-1,-1,-1
198,50,297.94,196.92,103.42,273.59,1.0000,-1,-1,-1
199,16,606.45,330.05,132.02,182.31,1.0000,-1,-1,-1
199,43,785.13,502.13,139.35,260.27,1.0000,-1,-1,-1
199,44,658.22,282.35,79.31,192.79,1.0000,-1,-1,-1
199,46,1020.06,309.78,156.11,249.79,1.0000,-1,-1,-1
199,47,611.08,273.04,100.81,181.96,1.0000,-1,-1,-1
199,48,491.14,645.35,177.16,314.92,1.0000,-1,-1,-1
199,49,939.96,396.34,141.47,239.95,1.0000,-1,-1,-1
199,50,309.20,200.01,102.70,274.52,1.0000,-1,-1,-1
200,16,611.66,326.98,126.83,173.66,1.0000,-1,-1,-1
200,43,784.42,504.24,139.99,261.47,1.0000,-1,-1,-1
200,44,655.88,281.53,79.54,193.37,1.0000,-1,-1,-1
200,46,1003.98,308.27,140.49,245.81,1.0000,-1,-1,-1
200,47,617.28,269.40,101.11,182.52,1.0000,-1,-1,-1
200,48,485.22,649.25,179.21,318.56,1.0000,-1,-1,-1
200,49,941.51,404.69,142.46,247.68,1.0000,-1,-1,-1
200,50,321.52,195.13,101.91,264.47,1.0000,-1,-1,-1
201,16,613.56,325.40,127.02,173.92,1.0000,-1,-1,-1
201,43,783.72,506.36,140.63,262.66,1.0000,-1,-1,-1
201,44,653.54,280.72,79.78,193.94,1.0000,-1,-1,-1
201,46,1003.64,308.50,133.82,243.60,1.0000,-1,-1,-1
201,47,623.48,265.76,101.42,183.07,1.0000,-1,-1,-1
201,49,934.25,395.85,132.94,242.20,1.0000,-1,-1,-1
201,50,334.88,200.54,100.46,264.78,1.0000,-1,-1,-1
202,16,615.46,323.82,127.22,174.18,1.0000,-1,-1,-1
202,43,783.01,508.47,141.26,263.85,1.0000,-1,-1,-1
202,44,651.20,279.90,80.01,194.51,1.0000,-1,-1,-1
202,46,995.12,307.50,120.46,242.34,1.0000,-1,-1,-1
202,47,629.68,262.12,101.72,183.62,1.0000,-1,-1,-1
202,49,921.53,387.85,124.40,238.84,1.0000,-1,-1,-1
202,50,358.23,206.71,98.15,257.68,1.0000,-1,-1,-1
203,16,617.36,322.23,127.41,174.45,1.0000,-1,-1,-1
203,43,782.31,510.59,141.90,265.03,1.0000,-1,-1,-1
203,44,648.86,279.09,80.25,195.07,1.0000,-1,-1,-1
203,46,991.14,307.50,107.96,240.58,1.0000,-1,-1,-1
203,47,635.89,258.48,102.03,184.17,1.0000,-1,-1,-1
203,49,905.67,383.22,127.63,238.71,1.0000,-1,-1,-1
203,50,364.39,205.10,98.84,259.49,1.0000,-1,-1,-1
204,16,619.26,320.65,127.60,174.71,1.0000,-1,-1,-1
204,43,781.61,512.72,142.52,266.21,1.0000,-1,-1,-1
204,44,646.52,278.28,80.48,195.64,1.0000,-1,-1,-1
204,46,987.10,309.66,99.62,238.26,1.0000,-1,-1,-1
204,47,642.09,254.85,102.33,184.72,1.0000,-1,-1,-1
204,49,899.83,378.31,129.21,239.78,1.0000,-1,-1,-1
204,50,370.56,203.49,99.53,261.29,1.0000,-1,-1,-1
205,16,621.16,319.07,127.79,174.97,1.0000,-1,-1,-1
205,43,780.91,514.84,143.15,267.38,1.0000,-1,-1,-1
205,44,644.19,277.47,80.71,196.20,1.0000,-1,-1,-1
205,46,978.38,311.67,97.83,232.99,1.0000,-1,-1,-1
205,47,648.29,251.21,102.63,185.26,1.0000,-1,-1,-1
205,49,891.81,373.24,130.53,240.71,1.0000,-1,-1,-1
205,50,406.51,208.39,95.44,255.87,1.0000,-1,-1,-1
206,16,623.06,317.49,127.98,175.23,1.0000,-1,-1,-1
206,43,780.21,516.97,143.78,268.54,1.0000,-1,-1,-1
206,44,641.85,276.66,80.94,196.77,1.0000,-1,-1,-1
206,46,971.00,318.05,100.16,232.89,1.0000,-1,-1,-1
206,47,654.50,247.58,102.94,185.81,1.0000,-1,-1,-1
206,49,877.16,368.65,129.07,236.76,1.0000,-1,-1,-1
206,50,415.02,207.15,96.02,257.42,1.0000,-1,-1,-1
207,16,624.95,315.90,128.17,175.49,1.0000,-1,-1,-1
207,43,779.51,519.10,144.40,269.70,1.0000,-1,-1,-1
207,44,639.51,275.85,81.17,197.33,1.0000,-1,-1,-1
207,46,965.53,325.39,109.99,231.68,1.0000,-1,-1,-1
207,47,660.70,243.94,103.24,186.35,1.0000,-1,-1,-1
207,49,868.19,366.93,122.81,231.08,1.0000,-1,-1,-1
207,50,423.54,205.92,96.60,258.95,1.0000,-1,-1,-1
207,56,725.62,284.34,110.80,111.39,1.0000,-1,-1,-1
208,16,626.85,314.32,128.36,175.75,1.0000,-1,-1,-1
208,43,778.82,521.23,145.02,270.86,1.0000,-1,-1,-1
208,44,637.17,275.04,81.40,197.89,1.0000,-1,-1,-1
208,46,966.97,330.67,116.16,231.24,1.0000,-1,-1,-1
208,47,666.91,240.31,103.54,186.89,1.0000,-1,-1,-1
208,49,867.13,368.80,116.53,226.13,1.0000,-1,-1,-1
208,50,432.05,204.70,97.17,260.48,1.0000,-1,-1,-1
208,56,746.11,283.73,105.34,112.20,1.0000,-1,-1,-1
209,16,628.75,312.74,128.55,176.01,1.0000,-1,-1,-1
209,43,778.12,523.37,145.63,272.01,1.0000,-1,-1,-1
209,44,634.84,274.23,81.63,198.45,1.0000,-1,-1,-1
209,46,971.07,336.73,118.65,230.79,1.0000,-1,-1,-1
209,47,673.11,236.68,103.84,187.43,1.0000,-1,-1,-1
209,49,872.23,372.59,108.31,221.14,1.0000,-1,-1,-1
209,50,440.57,203.48,97.73,262.00,1.0000,-1,-1,-1
209,56,767.23,286.12,104.72,111.55,1.0000,-1,-1,-1
210,16,630.65,311.16,128.74,176.27,1.0000,-1,-1,-1
210,43,777.43,525.51,146.25,273.16,1.0000,-1,-1,-1
210,44,632.50,273.42,81.86,199.00,1.0000,-1,-1,-1
210,46,978.51,340.94,117.69,229.80,1.0000,-1,-1,-1
210,47,679.32,233.04,104.13,187.97,1.0000,-1,-1,-1
210,49,877.95,371.53,99.74,210.66,1.0000,-1,-1,-1
210,50,449.09,202.26,98.30,263.52,1.0000,-1,-1,-1
210,56,788.35,288.50,104.11,110.89,1.0000,-1,-1,-1
211,16,632.55,309.58,128.93,176.53,1.0000,-1,-1,-1
211,43,776.73,527.65,146.86,274.30,1.0000,-1,-1,-1
211,44,630.16,272.62,82.09,199.56,1.0000,-1,-1,-1
211,46,988.45,342.96,112.96,229.71,1.0000,-1,-1,-1
211,47,685.52,229.41,104.43,188.51,1.0000,-1,-1,-1
211,49,871.66,367.26,99.89,210.97,1.0000,-1,-1,-1
211,50,457.61,201.05,98.86,265.02,1.0000,-1,-1,-1
211,56,809.46,290.89,103.49,110.23,1.0000,-1,-1,-1
212,16,634.45,308.00,129.12,176.79,1.0000,-1,-1,-1
212,43,776.04,529.79,147.47,275.43,1.0000,-1,-1,-1
212,44,627.83,271.81,82.32,200.11,1.0000,-1,-1,-1
212,46,996.90,342.04,104.85,223.89,1.0000,-1,-1,-1
212,47,691.73,225.78,104.73,189.04,1.0000,-1,-1,-1
212,49,865.37,362.98,100.04,211.28,1.0000,-1,-1,-1
212,50,466.13,199.84,99.41,266.51,1.0000,-1,-1,-1
212,52,812.84,386.36,138.21,210.30,1.0000,-1,-1,-1
212,56,830.59,293.29,102.86,109.57,1.0000,-1,-1,-1
213,16,636.35,306.41,129.31,177.05,1.0000,-1,-1,-1
213,43,775.35,531.93,148.07,276.57,1.0000,-1,-1,-1
213,44,625.49,271.01,82.54,200.66,1.0000,-1,-1,-1
213,46,1001.18,346.95,100.12,220.94,1.0000,-1,-1,-1
213,47,697.94,222.15,105.02,189.58,1.0000,-1,-1,-1
213,49,859.08,358.70,100.18,211.59,1.0000,-1,-1,-1
213,50,474.66,198.63,99.97,268.00,1.0000,-1,-1,-1
213,52,823.15,386.86,149.48,218.58,1.0000,-1,-1,-1
213,56,851.71,295.68,102.24,108.90,1.0000,-1,-1,-1
213,57,699.00,446.82,122.75,169.56,1.0000,-1,-1,-1
214,16,638.25,304.83,129.50,177.31,1.0000,-1,-1,-1
214,43,774.66,534.08,148.68,277.69,1.0000,-1,-1,-1
214,44,623.16,270.20,82.77,201.21,1.0000,-1,-1,-1
214,46,1001.39,355.65,98.72,223.25,1.0000,-1,-1,-1
214,47,704.14,218.52,105.32,190.11,1.0000,-1,-1,-1
214,49,852.78,354.43,100.33,211.90,1.0000,-1,-1,-1
214,50,483.18,197.43,100.52,269.48,1.0000,-1,-1,-1
214,52,837.74,388.47,146.37,221.26,1.0000,-1,-1,-1
214,56,872.83,298.08,101.60,108.23,1.0000,-1,-1,-1
214,57,702.08,450.04,117.33,166.88,1.0000,-1,-1,-1
215,16,640.16,303.25,129.69,177.57,1.0000,-1,-1,-1
215,43,773.98,536.23,149.28,278.82,1.0000,-1,-1,-1
215,44,620.82,269.40,83.00,201.76,1.0000,-1,-1,-1
215,46,999.25,362.96,99.50,226.54,1.0000,-1,-1,-1
215,47,710.35,214.89,105.61,190.64,1.0000,-1,-1,-1
215,49,846.49,350.15,100.47,212.21,1.0000,-1,-1,-1
215,50,491.71,196.24,101.07,270.95,1.0000,-1,-1,-1
215,52,847.82,389.33,142.50,223.44,1.0000,-1,-1,-1
215,56,893.96,300.47,100.97,107.55,1.0000,-1,-1,-1
215,57,710.58,450.34,125.82,171.35,1.0000,-1,-1,-1
216,16,642.06,301.67,129.88,177.83,1.0000,-1,-1,-1
216,44,618.49,268.60,83.22,202.31,1.0000,-1,-1,-1
216,46,996.19,369.35,100.93,229.43,1.0000,-1,-1,-1
216,47,716.56,211.27,105.90,191.17,1.0000,-1,-1,-1
216,49,840.20,345.88,100.62,212.51,1.0000,-1,-1,-1
216,50,500.24,195.05,101.61,272.41,1.0000,-1,-1,-1
216,52,850.27,387.57,143.31,227.84,1.0000,-1,-1,-1
216,56,915.09,302.87,100.33,106.87,1.0000,-1,-1,-1
216,57,715.63,451.49,124.14,169.43,1.0000,-1,-1,-1
217,16,643.96,300.09,130.07,178.09,1.0000,-1,-1,-1
217,44,616.15,267.79,83.45,202.86,1.0000,-1,-1,-1
217,46,985.96,381.68,104.02,228.44,1.0000,-1,-1,-1
217,47,722.77,207.64,106.20,191.69,1.0000,-1,-1,-1
217,49,833.91,341.60,100.77,212.82,1.0000,-1,-1,-1
217,50,508.77,193.86,102.16,273.86,1.0000,-1,-1,-1
217,52,856.74,403.75,139.14,221.99,1.0000,-1,-1,-1
217,56,936.22,305.28,99.69,106.19,1.0000,-1,-1,-1
217,57,724.38,457.62,118.00,164.94,1.0000,-1,-1,-1
218,16,645.86,298.51,130.25,178.34,1.0000,-1,-1,-1
218,44,613.82,266.99,83.67,203.40,1.0000,-1,-1,-1
218,46,977.56,391.26,106.66,226.71,1.0000,-1,-1,-1
218,47,728.98,204.01,106.49,192.22,1.0000,-1,-1,-1
218,49,827.61,337.33,100.91,213.13,1.0000,-1,-1,-1
218,50,517.30,192.67,102.70,275.31,1.0000,-1,-1,-1
218,52,856.51,404.26,136.35,221.67,1.0000,-1,-1,-1
218,56,957.36,307.68,99.04,105.50,1.0000,-1,-1,-1
218,57,728.21,461.68,112.24,161.00,1.0000,-1,-1,-1
219,16,647.76,296.93,130.44,178.60,1.0000,-1,-1,-1
219,44,611.49,266.19,83.89,203.94,1.0000,-1,-1,-1
219,46,966.78,398.89,110.07,223.41,1.0000,-1,-1,-1
219,47,735.19,200.39,106.78,192.75,1.0000,-1,-1,-1
219,49,821.32,333.06,101.06,213.44,1.0000,-1,-1,-1
219,50,525.83,191.49,103.23,276.75,1.0000,-1,-1,-1
219,52,845.96,407.43,140.45,220.90,1.0000,-1,-1,-1
219,56,978.49,310.09,98.39,104.80,1.0000,-1,-1,-1
219,57,729.12,465.36,106.66,156.83,1.0000,-1,-1,-1
220,16,649.66,295.35,130.63,178.86,1.0000,-1,-1,-1
220,44,609.15,265.39,84.12,204.49,1.0000,-1,-1,-1
220,46,956.80,405.56,113.48,219.32,1.0000,-1,-1,-1
220,47,741.39,196.76,107.07,193.27,1.0000,-1,-1,-1
220,49,815.03,328.78,101.20,213.74,1.0000,-1,-1,-1
220,50,534.36,190.32,103.77,278.18,1.0000,-1,-1,-1
220,52,837.79,407.86,141.85,221.17,1.0000,-1,-1,-1
220,56,999.63,312.50,97.73,104.10,1.0000,-1,-1,-1
220,57,729.11,468.95,100.33,151.54,1.0000,-1,-1,-1
221,16,651.56,293.77,130.82,179.11,1.0000,-1,-1,-1
221,46,951.42,411.74,115.08,215.56,1.0000,-1,-1,-1
221,47,747.60,193.14,107.36,193.79,1.0000,-1,-1,-1
221,49,808.74,324.51,101.35,214.05,1.0000,-1,-1,-1
221,50,542.90,189.14,104.30,279.60,1.0000,-1,-1,-1
221,52,841.93,408.22,142.64,222.40,1.0000,-1,-1,-1
221,56,1020.77,314.91,97.07,103.40,1.0000,-1,-1,-1
221,57,729.44,473.87,94.88,145.74,1.0000,-1,-1,-1
222,16,653.46,292.19,131.00,179.37,1.0000,-1,-1,-1
222,46,957.25,418.76,109.24,211.13,1.0000,-1,-1,-1
222,47,753.82,189.52,107.65,194.31,1.0000,-1,-1,-1
222,49,802.45,320.23,101.49,214.35,1.0000,-1,-1,-1
222,50,551.44,187.97,104.83,281.02,1.0000,-1,-1,-1
222,52,846.07,408.59,143.43,223.62,1.0000,-1,-1,-1
222,56,1041.91,317.32,96.40,102.69,1.0000,-1,-1,-1
222,57,732.75,478.26,91.38,140.36,1.0000,-1,-1,-1
223,16,655.37,290.61,131.19,179.62,1.0000,-1,-1,-1
223,46,961.85,423.09,102.90,206.86,1.0000,-1,-1,-1
223,47,760.03,185.89,107.93,194.83,1.0000,-1,-1,-1
223,49,796.16,315.96,101.64,214.66,1.0000,-1,-1,-1
223,50,559.97,186.81,105.35,282.43,1.0000,-1,-1,-1
223,52,850.21,408.96,144.21,224.84,1.0000,-1,-1,-1
223,56,1063.06,319.74,95.73,101.98,1.0000,-1,-1,-1
223,57,736.14,482.76,87.73,134.76,1.0000,-1,-1,-1
224,16,657.27,289.03,131.38,179.88,1.0000,-1,-1,-1
224,46,966.34,427.79,97.36,203.87,1.0000,-1,-1,-1
224,47,766.24,182.27,108.22,195.35,1.0000,-1,-1,-1
224,49,789.86,311.69,101.78,214.96,1.0000,-1,-1,-1
224,50,568.51,185.65,105.88,283.83,1.0000,-1,-1,-1
224,52,854.36,409.33,144.98,226.05,1.0000,-1,-1,-1
224,56,1084.20,322.16,95.06,101.26,1.0000,-1,-1,-1
224,57,745.10,409.84,104.84,172.64,1.0000,-1,-1,-1
225,16,659.17,287.45,131.56,180.13,1.0000,-1,-1,-1
225,46,970.00,430.77,92.09,201.13,1.0000,-1,-1,-1
225,47,772.45,178.65,108.51,195.86,1.0000,-1,-1,-1
225,49,783.57,307.41,101.92,215.27,1.0000,-1,-1,-1
225,50,577.05,184.49,106.40,285.23,1.0000,-1,-1,-1
225,52,858.50,409.71,145.75,227.25,1.0000,-1,-1,-1
225,56,1105.35,324.58,94.38,100.53,1.0000,-1,-1,-1
225,57,748.80,406.42,103.90,171.11,1.0000,-1,-1,-1
226,16,661.07,285.88,131.75,180.39,1.0000,-1,-1,-1
226,46,973.55,431.86,87.86,198.64,1.0000,-1,-1,-1
226,47,778.66,175.03,108.79,196.38,1.0000,-1,-1,-1
226,49,777.28,303.14,102.07,215.57,1.0000,-1,-1,-1
226,50,585.59,183.33,106.91,286.62,1.0000,-1,-1,-1
226,52,862.65,410.09,146.52,228.45,1.0000,-1,-1,-1
226,56,1126.50,327.00,93.69,99.80,1.0000,-1,-1,-1
226,57,752.52,403.01,102.96,169.56,1.0000,-1,-1,-1
227,16,662.97,284.30,131.93,180.64,1.0000,-1,-1,-1
227,46,975.60,434.13,85.12,197.47,1.0000,-1,-1,-1
227,49,770.99,298.87,102.21,215.87,1.0000,-1,-1,-1
227,50,594.14,182.18,107.43,288.00,1.0000,-1,-1,-1
227,52,866.80,410.47,147.28,229.64,1.0000,-1,-1,-1
227,56,1147.66,329.43,93.01,99.07,1.0000,-1,-1,-1
227,57,756.24,399.61,102.02,168.00,1.0000,-1,-1,-1
228,16,664.88,282.72,132.12,180.89,1.0000,-1,-1,-1
228,46,976.39,435.75,83.68,197.22,1.0000,-1,-1,-1
228,49,764.70,294.60,102.35,216.18,1.0000,-1,-1,-1
228,50,602.68,181.03,107.94,289.38,1.0000,-1,-1,-1
228,52,870.96,410.86,148.04,230.82,1.0000,-1,-1,-1
228,56,1168.81,331.86,92.31,98.33,1.0000,-1,-1,-1
228,57,759.96,396.22,101.06,166.42,1.0000,-1,-1,-1
229,16,666.78,281.14,132.30,181.15,1.0000,-1,-1,-1
229,46,976.31,436.13,83.33,194.54,1.0000,-1,-1,-1
229,49,758.41,290.32,102.50,216.48,1.0000,-1,-1,-1
229,50,611.23,179.88,108.45,290.74,1.0000,-1,-1,-1
229,52,875.11,411.25,148.80,232.00,1.0000,-1,-1,-1
229,56,1189.97,334.29,91.61,97.58,1.0000,-1,-1,-1
229,57,763.68,392.83,100.09,164.83,1.0000,-1,-1,-1
230,16,668.68,279.56,132.49,181.40,1.0000,-1,-1,-1
230,46,975.20,436.92,83.68,192.75,1.0000,-1,-1,-1
230,49,752.12,286.05,102.64,216.78,1.0000,-1,-1,-1
230,50,619.77,178.74,108.96,292.11,1.0000,-1,-1,-1
230,52,879.27,411.64,149.55,233.17,1.0000,-1,-1,-1
230,56,1211.14,336.73,90.91,96.83,1.0000,-1,-1,-1
230,57,767.42,389.46,99.12,163.23,1.0000,-1,-1,-1
231,46,973.95,439.06,84.45,190.46,1.0000,-1,-1,-1
231,49,745.83,281.78,102.78,217.08,1.0000,-1,-1,-1
231,50,628.32,177.60,109.47,293.46,1.0000,-1,-1,-1
231,52,883.42,412.04,150.30,234.34,1.0000,-1,-1,-1
231,56,1232.30,339.17,90.19,96.08,1.0000,-1,-1,-1
231,57,771.15,386.09,98.13,161.60,1.0000,-1,-1,-1
232,46,970.17,445.94,85.06,186.57,1.0000,-1,-1,-1
232,49,739.54,277.51,102.93,217.38,1.0000,-1,-1,-1
232,50,636.87,176.47,109.97,294.81,1.0000,-1,-1,-1
232,52,887.58,412.44,151.05,235.50,1.0000,-1,-1,-1
232,56,1253.47,341.61,89.48,95.31,1.0000,-1,-1,-1
232,57,774.89,382.72,97.13,159.96,1.0000,-1,-1,-1
233,46,968.38,450.70,85.35,182.41,1.0000,-1,-1,-1
233,49,733.25,273.24,103.07,217.68,1.0000,-1,-1,-1
233,50,645.42,175.33,110.47,296.16,1.0000,-1,-1,-1
233,52,891.75,412.84,151.79,236.65,1.0000,-1,-1,-1
233,56,1274.64,344.05,88.76,94.54,1.0000,-1,-1,-1
233,57,778.64,379.37,96.13,158.31,1.0000,-1,-1,-1
234,46,967.75,453.88,88.96,178.31,1.0000,-1,-1,-1
234,49,726.96,268.97,103.21,217.98,1.0000,-1,-1,-1
234,50,653.97,174.20,110.97,297.50,1.0000,-1,-1,-1
234,52,895.91,413.24,152.52,237.80,1.0000,-1,-1,-1
234,56,1295.81,346.50,88.03,93.77,1.0000,-1,-1,-1
234,57,782.39,376.03,95.11,156.63,1.0000,-1,-1,-1
234,58,849.16,449.90,79.47,169.26,1.0000,-1,-1,-1
235,46,968.17,462.60,94.43,186.68,1.0000,-1,-1,-1
235,49,720.67,264.69,103.35,218.28,1.0000,-1,-1,-1
235,50,662.53,173.08,111.47,298.83,1.0000,-1,-1,-1
235,52,900.08,413.65,153.26,238.95,1.0000,-1,-1,-1
235,56,1316.99,348.95,87.29,92.99,1.0000,-1,-1,-1
235,57,786.15,372.69,94.08,154.94,1.0000,-1,-1,-1
235,58,856.99,451.99,75.63,161.08,1.0000,-1,-1,-1
236,46,976.38,466.32,96.33,196.74,1.0000,-1,-1,-1
236,49,714.38,260.42,103.49,218.58,1.0000,-1,-1,-1
236,52,904.24,414.06,153.99,240.09,1.0000,-1,-1,-1
236,56,1338.17,351.40,86.55,92.20,1.0000,-1,-1,-1
236,57,789.91,369.36,93.05,153.23,1.0000,-1,-1,-1
236,58,864.92,454.31,71.58,152.46,1.0000,-1,-1,-1
237,46,980.85,460.00,104.51,208.09,1.0000,-1,-1,-1
237,49,708.09,256.15,103.63,218.88,1.0000,-1,-1,-1
237,52,908.41,414.47,154.71,241.22,1.0000,-1,-1,-1
237,56,1359.35,353.86,85.81,91.40,1.0000,-1,-1,-1
237,57,793.68,366.05,92.00,151.50,1.0000,-1,-1,-1
237,58,872.97,456.89,67.29,143.32,1.0000,-1,-1,-1
238,46,984.75,453.83,112.14,217.05,1.0000,-1,-1,-1
238,49,701.80,251.88,103.78,219.18,1.0000,-1,-1,-1
238,52,912.58,414.89,155.44,242.35,1.0000,-1,-1,-1
238,56,1380.54,356.32,85.05,90.60,1.0000,-1,-1,-1
238,57,797.46,362.74,90.93,149.75,1.0000,-1,-1,-1
238,58,881.18,459.78,62.71,133.55,1.0000,-1,-1,-1
239,46,992.34,447.50,117.27,223.85,1.0000,-1,-1,-1
239,49,695.51,247.61,103.92,219.48,1.0000,-1,-1,-1
239,52,916.75,415.31,156.16,243.47,1.0000,-1,-1,-1
239,57,801.24,359.44,89.86,147.98,1.0000,-1,-1,-1
239,58,889.56,463.05,57.76,123.02,1.0000,-1,-1,-1
240,46,998.06,440.05,121.99,229.01,1.0000,-1,-1,-1
240,49,689.22,243.34,104.06,219.78,1.0000,-1,-1,-1
240,52,920.93,415.73,156.87,244.59,1.0000,-1,-1,-1
240,57,805.02,356.16,88.77,146.19,1.0000,-1,-1,-1
240,58,898.17,466.82,52.35,111.49,1.0000,-1,-1,-1
241,46,1010.96,433.61,122.54,234.31,1.0000,-1,-1,-1
241,52,925.10,416.15,157.59,245.70,1.0000,-1,-1,-1
241,57,808.82,352.88,87.67,144.37,1.0000,-1,-1,-1
241,58,907.10,471.26,46.31,98.62,1.0000,-1,-1,-1
242,46,1027.74,420.89,119.97,237.60,1.0000,-1,-1,-1
242,52,929.28,416.57,158.30,246.81,1.0000,-1,-1,-1
242,57,812.62,349.62,86.55,142.53,1.0000,-1,-1,-1
242,58,916.49,476.68,39.35,83.81,1.0000,-1,-1,-1
243,46,1038.68,413.74,117.90,241.47,1.0000,-1,-1,-1
243,52,933.46,417.00,159.01,247.91,1.0000,-1,-1,-1
243,57,816.43,346.37,85.42,140.67,1.0000,-1,-1,-1
243,58,926.65,483.72,30.86,65.73,1.0000,-1,-1,-1
244,46,1048.93,407.62,115.29,245.15,1.0000,-1,-1,-1
244,52,937.64,417.43,159.71,249.01,1.0000,-1,-1,-1
244,57,820.24,343.13,84.27,138.78,1.0000,-1,-1,-1
244,58,938.54,494.49,18.88,40.21,1.0000,-1,-1,-1
244,60,896.44,459.91,133.26,161.14,1.0000,-1,-1,-1
244,61,865.04,324.52,195.25,161.66,1.0000,-1,-1,-1
245,46,1062.02,404.07,110.25,245.93,1.0000,-1,-1,-1
245,52,941.82,417.86,160.41,250.10,1.0000,-1,-1,-1
245,57,824.07,339.91,83.11,136.87,1.0000,-1,-1,-1
245,58,944.45,492.50,18.88,40.21,1.0000,-1,-1,-1
245,60,905.90,458.60,134.01,162.19,1.0000,-1,-1,-1
245,61,873.74,324.29,184.96,153.60,1.0000,-1,-1,-1
245,62,720.45,369.26,93.19,240.99,1.0000,-1,-1,-1
246,46,1072.33,403.01,106.47,244.41,1.0000,-1,-1,-1
246,52,946.01,418.30,161.11,251.19,1.0000,-1,-1,-1
246,57,827.90,336.69,81.94,134.93,1.0000,-1,-1,-1
246,58,950.36,490.50,18.88,40.21,1.0000,-1,-1,-1
246,60,917.50,458.12,136.40,163.18,1.0000,-1,-1,-1
246,61,887.40,322.93,177.31,150.29,1.0000,-1,-1,-1
246,62,715.41,362.85,89.91,242.88,1.0000,-1,-1,-1
247,46,1076.83,403.49,107.26,239.33,1.0000,-1,-1,-1
247,52,950.19,418.74,161.80,252.27,1.0000,-1,-1,-1
247,57,831.74,333.50,80.74,132.96,1.0000,-1,-1,-1
247,58,956.27,488.51,18.88,40.21,1.0000,-1,-1,-1
247,60,931.55,457.59,141.47,163.91,1.0000,-1,-1,-1
247,61,921.11,322.27,161.98,146.39,1.0000,-1,-1,-1
247,62,711.91,361.20,87.46,236.26,1.0000,-1,-1,-1
248,46,1077.42,403.56,113.06,234.11,1.0000,-1,-1,-1
248,52,954.38,419.18,162.50,253.35,1.0000,-1,-1,-1
248,57,835.59,330.31,79.53,130.97,1.0000,-1,-1,-1
248,58,962.18,486.52,18.88,40.21,1.0000,-1,-1,-1
248,60,942.09,455.42,147.17,164.54,1.0000,-1,-1,-1
248,61,946.98,320.93,144.68,142.14,1.0000,-1,-1,-1
248,62,708.10,337.16,75.49,191.35,1.0000,-1,-1,-1
249,46,1076.18,403.85,122.66,228.05,1.0000,-1,-1,-1
249,52,958.56,419.62,163.18,254.43,1.0000,-1,-1,-1
249,57,839.45,327.15,78.30,128.94,1.0000,-1,-1,-1
249,58,968.09,484.52,18.88,40.21,1.0000,-1,-1,-1
249,60,943.63,454.93,149.14,166.46,1.0000,-1,-1,-1
249,61,956.89,317.29,137.21,142.93,1.0000,-1,-1,-1
249,62,705.36,329.53,68.81,174.41,1.0000,-1,-1,-1
249,64,384.37,457.83,112.85,164.54,1.0000,-1,-1,-1
250,46,1072.25,402.73,133.38,222.85,1.0000,-1,-1,-1
250,52,962.75,420.06,163.87,255.50,1.0000,-1,-1,-1
250,57,843.32,324.00,77.04,126.88,1.0000,-1,-1,-1
250,58,974.00,482.53,18.88,40.21,1.0000,-1,-1,-1
250,60,931.65,449.58,164.20,172.87,1.0000,-1,-1,-1
250,61,964.09,308.70,143.82,149.24,1.0000,-1,-1,-1
250,62,702.98,322.81,61.40,155.64,1.0000,-1,-1,-1
250,64,367.56,455.66,117.15,164.81,1.0000,-1,-1,-1
251,46,1067.72,400.38,142.86,219.67,1.0000,-1,-1,-1
251,57,847.20,320.86,75.77,124.78,1.0000,-1,-1,-1
251,58,979.91,480.54,18.88,40.21,1.0000,-1,-1,-1
251,60,938.94,447.33,167.08,175.90,1.0000,-1,-1,-1
251,61,967.69,300.32,151.73,155.57,1.0000,-1,-1,-1
251,62,701.11,317.39,52.97,134.27,1.0000,-1,-1,-1
251,63,606.62,362.13,88.02,171.30,1.0000,-1,-1,-1
251,64,358.45,452.29,119.04,164.69,1.0000,-1,-1,-1
252,46,1078.67,394.08,149.73,214.66,1.0000,-1,-1,-1
252,57,851.09,317.75,74.48,122.65,1.0000,-1,-1,-1
252,58,985.82,478.54,18.88,40.21,1.0000,-1,-1,-1
252,60,930.43,449.35,183.81,199.99,1.0000,-1,-1,-1
252,61,978.55,291.14,157.76,154.49,1.0000,-1,-1,-1
252,62,700.05,314.03,42.91,108.78,1.0000,-1,-1,-1
252,63,600.87,346.78,90.08,175.00,1.0000,-1,-1,-1
252,64,341.57,446.12,120.99,167.29,1.0000,-1,-1,-1
252,65,632.97,331.00,136.70,240.57,1.0000,-1,-1,-1
253,46,1087.59,390.01,152.75,210.46,1.0000,-1,-1,-1
253,57,854.99,314.65,73.16,120.48,1.0000,-1,-1,-1
253,58,991.73,476.55,18.88,40.21,1.0000,-1,-1,-1
253,60,934.49,446.18,185.06,206.80,1.0000,-1,-1,-1
253,61,988.38,285.69,160.37,154.69,1.0000,-1,-1,-1
253,62,700.62,314.77,29.62,75.08,1.0000,-1,-1,-1
253,63,598.44,340.63,90.66,176.19,1.0000,-1,-1,-1
253,64,330.40,442.10,120.89,173.21,1.0000,-1,-1,-1
253,65,630.14,328.44,132.43,236.10,1.0000,-1,-1,-1
254,46,1100.22,385.48,159.46,206.60,1.0000,-1,-1,-1
254,57,858.91,311.57,71.82,118.27,1.0000,-1,-1,-1
254,58,997.64,474.56,18.88,40.21,1.0000,-1,-1,-1
254,60,939.58,444.90,189.30,211.54,1.0000,-1,-1,-1
254,61,999.97,281.63,162.97,152.29,1.0000,-1,-1,-1
254,62,694.53,298.67,29.62,75.08,1.0000,-1,-1,-1
254,63,594.98,333.95,90.61,177.18,1.0000,-1,-1,-1
254,64,319.18,438.46,121.00,178.38,1.0000,-1,-1,-1
254,65,627.17,326.06,130.84,230.17,1.0000,-1,-1,-1
255,46,1106.87,380.09,157.07,204.12,1.0000,-1,-1,-1
255,58,1003.55,472.57,18.88,40.21,1.0000,-1,-1,-1
255,60,997.91,429.54,151.76,190.47,1.0000,-1,-1,-1
255,61,1010.88,281.58,156.78,149.70,1.0000,-1,-1,-1
255,62,688.45,282.56,29.62,75.08,1.0000,-1,-1,-1
255,63,592.00,329.39,90.95,177.78,1.0000,-1,-1,-1
255,64,309.75,442.46,118.62,177.99,1.0000,-1,-1,-1
255,65,625.91,323.00,129.94,223.46,1.0000,-1,-1,-1
256,46,1115.13,371.92,151.44,203.05,1.0000,-1,-1,-1
256,58,1009.46,470.57,18.88,40.21,1.0000,-1,-1,-1
256,60,1007.89,433.11,142.12,185.49,1.0000,-1,-1,-1
256,61,1029.32,271.42,147.62,145.29,1.0000,-1,-1,-1
256,62,682.36,266.45,29.62,75.08,1.0000,-1,-1,-1
256,63,592.12,325.79,89.57,177.52,1.0000,-1,-1,-1
256,64,307.08,433.40,114.42,182.57,1.0000,-1,-1,-1
256,65,624.31,316.76,131.03,215.72,1.0000,-1,-1,-1
257,46,1130.22,355.56,142.26,198.44,1.0000,-1,-1,-1
257,58,1015.37,468.58,18.88,40.21,1.0000,-1,-1,-1
257,60,1006.71,428.00,149.24,189.99,1.0000,-1,-1,-1
257,61,1047.29,267.57,144.41,147.27,1.0000,-1,-1,-1
257,62,676.28,250.35,29.62,75.08,1.0000,-1,-1,-1
257,63,586.40,322.08,93.54,182.60,1.0000,-1,-1,-1
257,64,290.16,423.72,113.26,188.69,1.0000,-1,-1,-1
257,65,627.25,305.84,130.08,204.99,1.0000,-1,-1,-1
258,46,1134.34,347.11,138.58,195.53,1.0000,-1,-1,-1
258,58,1021.28,466.59,18.88,40.21,1.0000,-1,-1,-1
258,60,1004.15,422.20,157.60,191.66,1.0000,-1,-1,-1
258,61,1053.59,263.31,142.54,147.92,1.0000,-1,-1,-1
258,62,670.20,234.24,29.62,75.08,1.0000,-1,-1,-1
258,63,580.98,318.43,97.40,184.35,1.0000,-1,-1,-1
258,64,283.22,412.62,108.11,193.86,1.0000,-1,-1,-1
258,65,621.37,300.19,134.17,202.01,1.0000,-1,-1,-1
259,46,1139.80,340.61,133.72,192.79,1.0000,-1,-1,-1
259,58,1027.19,464.59,18.88,40.21,1.0000,-1,-1,-1
259,60,1001.57,416.33,164.04,193.77,1.0000,-1,-1,-1
259,61,1054.38,261.00,143.02,148.29,1.0000,-1,-1,-1
259,62,664.11,218.14,29.62,75.08,1.0000,-1,-1,-1
259,63,573.16,314.41,96.94,181.85,1.0000,-1,-1,-1
259,64,273.15,408.13,105.22,192.84,1.0000,-1,-1,-1
259,65,629.67,292.73,129.26,196.26,1.0000,-1,-1,-1
259,66,720.11,443.92,146.31,170.79,1.0000,-1,-1,-1
260,46,1140.58,335.23,131.57,190.64,1.0000,-1,-1,-1
260,58,1033.10,462.60,18.88,40.21,1.0000,-1,-1,-1
260,60,1002.34,403.27,172.60,200.80,1.0000,-1,-1,-1
260,61,1052.51,255.78,144.43,149.25,1.0000,-1,-1,-1
260,62,658.03,202.03,29.62,75.08,1.0000,-1,-1,-1
260,63,567.69,312.49,95.27,183.66,1.0000,-1,-1,-1
260,64,260.32,404.04,107.22,194.54,1.0000,-1,-1,-1
260,65,634.07,286.92,125.33,192.78,1.0000,-1,-1,-1
260,66,721.17,437.59,149.49,171.78,1.0000,-1,-1,-1
261,46,1139.29,331.65,129.62,189.59,1.0000,-1,-1,-1
261,58,1039.01,460.61,18.88,40.21,1.0000,-1,-1,-1
261,60,1003.78,394.83,176.02,206.08,1.0000,-1,-1,-1
261,61,1053.23,246.32,146.18,146.74,1.0000,-1,-1,-1
261,62,651.94,185.93,29.62,75.08,1.0000,-1,-1,-1
261,63,563.46,307.79,95.53,184.17,1.0000,-1,-1,-1
261,64,248.81,399.86,107.84,195.66,1.0000,-1,-1,-1
261,65,638.03,281.52,121.08,189.20,1.0000,-1,-1,-1
261,66,720.27,430.82,155.37,172.39,1.0000,-1,-1,-1
262,46,1149.65,325.32,120.15,187.02,1.0000,-1,-1,-1
262,58,1044.91,458.61,18.88,40.21,1.0000,-1,-1,-1
262,60,1040.55,393.32,156.73,203.85,1.0000,-1,-1,-1
262,61,1057.85,242.73,145.29,146.70,1.0000,-1,-1,-1
262,62,645.86,169.82,29.62,75.08,1.0000,-1,-1,-1
262,63,570.79,295.48,90.56,184.29,1.0000,-1,-1,-1
262,64,237.31,395.67,108.46,196.78,1.0000,-1,-1,-1
262,65,644.99,273.67,114.83,184.51,1.0000,-1,-1,-1
262,66,722.90,418.99,160.84,171.52,1.0000,-1,-1,-1
263,46,1163.64,315.64,109.49,178.99,1.0000,-1,-1,-1
263,58,1050.82,456.62,18.88,40.21,1.0000,-1,-1,-1
263,60,1055.99,390.20,143.95,200.44,1.0000,-1,-1,-1
263,61,1066.14,242.84,139.91,146.55,1.0000,-1,-1,-1
263,62,639.77,153.71,29.62,75.08,1.0000,-1,-1,-1
263,63,572.84,290.61,85.24,183.17,1.0000,-1,-1,-1
263,64,225.81,391.49,109.07,197.90,1.0000,-1,-1,-1
263,65,649.64,275.36,108.63,174.90,1.0000,-1,-1,-1
263,66,727.74,414.42,162.95,171.05,1.0000,-1,-1,-1
264,46,1163.71,313.99,105.54,178.17,1.0000,-1,-1,-1
264,58,1056.73,454.63,18.88,40.21,1.0000,-1,-1,-1
264,60,1057.17,388.05,139.24,195.72,1.0000,-1,-1,-1
264,61,1077.59,239.77,130.80,147.37,1.0000,-1,-1,-1
264,62,633.69,137.61,29.62,75.08,1.0000,-1,-1,-1
264,63,571.12,288.00,80.09,179.30,1.0000,-1,-1,-1
264,64,214.31,387.31,109.68,199.01,1.0000,-1,-1,-1
264,65,652.10,272.60,102.60,168.00,1.0000,-1,-1,-1
264,66,736.27,410.36,162.99,169.78,1.0000,-1,-1,-1
265,46,1165.94,311.08,100.94,176.64,1.0000,-1,-1,-1
265,60,1053.09,386.76,138.51,191.17,1.0000,-1,-1,-1
265,61,1089.63,236.98,122.10,147.48,1.0000,-1,-1,-1
265,62,627.61,121.50,29.62,75.08,1.0000,-1,-1,-1
265,63,571.04,286.78,74.95,174.82,1.0000,-1,-1,-1
265,64,202.81,383.14,110.29,200.11,1.0000,-1,-1,-1
265,65,655.12,269.26,97.57,162.98,1.0000,-1,-1,-1
265,66,748.39,407.15,157.34,167.72,1.0000,-1,-1,-1
266,46,1168.85,308.45,97.83,176.21,1.0000,-1,-1,-1
266,60,1047.16,384.43,139.74,186.47,1.0000,-1,-1,-1
266,61,1088.89,232.58,119.62,148.44,1.0000,-1,-1,-1
266,62,621.52,105.40,29.62,75.08,1.0000,-1,-1,-1
266,63,570.31,289.24,70.24,168.82,1.0000,-1,-1,-1
266,64,191.32,378.96,110.89,201.20,1.0000,-1,-1,-1
266,65,657.21,269.96,93.06,157.19,1.0000,-1,-1,-1
266,66,755.49,402.01,158.32,168.77,1.0000,-1,-1,-1
267,46,1160.10,302.69,99.92,176.60,1.0000,-1,-1,-1
267,60,1042.03,381.64,144.68,184.75,1.0000,-1,-1,-1
267,61,1079.65,238.16,119.45,142.34,1.0000,-1,-1,-1
267,62,615.44,89.29,29.62,75.08,1.0000,-1,-1,-1
267,63,562.17,290.42,69.44,161.11,1.0000,-1,-1,-1
267,64,179.82,374.80,111.49,202.29,1.0000,-1,-1,-1
267,65,654.49,272.69,91.75,151.27,1.0000,-1,-1,-1
267,66,762.60,396.87,159.29,169.80,1.0000,-1,-1,-1
267,67,796.34,396.12,112.52,163.05,1.0000,-1,-1,-1
268,46,1156.83,298.76,100.13,176.90,1.0000,-1,-1,-1
268,60,1046.79,377.77,145.12,185.31,1.0000,-1,-1,-1
268,61,1085.81,235.50,117.81,140.39,1.0000,-1,-1,-1
268,62,609.35,73.19,29.62,75.08,1.0000,-1,-1,-1
268,63,555.41,291.39,71.15,154.27,1.0000,-1,-1,-1
268,64,168.33,370.63,112.09,203.38,1.0000,-1,-1,-1
268,65,648.69,276.60,91.59,145.60,1.0000,-1,-1,-1
268,66,769.71,391.74,160.26,170.83,1.0000,-1,-1,-1
268,67,789.11,391.68,121.30,161.59,1.0000,-1,-1,-1
269,46,1159.22,293.21,100.18,177.00,1.0000,-1,-1,-1
269,60,1051.55,373.90,145.56,185.87,1.0000,-1,-1,-1
269,61,1091.98,232.85,116.14,138.40,1.0000,-1,-1,-1
269,62,603.27,57.08,29.62,75.08,1.0000,-1,-1,-1
269,63,548.48,291.07,72.99,147.38,1.0000,-1,-1,-1
269,64,156.84,366.47,112.69,204.45,1.0000,-1,-1,-1
269,65,642.56,277.46,92.31,140.05,1.0000,-1,-1,-1
269,66,776.82,386.61,161.22,171.86,1.0000,-1,-1,-1
269,67,784.15,388.91,129.04,162.05,1.0000,-1,-1,-1
270,46,1161.62,287.67,100.23,177.09,1.0000,-1,-1,-1
270,60,1070.69,327.35,158.31,215.02,1.0000,-1,-1,-1
270,61,1098.17,230.21,114.46,136.39,1.0000,-1,-1,-1
270,62,597.18,40.97,29.62,75.08,1.0000,-1,-1,-1
270,63,540.81,290.76,75.43,142.29,1.0000,-1,-1,-1
270,64,145.35,362.31,113.28,205.53,1.0000,-1,-1,-1
270,65,636.62,277.52,93.10,135.00,1.0000,-1,-1,-1
270,66,783.93,381.48,162.17,172.88,1.0000,-1,-1,-1
270,67,780.06,385.50,135.12,159.44,1.0000,-1,-1,-1
271,46,1164.01,282.13,100.28,177.18,1.0000,-1,-1,-1
271,60,1076.90,320.68,159.32,216.39,1.0000,-1,-1,-1
271,61,1104.36,227.59,112.74,134.35,1.0000,-1,-1,-1
271,62,591.10,24.87,29.62,75.08,1.0000,-1,-1,-1
271,63,532.66,290.77,78.11,138.06,1.0000,-1,-1,-1
271,64,133.86,358.15,113.86,206.59,1.0000,-1,-1,-1
271,65,629.51,277.56,95.09,131.02,1.0000,-1,-1,-1
271,66,791.05,376.36,163.12,173.89,1.0000,-1,-1,-1
271,67,778.15,384.23,139.14,160.17,1.0000,-1,-1,-1
272,46,1166.40,276.58,100.34,177.27,1.0000,-1,-1,-1
272,60,1083.11,314.01,160.32,217.75,1.0000,-1,-1,-1
272,61,1110.57,224.98,111.00,132.28,1.0000,-1,-1,-1
272,62,585.01,8.76,29.62,75.08,1.0000,-1,-1,-1
272,63,525.14,288.97,79.91,133.37,1.0000,-1,-1,-1
272,64,122.37,353.99,114.45,207.65,1.0000,-1,-1,-1
272,65,619.39,275.19,95.53,127.11,1.0000,-1,-1,-1
272,66,798.17,371.23,164.07,174.90,1.0000,-1,-1,-1
272,67,785.91,383.56,134.11,158.18,1.0000,-1,-1,-1
272,68,694.93,663.49,65.22,54.55,1.0000,-1,-1,-1
273,46,1168.79,271.04,100.39,177.36,1.0000,-1,-1,-1
273,60,1089.32,307.35,161.32,219.10,1.0000,-1,-1,-1
273,61,1116.80,222.39,109.24,130.17,1.0000,-1,-1,-1
273,62,578.93,-7.34,29.62,75.08,1.0000,-1,-1,-1
273,63,520.80,288.28,80.14,129.04,1.0000,-1,-1,-1
273,64,110.89,349.84,115.03,208.71,1.0000,-1,-1,-1
273,65,616.90,270.98,94.36,124.44,1.0000,-1,-1,-1
273,66,805.30,366.12,165.01,175.90,1.0000,-1,-1,-1
273,67,798.23,382.88,124.09,153.21,1.0000,-1,-1,-1
273,68,691.88,661.69,65.86,56.97,1.0000,-1,-1,-1
274,46,1171.18,265.49,100.44,177.45,1.0000,-1,-1,-1
274,60,1095.54,300.69,162.31,220.45,1.0000,-1,-1,-1
274,61,1123.04,219.82,107.44,128.03,1.0000,-1,-1,-1
274,62,572.85,-23.45,29.62,75.08,1.0000,-1,-1,-1
274,63,518.18,288.03,78.42,125.22,1.0000,-1,-1,-1
274,64,99.40,345.69,115.61,209.76,1.0000,-1,-1,-1
274,65,617.72,268.14,93.53,122.95,1.0000,-1,-1,-1
274,66,812.42,361.00,165.94,176.89,1.0000,-1,-1,-1
274,67,809.37,382.11,113.15,147.42,1.0000,-1,-1,-1
274,68,686.40,662.14,66.22,57.50,1.0000,-1,-1,-1
274,69,1038.01,375.01,114.53,156.73,1.0000,-1,-1,-1
275,46,1173.57,259.95,100.49,177.54,1.0000,-1,-1,-1
275,60,1101.76,294.03,163.29,221.79,1.0000,-1,-1,-1
275,61,1129.29,217.26,105.61,125.85,1.0000,-1,-1,-1
275,62,566.76,-39.56,29.62,75.08,1.0000,-1,-1,-1
275,63,515.91,286.90,74.95,122.46,1.0000,-1,-1,-1
275,64,87.92,341.54,116.19,210.81,1.0000,-1,-1,-1
275,65,617.33,264.53,89.49,121.99,1.0000,-1,-1,-1
275,66,819.55,355.89,166.87,177.88,1.0000,-1,-1,-1
275,67,814.07,380.34,108.91,143.08,1.0000,-1,-1,-1
275,68,680.97,660.51,69.49,59.52,1.0000,-1,-1,-1
275,69,1025.27,363.51,123.01,168.34,1.0000,-1,-1,-1
276,46,1175.96,254.41,100.54,177.63,1.0000,-1,-1,-1
276,60,1107.99,287.38,164.27,223.11,1.0000,-1,-1,-1
276,61,1135.56,214.73,103.75,123.64,1.0000,-1,-1,-1
276,62,560.68,-55.66,29.62,75.08,1.0000,-1,-1,-1
276,63,514.30,286.75,71.46,120.58,1.0000,-1,-1,-1
276,64,76.44,337.40,116.76,211.85,1.0000,-1,-1,-1
276,65,615.50,266.48,87.95,119.77,1.0000,-1,-1,-1
276,66,826.68,350.77,167.79,178.87,1.0000,-1,-1,-1
276,67,809.72,375.54,110.28,140.06,1.0000,-1,-1,-1
276,68,678.39,659.30,73.29,60.91,1.0000,-1,-1,-1
276,69,1012.80,352.39,130.95,179.19,1.0000,-1,-1,-1
276,70,1016.10,229.13,137.27,284.22,1.0000,-1,-1,-1
277,46,1178.35,248.86,100.59,177.72,1.0000,-1,-1,-1
277,60,1114.21,280.73,165.24,224.44,1.0000,-1,-1,-1
277,61,1141.85,212.21,101.86,121.38,1.0000,-1,-1,-1
277,62,554.59,-71.77,29.62,75.08,1.0000,-1,-1,-1
277,63,505.09,286.82,68.74,118.24,1.0000,-1,-1,-1
277,64,64.96,333.26,117.33,212.88,1.0000,-1,-1,-1
277,65,603.81,265.32,88.71,118.29,1.0000,-1,-1,-1
277,66,833.82,345.67,168.71,179.84,1.0000,-1,-1,-1
277,67,797.03,369.59,113.32,138.28,1.0000,-1,-1,-1
277,68,674.03,657.52,75.45,62.70,1.0000,-1,-1,-1
277,69,1000.55,341.58,138.43,189.43,1.0000,-1,-1,-1
277,70,1007.11,213.38,143.00,296.09,1.0000,-1,-1,-1
278,46,1180.74,243.32,100.64,177.81,1.0000,-1,-1,-1
278,60,1120.44,274.09,166.21,225.75,1.0000,-1,-1,-1
278,61,1148.16,209.72,99.93,119.08,1.0000,-1,-1,-1
278,62,548.51,-87.87,29.62,75.08,1.0000,-1,-1,-1
278,63,498.90,288.11,67.08,117.11,1.0000,-1,-1,-1
278,64,53.48,329.12,117.90,213.91,1.0000,-1,-1,-1
278,65,592.62,263.05,89.61,116.88,1.0000,-1,-1,-1
278,66,840.95,340.56,169.62,180.82,1.0000,-1,-1,-1
278,67,789.70,366.22,115.65,137.42,1.0000,-1,-1,-1
278,68,669.70,655.77,77.56,64.45,1.0000,-1,-1,-1
278,69,1006.99,348.74,120.97,168.46,1.0000,-1,-1,-1
278,70,998.23,197.85,148.51,307.51,1.0000,-1,-1,-1
279,46,1183.14,237.77,100.70,177.90,1.0000,-1,-1,-1
279,60,1126.67,267.45,167.17,227.06,1.0000,-1,-1,-1
279,61,1154.48,207.25,97.96,116.74,1.0000,-1,-1,-1
279,63,491.77,288.83,65.21,115.00,1.0000,-1,-1,-1
279,64,42.01,324.98,118.46,214.94,1.0000,-1,-1,-1
279,65,583.00,262.48,91.80,115.27,1.0000,-1,-1,-1
279,66,848.09,335.46,170.53,181.79,1.0000,-1,-1,-1
279,67,791.78,364.79,112.94,136.97,1.0000,-1,-1,-1
279,68,665.39,654.04,79.60,66.15,1.0000,-1,-1,-1
279,69,998.15,341.28,124.20,172.96,1.0000,-1,-1,-1
279,70,989.45,182.53,153.83,318.51,1.0000,-1,-1,-1
280,46,1185.53,232.23,100.75,177.99,1.0000,-1,-1,-1
280,60,1132.91,260.82,168.13,228.35,1.0000,-1,-1,-1
280,61,1160.83,204.80,95.95,114.34,1.0000,-1,-1,-1
280,63,492.91,290.64,59.33,111.78,1.0000,-1,-1,-1
280,64,30.53,320.85,119.03,215.96,1.0000,-1,-1,-1
280,65,573.67,262.38,91.79,113.17,1.0000,-1,-1,-1
280,66,855.23,330.36,171.43,182.75,1.0000,-1,-1,-1
280,67,791.49,361.28,112.22,136.09,1.0000,-1,-1,-1
280,68,661.12,652.33,81.60,67.81,1.0000,-1,-1,-1
280,69,989.35,333.88,127.35,177.35,1.0000,-1,-1,-1
280,70,980.76,167.39,158.97,329.15,1.0000,-1,-1,-1
281,46,1187.92,226.69,100.80,178.08,1.0000,-1,-1,-1
281,60,1139.14,254.18,169.08,229.65,1.0000,-1,-1,-1
281,61,1167.19,202.38,93.90,111.90,1.0000,-1,-1,-1
281,63,488.57,291.11,56.64,106.45,1.0000,-1,-1,-1
281,64,19.06,316.72,119.59,216.97,1.0000,-1,-1,-1
281,65,565.89,263.37,90.31,111.00,1.0000,-1,-1,-1
281,66,862.38,325.26,172.33,183.71,1.0000,-1,-1,-1
281,67,791.19,357.77,111.48,135.20,1.0000,-1,-1,-1
281,68,656.86,650.65,83.55,69.43,1.0000,-1,-1,-1
281,69,1013.75,349.69,97.88,151.93,1.0000,-1,-1,-1
281,70,972.15,152.42,163.94,339.45,1.0000,-1,-1,-1
281,72,831.59,367.39,60.60,127.58,1.0000,-1,-1,-1
282,46,1190.31,221.14,100.85,178.17,1.0000,-1,-1,-1
282,60,1145.38,247.55,170.02,230.93,1.0000,-1,-1,-1
282,61,1173.58,199.99,91.81,109.40,1.0000,-1,-1,-1
282,63,482.07,292.98,55.39,102.15,1.0000,-1,-1,-1
282,64,7.58,312.59,120.14,217.98,1.0000,-1,-1,-1
282,65,558.44,263.66,84.75,108.40,1.0000,-1,-1,-1
282,66,869.52,320.17,173.23,184.66,1.0000,-1,-1,-1
282,67,798.91,359.95,95.83,129.06,1.0000,-1,-1,-1
282,68,652.63,648.98,85.45,71.01,1.0000,-1,-1,-1
282,69,997.40,345.64,99.34,147.20,1.0000,-1,-1,-1
282,70,963.61,137.60,168.77,349.45,1.0000,-1,-1,-1
282,72,832.04,369.12,55.85,117.59,1.0000,-1,-1,-1
283,46,1192.70,215.60,100.90,178.26,1.0000,-1,-1,-1
283,60,1151.63,240.93,170.96,232.21,1.0000,-1,-1,-1
283,61,1180.00,197.62,89.66,106.85,1.0000,-1,-1,-1
283,63,453.04,294.92,67.95,106.64,1.0000,-1,-1,-1
283,64,-3.89,308.46,120.70,218.99,1.0000,-1,-1,-1
283,65,555.66,267.85,78.39,102.84,1.0000,-1,-1,-1
283,66,876.67,315.07,174.11,185.61,1.0000,-1,-1,-1
283,67,796.00,358.37,91.27,125.53,1.0000,-1,-1,-1
283,68,648.42,647.33,87.31,72.56,1.0000,-1,-1,-1
283,69,984.94,343.19,102.52,147.23,1.0000,-1,-1,-1
283,70,955.14,122.92,173.47,359.17,1.0000,-1,-1,-1
283,72,832.70,371.31,50.66,106.67,1.0000,-1,-1,-1
284,46,1195.09,210.06,100.95,178.35,1.0000,-1,-1,-1
284,60,1157.87,234.31,171.90,233.48,1.0000,-1,-1,-1
284,61,1186.44,195.29,87.46,104.23,1.0000,-1,-1,-1
284,63,443.56,294.87,73.01,108.19,1.0000,-1,-1,-1
284,64,-15.36,304.33,121.25,219.99,1.0000,-1,-1,-1
284,65,556.61,269.94,70.16,99.17,1.0000,-1,-1,-1
284,66,883.82,309.98,175.00,186.55,1.0000,-1,-1,-1
284,67,787.81,355.43,92.27,124.27,1.0000,-1,-1,-1
284,68,644.22,645.69,89.13,74.07,1.0000,-1,-1,-1
284,69,972.76,341.43,105.69,145.34,1.0000,-1,-1,-1
284,70,946.73,108.37,178.04,368.64,1.0000,-1,-1,-1
284,72,833.66,374.13,44.88,94.50,1.0000,-1,-1,-1
285,46,1197.48,204.51,101.00,178.44,1.0000,-1,-1,-1
285,60,1164.12,227.69,172.83,234.74,1.0000,-1,-1,-1
285,61,1192.91,192.99,85.21,101.54,1.0000,-1,-1,-1
285,63,435.05,291.39,75.29,105.38,1.0000,-1,-1,-1
285,64,-26.83,300.21,121.80,220.99,1.0000,-1,-1,-1
285,65,553.76,268.83,66.88,96.57,1.0000,-1,-1,-1
285,66,890.97,304.89,175.88,187.49,1.0000,-1,-1,-1
285,67,779.94,353.43,94.98,124.09,1.0000,-1,-1,-1
285,68,640.05,644.07,90.92,75.56,1.0000,-1,-1,-1
285,69,962.62,341.50,107.83,144.78,1.0000,-1,-1,-1
285,70,938.38,93.93,182.49,377.86,1.0000,-1,-1,-1
285,72,835.05,377.86,38.23,80.50,1.0000,-1,-1,-1
286,46,1199.87,198.97,101.05,178.53,1.0000,-1,-1,-1
286,60,1170.37,221.07,173.75,235.99,1.0000,-1,-1,-1
286,61,1199.41,190.73,82.89,98.78,1.0000,-1,-1,-1
286,63,427.85,289.49,77.36,103.25,1.0000,-1,-1,-1
286,64,-38.29,296.09,122.35,221.98,1.0000,-1,-1,-1
286,65,546.85,266.58,65.96,95.15,1.0000,-1,-1,-1
286,66,898.13,299.81,176.76,188.42,1.0000,-1,-1,-1
286,67,772.56,352.34,98.76,124.94,1.0000,-1,-1,-1
286,68,635.89,642.46,92.67,77.01,1.0000,-1,-1,-1
286,69,955.12,336.91,106.40,136.52,1.0000,-1,-1,-1
286,70,930.08,79.61,186.84,386.87,1.0000,-1,-1,-1
286,72,837.16,383.10,30.16,63.49,1.0000,-1,-1,-1
287,46,1202.27,193.42,101.10,178.62,1.0000,-1,-1,-1
287,60,1176.62,214.46,174.67,237.24,1.0000,-1,-1,-1
287,61,1205.94,188.50,80.51,95.94,1.0000,-1,-1,-1
287,63,427.40,287.22,73.55,100.52,1.0000,-1,-1,-1
287,64,-49.76,291.97,122.89,222.97,1.0000,-1,-1,-1
287,65,532.03,262.18,68.14,95.69,1.0000,-1,-1,-1
287,66,905.29,294.73,177.63,189.35,1.0000,-1,-1,-1
287,67,767.20,351.49,99.66,124.98,1.0000,-1,-1,-1
287,68,631.75,640.87,94.39,78.44,1.0000,-1,-1,-1
287,69,970.92,334.22,89.71,127.67,1.0000,-1,-1,-1
287,70,921.83,65.39,191.10,395.67,1.0000,-1,-1,-1
287,72,840.86,391.69,18.89,39.78,1.0000,-1,-1,-1
288,46,1204.66,187.88,101.15,178.71,1.0000,-1,-1,-1
288,60,1182.88,207.85,175.59,238.49,1.0000,-1,-1,-1
288,61,1212.51,186.32,78.06,93.01,1.0000,-1,-1,-1
288,63,419.52,286.11,73.88,98.86,1.0000,-1,-1,-1
288,64,-61.23,287.86,123.43,223.95,1.0000,-1,-1,-1
288,65,519.80,260.75,70.12,95.39,1.0000,-1,-1,-1
288,66,912.44,289.64,178.50,190.28,1.0000,-1,-1,-1
288,67,781.33,351.47,87.56,122.70,1.0000,-1,-1,-1
288,68,627.63,639.29,96.08,79.85,1.0000,-1,-1,-1
288,69,978.56,333.90,77.09,117.88,1.0000,-1,-1,-1
288,70,913.63,51.26,195.26,404.29,1.0000,-1,-1,-1
288,72,838.93,388.42,18.89,39.78,1.0000,-1,-1,-1
288,75,898.09,270.31,52.74,134.30,1.0000,-1,-1,-1
289,46,1207.05,182.34,101.21,178.80,1.0000,-1,-1,-1
289,60,1189.14,201.25,176.50,239.72,1.0000,-1,-1,-1
289,61,1219.12,184.19,75.52,89.99,1.0000,-1,-1,-1
289,63,413.57,284.99,72.65,97.22,1.0000,-1,-1,-1
289,64,-72.69,283.74,123.97,224.93,1.0000,-1,-1,-1
289,65,509.64,258.89,71.56,95.79,1.0000,-1,-1,-1
289,66,919.61,284.57,179.36,191.20,1.0000,-1,-1,-1
289,67,790.90,350.52,76.93,120.75,1.0000,-1,-1,-1
289,68,623.51,637.73,97.74,81.23,1.0000,-1,-1,-1
289,69,977.32,333.88,71.71,110.02,1.0000,-1,-1,-1
289,70,905.47,37.23,199.33,412.72,1.0000,-1,-1,-1
289,71,165.25,395.33,71.25,109.72,1.0000,-1,-1,-1
289,72,837.00,385.16,18.89,39.78,1.0000,-1,-1,-1
289,75,885.57,267.31,58.36,139.59,1.0000,-1,-1,-1
290,46,1209.44,176.79,101.26,178.89,1.0000,-1,-1,-1
290,60,1195.40,194.65,177.40,240.95,1.0000,-1,-1,-1
290,61,1225.77,182.11,72.90,86.87,1.0000,-1,-1,-1
290,63,409.75,282.21,70.85,97.25,1.0000,-1,-1,-1
290,64,-84.15,279.63,124.51,225.91,1.0000,-1,-1,-1
290,65,501.66,258.20,71.44,96.33,1.0000,-1,-1,-1
290,66,926.77,279.49,180.22,192.11,1.0000,-1,-1,-1
290,67,789.26,349.08,71.82,119.72,1.0000,-1,-1,-1
290,68,619.42,636.17,99.37,82.58,1.0000,-1,-1,-1
290,69,978.12,333.90,65.17,104.29,1.0000,-1,-1,-1
290,70,897.35,23.28,203.32,420.98,1.0000,-1,-1,-1
290,71,162.96,396.75,67.21,107.32,1.0000,-1,-1,-1
290,72,835.07,381.89,18.89,39.78,1.0000,-1,-1,-1
290,75,876.24,268.41,59.51,137.82,1.0000,-1,-1,-1
290,77,1165.82,451.60,98.65,139.90,1.0000,-1,-1,-1
290,78,1165.95,300.08,91.65,121.98,1.0000,-1,-1,-1
291,46,1211.83,171.25,101.31,178.98,1.0000,-1,-1,-1
291,60,1201.66,188.05,178.31,242.18,1.0000,-1,-1,-1
291,61,1232.47,180.09,70.18,83.63,1.0000,-1,-1,-1
291,63,397.35,280.31,71.93,97.41,1.0000,-1,-1,-1
291,65,509.81,259.59,60.28,93.70,1.0000,-1,-1,-1
291,66,933.93,274.41,181.07,193.03,1.0000,-1,-1,-1
291,67,785.31,348.35,69.67,118.16,1.0000,-1,-1,-1
291,68,615.33,634.62,100.98,83.92,1.0000,-1,-1,-1
291,69,976.98,331.11,61.06,100.56,1.0000,-1,-1,-1
291,70,889.27,9.40,207.23,429.08,1.0000,-1,-1,-1
291,71,151.10,396.83,71.16,105.18,1.0000,-1,-1,-1
291,72,833.14,378.62,18.89,39.78,1.0000,-1,-1,-1
291,75,869.38,270.90,56.34,133.15,1.0000,-1,-1,-1
291,77,1163.10,447.92,88.88,136.35,1.0000,-1,-1,-1
291,78,1154.78,296.98,93.03,121.16,1.0000,-1,-1,-1
292,46,1214.22,165.71,101.36,179.07,1.0000,-1,-1,-1
292,60,1207.92,181.45,179.20,243.40,1.0000,-1,-1,-1
292,61,1239.23,178.13,67.35,80.25,1.0000,-1,-1,-1
292,63,380.07,277.23,72.25,99.73,1.0000,-1,-1,-1
292,65,502.92,253.13,58.67,87.75,1.0000,-1,-1,-1
292,66,941.10,269.34,181.92,193.93,1.0000,-1,-1,-1
292,67,773.67,341.59,75.24,119.89,1.0000,-1,-1,-1
292,68,611.26,633.09,102.56,85.23,1.0000,-1,-1,-1
292,69,971.04,325.07,60.03,97.22,1.0000,-1,-1,-1
292,70,881.23,-4.39,211.07,437.04,1.0000,-1,-1,-1
292,71,132.05,398.24,76.47,108.07,1.0000,-1,-1,-1
292,72,831.21,375.35,18.89,39.78,1.0000,-1,-1,-1
292,75,856.12,275.09,50.50,128.52,1.0000,-1,-1,-1
292,77,1155.41,444.09,82.62,133.51,1.0000,-1,-1,-1
292,78,1138.74,293.24,90.51,119.98,1.0000,-1,-1,-1
293,46,1216.61,160.16,101.41,179.16,1.0000,-1,-1,-1
293,60,1214.19,174.86,180.09,244.61,1.0000,-1,-1,-1
293,61,1246.05,176.25,64.39,76.73,1.0000,-1,-1,-1
293,63,366.94,275.21,73.72,101.58,1.0000,-1,-1,-1
293,65,494.25,255.28,59.01,88.82,1.0000,-1,-1,-1
293,66,948.27,264.27,182.77,194.84,1.0000,-1,-1,-1
293,67,764.80,338.98,81.23,118.24,1.0000,-1,-1,-1
293,68,607.20,631.57,104.12,86.52,1.0000,-1,-1,-1
293,69,967.59,322.72,57.20,92.64,1.0000,-1,-1,-1
293,70,873.22,-18.12,214.85,444.85,1.0000,-1,-1,-1
293,71,115.23,400.46,80.92,113.02,1.0000,-1,-1,-1
293,72,829.27,372.09,18.89,39.78,1.0000,-1,-1,-1
293,75,842.82,276.13,50.44,128.56,1.0000,-1,-1,-1
293,77,1140.19,435.14,83.86,137.43,1.0000,-1,-1,-1
293,78,1131.44,293.13,85.20,116.17,1.0000,-1,-1,-1
294,46,1219.01,154.62,101.46,179.25,1.0000,-1,-1,-1
294,60,1220.46,168.27,180.98,245.81,1.0000,-1,-1,-1
294,61,1252.94,174.45,61.29,73.04,1.0000,-1,-1,-1
294,63,357.22,274.02,74.04,102.28,1.0000,-1,-1,-1
294,65,479.11,255.78,61.74,91.46,1.0000,-1,-1,-1
294,66,955.44,259.20,183.61,195.73,1.0000,-1,-1,-1
294,67,760.87,335.58,91.40,120.41,1.0000,-1,-1,-1
294,68,603.16,630.05,105.65,87.80,1.0000,-1,-1,-1
294,69,964.31,323.39,55.99,93.43,1.0000,-1,-1,-1
294,70,865.24,-31.78,218.55,452.52,1.0000,-1,-1,-1
294,71,106.48,398.48,94.90,119.74,1.0000,-1,-1,-1
294,72,827.34,368.82,18.89,39.78,1.0000,-1,-1,-1
294,75,832.46,275.81,49.05,126.34,1.0000,-1,-1,-1
294,77,1125.67,432.11,81.99,138.55,1.0000,-1,-1,-1
294,78,1119.21,289.93,84.18,114.78,1.0000,-1,-1,-1
295,46,1221.40,149.07,101.51,179.34,1.0000,-1,-1,-1
295,60,1226.73,161.68,181.87,247.01,1.0000,-1,-1,-1
295,61,1259.91,172.75,58.03,69.15,1.0000,-1,-1,-1
295,63,349.37,272.88,73.06,100.92,1.0000,-1,-1,-1
295,65,466.24,255.86,64.05,92.58,1.0000,-1,-1,-1
295,66,962.62,254.14,184.45,196.63,1.0000,-1,-1,-1
295,67,759.04,333.41,90.34,119.02,1.0000,-1,-1,-1
295,68,599.12,628.55,107.16,89.05,1.0000,-1,-1,-1
295,69,963.95,322.11,53.50,93.07,1.0000,-1,-1,-1
295,70,857.30,-45.37,222.20,460.07,1.0000,-1,-1,-1
295,71,93.13,398.28,104.28,125.85,1.0000,-1,-1,-1
295,72,825.41,365.55,18.89,39.78,1.0000,-1,-1,-1
295,75,820.56,275.61,49.00,126.23,1.0000,-1,-1,-1
295,77,1127.45,432.70,68.20,132.02,1.0000,-1,-1,-1
295,78,1121.24,290.13,73.42,108.85,1.0000,-1,-1,-1
296,46,1223.79,143.53,101.56,179.43,1.0000,-1,-1,-1
296,60,1233.00,155.10,182.74,248.21,1.0000,-1,-1,-1
296,61,1266.98,171.17,54.57,65.03,1.0000,-1,-1,-1
296,63,360.76,275.87,62.62,99.57,1.0000,-1,-1,-1
296,65,454.35,255.85,66.85,93.67,1.0000,-1,-1,-1
296,67,757.22,331.26,89.28,117.61,1.0000,-1,-1,-1
296,68,595.09,627.05,108.65,90.29,1.0000,-1,-1,-1
296,69,962.35,328.65,49.88,98.09,1.0000,-1,-1,-1
296,70,849.38,-58.90,225.79,467.50,1.0000,-1,-1,-1
296,71,78.86,397.99,106.94,128.52,1.0000,-1,-1,-1
296,72,823.48,362.29,18.89,39.78,1.0000,-1,-1,-1
296,75,808.66,275.41,48.96,126.11,1.0000,-1,-1,-1
296,77,1123.06,432.35,60.06,129.40,1.0000,-1,-1,-1
296,78,1109.49,286.65,70.79,108.75,1.0000,-1,-1,-1
297,46,1226.18,137.99,101.61,179.52,1.0000,-1,-1,-1
297,60,1239.28,148.52,183.62,249.40,1.0000,-1,-1,-1
297,61,1274.16,169.73,50.88,60.63,1.0000,-1,-1,-1
297,63,348.66,276.56,62.11,99.80,1.0000,-1,-1,-1
297,65,438.96,257.80,70.94,95.06,1.0000,-1,-1,-1
297,67,755.40,329.10,88.19,116.19,1.0000,-1,-1,-1
297,68,591.08,625.56,110.12,91.52,1.0000,-1,-1,-1
297,69,959.21,328.42,47.38,93.16,1.0000,-1,-1,-1
297,70,841.49,-72.38,229.32,474.81,1.0000,-1,-1,-1
297,71,64.73,399.83,103.71,125.17,1.0000,-1,-1,-1
297,72,821.55,359.02,18.89,39.78,1.0000,-1,-1,-1
297,75,796.76,275.21,48.91,126.00,1.0000,-1,-1,-1
297,77,1110.66,431.09,61.16,132.87,1.0000,-1,-1,-1
297,78,1086.27,282.89,75.16,111.84,1.0000,-1,-1,-1
298,46,1228.57,132.44,101.66,179.61,1.0000,-1,-1,-1
298,60,1245.55,141.94,184.49,250.58,1.0000,-1,-1,-1
298,63,337.40,277.13,63.95,99.29,1.0000,-1,-1,-1
298,65,431.71,258.22,68.71,92.07,1.0000,-1,-1,-1
298,67,753.59,326.96,87.10,114.74,1.0000,-1,-1,-1
298,68,587.07,624.08,111.57,92.72,1.0000,-1,-1,-1
298,69,950.23,325.12,50.52,97.58,1.0000,-1,-1,-1
298,70,833.63,-85.80,232.79,482.01,1.0000,-1,-1,-1
298,71,59.87,403.81,98.50,123.64,1.0000,-1,-1,-1
298,72,819.62,355.75,18.89,39.78,1.0000,-1,-1,-1
298,75,778.46,278.49,55.88,141.50,1.0000,-1,-1,-1
298,77,1097.87,428.39,64.50,136.03,1.0000,-1,-1,-1
298,78,1070.10,279.20,79.93,113.69,1.0000,-1,-1,-1
299,60,1251.83,135.37,185.36,251.75,1.0000,-1,-1,-1
299,63,320.68,277.36,63.29,99.91,1.0000,-1,-1,-1
299,65,419.01,259.71,69.21,90.98,1.0000,-1,-1,-1
299,67,751.78,324.83,85.99,113.28,1.0000,-1,-1,-1
299,68,583.07,622.61,113.01,93.91,1.0000,-1,-1,-1
299,69,948.84,320.70,52.29,99.01,1.0000,-1,-1,-1
299,70,825.80,-99.16,236.22,489.10,1.0000,-1,-1,-1
299,71,60.10,407.59,90.87,122.29,1.0000,-1,-1,-1
299,72,817.69,352.49,18.89,39.78,1.0000,-1,-1,-1
299,75,765.93,278.71,56.47,142.99,1.0000,-1,-1,-1
299,77,1084.84,425.76,69.53,138.13,1.0000,-1,-1,-1
299,78,1057.03,274.90,84.01,115.61,1.0000,-1,-1,-1
300,60,1258.12,128.79,186.22,252.93,1.0000,-1,-1,-1
300,63,306.98,277.56,65.16,101.29,1.0000,-1,-1,-1
300,65,425.62,261.29,58.00,88.79,1.0000,-1,-1,-1
300,67,770.27,325.84,71.89,106.12,1.0000,-1,-1,-1
300,68,579.08,621.14,114.42,95.09,1.0000,-1,-1,-1
300,69,946.64,316.20,52.95,95.42,1.0000,-1,-1,-1
300,70,817.98,-112.48,239.60,496.10,1.0000,-1,-1,-1
300,71,59.46,411.36,84.75,122.80,1.0000,-1,-1,-1
300,72,815.76,349.22,18.89,39.78,1.0000,-1,-1,-1
300,75,758.24,274.27,47.23,127.92,1.0000,-1,-1,-1
300,77,1070.60,424.09,75.42,140.07,1.0000,-1,-1,-1
300,78,1046.49,274.00,86.85,115.02,1.0000,-1,-1,-1
301,63,294.90,276.98,69.19,103.36,1.0000,-1,-1,-1
301,65,419.13,262.95,55.66,89.16,1.0000,-1,-1,-1
301,67,770.23,327.14,68.61,105.74,1.0000,-1,-1,-1
301,68,575.11,619.68,115.82,96.25,1.0000,-1,-1,-1
301,69,943.62,315.12,50.84,91.61,1.0000,-1,-1,-1
301,70,810.20,-125.75,242.93,502.99,1.0000,-1,-1,-1
301,71,52.14,410.55,82.81,121.00,1.0000,-1,-1,-1
301,72,813.83,345.95,18.89,39.78,1.0000,-1,-1,-1
301,75,750.01,277.06,43.19,122.69,1.0000,-1,-1,-1
301,77,1053.80,422.56,81.22,141.63,1.0000,-1,-1,-1
301,78,1038.14,271.60,88.05,115.81,1.0000,-1,-1,-1
302,63,286.23,276.95,68.32,102.06,1.0000,-1,-1,-1
302,65,407.26,257.63,57.06,91.13,1.0000,-1,-1,-1
302,67,769.61,325.78,67.12,103.43,1.0000,-1,-1,-1
302,68,571.13,618.23,117.20,97.40,1.0000,-1,-1,-1
302,69,934.64,314.38,55.13,95.17,1.0000,-1,-1,-1
302,70,802.43,-138.97,246.21,509.79,1.0000,-1,-1,-1
302,71,34.70,411.36,87.71,124.17,1.0000,-1,-1,-1
302,72,811.90,342.69,18.89,39.78,1.0000,-1,-1,-1
302,75,733.59,278.04,41.75,120.80,1.0000,-1,-1,-1
302,77,1026.73,418.67,84.21,142.41,1.0000,-1,-1,-1
302,78,1028.49,272.40,84.69,113.64,1.0000,-1,-1,-1
303,63,285.60,279.59,64.24,102.59,1.0000,-1,-1,-1
303,65,393.88,262.80,60.74,91.24,1.0000,-1,-1,-1
303,67,769.01,324.45,65.58,101.07,1.0000,-1,-1,-1
303,68,567.17,616.79,118.56,98.53,1.0000,-1,-1,-1
303,69,931.29,313.40,53.21,91.86,1.0000,-1,-1,-1
303,70,794.69,-152.14,249.45,516.50,1.0000,-1,-1,-1
303,71,25.39,411.90,92.83,125.29,1.0000,-1,-1,-1
303,72,809.97,339.42,18.89,39.78,1.0000,-1,-1,-1
303,75,720.56,279.05,42.10,122.12,1.0000,-1,-1,-1
303,77,1010.02,415.45,83.48,142.05,1.0000,-1,-1,-1
303,78,1016.96,269.93,84.37,113.21,1.0000,-1,-1,-1
304,63,287.38,281.09,55.93,101.97,1.0000,-1,-1,-1
304,65,382.08,261.24,64.33,93.53,1.0000,-1,-1,-1
304,67,768.42,323.14,64.01,98.65,1.0000,-1,-1,-1
304,68,563.22,615.35,119.91,99.65,1.0000,-1,-1,-1
304,69,927.97,312.48,51.23,88.44,1.0000,-1,-1,-1
304,70,786.96,-165.28,252.65,523.13,1.0000,-1,-1,-1
304,71,17.80,412.88,100.05,126.45,1.0000,-1,-1,-1
304,72,808.04,336.15,18.89,39.78,1.0000,-1,-1,-1
304,75,707.78,278.56,44.80,123.00,1.0000,-1,-1,-1
304,77,1000.06,412.00,79.12,141.77,1.0000,-1,-1,-1
304,78,1021.64,269.56,75.00,111.33,1.0000,-1,-1,-1
305,63,279.87,281.75,54.95,100.19,1.0000,-1,-1,-1
305,65,371.02,257.45,70.81,97.52,1.0000,-1,-1,-1
305,67,771.91,324.91,55.67,93.44,1.0000,-1,-1,-1
305,68,559.27,613.92,121.25,100.76,1.0000,-1,-1,-1
305,69,924.70,311.62,49.16,84.87,1.0000,-1,-1,-1
305,70,779.26,-178.37,255.81,529.67,1.0000,-1,-1,-1
305,71,9.75,415.08,105.45,128.09,1.0000,-1,-1,-1
305,72,806.10,332.89,18.89,39.78,1.0000,-1,-1,-1
305,75,697.40,278.32,48.86,124.03,1.0000,-1,-1,-1
305,77,993.94,408.52,74.68,141.43,1.0000,-1,-1,-1
305,78,1015.96,264.23,69.86,113.08,1.0000,-1,-1,-1
306,63,272.34,280.59,53.64,98.08,1.0000,-1,-1,-1
306,65,365.83,257.48,74.22,99.75,1.0000,-1,-1,-1
306,67,775.06,325.31,48.68,90.87,1.0000,-1,-1,-1
306,68,555.33,612.49,122.57,101.86,1.0000,-1,-1,-1
306,69,921.47,310.85,47.00,81.15,1.0000,-1,-1,-1
306,70,771.58,-191.42,258.93,536.14,1.0000,-1,-1,-1
306,71,14.79,416.69,97.24,128.55,1.0000,-1,-1,-1
306,72,804.17,329.62,18.89,39.78,1.0000,-1,-1,-1
306,75,689.01,276.00,48.36,123.91,1.0000,-1,-1,-1
306,77,991.05,403.89,72.37,141.69,1.0000,-1,-1,-1
306,78,1005.85,257.40,69.02,115.62,1.0000,-1,-1,-1
307,63,255.06,279.88,58.94,101.58,1.0000,-1,-1,-1
307,65,356.56,256.36,72.66,102.08,1.0000,-1,-1,-1
307,67,772.33,324.55,45.91,90.80,1.0000,-1,-1,-1
307,69,918.29,310.17,44.74,77.25,1.0000,-1,-1,-1
307,71,21.96,421.15,86.42,127.34,1.0000,-1,-1,-1
307,72,802.24,326.35,18.89,39.78,1.0000,-1,-1,-1
307,75,675.92,276.80,46.25,121.89,1.0000,-1,-1,-1
307,77,976.04,400.37,64.72,139.01,1.0000,-1,-1,-1
307,78,988.96,251.14,71.26,118.20,1.0000,-1,-1,-1
308,63,241.96,278.40,62.56,104.75,1.0000,-1,-1,-1
308,65,358.89,252.31,66.80,103.77,1.0000,-1,-1,-1
308,67,772.53,322.64,49.39,97.53,1.0000,-1,-1,-1
308,69,915.17,309.59,42.36,73.14,1.0000,-1,-1,-1
308,71,18.47,423.81,79.79,126.74,1.0000,-1,-1,-1
308,72,800.31,323.09,18.89,39.78,1.0000,-1,-1,-1
308,75,666.84,277.22,43.62,119.38,1.0000,-1,-1,-1
308,77,965.57,397.05,59.12,136.49,1.0000,-1,-1,-1
308,78,979.70,247.39,72.71,118.88,1.0000,-1,-1,-1
308,80,509.79,564.09,37.71,56.48,1.0000,-1,-1,-1
309,63,231.38,277.16,67.40,107.63,1.0000,-1,-1,-1
309,65,352.14,252.99,65.20,101.29,1.0000,-1,-1,-1
309,67,772.28,318.14,52.84,101.33,1.0000,-1,-1,-1
309,69,912.12,309.13,39.84,68.78,1.0000,-1,-1,-1
309,71,11.83,424.62,77.96,126.32,1.0000,-1,-1,-1
309,72,798.38,319.82,18.89,39.78,1.0000,-1,-1,-1
309,75,658.51,277.44,41.74,117.02,1.0000,-1,-1,-1
309,77,959.15,395.64,55.05,133.16,1.0000,-1,-1,-1
309,78,969.28,244.52,72.28,118.17,1.0000,-1,-1,-1
309,80,506.14,565.07,37.65,55.42,1.0000,-1,-1,-1
310,63,224.29,276.55,72.98,110.67,1.0000,-1,-1,-1
310,65,345.41,253.71,63.56,98.74,1.0000,-1,-1,-1
310,67,770.88,315.86,55.14,104.43,1.0000,-1,-1,-1
310,69,909.16,308.82,37.15,64.13,1.0000,-1,-1,-1
310,71,4.09,425.28,80.03,127.37,1.0000,-1,-1,-1
310,72,796.45,316.55,18.89,39.78,1.0000,-1,-1,-1
310,75,650.56,280.44,41.71,119.68,1.0000,-1,-1,-1
310,77,952.40,391.59,54.66,133.47,1.0000,-1,-1,-1
310,78,958.86,241.66,71.84,117.45,1.0000,-1,-1,-1
310,80,502.96,565.39,37.87,55.22,1.0000,-1,-1,-1
311,63,218.58,276.21,77.41,113.38,1.0000,-1,-1,-1
311,65,351.13,250.90,72.02,107.23,1.0000,-1,-1,-1
311,67,771.90,312.58,55.60,106.16,1.0000,-1,-1,-1
311,69,906.30,308.69,34.24,59.12,1.0000,-1,-1,-1
311,71,0.34,424.80,80.96,127.92,1.0000,-1,-1,-1
311,72,794.52,313.29,18.89,39.78,1.0000,-1,-1,-1
311,75,643.17,277.06,41.23,115.46,1.0000,-1,-1,-1
311,77,946.89,390.36,54.96,134.35,1.0000,-1,-1,-1
311,78,974.18,241.20,61.66,116.62,1.0000,-1,-1,-1
311,80,499.37,564.16,38.52,56.21,1.0000,-1,-1,-1
312,63,224.25,276.09,70.61,113.08,1.0000,-1,-1,-1
312,65,337.34,250.73,76.49,109.17,1.0000,-1,-1,-1
312,67,774.40,310.18,55.65,108.61,1.0000,-1,-1,-1
312,69,903.58,308.80,31.07,53.63,1.0000,-1,-1,-1
312,71,10.11,424.49,80.06,129.81,1.0000,-1,-1,-1
312,75,630.72,275.27,42.68,111.59,1.0000,-1,-1,-1
312,77,933.37,388.03,60.07,134.36,1.0000,-1,-1,-1
312,78,965.68,238.83,60.97,115.31,1.0000,-1,-1,-1
312,80,494.05,559.36,43.27,60.79,1.0000,-1,-1,-1
313,63,217.53,276.52,70.03,112.15,1.0000,-1,-1,-1
313,65,329.17,251.12,82.43,107.95,1.0000,-1,-1,-1
313,67,774.62,309.60,54.44,106.25,1.0000,-1,-1,-1
313,69,901.04,309.22,27.53,47.53,1.0000,-1,-1,-1
313,71,14.35,427.29,79.84,129.95,1.0000,-1,-1,-1
313,75,621.79,274.36,42.79,108.72,1.0000,-1,-1,-1
313,77,922.67,390.57,65.13,129.18,1.0000,-1,-1,-1
313,78,957.19,236.47,60.27,113.99,1.0000,-1,-1,-1
313,80,490.55,556.29,46.11,63.84,1.0000,-1,-1,-1
314,63,210.81,276.96,69.45,111.22,1.0000,-1,-1,-1
314,65,321.21,249.17,86.32,108.54,1.0000,-1,-1,-1
314,67,775.30,310.25,52.53,111.09,1.0000,-1,-1,-1
314,69,898.76,310.10,23.46,40.50,1.0000,-1,-1,-1
314,71,10.60,428.63,79.85,129.97,1.0000,-1,-1,-1
314,75,613.97,274.90,43.92,106.46,1.0000,-1,-1,-1
314,77,912.28,388.52,64.39,127.73,1.0000,-1,-1,-1
314,78,948.70,234.12,59.57,112.65,1.0000,-1,-1,-1
314,79,1168.03,287.16,48.70,140.44,1.0000,-1,-1,-1
314,80,487.07,554.23,47.67,65.60,1.0000,-1,-1,-1
315,63,204.09,277.41,68.86,110.29,1.0000,-1,-1,-1
315,65,315.39,249.49,85.16,107.07,1.0000,-1,-1,-1
315,67,778.27,308.25,47.83,113.33,1.0000,-1,-1,-1
315,69,896.92,311.73,18.52,31.98,1.0000,-1,-1,-1
315,71,6.86,429.98,79.86,129.99,1.0000,-1,-1,-1
315,75,607.01,275.32,44.19,103.08,1.0000,-1,-1,-1
315,77,901.90,386.48,63.65,126.26,1.0000,-1,-1,-1
315,78,940.21,231.78,58.85,111.30,1.0000,-1,-1,-1
315,79,1166.51,286.58,48.66,140.35,1.0000,-1,-1,-1
315,80,485.89,552.66,47.80,67.50,1.0000,-1,-1,-1
315,85,882.68,383.29,99.50,134.31,1.0000,-1,-1,-1
316,63,201.61,271.21,64.72,113.33,1.0000,-1,-1,-1
316,65,333.10,249.48,70.23,107.68,1.0000,-1,-1,-1
316,67,778.55,308.31,46.68,110.61,1.0000,-1,-1,-1
316,69,896.05,315.02,11.65,20.11,1.0000,-1,-1,-1
316,71,14.93,436.15,67.08,128.33,1.0000,-1,-1,-1
316,75,599.26,275.07,45.09,102.49,1.0000,-1,-1,-1
316,77,891.52,384.45,62.91,124.78,1.0000,-1,-1,-1
316,78,931.73,229.44,58.13,109.93,1.0000,-1,-1,-1
316,79,1164.99,285.99,48.63,140.25,1.0000,-1,-1,-1
316,80,484.10,551.82,47.83,68.28,1.0000,-1,-1,-1
316,85,871.95,383.30,96.67,133.07,1.0000,-1,-1,-1
317,63,188.74,265.93,67.11,116.78,1.0000,-1,-1,-1
317,65,330.69,251.76,63.40,107.17,1.0000,-1,-1,-1
317,67,766.48,299.89,56.40,120.04,1.0000,-1,-1,-1
317,69,891.74,312.39,11.65,20.11,1.0000,-1,-1,-1
317,71,5.09,438.40,67.62,128.29,1.0000,-1,-1,-1
317,75,586.06,275.64,46.92,107.87,1.0000,-1,-1,-1
317,77,881.15,382.42,62.15,123.28,1.0000,-1,-1,-1
317,78,923.26,227.12,57.39,108.54,1.0000,-1,-1,-1
317,79,1163.46,285.41,48.60,140.16,1.0000,-1,-1,-1
317,80,481.96,552.24,46.45,68.96,1.0000,-1,-1,-1
317,85,859.67,383.77,86.00,124.74,1.0000,-1,-1,-1
318,63,180.25,264.28,71.77,116.93,1.0000,-1,-1,-1
318,65,328.99,250.15,60.08,108.33,1.0000,-1,-1,-1
318,67,757.97,295.01,65.34,124.74,1.0000,-1,-1,-1
318,69,887.43,309.75,11.65,20.11,1.0000,-1,-1,-1
318,71,1.34,440.29,67.46,127.98,1.0000,-1,-1,-1
318,75,576.94,273.06,47.51,108.16,1.0000,-1,-1,-1
318,77,865.66,377.78,60.27,126.07,1.0000,-1,-1,-1
318,78,914.78,224.80,56.65,107.14,1.0000,-1,-1,-1
318,79,1161.94,284.83,48.57,140.06,1.0000,-1,-1,-1
318,80,482.10,551.98,44.89,68.74,1.0000,-1,-1,-1
318,85,849.63,385.77,81.10,117.63,1.0000,-1,-1,-1
319,63,173.35,263.91,71.29,116.16,1.0000,-1,-1,-1
319,65,324.76,251.12,58.76,105.96,1.0000,-1,-1,-1
319,67,751.40,292.11,72.66,127.40,1.0000,-1,-1,-1
319,69,883.12,307.12,11.65,20.11,1.0000,-1,-1,-1
319,71,-2.41,442.18,67.29,127.66,1.0000,-1,-1,-1
319,75,570.06,272.79,47.13,108.36,1.0000,-1,-1,-1
319,77,859.75,374.08,55.89,127.84,1.0000,-1,-1,-1
319,78,906.32,222.49,55.90,105.71,1.0000,-1,-1,-1
319,79,1160.42,284.25,48.53,139.97,1.0000,-1,-1,-1
319,80,482.88,552.13,43.07,68.51,1.0000,-1,-1,-1
319,85,839.76,388.00,75.89,110.07,1.0000,-1,-1,-1
320,63,166.45,263.55,70.82,115.39,1.0000,-1,-1,-1
320,65,315.12,252.56,64.10,109.97,1.0000,-1,-1,-1
320,67,747.37,290.10,79.99,127.90,1.0000,-1,-1,-1
320,69,878.81,304.49,11.65,20.11,1.0000,-1,-1,-1
320,71,-6.16,444.07,67.13,127.35,1.0000,-1,-1,-1
320,75,562.32,274.20,46.51,111.12,1.0000,-1,-1,-1
320,77,852.36,371.81,53.25,128.96,1.0000,-1,-1,-1
320,78,897.86,220.20,55.13,104.27,1.0000,-1,-1,-1
320,79,1158.90,283.66,48.50,139.88,1.0000,-1,-1,-1
320,80,483.10,552.94,41.14,68.10,1.0000,-1,-1,-1
320,85,830.08,390.51,70.29,101.94,1.0000,-1,-1,-1
321,63,159.56,263.20,70.34,114.60,1.0000,-1,-1,-1
321,65,307.52,253.17,68.69,111.06,1.0000,-1,-1,-1
321,67,744.31,288.65,86.25,127.14,1.0000,-1,-1,-1
321,69,874.50,301.85,11.65,20.11,1.0000,-1,-1,-1
321,71,-9.90,445.96,66.96,127.03,1.0000,-1,-1,-1
321,75,555.71,273.39,46.96,110.77,1.0000,-1,-1,-1
321,77,845.25,369.76,49.89,128.58,1.0000,-1,-1,-1
321,78,889.40,217.91,54.36,102.81,1.0000,-1,-1,-1
321,79,1157.38,283.08,48.47,139.78,1.0000,-1,-1,-1
321,80,482.27,552.94,39.25,68.04,1.0000,-1,-1,-1
321,85,820.64,393.38,64.20,93.11,1.0000,-1,-1,-1
322,63,152.66,262.84,69.86,113.82,1.0000,-1,-1,-1
322,65,315.51,255.20,67.53,111.82,1.0000,-1,-1,-1
322,67,743.41,287.35,85.79,126.47,1.0000,-1,-1,-1
322,69,870.19,299.22,11.65,20.11,1.0000,-1,-1,-1
322,71,4.96,443.61,75.42,133.11,1.0000,-1,-1,-1
322,75,544.82,274.96,45.40,108.96,1.0000,-1,-1,-1
322,77,832.62,369.10,49.00,127.70,1.0000,-1,-1,-1
322,78,880.95,215.63,53.58,101.32,1.0000,-1,-1,-1
322,79,1155.86,282.50,48.43,139.69,1.0000,-1,-1,-1
322,80,479.77,552.35,38.41,67.94,1.0000,-1,-1,-1
322,85,811.53,396.70,57.47,83.35,1.0000,-1,-1,-1
322,88,1082.58,298.76,59.79,106.23,1.0000,-1,-1,-1
323,63,145.77,262.49,69.37,113.03,1.0000,-1,-1,-1
323,65,320.95,257.36,62.70,112.02,1.0000,-1,-1,-1
323,67,742.52,286.05,85.33,125.79,1.0000,-1,-1,-1
323,69,865.88,296.58,11.65,20.11,1.0000,-1,-1,-1
323,71,5.34,447.78,75.76,134.52,1.0000,-1,-1,-1
323,75,536.34,277.17,43.82,108.79,1.0000,-1,-1,-1
323,77,824.31,368.40,50.80,127.52,1.0000,-1,-1,-1
323,78,872.50,213.36,52.78,99.82,1.0000,-1,-1,-1
323,79,1154.34,281.92,48.40,139.59,1.0000,-1,-1,-1
323,80,478.80,551.79,37.98,68.14,1.0000,-1,-1,-1
323,85,802.86,400.69,49.83,72.28,1.0000,-1,-1,-1
323,88,1084.56,311.89,39.04,69.37,1.0000,-1,-1,-1
324,63,138.88,262.14,68.88,112.23,1.0000,-1,-1,-1
324,65,320.68,259.32,57.01,111.69,1.0000,-1,-1,-1
324,67,741.62,284.76,84.87,125.11,1.0000,-1,-1,-1
324,69,861.57,293.95,11.65,20.11,1.0000,-1,-1,-1
324,71,5.79,451.17,70.06,134.98,1.0000,-1,-1,-1
324,75,535.08,277.81,50.22,109.93,1.0000,-1,-1,-1
324,77,818.53,369.23,52.77,127.35,1.0000,-1,-1,-1
324,78,864.07,211.11,51.97,98.29,1.0000,-1,-1,-1
324,79,1152.82,281.33,48.37,139.50,1.0000,-1,-1,-1
324,80,479.06,552.41,37.28,68.09,1.0000,-1,-1,-1
324,85,794.90,405.69,40.80,59.18,1.0000,-1,-1,-1
324,88,1076.16,306.58,39.04,69.37,1.0000,-1,-1,-1
325,63,131.48,263.89,93.93,119.71,1.0000,-1,-1,-1
325,65,322.37,261.22,52.93,110.55,1.0000,-1,-1,-1
325,67,740.73,283.47,84.41,124.43,1.0000,-1,-1,-1
325,69,857.26,291.31,11.65,20.11,1.0000,-1,-1,-1
325,71,10.06,452.94,63.85,134.13,1.0000,-1,-1,-1
325,75,529.13,278.10,54.80,111.01,1.0000,-1,-1,-1
325,77,793.10,367.87,67.34,129.77,1.0000,-1,-1,-1
325,78,870.53,213.77,52.22,114.46,1.0000,-1,-1,-1
325,79,1151.30,280.75,48.34,139.40,1.0000,-1,-1,-1
325,80,479.15,553.23,36.58,67.56,1.0000,-1,-1,-1
325,85,788.27,412.63,29.08,42.18,1.0000,-1,-1,-1
325,87,899.24,291.27,58.81,124.59,1.0000,-1,-1,-1
325,88,1067.76,301.28,39.04,69.37,1.0000,-1,-1,-1
325,89,1049.59,288.21,84.14,130.45,1.0000,-1,-1,-1
326,63,137.16,262.08,88.86,121.01,1.0000,-1,-1,-1
326,65,320.41,261.72,51.89,111.01,1.0000,-1,-1,-1
326,67,767.25,288.17,77.00,123.42,1.0000,-1,-1,-1
326,69,852.95,288.68,11.65,20.11,1.0000,-1,-1,-1
326,71,10.91,454.41,63.06,133.57,1.0000,-1,-1,-1
326,75,522.84,278.15,58.63,112.54,1.0000,-1,-1,-1
326,77,792.46,373.32,70.02,125.86,1.0000,-1,-1,-1
326,78,862.81,212.12,51.65,113.21,1.0000,-1,-1,-1
326,79,1149.78,280.17,48.30,139.31,1.0000,-1,-1,-1
326,80,478.63,553.76,36.73,66.61,1.0000,-1,-1,-1
326,85,787.74,428.41,5.19,7.53,1.0000,-1,-1,-1
326,87,901.76,289.86,55.78,122.44,1.0000,-1,-1,-1
326,88,1059.36,295.97,39.04,69.37,1.0000,-1,-1,-1
326,89,1045.76,285.38,82.36,128.19,1.0000,-1,-1,-1
327,63,135.63,262.15,90.90,119.52,1.0000,-1,-1,-1
327,65,313.20,262.22,54.92,113.90,1.0000,-1,-1,-1
327,67,768.23,286.68,75.10,119.70,1.0000,-1,-1,-1
327,69,848.64,286.04,11.65,20.11,1.0000,-1,-1,-1
327,71,7.39,455.31,68.45,135.07,1.0000,-1,-1,-1
327,75,511.63,279.60,57.66,115.15,1.0000,-1,-1,-1
327,77,779.01,368.63,78.49,128.89,1.0000,-1,-1,-1
327,78,855.10,210.49,51.07,111.95,1.0000,-1,-1,-1
327,79,1148.26,279.59,48.27,139.22,1.0000,-1,-1,-1
327,80,479.09,555.47,36.99,66.02,1.0000,-1,-1,-1
327,85,775.26,426.86,5.19,7.53,1.0000,-1,-1,-1
327,87,901.37,289.99,54.46,119.54,1.0000,-1,-1,-1
327,88,1050.96,290.66,39.04,69.37,1.0000,-1,-1,-1
327,89,1033.43,283.12,80.62,128.42,1.0000,-1,-1,-1
328,63,133.34,263.11,93.26,118.06,1.0000,-1,-1,-1
328,65,307.47,261.95,58.62,116.14,1.0000,-1,-1,-1
328,67,767.60,287.93,77.22,117.34,1.0000,-1,-1,-1
328,69,844.33,283.41,11.65,20.11,1.0000,-1,-1,-1
328,71,5.27,456.18,72.72,136.60,1.0000,-1,-1,-1
328,75,504.70,278.06,55.21,116.82,1.0000,-1,-1,-1
328,77,771.26,370.13,83.40,127.71,1.0000,-1,-1,-1
328,78,847.39,208.86,50.49,110.67,1.0000,-1,-1,-1
328,79,1146.74,279.00,48.24,139.12,1.0000,-1,-1,-1
328,80,478.97,555.78,38.37,65.93,1.0000,-1,-1,-1
328,85,762.77,425.30,5.19,7.53,1.0000,-1,-1,-1
328,87,901.01,290.15,53.10,116.57,1.0000,-1,-1,-1
328,88,1042.57,285.36,39.04,69.37,1.0000,-1,-1,-1
328,89,1027.43,282.02,75.38,126.37,1.0000,-1,-1,-1
329,63,129.88,262.89,93.20,118.58,1.0000,-1,-1,-1
329,65,303.86,261.92,64.07,116.39,1.0000,-1,-1,-1
329,67,768.52,287.13,76.65,116.46,1.0000,-1,-1,-1
329,69,840.02,280.78,11.65,20.11,1.0000,-1,-1,-1
329,71,6.20,456.43,77.65,138.10,1.0000,-1,-1,-1
329,75,498.19,276.12,52.37,118.69,1.0000,-1,-1,-1
329,77,762.51,371.45,87.52,127.00,1.0000,-1,-1,-1
329,78,839.68,207.23,49.90,109.38,1.0000,-1,-1,-1
329,79,1145.22,278.42,48.21,139.03,1.0000,-1,-1,-1
329,80,478.21,555.09,41.17,67.15,1.0000,-1,-1,-1
329,85,750.29,423.75,5.19,7.53,1.0000,-1,-1,-1
329,87,900.66,290.36,51.72,113.53,1.0000,-1,-1,-1
329,88,1034.17,280.05,39.04,69.37,1.0000,-1,-1,-1
329,89,1022.83,280.54,70.71,125.09,1.0000,-1,-1,-1
329,91,898.62,277.98,70.82,109.91,1.0000,-1,-1,-1
330,63,129.86,263.05,90.54,118.42,1.0000,-1,-1,-1
330,65,300.65,262.05,68.86,115.72,1.0000,-1,-1,-1
330,67,770.00,289.40,73.33,112.00,1.0000,-1,-1,-1
330,69,835.71,278.14,11.65,20.11,1.0000,-1,-1,-1
330,71,9.77,457.08,86.12,139.35,1.0000,-1,-1,-1
330,75,493.15,272.81,50.33,120.26,1.0000,-1,-1,-1
330,77,752.15,371.70,90.34,126.18,1.0000,-1,-1,-1
330,78,831.98,205.62,49.30,108.07,1.0000,-1,-1,-1
330,79,1143.69,277.84,48.17,138.93,1.0000,-1,-1,-1
330,80,480.33,553.22,45.71,69.10,1.0000,-1,-1,-1
330,85,737.81,422.20,5.19,7.53,1.0000,-1,-1,-1
330,87,900.33,290.60,50.29,110.40,1.0000,-1,-1,-1
330,88,1025.77,274.75,39.04,69.37,1.0000,-1,-1,-1
330,89,1016.63,277.68,65.61,124.92,1.0000,-1,-1,-1
330,91,901.85,282.15,65.98,106.20,1.0000,-1,-1,-1
331,63,145.55,260.95,80.22,118.69,1.0000,-1,-1,-1
331,65,298.24,263.51,67.94,114.18,1.0000,-1,-1,-1
331,67,777.57,291.48,66.89,109.70,1.0000,-1,-1,-1
331,69,831.40,275.51,11.65,20.11,1.0000,-1,-1,-1
331,71,10.24,458.52,95.52,140.66,1.0000,-1,-1,-1
331,75,489.03,270.43,49.33,122.30,1.0000,-1,-1,-1
331,77,745.06,372.30,90.92,124.95,1.0000,-1,-1,-1
331,78,824.28,204.01,48.70,106.74,1.0000,-1,-1,-1
331,79,1142.17,277.26,48.14,138.84,1.0000,-1,-1,-1
331,80,481.29,549.91,49.17,71.46,1.0000,-1,-1,-1
331,85,725.33,420.65,5.19,7.53,1.0000,-1,-1,-1
331,87,900.02,290.90,48.83,107.18,1.0000,-1,-1,-1
331,88,1017.37,269.44,39.04,69.37,1.0000,-1,-1,-1
331,89,1012.85,275.74,59.64,122.08,1.0000,-1,-1,-1
331,91,898.97,283.68,66.11,108.28,1.0000,-1,-1,-1
332,63,149.47,257.01,76.73,121.41,1.0000,-1,-1,-1
332,65,295.83,264.98,67.01,112.61,1.0000,-1,-1,-1
332,67,790.55,293.94,60.19,109.59,1.0000,-1,-1,-1
332,69,827.09,272.87,11.65,20.11,1.0000,-1,-1,-1
332,71,10.74,462.48,101.23,140.79,1.0000,-1,-1,-1
332,75,481.78,266.50,47.86,123.18,1.0000,-1,-1,-1
332,77,733.99,371.08,89.19,124.51,1.0000,-1,-1,-1
332,78,816.58,202.41,48.08,105.40,1.0000,-1,-1,-1
332,79,1140.65,276.68,48.11,138.74,1.0000,-1,-1,-1
332,80,484.67,548.49,50.57,72.53,1.0000,-1,-1,-1
332,85,712.85,419.10,5.19,7.53,1.0000,-1,-1,-1
332,87,899.74,291.24,47.31,103.86,1.0000,-1,-1,-1
332,88,1008.97,264.13,39.04,69.37,1.0000,-1,-1,-1
332,89,1003.69,269.27,59.25,123.72,1.0000,-1,-1,-1
332,91,897.81,286.52,68.25,117.65,1.0000,-1,-1,-1
333,63,149.51,255.12,72.96,123.94,1.0000,-1,-1,-1
333,65,293.42,266.46,66.06,111.02,1.0000,-1,-1,-1
333,67,797.01,297.51,56.66,112.13,1.0000,-1,-1,-1
333,71,15.24,466.61,97.95,140.01,1.0000,-1,-1,-1
333,75,477.28,264.04,47.71,125.35,1.0000,-1,-1,-1
333,77,731.76,368.61,83.87,125.16,1.0000,-1,-1,-1
333,78,808.89,200.82,47.46,104.04,1.0000,-1,-1,-1
333,79,1139.13,276.09,48.07,138.65,1.0000,-1,-1,-1
333,80,487.76,548.03,51.49,73.44,1.0000,-1,-1,-1
333,85,700.37,417.55,5.19,7.53,1.0000,-1,-1,-1
333,87,899.48,291.64,45.75,100.43,1.0000,-1,-1,-1
333,88,1000.57,258.83,39.04,69.37,1.0000,-1,-1,-1
333,89,993.52,264.49,59.76,125.41,1.0000,-1,-1,-1
333,91,898.52,285.30,68.55,123.88,1.0000,-1,-1,-1
333,94,840.37,208.57,56.70,113.27,1.0000,-1,-1,-1
334,63,147.27,254.96,70.68,124.54,1.0000,-1,-1,-1
334,65,291.03,267.95,65.10,109.41,1.0000,-1,-1,-1
334,67,798.75,295.28,56.01,110.38,1.0000,-1,-1,-1
334,71,26.21,469.81,90.66,138.97,1.0000,-1,-1,-1
334,75,474.36,263.04,48.56,127.33,1.0000,-1,-1,-1
334,77,733.53,366.98,76.18,126.15,1.0000,-1,-1,-1
334,78,801.20,199.24,46.84,102.67,1.0000,-1,-1,-1
334,79,1137.61,275.51,48.04,138.55,1.0000,-1,-1,-1
334,80,491.41,548.71,51.49,73.70,1.0000,-1,-1,-1
334,85,687.88,416.00,5.19,7.53,1.0000,-1,-1,-1
334,87,899.24,292.09,44.13,96.88,1.0000,-1,-1,-1
334,88,992.17,253.52,39.04,69.37,1.0000,-1,-1,-1
334,89,990.35,261.39,58.66,125.45,1.0000,-1,-1,-1
334,91,898.65,282.70,67.22,125.85,1.0000,-1,-1,-1
334,94,837.79,206.47,62.86,115.73,1.0000,-1,-1,-1
335,63,143.89,254.65,70.02,125.13,1.0000,-1,-1,-1
335,65,288.64,269.46,64.13,107.77,1.0000,-1,-1,-1
335,67,801.05,295.62,55.23,108.86,1.0000,-1,-1,-1
335,71,27.59,471.88,90.83,139.22,1.0000,-1,-1,-1
335,75,472.13,262.82,50.48,128.42,1.0000,-1,-1,-1
335,77,734.20,365.85,68.21,126.68,1.0000,-1,-1,-1
335,78,793.51,197.67,46.20,101.27,1.0000,-1,-1,-1
335,79,1136.09,274.93,48.01,138.46,1.0000,-1,-1,-1
335,80,494.42,549.28,50.62,73.48,1.0000,-1,-1,-1
335,85,675.40,414.44,5.19,7.53,1.0000,-1,-1,-1
335,87,899.04,292.62,42.45,93.19,1.0000,-1,-1,-1
335,88,983.78,248.22,39.04,69.37,1.0000,-1,-1,-1
335,89,988.79,261.41,57.74,124.56,1.0000,-1,-1,-1
335,91,899.34,281.08,67.20,128.57,1.0000,-1,-1,-1
335,94,834.18,201.82,66.55,122.54,1.0000,-1,-1,-1
335,95,342.98,268.38,43.26,114.07,1.0000,-1,-1,-1
336,63,141.85,256.01,72.50,123.05,1.0000,-1,-1,-1
336,65,286.26,270.97,63.14,106.11,1.0000,-1,-1,-1
336,67,803.35,295.98,54.45,107.31,1.0000,-1,-1,-1
336,71,28.97,473.95,90.99,139.47,1.0000,-1,-1,-1
336,75,470.31,263.32,52.75,128.75,1.0000,-1,-1,-1
336,77,732.83,366.51,61.65,127.71,1.0000,-1,-1,-1
336,78,785.83,196.10,45.55,99.86,1.0000,-1,-1,-1
336,79,1134.57,274.35,47.97,138.36,1.0000,-1,-1,-1
336,80,498.74,550.06,48.46,72.72,1.0000,-1,-1,-1
336,85,662.92,412.89,5.19,7.53,1.0000,-1,-1,-1
336,87,898.87,293.22,40.70,89.35,1.0000,-1,-1,-1
336,88,975.38,242.91,39.04,69.37,1.0000,-1,-1,-1
336,89,986.02,261.49,58.33,124.08,1.0000,-1,-1,-1
336,91,902.00,278.98,70.79,132.33,1.0000,-1,-1,-1
336,94,832.65,206.05,63.36,112.00,1.0000,-1,-1,-1
336,95,340.67,265.78,48.23,118.79,1.0000,-1,-1,-1
336,96,60.05,465.46,65.18,150.90,1.0000,-1,-1,-1
337,63,141.89,257.50,77.63,119.78,1.0000,-1,-1,-1
337,65,283.88,272.50,62.13,104.42,1.0000,-1,-1,-1
337,67,809.78,299.18,52.20,111.65,1.0000,-1,-1,-1
337,71,30.35,476.02,91.15,139.72,1.0000,-1,-1,-1
337,75,467.08,265.56,56.32,128.12,1.0000,-1,-1,-1
337,77,730.05,366.36,57.99,128.63,1.0000,-1,-1,-1
337,78,778.16,194.55,44.90,98.42,1.0000,-1,-1,-1
337,79,1133.05,273.76,47.94,138.27,1.0000,-1,-1,-1
337,80,507.54,549.80,44.88,72.20,1.0000,-1,-1,-1
337,85,650.44,411.34,5.19,7.53,1.0000,-1,-1,-1
337,87,898.75,293.91,38.88,85.34,1.0000,-1,-1,-1
337,88,966.98,237.60,39.04,69.37,1.0000,-1,-1,-1
337,89,980.65,263.16,62.30,122.98,1.0000,-1,-1,-1
337,91,904.67,277.89,73.31,133.58,1.0000,-1,-1,-1
337,94,826.21,207.31,62.29,110.19,1.0000,-1,-1,-1
337,95,332.41,264.42,60.19,125.41,1.0000,-1,-1,-1
337,96,55.70,460.00,79.23,159.30,1.0000,-1,-1,-1
338,63,141.25,258.09,80.56,116.63,1.0000,-1,-1,-1
338,65,281.52,274.05,61.11,102.70,1.0000,-1,-1,-1
338,67,811.60,299.44,50.29,115.49,1.0000,-1,-1,-1
338,71,31.73,478.10,91.31,139.97,1.0000,-1,-1,-1
338,75,462.76,266.48,60.12,127.26,1.0000,-1,-1,-1
338,77,726.44,366.04,56.23,129.68,1.0000,-1,-1,-1
338,78,770.49,193.01,44.23,96.96,1.0000,-1,-1,-1
338,79,1131.53,273.18,47.91,138.17,1.0000,-1,-1,-1
338,80,513.87,548.43,42.47,72.56,1.0000,-1,-1,-1
338,85,637.96,409.79,5.19,7.53,1.0000,-1,-1,-1
338,87,898.66,294.69,36.96,81.13,1.0000,-1,-1,-1
338,88,958.58,232.30,39.04,69.37,1.0000,-1,-1,-1
338,89,970.91,264.22,68.84,121.72,1.0000,-1,-1,-1
338,91,904.24,278.46,73.64,133.72,1.0000,-1,-1,-1
338,94,824.22,207.02,57.97,108.16,1.0000,-1,-1,-1
338,95,327.29,264.60,71.19,131.24,1.0000,-1,-1,-1
338,96,53.65,460.09,89.45,160.04,1.0000,-1,-1,-1
339,63,139.65,257.84,80.26,116.20,1.0000,-1,-1,-1
339,65,279.16,275.61,60.07,100.96,1.0000,-1,-1,-1
339,67,813.45,300.46,51.48,116.69,1.0000,-1,-1,-1
339,71,33.11,480.17,91.48,140.22,1.0000,-1,-1,-1
339,75,457.98,266.41,63.75,126.69,1.0000,-1,-1,-1
339,77,720.70,366.48,55.70,130.58,1.0000,-1,-1,-1
339,78,762.82,191.48,43.56,95.49,1.0000,-1,-1,-1
339,79,1130.01,272.60,47.88,138.07,1.0000,-1,-1,-1
339,80,515.81,548.29,42.38,72.40,1.0000,-1,-1,-1
339,85,625.48,408.24,5.19,7.53,1.0000,-1,-1,-1
339,87,898.63,295.60,34.94,76.69,1.0000,-1,-1,-1
339,88,950.18,226.99,39.04,69.37,1.0000,-1,-1,-1
339,89,967.19,265.53,71.97,120.68,1.0000,-1,-1,-1
339,91,902.26,278.69,71.05,132.80,1.0000,-1,-1,-1
339,94,820.56,206.42,55.60,107.44,1.0000,-1,-1,-1
339,95,326.46,266.21,79.07,134.81,1.0000,-1,-1,-1
339,96,54.69,460.55,101.74,159.02,1.0000,-1,-1,-1
340,63,144.29,257.02,77.72,115.30,1.0000,-1,-1,-1
340,65,276.81,277.18,59.02,99.18,1.0000,-1,-1,-1
340,67,813.51,298.31,54.54,118.95,1.0000,-1,-1,-1
340,71,34.50,482.24,91.64,140.47,1.0000,-1,-1,-1
340,75,451.05,265.52,67.35,126.64,1.0000,-1,-1,-1
340,77,714.69,365.71,55.57,131.30,1.0000,-1,-1,-1
340,78,755.16,189.96,42.88,93.98,1.0000,-1,-1,-1
340,79,1128.49,272.02,47.84,137.98,1.0000,-1,-1,-1
340,80,517.74,548.15,42.28,72.24,1.0000,-1,-1,-1
340,85,612.99,406.69,5.19,7.53,1.0000,-1,-1,-1
340,87,898.66,296.64,32.79,71.98,1.0000,-1,-1,-1
340,88,941.78,221.69,39.04,69.37,1.0000,-1,-1,-1
340,89,962.30,266.52,74.35,117.77,1.0000,-1,-1,-1
340,91,901.12,277.92,66.19,131.79,1.0000,-1,-1,-1
340,94,816.85,205.29,55.80,107.82,1.0000,-1,-1,-1
340,95,326.98,269.29,82.56,135.33,1.0000,-1,-1,-1
340,96,81.71,464.35,96.45,154.43,1.0000,-1,-1,-1
341,63,153.68,257.27,72.41,115.21,1.0000,-1,-1,-1
341,65,274.48,278.77,57.94,97.37,1.0000,-1,-1,-1
341,67,814.95,295.80,58.25,118.93,1.0000,-1,-1,-1
341,71,35.88,484.31,91.80,140.72,1.0000,-1,-1,-1
341,75,442.90,264.02,71.29,127.07,1.0000,-1,-1,-1
341,77,708.48,367.31,54.27,131.21,1.0000,-1,-1,-1
341,78,747.51,188.45,42.18,92.46,1.0000,-1,-1,-1
341,79,1126.97,271.44,47.81,137.88,1.0000,-1,-1,-1
341,80,519.68,548.00,42.19,72.07,1.0000,-1,-1,-1
341,85,600.51,405.13,5.19,7.53,1.0000,-1,-1,-1
341,87,898.77,297.84,30.49,66.94,1.0000,-1,-1,-1
341,88,933.39,216.38,39.04,69.37,1.0000,-1,-1,-1
341,89,957.26,268.46,76.11,115.36,1.0000,-1,-1,-1
341,91,898.56,276.51,61.83,131.29,1.0000,-1,-1,-1
341,94,817.73,202.07,49.54,105.56,1.0000,-1,-1,-1
341,95,326.21,268.21,86.41,141.63,1.0000,-1,-1,-1
341,96,71.76,465.84,109.21,156.19,1.0000,-1,-1,-1
342,63,158.82,254.78,68.94,115.86,1.0000,-1,-1,-1
342,65,272.15,280.38,56.84,95.53,1.0000,-1,-1,-1
342,67,817.42,296.40,57.66,117.73,1.0000,-1,-1,-1
342,71,37.26,486.38,91.96,140.97,1.0000,-1,-1,-1
342,75,436.56,262.07,68.43,126.55,1.0000,-1,-1,-1
342,77,701.92,367.46,53.85,130.20,1.0000,-1,-1,-1
342,78,739.86,186.96,41.47,90.91,1.0000,-1,-1,-1
342,79,1125.45,270.85,47.78,137.79,1.0000,-1,-1,-1
342,80,521.61,547.86,42.09,71.91,1.0000,-1,-1,-1
342,85,588.03,403.58,5.19,7.53,1.0000,-1,-1,-1
342,87,898.97,299.25,28.01,61.48,1.0000,-1,-1,-1
342,88,924.99,211.07,39.04,69.37,1.0000,-1,-1,-1
342,89,943.93,268.59,78.29,113.79,1.0000,-1,-1,-1
342,91,894.22,275.20,60.90,129.94,1.0000,-1,-1,-1
342,94,810.59,200.55,47.29,106.23,1.0000,-1,-1,-1
342,95,325.53,267.26,90.09,147.67,1.0000,-1,-1,-1
342,96,98.68,471.43,88.78,148.13,1.0000,-1,-1,-1
343,63,158.78,254.47,68.57,115.24,1.0000,-1,-1,-1
343,65,269.83,282.01,55.73,93.65,1.0000,-1,-1,-1
343,67,819.89,297.01,57.06,116.52,1.0000,-1,-1,-1
343,71,38.64,488.45,92.12,141.22,1.0000,-1,-1,-1
343,75,432.94,261.15,64.41,125.89,1.0000,-1,-1,-1
343,77,694.25,365.98,49.87,130.81,1.0000,-1,-1,-1
343,78,732.22,185.48,40.75,89.33,1.0000,-1,-1,-1
343,79,1123.93,270.27,47.74,137.69,1.0000,-1,-1,-1
343,80,530.65,546.82,40.74,74.13,1.0000,-1,-1,-1
343,85,575.55,402.03,5.19,7.53,1.0000,-1,-1,-1
343,87,899.29,300.93,25.28,55.49,1.0000,-1,-1,-1
343,88,916.59,205.77,39.04,69.37,1.0000,-1,-1,-1
343,89,935.79,268.98,78.91,112.36,1.0000,-1,-1,-1
343,91,890.84,274.51,60.41,128.74,1.0000,-1,-1,-1
343,94,806.77,198.01,44.99,103.12,1.0000,-1,-1,-1
343,95,356.90,276.93,66.33,129.77,1.0000,-1,-1,-1
343,96,115.49,475.58,73.53,142.01,1.0000,-1,-1,-1
344,63,150.46,250.20,68.73,118.92,1.0000,-1,-1,-1
344,65,267.53,283.65,54.59,91.73,1.0000,-1,-1,-1
344,67,822.37,297.62,56.46,115.29,1.0000,-1,-1,-1
344,71,40.02,490.53,92.29,141.46,1.0000,-1,-1,-1
344,75,430.35,260.87,59.85,125.30,1.0000,-1,-1,-1
344,77,689.36,365.96,46.23,130.76,1.0000,-1,-1,-1
344,78,724.58,184.01,40.02,87.72,1.0000,-1,-1,-1
344,79,1122.41,269.69,47.71,137.60,1.0000,-1,-1,-1
344,80,533.64,546.94,39.77,74.81,1.0000,-1,-1,-1
344,85,563.07,400.48,5.19,7.53,1.0000,-1,-1,-1
344,87,899.78,302.97,22.22,48.77,1.0000,-1,-1,-1
344,88,908.19,200.46,39.04,69.37,1.0000,-1,-1,-1
344,89,929.56,268.03,78.71,112.07,1.0000,-1,-1,-1
344,91,887.68,272.86,58.40,128.11,1.0000,-1,-1,-1
344,94,802.90,196.93,44.45,101.90,1.0000,-1,-1,-1
344,95,364.64,278.50,59.21,124.42,1.0000,-1,-1,-1
344,96,123.61,476.08,73.94,142.79,1.0000,-1,-1,-1
345,63,145.03,249.22,68.90,120.02,1.0000,-1,-1,-1
345,65,265.23,285.32,53.42,89.77,1.0000,-1,-1,-1
345,67,824.85,298.24,55.85,114.04,1.0000,-1,-1,-1
345,71,41.40,492.60,92.45,141.71,1.0000,-1,-1,-1
345,75,427.54,259.63,56.46,125.05,1.0000,-1,-1,-1
345,77,682.60,366.25,45.75,129.42,1.0000,-1,-1,-1
345,78,716.95,182.56,39.27,86.08,1.0000,-1,-1,-1
345,80,536.08,546.89,39.67,74.63,1.0000,-1,-1,-1
345,85,550.59,398.93,5.19,7.53,1.0000,-1,-1,-1
345,87,900.52,305.56,18.66,40.96,1.0000,-1,-1,-1
345,88,899.79,195.16,39.04,69.37,1.0000,-1,-1,-1
345,89,923.33,267.08,78.51,111.79,1.0000,-1,-1,-1
345,91,883.27,271.47,60.29,128.26,1.0000,-1,-1,-1
345,94,799.04,195.87,43.91,100.66,1.0000,-1,-1,-1
345,95,366.41,280.27,58.21,125.83,1.0000,-1,-1,-1
345,96,119.91,475.52,71.58,143.35,1.0000,-1,-1,-1
346,63,139.55,247.08,69.87,119.91,1.0000,-1,-1,-1
346,65,262.95,287.01,52.23,87.77,1.0000,-1,-1,-1
346,67,827.33,298.86,55.24,112.79,1.0000,-1,-1,-1
346,71,42.78,494.67,92.61,141.95,1.0000,-1,-1,-1
346,75,424.22,259.00,54.64,124.86,1.0000,-1,-1,-1
346,77,678.72,367.46,44.11,130.57,1.0000,-1,-1,-1
346,78,709.33,181.12,38.51,84.41,1.0000,-1,-1,-1
346,80,538.52,546.83,39.57,74.45,1.0000,-1,-1,-1
346,85,538.10,397.38,5.19,7.53,1.0000,-1,-1,-1
346,87,901.69,309.09,14.24,31.26,1.0000,-1,-1,-1
346,88,891.39,189.85,39.04,69.37,1.0000,-1,-1,-1
346,89,913.25,269.24,74.25,110.65,1.0000,-1,-1,-1
346,91,879.98,270.78,63.30,128.18,1.0000,-1,-1,-1
346,94,795.17,194.82,43.37,99.41,1.0000,-1,-1,-1
346,95,367.00,282.89,62.92,132.09,1.0000,-1,-1,-1
346,96,119.23,475.56,73.44,143.84,1.0000,-1,-1,-1
347,63,133.04,248.01,72.20,117.22,1.0000,-1,-1,-1
347,65,260.69,288.72,51.01,85.72,1.0000,-1,-1,-1
347,67,829.81,299.50,54.62,111.52,1.0000,-1,-1,-1
347,71,44.17,496.74,92.77,142.20,1.0000,-1,-1,-1
347,75,417.50,255.62,53.28,124.84,1.0000,-1,-1,-1
347,77,670.39,367.05,44.94,131.14,1.0000,-1,-1,-1
347,78,701.71,179.71,37.73,82.71,1.0000,-1,-1,-1
347,80,540.97,546.78,39.48,74.27,1.0000,-1,-1,-1
347,85,525.62,395.82,5.19,7.53,1.0000,-1,-1,-1
347,87,903.98,315.09,7.58,16.63,1.0000,-1,-1,-1
347,88,883.00,184.54,39.04,69.37,1.0000,-1,-1,-1
347,89,899.75,271.38,70.79,114.87,1.0000,-1,-1,-1
347,91,878.18,270.25,63.12,127.80,1.0000,-1,-1,-1
347,94,791.31,193.77,42.81,98.14,1.0000,-1,-1,-1
347,95,370.67,285.62,65.69,134.33,1.0000,-1,-1,-1
347,96,118.20,474.31,80.39,147.12,1.0000,-1,-1,-1
348,63,129.79,249.71,71.47,115.29,1.0000,-1,-1,-1
348,65,258.43,290.46,49.76,83.62,1.0000,-1,-1,-1
348,67,832.30,300.14,53.99,110.23,1.0000,-1,-1,-1
348,71,45.55,498.82,92.93,142.45,1.0000,-1,-1,-1
348,75,412.41,254.72,52.67,124.69,1.0000,-1,-1,-1
348,77,664.15,365.88,47.46,131.92,1.0000,-1,-1,-1
348,78,694.11,178.30,36.94,80.97,1.0000,-1,-1,-1
348,80,543.41,546.72,39.38,74.09,1.0000,-1,-1,-1
348,87,902.94,313.77,7.58,16.63,1.0000,-1,-1,-1
348,88,874.60,179.24,39.04,69.37,1.0000,-1,-1,-1
348,89,892.32,271.23,70.48,114.37,1.0000,-1,-1,-1
348,91,872.03,268.88,69.06,129.27,1.0000,-1,-1,-1
348,94,787.46,192.73,42.25,96.86,1.0000,-1,-1,-1
348,95,374.94,287.22,62.74,133.99,1.0000,-1,-1,-1
348,96,119.26,474.02,88.88,148.30,1.0000,-1,-1,-1
349,63,130.07,251.57,67.89,113.84,1.0000,-1,-1,-1
349,65,256.20,292.22,48.48,81.47,1.0000,-1,-1,-1
349,67,834.79,300.78,53.35,108.93,1.0000,-1,-1,-1
349,71,46.93,500.89,93.09,142.69,1.0000,-1,-1,-1
349,75,408.15,254.88,52.61,124.35,1.0000,-1,-1,-1
349,77,655.85,367.16,52.08,131.78,1.0000,-1,-1,-1
349,78,686.51,176.92,36.13,79.19,1.0000,-1,-1,-1
349,80,545.85,546.67,39.28,73.90,1.0000,-1,-1,-1
349,87,901.90,312.45,7.58,16.63,1.0000,-1,-1,-1
349,88,866.20,173.93,39.04,69.37,1.0000,-1,-1,-1
349,89,884.89,271.08,70.17,113.87,1.0000,-1,-1,-1
349,91,863.01,268.10,72.87,130.23,1.0000,-1,-1,-1
349,94,783.60,191.70,41.68,95.55,1.0000,-1,-1,-1
349,95,378.55,289.08,57.97,134.29,1.0000,-1,-1,-1
349,96,118.50,476.18,94.52,146.85,1.0000,-1,-1,-1
349,98,1002.66,169.31,47.56,100.91,1.0000,-1,-1,-1
350,63,131.53,250.88,62.84,113.78,1.0000,-1,-1,-1
350,65,253.98,294.01,47.16,79.26,1.0000,-1,-1,-1
350,67,837.29,301.44,52.71,107.62,1.0000,-1,-1,-1
350,71,48.31,502.97,93.25,142.93,1.0000,-1,-1,-1
350,75,402.87,254.06,52.63,124.39,1.0000,-1,-1,-1
350,77,649.76,366.28,55.93,132.22,1.0000,-1,-1,-1
350,78,678.92,175.56,35.30,77.38,1.0000,-1,-1,-1
350,80,548.29,546.62,39.19,73.72,1.0000,-1,-1,-1
350,87,900.85,311.13,7.58,16.63,1.0000,-1,-1,-1
350,88,857.80,168.63,39.04,69.37,1.0000,-1,-1,-1
350,89,877.46,270.93,69.85,113.36,1.0000,-1,-1,-1
350,91,853.12,266.04,75.12,131.75,1.0000,-1,-1,-1
350,94,779.75,190.68,41.11,94.23,1.0000,-1,-1,-1
350,95,381.48,290.68,58.48,135.47,1.0000,-1,-1,-1
350,96,120.93,480.48,98.02,145.34,1.0000,-1,-1,-1
350,97,781.35,267.95,63.82,130.41,1.0000,-1,-1,-1
350,98,998.71,171.37,45.45,96.44,1.0000,-1,-1,-1
351,63,136.36,250.17,55.51,113.37,1.0000,-1,-1,-1
351,65,251.78,295.84,45.81,76.98,1.0000,-1,-1,-1
351,67,839.79,302.10,52.05,106.29,1.0000,-1,-1,-1
351,71,49.70,505.04,93.41,143.18,1.0000,-1,-1,-1
351,75,397.58,253.24,52.64,124.44,1.0000,-1,-1,-1
351,77,643.49,366.50,55.61,131.46,1.0000,-1,-1,-1
351,78,671.34,174.22,34.45,75.52,1.0000,-1,-1,-1
351,80,550.74,546.56,39.09,73.54,1.0000,-1,-1,-1
351,87,899.81,309.82,7.58,16.63,1.0000,-1,-1,-1
351,88,849.40,163.32,39.04,69.37,1.0000,-1,-1,-1
351,89,870.03,270.77,69.54,112.85,1.0000,-1,-1,-1
351,91,844.21,264.08,76.43,132.62,1.0000,-1,-1,-1
351,94,775.91,189.67,40.52,92.89,1.0000,-1,-1,-1
351,95,384.40,292.28,58.98,136.63,1.0000,-1,-1,-1
351,96,125.43,480.61,99.17,147.04,1.0000,-1,-1,-1
351,97,780.54,266.46,68.17,129.45,1.0000,-1,-1,-1
351,98,994.81,173.54,43.25,91.76,1.0000,-1,-1,-1
352,63,134.87,250.03,55.08,112.50,1.0000,-1,-1,-1
352,65,249.60,297.69,44.41,74.64,1.0000,-1,-1,-1
352,67,842.29,302.78,51.39,104.94,1.0000,-1,-1,-1
352,71,51.08,507.11,93.56,143.42,1.0000,-1,-1,-1
352,75,392.30,252.43,52.66,124.48,1.0000,-1,-1,-1
352,77,624.39,367.74,61.33,131.51,1.0000,-1,-1,-1
352,78,663.78,172.91,33.58,73.61,1.0000,-1,-1,-1
352,80,553.18,546.51,38.99,73.35,1.0000,-1,-1,-1
352,87,898.77,308.50,7.58,16.63,1.0000,-1,-1,-1
352,88,841.00,158.02,39.04,69.37,1.0000,-1,-1,-1
352,89,862.60,270.63,69.23,112.34,1.0000,-1,-1,-1
352,91,834.59,262.34,73.39,133.36,1.0000,-1,-1,-1
352,94,772.07,188.66,39.93,91.54,1.0000,-1,-1,-1
352,95,384.64,270.00,67.03,150.94,1.0000,-1,-1,-1
352,96,159.82,489.79,78.82,142.45,1.0000,-1,-1,-1
352,97,777.86,268.68,73.82,128.80,1.0000,-1,-1,-1
352,98,990.97,175.84,40.92,86.82,1.0000,-1,-1,-1
353,63,137.25,244.62,57.70,113.59,1.0000,-1,-1,-1
353,65,247.45,299.59,42.97,72.22,1.0000,-1,-1,-1
353,67,844.80,303.46,50.72,103.57,1.0000,-1,-1,-1
353,71,52.46,509.19,93.72,143.67,1.0000,-1,-1,-1
353,75,387.02,251.61,52.68,124.53,1.0000,-1,-1,-1
353,77,615.04,367.50,63.40,132.22,1.0000,-1,-1,-1
353,78,656.22,171.62,32.69,71.65,1.0000,-1,-1,-1
353,80,555.62,546.46,38.89,73.17,1.0000,-1,-1,-1
353,87,897.73,307.18,7.58,16.63,1.0000,-1,-1,-1
353,89,855.17,270.48,68.91,111.83,1.0000,-1,-1,-1
353,91,825.52,260.97,74.00,134.03,1.0000,-1,-1,-1
353,94,768.23,187.67,39.33,90.16,1.0000,-1,-1,-1
353,95,385.04,263.95,72.45,158.68,1.0000,-1,-1,-1
353,96,166.54,491.03,79.15,143.06,1.0000,-1,-1,-1
353,97,775.13,266.67,75.95,132.52,1.0000,-1,-1,-1
353,98,987.20,178.28,38.45,81.58,1.0000,-1,-1,-1
354,63,131.62,244.97,60.01,114.52,1.0000,-1,-1,-1
354,65,245.32,301.53,41.48,69.71,1.0000,-1,-1,-1
354,67,847.32,304.15,50.05,102.19,1.0000,-1,-1,-1
354,71,53.84,511.26,93.88,143.91,1.0000,-1,-1,-1
354,75,381.73,250.79,52.70,124.57,1.0000,-1,-1,-1
354,77,605.49,367.24,64.99,131.45,1.0000,-1,-1,-1
354,78,648.68,170.35,31.77,69.63,1.0000,-1,-1,-1
354,80,558.07,546.40,38.79,72.99,1.0000,-1,-1,-1
354,87,896.69,305.86,7.58,16.63,1.0000,-1,-1,-1
354,89,847.75,270.33,68.59,111.31,1.0000,-1,-1,-1
354,91,813.50,260.20,74.59,135.22,1.0000,-1,-1,-1
354,94,764.40,186.69,38.72,88.75,1.0000,-1,-1,-1
354,95,384.16,261.61,75.38,163.02,1.0000,-1,-1,-1
354,96,168.46,493.34,74.43,141.62,1.0000,-1,-1,-1
354,97,772.44,264.72,78.02,136.14,1.0000,-1,-1,-1
354,98,983.52,180.91,35.82,75.99,1.0000,-1,-1,-1
355,63,126.87,243.76,66.24,115.84,1.0000,-1,-1,-1
355,65,243.21,303.52,39.94,67.12,1.0000,-1,-1,-1
355,67,849.83,304.85,49.36,100.78,1.0000,-1,-1,-1
355,71,55.23,513.34,94.04,144.15,1.0000,-1,-1,-1
355,75,376.45,249.98,52.72,124.62,1.0000,-1,-1,-1
355,77,597.60,367.99,65.74,131.84,1.0000,-1,-1,-1
355,78,641.15,169.12,30.82,67.56,1.0000,-1,-1,-1
355,80,560.51,546.35,38.70,72.80,1.0000,-1,-1,-1
355,87,895.65,304.54,7.58,16.63,1.0000,-1,-1,-1
355,89,840.32,270.19,68.27,110.79,1.0000,-1,-1,-1
355,91,802.79,259.57,75.87,136.54,1.0000,-1,-1,-1
355,94,760.57,185.72,38.10,87.33,1.0000,-1,-1,-1
355,95,381.00,260.35,76.29,165.71,1.0000,-1,-1,-1
355,96,168.38,492.92,75.92,141.92,1.0000,-1,-1,-1
355,97,769.77,262.81,80.04,139.66,1.0000,-1,-1,-1
355,98,979.94,183.75,32.97,69.95,1.0000,-1,-1,-1
356,63,122.28,243.13,72.40,115.79,1.0000,-1,-1,-1
356,65,241.14,305.55,38.33,64.41,1.0000,-1,-1,-1
356,67,852.36,305.55,48.66,99.36,1.0000,-1,-1,-1
356,71,56.61,515.41,94.20,144.39,1.0000,-1,-1,-1
356,75,371.17,249.16,52.74,124.66,1.0000,-1,-1,-1
356,77,591.15,368.25,63.99,132.24,1.0000,-1,-1,-1
356,80,562.95,546.30,38.60,72.61,1.0000,-1,-1,-1
356,87,894.60,303.23,7.58,16.63,1.0000,-1,-1,-1
356,89,832.90,270.04,67.95,110.27,1.0000,-1,-1,-1
356,91,794.94,259.35,74.98,136.98,1.0000,-1,-1,-1
356,94,756.75,184.76,37.47,85.88,1.0000,-1,-1,-1
356,95,382.96,259.52,77.33,167.96,1.0000,-1,-1,-1
356,96,168.36,488.43,80.13,146.64,1.0000,-1,-1,-1
356,97,767.13,260.94,82.01,143.10,1.0000,-1,-1,-1
356,98,976.50,186.89,29.85,63.34,1.0000,-1,-1,-1
357,63,120.02,244.26,74.48,114.97,1.0000,-1,-1,-1
357,65,239.11,307.65,36.65,61.59,1.0000,-1,-1,-1
357,67,854.88,306.27,47.96,97.92,1.0000,-1,-1,-1
357,71,57.99,517.49,94.35,144.63,1.0000,-1,-1,-1
357,75,365.88,248.34,52.76,124.71,1.0000,-1,-1,-1
357,77,579.89,367.74,62.19,131.65,1.0000,-1,-1,-1
357,80,548.35,541.16,43.00,99.34,1.0000,-1,-1,-1
357,89,825.47,269.90,67.63,109.75,1.0000,-1,-1,-1
357,91,782.12,258.81,74.93,137.75,1.0000,-1,-1,-1
357,94,752.94,183.82,36.82,84.41,1.0000,-1,-1,-1
357,95,367.63,259.14,80.33,170.19,1.0000,-1,-1,-1
357,96,169.51,485.76,85.64,145.85,1.0000,-1,-1,-1
357,97,764.51,259.12,83.94,146.46,1.0000,-1,-1,-1
357,98,973.24,190.41,26.37,55.94,1.0000,-1,-1,-1
358,63,119.62,245.61,71.88,113.48,1.0000,-1,-1,-1
358,65,237.11,309.82,34.89,58.64,1.0000,-1,-1,-1
358,67,857.42,307.00,47.24,96.45,1.0000,-1,-1,-1
358,71,59.38,519.56,94.51,144.87,1.0000,-1,-1,-1
358,75,360.60,247.53,52.78,124.75,1.0000,-1,-1,-1
358,77,571.80,369.02,60.87,133.28,1.0000,-1,-1,-1
358,80,549.87,538.26,43.37,107.49,1.0000,-1,-1,-1
358,89,818.05,269.76,67.30,109.22,1.0000,-1,-1,-1
358,91,773.18,258.85,73.98,138.65,1.0000,-1,-1,-1
358,94,749.12,182.88,36.17,82.92,1.0000,-1,-1,-1
358,95,364.98,258.44,83.79,171.96,1.0000,-1,-1,-1
358,96,172.40,483.45,89.79,144.03,1.0000,-1,-1,-1
358,97,761.91,257.33,85.82,149.74,1.0000,-1,-1,-1
358,98,970.25,194.50,22.35,47.42,1.0000,-1,-1,-1
359,63,118.25,245.33,71.59,113.02,1.0000,-1,-1,-1
359,65,235.16,312.06,33.04,55.52,1.0000,-1,-1,-1
359,67,859.96,307.75,46.51,94.96,1.0000,-1,-1,-1
359,71,60.76,521.64,94.67,145.12,1.0000,-1,-1,-1
359,75,355.32,246.71,52.80,124.80,1.0000,-1,-1,-1
359,77,565.64,368.91,59.59,135.33,1.0000,-1,-1,-1
359,80,551.36,536.81,42.97,110.98,1.0000,-1,-1,-1
359,89,810.63,269.62,66.98,108.69,1.0000,-1,-1,-1
359,91,768.09,258.55,71.50,138.99,1.0000,-1,-1,-1
359,94,745.32,181.96,35.50,81.39,1.0000,-1,-1,-1
359,95,364.73,257.85,89.53,173.33,1.0000,-1,-1,-1
359,96,196.99,485.38,79.94,140.00,1.0000,-1,-1,-1
359,97,759.33,255.58,87.66,152.95,1.0000,-1,-1,-1
359,98,967.71,199.55,17.42,36.97,1.0000,-1,-1,-1
360,63,116.88,245.04,71.29,112.55,1.0000,-1,-1,-1
360,65,233.27,314.40,31.07,52.22,1.0000,-1,-1,-1
360,67,862.50,308.50,45.77,93.45,1.0000,-1,-1,-1
360,71,62.15,523.71,94.83,145.36,1.0000,-1,-1,-1
360,75,350.04,245.90,52.81,124.84,1.0000,-1,-1,-1
360,77,562.91,368.89,57.96,136.52,1.0000,-1,-1,-1
360,80,552.86,537.07,43.07,111.24,1.0000,-1,-1,-1
360,89,803.21,269.48,66.65,108.16,1.0000,-1,-1,-1
360,91,761.80,259.10,71.77,139.61,1.0000,-1,-1,-1
360,94,741.52,181.06,34.83,79.84,1.0000,-1,-1,-1
360,95,364.27,256.82,97.76,175.67,1.0000,-1,-1,-1
360,96,203.42,485.46,80.17,140.41,1.0000,-1,-1,-1
360,97,756.77,253.86,89.46,156.10,1.0000,-1,-1,-1
360,98,966.23,206.85,10.38,22.03,1.0000,-1,-1,-1
361,63,115.51,244.76,71.00,112.09,1.0000,-1,-1,-1
361,67,865.05,309.27,45.02,91.92,1.0000,-1,-1,-1
361,71,63.53,525.79,94.98,145.60,1.0000,-1,-1,-1
361,75,344.75,245.08,52.83,124.88,1.0000,-1,-1,-1
361,77,565.58,369.39,55.49,137.33,1.0000,-1,-1,-1
361,80,554.35,537.32,43.17,111.50,1.0000,-1,-1,-1
361,89,795.79,269.34,66.32,107.63,1.0000,-1,-1,-1
361,91,755.01,258.62,71.89,139.85,1.0000,-1,-1,-1
361,94,737.73,180.17,34.13,78.25,1.0000,-1,-1,-1
361,95,360.90,253.88,106.15,179.81,1.0000,-1,-1,-1
361,96,221.77,489.53,68.76,134.15,1.0000,-1,-1,-1
361,97,754.23,252.17,91.23,159.18,1.0000,-1,-1,-1
361,98,961.23,206.68,10.38,22.03,1.0000,-1,-1,-1
362,63,127.06,246.20,58.61,111.51,1.0000,-1,-1,-1
362,67,867.61,310.04,44.25,90.35,1.0000,-1,-1,-1
362,71,64.91,527.86,95.14,145.84,1.0000,-1,-1,-1
362,75,339.47,244.26,52.85,124.93,1.0000,-1,-1,-1
362,77,567.20,369.88,54.54,137.91,1.0000,-1,-1,-1
362,80,556.18,531.34,43.70,99.71,1.0000,-1,-1,-1
362,89,788.37,269.20,65.99,107.09,1.0000,-1,-1,-1
362,91,748.22,258.14,72.01,140.08,1.0000,-1,-1,-1
362,94,733.95,179.30,33.43,76.63,1.0000,-1,-1,-1
362,95,361.39,252.85,107.58,182.25,1.0000,-1,-1,-1
362,96,235.42,491.84,58.54,129.75,1.0000,-1,-1,-1
362,97,751.70,250.52,92.96,162.20,1.0000,-1,-1,-1
362,98,956.23,206.51,10.38,22.03,1.0000,-1,-1,-1
363,63,129.83,245.38,60.14,112.33,1.0000,-1,-1,-1
363,67,870.17,310.84,43.47,88.76,1.0000,-1,-1,-1
363,71,66.30,529.94,95.29,146.07,1.0000,-1,-1,-1
363,75,334.19,243.45,52.87,124.97,1.0000,-1,-1,-1
363,77,566.02,370.48,54.57,138.80,1.0000,-1,-1,-1
363,80,558.45,531.74,44.12,94.63,1.0000,-1,-1,-1
363,89,780.95,269.07,65.66,106.55,1.0000,-1,-1,-1
363,91,741.43,257.66,72.13,140.31,1.0000,-1,-1,-1
363,94,730.17,178.44,32.71,74.98,1.0000,-1,-1,-1
363,95,378.01,284.88,96.97,165.04,1.0000,-1,-1,-1
363,96,249.08,492.12,55.29,127.07,1.0000,-1,-1,-1
363,97,749.19,248.89,94.66,165.17,1.0000,-1,-1,-1
363,98,951.23,206.33,10.38,22.03,1.0000,-1,-1,-1
364,63,130.51,246.35,62.88,111.71,1.0000,-1,-1,-1
364,67,872.74,311.64,42.68,87.14,1.0000,-1,-1,-1
364,71,67.68,532.02,95.45,146.31,1.0000,-1,-1,-1
364,75,328.90,242.63,52.89,125.02,1.0000,-1,-1,-1
364,77,562.14,371.91,53.89,139.04,1.0000,-1,-1,-1
364,80,560.09,530.88,44.17,94.74,1.0000,-1,-1,-1
364,89,773.53,268.93,65.33,106.01,1.0000,-1,-1,-1
364,91,734.64,257.18,72.25,140.54,1.0000,-1,-1,-1
364,94,726.40,177.61,31.97,73.29,1.0000,-1,-1,-1
364,95,379.55,286.16,98.08,166.92,1.0000,-1,-1,-1
364,96,256.23,491.13,56.60,125.63,1.0000,-1,-1,-1
364,97,746.70,247.28,96.34,168.09,1.0000,-1,-1,-1
364,98,946.23,206.16,10.38,22.03,1.0000,-1,-1,-1
365,63,129.71,246.17,64.76,111.50,1.0000,-1,-1,-1
365,67,875.32,312.47,41.87,85.49,1.0000,-1,-1,-1
365,75,323.62,241.81,52.91,125.06,1.0000,-1,-1,-1
365,77,559.33,372.52,52.53,138.68,1.0000,-1,-1,-1
365,80,561.83,531.99,48.49,94.44,1.0000,-1,-1,-1
365,89,766.11,268.80,64.99,105.47,1.0000,-1,-1,-1
365,91,727.85,256.70,72.37,140.77,1.0000,-1,-1,-1
365,94,722.64,176.79,31.22,71.56,1.0000,-1,-1,-1
365,95,381.10,287.45,99.17,168.78,1.0000,-1,-1,-1
365,96,259.27,490.45,60.14,126.17,1.0000,-1,-1,-1
365,97,744.22,245.70,97.98,170.96,1.0000,-1,-1,-1
365,98,941.23,205.99,10.38,22.03,1.0000,-1,-1,-1
366,63,126.36,246.78,65.46,111.12,1.0000,-1,-1,-1
366,67,877.91,313.31,41.05,83.81,1.0000,-1,-1,-1
366,75,318.34,241.00,52.93,125.11,1.0000,-1,-1,-1
366,77,557.69,373.22,51.80,138.84,1.0000,-1,-1,-1
366,80,562.19,531.20,51.00,95.35,1.0000,-1,-1,-1
366,89,758.69,268.67,64.65,104.92,1.0000,-1,-1,-1
366,91,721.06,256.22,72.49,141.00,1.0000,-1,-1,-1
366,94,718.89,175.99,30.44,69.78,1.0000,-1,-1,-1
366,95,382.66,288.75,100.25,170.62,1.0000,-1,-1,-1
366,96,260.24,489.91,65.31,127.88,1.0000,-1,-1,-1
366,97,741.75,244.15,99.60,173.78,1.0000,-1,-1,-1
366,98,936.22,205.81,10.38,22.03,1.0000,-1,-1,-1
367,63,125.65,246.40,64.24,110.75,1.0000,-1,-1,-1
367,67,880.50,314.16,40.21,82.09,1.0000,-1,-1,-1
367,75,313.05,240.18,52.95,125.15,1.0000,-1,-1,-1
367,77,556.06,374.61,50.20,138.28,1.0000,-1,-1,-1
367,80,562.60,531.20,52.02,97.09,1.0000,-1,-1,-1
367,89,751.28,268.54,64.31,104.37,1.0000,-1,-1,-1
367,91,714.26,255.74,72.60,141.23,1.0000,-1,-1,-1
367,94,715.15,175.22,29.65,67.96,1.0000,-1,-1,-1
367,95,373.99,291.95,84.93,156.69,1.0000,-1,-1,-1
367,96,267.39,488.97,66.41,126.68,1.0000,-1,-1,-1
367,97,739.30,242.61,101.19,176.55,1.0000,-1,-1,-1
367,98,931.22,205.64,10.38,22.03,1.0000,-1,-1,-1
368,63,120.86,246.10,64.73,109.64,1.0000,-1,-1,-1
368,67,883.10,315.04,39.35,80.34,1.0000,-1,-1,-1
368,75,307.77,239.37,52.96,125.20,1.0000,-1,-1,-1
368,77,551.78,376.70,49.11,137.25,1.0000,-1,-1,-1
368,80,564.44,533.37,53.33,102.74,1.0000,-1,-1,-1
368,89,743.86,268.41,63.97,103.82,1.0000,-1,-1,-1
368,91,707.47,255.27,72.72,141.46,1.0000,-1,-1,-1
368,94,711.42,174.47,28.83,66.10,1.0000,-1,-1,-1
368,95,374.25,293.02,85.66,158.05,1.0000,-1,-1,-1
368,96,291.41,490.37,59.61,124.69,1.0000,-1,-1,-1
368,97,736.86,241.10,102.75,179.28,1.0000,-1,-1,-1
368,98,926.22,205.47,10.38,22.03,1.0000,-1,-1,-1
369,63,119.09,246.00,64.01,109.12,1.0000,-1,-1,-1
369,67,885.72,315.93,38.47,78.55,1.0000,-1,-1,-1
369,75,302.49,238.55,52.98,125.24,1.0000,-1,-1,-1
369,77,549.51,379.65,47.16,135.39,1.0000,-1,-1,-1
369,80,566.54,531.03,54.84,104.07,1.0000,-1,-1,-1
369,89,736.45,268.28,63.63,103.26,1.0000,-1,-1,-1
369,91,700.68,254.79,72.84,141.68,1.0000,-1,-1,-1
369,94,707.70,173.75,27.99,64.17,1.0000,-1,-1,-1
369,95,374.52,294.09,86.39,159.39,1.0000,-1,-1,-1
369,96,309.48,494.32,54.55,122.91,1.0000,-1,-1,-1
369,97,734.43,239.61,104.29,181.97,1.0000,-1,-1,-1
369,98,921.22,205.30,10.38,22.03,1.0000,-1,-1,-1
370,63,117.18,244.65,63.41,109.28,1.0000,-1,-1,-1
370,67,888.34,316.85,37.57,76.71,1.0000,-1,-1,-1
370,75,297.21,237.73,53.00,125.28,1.0000,-1,-1,-1
370,77,549.08,381.97,45.44,134.34,1.0000,-1,-1,-1
370,80,568.24,528.05,55.57,102.64,1.0000,-1,-1,-1
370,89,729.04,268.16,63.29,102.70,1.0000,-1,-1,-1
370,91,693.89,254.31,72.96,141.91,1.0000,-1,-1,-1
370,94,704.00,173.06,27.13,62.19,1.0000,-1,-1,-1
370,95,372.99,294.34,74.33,147.52,1.0000,-1,-1,-1
370,96,318.93,495.41,51.54,120.71,1.0000,-1,-1,-1
370,97,732.01,238.14,105.81,184.62,1.0000,-1,-1,-1
370,98,916.22,205.12,10.38,22.03,1.0000,-1,-1,-1
370,102,655.24,281.36,79.86,127.13,1.0000,-1,-1,-1
371,63,116.16,244.52,63.09,108.72,1.0000,-1,-1,-1
371,67,890.97,317.78,36.65,74.83,1.0000,-1,-1,-1
371,75,291.92,236.92,53.02,125.33,1.0000,-1,-1,-1
371,77,548.14,382.90,43.16,133.04,1.0000,-1,-1,-1
371,80,572.76,526.76,55.34,99.71,1.0000,-1,-1,-1
371,89,721.63,268.03,62.94,102.14,1.0000,-1,-1,-1
371,91,687.10,253.83,73.07,142.14,1.0000,-1,-1,-1
371,94,700.31,172.41,26.23,60.14,1.0000,-1,-1,-1
371,95,375.21,297.38,69.32,141.47,1.0000,-1,-1,-1
371,96,327.89,497.98,48.12,118.69,1.0000,-1,-1,-1
371,97,729.61,236.69,107.31,187.24,1.0000,-1,-1,-1
371,98,911.22,204.95,10.38,22.03,1.0000,-1,-1,-1
371,102,640.63,278.35,87.08,133.24,1.0000,-1,-1,-1
372,63,115.15,244.40,62.76,108.16,1.0000,-1,-1,-1
372,75,286.64,236.10,53.04,125.37,1.0000,-1,-1,-1
372,77,547.57,383.88,40.71,132.47,1.0000,-1,-1,-1
372,80,574.85,525.95,55.49,99.98,1.0000,-1,-1,-1
372,89,714.21,267.91,62.59,101.58,1.0000,-1,-1,-1
372,91,680.31,253.36,73.19,142.37,1.0000,-1,-1,-1
372,94,696.63,171.79,25.31,58.02,1.0000,-1,-1,-1
372,95,376.41,300.01,65.65,137.39,1.0000,-1,-1,-1
372,96,335.69,497.42,45.08,116.35,1.0000,-1,-1,-1
372,97,727.21,235.25,108.79,189.82,1.0000,-1,-1,-1
372,98,906.22,204.78,10.38,22.03,1.0000,-1,-1,-1
372,101,341.33,246.34,57.73,131.17,1.0000,-1,-1,-1
372,102,620.92,275.19,97.70,139.50,1.0000,-1,-1,-1
373,63,131.99,243.64,64.08,109.69,1.0000,-1,-1,-1
373,75,281.36,235.29,53.06,125.42,1.0000,-1,-1,-1
373,77,546.83,384.05,38.98,131.46,1.0000,-1,-1,-1
373,80,585.14,526.10,52.53,98.62,1.0000,-1,-1,-1
373,89,706.80,267.79,62.24,101.01,1.0000,-1,-1,-1
373,91,673.94,261.31,74.26,126.90,1.0000,-1,-1,-1
373,94,692.98,171.20,24.35,55.82,1.0000,-1,-1,-1
373,95,376.16,300.72,65.93,137.98,1.0000,-1,-1,-1
373,96,346.87,496.37,47.39,116.90,1.0000,-1,-1,-1
373,97,724.82,233.83,110.25,192.36,1.0000,-1,-1,-1
373,98,901.22,204.60,10.38,22.03,1.0000,-1,-1,-1
373,101,340.28,243.93,58.83,133.67,1.0000,-1,-1,-1
373,102,604.97,275.06,100.75,141.45,1.0000,-1,-1,-1
374,63,137.51,243.68,63.72,109.68,1.0000,-1,-1,-1
374,75,276.07,234.47,53.08,125.46,1.0000,-1,-1,-1
374,77,547.45,385.26,38.51,130.94,1.0000,-1,-1,-1
374,80,591.87,525.76,51.10,97.38,1.0000,-1,-1,-1
374,89,699.40,267.67,61.89,100.44,1.0000,-1,-1,-1
374,91,668.22,261.95,74.67,123.66,1.0000,-1,-1,-1
374,95,375.91,301.43,66.21,138.57,1.0000,-1,-1,-1
374,96,356.00,497.04,46.89,115.64,1.0000,-1,-1,-1
374,97,722.44,232.43,111.68,194.87,1.0000,-1,-1,-1
374,98,896.21,204.43,10.38,22.03,1.0000,-1,-1,-1
374,101,345.38,254.07,77.17,171.42,1.0000,-1,-1,-1
374,102,596.84,277.33,94.92,138.97,1.0000,-1,-1,-1
375,63,139.77,244.03,62.66,109.63,1.0000,-1,-1,-1
375,75,270.79,233.65,53.10,125.51,1.0000,-1,-1,-1
375,77,548.51,385.09,39.93,130.67,1.0000,-1,-1,-1
375,80,594.85,524.98,51.21,97.58,1.0000,-1,-1,-1
375,89,691.99,267.55,61.54,99.86,1.0000,-1,-1,-1
375,91,661.62,261.56,74.69,123.69,1.0000,-1,-1,-1
375,95,375.66,302.14,66.49,139.15,1.0000,-1,-1,-1
375,96,363.84,494.71,53.46,121.49,1.0000,-1,-1,-1
375,97,720.08,231.05,113.10,197.35,1.0000,-1,-1,-1
375,98,891.21,204.26,10.38,22.03,1.0000,-1,-1,-1
375,101,342.93,249.76,84.04,185.15,1.0000,-1,-1,-1
375,102,590.80,281.28,81.72,134.32,1.0000,-1,-1,-1
376,63,142.41,243.94,60.66,109.38,1.0000,-1,-1,-1
376,75,265.51,232.84,53.11,125.55,1.0000,-1,-1,-1
376,77,549.06,384.74,42.72,131.29,1.0000,-1,-1,-1
376,80,600.26,524.33,49.01,98.12,1.0000,-1,-1,-1
376,89,684.58,267.44,61.18,99.28,1.0000,-1,-1,-1
376,91,657.56,263.31,78.17,122.17,1.0000,-1,-1,-1
376,95,375.41,302.85,66.77,139.73,1.0000,-1,-1,-1
376,96,367.85,493.24,57.91,124.97,1.0000,-1,-1,-1
376,97,717.72,229.68,114.51,199.79,1.0000,-1,-1,-1
376,98,886.21,204.08,10.38,22.03,1.0000,-1,-1,-1
376,101,334.40,242.66,91.66,195.69,1.0000,-1,-1,-1
376,102,587.58,285.22,70.97,129.17,1.0000,-1,-1,-1
377,63,143.53,243.96,60.34,108.80,1.0000,-1,-1,-1
377,75,260.22,232.02,53.13,125.59,1.0000,-1,-1,-1
377,77,549.47,384.44,45.37,130.67,1.0000,-1,-1,-1
377,80,603.89,523.00,46.77,98.19,1.0000,-1,-1,-1
377,89,677.17,267.32,60.82,98.70,1.0000,-1,-1,-1
377,91,653.07,261.93,80.68,121.54,1.0000,-1,-1,-1
377,95,375.16,303.56,67.05,140.31,1.0000,-1,-1,-1
377,96,376.27,492.17,59.33,126.36,1.0000,-1,-1,-1
377,97,715.37,228.32,115.89,202.21,1.0000,-1,-1,-1
377,98,881.21,203.91,10.38,22.03,1.0000,-1,-1,-1
377,101,324.62,237.85,99.11,201.93,1.0000,-1,-1,-1
377,102,583.72,286.80,64.39,126.62,1.0000,-1,-1,-1
378,63,144.65,243.98,60.02,108.22,1.0000,-1,-1,-1
378,75,254.94,231.20,53.15,125.64,1.0000,-1,-1,-1
378,77,547.83,384.59,49.09,131.54,1.0000,-1,-1,-1
378,80,606.94,522.21,46.83,98.33,1.0000,-1,-1,-1
378,91,648.21,256.85,82.24,124.60,1.0000,-1,-1,-1
378,95,374.92,304.28,67.32,140.89,1.0000,-1,-1,-1
378,96,394.31,493.04,56.71,124.59,1.0000,-1,-1,-1
378,97,713.02,226.98,117.26,204.60,1.0000,-1,-1,-1
378,98,876.21,203.74,10.38,22.03,1.0000,-1,-1,-1
378,101,323.75,235.64,101.30,201.72,1.0000,-1,-1,-1
378,102,573.52,287.19,64.43,128.15,1.0000,-1,-1,-1
379,63,130.01,208.03,66.78,129.86,1.0000,-1,-1,-1
379,75,249.66,230.39,53.17,125.68,1.0000,-1,-1,-1
379,77,544.00,382.84,53.09,133.60,1.0000,-1,-1,-1
379,80,610.00,521.43,46.90,98.48,1.0000,-1,-1,-1
379,91,645.29,257.08,83.20,125.08,1.0000,-1,-1,-1
379,95,374.67,304.99,67.60,141.46,1.0000,-1,-1,-1
379,96,408.71,494.48,54.65,121.58,1.0000,-1,-1,-1
379,97,710.69,225.66,118.62,206.96,1.0000,-1,-1,-1
379,98,871.21,203.57,10.38,22.03,1.0000,-1,-1,-1
379,101,322.07,235.26,103.97,199.80,1.0000,-1,-1,-1
379,102,565.92,285.72,65.66,130.61,1.0000,-1,-1,-1
380,63,128.73,193.38,70.90,145.01,1.0000,-1,-1,-1
380,77,541.36,380.51,55.86,136.10,1.0000,-1,-1,-1
380,80,616.45,523.96,44.61,95.28,1.0000,-1,-1,-1
380,91,639.77,256.42,83.32,125.25,1.0000,-1,-1,-1
380,95,374.42,305.71,67.87,142.03,1.0000,-1,-1,-1
380,96,421.85,496.29,51.11,120.09,1.0000,-1,-1,-1
380,97,708.36,224.34,119.95,209.30,1.0000,-1,-1,-1
380,101,323.96,239.47,104.56,194.29,1.0000,-1,-1,-1
380,102,556.04,283.79,70.07,134.26,1.0000,-1,-1,-1
381,63,128.46,189.12,72.32,152.40,1.0000,-1,-1,-1
381,77,539.66,380.97,55.67,135.66,1.0000,-1,-1,-1
381,80,620.31,525.30,43.75,93.31,1.0000,-1,-1,-1
381,91,634.25,255.76,83.43,125.43,1.0000,-1,-1,-1
381,95,374.18,306.43,68.14,142.60,1.0000,-1,-1,-1
381,96,433.98,495.40,47.50,117.65,1.0000,-1,-1,-1
381,97,706.04,223.04,121.28,211.61,1.0000,-1,-1,-1
381,101,325.56,245.47,104.06,187.33,1.0000,-1,-1,-1
381,102,547.76,283.02,74.17,136.18,1.0000,-1,-1,-1
382,63,127.94,187.30,73.44,157.10,1.0000,-1,-1,-1
382,77,537.96,381.44,55.49,135.21,1.0000,-1,-1,-1
382,80,623.72,526.80,43.72,92.89,1.0000,-1,-1,-1
382,91,628.72,255.09,83.55,125.60,1.0000,-1,-1,-1
382,95,373.93,307.15,68.41,143.17,1.0000,-1,-1,-1
382,96,445.68,496.63,45.11,117.68,1.0000,-1,-1,-1
382,97,703.73,221.75,122.59,213.89,1.0000,-1,-1,-1
382,101,327.27,249.11,104.18,181.94,1.0000,-1,-1,-1
382,102,538.40,283.68,74.02,135.92,1.0000,-1,-1,-1
383,63,128.11,183.34,78.76,162.66,1.0000,-1,-1,-1
383,77,536.26,381.91,55.31,134.77,1.0000,-1,-1,-1
383,80,628.30,526.29,42.80,93.36,1.0000,-1,-1,-1
383,91,623.20,254.43,83.66,125.77,1.0000,-1,-1,-1
383,95,373.69,307.87,68.68,143.73,1.0000,-1,-1,-1
383,96,454.78,494.31,47.54,120.41,1.0000,-1,-1,-1
383,101,323.00,250.30,108.30,178.49,1.0000,-1,-1,-1
383,102,524.44,306.33,84.93,172.92,1.0000,-1,-1,-1
384,63,131.28,180.74,81.12,166.59,1.0000,-1,-1,-1
384,77,534.56,382.38,55.13,134.32,1.0000,-1,-1,-1
384,80,630.92,525.67,41.90,93.65,1.0000,-1,-1,-1
384,91,617.68,253.77,83.77,125.94,1.0000,-1,-1,-1
384,95,373.45,308.59,68.95,144.30,1.0000,-1,-1,-1
384,96,460.14,493.38,51.43,122.90,1.0000,-1,-1,-1
384,101,330.09,253.05,103.69,175.00,1.0000,-1,-1,-1
384,102,514.63,309.99,85.89,174.88,1.0000,-1,-1,-1
385,63,136.21,180.36,80.28,168.25,1.0000,-1,-1,-1
385,77,532.86,382.85,54.94,133.87,1.0000,-1,-1,-1
385,80,632.90,525.11,41.98,94.82,1.0000,-1,-1,-1
385,91,630.87,228.96,84.23,145.22,1.0000,-1,-1,-1
385,95,373.20,309.31,69.22,144.86,1.0000,-1,-1,-1
385,96,463.26,492.39,55.91,125.20,1.0000,-1,-1,-1
385,101,333.42,254.13,99.77,172.40,1.0000,-1,-1,-1
385,102,504.81,313.66,86.84,176.82,1.0000,-1,-1,-1
386,63,139.12,174.27,79.09,172.53,1.0000,-1,-1,-1
386,77,531.16,383.32,54.76,133.42,1.0000,-1,-1,-1
386,80,635.71,524.94,43.77,95.49,1.0000,-1,-1,-1
386,91,629.73,222.17,84.46,154.82,1.0000,-1,-1,-1
386,95,372.96,310.03,69.48,145.41,1.0000,-1,-1,-1
386,96,465.10,490.73,62.52,128.23,1.0000,-1,-1,-1
386,101,334.58,255.52,96.27,170.06,1.0000,-1,-1,-1
386,102,495.01,317.33,87.78,178.73,1.0000,-1,-1,-1
387,63,141.09,171.19,76.14,175.60,1.0000,-1,-1,-1
387,77,529.46,383.79,54.57,132.97,1.0000,-1,-1,-1
387,80,638.47,524.87,45.64,96.40,1.0000,-1,-1,-1
387,91,627.85,216.17,85.00,162.13,1.0000,-1,-1,-1
387,95,372.72,310.76,69.75,145.97,1.0000,-1,-1,-1
387,96,474.24,490.86,62.39,127.97,1.0000,-1,-1,-1
387,101,335.15,256.96,93.76,167.13,1.0000,-1,-1,-1
387,102,485.20,321.02,88.71,180.63,1.0000,-1,-1,-1
388,63,145.38,202.99,70.73,160.24,1.0000,-1,-1,-1
388,77,527.76,384.26,54.38,132.51,1.0000,-1,-1,-1
388,80,642.06,524.88,48.25,96.90,1.0000,-1,-1,-1
388,91,624.10,214.17,85.26,162.64,1.0000,-1,-1,-1
388,95,372.48,311.48,70.01,146.52,1.0000,-1,-1,-1
388,96,499.13,491.40,58.84,122.41,1.0000,-1,-1,-1
388,101,337.64,258.68,90.24,163.01,1.0000,-1,-1,-1
388,102,475.41,324.72,89.64,182.51,1.0000,-1,-1,-1
389,63,147.26,183.38,67.02,166.03,1.0000,-1,-1,-1
389,77,551.78,385.92,56.32,141.58,1.0000,-1,-1,-1
389,80,642.35,525.01,49.01,96.87,1.0000,-1,-1,-1
389,91,620.35,212.17,85.53,163.15,1.0000,-1,-1,-1
389,95,372.23,312.21,70.28,147.08,1.0000,-1,-1,-1
389,96,509.52,491.41,58.64,121.99,1.0000,-1,-1,-1
389,101,339.08,261.05,87.14,158.87,1.0000,-1,-1,-1
389,102,465.61,328.42,90.55,184.37,1.0000,-1,-1,-1
389,103,479.15,276.14,39.57,151.64,1.0000,-1,-1,-1
390,63,148.68,174.87,64.00,170.52,1.0000,-1,-1,-1
390,77,551.68,386.17,56.92,144.98,1.0000,-1,-1,-1
390,80,642.47,525.74,49.73,96.93,1.0000,-1,-1,-1
390,91,624.79,240.35,82.63,151.59,1.0000,-1,-1,-1
390,95,371.99,312.94,70.54,147.63,1.0000,-1,-1,-1
390,96,519.13,491.86,53.77,117.87,1.0000,-1,-1,-1
390,101,339.76,263.59,84.60,154.76,1.0000,-1,-1,-1
390,102,455.83,332.14,91.45,186.21,1.0000,-1,-1,-1
390,103,471.88,276.56,40.11,153.12,1.0000,-1,-1,-1
391,63,149.63,173.32,63.95,170.38,1.0000,-1,-1,-1
391,77,552.76,388.26,55.81,145.53,1.0000,-1,-1,-1
391,80,645.34,525.61,49.81,97.07,1.0000,-1,-1,-1
391,91,624.16,249.12,81.43,144.28,1.0000,-1,-1,-1
391,95,371.75,313.67,70.80,148.17,1.0000,-1,-1,-1
391,96,529.29,491.83,53.50,117.27,1.0000,-1,-1,-1
391,101,340.09,264.64,82.42,151.80,1.0000,-1,-1,-1
391,102,446.04,335.87,92.35,188.03,1.0000,-1,-1,-1
391,103,464.22,276.98,40.74,155.51,1.0000,-1,-1,-1
392,63,150.58,171.77,63.90,170.24,1.0000,-1,-1,-1
392,77,552.01,388.87,55.87,146.68,1.0000,-1,-1,-1
392,80,648.21,525.48,49.88,97.22,1.0000,-1,-1,-1
392,91,623.63,252.56,80.26,140.24,1.0000,-1,-1,-1
392,95,371.51,314.40,71.06,148.72,1.0000,-1,-1,-1
392,96,537.43,490.94,50.96,116.51,1.0000,-1,-1,-1
392,101,339.99,265.55,80.24,149.34,1.0000,-1,-1,-1
392,102,436.26,339.60,93.23,189.83,1.0000,-1,-1,-1
392,103,456.56,277.42,41.35,157.86,1.0000,-1,-1,-1
393,63,158.95,170.57,59.01,174.62,1.0000,-1,-1,-1
393,77,552.02,389.94,55.75,146.37,1.0000,-1,-1,-1
393,80,650.10,522.57,51.94,88.07,1.0000,-1,-1,-1
393,91,622.34,253.59,78.93,137.89,1.0000,-1,-1,-1
393,95,371.27,315.13,71.32,149.26,1.0000,-1,-1,-1
393,96,547.34,490.88,50.66,115.82,1.0000,-1,-1,-1
393,101,338.57,266.67,77.38,146.91,1.0000,-1,-1,-1
393,102,426.49,343.34,94.11,191.62,1.0000,-1,-1,-1
393,103,448.90,277.87,41.96,160.18,1.0000,-1,-1,-1
394,63,160.33,169.27,58.94,174.42,1.0000,-1,-1,-1
394,77,552.04,391.00,55.63,146.06,1.0000,-1,-1,-1
394,80,653.70,522.63,54.58,80.21,1.0000,-1,-1,-1
394,91,621.65,254.21,78.20,136.28,1.0000,-1,-1,-1
394,95,371.04,315.86,71.58,149.81,1.0000,-1,-1,-1
394,96,557.24,490.82,50.36,115.13,1.0000,-1,-1,-1
394,101,337.55,266.56,75.43,145.66,1.0000,-1,-1,-1
394,102,416.72,347.09,94.98,193.39,1.0000,-1,-1,-1
394,103,441.25,278.35,42.56,162.47,1.0000,-1,-1,-1
395,63,161.70,167.97,58.88,174.21,1.0000,-1,-1,-1
395,77,552.05,392.07,55.51,145.74,1.0000,-1,-1,-1
395,80,656.41,522.75,55.45,74.89,1.0000,-1,-1,-1
395,91,620.75,255.81,77.96,134.87,1.0000,-1,-1,-1
395,95,370.80,316.59,71.84,150.35,1.0000,-1,-1,-1
395,96,565.56,489.70,51.86,106.46,1.0000,-1,-1,-1
395,101,337.19,266.93,74.10,144.07,1.0000,-1,-1,-1
395,102,406.95,350.85,95.84,195.14,1.0000,-1,-1,-1
395,103,413.43,277.74,53.64,146.93,1.0000,-1,-1,-1
396,63,163.07,166.67,58.81,174.01,1.0000,-1,-1,-1
396,77,552.06,393.13,55.39,145.43,1.0000,-1,-1,-1
396,80,659.45,522.68,55.41,70.35,1.0000,-1,-1,-1
396,91,619.26,256.57,78.05,133.79,1.0000,-1,-1,-1
396,95,370.56,317.32,72.10,150.88,1.0000,-1,-1,-1
396,96,572.25,489.93,52.84,102.00,1.0000,-1,-1,-1
396,101,336.84,267.50,72.67,142.65,1.0000,-1,-1,-1
396,102,397.19,354.62,96.69,196.88,1.0000,-1,-1,-1
396,103,406.68,279.70,56.16,141.45,1.0000,-1,-1,-1
397,63,164.45,165.37,58.74,173.81,1.0000,-1,-1,-1
397,77,560.52,394.95,51.81,140.10,1.0000,-1,-1,-1
397,80,661.52,522.86,55.29,66.61,1.0000,-1,-1,-1
397,91,618.47,253.30,78.88,135.02,1.0000,-1,-1,-1
397,95,370.32,318.06,72.35,151.42,1.0000,-1,-1,-1
397,96,586.73,490.91,48.92,97.72,1.0000,-1,-1,-1
397,101,337.08,268.37,71.57,141.46,1.0000,-1,-1,-1
397,102,387.43,358.39,97.54,198.61,1.0000,-1,-1,-1
397,103,403.45,280.04,55.79,139.89,1.0000,-1,-1,-1
398,63,173.19,238.75,54.44,140.98,1.0000,-1,-1,-1
398,77,565.50,398.27,47.89,139.68,1.0000,-1,-1,-1
398,80,664.50,521.62,55.28,66.59,1.0000,-1,-1,-1
398,91,617.01,230.42,80.59,147.78,1.0000,-1,-1,-1
398,95,370.09,318.80,72.61,151.95,1.0000,-1,-1,-1
398,96,601.63,489.60,46.01,96.17,1.0000,-1,-1,-1
398,101,336.61,268.56,71.71,141.72,1.0000,-1,-1,-1
398,102,377.67,362.17,98.38,200.31,1.0000,-1,-1,-1
398,103,400.18,278.86,52.60,138.84,1.0000,-1,-1,-1
399,63,174.86,250.29,52.19,128.11,1.0000,-1,-1,-1
399,77,568.63,399.39,45.70,140.41,1.0000,-1,-1,-1
399,80,667.49,520.37,55.27,66.58,1.0000,-1,-1,-1
399,91,616.08,219.43,81.40,157.47,1.0000,-1,-1,-1
399,95,369.85,319.53,72.86,152.49,1.0000,-1,-1,-1
399,96,611.94,489.04,45.55,95.20,1.0000,-1,-1,-1
399,101,336.13,268.75,71.84,141.99,1.0000,-1,-1,-1
399,102,367.92,365.96,99.21,202.01,1.0000,-1,-1,-1
399,103,398.37,278.73,49.43,138.54,1.0000,-1,-1,-1
400,63,174.97,257.34,52.46,119.16,1.0000,-1,-1,-1
400,77,571.91,399.89,45.26,140.66,1.0000,-1,-1,-1
400,80,670.48,519.12,55.26,66.57,1.0000,-1,-1,-1
400,91,614.13,217.59,81.58,157.81,1.0000,-1,-1,-1
400,95,369.61,320.27,73.12,153.02,1.0000,-1,-1,-1
400,96,622.26,488.48,45.08,94.22,1.0000,-1,-1,-1
400,101,335.66,268.93,71.97,142.25,1.0000,-1,-1,-1
400,102,358.17,369.76,100.04,203.69,1.0000,-1,-1,-1
400,103,397.75,278.08,46.62,138.62,1.0000,-1,-1,-1
401,63,173.69,259.41,51.47,115.62,1.0000,-1,-1,-1
401,77,573.67,400.50,46.18,140.91,1.0000,-1,-1,-1
401,80,673.47,517.88,55.25,66.56,1.0000,-1,-1,-1
401,91,612.18,215.75,81.76,158.16,1.0000,-1,-1,-1
401,95,369.38,321.01,73.37,153.55,1.0000,-1,-1,-1
401,96,632.58,487.93,44.60,93.23,1.0000,-1,-1,-1
401,101,335.18,269.12,72.11,142.52,1.0000,-1,-1,-1
401,102,348.42,373.56,100.86,205.36,1.0000,-1,-1,-1
401,103,396.49,278.07,44.65,139.40,1.0000,-1,-1,-1
402,63,171.85,261.45,50.05,113.18,1.0000,-1,-1,-1
402,77,574.85,400.81,47.64,141.15,1.0000,-1,-1,-1
402,80,676.46,516.63,55.24,66.54,1.0000,-1,-1,-1
402,91,610.24,213.91,81.94,158.51,1.0000,-1,-1,-1
402,95,369.14,321.75,73.62,154.07,1.0000,-1,-1,-1
402,96,642.90,487.39,44.12,92.22,1.0000,-1,-1,-1
402,101,334.70,269.31,72.24,142.78,1.0000,-1,-1,-1
402,102,338.68,377.37,101.67,207.01,1.0000,-1,-1,-1
402,103,390.21,277.74,44.71,139.60,1.0000,-1,-1,-1
403,63,172.26,262.37,47.51,111.76,1.0000,-1,-1,-1
403,77,576.65,400.51,54.64,141.15,1.0000,-1,-1,-1
403,80,679.45,515.39,55.23,66.53,1.0000,-1,-1,-1
403,91,611.80,244.09,80.32,146.31,1.0000,-1,-1,-1
403,96,647.32,483.78,43.69,95.70,1.0000,-1,-1,-1
403,101,334.23,269.50,72.37,143.04,1.0000,-1,-1,-1
403,102,328.94,381.18,102.47,208.65,1.0000,-1,-1,-1
403,103,386.28,273.75,44.26,142.85,1.0000,-1,-1,-1
404,63,173.39,268.17,45.96,112.67,1.0000,-1,-1,-1
404,77,575.73,400.31,60.76,140.81,1.0000,-1,-1,-1
404,80,682.44,514.14,55.22,66.52,1.0000,-1,-1,-1
404,91,611.62,248.72,78.96,140.87,1.0000,-1,-1,-1
404,96,654.38,483.07,44.02,96.67,1.0000,-1,-1,-1
404,101,320.06,265.48,68.18,139.52,1.0000,-1,-1,-1
404,102,319.21,385.01,103.27,210.28,1.0000,-1,-1,-1
404,103,381.11,272.39,45.43,145.27,1.0000,-1,-1,-1
405,63,174.66,270.24,44.55,111.27,1.0000,-1,-1,-1
405,77,574.80,399.92,65.61,139.95,1.0000,-1,-1,-1
405,80,685.43,512.89,55.21,66.51,1.0000,-1,-1,-1
405,91,611.63,250.72,78.49,137.44,1.0000,-1,-1,-1
405,96,664.03,482.50,43.58,95.72,1.0000,-1,-1,-1
405,101,318.51,265.33,68.22,139.60,1.0000,-1,-1,-1
405,102,309.47,388.83,104.07,211.89,1.0000,-1,-1,-1
405,103,376.82,271.25,46.39,146.28,1.0000,-1,-1,-1
406,63,175.50,271.36,43.84,106.96,1.0000,-1,-1,-1
406,77,574.25,398.46,68.85,139.67,1.0000,-1,-1,-1
406,80,688.42,511.65,55.20,66.49,1.0000,-1,-1,-1
406,91,611.36,253.32,77.35,135.23,1.0000,-1,-1,-1
406,96,673.67,481.95,43.15,94.76,1.0000,-1,-1,-1
406,101,310.92,262.74,70.68,139.58,1.0000,-1,-1,-1
406,102,299.75,392.67,104.85,213.49,1.0000,-1,-1,-1
406,103,372.61,270.77,47.87,147.54,1.0000,-1,-1,-1
407,63,176.02,271.78,43.77,102.19,1.0000,-1,-1,-1
407,77,575.26,397.66,70.76,139.86,1.0000,-1,-1,-1
407,80,691.41,510.40,55.19,66.48,1.0000,-1,-1,-1
407,91,611.22,254.95,76.62,133.28,1.0000,-1,-1,-1
407,96,683.32,481.40,42.71,93.80,1.0000,-1,-1,-1
407,101,308.43,261.71,72.46,139.69,1.0000,-1,-1,-1
407,102,290.02,396.51,105.63,215.08,1.0000,-1,-1,-1
407,103,371.04,270.18,47.66,146.61,1.0000,-1,-1,-1
408,63,174.89,273.39,45.35,99.58,1.0000,-1,-1,-1
408,77,580.35,396.92,71.12,141.54,1.0000,-1,-1,-1
408,80,694.40,509.16,55.17,66.47,1.0000,-1,-1,-1
408,91,609.88,255.50,76.67,133.36,1.0000,-1,-1,-1
408,96,690.24,480.88,52.85,99.44,1.0000,-1,-1,-1
408,101,305.20,261.35,72.97,138.78,1.0000,-1,-1,-1
408,102,280.29,400.36,106.41,216.66,1.0000,-1,-1,-1
408,103,367.09,270.72,47.53,146.33,1.0000,-1,-1,-1
409,63,172.00,276.29,47.60,100.02,1.0000,-1,-1,-1
409,77,584.21,393.52,70.47,144.21,1.0000,-1,-1,-1
409,80,697.39,507.91,55.16,66.46,1.0000,-1,-1,-1
409,91,608.53,256.06,76.72,133.44,1.0000,-1,-1,-1
409,96,695.95,478.16,56.48,102.61,1.0000,-1,-1,-1
409,101,303.57,261.12,72.99,137.83,1.0000,-1,-1,-1
409,102,270.57,404.21,107.18,218.23,1.0000,-1,-1,-1
409,103,362.88,270.96,48.64,147.87,1.0000,-1,-1,-1
410,63,168.92,279.12,50.49,101.26,1.0000,-1,-1,-1
410,77,588.52,391.41,68.62,147.17,1.0000,-1,-1,-1
410,80,700.38,506.66,55.15,66.44,1.0000,-1,-1,-1
410,91,611.32,250.05,76.18,133.96,1.0000,-1,-1,-1
410,96,700.35,476.76,57.69,103.80,1.0000,-1,-1,-1
410,101,303.94,262.43,75.93,137.66,1.0000,-1,-1,-1
410,102,260.85,408.07,107.94,219.79,1.0000,-1,-1,-1
410,103,357.89,270.41,48.85,148.49,1.0000,-1,-1,-1
410,105,533.27,150.45,71.18,108.01,1.0000,-1,-1,-1
411,63,173.31,281.39,50.53,103.87,1.0000,-1,-1,-1
411,77,592.71,389.86,66.14,148.25,1.0000,-1,-1,-1
411,80,703.37,505.42,55.14,66.43,1.0000,-1,-1,-1
411,91,610.30,250.08,76.23,134.04,1.0000,-1,-1,-1
411,96,703.73,474.83,59.77,105.72,1.0000,-1,-1,-1
411,101,303.74,263.32,78.78,137.74,1.0000,-1,-1,-1
411,102,251.14,411.93,108.70,221.33,1.0000,-1,-1,-1
411,103,352.89,269.86,49.05,149.11,1.0000,-1,-1,-1
411,105,529.18,156.52,73.95,103.14,1.0000,-1,-1,-1
412,63,176.36,283.49,49.67,106.48,1.0000,-1,-1,-1
412,77,597.61,389.34,63.01,148.18,1.0000,-1,-1,-1
412,80,706.36,504.17,55.13,66.42,1.0000,-1,-1,-1
412,91,615.75,243.19,73.70,138.14,1.0000,-1,-1,-1
412,96,707.36,473.19,61.85,107.09,1.0000,-1,-1,-1
412,101,302.04,263.82,77.46,137.75,1.0000,-1,-1,-1
412,102,241.43,415.80,109.46,222.87,1.0000,-1,-1,-1
412,103,347.90,269.32,49.25,149.73,1.0000,-1,-1,-1
412,105,526.25,150.17,76.49,106.89,1.0000,-1,-1,-1
413,63,176.43,286.84,50.73,108.95,1.0000,-1,-1,-1
413,77,607.77,388.36,61.67,148.13,1.0000,-1,-1,-1
413,80,709.35,502.92,55.12,66.41,1.0000,-1,-1,-1
413,91,615.84,220.86,73.44,152.79,1.0000,-1,-1,-1
413,96,720.52,471.62,60.77,107.95,1.0000,-1,-1,-1
413,101,301.28,262.85,77.69,138.02,1.0000,-1,-1,-1
413,102,231.72,419.67,110.20,224.39,1.0000,-1,-1,-1
413,103,342.91,268.77,49.46,150.34,1.0000,-1,-1,-1
413,105,523.88,146.55,78.31,108.37,1.0000,-1,-1,-1
414,63,177.90,287.51,50.82,110.55,1.0000,-1,-1,-1
414,77,614.24,386.27,62.69,148.05,1.0000,-1,-1,-1
414,80,712.34,501.68,55.11,66.40,1.0000,-1,-1,-1
414,91,614.73,208.71,73.46,163.68,1.0000,-1,-1,-1
414,96,729.52,470.56,59.85,108.72,1.0000,-1,-1,-1
414,101,300.59,260.21,78.91,139.20,1.0000,-1,-1,-1
414,103,337.93,268.23,49.66,150.96,1.0000,-1,-1,-1
414,105,521.18,145.89,78.89,107.95,1.0000,-1,-1,-1
415,63,178.17,287.95,51.29,111.45,1.0000,-1,-1,-1
415,77,618.09,383.53,65.79,148.92,1.0000,-1,-1,-1
415,80,715.33,500.43,55.10,66.38,1.0000,-1,-1,-1
415,91,615.10,201.88,75.91,171.39,1.0000,-1,-1,-1
415,96,737.84,470.57,59.04,109.61,1.0000,-1,-1,-1
415,101,298.67,259.73,79.08,139.17,1.0000,-1,-1,-1
415,103,332.94,267.69,49.86,151.57,1.0000,-1,-1,-1
415,105,518.22,142.84,78.75,109.49,1.0000,-1,-1,-1
416,63,178.27,287.77,51.56,111.77,1.0000,-1,-1,-1
416,77,620.15,385.27,70.51,147.56,1.0000,-1,-1,-1
416,80,718.32,499.19,55.09,66.37,1.0000,-1,-1,-1
416,91,612.88,199.02,76.24,177.57,1.0000,-1,-1,-1
416,96,743.22,469.10,58.45,110.53,1.0000,-1,-1,-1
416,101,297.28,259.23,79.24,139.44,1.0000,-1,-1,-1
416,103,327.95,267.14,50.06,152.17,1.0000,-1,-1,-1
416,105,515.27,142.59,76.03,109.27,1.0000,-1,-1,-1
417,63,179.16,287.75,51.37,111.63,1.0000,-1,-1,-1
417,77,620.80,386.47,75.74,146.53,1.0000,-1,-1,-1
417,80,721.31,497.94,55.08,66.36,1.0000,-1,-1,-1
417,91,610.46,197.32,75.55,181.73,1.0000,-1,-1,-1
417,96,749.15,470.64,58.21,110.37,1.0000,-1,-1,-1
417,101,298.51,258.24,76.92,136.38,1.0000,-1,-1,-1
417,103,322.96,266.60,50.26,152.78,1.0000,-1,-1,-1
417,105,513.08,142.64,70.52,108.01,1.0000,-1,-1,-1
418,63,174.02,288.88,55.13,114.05,1.0000,-1,-1,-1
418,77,620.97,387.95,82.05,144.70,1.0000,-1,-1,-1
418,80,724.30,496.69,55.07,66.35,1.0000,-1,-1,-1
418,91,606.74,198.41,76.47,185.70,1.0000,-1,-1,-1
418,96,759.09,470.03,58.64,109.72,1.0000,-1,-1,-1
418,101,298.28,259.23,75.41,135.04,1.0000,-1,-1,-1
418,103,317.97,266.07,50.46,153.38,1.0000,-1,-1,-1
418,105,509.92,141.86,70.73,108.34,1.0000,-1,-1,-1
419,63,171.67,291.68,57.75,117.61,1.0000,-1,-1,-1
419,77,620.23,389.26,87.55,143.09,1.0000,-1,-1,-1
419,80,727.29,495.45,55.06,66.33,1.0000,-1,-1,-1
419,91,605.69,196.90,76.64,186.11,1.0000,-1,-1,-1
419,96,766.73,470.19,58.78,110.17,1.0000,-1,-1,-1
419,101,297.09,261.92,74.04,132.35,1.0000,-1,-1,-1
419,103,312.98,265.53,50.65,153.98,1.0000,-1,-1,-1
419,105,506.77,141.08,70.94,108.67,1.0000,-1,-1,-1
420,63,172.18,293.88,59.16,121.12,1.0000,-1,-1,-1
420,77,617.99,389.57,91.53,141.89,1.0000,-1,-1,-1
420,80,730.28,494.20,55.05,66.32,1.0000,-1,-1,-1
420,91,597.89,194.02,75.91,189.82,1.0000,-1,-1,-1
420,96,770.30,468.37,60.93,111.64,1.0000,-1,-1,-1
420,101,296.89,263.15,74.49,130.85,1.0000,-1,-1,-1
420,103,308.00,264.99,50.85,154.58,1.0000,-1,-1,-1
420,105,502.66,139.07,56.38,105.22,1.0000,-1,-1,-1
421,63,174.11,295.78,58.97,123.88,1.0000,-1,-1,-1
421,77,616.78,389.58,93.95,140.99,1.0000,-1,-1,-1
421,80,733.27,492.96,55.04,66.31,1.0000,-1,-1,-1
421,91,594.06,192.46,74.50,191.00,1.0000,-1,-1,-1
421,96,773.81,467.01,63.97,113.51,1.0000,-1,-1,-1
421,101,295.59,263.09,73.80,128.30,1.0000,-1,-1,-1
421,103,303.01,264.46,51.04,155.17,1.0000,-1,-1,-1
421,105,502.58,139.28,48.68,104.66,1.0000,-1,-1,-1
422,63,175.39,297.51,58.37,126.02,1.0000,-1,-1,-1
422,77,615.97,388.53,95.45,140.94,1.0000,-1,-1,-1
422,80,736.26,491.71,55.03,66.30,1.0000,-1,-1,-1
422,91,592.13,191.00,74.66,191.41,1.0000,-1,-1,-1
422,96,776.97,467.02,67.65,115.36,1.0000,-1,-1,-1
422,101,294.41,262.73,73.82,128.33,1.0000,-1,-1,-1
422,103,298.03,263.92,51.24,155.76,1.0000,-1,-1,-1
422,105,501.94,139.44,43.85,104.25,1.0000,-1,-1,-1
422,106,197.00,139.45,42.31,122.60,1.0000,-1,-1,-1
423,63,178.82,301.93,57.94,127.13,1.0000,-1,-1,-1
423,77,621.87,385.98,92.16,142.23,1.0000,-1,-1,-1
423,80,739.25,490.46,55.02,66.28,1.0000,-1,-1,-1
423,91,590.21,189.54,74.82,191.82,1.0000,-1,-1,-1
423,96,787.61,466.78,67.46,115.84,1.0000,-1,-1,-1
423,101,293.23,262.37,73.84,128.37,1.0000,-1,-1,-1
423,103,293.04,263.39,51.43,156.36,1.0000,-1,-1,-1
423,105,498.64,140.01,42.72,101.56,1.0000,-1,-1,-1
423,106,196.24,139.30,41.35,119.81,1.0000,-1,-1,-1
424,63,181.50,304.24,58.08,126.90,1.0000,-1,-1,-1
424,77,632.02,384.29,85.87,142.85,1.0000,-1,-1,-1
424,80,742.24,489.22,55.01,66.27,1.0000,-1,-1,-1
424,91,589.64,191.29,67.77,192.10,1.0000,-1,-1,-1
424,96,795.03,466.06,67.18,116.21,1.0000,-1,-1,-1
424,101,292.06,262.02,73.86,128.40,1.0000,-1,-1,-1
424,103,288.05,262.86,51.63,156.94,1.0000,-1,-1,-1
424,105,495.34,140.62,41.56,98.80,1.0000,-1,-1,-1
424,106,195.50,139.17,40.37,116.96,1.0000,-1,-1,-1
425,63,183.86,306.47,57.28,126.88,1.0000,-1,-1,-1
425,77,641.82,383.51,79.51,143.30,1.0000,-1,-1,-1
425,80,745.23,487.97,55.00,66.26,1.0000,-1,-1,-1
425,91,574.76,191.15,71.59,193.79,1.0000,-1,-1,-1
425,96,802.76,462.36,65.75,118.09,1.0000,-1,-1,-1
425,101,290.88,261.66,73.88,128.44,1.0000,-1,-1,-1
425,103,283.07,262.32,51.82,157.53,1.0000,-1,-1,-1
425,105,488.34,135.52,43.33,107.69,1.0000,-1,-1,-1
425,106,194.76,139.08,39.36,114.04,1.0000,-1,-1,-1
426,63,186.43,307.32,53.89,126.21,1.0000,-1,-1,-1
426,77,649.17,382.70,75.67,144.15,1.0000,-1,-1,-1
426,80,748.22,486.72,54.99,66.25,1.0000,-1,-1,-1
426,91,566.20,189.52,72.65,195.25,1.0000,-1,-1,-1
426,96,809.27,459.11,65.70,120.93,1.0000,-1,-1,-1
426,101,289.70,261.30,73.90,128.48,1.0000,-1,-1,-1
426,103,278.08,261.79,52.01,158.11,1.0000,-1,-1,-1
426,105,483.24,133.50,44.83,111.13,1.0000,-1,-1,-1
426,106,192.24,138.99,40.03,120.59,1.0000,-1,-1,-1
427,63,187.17,308.36,51.61,126.14,1.0000,-1,-1,-1
427,77,653.52,381.10,73.71,144.22,1.0000,-1,-1,-1
427,80,751.21,485.48,54.98,66.23,1.0000,-1,-1,-1
427,91,571.48,189.41,69.04,194.53,1.0000,-1,-1,-1
427,96,814.83,456.87,67.12,123.39,1.0000,-1,-1,-1
427,101,288.52,260.95,73.92,128.51,1.0000,-1,-1,-1
427,103,273.10,261.27,52.20,158.70,1.0000,-1,-1,-1
427,105,478.84,137.67,45.45,108.92,1.0000,-1,-1,-1
427,106,190.95,138.15,40.60,122.66,1.0000,-1,-1,-1
428,63,187.98,311.79,50.43,128.85,1.0000,-1,-1,-1
428,77,659.48,380.43,74.23,142.84,1.0000,-1,-1,-1
428,91,571.04,187.93,65.20,194.18,1.0000,-1,-1,-1
428,96,821.36,454.45,69.51,125.74,1.0000,-1,-1,-1
428,101,287.34,260.59,73.94,128.55,1.0000,-1,-1,-1
428,103,268.12,260.74,52.40,159.28,1.0000,-1,-1,-1
428,105,469.79,134.18,51.11,112.78,1.0000,-1,-1,-1
428,106,191.84,135.47,49.32,130.94,1.0000,-1,-1,-1
429,63,188.87,313.96,50.32,131.39,1.0000,-1,-1,-1
429,77,664.55,380.78,75.01,141.13,1.0000,-1,-1,-1
429,91,568.52,184.37,64.61,196.16,1.0000,-1,-1,-1
429,96,825.61,454.04,70.80,126.81,1.0000,-1,-1,-1
429,101,286.16,260.23,73.96,128.58,1.0000,-1,-1,-1
429,103,263.13,260.21,52.59,159.85,1.0000,-1,-1,-1
429,105,461.07,132.81,55.42,114.39,1.0000,-1,-1,-1
429,106,190.53,134.36,53.94,133.78,1.0000,-1,-1,-1
430,63,191.97,315.26,50.01,133.53,1.0000,-1,-1,-1
430,77,668.43,381.03,78.10,139.87,1.0000,-1,-1,-1
430,91,566.60,183.89,63.20,197.43,1.0000,-1,-1,-1
430,96,827.87,453.96,71.92,127.51,1.0000,-1,-1,-1
430,101,284.98,259.88,73.98,128.62,1.0000,-1,-1,-1
430,103,258.15,259.68,52.77,160.43,1.0000,-1,-1,-1
430,105,456.66,132.54,55.21,113.96,1.0000,-1,-1,-1
430,106,188.52,132.62,57.33,136.01,1.0000,-1,-1,-1
430,107,368.31,242.29,106.36,126.69,1.0000,-1,-1,-1
430,108,893.69,185.77,45.47,127.04,1.0000,-1,-1,-1
431,63,190.38,318.53,52.32,135.23,1.0000,-1,-1,-1
431,77,672.52,381.31,81.51,138.22,1.0000,-1,-1,-1
431,91,564.45,185.18,62.33,197.01,1.0000,-1,-1,-1
431,96,829.64,454.72,72.60,127.07,1.0000,-1,-1,-1
431,101,283.81,259.52,74.00,128.65,1.0000,-1,-1,-1
431,103,253.17,259.16,52.96,161.00,1.0000,-1,-1,-1
431,105,452.25,132.27,55.00,113.52,1.0000,-1,-1,-1
431,106,186.46,130.52,60.19,137.61,1.0000,-1,-1,-1
431,107,376.30,243.13,100.38,123.72,1.0000,-1,-1,-1
431,108,892.47,185.61,45.73,127.77,1.0000,-1,-1,-1
432,63,192.03,321.43,53.46,135.08,1.0000,-1,-1,-1
432,77,676.20,381.59,85.88,135.80,1.0000,-1,-1,-1
432,91,561.66,184.30,62.40,197.25,1.0000,-1,-1,-1
432,96,831.36,455.60,73.62,126.80,1.0000,-1,-1,-1
432,101,282.63,259.16,74.02,128.69,1.0000,-1,-1,-1
432,103,248.18,258.64,53.15,161.57,1.0000,-1,-1,-1
432,105,447.83,132.01,54.78,113.09,1.0000,-1,-1,-1
432,106,185.72,128.98,61.29,140.12,1.0000,-1,-1,-1
432,107,385.61,243.52,92.18,121.33,1.0000,-1,-1,-1
432,108,891.24,185.45,45.99,128.49,1.0000,-1,-1,-1
433,63,195.65,324.89,56.71,133.16,1.0000,-1,-1,-1
433,77,677.31,383.33,91.11,132.79,1.0000,-1,-1,-1
433,91,556.01,186.19,60.75,200.43,1.0000,-1,-1,-1
433,96,834.34,456.94,75.22,126.39,1.0000,-1,-1,-1
433,101,281.45,258.81,74.04,128.72,1.0000,-1,-1,-1
433,103,243.20,258.11,53.34,162.14,1.0000,-1,-1,-1
433,105,447.51,131.82,60.77,118.99,1.0000,-1,-1,-1
433,106,179.71,129.22,63.90,140.36,1.0000,-1,-1,-1
433,107,402.42,240.88,82.00,118.54,1.0000,-1,-1,-1
433,108,890.02,185.30,46.25,129.21,1.0000,-1,-1,-1
434,63,198.11,326.74,58.91,132.13,1.0000,-1,-1,-1
434,77,676.52,384.34,95.08,130.80,1.0000,-1,-1,-1
434,91,555.40,188.75,59.77,200.12,1.0000,-1,-1,-1
434,96,837.28,458.25,75.73,125.77,1.0000,-1,-1,-1
434,101,280.27,258.45,74.06,128.76,1.0000,-1,-1,-1
434,103,238.22,257.59,53.53,162.71,1.0000,-1,-1,-1
434,105,443.58,131.59,60.78,118.99,1.0000,-1,-1,-1
434,106,176.48,129.02,66.16,140.12,1.0000,-1,-1,-1
434,107,410.48,237.95,81.41,120.56,1.0000,-1,-1,-1
434,108,888.80,185.15,46.50,129.93,1.0000,-1,-1,-1
435,63,199.86,327.70,59.70,130.73,1.0000,-1,-1,-1
435,77,674.23,383.62,98.35,130.33,1.0000,-1,-1,-1
435,91,552.48,188.50,59.83,200.33,1.0000,-1,-1,-1
435,96,837.76,459.20,77.07,124.73,1.0000,-1,-1,-1
435,101,279.09,258.10,74.08,128.79,1.0000,-1,-1,-1
435,103,233.24,257.07,53.71,163.28,1.0000,-1,-1,-1
435,105,439.64,131.37,60.78,119.00,1.0000,-1,-1,-1
435,106,173.98,127.86,67.74,140.38,1.0000,-1,-1,-1
435,107,415.19,237.04,80.95,119.87,1.0000,-1,-1,-1
435,108,887.58,185.00,46.76,130.64,1.0000,-1,-1,-1
435,109,285.85,314.51,112.46,115.76,1.0000,-1,-1,-1
436,63,201.39,329.52,59.68,131.11,1.0000,-1,-1,-1
436,77,674.82,383.25,99.07,129.76,1.0000,-1,-1,-1
436,91,549.55,188.26,59.89,200.54,1.0000,-1,-1,-1
436,96,837.63,460.64,78.11,124.18,1.0000,-1,-1,-1
436,101,277.91,257.74,74.10,128.83,1.0000,-1,-1,-1
436,103,228.26,256.55,53.90,163.84,1.0000,-1,-1,-1
436,105,435.71,131.15,60.78,119.01,1.0000,-1,-1,-1
436,106,172.51,126.43,68.82,142.61,1.0000,-1,-1,-1
436,107,419.90,236.13,80.49,119.19,1.0000,-1,-1,-1
436,108,886.36,184.85,47.01,131.35,1.0000,-1,-1,-1
436,109,296.35,313.29,115.90,118.41,1.0000,-1,-1,-1
437,63,201.67,331.42,58.52,132.75,1.0000,-1,-1,-1
437,77,678.76,382.68,96.71,129.48,1.0000,-1,-1,-1
437,91,546.62,188.02,59.95,200.75,1.0000,-1,-1,-1
437,96,839.00,461.26,78.09,123.67,1.0000,-1,-1,-1
437,101,276.73,257.38,74.12,128.86,1.0000,-1,-1,-1
437,103,223.27,256.03,54.08,164.40,1.0000,-1,-1,-1
437,105,431.78,130.93,60.79,119.02,1.0000,-1,-1,-1
437,106,171.06,125.02,69.88,144.81,1.0000,-1,-1,-1
437,107,424.61,235.23,80.02,118.50,1.0000,-1,-1,-1
437,108,885.15,184.71,47.26,132.05,1.0000,-1,-1,-1
437,109,295.35,312.62,123.47,123.65,1.0000,-1,-1,-1
438,63,205.55,337.53,57.18,136.01,1.0000,-1,-1,-1
438,77,690.15,379.90,88.96,130.03,1.0000,-1,-1,-1
438,91,543.70,187.78,60.02,200.96,1.0000,-1,-1,-1
438,96,845.75,460.44,74.99,123.50,1.0000,-1,-1,-1
438,101,275.56,257.03,74.14,128.90,1.0000,-1,-1,-1
438,103,218.29,255.51,54.27,164.96,1.0000,-1,-1,-1
438,105,427.85,130.70,60.79,119.02,1.0000,-1,-1,-1
438,106,167.06,128.70,69.27,139.65,1.0000,-1,-1,-1
438,107,429.32,234.33,79.55,117.80,1.0000,-1,-1,-1
438,108,883.93,184.56,47.51,132.75,1.0000,-1,-1,-1
438,109,294.62,314.08,124.01,129.15,1.0000,-1,-1,-1
439,63,209.64,341.52,55.38,138.46,1.0000,-1,-1,-1
439,77,699.03,378.36,81.51,130.99,1.0000,-1,-1,-1
439,91,539.63,228.82,58.83,173.15,1.0000,-1,-1,-1
439,96,853.53,460.09,71.21,123.38,1.0000,-1,-1,-1
439,101,274.38,256.67,74.16,128.93,1.0000,-1,-1,-1
439,103,213.31,255.00,54.45,165.52,1.0000,-1,-1,-1
439,105,423.92,130.48,60.80,119.03,1.0000,-1,-1,-1
439,106,165.20,129.35,68.80,137.64,1.0000,-1,-1,-1
439,107,434.04,233.42,79.08,117.10,1.0000,-1,-1,-1
439,108,882.71,184.42,47.76,133.45,1.0000,-1,-1,-1
439,109,296.81,314.98,124.52,129.68,1.0000,-1,-1,-1
440,63,212.32,345.36,54.36,140.57,1.0000,-1,-1,-1
440,77,706.60,377.86,75.46,132.25,1.0000,-1,-1,-1
440,91,539.04,236.26,58.46,161.64,1.0000,-1,-1,-1
440,96,858.16,460.03,71.20,123.37,1.0000,-1,-1,-1
440,101,273.20,256.31,74.18,128.97,1.0000,-1,-1,-1
440,105,419.98,130.26,60.80,119.04,1.0000,-1,-1,-1
440,106,163.58,129.60,68.80,136.33,1.0000,-1,-1,-1
440,107,438.76,232.52,78.60,116.40,1.0000,-1,-1,-1
440,108,881.49,184.28,48.01,134.14,1.0000,-1,-1,-1
440,109,299.01,315.88,125.03,130.21,1.0000,-1,-1,-1
441,63,215.60,348.59,53.83,142.13,1.0000,-1,-1,-1
441,77,712.82,376.99,71.32,133.74,1.0000,-1,-1,-1
441,91,536.22,238.99,59.39,155.61,1.0000,-1,-1,-1
441,96,862.78,459.96,71.20,123.36,1.0000,-1,-1,-1
441,101,272.02,255.96,74.20,129.00,1.0000,-1,-1,-1
441,105,416.05,130.04,60.80,119.05,1.0000,-1,-1,-1
441,106,161.73,129.03,69.53,135.67,1.0000,-1,-1,-1
441,107,443.47,231.63,78.13,115.69,1.0000,-1,-1,-1
441,108,880.28,184.14,48.26,134.83,1.0000,-1,-1,-1
441,109,301.21,316.78,125.54,130.74,1.0000,-1,-1,-1
442,63,217.80,352.04,53.22,142.00,1.0000,-1,-1,-1
442,77,718.09,377.11,68.42,134.94,1.0000,-1,-1,-1
442,91,532.02,240.32,61.73,152.47,1.0000,-1,-1,-1
442,96,868.13,458.11,63.72,124.07,1.0000,-1,-1,-1
442,101,270.84,255.60,74.22,129.04,1.0000,-1,-1,-1
442,105,412.12,129.81,60.81,119.05,1.0000,-1,-1,-1
442,106,160.25,129.00,69.84,134.92,1.0000,-1,-1,-1
442,107,452.32,248.11,71.80,115.63,1.0000,-1,-1,-1
442,108,879.06,184.01,48.50,135.51,1.0000,-1,-1,-1
442,109,303.40,317.68,126.04,131.27,1.0000,-1,-1,-1
443,63,224.49,353.97,51.31,140.66,1.0000,-1,-1,-1
443,77,725.57,377.99,70.33,135.06,1.0000,-1,-1,-1
443,91,535.06,241.75,60.09,149.62,1.0000,-1,-1,-1
443,96,873.52,456.86,59.90,125.13,1.0000,-1,-1,-1
443,101,269.66,255.24,74.24,129.07,1.0000,-1,-1,-1
443,105,408.19,129.59,60.81,119.06,1.0000,-1,-1,-1
443,106,158.33,129.66,69.64,134.02,1.0000,-1,-1,-1
443,107,453.12,246.31,72.54,117.51,1.0000,-1,-1,-1
443,108,877.85,183.87,48.75,136.20,1.0000,-1,-1,-1
443,109,305.60,318.58,126.55,131.80,1.0000,-1,-1,-1
444,63,230.02,354.70,50.68,139.86,1.0000,-1,-1,-1
444,77,730.03,380.70,73.44,134.40,1.0000,-1,-1,-1
444,91,536.26,242.94,59.87,147.37,1.0000,-1,-1,-1
444,96,877.51,455.55,57.60,126.47,1.0000,-1,-1,-1
444,101,268.48,254.89,74.26,129.11,1.0000,-1,-1,-1
444,105,404.25,129.37,60.81,119.07,1.0000,-1,-1,-1
444,106,156.72,130.19,70.17,133.80,1.0000,-1,-1,-1
444,107,454.94,241.82,72.36,118.79,1.0000,-1,-1,-1
444,108,876.64,183.74,48.99,136.88,1.0000,-1,-1,-1
444,109,307.80,319.48,127.05,132.32,1.0000,-1,-1,-1
445,63,232.89,358.46,50.30,142.15,1.0000,-1,-1,-1
445,77,732.62,383.54,76.98,133.07,1.0000,-1,-1,-1
445,91,535.11,243.36,63.02,145.51,1.0000,-1,-1,-1
445,96,881.60,454.70,57.31,127.49,1.0000,-1,-1,-1
445,101,267.31,254.53,74.28,129.14,1.0000,-1,-1,-1
445,105,400.32,129.15,60.82,119.08,1.0000,-1,-1,-1
445,106,155.20,129.36,70.67,133.90,1.0000,-1,-1,-1
445,107,459.22,241.91,71.87,117.98,1.0000,-1,-1,-1
445,108,878.38,172.66,54.69,133.84,1.0000,-1,-1,-1
445,109,310.00,320.38,127.55,132.84,1.0000,-1,-1,-1
446,63,235.67,360.24,50.99,144.65,1.0000,-1,-1,-1
446,77,732.99,384.70,80.61,133.34,1.0000,-1,-1,-1
446,91,532.66,243.57,68.40,144.21,1.0000,-1,-1,-1
446,96,885.52,453.69,59.83,128.66,1.0000,-1,-1,-1
446,101,266.13,254.17,74.30,129.18,1.0000,-1,-1,-1
446,105,396.39,128.92,60.82,119.08,1.0000,-1,-1,-1
446,106,154.31,129.54,71.05,133.66,1.0000,-1,-1,-1
446,107,463.50,242.00,71.37,117.16,1.0000,-1,-1,-1
446,108,877.46,171.60,55.06,134.75,1.0000,-1,-1,-1
446,109,312.21,321.29,128.05,133.36,1.0000,-1,-1,-1
446,111,341.60,206.96,70.09,128.00,1.0000,-1,-1,-1
447,63,238.45,360.04,51.50,143.86,1.0000,-1,-1,-1
447,77,732.84,384.79,84.17,133.92,1.0000,-1,-1,-1
447,91,531.03,244.55,68.40,144.20,1.0000,-1,-1,-1
447,96,889.00,453.35,63.18,129.66,1.0000,-1,-1,-1
447,101,264.95,253.82,74.32,129.21,1.0000,-1,-1,-1
447,105,392.46,128.70,60.83,119.09,1.0000,-1,-1,-1
447,106,153.14,129.53,71.48,133.57,1.0000,-1,-1,-1
447,107,467.79,242.09,70.87,116.33,1.0000,-1,-1,-1
447,108,876.55,170.53,55.43,135.66,1.0000,-1,-1,-1
447,109,314.41,322.19,128.55,133.88,1.0000,-1,-1,-1
447,111,340.43,209.01,65.45,124.68,1.0000,-1,-1,-1
448,63,242.72,363.59,53.58,144.73,1.0000,-1,-1,-1
448,77,731.22,384.26,87.75,135.23,1.0000,-1,-1,-1
448,91,529.39,245.54,68.40,144.20,1.0000,-1,-1,-1
448,96,893.34,453.13,63.15,129.60,1.0000,-1,-1,-1
448,101,263.77,253.46,74.34,129.25,1.0000,-1,-1,-1
448,105,388.53,128.48,60.83,119.10,1.0000,-1,-1,-1
448,106,150.63,128.50,70.75,133.47,1.0000,-1,-1,-1
448,107,472.07,242.18,70.36,115.50,1.0000,-1,-1,-1
448,108,875.63,169.47,55.80,136.56,1.0000,-1,-1,-1
448,109,362.57,324.08,100.65,135.63,1.0000,-1,-1,-1
448,111,334.32,205.72,60.88,123.10,1.0000,-1,-1,-1
449,63,244.73,366.94,55.58,146.82,1.0000,-1,-1,-1
449,77,727.89,382.67,91.30,136.30,1.0000,-1,-1,-1
449,91,527.75,246.53,68.39,144.19,1.0000,-1,-1,-1
449,96,897.68,452.92,63.12,129.53,1.0000,-1,-1,-1
449,101,262.59,253.11,74.36,129.28,1.0000,-1,-1,-1
449,105,384.59,128.26,60.83,119.11,1.0000,-1,-1,-1
449,106,147.70,128.62,68.14,133.22,1.0000,-1,-1,-1
449,107,476.36,242.28,69.85,114.66,1.0000,-1,-1,-1
449,108,874.72,168.41,56.17,137.46,1.0000,-1,-1,-1
449,109,368.58,323.15,93.06,139.67,1.0000,-1,-1,-1
449,111,329.61,206.42,57.60,122.44,1.0000,-1,-1,-1
450,63,245.60,369.92,57.43,146.69,1.0000,-1,-1,-1
450,77,726.11,382.32,93.06,136.13,1.0000,-1,-1,-1
450,91,526.12,247.52,68.39,144.18,1.0000,-1,-1,-1
450,96,891.64,458.67,70.29,124.69,1.0000,-1,-1,-1
450,101,261.41,252.75,74.38,129.32,1.0000,-1,-1,-1
450,105,380.66,128.03,60.84,119.11,1.0000,-1,-1,-1
450,106,145.78,127.91,68.60,134.12,1.0000,-1,-1,-1
450,107,480.65,242.38,69.34,113.82,1.0000,-1,-1,-1
450,108,873.81,167.35,56.53,138.35,1.0000,-1,-1,-1
450,109,371.00,322.01,89.16,142.73,1.0000,-1,-1,-1
450,111,321.84,203.07,57.02,123.51,1.0000,-1,-1,-1
450,112,660.18,520.10,59.40,63.61,1.0000,-1,-1,-1
451,63,246.28,372.23,58.92,145.70,1.0000,-1,-1,-1
451,77,725.01,382.38,93.87,135.97,1.0000,-1,-1,-1
451,91,552.55,249.42,71.38,140.60,1.0000,-1,-1,-1
451,96,888.10,461.82,72.75,121.41,1.0000,-1,-1,-1
451,101,260.23,252.39,74.40,129.35,1.0000,-1,-1,-1
451,105,376.73,127.81,60.84,119.12,1.0000,-1,-1,-1
451,106,143.85,127.21,69.06,135.02,1.0000,-1,-1,-1
451,107,484.94,242.48,68.82,112.97,1.0000,-1,-1,-1
451,108,872.90,166.30,56.89,139.23,1.0000,-1,-1,-1
451,109,373.02,320.96,85.61,144.26,1.0000,-1,-1,-1
451,111,316.64,203.80,57.15,125.29,1.0000,-1,-1,-1
451,112,660.19,519.49,59.18,64.06,1.0000,-1,-1,-1
452,63,247.02,373.08,61.20,144.47,1.0000,-1,-1,-1
452,77,726.05,382.22,93.20,135.66,1.0000,-1,-1,-1
452,91,531.32,255.44,72.14,137.24,1.0000,-1,-1,-1
452,96,884.67,463.09,73.02,119.42,1.0000,-1,-1,-1
452,105,372.80,127.59,60.84,119.13,1.0000,-1,-1,-1
452,106,141.93,126.51,69.52,135.92,1.0000,-1,-1,-1
452,107,489.23,242.59,68.30,112.11,1.0000,-1,-1,-1
452,108,871.99,165.25,57.25,140.11,1.0000,-1,-1,-1
452,109,374.75,320.43,82.28,145.26,1.0000,-1,-1,-1
452,111,313.45,204.74,55.62,124.82,1.0000,-1,-1,-1
452,112,660.07,518.75,59.04,65.20,1.0000,-1,-1,-1
452,113,148.09,128.20,55.03,133.33,1.0000,-1,-1,-1
453,63,246.33,372.36,62.86,144.10,1.0000,-1,-1,-1
453,77,729.98,380.75,88.99,135.53,1.0000,-1,-1,-1
453,91,526.66,261.23,77.29,134.98,1.0000,-1,-1,-1
453,96,881.05,462.74,78.16,118.61,1.0000,-1,-1,-1
453,105,368.86,127.37,60.85,119.14,1.0000,-1,-1,-1
453,106,140.00,125.81,69.97,136.81,1.0000,-1,-1,-1
453,107,493.53,242.70,67.77,111.25,1.0000,-1,-1,-1
453,108,871.08,164.20,57.61,140.99,1.0000,-1,-1,-1
453,109,376.35,320.67,78.97,145.28,1.0000,-1,-1,-1
453,111,297.52,202.93,59.54,128.03,1.0000,-1,-1,-1
453,112,659.69,517.11,58.66,66.34,1.0000,-1,-1,-1
453,113,149.02,126.71,58.45,134.14,1.0000,-1,-1,-1
454,63,246.87,371.46,64.74,144.69,1.0000,-1,-1,-1
454,77,733.79,379.13,84.42,135.62,1.0000,-1,-1,-1
454,91,525.07,266.98,83.04,132.74,1.0000,-1,-1,-1
454,96,877.05,461.46,83.80,119.12,1.0000,-1,-1,-1
454,105,364.93,127.14,60.85,119.14,1.0000,-1,-1,-1
454,106,138.08,125.11,70.42,137.69,1.0000,-1,-1,-1
454,107,497.83,242.81,67.24,110.38,1.0000,-1,-1,-1
454,108,870.17,163.16,57.96,141.85,1.0000,-1,-1,-1
454,109,377.22,320.75,76.56,145.07,1.0000,-1,-1,-1
454,111,284.64,202.90,64.63,129.11,1.0000,-1,-1,-1
454,112,659.53,515.45,58.37,67.47,1.0000,-1,-1,-1
454,113,148.82,126.15,60.46,133.89,1.0000,-1,-1,-1
455,63,246.74,371.53,64.90,146.26,1.0000,-1,-1,-1
455,77,739.46,377.29,79.04,135.68,1.0000,-1,-1,-1
455,91,524.07,266.05,88.90,136.04,1.0000,-1,-1,-1
455,96,871.08,459.92,89.87,121.81,1.0000,-1,-1,-1
455,105,361.00,126.92,60.86,119.15,1.0000,-1,-1,-1
455,106,136.16,124.42,70.87,138.57,1.0000,-1,-1,-1
455,107,502.13,242.93,66.71,109.51,1.0000,-1,-1,-1
455,108,869.27,162.12,58.32,142.72,1.0000,-1,-1,-1
455,109,377.92,320.81,76.04,145.01,1.0000,-1,-1,-1
455,111,273.42,204.92,68.59,129.54,1.0000,-1,-1,-1
455,112,659.66,513.95,58.06,68.58,1.0000,-1,-1,-1
455,113,148.35,125.84,62.00,133.38,1.0000,-1,-1,-1
455,114,392.13,222.26,74.82,111.56,1.0000,-1,-1,-1
455,115,484.78,185.81,45.66,119.52,1.0000,-1,-1,-1
456,63,245.09,372.42,63.11,148.35,1.0000,-1,-1,-1
456,77,743.21,375.76,74.74,135.79,1.0000,-1,-1,-1
456,91,523.61,262.08,94.62,141.42,1.0000,-1,-1,-1
456,96,864.83,458.22,94.19,124.39,1.0000,-1,-1,-1
456,105,357.07,126.70,60.86,119.16,1.0000,-1,-1,-1
456,106,134.24,123.73,71.32,139.44,1.0000,-1,-1,-1
456,107,506.43,243.05,66.17,108.62,1.0000,-1,-1,-1
456,108,868.36,161.08,58.67,143.57,1.0000,-1,-1,-1
456,109,378.65,321.29,73.82,144.07,1.0000,-1,-1,-1
456,111,263.79,205.26,72.67,130.74,1.0000,-1,-1,-1
456,112,659.63,512.99,57.71,69.62,1.0000,-1,-1,-1
456,113,147.61,125.82,63.06,132.78,1.0000,-1,-1,-1
456,114,387.27,221.44,67.32,111.33,1.0000,-1,-1,-1
456,115,484.54,185.58,44.19,117.34,1.0000,-1,-1,-1
457,63,244.81,371.23,60.02,149.30,1.0000,-1,-1,-1
457,77,746.10,374.77,72.12,135.78,1.0000,-1,-1,-1
457,91,525.01,259.98,97.30,144.63,1.0000,-1,-1,-1
457,96,859.30,455.34,95.88,126.99,1.0000,-1,-1,-1
457,105,353.14,126.48,60.86,119.17,1.0000,-1,-1,-1
457,106,132.33,123.04,71.76,140.31,1.0000,-1,-1,-1
457,107,510.73,243.17,65.63,107.73,1.0000,-1,-1,-1
457,108,867.46,160.04,59.01,144.43,1.0000,-1,-1,-1
457,109,379.56,322.01,71.65,144.39,1.0000,-1,-1,-1
457,111,256.13,205.60,74.88,131.85,1.0000,-1,-1,-1
457,112,659.67,512.21,57.34,70.41,1.0000,-1,-1,-1
457,113,147.82,126.07,64.67,131.41,1.0000,-1,-1,-1
457,114,384.41,222.92,59.41,108.99,1.0000,-1,-1,-1
457,115,483.68,184.28,44.19,117.49,1.0000,-1,-1,-1
458,63,246.21,374.01,57.20,150.84,1.0000,-1,-1,-1
458,77,749.55,373.41,72.20,134.09,1.0000,-1,-1,-1
458,91,529.71,257.74,96.01,146.39,1.0000,-1,-1,-1
458,96,859.75,455.04,96.03,127.19,1.0000,-1,-1,-1
458,105,349.20,126.25,60.87,119.17,1.0000,-1,-1,-1
458,106,130.41,122.36,72.20,141.17,1.0000,-1,-1,-1
458,107,515.04,243.30,65.08,106.83,1.0000,-1,-1,-1
458,108,866.56,159.00,59.36,145.27,1.0000,-1,-1,-1
458,109,381.96,323.39,70.95,142.97,1.0000,-1,-1,-1
458,111,246.63,204.97,76.81,133.52,1.0000,-1,-1,-1
458,112,659.70,511.23,57.62,71.70,1.0000,-1,-1,-1
458,113,147.92,126.30,65.47,130.03,1.0000,-1,-1,-1
458,114,377.77,222.05,53.47,105.74,1.0000,-1,-1,-1
458,115,482.47,180.90,44.58,120.18,1.0000,-1,-1,-1
459,63,249.41,378.90,54.81,151.62,1.0000,-1,-1,-1
459,77,750.76,372.49,72.95,132.96,1.0000,-1,-1,-1
459,91,537.71,256.60,91.67,145.85,1.0000,-1,-1,-1
459,96,860.20,454.75,96.18,127.39,1.0000,-1,-1,-1
459,105,345.27,126.03,60.87,119.18,1.0000,-1,-1,-1
459,106,128.50,121.68,72.64,142.02,1.0000,-1,-1,-1
459,107,519.35,243.43,64.53,105.93,1.0000,-1,-1,-1
459,108,865.66,157.97,59.71,146.12,1.0000,-1,-1,-1
459,109,380.88,320.82,70.47,141.67,1.0000,-1,-1,-1
459,111,240.91,204.46,77.85,134.57,1.0000,-1,-1,-1
459,112,659.51,509.92,58.12,72.98,1.0000,-1,-1,-1
459,113,148.22,126.65,66.07,128.87,1.0000,-1,-1,-1
459,114,374.30,224.09,49.23,104.31,1.0000,-1,-1,-1
459,115,482.46,180.28,44.43,121.17,1.0000,-1,-1,-1
460,63,252.70,383.73,53.10,152.37,1.0000,-1,-1,-1
460,77,751.07,372.88,73.86,131.12,1.0000,-1,-1,-1
460,91,538.36,257.29,91.79,146.05,1.0000,-1,-1,-1
460,96,860.65,454.46,96.33,127.59,1.0000,-1,-1,-1
460,105,341.34,125.81,60.88,119.19,1.0000,-1,-1,-1
460,106,126.59,121.00,73.07,142.87,1.0000,-1,-1,-1
460,107,523.66,243.57,63.97,105.01,1.0000,-1,-1,-1
460,108,864.75,156.94,60.05,146.96,1.0000,-1,-1,-1
460,109,380.16,323.64,70.15,142.73,1.0000,-1,-1,-1
460,111,238.14,204.49,78.79,134.84,1.0000,-1,-1,-1
460,112,659.67,509.07,58.60,74.05,1.0000,-1,-1,-1
460,113,148.76,127.14,66.41,127.89,1.0000,-1,-1,-1
460,114,372.16,223.88,46.17,103.39,1.0000,-1,-1,-1
460,115,483.02,179.75,44.03,122.18,1.0000,-1,-1,-1
461,63,255.34,387.34,50.33,153.02,1.0000,-1,-1,-1
461,77,750.73,373.36,75.22,129.97,1.0000,-1,-1,-1
461,91,539.01,257.99,91.92,146.25,1.0000,-1,-1,-1
461,96,861.10,454.17,96.48,127.79,1.0000,-1,-1,-1
461,105,337.41,125.59,60.88,119.20,1.0000,-1,-1,-1
461,106,124.67,120.32,73.51,143.72,1.0000,-1,-1,-1
461,107,527.97,243.70,63.41,104.09,1.0000,-1,-1,-1
461,108,863.86,155.91,60.39,147.79,1.0000,-1,-1,-1
461,109,379.98,325.15,70.04,142.46,1.0000,-1,-1,-1
461,111,236.97,204.87,78.82,134.70,1.0000,-1,-1,-1
461,112,659.20,508.05,59.54,75.25,1.0000,-1,-1,-1
461,113,149.56,127.77,66.20,126.87,1.0000,-1,-1,-1
461,114,368.06,226.05,44.25,104.36,1.0000,-1,-1,-1
461,115,482.60,178.92,44.45,123.50,1.0000,-1,-1,-1
462,63,257.92,391.10,50.35,153.63,1.0000,-1,-1,-1
462,77,749.95,373.76,77.08,128.49,1.0000,-1,-1,-1
462,91,539.66,258.68,92.05,146.45,1.0000,-1,-1,-1
462,96,861.55,453.88,96.63,127.99,1.0000,-1,-1,-1
462,105,333.47,125.36,60.88,119.20,1.0000,-1,-1,-1
462,106,122.76,119.65,73.94,144.56,1.0000,-1,-1,-1
462,107,532.29,243.85,62.85,103.16,1.0000,-1,-1,-1
462,108,862.96,154.89,60.73,148.62,1.0000,-1,-1,-1
462,109,379.84,327.18,70.88,142.71,1.0000,-1,-1,-1
462,111,237.51,203.93,78.81,134.82,1.0000,-1,-1,-1
462,112,658.63,507.08,60.44,76.44,1.0000,-1,-1,-1
462,113,150.49,128.27,65.82,126.14,1.0000,-1,-1,-1
462,114,362.76,229.00,41.47,97.80,1.0000,-1,-1,-1
462,115,482.67,178.36,45.09,123.82,1.0000,-1,-1,-1
463,63,262.46,395.06,54.63,151.98,1.0000,-1,-1,-1
463,77,745.84,373.42,75.63,127.21,1.0000,-1,-1,-1
463,91,540.31,259.38,92.17,146.65,1.0000,-1,-1,-1
463,96,862.00,453.59,96.78,128.19,1.0000,-1,-1,-1
463,105,329.54,125.14,60.89,119.21,1.0000,-1,-1,-1
463,106,120.85,118.98,74.36,145.40,1.0000,-1,-1,-1
463,107,536.60,244.00,62.27,102.23,1.0000,-1,-1,-1
463,108,862.06,153.87,61.06,149.44,1.0000,-1,-1,-1
463,109,379.95,327.57,72.44,144.21,1.0000,-1,-1,-1
463,111,236.80,204.24,76.07,134.28,1.0000,-1,-1,-1
463,112,658.40,506.03,61.67,77.48,1.0000,-1,-1,-1
463,113,151.65,128.59,65.76,125.53,1.0000,-1,-1,-1
463,114,359.05,227.27,43.16,102.40,1.0000,-1,-1,-1
463,115,483.69,177.60,47.73,123.99,1.0000,-1,-1,-1
464,63,259.12,394.43,52.28,146.20,1.0000,-1,-1,-1
464,77,744.06,372.27,73.08,126.90,1.0000,-1,-1,-1
464,91,540.96,260.07,92.30,146.85,1.0000,-1,-1,-1
464,96,862.45,453.30,96.93,128.38,1.0000,-1,-1,-1
464,106,118.95,118.31,74.79,146.23,1.0000,-1,-1,-1
464,107,540.93,244.15,61.70,101.28,1.0000,-1,-1,-1
464,108,861.16,152.85,61.40,150.26,1.0000,-1,-1,-1
464,109,379.89,327.68,73.65,145.95,1.0000,-1,-1,-1
464,111,236.31,204.26,71.80,133.58,1.0000,-1,-1,-1
464,112,658.44,505.33,62.72,78.46,1.0000,-1,-1,-1
464,113,152.54,128.84,65.34,125.02,1.0000,-1,-1,-1
464,114,353.97,229.89,40.76,96.69,1.0000,-1,-1,-1
464,115,484.67,179.07,50.61,122.81,1.0000,-1,-1,-1
465,63,261.29,397.72,55.00,145.32,1.0000,-1,-1,-1
465,77,742.28,371.18,69.64,127.19,1.0000,-1,-1,-1
465,91,541.60,260.77,92.42,147.05,1.0000,-1,-1,-1
465,96,862.90,453.01,97.08,128.58,1.0000,-1,-1,-1
465,106,117.04,117.64,75.21,147.05,1.0000,-1,-1,-1
465,107,545.25,244.30,61.11,100.32,1.0000,-1,-1,-1
465,108,860.27,151.83,61.73,151.07,1.0000,-1,-1,-1
465,109,376.19,329.80,76.22,147.45,1.0000,-1,-1,-1
465,111,236.77,203.85,67.56,132.91,1.0000,-1,-1,-1
465,112,658.67,504.58,63.48,79.34,1.0000,-1,-1,-1
465,113,151.30,129.29,60.56,123.54,1.0000,-1,-1,-1
465,114,348.97,232.69,38.20,90.62,1.0000,-1,-1,-1
465,115,486.12,181.36,52.55,120.99,1.0000,-1,-1,-1
466,63,262.78,398.82,58.57,145.04,1.0000,-1,-1,-1
466,77,742.73,370.49,69.57,127.05,1.0000,-1,-1,-1
466,91,571.07,255.81,111.39,138.76,1.0000,-1,-1,-1
466,96,863.35,452.72,97.23,128.78,1.0000,-1,-1,-1
466,106,115.13,116.98,75.63,147.88,1.0000,-1,-1,-1
466,107,549.58,244.46,60.53,99.36,1.0000,-1,-1,-1
466,108,859.37,150.81,62.06,151.88,1.0000,-1,-1,-1
466,109,376.10,333.43,77.13,147.54,1.0000,-1,-1,-1
466,111,237.23,204.48,62.67,132.38,1.0000,-1,-1,-1
466,112,658.92,504.15,64.06,80.11,1.0000,-1,-1,-1
466,113,155.23,129.94,60.78,123.44,1.0000,-1,-1,-1
466,114,344.06,235.72,35.45,84.11,1.0000,-1,-1,-1
466,115,487.31,184.80,54.47,118.37,1.0000,-1,-1,-1
467,63,263.70,398.35,62.56,144.97,1.0000,-1,-1,-1
467,77,740.55,369.64,65.89,128.62,1.0000,-1,-1,-1
467,91,570.43,258.43,118.98,135.34,1.0000,-1,-1,-1
467,96,863.80,452.43,97.38,128.97,1.0000,-1,-1,-1
467,106,113.23,116.31,76.05,148.69,1.0000,-1,-1,-1
467,107,553.91,244.63,59.93,98.38,1.0000,-1,-1,-1
467,108,858.48,149.80,62.39,152.69,1.0000,-1,-1,-1
467,109,378.23,335.50,77.12,147.78,1.0000,-1,-1,-1
467,111,238.64,204.72,58.23,132.35,1.0000,-1,-1,-1
467,112,659.20,504.32,64.46,80.76,1.0000,-1,-1,-1
467,113,158.09,131.50,61.24,122.71,1.0000,-1,-1,-1
467,114,339.26,239.01,32.48,77.05,1.0000,-1,-1,-1
467,115,487.42,184.52,56.41,118.07,1.0000,-1,-1,-1
468,63,261.58,396.91,61.26,145.37,1.0000,-1,-1,-1
468,77,740.63,369.03,65.80,128.45,1.0000,-1,-1,-1
468,91,570.43,261.77,122.77,132.63,1.0000,-1,-1,-1
468,96,864.26,452.14,97.52,129.17,1.0000,-1,-1,-1
468,106,111.33,115.65,76.47,149.51,1.0000,-1,-1,-1
468,107,558.24,244.80,59.33,97.40,1.0000,-1,-1,-1
468,108,857.58,148.79,62.72,153.49,1.0000,-1,-1,-1
468,109,381.14,340.20,76.55,148.02,1.0000,-1,-1,-1
468,111,240.77,205.90,54.69,132.00,1.0000,-1,-1,-1
468,112,660.46,504.14,63.77,81.35,1.0000,-1,-1,-1
468,113,157.78,133.14,58.09,121.98,1.0000,-1,-1,-1
468,114,334.62,242.66,29.20,69.27,1.0000,-1,-1,-1
468,115,488.16,188.05,57.21,116.01,1.0000,-1,-1,-1
469,63,257.73,396.14,56.00,145.43,1.0000,-1,-1,-1
469,77,735.41,369.64,60.38,127.13,1.0000,-1,-1,-1
469,91,568.63,265.62,126.22,130.31,1.0000,-1,-1,-1
469,96,864.71,451.85,97.67,129.37,1.0000,-1,-1,-1
469,106,109.42,115.00,76.88,150.31,1.0000,-1,-1,-1
469,107,562.57,244.98,58.73,96.41,1.0000,-1,-1,-1
469,108,856.69,147.78,63.04,154.29,1.0000,-1,-1,-1
469,109,383.50,342.20,76.81,149.31,1.0000,-1,-1,-1
469,111,242.21,206.93,52.22,131.35,1.0000,-1,-1,-1
469,112,661.79,504.10,62.52,81.66,1.0000,-1,-1,-1
469,113,157.79,134.61,54.71,120.90,1.0000,-1,-1,-1
469,114,330.18,246.81,25.50,60.51,1.0000,-1,-1,-1
469,115,488.85,190.46,57.81,114.66,1.0000,-1,-1,-1
469,117,348.20,222.47,53.48,126.43,1.0000,-1,-1,-1
470,63,258.47,397.62,55.94,145.27,1.0000,-1,-1,-1
470,77,734.81,369.12,60.26,126.87,1.0000,-1,-1,-1
470,91,568.22,268.93,128.37,127.73,1.0000,-1,-1,-1
470,96,865.16,451.56,97.82,129.56,1.0000,-1,-1,-1
470,106,107.52,114.34,77.29,151.12,1.0000,-1,-1,-1
470,107,566.91,245.16,58.12,95.40,1.0000,-1,-1,-1
470,108,855.80,146.77,63.37,155.08,1.0000,-1,-1,-1
470,109,386.93,342.97,76.43,149.66,1.0000,-1,-1,-1
470,111,242.87,207.71,50.69,131.24,1.0000,-1,-1,-1
470,112,663.08,504.16,61.48,81.83,1.0000,-1,-1,-1
470,113,159.87,135.85,52.39,120.02,1.0000,-1,-1,-1
470,114,326.06,251.71,21.18,50.24,1.0000,-1,-1,-1
470,115,489.41,188.93,58.36,115.33,1.0000,-1,-1,-1
470,117,347.74,224.16,53.23,125.44,1.0000,-1,-1,-1
470,118,422.82,131.63,73.85,105.25,1.0000,-1,-1,-1
471,63,259.20,399.10,55.88,145.11,1.0000,-1,-1,-1
471,77,734.22,368.61,60.14,126.62,1.0000,-1,-1,-1
471,91,570.84,269.47,128.62,127.98,1.0000,-1,-1,-1
471,96,865.61,451.27,97.97,129.76,1.0000,-1,-1,-1
471,106,105.62,113.69,77.70,151.92,1.0000,-1,-1,-1
471,107,571.25,245.34,57.50,94.39,1.0000,-1,-1,-1
471,108,854.91,145.76,63.69,155.87,1.0000,-1,-1,-1
471,109,389.55,343.72,76.36,149.74,1.0000,-1,-1,-1
471,111,239.82,208.05,50.60,131.02,1.0000,-1,-1,-1
471,112,664.34,504.00,59.75,81.53,1.0000,-1,-1,-1
471,113,160.35,136.26,52.25,119.69,1.0000,-1,-1,-1
471,114,322.52,257.98,15.69,37.23,1.0000,-1,-1,-1
471,115,492.19,191.03,56.96,112.56,1.0000,-1,-1,-1
471,117,349.63,226.58,51.37,123.98,1.0000,-1,-1,-1
471,118,424.28,132.15,74.21,105.77,1.0000,-1,-1,-1
472,63,259.00,400.13,67.33,148.07,1.0000,-1,-1,-1
472,77,733.62,368.09,60.02,126.37,1.0000,-1,-1,-1
472,91,569.46,273.92,127.91,123.28,1.0000,-1,-1,-1
472,96,866.06,450.98,98.12,129.95,1.0000,-1,-1,-1
472,106,103.72,113.04,78.11,152.71,1.0000,-1,-1,-1
472,107,575.60,245.53,56.87,93.36,1.0000,-1,-1,-1
472,108,854.02,144.76,64.01,156.66,1.0000,-1,-1,-1
472,109,392.01,344.39,75.70,149.46,1.0000,-1,-1,-1
472,111,244.95,210.58,50.05,130.55,1.0000,-1,-1,-1
472,112,664.50,503.59,60.03,81.91,1.0000,-1,-1,-1
472,113,163.99,139.04,50.33,118.97,1.0000,-1,-1,-1
472,114,320.76,268.48,6.65,15.77,1.0000,-1,-1,-1
472,115,493.03,190.96,57.22,113.08,1.0000,-1,-1,-1
472,117,350.00,228.30,51.43,123.38,1.0000,-1,-1,-1
472,118,425.74,132.68,74.57,106.28,1.0000,-1,-1,-1
473,63,254.18,405.39,74.97,148.80,1.0000,-1,-1,-1
473,77,733.03,367.57,59.89,126.11,1.0000,-1,-1,-1
473,91,571.13,278.00,124.68,122.26,1.0000,-1,-1,-1
473,96,866.51,450.69,98.26,130.15,1.0000,-1,-1,-1
473,106,101.83,112.39,78.51,153.50,1.0000,-1,-1,-1
473,107,579.95,245.73,56.24,92.32,1.0000,-1,-1,-1
473,108,853.13,143.76,64.33,157.44,1.0000,-1,-1,-1
473,109,390.31,344.67,76.09,149.41,1.0000,-1,-1,-1
473,111,246.66,212.48,50.21,129.79,1.0000,-1,-1,-1
473,112,664.66,503.18,60.31,82.29,1.0000,-1,-1,-1
473,113,167.48,140.47,48.61,117.87,1.0000,-1,-1,-1
473,114,314.48,268.24,6.65,15.77,1.0000,-1,-1,-1
473,115,493.87,190.90,57.49,113.60,1.0000,-1,-1,-1
473,117,351.83,230.97,50.86,123.56,1.0000,-1,-1,-1
473,118,427.19,133.21,74.93,106.79,1.0000,-1,-1,-1
474,63,250.24,409.30,79.59,148.37,1.0000,-1,-1,-1
474,77,725.90,384.35,71.24,118.54,1.0000,-1,-1,-1
474,91,573.58,280.30,120.95,122.29,1.0000,-1,-1,-1
474,96,866.97,450.40,98.41,130.34,1.0000,-1,-1,-1
474,106,99.93,111.74,78.91,154.29,1.0000,-1,-1,-1
474,107,584.30,245.93,55.60,91.27,1.0000,-1,-1,-1
474,108,852.24,142.76,64.65,158.22,1.0000,-1,-1,-1
474,109,389.15,345.09,76.31,149.27,1.0000,-1,-1,-1
474,111,246.99,214.41,50.24,129.58,1.0000,-1,-1,-1
474,112,664.82,502.77,60.59,82.67,1.0000,-1,-1,-1
474,113,169.00,141.15,47.48,117.34,1.0000,-1,-1,-1
474,114,308.19,268.01,6.65,15.77,1.0000,-1,-1,-1
474,115,511.53,192.08,49.08,111.95,1.0000,-1,-1,-1
474,117,352.71,232.43,50.01,123.37,1.0000,-1,-1,-1
474,118,428.65,133.73,75.29,107.30,1.0000,-1,-1,-1
475,63,249.14,412.58,82.56,147.39,1.0000,-1,-1,-1
475,77,719.64,385.53,77.93,116.48,1.0000,-1,-1,-1
475,91,575.98,283.58,116.05,123.37,1.0000,-1,-1,-1
475,96,867.42,450.11,98.56,130.54,1.0000,-1,-1,-1
475,106,98.03,111.09,79.31,155.08,1.0000,-1,-1,-1
475,108,851.35,141.76,64.97,158.99,1.0000,-1,-1,-1
475,109,390.00,345.69,75.17,149.02,1.0000,-1,-1,-1
475,111,244.65,216.12,51.44,129.44,1.0000,-1,-1,-1
475,112,666.19,504.22,58.17,82.25,1.0000,-1,-1,-1
475,113,172.37,142.72,45.82,116.48,1.0000,-1,-1,-1
475,114,301.91,267.77,6.65,15.77,1.0000,-1,-1,-1
475,115,518.19,193.63,44.20,111.27,1.0000,-1,-1,-1
475,117,354.41,233.43,48.94,122.60,1.0000,-1,-1,-1
475,118,430.11,134.26,75.64,107.81,1.0000,-1,-1,-1
476,63,249.27,414.39,84.57,146.27,1.0000,-1,-1,-1
476,77,715.73,384.73,81.72,116.42,1.0000,-1,-1,-1
476,91,577.68,284.91,112.20,125.47,1.0000,-1,-1,-1
476,96,867.87,449.82,98.70,130.73,1.0000,-1,-1,-1
476,106,96.14,110.45,79.71,155.86,1.0000,-1,-1,-1
476,109,390.93,345.88,74.13,148.74,1.0000,-1,-1,-1
476,111,241.86,217.54,53.59,130.18,1.0000,-1,-1,-1
476,112,666.37,503.96,58.39,82.55,1.0000,-1,-1,-1
476,113,174.20,143.30,44.68,115.78,1.0000,-1,-1,-1
476,114,295.62,267.54,6.65,15.77,1.0000,-1,-1,-1
476,115,524.01,193.69,41.41,111.40,1.0000,-1,-1,-1
476,117,356.37,234.52,48.20,122.20,1.0000,-1,-1,-1
476,118,431.57,134.79,75.99,108.31,1.0000,-1,-1,-1
477,63,250.75,415.07,85.28,145.01,1.0000,-1,-1,-1
477,77,714.75,385.03,81.68,116.36,1.0000,-1,-1,-1
477,91,579.95,284.68,109.10,127.23,1.0000,-1,-1,-1
477,96,868.32,449.54,98.85,130.93,1.0000,-1,-1,-1
477,106,94.25,109.81,80.11,156.63,1.0000,-1,-1,-1
477,109,393.02,346.45,72.43,147.52,1.0000,-1,-1,-1
477,111,239.58,219.34,55.61,130.83,1.0000,-1,-1,-1
477,112,666.55,503.71,58.60,82.86,1.0000,-1,-1,-1
477,113,176.46,144.18,43.53,114.89,1.0000,-1,-1,-1
477,114,289.34,267.30,6.65,15.77,1.0000,-1,-1,-1
477,115,529.03,192.98,40.02,111.42,1.0000,-1,-1,-1
477,117,358.48,235.89,47.27,121.29,1.0000,-1,-1,-1
477,118,433.04,135.33,76.35,108.81,1.0000,-1,-1,-1
478,63,253.15,413.23,85.25,144.99,1.0000,-1,-1,-1
478,77,704.91,385.43,79.85,116.32,1.0000,-1,-1,-1
478,91,582.48,282.69,107.65,128.78,1.0000,-1,-1,-1
478,96,868.78,449.25,99.00,131.12,1.0000,-1,-1,-1
478,106,92.35,109.17,80.51,157.40,1.0000,-1,-1,-1
478,109,393.18,346.20,72.95,146.08,1.0000,-1,-1,-1
478,111,239.00,221.67,58.08,130.05,1.0000,-1,-1,-1
478,112,666.74,503.45,58.81,83.16,1.0000,-1,-1,-1
478,113,182.42,145.87,45.05,115.06,1.0000,-1,-1,-1
478,114,283.06,267.07,6.65,15.77,1.0000,-1,-1,-1
478,115,531.77,193.48,39.80,110.81,1.0000,-1,-1,-1
478,117,359.75,237.70,47.97,119.14,1.0000,-1,-1,-1
478,118,424.28,147.73,56.87,91.02,1.0000,-1,-1,-1
479,63,254.74,411.99,85.23,144.96,1.0000,-1,-1,-1
479,77,700.61,385.92,77.11,117.25,1.0000,-1,-1,-1
479,91,584.73,281.21,107.91,131.19,1.0000,-1,-1,-1
479,96,869.23,448.96,99.14,131.31,1.0000,-1,-1,-1
479,106,90.46,108.53,80.90,158.17,1.0000,-1,-1,-1
479,109,392.78,346.90,74.37,145.56,1.0000,-1,-1,-1
479,111,239.09,222.99,60.11,129.07,1.0000,-1,-1,-1
479,112,666.92,503.20,59.03,83.46,1.0000,-1,-1,-1
479,113,185.67,147.17,46.13,114.68,1.0000,-1,-1,-1
479,114,276.77,266.83,6.65,15.77,1.0000,-1,-1,-1
479,115,534.51,193.98,39.58,110.19,1.0000,-1,-1,-1
479,117,359.23,238.50,49.48,117.41,1.0000,-1,-1,-1
479,118,424.39,150.05,55.34,88.57,1.0000,-1,-1,-1
480,63,254.93,411.28,85.16,144.48,1.0000,-1,-1,-1
480,77,698.45,386.30,77.05,117.16,1.0000,-1,-1,-1
480,91,586.32,282.17,108.04,131.35,1.0000,-1,-1,-1
480,96,869.68,448.67,99.29,131.51,1.0000,-1,-1,-1
480,109,392.54,347.28,76.19,145.26,1.0000,-1,-1,-1
480,111,238.99,223.42,62.03,129.53,1.0000,-1,-1,-1
480,112,667.10,502.94,59.24,83.76,1.0000,-1,-1,-1
480,113,191.58,147.75,50.54,114.86,1.0000,-1,-1,-1
480,114,270.49,266.60,6.65,15.77,1.0000,-1,-1,-1
480,115,542.77,193.19,47.24,114.63,1.0000,-1,-1,-1
480,117,357.34,238.39,52.16,117.08,1.0000,-1,-1,-1
480,118,424.53,152.39,53.77,86.06,1.0000,-1,-1,-1
481,63,254.55,410.82,85.61,143.56,1.0000,-1,-1,-1
481,77,692.83,389.16,70.59,119.76,1.0000,-1,-1,-1
481,91,587.90,283.13,108.18,131.52,1.0000,-1,-1,-1
481,96,870.13,448.38,99.43,131.70,1.0000,-1,-1,-1
481,109,393.50,347.11,77.09,144.52,1.0000,-1,-1,-1
481,111,240.97,227.61,62.55,126.48,1.0000,-1,-1,-1
481,112,675.04,503.96,56.79,80.26,1.0000,-1,-1,-1
481,113,192.34,148.97,48.90,113.73,1.0000,-1,-1,-1
481,114,264.21,266.37,6.65,15.77,1.0000,-1,-1,-1
481,115,544.19,193.45,50.93,116.12,1.0000,-1,-1,-1
481,117,357.65,239.40,53.58,116.94,1.0000,-1,-1,-1
481,118,424.69,154.78,52.15,83.47,1.0000,-1,-1,-1
482,63,254.59,411.80,86.66,143.02,1.0000,-1,-1,-1
482,77,691.08,390.27,66.03,121.93,1.0000,-1,-1,-1
482,91,589.48,284.09,108.31,131.68,1.0000,-1,-1,-1
482,96,870.59,448.09,99.58,131.89,1.0000,-1,-1,-1
482,109,393.99,347.10,78.11,143.82,1.0000,-1,-1,-1
482,111,243.94,227.24,62.46,126.05,1.0000,-1,-1,-1
482,112,675.15,503.92,55.75,80.52,1.0000,-1,-1,-1
482,113,196.38,147.90,52.25,114.46,1.0000,-1,-1,-1
482,114,257.92,266.13,6.65,15.77,1.0000,-1,-1,-1
482,115,547.57,193.73,51.00,116.29,1.0000,-1,-1,-1
482,117,358.44,240.40,54.41,117.42,1.0000,-1,-1,-1
482,118,424.87,157.21,50.48,80.80,1.0000,-1,-1,-1
482,120,641.61,434.32,59.02,115.94,1.0000,-1,-1,-1
483,63,255.59,414.16,87.18,142.31,1.0000,-1,-1,-1
483,77,688.26,391.17,65.93,121.75,1.0000,-1,-1,-1
483,91,591.06,285.05,108.45,131.84,1.0000,-1,-1,-1
483,96,871.04,447.81,99.72,132.08,1.0000,-1,-1,-1
483,109,395.04,347.90,77.84,143.32,1.0000,-1,-1,-1
483,111,249.24,225.62,61.79,126.60,1.0000,-1,-1,-1
483,112,675.75,503.71,55.87,80.69,1.0000,-1,-1,-1
483,113,198.19,148.85,49.67,113.48,1.0000,-1,-1,-1
483,114,251.64,265.90,6.65,15.77,1.0000,-1,-1,-1
483,115,549.91,193.16,51.85,115.79,1.0000,-1,-1,-1
483,117,360.12,241.21,55.30,118.05,1.0000,-1,-1,-1
483,118,425.09,159.68,48.76,78.04,1.0000,-1,-1,-1
483,120,633.94,434.93,60.30,118.46,1.0000,-1,-1,-1
484,63,254.60,415.00,83.92,141.24,1.0000,-1,-1,-1
484,77,686.95,391.52,64.08,121.57,1.0000,-1,-1,-1
484,91,610.46,284.02,108.16,129.63,1.0000,-1,-1,-1
484,96,871.49,447.52,99.87,132.27,1.0000,-1,-1,-1
484,109,396.08,348.69,77.56,142.81,1.0000,-1,-1,-1
484,111,254.41,225.17,61.57,125.46,1.0000,-1,-1,-1
484,112,676.35,503.49,55.99,80.86,1.0000,-1,-1,-1
484,113,200.55,149.58,49.49,113.06,1.0000,-1,-1,-1
484,114,245.36,265.66,6.65,15.77,1.0000,-1,-1,-1
484,115,551.40,191.63,52.63,116.21,1.0000,-1,-1,-1
484,117,361.08,241.47,55.08,118.01,1.0000,-1,-1,-1
484,118,425.33,162.20,46.97,75.18,1.0000,-1,-1,-1
484,120,615.21,435.54,68.71,133.80,1.0000,-1,-1,-1
485,63,254.50,414.85,79.66,139.18,1.0000,-1,-1,-1
485,77,686.70,392.14,63.83,121.84,1.0000,-1,-1,-1
485,91,613.40,284.74,108.28,129.78,1.0000,-1,-1,-1
485,96,871.94,447.23,100.01,132.47,1.0000,-1,-1,-1
485,109,397.19,345.87,77.86,143.15,1.0000,-1,-1,-1
485,111,257.01,224.08,62.48,124.71,1.0000,-1,-1,-1
485,112,676.95,503.27,56.11,81.03,1.0000,-1,-1,-1
485,113,202.92,150.32,49.31,112.65,1.0000,-1,-1,-1
485,114,239.07,265.43,6.65,15.77,1.0000,-1,-1,-1
485,115,553.38,192.33,53.47,116.30,1.0000,-1,-1,-1
485,117,361.81,241.72,54.88,118.65,1.0000,-1,-1,-1
485,118,425.61,164.79,45.11,72.20,1.0000,-1,-1,-1
485,120,604.08,436.64,71.76,139.74,1.0000,-1,-1,-1
485,121,862.50,208.74,47.38,118.84,1.0000,-1,-1,-1
486,63,255.70,414.89,75.49,138.04,1.0000,-1,-1,-1
486,77,686.88,392.21,63.68,119.40,1.0000,-1,-1,-1
486,91,616.34,285.46,108.40,129.93,1.0000,-1,-1,-1
486,96,872.40,446.94,100.16,132.66,1.0000,-1,-1,-1
486,109,397.73,345.33,77.82,144.07,1.0000,-1,-1,-1
486,111,260.44,223.22,63.67,122.87,1.0000,-1,-1,-1
486,112,678.00,502.21,57.75,81.40,1.0000,-1,-1,-1
486,113,205.29,151.05,49.12,112.23,1.0000,-1,-1,-1
486,114,232.79,265.19,6.65,15.77,1.0000,-1,-1,-1
486,115,554.65,193.11,52.00,115.57,1.0000,-1,-1,-1
486,117,363.61,240.76,53.77,119.35,1.0000,-1,-1,-1
486,118,425.94,167.43,43.17,69.09,1.0000,-1,-1,-1
486,120,603.03,440.41,59.74,129.70,1.0000,-1,-1,-1
486,121,863.34,209.37,47.26,118.89,1.0000,-1,-1,-1
487,63,260.88,414.98,75.25,137.16,1.0000,-1,-1,-1
487,77,684.58,392.90,63.57,119.19,1.0000,-1,-1,-1
487,91,619.27,286.19,108.53,130.08,1.0000,-1,-1,-1
487,96,872.85,446.66,100.30,132.85,1.0000,-1,-1,-1
487,109,399.95,345.42,76.69,144.46,1.0000,-1,-1,-1
487,111,263.95,221.12,65.75,120.01,1.0000,-1,-1,-1
487,112,678.68,501.93,57.89,81.60,1.0000,-1,-1,-1
487,113,211.50,150.49,53.40,112.62,1.0000,-1,-1,-1
487,114,226.51,264.96,6.65,15.77,1.0000,-1,-1,-1
487,115,558.88,193.41,49.90,114.90,1.0000,-1,-1,-1
487,117,365.35,240.83,52.30,119.87,1.0000,-1,-1,-1
487,118,426.30,170.15,41.14,65.84,1.0000,-1,-1,-1
487,120,597.13,439.67,58.67,131.00,1.0000,-1,-1,-1
487,121,864.19,211.56,46.78,117.70,1.0000,-1,-1,-1
488,63,263.13,415.13,70.69,136.76,1.0000,-1,-1,-1
488,77,682.28,393.59,63.45,118.97,1.0000,-1,-1,-1
488,91,598.72,287.33,104.38,127.85,1.0000,-1,-1,-1
488,109,401.04,345.91,76.43,143.97,1.0000,-1,-1,-1
488,111,268.02,223.78,67.98,120.86,1.0000,-1,-1,-1
488,112,679.37,501.64,58.03,81.80,1.0000,-1,-1,-1
488,113,214.32,151.07,53.29,112.38,1.0000,-1,-1,-1
488,114,220.22,264.72,6.65,15.77,1.0000,-1,-1,-1
488,115,564.25,194.29,47.14,113.77,1.0000,-1,-1,-1
488,117,369.65,241.68,50.42,120.22,1.0000,-1,-1,-1
488,118,429.15,153.89,47.13,98.02,1.0000,-1,-1,-1
488,120,590.37,437.40,58.86,130.15,1.0000,-1,-1,-1
488,121,865.05,213.75,46.31,116.50,1.0000,-1,-1,-1
489,63,267.33,415.68,68.50,136.40,1.0000,-1,-1,-1
489,77,684.01,396.71,59.31,120.15,1.0000,-1,-1,-1
489,91,599.15,286.39,101.75,128.94,1.0000,-1,-1,-1
489,109,402.13,346.40,76.18,143.49,1.0000,-1,-1,-1
489,111,271.62,223.84,69.61,122.22,1.0000,-1,-1,-1
489,112,680.05,501.35,58.17,81.99,1.0000,-1,-1,-1
489,113,218.75,152.12,51.00,112.27,1.0000,-1,-1,-1
489,114,213.94,264.49,6.65,15.77,1.0000,-1,-1,-1
489,115,570.38,197.59,44.98,111.54,1.0000,-1,-1,-1
489,117,373.75,242.71,48.88,121.20,1.0000,-1,-1,-1
489,118,429.34,155.72,46.34,96.37,1.0000,-1,-1,-1
489,120,584.69,438.60,59.99,134.63,1.0000,-1,-1,-1
489,121,865.92,215.95,45.82,115.29,1.0000,-1,-1,-1
490,63,272.53,415.49,68.96,135.40,1.0000,-1,-1,-1
490,77,685.03,397.32,55.01,121.85,1.0000,-1,-1,-1
490,91,600.24,285.36,100.32,130.69,1.0000,-1,-1,-1
490,109,403.23,346.89,75.92,143.01,1.0000,-1,-1,-1
490,111,273.33,225.18,70.85,123.31,1.0000,-1,-1,-1
490,112,680.74,501.06,58.31,82.19,1.0000,-1,-1,-1
490,113,222.09,152.77,47.40,111.88,1.0000,-1,-1,-1
490,114,207.66,264.25,6.65,15.77,1.0000,-1,-1,-1
490,115,573.63,198.04,44.92,111.38,1.0000,-1,-1,-1
490,117,376.16,242.25,49.04,121.58,1.0000,-1,-1,-1
490,118,429.54,157.57,45.53,94.69,1.0000,-1,-1,-1
490,120,581.49,439.48,60.95,139.03,1.0000,-1,-1,-1
490,121,866.78,218.16,45.33,114.06,1.0000,-1,-1,-1
491,63,277.31,415.42,70.21,133.48,1.0000,-1,-1,-1
491,77,685.71,396.35,51.26,122.30,1.0000,-1,-1,-1
491,91,601.00,285.88,100.40,130.79,1.0000,-1,-1,-1
491,109,411.87,346.23,73.57,142.52,1.0000,-1,-1,-1
491,111,277.83,224.35,69.06,121.85,1.0000,-1,-1,-1
491,112,689.01,497.87,57.31,86.04,1.0000,-1,-1,-1
491,113,224.88,153.49,47.21,111.43,1.0000,-1,-1,-1
491,114,201.37,264.02,6.65,15.77,1.0000,-1,-1,-1
491,115,576.88,198.50,44.85,111.21,1.0000,-1,-1,-1
491,117,379.69,244.06,48.21,120.73,1.0000,-1,-1,-1
491,118,433.86,159.93,44.39,97.52,1.0000,-1,-1,-1
491,120,579.77,439.19,61.33,140.97,1.0000,-1,-1,-1
491,121,867.65,220.37,44.84,112.81,1.0000,-1,-1,-1
492,63,281.47,416.36,72.21,133.22,1.0000,-1,-1,-1
492,77,684.90,396.71,49.44,122.77,1.0000,-1,-1,-1
492,91,601.76,286.40,100.48,130.89,1.0000,-1,-1,-1
492,109,420.72,346.60,68.39,141.32,1.0000,-1,-1,-1
492,111,288.18,221.14,66.20,119.13,1.0000,-1,-1,-1
492,112,690.23,497.48,57.46,86.26,1.0000,-1,-1,-1
492,113,227.68,154.21,47.02,110.98,1.0000,-1,-1,-1
492,114,195.09,263.79,6.65,15.77,1.0000,-1,-1,-1
492,115,580.13,198.95,44.78,111.04,1.0000,-1,-1,-1
492,117,381.91,243.36,48.40,120.72,1.0000,-1,-1,-1
492,118,434.36,162.00,43.63,95.86,1.0000,-1,-1,-1
492,120,576.23,439.25,62.01,142.96,1.0000,-1,-1,-1
492,121,868.52,222.59,44.34,111.56,1.0000,-1,-1,-1
492,122,228.09,154.99,57.89,110.31,1.0000,-1,-1,-1
493,63,285.16,416.26,73.43,133.89,1.0000,-1,-1,-1
493,77,680.38,399.34,51.66,122.14,1.0000,-1,-1,-1
493,91,602.52,286.92,100.56,131.00,1.0000,-1,-1,-1
493,109,422.77,347.07,68.07,140.64,1.0000,-1,-1,-1
493,111,290.87,220.85,66.27,119.25,1.0000,-1,-1,-1
493,112,691.44,497.10,57.61,86.48,1.0000,-1,-1,-1
493,113,231.68,154.81,43.96,110.34,1.0000,-1,-1,-1
493,114,188.81,263.55,6.65,15.77,1.0000,-1,-1,-1
493,115,583.38,199.40,44.72,110.88,1.0000,-1,-1,-1
493,117,383.63,244.13,48.28,120.41,1.0000,-1,-1,-1
493,118,433.34,164.81,45.28,97.19,1.0000,-1,-1,-1
493,120,571.92,441.17,61.40,143.16,1.0000,-1,-1,-1
493,121,869.39,224.81,43.84,110.29,1.0000,-1,-1,-1
493,122,229.61,157.21,56.48,107.61,1.0000,-1,-1,-1
494,63,287.40,416.24,74.13,134.37,1.0000,-1,-1,-1
494,77,674.21,400.92,56.15,121.66,1.0000,-1,-1,-1
494,91,603.28,287.43,100.64,131.10,1.0000,-1,-1,-1
494,109,424.39,346.17,66.29,139.96,1.0000,-1,-1,-1
494,111,293.57,220.55,66.34,119.37,1.0000,-1,-1,-1
494,112,692.65,496.72,57.76,86.71,1.0000,-1,-1,-1
494,113,236.44,155.74,43.06,109.64,1.0000,-1,-1,-1
494,115,586.64,199.85,44.65,110.71,1.0000,-1,-1,-1
494,117,385.35,244.91,48.15,120.10,1.0000,-1,-1,-1
494,118,433.37,167.61,46.62,98.33,1.0000,-1,-1,-1
494,120,571.19,440.86,61.07,142.49,1.0000,-1,-1,-1
494,121,870.27,227.05,43.33,109.00,1.0000,-1,-1,-1
494,122,231.14,159.46,55.03,104.85,1.0000,-1,-1,-1
495,63,289.97,415.93,74.02,134.35,1.0000,-1,-1,-1
495,77,668.32,401.07,61.66,121.70,1.0000,-1,-1,-1
495,91,604.04,287.95,100.72,131.21,1.0000,-1,-1,-1
495,109,428.43,346.14,64.13,138.86,1.0000,-1,-1,-1
495,111,296.26,220.26,66.40,119.49,1.0000,-1,-1,-1
495,112,697.64,499.57,56.35,89.69,1.0000,-1,-1,-1
495,113,238.91,155.75,40.70,109.39,1.0000,-1,-1,-1
495,115,589.89,200.30,44.58,110.55,1.0000,-1,-1,-1
495,117,387.07,245.68,48.03,119.79,1.0000,-1,-1,-1
495,118,432.52,170.41,47.45,96.86,1.0000,-1,-1,-1
495,120,569.20,441.95,61.06,141.69,1.0000,-1,-1,-1
495,121,888.08,222.76,43.10,111.91,1.0000,-1,-1,-1
495,122,232.70,161.75,53.54,102.01,1.0000,-1,-1,-1
496,63,291.60,417.25,74.73,133.02,1.0000,-1,-1,-1
496,77,664.97,400.84,66.00,122.51,1.0000,-1,-1,-1
496,91,604.80,288.47,100.80,131.31,1.0000,-1,-1,-1
496,109,430.07,346.24,63.74,138.94,1.0000,-1,-1,-1
496,111,298.95,219.97,66.47,119.61,1.0000,-1,-1,-1
496,112,698.78,501.23,56.27,94.72,1.0000,-1,-1,-1
496,113,240.28,155.63,39.56,109.38,1.0000,-1,-1,-1
496,115,593.14,200.75,44.51,110.38,1.0000,-1,-1,-1
496,117,398.28,246.52,46.01,118.32,1.0000,-1,-1,-1
496,118,430.74,173.90,49.06,95.20,1.0000,-1,-1,-1
496,120,566.83,442.24,61.03,141.34,1.0000,-1,-1,-1
496,121,890.54,223.45,43.26,111.80,1.0000,-1,-1,-1
496,122,234.27,164.07,52.01,99.09,1.0000,-1,-1,-1
497,63,293.29,418.64,75.61,131.24,1.0000,-1,-1,-1
497,77,661.54,400.50,69.58,123.41,1.0000,-1,-1,-1
497,91,605.56,288.99,100.88,131.42,1.0000,-1,-1,-1
497,109,430.08,346.84,63.79,138.82,1.0000,-1,-1,-1
497,111,329.61,222.70,58.02,120.33,1.0000,-1,-1,-1
497,112,700.24,501.28,56.31,99.01,1.0000,-1,-1,-1
497,113,240.96,155.71,38.93,109.34,1.0000,-1,-1,-1
497,115,596.39,201.20,44.45,110.21,1.0000,-1,-1,-1
497,117,402.27,244.25,45.22,119.27,1.0000,-1,-1,-1
497,118,431.00,176.17,48.51,94.14,1.0000,-1,-1,-1
497,120,563.93,442.53,60.90,140.95,1.0000,-1,-1,-1
497,121,892.42,223.60,43.73,112.91,1.0000,-1,-1,-1
497,122,235.87,166.45,50.43,96.09,1.0000,-1,-1,-1
498,63,296.63,419.05,77.86,130.53,1.0000,-1,-1,-1
498,77,656.25,403.88,67.69,122.70,1.0000,-1,-1,-1
498,91,606.31,289.51,100.96,131.52,1.0000,-1,-1,-1
498,109,431.80,347.78,63.41,138.59,1.0000,-1,-1,-1
498,111,336.05,222.70,54.50,120.52,1.0000,-1,-1,-1
498,112,701.48,499.23,56.25,98.28,1.0000,-1,-1,-1
498,113,243.41,156.44,38.66,108.58,1.0000,-1,-1,-1
498,115,599.64,201.66,44.38,110.04,1.0000,-1,-1,-1
498,117,404.82,244.85,45.04,118.82,1.0000,-1,-1,-1
498,118,431.28,178.45,47.96,93.06,1.0000,-1,-1,-1
498,120,560.01,444.57,57.88,140.49,1.0000,-1,-1,-1
498,121,894.83,225.07,43.42,112.13,1.0000,-1,-1,-1
498,122,237.50,168.87,48.80,92.98,1.0000,-1,-1,-1
499,63,300.30,419.57,83.09,129.36,1.0000,-1,-1,-1
499,77,654.43,405.25,64.91,121.91,1.0000,-1,-1,-1
499,91,607.07,290.03,101.04,131.62,1.0000,-1,-1,-1
499,109,433.66,348.27,63.06,137.81,1.0000,-1,-1,-1
499,111,340.23,224.13,53.58,118.32,1.0000,-1,-1,-1
499,112,702.63,497.83,56.20,96.99,1.0000,-1,-1,-1
499,113,250.11,157.62,45.21,108.96,1.0000,-1,-1,-1
499,115,602.89,202.11,44.31,109.88,1.0000,-1,-1,-1
499,117,407.36,245.45,44.87,118.36,1.0000,-1,-1,-1
499,118,431.55,180.74,47.40,91.98,1.0000,-1,-1,-1
499,120,557.77,443.87,55.20,140.44,1.0000,-1,-1,-1
499,121,897.25,226.53,43.12,111.34,1.0000,-1,-1,-1
499,122,239.15,171.34,47.11,89.77,1.0000,-1,-1,-1
500,63,304.26,419.68,90.85,129.02,1.0000,-1,-1,-1
500,77,654.33,406.51,61.88,121.06,1.0000,-1,-1,-1
500,91,607.83,290.55,101.12,131.73,1.0000,-1,-1,-1
500,109,435.10,349.32,63.37,138.25,1.0000,-1,-1,-1
500,111,343.54,226.86,54.53,114.41,1.0000,-1,-1,-1
500,112,703.74,496.71,55.92,95.75,1.0000,-1,-1,-1
500,113,253.20,158.30,45.02,108.50,1.0000,-1,-1,-1
500,115,606.14,202.56,44.24,109.71,1.0000,-1,-1,-1
500,117,409.90,246.06,44.69,117.90,1.0000,-1,-1,-1
500,118,431.83,183.03,46.83,90.88,1.0000,-1,-1,-1
500,120,555.56,443.42,53.44,140.37,1.0000,-1,-1,-1
500,121,899.66,228.00,42.81,110.54,1.0000,-1,-1,-1
500,122,240.84,173.88,45.36,86.44,1.0000,-1,-1,-1
501,63,307.43,419.84,90.91,129.10,1.0000,-1,-1,-1
501,77,654.99,407.34,60.63,120.79,1.0000,-1,-1,-1
501,91,608.59,291.07,101.20,131.83,1.0000,-1,-1,-1
501,109,436.94,349.89,63.02,137.50,1.0000,-1,-1,-1
501,111,345.20,228.78,55.82,112.44,1.0000,-1,-1,-1
501,112,704.65,497.06,55.93,94.56,1.0000,-1,-1,-1
501,113,256.28,158.97,44.82,108.03,1.0000,-1,-1,-1
501,115,609.39,203.01,44.18,109.54,1.0000,-1,-1,-1
501,117,412.44,246.66,44.52,117.44,1.0000,-1,-1,-1
501,118,432.11,185.33,46.26,89.77,1.0000,-1,-1,-1
501,120,553.46,444.05,52.50,140.28,1.0000,-1,-1,-1
501,121,902.08,229.48,42.50,109.74,1.0000,-1,-1,-1
501,122,242.56,176.48,43.54,82.97,1.0000,-1,-1,-1
502,63,307.63,416.96,92.30,128.19,1.0000,-1,-1,-1
502,77,652.74,408.36,60.52,120.57,1.0000,-1,-1,-1
502,91,609.35,291.59,101.28,131.93,1.0000,-1,-1,-1
502,109,438.79,350.47,62.68,136.74,1.0000,-1,-1,-1
502,111,349.47,229.06,55.74,112.28,1.0000,-1,-1,-1
502,112,705.24,497.10,55.89,93.41,1.0000,-1,-1,-1
502,113,253.55,156.18,50.53,110.26,1.0000,-1,-1,-1
502,115,612.65,203.46,44.11,109.37,1.0000,-1,-1,-1
502,117,414.99,247.26,44.34,116.98,1.0000,-1,-1,-1
502,118,432.39,187.63,45.68,88.64,1.0000,-1,-1,-1
502,120,549.51,445.41,52.21,139.72,1.0000,-1,-1,-1
502,121,904.50,230.95,42.19,108.94,1.0000,-1,-1,-1
502,122,244.32,179.16,41.65,79.35,1.0000,-1,-1,-1
503,63,310.59,416.82,92.36,128.28,1.0000,-1,-1,-1
503,77,654.52,410.43,57.68,122.74,1.0000,-1,-1,-1
503,91,610.11,292.11,101.36,132.04,1.0000,-1,-1,-1
503,109,433.25,349.50,65.17,137.84,1.0000,-1,-1,-1
503,111,353.73,229.33,55.66,112.12,1.0000,-1,-1,-1
503,112,705.40,496.62,56.31,92.41,1.0000,-1,-1,-1
503,113,254.09,155.75,53.12,110.47,1.0000,-1,-1,-1
503,115,615.90,203.92,44.04,109.20,1.0000,-1,-1,-1
503,117,417.53,247.87,44.17,116.51,1.0000,-1,-1,-1
503,118,432.68,189.94,45.09,87.50,1.0000,-1,-1,-1
503,120,543.57,448.29,52.45,137.84,1.0000,-1,-1,-1
503,121,907.98,235.05,49.56,115.71,1.0000,-1,-1,-1
503,122,246.12,181.92,39.66,75.56,1.0000,-1,-1,-1
504,63,320.99,415.52,78.80,127.64,1.0000,-1,-1,-1
504,77,654.09,411.10,56.62,125.57,1.0000,-1,-1,-1
504,91,631.36,290.64,89.25,127.55,1.0000,-1,-1,-1
504,109,433.69,349.96,65.11,137.25,1.0000,-1,-1,-1
504,111,361.82,205.38,69.16,127.57,1.0000,-1,-1,-1
504,112,706.23,496.60,56.33,91.59,1.0000,-1,-1,-1
504,113,254.40,155.65,54.21,110.41,1.0000,-1,-1,-1
504,115,619.15,204.37,43.97,109.03,1.0000,-1,-1,-1
504,117,417.04,243.34,50.56,118.98,1.0000,-1,-1,-1
504,118,432.97,192.26,44.50,86.34,1.0000,-1,-1,-1
504,120,537.30,450.77,54.13,135.18,1.0000,-1,-1,-1
504,121,910.63,236.62,49.56,115.72,1.0000,-1,-1,-1
504,122,247.98,184.79,37.56,71.57,1.0000,-1,-1,-1
505,63,324.04,415.29,78.79,127.63,1.0000,-1,-1,-1
505,77,651.62,412.16,57.18,129.59,1.0000,-1,-1,-1
505,91,633.94,290.87,86.33,127.05,1.0000,-1,-1,-1
505,109,434.10,350.90,65.82,137.04,1.0000,-1,-1,-1
505,111,363.64,199.54,72.34,132.63,1.0000,-1,-1,-1
505,112,706.75,496.77,56.59,91.28,1.0000,-1,-1,-1
505,113,254.64,155.71,54.84,110.47,1.0000,-1,-1,-1
505,115,622.40,204.82,43.90,108.86,1.0000,-1,-1,-1
505,117,415.64,240.99,53.94,118.96,1.0000,-1,-1,-1
505,118,433.27,194.59,43.89,85.17,1.0000,-1,-1,-1
505,120,532.00,452.87,55.97,132.75,1.0000,-1,-1,-1
505,121,913.27,238.20,49.56,115.72,1.0000,-1,-1,-1
505,122,249.90,187.77,35.35,67.35,1.0000,-1,-1,-1
506,63,335.51,414.59,71.00,126.77,1.0000,-1,-1,-1
506,77,649.79,413.22,58.59,133.23,1.0000,-1,-1,-1
506,91,635.86,291.27,85.72,126.40,1.0000,-1,-1,-1
506,109,435.18,350.83,67.73,136.72,1.0000,-1,-1,-1
506,111,367.52,196.29,70.95,135.36,1.0000,-1,-1,-1
506,112,706.90,496.75,56.93,90.88,1.0000,-1,-1,-1
506,113,254.99,155.97,55.13,110.68,1.0000,-1,-1,-1
506,115,625.65,205.28,43.84,108.70,1.0000,-1,-1,-1
506,117,414.52,237.69,57.51,118.11,1.0000,-1,-1,-1
506,118,433.57,196.93,43.28,83.98,1.0000,-1,-1,-1
506,120,526.83,454.11,58.01,130.77,1.0000,-1,-1,-1
506,121,915.92,239.78,49.56,115.72,1.0000,-1,-1,-1
506,122,251.89,190.89,32.98,62.84,1.0000,-1,-1,-1
507,63,340.47,415.44,65.85,126.79,1.0000,-1,-1,-1
507,77,648.01,414.47,60.14,136.20,1.0000,-1,-1,-1
507,91,636.68,291.90,85.87,126.37,1.0000,-1,-1,-1
507,109,435.53,349.66,67.70,135.81,1.0000,-1,-1,-1
507,111,372.04,194.85,67.41,136.47,1.0000,-1,-1,-1
507,112,707.21,496.99,57.33,90.47,1.0000,-1,-1,-1
507,113,255.84,155.89,54.88,110.71,1.0000,-1,-1,-1
507,115,628.90,205.73,43.77,108.53,1.0000,-1,-1,-1
507,117,412.03,234.94,61.75,117.38,1.0000,-1,-1,-1
507,118,433.87,199.27,42.66,82.78,1.0000,-1,-1,-1
507,120,522.77,455.30,59.56,129.25,1.0000,-1,-1,-1
507,121,918.57,241.36,49.56,115.72,1.0000,-1,-1,-1
507,122,253.98,194.19,30.43,57.98,1.0000,-1,-1,-1
508,63,343.84,415.30,65.78,126.65,1.0000,-1,-1,-1
508,77,646.68,416.00,61.80,137.75,1.0000,-1,-1,-1
508,91,639.11,292.19,85.40,125.75,1.0000,-1,-1,-1
508,109,436.76,349.96,67.41,135.23,1.0000,-1,-1,-1
508,111,376.60,193.36,67.54,136.74,1.0000,-1,-1,-1
508,112,707.50,497.09,58.27,89.98,1.0000,-1,-1,-1
508,113,257.46,155.50,54.82,110.34,1.0000,-1,-1,-1
508,115,632.16,206.18,43.70,108.36,1.0000,-1,-1,-1
508,117,407.17,233.15,68.62,117.79,1.0000,-1,-1,-1
508,118,434.18,201.63,42.03,81.56,1.0000,-1,-1,-1
508,120,520.42,456.17,59.47,127.95,1.0000,-1,-1,-1
508,121,920.34,238.57,47.50,113.62,1.0000,-1,-1,-1
508,122,256.18,197.72,27.64,52.67,1.0000,-1,-1,-1
509,63,347.22,415.16,65.71,126.52,1.0000,-1,-1,-1
509,77,645.48,416.68,63.06,138.70,1.0000,-1,-1,-1
509,91,640.76,292.48,84.66,125.20,1.0000,-1,-1,-1
509,109,438.00,350.26,67.12,134.65,1.0000,-1,-1,-1
509,111,381.15,191.86,67.68,137.01,1.0000,-1,-1,-1
509,112,707.69,496.90,58.95,89.78,1.0000,-1,-1,-1
509,113,259.49,155.16,54.56,110.17,1.0000,-1,-1,-1
509,115,635.41,206.64,43.63,108.19,1.0000,-1,-1,-1
509,117,407.58,233.96,73.11,117.15,1.0000,-1,-1,-1
509,118,434.50,203.99,41.39,80.32,1.0000,-1,-1,-1
509,120,517.50,456.59,60.26,127.23,1.0000,-1,-1,-1
509,121,923.85,238.47,46.09,114.31,1.0000,-1,-1,-1
509,122,258.54,201.54,24.55,46.77,1.0000,-1,-1,-1
510,63,351.87,410.28,60.33,123.22,1.0000,-1,-1,-1
510,77,644.70,417.14,63.76,139.21,1.0000,-1,-1,-1
510,91,642.96,293.27,83.50,124.44,1.0000,-1,-1,-1
510,109,444.58,347.67,65.33,138.05,1.0000,-1,-1,-1
510,111,385.71,190.36,67.81,137.27,1.0000,-1,-1,-1
510,112,708.28,496.87,59.26,89.58,1.0000,-1,-1,-1
510,113,261.66,154.87,53.79,110.43,1.0000,-1,-1,-1
510,115,638.66,207.09,43.56,108.01,1.0000,-1,-1,-1
510,117,409.18,233.15,73.35,117.52,1.0000,-1,-1,-1
510,118,434.81,206.36,40.74,79.06,1.0000,-1,-1,-1
510,120,515.72,456.41,61.70,127.02,1.0000,-1,-1,-1
510,121,926.33,238.47,45.01,115.47,1.0000,-1,-1,-1
510,122,261.13,205.79,21.00,40.01,1.0000,-1,-1,-1
511,63,355.16,409.66,60.22,123.01,1.0000,-1,-1,-1
511,77,644.15,416.31,62.86,139.62,1.0000,-1,-1,-1
511,91,644.37,292.80,83.31,124.13,1.0000,-1,-1,-1
511,109,454.50,350.94,59.53,137.09,1.0000,-1,-1,-1
511,111,390.27,188.86,67.94,137.54,1.0000,-1,-1,-1
511,112,708.66,497.37,59.77,88.75,1.0000,-1,-1,-1
511,113,262.89,154.19,52.98,110.89,1.0000,-1,-1,-1
511,115,641.91,207.54,43.49,107.84,1.0000,-1,-1,-1
511,117,410.78,232.33,73.58,117.89,1.0000,-1,-1,-1
511,118,435.14,208.75,40.08,77.77,1.0000,-1,-1,-1
511,120,514.92,456.34,63.61,126.92,1.0000,-1,-1,-1
511,121,928.85,239.63,44.91,115.22,1.0000,-1,-1,-1
511,122,264.08,210.74,16.71,31.83,1.0000,-1,-1,-1
512,63,357.65,408.08,55.37,121.74,1.0000,-1,-1,-1
512,77,643.32,416.28,61.78,139.25,1.0000,-1,-1,-1
512,91,645.76,292.60,83.29,123.33,1.0000,-1,-1,-1
512,109,456.62,351.50,59.20,136.34,1.0000,-1,-1,-1
512,111,394.82,187.37,68.07,137.80,1.0000,-1,-1,-1
512,112,709.00,497.35,59.97,88.42,1.0000,-1,-1,-1
512,113,264.67,151.05,54.00,112.88,1.0000,-1,-1,-1
512,115,645.16,208.00,43.42,107.67,1.0000,-1,-1,-1
512,117,412.38,231.52,73.81,118.26,1.0000,-1,-1,-1
512,118,435.47,211.14,39.41,76.47,1.0000,-1,-1,-1
512,120,512.85,456.13,66.40,126.98,1.0000,-1,-1,-1
512,121,931.38,240.79,44.82,114.97,1.0000,-1,-1,-1
512,122,267.83,217.21,10.84,20.65,1.0000,-1,-1,-1
513,63,364.38,404.71,51.99,124.05,1.0000,-1,-1,-1
513,77,640.28,417.64,60.96,138.16,1.0000,-1,-1,-1
513,91,647.29,292.75,83.26,123.27,1.0000,-1,-1,-1
513,109,458.74,352.06,58.88,135.59,1.0000,-1,-1,-1
513,111,399.38,185.87,68.20,138.07,1.0000,-1,-1,-1
513,112,709.76,496.70,60.28,88.53,1.0000,-1,-1,-1
513,113,265.42,151.76,55.75,113.32,1.0000,-1,-1,-1
513,115,648.42,208.45,43.35,107.50,1.0000,-1,-1,-1
513,117,413.97,230.71,74.04,118.63,1.0000,-1,-1,-1
513,118,435.80,213.54,38.73,75.15,1.0000,-1,-1,-1
513,120,510.25,455.47,69.31,127.35,1.0000,-1,-1,-1
513,121,933.90,241.95,44.72,114.73,1.0000,-1,-1,-1
513,122,268.64,218.08,10.84,20.65,1.0000,-1,-1,-1
514,63,368.49,402.35,50.32,126.18,1.0000,-1,-1,-1
514,77,634.00,417.98,62.95,136.82,1.0000,-1,-1,-1
514,91,649.98,293.13,81.58,120.54,1.0000,-1,-1,-1
514,109,460.87,352.62,58.55,134.83,1.0000,-1,-1,-1
514,111,403.94,184.37,68.33,138.33,1.0000,-1,-1,-1
514,112,710.94,496.45,60.30,88.61,1.0000,-1,-1,-1
514,113,266.15,151.75,56.79,113.92,1.0000,-1,-1,-1
514,115,651.67,208.90,43.28,107.33,1.0000,-1,-1,-1
514,117,415.57,229.90,74.27,119.00,1.0000,-1,-1,-1
514,118,436.15,215.96,38.03,73.80,1.0000,-1,-1,-1
514,120,508.78,454.31,71.08,128.15,1.0000,-1,-1,-1
514,121,936.42,243.12,44.63,114.48,1.0000,-1,-1,-1
514,122,269.45,218.95,10.84,20.65,1.0000,-1,-1,-1
515,63,372.04,398.97,48.53,128.18,1.0000,-1,-1,-1
515,77,628.42,418.39,65.56,135.68,1.0000,-1,-1,-1
515,91,651.54,293.19,81.52,120.46,1.0000,-1,-1,-1
515,109,462.99,353.19,58.21,134.06,1.0000,-1,-1,-1
515,111,408.49,182.88,68.46,138.60,1.0000,-1,-1,-1
515,112,712.52,496.18,59.89,88.87,1.0000,-1,-1,-1
515,113,267.09,150.59,57.52,114.87,1.0000,-1,-1,-1
515,115,654.92,209.36,43.22,107.16,1.0000,-1,-1,-1
515,117,417.17,229.09,74.50,119.37,1.0000,-1,-1,-1
515,118,436.49,218.39,37.32,72.42,1.0000,-1,-1,-1
515,120,508.75,453.64,71.29,128.68,1.0000,-1,-1,-1
515,121,938.95,244.28,44.53,114.23,1.0000,-1,-1,-1
515,122,270.26,219.81,10.84,20.65,1.0000,-1,-1,-1
516,63,376.21,396.14,47.05,129.49,1.0000,-1,-1,-1
516,77,625.09,418.60,67.59,135.18,1.0000,-1,-1,-1
516,91,653.46,292.96,80.28,120.29,1.0000,-1,-1,-1
516,109,467.38,345.94,55.92,136.56,1.0000,-1,-1,-1
516,111,413.05,181.38,68.59,138.86,1.0000,-1,-1,-1
516,112,713.39,495.94,59.56,89.03,1.0000,-1,-1,-1
516,113,268.87,150.48,57.50,114.84,1.0000,-1,-1,-1
516,115,658.17,209.81,43.15,106.99,1.0000,-1,-1,-1
516,117,418.77,228.28,74.73,119.73,1.0000,-1,-1,-1
516,118,436.85,220.83,36.60,71.02,1.0000,-1,-1,-1
516,120,508.62,452.89,71.27,128.94,1.0000,-1,-1,-1
516,121,941.47,245.44,44.43,113.99,1.0000,-1,-1,-1
516,122,271.07,220.68,10.84,20.65,1.0000,-1,-1,-1
517,63,381.15,393.75,46.03,130.08,1.0000,-1,-1,-1
517,77,623.78,418.61,68.96,134.40,1.0000,-1,-1,-1
517,91,654.83,293.81,79.48,119.41,1.0000,-1,-1,-1
517,109,473.69,346.14,52.53,136.90,1.0000,-1,-1,-1
517,111,417.61,179.89,68.72,139.12,1.0000,-1,-1,-1
517,112,713.94,495.80,59.27,89.19,1.0000,-1,-1,-1
517,113,270.66,150.37,57.49,114.82,1.0000,-1,-1,-1
517,115,661.43,210.27,43.08,106.81,1.0000,-1,-1,-1
517,117,420.37,227.47,74.95,120.10,1.0000,-1,-1,-1
517,118,437.21,223.29,35.86,69.59,1.0000,-1,-1,-1
517,120,509.60,451.91,71.94,130.03,1.0000,-1,-1,-1
517,121,942.92,254.27,43.36,121.08,1.0000,-1,-1,-1
517,122,271.88,221.55,10.84,20.65,1.0000,-1,-1,-1
518,63,389.28,391.00,46.31,130.93,1.0000,-1,-1,-1
518,77,624.73,418.20,68.85,133.79,1.0000,-1,-1,-1
518,91,657.08,294.96,78.30,118.20,1.0000,-1,-1,-1
518,109,478.14,344.11,50.25,138.37,1.0000,-1,-1,-1
518,111,422.17,178.39,68.85,139.38,1.0000,-1,-1,-1
518,112,715.03,495.59,58.67,89.35,1.0000,-1,-1,-1
518,113,272.44,150.27,57.48,114.79,1.0000,-1,-1,-1
518,115,664.68,210.72,43.01,106.64,1.0000,-1,-1,-1
518,117,421.97,226.66,75.18,120.46,1.0000,-1,-1,-1
518,118,437.58,225.76,35.11,68.13,1.0000,-1,-1,-1
518,120,513.89,449.87,70.99,131.42,1.0000,-1,-1,-1
518,121,944.41,254.57,45.46,125.04,1.0000,-1,-1,-1
518,122,272.69,222.42,10.84,20.65,1.0000,-1,-1,-1
518,124,511.74,225.40,49.82,91.00,1.0000,-1,-1,-1
519,63,395.47,389.31,48.47,132.67,1.0000,-1,-1,-1
519,77,625.15,417.88,68.53,133.48,1.0000,-1,-1,-1
519,91,661.21,297.04,76.62,115.99,1.0000,-1,-1,-1
519,109,480.24,342.36,49.35,139.92,1.0000,-1,-1,-1
519,111,426.72,176.90,68.98,139.65,1.0000,-1,-1,-1
519,112,716.18,495.33,58.07,89.50,1.0000,-1,-1,-1
519,113,274.22,150.16,57.47,114.77,1.0000,-1,-1,-1
519,115,667.93,211.18,42.94,106.47,1.0000,-1,-1,-1
519,117,423.57,225.86,75.41,120.82,1.0000,-1,-1,-1
519,118,437.96,228.25,34.34,66.64,1.0000,-1,-1,-1
519,120,518.79,448.69,69.57,132.44,1.0000,-1,-1,-1
519,121,945.79,254.91,46.68,127.09,1.0000,-1,-1,-1
519,122,273.51,223.29,10.84,20.65,1.0000,-1,-1,-1
519,124,506.87,228.66,47.74,87.19,1.0000,-1,-1,-1
519,126,332.85,219.43,52.95,105.84,1.0000,-1,-1,-1
520,63,399.02,387.24,49.21,133.76,1.0000,-1,-1,-1
520,77,624.54,416.58,68.09,133.21,1.0000,-1,-1,-1
520,91,662.90,297.27,76.52,115.85,1.0000,-1,-1,-1
520,109,482.72,342.47,49.00,138.94,1.0000,-1,-1,-1
520,111,431.28,175.40,69.11,139.91,1.0000,-1,-1,-1
520,112,717.66,495.07,57.74,89.61,1.0000,-1,-1,-1
520,113,276.00,150.05,57.45,114.74,1.0000,-1,-1,-1
520,117,450.76,234.44,67.03,126.04,1.0000,-1,-1,-1
520,118,438.35,230.75,33.56,65.12,1.0000,-1,-1,-1
520,120,522.55,448.70,68.29,133.37,1.0000,-1,-1,-1
520,121,947.04,254.66,47.00,128.34,1.0000,-1,-1,-1
520,122,274.32,224.16,10.84,20.65,1.0000,-1,-1,-1
520,124,505.43,231.50,46.76,89.90,1.0000,-1,-1,-1
520,126,328.62,221.57,54.47,108.88,1.0000,-1,-1,-1
521,63,400.92,384.98,47.88,133.95,1.0000,-1,-1,-1
521,77,625.30,414.25,66.83,133.39,1.0000,-1,-1,-1
521,91,667.68,299.54,72.59,114.48,1.0000,-1,-1,-1
521,109,485.19,342.58,48.65,137.95,1.0000,-1,-1,-1
521,111,435.84,173.91,69.24,140.17,1.0000,-1,-1,-1
521,112,718.97,494.64,57.27,89.85,1.0000,-1,-1,-1
521,113,277.78,149.94,57.44,114.72,1.0000,-1,-1,-1
521,117,455.12,232.99,63.95,129.02,1.0000,-1,-1,-1
521,118,438.74,233.28,32.75,63.56,1.0000,-1,-1,-1
521,120,524.88,448.54,66.92,134.19,1.0000,-1,-1,-1
521,121,950.03,255.69,46.56,128.49,1.0000,-1,-1,-1
521,122,275.13,225.03,10.84,20.65,1.0000,-1,-1,-1
521,124,502.66,233.04,46.47,91.75,1.0000,-1,-1,-1
521,126,324.42,223.76,55.95,111.83,1.0000,-1,-1,-1
522,63,403.86,384.12,46.76,133.13,1.0000,-1,-1,-1
522,77,626.59,417.40,65.56,131.28,1.0000,-1,-1,-1
522,91,672.84,303.77,68.83,110.53,1.0000,-1,-1,-1
522,109,487.66,342.69,48.30,136.95,1.0000,-1,-1,-1
522,111,440.40,172.41,69.37,140.43,1.0000,-1,-1,-1
522,112,719.78,494.11,56.83,90.24,1.0000,-1,-1,-1
522,113,279.57,149.84,57.43,114.69,1.0000,-1,-1,-1
522,117,458.07,232.03,62.07,129.74,1.0000,-1,-1,-1
522,118,439.15,235.82,31.93,61.96,1.0000,-1,-1,-1
522,120,526.70,448.40,65.71,134.64,1.0000,-1,-1,-1
522,121,951.97,256.31,46.24,127.51,1.0000,-1,-1,-1
522,122,275.94,225.90,10.84,20.65,1.0000,-1,-1,-1
522,124,502.10,234.45,45.75,92.33,1.0000,-1,-1,-1
522,126,320.23,225.98,57.39,114.71,1.0000,-1,-1,-1
523,63,409.27,378.95,45.33,130.77,1.0000,-1,-1,-1
523,77,625.42,417.72,65.52,131.20,1.0000,-1,-1,-1
523,91,674.80,304.35,68.68,110.28,1.0000,-1,-1,-1
523,109,490.14,342.80,47.95,135.95,1.0000,-1,-1,-1
523,111,444.95,170.92,69.49,140.69,1.0000,-1,-1,-1
523,112,721.18,493.74,56.14,90.61,1.0000,-1,-1,-1
523,113,281.35,149.73,57.41,114.67,1.0000,-1,-1,-1
523,117,460.91,231.93,62.18,129.98,1.0000,-1,-1,-1
523,118,439.57,238.38,31.08,60.31,1.0000,-1,-1,-1
523,120,530.07,447.81,65.11,135.34,1.0000,-1,-1,-1
523,121,955.18,257.09,46.54,127.25,1.0000,-1,-1,-1
523,124,501.48,234.25,46.05,93.95,1.0000,-1,-1,-1
523,126,316.06,228.23,58.80,117.52,1.0000,-1,-1,-1
524,63,412.18,374.93,46.04,127.87,1.0000,-1,-1,-1
524,77,624.24,418.04,65.48,131.12,1.0000,-1,-1,-1
524,91,676.77,304.93,68.52,110.03,1.0000,-1,-1,-1
524,109,492.62,342.92,47.59,134.94,1.0000,-1,-1,-1
524,111,449.51,169.43,69.62,140.95,1.0000,-1,-1,-1
524,112,722.05,493.14,55.68,91.03,1.0000,-1,-1,-1
524,113,283.13,149.62,57.40,114.64,1.0000,-1,-1,-1
524,117,465.40,234.24,61.54,128.26,1.0000,-1,-1,-1
524,118,440.00,240.97,30.21,58.62,1.0000,-1,-1,-1
524,120,532.07,447.20,64.52,136.11,1.0000,-1,-1,-1
524,121,956.81,258.34,46.90,127.86,1.0000,-1,-1,-1
524,124,502.38,233.27,46.02,94.78,1.0000,-1,-1,-1
524,126,311.91,230.52,60.17,120.27,1.0000,-1,-1,-1
525,63,415.94,372.94,45.89,127.47,1.0000,-1,-1,-1
525,77,623.07,418.35,65.44,131.04,1.0000,-1,-1,-1
525,91,678.73,305.52,68.36,109.78,1.0000,-1,-1,-1
525,109,495.09,343.05,47.23,133.92,1.0000,-1,-1,-1
525,111,454.07,167.93,69.75,141.21,1.0000,-1,-1,-1
525,112,722.23,492.12,55.62,91.54,1.0000,-1,-1,-1
525,113,284.91,149.51,57.39,114.62,1.0000,-1,-1,-1
525,117,468.46,231.61,60.10,127.95,1.0000,-1,-1,-1
525,118,440.44,243.58,29.31,56.88,1.0000,-1,-1,-1
525,120,533.62,447.12,64.13,136.55,1.0000,-1,-1,-1
525,121,957.98,259.76,46.78,127.15,1.0000,-1,-1,-1
525,124,503.92,232.36,46.33,95.73,1.0000,-1,-1,-1
525,126,331.10,240.52,47.56,99.41,1.0000,-1,-1,-1
526,63,419.71,370.95,45.75,127.07,1.0000,-1,-1,-1
526,77,621.90,418.67,65.40,130.96,1.0000,-1,-1,-1
526,91,680.70,306.10,68.21,109.52,1.0000,-1,-1,-1
526,109,497.57,343.17,46.87,132.89,1.0000,-1,-1,-1
526,111,458.63,166.44,69.88,141.46,1.0000,-1,-1,-1
526,112,722.85,491.29,55.26,92.15,1.0000,-1,-1,-1
526,113,286.69,149.41,57.38,114.59,1.0000,-1,-1,-1
526,117,470.26,229.36,60.44,129.82,1.0000,-1,-1,-1
526,118,440.90,246.22,28.39,55.09,1.0000,-1,-1,-1
526,120,534.68,447.04,63.63,136.81,1.0000,-1,-1,-1
526,121,958.84,261.13,46.59,125.62,1.0000,-1,-1,-1
526,124,505.07,231.59,47.08,96.66,1.0000,-1,-1,-1
526,126,328.85,242.45,48.16,102.09,1.0000,-1,-1,-1
527,63,418.17,376.18,55.94,116.73,1.0000,-1,-1,-1
527,77,620.73,418.99,65.36,130.88,1.0000,-1,-1,-1
527,91,682.66,306.68,68.05,109.27,1.0000,-1,-1,-1
527,109,500.05,343.31,46.50,131.85,1.0000,-1,-1,-1
527,111,463.19,164.95,70.00,141.72,1.0000,-1,-1,-1
527,112,723.14,490.77,55.00,92.64,1.0000,-1,-1,-1
527,113,288.47,149.30,57.36,114.57,1.0000,-1,-1,-1
527,117,473.07,229.04,60.53,130.02,1.0000,-1,-1,-1
527,120,535.79,446.24,62.88,136.67,1.0000,-1,-1,-1
527,121,960.90,262.45,46.60,125.66,1.0000,-1,-1,-1
527,124,502.80,233.63,46.16,94.76,1.0000,-1,-1,-1
527,126,327.07,245.47,48.34,102.48,1.0000,-1,-1,-1
528,63,419.95,380.69,64.20,109.95,1.0000,-1,-1,-1
528,77,619.56,419.31,65.32,130.80,1.0000,-1,-1,-1
528,91,684.63,307.27,67.89,109.02,1.0000,-1,-1,-1
528,109,502.54,343.44,46.13,130.81,1.0000,-1,-1,-1
528,111,467.75,163.45,70.13,141.98,1.0000,-1,-1,-1
528,112,723.67,490.32,54.59,93.06,1.0000,-1,-1,-1
528,113,290.26,149.19,57.35,114.54,1.0000,-1,-1,-1
528,117,475.89,228.72,60.62,130.21,1.0000,-1,-1,-1
528,120,536.74,445.21,62.80,136.47,1.0000,-1,-1,-1
528,121,962.96,263.77,46.61,125.70,1.0000,-1,-1,-1
528,124,514.74,232.96,41.86,94.73,1.0000,-1,-1,-1
528,126,325.28,248.49,48.52,102.86,1.0000,-1,-1,-1
529,63,423.88,379.05,64.10,109.76,1.0000,-1,-1,-1
529,77,618.39,419.62,65.28,130.72,1.0000,-1,-1,-1
529,91,686.60,307.85,67.73,108.76,1.0000,-1,-1,-1
529,109,505.02,343.58,45.76,129.76,1.0000,-1,-1,-1
529,111,472.30,161.96,70.26,142.24,1.0000,-1,-1,-1
529,112,724.43,489.51,54.09,93.56,1.0000,-1,-1,-1
529,113,292.04,149.08,57.34,114.52,1.0000,-1,-1,-1
529,117,478.71,228.39,60.71,130.41,1.0000,-1,-1,-1
529,120,536.66,444.60,63.14,136.76,1.0000,-1,-1,-1
529,121,965.03,265.09,46.63,125.73,1.0000,-1,-1,-1
529,124,518.60,232.09,39.95,95.04,1.0000,-1,-1,-1
529,126,327.31,250.03,46.72,104.46,1.0000,-1,-1,-1
530,63,427.81,377.42,63.99,109.57,1.0000,-1,-1,-1
530,77,617.22,419.94,65.24,130.64,1.0000,-1,-1,-1
530,91,688.56,308.44,67.57,108.51,1.0000,-1,-1,-1
530,109,507.51,343.72,45.39,128.70,1.0000,-1,-1,-1
530,111,476.86,160.47,70.38,142.49,1.0000,-1,-1,-1
530,112,725.12,489.08,53.57,93.97,1.0000,-1,-1,-1
530,113,293.82,148.97,57.33,114.49,1.0000,-1,-1,-1
530,117,481.53,228.07,60.80,130.61,1.0000,-1,-1,-1
530,120,536.59,443.71,63.96,137.25,1.0000,-1,-1,-1
530,121,967.09,266.40,46.64,125.77,1.0000,-1,-1,-1
530,124,520.52,230.98,39.16,95.67,1.0000,-1,-1,-1
530,126,327.80,254.62,45.75,103.05,1.0000,-1,-1,-1
531,63,431.74,375.78,63.88,109.39,1.0000,-1,-1,-1
531,77,636.20,411.84,59.40,126.53,1.0000,-1,-1,-1
531,91,690.53,309.02,67.41,108.25,1.0000,-1,-1,-1
531,109,509.99,343.87,45.01,127.63,1.0000,-1,-1,-1
531,111,481.42,158.98,70.51,142.75,1.0000,-1,-1,-1
531,112,725.65,488.95,53.18,94.33,1.0000,-1,-1,-1
531,113,295.60,148.87,57.31,114.47,1.0000,-1,-1,-1
531,117,484.35,227.75,60.90,130.80,1.0000,-1,-1,-1
531,120,536.61,442.28,64.79,138.00,1.0000,-1,-1,-1
531,121,969.15,267.72,46.65,125.80,1.0000,-1,-1,-1
531,124,516.81,229.80,41.97,98.01,1.0000,-1,-1,-1
531,126,327.22,258.19,45.65,101.77,1.0000,-1,-1,-1
532,63,435.67,374.14,63.77,109.20,1.0000,-1,-1,-1
532,77,638.20,411.44,57.21,125.03,1.0000,-1,-1,-1
532,91,692.49,309.61,67.25,107.99,1.0000,-1,-1,-1
532,109,512.48,344.03,44.63,126.55,1.0000,-1,-1,-1
532,111,485.98,157.48,70.64,143.00,1.0000,-1,-1,-1
532,112,726.08,488.73,52.90,94.65,1.0000,-1,-1,-1
532,113,297.38,148.76,57.30,114.44,1.0000,-1,-1,-1
532,117,487.16,227.43,60.99,131.00,1.0000,-1,-1,-1
532,120,536.64,441.63,65.65,138.36,1.0000,-1,-1,-1
532,121,971.21,269.04,46.67,125.84,1.0000,-1,-1,-1
532,124,516.16,231.29,41.18,96.15,1.0000,-1,-1,-1
532,126,327.21,260.98,45.18,100.06,1.0000,-1,-1,-1
533,63,439.60,372.51,63.66,109.01,1.0000,-1,-1,-1
533,77,639.14,412.87,56.09,123.09,1.0000,-1,-1,-1
533,91,694.46,310.20,67.09,107.74,1.0000,-1,-1,-1
533,109,514.97,344.18,44.25,125.46,1.0000,-1,-1,-1
533,111,490.54,155.99,70.76,143.26,1.0000,-1,-1,-1
533,112,726.51,488.52,52.56,94.99,1.0000,-1,-1,-1
533,113,299.17,148.65,57.29,114.41,1.0000,-1,-1,-1
533,117,489.98,227.11,61.08,131.19,1.0000,-1,-1,-1
533,120,536.87,440.42,66.54,138.79,1.0000,-1,-1,-1
533,121,973.28,270.36,46.68,125.88,1.0000,-1,-1,-1
533,124,515.52,232.81,40.36,94.25,1.0000,-1,-1,-1
533,126,327.23,262.94,45.03,98.57,1.0000,-1,-1,-1
534,63,443.53,370.87,63.55,108.83,1.0000,-1,-1,-1
534,77,639.61,409.17,55.36,124.24,1.0000,-1,-1,-1
534,91,696.43,310.78,66.93,107.48,1.0000,-1,-1,-1
534,109,517.47,344.35,43.86,124.36,1.0000,-1,-1,-1
534,111,495.10,154.50,70.89,143.51,1.0000,-1,-1,-1
534,112,726.07,488.01,52.94,95.46,1.0000,-1,-1,-1
534,113,300.95,148.54,57.28,114.39,1.0000,-1,-1,-1
534,117,492.80,226.79,61.17,131.39,1.0000,-1,-1,-1
534,120,537.83,439.81,67.23,138.93,1.0000,-1,-1,-1
534,121,975.34,271.67,46.69,125.91,1.0000,-1,-1,-1
534,124,514.89,234.34,39.53,92.31,1.0000,-1,-1,-1
534,126,327.81,268.69,46.26,101.70,1.0000,-1,-1,-1
535,63,447.46,369.23,63.44,108.64,1.0000,-1,-1,-1
535,77,640.10,406.27,54.44,125.57,1.0000,-1,-1,-1
535,91,698.39,311.37,66.77,107.22,1.0000,-1,-1,-1
535,109,519.96,344.51,43.47,123.26,1.0000,-1,-1,-1
535,111,499.66,153.01,71.01,143.77,1.0000,-1,-1,-1
535,112,725.83,487.48,52.94,95.96,1.0000,-1,-1,-1
535,113,302.73,148.44,57.26,114.36,1.0000,-1,-1,-1
535,117,495.62,226.47,61.26,131.58,1.0000,-1,-1,-1
535,120,538.17,439.29,67.85,139.02,1.0000,-1,-1,-1
535,121,977.40,272.99,46.71,125.95,1.0000,-1,-1,-1
535,124,514.26,235.89,38.69,90.34,1.0000,-1,-1,-1
535,126,328.03,272.77,47.21,104.85,1.0000,-1,-1,-1
536,63,451.40,367.60,63.33,108.45,1.0000,-1,-1,-1
536,77,640.12,408.63,54.08,123.90,1.0000,-1,-1,-1
536,91,700.36,311.96,66.61,106.96,1.0000,-1,-1,-1
536,109,522.45,344.69,43.08,122.14,1.0000,-1,-1,-1
536,111,504.22,151.52,71.14,144.02,1.0000,-1,-1,-1
536,112,725.78,487.12,53.06,96.44,1.0000,-1,-1,-1
536,113,304.51,148.33,57.25,114.34,1.0000,-1,-1,-1
536,117,498.44,226.15,61.35,131.78,1.0000,-1,-1,-1
536,120,538.56,439.74,68.31,138.20,1.0000,-1,-1,-1
536,121,979.46,274.31,46.72,125.99,1.0000,-1,-1,-1
536,124,513.65,237.47,37.82,88.31,1.0000,-1,-1,-1
536,126,328.78,276.59,47.40,106.35,1.0000,-1,-1,-1
537,63,455.33,365.96,63.22,108.26,1.0000,-1,-1,-1
537,77,639.67,407.28,53.90,124.27,1.0000,-1,-1,-1
537,91,702.33,312.54,66.45,106.70,1.0000,-1,-1,-1
537,109,524.95,344.86,42.68,121.01,1.0000,-1,-1,-1
537,111,508.78,150.03,71.27,144.27,1.0000,-1,-1,-1
537,112,725.52,486.76,53.20,96.92,1.0000,-1,-1,-1
537,113,306.29,148.22,57.24,114.31,1.0000,-1,-1,-1
537,117,501.25,225.82,61.44,131.97,1.0000,-1,-1,-1
537,120,539.30,440.31,68.25,137.41,1.0000,-1,-1,-1
537,121,981.53,275.63,46.73,126.02,1.0000,-1,-1,-1
537,124,513.05,239.07,36.93,86.24,1.0000,-1,-1,-1
537,126,329.07,279.56,47.90,108.85,1.0000,-1,-1,-1
537,127,666.43,319.50,64.24,126.31,1.0000,-1,-1,-1
538,63,459.26,364.33,63.11,108.07,1.0000,-1,-1,-1
538,77,639.87,406.41,53.48,124.44,1.0000,-1,-1,-1
538,91,704.30,313.13,66.29,106.44,1.0000,-1,-1,-1
538,109,527.45,345.05,42.28,119.87,1.0000,-1,-1,-1
538,112,725.37,486.49,53.31,97.34,1.0000,-1,-1,-1
538,113,308.07,148.11,57.23,114.29,1.0000,-1,-1,-1
538,117,504.07,225.50,61.53,132.16,1.0000,-1,-1,-1
538,120,539.28,440.09,68.30,137.02,1.0000,-1,-1,-1
538,121,975.33,276.57,41.90,123.80,1.0000,-1,-1,-1
538,124,512.46,240.69,36.03,84.12,1.0000,-1,-1,-1
538,126,329.60,282.88,47.30,109.64,1.0000,-1,-1,-1
538,127,665.47,321.71,63.71,122.69,1.0000,-1,-1,-1
538,130,194.24,658.99,49.32,60.51,1.0000,-1,-1,-1
539,63,463.19,362.69,63.00,107.88,1.0000,-1,-1,-1
539,77,640.32,407.35,53.18,124.35,1.0000,-1,-1,-1
539,91,706.26,313.72,66.12,106.18,1.0000,-1,-1,-1
539,109,529.95,345.23,41.87,118.72,1.0000,-1,-1,-1
539,112,725.47,486.33,53.37,97.70,1.0000,-1,-1,-1
539,113,309.86,148.01,57.21,114.26,1.0000,-1,-1,-1
539,117,506.89,225.18,61.62,132.36,1.0000,-1,-1,-1
539,120,539.38,439.03,68.08,137.58,1.0000,-1,-1,-1
539,121,976.80,277.89,41.85,123.67,1.0000,-1,-1,-1
539,124,511.87,242.35,35.09,81.95,1.0000,-1,-1,-1
539,126,331.11,286.36,46.52,108.48,1.0000,-1,-1,-1
539,127,667.63,323.43,63.40,122.10,1.0000,-1,-1,-1
539,130,194.99,658.61,49.59,61.05,1.0000,-1,-1,-1
540,63,467.12,361.06,62.89,107.69,1.0000,-1,-1,-1
540,77,640.75,408.34,52.58,124.32,1.0000,-1,-1,-1
540,91,708.23,314.31,65.96,105.92,1.0000,-1,-1,-1
540,109,532.46,345.43,41.46,117.56,1.0000,-1,-1,-1
540,112,725.76,486.35,53.25,97.95,1.0000,-1,-1,-1
540,113,311.64,147.90,57.20,114.24,1.0000,-1,-1,-1
540,117,509.71,224.86,61.71,132.55,1.0000,-1,-1,-1
540,120,538.90,440.57,68.23,136.87,1.0000,-1,-1,-1
540,121,978.27,279.20,41.81,123.54,1.0000,-1,-1,-1
540,124,511.31,244.03,34.14,79.71,1.0000,-1,-1,-1
540,126,332.94,289.08,45.42,107.74,1.0000,-1,-1,-1
540,127,669.56,323.20,60.97,119.37,1.0000,-1,-1,-1
540,130,195.21,658.43,49.78,61.37,1.0000,-1,-1,-1
541,63,471.06,359.42,62.78,107.50,1.0000,-1,-1,-1
541,77,640.82,407.08,52.35,125.30,1.0000,-1,-1,-1
541,91,710.20,314.90,65.80,105.65,1.0000,-1,-1,-1
541,109,534.96,345.63,41.05,116.39,1.0000,-1,-1,-1
541,112,726.76,486.38,52.59,98.14,1.0000,-1,-1,-1
541,113,313.42,147.79,57.19,114.21,1.0000,-1,-1,-1
541,117,512.53,224.54,61.80,132.74,1.0000,-1,-1,-1
541,120,538.68,442.35,67.37,136.05,1.0000,-1,-1,-1
541,121,979.73,280.51,41.77,123.41,1.0000,-1,-1,-1
541,124,510.75,245.74,33.15,77.41,1.0000,-1,-1,-1
541,126,334.64,290.60,44.32,106.29,1.0000,-1,-1,-1
541,127,670.81,323.43,59.49,118.06,1.0000,-1,-1,-1
541,130,195.21,658.36,49.94,61.56,1.0000,-1,-1,-1
542,63,474.99,357.79,62.67,107.31,1.0000,-1,-1,-1
542,77,640.89,406.81,52.24,125.04,1.0000,-1,-1,-1
542,91,712.17,315.48,65.63,105.39,1.0000,-1,-1,-1
542,109,537.47,345.83,40.63,115.21,1.0000,-1,-1,-1
542,112,727.46,486.31,51.98,98.33,1.0000,-1,-1,-1
542,113,315.20,147.68,57.17,114.19,1.0000,-1,-1,-1
542,117,515.35,224.22,61.89,132.94,1.0000,-1,-1,-1
542,120,537.71,442.08,66.60,135.98,1.0000,-1,-1,-1
542,121,978.26,284.89,40.03,119.75,1.0000,-1,-1,-1
542,124,510.21,247.49,32.14,75.04,1.0000,-1,-1,-1
542,126,336.05,293.28,43.44,105.45,1.0000,-1,-1,-1
542,127,670.12,323.55,59.07,117.03,1.0000,-1,-1,-1
542,130,196.12,658.03,50.14,61.81,1.0000,-1,-1,-1
542,132,499.26,191.56,37.37,117.41,1.0000,-1,-1,-1
543,63,478.92,356.15,62.55,107.12,1.0000,-1,-1,-1
543,77,640.96,406.54,52.14,124.78,1.0000,-1,-1,-1
543,91,714.14,316.07,65.47,105.13,1.0000,-1,-1,-1
543,109,539.98,346.04,40.21,114.01,1.0000,-1,-1,-1
543,112,727.92,486.10,51.47,98.48,1.0000,-1,-1,-1
543,113,316.98,147.58,57.16,114.16,1.0000,-1,-1,-1
543,117,518.17,223.90,61.98,133.13,1.0000,-1,-1,-1
543,120,537.75,442.31,65.80,136.07,1.0000,-1,-1,-1
543,121,978.77,287.13,39.69,119.67,1.0000,-1,-1,-1
543,124,509.69,249.28,31.09,72.59,1.0000,-1,-1,-1
543,126,337.22,297.23,43.35,108.24,1.0000,-1,-1,-1
543,127,671.83,324.84,58.58,116.06,1.0000,-1,-1,-1
543,130,197.02,657.70,50.34,62.06,1.0000,-1,-1,-1
543,132,500.85,190.19,38.26,119.22,1.0000,-1,-1,-1
544,63,482.85,354.52,62.44,106.93,1.0000,-1,-1,-1
544,77,639.28,406.23,52.28,126.07,1.0000,-1,-1,-1
544,91,716.10,316.66,65.30,104.86,1.0000,-1,-1,-1
544,109,542.49,346.26,39.78,112.80,1.0000,-1,-1,-1
544,112,728.54,486.06,50.95,98.52,1.0000,-1,-1,-1
544,113,318.77,147.47,57.15,114.14,1.0000,-1,-1,-1
544,117,545.60,229.17,48.18,117.38,1.0000,-1,-1,-1
544,120,537.97,442.68,64.98,136.08,1.0000,-1,-1,-1
544,121,979.89,288.67,39.61,119.44,1.0000,-1,-1,-1
544,124,509.19,251.11,30.00,70.06,1.0000,-1,-1,-1
544,126,339.69,301.70,44.63,111.24,1.0000,-1,-1,-1
544,127,673.53,326.14,58.08,115.08,1.0000,-1,-1,-1
544,130,197.93,657.37,50.53,62.30,1.0000,-1,-1,-1
544,132,501.77,189.69,39.03,120.89,1.0000,-1,-1,-1
545,63,486.79,352.88,62.33,106.74,1.0000,-1,-1,-1
545,77,639.21,406.02,52.18,125.83,1.0000,-1,-1,-1
545,91,718.07,317.25,65.14,104.60,1.0000,-1,-1,-1
545,109,545.00,346.49,39.35,111.58,1.0000,-1,-1,-1
545,112,729.11,485.97,50.38,98.60,1.0000,-1,-1,-1
545,113,320.55,147.36,57.14,114.11,1.0000,-1,-1,-1
545,117,549.35,228.91,48.12,117.22,1.0000,-1,-1,-1
545,120,535.74,443.00,65.88,136.00,1.0000,-1,-1,-1
545,121,981.01,290.20,39.54,119.21,1.0000,-1,-1,-1
545,124,508.70,252.99,28.88,67.43,1.0000,-1,-1,-1
545,126,341.01,306.13,45.88,114.33,1.0000,-1,-1,-1
545,127,675.24,327.45,57.58,114.09,1.0000,-1,-1,-1
545,130,198.84,657.05,50.73,62.54,1.0000,-1,-1,-1
545,132,502.20,188.67,39.37,121.50,1.0000,-1,-1,-1
546,63,490.72,351.25,62.22,106.55,1.0000,-1,-1,-1
546,77,639.14,405.81,52.08,125.58,1.0000,-1,-1,-1
546,91,720.04,317.84,64.97,104.33,1.0000,-1,-1,-1
546,109,547.52,346.72,38.92,110.35,1.0000,-1,-1,-1
546,112,729.37,485.82,50.00,98.75,1.0000,-1,-1,-1
546,117,553.10,228.65,48.05,117.06,1.0000,-1,-1,-1
546,120,530.36,443.17,69.16,136.16,1.0000,-1,-1,-1
546,121,982.13,291.74,39.46,118.99,1.0000,-1,-1,-1
546,124,508.24,254.93,27.71,64.70,1.0000,-1,-1,-1
546,126,342.57,310.58,47.13,116.80,1.0000,-1,-1,-1
546,127,676.95,328.75,57.08,113.09,1.0000,-1,-1,-1
546,130,199.75,656.72,50.93,62.79,1.0000,-1,-1,-1
546,132,502.66,187.77,38.71,119.05,1.0000,-1,-1,-1
547,63,494.65,349.61,62.11,106.36,1.0000,-1,-1,-1
547,77,639.07,405.59,51.98,125.34,1.0000,-1,-1,-1
547,91,722.01,318.43,64.81,104.07,1.0000,-1,-1,-1
547,109,536.20,318.42,64.27,113.24,1.0000,-1,-1,-1
547,112,729.57,485.71,49.73,98.90,1.0000,-1,-1,-1
547,117,556.84,228.39,47.99,116.90,1.0000,-1,-1,-1
547,120,529.29,443.01,70.58,136.33,1.0000,-1,-1,-1
547,121,983.25,293.28,39.38,118.76,1.0000,-1,-1,-1
547,124,507.81,256.92,26.48,61.84,1.0000,-1,-1,-1
547,126,344.26,313.29,48.02,118.69,1.0000,-1,-1,-1
547,127,678.67,330.07,56.57,112.09,1.0000,-1,-1,-1
547,130,200.66,656.39,51.13,63.03,1.0000,-1,-1,-1
547,132,503.41,187.49,38.65,116.65,1.0000,-1,-1,-1
548,63,498.58,347.98,62.00,106.16,1.0000,-1,-1,-1
548,77,639.00,405.38,51.87,125.09,1.0000,-1,-1,-1
548,91,723.98,319.02,64.64,103.80,1.0000,-1,-1,-1
548,109,538.60,317.30,63.99,112.75,1.0000,-1,-1,-1
548,112,729.32,485.92,49.70,99.34,1.0000,-1,-1,-1
548,117,560.59,228.13,47.92,116.74,1.0000,-1,-1,-1
548,120,526.96,442.41,72.60,136.99,1.0000,-1,-1,-1
548,121,984.37,294.81,39.31,118.53,1.0000,-1,-1,-1
548,124,507.40,258.98,25.20,58.85,1.0000,-1,-1,-1
548,126,346.67,316.83,48.53,117.95,1.0000,-1,-1,-1
548,127,680.38,331.38,56.06,111.07,1.0000,-1,-1,-1
548,130,201.57,656.07,51.32,63.27,1.0000,-1,-1,-1
548,132,504.26,186.05,39.55,116.48,1.0000,-1,-1,-1
549,63,502.52,346.34,61.88,105.97,1.0000,-1,-1,-1
549,77,639.08,418.47,46.81,122.71,1.0000,-1,-1,-1
549,91,725.95,319.62,64.47,103.53,1.0000,-1,-1,-1
549,109,541.00,316.19,63.71,112.25,1.0000,-1,-1,-1
549,112,728.86,487.11,50.00,103.63,1.0000,-1,-1,-1
549,117,564.34,227.87,47.86,116.59,1.0000,-1,-1,-1
549,120,534.32,441.28,69.49,137.48,1.0000,-1,-1,-1
549,121,985.49,296.35,39.23,118.30,1.0000,-1,-1,-1
549,124,507.03,261.12,23.85,55.69,1.0000,-1,-1,-1
549,126,351.10,319.93,48.19,115.88,1.0000,-1,-1,-1
549,127,682.10,332.70,55.54,110.04,1.0000,-1,-1,-1
549,130,202.48,655.74,51.52,63.51,1.0000,-1,-1,-1
549,132,504.34,183.96,40.46,115.94,1.0000,-1,-1,-1
550,63,506.45,344.71,61.77,105.78,1.0000,-1,-1,-1
550,77,638.85,419.23,46.67,122.36,1.0000,-1,-1,-1
550,91,727.92,320.21,64.31,103.26,1.0000,-1,-1,-1
550,109,543.41,315.07,63.43,111.76,1.0000,-1,-1,-1
550,112,728.49,487.67,50.30,108.18,1.0000,-1,-1,-1
550,117,568.09,227.61,47.79,116.43,1.0000,-1,-1,-1
550,120,536.35,440.99,67.58,137.86,1.0000,-1,-1,-1
550,121,986.61,297.89,39.16,118.07,1.0000,-1,-1,-1
550,124,506.70,263.36,22.42,52.35,1.0000,-1,-1,-1
550,126,354.19,322.74,49.12,115.11,1.0000,-1,-1,-1
550,127,683.82,334.03,55.02,109.01,1.0000,-1,-1,-1
550,130,203.39,655.41,51.71,63.75,1.0000,-1,-1,-1
550,132,503.78,181.83,40.89,115.66,1.0000,-1,-1,-1
551,63,510.38,343.08,61.66,105.59,1.0000,-1,-1,-1
551,77,638.61,419.99,46.54,122.02,1.0000,-1,-1,-1
551,91,729.89,320.80,64.14,102.99,1.0000,-1,-1,-1
551,109,545.81,313.96,63.14,111.26,1.0000,-1,-1,-1
551,112,727.99,487.09,50.64,111.92,1.0000,-1,-1,-1
551,117,571.83,227.35,47.73,116.27,1.0000,-1,-1,-1
551,120,537.74,440.40,66.34,138.57,1.0000,-1,-1,-1
551,121,987.73,299.43,39.08,117.84,1.0000,-1,-1,-1
551,124,506.42,265.71,20.89,48.77,1.0000,-1,-1,-1
551,126,355.94,324.74,48.87,118.28,1.0000,-1,-1,-1
551,127,685.54,335.36,54.49,107.96,1.0000,-1,-1,-1
551,130,204.30,655.09,51.91,63.99,1.0000,-1,-1,-1
551,132,504.48,180.37,40.98,115.93,1.0000,-1,-1,-1
552,63,514.32,341.44,61.54,105.39,1.0000,-1,-1,-1
552,77,638.38,420.76,46.41,121.66,1.0000,-1,-1,-1
552,91,731.86,321.39,63.97,102.72,1.0000,-1,-1,-1
552,109,548.22,312.85,62.86,110.76,1.0000,-1,-1,-1
552,112,727.23,486.83,51.06,113.61,1.0000,-1,-1,-1
552,117,575.58,227.09,47.66,116.11,1.0000,-1,-1,-1
552,120,536.20,439.49,67.03,139.02,1.0000,-1,-1,-1
552,121,988.85,300.97,39.00,117.60,1.0000,-1,-1,-1
552,124,506.20,268.20,19.24,44.92,1.0000,-1,-1,-1
552,126,357.75,327.24,48.32,121.88,1.0000,-1,-1,-1
552,127,687.26,336.70,53.96,106.91,1.0000,-1,-1,-1
552,130,205.21,654.76,52.10,64.23,1.0000,-1,-1,-1
552,132,505.18,178.92,41.07,116.19,1.0000,-1,-1,-1
553,63,518.25,339.81,61.43,105.20,1.0000,-1,-1,-1
553,77,638.15,421.52,46.27,121.31,1.0000,-1,-1,-1
553,109,550.62,311.74,62.57,110.26,1.0000,-1,-1,-1
553,112,726.78,486.30,51.36,114.79,1.0000,-1,-1,-1
553,117,579.33,226.83,47.60,115.95,1.0000,-1,-1,-1
553,120,533.77,439.00,69.01,139.03,1.0000,-1,-1,-1
553,121,989.97,302.50,38.93,117.37,1.0000,-1,-1,-1
553,124,506.06,270.88,17.43,40.70,1.0000,-1,-1,-1
553,126,359.56,330.83,47.77,125.14,1.0000,-1,-1,-1
553,127,688.99,338.04,53.42,105.84,1.0000,-1,-1,-1
553,130,206.13,654.44,52.29,64.46,1.0000,-1,-1,-1
553,132,508.14,176.14,40.64,113.11,1.0000,-1,-1,-1
554,63,522.18,338.18,61.32,105.00,1.0000,-1,-1,-1
554,77,637.92,422.29,46.14,120.96,1.0000,-1,-1,-1
554,109,553.03,310.63,62.29,109.75,1.0000,-1,-1,-1
554,112,726.23,485.54,51.73,115.51,1.0000,-1,-1,-1
554,117,583.07,226.57,47.53,115.79,1.0000,-1,-1,-1
554,120,536.72,438.74,68.92,138.71,1.0000,-1,-1,-1
554,121,991.09,304.04,38.85,117.14,1.0000,-1,-1,-1
554,124,506.02,273.80,15.41,35.98,1.0000,-1,-1,-1
554,126,362.51,336.17,47.18,126.23,1.0000,-1,-1,-1
554,127,690.72,339.39,52.87,104.77,1.0000,-1,-1,-1
554,130,207.04,654.12,52.48,64.70,1.0000,-1,-1,-1
554,132,509.10,174.48,40.65,113.15,1.0000,-1,-1,-1
555,63,526.12,336.54,61.20,104.81,1.0000,-1,-1,-1
555,77,637.69,423.05,46.00,120.61,1.0000,-1,-1,-1
555,109,555.44,309.52,62.00,109.24,1.0000,-1,-1,-1
555,112,725.75,484.92,52.10,116.03,1.0000,-1,-1,-1
555,117,586.82,226.32,47.47,115.63,1.0000,-1,-1,-1
555,120,539.37,438.82,68.21,138.43,1.0000,-1,-1,-1
555,121,992.21,305.58,38.77,116.91,1.0000,-1,-1,-1
555,124,506.14,277.08,13.08,30.55,1.0000,-1,-1,-1
555,126,367.79,338.45,49.46,127.00,1.0000,-1,-1,-1
555,127,692.46,340.74,52.33,103.68,1.0000,-1,-1,-1
555,130,207.95,653.79,52.67,64.94,1.0000,-1,-1,-1
555,132,510.05,172.82,40.67,113.19,1.0000,-1,-1,-1
556,63,530.05,334.91,61.09,104.61,1.0000,-1,-1,-1
556,77,637.46,423.82,45.87,120.25,1.0000,-1,-1,-1
556,109,557.85,308.41,61.71,108.73,1.0000,-1,-1,-1
556,112,725.64,484.40,52.31,116.33,1.0000,-1,-1,-1
556,117,590.57,226.06,47.40,115.47,1.0000,-1,-1,-1
556,120,541.89,438.79,68.05,138.21,1.0000,-1,-1,-1
556,121,993.33,307.12,38.69,116.67,1.0000,-1,-1,-1
556,124,506.51,280.96,10.24,23.92,1.0000,-1,-1,-1
556,126,367.43,339.29,47.09,127.27,1.0000,-1,-1,-1
556,127,694.19,342.10,51.77,102.58,1.0000,-1,-1,-1
556,130,208.86,653.47,52.86,65.17,1.0000,-1,-1,-1
556,132,511.00,171.17,40.68,113.23,1.0000,-1,-1,-1
556,133,464.74,311.66,45.29,103.84,1.0000,-1,-1,-1
557,63,533.98,333.28,60.98,104.42,1.0000,-1,-1,-1
557,77,637.22,424.59,45.73,119.90,1.0000,-1,-1,-1
557,109,560.26,307.30,61.42,108.22,1.0000,-1,-1,-1
557,112,725.47,484.09,52.49,116.48,1.0000,-1,-1,-1
557,117,594.32,225.80,47.33,115.31,1.0000,-1,-1,-1
557,120,543.50,438.40,68.51,138.16,1.0000,-1,-1,-1
557,121,994.45,308.66,38.62,116.44,1.0000,-1,-1,-1
557,124,507.48,286.23,6.22,14.52,1.0000,-1,-1,-1
557,126,369.08,340.74,44.48,126.46,1.0000,-1,-1,-1
557,127,695.93,343.46,51.21,101.47,1.0000,-1,-1,-1
557,130,209.78,653.15,53.05,65.40,1.0000,-1,-1,-1
557,132,511.96,169.51,40.69,113.27,1.0000,-1,-1,-1
557,133,466.82,315.25,44.81,102.73,1.0000,-1,-1,-1
558,63,537.92,331.65,60.86,104.22,1.0000,-1,-1,-1
558,77,636.99,425.35,45.59,119.54,1.0000,-1,-1,-1
558,109,562.67,306.20,61.13,107.71,1.0000,-1,-1,-1
558,112,725.21,483.67,52.69,116.57,1.0000,-1,-1,-1
558,117,598.06,225.54,47.27,115.15,1.0000,-1,-1,-1
558,120,544.37,438.31,68.94,138.35,1.0000,-1,-1,-1
558,121,995.57,310.20,38.54,116.21,1.0000,-1,-1,-1
558,124,506.43,286.79,6.22,14.52,1.0000,-1,-1,-1
558,126,371.30,341.57,42.77,125.67,1.0000,-1,-1,-1
558,127,697.67,344.83,50.64,100.34,1.0000,-1,-1,-1
558,130,210.69,652.83,53.24,65.64,1.0000,-1,-1,-1
558,132,512.91,167.85,40.71,113.31,1.0000,-1,-1,-1
558,133,468.91,318.84,44.32,101.61,1.0000,-1,-1,-1
559,77,626.73,420.39,53.85,119.72,1.0000,-1,-1,-1
559,109,565.08,305.09,60.83,107.19,1.0000,-1,-1,-1
559,112,724.91,483.46,52.79,116.80,1.0000,-1,-1,-1
559,117,587.62,228.27,45.34,108.25,1.0000,-1,-1,-1
559,120,544.20,438.10,69.79,138.18,1.0000,-1,-1,-1
559,121,996.69,311.74,38.46,115.97,1.0000,-1,-1,-1
559,124,505.38,287.36,6.22,14.52,1.0000,-1,-1,-1
559,126,373.37,346.17,42.68,125.58,1.0000,-1,-1,-1
559,127,699.42,346.21,50.07,99.21,1.0000,-1,-1,-1
559,130,211.60,652.50,53.43,65.87,1.0000,-1,-1,-1
559,132,513.86,166.19,40.72,113.35,1.0000,-1,-1,-1
559,133,470.99,322.44,43.82,100.47,1.0000,-1,-1,-1
560,77,625.13,421.11,56.19,118.73,1.0000,-1,-1,-1
560,109,567.49,303.99,60.54,106.67,1.0000,-1,-1,-1
560,112,724.45,483.41,53.02,117.04,1.0000,-1,-1,-1
560,117,588.80,229.26,47.05,107.26,1.0000,-1,-1,-1
560,120,544.06,438.24,70.12,137.98,1.0000,-1,-1,-1
560,121,997.81,313.28,38.38,115.74,1.0000,-1,-1,-1
560,124,504.34,287.92,6.22,14.52,1.0000,-1,-1,-1
560,126,375.41,349.99,43.65,127.20,1.0000,-1,-1,-1
560,127,701.17,347.59,49.49,98.06,1.0000,-1,-1,-1
560,130,212.52,652.18,53.62,66.10,1.0000,-1,-1,-1
560,132,514.82,164.53,40.74,113.39,1.0000,-1,-1,-1
560,133,473.09,326.04,43.32,99.33,1.0000,-1,-1,-1
561,77,624.85,419.59,56.96,119.18,1.0000,-1,-1,-1
561,109,569.90,302.89,60.24,106.15,1.0000,-1,-1,-1
561,112,724.02,483.82,53.21,117.28,1.0000,-1,-1,-1
561,117,591.68,229.07,46.96,107.05,1.0000,-1,-1,-1
561,120,543.93,438.49,69.97,137.77,1.0000,-1,-1,-1
561,121,998.93,314.82,38.30,115.50,1.0000,-1,-1,-1
561,124,503.29,288.49,6.22,14.52,1.0000,-1,-1,-1
561,126,377.85,353.31,44.43,128.13,1.0000,-1,-1,-1
561,127,702.92,348.98,48.90,96.90,1.0000,-1,-1,-1
561,130,213.43,651.86,53.80,66.33,1.0000,-1,-1,-1
561,132,515.77,162.87,40.75,113.43,1.0000,-1,-1,-1
561,133,475.18,329.65,42.81,98.16,1.0000,-1,-1,-1
561,134,661.12,312.40,45.01,121.71,1.0000,-1,-1,-1
562,77,624.46,420.32,57.36,118.64,1.0000,-1,-1,-1
562,109,572.31,301.79,59.94,105.62,1.0000,-1,-1,-1
562,112,723.64,484.58,53.14,117.67,1.0000,-1,-1,-1
562,117,594.57,228.88,46.86,106.84,1.0000,-1,-1,-1
562,120,543.99,438.26,69.21,137.86,1.0000,-1,-1,-1
562,121,1000.05,316.36,38.23,115.26,1.0000,-1,-1,-1
562,126,378.92,358.33,45.81,128.73,1.0000,-1,-1,-1
562,127,704.67,350.38,48.31,95.72,1.0000,-1,-1,-1
562,130,214.35,651.54,53.99,66.56,1.0000,-1,-1,-1
562,132,516.72,161.22,40.77,113.47,1.0000,-1,-1,-1
562,133,477.28,333.27,42.30,96.99,1.0000,-1,-1,-1
562,134,661.94,311.38,44.06,121.91,1.0000,-1,-1,-1
563,77,623.51,423.14,58.03,116.88,1.0000,-1,-1,-1
563,109,574.73,300.69,59.64,105.09,1.0000,-1,-1,-1
563,112,722.68,484.98,53.39,118.42,1.0000,-1,-1,-1
563,117,597.46,228.69,46.77,106.62,1.0000,-1,-1,-1
563,120,543.99,438.25,68.80,138.00,1.0000,-1,-1,-1
563,121,1001.17,317.90,38.15,115.03,1.0000,-1,-1,-1
563,126,380.75,362.46,47.81,128.57,1.0000,-1,-1,-1
563,127,706.43,351.78,47.71,94.53,1.0000,-1,-1,-1
563,130,215.26,651.22,54.17,66.79,1.0000,-1,-1,-1
563,132,517.67,159.56,40.78,113.51,1.0000,-1,-1,-1
563,133,479.38,336.90,41.78,95.80,1.0000,-1,-1,-1
563,134,663.58,311.47,42.35,120.80,1.0000,-1,-1,-1
564,77,623.00,423.53,57.95,116.71,1.0000,-1,-1,-1
564,109,577.14,299.59,59.34,104.56,1.0000,-1,-1,-1
564,112,720.63,486.41,53.31,118.95,1.0000,-1,-1,-1
564,117,595.50,230.53,51.07,105.68,1.0000,-1,-1,-1
564,120,545.99,437.72,68.42,137.73,1.0000,-1,-1,-1
564,121,1002.29,319.44,38.07,114.79,1.0000,-1,-1,-1
564,126,384.34,368.31,49.04,128.11,1.0000,-1,-1,-1
564,127,708.20,353.19,47.10,93.32,1.0000,-1,-1,-1
564,130,216.18,650.90,54.36,67.02,1.0000,-1,-1,-1
564,132,518.63,157.90,40.79,113.55,1.0000,-1,-1,-1
564,133,481.48,340.53,41.25,94.59,1.0000,-1,-1,-1
564,134,667.40,308.99,42.09,121.44,1.0000,-1,-1,-1
565,77,622.49,423.92,57.87,116.55,1.0000,-1,-1,-1
565,109,579.55,298.50,59.04,104.03,1.0000,-1,-1,-1
565,112,718.92,486.97,53.56,119.38,1.0000,-1,-1,-1
565,117,598.03,230.78,51.44,104.86,1.0000,-1,-1,-1
565,120,550.17,436.98,67.93,136.62,1.0000,-1,-1,-1
565,121,1003.41,320.98,37.99,114.55,1.0000,-1,-1,-1
565,126,385.83,373.32,49.29,128.35,1.0000,-1,-1,-1
565,127,709.96,354.61,46.48,92.10,1.0000,-1,-1,-1
565,130,193.34,659.00,50.95,61.23,1.0000,-1,-1,-1
565,132,519.58,156.24,40.81,113.59,1.0000,-1,-1,-1
565,133,468.88,336.33,55.56,121.47,1.0000,-1,-1,-1
565,134,669.91,305.66,43.56,124.09,1.0000,-1,-1,-1
566,77,621.99,424.31,57.79,116.39,1.0000,-1,-1,-1
566,109,581.97,297.40,58.74,103.49,1.0000,-1,-1,-1
566,112,717.28,486.72,53.86,119.50,1.0000,-1,-1,-1
566,117,600.70,230.70,51.37,104.72,1.0000,-1,-1,-1
566,120,554.30,436.03,66.09,135.85,1.0000,-1,-1,-1
566,121,1004.53,322.52,37.91,114.32,1.0000,-1,-1,-1
566,126,386.53,378.88,47.85,128.85,1.0000,-1,-1,-1
566,127,711.74,356.04,45.85,90.86,1.0000,-1,-1,-1
566,130,193.13,659.38,50.92,60.80,1.0000,-1,-1,-1
566,132,520.53,154.58,40.82,113.63,1.0000,-1,-1,-1
566,133,469.24,337.39,56.51,122.00,1.0000,-1,-1,-1
566,134,672.05,305.09,43.26,123.25,1.0000,-1,-1,-1
567,77,625.79,416.88,58.73,118.65,1.0000,-1,-1,-1
567,109,584.39,296.31,58.43,102.96,1.0000,-1,-1,-1
567,112,715.62,486.93,54.27,119.60,1.0000,-1,-1,-1
567,117,603.36,230.61,51.30,104.58,1.0000,-1,-1,-1
567,120,558.45,435.63,63.86,135.46,1.0000,-1,-1,-1
567,121,1005.65,324.07,37.83,114.08,1.0000,-1,-1,-1
567,126,388.42,383.08,46.49,129.74,1.0000,-1,-1,-1
567,127,713.51,357.48,45.22,89.60,1.0000,-1,-1,-1
567,130,193.00,659.63,50.67,60.54,1.0000,-1,-1,-1
567,132,521.49,152.92,40.84,113.67,1.0000,-1,-1,-1
567,133,469.71,337.60,56.46,122.63,1.0000,-1,-1,-1
567,134,674.19,304.52,42.97,122.40,1.0000,-1,-1,-1
568,77,626.61,407.69,61.54,123.35,1.0000,-1,-1,-1
568,109,586.80,295.22,58.12,102.41,1.0000,-1,-1,-1
568,112,713.81,487.74,54.47,119.65,1.0000,-1,-1,-1
568,117,606.03,230.52,51.23,104.44,1.0000,-1,-1,-1
568,120,562.62,435.31,62.22,133.75,1.0000,-1,-1,-1
568,121,1006.77,325.61,37.75,113.84,1.0000,-1,-1,-1
568,126,390.21,385.06,45.59,129.77,1.0000,-1,-1,-1
568,127,715.29,358.92,44.58,88.33,1.0000,-1,-1,-1
568,130,192.97,659.91,50.38,60.29,1.0000,-1,-1,-1
568,132,522.44,151.27,40.85,113.71,1.0000,-1,-1,-1
568,133,469.84,338.04,57.03,123.88,1.0000,-1,-1,-1
568,134,676.34,303.96,42.67,121.55,1.0000,-1,-1,-1
569,77,626.68,406.94,61.50,123.27,1.0000,-1,-1,-1
569,109,589.22,294.12,57.82,101.87,1.0000,-1,-1,-1
569,112,711.97,488.10,54.21,119.63,1.0000,-1,-1,-1
569,117,608.70,230.43,51.17,104.30,1.0000,-1,-1,-1
569,120,564.03,434.80,62.26,133.83,1.0000,-1,-1,-1
569,121,1007.89,327.15,37.67,113.60,1.0000,-1,-1,-1
569,126,391.62,387.96,45.61,128.45,1.0000,-1,-1,-1
569,127,717.08,360.38,43.92,87.03,1.0000,-1,-1,-1
569,130,192.89,659.95,50.40,60.32,1.0000,-1,-1,-1
569,132,523.39,149.61,40.87,113.75,1.0000,-1,-1,-1
569,133,470.76,338.48,59.13,125.11,1.0000,-1,-1,-1
569,134,678.49,303.40,42.36,120.69,1.0000,-1,-1,-1
570,77,626.75,406.18,61.46,123.18,1.0000,-1,-1,-1
570,109,591.64,293.04,57.51,101.32,1.0000,-1,-1,-1
570,112,710.87,488.59,53.63,119.28,1.0000,-1,-1,-1
570,117,611.36,230.35,51.10,104.16,1.0000,-1,-1,-1
570,120,565.44,434.30,62.30,133.92,1.0000,-1,-1,-1
570,121,1009.01,328.69,37.59,113.36,1.0000,-1,-1,-1
570,126,393.72,387.92,46.31,129.60,1.0000,-1,-1,-1
570,127,718.87,361.84,43.26,85.72,1.0000,-1,-1,-1
570,130,192.12,660.43,50.53,59.91,1.0000,-1,-1,-1
570,132,524.35,147.95,40.88,113.79,1.0000,-1,-1,-1
570,133,471.76,338.97,62.34,126.83,1.0000,-1,-1,-1
570,134,680.63,302.84,42.06,119.82,1.0000,-1,-1,-1
571,77,626.82,405.43,61.41,123.10,1.0000,-1,-1,-1
571,109,594.06,291.95,57.19,100.77,1.0000,-1,-1,-1
571,112,710.20,489.16,52.88,119.53,1.0000,-1,-1,-1
571,117,614.03,230.26,51.03,104.02,1.0000,-1,-1,-1
571,120,566.85,433.79,62.34,134.01,1.0000,-1,-1,-1
571,121,1010.13,330.24,37.51,113.12,1.0000,-1,-1,-1
571,126,395.89,388.59,46.79,130.51,1.0000,-1,-1,-1
571,127,720.66,363.32,42.59,84.39,1.0000,-1,-1,-1
571,130,191.05,660.54,50.85,59.73,1.0000,-1,-1,-1
571,132,507.44,177.56,57.63,95.02,1.0000,-1,-1,-1
571,133,472.24,339.63,65.71,128.00,1.0000,-1,-1,-1
571,134,682.78,302.29,41.75,118.95,1.0000,-1,-1,-1
572,77,638.89,408.49,62.50,120.43,1.0000,-1,-1,-1
572,109,596.48,290.86,56.88,100.22,1.0000,-1,-1,-1
572,112,709.64,490.00,52.06,119.91,1.0000,-1,-1,-1
572,117,616.69,230.17,50.96,103.89,1.0000,-1,-1,-1
572,120,568.26,433.28,62.38,134.09,1.0000,-1,-1,-1
572,121,1011.25,331.78,37.43,112.88,1.0000,-1,-1,-1
572,126,398.54,388.73,46.22,131.83,1.0000,-1,-1,-1
572,127,722.46,364.81,41.91,83.03,1.0000,-1,-1,-1
572,130,189.90,660.69,51.13,59.56,1.0000,-1,-1,-1
572,132,505.91,178.87,60.37,92.16,1.0000,-1,-1,-1
572,133,472.62,341.15,69.22,128.12,1.0000,-1,-1,-1
572,134,684.93,301.74,41.45,118.07,1.0000,-1,-1,-1
573,77,638.58,407.16,63.15,120.81,1.0000,-1,-1,-1
573,109,598.90,289.78,56.56,99.66,1.0000,-1,-1,-1
573,112,708.68,490.40,52.14,120.09,1.0000,-1,-1,-1
573,117,616.84,231.57,48.82,106.06,1.0000,-1,-1,-1
573,120,579.73,432.01,59.37,136.50,1.0000,-1,-1,-1
573,121,1012.38,333.32,37.35,112.63,1.0000,-1,-1,-1
573,126,399.94,389.63,45.89,134.28,1.0000,-1,-1,-1
573,130,188.90,660.83,51.23,59.40,1.0000,-1,-1,-1
573,132,503.56,178.13,61.88,91.86,1.0000,-1,-1,-1
573,133,473.63,342.74,70.04,129.63,1.0000,-1,-1,-1
573,134,687.08,301.19,41.13,117.18,1.0000,-1,-1,-1
574,77,636.99,404.68,63.03,122.19,1.0000,-1,-1,-1
574,109,601.32,288.69,56.25,99.10,1.0000,-1,-1,-1
574,112,707.71,490.80,52.22,120.28,1.0000,-1,-1,-1
574,117,619.26,231.67,48.75,105.90,1.0000,-1,-1,-1
574,120,583.77,430.66,55.39,134.87,1.0000,-1,-1,-1
574,126,403.73,391.54,45.36,134.52,1.0000,-1,-1,-1
574,130,188.54,660.88,51.25,59.43,1.0000,-1,-1,-1
574,132,500.44,176.49,63.00,92.37,1.0000,-1,-1,-1
574,133,474.64,344.35,70.84,131.12,1.0000,-1,-1,-1
574,134,689.24,300.65,40.82,116.29,1.0000,-1,-1,-1
575,77,637.17,403.63,62.26,122.80,1.0000,-1,-1,-1
575,109,603.75,287.61,55.93,98.54,1.0000,-1,-1,-1
575,112,706.74,491.19,52.30,120.47,1.0000,-1,-1,-1
575,117,621.68,231.77,48.67,105.74,1.0000,-1,-1,-1
575,120,586.86,428.94,52.34,134.10,1.0000,-1,-1,-1
575,126,407.10,393.18,44.80,134.28,1.0000,-1,-1,-1
575,130,188.17,660.93,51.27,59.45,1.0000,-1,-1,-1
575,132,500.32,175.67,63.21,92.69,1.0000,-1,-1,-1
575,133,486.83,360.86,67.31,124.66,1.0000,-1,-1,-1
575,134,691.39,300.11,40.51,115.39,1.0000,-1,-1,-1
576,77,637.12,402.37,62.30,123.30,1.0000,-1,-1,-1
576,109,606.17,286.53,55.61,97.98,1.0000,-1,-1,-1
576,112,702.66,492.02,52.04,123.35,1.0000,-1,-1,-1
576,117,624.11,231.88,48.60,105.59,1.0000,-1,-1,-1
576,120,589.70,426.75,50.90,133.23,1.0000,-1,-1,-1
576,126,410.20,395.71,45.33,135.19,1.0000,-1,-1,-1
576,130,187.81,660.98,51.30,59.48,1.0000,-1,-1,-1
576,132,500.20,174.86,63.43,93.01,1.0000,-1,-1,-1
576,133,489.49,367.65,66.82,119.89,1.0000,-1,-1,-1
576,134,693.54,299.57,40.19,114.49,1.0000,-1,-1,-1
577,77,641.19,403.53,60.02,122.46,1.0000,-1,-1,-1
577,109,608.60,285.45,55.28,97.41,1.0000,-1,-1,-1
577,112,701.10,491.79,50.78,123.36,1.0000,-1,-1,-1
577,117,626.53,231.98,48.53,105.43,1.0000,-1,-1,-1
577,120,593.14,425.10,48.90,131.74,1.0000,-1,-1,-1
577,126,412.01,399.42,46.87,136.73,1.0000,-1,-1,-1
577,130,187.45,661.03,51.32,59.51,1.0000,-1,-1,-1
577,132,500.09,174.05,63.65,93.32,1.0000,-1,-1,-1
577,133,492.53,371.38,65.02,117.27,1.0000,-1,-1,-1
577,134,695.70,299.04,39.87,113.57,1.0000,-1,-1,-1
578,77,645.55,403.97,57.10,121.85,1.0000,-1,-1,-1
578,112,699.78,492.26,50.85,123.55,1.0000,-1,-1,-1
578,117,628.96,232.08,48.45,105.27,1.0000,-1,-1,-1
578,120,597.11,422.76,46.80,129.49,1.0000,-1,-1,-1
578,126,412.82,402.92,47.51,136.89,1.0000,-1,-1,-1
578,130,187.09,661.09,51.34,59.53,1.0000,-1,-1,-1
578,132,499.97,173.24,63.86,93.64,1.0000,-1,-1,-1
578,133,493.28,372.69,64.06,115.91,1.0000,-1,-1,-1
578,134,697.86,298.51,39.54,112.65,1.0000,-1,-1,-1
578,135,828.22,310.34,76.17,112.31,1.0000,-1,-1,-1
579,77,649.46,402.23,54.42,122.87,1.0000,-1,-1,-1
579,112,693.27,490.91,45.80,121.79,1.0000,-1,-1,-1
579,117,631.38,232.19,48.38,105.11,1.0000,-1,-1,-1
579,120,601.46,421.22,44.77,129.14,1.0000,-1,-1,-1
579,126,412.46,408.25,48.13,134.95,1.0000,-1,-1,-1
579,130,186.73,661.14,51.37,59.56,1.0000,-1,-1,-1
579,132,499.86,172.43,64.07,93.95,1.0000,-1,-1,-1
579,133,494.41,372.40,63.55,115.37,1.0000,-1,-1,-1
579,134,700.02,297.98,39.22,111.72,1.0000,-1,-1,-1
579,135,834.65,309.02,73.38,110.39,1.0000,-1,-1,-1
580,77,652.32,399.88,51.84,123.02,1.0000,-1,-1,-1
580,112,690.78,491.69,42.59,120.54,1.0000,-1,-1,-1
580,117,633.81,232.29,48.31,104.95,1.0000,-1,-1,-1
580,120,605.32,419.82,43.74,131.27,1.0000,-1,-1,-1
580,126,412.17,411.49,49.26,131.77,1.0000,-1,-1,-1
580,130,186.36,661.19,51.39,59.59,1.0000,-1,-1,-1
580,132,499.74,171.62,64.29,94.26,1.0000,-1,-1,-1
580,133,495.33,373.18,62.36,114.63,1.0000,-1,-1,-1
580,134,702.18,297.46,38.89,110.79,1.0000,-1,-1,-1
580,135,836.44,306.39,75.34,113.34,1.0000,-1,-1,-1
581,77,653.54,399.20,51.76,122.82,1.0000,-1,-1,-1
581,112,684.25,492.02,43.75,120.40,1.0000,-1,-1,-1
581,117,636.23,232.40,48.23,104.79,1.0000,-1,-1,-1
581,120,608.14,418.74,43.07,133.33,1.0000,-1,-1,-1
581,126,410.34,413.83,50.58,130.68,1.0000,-1,-1,-1
581,130,186.00,661.24,51.41,59.61,1.0000,-1,-1,-1
581,132,499.63,170.81,64.50,94.57,1.0000,-1,-1,-1
581,133,494.10,373.49,61.62,113.56,1.0000,-1,-1,-1
581,134,704.34,296.94,38.56,109.84,1.0000,-1,-1,-1
581,135,838.25,303.79,77.25,116.21,1.0000,-1,-1,-1
582,77,654.75,398.53,51.67,122.62,1.0000,-1,-1,-1
582,112,680.73,492.80,43.46,122.18,1.0000,-1,-1,-1
582,117,638.65,232.50,48.16,104.63,1.0000,-1,-1,-1
582,120,610.15,417.26,43.16,133.98,1.0000,-1,-1,-1
582,126,408.61,415.62,51.41,130.12,1.0000,-1,-1,-1
582,130,185.64,661.29,51.44,59.64,1.0000,-1,-1,-1
582,132,499.51,170.00,64.71,94.88,1.0000,-1,-1,-1
582,133,493.25,373.99,60.74,112.65,1.0000,-1,-1,-1
582,134,706.50,296.43,38.22,108.89,1.0000,-1,-1,-1
582,135,840.09,301.22,79.11,119.02,1.0000,-1,-1,-1
583,77,655.97,397.86,51.59,122.41,1.0000,-1,-1,-1
583,112,678.13,493.18,43.49,122.27,1.0000,-1,-1,-1
583,117,641.08,232.61,48.09,104.47,1.0000,-1,-1,-1
583,120,611.35,416.38,43.76,135.09,1.0000,-1,-1,-1
583,126,405.05,416.47,52.28,129.95,1.0000,-1,-1,-1
583,130,185.28,661.34,51.46,59.67,1.0000,-1,-1,-1
583,132,499.40,169.19,64.92,95.19,1.0000,-1,-1,-1
583,133,493.00,374.73,60.07,113.05,1.0000,-1,-1,-1
583,134,708.66,295.92,37.89,107.93,1.0000,-1,-1,-1
583,135,841.95,298.69,80.93,121.75,1.0000,-1,-1,-1
584,77,657.18,397.19,51.50,122.21,1.0000,-1,-1,-1
584,112,675.54,493.56,43.52,122.35,1.0000,-1,-1,-1
584,117,643.50,232.71,48.01,104.31,1.0000,-1,-1,-1
584,120,612.25,415.41,46.31,135.62,1.0000,-1,-1,-1
584,126,398.53,414.61,54.90,131.08,1.0000,-1,-1,-1
584,130,184.92,661.39,51.48,59.70,1.0000,-1,-1,-1
584,132,499.28,168.39,65.13,95.50,1.0000,-1,-1,-1
584,133,492.46,374.36,60.43,116.44,1.0000,-1,-1,-1
584,134,710.83,295.41,37.54,106.96,1.0000,-1,-1,-1
584,135,843.83,296.18,82.71,124.43,1.0000,-1,-1,-1
585,77,658.40,396.52,51.41,122.01,1.0000,-1,-1,-1
585,112,672.94,493.95,43.55,122.44,1.0000,-1,-1,-1
585,117,645.93,232.82,47.94,104.15,1.0000,-1,-1,-1
585,120,612.81,413.89,49.80,136.12,1.0000,-1,-1,-1
585,126,393.37,411.82,58.27,132.54,1.0000,-1,-1,-1
585,130,184.55,661.44,51.51,59.72,1.0000,-1,-1,-1
585,132,499.17,167.58,65.34,95.81,1.0000,-1,-1,-1
585,133,493.26,376.02,60.68,116.94,1.0000,-1,-1,-1
585,134,713.00,294.91,37.20,105.98,1.0000,-1,-1,-1
585,135,845.72,293.71,84.46,127.05,1.0000,-1,-1,-1
586,77,659.61,395.85,51.33,121.80,1.0000,-1,-1,-1
586,112,670.34,494.33,43.58,122.52,1.0000,-1,-1,-1
586,117,648.35,232.92,47.86,103.99,1.0000,-1,-1,-1
586,120,612.14,412.28,52.13,136.84,1.0000,-1,-1,-1
586,126,391.21,408.93,60.17,133.62,1.0000,-1,-1,-1
586,130,184.19,661.49,51.53,59.75,1.0000,-1,-1,-1
586,132,499.06,166.77,65.55,96.12,1.0000,-1,-1,-1
586,133,494.05,377.67,60.94,117.43,1.0000,-1,-1,-1
586,134,715.17,294.42,36.85,104.99,1.0000,-1,-1,-1
586,135,847.64,291.26,86.16,129.62,1.0000,-1,-1,-1
587,77,660.83,395.18,51.24,121.60,1.0000,-1,-1,-1
587,112,667.74,494.71,43.61,122.61,1.0000,-1,-1,-1
587,117,650.78,233.03,47.79,103.82,1.0000,-1,-1,-1
587,120,611.08,412.65,53.69,136.48,1.0000,-1,-1,-1
587,126,391.12,406.38,59.11,134.72,1.0000,-1,-1,-1
587,130,183.83,661.55,51.55,59.78,1.0000,-1,-1,-1
587,132,498.95,165.97,65.76,96.42,1.0000,-1,-1,-1
587,133,494.85,379.33,61.20,117.93,1.0000,-1,-1,-1
587,134,717.34,293.93,36.50,103.99,1.0000,-1,-1,-1
587,135,840.70,291.62,58.23,105.52,1.0000,-1,-1,-1
587,136,616.76,218.36,52.83,108.59,1.0000,-1,-1,-1
588,77,662.04,394.51,51.16,121.40,1.0000,-1,-1,-1
588,112,665.14,495.10,43.64,122.69,1.0000,-1,-1,-1
588,117,653.20,233.13,47.72,103.66,1.0000,-1,-1,-1
588,120,610.14,412.55,55.59,136.79,1.0000,-1,-1,-1
588,126,389.03,402.11,55.26,134.69,1.0000,-1,-1,-1
588,130,183.47,661.60,51.57,59.80,1.0000,-1,-1,-1
588,132,498.83,165.16,65.97,96.73,1.0000,-1,-1,-1
588,133,495.65,380.99,61.45,118.42,1.0000,-1,-1,-1
588,134,719.51,293.44,36.15,102.99,1.0000,-1,-1,-1
588,135,840.25,287.96,55.71,106.55,1.0000,-1,-1,-1
588,136,616.51,216.47,52.51,107.95,1.0000,-1,-1,-1
589,77,663.26,393.84,51.07,121.19,1.0000,-1,-1,-1
589,112,656.19,497.93,50.76,122.54,1.0000,-1,-1,-1
589,117,655.63,233.24,47.64,103.50,1.0000,-1,-1,-1
589,120,611.85,411.70,55.60,136.81,1.0000,-1,-1,-1
589,126,386.90,398.70,51.91,134.66,1.0000,-1,-1,-1
589,130,183.11,661.65,51.60,59.83,1.0000,-1,-1,-1
589,132,498.72,164.35,66.18,97.03,1.0000,-1,-1,-1
589,133,486.74,374.33,60.64,118.67,1.0000,-1,-1,-1
589,134,718.91,287.71,60.52,142.23,1.0000,-1,-1,-1
589,135,840.70,286.01,55.37,105.91,1.0000,-1,-1,-1
589,136,616.27,214.58,52.20,107.31,1.0000,-1,-1,-1
590,77,664.47,393.17,50.98,120.99,1.0000,-1,-1,-1
590,112,653.38,498.44,50.83,122.71,1.0000,-1,-1,-1
590,117,658.05,233.34,47.57,103.34,1.0000,-1,-1,-1
590,120,613.57,410.85,55.60,136.82,1.0000,-1,-1,-1
590,126,386.20,395.85,49.42,135.10,1.0000,-1,-1,-1
590,130,182.74,661.70,51.62,59.86,1.0000,-1,-1,-1
590,132,498.61,163.55,66.38,97.33,1.0000,-1,-1,-1
590,133,485.34,375.07,60.48,118.36,1.0000,-1,-1,-1
590,134,719.89,287.99,61.43,140.71,1.0000,-1,-1,-1
590,135,841.14,284.06,55.03,105.27,1.0000,-1,-1,-1
590,136,616.02,212.70,51.89,106.66,1.0000,-1,-1,-1
591,77,665.69,392.50,50.90,120.78,1.0000,-1,-1,-1
591,112,650.56,498.95,50.90,122.87,1.0000,-1,-1,-1
591,117,660.48,233.45,47.49,103.18,1.0000,-1,-1,-1
591,120,615.28,409.99,55.61,136.84,1.0000,-1,-1,-1
591,126,385.86,393.65,47.40,135.35,1.0000,-1,-1,-1
591,130,182.38,661.75,51.64,59.88,1.0000,-1,-1,-1
591,132,498.50,162.75,66.59,97.64,1.0000,-1,-1,-1
591,133,484.43,374.65,60.33,118.73,1.0000,-1,-1,-1
591,134,721.82,290.16,61.61,138.14,1.0000,-1,-1,-1
591,135,841.59,282.11,54.69,104.62,1.0000,-1,-1,-1
591,136,615.77,210.81,51.57,106.01,1.0000,-1,-1,-1
592,77,666.90,391.83,50.81,120.58,1.0000,-1,-1,-1
592,112,647.75,499.46,50.97,123.03,1.0000,-1,-1,-1
592,117,662.90,233.55,47.42,103.01,1.0000,-1,-1,-1
592,120,617.00,409.14,55.61,136.85,1.0000,-1,-1,-1
592,126,384.49,392.03,45.98,135.08,1.0000,-1,-1,-1
592,130,182.02,661.80,51.67,59.91,1.0000,-1,-1,-1
592,132,498.39,161.94,66.79,97.94,1.0000,-1,-1,-1
592,133,482.57,374.54,61.51,119.33,1.0000,-1,-1,-1
592,134,724.50,290.05,63.14,137.96,1.0000,-1,-1,-1
592,135,842.04,280.17,54.35,103.96,1.0000,-1,-1,-1
592,136,615.53,208.93,51.25,105.36,1.0000,-1,-1,-1
593,77,668.12,391.16,50.72,120.37,1.0000,-1,-1,-1
593,112,644.93,499.97,51.03,123.20,1.0000,-1,-1,-1
593,117,665.33,233.66,47.34,102.85,1.0000,-1,-1,-1
593,120,618.71,408.29,55.62,136.87,1.0000,-1,-1,-1
593,126,381.49,391.15,44.46,135.98,1.0000,-1,-1,-1
593,130,181.66,661.85,51.69,59.94,1.0000,-1,-1,-1
593,132,498.28,161.14,67.00,98.24,1.0000,-1,-1,-1
593,133,482.18,375.26,60.86,119.94,1.0000,-1,-1,-1
593,134,728.05,289.63,64.48,139.23,1.0000,-1,-1,-1
593,135,842.49,278.23,54.01,103.31,1.0000,-1,-1,-1
593,136,615.28,207.05,50.93,104.70,1.0000,-1,-1,-1
593,137,391.33,181.63,59.77,114.57,1.0000,-1,-1,-1
594,77,669.01,388.18,47.33,118.48,1.0000,-1,-1,-1
594,112,642.12,500.48,51.10,123.36,1.0000,-1,-1,-1
594,117,667.75,233.76,47.27,102.69,1.0000,-1,-1,-1
594,120,620.43,407.43,55.63,136.88,1.0000,-1,-1,-1
594,126,377.73,391.70,43.75,135.77,1.0000,-1,-1,-1
594,130,181.30,661.90,51.71,59.96,1.0000,-1,-1,-1
594,132,498.17,160.34,67.20,98.54,1.0000,-1,-1,-1
594,133,480.15,375.35,61.62,121.26,1.0000,-1,-1,-1
594,134,730.45,289.01,64.85,140.02,1.0000,-1,-1,-1
594,135,842.94,276.29,53.66,102.65,1.0000,-1,-1,-1
594,136,601.20,230.17,56.57,110.93,1.0000,-1,-1,-1
594,137,382.48,189.20,64.30,111.73,1.0000,-1,-1,-1
595,77,670.78,388.25,47.43,117.98,1.0000,-1,-1,-1
595,112,639.30,500.99,51.17,123.52,1.0000,-1,-1,-1
595,117,670.18,233.87,47.19,102.52,1.0000,-1,-1,-1
595,120,622.14,406.58,55.63,136.90,1.0000,-1,-1,-1
595,126,374.57,392.13,43.39,135.64,1.0000,-1,-1,-1
595,130,180.93,661.95,51.74,59.99,1.0000,-1,-1,-1
595,132,498.06,159.53,67.41,98.83,1.0000,-1,-1,-1
595,133,478.57,375.11,61.71,122.27,1.0000,-1,-1,-1
595,134,732.85,288.40,65.22,140.81,1.0000,-1,-1,-1
595,135,843.39,274.35,53.32,101.98,1.0000,-1,-1,-1
595,136,595.42,234.07,62.19,108.60,1.0000,-1,-1,-1
595,137,377.22,190.50,68.77,112.59,1.0000,-1,-1,-1
596,77,671.95,387.50,47.32,117.72,1.0000,-1,-1,-1
596,112,636.49,501.50,51.23,123.68,1.0000,-1,-1,-1
596,117,672.60,233.98,47.12,102.36,1.0000,-1,-1,-1
596,120,623.86,405.73,55.64,136.91,1.0000,-1,-1,-1
596,126,372.41,392.51,43.50,135.21,1.0000,-1,-1,-1
596,130,180.57,662.01,51.76,60.01,1.0000,-1,-1,-1
596,132,497.95,158.73,67.61,99.13,1.0000,-1,-1,-1
596,133,476.53,374.41,61.49,122.99,1.0000,-1,-1,-1
596,134,735.25,287.79,65.58,141.60,1.0000,-1,-1,-1
596,135,843.85,272.42,52.97,101.31,1.0000,-1,-1,-1
596,136,587.54,237.36,65.37,105.38,1.0000,-1,-1,-1
596,137,375.68,191.30,71.69,110.75,1.0000,-1,-1,-1
597,77,677.19,392.15,46.63,114.99,1.0000,-1,-1,-1
597,112,633.67,502.01,51.30,123.85,1.0000,-1,-1,-1
597,117,675.03,234.08,47.04,102.20,1.0000,-1,-1,-1
597,120,625.57,404.88,55.64,136.93,1.0000,-1,-1,-1
597,126,370.86,393.32,43.89,136.02,1.0000,-1,-1,-1
597,130,180.21,662.06,51.78,60.04,1.0000,-1,-1,-1
597,132,497.84,157.93,67.81,99.43,1.0000,-1,-1,-1
597,133,475.84,375.17,61.27,123.75,1.0000,-1,-1,-1
597,134,737.65,287.19,65.94,142.38,1.0000,-1,-1,-1
597,135,844.30,270.48,52.61,100.64,1.0000,-1,-1,-1
597,136,582.41,239.36,66.16,103.60,1.0000,-1,-1,-1
597,137,370.90,191.58,74.24,114.70,1.0000,-1,-1,-1
598,77,678.70,391.77,46.51,114.70,1.0000,-1,-1,-1
598,112,630.86,502.52,51.37,124.01,1.0000,-1,-1,-1
598,117,677.45,234.19,46.96,102.03,1.0000,-1,-1,-1
598,120,627.28,404.02,55.65,136.94,1.0000,-1,-1,-1
598,126,367.90,393.48,45.67,137.17,1.0000,-1,-1,-1
598,130,179.85,662.11,51.80,60.07,1.0000,-1,-1,-1
598,132,497.73,157.13,68.01,99.72,1.0000,-1,-1,-1
598,133,476.28,375.64,60.57,124.78,1.0000,-1,-1,-1
598,134,740.05,286.58,66.30,143.16,1.0000,-1,-1,-1
598,135,844.76,268.55,52.26,99.96,1.0000,-1,-1,-1
598,136,580.61,242.11,71.28,102.41,1.0000,-1,-1,-1
598,137,372.54,202.39,70.85,102.86,1.0000,-1,-1,-1
599,77,680.26,395.48,44.66,113.26,1.0000,-1,-1,-1
599,112,628.04,503.02,51.44,124.17,1.0000,-1,-1,-1
599,117,679.88,234.30,46.89,101.87,1.0000,-1,-1,-1
599,120,644.64,403.26,48.23,141.20,1.0000,-1,-1,-1
599,126,361.81,393.21,53.50,138.03,1.0000,-1,-1,-1
599,130,179.49,662.16,51.83,60.09,1.0000,-1,-1,-1
599,132,497.62,156.33,68.21,100.02,1.0000,-1,-1,-1
599,133,476.34,375.26,60.09,126.24,1.0000,-1,-1,-1
599,134,742.46,285.98,66.66,143.93,1.0000,-1,-1,-1
599,135,845.21,266.62,51.90,99.27,1.0000,-1,-1,-1
599,136,577.95,243.29,71.89,103.29,1.0000,-1,-1,-1
599,137,369.13,200.83,67.32,101.29,1.0000,-1,-1,-1
600,77,681.71,395.44,44.53,112.93,1.0000,-1,-1,-1
600,112,594.52,504.98,58.83,120.99,1.0000,-1,-1,-1
600,117,682.31,234.40,46.81,101.70,1.0000,-1,-1,-1
600,120,647.09,402.58,48.21,141.12,1.0000,-1,-1,-1
600,126,357.10,392.72,61.16,137.09,1.0000,-1,-1,-1
600,130,179.12,662.21,51.85,60.12,1.0000,-1,-1,-1
600,132,497.51,155.53,68.41,100.31,1.0000,-1,-1,-1
600,133,475.96,374.89,59.43,127.24,1.0000,-1,-1,-1
600,134,744.86,285.38,67.02,144.70,1.0000,-1,-1,-1
600,135,845.67,264.70,51.54,98.59,1.0000,-1,-1,-1
600,136,570.46,244.45,64.83,99.78,1.0000,-1,-1,-1
600,137,367.19,200.90,63.51,99.63,1.0000,-1,-1,-1
601,77,681.84,396.98,42.55,112.14,1.0000,-1,-1,-1
601,112,587.03,506.47,57.28,118.53,1.0000,-1,-1,-1
601,117,684.73,234.51,46.74,101.54,1.0000,-1,-1,-1
601,120,649.55,401.91,48.18,141.04,1.0000,-1,-1,-1
601,126,354.54,392.04,68.39,135.06,1.0000,-1,-1,-1
601,130,178.76,662.26,51.87,60.15,1.0000,-1,-1,-1
601,132,497.40,154.73,68.61,100.60,1.0000,-1,-1,-1
601,133,476.23,374.39,58.22,128.19,1.0000,-1,-1,-1
601,134,747.27,284.78,67.37,145.47,1.0000,-1,-1,-1
601,135,846.13,262.77,51.18,97.89,1.0000,-1,-1,-1
601,136,567.14,245.69,65.02,100.08,1.0000,-1,-1,-1
601,137,363.75,202.25,63.73,99.98,1.0000,-1,-1,-1
602,77,682.32,397.59,41.57,111.83,1.0000,-1,-1,-1
602,112,580.80,508.17,54.06,117.03,1.0000,-1,-1,-1
602,117,687.16,234.62,46.66,101.37,1.0000,-1,-1,-1
602,120,650.11,400.00,45.29,141.10,1.0000,-1,-1,-1
602,126,349.54,392.52,77.10,135.08,1.0000,-1,-1,-1
602,130,178.40,662.31,51.90,60.17,1.0000,-1,-1,-1
602,132,497.30,153.93,68.81,100.90,1.0000,-1,-1,-1
602,133,476.78,373.89,57.24,129.20,1.0000,-1,-1,-1
602,134,749.68,284.18,67.73,146.23,1.0000,-1,-1,-1
602,135,846.59,260.85,50.81,97.20,1.0000,-1,-1,-1
602,136,566.16,246.85,62.47,100.08,1.0000,-1,-1,-1
602,137,360.31,203.60,63.96,100.33,1.0000,-1,-1,-1
603,77,683.47,397.75,41.43,111.44,1.0000,-1,-1,-1
603,112,576.52,510.15,53.21,115.55,1.0000,-1,-1,-1
603,117,689.58,234.72,46.58,101.21,1.0000,-1,-1,-1
603,120,652.31,399.27,45.25,140.97,1.0000,-1,-1,-1
603,126,348.02,392.14,77.38,135.58,1.0000,-1,-1,-1
603,130,178.04,662.36,51.92,60.20,1.0000,-1,-1,-1
603,132,497.19,153.13,69.01,101.19,1.0000,-1,-1,-1
603,133,476.04,373.49,56.71,130.10,1.0000,-1,-1,-1
603,134,752.08,283.59,68.08,146.99,1.0000,-1,-1,-1
603,135,847.06,258.93,50.45,96.49,1.0000,-1,-1,-1
603,136,562.97,248.14,62.56,100.23,1.0000,-1,-1,-1
603,137,356.87,204.95,64.18,100.68,1.0000,-1,-1,-1
603,138,793.82,238.36,45.46,111.78,1.0000,-1,-1,-1
604,77,684.62,397.90,41.28,111.05,1.0000,-1,-1,-1
604,112,571.81,511.13,51.42,113.89,1.0000,-1,-1,-1
604,120,654.50,398.53,45.21,140.83,1.0000,-1,-1,-1
604,126,346.50,391.76,77.67,136.07,1.0000,-1,-1,-1
604,132,497.08,152.33,69.21,101.48,1.0000,-1,-1,-1
604,133,475.40,374.82,55.86,131.16,1.0000,-1,-1,-1
604,134,754.49,283.00,68.43,147.74,1.0000,-1,-1,-1
604,135,847.52,257.02,50.08,95.78,1.0000,-1,-1,-1
604,136,541.32,239.45,74.86,106.62,1.0000,-1,-1,-1
604,137,353.42,206.30,64.40,101.03,1.0000,-1,-1,-1
604,138,789.52,237.72,41.74,108.27,1.0000,-1,-1,-1
605,77,685.77,398.06,41.14,110.66,1.0000,-1,-1,-1
605,112,566.77,511.69,51.47,113.99,1.0000,-1,-1,-1
605,120,657.15,393.33,52.88,148.18,1.0000,-1,-1,-1
605,126,328.27,392.83,75.60,137.32,1.0000,-1,-1,-1
605,133,475.64,375.74,54.77,132.06,1.0000,-1,-1,-1
605,134,756.90,282.41,68.77,148.49,1.0000,-1,-1,-1
605,135,847.98,255.10,49.70,95.07,1.0000,-1,-1,-1
605,136,520.21,232.36,86.50,109.81,1.0000,-1,-1,-1
605,137,349.98,207.65,64.62,101.38,1.0000,-1,-1,-1
605,138,785.57,235.26,41.14,106.73,1.0000,-1,-1,-1
606,77,686.92,398.22,40.99,110.27,1.0000,-1,-1,-1
606,112,561.73,512.24,51.51,114.09,1.0000,-1,-1,-1
606,120,658.00,393.64,58.83,150.04,1.0000,-1,-1,-1
606,126,325.87,393.46,75.05,137.11,1.0000,-1,-1,-1
606,133,477.16,376.35,53.34,133.15,1.0000,-1,-1,-1
606,134,759.31,281.82,69.12,149.23,1.0000,-1,-1,-1
606,135,848.45,253.19,49.33,94.35,1.0000,-1,-1,-1
606,136,508.82,227.89,92.06,112.02,1.0000,-1,-1,-1
606,137,358.16,202.87,53.48,96.55,1.0000,-1,-1,-1
606,138,781.63,232.81,40.54,105.17,1.0000,-1,-1,-1
607,77,688.07,398.37,40.84,109.87,1.0000,-1,-1,-1
607,112,562.59,512.76,44.19,111.22,1.0000,-1,-1,-1
607,120,657.80,394.17,64.52,151.61,1.0000,-1,-1,-1
607,126,329.10,393.93,81.29,137.67,1.0000,-1,-1,-1
607,133,478.48,376.50,51.80,134.42,1.0000,-1,-1,-1
607,134,761.72,281.23,69.46,149.98,1.0000,-1,-1,-1
607,135,848.92,251.28,48.95,93.63,1.0000,-1,-1,-1
607,136,502.68,227.07,93.12,113.31,1.0000,-1,-1,-1
607,137,355.53,203.94,53.13,95.92,1.0000,-1,-1,-1
607,138,777.69,230.37,39.93,103.59,1.0000,-1,-1,-1
607,140,700.11,320.12,59.75,136.89,1.0000,-1,-1,-1
608,77,689.22,398.53,40.69,109.48,1.0000,-1,-1,-1
608,112,560.47,515.38,39.81,109.01,1.0000,-1,-1,-1
608,120,655.95,395.87,69.03,151.63,1.0000,-1,-1,-1
608,126,326.65,395.47,81.71,138.26,1.0000,-1,-1,-1
608,133,479.77,376.68,50.38,135.33,1.0000,-1,-1,-1
608,134,764.14,280.64,69.80,150.72,1.0000,-1,-1,-1
608,135,849.39,249.38,48.57,92.90,1.0000,-1,-1,-1
608,136,483.48,213.00,93.51,121.27,1.0000,-1,-1,-1
608,137,352.90,205.01,52.78,95.28,1.0000,-1,-1,-1
608,138,773.75,227.95,39.31,101.98,1.0000,-1,-1,-1
608,140,698.07,319.65,61.65,139.21,1.0000,-1,-1,-1
609,77,690.37,398.69,40.55,109.08,1.0000,-1,-1,-1
609,112,552.39,517.94,37.90,107.86,1.0000,-1,-1,-1
609,120,654.83,399.23,73.18,150.94,1.0000,-1,-1,-1
609,126,323.20,398.10,80.48,138.46,1.0000,-1,-1,-1
609,133,480.05,378.92,49.54,135.59,1.0000,-1,-1,-1
609,134,766.55,280.06,70.14,151.45,1.0000,-1,-1,-1
609,135,849.86,247.48,48.18,92.16,1.0000,-1,-1,-1
609,136,485.97,210.67,77.23,122.45,1.0000,-1,-1,-1
609,137,359.49,212.81,45.78,94.09,1.0000,-1,-1,-1
609,138,769.82,225.54,38.68,100.34,1.0000,-1,-1,-1
609,140,694.42,319.30,63.81,142.45,1.0000,-1,-1,-1
610,77,691.52,398.85,40.40,108.68,1.0000,-1,-1,-1
610,112,547.24,518.69,37.86,107.75,1.0000,-1,-1,-1
610,120,653.52,400.95,76.08,151.06,1.0000,-1,-1,-1
610,126,319.37,400.15,78.28,138.17,1.0000,-1,-1,-1
610,133,478.67,379.65,49.88,136.30,1.0000,-1,-1,-1
610,134,768.96,279.48,70.48,152.18,1.0000,-1,-1,-1
610,135,850.33,245.58,47.79,91.42,1.0000,-1,-1,-1
610,136,478.93,209.02,77.89,123.50,1.0000,-1,-1,-1
610,137,357.49,214.74,45.19,92.88,1.0000,-1,-1,-1
610,138,765.90,223.14,38.04,98.68,1.0000,-1,-1,-1
610,140,690.00,319.14,66.44,143.67,1.0000,-1,-1,-1
611,77,692.67,399.01,40.25,108.28,1.0000,-1,-1,-1
611,112,542.09,519.44,37.82,107.64,1.0000,-1,-1,-1
611,120,653.45,402.98,77.37,151.25,1.0000,-1,-1,-1
611,126,317.55,401.39,76.17,138.28,1.0000,-1,-1,-1
611,133,478.86,380.66,50.17,137.21,1.0000,-1,-1,-1
611,134,771.38,278.90,70.82,152.91,1.0000,-1,-1,-1
611,135,850.80,243.68,47.40,90.67,1.0000,-1,-1,-1
611,136,473.12,211.34,67.97,125.30,1.0000,-1,-1,-1
611,137,355.50,216.67,44.60,91.66,1.0000,-1,-1,-1
611,138,761.98,220.76,37.39,96.99,1.0000,-1,-1,-1
611,140,683.75,319.09,67.84,145.00,1.0000,-1,-1,-1
612,77,693.82,399.18,40.10,107.88,1.0000,-1,-1,-1
612,112,533.22,523.01,39.06,104.70,1.0000,-1,-1,-1
612,120,655.30,402.98,77.02,152.32,1.0000,-1,-1,-1
612,126,315.74,403.46,73.99,138.37,1.0000,-1,-1,-1
612,133,480.49,381.46,50.11,138.38,1.0000,-1,-1,-1
612,134,773.79,278.32,71.15,153.63,1.0000,-1,-1,-1
612,135,851.28,241.79,47.01,89.92,1.0000,-1,-1,-1
612,136,471.07,220.66,59.78,121.82,1.0000,-1,-1,-1
612,137,353.52,218.61,43.99,90.43,1.0000,-1,-1,-1
612,138,758.07,218.39,36.72,95.27,1.0000,-1,-1,-1
612,140,680.02,318.17,69.51,148.55,1.0000,-1,-1,-1
613,77,694.97,399.34,39.95,107.47,1.0000,-1,-1,-1
613,112,527.93,525.28,39.73,101.91,1.0000,-1,-1,-1
613,120,658.53,403.98,77.46,153.05,1.0000,-1,-1,-1
613,126,313.55,405.63,72.30,138.15,1.0000,-1,-1,-1
613,133,483.00,384.08,49.21,137.73,1.0000,-1,-1,-1
613,134,776.21,277.75,71.49,154.35,1.0000,-1,-1,-1
613,135,851.76,239.90,46.61,89.16,1.0000,-1,-1,-1
613,136,467.36,225.21,55.54,119.93,1.0000,-1,-1,-1
613,137,351.53,220.56,43.38,89.17,1.0000,-1,-1,-1
613,138,754.16,216.04,36.05,93.52,1.0000,-1,-1,-1
613,140,676.30,317.28,71.13,152.01,1.0000,-1,-1,-1
614,77,696.13,399.50,39.80,107.07,1.0000,-1,-1,-1
614,112,518.10,528.15,42.16,97.81,1.0000,-1,-1,-1
614,120,664.49,407.05,76.69,152.48,1.0000,-1,-1,-1
614,126,308.42,409.38,71.73,138.19,1.0000,-1,-1,-1
614,133,483.86,384.21,48.48,138.39,1.0000,-1,-1,-1
614,134,778.63,277.17,71.82,155.07,1.0000,-1,-1,-1
614,135,852.24,238.01,46.21,88.39,1.0000,-1,-1,-1
614,136,456.67,230.99,54.30,115.35,1.0000,-1,-1,-1
614,137,349.56,222.52,42.77,87.90,1.0000,-1,-1,-1
614,138,750.26,213.71,35.36,91.73,1.0000,-1,-1,-1
614,140,672.61,316.43,72.71,155.40,1.0000,-1,-1,-1
615,77,697.28,399.67,39.65,106.66,1.0000,-1,-1,-1
615,112,512.79,531.08,41.74,94.28,1.0000,-1,-1,-1
615,120,669.53,409.15,74.54,152.20,1.0000,-1,-1,-1
615,126,303.93,412.79,72.72,138.08,1.0000,-1,-1,-1
615,133,483.95,385.17,48.56,138.62,1.0000,-1,-1,-1
615,134,781.04,276.60,72.15,155.79,1.0000,-1,-1,-1
615,135,852.72,236.13,45.81,87.62,1.0000,-1,-1,-1
615,136,447.76,232.69,55.14,111.68,1.0000,-1,-1,-1
615,137,347.58,224.48,42.14,86.61,1.0000,-1,-1,-1
615,138,746.37,211.39,34.66,89.91,1.0000,-1,-1,-1
615,139,619.77,335.71,44.96,136.59,1.0000,-1,-1,-1
615,140,668.93,315.62,74.26,158.72,1.0000,-1,-1,-1
615,141,697.17,232.93,62.27,123.59,1.0000,-1,-1,-1
616,77,698.43,399.83,39.50,106.25,1.0000,-1,-1,-1
616,112,509.59,533.09,41.01,92.08,1.0000,-1,-1,-1
616,120,673.35,411.30,71.21,152.11,1.0000,-1,-1,-1
616,126,299.12,415.93,74.19,138.52,1.0000,-1,-1,-1
616,133,479.49,381.87,49.49,140.57,1.0000,-1,-1,-1
616,134,783.46,276.03,72.48,156.50,1.0000,-1,-1,-1
616,135,853.20,234.25,45.40,86.84,1.0000,-1,-1,-1
616,136,438.22,234.76,56.79,107.80,1.0000,-1,-1,-1
616,137,345.62,226.46,41.50,85.30,1.0000,-1,-1,-1
616,138,742.48,209.09,33.94,88.05,1.0000,-1,-1,-1
616,139,618.04,334.22,44.76,139.20,1.0000,-1,-1,-1
616,140,665.27,314.85,75.78,161.97,1.0000,-1,-1,-1
616,141,692.97,234.59,61.27,120.70,1.0000,-1,-1,-1
617,77,699.59,400.00,39.34,105.84,1.0000,-1,-1,-1
617,112,504.12,535.54,40.41,89.59,1.0000,-1,-1,-1
617,120,674.84,412.69,69.16,152.53,1.0000,-1,-1,-1
617,126,293.62,419.07,76.49,138.38,1.0000,-1,-1,-1
617,133,476.60,379.62,50.98,142.58,1.0000,-1,-1,-1
617,134,785.88,275.46,72.81,157.20,1.0000,-1,-1,-1
617,135,853.68,232.37,44.99,86.05,1.0000,-1,-1,-1
617,136,423.46,238.93,59.48,105.48,1.0000,-1,-1,-1
617,137,343.65,228.45,40.85,83.97,1.0000,-1,-1,-1
617,138,738.61,206.81,33.21,86.15,1.0000,-1,-1,-1
617,139,617.45,338.26,44.04,136.94,1.0000,-1,-1,-1
617,140,661.62,314.10,77.27,165.15,1.0000,-1,-1,-1
617,141,688.55,235.60,61.63,120.38,1.0000,-1,-1,-1
618,77,700.74,400.16,39.19,105.43,1.0000,-1,-1,-1
618,112,499.05,538.21,39.44,86.54,1.0000,-1,-1,-1
618,120,673.16,414.75,69.82,153.83,1.0000,-1,-1,-1
618,126,286.59,422.62,79.89,137.79,1.0000,-1,-1,-1
618,133,475.95,378.39,51.17,143.61,1.0000,-1,-1,-1
618,134,788.30,274.89,73.14,157.91,1.0000,-1,-1,-1
618,135,854.17,230.50,44.57,85.26,1.0000,-1,-1,-1
618,136,415.40,239.65,59.51,105.54,1.0000,-1,-1,-1
618,137,341.69,230.44,40.20,82.62,1.0000,-1,-1,-1
618,138,734.74,204.56,32.46,84.21,1.0000,-1,-1,-1
618,139,611.01,335.69,44.48,141.46,1.0000,-1,-1,-1
618,140,657.99,313.39,78.74,168.28,1.0000,-1,-1,-1
618,141,684.41,237.45,61.73,121.56,1.0000,-1,-1,-1
619,77,701.89,400.33,39.04,105.02,1.0000,-1,-1,-1
619,112,490.48,542.98,38.54,82.63,1.0000,-1,-1,-1
619,120,673.69,420.61,70.19,153.93,1.0000,-1,-1,-1
619,126,275.37,430.44,83.46,137.06,1.0000,-1,-1,-1
619,133,475.15,379.27,49.18,144.43,1.0000,-1,-1,-1
619,134,790.72,274.32,73.46,158.61,1.0000,-1,-1,-1
619,136,404.90,236.27,64.45,113.29,1.0000,-1,-1,-1
619,137,339.74,232.45,39.53,81.25,1.0000,-1,-1,-1
619,138,730.87,202.32,31.70,82.23,1.0000,-1,-1,-1
619,139,604.88,338.78,46.19,142.20,1.0000,-1,-1,-1
619,140,654.37,312.70,80.17,171.35,1.0000,-1,-1,-1
619,141,677.75,240.41,60.39,122.01,1.0000,-1,-1,-1
620,77,703.05,400.50,38.88,104.60,1.0000,-1,-1,-1
620,112,483.59,547.98,37.40,78.46,1.0000,-1,-1,-1
620,120,671.59,423.63,74.88,156.43,1.0000,-1,-1,-1
620,126,265.03,437.23,85.10,136.57,1.0000,-1,-1,-1
620,133,473.60,381.42,48.62,144.99,1.0000,-1,-1,-1
620,134,793.14,273.76,73.78,159.31,1.0000,-1,-1,-1
620,136,396.77,236.83,64.63,113.60,1.0000,-1,-1,-1
620,137,337.79,234.47,38.85,79.85,1.0000,-1,-1,-1
620,138,727.02,200.11,30.91,80.19,1.0000,-1,-1,-1
620,139,601.38,342.34,47.05,141.15,1.0000,-1,-1,-1
620,140,650.76,312.04,81.58,174.36,1.0000,-1,-1,-1
620,141,673.80,240.99,60.12,121.48,1.0000,-1,-1,-1
621,77,704.20,400.67,38.73,104.19,1.0000,-1,-1,-1
621,112,477.68,549.36,37.28,78.20,1.0000,-1,-1,-1
621,120,674.49,430.94,79.19,156.47,1.0000,-1,-1,-1
621,126,252.64,443.00,84.40,135.55,1.0000,-1,-1,-1
621,133,473.41,384.39,47.61,145.92,1.0000,-1,-1,-1
621,134,795.56,273.19,74.11,160.00,1.0000,-1,-1,-1
621,136,388.63,237.40,64.80,113.91,1.0000,-1,-1,-1
621,137,335.85,236.50,38.16,78.43,1.0000,-1,-1,-1
621,138,723.18,197.93,30.11,78.10,1.0000,-1,-1,-1
621,139,599.19,348.07,49.65,144.21,1.0000,-1,-1,-1
621,140,647.17,311.41,82.97,177.32,1.0000,-1,-1,-1
621,141,669.86,241.57,59.85,120.94,1.0000,-1,-1,-1
622,77,705.35,400.84,38.57,103.77,1.0000,-1,-1,-1
622,112,471.77,550.73,37.16,77.95,1.0000,-1,-1,-1
622,120,678.30,432.97,82.76,159.79,1.0000,-1,-1,-1
622,126,241.10,448.40,82.72,135.67,1.0000,-1,-1,-1
622,133,472.81,386.63,48.23,147.08,1.0000,-1,-1,-1
622,134,797.99,272.63,74.43,160.70,1.0000,-1,-1,-1
622,136,380.50,237.96,64.98,114.21,1.0000,-1,-1,-1
622,137,333.92,238.55,37.45,76.98,1.0000,-1,-1,-1
622,138,719.35,195.78,29.28,75.95,1.0000,-1,-1,-1
622,139,592.93,354.90,51.61,143.79,1.0000,-1,-1,-1
622,140,643.58,310.80,84.33,180.24,1.0000,-1,-1,-1
622,141,665.91,242.16,59.58,120.39,1.0000,-1,-1,-1
623,77,706.51,401.01,38.42,103.35,1.0000,-1,-1,-1
623,112,465.86,552.11,37.04,77.69,1.0000,-1,-1,-1
623,120,680.29,445.57,87.09,156.71,1.0000,-1,-1,-1
623,126,230.21,453.02,80.76,135.05,1.0000,-1,-1,-1
623,133,471.51,393.03,47.11,147.35,1.0000,-1,-1,-1
623,134,800.41,272.07,74.75,161.39,1.0000,-1,-1,-1
623,136,376.35,236.11,58.71,121.78,1.0000,-1,-1,-1
623,137,331.99,240.61,36.73,75.50,1.0000,-1,-1,-1
623,138,715.53,193.65,28.43,73.74,1.0000,-1,-1,-1
623,139,583.72,359.66,56.64,142.84,1.0000,-1,-1,-1
623,140,640.01,310.21,85.67,183.10,1.0000,-1,-1,-1
623,141,661.97,242.74,59.31,119.85,1.0000,-1,-1,-1
624,77,707.67,401.18,38.26,102.93,1.0000,-1,-1,-1
624,112,459.95,553.49,36.91,77.43,1.0000,-1,-1,-1
624,120,680.49,467.14,92.56,147.68,1.0000,-1,-1,-1
624,126,217.42,462.55,81.65,135.21,1.0000,-1,-1,-1
624,133,468.24,403.38,46.66,148.11,1.0000,-1,-1,-1
624,136,364.30,245.87,53.40,121.71,1.0000,-1,-1,-1
624,137,330.07,242.68,36.00,73.99,1.0000,-1,-1,-1
624,138,711.73,191.56,27.55,71.46,1.0000,-1,-1,-1
624,139,575.69,371.66,60.38,140.95,1.0000,-1,-1,-1
624,140,636.45,309.65,86.99,185.93,1.0000,-1,-1,-1
624,141,658.02,243.33,59.04,119.30,1.0000,-1,-1,-1
625,77,708.82,401.35,38.10,102.50,1.0000,-1,-1,-1
625,112,454.04,554.87,36.79,77.17,1.0000,-1,-1,-1
625,120,679.44,475.11,97.09,141.93,1.0000,-1,-1,-1
625,126,206.18,470.30,83.09,135.63,1.0000,-1,-1,-1
625,133,465.06,411.84,46.01,148.79,1.0000,-1,-1,-1
625,136,355.16,246.86,50.57,124.60,1.0000,-1,-1,-1
625,137,328.16,244.78,35.25,72.46,1.0000,-1,-1,-1
625,138,707.94,189.51,26.64,69.11,1.0000,-1,-1,-1
625,139,571.61,380.48,64.71,140.14,1.0000,-1,-1,-1
625,140,632.90,309.10,88.30,188.71,1.0000,-1,-1,-1
625,141,654.08,243.92,58.77,118.75,1.0000,-1,-1,-1
626,77,709.98,401.53,37.95,102.08,1.0000,-1,-1,-1
626,112,448.14,556.24,36.66,76.91,1.0000,-1,-1,-1
626,120,679.01,480.42,101.40,138.33,1.0000,-1,-1,-1
626,126,193.82,478.16,78.42,136.04,1.0000,-1,-1,-1
626,133,462.74,417.78,46.48,150.03,1.0000,-1,-1,-1
626,136,347.37,259.45,50.93,121.95,1.0000,-1,-1,-1
626,137,326.25,246.88,34.49,70.89,1.0000,-1,-1,-1
626,138,704.16,187.50,25.70,66.67,1.0000,-1,-1,-1
626,139,570.36,389.27,72.42,139.77,1.0000,-1,-1,-1
626,140,629.35,308.58,89.58,191.45,1.0000,-1,-1,-1
626,141,650.14,244.51,58.50,118.20,1.0000,-1,-1,-1
627,77,711.13,401.70,37.79,101.65,1.0000,-1,-1,-1
627,112,442.23,557.62,36.54,76.64,1.0000,-1,-1,-1
627,120,682.70,484.20,103.81,135.52,1.0000,-1,-1,-1
627,126,183.91,485.15,74.50,135.30,1.0000,-1,-1,-1
627,133,459.75,422.62,46.29,152.75,1.0000,-1,-1,-1
627,136,340.07,268.91,55.45,120.41,1.0000,-1,-1,-1
627,137,324.36,249.01,33.71,69.28,1.0000,-1,-1,-1
627,138,700.41,185.54,24.73,64.15,1.0000,-1,-1,-1
627,139,567.15,392.78,79.44,143.17,1.0000,-1,-1,-1
627,140,625.82,308.08,90.84,194.15,1.0000,-1,-1,-1
627,141,646.20,245.10,58.22,117.65,1.0000,-1,-1,-1
628,77,712.29,401.87,37.63,101.22,1.0000,-1,-1,-1
628,112,436.32,559.00,36.41,76.38,1.0000,-1,-1,-1
628,120,687.21,490.42,105.70,132.69,1.0000,-1,-1,-1
628,126,174.90,496.07,71.36,138.31,1.0000,-1,-1,-1
628,133,458.72,426.59,48.83,153.48,1.0000,-1,-1,-1
628,136,331.73,271.91,55.51,120.55,1.0000,-1,-1,-1
628,137,322.47,251.15,32.91,67.63,1.0000,-1,-1,-1
628,138,696.67,183.63,23.71,61.51,1.0000,-1,-1,-1
628,139,564.62,389.01,88.64,150.63,1.0000,-1,-1,-1
628,140,622.29,307.59,92.09,196.81,1.0000,-1,-1,-1
628,141,642.26,245.69,57.95,117.09,1.0000,-1,-1,-1
628,143,662.04,453.05,59.40,137.40,1.0000,-1,-1,-1
629,77,713.45,402.05,37.47,100.79,1.0000,-1,-1,-1
629,112,430.41,560.38,36.29,76.12,1.0000,-1,-1,-1
629,120,693.76,496.95,105.44,127.60,1.0000,-1,-1,-1
629,126,157.28,510.98,69.35,141.42,1.0000,-1,-1,-1
629,133,452.73,434.98,48.09,153.99,1.0000,-1,-1,-1
629,136,323.39,274.92,55.58,120.69,1.0000,-1,-1,-1
629,137,320.60,253.31,32.08,65.95,1.0000,-1,-1,-1
629,138,692.95,181.78,22.65,58.76,1.0000,-1,-1,-1
629,139,557.99,393.51,93.34,157.16,1.0000,-1,-1,-1
629,140,618.78,307.13,93.32,199.44,1.0000,-1,-1,-1
629,141,638.32,246.28,57.67,116.53,1.0000,-1,-1,-1
629,143,659.47,463.24,64.54,141.51,1.0000,-1,-1,-1
630,77,714.60,402.23,37.31,100.36,1.0000,-1,-1,-1
630,112,424.51,561.76,36.16,75.85,1.0000,-1,-1,-1
630,120,696.99,499.57,105.53,124.44,1.0000,-1,-1,-1
630,126,143.45,518.93,68.57,144.16,1.0000,-1,-1,-1
630,133,447.67,439.95,46.88,154.07,1.0000,-1,-1,-1
630,136,315.05,277.92,55.64,120.82,1.0000,-1,-1,-1
630,137,318.73,255.50,31.24,64.22,1.0000,-1,-1,-1
630,138,689.27,179.99,21.54,55.88,1.0000,-1,-1,-1
630,139,556.41,401.83,95.32,160.37,1.0000,-1,-1,-1
630,140,615.27,306.68,94.53,202.04,1.0000,-1,-1,-1
630,141,649.81,269.87,58.10,131.76,1.0000,-1,-1,-1
630,143,657.09,469.67,67.43,143.60,1.0000,-1,-1,-1
631,77,715.76,402.40,37.15,99.93,1.0000,-1,-1,-1
631,112,418.60,563.14,36.03,75.59,1.0000,-1,-1,-1
631,120,700.07,503.42,105.74,124.69,1.0000,-1,-1,-1
631,126,130.07,525.44,69.87,147.63,1.0000,-1,-1,-1
631,133,444.10,443.02,48.24,153.80,1.0000,-1,-1,-1
631,136,306.71,280.93,55.70,120.96,1.0000,-1,-1,-1
631,137,316.88,257.71,30.38,62.44,1.0000,-1,-1,-1
631,138,685.61,178.28,20.37,52.83,1.0000,-1,-1,-1
631,139,554.15,406.45,96.17,161.80,1.0000,-1,-1,-1
631,140,611.77,306.24,95.73,204.60,1.0000,-1,-1,-1
631,141,648.46,276.17,54.85,130.83,1.0000,-1,-1,-1
631,143,652.98,474.60,73.52,146.09,1.0000,-1,-1,-1
632,77,716.92,402.58,36.98,99.49,1.0000,-1,-1,-1
632,112,412.69,564.52,35.91,75.32,1.0000,-1,-1,-1
632,120,703.15,507.27,105.95,124.93,1.0000,-1,-1,-1
632,126,115.88,530.37,74.51,150.75,1.0000,-1,-1,-1
632,133,442.39,444.83,54.36,155.14,1.0000,-1,-1,-1
632,136,298.37,283.93,55.76,121.09,1.0000,-1,-1,-1
632,137,315.03,259.95,29.49,60.61,1.0000,-1,-1,-1
632,138,681.99,176.67,19.12,49.60,1.0000,-1,-1,-1
632,139,551.89,411.07,97.01,163.22,1.0000,-1,-1,-1
632,140,608.27,305.83,96.92,207.13,1.0000,-1,-1,-1
632,141,647.13,277.28,53.44,133.49,1.0000,-1,-1,-1
632,143,653.24,476.23,81.36,148.43,1.0000,-1,-1,-1
633,112,406.79,565.91,35.78,75.05,1.0000,-1,-1,-1
633,120,712.78,507.10,91.40,119.50,1.0000,-1,-1,-1
633,126,101.49,534.00,80.57,153.10,1.0000,-1,-1,-1
633,133,437.54,447.43,57.48,156.74,1.0000,-1,-1,-1
633,136,290.03,286.94,55.83,121.23,1.0000,-1,-1,-1
633,137,313.21,262.21,28.57,58.72,1.0000,-1,-1,-1
633,138,678.41,175.17,17.79,46.15,1.0000,-1,-1,-1
633,139,549.63,415.69,97.85,164.63,1.0000,-1,-1,-1
633,140,604.79,305.42,98.09,209.63,1.0000,-1,-1,-1
633,141,644.27,280.07,53.31,133.17,1.0000,-1,-1,-1
633,143,652.66,474.90,78.38,138.13,1.0000,-1,-1,-1
633,144,338.23,658.54,76.27,60.99,1.0000,-1,-1,-1
634,112,400.88,567.29,35.65,74.78,1.0000,-1,-1,-1
634,120,715.84,510.43,91.51,119.64,1.0000,-1,-1,-1
634,126,74.65,542.25,82.47,154.42,1.0000,-1,-1,-1
634,133,429.79,449.74,61.65,158.64,1.0000,-1,-1,-1
634,136,284.87,309.19,57.38,126.46,1.0000,-1,-1,-1
634,137,311.39,264.51,27.62,56.77,1.0000,-1,-1,-1
634,138,674.88,173.81,16.35,42.42,1.0000,-1,-1,-1
634,139,585.89,415.94,77.92,160.82,1.0000,-1,-1,-1
634,140,601.31,305.04,99.24,212.10,1.0000,-1,-1,-1
634,141,643.63,289.90,53.47,131.13,1.0000,-1,-1,-1
634,143,652.04,477.87,80.07,141.11,1.0000,-1,-1,-1
634,144,318.90,658.96,80.32,61.63,1.0000,-1,-1,-1
635,112,394.98,568.67,35.52,74.51,1.0000,-1,-1,-1
635,120,723.29,506.14,77.51,116.49,1.0000,-1,-1,-1
635,126,52.71,547.85,80.47,156.02,1.0000,-1,-1,-1
635,133,424.99,451.34,64.03,159.31,1.0000,-1,-1,-1
635,136,281.63,310.16,56.68,128.74,1.0000,-1,-1,-1
635,137,309.60,266.84,26.64,54.76,1.0000,-1,-1,-1
635,139,593.18,419.90,69.25,159.81,1.0000,-1,-1,-1
635,140,597.83,304.66,100.38,214.54,1.0000,-1,-1,-1
635,141,641.07,291.40,53.71,133.29,1.0000,-1,-1,-1
635,143,651.44,480.87,81.72,144.02,1.0000,-1,-1,-1
635,144,314.39,664.55,75.03,56.72,1.0000,-1,-1,-1
636,112,389.07,570.05,35.39,74.24,1.0000,-1,-1,-1
636,120,728.76,505.96,70.48,114.49,1.0000,-1,-1,-1
636,126,31.40,551.97,77.26,156.55,1.0000,-1,-1,-1
636,133,421.48,452.80,65.07,158.44,1.0000,-1,-1,-1
636,136,273.63,310.03,58.23,131.34,1.0000,-1,-1,-1
636,137,307.82,269.21,25.62,52.66,1.0000,-1,-1,-1
636,139,597.08,422.98,66.77,162.83,1.0000,-1,-1,-1
636,140,594.37,304.30,101.51,216.96,1.0000,-1,-1,-1
636,141,638.43,294.67,53.60,133.02,1.0000,-1,-1,-1
636,143,658.82,481.68,70.52,137.40,1.0000,-1,-1,-1
636,144,304.71,666.30,73.65,55.68,1.0000,-1,-1,-1
637,112,383.16,571.44,35.26,73.97,1.0000,-1,-1,-1
637,120,732.39,505.64,67.25,113.87,1.0000,-1,-1,-1
637,126,13.81,554.96,75.31,158.10,1.0000,-1,-1,-1
637,133,416.87,454.48,65.01,156.48,1.0000,-1,-1,-1
637,136,268.63,311.00,57.34,131.76,1.0000,-1,-1,-1
637,137,306.06,271.62,24.56,50.48,1.0000,-1,-1,-1
637,139,597.49,424.19,67.61,166.08,1.0000,-1,-1,-1
637,140,590.91,303.96,102.63,219.34,1.0000,-1,-1,-1
637,141,635.79,297.95,53.49,132.75,1.0000,-1,-1,-1
637,143,661.89,482.18,65.95,136.69,1.0000,-1,-1,-1
637,144,295.05,668.06,72.24,54.62,1.0000,-1,-1,-1
638,112,377.26,572.82,35.13,73.70,1.0000,-1,-1,-1
638,120,734.61,504.69,66.49,113.36,1.0000,-1,-1,-1
638,126,-1.74,556.07,73.03,160.06,1.0000,-1,-1,-1
638,133,410.52,458.02,64.20,156.46,1.0000,-1,-1,-1
638,136,264.53,311.97,57.26,132.30,1.0000,-1,-1,-1
638,137,304.33,274.09,23.45,48.19,1.0000,-1,-1,-1
638,139,597.17,428.50,70.77,166.25,1.0000,-1,-1,-1
638,140,587.45,303.62,103.74,221.71,1.0000,-1,-1,-1
638,141,627.22,293.04,56.79,137.44,1.0000,-1,-1,-1
638,143,661.58,483.73,64.64,136.86,1.0000,-1,-1,-1
638,144,294.49,674.72,63.34,46.64,1.0000,-1,-1,-1
638,145,533.43,422.28,90.80,136.47,1.0000,-1,-1,-1
639,112,371.35,574.21,35.00,73.43,1.0000,-1,-1,-1
639,120,737.51,504.25,66.68,115.32,1.0000,-1,-1,-1
639,126,-16.19,561.80,73.22,160.49,1.0000,-1,-1,-1
639,133,404.25,461.15,65.90,153.21,1.0000,-1,-1,-1
639,136,254.91,308.62,57.40,134.62,1.0000,-1,-1,-1
639,137,302.63,276.61,22.28,45.80,1.0000,-1,-1,-1
639,139,597.88,432.63,71.07,166.93,1.0000,-1,-1,-1
639,140,584.00,303.30,104.83,224.04,1.0000,-1,-1,-1
639,141,612.00,285.76,61.90,140.85,1.0000,-1,-1,-1
639,143,662.93,483.34,61.79,136.08,1.0000,-1,-1,-1
639,144,286.76,677.45,59.99,44.17,1.0000,-1,-1,-1
639,145,534.10,423.05,92.07,138.37,1.0000,-1,-1,-1
640,112,365.45,575.59,34.87,73.15,1.0000,-1,-1,-1
640,120,740.21,505.90,66.64,115.26,1.0000,-1,-1,-1
640,126,-30.63,567.53,73.42,160.91,1.0000,-1,-1,-1
640,133,405.28,459.52,64.68,145.88,1.0000,-1,-1,-1
640,136,247.00,306.96,57.01,136.53,1.0000,-1,-1,-1
640,139,598.60,436.77,71.36,167.62,1.0000,-1,-1,-1
640,140,580.56,302.99,105.91,226.36,1.0000,-1,-1,-1
640,141,608.04,287.55,62.02,141.13,1.0000,-1,-1,-1
640,143,663.28,478.98,58.42,129.42,1.0000,-1,-1,-1
640,144,279.13,680.24,56.45,41.57,1.0000,-1,-1,-1
640,145,534.79,423.83,93.32,140.25,1.0000,-1,-1,-1
641,112,359.55,576.98,34.74,72.88,1.0000,-1,-1,-1
641,120,739.57,498.65,73.72,119.94,1.0000,-1,-1,-1
641,126,-45.08,573.26,73.61,161.33,1.0000,-1,-1,-1
641,133,402.26,461.63,64.86,146.27,1.0000,-1,-1,-1
641,136,240.44,305.36,57.14,138.29,1.0000,-1,-1,-1
641,139,599.32,440.90,71.65,168.30,1.0000,-1,-1,-1
641,140,577.12,302.69,106.98,228.65,1.0000,-1,-1,-1
641,141,604.07,289.33,62.15,141.41,1.0000,-1,-1,-1
641,143,664.88,481.25,56.84,131.07,1.0000,-1,-1,-1
641,144,271.62,683.12,52.67,38.78,1.0000,-1,-1,-1
641,145,535.49,424.62,94.55,142.10,1.0000,-1,-1,-1
642,112,353.64,578.36,34.61,72.60,1.0000,-1,-1,-1
642,120,737.70,494.76,79.57,123.44,1.0000,-1,-1,-1
642,126,-59.52,579.00,73.80,161.75,1.0000,-1,-1,-1
642,133,396.06,463.05,72.23,149.23,1.0000,-1,-1,-1
642,136,234.07,304.37,57.45,140.04,1.0000,-1,-1,-1
642,139,600.04,445.04,71.94,168.97,1.0000,-1,-1,-1
642,141,600.11,291.12,62.27,141.69,1.0000,-1,-1,-1
642,143,665.20,483.23,56.53,130.35,1.0000,-1,-1,-1
642,144,264.26,686.11,48.60,35.78,1.0000,-1,-1,-1
642,145,536.19,425.42,95.77,143.93,1.0000,-1,-1,-1
643,112,347.74,579.75,34.48,72.32,1.0000,-1,-1,-1
643,120,735.94,490.10,86.39,126.39,1.0000,-1,-1,-1
643,126,-73.97,584.73,73.99,162.17,1.0000,-1,-1,-1
643,133,395.33,460.38,75.34,149.90,1.0000,-1,-1,-1
643,136,227.95,302.77,57.81,141.50,1.0000,-1,-1,-1
643,139,600.76,449.18,72.22,169.65,1.0000,-1,-1,-1
643,141,596.15,292.91,62.39,141.96,1.0000,-1,-1,-1
643,143,665.52,485.22,56.22,129.63,1.0000,-1,-1,-1
643,144,257.09,689.23,44.16,32.51,1.0000,-1,-1,-1
643,145,566.40,429.16,77.98,137.94,1.0000,-1,-1,-1
643,146,113.33,290.39,70.61,153.99,1.0000,-1,-1,-1
644,112,341.83,581.14,34.34,72.04,1.0000,-1,-1,-1
644,120,733.48,484.83,88.14,128.94,1.0000,-1,-1,-1
644,126,-88.41,590.46,74.18,162.59,1.0000,-1,-1,-1
644,133,393.90,458.59,81.92,156.34,1.0000,-1,-1,-1
644,136,218.95,298.30,58.63,145.30,1.0000,-1,-1,-1
644,139,601.47,453.32,72.51,170.32,1.0000,-1,-1,-1
644,141,592.18,294.69,62.51,142.24,1.0000,-1,-1,-1
644,143,669.50,469.94,53.24,135.42,1.0000,-1,-1,-1
644,144,250.16,692.55,39.21,28.87,1.0000,-1,-1,-1
644,145,571.49,431.35,77.26,136.67,1.0000,-1,-1,-1
644,146,89.41,287.88,81.64,157.91,1.0000,-1,-1,-1
645,112,335.93,582.52,34.21,71.76,1.0000,-1,-1,-1
645,120,733.22,481.19,89.16,131.96,1.0000,-1,-1,-1
645,126,-102.86,596.19,74.37,163.00,1.0000,-1,-1,-1
645,133,397.85,454.24,86.18,158.22,1.0000,-1,-1,-1
645,136,212.24,295.60,58.48,147.54,1.0000,-1,-1,-1
645,139,602.19,457.46,72.79,170.99,1.0000,-1,-1,-1
645,141,588.22,296.48,62.63,142.52,1.0000,-1,-1,-1
645,143,671.11,464.11,51.98,142.46,1.0000,-1,-1,-1
645,144,243.60,696.12,33.54,24.70,1.0000,-1,-1,-1
645,145,576.58,433.54,76.54,135.38,1.0000,-1,-1,-1
645,146,73.91,287.46,89.61,159.68,1.0000,-1,-1,-1
646,112,330.03,583.91,34.08,71.48,1.0000,-1,-1,-1
646,120,733.32,477.99,90.18,135.05,1.0000,-1,-1,-1
646,126,-117.30,601.93,74.56,163.42,1.0000,-1,-1,-1
646,133,405.61,449.09,87.14,156.48,1.0000,-1,-1,-1
646,136,205.96,294.83,58.85,148.16,1.0000,-1,-1,-1
646,139,602.92,461.61,73.08,171.66,1.0000,-1,-1,-1
646,141,584.25,298.27,62.75,142.79,1.0000,-1,-1,-1
646,143,673.70,458.82,52.68,150.98,1.0000,-1,-1,-1
646,144,237.62,700.13,26.69,19.65,1.0000,-1,-1,-1
646,145,569.54,421.16,84.35,154.21,1.0000,-1,-1,-1
646,146,61.49,287.52,95.90,159.39,1.0000,-1,-1,-1
647,112,324.12,585.30,33.94,71.20,1.0000,-1,-1,-1
647,120,733.81,474.76,90.63,138.26,1.0000,-1,-1,-1
647,126,-131.74,607.66,74.75,163.83,1.0000,-1,-1,-1
647,133,410.21,441.72,88.25,151.62,1.0000,-1,-1,-1
647,136,198.77,295.71,59.01,148.56,1.0000,-1,-1,-1
647,139,603.64,465.75,73.36,172.32,1.0000,-1,-1,-1
647,141,580.29,300.06,62.87,143.06,1.0000,-1,-1,-1
647,143,675.93,454.62,53.56,156.20,1.0000,-1,-1,-1
647,144,232.91,705.07,17.32,12.76,1.0000,-1,-1,-1
647,145,570.68,417.46,85.02,157.65,1.0000,-1,-1,-1
647,146,52.55,287.11,98.43,158.01,1.0000,-1,-1,-1
648,112,318.22,586.69,33.81,70.92,1.0000,-1,-1,-1
648,120,733.44,471.28,90.79,139.74,1.0000,-1,-1,-1
648,126,-146.19,613.40,74.94,164.25,1.0000,-1,-1,-1
648,133,412.83,438.05,87.96,148.95,1.0000,-1,-1,-1
648,136,191.58,296.60,59.17,148.96,1.0000,-1,-1,-1
648,139,604.36,469.90,73.64,172.98,1.0000,-1,-1,-1
648,141,576.33,301.84,62.99,143.34,1.0000,-1,-1,-1
648,143,678.23,449.54,53.64,154.70,1.0000,-1,-1,-1
648,144,223.51,706.56,17.32,12.76,1.0000,-1,-1,-1
648,145,571.71,417.04,84.95,158.60,1.0000,-1,-1,-1
648,146,44.60,285.45,101.17,157.96,1.0000,-1,-1,-1
649,112,312.32,588.08,33.67,70.63,1.0000,-1,-1,-1
649,120,724.14,465.26,97.01,143.93,1.0000,-1,-1,-1
649,126,-160.63,619.13,75.13,164.66,1.0000,-1,-1,-1
649,133,408.97,433.41,87.78,151.79,1.0000,-1,-1,-1
649,136,186.60,282.26,61.51,157.16,1.0000,-1,-1,-1
649,139,605.08,474.05,73.92,173.64,1.0000,-1,-1,-1
649,141,572.36,303.63,63.11,143.61,1.0000,-1,-1,-1
649,143,679.87,443.45,54.23,155.50,1.0000,-1,-1,-1
649,144,214.11,708.05,17.32,12.76,1.0000,-1,-1,-1
649,145,574.81,416.04,86.74,161.64,1.0000,-1,-1,-1
649,146,25.96,283.17,100.11,158.32,1.0000,-1,-1,-1
650,112,306.42,589.47,33.54,70.35,1.0000,-1,-1,-1
650,120,719.64,460.64,101.48,147.19,1.0000,-1,-1,-1
650,126,-175.07,624.87,75.32,165.07,1.0000,-1,-1,-1
650,133,406.29,428.39,86.19,154.17,1.0000,-1,-1,-1
650,136,179.67,282.15,61.70,157.66,1.0000,-1,-1,-1
650,139,605.80,478.19,74.20,174.30,1.0000,-1,-1,-1
650,141,568.40,305.42,63.23,143.89,1.0000,-1,-1,-1
650,143,680.95,442.30,54.23,155.49,1.0000,-1,-1,-1
650,144,204.71,709.54,17.32,12.76,1.0000,-1,-1,-1
650,145,577.80,416.07,87.31,162.70,1.0000,-1,-1,-1
650,146,15.76,280.73,94.30,159.14,1.0000,-1,-1,-1
651,120,717.79,455.27,104.38,149.97,1.0000,-1,-1,-1
651,126,-189.52,630.60,75.50,165.48,1.0000,-1,-1,-1
651,133,403.87,425.52,88.70,156.82,1.0000,-1,-1,-1
651,136,172.74,282.04,61.90,158.16,1.0000,-1,-1,-1
651,139,606.53,482.34,74.48,174.95,1.0000,-1,-1,-1
651,141,564.44,307.21,63.35,144.16,1.0000,-1,-1,-1
651,143,682.04,441.15,54.23,155.48,1.0000,-1,-1,-1
651,144,195.31,711.03,17.32,12.76,1.0000,-1,-1,-1
651,145,580.78,416.09,87.88,163.76,1.0000,-1,-1,-1
651,146,7.39,279.35,88.34,160.15,1.0000,-1,-1,-1
652,120,720.36,450.82,104.27,153.09,1.0000,-1,-1,-1
652,126,-203.96,636.34,75.69,165.89,1.0000,-1,-1,-1
652,133,404.89,422.29,92.57,159.28,1.0000,-1,-1,-1
652,136,165.81,281.92,62.09,158.66,1.0000,-1,-1,-1
652,139,607.25,486.49,74.76,175.60,1.0000,-1,-1,-1
652,141,560.47,309.00,63.47,144.43,1.0000,-1,-1,-1
652,143,683.12,440.01,54.22,155.47,1.0000,-1,-1,-1
652,144,185.91,712.52,17.32,12.76,1.0000,-1,-1,-1
652,145,583.77,416.12,88.44,164.81,1.0000,-1,-1,-1
652,146,-0.15,277.61,83.90,161.05,1.0000,-1,-1,-1
653,120,719.42,447.23,105.74,155.37,1.0000,-1,-1,-1
653,126,-218.40,642.08,75.88,166.30,1.0000,-1,-1,-1
653,133,405.36,419.85,95.27,161.44,1.0000,-1,-1,-1
653,136,161.58,290.14,64.99,156.68,1.0000,-1,-1,-1
653,139,607.97,490.65,75.03,176.25,1.0000,-1,-1,-1
653,141,564.80,290.97,59.70,142.47,1.0000,-1,-1,-1
653,143,684.20,438.86,54.22,155.46,1.0000,-1,-1,-1
653,144,176.52,714.01,17.32,12.76,1.0000,-1,-1,-1
653,145,586.76,416.15,89.01,165.86,1.0000,-1,-1,-1
653,146,-6.82,275.09,81.28,163.50,1.0000,-1,-1,-1
653,147,1015.13,430.05,54.15,173.62,1.0000,-1,-1,-1
654,120,717.58,441.56,106.92,157.67,1.0000,-1,-1,-1
654,126,-232.84,647.82,76.06,166.71,1.0000,-1,-1,-1
654,133,411.18,415.45,96.36,164.48,1.0000,-1,-1,-1
654,136,154.96,290.58,65.21,157.19,1.0000,-1,-1,-1
654,139,608.70,494.80,75.31,176.90,1.0000,-1,-1,-1
654,141,560.73,288.16,65.56,146.91,1.0000,-1,-1,-1
654,143,685.29,437.71,54.21,155.45,1.0000,-1,-1,-1
654,144,167.12,715.50,17.32,12.76,1.0000,-1,-1,-1
654,145,603.12,416.70,78.58,169.58,1.0000,-1,-1,-1
654,146,-11.51,272.31,74.32,166.16,1.0000,-1,-1,-1
654,147,1017.67,431.76,55.04,177.45,1.0000,-1,-1,-1
655,120,716.47,436.79,106.65,159.27,1.0000,-1,-1,-1
655,126,-247.28,653.56,76.25,167.11,1.0000,-1,-1,-1
655,133,418.68,410.80,93.92,166.55,1.0000,-1,-1,-1
655,136,148.34,291.02,65.42,157.70,1.0000,-1,-1,-1
655,139,609.42,498.95,75.58,177.55,1.0000,-1,-1,-1
655,141,555.46,284.44,71.16,154.39,1.0000,-1,-1,-1
655,143,686.37,436.57,54.21,155.43,1.0000,-1,-1,-1
655,144,157.72,716.99,17.32,12.76,1.0000,-1,-1,-1
655,145,606.94,417.16,78.81,170.09,1.0000,-1,-1,-1
655,146,-23.84,270.33,74.94,167.56,1.0000,-1,-1,-1
655,147,1020.07,431.78,56.29,180.40,1.0000,-1,-1,-1
655,149,473.87,271.35,66.33,149.80,1.0000,-1,-1,-1
656,120,714.27,434.74,105.92,160.18,1.0000,-1,-1,-1
656,126,-261.73,659.29,76.43,167.52,1.0000,-1,-1,-1
656,133,427.09,402.73,91.11,170.52,1.0000,-1,-1,-1
656,136,141.72,291.46,65.63,158.20,1.0000,-1,-1,-1
656,139,610.15,503.11,75.86,178.19,1.0000,-1,-1,-1
656,141,552.05,284.79,71.41,154.93,1.0000,-1,-1,-1
656,143,687.46,435.42,54.21,155.42,1.0000,-1,-1,-1
656,144,148.32,718.48,17.32,12.76,1.0000,-1,-1,-1
656,145,615.46,415.38,71.77,174.59,1.0000,-1,-1,-1
656,146,-36.17,268.35,75.56,168.95,1.0000,-1,-1,-1
656,147,1021.87,431.39,57.49,182.06,1.0000,-1,-1,-1
656,149,467.80,270.08,69.62,157.23,1.0000,-1,-1,-1
657,120,715.71,433.83,103.01,160.51,1.0000,-1,-1,-1
657,126,-276.17,665.03,76.62,167.92,1.0000,-1,-1,-1
657,133,436.66,399.52,85.58,172.98,1.0000,-1,-1,-1
657,136,135.10,291.90,65.84,158.71,1.0000,-1,-1,-1
657,139,610.88,507.27,76.13,178.83,1.0000,-1,-1,-1
657,141,548.64,285.14,71.65,155.46,1.0000,-1,-1,-1
657,143,688.54,434.27,54.20,155.41,1.0000,-1,-1,-1
657,144,138.92,719.97,17.32,12.76,1.0000,-1,-1,-1
657,145,618.17,412.84,70.17,177.64,1.0000,-1,-1,-1
657,146,-48.49,266.39,76.18,170.33,1.0000,-1,-1,-1
657,147,1023.91,431.39,58.61,183.14,1.0000,-1,-1,-1
657,149,461.81,268.97,72.76,164.32,1.0000,-1,-1,-1
658,120,719.33,433.02,98.78,160.99,1.0000,-1,-1,-1
658,126,-290.61,670.77,76.80,168.33,1.0000,-1,-1,-1
658,133,444.55,394.55,79.63,175.33,1.0000,-1,-1,-1
658,136,128.48,292.34,66.04,159.21,1.0000,-1,-1,-1
658,139,611.60,511.42,76.40,179.47,1.0000,-1,-1,-1
658,141,545.23,285.50,71.90,155.99,1.0000,-1,-1,-1
658,143,689.62,433.13,54.20,155.40,1.0000,-1,-1,-1
658,144,129.52,721.46,17.32,12.76,1.0000,-1,-1,-1
658,145,618.40,410.85,70.38,180.76,1.0000,-1,-1,-1
658,146,-60.81,264.42,76.79,171.70,1.0000,-1,-1,-1
658,147,1025.86,430.62,59.78,183.96,1.0000,-1,-1,-1
658,149,455.87,268.01,75.78,171.12,1.0000,-1,-1,-1
659,120,723.75,433.91,95.64,161.67,1.0000,-1,-1,-1
659,126,-305.05,676.51,76.99,168.73,1.0000,-1,-1,-1
659,133,446.74,392.09,79.89,175.90,1.0000,-1,-1,-1
659,136,85.63,268.62,88.90,170.95,1.0000,-1,-1,-1
659,139,612.33,515.58,76.67,180.10,1.0000,-1,-1,-1
659,141,541.82,285.85,72.14,156.51,1.0000,-1,-1,-1
659,143,690.71,431.98,54.20,155.39,1.0000,-1,-1,-1
659,144,120.12,722.95,17.32,12.76,1.0000,-1,-1,-1
659,145,615.71,405.36,70.65,182.96,1.0000,-1,-1,-1
659,146,-73.13,262.47,77.40,173.05,1.0000,-1,-1,-1
659,147,1027.83,431.92,60.67,185.48,1.0000,-1,-1,-1
659,149,450.00,267.19,78.67,177.66,1.0000,-1,-1,-1
660,120,726.62,435.68,92.65,161.93,1.0000,-1,-1,-1
660,126,-319.49,682.25,77.17,169.13,1.0000,-1,-1,-1
660,133,465.76,389.79,79.26,175.72,1.0000,-1,-1,-1
660,136,66.38,263.96,96.24,174.10,1.0000,-1,-1,-1
660,139,613.06,519.74,76.94,180.73,1.0000,-1,-1,-1
660,141,521.49,290.15,80.86,153.74,1.0000,-1,-1,-1
660,143,691.79,430.84,54.19,155.38,1.0000,-1,-1,-1
660,144,110.72,724.44,17.32,12.76,1.0000,-1,-1,-1
660,145,612.87,400.92,72.22,186.22,1.0000,-1,-1,-1
660,146,-85.45,260.52,78.00,174.40,1.0000,-1,-1,-1
660,147,1029.30,432.58,61.90,188.03,1.0000,-1,-1,-1
660,149,448.76,290.30,67.28,153.37,1.0000,-1,-1,-1
661,120,727.99,436.66,89.99,162.44,1.0000,-1,-1,-1
661,126,-333.93,688.00,77.35,169.53,1.0000,-1,-1,-1
661,133,475.63,388.63,82.53,176.91,1.0000,-1,-1,-1
661,136,47.27,260.93,99.41,176.08,1.0000,-1,-1,-1
661,139,613.79,523.91,77.21,181.37,1.0000,-1,-1,-1
661,141,517.04,290.65,81.18,154.36,1.0000,-1,-1,-1
661,143,692.88,429.69,54.19,155.37,1.0000,-1,-1,-1
661,144,101.33,725.93,17.32,12.76,1.0000,-1,-1,-1
661,145,609.41,398.37,74.19,189.62,1.0000,-1,-1,-1
661,146,-97.77,258.57,78.60,175.74,1.0000,-1,-1,-1
661,147,1030.00,433.09,63.12,189.57,1.0000,-1,-1,-1
661,149,443.35,295.56,65.37,150.95,1.0000,-1,-1,-1
661,150,128.24,187.72,60.67,171.01,1.0000,-1,-1,-1
662,120,727.76,436.27,88.37,163.47,1.0000,-1,-1,-1
662,126,-348.37,693.74,77.53,169.93,1.0000,-1,-1,-1
662,133,480.71,388.97,84.34,177.77,1.0000,-1,-1,-1
662,136,31.69,257.36,99.10,177.73,1.0000,-1,-1,-1
662,139,614.52,528.07,77.48,181.99,1.0000,-1,-1,-1
662,141,512.59,291.14,81.51,154.97,1.0000,-1,-1,-1
662,143,693.96,428.54,54.19,155.36,1.0000,-1,-1,-1
662,144,91.93,727.42,17.32,12.76,1.0000,-1,-1,-1
662,145,611.32,397.75,74.42,190.22,1.0000,-1,-1,-1
662,146,-110.08,256.63,79.19,177.06,1.0000,-1,-1,-1
662,147,1030.06,433.63,64.62,190.63,1.0000,-1,-1,-1
662,149,438.00,298.90,65.87,152.12,1.0000,-1,-1,-1
662,150,124.44,184.39,61.11,172.27,1.0000,-1,-1,-1
663,120,727.16,434.56,87.15,165.94,1.0000,-1,-1,-1
663,126,-362.81,699.48,77.72,170.33,1.0000,-1,-1,-1
663,133,481.86,389.27,84.82,178.13,1.0000,-1,-1,-1
663,136,18.40,253.95,97.48,179.55,1.0000,-1,-1,-1
663,139,615.24,532.23,77.75,182.62,1.0000,-1,-1,-1
663,141,508.15,291.63,81.83,155.58,1.0000,-1,-1,-1
663,143,695.04,427.40,54.18,155.35,1.0000,-1,-1,-1
663,144,82.53,728.91,17.32,12.76,1.0000,-1,-1,-1
663,145,609.73,392.40,79.74,195.27,1.0000,-1,-1,-1
663,146,-122.39,254.69,79.78,178.38,1.0000,-1,-1,-1
663,147,1031.11,434.06,65.31,191.81,1.0000,-1,-1,-1
663,149,432.66,302.24,66.37,153.27,1.0000,-1,-1,-1
663,150,119.81,182.90,63.05,174.86,1.0000,-1,-1,-1
664,120,720.70,432.51,89.77,172.20,1.0000,-1,-1,-1
664,126,-377.25,705.22,77.90,170.73,1.0000,-1,-1,-1
664,133,483.75,388.47,82.69,178.32,1.0000,-1,-1,-1
664,136,-0.49,253.38,93.03,181.28,1.0000,-1,-1,-1
664,139,615.97,536.40,78.01,183.25,1.0000,-1,-1,-1
664,141,503.70,292.13,82.14,156.18,1.0000,-1,-1,-1
664,143,696.13,426.25,54.18,155.34,1.0000,-1,-1,-1
664,144,73.13,730.39,17.32,12.76,1.0000,-1,-1,-1
664,145,600.95,385.98,91.97,203.60,1.0000,-1,-1,-1
664,146,-134.70,252.76,80.36,179.68,1.0000,-1,-1,-1
664,147,1032.17,433.87,66.28,191.92,1.0000,-1,-1,-1
664,149,431.30,303.17,61.19,149.76,1.0000,-1,-1,-1
664,150,112.10,181.37,64.02,176.35,1.0000,-1,-1,-1
665,120,717.11,429.85,91.06,177.14,1.0000,-1,-1,-1
665,126,-391.69,710.97,78.08,171.13,1.0000,-1,-1,-1
665,133,485.26,386.13,82.16,178.71,1.0000,-1,-1,-1
665,136,-8.51,251.87,87.08,182.75,1.0000,-1,-1,-1
665,139,616.70,540.56,78.28,183.87,1.0000,-1,-1,-1
665,141,499.25,292.62,82.46,156.79,1.0000,-1,-1,-1
665,143,697.21,425.10,54.17,155.33,1.0000,-1,-1,-1
665,144,63.73,731.88,17.32,12.76,1.0000,-1,-1,-1
665,145,602.15,384.56,92.63,205.05,1.0000,-1,-1,-1
665,146,-147.01,250.83,80.94,180.98,1.0000,-1,-1,-1
665,147,1032.13,432.78,67.41,192.58,1.0000,-1,-1,-1
665,149,422.48,303.39,62.39,149.68,1.0000,-1,-1,-1
665,150,107.21,179.30,64.68,178.16,1.0000,-1,-1,-1
666,120,714.33,426.77,92.30,182.45,1.0000,-1,-1,-1
666,126,-406.13,716.71,78.26,171.52,1.0000,-1,-1,-1
666,133,488.85,384.28,82.41,179.26,1.0000,-1,-1,-1
666,136,-11.17,252.73,81.26,182.66,1.0000,-1,-1,-1
666,139,617.43,544.73,78.54,184.49,1.0000,-1,-1,-1
666,141,494.81,293.12,82.78,157.39,1.0000,-1,-1,-1
666,143,698.30,423.96,54.17,155.32,1.0000,-1,-1,-1
666,144,54.33,733.37,17.32,12.76,1.0000,-1,-1,-1
666,145,603.36,383.14,93.28,206.49,1.0000,-1,-1,-1
666,146,-159.32,248.91,81.52,182.27,1.0000,-1,-1,-1
666,147,1031.06,430.67,68.05,194.22,1.0000,-1,-1,-1
666,149,419.37,305.82,63.20,146.14,1.0000,-1,-1,-1
666,150,102.32,177.23,65.34,179.95,1.0000,-1,-1,-1
667,120,710.23,421.81,95.22,186.83,1.0000,-1,-1,-1
667,126,-420.57,722.45,78.44,171.92,1.0000,-1,-1,-1
667,133,492.45,382.44,82.67,179.82,1.0000,-1,-1,-1
667,136,-11.14,254.29,76.53,181.46,1.0000,-1,-1,-1
667,139,618.17,548.90,78.80,185.11,1.0000,-1,-1,-1
667,141,490.36,293.62,83.09,157.99,1.0000,-1,-1,-1
667,143,699.38,422.81,54.17,155.31,1.0000,-1,-1,-1
667,144,44.93,734.86,17.32,12.76,1.0000,-1,-1,-1
667,145,604.56,381.73,93.93,207.92,1.0000,-1,-1,-1
667,146,-171.62,246.99,82.09,183.55,1.0000,-1,-1,-1
667,147,1030.36,429.92,69.18,196.81,1.0000,-1,-1,-1
667,149,411.39,306.70,67.06,143.68,1.0000,-1,-1,-1
667,150,103.28,174.25,66.70,179.69,1.0000,-1,-1,-1
668,120,697.01,408.86,104.86,197.69,1.0000,-1,-1,-1
668,126,-435.01,728.20,78.62,172.31,1.0000,-1,-1,-1
668,133,496.05,380.59,82.92,180.37,1.0000,-1,-1,-1
668,136,-9.84,247.16,73.23,184.19,1.0000,-1,-1,-1
668,139,618.90,553.06,79.07,185.72,1.0000,-1,-1,-1
668,141,485.92,294.12,83.41,158.58,1.0000,-1,-1,-1
668,143,700.46,421.67,54.16,155.30,1.0000,-1,-1,-1
668,144,35.53,736.35,17.32,12.76,1.0000,-1,-1,-1
668,145,581.57,369.59,103.35,221.39,1.0000,-1,-1,-1
668,146,-183.92,245.08,82.66,184.81,1.0000,-1,-1,-1
668,147,1029.51,428.96,69.10,198.38,1.0000,-1,-1,-1
668,149,396.86,308.43,77.03,146.14,1.0000,-1,-1,-1
668,150,100.60,173.61,66.25,178.22,1.0000,-1,-1,-1
669,120,691.19,404.07,109.17,202.46,1.0000,-1,-1,-1
669,133,499.64,378.75,83.18,180.93,1.0000,-1,-1,-1
669,136,-19.25,245.65,73.49,184.84,1.0000,-1,-1,-1
669,141,481.48,294.62,83.72,159.18,1.0000,-1,-1,-1
669,143,701.55,420.52,54.16,155.29,1.0000,-1,-1,-1
669,145,581.95,361.66,99.63,226.50,1.0000,-1,-1,-1
669,146,-196.22,243.17,83.22,186.08,1.0000,-1,-1,-1
669,147,1030.60,428.67,69.75,200.24,1.0000,-1,-1,-1
669,149,387.08,308.41,82.89,147.13,1.0000,-1,-1,-1
669,150,96.87,171.48,66.74,179.54,1.0000,-1,-1,-1
670,120,683.48,399.93,114.84,206.31,1.0000,-1,-1,-1
670,133,503.24,376.91,83.43,181.48,1.0000,-1,-1,-1
670,136,-28.65,244.13,73.75,185.49,1.0000,-1,-1,-1
670,141,477.44,342.44,89.80,184.56,1.0000,-1,-1,-1
670,143,702.63,419.37,54.16,155.28,1.0000,-1,-1,-1
670,145,577.20,352.38,99.74,231.06,1.0000,-1,-1,-1
670,146,-208.52,241.27,83.78,187.33,1.0000,-1,-1,-1
670,147,1031.69,428.39,70.39,202.09,1.0000,-1,-1,-1
670,149,375.16,308.24,88.60,148.17,1.0000,-1,-1,-1
670,150,93.65,169.72,65.54,178.07,1.0000,-1,-1,-1
671,120,680.98,395.92,117.42,211.25,1.0000,-1,-1,-1
671,133,506.84,375.07,83.68,182.03,1.0000,-1,-1,-1
671,136,-38.06,242.62,74.01,186.13,1.0000,-1,-1,-1
671,141,473.14,346.53,90.22,185.43,1.0000,-1,-1,-1
671,143,703.72,418.23,54.15,155.27,1.0000,-1,-1,-1
671,145,578.09,348.02,97.03,232.90,1.0000,-1,-1,-1
671,146,-220.81,239.37,84.34,188.57,1.0000,-1,-1,-1
671,147,1032.79,428.11,71.03,203.92,1.0000,-1,-1,-1
671,149,363.18,310.81,91.45,151.74,1.0000,-1,-1,-1
671,150,92.83,167.75,63.97,177.86,1.0000,-1,-1,-1
672,120,678.71,393.83,119.14,214.21,1.0000,-1,-1,-1
672,133,510.44,373.23,83.93,182.57,1.0000,-1,-1,-1
672,136,-47.46,241.11,74.26,186.78,1.0000,-1,-1,-1
672,141,460.45,333.32,81.16,188.23,1.0000,-1,-1,-1
672,143,704.80,417.08,54.15,155.25,1.0000,-1,-1,-1
672,145,580.04,345.65,92.98,231.86,1.0000,-1,-1,-1
672,146,-233.10,237.47,84.89,189.81,1.0000,-1,-1,-1
672,147,1033.89,427.85,71.66,205.73,1.0000,-1,-1,-1
672,149,348.29,312.83,85.83,153.81,1.0000,-1,-1,-1
672,150,92.57,166.76,62.55,177.33,1.0000,-1,-1,-1
673,120,671.29,415.65,123.20,199.65,1.0000,-1,-1,-1
673,133,514.04,371.39,84.18,183.12,1.0000,-1,-1,-1
673,136,-56.87,239.60,74.52,187.42,1.0000,-1,-1,-1
673,141,456.59,324.13,76.62,189.52,1.0000,-1,-1,-1
673,143,705.88,415.93,54.14,155.24,1.0000,-1,-1,-1
673,145,573.93,344.86,94.70,230.97,1.0000,-1,-1,-1
673,146,-245.40,235.58,85.44,191.04,1.0000,-1,-1,-1
673,147,1024.22,422.43,70.28,201.04,1.0000,-1,-1,-1
673,149,336.08,316.65,81.07,156.95,1.0000,-1,-1,-1
673,150,89.46,164.98,62.68,177.69,1.0000,-1,-1,-1
674,120,668.89,415.33,123.56,200.23,1.0000,-1,-1,-1
674,133,517.64,369.55,84.43,183.66,1.0000,-1,-1,-1
674,136,-66.27,238.10,74.77,188.05,1.0000,-1,-1,-1
674,141,454.42,315.75,72.86,190.42,1.0000,-1,-1,-1
674,143,685.89,389.12,72.21,172.23,1.0000,-1,-1,-1
674,145,576.91,348.63,91.41,223.09,1.0000,-1,-1,-1
674,146,-257.69,233.69,85.98,192.26,1.0000,-1,-1,-1
674,147,1024.44,421.62,70.83,202.61,1.0000,-1,-1,-1
674,149,324.23,320.14,78.80,159.23,1.0000,-1,-1,-1
674,150,86.35,163.19,62.81,178.06,1.0000,-1,-1,-1
675,120,666.50,415.01,123.92,200.81,1.0000,-1,-1,-1
675,133,521.24,367.72,84.68,184.21,1.0000,-1,-1,-1
675,136,-75.68,236.59,75.02,188.69,1.0000,-1,-1,-1
675,141,451.97,309.12,70.57,189.77,1.0000,-1,-1,-1
675,143,682.33,387.46,74.91,173.05,1.0000,-1,-1,-1
675,145,575.89,346.09,91.94,224.38,1.0000,-1,-1,-1
675,146,-269.98,231.81,86.53,193.47,1.0000,-1,-1,-1
675,147,1024.66,420.83,71.38,204.18,1.0000,-1,-1,-1
675,149,316.06,321.67,77.75,159.46,1.0000,-1,-1,-1
675,150,83.24,161.41,62.93,178.42,1.0000,-1,-1,-1
675,151,368.15,311.12,75.89,193.91,1.0000,-1,-1,-1
676,120,664.10,414.69,124.28,201.39,1.0000,-1,-1,-1
676,133,524.84,365.88,84.93,184.75,1.0000,-1,-1,-1
676,136,-85.08,235.09,75.27,189.32,1.0000,-1,-1,-1
676,141,450.25,306.02,69.88,189.86,1.0000,-1,-1,-1
676,143,680.17,385.00,75.54,172.02,1.0000,-1,-1,-1
676,145,574.88,343.55,92.46,225.66,1.0000,-1,-1,-1
676,146,-282.26,229.93,87.07,194.67,1.0000,-1,-1,-1
676,147,1020.65,419.51,71.82,197.40,1.0000,-1,-1,-1
676,149,306.08,317.86,75.87,150.51,1.0000,-1,-1,-1
676,150,80.15,158.49,63.95,177.79,1.0000,-1,-1,-1
676,151,363.64,316.56,69.97,186.63,1.0000,-1,-1,-1
677,120,661.71,414.37,124.64,201.97,1.0000,-1,-1,-1
677,133,528.44,364.04,85.18,185.29,1.0000,-1,-1,-1
677,136,-94.48,233.58,75.53,189.96,1.0000,-1,-1,-1
677,141,447.94,304.68,68.69,189.88,1.0000,-1,-1,-1
677,143,676.68,382.43,75.24,171.41,1.0000,-1,-1,-1
677,145,585.38,363.12,110.70,222.43,1.0000,-1,-1,-1
677,146,-294.55,228.05,87.60,195.87,1.0000,-1,-1,-1
677,147,1020.01,419.30,72.39,194.63,1.0000,-1,-1,-1
677,149,297.11,318.98,78.26,146.09,1.0000,-1,-1,-1
677,150,77.07,156.54,64.10,178.20,1.0000,-1,-1,-1
677,151,355.37,320.03,67.18,182.63,1.0000,-1,-1,-1
678,120,659.31,414.05,124.99,202.55,1.0000,-1,-1,-1
678,133,511.20,340.32,81.40,172.61,1.0000,-1,-1,-1
678,136,-103.89,232.08,75.78,190.58,1.0000,-1,-1,-1
678,141,446.29,303.35,69.65,189.88,1.0000,-1,-1,-1
678,143,672.13,379.38,74.97,171.74,1.0000,-1,-1,-1
678,145,583.29,365.27,118.16,219.23,1.0000,-1,-1,-1
678,146,-306.83,226.18,88.13,197.06,1.0000,-1,-1,-1
678,147,1019.35,419.86,73.34,193.44,1.0000,-1,-1,-1
678,149,287.02,322.22,83.34,151.05,1.0000,-1,-1,-1
678,150,74.00,154.59,64.25,178.61,1.0000,-1,-1,-1
678,151,349.08,323.11,66.53,179.80,1.0000,-1,-1,-1
679,120,656.92,413.73,125.35,203.12,1.0000,-1,-1,-1
679,133,509.44,334.56,75.45,173.29,1.0000,-1,-1,-1
679,136,-113.29,230.58,76.03,191.21,1.0000,-1,-1,-1
679,141,442.71,299.43,68.60,188.35,1.0000,-1,-1,-1
679,143,667.12,377.43,74.94,174.56,1.0000,-1,-1,-1
679,145,577.45,366.94,124.21,226.67,1.0000,-1,-1,-1
679,146,-319.11,224.31,88.66,198.24,1.0000,-1,-1,-1
679,147,1017.09,423.90,74.35,193.25,1.0000,-1,-1,-1
679,149,265.24,324.16,88.92,156.32,1.0000,-1,-1,-1
679,150,70.92,152.64,64.39,179.01,1.0000,-1,-1,-1
679,151,329.90,319.79,71.33,180.66,1.0000,-1,-1,-1
680,120,654.53,413.41,125.70,203.70,1.0000,-1,-1,-1
680,133,501.69,330.55,75.23,174.30,1.0000,-1,-1,-1
680,136,-122.69,229.07,76.27,191.84,1.0000,-1,-1,-1
680,141,440.85,295.50,67.49,186.83,1.0000,-1,-1,-1
680,143,661.82,374.96,75.28,177.33,1.0000,-1,-1,-1
680,145,568.42,364.25,128.94,232.91,1.0000,-1,-1,-1
680,146,-331.39,222.44,89.19,199.42,1.0000,-1,-1,-1
680,147,1015.97,424.30,75.23,192.92,1.0000,-1,-1,-1
680,149,257.30,321.89,108.68,164.65,1.0000,-1,-1,-1
680,150,67.85,150.69,64.54,179.42,1.0000,-1,-1,-1
680,151,316.07,316.92,78.95,182.41,1.0000,-1,-1,-1
681,120,652.13,413.09,126.06,204.27,1.0000,-1,-1,-1
681,133,496.89,324.38,73.75,171.68,1.0000,-1,-1,-1
681,136,-132.09,227.57,76.52,192.46,1.0000,-1,-1,-1
681,141,439.19,291.23,66.44,185.31,1.0000,-1,-1,-1
681,143,658.39,374.50,75.82,181.26,1.0000,-1,-1,-1
681,145,551.52,359.91,123.82,236.69,1.0000,-1,-1,-1
681,146,-343.67,220.58,89.71,200.59,1.0000,-1,-1,-1
681,147,1014.36,425.30,75.66,192.71,1.0000,-1,-1,-1
681,149,237.26,322.69,114.33,167.82,1.0000,-1,-1,-1
681,150,64.77,148.74,64.69,179.82,1.0000,-1,-1,-1
681,151,302.79,313.24,87.54,184.66,1.0000,-1,-1,-1
682,120,649.74,412.78,126.41,204.84,1.0000,-1,-1,-1
682,133,497.22,320.45,73.91,172.04,1.0000,-1,-1,-1
682,136,-141.49,226.08,76.77,193.08,1.0000,-1,-1,-1
682,141,438.63,286.62,67.72,184.49,1.0000,-1,-1,-1
682,143,654.60,372.89,77.17,183.13,1.0000,-1,-1,-1
682,145,540.91,345.44,120.62,228.01,1.0000,-1,-1,-1
682,146,-355.95,218.72,90.23,201.75,1.0000,-1,-1,-1
682,147,1014.14,425.26,75.74,192.16,1.0000,-1,-1,-1
682,149,219.02,324.16,118.65,169.48,1.0000,-1,-1,-1
682,150,50.53,143.32,77.56,182.52,1.0000,-1,-1,-1
682,151,291.57,309.96,95.61,187.64,1.0000,-1,-1,-1
683,120,647.35,412.46,126.76,205.41,1.0000,-1,-1,-1
683,133,497.55,316.53,74.07,172.41,1.0000,-1,-1,-1
683,136,-150.89,224.58,77.01,193.70,1.0000,-1,-1,-1
683,141,435.00,284.77,67.90,184.97,1.0000,-1,-1,-1
683,143,653.26,372.94,77.68,184.31,1.0000,-1,-1,-1
683,145,536.11,337.56,117.38,221.41,1.0000,-1,-1,-1
683,146,-368.22,216.86,90.75,202.91,1.0000,-1,-1,-1
683,147,1013.67,424.30,76.29,192.05,1.0000,-1,-1,-1
683,149,201.82,325.45,120.35,171.07,1.0000,-1,-1,-1
683,150,43.68,139.77,82.44,184.56,1.0000,-1,-1,-1
683,151,273.58,309.36,106.38,190.08,1.0000,-1,-1,-1
684,120,644.96,412.15,127.11,205.98,1.0000,-1,-1,-1
684,133,497.88,312.60,74.22,172.77,1.0000,-1,-1,-1
684,136,-160.29,223.08,77.26,194.32,1.0000,-1,-1,-1
684,141,437.19,278.56,75.59,182.03,1.0000,-1,-1,-1
684,143,648.93,376.35,79.85,186.40,1.0000,-1,-1,-1
684,145,525.36,329.04,113.59,215.59,1.0000,-1,-1,-1
684,146,-380.50,215.01,91.26,204.05,1.0000,-1,-1,-1
684,147,1011.11,422.72,78.14,193.06,1.0000,-1,-1,-1
684,149,174.66,324.05,114.93,170.35,1.0000,-1,-1,-1
684,150,39.93,137.15,83.02,185.86,1.0000,-1,-1,-1
684,151,252.70,308.13,115.28,191.07,1.0000,-1,-1,-1
685,120,642.57,411.84,127.46,206.54,1.0000,-1,-1,-1
685,133,498.21,308.68,74.38,173.14,1.0000,-1,-1,-1
685,136,-169.69,221.58,77.50,194.93,1.0000,-1,-1,-1
685,141,433.84,275.75,80.38,181.09,1.0000,-1,-1,-1
685,143,644.20,380.11,82.26,186.28,1.0000,-1,-1,-1
685,145,521.89,324.38,106.32,211.79,1.0000,-1,-1,-1
685,147,1008.51,421.05,77.89,192.32,1.0000,-1,-1,-1
685,149,161.80,325.00,116.04,171.99,1.0000,-1,-1,-1
685,150,36.19,134.53,83.60,187.16,1.0000,-1,-1,-1
685,151,235.69,308.15,120.78,183.29,1.0000,-1,-1,-1
686,120,640.18,411.52,127.80,207.11,1.0000,-1,-1,-1
686,133,498.55,304.76,74.54,173.50,1.0000,-1,-1,-1
686,136,-179.09,220.09,77.75,195.55,1.0000,-1,-1,-1
686,141,431.17,273.22,80.64,181.68,1.0000,-1,-1,-1
686,143,633.02,382.99,89.16,187.22,1.0000,-1,-1,-1
686,145,510.65,325.57,105.37,211.08,1.0000,-1,-1,-1
686,147,1007.81,421.68,77.93,191.39,1.0000,-1,-1,-1
686,149,140.24,318.87,108.61,168.33,1.0000,-1,-1,-1
686,150,32.45,131.91,84.17,188.44,1.0000,-1,-1,-1
686,151,223.90,312.11,120.76,177.18,1.0000,-1,-1,-1
686,152,466.01,435.08,119.51,169.18,1.0000,-1,-1,-1
687,120,637.79,411.21,128.15,207.67,1.0000,-1,-1,-1
687,133,498.88,300.83,74.69,173.86,1.0000,-1,-1,-1
687,136,-188.49,218.59,77.99,196.16,1.0000,-1,-1,-1
687,141,428.49,270.68,80.90,182.26,1.0000,-1,-1,-1
687,143,626.43,385.19,94.70,187.35,1.0000,-1,-1,-1
687,145,512.82,325.83,97.94,210.03,1.0000,-1,-1,-1
687,147,1008.19,421.12,78.53,190.79,1.0000,-1,-1,-1
687,149,128.39,319.27,107.27,167.75,1.0000,-1,-1,-1
687,150,28.71,129.30,84.74,189.72,1.0000,-1,-1,-1
687,151,208.17,316.39,120.89,171.74,1.0000,-1,-1,-1
687,152,448.64,429.69,127.68,174.27,1.0000,-1,-1,-1
688,120,635.40,410.90,128.50,208.23,1.0000,-1,-1,-1
688,133,499.21,296.91,74.85,174.22,1.0000,-1,-1,-1
688,136,-197.89,217.10,78.23,196.77,1.0000,-1,-1,-1
688,141,425.82,268.15,81.16,182.84,1.0000,-1,-1,-1
688,143,621.53,385.66,98.88,184.54,1.0000,-1,-1,-1
688,145,511.28,326.74,90.79,208.64,1.0000,-1,-1,-1
688,147,1007.97,420.46,79.06,191.47,1.0000,-1,-1,-1
688,149,116.37,320.27,108.89,168.84,1.0000,-1,-1,-1
688,150,24.98,126.70,85.31,190.99,1.0000,-1,-1,-1
688,151,195.50,314.89,122.72,174.34,1.0000,-1,-1,-1
688,152,435.81,428.39,130.63,172.84,1.0000,-1,-1,-1
689,120,633.01,410.59,128.84,208.79,1.0000,-1,-1,-1
689,133,499.54,292.99,75.00,174.58,1.0000,-1,-1,-1
689,136,-207.29,215.61,78.48,197.38,1.0000,-1,-1,-1
689,141,423.15,265.61,81.42,183.42,1.0000,-1,-1,-1
689,143,618.08,386.99,100.41,181.99,1.0000,-1,-1,-1
689,145,505.51,329.66,85.39,207.28,1.0000,-1,-1,-1
689,147,1008.47,420.47,78.40,191.96,1.0000,-1,-1,-1
689,149,87.83,320.88,115.57,172.61,1.0000,-1,-1,-1
689,150,21.24,124.09,85.87,192.24,1.0000,-1,-1,-1
689,151,161.30,321.43,112.54,163.94,1.0000,-1,-1,-1
689,152,407.33,437.93,135.13,176.83,1.0000,-1,-1,-1
690,120,630.62,410.28,129.19,209.35,1.0000,-1,-1,-1
690,133,499.88,289.07,75.15,174.94,1.0000,-1,-1,-1
690,136,-216.69,214.12,78.72,197.98,1.0000,-1,-1,-1
690,141,437.79,271.37,97.29,179.83,1.0000,-1,-1,-1
690,143,608.17,388.03,104.32,179.80,1.0000,-1,-1,-1
690,145,501.13,332.23,83.44,206.23,1.0000,-1,-1,-1
690,147,1008.45,420.59,78.38,193.27,1.0000,-1,-1,-1
690,149,73.11,321.21,116.52,174.04,1.0000,-1,-1,-1
690,150,17.51,121.50,86.43,193.50,1.0000,-1,-1,-1
690,151,135.25,330.15,121.87,173.81,1.0000,-1,-1,-1
690,152,384.22,429.51,138.95,186.87,1.0000,-1,-1,-1
691,120,628.23,409.97,129.53,209.90,1.0000,-1,-1,-1
691,133,500.21,285.14,75.31,175.30,1.0000,-1,-1,-1
691,136,-226.09,212.63,78.96,198.59,1.0000,-1,-1,-1
691,141,439.40,266.68,111.52,171.81,1.0000,-1,-1,-1
691,143,608.88,387.90,101.63,178.24,1.0000,-1,-1,-1
691,145,496.67,330.87,82.69,206.97,1.0000,-1,-1,-1
691,147,1008.27,421.11,77.76,193.86,1.0000,-1,-1,-1
691,149,52.17,324.20,114.40,174.88,1.0000,-1,-1,-1
691,150,13.78,118.90,86.98,194.74,1.0000,-1,-1,-1
691,151,119.34,330.37,123.39,175.98,1.0000,-1,-1,-1
691,152,366.07,425.12,138.32,192.12,1.0000,-1,-1,-1
692,120,625.85,409.66,129.87,210.46,1.0000,-1,-1,-1
692,133,500.54,281.22,75.46,175.66,1.0000,-1,-1,-1
692,136,-235.48,211.14,79.20,199.19,1.0000,-1,-1,-1
692,141,434.22,265.98,121.55,172.98,1.0000,-1,-1,-1
692,143,601.78,388.57,101.79,178.39,1.0000,-1,-1,-1
692,145,495.77,327.13,80.18,207.90,1.0000,-1,-1,-1
692,147,1010.28,419.90,76.08,194.12,1.0000,-1,-1,-1
692,149,36.80,324.77,115.29,176.25,1.0000,-1,-1,-1
692,150,10.05,116.31,87.54,195.97,1.0000,-1,-1,-1
692,151,103.44,330.59,124.89,178.13,1.0000,-1,-1,-1
692,152,343.96,412.25,136.64,200.27,1.0000,-1,-1,-1
693,120,623.46,409.36,130.22,211.01,1.0000,-1,-1,-1
693,133,500.88,277.30,75.62,176.01,1.0000,-1,-1,-1
693,136,-244.88,209.65,79.44,199.79,1.0000,-1,-1,-1
693,141,434.09,263.46,122.06,173.72,1.0000,-1,-1,-1
693,143,596.19,386.69,99.14,179.38,1.0000,-1,-1,-1
693,145,488.18,321.87,84.05,210.95,1.0000,-1,-1,-1
693,147,1011.98,420.02,75.70,194.75,1.0000,-1,-1,-1
693,149,11.16,325.68,105.99,173.86,1.0000,-1,-1,-1
693,150,6.32,113.72,88.08,197.20,1.0000,-1,-1,-1
693,151,92.57,336.20,141.46,191.13,1.0000,-1,-1,-1
693,152,324.25,409.30,139.53,204.50,1.0000,-1,-1,-1
694,120,621.07,409.05,130.56,211.56,1.0000,-1,-1,-1
694,133,501.21,273.38,75.77,176.37,1.0000,-1,-1,-1
694,136,-254.28,208.16,79.67,200.39,1.0000,-1,-1,-1
694,141,423.94,264.54,120.58,175.65,1.0000,-1,-1,-1
694,143,589.76,384.86,97.17,180.33,1.0000,-1,-1,-1
694,145,492.76,317.88,82.89,211.91,1.0000,-1,-1,-1
694,147,1013.09,419.39,75.83,195.67,1.0000,-1,-1,-1
694,149,-5.45,326.22,106.71,175.04,1.0000,-1,-1,-1
694,150,2.60,111.14,88.63,198.42,1.0000,-1,-1,-1
694,151,102.91,334.19,136.28,188.31,1.0000,-1,-1,-1
694,152,315.21,416.24,135.02,202.22,1.0000,-1,-1,-1
695,120,618.69,408.74,130.90,212.11,1.0000,-1,-1,-1
695,133,501.54,269.46,75.92,176.73,1.0000,-1,-1,-1
695,136,-263.67,206.67,79.91,200.98,1.0000,-1,-1,-1
695,141,422.86,262.39,121.08,176.38,1.0000,-1,-1,-1
695,143,581.73,382.48,95.90,181.20,1.0000,-1,-1,-1
695,145,472.16,286.89,97.33,230.59,1.0000,-1,-1,-1
695,147,1014.82,418.42,76.16,196.97,1.0000,-1,-1,-1
695,149,-22.05,326.75,107.43,176.22,1.0000,-1,-1,-1
695,150,-1.13,108.56,89.17,199.63,1.0000,-1,-1,-1
695,151,89.98,334.72,138.03,190.72,1.0000,-1,-1,-1
695,152,292.34,368.37,139.50,231.68,1.0000,-1,-1,-1
696,120,616.30,408.44,131.23,212.66,1.0000,-1,-1,-1
696,133,496.52,272.58,86.47,228.63,1.0000,-1,-1,-1
696,136,-273.07,205.19,80.15,201.58,1.0000,-1,-1,-1
696,141,421.79,260.24,121.58,177.10,1.0000,-1,-1,-1
696,143,584.16,382.22,91.89,182.15,1.0000,-1,-1,-1
696,145,467.10,282.49,97.72,231.52,1.0000,-1,-1,-1
696,147,1016.27,418.06,76.56,197.84,1.0000,-1,-1,-1
696,149,-38.65,327.29,108.14,177.38,1.0000,-1,-1,-1
696,150,-4.85,105.99,89.71,200.84,1.0000,-1,-1,-1
696,151,77.06,335.27,139.75,193.10,1.0000,-1,-1,-1
696,152,277.08,345.90,139.19,249.94,1.0000,-1,-1,-1
697,120,613.91,408.13,131.57,213.21,1.0000,-1,-1,-1
697,133,496.80,270.24,86.73,229.31,1.0000,-1,-1,-1
697,136,-282.46,203.70,80.38,202.17,1.0000,-1,-1,-1
697,141,420.72,258.09,122.07,177.83,1.0000,-1,-1,-1
697,143,578.60,384.43,91.32,183.39,1.0000,-1,-1,-1
697,145,462.04,278.09,98.12,232.45,1.0000,-1,-1,-1
697,147,1017.77,419.04,75.91,198.05,1.0000,-1,-1,-1
697,149,-55.25,327.83,108.85,178.55,1.0000,-1,-1,-1
697,150,-8.57,103.41,90.24,202.04,1.0000,-1,-1,-1
697,151,57.54,357.24,110.55,189.19,1.0000,-1,-1,-1
697,152,256.15,381.73,143.22,231.42,1.0000,-1,-1,-1
698,120,611.53,407.83,131.91,213.76,1.0000,-1,-1,-1
698,133,488.06,292.20,85.79,216.98,1.0000,-1,-1,-1
698,136,-291.86,202.22,80.62,202.76,1.0000,-1,-1,-1
698,141,419.65,255.94,122.57,178.55,1.0000,-1,-1,-1
698,143,576.33,387.30,88.57,184.70,1.0000,-1,-1,-1
698,145,456.99,273.69,98.51,233.38,1.0000,-1,-1,-1
698,147,1020.00,421.24,75.25,198.27,1.0000,-1,-1,-1
698,149,-71.85,328.38,109.55,179.70,1.0000,-1,-1,-1
698,150,-12.29,100.85,90.77,203.23,1.0000,-1,-1,-1
698,151,43.15,359.76,111.45,190.73,1.0000,-1,-1,-1
698,152,243.15,397.38,142.70,218.33,1.0000,-1,-1,-1
699,120,609.15,407.53,132.25,214.30,1.0000,-1,-1,-1
699,133,485.89,297.01,84.39,211.65,1.0000,-1,-1,-1
699,141,418.58,253.80,123.06,179.26,1.0000,-1,-1,-1
699,143,568.34,391.52,88.42,187.03,1.0000,-1,-1,-1
699,145,451.93,269.30,98.89,234.30,1.0000,-1,-1,-1
699,147,1021.93,424.20,74.86,200.65,1.0000,-1,-1,-1
699,149,-88.44,328.93,110.25,180.84,1.0000,-1,-1,-1
699,150,-16.00,98.28,91.30,204.41,1.0000,-1,-1,-1
699,151,40.03,363.38,98.03,187.10,1.0000,-1,-1,-1
699,152,231.08,407.81,140.13,209.01,1.0000,-1,-1,-1
700,120,606.76,407.23,132.58,214.85,1.0000,-1,-1,-1
700,133,480.21,299.53,82.11,206.36,1.0000,-1,-1,-1
700,141,417.51,251.66,123.55,179.98,1.0000,-1,-1,-1
700,143,564.00,400.69,86.71,186.83,1.0000,-1,-1,-1
700,145,446.87,264.90,99.28,235.21,1.0000,-1,-1,-1
700,147,1024.39,428.75,74.59,203.34,1.0000,-1,-1,-1
700,149,-105.03,329.49,110.94,181.98,1.0000,-1,-1,-1
700,150,-19.72,95.72,91.83,205.59,1.0000,-1,-1,-1
700,151,22.52,361.73,98.25,179.72,1.0000,-1,-1,-1
700,152,213.51,406.83,141.71,211.38,1.0000,-1,-1,-1
701,120,604.38,406.92,132.92,215.39,1.0000,-1,-1,-1
701,133,476.38,303.62,84.77,200.27,1.0000,-1,-1,-1
701,141,416.44,249.51,124.04,180.69,1.0000,-1,-1,-1
701,143,561.21,409.00,86.97,185.89,1.0000,-1,-1,-1
701,145,441.82,260.51,99.67,236.13,1.0000,-1,-1,-1
701,147,1027.12,430.90,74.27,200.93,1.0000,-1,-1,-1
701,149,-121.62,330.04,111.63,183.11,1.0000,-1,-1,-1
701,150,-23.44,93.16,92.35,206.76,1.0000,-1,-1,-1
701,151,8.52,367.09,101.66,183.61,1.0000,-1,-1,-1
701,152,185.11,415.85,123.11,200.71,1.0000,-1,-1,-1
701,153,200.12,320.17,126.01,178.93,1.0000,-1,-1,-1
701,154,539.49,247.17,71.82,156.34,1.0000,-1,-1,-1
702,120,602.00,406.62,133.25,215.93,1.0000,-1,-1,-1
702,133,471.17,307.21,89.11,196.17,1.0000,-1,-1,-1
702,141,415.37,247.37,124.52,181.39,1.0000,-1,-1,-1
702,143,557.69,415.72,89.39,184.53,1.0000,-1,-1,-1
702,145,436.76,256.12,100.05,237.04,1.0000,-1,-1,-1
702,147,1029.08,434.62,74.32,204.32,1.0000,-1,-1,-1
702,149,-138.21,330.61,112.32,184.24,1.0000,-1,-1,-1
702,150,-27.15,90.61,92.87,207.92,1.0000,-1,-1,-1
702,151,-0.45,370.73,105.40,192.01,1.0000,-1,-1,-1
702,152,166.00,415.87,123.75,201.75,1.0000,-1,-1,-1
702,153,185.76,317.72,131.50,179.01,1.0000,-1,-1,-1
702,154,538.42,246.99,77.37,162.93,1.0000,-1,-1,-1
703,120,599.61,406.32,133.58,216.47,1.0000,-1,-1,-1
703,133,465.37,310.40,94.66,193.52,1.0000,-1,-1,-1
703,141,414.31,245.23,125.01,182.10,1.0000,-1,-1,-1
703,143,553.96,426.39,92.46,180.64,1.0000,-1,-1,-1
703,145,431.71,251.73,100.43,237.94,1.0000,-1,-1,-1
703,147,1030.49,437.14,74.46,206.82,1.0000,-1,-1,-1
703,149,-154.80,331.17,113.00,185.35,1.0000,-1,-1,-1
703,150,-30.86,88.05,93.39,209.08,1.0000,-1,-1,-1
703,151,-13.95,373.44,106.05,193.20,1.0000,-1,-1,-1
703,152,150.79,423.31,111.66,191.75,1.0000,-1,-1,-1
703,153,172.81,315.42,135.77,175.60,1.0000,-1,-1,-1
703,154,538.62,240.10,85.71,172.70,1.0000,-1,-1,-1
704,133,456.81,312.97,102.38,190.64,1.0000,-1,-1,-1
704,141,413.24,243.09,125.49,182.80,1.0000,-1,-1,-1
704,143,545.37,435.55,98.52,177.92,1.0000,-1,-1,-1
704,145,426.65,247.34,100.81,238.84,1.0000,-1,-1,-1
704,147,1031.65,438.10,74.41,210.24,1.0000,-1,-1,-1
704,149,-171.38,331.74,113.67,186.47,1.0000,-1,-1,-1
704,150,-34.57,85.51,93.90,210.23,1.0000,-1,-1,-1
704,151,-27.44,376.16,106.70,194.38,1.0000,-1,-1,-1
704,152,137.62,423.91,111.56,188.86,1.0000,-1,-1,-1
704,153,159.40,313.67,140.84,168.84,1.0000,-1,-1,-1
704,154,541.93,237.84,93.64,176.63,1.0000,-1,-1,-1
705,133,443.99,309.41,103.29,181.93,1.0000,-1,-1,-1
705,141,412.18,240.96,125.97,183.50,1.0000,-1,-1,-1
705,143,531.72,436.82,105.93,178.13,1.0000,-1,-1,-1
705,145,421.60,242.95,101.19,239.74,1.0000,-1,-1,-1
705,147,1033.49,439.44,74.40,211.60,1.0000,-1,-1,-1
705,149,-187.96,332.31,114.35,187.57,1.0000,-1,-1,-1
705,150,-38.28,82.96,94.41,211.37,1.0000,-1,-1,-1
705,151,-40.93,378.88,107.35,195.55,1.0000,-1,-1,-1
705,152,112.68,423.44,118.68,186.70,1.0000,-1,-1,-1
705,153,144.24,312.24,142.06,170.31,1.0000,-1,-1,-1
705,154,569.12,239.53,92.75,173.42,1.0000,-1,-1,-1
706,133,440.84,308.42,102.00,176.79,1.0000,-1,-1,-1
706,141,411.12,238.82,126.45,184.20,1.0000,-1,-1,-1
706,143,512.74,438.11,103.52,177.93,1.0000,-1,-1,-1
706,145,416.55,238.57,101.57,240.64,1.0000,-1,-1,-1
706,147,1036.13,440.95,74.72,209.65,1.0000,-1,-1,-1
706,149,-204.54,332.88,115.02,188.67,1.0000,-1,-1,-1
706,150,-41.99,80.42,94.92,212.51,1.0000,-1,-1,-1
706,151,-54.42,381.60,107.99,196.72,1.0000,-1,-1,-1
706,152,97.82,416.78,123.55,184.09,1.0000,-1,-1,-1
706,153,98.37,347.03,146.42,200.21,1.0000,-1,-1,-1
706,154,582.94,242.78,85.89,167.66,1.0000,-1,-1,-1
707,133,431.48,308.76,103.77,173.13,1.0000,-1,-1,-1
707,141,410.05,236.69,126.92,184.89,1.0000,-1,-1,-1
707,143,506.42,438.31,110.51,177.59,1.0000,-1,-1,-1
707,145,411.50,234.19,101.95,241.53,1.0000,-1,-1,-1
707,147,1038.28,441.32,75.07,208.49,1.0000,-1,-1,-1
707,149,-221.12,333.46,115.68,189.76,1.0000,-1,-1,-1
707,150,-45.69,77.88,95.43,213.64,1.0000,-1,-1,-1
707,151,-67.91,384.33,108.63,197.88,1.0000,-1,-1,-1
707,152,79.54,416.19,123.79,184.45,1.0000,-1,-1,-1
707,153,84.26,333.53,129.77,191.95,1.0000,-1,-1,-1
707,154,597.50,245.87,86.80,166.62,1.0000,-1,-1,-1
