3,1,433.14,267.64,127.69,172.18,1.0000,-1,-1,-1
3,2,1173.54,563.26,57.69,156.49,1.0000,-1,-1,-1
4,1,432.28,268.72,129.78,171.85,1.0000,-1,-1,-1
4,2,1172.77,562.44,58.45,157.68,1.0000,-1,-1,-1
5,1,432.81,270.34,130.49,170.62,1.0000,-1,-1,-1
5,2,1172.95,562.16,58.47,157.90,1.0000,-1,-1,-1
6,1,434.42,269.44,130.52,169.70,1.0000,-1,-1,-1
6,2,1171.84,561.03,58.96,158.98,1.0000,-1,-1,-1
7,1,435.25,268.48,127.07,168.61,1.0000,-1,-1,-1
7,2,1170.95,559.96,59.59,160.12,1.0000,-1,-1,-1
8,1,434.41,267.68,121.94,166.71,1.0000,-1,-1,-1
8,2,1171.00,559.12,59.75,160.86,1.0000,-1,-1,-1
9,1,431.82,267.30,117.62,165.40,1.0000,-1,-1,-1
9,2,1170.39,558.26,60.36,161.81,1.0000,-1,-1,-1
10,1,429.14,266.31,111.60,163.95,1.0000,-1,-1,-1
10,2,1168.63,557.16,61.86,163.25,1.0000,-1,-1,-1
10,6,786.44,402.14,100.32,156.15,1.0000,-1,-1,-1
11,1,426.88,265.58,104.01,161.58,1.0000,-1,-1,-1
11,2,1163.38,555.95,65.30,165.21,1.0000,-1,-1,-1
11,6,819.24,402.57,85.25,148.96,1.0000,-1,-1,-1
11,7,682.91,419.46,111.09,185.96,1.0000,-1,-1,-1
12,1,426.91,266.00,99.20,159.94,1.0000,-1,-1,-1
12,2,1162.62,555.93,66.37,165.39,1.0000,-1,-1,-1
12,6,837.03,401.19,77.88,147.83,1.0000,-1,-1,-1
12,7,700.42,417.23,100.61,182.97,1.0000,-1,-1,-1
13,1,427.90,266.22,95.75,159.25,1.0000,-1,-1,-1
13,2,1160.84,555.74,67.80,165.62,1.0000,-1,-1,-1
13,5,715.98,271.45,86.27,152.64,1.0000,-1,-1,-1
13,6,851.19,400.37,72.12,148.73,1.0000,-1,-1,-1
13,7,722.76,417.37,91.39,179.42,1.0000,-1,-1,-1
14,1,428.64,267.46,92.06,158.11,1.0000,-1,-1,-1
14,2,1156.66,555.48,71.09,166.38,1.0000,-1,-1,-1
14,5,722.03,270.29,87.55,156.39,1.0000,-1,-1,-1
14,6,861.86,397.09,71.04,152.33,1.0000,-1,-1,-1
14,7,740.03,418.92,85.28,167.43,1.0000,-1,-1,-1
15,1,428.67,270.49,88.68,157.55,1.0000,-1,-1,-1
15,2,1156.64,555.41,72.34,166.49,1.0000,-1,-1,-1
15,5,729.18,266.06,89.19,159.98,1.0000,-1,-1,-1
15,6,871.65,394.01,71.02,155.30,1.0000,-1,-1,-1
15,7,751.10,417.09,77.67,171.11,1.0000,-1,-1,-1
16,1,418.14,276.82,89.79,158.74,1.0000,-1,-1,-1
16,2,1152.00,555.04,76.32,167.14,1.0000,-1,-1,-1
16,5,744.06,260.67,88.05,162.43,1.0000,-1,-1,-1
16,6,888.48,393.08,73.91,158.63,1.0000,-1,-1,-1
16,7,770.35,411.88,71.31,170.39,1.0000,-1,-1,-1
17,1,410.64,279.48,90.28,158.11,1.0000,-1,-1,-1
17,2,1149.97,554.80,79.41,167.49,1.0000,-1,-1,-1
17,5,755.21,256.13,85.79,164.69,1.0000,-1,-1,-1
17,6,899.39,392.91,75.85,159.37,1.0000,-1,-1,-1
17,7,786.33,414.37,65.99,157.68,1.0000,-1,-1,-1
18,1,406.74,283.40,90.22,159.20,1.0000,-1,-1,-1
18,2,1149.64,554.75,81.77,167.58,1.0000,-1,-1,-1
18,5,766.33,252.71,82.80,166.30,1.0000,-1,-1,-1
18,6,914.47,393.91,74.02,155.52,1.0000,-1,-1,-1
18,7,802.54,417.42,60.21,143.86,1.0000,-1,-1,-1
18,8,1005.50,384.89,88.13,211.72,1.0000,-1,-1,-1
19,1,406.32,285.59,89.36,158.42,1.0000,-1,-1,-1
19,2,1149.52,554.55,84.20,167.75,1.0000,-1,-1,-1
19,5,776.52,246.91,79.98,169.77,1.0000,-1,-1,-1
19,6,929.57,394.97,72.14,151.57,1.0000,-1,-1,-1
19,7,797.18,412.31,71.06,168.42,1.0000,-1,-1,-1
19,8,1005.63,384.80,89.50,207.29,1.0000,-1,-1,-1
20,1,407.21,287.83,88.09,156.55,1.0000,-1,-1,-1
20,2,1148.77,553.97,87.68,168.26,1.0000,-1,-1,-1
20,5,786.22,243.04,76.54,170.80,1.0000,-1,-1,-1
20,6,944.70,396.08,70.21,147.52,1.0000,-1,-1,-1
20,7,798.76,410.05,74.73,173.38,1.0000,-1,-1,-1
20,8,1007.01,383.26,91.16,204.79,1.0000,-1,-1,-1
20,11,1012.93,291.21,54.11,169.97,1.0000,-1,-1,-1
21,1,411.46,289.05,85.40,152.94,1.0000,-1,-1,-1
21,2,1152.41,553.30,90.95,168.83,1.0000,-1,-1,-1
21,5,799.49,244.97,72.98,170.60,1.0000,-1,-1,-1
21,6,959.85,397.24,68.23,143.35,1.0000,-1,-1,-1
21,7,803.40,405.09,79.16,176.07,1.0000,-1,-1,-1
21,8,1012.33,377.94,94.49,203.37,1.0000,-1,-1,-1
21,11,1009.63,290.12,57.13,175.95,1.0000,-1,-1,-1
22,1,414.79,289.66,83.58,150.01,1.0000,-1,-1,-1
22,2,1151.01,552.21,96.63,169.86,1.0000,-1,-1,-1
22,5,808.53,243.66,72.40,169.23,1.0000,-1,-1,-1
22,6,932.46,395.74,85.91,164.10,1.0000,-1,-1,-1
22,7,807.04,401.05,84.58,177.67,1.0000,-1,-1,-1
22,8,1017.46,373.73,98.23,203.39,1.0000,-1,-1,-1
22,11,1007.50,289.06,59.10,178.06,1.0000,-1,-1,-1
23,1,418.71,290.23,82.36,147.08,1.0000,-1,-1,-1
23,2,1157.43,551.73,98.82,170.31,1.0000,-1,-1,-1
23,5,816.41,250.16,67.94,167.61,1.0000,-1,-1,-1
23,6,943.76,396.21,85.43,163.17,1.0000,-1,-1,-1
23,7,812.13,398.39,92.16,176.79,1.0000,-1,-1,-1
23,8,1029.91,370.31,95.87,202.47,1.0000,-1,-1,-1
23,11,1006.85,289.70,59.82,178.23,1.0000,-1,-1,-1
24,1,422.17,289.21,81.42,145.39,1.0000,-1,-1,-1
24,2,1153.97,549.90,105.35,171.88,1.0000,-1,-1,-1
24,5,822.59,253.69,64.91,166.45,1.0000,-1,-1,-1
24,6,952.27,395.10,82.91,162.40,1.0000,-1,-1,-1
24,7,818.07,396.74,97.60,175.60,1.0000,-1,-1,-1
24,8,1044.94,366.09,90.41,200.64,1.0000,-1,-1,-1
24,11,1008.66,290.56,58.74,176.21,1.0000,-1,-1,-1
25,1,425.12,288.40,81.78,144.51,1.0000,-1,-1,-1
25,2,1154.29,548.27,113.08,173.48,1.0000,-1,-1,-1
25,5,831.07,253.97,64.08,164.30,1.0000,-1,-1,-1
25,6,963.24,395.52,82.35,161.30,1.0000,-1,-1,-1
25,7,828.03,395.01,96.80,174.16,1.0000,-1,-1,-1
25,8,1060.90,362.51,83.94,199.43,1.0000,-1,-1,-1
25,11,1007.85,290.08,59.50,178.50,1.0000,-1,-1,-1
26,1,430.47,286.54,82.98,143.94,1.0000,-1,-1,-1
26,2,1154.72,546.12,118.27,175.29,1.0000,-1,-1,-1
26,5,837.04,255.13,66.35,157.16,1.0000,-1,-1,-1
26,6,980.84,389.90,77.70,161.89,1.0000,-1,-1,-1
26,7,837.99,393.29,95.98,172.69,1.0000,-1,-1,-1
26,8,1066.23,354.73,85.84,200.21,1.0000,-1,-1,-1
26,11,1007.04,289.62,60.26,180.77,1.0000,-1,-1,-1
27,1,434.60,284.27,85.92,143.38,1.0000,-1,-1,-1
27,2,1151.42,543.15,123.29,177.74,1.0000,-1,-1,-1
27,5,843.25,255.34,75.00,155.62,1.0000,-1,-1,-1
27,6,989.63,388.77,75.71,162.16,1.0000,-1,-1,-1
27,7,851.40,393.43,96.13,167.17,1.0000,-1,-1,-1
27,8,1070.81,349.87,86.46,200.95,1.0000,-1,-1,-1
27,11,1006.24,289.17,61.00,183.00,1.0000,-1,-1,-1
28,1,436.63,281.84,90.30,143.37,1.0000,-1,-1,-1
28,2,1158.08,540.65,121.94,179.70,1.0000,-1,-1,-1
28,5,845.24,255.19,80.06,153.18,1.0000,-1,-1,-1
28,6,992.19,384.75,76.36,165.43,1.0000,-1,-1,-1
28,7,861.76,391.73,95.24,165.62,1.0000,-1,-1,-1
28,8,1080.33,346.80,82.50,199.51,1.0000,-1,-1,-1
28,11,1005.45,288.73,61.74,185.21,1.0000,-1,-1,-1
29,1,437.81,279.01,95.62,143.96,1.0000,-1,-1,-1
29,2,1167.82,538.70,116.63,180.46,1.0000,-1,-1,-1
29,5,853.31,254.64,79.65,152.39,1.0000,-1,-1,-1
29,6,1003.92,384.42,73.09,167.07,1.0000,-1,-1,-1
29,7,876.46,391.14,89.14,161.68,1.0000,-1,-1,-1
29,8,1086.31,345.17,78.40,198.32,1.0000,-1,-1,-1
29,10,159.42,353.47,69.83,161.55,1.0000,-1,-1,-1
29,11,1004.66,288.31,62.47,187.40,1.0000,-1,-1,-1
30,1,438.99,274.93,101.30,145.52,1.0000,-1,-1,-1
30,2,1184.17,536.00,105.85,180.90,1.0000,-1,-1,-1
30,5,847.42,253.35,88.90,149.30,1.0000,-1,-1,-1
30,6,1010.10,384.89,71.48,167.79,1.0000,-1,-1,-1
30,7,882.49,388.70,86.75,160.45,1.0000,-1,-1,-1
30,8,1091.38,344.29,74.18,196.53,1.0000,-1,-1,-1
30,10,169.33,350.25,68.85,161.58,1.0000,-1,-1,-1
30,11,985.67,286.48,62.62,176.58,1.0000,-1,-1,-1
31,1,444.24,268.84,109.82,147.28,1.0000,-1,-1,-1
31,2,1190.14,527.30,99.24,182.38,1.0000,-1,-1,-1
31,5,849.70,252.96,90.75,146.46,1.0000,-1,-1,-1
31,6,1016.13,386.16,73.81,167.83,1.0000,-1,-1,-1
31,7,890.01,382.21,89.74,160.53,1.0000,-1,-1,-1
31,8,1100.72,342.09,71.90,192.17,1.0000,-1,-1,-1
31,10,178.62,346.06,72.56,164.48,1.0000,-1,-1,-1
31,11,981.64,285.11,63.73,170.87,1.0000,-1,-1,-1
32,1,449.59,264.18,115.08,148.59,1.0000,-1,-1,-1
32,2,1192.56,524.97,100.12,183.99,1.0000,-1,-1,-1
32,5,855.30,253.99,89.21,143.28,1.0000,-1,-1,-1
32,6,1018.67,387.04,79.62,166.76,1.0000,-1,-1,-1
32,7,895.11,377.90,94.99,160.47,1.0000,-1,-1,-1
32,8,1106.83,340.52,73.14,187.86,1.0000,-1,-1,-1
32,10,183.74,343.60,77.25,167.39,1.0000,-1,-1,-1
32,11,978.65,282.78,64.84,163.35,1.0000,-1,-1,-1
32,13,638.89,331.37,57.40,165.43,1.0000,-1,-1,-1
33,1,456.01,259.31,117.58,149.49,1.0000,-1,-1,-1
33,2,1192.84,511.76,94.66,185.91,1.0000,-1,-1,-1
33,5,861.67,254.73,85.09,140.42,1.0000,-1,-1,-1
33,6,1021.61,386.71,89.83,165.15,1.0000,-1,-1,-1
33,7,897.96,374.32,97.97,160.63,1.0000,-1,-1,-1
33,8,1110.95,337.82,75.43,183.11,1.0000,-1,-1,-1
33,10,185.95,342.62,82.30,169.79,1.0000,-1,-1,-1
33,11,974.02,282.99,67.79,160.90,1.0000,-1,-1,-1
33,13,637.63,327.81,56.89,163.95,1.0000,-1,-1,-1
34,1,463.14,254.63,117.81,151.84,1.0000,-1,-1,-1
34,2,1194.86,508.55,95.41,187.39,1.0000,-1,-1,-1
34,5,868.16,254.97,79.42,137.26,1.0000,-1,-1,-1
34,6,1019.67,387.68,97.82,163.16,1.0000,-1,-1,-1
34,7,904.35,371.45,104.50,161.73,1.0000,-1,-1,-1
34,8,1113.53,335.28,76.97,179.59,1.0000,-1,-1,-1
34,10,187.32,340.58,89.05,173.90,1.0000,-1,-1,-1
34,11,970.63,284.12,70.60,160.01,1.0000,-1,-1,-1
34,13,636.36,324.26,56.37,162.45,1.0000,-1,-1,-1
35,1,471.61,250.20,116.26,154.49,1.0000,-1,-1,-1
35,2,1196.88,505.35,96.16,188.86,1.0000,-1,-1,-1
35,5,877.45,255.70,71.65,135.58,1.0000,-1,-1,-1
35,6,1017.20,389.76,105.60,160.76,1.0000,-1,-1,-1
35,7,913.58,368.84,103.99,160.94,1.0000,-1,-1,-1
35,8,1114.31,332.29,78.16,177.35,1.0000,-1,-1,-1
35,10,188.15,336.23,95.27,180.23,1.0000,-1,-1,-1
35,11,967.92,285.24,72.96,160.40,1.0000,-1,-1,-1
35,13,632.51,324.77,56.62,161.99,1.0000,-1,-1,-1
36,1,483.27,243.70,110.83,155.37,1.0000,-1,-1,-1
36,2,1198.90,502.16,96.90,190.31,1.0000,-1,-1,-1
36,5,886.80,256.10,64.07,135.58,1.0000,-1,-1,-1
36,6,1024.80,389.41,105.74,160.98,1.0000,-1,-1,-1
36,7,926.62,322.95,110.88,186.65,1.0000,-1,-1,-1
36,8,1115.81,325.47,76.03,173.30,1.0000,-1,-1,-1
36,10,194.42,328.33,97.12,184.57,1.0000,-1,-1,-1
36,11,965.30,283.95,73.47,161.53,1.0000,-1,-1,-1
36,13,628.36,320.39,56.41,162.57,1.0000,-1,-1,-1
37,1,493.46,239.93,104.48,155.17,1.0000,-1,-1,-1
37,2,1200.93,498.97,97.63,191.75,1.0000,-1,-1,-1
37,5,892.29,255.34,58.42,135.51,1.0000,-1,-1,-1
37,6,1032.40,389.06,105.89,161.20,1.0000,-1,-1,-1
37,7,936.24,306.26,108.88,201.05,1.0000,-1,-1,-1
37,8,1121.11,323.61,74.89,170.71,1.0000,-1,-1,-1
37,10,200.23,322.21,95.88,187.64,1.0000,-1,-1,-1
37,11,962.67,282.66,73.97,162.64,1.0000,-1,-1,-1
37,13,626.20,317.86,55.25,160.31,1.0000,-1,-1,-1
38,1,501.69,238.75,99.17,156.48,1.0000,-1,-1,-1
38,2,1202.96,495.78,98.36,193.19,1.0000,-1,-1,-1
38,5,896.46,255.59,54.88,138.36,1.0000,-1,-1,-1
38,6,1043.58,386.31,107.26,156.86,1.0000,-1,-1,-1
38,7,945.09,296.14,104.26,209.74,1.0000,-1,-1,-1
38,8,1128.10,316.39,68.96,169.56,1.0000,-1,-1,-1
38,10,206.48,317.83,91.00,189.70,1.0000,-1,-1,-1
38,11,960.05,281.38,74.48,163.74,1.0000,-1,-1,-1
38,13,624.59,315.74,53.20,158.68,1.0000,-1,-1,-1
39,1,508.44,235.03,95.00,154.35,1.0000,-1,-1,-1
39,2,1204.99,492.60,99.09,194.61,1.0000,-1,-1,-1
39,5,899.75,255.12,52.77,141.76,1.0000,-1,-1,-1
39,6,1051.56,385.60,107.37,157.03,1.0000,-1,-1,-1
39,7,954.30,290.04,104.39,209.99,1.0000,-1,-1,-1
39,8,1134.77,311.87,65.31,169.68,1.0000,-1,-1,-1
39,10,215.08,314.36,82.93,191.60,1.0000,-1,-1,-1
39,11,954.59,275.16,80.06,157.31,1.0000,-1,-1,-1
39,13,621.14,313.91,51.21,157.55,1.0000,-1,-1,-1
40,1,513.99,232.07,90.09,149.19,1.0000,-1,-1,-1
40,2,1207.03,489.43,99.81,196.02,1.0000,-1,-1,-1
40,5,902.68,254.42,51.86,145.51,1.0000,-1,-1,-1
40,6,1059.53,384.88,107.49,157.20,1.0000,-1,-1,-1
40,7,963.51,283.94,104.51,210.24,1.0000,-1,-1,-1
40,8,1140.09,309.88,64.03,166.36,1.0000,-1,-1,-1
40,10,221.23,311.64,76.54,191.96,1.0000,-1,-1,-1
40,11,951.91,273.15,80.62,158.42,1.0000,-1,-1,-1
40,13,618.60,311.76,50.55,155.50,1.0000,-1,-1,-1
41,1,515.14,238.02,84.61,148.86,1.0000,-1,-1,-1
41,2,1209.06,486.26,100.52,197.42,1.0000,-1,-1,-1
41,5,903.46,253.91,51.12,146.39,1.0000,-1,-1,-1
41,6,1077.33,385.60,107.40,153.95,1.0000,-1,-1,-1
41,7,957.65,337.44,108.17,190.68,1.0000,-1,-1,-1
41,8,1145.03,295.75,63.19,167.76,1.0000,-1,-1,-1
41,10,222.42,313.32,72.05,191.90,1.0000,-1,-1,-1
41,11,949.24,271.14,81.18,159.51,1.0000,-1,-1,-1
41,13,610.52,306.90,49.75,155.03,1.0000,-1,-1,-1
42,1,519.49,236.63,83.86,147.55,1.0000,-1,-1,-1
42,2,1211.10,483.09,101.23,198.81,1.0000,-1,-1,-1
42,5,904.58,253.14,50.45,146.82,1.0000,-1,-1,-1
42,6,1083.66,384.60,110.35,152.89,1.0000,-1,-1,-1
42,7,959.48,347.00,110.59,182.51,1.0000,-1,-1,-1
42,8,1150.32,292.91,61.94,164.44,1.0000,-1,-1,-1
42,10,224.16,317.17,69.22,189.30,1.0000,-1,-1,-1
42,11,954.61,271.15,79.90,157.32,1.0000,-1,-1,-1
42,13,607.29,304.50,49.09,152.99,1.0000,-1,-1,-1
43,1,523.85,235.25,83.10,146.21,1.0000,-1,-1,-1
43,2,1213.15,479.94,101.93,200.20,1.0000,-1,-1,-1
43,5,906.23,251.35,49.79,146.70,1.0000,-1,-1,-1
43,6,1087.79,335.69,118.51,182.72,1.0000,-1,-1,-1
43,7,963.20,349.62,112.20,178.60,1.0000,-1,-1,-1
43,8,1155.62,290.10,60.66,161.06,1.0000,-1,-1,-1
43,10,226.74,321.27,68.50,185.46,1.0000,-1,-1,-1
43,11,957.01,269.38,77.35,153.86,1.0000,-1,-1,-1
43,13,604.07,302.12,48.43,150.93,1.0000,-1,-1,-1
44,1,528.21,233.87,82.34,144.87,1.0000,-1,-1,-1
44,2,1215.19,476.78,102.63,201.57,1.0000,-1,-1,-1
44,5,906.86,248.83,50.09,147.70,1.0000,-1,-1,-1
44,6,1092.73,310.06,123.15,204.22,1.0000,-1,-1,-1
44,7,969.07,352.04,111.47,176.27,1.0000,-1,-1,-1
44,8,1160.94,287.33,59.36,157.60,1.0000,-1,-1,-1
44,10,230.40,325.95,68.55,181.89,1.0000,-1,-1,-1
44,11,961.82,271.30,73.54,154.07,1.0000,-1,-1,-1
44,13,600.85,299.75,47.76,148.83,1.0000,-1,-1,-1
45,1,532.57,232.51,81.57,143.51,1.0000,-1,-1,-1
45,2,1217.24,473.63,103.33,202.93,1.0000,-1,-1,-1
45,5,907.26,246.51,50.59,148.27,1.0000,-1,-1,-1
45,6,1097.92,295.50,126.77,220.63,1.0000,-1,-1,-1
45,7,978.04,353.98,109.45,173.21,1.0000,-1,-1,-1
45,8,1166.27,284.60,58.03,154.06,1.0000,-1,-1,-1
45,10,234.93,329.99,67.69,178.61,1.0000,-1,-1,-1
45,11,963.48,270.86,71.24,154.83,1.0000,-1,-1,-1
45,13,597.64,297.40,47.07,146.70,1.0000,-1,-1,-1
46,1,536.94,231.14,80.79,142.15,1.0000,-1,-1,-1
46,2,1219.29,470.49,104.02,204.29,1.0000,-1,-1,-1
46,5,910.93,246.79,49.90,146.24,1.0000,-1,-1,-1
46,6,1105.94,289.94,127.59,222.05,1.0000,-1,-1,-1
46,7,999.13,354.72,103.12,169.43,1.0000,-1,-1,-1
46,8,1171.62,281.91,56.66,150.44,1.0000,-1,-1,-1
46,10,244.24,335.46,65.03,175.03,1.0000,-1,-1,-1
46,11,961.68,265.57,72.62,156.59,1.0000,-1,-1,-1
46,13,594.43,295.07,46.38,144.55,1.0000,-1,-1,-1
47,1,550.46,253.35,83.08,171.63,1.0000,-1,-1,-1
47,2,1221.34,467.34,104.70,205.63,1.0000,-1,-1,-1
47,5,914.60,247.08,49.20,144.18,1.0000,-1,-1,-1
47,6,1113.95,284.37,128.40,223.46,1.0000,-1,-1,-1
47,7,1011.90,352.84,99.36,166.76,1.0000,-1,-1,-1
47,8,1176.99,279.26,55.27,146.73,1.0000,-1,-1,-1
47,10,249.05,338.08,64.52,171.56,1.0000,-1,-1,-1
47,11,960.57,260.71,76.94,158.55,1.0000,-1,-1,-1
47,13,591.22,292.75,45.68,142.36,1.0000,-1,-1,-1
48,1,551.97,248.83,82.07,182.41,1.0000,-1,-1,-1
48,2,1223.40,464.21,105.38,206.97,1.0000,-1,-1,-1
48,5,918.27,247.39,48.49,142.10,1.0000,-1,-1,-1
48,6,1121.97,278.81,129.21,224.87,1.0000,-1,-1,-1
48,7,1018.15,349.34,99.97,165.50,1.0000,-1,-1,-1
48,8,1182.37,276.67,53.83,142.92,1.0000,-1,-1,-1
48,10,249.90,338.23,64.71,168.13,1.0000,-1,-1,-1
48,11,960.12,253.98,80.82,159.47,1.0000,-1,-1,-1
48,13,588.03,290.45,44.97,140.13,1.0000,-1,-1,-1
49,1,551.95,243.26,81.05,189.79,1.0000,-1,-1,-1
49,2,1225.45,461.08,106.06,208.30,1.0000,-1,-1,-1
49,5,921.95,247.72,47.76,139.98,1.0000,-1,-1,-1
49,6,1129.99,273.26,130.01,226.26,1.0000,-1,-1,-1
49,7,1020.61,345.73,104.05,164.98,1.0000,-1,-1,-1
49,8,1187.77,274.12,52.36,139.01,1.0000,-1,-1,-1
49,10,249.02,337.22,63.59,165.35,1.0000,-1,-1,-1
49,11,963.54,248.95,82.41,160.64,1.0000,-1,-1,-1
49,13,584.83,288.16,44.24,137.87,1.0000,-1,-1,-1
50,1,548.13,239.74,83.48,194.83,1.0000,-1,-1,-1
50,2,1227.51,457.95,106.73,209.62,1.0000,-1,-1,-1
50,5,916.63,258.56,51.90,148.31,1.0000,-1,-1,-1
50,6,1138.02,267.71,130.80,227.65,1.0000,-1,-1,-1
50,7,1021.80,341.62,108.62,165.76,1.0000,-1,-1,-1
50,8,1193.19,271.63,50.84,134.99,1.0000,-1,-1,-1
50,10,253.66,337.21,63.58,165.32,1.0000,-1,-1,-1
50,11,970.89,245.66,81.77,161.28,1.0000,-1,-1,-1
50,13,581.65,285.90,43.50,135.58,1.0000,-1,-1,-1
51,1,551.67,240.46,83.24,194.27,1.0000,-1,-1,-1
51,2,1229.57,454.82,107.40,210.93,1.0000,-1,-1,-1
51,5,919.74,259.86,51.32,146.65,1.0000,-1,-1,-1
51,6,1146.04,262.16,131.59,229.02,1.0000,-1,-1,-1
51,7,1025.45,335.92,113.87,165.56,1.0000,-1,-1,-1
51,8,1198.64,269.21,49.28,130.84,1.0000,-1,-1,-1
51,10,243.98,329.85,62.68,164.42,1.0000,-1,-1,-1
51,11,979.17,240.11,80.84,160.99,1.0000,-1,-1,-1
51,13,578.47,283.65,42.75,133.24,1.0000,-1,-1,-1
52,1,534.57,264.24,82.98,177.95,1.0000,-1,-1,-1
52,2,1231.63,451.70,108.06,212.23,1.0000,-1,-1,-1
52,5,922.84,261.17,50.73,144.96,1.0000,-1,-1,-1
52,6,1154.07,256.62,132.38,230.39,1.0000,-1,-1,-1
52,7,1030.69,333.72,119.29,165.17,1.0000,-1,-1,-1
52,8,1204.11,266.85,47.67,126.56,1.0000,-1,-1,-1
52,10,240.20,326.54,61.65,164.81,1.0000,-1,-1,-1
52,11,982.51,236.29,80.99,161.38,1.0000,-1,-1,-1
52,13,575.30,281.43,41.99,130.86,1.0000,-1,-1,-1
53,1,527.95,272.39,82.25,168.52,1.0000,-1,-1,-1
53,2,1233.70,448.59,108.72,213.53,1.0000,-1,-1,-1
53,5,925.96,262.50,50.14,143.26,1.0000,-1,-1,-1
53,6,1162.10,251.08,133.16,231.75,1.0000,-1,-1,-1
53,7,1035.72,334.65,122.95,164.66,1.0000,-1,-1,-1
53,8,1209.62,264.56,46.00,122.13,1.0000,-1,-1,-1
53,10,237.09,323.23,61.18,165.25,1.0000,-1,-1,-1
53,11,982.27,232.43,81.99,162.29,1.0000,-1,-1,-1
53,13,572.13,279.22,41.21,128.44,1.0000,-1,-1,-1
54,1,529.01,274.73,81.83,167.67,1.0000,-1,-1,-1
54,2,1235.76,445.48,109.38,214.82,1.0000,-1,-1,-1
54,5,929.07,263.83,49.54,141.54,1.0000,-1,-1,-1
54,6,1170.14,245.55,133.94,233.10,1.0000,-1,-1,-1
54,7,1043.18,332.83,122.93,164.64,1.0000,-1,-1,-1
54,8,1215.15,262.36,44.27,117.53,1.0000,-1,-1,-1
54,10,234.12,321.34,60.84,166.56,1.0000,-1,-1,-1
54,11,979.39,230.00,82.90,163.58,1.0000,-1,-1,-1
54,13,568.97,277.05,40.42,125.97,1.0000,-1,-1,-1
55,1,530.07,277.07,81.41,166.81,1.0000,-1,-1,-1
55,2,1237.83,442.37,110.03,216.10,1.0000,-1,-1,-1
55,5,932.19,265.17,48.93,139.80,1.0000,-1,-1,-1
55,6,1178.17,240.02,134.71,234.45,1.0000,-1,-1,-1
55,7,1050.63,331.00,122.92,164.62,1.0000,-1,-1,-1
55,8,1220.71,260.26,42.46,112.74,1.0000,-1,-1,-1
55,10,231.40,320.55,60.11,167.31,1.0000,-1,-1,-1
55,11,977.24,226.19,83.66,164.33,1.0000,-1,-1,-1
55,13,565.82,274.89,39.61,123.45,1.0000,-1,-1,-1
56,1,531.12,279.42,80.99,165.94,1.0000,-1,-1,-1
56,2,1239.90,439.26,110.68,217.37,1.0000,-1,-1,-1
56,5,935.32,266.53,48.31,138.03,1.0000,-1,-1,-1
56,6,1186.21,234.49,135.48,235.79,1.0000,-1,-1,-1
56,7,1058.09,329.17,122.90,164.60,1.0000,-1,-1,-1
56,8,1226.32,258.26,40.58,107.74,1.0000,-1,-1,-1
56,10,226.76,320.43,59.05,166.19,1.0000,-1,-1,-1
56,11,977.32,218.41,84.07,162.69,1.0000,-1,-1,-1
56,13,562.68,272.76,38.79,120.88,1.0000,-1,-1,-1
57,1,532.18,281.77,80.57,165.08,1.0000,-1,-1,-1
57,2,1241.98,436.16,111.32,218.63,1.0000,-1,-1,-1
57,5,938.44,267.89,47.68,136.24,1.0000,-1,-1,-1
57,6,1194.25,228.97,136.25,237.11,1.0000,-1,-1,-1
57,7,1065.55,327.34,122.88,164.58,1.0000,-1,-1,-1
57,8,1231.98,256.38,38.60,102.49,1.0000,-1,-1,-1
57,10,223.27,322.18,58.44,164.63,1.0000,-1,-1,-1
57,11,977.78,214.73,84.44,163.41,1.0000,-1,-1,-1
57,13,559.55,270.66,37.95,118.25,1.0000,-1,-1,-1
58,1,533.24,284.12,80.14,164.21,1.0000,-1,-1,-1
58,2,1244.05,433.07,111.96,219.89,1.0000,-1,-1,-1
58,5,941.58,269.27,47.05,134.43,1.0000,-1,-1,-1
58,6,1202.29,223.45,137.00,238.44,1.0000,-1,-1,-1
58,7,1082.76,324.95,109.25,164.68,1.0000,-1,-1,-1
58,8,1237.68,254.64,36.52,96.97,1.0000,-1,-1,-1
58,10,220.12,323.85,57.80,162.28,1.0000,-1,-1,-1
58,11,978.24,211.05,84.82,164.14,1.0000,-1,-1,-1
58,13,556.42,268.59,37.08,115.57,1.0000,-1,-1,-1
58,15,481.31,280.54,59.14,142.98,1.0000,-1,-1,-1
59,1,534.31,286.48,79.71,163.33,1.0000,-1,-1,-1
59,2,1246.13,429.97,112.60,221.14,1.0000,-1,-1,-1
59,5,944.71,270.66,46.40,132.60,1.0000,-1,-1,-1
59,6,1210.34,217.93,137.76,239.75,1.0000,-1,-1,-1
59,7,1090.52,323.20,109.08,164.42,1.0000,-1,-1,-1
59,8,1243.45,253.07,34.31,91.10,1.0000,-1,-1,-1
59,10,216.57,325.85,57.00,161.43,1.0000,-1,-1,-1
59,11,994.22,209.50,75.91,155.23,1.0000,-1,-1,-1
59,13,553.31,266.55,36.20,112.82,1.0000,-1,-1,-1
59,15,477.01,283.49,54.21,139.63,1.0000,-1,-1,-1
60,1,535.37,288.83,79.28,162.45,1.0000,-1,-1,-1
60,2,1248.21,426.88,113.23,222.39,1.0000,-1,-1,-1
60,5,947.85,272.07,45.75,130.73,1.0000,-1,-1,-1
60,6,1218.38,212.42,138.51,241.06,1.0000,-1,-1,-1
60,7,1098.29,321.45,108.91,164.16,1.0000,-1,-1,-1
60,8,1249.30,251.70,31.95,84.84,1.0000,-1,-1,-1
60,10,213.13,326.59,56.34,160.34,1.0000,-1,-1,-1
60,11,995.68,205.76,76.11,155.63,1.0000,-1,-1,-1
60,13,550.21,264.55,35.30,110.00,1.0000,-1,-1,-1
60,15,471.89,284.45,52.31,140.40,1.0000,-1,-1,-1
61,1,536.43,291.19,78.85,161.56,1.0000,-1,-1,-1
61,2,1250.28,423.79,113.86,223.62,1.0000,-1,-1,-1
61,5,951.00,273.48,45.09,128.84,1.0000,-1,-1,-1
61,6,1226.43,206.91,139.26,242.36,1.0000,-1,-1,-1
61,7,1106.05,319.70,108.74,163.91,1.0000,-1,-1,-1
61,8,1255.24,250.59,29.40,78.07,1.0000,-1,-1,-1
61,10,208.56,325.86,55.86,160.16,1.0000,-1,-1,-1
61,11,997.13,202.01,76.31,156.04,1.0000,-1,-1,-1
61,13,547.12,262.58,34.37,107.10,1.0000,-1,-1,-1
61,15,460.11,282.83,52.10,141.07,1.0000,-1,-1,-1
61,17,835.83,245.70,72.31,180.12,1.0000,-1,-1,-1
62,1,537.50,293.55,78.42,160.67,1.0000,-1,-1,-1
62,2,1252.37,420.71,114.49,224.85,1.0000,-1,-1,-1
62,5,954.15,274.91,44.42,126.93,1.0000,-1,-1,-1
62,6,1234.48,201.41,140.00,243.65,1.0000,-1,-1,-1
62,7,1113.81,317.95,108.57,163.65,1.0000,-1,-1,-1
62,8,1261.30,249.79,26.61,70.66,1.0000,-1,-1,-1
62,10,204.51,324.73,55.45,160.31,1.0000,-1,-1,-1
62,11,998.59,198.27,76.50,156.44,1.0000,-1,-1,-1
62,13,544.04,260.65,33.41,104.13,1.0000,-1,-1,-1
62,15,446.39,278.88,59.54,148.00,1.0000,-1,-1,-1
62,17,828.05,245.97,79.84,178.78,1.0000,-1,-1,-1
63,1,538.56,295.92,77.98,159.78,1.0000,-1,-1,-1
63,2,1254.45,417.63,115.11,226.08,1.0000,-1,-1,-1
63,5,957.31,276.36,43.74,124.98,1.0000,-1,-1,-1
63,6,1242.54,195.91,140.74,244.94,1.0000,-1,-1,-1
63,7,1121.57,316.21,108.40,163.39,1.0000,-1,-1,-1
63,8,1267.53,249.44,23.49,62.37,1.0000,-1,-1,-1
63,10,201.59,323.47,55.21,160.66,1.0000,-1,-1,-1
63,11,1000.05,194.53,76.70,156.84,1.0000,-1,-1,-1
63,12,904.30,238.27,65.67,181.44,1.0000,-1,-1,-1
63,13,540.98,258.77,32.43,101.07,1.0000,-1,-1,-1
63,15,431.23,277.65,67.70,152.04,1.0000,-1,-1,-1
63,17,819.87,239.76,85.29,190.97,1.0000,-1,-1,-1
64,1,539.63,298.29,77.54,158.88,1.0000,-1,-1,-1
64,5,960.47,277.82,43.05,123.00,1.0000,-1,-1,-1
64,6,1250.59,190.41,141.48,246.22,1.0000,-1,-1,-1
64,7,1129.33,314.46,108.23,163.13,1.0000,-1,-1,-1
64,8,1274.00,249.72,19.89,52.80,1.0000,-1,-1,-1
64,10,197.53,323.24,55.04,161.62,1.0000,-1,-1,-1
64,11,1001.51,190.79,76.90,157.24,1.0000,-1,-1,-1
64,12,910.07,236.13,62.29,182.24,1.0000,-1,-1,-1
64,13,537.93,256.94,31.42,97.91,1.0000,-1,-1,-1
64,15,406.71,275.89,83.96,157.69,1.0000,-1,-1,-1
64,17,821.97,251.12,82.14,173.24,1.0000,-1,-1,-1
65,1,540.70,300.65,77.10,157.97,1.0000,-1,-1,-1
65,5,963.63,279.30,42.34,120.99,1.0000,-1,-1,-1
65,6,1258.65,184.92,142.21,247.49,1.0000,-1,-1,-1
65,7,1137.09,312.71,108.05,162.87,1.0000,-1,-1,-1
65,8,1280.87,251.10,15.46,41.05,1.0000,-1,-1,-1
65,10,193.96,322.94,55.53,161.45,1.0000,-1,-1,-1
65,11,1002.96,187.05,77.09,157.63,1.0000,-1,-1,-1
65,12,914.62,235.15,59.77,181.31,1.0000,-1,-1,-1
65,13,534.90,255.15,30.37,94.65,1.0000,-1,-1,-1
65,15,395.34,276.42,93.77,158.08,1.0000,-1,-1,-1
65,17,818.53,254.93,79.73,167.18,1.0000,-1,-1,-1
66,1,541.77,303.03,76.65,157.06,1.0000,-1,-1,-1
66,5,966.81,280.79,41.63,118.95,1.0000,-1,-1,-1
66,6,1266.70,179.42,142.94,248.76,1.0000,-1,-1,-1
66,7,1144.85,310.96,107.88,162.61,1.0000,-1,-1,-1
66,8,1288.73,255.05,9.09,24.13,1.0000,-1,-1,-1
66,10,189.11,323.80,56.43,160.54,1.0000,-1,-1,-1
66,11,1004.42,183.30,77.28,158.03,1.0000,-1,-1,-1
66,12,920.37,235.95,58.30,179.34,1.0000,-1,-1,-1
66,13,531.88,253.43,29.29,91.27,1.0000,-1,-1,-1
66,15,387.14,277.75,99.68,156.92,1.0000,-1,-1,-1
66,17,814.32,259.48,76.60,164.94,1.0000,-1,-1,-1
67,1,542.84,305.40,76.21,156.14,1.0000,-1,-1,-1
67,5,969.98,282.30,40.90,116.87,1.0000,-1,-1,-1
67,6,1274.76,173.94,143.66,250.02,1.0000,-1,-1,-1
67,7,1152.61,309.21,107.71,162.35,1.0000,-1,-1,-1
67,8,1293.39,250.55,9.09,24.13,1.0000,-1,-1,-1
67,10,185.48,324.71,56.79,159.65,1.0000,-1,-1,-1
67,11,1005.88,179.56,77.48,158.43,1.0000,-1,-1,-1
67,12,923.77,237.66,59.89,177.78,1.0000,-1,-1,-1
67,13,528.89,251.77,28.16,87.76,1.0000,-1,-1,-1
67,15,378.73,278.65,105.70,155.71,1.0000,-1,-1,-1
67,17,811.10,262.86,73.78,164.37,1.0000,-1,-1,-1
68,1,543.92,307.78,75.76,155.22,1.0000,-1,-1,-1
68,5,973.17,283.83,40.16,114.75,1.0000,-1,-1,-1
68,6,1282.83,168.45,144.38,251.28,1.0000,-1,-1,-1
68,7,1160.37,307.47,107.54,162.09,1.0000,-1,-1,-1
68,8,1298.06,246.05,9.09,24.13,1.0000,-1,-1,-1
68,10,181.57,325.74,58.06,159.49,1.0000,-1,-1,-1
68,11,1007.34,175.83,77.67,158.82,1.0000,-1,-1,-1
68,12,925.42,239.89,60.83,175.21,1.0000,-1,-1,-1
68,13,525.93,250.18,26.99,84.11,1.0000,-1,-1,-1
68,15,379.72,279.94,103.49,153.75,1.0000,-1,-1,-1
68,17,807.51,265.33,69.82,163.52,1.0000,-1,-1,-1
69,1,544.99,310.16,75.30,154.30,1.0000,-1,-1,-1
69,5,976.36,285.38,39.40,112.59,1.0000,-1,-1,-1
69,6,1290.89,162.97,145.10,252.52,1.0000,-1,-1,-1
69,7,1162.57,255.17,104.44,208.38,1.0000,-1,-1,-1
69,8,1302.72,241.55,9.09,24.13,1.0000,-1,-1,-1
69,10,177.47,326.17,59.43,158.99,1.0000,-1,-1,-1
69,11,1008.80,172.09,77.86,159.22,1.0000,-1,-1,-1
69,12,928.71,242.03,66.40,172.29,1.0000,-1,-1,-1
69,13,522.98,248.68,25.76,80.29,1.0000,-1,-1,-1
69,15,374.04,280.43,104.14,152.41,1.0000,-1,-1,-1
69,17,805.15,267.76,66.61,163.18,1.0000,-1,-1,-1
70,1,546.06,312.54,74.85,153.36,1.0000,-1,-1,-1
70,5,979.56,286.95,38.63,110.39,1.0000,-1,-1,-1
70,6,1298.95,157.49,145.81,253.77,1.0000,-1,-1,-1
70,7,1169.85,286.36,105.46,191.03,1.0000,-1,-1,-1
70,8,1307.39,237.05,9.09,24.13,1.0000,-1,-1,-1
70,10,174.68,326.17,60.75,159.38,1.0000,-1,-1,-1
70,11,1010.26,168.35,78.06,159.61,1.0000,-1,-1,-1
70,12,929.36,244.77,72.62,170.71,1.0000,-1,-1,-1
70,13,520.07,247.27,24.47,76.27,1.0000,-1,-1,-1
70,15,374.50,281.00,98.19,150.33,1.0000,-1,-1,-1
70,17,801.58,270.19,65.62,163.49,1.0000,-1,-1,-1
71,1,547.14,314.93,74.39,152.42,1.0000,-1,-1,-1
71,5,982.77,288.55,37.85,108.15,1.0000,-1,-1,-1
71,6,1307.02,152.01,146.52,255.00,1.0000,-1,-1,-1
71,7,1177.16,284.90,105.45,191.01,1.0000,-1,-1,-1
71,8,1312.05,232.55,9.09,24.13,1.0000,-1,-1,-1
71,10,170.79,324.20,62.96,159.82,1.0000,-1,-1,-1
71,11,1011.72,164.61,78.25,160.00,1.0000,-1,-1,-1
71,12,930.01,245.24,78.85,167.23,1.0000,-1,-1,-1
71,13,517.20,245.98,23.12,72.04,1.0000,-1,-1,-1
71,15,365.66,281.76,92.69,149.05,1.0000,-1,-1,-1
71,17,796.38,272.68,64.58,161.11,1.0000,-1,-1,-1
72,1,548.22,317.31,73.93,151.48,1.0000,-1,-1,-1
72,5,985.99,290.16,37.05,105.86,1.0000,-1,-1,-1
72,6,1315.09,146.54,147.23,256.23,1.0000,-1,-1,-1
72,7,1184.46,283.44,105.44,190.99,1.0000,-1,-1,-1
72,10,168.27,322.88,65.00,159.26,1.0000,-1,-1,-1
72,11,1013.18,160.87,78.44,160.39,1.0000,-1,-1,-1
72,12,925.44,246.48,84.75,167.22,1.0000,-1,-1,-1
72,15,358.41,282.01,85.99,148.25,1.0000,-1,-1,-1
72,17,791.39,274.61,64.23,159.20,1.0000,-1,-1,-1
73,1,549.30,319.71,73.47,150.53,1.0000,-1,-1,-1
73,5,989.21,291.81,36.23,103.52,1.0000,-1,-1,-1
73,6,1323.16,141.07,147.93,257.46,1.0000,-1,-1,-1
73,7,1191.76,281.97,105.43,190.97,1.0000,-1,-1,-1
73,10,166.22,322.94,67.08,158.11,1.0000,-1,-1,-1
73,11,1014.64,157.13,78.63,160.78,1.0000,-1,-1,-1
73,12,921.09,246.39,88.81,166.92,1.0000,-1,-1,-1
73,14,696.01,224.14,83.19,160.61,1.0000,-1,-1,-1
73,15,350.68,281.26,80.05,146.91,1.0000,-1,-1,-1
73,17,790.90,276.88,62.05,156.61,1.0000,-1,-1,-1
74,1,550.38,322.10,73.00,149.57,1.0000,-1,-1,-1
74,5,992.44,293.48,35.39,101.12,1.0000,-1,-1,-1
74,6,1331.23,135.60,148.63,258.67,1.0000,-1,-1,-1
74,7,1199.06,280.51,105.42,190.94,1.0000,-1,-1,-1
74,10,164.21,323.16,69.69,156.96,1.0000,-1,-1,-1
74,11,1016.10,153.40,78.82,161.17,1.0000,-1,-1,-1
74,12,920.14,245.13,88.79,165.87,1.0000,-1,-1,-1
74,14,700.02,224.32,90.20,160.41,1.0000,-1,-1,-1
74,15,347.58,281.91,78.29,145.95,1.0000,-1,-1,-1
74,17,791.44,278.24,59.73,154.41,1.0000,-1,-1,-1
75,1,551.46,324.50,72.53,148.61,1.0000,-1,-1,-1
75,5,995.69,295.18,34.53,98.66,1.0000,-1,-1,-1
75,6,1339.31,130.14,149.33,259.89,1.0000,-1,-1,-1
75,7,1206.37,279.05,105.41,190.92,1.0000,-1,-1,-1
75,10,163.27,323.25,72.40,155.21,1.0000,-1,-1,-1
75,11,1017.56,149.66,79.01,161.56,1.0000,-1,-1,-1
75,12,923.41,243.99,85.77,165.29,1.0000,-1,-1,-1
75,14,702.68,226.81,93.05,158.37,1.0000,-1,-1,-1
75,15,339.69,281.52,78.72,146.76,1.0000,-1,-1,-1
75,17,792.22,279.52,57.82,153.34,1.0000,-1,-1,-1
76,1,552.55,326.90,72.06,147.64,1.0000,-1,-1,-1
76,5,998.94,296.91,33.65,96.15,1.0000,-1,-1,-1
76,7,1213.67,277.59,105.39,190.90,1.0000,-1,-1,-1
76,10,162.28,324.20,77.36,153.48,1.0000,-1,-1,-1
76,11,1019.02,145.93,79.20,161.95,1.0000,-1,-1,-1
76,12,936.29,241.33,76.76,165.09,1.0000,-1,-1,-1
76,14,708.73,226.49,93.59,159.28,1.0000,-1,-1,-1
76,15,331.22,283.86,74.56,145.88,1.0000,-1,-1,-1
76,17,792.66,281.03,55.06,151.96,1.0000,-1,-1,-1
77,1,553.63,329.30,71.58,146.67,1.0000,-1,-1,-1
77,5,1002.21,298.67,32.74,93.56,1.0000,-1,-1,-1
77,7,1220.97,276.12,105.38,190.88,1.0000,-1,-1,-1
77,10,160.51,324.96,81.82,151.99,1.0000,-1,-1,-1
77,11,1020.48,142.19,79.39,162.34,1.0000,-1,-1,-1
77,12,945.03,238.90,69.66,164.95,1.0000,-1,-1,-1
77,14,714.79,226.17,94.13,160.19,1.0000,-1,-1,-1
77,15,323.15,283.78,74.84,146.41,1.0000,-1,-1,-1
77,17,793.46,283.25,52.28,150.16,1.0000,-1,-1,-1
78,1,554.72,331.71,71.10,145.68,1.0000,-1,-1,-1
78,5,1005.49,300.47,31.81,90.90,1.0000,-1,-1,-1
78,7,1228.27,274.66,105.37,190.86,1.0000,-1,-1,-1
78,10,158.29,325.36,85.52,151.01,1.0000,-1,-1,-1
78,11,1021.94,138.46,79.58,162.72,1.0000,-1,-1,-1
78,12,952.31,236.63,63.77,164.19,1.0000,-1,-1,-1
78,14,720.85,225.85,94.66,161.09,1.0000,-1,-1,-1
78,15,306.84,285.74,81.84,145.63,1.0000,-1,-1,-1
78,17,790.75,285.47,51.64,148.32,1.0000,-1,-1,-1
79,1,555.81,334.12,70.62,144.70,1.0000,-1,-1,-1
79,5,1008.79,302.32,30.85,88.16,1.0000,-1,-1,-1
79,7,1235.57,273.20,105.36,190.84,1.0000,-1,-1,-1
79,10,155.86,325.46,88.09,150.22,1.0000,-1,-1,-1
79,11,1023.40,134.72,79.77,163.11,1.0000,-1,-1,-1
79,12,958.74,234.94,59.30,163.23,1.0000,-1,-1,-1
79,14,726.91,225.54,95.18,161.99,1.0000,-1,-1,-1
79,15,297.89,286.76,85.61,144.12,1.0000,-1,-1,-1
79,16,1187.70,230.77,79.41,162.80,1.0000,-1,-1,-1
79,17,788.05,287.70,51.00,146.47,1.0000,-1,-1,-1
80,1,556.90,336.53,70.13,143.70,1.0000,-1,-1,-1
80,5,1012.09,304.20,29.87,85.34,1.0000,-1,-1,-1
80,7,1242.88,271.74,105.35,190.82,1.0000,-1,-1,-1
80,10,153.24,325.43,89.44,149.33,1.0000,-1,-1,-1
80,11,1024.86,130.99,79.95,163.49,1.0000,-1,-1,-1
80,12,962.24,234.12,59.03,162.48,1.0000,-1,-1,-1
80,14,732.97,225.23,95.71,162.89,1.0000,-1,-1,-1
80,15,292.34,288.72,88.42,143.70,1.0000,-1,-1,-1
80,16,1183.69,228.33,82.12,164.26,1.0000,-1,-1,-1
80,17,785.35,289.94,50.34,144.59,1.0000,-1,-1,-1
81,1,557.99,338.95,69.64,142.70,1.0000,-1,-1,-1
81,7,1250.18,270.27,105.33,190.79,1.0000,-1,-1,-1
81,10,153.95,325.73,87.87,148.57,1.0000,-1,-1,-1
81,11,1026.32,127.25,80.14,163.87,1.0000,-1,-1,-1
81,12,968.22,234.64,54.01,158.95,1.0000,-1,-1,-1
81,14,739.04,224.92,96.23,163.78,1.0000,-1,-1,-1
81,15,283.40,289.76,89.18,142.99,1.0000,-1,-1,-1
81,16,1185.14,227.75,79.18,164.63,1.0000,-1,-1,-1
81,17,782.65,292.19,49.68,142.68,1.0000,-1,-1,-1
82,1,559.09,341.37,69.15,141.69,1.0000,-1,-1,-1
82,7,1257.48,268.81,105.32,190.77,1.0000,-1,-1,-1
82,10,156.39,325.94,85.35,147.97,1.0000,-1,-1,-1
82,11,1027.78,123.52,80.33,164.25,1.0000,-1,-1,-1
82,12,970.32,236.57,52.38,156.19,1.0000,-1,-1,-1
82,14,745.10,224.62,96.75,164.66,1.0000,-1,-1,-1
82,15,275.21,289.81,89.69,143.81,1.0000,-1,-1,-1
82,16,1185.72,227.15,79.36,165.00,1.0000,-1,-1,-1
82,17,779.96,294.46,49.01,140.75,1.0000,-1,-1,-1
83,1,560.18,343.80,68.66,140.67,1.0000,-1,-1,-1
83,7,1264.78,267.35,105.31,190.75,1.0000,-1,-1,-1
83,10,161.32,324.85,82.71,147.62,1.0000,-1,-1,-1
83,11,1029.25,119.79,80.51,164.64,1.0000,-1,-1,-1
83,12,972.06,238.58,52.43,154.16,1.0000,-1,-1,-1
83,14,751.17,224.32,97.27,165.54,1.0000,-1,-1,-1
83,15,264.52,290.87,78.47,140.78,1.0000,-1,-1,-1
83,16,1186.30,226.56,79.53,165.36,1.0000,-1,-1,-1
83,17,777.27,296.74,48.33,138.80,1.0000,-1,-1,-1
84,7,1272.08,265.89,105.30,190.73,1.0000,-1,-1,-1
84,10,167.44,324.30,79.31,146.89,1.0000,-1,-1,-1
84,11,1030.71,116.06,80.70,165.02,1.0000,-1,-1,-1
84,12,975.30,238.24,52.07,153.10,1.0000,-1,-1,-1
84,14,795.78,230.31,80.69,152.00,1.0000,-1,-1,-1
84,15,258.67,291.61,71.63,138.72,1.0000,-1,-1,-1
84,16,1186.88,225.96,79.71,165.73,1.0000,-1,-1,-1
84,17,774.59,299.04,47.64,136.81,1.0000,-1,-1,-1
85,7,1279.39,264.42,105.29,190.71,1.0000,-1,-1,-1
85,10,175.94,323.83,73.50,146.37,1.0000,-1,-1,-1
85,11,1032.17,112.33,80.89,165.39,1.0000,-1,-1,-1
85,12,978.55,237.92,51.71,152.03,1.0000,-1,-1,-1
85,14,803.75,233.50,75.23,149.97,1.0000,-1,-1,-1
85,15,254.43,291.70,66.35,137.38,1.0000,-1,-1,-1
85,16,1198.55,226.45,74.19,165.55,1.0000,-1,-1,-1
85,17,771.91,301.35,46.94,134.80,1.0000,-1,-1,-1
86,7,1286.69,262.96,105.27,190.69,1.0000,-1,-1,-1
86,10,185.01,322.65,67.13,146.31,1.0000,-1,-1,-1
86,11,1033.63,108.59,81.07,165.77,1.0000,-1,-1,-1
86,12,987.84,244.85,62.74,149.21,1.0000,-1,-1,-1
86,14,813.61,235.97,68.36,148.07,1.0000,-1,-1,-1
86,15,248.59,291.36,61.42,136.06,1.0000,-1,-1,-1
86,16,1199.91,226.06,74.23,165.63,1.0000,-1,-1,-1
86,17,766.13,283.00,53.59,147.90,1.0000,-1,-1,-1
87,7,1293.99,261.50,105.26,190.67,1.0000,-1,-1,-1
87,10,190.56,322.38,62.89,145.79,1.0000,-1,-1,-1
87,11,1035.10,104.86,81.26,166.15,1.0000,-1,-1,-1
87,12,987.44,246.02,68.06,148.53,1.0000,-1,-1,-1
87,14,822.58,237.18,64.59,147.17,1.0000,-1,-1,-1
87,15,243.12,292.11,58.82,135.54,1.0000,-1,-1,-1
87,16,1201.26,225.68,74.27,165.71,1.0000,-1,-1,-1
87,17,763.34,283.97,53.20,146.81,1.0000,-1,-1,-1
88,7,1301.29,260.04,105.25,190.64,1.0000,-1,-1,-1
88,10,191.70,321.95,62.80,145.60,1.0000,-1,-1,-1
88,11,1036.56,101.13,81.44,166.53,1.0000,-1,-1,-1
88,12,984.94,246.50,70.36,148.79,1.0000,-1,-1,-1
88,14,830.06,236.18,59.95,146.07,1.0000,-1,-1,-1
88,15,237.16,293.01,57.96,135.21,1.0000,-1,-1,-1
88,16,1202.61,225.30,74.30,165.79,1.0000,-1,-1,-1
88,17,760.07,283.25,54.40,148.93,1.0000,-1,-1,-1
89,7,1308.59,258.57,105.24,190.62,1.0000,-1,-1,-1
89,10,192.85,321.52,62.72,145.40,1.0000,-1,-1,-1
89,11,1038.02,97.40,81.62,166.90,1.0000,-1,-1,-1
89,12,981.30,245.76,72.83,149.14,1.0000,-1,-1,-1
89,14,835.62,235.48,57.57,146.70,1.0000,-1,-1,-1
89,15,229.08,293.47,57.74,134.70,1.0000,-1,-1,-1
89,16,1203.96,224.92,74.34,165.87,1.0000,-1,-1,-1
89,17,757.27,284.13,54.06,148.01,1.0000,-1,-1,-1
90,7,1315.90,257.11,105.23,190.60,1.0000,-1,-1,-1
90,10,193.99,321.08,62.63,145.21,1.0000,-1,-1,-1
90,12,984.78,244.27,70.96,150.14,1.0000,-1,-1,-1
90,14,835.52,234.23,59.67,147.97,1.0000,-1,-1,-1
90,15,220.99,293.94,57.53,134.19,1.0000,-1,-1,-1
90,16,1205.32,224.53,74.37,165.95,1.0000,-1,-1,-1
90,17,754.55,283.90,54.76,148.63,1.0000,-1,-1,-1
91,7,1323.20,255.65,105.22,190.58,1.0000,-1,-1,-1
91,10,198.26,303.70,73.39,157.46,1.0000,-1,-1,-1
91,12,992.97,241.06,65.02,150.38,1.0000,-1,-1,-1
91,14,838.37,232.32,67.90,150.59,1.0000,-1,-1,-1
91,15,212.90,294.40,57.31,133.68,1.0000,-1,-1,-1
91,16,1206.67,224.15,74.41,166.02,1.0000,-1,-1,-1
91,17,750.20,283.31,54.60,147.51,1.0000,-1,-1,-1
92,7,1330.50,254.19,105.20,190.56,1.0000,-1,-1,-1
92,10,196.53,300.35,77.78,161.51,1.0000,-1,-1,-1
92,12,998.73,239.98,59.95,151.03,1.0000,-1,-1,-1
92,14,840.61,231.57,74.86,151.76,1.0000,-1,-1,-1
92,15,204.82,294.87,57.09,133.17,1.0000,-1,-1,-1
92,16,1208.02,223.77,74.44,166.10,1.0000,-1,-1,-1
92,17,745.96,282.36,55.68,144.30,1.0000,-1,-1,-1
93,7,1337.80,252.72,105.19,190.54,1.0000,-1,-1,-1
93,10,196.13,299.31,78.04,162.95,1.0000,-1,-1,-1
93,12,1002.41,239.76,56.11,151.50,1.0000,-1,-1,-1
93,14,840.79,231.44,80.39,151.27,1.0000,-1,-1,-1
93,15,196.73,295.34,56.87,132.65,1.0000,-1,-1,-1
93,16,1209.37,223.39,74.48,166.18,1.0000,-1,-1,-1
93,17,743.01,282.77,55.37,143.50,1.0000,-1,-1,-1
94,7,1345.10,251.26,105.18,190.51,1.0000,-1,-1,-1
94,10,197.58,297.92,78.14,163.16,1.0000,-1,-1,-1
94,12,1004.03,240.18,54.45,152.27,1.0000,-1,-1,-1
94,14,840.56,232.27,84.41,150.66,1.0000,-1,-1,-1
94,15,188.65,295.81,56.64,132.14,1.0000,-1,-1,-1
94,16,1210.72,223.00,74.51,166.26,1.0000,-1,-1,-1
94,17,738.91,284.40,57.79,144.93,1.0000,-1,-1,-1
95,7,1352.41,249.80,105.17,190.49,1.0000,-1,-1,-1
95,10,199.10,308.87,78.66,156.30,1.0000,-1,-1,-1
95,12,1003.16,240.50,54.27,152.25,1.0000,-1,-1,-1
95,14,843.76,234.75,86.54,149.07,1.0000,-1,-1,-1
95,15,180.56,296.28,56.42,131.62,1.0000,-1,-1,-1
95,16,1212.08,222.62,74.55,166.34,1.0000,-1,-1,-1
95,17,736.08,285.29,58.64,144.04,1.0000,-1,-1,-1
96,7,1359.71,248.34,105.16,190.47,1.0000,-1,-1,-1
96,10,200.58,308.27,78.74,156.46,1.0000,-1,-1,-1
96,12,1005.74,240.59,53.97,151.43,1.0000,-1,-1,-1
96,14,852.44,237.25,82.48,148.56,1.0000,-1,-1,-1
96,15,179.52,299.93,58.65,135.77,1.0000,-1,-1,-1
96,16,1213.43,222.24,74.58,166.42,1.0000,-1,-1,-1
96,17,729.53,286.54,58.69,141.76,1.0000,-1,-1,-1
97,7,1367.01,246.87,105.14,190.45,1.0000,-1,-1,-1
97,10,212.82,308.69,67.24,152.78,1.0000,-1,-1,-1
97,12,1008.32,240.69,53.68,150.61,1.0000,-1,-1,-1
97,14,861.95,237.90,75.84,147.86,1.0000,-1,-1,-1
97,15,172.35,301.90,59.76,138.73,1.0000,-1,-1,-1
97,16,1214.78,221.86,74.62,166.50,1.0000,-1,-1,-1
97,17,725.55,287.66,59.18,140.80,1.0000,-1,-1,-1
98,7,1374.31,245.41,105.13,190.43,1.0000,-1,-1,-1
98,10,214.78,308.11,67.22,152.73,1.0000,-1,-1,-1
98,12,1010.91,240.80,53.39,149.78,1.0000,-1,-1,-1
98,14,870.14,237.57,68.31,147.36,1.0000,-1,-1,-1
98,15,165.26,302.83,60.44,138.67,1.0000,-1,-1,-1
98,16,1216.13,221.48,74.65,166.58,1.0000,-1,-1,-1
98,17,721.54,287.86,59.59,139.56,1.0000,-1,-1,-1
99,7,1381.61,243.95,105.12,190.41,1.0000,-1,-1,-1
99,10,220.12,309.19,60.32,149.94,1.0000,-1,-1,-1
99,12,999.79,242.51,68.57,148.79,1.0000,-1,-1,-1
99,14,875.87,236.63,62.31,147.39,1.0000,-1,-1,-1
99,15,159.37,304.85,60.21,139.34,1.0000,-1,-1,-1
99,16,1217.49,221.09,74.69,166.65,1.0000,-1,-1,-1
99,17,717.12,289.86,59.65,138.69,1.0000,-1,-1,-1
100,7,1388.92,242.49,105.11,190.39,1.0000,-1,-1,-1
100,10,222.11,308.72,60.24,149.74,1.0000,-1,-1,-1
100,12,992.94,242.77,75.83,147.57,1.0000,-1,-1,-1
100,14,879.31,231.71,58.23,144.10,1.0000,-1,-1,-1
100,15,152.61,308.23,61.22,141.01,1.0000,-1,-1,-1
100,16,1218.84,220.71,74.72,166.73,1.0000,-1,-1,-1
100,17,712.27,291.09,59.79,137.73,1.0000,-1,-1,-1
101,10,220.85,309.66,63.75,147.20,1.0000,-1,-1,-1
101,12,988.92,241.53,75.57,145.94,1.0000,-1,-1,-1
101,14,884.57,231.68,57.89,143.28,1.0000,-1,-1,-1
101,15,143.44,311.27,61.34,141.52,1.0000,-1,-1,-1
101,16,1220.19,220.33,74.76,166.81,1.0000,-1,-1,-1
101,17,704.83,292.38,60.10,135.52,1.0000,-1,-1,-1
102,10,222.70,309.18,63.69,147.05,1.0000,-1,-1,-1
102,12,987.39,240.95,74.01,145.76,1.0000,-1,-1,-1
102,14,889.84,231.65,57.56,142.45,1.0000,-1,-1,-1
102,15,137.02,314.08,60.95,141.12,1.0000,-1,-1,-1
102,16,1221.54,219.95,74.79,166.89,1.0000,-1,-1,-1
102,17,698.44,293.45,60.45,134.70,1.0000,-1,-1,-1
103,10,214.73,311.63,66.73,144.22,1.0000,-1,-1,-1
103,12,988.85,239.71,68.44,144.45,1.0000,-1,-1,-1
103,14,895.10,231.62,57.22,141.62,1.0000,-1,-1,-1
103,15,130.93,316.09,60.54,141.66,1.0000,-1,-1,-1
103,16,1222.89,219.56,74.83,166.97,1.0000,-1,-1,-1
103,17,693.47,294.16,60.58,133.54,1.0000,-1,-1,-1
104,10,212.16,312.51,68.37,142.27,1.0000,-1,-1,-1
104,12,989.91,238.06,62.35,142.42,1.0000,-1,-1,-1
104,14,900.37,231.60,56.89,140.78,1.0000,-1,-1,-1
104,15,125.27,317.95,59.71,140.41,1.0000,-1,-1,-1
104,16,1224.25,219.18,74.86,167.05,1.0000,-1,-1,-1
104,17,688.85,295.59,60.74,132.86,1.0000,-1,-1,-1
105,10,213.04,312.17,68.33,142.17,1.0000,-1,-1,-1
105,12,990.86,238.29,57.08,141.21,1.0000,-1,-1,-1
105,14,905.64,231.57,56.54,139.94,1.0000,-1,-1,-1
105,15,119.98,318.31,59.08,140.02,1.0000,-1,-1,-1
105,16,1225.60,218.80,74.90,167.12,1.0000,-1,-1,-1
105,17,683.12,297.34,60.22,131.95,1.0000,-1,-1,-1
106,10,213.93,311.83,68.28,142.08,1.0000,-1,-1,-1
106,12,988.38,238.21,54.55,141.06,1.0000,-1,-1,-1
106,14,886.27,245.04,61.37,140.58,1.0000,-1,-1,-1
106,15,111.70,320.18,58.57,139.54,1.0000,-1,-1,-1
106,16,1226.95,218.42,74.93,167.20,1.0000,-1,-1,-1
106,17,674.72,299.43,60.12,129.84,1.0000,-1,-1,-1
107,10,214.81,311.48,68.24,141.99,1.0000,-1,-1,-1
107,12,986.95,239.22,54.22,141.15,1.0000,-1,-1,-1
107,14,889.89,245.96,61.10,139.96,1.0000,-1,-1,-1
107,15,104.46,320.35,58.19,139.52,1.0000,-1,-1,-1
107,16,1228.30,218.04,74.97,167.28,1.0000,-1,-1,-1
107,17,666.91,301.16,60.78,127.74,1.0000,-1,-1,-1
108,10,215.69,311.14,68.19,141.89,1.0000,-1,-1,-1
108,12,985.93,240.04,56.11,140.93,1.0000,-1,-1,-1
108,14,893.50,246.88,60.82,139.32,1.0000,-1,-1,-1
108,15,98.11,321.54,57.92,138.30,1.0000,-1,-1,-1
108,16,1229.66,217.65,75.00,167.36,1.0000,-1,-1,-1
108,17,661.14,302.25,60.76,126.43,1.0000,-1,-1,-1
109,10,216.57,310.80,68.15,141.80,1.0000,-1,-1,-1
109,12,983.14,241.60,58.60,140.03,1.0000,-1,-1,-1
109,14,897.12,247.80,60.54,138.69,1.0000,-1,-1,-1
109,15,91.53,323.09,57.92,137.37,1.0000,-1,-1,-1
109,16,1231.01,217.27,75.04,167.44,1.0000,-1,-1,-1
109,17,655.18,303.25,60.13,125.42,1.0000,-1,-1,-1
110,10,217.46,310.46,68.10,141.71,1.0000,-1,-1,-1
110,12,979.33,242.69,62.70,138.47,1.0000,-1,-1,-1
110,14,878.38,248.50,59.87,137.62,1.0000,-1,-1,-1
110,15,85.80,325.92,57.68,138.09,1.0000,-1,-1,-1
110,16,1232.36,216.89,75.08,167.51,1.0000,-1,-1,-1
110,17,649.08,303.64,59.84,124.65,1.0000,-1,-1,-1
111,10,219.40,298.42,57.11,134.93,1.0000,-1,-1,-1
111,12,972.25,244.21,68.23,135.86,1.0000,-1,-1,-1
111,14,872.28,249.73,58.85,136.62,1.0000,-1,-1,-1
111,15,76.09,330.38,57.47,140.63,1.0000,-1,-1,-1
111,16,1233.71,216.51,75.11,167.59,1.0000,-1,-1,-1
111,17,638.91,302.41,59.56,124.98,1.0000,-1,-1,-1
112,10,219.98,299.65,53.19,133.78,1.0000,-1,-1,-1
112,12,966.46,246.26,72.80,133.80,1.0000,-1,-1,-1
112,14,870.12,250.14,56.82,136.90,1.0000,-1,-1,-1
112,15,69.38,334.44,57.29,142.34,1.0000,-1,-1,-1
112,16,1235.06,216.13,75.14,167.67,1.0000,-1,-1,-1
112,17,631.22,300.34,59.23,125.62,1.0000,-1,-1,-1
113,10,220.92,301.01,53.02,132.92,1.0000,-1,-1,-1
113,12,961.84,248.14,76.53,131.88,1.0000,-1,-1,-1
113,14,867.52,249.91,54.83,137.01,1.0000,-1,-1,-1
113,15,64.28,337.30,56.39,143.22,1.0000,-1,-1,-1
113,16,1236.42,215.74,75.18,167.75,1.0000,-1,-1,-1
113,17,625.16,299.14,58.80,126.47,1.0000,-1,-1,-1
114,10,219.17,298.90,52.10,126.16,1.0000,-1,-1,-1
114,12,954.99,249.99,80.63,130.56,1.0000,-1,-1,-1
114,14,866.14,251.01,53.08,137.00,1.0000,-1,-1,-1
114,15,60.19,339.84,55.62,143.66,1.0000,-1,-1,-1
114,16,1237.77,215.36,75.21,167.83,1.0000,-1,-1,-1
114,17,618.56,297.20,58.51,126.44,1.0000,-1,-1,-1
115,10,219.47,297.67,51.90,125.66,1.0000,-1,-1,-1
115,12,946.84,251.94,84.16,129.10,1.0000,-1,-1,-1
115,14,865.06,251.34,51.33,137.20,1.0000,-1,-1,-1
115,15,56.66,342.98,54.85,143.85,1.0000,-1,-1,-1
115,16,1239.12,214.98,75.25,167.90,1.0000,-1,-1,-1
115,17,613.02,295.87,58.56,126.63,1.0000,-1,-1,-1
116,10,219.77,296.44,51.69,125.16,1.0000,-1,-1,-1
116,12,938.26,254.77,85.89,127.09,1.0000,-1,-1,-1
116,14,859.53,252.97,50.64,134.61,1.0000,-1,-1,-1
116,15,52.21,347.28,53.27,144.73,1.0000,-1,-1,-1
116,17,603.14,293.47,58.55,127.33,1.0000,-1,-1,-1
117,10,220.07,295.21,51.49,124.66,1.0000,-1,-1,-1
117,12,930.38,256.64,87.71,126.07,1.0000,-1,-1,-1
117,14,857.68,255.94,50.84,133.95,1.0000,-1,-1,-1
117,15,48.57,350.02,51.75,145.10,1.0000,-1,-1,-1
117,17,596.67,291.44,58.62,127.39,1.0000,-1,-1,-1
118,10,220.36,293.98,51.28,124.16,1.0000,-1,-1,-1
118,12,923.50,257.05,88.31,125.73,1.0000,-1,-1,-1
118,14,857.07,259.22,52.47,134.14,1.0000,-1,-1,-1
118,15,45.98,352.21,50.22,144.87,1.0000,-1,-1,-1
118,17,591.11,289.75,58.12,126.10,1.0000,-1,-1,-1
119,10,212.82,305.20,51.62,130.19,1.0000,-1,-1,-1
119,12,919.06,256.86,87.50,125.56,1.0000,-1,-1,-1
119,14,856.59,262.43,54.02,133.71,1.0000,-1,-1,-1
119,15,43.67,353.15,48.72,144.54,1.0000,-1,-1,-1
119,17,584.96,288.17,58.12,124.06,1.0000,-1,-1,-1
120,10,212.43,303.94,51.78,131.69,1.0000,-1,-1,-1
120,12,918.76,255.61,83.76,126.05,1.0000,-1,-1,-1
120,14,856.95,264.03,56.90,133.56,1.0000,-1,-1,-1
120,15,41.88,354.07,47.58,144.28,1.0000,-1,-1,-1
120,17,580.24,286.36,57.71,121.80,1.0000,-1,-1,-1
121,10,211.36,300.93,53.10,132.28,1.0000,-1,-1,-1
121,12,917.55,255.35,77.49,126.03,1.0000,-1,-1,-1
121,14,856.72,265.54,56.62,132.89,1.0000,-1,-1,-1
121,15,38.44,356.33,46.05,143.93,1.0000,-1,-1,-1
121,17,570.78,286.92,58.03,119.94,1.0000,-1,-1,-1
122,10,212.28,297.52,52.16,131.14,1.0000,-1,-1,-1
122,12,916.13,255.10,72.01,126.55,1.0000,-1,-1,-1
122,14,856.49,267.06,56.33,132.22,1.0000,-1,-1,-1
122,15,36.30,359.01,45.46,143.38,1.0000,-1,-1,-1
122,17,565.10,287.03,58.22,118.94,1.0000,-1,-1,-1
123,10,213.31,296.44,50.96,130.99,1.0000,-1,-1,-1
123,12,913.81,255.43,67.58,126.81,1.0000,-1,-1,-1
123,14,856.26,268.57,56.05,131.55,1.0000,-1,-1,-1
123,15,32.99,360.94,46.78,143.40,1.0000,-1,-1,-1
123,17,560.21,287.75,57.77,117.98,1.0000,-1,-1,-1
124,10,211.87,296.62,49.23,131.75,1.0000,-1,-1,-1
124,12,910.37,255.87,67.35,126.37,1.0000,-1,-1,-1
124,14,856.03,270.09,55.76,130.88,1.0000,-1,-1,-1
124,15,29.69,363.02,51.96,143.75,1.0000,-1,-1,-1
124,17,554.65,289.24,57.73,117.17,1.0000,-1,-1,-1
125,10,211.53,296.13,49.06,131.28,1.0000,-1,-1,-1
125,12,906.93,256.30,67.12,125.94,1.0000,-1,-1,-1
125,14,855.80,271.61,55.47,130.20,1.0000,-1,-1,-1
125,15,25.89,366.38,57.70,143.56,1.0000,-1,-1,-1
125,17,549.92,290.10,58.05,116.53,1.0000,-1,-1,-1
126,10,211.19,295.65,48.88,130.80,1.0000,-1,-1,-1
126,12,903.49,256.73,66.88,125.50,1.0000,-1,-1,-1
126,14,855.57,273.14,55.18,129.51,1.0000,-1,-1,-1
126,15,21.22,369.03,62.82,143.80,1.0000,-1,-1,-1
126,17,545.13,291.19,58.31,116.24,1.0000,-1,-1,-1
127,10,204.89,296.11,56.70,130.78,1.0000,-1,-1,-1
127,12,900.04,257.17,66.65,125.07,1.0000,-1,-1,-1
127,14,855.34,274.66,54.88,128.83,1.0000,-1,-1,-1
127,15,11.93,373.38,67.28,144.18,1.0000,-1,-1,-1
127,17,536.89,292.33,58.50,116.27,1.0000,-1,-1,-1
128,10,204.36,295.64,56.57,130.48,1.0000,-1,-1,-1
128,12,896.60,257.60,66.42,124.63,1.0000,-1,-1,-1
128,14,855.11,276.19,54.59,128.14,1.0000,-1,-1,-1
128,15,4.53,375.79,69.75,144.69,1.0000,-1,-1,-1
128,17,531.03,292.43,58.42,116.25,1.0000,-1,-1,-1
129,10,203.83,295.16,56.44,130.19,1.0000,-1,-1,-1
129,12,888.81,264.29,63.71,127.09,1.0000,-1,-1,-1
129,14,854.89,277.72,54.29,127.44,1.0000,-1,-1,-1
129,15,0.68,378.07,70.75,145.00,1.0000,-1,-1,-1
129,17,525.95,293.06,57.72,116.23,1.0000,-1,-1,-1
130,10,203.30,294.69,56.31,129.89,1.0000,-1,-1,-1
130,12,886.84,265.34,61.76,128.94,1.0000,-1,-1,-1
130,14,854.66,279.25,54.00,126.75,1.0000,-1,-1,-1
130,15,-1.69,378.80,70.05,145.58,1.0000,-1,-1,-1
130,17,520.94,293.34,57.40,116.45,1.0000,-1,-1,-1
131,10,202.77,294.22,56.18,129.59,1.0000,-1,-1,-1
131,12,883.08,266.46,61.52,128.45,1.0000,-1,-1,-1
131,14,854.44,280.78,53.70,126.04,1.0000,-1,-1,-1
131,15,-4.31,379.92,66.73,145.24,1.0000,-1,-1,-1
131,17,515.59,292.81,57.74,117.20,1.0000,-1,-1,-1
132,10,202.24,293.74,56.05,129.29,1.0000,-1,-1,-1
132,12,879.31,267.59,61.28,127.96,1.0000,-1,-1,-1
132,14,854.21,282.31,53.40,125.34,1.0000,-1,-1,-1
132,15,-4.65,382.37,62.38,145.29,1.0000,-1,-1,-1
132,17,506.99,290.92,57.75,119.02,1.0000,-1,-1,-1
133,10,201.71,293.27,55.92,129.00,1.0000,-1,-1,-1
133,12,875.55,268.72,61.04,127.46,1.0000,-1,-1,-1
133,14,853.99,283.85,53.10,124.63,1.0000,-1,-1,-1
133,15,-4.49,384.25,58.88,145.86,1.0000,-1,-1,-1
133,17,502.26,289.75,57.29,120.82,1.0000,-1,-1,-1
134,10,201.18,292.80,55.79,128.70,1.0000,-1,-1,-1
134,12,871.78,269.85,60.81,126.96,1.0000,-1,-1,-1
134,14,853.77,285.39,52.79,123.91,1.0000,-1,-1,-1
134,15,-4.05,387.47,55.97,147.01,1.0000,-1,-1,-1
134,17,497.37,287.49,56.90,121.86,1.0000,-1,-1,-1
135,10,200.66,292.32,55.66,128.40,1.0000,-1,-1,-1
135,12,868.02,270.98,60.57,126.46,1.0000,-1,-1,-1
135,14,853.55,286.93,52.49,123.20,1.0000,-1,-1,-1
135,15,-4.00,391.67,53.33,148.28,1.0000,-1,-1,-1
135,17,493.77,286.70,55.90,122.58,1.0000,-1,-1,-1
136,10,200.13,291.85,55.53,128.09,1.0000,-1,-1,-1
136,12,864.26,272.11,60.32,125.95,1.0000,-1,-1,-1
136,14,853.33,288.47,52.18,122.47,1.0000,-1,-1,-1
136,15,-2.45,394.38,53.38,150.61,1.0000,-1,-1,-1
136,17,489.70,285.08,55.59,123.41,1.0000,-1,-1,-1
137,10,192.04,288.81,54.59,130.43,1.0000,-1,-1,-1
137,12,860.49,273.25,60.08,125.45,1.0000,-1,-1,-1
137,14,853.11,290.01,51.87,121.75,1.0000,-1,-1,-1
137,15,-0.49,399.02,55.32,150.80,1.0000,-1,-1,-1
137,17,483.67,282.72,55.06,124.34,1.0000,-1,-1,-1
138,10,192.59,289.87,53.68,133.60,1.0000,-1,-1,-1
138,12,856.73,274.38,59.84,124.94,1.0000,-1,-1,-1
138,14,852.89,291.56,51.56,121.02,1.0000,-1,-1,-1
138,15,0.27,401.85,57.12,151.46,1.0000,-1,-1,-1
138,17,478.34,280.54,55.91,123.24,1.0000,-1,-1,-1
139,10,192.26,290.74,55.07,135.05,1.0000,-1,-1,-1
139,12,852.97,275.52,59.60,124.43,1.0000,-1,-1,-1
139,14,852.67,293.11,51.24,120.28,1.0000,-1,-1,-1
139,15,0.15,404.20,58.18,151.72,1.0000,-1,-1,-1
139,17,472.96,279.07,56.54,121.84,1.0000,-1,-1,-1
140,10,191.48,291.17,56.43,135.55,1.0000,-1,-1,-1
140,12,849.21,276.65,59.35,123.92,1.0000,-1,-1,-1
140,14,852.45,294.66,50.93,119.54,1.0000,-1,-1,-1
140,15,-0.67,407.71,58.01,151.57,1.0000,-1,-1,-1
140,17,469.43,279.04,56.79,120.95,1.0000,-1,-1,-1
141,10,190.69,290.54,57.86,136.42,1.0000,-1,-1,-1
141,12,845.45,277.79,59.10,123.41,1.0000,-1,-1,-1
141,14,852.24,296.21,50.61,118.80,1.0000,-1,-1,-1
141,15,-1.64,411.41,56.79,150.21,1.0000,-1,-1,-1
141,17,466.07,279.13,56.63,120.36,1.0000,-1,-1,-1
142,10,191.57,288.15,57.65,135.23,1.0000,-1,-1,-1
142,12,841.68,278.93,58.86,122.89,1.0000,-1,-1,-1
142,14,852.02,297.77,50.29,118.05,1.0000,-1,-1,-1
142,15,-3.33,414.42,56.75,150.12,1.0000,-1,-1,-1
142,17,458.75,280.29,57.01,119.71,1.0000,-1,-1,-1
143,10,191.01,287.82,57.56,135.02,1.0000,-1,-1,-1
143,12,837.92,280.07,58.61,122.37,1.0000,-1,-1,-1
143,14,851.81,299.33,49.97,117.30,1.0000,-1,-1,-1
143,15,-5.02,417.43,56.72,150.03,1.0000,-1,-1,-1
143,17,454.25,281.19,57.51,119.08,1.0000,-1,-1,-1
144,10,190.46,287.49,57.47,134.82,1.0000,-1,-1,-1
144,12,834.16,281.21,58.36,121.85,1.0000,-1,-1,-1
144,14,851.60,300.89,49.65,116.54,1.0000,-1,-1,-1
144,15,-6.70,420.43,56.68,149.93,1.0000,-1,-1,-1
144,17,450.85,282.14,58.24,118.59,1.0000,-1,-1,-1
145,10,189.90,287.16,57.38,134.61,1.0000,-1,-1,-1
145,12,830.41,282.35,58.11,121.33,1.0000,-1,-1,-1
145,14,851.39,302.45,49.32,115.77,1.0000,-1,-1,-1
145,15,-8.39,423.44,56.64,149.84,1.0000,-1,-1,-1
145,17,447.43,283.97,58.11,117.74,1.0000,-1,-1,-1
146,10,189.35,286.84,57.30,134.40,1.0000,-1,-1,-1
146,12,826.65,283.49,57.86,120.81,1.0000,-1,-1,-1
146,14,851.18,304.02,49.00,115.01,1.0000,-1,-1,-1
146,15,4.21,417.13,63.97,150.57,1.0000,-1,-1,-1
146,17,444.80,285.53,58.70,117.39,1.0000,-1,-1,-1
147,10,188.79,286.51,57.21,134.20,1.0000,-1,-1,-1
147,12,822.89,284.63,57.61,120.28,1.0000,-1,-1,-1
147,14,840.99,288.41,83.13,156.94,1.0000,-1,-1,-1
147,15,4.34,421.75,70.66,149.93,1.0000,-1,-1,-1
147,17,441.36,287.87,59.18,117.41,1.0000,-1,-1,-1
148,10,188.24,286.18,57.12,133.99,1.0000,-1,-1,-1
148,12,819.13,285.78,57.35,119.75,1.0000,-1,-1,-1
148,14,840.86,289.68,83.20,157.07,1.0000,-1,-1,-1
148,15,4.50,425.77,76.31,148.99,1.0000,-1,-1,-1
148,17,439.25,289.27,59.10,117.46,1.0000,-1,-1,-1
149,10,187.68,285.85,57.03,133.78,1.0000,-1,-1,-1
149,12,815.38,286.93,57.10,119.22,1.0000,-1,-1,-1
149,14,840.72,290.95,83.27,157.20,1.0000,-1,-1,-1
149,15,4.57,429.44,81.28,147.29,1.0000,-1,-1,-1
149,17,438.16,290.15,58.86,117.52,1.0000,-1,-1,-1
149,19,1075.98,321.82,78.81,163.32,1.0000,-1,-1,-1
150,10,187.12,285.52,56.94,133.57,1.0000,-1,-1,-1
150,12,811.62,288.07,56.84,118.69,1.0000,-1,-1,-1
150,14,840.59,292.23,83.34,157.33,1.0000,-1,-1,-1
150,15,3.79,433.17,84.62,145.87,1.0000,-1,-1,-1
150,17,437.16,290.34,58.70,117.62,1.0000,-1,-1,-1
150,19,1071.98,323.72,79.38,163.86,1.0000,-1,-1,-1
150,20,934.90,292.58,117.13,171.11,1.0000,-1,-1,-1
151,10,186.57,285.19,56.85,133.36,1.0000,-1,-1,-1
151,12,807.86,289.22,56.59,118.15,1.0000,-1,-1,-1
151,14,840.46,293.50,83.41,157.46,1.0000,-1,-1,-1
151,15,2.51,435.77,86.34,145.25,1.0000,-1,-1,-1
151,17,435.26,289.84,58.56,118.22,1.0000,-1,-1,-1
151,19,1069.95,323.91,79.67,164.47,1.0000,-1,-1,-1
151,20,929.62,293.14,116.94,170.83,1.0000,-1,-1,-1
152,10,186.01,284.86,56.76,133.16,1.0000,-1,-1,-1
152,12,804.11,290.37,56.33,117.61,1.0000,-1,-1,-1
152,14,840.32,294.78,83.48,157.59,1.0000,-1,-1,-1
152,15,0.72,438.29,86.05,144.86,1.0000,-1,-1,-1
152,17,432.23,288.35,57.47,119.06,1.0000,-1,-1,-1
152,19,1067.93,324.11,79.97,165.08,1.0000,-1,-1,-1
152,20,924.33,293.70,116.74,170.54,1.0000,-1,-1,-1
153,10,185.46,284.53,56.68,132.95,1.0000,-1,-1,-1
153,12,800.35,291.52,56.07,117.07,1.0000,-1,-1,-1
153,14,840.19,296.05,83.54,157.72,1.0000,-1,-1,-1
153,15,-0.56,438.38,84.94,145.35,1.0000,-1,-1,-1
153,17,429.34,285.62,56.99,120.61,1.0000,-1,-1,-1
153,19,1062.40,335.82,85.72,161.81,1.0000,-1,-1,-1
153,20,919.05,294.26,116.55,170.26,1.0000,-1,-1,-1
154,10,184.90,284.21,56.59,132.74,1.0000,-1,-1,-1
154,12,796.60,292.67,55.81,116.53,1.0000,-1,-1,-1
154,14,840.05,297.33,83.61,157.85,1.0000,-1,-1,-1
154,15,-1.26,437.49,83.40,146.29,1.0000,-1,-1,-1
154,17,426.47,282.35,56.87,121.98,1.0000,-1,-1,-1
154,19,1059.72,338.79,91.66,159.68,1.0000,-1,-1,-1
154,20,913.76,294.82,116.35,169.97,1.0000,-1,-1,-1
155,10,184.35,283.88,56.50,132.53,1.0000,-1,-1,-1
155,12,792.85,293.83,55.55,115.98,1.0000,-1,-1,-1
155,14,839.92,298.60,83.68,157.98,1.0000,-1,-1,-1
155,15,1.52,437.15,79.31,147.40,1.0000,-1,-1,-1
155,17,424.76,279.62,56.53,122.54,1.0000,-1,-1,-1
155,19,1058.14,342.13,97.24,157.17,1.0000,-1,-1,-1
155,20,908.48,295.38,116.15,169.68,1.0000,-1,-1,-1
156,10,183.79,283.55,56.41,132.32,1.0000,-1,-1,-1
156,12,789.09,294.98,55.28,115.43,1.0000,-1,-1,-1
156,14,839.79,299.88,83.75,158.11,1.0000,-1,-1,-1
156,15,8.67,438.65,72.18,148.03,1.0000,-1,-1,-1
156,17,424.05,277.49,56.03,123.60,1.0000,-1,-1,-1
156,19,1060.15,362.50,100.66,141.89,1.0000,-1,-1,-1
156,20,903.20,295.94,115.96,169.40,1.0000,-1,-1,-1
157,10,203.20,269.74,54.62,124.99,1.0000,-1,-1,-1
157,12,785.34,296.14,55.02,114.88,1.0000,-1,-1,-1
157,14,839.65,301.15,83.82,158.24,1.0000,-1,-1,-1
157,15,16.64,442.75,65.59,149.23,1.0000,-1,-1,-1
157,17,423.26,273.84,56.16,124.06,1.0000,-1,-1,-1
157,19,1063.05,372.94,103.96,132.72,1.0000,-1,-1,-1
157,20,897.91,296.51,115.76,169.11,1.0000,-1,-1,-1
158,10,203.67,268.54,54.50,124.72,1.0000,-1,-1,-1
158,12,781.59,297.30,54.75,114.33,1.0000,-1,-1,-1
158,14,839.52,302.43,83.89,158.37,1.0000,-1,-1,-1
158,15,22.06,445.23,62.12,151.27,1.0000,-1,-1,-1
158,17,423.23,271.27,56.24,123.70,1.0000,-1,-1,-1
158,19,1063.03,374.85,106.40,129.67,1.0000,-1,-1,-1
158,20,892.63,297.07,115.57,168.82,1.0000,-1,-1,-1
159,10,207.16,267.02,57.53,125.60,1.0000,-1,-1,-1
159,12,777.84,298.45,54.49,113.77,1.0000,-1,-1,-1
159,14,839.38,303.70,83.95,158.50,1.0000,-1,-1,-1
159,15,27.75,447.16,62.20,152.72,1.0000,-1,-1,-1
159,17,422.84,268.39,56.30,122.51,1.0000,-1,-1,-1
159,19,1065.45,373.97,106.54,129.31,1.0000,-1,-1,-1
159,20,887.35,297.63,115.37,168.54,1.0000,-1,-1,-1
160,10,208.40,264.70,58.75,126.41,1.0000,-1,-1,-1
160,12,774.09,299.61,54.22,113.21,1.0000,-1,-1,-1
160,14,839.25,304.97,84.02,158.62,1.0000,-1,-1,-1
160,15,32.36,448.43,64.39,153.74,1.0000,-1,-1,-1
160,17,422.70,266.71,56.67,121.52,1.0000,-1,-1,-1
160,19,1067.98,372.54,105.68,128.98,1.0000,-1,-1,-1
160,20,882.06,298.19,115.17,168.25,1.0000,-1,-1,-1
161,10,209.21,263.73,59.42,126.73,1.0000,-1,-1,-1
161,14,839.12,306.25,84.09,158.75,1.0000,-1,-1,-1
161,15,34.48,448.67,67.60,154.08,1.0000,-1,-1,-1
161,17,422.66,265.83,56.79,120.78,1.0000,-1,-1,-1
161,19,1070.30,370.65,105.50,130.03,1.0000,-1,-1,-1
161,20,876.78,298.76,114.97,167.96,1.0000,-1,-1,-1
162,10,213.97,262.32,62.07,125.12,1.0000,-1,-1,-1
162,14,838.98,307.52,84.16,158.88,1.0000,-1,-1,-1
162,15,36.09,451.39,70.98,154.21,1.0000,-1,-1,-1
162,17,422.67,265.72,56.78,120.59,1.0000,-1,-1,-1
162,19,1077.88,367.55,102.10,131.48,1.0000,-1,-1,-1
162,20,871.50,299.32,114.78,167.67,1.0000,-1,-1,-1
163,10,217.09,261.88,63.13,124.34,1.0000,-1,-1,-1
163,14,838.85,308.80,84.23,159.01,1.0000,-1,-1,-1
163,15,37.27,453.71,73.24,153.35,1.0000,-1,-1,-1
163,17,423.21,266.08,57.24,120.96,1.0000,-1,-1,-1
163,19,1086.70,370.76,96.72,129.75,1.0000,-1,-1,-1
163,20,866.22,299.88,114.58,167.38,1.0000,-1,-1,-1
164,10,219.53,261.87,63.72,124.26,1.0000,-1,-1,-1
164,14,838.72,310.07,84.29,159.14,1.0000,-1,-1,-1
164,15,39.33,455.78,73.32,153.50,1.0000,-1,-1,-1
164,17,421.67,265.17,57.10,120.66,1.0000,-1,-1,-1
164,19,1094.79,375.40,90.63,126.97,1.0000,-1,-1,-1
164,20,860.93,300.45,114.38,167.09,1.0000,-1,-1,-1
164,23,1039.77,336.99,69.89,148.57,1.0000,-1,-1,-1
165,10,221.28,260.71,63.65,124.13,1.0000,-1,-1,-1
165,14,838.58,311.35,84.36,159.26,1.0000,-1,-1,-1
165,15,41.39,457.84,73.39,153.65,1.0000,-1,-1,-1
165,17,420.13,264.26,56.96,120.36,1.0000,-1,-1,-1
165,19,1106.14,378.55,81.71,124.34,1.0000,-1,-1,-1
165,20,855.65,301.01,114.18,166.80,1.0000,-1,-1,-1
165,23,1041.45,338.45,66.64,148.52,1.0000,-1,-1,-1
166,10,223.02,259.55,63.58,124.00,1.0000,-1,-1,-1
166,14,838.45,312.63,84.43,159.39,1.0000,-1,-1,-1
166,15,43.45,459.91,73.46,153.80,1.0000,-1,-1,-1
166,17,418.59,263.36,56.82,120.07,1.0000,-1,-1,-1
166,19,1109.21,381.05,80.94,123.16,1.0000,-1,-1,-1
166,20,850.37,301.58,113.98,166.51,1.0000,-1,-1,-1
166,23,1042.51,341.84,65.07,145.01,1.0000,-1,-1,-1
167,10,224.76,258.40,63.51,123.87,1.0000,-1,-1,-1
167,14,838.31,313.90,84.50,159.52,1.0000,-1,-1,-1
167,15,64.47,459.35,62.13,152.43,1.0000,-1,-1,-1
167,17,417.05,262.45,56.68,119.77,1.0000,-1,-1,-1
167,19,1112.29,383.54,80.15,121.96,1.0000,-1,-1,-1
167,20,845.09,302.14,113.78,166.22,1.0000,-1,-1,-1
167,23,1044.86,348.75,58.29,139.81,1.0000,-1,-1,-1
168,10,232.00,254.37,59.19,126.22,1.0000,-1,-1,-1
168,14,838.18,315.18,84.56,159.65,1.0000,-1,-1,-1
168,15,72.33,460.27,57.03,153.07,1.0000,-1,-1,-1
168,17,415.51,261.54,56.53,119.47,1.0000,-1,-1,-1
168,19,1115.38,386.05,79.36,120.76,1.0000,-1,-1,-1
168,20,839.81,302.71,113.58,165.92,1.0000,-1,-1,-1
168,23,1046.00,354.04,55.84,133.94,1.0000,-1,-1,-1
169,10,236.36,251.46,57.18,127.28,1.0000,-1,-1,-1
169,14,838.05,316.45,84.63,159.78,1.0000,-1,-1,-1
169,15,78.23,459.94,55.54,152.85,1.0000,-1,-1,-1
169,17,413.96,260.64,56.39,119.17,1.0000,-1,-1,-1
169,19,1118.46,388.56,78.56,119.54,1.0000,-1,-1,-1
169,20,834.52,303.27,113.38,165.63,1.0000,-1,-1,-1
169,23,1047.20,359.46,53.28,127.81,1.0000,-1,-1,-1
170,10,238.85,248.20,54.82,127.39,1.0000,-1,-1,-1
170,14,837.91,317.73,84.70,159.90,1.0000,-1,-1,-1
170,15,84.60,457.11,58.16,154.02,1.0000,-1,-1,-1
170,17,426.03,265.40,56.93,121.80,1.0000,-1,-1,-1
170,19,1121.55,391.07,77.75,118.30,1.0000,-1,-1,-1
170,20,829.24,303.84,113.18,165.34,1.0000,-1,-1,-1
170,23,1045.40,347.89,52.36,138.52,1.0000,-1,-1,-1
171,10,240.93,246.71,54.72,127.16,1.0000,-1,-1,-1
171,14,837.78,319.00,84.77,160.03,1.0000,-1,-1,-1
171,15,88.57,455.26,65.12,157.59,1.0000,-1,-1,-1
171,17,426.71,264.34,56.99,123.26,1.0000,-1,-1,-1
171,19,1124.65,393.59,76.93,117.06,1.0000,-1,-1,-1
171,20,823.96,304.40,112.98,165.04,1.0000,-1,-1,-1
171,23,1045.25,342.44,51.28,143.40,1.0000,-1,-1,-1
172,10,243.01,245.23,54.62,126.93,1.0000,-1,-1,-1
172,14,837.65,320.28,84.83,160.16,1.0000,-1,-1,-1
172,15,90.50,459.79,75.16,156.96,1.0000,-1,-1,-1
172,17,427.50,261.76,56.93,123.92,1.0000,-1,-1,-1
172,19,1127.75,396.12,76.10,115.80,1.0000,-1,-1,-1
172,20,818.68,304.97,112.78,164.75,1.0000,-1,-1,-1
172,23,1044.56,333.52,51.84,146.48,1.0000,-1,-1,-1
172,24,689.13,299.44,67.59,149.34,1.0000,-1,-1,-1
173,10,245.09,243.74,54.52,126.69,1.0000,-1,-1,-1
173,14,837.51,321.55,84.90,160.29,1.0000,-1,-1,-1
173,15,88.11,463.23,83.39,156.33,1.0000,-1,-1,-1
173,17,427.37,259.26,56.99,124.48,1.0000,-1,-1,-1
173,19,1130.85,398.66,75.26,114.53,1.0000,-1,-1,-1
173,20,813.40,305.53,112.57,164.45,1.0000,-1,-1,-1
173,23,1043.86,326.42,52.77,149.82,1.0000,-1,-1,-1
173,24,685.37,297.30,64.54,148.38,1.0000,-1,-1,-1
174,10,247.17,242.25,54.41,126.46,1.0000,-1,-1,-1
174,14,837.38,322.83,84.97,160.41,1.0000,-1,-1,-1
174,15,85.14,464.91,89.92,155.94,1.0000,-1,-1,-1
174,17,426.17,255.94,57.65,124.73,1.0000,-1,-1,-1
174,19,1133.96,401.20,74.42,113.24,1.0000,-1,-1,-1
174,20,808.12,306.10,112.37,164.16,1.0000,-1,-1,-1
174,23,1042.82,321.90,53.73,150.62,1.0000,-1,-1,-1
174,24,672.21,291.72,70.12,149.18,1.0000,-1,-1,-1
175,10,249.25,240.77,54.31,126.22,1.0000,-1,-1,-1
175,14,837.25,324.10,85.04,160.54,1.0000,-1,-1,-1
175,15,82.79,467.50,94.46,154.79,1.0000,-1,-1,-1
175,17,425.46,253.39,57.88,125.21,1.0000,-1,-1,-1
175,19,1137.08,403.75,73.56,111.94,1.0000,-1,-1,-1
175,20,802.84,306.67,112.17,163.86,1.0000,-1,-1,-1
175,23,1041.72,320.48,54.73,149.19,1.0000,-1,-1,-1
175,24,663.23,287.91,69.93,148.77,1.0000,-1,-1,-1
176,10,244.79,241.27,53.73,128.80,1.0000,-1,-1,-1
176,14,837.11,325.38,85.10,160.67,1.0000,-1,-1,-1
176,15,83.89,468.47,95.35,154.32,1.0000,-1,-1,-1
176,17,425.47,249.99,58.10,126.31,1.0000,-1,-1,-1
176,19,1140.20,406.31,72.70,110.62,1.0000,-1,-1,-1
176,20,797.56,307.23,111.97,163.57,1.0000,-1,-1,-1
176,23,1039.73,319.17,56.51,147.81,1.0000,-1,-1,-1
176,24,654.24,284.11,69.73,148.36,1.0000,-1,-1,-1
177,10,246.37,240.03,53.63,128.57,1.0000,-1,-1,-1
177,14,836.98,326.66,85.17,160.79,1.0000,-1,-1,-1
177,15,87.84,470.20,91.23,154.10,1.0000,-1,-1,-1
177,17,423.97,246.13,58.70,125.30,1.0000,-1,-1,-1
177,19,1143.32,408.88,71.82,109.29,1.0000,-1,-1,-1
177,20,792.28,307.80,111.76,163.27,1.0000,-1,-1,-1
177,23,1036.61,319.85,58.59,147.34,1.0000,-1,-1,-1
177,24,642.12,284.77,77.16,140.23,1.0000,-1,-1,-1
178,10,247.94,238.79,53.54,128.34,1.0000,-1,-1,-1
178,15,93.63,471.25,84.45,154.42,1.0000,-1,-1,-1
178,17,423.08,244.59,59.37,123.80,1.0000,-1,-1,-1
178,19,1146.45,411.45,70.94,107.94,1.0000,-1,-1,-1
178,20,787.00,308.37,111.56,162.97,1.0000,-1,-1,-1
178,23,1034.37,319.37,59.87,147.47,1.0000,-1,-1,-1
178,24,635.72,285.02,80.22,137.80,1.0000,-1,-1,-1
179,10,249.52,237.56,53.44,128.11,1.0000,-1,-1,-1
179,15,103.46,470.78,76.49,156.08,1.0000,-1,-1,-1
179,17,422.65,243.04,59.28,123.60,1.0000,-1,-1,-1
179,19,1149.59,414.03,70.04,106.58,1.0000,-1,-1,-1
179,20,781.72,308.94,111.36,162.67,1.0000,-1,-1,-1
179,23,1032.50,319.80,60.33,148.30,1.0000,-1,-1,-1
179,24,632.14,282.93,82.02,139.06,1.0000,-1,-1,-1
180,10,246.25,237.51,48.68,127.00,1.0000,-1,-1,-1
180,15,112.48,471.03,66.16,156.35,1.0000,-1,-1,-1
180,17,422.23,241.48,59.18,123.41,1.0000,-1,-1,-1
180,19,1152.73,416.63,69.13,105.19,1.0000,-1,-1,-1
180,20,776.44,309.51,111.15,162.37,1.0000,-1,-1,-1
180,23,1029.78,319.87,60.88,149.42,1.0000,-1,-1,-1
180,24,624.13,279.39,82.20,139.37,1.0000,-1,-1,-1
181,10,247.28,236.37,48.56,126.67,1.0000,-1,-1,-1
181,15,120.17,471.29,59.78,157.12,1.0000,-1,-1,-1
181,17,421.81,239.93,59.09,123.21,1.0000,-1,-1,-1
181,19,1155.87,419.23,68.21,103.79,1.0000,-1,-1,-1
181,23,1027.73,318.72,59.88,148.92,1.0000,-1,-1,-1
181,24,630.32,272.60,85.20,142.64,1.0000,-1,-1,-1
182,10,247.24,233.78,45.23,127.95,1.0000,-1,-1,-1
182,15,130.06,475.10,61.12,159.59,1.0000,-1,-1,-1
182,17,421.38,238.38,59.00,123.01,1.0000,-1,-1,-1
182,19,1159.03,421.84,67.27,102.37,1.0000,-1,-1,-1
182,23,1023.36,314.01,59.06,149.70,1.0000,-1,-1,-1
182,24,631.77,262.91,87.66,145.27,1.0000,-1,-1,-1
183,10,248.05,232.62,45.09,127.57,1.0000,-1,-1,-1
183,15,133.86,478.36,65.39,160.38,1.0000,-1,-1,-1
183,17,419.71,245.74,60.96,121.44,1.0000,-1,-1,-1
183,19,1162.19,424.46,66.33,100.93,1.0000,-1,-1,-1
183,23,1021.98,313.03,58.80,149.05,1.0000,-1,-1,-1
183,24,626.05,258.50,88.12,146.03,1.0000,-1,-1,-1
184,10,248.86,231.46,44.96,127.18,1.0000,-1,-1,-1
184,15,133.94,481.11,70.85,160.78,1.0000,-1,-1,-1
184,17,418.31,246.74,61.76,120.38,1.0000,-1,-1,-1
184,19,1165.35,427.09,65.37,99.46,1.0000,-1,-1,-1
184,23,1020.59,312.06,58.54,148.39,1.0000,-1,-1,-1
184,24,640.21,260.97,95.14,140.53,1.0000,-1,-1,-1
184,25,773.59,251.23,72.89,200.46,1.0000,-1,-1,-1
185,10,249.76,230.83,43.50,127.09,1.0000,-1,-1,-1
185,15,132.51,483.92,76.75,160.45,1.0000,-1,-1,-1
185,17,417.31,247.45,62.25,120.73,1.0000,-1,-1,-1
185,19,1168.53,429.73,64.39,97.98,1.0000,-1,-1,-1
185,23,1019.21,311.08,58.28,147.73,1.0000,-1,-1,-1
185,24,636.60,256.87,95.70,141.36,1.0000,-1,-1,-1
185,25,768.39,248.42,78.58,208.61,1.0000,-1,-1,-1
186,10,250.53,229.75,43.36,126.67,1.0000,-1,-1,-1
186,15,130.78,484.92,82.02,160.53,1.0000,-1,-1,-1
186,17,416.09,247.05,62.62,121.35,1.0000,-1,-1,-1
186,19,1171.71,432.38,63.40,96.47,1.0000,-1,-1,-1
186,23,1014.23,305.35,56.94,145.30,1.0000,-1,-1,-1
186,24,632.99,252.78,96.25,142.18,1.0000,-1,-1,-1
186,25,763.84,247.60,82.34,213.15,1.0000,-1,-1,-1
187,10,251.30,228.66,43.22,126.25,1.0000,-1,-1,-1
187,15,128.82,489.22,84.84,161.36,1.0000,-1,-1,-1
187,17,413.66,245.64,63.09,122.80,1.0000,-1,-1,-1
187,19,1174.90,435.05,62.39,94.94,1.0000,-1,-1,-1
187,23,1009.60,301.65,56.32,144.12,1.0000,-1,-1,-1
187,24,629.38,248.69,96.81,142.99,1.0000,-1,-1,-1
187,25,764.99,281.83,80.93,190.50,1.0000,-1,-1,-1
188,10,252.07,227.58,43.07,125.83,1.0000,-1,-1,-1
188,15,130.14,491.28,84.84,161.92,1.0000,-1,-1,-1
188,17,412.96,245.03,63.03,122.67,1.0000,-1,-1,-1
188,19,1178.10,437.73,61.37,93.39,1.0000,-1,-1,-1
188,23,1007.64,300.07,56.00,143.29,1.0000,-1,-1,-1
188,24,625.77,244.60,97.35,143.80,1.0000,-1,-1,-1
188,25,766.04,295.56,80.44,178.79,1.0000,-1,-1,-1
189,10,252.84,226.49,42.93,125.41,1.0000,-1,-1,-1
189,15,133.61,493.30,82.35,162.47,1.0000,-1,-1,-1
189,17,412.25,244.42,62.96,122.54,1.0000,-1,-1,-1
189,19,1181.30,440.42,60.33,91.80,1.0000,-1,-1,-1
189,23,1005.68,298.49,55.68,142.47,1.0000,-1,-1,-1
189,24,622.17,240.51,97.90,144.61,1.0000,-1,-1,-1
189,25,765.79,304.65,77.62,169.39,1.0000,-1,-1,-1
190,10,256.51,225.10,46.73,127.63,1.0000,-1,-1,-1
190,15,138.73,493.68,77.38,163.33,1.0000,-1,-1,-1
190,17,409.29,244.16,63.52,126.05,1.0000,-1,-1,-1
190,19,1184.52,443.12,59.27,90.19,1.0000,-1,-1,-1
190,23,1003.72,296.92,55.35,141.63,1.0000,-1,-1,-1
190,24,618.56,236.43,98.44,145.41,1.0000,-1,-1,-1
190,25,764.38,310.46,76.79,163.95,1.0000,-1,-1,-1
191,10,256.77,224.44,48.20,129.37,1.0000,-1,-1,-1
191,15,146.62,495.14,70.30,163.71,1.0000,-1,-1,-1
191,17,408.12,243.27,63.10,128.46,1.0000,-1,-1,-1
191,19,1187.74,445.84,58.20,88.55,1.0000,-1,-1,-1
191,23,1001.76,295.35,55.02,140.80,1.0000,-1,-1,-1
191,24,614.96,232.34,98.98,146.21,1.0000,-1,-1,-1
191,25,763.84,313.46,75.96,161.27,1.0000,-1,-1,-1
192,10,257.88,223.49,48.10,129.10,1.0000,-1,-1,-1
192,15,157.14,497.35,64.06,163.81,1.0000,-1,-1,-1
192,17,406.62,243.62,62.50,129.73,1.0000,-1,-1,-1
192,19,1190.98,448.58,57.10,86.88,1.0000,-1,-1,-1
192,23,999.80,293.78,54.69,139.96,1.0000,-1,-1,-1
192,24,611.36,228.27,99.52,147.00,1.0000,-1,-1,-1
192,25,756.07,316.40,78.37,161.43,1.0000,-1,-1,-1
193,10,259.00,222.53,48.00,128.82,1.0000,-1,-1,-1
193,15,163.62,499.56,60.64,163.77,1.0000,-1,-1,-1
193,17,405.86,243.90,61.81,130.69,1.0000,-1,-1,-1
193,19,1194.22,451.33,55.98,85.18,1.0000,-1,-1,-1
193,23,997.85,292.21,54.36,139.11,1.0000,-1,-1,-1
193,24,607.76,224.19,100.05,147.79,1.0000,-1,-1,-1
193,25,754.40,322.24,77.78,160.20,1.0000,-1,-1,-1
194,10,260.11,221.57,47.89,128.53,1.0000,-1,-1,-1
194,15,167.39,501.11,62.45,164.11,1.0000,-1,-1,-1
194,17,404.74,243.07,61.58,131.60,1.0000,-1,-1,-1
194,19,1197.48,454.10,54.84,83.44,1.0000,-1,-1,-1
194,23,995.89,290.65,54.03,138.26,1.0000,-1,-1,-1
194,24,623.65,249.53,97.91,125.31,1.0000,-1,-1,-1
194,25,752.73,328.08,77.18,158.96,1.0000,-1,-1,-1
195,10,249.73,230.66,53.61,127.82,1.0000,-1,-1,-1
195,15,168.91,503.64,67.53,163.98,1.0000,-1,-1,-1
195,17,403.19,242.41,61.05,132.87,1.0000,-1,-1,-1
195,19,1200.75,456.89,53.67,81.67,1.0000,-1,-1,-1
195,23,993.94,289.09,53.70,137.40,1.0000,-1,-1,-1
195,24,624.70,249.73,97.66,121.35,1.0000,-1,-1,-1
195,25,751.06,333.92,76.57,157.72,1.0000,-1,-1,-1
196,10,246.73,232.87,57.33,126.56,1.0000,-1,-1,-1
196,15,167.84,505.44,72.05,163.78,1.0000,-1,-1,-1
196,17,401.58,240.60,60.65,134.73,1.0000,-1,-1,-1
196,23,991.98,287.53,53.36,136.54,1.0000,-1,-1,-1
196,24,622.70,247.15,97.81,121.53,1.0000,-1,-1,-1
196,25,749.39,339.77,75.96,156.46,1.0000,-1,-1,-1
197,10,243.95,233.39,59.86,125.71,1.0000,-1,-1,-1
197,15,164.67,508.62,78.05,163.67,1.0000,-1,-1,-1
197,17,399.13,238.20,60.59,136.78,1.0000,-1,-1,-1
197,23,990.03,285.98,53.02,135.67,1.0000,-1,-1,-1
197,24,620.69,244.57,97.95,121.71,1.0000,-1,-1,-1
197,25,738.38,260.51,85.95,205.30,1.0000,-1,-1,-1
198,10,241.45,234.73,61.77,124.43,1.0000,-1,-1,-1
198,15,163.04,510.59,85.16,164.39,1.0000,-1,-1,-1
198,17,397.85,237.87,60.56,136.70,1.0000,-1,-1,-1
198,23,988.08,284.43,52.68,134.79,1.0000,-1,-1,-1
198,24,615.71,244.13,94.55,122.65,1.0000,-1,-1,-1
198,25,734.92,248.51,84.20,222.31,1.0000,-1,-1,-1
199,10,239.46,234.70,62.04,124.67,1.0000,-1,-1,-1
199,15,161.11,512.03,90.84,165.09,1.0000,-1,-1,-1
199,17,395.47,236.52,60.17,137.25,1.0000,-1,-1,-1
199,23,986.13,282.88,52.33,133.91,1.0000,-1,-1,-1
199,24,613.33,241.79,94.64,122.77,1.0000,-1,-1,-1
199,25,732.01,246.94,84.95,224.31,1.0000,-1,-1,-1
200,10,239.28,235.39,61.48,124.50,1.0000,-1,-1,-1
200,15,160.23,513.56,93.56,165.31,1.0000,-1,-1,-1
200,17,393.29,236.32,59.68,136.17,1.0000,-1,-1,-1
200,23,984.18,281.33,51.99,133.03,1.0000,-1,-1,-1
200,24,610.95,239.45,94.73,122.89,1.0000,-1,-1,-1
200,25,729.10,245.37,85.71,226.29,1.0000,-1,-1,-1
201,10,239.06,235.45,61.43,124.42,1.0000,-1,-1,-1
201,15,161.29,514.55,93.23,165.28,1.0000,-1,-1,-1
201,17,391.81,235.55,59.64,135.57,1.0000,-1,-1,-1
201,23,982.23,279.79,51.64,132.14,1.0000,-1,-1,-1
201,24,608.57,237.11,94.82,123.01,1.0000,-1,-1,-1
201,25,726.20,243.81,86.45,228.26,1.0000,-1,-1,-1
202,10,238.84,235.51,61.39,124.33,1.0000,-1,-1,-1
202,15,167.96,515.73,86.48,166.12,1.0000,-1,-1,-1
202,17,388.59,234.35,60.54,136.00,1.0000,-1,-1,-1
202,23,980.29,278.25,51.29,131.24,1.0000,-1,-1,-1
202,24,575.47,242.34,93.44,127.18,1.0000,-1,-1,-1
202,25,723.30,242.27,87.19,230.21,1.0000,-1,-1,-1
203,10,238.62,235.57,61.35,124.24,1.0000,-1,-1,-1
203,15,175.60,517.97,78.46,167.12,1.0000,-1,-1,-1
203,17,386.31,235.53,61.57,135.50,1.0000,-1,-1,-1
203,23,978.34,276.71,50.93,130.33,1.0000,-1,-1,-1
203,24,570.57,240.75,93.55,127.33,1.0000,-1,-1,-1
203,25,720.40,240.72,87.92,232.15,1.0000,-1,-1,-1
204,10,238.40,235.63,61.30,124.15,1.0000,-1,-1,-1
204,15,184.02,519.87,68.59,167.75,1.0000,-1,-1,-1
204,17,383.45,235.81,62.58,135.77,1.0000,-1,-1,-1
204,23,976.40,275.17,50.58,129.42,1.0000,-1,-1,-1
204,24,565.67,239.15,93.66,127.48,1.0000,-1,-1,-1
204,25,717.51,239.19,88.65,234.07,1.0000,-1,-1,-1
205,10,238.18,235.70,61.26,124.06,1.0000,-1,-1,-1
205,15,190.47,521.86,61.00,168.71,1.0000,-1,-1,-1
205,17,380.72,236.22,64.06,135.31,1.0000,-1,-1,-1
205,23,974.45,273.64,50.22,128.51,1.0000,-1,-1,-1
205,24,560.77,237.56,93.77,127.64,1.0000,-1,-1,-1
205,25,714.61,237.67,89.37,235.97,1.0000,-1,-1,-1
206,10,237.96,235.76,61.22,123.97,1.0000,-1,-1,-1
206,15,196.25,523.34,57.09,170.29,1.0000,-1,-1,-1
206,17,378.64,236.73,66.05,135.25,1.0000,-1,-1,-1
206,23,972.51,272.11,49.86,127.59,1.0000,-1,-1,-1
206,24,555.87,235.97,93.89,127.79,1.0000,-1,-1,-1
206,25,711.73,236.15,90.09,237.86,1.0000,-1,-1,-1
207,10,261.02,223.22,60.29,124.08,1.0000,-1,-1,-1
207,15,202.66,525.69,63.23,171.82,1.0000,-1,-1,-1
207,17,376.15,238.95,67.07,133.99,1.0000,-1,-1,-1
207,23,970.57,270.59,49.50,126.66,1.0000,-1,-1,-1
207,24,550.97,234.38,94.00,127.94,1.0000,-1,-1,-1
207,25,708.84,234.64,90.79,239.73,1.0000,-1,-1,-1
208,10,262.41,222.40,60.24,123.98,1.0000,-1,-1,-1
208,15,203.80,527.90,70.91,172.51,1.0000,-1,-1,-1
208,17,374.12,239.34,67.38,132.75,1.0000,-1,-1,-1
208,23,968.63,269.07,49.13,125.72,1.0000,-1,-1,-1
208,24,546.07,232.79,94.11,128.09,1.0000,-1,-1,-1
208,25,705.96,233.14,91.50,241.59,1.0000,-1,-1,-1
209,10,261.55,227.45,66.03,128.56,1.0000,-1,-1,-1
209,15,201.26,530.56,77.62,172.41,1.0000,-1,-1,-1
209,17,373.05,239.73,67.53,131.89,1.0000,-1,-1,-1
209,23,966.70,267.55,48.76,124.77,1.0000,-1,-1,-1
209,24,541.17,231.20,94.22,128.25,1.0000,-1,-1,-1
209,25,703.08,231.64,92.20,243.43,1.0000,-1,-1,-1
210,10,259.75,229.91,70.29,129.83,1.0000,-1,-1,-1
210,15,198.10,533.11,83.80,172.22,1.0000,-1,-1,-1
210,17,373.13,239.99,66.97,130.67,1.0000,-1,-1,-1
210,23,964.76,266.04,48.39,123.82,1.0000,-1,-1,-1
210,24,536.27,229.61,94.33,128.40,1.0000,-1,-1,-1
210,25,700.20,230.16,92.89,245.26,1.0000,-1,-1,-1
210,28,675.08,325.38,68.93,169.35,1.0000,-1,-1,-1
211,10,257.67,230.61,73.84,130.26,1.0000,-1,-1,-1
211,15,195.07,534.98,88.38,172.29,1.0000,-1,-1,-1
211,17,373.73,240.52,66.00,130.07,1.0000,-1,-1,-1
211,23,962.83,264.53,48.02,122.87,1.0000,-1,-1,-1
211,24,531.37,228.02,94.44,128.55,1.0000,-1,-1,-1
211,25,697.32,228.67,93.58,247.08,1.0000,-1,-1,-1
211,28,666.98,325.01,74.84,172.05,1.0000,-1,-1,-1
212,10,258.84,230.74,73.88,130.32,1.0000,-1,-1,-1
212,15,200.45,536.65,86.42,172.41,1.0000,-1,-1,-1
212,17,372.38,240.47,65.98,130.03,1.0000,-1,-1,-1
212,23,960.89,263.02,47.64,121.90,1.0000,-1,-1,-1
212,24,526.47,226.42,94.56,128.70,1.0000,-1,-1,-1
212,25,694.45,227.20,94.26,248.88,1.0000,-1,-1,-1
212,27,759.60,306.60,77.47,152.11,1.0000,-1,-1,-1
212,28,661.30,327.14,76.55,169.60,1.0000,-1,-1,-1
213,10,260.00,230.88,73.92,130.39,1.0000,-1,-1,-1
213,15,203.21,538.69,86.56,172.69,1.0000,-1,-1,-1
213,17,371.02,240.42,65.96,129.99,1.0000,-1,-1,-1
213,23,958.96,261.52,47.26,120.93,1.0000,-1,-1,-1
213,24,521.57,224.83,94.67,128.85,1.0000,-1,-1,-1
213,25,692.39,230.51,59.98,176.18,1.0000,-1,-1,-1
213,27,752.21,304.94,82.58,153.91,1.0000,-1,-1,-1
213,28,655.21,325.25,79.00,175.02,1.0000,-1,-1,-1
214,10,261.17,231.01,73.95,130.45,1.0000,-1,-1,-1
214,15,205.97,540.74,86.70,172.96,1.0000,-1,-1,-1
214,17,369.66,240.37,65.94,129.96,1.0000,-1,-1,-1
214,23,957.03,260.02,46.87,119.95,1.0000,-1,-1,-1
214,24,516.68,223.24,94.78,129.00,1.0000,-1,-1,-1
214,25,690.56,235.43,56.47,166.97,1.0000,-1,-1,-1
214,27,747.89,304.66,85.92,154.38,1.0000,-1,-1,-1
214,28,639.70,327.52,89.82,175.10,1.0000,-1,-1,-1
214,30,1134.57,256.13,57.00,156.89,1.0000,-1,-1,-1
215,10,262.33,231.15,73.99,130.52,1.0000,-1,-1,-1
215,15,217.29,538.59,70.74,173.43,1.0000,-1,-1,-1
215,17,368.31,240.31,65.92,129.92,1.0000,-1,-1,-1
215,23,955.10,258.53,46.49,118.96,1.0000,-1,-1,-1
215,24,511.78,221.65,94.89,129.15,1.0000,-1,-1,-1
215,25,688.07,239.58,55.21,162.54,1.0000,-1,-1,-1
215,27,747.13,304.90,85.52,153.35,1.0000,-1,-1,-1
215,28,634.32,329.26,93.64,172.27,1.0000,-1,-1,-1
215,30,1131.82,251.95,59.06,162.58,1.0000,-1,-1,-1
216,10,263.50,231.28,74.03,130.58,1.0000,-1,-1,-1
216,15,220.14,540.37,70.80,173.56,1.0000,-1,-1,-1
216,17,366.95,240.26,65.90,129.88,1.0000,-1,-1,-1
216,23,953.17,257.04,46.10,117.96,1.0000,-1,-1,-1
216,24,506.88,220.06,95.00,129.31,1.0000,-1,-1,-1
216,25,687.13,244.19,52.97,159.47,1.0000,-1,-1,-1
216,27,745.10,305.05,84.73,152.71,1.0000,-1,-1,-1
216,28,627.31,330.01,99.48,171.71,1.0000,-1,-1,-1
216,30,1129.11,247.87,61.06,168.08,1.0000,-1,-1,-1
217,10,264.66,231.42,74.06,130.65,1.0000,-1,-1,-1
217,15,222.98,542.15,70.85,173.70,1.0000,-1,-1,-1
217,17,365.60,240.21,65.89,129.85,1.0000,-1,-1,-1
217,23,951.25,255.55,45.70,116.95,1.0000,-1,-1,-1
217,24,501.98,218.47,95.11,129.46,1.0000,-1,-1,-1
217,25,684.14,243.78,52.38,157.71,1.0000,-1,-1,-1
217,27,733.23,303.13,87.76,154.30,1.0000,-1,-1,-1
217,28,620.65,328.57,102.20,176.41,1.0000,-1,-1,-1
217,30,1126.43,243.87,62.99,173.41,1.0000,-1,-1,-1
218,10,265.83,231.55,74.10,130.71,1.0000,-1,-1,-1
218,15,225.83,543.92,70.91,173.83,1.0000,-1,-1,-1
218,17,364.24,240.16,65.87,129.81,1.0000,-1,-1,-1
218,24,497.08,216.88,95.22,129.61,1.0000,-1,-1,-1
218,25,681.15,243.39,51.79,155.93,1.0000,-1,-1,-1
218,27,729.20,303.79,86.47,153.81,1.0000,-1,-1,-1
218,28,615.39,328.86,93.20,169.91,1.0000,-1,-1,-1
218,30,1123.78,239.96,64.87,178.57,1.0000,-1,-1,-1
219,10,266.99,231.69,74.14,130.78,1.0000,-1,-1,-1
219,15,228.68,545.70,70.96,173.96,1.0000,-1,-1,-1
219,17,362.88,240.11,65.85,129.77,1.0000,-1,-1,-1
219,24,492.18,215.29,95.33,129.76,1.0000,-1,-1,-1
219,25,678.17,243.00,51.19,154.13,1.0000,-1,-1,-1
219,27,724.75,303.31,87.18,155.08,1.0000,-1,-1,-1
219,28,614.70,329.30,85.87,166.78,1.0000,-1,-1,-1
219,30,1121.15,236.12,66.70,183.59,1.0000,-1,-1,-1
219,31,440.86,306.67,77.45,120.56,1.0000,-1,-1,-1
220,10,268.16,231.82,74.17,130.84,1.0000,-1,-1,-1
220,15,231.52,547.48,71.02,174.10,1.0000,-1,-1,-1
220,17,361.53,240.06,65.83,129.74,1.0000,-1,-1,-1
220,24,487.28,213.70,95.44,129.91,1.0000,-1,-1,-1
220,25,675.20,242.62,50.59,152.31,1.0000,-1,-1,-1
220,27,720.31,302.83,87.89,156.35,1.0000,-1,-1,-1
220,28,611.17,329.24,80.25,165.43,1.0000,-1,-1,-1
220,30,1118.55,232.34,68.47,188.48,1.0000,-1,-1,-1
220,31,437.95,310.13,78.87,120.06,1.0000,-1,-1,-1
221,10,269.32,231.96,74.21,130.91,1.0000,-1,-1,-1
221,15,239.58,540.34,87.09,173.70,1.0000,-1,-1,-1
221,17,360.17,240.01,65.81,129.70,1.0000,-1,-1,-1
221,24,482.38,212.11,95.55,130.06,1.0000,-1,-1,-1
221,25,672.22,242.25,49.98,150.47,1.0000,-1,-1,-1
221,27,715.87,302.36,88.60,157.60,1.0000,-1,-1,-1
221,28,608.59,328.84,75.68,165.24,1.0000,-1,-1,-1
221,30,1115.97,228.63,70.20,193.24,1.0000,-1,-1,-1
221,31,436.46,312.97,78.50,119.49,1.0000,-1,-1,-1
222,10,270.49,232.09,74.25,130.97,1.0000,-1,-1,-1
222,15,243.35,541.38,87.22,173.97,1.0000,-1,-1,-1
222,17,378.67,226.09,59.27,136.83,1.0000,-1,-1,-1
222,24,477.49,210.52,95.66,130.21,1.0000,-1,-1,-1
222,25,669.25,241.90,49.36,148.60,1.0000,-1,-1,-1
222,27,711.43,301.89,89.30,158.84,1.0000,-1,-1,-1
222,28,603.36,330.67,74.37,164.33,1.0000,-1,-1,-1
222,30,1113.42,224.97,71.89,197.89,1.0000,-1,-1,-1
222,31,434.97,315.81,78.13,118.92,1.0000,-1,-1,-1
223,10,271.65,232.23,74.28,131.04,1.0000,-1,-1,-1
223,15,247.12,542.42,87.36,174.25,1.0000,-1,-1,-1
223,17,375.67,221.82,61.03,141.44,1.0000,-1,-1,-1
223,24,472.59,208.93,95.77,130.36,1.0000,-1,-1,-1
223,25,666.29,241.55,48.73,146.71,1.0000,-1,-1,-1
223,27,707.00,301.42,89.99,160.07,1.0000,-1,-1,-1
223,28,597.30,331.37,76.09,164.77,1.0000,-1,-1,-1
223,30,1100.70,240.09,53.62,152.29,1.0000,-1,-1,-1
223,31,433.48,318.66,77.75,118.35,1.0000,-1,-1,-1
224,10,272.82,232.36,74.32,131.10,1.0000,-1,-1,-1
224,15,250.88,543.47,87.50,174.52,1.0000,-1,-1,-1
224,17,370.57,219.32,64.56,144.23,1.0000,-1,-1,-1
224,24,467.69,207.34,95.88,130.51,1.0000,-1,-1,-1
224,25,663.32,241.22,48.09,144.79,1.0000,-1,-1,-1
224,27,702.57,300.96,90.68,161.30,1.0000,-1,-1,-1
224,28,591.53,331.36,76.34,165.31,1.0000,-1,-1,-1
224,30,1097.90,238.02,52.87,149.78,1.0000,-1,-1,-1
224,31,432.00,321.50,77.37,117.77,1.0000,-1,-1,-1
225,10,273.98,232.50,74.36,131.17,1.0000,-1,-1,-1
225,15,254.65,544.51,87.63,174.79,1.0000,-1,-1,-1
225,17,368.23,218.16,66.20,145.72,1.0000,-1,-1,-1
225,24,462.79,205.75,95.99,130.65,1.0000,-1,-1,-1
225,25,660.37,240.90,47.45,142.85,1.0000,-1,-1,-1
225,27,698.14,300.51,91.36,162.51,1.0000,-1,-1,-1
225,28,585.76,331.34,76.58,165.85,1.0000,-1,-1,-1
225,30,1094.41,235.18,53.50,148.52,1.0000,-1,-1,-1
225,31,430.51,324.35,76.99,117.20,1.0000,-1,-1,-1
226,10,275.14,232.64,74.39,131.23,1.0000,-1,-1,-1
226,15,258.42,545.55,87.77,175.06,1.0000,-1,-1,-1
226,17,367.27,217.28,67.26,145.91,1.0000,-1,-1,-1
226,24,457.89,204.16,96.10,130.80,1.0000,-1,-1,-1
226,25,657.41,240.60,46.79,140.88,1.0000,-1,-1,-1
226,27,693.71,300.06,92.04,163.71,1.0000,-1,-1,-1
226,28,579.99,331.33,76.83,166.39,1.0000,-1,-1,-1
226,30,1090.80,233.00,53.43,148.33,1.0000,-1,-1,-1
226,31,429.03,327.20,76.61,116.62,1.0000,-1,-1,-1
227,10,276.31,232.77,74.43,131.30,1.0000,-1,-1,-1
227,15,262.18,546.59,87.90,175.33,1.0000,-1,-1,-1
227,17,366.47,216.47,67.29,145.97,1.0000,-1,-1,-1
227,24,452.99,202.57,96.21,130.95,1.0000,-1,-1,-1
227,25,654.46,240.31,46.13,138.89,1.0000,-1,-1,-1
227,27,689.29,299.61,92.71,164.91,1.0000,-1,-1,-1
227,28,574.23,331.32,77.08,166.92,1.0000,-1,-1,-1
227,30,1087.18,230.82,53.36,148.14,1.0000,-1,-1,-1
227,31,427.54,330.05,76.23,116.03,1.0000,-1,-1,-1
228,10,277.47,232.91,74.47,131.36,1.0000,-1,-1,-1
228,15,265.95,547.64,88.04,175.59,1.0000,-1,-1,-1
228,17,365.67,215.65,67.32,146.04,1.0000,-1,-1,-1
228,24,448.10,200.98,96.32,131.10,1.0000,-1,-1,-1
228,25,651.52,240.03,45.46,136.86,1.0000,-1,-1,-1
228,27,684.86,299.17,93.38,166.10,1.0000,-1,-1,-1
228,28,568.46,331.31,77.33,167.45,1.0000,-1,-1,-1
228,30,1083.57,228.64,53.29,147.95,1.0000,-1,-1,-1
228,31,426.06,332.90,75.84,115.44,1.0000,-1,-1,-1
229,10,278.64,233.04,74.50,131.43,1.0000,-1,-1,-1
229,15,269.72,548.68,88.17,175.86,1.0000,-1,-1,-1
229,17,364.88,214.84,67.35,146.10,1.0000,-1,-1,-1
229,24,443.20,199.39,96.43,131.25,1.0000,-1,-1,-1
229,25,648.58,239.77,44.78,134.81,1.0000,-1,-1,-1
229,27,680.45,298.73,94.04,167.28,1.0000,-1,-1,-1
229,28,562.70,331.30,77.57,167.99,1.0000,-1,-1,-1
229,30,1079.96,226.46,53.22,147.76,1.0000,-1,-1,-1
229,31,424.58,335.75,75.46,114.86,1.0000,-1,-1,-1
230,10,279.80,233.18,74.54,131.49,1.0000,-1,-1,-1
230,15,273.48,549.73,88.31,176.13,1.0000,-1,-1,-1
230,17,364.08,214.03,67.37,146.16,1.0000,-1,-1,-1
230,24,438.30,197.81,96.54,131.40,1.0000,-1,-1,-1
230,25,645.65,239.52,44.08,132.72,1.0000,-1,-1,-1
230,27,676.03,298.30,94.70,168.45,1.0000,-1,-1,-1
230,28,556.93,331.29,77.82,168.52,1.0000,-1,-1,-1
230,30,1076.35,224.28,53.16,147.58,1.0000,-1,-1,-1
230,31,423.10,338.60,75.07,114.26,1.0000,-1,-1,-1
231,10,280.97,233.31,74.58,131.56,1.0000,-1,-1,-1
231,15,277.25,550.77,88.44,176.40,1.0000,-1,-1,-1
231,17,363.28,213.22,67.40,146.22,1.0000,-1,-1,-1
231,24,433.40,196.22,96.65,131.55,1.0000,-1,-1,-1
231,25,642.72,239.29,43.38,130.60,1.0000,-1,-1,-1
231,27,671.61,297.87,95.35,169.61,1.0000,-1,-1,-1
231,28,551.17,331.29,78.06,169.04,1.0000,-1,-1,-1
231,30,1072.73,222.10,53.09,147.39,1.0000,-1,-1,-1
231,31,421.62,341.46,74.67,113.67,1.0000,-1,-1,-1
232,10,282.13,233.45,74.61,131.62,1.0000,-1,-1,-1
232,15,281.02,551.81,88.57,176.67,1.0000,-1,-1,-1
232,17,362.48,212.40,67.43,146.28,1.0000,-1,-1,-1
232,24,428.50,194.63,96.76,131.69,1.0000,-1,-1,-1
232,25,639.80,239.08,42.66,128.45,1.0000,-1,-1,-1
232,27,667.20,297.44,96.00,170.76,1.0000,-1,-1,-1
232,28,545.40,331.28,78.30,169.57,1.0000,-1,-1,-1
232,30,1069.12,219.92,53.02,147.20,1.0000,-1,-1,-1
232,31,420.14,344.31,74.28,113.07,1.0000,-1,-1,-1
232,33,456.32,227.33,99.07,146.30,1.0000,-1,-1,-1
233,10,283.30,233.58,74.65,131.68,1.0000,-1,-1,-1
233,15,284.79,552.86,88.71,176.93,1.0000,-1,-1,-1
233,17,361.68,211.59,67.46,146.35,1.0000,-1,-1,-1
233,25,636.88,238.89,41.93,126.25,1.0000,-1,-1,-1
233,27,662.79,297.02,96.64,171.91,1.0000,-1,-1,-1
233,28,539.64,331.27,78.55,170.10,1.0000,-1,-1,-1
233,30,1065.51,217.74,52.95,147.01,1.0000,-1,-1,-1
233,31,418.66,347.17,73.89,112.47,1.0000,-1,-1,-1
233,33,450.14,224.58,102.80,145.85,1.0000,-1,-1,-1
234,10,284.46,233.72,74.69,131.75,1.0000,-1,-1,-1
234,15,288.55,553.90,88.84,177.20,1.0000,-1,-1,-1
234,17,360.89,210.78,67.49,146.41,1.0000,-1,-1,-1
234,25,633.97,238.72,41.19,124.02,1.0000,-1,-1,-1
234,27,658.38,296.60,97.28,173.05,1.0000,-1,-1,-1
234,28,533.87,331.27,78.79,170.62,1.0000,-1,-1,-1
234,30,1061.89,215.56,52.88,146.82,1.0000,-1,-1,-1
234,31,417.18,350.03,73.49,111.86,1.0000,-1,-1,-1
234,33,445.23,221.01,102.92,146.03,1.0000,-1,-1,-1
235,10,285.63,233.85,74.72,131.81,1.0000,-1,-1,-1
235,15,292.32,554.95,88.97,177.47,1.0000,-1,-1,-1
235,17,360.09,209.96,67.52,146.47,1.0000,-1,-1,-1
235,25,631.07,238.56,40.44,121.75,1.0000,-1,-1,-1
235,27,653.97,296.19,97.92,174.18,1.0000,-1,-1,-1
235,28,528.11,331.26,79.03,171.14,1.0000,-1,-1,-1
235,30,1058.28,213.38,52.82,146.63,1.0000,-1,-1,-1
235,31,415.71,352.89,73.09,111.25,1.0000,-1,-1,-1
235,33,440.33,217.43,103.04,146.20,1.0000,-1,-1,-1
235,34,601.46,395.61,97.88,148.87,1.0000,-1,-1,-1
236,10,286.79,233.99,74.76,131.88,1.0000,-1,-1,-1
236,15,296.09,555.99,89.11,177.73,1.0000,-1,-1,-1
236,17,369.79,211.61,69.06,151.26,1.0000,-1,-1,-1
236,25,628.17,238.43,39.67,119.44,1.0000,-1,-1,-1
236,27,649.57,295.78,98.55,175.31,1.0000,-1,-1,-1
236,28,522.35,331.26,79.27,171.66,1.0000,-1,-1,-1
236,30,1054.67,211.20,52.75,146.44,1.0000,-1,-1,-1
236,31,414.23,355.76,72.69,110.64,1.0000,-1,-1,-1
236,33,435.05,221.75,103.01,145.14,1.0000,-1,-1,-1
236,34,612.02,401.62,92.24,140.28,1.0000,-1,-1,-1
237,10,287.96,234.12,74.80,131.94,1.0000,-1,-1,-1
237,15,299.86,557.04,89.24,178.00,1.0000,-1,-1,-1
237,17,369.70,211.08,69.11,151.36,1.0000,-1,-1,-1
237,25,625.29,238.32,38.89,117.08,1.0000,-1,-1,-1
237,27,645.17,295.37,99.18,176.42,1.0000,-1,-1,-1
237,28,516.59,331.26,79.51,172.18,1.0000,-1,-1,-1
237,30,1051.05,209.02,52.68,146.25,1.0000,-1,-1,-1
237,31,412.76,358.62,72.28,110.02,1.0000,-1,-1,-1
237,33,430.34,218.69,97.14,145.22,1.0000,-1,-1,-1
237,34,622.77,407.92,86.22,131.14,1.0000,-1,-1,-1
238,10,289.12,234.26,74.83,132.01,1.0000,-1,-1,-1
238,15,303.62,558.08,89.37,178.26,1.0000,-1,-1,-1
238,17,363.60,210.03,71.00,155.21,1.0000,-1,-1,-1
238,25,622.41,238.24,38.09,114.67,1.0000,-1,-1,-1
238,27,640.36,329.24,86.90,207.28,1.0000,-1,-1,-1
238,28,510.82,331.26,79.75,172.70,1.0000,-1,-1,-1
238,30,1047.44,206.84,52.61,146.06,1.0000,-1,-1,-1
238,31,411.29,361.49,71.87,109.40,1.0000,-1,-1,-1
238,33,427.98,217.58,90.70,143.75,1.0000,-1,-1,-1
238,34,633.74,414.56,79.76,121.30,1.0000,-1,-1,-1
239,10,290.29,234.40,74.87,132.07,1.0000,-1,-1,-1
239,15,307.39,559.13,89.51,178.53,1.0000,-1,-1,-1
239,17,364.50,208.60,68.70,155.07,1.0000,-1,-1,-1
239,25,619.53,238.18,37.27,112.21,1.0000,-1,-1,-1
239,27,635.68,330.98,87.46,208.61,1.0000,-1,-1,-1
239,28,505.06,331.26,79.99,173.21,1.0000,-1,-1,-1
239,30,1043.83,204.67,52.54,145.86,1.0000,-1,-1,-1
239,31,409.82,364.36,71.47,108.78,1.0000,-1,-1,-1
239,33,424.76,217.85,86.05,140.68,1.0000,-1,-1,-1
239,34,645.00,421.64,72.72,110.59,1.0000,-1,-1,-1
240,10,291.45,234.53,74.91,132.14,1.0000,-1,-1,-1
240,15,311.16,560.17,89.64,178.79,1.0000,-1,-1,-1
240,17,364.01,208.08,68.75,155.19,1.0000,-1,-1,-1
240,25,616.67,238.15,36.43,109.69,1.0000,-1,-1,-1
240,27,646.42,363.78,90.71,186.52,1.0000,-1,-1,-1
240,28,499.30,331.26,80.22,173.73,1.0000,-1,-1,-1
240,30,1040.22,202.49,52.47,145.67,1.0000,-1,-1,-1
240,31,408.35,367.23,71.05,108.16,1.0000,-1,-1,-1
240,33,423.10,219.43,80.66,139.29,1.0000,-1,-1,-1
240,34,656.64,429.30,64.92,98.73,1.0000,-1,-1,-1
241,10,292.62,234.67,74.94,132.20,1.0000,-1,-1,-1
241,15,314.93,561.22,89.77,179.06,1.0000,-1,-1,-1
241,17,356.53,210.88,70.22,155.02,1.0000,-1,-1,-1
241,25,613.82,238.15,35.58,107.11,1.0000,-1,-1,-1
241,27,652.13,367.74,95.85,180.11,1.0000,-1,-1,-1
241,28,493.54,331.26,80.46,174.24,1.0000,-1,-1,-1
241,30,1036.60,200.31,52.40,145.48,1.0000,-1,-1,-1
241,31,406.88,370.10,70.64,107.53,1.0000,-1,-1,-1
241,33,423.22,221.65,75.40,138.45,1.0000,-1,-1,-1
241,34,668.81,437.77,56.05,85.24,1.0000,-1,-1,-1
242,15,318.70,562.27,89.90,179.32,1.0000,-1,-1,-1
242,17,355.48,210.63,70.28,155.14,1.0000,-1,-1,-1
242,25,610.98,238.18,34.70,104.48,1.0000,-1,-1,-1
242,27,663.03,364.21,97.68,173.07,1.0000,-1,-1,-1
242,28,487.78,331.26,80.70,174.75,1.0000,-1,-1,-1
242,30,1032.99,198.13,52.33,145.29,1.0000,-1,-1,-1
242,31,405.41,372.98,70.22,106.89,1.0000,-1,-1,-1
242,33,422.87,223.26,66.64,135.81,1.0000,-1,-1,-1
242,34,681.83,447.53,45.47,69.16,1.0000,-1,-1,-1
243,15,322.47,563.31,90.04,179.58,1.0000,-1,-1,-1
243,17,354.44,210.39,70.33,155.27,1.0000,-1,-1,-1
243,25,608.15,238.24,33.80,101.77,1.0000,-1,-1,-1
243,27,672.98,363.96,96.06,168.20,1.0000,-1,-1,-1
243,28,482.02,331.26,80.93,175.26,1.0000,-1,-1,-1
243,30,1029.38,195.95,52.26,145.10,1.0000,-1,-1,-1
243,31,403.95,375.85,69.81,106.26,1.0000,-1,-1,-1
243,33,424.85,226.99,58.34,132.41,1.0000,-1,-1,-1
243,34,696.54,459.86,31.53,47.96,1.0000,-1,-1,-1
244,15,326.23,564.36,90.17,179.85,1.0000,-1,-1,-1
244,17,353.39,210.14,70.39,155.39,1.0000,-1,-1,-1
244,25,605.33,238.34,32.88,98.99,1.0000,-1,-1,-1
244,27,681.80,364.86,92.20,164.46,1.0000,-1,-1,-1
244,28,476.26,331.26,81.17,175.77,1.0000,-1,-1,-1
244,30,1025.77,193.77,52.19,144.90,1.0000,-1,-1,-1
244,31,402.48,378.73,69.38,105.61,1.0000,-1,-1,-1
244,33,421.46,229.14,55.86,126.78,1.0000,-1,-1,-1
244,34,704.28,461.58,31.53,47.96,1.0000,-1,-1,-1
245,15,330.00,565.41,90.30,180.11,1.0000,-1,-1,-1
245,17,352.35,209.89,70.45,155.52,1.0000,-1,-1,-1
245,25,602.52,238.49,31.93,96.13,1.0000,-1,-1,-1
245,27,686.66,366.63,86.38,160.78,1.0000,-1,-1,-1
245,28,470.50,331.27,81.40,176.28,1.0000,-1,-1,-1
245,30,1022.15,191.60,52.13,144.71,1.0000,-1,-1,-1
245,31,401.02,381.61,68.96,104.97,1.0000,-1,-1,-1
245,33,418.12,231.43,53.27,120.89,1.0000,-1,-1,-1
245,34,712.02,463.31,31.53,47.96,1.0000,-1,-1,-1
246,15,333.77,566.45,90.43,180.37,1.0000,-1,-1,-1
246,17,343.83,220.83,71.27,148.91,1.0000,-1,-1,-1
246,25,599.73,238.67,30.95,93.18,1.0000,-1,-1,-1
246,27,687.58,368.09,86.60,161.19,1.0000,-1,-1,-1
246,28,464.74,331.27,81.63,176.78,1.0000,-1,-1,-1
246,30,1018.54,189.42,52.06,144.52,1.0000,-1,-1,-1
246,31,399.55,384.49,68.53,104.32,1.0000,-1,-1,-1
246,32,536.44,331.79,69.41,165.09,1.0000,-1,-1,-1
246,33,414.86,233.87,50.54,114.71,1.0000,-1,-1,-1
246,34,719.76,465.03,31.53,47.96,1.0000,-1,-1,-1
247,15,337.54,567.50,90.56,180.63,1.0000,-1,-1,-1
247,17,342.24,221.20,71.32,149.01,1.0000,-1,-1,-1
247,27,688.49,369.55,86.82,161.59,1.0000,-1,-1,-1
247,28,458.98,331.27,81.87,177.28,1.0000,-1,-1,-1
247,30,1014.93,187.24,51.99,144.33,1.0000,-1,-1,-1
247,31,398.09,387.37,68.11,103.67,1.0000,-1,-1,-1
247,32,533.87,331.87,71.86,165.34,1.0000,-1,-1,-1
247,33,411.66,236.49,47.66,108.17,1.0000,-1,-1,-1
247,34,727.49,466.76,31.53,47.96,1.0000,-1,-1,-1
248,15,341.31,568.55,90.69,180.89,1.0000,-1,-1,-1
248,17,340.66,221.56,71.37,149.11,1.0000,-1,-1,-1
248,27,689.41,371.01,87.04,162.00,1.0000,-1,-1,-1
248,28,453.22,331.28,82.10,177.79,1.0000,-1,-1,-1
248,30,1011.32,185.06,51.92,144.13,1.0000,-1,-1,-1
248,31,396.63,390.26,67.67,103.01,1.0000,-1,-1,-1
248,32,530.96,332.15,72.93,165.29,1.0000,-1,-1,-1
248,33,408.57,239.32,44.59,101.20,1.0000,-1,-1,-1
248,34,735.23,468.48,31.53,47.96,1.0000,-1,-1,-1
249,15,345.08,569.60,90.82,181.15,1.0000,-1,-1,-1
249,17,339.07,221.93,71.41,149.20,1.0000,-1,-1,-1
249,27,717.50,354.76,83.03,159.05,1.0000,-1,-1,-1
249,28,447.46,331.29,82.33,178.29,1.0000,-1,-1,-1
249,30,1007.70,182.89,51.85,143.94,1.0000,-1,-1,-1
249,31,395.18,393.15,67.24,102.35,1.0000,-1,-1,-1
249,32,528.36,333.10,73.68,164.93,1.0000,-1,-1,-1
249,33,405.58,242.41,41.30,93.72,1.0000,-1,-1,-1
249,34,742.97,470.20,31.53,47.96,1.0000,-1,-1,-1
250,15,348.85,570.64,90.95,181.41,1.0000,-1,-1,-1
250,17,337.49,222.30,71.46,149.30,1.0000,-1,-1,-1
250,27,724.60,349.19,82.69,152.62,1.0000,-1,-1,-1
250,28,441.70,331.29,82.56,178.79,1.0000,-1,-1,-1
250,30,1004.09,180.71,51.78,143.74,1.0000,-1,-1,-1
250,31,393.72,396.04,66.80,101.68,1.0000,-1,-1,-1
250,32,527.81,332.54,73.91,165.43,1.0000,-1,-1,-1
250,33,402.74,245.82,37.72,85.59,1.0000,-1,-1,-1
250,34,750.71,471.93,31.53,47.96,1.0000,-1,-1,-1
251,15,352.62,571.69,91.08,181.67,1.0000,-1,-1,-1
251,17,335.90,222.66,71.51,149.40,1.0000,-1,-1,-1
251,27,727.53,345.96,81.74,146.70,1.0000,-1,-1,-1
251,28,435.95,331.30,82.79,179.29,1.0000,-1,-1,-1
251,30,1000.48,178.53,51.71,143.55,1.0000,-1,-1,-1
251,32,527.27,331.98,74.13,165.93,1.0000,-1,-1,-1
251,33,400.09,249.66,33.76,76.61,1.0000,-1,-1,-1
251,34,758.45,473.65,31.53,47.96,1.0000,-1,-1,-1
252,17,334.32,223.03,71.55,149.49,1.0000,-1,-1,-1
252,27,731.64,341.93,78.87,143.58,1.0000,-1,-1,-1
252,28,430.19,331.31,83.02,179.78,1.0000,-1,-1,-1
252,30,996.87,176.36,51.64,143.36,1.0000,-1,-1,-1
252,32,519.88,334.51,73.56,163.45,1.0000,-1,-1,-1
252,33,397.70,254.10,29.26,66.41,1.0000,-1,-1,-1
252,34,766.18,475.38,31.53,47.96,1.0000,-1,-1,-1
253,17,332.73,223.40,71.60,149.59,1.0000,-1,-1,-1
253,27,734.92,340.35,78.86,143.56,1.0000,-1,-1,-1
253,28,424.43,331.32,83.25,180.28,1.0000,-1,-1,-1
253,30,993.26,174.18,51.57,143.16,1.0000,-1,-1,-1
253,32,518.11,335.57,73.80,162.10,1.0000,-1,-1,-1
253,33,395.73,259.48,23.94,54.34,1.0000,-1,-1,-1
253,34,773.92,477.10,31.53,47.96,1.0000,-1,-1,-1
254,17,331.15,223.76,71.64,149.68,1.0000,-1,-1,-1
254,27,738.19,338.76,78.85,143.55,1.0000,-1,-1,-1
254,30,989.64,172.00,51.50,142.97,1.0000,-1,-1,-1
254,32,515.01,335.78,74.69,162.30,1.0000,-1,-1,-1
254,33,394.55,266.67,17.04,38.67,1.0000,-1,-1,-1
254,34,781.66,478.83,31.53,47.96,1.0000,-1,-1,-1
255,17,329.56,224.13,71.69,149.78,1.0000,-1,-1,-1
255,27,741.47,337.18,78.84,143.53,1.0000,-1,-1,-1
255,30,986.03,169.83,51.43,142.77,1.0000,-1,-1,-1
255,32,511.23,335.96,76.45,162.44,1.0000,-1,-1,-1
255,33,397.09,282.29,2.69,6.11,1.0000,-1,-1,-1
255,34,789.40,480.55,31.53,47.96,1.0000,-1,-1,-1
256,17,327.98,224.50,71.74,149.88,1.0000,-1,-1,-1
256,27,744.75,335.59,78.83,143.51,1.0000,-1,-1,-1
256,32,509.68,335.70,76.65,162.88,1.0000,-1,-1,-1
256,33,392.46,281.64,2.69,6.11,1.0000,-1,-1,-1
256,34,797.14,482.27,31.53,47.96,1.0000,-1,-1,-1
256,37,691.10,356.71,89.83,140.63,1.0000,-1,-1,-1
257,17,326.40,224.86,71.78,149.97,1.0000,-1,-1,-1
257,27,748.02,334.01,78.82,143.50,1.0000,-1,-1,-1
257,32,502.58,340.08,81.44,161.15,1.0000,-1,-1,-1
257,33,387.83,280.99,2.69,6.11,1.0000,-1,-1,-1
257,34,804.87,484.00,31.53,47.96,1.0000,-1,-1,-1
257,37,697.10,356.20,85.02,133.09,1.0000,-1,-1,-1
258,17,324.81,225.23,71.83,150.07,1.0000,-1,-1,-1
258,27,751.30,332.42,78.81,143.48,1.0000,-1,-1,-1
258,32,499.06,341.58,83.90,159.93,1.0000,-1,-1,-1
258,33,383.20,280.34,2.69,6.11,1.0000,-1,-1,-1
258,34,812.61,485.72,31.53,47.96,1.0000,-1,-1,-1
258,37,703.24,355.91,79.91,125.11,1.0000,-1,-1,-1
259,17,323.23,225.60,71.87,150.17,1.0000,-1,-1,-1
259,27,754.58,330.84,78.80,143.46,1.0000,-1,-1,-1
259,32,495.59,343.78,86.07,158.42,1.0000,-1,-1,-1
259,33,378.57,279.68,2.69,6.11,1.0000,-1,-1,-1
259,34,820.35,487.45,31.53,47.96,1.0000,-1,-1,-1
259,37,701.20,346.30,82.70,139.94,1.0000,-1,-1,-1
260,17,321.64,225.97,71.92,150.26,1.0000,-1,-1,-1
260,27,757.85,329.25,78.80,143.44,1.0000,-1,-1,-1
260,32,491.27,345.78,89.34,156.41,1.0000,-1,-1,-1
260,33,373.93,279.03,2.69,6.11,1.0000,-1,-1,-1
260,34,828.09,489.17,31.53,47.96,1.0000,-1,-1,-1
260,37,697.95,340.71,83.94,144.89,1.0000,-1,-1,-1
261,17,320.06,226.33,71.97,150.36,1.0000,-1,-1,-1
261,27,761.13,327.67,78.79,143.43,1.0000,-1,-1,-1
261,32,487.26,348.01,92.51,154.95,1.0000,-1,-1,-1
261,33,369.30,278.38,2.69,6.11,1.0000,-1,-1,-1
261,34,835.83,490.90,31.53,47.96,1.0000,-1,-1,-1
261,37,700.01,338.27,82.59,142.56,1.0000,-1,-1,-1
262,17,318.47,226.70,72.01,150.45,1.0000,-1,-1,-1
262,27,764.40,326.08,78.78,143.41,1.0000,-1,-1,-1
262,32,482.18,351.31,95.37,153.08,1.0000,-1,-1,-1
262,33,364.67,277.72,2.69,6.11,1.0000,-1,-1,-1
262,34,843.56,492.62,31.53,47.96,1.0000,-1,-1,-1
262,37,702.09,335.85,81.21,140.19,1.0000,-1,-1,-1
263,17,316.89,227.07,72.06,150.55,1.0000,-1,-1,-1
263,27,767.68,324.50,78.77,143.39,1.0000,-1,-1,-1
263,32,477.89,353.35,97.88,152.15,1.0000,-1,-1,-1
263,33,360.04,277.07,2.69,6.11,1.0000,-1,-1,-1
263,34,851.30,494.35,31.53,47.96,1.0000,-1,-1,-1
263,37,697.85,323.76,83.68,144.76,1.0000,-1,-1,-1
264,17,315.30,227.43,72.10,150.64,1.0000,-1,-1,-1
264,27,770.96,322.91,78.76,143.38,1.0000,-1,-1,-1
264,32,475.48,353.84,98.30,152.79,1.0000,-1,-1,-1
264,33,355.41,276.42,2.69,6.11,1.0000,-1,-1,-1
264,34,859.04,496.07,31.53,47.96,1.0000,-1,-1,-1
264,37,698.01,320.40,85.25,147.97,1.0000,-1,-1,-1
265,17,313.72,227.80,72.15,150.74,1.0000,-1,-1,-1
265,27,774.23,321.33,78.75,143.36,1.0000,-1,-1,-1
265,32,468.30,354.42,96.52,152.07,1.0000,-1,-1,-1
265,33,350.77,275.76,2.69,6.11,1.0000,-1,-1,-1
265,34,866.78,497.79,31.53,47.96,1.0000,-1,-1,-1
265,37,698.37,317.57,87.67,147.48,1.0000,-1,-1,-1
266,17,312.13,228.17,72.20,150.84,1.0000,-1,-1,-1
266,27,777.51,319.74,78.74,143.34,1.0000,-1,-1,-1
266,32,463.09,355.04,93.44,151.66,1.0000,-1,-1,-1
266,33,346.14,275.11,2.69,6.11,1.0000,-1,-1,-1
266,37,699.43,313.86,87.34,146.92,1.0000,-1,-1,-1
267,17,310.55,228.53,72.24,150.93,1.0000,-1,-1,-1
267,27,780.79,318.16,78.73,143.33,1.0000,-1,-1,-1
267,32,453.50,353.29,88.42,152.74,1.0000,-1,-1,-1
267,33,341.51,274.46,2.69,6.11,1.0000,-1,-1,-1
267,37,700.49,310.15,87.01,146.37,1.0000,-1,-1,-1
268,17,308.96,228.90,72.29,151.03,1.0000,-1,-1,-1
268,27,784.06,316.57,78.72,143.31,1.0000,-1,-1,-1
268,32,446.93,352.11,82.83,153.59,1.0000,-1,-1,-1
268,33,336.88,273.80,2.69,6.11,1.0000,-1,-1,-1
268,37,701.54,306.44,86.68,145.81,1.0000,-1,-1,-1
269,17,307.38,229.27,72.33,151.12,1.0000,-1,-1,-1
269,27,787.34,314.98,78.71,143.29,1.0000,-1,-1,-1
269,32,442.48,351.07,75.71,154.33,1.0000,-1,-1,-1
269,33,332.25,273.15,2.69,6.11,1.0000,-1,-1,-1
269,37,702.60,302.73,86.35,145.25,1.0000,-1,-1,-1
270,17,322.08,217.11,66.92,142.95,1.0000,-1,-1,-1
270,27,790.62,313.40,78.70,143.27,1.0000,-1,-1,-1
270,32,438.67,351.01,68.64,154.44,1.0000,-1,-1,-1
270,33,327.61,272.50,2.69,6.11,1.0000,-1,-1,-1
270,37,703.66,299.02,86.01,144.69,1.0000,-1,-1,-1
270,41,458.95,239.88,106.20,150.22,1.0000,-1,-1,-1
271,17,321.81,217.27,66.01,141.94,1.0000,-1,-1,-1
271,27,793.89,311.81,78.69,143.26,1.0000,-1,-1,-1
271,32,434.49,350.39,62.60,155.86,1.0000,-1,-1,-1
271,33,322.98,271.84,2.69,6.11,1.0000,-1,-1,-1
271,37,704.72,295.31,85.68,144.12,1.0000,-1,-1,-1
271,41,452.64,241.14,110.93,148.59,1.0000,-1,-1,-1
272,17,320.82,217.00,66.01,141.94,1.0000,-1,-1,-1
272,27,797.17,310.23,78.68,143.24,1.0000,-1,-1,-1
272,32,429.38,350.80,62.51,155.63,1.0000,-1,-1,-1
272,33,318.35,271.19,2.69,6.11,1.0000,-1,-1,-1
272,37,705.79,291.60,85.34,143.56,1.0000,-1,-1,-1
272,41,444.18,239.74,115.03,154.08,1.0000,-1,-1,-1
273,17,319.87,215.55,65.50,141.96,1.0000,-1,-1,-1
273,27,800.45,308.64,78.67,143.22,1.0000,-1,-1,-1
273,32,419.02,359.09,60.02,158.68,1.0000,-1,-1,-1
273,33,313.72,270.54,2.69,6.11,1.0000,-1,-1,-1
273,37,706.85,287.90,85.00,142.99,1.0000,-1,-1,-1
273,41,435.80,238.43,118.99,159.38,1.0000,-1,-1,-1
274,17,321.76,213.33,64.25,138.18,1.0000,-1,-1,-1
274,27,803.72,307.06,78.66,143.21,1.0000,-1,-1,-1
274,32,412.26,363.00,59.93,160.70,1.0000,-1,-1,-1
274,37,707.91,284.20,84.66,142.42,1.0000,-1,-1,-1
274,41,427.48,237.22,122.82,164.51,1.0000,-1,-1,-1
275,17,323.48,211.49,63.10,137.52,1.0000,-1,-1,-1
275,27,807.00,305.47,78.66,143.19,1.0000,-1,-1,-1
275,32,406.49,364.58,59.84,160.46,1.0000,-1,-1,-1
275,37,708.98,280.49,84.32,141.85,1.0000,-1,-1,-1
275,41,419.22,236.07,126.53,169.48,1.0000,-1,-1,-1
276,17,322.90,210.63,63.08,137.47,1.0000,-1,-1,-1
276,27,810.28,303.89,78.65,143.17,1.0000,-1,-1,-1
276,32,400.73,366.16,59.75,160.21,1.0000,-1,-1,-1
276,37,710.04,276.79,83.98,141.27,1.0000,-1,-1,-1
276,41,411.01,235.00,130.14,174.32,1.0000,-1,-1,-1
277,17,322.31,209.78,63.05,137.41,1.0000,-1,-1,-1
277,27,813.55,302.30,78.64,143.16,1.0000,-1,-1,-1
277,32,394.96,367.74,59.66,159.96,1.0000,-1,-1,-1
277,37,711.10,273.09,83.64,140.69,1.0000,-1,-1,-1
277,41,402.86,234.00,133.65,179.02,1.0000,-1,-1,-1
278,17,321.73,208.92,63.03,137.36,1.0000,-1,-1,-1
278,27,816.83,300.72,78.63,143.14,1.0000,-1,-1,-1
278,32,384.19,378.11,67.42,168.02,1.0000,-1,-1,-1
278,37,712.17,269.39,83.29,140.11,1.0000,-1,-1,-1
278,41,394.74,233.05,137.07,183.60,1.0000,-1,-1,-1
279,17,338.29,206.12,57.35,135.81,1.0000,-1,-1,-1
279,27,820.10,299.13,78.62,143.12,1.0000,-1,-1,-1
279,32,381.53,379.49,70.44,168.92,1.0000,-1,-1,-1
279,37,713.24,265.69,82.95,139.53,1.0000,-1,-1,-1
279,39,202.89,169.67,55.88,120.90,1.0000,-1,-1,-1
279,41,386.67,232.16,140.41,188.07,1.0000,-1,-1,-1
280,17,338.93,205.07,57.29,135.68,1.0000,-1,-1,-1
280,27,823.38,297.55,78.61,143.10,1.0000,-1,-1,-1
280,32,379.45,381.16,71.84,170.60,1.0000,-1,-1,-1
280,37,714.30,262.00,82.60,138.94,1.0000,-1,-1,-1
280,39,202.93,170.32,58.07,120.12,1.0000,-1,-1,-1
280,41,378.63,231.32,143.67,192.44,1.0000,-1,-1,-1
281,17,339.56,204.03,57.24,135.55,1.0000,-1,-1,-1
281,27,826.66,295.96,78.60,143.09,1.0000,-1,-1,-1
281,32,374.28,383.50,71.92,170.81,1.0000,-1,-1,-1
281,37,715.37,258.30,82.25,138.36,1.0000,-1,-1,-1
281,39,203.91,172.02,59.23,118.93,1.0000,-1,-1,-1
281,41,370.64,230.53,146.86,196.71,1.0000,-1,-1,-1
282,17,338.50,205.62,57.63,134.40,1.0000,-1,-1,-1
282,27,829.93,294.38,78.59,143.07,1.0000,-1,-1,-1
282,32,369.11,385.84,72.01,171.01,1.0000,-1,-1,-1
282,37,716.44,254.61,81.90,137.77,1.0000,-1,-1,-1
282,39,204.24,173.04,60.23,117.79,1.0000,-1,-1,-1
282,41,362.67,229.79,149.98,200.88,1.0000,-1,-1,-1
283,17,339.29,205.33,58.05,134.52,1.0000,-1,-1,-1
283,32,372.65,377.54,69.97,173.33,1.0000,-1,-1,-1
283,37,717.51,250.92,81.55,137.18,1.0000,-1,-1,-1
283,39,203.31,172.63,60.35,117.47,1.0000,-1,-1,-1
283,41,354.74,229.09,153.03,204.98,1.0000,-1,-1,-1
284,17,339.85,204.53,58.00,134.40,1.0000,-1,-1,-1
284,32,371.76,375.68,68.44,175.02,1.0000,-1,-1,-1
284,37,718.58,247.22,81.19,136.58,1.0000,-1,-1,-1
284,39,201.87,171.49,60.13,117.88,1.0000,-1,-1,-1
284,41,346.84,228.43,156.03,208.99,1.0000,-1,-1,-1
285,17,340.40,203.72,57.94,134.27,1.0000,-1,-1,-1
285,32,369.71,376.08,68.42,176.71,1.0000,-1,-1,-1
285,37,719.65,243.53,80.84,135.98,1.0000,-1,-1,-1
285,39,199.72,169.23,60.74,119.36,1.0000,-1,-1,-1
285,41,338.97,227.80,158.97,212.93,1.0000,-1,-1,-1
286,17,340.96,202.91,57.89,134.15,1.0000,-1,-1,-1
286,32,366.55,376.11,70.49,178.44,1.0000,-1,-1,-1
286,37,720.72,239.84,80.48,135.38,1.0000,-1,-1,-1
286,39,198.11,168.80,61.44,121.34,1.0000,-1,-1,-1
286,41,331.12,227.21,161.86,216.80,1.0000,-1,-1,-1
287,17,341.52,202.10,57.84,134.02,1.0000,-1,-1,-1
287,32,359.54,378.44,75.29,180.09,1.0000,-1,-1,-1
287,37,721.79,236.16,80.12,134.78,1.0000,-1,-1,-1
287,39,194.69,166.95,60.39,121.17,1.0000,-1,-1,-1
287,41,323.30,226.66,164.69,220.60,1.0000,-1,-1,-1
288,17,342.07,201.30,57.78,133.90,1.0000,-1,-1,-1
288,32,352.10,380.55,80.83,180.34,1.0000,-1,-1,-1
288,37,722.87,232.47,79.76,134.17,1.0000,-1,-1,-1
288,39,191.01,166.77,60.22,122.52,1.0000,-1,-1,-1
288,41,315.50,226.14,167.48,224.33,1.0000,-1,-1,-1
289,17,342.63,200.49,57.73,133.77,1.0000,-1,-1,-1
289,32,346.14,384.07,86.08,179.75,1.0000,-1,-1,-1
289,37,723.94,228.79,79.40,133.56,1.0000,-1,-1,-1
289,39,188.58,166.43,59.57,124.37,1.0000,-1,-1,-1
289,41,307.72,225.65,170.22,228.00,1.0000,-1,-1,-1
290,17,343.19,199.68,57.67,133.65,1.0000,-1,-1,-1
290,32,342.58,387.21,90.44,179.25,1.0000,-1,-1,-1
290,37,725.02,225.10,79.04,132.95,1.0000,-1,-1,-1
290,39,184.51,166.31,60.75,125.58,1.0000,-1,-1,-1
290,41,299.97,225.19,172.92,231.62,1.0000,-1,-1,-1
290,44,374.91,259.08,74.06,140.74,1.0000,-1,-1,-1
291,17,343.75,198.87,57.62,133.52,1.0000,-1,-1,-1
291,32,340.01,389.51,93.70,177.72,1.0000,-1,-1,-1
291,37,726.09,221.42,78.67,132.34,1.0000,-1,-1,-1
291,39,179.95,165.47,63.40,127.18,1.0000,-1,-1,-1
291,41,292.24,224.75,175.58,235.18,1.0000,-1,-1,-1
291,44,373.14,260.07,71.53,138.49,1.0000,-1,-1,-1
292,17,344.30,198.06,57.57,133.40,1.0000,-1,-1,-1
292,32,338.31,390.39,96.09,176.46,1.0000,-1,-1,-1
292,37,727.17,217.74,78.30,131.72,1.0000,-1,-1,-1
292,39,174.73,165.49,67.24,128.70,1.0000,-1,-1,-1
292,41,284.52,224.34,178.20,238.68,1.0000,-1,-1,-1
292,44,369.86,260.13,71.76,138.94,1.0000,-1,-1,-1
293,17,344.86,197.26,57.51,133.27,1.0000,-1,-1,-1
293,32,337.33,390.21,97.51,175.78,1.0000,-1,-1,-1
293,37,728.25,214.06,77.94,131.10,1.0000,-1,-1,-1
293,39,168.12,165.77,72.21,128.84,1.0000,-1,-1,-1
293,41,276.83,223.96,180.78,242.14,1.0000,-1,-1,-1
293,44,366.58,260.19,71.99,139.39,1.0000,-1,-1,-1
294,17,345.42,196.45,57.46,133.15,1.0000,-1,-1,-1
294,32,336.42,388.98,97.84,175.61,1.0000,-1,-1,-1
294,37,729.32,210.38,77.57,130.48,1.0000,-1,-1,-1
294,39,164.32,165.73,76.28,128.74,1.0000,-1,-1,-1
294,41,269.15,223.60,183.32,245.55,1.0000,-1,-1,-1
294,44,363.31,260.25,72.23,139.84,1.0000,-1,-1,-1
295,17,345.97,195.64,57.40,133.02,1.0000,-1,-1,-1
295,32,335.44,386.93,96.58,176.27,1.0000,-1,-1,-1
295,37,730.40,206.71,77.19,129.85,1.0000,-1,-1,-1
295,39,161.87,165.00,79.29,129.01,1.0000,-1,-1,-1
295,41,261.50,223.27,185.83,248.91,1.0000,-1,-1,-1
295,44,360.03,260.31,72.46,140.29,1.0000,-1,-1,-1
295,45,484.37,259.53,103.65,138.89,1.0000,-1,-1,-1
295,46,278.51,109.56,51.23,134.11,1.0000,-1,-1,-1
296,17,346.53,194.83,57.35,132.90,1.0000,-1,-1,-1
296,32,334.92,385.59,94.72,176.96,1.0000,-1,-1,-1
296,39,159.00,166.77,81.85,127.25,1.0000,-1,-1,-1
296,41,253.86,222.95,188.30,252.22,1.0000,-1,-1,-1
296,44,356.75,260.37,72.69,140.74,1.0000,-1,-1,-1
296,45,487.57,257.67,100.28,139.21,1.0000,-1,-1,-1
296,46,276.81,107.40,52.60,137.70,1.0000,-1,-1,-1
297,17,347.09,194.03,57.30,132.77,1.0000,-1,-1,-1
297,32,334.48,384.63,92.46,177.81,1.0000,-1,-1,-1
297,39,157.56,164.55,83.52,127.27,1.0000,-1,-1,-1
297,41,246.23,222.66,190.75,255.49,1.0000,-1,-1,-1
297,44,349.44,200.93,89.45,184.86,1.0000,-1,-1,-1
297,45,492.86,255.69,95.76,139.13,1.0000,-1,-1,-1
297,46,275.12,105.29,53.93,141.19,1.0000,-1,-1,-1
298,17,347.65,193.22,57.24,132.65,1.0000,-1,-1,-1
298,32,331.99,381.45,93.11,179.96,1.0000,-1,-1,-1
298,39,155.79,163.85,83.85,127.77,1.0000,-1,-1,-1
298,41,238.62,222.39,193.16,258.73,1.0000,-1,-1,-1
298,44,345.68,193.88,91.75,189.62,1.0000,-1,-1,-1
298,45,498.57,253.18,90.48,139.42,1.0000,-1,-1,-1
298,46,273.44,103.22,55.24,144.59,1.0000,-1,-1,-1
299,17,348.20,192.41,57.19,132.52,1.0000,-1,-1,-1
299,32,327.30,372.31,95.48,185.47,1.0000,-1,-1,-1
299,39,144.44,159.41,81.97,128.01,1.0000,-1,-1,-1
299,41,231.02,222.14,195.54,261.92,1.0000,-1,-1,-1
299,44,341.96,186.88,93.99,194.26,1.0000,-1,-1,-1
299,45,502.26,250.51,86.75,140.44,1.0000,-1,-1,-1
299,46,271.79,101.19,56.51,147.92,1.0000,-1,-1,-1
300,17,348.76,191.61,57.13,132.39,1.0000,-1,-1,-1
300,32,321.62,365.32,100.25,191.27,1.0000,-1,-1,-1
300,39,141.75,158.39,82.26,128.47,1.0000,-1,-1,-1
300,41,223.44,221.91,197.90,265.07,1.0000,-1,-1,-1
300,44,338.25,179.95,96.19,198.79,1.0000,-1,-1,-1
300,45,505.24,248.37,83.96,141.95,1.0000,-1,-1,-1
300,46,270.14,99.19,57.75,151.18,1.0000,-1,-1,-1
301,17,349.32,190.80,57.08,132.27,1.0000,-1,-1,-1
301,32,313.83,349.92,106.79,201.91,1.0000,-1,-1,-1
301,39,139.06,157.37,82.56,128.92,1.0000,-1,-1,-1
301,41,215.88,221.70,200.22,268.19,1.0000,-1,-1,-1
301,44,334.58,173.06,98.33,203.22,1.0000,-1,-1,-1
301,45,507.19,246.41,82.34,143.28,1.0000,-1,-1,-1
301,46,268.51,97.23,58.97,154.36,1.0000,-1,-1,-1
302,17,349.87,189.99,57.02,132.14,1.0000,-1,-1,-1
302,32,306.79,346.47,113.22,205.96,1.0000,-1,-1,-1
302,39,136.37,156.35,82.85,129.38,1.0000,-1,-1,-1
302,44,330.92,166.22,100.43,207.56,1.0000,-1,-1,-1
302,45,508.68,245.06,80.53,143.97,1.0000,-1,-1,-1
302,46,266.89,95.30,60.16,157.49,1.0000,-1,-1,-1
303,17,350.43,189.19,56.97,132.02,1.0000,-1,-1,-1
303,32,298.93,351.47,120.47,203.02,1.0000,-1,-1,-1
303,39,133.69,155.34,83.14,129.83,1.0000,-1,-1,-1
303,44,327.29,159.42,102.48,211.81,1.0000,-1,-1,-1
303,45,509.49,246.70,78.64,142.78,1.0000,-1,-1,-1
303,46,265.29,93.41,61.33,160.55,1.0000,-1,-1,-1
304,17,350.99,188.38,56.91,131.89,1.0000,-1,-1,-1
304,32,293.87,357.91,126.67,197.80,1.0000,-1,-1,-1
304,39,131.00,154.32,83.43,130.28,1.0000,-1,-1,-1
304,44,323.68,152.67,104.50,215.97,1.0000,-1,-1,-1
304,45,509.19,249.17,76.15,142.42,1.0000,-1,-1,-1
304,46,263.69,91.54,62.48,163.55,1.0000,-1,-1,-1
305,17,351.55,187.57,56.86,131.76,1.0000,-1,-1,-1
305,32,291.71,362.84,131.45,192.94,1.0000,-1,-1,-1
305,39,111.89,153.10,67.54,130.53,1.0000,-1,-1,-1
305,44,320.08,145.95,106.47,220.05,1.0000,-1,-1,-1
305,45,509.23,251.05,73.90,142.86,1.0000,-1,-1,-1
305,46,262.11,89.69,63.60,166.50,1.0000,-1,-1,-1
306,17,352.10,186.76,56.81,131.64,1.0000,-1,-1,-1
306,32,291.23,364.87,134.69,189.71,1.0000,-1,-1,-1
306,39,106.72,154.00,64.03,132.92,1.0000,-1,-1,-1
306,44,316.51,139.27,108.41,224.06,1.0000,-1,-1,-1
306,45,510.19,251.09,70.98,141.70,1.0000,-1,-1,-1
306,46,260.53,87.88,64.71,169.40,1.0000,-1,-1,-1
307,17,352.66,185.96,56.75,131.51,1.0000,-1,-1,-1
307,32,291.87,365.30,136.35,187.53,1.0000,-1,-1,-1
307,39,102.49,153.95,64.71,134.84,1.0000,-1,-1,-1
307,44,312.95,132.63,110.32,228.00,1.0000,-1,-1,-1
307,45,511.31,251.50,68.36,140.60,1.0000,-1,-1,-1
307,46,258.97,86.09,65.80,172.25,1.0000,-1,-1,-1
308,17,344.73,189.83,62.32,130.18,1.0000,-1,-1,-1
308,32,297.07,366.21,135.69,184.81,1.0000,-1,-1,-1
308,39,94.03,152.09,68.42,135.65,1.0000,-1,-1,-1
308,44,309.41,126.02,112.19,231.88,1.0000,-1,-1,-1
308,45,514.52,251.44,64.97,139.34,1.0000,-1,-1,-1
308,46,257.41,84.32,66.87,175.05,1.0000,-1,-1,-1
308,48,659.97,509.86,63.77,71.99,1.0000,-1,-1,-1
309,17,342.34,189.60,62.75,129.15,1.0000,-1,-1,-1
309,32,301.48,366.82,133.43,182.35,1.0000,-1,-1,-1
309,39,88.66,151.42,71.75,137.11,1.0000,-1,-1,-1
309,44,305.88,119.44,114.04,235.69,1.0000,-1,-1,-1
309,45,516.98,250.60,62.42,138.96,1.0000,-1,-1,-1
309,46,255.86,82.57,67.92,177.81,1.0000,-1,-1,-1
309,48,664.11,508.68,63.48,73.59,1.0000,-1,-1,-1
310,17,342.47,188.92,62.72,129.08,1.0000,-1,-1,-1
310,32,309.09,367.92,128.73,180.04,1.0000,-1,-1,-1
310,39,85.96,152.21,75.06,137.99,1.0000,-1,-1,-1
310,44,302.37,112.90,115.85,239.44,1.0000,-1,-1,-1
310,45,517.68,248.99,61.44,139.47,1.0000,-1,-1,-1
310,46,254.32,80.85,68.96,180.53,1.0000,-1,-1,-1
310,48,668.69,508.28,62.87,74.28,1.0000,-1,-1,-1
311,17,342.61,190.66,61.77,128.56,1.0000,-1,-1,-1
311,32,319.02,367.67,121.84,178.80,1.0000,-1,-1,-1
311,39,84.85,153.51,76.86,136.93,1.0000,-1,-1,-1
311,44,298.87,106.38,117.64,243.13,1.0000,-1,-1,-1
311,45,512.94,247.66,64.12,141.69,1.0000,-1,-1,-1
311,46,252.79,79.14,69.98,183.21,1.0000,-1,-1,-1
311,48,672.66,506.68,61.73,75.66,1.0000,-1,-1,-1
312,17,341.47,191.78,60.35,129.71,1.0000,-1,-1,-1
312,32,327.47,366.89,115.12,177.99,1.0000,-1,-1,-1
312,39,84.74,154.25,75.83,135.98,1.0000,-1,-1,-1
312,44,295.38,99.89,119.40,246.76,1.0000,-1,-1,-1
312,45,508.58,245.78,67.68,143.63,1.0000,-1,-1,-1
312,46,251.26,77.45,70.99,185.84,1.0000,-1,-1,-1
312,48,676.34,506.13,61.87,76.86,1.0000,-1,-1,-1
313,17,339.92,195.74,58.58,133.06,1.0000,-1,-1,-1
313,32,336.81,364.19,107.77,178.79,1.0000,-1,-1,-1
313,39,81.55,154.80,71.34,136.05,1.0000,-1,-1,-1
313,44,291.91,93.42,121.13,250.35,1.0000,-1,-1,-1
313,45,509.48,246.52,66.45,141.02,1.0000,-1,-1,-1
313,46,249.74,75.79,71.99,188.45,1.0000,-1,-1,-1
313,48,681.47,506.02,63.12,77.42,1.0000,-1,-1,-1
314,17,339.60,196.09,58.54,132.96,1.0000,-1,-1,-1
314,32,340.91,365.43,102.17,178.62,1.0000,-1,-1,-1
314,39,79.19,155.06,67.55,135.78,1.0000,-1,-1,-1
314,44,288.45,86.98,122.84,253.88,1.0000,-1,-1,-1
314,45,510.39,247.28,65.20,138.36,1.0000,-1,-1,-1
314,46,248.23,74.14,72.97,191.01,1.0000,-1,-1,-1
314,48,684.59,505.44,64.40,78.19,1.0000,-1,-1,-1
315,17,339.27,196.44,58.49,132.87,1.0000,-1,-1,-1
315,32,343.58,366.55,96.14,177.83,1.0000,-1,-1,-1
315,39,76.74,155.58,63.30,135.62,1.0000,-1,-1,-1
315,44,285.00,80.57,124.53,257.36,1.0000,-1,-1,-1
315,45,511.31,248.07,63.92,135.65,1.0000,-1,-1,-1
315,46,246.72,72.50,73.93,193.54,1.0000,-1,-1,-1
315,48,689.00,505.65,64.81,78.76,1.0000,-1,-1,-1
316,17,338.95,196.78,58.45,132.78,1.0000,-1,-1,-1
316,32,345.35,366.79,91.16,177.39,1.0000,-1,-1,-1
316,39,74.54,155.87,60.75,135.45,1.0000,-1,-1,-1
316,44,281.57,74.18,126.19,260.80,1.0000,-1,-1,-1
316,45,512.25,248.88,62.62,132.88,1.0000,-1,-1,-1
316,46,245.22,70.89,74.89,196.04,1.0000,-1,-1,-1
316,48,692.20,505.69,65.72,79.02,1.0000,-1,-1,-1
317,17,334.07,199.80,62.63,139.67,1.0000,-1,-1,-1
317,32,347.86,366.82,87.56,177.06,1.0000,-1,-1,-1
317,39,73.91,155.79,60.76,135.84,1.0000,-1,-1,-1
317,44,278.14,67.81,127.83,264.19,1.0000,-1,-1,-1
317,45,513.20,249.73,61.29,130.06,1.0000,-1,-1,-1
317,46,243.73,69.28,75.83,198.51,1.0000,-1,-1,-1
317,48,696.69,504.90,66.22,79.12,1.0000,-1,-1,-1
318,17,331.18,196.18,66.37,144.72,1.0000,-1,-1,-1
318,32,354.31,365.99,84.11,176.80,1.0000,-1,-1,-1
318,39,73.90,159.48,60.30,136.87,1.0000,-1,-1,-1
318,44,274.72,61.46,129.45,267.54,1.0000,-1,-1,-1
318,45,524.53,240.66,66.66,142.37,1.0000,-1,-1,-1
318,46,242.24,67.70,76.76,200.95,1.0000,-1,-1,-1
318,48,704.46,503.85,66.97,80.31,1.0000,-1,-1,-1
319,17,329.72,192.83,67.55,147.60,1.0000,-1,-1,-1
319,32,359.07,364.54,81.85,176.76,1.0000,-1,-1,-1
319,39,74.74,161.39,61.19,138.04,1.0000,-1,-1,-1
319,44,271.32,55.13,131.05,270.85,1.0000,-1,-1,-1
319,45,526.91,238.75,68.15,145.66,1.0000,-1,-1,-1
319,46,240.76,66.13,77.68,203.36,1.0000,-1,-1,-1
319,48,709.68,503.17,68.31,81.50,1.0000,-1,-1,-1
320,17,329.12,188.11,67.27,150.89,1.0000,-1,-1,-1
320,32,363.09,363.34,80.23,176.90,1.0000,-1,-1,-1
320,39,76.05,164.04,62.15,137.47,1.0000,-1,-1,-1
320,44,267.92,48.83,132.63,274.12,1.0000,-1,-1,-1
320,45,528.79,238.96,67.30,143.83,1.0000,-1,-1,-1
320,46,239.29,64.57,78.59,205.74,1.0000,-1,-1,-1
320,48,713.25,501.83,69.38,82.50,1.0000,-1,-1,-1
320,52,222.67,106.46,51.93,131.46,1.0000,-1,-1,-1
321,17,329.93,185.60,66.65,152.84,1.0000,-1,-1,-1
321,32,366.92,362.58,78.48,176.73,1.0000,-1,-1,-1
321,39,73.60,164.72,62.20,137.57,1.0000,-1,-1,-1
321,44,264.54,42.54,134.20,277.35,1.0000,-1,-1,-1
321,45,530.68,239.18,66.43,141.98,1.0000,-1,-1,-1
321,46,237.81,63.03,79.49,208.09,1.0000,-1,-1,-1
321,48,716.45,500.25,70.45,83.55,1.0000,-1,-1,-1
321,52,224.22,106.54,50.89,130.28,1.0000,-1,-1,-1
322,17,333.69,183.64,64.45,153.01,1.0000,-1,-1,-1
322,32,371.17,363.41,76.69,175.45,1.0000,-1,-1,-1
322,39,78.98,168.27,63.15,136.76,1.0000,-1,-1,-1
322,44,261.16,36.27,135.74,280.54,1.0000,-1,-1,-1
322,45,532.58,239.42,65.56,140.11,1.0000,-1,-1,-1
322,46,236.35,61.50,80.38,210.41,1.0000,-1,-1,-1
322,48,720.32,499.02,71.41,84.13,1.0000,-1,-1,-1
322,52,224.51,107.28,49.97,127.92,1.0000,-1,-1,-1
323,17,336.73,183.37,63.78,153.83,1.0000,-1,-1,-1
323,32,376.82,363.40,74.11,173.74,1.0000,-1,-1,-1
323,39,77.25,169.16,63.20,136.86,1.0000,-1,-1,-1
323,44,257.79,30.02,137.27,283.70,1.0000,-1,-1,-1
323,45,534.48,239.66,64.67,138.21,1.0000,-1,-1,-1
323,46,234.89,59.98,81.26,212.72,1.0000,-1,-1,-1
323,48,724.74,498.17,72.06,84.90,1.0000,-1,-1,-1
323,52,221.72,103.60,59.02,136.15,1.0000,-1,-1,-1
324,17,339.04,183.26,63.10,155.04,1.0000,-1,-1,-1
324,32,380.43,364.70,73.12,172.28,1.0000,-1,-1,-1
324,39,77.91,168.96,60.07,137.18,1.0000,-1,-1,-1
324,44,254.43,23.79,138.78,286.82,1.0000,-1,-1,-1
324,45,536.39,239.92,63.77,136.29,1.0000,-1,-1,-1
324,46,233.43,58.47,82.13,214.99,1.0000,-1,-1,-1
324,48,727.41,495.03,72.46,87.67,1.0000,-1,-1,-1
324,52,221.80,103.28,59.02,136.15,1.0000,-1,-1,-1
325,17,340.55,183.52,62.46,156.88,1.0000,-1,-1,-1
325,32,382.89,364.77,72.57,171.10,1.0000,-1,-1,-1
325,39,79.14,168.17,58.11,136.39,1.0000,-1,-1,-1
325,44,251.08,17.57,140.27,289.91,1.0000,-1,-1,-1
325,45,538.31,240.20,62.86,134.34,1.0000,-1,-1,-1
325,46,231.98,56.98,82.99,217.24,1.0000,-1,-1,-1
325,48,731.65,494.04,73.13,88.48,1.0000,-1,-1,-1
325,52,217.34,102.85,65.13,138.55,1.0000,-1,-1,-1
326,17,341.81,183.41,61.89,159.07,1.0000,-1,-1,-1
326,32,384.99,365.57,71.93,169.10,1.0000,-1,-1,-1
326,39,80.30,166.52,56.41,136.36,1.0000,-1,-1,-1
326,44,247.73,11.37,141.75,292.97,1.0000,-1,-1,-1
326,45,540.23,240.48,61.93,132.36,1.0000,-1,-1,-1
326,48,735.89,493.06,73.79,89.28,1.0000,-1,-1,-1
326,52,216.46,102.89,69.21,139.10,1.0000,-1,-1,-1
327,17,343.61,182.98,61.87,160.76,1.0000,-1,-1,-1
327,32,387.38,369.70,72.36,165.14,1.0000,-1,-1,-1
327,39,81.72,164.86,54.41,137.64,1.0000,-1,-1,-1
327,44,244.39,5.18,143.22,295.99,1.0000,-1,-1,-1
327,45,542.15,240.79,60.99,130.35,1.0000,-1,-1,-1
327,48,740.13,492.08,74.44,90.07,1.0000,-1,-1,-1
327,52,216.24,102.21,69.76,140.20,1.0000,-1,-1,-1
328,17,348.64,193.50,62.21,156.62,1.0000,-1,-1,-1
328,32,391.37,378.30,76.67,157.68,1.0000,-1,-1,-1
328,39,81.49,163.61,52.76,139.90,1.0000,-1,-1,-1
328,45,544.09,241.10,60.03,128.31,1.0000,-1,-1,-1
328,48,738.00,492.48,70.76,89.69,1.0000,-1,-1,-1
328,52,216.02,101.53,70.30,141.28,1.0000,-1,-1,-1
329,17,352.65,200.69,62.28,152.94,1.0000,-1,-1,-1
329,32,393.47,375.81,80.96,158.14,1.0000,-1,-1,-1
329,39,80.72,163.33,52.21,141.71,1.0000,-1,-1,-1
329,45,546.03,241.44,59.06,126.23,1.0000,-1,-1,-1
329,48,739.81,494.32,68.80,89.32,1.0000,-1,-1,-1
329,52,215.80,100.86,70.83,142.35,1.0000,-1,-1,-1
330,17,354.93,204.73,63.52,149.49,1.0000,-1,-1,-1
330,32,394.21,376.14,84.78,158.13,1.0000,-1,-1,-1
330,39,80.16,164.19,52.36,142.56,1.0000,-1,-1,-1
330,45,547.98,241.79,58.08,124.12,1.0000,-1,-1,-1
330,48,741.74,492.50,67.36,91.33,1.0000,-1,-1,-1
330,52,215.59,100.18,71.36,143.42,1.0000,-1,-1,-1
331,17,356.35,207.45,64.51,147.22,1.0000,-1,-1,-1
331,32,395.93,374.53,89.80,159.38,1.0000,-1,-1,-1
331,39,80.67,163.55,52.42,142.70,1.0000,-1,-1,-1
331,45,549.94,242.16,57.07,121.98,1.0000,-1,-1,-1
331,48,743.28,494.36,66.35,91.46,1.0000,-1,-1,-1
331,52,218.36,104.92,64.60,136.74,1.0000,-1,-1,-1
331,55,753.45,327.01,68.15,154.34,1.0000,-1,-1,-1
332,17,357.73,209.47,65.19,145.61,1.0000,-1,-1,-1
332,32,398.72,374.45,89.87,159.52,1.0000,-1,-1,-1
332,39,81.24,168.05,52.32,140.29,1.0000,-1,-1,-1
332,45,551.91,242.55,56.05,119.79,1.0000,-1,-1,-1
332,48,744.38,494.96,65.42,91.80,1.0000,-1,-1,-1
332,52,218.26,104.72,64.78,137.11,1.0000,-1,-1,-1
332,55,753.30,329.25,68.93,155.96,1.0000,-1,-1,-1
333,17,359.16,210.83,65.20,145.65,1.0000,-1,-1,-1
333,32,401.51,374.37,89.95,159.65,1.0000,-1,-1,-1
333,39,84.70,171.07,51.51,137.25,1.0000,-1,-1,-1
333,45,553.89,242.96,55.01,117.57,1.0000,-1,-1,-1
333,48,745.16,494.22,64.55,92.39,1.0000,-1,-1,-1
333,52,218.17,104.53,64.95,137.49,1.0000,-1,-1,-1
333,55,753.52,337.69,69.16,156.74,1.0000,-1,-1,-1
334,17,360.98,211.22,66.97,140.71,1.0000,-1,-1,-1
334,32,404.30,374.29,90.03,159.79,1.0000,-1,-1,-1
334,39,86.48,173.12,51.41,134.58,1.0000,-1,-1,-1
334,45,555.88,243.39,53.95,115.30,1.0000,-1,-1,-1
334,48,745.58,493.77,64.06,92.95,1.0000,-1,-1,-1
334,52,218.07,104.33,65.13,137.86,1.0000,-1,-1,-1
334,55,754.03,344.11,68.15,154.44,1.0000,-1,-1,-1
335,17,361.40,212.37,68.16,137.27,1.0000,-1,-1,-1
335,32,407.09,374.21,90.10,159.92,1.0000,-1,-1,-1
335,39,88.74,172.68,51.26,133.51,1.0000,-1,-1,-1
335,45,557.88,243.85,52.86,112.99,1.0000,-1,-1,-1
335,48,744.90,493.18,64.27,93.47,1.0000,-1,-1,-1
335,52,217.98,104.14,65.31,138.23,1.0000,-1,-1,-1
335,55,752.46,349.77,68.06,150.59,1.0000,-1,-1,-1
335,56,602.41,218.34,76.99,158.83,1.0000,-1,-1,-1
336,17,362.96,213.11,68.74,133.69,1.0000,-1,-1,-1
336,32,409.89,374.13,90.18,160.06,1.0000,-1,-1,-1
336,39,92.00,170.09,50.83,133.54,1.0000,-1,-1,-1
336,45,559.89,244.33,51.76,110.62,1.0000,-1,-1,-1
336,48,742.74,492.67,65.70,94.28,1.0000,-1,-1,-1
336,52,217.89,103.95,65.48,138.60,1.0000,-1,-1,-1
336,55,748.01,352.91,70.28,148.14,1.0000,-1,-1,-1
336,56,601.95,217.69,77.63,160.15,1.0000,-1,-1,-1
337,17,365.33,214.02,68.99,132.07,1.0000,-1,-1,-1
337,32,412.68,374.05,90.25,160.19,1.0000,-1,-1,-1
337,39,93.58,166.96,51.18,135.04,1.0000,-1,-1,-1
337,45,561.91,244.83,50.63,108.21,1.0000,-1,-1,-1
337,48,744.44,492.30,66.03,94.76,1.0000,-1,-1,-1
337,52,217.79,103.75,65.65,138.97,1.0000,-1,-1,-1
337,55,742.29,354.11,74.25,146.70,1.0000,-1,-1,-1
337,56,601.48,217.04,78.27,161.47,1.0000,-1,-1,-1
338,17,371.90,215.31,67.64,131.92,1.0000,-1,-1,-1
338,32,415.47,373.97,90.33,160.33,1.0000,-1,-1,-1
338,39,95.33,164.08,52.93,135.33,1.0000,-1,-1,-1
338,45,563.95,245.36,49.48,105.74,1.0000,-1,-1,-1
338,48,744.97,492.41,65.97,94.70,1.0000,-1,-1,-1
338,52,217.70,103.56,65.83,139.34,1.0000,-1,-1,-1
338,55,737.52,356.70,78.01,144.54,1.0000,-1,-1,-1
338,56,601.02,216.39,78.90,162.77,1.0000,-1,-1,-1
339,17,375.73,216.66,66.69,132.51,1.0000,-1,-1,-1
339,32,418.26,373.89,90.40,160.46,1.0000,-1,-1,-1
339,39,95.65,162.54,55.70,134.77,1.0000,-1,-1,-1
339,45,566.00,245.93,48.29,103.22,1.0000,-1,-1,-1
339,48,745.77,492.32,65.93,94.42,1.0000,-1,-1,-1
339,52,217.61,103.37,66.00,139.70,1.0000,-1,-1,-1
339,55,733.40,357.98,81.52,143.75,1.0000,-1,-1,-1
339,56,600.57,215.75,79.53,164.06,1.0000,-1,-1,-1
340,17,379.00,216.60,65.84,132.89,1.0000,-1,-1,-1
340,32,421.05,373.81,90.48,160.59,1.0000,-1,-1,-1
340,39,96.72,162.65,59.66,133.30,1.0000,-1,-1,-1
340,45,568.06,246.52,47.08,100.62,1.0000,-1,-1,-1
340,48,746.70,492.13,65.64,94.48,1.0000,-1,-1,-1
340,52,217.52,103.18,66.18,140.07,1.0000,-1,-1,-1
340,54,1017.49,207.39,53.20,134.07,1.0000,-1,-1,-1
340,55,730.01,359.32,84.60,145.69,1.0000,-1,-1,-1
340,56,600.11,215.12,80.15,165.34,1.0000,-1,-1,-1
341,17,382.39,216.40,64.47,133.40,1.0000,-1,-1,-1
341,32,456.40,371.38,73.38,159.22,1.0000,-1,-1,-1
341,39,97.28,163.28,63.78,131.12,1.0000,-1,-1,-1
341,45,570.14,247.15,45.84,97.97,1.0000,-1,-1,-1
341,48,748.38,491.09,65.55,95.45,1.0000,-1,-1,-1
341,52,217.43,102.99,66.35,140.44,1.0000,-1,-1,-1
341,54,1019.09,209.43,52.84,133.18,1.0000,-1,-1,-1
341,55,726.97,360.37,87.01,148.21,1.0000,-1,-1,-1
341,56,599.66,214.49,80.76,166.61,1.0000,-1,-1,-1
342,17,384.27,216.13,63.75,134.23,1.0000,-1,-1,-1
342,32,463.10,369.43,70.74,155.77,1.0000,-1,-1,-1
342,39,97.54,165.60,68.17,129.01,1.0000,-1,-1,-1
342,45,572.24,247.81,44.56,95.23,1.0000,-1,-1,-1
342,48,750.58,490.32,65.32,96.25,1.0000,-1,-1,-1
342,52,217.33,102.80,66.52,140.80,1.0000,-1,-1,-1
342,54,1020.70,211.46,52.48,132.27,1.0000,-1,-1,-1
342,55,722.82,361.13,89.50,151.15,1.0000,-1,-1,-1
342,56,599.21,213.87,81.37,167.87,1.0000,-1,-1,-1
343,17,386.29,215.95,62.67,134.57,1.0000,-1,-1,-1
343,32,469.01,370.49,77.77,156.16,1.0000,-1,-1,-1
343,39,96.85,166.37,71.33,128.32,1.0000,-1,-1,-1
343,45,574.36,248.52,43.24,92.42,1.0000,-1,-1,-1
343,48,754.65,489.59,64.18,97.05,1.0000,-1,-1,-1
343,52,217.24,102.61,66.69,141.16,1.0000,-1,-1,-1
343,54,1022.30,213.50,52.12,131.36,1.0000,-1,-1,-1
343,55,720.56,363.06,90.54,152.90,1.0000,-1,-1,-1
343,56,598.76,213.25,81.98,169.12,1.0000,-1,-1,-1
344,17,387.46,215.77,61.79,133.62,1.0000,-1,-1,-1
344,32,471.89,370.28,85.62,156.01,1.0000,-1,-1,-1
344,39,96.21,165.55,73.62,127.96,1.0000,-1,-1,-1
344,45,576.49,249.26,41.88,89.51,1.0000,-1,-1,-1
344,48,757.35,488.41,63.38,97.67,1.0000,-1,-1,-1
344,52,217.15,102.42,66.86,141.53,1.0000,-1,-1,-1
344,54,1023.91,215.54,51.76,130.45,1.0000,-1,-1,-1
344,55,718.30,365.00,91.56,154.63,1.0000,-1,-1,-1
344,56,598.31,212.63,82.58,170.36,1.0000,-1,-1,-1
344,57,590.59,415.91,66.32,170.99,1.0000,-1,-1,-1
345,17,387.57,217.31,61.38,132.98,1.0000,-1,-1,-1
345,32,474.17,371.00,92.06,155.85,1.0000,-1,-1,-1
345,39,96.03,164.05,74.90,128.30,1.0000,-1,-1,-1
345,45,578.65,250.06,40.48,86.51,1.0000,-1,-1,-1
345,48,759.42,487.26,62.89,98.15,1.0000,-1,-1,-1
345,52,217.06,102.23,67.03,141.89,1.0000,-1,-1,-1
345,54,1025.52,217.59,51.39,129.52,1.0000,-1,-1,-1
345,55,716.05,366.95,92.57,156.34,1.0000,-1,-1,-1
345,56,597.87,212.02,83.18,171.60,1.0000,-1,-1,-1
345,57,582.48,421.84,67.45,166.12,1.0000,-1,-1,-1
346,17,387.97,218.96,60.73,131.39,1.0000,-1,-1,-1
346,32,474.66,369.15,96.80,155.23,1.0000,-1,-1,-1
346,39,96.49,162.48,75.40,128.69,1.0000,-1,-1,-1
346,45,580.84,250.91,39.02,83.41,1.0000,-1,-1,-1
346,48,761.41,486.46,62.62,98.58,1.0000,-1,-1,-1
346,52,216.97,102.04,67.20,142.25,1.0000,-1,-1,-1
346,54,1027.13,219.63,51.02,128.60,1.0000,-1,-1,-1
346,55,713.81,368.90,93.57,158.03,1.0000,-1,-1,-1
346,56,597.43,211.42,83.77,172.82,1.0000,-1,-1,-1
346,57,573.71,428.70,68.98,160.22,1.0000,-1,-1,-1
347,17,388.58,222.15,59.91,131.42,1.0000,-1,-1,-1
347,32,477.37,368.10,96.48,155.65,1.0000,-1,-1,-1
347,39,98.79,159.43,74.82,128.68,1.0000,-1,-1,-1
347,45,583.05,251.83,37.51,80.18,1.0000,-1,-1,-1
347,48,763.92,485.80,62.19,99.36,1.0000,-1,-1,-1
347,52,216.88,101.85,67.37,142.61,1.0000,-1,-1,-1
347,54,1028.74,221.69,50.65,127.66,1.0000,-1,-1,-1
347,55,711.57,370.87,94.56,159.70,1.0000,-1,-1,-1
347,56,596.99,210.82,84.36,174.04,1.0000,-1,-1,-1
347,57,569.13,431.01,69.84,157.13,1.0000,-1,-1,-1
348,17,389.23,226.24,58.91,131.18,1.0000,-1,-1,-1
348,32,481.98,367.57,96.57,155.80,1.0000,-1,-1,-1
348,39,104.53,154.60,71.29,128.00,1.0000,-1,-1,-1
348,45,585.30,252.81,35.94,76.81,1.0000,-1,-1,-1
348,48,766.66,484.48,62.06,100.32,1.0000,-1,-1,-1
348,52,216.79,101.67,67.54,142.97,1.0000,-1,-1,-1
348,54,1030.35,223.74,50.28,126.72,1.0000,-1,-1,-1
348,55,687.16,368.58,74.41,153.23,1.0000,-1,-1,-1
348,56,596.55,210.22,84.95,175.25,1.0000,-1,-1,-1
348,57,562.23,433.45,69.94,157.36,1.0000,-1,-1,-1
349,17,390.65,227.38,58.86,131.08,1.0000,-1,-1,-1
349,32,486.59,367.05,96.67,155.95,1.0000,-1,-1,-1
349,39,110.83,151.13,66.44,126.66,1.0000,-1,-1,-1
349,45,587.58,253.86,34.29,73.30,1.0000,-1,-1,-1
349,48,768.44,483.20,62.24,101.34,1.0000,-1,-1,-1
349,52,238.84,97.27,73.69,136.81,1.0000,-1,-1,-1
349,54,1031.97,225.80,49.90,125.77,1.0000,-1,-1,-1
349,55,683.92,370.40,66.77,156.31,1.0000,-1,-1,-1
349,56,596.12,209.63,85.53,176.45,1.0000,-1,-1,-1
349,57,555.34,435.89,70.04,157.58,1.0000,-1,-1,-1
350,17,392.06,228.53,58.81,130.97,1.0000,-1,-1,-1
350,32,491.21,366.52,96.76,156.10,1.0000,-1,-1,-1
350,39,112.40,149.74,66.47,126.71,1.0000,-1,-1,-1
350,48,769.86,481.91,62.39,102.34,1.0000,-1,-1,-1
350,52,239.93,96.70,73.91,137.22,1.0000,-1,-1,-1
350,54,1033.58,227.86,49.52,124.81,1.0000,-1,-1,-1
350,55,679.93,371.21,63.98,160.19,1.0000,-1,-1,-1
350,56,595.68,209.04,86.11,177.64,1.0000,-1,-1,-1
350,57,561.44,443.84,65.04,142.71,1.0000,-1,-1,-1
351,17,393.47,229.68,58.76,130.87,1.0000,-1,-1,-1
351,32,495.82,365.99,96.85,156.25,1.0000,-1,-1,-1
351,39,113.97,148.35,66.50,126.76,1.0000,-1,-1,-1
351,48,770.78,481.06,62.55,103.34,1.0000,-1,-1,-1
351,52,238.95,96.48,76.27,134.70,1.0000,-1,-1,-1
351,54,1035.20,229.93,49.14,123.85,1.0000,-1,-1,-1
351,55,676.82,372.43,64.06,163.99,1.0000,-1,-1,-1
351,56,595.25,208.45,86.68,178.82,1.0000,-1,-1,-1
351,57,560.96,442.42,64.03,141.29,1.0000,-1,-1,-1
352,17,390.59,225.56,56.75,131.20,1.0000,-1,-1,-1
352,32,500.43,365.46,96.95,156.40,1.0000,-1,-1,-1
352,39,125.22,144.55,58.55,125.81,1.0000,-1,-1,-1
352,48,771.62,480.27,62.56,104.20,1.0000,-1,-1,-1
352,52,238.71,95.83,76.61,133.55,1.0000,-1,-1,-1
352,54,1036.82,232.00,48.75,122.87,1.0000,-1,-1,-1
352,55,672.28,374.75,64.10,164.08,1.0000,-1,-1,-1
352,56,594.82,207.87,87.25,180.00,1.0000,-1,-1,-1
352,57,555.68,439.36,66.70,143.38,1.0000,-1,-1,-1
353,17,391.37,220.39,55.59,132.87,1.0000,-1,-1,-1
353,32,505.05,364.94,97.04,156.55,1.0000,-1,-1,-1
353,39,130.98,142.57,56.46,125.61,1.0000,-1,-1,-1
353,48,772.83,479.03,62.70,105.59,1.0000,-1,-1,-1
353,52,239.61,95.11,76.83,133.94,1.0000,-1,-1,-1
353,54,1041.62,215.66,58.14,145.65,1.0000,-1,-1,-1
353,55,658.11,380.55,63.99,163.45,1.0000,-1,-1,-1
353,56,594.40,207.29,87.82,181.16,1.0000,-1,-1,-1
353,57,548.07,433.51,72.45,149.44,1.0000,-1,-1,-1
354,17,392.12,216.57,54.75,134.09,1.0000,-1,-1,-1
354,32,509.66,364.41,97.13,156.70,1.0000,-1,-1,-1
354,39,141.05,139.35,54.53,125.91,1.0000,-1,-1,-1
354,48,773.45,477.33,62.80,107.18,1.0000,-1,-1,-1
354,52,240.51,94.39,77.05,134.32,1.0000,-1,-1,-1
354,54,1042.62,215.30,58.83,146.39,1.0000,-1,-1,-1
354,55,647.33,383.29,68.24,162.83,1.0000,-1,-1,-1
354,56,593.97,206.72,88.38,182.32,1.0000,-1,-1,-1
354,57,548.11,428.17,74.77,154.12,1.0000,-1,-1,-1
355,17,392.85,212.45,54.08,134.73,1.0000,-1,-1,-1
355,32,514.27,363.88,97.23,156.85,1.0000,-1,-1,-1
355,39,148.59,136.78,55.46,126.75,1.0000,-1,-1,-1
355,48,774.04,475.84,62.97,108.46,1.0000,-1,-1,-1
355,52,241.41,93.68,77.27,134.71,1.0000,-1,-1,-1
355,54,1044.43,216.22,58.96,146.72,1.0000,-1,-1,-1
355,55,637.15,385.36,74.10,161.51,1.0000,-1,-1,-1
355,56,593.54,206.15,88.94,183.48,1.0000,-1,-1,-1
355,57,549.74,426.68,75.92,156.15,1.0000,-1,-1,-1
356,17,393.57,209.28,53.44,134.72,1.0000,-1,-1,-1
356,32,518.89,363.35,97.32,157.00,1.0000,-1,-1,-1
356,39,153.59,135.49,58.58,127.23,1.0000,-1,-1,-1
356,48,773.86,474.03,63.24,110.03,1.0000,-1,-1,-1
356,52,242.31,92.96,77.49,135.09,1.0000,-1,-1,-1
356,54,1044.09,217.35,62.84,146.23,1.0000,-1,-1,-1
356,55,631.21,387.62,74.33,162.00,1.0000,-1,-1,-1
356,56,593.12,205.58,89.49,184.62,1.0000,-1,-1,-1
356,57,551.95,422.71,77.91,159.68,1.0000,-1,-1,-1
357,17,394.37,206.70,53.26,134.59,1.0000,-1,-1,-1
357,32,523.50,362.83,97.41,157.15,1.0000,-1,-1,-1
357,39,157.42,134.36,63.07,127.18,1.0000,-1,-1,-1
357,48,773.93,472.71,63.23,111.29,1.0000,-1,-1,-1
357,52,243.21,92.24,77.71,135.47,1.0000,-1,-1,-1
357,54,1045.84,218.18,63.04,146.71,1.0000,-1,-1,-1
357,55,625.27,389.89,74.56,162.50,1.0000,-1,-1,-1
357,56,592.70,205.02,90.05,185.76,1.0000,-1,-1,-1
357,57,549.23,422.14,78.36,160.60,1.0000,-1,-1,-1
358,17,393.65,203.15,54.31,131.89,1.0000,-1,-1,-1
358,32,528.11,362.30,97.50,157.30,1.0000,-1,-1,-1
358,39,160.03,133.21,67.25,126.64,1.0000,-1,-1,-1
358,48,773.90,471.74,62.83,112.28,1.0000,-1,-1,-1
358,52,244.11,91.52,77.93,135.85,1.0000,-1,-1,-1
358,54,1047.59,219.00,63.25,147.19,1.0000,-1,-1,-1
358,55,619.33,392.16,74.79,162.99,1.0000,-1,-1,-1
358,56,592.28,204.46,90.60,186.89,1.0000,-1,-1,-1
358,57,546.52,421.56,78.80,161.50,1.0000,-1,-1,-1
359,17,393.62,202.27,56.01,130.10,1.0000,-1,-1,-1
359,32,532.73,361.77,97.60,157.45,1.0000,-1,-1,-1
359,39,161.89,133.22,69.98,125.76,1.0000,-1,-1,-1
359,48,773.90,470.74,62.14,113.14,1.0000,-1,-1,-1
359,52,245.01,90.81,78.14,136.23,1.0000,-1,-1,-1
359,54,1044.23,221.01,63.88,143.26,1.0000,-1,-1,-1
359,55,613.39,394.43,75.01,163.49,1.0000,-1,-1,-1
359,56,591.87,203.91,91.14,188.02,1.0000,-1,-1,-1
359,57,543.81,420.99,79.24,162.40,1.0000,-1,-1,-1
360,17,394.49,202.67,59.12,129.32,1.0000,-1,-1,-1
360,32,537.34,361.24,97.69,157.60,1.0000,-1,-1,-1
360,39,162.90,132.36,71.45,125.95,1.0000,-1,-1,-1
360,48,773.27,469.80,61.52,114.04,1.0000,-1,-1,-1
360,52,245.92,90.09,78.36,136.60,1.0000,-1,-1,-1
360,54,1043.91,222.20,64.11,142.23,1.0000,-1,-1,-1
360,55,607.44,396.70,75.24,163.98,1.0000,-1,-1,-1
360,56,591.45,203.35,91.68,189.14,1.0000,-1,-1,-1
360,57,541.09,420.42,79.68,163.30,1.0000,-1,-1,-1
361,17,394.51,201.95,61.89,127.86,1.0000,-1,-1,-1
361,32,541.96,360.72,97.78,157.74,1.0000,-1,-1,-1
361,39,165.52,130.56,70.34,126.35,1.0000,-1,-1,-1
361,48,772.36,468.73,61.39,115.09,1.0000,-1,-1,-1
361,52,246.82,89.37,78.58,136.98,1.0000,-1,-1,-1
361,54,1045.11,222.96,64.28,142.61,1.0000,-1,-1,-1
361,55,601.50,398.97,75.46,164.47,1.0000,-1,-1,-1
361,56,591.04,202.81,92.22,190.25,1.0000,-1,-1,-1
361,57,538.38,419.85,80.11,164.19,1.0000,-1,-1,-1
362,17,394.81,201.08,65.99,126.70,1.0000,-1,-1,-1
362,32,546.57,360.19,97.87,157.89,1.0000,-1,-1,-1
362,39,169.68,129.33,68.03,125.47,1.0000,-1,-1,-1
362,48,771.55,467.69,61.44,116.16,1.0000,-1,-1,-1
362,52,247.72,88.66,78.79,137.36,1.0000,-1,-1,-1
362,54,1046.31,223.72,64.45,142.99,1.0000,-1,-1,-1
362,55,595.56,401.24,75.69,164.96,1.0000,-1,-1,-1
362,56,590.62,202.26,92.76,191.35,1.0000,-1,-1,-1
362,57,535.68,419.29,80.54,165.08,1.0000,-1,-1,-1
363,17,396.16,198.34,70.66,126.53,1.0000,-1,-1,-1
363,32,551.18,359.66,97.97,158.04,1.0000,-1,-1,-1
363,39,173.15,127.80,68.06,125.52,1.0000,-1,-1,-1
363,48,771.31,466.30,61.11,117.62,1.0000,-1,-1,-1
363,52,248.63,87.94,79.01,137.73,1.0000,-1,-1,-1
363,54,1047.51,224.48,64.62,143.37,1.0000,-1,-1,-1
363,55,589.62,403.51,75.91,165.44,1.0000,-1,-1,-1
363,56,590.21,201.72,93.29,192.45,1.0000,-1,-1,-1
363,57,532.97,418.73,80.97,165.96,1.0000,-1,-1,-1
364,17,397.16,196.71,73.39,125.77,1.0000,-1,-1,-1
364,32,555.80,359.14,98.06,158.19,1.0000,-1,-1,-1
364,39,176.62,126.26,68.09,125.58,1.0000,-1,-1,-1
364,48,771.20,465.24,60.71,118.85,1.0000,-1,-1,-1
364,52,249.53,87.23,79.22,138.11,1.0000,-1,-1,-1
364,54,1048.71,225.24,64.79,143.75,1.0000,-1,-1,-1
364,55,583.68,405.78,76.14,165.93,1.0000,-1,-1,-1
364,56,589.80,201.18,93.82,193.55,1.0000,-1,-1,-1
364,57,530.26,418.17,81.40,166.84,1.0000,-1,-1,-1
365,17,398.51,195.41,74.71,125.38,1.0000,-1,-1,-1
365,32,560.41,358.61,98.15,158.34,1.0000,-1,-1,-1
365,39,180.10,124.73,68.12,125.64,1.0000,-1,-1,-1
365,48,771.13,464.39,60.37,119.81,1.0000,-1,-1,-1
365,52,250.43,86.52,79.43,138.48,1.0000,-1,-1,-1
365,54,1049.91,226.01,64.96,144.13,1.0000,-1,-1,-1
365,55,577.74,408.06,76.36,166.42,1.0000,-1,-1,-1
365,56,589.39,200.64,94.35,194.63,1.0000,-1,-1,-1
365,57,527.56,417.61,81.83,167.71,1.0000,-1,-1,-1
365,61,620.92,328.59,72.83,150.37,1.0000,-1,-1,-1
366,17,401.61,194.24,74.43,125.02,1.0000,-1,-1,-1
366,32,565.02,358.08,98.24,158.49,1.0000,-1,-1,-1
366,39,183.57,123.19,68.15,125.69,1.0000,-1,-1,-1
366,48,770.79,463.39,60.16,120.81,1.0000,-1,-1,-1
366,52,251.34,85.80,79.65,138.85,1.0000,-1,-1,-1
366,54,1051.11,226.77,65.13,144.50,1.0000,-1,-1,-1
366,55,571.81,410.33,76.58,166.90,1.0000,-1,-1,-1
366,57,524.85,417.06,82.25,168.58,1.0000,-1,-1,-1
366,61,621.99,329.33,74.14,148.83,1.0000,-1,-1,-1
367,17,405.50,192.73,73.44,125.50,1.0000,-1,-1,-1
367,32,569.64,357.56,98.33,158.64,1.0000,-1,-1,-1
367,39,187.05,121.65,68.18,125.75,1.0000,-1,-1,-1
367,48,770.55,462.11,60.07,121.97,1.0000,-1,-1,-1
367,52,252.24,85.09,79.86,139.22,1.0000,-1,-1,-1
367,54,1052.32,227.53,65.30,144.88,1.0000,-1,-1,-1
367,55,565.87,412.61,76.80,167.38,1.0000,-1,-1,-1
367,57,522.15,416.50,82.67,169.44,1.0000,-1,-1,-1
367,61,621.61,330.42,75.10,146.96,1.0000,-1,-1,-1
368,17,415.99,191.05,68.62,126.63,1.0000,-1,-1,-1
368,32,574.25,357.03,98.43,158.78,1.0000,-1,-1,-1
368,39,190.52,120.12,68.21,125.80,1.0000,-1,-1,-1
368,48,770.47,460.49,60.06,123.22,1.0000,-1,-1,-1
368,52,253.15,84.38,80.07,139.59,1.0000,-1,-1,-1
368,54,1053.52,228.30,65.47,145.25,1.0000,-1,-1,-1
368,55,559.93,414.88,77.02,167.86,1.0000,-1,-1,-1
368,57,519.45,415.95,83.09,170.30,1.0000,-1,-1,-1
368,61,622.87,329.42,75.82,148.38,1.0000,-1,-1,-1
369,17,427.19,189.03,62.91,127.38,1.0000,-1,-1,-1
369,32,578.87,356.50,98.52,158.93,1.0000,-1,-1,-1
369,39,193.99,118.58,68.24,125.86,1.0000,-1,-1,-1
369,48,770.01,458.94,60.08,124.67,1.0000,-1,-1,-1
369,52,254.05,83.67,80.28,139.96,1.0000,-1,-1,-1
369,54,1054.72,229.06,65.64,145.62,1.0000,-1,-1,-1
369,55,553.99,417.16,77.24,168.34,1.0000,-1,-1,-1
369,57,516.74,415.40,83.51,171.16,1.0000,-1,-1,-1
369,61,621.37,331.83,75.81,144.20,1.0000,-1,-1,-1
370,17,435.24,186.66,58.44,127.30,1.0000,-1,-1,-1
370,32,583.48,355.98,98.61,159.08,1.0000,-1,-1,-1
370,39,197.47,117.04,68.27,125.91,1.0000,-1,-1,-1
370,48,769.90,457.71,60.00,125.92,1.0000,-1,-1,-1
370,52,254.96,82.95,80.49,140.33,1.0000,-1,-1,-1
370,54,1055.92,229.82,65.81,146.00,1.0000,-1,-1,-1
370,55,548.05,419.43,77.46,168.82,1.0000,-1,-1,-1
370,57,514.04,414.86,83.93,172.01,1.0000,-1,-1,-1
370,61,619.17,331.81,77.59,142.45,1.0000,-1,-1,-1
371,17,440.63,183.83,55.10,127.19,1.0000,-1,-1,-1
371,32,588.10,355.45,98.70,159.23,1.0000,-1,-1,-1
371,39,200.94,115.51,68.30,125.97,1.0000,-1,-1,-1
371,48,769.81,456.79,59.85,126.88,1.0000,-1,-1,-1
371,52,255.86,82.24,80.71,140.69,1.0000,-1,-1,-1
371,54,1057.13,230.59,65.97,146.37,1.0000,-1,-1,-1
371,55,542.12,421.71,77.68,169.29,1.0000,-1,-1,-1
371,57,511.35,414.31,84.34,172.86,1.0000,-1,-1,-1
371,61,617.65,331.00,79.35,140.30,1.0000,-1,-1,-1
372,17,444.89,183.42,52.53,127.58,1.0000,-1,-1,-1
372,32,592.71,354.92,98.79,159.38,1.0000,-1,-1,-1
372,39,204.41,113.97,68.33,126.02,1.0000,-1,-1,-1
372,48,769.82,456.13,59.90,127.64,1.0000,-1,-1,-1
372,52,256.77,81.53,80.91,141.06,1.0000,-1,-1,-1
372,54,1058.33,231.35,66.14,146.74,1.0000,-1,-1,-1
372,55,536.18,423.99,77.90,169.77,1.0000,-1,-1,-1
372,57,508.65,413.77,84.75,173.70,1.0000,-1,-1,-1
372,61,617.81,330.12,79.71,140.94,1.0000,-1,-1,-1
373,17,451.80,183.50,52.38,127.19,1.0000,-1,-1,-1
373,32,597.32,354.40,98.88,159.52,1.0000,-1,-1,-1
373,39,207.89,112.44,68.36,126.08,1.0000,-1,-1,-1
373,48,769.27,455.55,60.13,128.30,1.0000,-1,-1,-1
373,52,257.67,80.82,81.12,141.42,1.0000,-1,-1,-1
373,54,1059.53,232.12,66.31,147.11,1.0000,-1,-1,-1
373,55,530.24,426.27,78.11,170.24,1.0000,-1,-1,-1
373,57,505.95,413.23,85.16,174.54,1.0000,-1,-1,-1
373,61,617.96,329.25,80.07,141.57,1.0000,-1,-1,-1
374,17,455.32,182.24,52.30,127.00,1.0000,-1,-1,-1
374,32,601.94,353.87,98.97,159.67,1.0000,-1,-1,-1
374,39,211.36,110.90,68.39,126.13,1.0000,-1,-1,-1
374,48,768.07,455.19,60.74,128.78,1.0000,-1,-1,-1
374,52,258.58,80.11,81.33,141.79,1.0000,-1,-1,-1
374,54,1060.74,232.89,66.47,147.48,1.0000,-1,-1,-1
374,55,524.30,428.55,78.33,170.71,1.0000,-1,-1,-1
374,57,503.25,412.69,85.57,175.37,1.0000,-1,-1,-1
374,61,618.12,328.38,80.42,142.20,1.0000,-1,-1,-1
375,17,462.94,186.15,57.09,126.29,1.0000,-1,-1,-1
375,32,606.55,353.35,99.07,159.82,1.0000,-1,-1,-1
375,39,214.84,109.36,68.42,126.19,1.0000,-1,-1,-1
375,48,766.85,454.66,61.45,129.28,1.0000,-1,-1,-1
375,52,259.49,79.40,81.54,142.15,1.0000,-1,-1,-1
375,54,1061.94,233.65,66.64,147.84,1.0000,-1,-1,-1
375,55,518.37,430.83,78.55,171.18,1.0000,-1,-1,-1
375,57,500.56,412.15,85.97,176.20,1.0000,-1,-1,-1
375,61,618.27,327.51,80.78,142.83,1.0000,-1,-1,-1
376,17,467.01,187.13,62.14,124.61,1.0000,-1,-1,-1
376,32,611.17,352.82,99.16,159.96,1.0000,-1,-1,-1
376,39,218.31,107.83,68.45,126.24,1.0000,-1,-1,-1
376,48,765.80,454.14,62.23,129.73,1.0000,-1,-1,-1
376,52,260.39,78.70,81.75,142.51,1.0000,-1,-1,-1
376,54,1063.14,234.42,66.80,148.21,1.0000,-1,-1,-1
376,55,512.43,433.11,78.76,171.65,1.0000,-1,-1,-1
376,57,497.87,411.62,86.38,177.03,1.0000,-1,-1,-1
376,61,618.43,326.65,81.13,143.45,1.0000,-1,-1,-1
377,17,469.90,188.35,66.98,122.90,1.0000,-1,-1,-1
377,32,615.78,352.29,99.25,160.11,1.0000,-1,-1,-1
377,39,221.78,106.29,68.48,126.30,1.0000,-1,-1,-1
377,48,765.25,453.94,62.95,130.45,1.0000,-1,-1,-1
377,52,261.30,77.99,81.96,142.87,1.0000,-1,-1,-1
377,54,1064.35,235.19,66.97,148.57,1.0000,-1,-1,-1
377,55,506.50,435.39,78.98,172.12,1.0000,-1,-1,-1
377,57,495.17,411.09,86.78,177.85,1.0000,-1,-1,-1
377,61,618.59,325.78,81.48,144.07,1.0000,-1,-1,-1
378,17,473.78,189.93,69.53,122.11,1.0000,-1,-1,-1
378,39,225.26,104.76,68.51,126.35,1.0000,-1,-1,-1
378,48,765.16,456.35,63.82,135.54,1.0000,-1,-1,-1
378,52,262.21,77.28,82.16,143.23,1.0000,-1,-1,-1
378,54,1065.55,235.96,67.13,148.94,1.0000,-1,-1,-1
378,55,500.56,437.67,79.19,172.59,1.0000,-1,-1,-1
378,57,492.48,410.56,87.18,178.67,1.0000,-1,-1,-1
378,61,618.75,324.91,81.83,144.69,1.0000,-1,-1,-1
379,17,474.97,190.73,71.47,121.99,1.0000,-1,-1,-1
379,39,228.73,103.22,68.54,126.41,1.0000,-1,-1,-1
379,48,763.54,456.44,65.35,140.11,1.0000,-1,-1,-1
379,52,263.12,76.57,82.37,143.59,1.0000,-1,-1,-1
379,54,1066.76,236.73,67.30,149.30,1.0000,-1,-1,-1
379,55,494.63,439.95,79.40,173.05,1.0000,-1,-1,-1
379,57,489.79,410.03,87.57,179.49,1.0000,-1,-1,-1
379,61,618.91,324.05,82.18,145.31,1.0000,-1,-1,-1
380,17,476.23,190.80,72.42,122.08,1.0000,-1,-1,-1
380,39,232.21,101.68,68.57,126.46,1.0000,-1,-1,-1
380,48,762.01,456.54,66.87,144.92,1.0000,-1,-1,-1
380,52,264.02,75.87,82.57,143.95,1.0000,-1,-1,-1
380,54,1067.96,237.49,67.46,149.67,1.0000,-1,-1,-1
380,55,488.69,442.24,79.62,173.52,1.0000,-1,-1,-1
380,57,487.10,409.50,87.97,180.30,1.0000,-1,-1,-1
380,61,619.07,323.19,82.53,145.92,1.0000,-1,-1,-1
381,17,477.80,191.22,72.33,121.54,1.0000,-1,-1,-1
381,39,235.68,100.15,68.60,126.52,1.0000,-1,-1,-1
381,48,762.32,455.58,67.28,148.17,1.0000,-1,-1,-1
381,52,264.93,75.16,82.78,144.31,1.0000,-1,-1,-1
381,54,1069.17,238.26,67.62,150.03,1.0000,-1,-1,-1
381,55,482.76,444.52,79.83,173.98,1.0000,-1,-1,-1
381,57,484.41,408.98,88.37,181.11,1.0000,-1,-1,-1
381,61,619.23,322.33,82.87,146.53,1.0000,-1,-1,-1
382,17,479.28,191.50,72.33,121.21,1.0000,-1,-1,-1
382,39,239.15,98.61,68.63,126.57,1.0000,-1,-1,-1
382,48,762.48,454.83,67.47,150.93,1.0000,-1,-1,-1
382,52,265.84,74.45,82.98,144.66,1.0000,-1,-1,-1
382,54,1070.37,239.03,67.79,150.39,1.0000,-1,-1,-1
382,55,476.82,446.81,80.04,174.44,1.0000,-1,-1,-1
382,57,481.72,408.45,88.76,181.91,1.0000,-1,-1,-1
382,61,619.39,321.47,83.22,147.14,1.0000,-1,-1,-1
383,17,482.75,191.32,70.10,120.90,1.0000,-1,-1,-1
383,39,242.63,97.08,68.66,126.63,1.0000,-1,-1,-1
383,48,763.45,454.05,67.02,153.13,1.0000,-1,-1,-1
383,54,1071.58,239.80,67.95,150.75,1.0000,-1,-1,-1
383,55,470.89,449.09,80.25,174.91,1.0000,-1,-1,-1
383,57,479.03,407.93,89.15,182.71,1.0000,-1,-1,-1
383,61,619.56,320.61,83.56,147.74,1.0000,-1,-1,-1
384,17,485.47,190.58,67.53,120.79,1.0000,-1,-1,-1
384,39,246.10,95.54,68.69,126.68,1.0000,-1,-1,-1
384,48,763.78,453.27,66.73,154.70,1.0000,-1,-1,-1
384,54,1072.78,240.58,68.11,151.11,1.0000,-1,-1,-1
384,55,464.96,451.38,80.46,175.36,1.0000,-1,-1,-1
384,57,476.35,407.41,89.54,183.51,1.0000,-1,-1,-1
384,61,619.72,319.75,83.90,148.35,1.0000,-1,-1,-1
385,17,487.47,189.48,65.43,120.64,1.0000,-1,-1,-1
385,39,249.58,94.00,68.72,126.74,1.0000,-1,-1,-1
385,48,763.92,452.44,66.32,155.40,1.0000,-1,-1,-1
385,54,1073.99,241.35,68.27,151.47,1.0000,-1,-1,-1
385,55,459.02,453.66,80.67,175.82,1.0000,-1,-1,-1
385,57,473.66,406.89,89.92,184.31,1.0000,-1,-1,-1
385,61,619.88,318.90,84.24,148.95,1.0000,-1,-1,-1
386,17,489.46,189.25,63.52,121.10,1.0000,-1,-1,-1
386,39,253.05,92.47,68.75,126.79,1.0000,-1,-1,-1
386,48,763.66,452.17,66.11,156.18,1.0000,-1,-1,-1
386,54,1075.19,242.12,68.43,151.83,1.0000,-1,-1,-1
386,57,470.97,406.38,90.31,185.10,1.0000,-1,-1,-1
386,61,620.05,318.04,84.58,149.55,1.0000,-1,-1,-1
387,17,491.37,188.79,61.70,121.20,1.0000,-1,-1,-1
387,39,256.52,90.93,68.78,126.85,1.0000,-1,-1,-1
387,48,763.57,451.80,65.79,156.33,1.0000,-1,-1,-1
387,54,1076.40,242.89,68.60,152.18,1.0000,-1,-1,-1
387,61,620.21,317.19,84.92,150.14,1.0000,-1,-1,-1
388,17,493.31,188.31,60.27,120.81,1.0000,-1,-1,-1
388,39,260.00,89.40,68.81,126.90,1.0000,-1,-1,-1
388,48,763.07,451.79,65.70,155.88,1.0000,-1,-1,-1
388,54,1077.61,243.66,68.76,152.54,1.0000,-1,-1,-1
388,61,620.38,316.34,85.25,150.74,1.0000,-1,-1,-1
388,62,498.62,372.14,83.55,155.08,1.0000,-1,-1,-1
389,17,494.81,189.52,59.13,121.27,1.0000,-1,-1,-1
389,39,263.47,87.86,68.84,126.96,1.0000,-1,-1,-1
389,48,762.25,452.41,65.84,155.73,1.0000,-1,-1,-1
389,54,1078.81,244.44,68.92,152.89,1.0000,-1,-1,-1
389,61,620.55,315.48,85.59,151.33,1.0000,-1,-1,-1
389,62,483.54,366.15,97.58,164.56,1.0000,-1,-1,-1
390,17,495.89,190.57,58.06,121.47,1.0000,-1,-1,-1
390,39,266.94,86.32,68.87,127.01,1.0000,-1,-1,-1
390,48,762.42,453.41,65.67,156.26,1.0000,-1,-1,-1
390,54,1080.02,245.21,69.08,153.25,1.0000,-1,-1,-1
390,61,620.71,314.63,85.92,151.92,1.0000,-1,-1,-1
390,62,469.41,362.77,108.76,169.52,1.0000,-1,-1,-1
391,17,496.56,191.57,57.27,121.80,1.0000,-1,-1,-1
391,39,270.42,84.79,68.90,127.07,1.0000,-1,-1,-1
391,48,762.19,454.22,65.67,156.82,1.0000,-1,-1,-1
391,61,620.88,313.79,86.25,152.50,1.0000,-1,-1,-1
391,62,455.69,361.82,114.56,171.36,1.0000,-1,-1,-1
392,17,496.85,191.72,56.66,122.08,1.0000,-1,-1,-1
392,39,273.89,83.25,68.93,127.12,1.0000,-1,-1,-1
392,48,762.03,454.72,65.75,157.14,1.0000,-1,-1,-1
392,61,621.05,312.94,86.58,153.09,1.0000,-1,-1,-1
392,62,446.87,360.39,114.60,169.53,1.0000,-1,-1,-1
393,17,498.78,191.82,56.60,121.93,1.0000,-1,-1,-1
393,48,762.77,454.56,65.27,156.78,1.0000,-1,-1,-1
393,61,621.22,312.09,86.91,153.67,1.0000,-1,-1,-1
393,62,435.67,355.33,118.92,175.92,1.0000,-1,-1,-1
394,17,498.79,189.51,55.00,119.77,1.0000,-1,-1,-1
394,48,763.47,453.97,64.81,155.87,1.0000,-1,-1,-1
394,61,621.39,311.25,87.24,154.25,1.0000,-1,-1,-1
394,62,443.67,354.51,98.43,163.40,1.0000,-1,-1,-1
395,17,499.31,189.41,54.00,118.61,1.0000,-1,-1,-1
395,48,764.69,454.20,64.12,155.56,1.0000,-1,-1,-1
395,61,621.56,310.40,87.57,154.83,1.0000,-1,-1,-1
395,62,446.36,353.04,88.50,159.76,1.0000,-1,-1,-1
396,17,499.51,189.54,53.46,118.00,1.0000,-1,-1,-1
396,48,766.16,453.80,63.32,154.60,1.0000,-1,-1,-1
396,61,621.73,309.56,87.89,155.40,1.0000,-1,-1,-1
396,62,445.99,350.31,81.97,157.49,1.0000,-1,-1,-1
397,17,499.56,189.66,53.30,117.91,1.0000,-1,-1,-1
397,48,767.07,454.13,62.95,154.00,1.0000,-1,-1,-1
397,61,621.90,308.72,88.22,155.98,1.0000,-1,-1,-1
397,62,442.89,347.19,79.56,157.18,1.0000,-1,-1,-1
398,17,499.63,189.32,53.32,117.80,1.0000,-1,-1,-1
398,48,767.26,456.02,63.34,155.18,1.0000,-1,-1,-1
398,61,622.08,307.87,88.54,156.55,1.0000,-1,-1,-1
398,62,438.53,348.08,75.34,154.83,1.0000,-1,-1,-1
399,17,500.18,189.10,53.15,117.60,1.0000,-1,-1,-1
399,48,765.75,457.00,64.62,156.73,1.0000,-1,-1,-1
399,61,622.25,307.03,88.86,157.12,1.0000,-1,-1,-1
399,62,432.40,345.93,74.84,153.81,1.0000,-1,-1,-1
399,63,288.76,107.16,52.60,117.75,1.0000,-1,-1,-1
400,17,500.65,188.76,53.00,117.42,1.0000,-1,-1,-1
400,48,765.28,457.16,65.37,157.49,1.0000,-1,-1,-1
400,61,622.42,306.19,89.18,157.69,1.0000,-1,-1,-1
400,62,434.27,343.59,70.31,144.10,1.0000,-1,-1,-1
400,63,288.96,105.64,51.92,116.62,1.0000,-1,-1,-1
401,17,501.27,188.76,52.78,117.44,1.0000,-1,-1,-1
401,48,762.93,457.25,67.41,157.66,1.0000,-1,-1,-1
401,61,622.60,305.36,89.50,158.25,1.0000,-1,-1,-1
401,62,428.97,341.38,69.41,142.26,1.0000,-1,-1,-1
401,63,288.27,103.78,51.43,116.07,1.0000,-1,-1,-1
402,17,501.84,188.78,52.47,117.44,1.0000,-1,-1,-1
402,48,762.19,457.94,68.84,158.24,1.0000,-1,-1,-1
402,62,423.67,339.18,68.50,140.38,1.0000,-1,-1,-1
402,63,287.72,100.70,51.17,116.43,1.0000,-1,-1,-1
403,17,503.21,189.08,51.90,118.00,1.0000,-1,-1,-1
403,48,762.04,458.17,69.06,158.75,1.0000,-1,-1,-1
403,62,408.21,348.16,78.40,139.43,1.0000,-1,-1,-1
403,63,283.44,99.02,53.05,120.05,1.0000,-1,-1,-1
404,17,504.19,189.02,51.81,117.78,1.0000,-1,-1,-1
404,48,768.12,459.55,69.00,158.17,1.0000,-1,-1,-1
404,62,399.44,348.89,84.33,137.53,1.0000,-1,-1,-1
404,63,280.49,97.46,54.88,122.01,1.0000,-1,-1,-1
405,17,505.18,188.96,51.72,117.57,1.0000,-1,-1,-1
405,48,768.50,459.84,69.22,158.67,1.0000,-1,-1,-1
405,62,394.15,349.51,89.15,135.88,1.0000,-1,-1,-1
405,63,277.17,95.45,57.28,123.26,1.0000,-1,-1,-1
406,17,506.16,188.90,51.62,117.36,1.0000,-1,-1,-1
406,48,768.88,460.13,69.44,159.16,1.0000,-1,-1,-1
406,62,385.59,348.37,96.02,135.37,1.0000,-1,-1,-1
406,63,273.76,94.74,60.18,123.86,1.0000,-1,-1,-1
407,17,507.14,188.85,51.53,117.15,1.0000,-1,-1,-1
407,48,769.26,460.43,69.65,159.66,1.0000,-1,-1,-1
407,62,379.21,348.31,102.32,135.27,1.0000,-1,-1,-1
407,63,271.57,94.61,62.66,123.27,1.0000,-1,-1,-1
408,17,509.11,185.79,55.01,124.52,1.0000,-1,-1,-1
408,48,769.65,460.72,69.87,160.15,1.0000,-1,-1,-1
408,62,372.00,348.78,104.32,136.26,1.0000,-1,-1,-1
408,63,269.76,94.15,65.32,122.64,1.0000,-1,-1,-1
409,17,509.68,182.99,58.15,127.04,1.0000,-1,-1,-1
409,48,770.03,461.02,70.08,160.64,1.0000,-1,-1,-1
409,62,367.56,348.68,103.44,137.29,1.0000,-1,-1,-1
409,63,269.17,93.93,67.19,122.24,1.0000,-1,-1,-1
410,17,511.12,181.14,58.97,128.31,1.0000,-1,-1,-1
410,48,781.39,461.11,68.09,158.43,1.0000,-1,-1,-1
410,62,364.57,348.28,99.35,138.37,1.0000,-1,-1,-1
410,63,269.37,94.38,68.40,121.49,1.0000,-1,-1,-1
411,17,512.70,180.17,60.08,128.17,1.0000,-1,-1,-1
411,48,784.48,462.17,67.04,157.60,1.0000,-1,-1,-1
411,62,363.06,347.31,93.89,139.28,1.0000,-1,-1,-1
411,63,270.42,94.67,68.93,120.79,1.0000,-1,-1,-1
412,17,514.08,179.72,60.71,129.31,1.0000,-1,-1,-1
412,48,785.54,463.06,68.05,157.84,1.0000,-1,-1,-1
412,62,360.83,346.59,88.17,139.93,1.0000,-1,-1,-1
412,63,271.10,94.35,69.29,121.04,1.0000,-1,-1,-1
413,17,515.48,179.40,60.69,129.28,1.0000,-1,-1,-1
413,48,789.53,463.77,68.55,157.66,1.0000,-1,-1,-1
413,62,353.30,346.26,86.53,142.74,1.0000,-1,-1,-1
413,63,274.04,94.20,69.10,119.97,1.0000,-1,-1,-1
414,17,522.88,179.90,60.21,131.52,1.0000,-1,-1,-1
414,48,794.03,463.91,68.12,157.10,1.0000,-1,-1,-1
414,62,347.41,345.67,86.61,145.23,1.0000,-1,-1,-1
414,63,276.81,94.56,69.00,118.59,1.0000,-1,-1,-1
415,17,527.22,178.85,59.92,131.87,1.0000,-1,-1,-1
415,48,797.20,463.75,67.27,156.81,1.0000,-1,-1,-1
415,62,341.46,345.46,89.02,147.59,1.0000,-1,-1,-1
415,63,278.76,94.81,69.10,117.75,1.0000,-1,-1,-1
416,17,529.95,177.67,60.25,132.37,1.0000,-1,-1,-1
416,48,800.63,463.94,65.99,156.82,1.0000,-1,-1,-1
416,62,338.22,346.49,93.30,148.70,1.0000,-1,-1,-1
416,63,280.51,95.27,69.83,116.93,1.0000,-1,-1,-1
417,17,532.82,177.87,60.43,132.14,1.0000,-1,-1,-1
417,48,802.18,463.99,65.57,156.69,1.0000,-1,-1,-1
417,62,336.55,348.09,95.02,148.37,1.0000,-1,-1,-1
417,63,282.32,95.02,70.06,117.09,1.0000,-1,-1,-1
417,65,774.59,156.68,72.40,161.59,1.0000,-1,-1,-1
418,17,537.35,178.12,60.36,132.87,1.0000,-1,-1,-1
418,48,803.74,464.41,65.63,156.82,1.0000,-1,-1,-1
418,62,339.14,351.43,96.58,146.25,1.0000,-1,-1,-1
418,63,284.08,93.22,70.20,118.40,1.0000,-1,-1,-1
418,65,772.46,152.60,78.28,165.31,1.0000,-1,-1,-1
419,17,541.47,177.71,60.11,132.03,1.0000,-1,-1,-1
419,48,805.56,464.13,65.66,156.93,1.0000,-1,-1,-1
419,62,344.34,354.09,101.23,144.71,1.0000,-1,-1,-1
419,63,284.58,92.24,70.63,119.13,1.0000,-1,-1,-1
419,65,768.60,151.05,83.85,166.83,1.0000,-1,-1,-1
420,17,543.85,177.18,60.00,131.62,1.0000,-1,-1,-1
420,48,807.18,464.17,65.55,157.10,1.0000,-1,-1,-1
420,62,349.98,355.57,108.50,143.49,1.0000,-1,-1,-1
420,63,285.08,91.27,71.06,119.85,1.0000,-1,-1,-1
420,64,733.92,357.84,89.17,220.11,1.0000,-1,-1,-1
420,65,762.80,151.95,91.79,167.50,1.0000,-1,-1,-1
421,17,547.03,177.48,59.69,131.47,1.0000,-1,-1,-1
421,48,809.60,464.19,65.05,156.90,1.0000,-1,-1,-1
421,62,352.38,356.40,113.88,142.50,1.0000,-1,-1,-1
421,63,285.58,90.29,71.49,120.56,1.0000,-1,-1,-1
421,64,741.23,358.27,89.80,221.66,1.0000,-1,-1,-1
421,65,761.86,149.29,96.65,168.50,1.0000,-1,-1,-1
422,17,549.67,176.89,59.73,130.91,1.0000,-1,-1,-1
422,48,811.43,464.25,65.20,157.26,1.0000,-1,-1,-1
422,62,354.76,355.25,117.85,142.63,1.0000,-1,-1,-1
422,63,286.08,89.33,71.91,121.28,1.0000,-1,-1,-1
422,64,742.36,381.40,93.36,202.34,1.0000,-1,-1,-1
422,65,762.24,149.38,99.07,167.60,1.0000,-1,-1,-1
423,17,553.48,177.14,59.60,130.36,1.0000,-1,-1,-1
423,48,813.25,464.31,65.35,157.63,1.0000,-1,-1,-1
423,62,360.58,353.39,120.23,143.57,1.0000,-1,-1,-1
423,63,286.58,88.36,72.33,121.99,1.0000,-1,-1,-1
423,64,749.30,383.26,93.84,203.37,1.0000,-1,-1,-1
423,65,764.16,146.42,99.49,168.21,1.0000,-1,-1,-1
424,17,556.38,177.18,59.38,129.26,1.0000,-1,-1,-1
424,48,815.08,464.38,65.50,157.99,1.0000,-1,-1,-1
424,62,364.61,351.55,122.43,144.00,1.0000,-1,-1,-1
424,63,287.09,87.39,72.75,122.69,1.0000,-1,-1,-1
424,64,756.24,385.11,94.31,204.39,1.0000,-1,-1,-1
424,65,765.62,143.24,99.20,169.51,1.0000,-1,-1,-1
425,17,558.55,177.03,59.26,128.06,1.0000,-1,-1,-1
425,48,816.91,464.44,65.65,158.35,1.0000,-1,-1,-1
425,62,370.91,350.62,123.26,144.51,1.0000,-1,-1,-1
425,63,287.59,86.43,73.16,123.39,1.0000,-1,-1,-1
425,64,763.18,386.97,94.78,205.41,1.0000,-1,-1,-1
425,65,765.20,130.81,99.03,177.42,1.0000,-1,-1,-1
426,17,559.55,175.90,59.40,128.54,1.0000,-1,-1,-1
426,48,810.90,466.81,67.26,155.51,1.0000,-1,-1,-1
426,62,371.68,350.19,123.72,145.05,1.0000,-1,-1,-1
426,63,288.10,85.47,73.58,124.09,1.0000,-1,-1,-1
426,64,770.12,388.84,95.25,206.43,1.0000,-1,-1,-1
426,65,764.81,126.84,100.85,180.68,1.0000,-1,-1,-1
427,17,558.73,172.77,60.06,130.19,1.0000,-1,-1,-1
427,48,812.18,466.93,67.41,155.86,1.0000,-1,-1,-1
427,62,372.45,349.76,124.17,145.58,1.0000,-1,-1,-1
427,63,288.61,84.51,73.99,124.78,1.0000,-1,-1,-1
427,64,777.06,390.70,95.71,207.44,1.0000,-1,-1,-1
427,65,763.96,120.55,95.18,185.82,1.0000,-1,-1,-1
428,17,559.68,174.98,60.45,129.23,1.0000,-1,-1,-1
428,48,813.46,467.05,67.56,156.22,1.0000,-1,-1,-1
428,62,373.23,349.34,124.63,146.12,1.0000,-1,-1,-1
428,63,293.58,88.02,60.61,122.01,1.0000,-1,-1,-1
428,64,784.01,392.57,96.18,208.44,1.0000,-1,-1,-1
428,65,763.13,121.37,90.91,187.40,1.0000,-1,-1,-1
428,67,754.85,361.84,79.12,140.21,1.0000,-1,-1,-1
429,17,560.29,177.52,61.65,127.57,1.0000,-1,-1,-1
429,48,804.61,465.38,62.33,157.15,1.0000,-1,-1,-1
429,62,374.00,348.91,125.09,146.65,1.0000,-1,-1,-1
429,63,295.33,87.82,56.52,122.34,1.0000,-1,-1,-1
429,64,790.95,394.44,96.64,209.44,1.0000,-1,-1,-1
429,65,763.15,121.57,87.83,188.36,1.0000,-1,-1,-1
429,67,754.72,360.63,80.93,141.00,1.0000,-1,-1,-1
429,68,832.21,378.94,67.33,167.44,1.0000,-1,-1,-1
430,17,560.12,178.90,63.55,126.12,1.0000,-1,-1,-1
430,48,804.87,465.40,62.45,157.46,1.0000,-1,-1,-1
430,62,374.78,348.48,125.54,147.18,1.0000,-1,-1,-1
430,63,295.78,87.87,54.34,122.33,1.0000,-1,-1,-1
430,64,797.90,396.31,97.10,210.44,1.0000,-1,-1,-1
430,65,764.14,121.36,85.43,188.71,1.0000,-1,-1,-1
430,67,754.96,356.93,87.60,146.92,1.0000,-1,-1,-1
430,68,838.42,378.52,65.07,171.64,1.0000,-1,-1,-1
431,17,559.59,180.31,65.62,124.12,1.0000,-1,-1,-1
431,48,805.13,465.43,62.58,157.77,1.0000,-1,-1,-1
431,62,375.55,348.06,125.99,147.71,1.0000,-1,-1,-1
431,63,295.41,88.07,52.24,122.11,1.0000,-1,-1,-1
431,64,804.85,398.19,97.56,211.43,1.0000,-1,-1,-1
431,65,763.37,118.97,86.16,190.33,1.0000,-1,-1,-1
431,67,758.70,356.97,87.46,148.34,1.0000,-1,-1,-1
431,68,842.05,375.99,67.64,178.97,1.0000,-1,-1,-1
432,17,558.92,180.88,67.47,123.18,1.0000,-1,-1,-1
432,48,805.39,465.45,62.70,158.07,1.0000,-1,-1,-1
432,62,376.33,347.63,126.44,148.24,1.0000,-1,-1,-1
432,63,295.21,88.20,50.07,121.77,1.0000,-1,-1,-1
432,64,811.79,400.06,98.01,212.42,1.0000,-1,-1,-1
432,65,762.60,116.59,86.89,191.94,1.0000,-1,-1,-1
432,67,770.87,357.24,84.34,148.27,1.0000,-1,-1,-1
432,68,846.13,373.68,73.99,185.96,1.0000,-1,-1,-1
433,17,557.49,181.43,68.23,122.28,1.0000,-1,-1,-1
433,48,805.65,465.47,62.82,158.38,1.0000,-1,-1,-1
433,62,436.59,359.18,102.65,141.91,1.0000,-1,-1,-1
433,63,295.32,87.96,50.03,121.65,1.0000,-1,-1,-1
433,64,818.74,401.94,98.46,213.40,1.0000,-1,-1,-1
433,65,761.83,114.22,87.62,193.53,1.0000,-1,-1,-1
433,67,774.67,355.84,85.44,150.19,1.0000,-1,-1,-1
433,68,857.57,374.81,79.05,187.98,1.0000,-1,-1,-1
434,17,556.91,182.23,68.37,121.64,1.0000,-1,-1,-1
434,48,805.91,465.50,62.94,158.69,1.0000,-1,-1,-1
434,62,446.37,368.33,102.50,135.03,1.0000,-1,-1,-1
434,63,295.43,87.72,49.98,121.53,1.0000,-1,-1,-1
434,64,825.69,403.82,98.92,214.37,1.0000,-1,-1,-1
434,65,761.07,111.85,88.33,195.12,1.0000,-1,-1,-1
434,67,778.47,354.45,86.52,152.09,1.0000,-1,-1,-1
434,68,863.66,373.90,82.79,188.06,1.0000,-1,-1,-1
435,17,555.73,182.93,68.47,121.19,1.0000,-1,-1,-1
435,48,778.28,468.14,62.26,155.16,1.0000,-1,-1,-1
435,62,452.68,370.58,106.19,134.54,1.0000,-1,-1,-1
435,63,295.54,87.48,49.93,121.41,1.0000,-1,-1,-1
435,64,832.65,405.71,99.36,215.35,1.0000,-1,-1,-1
435,65,760.31,109.49,89.04,196.68,1.0000,-1,-1,-1
435,67,782.29,353.08,87.59,153.97,1.0000,-1,-1,-1
435,68,867.33,372.77,84.04,188.49,1.0000,-1,-1,-1
436,17,555.55,183.58,67.67,121.29,1.0000,-1,-1,-1
436,48,776.48,468.23,62.37,155.43,1.0000,-1,-1,-1
436,62,456.13,372.33,108.30,133.52,1.0000,-1,-1,-1
436,63,295.65,87.24,49.88,121.29,1.0000,-1,-1,-1
436,64,839.60,407.59,99.81,216.32,1.0000,-1,-1,-1
436,65,759.55,107.14,89.75,198.24,1.0000,-1,-1,-1
436,67,786.11,351.72,88.64,155.82,1.0000,-1,-1,-1
436,68,868.13,370.73,84.44,186.82,1.0000,-1,-1,-1
437,17,556.19,183.53,65.98,121.17,1.0000,-1,-1,-1
437,48,765.96,468.66,63.95,153.74,1.0000,-1,-1,-1
437,62,461.00,373.24,108.40,133.65,1.0000,-1,-1,-1
437,63,295.76,87.00,49.83,121.17,1.0000,-1,-1,-1
437,64,846.55,409.48,100.26,217.28,1.0000,-1,-1,-1
437,65,758.80,104.79,90.45,199.79,1.0000,-1,-1,-1
437,67,789.93,350.37,89.68,157.65,1.0000,-1,-1,-1
437,68,868.60,367.93,84.72,185.91,1.0000,-1,-1,-1
438,17,555.07,183.49,63.40,120.74,1.0000,-1,-1,-1
438,48,755.57,468.89,67.14,153.68,1.0000,-1,-1,-1
438,62,465.87,374.15,108.51,133.78,1.0000,-1,-1,-1
438,63,295.87,86.76,49.78,121.05,1.0000,-1,-1,-1
438,64,853.51,411.37,100.70,218.24,1.0000,-1,-1,-1
438,65,758.05,102.45,91.14,201.32,1.0000,-1,-1,-1
438,67,814.93,355.61,78.81,151.17,1.0000,-1,-1,-1
438,68,873.90,361.71,79.77,180.05,1.0000,-1,-1,-1
439,17,554.87,183.38,61.46,120.66,1.0000,-1,-1,-1
439,48,748.79,468.97,69.82,153.30,1.0000,-1,-1,-1
439,62,470.74,375.06,108.61,133.90,1.0000,-1,-1,-1
439,63,282.13,88.39,48.98,122.17,1.0000,-1,-1,-1
439,64,860.46,413.26,101.14,219.19,1.0000,-1,-1,-1
439,65,757.30,100.12,91.83,202.84,1.0000,-1,-1,-1
439,67,817.27,355.82,79.34,152.51,1.0000,-1,-1,-1
439,68,877.64,359.03,74.55,175.62,1.0000,-1,-1,-1
440,17,554.04,183.43,60.27,121.17,1.0000,-1,-1,-1
440,48,744.23,469.12,72.20,152.81,1.0000,-1,-1,-1
440,62,471.60,366.35,94.87,135.30,1.0000,-1,-1,-1
440,63,279.68,88.23,47.41,121.98,1.0000,-1,-1,-1
440,64,867.42,415.16,101.58,220.15,1.0000,-1,-1,-1
440,65,756.55,97.79,92.51,204.35,1.0000,-1,-1,-1
440,67,817.13,354.53,79.54,153.97,1.0000,-1,-1,-1
440,68,879.32,357.94,72.02,172.19,1.0000,-1,-1,-1
441,17,552.57,184.16,58.95,121.47,1.0000,-1,-1,-1
441,48,740.52,469.41,74.71,152.99,1.0000,-1,-1,-1
441,62,475.65,366.62,94.84,135.25,1.0000,-1,-1,-1
441,63,277.91,89.09,47.11,121.73,1.0000,-1,-1,-1
441,64,874.38,417.06,102.02,221.09,1.0000,-1,-1,-1
441,65,755.81,95.46,93.19,205.85,1.0000,-1,-1,-1
441,67,816.44,352.21,81.17,155.68,1.0000,-1,-1,-1
441,68,880.00,357.46,69.34,170.50,1.0000,-1,-1,-1
442,17,551.24,184.63,58.05,121.37,1.0000,-1,-1,-1
442,48,737.74,469.15,75.99,153.50,1.0000,-1,-1,-1
442,62,479.71,366.89,94.81,135.21,1.0000,-1,-1,-1
442,63,276.76,89.13,47.03,121.53,1.0000,-1,-1,-1
442,64,881.33,418.95,102.45,222.04,1.0000,-1,-1,-1
442,65,755.07,93.14,93.87,207.34,1.0000,-1,-1,-1
442,67,821.35,349.72,90.97,160.68,1.0000,-1,-1,-1
442,68,883.47,355.38,69.60,171.15,1.0000,-1,-1,-1
443,17,547.59,186.92,58.55,121.49,1.0000,-1,-1,-1
443,48,730.91,468.57,78.88,154.54,1.0000,-1,-1,-1
443,62,470.94,349.08,79.16,138.26,1.0000,-1,-1,-1
443,63,272.21,89.61,50.12,121.13,1.0000,-1,-1,-1
443,64,888.29,420.85,102.88,222.98,1.0000,-1,-1,-1
443,65,754.33,90.83,94.54,208.82,1.0000,-1,-1,-1
443,67,825.97,348.80,91.74,162.04,1.0000,-1,-1,-1
443,68,886.95,353.31,69.86,171.79,1.0000,-1,-1,-1
444,17,547.14,187.33,58.51,121.41,1.0000,-1,-1,-1
444,48,725.96,467.98,79.67,155.61,1.0000,-1,-1,-1
444,62,473.38,348.12,79.00,137.97,1.0000,-1,-1,-1
444,63,269.83,89.49,51.96,121.35,1.0000,-1,-1,-1
444,64,895.25,422.76,103.32,223.91,1.0000,-1,-1,-1
444,65,753.59,88.52,95.20,210.29,1.0000,-1,-1,-1
444,67,830.59,347.89,92.51,163.40,1.0000,-1,-1,-1
444,68,890.42,351.24,70.12,172.43,1.0000,-1,-1,-1
445,17,546.69,187.74,58.46,121.32,1.0000,-1,-1,-1
445,48,721.51,466.74,78.85,156.69,1.0000,-1,-1,-1
445,62,475.82,347.17,78.83,137.68,1.0000,-1,-1,-1
445,63,268.48,89.48,51.95,121.31,1.0000,-1,-1,-1
445,64,902.21,424.66,103.75,224.84,1.0000,-1,-1,-1
445,65,752.86,86.22,95.86,211.74,1.0000,-1,-1,-1
445,67,835.22,346.98,93.27,164.74,1.0000,-1,-1,-1
445,68,886.80,337.03,69.55,165.07,1.0000,-1,-1,-1
446,17,546.25,188.15,58.42,121.24,1.0000,-1,-1,-1
446,48,716.49,465.33,76.01,157.27,1.0000,-1,-1,-1
446,62,478.26,346.21,78.67,137.39,1.0000,-1,-1,-1
446,63,267.13,89.47,51.93,121.28,1.0000,-1,-1,-1
446,64,909.18,426.57,104.17,225.77,1.0000,-1,-1,-1
446,65,752.12,83.92,96.51,213.19,1.0000,-1,-1,-1
446,67,842.61,333.15,75.87,155.63,1.0000,-1,-1,-1
446,68,889.68,333.70,69.68,165.39,1.0000,-1,-1,-1
447,17,545.80,188.56,58.38,121.15,1.0000,-1,-1,-1
447,48,714.08,464.72,71.58,157.53,1.0000,-1,-1,-1
447,62,480.69,345.25,78.50,137.11,1.0000,-1,-1,-1
447,63,262.61,90.20,50.99,121.41,1.0000,-1,-1,-1
447,64,916.14,428.48,104.60,226.69,1.0000,-1,-1,-1
447,65,751.39,81.63,97.17,214.63,1.0000,-1,-1,-1
447,67,849.12,331.21,66.76,150.87,1.0000,-1,-1,-1
447,68,892.57,330.38,69.81,165.70,1.0000,-1,-1,-1
448,17,545.36,188.98,58.34,121.06,1.0000,-1,-1,-1
448,48,706.91,463.74,65.36,157.92,1.0000,-1,-1,-1
448,62,483.13,344.30,78.34,136.82,1.0000,-1,-1,-1
448,63,260.84,90.24,50.54,121.55,1.0000,-1,-1,-1
448,64,923.10,430.39,105.02,227.61,1.0000,-1,-1,-1
448,65,750.67,79.34,97.81,216.06,1.0000,-1,-1,-1
448,67,853.47,329.44,66.55,150.38,1.0000,-1,-1,-1
448,68,879.43,327.83,76.91,163.81,1.0000,-1,-1,-1
449,17,544.91,189.39,58.30,120.98,1.0000,-1,-1,-1
449,48,703.51,462.82,60.31,157.45,1.0000,-1,-1,-1
449,62,465.34,321.29,72.55,142.42,1.0000,-1,-1,-1
449,63,260.38,90.15,49.67,121.65,1.0000,-1,-1,-1
449,64,930.07,432.30,105.45,228.53,1.0000,-1,-1,-1
449,65,749.94,77.06,98.45,217.48,1.0000,-1,-1,-1
449,67,857.82,327.68,66.33,149.89,1.0000,-1,-1,-1
449,68,875.50,325.72,84.86,163.07,1.0000,-1,-1,-1
450,17,544.47,189.80,58.26,120.89,1.0000,-1,-1,-1
450,48,701.21,463.57,56.85,157.77,1.0000,-1,-1,-1
450,62,465.42,314.12,70.13,141.67,1.0000,-1,-1,-1
450,63,259.79,90.02,48.56,121.56,1.0000,-1,-1,-1
450,64,937.03,434.21,105.87,229.44,1.0000,-1,-1,-1
450,65,749.22,74.78,99.09,218.88,1.0000,-1,-1,-1
450,67,862.17,325.91,66.11,149.40,1.0000,-1,-1,-1
450,68,876.98,322.13,85.34,163.99,1.0000,-1,-1,-1
451,17,535.32,194.70,59.73,117.92,1.0000,-1,-1,-1
451,48,699.23,463.21,54.71,157.55,1.0000,-1,-1,-1
451,62,466.05,311.42,69.93,141.26,1.0000,-1,-1,-1
451,63,258.24,90.11,48.51,121.44,1.0000,-1,-1,-1
451,64,944.00,436.13,106.29,230.35,1.0000,-1,-1,-1
451,65,748.50,72.50,99.73,220.29,1.0000,-1,-1,-1
451,67,866.53,324.15,65.89,148.90,1.0000,-1,-1,-1
451,68,878.45,318.54,85.82,164.91,1.0000,-1,-1,-1
452,17,533.40,195.37,60.23,116.86,1.0000,-1,-1,-1
452,48,696.81,463.68,53.14,158.05,1.0000,-1,-1,-1
452,62,466.68,308.72,69.72,140.85,1.0000,-1,-1,-1
452,63,256.69,90.19,48.47,121.32,1.0000,-1,-1,-1
452,64,950.97,438.04,106.71,231.26,1.0000,-1,-1,-1
452,65,747.78,70.23,100.36,221.68,1.0000,-1,-1,-1
452,67,870.88,322.38,65.67,148.41,1.0000,-1,-1,-1
452,68,879.93,314.95,86.30,165.82,1.0000,-1,-1,-1
453,17,532.37,195.95,60.19,116.78,1.0000,-1,-1,-1
453,48,682.82,463.69,57.55,158.28,1.0000,-1,-1,-1
453,62,467.31,306.01,69.52,140.43,1.0000,-1,-1,-1
453,63,255.14,90.27,48.42,121.20,1.0000,-1,-1,-1
453,65,747.06,67.97,100.98,223.06,1.0000,-1,-1,-1
453,67,867.54,314.42,75.86,163.49,1.0000,-1,-1,-1
453,68,881.40,311.37,86.77,166.73,1.0000,-1,-1,-1
454,17,531.33,196.53,60.15,116.70,1.0000,-1,-1,-1
454,48,673.60,464.32,61.84,158.61,1.0000,-1,-1,-1
454,62,467.94,303.31,69.31,140.02,1.0000,-1,-1,-1
454,63,253.59,90.35,48.37,121.08,1.0000,-1,-1,-1
454,65,746.34,65.70,101.60,224.43,1.0000,-1,-1,-1
454,67,871.53,312.37,76.01,163.80,1.0000,-1,-1,-1
454,68,882.88,307.79,87.24,167.63,1.0000,-1,-1,-1
455,17,530.30,197.11,60.11,116.61,1.0000,-1,-1,-1
455,48,669.02,465.49,64.86,157.64,1.0000,-1,-1,-1
455,62,468.58,300.61,69.11,139.60,1.0000,-1,-1,-1
455,63,252.03,90.43,48.32,120.96,1.0000,-1,-1,-1
455,65,745.63,63.45,102.22,225.80,1.0000,-1,-1,-1
455,67,875.52,310.32,76.15,164.12,1.0000,-1,-1,-1
455,68,884.36,304.21,87.71,168.53,1.0000,-1,-1,-1
456,17,529.26,197.69,60.06,116.53,1.0000,-1,-1,-1
456,48,666.29,467.21,66.81,156.69,1.0000,-1,-1,-1
456,62,469.21,297.91,68.90,139.18,1.0000,-1,-1,-1
456,63,250.48,90.51,48.28,120.84,1.0000,-1,-1,-1
456,65,744.92,61.19,102.84,227.16,1.0000,-1,-1,-1
456,67,879.50,308.27,76.30,164.43,1.0000,-1,-1,-1
456,68,904.70,304.86,75.59,162.50,1.0000,-1,-1,-1
457,17,528.22,198.27,60.02,116.45,1.0000,-1,-1,-1
457,48,664.91,468.67,67.75,155.65,1.0000,-1,-1,-1
457,62,469.84,295.21,68.69,138.77,1.0000,-1,-1,-1
457,63,248.93,90.60,48.23,120.72,1.0000,-1,-1,-1
457,65,744.21,58.94,103.45,228.51,1.0000,-1,-1,-1
457,67,883.49,306.22,76.44,164.74,1.0000,-1,-1,-1
457,68,907.95,302.14,70.55,160.60,1.0000,-1,-1,-1
458,17,527.19,198.85,59.98,116.37,1.0000,-1,-1,-1
458,48,663.29,469.70,67.91,154.59,1.0000,-1,-1,-1
458,62,470.47,292.51,68.49,138.35,1.0000,-1,-1,-1
458,63,247.38,90.68,48.18,120.60,1.0000,-1,-1,-1
458,65,743.50,56.70,104.06,229.85,1.0000,-1,-1,-1
458,67,887.47,304.18,76.58,165.05,1.0000,-1,-1,-1
458,68,908.59,298.40,67.86,159.88,1.0000,-1,-1,-1
459,17,526.15,199.43,59.94,116.28,1.0000,-1,-1,-1
459,48,660.68,470.34,66.27,153.63,1.0000,-1,-1,-1
459,62,471.11,289.81,68.28,137.92,1.0000,-1,-1,-1
459,63,239.11,96.26,51.96,124.52,1.0000,-1,-1,-1
459,65,742.79,54.46,104.66,231.18,1.0000,-1,-1,-1
459,67,891.46,302.13,76.73,165.36,1.0000,-1,-1,-1
459,68,905.62,291.77,66.94,160.61,1.0000,-1,-1,-1
460,17,525.11,200.01,59.89,116.20,1.0000,-1,-1,-1
460,48,657.85,471.98,65.47,152.61,1.0000,-1,-1,-1
460,62,471.74,287.11,68.07,137.50,1.0000,-1,-1,-1
460,63,237.22,96.77,51.96,124.53,1.0000,-1,-1,-1
460,65,742.09,52.22,105.26,232.51,1.0000,-1,-1,-1
460,67,895.45,300.08,76.87,165.67,1.0000,-1,-1,-1
460,68,905.62,287.55,64.84,160.19,1.0000,-1,-1,-1
461,17,524.08,200.59,59.85,116.12,1.0000,-1,-1,-1
461,48,654.49,473.56,64.11,151.67,1.0000,-1,-1,-1
461,62,472.37,284.42,67.86,137.08,1.0000,-1,-1,-1
461,63,235.33,97.28,51.96,124.53,1.0000,-1,-1,-1
461,67,899.43,298.04,77.02,165.98,1.0000,-1,-1,-1
461,68,905.71,284.63,63.47,159.52,1.0000,-1,-1,-1
462,17,523.04,201.17,59.81,116.04,1.0000,-1,-1,-1
462,48,651.38,474.56,62.73,150.57,1.0000,-1,-1,-1
462,62,473.01,281.72,67.65,136.65,1.0000,-1,-1,-1
462,63,233.43,97.79,51.96,124.54,1.0000,-1,-1,-1
462,67,903.42,295.99,77.16,166.29,1.0000,-1,-1,-1
462,68,905.01,282.07,63.42,159.46,1.0000,-1,-1,-1
463,17,522.00,201.75,59.77,115.95,1.0000,-1,-1,-1
463,48,647.58,475.48,61.98,149.48,1.0000,-1,-1,-1
463,62,473.64,279.02,67.44,136.23,1.0000,-1,-1,-1
463,63,224.36,97.20,54.38,126.93,1.0000,-1,-1,-1
463,67,907.41,293.94,77.30,166.59,1.0000,-1,-1,-1
463,68,905.00,280.35,64.21,159.37,1.0000,-1,-1,-1
464,17,520.97,202.33,59.72,115.87,1.0000,-1,-1,-1
464,48,641.58,476.99,62.13,148.17,1.0000,-1,-1,-1
464,62,474.27,276.33,67.22,135.80,1.0000,-1,-1,-1
464,63,220.58,97.36,54.99,127.34,1.0000,-1,-1,-1
464,67,911.39,291.90,77.44,166.90,1.0000,-1,-1,-1
464,68,904.31,279.10,65.68,158.80,1.0000,-1,-1,-1
465,17,519.93,202.91,59.68,115.79,1.0000,-1,-1,-1
465,48,638.63,477.88,62.33,146.93,1.0000,-1,-1,-1
465,62,474.91,273.63,67.01,135.37,1.0000,-1,-1,-1
465,63,216.96,97.28,55.34,127.74,1.0000,-1,-1,-1
465,67,915.38,289.85,77.59,167.21,1.0000,-1,-1,-1
465,68,904.93,279.03,66.68,159.07,1.0000,-1,-1,-1
466,17,518.90,203.49,59.64,115.70,1.0000,-1,-1,-1
466,48,636.40,478.56,62.73,145.83,1.0000,-1,-1,-1
466,62,475.54,270.94,66.80,134.94,1.0000,-1,-1,-1
466,63,212.84,96.81,55.81,128.21,1.0000,-1,-1,-1
466,67,919.37,287.81,77.73,167.51,1.0000,-1,-1,-1
466,68,905.74,279.14,67.64,159.53,1.0000,-1,-1,-1
467,17,517.86,204.07,59.60,115.62,1.0000,-1,-1,-1
467,48,635.04,479.30,63.31,144.82,1.0000,-1,-1,-1
467,62,476.18,268.25,66.59,134.51,1.0000,-1,-1,-1
467,63,209.66,96.89,54.95,128.05,1.0000,-1,-1,-1
467,67,923.36,285.76,77.87,167.82,1.0000,-1,-1,-1
467,68,906.89,278.62,68.76,159.23,1.0000,-1,-1,-1
468,17,516.82,204.65,59.55,115.54,1.0000,-1,-1,-1
468,48,634.35,479.91,64.09,144.12,1.0000,-1,-1,-1
468,62,490.79,217.53,82.76,164.97,1.0000,-1,-1,-1
468,63,207.74,95.96,54.11,128.74,1.0000,-1,-1,-1
468,67,927.34,283.72,78.01,168.12,1.0000,-1,-1,-1
468,68,907.22,278.25,70.10,158.37,1.0000,-1,-1,-1
469,17,515.79,205.23,59.51,115.45,1.0000,-1,-1,-1
469,48,636.27,481.40,64.12,143.11,1.0000,-1,-1,-1
469,62,492.38,213.03,82.79,165.03,1.0000,-1,-1,-1
469,63,207.62,96.07,54.11,128.56,1.0000,-1,-1,-1
469,67,931.33,281.67,78.15,168.43,1.0000,-1,-1,-1
469,68,905.86,273.92,73.35,155.41,1.0000,-1,-1,-1
470,17,514.75,205.81,59.47,115.37,1.0000,-1,-1,-1
470,48,638.60,482.79,63.94,142.06,1.0000,-1,-1,-1
470,62,493.96,208.52,82.82,165.09,1.0000,-1,-1,-1
470,63,206.94,96.42,54.26,128.58,1.0000,-1,-1,-1
470,67,935.32,279.63,78.29,168.73,1.0000,-1,-1,-1
470,68,906.79,271.30,73.40,155.51,1.0000,-1,-1,-1
470,70,571.61,243.65,66.92,118.76,1.0000,-1,-1,-1
471,17,513.72,206.40,59.42,115.29,1.0000,-1,-1,-1
471,48,637.46,483.09,65.42,141.15,1.0000,-1,-1,-1
471,62,455.76,240.38,106.48,147.20,1.0000,-1,-1,-1
471,63,208.14,96.55,54.33,128.29,1.0000,-1,-1,-1
471,67,939.31,277.58,78.43,169.03,1.0000,-1,-1,-1
471,68,904.84,266.64,77.54,150.35,1.0000,-1,-1,-1
471,70,571.90,241.98,68.59,122.26,1.0000,-1,-1,-1
472,17,512.68,206.98,59.38,115.20,1.0000,-1,-1,-1
472,48,636.16,483.71,67.68,140.39,1.0000,-1,-1,-1
472,62,446.78,244.17,109.99,143.81,1.0000,-1,-1,-1
472,63,208.73,96.76,55.16,128.62,1.0000,-1,-1,-1
472,67,943.29,275.54,78.57,169.34,1.0000,-1,-1,-1
472,68,903.11,264.28,78.67,147.13,1.0000,-1,-1,-1
472,70,572.55,239.08,70.12,125.72,1.0000,-1,-1,-1
473,17,511.64,207.56,59.34,115.12,1.0000,-1,-1,-1
473,48,636.93,484.02,69.09,139.78,1.0000,-1,-1,-1
473,62,445.45,242.22,110.12,143.99,1.0000,-1,-1,-1
473,63,209.12,96.69,56.74,129.64,1.0000,-1,-1,-1
473,67,947.28,273.50,78.71,169.64,1.0000,-1,-1,-1
473,68,905.46,262.41,76.11,145.38,1.0000,-1,-1,-1
473,70,573.58,237.41,70.80,128.48,1.0000,-1,-1,-1
474,17,510.61,208.14,59.29,115.04,1.0000,-1,-1,-1
474,48,642.17,484.62,69.80,139.44,1.0000,-1,-1,-1
474,62,444.11,240.28,110.25,144.17,1.0000,-1,-1,-1
474,63,208.70,94.55,59.16,131.61,1.0000,-1,-1,-1
474,67,951.27,271.45,78.85,169.94,1.0000,-1,-1,-1
474,68,906.78,258.13,72.03,145.05,1.0000,-1,-1,-1
474,70,575.96,236.02,74.65,131.85,1.0000,-1,-1,-1
475,17,509.57,208.72,59.25,114.95,1.0000,-1,-1,-1
475,48,649.85,485.08,67.97,138.96,1.0000,-1,-1,-1
475,62,431.08,248.04,108.97,139.87,1.0000,-1,-1,-1
475,63,208.33,93.26,61.80,132.75,1.0000,-1,-1,-1
475,67,955.26,269.41,78.99,170.24,1.0000,-1,-1,-1
475,68,910.10,255.67,68.00,145.75,1.0000,-1,-1,-1
475,70,579.13,236.01,78.26,133.46,1.0000,-1,-1,-1
476,17,508.54,209.30,59.21,114.87,1.0000,-1,-1,-1
476,48,651.53,485.15,68.38,138.09,1.0000,-1,-1,-1
476,62,428.68,246.76,109.07,140.00,1.0000,-1,-1,-1
476,63,208.28,92.61,63.96,132.93,1.0000,-1,-1,-1
476,67,959.25,267.37,79.13,170.54,1.0000,-1,-1,-1
476,68,914.57,253.74,65.03,146.44,1.0000,-1,-1,-1
476,70,582.78,236.52,83.02,133.29,1.0000,-1,-1,-1
477,17,507.50,209.88,59.17,114.79,1.0000,-1,-1,-1
477,48,653.85,485.31,68.96,137.51,1.0000,-1,-1,-1
477,62,426.28,245.48,109.18,140.14,1.0000,-1,-1,-1
477,63,210.05,92.36,65.42,133.15,1.0000,-1,-1,-1
477,67,963.24,265.33,79.27,170.84,1.0000,-1,-1,-1
477,68,920.17,252.23,62.55,146.79,1.0000,-1,-1,-1
477,70,586.50,237.74,87.92,132.79,1.0000,-1,-1,-1
478,17,506.46,210.46,59.12,114.70,1.0000,-1,-1,-1
478,48,658.50,485.77,68.93,137.16,1.0000,-1,-1,-1
478,62,423.88,244.21,109.28,140.27,1.0000,-1,-1,-1
478,63,212.90,93.24,67.30,132.44,1.0000,-1,-1,-1
478,67,967.22,263.28,79.41,171.14,1.0000,-1,-1,-1
478,68,921.42,249.59,62.42,146.49,1.0000,-1,-1,-1
478,70,589.91,241.07,91.82,129.91,1.0000,-1,-1,-1
478,71,858.11,246.48,73.68,164.66,1.0000,-1,-1,-1
479,17,505.43,211.04,59.08,114.62,1.0000,-1,-1,-1
479,48,666.77,486.22,67.92,137.20,1.0000,-1,-1,-1
479,62,421.49,242.93,109.38,140.40,1.0000,-1,-1,-1
479,63,219.67,93.04,68.41,132.23,1.0000,-1,-1,-1
479,67,971.21,261.24,79.55,171.44,1.0000,-1,-1,-1
479,68,922.68,246.95,62.29,146.20,1.0000,-1,-1,-1
479,70,595.34,246.86,96.23,125.88,1.0000,-1,-1,-1
479,71,857.49,248.27,80.15,164.21,1.0000,-1,-1,-1
480,17,504.39,211.62,59.04,114.54,1.0000,-1,-1,-1
480,48,672.69,485.96,67.03,137.81,1.0000,-1,-1,-1
480,62,419.09,241.66,109.49,140.54,1.0000,-1,-1,-1
480,63,223.67,92.78,69.95,132.42,1.0000,-1,-1,-1
480,67,975.20,259.20,79.69,171.74,1.0000,-1,-1,-1
480,68,928.71,247.81,61.65,139.97,1.0000,-1,-1,-1
480,70,597.86,250.01,99.14,121.62,1.0000,-1,-1,-1
480,71,859.85,249.50,84.02,162.57,1.0000,-1,-1,-1
481,17,503.36,212.20,58.99,114.45,1.0000,-1,-1,-1
481,48,677.10,486.54,66.72,137.25,1.0000,-1,-1,-1
481,62,405.31,249.11,98.06,133.90,1.0000,-1,-1,-1
481,63,227.83,93.23,70.73,131.76,1.0000,-1,-1,-1
481,67,979.19,257.16,79.83,172.04,1.0000,-1,-1,-1
481,68,930.37,245.26,61.48,139.59,1.0000,-1,-1,-1
481,70,601.31,249.79,100.68,123.50,1.0000,-1,-1,-1
481,71,862.67,251.08,85.30,160.91,1.0000,-1,-1,-1
481,72,479.50,169.04,55.63,143.10,1.0000,-1,-1,-1
482,17,502.32,212.78,58.95,114.37,1.0000,-1,-1,-1
482,48,683.38,486.69,65.71,137.25,1.0000,-1,-1,-1
482,62,401.70,248.30,98.06,133.90,1.0000,-1,-1,-1
482,63,231.84,93.23,70.58,130.99,1.0000,-1,-1,-1
482,67,983.18,255.12,79.96,172.33,1.0000,-1,-1,-1
482,68,932.02,242.70,61.32,139.21,1.0000,-1,-1,-1
482,70,604.77,249.59,102.19,125.36,1.0000,-1,-1,-1
482,71,866.21,251.21,85.58,160.26,1.0000,-1,-1,-1
482,72,481.84,167.69,55.73,145.26,1.0000,-1,-1,-1
483,48,687.66,487.02,65.08,137.07,1.0000,-1,-1,-1
483,62,398.08,247.49,98.06,133.90,1.0000,-1,-1,-1
483,63,234.90,94.80,69.81,130.95,1.0000,-1,-1,-1
483,67,987.17,253.08,80.10,172.63,1.0000,-1,-1,-1
483,68,933.67,240.15,61.15,138.83,1.0000,-1,-1,-1
483,70,608.24,249.40,103.68,127.18,1.0000,-1,-1,-1
483,71,869.51,250.51,84.41,159.27,1.0000,-1,-1,-1
483,72,484.15,166.12,55.93,146.86,1.0000,-1,-1,-1
484,48,693.20,487.84,65.14,136.13,1.0000,-1,-1,-1
484,62,394.47,246.68,98.05,133.89,1.0000,-1,-1,-1
484,63,238.55,94.89,67.63,130.74,1.0000,-1,-1,-1
484,68,949.99,250.63,63.28,143.01,1.0000,-1,-1,-1
484,70,593.81,246.18,91.84,119.19,1.0000,-1,-1,-1
484,71,876.23,248.02,84.17,160.30,1.0000,-1,-1,-1
484,72,487.08,163.57,53.50,143.43,1.0000,-1,-1,-1
485,48,697.59,488.53,65.52,135.17,1.0000,-1,-1,-1
485,62,401.68,255.95,89.89,140.39,1.0000,-1,-1,-1
485,63,244.39,95.54,64.95,130.97,1.0000,-1,-1,-1
485,68,952.86,249.23,63.16,142.74,1.0000,-1,-1,-1
485,70,595.40,245.68,92.60,120.18,1.0000,-1,-1,-1
485,71,880.94,246.35,84.87,161.38,1.0000,-1,-1,-1
485,72,488.97,161.52,54.03,144.84,1.0000,-1,-1,-1
486,48,702.97,489.35,64.89,134.19,1.0000,-1,-1,-1
486,62,402.53,256.66,87.76,144.90,1.0000,-1,-1,-1
486,63,248.64,96.29,62.45,130.50,1.0000,-1,-1,-1
486,68,955.73,247.83,63.04,142.47,1.0000,-1,-1,-1
486,70,596.99,245.19,93.35,121.16,1.0000,-1,-1,-1
486,71,884.00,245.44,85.55,161.03,1.0000,-1,-1,-1
486,72,490.87,159.47,54.55,146.24,1.0000,-1,-1,-1
487,48,704.84,490.80,65.61,133.43,1.0000,-1,-1,-1
487,62,402.39,256.98,84.46,146.83,1.0000,-1,-1,-1
487,63,251.18,97.21,61.44,130.00,1.0000,-1,-1,-1
487,68,958.61,246.43,62.92,142.19,1.0000,-1,-1,-1
487,70,598.58,244.70,94.10,122.13,1.0000,-1,-1,-1
487,71,886.26,245.12,85.31,159.79,1.0000,-1,-1,-1
487,72,496.03,155.32,50.33,139.24,1.0000,-1,-1,-1
488,48,707.16,491.94,65.88,132.49,1.0000,-1,-1,-1
488,62,400.96,256.94,83.79,147.82,1.0000,-1,-1,-1
488,63,253.12,98.03,62.59,129.77,1.0000,-1,-1,-1
488,68,961.48,245.02,62.80,141.92,1.0000,-1,-1,-1
488,70,600.17,244.21,94.84,123.09,1.0000,-1,-1,-1
488,71,889.20,246.48,85.31,158.14,1.0000,-1,-1,-1
488,72,498.37,153.09,50.25,139.01,1.0000,-1,-1,-1
489,48,708.74,493.88,67.87,131.19,1.0000,-1,-1,-1
489,62,393.15,257.49,80.18,149.20,1.0000,-1,-1,-1
489,63,255.15,98.23,62.66,129.93,1.0000,-1,-1,-1
489,68,964.35,243.62,62.68,141.64,1.0000,-1,-1,-1
489,70,601.77,243.73,95.58,124.05,1.0000,-1,-1,-1
489,71,893.50,250.60,84.62,155.37,1.0000,-1,-1,-1
489,72,500.71,150.87,50.17,138.78,1.0000,-1,-1,-1
490,48,710.51,494.85,69.35,130.21,1.0000,-1,-1,-1
490,62,388.21,257.46,74.34,150.10,1.0000,-1,-1,-1
490,63,257.18,98.43,62.74,130.09,1.0000,-1,-1,-1
490,68,967.23,242.22,62.56,141.37,1.0000,-1,-1,-1
490,70,603.37,243.25,96.31,125.00,1.0000,-1,-1,-1
490,71,895.73,254.18,84.26,153.47,1.0000,-1,-1,-1
490,72,503.05,148.65,50.08,138.54,1.0000,-1,-1,-1
491,48,712.12,495.20,69.89,129.35,1.0000,-1,-1,-1
491,62,386.71,254.85,68.47,152.12,1.0000,-1,-1,-1
491,63,259.21,98.63,62.82,130.25,1.0000,-1,-1,-1
491,68,970.10,240.82,62.44,141.09,1.0000,-1,-1,-1
491,70,604.97,242.78,97.04,125.94,1.0000,-1,-1,-1
491,71,897.43,255.87,83.70,152.13,1.0000,-1,-1,-1
491,72,505.39,146.42,50.00,138.31,1.0000,-1,-1,-1
492,48,713.68,495.41,70.23,128.04,1.0000,-1,-1,-1
492,62,385.35,249.99,63.55,155.36,1.0000,-1,-1,-1
492,63,265.01,101.19,60.98,129.54,1.0000,-1,-1,-1
492,68,968.26,272.49,63.44,153.19,1.0000,-1,-1,-1
492,70,606.58,242.31,97.76,126.87,1.0000,-1,-1,-1
492,71,899.44,256.76,82.48,151.49,1.0000,-1,-1,-1
492,72,507.73,144.20,49.91,138.08,1.0000,-1,-1,-1
493,48,714.45,496.09,70.42,126.89,1.0000,-1,-1,-1
493,62,384.91,255.15,58.35,154.73,1.0000,-1,-1,-1
493,63,267.00,101.55,60.09,129.63,1.0000,-1,-1,-1
493,68,970.83,273.65,63.38,153.05,1.0000,-1,-1,-1
493,70,608.19,241.84,98.47,127.80,1.0000,-1,-1,-1
493,71,901.43,257.37,80.97,150.24,1.0000,-1,-1,-1
493,72,510.07,141.98,49.83,137.84,1.0000,-1,-1,-1
494,48,714.78,497.36,70.91,125.46,1.0000,-1,-1,-1
494,62,376.53,261.46,56.96,154.46,1.0000,-1,-1,-1
494,63,267.35,103.11,60.76,129.64,1.0000,-1,-1,-1
494,68,965.14,278.13,66.82,154.90,1.0000,-1,-1,-1
494,70,609.80,241.38,99.18,128.72,1.0000,-1,-1,-1
494,71,903.14,257.85,77.65,147.33,1.0000,-1,-1,-1
494,72,512.41,139.76,49.74,137.61,1.0000,-1,-1,-1
495,48,714.64,498.63,71.45,123.71,1.0000,-1,-1,-1
495,62,371.06,265.70,55.43,153.01,1.0000,-1,-1,-1
495,63,266.93,104.36,61.64,129.45,1.0000,-1,-1,-1
495,68,964.58,279.29,67.72,155.20,1.0000,-1,-1,-1
495,70,611.41,240.92,99.88,129.64,1.0000,-1,-1,-1
495,71,905.55,257.65,77.85,147.70,1.0000,-1,-1,-1
495,72,514.75,137.53,49.66,137.37,1.0000,-1,-1,-1
496,48,714.43,499.65,71.74,122.34,1.0000,-1,-1,-1
496,62,367.21,270.14,54.28,151.81,1.0000,-1,-1,-1
496,63,264.62,105.43,63.96,129.22,1.0000,-1,-1,-1
496,68,963.19,279.97,68.58,155.16,1.0000,-1,-1,-1
496,70,613.02,240.46,100.58,130.54,1.0000,-1,-1,-1
496,71,907.96,257.45,78.04,148.07,1.0000,-1,-1,-1
496,72,517.09,135.31,49.57,137.14,1.0000,-1,-1,-1
497,48,714.73,500.64,71.94,121.05,1.0000,-1,-1,-1
497,62,362.23,276.34,54.42,151.03,1.0000,-1,-1,-1
497,63,266.21,105.97,64.04,129.38,1.0000,-1,-1,-1
497,68,958.87,281.84,71.47,154.80,1.0000,-1,-1,-1
497,70,614.64,240.01,101.28,131.45,1.0000,-1,-1,-1
497,71,910.36,257.26,78.24,148.44,1.0000,-1,-1,-1
497,72,519.43,133.09,49.49,136.90,1.0000,-1,-1,-1
498,48,714.81,501.72,72.34,120.01,1.0000,-1,-1,-1
498,62,356.24,280.76,55.74,149.67,1.0000,-1,-1,-1
498,63,267.80,106.51,64.12,129.53,1.0000,-1,-1,-1
498,68,954.87,283.97,74.31,154.37,1.0000,-1,-1,-1
498,70,616.26,239.56,101.97,132.34,1.0000,-1,-1,-1
498,71,912.77,257.06,78.43,148.81,1.0000,-1,-1,-1
498,72,521.77,130.87,49.40,136.67,1.0000,-1,-1,-1
499,48,715.00,503.14,71.85,119.27,1.0000,-1,-1,-1
499,62,343.79,285.63,60.14,149.81,1.0000,-1,-1,-1
499,63,269.40,107.06,64.20,129.69,1.0000,-1,-1,-1
499,68,955.67,285.37,74.35,154.45,1.0000,-1,-1,-1
499,70,617.89,239.11,102.65,133.23,1.0000,-1,-1,-1
499,71,915.18,256.86,78.62,149.17,1.0000,-1,-1,-1
499,72,524.11,128.65,49.32,136.43,1.0000,-1,-1,-1
500,48,714.76,504.04,71.17,118.60,1.0000,-1,-1,-1
500,62,333.93,290.18,64.71,150.87,1.0000,-1,-1,-1
500,63,270.99,107.60,64.27,129.85,1.0000,-1,-1,-1
500,68,956.47,286.77,74.39,154.54,1.0000,-1,-1,-1
500,70,619.51,238.66,103.33,134.11,1.0000,-1,-1,-1
500,71,917.58,256.67,78.82,149.54,1.0000,-1,-1,-1
500,72,526.46,126.43,49.23,136.19,1.0000,-1,-1,-1
501,48,714.13,504.70,70.14,118.06,1.0000,-1,-1,-1
501,62,327.79,294.38,67.23,152.52,1.0000,-1,-1,-1
501,63,272.58,108.14,64.35,130.00,1.0000,-1,-1,-1
501,68,951.62,290.15,75.53,152.96,1.0000,-1,-1,-1
501,70,621.14,238.22,104.01,134.99,1.0000,-1,-1,-1
501,71,919.99,256.48,79.01,149.90,1.0000,-1,-1,-1
501,72,528.80,124.21,49.15,135.95,1.0000,-1,-1,-1
501,76,562.06,267.23,53.49,162.45,1.0000,-1,-1,-1
502,48,712.41,505.51,69.09,117.39,1.0000,-1,-1,-1
502,62,324.54,297.15,68.91,153.57,1.0000,-1,-1,-1
502,63,274.17,108.69,64.43,130.16,1.0000,-1,-1,-1
502,68,951.99,291.64,75.57,153.05,1.0000,-1,-1,-1
502,70,622.77,237.78,104.68,135.86,1.0000,-1,-1,-1
502,71,922.40,256.28,79.20,150.27,1.0000,-1,-1,-1
502,72,531.14,121.98,49.06,135.72,1.0000,-1,-1,-1
502,76,561.53,267.28,53.67,161.61,1.0000,-1,-1,-1
503,48,711.12,506.88,68.57,117.45,1.0000,-1,-1,-1
503,62,323.62,299.61,68.97,153.09,1.0000,-1,-1,-1
503,63,275.76,109.23,64.50,130.31,1.0000,-1,-1,-1
503,68,952.36,293.14,75.61,153.13,1.0000,-1,-1,-1
503,70,624.40,237.35,105.35,136.73,1.0000,-1,-1,-1
503,71,924.80,256.09,79.39,150.63,1.0000,-1,-1,-1
503,72,533.48,119.76,48.97,135.48,1.0000,-1,-1,-1
503,73,690.56,189.85,92.67,155.27,1.0000,-1,-1,-1
503,76,560.68,265.23,54.17,160.65,1.0000,-1,-1,-1
504,48,707.13,508.30,67.84,116.42,1.0000,-1,-1,-1
504,62,322.33,302.77,68.39,152.09,1.0000,-1,-1,-1
504,63,277.35,109.77,64.58,130.47,1.0000,-1,-1,-1
504,68,952.73,294.64,75.66,153.22,1.0000,-1,-1,-1
504,70,626.03,236.91,106.01,137.59,1.0000,-1,-1,-1
504,71,927.21,255.89,79.58,150.99,1.0000,-1,-1,-1
504,72,535.82,117.54,48.89,135.24,1.0000,-1,-1,-1
504,73,689.24,189.94,92.89,155.64,1.0000,-1,-1,-1
504,76,556.92,267.30,56.25,161.24,1.0000,-1,-1,-1
505,48,703.57,509.44,67.29,115.12,1.0000,-1,-1,-1
505,62,321.85,303.76,67.42,151.21,1.0000,-1,-1,-1
505,63,278.94,110.32,64.66,130.62,1.0000,-1,-1,-1
505,68,921.47,296.24,90.03,152.85,1.0000,-1,-1,-1
505,70,627.67,236.48,106.67,138.45,1.0000,-1,-1,-1
505,71,929.62,255.70,79.77,151.35,1.0000,-1,-1,-1
505,72,538.16,115.32,48.80,135.00,1.0000,-1,-1,-1
505,73,687.92,190.03,93.11,156.00,1.0000,-1,-1,-1
505,76,555.95,268.92,57.15,159.77,1.0000,-1,-1,-1
506,48,700.26,510.20,67.52,112.65,1.0000,-1,-1,-1
506,62,320.70,304.52,65.93,151.30,1.0000,-1,-1,-1
506,63,286.38,125.82,68.64,128.37,1.0000,-1,-1,-1
506,68,919.62,297.49,92.28,152.43,1.0000,-1,-1,-1
506,70,629.30,236.05,107.33,139.30,1.0000,-1,-1,-1
506,71,932.03,255.51,79.96,151.71,1.0000,-1,-1,-1
506,72,540.50,113.10,48.71,134.76,1.0000,-1,-1,-1
506,73,686.60,190.12,93.33,156.37,1.0000,-1,-1,-1
506,76,554.62,273.18,58.18,158.27,1.0000,-1,-1,-1
507,48,697.31,511.29,66.60,110.96,1.0000,-1,-1,-1
507,62,318.57,305.30,65.25,152.30,1.0000,-1,-1,-1
507,63,286.98,127.50,70.23,128.09,1.0000,-1,-1,-1
507,68,918.07,298.84,92.45,152.69,1.0000,-1,-1,-1
507,70,630.94,235.63,107.98,140.14,1.0000,-1,-1,-1
507,71,934.44,255.32,80.15,152.07,1.0000,-1,-1,-1
507,72,542.84,110.88,48.63,134.52,1.0000,-1,-1,-1
507,73,673.95,195.65,95.16,153.21,1.0000,-1,-1,-1
507,76,555.93,276.35,57.57,156.08,1.0000,-1,-1,-1
508,48,691.89,513.02,67.07,108.97,1.0000,-1,-1,-1
508,62,314.57,306.53,66.05,153.86,1.0000,-1,-1,-1
508,63,288.99,128.89,70.33,128.28,1.0000,-1,-1,-1
508,68,911.39,299.64,95.17,152.55,1.0000,-1,-1,-1
508,70,632.59,235.20,108.63,140.98,1.0000,-1,-1,-1
508,71,936.85,255.12,80.34,152.43,1.0000,-1,-1,-1
508,72,545.19,108.66,48.54,134.28,1.0000,-1,-1,-1
508,73,670.88,197.83,93.44,151.44,1.0000,-1,-1,-1
508,76,556.95,278.79,56.75,155.78,1.0000,-1,-1,-1
509,48,683.87,514.34,67.25,107.89,1.0000,-1,-1,-1
509,62,308.02,311.73,68.30,155.81,1.0000,-1,-1,-1
509,63,291.00,130.29,70.43,128.46,1.0000,-1,-1,-1
509,68,909.50,300.92,95.35,152.84,1.0000,-1,-1,-1
509,70,634.23,234.78,109.27,141.82,1.0000,-1,-1,-1
509,71,939.25,254.93,80.53,152.79,1.0000,-1,-1,-1
509,72,547.53,106.45,48.45,134.04,1.0000,-1,-1,-1
509,73,668.40,198.46,93.54,151.60,1.0000,-1,-1,-1
509,76,556.50,280.01,56.77,155.83,1.0000,-1,-1,-1
510,48,679.47,515.13,66.13,106.82,1.0000,-1,-1,-1
510,62,303.92,315.55,70.31,157.22,1.0000,-1,-1,-1
510,63,293.01,131.69,70.53,128.65,1.0000,-1,-1,-1
510,68,907.60,302.19,95.53,153.12,1.0000,-1,-1,-1
510,70,635.87,234.36,109.91,142.65,1.0000,-1,-1,-1
510,71,941.66,254.74,80.72,153.15,1.0000,-1,-1,-1
510,72,549.87,104.23,48.37,133.80,1.0000,-1,-1,-1
510,73,665.92,199.08,93.64,151.77,1.0000,-1,-1,-1
510,76,556.06,281.24,56.78,155.88,1.0000,-1,-1,-1
511,48,674.26,515.66,65.12,106.24,1.0000,-1,-1,-1
511,62,300.37,321.18,71.54,158.84,1.0000,-1,-1,-1
511,63,290.95,132.70,77.04,127.38,1.0000,-1,-1,-1
511,68,905.71,303.47,95.71,153.41,1.0000,-1,-1,-1
511,70,637.52,233.95,110.55,143.48,1.0000,-1,-1,-1
511,71,944.07,254.55,80.91,153.51,1.0000,-1,-1,-1
511,72,552.21,102.01,48.28,133.56,1.0000,-1,-1,-1
511,73,663.44,199.71,93.75,151.94,1.0000,-1,-1,-1
511,76,555.62,282.46,56.80,155.93,1.0000,-1,-1,-1
512,48,671.90,516.14,65.08,106.16,1.0000,-1,-1,-1
512,62,296.77,326.23,72.97,160.48,1.0000,-1,-1,-1
512,63,292.88,133.99,77.18,127.61,1.0000,-1,-1,-1
512,68,903.82,304.75,95.89,153.70,1.0000,-1,-1,-1
512,70,639.17,233.53,111.18,144.30,1.0000,-1,-1,-1
512,71,946.48,254.36,81.10,153.86,1.0000,-1,-1,-1
512,72,554.55,99.79,48.19,133.32,1.0000,-1,-1,-1
512,73,660.96,200.33,93.85,152.11,1.0000,-1,-1,-1
512,76,555.17,283.69,56.82,155.98,1.0000,-1,-1,-1
513,48,669.53,516.63,65.03,106.09,1.0000,-1,-1,-1
513,62,293.73,330.34,74.29,162.22,1.0000,-1,-1,-1
513,63,294.80,135.28,77.32,127.83,1.0000,-1,-1,-1
513,68,900.67,304.37,86.01,153.89,1.0000,-1,-1,-1
513,70,640.82,233.12,111.81,145.11,1.0000,-1,-1,-1
513,71,948.89,254.17,81.28,154.22,1.0000,-1,-1,-1
513,72,556.90,97.57,48.10,133.07,1.0000,-1,-1,-1
513,73,658.48,200.96,93.95,152.27,1.0000,-1,-1,-1
513,76,554.73,284.91,56.84,156.03,1.0000,-1,-1,-1
514,48,667.17,517.12,64.98,106.01,1.0000,-1,-1,-1
514,62,290.90,334.82,74.63,162.86,1.0000,-1,-1,-1
514,63,296.73,136.57,77.45,128.05,1.0000,-1,-1,-1
514,68,898.34,305.57,86.12,154.08,1.0000,-1,-1,-1
514,70,642.47,232.71,112.43,145.92,1.0000,-1,-1,-1
514,71,951.30,253.98,81.47,154.57,1.0000,-1,-1,-1
514,72,559.24,95.35,48.02,132.83,1.0000,-1,-1,-1
514,73,656.00,201.58,94.06,152.44,1.0000,-1,-1,-1
514,76,554.28,286.13,56.85,156.07,1.0000,-1,-1,-1
515,48,664.81,517.60,64.94,105.94,1.0000,-1,-1,-1
515,62,289.19,337.52,74.33,163.23,1.0000,-1,-1,-1
515,63,298.66,137.86,77.59,128.28,1.0000,-1,-1,-1
515,68,896.00,306.76,86.22,154.27,1.0000,-1,-1,-1
515,71,953.71,253.79,81.65,154.92,1.0000,-1,-1,-1
515,72,561.58,93.14,47.93,132.59,1.0000,-1,-1,-1
515,73,653.52,202.20,94.16,152.61,1.0000,-1,-1,-1
515,76,553.84,287.36,56.87,156.12,1.0000,-1,-1,-1
516,48,662.45,518.09,64.89,105.86,1.0000,-1,-1,-1
516,62,287.73,340.66,73.67,163.40,1.0000,-1,-1,-1
516,63,300.58,139.15,77.72,128.50,1.0000,-1,-1,-1
516,68,893.67,307.96,86.33,154.46,1.0000,-1,-1,-1
516,71,956.12,253.61,81.84,155.28,1.0000,-1,-1,-1
516,72,563.92,90.92,47.84,132.34,1.0000,-1,-1,-1
516,73,651.05,202.83,94.26,152.77,1.0000,-1,-1,-1
516,76,553.40,288.58,56.89,156.17,1.0000,-1,-1,-1
517,48,660.08,518.58,64.85,105.79,1.0000,-1,-1,-1
517,62,287.18,342.97,72.52,163.02,1.0000,-1,-1,-1
517,63,302.51,140.44,77.85,128.72,1.0000,-1,-1,-1
517,68,891.33,309.16,86.44,154.65,1.0000,-1,-1,-1
517,71,958.53,253.42,82.03,155.63,1.0000,-1,-1,-1
517,72,566.26,88.70,47.75,132.10,1.0000,-1,-1,-1
517,73,648.57,203.45,94.37,152.94,1.0000,-1,-1,-1
517,76,552.95,289.81,56.91,156.22,1.0000,-1,-1,-1
518,48,657.72,519.06,64.80,105.71,1.0000,-1,-1,-1
518,62,287.14,344.82,71.59,163.17,1.0000,-1,-1,-1
518,63,304.43,141.73,77.99,128.94,1.0000,-1,-1,-1
518,68,889.00,310.35,86.54,154.84,1.0000,-1,-1,-1
518,71,960.94,253.23,82.21,155.98,1.0000,-1,-1,-1
518,73,646.09,204.08,94.47,153.11,1.0000,-1,-1,-1
518,76,552.51,291.03,56.93,156.27,1.0000,-1,-1,-1
518,77,601.53,198.64,64.26,155.86,1.0000,-1,-1,-1
519,48,655.36,519.55,64.75,105.64,1.0000,-1,-1,-1
519,62,287.58,346.51,69.86,162.25,1.0000,-1,-1,-1
519,63,306.36,143.02,78.12,129.16,1.0000,-1,-1,-1
519,68,886.66,311.55,86.65,155.03,1.0000,-1,-1,-1
519,71,963.35,253.04,82.40,156.33,1.0000,-1,-1,-1
519,73,643.61,204.70,94.57,153.27,1.0000,-1,-1,-1
519,76,552.06,292.26,56.94,156.32,1.0000,-1,-1,-1
519,77,595.44,195.15,66.96,162.40,1.0000,-1,-1,-1
520,48,652.99,520.04,64.71,105.56,1.0000,-1,-1,-1
520,62,288.59,348.33,68.48,162.05,1.0000,-1,-1,-1
520,63,308.28,144.31,78.26,129.38,1.0000,-1,-1,-1
520,68,884.33,312.75,86.75,155.22,1.0000,-1,-1,-1
520,71,965.77,252.86,82.58,156.68,1.0000,-1,-1,-1
520,73,641.13,205.33,94.67,153.44,1.0000,-1,-1,-1
520,76,551.62,293.48,56.96,156.37,1.0000,-1,-1,-1
520,77,589.40,191.78,69.55,168.68,1.0000,-1,-1,-1
521,48,650.63,520.53,64.66,105.49,1.0000,-1,-1,-1
521,62,289.30,350.83,66.91,161.43,1.0000,-1,-1,-1
521,63,310.21,145.60,78.39,129.61,1.0000,-1,-1,-1
521,68,881.99,313.94,86.86,155.41,1.0000,-1,-1,-1
521,71,968.18,252.67,82.76,157.02,1.0000,-1,-1,-1
521,73,638.65,205.95,94.78,153.61,1.0000,-1,-1,-1
521,76,551.18,294.71,56.98,156.42,1.0000,-1,-1,-1
521,77,583.40,188.53,72.05,174.74,1.0000,-1,-1,-1
522,48,648.27,521.01,64.62,105.41,1.0000,-1,-1,-1
522,62,289.88,353.65,65.99,162.02,1.0000,-1,-1,-1
522,63,312.14,146.89,78.52,129.83,1.0000,-1,-1,-1
522,68,879.66,315.14,86.96,155.60,1.0000,-1,-1,-1
522,71,970.59,252.48,82.95,157.37,1.0000,-1,-1,-1
522,73,636.17,206.58,94.88,153.77,1.0000,-1,-1,-1
522,76,550.73,295.93,57.00,156.47,1.0000,-1,-1,-1
522,77,577.45,185.37,74.46,180.60,1.0000,-1,-1,-1
523,48,645.91,521.50,64.57,105.33,1.0000,-1,-1,-1
523,62,291.08,357.33,65.23,162.72,1.0000,-1,-1,-1
523,63,314.06,148.18,78.66,130.05,1.0000,-1,-1,-1
523,68,877.32,316.34,87.07,155.78,1.0000,-1,-1,-1
523,71,973.00,252.30,83.13,157.72,1.0000,-1,-1,-1
523,73,633.69,207.20,94.98,153.94,1.0000,-1,-1,-1
523,76,550.29,297.16,57.01,156.51,1.0000,-1,-1,-1
523,77,571.53,182.31,76.80,186.27,1.0000,-1,-1,-1
524,48,643.54,521.99,64.52,105.26,1.0000,-1,-1,-1
524,62,292.36,363.05,65.08,164.65,1.0000,-1,-1,-1
524,63,315.99,149.47,78.79,130.26,1.0000,-1,-1,-1
524,68,874.98,317.53,87.18,155.97,1.0000,-1,-1,-1
524,71,975.41,252.11,83.31,158.07,1.0000,-1,-1,-1
524,73,631.22,207.83,95.08,154.10,1.0000,-1,-1,-1
524,76,549.84,298.38,57.03,156.56,1.0000,-1,-1,-1
524,77,565.65,179.33,79.07,191.77,1.0000,-1,-1,-1
525,48,641.18,522.47,64.48,105.18,1.0000,-1,-1,-1
525,62,292.50,366.85,65.05,165.75,1.0000,-1,-1,-1
525,63,317.92,150.76,78.92,130.48,1.0000,-1,-1,-1
525,68,872.65,318.73,87.28,156.16,1.0000,-1,-1,-1
525,73,628.74,208.45,95.18,154.27,1.0000,-1,-1,-1
525,76,549.40,299.61,57.05,156.61,1.0000,-1,-1,-1
525,77,559.80,176.43,81.27,197.12,1.0000,-1,-1,-1
526,48,638.82,522.96,64.43,105.11,1.0000,-1,-1,-1
526,62,292.32,369.52,65.23,166.67,1.0000,-1,-1,-1
526,63,319.84,152.05,79.05,130.70,1.0000,-1,-1,-1
526,68,870.31,319.93,87.39,156.35,1.0000,-1,-1,-1
526,73,626.26,209.08,95.29,154.43,1.0000,-1,-1,-1
526,76,548.96,300.83,57.07,156.66,1.0000,-1,-1,-1
526,77,553.98,173.60,83.42,202.33,1.0000,-1,-1,-1
527,48,636.45,523.45,64.38,105.03,1.0000,-1,-1,-1
527,62,293.05,371.37,64.58,167.70,1.0000,-1,-1,-1
527,63,321.77,153.34,79.19,130.92,1.0000,-1,-1,-1
527,68,867.98,321.12,87.49,156.54,1.0000,-1,-1,-1
527,73,623.78,209.71,95.39,154.60,1.0000,-1,-1,-1
527,76,548.51,302.06,57.09,156.71,1.0000,-1,-1,-1
527,77,548.19,170.84,85.52,207.41,1.0000,-1,-1,-1
528,48,634.09,523.94,64.34,104.96,1.0000,-1,-1,-1
528,62,293.49,373.26,64.11,168.09,1.0000,-1,-1,-1
528,63,323.70,154.63,79.32,131.14,1.0000,-1,-1,-1
528,68,865.65,322.32,87.60,156.72,1.0000,-1,-1,-1
528,73,621.30,210.33,95.49,154.76,1.0000,-1,-1,-1
528,76,548.07,303.28,57.10,156.76,1.0000,-1,-1,-1
528,77,542.42,168.13,87.56,212.36,1.0000,-1,-1,-1
529,48,631.73,524.42,64.29,104.88,1.0000,-1,-1,-1
529,62,293.21,375.48,64.22,167.97,1.0000,-1,-1,-1
529,63,325.62,155.93,79.45,131.36,1.0000,-1,-1,-1
529,68,863.31,323.52,87.70,156.91,1.0000,-1,-1,-1
529,73,618.83,210.96,95.59,154.92,1.0000,-1,-1,-1
529,76,547.62,304.51,57.12,156.81,1.0000,-1,-1,-1
529,77,536.67,165.49,89.56,217.21,1.0000,-1,-1,-1
530,48,629.37,524.91,64.25,104.81,1.0000,-1,-1,-1
530,62,293.44,376.43,64.11,167.81,1.0000,-1,-1,-1
530,63,327.55,157.22,79.58,131.57,1.0000,-1,-1,-1
530,68,860.98,324.72,87.80,157.10,1.0000,-1,-1,-1
530,73,616.35,211.58,95.69,155.09,1.0000,-1,-1,-1
530,76,547.18,305.73,57.14,156.86,1.0000,-1,-1,-1
530,77,530.95,162.89,91.51,221.94,1.0000,-1,-1,-1
531,48,627.00,525.40,64.20,104.73,1.0000,-1,-1,-1
531,62,294.18,376.67,63.71,167.35,1.0000,-1,-1,-1
531,63,329.48,158.51,79.71,131.79,1.0000,-1,-1,-1
531,68,858.64,325.92,87.91,157.28,1.0000,-1,-1,-1
531,73,613.87,212.21,95.79,155.25,1.0000,-1,-1,-1
531,76,546.74,306.96,57.16,156.90,1.0000,-1,-1,-1
531,77,525.25,160.35,93.42,226.58,1.0000,-1,-1,-1
532,48,624.64,525.89,64.15,104.65,1.0000,-1,-1,-1
532,62,294.70,376.58,63.33,166.67,1.0000,-1,-1,-1
532,63,331.41,159.80,79.84,132.01,1.0000,-1,-1,-1
532,68,856.31,327.11,88.01,157.47,1.0000,-1,-1,-1
532,73,611.39,212.84,95.89,155.42,1.0000,-1,-1,-1
532,76,567.10,296.76,56.41,147.54,1.0000,-1,-1,-1
532,77,519.57,157.85,95.30,231.13,1.0000,-1,-1,-1
533,48,622.28,526.37,64.11,104.58,1.0000,-1,-1,-1
533,62,294.99,376.92,63.39,166.24,1.0000,-1,-1,-1
533,63,333.33,161.09,79.97,132.22,1.0000,-1,-1,-1
533,68,853.97,328.31,88.12,157.66,1.0000,-1,-1,-1
533,73,608.91,213.46,95.99,155.58,1.0000,-1,-1,-1
533,76,568.11,296.93,56.37,147.01,1.0000,-1,-1,-1
533,77,513.90,155.39,97.13,235.59,1.0000,-1,-1,-1
534,48,619.92,526.86,64.06,104.50,1.0000,-1,-1,-1
534,62,295.30,380.34,64.92,166.12,1.0000,-1,-1,-1
534,63,335.26,162.39,80.10,132.44,1.0000,-1,-1,-1
534,68,885.12,348.46,62.06,154.93,1.0000,-1,-1,-1
534,73,606.43,214.09,96.10,155.74,1.0000,-1,-1,-1
534,76,570.05,296.72,56.28,146.63,1.0000,-1,-1,-1
534,77,508.25,152.98,98.94,239.96,1.0000,-1,-1,-1
535,48,617.55,527.35,64.01,104.43,1.0000,-1,-1,-1
535,62,294.33,382.79,66.87,165.99,1.0000,-1,-1,-1
535,63,337.19,163.68,80.23,132.65,1.0000,-1,-1,-1
535,68,887.10,351.31,58.69,155.60,1.0000,-1,-1,-1
535,73,603.96,214.71,96.20,155.91,1.0000,-1,-1,-1
535,76,572.50,296.66,55.83,146.25,1.0000,-1,-1,-1
535,77,502.62,150.61,100.71,244.26,1.0000,-1,-1,-1
536,48,615.19,527.84,63.97,104.35,1.0000,-1,-1,-1
536,62,294.36,385.68,68.89,165.64,1.0000,-1,-1,-1
536,63,339.12,164.97,80.36,132.87,1.0000,-1,-1,-1
536,68,885.88,353.55,58.62,155.41,1.0000,-1,-1,-1
536,73,601.48,215.34,96.30,156.07,1.0000,-1,-1,-1
536,76,573.97,297.13,56.14,146.84,1.0000,-1,-1,-1
536,77,497.00,148.27,102.45,248.48,1.0000,-1,-1,-1
537,48,612.83,528.32,63.92,104.27,1.0000,-1,-1,-1
537,62,293.74,389.37,71.76,166.04,1.0000,-1,-1,-1
537,63,341.04,166.27,80.49,133.08,1.0000,-1,-1,-1
537,68,884.66,355.80,58.55,155.21,1.0000,-1,-1,-1
537,73,599.00,215.97,96.40,156.23,1.0000,-1,-1,-1
537,76,576.64,297.15,56.50,148.43,1.0000,-1,-1,-1
537,77,491.40,145.97,104.16,252.63,1.0000,-1,-1,-1
538,48,610.47,528.81,63.87,104.20,1.0000,-1,-1,-1
538,62,292.45,391.97,74.65,166.20,1.0000,-1,-1,-1
538,63,342.97,167.56,80.62,133.30,1.0000,-1,-1,-1
538,68,888.51,357.62,62.80,159.68,1.0000,-1,-1,-1
538,73,596.52,216.59,96.50,156.40,1.0000,-1,-1,-1
538,76,578.94,296.61,56.46,149.27,1.0000,-1,-1,-1
538,77,485.81,143.70,105.85,256.72,1.0000,-1,-1,-1
539,48,608.10,529.30,63.83,104.12,1.0000,-1,-1,-1
539,62,293.14,395.19,77.57,166.23,1.0000,-1,-1,-1
539,63,344.90,168.85,80.75,133.51,1.0000,-1,-1,-1
539,68,887.91,359.98,62.77,159.59,1.0000,-1,-1,-1
539,76,582.37,295.73,57.38,150.08,1.0000,-1,-1,-1
539,77,480.24,141.46,107.50,260.74,1.0000,-1,-1,-1
540,48,605.74,529.79,63.78,104.04,1.0000,-1,-1,-1
540,62,294.42,397.90,79.32,165.75,1.0000,-1,-1,-1
540,63,346.83,170.15,80.88,133.73,1.0000,-1,-1,-1
540,68,887.32,362.34,62.73,159.50,1.0000,-1,-1,-1
540,76,584.18,295.45,58.40,151.64,1.0000,-1,-1,-1
540,77,474.67,139.26,109.14,264.70,1.0000,-1,-1,-1
541,48,603.38,530.27,63.73,103.97,1.0000,-1,-1,-1
541,62,297.99,399.59,79.40,164.85,1.0000,-1,-1,-1
541,63,348.76,171.44,81.01,133.94,1.0000,-1,-1,-1
541,68,886.72,364.70,62.69,159.41,1.0000,-1,-1,-1
541,76,585.85,295.27,58.88,152.81,1.0000,-1,-1,-1
541,77,469.12,137.08,110.75,268.60,1.0000,-1,-1,-1
542,62,302.01,400.55,78.56,163.98,1.0000,-1,-1,-1
542,68,886.13,367.07,62.66,159.32,1.0000,-1,-1,-1
542,76,587.87,294.84,58.68,152.89,1.0000,-1,-1,-1
542,77,463.58,134.93,112.33,272.44,1.0000,-1,-1,-1
543,62,305.42,400.88,77.72,163.63,1.0000,-1,-1,-1
543,68,885.53,369.43,62.62,159.22,1.0000,-1,-1,-1
543,76,590.56,294.52,58.80,152.89,1.0000,-1,-1,-1
543,77,458.06,132.81,113.89,276.24,1.0000,-1,-1,-1
544,62,308.08,400.46,77.26,163.36,1.0000,-1,-1,-1
544,68,884.94,371.79,62.59,159.13,1.0000,-1,-1,-1
544,76,593.55,293.91,59.52,153.05,1.0000,-1,-1,-1
544,77,452.54,130.71,115.44,279.98,1.0000,-1,-1,-1
545,62,309.82,400.88,76.91,163.70,1.0000,-1,-1,-1
545,68,884.34,374.15,62.55,159.04,1.0000,-1,-1,-1
545,76,594.90,293.37,60.91,153.37,1.0000,-1,-1,-1
545,77,447.03,128.64,116.96,283.67,1.0000,-1,-1,-1
546,62,311.75,401.66,76.66,164.03,1.0000,-1,-1,-1
546,68,883.74,376.51,62.51,158.95,1.0000,-1,-1,-1
546,76,596.63,292.47,62.06,153.87,1.0000,-1,-1,-1
546,77,441.53,126.59,118.46,287.31,1.0000,-1,-1,-1
546,84,499.39,519.02,56.58,64.48,1.0000,-1,-1,-1
547,62,313.63,403.68,76.18,164.56,1.0000,-1,-1,-1
547,68,883.15,378.88,62.48,158.85,1.0000,-1,-1,-1
547,76,598.11,291.28,62.99,153.46,1.0000,-1,-1,-1
547,77,436.05,124.57,119.94,290.91,1.0000,-1,-1,-1
547,84,493.97,517.98,58.40,65.52,1.0000,-1,-1,-1
548,62,314.96,405.54,75.44,164.50,1.0000,-1,-1,-1
548,68,882.55,381.24,62.44,158.76,1.0000,-1,-1,-1
548,76,599.01,291.10,63.79,153.95,1.0000,-1,-1,-1
548,77,430.57,122.57,121.41,294.46,1.0000,-1,-1,-1
548,84,489.01,517.70,59.95,65.89,1.0000,-1,-1,-1
549,62,318.84,408.65,73.25,164.26,1.0000,-1,-1,-1
549,68,881.96,383.60,62.40,158.67,1.0000,-1,-1,-1
549,76,599.66,291.09,64.63,155.01,1.0000,-1,-1,-1
549,84,484.17,516.74,61.04,67.09,1.0000,-1,-1,-1
550,62,322.28,410.79,71.65,164.12,1.0000,-1,-1,-1
550,68,881.36,385.96,62.37,158.58,1.0000,-1,-1,-1
550,76,599.96,289.89,65.22,155.11,1.0000,-1,-1,-1
550,84,479.34,515.78,62.10,68.26,1.0000,-1,-1,-1
551,62,324.57,412.24,70.57,163.98,1.0000,-1,-1,-1
551,68,880.77,388.33,62.33,158.48,1.0000,-1,-1,-1
551,76,601.59,289.65,65.31,155.33,1.0000,-1,-1,-1
551,84,474.51,514.83,63.15,69.42,1.0000,-1,-1,-1
552,62,326.13,413.61,70.78,164.42,1.0000,-1,-1,-1
552,68,880.17,390.69,62.29,158.39,1.0000,-1,-1,-1
552,76,603.21,289.41,65.41,155.55,1.0000,-1,-1,-1
552,84,469.70,513.89,64.19,70.55,1.0000,-1,-1,-1
553,62,326.02,415.03,71.57,165.13,1.0000,-1,-1,-1
553,68,879.58,393.05,62.26,158.30,1.0000,-1,-1,-1
553,76,600.56,288.53,67.09,156.90,1.0000,-1,-1,-1
553,84,464.90,512.96,65.20,71.67,1.0000,-1,-1,-1
554,62,326.12,415.98,73.29,164.20,1.0000,-1,-1,-1
554,68,878.98,395.41,62.22,158.20,1.0000,-1,-1,-1
554,76,600.64,286.11,68.10,157.38,1.0000,-1,-1,-1
554,84,451.20,506.20,70.23,78.07,1.0000,-1,-1,-1
555,62,326.80,416.23,74.37,163.81,1.0000,-1,-1,-1
555,68,878.39,397.78,62.18,158.11,1.0000,-1,-1,-1
555,76,601.89,285.65,68.22,157.66,1.0000,-1,-1,-1
555,84,448.29,504.96,69.58,79.16,1.0000,-1,-1,-1
556,62,328.69,415.60,74.33,162.91,1.0000,-1,-1,-1
556,68,877.79,400.14,62.15,158.02,1.0000,-1,-1,-1
556,76,603.13,285.20,68.35,157.94,1.0000,-1,-1,-1
556,84,442.76,503.50,70.84,80.59,1.0000,-1,-1,-1
557,62,331.71,414.32,73.38,162.53,1.0000,-1,-1,-1
557,68,877.20,402.50,62.11,157.92,1.0000,-1,-1,-1
557,76,604.38,284.74,68.47,158.23,1.0000,-1,-1,-1
557,84,445.87,502.59,66.21,80.82,1.0000,-1,-1,-1
558,62,335.01,413.36,71.94,162.73,1.0000,-1,-1,-1
558,68,876.60,404.86,62.07,157.83,1.0000,-1,-1,-1
558,76,605.63,284.28,68.59,158.51,1.0000,-1,-1,-1
558,84,444.94,500.82,63.18,82.97,1.0000,-1,-1,-1
559,62,335.98,412.06,71.85,164.59,1.0000,-1,-1,-1
559,68,876.01,407.23,62.04,157.74,1.0000,-1,-1,-1
559,76,606.88,283.83,68.71,158.79,1.0000,-1,-1,-1
559,84,440.47,499.56,63.96,83.99,1.0000,-1,-1,-1
560,62,335.85,411.20,72.47,167.06,1.0000,-1,-1,-1
560,68,875.41,409.59,62.00,157.64,1.0000,-1,-1,-1
560,76,602.30,282.88,76.69,154.85,1.0000,-1,-1,-1
560,84,436.00,498.32,64.72,84.99,1.0000,-1,-1,-1
561,62,335.55,410.76,73.02,169.55,1.0000,-1,-1,-1
561,68,874.81,411.95,61.96,157.55,1.0000,-1,-1,-1
561,76,600.08,283.81,80.88,153.43,1.0000,-1,-1,-1
561,84,431.53,497.08,65.48,85.98,1.0000,-1,-1,-1
562,62,335.20,410.71,73.51,171.23,1.0000,-1,-1,-1
562,68,874.22,414.32,61.93,157.46,1.0000,-1,-1,-1
562,76,593.29,285.44,87.30,151.23,1.0000,-1,-1,-1
562,84,433.38,495.22,58.36,87.27,1.0000,-1,-1,-1
563,62,335.22,410.77,74.17,172.28,1.0000,-1,-1,-1
563,68,873.62,416.68,61.89,157.36,1.0000,-1,-1,-1
563,76,588.10,286.98,91.03,149.13,1.0000,-1,-1,-1
563,84,430.82,493.85,55.68,88.86,1.0000,-1,-1,-1
564,62,336.32,411.47,74.18,172.31,1.0000,-1,-1,-1
564,68,873.03,419.04,61.85,157.27,1.0000,-1,-1,-1
564,76,580.48,287.31,95.15,146.88,1.0000,-1,-1,-1
564,84,423.97,491.09,54.11,90.45,1.0000,-1,-1,-1
565,62,339.37,409.57,76.78,167.93,1.0000,-1,-1,-1
565,68,872.43,421.40,61.82,157.18,1.0000,-1,-1,-1
565,76,577.13,286.93,95.28,145.64,1.0000,-1,-1,-1
565,84,419.56,489.91,54.47,91.05,1.0000,-1,-1,-1
566,62,339.14,409.80,77.05,164.84,1.0000,-1,-1,-1
566,68,871.84,423.77,61.78,157.08,1.0000,-1,-1,-1
566,76,574.01,286.41,95.71,145.37,1.0000,-1,-1,-1
566,84,415.15,488.73,54.83,91.65,1.0000,-1,-1,-1
567,62,338.44,410.15,76.90,162.66,1.0000,-1,-1,-1
567,68,871.24,426.13,61.74,156.99,1.0000,-1,-1,-1
567,76,573.14,285.78,96.00,145.81,1.0000,-1,-1,-1
567,84,408.94,488.56,54.35,93.43,1.0000,-1,-1,-1
567,86,324.89,209.07,79.79,135.66,1.0000,-1,-1,-1
568,62,338.60,407.97,76.96,156.69,1.0000,-1,-1,-1
568,68,870.65,428.49,61.71,156.90,1.0000,-1,-1,-1
568,76,572.26,285.14,96.29,146.25,1.0000,-1,-1,-1
568,84,401.60,486.82,55.85,95.16,1.0000,-1,-1,-1
568,86,327.05,208.25,85.12,144.72,1.0000,-1,-1,-1
569,62,337.78,408.12,77.96,152.86,1.0000,-1,-1,-1
569,76,571.39,284.51,96.58,146.69,1.0000,-1,-1,-1
569,84,393.86,485.25,57.18,97.58,1.0000,-1,-1,-1
569,86,329.37,207.70,90.13,153.24,1.0000,-1,-1,-1
570,62,337.09,409.49,80.89,152.35,1.0000,-1,-1,-1
570,76,570.52,283.88,96.87,147.12,1.0000,-1,-1,-1
570,84,386.61,482.40,58.51,99.85,1.0000,-1,-1,-1
570,86,327.39,218.02,85.83,130.42,1.0000,-1,-1,-1
571,62,337.09,408.11,83.71,149.84,1.0000,-1,-1,-1
571,76,569.64,283.24,97.15,147.56,1.0000,-1,-1,-1
571,84,383.18,480.19,58.71,101.51,1.0000,-1,-1,-1
571,86,328.93,219.00,87.81,133.42,1.0000,-1,-1,-1
572,62,337.96,406.96,84.73,148.05,1.0000,-1,-1,-1
572,76,568.77,282.61,97.44,148.00,1.0000,-1,-1,-1
572,84,378.71,479.23,59.78,103.08,1.0000,-1,-1,-1
572,86,330.48,220.01,89.74,136.35,1.0000,-1,-1,-1
573,62,338.92,406.25,84.74,148.06,1.0000,-1,-1,-1
573,76,567.90,281.98,97.73,148.43,1.0000,-1,-1,-1
573,84,373.71,478.04,60.24,103.87,1.0000,-1,-1,-1
573,86,332.06,221.05,91.63,139.23,1.0000,-1,-1,-1
573,87,386.79,198.58,66.16,141.93,1.0000,-1,-1,-1
574,62,339.87,405.53,84.74,148.07,1.0000,-1,-1,-1
574,76,567.02,281.35,98.01,148.86,1.0000,-1,-1,-1
574,84,369.72,477.85,60.23,104.72,1.0000,-1,-1,-1
574,86,333.66,222.12,93.48,142.04,1.0000,-1,-1,-1
574,87,386.67,198.38,68.02,145.92,1.0000,-1,-1,-1
575,62,348.14,397.22,81.99,141.36,1.0000,-1,-1,-1
575,76,566.15,280.72,98.29,149.29,1.0000,-1,-1,-1
575,84,364.80,476.76,60.67,105.49,1.0000,-1,-1,-1
575,86,335.27,223.21,95.30,144.80,1.0000,-1,-1,-1
575,87,386.58,198.24,69.82,149.80,1.0000,-1,-1,-1
575,89,869.68,376.43,112.22,182.73,1.0000,-1,-1,-1
576,62,350.60,395.35,80.49,136.31,1.0000,-1,-1,-1
576,76,565.28,280.09,98.58,149.72,1.0000,-1,-1,-1
576,84,360.03,475.97,63.56,106.54,1.0000,-1,-1,-1
576,86,336.90,224.33,97.08,147.51,1.0000,-1,-1,-1
576,87,386.51,198.14,71.59,153.58,1.0000,-1,-1,-1
576,89,864.91,380.79,107.99,178.85,1.0000,-1,-1,-1
576,90,638.98,152.93,58.02,129.98,1.0000,-1,-1,-1
577,62,352.10,393.53,80.44,136.22,1.0000,-1,-1,-1
577,76,564.41,279.46,98.86,150.15,1.0000,-1,-1,-1
577,84,355.22,474.90,64.04,107.35,1.0000,-1,-1,-1
577,86,338.55,225.48,98.83,150.17,1.0000,-1,-1,-1
577,87,386.46,198.10,73.31,157.28,1.0000,-1,-1,-1
577,88,795.11,286.78,55.06,159.62,1.0000,-1,-1,-1
577,89,863.38,383.46,104.21,177.12,1.0000,-1,-1,-1
577,90,634.11,155.59,59.90,128.95,1.0000,-1,-1,-1
577,92,568.87,146.81,60.14,134.20,1.0000,-1,-1,-1
578,62,353.59,391.71,80.39,136.14,1.0000,-1,-1,-1
578,76,563.54,278.83,99.14,150.58,1.0000,-1,-1,-1
578,84,351.02,474.34,67.22,108.70,1.0000,-1,-1,-1
578,86,340.21,226.65,100.55,152.78,1.0000,-1,-1,-1
578,87,386.43,198.09,74.99,160.88,1.0000,-1,-1,-1
578,88,793.13,287.79,56.38,160.97,1.0000,-1,-1,-1
578,89,860.29,385.60,103.70,176.26,1.0000,-1,-1,-1
578,90,629.44,157.12,60.22,129.64,1.0000,-1,-1,-1
578,92,572.31,141.60,63.85,142.50,1.0000,-1,-1,-1
579,62,355.09,389.89,80.34,136.05,1.0000,-1,-1,-1
579,76,562.67,278.21,99.42,151.00,1.0000,-1,-1,-1
579,84,346.97,473.59,69.12,109.76,1.0000,-1,-1,-1
579,86,341.88,227.84,102.24,155.35,1.0000,-1,-1,-1
579,87,386.42,198.12,76.64,164.41,1.0000,-1,-1,-1
579,88,793.45,287.10,61.99,164.15,1.0000,-1,-1,-1
579,89,864.85,383.17,114.35,182.32,1.0000,-1,-1,-1
579,90,624.78,158.65,60.54,130.34,1.0000,-1,-1,-1
579,92,575.86,136.61,67.37,150.35,1.0000,-1,-1,-1
580,62,356.59,388.07,80.29,135.96,1.0000,-1,-1,-1
580,76,561.80,277.58,99.70,151.43,1.0000,-1,-1,-1
580,84,344.52,472.71,70.47,110.98,1.0000,-1,-1,-1
580,86,343.57,229.05,103.91,157.88,1.0000,-1,-1,-1
580,87,386.43,198.19,78.25,167.87,1.0000,-1,-1,-1
580,88,792.68,286.90,68.07,166.63,1.0000,-1,-1,-1
580,89,866.59,381.84,117.48,182.00,1.0000,-1,-1,-1
580,90,601.98,147.40,81.32,144.50,1.0000,-1,-1,-1
580,92,579.49,131.82,70.71,157.80,1.0000,-1,-1,-1
581,62,345.58,387.95,82.32,126.80,1.0000,-1,-1,-1
581,76,560.93,276.95,99.98,151.85,1.0000,-1,-1,-1
581,84,344.09,471.66,70.87,112.09,1.0000,-1,-1,-1
581,86,345.28,230.28,105.55,160.37,1.0000,-1,-1,-1
581,87,386.45,198.29,79.82,171.25,1.0000,-1,-1,-1
581,88,791.27,286.78,75.08,168.88,1.0000,-1,-1,-1
581,89,866.01,381.78,119.76,183.42,1.0000,-1,-1,-1
581,90,596.40,147.47,95.01,150.14,1.0000,-1,-1,-1
581,92,583.20,127.20,73.90,164.92,1.0000,-1,-1,-1
581,93,421.86,59.80,62.39,136.74,1.0000,-1,-1,-1
582,62,344.02,387.46,83.11,122.89,1.0000,-1,-1,-1
582,76,560.06,276.33,100.26,152.28,1.0000,-1,-1,-1
582,84,343.79,471.63,71.27,112.55,1.0000,-1,-1,-1
582,86,346.99,231.53,107.16,162.82,1.0000,-1,-1,-1
582,87,386.49,198.43,81.37,174.57,1.0000,-1,-1,-1
582,88,789.34,287.44,80.04,169.16,1.0000,-1,-1,-1
582,89,867.25,381.61,119.82,183.13,1.0000,-1,-1,-1
582,90,589.72,145.52,98.74,156.04,1.0000,-1,-1,-1
582,92,586.98,122.73,76.96,171.74,1.0000,-1,-1,-1
582,93,412.72,60.76,63.96,140.19,1.0000,-1,-1,-1
583,62,344.51,385.41,83.03,122.77,1.0000,-1,-1,-1
583,76,559.19,275.70,100.54,152.70,1.0000,-1,-1,-1
583,84,344.20,471.01,71.52,113.16,1.0000,-1,-1,-1
583,86,348.72,232.80,108.75,165.23,1.0000,-1,-1,-1
583,87,386.54,198.60,82.89,177.83,1.0000,-1,-1,-1
583,88,787.39,288.64,83.65,168.47,1.0000,-1,-1,-1
583,89,868.26,381.50,119.50,182.36,1.0000,-1,-1,-1
583,90,572.76,139.52,80.45,136.60,1.0000,-1,-1,-1
583,92,590.81,118.38,79.90,178.30,1.0000,-1,-1,-1
583,93,400.26,66.88,67.93,134.66,1.0000,-1,-1,-1
584,62,345.00,383.36,82.95,122.64,1.0000,-1,-1,-1
584,76,558.32,275.08,100.81,153.12,1.0000,-1,-1,-1
584,84,346.72,471.10,71.76,113.28,1.0000,-1,-1,-1
584,86,350.46,234.09,110.31,167.61,1.0000,-1,-1,-1
584,87,386.61,198.80,84.38,181.03,1.0000,-1,-1,-1
584,88,785.11,290.49,85.79,166.24,1.0000,-1,-1,-1
584,89,869.36,381.46,119.13,181.14,1.0000,-1,-1,-1
584,90,564.20,136.94,81.85,138.98,1.0000,-1,-1,-1
584,92,594.70,114.16,82.73,184.63,1.0000,-1,-1,-1
584,93,390.68,67.66,72.11,134.58,1.0000,-1,-1,-1
585,62,345.49,381.31,82.86,122.52,1.0000,-1,-1,-1
585,76,557.46,274.45,101.09,153.54,1.0000,-1,-1,-1
585,84,343.94,470.29,72.28,114.09,1.0000,-1,-1,-1
585,86,352.21,235.39,111.86,169.95,1.0000,-1,-1,-1
585,87,386.69,199.02,85.84,184.17,1.0000,-1,-1,-1
585,88,783.56,292.36,85.70,163.56,1.0000,-1,-1,-1
585,89,870.23,382.43,119.10,180.41,1.0000,-1,-1,-1
585,90,555.65,134.39,83.23,141.32,1.0000,-1,-1,-1
585,92,598.63,110.03,85.47,190.75,1.0000,-1,-1,-1
585,93,385.76,72.76,73.64,130.26,1.0000,-1,-1,-1
586,62,345.98,379.26,82.78,122.40,1.0000,-1,-1,-1
586,76,556.59,273.83,101.36,153.96,1.0000,-1,-1,-1
586,84,350.38,474.00,73.01,111.89,1.0000,-1,-1,-1
586,86,353.97,236.71,113.38,172.27,1.0000,-1,-1,-1
586,87,386.78,199.27,87.28,187.26,1.0000,-1,-1,-1
586,88,784.21,294.78,85.12,162.13,1.0000,-1,-1,-1
586,89,871.63,383.82,118.55,179.97,1.0000,-1,-1,-1
586,90,547.11,131.86,84.59,143.62,1.0000,-1,-1,-1
586,92,602.61,106.01,88.13,196.68,1.0000,-1,-1,-1
586,93,383.99,73.81,73.98,127.24,1.0000,-1,-1,-1
587,62,346.47,377.21,82.70,122.27,1.0000,-1,-1,-1
587,76,555.72,273.21,101.64,154.37,1.0000,-1,-1,-1
587,84,352.48,475.76,74.36,110.13,1.0000,-1,-1,-1
587,86,355.74,238.05,114.88,174.55,1.0000,-1,-1,-1
587,87,386.88,199.55,88.70,190.30,1.0000,-1,-1,-1
587,88,785.37,296.31,83.63,160.79,1.0000,-1,-1,-1
587,89,873.64,385.47,118.16,179.69,1.0000,-1,-1,-1
587,90,538.58,129.34,85.92,145.89,1.0000,-1,-1,-1
587,92,606.63,102.06,90.71,202.43,1.0000,-1,-1,-1
587,93,382.73,73.85,74.59,126.14,1.0000,-1,-1,-1
588,62,346.97,375.16,82.61,122.15,1.0000,-1,-1,-1
588,76,554.85,272.58,101.91,154.79,1.0000,-1,-1,-1
588,84,356.12,477.14,74.81,108.70,1.0000,-1,-1,-1
588,86,357.52,239.39,116.36,176.80,1.0000,-1,-1,-1
588,87,387.00,199.85,90.10,193.29,1.0000,-1,-1,-1
588,88,784.87,296.04,84.80,163.03,1.0000,-1,-1,-1
588,89,875.76,387.36,117.75,180.17,1.0000,-1,-1,-1
588,90,530.06,126.84,87.23,148.12,1.0000,-1,-1,-1
588,92,610.68,98.20,93.22,208.03,1.0000,-1,-1,-1
588,93,382.42,75.00,74.54,125.67,1.0000,-1,-1,-1
589,62,347.46,373.11,82.53,122.03,1.0000,-1,-1,-1
589,76,553.99,271.96,102.19,155.20,1.0000,-1,-1,-1
589,84,361.60,478.30,74.98,107.39,1.0000,-1,-1,-1
589,86,359.31,240.76,117.83,179.03,1.0000,-1,-1,-1
589,87,387.12,200.18,91.47,196.24,1.0000,-1,-1,-1
589,88,784.39,295.79,85.94,165.24,1.0000,-1,-1,-1
589,89,881.42,389.75,116.05,179.79,1.0000,-1,-1,-1
589,90,521.55,124.36,88.53,150.31,1.0000,-1,-1,-1
589,92,614.76,94.42,95.66,213.48,1.0000,-1,-1,-1
589,93,383.01,75.88,73.73,124.85,1.0000,-1,-1,-1
590,62,347.95,371.07,82.45,121.90,1.0000,-1,-1,-1
590,76,553.12,271.34,102.46,155.62,1.0000,-1,-1,-1
590,84,365.56,477.68,74.69,107.28,1.0000,-1,-1,-1
590,86,361.11,242.13,119.27,181.23,1.0000,-1,-1,-1
590,87,387.26,200.52,92.82,199.14,1.0000,-1,-1,-1
590,88,783.91,295.56,87.08,167.41,1.0000,-1,-1,-1
590,89,885.71,390.93,114.65,179.46,1.0000,-1,-1,-1
590,90,513.05,121.89,89.80,152.48,1.0000,-1,-1,-1
590,92,618.88,90.70,98.04,218.79,1.0000,-1,-1,-1
590,93,383.11,74.77,74.19,126.16,1.0000,-1,-1,-1
591,62,348.44,369.02,82.36,121.78,1.0000,-1,-1,-1
591,76,571.11,197.43,92.24,159.36,1.0000,-1,-1,-1
591,84,365.43,477.34,75.15,107.93,1.0000,-1,-1,-1
591,86,362.92,243.52,120.70,183.40,1.0000,-1,-1,-1
591,87,387.40,200.89,94.16,202.00,1.0000,-1,-1,-1
591,88,783.44,295.34,88.20,169.56,1.0000,-1,-1,-1
591,89,888.90,391.99,113.52,179.42,1.0000,-1,-1,-1
591,90,504.56,119.44,91.06,154.62,1.0000,-1,-1,-1
591,92,623.02,87.04,100.36,223.98,1.0000,-1,-1,-1
591,93,383.86,80.63,74.10,123.31,1.0000,-1,-1,-1
591,96,696.88,198.18,106.14,128.71,1.0000,-1,-1,-1
592,62,348.93,366.97,82.28,121.66,1.0000,-1,-1,-1
592,76,574.66,200.15,93.70,157.97,1.0000,-1,-1,-1
592,84,365.31,477.01,75.60,108.58,1.0000,-1,-1,-1
592,86,364.73,244.93,122.12,185.54,1.0000,-1,-1,-1
592,87,387.56,201.27,95.47,204.82,1.0000,-1,-1,-1
592,88,782.98,295.13,89.30,171.69,1.0000,-1,-1,-1
592,89,893.77,393.45,111.31,179.44,1.0000,-1,-1,-1
592,90,496.07,117.00,92.30,156.72,1.0000,-1,-1,-1
592,92,627.19,83.44,102.64,229.05,1.0000,-1,-1,-1
592,93,380.61,81.85,74.42,123.83,1.0000,-1,-1,-1
592,96,706.18,203.35,98.66,124.05,1.0000,-1,-1,-1
593,62,349.42,364.92,82.20,121.53,1.0000,-1,-1,-1
593,76,576.12,202.46,97.23,157.66,1.0000,-1,-1,-1
593,84,365.18,476.68,76.05,109.22,1.0000,-1,-1,-1
593,86,366.55,246.34,123.51,187.67,1.0000,-1,-1,-1
593,87,387.72,201.68,96.77,207.61,1.0000,-1,-1,-1
593,88,782.52,294.93,90.39,173.78,1.0000,-1,-1,-1
593,89,897.58,395.71,109.64,179.42,1.0000,-1,-1,-1
593,90,487.60,114.58,93.53,158.80,1.0000,-1,-1,-1
593,92,631.38,79.90,104.86,234.01,1.0000,-1,-1,-1
593,93,386.01,74.28,74.66,128.04,1.0000,-1,-1,-1
593,96,712.78,207.36,93.35,121.97,1.0000,-1,-1,-1
594,62,349.92,362.87,82.11,121.41,1.0000,-1,-1,-1
594,76,580.58,205.02,107.73,156.71,1.0000,-1,-1,-1
594,84,385.39,485.02,70.36,103.09,1.0000,-1,-1,-1
594,86,368.39,247.77,124.89,189.76,1.0000,-1,-1,-1
594,87,387.89,202.10,98.05,210.35,1.0000,-1,-1,-1
594,88,782.07,294.75,91.47,175.86,1.0000,-1,-1,-1
594,89,903.61,398.83,107.51,179.20,1.0000,-1,-1,-1
594,90,527.43,133.58,63.70,127.67,1.0000,-1,-1,-1
594,92,635.60,76.40,107.03,238.87,1.0000,-1,-1,-1
594,93,387.71,87.15,77.58,121.54,1.0000,-1,-1,-1
594,96,720.58,210.15,88.09,121.26,1.0000,-1,-1,-1
595,62,350.41,360.82,82.03,121.28,1.0000,-1,-1,-1
595,76,583.74,207.60,116.81,154.50,1.0000,-1,-1,-1
595,84,390.59,488.35,67.32,99.33,1.0000,-1,-1,-1
595,86,370.23,249.21,126.26,191.84,1.0000,-1,-1,-1
595,87,388.07,202.54,99.31,213.06,1.0000,-1,-1,-1
595,88,781.63,294.58,92.53,177.90,1.0000,-1,-1,-1
595,89,907.71,401.34,105.60,178.52,1.0000,-1,-1,-1
595,90,521.76,132.57,63.64,127.57,1.0000,-1,-1,-1
595,92,639.83,72.96,109.17,243.63,1.0000,-1,-1,-1
595,93,385.90,88.55,77.92,122.07,1.0000,-1,-1,-1
595,96,724.24,210.04,85.90,123.30,1.0000,-1,-1,-1
596,62,350.90,358.78,81.94,121.16,1.0000,-1,-1,-1
596,76,589.78,209.76,122.22,152.47,1.0000,-1,-1,-1
596,84,393.93,490.82,66.03,96.66,1.0000,-1,-1,-1
596,86,372.07,250.66,127.61,193.89,1.0000,-1,-1,-1
596,87,388.26,203.00,100.56,215.74,1.0000,-1,-1,-1
596,88,781.19,294.42,93.59,179.93,1.0000,-1,-1,-1
596,89,911.58,403.88,102.89,177.64,1.0000,-1,-1,-1
596,90,516.09,131.56,63.59,127.46,1.0000,-1,-1,-1
596,92,644.09,69.56,111.26,248.30,1.0000,-1,-1,-1
596,93,389.11,93.46,83.69,119.12,1.0000,-1,-1,-1
596,96,726.11,207.42,84.38,125.01,1.0000,-1,-1,-1
597,62,366.28,396.28,79.78,146.29,1.0000,-1,-1,-1
597,76,595.56,212.54,122.84,149.63,1.0000,-1,-1,-1
597,84,396.60,492.39,65.37,94.96,1.0000,-1,-1,-1
597,86,373.92,252.12,128.95,195.92,1.0000,-1,-1,-1
597,87,388.46,203.48,101.79,218.38,1.0000,-1,-1,-1
597,88,780.76,294.28,94.63,181.93,1.0000,-1,-1,-1
597,89,914.48,405.61,101.12,176.95,1.0000,-1,-1,-1
597,90,510.42,130.54,63.54,127.36,1.0000,-1,-1,-1
597,92,648.37,66.21,113.31,252.88,1.0000,-1,-1,-1
597,93,389.65,94.73,87.43,118.74,1.0000,-1,-1,-1
597,94,287.82,219.76,78.04,130.81,1.0000,-1,-1,-1
597,96,726.00,204.98,82.81,124.72,1.0000,-1,-1,-1
598,62,367.30,393.14,79.40,152.39,1.0000,-1,-1,-1
598,76,605.64,215.35,121.15,147.98,1.0000,-1,-1,-1
598,84,398.39,493.64,65.13,93.13,1.0000,-1,-1,-1
598,86,375.79,253.59,130.27,197.93,1.0000,-1,-1,-1
598,87,388.66,203.97,103.01,221.00,1.0000,-1,-1,-1
598,88,780.34,294.14,95.66,183.91,1.0000,-1,-1,-1
598,89,916.94,407.62,100.01,176.51,1.0000,-1,-1,-1
598,90,504.75,129.53,63.48,127.25,1.0000,-1,-1,-1
598,92,652.67,62.89,115.33,257.38,1.0000,-1,-1,-1
598,93,390.02,96.07,90.67,118.91,1.0000,-1,-1,-1
598,94,287.38,222.31,78.60,129.86,1.0000,-1,-1,-1
598,96,721.24,201.84,86.40,127.67,1.0000,-1,-1,-1
599,62,366.63,395.20,78.56,152.98,1.0000,-1,-1,-1
599,76,614.70,219.69,116.18,146.34,1.0000,-1,-1,-1
599,84,402.73,496.54,64.53,89.82,1.0000,-1,-1,-1
599,86,377.65,255.07,131.58,199.92,1.0000,-1,-1,-1
599,87,388.87,204.47,104.21,223.58,1.0000,-1,-1,-1
599,88,779.92,294.01,96.68,185.87,1.0000,-1,-1,-1
599,89,918.65,411.11,98.65,176.07,1.0000,-1,-1,-1
599,90,497.85,135.50,66.98,116.83,1.0000,-1,-1,-1
599,92,656.98,59.62,117.31,261.81,1.0000,-1,-1,-1
599,93,389.87,98.11,94.51,120.19,1.0000,-1,-1,-1
599,94,287.68,225.65,78.10,128.93,1.0000,-1,-1,-1
599,96,721.12,199.61,87.34,129.48,1.0000,-1,-1,-1
600,62,367.59,395.95,78.56,152.98,1.0000,-1,-1,-1
600,76,619.26,221.70,114.54,146.14,1.0000,-1,-1,-1
600,84,406.02,498.76,63.57,87.37,1.0000,-1,-1,-1
600,86,379.53,256.56,132.88,201.89,1.0000,-1,-1,-1
600,87,389.09,204.99,105.40,226.13,1.0000,-1,-1,-1
600,88,779.50,293.90,97.69,187.81,1.0000,-1,-1,-1
600,89,919.94,414.13,97.71,176.08,1.0000,-1,-1,-1
600,90,493.11,139.48,69.40,113.64,1.0000,-1,-1,-1
600,91,498.34,325.86,77.62,174.02,1.0000,-1,-1,-1
600,92,661.31,56.38,119.26,266.16,1.0000,-1,-1,-1
600,93,389.38,99.48,95.22,121.09,1.0000,-1,-1,-1
600,94,283.81,228.13,79.42,129.34,1.0000,-1,-1,-1
600,96,722.75,200.06,86.77,129.80,1.0000,-1,-1,-1
601,62,366.14,400.42,76.48,153.12,1.0000,-1,-1,-1
601,76,622.05,222.30,115.76,146.93,1.0000,-1,-1,-1
601,84,407.99,501.65,62.78,84.62,1.0000,-1,-1,-1
601,87,389.31,205.53,106.58,228.65,1.0000,-1,-1,-1
601,88,779.09,293.79,98.68,189.73,1.0000,-1,-1,-1
601,89,921.17,417.13,97.54,176.23,1.0000,-1,-1,-1
601,90,491.19,141.22,71.56,112.33,1.0000,-1,-1,-1
601,91,499.35,329.08,78.66,172.71,1.0000,-1,-1,-1
601,92,665.66,53.18,121.18,270.44,1.0000,-1,-1,-1
601,93,388.90,100.85,95.92,121.98,1.0000,-1,-1,-1
601,94,279.77,230.03,81.10,130.28,1.0000,-1,-1,-1
601,96,722.33,200.65,86.85,129.62,1.0000,-1,-1,-1
602,62,366.26,402.98,76.10,152.46,1.0000,-1,-1,-1
602,76,623.65,222.06,118.50,148.65,1.0000,-1,-1,-1
602,84,409.95,502.28,62.92,84.81,1.0000,-1,-1,-1
602,87,389.54,206.08,107.74,231.15,1.0000,-1,-1,-1
602,88,778.69,293.70,99.67,191.63,1.0000,-1,-1,-1
602,89,923.24,419.23,97.29,175.78,1.0000,-1,-1,-1
602,90,489.15,144.34,73.16,110.02,1.0000,-1,-1,-1
602,91,497.31,331.04,80.79,173.82,1.0000,-1,-1,-1
602,92,670.02,50.01,123.07,274.65,1.0000,-1,-1,-1
602,93,388.41,102.23,96.61,122.86,1.0000,-1,-1,-1
602,94,276.14,231.42,83.18,130.99,1.0000,-1,-1,-1
602,96,724.32,201.50,86.09,128.48,1.0000,-1,-1,-1
603,62,366.84,404.19,76.08,152.43,1.0000,-1,-1,-1
603,76,627.26,221.90,118.81,149.04,1.0000,-1,-1,-1
603,84,411.90,502.91,63.06,85.00,1.0000,-1,-1,-1
603,87,389.78,206.64,108.90,233.62,1.0000,-1,-1,-1
603,88,778.29,293.61,100.65,193.51,1.0000,-1,-1,-1
603,89,925.31,421.34,97.04,175.33,1.0000,-1,-1,-1
603,90,484.48,144.13,73.10,109.93,1.0000,-1,-1,-1
603,91,499.75,331.85,79.09,174.16,1.0000,-1,-1,-1
603,92,674.39,46.87,124.93,278.80,1.0000,-1,-1,-1
603,93,387.93,103.60,97.30,123.74,1.0000,-1,-1,-1
603,94,269.08,232.03,84.66,131.91,1.0000,-1,-1,-1
603,96,726.32,202.36,85.31,127.32,1.0000,-1,-1,-1
604,62,367.42,405.40,76.07,152.40,1.0000,-1,-1,-1
604,76,630.88,221.74,119.12,149.43,1.0000,-1,-1,-1
604,84,413.86,503.55,63.20,85.19,1.0000,-1,-1,-1
604,88,777.89,293.53,101.62,195.37,1.0000,-1,-1,-1
604,89,927.39,423.44,96.79,174.87,1.0000,-1,-1,-1
604,90,479.81,143.91,73.04,109.85,1.0000,-1,-1,-1
604,91,500.40,332.18,77.60,175.61,1.0000,-1,-1,-1
604,92,678.78,43.76,126.76,282.89,1.0000,-1,-1,-1
604,93,387.45,104.99,97.99,124.61,1.0000,-1,-1,-1
604,94,257.71,233.58,83.43,133.05,1.0000,-1,-1,-1
604,96,728.33,203.22,84.54,126.16,1.0000,-1,-1,-1
605,62,368.01,406.61,76.05,152.37,1.0000,-1,-1,-1
605,76,634.49,221.58,119.43,149.82,1.0000,-1,-1,-1
605,84,415.82,504.18,63.34,85.39,1.0000,-1,-1,-1
605,88,777.50,293.46,102.58,197.22,1.0000,-1,-1,-1
605,89,929.46,425.55,96.54,174.42,1.0000,-1,-1,-1
605,90,475.14,143.70,72.98,109.76,1.0000,-1,-1,-1
605,91,501.95,332.66,76.67,176.19,1.0000,-1,-1,-1
605,92,683.18,40.68,128.57,286.92,1.0000,-1,-1,-1
605,93,386.98,106.37,98.67,125.48,1.0000,-1,-1,-1
605,94,249.50,235.37,81.84,134.88,1.0000,-1,-1,-1
605,96,730.34,204.09,83.75,124.99,1.0000,-1,-1,-1
606,62,368.59,407.82,76.04,152.34,1.0000,-1,-1,-1
606,76,638.10,221.43,119.73,150.20,1.0000,-1,-1,-1
606,84,417.78,504.81,63.48,85.58,1.0000,-1,-1,-1
606,88,777.12,293.40,103.53,199.05,1.0000,-1,-1,-1
606,89,923.28,432.25,95.72,178.97,1.0000,-1,-1,-1
606,90,470.46,143.48,72.93,109.68,1.0000,-1,-1,-1
606,91,505.75,333.20,75.70,176.09,1.0000,-1,-1,-1
606,92,687.60,37.63,130.35,290.90,1.0000,-1,-1,-1
606,93,386.50,107.76,99.34,126.34,1.0000,-1,-1,-1
606,94,242.39,235.76,77.87,136.18,1.0000,-1,-1,-1
606,96,732.35,204.97,82.96,123.80,1.0000,-1,-1,-1
607,62,358.04,415.48,75.22,156.55,1.0000,-1,-1,-1
607,76,641.71,221.27,120.04,150.59,1.0000,-1,-1,-1
607,84,419.73,505.44,63.62,85.76,1.0000,-1,-1,-1
607,88,776.74,293.35,104.47,200.86,1.0000,-1,-1,-1
607,89,922.74,433.09,95.29,179.71,1.0000,-1,-1,-1
607,90,465.79,143.26,72.87,109.59,1.0000,-1,-1,-1
607,91,505.97,334.62,75.71,176.10,1.0000,-1,-1,-1
607,92,692.02,34.61,132.11,294.82,1.0000,-1,-1,-1
607,93,386.03,109.15,100.02,127.19,1.0000,-1,-1,-1
607,94,235.72,237.32,72.08,136.31,1.0000,-1,-1,-1
607,96,734.37,205.85,82.16,122.61,1.0000,-1,-1,-1
608,62,356.38,415.78,75.38,159.57,1.0000,-1,-1,-1
608,76,666.04,205.94,89.79,150.02,1.0000,-1,-1,-1
608,84,421.69,506.08,63.76,85.95,1.0000,-1,-1,-1
608,88,776.36,293.31,105.41,202.65,1.0000,-1,-1,-1
608,89,922.47,434.32,94.77,178.53,1.0000,-1,-1,-1
608,90,461.12,143.05,72.81,109.51,1.0000,-1,-1,-1
608,91,506.19,336.04,75.71,176.11,1.0000,-1,-1,-1
608,93,385.56,110.55,100.68,128.04,1.0000,-1,-1,-1
608,94,229.65,239.10,66.21,136.37,1.0000,-1,-1,-1
608,96,736.39,206.74,81.35,121.40,1.0000,-1,-1,-1
609,62,354.71,417.63,75.35,161.96,1.0000,-1,-1,-1
609,76,676.06,201.65,77.76,149.05,1.0000,-1,-1,-1
609,84,423.65,506.71,63.90,86.14,1.0000,-1,-1,-1
609,88,775.99,293.27,106.33,204.43,1.0000,-1,-1,-1
609,89,920.46,439.07,93.72,177.53,1.0000,-1,-1,-1
609,90,469.85,154.68,84.82,114.88,1.0000,-1,-1,-1
609,91,522.95,334.77,68.25,176.22,1.0000,-1,-1,-1
609,93,385.10,111.95,101.34,128.88,1.0000,-1,-1,-1
609,94,219.67,242.81,62.44,136.20,1.0000,-1,-1,-1
609,96,738.41,207.63,80.53,120.18,1.0000,-1,-1,-1
610,62,353.78,419.01,74.92,163.26,1.0000,-1,-1,-1
610,76,680.20,200.18,77.80,149.12,1.0000,-1,-1,-1
610,84,425.61,507.34,64.04,86.33,1.0000,-1,-1,-1
610,88,775.62,293.24,107.25,206.20,1.0000,-1,-1,-1
610,89,919.40,442.36,92.85,176.27,1.0000,-1,-1,-1
610,90,468.85,155.39,87.47,116.87,1.0000,-1,-1,-1
610,91,527.63,334.46,63.90,176.09,1.0000,-1,-1,-1
610,93,384.63,113.35,102.00,129.71,1.0000,-1,-1,-1
610,94,211.84,247.27,60.04,136.17,1.0000,-1,-1,-1
610,96,740.44,208.53,79.70,118.95,1.0000,-1,-1,-1
611,62,352.81,419.62,75.09,164.29,1.0000,-1,-1,-1
611,76,684.34,198.71,77.84,149.19,1.0000,-1,-1,-1
611,84,427.57,507.98,64.18,86.52,1.0000,-1,-1,-1
611,88,775.25,293.22,108.16,207.95,1.0000,-1,-1,-1
611,89,918.54,445.67,92.11,175.63,1.0000,-1,-1,-1
611,90,466.70,156.91,89.03,118.11,1.0000,-1,-1,-1
611,91,531.13,333.70,61.46,175.98,1.0000,-1,-1,-1
611,93,384.17,114.75,102.66,130.55,1.0000,-1,-1,-1
611,94,203.78,251.91,60.65,136.34,1.0000,-1,-1,-1
611,96,742.47,209.44,78.87,117.70,1.0000,-1,-1,-1
611,97,434.99,249.47,78.09,145.61,1.0000,-1,-1,-1
612,62,353.04,421.57,77.20,163.97,1.0000,-1,-1,-1
612,76,688.48,197.24,77.88,149.27,1.0000,-1,-1,-1
612,84,429.53,508.61,64.32,86.71,1.0000,-1,-1,-1
612,88,774.89,293.21,109.06,209.68,1.0000,-1,-1,-1
612,89,917.73,447.84,91.55,173.69,1.0000,-1,-1,-1
612,90,466.16,156.40,88.92,119.91,1.0000,-1,-1,-1
612,91,533.18,334.56,60.19,175.72,1.0000,-1,-1,-1
612,93,383.71,116.15,103.30,131.37,1.0000,-1,-1,-1
612,94,197.18,256.01,62.28,135.84,1.0000,-1,-1,-1
612,96,744.51,210.35,78.03,116.45,1.0000,-1,-1,-1
612,97,433.19,248.60,80.38,143.30,1.0000,-1,-1,-1
613,62,352.90,423.84,79.62,162.43,1.0000,-1,-1,-1
613,76,692.62,195.77,77.92,149.34,1.0000,-1,-1,-1
613,84,431.48,509.24,64.46,86.89,1.0000,-1,-1,-1
613,88,774.53,293.20,109.96,211.40,1.0000,-1,-1,-1
613,89,916.83,451.18,91.38,170.95,1.0000,-1,-1,-1
613,90,463.36,157.13,89.20,120.28,1.0000,-1,-1,-1
613,91,534.60,336.32,59.07,175.62,1.0000,-1,-1,-1
613,93,383.25,117.56,103.95,132.19,1.0000,-1,-1,-1
613,94,186.90,259.41,67.55,137.09,1.0000,-1,-1,-1
613,96,746.55,211.27,77.17,115.17,1.0000,-1,-1,-1
613,97,431.20,252.98,80.57,141.46,1.0000,-1,-1,-1
614,62,352.94,428.85,81.62,158.21,1.0000,-1,-1,-1
614,76,696.75,194.31,77.96,149.41,1.0000,-1,-1,-1
614,84,433.44,509.88,64.60,87.08,1.0000,-1,-1,-1
614,88,774.18,293.20,110.84,213.11,1.0000,-1,-1,-1
614,89,916.51,454.78,91.12,167.29,1.0000,-1,-1,-1
614,90,463.85,156.00,87.86,125.69,1.0000,-1,-1,-1
614,91,535.72,342.46,58.99,174.85,1.0000,-1,-1,-1
614,93,396.31,108.91,83.44,144.75,1.0000,-1,-1,-1
614,94,174.20,264.72,73.85,139.45,1.0000,-1,-1,-1
614,96,748.60,212.20,76.31,113.89,1.0000,-1,-1,-1
614,97,429.42,254.16,80.88,142.00,1.0000,-1,-1,-1
615,62,351.29,430.71,81.68,155.93,1.0000,-1,-1,-1
615,76,700.89,192.84,78.00,149.49,1.0000,-1,-1,-1
615,84,435.40,510.51,64.74,87.27,1.0000,-1,-1,-1
615,88,773.83,293.21,111.73,214.80,1.0000,-1,-1,-1
615,89,916.51,458.10,90.90,164.34,1.0000,-1,-1,-1
615,90,461.26,156.76,88.15,126.11,1.0000,-1,-1,-1
615,91,537.02,346.87,60.23,173.93,1.0000,-1,-1,-1
615,93,398.18,106.85,77.14,150.23,1.0000,-1,-1,-1
615,94,165.68,268.85,78.29,139.99,1.0000,-1,-1,-1
615,96,750.65,213.13,75.44,112.59,1.0000,-1,-1,-1
615,97,426.95,257.42,79.41,140.46,1.0000,-1,-1,-1
616,62,350.05,432.43,81.18,153.72,1.0000,-1,-1,-1
616,76,705.03,191.37,78.03,149.56,1.0000,-1,-1,-1
616,84,437.36,511.15,64.88,87.45,1.0000,-1,-1,-1
616,88,773.48,293.22,112.60,216.48,1.0000,-1,-1,-1
616,89,917.07,460.61,89.99,161.55,1.0000,-1,-1,-1
616,90,458.67,157.53,88.44,126.53,1.0000,-1,-1,-1
616,91,537.86,350.87,60.74,173.04,1.0000,-1,-1,-1
616,93,398.75,109.62,72.99,150.65,1.0000,-1,-1,-1
616,94,159.03,271.45,78.93,140.12,1.0000,-1,-1,-1
616,96,752.70,214.07,74.56,111.27,1.0000,-1,-1,-1
616,97,425.04,258.86,79.57,140.75,1.0000,-1,-1,-1
617,62,349.62,434.14,81.20,153.75,1.0000,-1,-1,-1
617,76,709.17,189.90,78.07,149.64,1.0000,-1,-1,-1
617,84,439.32,511.78,65.01,87.64,1.0000,-1,-1,-1
617,88,773.13,293.24,113.47,218.15,1.0000,-1,-1,-1
617,89,917.80,462.50,89.25,159.03,1.0000,-1,-1,-1
617,90,456.08,158.30,88.73,126.94,1.0000,-1,-1,-1
617,91,540.11,353.77,62.91,173.48,1.0000,-1,-1,-1
617,93,398.42,111.03,73.24,151.15,1.0000,-1,-1,-1
617,94,153.47,272.90,78.89,140.94,1.0000,-1,-1,-1
617,96,754.77,215.02,73.66,109.94,1.0000,-1,-1,-1
617,97,423.13,260.30,79.74,141.04,1.0000,-1,-1,-1
618,62,349.72,434.69,79.56,150.39,1.0000,-1,-1,-1
618,76,713.31,188.43,78.11,149.71,1.0000,-1,-1,-1
618,84,441.28,512.42,65.15,87.82,1.0000,-1,-1,-1
618,89,918.67,464.24,88.60,156.71,1.0000,-1,-1,-1
618,90,453.49,159.07,89.02,127.36,1.0000,-1,-1,-1
618,91,541.64,356.36,64.25,174.47,1.0000,-1,-1,-1
618,93,399.77,113.17,73.87,152.64,1.0000,-1,-1,-1
618,94,146.00,273.78,75.68,141.87,1.0000,-1,-1,-1
618,96,756.83,215.98,72.76,108.59,1.0000,-1,-1,-1
618,97,421.22,261.74,79.90,141.34,1.0000,-1,-1,-1
619,62,352.17,435.99,79.07,147.91,1.0000,-1,-1,-1
619,76,717.44,186.96,78.15,149.78,1.0000,-1,-1,-1
619,84,443.24,513.05,65.29,88.01,1.0000,-1,-1,-1
619,89,921.54,467.31,87.29,153.41,1.0000,-1,-1,-1
619,90,459.81,169.00,86.71,126.39,1.0000,-1,-1,-1
619,91,546.31,358.51,68.12,175.25,1.0000,-1,-1,-1
619,93,397.84,117.28,74.72,152.76,1.0000,-1,-1,-1
619,94,139.26,276.66,75.61,141.74,1.0000,-1,-1,-1
619,96,758.91,216.95,71.85,107.22,1.0000,-1,-1,-1
619,97,419.32,263.17,80.07,141.63,1.0000,-1,-1,-1
620,62,353.62,437.33,79.29,146.30,1.0000,-1,-1,-1
620,76,721.58,185.49,78.19,149.86,1.0000,-1,-1,-1
620,84,445.20,513.69,65.42,88.19,1.0000,-1,-1,-1
620,89,923.77,469.27,85.99,150.75,1.0000,-1,-1,-1
620,90,457.83,170.44,86.96,126.75,1.0000,-1,-1,-1
620,91,548.14,359.76,70.48,175.25,1.0000,-1,-1,-1
620,93,394.70,119.72,73.33,153.04,1.0000,-1,-1,-1
620,94,130.19,276.46,75.22,143.56,1.0000,-1,-1,-1
620,96,760.98,217.92,70.92,105.84,1.0000,-1,-1,-1
620,97,417.41,264.61,80.23,141.92,1.0000,-1,-1,-1
621,62,355.17,438.01,79.47,145.45,1.0000,-1,-1,-1
621,76,725.72,184.03,78.23,149.93,1.0000,-1,-1,-1
621,84,447.16,514.32,65.56,88.37,1.0000,-1,-1,-1
621,89,925.75,471.02,84.87,148.63,1.0000,-1,-1,-1
621,90,455.84,171.88,87.21,127.11,1.0000,-1,-1,-1
621,91,548.07,360.51,72.06,175.18,1.0000,-1,-1,-1
621,93,391.96,119.79,71.45,154.26,1.0000,-1,-1,-1
621,94,119.40,277.38,73.62,144.60,1.0000,-1,-1,-1
621,96,763.07,218.91,69.98,104.44,1.0000,-1,-1,-1
621,97,402.61,265.88,85.53,144.27,1.0000,-1,-1,-1
622,62,356.55,438.96,80.23,144.85,1.0000,-1,-1,-1
622,76,729.86,182.56,78.26,150.00,1.0000,-1,-1,-1
622,84,449.12,514.96,65.70,88.56,1.0000,-1,-1,-1
622,89,927.14,472.67,84.02,146.90,1.0000,-1,-1,-1
622,90,453.86,173.33,87.45,127.47,1.0000,-1,-1,-1
622,91,548.35,361.02,72.96,175.64,1.0000,-1,-1,-1
622,93,390.28,119.40,71.48,155.01,1.0000,-1,-1,-1
622,94,108.36,279.01,74.08,145.26,1.0000,-1,-1,-1
622,96,765.16,219.90,69.03,103.02,1.0000,-1,-1,-1
622,97,396.55,267.57,89.11,144.75,1.0000,-1,-1,-1
623,62,359.30,439.36,79.44,143.99,1.0000,-1,-1,-1
623,76,734.00,181.09,78.30,150.08,1.0000,-1,-1,-1
623,84,451.08,515.59,65.83,88.74,1.0000,-1,-1,-1
623,89,930.32,474.24,82.10,145.55,1.0000,-1,-1,-1
623,90,451.87,174.77,87.70,127.82,1.0000,-1,-1,-1
623,91,549.00,360.10,72.97,175.93,1.0000,-1,-1,-1
623,93,388.34,120.28,71.72,154.10,1.0000,-1,-1,-1
623,94,96.41,280.05,75.34,146.13,1.0000,-1,-1,-1
623,96,767.26,220.90,68.06,101.58,1.0000,-1,-1,-1
623,97,393.49,268.88,89.57,145.49,1.0000,-1,-1,-1
624,62,363.00,440.03,78.62,143.38,1.0000,-1,-1,-1
624,76,738.13,179.62,78.34,150.15,1.0000,-1,-1,-1
624,84,453.04,516.23,65.97,88.92,1.0000,-1,-1,-1
624,89,933.49,475.18,80.01,144.68,1.0000,-1,-1,-1
624,90,450.45,122.35,91.05,163.26,1.0000,-1,-1,-1
624,91,550.53,358.68,71.81,176.53,1.0000,-1,-1,-1
624,93,385.50,124.15,71.79,151.76,1.0000,-1,-1,-1
624,94,85.40,281.06,79.40,147.50,1.0000,-1,-1,-1
624,96,769.36,221.92,67.09,100.12,1.0000,-1,-1,-1
624,97,390.43,270.20,90.02,146.23,1.0000,-1,-1,-1
625,62,368.37,440.43,77.48,142.91,1.0000,-1,-1,-1
625,76,742.27,178.15,78.38,150.22,1.0000,-1,-1,-1
625,84,455.00,516.87,66.10,89.11,1.0000,-1,-1,-1
625,89,937.74,476.04,77.26,143.82,1.0000,-1,-1,-1
625,90,448.53,120.85,91.48,164.04,1.0000,-1,-1,-1
625,91,551.06,355.08,70.98,176.60,1.0000,-1,-1,-1
625,93,383.48,126.48,72.29,150.17,1.0000,-1,-1,-1
625,94,69.75,282.08,87.37,148.17,1.0000,-1,-1,-1
625,96,771.48,222.94,66.09,98.64,1.0000,-1,-1,-1
625,97,387.37,271.51,90.48,146.97,1.0000,-1,-1,-1
626,62,371.27,440.92,77.13,142.40,1.0000,-1,-1,-1
626,76,746.41,176.68,78.42,150.30,1.0000,-1,-1,-1
626,84,456.96,517.50,66.24,89.29,1.0000,-1,-1,-1
626,89,940.93,476.49,74.75,143.30,1.0000,-1,-1,-1
626,90,448.47,156.53,91.49,150.01,1.0000,-1,-1,-1
626,91,551.65,352.31,70.49,176.53,1.0000,-1,-1,-1
626,93,382.77,131.37,72.82,146.89,1.0000,-1,-1,-1
626,94,60.77,282.93,93.30,147.71,1.0000,-1,-1,-1
626,96,773.60,223.98,65.08,97.13,1.0000,-1,-1,-1
626,97,384.31,272.82,90.93,147.70,1.0000,-1,-1,-1
627,62,373.81,442.19,76.42,141.94,1.0000,-1,-1,-1
627,76,750.55,175.22,78.46,150.37,1.0000,-1,-1,-1
627,84,458.92,518.14,66.37,89.47,1.0000,-1,-1,-1
627,89,942.25,476.52,73.29,143.03,1.0000,-1,-1,-1
627,90,451.19,168.03,90.04,142.84,1.0000,-1,-1,-1
627,91,552.01,349.69,71.24,176.84,1.0000,-1,-1,-1
627,93,383.75,134.97,73.55,142.38,1.0000,-1,-1,-1
627,94,54.79,283.27,97.68,147.87,1.0000,-1,-1,-1
627,96,775.72,225.03,64.06,95.60,1.0000,-1,-1,-1
627,97,381.25,274.14,91.38,148.43,1.0000,-1,-1,-1
628,62,374.21,443.45,76.06,141.02,1.0000,-1,-1,-1
628,76,754.69,173.75,78.49,150.44,1.0000,-1,-1,-1
628,84,460.88,518.78,66.51,89.65,1.0000,-1,-1,-1
628,89,942.29,476.11,72.54,143.12,1.0000,-1,-1,-1
628,90,451.27,174.33,89.84,137.98,1.0000,-1,-1,-1
628,91,552.07,347.39,72.38,176.46,1.0000,-1,-1,-1
628,93,382.78,136.62,73.70,142.67,1.0000,-1,-1,-1
628,94,50.05,283.94,99.64,147.75,1.0000,-1,-1,-1
628,96,777.86,226.09,63.02,94.05,1.0000,-1,-1,-1
628,97,378.19,275.46,91.82,149.15,1.0000,-1,-1,-1
629,62,377.24,445.25,74.69,139.67,1.0000,-1,-1,-1
629,76,758.82,172.28,78.53,150.52,1.0000,-1,-1,-1
629,84,462.84,519.41,66.64,89.83,1.0000,-1,-1,-1
629,89,942.03,475.79,72.35,143.37,1.0000,-1,-1,-1
629,90,449.98,176.22,90.13,138.42,1.0000,-1,-1,-1
629,91,552.04,346.33,73.36,176.18,1.0000,-1,-1,-1
629,93,381.80,138.27,73.85,142.96,1.0000,-1,-1,-1
629,94,45.99,283.49,99.16,148.13,1.0000,-1,-1,-1
629,96,780.00,227.16,61.96,92.47,1.0000,-1,-1,-1
629,97,375.13,276.78,92.27,149.87,1.0000,-1,-1,-1
630,62,379.36,447.49,74.50,138.21,1.0000,-1,-1,-1
630,76,762.96,170.81,78.57,150.59,1.0000,-1,-1,-1
630,84,464.81,520.05,66.78,90.01,1.0000,-1,-1,-1
630,89,941.42,475.06,72.30,144.17,1.0000,-1,-1,-1
630,90,448.69,178.12,90.42,138.86,1.0000,-1,-1,-1
630,91,552.35,345.30,76.34,174.17,1.0000,-1,-1,-1
630,93,380.82,139.92,74.00,143.25,1.0000,-1,-1,-1
630,94,41.24,281.23,92.99,148.79,1.0000,-1,-1,-1
630,96,782.16,228.25,60.88,90.86,1.0000,-1,-1,-1
630,97,349.67,259.27,105.02,156.09,1.0000,-1,-1,-1
631,62,380.77,448.91,74.66,136.86,1.0000,-1,-1,-1
631,76,767.10,169.34,78.61,150.66,1.0000,-1,-1,-1
631,84,466.77,520.69,66.91,90.19,1.0000,-1,-1,-1
631,89,940.59,474.57,72.29,144.87,1.0000,-1,-1,-1
631,90,451.72,176.98,88.78,132.94,1.0000,-1,-1,-1
631,91,551.87,346.65,79.19,172.71,1.0000,-1,-1,-1
631,93,379.84,141.57,74.15,143.54,1.0000,-1,-1,-1
631,94,38.32,278.04,84.59,149.78,1.0000,-1,-1,-1
631,96,784.32,229.35,59.79,89.23,1.0000,-1,-1,-1
631,97,342.18,259.64,104.32,154.44,1.0000,-1,-1,-1
632,62,383.12,450.23,75.21,135.81,1.0000,-1,-1,-1
632,76,771.24,167.87,78.65,150.74,1.0000,-1,-1,-1
632,89,939.95,474.30,71.73,145.31,1.0000,-1,-1,-1
632,90,453.53,173.48,87.49,132.68,1.0000,-1,-1,-1
632,91,538.46,349.32,90.43,170.21,1.0000,-1,-1,-1
632,93,378.86,143.23,74.30,143.83,1.0000,-1,-1,-1
632,94,36.00,275.81,75.99,150.32,1.0000,-1,-1,-1
632,97,337.87,260.75,99.88,153.47,1.0000,-1,-1,-1
633,62,384.36,451.17,76.61,134.36,1.0000,-1,-1,-1
633,76,775.38,166.41,78.68,150.81,1.0000,-1,-1,-1
633,89,939.03,474.52,71.62,145.46,1.0000,-1,-1,-1
633,90,455.14,171.28,86.75,132.57,1.0000,-1,-1,-1
633,91,545.21,351.30,91.19,167.47,1.0000,-1,-1,-1
633,93,375.79,128.26,73.32,146.76,1.0000,-1,-1,-1
633,94,34.25,274.16,71.52,151.01,1.0000,-1,-1,-1
633,97,334.68,260.23,93.74,153.44,1.0000,-1,-1,-1
634,62,386.64,451.38,78.31,133.58,1.0000,-1,-1,-1
634,76,779.52,164.94,78.72,150.88,1.0000,-1,-1,-1
634,89,936.64,475.02,72.46,145.21,1.0000,-1,-1,-1
634,90,456.48,169.21,86.12,132.81,1.0000,-1,-1,-1
634,91,534.41,352.75,100.14,165.35,1.0000,-1,-1,-1
634,93,376.06,125.04,72.63,148.61,1.0000,-1,-1,-1
634,94,33.46,273.62,72.83,152.90,1.0000,-1,-1,-1
634,97,331.56,258.75,87.02,153.76,1.0000,-1,-1,-1
635,62,389.06,450.63,79.97,133.48,1.0000,-1,-1,-1
635,76,783.65,163.47,78.76,150.95,1.0000,-1,-1,-1
635,89,932.77,475.27,74.22,144.74,1.0000,-1,-1,-1
635,90,458.78,168.07,84.21,132.57,1.0000,-1,-1,-1
635,91,542.16,352.68,98.90,163.86,1.0000,-1,-1,-1
635,93,377.06,121.61,71.53,150.49,1.0000,-1,-1,-1
635,94,22.57,272.86,76.69,154.07,1.0000,-1,-1,-1
635,97,328.81,258.05,78.83,154.21,1.0000,-1,-1,-1
636,62,391.88,449.86,81.72,133.87,1.0000,-1,-1,-1
636,76,787.79,162.00,78.80,151.03,1.0000,-1,-1,-1
636,89,928.61,474.93,76.58,144.66,1.0000,-1,-1,-1
636,90,461.17,167.06,82.62,132.13,1.0000,-1,-1,-1
636,91,545.07,351.31,98.47,162.83,1.0000,-1,-1,-1
636,93,378.11,118.61,70.74,152.01,1.0000,-1,-1,-1
636,94,14.78,273.11,79.78,154.10,1.0000,-1,-1,-1
636,97,328.31,258.36,71.85,154.55,1.0000,-1,-1,-1
637,62,393.45,449.62,84.17,134.04,1.0000,-1,-1,-1
637,76,791.93,160.53,78.84,151.10,1.0000,-1,-1,-1
637,89,924.74,474.37,79.30,144.74,1.0000,-1,-1,-1
637,90,461.04,167.20,82.78,132.38,1.0000,-1,-1,-1
637,91,544.10,349.45,98.85,162.99,1.0000,-1,-1,-1
637,93,377.82,116.35,70.57,153.45,1.0000,-1,-1,-1
637,94,7.31,272.66,83.03,154.57,1.0000,-1,-1,-1
637,97,328.81,260.99,66.33,155.46,1.0000,-1,-1,-1
638,62,395.67,448.84,85.24,134.58,1.0000,-1,-1,-1
638,76,796.07,159.06,78.87,151.17,1.0000,-1,-1,-1
638,89,922.28,473.83,81.87,145.20,1.0000,-1,-1,-1
638,90,465.40,166.17,82.15,131.27,1.0000,-1,-1,-1
638,91,542.56,348.06,99.74,163.39,1.0000,-1,-1,-1
638,93,377.04,116.01,70.71,153.75,1.0000,-1,-1,-1
638,94,2.92,272.04,85.36,155.42,1.0000,-1,-1,-1
638,97,328.18,263.65,61.61,156.56,1.0000,-1,-1,-1
639,62,399.39,448.39,84.52,135.01,1.0000,-1,-1,-1
639,76,800.21,157.60,78.91,151.25,1.0000,-1,-1,-1
639,89,921.17,473.21,83.98,145.68,1.0000,-1,-1,-1
639,90,465.64,166.16,82.29,131.50,1.0000,-1,-1,-1
639,91,538.61,346.57,100.25,163.57,1.0000,-1,-1,-1
639,93,376.26,115.68,70.84,154.04,1.0000,-1,-1,-1
639,94,0.45,271.14,87.08,155.65,1.0000,-1,-1,-1
639,97,326.41,265.43,59.19,158.25,1.0000,-1,-1,-1
640,62,404.90,445.98,84.78,135.93,1.0000,-1,-1,-1
640,89,920.97,472.73,86.25,146.51,1.0000,-1,-1,-1
640,90,465.87,166.15,82.43,131.73,1.0000,-1,-1,-1
640,91,535.41,344.40,99.82,163.64,1.0000,-1,-1,-1
640,93,383.83,114.61,68.58,153.37,1.0000,-1,-1,-1
640,94,0.83,269.27,88.89,156.51,1.0000,-1,-1,-1
640,97,321.52,266.80,58.89,159.66,1.0000,-1,-1,-1
640,98,673.39,170.80,97.71,151.39,1.0000,-1,-1,-1
641,62,408.01,444.27,84.62,136.75,1.0000,-1,-1,-1
641,89,921.31,472.24,88.71,147.43,1.0000,-1,-1,-1
641,90,466.10,166.15,82.57,131.95,1.0000,-1,-1,-1
641,91,533.72,342.87,98.03,164.25,1.0000,-1,-1,-1
641,93,388.14,114.42,66.52,153.28,1.0000,-1,-1,-1
641,94,1.02,268.39,90.27,156.81,1.0000,-1,-1,-1
641,97,321.41,268.31,57.20,159.95,1.0000,-1,-1,-1
641,98,674.76,168.95,97.43,151.99,1.0000,-1,-1,-1
642,62,411.89,443.52,82.98,137.39,1.0000,-1,-1,-1
642,89,921.15,471.63,90.96,147.90,1.0000,-1,-1,-1
642,90,483.17,160.54,77.85,132.43,1.0000,-1,-1,-1
642,91,533.90,341.02,95.24,164.86,1.0000,-1,-1,-1
642,93,391.06,115.21,65.01,152.50,1.0000,-1,-1,-1
642,94,3.21,265.90,90.86,158.27,1.0000,-1,-1,-1
642,97,322.40,268.98,55.48,159.24,1.0000,-1,-1,-1
642,98,673.98,166.31,99.49,153.11,1.0000,-1,-1,-1
642,99,842.67,357.25,53.47,167.19,1.0000,-1,-1,-1
643,62,414.59,443.48,81.96,137.79,1.0000,-1,-1,-1
643,89,921.42,471.12,93.80,148.32,1.0000,-1,-1,-1
643,90,484.56,160.12,77.95,132.60,1.0000,-1,-1,-1
643,91,533.54,340.13,95.37,165.09,1.0000,-1,-1,-1
643,93,394.42,115.69,63.28,151.73,1.0000,-1,-1,-1
643,94,5.37,262.32,90.03,160.07,1.0000,-1,-1,-1
643,97,322.70,269.38,54.04,158.72,1.0000,-1,-1,-1
643,98,675.43,163.49,100.12,154.09,1.0000,-1,-1,-1
643,99,846.29,357.59,51.42,164.65,1.0000,-1,-1,-1
644,62,416.75,443.89,80.88,137.70,1.0000,-1,-1,-1
644,89,921.55,470.55,96.42,148.46,1.0000,-1,-1,-1
644,90,485.96,159.71,78.05,132.77,1.0000,-1,-1,-1
644,91,533.19,339.23,95.51,165.33,1.0000,-1,-1,-1
644,93,397.43,111.13,63.12,151.52,1.0000,-1,-1,-1
644,94,8.58,260.29,87.99,161.36,1.0000,-1,-1,-1
644,97,323.08,269.31,53.05,158.16,1.0000,-1,-1,-1
644,98,676.88,160.67,100.75,155.06,1.0000,-1,-1,-1
644,99,848.68,357.86,51.13,167.28,1.0000,-1,-1,-1
645,62,419.96,446.96,80.07,136.10,1.0000,-1,-1,-1
645,89,928.10,468.94,97.14,149.22,1.0000,-1,-1,-1
645,90,487.35,159.30,78.15,132.94,1.0000,-1,-1,-1
645,91,537.75,337.59,82.58,165.46,1.0000,-1,-1,-1
645,93,398.17,110.48,63.17,151.63,1.0000,-1,-1,-1
645,94,13.46,260.46,84.33,161.11,1.0000,-1,-1,-1
645,97,324.01,267.19,52.52,157.83,1.0000,-1,-1,-1
645,98,678.33,157.85,101.38,156.02,1.0000,-1,-1,-1
645,99,852.90,356.52,52.46,171.53,1.0000,-1,-1,-1
646,62,422.63,449.71,80.11,134.61,1.0000,-1,-1,-1
646,89,925.31,467.40,102.30,150.28,1.0000,-1,-1,-1
646,90,488.75,158.88,78.25,133.11,1.0000,-1,-1,-1
646,91,540.69,336.75,75.75,165.43,1.0000,-1,-1,-1
646,93,398.92,109.82,63.21,151.75,1.0000,-1,-1,-1
646,94,17.98,260.58,79.65,160.06,1.0000,-1,-1,-1
646,97,324.89,265.20,52.50,157.20,1.0000,-1,-1,-1
646,98,679.79,155.04,102.00,156.98,1.0000,-1,-1,-1
646,99,856.67,354.88,52.93,172.97,1.0000,-1,-1,-1
647,62,424.03,451.89,80.03,132.72,1.0000,-1,-1,-1
647,89,923.89,465.74,106.71,151.80,1.0000,-1,-1,-1
647,90,490.15,158.47,78.35,133.28,1.0000,-1,-1,-1
647,91,541.22,335.66,73.57,164.84,1.0000,-1,-1,-1
647,93,399.66,109.17,63.26,151.86,1.0000,-1,-1,-1
647,94,22.75,259.53,74.22,158.63,1.0000,-1,-1,-1
647,97,326.09,264.13,52.85,157.34,1.0000,-1,-1,-1
647,98,681.24,152.23,102.62,157.93,1.0000,-1,-1,-1
647,99,860.12,354.82,52.94,173.00,1.0000,-1,-1,-1
648,62,425.92,453.03,80.03,131.16,1.0000,-1,-1,-1
648,89,922.74,463.66,108.79,151.59,1.0000,-1,-1,-1
648,90,491.54,158.06,78.45,133.45,1.0000,-1,-1,-1
648,91,537.98,335.04,76.03,164.12,1.0000,-1,-1,-1
648,93,400.41,108.51,63.31,151.97,1.0000,-1,-1,-1
648,94,27.84,258.13,69.64,157.33,1.0000,-1,-1,-1
648,97,326.64,263.02,53.66,157.78,1.0000,-1,-1,-1
648,98,682.70,149.43,103.23,158.88,1.0000,-1,-1,-1
648,99,863.57,354.76,52.95,173.03,1.0000,-1,-1,-1
649,62,428.84,453.52,79.09,129.64,1.0000,-1,-1,-1
649,89,923.63,462.75,111.92,153.40,1.0000,-1,-1,-1
649,90,492.94,157.64,78.55,133.62,1.0000,-1,-1,-1
649,91,536.02,334.83,79.73,163.36,1.0000,-1,-1,-1
649,93,401.15,107.86,63.35,152.08,1.0000,-1,-1,-1
649,94,32.49,256.92,66.50,156.57,1.0000,-1,-1,-1
649,97,324.90,263.35,53.47,157.23,1.0000,-1,-1,-1
649,98,684.16,146.62,103.85,159.82,1.0000,-1,-1,-1
649,99,867.02,354.71,52.96,173.06,1.0000,-1,-1,-1
650,62,434.43,453.83,78.38,128.84,1.0000,-1,-1,-1
650,89,925.54,461.26,115.27,155.78,1.0000,-1,-1,-1
650,90,494.34,157.23,78.65,133.79,1.0000,-1,-1,-1
650,91,534.71,335.36,84.20,161.68,1.0000,-1,-1,-1
650,93,401.90,107.20,63.40,152.20,1.0000,-1,-1,-1
650,94,38.56,255.21,64.46,156.33,1.0000,-1,-1,-1
650,97,320.97,260.05,58.81,157.61,1.0000,-1,-1,-1
650,98,668.74,169.18,76.16,133.32,1.0000,-1,-1,-1
650,99,872.00,353.19,51.24,167.70,1.0000,-1,-1,-1
651,62,438.67,453.70,77.63,128.44,1.0000,-1,-1,-1
651,89,927.14,459.24,118.28,158.16,1.0000,-1,-1,-1
651,90,495.73,156.81,78.75,133.96,1.0000,-1,-1,-1
651,91,536.03,335.68,85.65,159.88,1.0000,-1,-1,-1
651,93,402.64,106.55,63.45,152.31,1.0000,-1,-1,-1
651,94,42.86,254.06,62.51,156.07,1.0000,-1,-1,-1
651,97,320.23,258.33,61.75,157.34,1.0000,-1,-1,-1
651,98,668.31,169.43,74.50,130.43,1.0000,-1,-1,-1
651,99,875.36,352.73,50.46,166.22,1.0000,-1,-1,-1
652,62,441.95,453.13,76.85,128.62,1.0000,-1,-1,-1
652,89,927.79,459.75,121.62,163.07,1.0000,-1,-1,-1
652,90,497.13,156.40,78.85,134.13,1.0000,-1,-1,-1
652,91,536.64,336.60,85.84,158.69,1.0000,-1,-1,-1
652,93,403.38,105.89,63.49,152.42,1.0000,-1,-1,-1
652,94,45.73,252.91,60.68,155.82,1.0000,-1,-1,-1
652,97,320.58,257.45,63.60,157.27,1.0000,-1,-1,-1
652,98,667.89,169.72,72.81,127.46,1.0000,-1,-1,-1
652,99,878.21,352.37,49.50,165.09,1.0000,-1,-1,-1
653,62,445.71,452.62,76.15,129.01,1.0000,-1,-1,-1
653,89,928.59,458.05,124.25,164.50,1.0000,-1,-1,-1
653,90,498.53,155.99,78.95,134.30,1.0000,-1,-1,-1
653,91,538.31,337.15,83.12,157.17,1.0000,-1,-1,-1
653,93,404.13,105.24,63.54,152.53,1.0000,-1,-1,-1
653,94,48.03,252.16,58.76,155.24,1.0000,-1,-1,-1
653,97,322.99,255.74,63.57,157.55,1.0000,-1,-1,-1
653,98,667.49,170.04,71.08,124.43,1.0000,-1,-1,-1
653,99,880.26,351.66,48.72,163.47,1.0000,-1,-1,-1
654,62,451.34,452.03,73.74,129.46,1.0000,-1,-1,-1
654,89,928.42,456.20,126.62,165.38,1.0000,-1,-1,-1
654,90,499.92,155.58,79.04,134.47,1.0000,-1,-1,-1
654,91,539.48,336.66,79.38,155.85,1.0000,-1,-1,-1
654,93,404.87,104.58,63.59,152.65,1.0000,-1,-1,-1
654,94,51.00,251.74,56.78,155.05,1.0000,-1,-1,-1
654,97,324.75,254.32,63.74,157.72,1.0000,-1,-1,-1
654,98,667.11,170.40,69.30,121.32,1.0000,-1,-1,-1
654,99,881.37,350.86,48.29,162.24,1.0000,-1,-1,-1
655,62,454.58,451.24,73.31,130.22,1.0000,-1,-1,-1
655,89,928.65,451.61,128.24,167.69,1.0000,-1,-1,-1
655,90,501.32,155.16,79.14,134.63,1.0000,-1,-1,-1
655,91,539.80,336.72,76.35,154.81,1.0000,-1,-1,-1
655,93,405.62,103.93,63.63,152.76,1.0000,-1,-1,-1
655,94,54.96,250.46,56.21,154.70,1.0000,-1,-1,-1
655,97,326.67,251.80,62.20,155.60,1.0000,-1,-1,-1
655,98,666.76,170.80,67.48,118.12,1.0000,-1,-1,-1
655,99,884.45,350.59,47.96,161.11,1.0000,-1,-1,-1
656,62,456.80,450.89,73.82,130.62,1.0000,-1,-1,-1
656,89,929.33,449.68,129.56,169.69,1.0000,-1,-1,-1
656,90,502.72,154.75,79.24,134.80,1.0000,-1,-1,-1
656,91,539.26,338.35,75.08,155.73,1.0000,-1,-1,-1
656,93,406.36,103.27,63.68,152.87,1.0000,-1,-1,-1
656,94,57.23,249.99,56.68,154.66,1.0000,-1,-1,-1
656,97,328.28,251.57,60.68,154.43,1.0000,-1,-1,-1
656,98,654.63,164.32,84.93,136.26,1.0000,-1,-1,-1
656,99,883.70,348.81,48.60,160.43,1.0000,-1,-1,-1
657,62,457.93,450.18,74.19,130.95,1.0000,-1,-1,-1
657,89,930.22,448.00,130.25,170.98,1.0000,-1,-1,-1
657,90,504.11,154.34,79.34,134.97,1.0000,-1,-1,-1
657,91,539.57,339.72,74.07,157.69,1.0000,-1,-1,-1
657,93,407.11,102.62,63.73,152.98,1.0000,-1,-1,-1
657,94,58.66,249.91,57.51,154.92,1.0000,-1,-1,-1
657,97,329.32,251.91,59.44,153.87,1.0000,-1,-1,-1
657,98,653.54,163.97,84.24,135.16,1.0000,-1,-1,-1
657,99,886.43,348.34,48.30,159.45,1.0000,-1,-1,-1
658,62,459.23,449.45,75.21,130.93,1.0000,-1,-1,-1
658,89,929.42,446.81,131.64,172.10,1.0000,-1,-1,-1
658,90,505.51,153.92,79.44,135.14,1.0000,-1,-1,-1
658,91,539.93,341.17,73.98,160.33,1.0000,-1,-1,-1
658,93,407.85,101.97,63.77,153.09,1.0000,-1,-1,-1
658,94,59.28,249.92,59.18,154.76,1.0000,-1,-1,-1
658,97,330.25,252.53,58.51,153.76,1.0000,-1,-1,-1
658,98,652.45,163.63,83.56,134.06,1.0000,-1,-1,-1
658,99,889.16,347.87,48.00,158.46,1.0000,-1,-1,-1
659,62,460.82,450.89,75.91,130.43,1.0000,-1,-1,-1
659,89,928.77,445.24,133.11,173.19,1.0000,-1,-1,-1
659,90,506.91,153.51,79.54,135.30,1.0000,-1,-1,-1
659,91,540.45,342.40,74.42,163.60,1.0000,-1,-1,-1
659,93,408.60,101.31,63.82,153.21,1.0000,-1,-1,-1
659,94,59.25,249.76,60.79,154.33,1.0000,-1,-1,-1
659,97,330.69,251.79,57.92,151.87,1.0000,-1,-1,-1
659,98,651.36,163.29,82.86,132.94,1.0000,-1,-1,-1
659,99,891.89,347.41,47.70,157.47,1.0000,-1,-1,-1
660,62,470.18,452.44,72.00,129.90,1.0000,-1,-1,-1
660,89,934.59,442.08,130.76,174.36,1.0000,-1,-1,-1
660,90,508.30,153.10,79.64,135.47,1.0000,-1,-1,-1
660,91,541.27,342.94,74.21,165.96,1.0000,-1,-1,-1
660,93,409.34,100.66,63.87,153.32,1.0000,-1,-1,-1
660,94,62.88,249.32,61.50,153.52,1.0000,-1,-1,-1
660,97,330.97,248.80,57.56,145.83,1.0000,-1,-1,-1
660,98,650.27,162.96,82.16,131.82,1.0000,-1,-1,-1
660,99,894.62,346.94,47.40,156.47,1.0000,-1,-1,-1
661,62,473.28,452.67,71.91,129.75,1.0000,-1,-1,-1
661,89,935.45,440.28,130.07,174.99,1.0000,-1,-1,-1
661,90,509.70,152.69,79.73,135.64,1.0000,-1,-1,-1
661,91,542.27,342.83,74.30,166.88,1.0000,-1,-1,-1
661,93,410.08,100.00,63.91,153.43,1.0000,-1,-1,-1
661,94,65.04,248.94,61.98,152.56,1.0000,-1,-1,-1
661,97,331.07,249.04,57.44,143.51,1.0000,-1,-1,-1
661,98,649.19,162.64,81.46,130.69,1.0000,-1,-1,-1
661,99,897.36,346.48,47.10,155.47,1.0000,-1,-1,-1
662,62,476.38,452.89,71.82,129.59,1.0000,-1,-1,-1
662,89,936.68,439.25,130.24,175.22,1.0000,-1,-1,-1
662,90,511.10,152.28,79.83,135.81,1.0000,-1,-1,-1
662,91,543.55,342.13,74.63,166.76,1.0000,-1,-1,-1
662,93,410.83,99.35,63.96,153.54,1.0000,-1,-1,-1
662,94,67.11,248.66,62.53,151.72,1.0000,-1,-1,-1
662,97,331.47,249.90,57.20,141.49,1.0000,-1,-1,-1
662,98,648.11,162.31,80.74,129.55,1.0000,-1,-1,-1
662,99,900.09,346.03,46.79,154.45,1.0000,-1,-1,-1
663,62,479.49,453.12,71.74,129.44,1.0000,-1,-1,-1
663,89,969.13,437.76,110.27,174.71,1.0000,-1,-1,-1
663,90,512.49,151.86,79.93,135.97,1.0000,-1,-1,-1
663,91,544.62,341.64,74.35,166.50,1.0000,-1,-1,-1
663,93,411.57,98.70,64.01,153.65,1.0000,-1,-1,-1
663,94,69.71,248.58,63.23,150.67,1.0000,-1,-1,-1
663,97,332.36,253.57,56.76,141.78,1.0000,-1,-1,-1
663,98,647.03,162.00,80.02,128.39,1.0000,-1,-1,-1
663,99,902.83,345.58,46.48,153.43,1.0000,-1,-1,-1
664,62,485.05,453.28,70.54,129.11,1.0000,-1,-1,-1
664,89,972.27,436.75,110.30,174.75,1.0000,-1,-1,-1
664,90,513.89,151.45,80.03,136.14,1.0000,-1,-1,-1
664,91,546.02,341.38,74.00,166.31,1.0000,-1,-1,-1
664,93,412.32,98.04,64.05,153.76,1.0000,-1,-1,-1
664,94,71.72,249.01,63.77,150.00,1.0000,-1,-1,-1
664,97,333.01,255.70,56.66,142.60,1.0000,-1,-1,-1
664,98,665.94,168.06,73.72,141.54,1.0000,-1,-1,-1
664,99,905.57,345.13,46.17,152.41,1.0000,-1,-1,-1
665,62,486.92,454.79,70.41,128.16,1.0000,-1,-1,-1
665,89,975.42,435.75,110.33,174.80,1.0000,-1,-1,-1
665,90,515.29,151.04,80.13,136.30,1.0000,-1,-1,-1
665,91,548.33,341.16,72.22,165.85,1.0000,-1,-1,-1
665,93,413.06,97.39,64.10,153.88,1.0000,-1,-1,-1
665,94,75.79,249.25,63.97,148.88,1.0000,-1,-1,-1
665,97,333.42,256.64,56.52,143.35,1.0000,-1,-1,-1
665,98,665.99,168.68,73.11,140.38,1.0000,-1,-1,-1
665,99,908.30,344.68,45.86,151.38,1.0000,-1,-1,-1
666,62,487.75,456.05,70.49,127.18,1.0000,-1,-1,-1
666,89,978.57,434.74,110.36,174.84,1.0000,-1,-1,-1
666,90,516.69,150.63,80.22,136.47,1.0000,-1,-1,-1
666,91,550.56,341.50,69.30,165.24,1.0000,-1,-1,-1
666,93,413.81,96.73,64.15,153.99,1.0000,-1,-1,-1
666,94,78.58,250.03,63.60,147.95,1.0000,-1,-1,-1
666,97,333.13,257.42,56.60,144.16,1.0000,-1,-1,-1
666,98,666.04,169.30,72.50,139.21,1.0000,-1,-1,-1
666,99,911.04,344.24,45.54,150.34,1.0000,-1,-1,-1
667,62,488.28,456.86,70.82,126.65,1.0000,-1,-1,-1
667,89,952.07,433.03,118.30,178.09,1.0000,-1,-1,-1
667,90,518.08,150.22,80.32,136.64,1.0000,-1,-1,-1
667,91,552.30,342.06,66.63,164.58,1.0000,-1,-1,-1
667,93,414.55,96.08,64.19,154.10,1.0000,-1,-1,-1
667,94,80.58,251.09,62.94,146.77,1.0000,-1,-1,-1
667,97,332.81,258.09,56.83,144.63,1.0000,-1,-1,-1
667,98,666.09,169.93,71.88,138.03,1.0000,-1,-1,-1
667,99,913.78,343.80,45.22,149.29,1.0000,-1,-1,-1
668,62,488.36,458.01,71.47,125.79,1.0000,-1,-1,-1
668,89,949.16,431.59,121.72,178.89,1.0000,-1,-1,-1
668,90,519.48,149.80,80.42,136.80,1.0000,-1,-1,-1
668,91,553.41,342.60,64.20,163.97,1.0000,-1,-1,-1
668,93,415.30,95.43,64.24,154.21,1.0000,-1,-1,-1
668,94,82.22,252.07,62.17,145.96,1.0000,-1,-1,-1
668,97,332.32,258.70,57.37,144.80,1.0000,-1,-1,-1
668,98,666.14,170.56,71.26,136.83,1.0000,-1,-1,-1
668,99,916.52,343.37,44.91,148.23,1.0000,-1,-1,-1
669,62,487.59,458.91,72.34,124.83,1.0000,-1,-1,-1
669,89,948.38,430.50,123.70,179.36,1.0000,-1,-1,-1
669,90,520.88,149.39,80.52,136.97,1.0000,-1,-1,-1
669,91,554.47,343.26,62.56,163.39,1.0000,-1,-1,-1
669,93,416.04,94.77,64.29,154.32,1.0000,-1,-1,-1
669,94,83.51,252.71,61.55,145.69,1.0000,-1,-1,-1
669,97,331.76,259.16,57.72,144.53,1.0000,-1,-1,-1
669,98,666.20,171.19,70.64,135.63,1.0000,-1,-1,-1
669,99,919.27,342.94,44.58,147.17,1.0000,-1,-1,-1
669,102,460.55,99.48,59.04,138.17,1.0000,-1,-1,-1
670,62,485.76,459.42,73.19,123.44,1.0000,-1,-1,-1
670,89,951.09,428.62,123.21,179.06,1.0000,-1,-1,-1
670,90,522.28,148.98,80.61,137.13,1.0000,-1,-1,-1
670,91,552.87,346.02,61.91,161.96,1.0000,-1,-1,-1
670,93,416.79,94.12,64.33,154.43,1.0000,-1,-1,-1
670,94,85.29,253.01,60.81,145.35,1.0000,-1,-1,-1
670,97,331.04,259.57,57.89,143.81,1.0000,-1,-1,-1
670,98,666.26,171.84,70.01,134.42,1.0000,-1,-1,-1
670,99,922.01,342.51,44.26,146.10,1.0000,-1,-1,-1
670,102,455.26,95.58,64.11,143.50,1.0000,-1,-1,-1
671,62,484.17,460.36,74.32,122.80,1.0000,-1,-1,-1
671,89,954.09,426.93,121.78,178.84,1.0000,-1,-1,-1
671,90,523.67,148.57,80.71,137.30,1.0000,-1,-1,-1
671,91,551.66,347.78,61.34,161.06,1.0000,-1,-1,-1
671,93,417.53,93.46,64.38,154.54,1.0000,-1,-1,-1
671,94,86.77,253.64,60.34,145.19,1.0000,-1,-1,-1
671,97,330.52,260.21,58.05,143.01,1.0000,-1,-1,-1
671,98,666.33,172.49,69.37,133.19,1.0000,-1,-1,-1
671,99,924.75,342.09,43.93,145.02,1.0000,-1,-1,-1
671,102,452.20,95.05,67.44,145.14,1.0000,-1,-1,-1
672,62,482.62,460.88,75.17,121.19,1.0000,-1,-1,-1
672,89,957.16,425.79,119.45,178.29,1.0000,-1,-1,-1
672,90,525.07,148.16,80.81,137.46,1.0000,-1,-1,-1
672,91,551.75,348.39,61.20,160.69,1.0000,-1,-1,-1
672,93,418.28,92.81,64.42,154.65,1.0000,-1,-1,-1
672,94,87.93,254.30,60.59,144.96,1.0000,-1,-1,-1
672,97,330.11,260.83,58.24,142.23,1.0000,-1,-1,-1
672,98,666.39,173.14,68.72,131.96,1.0000,-1,-1,-1
672,99,927.50,341.67,43.60,143.94,1.0000,-1,-1,-1
672,102,449.26,94.89,70.76,145.52,1.0000,-1,-1,-1
673,62,482.18,461.75,77.05,120.72,1.0000,-1,-1,-1
673,89,963.65,424.73,114.88,177.60,1.0000,-1,-1,-1
673,91,551.84,349.00,61.06,160.32,1.0000,-1,-1,-1
673,93,419.02,92.16,64.47,154.76,1.0000,-1,-1,-1
673,94,88.59,254.82,60.98,144.43,1.0000,-1,-1,-1
673,97,329.72,261.79,58.30,141.75,1.0000,-1,-1,-1
673,98,666.46,173.80,68.07,130.71,1.0000,-1,-1,-1
673,99,930.25,341.25,43.27,142.84,1.0000,-1,-1,-1
673,102,447.36,94.77,73.24,145.87,1.0000,-1,-1,-1
674,62,481.06,462.55,78.18,120.24,1.0000,-1,-1,-1
674,89,967.35,423.26,110.69,177.31,1.0000,-1,-1,-1
674,91,551.93,349.61,60.92,159.95,1.0000,-1,-1,-1
674,93,419.76,91.50,64.52,154.87,1.0000,-1,-1,-1
674,94,90.00,255.48,60.95,143.92,1.0000,-1,-1,-1
674,97,329.54,262.11,58.42,141.48,1.0000,-1,-1,-1
674,98,657.47,196.91,73.50,141.74,1.0000,-1,-1,-1
674,99,933.00,340.84,42.94,141.74,1.0000,-1,-1,-1
674,102,445.10,94.75,75.86,146.42,1.0000,-1,-1,-1
675,62,482.24,462.93,78.10,120.12,1.0000,-1,-1,-1
675,89,973.62,420.92,104.15,176.61,1.0000,-1,-1,-1
675,91,552.02,350.23,60.78,159.58,1.0000,-1,-1,-1
675,94,93.92,255.69,60.47,142.73,1.0000,-1,-1,-1
675,97,329.20,260.30,58.85,142.03,1.0000,-1,-1,-1
675,98,657.05,199.14,73.07,140.92,1.0000,-1,-1,-1
675,99,935.75,340.44,42.60,140.63,1.0000,-1,-1,-1
675,102,442.61,97.26,77.63,144.86,1.0000,-1,-1,-1
676,62,483.42,463.31,78.02,120.00,1.0000,-1,-1,-1
676,89,979.81,419.32,97.01,175.75,1.0000,-1,-1,-1
676,91,552.12,350.84,60.64,159.21,1.0000,-1,-1,-1
676,94,96.61,256.48,59.73,141.65,1.0000,-1,-1,-1
676,97,329.06,258.30,59.29,143.68,1.0000,-1,-1,-1
676,98,656.63,201.37,72.65,140.10,1.0000,-1,-1,-1
676,99,938.50,340.04,42.26,139.51,1.0000,-1,-1,-1
676,102,441.01,95.71,79.33,145.07,1.0000,-1,-1,-1
677,62,484.60,463.69,77.95,119.88,1.0000,-1,-1,-1
677,89,985.54,418.38,89.79,175.21,1.0000,-1,-1,-1
677,91,552.21,351.45,60.50,158.84,1.0000,-1,-1,-1
677,94,98.29,256.66,59.62,140.73,1.0000,-1,-1,-1
677,97,329.11,255.23,59.59,146.16,1.0000,-1,-1,-1
677,98,656.21,203.61,72.22,139.28,1.0000,-1,-1,-1
677,99,941.25,339.64,41.92,138.38,1.0000,-1,-1,-1
677,102,438.93,94.37,80.82,147.79,1.0000,-1,-1,-1
678,62,485.78,464.07,77.87,119.77,1.0000,-1,-1,-1
678,89,990.36,417.74,83.35,174.65,1.0000,-1,-1,-1
678,91,552.30,352.06,60.35,158.46,1.0000,-1,-1,-1
678,94,99.45,257.25,59.78,139.75,1.0000,-1,-1,-1
678,97,329.33,252.45,59.76,148.61,1.0000,-1,-1,-1
678,98,655.79,205.84,71.79,138.45,1.0000,-1,-1,-1
678,99,944.00,339.25,41.58,137.24,1.0000,-1,-1,-1
678,102,436.86,93.05,82.28,150.46,1.0000,-1,-1,-1
679,62,486.96,464.45,77.79,119.65,1.0000,-1,-1,-1
679,89,994.72,417.67,77.17,174.45,1.0000,-1,-1,-1
679,91,552.39,352.68,60.21,158.09,1.0000,-1,-1,-1
679,94,100.78,257.49,59.61,139.00,1.0000,-1,-1,-1
679,97,329.59,249.87,59.87,150.69,1.0000,-1,-1,-1
679,98,655.37,208.09,71.36,137.61,1.0000,-1,-1,-1
679,99,946.76,338.86,41.23,136.10,1.0000,-1,-1,-1
679,102,441.05,102.42,80.27,141.91,1.0000,-1,-1,-1
680,62,488.14,464.83,77.71,119.53,1.0000,-1,-1,-1
680,89,998.78,416.64,71.08,173.41,1.0000,-1,-1,-1
680,91,552.49,353.29,60.07,157.71,1.0000,-1,-1,-1
680,94,104.02,257.84,59.83,138.87,1.0000,-1,-1,-1
680,97,329.65,248.48,60.17,152.13,1.0000,-1,-1,-1
680,98,654.96,210.33,70.92,136.77,1.0000,-1,-1,-1
680,99,949.52,338.47,40.88,134.94,1.0000,-1,-1,-1
680,102,442.16,105.70,79.85,138.48,1.0000,-1,-1,-1
681,62,489.32,465.21,77.64,119.41,1.0000,-1,-1,-1
681,89,1001.34,416.59,66.25,172.80,1.0000,-1,-1,-1
681,91,552.58,353.91,59.92,157.34,1.0000,-1,-1,-1
681,94,105.58,257.85,60.62,138.92,1.0000,-1,-1,-1
681,97,329.76,248.02,60.56,152.98,1.0000,-1,-1,-1
681,98,654.54,212.57,70.49,135.93,1.0000,-1,-1,-1
681,99,952.27,338.10,40.52,133.77,1.0000,-1,-1,-1
681,102,442.04,106.94,79.93,136.80,1.0000,-1,-1,-1
682,62,478.02,466.22,69.44,116.41,1.0000,-1,-1,-1
682,89,1002.53,416.16,62.65,172.26,1.0000,-1,-1,-1
682,91,549.91,368.31,65.70,159.27,1.0000,-1,-1,-1
682,94,106.58,257.64,61.43,138.82,1.0000,-1,-1,-1
682,97,330.06,249.03,61.02,152.75,1.0000,-1,-1,-1
682,98,654.13,214.82,70.04,135.08,1.0000,-1,-1,-1
682,99,955.03,337.72,40.17,132.59,1.0000,-1,-1,-1
682,102,441.09,106.97,80.66,138.05,1.0000,-1,-1,-1
683,62,478.82,466.71,67.53,115.33,1.0000,-1,-1,-1
683,89,1002.48,415.13,60.19,172.89,1.0000,-1,-1,-1
683,91,548.95,368.66,69.25,159.61,1.0000,-1,-1,-1
683,94,107.90,258.16,62.04,138.63,1.0000,-1,-1,-1
683,97,331.07,251.52,60.96,151.49,1.0000,-1,-1,-1
683,98,653.72,217.07,69.60,134.22,1.0000,-1,-1,-1
683,99,957.80,337.36,39.81,131.40,1.0000,-1,-1,-1
683,102,440.15,107.01,81.39,139.29,1.0000,-1,-1,-1
684,62,479.44,466.76,66.65,115.18,1.0000,-1,-1,-1
684,89,1001.77,413.97,58.45,173.60,1.0000,-1,-1,-1
684,91,547.87,367.92,72.41,159.86,1.0000,-1,-1,-1
684,94,109.58,257.71,62.58,138.33,1.0000,-1,-1,-1
684,97,330.63,253.91,61.83,149.62,1.0000,-1,-1,-1
684,98,653.31,219.33,69.15,133.36,1.0000,-1,-1,-1
684,99,960.56,336.99,39.44,130.21,1.0000,-1,-1,-1
684,102,439.20,107.06,82.10,140.52,1.0000,-1,-1,-1
685,62,480.34,466.93,65.63,114.79,1.0000,-1,-1,-1
685,89,1000.28,409.04,56.52,171.34,1.0000,-1,-1,-1
685,91,548.02,369.08,72.36,159.74,1.0000,-1,-1,-1
685,94,113.51,257.30,63.24,138.56,1.0000,-1,-1,-1
685,97,331.45,257.38,62.13,146.97,1.0000,-1,-1,-1
685,98,652.90,221.59,68.71,132.50,1.0000,-1,-1,-1
685,99,963.32,336.64,39.08,128.99,1.0000,-1,-1,-1
685,102,438.26,107.11,82.82,141.74,1.0000,-1,-1,-1
685,103,531.91,212.66,79.17,146.52,1.0000,-1,-1,-1
686,62,481.04,467.17,64.91,114.10,1.0000,-1,-1,-1
686,89,999.27,405.57,54.83,167.76,1.0000,-1,-1,-1
686,91,548.18,370.24,72.31,159.62,1.0000,-1,-1,-1
686,94,116.34,256.90,64.07,138.27,1.0000,-1,-1,-1
686,97,331.20,259.25,62.82,145.12,1.0000,-1,-1,-1
686,98,652.50,223.85,68.25,131.62,1.0000,-1,-1,-1
686,99,966.09,336.29,38.71,127.77,1.0000,-1,-1,-1
686,102,437.33,107.16,83.52,142.95,1.0000,-1,-1,-1
686,103,517.46,213.72,84.61,149.11,1.0000,-1,-1,-1
687,62,482.00,467.57,64.21,113.42,1.0000,-1,-1,-1
687,89,998.72,403.11,53.55,164.41,1.0000,-1,-1,-1
687,91,548.34,371.40,72.25,159.50,1.0000,-1,-1,-1
687,94,122.33,255.75,62.68,136.12,1.0000,-1,-1,-1
687,97,331.98,260.44,63.26,143.64,1.0000,-1,-1,-1
687,98,652.09,226.11,67.80,130.74,1.0000,-1,-1,-1
687,102,436.39,107.22,84.22,144.14,1.0000,-1,-1,-1
687,103,510.38,214.30,89.08,150.67,1.0000,-1,-1,-1
688,62,482.03,466.71,63.90,113.63,1.0000,-1,-1,-1
688,89,996.84,401.52,53.03,162.27,1.0000,-1,-1,-1
688,91,548.50,372.56,72.20,159.38,1.0000,-1,-1,-1
688,94,125.96,256.32,61.63,135.30,1.0000,-1,-1,-1
688,97,334.81,261.03,62.18,142.47,1.0000,-1,-1,-1
688,98,651.69,228.37,67.34,129.86,1.0000,-1,-1,-1
688,102,435.46,107.29,84.92,145.33,1.0000,-1,-1,-1
688,103,500.48,212.83,92.20,155.95,1.0000,-1,-1,-1
689,62,481.92,466.01,63.75,113.91,1.0000,-1,-1,-1
689,89,996.99,399.95,52.68,161.18,1.0000,-1,-1,-1
689,91,548.65,373.72,72.15,159.26,1.0000,-1,-1,-1
689,94,126.77,257.92,63.27,135.24,1.0000,-1,-1,-1
689,97,336.57,261.20,61.23,141.59,1.0000,-1,-1,-1
689,98,651.29,230.64,66.88,128.97,1.0000,-1,-1,-1
689,102,434.54,107.36,85.60,146.51,1.0000,-1,-1,-1
689,103,490.64,211.44,95.22,161.05,1.0000,-1,-1,-1
690,62,482.28,465.09,63.70,114.66,1.0000,-1,-1,-1
690,89,997.15,398.39,52.32,160.09,1.0000,-1,-1,-1
690,91,559.17,357.59,75.80,167.73,1.0000,-1,-1,-1
690,94,131.54,258.47,64.23,134.64,1.0000,-1,-1,-1
690,97,340.46,261.45,59.41,140.85,1.0000,-1,-1,-1
690,98,650.89,232.91,66.41,128.07,1.0000,-1,-1,-1
690,102,433.61,107.43,86.29,147.68,1.0000,-1,-1,-1
690,103,480.85,210.13,98.15,166.00,1.0000,-1,-1,-1
691,62,482.36,464.49,63.86,115.16,1.0000,-1,-1,-1
691,89,997.30,396.82,51.96,158.98,1.0000,-1,-1,-1
691,91,559.74,359.73,77.08,168.40,1.0000,-1,-1,-1
691,94,135.18,258.84,64.21,133.86,1.0000,-1,-1,-1
691,97,342.18,261.81,58.51,140.31,1.0000,-1,-1,-1
691,98,650.49,235.19,65.94,127.17,1.0000,-1,-1,-1
691,102,432.69,107.51,86.96,148.84,1.0000,-1,-1,-1
691,103,471.09,208.90,100.98,170.80,1.0000,-1,-1,-1
692,62,482.64,464.37,63.84,115.18,1.0000,-1,-1,-1
692,89,997.46,395.26,51.60,157.88,1.0000,-1,-1,-1
692,91,561.53,361.04,77.18,167.58,1.0000,-1,-1,-1
692,94,138.38,259.35,63.60,132.89,1.0000,-1,-1,-1
692,97,343.13,261.70,58.08,139.97,1.0000,-1,-1,-1
692,98,650.09,237.47,65.47,126.26,1.0000,-1,-1,-1
692,102,431.77,107.60,87.64,149.99,1.0000,-1,-1,-1
692,103,461.38,207.73,103.75,175.47,1.0000,-1,-1,-1
693,62,482.18,465.45,64.23,114.31,1.0000,-1,-1,-1
693,89,997.61,393.71,51.23,156.76,1.0000,-1,-1,-1
693,91,564.51,363.00,76.02,166.08,1.0000,-1,-1,-1
693,94,140.07,259.86,63.29,132.08,1.0000,-1,-1,-1
693,97,343.78,262.11,58.16,139.31,1.0000,-1,-1,-1
693,98,649.70,239.75,65.00,125.35,1.0000,-1,-1,-1
693,102,430.85,107.68,88.30,151.13,1.0000,-1,-1,-1
693,103,451.70,206.61,106.44,180.02,1.0000,-1,-1,-1
694,62,482.57,465.93,64.45,114.12,1.0000,-1,-1,-1
694,89,997.77,392.15,50.87,155.63,1.0000,-1,-1,-1
694,91,565.13,360.11,75.80,167.44,1.0000,-1,-1,-1
694,94,139.90,259.62,60.42,131.28,1.0000,-1,-1,-1
694,97,344.28,262.69,58.46,138.65,1.0000,-1,-1,-1
694,98,649.30,242.03,64.52,124.42,1.0000,-1,-1,-1
694,102,429.94,107.78,88.97,152.26,1.0000,-1,-1,-1
694,103,442.05,205.56,109.06,184.46,1.0000,-1,-1,-1
694,106,882.58,342.15,40.59,143.98,1.0000,-1,-1,-1
695,62,482.63,466.24,65.04,114.48,1.0000,-1,-1,-1
695,89,997.93,390.61,50.50,154.50,1.0000,-1,-1,-1
695,91,566.31,360.33,75.79,167.42,1.0000,-1,-1,-1
695,94,142.24,259.68,60.28,130.98,1.0000,-1,-1,-1
695,97,344.72,263.70,58.09,137.89,1.0000,-1,-1,-1
695,98,648.91,244.32,64.04,123.50,1.0000,-1,-1,-1
695,102,429.03,107.87,89.62,153.39,1.0000,-1,-1,-1
695,103,432.44,204.56,111.62,188.79,1.0000,-1,-1,-1
695,106,882.23,340.80,41.76,147.38,1.0000,-1,-1,-1
696,62,482.52,466.25,65.50,114.66,1.0000,-1,-1,-1
696,89,998.09,389.06,50.12,153.36,1.0000,-1,-1,-1
696,91,567.49,360.55,75.78,167.41,1.0000,-1,-1,-1
696,94,144.58,259.73,60.14,130.68,1.0000,-1,-1,-1
696,97,345.27,264.57,57.85,137.13,1.0000,-1,-1,-1
696,98,648.52,246.61,63.55,122.56,1.0000,-1,-1,-1
696,102,428.12,107.97,90.28,154.51,1.0000,-1,-1,-1
696,103,422.85,203.60,114.13,193.03,1.0000,-1,-1,-1
696,106,881.71,339.72,42.77,150.00,1.0000,-1,-1,-1
697,62,482.45,466.29,65.92,114.87,1.0000,-1,-1,-1
697,89,998.26,387.52,49.75,152.21,1.0000,-1,-1,-1
697,91,568.66,360.77,75.78,167.39,1.0000,-1,-1,-1
697,94,146.93,259.79,60.01,130.38,1.0000,-1,-1,-1
697,97,345.37,265.14,57.92,136.43,1.0000,-1,-1,-1
697,98,648.13,248.91,63.06,121.62,1.0000,-1,-1,-1
697,102,427.21,108.08,90.92,155.61,1.0000,-1,-1,-1
697,103,413.29,202.69,116.58,197.17,1.0000,-1,-1,-1
697,105,783.41,494.54,55.00,89.14,1.0000,-1,-1,-1
697,106,881.45,338.68,43.94,151.94,1.0000,-1,-1,-1
698,62,481.91,466.00,66.48,115.05,1.0000,-1,-1,-1
698,89,998.42,385.99,49.37,151.05,1.0000,-1,-1,-1
698,91,569.84,360.99,75.77,167.37,1.0000,-1,-1,-1
698,94,149.27,259.85,59.87,130.08,1.0000,-1,-1,-1
698,97,345.43,265.60,58.17,135.92,1.0000,-1,-1,-1
698,98,647.75,251.21,62.57,120.66,1.0000,-1,-1,-1
698,102,426.30,108.19,91.57,156.72,1.0000,-1,-1,-1
698,103,403.76,201.83,118.98,201.23,1.0000,-1,-1,-1
698,105,784.92,493.92,54.89,89.54,1.0000,-1,-1,-1
698,106,881.65,337.74,44.97,153.30,1.0000,-1,-1,-1
699,62,481.33,465.65,66.90,115.27,1.0000,-1,-1,-1
699,89,998.59,384.46,48.99,149.88,1.0000,-1,-1,-1
699,91,570.49,356.46,71.96,169.63,1.0000,-1,-1,-1
699,94,147.60,263.94,57.29,129.24,1.0000,-1,-1,-1
699,97,346.09,265.95,58.05,135.64,1.0000,-1,-1,-1
699,98,647.36,253.51,62.07,119.71,1.0000,-1,-1,-1
699,102,425.40,108.30,92.21,157.81,1.0000,-1,-1,-1
699,103,394.25,201.00,121.33,205.21,1.0000,-1,-1,-1
699,105,785.84,493.16,55.14,90.20,1.0000,-1,-1,-1
699,106,881.57,336.34,45.64,155.58,1.0000,-1,-1,-1
700,62,480.71,464.99,67.15,115.34,1.0000,-1,-1,-1
700,89,998.75,382.93,48.60,148.70,1.0000,-1,-1,-1
700,91,571.97,359.54,69.96,167.85,1.0000,-1,-1,-1
700,94,150.50,267.59,56.98,126.30,1.0000,-1,-1,-1
700,97,346.75,266.30,57.93,135.36,1.0000,-1,-1,-1
700,98,646.98,255.82,61.57,118.74,1.0000,-1,-1,-1
700,102,424.50,108.42,92.84,158.89,1.0000,-1,-1,-1
700,103,384.76,200.21,123.64,209.12,1.0000,-1,-1,-1
700,105,786.53,492.07,55.48,91.22,1.0000,-1,-1,-1
700,106,881.51,334.95,46.30,157.83,1.0000,-1,-1,-1
701,62,480.33,464.64,67.25,115.02,1.0000,-1,-1,-1
701,89,998.92,381.41,48.21,147.52,1.0000,-1,-1,-1
701,91,572.96,361.79,68.62,166.39,1.0000,-1,-1,-1
701,94,152.54,269.30,57.40,124.46,1.0000,-1,-1,-1
701,97,347.41,266.65,57.82,135.08,1.0000,-1,-1,-1
701,98,646.60,258.13,61.07,117.77,1.0000,-1,-1,-1
701,102,423.60,108.54,93.47,159.97,1.0000,-1,-1,-1
701,103,375.29,199.46,125.91,212.95,1.0000,-1,-1,-1
701,105,786.93,491.67,55.46,92.13,1.0000,-1,-1,-1
701,106,881.44,333.58,46.95,160.05,1.0000,-1,-1,-1
702,62,478.90,464.47,67.73,114.99,1.0000,-1,-1,-1
702,89,999.09,379.89,47.82,146.32,1.0000,-1,-1,-1
702,91,573.86,359.44,67.54,167.34,1.0000,-1,-1,-1
702,94,154.01,270.98,58.55,122.79,1.0000,-1,-1,-1
702,97,348.08,267.00,57.70,134.80,1.0000,-1,-1,-1
702,98,646.22,260.44,60.56,116.78,1.0000,-1,-1,-1
702,102,422.71,108.66,94.10,161.04,1.0000,-1,-1,-1
702,103,365.84,198.74,128.13,216.71,1.0000,-1,-1,-1
702,105,787.36,491.04,55.38,92.90,1.0000,-1,-1,-1
702,106,881.38,332.22,47.60,162.24,1.0000,-1,-1,-1
703,62,476.99,464.66,68.51,115.89,1.0000,-1,-1,-1
703,89,983.72,380.82,54.51,158.11,1.0000,-1,-1,-1
703,91,574.62,358.02,66.72,168.45,1.0000,-1,-1,-1
703,94,156.09,272.49,60.40,121.00,1.0000,-1,-1,-1
703,97,348.74,267.36,57.58,134.52,1.0000,-1,-1,-1
703,98,645.85,262.76,60.04,115.79,1.0000,-1,-1,-1
703,102,421.81,108.79,94.72,162.11,1.0000,-1,-1,-1
703,103,356.42,198.06,130.32,220.41,1.0000,-1,-1,-1
703,105,787.56,490.32,55.55,93.67,1.0000,-1,-1,-1
703,106,881.33,330.88,48.23,164.40,1.0000,-1,-1,-1
703,108,496.41,230.78,47.24,135.28,1.0000,-1,-1,-1
704,62,475.48,464.01,69.02,116.85,1.0000,-1,-1,-1
704,89,983.21,379.62,54.21,157.23,1.0000,-1,-1,-1
704,91,574.95,358.85,66.07,168.17,1.0000,-1,-1,-1
704,94,158.24,273.11,60.23,120.67,1.0000,-1,-1,-1
704,97,349.40,267.71,57.45,134.24,1.0000,-1,-1,-1
704,98,645.47,265.09,59.53,114.79,1.0000,-1,-1,-1
704,102,420.92,108.92,95.34,163.17,1.0000,-1,-1,-1
704,103,347.01,197.40,132.47,224.05,1.0000,-1,-1,-1
704,105,787.75,489.64,55.56,94.41,1.0000,-1,-1,-1
704,106,881.28,329.56,48.85,166.53,1.0000,-1,-1,-1
704,108,491.02,229.09,47.51,136.05,1.0000,-1,-1,-1
705,62,473.77,463.41,68.72,118.09,1.0000,-1,-1,-1
705,89,982.70,378.42,53.90,156.34,1.0000,-1,-1,-1
705,91,575.83,360.19,65.50,167.26,1.0000,-1,-1,-1
705,94,160.39,273.73,60.07,120.34,1.0000,-1,-1,-1
705,97,350.06,268.06,57.33,133.96,1.0000,-1,-1,-1
705,102,420.03,109.05,95.95,164.22,1.0000,-1,-1,-1
705,103,337.61,196.78,134.59,227.63,1.0000,-1,-1,-1
705,105,787.98,488.88,55.53,95.27,1.0000,-1,-1,-1
705,106,881.23,328.24,49.47,168.64,1.0000,-1,-1,-1
705,108,485.63,227.39,47.78,136.81,1.0000,-1,-1,-1
706,62,472.78,462.62,68.31,119.00,1.0000,-1,-1,-1
706,89,982.20,377.23,53.59,155.45,1.0000,-1,-1,-1
706,91,576.62,360.42,65.13,166.83,1.0000,-1,-1,-1
706,94,162.55,274.34,59.90,120.01,1.0000,-1,-1,-1
706,97,350.73,268.41,57.21,133.68,1.0000,-1,-1,-1
706,102,419.14,109.19,96.56,165.26,1.0000,-1,-1,-1
706,103,328.24,196.18,136.67,231.16,1.0000,-1,-1,-1
706,105,787.98,488.52,55.59,95.89,1.0000,-1,-1,-1
706,106,881.19,326.94,50.08,170.71,1.0000,-1,-1,-1
706,108,480.24,225.70,48.04,137.57,1.0000,-1,-1,-1
707,62,472.57,461.82,67.69,119.74,1.0000,-1,-1,-1
707,89,981.69,376.03,53.28,154.55,1.0000,-1,-1,-1
707,91,577.02,358.64,65.04,167.81,1.0000,-1,-1,-1
707,94,164.70,274.96,59.74,119.68,1.0000,-1,-1,-1
707,97,351.39,268.77,57.09,133.40,1.0000,-1,-1,-1
707,102,418.26,109.33,97.17,166.30,1.0000,-1,-1,-1
707,103,318.88,195.61,138.73,234.63,1.0000,-1,-1,-1
707,105,787.81,488.28,55.69,96.11,1.0000,-1,-1,-1
707,106,889.58,327.90,51.87,152.32,1.0000,-1,-1,-1
707,108,474.86,224.01,48.31,138.33,1.0000,-1,-1,-1
708,62,471.98,460.65,67.52,120.40,1.0000,-1,-1,-1
708,89,981.25,369.45,49.88,155.61,1.0000,-1,-1,-1
708,91,577.18,358.82,65.08,168.03,1.0000,-1,-1,-1
708,94,179.48,275.64,64.40,118.70,1.0000,-1,-1,-1
708,97,352.05,269.12,56.97,133.11,1.0000,-1,-1,-1
708,102,417.37,109.47,97.77,167.33,1.0000,-1,-1,-1
708,103,309.53,195.06,140.75,238.05,1.0000,-1,-1,-1
708,105,787.36,488.10,55.93,96.03,1.0000,-1,-1,-1
708,106,890.81,329.18,52.57,148.82,1.0000,-1,-1,-1
708,108,469.47,222.32,48.57,139.08,1.0000,-1,-1,-1
709,62,471.42,460.27,67.37,121.08,1.0000,-1,-1,-1
709,89,980.08,368.14,49.45,155.75,1.0000,-1,-1,-1
709,91,577.52,360.06,65.05,167.61,1.0000,-1,-1,-1
709,94,182.77,276.20,64.26,118.45,1.0000,-1,-1,-1
709,97,352.72,269.47,56.85,132.83,1.0000,-1,-1,-1
709,102,416.49,109.62,98.37,168.35,1.0000,-1,-1,-1
709,103,300.20,194.54,142.74,241.43,1.0000,-1,-1,-1
709,105,787.18,488.38,55.76,96.08,1.0000,-1,-1,-1
709,106,891.64,327.72,52.99,150.02,1.0000,-1,-1,-1
709,108,464.08,220.63,48.83,139.83,1.0000,-1,-1,-1
710,62,470.79,460.06,67.19,121.87,1.0000,-1,-1,-1
710,89,979.41,366.74,49.13,154.74,1.0000,-1,-1,-1
710,91,577.59,361.47,65.19,167.02,1.0000,-1,-1,-1
710,94,186.07,276.77,64.12,118.19,1.0000,-1,-1,-1
710,97,353.38,269.83,56.73,132.54,1.0000,-1,-1,-1
710,102,415.61,109.77,98.96,169.37,1.0000,-1,-1,-1
710,103,290.88,194.04,144.71,244.75,1.0000,-1,-1,-1
710,105,787.01,488.80,55.52,95.90,1.0000,-1,-1,-1
710,106,892.48,326.26,53.41,151.20,1.0000,-1,-1,-1
710,108,458.70,218.94,49.09,140.57,1.0000,-1,-1,-1
711,62,470.62,459.75,67.11,122.46,1.0000,-1,-1,-1
711,89,976.77,365.80,49.11,154.28,1.0000,-1,-1,-1
711,91,577.59,360.63,65.41,167.46,1.0000,-1,-1,-1
711,94,189.36,277.33,63.98,117.93,1.0000,-1,-1,-1
711,97,354.04,270.18,56.61,132.26,1.0000,-1,-1,-1
711,102,414.73,109.92,99.55,170.38,1.0000,-1,-1,-1
711,103,281.58,193.56,146.65,248.04,1.0000,-1,-1,-1
711,105,786.28,489.16,55.62,95.61,1.0000,-1,-1,-1
711,106,893.32,324.81,53.82,152.37,1.0000,-1,-1,-1
711,108,453.32,217.26,49.35,141.31,1.0000,-1,-1,-1
712,62,469.88,459.59,67.60,122.84,1.0000,-1,-1,-1
712,89,975.94,364.46,48.79,153.27,1.0000,-1,-1,-1
712,91,577.58,360.09,65.66,167.80,1.0000,-1,-1,-1
712,94,199.96,291.49,72.79,120.10,1.0000,-1,-1,-1
712,97,372.14,258.79,70.75,145.27,1.0000,-1,-1,-1
712,103,272.29,193.10,148.57,251.28,1.0000,-1,-1,-1
712,105,785.74,489.37,55.49,95.31,1.0000,-1,-1,-1
712,106,894.16,323.36,54.23,153.53,1.0000,-1,-1,-1
712,108,447.93,215.58,49.61,142.04,1.0000,-1,-1,-1
713,62,468.96,459.71,68.41,122.96,1.0000,-1,-1,-1
713,89,975.12,363.12,48.47,152.26,1.0000,-1,-1,-1
713,91,577.57,359.60,65.82,168.25,1.0000,-1,-1,-1
713,94,204.15,293.15,72.71,119.97,1.0000,-1,-1,-1
713,97,374.08,258.71,70.75,145.28,1.0000,-1,-1,-1
713,103,263.01,192.67,150.46,254.47,1.0000,-1,-1,-1
713,105,785.42,489.74,54.81,94.80,1.0000,-1,-1,-1
713,106,895.01,321.92,54.64,154.69,1.0000,-1,-1,-1
713,108,442.55,213.90,49.86,142.77,1.0000,-1,-1,-1
714,62,469.43,460.12,68.71,122.80,1.0000,-1,-1,-1
714,89,974.29,361.78,48.14,151.23,1.0000,-1,-1,-1
714,91,577.63,360.58,65.84,168.08,1.0000,-1,-1,-1
714,94,208.33,294.80,72.63,119.84,1.0000,-1,-1,-1
714,97,376.01,258.64,70.76,145.29,1.0000,-1,-1,-1
714,103,253.74,192.25,152.33,257.63,1.0000,-1,-1,-1
714,105,784.68,490.27,54.37,94.32,1.0000,-1,-1,-1
714,106,895.85,320.48,55.05,155.83,1.0000,-1,-1,-1
714,108,437.17,212.22,50.12,143.50,1.0000,-1,-1,-1
715,62,470.40,460.80,68.71,123.27,1.0000,-1,-1,-1
715,89,970.01,361.32,49.51,147.68,1.0000,-1,-1,-1
715,91,577.20,359.28,65.95,169.09,1.0000,-1,-1,-1
715,94,212.52,296.46,72.55,119.70,1.0000,-1,-1,-1
715,97,364.70,258.53,80.47,152.42,1.0000,-1,-1,-1
715,103,244.48,191.86,154.17,260.75,1.0000,-1,-1,-1
715,105,782.56,490.99,54.20,93.54,1.0000,-1,-1,-1
715,106,898.82,330.47,58.93,146.01,1.0000,-1,-1,-1
715,108,431.78,210.55,50.37,144.23,1.0000,-1,-1,-1
716,62,471.29,461.34,68.92,123.35,1.0000,-1,-1,-1
716,89,968.29,358.79,51.11,147.88,1.0000,-1,-1,-1
716,91,577.04,358.24,66.18,170.14,1.0000,-1,-1,-1
716,94,228.40,303.43,62.51,118.39,1.0000,-1,-1,-1
716,97,360.78,259.73,84.58,153.97,1.0000,-1,-1,-1
716,103,235.24,191.48,155.99,263.84,1.0000,-1,-1,-1
716,105,779.82,491.49,54.70,93.01,1.0000,-1,-1,-1
716,106,899.85,332.02,60.09,143.30,1.0000,-1,-1,-1
716,108,426.40,208.87,50.62,144.95,1.0000,-1,-1,-1
717,62,472.01,461.70,69.27,123.26,1.0000,-1,-1,-1
717,89,967.26,357.03,51.53,147.96,1.0000,-1,-1,-1
717,91,576.78,357.65,66.30,170.83,1.0000,-1,-1,-1
717,94,234.28,303.49,58.36,118.04,1.0000,-1,-1,-1
717,97,358.82,261.51,88.01,154.87,1.0000,-1,-1,-1
717,103,226.00,191.12,157.80,266.88,1.0000,-1,-1,-1
717,105,778.24,491.74,54.02,92.51,1.0000,-1,-1,-1
717,106,900.42,332.67,60.48,141.84,1.0000,-1,-1,-1
717,108,421.02,207.20,50.87,145.66,1.0000,-1,-1,-1
718,62,472.43,461.77,69.66,123.48,1.0000,-1,-1,-1
718,89,966.45,355.56,51.48,147.99,1.0000,-1,-1,-1
718,91,576.38,357.18,66.45,171.16,1.0000,-1,-1,-1
718,94,238.11,301.24,58.54,119.37,1.0000,-1,-1,-1
718,97,357.38,263.53,89.11,154.49,1.0000,-1,-1,-1
718,105,777.40,492.45,53.09,92.20,1.0000,-1,-1,-1
718,106,903.89,332.87,58.96,141.34,1.0000,-1,-1,-1
718,108,415.64,205.53,51.12,146.38,1.0000,-1,-1,-1
719,62,473.09,460.71,70.05,123.48,1.0000,-1,-1,-1
719,89,965.40,354.60,51.60,147.41,1.0000,-1,-1,-1
719,91,575.89,356.95,66.73,171.16,1.0000,-1,-1,-1
719,94,240.77,298.09,62.94,121.26,1.0000,-1,-1,-1
719,97,355.17,265.20,88.22,154.23,1.0000,-1,-1,-1
719,105,776.95,493.57,51.94,92.00,1.0000,-1,-1,-1
719,106,905.15,332.15,59.29,142.13,1.0000,-1,-1,-1
719,108,410.26,203.86,51.37,147.09,1.0000,-1,-1,-1
720,62,474.46,459.73,70.40,123.33,1.0000,-1,-1,-1
720,89,963.80,353.59,52.22,147.33,1.0000,-1,-1,-1
720,91,575.21,356.42,67.16,171.23,1.0000,-1,-1,-1
720,94,243.03,292.66,64.95,124.71,1.0000,-1,-1,-1
720,97,353.00,267.04,87.29,154.23,1.0000,-1,-1,-1
720,105,773.56,495.74,51.74,92.86,1.0000,-1,-1,-1
720,106,906.42,331.43,59.61,142.92,1.0000,-1,-1,-1
720,108,404.89,202.20,51.61,147.79,1.0000,-1,-1,-1
720,109,445.36,235.74,51.71,132.44,1.0000,-1,-1,-1
721,62,474.99,459.25,70.84,123.14,1.0000,-1,-1,-1
721,89,962.83,352.27,51.92,146.48,1.0000,-1,-1,-1
721,91,574.41,355.83,67.74,171.32,1.0000,-1,-1,-1
721,94,247.53,293.47,64.85,124.53,1.0000,-1,-1,-1
721,97,353.06,267.78,87.40,154.44,1.0000,-1,-1,-1
721,105,772.75,496.04,51.78,92.95,1.0000,-1,-1,-1
721,106,907.68,330.72,59.94,143.70,1.0000,-1,-1,-1
721,108,399.51,200.53,51.86,148.50,1.0000,-1,-1,-1
721,109,446.40,240.24,49.20,126.03,1.0000,-1,-1,-1
722,62,474.90,458.98,71.38,122.92,1.0000,-1,-1,-1
722,89,961.86,350.96,51.62,145.63,1.0000,-1,-1,-1
722,91,573.24,355.76,68.72,171.29,1.0000,-1,-1,-1
722,94,252.03,294.27,64.76,124.34,1.0000,-1,-1,-1
722,97,353.13,268.52,87.52,154.65,1.0000,-1,-1,-1
722,105,771.94,496.34,51.83,93.03,1.0000,-1,-1,-1
722,106,908.95,330.01,60.27,144.48,1.0000,-1,-1,-1
722,108,394.13,198.87,52.10,149.20,1.0000,-1,-1,-1
722,109,447.51,244.93,46.56,119.27,1.0000,-1,-1,-1
723,62,474.14,458.83,72.11,122.82,1.0000,-1,-1,-1
723,89,960.89,349.65,51.32,144.77,1.0000,-1,-1,-1
723,91,573.17,356.02,69.14,170.97,1.0000,-1,-1,-1
723,94,256.52,295.07,64.66,124.15,1.0000,-1,-1,-1
723,97,353.19,269.26,87.64,154.86,1.0000,-1,-1,-1
723,105,771.13,496.64,51.88,93.12,1.0000,-1,-1,-1
723,106,910.22,329.30,60.59,145.25,1.0000,-1,-1,-1
723,108,388.75,197.21,52.35,149.89,1.0000,-1,-1,-1
723,109,448.69,249.81,43.77,112.10,1.0000,-1,-1,-1
724,62,473.33,459.02,72.70,123.01,1.0000,-1,-1,-1
724,89,960.99,350.60,52.78,147.45,1.0000,-1,-1,-1
724,91,572.72,356.14,69.68,170.50,1.0000,-1,-1,-1
724,94,261.02,295.88,64.56,123.97,1.0000,-1,-1,-1
724,97,353.25,270.00,87.76,155.07,1.0000,-1,-1,-1
724,105,770.32,496.94,51.93,93.21,1.0000,-1,-1,-1
724,106,911.49,328.59,60.91,146.03,1.0000,-1,-1,-1
724,108,383.38,195.55,52.59,150.59,1.0000,-1,-1,-1
724,109,449.98,254.94,40.78,104.44,1.0000,-1,-1,-1
725,62,471.43,460.16,73.65,121.91,1.0000,-1,-1,-1
725,89,956.31,348.67,55.97,149.70,1.0000,-1,-1,-1
725,91,570.98,356.51,70.88,169.06,1.0000,-1,-1,-1
725,94,265.52,296.68,64.46,123.78,1.0000,-1,-1,-1
725,97,353.31,270.74,87.88,155.28,1.0000,-1,-1,-1
725,105,763.95,497.17,48.69,89.96,1.0000,-1,-1,-1
725,106,912.76,327.88,61.23,146.79,1.0000,-1,-1,-1
725,108,378.00,193.89,52.83,151.28,1.0000,-1,-1,-1
725,109,451.38,260.38,37.55,96.17,1.0000,-1,-1,-1
726,62,469.64,460.90,74.03,121.01,1.0000,-1,-1,-1
726,89,949.92,346.21,60.24,152.23,1.0000,-1,-1,-1
726,91,568.67,356.46,72.65,168.21,1.0000,-1,-1,-1
726,94,270.02,297.49,64.37,123.59,1.0000,-1,-1,-1
726,97,353.37,271.48,88.00,155.49,1.0000,-1,-1,-1
726,105,762.12,499.17,48.37,88.18,1.0000,-1,-1,-1
726,106,914.03,327.18,61.55,147.56,1.0000,-1,-1,-1
726,108,372.63,192.23,53.07,151.96,1.0000,-1,-1,-1
726,109,452.93,266.20,34.02,87.13,1.0000,-1,-1,-1
727,62,466.76,461.69,73.88,120.16,1.0000,-1,-1,-1
727,89,944.11,345.55,64.43,153.96,1.0000,-1,-1,-1
727,91,567.88,357.40,73.82,167.31,1.0000,-1,-1,-1
727,94,274.51,298.29,64.27,123.41,1.0000,-1,-1,-1
727,97,353.43,272.22,88.12,155.70,1.0000,-1,-1,-1
727,105,760.54,500.98,48.17,86.57,1.0000,-1,-1,-1
727,106,915.31,326.48,61.87,148.31,1.0000,-1,-1,-1
727,108,367.25,190.58,53.31,152.65,1.0000,-1,-1,-1
727,109,454.69,272.55,30.07,77.02,1.0000,-1,-1,-1
728,62,463.64,462.10,74.74,119.38,1.0000,-1,-1,-1
728,89,936.88,347.00,69.64,154.35,1.0000,-1,-1,-1
728,91,567.68,359.09,74.63,165.71,1.0000,-1,-1,-1
728,94,279.01,299.10,64.17,123.22,1.0000,-1,-1,-1
728,97,353.50,272.96,88.23,155.91,1.0000,-1,-1,-1
728,105,758.02,501.94,49.04,84.70,1.0000,-1,-1,-1
728,106,916.58,325.78,62.18,149.07,1.0000,-1,-1,-1
728,108,361.88,188.92,53.55,153.33,1.0000,-1,-1,-1
728,109,456.76,279.68,25.53,65.38,1.0000,-1,-1,-1
729,62,460.32,462.46,75.89,118.52,1.0000,-1,-1,-1
729,89,929.54,348.29,75.77,154.76,1.0000,-1,-1,-1
729,91,567.60,360.71,75.69,164.46,1.0000,-1,-1,-1
729,94,283.51,299.90,64.07,123.03,1.0000,-1,-1,-1
729,97,353.56,273.70,88.35,156.12,1.0000,-1,-1,-1
729,105,756.58,502.32,48.97,84.59,1.0000,-1,-1,-1
729,106,917.85,325.08,62.50,149.82,1.0000,-1,-1,-1
729,108,356.50,187.27,53.78,154.01,1.0000,-1,-1,-1
729,109,459.32,288.09,19.97,51.15,1.0000,-1,-1,-1
730,62,454.61,463.71,77.04,117.61,1.0000,-1,-1,-1
730,89,920.60,346.95,82.02,155.66,1.0000,-1,-1,-1
730,91,565.57,364.14,77.37,163.53,1.0000,-1,-1,-1
730,94,288.01,300.71,63.97,122.84,1.0000,-1,-1,-1
730,97,353.62,274.44,88.47,156.32,1.0000,-1,-1,-1
730,105,754.60,503.95,50.61,81.44,1.0000,-1,-1,-1
730,106,919.13,324.38,62.81,150.57,1.0000,-1,-1,-1
730,108,351.13,185.62,54.02,154.68,1.0000,-1,-1,-1
730,109,463.05,299.49,12.08,30.94,1.0000,-1,-1,-1
731,62,450.43,463.89,77.15,117.32,1.0000,-1,-1,-1
731,89,918.20,346.29,81.93,155.50,1.0000,-1,-1,-1
731,91,564.63,367.47,78.41,161.79,1.0000,-1,-1,-1
731,94,292.50,301.51,63.88,122.65,1.0000,-1,-1,-1
731,97,353.68,275.18,88.59,156.53,1.0000,-1,-1,-1
731,105,752.45,505.28,52.22,79.32,1.0000,-1,-1,-1
731,106,920.40,323.69,63.12,151.31,1.0000,-1,-1,-1
731,108,345.76,183.97,54.25,155.35,1.0000,-1,-1,-1
731,109,462.84,300.80,12.08,30.94,1.0000,-1,-1,-1
731,111,441.21,127.25,74.72,117.81,1.0000,-1,-1,-1
732,62,444.76,464.23,78.17,117.46,1.0000,-1,-1,-1
732,89,907.39,340.76,89.85,159.42,1.0000,-1,-1,-1
732,91,561.68,367.58,80.46,161.51,1.0000,-1,-1,-1
732,94,297.00,302.32,63.78,122.46,1.0000,-1,-1,-1
732,97,353.75,275.92,88.70,156.74,1.0000,-1,-1,-1
732,105,750.75,506.58,53.58,77.55,1.0000,-1,-1,-1
732,106,921.68,322.99,63.43,152.05,1.0000,-1,-1,-1
732,108,340.39,182.32,54.49,156.02,1.0000,-1,-1,-1
732,109,462.63,302.10,12.08,30.94,1.0000,-1,-1,-1
732,111,439.16,126.46,75.59,119.06,1.0000,-1,-1,-1
733,62,441.17,464.17,78.24,117.51,1.0000,-1,-1,-1
733,89,902.03,337.22,94.16,162.01,1.0000,-1,-1,-1
733,91,563.51,370.93,79.72,159.35,1.0000,-1,-1,-1
733,94,301.50,303.12,63.68,122.27,1.0000,-1,-1,-1
733,97,353.81,276.66,88.82,156.95,1.0000,-1,-1,-1
733,105,749.68,508.02,54.39,76.37,1.0000,-1,-1,-1
733,106,922.96,322.30,63.73,152.79,1.0000,-1,-1,-1
733,108,335.02,180.68,54.72,156.69,1.0000,-1,-1,-1
733,109,462.42,303.40,12.08,30.94,1.0000,-1,-1,-1
733,111,437.31,124.58,75.82,120.99,1.0000,-1,-1,-1
734,62,439.37,463.80,77.36,117.45,1.0000,-1,-1,-1
734,89,896.77,335.74,96.14,163.55,1.0000,-1,-1,-1
734,91,559.92,372.02,82.00,158.78,1.0000,-1,-1,-1
734,94,296.17,281.99,88.09,132.33,1.0000,-1,-1,-1
734,97,353.87,277.40,88.94,157.15,1.0000,-1,-1,-1
734,105,748.71,508.75,55.44,75.51,1.0000,-1,-1,-1
734,106,924.23,321.61,64.04,153.52,1.0000,-1,-1,-1
734,109,462.21,304.70,12.08,30.94,1.0000,-1,-1,-1
734,111,436.00,124.00,75.42,121.28,1.0000,-1,-1,-1
735,62,435.27,463.54,75.28,117.05,1.0000,-1,-1,-1
735,89,889.90,335.01,92.01,163.33,1.0000,-1,-1,-1
735,91,559.48,372.65,82.01,158.81,1.0000,-1,-1,-1
735,94,300.72,281.74,88.15,132.42,1.0000,-1,-1,-1
735,97,353.93,278.14,89.06,157.36,1.0000,-1,-1,-1
735,105,749.02,509.79,57.16,75.21,1.0000,-1,-1,-1
735,106,925.51,320.92,64.34,154.25,1.0000,-1,-1,-1
735,109,462.00,306.00,12.08,30.94,1.0000,-1,-1,-1
735,111,432.71,124.90,75.38,119.91,1.0000,-1,-1,-1
736,62,430.95,463.61,75.12,116.55,1.0000,-1,-1,-1
736,89,886.37,333.97,92.00,163.31,1.0000,-1,-1,-1
736,91,559.03,373.29,82.03,158.84,1.0000,-1,-1,-1
736,94,305.28,281.49,88.21,132.52,1.0000,-1,-1,-1
736,97,354.00,278.88,89.17,157.57,1.0000,-1,-1,-1
736,105,749.27,510.40,58.49,75.11,1.0000,-1,-1,-1
736,106,926.79,320.24,64.65,154.98,1.0000,-1,-1,-1
736,109,461.78,307.30,12.08,30.94,1.0000,-1,-1,-1
736,111,428.47,124.56,76.37,120.61,1.0000,-1,-1,-1
736,114,203.87,142.78,56.23,127.26,1.0000,-1,-1,-1
737,62,426.67,463.33,75.45,116.73,1.0000,-1,-1,-1
737,89,882.85,332.94,91.99,163.30,1.0000,-1,-1,-1
737,91,558.59,373.92,82.04,158.87,1.0000,-1,-1,-1
737,94,309.83,281.24,88.28,132.61,1.0000,-1,-1,-1
737,97,354.06,279.62,89.29,157.77,1.0000,-1,-1,-1
737,105,749.27,510.82,59.84,75.06,1.0000,-1,-1,-1
737,106,928.07,319.55,64.95,155.70,1.0000,-1,-1,-1
737,109,461.57,308.60,12.08,30.94,1.0000,-1,-1,-1
737,111,425.55,124.12,76.95,121.53,1.0000,-1,-1,-1
737,114,199.67,141.71,56.28,128.70,1.0000,-1,-1,-1
738,62,424.45,463.86,75.30,116.10,1.0000,-1,-1,-1
738,89,879.32,331.90,91.99,163.29,1.0000,-1,-1,-1
738,91,558.15,374.56,82.06,158.90,1.0000,-1,-1,-1
738,94,314.38,280.98,88.34,132.70,1.0000,-1,-1,-1
738,97,354.12,280.37,89.41,157.98,1.0000,-1,-1,-1
738,105,748.79,511.05,61.08,74.87,1.0000,-1,-1,-1
738,106,929.35,318.87,65.25,156.42,1.0000,-1,-1,-1
738,109,461.36,309.90,12.08,30.94,1.0000,-1,-1,-1
738,111,422.48,124.53,77.66,123.49,1.0000,-1,-1,-1
738,114,194.73,140.69,56.67,129.61,1.0000,-1,-1,-1
739,62,423.19,464.23,74.88,115.31,1.0000,-1,-1,-1
739,89,875.80,330.86,91.98,163.28,1.0000,-1,-1,-1
739,91,557.71,375.19,82.08,158.93,1.0000,-1,-1,-1
739,94,318.93,280.73,88.40,132.79,1.0000,-1,-1,-1
739,97,354.18,281.11,89.52,158.18,1.0000,-1,-1,-1
739,105,748.74,511.39,61.94,74.31,1.0000,-1,-1,-1
739,106,930.63,318.19,65.55,157.14,1.0000,-1,-1,-1
739,109,461.15,311.20,12.08,30.94,1.0000,-1,-1,-1
739,111,420.21,123.36,78.21,125.09,1.0000,-1,-1,-1
739,114,189.80,139.67,57.07,130.51,1.0000,-1,-1,-1
740,62,419.99,464.87,74.82,114.88,1.0000,-1,-1,-1
740,89,872.27,329.82,91.97,163.27,1.0000,-1,-1,-1
740,91,557.27,375.83,82.09,158.96,1.0000,-1,-1,-1
740,94,323.48,280.48,88.46,132.88,1.0000,-1,-1,-1
740,97,354.25,281.85,89.64,158.39,1.0000,-1,-1,-1
740,105,748.19,511.74,61.95,74.33,1.0000,-1,-1,-1
740,106,931.91,317.51,65.84,157.85,1.0000,-1,-1,-1
740,109,460.94,312.50,12.08,30.94,1.0000,-1,-1,-1
740,111,416.18,123.33,78.80,124.93,1.0000,-1,-1,-1
740,114,184.86,138.65,57.46,131.40,1.0000,-1,-1,-1
741,62,418.76,466.09,74.08,113.47,1.0000,-1,-1,-1
741,89,868.75,328.78,91.97,163.26,1.0000,-1,-1,-1
741,91,571.21,382.55,73.37,158.81,1.0000,-1,-1,-1
741,94,328.03,280.23,88.52,132.97,1.0000,-1,-1,-1
741,97,354.31,282.59,89.75,158.59,1.0000,-1,-1,-1
741,105,747.63,512.09,61.96,74.34,1.0000,-1,-1,-1
741,106,933.20,316.83,66.14,158.56,1.0000,-1,-1,-1
741,109,460.73,313.81,12.08,30.94,1.0000,-1,-1,-1
741,111,414.12,124.00,78.44,124.46,1.0000,-1,-1,-1
741,114,179.93,137.64,57.84,132.29,1.0000,-1,-1,-1
742,62,417.61,466.71,73.60,113.43,1.0000,-1,-1,-1
742,89,865.22,327.74,91.96,163.24,1.0000,-1,-1,-1
742,91,572.81,383.43,70.41,159.05,1.0000,-1,-1,-1
742,94,332.58,279.97,88.58,133.06,1.0000,-1,-1,-1
742,97,354.37,283.33,89.87,158.80,1.0000,-1,-1,-1
742,105,747.07,512.44,61.97,74.35,1.0000,-1,-1,-1
742,106,934.48,316.16,66.44,159.27,1.0000,-1,-1,-1
742,109,460.51,315.11,12.08,30.94,1.0000,-1,-1,-1
742,111,413.54,124.11,77.05,122.59,1.0000,-1,-1,-1
742,114,175.00,136.62,58.23,133.18,1.0000,-1,-1,-1
743,62,415.15,467.44,74.71,113.50,1.0000,-1,-1,-1
743,89,861.70,326.70,91.96,163.23,1.0000,-1,-1,-1
743,91,573.18,383.94,68.66,159.08,1.0000,-1,-1,-1
743,94,337.13,279.72,88.64,133.16,1.0000,-1,-1,-1
743,97,354.44,284.07,89.99,159.00,1.0000,-1,-1,-1
743,105,746.52,512.80,61.98,74.37,1.0000,-1,-1,-1
743,106,935.76,315.48,66.73,159.97,1.0000,-1,-1,-1
743,109,460.30,316.41,12.08,30.94,1.0000,-1,-1,-1
743,111,410.84,123.83,77.43,123.20,1.0000,-1,-1,-1
743,114,170.07,135.62,58.61,134.05,1.0000,-1,-1,-1
744,62,411.04,467.97,76.52,114.00,1.0000,-1,-1,-1
744,89,858.17,325.66,91.95,163.22,1.0000,-1,-1,-1
744,91,572.44,384.62,67.86,159.79,1.0000,-1,-1,-1
744,94,341.68,279.47,88.70,133.25,1.0000,-1,-1,-1
744,97,354.50,284.82,90.10,159.21,1.0000,-1,-1,-1
744,105,745.96,513.15,61.99,74.38,1.0000,-1,-1,-1
744,106,937.05,314.81,67.02,160.67,1.0000,-1,-1,-1
744,109,460.09,317.71,12.08,30.94,1.0000,-1,-1,-1
744,111,408.15,123.56,77.81,123.81,1.0000,-1,-1,-1
744,114,165.14,134.61,58.99,134.92,1.0000,-1,-1,-1
745,62,405.66,468.11,78.05,114.21,1.0000,-1,-1,-1
745,89,854.65,324.62,91.94,163.21,1.0000,-1,-1,-1
745,91,572.39,385.16,66.68,161.00,1.0000,-1,-1,-1
745,94,346.23,279.21,88.76,133.34,1.0000,-1,-1,-1
745,97,354.56,285.56,90.22,159.41,1.0000,-1,-1,-1
745,105,745.40,513.50,62.00,74.39,1.0000,-1,-1,-1
745,106,938.33,314.14,67.31,161.37,1.0000,-1,-1,-1
745,109,459.88,319.01,12.08,30.94,1.0000,-1,-1,-1
745,111,405.45,123.29,78.19,124.42,1.0000,-1,-1,-1
745,114,160.21,133.61,59.37,135.79,1.0000,-1,-1,-1
745,115,225.39,263.59,88.59,139.25,1.0000,-1,-1,-1
746,62,399.45,469.00,79.16,114.47,1.0000,-1,-1,-1
746,89,851.13,323.58,91.94,163.20,1.0000,-1,-1,-1
746,91,572.63,385.17,66.72,162.73,1.0000,-1,-1,-1
746,94,350.78,278.96,88.82,133.43,1.0000,-1,-1,-1
746,97,354.63,286.30,90.33,159.61,1.0000,-1,-1,-1
746,105,744.85,513.85,62.01,74.41,1.0000,-1,-1,-1
746,106,939.62,313.47,67.60,162.07,1.0000,-1,-1,-1
746,109,459.67,320.31,12.08,30.94,1.0000,-1,-1,-1
746,111,402.76,123.02,78.57,125.02,1.0000,-1,-1,-1
746,114,154.53,148.36,53.08,133.13,1.0000,-1,-1,-1
746,115,223.87,261.43,90.66,141.43,1.0000,-1,-1,-1
747,62,396.59,469.33,79.12,114.43,1.0000,-1,-1,-1
747,89,847.60,322.54,91.93,163.18,1.0000,-1,-1,-1
747,91,573.06,385.40,67.03,164.23,1.0000,-1,-1,-1
747,94,355.34,278.71,88.88,133.52,1.0000,-1,-1,-1
747,97,354.69,287.04,90.45,159.82,1.0000,-1,-1,-1
747,105,759.58,517.21,62.64,68.79,1.0000,-1,-1,-1
747,106,940.90,312.80,67.89,162.76,1.0000,-1,-1,-1
747,109,459.46,321.61,12.08,30.94,1.0000,-1,-1,-1
747,111,400.06,122.76,78.95,125.62,1.0000,-1,-1,-1
747,113,266.16,302.89,101.50,150.07,1.0000,-1,-1,-1
747,114,149.40,149.13,53.08,133.14,1.0000,-1,-1,-1
747,115,223.58,259.49,92.04,141.58,1.0000,-1,-1,-1
748,62,393.72,469.66,79.09,114.38,1.0000,-1,-1,-1
748,89,844.08,321.50,91.92,163.17,1.0000,-1,-1,-1
748,91,573.11,385.43,67.23,165.93,1.0000,-1,-1,-1
748,94,359.89,278.46,88.94,133.61,1.0000,-1,-1,-1
748,97,354.75,287.79,90.56,160.02,1.0000,-1,-1,-1
748,105,760.49,518.35,63.19,66.63,1.0000,-1,-1,-1
748,106,942.19,312.13,68.18,163.45,1.0000,-1,-1,-1
748,109,459.24,322.91,12.08,30.94,1.0000,-1,-1,-1
748,111,397.37,122.49,79.32,126.21,1.0000,-1,-1,-1
748,113,266.01,303.76,110.67,150.74,1.0000,-1,-1,-1
748,114,144.27,149.89,53.08,133.14,1.0000,-1,-1,-1
748,115,228.56,258.03,90.31,139.74,1.0000,-1,-1,-1
749,62,387.43,470.23,81.61,113.01,1.0000,-1,-1,-1
749,89,858.64,331.80,85.41,159.01,1.0000,-1,-1,-1
749,91,572.33,385.43,66.43,167.51,1.0000,-1,-1,-1
749,94,364.44,278.20,89.00,133.70,1.0000,-1,-1,-1
749,97,354.82,288.53,90.68,160.22,1.0000,-1,-1,-1
749,105,761.08,518.72,63.14,66.58,1.0000,-1,-1,-1
749,109,459.03,324.21,12.08,30.94,1.0000,-1,-1,-1
749,111,394.68,122.23,79.70,126.81,1.0000,-1,-1,-1
749,113,263.35,304.06,120.18,152.94,1.0000,-1,-1,-1
749,114,139.14,150.65,53.08,133.15,1.0000,-1,-1,-1
749,115,235.16,256.28,87.47,135.57,1.0000,-1,-1,-1
750,62,377.70,472.34,82.67,111.69,1.0000,-1,-1,-1
750,89,855.94,331.31,85.36,158.91,1.0000,-1,-1,-1
750,91,571.13,385.32,64.64,168.45,1.0000,-1,-1,-1
750,94,368.99,277.95,89.06,133.79,1.0000,-1,-1,-1
750,97,354.88,289.27,90.79,160.43,1.0000,-1,-1,-1
750,105,761.66,519.09,63.10,66.53,1.0000,-1,-1,-1
750,109,458.82,325.51,12.08,30.94,1.0000,-1,-1,-1
750,111,391.99,121.96,80.07,127.40,1.0000,-1,-1,-1
750,113,256.09,307.42,122.17,155.48,1.0000,-1,-1,-1
750,114,134.01,151.41,53.09,133.16,1.0000,-1,-1,-1
750,115,236.68,253.52,87.98,136.36,1.0000,-1,-1,-1
751,62,370.61,473.85,82.96,110.71,1.0000,-1,-1,-1
751,89,853.25,330.82,85.31,158.82,1.0000,-1,-1,-1
751,91,569.55,384.61,63.11,169.05,1.0000,-1,-1,-1
751,94,373.54,277.70,89.12,133.88,1.0000,-1,-1,-1
751,105,762.24,519.46,63.05,66.48,1.0000,-1,-1,-1
751,111,389.30,121.70,80.44,127.99,1.0000,-1,-1,-1
751,113,248.85,310.81,124.14,157.98,1.0000,-1,-1,-1
751,114,128.88,152.17,53.09,133.16,1.0000,-1,-1,-1
751,115,238.19,250.76,88.49,137.15,1.0000,-1,-1,-1
752,62,363.55,474.50,83.68,110.34,1.0000,-1,-1,-1
752,89,850.56,330.32,85.26,158.72,1.0000,-1,-1,-1
752,91,567.67,385.22,62.88,169.52,1.0000,-1,-1,-1
752,94,378.09,277.45,89.18,133.97,1.0000,-1,-1,-1
752,105,762.83,519.83,63.01,66.44,1.0000,-1,-1,-1
752,111,386.61,121.44,80.81,128.57,1.0000,-1,-1,-1
752,113,241.62,314.22,126.07,160.44,1.0000,-1,-1,-1
752,114,122.46,154.54,51.99,137.61,1.0000,-1,-1,-1
752,115,239.71,248.00,88.99,137.93,1.0000,-1,-1,-1
752,116,760.25,351.47,106.86,148.46,1.0000,-1,-1,-1
753,62,359.23,474.27,82.94,109.87,1.0000,-1,-1,-1
753,89,847.86,329.83,85.21,158.63,1.0000,-1,-1,-1
753,91,566.53,384.97,62.98,170.48,1.0000,-1,-1,-1
753,94,382.64,277.19,89.25,134.06,1.0000,-1,-1,-1
753,105,763.41,520.20,62.96,66.39,1.0000,-1,-1,-1
753,111,383.92,121.18,81.17,129.15,1.0000,-1,-1,-1
753,113,234.41,317.65,127.97,162.86,1.0000,-1,-1,-1
753,114,117.18,155.58,52.01,137.67,1.0000,-1,-1,-1
753,115,241.22,245.25,89.49,138.70,1.0000,-1,-1,-1
753,116,752.07,349.56,113.04,151.77,1.0000,-1,-1,-1
754,62,354.26,475.13,82.41,109.28,1.0000,-1,-1,-1
754,89,845.17,329.34,85.16,158.53,1.0000,-1,-1,-1
754,91,564.87,385.32,63.20,171.08,1.0000,-1,-1,-1
754,94,387.19,276.94,89.31,134.15,1.0000,-1,-1,-1
754,105,763.99,520.57,62.92,66.34,1.0000,-1,-1,-1
754,111,381.23,120.93,81.54,129.73,1.0000,-1,-1,-1
754,113,227.21,321.09,129.85,165.25,1.0000,-1,-1,-1
754,114,111.89,156.63,52.04,137.72,1.0000,-1,-1,-1
754,115,242.74,242.49,89.99,139.47,1.0000,-1,-1,-1
754,116,747.71,349.78,116.88,152.30,1.0000,-1,-1,-1
755,62,346.14,477.88,81.94,107.34,1.0000,-1,-1,-1
755,89,842.48,328.84,85.11,158.44,1.0000,-1,-1,-1
755,91,560.44,385.45,64.17,170.73,1.0000,-1,-1,-1
755,94,391.74,276.69,89.37,134.25,1.0000,-1,-1,-1
755,105,764.58,520.94,62.87,66.29,1.0000,-1,-1,-1
755,111,378.55,120.67,81.90,130.31,1.0000,-1,-1,-1
755,113,220.03,324.55,131.70,167.61,1.0000,-1,-1,-1
755,114,97.49,157.90,56.57,140.72,1.0000,-1,-1,-1
755,115,244.26,239.74,90.49,140.24,1.0000,-1,-1,-1
755,116,736.28,348.93,116.97,150.07,1.0000,-1,-1,-1
756,62,340.04,479.57,80.65,105.66,1.0000,-1,-1,-1
756,89,821.09,321.47,68.47,152.46,1.0000,-1,-1,-1
756,91,556.20,385.45,65.49,170.58,1.0000,-1,-1,-1
756,94,396.30,276.44,89.43,134.34,1.0000,-1,-1,-1
756,105,765.16,521.31,62.83,66.25,1.0000,-1,-1,-1
756,111,375.86,120.41,82.26,130.89,1.0000,-1,-1,-1
756,113,212.86,328.03,133.52,169.93,1.0000,-1,-1,-1
756,114,87.57,158.76,59.78,143.34,1.0000,-1,-1,-1
756,115,245.78,236.99,90.98,141.00,1.0000,-1,-1,-1
756,116,725.95,350.28,116.37,149.03,1.0000,-1,-1,-1
757,62,333.99,482.80,79.41,103.21,1.0000,-1,-1,-1
757,89,816.55,320.40,68.32,152.13,1.0000,-1,-1,-1
757,91,552.93,385.40,66.53,170.52,1.0000,-1,-1,-1
757,94,400.85,276.19,89.49,134.43,1.0000,-1,-1,-1
757,105,765.74,521.68,62.78,66.20,1.0000,-1,-1,-1
757,111,373.18,120.16,82.62,131.46,1.0000,-1,-1,-1
757,113,205.70,331.52,135.32,172.22,1.0000,-1,-1,-1
757,114,81.47,159.39,62.07,144.73,1.0000,-1,-1,-1
757,115,247.30,234.25,91.47,141.76,1.0000,-1,-1,-1
757,116,711.66,351.37,113.38,146.96,1.0000,-1,-1,-1
758,62,329.02,483.51,79.33,103.11,1.0000,-1,-1,-1
758,89,812.01,319.34,68.17,151.80,1.0000,-1,-1,-1
758,91,548.65,385.50,68.19,170.74,1.0000,-1,-1,-1
758,94,405.40,275.93,89.55,134.52,1.0000,-1,-1,-1
758,105,766.33,522.05,62.74,66.15,1.0000,-1,-1,-1
758,111,370.49,119.91,82.98,132.03,1.0000,-1,-1,-1
758,113,198.55,335.03,137.10,174.48,1.0000,-1,-1,-1
758,114,74.35,160.31,64.82,146.17,1.0000,-1,-1,-1
758,115,248.83,231.50,91.96,142.52,1.0000,-1,-1,-1
758,116,696.22,352.63,110.55,144.64,1.0000,-1,-1,-1
759,62,319.90,487.05,77.82,100.13,1.0000,-1,-1,-1
759,89,807.47,318.27,68.02,151.46,1.0000,-1,-1,-1
759,91,543.25,385.71,70.88,171.05,1.0000,-1,-1,-1
759,94,409.95,275.68,89.61,134.61,1.0000,-1,-1,-1
759,105,766.91,522.42,62.69,66.10,1.0000,-1,-1,-1
759,111,367.81,119.66,83.34,132.60,1.0000,-1,-1,-1
759,113,191.42,338.55,138.85,176.71,1.0000,-1,-1,-1
759,114,69.29,161.18,65.85,146.51,1.0000,-1,-1,-1
759,115,250.35,228.76,92.44,143.27,1.0000,-1,-1,-1
759,116,678.18,353.45,105.85,144.62,1.0000,-1,-1,-1
760,62,314.51,487.90,77.73,100.01,1.0000,-1,-1,-1
760,89,802.93,317.21,67.87,151.13,1.0000,-1,-1,-1
760,91,535.59,386.10,75.04,171.30,1.0000,-1,-1,-1
760,94,414.50,275.43,89.67,134.70,1.0000,-1,-1,-1
760,105,767.49,522.79,62.64,66.05,1.0000,-1,-1,-1
760,111,365.13,119.41,83.69,133.16,1.0000,-1,-1,-1
760,113,184.29,342.09,140.58,178.91,1.0000,-1,-1,-1
760,114,60.72,161.77,67.84,146.86,1.0000,-1,-1,-1
760,115,251.88,226.02,92.92,144.02,1.0000,-1,-1,-1
760,116,656.68,351.80,106.32,146.37,1.0000,-1,-1,-1
761,62,309.12,488.74,77.63,99.88,1.0000,-1,-1,-1
761,89,798.39,316.15,67.71,150.79,1.0000,-1,-1,-1
761,91,530.08,386.48,78.40,171.43,1.0000,-1,-1,-1
761,94,419.05,275.18,89.73,134.79,1.0000,-1,-1,-1
761,105,768.08,523.16,62.60,66.01,1.0000,-1,-1,-1
761,111,362.45,119.16,84.04,133.72,1.0000,-1,-1,-1
761,113,177.18,345.64,142.29,181.09,1.0000,-1,-1,-1
761,114,53.66,162.60,70.79,147.91,1.0000,-1,-1,-1
761,115,253.41,223.28,93.40,144.76,1.0000,-1,-1,-1
761,116,645.21,350.23,110.07,150.13,1.0000,-1,-1,-1
762,62,303.74,489.58,77.54,99.76,1.0000,-1,-1,-1
762,89,793.85,315.09,67.56,150.46,1.0000,-1,-1,-1
762,91,524.97,386.72,82.13,171.53,1.0000,-1,-1,-1
762,94,423.60,274.93,89.79,134.88,1.0000,-1,-1,-1
762,105,768.66,523.53,62.55,65.96,1.0000,-1,-1,-1
762,111,359.76,118.91,84.40,134.28,1.0000,-1,-1,-1
762,113,170.07,349.20,143.98,183.24,1.0000,-1,-1,-1
762,114,50.87,162.89,72.32,148.48,1.0000,-1,-1,-1
762,115,254.94,220.54,93.88,145.50,1.0000,-1,-1,-1
762,116,634.22,346.12,116.00,154.93,1.0000,-1,-1,-1
763,62,298.35,490.43,77.45,99.64,1.0000,-1,-1,-1
763,89,789.53,321.67,78.29,158.70,1.0000,-1,-1,-1
763,91,521.58,386.54,85.41,171.95,1.0000,-1,-1,-1
763,94,428.15,274.67,89.85,134.97,1.0000,-1,-1,-1
763,105,769.24,523.90,62.51,65.91,1.0000,-1,-1,-1
763,111,357.08,118.66,84.75,134.84,1.0000,-1,-1,-1
763,113,162.98,352.77,145.65,185.36,1.0000,-1,-1,-1
763,114,49.49,162.70,73.60,149.30,1.0000,-1,-1,-1
763,115,256.47,217.80,94.35,146.23,1.0000,-1,-1,-1
763,116,619.80,342.68,116.61,152.48,1.0000,-1,-1,-1
764,62,261.56,490.80,88.08,111.59,1.0000,-1,-1,-1
764,89,785.34,321.35,78.22,158.55,1.0000,-1,-1,-1
764,91,516.46,385.66,89.40,172.37,1.0000,-1,-1,-1
764,94,432.71,274.42,89.91,135.06,1.0000,-1,-1,-1
764,105,769.83,524.27,62.46,65.86,1.0000,-1,-1,-1
764,111,354.40,118.42,85.10,135.40,1.0000,-1,-1,-1
764,113,155.89,356.36,147.30,187.46,1.0000,-1,-1,-1
764,114,48.94,162.90,73.95,149.64,1.0000,-1,-1,-1
764,115,258.00,215.07,94.83,146.97,1.0000,-1,-1,-1
764,116,606.11,339.73,116.33,150.38,1.0000,-1,-1,-1
765,62,252.33,489.16,89.83,118.69,1.0000,-1,-1,-1
765,89,773.17,311.01,75.16,155.85,1.0000,-1,-1,-1
765,91,501.18,383.83,98.19,172.54,1.0000,-1,-1,-1
765,105,770.41,524.64,62.42,65.81,1.0000,-1,-1,-1
765,111,351.73,118.17,85.44,135.95,1.0000,-1,-1,-1
765,113,148.82,359.96,148.94,189.54,1.0000,-1,-1,-1
765,114,48.12,162.31,73.97,150.06,1.0000,-1,-1,-1
765,115,259.53,212.34,95.30,147.69,1.0000,-1,-1,-1
765,116,593.48,338.33,116.91,151.13,1.0000,-1,-1,-1
766,62,247.16,486.03,89.97,123.41,1.0000,-1,-1,-1
766,89,768.22,309.78,75.06,155.66,1.0000,-1,-1,-1
766,91,497.97,383.86,98.32,172.77,1.0000,-1,-1,-1
766,105,771.00,525.01,62.37,65.76,1.0000,-1,-1,-1
766,111,349.05,117.93,85.79,136.50,1.0000,-1,-1,-1
766,113,141.75,363.57,150.55,191.60,1.0000,-1,-1,-1
766,114,47.19,161.65,73.44,150.45,1.0000,-1,-1,-1
766,115,261.06,209.61,95.76,148.42,1.0000,-1,-1,-1
766,116,580.86,336.94,117.48,151.87,1.0000,-1,-1,-1
767,62,243.17,483.17,88.29,127.87,1.0000,-1,-1,-1
767,89,747.41,305.94,75.96,155.01,1.0000,-1,-1,-1
767,91,494.76,383.89,98.46,173.01,1.0000,-1,-1,-1
767,105,771.58,525.38,62.32,65.72,1.0000,-1,-1,-1
767,111,346.37,117.69,86.14,137.05,1.0000,-1,-1,-1
767,113,134.69,367.19,152.15,193.63,1.0000,-1,-1,-1
767,114,45.80,162.16,71.56,150.06,1.0000,-1,-1,-1
767,115,262.60,206.88,96.23,149.14,1.0000,-1,-1,-1
767,116,568.24,335.55,118.06,152.61,1.0000,-1,-1,-1
768,62,240.22,478.56,86.91,132.40,1.0000,-1,-1,-1
768,89,741.13,304.46,75.87,154.82,1.0000,-1,-1,-1
768,91,491.55,383.92,98.59,173.25,1.0000,-1,-1,-1
768,105,772.16,525.75,62.28,65.67,1.0000,-1,-1,-1
768,111,343.69,117.45,86.48,137.60,1.0000,-1,-1,-1
768,113,127.64,370.82,153.73,195.65,1.0000,-1,-1,-1
768,114,43.95,162.18,68.82,149.88,1.0000,-1,-1,-1
768,115,288.93,189.18,74.97,123.60,1.0000,-1,-1,-1
768,116,555.61,334.17,118.63,153.35,1.0000,-1,-1,-1
769,62,237.75,472.40,84.67,136.25,1.0000,-1,-1,-1
769,89,734.85,302.98,75.78,154.64,1.0000,-1,-1,-1
769,91,484.49,388.43,109.99,169.90,1.0000,-1,-1,-1
769,105,772.75,526.12,62.23,65.62,1.0000,-1,-1,-1
769,111,341.02,117.21,86.82,138.14,1.0000,-1,-1,-1
769,113,120.60,374.46,155.30,197.64,1.0000,-1,-1,-1
769,114,41.51,162.61,64.27,149.38,1.0000,-1,-1,-1
769,115,291.53,188.02,73.18,122.87,1.0000,-1,-1,-1
769,116,542.99,332.78,119.20,154.08,1.0000,-1,-1,-1
770,62,230.83,463.93,83.59,143.26,1.0000,-1,-1,-1
770,89,728.56,301.50,75.68,154.45,1.0000,-1,-1,-1
770,91,476.42,389.02,118.91,168.84,1.0000,-1,-1,-1
770,105,773.33,526.49,62.19,65.57,1.0000,-1,-1,-1
770,111,338.34,116.97,87.16,138.69,1.0000,-1,-1,-1
770,113,113.57,378.12,156.85,199.61,1.0000,-1,-1,-1
770,114,39.36,161.31,59.42,148.71,1.0000,-1,-1,-1
770,115,296.69,189.16,70.41,120.74,1.0000,-1,-1,-1
770,116,530.37,331.40,119.76,154.81,1.0000,-1,-1,-1
771,62,224.52,458.14,82.11,150.18,1.0000,-1,-1,-1
771,89,722.28,300.03,75.59,154.26,1.0000,-1,-1,-1
771,91,473.25,389.20,119.13,169.15,1.0000,-1,-1,-1
771,105,773.91,526.86,62.14,65.52,1.0000,-1,-1,-1
771,111,335.67,116.73,87.50,139.23,1.0000,-1,-1,-1
771,113,106.54,381.78,158.38,201.56,1.0000,-1,-1,-1
771,114,37.91,161.92,55.96,148.03,1.0000,-1,-1,-1
771,115,299.44,186.34,69.94,119.93,1.0000,-1,-1,-1
771,116,517.76,330.02,120.32,155.54,1.0000,-1,-1,-1
771,119,357.48,274.23,82.66,137.09,1.0000,-1,-1,-1
772,62,215.57,450.38,82.15,155.10,1.0000,-1,-1,-1
772,89,714.69,303.06,81.53,154.60,1.0000,-1,-1,-1
772,91,470.09,389.38,119.35,169.47,1.0000,-1,-1,-1
772,105,774.50,527.23,62.10,65.47,1.0000,-1,-1,-1
772,111,332.99,116.49,87.84,139.76,1.0000,-1,-1,-1
772,113,99.52,385.45,159.90,203.50,1.0000,-1,-1,-1
772,114,36.42,162.67,53.40,146.71,1.0000,-1,-1,-1
772,115,302.44,190.48,68.09,117.61,1.0000,-1,-1,-1
772,116,505.14,328.63,120.88,156.27,1.0000,-1,-1,-1
772,119,359.75,271.93,73.93,136.03,1.0000,-1,-1,-1
773,62,208.19,442.62,81.48,154.89,1.0000,-1,-1,-1
773,89,705.20,302.43,87.88,155.73,1.0000,-1,-1,-1
773,91,466.92,389.57,119.58,169.79,1.0000,-1,-1,-1
773,105,775.08,527.60,62.05,65.43,1.0000,-1,-1,-1
773,113,92.51,389.13,161.41,205.41,1.0000,-1,-1,-1
773,114,35.30,162.88,51.94,146.19,1.0000,-1,-1,-1
773,115,305.00,192.78,68.00,116.28,1.0000,-1,-1,-1
773,116,492.53,327.26,121.44,156.99,1.0000,-1,-1,-1
773,119,361.41,268.45,67.29,135.77,1.0000,-1,-1,-1
774,62,203.72,437.36,78.05,153.80,1.0000,-1,-1,-1
774,89,699.68,302.11,89.32,155.68,1.0000,-1,-1,-1
774,91,461.95,392.52,126.47,167.63,1.0000,-1,-1,-1
774,105,775.67,527.97,62.00,65.38,1.0000,-1,-1,-1
774,113,85.50,392.82,162.90,207.31,1.0000,-1,-1,-1
774,114,32.41,164.67,52.50,145.12,1.0000,-1,-1,-1
774,115,307.65,193.30,69.56,116.21,1.0000,-1,-1,-1
774,116,479.91,325.88,122.00,157.70,1.0000,-1,-1,-1
774,119,364.14,265.09,61.88,136.01,1.0000,-1,-1,-1
775,62,197.46,431.37,73.38,153.14,1.0000,-1,-1,-1
775,89,693.60,301.09,89.30,155.65,1.0000,-1,-1,-1
775,91,458.90,392.81,126.72,167.96,1.0000,-1,-1,-1
775,105,776.25,528.34,61.96,65.33,1.0000,-1,-1,-1
775,113,78.51,396.51,164.38,209.19,1.0000,-1,-1,-1
775,114,30.60,165.10,53.38,144.83,1.0000,-1,-1,-1
775,115,313.20,194.05,69.73,116.23,1.0000,-1,-1,-1
775,116,467.30,324.50,122.55,158.42,1.0000,-1,-1,-1
775,119,367.98,260.18,60.74,138.50,1.0000,-1,-1,-1
776,62,194.50,426.59,69.59,153.05,1.0000,-1,-1,-1
776,89,682.49,304.15,99.02,156.11,1.0000,-1,-1,-1
776,91,455.84,393.11,126.97,168.29,1.0000,-1,-1,-1
776,105,776.83,528.71,61.91,65.28,1.0000,-1,-1,-1
776,113,71.51,400.22,165.84,211.06,1.0000,-1,-1,-1
776,114,30.07,165.42,54.05,144.73,1.0000,-1,-1,-1
776,115,316.29,192.71,69.27,115.46,1.0000,-1,-1,-1
776,116,454.69,323.13,123.10,159.13,1.0000,-1,-1,-1
776,119,370.81,256.01,62.61,143.39,1.0000,-1,-1,-1
777,62,190.50,422.83,67.72,153.94,1.0000,-1,-1,-1
777,89,676.37,303.46,99.05,156.16,1.0000,-1,-1,-1
777,91,452.78,393.41,127.21,168.62,1.0000,-1,-1,-1
777,105,777.42,529.08,61.87,65.23,1.0000,-1,-1,-1
777,113,64.53,403.93,167.30,212.91,1.0000,-1,-1,-1
777,114,29.93,165.41,54.57,144.78,1.0000,-1,-1,-1
777,115,319.38,191.37,68.81,114.69,1.0000,-1,-1,-1
777,116,442.08,321.76,123.64,159.83,1.0000,-1,-1,-1
777,119,373.03,251.97,65.04,148.30,1.0000,-1,-1,-1
778,62,186.84,418.58,66.89,155.44,1.0000,-1,-1,-1
778,89,670.26,302.78,99.08,156.21,1.0000,-1,-1,-1
778,91,449.73,393.70,127.46,168.95,1.0000,-1,-1,-1
778,105,778.00,529.45,61.82,65.18,1.0000,-1,-1,-1
778,113,57.55,407.66,168.73,214.74,1.0000,-1,-1,-1
778,114,29.86,164.91,54.67,145.14,1.0000,-1,-1,-1
778,115,322.47,190.03,68.34,113.91,1.0000,-1,-1,-1
778,116,429.47,320.39,124.19,160.54,1.0000,-1,-1,-1
778,119,375.75,251.05,64.37,146.77,1.0000,-1,-1,-1
778,120,436.46,120.40,81.68,130.42,1.0000,-1,-1,-1
779,62,186.13,414.04,65.15,157.95,1.0000,-1,-1,-1
779,89,664.15,302.09,99.11,156.25,1.0000,-1,-1,-1
779,91,446.67,394.00,127.71,169.28,1.0000,-1,-1,-1
779,113,50.58,411.39,170.16,216.55,1.0000,-1,-1,-1
779,114,29.55,164.88,54.20,145.47,1.0000,-1,-1,-1
779,115,325.56,188.70,67.87,113.13,1.0000,-1,-1,-1
779,116,416.86,319.02,124.73,161.24,1.0000,-1,-1,-1
779,119,378.47,250.13,63.69,145.21,1.0000,-1,-1,-1
779,120,436.33,123.87,82.08,127.73,1.0000,-1,-1,-1
780,62,183.44,406.51,63.32,161.02,1.0000,-1,-1,-1
780,89,658.04,301.41,99.15,156.30,1.0000,-1,-1,-1
780,91,443.62,394.30,127.96,169.60,1.0000,-1,-1,-1
780,114,29.02,166.06,52.80,146.56,1.0000,-1,-1,-1
780,115,328.65,187.37,67.40,112.34,1.0000,-1,-1,-1
780,116,404.25,317.65,125.27,161.94,1.0000,-1,-1,-1
780,119,381.20,249.22,63.00,143.64,1.0000,-1,-1,-1
780,120,433.59,128.06,84.55,124.44,1.0000,-1,-1,-1
781,62,177.69,403.46,63.33,161.04,1.0000,-1,-1,-1
781,89,626.16,307.33,104.18,155.07,1.0000,-1,-1,-1
781,91,440.56,394.59,128.20,169.93,1.0000,-1,-1,-1
781,114,29.84,167.32,52.50,147.73,1.0000,-1,-1,-1
781,115,331.75,186.04,66.92,111.54,1.0000,-1,-1,-1
781,116,391.65,316.28,125.81,162.63,1.0000,-1,-1,-1
781,119,383.92,248.32,62.30,142.05,1.0000,-1,-1,-1
781,120,433.35,128.71,84.89,124.94,1.0000,-1,-1,-1
782,62,171.94,400.41,63.34,161.07,1.0000,-1,-1,-1
782,89,618.26,307.09,104.23,155.14,1.0000,-1,-1,-1
782,91,437.51,394.89,128.45,170.26,1.0000,-1,-1,-1
782,114,30.99,169.15,53.08,148.51,1.0000,-1,-1,-1
782,115,334.85,184.71,66.44,110.74,1.0000,-1,-1,-1
782,116,379.04,314.92,126.35,163.33,1.0000,-1,-1,-1
782,119,386.66,247.43,61.60,140.45,1.0000,-1,-1,-1
782,120,433.10,129.36,85.23,125.45,1.0000,-1,-1,-1
783,62,175.41,398.41,64.59,163.42,1.0000,-1,-1,-1
783,89,610.37,306.84,104.28,155.22,1.0000,-1,-1,-1
783,91,400.40,382.96,105.07,154.43,1.0000,-1,-1,-1
783,114,29.37,171.24,49.10,148.81,1.0000,-1,-1,-1
783,115,337.94,183.39,65.96,109.94,1.0000,-1,-1,-1
783,116,366.44,313.55,126.88,164.02,1.0000,-1,-1,-1
783,119,389.39,246.55,60.88,138.82,1.0000,-1,-1,-1
783,120,432.85,130.01,85.57,125.94,1.0000,-1,-1,-1
784,62,173.97,396.41,66.48,164.24,1.0000,-1,-1,-1
784,89,602.47,306.60,104.34,155.30,1.0000,-1,-1,-1
784,91,402.94,387.61,97.31,145.42,1.0000,-1,-1,-1
784,114,27.52,172.07,49.10,148.82,1.0000,-1,-1,-1
784,115,341.04,182.07,65.47,109.13,1.0000,-1,-1,-1
784,116,353.84,312.19,127.41,164.70,1.0000,-1,-1,-1
784,119,392.13,245.68,60.16,137.18,1.0000,-1,-1,-1
784,120,432.61,130.66,85.91,126.44,1.0000,-1,-1,-1
785,62,171.21,391.89,69.90,162.17,1.0000,-1,-1,-1
785,89,587.54,310.47,112.08,151.87,1.0000,-1,-1,-1
785,91,396.42,392.69,98.12,151.39,1.0000,-1,-1,-1
785,114,25.67,172.90,49.10,148.82,1.0000,-1,-1,-1
785,115,344.15,180.75,64.98,108.31,1.0000,-1,-1,-1
785,116,341.24,310.83,127.94,165.39,1.0000,-1,-1,-1
785,119,394.88,244.82,59.43,135.51,1.0000,-1,-1,-1
785,120,432.36,131.31,86.24,126.94,1.0000,-1,-1,-1
786,62,165.64,387.69,72.93,160.20,1.0000,-1,-1,-1
786,89,579.38,310.40,112.16,151.97,1.0000,-1,-1,-1
786,91,390.81,392.66,98.17,151.47,1.0000,-1,-1,-1
786,114,23.82,173.73,49.10,148.83,1.0000,-1,-1,-1
786,115,347.25,179.44,64.49,107.48,1.0000,-1,-1,-1
786,116,328.64,309.47,128.47,166.07,1.0000,-1,-1,-1
786,119,397.63,243.97,58.69,133.83,1.0000,-1,-1,-1
786,120,432.12,131.96,86.58,127.43,1.0000,-1,-1,-1
787,62,159.93,385.87,74.94,158.97,1.0000,-1,-1,-1
787,89,571.21,310.32,112.24,152.08,1.0000,-1,-1,-1
787,91,385.20,392.62,98.22,151.54,1.0000,-1,-1,-1
787,114,21.97,174.56,49.11,148.84,1.0000,-1,-1,-1
787,115,350.36,178.13,63.99,106.65,1.0000,-1,-1,-1
787,116,316.04,308.11,128.99,166.74,1.0000,-1,-1,-1
787,119,400.38,243.13,57.95,132.12,1.0000,-1,-1,-1
787,120,431.88,132.61,86.91,127.92,1.0000,-1,-1,-1
787,122,272.35,348.72,104.46,141.30,1.0000,-1,-1,-1
788,62,154.35,384.46,76.42,159.13,1.0000,-1,-1,-1
788,89,563.05,310.25,112.32,152.18,1.0000,-1,-1,-1
788,91,379.59,392.59,98.27,151.62,1.0000,-1,-1,-1
788,114,20.13,175.40,49.11,148.85,1.0000,-1,-1,-1
788,115,353.47,176.82,63.49,105.82,1.0000,-1,-1,-1
788,116,303.44,306.76,129.51,167.42,1.0000,-1,-1,-1
788,119,403.14,242.30,57.19,130.39,1.0000,-1,-1,-1
788,120,431.63,133.27,87.24,128.41,1.0000,-1,-1,-1
788,122,272.13,349.00,103.44,142.52,1.0000,-1,-1,-1
789,62,149.80,383.65,76.98,159.41,1.0000,-1,-1,-1
789,89,554.89,310.17,112.39,152.29,1.0000,-1,-1,-1
789,91,411.23,386.40,101.95,155.77,1.0000,-1,-1,-1
789,114,18.28,176.23,49.11,148.85,1.0000,-1,-1,-1
789,115,356.58,175.52,62.98,104.97,1.0000,-1,-1,-1
789,116,290.85,305.40,130.03,168.09,1.0000,-1,-1,-1
789,119,405.90,241.48,56.42,128.64,1.0000,-1,-1,-1
789,120,431.39,133.92,87.57,128.90,1.0000,-1,-1,-1
789,122,272.48,347.78,102.69,145.31,1.0000,-1,-1,-1
790,62,144.88,384.03,76.75,159.63,1.0000,-1,-1,-1
790,89,544.76,318.74,89.62,150.31,1.0000,-1,-1,-1
790,91,417.92,383.22,101.38,159.22,1.0000,-1,-1,-1
790,114,16.43,177.06,49.11,148.86,1.0000,-1,-1,-1
790,115,359.69,174.22,62.47,104.12,1.0000,-1,-1,-1
790,116,278.25,304.05,130.55,168.76,1.0000,-1,-1,-1
790,119,408.67,240.67,55.64,126.87,1.0000,-1,-1,-1
790,120,431.15,134.58,87.90,129.38,1.0000,-1,-1,-1
790,122,271.81,346.28,102.63,149.36,1.0000,-1,-1,-1
790,123,554.98,185.51,78.63,120.65,1.0000,-1,-1,-1
791,62,137.54,388.51,74.64,160.02,1.0000,-1,-1,-1
791,89,533.69,323.17,86.25,151.88,1.0000,-1,-1,-1
791,91,428.19,382.27,100.15,163.40,1.0000,-1,-1,-1
791,114,14.58,177.89,49.12,148.87,1.0000,-1,-1,-1
791,115,362.80,172.92,61.95,103.26,1.0000,-1,-1,-1
791,116,265.66,302.70,131.07,169.43,1.0000,-1,-1,-1
791,119,411.45,239.88,54.85,125.07,1.0000,-1,-1,-1
791,120,430.91,135.23,88.23,129.87,1.0000,-1,-1,-1
791,122,273.01,344.45,107.24,155.73,1.0000,-1,-1,-1
791,123,556.36,191.97,75.53,115.89,1.0000,-1,-1,-1
792,62,132.77,386.63,74.70,160.14,1.0000,-1,-1,-1
792,89,521.23,327.28,87.99,151.38,1.0000,-1,-1,-1
792,91,435.80,381.69,99.42,167.09,1.0000,-1,-1,-1
792,114,12.73,178.73,49.12,148.87,1.0000,-1,-1,-1
792,115,365.92,171.63,61.44,102.40,1.0000,-1,-1,-1
792,116,253.06,301.35,131.58,170.09,1.0000,-1,-1,-1
792,119,414.23,239.10,54.05,123.24,1.0000,-1,-1,-1
792,120,430.67,135.89,88.56,130.35,1.0000,-1,-1,-1
792,122,276.86,344.61,108.81,158.38,1.0000,-1,-1,-1
792,123,556.93,184.85,78.79,130.39,1.0000,-1,-1,-1
793,62,128.11,398.93,71.37,161.48,1.0000,-1,-1,-1
793,89,511.63,328.51,87.95,151.31,1.0000,-1,-1,-1
793,91,439.25,382.78,89.97,168.38,1.0000,-1,-1,-1
793,114,10.88,179.56,49.12,148.88,1.0000,-1,-1,-1
793,115,369.04,170.34,60.91,101.53,1.0000,-1,-1,-1
793,116,240.47,300.00,132.09,170.76,1.0000,-1,-1,-1
793,119,417.01,238.33,53.24,121.38,1.0000,-1,-1,-1
793,120,430.43,136.55,88.89,130.83,1.0000,-1,-1,-1
793,122,281.86,346.19,107.67,158.40,1.0000,-1,-1,-1
793,123,559.15,195.53,76.87,128.52,1.0000,-1,-1,-1
794,62,122.09,404.00,70.08,161.88,1.0000,-1,-1,-1
794,89,502.02,329.75,87.90,151.23,1.0000,-1,-1,-1
794,91,445.35,384.86,84.52,169.55,1.0000,-1,-1,-1
794,114,9.03,180.39,49.12,148.89,1.0000,-1,-1,-1
794,115,372.16,169.05,60.38,100.65,1.0000,-1,-1,-1
794,116,227.88,298.65,132.60,171.42,1.0000,-1,-1,-1
794,119,419.81,237.58,52.41,119.50,1.0000,-1,-1,-1
794,120,430.19,137.21,89.21,131.31,1.0000,-1,-1,-1
794,122,285.24,348.11,105.52,157.31,1.0000,-1,-1,-1
794,123,563.49,203.18,72.68,126.34,1.0000,-1,-1,-1
795,62,114.69,408.82,71.13,161.76,1.0000,-1,-1,-1
795,89,492.41,330.99,87.86,151.16,1.0000,-1,-1,-1
795,91,445.60,385.11,84.54,169.59,1.0000,-1,-1,-1
795,114,7.18,181.22,49.13,148.90,1.0000,-1,-1,-1
795,115,375.28,167.77,59.85,99.76,1.0000,-1,-1,-1
795,119,422.60,236.85,51.57,117.58,1.0000,-1,-1,-1
795,120,429.95,137.87,89.54,131.78,1.0000,-1,-1,-1
795,122,288.46,352.02,102.06,155.13,1.0000,-1,-1,-1
795,123,569.32,208.45,70.09,125.78,1.0000,-1,-1,-1
796,62,102.56,416.27,76.72,162.81,1.0000,-1,-1,-1
796,89,482.81,332.23,87.82,151.08,1.0000,-1,-1,-1
796,91,445.85,385.35,84.56,169.64,1.0000,-1,-1,-1
796,114,5.34,182.05,49.13,148.90,1.0000,-1,-1,-1
796,115,378.41,166.49,59.31,98.86,1.0000,-1,-1,-1
796,119,425.41,236.12,50.72,115.64,1.0000,-1,-1,-1
796,120,429.71,138.53,89.86,132.26,1.0000,-1,-1,-1
796,122,294.45,358.90,96.83,152.31,1.0000,-1,-1,-1
796,123,571.64,214.46,69.00,123.82,1.0000,-1,-1,-1
797,62,94.88,420.69,80.52,162.97,1.0000,-1,-1,-1
797,89,473.20,333.47,87.78,151.01,1.0000,-1,-1,-1
797,91,446.09,385.60,84.59,169.69,1.0000,-1,-1,-1
797,114,3.49,182.89,49.13,148.91,1.0000,-1,-1,-1
797,115,381.54,165.21,58.77,97.96,1.0000,-1,-1,-1
797,119,428.22,235.42,49.85,113.66,1.0000,-1,-1,-1
797,120,429.48,139.19,90.18,132.73,1.0000,-1,-1,-1
797,122,298.01,365.75,93.47,150.11,1.0000,-1,-1,-1
797,123,573.96,220.49,67.89,121.83,1.0000,-1,-1,-1
798,62,87.77,423.70,80.96,163.22,1.0000,-1,-1,-1
798,89,463.60,334.70,87.73,150.94,1.0000,-1,-1,-1
798,91,446.34,385.84,84.61,169.73,1.0000,-1,-1,-1
798,114,5.68,207.93,65.11,175.44,1.0000,-1,-1,-1
798,115,384.67,163.94,58.22,97.05,1.0000,-1,-1,-1
798,119,431.05,234.73,48.97,111.65,1.0000,-1,-1,-1
798,120,429.24,139.85,90.50,133.20,1.0000,-1,-1,-1
798,122,300.10,368.45,93.00,149.36,1.0000,-1,-1,-1
798,123,576.29,226.53,66.77,119.81,1.0000,-1,-1,-1
799,62,80.73,425.73,77.09,163.09,1.0000,-1,-1,-1
799,89,453.99,335.94,87.69,150.86,1.0000,-1,-1,-1
799,91,469.05,411.19,98.49,167.75,1.0000,-1,-1,-1
799,114,3.22,210.88,66.37,177.67,1.0000,-1,-1,-1
799,115,387.80,162.68,57.67,96.13,1.0000,-1,-1,-1
799,119,433.87,234.07,48.07,109.59,1.0000,-1,-1,-1
799,120,429.00,140.52,90.82,133.67,1.0000,-1,-1,-1
799,122,302.19,371.16,92.53,148.61,1.0000,-1,-1,-1
799,123,578.63,232.59,65.62,117.76,1.0000,-1,-1,-1
800,62,72.73,425.59,73.90,162.12,1.0000,-1,-1,-1
800,89,444.38,337.18,87.65,150.79,1.0000,-1,-1,-1
800,91,467.76,415.44,105.96,166.73,1.0000,-1,-1,-1
800,114,1.66,214.01,66.45,178.46,1.0000,-1,-1,-1
800,115,390.94,161.42,57.11,95.20,1.0000,-1,-1,-1
800,119,436.71,233.42,47.15,107.50,1.0000,-1,-1,-1
800,120,428.77,141.18,91.14,134.14,1.0000,-1,-1,-1
800,122,304.29,373.87,92.06,147.85,1.0000,-1,-1,-1
800,123,580.98,238.67,64.46,115.67,1.0000,-1,-1,-1
800,124,688.51,324.35,100.10,173.00,1.0000,-1,-1,-1
801,62,57.73,425.87,70.00,162.07,1.0000,-1,-1,-1
801,89,434.78,338.42,87.60,150.71,1.0000,-1,-1,-1
801,91,464.14,418.70,109.78,166.44,1.0000,-1,-1,-1
801,114,-1.26,219.77,64.12,177.84,1.0000,-1,-1,-1
801,115,394.08,160.16,56.55,94.26,1.0000,-1,-1,-1
801,119,439.56,232.79,46.21,105.37,1.0000,-1,-1,-1
801,120,428.53,141.84,91.45,134.61,1.0000,-1,-1,-1
801,122,306.38,376.58,91.59,147.09,1.0000,-1,-1,-1
801,123,583.34,244.77,63.27,113.54,1.0000,-1,-1,-1
801,124,692.38,331.97,97.53,168.55,1.0000,-1,-1,-1
802,62,46.55,426.47,65.79,162.50,1.0000,-1,-1,-1
802,89,425.17,339.66,87.56,150.64,1.0000,-1,-1,-1
802,91,466.21,420.93,109.92,166.64,1.0000,-1,-1,-1
802,114,-2.90,222.70,64.31,178.37,1.0000,-1,-1,-1
802,115,397.22,158.91,55.98,93.31,1.0000,-1,-1,-1
802,119,442.42,232.18,45.26,103.20,1.0000,-1,-1,-1
802,120,428.30,142.51,91.77,135.07,1.0000,-1,-1,-1
802,122,308.48,379.29,91.11,146.33,1.0000,-1,-1,-1
802,123,585.71,250.89,62.06,111.36,1.0000,-1,-1,-1
802,124,696.29,339.65,94.88,163.98,1.0000,-1,-1,-1
803,62,32.39,427.86,64.05,163.20,1.0000,-1,-1,-1
803,89,415.56,340.89,87.52,150.56,1.0000,-1,-1,-1
803,91,484.37,418.06,96.24,166.50,1.0000,-1,-1,-1
803,114,-4.54,225.63,64.50,178.91,1.0000,-1,-1,-1
803,115,400.36,157.66,55.41,92.35,1.0000,-1,-1,-1
803,119,445.28,231.60,44.28,100.97,1.0000,-1,-1,-1
803,120,428.07,143.18,92.09,135.54,1.0000,-1,-1,-1
803,122,310.58,382.01,90.63,145.56,1.0000,-1,-1,-1
803,123,588.09,257.03,60.83,109.15,1.0000,-1,-1,-1
803,124,700.24,347.39,92.16,159.28,1.0000,-1,-1,-1
804,62,16.46,428.90,64.41,163.84,1.0000,-1,-1,-1
804,89,405.96,342.13,87.47,150.49,1.0000,-1,-1,-1
804,91,489.88,417.01,88.83,167.46,1.0000,-1,-1,-1
804,114,-6.18,228.56,64.70,179.44,1.0000,-1,-1,-1
804,115,403.51,156.42,54.83,91.38,1.0000,-1,-1,-1
804,119,448.16,231.04,43.29,98.70,1.0000,-1,-1,-1
804,120,427.83,143.84,92.40,136.00,1.0000,-1,-1,-1
804,122,312.68,384.73,90.15,144.79,1.0000,-1,-1,-1
804,123,590.49,263.19,59.57,106.89,1.0000,-1,-1,-1
804,124,704.23,355.21,89.36,154.43,1.0000,-1,-1,-1
805,62,7.32,430.19,64.42,163.86,1.0000,-1,-1,-1
805,89,396.35,343.37,87.43,150.42,1.0000,-1,-1,-1
805,91,493.04,415.89,85.08,169.70,1.0000,-1,-1,-1
805,114,-7.82,231.50,64.89,179.97,1.0000,-1,-1,-1
805,115,406.66,155.18,54.24,90.41,1.0000,-1,-1,-1
805,119,451.05,230.51,42.27,96.38,1.0000,-1,-1,-1
805,120,427.60,144.51,92.71,136.46,1.0000,-1,-1,-1
805,122,314.78,387.45,89.67,144.01,1.0000,-1,-1,-1
805,123,592.90,269.38,58.28,104.58,1.0000,-1,-1,-1
805,124,708.27,363.10,86.46,149.43,1.0000,-1,-1,-1
806,62,-1.85,436.45,61.67,160.80,1.0000,-1,-1,-1
806,89,386.75,344.61,87.39,150.34,1.0000,-1,-1,-1
806,91,495.73,417.37,85.10,169.74,1.0000,-1,-1,-1
806,114,-9.46,234.43,65.08,180.50,1.0000,-1,-1,-1
806,119,453.95,230.01,41.22,93.99,1.0000,-1,-1,-1
806,120,427.37,145.18,93.02,136.92,1.0000,-1,-1,-1
806,122,316.88,390.17,89.19,143.23,1.0000,-1,-1,-1
806,123,595.32,275.59,56.96,102.22,1.0000,-1,-1,-1
806,124,712.36,371.08,83.47,144.25,1.0000,-1,-1,-1
807,62,-5.73,440.91,58.30,158.36,1.0000,-1,-1,-1
807,89,377.14,345.85,87.34,150.27,1.0000,-1,-1,-1
807,91,511.19,410.43,79.92,175.64,1.0000,-1,-1,-1
807,114,-11.10,237.36,65.27,181.03,1.0000,-1,-1,-1
807,119,456.87,229.54,40.15,91.55,1.0000,-1,-1,-1
807,120,427.13,145.85,93.33,137.37,1.0000,-1,-1,-1
807,122,318.98,392.89,88.70,142.45,1.0000,-1,-1,-1
807,123,597.76,281.83,55.62,99.80,1.0000,-1,-1,-1
807,124,716.50,379.16,80.36,138.88,1.0000,-1,-1,-1
808,62,-14.64,442.69,58.27,158.28,1.0000,-1,-1,-1
808,89,367.53,347.09,87.30,150.19,1.0000,-1,-1,-1
808,91,522.15,406.67,77.77,179.48,1.0000,-1,-1,-1
808,114,-12.74,240.30,65.46,181.55,1.0000,-1,-1,-1
808,120,426.90,146.52,93.64,137.83,1.0000,-1,-1,-1
808,122,321.09,395.62,88.21,141.66,1.0000,-1,-1,-1
808,123,600.22,288.11,54.24,97.32,1.0000,-1,-1,-1
808,124,700.08,360.50,94.16,167.07,1.0000,-1,-1,-1
809,62,-23.55,444.48,58.24,158.19,1.0000,-1,-1,-1
809,89,357.93,348.32,87.26,150.12,1.0000,-1,-1,-1
809,91,528.20,404.28,75.55,180.96,1.0000,-1,-1,-1
809,114,-14.38,243.23,65.65,182.08,1.0000,-1,-1,-1
809,120,426.67,147.19,93.95,138.28,1.0000,-1,-1,-1
809,122,323.20,398.35,87.71,140.87,1.0000,-1,-1,-1
809,123,602.70,294.41,52.82,94.78,1.0000,-1,-1,-1
809,124,699.32,358.44,96.75,172.45,1.0000,-1,-1,-1
810,62,-32.46,446.27,58.20,158.10,1.0000,-1,-1,-1
810,89,348.32,349.56,87.21,150.04,1.0000,-1,-1,-1
810,91,535.20,403.58,77.87,182.74,1.0000,-1,-1,-1
810,114,-16.02,246.17,65.84,182.60,1.0000,-1,-1,-1
810,120,426.44,147.86,94.26,138.74,1.0000,-1,-1,-1
810,122,325.30,401.08,87.22,140.07,1.0000,-1,-1,-1
810,123,605.19,300.75,51.36,92.17,1.0000,-1,-1,-1
810,124,698.13,359.22,96.85,175.25,1.0000,-1,-1,-1
811,62,-41.38,448.05,58.17,158.02,1.0000,-1,-1,-1
811,89,338.71,350.80,87.17,149.97,1.0000,-1,-1,-1
811,91,538.05,404.39,82.15,185.07,1.0000,-1,-1,-1
811,114,-17.66,249.11,66.02,183.12,1.0000,-1,-1,-1
811,122,327.41,403.81,86.72,139.27,1.0000,-1,-1,-1
811,123,607.71,307.13,49.87,89.48,1.0000,-1,-1,-1
811,124,699.65,363.83,96.05,173.80,1.0000,-1,-1,-1
812,62,-50.29,449.84,58.14,157.93,1.0000,-1,-1,-1
812,89,329.11,352.04,87.13,149.89,1.0000,-1,-1,-1
812,91,538.31,408.36,87.50,186.29,1.0000,-1,-1,-1
812,114,-19.30,252.04,66.21,183.64,1.0000,-1,-1,-1
812,122,329.52,406.55,86.21,138.46,1.0000,-1,-1,-1
812,123,610.24,313.54,48.32,86.71,1.0000,-1,-1,-1
812,124,701.17,368.46,95.24,172.33,1.0000,-1,-1,-1
813,62,-59.20,451.62,58.11,157.84,1.0000,-1,-1,-1
813,89,319.50,353.28,87.08,149.82,1.0000,-1,-1,-1
813,91,539.40,406.86,91.76,187.58,1.0000,-1,-1,-1
813,114,-20.94,254.98,66.40,184.16,1.0000,-1,-1,-1
813,122,331.63,409.28,85.71,137.65,1.0000,-1,-1,-1
813,123,612.81,320.01,46.73,83.85,1.0000,-1,-1,-1
813,124,702.70,373.09,94.42,170.85,1.0000,-1,-1,-1
814,62,-68.12,453.41,58.08,157.75,1.0000,-1,-1,-1
814,89,309.90,354.52,87.04,149.75,1.0000,-1,-1,-1
814,91,540.55,408.59,94.32,187.89,1.0000,-1,-1,-1
814,114,-22.58,257.92,66.58,184.68,1.0000,-1,-1,-1
814,122,333.75,412.02,85.20,136.83,1.0000,-1,-1,-1
814,123,615.40,326.52,45.07,80.88,1.0000,-1,-1,-1
814,124,704.22,377.72,93.60,169.36,1.0000,-1,-1,-1
815,62,-77.03,455.19,58.04,157.67,1.0000,-1,-1,-1
815,89,300.29,355.75,87.00,149.67,1.0000,-1,-1,-1
815,91,543.03,410.38,94.87,185.41,1.0000,-1,-1,-1
815,114,-24.21,260.86,66.77,185.19,1.0000,-1,-1,-1
815,122,335.86,414.76,84.69,136.01,1.0000,-1,-1,-1
815,123,618.03,333.09,43.36,77.81,1.0000,-1,-1,-1
815,124,705.75,382.36,92.76,167.85,1.0000,-1,-1,-1
815,128,574.85,254.59,74.29,163.06,1.0000,-1,-1,-1
816,62,-85.94,456.98,58.01,157.58,1.0000,-1,-1,-1
816,89,290.68,356.99,86.95,149.60,1.0000,-1,-1,-1
816,91,547.03,411.18,94.96,185.60,1.0000,-1,-1,-1
816,114,-25.85,263.80,66.96,185.71,1.0000,-1,-1,-1
816,122,337.98,417.51,84.17,135.19,1.0000,-1,-1,-1
816,123,620.69,339.73,41.57,74.60,1.0000,-1,-1,-1
816,124,707.29,387.01,91.92,166.33,1.0000,-1,-1,-1
816,128,572.86,254.43,72.55,162.32,1.0000,-1,-1,-1
816,129,131.90,236.03,71.89,171.10,1.0000,-1,-1,-1
817,62,-94.86,458.77,57.98,157.49,1.0000,-1,-1,-1
817,89,281.08,358.23,86.91,149.52,1.0000,-1,-1,-1
817,91,551.02,411.98,95.06,185.80,1.0000,-1,-1,-1
817,114,-27.49,266.74,67.14,186.22,1.0000,-1,-1,-1
817,122,316.95,360.44,97.69,179.66,1.0000,-1,-1,-1
817,123,623.39,346.44,39.71,71.25,1.0000,-1,-1,-1
817,124,708.83,391.67,91.08,164.80,1.0000,-1,-1,-1
817,128,570.59,254.54,72.53,162.27,1.0000,-1,-1,-1
817,129,118.54,242.58,79.50,167.98,1.0000,-1,-1,-1
818,62,-103.77,460.55,57.95,157.41,1.0000,-1,-1,-1
818,89,271.47,359.47,86.87,149.45,1.0000,-1,-1,-1
818,91,568.41,403.48,85.14,185.45,1.0000,-1,-1,-1
818,114,-29.13,269.68,67.32,186.73,1.0000,-1,-1,-1
818,122,317.97,360.88,97.90,180.05,1.0000,-1,-1,-1
818,123,626.13,353.23,37.75,67.74,1.0000,-1,-1,-1
818,124,719.33,372.42,95.55,170.97,1.0000,-1,-1,-1
818,128,568.31,254.64,72.50,162.21,1.0000,-1,-1,-1
818,129,106.83,249.06,87.00,164.30,1.0000,-1,-1,-1
819,62,-112.68,462.34,57.91,157.32,1.0000,-1,-1,-1
819,89,261.87,360.71,86.82,149.37,1.0000,-1,-1,-1
819,91,576.69,403.25,79.77,186.09,1.0000,-1,-1,-1
819,114,-30.76,272.63,67.51,187.24,1.0000,-1,-1,-1
819,122,302.50,362.57,84.76,178.72,1.0000,-1,-1,-1
819,123,628.93,360.11,35.68,64.03,1.0000,-1,-1,-1
819,124,721.57,375.42,94.95,169.90,1.0000,-1,-1,-1
819,128,566.03,254.74,72.48,162.16,1.0000,-1,-1,-1
819,129,96.82,249.50,92.41,164.52,1.0000,-1,-1,-1
819,130,237.69,189.40,72.79,192.70,1.0000,-1,-1,-1
820,62,-121.60,464.12,57.88,157.23,1.0000,-1,-1,-1
820,89,252.26,361.95,86.78,149.30,1.0000,-1,-1,-1
820,91,581.50,403.32,79.80,186.14,1.0000,-1,-1,-1
820,114,-32.40,275.57,67.69,187.75,1.0000,-1,-1,-1
820,122,300.67,370.83,79.35,174.49,1.0000,-1,-1,-1
820,123,631.79,367.11,33.49,60.10,1.0000,-1,-1,-1
820,124,723.81,378.42,94.35,168.82,1.0000,-1,-1,-1
820,128,571.58,256.99,63.02,156.74,1.0000,-1,-1,-1
820,129,88.42,249.21,96.04,164.55,1.0000,-1,-1,-1
820,130,233.80,184.83,74.66,197.65,1.0000,-1,-1,-1
821,62,-130.51,465.91,57.85,157.14,1.0000,-1,-1,-1
821,89,242.65,363.19,86.74,149.22,1.0000,-1,-1,-1
821,91,596.59,414.40,86.65,176.77,1.0000,-1,-1,-1
821,114,-34.04,278.51,67.87,188.25,1.0000,-1,-1,-1
821,122,297.62,373.77,74.70,172.68,1.0000,-1,-1,-1
821,123,634.73,374.25,31.15,55.89,1.0000,-1,-1,-1
821,124,726.06,381.43,93.74,167.73,1.0000,-1,-1,-1
821,128,572.53,256.24,62.16,161.02,1.0000,-1,-1,-1
821,129,74.07,248.33,93.75,162.47,1.0000,-1,-1,-1
821,130,229.93,180.32,76.48,202.48,1.0000,-1,-1,-1
822,62,-139.42,467.70,57.82,157.06,1.0000,-1,-1,-1
822,89,233.05,364.42,86.69,149.15,1.0000,-1,-1,-1
822,91,604.78,418.15,91.44,173.41,1.0000,-1,-1,-1
822,114,-35.67,281.46,68.06,188.76,1.0000,-1,-1,-1
822,122,294.10,375.42,71.93,171.66,1.0000,-1,-1,-1
822,123,637.77,381.56,28.61,51.34,1.0000,-1,-1,-1
822,124,728.30,384.44,93.13,166.64,1.0000,-1,-1,-1
822,128,575.09,253.84,62.80,165.34,1.0000,-1,-1,-1
822,129,61.20,248.37,88.87,159.98,1.0000,-1,-1,-1
822,130,226.08,175.86,78.26,207.20,1.0000,-1,-1,-1
823,62,-148.34,469.48,57.79,156.97,1.0000,-1,-1,-1
823,91,604.77,421.83,98.88,174.34,1.0000,-1,-1,-1
823,114,-37.31,284.40,68.24,189.26,1.0000,-1,-1,-1
823,122,290.63,376.24,69.92,170.39,1.0000,-1,-1,-1
823,123,640.93,389.09,25.82,46.34,1.0000,-1,-1,-1
823,124,730.55,387.45,92.52,165.54,1.0000,-1,-1,-1
823,128,573.81,254.24,64.68,168.57,1.0000,-1,-1,-1
823,129,48.54,248.43,83.42,158.74,1.0000,-1,-1,-1
823,130,202.33,215.29,79.59,174.43,1.0000,-1,-1,-1
823,131,755.47,657.79,74.32,62.19,1.0000,-1,-1,-1
824,62,-157.25,471.27,57.75,156.88,1.0000,-1,-1,-1
824,91,613.01,425.13,98.27,174.09,1.0000,-1,-1,-1
824,114,-38.95,287.35,68.42,189.77,1.0000,-1,-1,-1
824,122,289.58,377.36,66.80,169.47,1.0000,-1,-1,-1
824,123,644.26,396.93,22.70,40.73,1.0000,-1,-1,-1
824,124,732.80,390.47,91.90,164.44,1.0000,-1,-1,-1
824,128,573.23,254.98,64.42,167.89,1.0000,-1,-1,-1
824,129,33.19,249.95,77.45,156.36,1.0000,-1,-1,-1
824,130,195.04,217.91,79.99,175.32,1.0000,-1,-1,-1
824,131,756.91,657.57,73.91,62.36,1.0000,-1,-1,-1
825,62,-166.16,473.05,57.72,156.79,1.0000,-1,-1,-1
825,91,618.73,426.30,96.05,174.15,1.0000,-1,-1,-1
825,114,-40.58,290.30,68.60,190.27,1.0000,-1,-1,-1
825,122,286.68,379.00,64.94,168.65,1.0000,-1,-1,-1
825,123,647.84,405.22,19.07,34.21,1.0000,-1,-1,-1
825,124,735.06,393.49,91.28,163.33,1.0000,-1,-1,-1
825,128,571.13,256.52,68.55,172.54,1.0000,-1,-1,-1
825,129,17.51,251.32,72.17,154.88,1.0000,-1,-1,-1
825,130,187.75,220.54,80.39,176.19,1.0000,-1,-1,-1
825,131,758.47,657.87,73.17,62.10,1.0000,-1,-1,-1
826,62,-175.07,474.84,57.69,156.71,1.0000,-1,-1,-1
826,91,623.99,425.69,92.91,176.16,1.0000,-1,-1,-1
826,114,-42.22,293.24,68.78,190.77,1.0000,-1,-1,-1
826,122,280.44,380.99,64.40,167.04,1.0000,-1,-1,-1
826,124,733.71,363.80,102.83,191.95,1.0000,-1,-1,-1
826,128,569.06,255.40,71.09,174.20,1.0000,-1,-1,-1
826,129,-2.10,253.53,65.88,154.59,1.0000,-1,-1,-1
826,130,172.64,213.75,77.60,170.38,1.0000,-1,-1,-1
826,131,759.48,657.90,73.25,62.16,1.0000,-1,-1,-1
826,132,399.39,338.10,121.17,156.27,1.0000,-1,-1,-1
827,62,-183.99,476.63,57.66,156.62,1.0000,-1,-1,-1
827,91,626.81,422.42,90.47,179.54,1.0000,-1,-1,-1
827,114,-43.85,296.19,68.96,191.27,1.0000,-1,-1,-1
827,122,275.74,382.13,64.87,166.46,1.0000,-1,-1,-1
827,124,732.23,360.17,105.63,201.50,1.0000,-1,-1,-1
827,128,567.28,254.89,72.83,175.39,1.0000,-1,-1,-1
827,129,-16.38,254.77,65.40,153.48,1.0000,-1,-1,-1
827,130,161.45,212.27,77.07,170.73,1.0000,-1,-1,-1
827,131,760.49,657.93,73.33,62.23,1.0000,-1,-1,-1
827,132,434.46,340.64,114.78,152.94,1.0000,-1,-1,-1
828,62,-192.90,478.41,57.62,156.53,1.0000,-1,-1,-1
828,91,628.32,412.94,88.52,185.96,1.0000,-1,-1,-1
828,114,-45.49,299.14,69.14,191.77,1.0000,-1,-1,-1
828,122,271.75,381.60,64.95,166.17,1.0000,-1,-1,-1
828,124,734.13,361.36,105.69,201.62,1.0000,-1,-1,-1
828,128,565.66,254.68,74.11,177.73,1.0000,-1,-1,-1
828,129,-30.66,256.01,64.92,152.35,1.0000,-1,-1,-1
828,130,153.09,212.25,72.65,169.27,1.0000,-1,-1,-1
828,131,761.50,657.97,73.41,62.30,1.0000,-1,-1,-1
828,132,464.26,340.00,116.47,155.19,1.0000,-1,-1,-1
829,62,-201.81,480.20,57.59,156.44,1.0000,-1,-1,-1
829,91,633.39,413.15,88.58,186.08,1.0000,-1,-1,-1
829,114,-47.12,302.09,69.32,192.26,1.0000,-1,-1,-1
829,122,269.30,379.67,64.79,166.03,1.0000,-1,-1,-1
829,124,730.52,353.65,107.36,210.47,1.0000,-1,-1,-1
829,128,564.51,251.15,75.07,181.11,1.0000,-1,-1,-1
829,129,-44.94,257.25,64.44,151.22,1.0000,-1,-1,-1
829,130,146.49,210.12,69.01,169.90,1.0000,-1,-1,-1
829,131,762.52,658.00,73.49,62.37,1.0000,-1,-1,-1
829,132,494.08,339.38,118.13,157.40,1.0000,-1,-1,-1
830,62,-210.73,481.98,57.56,156.36,1.0000,-1,-1,-1
830,91,638.46,413.37,88.64,186.21,1.0000,-1,-1,-1
830,114,-48.76,305.04,69.50,192.76,1.0000,-1,-1,-1
830,122,267.24,377.41,64.58,167.32,1.0000,-1,-1,-1
830,124,729.20,348.62,108.24,216.10,1.0000,-1,-1,-1
830,128,563.20,247.61,77.12,183.81,1.0000,-1,-1,-1
830,129,-59.22,258.50,63.95,150.07,1.0000,-1,-1,-1
830,130,137.76,211.11,68.58,168.83,1.0000,-1,-1,-1
830,131,763.53,658.03,73.57,62.44,1.0000,-1,-1,-1
830,132,523.90,338.77,119.76,159.58,1.0000,-1,-1,-1
831,62,-219.64,483.77,57.53,156.27,1.0000,-1,-1,-1
831,91,643.53,413.59,88.70,186.33,1.0000,-1,-1,-1
831,114,-50.39,307.99,69.68,193.25,1.0000,-1,-1,-1
831,122,266.28,374.18,63.72,170.29,1.0000,-1,-1,-1
831,124,727.49,341.97,108.88,220.09,1.0000,-1,-1,-1
831,128,562.30,247.18,77.60,184.95,1.0000,-1,-1,-1
831,129,-73.49,259.75,63.46,148.92,1.0000,-1,-1,-1
831,130,129.03,212.09,68.14,167.75,1.0000,-1,-1,-1
831,131,764.54,658.06,73.65,62.51,1.0000,-1,-1,-1
831,132,553.74,338.18,121.38,161.73,1.0000,-1,-1,-1
832,62,-228.55,485.56,57.50,156.18,1.0000,-1,-1,-1
832,91,648.60,413.80,88.76,186.46,1.0000,-1,-1,-1
832,122,263.71,374.85,63.41,169.47,1.0000,-1,-1,-1
832,124,734.99,362.99,104.72,206.58,1.0000,-1,-1,-1
832,128,561.25,243.56,75.55,183.67,1.0000,-1,-1,-1
832,129,-87.76,261.01,62.97,147.76,1.0000,-1,-1,-1
832,130,127.44,210.26,67.26,166.28,1.0000,-1,-1,-1
832,131,765.55,658.09,73.73,62.58,1.0000,-1,-1,-1
832,132,583.59,337.61,122.97,163.86,1.0000,-1,-1,-1
832,133,487.79,348.62,110.61,146.48,1.0000,-1,-1,-1
833,62,-237.47,487.34,57.46,156.09,1.0000,-1,-1,-1
833,91,653.67,414.02,88.82,186.58,1.0000,-1,-1,-1
833,122,261.14,375.51,63.10,168.64,1.0000,-1,-1,-1
833,124,739.73,373.40,100.65,198.63,1.0000,-1,-1,-1
833,128,560.91,242.31,74.62,183.18,1.0000,-1,-1,-1
833,129,-102.03,262.27,62.47,146.59,1.0000,-1,-1,-1
833,130,118.34,210.98,72.23,166.42,1.0000,-1,-1,-1
833,131,766.57,658.12,73.81,62.64,1.0000,-1,-1,-1
833,132,613.45,337.04,124.55,165.95,1.0000,-1,-1,-1
833,133,495.79,346.91,116.27,147.90,1.0000,-1,-1,-1
834,62,-246.38,489.13,57.43,156.00,1.0000,-1,-1,-1
834,91,658.74,414.23,88.88,186.71,1.0000,-1,-1,-1
834,122,267.53,373.42,65.04,174.28,1.0000,-1,-1,-1
834,124,741.76,379.58,98.04,194.19,1.0000,-1,-1,-1
834,128,559.96,241.54,74.94,183.96,1.0000,-1,-1,-1
834,129,-116.30,263.54,61.96,145.41,1.0000,-1,-1,-1
834,130,111.01,206.65,77.96,168.59,1.0000,-1,-1,-1
834,131,767.58,658.15,73.89,62.71,1.0000,-1,-1,-1
834,132,643.32,336.49,126.10,168.02,1.0000,-1,-1,-1
834,133,505.25,345.47,117.36,149.28,1.0000,-1,-1,-1
835,62,-255.29,490.91,57.40,155.92,1.0000,-1,-1,-1
835,91,663.81,414.45,88.94,186.83,1.0000,-1,-1,-1
835,122,266.44,373.24,66.87,177.38,1.0000,-1,-1,-1
835,124,743.31,381.74,97.93,193.97,1.0000,-1,-1,-1
835,128,559.00,240.76,75.25,184.73,1.0000,-1,-1,-1
835,129,-130.57,264.81,61.46,144.22,1.0000,-1,-1,-1
835,130,105.98,204.00,82.96,170.09,1.0000,-1,-1,-1
835,131,760.21,659.09,73.56,61.17,1.0000,-1,-1,-1
835,132,698.89,341.24,91.02,158.89,1.0000,-1,-1,-1
835,133,508.74,345.21,113.02,144.93,1.0000,-1,-1,-1
836,62,-264.20,492.70,57.37,155.83,1.0000,-1,-1,-1
836,91,668.88,414.67,89.00,186.95,1.0000,-1,-1,-1
836,122,265.92,374.83,70.76,176.96,1.0000,-1,-1,-1
836,124,730.39,372.02,105.19,198.15,1.0000,-1,-1,-1
836,128,558.05,239.99,75.56,185.50,1.0000,-1,-1,-1
836,129,-144.83,266.08,60.95,143.02,1.0000,-1,-1,-1
836,130,104.03,201.53,86.29,168.62,1.0000,-1,-1,-1
836,131,760.55,659.17,73.54,61.16,1.0000,-1,-1,-1
836,132,710.68,335.52,83.73,164.97,1.0000,-1,-1,-1
836,133,513.49,338.92,110.04,143.59,1.0000,-1,-1,-1
837,62,-273.12,494.49,57.33,155.74,1.0000,-1,-1,-1
837,91,673.95,414.88,89.06,187.08,1.0000,-1,-1,-1
837,122,265.89,375.65,73.87,176.21,1.0000,-1,-1,-1
837,124,721.83,368.33,111.39,196.93,1.0000,-1,-1,-1
837,128,557.10,239.21,75.88,186.27,1.0000,-1,-1,-1
837,129,-159.10,267.36,60.43,141.81,1.0000,-1,-1,-1
837,130,102.62,198.91,88.24,167.05,1.0000,-1,-1,-1
837,131,760.90,659.25,73.53,61.15,1.0000,-1,-1,-1
837,132,739.96,336.41,82.94,163.41,1.0000,-1,-1,-1
837,133,509.74,333.90,112.47,146.19,1.0000,-1,-1,-1
838,91,679.02,415.10,89.11,187.20,1.0000,-1,-1,-1
838,122,266.68,378.13,76.21,172.88,1.0000,-1,-1,-1
838,124,720.92,369.84,113.48,193.49,1.0000,-1,-1,-1
838,128,556.15,238.44,76.19,187.03,1.0000,-1,-1,-1
838,129,-173.36,268.65,59.91,140.59,1.0000,-1,-1,-1
838,130,95.10,196.77,89.99,165.27,1.0000,-1,-1,-1
838,131,761.25,659.32,73.52,61.14,1.0000,-1,-1,-1
838,132,769.24,337.31,82.13,161.83,1.0000,-1,-1,-1
838,133,502.62,327.61,117.80,149.23,1.0000,-1,-1,-1
839,91,684.09,415.31,89.17,187.33,1.0000,-1,-1,-1
839,122,267.75,377.39,78.11,169.57,1.0000,-1,-1,-1
839,124,719.14,369.22,115.28,189.84,1.0000,-1,-1,-1
839,128,555.20,237.67,76.50,187.80,1.0000,-1,-1,-1
839,129,-187.61,269.94,59.39,139.36,1.0000,-1,-1,-1
839,130,85.59,192.83,92.30,164.53,1.0000,-1,-1,-1
839,131,761.60,659.40,73.51,61.13,1.0000,-1,-1,-1
839,132,798.53,338.22,81.33,160.24,1.0000,-1,-1,-1
839,133,494.36,318.81,125.30,154.15,1.0000,-1,-1,-1
840,91,689.16,415.53,89.23,187.45,1.0000,-1,-1,-1
840,122,265.41,376.15,81.05,164.87,1.0000,-1,-1,-1
840,124,716.87,365.83,117.05,187.30,1.0000,-1,-1,-1
840,128,554.25,236.91,76.81,188.56,1.0000,-1,-1,-1
840,129,-201.87,271.24,58.86,138.12,1.0000,-1,-1,-1
840,130,81.57,187.85,91.35,164.18,1.0000,-1,-1,-1
840,131,761.94,659.48,73.50,61.12,1.0000,-1,-1,-1
840,132,827.82,339.13,80.51,158.63,1.0000,-1,-1,-1
840,133,488.03,311.10,128.17,157.17,1.0000,-1,-1,-1
840,135,697.64,297.12,74.24,180.35,1.0000,-1,-1,-1
841,91,694.23,415.75,89.29,187.57,1.0000,-1,-1,-1
841,122,264.81,376.15,80.94,164.66,1.0000,-1,-1,-1
841,124,713.67,357.91,119.91,184.93,1.0000,-1,-1,-1
841,128,553.30,236.14,77.12,189.31,1.0000,-1,-1,-1
841,129,-216.12,272.54,58.33,136.87,1.0000,-1,-1,-1
841,130,81.98,181.33,86.23,162.92,1.0000,-1,-1,-1
841,131,762.29,659.56,73.48,61.11,1.0000,-1,-1,-1
841,132,857.12,340.06,79.68,157.01,1.0000,-1,-1,-1
841,133,488.64,306.36,129.58,158.89,1.0000,-1,-1,-1
841,135,697.06,287.07,74.74,181.54,1.0000,-1,-1,-1
842,91,699.30,415.96,89.35,187.70,1.0000,-1,-1,-1
842,122,264.21,376.15,80.84,164.44,1.0000,-1,-1,-1
842,124,713.25,351.00,121.11,183.15,1.0000,-1,-1,-1
842,128,552.35,235.38,77.42,190.06,1.0000,-1,-1,-1
842,129,-230.37,273.85,57.79,135.61,1.0000,-1,-1,-1
842,130,83.43,176.82,81.22,162.00,1.0000,-1,-1,-1
842,131,762.64,659.64,73.47,61.10,1.0000,-1,-1,-1
842,132,886.42,340.99,78.85,155.36,1.0000,-1,-1,-1
842,133,489.26,301.62,130.97,160.60,1.0000,-1,-1,-1
842,135,696.48,277.03,75.22,182.72,1.0000,-1,-1,-1
843,91,704.37,416.18,89.41,187.82,1.0000,-1,-1,-1
843,122,258.96,368.04,90.77,151.00,1.0000,-1,-1,-1
843,124,712.92,349.38,121.22,183.31,1.0000,-1,-1,-1
843,128,551.40,234.61,77.73,190.81,1.0000,-1,-1,-1
843,129,-244.62,275.17,57.24,134.33,1.0000,-1,-1,-1
843,130,84.85,172.97,77.44,161.36,1.0000,-1,-1,-1
843,131,762.99,659.72,73.46,61.09,1.0000,-1,-1,-1
843,132,915.72,341.93,78.01,153.70,1.0000,-1,-1,-1
843,133,489.88,296.89,132.35,162.30,1.0000,-1,-1,-1
843,135,695.91,266.98,75.71,183.90,1.0000,-1,-1,-1
844,91,709.44,416.40,89.47,187.95,1.0000,-1,-1,-1
844,122,256.52,367.71,92.00,141.76,1.0000,-1,-1,-1
844,124,712.59,347.77,121.32,183.46,1.0000,-1,-1,-1
844,128,550.45,233.85,78.03,191.56,1.0000,-1,-1,-1
844,129,-258.87,276.49,56.69,133.04,1.0000,-1,-1,-1
844,130,87.73,170.16,75.26,160.35,1.0000,-1,-1,-1
844,131,763.34,659.80,73.45,61.08,1.0000,-1,-1,-1
844,132,945.03,342.88,77.16,152.03,1.0000,-1,-1,-1
844,133,490.51,292.18,133.72,163.97,1.0000,-1,-1,-1
844,135,695.34,256.94,76.19,185.07,1.0000,-1,-1,-1
845,91,714.51,416.61,89.53,188.07,1.0000,-1,-1,-1
845,122,257.79,367.50,89.06,134.69,1.0000,-1,-1,-1
845,124,712.26,346.15,121.42,183.62,1.0000,-1,-1,-1
845,128,549.51,233.09,78.34,192.31,1.0000,-1,-1,-1
845,129,-273.11,277.81,56.14,131.74,1.0000,-1,-1,-1
845,130,91.45,170.76,75.11,157.64,1.0000,-1,-1,-1
845,131,763.68,659.87,73.44,61.07,1.0000,-1,-1,-1
845,132,974.34,343.84,76.30,150.33,1.0000,-1,-1,-1
845,133,491.15,287.46,135.07,165.63,1.0000,-1,-1,-1
845,135,694.77,246.91,76.67,186.23,1.0000,-1,-1,-1
846,91,719.58,416.83,89.59,188.19,1.0000,-1,-1,-1
846,122,260.41,364.26,86.24,128.71,1.0000,-1,-1,-1
846,124,700.55,296.35,125.16,199.58,1.0000,-1,-1,-1
846,128,548.56,232.33,78.64,193.05,1.0000,-1,-1,-1
846,129,-287.35,279.15,55.58,130.43,1.0000,-1,-1,-1
846,130,93.35,173.08,79.04,150.78,1.0000,-1,-1,-1
846,131,751.81,583.70,81.25,115.64,1.0000,-1,-1,-1
846,132,1003.66,344.81,75.42,148.61,1.0000,-1,-1,-1
846,133,491.79,282.76,136.41,167.27,1.0000,-1,-1,-1
846,135,694.20,236.88,77.14,187.38,1.0000,-1,-1,-1
847,91,724.65,417.05,89.64,188.32,1.0000,-1,-1,-1
847,122,262.11,363.49,83.81,125.85,1.0000,-1,-1,-1
847,124,699.39,291.40,125.40,199.96,1.0000,-1,-1,-1
847,128,547.62,231.58,78.94,193.78,1.0000,-1,-1,-1
847,129,-301.59,280.49,55.01,129.10,1.0000,-1,-1,-1
847,130,93.56,174.98,84.51,144.50,1.0000,-1,-1,-1
847,131,751.17,580.09,82.16,116.95,1.0000,-1,-1,-1
847,132,1032.98,345.79,74.54,146.88,1.0000,-1,-1,-1
847,133,498.62,290.58,101.46,155.16,1.0000,-1,-1,-1
847,135,693.63,226.85,77.61,188.53,1.0000,-1,-1,-1
848,91,729.72,417.26,89.70,188.44,1.0000,-1,-1,-1
848,122,261.85,361.51,83.49,125.35,1.0000,-1,-1,-1
848,124,698.22,286.44,125.64,200.35,1.0000,-1,-1,-1
848,128,546.67,230.82,79.24,194.52,1.0000,-1,-1,-1
848,129,-315.82,281.83,54.44,127.76,1.0000,-1,-1,-1
848,130,92.36,174.72,91.95,140.80,1.0000,-1,-1,-1
848,131,754.98,564.80,79.01,139.02,1.0000,-1,-1,-1
848,132,1062.31,346.78,73.65,145.12,1.0000,-1,-1,-1
848,133,504.71,287.20,93.88,157.17,1.0000,-1,-1,-1
848,135,693.06,216.82,78.08,189.67,1.0000,-1,-1,-1
849,91,734.79,417.48,89.76,188.56,1.0000,-1,-1,-1
849,122,261.59,359.53,83.16,124.86,1.0000,-1,-1,-1
849,124,697.06,281.49,125.88,200.73,1.0000,-1,-1,-1
849,128,545.73,230.07,79.54,195.25,1.0000,-1,-1,-1
849,129,-330.05,283.19,53.87,126.41,1.0000,-1,-1,-1
849,130,92.88,172.04,98.45,138.82,1.0000,-1,-1,-1
849,131,757.64,555.93,75.41,151.21,1.0000,-1,-1,-1
849,132,1091.65,347.78,72.75,143.34,1.0000,-1,-1,-1
849,133,507.98,283.52,93.00,158.73,1.0000,-1,-1,-1
849,135,692.50,206.80,78.55,190.80,1.0000,-1,-1,-1
850,91,739.86,417.70,89.82,188.69,1.0000,-1,-1,-1
850,122,261.34,357.54,82.83,124.37,1.0000,-1,-1,-1
850,124,695.90,276.53,126.12,201.11,1.0000,-1,-1,-1
850,128,544.78,229.31,79.83,195.98,1.0000,-1,-1,-1
850,129,-344.28,284.55,53.28,125.04,1.0000,-1,-1,-1
850,130,88.11,167.34,106.16,138.67,1.0000,-1,-1,-1
850,131,759.08,549.02,74.30,160.71,1.0000,-1,-1,-1
850,132,1120.99,348.79,71.83,141.54,1.0000,-1,-1,-1
850,133,507.60,286.35,94.81,154.80,1.0000,-1,-1,-1
850,135,691.93,196.78,79.01,191.93,1.0000,-1,-1,-1
851,91,744.93,417.91,89.88,188.81,1.0000,-1,-1,-1
851,122,261.08,355.56,82.50,123.87,1.0000,-1,-1,-1
851,124,677.29,273.60,116.64,186.32,1.0000,-1,-1,-1
851,128,543.84,228.56,80.13,196.71,1.0000,-1,-1,-1
851,129,-358.50,285.92,52.69,123.65,1.0000,-1,-1,-1
851,130,85.56,160.19,110.39,138.60,1.0000,-1,-1,-1
851,131,757.20,543.01,78.61,169.57,1.0000,-1,-1,-1
851,132,1150.33,349.81,70.91,139.72,1.0000,-1,-1,-1
851,133,504.54,284.53,101.07,153.31,1.0000,-1,-1,-1
851,135,691.37,186.77,79.47,193.05,1.0000,-1,-1,-1
852,91,750.00,418.13,89.94,188.93,1.0000,-1,-1,-1
852,122,260.83,353.58,82.17,123.37,1.0000,-1,-1,-1
852,124,674.44,272.30,115.57,179.69,1.0000,-1,-1,-1
852,128,542.90,227.81,80.43,197.43,1.0000,-1,-1,-1
852,129,-372.72,287.30,52.10,122.25,1.0000,-1,-1,-1
852,130,80.44,156.31,112.16,137.57,1.0000,-1,-1,-1
852,131,755.89,539.39,83.09,175.66,1.0000,-1,-1,-1
852,132,1179.68,350.85,69.97,137.87,1.0000,-1,-1,-1
852,133,501.13,282.25,108.41,153.62,1.0000,-1,-1,-1
852,135,690.81,176.75,79.93,194.16,1.0000,-1,-1,-1
853,91,755.07,418.35,90.00,189.06,1.0000,-1,-1,-1
853,122,260.58,351.60,81.83,122.87,1.0000,-1,-1,-1
853,124,676.08,274.63,114.03,179.22,1.0000,-1,-1,-1
853,128,541.95,227.06,80.72,198.16,1.0000,-1,-1,-1
853,129,-386.94,288.68,51.49,120.84,1.0000,-1,-1,-1
853,130,71.60,153.67,113.56,136.29,1.0000,-1,-1,-1
853,131,758.18,537.88,85.83,179.11,1.0000,-1,-1,-1
853,132,1209.04,351.90,69.02,135.99,1.0000,-1,-1,-1
853,133,497.27,278.96,115.47,155.21,1.0000,-1,-1,-1
853,135,690.25,166.75,80.39,195.27,1.0000,-1,-1,-1
854,91,760.14,418.56,90.06,189.18,1.0000,-1,-1,-1
854,122,260.33,349.62,81.50,122.37,1.0000,-1,-1,-1
854,124,675.15,276.25,114.36,181.21,1.0000,-1,-1,-1
854,128,541.01,226.31,81.01,198.88,1.0000,-1,-1,-1
854,129,-401.16,290.07,50.88,119.40,1.0000,-1,-1,-1
854,130,66.25,151.64,109.00,135.62,1.0000,-1,-1,-1
854,131,761.63,538.22,87.84,180.71,1.0000,-1,-1,-1
854,132,1238.41,352.96,68.06,134.09,1.0000,-1,-1,-1
854,133,495.02,275.88,120.58,156.06,1.0000,-1,-1,-1
854,135,689.69,156.74,80.84,196.37,1.0000,-1,-1,-1
855,91,765.21,418.78,90.11,189.30,1.0000,-1,-1,-1
855,122,260.07,347.64,81.16,121.86,1.0000,-1,-1,-1
855,124,676.56,279.64,114.05,181.02,1.0000,-1,-1,-1
855,128,540.07,225.57,81.30,199.59,1.0000,-1,-1,-1
855,129,-415.37,291.48,50.26,117.95,1.0000,-1,-1,-1
855,130,60.94,151.26,107.53,135.04,1.0000,-1,-1,-1
855,131,762.05,535.13,88.86,182.81,1.0000,-1,-1,-1
855,132,1267.78,354.03,67.08,132.17,1.0000,-1,-1,-1
855,133,492.64,274.53,122.35,155.98,1.0000,-1,-1,-1
855,135,689.13,146.74,81.29,197.46,1.0000,-1,-1,-1
856,91,770.28,419.00,90.17,189.43,1.0000,-1,-1,-1
856,122,259.82,345.66,80.82,121.36,1.0000,-1,-1,-1
856,124,674.58,276.43,114.05,181.02,1.0000,-1,-1,-1
856,128,539.13,224.82,81.60,200.31,1.0000,-1,-1,-1
856,129,-429.57,292.89,49.64,116.48,1.0000,-1,-1,-1
856,130,56.67,149.30,112.13,136.52,1.0000,-1,-1,-1
856,131,777.59,539.78,92.48,181.63,1.0000,-1,-1,-1
856,132,1297.16,355.12,66.09,130.21,1.0000,-1,-1,-1
856,133,490.79,274.93,118.13,154.49,1.0000,-1,-1,-1
856,135,688.58,136.74,81.74,198.55,1.0000,-1,-1,-1
857,91,775.35,419.21,90.23,189.55,1.0000,-1,-1,-1
857,122,259.57,343.69,80.49,120.85,1.0000,-1,-1,-1
857,124,672.60,273.23,114.05,181.01,1.0000,-1,-1,-1
857,128,538.19,224.08,81.89,201.02,1.0000,-1,-1,-1
857,130,54.09,148.57,116.41,138.10,1.0000,-1,-1,-1
857,131,779.45,537.27,93.52,183.65,1.0000,-1,-1,-1
857,132,1326.54,356.23,65.08,128.23,1.0000,-1,-1,-1
857,133,487.54,275.19,111.82,152.97,1.0000,-1,-1,-1
857,135,688.02,126.74,82.19,199.64,1.0000,-1,-1,-1
858,91,780.42,419.43,90.29,189.67,1.0000,-1,-1,-1
858,122,255.93,395.97,78.23,133.47,1.0000,-1,-1,-1
858,124,670.62,270.02,114.05,181.01,1.0000,-1,-1,-1
858,128,537.25,223.34,82.17,201.73,1.0000,-1,-1,-1
858,130,52.94,147.64,120.51,138.29,1.0000,-1,-1,-1
858,131,781.32,534.76,94.54,185.66,1.0000,-1,-1,-1
858,132,1355.94,357.35,64.05,126.21,1.0000,-1,-1,-1
858,133,483.53,276.62,106.15,151.21,1.0000,-1,-1,-1
858,135,687.47,116.75,82.63,200.71,1.0000,-1,-1,-1
859,122,258.61,396.51,83.24,137.87,1.0000,-1,-1,-1
859,124,668.65,266.82,114.05,181.01,1.0000,-1,-1,-1
859,128,536.31,222.59,82.46,202.43,1.0000,-1,-1,-1
859,130,48.57,148.19,128.00,138.13,1.0000,-1,-1,-1
859,131,783.18,532.27,95.55,187.64,1.0000,-1,-1,-1
859,132,1385.34,358.48,63.01,124.16,1.0000,-1,-1,-1
859,133,482.43,278.83,106.12,150.04,1.0000,-1,-1,-1
859,135,686.91,106.76,83.07,201.78,1.0000,-1,-1,-1
860,122,262.00,397.17,85.95,138.31,1.0000,-1,-1,-1
860,124,666.67,263.61,114.05,181.01,1.0000,-1,-1,-1
860,128,535.37,221.85,82.75,203.14,1.0000,-1,-1,-1
860,130,46.19,145.89,128.43,138.60,1.0000,-1,-1,-1
860,131,785.06,529.79,96.54,189.60,1.0000,-1,-1,-1
860,132,1414.75,359.63,61.96,122.08,1.0000,-1,-1,-1
860,133,487.18,278.70,107.56,150.73,1.0000,-1,-1,-1
860,135,686.36,96.77,83.51,202.85,1.0000,-1,-1,-1
861,122,271.85,398.46,92.27,136.75,1.0000,-1,-1,-1
861,124,677.86,293.61,121.58,172.69,1.0000,-1,-1,-1
861,128,534.43,221.12,83.04,203.84,1.0000,-1,-1,-1
861,130,55.92,153.71,111.42,135.58,1.0000,-1,-1,-1
861,131,786.94,527.32,97.53,191.54,1.0000,-1,-1,-1
861,132,1444.17,360.81,60.88,119.96,1.0000,-1,-1,-1
861,133,494.58,279.93,110.93,152.15,1.0000,-1,-1,-1
861,135,685.81,86.78,83.95,203.91,1.0000,-1,-1,-1
862,122,279.75,401.71,98.11,139.52,1.0000,-1,-1,-1
862,124,674.12,285.10,129.32,178.20,1.0000,-1,-1,-1
862,128,533.50,220.38,83.32,204.54,1.0000,-1,-1,-1
862,130,65.31,155.43,106.71,133.38,1.0000,-1,-1,-1
862,131,788.82,524.86,98.51,193.46,1.0000,-1,-1,-1
862,132,1473.60,362.00,59.79,117.80,1.0000,-1,-1,-1
862,133,500.03,279.35,112.76,154.06,1.0000,-1,-1,-1
862,135,685.26,76.80,84.38,204.96,1.0000,-1,-1,-1
862,137,503.85,168.15,98.84,123.23,1.0000,-1,-1,-1
863,122,286.92,405.86,102.55,144.20,1.0000,-1,-1,-1
863,124,677.64,284.28,130.65,178.83,1.0000,-1,-1,-1
863,128,532.56,219.64,83.60,205.24,1.0000,-1,-1,-1
863,130,64.19,154.20,106.80,133.49,1.0000,-1,-1,-1
863,131,790.71,522.40,99.48,195.37,1.0000,-1,-1,-1
863,132,1503.04,363.21,58.67,115.60,1.0000,-1,-1,-1
863,133,504.14,278.19,113.71,157.17,1.0000,-1,-1,-1
863,135,684.72,66.82,84.81,206.01,1.0000,-1,-1,-1
863,137,510.45,167.53,103.40,128.92,1.0000,-1,-1,-1
864,122,295.71,408.59,107.39,148.70,1.0000,-1,-1,-1
864,124,680.94,285.74,130.34,180.25,1.0000,-1,-1,-1
864,130,80.93,155.33,114.15,131.66,1.0000,-1,-1,-1
864,131,792.61,519.96,100.44,197.25,1.0000,-1,-1,-1
864,132,1532.49,364.44,57.53,113.36,1.0000,-1,-1,-1
864,133,505.26,277.20,113.83,157.34,1.0000,-1,-1,-1
864,135,684.17,56.84,85.24,207.06,1.0000,-1,-1,-1
864,137,517.15,167.02,107.77,134.36,1.0000,-1,-1,-1
865,122,303.04,411.09,109.39,152.51,1.0000,-1,-1,-1
865,124,680.95,284.60,130.47,180.43,1.0000,-1,-1,-1
865,130,93.75,156.68,116.83,130.46,1.0000,-1,-1,-1
865,131,794.51,517.53,101.39,199.12,1.0000,-1,-1,-1
865,132,1561.96,365.69,56.37,111.07,1.0000,-1,-1,-1
865,133,506.37,276.21,113.95,157.50,1.0000,-1,-1,-1
865,135,683.62,46.87,85.67,208.10,1.0000,-1,-1,-1
865,137,523.93,166.62,111.97,139.60,1.0000,-1,-1,-1
866,122,312.94,415.35,102.45,152.55,1.0000,-1,-1,-1
866,124,680.95,283.45,130.60,180.61,1.0000,-1,-1,-1
866,130,95.63,155.69,117.01,130.67,1.0000,-1,-1,-1
866,131,796.41,515.10,102.33,200.97,1.0000,-1,-1,-1
866,132,1591.43,366.97,55.19,108.74,1.0000,-1,-1,-1
866,133,522.47,281.41,100.70,154.10,1.0000,-1,-1,-1
866,135,683.08,36.90,86.09,209.13,1.0000,-1,-1,-1
866,137,530.79,166.32,116.01,144.64,1.0000,-1,-1,-1
867,122,322.75,416.89,96.38,152.07,1.0000,-1,-1,-1
867,124,680.96,282.31,130.73,180.79,1.0000,-1,-1,-1
867,130,97.50,154.70,117.19,130.87,1.0000,-1,-1,-1
867,131,798.32,512.69,103.27,202.80,1.0000,-1,-1,-1
867,133,532.83,281.94,96.09,151.99,1.0000,-1,-1,-1
867,135,682.54,26.93,86.52,210.16,1.0000,-1,-1,-1
867,137,537.72,166.10,119.92,149.52,1.0000,-1,-1,-1
868,122,334.36,416.57,95.14,150.31,1.0000,-1,-1,-1
868,124,680.97,281.17,130.86,180.97,1.0000,-1,-1,-1
868,130,99.38,153.71,117.37,131.07,1.0000,-1,-1,-1
868,131,800.23,510.28,104.19,204.62,1.0000,-1,-1,-1
868,133,535.34,281.57,95.87,151.65,1.0000,-1,-1,-1
868,135,681.99,16.96,86.94,211.18,1.0000,-1,-1,-1
868,137,544.70,165.96,123.71,154.24,1.0000,-1,-1,-1
869,122,343.92,415.84,98.15,149.17,1.0000,-1,-1,-1
869,124,712.79,285.74,141.74,178.15,1.0000,-1,-1,-1
869,130,101.26,152.73,117.55,131.27,1.0000,-1,-1,-1
869,131,802.15,507.88,105.11,206.42,1.0000,-1,-1,-1
869,133,547.13,279.36,99.67,152.80,1.0000,-1,-1,-1
869,135,681.45,7.00,87.36,212.20,1.0000,-1,-1,-1
869,137,551.75,165.89,127.38,158.82,1.0000,-1,-1,-1
870,122,353.66,417.60,101.25,149.97,1.0000,-1,-1,-1
870,124,715.62,284.88,141.93,178.40,1.0000,-1,-1,-1
870,130,103.14,151.74,117.73,131.47,1.0000,-1,-1,-1
870,131,804.07,505.48,106.02,208.20,1.0000,-1,-1,-1
870,133,550.59,278.84,99.53,152.59,1.0000,-1,-1,-1
870,135,680.91,-2.96,87.78,213.21,1.0000,-1,-1,-1
870,137,558.85,165.88,130.95,163.27,1.0000,-1,-1,-1
871,122,369.41,422.01,103.74,153.92,1.0000,-1,-1,-1
871,124,752.27,285.96,131.51,162.15,1.0000,-1,-1,-1
871,130,105.02,150.75,117.91,131.67,1.0000,-1,-1,-1
871,131,805.99,503.10,106.92,209.97,1.0000,-1,-1,-1
871,133,572.68,278.84,98.53,151.87,1.0000,-1,-1,-1
871,137,565.99,165.93,134.43,167.60,1.0000,-1,-1,-1
872,122,376.54,424.33,103.80,154.00,1.0000,-1,-1,-1
872,124,757.57,284.69,131.54,162.18,1.0000,-1,-1,-1
872,130,106.90,149.76,118.09,131.87,1.0000,-1,-1,-1
872,131,807.92,500.72,107.81,211.73,1.0000,-1,-1,-1
872,133,577.70,278.35,98.37,151.62,1.0000,-1,-1,-1
872,137,573.18,166.04,137.82,171.83,1.0000,-1,-1,-1
873,122,383.67,426.65,103.85,154.09,1.0000,-1,-1,-1
873,124,762.87,283.42,131.56,162.21,1.0000,-1,-1,-1
873,130,108.79,148.77,118.27,132.07,1.0000,-1,-1,-1
873,131,809.85,498.35,108.70,213.47,1.0000,-1,-1,-1
873,133,583.42,276.54,78.54,141.44,1.0000,-1,-1,-1
873,137,580.41,166.19,141.12,175.95,1.0000,-1,-1,-1
874,122,385.83,431.62,86.91,155.50,1.0000,-1,-1,-1
874,124,768.16,282.15,131.59,162.24,1.0000,-1,-1,-1
874,130,110.67,147.79,118.44,132.26,1.0000,-1,-1,-1
874,131,811.79,495.98,109.58,215.19,1.0000,-1,-1,-1
874,133,596.10,283.44,72.70,140.03,1.0000,-1,-1,-1
874,137,587.67,166.40,144.35,179.98,1.0000,-1,-1,-1
875,122,398.73,433.45,83.09,155.28,1.0000,-1,-1,-1
875,124,784.95,293.97,109.24,151.28,1.0000,-1,-1,-1
875,130,112.55,146.80,118.62,132.46,1.0000,-1,-1,-1
875,131,813.72,493.63,110.45,216.91,1.0000,-1,-1,-1
875,133,601.05,283.50,72.11,138.90,1.0000,-1,-1,-1
875,137,594.98,166.65,147.51,183.92,1.0000,-1,-1,-1
876,122,405.24,436.09,83.01,155.13,1.0000,-1,-1,-1
876,124,790.39,293.46,109.03,150.99,1.0000,-1,-1,-1
876,130,114.43,145.81,118.80,132.66,1.0000,-1,-1,-1
876,131,815.67,491.28,111.31,218.61,1.0000,-1,-1,-1
876,133,620.98,281.44,82.04,144.90,1.0000,-1,-1,-1
876,137,602.31,166.94,150.61,187.78,1.0000,-1,-1,-1
876,139,72.26,238.55,87.38,134.20,1.0000,-1,-1,-1
877,122,428.88,434.75,88.65,151.63,1.0000,-1,-1,-1
877,124,795.83,292.95,108.82,150.70,1.0000,-1,-1,-1
877,130,116.31,144.82,118.98,132.86,1.0000,-1,-1,-1
877,131,817.61,488.93,112.17,220.29,1.0000,-1,-1,-1
877,133,630.54,280.71,90.26,147.38,1.0000,-1,-1,-1
877,137,609.68,167.26,153.64,191.56,1.0000,-1,-1,-1
877,139,72.14,235.80,89.03,137.47,1.0000,-1,-1,-1
878,122,440.09,436.79,94.35,152.04,1.0000,-1,-1,-1
878,124,801.27,292.45,108.61,150.40,1.0000,-1,-1,-1
878,130,118.19,143.84,119.15,133.06,1.0000,-1,-1,-1
878,131,819.56,486.60,113.02,221.96,1.0000,-1,-1,-1
878,133,637.72,280.63,90.00,146.94,1.0000,-1,-1,-1
878,137,617.07,167.63,156.61,195.26,1.0000,-1,-1,-1
878,139,89.93,237.51,84.63,130.67,1.0000,-1,-1,-1
878,141,1128.78,193.15,85.76,103.25,1.0000,-1,-1,-1
879,122,449.49,439.26,98.65,154.76,1.0000,-1,-1,-1
879,124,806.71,291.94,108.39,150.11,1.0000,-1,-1,-1
879,130,120.07,142.85,119.33,133.25,1.0000,-1,-1,-1
879,131,821.51,484.26,113.87,223.63,1.0000,-1,-1,-1
879,133,646.88,284.02,95.23,146.76,1.0000,-1,-1,-1
879,137,624.50,168.03,159.53,198.90,1.0000,-1,-1,-1
879,139,107.85,239.42,79.99,123.51,1.0000,-1,-1,-1
879,141,1139.01,197.77,81.29,97.87,1.0000,-1,-1,-1
880,122,458.45,441.49,98.67,154.80,1.0000,-1,-1,-1
880,124,812.15,291.44,108.18,149.81,1.0000,-1,-1,-1
880,130,121.95,141.86,119.51,133.45,1.0000,-1,-1,-1
880,131,823.47,481.94,114.71,225.27,1.0000,-1,-1,-1
880,133,657.27,286.82,94.25,145.86,1.0000,-1,-1,-1
880,137,631.94,168.46,162.40,202.47,1.0000,-1,-1,-1
880,139,125.91,241.54,75.06,115.90,1.0000,-1,-1,-1
880,141,1144.02,199.07,71.74,96.47,1.0000,-1,-1,-1
881,122,467.40,443.71,98.70,154.83,1.0000,-1,-1,-1
881,124,817.59,290.93,107.96,149.51,1.0000,-1,-1,-1
881,130,123.83,140.88,119.68,133.65,1.0000,-1,-1,-1
881,131,825.42,479.62,115.54,226.91,1.0000,-1,-1,-1
881,133,665.06,287.21,94.03,145.52,1.0000,-1,-1,-1
881,137,639.42,168.92,165.21,205.98,1.0000,-1,-1,-1
881,139,144.14,243.93,69.79,107.75,1.0000,-1,-1,-1
881,141,1160.85,197.78,78.53,102.51,1.0000,-1,-1,-1
882,122,476.36,445.94,98.72,154.87,1.0000,-1,-1,-1
882,124,823.03,290.43,107.75,149.22,1.0000,-1,-1,-1
882,130,125.72,139.89,119.86,133.85,1.0000,-1,-1,-1
882,131,827.38,477.31,116.37,228.53,1.0000,-1,-1,-1
882,133,672.85,287.60,93.81,145.18,1.0000,-1,-1,-1
882,137,646.92,169.42,167.98,209.43,1.0000,-1,-1,-1
882,139,162.59,246.66,64.08,98.94,1.0000,-1,-1,-1
882,141,1174.76,198.62,82.47,105.75,1.0000,-1,-1,-1
883,122,485.31,448.16,98.74,154.91,1.0000,-1,-1,-1
883,124,876.05,311.25,83.62,139.10,1.0000,-1,-1,-1
883,130,127.60,138.90,120.03,134.04,1.0000,-1,-1,-1
883,131,829.35,475.00,117.19,230.15,1.0000,-1,-1,-1
883,133,683.46,287.59,88.09,143.13,1.0000,-1,-1,-1
883,137,654.44,169.94,170.70,212.83,1.0000,-1,-1,-1
883,139,181.32,249.82,57.81,89.26,1.0000,-1,-1,-1
883,141,1183.87,199.23,84.96,107.80,1.0000,-1,-1,-1
884,122,494.27,450.39,98.77,154.95,1.0000,-1,-1,-1
884,124,884.00,312.08,83.17,138.36,1.0000,-1,-1,-1
884,130,129.48,137.92,120.21,134.24,1.0000,-1,-1,-1
884,131,831.31,472.70,118.01,231.75,1.0000,-1,-1,-1
884,133,691.11,286.95,87.73,144.13,1.0000,-1,-1,-1
884,137,661.98,170.48,173.38,216.17,1.0000,-1,-1,-1
884,139,200.43,253.57,50.77,78.40,1.0000,-1,-1,-1
884,141,1191.09,203.27,87.62,113.78,1.0000,-1,-1,-1
885,122,501.02,449.05,95.78,151.75,1.0000,-1,-1,-1
885,124,891.95,312.90,82.72,137.61,1.0000,-1,-1,-1
885,130,131.36,136.93,120.39,134.43,1.0000,-1,-1,-1
885,131,833.28,470.40,118.82,233.34,1.0000,-1,-1,-1
885,133,704.12,281.26,87.34,145.92,1.0000,-1,-1,-1
885,137,669.54,171.06,176.02,219.46,1.0000,-1,-1,-1
885,139,220.11,258.21,42.59,65.76,1.0000,-1,-1,-1
885,141,1201.30,205.68,87.90,114.14,1.0000,-1,-1,-1
886,122,512.23,452.45,98.74,150.64,1.0000,-1,-1,-1
886,124,908.88,314.26,91.42,135.30,1.0000,-1,-1,-1
886,130,133.24,135.94,120.56,134.63,1.0000,-1,-1,-1
886,131,835.26,468.11,119.62,234.92,1.0000,-1,-1,-1
886,133,715.36,274.47,93.36,148.49,1.0000,-1,-1,-1
886,137,677.12,171.65,178.62,222.71,1.0000,-1,-1,-1
886,139,240.80,264.40,32.40,50.03,1.0000,-1,-1,-1
886,141,1211.52,208.09,88.18,114.51,1.0000,-1,-1,-1
887,122,516.43,452.77,104.83,153.35,1.0000,-1,-1,-1
887,124,919.85,314.57,97.55,133.99,1.0000,-1,-1,-1
887,130,135.13,134.96,120.73,134.82,1.0000,-1,-1,-1
887,133,724.48,272.53,97.37,150.37,1.0000,-1,-1,-1
887,137,684.72,172.27,181.19,225.90,1.0000,-1,-1,-1
887,139,264.15,274.68,16.90,26.10,1.0000,-1,-1,-1
887,141,1221.73,210.51,88.46,114.87,1.0000,-1,-1,-1
887,145,840.00,330.73,81.86,126.60,1.0000,-1,-1,-1
888,122,525.27,454.65,104.89,153.43,1.0000,-1,-1,-1
888,124,924.89,317.27,102.06,135.26,1.0000,-1,-1,-1
888,130,137.01,133.97,120.91,135.02,1.0000,-1,-1,-1
888,133,733.44,271.80,97.25,150.18,1.0000,-1,-1,-1
888,137,692.34,172.92,183.72,229.05,1.0000,-1,-1,-1
888,139,279.74,273.00,16.90,26.10,1.0000,-1,-1,-1
888,141,1231.94,212.92,88.74,115.23,1.0000,-1,-1,-1
888,145,845.15,336.12,75.90,117.38,1.0000,-1,-1,-1
888,146,276.40,252.25,94.40,126.50,1.0000,-1,-1,-1
888,147,991.47,548.47,106.48,138.74,1.0000,-1,-1,-1
888,148,86.10,334.15,80.23,153.89,1.0000,-1,-1,-1
889,122,534.11,456.53,104.94,153.51,1.0000,-1,-1,-1
889,124,932.61,319.64,104.55,136.04,1.0000,-1,-1,-1
889,130,138.89,132.99,121.08,135.21,1.0000,-1,-1,-1
889,133,742.40,271.07,97.12,149.99,1.0000,-1,-1,-1
889,137,699.98,173.58,186.21,232.16,1.0000,-1,-1,-1
889,139,295.34,271.32,16.90,26.10,1.0000,-1,-1,-1
889,141,1242.15,215.33,89.01,115.59,1.0000,-1,-1,-1
889,145,850.56,341.91,69.43,107.37,1.0000,-1,-1,-1
889,146,294.55,254.84,88.32,120.53,1.0000,-1,-1,-1
889,147,996.91,547.37,109.22,136.50,1.0000,-1,-1,-1
889,148,101.23,332.11,88.20,155.30,1.0000,-1,-1,-1
890,122,542.95,458.41,105.00,153.59,1.0000,-1,-1,-1
890,124,944.06,322.97,103.32,136.01,1.0000,-1,-1,-1
890,130,140.77,132.00,121.26,135.41,1.0000,-1,-1,-1
890,133,751.36,270.35,97.00,149.80,1.0000,-1,-1,-1
890,137,707.63,174.27,188.67,235.23,1.0000,-1,-1,-1
890,139,310.93,269.64,16.90,26.10,1.0000,-1,-1,-1
890,140,989.42,193.23,89.20,113.60,1.0000,-1,-1,-1
890,141,1252.37,217.74,89.29,115.95,1.0000,-1,-1,-1
890,145,863.57,338.26,66.65,115.33,1.0000,-1,-1,-1
890,146,311.38,255.05,87.58,119.52,1.0000,-1,-1,-1
890,147,1003.98,545.18,110.72,138.36,1.0000,-1,-1,-1
890,148,115.96,331.98,89.44,151.72,1.0000,-1,-1,-1
891,122,551.79,460.29,105.06,153.68,1.0000,-1,-1,-1
891,124,956.41,324.67,96.47,134.59,1.0000,-1,-1,-1
891,130,142.66,131.02,121.43,135.60,1.0000,-1,-1,-1
891,133,760.32,269.62,96.87,149.61,1.0000,-1,-1,-1
891,137,715.30,174.97,191.10,238.26,1.0000,-1,-1,-1
891,139,326.52,267.96,16.90,26.10,1.0000,-1,-1,-1
891,140,999.95,192.52,89.50,113.99,1.0000,-1,-1,-1
891,141,1262.58,220.16,89.56,116.30,1.0000,-1,-1,-1
891,145,873.00,332.75,74.91,124.46,1.0000,-1,-1,-1
891,146,328.22,255.26,86.84,118.51,1.0000,-1,-1,-1
891,147,1011.06,543.01,112.19,140.20,1.0000,-1,-1,-1
891,148,131.37,327.76,92.82,157.45,1.0000,-1,-1,-1
892,122,548.71,462.40,89.93,150.67,1.0000,-1,-1,-1
892,124,963.77,326.30,88.38,133.52,1.0000,-1,-1,-1
892,130,144.54,130.03,121.60,135.79,1.0000,-1,-1,-1
892,133,776.99,272.17,85.25,147.41,1.0000,-1,-1,-1
892,137,722.98,175.69,193.50,241.25,1.0000,-1,-1,-1
892,139,342.12,266.28,16.90,26.10,1.0000,-1,-1,-1
892,140,1010.48,191.80,89.80,114.36,1.0000,-1,-1,-1
892,141,1272.79,222.57,89.84,116.66,1.0000,-1,-1,-1
892,145,878.57,329.50,79.38,126.62,1.0000,-1,-1,-1
892,146,345.05,255.47,86.09,117.48,1.0000,-1,-1,-1
892,147,1018.15,540.85,113.64,142.02,1.0000,-1,-1,-1
892,148,146.84,323.64,96.08,162.98,1.0000,-1,-1,-1
893,122,554.96,460.50,88.10,149.24,1.0000,-1,-1,-1
893,124,969.41,326.67,86.11,132.41,1.0000,-1,-1,-1
893,130,146.42,129.05,121.78,135.99,1.0000,-1,-1,-1
893,133,786.58,272.90,82.64,144.01,1.0000,-1,-1,-1
893,139,357.71,264.60,16.90,26.10,1.0000,-1,-1,-1
893,140,1021.01,191.09,90.09,114.74,1.0000,-1,-1,-1
893,141,1283.01,224.98,90.11,117.01,1.0000,-1,-1,-1
893,145,881.04,326.91,82.56,125.71,1.0000,-1,-1,-1
893,146,361.90,255.68,85.33,116.45,1.0000,-1,-1,-1
893,147,1012.48,554.36,86.04,126.79,1.0000,-1,-1,-1
893,148,162.35,319.61,99.23,168.32,1.0000,-1,-1,-1
894,122,559.96,459.58,90.59,149.33,1.0000,-1,-1,-1
894,124,981.09,327.12,86.01,130.87,1.0000,-1,-1,-1
894,130,148.31,128.06,121.95,136.18,1.0000,-1,-1,-1
894,133,795.71,272.47,82.36,143.51,1.0000,-1,-1,-1
894,139,373.31,262.92,16.90,26.10,1.0000,-1,-1,-1
894,140,1031.54,190.38,90.39,115.12,1.0000,-1,-1,-1
894,141,1293.22,227.40,90.38,117.37,1.0000,-1,-1,-1
894,145,883.85,325.43,91.43,127.57,1.0000,-1,-1,-1
894,146,378.74,255.91,84.57,115.41,1.0000,-1,-1,-1
894,147,1021.79,551.07,85.06,131.78,1.0000,-1,-1,-1
894,148,195.44,335.04,65.44,131.35,1.0000,-1,-1,-1
895,122,564.80,460.03,93.26,149.02,1.0000,-1,-1,-1
895,124,992.83,328.29,86.94,130.43,1.0000,-1,-1,-1
895,130,150.19,127.08,122.12,136.37,1.0000,-1,-1,-1
895,133,804.84,272.04,82.07,143.00,1.0000,-1,-1,-1
895,139,388.90,261.24,16.90,26.10,1.0000,-1,-1,-1
895,140,1042.07,189.67,90.69,115.50,1.0000,-1,-1,-1
895,141,1303.44,229.82,90.65,117.72,1.0000,-1,-1,-1
895,145,885.37,325.53,98.28,129.96,1.0000,-1,-1,-1
895,146,395.59,256.13,83.80,114.36,1.0000,-1,-1,-1
895,147,1030.09,548.31,88.96,137.68,1.0000,-1,-1,-1
895,148,213.05,334.75,64.11,128.70,1.0000,-1,-1,-1
896,122,564.62,463.30,101.49,150.58,1.0000,-1,-1,-1
896,124,1005.33,331.77,93.10,131.19,1.0000,-1,-1,-1
896,133,813.97,271.62,81.78,142.50,1.0000,-1,-1,-1
896,139,404.50,259.56,16.90,26.10,1.0000,-1,-1,-1
896,140,1052.60,188.96,90.98,115.87,1.0000,-1,-1,-1
896,141,1313.65,232.23,90.93,118.07,1.0000,-1,-1,-1
896,145,891.35,324.81,98.84,130.71,1.0000,-1,-1,-1
896,146,412.44,256.36,83.02,113.30,1.0000,-1,-1,-1
896,147,1032.27,543.60,102.23,142.60,1.0000,-1,-1,-1
896,148,231.34,327.37,72.14,137.68,1.0000,-1,-1,-1
897,122,571.36,464.71,101.52,150.61,1.0000,-1,-1,-1
897,124,1011.48,335.38,99.59,133.01,1.0000,-1,-1,-1
897,133,823.10,271.20,81.49,141.99,1.0000,-1,-1,-1
897,139,420.09,257.88,16.90,26.10,1.0000,-1,-1,-1
897,140,1078.90,201.95,82.02,112.71,1.0000,-1,-1,-1
897,141,1323.87,234.65,91.20,118.42,1.0000,-1,-1,-1
897,145,897.33,324.08,99.41,131.45,1.0000,-1,-1,-1
897,146,429.29,256.60,82.24,112.23,1.0000,-1,-1,-1
897,147,1033.45,542.93,110.38,144.51,1.0000,-1,-1,-1
897,148,249.17,325.94,71.78,136.98,1.0000,-1,-1,-1
898,122,578.09,466.11,101.54,150.64,1.0000,-1,-1,-1
898,124,1018.75,339.30,103.65,133.97,1.0000,-1,-1,-1
898,133,832.23,270.77,81.20,141.48,1.0000,-1,-1,-1
898,139,435.68,256.20,16.90,26.10,1.0000,-1,-1,-1
898,140,1084.99,205.77,85.90,111.93,1.0000,-1,-1,-1
898,141,1334.09,237.07,91.46,118.77,1.0000,-1,-1,-1
898,145,903.31,323.36,99.96,132.19,1.0000,-1,-1,-1
898,146,446.15,256.84,81.45,111.15,1.0000,-1,-1,-1
898,147,1037.56,544.12,112.65,146.00,1.0000,-1,-1,-1
898,148,266.99,324.51,71.41,136.27,1.0000,-1,-1,-1
899,122,584.83,467.51,101.56,150.67,1.0000,-1,-1,-1
899,124,1028.69,341.83,102.49,134.90,1.0000,-1,-1,-1
899,133,841.36,270.35,80.90,140.97,1.0000,-1,-1,-1
899,139,451.28,254.52,16.90,26.10,1.0000,-1,-1,-1
899,140,1096.18,206.36,85.96,112.01,1.0000,-1,-1,-1
899,141,1344.30,239.48,91.73,119.12,1.0000,-1,-1,-1
899,145,909.29,322.64,100.52,132.93,1.0000,-1,-1,-1
899,146,436.80,254.45,83.37,108.45,1.0000,-1,-1,-1
899,147,1046.40,546.61,107.22,145.14,1.0000,-1,-1,-1
899,148,284.82,323.08,71.03,135.56,1.0000,-1,-1,-1
900,122,591.57,468.91,101.58,150.71,1.0000,-1,-1,-1
900,124,1040.08,343.65,96.60,134.81,1.0000,-1,-1,-1
900,133,850.49,269.93,80.61,140.46,1.0000,-1,-1,-1
900,139,466.87,252.84,16.90,26.10,1.0000,-1,-1,-1
900,140,1107.37,206.96,86.02,112.09,1.0000,-1,-1,-1
900,141,1354.52,241.90,92.00,119.47,1.0000,-1,-1,-1
900,145,915.28,321.93,101.07,133.66,1.0000,-1,-1,-1
900,146,445.62,254.23,92.78,108.41,1.0000,-1,-1,-1
900,147,1052.63,548.95,98.21,143.13,1.0000,-1,-1,-1
900,148,302.65,321.66,70.66,134.85,1.0000,-1,-1,-1
901,122,581.96,467.85,85.48,139.26,1.0000,-1,-1,-1
901,124,1048.66,347.16,86.45,134.05,1.0000,-1,-1,-1
901,133,859.62,269.51,80.31,139.95,1.0000,-1,-1,-1
901,139,482.47,251.16,16.90,26.10,1.0000,-1,-1,-1
901,140,1118.56,207.55,86.08,112.17,1.0000,-1,-1,-1
901,141,1364.74,244.32,92.27,119.81,1.0000,-1,-1,-1
901,145,921.26,321.21,101.62,134.38,1.0000,-1,-1,-1
901,146,457.59,255.30,90.17,106.18,1.0000,-1,-1,-1
901,147,1054.90,551.16,95.07,143.78,1.0000,-1,-1,-1
901,148,320.48,320.24,70.28,134.13,1.0000,-1,-1,-1
902,122,586.89,468.74,85.36,139.06,1.0000,-1,-1,-1
902,124,1057.64,349.04,83.31,134.50,1.0000,-1,-1,-1
902,133,868.75,269.09,80.02,139.43,1.0000,-1,-1,-1
902,139,498.06,249.48,16.90,26.10,1.0000,-1,-1,-1
902,140,1129.75,208.15,86.14,112.25,1.0000,-1,-1,-1
902,141,1374.96,246.74,92.53,120.16,1.0000,-1,-1,-1
902,145,927.25,320.50,102.17,135.11,1.0000,-1,-1,-1
902,146,471.92,256.77,87.26,104.50,1.0000,-1,-1,-1
902,147,1062.97,552.00,95.65,145.05,1.0000,-1,-1,-1
902,148,338.31,318.82,69.91,133.41,1.0000,-1,-1,-1
903,122,597.98,476.36,89.03,140.78,1.0000,-1,-1,-1
903,124,1067.31,350.21,85.01,135.14,1.0000,-1,-1,-1
903,133,877.89,268.68,79.72,138.91,1.0000,-1,-1,-1
903,139,513.66,247.80,16.90,26.10,1.0000,-1,-1,-1
903,140,1140.94,208.75,86.20,112.32,1.0000,-1,-1,-1
903,141,1385.17,249.16,92.80,120.50,1.0000,-1,-1,-1
903,145,933.24,319.79,102.71,135.83,1.0000,-1,-1,-1
903,146,486.01,257.90,80.79,103.02,1.0000,-1,-1,-1
903,147,1069.37,551.90,99.28,146.49,1.0000,-1,-1,-1
903,148,356.15,317.40,69.53,132.68,1.0000,-1,-1,-1
904,122,605.23,478.64,92.15,140.69,1.0000,-1,-1,-1
904,124,1075.13,350.61,89.72,136.00,1.0000,-1,-1,-1
904,133,886.37,269.44,68.51,122.52,1.0000,-1,-1,-1
904,139,529.25,246.12,16.90,26.10,1.0000,-1,-1,-1
904,140,1152.13,209.34,86.26,112.40,1.0000,-1,-1,-1
904,141,1395.39,251.58,93.06,120.85,1.0000,-1,-1,-1
904,145,939.23,319.08,103.25,136.54,1.0000,-1,-1,-1
904,146,503.68,259.12,74.54,102.28,1.0000,-1,-1,-1
904,147,1067.86,551.74,108.12,147.23,1.0000,-1,-1,-1
904,148,373.98,315.98,69.14,131.95,1.0000,-1,-1,-1
904,151,327.90,330.56,71.79,138.90,1.0000,-1,-1,-1
905,122,611.09,480.19,92.08,140.58,1.0000,-1,-1,-1
905,124,1081.73,350.15,96.35,134.76,1.0000,-1,-1,-1
905,133,900.79,271.56,60.57,113.77,1.0000,-1,-1,-1
905,139,544.84,244.44,16.90,26.10,1.0000,-1,-1,-1
905,140,1163.32,209.94,86.32,112.48,1.0000,-1,-1,-1
905,141,1405.61,254.00,93.33,121.19,1.0000,-1,-1,-1
905,145,945.22,318.37,103.79,137.25,1.0000,-1,-1,-1
905,146,520.23,258.01,69.22,101.71,1.0000,-1,-1,-1
905,147,1068.38,552.38,115.07,146.43,1.0000,-1,-1,-1
905,148,391.81,314.57,68.76,131.22,1.0000,-1,-1,-1
905,151,337.11,326.32,76.70,148.41,1.0000,-1,-1,-1
906,122,616.96,481.75,92.01,140.47,1.0000,-1,-1,-1
906,124,1090.97,351.90,96.06,134.36,1.0000,-1,-1,-1
906,133,909.87,270.98,59.93,112.57,1.0000,-1,-1,-1
906,139,560.44,242.76,16.90,26.10,1.0000,-1,-1,-1
906,140,1174.51,210.54,86.38,112.56,1.0000,-1,-1,-1
906,141,1415.83,256.42,93.59,121.53,1.0000,-1,-1,-1
906,145,951.21,317.66,104.33,137.96,1.0000,-1,-1,-1
906,146,540.72,258.85,67.64,101.17,1.0000,-1,-1,-1
906,147,1082.27,556.98,109.92,145.71,1.0000,-1,-1,-1
906,148,409.65,313.15,68.37,130.48,1.0000,-1,-1,-1
906,151,346.47,322.37,81.32,157.34,1.0000,-1,-1,-1
907,122,618.18,482.99,76.71,133.80,1.0000,-1,-1,-1
907,124,1100.20,353.65,95.77,133.95,1.0000,-1,-1,-1
907,133,918.95,270.41,59.28,111.36,1.0000,-1,-1,-1
907,139,576.03,241.08,16.90,26.10,1.0000,-1,-1,-1
907,140,1185.70,211.13,86.44,112.63,1.0000,-1,-1,-1
907,141,1426.05,258.84,93.85,121.87,1.0000,-1,-1,-1
907,145,957.21,316.96,104.86,138.66,1.0000,-1,-1,-1
907,146,551.95,259.63,66.80,101.15,1.0000,-1,-1,-1
907,147,1096.65,561.25,99.71,144.59,1.0000,-1,-1,-1
907,148,427.48,311.74,67.98,129.74,1.0000,-1,-1,-1
907,151,355.95,318.67,85.69,165.80,1.0000,-1,-1,-1
908,122,621.80,486.72,69.62,128.87,1.0000,-1,-1,-1
908,124,1109.43,355.39,95.48,133.54,1.0000,-1,-1,-1
908,133,928.04,269.84,58.63,110.13,1.0000,-1,-1,-1
908,140,1196.89,211.73,86.50,112.71,1.0000,-1,-1,-1
908,141,1436.27,261.27,94.11,122.21,1.0000,-1,-1,-1
908,145,963.20,316.26,105.39,139.36,1.0000,-1,-1,-1
908,146,566.36,260.31,65.72,99.50,1.0000,-1,-1,-1
908,147,1102.56,565.94,90.25,143.99,1.0000,-1,-1,-1
908,148,445.32,310.34,67.59,128.99,1.0000,-1,-1,-1
908,151,405.56,336.35,54.90,119.33,1.0000,-1,-1,-1
909,122,627.49,488.82,64.94,125.03,1.0000,-1,-1,-1
909,124,1118.67,357.14,95.18,133.13,1.0000,-1,-1,-1
909,133,937.13,269.29,57.97,108.89,1.0000,-1,-1,-1
909,140,1208.08,212.33,86.56,112.79,1.0000,-1,-1,-1
909,141,1446.49,263.69,94.37,122.55,1.0000,-1,-1,-1
909,145,969.20,315.56,105.91,140.06,1.0000,-1,-1,-1
909,146,580.78,261.01,64.61,97.83,1.0000,-1,-1,-1
909,147,1110.83,568.21,83.66,143.90,1.0000,-1,-1,-1
909,148,463.16,308.93,67.20,128.24,1.0000,-1,-1,-1
909,151,421.97,334.87,50.23,119.30,1.0000,-1,-1,-1
909,153,828.78,236.15,105.61,104.69,1.0000,-1,-1,-1
910,122,633.28,492.03,61.90,123.14,1.0000,-1,-1,-1
910,124,1127.90,358.89,94.89,132.72,1.0000,-1,-1,-1
910,133,946.22,268.74,57.30,107.64,1.0000,-1,-1,-1
910,140,1219.27,212.92,86.62,112.87,1.0000,-1,-1,-1
910,141,1456.71,266.11,94.63,122.89,1.0000,-1,-1,-1
910,145,975.20,314.86,106.44,140.75,1.0000,-1,-1,-1
910,146,595.21,261.73,63.49,96.12,1.0000,-1,-1,-1
910,147,1119.84,570.24,83.97,145.66,1.0000,-1,-1,-1
910,148,481.00,307.53,66.80,127.49,1.0000,-1,-1,-1
910,151,438.65,335.87,48.66,115.56,1.0000,-1,-1,-1
910,153,832.44,240.59,103.35,106.44,1.0000,-1,-1,-1
911,122,637.74,493.57,61.57,122.50,1.0000,-1,-1,-1
911,124,1137.13,360.64,94.59,132.30,1.0000,-1,-1,-1
911,133,955.32,268.20,56.63,106.37,1.0000,-1,-1,-1
911,140,1230.46,213.52,86.68,112.94,1.0000,-1,-1,-1
911,141,1466.93,268.54,94.89,123.22,1.0000,-1,-1,-1
911,145,981.20,314.16,106.96,141.44,1.0000,-1,-1,-1
911,146,609.65,262.46,62.34,94.39,1.0000,-1,-1,-1
911,147,1114.83,569.41,101.68,149.68,1.0000,-1,-1,-1
911,148,498.84,306.13,66.41,126.73,1.0000,-1,-1,-1
911,151,455.36,336.94,47.03,111.70,1.0000,-1,-1,-1
911,153,835.52,243.80,106.00,109.17,1.0000,-1,-1,-1
912,122,642.20,495.11,61.25,121.86,1.0000,-1,-1,-1
912,124,1157.87,369.70,93.49,136.48,1.0000,-1,-1,-1
912,133,964.42,267.66,55.94,105.08,1.0000,-1,-1,-1
912,140,1241.65,214.11,86.74,113.02,1.0000,-1,-1,-1
912,141,1477.16,270.96,95.15,123.56,1.0000,-1,-1,-1
912,145,987.20,313.47,107.48,142.13,1.0000,-1,-1,-1
912,146,624.10,263.20,61.17,92.62,1.0000,-1,-1,-1
912,147,1120.10,570.52,110.27,150.30,1.0000,-1,-1,-1
912,148,516.68,304.73,66.01,125.96,1.0000,-1,-1,-1
912,151,472.10,338.08,45.34,107.69,1.0000,-1,-1,-1
912,153,838.64,247.04,108.59,111.83,1.0000,-1,-1,-1
913,122,646.66,496.65,60.92,121.21,1.0000,-1,-1,-1
913,124,1165.42,370.88,99.97,137.64,1.0000,-1,-1,-1
913,133,973.52,267.13,55.25,103.78,1.0000,-1,-1,-1
913,140,1252.84,214.71,86.80,113.10,1.0000,-1,-1,-1
913,141,1487.38,273.38,95.41,123.90,1.0000,-1,-1,-1
913,145,993.20,312.77,108.00,142.81,1.0000,-1,-1,-1
913,146,638.56,263.97,59.98,90.82,1.0000,-1,-1,-1
913,147,1124.04,572.63,115.16,149.40,1.0000,-1,-1,-1
913,148,534.53,303.33,65.60,125.20,1.0000,-1,-1,-1
913,151,488.87,339.29,43.59,103.53,1.0000,-1,-1,-1
913,153,841.78,250.31,111.11,114.43,1.0000,-1,-1,-1
914,122,651.12,498.19,60.60,120.56,1.0000,-1,-1,-1
914,124,1168.36,372.75,103.15,138.80,1.0000,-1,-1,-1
914,133,982.63,266.61,54.55,102.46,1.0000,-1,-1,-1
914,140,1264.03,215.31,86.86,113.18,1.0000,-1,-1,-1
914,141,1497.60,275.81,95.67,124.23,1.0000,-1,-1,-1
914,145,999.20,312.08,108.51,143.49,1.0000,-1,-1,-1
914,146,638.52,277.11,58.33,98.35,1.0000,-1,-1,-1
914,147,1129.81,573.96,115.60,149.98,1.0000,-1,-1,-1
914,148,552.37,301.93,65.20,124.42,1.0000,-1,-1,-1
914,151,505.68,340.59,41.77,99.20,1.0000,-1,-1,-1
914,153,856.58,251.79,87.74,103.44,1.0000,-1,-1,-1
915,122,639.25,480.56,74.89,136.79,1.0000,-1,-1,-1
915,124,1177.93,375.09,102.95,138.54,1.0000,-1,-1,-1
915,133,991.75,266.10,53.84,101.13,1.0000,-1,-1,-1
915,140,1275.22,215.90,86.92,113.25,1.0000,-1,-1,-1
915,145,1005.21,311.39,109.02,144.17,1.0000,-1,-1,-1
915,146,647.33,278.39,58.06,100.27,1.0000,-1,-1,-1
915,147,1132.71,578.52,92.30,145.61,1.0000,-1,-1,-1
915,148,570.22,300.54,64.79,123.64,1.0000,-1,-1,-1
915,151,522.53,341.99,39.86,94.67,1.0000,-1,-1,-1
915,153,859.22,254.38,87.84,105.79,1.0000,-1,-1,-1
915,154,499.08,209.99,48.21,105.59,1.0000,-1,-1,-1
916,122,642.94,481.10,74.73,136.49,1.0000,-1,-1,-1
916,124,1187.50,377.43,102.76,138.27,1.0000,-1,-1,-1
916,133,1000.87,265.60,53.12,99.78,1.0000,-1,-1,-1
916,140,1286.41,216.50,86.98,113.33,1.0000,-1,-1,-1
916,145,1011.21,310.70,109.53,144.84,1.0000,-1,-1,-1
916,146,657.44,280.59,57.82,101.39,1.0000,-1,-1,-1
916,147,1137.71,582.07,83.14,141.78,1.0000,-1,-1,-1
916,148,588.07,299.15,64.38,122.86,1.0000,-1,-1,-1
916,151,539.43,343.50,37.85,89.91,1.0000,-1,-1,-1
916,153,863.38,257.81,87.41,105.27,1.0000,-1,-1,-1
916,154,512.92,205.98,49.56,110.06,1.0000,-1,-1,-1
917,122,646.63,481.65,74.56,136.18,1.0000,-1,-1,-1
917,124,1197.06,379.77,102.56,138.01,1.0000,-1,-1,-1
917,133,1009.99,265.11,52.39,98.40,1.0000,-1,-1,-1
917,140,1297.60,217.10,87.04,113.41,1.0000,-1,-1,-1
917,145,1017.22,310.02,110.04,145.52,1.0000,-1,-1,-1
917,146,660.45,281.94,59.84,103.45,1.0000,-1,-1,-1
917,147,1141.44,584.73,80.90,138.59,1.0000,-1,-1,-1
917,148,605.91,297.77,63.97,122.07,1.0000,-1,-1,-1
917,151,556.38,345.15,35.74,84.88,1.0000,-1,-1,-1
917,153,853.20,263.89,86.07,107.19,1.0000,-1,-1,-1
917,154,517.70,204.31,50.80,115.55,1.0000,-1,-1,-1
918,122,650.32,482.20,74.39,135.88,1.0000,-1,-1,-1
918,124,1206.63,382.11,102.36,137.74,1.0000,-1,-1,-1
918,133,1019.12,264.63,51.65,97.01,1.0000,-1,-1,-1
918,140,1308.80,217.69,87.10,113.49,1.0000,-1,-1,-1
918,145,1023.23,309.33,110.54,146.18,1.0000,-1,-1,-1
918,146,672.34,284.04,59.07,102.11,1.0000,-1,-1,-1
918,147,1143.95,587.60,80.68,135.48,1.0000,-1,-1,-1
918,148,623.76,296.38,63.55,121.28,1.0000,-1,-1,-1
918,151,573.40,346.96,33.49,79.54,1.0000,-1,-1,-1
918,153,855.40,267.79,85.71,106.74,1.0000,-1,-1,-1
918,154,521.06,204.99,53.64,120.07,1.0000,-1,-1,-1
919,122,654.00,482.74,74.23,135.58,1.0000,-1,-1,-1
919,124,1216.20,384.45,102.16,137.47,1.0000,-1,-1,-1
919,133,1028.25,264.16,50.90,95.60,1.0000,-1,-1,-1
919,140,1319.99,218.29,87.15,113.56,1.0000,-1,-1,-1
919,145,1029.24,308.65,111.05,146.85,1.0000,-1,-1,-1
919,146,684.23,286.13,58.28,100.74,1.0000,-1,-1,-1
919,147,1148.15,589.54,80.29,134.81,1.0000,-1,-1,-1
919,148,641.61,295.00,63.13,120.48,1.0000,-1,-1,-1
919,151,590.50,348.96,31.08,73.81,1.0000,-1,-1,-1
919,153,857.59,271.69,85.35,106.29,1.0000,-1,-1,-1
919,154,521.68,204.01,57.33,125.77,1.0000,-1,-1,-1
920,122,657.69,483.29,74.06,135.27,1.0000,-1,-1,-1
920,124,1225.77,386.79,101.96,137.21,1.0000,-1,-1,-1
920,133,1037.39,263.70,50.13,94.17,1.0000,-1,-1,-1
920,140,1331.18,218.89,87.21,113.64,1.0000,-1,-1,-1
920,145,1035.25,307.96,111.55,147.51,1.0000,-1,-1,-1
920,146,696.13,288.24,57.48,99.36,1.0000,-1,-1,-1
920,147,1152.35,591.47,79.88,134.14,1.0000,-1,-1,-1
920,148,659.47,293.62,62.71,119.68,1.0000,-1,-1,-1
920,151,607.71,351.20,28.46,67.60,1.0000,-1,-1,-1
920,153,859.79,275.59,84.99,105.84,1.0000,-1,-1,-1
920,154,527.74,203.20,58.84,129.09,1.0000,-1,-1,-1
921,122,661.38,483.83,73.89,134.97,1.0000,-1,-1,-1
921,124,1235.34,389.13,101.76,136.94,1.0000,-1,-1,-1
921,133,1046.54,263.25,49.36,92.72,1.0000,-1,-1,-1
921,140,1342.37,219.49,87.27,113.72,1.0000,-1,-1,-1
921,145,1041.26,307.28,112.04,148.17,1.0000,-1,-1,-1
921,146,708.04,290.36,56.67,97.96,1.0000,-1,-1,-1
921,147,1134.92,597.97,68.45,127.01,1.0000,-1,-1,-1
921,148,664.23,278.57,63.84,108.37,1.0000,-1,-1,-1
921,151,625.04,353.75,25.58,60.75,1.0000,-1,-1,-1
921,153,831.65,277.08,100.24,114.50,1.0000,-1,-1,-1
921,154,533.82,202.43,60.32,132.32,1.0000,-1,-1,-1
922,122,665.07,484.38,73.73,134.66,1.0000,-1,-1,-1
922,124,1244.91,391.47,101.56,136.67,1.0000,-1,-1,-1
922,133,1055.69,262.81,48.57,91.24,1.0000,-1,-1,-1
922,140,1353.56,220.08,87.33,113.79,1.0000,-1,-1,-1
922,145,1047.27,306.60,112.54,148.82,1.0000,-1,-1,-1
922,146,719.95,292.49,55.84,96.54,1.0000,-1,-1,-1
922,147,1133.23,601.10,62.61,122.47,1.0000,-1,-1,-1
922,148,672.58,279.75,62.15,107.31,1.0000,-1,-1,-1
922,151,642.57,356.75,22.33,53.03,1.0000,-1,-1,-1
922,153,824.56,279.89,106.79,117.87,1.0000,-1,-1,-1
922,154,539.91,201.69,61.76,135.49,1.0000,-1,-1,-1
922,155,534.92,344.91,63.37,149.08,1.0000,-1,-1,-1
923,122,668.76,484.93,73.56,134.35,1.0000,-1,-1,-1
923,124,1254.47,393.81,101.36,136.40,1.0000,-1,-1,-1
923,133,1064.85,262.38,47.77,89.74,1.0000,-1,-1,-1
923,140,1364.75,220.68,87.39,113.87,1.0000,-1,-1,-1
923,145,1053.28,305.92,113.03,149.48,1.0000,-1,-1,-1
923,146,731.87,294.63,55.01,95.10,1.0000,-1,-1,-1
923,147,1131.54,603.28,60.67,119.16,1.0000,-1,-1,-1
923,148,675.55,280.91,62.23,107.98,1.0000,-1,-1,-1
923,151,660.37,360.41,18.51,43.97,1.0000,-1,-1,-1
923,153,820.66,282.56,106.62,118.95,1.0000,-1,-1,-1
923,154,512.86,207.70,74.96,136.85,1.0000,-1,-1,-1
923,155,537.34,346.57,62.91,143.48,1.0000,-1,-1,-1
924,122,672.45,485.47,73.39,134.05,1.0000,-1,-1,-1
924,124,1264.04,396.15,101.16,136.13,1.0000,-1,-1,-1
924,133,1074.02,261.97,46.96,88.21,1.0000,-1,-1,-1
924,140,1375.94,221.28,87.45,113.95,1.0000,-1,-1,-1
924,145,1059.30,305.25,113.53,150.13,1.0000,-1,-1,-1
924,146,743.80,296.78,54.16,93.63,1.0000,-1,-1,-1
924,147,1130.20,604.02,61.14,117.29,1.0000,-1,-1,-1
924,148,675.21,283.45,62.48,109.11,1.0000,-1,-1,-1
924,151,678.68,365.29,13.68,32.48,1.0000,-1,-1,-1
924,153,822.11,284.70,100.17,117.73,1.0000,-1,-1,-1
924,154,508.78,213.72,81.92,132.50,1.0000,-1,-1,-1
924,155,537.99,346.72,64.48,141.67,1.0000,-1,-1,-1
925,122,676.14,486.02,73.22,133.74,1.0000,-1,-1,-1
925,124,1273.61,398.49,100.96,135.86,1.0000,-1,-1,-1
925,133,1083.19,261.57,46.13,86.66,1.0000,-1,-1,-1
925,140,1387.13,221.87,87.51,114.02,1.0000,-1,-1,-1
925,145,1065.31,304.57,114.02,150.77,1.0000,-1,-1,-1
925,146,755.73,298.94,53.30,92.14,1.0000,-1,-1,-1
925,147,1127.88,604.14,63.14,116.36,1.0000,-1,-1,-1
925,148,689.03,282.47,61.98,108.23,1.0000,-1,-1,-1
925,151,698.62,374.02,5.59,13.29,1.0000,-1,-1,-1
925,153,828.06,286.50,89.94,116.14,1.0000,-1,-1,-1
925,154,507.95,215.67,87.93,130.94,1.0000,-1,-1,-1
925,155,535.90,347.06,67.64,137.84,1.0000,-1,-1,-1
926,122,679.83,486.57,73.05,133.43,1.0000,-1,-1,-1
926,124,1283.18,400.83,100.76,135.59,1.0000,-1,-1,-1
926,133,1092.37,261.18,45.29,85.08,1.0000,-1,-1,-1
926,140,1398.32,222.47,87.57,114.10,1.0000,-1,-1,-1
926,146,767.67,301.12,52.42,90.63,1.0000,-1,-1,-1
926,147,1125.11,604.30,64.51,115.72,1.0000,-1,-1,-1
926,148,702.85,281.50,61.48,107.35,1.0000,-1,-1,-1
926,151,714.52,373.15,5.59,13.29,1.0000,-1,-1,-1
926,153,834.93,290.28,82.70,117.48,1.0000,-1,-1,-1
926,154,515.11,215.91,93.17,129.46,1.0000,-1,-1,-1
926,155,537.28,345.76,68.67,139.94,1.0000,-1,-1,-1
927,122,683.52,487.12,72.88,133.12,1.0000,-1,-1,-1
927,124,1292.75,403.17,100.56,135.32,1.0000,-1,-1,-1
927,133,1101.56,260.81,44.43,83.46,1.0000,-1,-1,-1
927,140,1409.51,223.07,87.63,114.18,1.0000,-1,-1,-1
927,146,779.61,303.30,51.53,89.09,1.0000,-1,-1,-1
927,147,1121.89,604.05,65.31,115.50,1.0000,-1,-1,-1
927,148,716.67,280.53,60.97,106.46,1.0000,-1,-1,-1
927,151,730.41,372.29,5.59,13.29,1.0000,-1,-1,-1
927,153,831.94,295.86,83.11,125.86,1.0000,-1,-1,-1
927,154,523.65,212.85,96.95,129.39,1.0000,-1,-1,-1
927,155,538.67,344.47,69.68,142.01,1.0000,-1,-1,-1
928,122,687.21,487.67,72.71,132.81,1.0000,-1,-1,-1
928,124,1302.32,405.52,100.36,135.04,1.0000,-1,-1,-1
928,133,1110.75,260.45,43.56,81.82,1.0000,-1,-1,-1
928,140,1420.70,223.66,87.69,114.25,1.0000,-1,-1,-1
928,146,791.57,305.50,50.63,87.52,1.0000,-1,-1,-1
928,147,1118.11,603.42,65.91,115.69,1.0000,-1,-1,-1
928,148,730.50,279.57,60.45,105.56,1.0000,-1,-1,-1
928,151,746.31,371.42,5.59,13.29,1.0000,-1,-1,-1
928,153,829.33,296.37,83.89,132.83,1.0000,-1,-1,-1
928,154,526.91,212.41,99.13,132.30,1.0000,-1,-1,-1
928,155,540.07,343.20,70.68,144.05,1.0000,-1,-1,-1
928,156,1157.07,398.21,71.28,151.46,1.0000,-1,-1,-1
929,122,690.90,488.22,72.54,132.50,1.0000,-1,-1,-1
929,124,1311.89,407.86,100.15,134.77,1.0000,-1,-1,-1
929,133,1119.96,260.11,42.67,80.14,1.0000,-1,-1,-1
929,146,803.53,307.72,49.71,85.93,1.0000,-1,-1,-1
929,147,1113.05,603.09,64.38,115.69,1.0000,-1,-1,-1
929,148,744.33,278.61,59.93,104.66,1.0000,-1,-1,-1
929,151,762.20,370.56,5.59,13.29,1.0000,-1,-1,-1
929,153,827.04,293.23,84.44,135.51,1.0000,-1,-1,-1
929,154,538.55,203.07,98.48,132.61,1.0000,-1,-1,-1
929,155,534.73,339.57,93.21,138.89,1.0000,-1,-1,-1
929,156,1155.81,391.81,69.61,157.30,1.0000,-1,-1,-1
930,122,694.59,488.77,72.37,132.18,1.0000,-1,-1,-1
930,124,1321.46,410.20,99.95,134.50,1.0000,-1,-1,-1
930,133,1129.17,259.79,41.75,78.43,1.0000,-1,-1,-1
930,146,815.50,309.95,48.77,84.30,1.0000,-1,-1,-1
930,147,1109.68,602.61,61.11,115.69,1.0000,-1,-1,-1
930,148,758.16,277.66,59.41,103.74,1.0000,-1,-1,-1
930,151,778.10,369.69,5.59,13.29,1.0000,-1,-1,-1
930,153,824.11,291.23,86.57,137.74,1.0000,-1,-1,-1
930,154,547.03,197.36,93.77,132.80,1.0000,-1,-1,-1
930,155,535.53,339.82,101.19,135.63,1.0000,-1,-1,-1
930,156,1153.55,380.71,76.77,170.13,1.0000,-1,-1,-1
931,122,698.29,489.32,72.20,131.87,1.0000,-1,-1,-1
931,124,1331.03,412.54,99.75,134.22,1.0000,-1,-1,-1
931,133,1138.40,259.49,40.82,76.68,1.0000,-1,-1,-1
931,146,827.48,312.19,47.81,82.65,1.0000,-1,-1,-1
931,147,1108.84,603.93,60.37,114.28,1.0000,-1,-1,-1
931,148,771.99,276.71,58.88,102.82,1.0000,-1,-1,-1
931,151,794.00,368.82,5.59,13.29,1.0000,-1,-1,-1
931,153,820.87,290.99,88.19,138.97,1.0000,-1,-1,-1
931,154,563.12,190.96,88.65,133.82,1.0000,-1,-1,-1
931,155,546.38,340.01,108.35,140.71,1.0000,-1,-1,-1
931,156,1146.49,365.46,92.28,184.42,1.0000,-1,-1,-1
931,157,666.97,280.17,118.93,121.33,1.0000,-1,-1,-1
932,122,701.98,489.87,72.03,131.56,1.0000,-1,-1,-1
932,124,1340.60,414.89,99.54,133.95,1.0000,-1,-1,-1
932,133,1147.64,259.21,39.87,74.88,1.0000,-1,-1,-1
932,146,839.47,314.46,46.83,80.95,1.0000,-1,-1,-1
932,147,1108.00,605.27,59.61,112.85,1.0000,-1,-1,-1
932,148,785.83,275.76,58.35,101.89,1.0000,-1,-1,-1
932,151,809.89,367.96,5.59,13.29,1.0000,-1,-1,-1
932,153,826.58,291.29,86.31,138.36,1.0000,-1,-1,-1
932,154,576.86,183.63,84.08,136.16,1.0000,-1,-1,-1
932,155,549.28,337.69,110.95,144.08,1.0000,-1,-1,-1
932,156,1131.90,355.09,110.45,189.60,1.0000,-1,-1,-1
932,157,676.56,275.80,116.74,119.09,1.0000,-1,-1,-1
933,122,705.67,490.42,71.86,131.24,1.0000,-1,-1,-1
933,124,1350.17,417.23,99.34,133.67,1.0000,-1,-1,-1
933,133,1156.88,258.95,38.89,73.05,1.0000,-1,-1,-1
933,146,851.47,316.74,45.83,79.23,1.0000,-1,-1,-1
933,147,1107.17,606.61,58.85,111.41,1.0000,-1,-1,-1
933,148,799.66,274.82,57.81,100.96,1.0000,-1,-1,-1
933,151,825.79,367.09,5.59,13.29,1.0000,-1,-1,-1
933,152,1089.25,588.41,67.04,131.59,1.0000,-1,-1,-1
933,153,819.63,290.30,91.47,137.76,1.0000,-1,-1,-1
933,154,591.04,180.15,79.08,137.30,1.0000,-1,-1,-1
933,155,558.82,342.00,94.29,137.74,1.0000,-1,-1,-1
933,156,1117.27,348.00,127.88,189.01,1.0000,-1,-1,-1
933,157,686.18,271.46,114.50,116.80,1.0000,-1,-1,-1
934,122,709.36,490.97,71.68,130.93,1.0000,-1,-1,-1
934,124,1359.75,419.57,99.13,133.40,1.0000,-1,-1,-1
934,133,1166.14,258.72,37.89,71.16,1.0000,-1,-1,-1
934,146,863.48,319.04,44.81,77.46,1.0000,-1,-1,-1
934,147,1106.35,607.96,58.08,109.95,1.0000,-1,-1,-1
934,148,813.50,273.88,57.27,100.01,1.0000,-1,-1,-1
934,151,841.68,366.23,5.59,13.29,1.0000,-1,-1,-1
934,152,1085.94,586.03,71.70,133.74,1.0000,-1,-1,-1
934,153,818.50,292.23,91.89,138.40,1.0000,-1,-1,-1
934,154,604.11,177.78,75.51,138.00,1.0000,-1,-1,-1
934,155,567.62,346.02,82.60,133.54,1.0000,-1,-1,-1
934,156,1110.97,344.50,139.36,185.50,1.0000,-1,-1,-1
934,157,696.67,280.24,106.66,114.75,1.0000,-1,-1,-1
935,122,713.05,491.52,71.51,130.61,1.0000,-1,-1,-1
935,124,1369.32,421.92,98.93,133.12,1.0000,-1,-1,-1
935,133,1175.42,258.51,36.85,69.23,1.0000,-1,-1,-1
935,146,875.51,321.36,43.76,75.66,1.0000,-1,-1,-1
935,147,1105.53,609.31,57.29,108.46,1.0000,-1,-1,-1
935,148,827.35,272.95,56.72,99.05,1.0000,-1,-1,-1
935,151,857.58,365.36,5.59,13.29,1.0000,-1,-1,-1
935,152,1082.74,583.49,78.82,136.25,1.0000,-1,-1,-1
935,153,817.36,294.15,92.31,139.03,1.0000,-1,-1,-1
935,154,618.13,173.92,73.55,139.24,1.0000,-1,-1,-1
935,155,571.03,345.25,83.33,134.71,1.0000,-1,-1,-1
935,156,1105.68,343.43,145.90,183.40,1.0000,-1,-1,-1
935,157,706.93,279.25,103.61,114.83,1.0000,-1,-1,-1
936,122,716.74,492.07,71.34,130.30,1.0000,-1,-1,-1
936,124,1378.89,424.26,98.72,132.85,1.0000,-1,-1,-1
936,146,887.54,323.70,42.69,73.80,1.0000,-1,-1,-1
936,147,1104.72,610.68,56.50,106.96,1.0000,-1,-1,-1
936,148,841.19,272.02,56.17,98.09,1.0000,-1,-1,-1
936,151,873.47,364.49,5.59,13.29,1.0000,-1,-1,-1
936,152,1082.37,583.48,79.07,136.68,1.0000,-1,-1,-1
936,153,816.23,296.08,92.72,139.65,1.0000,-1,-1,-1
936,154,638.39,172.84,72.88,140.20,1.0000,-1,-1,-1
936,155,574.45,344.48,84.04,135.86,1.0000,-1,-1,-1
936,156,1107.37,342.75,138.44,179.72,1.0000,-1,-1,-1
936,157,716.42,278.90,100.94,111.87,1.0000,-1,-1,-1
937,122,720.44,492.62,71.16,129.98,1.0000,-1,-1,-1
937,124,1388.46,426.61,98.52,132.57,1.0000,-1,-1,-1
937,146,899.59,326.07,41.59,71.91,1.0000,-1,-1,-1
937,147,1103.91,612.06,55.69,105.43,1.0000,-1,-1,-1
937,148,855.04,271.09,55.61,97.11,1.0000,-1,-1,-1
937,151,889.37,363.63,5.59,13.29,1.0000,-1,-1,-1
937,152,1082.01,583.48,79.32,137.11,1.0000,-1,-1,-1
937,153,815.09,298.01,93.14,140.28,1.0000,-1,-1,-1
937,154,654.70,172.81,75.17,140.62,1.0000,-1,-1,-1
937,155,608.71,338.90,87.31,143.80,1.0000,-1,-1,-1
937,156,1112.73,342.23,125.39,176.68,1.0000,-1,-1,-1
937,157,730.58,278.42,100.63,122.07,1.0000,-1,-1,-1
938,122,724.13,493.18,70.99,129.66,1.0000,-1,-1,-1
938,124,1398.03,428.95,98.31,132.29,1.0000,-1,-1,-1
938,146,911.66,328.46,40.47,69.96,1.0000,-1,-1,-1
938,147,1103.11,613.46,54.88,103.89,1.0000,-1,-1,-1
938,148,868.89,270.17,55.05,96.13,1.0000,-1,-1,-1
938,151,905.27,362.76,5.59,13.29,1.0000,-1,-1,-1
938,152,1076.31,578.64,80.10,140.14,1.0000,-1,-1,-1
938,153,813.96,299.94,93.55,140.90,1.0000,-1,-1,-1
938,154,667.70,172.98,78.21,141.44,1.0000,-1,-1,-1
938,155,615.01,337.84,88.20,145.27,1.0000,-1,-1,-1
938,156,1112.80,341.73,109.39,173.92,1.0000,-1,-1,-1
938,157,736.10,276.72,100.57,129.86,1.0000,-1,-1,-1
939,122,727.82,493.73,70.81,129.34,1.0000,-1,-1,-1
939,124,1407.60,431.30,98.10,132.01,1.0000,-1,-1,-1
939,146,923.74,330.88,39.31,67.95,1.0000,-1,-1,-1
939,147,1102.31,614.86,54.05,102.32,1.0000,-1,-1,-1
939,148,882.75,269.26,54.48,95.13,1.0000,-1,-1,-1
939,151,921.16,361.90,5.59,13.29,1.0000,-1,-1,-1
939,152,1073.52,576.58,74.60,141.60,1.0000,-1,-1,-1
939,153,812.83,301.87,93.96,141.52,1.0000,-1,-1,-1
939,154,677.55,170.91,79.00,142.87,1.0000,-1,-1,-1
939,155,621.31,336.78,89.09,146.73,1.0000,-1,-1,-1
939,156,1109.92,338.58,109.63,174.31,1.0000,-1,-1,-1
939,157,738.74,274.78,104.47,136.50,1.0000,-1,-1,-1
939,162,656.61,494.48,76.31,126.63,1.0000,-1,-1,-1
940,122,731.51,494.28,70.64,129.02,1.0000,-1,-1,-1
940,124,1417.18,433.64,97.90,131.73,1.0000,-1,-1,-1
940,146,935.84,333.33,38.11,65.88,1.0000,-1,-1,-1
940,147,1101.52,616.27,53.20,100.72,1.0000,-1,-1,-1
940,148,896.60,268.35,53.90,94.13,1.0000,-1,-1,-1
940,152,1072.04,572.83,71.92,144.43,1.0000,-1,-1,-1
940,153,811.70,303.81,94.37,142.14,1.0000,-1,-1,-1
940,154,690.16,170.96,83.36,142.88,1.0000,-1,-1,-1
940,155,627.63,335.74,89.97,148.18,1.0000,-1,-1,-1
940,156,1107.04,335.43,109.87,174.69,1.0000,-1,-1,-1
940,157,739.74,275.73,108.17,140.56,1.0000,-1,-1,-1
940,162,659.40,492.47,78.86,128.68,1.0000,-1,-1,-1
941,122,735.21,494.84,70.46,128.70,1.0000,-1,-1,-1
941,124,1426.75,435.99,97.69,131.45,1.0000,-1,-1,-1
941,146,947.96,335.82,36.88,63.75,1.0000,-1,-1,-1
941,147,1100.74,617.70,52.35,99.10,1.0000,-1,-1,-1
941,148,910.46,267.45,53.32,93.11,1.0000,-1,-1,-1
941,152,1067.77,567.88,73.49,148.83,1.0000,-1,-1,-1
941,153,810.57,305.74,94.78,142.75,1.0000,-1,-1,-1
941,154,700.38,169.00,84.20,144.32,1.0000,-1,-1,-1
941,155,633.94,334.70,90.83,149.60,1.0000,-1,-1,-1
941,156,1098.67,328.15,116.13,179.18,1.0000,-1,-1,-1
941,157,744.95,278.28,112.34,142.53,1.0000,-1,-1,-1
941,162,665.01,489.16,83.26,131.22,1.0000,-1,-1,-1
942,122,738.90,495.39,70.29,128.38,1.0000,-1,-1,-1
942,124,1436.32,438.34,97.48,131.17,1.0000,-1,-1,-1
942,146,960.10,338.34,35.60,61.54,1.0000,-1,-1,-1
942,147,1099.96,619.14,51.48,97.45,1.0000,-1,-1,-1
942,148,924.33,266.55,52.73,92.09,1.0000,-1,-1,-1
942,152,1049.55,563.47,83.79,154.14,1.0000,-1,-1,-1
942,153,809.44,307.68,95.19,143.36,1.0000,-1,-1,-1
942,154,718.03,167.46,81.38,144.19,1.0000,-1,-1,-1
942,155,624.84,360.12,94.75,155.07,1.0000,-1,-1,-1
942,156,1085.22,322.49,127.90,182.09,1.0000,-1,-1,-1
942,157,752.71,280.47,111.86,142.37,1.0000,-1,-1,-1
942,162,671.14,485.83,89.49,134.13,1.0000,-1,-1,-1
943,122,742.59,495.94,70.11,128.06,1.0000,-1,-1,-1
943,124,1445.90,440.68,97.27,130.89,1.0000,-1,-1,-1
943,146,972.26,340.90,34.28,59.25,1.0000,-1,-1,-1
943,147,1099.19,620.60,50.59,95.77,1.0000,-1,-1,-1
943,148,938.19,265.66,52.14,91.05,1.0000,-1,-1,-1
943,152,1037.36,560.67,91.91,157.70,1.0000,-1,-1,-1
943,153,808.31,309.61,95.59,143.97,1.0000,-1,-1,-1
943,154,730.84,167.48,80.47,145.20,1.0000,-1,-1,-1
943,155,630.01,361.25,95.72,156.66,1.0000,-1,-1,-1
943,156,1074.03,319.96,138.02,182.19,1.0000,-1,-1,-1
943,157,759.75,280.15,112.14,142.52,1.0000,-1,-1,-1
943,162,672.70,484.32,96.68,136.00,1.0000,-1,-1,-1
944,122,746.29,496.50,69.94,127.74,1.0000,-1,-1,-1
944,124,1455.47,443.03,97.06,130.61,1.0000,-1,-1,-1
944,146,984.45,343.51,32.90,56.87,1.0000,-1,-1,-1
944,147,1098.43,622.07,49.69,94.07,1.0000,-1,-1,-1
944,148,952.06,264.77,51.54,90.00,1.0000,-1,-1,-1
944,152,1028.97,559.37,96.31,159.70,1.0000,-1,-1,-1
944,153,807.18,311.55,95.99,144.57,1.0000,-1,-1,-1
944,154,741.32,165.72,78.51,145.67,1.0000,-1,-1,-1
944,155,630.45,371.38,97.78,157.80,1.0000,-1,-1,-1
944,156,1064.93,317.59,145.14,180.41,1.0000,-1,-1,-1
944,157,763.18,280.79,110.33,141.07,1.0000,-1,-1,-1
944,162,671.85,484.86,104.13,136.83,1.0000,-1,-1,-1
944,163,982.42,105.62,68.31,147.00,1.0000,-1,-1,-1
945,122,749.98,497.05,69.76,127.41,1.0000,-1,-1,-1
945,146,996.67,346.17,31.46,54.38,1.0000,-1,-1,-1
945,147,1097.68,623.56,48.77,92.33,1.0000,-1,-1,-1
945,148,965.94,263.89,50.93,88.93,1.0000,-1,-1,-1
945,152,1024.41,559.03,97.03,160.64,1.0000,-1,-1,-1
945,153,806.05,313.49,96.39,145.18,1.0000,-1,-1,-1
945,154,750.08,164.89,75.04,145.35,1.0000,-1,-1,-1
945,155,635.25,373.28,98.75,159.37,1.0000,-1,-1,-1
945,156,1058.91,318.08,147.46,178.96,1.0000,-1,-1,-1
945,157,765.73,280.81,107.51,141.17,1.0000,-1,-1,-1
945,162,675.68,482.19,107.06,140.68,1.0000,-1,-1,-1
945,163,991.14,105.71,67.72,146.68,1.0000,-1,-1,-1
946,146,1008.93,348.89,29.95,51.78,1.0000,-1,-1,-1
946,147,1096.94,625.06,47.84,90.56,1.0000,-1,-1,-1
946,148,979.82,263.02,50.31,87.86,1.0000,-1,-1,-1
946,152,1022.86,558.43,90.87,161.14,1.0000,-1,-1,-1
946,153,804.93,315.43,96.79,145.78,1.0000,-1,-1,-1
946,154,762.90,162.34,71.80,146.32,1.0000,-1,-1,-1
946,155,640.07,375.18,99.71,160.93,1.0000,-1,-1,-1
946,156,1054.37,314.45,148.66,180.41,1.0000,-1,-1,-1
946,157,770.62,283.96,103.38,145.24,1.0000,-1,-1,-1
946,162,679.55,479.56,109.91,144.42,1.0000,-1,-1,-1
946,163,1003.45,104.38,69.14,145.60,1.0000,-1,-1,-1
947,146,1021.22,351.68,28.36,49.04,1.0000,-1,-1,-1
947,147,1096.21,626.58,46.88,88.75,1.0000,-1,-1,-1
947,148,993.70,262.15,49.69,86.77,1.0000,-1,-1,-1
947,152,1013.93,556.53,88.28,162.55,1.0000,-1,-1,-1
947,153,803.80,317.37,97.19,146.38,1.0000,-1,-1,-1
947,154,770.92,160.32,69.47,146.82,1.0000,-1,-1,-1
947,155,644.88,377.09,100.67,162.47,1.0000,-1,-1,-1
947,156,1049.21,317.13,129.41,176.00,1.0000,-1,-1,-1
947,157,777.01,286.37,98.37,148.82,1.0000,-1,-1,-1
947,162,683.45,476.98,112.69,148.08,1.0000,-1,-1,-1
947,163,1012.39,105.17,68.49,143.40,1.0000,-1,-1,-1
948,147,1095.48,628.12,45.91,86.91,1.0000,-1,-1,-1
948,148,1007.58,261.29,49.06,85.66,1.0000,-1,-1,-1
948,152,1002.92,554.99,88.87,164.13,1.0000,-1,-1,-1
948,153,802.68,319.32,97.58,146.97,1.0000,-1,-1,-1
948,154,776.29,158.80,66.96,146.58,1.0000,-1,-1,-1
948,155,649.70,379.00,101.61,163.99,1.0000,-1,-1,-1
948,156,1047.29,317.54,110.32,173.16,1.0000,-1,-1,-1
948,157,783.69,290.14,93.20,151.53,1.0000,-1,-1,-1
948,162,644.10,420.90,144.89,193.75,1.0000,-1,-1,-1
948,163,1018.84,105.88,68.31,141.40,1.0000,-1,-1,-1
948,164,919.92,314.42,108.30,170.53,1.0000,-1,-1,-1
949,147,1094.77,629.68,44.91,85.02,1.0000,-1,-1,-1
949,148,1021.47,260.44,48.42,84.55,1.0000,-1,-1,-1
949,152,983.48,553.08,98.21,166.45,1.0000,-1,-1,-1
949,153,801.55,321.26,97.98,147.57,1.0000,-1,-1,-1
949,154,780.52,158.84,64.58,144.73,1.0000,-1,-1,-1
949,155,654.53,380.92,102.55,165.50,1.0000,-1,-1,-1
949,156,1042.20,317.77,94.29,171.32,1.0000,-1,-1,-1
949,157,789.62,292.26,89.10,152.12,1.0000,-1,-1,-1
949,162,643.57,413.02,149.93,200.50,1.0000,-1,-1,-1
949,163,1022.46,107.49,67.79,139.53,1.0000,-1,-1,-1
949,164,926.95,319.58,106.58,167.82,1.0000,-1,-1,-1
950,147,1094.07,631.26,43.89,83.10,1.0000,-1,-1,-1
950,148,1035.37,259.59,47.77,83.41,1.0000,-1,-1,-1
950,152,971.78,551.34,107.40,168.01,1.0000,-1,-1,-1
950,153,800.43,323.21,98.37,148.16,1.0000,-1,-1,-1
950,154,783.65,159.17,63.54,142.73,1.0000,-1,-1,-1
950,155,659.36,382.85,103.47,167.00,1.0000,-1,-1,-1
950,156,1035.62,318.03,83.66,170.80,1.0000,-1,-1,-1
950,157,794.58,294.08,86.00,151.89,1.0000,-1,-1,-1
950,162,621.10,427.67,144.93,190.19,1.0000,-1,-1,-1
950,163,1022.78,108.64,68.17,138.98,1.0000,-1,-1,-1
950,164,934.00,324.76,104.84,165.07,1.0000,-1,-1,-1
951,147,1093.38,632.87,42.85,81.12,1.0000,-1,-1,-1
951,148,1049.26,258.76,47.11,82.27,1.0000,-1,-1,-1
951,152,965.58,550.06,108.11,169.14,1.0000,-1,-1,-1
951,153,799.31,325.16,98.76,148.75,1.0000,-1,-1,-1
951,154,782.90,164.01,64.88,143.40,1.0000,-1,-1,-1
951,155,664.19,384.79,104.39,168.48,1.0000,-1,-1,-1
951,156,1017.45,315.51,85.53,171.39,1.0000,-1,-1,-1
951,157,801.23,301.19,83.47,152.84,1.0000,-1,-1,-1
951,162,618.18,421.98,149.02,195.55,1.0000,-1,-1,-1
951,163,1027.62,107.80,65.49,140.13,1.0000,-1,-1,-1
951,164,941.55,335.28,91.26,162.79,1.0000,-1,-1,-1
952,147,1092.70,634.50,41.78,79.10,1.0000,-1,-1,-1
952,148,1063.17,257.93,46.44,81.10,1.0000,-1,-1,-1
952,152,959.38,548.78,108.83,170.25,1.0000,-1,-1,-1
952,153,798.19,327.10,99.15,149.33,1.0000,-1,-1,-1
952,154,782.28,167.54,67.07,144.59,1.0000,-1,-1,-1
952,155,677.56,426.98,93.45,140.55,1.0000,-1,-1,-1
952,156,1003.41,313.80,86.73,170.57,1.0000,-1,-1,-1
952,157,804.31,304.23,80.07,153.94,1.0000,-1,-1,-1
952,162,615.33,416.35,152.99,200.77,1.0000,-1,-1,-1
952,163,1034.29,108.12,65.27,139.66,1.0000,-1,-1,-1
952,164,947.93,343.37,88.06,157.09,1.0000,-1,-1,-1
953,147,1092.04,636.15,40.69,77.03,1.0000,-1,-1,-1
953,148,1077.07,257.11,45.77,79.92,1.0000,-1,-1,-1
953,152,953.19,547.51,109.54,171.36,1.0000,-1,-1,-1
953,153,797.07,329.05,99.54,149.92,1.0000,-1,-1,-1
953,154,783.23,170.59,69.55,144.53,1.0000,-1,-1,-1
953,155,682.78,431.01,93.96,141.32,1.0000,-1,-1,-1
953,156,1000.05,313.44,85.18,169.63,1.0000,-1,-1,-1
953,157,808.84,306.98,78.30,155.93,1.0000,-1,-1,-1
953,162,574.76,443.42,145.26,161.57,1.0000,-1,-1,-1
953,163,1040.96,108.44,65.05,139.19,1.0000,-1,-1,-1
953,164,954.37,351.57,84.74,151.16,1.0000,-1,-1,-1
954,147,1091.39,637.84,39.56,74.90,1.0000,-1,-1,-1
954,148,1090.99,256.29,45.08,78.72,1.0000,-1,-1,-1
954,152,946.99,546.24,110.24,172.47,1.0000,-1,-1,-1
954,153,795.95,331.00,99.93,150.50,1.0000,-1,-1,-1
954,154,783.87,173.42,72.30,144.46,1.0000,-1,-1,-1
954,155,688.00,435.04,94.46,142.08,1.0000,-1,-1,-1
954,156,992.42,311.84,84.79,168.86,1.0000,-1,-1,-1
954,157,814.14,309.70,77.14,158.15,1.0000,-1,-1,-1
954,162,568.38,439.81,148.11,164.74,1.0000,-1,-1,-1
954,163,1047.64,108.76,64.83,138.72,1.0000,-1,-1,-1
954,164,960.87,359.89,81.28,145.00,1.0000,-1,-1,-1
955,147,1090.76,639.55,38.40,72.70,1.0000,-1,-1,-1
955,152,940.80,544.97,110.94,173.56,1.0000,-1,-1,-1
955,153,794.83,332.95,100.31,151.08,1.0000,-1,-1,-1
955,154,786.97,176.35,74.72,146.16,1.0000,-1,-1,-1
955,155,677.76,430.28,101.13,137.47,1.0000,-1,-1,-1
955,156,984.79,310.24,84.40,168.08,1.0000,-1,-1,-1
955,157,817.93,313.32,76.41,159.77,1.0000,-1,-1,-1
955,162,562.02,436.22,150.91,167.85,1.0000,-1,-1,-1
955,163,1054.31,109.08,64.61,138.24,1.0000,-1,-1,-1
955,164,967.46,368.35,77.68,138.56,1.0000,-1,-1,-1
956,147,1090.14,641.30,37.21,70.44,1.0000,-1,-1,-1
956,152,934.61,543.71,111.64,174.65,1.0000,-1,-1,-1
956,153,793.71,334.91,100.69,151.66,1.0000,-1,-1,-1
956,154,789.66,178.79,77.50,147.26,1.0000,-1,-1,-1
956,155,674.71,428.67,104.94,137.24,1.0000,-1,-1,-1
956,156,976.20,319.12,92.84,181.37,1.0000,-1,-1,-1
956,157,821.94,315.83,76.01,162.82,1.0000,-1,-1,-1
956,162,570.02,448.00,124.51,151.44,1.0000,-1,-1,-1
956,163,1060.98,109.40,64.39,137.76,1.0000,-1,-1,-1
956,164,974.13,376.96,73.89,131.81,1.0000,-1,-1,-1
957,147,1089.55,643.09,35.97,68.10,1.0000,-1,-1,-1
957,152,928.43,542.45,112.33,175.73,1.0000,-1,-1,-1
957,153,792.59,336.86,101.08,152.23,1.0000,-1,-1,-1
957,154,796.75,181.16,78.99,147.49,1.0000,-1,-1,-1
957,155,668.72,424.36,100.38,139.38,1.0000,-1,-1,-1
957,156,968.72,318.71,92.73,181.16,1.0000,-1,-1,-1
957,157,832.21,312.89,77.03,154.60,1.0000,-1,-1,-1
957,162,564.25,445.50,126.09,153.36,1.0000,-1,-1,-1
957,163,1067.65,109.72,64.16,137.29,1.0000,-1,-1,-1
957,164,980.90,385.76,69.90,124.69,1.0000,-1,-1,-1
958,147,1088.98,644.92,34.69,65.68,1.0000,-1,-1,-1
958,152,922.24,541.20,113.02,176.81,1.0000,-1,-1,-1
958,153,791.47,338.81,101.46,152.81,1.0000,-1,-1,-1
958,154,802.52,182.03,79.47,146.76,1.0000,-1,-1,-1
958,155,671.35,426.46,100.91,140.11,1.0000,-1,-1,-1
958,156,961.24,318.29,92.62,180.95,1.0000,-1,-1,-1
958,157,837.52,315.26,76.68,153.90,1.0000,-1,-1,-1
958,162,558.49,443.01,127.64,155.25,1.0000,-1,-1,-1
958,163,1074.33,110.05,63.94,136.81,1.0000,-1,-1,-1
958,164,987.80,394.77,65.67,117.14,1.0000,-1,-1,-1
959,147,1088.43,646.79,33.37,63.16,1.0000,-1,-1,-1
959,152,916.06,539.94,113.70,177.88,1.0000,-1,-1,-1
959,153,790.36,340.77,101.84,153.38,1.0000,-1,-1,-1
959,154,808.82,182.81,79.49,147.42,1.0000,-1,-1,-1
959,155,673.97,428.57,101.44,140.84,1.0000,-1,-1,-1
959,156,953.76,317.87,92.51,180.74,1.0000,-1,-1,-1
959,157,842.82,317.63,76.34,153.20,1.0000,-1,-1,-1
959,162,552.74,440.54,129.18,157.12,1.0000,-1,-1,-1
959,163,1081.00,110.37,63.71,136.33,1.0000,-1,-1,-1
959,164,1001.32,356.99,93.39,174.10,1.0000,-1,-1,-1
960,147,1087.91,648.72,31.98,60.55,1.0000,-1,-1,-1
960,152,909.88,538.69,114.38,178.94,1.0000,-1,-1,-1
960,153,789.24,342.73,102.21,153.95,1.0000,-1,-1,-1
960,154,815.11,183.16,79.14,148.15,1.0000,-1,-1,-1
960,155,676.59,430.68,101.96,141.57,1.0000,-1,-1,-1
960,156,937.00,310.12,91.62,175.25,1.0000,-1,-1,-1
960,157,848.13,320.01,75.99,152.50,1.0000,-1,-1,-1
960,162,580.52,448.37,106.11,147.36,1.0000,-1,-1,-1
960,163,1087.68,110.70,63.49,135.84,1.0000,-1,-1,-1
960,164,1008.96,359.36,90.61,178.43,1.0000,-1,-1,-1
961,152,903.70,537.45,115.06,179.99,1.0000,-1,-1,-1
961,153,788.13,344.69,102.59,154.51,1.0000,-1,-1,-1
961,154,821.44,183.60,78.62,148.89,1.0000,-1,-1,-1
961,155,679.22,432.80,102.48,142.30,1.0000,-1,-1,-1
961,156,936.34,310.11,88.25,172.78,1.0000,-1,-1,-1
961,157,859.77,324.42,77.48,160.77,1.0000,-1,-1,-1
961,162,576.88,446.66,106.88,148.43,1.0000,-1,-1,-1
961,163,1094.35,111.03,63.26,135.36,1.0000,-1,-1,-1
961,164,1017.41,365.14,86.09,180.62,1.0000,-1,-1,-1
962,152,897.52,536.20,115.73,181.04,1.0000,-1,-1,-1
962,153,787.01,346.64,102.96,155.08,1.0000,-1,-1,-1
962,154,826.50,184.97,79.98,148.21,1.0000,-1,-1,-1
962,155,681.85,434.91,103.00,143.02,1.0000,-1,-1,-1
962,156,928.66,309.03,88.02,172.33,1.0000,-1,-1,-1
962,157,867.74,328.04,78.47,166.26,1.0000,-1,-1,-1
962,162,573.24,444.96,107.64,149.50,1.0000,-1,-1,-1
962,163,1095.07,121.03,66.84,146.39,1.0000,-1,-1,-1
962,164,1029.97,372.31,82.86,179.34,1.0000,-1,-1,-1
963,152,891.35,534.96,116.39,182.09,1.0000,-1,-1,-1
963,153,785.90,348.60,103.34,155.64,1.0000,-1,-1,-1
963,154,832.37,185.53,80.40,148.98,1.0000,-1,-1,-1
963,155,684.48,437.03,103.52,143.73,1.0000,-1,-1,-1
963,156,920.98,307.95,87.79,171.88,1.0000,-1,-1,-1
963,157,872.79,315.55,81.68,182.14,1.0000,-1,-1,-1
963,162,569.61,443.26,108.40,150.55,1.0000,-1,-1,-1
963,163,1102.70,124.00,65.33,146.69,1.0000,-1,-1,-1
963,164,1037.48,377.58,82.15,177.80,1.0000,-1,-1,-1
964,152,885.18,533.73,117.06,183.13,1.0000,-1,-1,-1
964,154,833.40,191.18,81.95,149.26,1.0000,-1,-1,-1
964,155,687.11,439.14,104.03,144.44,1.0000,-1,-1,-1
964,156,913.30,306.87,87.56,171.43,1.0000,-1,-1,-1
964,157,875.76,329.51,81.75,181.30,1.0000,-1,-1,-1
964,162,565.98,441.57,109.16,151.60,1.0000,-1,-1,-1
964,163,1106.47,127.58,68.12,146.17,1.0000,-1,-1,-1
964,164,1044.79,379.58,80.34,178.51,1.0000,-1,-1,-1
965,152,879.00,532.49,117.72,184.16,1.0000,-1,-1,-1
965,154,835.24,194.86,83.69,148.36,1.0000,-1,-1,-1
965,155,689.74,441.26,104.54,145.15,1.0000,-1,-1,-1
965,156,905.63,305.80,87.33,170.97,1.0000,-1,-1,-1
965,157,879.83,346.04,85.20,175.87,1.0000,-1,-1,-1
965,162,562.35,439.87,109.91,152.64,1.0000,-1,-1,-1
965,163,1113.90,128.98,68.42,146.82,1.0000,-1,-1,-1
965,164,1053.28,384.12,78.59,177.19,1.0000,-1,-1,-1
966,152,872.84,531.26,118.37,185.18,1.0000,-1,-1,-1
966,154,836.49,198.20,85.98,147.52,1.0000,-1,-1,-1
966,155,692.37,443.39,105.05,145.86,1.0000,-1,-1,-1
966,156,897.95,304.72,87.09,170.52,1.0000,-1,-1,-1
966,157,887.59,356.62,86.30,170.36,1.0000,-1,-1,-1
966,162,558.73,438.19,110.65,153.68,1.0000,-1,-1,-1
966,163,1120.47,129.65,69.69,147.15,1.0000,-1,-1,-1
966,164,1061.65,390.19,78.38,175.25,1.0000,-1,-1,-1
967,152,866.67,530.03,119.03,186.21,1.0000,-1,-1,-1
967,154,841.50,202.42,85.71,146.17,1.0000,-1,-1,-1
967,155,695.00,445.51,105.56,146.56,1.0000,-1,-1,-1
967,156,890.28,303.64,86.86,170.06,1.0000,-1,-1,-1
967,157,893.56,361.12,86.32,170.39,1.0000,-1,-1,-1
967,162,598.44,429.39,101.01,167.00,1.0000,-1,-1,-1
967,163,1132.76,129.95,68.39,147.60,1.0000,-1,-1,-1
967,164,1082.49,397.56,75.79,174.06,1.0000,-1,-1,-1
968,152,860.50,528.81,119.67,187.22,1.0000,-1,-1,-1
968,154,845.52,204.18,84.62,144.00,1.0000,-1,-1,-1
968,155,697.64,447.63,106.06,147.26,1.0000,-1,-1,-1
968,156,882.60,302.57,86.63,169.61,1.0000,-1,-1,-1
968,157,899.53,365.63,86.33,170.43,1.0000,-1,-1,-1
968,162,603.49,426.29,95.30,173.01,1.0000,-1,-1,-1
968,163,1140.59,130.24,67.99,148.08,1.0000,-1,-1,-1
968,164,1090.10,404.04,77.81,174.99,1.0000,-1,-1,-1
969,152,854.34,527.59,120.32,188.23,1.0000,-1,-1,-1
969,154,848.10,204.34,83.81,143.63,1.0000,-1,-1,-1
969,155,700.28,449.76,106.56,147.96,1.0000,-1,-1,-1
969,156,874.93,301.49,86.40,169.15,1.0000,-1,-1,-1
969,157,905.50,370.14,86.35,170.46,1.0000,-1,-1,-1
969,162,602.87,424.63,95.85,174.02,1.0000,-1,-1,-1
969,163,1145.12,129.85,68.00,148.09,1.0000,-1,-1,-1
969,164,1099.19,410.45,77.51,178.49,1.0000,-1,-1,-1
970,152,848.18,526.36,120.96,189.23,1.0000,-1,-1,-1
970,154,850.21,203.07,83.57,144.38,1.0000,-1,-1,-1
970,155,702.91,451.89,107.06,148.65,1.0000,-1,-1,-1
970,156,867.25,300.42,86.16,168.69,1.0000,-1,-1,-1
970,157,911.47,374.64,86.36,170.49,1.0000,-1,-1,-1
970,162,602.25,422.99,96.41,175.03,1.0000,-1,-1,-1
970,163,1147.36,129.24,68.79,148.51,1.0000,-1,-1,-1
970,164,1104.65,418.22,77.90,181.45,1.0000,-1,-1,-1
970,166,1056.46,221.10,94.39,154.26,1.0000,-1,-1,-1
971,152,842.02,525.15,121.60,190.23,1.0000,-1,-1,-1
971,154,852.08,201.49,82.85,145.95,1.0000,-1,-1,-1
971,155,705.55,454.02,107.56,149.34,1.0000,-1,-1,-1
971,156,859.58,299.35,85.93,168.23,1.0000,-1,-1,-1
971,157,917.44,379.15,86.38,170.52,1.0000,-1,-1,-1
971,162,601.64,421.34,96.96,176.03,1.0000,-1,-1,-1
971,163,1149.55,128.64,68.96,149.19,1.0000,-1,-1,-1
971,164,1105.08,423.24,80.94,185.72,1.0000,-1,-1,-1
971,166,1058.05,221.72,98.78,156.63,1.0000,-1,-1,-1
972,152,835.86,523.93,122.24,191.23,1.0000,-1,-1,-1
972,154,856.12,202.32,83.22,146.60,1.0000,-1,-1,-1
972,155,708.19,456.15,108.05,150.03,1.0000,-1,-1,-1
972,156,851.90,298.28,85.69,167.77,1.0000,-1,-1,-1
972,157,923.41,383.66,86.40,170.55,1.0000,-1,-1,-1
972,162,601.02,419.70,97.51,177.02,1.0000,-1,-1,-1
972,163,1151.44,126.01,69.05,151.20,1.0000,-1,-1,-1
972,164,1107.96,428.14,81.82,186.96,1.0000,-1,-1,-1
972,166,1059.16,223.23,104.39,158.66,1.0000,-1,-1,-1
973,152,829.70,522.72,122.87,192.22,1.0000,-1,-1,-1
973,154,860.15,203.14,83.58,147.24,1.0000,-1,-1,-1
973,155,710.83,458.28,108.54,150.71,1.0000,-1,-1,-1
973,156,844.23,297.20,85.45,167.31,1.0000,-1,-1,-1
973,157,929.38,388.16,86.41,170.58,1.0000,-1,-1,-1
973,162,600.41,418.06,98.05,178.01,1.0000,-1,-1,-1
973,163,1151.60,124.72,69.24,152.98,1.0000,-1,-1,-1
973,164,1106.76,430.87,82.94,187.52,1.0000,-1,-1,-1
973,166,1058.21,225.12,108.31,159.67,1.0000,-1,-1,-1
974,152,823.55,521.51,123.50,193.20,1.0000,-1,-1,-1
974,154,864.19,203.98,83.94,147.88,1.0000,-1,-1,-1
974,155,713.47,460.42,109.03,151.39,1.0000,-1,-1,-1
974,156,836.55,296.13,85.22,166.85,1.0000,-1,-1,-1
974,157,935.36,392.67,86.43,170.61,1.0000,-1,-1,-1
974,162,599.80,416.42,98.59,178.99,1.0000,-1,-1,-1
974,163,1150.02,121.88,69.46,156.01,1.0000,-1,-1,-1
974,164,1108.09,432.36,81.84,186.78,1.0000,-1,-1,-1
974,166,1061.55,224.85,111.06,163.73,1.0000,-1,-1,-1
975,152,817.39,520.30,124.12,194.18,1.0000,-1,-1,-1
975,154,868.63,187.58,73.19,136.07,1.0000,-1,-1,-1
975,155,716.12,462.55,109.52,152.07,1.0000,-1,-1,-1
975,156,828.88,295.06,84.98,166.38,1.0000,-1,-1,-1
975,157,941.97,403.79,91.10,165.99,1.0000,-1,-1,-1
975,162,599.19,414.78,99.13,179.97,1.0000,-1,-1,-1
975,163,1149.23,120.75,69.67,157.37,1.0000,-1,-1,-1
975,164,1107.60,433.77,82.47,186.65,1.0000,-1,-1,-1
975,166,1059.55,224.06,117.82,161.08,1.0000,-1,-1,-1
976,152,811.24,519.10,124.74,195.15,1.0000,-1,-1,-1
976,154,872.05,190.33,68.51,132.99,1.0000,-1,-1,-1
976,155,718.76,464.69,110.01,152.74,1.0000,-1,-1,-1
976,156,821.21,293.99,84.74,165.91,1.0000,-1,-1,-1
976,157,939.88,409.31,91.80,162.89,1.0000,-1,-1,-1
976,162,598.58,413.15,99.67,180.94,1.0000,-1,-1,-1
976,163,1148.14,120.75,69.63,158.46,1.0000,-1,-1,-1
976,164,1106.24,434.41,83.52,186.34,1.0000,-1,-1,-1
976,166,1057.93,224.63,123.75,160.94,1.0000,-1,-1,-1
977,152,805.09,517.90,125.36,196.12,1.0000,-1,-1,-1
977,154,872.32,197.09,68.84,133.39,1.0000,-1,-1,-1
977,155,721.41,466.83,110.49,153.41,1.0000,-1,-1,-1
977,156,814.62,310.38,100.72,185.27,1.0000,-1,-1,-1
977,157,940.49,413.52,103.00,156.09,1.0000,-1,-1,-1
977,162,597.97,411.52,100.20,181.91,1.0000,-1,-1,-1
977,163,1144.64,120.99,67.91,159.26,1.0000,-1,-1,-1
977,164,1104.74,435.11,84.41,185.32,1.0000,-1,-1,-1
977,166,1057.28,224.85,126.94,162.19,1.0000,-1,-1,-1
978,152,798.94,516.70,125.98,197.08,1.0000,-1,-1,-1
978,154,872.17,199.94,69.57,134.28,1.0000,-1,-1,-1
978,155,724.05,468.97,110.97,154.08,1.0000,-1,-1,-1
978,156,799.56,311.42,105.63,185.59,1.0000,-1,-1,-1
978,157,937.34,416.97,111.94,152.53,1.0000,-1,-1,-1
978,162,597.37,409.90,100.73,182.87,1.0000,-1,-1,-1
978,163,1140.68,122.42,67.04,158.47,1.0000,-1,-1,-1
978,164,1106.75,435.95,82.91,184.19,1.0000,-1,-1,-1
978,166,1059.51,224.28,129.58,165.56,1.0000,-1,-1,-1
979,152,792.79,515.50,126.59,198.04,1.0000,-1,-1,-1
979,154,871.81,201.59,69.93,135.22,1.0000,-1,-1,-1
979,155,726.70,471.11,111.45,154.74,1.0000,-1,-1,-1
979,156,787.48,304.75,109.14,191.02,1.0000,-1,-1,-1
979,157,933.14,419.75,118.35,149.62,1.0000,-1,-1,-1
979,162,596.76,408.27,101.26,183.83,1.0000,-1,-1,-1
979,163,1135.21,121.81,67.79,158.86,1.0000,-1,-1,-1
979,164,1104.99,436.60,83.28,183.60,1.0000,-1,-1,-1
979,166,1060.51,225.31,125.19,165.27,1.0000,-1,-1,-1
980,152,786.65,514.30,127.20,199.00,1.0000,-1,-1,-1
980,154,874.45,201.97,70.10,135.56,1.0000,-1,-1,-1
980,155,729.35,473.25,111.93,155.41,1.0000,-1,-1,-1
980,156,776.23,300.80,113.15,195.59,1.0000,-1,-1,-1
980,157,931.13,423.06,119.67,147.09,1.0000,-1,-1,-1
980,162,596.16,406.65,101.78,184.78,1.0000,-1,-1,-1
980,163,1131.63,121.12,67.18,158.44,1.0000,-1,-1,-1
980,164,1104.03,440.07,83.16,184.48,1.0000,-1,-1,-1
980,166,1062.47,224.95,127.38,168.16,1.0000,-1,-1,-1
981,154,866.43,201.34,71.02,138.08,1.0000,-1,-1,-1
981,155,732.00,475.40,112.40,156.07,1.0000,-1,-1,-1
981,156,768.17,299.70,115.43,197.32,1.0000,-1,-1,-1
981,157,934.19,427.66,117.54,145.01,1.0000,-1,-1,-1
981,162,595.56,405.03,102.30,185.73,1.0000,-1,-1,-1
981,163,1128.36,120.52,66.96,158.76,1.0000,-1,-1,-1
981,164,1103.30,443.47,83.80,187.36,1.0000,-1,-1,-1
981,166,1062.26,229.97,117.97,167.49,1.0000,-1,-1,-1
982,154,861.88,195.93,70.95,139.47,1.0000,-1,-1,-1
982,155,734.65,477.54,112.87,156.72,1.0000,-1,-1,-1
982,156,756.54,299.88,114.71,197.23,1.0000,-1,-1,-1
982,157,938.01,431.25,117.72,145.24,1.0000,-1,-1,-1
982,162,594.96,403.41,102.82,186.67,1.0000,-1,-1,-1
982,163,1123.45,121.01,65.42,157.83,1.0000,-1,-1,-1
982,164,1103.90,451.49,86.48,191.87,1.0000,-1,-1,-1
982,166,1063.70,230.23,119.62,169.84,1.0000,-1,-1,-1
983,154,858.22,191.43,70.75,141.66,1.0000,-1,-1,-1
983,155,737.30,479.69,113.35,157.38,1.0000,-1,-1,-1
983,156,750.43,299.54,114.89,197.87,1.0000,-1,-1,-1
983,157,948.08,440.49,103.85,146.10,1.0000,-1,-1,-1
983,162,560.02,433.18,89.52,178.43,1.0000,-1,-1,-1
983,163,1118.66,120.33,64.99,157.77,1.0000,-1,-1,-1
983,164,1100.29,455.99,91.29,196.20,1.0000,-1,-1,-1
983,166,1065.16,230.52,121.25,172.16,1.0000,-1,-1,-1
984,154,851.46,187.33,71.92,144.46,1.0000,-1,-1,-1
984,155,739.95,481.84,113.81,158.03,1.0000,-1,-1,-1
984,156,744.27,301.50,112.14,194.43,1.0000,-1,-1,-1
984,157,956.20,445.05,92.41,148.11,1.0000,-1,-1,-1
984,162,556.43,433.60,89.98,178.10,1.0000,-1,-1,-1
984,163,1115.68,118.08,65.59,157.68,1.0000,-1,-1,-1
984,164,1095.64,458.55,96.08,199.92,1.0000,-1,-1,-1
984,166,1066.63,230.81,122.87,174.45,1.0000,-1,-1,-1
985,154,846.57,184.21,72.54,146.25,1.0000,-1,-1,-1
985,155,742.60,483.99,114.28,158.68,1.0000,-1,-1,-1
985,156,739.12,302.59,112.15,192.57,1.0000,-1,-1,-1
985,157,959.94,449.44,92.35,148.01,1.0000,-1,-1,-1
985,162,553.68,433.56,90.30,178.72,1.0000,-1,-1,-1
985,163,1114.62,116.21,65.11,158.15,1.0000,-1,-1,-1
985,164,1102.02,459.78,95.09,201.77,1.0000,-1,-1,-1
985,166,1068.10,231.13,124.46,176.71,1.0000,-1,-1,-1
986,154,839.19,182.67,72.72,149.03,1.0000,-1,-1,-1
986,155,745.26,486.14,114.75,159.32,1.0000,-1,-1,-1
986,156,731.23,302.28,112.32,192.86,1.0000,-1,-1,-1
986,157,963.68,453.84,92.29,147.91,1.0000,-1,-1,-1
986,162,546.39,433.75,88.45,177.37,1.0000,-1,-1,-1
986,163,1113.16,114.02,64.03,158.14,1.0000,-1,-1,-1
986,164,1102.63,460.20,94.46,202.96,1.0000,-1,-1,-1
986,166,1069.59,231.45,126.03,178.94,1.0000,-1,-1,-1
987,154,831.94,181.38,71.60,151.14,1.0000,-1,-1,-1
987,155,747.91,488.29,115.21,159.97,1.0000,-1,-1,-1
987,156,723.34,301.96,112.48,193.14,1.0000,-1,-1,-1
987,157,967.43,458.24,92.22,147.80,1.0000,-1,-1,-1
987,162,543.16,433.67,88.73,177.93,1.0000,-1,-1,-1
987,163,1107.17,113.26,62.59,159.31,1.0000,-1,-1,-1
987,164,1104.71,463.98,94.54,203.13,1.0000,-1,-1,-1
987,166,1071.09,231.79,127.58,181.14,1.0000,-1,-1,-1
988,154,826.27,179.80,70.43,152.11,1.0000,-1,-1,-1
988,156,722.45,303.05,126.53,187.64,1.0000,-1,-1,-1
988,157,971.17,462.64,92.16,147.70,1.0000,-1,-1,-1
988,162,539.94,433.60,89.00,178.48,1.0000,-1,-1,-1
988,163,1105.86,112.81,62.61,159.36,1.0000,-1,-1,-1
988,164,1103.81,461.68,84.06,201.38,1.0000,-1,-1,-1
988,166,1072.59,232.15,129.11,183.32,1.0000,-1,-1,-1
989,154,822.24,178.93,70.15,150.80,1.0000,-1,-1,-1
989,156,711.42,303.30,134.51,185.78,1.0000,-1,-1,-1
989,157,974.91,467.03,92.09,147.60,1.0000,-1,-1,-1
989,162,536.72,433.52,89.28,179.04,1.0000,-1,-1,-1
989,163,1104.55,112.36,62.63,159.41,1.0000,-1,-1,-1
989,164,1105.03,459.61,75.75,200.14,1.0000,-1,-1,-1
989,166,1074.11,232.51,130.62,185.47,1.0000,-1,-1,-1
990,154,818.09,178.92,72.05,148.23,1.0000,-1,-1,-1
990,156,698.29,303.45,138.56,185.12,1.0000,-1,-1,-1
990,157,978.65,471.43,92.03,147.49,1.0000,-1,-1,-1
990,162,522.84,427.51,85.77,178.62,1.0000,-1,-1,-1
990,163,1096.60,109.70,68.98,161.07,1.0000,-1,-1,-1
990,164,1105.25,458.13,69.35,198.66,1.0000,-1,-1,-1
990,166,1075.63,232.89,132.12,187.59,1.0000,-1,-1,-1
991,154,812.58,178.71,75.20,147.32,1.0000,-1,-1,-1
991,156,683.45,304.08,136.29,184.07,1.0000,-1,-1,-1
991,157,982.39,475.83,91.96,147.39,1.0000,-1,-1,-1
991,162,518.61,426.95,86.00,179.10,1.0000,-1,-1,-1
991,163,1090.44,107.97,74.75,161.03,1.0000,-1,-1,-1
991,164,1101.55,456.44,65.42,197.54,1.0000,-1,-1,-1
991,166,1077.17,233.28,133.60,189.69,1.0000,-1,-1,-1
992,154,802.72,179.76,79.32,146.91,1.0000,-1,-1,-1
992,156,675.42,303.59,136.61,184.50,1.0000,-1,-1,-1
992,157,986.13,480.22,91.90,147.29,1.0000,-1,-1,-1
992,162,511.60,424.95,81.10,176.47,1.0000,-1,-1,-1
992,163,1088.63,107.15,74.91,161.37,1.0000,-1,-1,-1
992,164,1101.80,458.79,65.09,196.56,1.0000,-1,-1,-1
992,166,1078.71,233.68,135.07,191.77,1.0000,-1,-1,-1
993,154,794.19,180.39,80.45,146.18,1.0000,-1,-1,-1
993,156,667.40,303.09,136.92,184.92,1.0000,-1,-1,-1
993,157,989.87,484.62,91.84,147.18,1.0000,-1,-1,-1
993,162,506.94,424.19,81.27,176.84,1.0000,-1,-1,-1
993,163,1086.81,106.33,75.06,161.71,1.0000,-1,-1,-1
993,164,1094.01,459.50,62.38,198.36,1.0000,-1,-1,-1
993,166,1080.25,234.10,136.51,193.83,1.0000,-1,-1,-1
994,154,786.78,180.44,81.45,146.21,1.0000,-1,-1,-1
994,156,652.25,321.54,130.32,181.70,1.0000,-1,-1,-1
994,157,993.61,489.02,91.77,147.08,1.0000,-1,-1,-1
994,162,502.29,423.43,81.43,177.20,1.0000,-1,-1,-1
994,163,1084.99,105.51,75.22,162.05,1.0000,-1,-1,-1
994,164,1089.79,460.64,61.07,200.22,1.0000,-1,-1,-1
994,166,1081.81,234.52,137.95,195.86,1.0000,-1,-1,-1
994,168,924.96,449.79,93.19,163.77,1.0000,-1,-1,-1
995,154,780.01,180.59,82.83,145.86,1.0000,-1,-1,-1
995,156,643.38,322.53,130.56,182.04,1.0000,-1,-1,-1
995,157,997.35,493.42,91.71,146.98,1.0000,-1,-1,-1
995,162,497.64,422.67,81.60,177.56,1.0000,-1,-1,-1
995,163,1083.17,104.69,75.38,162.39,1.0000,-1,-1,-1
995,164,1084.77,462.85,63.48,203.88,1.0000,-1,-1,-1
995,166,1083.37,234.95,139.36,197.88,1.0000,-1,-1,-1
995,168,916.73,452.89,98.94,163.52,1.0000,-1,-1,-1
996,154,775.43,180.88,83.60,145.51,1.0000,-1,-1,-1
996,156,634.50,323.51,130.80,182.37,1.0000,-1,-1,-1
996,157,1001.09,497.82,91.64,146.87,1.0000,-1,-1,-1
996,162,496.81,427.69,71.74,169.71,1.0000,-1,-1,-1
996,163,1081.35,103.88,75.54,162.73,1.0000,-1,-1,-1
996,164,1068.20,464.18,71.82,207.41,1.0000,-1,-1,-1
996,166,1084.94,235.40,140.77,199.87,1.0000,-1,-1,-1
996,168,909.80,453.99,102.15,161.89,1.0000,-1,-1,-1
997,154,769.31,180.07,84.10,146.14,1.0000,-1,-1,-1
997,156,625.63,324.50,131.04,182.70,1.0000,-1,-1,-1
997,157,1004.83,502.21,91.58,146.77,1.0000,-1,-1,-1
997,162,493.45,431.02,67.35,169.12,1.0000,-1,-1,-1
997,163,1079.54,103.06,75.69,163.07,1.0000,-1,-1,-1
997,164,1062.77,469.90,74.34,206.80,1.0000,-1,-1,-1
997,166,1086.52,235.85,142.16,201.85,1.0000,-1,-1,-1
997,168,905.41,455.26,98.27,156.98,1.0000,-1,-1,-1
998,154,765.52,177.95,83.62,145.92,1.0000,-1,-1,-1
998,156,616.75,325.49,131.28,183.04,1.0000,-1,-1,-1
998,157,1008.57,506.61,91.51,146.67,1.0000,-1,-1,-1
998,162,489.04,433.73,65.10,170.68,1.0000,-1,-1,-1
998,163,1077.72,102.24,75.85,163.41,1.0000,-1,-1,-1
998,164,1059.64,472.78,75.65,206.29,1.0000,-1,-1,-1
998,166,1088.10,236.32,143.54,203.80,1.0000,-1,-1,-1
998,168,903.34,457.53,95.53,152.76,1.0000,-1,-1,-1
998,170,1022.92,260.80,70.73,142.78,1.0000,-1,-1,-1
999,154,761.32,177.19,83.86,146.35,1.0000,-1,-1,-1
999,156,602.96,324.01,111.41,176.59,1.0000,-1,-1,-1
999,157,1012.31,511.01,91.45,146.56,1.0000,-1,-1,-1
999,162,483.85,435.19,64.73,171.86,1.0000,-1,-1,-1
999,163,1075.90,101.42,76.01,163.74,1.0000,-1,-1,-1
999,164,1046.83,475.94,81.78,205.47,1.0000,-1,-1,-1
999,166,1089.69,236.79,144.90,205.74,1.0000,-1,-1,-1
999,168,906.59,460.30,91.43,148.15,1.0000,-1,-1,-1
999,170,1019.67,265.76,69.60,140.50,1.0000,-1,-1,-1
1000,154,760.11,173.76,79.79,142.78,1.0000,-1,-1,-1
1000,156,602.39,325.54,107.08,173.91,1.0000,-1,-1,-1
1000,157,1016.05,515.41,91.38,146.46,1.0000,-1,-1,-1
1000,162,478.99,435.56,64.71,171.81,1.0000,-1,-1,-1
1000,163,1074.08,100.61,76.16,164.08,1.0000,-1,-1,-1
1000,164,1037.39,481.45,85.34,205.16,1.0000,-1,-1,-1
1000,166,1091.29,237.27,146.25,207.65,1.0000,-1,-1,-1
1000,168,912.70,463.50,85.58,144.03,1.0000,-1,-1,-1
1000,170,1016.42,270.75,68.45,138.17,1.0000,-1,-1,-1
1001,154,757.57,173.41,78.90,141.49,1.0000,-1,-1,-1
1001,156,597.88,325.90,101.33,173.49,1.0000,-1,-1,-1
1001,157,1019.80,519.80,91.32,146.36,1.0000,-1,-1,-1
1001,162,474.14,435.93,64.69,171.76,1.0000,-1,-1,-1
1001,163,1072.27,99.79,76.32,164.41,1.0000,-1,-1,-1
1001,164,1033.16,486.55,85.73,204.64,1.0000,-1,-1,-1
1001,166,1092.89,237.76,147.59,209.55,1.0000,-1,-1,-1
1001,168,916.15,465.31,80.65,141.98,1.0000,-1,-1,-1
1001,170,1013.18,275.76,67.28,135.81,1.0000,-1,-1,-1
1002,154,751.24,173.42,75.09,141.19,1.0000,-1,-1,-1
1002,156,588.16,324.16,94.23,174.60,1.0000,-1,-1,-1
1002,157,1023.54,524.20,91.25,146.25,1.0000,-1,-1,-1
1002,162,469.28,436.30,64.67,171.71,1.0000,-1,-1,-1
1002,163,1070.45,98.97,76.47,164.75,1.0000,-1,-1,-1
1002,164,1028.22,490.86,84.40,203.20,1.0000,-1,-1,-1
1002,166,1094.50,238.26,148.92,211.44,1.0000,-1,-1,-1
1002,168,923.57,468.25,77.11,143.67,1.0000,-1,-1,-1
1002,170,1004.00,263.50,68.30,147.16,1.0000,-1,-1,-1
1003,154,746.16,173.78,72.81,140.62,1.0000,-1,-1,-1
1003,156,578.71,324.70,94.14,174.43,1.0000,-1,-1,-1
1003,157,1027.28,528.60,91.19,146.15,1.0000,-1,-1,-1
1003,162,464.43,436.68,64.66,171.67,1.0000,-1,-1,-1
1003,163,1068.63,98.16,76.63,165.08,1.0000,-1,-1,-1
1003,164,1027.85,494.07,81.76,201.25,1.0000,-1,-1,-1
1003,166,1096.12,238.77,150.23,213.31,1.0000,-1,-1,-1
1003,168,922.93,470.71,75.93,141.47,1.0000,-1,-1,-1
1003,170,1007.79,261.84,72.64,154.90,1.0000,-1,-1,-1
1003,171,979.19,103.96,67.95,153.04,1.0000,-1,-1,-1
1004,154,742.39,174.95,72.60,139.35,1.0000,-1,-1,-1
1004,156,569.26,325.24,94.06,174.27,1.0000,-1,-1,-1
1004,157,1031.02,533.00,91.12,146.04,1.0000,-1,-1,-1
1004,162,459.57,437.05,64.64,171.62,1.0000,-1,-1,-1
1004,163,1066.82,97.34,76.78,165.42,1.0000,-1,-1,-1
1004,164,1025.50,496.68,78.82,197.80,1.0000,-1,-1,-1
1004,166,1097.74,239.29,151.53,215.16,1.0000,-1,-1,-1
1004,168,922.30,473.19,74.73,139.23,1.0000,-1,-1,-1
1004,170,1004.70,263.92,72.73,155.10,1.0000,-1,-1,-1
1004,171,972.45,104.28,68.53,152.06,1.0000,-1,-1,-1
1004,173,1215.02,267.62,62.84,146.31,1.0000,-1,-1,-1
1005,154,738.93,176.42,75.01,136.66,1.0000,-1,-1,-1
1005,156,559.81,325.78,93.97,174.11,1.0000,-1,-1,-1
1005,157,1034.76,537.39,91.06,145.94,1.0000,-1,-1,-1
1005,162,440.41,439.81,63.89,174.55,1.0000,-1,-1,-1
1005,163,1065.00,96.53,76.94,165.75,1.0000,-1,-1,-1
1005,164,1021.21,498.70,75.83,194.86,1.0000,-1,-1,-1
1005,166,1099.37,239.81,152.83,216.99,1.0000,-1,-1,-1
1005,168,931.10,473.06,79.27,142.21,1.0000,-1,-1,-1
1005,170,1004.92,264.10,68.12,154.71,1.0000,-1,-1,-1
1005,171,967.31,102.93,68.83,151.59,1.0000,-1,-1,-1
1005,172,1122.34,118.26,63.15,131.78,1.0000,-1,-1,-1
1005,173,1208.78,268.02,68.31,147.83,1.0000,-1,-1,-1
1006,154,735.90,179.27,80.33,136.00,1.0000,-1,-1,-1
1006,156,550.35,326.32,93.88,173.95,1.0000,-1,-1,-1
1006,157,1038.50,541.79,90.99,145.83,1.0000,-1,-1,-1
1006,162,434.13,438.58,63.02,174.05,1.0000,-1,-1,-1
1006,163,1063.18,95.71,77.09,166.08,1.0000,-1,-1,-1
1006,164,1016.90,499.76,72.70,191.90,1.0000,-1,-1,-1
1006,166,1101.00,240.34,154.11,218.81,1.0000,-1,-1,-1
1006,168,928.53,473.14,87.74,145.24,1.0000,-1,-1,-1
1006,170,1001.05,263.55,63.50,152.52,1.0000,-1,-1,-1
1006,171,960.83,102.98,69.67,151.23,1.0000,-1,-1,-1
1006,172,1113.69,118.49,62.68,130.80,1.0000,-1,-1,-1
1006,173,1201.47,267.85,72.78,148.55,1.0000,-1,-1,-1
1007,154,728.16,179.73,84.63,134.64,1.0000,-1,-1,-1
1007,156,540.90,326.86,93.79,173.79,1.0000,-1,-1,-1
1007,157,1042.24,546.19,90.93,145.73,1.0000,-1,-1,-1
1007,162,428.13,439.07,63.00,173.99,1.0000,-1,-1,-1
1007,163,1061.37,94.90,77.25,166.41,1.0000,-1,-1,-1
1007,164,1009.70,499.42,70.36,189.54,1.0000,-1,-1,-1
1007,166,1102.63,240.88,155.38,220.62,1.0000,-1,-1,-1
1007,168,928.90,474.75,87.47,144.80,1.0000,-1,-1,-1
1007,170,997.96,265.56,63.06,151.47,1.0000,-1,-1,-1
1007,171,952.12,100.89,68.90,151.58,1.0000,-1,-1,-1
1007,172,1105.03,118.73,62.21,129.82,1.0000,-1,-1,-1
1007,173,1190.21,262.48,82.71,154.96,1.0000,-1,-1,-1
1008,154,722.35,178.90,87.69,134.32,1.0000,-1,-1,-1
1008,156,531.45,327.40,93.71,173.62,1.0000,-1,-1,-1
1008,157,1045.98,550.59,90.86,145.63,1.0000,-1,-1,-1
1008,162,414.13,439.94,60.80,174.32,1.0000,-1,-1,-1
1008,163,1059.55,94.09,77.40,166.74,1.0000,-1,-1,-1
1008,164,1004.96,499.21,68.16,187.39,1.0000,-1,-1,-1
1008,166,1104.28,241.43,156.64,222.40,1.0000,-1,-1,-1
1008,168,929.28,476.35,87.20,144.35,1.0000,-1,-1,-1
1008,170,994.86,267.58,62.63,150.42,1.0000,-1,-1,-1
1008,171,944.92,98.88,68.73,151.86,1.0000,-1,-1,-1
1008,172,1096.38,118.98,61.74,128.83,1.0000,-1,-1,-1
1008,173,1179.34,264.54,81.11,150.25,1.0000,-1,-1,-1
1009,154,717.81,177.55,89.03,133.22,1.0000,-1,-1,-1
1009,156,522.00,327.94,93.62,173.46,1.0000,-1,-1,-1
1009,157,1049.72,554.99,90.80,145.52,1.0000,-1,-1,-1
1009,162,407.36,440.51,60.76,174.20,1.0000,-1,-1,-1
1009,163,1057.74,93.27,77.55,167.07,1.0000,-1,-1,-1
1009,164,1000.57,501.20,67.91,186.70,1.0000,-1,-1,-1
1009,166,1105.92,241.98,157.89,224.18,1.0000,-1,-1,-1
1009,168,929.65,477.96,86.93,143.90,1.0000,-1,-1,-1
1009,170,991.77,269.60,62.18,149.35,1.0000,-1,-1,-1
1009,171,940.08,95.75,67.96,152.62,1.0000,-1,-1,-1
1009,172,1080.92,114.68,64.47,132.08,1.0000,-1,-1,-1
1009,173,1171.32,265.38,82.44,147.74,1.0000,-1,-1,-1
1010,154,715.44,176.04,87.67,132.66,1.0000,-1,-1,-1
1010,156,512.55,328.48,93.53,173.30,1.0000,-1,-1,-1
1010,157,1053.46,559.39,90.73,145.42,1.0000,-1,-1,-1
1010,162,400.58,441.07,60.72,174.09,1.0000,-1,-1,-1
1010,163,1055.92,92.46,77.71,167.40,1.0000,-1,-1,-1
1010,164,994.57,484.90,66.83,165.31,1.0000,-1,-1,-1
1010,166,1107.57,242.54,159.13,225.94,1.0000,-1,-1,-1
1010,168,936.03,485.32,75.67,133.74,1.0000,-1,-1,-1
1010,170,988.68,271.63,61.74,148.28,1.0000,-1,-1,-1
1010,171,937.77,94.36,66.61,151.94,1.0000,-1,-1,-1
1010,172,1071.50,114.33,64.28,131.69,1.0000,-1,-1,-1
1010,173,1165.15,265.02,81.35,144.75,1.0000,-1,-1,-1
1011,154,709.85,175.10,88.10,133.01,1.0000,-1,-1,-1
1011,156,503.10,329.02,93.44,173.13,1.0000,-1,-1,-1
1011,157,1057.21,563.78,90.67,145.31,1.0000,-1,-1,-1
1011,162,393.81,441.64,60.68,173.97,1.0000,-1,-1,-1
1011,163,1054.11,91.65,77.86,167.73,1.0000,-1,-1,-1
1011,164,990.82,485.15,65.42,153.15,1.0000,-1,-1,-1
1011,166,1109.23,243.11,160.36,227.69,1.0000,-1,-1,-1
1011,168,936.74,487.54,74.82,132.23,1.0000,-1,-1,-1
1011,170,985.59,273.66,61.29,147.21,1.0000,-1,-1,-1
1011,171,932.40,93.26,65.22,152.23,1.0000,-1,-1,-1
1011,172,1062.09,113.99,64.09,131.31,1.0000,-1,-1,-1
1011,173,1158.39,265.18,81.42,142.06,1.0000,-1,-1,-1
1012,154,707.76,173.36,84.27,133.00,1.0000,-1,-1,-1
1012,156,513.58,313.35,81.71,181.15,1.0000,-1,-1,-1
1012,157,1060.95,568.18,90.60,145.21,1.0000,-1,-1,-1
1012,162,387.04,442.21,60.64,173.86,1.0000,-1,-1,-1
1012,163,1052.29,90.83,78.01,168.06,1.0000,-1,-1,-1
1012,164,986.38,484.39,64.97,152.09,1.0000,-1,-1,-1
1012,168,937.45,489.77,73.95,130.70,1.0000,-1,-1,-1
1012,170,982.50,275.69,60.84,146.12,1.0000,-1,-1,-1
1012,171,925.67,91.85,65.61,153.14,1.0000,-1,-1,-1
1012,172,1052.68,113.64,63.90,130.92,1.0000,-1,-1,-1
1012,173,1146.86,264.69,81.54,140.25,1.0000,-1,-1,-1
1013,154,708.32,171.90,79.59,132.94,1.0000,-1,-1,-1
1013,156,505.04,313.19,81.57,180.85,1.0000,-1,-1,-1
1013,157,1064.69,572.58,90.54,145.10,1.0000,-1,-1,-1
1013,162,374.35,441.65,54.80,174.88,1.0000,-1,-1,-1
1013,163,1050.48,90.02,78.16,168.39,1.0000,-1,-1,-1
1013,164,987.21,482.66,59.65,145.18,1.0000,-1,-1,-1
1013,168,938.17,492.01,73.08,129.15,1.0000,-1,-1,-1
1013,170,979.42,277.72,60.38,145.03,1.0000,-1,-1,-1
1013,171,918.95,90.44,66.00,154.05,1.0000,-1,-1,-1
1013,172,1043.26,113.29,63.71,130.53,1.0000,-1,-1,-1
1013,173,1140.78,262.92,81.13,139.45,1.0000,-1,-1,-1
1013,176,438.89,412.89,83.46,157.56,1.0000,-1,-1,-1
1014,154,704.38,170.97,79.73,133.18,1.0000,-1,-1,-1
1014,156,496.50,313.04,81.44,180.55,1.0000,-1,-1,-1
1014,157,1068.43,576.98,90.47,145.00,1.0000,-1,-1,-1
1014,162,368.57,440.82,53.01,173.58,1.0000,-1,-1,-1
1014,163,1048.66,89.21,78.31,168.71,1.0000,-1,-1,-1
1014,164,983.06,481.69,59.10,143.86,1.0000,-1,-1,-1
1014,168,938.89,494.25,72.19,127.58,1.0000,-1,-1,-1
1014,170,966.32,261.23,60.13,151.73,1.0000,-1,-1,-1
1014,171,912.22,89.03,66.38,154.95,1.0000,-1,-1,-1
1014,172,1033.85,112.95,63.52,130.14,1.0000,-1,-1,-1
1014,173,1135.28,262.13,80.13,138.48,1.0000,-1,-1,-1
1014,176,434.21,411.40,84.36,156.29,1.0000,-1,-1,-1
1015,154,700.44,170.04,79.88,133.43,1.0000,-1,-1,-1
1015,156,487.96,312.88,81.30,180.25,1.0000,-1,-1,-1
1015,162,364.22,440.66,52.75,172.63,1.0000,-1,-1,-1
1015,163,1046.85,88.40,78.47,169.04,1.0000,-1,-1,-1
1015,164,981.63,477.32,55.51,141.72,1.0000,-1,-1,-1
1015,168,939.62,496.51,71.29,126.00,1.0000,-1,-1,-1
1015,170,963.75,259.01,59.27,152.52,1.0000,-1,-1,-1
1015,171,905.49,87.63,66.77,155.85,1.0000,-1,-1,-1
1015,172,1024.44,112.60,63.33,129.75,1.0000,-1,-1,-1
1015,173,1129.45,261.86,79.99,136.83,1.0000,-1,-1,-1
1015,176,430.77,408.87,84.61,156.74,1.0000,-1,-1,-1
1016,154,696.51,169.11,80.03,133.67,1.0000,-1,-1,-1
1016,156,498.69,310.96,74.85,182.81,1.0000,-1,-1,-1
1016,162,357.13,441.05,52.65,172.30,1.0000,-1,-1,-1
1016,163,1045.03,87.58,78.62,169.37,1.0000,-1,-1,-1
1016,164,977.14,471.94,56.52,144.26,1.0000,-1,-1,-1
1016,168,940.92,491.55,59.36,119.28,1.0000,-1,-1,-1
1016,170,961.40,258.18,58.64,153.80,1.0000,-1,-1,-1
1016,171,898.77,86.23,67.15,156.74,1.0000,-1,-1,-1
1016,172,1015.03,112.26,63.14,129.36,1.0000,-1,-1,-1
1016,173,1125.14,261.13,80.36,135.97,1.0000,-1,-1,-1
1016,176,427.57,406.19,85.34,157.63,1.0000,-1,-1,-1
1017,154,692.57,168.18,80.17,133.91,1.0000,-1,-1,-1
1017,156,491.41,310.84,74.68,182.40,1.0000,-1,-1,-1
1017,162,350.04,441.43,52.55,171.97,1.0000,-1,-1,-1
1017,163,1043.22,86.77,78.77,169.69,1.0000,-1,-1,-1
1017,164,964.47,463.09,64.29,150.55,1.0000,-1,-1,-1
1017,168,941.49,493.59,58.07,116.67,1.0000,-1,-1,-1
1017,170,958.10,256.95,57.65,154.82,1.0000,-1,-1,-1
1017,171,892.04,84.83,67.53,157.62,1.0000,-1,-1,-1
1017,172,1005.62,111.92,62.95,128.97,1.0000,-1,-1,-1
1017,173,1118.19,259.77,78.76,135.04,1.0000,-1,-1,-1
1017,176,424.96,404.34,84.95,157.43,1.0000,-1,-1,-1
1018,154,688.63,167.25,80.32,134.15,1.0000,-1,-1,-1
1018,156,484.13,310.71,74.51,181.99,1.0000,-1,-1,-1
1018,162,342.95,441.82,52.44,171.64,1.0000,-1,-1,-1
1018,163,1041.40,85.96,78.92,170.02,1.0000,-1,-1,-1
1018,164,962.58,458.49,68.46,155.37,1.0000,-1,-1,-1
1018,168,942.06,495.65,56.74,114.00,1.0000,-1,-1,-1
1018,170,954.42,257.48,57.33,153.97,1.0000,-1,-1,-1
1018,171,885.32,83.44,67.91,158.51,1.0000,-1,-1,-1
1018,172,996.21,111.58,62.76,128.58,1.0000,-1,-1,-1
1018,173,1112.99,259.62,79.03,133.52,1.0000,-1,-1,-1
1018,176,423.96,401.63,84.48,157.49,1.0000,-1,-1,-1
1019,154,684.70,166.32,80.46,134.40,1.0000,-1,-1,-1
1019,156,476.86,310.59,74.34,181.58,1.0000,-1,-1,-1
1019,162,349.72,440.99,59.75,178.02,1.0000,-1,-1,-1
1019,163,1039.59,85.15,79.07,170.34,1.0000,-1,-1,-1
1019,164,958.51,456.46,68.10,154.55,1.0000,-1,-1,-1
1019,168,942.65,497.75,55.38,111.27,1.0000,-1,-1,-1
1019,170,950.75,258.01,57.01,153.10,1.0000,-1,-1,-1
1019,171,878.60,82.04,68.28,159.38,1.0000,-1,-1,-1
1019,172,986.80,111.23,62.57,128.18,1.0000,-1,-1,-1
1019,173,1107.97,257.38,78.91,132.44,1.0000,-1,-1,-1
1019,176,423.50,399.78,82.75,156.41,1.0000,-1,-1,-1
1020,154,680.76,165.40,80.61,134.64,1.0000,-1,-1,-1
1020,156,469.58,310.46,74.18,181.17,1.0000,-1,-1,-1
1020,162,346.29,439.68,63.93,179.03,1.0000,-1,-1,-1
1020,163,1037.77,84.34,79.22,170.66,1.0000,-1,-1,-1
1020,164,954.44,454.43,67.74,153.73,1.0000,-1,-1,-1
1020,168,943.26,499.88,53.99,108.47,1.0000,-1,-1,-1
1020,170,953.71,252.40,55.96,150.37,1.0000,-1,-1,-1
1020,171,871.87,80.65,68.66,160.25,1.0000,-1,-1,-1
1020,172,977.39,110.89,62.37,127.79,1.0000,-1,-1,-1
1020,173,1104.28,255.89,77.88,131.77,1.0000,-1,-1,-1
1020,176,422.72,399.16,81.73,155.29,1.0000,-1,-1,-1
1021,154,676.82,164.47,80.75,134.88,1.0000,-1,-1,-1
1021,156,462.31,310.34,74.01,180.76,1.0000,-1,-1,-1
1021,162,343.26,438.04,66.48,179.36,1.0000,-1,-1,-1
1021,163,1035.96,83.53,79.37,170.98,1.0000,-1,-1,-1
1021,164,950.36,452.40,67.38,152.91,1.0000,-1,-1,-1
1021,168,943.89,502.05,52.56,105.60,1.0000,-1,-1,-1
1021,170,952.32,251.14,56.31,148.94,1.0000,-1,-1,-1
1021,171,885.45,82.71,55.22,144.99,1.0000,-1,-1,-1
1021,172,967.98,110.55,62.18,127.39,1.0000,-1,-1,-1
1021,173,1100.96,254.46,76.84,131.44,1.0000,-1,-1,-1
1021,176,421.73,396.98,80.80,155.40,1.0000,-1,-1,-1
1022,154,672.89,163.54,80.89,135.12,1.0000,-1,-1,-1
1022,156,455.03,310.22,73.84,180.35,1.0000,-1,-1,-1
1022,162,338.21,438.14,66.50,179.42,1.0000,-1,-1,-1
1022,164,946.29,450.38,67.01,152.08,1.0000,-1,-1,-1
1022,168,944.53,504.26,51.09,102.65,1.0000,-1,-1,-1
1022,170,948.65,251.88,58.72,152.07,1.0000,-1,-1,-1
1022,171,879.81,81.54,55.16,144.82,1.0000,-1,-1,-1
1022,172,958.57,110.21,61.98,126.99,1.0000,-1,-1,-1
1022,173,1096.18,253.11,77.48,131.44,1.0000,-1,-1,-1
1022,176,420.08,395.96,80.07,154.03,1.0000,-1,-1,-1
1023,154,668.95,162.61,81.04,135.36,1.0000,-1,-1,-1
1023,156,447.76,310.09,73.67,179.93,1.0000,-1,-1,-1
1023,162,333.16,438.24,66.52,179.48,1.0000,-1,-1,-1
1023,164,942.22,448.36,66.64,151.24,1.0000,-1,-1,-1
1023,168,945.20,506.51,49.57,99.60,1.0000,-1,-1,-1
1023,170,943.94,251.04,62.18,154.11,1.0000,-1,-1,-1
1023,171,874.18,80.37,55.09,144.65,1.0000,-1,-1,-1
1023,172,949.16,109.87,61.79,126.59,1.0000,-1,-1,-1
1023,173,1092.31,250.62,77.69,131.97,1.0000,-1,-1,-1
1023,176,418.63,394.81,78.40,152.70,1.0000,-1,-1,-1
1024,154,665.01,161.69,81.18,135.60,1.0000,-1,-1,-1
1024,156,440.48,309.97,73.50,179.52,1.0000,-1,-1,-1
1024,162,328.22,431.48,69.90,179.06,1.0000,-1,-1,-1
1024,164,950.78,473.43,83.29,146.26,1.0000,-1,-1,-1
1024,168,945.89,508.82,48.01,96.47,1.0000,-1,-1,-1
1024,170,941.04,250.29,65.90,154.93,1.0000,-1,-1,-1
1024,171,868.54,79.21,55.03,144.48,1.0000,-1,-1,-1
1024,172,939.75,109.53,61.59,126.19,1.0000,-1,-1,-1
1024,173,1087.65,249.10,75.94,132.22,1.0000,-1,-1,-1
1024,176,417.43,393.99,77.47,151.60,1.0000,-1,-1,-1
1024,177,522.50,303.91,81.01,161.96,1.0000,-1,-1,-1
1025,154,661.08,160.76,81.32,135.84,1.0000,-1,-1,-1
1025,156,433.21,309.85,73.33,179.10,1.0000,-1,-1,-1
1025,162,323.11,429.14,71.84,178.65,1.0000,-1,-1,-1
1025,164,948.22,473.06,83.03,145.80,1.0000,-1,-1,-1
1025,168,946.61,511.17,46.40,93.22,1.0000,-1,-1,-1
1025,170,940.95,250.10,71.13,155.34,1.0000,-1,-1,-1
1025,171,862.90,78.04,54.96,144.30,1.0000,-1,-1,-1
1025,172,930.34,109.19,61.40,125.79,1.0000,-1,-1,-1
1025,173,1085.06,248.05,75.19,132.05,1.0000,-1,-1,-1
1025,176,415.91,392.40,76.38,151.73,1.0000,-1,-1,-1
1025,177,518.48,302.02,81.18,162.29,1.0000,-1,-1,-1
1026,154,657.14,159.83,81.47,136.08,1.0000,-1,-1,-1
1026,156,425.94,309.73,73.16,178.68,1.0000,-1,-1,-1
1026,162,321.47,427.93,72.53,178.80,1.0000,-1,-1,-1
1026,164,945.65,472.69,82.76,145.33,1.0000,-1,-1,-1
1026,168,947.36,513.58,44.72,89.86,1.0000,-1,-1,-1
1026,170,941.33,250.23,75.97,154.98,1.0000,-1,-1,-1
1026,171,857.27,76.87,54.90,144.13,1.0000,-1,-1,-1
1026,172,920.93,108.86,61.20,125.38,1.0000,-1,-1,-1
1026,173,1080.73,247.91,75.46,131.24,1.0000,-1,-1,-1
1026,176,414.59,391.56,75.56,151.51,1.0000,-1,-1,-1
1026,177,514.47,300.12,81.34,162.62,1.0000,-1,-1,-1
1027,154,653.21,158.91,81.61,136.32,1.0000,-1,-1,-1
1027,156,418.66,309.61,72.99,178.27,1.0000,-1,-1,-1
1027,162,316.25,425.41,69.97,178.57,1.0000,-1,-1,-1
1027,164,930.66,470.77,101.78,147.70,1.0000,-1,-1,-1
1027,168,948.14,516.06,42.99,86.37,1.0000,-1,-1,-1
1027,170,948.71,251.31,74.71,154.50,1.0000,-1,-1,-1
1027,171,851.63,75.71,54.83,143.96,1.0000,-1,-1,-1
1027,172,911.52,108.52,61.00,124.98,1.0000,-1,-1,-1
1027,173,1075.41,246.48,75.61,131.50,1.0000,-1,-1,-1
1027,176,413.14,389.25,74.78,150.49,1.0000,-1,-1,-1
1027,177,510.45,298.22,81.51,162.95,1.0000,-1,-1,-1
1028,154,649.27,157.98,81.75,136.55,1.0000,-1,-1,-1
1028,156,411.39,309.48,72.81,177.85,1.0000,-1,-1,-1
1028,162,311.54,424.49,70.01,178.68,1.0000,-1,-1,-1
1028,164,925.79,471.07,111.49,149.32,1.0000,-1,-1,-1
1028,168,948.96,518.61,41.18,82.73,1.0000,-1,-1,-1
1028,170,951.66,251.76,72.00,153.50,1.0000,-1,-1,-1
1028,171,843.96,82.72,58.78,130.36,1.0000,-1,-1,-1
1028,172,902.12,108.18,60.80,124.57,1.0000,-1,-1,-1
1028,173,1070.09,245.04,75.76,131.76,1.0000,-1,-1,-1
1028,176,411.21,387.82,73.44,149.98,1.0000,-1,-1,-1
1028,177,506.44,296.33,81.67,163.28,1.0000,-1,-1,-1
1029,154,645.34,157.05,81.89,136.79,1.0000,-1,-1,-1
1029,156,404.12,309.36,72.64,177.43,1.0000,-1,-1,-1
1029,162,306.84,423.58,70.06,178.78,1.0000,-1,-1,-1
1029,164,925.87,469.04,116.86,150.29,1.0000,-1,-1,-1
1029,168,949.82,521.24,39.28,78.93,1.0000,-1,-1,-1
1029,170,952.96,252.07,69.34,152.69,1.0000,-1,-1,-1
1029,171,837.32,83.65,61.84,126.32,1.0000,-1,-1,-1
1029,172,892.71,107.85,60.61,124.16,1.0000,-1,-1,-1
1029,173,1064.77,243.61,75.91,132.02,1.0000,-1,-1,-1
1029,176,409.29,386.48,72.94,148.96,1.0000,-1,-1,-1
1029,177,502.42,294.43,81.84,163.61,1.0000,-1,-1,-1
1030,154,641.40,156.13,82.04,137.03,1.0000,-1,-1,-1
1030,156,396.84,309.24,72.47,177.01,1.0000,-1,-1,-1
1030,162,302.13,422.66,70.10,178.89,1.0000,-1,-1,-1
1030,164,925.60,467.37,121.96,150.96,1.0000,-1,-1,-1
1030,168,950.72,523.98,37.29,74.93,1.0000,-1,-1,-1
1030,170,952.54,251.83,66.92,151.70,1.0000,-1,-1,-1
1030,171,832.02,84.70,64.15,123.41,1.0000,-1,-1,-1
1030,172,883.30,107.51,60.41,123.76,1.0000,-1,-1,-1
1030,173,1059.45,242.18,76.06,132.28,1.0000,-1,-1,-1
1030,176,407.37,385.14,72.44,147.93,1.0000,-1,-1,-1
1030,177,498.41,292.54,82.00,163.94,1.0000,-1,-1,-1
1031,154,637.46,155.20,82.18,137.27,1.0000,-1,-1,-1
1031,156,389.57,309.13,72.30,176.59,1.0000,-1,-1,-1
1031,162,297.42,421.74,70.14,179.00,1.0000,-1,-1,-1
1031,164,924.97,465.94,126.97,151.28,1.0000,-1,-1,-1
1031,168,951.68,526.82,35.19,70.71,1.0000,-1,-1,-1
1031,170,951.71,251.71,66.85,151.53,1.0000,-1,-1,-1
1031,171,825.79,84.64,66.70,121.41,1.0000,-1,-1,-1
1031,172,873.89,107.18,60.21,123.34,1.0000,-1,-1,-1
1031,173,1054.13,240.75,76.21,132.54,1.0000,-1,-1,-1
1031,176,405.36,385.66,72.83,150.51,1.0000,-1,-1,-1
1031,177,494.39,290.64,82.17,164.27,1.0000,-1,-1,-1
1032,154,633.53,154.28,82.32,137.50,1.0000,-1,-1,-1
1032,156,382.30,309.01,72.12,176.16,1.0000,-1,-1,-1
1032,162,292.71,420.82,70.18,179.11,1.0000,-1,-1,-1
1032,164,931.87,463.45,130.20,151.20,1.0000,-1,-1,-1
1032,168,952.71,529.80,32.95,66.21,1.0000,-1,-1,-1
1032,170,950.88,251.59,66.77,151.36,1.0000,-1,-1,-1
1032,171,818.85,84.86,68.36,120.15,1.0000,-1,-1,-1
1032,172,864.49,106.85,60.00,122.93,1.0000,-1,-1,-1
1032,173,1048.81,239.32,76.36,132.80,1.0000,-1,-1,-1
1032,176,403.33,381.46,72.64,150.42,1.0000,-1,-1,-1
1032,177,490.38,288.75,82.33,164.59,1.0000,-1,-1,-1
1033,154,629.59,153.35,82.46,137.74,1.0000,-1,-1,-1
1033,156,375.02,308.89,71.95,175.74,1.0000,-1,-1,-1
1033,162,288.01,419.90,70.23,179.22,1.0000,-1,-1,-1
1033,164,931.27,462.53,130.32,151.33,1.0000,-1,-1,-1
1033,168,953.83,532.94,30.55,61.39,1.0000,-1,-1,-1
1033,170,942.41,247.43,71.57,150.65,1.0000,-1,-1,-1
1033,171,813.36,83.86,68.34,120.10,1.0000,-1,-1,-1
1033,172,855.08,106.51,59.80,122.52,1.0000,-1,-1,-1
1033,173,1043.49,237.88,76.51,133.06,1.0000,-1,-1,-1
1033,176,402.20,379.74,72.50,150.69,1.0000,-1,-1,-1
1033,177,486.36,286.86,82.49,164.92,1.0000,-1,-1,-1
1034,154,625.66,152.43,82.60,137.97,1.0000,-1,-1,-1
1034,156,367.75,308.77,71.78,175.31,1.0000,-1,-1,-1
1034,162,283.30,418.99,70.27,179.33,1.0000,-1,-1,-1
1034,164,943.81,458.82,131.69,151.08,1.0000,-1,-1,-1
1034,168,955.04,536.29,27.95,56.16,1.0000,-1,-1,-1
1034,170,941.76,246.39,73.06,149.84,1.0000,-1,-1,-1
1034,171,807.85,85.19,68.43,118.05,1.0000,-1,-1,-1
1034,172,845.68,106.18,59.60,122.11,1.0000,-1,-1,-1
1034,173,1046.71,238.25,77.59,129.96,1.0000,-1,-1,-1
1034,176,401.03,378.84,72.41,150.71,1.0000,-1,-1,-1
1034,177,507.89,291.94,65.95,146.15,1.0000,-1,-1,-1
1035,154,621.72,151.50,82.74,138.21,1.0000,-1,-1,-1
1035,156,360.48,308.65,71.60,174.89,1.0000,-1,-1,-1
1035,162,278.59,418.07,70.31,179.44,1.0000,-1,-1,-1
1035,164,953.83,457.08,129.56,151.83,1.0000,-1,-1,-1
1035,168,956.39,539.91,25.08,50.38,1.0000,-1,-1,-1
1035,170,940.57,245.75,73.06,149.85,1.0000,-1,-1,-1
1035,171,803.97,85.81,67.65,116.66,1.0000,-1,-1,-1
1035,172,836.27,105.85,59.40,121.69,1.0000,-1,-1,-1
1035,173,1045.03,238.68,75.54,128.30,1.0000,-1,-1,-1
1035,176,399.30,377.01,73.25,150.77,1.0000,-1,-1,-1
1035,177,508.08,291.41,62.06,144.05,1.0000,-1,-1,-1
1036,154,617.79,150.58,82.88,138.44,1.0000,-1,-1,-1
1036,156,353.21,308.54,71.43,174.46,1.0000,-1,-1,-1
1036,162,295.01,411.73,65.49,178.29,1.0000,-1,-1,-1
1036,164,958.34,454.20,129.31,152.17,1.0000,-1,-1,-1
1036,168,957.92,543.90,21.83,43.86,1.0000,-1,-1,-1
1036,170,939.95,244.56,70.73,148.85,1.0000,-1,-1,-1
1036,171,798.61,85.04,67.58,116.55,1.0000,-1,-1,-1
1036,172,826.87,105.52,59.19,121.27,1.0000,-1,-1,-1
1036,173,1040.86,237.50,74.23,127.94,1.0000,-1,-1,-1
1036,176,397.72,376.23,74.26,150.34,1.0000,-1,-1,-1
1036,177,505.34,290.03,61.69,143.38,1.0000,-1,-1,-1
1037,154,613.86,149.65,83.02,138.68,1.0000,-1,-1,-1
1037,156,345.94,308.42,71.25,174.03,1.0000,-1,-1,-1
1037,162,294.31,410.85,63.99,176.28,1.0000,-1,-1,-1
1037,164,957.28,449.42,125.23,154.19,1.0000,-1,-1,-1
1037,168,959.75,548.48,18.00,36.17,1.0000,-1,-1,-1
1037,170,938.73,243.86,70.70,148.78,1.0000,-1,-1,-1
1037,171,793.25,84.27,67.52,116.44,1.0000,-1,-1,-1
1037,172,817.46,105.19,58.99,120.85,1.0000,-1,-1,-1
1037,173,1034.13,236.37,75.84,128.38,1.0000,-1,-1,-1
1037,176,396.05,374.32,76.39,148.99,1.0000,-1,-1,-1
1037,177,504.26,288.44,59.69,142.65,1.0000,-1,-1,-1
1037,179,916.30,424.75,50.84,155.21,1.0000,-1,-1,-1
1038,154,609.92,148.73,83.16,138.91,1.0000,-1,-1,-1
1038,156,338.66,308.31,71.08,173.61,1.0000,-1,-1,-1
1038,162,293.40,410.63,63.72,174.73,1.0000,-1,-1,-1
1038,164,957.89,446.19,122.01,156.44,1.0000,-1,-1,-1
1038,168,962.11,554.13,13.10,26.33,1.0000,-1,-1,-1
1038,170,937.52,243.16,70.66,148.72,1.0000,-1,-1,-1
1038,171,787.89,83.50,67.46,116.33,1.0000,-1,-1,-1
1038,172,808.06,104.86,58.79,120.43,1.0000,-1,-1,-1
1038,173,1030.18,234.46,75.42,129.60,1.0000,-1,-1,-1
1038,176,395.07,374.03,79.18,148.05,1.0000,-1,-1,-1
1038,177,504.08,286.67,57.86,142.76,1.0000,-1,-1,-1
1038,179,912.80,419.92,49.61,153.46,1.0000,-1,-1,-1
1039,154,605.99,147.80,83.30,139.14,1.0000,-1,-1,-1
1039,156,331.39,308.19,70.90,173.18,1.0000,-1,-1,-1
1039,162,291.55,410.47,64.51,173.78,1.0000,-1,-1,-1
1039,164,961.11,443.85,118.26,157.62,1.0000,-1,-1,-1
1039,168,966.38,563.62,4.39,8.82,1.0000,-1,-1,-1
1039,170,929.44,245.06,69.99,145.61,1.0000,-1,-1,-1
1039,171,782.53,82.73,67.39,116.22,1.0000,-1,-1,-1
1039,172,798.65,104.53,58.58,120.01,1.0000,-1,-1,-1
1039,173,1026.61,233.47,73.32,130.22,1.0000,-1,-1,-1
1039,176,393.55,373.62,81.49,147.41,1.0000,-1,-1,-1
1039,177,503.09,285.95,57.23,142.09,1.0000,-1,-1,-1
1039,179,909.10,413.44,49.45,149.29,1.0000,-1,-1,-1
1040,154,602.05,146.88,83.44,139.38,1.0000,-1,-1,-1
1040,156,324.12,308.08,70.73,172.74,1.0000,-1,-1,-1
1040,162,289.65,410.91,65.56,172.57,1.0000,-1,-1,-1
1040,164,965.36,441.10,115.41,156.31,1.0000,-1,-1,-1
1040,168,966.29,564.35,4.39,8.82,1.0000,-1,-1,-1
1040,170,927.98,246.19,72.83,144.52,1.0000,-1,-1,-1
1040,171,777.17,81.96,67.33,116.11,1.0000,-1,-1,-1
1040,173,1023.27,233.29,72.21,130.82,1.0000,-1,-1,-1
1040,176,392.21,373.71,83.67,146.71,1.0000,-1,-1,-1
1040,177,501.03,284.99,56.56,140.44,1.0000,-1,-1,-1
1040,179,905.83,407.58,49.77,147.01,1.0000,-1,-1,-1
1041,154,598.12,145.96,83.58,139.61,1.0000,-1,-1,-1
1041,156,316.85,307.96,70.55,172.31,1.0000,-1,-1,-1
1041,162,287.80,410.89,66.38,171.71,1.0000,-1,-1,-1
1041,164,969.80,438.85,115.39,154.37,1.0000,-1,-1,-1
1041,168,966.20,565.08,4.39,8.82,1.0000,-1,-1,-1
1041,170,927.58,247.26,76.03,144.75,1.0000,-1,-1,-1
1041,171,771.81,81.19,67.26,116.00,1.0000,-1,-1,-1
1041,173,1019.55,232.59,70.89,131.56,1.0000,-1,-1,-1
1041,176,390.74,373.96,85.36,146.09,1.0000,-1,-1,-1
1041,177,498.98,284.05,55.89,138.76,1.0000,-1,-1,-1
1041,179,900.98,403.84,51.15,146.69,1.0000,-1,-1,-1
1042,154,594.19,145.03,83.72,139.84,1.0000,-1,-1,-1
1042,156,309.58,307.85,70.37,171.88,1.0000,-1,-1,-1
1042,162,284.34,411.37,66.80,170.74,1.0000,-1,-1,-1
1042,164,971.30,436.96,115.41,154.40,1.0000,-1,-1,-1
1042,168,966.11,565.81,4.39,8.82,1.0000,-1,-1,-1
1042,170,925.21,248.25,79.67,144.66,1.0000,-1,-1,-1
1042,171,766.45,80.42,67.20,115.89,1.0000,-1,-1,-1
1042,173,1014.54,231.32,69.73,132.46,1.0000,-1,-1,-1
1042,176,386.06,373.93,87.42,145.82,1.0000,-1,-1,-1
1042,177,496.79,285.26,56.71,140.76,1.0000,-1,-1,-1
1042,179,894.87,398.28,51.17,142.90,1.0000,-1,-1,-1
1043,154,590.25,144.11,83.86,140.07,1.0000,-1,-1,-1
1043,156,302.31,307.74,70.19,171.44,1.0000,-1,-1,-1
1043,162,281.56,412.16,67.50,169.66,1.0000,-1,-1,-1
1043,164,972.80,435.07,115.43,154.42,1.0000,-1,-1,-1
1043,168,966.02,566.55,4.39,8.82,1.0000,-1,-1,-1
1043,170,923.32,248.74,81.92,144.17,1.0000,-1,-1,-1
1043,171,761.09,79.65,67.14,115.78,1.0000,-1,-1,-1
1043,173,1012.29,229.92,68.45,133.21,1.0000,-1,-1,-1
1043,176,383.60,373.90,88.80,145.66,1.0000,-1,-1,-1
1043,177,494.62,285.63,55.94,141.55,1.0000,-1,-1,-1
1043,179,889.45,395.19,52.59,140.10,1.0000,-1,-1,-1
1044,156,295.04,307.62,70.01,171.01,1.0000,-1,-1,-1
1044,162,280.25,412.96,68.78,169.19,1.0000,-1,-1,-1
1044,164,997.90,437.54,109.91,158.14,1.0000,-1,-1,-1
1044,168,965.93,567.28,4.39,8.82,1.0000,-1,-1,-1
1044,170,919.17,249.49,84.37,143.82,1.0000,-1,-1,-1
1044,171,737.57,72.86,62.77,125.77,1.0000,-1,-1,-1
1044,173,1009.61,228.63,67.80,134.58,1.0000,-1,-1,-1
1044,176,380.63,373.36,89.32,145.94,1.0000,-1,-1,-1
1044,177,491.15,285.67,56.08,142.56,1.0000,-1,-1,-1
1044,179,885.39,393.46,53.17,138.14,1.0000,-1,-1,-1
1045,156,287.77,307.51,69.84,170.57,1.0000,-1,-1,-1
1045,162,278.04,413.79,69.59,168.48,1.0000,-1,-1,-1
1045,164,1006.94,435.55,105.62,159.37,1.0000,-1,-1,-1
1045,168,965.85,568.01,4.39,8.82,1.0000,-1,-1,-1
1045,170,916.44,250.49,85.61,142.95,1.0000,-1,-1,-1
1045,171,730.87,72.02,62.72,125.68,1.0000,-1,-1,-1
1045,173,1006.13,226.56,67.01,136.94,1.0000,-1,-1,-1
1045,176,378.42,372.55,90.10,146.22,1.0000,-1,-1,-1
1045,177,488.98,285.30,55.51,141.13,1.0000,-1,-1,-1
1045,179,881.85,392.12,53.58,136.58,1.0000,-1,-1,-1
1046,156,280.50,307.40,69.66,170.13,1.0000,-1,-1,-1
1046,162,276.12,414.49,70.02,168.03,1.0000,-1,-1,-1
1046,164,1011.76,434.26,105.54,161.46,1.0000,-1,-1,-1
1046,168,965.76,568.74,4.39,8.82,1.0000,-1,-1,-1
1046,170,914.73,250.68,86.60,142.54,1.0000,-1,-1,-1
1046,171,729.02,70.86,61.31,130.76,1.0000,-1,-1,-1
1046,173,1003.46,225.04,65.16,138.85,1.0000,-1,-1,-1
1046,176,378.65,371.86,89.35,146.42,1.0000,-1,-1,-1
1046,177,486.78,285.06,55.70,141.19,1.0000,-1,-1,-1
1046,179,879.45,391.53,53.28,137.68,1.0000,-1,-1,-1
1047,162,273.07,415.14,69.46,167.90,1.0000,-1,-1,-1
1047,164,1014.47,433.84,108.90,163.26,1.0000,-1,-1,-1
1047,170,909.12,250.44,87.51,142.91,1.0000,-1,-1,-1
1047,171,722.96,68.69,61.90,134.37,1.0000,-1,-1,-1
1047,173,998.76,223.55,63.40,140.47,1.0000,-1,-1,-1
1047,176,383.28,371.02,84.25,146.42,1.0000,-1,-1,-1
1047,177,484.63,284.74,55.15,139.81,1.0000,-1,-1,-1
1047,179,875.25,389.22,53.57,140.88,1.0000,-1,-1,-1
1048,162,271.02,415.69,69.10,168.00,1.0000,-1,-1,-1
1048,164,1017.14,433.47,110.68,164.59,1.0000,-1,-1,-1
1048,170,906.74,250.44,87.58,143.50,1.0000,-1,-1,-1
1048,171,716.64,68.02,61.89,134.35,1.0000,-1,-1,-1
1048,173,996.29,223.27,62.51,141.59,1.0000,-1,-1,-1
1048,176,388.09,369.73,78.02,146.25,1.0000,-1,-1,-1
1048,177,482.48,284.43,54.60,138.41,1.0000,-1,-1,-1
1048,179,871.30,385.07,53.49,140.66,1.0000,-1,-1,-1
1049,162,269.22,416.06,68.98,168.14,1.0000,-1,-1,-1
1049,164,1020.11,432.59,113.99,165.65,1.0000,-1,-1,-1
1049,170,904.64,250.06,87.73,143.99,1.0000,-1,-1,-1
1049,171,710.31,67.35,61.88,134.34,1.0000,-1,-1,-1
1049,173,992.28,221.05,61.08,143.25,1.0000,-1,-1,-1
1049,176,390.95,369.81,73.27,145.09,1.0000,-1,-1,-1
1049,177,480.34,284.13,54.04,137.00,1.0000,-1,-1,-1
1049,179,864.86,384.42,54.58,144.13,1.0000,-1,-1,-1
1050,162,267.26,415.38,68.11,167.82,1.0000,-1,-1,-1
1050,164,1023.54,431.08,116.77,165.83,1.0000,-1,-1,-1
1050,170,901.98,249.99,88.38,144.59,1.0000,-1,-1,-1
1050,171,703.99,66.68,61.88,134.32,1.0000,-1,-1,-1
1050,173,989.18,218.13,59.39,145.24,1.0000,-1,-1,-1
1050,176,390.29,369.11,73.03,144.60,1.0000,-1,-1,-1
1050,177,474.98,286.01,54.17,140.91,1.0000,-1,-1,-1
1050,179,860.67,380.69,54.61,144.21,1.0000,-1,-1,-1
1051,162,265.28,415.19,67.77,167.54,1.0000,-1,-1,-1
1051,164,1027.26,429.53,117.57,167.14,1.0000,-1,-1,-1
1051,170,898.90,250.26,90.21,145.62,1.0000,-1,-1,-1
1051,171,697.67,66.02,61.87,134.31,1.0000,-1,-1,-1
1051,173,984.64,216.31,59.11,147.54,1.0000,-1,-1,-1
1051,176,389.63,368.41,72.78,144.10,1.0000,-1,-1,-1
1051,177,472.59,284.31,54.55,142.75,1.0000,-1,-1,-1
1051,179,858.27,378.48,55.65,146.17,1.0000,-1,-1,-1
1052,162,262.66,415.62,67.53,167.46,1.0000,-1,-1,-1
1052,164,1037.71,428.52,113.39,168.31,1.0000,-1,-1,-1
1052,170,895.70,248.64,89.63,146.76,1.0000,-1,-1,-1
1052,171,691.34,65.35,61.86,134.30,1.0000,-1,-1,-1
1052,173,978.71,211.14,57.95,149.13,1.0000,-1,-1,-1
1052,176,388.97,367.71,72.53,143.61,1.0000,-1,-1,-1
1052,177,468.49,282.83,55.59,141.92,1.0000,-1,-1,-1
1052,179,854.27,374.90,55.74,146.41,1.0000,-1,-1,-1
1053,162,260.05,415.85,66.53,167.20,1.0000,-1,-1,-1
1053,164,1044.87,426.08,109.58,170.15,1.0000,-1,-1,-1
1053,170,892.63,247.88,88.53,147.60,1.0000,-1,-1,-1
1053,171,685.02,64.68,61.86,134.28,1.0000,-1,-1,-1
1053,173,973.81,206.68,57.72,150.29,1.0000,-1,-1,-1
1053,176,388.31,367.01,72.27,143.11,1.0000,-1,-1,-1
1053,177,465.92,282.05,56.46,140.84,1.0000,-1,-1,-1
1053,179,850.26,371.33,55.83,146.66,1.0000,-1,-1,-1
1054,162,257.35,416.41,65.90,167.26,1.0000,-1,-1,-1
1054,164,1046.13,420.21,109.02,174.34,1.0000,-1,-1,-1
1054,170,889.86,246.81,88.03,148.02,1.0000,-1,-1,-1
1054,171,678.69,64.02,61.85,134.27,1.0000,-1,-1,-1
1054,173,969.49,203.91,57.13,151.66,1.0000,-1,-1,-1
1054,176,387.66,366.31,72.02,142.61,1.0000,-1,-1,-1
1054,177,464.10,280.69,57.06,140.59,1.0000,-1,-1,-1
1054,179,846.26,367.76,55.93,146.90,1.0000,-1,-1,-1
1055,162,254.35,416.60,64.95,166.95,1.0000,-1,-1,-1
1055,164,1050.19,418.94,109.08,174.44,1.0000,-1,-1,-1
1055,170,886.71,246.00,88.14,148.75,1.0000,-1,-1,-1
1055,171,672.37,63.35,61.84,134.25,1.0000,-1,-1,-1
1055,173,965.27,202.63,57.27,151.52,1.0000,-1,-1,-1
1055,176,387.00,365.61,71.77,142.11,1.0000,-1,-1,-1
1055,177,461.47,279.63,57.33,140.40,1.0000,-1,-1,-1
1055,179,842.25,364.18,56.02,147.15,1.0000,-1,-1,-1
1056,162,252.80,416.74,64.23,166.78,1.0000,-1,-1,-1
1056,164,1048.38,411.56,108.98,179.42,1.0000,-1,-1,-1
1056,170,884.62,244.35,88.36,149.75,1.0000,-1,-1,-1
1056,171,666.05,62.68,61.83,134.24,1.0000,-1,-1,-1
1056,173,962.12,201.31,56.65,152.48,1.0000,-1,-1,-1
1056,176,386.34,364.91,71.51,141.60,1.0000,-1,-1,-1
1056,177,459.37,279.49,57.28,140.02,1.0000,-1,-1,-1
1056,179,838.25,360.61,56.11,147.39,1.0000,-1,-1,-1
1057,162,248.62,417.80,63.78,166.61,1.0000,-1,-1,-1
1057,164,1052.11,416.64,107.85,178.18,1.0000,-1,-1,-1
1057,170,882.06,241.46,87.32,150.36,1.0000,-1,-1,-1
1057,171,659.72,62.01,61.83,134.22,1.0000,-1,-1,-1
1057,173,956.64,199.01,57.28,155.17,1.0000,-1,-1,-1
1057,176,385.69,364.22,71.26,141.10,1.0000,-1,-1,-1
1057,177,457.06,279.13,56.89,139.06,1.0000,-1,-1,-1
1057,179,834.24,357.04,56.20,147.63,1.0000,-1,-1,-1
1058,162,246.00,418.60,63.37,166.59,1.0000,-1,-1,-1
1058,164,1058.20,420.04,104.96,176.33,1.0000,-1,-1,-1
1058,170,877.92,238.99,86.11,151.46,1.0000,-1,-1,-1
1058,171,653.40,61.35,61.82,134.21,1.0000,-1,-1,-1
1058,173,952.35,197.78,57.39,156.81,1.0000,-1,-1,-1
1058,176,385.03,363.52,71.00,140.59,1.0000,-1,-1,-1
1058,177,452.52,278.53,58.07,139.54,1.0000,-1,-1,-1
1058,179,830.24,353.47,56.30,147.88,1.0000,-1,-1,-1
1059,162,243.39,419.38,62.71,166.77,1.0000,-1,-1,-1
1059,164,1057.66,419.62,98.89,176.16,1.0000,-1,-1,-1
1059,170,874.53,236.89,85.00,151.64,1.0000,-1,-1,-1
1059,171,647.08,60.68,61.81,134.19,1.0000,-1,-1,-1
1059,173,948.59,197.18,57.53,158.59,1.0000,-1,-1,-1
1059,176,384.38,362.83,70.75,140.08,1.0000,-1,-1,-1
1059,177,449.46,278.29,58.94,139.74,1.0000,-1,-1,-1
1059,179,844.39,352.87,60.67,139.63,1.0000,-1,-1,-1
1060,162,241.10,419.70,62.47,166.63,1.0000,-1,-1,-1
1060,164,1057.35,419.12,95.21,175.52,1.0000,-1,-1,-1
1060,170,870.49,236.25,84.98,151.06,1.0000,-1,-1,-1
1060,171,640.75,60.01,61.81,134.18,1.0000,-1,-1,-1
1060,173,945.28,196.65,56.96,160.07,1.0000,-1,-1,-1
1060,176,383.72,362.14,70.49,139.57,1.0000,-1,-1,-1
1060,177,447.00,277.96,58.59,138.92,1.0000,-1,-1,-1
1060,179,841.89,352.19,64.89,138.28,1.0000,-1,-1,-1
1061,162,239.06,419.71,62.30,166.34,1.0000,-1,-1,-1
1061,164,1061.93,420.15,90.52,174.39,1.0000,-1,-1,-1
1061,170,867.73,236.78,84.63,149.64,1.0000,-1,-1,-1
1061,171,634.43,59.34,61.80,134.16,1.0000,-1,-1,-1
1061,173,943.22,196.11,56.33,160.63,1.0000,-1,-1,-1
1061,176,383.07,361.44,70.23,139.06,1.0000,-1,-1,-1
1061,177,447.37,278.62,58.04,139.30,1.0000,-1,-1,-1
1061,179,839.96,352.94,70.45,136.68,1.0000,-1,-1,-1
1062,162,235.04,419.97,62.50,166.37,1.0000,-1,-1,-1
1062,164,1058.32,413.94,90.89,173.36,1.0000,-1,-1,-1
1062,170,862.57,236.28,82.58,147.58,1.0000,-1,-1,-1
1062,171,628.11,58.68,61.79,134.15,1.0000,-1,-1,-1
1062,173,939.76,195.18,55.32,160.69,1.0000,-1,-1,-1
1062,176,382.42,360.75,69.97,138.54,1.0000,-1,-1,-1
1062,177,443.41,278.26,58.10,140.50,1.0000,-1,-1,-1
1062,179,837.13,353.87,75.97,135.55,1.0000,-1,-1,-1
1063,162,232.32,420.26,62.53,166.26,1.0000,-1,-1,-1
1063,164,1060.31,412.86,90.83,173.25,1.0000,-1,-1,-1
1063,170,859.87,235.22,80.37,146.24,1.0000,-1,-1,-1
1063,171,621.78,58.01,61.79,134.13,1.0000,-1,-1,-1
1063,173,936.26,192.71,53.50,160.63,1.0000,-1,-1,-1
1063,176,381.76,360.06,69.71,138.03,1.0000,-1,-1,-1
1063,177,441.21,277.87,58.22,141.34,1.0000,-1,-1,-1
1063,179,834.81,353.68,79.09,135.38,1.0000,-1,-1,-1
1064,162,229.92,419.72,62.66,166.02,1.0000,-1,-1,-1
1064,164,1051.92,412.70,98.10,171.45,1.0000,-1,-1,-1
1064,170,856.64,234.33,80.42,146.31,1.0000,-1,-1,-1
1064,171,615.46,57.34,61.78,134.12,1.0000,-1,-1,-1
1064,173,932.18,191.59,52.57,161.07,1.0000,-1,-1,-1
1064,176,381.11,359.37,69.45,137.51,1.0000,-1,-1,-1
1064,177,439.12,276.83,57.91,142.06,1.0000,-1,-1,-1
1064,179,833.54,352.41,80.47,135.38,1.0000,-1,-1,-1
1065,162,227.57,419.57,62.79,166.08,1.0000,-1,-1,-1
1065,164,1053.31,411.59,98.08,171.42,1.0000,-1,-1,-1
1065,170,853.41,233.43,80.46,146.39,1.0000,-1,-1,-1
1065,171,609.13,56.68,61.77,134.10,1.0000,-1,-1,-1
1065,173,929.27,189.36,51.14,161.45,1.0000,-1,-1,-1
1065,176,380.46,358.68,69.18,136.99,1.0000,-1,-1,-1
1065,177,436.31,274.18,58.48,142.68,1.0000,-1,-1,-1
1065,179,831.64,349.64,80.91,136.12,1.0000,-1,-1,-1
1066,162,225.79,419.04,62.96,165.39,1.0000,-1,-1,-1
1066,164,1054.70,410.47,98.06,171.38,1.0000,-1,-1,-1
1066,170,850.18,232.54,80.50,146.46,1.0000,-1,-1,-1
1066,171,602.81,56.01,61.77,134.09,1.0000,-1,-1,-1
1066,173,926.11,188.21,49.62,161.25,1.0000,-1,-1,-1
1066,176,379.81,358.00,68.92,136.47,1.0000,-1,-1,-1
1066,177,433.39,272.19,59.19,141.34,1.0000,-1,-1,-1
1066,179,829.74,346.86,81.34,136.85,1.0000,-1,-1,-1
1066,180,671.46,482.42,45.00,99.52,1.0000,-1,-1,-1
1067,162,222.96,419.81,62.71,165.11,1.0000,-1,-1,-1
1067,164,1064.51,409.58,101.38,169.50,1.0000,-1,-1,-1
1067,170,846.94,231.64,80.54,146.54,1.0000,-1,-1,-1
1067,171,596.49,55.34,61.76,134.07,1.0000,-1,-1,-1
1067,173,920.48,184.38,48.69,160.10,1.0000,-1,-1,-1
1067,176,353.60,367.10,62.98,146.04,1.0000,-1,-1,-1
1067,177,431.05,271.69,58.91,140.66,1.0000,-1,-1,-1
1067,179,827.85,344.09,81.78,137.59,1.0000,-1,-1,-1
1067,180,675.80,482.81,45.47,99.07,1.0000,-1,-1,-1
1068,162,221.37,419.76,61.74,165.24,1.0000,-1,-1,-1
1068,164,1069.93,409.41,100.38,168.74,1.0000,-1,-1,-1
1068,170,843.71,230.75,80.58,146.61,1.0000,-1,-1,-1
1068,171,590.16,54.67,61.75,134.06,1.0000,-1,-1,-1
1068,173,916.84,181.02,48.09,159.30,1.0000,-1,-1,-1
1068,176,353.55,365.78,60.57,148.11,1.0000,-1,-1,-1
1068,177,428.70,271.19,58.62,139.98,1.0000,-1,-1,-1
1068,179,847.17,336.57,76.75,145.28,1.0000,-1,-1,-1
1068,180,679.60,484.08,43.81,95.45,1.0000,-1,-1,-1
1069,162,219.34,419.43,60.96,165.34,1.0000,-1,-1,-1
1069,164,1076.05,409.71,98.91,168.68,1.0000,-1,-1,-1
1069,170,840.48,229.85,80.62,146.68,1.0000,-1,-1,-1
1069,171,583.84,54.01,61.75,134.04,1.0000,-1,-1,-1
1069,173,913.07,179.43,47.56,158.04,1.0000,-1,-1,-1
1069,176,351.60,365.86,60.30,147.46,1.0000,-1,-1,-1
1069,177,426.36,270.69,58.34,139.30,1.0000,-1,-1,-1
1069,179,846.79,333.70,77.13,146.01,1.0000,-1,-1,-1
1069,180,683.44,485.41,42.08,91.68,1.0000,-1,-1,-1
1070,162,216.58,419.28,60.65,165.45,1.0000,-1,-1,-1
1070,164,1081.86,409.53,96.16,168.88,1.0000,-1,-1,-1
1070,170,837.25,228.96,80.66,146.76,1.0000,-1,-1,-1
1070,171,577.52,53.34,61.74,134.03,1.0000,-1,-1,-1
1070,173,909.56,181.12,47.28,156.01,1.0000,-1,-1,-1
1070,176,349.66,365.95,60.04,146.82,1.0000,-1,-1,-1
1070,177,424.02,270.19,58.05,138.61,1.0000,-1,-1,-1
1070,179,846.42,330.83,77.51,146.73,1.0000,-1,-1,-1
1070,180,687.31,486.83,40.28,87.76,1.0000,-1,-1,-1
1071,162,214.24,419.50,60.05,165.87,1.0000,-1,-1,-1
1071,164,1084.35,408.91,94.51,169.15,1.0000,-1,-1,-1
1071,170,834.01,228.06,80.70,146.83,1.0000,-1,-1,-1
1071,171,571.19,52.67,61.73,134.01,1.0000,-1,-1,-1
1071,173,905.42,179.77,47.19,155.70,1.0000,-1,-1,-1
1071,176,347.71,366.03,59.77,146.17,1.0000,-1,-1,-1
1071,177,421.68,269.69,57.76,137.92,1.0000,-1,-1,-1
1071,179,846.04,327.96,77.89,147.45,1.0000,-1,-1,-1
1071,180,673.85,487.71,56.37,94.63,1.0000,-1,-1,-1
1072,162,210.23,419.69,59.59,166.83,1.0000,-1,-1,-1
1072,164,1085.22,406.69,94.60,168.95,1.0000,-1,-1,-1
1072,170,827.44,229.54,80.11,144.52,1.0000,-1,-1,-1
1072,171,564.87,52.00,61.72,134.00,1.0000,-1,-1,-1
1072,173,901.28,178.41,47.10,155.40,1.0000,-1,-1,-1
1072,176,345.76,366.12,59.51,145.52,1.0000,-1,-1,-1
1072,177,416.37,272.67,60.84,140.18,1.0000,-1,-1,-1
1072,179,858.30,338.70,74.58,146.39,1.0000,-1,-1,-1
1072,180,673.89,487.49,62.85,95.35,1.0000,-1,-1,-1
1073,162,207.46,419.69,59.59,167.63,1.0000,-1,-1,-1
1073,164,1084.88,403.62,90.75,168.58,1.0000,-1,-1,-1
1073,170,825.52,229.13,75.72,141.71,1.0000,-1,-1,-1
1073,171,558.55,51.34,61.72,133.98,1.0000,-1,-1,-1
1073,173,897.14,177.05,47.01,155.10,1.0000,-1,-1,-1
1073,176,343.81,366.21,59.24,144.86,1.0000,-1,-1,-1
1073,177,415.81,272.99,60.18,141.27,1.0000,-1,-1,-1
1073,179,859.29,340.02,75.74,146.02,1.0000,-1,-1,-1
1073,180,676.85,488.25,61.68,93.57,1.0000,-1,-1,-1
1074,162,205.07,419.09,59.01,168.31,1.0000,-1,-1,-1
1074,164,1086.23,401.20,86.92,168.08,1.0000,-1,-1,-1
1074,170,823.07,229.57,74.86,140.51,1.0000,-1,-1,-1
1074,171,552.22,50.67,61.71,133.97,1.0000,-1,-1,-1
1074,173,893.00,175.69,46.92,154.80,1.0000,-1,-1,-1
1074,176,341.87,366.30,58.97,144.20,1.0000,-1,-1,-1
1074,177,415.11,273.57,59.59,142.78,1.0000,-1,-1,-1
1074,179,859.36,340.78,76.83,145.50,1.0000,-1,-1,-1
1074,180,679.83,489.02,60.49,91.76,1.0000,-1,-1,-1
1075,162,203.03,418.83,58.84,168.90,1.0000,-1,-1,-1
1075,164,1087.78,399.72,82.51,166.26,1.0000,-1,-1,-1
1075,170,821.02,229.00,74.66,141.09,1.0000,-1,-1,-1
1075,171,545.90,50.00,61.70,133.95,1.0000,-1,-1,-1
1075,173,888.86,174.34,46.82,154.49,1.0000,-1,-1,-1
1075,176,339.92,366.39,58.70,143.54,1.0000,-1,-1,-1
1075,177,412.68,273.95,58.45,143.52,1.0000,-1,-1,-1
1075,179,858.59,342.01,77.73,145.11,1.0000,-1,-1,-1
1075,180,682.82,489.82,59.27,89.91,1.0000,-1,-1,-1
1076,162,201.24,418.06,58.91,169.47,1.0000,-1,-1,-1
1076,164,1093.05,397.32,80.07,164.90,1.0000,-1,-1,-1
1076,170,817.31,228.53,76.32,143.15,1.0000,-1,-1,-1
1076,171,539.57,49.34,61.70,133.94,1.0000,-1,-1,-1
1076,173,884.72,172.98,46.73,154.19,1.0000,-1,-1,-1
1076,176,337.98,366.48,58.43,142.88,1.0000,-1,-1,-1
1076,177,410.42,274.11,58.22,142.95,1.0000,-1,-1,-1
1076,179,857.89,343.02,77.81,144.83,1.0000,-1,-1,-1
1076,180,685.82,490.63,58.03,88.03,1.0000,-1,-1,-1
1077,162,198.19,417.67,59.51,169.97,1.0000,-1,-1,-1
1077,164,1099.38,393.43,76.70,164.46,1.0000,-1,-1,-1
1077,170,811.83,226.65,76.99,144.28,1.0000,-1,-1,-1
1077,171,533.25,48.67,61.69,133.92,1.0000,-1,-1,-1
1077,173,880.58,171.63,46.64,153.88,1.0000,-1,-1,-1
1077,176,336.03,366.58,58.16,142.21,1.0000,-1,-1,-1
1077,177,408.17,274.27,57.98,142.38,1.0000,-1,-1,-1
1077,179,858.25,341.96,78.12,145.41,1.0000,-1,-1,-1
1077,180,688.84,491.47,56.76,86.10,1.0000,-1,-1,-1
1078,162,195.75,417.17,60.03,169.84,1.0000,-1,-1,-1
1078,164,1103.67,392.68,74.11,164.51,1.0000,-1,-1,-1
1078,170,808.34,224.52,78.64,144.86,1.0000,-1,-1,-1
1078,173,874.04,177.88,52.19,154.26,1.0000,-1,-1,-1
1078,176,334.09,366.67,57.88,141.54,1.0000,-1,-1,-1
1078,177,405.91,274.42,57.75,141.80,1.0000,-1,-1,-1
1078,179,858.61,340.91,78.44,146.00,1.0000,-1,-1,-1
1078,180,691.87,492.32,55.46,84.13,1.0000,-1,-1,-1
1079,162,193.25,416.81,60.68,170.58,1.0000,-1,-1,-1
1079,164,1107.25,392.51,72.85,164.48,1.0000,-1,-1,-1
1079,170,805.35,223.32,79.97,145.14,1.0000,-1,-1,-1
1079,173,869.47,177.02,53.21,154.41,1.0000,-1,-1,-1
1079,176,332.15,366.77,57.61,140.87,1.0000,-1,-1,-1
1079,177,403.65,274.58,57.51,141.22,1.0000,-1,-1,-1
1079,179,858.97,339.85,78.75,146.57,1.0000,-1,-1,-1
1079,180,716.10,486.98,48.40,91.02,1.0000,-1,-1,-1
1080,162,191.15,416.86,61.09,170.87,1.0000,-1,-1,-1
1080,164,1109.62,391.13,72.67,164.07,1.0000,-1,-1,-1
1080,170,801.48,222.28,79.99,145.29,1.0000,-1,-1,-1
1080,173,865.24,174.52,51.68,154.25,1.0000,-1,-1,-1
1080,176,330.20,366.87,57.33,140.19,1.0000,-1,-1,-1
1080,177,401.39,274.74,57.28,140.64,1.0000,-1,-1,-1
1080,179,859.33,338.80,79.06,147.15,1.0000,-1,-1,-1
1080,180,722.83,485.14,49.31,95.08,1.0000,-1,-1,-1
1080,181,517.39,133.80,56.33,124.69,1.0000,-1,-1,-1
1081,162,189.51,416.64,62.36,171.18,1.0000,-1,-1,-1
1081,164,1111.99,389.75,72.49,163.67,1.0000,-1,-1,-1
1081,170,796.69,220.84,79.11,146.18,1.0000,-1,-1,-1
1081,173,860.38,168.57,50.22,155.50,1.0000,-1,-1,-1
1081,176,328.26,366.97,57.05,139.51,1.0000,-1,-1,-1
1081,177,399.14,274.90,57.04,140.06,1.0000,-1,-1,-1
1081,179,859.70,337.74,79.37,147.73,1.0000,-1,-1,-1
1081,180,727.35,485.99,48.20,92.94,1.0000,-1,-1,-1
1081,181,511.09,133.92,58.50,123.94,1.0000,-1,-1,-1
1082,162,184.86,417.06,63.11,171.59,1.0000,-1,-1,-1
1082,164,1114.36,388.37,72.31,163.26,1.0000,-1,-1,-1
1082,170,789.94,218.94,76.05,146.96,1.0000,-1,-1,-1
1082,173,856.06,167.17,50.16,155.33,1.0000,-1,-1,-1
1082,176,326.32,367.07,56.77,138.83,1.0000,-1,-1,-1
1082,177,396.88,275.07,56.80,139.48,1.0000,-1,-1,-1
1082,179,860.06,336.69,79.68,148.30,1.0000,-1,-1,-1
1082,180,731.88,486.87,47.06,90.75,1.0000,-1,-1,-1
1082,181,501.28,133.88,62.17,123.84,1.0000,-1,-1,-1
1083,162,182.49,417.03,63.96,172.10,1.0000,-1,-1,-1
1083,164,1116.73,386.99,72.13,162.86,1.0000,-1,-1,-1
1083,170,786.45,217.53,72.55,148.01,1.0000,-1,-1,-1
1083,173,851.74,165.78,50.11,155.15,1.0000,-1,-1,-1
1083,176,324.38,367.18,56.49,138.15,1.0000,-1,-1,-1
1083,177,394.63,275.23,56.56,138.89,1.0000,-1,-1,-1
1083,179,860.43,335.64,79.98,148.87,1.0000,-1,-1,-1
1083,180,736.42,487.78,45.89,88.50,1.0000,-1,-1,-1
1083,181,494.29,134.14,65.56,123.69,1.0000,-1,-1,-1
1084,162,180.29,417.23,64.11,172.24,1.0000,-1,-1,-1
1084,164,1119.10,385.61,71.95,162.45,1.0000,-1,-1,-1
1084,170,783.38,214.78,68.08,148.43,1.0000,-1,-1,-1
1084,173,847.42,164.39,50.05,154.98,1.0000,-1,-1,-1
1084,176,322.44,367.28,56.21,137.46,1.0000,-1,-1,-1
1084,177,392.37,275.39,56.32,138.30,1.0000,-1,-1,-1
1084,179,860.79,334.59,80.29,149.44,1.0000,-1,-1,-1
1084,180,740.98,488.71,44.70,86.19,1.0000,-1,-1,-1
1084,181,490.52,133.19,68.23,124.87,1.0000,-1,-1,-1
1085,162,178.61,417.71,64.59,172.31,1.0000,-1,-1,-1
1085,164,1121.47,384.23,71.77,162.04,1.0000,-1,-1,-1
1085,170,780.73,213.53,64.21,148.80,1.0000,-1,-1,-1
1085,173,843.10,163.00,49.99,154.80,1.0000,-1,-1,-1
1085,176,320.50,367.39,55.93,136.76,1.0000,-1,-1,-1
1085,177,390.12,275.56,56.08,137.71,1.0000,-1,-1,-1
1085,179,861.16,333.54,80.59,150.01,1.0000,-1,-1,-1
1085,180,745.55,489.68,43.47,83.83,1.0000,-1,-1,-1
1085,181,487.52,135.15,69.30,123.90,1.0000,-1,-1,-1
1086,162,177.10,418.11,64.81,172.29,1.0000,-1,-1,-1
1086,164,1123.85,382.85,71.59,161.63,1.0000,-1,-1,-1
1086,170,778.42,213.46,60.32,148.63,1.0000,-1,-1,-1
1086,173,838.78,161.61,49.94,154.63,1.0000,-1,-1,-1
1086,176,318.57,367.50,55.64,136.07,1.0000,-1,-1,-1
1086,177,387.87,275.73,55.84,137.12,1.0000,-1,-1,-1
1086,179,861.52,332.49,80.90,150.57,1.0000,-1,-1,-1
1086,180,750.15,490.68,42.21,81.39,1.0000,-1,-1,-1
1086,181,485.03,134.53,70.22,125.14,1.0000,-1,-1,-1
1087,162,174.79,418.71,65.12,172.40,1.0000,-1,-1,-1
1087,164,1126.22,381.48,71.41,161.22,1.0000,-1,-1,-1
1087,170,773.52,214.13,57.59,149.66,1.0000,-1,-1,-1
1087,173,830.18,168.64,50.01,146.52,1.0000,-1,-1,-1
1087,176,316.63,367.61,55.36,135.37,1.0000,-1,-1,-1
1087,177,385.61,275.90,55.60,136.52,1.0000,-1,-1,-1
1087,179,861.89,331.45,81.20,151.13,1.0000,-1,-1,-1
1087,180,754.76,491.72,40.90,78.88,1.0000,-1,-1,-1
1087,181,478.35,133.04,68.89,125.38,1.0000,-1,-1,-1
1088,162,172.69,418.97,65.96,172.29,1.0000,-1,-1,-1
1088,164,1128.59,380.10,71.23,160.81,1.0000,-1,-1,-1
1088,170,770.78,213.79,55.29,150.81,1.0000,-1,-1,-1
1088,173,823.84,169.45,52.82,143.09,1.0000,-1,-1,-1
1088,176,314.69,367.72,55.07,134.66,1.0000,-1,-1,-1
1088,177,383.36,276.07,55.35,135.92,1.0000,-1,-1,-1
1088,179,862.26,330.40,81.50,151.69,1.0000,-1,-1,-1
1088,180,759.39,492.80,39.56,76.28,1.0000,-1,-1,-1
1088,181,473.35,132.45,69.13,125.81,1.0000,-1,-1,-1
1089,162,170.54,418.89,66.94,172.30,1.0000,-1,-1,-1
1089,164,1130.96,378.72,71.05,160.40,1.0000,-1,-1,-1
1089,170,768.50,212.50,54.64,150.61,1.0000,-1,-1,-1
1089,173,819.60,170.91,55.37,140.62,1.0000,-1,-1,-1
1089,176,312.76,367.84,54.78,133.95,1.0000,-1,-1,-1
1089,177,381.11,276.24,55.11,135.32,1.0000,-1,-1,-1
1089,179,862.62,329.36,81.80,152.25,1.0000,-1,-1,-1
1089,180,764.05,493.93,38.16,73.59,1.0000,-1,-1,-1
1089,181,468.36,131.85,69.36,126.23,1.0000,-1,-1,-1
1090,162,169.08,418.91,67.98,172.24,1.0000,-1,-1,-1
1090,164,1133.33,377.35,70.86,159.99,1.0000,-1,-1,-1
1090,170,764.37,211.92,54.51,150.26,1.0000,-1,-1,-1
1090,173,815.10,169.97,55.32,140.47,1.0000,-1,-1,-1
1090,176,310.82,367.95,54.49,133.24,1.0000,-1,-1,-1
1090,177,378.86,276.41,54.86,134.72,1.0000,-1,-1,-1
1090,179,862.99,328.31,82.10,152.81,1.0000,-1,-1,-1
1090,180,768.74,495.10,36.72,70.81,1.0000,-1,-1,-1
1090,181,463.37,131.26,69.59,126.65,1.0000,-1,-1,-1
1091,162,167.63,419.01,68.82,172.16,1.0000,-1,-1,-1
1091,164,1135.71,375.97,70.68,159.57,1.0000,-1,-1,-1
1091,170,762.58,210.31,53.45,146.68,1.0000,-1,-1,-1
1091,173,810.60,169.03,55.26,140.33,1.0000,-1,-1,-1
1091,176,308.89,368.07,54.20,132.53,1.0000,-1,-1,-1
1091,177,376.61,276.58,54.62,134.11,1.0000,-1,-1,-1
1091,179,863.36,327.27,82.40,153.36,1.0000,-1,-1,-1
1091,180,773.45,496.34,35.21,67.90,1.0000,-1,-1,-1
1091,181,463.15,131.59,63.25,125.84,1.0000,-1,-1,-1
1092,162,165.67,419.12,68.84,172.21,1.0000,-1,-1,-1
1092,164,1138.08,374.60,70.50,159.16,1.0000,-1,-1,-1
1092,170,758.62,209.52,53.31,146.29,1.0000,-1,-1,-1
1092,173,806.10,168.09,55.20,140.19,1.0000,-1,-1,-1
1092,176,306.95,368.19,53.90,131.81,1.0000,-1,-1,-1
1092,177,374.36,276.76,54.37,133.50,1.0000,-1,-1,-1
1092,179,896.25,327.35,55.85,140.71,1.0000,-1,-1,-1
1092,180,778.20,497.64,33.64,64.87,1.0000,-1,-1,-1
1092,181,458.32,131.08,63.40,126.15,1.0000,-1,-1,-1
1093,162,164.58,420.38,69.03,171.96,1.0000,-1,-1,-1
1093,164,1140.45,373.23,70.31,158.74,1.0000,-1,-1,-1
1093,170,755.20,209.57,53.76,145.21,1.0000,-1,-1,-1
1093,173,804.74,168.62,59.00,142.28,1.0000,-1,-1,-1
1093,176,305.02,368.32,53.61,131.09,1.0000,-1,-1,-1
1093,177,372.11,276.94,54.12,132.89,1.0000,-1,-1,-1
1093,179,899.59,327.74,51.10,139.78,1.0000,-1,-1,-1
1093,180,783.32,491.49,40.79,87.23,1.0000,-1,-1,-1
1093,181,453.48,130.57,63.55,126.45,1.0000,-1,-1,-1
1094,162,162.67,421.18,69.10,171.98,1.0000,-1,-1,-1
1094,164,1142.83,371.85,70.13,158.32,1.0000,-1,-1,-1
1094,170,749.50,208.16,54.04,143.60,1.0000,-1,-1,-1
1094,173,798.75,165.05,60.24,143.48,1.0000,-1,-1,-1
1094,176,303.09,368.44,53.31,130.36,1.0000,-1,-1,-1
1094,177,369.86,277.11,53.87,132.27,1.0000,-1,-1,-1
1094,179,901.17,327.66,49.46,140.23,1.0000,-1,-1,-1
1094,180,788.06,492.67,39.77,85.04,1.0000,-1,-1,-1
1094,181,448.65,130.06,63.70,126.75,1.0000,-1,-1,-1
1095,162,161.57,421.92,69.37,172.00,1.0000,-1,-1,-1
1095,164,1145.20,370.48,69.94,157.91,1.0000,-1,-1,-1
1095,170,743.92,208.04,55.94,142.73,1.0000,-1,-1,-1
1095,173,795.50,168.47,58.50,140.47,1.0000,-1,-1,-1
1095,176,301.16,368.57,53.01,129.63,1.0000,-1,-1,-1
1095,177,367.61,277.29,53.62,131.65,1.0000,-1,-1,-1
1095,179,902.22,326.85,48.43,140.04,1.0000,-1,-1,-1
1095,180,792.82,493.88,38.71,82.79,1.0000,-1,-1,-1
1095,181,443.82,129.56,63.85,127.05,1.0000,-1,-1,-1
1096,162,160.67,422.09,69.36,172.14,1.0000,-1,-1,-1
1096,164,1147.57,369.11,69.75,157.49,1.0000,-1,-1,-1
1096,170,740.78,207.04,57.01,143.44,1.0000,-1,-1,-1
1096,173,791.29,167.78,58.47,140.39,1.0000,-1,-1,-1
1096,176,299.23,368.70,52.71,128.89,1.0000,-1,-1,-1
1096,177,365.36,277.48,53.36,131.03,1.0000,-1,-1,-1
1096,179,902.85,326.61,49.07,139.30,1.0000,-1,-1,-1
1096,180,797.59,495.11,37.63,80.47,1.0000,-1,-1,-1
1096,181,438.99,129.05,64.00,127.34,1.0000,-1,-1,-1
1097,162,159.96,422.09,68.62,172.15,1.0000,-1,-1,-1
1097,164,1149.95,367.74,69.57,157.07,1.0000,-1,-1,-1
1097,170,734.51,206.49,57.23,143.46,1.0000,-1,-1,-1
1097,173,787.09,167.08,58.44,140.32,1.0000,-1,-1,-1
1097,176,297.30,368.83,52.41,128.15,1.0000,-1,-1,-1
1097,177,363.11,277.66,53.11,130.41,1.0000,-1,-1,-1
1097,179,904.48,326.03,52.73,138.28,1.0000,-1,-1,-1
1097,180,802.37,496.38,36.52,78.09,1.0000,-1,-1,-1
1097,181,434.16,128.54,64.15,127.64,1.0000,-1,-1,-1
1098,162,159.86,422.18,67.92,172.19,1.0000,-1,-1,-1
1098,164,1152.32,366.37,69.38,156.64,1.0000,-1,-1,-1
1098,170,730.37,205.70,57.11,143.17,1.0000,-1,-1,-1
1098,173,774.96,169.82,50.15,135.65,1.0000,-1,-1,-1
1098,176,295.37,368.96,52.10,127.41,1.0000,-1,-1,-1
1098,177,360.87,277.84,52.85,129.78,1.0000,-1,-1,-1
1098,179,906.31,325.87,57.50,137.50,1.0000,-1,-1,-1
1098,180,811.33,494.46,38.53,85.05,1.0000,-1,-1,-1
1098,181,429.33,128.03,64.30,127.94,1.0000,-1,-1,-1
1099,162,160.07,422.38,67.43,172.32,1.0000,-1,-1,-1
1099,164,1154.70,365.00,69.19,156.22,1.0000,-1,-1,-1
1099,170,727.88,205.45,58.46,144.20,1.0000,-1,-1,-1
1099,173,769.78,169.32,50.05,135.38,1.0000,-1,-1,-1
1099,177,358.62,278.03,52.60,129.15,1.0000,-1,-1,-1
1099,179,907.10,325.90,61.60,136.85,1.0000,-1,-1,-1
1099,180,816.48,495.74,37.54,82.87,1.0000,-1,-1,-1
1099,181,424.50,127.53,64.45,128.24,1.0000,-1,-1,-1
1100,162,160.22,422.68,67.24,172.50,1.0000,-1,-1,-1
1100,164,1157.07,363.63,69.01,155.80,1.0000,-1,-1,-1
1100,170,723.93,204.74,58.35,143.94,1.0000,-1,-1,-1
1100,173,764.60,168.82,49.95,135.11,1.0000,-1,-1,-1
1100,177,356.38,278.21,52.34,128.51,1.0000,-1,-1,-1
1100,179,906.83,326.23,64.94,136.24,1.0000,-1,-1,-1
1100,180,821.65,497.04,36.53,80.64,1.0000,-1,-1,-1
1100,181,419.67,127.02,64.60,128.53,1.0000,-1,-1,-1
1101,162,160.52,423.24,67.17,172.73,1.0000,-1,-1,-1
1101,164,1159.45,362.26,68.82,155.37,1.0000,-1,-1,-1
1101,170,718.98,205.94,63.01,144.25,1.0000,-1,-1,-1
1101,173,759.43,168.32,49.85,134.84,1.0000,-1,-1,-1
1101,177,354.13,278.40,52.08,127.88,1.0000,-1,-1,-1
1101,179,906.01,327.05,67.06,135.46,1.0000,-1,-1,-1
1101,180,826.83,498.38,35.49,78.34,1.0000,-1,-1,-1
1101,181,414.84,126.52,64.75,128.83,1.0000,-1,-1,-1
1102,162,160.73,424.21,66.86,172.64,1.0000,-1,-1,-1
1102,164,1136.39,354.41,70.91,157.28,1.0000,-1,-1,-1
1102,170,715.11,205.95,67.03,144.99,1.0000,-1,-1,-1
1102,173,754.25,167.83,49.75,134.56,1.0000,-1,-1,-1
1102,177,351.89,278.59,51.82,127.24,1.0000,-1,-1,-1
1102,179,906.30,328.84,68.42,133.96,1.0000,-1,-1,-1
1102,180,832.03,499.76,34.42,75.97,1.0000,-1,-1,-1
1102,181,410.01,126.01,64.90,129.12,1.0000,-1,-1,-1
1103,162,161.01,425.10,66.50,172.57,1.0000,-1,-1,-1
1103,164,1137.98,353.47,67.22,156.72,1.0000,-1,-1,-1
1103,170,712.33,206.30,70.26,145.06,1.0000,-1,-1,-1
1103,173,749.07,167.33,49.65,134.29,1.0000,-1,-1,-1
1103,177,349.64,278.79,51.56,126.59,1.0000,-1,-1,-1
1103,179,906.80,331.14,69.15,132.01,1.0000,-1,-1,-1
1103,180,837.24,501.17,33.31,73.53,1.0000,-1,-1,-1
1103,181,405.18,125.51,65.04,129.42,1.0000,-1,-1,-1
1104,162,161.26,425.49,66.05,172.42,1.0000,-1,-1,-1
1104,164,1139.75,352.57,65.68,156.94,1.0000,-1,-1,-1
1104,170,710.47,207.53,72.12,143.88,1.0000,-1,-1,-1
1104,173,743.89,166.83,49.55,134.01,1.0000,-1,-1,-1
1104,177,347.40,278.98,51.29,125.95,1.0000,-1,-1,-1
1104,179,908.84,332.05,68.77,129.79,1.0000,-1,-1,-1
1104,180,842.48,502.63,32.17,71.00,1.0000,-1,-1,-1
1104,181,400.35,125.00,65.19,129.71,1.0000,-1,-1,-1
1105,162,161.44,426.01,65.70,172.28,1.0000,-1,-1,-1
1105,164,1139.50,351.13,63.13,158.35,1.0000,-1,-1,-1
1105,170,707.23,207.18,72.10,143.85,1.0000,-1,-1,-1
1105,173,738.71,166.33,49.45,133.74,1.0000,-1,-1,-1
1105,177,345.16,279.17,51.03,125.30,1.0000,-1,-1,-1
1105,179,911.15,332.70,68.03,127.79,1.0000,-1,-1,-1
1105,180,847.73,504.13,30.98,68.38,1.0000,-1,-1,-1
1105,181,395.52,124.50,65.34,130.00,1.0000,-1,-1,-1
1106,162,160.67,426.42,65.70,172.28,1.0000,-1,-1,-1
1106,164,1140.41,349.66,60.24,158.01,1.0000,-1,-1,-1
1106,170,703.99,206.82,72.09,143.82,1.0000,-1,-1,-1
1106,173,733.54,165.84,49.34,133.46,1.0000,-1,-1,-1
1106,179,913.49,333.50,67.73,126.24,1.0000,-1,-1,-1
1106,180,853.01,505.68,29.75,65.66,1.0000,-1,-1,-1
1106,181,390.69,123.99,65.48,130.29,1.0000,-1,-1,-1
1107,162,159.90,426.82,65.70,172.28,1.0000,-1,-1,-1
1107,164,1142.48,350.93,59.41,159.30,1.0000,-1,-1,-1
1107,170,700.76,206.47,72.07,143.79,1.0000,-1,-1,-1
1107,173,728.36,165.34,49.24,133.19,1.0000,-1,-1,-1
1107,179,918.47,334.27,66.96,125.35,1.0000,-1,-1,-1
1107,180,858.32,507.29,28.46,62.81,1.0000,-1,-1,-1
1107,181,385.86,123.49,65.63,130.58,1.0000,-1,-1,-1
1108,162,159.14,427.23,65.70,172.29,1.0000,-1,-1,-1
1108,164,1143.92,351.03,59.98,160.49,1.0000,-1,-1,-1
1108,170,697.52,206.11,72.06,143.75,1.0000,-1,-1,-1
1108,173,723.18,164.84,49.14,132.91,1.0000,-1,-1,-1
1108,179,922.77,335.06,65.65,124.76,1.0000,-1,-1,-1
1108,180,863.65,508.97,27.11,59.84,1.0000,-1,-1,-1
1108,181,381.03,122.99,65.78,130.88,1.0000,-1,-1,-1
1109,162,158.37,427.64,65.70,172.29,1.0000,-1,-1,-1
1109,164,1145.26,350.70,61.29,161.75,1.0000,-1,-1,-1
1109,170,694.28,205.76,72.04,143.72,1.0000,-1,-1,-1
1109,173,718.00,164.35,49.04,132.63,1.0000,-1,-1,-1
1109,179,926.42,335.65,65.03,124.32,1.0000,-1,-1,-1
1109,180,869.02,510.73,25.69,56.70,1.0000,-1,-1,-1
1109,181,376.21,122.48,65.92,131.16,1.0000,-1,-1,-1
1110,162,157.61,428.05,65.71,172.30,1.0000,-1,-1,-1
1110,164,1145.06,349.74,60.02,161.97,1.0000,-1,-1,-1
1110,170,691.05,205.41,72.02,143.69,1.0000,-1,-1,-1
1110,173,712.83,163.85,48.93,132.35,1.0000,-1,-1,-1
1110,179,928.54,335.74,64.22,124.13,1.0000,-1,-1,-1
1110,180,874.44,512.58,24.18,53.38,1.0000,-1,-1,-1
1110,181,371.38,121.98,66.07,131.45,1.0000,-1,-1,-1
1111,162,156.84,428.45,65.71,172.30,1.0000,-1,-1,-1
1111,164,1145.26,348.74,58.14,162.42,1.0000,-1,-1,-1
1111,170,687.81,205.05,72.01,143.66,1.0000,-1,-1,-1
1111,173,707.65,163.35,48.83,132.07,1.0000,-1,-1,-1
1111,179,930.17,335.91,63.35,124.07,1.0000,-1,-1,-1
1111,180,879.90,514.54,22.58,49.84,1.0000,-1,-1,-1
1111,181,366.55,121.48,66.21,131.74,1.0000,-1,-1,-1
1112,162,156.07,428.86,65.71,172.31,1.0000,-1,-1,-1
1112,164,1146.05,348.12,57.94,161.86,1.0000,-1,-1,-1
1112,170,667.68,203.94,70.23,145.13,1.0000,-1,-1,-1
1112,173,702.47,162.86,48.73,131.79,1.0000,-1,-1,-1
1112,179,931.47,335.83,62.93,124.35,1.0000,-1,-1,-1
1112,180,885.42,516.64,20.86,46.04,1.0000,-1,-1,-1
1112,181,361.72,120.98,66.36,132.03,1.0000,-1,-1,-1
1113,162,163.97,433.29,62.59,170.72,1.0000,-1,-1,-1
1113,164,1146.84,347.50,57.74,161.30,1.0000,-1,-1,-1
1113,170,663.24,203.59,70.21,145.09,1.0000,-1,-1,-1
1113,173,697.30,162.36,48.62,131.51,1.0000,-1,-1,-1
1113,179,932.43,335.30,62.43,125.01,1.0000,-1,-1,-1
1113,180,891.03,518.91,18.97,41.88,1.0000,-1,-1,-1
1113,181,356.89,120.48,66.50,132.32,1.0000,-1,-1,-1
1114,162,164.19,434.14,62.14,170.18,1.0000,-1,-1,-1
1114,164,1145.15,343.05,51.86,158.56,1.0000,-1,-1,-1
1114,170,658.80,203.24,70.19,145.04,1.0000,-1,-1,-1
1114,173,692.12,161.87,48.52,131.23,1.0000,-1,-1,-1
1114,179,933.37,334.36,61.92,125.86,1.0000,-1,-1,-1
1114,180,896.73,521.40,16.88,37.26,1.0000,-1,-1,-1
1114,181,352.06,119.97,66.65,132.61,1.0000,-1,-1,-1
1115,162,164.33,434.79,62.09,169.77,1.0000,-1,-1,-1
1115,164,1145.71,341.70,48.63,156.19,1.0000,-1,-1,-1
1115,170,654.36,202.90,70.17,144.99,1.0000,-1,-1,-1
1115,173,686.94,161.37,48.42,130.95,1.0000,-1,-1,-1
1115,179,934.22,333.01,61.30,126.94,1.0000,-1,-1,-1
1115,180,902.59,524.23,14.49,31.99,1.0000,-1,-1,-1
1115,181,347.24,119.47,66.79,132.89,1.0000,-1,-1,-1
1116,162,165.32,435.51,61.98,169.47,1.0000,-1,-1,-1
1116,164,1146.44,340.63,46.06,154.61,1.0000,-1,-1,-1
1116,170,649.92,202.55,70.14,144.95,1.0000,-1,-1,-1
1116,173,681.77,160.88,48.31,130.67,1.0000,-1,-1,-1
1116,179,935.09,331.08,60.61,128.36,1.0000,-1,-1,-1
1116,180,908.69,527.59,11.62,25.65,1.0000,-1,-1,-1
1116,181,342.41,118.97,66.93,133.18,1.0000,-1,-1,-1
1117,162,166.58,437.01,63.41,168.88,1.0000,-1,-1,-1
1117,164,1146.64,339.62,45.79,153.68,1.0000,-1,-1,-1
1117,170,645.48,202.20,70.12,144.90,1.0000,-1,-1,-1
1117,173,676.59,160.39,48.21,130.39,1.0000,-1,-1,-1
1117,179,935.63,327.91,60.38,128.65,1.0000,-1,-1,-1
1117,180,915.28,532.05,7.75,17.11,1.0000,-1,-1,-1
1117,181,337.58,118.47,67.08,133.46,1.0000,-1,-1,-1
1118,162,167.63,437.75,64.70,168.14,1.0000,-1,-1,-1
1118,164,1146.84,338.62,45.51,152.74,1.0000,-1,-1,-1
1118,170,641.04,201.85,70.10,144.86,1.0000,-1,-1,-1
1118,173,671.41,159.89,48.10,130.11,1.0000,-1,-1,-1
1118,179,936.12,326.71,60.05,128.94,1.0000,-1,-1,-1
1118,180,919.94,532.25,7.75,17.11,1.0000,-1,-1,-1
1118,181,332.75,117.97,67.22,133.75,1.0000,-1,-1,-1
1119,162,168.47,438.25,66.37,166.95,1.0000,-1,-1,-1
1119,164,1147.04,337.63,45.23,151.80,1.0000,-1,-1,-1
1119,170,636.61,201.50,70.08,144.81,1.0000,-1,-1,-1
1119,173,666.24,159.40,48.00,129.82,1.0000,-1,-1,-1
1119,179,936.78,324.65,60.08,127.87,1.0000,-1,-1,-1
1119,180,924.61,532.44,7.75,17.11,1.0000,-1,-1,-1
1119,181,327.93,117.47,67.36,134.03,1.0000,-1,-1,-1
1120,162,170.24,438.58,68.08,165.94,1.0000,-1,-1,-1
1120,164,1147.24,336.63,44.94,150.85,1.0000,-1,-1,-1
1120,170,632.17,201.16,70.05,144.77,1.0000,-1,-1,-1
1120,173,661.06,158.91,47.89,129.54,1.0000,-1,-1,-1
1120,179,937.39,323.36,59.78,128.08,1.0000,-1,-1,-1
1120,180,929.27,532.63,7.75,17.11,1.0000,-1,-1,-1
1120,181,323.10,116.97,67.51,134.31,1.0000,-1,-1,-1
1121,162,172.21,439.29,69.30,165.38,1.0000,-1,-1,-1
1121,164,1147.44,335.64,44.66,149.90,1.0000,-1,-1,-1
1121,170,627.73,200.81,70.03,144.72,1.0000,-1,-1,-1
1121,173,655.89,158.41,47.79,129.25,1.0000,-1,-1,-1
1121,179,937.71,321.90,59.81,127.01,1.0000,-1,-1,-1
1121,180,933.93,532.82,7.75,17.11,1.0000,-1,-1,-1
1121,181,318.27,116.47,67.65,134.60,1.0000,-1,-1,-1
1122,162,179.92,439.78,67.89,165.15,1.0000,-1,-1,-1
1122,164,1147.65,334.65,44.37,148.94,1.0000,-1,-1,-1
1122,170,644.47,188.20,60.71,152.72,1.0000,-1,-1,-1
1122,173,650.71,157.92,47.68,128.97,1.0000,-1,-1,-1
1122,179,938.36,321.03,60.37,124.70,1.0000,-1,-1,-1
1122,180,938.59,533.01,7.75,17.11,1.0000,-1,-1,-1
1123,162,181.23,440.26,67.89,165.15,1.0000,-1,-1,-1
1123,164,1147.85,333.67,44.09,147.98,1.0000,-1,-1,-1
1123,170,644.48,185.42,56.72,156.00,1.0000,-1,-1,-1
1123,173,645.53,157.43,47.58,128.68,1.0000,-1,-1,-1
1123,179,938.90,320.81,60.92,122.37,1.0000,-1,-1,-1
1123,180,943.25,533.20,7.75,17.11,1.0000,-1,-1,-1
1124,162,182.54,440.74,67.89,165.15,1.0000,-1,-1,-1
1124,164,1148.06,332.69,43.80,147.01,1.0000,-1,-1,-1
1124,170,641.21,184.60,56.66,155.82,1.0000,-1,-1,-1
1124,173,640.36,156.94,47.47,128.40,1.0000,-1,-1,-1
1124,179,939.22,321.19,61.99,120.54,1.0000,-1,-1,-1
1124,180,947.91,533.39,7.75,17.11,1.0000,-1,-1,-1
1125,162,183.85,441.23,67.89,165.15,1.0000,-1,-1,-1
1125,164,1148.26,331.71,43.51,146.03,1.0000,-1,-1,-1
1125,170,637.94,183.79,56.59,155.64,1.0000,-1,-1,-1
1125,173,635.18,156.44,47.36,128.11,1.0000,-1,-1,-1
1125,179,939.56,321.68,62.95,119.10,1.0000,-1,-1,-1
1125,180,952.57,533.58,7.75,17.11,1.0000,-1,-1,-1
1126,162,185.16,441.71,67.89,165.15,1.0000,-1,-1,-1
1126,164,1141.21,330.27,50.66,141.38,1.0000,-1,-1,-1
1126,170,634.66,182.98,56.53,155.46,1.0000,-1,-1,-1
1126,173,630.01,155.95,47.26,127.82,1.0000,-1,-1,-1
1126,179,939.11,322.91,63.85,117.86,1.0000,-1,-1,-1
1126,180,957.24,533.77,7.75,17.11,1.0000,-1,-1,-1
1127,162,186.47,442.19,67.89,165.15,1.0000,-1,-1,-1
1127,164,1137.88,329.62,53.90,140.74,1.0000,-1,-1,-1
1127,170,625.07,188.55,61.78,156.74,1.0000,-1,-1,-1
1127,173,624.83,155.46,47.15,127.53,1.0000,-1,-1,-1
1127,179,938.77,324.18,64.69,116.71,1.0000,-1,-1,-1
1127,180,961.90,533.96,7.75,17.11,1.0000,-1,-1,-1
1128,162,187.78,442.67,67.89,165.14,1.0000,-1,-1,-1
1128,164,1142.36,324.50,51.37,142.46,1.0000,-1,-1,-1
1128,170,616.14,190.94,68.88,156.66,1.0000,-1,-1,-1
1128,173,619.66,154.97,47.04,127.24,1.0000,-1,-1,-1
1128,179,939.65,323.56,64.66,116.67,1.0000,-1,-1,-1
1128,180,966.56,534.15,7.75,17.11,1.0000,-1,-1,-1
1129,162,189.09,443.16,67.89,165.14,1.0000,-1,-1,-1
1129,164,1135.57,324.50,54.81,144.46,1.0000,-1,-1,-1
1129,170,611.50,191.15,72.90,157.48,1.0000,-1,-1,-1
1129,179,940.53,322.93,64.64,116.62,1.0000,-1,-1,-1
1130,162,190.40,443.64,67.88,165.14,1.0000,-1,-1,-1
1130,164,1134.81,325.78,54.92,145.01,1.0000,-1,-1,-1
1130,170,608.30,192.32,75.43,157.58,1.0000,-1,-1,-1
1130,179,941.41,322.31,64.61,116.57,1.0000,-1,-1,-1
1131,162,191.71,444.12,67.88,165.14,1.0000,-1,-1,-1
1131,164,1133.94,326.23,54.89,145.45,1.0000,-1,-1,-1
1131,170,606.49,193.93,76.82,156.91,1.0000,-1,-1,-1
1131,179,942.29,321.68,64.59,116.53,1.0000,-1,-1,-1
1132,162,193.02,444.60,67.88,165.14,1.0000,-1,-1,-1
1132,164,1133.55,325.44,54.67,144.86,1.0000,-1,-1,-1
1132,170,603.18,194.08,76.86,157.01,1.0000,-1,-1,-1
1132,179,943.17,321.06,64.56,116.48,1.0000,-1,-1,-1
1132,183,960.16,481.11,77.38,145.30,1.0000,-1,-1,-1
1133,162,194.33,445.09,67.88,165.14,1.0000,-1,-1,-1
1133,164,1133.15,324.66,54.45,144.27,1.0000,-1,-1,-1
1133,170,599.87,194.22,76.91,157.11,1.0000,-1,-1,-1
1133,179,944.06,320.43,64.53,116.44,1.0000,-1,-1,-1
1133,183,963.57,478.39,81.58,153.19,1.0000,-1,-1,-1
1134,162,195.64,445.57,67.88,165.14,1.0000,-1,-1,-1
1134,164,1132.76,323.88,54.22,143.67,1.0000,-1,-1,-1
1134,170,596.57,194.36,76.96,157.21,1.0000,-1,-1,-1
1134,179,944.30,327.03,63.29,116.75,1.0000,-1,-1,-1
1134,183,967.08,475.86,85.57,160.69,1.0000,-1,-1,-1
1135,162,196.95,446.05,67.88,165.14,1.0000,-1,-1,-1
1135,164,1132.37,323.09,54.00,143.07,1.0000,-1,-1,-1
1135,170,593.26,194.50,77.01,157.31,1.0000,-1,-1,-1
1135,179,945.09,326.94,63.26,116.69,1.0000,-1,-1,-1
1135,183,970.68,473.50,89.39,167.85,1.0000,-1,-1,-1
1136,162,198.26,446.53,67.88,165.14,1.0000,-1,-1,-1
1136,164,1131.98,322.31,53.77,142.47,1.0000,-1,-1,-1
1136,170,589.96,194.64,77.06,157.41,1.0000,-1,-1,-1
1136,179,945.24,327.05,62.19,117.53,1.0000,-1,-1,-1
1136,183,974.35,471.29,93.05,174.72,1.0000,-1,-1,-1
1137,162,199.57,447.02,67.88,165.13,1.0000,-1,-1,-1
1137,164,1125.84,323.73,58.89,143.48,1.0000,-1,-1,-1
1137,170,586.65,194.78,77.11,157.51,1.0000,-1,-1,-1
1137,179,945.77,326.93,61.51,118.37,1.0000,-1,-1,-1
1137,183,978.10,469.21,96.57,181.33,1.0000,-1,-1,-1
1138,162,200.88,447.50,67.88,165.13,1.0000,-1,-1,-1
1138,164,1118.91,322.19,65.64,142.46,1.0000,-1,-1,-1
1138,170,583.34,194.92,77.16,157.61,1.0000,-1,-1,-1
1138,179,946.67,325.97,60.95,119.57,1.0000,-1,-1,-1
1138,183,981.91,467.24,99.96,187.71,1.0000,-1,-1,-1
1139,162,230.25,430.28,63.51,165.32,1.0000,-1,-1,-1
1139,164,1115.77,321.37,69.54,141.10,1.0000,-1,-1,-1
1139,170,580.04,195.06,77.21,157.71,1.0000,-1,-1,-1
1139,179,947.33,325.94,60.92,119.50,1.0000,-1,-1,-1
1139,183,985.77,465.38,103.25,193.88,1.0000,-1,-1,-1
1140,162,231.54,429.99,64.83,164.15,1.0000,-1,-1,-1
1140,164,1112.37,320.52,73.47,140.68,1.0000,-1,-1,-1
1140,170,576.73,195.20,77.26,157.81,1.0000,-1,-1,-1
1140,179,947.99,325.91,60.88,119.43,1.0000,-1,-1,-1
1140,183,991.81,480.12,71.57,145.90,1.0000,-1,-1,-1
1141,162,232.60,429.86,66.85,164.12,1.0000,-1,-1,-1
1141,164,1111.40,319.63,73.34,140.43,1.0000,-1,-1,-1
1141,170,573.43,195.34,77.31,157.91,1.0000,-1,-1,-1
1141,179,948.65,325.87,60.85,119.36,1.0000,-1,-1,-1
1141,183,995.40,479.57,72.26,147.30,1.0000,-1,-1,-1
1142,162,235.11,429.47,66.84,164.10,1.0000,-1,-1,-1
1142,164,1112.95,318.31,75.34,141.37,1.0000,-1,-1,-1
1142,170,570.12,195.49,77.36,158.01,1.0000,-1,-1,-1
1142,179,948.60,320.53,59.55,118.63,1.0000,-1,-1,-1
1142,183,999.00,479.02,72.95,148.70,1.0000,-1,-1,-1
1143,162,237.61,429.07,66.84,164.09,1.0000,-1,-1,-1
1143,164,1122.51,317.99,70.26,142.30,1.0000,-1,-1,-1
1143,170,566.82,195.63,77.41,158.11,1.0000,-1,-1,-1
1143,179,949.55,319.74,58.97,118.32,1.0000,-1,-1,-1
1143,183,1002.60,478.48,73.63,150.08,1.0000,-1,-1,-1
1144,162,240.12,428.68,66.83,164.07,1.0000,-1,-1,-1
1144,164,1128.63,317.65,66.16,143.14,1.0000,-1,-1,-1
1144,170,563.51,195.77,77.46,158.22,1.0000,-1,-1,-1
1144,179,950.94,319.21,58.53,118.11,1.0000,-1,-1,-1
1144,183,1005.95,481.91,60.65,146.02,1.0000,-1,-1,-1
1145,162,242.62,428.29,66.82,164.05,1.0000,-1,-1,-1
1145,164,1134.48,317.28,61.72,143.83,1.0000,-1,-1,-1
1145,170,560.20,195.91,77.51,158.32,1.0000,-1,-1,-1
1145,179,951.57,318.70,58.48,118.00,1.0000,-1,-1,-1
1145,183,1013.48,480.56,66.47,150.35,1.0000,-1,-1,-1
1146,162,245.12,427.89,66.82,164.04,1.0000,-1,-1,-1
1146,164,1136.56,316.88,58.87,144.52,1.0000,-1,-1,-1
1146,170,556.90,196.05,77.55,158.42,1.0000,-1,-1,-1
1146,179,950.89,319.04,58.44,116.87,1.0000,-1,-1,-1
1146,183,1017.56,479.62,70.54,151.09,1.0000,-1,-1,-1
1147,162,247.63,427.50,66.81,164.02,1.0000,-1,-1,-1
1147,164,1136.81,317.03,56.92,145.27,1.0000,-1,-1,-1
1147,170,553.59,196.19,77.60,158.52,1.0000,-1,-1,-1
1147,179,951.04,319.41,58.12,116.09,1.0000,-1,-1,-1
1147,183,1019.12,479.34,73.84,151.40,1.0000,-1,-1,-1
1148,162,250.13,427.10,66.80,164.00,1.0000,-1,-1,-1
1148,164,1132.43,315.77,56.66,146.53,1.0000,-1,-1,-1
1148,170,550.29,196.33,77.65,158.62,1.0000,-1,-1,-1
1148,179,951.51,318.98,58.06,115.97,1.0000,-1,-1,-1
1148,183,1018.63,479.52,75.57,150.86,1.0000,-1,-1,-1
1149,162,252.64,426.71,66.80,163.99,1.0000,-1,-1,-1
1149,164,1129.83,315.49,56.79,147.67,1.0000,-1,-1,-1
1149,170,535.54,197.39,70.93,154.04,1.0000,-1,-1,-1
1149,179,951.98,318.55,58.00,115.85,1.0000,-1,-1,-1
1149,183,1017.52,479.55,77.71,151.41,1.0000,-1,-1,-1
1150,162,255.14,426.32,66.79,163.97,1.0000,-1,-1,-1
1150,164,1128.87,315.18,56.75,148.17,1.0000,-1,-1,-1
1150,170,532.00,198.62,74.33,153.34,1.0000,-1,-1,-1
1150,179,952.45,318.12,57.94,115.73,1.0000,-1,-1,-1
1150,183,1017.50,479.07,79.06,151.83,1.0000,-1,-1,-1
1151,162,257.65,425.92,66.78,163.95,1.0000,-1,-1,-1
1151,164,1128.66,314.70,56.65,148.58,1.0000,-1,-1,-1
1151,170,527.70,199.56,76.44,153.40,1.0000,-1,-1,-1
1151,179,952.93,317.69,57.88,115.61,1.0000,-1,-1,-1
1151,183,1019.10,478.51,78.56,152.37,1.0000,-1,-1,-1
1152,162,260.15,425.53,66.78,163.94,1.0000,-1,-1,-1
1152,164,1125.13,314.38,58.52,149.33,1.0000,-1,-1,-1
1152,170,523.31,201.13,78.10,152.69,1.0000,-1,-1,-1
1152,179,952.60,323.80,57.40,115.28,1.0000,-1,-1,-1
1152,183,1022.96,477.85,75.56,152.76,1.0000,-1,-1,-1
1153,162,262.65,425.13,66.77,163.92,1.0000,-1,-1,-1
1153,164,1124.23,314.13,59.12,149.53,1.0000,-1,-1,-1
1153,170,518.24,205.38,79.26,151.52,1.0000,-1,-1,-1
1153,179,953.15,325.18,57.45,114.87,1.0000,-1,-1,-1
1153,183,1032.14,478.44,71.06,153.03,1.0000,-1,-1,-1
1154,162,265.16,424.74,66.76,163.90,1.0000,-1,-1,-1
1154,164,1124.63,314.03,58.98,149.29,1.0000,-1,-1,-1
1154,170,514.39,206.01,79.30,151.59,1.0000,-1,-1,-1
1154,179,953.58,325.72,57.45,114.75,1.0000,-1,-1,-1
1154,183,1040.26,477.86,67.73,153.11,1.0000,-1,-1,-1
1155,162,267.66,424.35,66.75,163.89,1.0000,-1,-1,-1
1155,164,1125.87,313.68,58.22,149.27,1.0000,-1,-1,-1
1155,170,510.55,206.63,79.34,151.67,1.0000,-1,-1,-1
1155,179,954.04,325.72,57.35,114.71,1.0000,-1,-1,-1
1155,183,1046.08,476.02,67.07,153.05,1.0000,-1,-1,-1
1156,162,270.17,423.95,66.75,163.87,1.0000,-1,-1,-1
1156,164,1127.46,313.07,57.17,149.17,1.0000,-1,-1,-1
1156,170,506.70,207.26,79.38,151.74,1.0000,-1,-1,-1
1156,179,954.58,325.47,57.33,114.93,1.0000,-1,-1,-1
1156,183,1050.20,475.19,69.51,155.38,1.0000,-1,-1,-1
1157,162,272.67,423.56,66.74,163.85,1.0000,-1,-1,-1
1157,164,1130.75,312.70,55.11,148.89,1.0000,-1,-1,-1
1157,170,502.85,207.88,79.41,151.82,1.0000,-1,-1,-1
1157,179,955.26,324.99,57.42,115.38,1.0000,-1,-1,-1
1157,183,1053.91,474.00,71.51,157.01,1.0000,-1,-1,-1
1158,162,275.17,423.17,66.73,163.84,1.0000,-1,-1,-1
1158,164,1134.02,311.51,52.84,148.30,1.0000,-1,-1,-1
1158,170,499.00,208.51,79.45,151.90,1.0000,-1,-1,-1
1158,179,956.26,323.62,57.71,116.44,1.0000,-1,-1,-1
1158,183,1060.17,473.47,74.56,157.78,1.0000,-1,-1,-1
1159,162,277.68,422.77,66.73,163.82,1.0000,-1,-1,-1
1159,164,1135.53,310.28,51.11,146.96,1.0000,-1,-1,-1
1159,170,495.16,209.14,79.49,151.97,1.0000,-1,-1,-1
1159,179,956.47,322.81,57.98,117.12,1.0000,-1,-1,-1
1159,183,1063.63,473.29,76.47,158.30,1.0000,-1,-1,-1
1160,162,280.18,422.38,66.72,163.80,1.0000,-1,-1,-1
1160,164,1136.80,310.53,49.95,146.59,1.0000,-1,-1,-1
1160,170,491.31,209.76,79.53,152.05,1.0000,-1,-1,-1
1160,179,956.64,321.51,58.16,117.58,1.0000,-1,-1,-1
1160,183,1066.82,473.14,78.45,158.77,1.0000,-1,-1,-1
1161,162,282.69,421.98,66.71,163.79,1.0000,-1,-1,-1
1161,164,1137.57,310.21,49.16,146.32,1.0000,-1,-1,-1
1161,170,487.46,210.39,79.57,152.13,1.0000,-1,-1,-1
1161,179,956.87,320.34,58.30,117.79,1.0000,-1,-1,-1
1161,183,1068.92,471.69,80.27,160.08,1.0000,-1,-1,-1
1162,162,285.19,421.59,66.71,163.77,1.0000,-1,-1,-1
1162,164,1136.03,309.10,49.42,145.06,1.0000,-1,-1,-1
1162,170,512.23,213.68,58.62,145.18,1.0000,-1,-1,-1
1162,179,957.34,320.16,58.25,117.70,1.0000,-1,-1,-1
1162,183,1070.95,469.01,80.79,161.35,1.0000,-1,-1,-1
