3,1,214.51,193.65,124.01,151.36,1.0000,-1,-1,-1
3,2,615.98,294.98,126.46,153.06,1.0000,-1,-1,-1
3,3,123.84,517.61,99.58,175.84,1.0000,-1,-1,-1
3,4,969.50,175.74,130.17,133.52,1.0000,-1,-1,-1
3,5,74.20,68.95,48.97,54.58,1.0000,-1,-1,-1
4,1,215.03,193.96,126.67,151.63,1.0000,-1,-1,-1
4,2,614.41,298.81,120.64,147.73,1.0000,-1,-1,-1
4,3,115.66,516.35,99.82,179.78,1.0000,-1,-1,-1
4,4,980.96,174.90,133.70,131.40,1.0000,-1,-1,-1
4,5,92.92,68.47,49.28,54.93,1.0000,-1,-1,-1
5,1,219.60,196.12,125.11,149.52,1.0000,-1,-1,-1
5,2,616.46,300.80,118.88,144.01,1.0000,-1,-1,-1
5,3,115.25,519.95,91.97,176.59,1.0000,-1,-1,-1
5,4,974.08,175.32,134.90,130.79,1.0000,-1,-1,-1
5,5,111.64,67.99,49.60,55.28,1.0000,-1,-1,-1
6,1,229.51,196.43,111.77,144.06,1.0000,-1,-1,-1
6,2,615.41,301.25,115.32,139.56,1.0000,-1,-1,-1
6,3,109.61,522.47,89.46,175.11,1.0000,-1,-1,-1
6,4,983.28,175.76,121.88,125.78,1.0000,-1,-1,-1
6,5,145.15,67.62,48.88,54.37,1.0000,-1,-1,-1
7,1,238.30,197.83,99.07,138.72,1.0000,-1,-1,-1
7,2,617.82,299.64,121.25,140.38,1.0000,-1,-1,-1
7,3,106.60,519.37,96.23,179.55,1.0000,-1,-1,-1
7,4,986.71,176.60,111.25,123.23,1.0000,-1,-1,-1
7,5,167.67,67.15,48.93,54.43,1.0000,-1,-1,-1
8,1,244.32,202.52,85.92,131.22,1.0000,-1,-1,-1
8,2,627.23,300.74,122.51,142.84,1.0000,-1,-1,-1
8,3,106.51,514.29,101.07,180.67,1.0000,-1,-1,-1
8,4,984.61,175.59,100.10,121.07,1.0000,-1,-1,-1
8,5,190.19,66.68,48.99,54.50,1.0000,-1,-1,-1
9,1,249.66,206.25,81.68,126.29,1.0000,-1,-1,-1
9,2,638.66,301.69,122.44,145.11,1.0000,-1,-1,-1
9,3,112.84,509.14,109.43,182.60,1.0000,-1,-1,-1
9,4,980.66,175.05,94.86,121.37,1.0000,-1,-1,-1
9,5,212.72,66.21,49.05,54.56,1.0000,-1,-1,-1
10,1,256.42,200.71,82.73,128.99,1.0000,-1,-1,-1
10,2,649.11,302.50,121.32,147.83,1.0000,-1,-1,-1
10,3,117.58,505.84,115.98,183.55,1.0000,-1,-1,-1
10,4,986.76,173.23,97.06,123.89,1.0000,-1,-1,-1
10,5,235.24,65.74,49.11,54.62,1.0000,-1,-1,-1
11,1,259.93,194.04,92.62,130.42,1.0000,-1,-1,-1
11,2,662.02,307.37,119.55,149.79,1.0000,-1,-1,-1
11,3,110.88,504.24,109.69,182.24,1.0000,-1,-1,-1
11,4,995.83,169.45,99.96,127.76,1.0000,-1,-1,-1
11,5,257.76,65.26,49.16,54.69,1.0000,-1,-1,-1
12,1,266.31,192.05,99.54,133.21,1.0000,-1,-1,-1
12,2,662.15,308.71,119.44,151.26,1.0000,-1,-1,-1
12,3,104.73,504.22,107.10,183.73,1.0000,-1,-1,-1
12,4,998.59,167.49,104.24,130.24,1.0000,-1,-1,-1
12,5,280.28,64.79,49.22,54.75,1.0000,-1,-1,-1
12,7,11.95,397.21,72.77,194.88,1.0000,-1,-1,-1
13,1,269.22,192.99,105.27,134.72,1.0000,-1,-1,-1
13,2,664.03,311.80,116.02,149.96,1.0000,-1,-1,-1
13,3,101.83,506.20,105.69,185.04,1.0000,-1,-1,-1
13,4,998.08,165.92,108.06,132.58,1.0000,-1,-1,-1
13,5,302.81,64.32,49.28,54.82,1.0000,-1,-1,-1
13,7,19.95,402.62,71.24,189.05,1.0000,-1,-1,-1
13,8,68.41,299.64,52.14,144.81,1.0000,-1,-1,-1
14,1,271.23,194.37,109.14,136.32,1.0000,-1,-1,-1
14,2,669.22,314.32,108.81,147.67,1.0000,-1,-1,-1
14,3,103.73,508.19,102.62,185.43,1.0000,-1,-1,-1
14,4,1001.18,165.47,107.94,133.86,1.0000,-1,-1,-1
14,5,325.33,63.85,49.33,54.88,1.0000,-1,-1,-1
14,7,28.63,407.79,69.65,185.16,1.0000,-1,-1,-1
14,8,81.50,297.42,53.99,150.23,1.0000,-1,-1,-1
15,1,275.76,197.56,110.01,135.21,1.0000,-1,-1,-1
15,2,677.18,315.55,103.22,145.67,1.0000,-1,-1,-1
15,3,110.88,512.29,95.95,183.72,1.0000,-1,-1,-1
15,4,1006.89,170.26,102.46,131.46,1.0000,-1,-1,-1
15,5,347.85,63.38,49.39,54.94,1.0000,-1,-1,-1
15,7,31.53,411.44,73.63,186.49,1.0000,-1,-1,-1
15,8,94.99,297.38,52.80,150.14,1.0000,-1,-1,-1
16,1,282.98,198.00,102.38,133.94,1.0000,-1,-1,-1
16,2,690.39,313.83,104.44,146.48,1.0000,-1,-1,-1
16,3,117.16,513.96,89.34,180.16,1.0000,-1,-1,-1
16,4,1003.94,168.93,90.05,130.72,1.0000,-1,-1,-1
16,5,370.37,62.91,49.45,55.01,1.0000,-1,-1,-1
16,7,37.45,416.36,82.57,185.22,1.0000,-1,-1,-1
16,8,114.51,297.70,55.67,153.05,1.0000,-1,-1,-1
17,1,285.62,204.40,94.58,129.05,1.0000,-1,-1,-1
17,2,697.96,312.55,107.06,147.25,1.0000,-1,-1,-1
17,3,121.44,512.97,89.93,177.70,1.0000,-1,-1,-1
17,4,1007.07,175.72,85.49,127.07,1.0000,-1,-1,-1
17,5,392.90,62.43,49.51,55.07,1.0000,-1,-1,-1
17,7,43.34,418.13,90.41,184.17,1.0000,-1,-1,-1
17,8,128.94,298.25,59.52,154.87,1.0000,-1,-1,-1
18,1,293.64,204.41,88.69,126.89,1.0000,-1,-1,-1
18,2,703.19,311.51,110.13,147.70,1.0000,-1,-1,-1
18,3,130.07,510.68,92.49,176.58,1.0000,-1,-1,-1
18,4,1011.58,174.60,85.56,126.97,1.0000,-1,-1,-1
18,5,415.42,61.96,49.56,55.13,1.0000,-1,-1,-1
18,7,50.37,419.03,96.37,183.10,1.0000,-1,-1,-1
18,8,143.69,298.71,61.64,154.21,1.0000,-1,-1,-1
19,1,303.00,203.21,86.65,125.42,1.0000,-1,-1,-1
19,2,705.94,311.82,113.59,148.61,1.0000,-1,-1,-1
19,3,135.41,508.42,98.30,176.18,1.0000,-1,-1,-1
19,4,1015.95,173.24,88.14,128.30,1.0000,-1,-1,-1
19,5,437.94,61.49,49.62,55.20,1.0000,-1,-1,-1
19,7,56.37,419.39,101.04,181.52,1.0000,-1,-1,-1
19,8,146.37,298.20,70.82,154.99,1.0000,-1,-1,-1
20,1,308.80,199.25,89.07,126.47,1.0000,-1,-1,-1
20,2,707.73,312.93,117.97,150.91,1.0000,-1,-1,-1
20,3,136.97,507.58,101.80,175.51,1.0000,-1,-1,-1
20,4,1017.69,170.15,92.68,129.24,1.0000,-1,-1,-1
20,5,460.47,61.02,49.68,55.26,1.0000,-1,-1,-1
20,7,66.02,420.49,104.40,179.72,1.0000,-1,-1,-1
20,8,152.73,298.42,79.42,155.36,1.0000,-1,-1,-1
21,1,318.41,197.39,93.88,128.14,1.0000,-1,-1,-1
21,2,708.44,318.05,121.18,150.91,1.0000,-1,-1,-1
21,3,120.79,515.84,102.10,170.94,1.0000,-1,-1,-1
21,4,1016.84,168.96,99.38,130.87,1.0000,-1,-1,-1
21,5,482.99,60.55,49.73,55.32,1.0000,-1,-1,-1
21,7,77.44,425.37,104.80,176.69,1.0000,-1,-1,-1
21,8,171.33,298.98,86.62,154.42,1.0000,-1,-1,-1
22,1,321.41,203.00,99.45,125.93,1.0000,-1,-1,-1
22,2,706.26,320.24,122.41,150.50,1.0000,-1,-1,-1
22,3,120.75,516.13,101.72,170.31,1.0000,-1,-1,-1
22,4,1020.06,169.79,99.58,131.14,1.0000,-1,-1,-1
22,5,505.51,60.08,49.79,55.38,1.0000,-1,-1,-1
22,7,87.56,428.08,105.61,174.86,1.0000,-1,-1,-1
22,8,185.55,299.08,92.36,153.68,1.0000,-1,-1,-1
23,1,323.75,199.01,103.62,129.28,1.0000,-1,-1,-1
23,2,703.11,320.69,122.78,150.22,1.0000,-1,-1,-1
23,3,120.71,516.42,101.35,169.68,1.0000,-1,-1,-1
23,4,1024.23,171.50,94.69,129.21,1.0000,-1,-1,-1
23,5,528.03,59.61,49.85,55.45,1.0000,-1,-1,-1
23,7,96.31,428.41,107.47,177.93,1.0000,-1,-1,-1
23,8,200.61,299.49,94.35,151.98,1.0000,-1,-1,-1
24,1,328.63,196.59,104.10,131.64,1.0000,-1,-1,-1
24,2,698.61,320.47,120.37,149.77,1.0000,-1,-1,-1
24,3,120.67,516.72,100.97,169.05,1.0000,-1,-1,-1
24,4,1023.18,170.53,90.25,129.70,1.0000,-1,-1,-1
24,5,550.56,59.13,49.90,55.51,1.0000,-1,-1,-1
24,7,105.09,428.78,109.29,180.96,1.0000,-1,-1,-1
24,8,215.37,299.52,92.82,150.05,1.0000,-1,-1,-1
25,1,336.16,195.86,100.72,131.83,1.0000,-1,-1,-1
25,2,711.45,319.19,110.02,148.09,1.0000,-1,-1,-1
25,3,120.63,517.01,100.59,168.41,1.0000,-1,-1,-1
25,4,1023.68,170.59,82.19,129.29,1.0000,-1,-1,-1
25,5,573.08,58.66,49.96,55.57,1.0000,-1,-1,-1
25,7,113.88,429.16,111.09,183.93,1.0000,-1,-1,-1
25,8,231.24,299.24,88.99,148.54,1.0000,-1,-1,-1
26,1,344.54,198.67,83.88,128.80,1.0000,-1,-1,-1
26,2,730.38,317.60,104.67,147.82,1.0000,-1,-1,-1
26,3,120.59,517.31,100.21,167.77,1.0000,-1,-1,-1
26,4,1029.22,168.38,83.27,130.12,1.0000,-1,-1,-1
26,5,595.60,58.19,50.01,55.64,1.0000,-1,-1,-1
26,7,122.68,429.57,112.86,186.86,1.0000,-1,-1,-1
26,8,254.83,295.86,82.12,147.07,1.0000,-1,-1,-1
26,9,23.90,222.04,51.73,164.42,1.0000,-1,-1,-1
27,1,355.28,197.91,77.36,127.68,1.0000,-1,-1,-1
27,2,744.23,315.96,100.15,146.48,1.0000,-1,-1,-1
27,3,120.55,517.60,99.82,167.13,1.0000,-1,-1,-1
27,4,1033.21,166.21,84.55,129.97,1.0000,-1,-1,-1
27,5,618.13,57.72,50.07,55.70,1.0000,-1,-1,-1
27,7,131.50,430.01,114.60,189.74,1.0000,-1,-1,-1
27,8,271.60,294.51,74.72,145.99,1.0000,-1,-1,-1
27,9,41.06,221.04,54.32,163.02,1.0000,-1,-1,-1
28,1,364.28,197.92,74.96,126.25,1.0000,-1,-1,-1
28,2,755.38,314.27,97.57,142.71,1.0000,-1,-1,-1
28,3,120.52,517.90,99.44,166.49,1.0000,-1,-1,-1
28,4,1033.21,166.05,90.79,129.01,1.0000,-1,-1,-1
28,5,640.65,57.25,50.13,55.76,1.0000,-1,-1,-1
28,7,140.33,430.46,116.31,192.57,1.0000,-1,-1,-1
28,8,285.98,293.77,66.28,144.32,1.0000,-1,-1,-1
28,9,57.13,218.35,54.81,153.83,1.0000,-1,-1,-1
29,1,371.66,197.78,75.80,123.63,1.0000,-1,-1,-1
29,2,761.27,314.64,97.02,141.91,1.0000,-1,-1,-1
29,3,120.48,518.20,99.05,165.84,1.0000,-1,-1,-1
29,4,1030.51,165.69,98.74,128.43,1.0000,-1,-1,-1
29,5,663.17,56.78,50.18,55.82,1.0000,-1,-1,-1
29,7,149.17,430.94,118.00,195.37,1.0000,-1,-1,-1
29,8,300.48,292.60,60.05,142.28,1.0000,-1,-1,-1
29,9,73.89,221.29,55.84,153.14,1.0000,-1,-1,-1
30,1,378.33,192.89,78.45,123.14,1.0000,-1,-1,-1
30,2,767.15,315.02,96.47,141.11,1.0000,-1,-1,-1
30,3,120.44,518.50,98.66,165.19,1.0000,-1,-1,-1
30,4,1030.09,166.63,102.34,127.04,1.0000,-1,-1,-1
30,5,685.70,56.31,50.24,55.89,1.0000,-1,-1,-1
30,7,158.02,431.44,119.67,198.13,1.0000,-1,-1,-1
30,8,315.71,294.20,57.36,141.72,1.0000,-1,-1,-1
30,9,88.84,220.34,56.42,147.79,1.0000,-1,-1,-1
31,1,390.05,192.17,81.78,122.42,1.0000,-1,-1,-1
31,2,770.92,318.13,74.17,132.95,1.0000,-1,-1,-1
31,3,120.41,518.81,98.28,164.54,1.0000,-1,-1,-1
31,4,1037.92,167.91,96.92,125.10,1.0000,-1,-1,-1
31,5,708.22,55.84,50.30,55.95,1.0000,-1,-1,-1
31,7,166.89,431.95,121.31,200.85,1.0000,-1,-1,-1
31,8,332.19,294.51,63.61,141.78,1.0000,-1,-1,-1
31,9,113.32,222.58,59.80,147.26,1.0000,-1,-1,-1
32,1,391.41,189.14,87.66,122.22,1.0000,-1,-1,-1
32,2,779.57,321.81,61.08,128.09,1.0000,-1,-1,-1
32,3,120.38,519.11,97.89,163.88,1.0000,-1,-1,-1
32,4,1042.59,168.17,88.91,124.03,1.0000,-1,-1,-1
32,5,730.74,55.37,50.35,56.01,1.0000,-1,-1,-1
32,7,197.00,418.79,98.72,143.63,1.0000,-1,-1,-1
32,8,341.61,295.82,66.93,142.08,1.0000,-1,-1,-1
32,9,131.12,223.29,62.93,144.98,1.0000,-1,-1,-1
33,1,398.10,188.62,86.85,121.10,1.0000,-1,-1,-1
33,2,787.60,321.85,52.65,122.75,1.0000,-1,-1,-1
33,3,120.34,519.41,97.49,163.23,1.0000,-1,-1,-1
33,4,1044.38,166.58,82.71,124.63,1.0000,-1,-1,-1
33,5,753.27,54.89,50.41,56.07,1.0000,-1,-1,-1
33,7,203.85,420.33,94.29,133.55,1.0000,-1,-1,-1
33,8,351.07,297.06,70.77,140.50,1.0000,-1,-1,-1
33,9,147.83,223.66,63.77,140.98,1.0000,-1,-1,-1
34,1,404.80,188.10,86.04,119.97,1.0000,-1,-1,-1
34,2,794.81,323.12,49.15,120.91,1.0000,-1,-1,-1
34,3,120.31,519.72,97.10,162.57,1.0000,-1,-1,-1
34,4,1049.63,162.47,79.02,125.64,1.0000,-1,-1,-1
34,5,775.79,54.42,50.46,56.13,1.0000,-1,-1,-1
34,6,169.22,490.22,78.25,169.30,1.0000,-1,-1,-1
34,7,217.53,423.75,83.72,133.86,1.0000,-1,-1,-1
34,8,360.69,297.17,74.94,140.01,1.0000,-1,-1,-1
34,9,165.41,223.44,62.60,136.25,1.0000,-1,-1,-1
35,1,396.79,191.88,72.43,119.96,1.0000,-1,-1,-1
35,2,797.90,320.03,52.80,124.32,1.0000,-1,-1,-1
35,3,120.28,520.03,96.70,161.91,1.0000,-1,-1,-1
35,4,1054.48,159.17,79.44,128.37,1.0000,-1,-1,-1
35,5,798.31,53.95,50.52,56.20,1.0000,-1,-1,-1
35,6,175.50,483.41,73.81,157.09,1.0000,-1,-1,-1
35,7,220.89,424.61,79.61,138.92,1.0000,-1,-1,-1
35,8,372.10,297.74,79.71,139.20,1.0000,-1,-1,-1
35,9,183.73,219.94,59.67,128.64,1.0000,-1,-1,-1
36,1,401.83,192.05,71.42,118.27,1.0000,-1,-1,-1
36,2,808.28,319.98,60.01,126.48,1.0000,-1,-1,-1
36,3,120.25,520.34,96.31,161.24,1.0000,-1,-1,-1
36,4,1056.29,156.67,86.15,126.56,1.0000,-1,-1,-1
36,5,820.84,53.48,50.57,56.26,1.0000,-1,-1,-1
36,6,182.94,485.82,70.24,157.69,1.0000,-1,-1,-1
36,7,238.91,419.96,79.15,143.78,1.0000,-1,-1,-1
36,8,393.42,298.18,82.36,137.10,1.0000,-1,-1,-1
36,9,213.16,219.17,57.66,127.94,1.0000,-1,-1,-1
36,13,1.09,325.89,66.91,170.86,1.0000,-1,-1,-1
37,1,406.87,192.23,70.38,116.56,1.0000,-1,-1,-1
37,2,813.27,321.78,68.53,129.87,1.0000,-1,-1,-1
37,3,120.22,520.65,95.91,160.57,1.0000,-1,-1,-1
37,4,1053.44,156.01,93.51,125.05,1.0000,-1,-1,-1
37,5,843.36,53.01,50.63,56.32,1.0000,-1,-1,-1
37,6,190.49,484.81,72.88,161.00,1.0000,-1,-1,-1
37,7,242.55,413.39,84.46,148.86,1.0000,-1,-1,-1
37,8,410.66,296.65,82.13,135.69,1.0000,-1,-1,-1
37,9,234.21,218.78,56.09,129.60,1.0000,-1,-1,-1
37,13,9.27,321.44,61.71,166.90,1.0000,-1,-1,-1
38,1,428.54,185.08,69.12,125.32,1.0000,-1,-1,-1
38,2,817.20,322.32,76.20,130.87,1.0000,-1,-1,-1
38,3,120.19,520.96,95.51,159.90,1.0000,-1,-1,-1
38,4,1050.96,156.49,99.46,123.44,1.0000,-1,-1,-1
38,5,865.88,52.54,50.69,56.38,1.0000,-1,-1,-1
38,6,191.32,481.85,80.89,164.89,1.0000,-1,-1,-1
38,7,250.53,410.41,87.86,150.71,1.0000,-1,-1,-1
38,8,423.82,296.76,78.89,133.99,1.0000,-1,-1,-1
38,9,254.02,216.59,54.62,129.16,1.0000,-1,-1,-1
38,12,399.22,100.71,43.07,109.97,1.0000,-1,-1,-1
38,13,17.00,320.97,61.60,167.29,1.0000,-1,-1,-1
38,14,118.45,248.34,42.77,140.22,1.0000,-1,-1,-1
38,15,65.08,308.34,59.89,148.47,1.0000,-1,-1,-1
39,1,437.61,181.95,71.03,129.33,1.0000,-1,-1,-1
39,2,818.98,323.13,84.59,129.94,1.0000,-1,-1,-1
39,3,120.16,521.27,95.11,159.23,1.0000,-1,-1,-1
39,4,1053.58,157.08,99.40,123.23,1.0000,-1,-1,-1
39,5,888.41,52.07,50.74,56.44,1.0000,-1,-1,-1
39,6,188.24,479.13,95.16,168.67,1.0000,-1,-1,-1
39,7,260.33,407.56,89.76,151.34,1.0000,-1,-1,-1
39,8,436.79,296.19,73.38,133.54,1.0000,-1,-1,-1
39,9,270.34,215.79,54.32,128.71,1.0000,-1,-1,-1
39,12,413.89,102.93,41.18,105.14,1.0000,-1,-1,-1
39,13,31.17,320.45,59.15,164.53,1.0000,-1,-1,-1
39,14,132.45,247.19,42.92,140.45,1.0000,-1,-1,-1
39,15,74.92,303.38,55.41,139.36,1.0000,-1,-1,-1
40,1,442.43,189.20,74.33,126.65,1.0000,-1,-1,-1
40,2,822.37,325.68,89.05,126.04,1.0000,-1,-1,-1
40,3,120.13,521.59,94.70,158.55,1.0000,-1,-1,-1
40,4,1055.82,156.29,99.21,122.99,1.0000,-1,-1,-1
40,5,910.93,51.60,50.80,56.51,1.0000,-1,-1,-1
40,6,184.93,477.98,108.59,170.35,1.0000,-1,-1,-1
40,7,266.56,405.75,93.53,151.30,1.0000,-1,-1,-1
40,8,449.91,298.54,69.19,130.69,1.0000,-1,-1,-1
40,9,288.07,215.78,53.65,129.01,1.0000,-1,-1,-1
40,12,428.61,105.26,39.20,100.08,1.0000,-1,-1,-1
40,13,41.62,319.73,59.56,163.25,1.0000,-1,-1,-1
40,14,144.49,248.05,43.49,141.77,1.0000,-1,-1,-1
40,15,89.76,301.97,51.91,134.53,1.0000,-1,-1,-1
41,1,449.06,189.57,73.58,125.38,1.0000,-1,-1,-1
41,2,822.16,328.94,79.31,122.30,1.0000,-1,-1,-1
41,3,120.11,521.90,94.30,157.88,1.0000,-1,-1,-1
41,4,1048.89,159.96,87.40,122.53,1.0000,-1,-1,-1
41,5,933.45,51.13,50.85,56.57,1.0000,-1,-1,-1
41,6,186.67,479.46,117.30,168.50,1.0000,-1,-1,-1
41,7,276.13,406.17,94.37,151.84,1.0000,-1,-1,-1
41,8,466.07,300.72,66.37,130.10,1.0000,-1,-1,-1
41,9,315.44,215.77,52.86,128.75,1.0000,-1,-1,-1
41,12,443.38,107.72,37.11,94.75,1.0000,-1,-1,-1
41,13,56.78,318.91,64.04,162.68,1.0000,-1,-1,-1
41,14,166.41,245.27,50.33,150.21,1.0000,-1,-1,-1
41,15,100.65,301.18,48.65,126.08,1.0000,-1,-1,-1
42,1,455.69,189.94,72.83,124.09,1.0000,-1,-1,-1
42,2,827.93,332.29,71.36,118.41,1.0000,-1,-1,-1
42,3,120.08,522.22,93.89,157.19,1.0000,-1,-1,-1
42,4,1059.12,159.67,79.19,122.59,1.0000,-1,-1,-1
42,5,955.98,50.66,50.91,56.63,1.0000,-1,-1,-1
42,6,193.91,479.07,117.22,166.06,1.0000,-1,-1,-1
42,7,283.74,407.25,93.52,151.98,1.0000,-1,-1,-1
42,8,477.94,302.25,65.54,128.75,1.0000,-1,-1,-1
42,9,336.43,215.22,54.28,128.87,1.0000,-1,-1,-1
42,12,458.22,110.34,34.89,89.10,1.0000,-1,-1,-1
42,13,69.51,319.28,66.85,160.90,1.0000,-1,-1,-1
42,14,180.37,243.90,54.20,151.94,1.0000,-1,-1,-1
42,15,111.66,300.70,45.16,117.03,1.0000,-1,-1,-1
43,1,462.33,190.32,72.07,122.80,1.0000,-1,-1,-1
43,2,835.55,333.87,65.39,115.50,1.0000,-1,-1,-1
43,3,120.06,522.54,93.48,156.51,1.0000,-1,-1,-1
43,4,1066.65,159.48,76.27,122.35,1.0000,-1,-1,-1
43,5,978.50,50.19,50.96,56.69,1.0000,-1,-1,-1
43,6,197.47,477.04,118.04,167.23,1.0000,-1,-1,-1
43,7,289.17,406.74,90.95,151.97,1.0000,-1,-1,-1
43,8,489.26,302.54,64.76,126.45,1.0000,-1,-1,-1
43,9,355.44,214.39,57.39,129.34,1.0000,-1,-1,-1
43,12,473.13,113.16,32.53,83.06,1.0000,-1,-1,-1
43,13,82.57,320.16,68.60,158.10,1.0000,-1,-1,-1
43,14,193.88,242.25,58.47,152.43,1.0000,-1,-1,-1
43,15,122.81,300.60,41.37,107.21,1.0000,-1,-1,-1
44,1,468.97,190.71,71.30,121.49,1.0000,-1,-1,-1
44,2,840.69,335.31,64.26,113.50,1.0000,-1,-1,-1
44,3,120.03,522.86,93.07,155.82,1.0000,-1,-1,-1
44,4,1054.57,158.03,86.98,124.52,1.0000,-1,-1,-1
44,5,1001.02,49.72,51.02,56.75,1.0000,-1,-1,-1
44,6,208.37,471.64,103.96,160.46,1.0000,-1,-1,-1
44,7,294.66,406.05,86.78,152.39,1.0000,-1,-1,-1
44,8,496.70,305.88,65.88,125.53,1.0000,-1,-1,-1
44,9,371.86,212.80,59.76,129.81,1.0000,-1,-1,-1
44,12,488.13,116.21,29.98,76.55,1.0000,-1,-1,-1
44,13,93.47,318.23,68.64,158.19,1.0000,-1,-1,-1
44,14,207.12,242.15,60.85,151.32,1.0000,-1,-1,-1
44,15,134.15,301.00,37.20,96.40,1.0000,-1,-1,-1
45,1,475.62,191.10,70.53,120.17,1.0000,-1,-1,-1
45,2,847.04,338.61,63.62,114.46,1.0000,-1,-1,-1
45,3,120.01,523.18,92.66,155.13,1.0000,-1,-1,-1
45,4,1056.41,157.63,91.84,124.20,1.0000,-1,-1,-1
45,5,1023.55,49.25,51.07,56.81,1.0000,-1,-1,-1
45,6,217.09,470.18,92.51,156.83,1.0000,-1,-1,-1
45,7,300.01,404.46,80.90,153.31,1.0000,-1,-1,-1
45,8,505.06,304.77,66.86,119.82,1.0000,-1,-1,-1
45,9,387.05,211.89,61.33,130.27,1.0000,-1,-1,-1
45,12,503.25,119.57,27.19,69.43,1.0000,-1,-1,-1
45,13,112.56,321.37,64.66,152.26,1.0000,-1,-1,-1
45,14,220.51,241.61,63.80,149.25,1.0000,-1,-1,-1
45,15,145.76,302.09,32.49,84.21,1.0000,-1,-1,-1
46,1,475.43,202.72,62.75,116.82,1.0000,-1,-1,-1
46,2,858.56,345.64,62.17,117.16,1.0000,-1,-1,-1
46,3,119.99,523.50,92.24,154.44,1.0000,-1,-1,-1
46,4,1055.98,158.80,99.12,123.34,1.0000,-1,-1,-1
46,5,1046.07,48.77,51.13,56.87,1.0000,-1,-1,-1
46,6,232.22,469.02,83.85,155.10,1.0000,-1,-1,-1
46,7,313.72,402.74,76.62,153.79,1.0000,-1,-1,-1
46,8,517.74,304.55,66.89,119.87,1.0000,-1,-1,-1
46,9,411.69,212.40,62.89,130.93,1.0000,-1,-1,-1
46,12,518.53,123.33,24.08,61.49,1.0000,-1,-1,-1
46,13,144.99,314.98,77.93,157.05,1.0000,-1,-1,-1
46,14,241.56,242.62,63.69,147.65,1.0000,-1,-1,-1
46,15,157.78,304.22,26.98,69.93,1.0000,-1,-1,-1
47,1,479.41,202.72,63.05,116.48,1.0000,-1,-1,-1
47,2,865.49,349.44,61.29,120.44,1.0000,-1,-1,-1
47,3,119.97,523.83,91.83,153.74,1.0000,-1,-1,-1
47,4,1056.04,159.80,102.45,122.73,1.0000,-1,-1,-1
47,5,1068.59,48.30,51.18,56.94,1.0000,-1,-1,-1
47,6,241.02,467.33,78.26,154.09,1.0000,-1,-1,-1
47,7,323.05,400.54,74.16,153.72,1.0000,-1,-1,-1
47,8,523.31,308.72,71.74,118.99,1.0000,-1,-1,-1
47,9,429.96,213.11,64.10,130.51,1.0000,-1,-1,-1
47,12,534.05,127.69,20.51,52.37,1.0000,-1,-1,-1
47,13,159.60,312.59,78.42,158.03,1.0000,-1,-1,-1
47,14,257.66,242.70,62.05,147.05,1.0000,-1,-1,-1
47,15,170.52,308.25,20.01,51.85,1.0000,-1,-1,-1
48,1,485.18,202.06,64.00,117.80,1.0000,-1,-1,-1
48,2,870.00,352.13,63.06,122.52,1.0000,-1,-1,-1
48,3,119.95,524.16,91.41,153.04,1.0000,-1,-1,-1
48,4,1061.53,161.66,102.96,121.49,1.0000,-1,-1,-1
48,5,1091.12,47.83,51.24,57.00,1.0000,-1,-1,-1
48,6,244.83,466.36,76.98,153.54,1.0000,-1,-1,-1
48,7,329.56,397.49,73.21,153.91,1.0000,-1,-1,-1
48,8,532.18,309.10,74.49,117.09,1.0000,-1,-1,-1
48,9,449.81,211.91,64.31,130.92,1.0000,-1,-1,-1
48,12,549.95,133.04,16.16,41.27,1.0000,-1,-1,-1
48,13,174.21,310.19,78.90,159.00,1.0000,-1,-1,-1
48,14,268.53,240.82,56.90,145.97,1.0000,-1,-1,-1
48,15,185.52,318.13,8.52,22.07,1.0000,-1,-1,-1
49,1,491.06,203.23,63.16,116.26,1.0000,-1,-1,-1
49,2,869.32,356.00,68.60,128.00,1.0000,-1,-1,-1
49,3,119.93,524.48,90.99,152.34,1.0000,-1,-1,-1
49,4,1063.45,161.59,102.84,121.34,1.0000,-1,-1,-1
49,5,1113.64,47.36,51.29,57.06,1.0000,-1,-1,-1
49,6,246.53,464.88,78.13,153.65,1.0000,-1,-1,-1
49,7,333.40,396.81,73.62,153.28,1.0000,-1,-1,-1
49,8,540.74,310.30,76.79,116.76,1.0000,-1,-1,-1
49,9,468.95,202.35,76.81,137.86,1.0000,-1,-1,-1
49,12,566.72,140.58,10.09,25.77,1.0000,-1,-1,-1
49,13,175.00,305.72,100.09,162.72,1.0000,-1,-1,-1
49,14,280.32,240.92,50.76,142.88,1.0000,-1,-1,-1
49,15,194.78,313.12,8.52,22.07,1.0000,-1,-1,-1
50,1,496.94,204.40,62.31,114.69,1.0000,-1,-1,-1
50,2,874.77,359.08,67.83,126.57,1.0000,-1,-1,-1
50,3,119.91,524.81,90.57,151.63,1.0000,-1,-1,-1
50,4,1065.37,161.52,102.71,121.20,1.0000,-1,-1,-1
50,5,1136.17,46.89,51.35,57.12,1.0000,-1,-1,-1
50,6,250.36,464.69,78.29,153.52,1.0000,-1,-1,-1
50,7,338.02,396.12,73.92,151.83,1.0000,-1,-1,-1
50,8,550.37,310.34,77.37,116.39,1.0000,-1,-1,-1
50,9,481.54,199.37,82.42,139.29,1.0000,-1,-1,-1
50,12,580.44,140.38,10.09,25.77,1.0000,-1,-1,-1
50,13,180.00,303.23,112.18,163.23,1.0000,-1,-1,-1
50,14,292.87,240.61,46.36,140.52,1.0000,-1,-1,-1
50,15,204.04,308.12,8.52,22.07,1.0000,-1,-1,-1
51,1,502.83,205.59,61.45,113.10,1.0000,-1,-1,-1
51,2,892.51,360.23,66.20,129.22,1.0000,-1,-1,-1
51,3,119.89,525.15,90.14,150.92,1.0000,-1,-1,-1
51,4,1062.88,160.08,88.10,121.01,1.0000,-1,-1,-1
51,5,1158.69,46.42,51.40,57.18,1.0000,-1,-1,-1
51,6,261.13,464.22,77.75,150.61,1.0000,-1,-1,-1
51,7,349.21,397.56,73.31,149.86,1.0000,-1,-1,-1
51,8,568.61,309.46,75.15,115.21,1.0000,-1,-1,-1
51,9,501.21,197.30,83.07,140.39,1.0000,-1,-1,-1
51,12,594.17,140.18,10.09,25.77,1.0000,-1,-1,-1
51,13,193.33,300.00,113.87,165.69,1.0000,-1,-1,-1
51,14,310.20,239.56,43.63,138.20,1.0000,-1,-1,-1
51,15,213.30,303.11,8.52,22.07,1.0000,-1,-1,-1
52,1,508.73,206.78,60.57,111.49,1.0000,-1,-1,-1
52,2,901.49,361.18,64.76,130.32,1.0000,-1,-1,-1
52,3,119.88,525.48,89.72,150.21,1.0000,-1,-1,-1
52,4,1065.69,159.97,82.46,120.67,1.0000,-1,-1,-1
52,5,1181.21,45.95,51.46,57.24,1.0000,-1,-1,-1
52,6,267.84,465.74,76.61,147.80,1.0000,-1,-1,-1
52,7,355.10,397.72,73.29,146.56,1.0000,-1,-1,-1
52,8,581.66,308.56,73.26,114.67,1.0000,-1,-1,-1
52,9,520.87,195.23,83.71,141.47,1.0000,-1,-1,-1
52,12,607.90,139.97,10.09,25.77,1.0000,-1,-1,-1
52,13,195.23,312.44,99.70,155.98,1.0000,-1,-1,-1
52,14,321.77,238.74,42.19,136.12,1.0000,-1,-1,-1
52,15,222.56,298.10,8.52,22.07,1.0000,-1,-1,-1
53,1,526.95,219.49,58.01,114.73,1.0000,-1,-1,-1
53,2,908.14,364.21,64.03,128.86,1.0000,-1,-1,-1
53,3,119.86,525.81,89.29,149.49,1.0000,-1,-1,-1
53,4,1063.42,163.86,83.20,117.72,1.0000,-1,-1,-1
53,5,1203.74,45.48,51.51,57.30,1.0000,-1,-1,-1
53,6,268.93,466.66,78.11,145.58,1.0000,-1,-1,-1
53,7,358.95,398.79,71.52,146.64,1.0000,-1,-1,-1
53,8,592.64,309.13,71.39,115.01,1.0000,-1,-1,-1
53,9,540.54,193.17,84.35,142.55,1.0000,-1,-1,-1
53,12,621.63,139.77,10.09,25.77,1.0000,-1,-1,-1
53,13,208.30,319.11,91.13,149.65,1.0000,-1,-1,-1
53,14,331.05,238.40,42.47,133.24,1.0000,-1,-1,-1
53,15,231.81,293.09,8.52,22.07,1.0000,-1,-1,-1
54,1,537.99,218.35,57.41,115.85,1.0000,-1,-1,-1
54,2,914.80,367.25,63.29,127.37,1.0000,-1,-1,-1
54,3,119.85,526.15,88.86,148.77,1.0000,-1,-1,-1
54,4,1063.29,167.64,85.15,113.21,1.0000,-1,-1,-1
54,5,1226.26,45.01,51.57,57.36,1.0000,-1,-1,-1
54,6,266.89,466.86,81.52,144.97,1.0000,-1,-1,-1
54,7,362.75,397.94,69.60,145.45,1.0000,-1,-1,-1
54,8,604.02,309.81,68.37,115.84,1.0000,-1,-1,-1
54,9,560.21,191.11,84.98,143.62,1.0000,-1,-1,-1
54,12,635.36,139.57,10.09,25.77,1.0000,-1,-1,-1
54,13,219.24,317.90,85.40,147.86,1.0000,-1,-1,-1
54,14,335.00,239.72,50.72,135.70,1.0000,-1,-1,-1
54,15,241.07,288.08,8.52,22.07,1.0000,-1,-1,-1
54,17,927.21,353.37,52.18,146.32,1.0000,-1,-1,-1
55,1,548.63,217.99,56.89,118.03,1.0000,-1,-1,-1
55,2,921.46,370.31,62.54,125.87,1.0000,-1,-1,-1
55,3,119.84,526.49,88.43,148.05,1.0000,-1,-1,-1
55,4,1057.51,167.23,90.70,111.32,1.0000,-1,-1,-1
55,5,1248.79,44.54,51.62,57.42,1.0000,-1,-1,-1
55,6,265.41,466.35,84.60,144.52,1.0000,-1,-1,-1
55,7,365.64,398.85,69.49,145.99,1.0000,-1,-1,-1
55,8,613.97,311.02,66.17,116.57,1.0000,-1,-1,-1
55,9,579.89,189.05,85.61,144.68,1.0000,-1,-1,-1
55,12,649.08,139.36,10.09,25.77,1.0000,-1,-1,-1
55,13,228.10,313.28,81.19,149.59,1.0000,-1,-1,-1
55,14,337.59,240.46,58.54,137.12,1.0000,-1,-1,-1
55,15,250.33,283.08,8.52,22.07,1.0000,-1,-1,-1
55,17,930.85,351.97,53.73,150.69,1.0000,-1,-1,-1
56,1,565.63,211.84,52.62,113.61,1.0000,-1,-1,-1
56,2,928.12,373.37,61.79,124.34,1.0000,-1,-1,-1
56,3,119.82,526.83,87.99,147.32,1.0000,-1,-1,-1
56,4,1057.95,167.42,90.36,110.90,1.0000,-1,-1,-1
56,5,1271.31,44.07,51.68,57.48,1.0000,-1,-1,-1
56,6,269.06,465.05,86.25,143.53,1.0000,-1,-1,-1
56,7,368.10,397.50,70.97,146.97,1.0000,-1,-1,-1
56,8,629.16,312.63,63.23,118.21,1.0000,-1,-1,-1
56,9,599.56,187.00,86.24,145.73,1.0000,-1,-1,-1
56,12,662.81,139.16,10.09,25.77,1.0000,-1,-1,-1
56,13,239.17,311.99,81.42,150.02,1.0000,-1,-1,-1
56,14,345.16,240.50,65.15,138.10,1.0000,-1,-1,-1
56,15,259.59,278.07,8.52,22.07,1.0000,-1,-1,-1
56,17,929.93,345.27,64.83,158.02,1.0000,-1,-1,-1
56,18,499.97,193.20,41.65,123.04,1.0000,-1,-1,-1
57,1,576.64,211.28,49.58,109.51,1.0000,-1,-1,-1
57,2,934.79,376.44,61.02,122.80,1.0000,-1,-1,-1
57,3,119.81,527.17,87.55,146.59,1.0000,-1,-1,-1
57,4,1058.39,167.61,90.02,110.48,1.0000,-1,-1,-1
57,5,1293.83,43.60,51.73,57.54,1.0000,-1,-1,-1
57,6,273.22,464.81,86.58,143.76,1.0000,-1,-1,-1
57,7,366.87,397.01,73.59,147.44,1.0000,-1,-1,-1
57,8,640.33,313.00,60.53,119.78,1.0000,-1,-1,-1
57,9,619.24,184.95,86.85,146.78,1.0000,-1,-1,-1
57,12,676.54,138.96,10.09,25.77,1.0000,-1,-1,-1
57,13,246.87,313.48,70.28,147.24,1.0000,-1,-1,-1
57,14,351.52,240.76,69.07,137.45,1.0000,-1,-1,-1
57,15,268.85,273.06,8.52,22.07,1.0000,-1,-1,-1
57,17,932.90,341.06,67.85,165.38,1.0000,-1,-1,-1
57,18,497.74,189.35,47.44,128.74,1.0000,-1,-1,-1
58,1,585.01,212.42,48.64,107.44,1.0000,-1,-1,-1
58,2,941.46,379.52,60.25,121.24,1.0000,-1,-1,-1
58,3,119.80,527.51,87.12,145.85,1.0000,-1,-1,-1
58,4,1058.83,167.81,89.68,110.06,1.0000,-1,-1,-1
58,5,1316.36,43.13,51.79,57.61,1.0000,-1,-1,-1
58,6,277.05,464.15,85.01,143.96,1.0000,-1,-1,-1
58,7,366.14,398.13,75.15,146.74,1.0000,-1,-1,-1
58,8,648.14,313.12,58.30,121.23,1.0000,-1,-1,-1
58,9,638.92,182.91,87.47,147.82,1.0000,-1,-1,-1
58,12,690.27,138.76,10.09,25.77,1.0000,-1,-1,-1
58,13,253.44,312.87,63.16,146.98,1.0000,-1,-1,-1
58,14,355.95,240.35,70.84,136.75,1.0000,-1,-1,-1
58,15,278.10,268.05,8.52,22.07,1.0000,-1,-1,-1
58,17,935.95,337.01,70.75,172.43,1.0000,-1,-1,-1
58,18,492.86,186.70,54.26,134.76,1.0000,-1,-1,-1
59,1,593.39,213.58,47.69,105.33,1.0000,-1,-1,-1
59,2,948.14,382.61,59.46,119.66,1.0000,-1,-1,-1
59,3,119.79,527.86,86.67,145.11,1.0000,-1,-1,-1
59,4,1059.27,168.00,89.33,109.64,1.0000,-1,-1,-1
59,5,1338.88,42.66,51.84,57.67,1.0000,-1,-1,-1
59,6,281.60,464.08,82.94,144.54,1.0000,-1,-1,-1
59,7,366.32,399.18,74.78,145.74,1.0000,-1,-1,-1
59,8,653.73,313.81,56.40,122.35,1.0000,-1,-1,-1
59,9,658.60,180.87,88.08,148.85,1.0000,-1,-1,-1
59,12,704.00,138.55,10.09,25.77,1.0000,-1,-1,-1
59,13,263.28,312.22,62.91,146.38,1.0000,-1,-1,-1
59,14,358.41,239.91,71.00,136.07,1.0000,-1,-1,-1
59,15,287.36,263.04,8.52,22.07,1.0000,-1,-1,-1
59,17,943.37,338.36,67.39,156.23,1.0000,-1,-1,-1
59,18,485.78,184.49,61.53,138.59,1.0000,-1,-1,-1
60,1,597.12,212.21,42.64,103.37,1.0000,-1,-1,-1
60,2,954.83,385.71,58.67,118.06,1.0000,-1,-1,-1
60,3,119.79,528.21,86.23,144.37,1.0000,-1,-1,-1
60,4,1059.71,168.20,88.99,109.22,1.0000,-1,-1,-1
60,5,1361.41,42.19,51.89,57.73,1.0000,-1,-1,-1
60,6,285.09,463.84,80.86,145.64,1.0000,-1,-1,-1
60,7,366.45,399.99,73.89,145.01,1.0000,-1,-1,-1
60,8,659.66,314.16,55.31,123.53,1.0000,-1,-1,-1
60,9,678.29,178.83,88.69,149.88,1.0000,-1,-1,-1
60,12,717.73,138.35,10.09,25.77,1.0000,-1,-1,-1
60,13,259.54,311.12,57.96,147.85,1.0000,-1,-1,-1
60,14,359.31,240.07,69.55,135.73,1.0000,-1,-1,-1
60,15,296.62,258.04,8.52,22.07,1.0000,-1,-1,-1
60,17,947.26,334.80,69.05,160.06,1.0000,-1,-1,-1
60,18,475.94,183.14,70.04,140.02,1.0000,-1,-1,-1
61,1,604.45,213.79,40.11,104.95,1.0000,-1,-1,-1
61,2,961.52,388.83,57.86,116.43,1.0000,-1,-1,-1
61,3,119.78,528.56,85.79,143.63,1.0000,-1,-1,-1
61,4,1060.15,168.39,88.64,108.79,1.0000,-1,-1,-1
61,5,1383.93,41.72,51.95,57.79,1.0000,-1,-1,-1
61,6,289.88,462.21,78.12,147.93,1.0000,-1,-1,-1
61,7,369.07,398.42,72.26,144.28,1.0000,-1,-1,-1
61,8,666.84,313.63,54.93,125.53,1.0000,-1,-1,-1
61,9,697.98,176.79,89.29,150.89,1.0000,-1,-1,-1
61,12,731.45,138.15,10.09,25.77,1.0000,-1,-1,-1
61,13,268.01,310.65,57.63,146.99,1.0000,-1,-1,-1
61,14,363.31,238.86,62.12,134.79,1.0000,-1,-1,-1
61,15,305.88,253.03,8.52,22.07,1.0000,-1,-1,-1
61,17,951.17,331.29,70.66,163.80,1.0000,-1,-1,-1
61,18,460.87,186.49,78.84,138.37,1.0000,-1,-1,-1
62,1,608.89,213.33,38.19,106.79,1.0000,-1,-1,-1
62,2,968.21,391.95,57.04,114.79,1.0000,-1,-1,-1
62,3,119.77,528.91,85.34,142.88,1.0000,-1,-1,-1
62,4,1060.59,168.59,88.29,108.36,1.0000,-1,-1,-1
62,5,1406.45,41.25,52.00,57.85,1.0000,-1,-1,-1
62,6,293.70,460.99,75.89,149.25,1.0000,-1,-1,-1
62,7,370.16,394.87,69.44,144.54,1.0000,-1,-1,-1
62,8,671.81,312.33,54.17,127.23,1.0000,-1,-1,-1
62,9,717.66,174.76,89.89,151.90,1.0000,-1,-1,-1
62,12,745.18,137.94,10.09,25.77,1.0000,-1,-1,-1
62,13,256.39,311.15,61.84,152.23,1.0000,-1,-1,-1
62,14,365.18,236.91,55.68,133.31,1.0000,-1,-1,-1
62,15,315.14,248.02,8.52,22.07,1.0000,-1,-1,-1
62,17,955.09,327.82,72.24,167.46,1.0000,-1,-1,-1
62,18,451.90,187.91,81.87,136.85,1.0000,-1,-1,-1
63,1,616.28,214.86,37.20,104.01,1.0000,-1,-1,-1
63,2,974.91,395.09,56.21,113.12,1.0000,-1,-1,-1
63,3,119.77,529.26,84.89,142.12,1.0000,-1,-1,-1
63,4,1061.03,168.79,87.94,107.93,1.0000,-1,-1,-1
63,5,1428.98,40.78,52.06,57.91,1.0000,-1,-1,-1
63,6,296.46,459.98,74.40,150.98,1.0000,-1,-1,-1
63,7,372.21,392.04,66.91,144.16,1.0000,-1,-1,-1
63,8,674.97,311.12,53.38,128.89,1.0000,-1,-1,-1
63,9,737.35,172.74,90.48,152.91,1.0000,-1,-1,-1
63,12,758.91,137.74,10.09,25.77,1.0000,-1,-1,-1
63,13,251.50,310.35,65.00,154.75,1.0000,-1,-1,-1
63,14,367.04,236.18,50.86,133.39,1.0000,-1,-1,-1
63,15,324.39,243.01,8.52,22.07,1.0000,-1,-1,-1
63,17,959.03,324.38,73.78,171.04,1.0000,-1,-1,-1
63,18,447.92,189.69,81.20,133.74,1.0000,-1,-1,-1
63,19,1012.17,151.83,78.12,122.04,1.0000,-1,-1,-1
64,1,623.69,216.44,36.18,101.15,1.0000,-1,-1,-1
64,2,981.62,398.24,55.37,111.42,1.0000,-1,-1,-1
64,3,119.77,529.62,84.44,141.37,1.0000,-1,-1,-1
64,4,1061.48,168.99,87.59,107.50,1.0000,-1,-1,-1
64,5,1451.50,40.31,52.11,57.97,1.0000,-1,-1,-1
64,6,299.52,459.37,72.95,152.37,1.0000,-1,-1,-1
64,7,373.62,390.57,64.77,143.87,1.0000,-1,-1,-1
64,8,679.11,310.50,52.89,130.31,1.0000,-1,-1,-1
64,9,757.05,170.71,91.07,153.91,1.0000,-1,-1,-1
64,12,772.64,137.54,10.09,25.77,1.0000,-1,-1,-1
64,13,247.50,311.62,68.95,155.25,1.0000,-1,-1,-1
64,14,368.22,236.05,47.72,134.22,1.0000,-1,-1,-1
64,15,333.65,238.00,8.52,22.07,1.0000,-1,-1,-1
64,17,962.99,320.99,75.30,174.55,1.0000,-1,-1,-1
64,18,443.12,191.16,80.66,131.64,1.0000,-1,-1,-1
64,19,997.38,142.61,90.32,128.88,1.0000,-1,-1,-1
65,1,617.38,211.91,35.77,106.92,1.0000,-1,-1,-1
65,2,988.33,401.40,54.51,109.70,1.0000,-1,-1,-1
65,3,119.77,529.97,83.98,140.60,1.0000,-1,-1,-1
65,4,1061.92,169.19,87.24,107.07,1.0000,-1,-1,-1
65,5,1474.03,39.84,52.16,58.03,1.0000,-1,-1,-1
65,6,301.18,459.49,71.75,154.09,1.0000,-1,-1,-1
65,7,374.13,389.68,63.35,143.60,1.0000,-1,-1,-1
65,8,681.55,310.54,52.50,131.35,1.0000,-1,-1,-1
65,9,776.74,168.69,91.66,154.90,1.0000,-1,-1,-1
65,12,786.37,137.33,10.09,25.77,1.0000,-1,-1,-1
65,13,244.01,311.19,71.87,156.79,1.0000,-1,-1,-1
65,14,367.92,235.43,45.45,135.07,1.0000,-1,-1,-1
65,15,342.91,233.00,8.52,22.07,1.0000,-1,-1,-1
65,17,966.96,317.63,76.78,177.98,1.0000,-1,-1,-1
65,18,435.53,190.98,80.09,130.80,1.0000,-1,-1,-1
65,19,986.59,133.89,96.47,137.66,1.0000,-1,-1,-1
66,1,617.51,207.44,37.59,109.88,1.0000,-1,-1,-1
66,2,995.05,404.57,53.64,107.95,1.0000,-1,-1,-1
66,3,119.77,530.33,83.52,139.84,1.0000,-1,-1,-1
66,4,1062.37,169.39,86.88,106.63,1.0000,-1,-1,-1
66,5,1496.55,39.37,52.22,58.09,1.0000,-1,-1,-1
66,6,301.75,460.34,71.94,155.66,1.0000,-1,-1,-1
66,7,372.21,391.25,63.22,146.76,1.0000,-1,-1,-1
66,8,683.62,311.30,52.59,131.88,1.0000,-1,-1,-1
66,9,796.44,166.67,92.24,155.88,1.0000,-1,-1,-1
66,12,800.10,137.13,10.09,25.77,1.0000,-1,-1,-1
66,13,240.92,311.61,75.08,157.61,1.0000,-1,-1,-1
66,14,365.30,233.14,43.64,134.87,1.0000,-1,-1,-1
66,15,352.17,227.99,8.52,22.07,1.0000,-1,-1,-1
66,17,987.82,330.18,60.13,140.01,1.0000,-1,-1,-1
66,18,427.25,190.11,72.72,129.01,1.0000,-1,-1,-1
66,19,975.98,125.43,102.25,145.90,1.0000,-1,-1,-1
66,20,301.35,289.07,63.85,144.71,1.0000,-1,-1,-1
67,1,616.45,204.19,38.71,112.03,1.0000,-1,-1,-1
67,2,1001.78,407.76,52.76,106.17,1.0000,-1,-1,-1
67,3,119.77,530.70,83.06,139.07,1.0000,-1,-1,-1
67,4,1062.81,169.59,86.53,106.20,1.0000,-1,-1,-1
67,6,301.27,460.58,72.34,156.90,1.0000,-1,-1,-1
67,7,368.78,392.15,63.78,149.86,1.0000,-1,-1,-1
67,8,685.41,311.73,52.88,132.46,1.0000,-1,-1,-1
67,9,816.14,164.66,92.82,156.86,1.0000,-1,-1,-1
67,12,813.82,136.93,10.09,25.77,1.0000,-1,-1,-1
67,13,238.61,312.20,77.28,158.06,1.0000,-1,-1,-1
67,14,362.78,231.09,42.92,133.96,1.0000,-1,-1,-1
67,15,361.43,222.98,8.52,22.07,1.0000,-1,-1,-1
67,17,990.78,331.99,60.02,140.19,1.0000,-1,-1,-1
67,18,419.15,189.19,69.52,127.74,1.0000,-1,-1,-1
67,19,965.53,117.20,107.72,153.71,1.0000,-1,-1,-1
67,20,296.74,287.70,66.99,144.89,1.0000,-1,-1,-1
68,1,614.99,203.03,38.74,112.84,1.0000,-1,-1,-1
68,2,1008.52,410.97,51.86,104.36,1.0000,-1,-1,-1
68,3,119.77,531.06,82.60,138.29,1.0000,-1,-1,-1
68,4,1063.26,169.80,86.17,105.76,1.0000,-1,-1,-1
68,6,300.49,460.11,73.44,158.35,1.0000,-1,-1,-1
68,7,365.38,393.14,64.96,151.10,1.0000,-1,-1,-1
68,8,686.49,312.16,52.95,133.41,1.0000,-1,-1,-1
68,9,835.84,162.65,93.40,157.83,1.0000,-1,-1,-1
68,12,827.55,136.72,10.09,25.77,1.0000,-1,-1,-1
68,13,236.01,311.90,78.68,159.05,1.0000,-1,-1,-1
68,14,366.96,230.48,42.71,133.31,1.0000,-1,-1,-1
68,15,370.68,217.97,8.52,22.07,1.0000,-1,-1,-1
68,17,992.53,332.07,60.69,137.06,1.0000,-1,-1,-1
68,18,410.73,186.00,69.62,130.04,1.0000,-1,-1,-1
68,19,955.21,109.15,112.93,161.14,1.0000,-1,-1,-1
68,20,292.37,289.20,67.13,143.17,1.0000,-1,-1,-1
69,1,614.39,201.88,40.17,113.83,1.0000,-1,-1,-1
69,2,1015.26,414.19,50.94,102.52,1.0000,-1,-1,-1
69,3,119.77,531.42,82.14,137.51,1.0000,-1,-1,-1
69,4,1063.70,170.00,85.81,105.32,1.0000,-1,-1,-1
69,6,298.54,459.86,73.63,159.41,1.0000,-1,-1,-1
69,7,361.46,394.36,66.27,151.15,1.0000,-1,-1,-1
69,8,687.36,311.68,52.87,134.12,1.0000,-1,-1,-1
69,9,855.54,160.64,93.97,158.80,1.0000,-1,-1,-1
69,12,841.28,136.52,10.09,25.77,1.0000,-1,-1,-1
69,13,233.98,312.27,78.99,158.99,1.0000,-1,-1,-1
69,14,371.15,229.87,42.50,132.65,1.0000,-1,-1,-1
69,15,379.94,212.96,8.52,22.07,1.0000,-1,-1,-1
69,17,996.25,331.35,59.51,135.27,1.0000,-1,-1,-1
69,18,400.77,185.42,73.04,131.95,1.0000,-1,-1,-1
69,19,945.00,101.27,117.91,168.24,1.0000,-1,-1,-1
69,20,290.18,289.71,68.47,143.28,1.0000,-1,-1,-1
70,1,613.15,201.17,41.83,114.51,1.0000,-1,-1,-1
70,2,1022.01,417.43,50.01,100.65,1.0000,-1,-1,-1
70,3,119.78,531.79,81.67,136.73,1.0000,-1,-1,-1
70,4,1064.15,170.20,85.45,104.87,1.0000,-1,-1,-1
70,6,294.73,459.46,72.66,160.38,1.0000,-1,-1,-1
70,7,357.49,395.90,67.62,150.56,1.0000,-1,-1,-1
70,8,687.75,311.26,52.92,134.63,1.0000,-1,-1,-1
70,9,875.24,158.63,94.54,159.76,1.0000,-1,-1,-1
70,12,855.01,136.32,10.09,25.77,1.0000,-1,-1,-1
70,13,231.98,312.31,77.61,158.95,1.0000,-1,-1,-1
70,14,375.34,229.26,42.29,132.00,1.0000,-1,-1,-1
70,15,389.20,207.96,8.52,22.07,1.0000,-1,-1,-1
70,17,1001.25,330.98,58.08,134.73,1.0000,-1,-1,-1
70,18,390.30,184.11,77.40,134.76,1.0000,-1,-1,-1
70,19,934.90,93.53,122.68,175.06,1.0000,-1,-1,-1
70,20,285.38,289.16,71.79,144.45,1.0000,-1,-1,-1
70,21,1193.76,486.29,83.05,164.34,1.0000,-1,-1,-1
71,1,610.58,199.55,44.36,114.27,1.0000,-1,-1,-1
71,2,1028.77,420.68,49.06,98.74,1.0000,-1,-1,-1
71,3,119.78,532.16,81.20,135.94,1.0000,-1,-1,-1
71,4,1064.60,170.41,85.09,104.43,1.0000,-1,-1,-1
71,6,291.59,458.93,69.85,161.50,1.0000,-1,-1,-1
71,7,353.39,397.29,68.24,150.10,1.0000,-1,-1,-1
71,8,688.57,309.95,53.33,135.64,1.0000,-1,-1,-1
71,9,894.95,156.63,95.10,160.72,1.0000,-1,-1,-1
71,12,868.74,136.11,10.09,25.77,1.0000,-1,-1,-1
71,13,229.48,311.69,76.32,158.44,1.0000,-1,-1,-1
71,14,379.52,228.65,42.08,131.34,1.0000,-1,-1,-1
71,15,398.46,202.95,8.52,22.07,1.0000,-1,-1,-1
71,17,1006.46,330.61,57.01,135.03,1.0000,-1,-1,-1
71,18,381.38,183.98,79.73,140.75,1.0000,-1,-1,-1
71,19,924.88,85.92,127.28,181.62,1.0000,-1,-1,-1
71,20,279.42,288.78,74.05,145.62,1.0000,-1,-1,-1
71,21,1192.11,488.95,82.54,161.25,1.0000,-1,-1,-1
72,1,606.75,199.53,47.23,115.96,1.0000,-1,-1,-1
72,2,1035.54,423.96,48.10,96.79,1.0000,-1,-1,-1
72,3,119.79,532.54,80.72,135.15,1.0000,-1,-1,-1
72,4,1065.05,170.62,84.72,103.98,1.0000,-1,-1,-1
72,6,289.85,459.36,66.76,161.97,1.0000,-1,-1,-1
72,7,351.06,397.94,68.35,150.22,1.0000,-1,-1,-1
72,8,688.73,309.20,53.69,136.62,1.0000,-1,-1,-1
72,9,918.94,134.33,78.34,125.46,1.0000,-1,-1,-1
72,12,882.46,135.91,10.09,25.77,1.0000,-1,-1,-1
72,13,225.69,311.63,74.97,159.18,1.0000,-1,-1,-1
72,14,383.71,228.04,41.87,130.67,1.0000,-1,-1,-1
72,15,407.72,197.94,8.52,22.07,1.0000,-1,-1,-1
72,17,1011.06,330.35,54.83,133.93,1.0000,-1,-1,-1
72,18,374.59,185.81,80.60,144.08,1.0000,-1,-1,-1
72,19,914.95,78.43,131.72,187.94,1.0000,-1,-1,-1
72,20,274.24,287.80,76.47,148.01,1.0000,-1,-1,-1
72,21,1188.05,492.16,73.72,154.62,1.0000,-1,-1,-1
73,1,609.66,199.88,46.57,114.33,1.0000,-1,-1,-1
73,2,1042.32,427.25,47.11,94.80,1.0000,-1,-1,-1
73,3,119.80,532.91,80.25,134.35,1.0000,-1,-1,-1
73,4,1065.50,170.82,84.36,103.54,1.0000,-1,-1,-1
73,6,288.39,459.52,64.46,162.01,1.0000,-1,-1,-1
73,7,349.74,398.18,68.35,150.49,1.0000,-1,-1,-1
73,8,688.68,308.82,53.87,137.28,1.0000,-1,-1,-1
73,9,912.21,129.20,85.40,124.79,1.0000,-1,-1,-1
73,12,896.19,135.71,10.09,25.77,1.0000,-1,-1,-1
73,13,223.51,311.62,73.54,159.87,1.0000,-1,-1,-1
73,14,387.90,227.44,41.66,130.01,1.0000,-1,-1,-1
73,15,416.97,192.93,8.52,22.07,1.0000,-1,-1,-1
73,17,1017.33,330.29,51.94,133.19,1.0000,-1,-1,-1
73,18,368.90,187.39,80.44,143.36,1.0000,-1,-1,-1
73,19,905.08,71.04,136.01,194.07,1.0000,-1,-1,-1
73,20,269.08,287.71,78.70,148.09,1.0000,-1,-1,-1
73,21,1180.16,493.04,67.49,152.03,1.0000,-1,-1,-1
73,22,332.89,231.81,57.32,137.02,1.0000,-1,-1,-1
74,1,597.16,198.29,48.95,117.21,1.0000,-1,-1,-1
74,2,1049.12,430.57,46.10,92.77,1.0000,-1,-1,-1
74,3,119.81,533.29,79.77,133.55,1.0000,-1,-1,-1
74,4,1065.95,171.03,83.99,103.09,1.0000,-1,-1,-1
74,6,288.44,460.06,61.96,161.70,1.0000,-1,-1,-1
74,7,349.11,397.96,68.23,150.91,1.0000,-1,-1,-1
74,8,688.37,308.38,54.04,138.05,1.0000,-1,-1,-1
74,9,930.10,125.64,85.69,125.21,1.0000,-1,-1,-1
74,12,909.92,135.50,10.09,25.77,1.0000,-1,-1,-1
74,13,222.10,312.11,71.55,160.38,1.0000,-1,-1,-1
74,14,392.09,226.83,41.44,129.34,1.0000,-1,-1,-1
74,15,426.23,187.92,8.52,22.07,1.0000,-1,-1,-1
74,17,1022.39,329.85,49.61,132.79,1.0000,-1,-1,-1
74,18,364.30,188.62,82.13,143.90,1.0000,-1,-1,-1
74,19,895.29,63.74,140.17,200.00,1.0000,-1,-1,-1
74,20,265.36,288.33,80.69,147.51,1.0000,-1,-1,-1
74,21,1170.94,492.14,65.95,154.19,1.0000,-1,-1,-1
74,22,333.38,241.33,52.52,127.75,1.0000,-1,-1,-1
75,1,591.63,196.81,50.20,118.62,1.0000,-1,-1,-1
75,2,1055.92,433.91,45.07,90.69,1.0000,-1,-1,-1
75,3,119.82,533.67,79.29,132.75,1.0000,-1,-1,-1
75,4,1066.40,171.24,83.63,102.64,1.0000,-1,-1,-1
75,6,288.38,460.54,60.39,161.66,1.0000,-1,-1,-1
75,7,348.08,398.99,68.49,152.66,1.0000,-1,-1,-1
75,8,688.38,307.63,54.19,138.85,1.0000,-1,-1,-1
75,9,948.00,122.08,85.97,125.62,1.0000,-1,-1,-1
75,12,923.65,135.30,10.09,25.77,1.0000,-1,-1,-1
75,13,217.48,311.85,67.63,161.14,1.0000,-1,-1,-1
75,14,396.28,226.23,41.23,128.66,1.0000,-1,-1,-1
75,15,435.49,182.92,8.52,22.07,1.0000,-1,-1,-1
75,17,1025.72,330.38,47.65,133.35,1.0000,-1,-1,-1
75,18,355.24,186.95,79.03,139.57,1.0000,-1,-1,-1
75,19,872.36,133.32,103.81,119.93,1.0000,-1,-1,-1
75,20,262.39,288.50,79.12,147.39,1.0000,-1,-1,-1
75,21,1157.43,488.18,68.82,159.43,1.0000,-1,-1,-1
75,22,332.72,248.59,49.77,121.06,1.0000,-1,-1,-1
76,1,592.73,197.03,49.61,117.24,1.0000,-1,-1,-1
76,2,1062.73,437.27,44.01,88.57,1.0000,-1,-1,-1
76,3,119.83,534.05,78.80,131.93,1.0000,-1,-1,-1
76,4,1066.85,171.45,83.26,102.18,1.0000,-1,-1,-1
76,6,288.14,461.06,59.52,161.51,1.0000,-1,-1,-1
76,7,346.69,399.79,69.01,154.25,1.0000,-1,-1,-1
76,8,688.89,307.11,54.97,139.95,1.0000,-1,-1,-1
76,9,965.89,118.53,86.26,126.04,1.0000,-1,-1,-1
76,12,937.38,135.10,10.09,25.77,1.0000,-1,-1,-1
76,13,212.47,311.66,62.12,161.29,1.0000,-1,-1,-1
76,14,400.47,225.63,41.01,127.98,1.0000,-1,-1,-1
76,15,444.75,177.91,8.52,22.07,1.0000,-1,-1,-1
76,17,1030.20,328.17,45.35,131.21,1.0000,-1,-1,-1
76,18,347.99,186.16,80.01,141.31,1.0000,-1,-1,-1
76,19,861.34,131.02,105.02,121.33,1.0000,-1,-1,-1
76,20,256.96,290.39,79.14,149.23,1.0000,-1,-1,-1
76,21,1125.09,483.44,81.09,164.15,1.0000,-1,-1,-1
76,22,332.14,256.06,46.86,113.97,1.0000,-1,-1,-1
77,1,593.84,197.27,49.02,115.84,1.0000,-1,-1,-1
77,2,1069.56,440.66,42.93,86.39,1.0000,-1,-1,-1
77,3,119.85,534.44,78.31,131.12,1.0000,-1,-1,-1
77,4,1067.31,171.66,82.88,101.73,1.0000,-1,-1,-1
77,6,287.51,461.70,59.35,161.06,1.0000,-1,-1,-1
77,7,345.35,400.14,69.68,155.29,1.0000,-1,-1,-1
77,8,688.97,306.95,55.69,141.41,1.0000,-1,-1,-1
77,9,983.79,114.97,86.54,126.45,1.0000,-1,-1,-1
77,12,951.11,134.89,10.09,25.77,1.0000,-1,-1,-1
77,13,209.71,312.38,59.09,161.97,1.0000,-1,-1,-1
77,14,404.66,225.03,40.79,127.30,1.0000,-1,-1,-1
77,15,454.01,172.90,8.52,22.07,1.0000,-1,-1,-1
77,17,1034.58,327.42,45.01,130.23,1.0000,-1,-1,-1
77,18,330.99,185.15,76.71,144.72,1.0000,-1,-1,-1
77,19,850.33,128.73,106.21,122.71,1.0000,-1,-1,-1
77,20,254.27,290.84,77.23,151.08,1.0000,-1,-1,-1
77,21,1104.04,482.83,87.72,164.12,1.0000,-1,-1,-1
77,22,331.65,263.76,43.75,106.42,1.0000,-1,-1,-1
78,1,594.96,197.52,48.42,114.43,1.0000,-1,-1,-1
78,2,1076.40,444.08,41.82,84.16,1.0000,-1,-1,-1
78,3,119.87,534.82,77.82,130.30,1.0000,-1,-1,-1
78,4,1067.76,171.87,82.51,101.27,1.0000,-1,-1,-1
78,6,287.13,462.06,59.36,160.41,1.0000,-1,-1,-1
78,7,344.33,400.62,70.33,155.94,1.0000,-1,-1,-1
78,8,689.69,306.18,56.35,142.57,1.0000,-1,-1,-1
78,9,1001.68,111.42,86.82,126.86,1.0000,-1,-1,-1
78,12,964.83,134.69,10.09,25.77,1.0000,-1,-1,-1
78,13,205.90,312.87,57.67,162.66,1.0000,-1,-1,-1
78,14,408.85,224.44,40.57,126.62,1.0000,-1,-1,-1
78,15,463.26,167.89,8.52,22.07,1.0000,-1,-1,-1
78,17,1037.51,325.88,41.43,126.20,1.0000,-1,-1,-1
78,18,323.96,189.13,76.02,156.42,1.0000,-1,-1,-1
78,19,839.33,126.45,107.39,124.07,1.0000,-1,-1,-1
78,20,251.37,291.34,73.06,151.69,1.0000,-1,-1,-1
78,21,1087.79,484.87,91.80,164.19,1.0000,-1,-1,-1
78,22,331.28,271.74,40.41,98.28,1.0000,-1,-1,-1
79,1,581.08,186.64,49.84,113.38,1.0000,-1,-1,-1
79,2,1083.25,447.52,40.68,81.87,1.0000,-1,-1,-1
79,3,119.88,535.21,77.33,129.47,1.0000,-1,-1,-1
79,4,1068.21,172.09,82.14,100.81,1.0000,-1,-1,-1
79,6,286.86,462.16,59.76,159.87,1.0000,-1,-1,-1
79,7,343.95,401.57,70.66,156.10,1.0000,-1,-1,-1
79,8,690.10,305.65,56.97,143.70,1.0000,-1,-1,-1
79,9,1019.58,107.86,87.10,127.27,1.0000,-1,-1,-1
79,12,978.56,134.49,10.09,25.77,1.0000,-1,-1,-1
79,13,200.53,313.13,56.47,164.95,1.0000,-1,-1,-1
79,14,413.05,223.84,40.35,125.93,1.0000,-1,-1,-1
79,15,472.52,162.88,8.52,22.07,1.0000,-1,-1,-1
79,17,1039.64,327.25,39.44,125.20,1.0000,-1,-1,-1
79,18,321.54,187.96,74.15,163.92,1.0000,-1,-1,-1
79,19,828.33,124.18,108.56,125.42,1.0000,-1,-1,-1
79,20,250.11,292.20,68.87,151.76,1.0000,-1,-1,-1
79,21,1080.08,487.89,89.29,162.38,1.0000,-1,-1,-1
79,22,331.07,280.10,36.76,89.41,1.0000,-1,-1,-1
80,1,576.78,186.12,52.33,114.67,1.0000,-1,-1,-1
80,2,1090.13,451.01,39.51,79.51,1.0000,-1,-1,-1
80,3,119.90,535.61,76.83,128.64,1.0000,-1,-1,-1
80,4,1068.67,172.30,81.76,100.35,1.0000,-1,-1,-1
80,6,286.11,462.38,60.14,159.77,1.0000,-1,-1,-1
80,7,344.21,402.62,70.62,155.79,1.0000,-1,-1,-1
80,8,690.26,305.00,57.63,144.40,1.0000,-1,-1,-1
80,9,1037.48,104.31,87.38,127.68,1.0000,-1,-1,-1
80,12,992.29,134.29,10.09,25.77,1.0000,-1,-1,-1
80,13,198.74,312.77,58.22,166.74,1.0000,-1,-1,-1
80,14,417.24,223.25,40.13,125.24,1.0000,-1,-1,-1
80,15,481.78,157.88,8.52,22.07,1.0000,-1,-1,-1
80,17,1040.56,329.40,39.63,127.07,1.0000,-1,-1,-1
80,18,320.72,183.38,71.51,165.19,1.0000,-1,-1,-1
80,19,817.34,121.91,109.72,126.76,1.0000,-1,-1,-1
80,20,249.62,293.10,65.50,151.41,1.0000,-1,-1,-1
80,21,1077.40,489.22,81.53,160.43,1.0000,-1,-1,-1
80,22,331.06,288.95,32.71,79.56,1.0000,-1,-1,-1
81,1,571.61,179.49,54.01,121.30,1.0000,-1,-1,-1
81,2,1097.02,454.52,38.30,77.07,1.0000,-1,-1,-1
81,3,119.92,536.00,76.33,127.80,1.0000,-1,-1,-1
81,4,1069.13,172.52,81.38,99.88,1.0000,-1,-1,-1
81,6,284.08,462.68,62.24,159.68,1.0000,-1,-1,-1
81,7,344.96,404.29,70.30,155.48,1.0000,-1,-1,-1
81,8,692.41,304.39,57.44,144.77,1.0000,-1,-1,-1
81,9,1055.38,100.76,87.66,128.08,1.0000,-1,-1,-1
81,12,1006.02,134.08,10.09,25.77,1.0000,-1,-1,-1
81,13,186.40,312.56,60.34,168.41,1.0000,-1,-1,-1
81,14,421.43,222.66,39.91,124.54,1.0000,-1,-1,-1
81,15,491.04,152.87,8.52,22.07,1.0000,-1,-1,-1
81,17,1040.41,329.76,40.21,128.91,1.0000,-1,-1,-1
81,18,318.59,185.06,69.44,171.61,1.0000,-1,-1,-1
81,19,788.00,118.75,95.48,129.68,1.0000,-1,-1,-1
81,20,248.92,294.04,64.13,151.77,1.0000,-1,-1,-1
81,21,1063.42,489.99,75.66,159.70,1.0000,-1,-1,-1
81,22,331.33,298.50,28.08,68.30,1.0000,-1,-1,-1
82,1,563.60,173.44,53.22,125.38,1.0000,-1,-1,-1
82,2,1103.93,458.08,37.05,74.56,1.0000,-1,-1,-1
82,4,1069.58,172.74,81.00,99.42,1.0000,-1,-1,-1
82,6,282.54,463.02,64.89,159.36,1.0000,-1,-1,-1
82,7,345.76,405.09,70.01,155.42,1.0000,-1,-1,-1
82,8,694.95,304.23,56.41,145.26,1.0000,-1,-1,-1
82,9,1073.27,97.21,87.93,128.49,1.0000,-1,-1,-1
82,12,1019.75,133.88,10.09,25.77,1.0000,-1,-1,-1
82,13,180.20,311.93,63.40,169.97,1.0000,-1,-1,-1
82,14,425.63,222.07,39.68,123.84,1.0000,-1,-1,-1
82,15,500.30,147.86,8.52,22.07,1.0000,-1,-1,-1
82,17,1038.53,329.17,41.49,130.39,1.0000,-1,-1,-1
82,18,317.94,184.16,67.31,176.70,1.0000,-1,-1,-1
82,19,783.68,129.17,88.50,121.07,1.0000,-1,-1,-1
82,20,248.42,294.70,62.91,151.97,1.0000,-1,-1,-1
82,21,1052.92,490.82,71.54,158.70,1.0000,-1,-1,-1
82,22,332.08,309.18,22.52,54.77,1.0000,-1,-1,-1
83,1,559.08,166.80,53.05,128.44,1.0000,-1,-1,-1
83,2,1110.86,461.68,35.76,71.96,1.0000,-1,-1,-1
83,4,1070.04,172.95,80.62,98.95,1.0000,-1,-1,-1
83,6,280.65,462.90,66.89,159.24,1.0000,-1,-1,-1
83,7,346.51,405.68,70.05,155.21,1.0000,-1,-1,-1
83,8,697.94,303.97,55.25,145.99,1.0000,-1,-1,-1
83,9,1091.17,93.66,88.21,128.89,1.0000,-1,-1,-1
83,12,1033.47,133.68,10.09,25.77,1.0000,-1,-1,-1
83,13,177.09,311.92,65.62,171.29,1.0000,-1,-1,-1
83,14,429.82,221.48,39.46,123.14,1.0000,-1,-1,-1
83,15,509.56,142.85,8.52,22.07,1.0000,-1,-1,-1
83,17,1033.86,328.10,46.24,132.69,1.0000,-1,-1,-1
83,18,318.03,182.26,65.09,180.12,1.0000,-1,-1,-1
83,19,772.98,122.59,89.93,123.99,1.0000,-1,-1,-1
83,20,248.08,295.16,62.24,152.81,1.0000,-1,-1,-1
83,21,1041.90,489.67,71.21,159.16,1.0000,-1,-1,-1
83,22,333.79,322.22,15.02,36.53,1.0000,-1,-1,-1
84,1,555.89,165.22,52.92,131.42,1.0000,-1,-1,-1
84,2,1117.82,465.33,34.42,69.27,1.0000,-1,-1,-1
84,4,1070.50,173.17,80.24,98.48,1.0000,-1,-1,-1
84,6,278.87,463.18,68.27,158.84,1.0000,-1,-1,-1
84,7,346.85,406.18,70.41,155.10,1.0000,-1,-1,-1
84,8,701.57,302.04,53.30,144.87,1.0000,-1,-1,-1
84,9,1109.07,90.10,88.49,129.30,1.0000,-1,-1,-1
84,12,1047.20,133.47,10.09,25.77,1.0000,-1,-1,-1
84,13,174.63,311.99,67.21,172.91,1.0000,-1,-1,-1
84,14,434.02,220.90,39.23,122.43,1.0000,-1,-1,-1
84,15,518.81,137.84,8.52,22.07,1.0000,-1,-1,-1
84,17,1030.23,327.88,50.85,136.27,1.0000,-1,-1,-1
84,18,312.08,182.43,65.70,181.78,1.0000,-1,-1,-1
84,19,764.82,129.09,90.18,116.75,1.0000,-1,-1,-1
84,20,247.82,295.41,61.48,153.27,1.0000,-1,-1,-1
84,21,1031.21,490.45,71.98,159.66,1.0000,-1,-1,-1
84,22,331.75,326.15,15.02,36.53,1.0000,-1,-1,-1
85,1,554.32,162.75,52.66,131.33,1.0000,-1,-1,-1
85,2,1124.80,469.03,33.03,66.46,1.0000,-1,-1,-1
85,4,1070.96,173.39,79.85,98.00,1.0000,-1,-1,-1
85,6,276.61,463.11,69.45,158.60,1.0000,-1,-1,-1
85,7,347.52,406.21,70.59,154.99,1.0000,-1,-1,-1
85,8,706.25,301.19,50.44,144.05,1.0000,-1,-1,-1
85,9,1126.97,86.55,88.76,129.70,1.0000,-1,-1,-1
85,12,1060.93,133.27,10.09,25.77,1.0000,-1,-1,-1
85,13,173.35,311.16,67.90,173.94,1.0000,-1,-1,-1
85,14,438.22,220.32,39.00,121.72,1.0000,-1,-1,-1
85,15,528.07,132.84,8.52,22.07,1.0000,-1,-1,-1
85,17,1032.24,327.69,50.75,135.99,1.0000,-1,-1,-1
85,18,306.13,182.61,66.29,183.43,1.0000,-1,-1,-1
85,19,753.18,127.96,90.51,117.16,1.0000,-1,-1,-1
85,20,248.10,295.63,61.04,153.39,1.0000,-1,-1,-1
85,21,1021.52,488.98,72.54,158.52,1.0000,-1,-1,-1
85,22,329.71,330.07,15.02,36.53,1.0000,-1,-1,-1
86,1,549.61,163.39,52.11,131.13,1.0000,-1,-1,-1
86,2,1131.81,472.80,31.57,63.53,1.0000,-1,-1,-1
86,4,1071.42,173.61,79.46,97.53,1.0000,-1,-1,-1
86,6,274.03,463.98,68.87,158.00,1.0000,-1,-1,-1
86,7,348.75,406.39,70.82,154.99,1.0000,-1,-1,-1
86,8,709.66,300.86,49.56,144.22,1.0000,-1,-1,-1
86,9,1144.87,83.00,89.03,130.10,1.0000,-1,-1,-1
86,12,1074.66,133.07,10.09,25.77,1.0000,-1,-1,-1
86,13,173.77,311.13,68.81,174.42,1.0000,-1,-1,-1
86,14,442.41,219.74,38.77,121.00,1.0000,-1,-1,-1
86,15,537.33,127.83,8.52,22.07,1.0000,-1,-1,-1
86,17,1034.26,327.50,50.64,135.71,1.0000,-1,-1,-1
86,18,314.01,181.90,63.90,182.41,1.0000,-1,-1,-1
86,19,741.54,126.82,90.83,117.58,1.0000,-1,-1,-1
86,20,248.86,296.21,60.49,153.29,1.0000,-1,-1,-1
86,21,1008.20,488.15,71.92,153.32,1.0000,-1,-1,-1
86,22,327.67,333.99,15.02,36.53,1.0000,-1,-1,-1
86,23,587.38,81.67,50.51,133.98,1.0000,-1,-1,-1
87,1,544.51,165.18,52.18,131.73,1.0000,-1,-1,-1
87,2,1138.86,476.63,30.04,60.46,1.0000,-1,-1,-1
87,4,1071.88,173.84,79.08,97.05,1.0000,-1,-1,-1
87,6,270.87,464.38,69.27,157.42,1.0000,-1,-1,-1
87,7,350.17,406.50,70.74,154.92,1.0000,-1,-1,-1
87,8,712.26,300.83,49.67,143.82,1.0000,-1,-1,-1
87,9,1162.77,79.46,89.31,130.50,1.0000,-1,-1,-1
87,12,1088.39,132.86,10.09,25.77,1.0000,-1,-1,-1
87,13,174.11,311.11,68.79,174.76,1.0000,-1,-1,-1
87,14,446.61,219.16,38.54,120.28,1.0000,-1,-1,-1
87,15,546.59,122.82,8.52,22.07,1.0000,-1,-1,-1
87,17,1036.27,327.32,50.53,135.42,1.0000,-1,-1,-1
87,18,315.74,181.48,63.57,181.83,1.0000,-1,-1,-1
87,19,729.90,125.69,91.15,117.99,1.0000,-1,-1,-1
87,20,250.40,296.66,60.19,153.48,1.0000,-1,-1,-1
87,21,999.14,487.92,71.01,147.16,1.0000,-1,-1,-1
87,22,325.64,337.91,15.02,36.53,1.0000,-1,-1,-1
87,23,587.69,81.67,50.44,134.47,1.0000,-1,-1,-1
88,1,537.41,167.03,54.56,131.94,1.0000,-1,-1,-1
88,2,1145.95,480.55,28.44,57.22,1.0000,-1,-1,-1
88,4,1072.35,174.06,78.68,96.57,1.0000,-1,-1,-1
88,6,266.14,465.41,70.73,156.64,1.0000,-1,-1,-1
88,7,350.98,406.61,70.70,154.90,1.0000,-1,-1,-1
88,8,714.23,301.38,51.62,143.28,1.0000,-1,-1,-1
88,9,1180.67,75.91,89.58,130.90,1.0000,-1,-1,-1
88,12,1102.12,132.66,10.09,25.77,1.0000,-1,-1,-1
88,13,174.36,311.05,69.05,174.98,1.0000,-1,-1,-1
88,14,450.81,218.58,38.31,119.56,1.0000,-1,-1,-1
88,15,555.85,117.81,8.52,22.07,1.0000,-1,-1,-1
88,17,1038.29,327.13,50.43,135.14,1.0000,-1,-1,-1
88,18,317.65,181.59,62.63,182.05,1.0000,-1,-1,-1
88,19,718.26,124.56,91.47,118.41,1.0000,-1,-1,-1
88,20,250.91,297.17,59.69,153.96,1.0000,-1,-1,-1
88,21,993.49,488.67,69.39,143.38,1.0000,-1,-1,-1
88,22,323.60,341.83,15.02,36.53,1.0000,-1,-1,-1
88,23,588.70,82.75,49.88,133.98,1.0000,-1,-1,-1
89,1,530.04,168.44,57.96,131.82,1.0000,-1,-1,-1
89,2,1153.09,484.57,26.73,53.79,1.0000,-1,-1,-1
89,4,1072.81,174.28,78.29,96.09,1.0000,-1,-1,-1
89,6,266.54,466.66,69.60,155.41,1.0000,-1,-1,-1
89,7,351.67,407.22,70.62,154.99,1.0000,-1,-1,-1
89,8,716.84,301.62,55.62,142.78,1.0000,-1,-1,-1
89,9,1198.57,72.36,89.85,131.29,1.0000,-1,-1,-1
89,12,1115.84,132.46,10.09,25.77,1.0000,-1,-1,-1
89,13,174.65,311.02,69.25,175.15,1.0000,-1,-1,-1
89,14,455.01,218.01,38.08,118.83,1.0000,-1,-1,-1
89,15,565.10,112.80,8.52,22.07,1.0000,-1,-1,-1
89,17,1040.30,326.94,50.32,134.85,1.0000,-1,-1,-1
89,18,313.83,181.55,63.11,183.42,1.0000,-1,-1,-1
89,19,706.62,123.42,91.79,118.82,1.0000,-1,-1,-1
89,20,251.21,297.17,59.58,153.91,1.0000,-1,-1,-1
89,21,988.60,488.14,67.97,139.80,1.0000,-1,-1,-1
89,22,321.56,345.75,15.02,36.53,1.0000,-1,-1,-1
89,23,589.39,83.89,49.12,133.25,1.0000,-1,-1,-1
90,1,522.82,170.32,62.49,130.95,1.0000,-1,-1,-1
90,2,1160.29,488.70,24.91,50.13,1.0000,-1,-1,-1
90,4,1073.28,174.51,77.90,95.60,1.0000,-1,-1,-1
90,6,266.58,468.00,68.41,154.11,1.0000,-1,-1,-1
90,7,352.15,407.70,70.60,155.11,1.0000,-1,-1,-1
90,8,719.39,302.40,60.53,141.83,1.0000,-1,-1,-1
90,9,1216.47,68.81,90.12,131.69,1.0000,-1,-1,-1
90,12,1129.57,132.25,10.09,25.77,1.0000,-1,-1,-1
90,13,175.53,311.51,69.53,176.04,1.0000,-1,-1,-1
90,14,459.21,217.44,37.84,118.10,1.0000,-1,-1,-1
90,15,574.36,107.80,8.52,22.07,1.0000,-1,-1,-1
90,17,1042.32,326.76,50.21,134.56,1.0000,-1,-1,-1
90,18,323.72,180.96,64.24,184.08,1.0000,-1,-1,-1
90,19,694.40,114.88,83.73,129.10,1.0000,-1,-1,-1
90,20,251.27,295.47,58.65,153.62,1.0000,-1,-1,-1
90,21,984.30,489.31,67.56,139.13,1.0000,-1,-1,-1
90,22,319.52,349.67,15.02,36.53,1.0000,-1,-1,-1
90,23,590.08,84.94,48.41,132.38,1.0000,-1,-1,-1
91,1,514.93,171.18,68.57,131.17,1.0000,-1,-1,-1
91,2,1167.56,492.98,22.95,46.18,1.0000,-1,-1,-1
91,4,1073.74,174.74,77.50,95.12,1.0000,-1,-1,-1
91,6,264.97,469.35,67.98,153.05,1.0000,-1,-1,-1
91,7,351.93,408.91,70.12,155.49,1.0000,-1,-1,-1
91,8,722.08,303.88,65.34,139.91,1.0000,-1,-1,-1
91,9,1234.37,65.27,90.39,132.08,1.0000,-1,-1,-1
91,12,1143.30,132.05,10.09,25.77,1.0000,-1,-1,-1
91,13,175.91,311.95,68.71,176.69,1.0000,-1,-1,-1
91,14,463.41,216.87,37.60,117.36,1.0000,-1,-1,-1
91,15,583.62,102.79,8.52,22.07,1.0000,-1,-1,-1
91,17,1044.33,326.57,50.11,134.28,1.0000,-1,-1,-1
91,18,321.12,180.84,64.72,185.43,1.0000,-1,-1,-1
91,19,686.34,110.40,81.78,134.81,1.0000,-1,-1,-1
91,20,253.59,296.49,58.40,154.05,1.0000,-1,-1,-1
91,21,972.83,488.10,68.77,137.23,1.0000,-1,-1,-1
91,22,317.48,353.59,15.02,36.53,1.0000,-1,-1,-1
91,23,591.80,85.31,48.05,132.50,1.0000,-1,-1,-1
92,1,509.81,171.18,73.97,131.61,1.0000,-1,-1,-1
92,2,1174.92,497.44,20.80,41.85,1.0000,-1,-1,-1
92,4,1074.21,174.97,77.10,94.63,1.0000,-1,-1,-1
92,6,263.76,470.09,68.02,152.13,1.0000,-1,-1,-1
92,7,351.72,409.20,70.22,155.32,1.0000,-1,-1,-1
92,8,723.34,305.58,68.64,138.99,1.0000,-1,-1,-1
92,9,1252.27,61.72,90.66,132.48,1.0000,-1,-1,-1
92,12,1157.03,131.85,10.09,25.77,1.0000,-1,-1,-1
92,13,176.23,312.75,67.45,177.81,1.0000,-1,-1,-1
92,14,467.61,216.30,37.37,116.62,1.0000,-1,-1,-1
92,15,592.88,97.78,8.52,22.07,1.0000,-1,-1,-1
92,17,1018.64,307.09,68.55,158.44,1.0000,-1,-1,-1
92,18,331.02,183.08,70.60,182.24,1.0000,-1,-1,-1
92,19,675.42,103.23,85.27,141.18,1.0000,-1,-1,-1
92,20,254.36,296.94,57.95,153.97,1.0000,-1,-1,-1
92,21,959.38,486.88,73.70,137.27,1.0000,-1,-1,-1
92,22,315.44,357.51,15.02,36.53,1.0000,-1,-1,-1
92,23,592.96,85.71,48.00,132.78,1.0000,-1,-1,-1
93,1,506.22,171.64,78.48,131.33,1.0000,-1,-1,-1
93,2,1182.40,502.16,18.40,37.02,1.0000,-1,-1,-1
93,4,1074.68,175.19,76.70,94.13,1.0000,-1,-1,-1
93,6,262.69,470.46,68.53,151.64,1.0000,-1,-1,-1
93,7,351.54,408.87,71.13,155.03,1.0000,-1,-1,-1
93,8,723.84,307.39,71.24,138.12,1.0000,-1,-1,-1
93,9,1270.18,58.18,90.93,132.87,1.0000,-1,-1,-1
93,12,1170.76,131.64,10.09,25.77,1.0000,-1,-1,-1
93,13,177.22,314.00,66.40,179.38,1.0000,-1,-1,-1
93,14,471.81,215.74,37.13,115.87,1.0000,-1,-1,-1
93,15,602.14,92.77,8.52,22.07,1.0000,-1,-1,-1
93,17,1014.16,308.42,74.03,159.54,1.0000,-1,-1,-1
93,18,333.60,199.61,73.69,169.73,1.0000,-1,-1,-1
93,19,665.68,110.01,87.64,137.46,1.0000,-1,-1,-1
93,20,255.39,297.18,57.80,153.86,1.0000,-1,-1,-1
93,21,952.59,487.08,75.08,134.91,1.0000,-1,-1,-1
93,22,313.41,361.43,15.02,36.53,1.0000,-1,-1,-1
93,23,594.11,85.67,48.34,133.48,1.0000,-1,-1,-1
94,1,503.55,171.43,81.76,131.04,1.0000,-1,-1,-1
94,2,1190.07,507.24,15.63,31.46,1.0000,-1,-1,-1
94,4,1075.15,175.43,76.30,93.64,1.0000,-1,-1,-1
94,6,261.53,470.65,68.98,151.35,1.0000,-1,-1,-1
94,7,348.77,409.31,73.20,155.52,1.0000,-1,-1,-1
94,8,723.66,308.38,72.81,136.99,1.0000,-1,-1,-1
94,9,1288.08,54.63,91.20,133.26,1.0000,-1,-1,-1
94,12,1184.48,131.44,10.09,25.77,1.0000,-1,-1,-1
94,13,178.29,315.11,65.03,180.94,1.0000,-1,-1,-1
94,14,476.01,215.17,36.88,115.12,1.0000,-1,-1,-1
94,15,611.39,87.76,8.52,22.07,1.0000,-1,-1,-1
94,17,1014.06,310.32,76.04,159.35,1.0000,-1,-1,-1
94,18,334.19,206.56,75.32,162.64,1.0000,-1,-1,-1
94,19,655.33,109.26,91.03,136.97,1.0000,-1,-1,-1
94,20,256.88,297.87,57.94,154.35,1.0000,-1,-1,-1
94,21,949.82,488.46,73.90,131.85,1.0000,-1,-1,-1
94,22,311.37,365.35,15.02,36.53,1.0000,-1,-1,-1
94,23,595.26,85.21,48.52,134.11,1.0000,-1,-1,-1
95,1,501.25,169.73,81.82,131.62,1.0000,-1,-1,-1
95,2,1198.04,512.93,12.26,24.68,1.0000,-1,-1,-1
95,4,1075.62,175.66,75.89,93.14,1.0000,-1,-1,-1
95,6,259.97,470.95,69.41,151.26,1.0000,-1,-1,-1
95,7,346.31,409.71,74.82,156.38,1.0000,-1,-1,-1
95,8,725.02,309.43,73.91,136.54,1.0000,-1,-1,-1
95,9,1305.98,51.09,91.46,133.65,1.0000,-1,-1,-1
95,12,1198.21,131.24,10.09,25.77,1.0000,-1,-1,-1
95,13,179.30,314.61,63.40,180.85,1.0000,-1,-1,-1
95,14,480.22,214.61,36.64,114.36,1.0000,-1,-1,-1
95,15,620.65,82.75,8.52,22.07,1.0000,-1,-1,-1
95,17,1021.14,313.21,73.08,158.51,1.0000,-1,-1,-1
95,18,335.36,209.62,76.28,159.05,1.0000,-1,-1,-1
95,19,644.22,108.09,91.45,137.60,1.0000,-1,-1,-1
95,20,257.95,299.34,58.06,154.69,1.0000,-1,-1,-1
95,21,945.92,490.77,72.61,130.10,1.0000,-1,-1,-1
95,22,309.33,369.27,15.02,36.53,1.0000,-1,-1,-1
95,23,595.61,86.09,49.15,134.17,1.0000,-1,-1,-1
96,1,495.05,168.35,78.72,132.20,1.0000,-1,-1,-1
96,2,1206.71,520.02,7.50,15.10,1.0000,-1,-1,-1
96,4,1076.09,175.89,75.48,92.64,1.0000,-1,-1,-1
96,6,255.48,472.00,69.88,151.15,1.0000,-1,-1,-1
96,7,344.60,410.19,75.92,156.83,1.0000,-1,-1,-1
96,8,729.24,310.57,72.91,136.76,1.0000,-1,-1,-1
96,9,1323.88,47.54,91.73,134.04,1.0000,-1,-1,-1
96,12,1211.94,131.03,10.09,25.77,1.0000,-1,-1,-1
96,13,181.32,314.15,61.79,180.19,1.0000,-1,-1,-1
96,14,484.42,214.06,36.40,113.60,1.0000,-1,-1,-1
96,15,629.91,77.75,8.52,22.07,1.0000,-1,-1,-1
96,17,1026.52,315.08,69.79,155.88,1.0000,-1,-1,-1
96,18,338.33,210.85,76.30,157.47,1.0000,-1,-1,-1
96,19,633.10,106.93,91.86,138.23,1.0000,-1,-1,-1
96,20,259.91,300.51,58.14,155.27,1.0000,-1,-1,-1
96,21,937.79,492.11,71.33,128.60,1.0000,-1,-1,-1
96,22,307.29,373.19,15.02,36.53,1.0000,-1,-1,-1
96,23,595.72,86.33,49.17,134.22,1.0000,-1,-1,-1
97,1,489.92,165.41,75.21,133.26,1.0000,-1,-1,-1
97,2,1212.99,522.32,7.50,15.10,1.0000,-1,-1,-1
97,4,1076.56,176.13,75.07,92.14,1.0000,-1,-1,-1
97,6,252.36,472.45,69.95,150.96,1.0000,-1,-1,-1
97,7,343.59,410.94,77.13,157.21,1.0000,-1,-1,-1
97,8,733.00,310.68,71.49,136.85,1.0000,-1,-1,-1
97,9,1341.79,44.00,91.99,134.42,1.0000,-1,-1,-1
97,12,1225.67,130.83,10.09,25.77,1.0000,-1,-1,-1
97,13,183.05,314.14,60.54,179.47,1.0000,-1,-1,-1
97,14,488.63,213.50,36.15,112.83,1.0000,-1,-1,-1
97,15,639.17,72.74,8.52,22.07,1.0000,-1,-1,-1
97,17,1029.56,316.89,67.30,155.56,1.0000,-1,-1,-1
97,18,339.82,212.22,76.01,156.03,1.0000,-1,-1,-1
97,19,621.99,105.77,92.28,138.85,1.0000,-1,-1,-1
97,20,261.89,300.75,58.24,155.74,1.0000,-1,-1,-1
97,21,931.48,493.14,69.85,127.67,1.0000,-1,-1,-1
97,22,305.25,377.11,15.02,36.53,1.0000,-1,-1,-1
97,23,597.30,87.30,48.99,134.04,1.0000,-1,-1,-1
98,1,485.84,163.67,70.52,133.75,1.0000,-1,-1,-1
98,2,1219.28,524.62,7.50,15.10,1.0000,-1,-1,-1
98,4,1077.03,176.36,74.66,91.63,1.0000,-1,-1,-1
98,6,246.60,471.93,71.87,151.00,1.0000,-1,-1,-1
98,7,343.47,412.28,77.46,157.42,1.0000,-1,-1,-1
98,8,737.22,310.83,69.92,136.91,1.0000,-1,-1,-1
98,9,1359.69,40.46,92.26,134.81,1.0000,-1,-1,-1
98,12,1239.40,130.63,10.09,25.77,1.0000,-1,-1,-1
98,13,184.18,314.98,59.60,179.56,1.0000,-1,-1,-1
98,14,492.83,212.95,35.90,112.05,1.0000,-1,-1,-1
98,15,648.43,67.73,8.52,22.07,1.0000,-1,-1,-1
98,17,1031.48,317.62,65.29,155.51,1.0000,-1,-1,-1
98,18,342.40,213.12,75.02,155.15,1.0000,-1,-1,-1
98,19,610.88,104.61,92.69,139.48,1.0000,-1,-1,-1
98,20,263.25,300.54,58.55,156.27,1.0000,-1,-1,-1
98,21,927.59,493.12,68.62,127.30,1.0000,-1,-1,-1
98,22,303.21,381.03,15.02,36.53,1.0000,-1,-1,-1
98,23,597.54,87.60,49.00,134.07,1.0000,-1,-1,-1
99,1,481.93,161.71,65.22,134.20,1.0000,-1,-1,-1
99,2,1225.57,526.92,7.50,15.10,1.0000,-1,-1,-1
99,4,1077.51,176.60,74.25,91.12,1.0000,-1,-1,-1
99,6,238.52,471.55,76.23,151.15,1.0000,-1,-1,-1
99,7,343.09,413.15,78.30,158.23,1.0000,-1,-1,-1
99,8,741.18,311.16,68.75,137.10,1.0000,-1,-1,-1
99,9,1377.60,36.92,92.52,135.20,1.0000,-1,-1,-1
99,13,185.54,316.17,58.30,180.26,1.0000,-1,-1,-1
99,14,497.04,212.40,35.65,111.28,1.0000,-1,-1,-1
99,15,657.68,62.72,8.52,22.07,1.0000,-1,-1,-1
99,17,1032.51,317.85,63.71,155.18,1.0000,-1,-1,-1
99,18,345.31,214.06,73.85,154.43,1.0000,-1,-1,-1
99,19,599.77,103.45,93.11,140.10,1.0000,-1,-1,-1
99,20,263.88,300.59,59.24,156.60,1.0000,-1,-1,-1
99,21,925.11,492.91,66.82,127.18,1.0000,-1,-1,-1
99,22,301.18,384.95,15.02,36.53,1.0000,-1,-1,-1
99,23,597.78,87.91,49.01,134.09,1.0000,-1,-1,-1
100,1,478.55,159.57,60.47,134.74,1.0000,-1,-1,-1
100,2,1231.85,529.22,7.50,15.10,1.0000,-1,-1,-1
100,4,1077.98,176.84,73.83,90.61,1.0000,-1,-1,-1
100,6,239.03,471.71,76.86,150.85,1.0000,-1,-1,-1
100,7,342.55,413.34,79.34,159.07,1.0000,-1,-1,-1
100,8,744.78,311.51,68.02,137.15,1.0000,-1,-1,-1
100,9,1395.50,33.37,92.79,135.58,1.0000,-1,-1,-1
100,13,186.87,316.91,56.98,180.47,1.0000,-1,-1,-1
100,14,501.25,211.86,35.40,110.49,1.0000,-1,-1,-1
100,15,666.94,57.71,8.52,22.07,1.0000,-1,-1,-1
100,17,1033.16,318.57,63.06,155.60,1.0000,-1,-1,-1
100,18,348.04,214.83,72.22,153.52,1.0000,-1,-1,-1
100,19,588.66,102.29,93.52,140.72,1.0000,-1,-1,-1
100,20,264.47,301.30,60.03,156.70,1.0000,-1,-1,-1
100,21,921.52,492.74,66.12,126.97,1.0000,-1,-1,-1
100,22,299.14,388.88,15.02,36.53,1.0000,-1,-1,-1
100,23,598.01,88.21,49.02,134.12,1.0000,-1,-1,-1
101,1,474.31,157.32,57.93,134.69,1.0000,-1,-1,-1
101,2,1238.14,531.52,7.50,15.10,1.0000,-1,-1,-1
101,4,1078.46,177.08,73.41,90.10,1.0000,-1,-1,-1
101,6,222.90,472.65,88.03,149.48,1.0000,-1,-1,-1
101,7,339.75,412.31,80.96,159.24,1.0000,-1,-1,-1
101,8,752.69,311.83,64.88,137.76,1.0000,-1,-1,-1
101,9,1413.41,29.83,93.05,135.96,1.0000,-1,-1,-1
101,13,189.37,317.86,56.27,179.23,1.0000,-1,-1,-1
101,14,505.46,211.31,35.15,109.70,1.0000,-1,-1,-1
101,17,1032.54,319.16,63.29,156.42,1.0000,-1,-1,-1
101,18,348.50,215.60,72.59,154.31,1.0000,-1,-1,-1
101,19,591.75,95.31,78.17,146.69,1.0000,-1,-1,-1
101,20,265.78,301.60,60.83,156.73,1.0000,-1,-1,-1
101,21,917.61,493.34,65.15,126.24,1.0000,-1,-1,-1
101,22,297.10,392.80,15.02,36.53,1.0000,-1,-1,-1
101,23,598.25,88.52,49.03,134.15,1.0000,-1,-1,-1
102,1,471.32,156.46,55.72,133.53,1.0000,-1,-1,-1
102,2,1244.42,533.82,7.50,15.10,1.0000,-1,-1,-1
102,4,1078.94,177.32,72.99,89.58,1.0000,-1,-1,-1
102,6,218.37,473.55,93.91,148.66,1.0000,-1,-1,-1
102,7,337.28,411.37,82.08,159.00,1.0000,-1,-1,-1
102,8,758.14,311.65,62.20,138.19,1.0000,-1,-1,-1
102,9,1431.31,26.29,93.31,136.35,1.0000,-1,-1,-1
102,13,191.29,318.88,56.17,178.55,1.0000,-1,-1,-1
102,14,509.66,210.77,34.90,108.91,1.0000,-1,-1,-1
102,17,1021.47,319.34,70.80,157.60,1.0000,-1,-1,-1
102,18,348.97,216.36,72.96,155.10,1.0000,-1,-1,-1
102,19,582.04,93.30,77.82,150.35,1.0000,-1,-1,-1
102,20,267.10,301.97,62.18,156.93,1.0000,-1,-1,-1
102,21,916.14,494.91,63.20,125.89,1.0000,-1,-1,-1
102,22,295.06,396.72,15.02,36.53,1.0000,-1,-1,-1
102,23,598.49,88.82,49.04,134.18,1.0000,-1,-1,-1
103,1,467.63,159.30,55.42,132.84,1.0000,-1,-1,-1
103,2,1250.71,536.13,7.50,15.10,1.0000,-1,-1,-1
103,4,1079.42,177.57,72.57,89.06,1.0000,-1,-1,-1
103,6,215.71,473.68,94.03,148.84,1.0000,-1,-1,-1
103,7,334.53,410.72,82.14,159.40,1.0000,-1,-1,-1
103,8,761.85,311.88,59.69,139.27,1.0000,-1,-1,-1
103,9,1449.22,22.75,93.57,136.73,1.0000,-1,-1,-1
103,13,192.63,319.78,55.84,178.24,1.0000,-1,-1,-1
103,14,513.88,210.23,34.64,108.11,1.0000,-1,-1,-1
103,17,1016.38,319.05,74.92,158.22,1.0000,-1,-1,-1
103,18,359.16,215.03,66.18,153.26,1.0000,-1,-1,-1
103,19,572.29,92.93,80.65,151.01,1.0000,-1,-1,-1
103,20,267.97,302.26,63.23,157.23,1.0000,-1,-1,-1
103,21,913.85,496.23,62.47,125.82,1.0000,-1,-1,-1
103,22,293.02,400.64,15.02,36.53,1.0000,-1,-1,-1
103,23,598.73,89.13,49.06,134.21,1.0000,-1,-1,-1
104,1,461.08,162.29,56.92,131.28,1.0000,-1,-1,-1
104,2,1257.00,538.43,7.50,15.10,1.0000,-1,-1,-1
104,4,1079.90,177.81,72.14,88.54,1.0000,-1,-1,-1
104,6,229.60,474.20,89.54,147.86,1.0000,-1,-1,-1
104,7,332.35,409.67,81.89,159.47,1.0000,-1,-1,-1
104,8,765.01,311.82,57.20,139.89,1.0000,-1,-1,-1
104,9,1467.12,19.21,93.83,137.11,1.0000,-1,-1,-1
104,13,193.39,320.23,54.92,177.84,1.0000,-1,-1,-1
104,14,518.09,209.70,34.38,107.30,1.0000,-1,-1,-1
104,17,1024.02,318.80,70.83,158.27,1.0000,-1,-1,-1
104,18,364.27,215.04,61.70,152.04,1.0000,-1,-1,-1
104,19,565.25,96.63,82.73,149.18,1.0000,-1,-1,-1
104,20,268.72,302.51,63.94,157.29,1.0000,-1,-1,-1
104,21,912.41,496.42,61.54,125.39,1.0000,-1,-1,-1
104,22,290.98,404.56,15.02,36.53,1.0000,-1,-1,-1
104,23,598.97,89.43,49.07,134.24,1.0000,-1,-1,-1
105,1,455.00,164.91,59.12,129.13,1.0000,-1,-1,-1
105,2,1263.28,540.73,7.50,15.10,1.0000,-1,-1,-1
105,4,1080.38,178.06,71.71,88.01,1.0000,-1,-1,-1
105,6,228.20,474.33,89.62,147.99,1.0000,-1,-1,-1
105,7,330.57,408.21,81.17,158.24,1.0000,-1,-1,-1
105,8,767.67,311.68,55.16,140.34,1.0000,-1,-1,-1
105,9,1485.03,15.68,94.09,137.48,1.0000,-1,-1,-1
105,13,194.21,321.34,53.74,177.48,1.0000,-1,-1,-1
105,14,522.30,209.17,34.12,106.49,1.0000,-1,-1,-1
105,17,1031.27,318.34,64.96,157.83,1.0000,-1,-1,-1
105,18,369.10,215.27,58.81,151.67,1.0000,-1,-1,-1
105,19,555.27,95.80,83.01,149.68,1.0000,-1,-1,-1
105,20,268.96,304.23,64.36,156.82,1.0000,-1,-1,-1
105,21,911.01,496.55,60.30,124.86,1.0000,-1,-1,-1
105,22,288.95,408.48,15.02,36.53,1.0000,-1,-1,-1
105,23,599.21,89.74,49.08,134.27,1.0000,-1,-1,-1
106,1,449.39,167.29,62.32,126.74,1.0000,-1,-1,-1
106,2,1269.57,543.03,7.50,15.10,1.0000,-1,-1,-1
106,4,1080.86,178.31,71.28,87.48,1.0000,-1,-1,-1
106,6,226.79,474.47,89.70,148.12,1.0000,-1,-1,-1
106,7,329.12,407.37,80.23,156.54,1.0000,-1,-1,-1
106,8,770.45,311.31,53.06,140.72,1.0000,-1,-1,-1
106,9,1502.94,12.14,94.35,137.86,1.0000,-1,-1,-1
106,13,195.02,322.31,52.39,177.35,1.0000,-1,-1,-1
106,14,526.51,208.64,33.86,105.67,1.0000,-1,-1,-1
106,17,1033.94,317.17,60.52,156.56,1.0000,-1,-1,-1
106,18,371.58,215.79,56.31,151.32,1.0000,-1,-1,-1
106,19,545.28,94.98,83.28,150.18,1.0000,-1,-1,-1
106,20,269.38,305.06,65.29,156.54,1.0000,-1,-1,-1
106,21,910.16,496.44,59.54,124.56,1.0000,-1,-1,-1
106,22,286.91,412.40,15.02,36.53,1.0000,-1,-1,-1
106,23,599.45,90.04,49.09,134.30,1.0000,-1,-1,-1
107,1,442.60,170.18,66.83,124.12,1.0000,-1,-1,-1
107,2,1275.85,545.33,7.50,15.10,1.0000,-1,-1,-1
107,4,1081.35,178.56,70.84,86.95,1.0000,-1,-1,-1
107,6,225.39,474.60,89.78,148.25,1.0000,-1,-1,-1
107,7,328.36,406.46,79.93,154.87,1.0000,-1,-1,-1
107,8,774.35,310.88,49.87,141.49,1.0000,-1,-1,-1
107,9,1520.85,8.60,94.61,138.24,1.0000,-1,-1,-1
107,13,197.84,323.29,50.81,177.29,1.0000,-1,-1,-1
107,14,530.73,208.11,33.59,104.84,1.0000,-1,-1,-1
107,17,1033.11,307.56,57.62,145.05,1.0000,-1,-1,-1
107,18,374.64,216.28,53.97,150.75,1.0000,-1,-1,-1
107,19,535.30,94.15,83.56,150.67,1.0000,-1,-1,-1
107,20,269.14,305.75,66.18,156.34,1.0000,-1,-1,-1
107,21,910.07,496.78,58.38,124.08,1.0000,-1,-1,-1
107,22,284.87,416.32,15.02,36.53,1.0000,-1,-1,-1
107,23,608.21,95.03,48.49,133.39,1.0000,-1,-1,-1
108,1,437.96,171.72,71.47,122.45,1.0000,-1,-1,-1
108,2,1282.14,547.63,7.50,15.10,1.0000,-1,-1,-1
108,4,1081.83,178.81,70.41,86.41,1.0000,-1,-1,-1
108,6,223.98,474.74,89.86,148.38,1.0000,-1,-1,-1
108,7,328.62,406.42,80.05,153.81,1.0000,-1,-1,-1
108,8,777.25,309.88,47.21,142.52,1.0000,-1,-1,-1
108,9,1538.75,5.06,94.86,138.61,1.0000,-1,-1,-1
108,13,198.32,324.08,50.73,176.99,1.0000,-1,-1,-1
108,14,534.94,207.59,33.33,104.01,1.0000,-1,-1,-1
108,17,1033.53,305.83,55.08,136.18,1.0000,-1,-1,-1
108,18,376.03,216.33,52.88,150.32,1.0000,-1,-1,-1
108,19,532.75,117.07,66.89,138.29,1.0000,-1,-1,-1
108,20,269.39,306.05,66.49,156.42,1.0000,-1,-1,-1
108,21,910.44,497.00,57.38,123.75,1.0000,-1,-1,-1
108,22,282.83,420.24,15.02,36.53,1.0000,-1,-1,-1
108,23,609.90,95.26,48.00,133.59,1.0000,-1,-1,-1
109,1,435.56,171.90,74.96,122.21,1.0000,-1,-1,-1
109,2,1288.43,549.93,7.50,15.10,1.0000,-1,-1,-1
109,4,1082.32,179.06,69.97,85.87,1.0000,-1,-1,-1
109,6,222.58,474.87,89.94,148.51,1.0000,-1,-1,-1
109,7,330.11,406.60,79.73,153.35,1.0000,-1,-1,-1
109,8,779.65,308.08,45.22,143.71,1.0000,-1,-1,-1
109,9,1556.66,1.53,95.12,138.99,1.0000,-1,-1,-1
109,13,198.80,324.88,50.64,176.69,1.0000,-1,-1,-1
109,14,539.16,207.07,33.06,103.17,1.0000,-1,-1,-1
109,17,1018.01,308.98,62.83,129.04,1.0000,-1,-1,-1
109,18,377.13,217.07,51.30,149.53,1.0000,-1,-1,-1
109,19,527.02,122.60,60.11,131.28,1.0000,-1,-1,-1
109,20,270.11,306.34,66.31,156.51,1.0000,-1,-1,-1
109,21,909.84,497.58,57.44,124.07,1.0000,-1,-1,-1
109,22,280.79,424.16,15.02,36.53,1.0000,-1,-1,-1
109,23,611.42,96.23,47.74,133.73,1.0000,-1,-1,-1
110,1,434.88,171.95,76.13,121.99,1.0000,-1,-1,-1
110,2,1294.71,552.23,7.50,15.10,1.0000,-1,-1,-1
110,4,1082.81,179.32,69.53,85.33,1.0000,-1,-1,-1
110,6,224.89,473.15,79.24,148.61,1.0000,-1,-1,-1
110,7,332.21,406.80,79.20,152.98,1.0000,-1,-1,-1
110,8,781.85,306.63,43.46,145.27,1.0000,-1,-1,-1
110,9,1574.57,-2.01,95.38,139.36,1.0000,-1,-1,-1
110,13,199.27,325.67,50.56,176.39,1.0000,-1,-1,-1
110,14,543.38,206.55,32.79,102.33,1.0000,-1,-1,-1
110,17,1010.42,310.64,68.79,124.85,1.0000,-1,-1,-1
110,18,378.44,217.48,51.39,149.77,1.0000,-1,-1,-1
110,19,522.86,125.18,56.87,125.98,1.0000,-1,-1,-1
110,20,271.26,306.61,66.16,156.44,1.0000,-1,-1,-1
110,21,909.24,497.86,57.97,124.57,1.0000,-1,-1,-1
110,22,278.75,428.08,15.02,36.53,1.0000,-1,-1,-1
110,23,612.61,96.88,47.64,134.20,1.0000,-1,-1,-1
111,1,433.76,173.20,74.78,120.66,1.0000,-1,-1,-1
111,2,1301.00,554.53,7.50,15.10,1.0000,-1,-1,-1
111,4,1083.30,179.57,69.08,84.79,1.0000,-1,-1,-1
111,6,223.40,473.21,79.25,148.63,1.0000,-1,-1,-1
111,7,333.69,406.71,77.85,153.06,1.0000,-1,-1,-1
111,8,783.99,305.15,42.53,146.43,1.0000,-1,-1,-1
111,9,1592.48,-5.55,95.63,139.74,1.0000,-1,-1,-1
111,13,199.75,326.46,50.47,176.09,1.0000,-1,-1,-1
111,14,547.60,206.04,32.51,101.47,1.0000,-1,-1,-1
111,17,1006.38,311.66,72.66,122.04,1.0000,-1,-1,-1
111,18,381.84,216.87,51.25,150.53,1.0000,-1,-1,-1
111,19,516.04,128.43,55.60,121.55,1.0000,-1,-1,-1
111,20,272.39,307.22,66.51,156.43,1.0000,-1,-1,-1
111,21,909.47,498.28,58.21,124.60,1.0000,-1,-1,-1
111,22,276.72,432.00,15.02,36.53,1.0000,-1,-1,-1
111,23,613.92,97.47,47.24,134.11,1.0000,-1,-1,-1
112,1,430.43,173.46,74.57,120.32,1.0000,-1,-1,-1
112,2,1307.29,556.83,7.50,15.10,1.0000,-1,-1,-1
112,4,1083.79,179.83,68.63,84.24,1.0000,-1,-1,-1
112,6,221.91,473.26,79.26,148.64,1.0000,-1,-1,-1
112,7,338.69,407.62,76.10,153.05,1.0000,-1,-1,-1
112,8,787.00,303.77,41.93,146.84,1.0000,-1,-1,-1
112,9,1610.39,-9.08,95.88,140.11,1.0000,-1,-1,-1
112,13,200.23,327.26,50.38,175.79,1.0000,-1,-1,-1
112,14,551.82,205.53,32.24,100.61,1.0000,-1,-1,-1
112,17,1003.66,315.46,75.17,127.13,1.0000,-1,-1,-1
112,18,384.65,216.33,51.64,151.53,1.0000,-1,-1,-1
112,19,506.84,129.52,55.38,121.06,1.0000,-1,-1,-1
112,20,273.74,307.86,66.77,156.62,1.0000,-1,-1,-1
112,21,909.95,499.59,59.48,123.53,1.0000,-1,-1,-1
112,22,274.68,435.92,15.02,36.53,1.0000,-1,-1,-1
112,23,616.47,98.71,47.06,133.51,1.0000,-1,-1,-1
113,1,427.11,173.72,74.36,119.97,1.0000,-1,-1,-1
113,4,1084.28,180.09,68.18,83.68,1.0000,-1,-1,-1
113,6,220.42,473.32,79.27,148.66,1.0000,-1,-1,-1
113,7,342.42,407.64,74.48,153.00,1.0000,-1,-1,-1
113,8,789.39,301.94,41.79,146.64,1.0000,-1,-1,-1
113,9,1628.30,-12.62,96.14,140.48,1.0000,-1,-1,-1
113,13,200.71,328.05,50.30,175.49,1.0000,-1,-1,-1
113,14,556.04,205.03,31.96,99.74,1.0000,-1,-1,-1
113,17,1003.05,314.32,76.43,126.73,1.0000,-1,-1,-1
113,18,387.47,215.79,52.50,151.56,1.0000,-1,-1,-1
113,19,497.64,130.61,55.15,120.57,1.0000,-1,-1,-1
113,20,274.34,308.33,66.59,156.45,1.0000,-1,-1,-1
113,21,909.64,500.60,61.38,122.28,1.0000,-1,-1,-1
113,22,272.64,439.84,15.02,36.53,1.0000,-1,-1,-1
113,23,617.53,99.40,47.03,133.43,1.0000,-1,-1,-1
114,1,423.79,173.99,74.14,119.63,1.0000,-1,-1,-1
114,4,1084.78,180.35,67.73,83.12,1.0000,-1,-1,-1
114,6,218.93,473.37,79.28,148.68,1.0000,-1,-1,-1
114,7,345.30,407.73,72.86,153.10,1.0000,-1,-1,-1
114,8,791.50,300.96,41.65,145.55,1.0000,-1,-1,-1
114,9,1646.21,-16.15,96.39,140.85,1.0000,-1,-1,-1
114,13,210.53,328.83,47.02,171.67,1.0000,-1,-1,-1
114,14,560.26,204.53,31.68,98.87,1.0000,-1,-1,-1
114,17,1003.05,312.03,76.80,123.32,1.0000,-1,-1,-1
114,18,389.93,216.67,53.93,151.66,1.0000,-1,-1,-1
114,19,491.88,137.12,51.29,117.57,1.0000,-1,-1,-1
114,20,274.66,308.81,66.21,156.21,1.0000,-1,-1,-1
114,21,910.67,501.15,62.19,120.54,1.0000,-1,-1,-1
114,22,270.60,443.76,15.02,36.53,1.0000,-1,-1,-1
114,23,618.60,100.09,47.01,133.36,1.0000,-1,-1,-1
115,1,420.47,174.25,73.93,119.28,1.0000,-1,-1,-1
115,4,1085.27,180.62,67.27,82.56,1.0000,-1,-1,-1
115,6,217.43,473.43,79.29,148.69,1.0000,-1,-1,-1
115,7,347.68,407.72,71.74,153.22,1.0000,-1,-1,-1
115,8,793.57,300.77,41.96,144.37,1.0000,-1,-1,-1
115,9,1664.12,-19.68,96.64,141.22,1.0000,-1,-1,-1
115,13,214.00,327.83,43.67,169.53,1.0000,-1,-1,-1
115,14,564.48,204.03,31.40,97.99,1.0000,-1,-1,-1
115,17,1011.86,310.84,71.48,120.64,1.0000,-1,-1,-1
115,18,393.44,217.61,56.23,151.48,1.0000,-1,-1,-1
115,19,482.85,138.64,51.01,116.92,1.0000,-1,-1,-1
115,20,275.90,309.60,66.59,156.40,1.0000,-1,-1,-1
115,21,912.04,501.68,62.86,118.94,1.0000,-1,-1,-1
115,22,268.56,447.69,15.02,36.53,1.0000,-1,-1,-1
115,23,619.66,100.78,46.98,133.29,1.0000,-1,-1,-1
116,1,417.15,174.52,73.71,118.93,1.0000,-1,-1,-1
116,6,215.94,473.48,79.30,148.71,1.0000,-1,-1,-1
116,7,350.14,407.50,70.65,153.20,1.0000,-1,-1,-1
116,8,795.88,300.82,43.09,143.53,1.0000,-1,-1,-1
116,9,1682.03,-23.22,96.90,141.58,1.0000,-1,-1,-1
116,13,216.87,327.33,42.54,166.70,1.0000,-1,-1,-1
116,14,568.71,203.54,31.11,97.10,1.0000,-1,-1,-1
116,17,1016.97,311.63,67.14,119.93,1.0000,-1,-1,-1
116,18,396.17,219.54,58.45,150.44,1.0000,-1,-1,-1
116,19,480.29,145.39,55.17,112.61,1.0000,-1,-1,-1
116,20,277.70,309.87,67.80,157.33,1.0000,-1,-1,-1
116,21,915.11,502.58,62.31,118.17,1.0000,-1,-1,-1
116,22,266.52,451.61,15.02,36.53,1.0000,-1,-1,-1
116,23,620.73,101.47,46.96,133.22,1.0000,-1,-1,-1
117,1,413.83,174.79,73.50,118.59,1.0000,-1,-1,-1
117,6,214.45,473.54,79.31,148.73,1.0000,-1,-1,-1
117,7,351.58,407.07,69.81,152.85,1.0000,-1,-1,-1
117,8,799.88,301.47,43.83,141.32,1.0000,-1,-1,-1
117,9,1699.94,-26.75,97.15,141.95,1.0000,-1,-1,-1
117,13,218.11,327.76,42.38,166.06,1.0000,-1,-1,-1
117,14,572.93,203.05,30.82,96.20,1.0000,-1,-1,-1
117,17,1021.63,313.09,62.48,120.61,1.0000,-1,-1,-1
117,18,398.80,205.44,60.37,159.08,1.0000,-1,-1,-1
117,19,470.51,148.51,63.63,112.18,1.0000,-1,-1,-1
117,20,280.00,310.45,69.01,158.02,1.0000,-1,-1,-1
117,21,920.33,503.41,60.92,117.52,1.0000,-1,-1,-1
117,22,264.49,455.53,15.02,36.53,1.0000,-1,-1,-1
117,23,621.80,102.15,46.93,133.15,1.0000,-1,-1,-1
118,1,410.51,175.05,73.28,118.24,1.0000,-1,-1,-1
118,6,212.96,473.59,79.31,148.74,1.0000,-1,-1,-1
118,7,352.18,406.68,69.34,152.99,1.0000,-1,-1,-1
118,8,802.69,302.26,44.18,139.46,1.0000,-1,-1,-1
118,9,1717.85,-30.28,97.40,142.32,1.0000,-1,-1,-1
118,13,219.35,328.19,42.21,165.42,1.0000,-1,-1,-1
118,14,577.16,202.57,30.53,95.29,1.0000,-1,-1,-1
118,17,1024.83,312.81,58.74,120.47,1.0000,-1,-1,-1
118,18,400.69,198.85,61.75,165.31,1.0000,-1,-1,-1
118,19,466.02,150.70,69.47,110.21,1.0000,-1,-1,-1
118,20,281.04,310.73,70.37,158.10,1.0000,-1,-1,-1
118,21,924.69,503.77,59.59,117.47,1.0000,-1,-1,-1
118,22,262.45,459.45,15.02,36.53,1.0000,-1,-1,-1
118,23,622.86,102.84,46.91,133.08,1.0000,-1,-1,-1
119,1,407.20,175.32,73.06,117.89,1.0000,-1,-1,-1
119,6,211.47,473.65,79.32,148.76,1.0000,-1,-1,-1
119,7,351.89,406.40,69.77,153.43,1.0000,-1,-1,-1
119,8,805.26,303.04,44.94,137.84,1.0000,-1,-1,-1
119,9,1735.76,-33.81,97.65,142.68,1.0000,-1,-1,-1
119,13,220.59,328.63,42.05,164.77,1.0000,-1,-1,-1
119,14,581.39,202.09,30.24,94.37,1.0000,-1,-1,-1
119,17,1026.06,313.77,56.43,121.86,1.0000,-1,-1,-1
119,18,402.72,195.39,62.89,170.11,1.0000,-1,-1,-1
119,19,458.50,152.38,69.34,110.00,1.0000,-1,-1,-1
119,20,281.44,310.84,71.31,158.46,1.0000,-1,-1,-1
119,21,927.16,504.41,59.21,116.74,1.0000,-1,-1,-1
119,22,260.41,463.37,15.02,36.53,1.0000,-1,-1,-1
119,23,623.93,103.53,46.88,133.01,1.0000,-1,-1,-1
120,1,403.88,175.59,72.85,117.54,1.0000,-1,-1,-1
120,6,209.98,473.71,79.33,148.78,1.0000,-1,-1,-1
120,7,350.68,406.35,71.19,154.01,1.0000,-1,-1,-1
120,8,808.16,304.14,46.05,136.37,1.0000,-1,-1,-1
120,9,1753.67,-37.34,97.90,143.05,1.0000,-1,-1,-1
120,13,221.83,329.06,41.88,164.13,1.0000,-1,-1,-1
120,14,585.62,201.61,29.94,93.45,1.0000,-1,-1,-1
120,17,1028.44,315.18,54.02,124.26,1.0000,-1,-1,-1
120,18,405.24,194.86,63.53,172.52,1.0000,-1,-1,-1
120,19,450.98,154.06,69.21,109.79,1.0000,-1,-1,-1
120,20,283.16,311.35,70.61,158.07,1.0000,-1,-1,-1
120,21,929.11,504.17,59.26,117.09,1.0000,-1,-1,-1
120,22,258.37,467.29,15.02,36.53,1.0000,-1,-1,-1
120,23,625.00,104.22,46.86,132.94,1.0000,-1,-1,-1
121,1,400.56,175.86,72.63,117.18,1.0000,-1,-1,-1
121,6,208.49,473.76,79.34,148.79,1.0000,-1,-1,-1
121,7,350.83,406.39,72.43,154.51,1.0000,-1,-1,-1
121,8,810.99,305.04,46.97,135.30,1.0000,-1,-1,-1
121,9,1771.59,-40.88,98.14,143.41,1.0000,-1,-1,-1
121,13,223.08,329.50,41.72,163.48,1.0000,-1,-1,-1
121,14,589.85,201.14,29.64,92.51,1.0000,-1,-1,-1
121,17,1029.44,315.07,52.54,126.22,1.0000,-1,-1,-1
121,18,407.03,203.72,64.77,169.15,1.0000,-1,-1,-1
121,19,443.46,155.74,69.08,109.58,1.0000,-1,-1,-1
121,20,283.55,311.01,70.79,157.57,1.0000,-1,-1,-1
121,21,930.22,504.36,59.91,117.72,1.0000,-1,-1,-1
121,22,256.33,471.21,15.02,36.53,1.0000,-1,-1,-1
121,23,626.06,104.91,46.83,132.87,1.0000,-1,-1,-1
122,1,397.24,176.13,72.41,116.83,1.0000,-1,-1,-1
122,6,207.00,473.82,79.35,148.81,1.0000,-1,-1,-1
122,7,350.80,406.52,74.21,154.74,1.0000,-1,-1,-1
122,8,813.33,306.32,48.28,134.35,1.0000,-1,-1,-1
122,9,1789.50,-44.41,98.39,143.77,1.0000,-1,-1,-1
122,13,224.32,329.93,41.55,162.83,1.0000,-1,-1,-1
122,14,594.09,200.67,29.34,91.57,1.0000,-1,-1,-1
122,17,1030.80,314.50,50.74,128.37,1.0000,-1,-1,-1
122,18,409.91,209.33,64.37,165.77,1.0000,-1,-1,-1
122,19,435.93,157.41,68.95,109.37,1.0000,-1,-1,-1
122,20,286.11,311.54,70.53,157.44,1.0000,-1,-1,-1
122,21,932.87,504.61,61.40,117.44,1.0000,-1,-1,-1
122,22,254.30,475.13,15.02,36.53,1.0000,-1,-1,-1
122,23,627.13,105.60,46.81,132.80,1.0000,-1,-1,-1
123,1,393.92,176.40,72.19,116.47,1.0000,-1,-1,-1
123,6,205.50,473.87,79.36,148.83,1.0000,-1,-1,-1
123,7,351.63,406.65,75.09,154.36,1.0000,-1,-1,-1
123,8,815.24,306.82,49.54,133.80,1.0000,-1,-1,-1
123,9,1807.41,-47.94,98.64,144.13,1.0000,-1,-1,-1
123,13,225.56,330.37,41.38,162.17,1.0000,-1,-1,-1
123,14,598.32,200.21,29.03,90.61,1.0000,-1,-1,-1
123,17,1031.62,314.28,49.40,130.83,1.0000,-1,-1,-1
123,18,412.26,213.45,64.31,162.80,1.0000,-1,-1,-1
123,19,428.41,159.09,68.81,109.16,1.0000,-1,-1,-1
123,20,287.58,311.87,71.19,157.58,1.0000,-1,-1,-1
123,21,935.84,505.07,62.10,116.95,1.0000,-1,-1,-1
123,22,252.26,479.05,15.02,36.53,1.0000,-1,-1,-1
123,23,628.19,106.29,46.78,132.72,1.0000,-1,-1,-1
124,1,390.61,176.67,71.97,116.12,1.0000,-1,-1,-1
124,6,204.01,473.93,79.37,148.84,1.0000,-1,-1,-1
124,7,352.17,406.95,75.99,153.99,1.0000,-1,-1,-1
124,8,816.50,307.36,50.84,133.70,1.0000,-1,-1,-1
124,9,1825.32,-51.47,98.89,144.49,1.0000,-1,-1,-1
124,13,226.80,330.81,41.22,161.51,1.0000,-1,-1,-1
124,14,602.56,199.76,28.73,89.65,1.0000,-1,-1,-1
124,17,1031.93,312.35,48.66,134.66,1.0000,-1,-1,-1
124,18,415.48,217.19,63.98,160.57,1.0000,-1,-1,-1
124,19,420.89,160.77,68.68,108.95,1.0000,-1,-1,-1
124,20,289.61,310.49,68.37,155.60,1.0000,-1,-1,-1
124,21,937.98,505.54,62.84,115.98,1.0000,-1,-1,-1
124,22,250.22,482.97,15.02,36.53,1.0000,-1,-1,-1
124,23,629.26,106.98,46.76,132.65,1.0000,-1,-1,-1
125,1,387.29,176.94,71.75,115.76,1.0000,-1,-1,-1
125,6,202.52,473.98,79.38,148.86,1.0000,-1,-1,-1
125,7,352.64,406.99,76.83,153.59,1.0000,-1,-1,-1
125,8,817.89,308.10,52.59,133.44,1.0000,-1,-1,-1
125,9,1843.24,-54.99,99.13,144.85,1.0000,-1,-1,-1
125,13,228.04,331.25,41.05,160.86,1.0000,-1,-1,-1
125,14,606.80,199.30,28.41,88.68,1.0000,-1,-1,-1
125,17,1032.27,312.96,48.27,138.35,1.0000,-1,-1,-1
125,18,417.58,219.67,64.18,158.53,1.0000,-1,-1,-1
125,19,413.37,162.45,68.55,108.74,1.0000,-1,-1,-1
125,20,292.82,310.73,67.67,153.67,1.0000,-1,-1,-1
125,21,940.68,505.46,64.07,115.39,1.0000,-1,-1,-1
125,22,248.18,486.89,15.02,36.53,1.0000,-1,-1,-1
125,23,630.33,107.66,46.73,132.58,1.0000,-1,-1,-1
126,1,383.97,177.21,71.53,115.40,1.0000,-1,-1,-1
126,6,201.03,474.04,79.39,148.88,1.0000,-1,-1,-1
126,7,353.88,407.33,78.38,153.16,1.0000,-1,-1,-1
126,8,819.57,309.37,54.35,133.12,1.0000,-1,-1,-1
126,9,1861.15,-58.52,99.38,145.21,1.0000,-1,-1,-1
126,13,229.29,331.70,40.88,160.19,1.0000,-1,-1,-1
126,14,611.04,198.86,28.10,87.69,1.0000,-1,-1,-1
126,17,1032.51,312.34,48.12,140.75,1.0000,-1,-1,-1
126,18,420.00,220.32,64.36,158.98,1.0000,-1,-1,-1
126,19,405.84,164.13,68.42,108.53,1.0000,-1,-1,-1
126,20,294.14,310.76,67.72,153.79,1.0000,-1,-1,-1
126,21,944.08,505.83,65.20,114.38,1.0000,-1,-1,-1
126,22,246.14,490.81,15.02,36.53,1.0000,-1,-1,-1
126,23,631.39,108.35,46.71,132.51,1.0000,-1,-1,-1
127,1,380.66,177.48,71.30,115.05,1.0000,-1,-1,-1
127,6,199.54,474.09,79.39,148.89,1.0000,-1,-1,-1
127,7,356.49,405.87,81.62,150.88,1.0000,-1,-1,-1
127,8,823.13,310.50,55.32,132.10,1.0000,-1,-1,-1
127,9,1879.07,-62.05,99.62,145.57,1.0000,-1,-1,-1
127,13,230.53,332.14,40.71,159.53,1.0000,-1,-1,-1
127,14,615.28,198.42,27.78,86.69,1.0000,-1,-1,-1
127,17,1032.03,310.89,48.94,141.98,1.0000,-1,-1,-1
127,18,424.45,222.17,63.90,156.16,1.0000,-1,-1,-1
127,19,398.32,165.81,68.28,108.32,1.0000,-1,-1,-1
127,20,296.42,313.39,65.53,152.49,1.0000,-1,-1,-1
127,21,947.52,506.86,66.44,115.78,1.0000,-1,-1,-1
127,22,244.10,494.73,15.02,36.53,1.0000,-1,-1,-1
127,23,632.46,109.04,46.68,132.44,1.0000,-1,-1,-1
128,1,377.34,177.75,71.08,114.69,1.0000,-1,-1,-1
128,6,199.95,474.30,85.58,152.67,1.0000,-1,-1,-1
128,7,355.42,404.95,85.56,149.52,1.0000,-1,-1,-1
128,8,825.04,311.67,55.49,130.94,1.0000,-1,-1,-1
128,9,1896.98,-65.58,99.87,145.93,1.0000,-1,-1,-1
128,13,231.77,332.59,40.54,158.86,1.0000,-1,-1,-1
128,17,1031.48,310.31,49.82,142.96,1.0000,-1,-1,-1
128,18,427.80,223.60,63.09,154.62,1.0000,-1,-1,-1
128,19,390.80,167.49,68.15,108.11,1.0000,-1,-1,-1
128,20,300.26,314.51,63.07,151.92,1.0000,-1,-1,-1
128,21,949.71,507.50,67.25,116.58,1.0000,-1,-1,-1
128,22,242.07,498.65,15.02,36.53,1.0000,-1,-1,-1
128,23,633.52,109.73,46.66,132.37,1.0000,-1,-1,-1
129,1,374.03,178.02,70.86,114.32,1.0000,-1,-1,-1
129,6,200.01,473.67,82.54,152.34,1.0000,-1,-1,-1
129,7,353.67,404.11,87.86,149.21,1.0000,-1,-1,-1
129,8,827.54,312.42,55.25,130.73,1.0000,-1,-1,-1
129,9,1914.89,-69.11,100.11,146.28,1.0000,-1,-1,-1
129,13,233.02,333.03,40.37,158.19,1.0000,-1,-1,-1
129,17,1026.86,310.23,53.21,143.65,1.0000,-1,-1,-1
129,18,430.29,224.27,63.26,154.03,1.0000,-1,-1,-1
129,19,383.28,169.17,68.02,107.90,1.0000,-1,-1,-1
129,20,302.00,315.45,61.56,151.73,1.0000,-1,-1,-1
129,21,952.58,507.88,67.99,116.95,1.0000,-1,-1,-1
129,22,240.03,502.57,15.02,36.53,1.0000,-1,-1,-1
129,23,634.59,110.42,46.63,132.30,1.0000,-1,-1,-1
129,25,485.48,176.59,76.35,115.08,1.0000,-1,-1,-1
130,1,370.71,178.30,70.63,113.96,1.0000,-1,-1,-1
130,6,201.01,473.03,79.01,151.76,1.0000,-1,-1,-1
130,7,352.49,402.84,88.01,149.34,1.0000,-1,-1,-1
130,8,829.73,313.53,54.59,130.30,1.0000,-1,-1,-1
130,9,1932.81,-72.63,100.35,146.64,1.0000,-1,-1,-1
130,13,234.26,333.48,40.20,157.52,1.0000,-1,-1,-1
130,17,1022.55,309.84,57.14,143.38,1.0000,-1,-1,-1
130,18,432.79,224.50,63.39,154.01,1.0000,-1,-1,-1
130,19,375.76,170.85,67.88,107.69,1.0000,-1,-1,-1
130,20,303.42,315.82,61.55,151.70,1.0000,-1,-1,-1
130,21,954.79,508.22,69.40,116.68,1.0000,-1,-1,-1
130,22,237.99,506.49,15.02,36.53,1.0000,-1,-1,-1
130,23,635.66,111.11,46.61,132.23,1.0000,-1,-1,-1
130,25,488.23,184.89,76.86,111.74,1.0000,-1,-1,-1
131,1,367.40,178.57,70.41,113.60,1.0000,-1,-1,-1
131,6,202.20,472.23,74.51,150.73,1.0000,-1,-1,-1
131,7,353.66,401.03,86.50,149.32,1.0000,-1,-1,-1
131,8,830.99,313.95,54.25,130.41,1.0000,-1,-1,-1
131,9,1950.72,-76.16,100.60,146.99,1.0000,-1,-1,-1
131,13,235.50,333.93,40.02,156.84,1.0000,-1,-1,-1
131,17,1018.83,309.83,60.69,142.89,1.0000,-1,-1,-1
131,18,434.54,224.36,63.15,154.15,1.0000,-1,-1,-1
131,19,368.24,172.53,67.75,107.47,1.0000,-1,-1,-1
131,20,304.83,316.19,61.54,151.68,1.0000,-1,-1,-1
131,21,957.19,508.57,69.77,116.58,1.0000,-1,-1,-1
131,22,235.95,510.42,15.02,36.53,1.0000,-1,-1,-1
131,23,636.72,111.80,46.58,132.15,1.0000,-1,-1,-1
131,25,492.97,189.32,77.24,110.88,1.0000,-1,-1,-1
132,1,364.08,178.85,70.18,113.23,1.0000,-1,-1,-1
132,6,203.73,471.41,68.82,149.45,1.0000,-1,-1,-1
132,7,356.03,399.82,84.58,149.69,1.0000,-1,-1,-1
132,8,833.26,313.69,54.22,131.13,1.0000,-1,-1,-1
132,9,1968.64,-79.69,100.84,147.35,1.0000,-1,-1,-1
132,13,236.75,334.38,39.85,156.16,1.0000,-1,-1,-1
132,17,1016.38,310.56,64.14,142.60,1.0000,-1,-1,-1
132,18,438.53,224.83,63.37,154.16,1.0000,-1,-1,-1
132,19,360.71,174.21,67.61,107.26,1.0000,-1,-1,-1
132,20,306.25,316.55,61.53,151.65,1.0000,-1,-1,-1
132,21,960.51,510.49,69.64,117.39,1.0000,-1,-1,-1
132,22,233.91,514.34,15.02,36.53,1.0000,-1,-1,-1
132,23,637.79,112.49,46.56,132.08,1.0000,-1,-1,-1
132,25,499.74,192.81,83.28,110.22,1.0000,-1,-1,-1
133,1,360.77,179.12,69.95,112.87,1.0000,-1,-1,-1
133,6,206.19,473.44,65.33,150.66,1.0000,-1,-1,-1
133,7,358.71,399.31,81.22,150.53,1.0000,-1,-1,-1
133,8,834.57,313.07,54.08,131.71,1.0000,-1,-1,-1
133,9,1986.56,-83.21,101.08,147.70,1.0000,-1,-1,-1
133,13,237.99,334.83,39.68,155.48,1.0000,-1,-1,-1
133,17,1015.41,310.64,66.79,142.37,1.0000,-1,-1,-1
133,18,441.30,224.45,63.98,154.91,1.0000,-1,-1,-1
133,19,353.19,175.89,67.48,107.05,1.0000,-1,-1,-1
133,20,307.67,316.92,61.52,151.63,1.0000,-1,-1,-1
133,21,962.29,510.90,69.32,117.92,1.0000,-1,-1,-1
133,22,231.87,518.26,15.02,36.53,1.0000,-1,-1,-1
133,23,638.86,113.18,46.53,132.01,1.0000,-1,-1,-1
133,25,504.78,192.15,89.56,111.30,1.0000,-1,-1,-1
134,1,357.45,179.40,69.73,112.50,1.0000,-1,-1,-1
134,6,209.31,473.67,62.97,151.55,1.0000,-1,-1,-1
134,7,362.07,399.25,77.95,151.57,1.0000,-1,-1,-1
134,8,835.98,312.54,53.95,132.24,1.0000,-1,-1,-1
134,13,239.24,335.29,39.50,154.79,1.0000,-1,-1,-1
134,17,1017.02,311.00,67.88,142.47,1.0000,-1,-1,-1
134,18,443.98,224.18,63.83,154.79,1.0000,-1,-1,-1
134,19,345.67,177.57,67.34,106.83,1.0000,-1,-1,-1
134,20,309.08,317.29,61.51,151.60,1.0000,-1,-1,-1
134,21,964.44,511.62,69.08,117.52,1.0000,-1,-1,-1
134,22,229.84,522.18,15.02,36.53,1.0000,-1,-1,-1
134,23,639.92,113.86,46.51,131.94,1.0000,-1,-1,-1
134,25,512.49,191.09,95.75,112.32,1.0000,-1,-1,-1
135,1,354.14,179.67,69.50,112.13,1.0000,-1,-1,-1
135,6,212.16,473.12,61.82,152.15,1.0000,-1,-1,-1
135,7,362.97,398.74,77.94,151.56,1.0000,-1,-1,-1
135,8,836.92,311.66,53.58,132.31,1.0000,-1,-1,-1
135,13,240.49,335.74,39.32,154.10,1.0000,-1,-1,-1
135,17,1018.99,311.38,69.11,143.45,1.0000,-1,-1,-1
135,18,446.10,223.23,63.27,155.17,1.0000,-1,-1,-1
135,19,338.15,179.26,67.21,106.62,1.0000,-1,-1,-1
135,20,310.50,317.66,61.50,151.58,1.0000,-1,-1,-1
135,21,966.58,512.35,68.85,117.13,1.0000,-1,-1,-1
135,23,640.99,114.55,46.48,131.87,1.0000,-1,-1,-1
135,25,519.97,191.51,99.01,113.34,1.0000,-1,-1,-1
136,1,350.83,179.95,69.27,111.76,1.0000,-1,-1,-1
136,6,214.03,472.36,61.74,151.60,1.0000,-1,-1,-1
136,7,363.86,398.23,77.93,151.54,1.0000,-1,-1,-1
136,8,838.02,310.93,53.85,132.01,1.0000,-1,-1,-1
136,13,241.73,336.20,39.15,153.41,1.0000,-1,-1,-1
136,17,1020.57,311.67,69.90,144.48,1.0000,-1,-1,-1
136,18,448.04,223.92,63.42,155.18,1.0000,-1,-1,-1
136,19,330.63,180.94,67.07,106.40,1.0000,-1,-1,-1
136,20,311.91,318.03,61.49,151.55,1.0000,-1,-1,-1
136,21,965.47,525.34,70.55,135.43,1.0000,-1,-1,-1
136,23,642.05,115.24,46.46,131.80,1.0000,-1,-1,-1
136,25,531.22,192.72,99.42,112.98,1.0000,-1,-1,-1
136,27,699.76,125.33,48.69,123.15,1.0000,-1,-1,-1
137,1,347.51,180.23,69.04,111.39,1.0000,-1,-1,-1
137,6,215.84,474.16,63.57,151.94,1.0000,-1,-1,-1
137,7,364.76,397.72,77.93,151.53,1.0000,-1,-1,-1
137,8,839.59,309.22,54.72,130.05,1.0000,-1,-1,-1
137,13,242.98,336.66,38.97,152.72,1.0000,-1,-1,-1
137,17,1020.32,311.17,69.66,145.31,1.0000,-1,-1,-1
137,18,451.31,225.61,63.64,154.68,1.0000,-1,-1,-1
137,19,323.11,182.62,66.94,106.19,1.0000,-1,-1,-1
137,20,313.33,318.40,61.48,151.53,1.0000,-1,-1,-1
137,21,967.53,523.00,70.95,145.83,1.0000,-1,-1,-1
137,23,643.12,115.93,46.43,131.72,1.0000,-1,-1,-1
137,24,415.49,208.04,43.04,139.30,1.0000,-1,-1,-1
137,25,550.57,192.24,95.01,113.37,1.0000,-1,-1,-1
137,27,702.05,126.47,48.01,121.43,1.0000,-1,-1,-1
138,1,344.20,180.51,68.81,111.02,1.0000,-1,-1,-1
138,6,216.29,473.94,65.64,151.92,1.0000,-1,-1,-1
138,7,365.66,397.21,77.92,151.52,1.0000,-1,-1,-1
138,8,840.48,309.15,55.62,128.24,1.0000,-1,-1,-1
138,13,244.23,337.12,38.79,152.02,1.0000,-1,-1,-1
138,17,1019.77,310.23,69.27,145.61,1.0000,-1,-1,-1
138,18,454.10,227.94,64.81,153.03,1.0000,-1,-1,-1
138,19,315.59,184.30,66.80,105.97,1.0000,-1,-1,-1
138,20,314.75,318.77,61.47,151.50,1.0000,-1,-1,-1
138,21,969.17,520.76,71.21,152.86,1.0000,-1,-1,-1
138,23,644.19,116.62,46.41,131.65,1.0000,-1,-1,-1
138,24,417.51,208.61,43.05,139.34,1.0000,-1,-1,-1
138,25,562.67,192.60,92.21,114.58,1.0000,-1,-1,-1
138,27,704.35,126.41,49.15,124.69,1.0000,-1,-1,-1
139,1,340.89,180.78,68.58,110.65,1.0000,-1,-1,-1
139,6,216.10,473.34,66.83,151.45,1.0000,-1,-1,-1
139,7,366.56,396.71,77.91,151.50,1.0000,-1,-1,-1
139,8,841.53,310.00,56.66,127.11,1.0000,-1,-1,-1
139,13,245.48,337.58,38.61,151.32,1.0000,-1,-1,-1
139,17,1018.44,308.82,68.17,145.37,1.0000,-1,-1,-1
139,18,456.05,229.28,66.49,152.75,1.0000,-1,-1,-1
139,19,308.07,185.98,66.67,105.76,1.0000,-1,-1,-1
139,20,316.16,319.14,61.46,151.47,1.0000,-1,-1,-1
139,21,970.34,519.05,71.17,157.85,1.0000,-1,-1,-1
139,23,645.25,117.31,46.38,131.58,1.0000,-1,-1,-1
139,24,419.40,208.11,43.67,140.07,1.0000,-1,-1,-1
139,25,570.81,195.28,91.13,116.14,1.0000,-1,-1,-1
139,27,705.61,127.13,50.25,126.05,1.0000,-1,-1,-1
140,1,337.58,181.06,68.35,110.27,1.0000,-1,-1,-1
140,6,215.95,473.66,67.78,151.82,1.0000,-1,-1,-1
140,7,378.02,394.06,73.29,143.55,1.0000,-1,-1,-1
140,8,842.67,311.89,57.10,125.65,1.0000,-1,-1,-1
140,13,246.72,338.05,38.43,150.61,1.0000,-1,-1,-1
140,17,1016.47,307.74,66.70,145.23,1.0000,-1,-1,-1
140,18,457.47,230.88,66.59,151.59,1.0000,-1,-1,-1
140,19,300.55,187.67,66.53,105.54,1.0000,-1,-1,-1
140,20,317.58,319.51,61.45,151.45,1.0000,-1,-1,-1
140,21,971.65,517.55,71.32,161.46,1.0000,-1,-1,-1
140,23,646.32,118.00,46.36,131.51,1.0000,-1,-1,-1
140,24,420.73,208.12,44.57,140.28,1.0000,-1,-1,-1
140,25,578.67,195.05,92.04,119.02,1.0000,-1,-1,-1
140,27,707.38,127.51,50.48,126.01,1.0000,-1,-1,-1
141,1,334.27,181.34,68.11,109.90,1.0000,-1,-1,-1
141,6,214.69,472.65,68.21,150.81,1.0000,-1,-1,-1
141,7,378.62,397.25,73.01,147.44,1.0000,-1,-1,-1
141,8,843.24,314.01,57.56,124.48,1.0000,-1,-1,-1
141,13,247.97,338.51,38.25,149.91,1.0000,-1,-1,-1
141,17,1012.90,306.54,65.02,145.74,1.0000,-1,-1,-1
141,18,460.83,231.02,69.02,150.82,1.0000,-1,-1,-1
141,19,293.03,189.35,66.39,105.32,1.0000,-1,-1,-1
141,20,318.99,319.88,61.44,151.42,1.0000,-1,-1,-1
141,21,972.67,516.58,71.00,164.05,1.0000,-1,-1,-1
141,23,647.39,118.69,46.33,131.44,1.0000,-1,-1,-1
141,24,422.07,208.63,44.71,140.13,1.0000,-1,-1,-1
141,25,585.32,195.37,93.05,120.72,1.0000,-1,-1,-1
141,27,709.29,128.20,50.07,125.58,1.0000,-1,-1,-1
142,1,330.96,181.62,67.88,109.52,1.0000,-1,-1,-1
142,6,213.22,471.29,68.02,148.07,1.0000,-1,-1,-1
142,7,381.20,393.13,72.78,143.98,1.0000,-1,-1,-1
142,8,843.97,316.44,58.22,123.04,1.0000,-1,-1,-1
142,13,249.22,338.98,38.07,149.20,1.0000,-1,-1,-1
142,17,1009.09,305.76,60.94,145.80,1.0000,-1,-1,-1
142,18,463.53,232.97,68.49,149.34,1.0000,-1,-1,-1
142,19,285.51,191.03,66.26,105.11,1.0000,-1,-1,-1
142,20,320.41,320.25,61.43,151.40,1.0000,-1,-1,-1
142,21,974.34,518.38,71.03,164.10,1.0000,-1,-1,-1
142,23,648.45,119.38,46.31,131.37,1.0000,-1,-1,-1
142,24,424.79,209.04,45.85,141.10,1.0000,-1,-1,-1
142,25,601.58,196.89,89.85,120.86,1.0000,-1,-1,-1
142,27,711.81,129.43,49.41,125.20,1.0000,-1,-1,-1
143,1,327.65,181.91,67.65,109.14,1.0000,-1,-1,-1
143,6,212.14,470.65,67.73,145.25,1.0000,-1,-1,-1
143,7,382.73,392.26,72.72,143.86,1.0000,-1,-1,-1
143,8,844.37,317.74,58.73,122.18,1.0000,-1,-1,-1
143,13,250.47,339.45,37.89,148.48,1.0000,-1,-1,-1
143,17,1007.77,305.28,57.33,145.83,1.0000,-1,-1,-1
143,18,464.35,233.69,67.44,148.72,1.0000,-1,-1,-1
143,19,277.99,192.71,66.12,104.89,1.0000,-1,-1,-1
143,20,321.83,320.61,61.42,151.37,1.0000,-1,-1,-1
143,21,976.01,520.18,71.05,164.15,1.0000,-1,-1,-1
143,23,649.52,120.07,46.28,131.29,1.0000,-1,-1,-1
143,24,426.78,209.20,46.24,142.06,1.0000,-1,-1,-1
143,25,616.85,197.43,86.19,121.84,1.0000,-1,-1,-1
143,27,714.78,130.80,48.66,124.58,1.0000,-1,-1,-1
144,1,324.34,182.19,67.41,108.76,1.0000,-1,-1,-1
144,6,210.27,471.23,67.44,143.53,1.0000,-1,-1,-1
144,7,384.18,392.21,73.08,142.12,1.0000,-1,-1,-1
144,8,844.55,318.78,59.02,121.63,1.0000,-1,-1,-1
144,13,251.72,339.92,37.71,147.76,1.0000,-1,-1,-1
144,17,1007.66,305.52,54.73,145.36,1.0000,-1,-1,-1
144,18,465.83,234.43,66.75,148.22,1.0000,-1,-1,-1
144,19,270.47,194.40,65.98,104.67,1.0000,-1,-1,-1
144,20,323.24,320.98,61.40,151.35,1.0000,-1,-1,-1
144,21,977.68,521.98,71.07,164.21,1.0000,-1,-1,-1
144,23,650.58,120.76,46.25,131.22,1.0000,-1,-1,-1
144,24,429.23,210.34,46.10,141.20,1.0000,-1,-1,-1
144,25,638.88,197.85,76.52,121.27,1.0000,-1,-1,-1
144,27,716.96,131.76,48.50,124.18,1.0000,-1,-1,-1
144,28,975.32,515.67,63.00,106.52,1.0000,-1,-1,-1
145,1,321.03,182.47,67.17,108.38,1.0000,-1,-1,-1
145,6,207.86,472.79,66.56,143.64,1.0000,-1,-1,-1
145,7,387.44,391.28,72.21,140.42,1.0000,-1,-1,-1
145,8,844.67,319.44,59.11,121.15,1.0000,-1,-1,-1
145,13,252.97,340.39,37.52,147.04,1.0000,-1,-1,-1
145,17,1007.87,306.07,53.27,145.91,1.0000,-1,-1,-1
145,18,467.32,234.57,65.41,147.75,1.0000,-1,-1,-1
145,19,262.95,196.08,65.84,104.45,1.0000,-1,-1,-1
145,20,324.66,321.35,61.39,151.32,1.0000,-1,-1,-1
145,21,979.35,523.78,71.10,164.26,1.0000,-1,-1,-1
145,23,651.65,121.45,46.23,131.15,1.0000,-1,-1,-1
145,24,431.33,210.81,46.15,141.36,1.0000,-1,-1,-1
145,25,650.70,202.22,68.14,118.77,1.0000,-1,-1,-1
145,27,719.14,132.73,48.35,123.78,1.0000,-1,-1,-1
145,28,977.48,517.00,61.71,105.36,1.0000,-1,-1,-1
146,1,317.72,182.75,66.94,108.00,1.0000,-1,-1,-1
146,6,205.85,477.23,66.04,149.40,1.0000,-1,-1,-1
146,7,389.34,391.92,71.43,139.33,1.0000,-1,-1,-1
146,8,844.60,319.43,59.74,120.48,1.0000,-1,-1,-1
146,13,254.22,340.86,37.34,146.32,1.0000,-1,-1,-1
146,17,1007.00,309.05,52.85,146.53,1.0000,-1,-1,-1
146,18,469.74,235.00,65.05,147.10,1.0000,-1,-1,-1
146,19,255.43,197.76,65.70,104.23,1.0000,-1,-1,-1
146,20,326.07,321.72,61.38,151.30,1.0000,-1,-1,-1
146,21,981.02,525.58,71.12,164.31,1.0000,-1,-1,-1
146,23,652.72,122.13,46.20,131.08,1.0000,-1,-1,-1
146,24,433.79,213.43,46.63,138.96,1.0000,-1,-1,-1
146,25,660.58,205.46,65.72,117.14,1.0000,-1,-1,-1
146,27,721.33,133.69,48.19,123.37,1.0000,-1,-1,-1
146,28,978.37,518.29,60.85,105.34,1.0000,-1,-1,-1
147,1,314.41,183.04,66.70,107.62,1.0000,-1,-1,-1
147,6,202.43,476.75,69.19,153.83,1.0000,-1,-1,-1
147,7,390.90,391.16,70.53,137.58,1.0000,-1,-1,-1
147,8,842.54,320.05,59.38,120.88,1.0000,-1,-1,-1
147,13,255.47,341.34,37.15,145.59,1.0000,-1,-1,-1
147,17,1004.43,312.81,53.04,145.25,1.0000,-1,-1,-1
147,18,470.99,235.57,65.99,145.77,1.0000,-1,-1,-1
147,19,247.91,199.45,65.57,104.01,1.0000,-1,-1,-1
147,20,327.49,322.09,61.37,151.27,1.0000,-1,-1,-1
147,21,982.69,527.38,71.14,164.37,1.0000,-1,-1,-1
147,23,653.78,122.82,46.18,131.01,1.0000,-1,-1,-1
147,24,437.37,213.77,46.50,138.82,1.0000,-1,-1,-1
147,25,673.21,202.03,68.03,118.98,1.0000,-1,-1,-1
147,27,723.51,134.65,48.03,122.97,1.0000,-1,-1,-1
147,28,980.11,519.35,58.21,104.32,1.0000,-1,-1,-1
148,1,311.10,183.32,66.46,107.23,1.0000,-1,-1,-1
148,6,198.22,476.05,70.59,157.43,1.0000,-1,-1,-1
148,7,391.44,390.06,69.75,136.58,1.0000,-1,-1,-1
148,8,841.61,320.30,58.59,121.15,1.0000,-1,-1,-1
148,13,256.72,341.82,36.97,144.86,1.0000,-1,-1,-1
148,17,1001.43,315.75,52.60,143.33,1.0000,-1,-1,-1
148,18,471.61,236.00,66.64,144.64,1.0000,-1,-1,-1
148,19,240.39,201.13,65.43,103.79,1.0000,-1,-1,-1
148,20,328.91,322.46,61.36,151.25,1.0000,-1,-1,-1
148,21,984.36,529.18,71.17,164.42,1.0000,-1,-1,-1
148,23,654.85,123.51,46.15,130.93,1.0000,-1,-1,-1
148,24,440.82,212.14,46.37,140.04,1.0000,-1,-1,-1
148,25,682.61,201.06,73.22,120.53,1.0000,-1,-1,-1
148,27,725.69,135.61,47.87,122.56,1.0000,-1,-1,-1
148,28,981.13,520.97,55.57,103.90,1.0000,-1,-1,-1
149,1,307.79,183.61,66.22,106.85,1.0000,-1,-1,-1
149,6,195.27,475.74,70.86,160.33,1.0000,-1,-1,-1
149,7,393.06,389.57,68.53,135.69,1.0000,-1,-1,-1
149,8,841.10,319.62,58.15,122.08,1.0000,-1,-1,-1
149,13,257.98,342.30,36.78,144.12,1.0000,-1,-1,-1
149,17,998.75,317.71,51.59,141.74,1.0000,-1,-1,-1
149,18,473.29,236.82,66.71,143.77,1.0000,-1,-1,-1
149,19,232.87,202.82,65.29,103.57,1.0000,-1,-1,-1
149,20,330.32,322.83,61.35,151.22,1.0000,-1,-1,-1
149,21,986.03,530.98,71.19,164.47,1.0000,-1,-1,-1
149,23,655.92,124.20,46.13,130.86,1.0000,-1,-1,-1
149,24,444.25,212.83,46.79,140.30,1.0000,-1,-1,-1
149,25,690.79,200.21,77.25,121.39,1.0000,-1,-1,-1
149,27,727.88,136.57,47.71,122.16,1.0000,-1,-1,-1
149,28,981.67,521.58,53.25,102.77,1.0000,-1,-1,-1
149,30,551.88,219.92,89.01,125.58,1.0000,-1,-1,-1
150,1,304.49,183.89,65.98,106.46,1.0000,-1,-1,-1
150,6,193.82,475.24,70.27,162.25,1.0000,-1,-1,-1
150,7,393.94,391.22,67.44,135.46,1.0000,-1,-1,-1
150,8,840.74,318.10,57.51,123.21,1.0000,-1,-1,-1
150,13,259.23,342.78,36.59,143.38,1.0000,-1,-1,-1
150,17,995.99,318.96,50.57,140.15,1.0000,-1,-1,-1
150,18,474.13,237.08,67.27,143.26,1.0000,-1,-1,-1
150,19,225.35,204.50,65.15,103.35,1.0000,-1,-1,-1
150,20,331.74,323.20,61.34,151.20,1.0000,-1,-1,-1
150,21,987.70,532.78,71.21,164.53,1.0000,-1,-1,-1
150,23,656.98,124.89,46.10,130.79,1.0000,-1,-1,-1
150,24,447.13,214.95,46.65,139.23,1.0000,-1,-1,-1
150,25,699.21,201.13,77.40,120.80,1.0000,-1,-1,-1
150,27,730.06,137.54,47.55,121.75,1.0000,-1,-1,-1
150,28,981.18,522.44,52.18,102.55,1.0000,-1,-1,-1
150,30,561.94,219.98,93.36,125.68,1.0000,-1,-1,-1
151,1,301.18,184.18,65.74,106.07,1.0000,-1,-1,-1
151,6,193.31,475.10,69.31,163.31,1.0000,-1,-1,-1
151,7,395.14,392.09,66.16,135.22,1.0000,-1,-1,-1
151,8,840.27,313.15,56.88,120.38,1.0000,-1,-1,-1
151,13,260.48,343.26,36.40,142.64,1.0000,-1,-1,-1
151,17,994.44,320.02,50.40,137.40,1.0000,-1,-1,-1
151,18,474.85,237.50,68.27,142.85,1.0000,-1,-1,-1
151,19,217.83,206.19,65.01,103.13,1.0000,-1,-1,-1
151,20,333.16,323.57,61.33,151.17,1.0000,-1,-1,-1
151,21,989.37,534.58,71.24,164.58,1.0000,-1,-1,-1
151,23,658.05,125.58,46.08,130.72,1.0000,-1,-1,-1
151,24,449.17,216.46,46.02,138.16,1.0000,-1,-1,-1
151,25,709.81,203.91,74.91,119.30,1.0000,-1,-1,-1
151,27,732.25,138.50,47.39,121.34,1.0000,-1,-1,-1
151,28,980.51,522.96,50.62,101.76,1.0000,-1,-1,-1
151,30,571.46,220.95,95.98,125.51,1.0000,-1,-1,-1
152,1,297.87,184.47,65.50,105.68,1.0000,-1,-1,-1
152,6,194.93,475.18,67.90,164.22,1.0000,-1,-1,-1
152,7,396.44,391.56,66.04,134.98,1.0000,-1,-1,-1
152,8,839.89,312.48,55.87,121.16,1.0000,-1,-1,-1
152,13,261.74,343.75,36.21,141.89,1.0000,-1,-1,-1
152,17,988.71,321.99,52.97,134.79,1.0000,-1,-1,-1
152,18,476.07,238.56,69.42,142.25,1.0000,-1,-1,-1
152,19,210.32,207.87,64.87,102.91,1.0000,-1,-1,-1
152,20,334.57,323.94,61.32,151.15,1.0000,-1,-1,-1
152,21,991.04,536.38,71.26,164.64,1.0000,-1,-1,-1
152,23,659.12,126.27,46.05,130.64,1.0000,-1,-1,-1
152,24,452.65,217.55,45.33,136.51,1.0000,-1,-1,-1
152,25,719.65,205.29,74.82,119.15,1.0000,-1,-1,-1
152,27,734.43,139.47,47.23,120.93,1.0000,-1,-1,-1
152,28,979.21,523.32,48.04,100.83,1.0000,-1,-1,-1
152,30,592.36,224.45,86.57,120.60,1.0000,-1,-1,-1
153,1,294.57,184.76,65.25,105.29,1.0000,-1,-1,-1
153,6,196.08,475.36,67.04,165.06,1.0000,-1,-1,-1
153,7,397.74,391.03,65.93,134.74,1.0000,-1,-1,-1
153,8,838.82,311.19,55.34,121.49,1.0000,-1,-1,-1
153,13,262.99,344.23,36.02,141.14,1.0000,-1,-1,-1
153,17,982.56,323.93,56.78,133.13,1.0000,-1,-1,-1
153,18,476.13,238.71,69.78,142.13,1.0000,-1,-1,-1
153,19,202.80,209.56,64.73,102.68,1.0000,-1,-1,-1
153,20,335.99,324.31,61.31,151.12,1.0000,-1,-1,-1
153,21,992.71,538.18,71.28,164.69,1.0000,-1,-1,-1
153,23,660.18,126.96,46.03,130.57,1.0000,-1,-1,-1
153,24,455.15,218.42,45.02,135.56,1.0000,-1,-1,-1
153,25,729.49,206.68,74.72,119.00,1.0000,-1,-1,-1
153,27,736.62,140.43,47.07,120.51,1.0000,-1,-1,-1
153,28,978.55,523.50,45.72,101.19,1.0000,-1,-1,-1
153,30,609.06,228.83,76.27,115.36,1.0000,-1,-1,-1
154,1,291.26,185.05,65.01,104.89,1.0000,-1,-1,-1
154,6,196.72,475.30,66.29,165.61,1.0000,-1,-1,-1
154,7,399.04,390.49,65.81,134.50,1.0000,-1,-1,-1
154,8,837.02,310.55,54.85,122.03,1.0000,-1,-1,-1
154,13,264.24,344.72,35.82,140.38,1.0000,-1,-1,-1
154,17,979.37,324.92,59.39,132.27,1.0000,-1,-1,-1
154,18,476.98,238.63,69.94,142.71,1.0000,-1,-1,-1
154,19,195.28,211.24,64.59,102.46,1.0000,-1,-1,-1
154,20,337.40,324.67,61.30,151.10,1.0000,-1,-1,-1
154,21,994.38,539.98,71.31,164.74,1.0000,-1,-1,-1
154,23,661.25,127.65,46.00,130.50,1.0000,-1,-1,-1
154,24,456.94,221.69,44.93,133.46,1.0000,-1,-1,-1
154,25,754.88,210.56,66.75,118.90,1.0000,-1,-1,-1
154,27,738.81,141.40,46.91,120.10,1.0000,-1,-1,-1
154,28,977.42,523.45,44.15,101.94,1.0000,-1,-1,-1
154,30,629.89,231.36,63.96,109.75,1.0000,-1,-1,-1
155,1,287.96,185.34,64.77,104.50,1.0000,-1,-1,-1
155,6,197.08,475.19,65.53,165.75,1.0000,-1,-1,-1
155,7,400.34,389.96,65.69,134.27,1.0000,-1,-1,-1
155,8,834.91,310.06,54.50,122.23,1.0000,-1,-1,-1
155,13,265.50,345.21,35.63,139.62,1.0000,-1,-1,-1
155,17,977.97,325.63,61.43,132.54,1.0000,-1,-1,-1
155,18,478.55,238.31,69.95,143.25,1.0000,-1,-1,-1
155,19,187.76,212.93,64.45,102.24,1.0000,-1,-1,-1
155,20,338.82,325.04,61.29,151.07,1.0000,-1,-1,-1
155,21,996.05,541.78,71.33,164.80,1.0000,-1,-1,-1
155,23,662.31,128.34,45.97,130.43,1.0000,-1,-1,-1
155,24,459.58,223.21,44.70,131.91,1.0000,-1,-1,-1
155,25,767.86,210.42,64.70,119.53,1.0000,-1,-1,-1
155,27,740.99,142.37,46.75,119.68,1.0000,-1,-1,-1
155,28,976.37,523.67,43.25,103.64,1.0000,-1,-1,-1
155,30,645.56,233.08,57.56,107.44,1.0000,-1,-1,-1
156,1,284.65,185.63,64.52,104.10,1.0000,-1,-1,-1
156,6,197.55,475.02,64.71,165.49,1.0000,-1,-1,-1
156,7,401.64,389.43,65.58,134.03,1.0000,-1,-1,-1
156,8,833.10,310.02,53.57,122.36,1.0000,-1,-1,-1
156,13,266.75,345.71,35.44,138.86,1.0000,-1,-1,-1
156,17,977.91,325.72,62.50,132.77,1.0000,-1,-1,-1
156,18,480.73,237.69,70.51,144.03,1.0000,-1,-1,-1
156,19,180.24,214.61,64.30,102.01,1.0000,-1,-1,-1
156,20,340.24,325.41,61.28,151.05,1.0000,-1,-1,-1
156,21,997.72,543.58,71.35,164.85,1.0000,-1,-1,-1
156,23,663.38,129.03,45.95,130.35,1.0000,-1,-1,-1
156,24,462.63,222.60,45.49,132.07,1.0000,-1,-1,-1
156,25,778.06,210.55,64.68,117.53,1.0000,-1,-1,-1
156,27,743.18,143.33,46.59,119.27,1.0000,-1,-1,-1
156,28,975.41,525.74,42.22,105.82,1.0000,-1,-1,-1
156,30,657.40,231.79,53.06,106.57,1.0000,-1,-1,-1
157,1,281.35,185.92,64.27,103.70,1.0000,-1,-1,-1
157,6,197.97,475.21,64.11,165.66,1.0000,-1,-1,-1
157,7,402.95,388.90,65.46,133.79,1.0000,-1,-1,-1
157,8,828.93,309.19,53.77,124.64,1.0000,-1,-1,-1
157,13,268.01,346.20,35.24,138.09,1.0000,-1,-1,-1
157,17,979.89,325.96,62.10,133.12,1.0000,-1,-1,-1
157,18,482.96,237.49,72.06,144.47,1.0000,-1,-1,-1
157,19,172.73,216.30,64.16,101.79,1.0000,-1,-1,-1
157,20,341.65,325.78,61.27,151.02,1.0000,-1,-1,-1
157,21,999.39,545.38,71.38,164.90,1.0000,-1,-1,-1
157,23,664.45,129.72,45.92,130.28,1.0000,-1,-1,-1
157,24,465.17,223.20,45.50,132.09,1.0000,-1,-1,-1
157,25,789.00,211.99,64.41,117.04,1.0000,-1,-1,-1
157,27,745.36,144.30,46.42,118.85,1.0000,-1,-1,-1
157,28,972.34,526.41,41.99,108.93,1.0000,-1,-1,-1
157,30,671.06,234.81,50.06,100.55,1.0000,-1,-1,-1
158,1,278.04,186.21,64.03,103.30,1.0000,-1,-1,-1
158,6,198.26,475.24,63.57,165.83,1.0000,-1,-1,-1
158,7,404.25,388.37,65.34,133.55,1.0000,-1,-1,-1
158,8,827.43,309.08,56.15,125.41,1.0000,-1,-1,-1
158,13,269.27,346.70,35.04,137.32,1.0000,-1,-1,-1
158,17,981.78,325.16,60.71,133.64,1.0000,-1,-1,-1
158,18,484.25,237.40,73.32,144.57,1.0000,-1,-1,-1
158,19,165.21,217.99,64.02,101.56,1.0000,-1,-1,-1
158,20,343.07,326.15,61.26,151.00,1.0000,-1,-1,-1
158,21,1001.06,547.18,71.40,164.96,1.0000,-1,-1,-1
158,23,665.51,130.41,45.90,130.21,1.0000,-1,-1,-1
158,24,467.70,223.80,45.51,132.11,1.0000,-1,-1,-1
158,25,799.95,213.44,64.14,116.55,1.0000,-1,-1,-1
158,27,747.55,145.27,46.26,118.43,1.0000,-1,-1,-1
158,28,970.35,523.72,41.73,107.84,1.0000,-1,-1,-1
158,30,684.82,238.01,46.87,94.14,1.0000,-1,-1,-1
159,1,274.74,186.50,63.78,102.90,1.0000,-1,-1,-1
159,6,198.90,475.20,62.93,165.97,1.0000,-1,-1,-1
159,7,405.55,387.83,65.22,133.31,1.0000,-1,-1,-1
159,8,826.70,308.80,56.12,125.36,1.0000,-1,-1,-1
159,13,270.53,347.20,34.84,136.54,1.0000,-1,-1,-1
159,17,983.56,323.72,58.99,134.37,1.0000,-1,-1,-1
159,18,486.04,237.47,73.46,144.85,1.0000,-1,-1,-1
159,19,157.69,219.67,63.88,101.34,1.0000,-1,-1,-1
159,20,344.48,326.52,61.25,150.97,1.0000,-1,-1,-1
159,21,1002.73,548.98,71.42,165.01,1.0000,-1,-1,-1
159,23,666.58,131.10,45.87,130.14,1.0000,-1,-1,-1
159,24,470.23,224.39,45.51,132.13,1.0000,-1,-1,-1
159,25,810.89,214.88,63.87,116.06,1.0000,-1,-1,-1
159,27,749.74,146.24,46.09,118.00,1.0000,-1,-1,-1
159,28,969.11,521.34,41.34,104.39,1.0000,-1,-1,-1
159,30,697.04,232.29,49.20,101.89,1.0000,-1,-1,-1
160,1,271.44,186.80,63.53,102.50,1.0000,-1,-1,-1
160,6,199.59,475.17,62.35,166.37,1.0000,-1,-1,-1
160,7,406.85,387.30,65.11,133.07,1.0000,-1,-1,-1
160,8,825.98,308.52,56.10,125.31,1.0000,-1,-1,-1
160,13,271.78,347.70,34.64,135.76,1.0000,-1,-1,-1
160,17,985.42,319.74,57.38,135.71,1.0000,-1,-1,-1
160,18,488.61,237.27,76.17,144.60,1.0000,-1,-1,-1
160,19,150.17,221.36,63.74,101.11,1.0000,-1,-1,-1
160,20,345.90,326.89,61.24,150.95,1.0000,-1,-1,-1
160,21,1004.40,550.78,71.44,165.06,1.0000,-1,-1,-1
160,23,667.65,131.79,45.85,130.06,1.0000,-1,-1,-1
160,24,472.76,224.99,45.52,132.14,1.0000,-1,-1,-1
160,25,821.84,216.33,63.60,115.57,1.0000,-1,-1,-1
160,27,751.93,147.21,45.93,117.58,1.0000,-1,-1,-1
160,28,968.06,520.55,40.67,100.97,1.0000,-1,-1,-1
160,30,708.28,232.17,45.14,99.51,1.0000,-1,-1,-1
161,1,268.14,187.09,63.28,102.10,1.0000,-1,-1,-1
161,6,200.33,474.72,61.70,166.54,1.0000,-1,-1,-1
161,7,408.15,386.77,64.99,132.83,1.0000,-1,-1,-1
161,8,825.26,308.24,56.08,125.26,1.0000,-1,-1,-1
161,13,273.04,348.20,34.44,134.98,1.0000,-1,-1,-1
161,17,985.35,317.45,57.31,137.22,1.0000,-1,-1,-1
161,18,490.06,237.06,77.73,144.54,1.0000,-1,-1,-1
161,19,142.66,223.05,63.59,100.88,1.0000,-1,-1,-1
161,20,347.32,327.26,61.23,150.92,1.0000,-1,-1,-1
161,21,1006.07,552.58,71.47,165.12,1.0000,-1,-1,-1
161,23,668.71,132.48,45.82,129.99,1.0000,-1,-1,-1
161,24,475.29,225.59,45.53,132.16,1.0000,-1,-1,-1
161,25,832.78,217.78,63.32,115.07,1.0000,-1,-1,-1
161,27,754.11,148.18,45.76,117.16,1.0000,-1,-1,-1
161,28,967.23,520.36,40.06,98.28,1.0000,-1,-1,-1
161,30,718.67,233.45,43.91,101.72,1.0000,-1,-1,-1
162,1,264.83,187.39,63.03,101.69,1.0000,-1,-1,-1
162,6,201.65,473.56,61.15,166.33,1.0000,-1,-1,-1
162,7,409.45,386.24,64.87,132.58,1.0000,-1,-1,-1
162,8,824.54,307.96,56.06,125.21,1.0000,-1,-1,-1
162,13,274.30,348.71,34.24,134.19,1.0000,-1,-1,-1
162,17,984.56,317.31,57.30,137.21,1.0000,-1,-1,-1
162,18,492.39,236.42,80.39,144.39,1.0000,-1,-1,-1
162,19,135.14,224.74,63.45,100.66,1.0000,-1,-1,-1
162,20,348.73,327.63,61.22,150.90,1.0000,-1,-1,-1
162,21,1007.74,554.38,71.49,165.17,1.0000,-1,-1,-1
162,23,669.78,133.17,45.80,129.92,1.0000,-1,-1,-1
162,24,477.83,226.19,45.53,132.18,1.0000,-1,-1,-1
162,25,843.73,219.23,63.05,114.57,1.0000,-1,-1,-1
162,27,756.30,149.16,45.60,116.73,1.0000,-1,-1,-1
162,28,964.11,519.55,40.13,95.98,1.0000,-1,-1,-1
162,30,730.62,231.95,51.99,105.66,1.0000,-1,-1,-1
163,1,261.53,187.68,62.77,101.28,1.0000,-1,-1,-1
163,6,202.92,473.45,60.23,166.49,1.0000,-1,-1,-1
163,7,410.75,385.71,64.75,132.34,1.0000,-1,-1,-1
163,8,832.23,304.16,60.07,126.18,1.0000,-1,-1,-1
163,13,275.56,349.22,34.04,133.39,1.0000,-1,-1,-1
163,17,990.98,311.49,54.80,138.78,1.0000,-1,-1,-1
163,18,494.51,235.84,81.26,144.61,1.0000,-1,-1,-1
163,19,127.62,226.42,63.31,100.43,1.0000,-1,-1,-1
163,20,350.15,328.00,61.21,150.87,1.0000,-1,-1,-1
163,21,1009.41,556.18,71.51,165.22,1.0000,-1,-1,-1
163,23,670.85,133.85,45.77,129.85,1.0000,-1,-1,-1
163,24,480.36,226.78,45.54,132.20,1.0000,-1,-1,-1
163,25,863.70,222.95,64.80,109.56,1.0000,-1,-1,-1
163,27,758.49,150.13,45.43,116.30,1.0000,-1,-1,-1
163,28,961.88,519.75,39.97,93.80,1.0000,-1,-1,-1
163,30,738.33,234.69,59.76,107.03,1.0000,-1,-1,-1
164,1,258.23,187.98,62.52,100.87,1.0000,-1,-1,-1
164,6,204.14,472.52,59.08,165.39,1.0000,-1,-1,-1
164,7,412.06,385.18,64.63,132.10,1.0000,-1,-1,-1
164,8,832.30,303.62,60.07,126.19,1.0000,-1,-1,-1
164,13,276.82,349.73,33.84,132.59,1.0000,-1,-1,-1
164,17,994.64,305.72,52.67,136.11,1.0000,-1,-1,-1
164,18,495.75,236.09,82.02,144.45,1.0000,-1,-1,-1
164,19,120.11,228.11,63.16,100.20,1.0000,-1,-1,-1
164,20,351.57,328.37,61.20,150.85,1.0000,-1,-1,-1
164,21,1011.08,557.98,71.54,165.28,1.0000,-1,-1,-1
164,23,671.91,134.54,45.74,129.77,1.0000,-1,-1,-1
164,24,482.89,227.38,45.54,132.22,1.0000,-1,-1,-1
164,25,870.80,224.78,63.37,107.62,1.0000,-1,-1,-1
164,27,760.68,151.10,45.26,115.87,1.0000,-1,-1,-1
164,28,959.87,520.54,39.75,91.52,1.0000,-1,-1,-1
164,30,744.66,236.77,67.71,108.26,1.0000,-1,-1,-1
165,1,254.93,188.28,62.27,100.46,1.0000,-1,-1,-1
165,6,205.54,471.51,58.17,163.71,1.0000,-1,-1,-1
165,7,413.36,384.65,64.52,131.86,1.0000,-1,-1,-1
165,8,832.36,303.08,60.07,126.19,1.0000,-1,-1,-1
165,13,278.08,350.24,33.63,131.79,1.0000,-1,-1,-1
165,17,996.56,303.25,51.43,134.81,1.0000,-1,-1,-1
165,18,496.31,236.02,82.42,143.89,1.0000,-1,-1,-1
165,19,112.59,229.80,63.02,99.97,1.0000,-1,-1,-1
165,20,352.98,328.74,61.19,150.82,1.0000,-1,-1,-1
165,21,1012.75,559.78,71.56,165.33,1.0000,-1,-1,-1
165,23,672.98,135.23,45.72,129.70,1.0000,-1,-1,-1
165,24,485.42,227.98,45.55,132.24,1.0000,-1,-1,-1
165,25,882.07,226.23,63.04,107.06,1.0000,-1,-1,-1
165,27,762.87,152.08,45.09,115.44,1.0000,-1,-1,-1
165,28,957.11,521.34,40.00,90.22,1.0000,-1,-1,-1
165,30,747.83,238.56,72.43,106.71,1.0000,-1,-1,-1
166,1,251.63,188.58,62.01,100.05,1.0000,-1,-1,-1
166,6,207.11,472.82,56.97,163.80,1.0000,-1,-1,-1
166,7,414.66,384.12,64.40,131.61,1.0000,-1,-1,-1
166,8,832.43,302.55,60.07,126.19,1.0000,-1,-1,-1
166,13,279.34,350.76,33.42,130.98,1.0000,-1,-1,-1
166,17,997.77,301.85,50.59,134.37,1.0000,-1,-1,-1
166,18,498.26,235.85,82.60,144.21,1.0000,-1,-1,-1
166,19,105.07,231.49,62.87,99.74,1.0000,-1,-1,-1
166,20,354.40,329.10,61.18,150.79,1.0000,-1,-1,-1
166,21,1014.42,561.58,71.58,165.38,1.0000,-1,-1,-1
166,23,674.05,135.92,45.69,129.63,1.0000,-1,-1,-1
166,24,487.96,228.57,45.56,132.25,1.0000,-1,-1,-1
166,25,893.33,227.68,62.71,106.50,1.0000,-1,-1,-1
166,27,765.06,153.05,44.92,115.01,1.0000,-1,-1,-1
166,28,954.78,521.37,40.32,88.03,1.0000,-1,-1,-1
166,30,752.09,238.63,72.06,104.24,1.0000,-1,-1,-1
167,1,248.33,188.87,61.75,99.64,1.0000,-1,-1,-1
167,6,210.21,473.14,56.94,162.53,1.0000,-1,-1,-1
167,7,415.96,383.59,64.28,131.37,1.0000,-1,-1,-1
167,8,823.47,303.50,58.13,122.76,1.0000,-1,-1,-1
167,13,280.60,351.28,33.22,130.17,1.0000,-1,-1,-1
167,17,998.07,301.18,50.87,135.80,1.0000,-1,-1,-1
167,18,498.59,234.72,81.73,143.92,1.0000,-1,-1,-1
167,19,97.56,233.18,62.73,99.51,1.0000,-1,-1,-1
167,20,355.81,329.47,61.17,150.77,1.0000,-1,-1,-1
167,21,1016.09,563.38,71.61,165.44,1.0000,-1,-1,-1
167,23,675.11,136.61,45.67,129.55,1.0000,-1,-1,-1
167,24,488.82,231.46,40.42,129.69,1.0000,-1,-1,-1
167,25,904.59,229.13,62.38,105.94,1.0000,-1,-1,-1
167,27,767.25,154.03,44.75,114.58,1.0000,-1,-1,-1
167,28,950.54,520.56,40.29,85.57,1.0000,-1,-1,-1
167,30,764.43,237.39,68.59,101.59,1.0000,-1,-1,-1
168,1,245.04,189.17,61.50,99.22,1.0000,-1,-1,-1
168,6,212.15,474.98,56.47,163.41,1.0000,-1,-1,-1
168,7,417.26,383.06,64.16,131.13,1.0000,-1,-1,-1
168,8,820.14,303.66,59.69,122.58,1.0000,-1,-1,-1
168,13,281.87,351.80,33.01,129.35,1.0000,-1,-1,-1
168,17,998.22,300.66,51.32,137.08,1.0000,-1,-1,-1
168,18,500.36,234.45,81.91,144.23,1.0000,-1,-1,-1
168,19,90.04,234.87,62.58,99.28,1.0000,-1,-1,-1
168,20,357.23,329.84,61.16,150.74,1.0000,-1,-1,-1
168,21,1017.76,565.18,71.63,165.49,1.0000,-1,-1,-1
168,23,676.18,137.30,45.64,129.48,1.0000,-1,-1,-1
168,24,491.13,232.20,40.37,129.55,1.0000,-1,-1,-1
168,25,892.32,218.92,61.18,111.76,1.0000,-1,-1,-1
168,27,769.44,155.01,44.58,114.14,1.0000,-1,-1,-1
168,28,947.07,518.51,40.58,79.82,1.0000,-1,-1,-1
168,30,776.47,234.50,63.78,99.41,1.0000,-1,-1,-1
169,1,241.74,189.48,61.24,98.80,1.0000,-1,-1,-1
169,6,213.91,475.77,56.23,164.35,1.0000,-1,-1,-1
169,7,418.57,382.53,64.04,130.88,1.0000,-1,-1,-1
169,8,820.52,303.94,59.62,123.05,1.0000,-1,-1,-1
169,13,283.13,352.32,32.80,128.52,1.0000,-1,-1,-1
169,17,996.84,300.39,52.70,138.39,1.0000,-1,-1,-1
169,18,502.13,234.17,82.09,144.54,1.0000,-1,-1,-1
169,19,82.53,236.56,62.44,99.05,1.0000,-1,-1,-1
169,20,358.65,330.21,61.15,150.72,1.0000,-1,-1,-1
169,21,1019.43,566.98,71.65,165.54,1.0000,-1,-1,-1
169,23,677.24,137.99,45.62,129.41,1.0000,-1,-1,-1
169,24,493.43,232.94,40.33,129.41,1.0000,-1,-1,-1
169,25,897.61,216.22,65.43,113.92,1.0000,-1,-1,-1
169,27,771.63,155.99,44.41,113.70,1.0000,-1,-1,-1
169,28,944.44,518.00,40.39,74.12,1.0000,-1,-1,-1
169,30,787.45,235.01,62.85,97.97,1.0000,-1,-1,-1
170,1,238.44,189.78,60.98,98.38,1.0000,-1,-1,-1
170,6,215.30,475.60,56.06,164.51,1.0000,-1,-1,-1
170,7,419.87,382.00,63.92,130.64,1.0000,-1,-1,-1
170,8,822.65,304.34,58.36,123.49,1.0000,-1,-1,-1
170,13,284.40,352.85,32.58,127.69,1.0000,-1,-1,-1
170,17,993.96,303.19,55.30,140.85,1.0000,-1,-1,-1
170,18,502.28,234.70,81.99,144.60,1.0000,-1,-1,-1
170,19,75.01,238.25,62.29,98.82,1.0000,-1,-1,-1
170,20,360.06,330.58,61.14,150.69,1.0000,-1,-1,-1
170,21,1021.10,568.78,71.68,165.60,1.0000,-1,-1,-1
170,23,678.31,138.68,45.59,129.34,1.0000,-1,-1,-1
170,24,495.73,233.67,40.29,129.27,1.0000,-1,-1,-1
170,25,900.04,214.48,69.33,115.11,1.0000,-1,-1,-1
170,27,773.82,156.97,44.24,113.26,1.0000,-1,-1,-1
170,28,941.91,522.75,41.88,77.85,1.0000,-1,-1,-1
170,30,798.44,235.53,61.91,96.50,1.0000,-1,-1,-1
171,1,235.14,190.08,60.72,97.96,1.0000,-1,-1,-1
171,6,216.72,476.28,56.02,165.12,1.0000,-1,-1,-1
171,7,421.17,381.47,63.80,130.39,1.0000,-1,-1,-1
171,8,822.10,304.04,58.35,123.46,1.0000,-1,-1,-1
171,13,285.66,353.38,32.37,126.86,1.0000,-1,-1,-1
171,17,991.83,304.13,57.58,142.88,1.0000,-1,-1,-1
171,18,503.74,235.06,82.27,145.11,1.0000,-1,-1,-1
171,19,67.49,239.94,62.15,98.59,1.0000,-1,-1,-1
171,20,361.48,330.95,61.13,150.67,1.0000,-1,-1,-1
171,21,1022.77,570.58,71.70,165.65,1.0000,-1,-1,-1
171,23,679.38,139.37,45.56,129.26,1.0000,-1,-1,-1
171,24,498.03,234.41,40.24,129.12,1.0000,-1,-1,-1
171,25,902.79,214.51,73.70,114.44,1.0000,-1,-1,-1
171,27,776.01,157.95,44.07,112.82,1.0000,-1,-1,-1
171,28,940.25,523.05,40.99,76.19,1.0000,-1,-1,-1
171,30,809.44,236.06,60.95,95.00,1.0000,-1,-1,-1
172,6,219.57,474.88,56.28,161.30,1.0000,-1,-1,-1
172,7,422.47,380.94,63.68,130.15,1.0000,-1,-1,-1
172,8,821.55,303.74,58.33,123.44,1.0000,-1,-1,-1
172,13,286.93,353.91,32.16,126.02,1.0000,-1,-1,-1
172,17,992.20,302.05,58.31,143.14,1.0000,-1,-1,-1
172,18,503.61,235.01,82.05,145.81,1.0000,-1,-1,-1
172,19,59.98,241.63,62.00,98.36,1.0000,-1,-1,-1
172,20,362.89,331.32,61.12,150.64,1.0000,-1,-1,-1
172,21,1024.44,572.38,71.72,165.70,1.0000,-1,-1,-1
172,23,680.44,140.06,45.54,129.19,1.0000,-1,-1,-1
172,24,500.33,235.15,40.20,128.98,1.0000,-1,-1,-1
172,25,903.87,216.24,77.51,113.81,1.0000,-1,-1,-1
172,27,778.20,158.93,43.90,112.38,1.0000,-1,-1,-1
172,28,938.60,523.37,40.07,74.48,1.0000,-1,-1,-1
172,30,820.45,236.60,59.98,93.49,1.0000,-1,-1,-1
173,6,221.61,475.13,56.40,158.52,1.0000,-1,-1,-1
173,7,423.78,380.41,63.56,129.90,1.0000,-1,-1,-1
173,8,823.72,266.25,59.30,145.12,1.0000,-1,-1,-1
173,13,288.19,354.45,31.94,125.17,1.0000,-1,-1,-1
173,17,990.71,304.60,59.37,144.46,1.0000,-1,-1,-1
173,18,505.05,234.88,82.23,146.11,1.0000,-1,-1,-1
173,19,52.46,243.32,61.85,98.12,1.0000,-1,-1,-1
173,20,364.31,331.69,61.11,150.62,1.0000,-1,-1,-1
173,21,1026.11,574.18,71.74,165.76,1.0000,-1,-1,-1
173,24,502.63,235.89,40.15,128.84,1.0000,-1,-1,-1
173,25,903.95,219.18,80.69,112.28,1.0000,-1,-1,-1
173,27,780.39,159.91,43.72,111.94,1.0000,-1,-1,-1
173,28,936.96,523.71,39.13,72.74,1.0000,-1,-1,-1
173,30,831.46,237.15,58.99,91.94,1.0000,-1,-1,-1
174,6,223.03,475.41,56.36,156.58,1.0000,-1,-1,-1
174,7,425.08,379.89,63.44,129.65,1.0000,-1,-1,-1
174,8,825.19,258.51,59.55,157.49,1.0000,-1,-1,-1
174,13,289.46,354.98,31.72,124.32,1.0000,-1,-1,-1
174,17,989.96,305.58,59.97,145.33,1.0000,-1,-1,-1
174,18,506.50,234.75,82.40,146.42,1.0000,-1,-1,-1
174,19,44.95,245.01,61.71,97.89,1.0000,-1,-1,-1
174,20,365.73,332.06,61.10,150.59,1.0000,-1,-1,-1
174,21,1027.78,575.98,71.77,165.81,1.0000,-1,-1,-1
174,24,504.93,236.63,40.11,128.70,1.0000,-1,-1,-1
174,25,902.14,218.02,83.21,112.03,1.0000,-1,-1,-1
174,27,782.59,160.89,43.55,111.49,1.0000,-1,-1,-1
174,28,935.33,524.07,38.17,70.95,1.0000,-1,-1,-1
174,30,842.48,237.72,57.98,90.38,1.0000,-1,-1,-1
175,6,224.37,476.02,56.06,155.72,1.0000,-1,-1,-1
175,7,426.38,379.36,63.32,129.40,1.0000,-1,-1,-1
175,8,825.73,251.44,60.66,167.46,1.0000,-1,-1,-1
175,13,290.73,355.52,31.50,123.46,1.0000,-1,-1,-1
175,17,989.30,305.54,60.55,146.17,1.0000,-1,-1,-1
175,18,507.94,234.62,82.57,146.73,1.0000,-1,-1,-1
175,19,37.43,246.70,61.56,97.66,1.0000,-1,-1,-1
175,20,367.14,332.43,61.09,150.57,1.0000,-1,-1,-1
175,21,1029.45,577.78,71.79,165.86,1.0000,-1,-1,-1
175,24,507.23,237.36,40.06,128.55,1.0000,-1,-1,-1
175,25,896.47,220.98,87.59,115.82,1.0000,-1,-1,-1
175,27,784.78,161.87,43.37,111.04,1.0000,-1,-1,-1
175,28,933.71,524.45,37.18,69.11,1.0000,-1,-1,-1
175,30,853.51,238.30,56.96,88.78,1.0000,-1,-1,-1
176,6,225.68,477.34,55.77,156.28,1.0000,-1,-1,-1
176,7,427.68,378.83,63.19,129.16,1.0000,-1,-1,-1
176,8,825.68,248.93,60.74,167.68,1.0000,-1,-1,-1
176,13,292.00,356.07,31.28,122.59,1.0000,-1,-1,-1
176,17,988.77,305.47,60.99,146.63,1.0000,-1,-1,-1
176,18,502.85,234.49,81.08,146.31,1.0000,-1,-1,-1
176,19,29.92,248.39,61.41,97.42,1.0000,-1,-1,-1
176,20,368.56,332.80,61.08,150.54,1.0000,-1,-1,-1
176,21,1031.12,579.58,71.81,165.92,1.0000,-1,-1,-1
176,24,509.53,238.10,40.02,128.41,1.0000,-1,-1,-1
176,25,898.65,222.50,89.13,117.47,1.0000,-1,-1,-1
176,27,786.97,162.86,43.20,110.59,1.0000,-1,-1,-1
176,28,932.11,524.86,36.17,67.23,1.0000,-1,-1,-1
176,30,864.55,238.90,55.92,87.16,1.0000,-1,-1,-1
177,6,228.59,474.39,55.18,153.27,1.0000,-1,-1,-1
177,7,428.99,378.30,63.07,128.91,1.0000,-1,-1,-1
177,8,825.62,246.41,60.82,167.90,1.0000,-1,-1,-1
177,17,988.09,305.16,61.45,147.22,1.0000,-1,-1,-1
177,18,503.85,234.99,81.31,145.47,1.0000,-1,-1,-1
177,19,22.41,250.08,61.26,97.19,1.0000,-1,-1,-1
177,20,369.97,333.17,61.07,150.52,1.0000,-1,-1,-1
177,21,1032.79,581.38,71.84,165.97,1.0000,-1,-1,-1
177,24,511.83,238.84,39.97,128.27,1.0000,-1,-1,-1
177,25,903.99,223.28,89.23,117.60,1.0000,-1,-1,-1
177,27,789.16,163.84,43.02,110.14,1.0000,-1,-1,-1
177,28,916.92,518.97,37.66,64.06,1.0000,-1,-1,-1
177,30,875.60,239.51,54.86,85.50,1.0000,-1,-1,-1
178,6,230.51,472.64,54.99,152.17,1.0000,-1,-1,-1
178,7,430.29,377.78,62.95,128.66,1.0000,-1,-1,-1
178,8,825.57,243.89,60.90,168.13,1.0000,-1,-1,-1
178,17,987.74,305.31,61.75,147.48,1.0000,-1,-1,-1
178,18,504.43,235.30,81.37,145.01,1.0000,-1,-1,-1
178,19,14.89,251.78,61.11,96.95,1.0000,-1,-1,-1
178,20,371.39,333.53,61.06,150.49,1.0000,-1,-1,-1
178,21,1034.46,583.18,71.86,166.02,1.0000,-1,-1,-1
178,24,514.14,239.58,39.93,128.12,1.0000,-1,-1,-1
178,25,909.33,224.05,89.33,117.72,1.0000,-1,-1,-1
178,27,791.36,164.83,42.84,109.69,1.0000,-1,-1,-1
178,28,913.33,518.95,37.98,62.73,1.0000,-1,-1,-1
178,30,886.66,240.13,53.77,83.81,1.0000,-1,-1,-1
179,6,231.05,472.93,55.38,150.12,1.0000,-1,-1,-1
179,7,431.59,377.25,62.83,128.41,1.0000,-1,-1,-1
179,8,825.51,241.37,60.98,168.35,1.0000,-1,-1,-1
179,17,986.50,304.77,62.54,147.99,1.0000,-1,-1,-1
179,18,505.34,236.18,81.48,144.72,1.0000,-1,-1,-1
179,20,372.81,333.90,61.05,150.47,1.0000,-1,-1,-1
179,21,1036.13,584.98,71.88,166.07,1.0000,-1,-1,-1
179,24,516.44,240.32,39.89,127.98,1.0000,-1,-1,-1
179,25,904.49,228.87,92.44,120.10,1.0000,-1,-1,-1
179,27,793.55,165.82,42.67,109.23,1.0000,-1,-1,-1
179,28,909.98,519.96,38.97,62.05,1.0000,-1,-1,-1
179,30,897.73,240.78,52.67,82.09,1.0000,-1,-1,-1
179,31,495.18,231.63,32.05,130.75,1.0000,-1,-1,-1
180,6,232.73,473.41,55.09,148.75,1.0000,-1,-1,-1
180,7,432.90,376.72,62.71,128.16,1.0000,-1,-1,-1
180,8,825.45,238.86,61.06,168.57,1.0000,-1,-1,-1
180,17,983.81,304.39,64.34,148.48,1.0000,-1,-1,-1
180,18,506.48,236.77,81.01,144.36,1.0000,-1,-1,-1
180,20,374.22,334.27,61.04,150.44,1.0000,-1,-1,-1
180,21,1037.80,586.78,71.91,166.13,1.0000,-1,-1,-1
180,24,518.74,241.06,39.84,127.84,1.0000,-1,-1,-1
180,25,906.62,230.70,93.81,121.20,1.0000,-1,-1,-1
180,27,795.75,166.80,42.49,108.78,1.0000,-1,-1,-1
180,28,907.93,520.98,39.36,61.40,1.0000,-1,-1,-1
180,30,908.82,241.44,51.54,80.33,1.0000,-1,-1,-1
180,31,494.95,229.50,34.55,134.26,1.0000,-1,-1,-1
181,6,234.51,473.07,54.85,147.26,1.0000,-1,-1,-1
181,7,434.20,376.20,62.58,127.91,1.0000,-1,-1,-1
181,8,825.40,236.34,61.14,168.79,1.0000,-1,-1,-1
181,17,983.40,304.50,65.12,148.54,1.0000,-1,-1,-1
181,18,506.88,236.97,80.72,144.32,1.0000,-1,-1,-1
181,20,375.64,334.64,61.03,150.42,1.0000,-1,-1,-1
181,21,1039.47,588.58,71.93,166.18,1.0000,-1,-1,-1
181,24,521.04,241.79,39.80,127.69,1.0000,-1,-1,-1
181,25,911.05,231.97,93.97,121.40,1.0000,-1,-1,-1
181,27,797.94,167.79,42.31,108.32,1.0000,-1,-1,-1
181,28,904.38,521.63,39.73,60.72,1.0000,-1,-1,-1
181,30,919.91,242.12,50.38,78.53,1.0000,-1,-1,-1
181,31,493.86,227.19,37.71,139.26,1.0000,-1,-1,-1
182,6,237.92,472.89,55.37,146.70,1.0000,-1,-1,-1
182,7,435.51,375.67,62.46,127.66,1.0000,-1,-1,-1
182,8,825.34,233.82,61.22,169.01,1.0000,-1,-1,-1
182,17,984.08,304.57,64.88,148.47,1.0000,-1,-1,-1
182,18,510.85,237.04,78.52,144.26,1.0000,-1,-1,-1
182,20,377.06,335.01,61.02,150.39,1.0000,-1,-1,-1
182,21,1041.14,590.38,71.95,166.23,1.0000,-1,-1,-1
182,24,523.34,242.53,39.75,127.55,1.0000,-1,-1,-1
182,25,915.47,233.23,94.13,121.61,1.0000,-1,-1,-1
182,27,800.13,168.78,42.13,107.86,1.0000,-1,-1,-1
182,28,898.94,522.53,40.40,60.05,1.0000,-1,-1,-1
182,30,931.02,242.83,49.20,76.69,1.0000,-1,-1,-1
182,31,492.32,225.03,40.37,142.56,1.0000,-1,-1,-1
183,6,240.22,472.62,57.62,146.50,1.0000,-1,-1,-1
183,7,436.81,375.14,62.34,127.41,1.0000,-1,-1,-1
183,8,825.29,231.31,61.30,169.24,1.0000,-1,-1,-1
183,17,984.52,304.89,64.57,148.02,1.0000,-1,-1,-1
183,18,513.59,236.96,76.07,144.26,1.0000,-1,-1,-1
183,20,378.47,335.38,61.01,150.37,1.0000,-1,-1,-1
183,21,1042.81,592.18,71.97,166.29,1.0000,-1,-1,-1
183,24,525.64,243.27,39.71,127.40,1.0000,-1,-1,-1
183,25,919.90,234.50,94.29,121.81,1.0000,-1,-1,-1
183,27,802.33,169.77,41.95,107.39,1.0000,-1,-1,-1
183,28,894.52,522.73,41.31,59.73,1.0000,-1,-1,-1
183,30,942.15,243.55,47.99,74.80,1.0000,-1,-1,-1
183,31,491.16,224.67,42.67,145.32,1.0000,-1,-1,-1
184,6,243.39,472.14,58.18,146.75,1.0000,-1,-1,-1
184,7,438.11,374.62,62.22,127.16,1.0000,-1,-1,-1
184,8,825.23,228.79,61.38,169.46,1.0000,-1,-1,-1
184,17,984.91,304.56,64.45,148.21,1.0000,-1,-1,-1
184,18,514.88,236.81,74.30,144.34,1.0000,-1,-1,-1
184,20,379.89,335.75,61.00,150.34,1.0000,-1,-1,-1
184,21,1044.48,593.99,72.00,166.34,1.0000,-1,-1,-1
184,24,527.94,244.01,39.66,127.26,1.0000,-1,-1,-1
184,25,924.32,235.76,94.44,122.01,1.0000,-1,-1,-1
184,27,804.53,170.77,41.77,106.93,1.0000,-1,-1,-1
184,28,891.78,522.95,40.36,58.36,1.0000,-1,-1,-1
184,30,953.29,244.31,46.75,72.86,1.0000,-1,-1,-1
184,31,490.24,223.70,45.03,149.03,1.0000,-1,-1,-1
185,6,247.38,471.69,57.79,147.25,1.0000,-1,-1,-1
185,7,439.42,374.09,62.09,126.90,1.0000,-1,-1,-1
185,8,825.18,226.27,61.46,169.68,1.0000,-1,-1,-1
185,17,985.14,304.40,64.39,147.72,1.0000,-1,-1,-1
185,18,516.40,236.23,72.21,144.62,1.0000,-1,-1,-1
185,20,381.30,336.12,60.99,150.31,1.0000,-1,-1,-1
185,21,1046.15,595.79,72.02,166.39,1.0000,-1,-1,-1
185,24,530.24,244.75,39.62,127.12,1.0000,-1,-1,-1
185,25,928.74,237.03,94.60,122.22,1.0000,-1,-1,-1
185,27,806.72,171.76,41.58,106.46,1.0000,-1,-1,-1
185,28,889.05,523.20,39.39,56.95,1.0000,-1,-1,-1
185,30,964.44,245.08,45.47,70.87,1.0000,-1,-1,-1
185,31,489.16,223.62,45.69,147.82,1.0000,-1,-1,-1
186,6,252.41,471.21,57.15,146.89,1.0000,-1,-1,-1
186,7,440.72,373.57,61.97,126.65,1.0000,-1,-1,-1
186,8,825.12,223.76,61.54,169.90,1.0000,-1,-1,-1
186,17,985.23,304.87,64.73,147.52,1.0000,-1,-1,-1
186,18,518.14,235.93,70.21,144.89,1.0000,-1,-1,-1
186,20,382.72,336.49,60.97,150.29,1.0000,-1,-1,-1
186,21,1047.83,597.59,72.04,166.45,1.0000,-1,-1,-1
186,24,532.55,245.49,39.57,126.97,1.0000,-1,-1,-1
186,25,933.17,238.29,94.76,122.42,1.0000,-1,-1,-1
186,27,808.92,172.75,41.40,105.99,1.0000,-1,-1,-1
186,28,887.21,523.05,42.83,58.55,1.0000,-1,-1,-1
186,30,975.62,245.89,44.16,68.83,1.0000,-1,-1,-1
186,31,488.50,223.48,46.15,146.72,1.0000,-1,-1,-1
187,6,256.99,470.50,56.86,146.36,1.0000,-1,-1,-1
187,7,442.03,373.04,61.84,126.40,1.0000,-1,-1,-1
187,8,825.07,221.24,61.62,170.12,1.0000,-1,-1,-1
187,17,988.57,303.69,63.02,145.12,1.0000,-1,-1,-1
187,18,515.63,235.44,70.87,145.18,1.0000,-1,-1,-1
187,20,384.14,336.86,60.96,150.26,1.0000,-1,-1,-1
187,21,1049.50,599.39,72.07,166.50,1.0000,-1,-1,-1
187,24,534.85,246.23,39.53,126.83,1.0000,-1,-1,-1
187,25,937.59,239.56,94.92,122.63,1.0000,-1,-1,-1
187,27,811.12,173.75,41.22,105.52,1.0000,-1,-1,-1
187,28,883.13,522.56,44.79,59.21,1.0000,-1,-1,-1
187,30,986.82,246.73,42.81,66.72,1.0000,-1,-1,-1
187,31,487.85,223.16,46.59,145.25,1.0000,-1,-1,-1
188,6,261.02,470.87,58.39,147.00,1.0000,-1,-1,-1
188,7,443.33,372.52,61.72,126.14,1.0000,-1,-1,-1
188,8,825.01,218.72,61.70,170.34,1.0000,-1,-1,-1
188,17,987.31,304.25,63.86,145.95,1.0000,-1,-1,-1
188,18,514.05,235.13,71.74,145.44,1.0000,-1,-1,-1
188,20,385.55,337.23,60.95,150.24,1.0000,-1,-1,-1
188,21,1051.17,601.19,72.09,166.55,1.0000,-1,-1,-1
188,24,537.15,246.97,39.48,126.68,1.0000,-1,-1,-1
188,25,942.02,240.83,95.07,122.83,1.0000,-1,-1,-1
188,27,813.31,174.74,41.03,105.05,1.0000,-1,-1,-1
188,28,880.10,521.86,46.25,59.80,1.0000,-1,-1,-1
188,30,998.03,247.60,41.41,64.54,1.0000,-1,-1,-1
188,31,487.47,222.69,46.45,143.42,1.0000,-1,-1,-1
189,6,263.25,470.86,59.81,147.86,1.0000,-1,-1,-1
189,7,444.63,371.99,61.60,125.89,1.0000,-1,-1,-1
189,8,824.96,216.21,61.78,170.56,1.0000,-1,-1,-1
189,17,986.97,304.22,64.85,147.07,1.0000,-1,-1,-1
189,18,513.23,234.98,72.39,145.61,1.0000,-1,-1,-1
189,20,386.97,337.60,60.94,150.21,1.0000,-1,-1,-1
189,21,1052.84,602.99,72.11,166.60,1.0000,-1,-1,-1
189,24,539.45,247.71,39.44,126.54,1.0000,-1,-1,-1
189,25,946.44,242.09,95.23,123.03,1.0000,-1,-1,-1
189,27,815.51,175.74,40.85,104.57,1.0000,-1,-1,-1
189,28,877.97,521.86,47.33,60.21,1.0000,-1,-1,-1
189,30,1009.27,248.51,39.96,62.29,1.0000,-1,-1,-1
189,31,487.17,224.28,46.07,141.60,1.0000,-1,-1,-1
190,6,264.82,469.29,61.77,149.97,1.0000,-1,-1,-1
190,7,445.94,371.47,61.47,125.64,1.0000,-1,-1,-1
190,8,824.90,213.69,61.86,170.78,1.0000,-1,-1,-1
190,17,986.29,304.17,65.02,147.12,1.0000,-1,-1,-1
190,18,510.56,235.54,74.41,144.93,1.0000,-1,-1,-1
190,21,1054.51,604.79,72.13,166.66,1.0000,-1,-1,-1
190,24,541.75,248.44,39.39,126.39,1.0000,-1,-1,-1
190,25,950.86,243.36,95.39,123.23,1.0000,-1,-1,-1
190,27,817.71,176.74,40.66,104.09,1.0000,-1,-1,-1
190,28,876.37,521.81,48.28,60.55,1.0000,-1,-1,-1
190,30,1020.54,249.46,38.46,59.95,1.0000,-1,-1,-1
190,31,487.24,225.52,45.47,139.57,1.0000,-1,-1,-1
191,6,265.71,467.99,63.21,151.16,1.0000,-1,-1,-1
191,7,447.24,370.94,61.35,125.38,1.0000,-1,-1,-1
191,8,824.85,211.18,61.94,171.00,1.0000,-1,-1,-1
191,17,985.82,284.14,66.82,159.23,1.0000,-1,-1,-1
191,18,510.42,235.71,75.05,144.36,1.0000,-1,-1,-1
191,21,1056.18,606.59,72.16,166.71,1.0000,-1,-1,-1
191,24,544.05,249.18,39.34,126.25,1.0000,-1,-1,-1
191,25,955.29,244.63,95.54,123.43,1.0000,-1,-1,-1
191,27,819.91,177.74,40.47,103.61,1.0000,-1,-1,-1
191,28,875.48,521.57,49.50,61.00,1.0000,-1,-1,-1
191,30,1031.84,250.46,36.90,57.52,1.0000,-1,-1,-1
191,31,487.25,226.89,44.86,138.21,1.0000,-1,-1,-1
192,6,266.05,466.85,63.63,151.71,1.0000,-1,-1,-1
192,7,448.55,370.42,61.22,125.12,1.0000,-1,-1,-1
192,8,824.80,208.66,62.02,171.22,1.0000,-1,-1,-1
192,17,982.77,266.53,70.82,173.75,1.0000,-1,-1,-1
192,18,509.62,235.59,76.08,144.21,1.0000,-1,-1,-1
192,21,1057.85,608.39,72.18,166.76,1.0000,-1,-1,-1
192,24,546.35,249.92,39.30,126.10,1.0000,-1,-1,-1
192,25,959.71,245.89,95.70,123.64,1.0000,-1,-1,-1
192,27,822.11,178.74,40.28,103.13,1.0000,-1,-1,-1
192,28,872.97,521.14,50.98,61.57,1.0000,-1,-1,-1
192,30,1043.18,251.51,35.27,54.97,1.0000,-1,-1,-1
192,31,486.94,228.00,44.44,137.34,1.0000,-1,-1,-1
192,32,847.36,308.84,83.95,125.98,1.0000,-1,-1,-1
193,6,266.82,465.54,65.14,152.26,1.0000,-1,-1,-1
193,7,449.85,369.90,61.10,124.87,1.0000,-1,-1,-1
193,8,824.74,206.15,62.10,171.43,1.0000,-1,-1,-1
193,17,983.12,257.78,72.27,183.57,1.0000,-1,-1,-1
193,18,509.54,235.29,76.47,144.11,1.0000,-1,-1,-1
193,21,1059.52,610.19,72.20,166.82,1.0000,-1,-1,-1
193,24,548.66,250.66,39.25,125.95,1.0000,-1,-1,-1
193,25,964.14,247.16,95.85,123.84,1.0000,-1,-1,-1
193,27,824.31,179.74,40.09,102.65,1.0000,-1,-1,-1
193,28,871.71,520.83,52.04,61.97,1.0000,-1,-1,-1
193,30,1054.55,252.63,33.56,52.31,1.0000,-1,-1,-1
193,31,486.83,228.50,44.04,137.28,1.0000,-1,-1,-1
193,32,850.51,307.06,90.61,127.25,1.0000,-1,-1,-1
194,6,267.03,463.40,64.72,151.51,1.0000,-1,-1,-1
194,7,451.16,369.37,60.97,124.61,1.0000,-1,-1,-1
194,8,824.69,203.63,62.18,171.65,1.0000,-1,-1,-1
194,17,982.90,251.86,73.07,191.38,1.0000,-1,-1,-1
194,18,509.73,234.95,76.46,144.06,1.0000,-1,-1,-1
194,21,1061.19,611.99,72.23,166.87,1.0000,-1,-1,-1
194,24,550.96,251.40,39.21,125.81,1.0000,-1,-1,-1
194,25,968.56,248.43,96.01,124.04,1.0000,-1,-1,-1
194,27,826.51,180.74,39.90,102.16,1.0000,-1,-1,-1
194,28,871.14,520.65,52.95,62.22,1.0000,-1,-1,-1
194,30,1065.97,253.82,31.76,49.50,1.0000,-1,-1,-1
194,31,486.89,228.35,43.79,137.57,1.0000,-1,-1,-1
194,32,854.15,306.62,92.28,126.20,1.0000,-1,-1,-1
195,6,268.16,462.13,64.16,150.07,1.0000,-1,-1,-1
195,7,452.47,368.85,60.84,124.35,1.0000,-1,-1,-1
195,8,824.63,201.12,62.26,171.87,1.0000,-1,-1,-1
195,17,982.72,247.39,73.62,197.69,1.0000,-1,-1,-1
195,18,512.91,234.52,74.48,144.54,1.0000,-1,-1,-1
195,21,1062.86,613.79,72.25,166.92,1.0000,-1,-1,-1
195,24,553.26,252.14,39.16,125.66,1.0000,-1,-1,-1
195,25,972.99,249.70,96.17,124.24,1.0000,-1,-1,-1
195,27,828.71,181.75,39.71,101.67,1.0000,-1,-1,-1
195,28,871.21,520.49,53.63,62.43,1.0000,-1,-1,-1
195,30,1077.44,255.09,29.85,46.52,1.0000,-1,-1,-1
195,31,487.10,228.23,43.60,137.59,1.0000,-1,-1,-1
195,32,859.48,305.88,91.28,125.12,1.0000,-1,-1,-1
196,6,270.40,461.39,63.11,147.23,1.0000,-1,-1,-1
196,7,453.77,368.33,60.72,124.10,1.0000,-1,-1,-1
196,8,824.58,198.60,62.34,172.09,1.0000,-1,-1,-1
196,17,982.61,245.07,73.77,201.77,1.0000,-1,-1,-1
196,18,512.88,233.99,73.98,145.08,1.0000,-1,-1,-1
196,21,1064.53,615.59,72.27,166.97,1.0000,-1,-1,-1
196,24,555.56,252.88,39.12,125.52,1.0000,-1,-1,-1
196,25,977.41,250.96,96.32,124.44,1.0000,-1,-1,-1
196,27,830.91,182.75,39.52,101.18,1.0000,-1,-1,-1
196,28,871.07,520.27,54.11,62.68,1.0000,-1,-1,-1
196,30,1088.98,256.46,27.81,43.34,1.0000,-1,-1,-1
196,31,486.97,227.78,43.71,137.27,1.0000,-1,-1,-1
196,32,866.78,305.57,86.97,123.90,1.0000,-1,-1,-1
197,6,274.96,464.86,60.58,147.46,1.0000,-1,-1,-1
197,7,455.08,367.81,60.59,123.84,1.0000,-1,-1,-1
197,8,824.52,196.09,62.42,172.30,1.0000,-1,-1,-1
197,17,983.71,272.60,73.59,186.51,1.0000,-1,-1,-1
197,18,512.40,233.40,73.82,145.67,1.0000,-1,-1,-1
197,21,1066.20,617.39,72.30,167.03,1.0000,-1,-1,-1
197,24,557.86,253.62,39.07,125.37,1.0000,-1,-1,-1
197,25,981.84,252.23,96.47,124.64,1.0000,-1,-1,-1
197,27,833.11,183.76,39.33,100.69,1.0000,-1,-1,-1
197,28,871.30,520.19,54.47,62.87,1.0000,-1,-1,-1
197,30,1100.60,257.96,25.61,39.91,1.0000,-1,-1,-1
197,31,487.12,227.60,43.51,136.73,1.0000,-1,-1,-1
197,32,871.11,304.29,88.08,125.48,1.0000,-1,-1,-1
198,6,279.10,465.14,58.83,148.08,1.0000,-1,-1,-1
198,7,456.38,367.28,60.46,123.58,1.0000,-1,-1,-1
198,8,824.47,193.57,62.49,172.52,1.0000,-1,-1,-1
198,17,988.97,282.29,70.84,174.87,1.0000,-1,-1,-1
198,18,510.11,232.45,74.84,146.54,1.0000,-1,-1,-1
198,21,1067.87,619.19,72.32,167.08,1.0000,-1,-1,-1
198,24,560.16,254.36,39.03,125.22,1.0000,-1,-1,-1
198,25,986.27,253.50,96.63,124.84,1.0000,-1,-1,-1
198,27,835.31,184.77,39.13,100.19,1.0000,-1,-1,-1
198,28,872.06,520.21,54.53,62.83,1.0000,-1,-1,-1
198,30,1112.33,259.62,23.19,36.15,1.0000,-1,-1,-1
198,31,487.53,227.84,42.97,135.88,1.0000,-1,-1,-1
198,32,875.45,303.02,89.17,127.03,1.0000,-1,-1,-1
199,6,281.64,466.05,58.83,148.11,1.0000,-1,-1,-1
199,7,457.69,366.76,60.34,123.32,1.0000,-1,-1,-1
199,8,824.41,191.06,62.57,172.74,1.0000,-1,-1,-1
199,17,993.33,289.27,68.36,165.76,1.0000,-1,-1,-1
199,18,507.98,231.84,76.23,147.24,1.0000,-1,-1,-1
199,21,1069.54,620.99,72.34,167.13,1.0000,-1,-1,-1
199,24,562.47,255.10,38.98,125.07,1.0000,-1,-1,-1
199,25,990.69,254.77,96.78,125.04,1.0000,-1,-1,-1
199,27,837.51,185.77,38.94,99.69,1.0000,-1,-1,-1
199,28,872.72,519.89,54.44,62.96,1.0000,-1,-1,-1
199,30,1124.19,261.51,20.50,31.95,1.0000,-1,-1,-1
199,31,488.07,227.31,42.82,135.27,1.0000,-1,-1,-1
199,32,879.80,301.76,90.25,128.57,1.0000,-1,-1,-1
199,35,382.59,364.10,42.54,170.52,1.0000,-1,-1,-1
200,6,282.56,466.06,59.55,148.06,1.0000,-1,-1,-1
200,7,458.99,366.24,60.21,123.06,1.0000,-1,-1,-1
200,8,824.36,188.54,62.65,172.96,1.0000,-1,-1,-1
200,17,995.91,293.50,66.57,159.54,1.0000,-1,-1,-1
200,18,505.43,231.35,78.21,147.77,1.0000,-1,-1,-1
200,21,1071.21,622.79,72.36,167.19,1.0000,-1,-1,-1
200,24,564.77,255.84,38.93,124.93,1.0000,-1,-1,-1
200,25,995.12,256.04,96.94,125.24,1.0000,-1,-1,-1
200,27,839.72,186.78,38.74,99.19,1.0000,-1,-1,-1
200,28,873.14,519.77,54.46,63.16,1.0000,-1,-1,-1
200,30,1136.27,263.71,17.40,27.11,1.0000,-1,-1,-1
200,31,488.64,226.41,42.63,134.95,1.0000,-1,-1,-1
200,32,884.16,300.51,91.32,130.09,1.0000,-1,-1,-1
200,35,382.12,363.96,43.09,170.46,1.0000,-1,-1,-1
200,36,412.84,397.25,76.71,146.12,1.0000,-1,-1,-1
201,6,282.79,465.50,61.19,148.22,1.0000,-1,-1,-1
201,7,460.30,365.72,60.08,122.80,1.0000,-1,-1,-1
201,8,824.31,186.03,62.73,173.17,1.0000,-1,-1,-1
201,17,996.67,293.99,66.65,159.72,1.0000,-1,-1,-1
201,18,504.47,231.01,79.43,148.12,1.0000,-1,-1,-1
201,21,1072.88,624.59,72.39,167.24,1.0000,-1,-1,-1
201,24,567.07,256.58,38.89,124.78,1.0000,-1,-1,-1
201,25,999.54,257.30,97.09,125.44,1.0000,-1,-1,-1
201,27,841.92,187.80,38.55,98.69,1.0000,-1,-1,-1
201,28,874.34,519.63,54.53,63.26,1.0000,-1,-1,-1
201,30,1148.68,266.45,13.60,21.20,1.0000,-1,-1,-1
201,31,488.84,226.71,42.23,134.25,1.0000,-1,-1,-1
201,32,888.52,299.27,92.38,131.59,1.0000,-1,-1,-1
201,35,381.70,364.27,43.80,170.68,1.0000,-1,-1,-1
201,36,410.34,398.46,83.37,152.04,1.0000,-1,-1,-1
202,6,283.00,464.47,64.35,149.34,1.0000,-1,-1,-1
202,7,461.61,365.20,59.95,122.54,1.0000,-1,-1,-1
202,8,824.25,183.52,62.81,173.39,1.0000,-1,-1,-1
202,17,997.43,294.48,66.72,159.89,1.0000,-1,-1,-1
202,18,502.43,229.17,81.14,148.97,1.0000,-1,-1,-1
202,24,569.37,257.32,38.84,124.63,1.0000,-1,-1,-1
202,25,1003.97,258.57,97.24,125.63,1.0000,-1,-1,-1
202,27,844.12,188.81,38.35,98.18,1.0000,-1,-1,-1
202,28,878.10,519.21,54.57,63.45,1.0000,-1,-1,-1
202,30,1161.90,270.44,8.20,12.78,1.0000,-1,-1,-1
202,31,489.99,226.75,41.10,131.28,1.0000,-1,-1,-1
202,32,892.88,298.03,93.42,133.08,1.0000,-1,-1,-1
202,35,380.72,364.61,44.39,169.81,1.0000,-1,-1,-1
202,36,412.76,400.57,84.18,152.50,1.0000,-1,-1,-1
203,6,283.50,463.51,67.66,150.79,1.0000,-1,-1,-1
203,7,462.91,364.68,59.83,122.27,1.0000,-1,-1,-1
203,8,824.20,181.00,62.89,173.60,1.0000,-1,-1,-1
203,17,998.19,294.97,66.79,160.07,1.0000,-1,-1,-1
203,18,501.69,227.59,82.23,149.88,1.0000,-1,-1,-1
203,24,571.67,258.06,38.80,124.49,1.0000,-1,-1,-1
203,25,1008.40,259.84,97.40,125.83,1.0000,-1,-1,-1
203,27,846.33,189.82,38.15,97.67,1.0000,-1,-1,-1
203,28,880.97,518.82,54.82,63.75,1.0000,-1,-1,-1
203,30,1172.42,270.22,8.20,12.78,1.0000,-1,-1,-1
203,31,491.05,227.20,39.94,128.79,1.0000,-1,-1,-1
203,32,897.26,296.81,94.45,134.55,1.0000,-1,-1,-1
203,35,380.24,364.70,45.23,169.69,1.0000,-1,-1,-1
203,36,413.28,401.89,84.07,151.44,1.0000,-1,-1,-1
204,6,284.05,462.35,71.27,151.30,1.0000,-1,-1,-1
204,7,464.22,364.16,59.70,122.01,1.0000,-1,-1,-1
204,8,824.14,178.49,62.96,173.82,1.0000,-1,-1,-1
204,17,998.95,295.46,66.86,160.24,1.0000,-1,-1,-1
204,18,501.12,225.60,82.93,151.17,1.0000,-1,-1,-1
204,24,573.97,258.80,38.75,124.34,1.0000,-1,-1,-1
204,25,1012.82,261.11,97.55,126.03,1.0000,-1,-1,-1
204,28,883.85,518.89,55.19,63.87,1.0000,-1,-1,-1
204,30,1182.94,270.01,8.20,12.78,1.0000,-1,-1,-1
204,31,492.07,226.27,39.05,126.53,1.0000,-1,-1,-1
204,32,901.63,295.59,95.47,136.00,1.0000,-1,-1,-1
204,33,745.27,143.85,73.52,124.90,1.0000,-1,-1,-1
204,35,380.15,365.02,45.27,169.35,1.0000,-1,-1,-1
204,36,413.94,402.03,83.88,150.98,1.0000,-1,-1,-1
205,6,286.11,461.99,71.28,151.31,1.0000,-1,-1,-1
205,7,465.53,363.64,59.57,121.75,1.0000,-1,-1,-1
205,8,824.09,175.97,63.04,174.03,1.0000,-1,-1,-1
205,17,999.71,295.95,66.94,160.41,1.0000,-1,-1,-1
205,18,500.50,223.80,83.53,152.62,1.0000,-1,-1,-1
205,24,576.28,259.54,38.70,124.19,1.0000,-1,-1,-1
205,25,1017.25,262.38,97.70,126.23,1.0000,-1,-1,-1
205,28,886.86,518.52,56.51,64.28,1.0000,-1,-1,-1
205,30,1193.46,269.79,8.20,12.78,1.0000,-1,-1,-1
205,31,492.72,225.49,38.37,124.97,1.0000,-1,-1,-1
205,32,906.02,294.38,96.48,137.44,1.0000,-1,-1,-1
205,33,745.39,142.99,74.34,126.28,1.0000,-1,-1,-1
205,35,380.41,365.02,44.76,169.00,1.0000,-1,-1,-1
205,36,416.63,401.81,81.82,149.77,1.0000,-1,-1,-1
206,6,288.17,461.63,71.29,151.33,1.0000,-1,-1,-1
206,7,466.83,363.12,59.44,121.49,1.0000,-1,-1,-1
206,8,824.04,173.46,63.12,174.25,1.0000,-1,-1,-1
206,17,1000.47,296.44,67.01,160.59,1.0000,-1,-1,-1
206,18,500.16,222.43,83.71,153.69,1.0000,-1,-1,-1
206,24,578.58,260.28,38.66,124.04,1.0000,-1,-1,-1
206,25,1021.67,263.65,97.86,126.42,1.0000,-1,-1,-1
206,28,889.68,518.57,58.06,64.43,1.0000,-1,-1,-1
206,30,1203.98,269.57,8.20,12.78,1.0000,-1,-1,-1
206,31,493.10,225.45,37.85,124.11,1.0000,-1,-1,-1
206,32,910.41,293.18,97.48,138.86,1.0000,-1,-1,-1
206,33,745.52,142.13,75.14,127.65,1.0000,-1,-1,-1
206,35,380.16,364.71,44.94,169.65,1.0000,-1,-1,-1
206,36,418.90,401.45,79.11,148.51,1.0000,-1,-1,-1
207,6,290.23,461.26,71.29,151.34,1.0000,-1,-1,-1
207,7,468.14,362.60,59.31,121.22,1.0000,-1,-1,-1
207,8,823.98,170.95,63.20,174.46,1.0000,-1,-1,-1
207,17,1001.23,296.93,67.08,160.76,1.0000,-1,-1,-1
207,18,498.73,221.81,83.17,153.45,1.0000,-1,-1,-1
207,24,580.88,261.03,38.61,123.89,1.0000,-1,-1,-1
207,25,1026.10,264.92,98.01,126.62,1.0000,-1,-1,-1
207,28,895.79,518.29,60.50,64.40,1.0000,-1,-1,-1
207,30,1214.49,269.36,8.20,12.78,1.0000,-1,-1,-1
207,31,492.91,225.24,37.84,122.91,1.0000,-1,-1,-1
207,32,914.80,291.98,98.47,140.27,1.0000,-1,-1,-1
207,33,745.66,141.29,75.94,129.00,1.0000,-1,-1,-1
207,35,379.90,364.40,45.11,170.29,1.0000,-1,-1,-1
207,36,421.35,400.75,78.32,146.56,1.0000,-1,-1,-1
208,6,292.29,460.90,71.30,151.36,1.0000,-1,-1,-1
208,7,469.45,362.08,59.18,120.96,1.0000,-1,-1,-1
208,8,823.93,168.43,63.28,174.68,1.0000,-1,-1,-1
208,17,1001.99,297.42,67.15,160.93,1.0000,-1,-1,-1
208,18,498.97,222.77,82.86,152.10,1.0000,-1,-1,-1
208,24,583.18,261.77,38.57,123.75,1.0000,-1,-1,-1
208,25,1030.53,266.19,98.16,126.82,1.0000,-1,-1,-1
208,28,903.94,517.85,68.60,64.53,1.0000,-1,-1,-1
208,30,1225.01,269.14,8.20,12.78,1.0000,-1,-1,-1
208,31,492.81,225.33,38.26,121.85,1.0000,-1,-1,-1
208,32,919.20,290.80,99.45,141.66,1.0000,-1,-1,-1
208,33,745.80,140.45,76.73,130.34,1.0000,-1,-1,-1
208,35,379.65,364.09,45.28,170.93,1.0000,-1,-1,-1
208,36,422.34,400.77,79.02,144.73,1.0000,-1,-1,-1
209,6,294.35,460.54,71.31,151.37,1.0000,-1,-1,-1
209,7,470.75,361.56,59.05,120.69,1.0000,-1,-1,-1
209,8,823.87,165.92,63.35,174.89,1.0000,-1,-1,-1
209,17,1002.75,297.91,67.23,161.11,1.0000,-1,-1,-1
209,18,499.49,224.05,83.35,150.66,1.0000,-1,-1,-1
209,24,585.48,262.51,38.52,123.60,1.0000,-1,-1,-1
209,25,1034.96,267.46,98.31,127.01,1.0000,-1,-1,-1
209,28,902.68,516.85,68.69,65.39,1.0000,-1,-1,-1
209,30,1235.53,268.92,8.20,12.78,1.0000,-1,-1,-1
209,31,492.68,225.04,38.56,121.56,1.0000,-1,-1,-1
209,32,923.60,289.62,100.42,143.05,1.0000,-1,-1,-1
209,33,745.94,139.61,77.51,131.67,1.0000,-1,-1,-1
209,35,379.40,363.78,45.44,171.57,1.0000,-1,-1,-1
209,36,424.47,400.60,80.16,143.40,1.0000,-1,-1,-1
210,6,296.41,460.17,71.31,151.38,1.0000,-1,-1,-1
210,7,472.06,361.04,58.92,120.43,1.0000,-1,-1,-1
210,8,823.82,163.41,63.43,175.11,1.0000,-1,-1,-1
210,17,1003.51,298.40,67.30,161.28,1.0000,-1,-1,-1
210,18,500.17,224.53,84.44,149.45,1.0000,-1,-1,-1
210,24,587.79,263.25,38.47,123.45,1.0000,-1,-1,-1
210,25,1039.38,268.73,98.46,127.21,1.0000,-1,-1,-1
210,28,902.39,516.03,67.90,66.05,1.0000,-1,-1,-1
210,30,1246.05,268.70,8.20,12.78,1.0000,-1,-1,-1
210,31,492.78,224.42,38.57,121.61,1.0000,-1,-1,-1
210,32,928.01,288.44,101.38,144.41,1.0000,-1,-1,-1
210,33,746.09,138.79,78.28,132.98,1.0000,-1,-1,-1
210,35,379.15,363.47,45.61,172.21,1.0000,-1,-1,-1
210,36,425.54,401.22,82.61,141.93,1.0000,-1,-1,-1
211,6,298.47,459.81,71.32,151.40,1.0000,-1,-1,-1
211,7,473.37,360.52,58.79,120.16,1.0000,-1,-1,-1
211,8,823.77,160.89,63.51,175.32,1.0000,-1,-1,-1
211,17,1004.28,298.89,67.37,161.45,1.0000,-1,-1,-1
211,18,499.73,225.12,85.30,147.93,1.0000,-1,-1,-1
211,24,590.09,263.99,38.43,123.30,1.0000,-1,-1,-1
211,25,1043.81,270.00,98.62,127.40,1.0000,-1,-1,-1
211,28,902.97,515.31,66.60,66.96,1.0000,-1,-1,-1
211,30,1256.57,268.49,8.20,12.78,1.0000,-1,-1,-1
211,31,492.88,223.80,38.59,121.65,1.0000,-1,-1,-1
211,32,956.58,299.24,94.62,150.37,1.0000,-1,-1,-1
211,33,746.24,137.97,79.04,134.28,1.0000,-1,-1,-1
211,35,378.90,363.17,45.78,172.84,1.0000,-1,-1,-1
211,36,425.79,401.08,85.45,140.23,1.0000,-1,-1,-1
211,37,903.43,514.17,109.65,70.02,1.0000,-1,-1,-1
212,6,300.53,459.44,71.32,151.41,1.0000,-1,-1,-1
212,8,823.71,158.38,63.59,175.53,1.0000,-1,-1,-1
212,17,1005.04,299.38,67.44,161.62,1.0000,-1,-1,-1
212,18,499.54,224.65,85.44,148.17,1.0000,-1,-1,-1
212,24,592.39,264.73,38.38,123.15,1.0000,-1,-1,-1
212,25,1048.24,271.27,98.77,127.60,1.0000,-1,-1,-1
212,28,904.73,515.21,66.36,66.72,1.0000,-1,-1,-1
212,30,1267.09,268.27,8.20,12.78,1.0000,-1,-1,-1
212,31,491.09,218.77,40.42,125.32,1.0000,-1,-1,-1
212,32,962.04,299.73,95.46,152.81,1.0000,-1,-1,-1
212,33,746.40,137.15,79.80,135.57,1.0000,-1,-1,-1
212,35,378.65,362.86,45.95,173.47,1.0000,-1,-1,-1
212,36,428.17,400.28,86.10,138.86,1.0000,-1,-1,-1
212,37,905.99,511.75,114.86,72.01,1.0000,-1,-1,-1
213,6,302.59,459.08,71.33,151.43,1.0000,-1,-1,-1
213,8,823.66,155.87,63.66,175.75,1.0000,-1,-1,-1
213,17,1005.80,299.87,67.51,161.80,1.0000,-1,-1,-1
213,18,499.34,224.18,85.58,148.41,1.0000,-1,-1,-1
213,24,594.69,265.47,38.33,123.00,1.0000,-1,-1,-1
213,25,1052.66,272.54,98.92,127.80,1.0000,-1,-1,-1
213,28,906.09,513.41,66.73,68.12,1.0000,-1,-1,-1
213,30,1277.61,268.05,8.20,12.78,1.0000,-1,-1,-1
213,31,488.99,221.15,42.50,132.57,1.0000,-1,-1,-1
213,32,967.64,299.49,96.27,154.11,1.0000,-1,-1,-1
213,33,746.56,136.35,80.55,136.84,1.0000,-1,-1,-1
213,35,378.40,362.56,46.11,174.10,1.0000,-1,-1,-1
213,36,432.73,398.70,84.01,137.14,1.0000,-1,-1,-1
213,37,906.39,510.76,117.00,72.84,1.0000,-1,-1,-1
214,6,304.65,458.72,71.34,151.44,1.0000,-1,-1,-1
214,8,823.61,153.36,63.74,175.96,1.0000,-1,-1,-1
214,17,1006.56,300.36,67.59,161.97,1.0000,-1,-1,-1
214,18,499.14,223.72,85.71,148.65,1.0000,-1,-1,-1
214,24,596.99,266.21,38.29,122.85,1.0000,-1,-1,-1
214,25,1057.09,273.81,99.07,127.99,1.0000,-1,-1,-1
214,28,907.83,513.22,66.51,67.90,1.0000,-1,-1,-1
214,30,1288.13,267.84,8.20,12.78,1.0000,-1,-1,-1
214,31,488.02,219.39,44.30,138.33,1.0000,-1,-1,-1
214,32,973.24,299.26,97.07,155.40,1.0000,-1,-1,-1
214,33,746.72,135.54,81.30,138.10,1.0000,-1,-1,-1
214,35,378.15,362.26,46.28,174.73,1.0000,-1,-1,-1
214,36,437.78,398.32,80.88,135.30,1.0000,-1,-1,-1
214,37,906.17,509.85,119.35,73.87,1.0000,-1,-1,-1
215,6,306.71,458.35,71.34,151.45,1.0000,-1,-1,-1
215,8,823.55,150.84,63.82,176.17,1.0000,-1,-1,-1
215,17,1007.32,300.85,67.66,162.14,1.0000,-1,-1,-1
215,18,504.61,225.44,81.87,145.43,1.0000,-1,-1,-1
215,24,599.30,266.95,38.24,122.70,1.0000,-1,-1,-1
215,25,1061.52,275.08,99.22,128.18,1.0000,-1,-1,-1
215,28,909.58,513.03,66.30,67.68,1.0000,-1,-1,-1
215,30,1298.64,267.62,8.20,12.78,1.0000,-1,-1,-1
215,31,487.11,216.58,45.04,139.95,1.0000,-1,-1,-1
215,32,970.52,300.40,99.46,154.46,1.0000,-1,-1,-1
215,33,746.88,134.75,82.03,139.36,1.0000,-1,-1,-1
215,35,377.90,361.96,46.45,175.35,1.0000,-1,-1,-1
215,36,437.94,398.79,79.93,134.18,1.0000,-1,-1,-1
215,37,905.49,508.76,120.90,74.91,1.0000,-1,-1,-1
216,6,308.77,457.99,71.35,151.47,1.0000,-1,-1,-1
216,8,823.50,148.33,63.89,176.38,1.0000,-1,-1,-1
216,17,1008.08,301.34,67.73,162.31,1.0000,-1,-1,-1
216,18,506.16,225.78,79.79,143.44,1.0000,-1,-1,-1
216,24,601.60,267.70,38.19,122.55,1.0000,-1,-1,-1
216,25,1065.95,276.35,99.37,128.38,1.0000,-1,-1,-1
216,28,911.32,512.84,66.08,67.46,1.0000,-1,-1,-1
216,30,1309.16,267.40,8.20,12.78,1.0000,-1,-1,-1
216,31,485.95,213.02,45.10,139.59,1.0000,-1,-1,-1
216,32,970.64,299.85,101.15,154.87,1.0000,-1,-1,-1
216,33,747.05,133.96,82.76,140.60,1.0000,-1,-1,-1
216,35,377.65,361.66,46.61,175.98,1.0000,-1,-1,-1
216,36,442.28,399.06,77.74,132.18,1.0000,-1,-1,-1
216,37,904.47,507.75,121.88,75.75,1.0000,-1,-1,-1
217,6,310.83,457.62,71.36,151.48,1.0000,-1,-1,-1
217,8,823.45,145.82,63.97,176.60,1.0000,-1,-1,-1
217,17,1008.84,301.83,67.80,162.48,1.0000,-1,-1,-1
217,18,504.26,222.98,79.56,142.33,1.0000,-1,-1,-1
217,24,603.90,268.44,38.15,122.40,1.0000,-1,-1,-1
217,25,1070.37,277.62,99.52,128.57,1.0000,-1,-1,-1
217,28,913.06,512.65,65.86,67.23,1.0000,-1,-1,-1
217,30,1319.68,267.19,8.20,12.78,1.0000,-1,-1,-1
217,31,484.30,209.52,44.69,136.77,1.0000,-1,-1,-1
217,32,975.19,299.59,101.96,156.11,1.0000,-1,-1,-1
217,33,747.22,133.17,83.49,141.83,1.0000,-1,-1,-1
217,35,377.40,361.36,46.78,176.60,1.0000,-1,-1,-1
217,36,450.00,399.82,77.92,130.18,1.0000,-1,-1,-1
217,37,903.98,506.02,123.26,77.46,1.0000,-1,-1,-1
218,6,312.89,457.26,71.36,151.49,1.0000,-1,-1,-1
218,8,823.39,143.31,64.05,176.81,1.0000,-1,-1,-1
218,17,1009.60,302.33,67.87,162.65,1.0000,-1,-1,-1
218,18,503.25,220.94,79.20,142.07,1.0000,-1,-1,-1
218,24,606.20,269.18,38.10,122.25,1.0000,-1,-1,-1
218,25,1074.80,278.89,99.67,128.77,1.0000,-1,-1,-1
218,28,914.81,512.46,65.64,67.01,1.0000,-1,-1,-1
218,30,1330.20,266.97,8.20,12.78,1.0000,-1,-1,-1
218,31,482.40,209.90,44.49,132.02,1.0000,-1,-1,-1
218,32,966.49,292.96,104.20,158.68,1.0000,-1,-1,-1
218,33,747.40,132.39,84.21,143.04,1.0000,-1,-1,-1
218,34,878.97,234.20,72.11,110.14,1.0000,-1,-1,-1
218,35,377.15,361.06,46.94,177.22,1.0000,-1,-1,-1
218,36,455.18,400.92,80.86,128.56,1.0000,-1,-1,-1
218,37,903.36,504.54,123.73,78.76,1.0000,-1,-1,-1
219,6,314.95,456.90,71.37,151.51,1.0000,-1,-1,-1
219,8,823.34,140.80,64.12,177.02,1.0000,-1,-1,-1
219,17,1010.37,302.82,67.94,162.82,1.0000,-1,-1,-1
219,18,502.92,221.03,78.59,142.40,1.0000,-1,-1,-1
219,24,608.51,269.92,38.05,122.10,1.0000,-1,-1,-1
219,25,1079.23,280.16,99.82,128.96,1.0000,-1,-1,-1
219,28,916.55,512.27,65.42,66.78,1.0000,-1,-1,-1
219,30,1340.72,266.75,8.20,12.78,1.0000,-1,-1,-1
219,31,481.92,205.87,44.77,132.41,1.0000,-1,-1,-1
219,32,965.84,293.71,103.65,157.75,1.0000,-1,-1,-1
219,33,747.58,131.62,84.92,144.25,1.0000,-1,-1,-1
219,34,878.69,234.22,72.23,111.19,1.0000,-1,-1,-1
219,35,376.91,360.76,47.10,177.83,1.0000,-1,-1,-1
219,36,457.45,400.70,85.00,128.77,1.0000,-1,-1,-1
219,37,903.14,503.24,123.65,79.79,1.0000,-1,-1,-1
220,6,317.01,456.53,71.38,151.52,1.0000,-1,-1,-1
220,8,823.29,138.28,64.20,177.23,1.0000,-1,-1,-1
220,17,1011.13,303.31,68.01,163.00,1.0000,-1,-1,-1
220,18,502.15,220.02,78.01,142.20,1.0000,-1,-1,-1
220,24,610.81,270.66,38.01,121.95,1.0000,-1,-1,-1
220,25,1083.66,281.43,99.97,129.15,1.0000,-1,-1,-1
220,28,918.30,512.09,65.20,66.56,1.0000,-1,-1,-1
220,30,1351.24,266.53,8.20,12.78,1.0000,-1,-1,-1
220,31,481.34,206.77,45.08,131.58,1.0000,-1,-1,-1
220,32,968.85,293.00,104.44,158.95,1.0000,-1,-1,-1
220,33,747.76,130.85,85.62,145.45,1.0000,-1,-1,-1
220,34,875.45,234.83,73.18,111.96,1.0000,-1,-1,-1
220,35,376.66,360.47,47.27,178.45,1.0000,-1,-1,-1
220,36,457.08,400.47,88.32,128.86,1.0000,-1,-1,-1
220,37,902.94,501.94,123.74,80.85,1.0000,-1,-1,-1
221,6,319.07,456.17,71.38,151.54,1.0000,-1,-1,-1
221,8,823.23,135.77,64.28,177.44,1.0000,-1,-1,-1
221,17,1011.89,303.80,68.09,163.17,1.0000,-1,-1,-1
221,18,501.82,219.93,77.17,141.16,1.0000,-1,-1,-1
221,24,613.11,271.41,37.96,121.80,1.0000,-1,-1,-1
221,25,1088.09,282.71,100.12,129.34,1.0000,-1,-1,-1
221,28,920.04,511.90,64.98,66.33,1.0000,-1,-1,-1
221,30,1361.76,266.32,8.20,12.78,1.0000,-1,-1,-1
221,31,480.84,206.24,45.29,131.05,1.0000,-1,-1,-1
221,32,971.86,292.30,105.22,160.14,1.0000,-1,-1,-1
221,33,747.94,130.08,86.32,146.64,1.0000,-1,-1,-1
221,34,873.03,234.71,72.85,111.46,1.0000,-1,-1,-1
221,35,377.56,347.81,52.71,165.67,1.0000,-1,-1,-1
221,36,456.06,400.03,90.16,128.48,1.0000,-1,-1,-1
221,37,902.47,500.54,123.24,82.00,1.0000,-1,-1,-1
222,6,321.13,455.81,71.39,151.55,1.0000,-1,-1,-1
222,8,823.18,133.26,64.35,177.65,1.0000,-1,-1,-1
222,17,1012.65,304.29,68.16,163.34,1.0000,-1,-1,-1
222,18,501.14,218.77,76.27,139.46,1.0000,-1,-1,-1
222,24,615.41,272.15,37.91,121.65,1.0000,-1,-1,-1
222,25,1092.52,283.98,100.27,129.54,1.0000,-1,-1,-1
222,28,921.79,511.71,64.75,66.11,1.0000,-1,-1,-1
222,30,1372.28,266.10,8.20,12.78,1.0000,-1,-1,-1
222,31,478.17,199.24,45.59,135.45,1.0000,-1,-1,-1
222,32,974.88,291.60,106.00,161.32,1.0000,-1,-1,-1
222,33,748.13,129.32,87.02,147.82,1.0000,-1,-1,-1
222,34,873.30,242.34,79.35,111.32,1.0000,-1,-1,-1
222,35,376.82,348.21,54.17,166.04,1.0000,-1,-1,-1
222,36,463.97,399.26,85.76,127.60,1.0000,-1,-1,-1
222,37,900.49,497.72,120.39,83.94,1.0000,-1,-1,-1
223,6,323.19,455.44,71.40,151.56,1.0000,-1,-1,-1
223,8,823.13,130.75,64.43,177.86,1.0000,-1,-1,-1
223,17,1013.41,304.78,68.23,163.51,1.0000,-1,-1,-1
223,18,499.74,217.31,76.14,138.43,1.0000,-1,-1,-1
223,24,617.71,272.89,37.86,121.50,1.0000,-1,-1,-1
223,25,1096.94,285.25,100.41,129.73,1.0000,-1,-1,-1
223,28,923.54,511.53,64.53,65.88,1.0000,-1,-1,-1
223,30,1382.79,265.88,8.20,12.78,1.0000,-1,-1,-1
223,31,477.44,197.58,45.73,135.87,1.0000,-1,-1,-1
223,32,977.89,290.90,106.77,162.49,1.0000,-1,-1,-1
223,33,748.32,128.56,87.71,148.99,1.0000,-1,-1,-1
223,34,873.90,243.58,87.49,111.90,1.0000,-1,-1,-1
223,35,376.74,346.97,54.41,166.76,1.0000,-1,-1,-1
223,36,471.66,399.38,81.37,126.88,1.0000,-1,-1,-1
223,37,898.89,495.31,115.50,85.16,1.0000,-1,-1,-1
224,6,325.25,455.08,71.40,151.58,1.0000,-1,-1,-1
224,8,823.07,128.24,64.51,178.07,1.0000,-1,-1,-1
224,17,1014.17,305.28,68.30,163.68,1.0000,-1,-1,-1
224,18,495.31,213.38,76.50,140.12,1.0000,-1,-1,-1
224,24,620.02,273.63,37.82,121.35,1.0000,-1,-1,-1
224,25,1101.37,286.52,100.56,129.92,1.0000,-1,-1,-1
224,28,925.28,511.34,64.31,65.65,1.0000,-1,-1,-1
224,30,1393.31,265.67,8.20,12.78,1.0000,-1,-1,-1
224,31,476.71,195.91,45.87,136.29,1.0000,-1,-1,-1
224,32,961.36,295.94,79.76,152.21,1.0000,-1,-1,-1
224,33,748.51,127.81,88.39,150.15,1.0000,-1,-1,-1
224,34,872.48,244.03,87.53,111.95,1.0000,-1,-1,-1
224,35,376.10,346.39,54.23,165.64,1.0000,-1,-1,-1
224,36,478.06,399.74,77.22,126.02,1.0000,-1,-1,-1
224,37,897.32,492.91,106.00,86.82,1.0000,-1,-1,-1
225,6,327.31,454.71,71.41,151.59,1.0000,-1,-1,-1
225,8,823.02,125.73,64.58,178.28,1.0000,-1,-1,-1
225,17,1014.93,305.77,68.37,163.85,1.0000,-1,-1,-1
225,18,494.48,212.22,76.56,140.23,1.0000,-1,-1,-1
225,24,622.32,274.37,37.77,121.19,1.0000,-1,-1,-1
225,25,1105.80,287.79,100.71,130.11,1.0000,-1,-1,-1
225,28,927.03,511.16,64.08,65.42,1.0000,-1,-1,-1
225,30,1403.83,265.45,8.20,12.78,1.0000,-1,-1,-1
225,31,475.98,194.25,46.01,136.71,1.0000,-1,-1,-1
225,32,962.03,295.56,80.04,152.74,1.0000,-1,-1,-1
225,33,748.71,127.07,89.07,151.30,1.0000,-1,-1,-1
225,34,871.06,244.47,87.57,112.00,1.0000,-1,-1,-1
225,35,375.96,345.15,54.44,166.29,1.0000,-1,-1,-1
225,36,484.12,400.76,75.26,125.41,1.0000,-1,-1,-1
225,37,900.47,491.04,98.00,88.37,1.0000,-1,-1,-1
225,39,396.34,439.85,96.65,132.62,1.0000,-1,-1,-1
226,6,329.37,454.35,71.42,151.60,1.0000,-1,-1,-1
226,8,822.97,123.22,64.66,178.49,1.0000,-1,-1,-1
226,17,1015.70,306.26,68.44,164.02,1.0000,-1,-1,-1
226,18,484.26,205.05,77.56,144.52,1.0000,-1,-1,-1
226,24,624.62,275.12,37.72,121.04,1.0000,-1,-1,-1
226,25,1110.23,289.07,100.86,130.30,1.0000,-1,-1,-1
226,28,928.78,510.97,63.86,65.19,1.0000,-1,-1,-1
226,30,1414.35,265.23,8.20,12.78,1.0000,-1,-1,-1
226,31,475.25,192.59,46.15,137.12,1.0000,-1,-1,-1
226,32,962.70,295.18,80.32,153.28,1.0000,-1,-1,-1
226,33,748.90,126.32,89.74,152.45,1.0000,-1,-1,-1
226,34,869.64,244.91,87.61,112.05,1.0000,-1,-1,-1
226,35,375.82,343.92,54.66,166.94,1.0000,-1,-1,-1
226,36,488.87,400.93,75.81,123.97,1.0000,-1,-1,-1
226,37,904.07,489.35,91.33,90.16,1.0000,-1,-1,-1
226,39,397.39,436.58,106.97,135.54,1.0000,-1,-1,-1
227,6,331.43,453.99,71.42,151.62,1.0000,-1,-1,-1
227,8,822.91,120.71,64.73,178.70,1.0000,-1,-1,-1
227,17,1016.46,306.75,68.51,164.19,1.0000,-1,-1,-1
227,18,482.64,203.53,77.63,144.66,1.0000,-1,-1,-1
227,24,626.92,275.86,37.68,120.89,1.0000,-1,-1,-1
227,25,1114.66,290.34,101.01,130.49,1.0000,-1,-1,-1
227,28,930.52,510.79,63.63,64.96,1.0000,-1,-1,-1
227,30,1424.87,265.02,8.20,12.78,1.0000,-1,-1,-1
227,31,474.52,190.93,46.29,137.53,1.0000,-1,-1,-1
227,32,963.37,294.81,80.60,153.81,1.0000,-1,-1,-1
227,33,749.10,125.59,90.41,153.58,1.0000,-1,-1,-1
227,34,868.22,245.35,87.65,112.11,1.0000,-1,-1,-1
227,35,375.68,342.68,54.87,167.58,1.0000,-1,-1,-1
227,36,492.51,400.72,75.67,123.74,1.0000,-1,-1,-1
227,37,909.22,485.88,83.82,92.23,1.0000,-1,-1,-1
227,39,409.25,434.41,107.79,130.45,1.0000,-1,-1,-1
228,6,333.49,453.62,71.43,151.63,1.0000,-1,-1,-1
228,8,822.86,118.20,64.81,178.91,1.0000,-1,-1,-1
228,17,1017.22,307.24,68.58,164.36,1.0000,-1,-1,-1
228,18,481.02,202.01,77.71,144.80,1.0000,-1,-1,-1
228,25,1119.09,291.61,101.15,130.68,1.0000,-1,-1,-1
228,28,932.27,510.60,63.40,64.73,1.0000,-1,-1,-1
228,30,1435.39,264.80,8.20,12.78,1.0000,-1,-1,-1
228,31,473.79,189.26,46.43,137.95,1.0000,-1,-1,-1
228,32,964.05,294.44,80.88,154.34,1.0000,-1,-1,-1
228,33,749.31,124.85,91.07,154.71,1.0000,-1,-1,-1
228,34,866.80,245.79,87.69,112.16,1.0000,-1,-1,-1
228,35,375.54,341.45,55.08,168.22,1.0000,-1,-1,-1
228,36,503.65,400.71,80.70,120.49,1.0000,-1,-1,-1
228,37,912.73,483.54,77.56,94.45,1.0000,-1,-1,-1
228,39,420.88,436.76,101.55,122.16,1.0000,-1,-1,-1
229,6,335.55,453.26,71.44,151.65,1.0000,-1,-1,-1
229,8,822.81,115.68,64.89,179.12,1.0000,-1,-1,-1
229,17,1017.98,307.74,68.65,164.52,1.0000,-1,-1,-1
229,18,479.41,200.48,77.79,144.94,1.0000,-1,-1,-1
229,25,1123.52,292.88,101.30,130.88,1.0000,-1,-1,-1
229,28,934.02,510.42,63.17,64.49,1.0000,-1,-1,-1
229,31,473.06,187.60,46.57,138.36,1.0000,-1,-1,-1
229,32,964.72,294.06,81.16,154.87,1.0000,-1,-1,-1
229,33,749.51,124.12,91.73,155.83,1.0000,-1,-1,-1
229,34,865.38,246.23,87.73,112.21,1.0000,-1,-1,-1
229,35,368.95,338.93,51.86,165.85,1.0000,-1,-1,-1
229,36,479.46,403.43,101.81,133.82,1.0000,-1,-1,-1
229,37,914.71,480.45,72.55,97.02,1.0000,-1,-1,-1
229,39,429.27,433.21,103.38,124.37,1.0000,-1,-1,-1
230,6,337.61,452.90,71.44,151.66,1.0000,-1,-1,-1
230,8,822.75,113.17,64.96,179.33,1.0000,-1,-1,-1
230,17,1018.74,308.23,68.72,164.69,1.0000,-1,-1,-1
230,18,477.79,198.96,77.86,145.08,1.0000,-1,-1,-1
230,25,1127.95,294.16,101.45,131.07,1.0000,-1,-1,-1
230,28,935.77,510.23,62.95,64.26,1.0000,-1,-1,-1
230,31,472.33,185.94,46.71,138.77,1.0000,-1,-1,-1
230,32,965.39,293.69,81.44,155.40,1.0000,-1,-1,-1
230,33,749.72,123.40,92.38,156.94,1.0000,-1,-1,-1
230,34,863.97,246.67,87.77,112.26,1.0000,-1,-1,-1
230,35,368.21,337.58,52.00,166.29,1.0000,-1,-1,-1
230,36,476.93,402.34,109.38,140.42,1.0000,-1,-1,-1
230,37,916.83,478.30,68.47,99.53,1.0000,-1,-1,-1
230,39,437.68,429.69,105.18,126.53,1.0000,-1,-1,-1
231,6,339.67,452.53,71.45,151.67,1.0000,-1,-1,-1
231,8,822.70,110.66,65.04,179.54,1.0000,-1,-1,-1
231,17,1019.50,308.72,68.79,164.86,1.0000,-1,-1,-1
231,18,476.17,197.44,77.94,145.22,1.0000,-1,-1,-1
231,25,1132.38,295.43,101.60,131.25,1.0000,-1,-1,-1
231,28,937.52,510.05,62.72,64.02,1.0000,-1,-1,-1
231,31,471.61,184.28,46.84,139.18,1.0000,-1,-1,-1
231,32,966.07,293.32,81.71,155.93,1.0000,-1,-1,-1
231,33,749.93,122.68,93.03,158.04,1.0000,-1,-1,-1
231,34,862.55,247.11,87.81,112.31,1.0000,-1,-1,-1
231,35,369.24,334.82,50.98,164.48,1.0000,-1,-1,-1
231,36,483.10,402.48,110.01,143.81,1.0000,-1,-1,-1
231,37,918.87,476.64,65.47,101.90,1.0000,-1,-1,-1
231,39,446.10,426.18,106.95,128.66,1.0000,-1,-1,-1
232,6,341.73,452.17,71.45,151.69,1.0000,-1,-1,-1
232,8,822.65,108.15,65.11,179.75,1.0000,-1,-1,-1
232,17,1020.27,309.21,68.86,165.03,1.0000,-1,-1,-1
232,18,474.56,195.92,78.01,145.36,1.0000,-1,-1,-1
232,25,1136.81,296.70,101.74,131.44,1.0000,-1,-1,-1
232,28,939.27,509.87,62.49,63.79,1.0000,-1,-1,-1
232,31,470.88,182.63,46.98,139.59,1.0000,-1,-1,-1
232,32,942.82,312.07,70.74,129.75,1.0000,-1,-1,-1
232,33,750.14,121.96,93.68,159.14,1.0000,-1,-1,-1
232,34,861.13,247.55,87.85,112.36,1.0000,-1,-1,-1
232,35,368.40,331.84,52.43,164.70,1.0000,-1,-1,-1
232,36,488.65,398.40,111.13,146.72,1.0000,-1,-1,-1
232,37,922.36,473.95,63.44,105.94,1.0000,-1,-1,-1
232,39,454.54,422.68,108.69,130.75,1.0000,-1,-1,-1
232,41,412.57,315.68,45.61,142.83,1.0000,-1,-1,-1
233,6,343.79,451.80,71.46,151.70,1.0000,-1,-1,-1
233,8,822.60,105.64,65.19,179.96,1.0000,-1,-1,-1
233,17,1021.03,309.70,68.93,165.20,1.0000,-1,-1,-1
233,18,472.94,194.40,78.09,145.50,1.0000,-1,-1,-1
233,25,1141.23,297.97,101.89,131.63,1.0000,-1,-1,-1
233,28,941.02,509.69,62.25,63.55,1.0000,-1,-1,-1
233,31,470.15,180.97,47.12,139.99,1.0000,-1,-1,-1
233,32,942.99,318.11,67.29,122.23,1.0000,-1,-1,-1
233,33,750.35,121.24,94.32,160.22,1.0000,-1,-1,-1
233,34,859.71,247.99,87.89,112.41,1.0000,-1,-1,-1
233,35,366.99,330.10,54.73,165.63,1.0000,-1,-1,-1
233,36,493.84,394.74,114.85,150.05,1.0000,-1,-1,-1
233,37,924.95,477.11,65.94,117.53,1.0000,-1,-1,-1
233,38,805.74,140.17,58.54,112.42,1.0000,-1,-1,-1
233,39,462.99,419.21,110.40,132.81,1.0000,-1,-1,-1
233,41,412.94,314.83,46.02,142.09,1.0000,-1,-1,-1
234,6,345.86,451.44,71.47,151.72,1.0000,-1,-1,-1
234,8,822.54,103.13,65.26,180.16,1.0000,-1,-1,-1
234,17,1021.79,310.20,69.00,165.37,1.0000,-1,-1,-1
234,18,471.32,192.88,78.16,145.64,1.0000,-1,-1,-1
234,25,1145.66,299.25,102.04,131.82,1.0000,-1,-1,-1
234,28,942.77,509.51,62.02,63.32,1.0000,-1,-1,-1
234,31,469.42,179.31,47.25,140.40,1.0000,-1,-1,-1
234,32,942.72,322.14,67.39,118.04,1.0000,-1,-1,-1
234,33,750.57,120.53,94.95,161.30,1.0000,-1,-1,-1
234,34,858.29,248.43,87.92,112.46,1.0000,-1,-1,-1
234,35,365.92,328.97,56.95,165.33,1.0000,-1,-1,-1
234,36,500.39,390.90,118.29,153.11,1.0000,-1,-1,-1
234,37,927.02,475.42,69.11,126.88,1.0000,-1,-1,-1
234,38,805.88,139.36,58.24,111.86,1.0000,-1,-1,-1
234,39,471.45,415.75,112.08,134.84,1.0000,-1,-1,-1
234,41,413.16,314.64,46.09,140.66,1.0000,-1,-1,-1
235,6,347.92,451.08,71.47,151.73,1.0000,-1,-1,-1
235,8,822.49,100.62,65.34,180.37,1.0000,-1,-1,-1
235,17,1022.55,310.69,69.07,165.54,1.0000,-1,-1,-1
235,18,469.71,191.36,78.24,145.78,1.0000,-1,-1,-1
235,25,1150.09,300.52,102.18,132.01,1.0000,-1,-1,-1
235,28,944.52,509.32,61.79,63.08,1.0000,-1,-1,-1
235,31,468.70,177.65,47.39,140.80,1.0000,-1,-1,-1
235,32,942.20,321.85,70.82,118.11,1.0000,-1,-1,-1
235,33,750.79,119.83,95.58,162.38,1.0000,-1,-1,-1
235,34,856.87,248.88,87.96,112.51,1.0000,-1,-1,-1
235,35,365.89,327.03,58.23,164.81,1.0000,-1,-1,-1
235,36,508.24,386.31,121.14,155.05,1.0000,-1,-1,-1
235,37,928.04,471.98,71.80,133.75,1.0000,-1,-1,-1
235,38,806.03,138.55,57.95,111.29,1.0000,-1,-1,-1
235,39,479.93,412.30,113.75,136.83,1.0000,-1,-1,-1
235,41,413.12,311.59,46.54,140.18,1.0000,-1,-1,-1
236,6,349.98,450.71,71.48,151.74,1.0000,-1,-1,-1
236,17,1023.31,311.18,69.14,165.70,1.0000,-1,-1,-1
236,18,468.09,189.84,78.31,145.92,1.0000,-1,-1,-1
236,25,1154.52,301.80,102.33,132.20,1.0000,-1,-1,-1
236,28,946.27,509.14,61.55,62.84,1.0000,-1,-1,-1
236,31,471.95,174.83,49.92,145.53,1.0000,-1,-1,-1
236,32,942.24,318.96,74.94,120.37,1.0000,-1,-1,-1
236,33,751.01,119.12,96.21,163.44,1.0000,-1,-1,-1
236,34,855.45,249.32,88.00,112.56,1.0000,-1,-1,-1
236,35,366.12,324.42,59.31,164.68,1.0000,-1,-1,-1
236,36,523.57,382.09,119.01,156.25,1.0000,-1,-1,-1
236,37,928.57,468.38,74.08,138.26,1.0000,-1,-1,-1
236,38,806.18,137.75,57.65,110.73,1.0000,-1,-1,-1
236,39,488.42,408.87,115.38,138.80,1.0000,-1,-1,-1
236,41,412.99,309.57,47.01,140.12,1.0000,-1,-1,-1
237,6,352.04,450.35,71.49,151.76,1.0000,-1,-1,-1
237,17,1024.08,311.68,69.21,165.87,1.0000,-1,-1,-1
237,18,466.48,188.32,78.39,146.06,1.0000,-1,-1,-1
237,25,1158.95,303.07,102.47,132.39,1.0000,-1,-1,-1
237,28,948.03,508.96,61.32,62.60,1.0000,-1,-1,-1
237,31,471.51,169.77,49.83,147.58,1.0000,-1,-1,-1
237,32,942.83,318.15,79.49,122.06,1.0000,-1,-1,-1
237,33,751.23,118.42,96.84,164.50,1.0000,-1,-1,-1
237,34,854.03,249.76,88.04,112.62,1.0000,-1,-1,-1
237,35,365.99,322.31,60.10,165.55,1.0000,-1,-1,-1
237,36,528.61,380.93,119.77,157.26,1.0000,-1,-1,-1
237,37,928.16,463.97,75.50,141.00,1.0000,-1,-1,-1
237,38,806.33,136.95,57.36,110.15,1.0000,-1,-1,-1
237,39,496.92,405.45,117.00,140.74,1.0000,-1,-1,-1
237,41,415.53,308.18,47.84,139.55,1.0000,-1,-1,-1
238,6,354.10,449.98,71.49,151.77,1.0000,-1,-1,-1
238,17,1024.84,312.17,69.28,166.04,1.0000,-1,-1,-1
238,18,464.86,186.80,78.46,146.20,1.0000,-1,-1,-1
238,25,1163.38,304.34,102.62,132.58,1.0000,-1,-1,-1
238,28,949.78,508.78,61.08,62.36,1.0000,-1,-1,-1
238,31,471.02,166.56,50.33,150.43,1.0000,-1,-1,-1
238,32,946.19,318.22,82.02,121.91,1.0000,-1,-1,-1
238,33,751.45,117.73,97.45,165.55,1.0000,-1,-1,-1
238,34,852.61,250.20,88.08,112.67,1.0000,-1,-1,-1
238,35,365.43,321.40,61.26,165.15,1.0000,-1,-1,-1
238,36,560.64,376.67,110.51,157.37,1.0000,-1,-1,-1
238,37,928.63,460.58,76.71,142.76,1.0000,-1,-1,-1
238,38,794.68,115.71,65.84,120.64,1.0000,-1,-1,-1
238,39,505.43,402.05,118.59,142.66,1.0000,-1,-1,-1
238,41,416.90,306.53,49.43,140.87,1.0000,-1,-1,-1
239,6,356.16,449.62,71.50,151.78,1.0000,-1,-1,-1
239,17,1025.60,312.66,69.35,166.21,1.0000,-1,-1,-1
239,18,463.24,185.28,78.54,146.34,1.0000,-1,-1,-1
239,25,1167.81,305.62,102.76,132.76,1.0000,-1,-1,-1
239,28,951.53,508.61,60.85,62.12,1.0000,-1,-1,-1
239,31,470.43,163.55,50.53,150.97,1.0000,-1,-1,-1
239,32,952.38,317.77,83.65,120.66,1.0000,-1,-1,-1
239,33,751.68,117.03,98.07,166.60,1.0000,-1,-1,-1
239,34,851.19,250.64,88.12,112.72,1.0000,-1,-1,-1
239,35,365.13,319.52,61.49,165.76,1.0000,-1,-1,-1
239,36,576.41,374.13,104.80,155.40,1.0000,-1,-1,-1
239,37,932.65,457.46,75.51,143.90,1.0000,-1,-1,-1
239,38,792.96,119.19,67.98,117.29,1.0000,-1,-1,-1
239,39,513.95,398.66,120.16,144.55,1.0000,-1,-1,-1
239,41,416.93,305.42,51.08,142.71,1.0000,-1,-1,-1
240,6,358.22,449.26,71.51,151.80,1.0000,-1,-1,-1
240,17,1026.36,313.16,69.42,166.38,1.0000,-1,-1,-1
240,18,461.63,183.75,78.61,146.48,1.0000,-1,-1,-1
240,25,1172.24,306.89,102.91,132.95,1.0000,-1,-1,-1
240,28,953.28,508.43,60.61,61.87,1.0000,-1,-1,-1
240,31,469.96,161.56,50.70,151.49,1.0000,-1,-1,-1
240,32,958.64,317.11,83.99,119.28,1.0000,-1,-1,-1
240,33,751.91,116.34,98.68,167.64,1.0000,-1,-1,-1
240,34,849.78,251.08,88.16,112.77,1.0000,-1,-1,-1
240,35,364.83,317.64,61.72,166.37,1.0000,-1,-1,-1
240,36,587.41,383.68,98.39,149.82,1.0000,-1,-1,-1
240,37,937.81,454.10,73.43,144.35,1.0000,-1,-1,-1
240,38,792.24,117.06,68.12,117.52,1.0000,-1,-1,-1
240,39,578.98,386.26,68.99,123.08,1.0000,-1,-1,-1
240,41,415.83,304.68,52.72,143.84,1.0000,-1,-1,-1
241,6,360.28,448.89,71.51,151.81,1.0000,-1,-1,-1
241,17,1027.12,313.65,69.49,166.54,1.0000,-1,-1,-1
241,18,460.01,182.23,78.69,146.62,1.0000,-1,-1,-1
241,28,955.04,508.25,60.37,61.63,1.0000,-1,-1,-1
241,31,470.75,157.04,49.41,146.22,1.0000,-1,-1,-1
241,32,964.73,316.30,83.27,117.92,1.0000,-1,-1,-1
241,33,752.14,115.66,99.29,168.67,1.0000,-1,-1,-1
241,34,848.36,251.52,88.20,112.82,1.0000,-1,-1,-1
241,35,364.52,315.75,61.94,166.98,1.0000,-1,-1,-1
241,36,595.05,382.91,98.77,150.40,1.0000,-1,-1,-1
241,37,943.31,450.16,70.23,145.01,1.0000,-1,-1,-1
241,38,791.53,114.94,68.26,117.76,1.0000,-1,-1,-1
241,39,590.71,382.97,68.33,121.91,1.0000,-1,-1,-1
241,41,414.15,304.18,53.90,144.95,1.0000,-1,-1,-1
241,42,884.13,280.01,68.43,133.38,1.0000,-1,-1,-1
242,6,362.34,448.53,71.52,151.83,1.0000,-1,-1,-1
242,17,1027.89,314.14,69.56,166.71,1.0000,-1,-1,-1
242,18,458.40,180.71,78.76,146.76,1.0000,-1,-1,-1
242,28,956.79,508.07,60.13,61.39,1.0000,-1,-1,-1
242,31,475.05,153.35,44.72,139.57,1.0000,-1,-1,-1
242,32,966.39,316.12,83.31,117.98,1.0000,-1,-1,-1
242,33,752.37,114.97,99.89,169.70,1.0000,-1,-1,-1
242,34,846.94,251.96,88.24,112.87,1.0000,-1,-1,-1
242,35,365.62,313.86,56.81,162.12,1.0000,-1,-1,-1
242,36,602.69,382.15,99.14,150.97,1.0000,-1,-1,-1
242,37,952.49,446.18,65.52,145.96,1.0000,-1,-1,-1
242,38,790.81,112.81,68.40,118.00,1.0000,-1,-1,-1
242,39,587.97,387.73,70.52,115.75,1.0000,-1,-1,-1
242,41,413.57,304.60,52.56,143.31,1.0000,-1,-1,-1
242,42,878.34,280.51,72.88,138.65,1.0000,-1,-1,-1
243,6,364.40,448.17,71.53,151.84,1.0000,-1,-1,-1
243,17,1028.65,314.63,69.63,166.88,1.0000,-1,-1,-1
243,18,456.78,179.19,78.83,146.90,1.0000,-1,-1,-1
243,28,958.55,507.89,59.89,61.14,1.0000,-1,-1,-1
243,31,474.88,150.55,44.81,139.86,1.0000,-1,-1,-1
243,32,968.05,315.94,83.36,118.05,1.0000,-1,-1,-1
243,33,752.60,114.29,100.49,170.72,1.0000,-1,-1,-1
243,34,845.52,252.40,88.28,112.92,1.0000,-1,-1,-1
243,35,367.15,314.50,53.73,160.31,1.0000,-1,-1,-1
243,36,610.33,381.39,99.52,151.53,1.0000,-1,-1,-1
243,37,959.59,444.06,60.82,146.92,1.0000,-1,-1,-1
243,38,790.09,110.69,68.53,118.24,1.0000,-1,-1,-1
243,39,589.57,389.27,74.15,112.40,1.0000,-1,-1,-1
243,41,413.77,304.01,50.93,141.53,1.0000,-1,-1,-1
243,42,873.88,281.69,70.84,136.70,1.0000,-1,-1,-1
244,6,366.46,447.80,71.53,151.85,1.0000,-1,-1,-1
244,17,1029.41,315.13,69.70,167.04,1.0000,-1,-1,-1
244,18,455.16,177.67,78.91,147.04,1.0000,-1,-1,-1
244,28,960.30,507.72,59.65,60.89,1.0000,-1,-1,-1
244,31,474.71,147.76,44.90,140.14,1.0000,-1,-1,-1
244,32,977.45,316.74,76.84,115.28,1.0000,-1,-1,-1
244,33,752.84,113.61,101.09,171.73,1.0000,-1,-1,-1
244,34,844.10,252.84,88.32,112.97,1.0000,-1,-1,-1
244,35,367.40,314.00,51.94,158.64,1.0000,-1,-1,-1
244,36,617.97,380.63,99.89,152.10,1.0000,-1,-1,-1
244,37,966.11,442.08,56.99,148.15,1.0000,-1,-1,-1
244,38,789.37,108.57,68.67,118.47,1.0000,-1,-1,-1
244,39,599.52,386.66,73.51,111.43,1.0000,-1,-1,-1
244,41,413.97,303.69,49.48,139.36,1.0000,-1,-1,-1
244,42,871.68,284.03,70.76,133.54,1.0000,-1,-1,-1
245,6,368.52,447.44,71.54,151.87,1.0000,-1,-1,-1
245,17,1030.17,315.62,69.77,167.21,1.0000,-1,-1,-1
245,18,453.55,176.15,78.98,147.17,1.0000,-1,-1,-1
245,28,962.06,507.54,59.41,60.65,1.0000,-1,-1,-1
245,31,474.54,144.97,44.99,140.42,1.0000,-1,-1,-1
245,32,981.72,318.72,73.05,117.29,1.0000,-1,-1,-1
245,33,753.08,112.94,101.69,172.74,1.0000,-1,-1,-1
245,34,842.68,253.29,88.36,113.02,1.0000,-1,-1,-1
245,35,367.26,313.13,50.79,157.82,1.0000,-1,-1,-1
245,36,645.10,404.28,88.58,150.04,1.0000,-1,-1,-1
245,37,969.21,441.71,57.09,151.08,1.0000,-1,-1,-1
245,38,788.66,106.44,68.81,118.71,1.0000,-1,-1,-1
245,39,609.47,384.05,72.87,110.45,1.0000,-1,-1,-1
245,41,413.28,303.21,48.98,137.65,1.0000,-1,-1,-1
245,42,870.78,283.98,70.02,131.54,1.0000,-1,-1,-1
246,6,370.58,447.07,71.55,151.88,1.0000,-1,-1,-1
246,17,1030.93,316.12,69.84,167.38,1.0000,-1,-1,-1
246,18,449.51,159.97,58.62,153.44,1.0000,-1,-1,-1
246,28,963.82,507.36,59.16,60.40,1.0000,-1,-1,-1
246,31,474.37,142.17,45.08,140.71,1.0000,-1,-1,-1
246,32,985.67,319.34,69.87,120.16,1.0000,-1,-1,-1
246,33,753.32,112.27,102.28,173.74,1.0000,-1,-1,-1
246,34,841.26,253.73,88.40,113.07,1.0000,-1,-1,-1
246,35,367.63,311.77,49.50,157.70,1.0000,-1,-1,-1
246,36,653.86,405.39,88.80,150.40,1.0000,-1,-1,-1
246,37,975.39,441.70,57.72,152.84,1.0000,-1,-1,-1
246,38,787.94,104.32,68.94,118.94,1.0000,-1,-1,-1
246,39,619.43,381.45,72.21,109.46,1.0000,-1,-1,-1
246,41,411.93,302.52,48.27,134.67,1.0000,-1,-1,-1
246,42,868.98,281.28,69.29,130.50,1.0000,-1,-1,-1
247,6,372.64,446.71,71.55,151.89,1.0000,-1,-1,-1
247,17,1031.70,316.61,69.91,167.54,1.0000,-1,-1,-1
247,18,447.36,158.01,58.61,153.42,1.0000,-1,-1,-1
247,28,965.57,507.19,58.92,60.15,1.0000,-1,-1,-1
247,31,474.20,139.38,45.17,140.99,1.0000,-1,-1,-1
247,32,990.96,319.01,67.16,124.08,1.0000,-1,-1,-1
247,33,753.56,111.60,102.86,174.74,1.0000,-1,-1,-1
247,34,839.84,254.17,88.44,113.12,1.0000,-1,-1,-1
247,35,365.27,310.29,50.18,157.26,1.0000,-1,-1,-1
247,36,678.59,414.87,73.78,145.77,1.0000,-1,-1,-1
247,37,980.42,442.55,63.08,154.26,1.0000,-1,-1,-1
247,38,787.22,102.20,69.08,119.18,1.0000,-1,-1,-1
247,39,625.89,397.93,61.83,108.78,1.0000,-1,-1,-1
247,41,410.59,303.88,47.62,133.99,1.0000,-1,-1,-1
247,42,866.46,279.75,66.95,127.99,1.0000,-1,-1,-1
248,6,374.70,446.35,71.56,151.91,1.0000,-1,-1,-1
248,17,1032.46,317.10,69.98,167.71,1.0000,-1,-1,-1
248,18,445.22,156.05,58.60,153.39,1.0000,-1,-1,-1
248,28,967.33,507.01,58.67,59.90,1.0000,-1,-1,-1
248,31,474.03,136.58,45.26,141.27,1.0000,-1,-1,-1
248,32,995.17,318.30,64.44,127.26,1.0000,-1,-1,-1
248,33,753.80,110.93,103.45,175.73,1.0000,-1,-1,-1
248,34,838.42,254.61,88.48,113.17,1.0000,-1,-1,-1
248,35,364.76,308.63,50.22,157.37,1.0000,-1,-1,-1
248,36,692.53,420.58,66.30,140.38,1.0000,-1,-1,-1
248,37,982.63,443.36,68.49,155.46,1.0000,-1,-1,-1
248,38,786.51,100.07,69.22,119.41,1.0000,-1,-1,-1
248,39,626.26,400.30,60.10,108.04,1.0000,-1,-1,-1
248,41,409.09,302.26,47.37,135.43,1.0000,-1,-1,-1
248,42,864.45,279.35,65.63,127.03,1.0000,-1,-1,-1
249,6,376.76,445.98,71.57,151.92,1.0000,-1,-1,-1
249,17,1033.22,317.60,70.05,167.87,1.0000,-1,-1,-1
249,18,443.07,154.08,58.59,153.37,1.0000,-1,-1,-1
249,28,969.09,506.84,58.43,59.65,1.0000,-1,-1,-1
249,31,473.85,133.79,45.35,141.55,1.0000,-1,-1,-1
249,32,1000.00,317.33,62.39,129.09,1.0000,-1,-1,-1
249,33,754.04,110.27,104.03,176.71,1.0000,-1,-1,-1
249,34,837.01,255.05,88.52,113.22,1.0000,-1,-1,-1
249,35,358.06,306.47,50.51,156.35,1.0000,-1,-1,-1
249,36,706.49,424.17,62.91,135.61,1.0000,-1,-1,-1
249,37,982.89,443.15,73.96,156.13,1.0000,-1,-1,-1
249,38,785.79,97.95,69.35,119.65,1.0000,-1,-1,-1
249,39,625.73,398.22,63.12,110.50,1.0000,-1,-1,-1
249,41,407.19,303.41,48.33,138.34,1.0000,-1,-1,-1
249,42,864.27,279.63,63.39,127.35,1.0000,-1,-1,-1
250,6,378.82,445.62,71.57,151.94,1.0000,-1,-1,-1
250,17,1033.98,318.09,70.12,168.04,1.0000,-1,-1,-1
250,18,440.92,152.12,58.58,153.34,1.0000,-1,-1,-1
250,28,970.85,506.67,58.18,59.39,1.0000,-1,-1,-1
250,31,473.68,131.00,45.44,141.83,1.0000,-1,-1,-1
250,32,1003.75,317.77,60.15,131.13,1.0000,-1,-1,-1
250,33,754.29,109.61,104.60,177.69,1.0000,-1,-1,-1
250,34,835.59,255.49,88.56,113.27,1.0000,-1,-1,-1
250,35,355.14,304.60,50.51,155.23,1.0000,-1,-1,-1
250,36,715.27,425.03,62.69,132.36,1.0000,-1,-1,-1
250,37,981.58,442.16,80.41,156.74,1.0000,-1,-1,-1
250,38,785.07,95.83,69.49,119.88,1.0000,-1,-1,-1
250,39,632.82,398.72,62.23,112.90,1.0000,-1,-1,-1
250,41,404.48,301.69,49.78,140.39,1.0000,-1,-1,-1
250,42,865.92,280.14,60.78,127.23,1.0000,-1,-1,-1
250,46,754.29,86.91,46.58,123.97,1.0000,-1,-1,-1
251,6,380.88,445.25,71.58,151.95,1.0000,-1,-1,-1
251,17,1034.75,318.59,70.19,168.21,1.0000,-1,-1,-1
251,18,438.78,150.16,58.57,153.31,1.0000,-1,-1,-1
251,28,972.61,506.49,57.93,59.14,1.0000,-1,-1,-1
251,31,473.51,128.21,45.53,142.11,1.0000,-1,-1,-1
251,32,1008.03,318.41,58.22,131.93,1.0000,-1,-1,-1
251,33,754.53,108.95,105.18,178.67,1.0000,-1,-1,-1
251,34,834.17,255.93,88.60,113.33,1.0000,-1,-1,-1
251,35,353.94,302.79,50.54,155.32,1.0000,-1,-1,-1
251,36,721.30,424.92,65.51,129.38,1.0000,-1,-1,-1
251,37,980.19,441.30,85.55,156.85,1.0000,-1,-1,-1
251,38,784.36,93.71,69.62,120.11,1.0000,-1,-1,-1
251,39,640.01,399.98,60.28,116.72,1.0000,-1,-1,-1
251,41,399.94,299.28,52.31,141.86,1.0000,-1,-1,-1
251,42,867.78,280.79,59.04,127.25,1.0000,-1,-1,-1
251,46,750.96,88.24,44.74,119.35,1.0000,-1,-1,-1
252,6,382.94,444.89,71.58,151.96,1.0000,-1,-1,-1
252,17,1035.51,319.08,70.26,168.37,1.0000,-1,-1,-1
252,18,436.63,148.20,58.56,153.29,1.0000,-1,-1,-1
252,28,974.36,506.32,57.68,58.88,1.0000,-1,-1,-1
252,31,473.34,125.41,45.62,142.39,1.0000,-1,-1,-1
252,32,1014.75,318.31,55.54,131.18,1.0000,-1,-1,-1
252,33,754.78,108.30,105.75,179.64,1.0000,-1,-1,-1
252,34,832.75,256.37,88.64,113.38,1.0000,-1,-1,-1
252,35,351.80,301.09,50.02,154.23,1.0000,-1,-1,-1
252,36,730.62,423.61,78.69,128.89,1.0000,-1,-1,-1
252,37,982.54,438.82,87.20,156.89,1.0000,-1,-1,-1
252,38,783.64,91.58,69.76,120.35,1.0000,-1,-1,-1
252,39,649.30,398.93,60.16,122.55,1.0000,-1,-1,-1
252,41,397.43,296.74,53.63,143.32,1.0000,-1,-1,-1
252,42,869.20,282.48,59.28,126.96,1.0000,-1,-1,-1
252,46,747.01,87.36,44.75,119.37,1.0000,-1,-1,-1
252,48,819.65,171.11,46.61,124.70,1.0000,-1,-1,-1
253,6,385.00,444.53,71.59,151.98,1.0000,-1,-1,-1
253,17,1036.27,319.57,70.33,168.54,1.0000,-1,-1,-1
253,18,434.49,146.23,58.55,153.26,1.0000,-1,-1,-1
253,28,976.12,506.15,57.43,58.63,1.0000,-1,-1,-1
253,31,455.99,127.45,48.24,132.35,1.0000,-1,-1,-1
253,32,1019.96,318.24,53.47,130.85,1.0000,-1,-1,-1
253,33,755.03,107.64,106.31,180.60,1.0000,-1,-1,-1
253,34,831.33,256.81,88.68,113.43,1.0000,-1,-1,-1
253,35,350.59,299.33,50.29,153.33,1.0000,-1,-1,-1
253,36,735.87,423.20,89.12,129.78,1.0000,-1,-1,-1
253,37,986.33,437.44,86.14,156.63,1.0000,-1,-1,-1
253,38,782.93,89.46,69.89,120.58,1.0000,-1,-1,-1
253,39,654.66,398.08,61.07,126.63,1.0000,-1,-1,-1
253,41,397.40,295.66,53.60,144.37,1.0000,-1,-1,-1
253,42,869.14,285.11,61.38,126.95,1.0000,-1,-1,-1
253,46,743.07,86.47,44.76,119.39,1.0000,-1,-1,-1
253,48,810.15,164.41,48.94,130.92,1.0000,-1,-1,-1
254,6,387.06,444.16,71.60,151.99,1.0000,-1,-1,-1
254,17,1037.03,320.07,70.39,168.70,1.0000,-1,-1,-1
254,18,432.34,144.27,58.54,153.24,1.0000,-1,-1,-1
254,28,977.89,505.98,57.18,58.37,1.0000,-1,-1,-1
254,31,454.85,124.66,48.33,132.59,1.0000,-1,-1,-1
254,32,1023.47,318.49,52.03,129.69,1.0000,-1,-1,-1
254,33,755.28,106.99,106.88,181.56,1.0000,-1,-1,-1
254,34,829.91,257.26,88.72,113.48,1.0000,-1,-1,-1
254,35,346.28,297.80,52.98,154.16,1.0000,-1,-1,-1
254,36,739.27,423.01,95.75,131.79,1.0000,-1,-1,-1
254,37,990.83,435.05,82.72,156.51,1.0000,-1,-1,-1
254,38,782.21,87.34,70.03,120.81,1.0000,-1,-1,-1
254,39,656.93,398.49,64.68,129.07,1.0000,-1,-1,-1
254,41,395.61,294.88,54.49,145.04,1.0000,-1,-1,-1
254,42,868.52,286.58,63.90,127.39,1.0000,-1,-1,-1
254,46,739.12,85.59,44.77,119.42,1.0000,-1,-1,-1
254,47,847.76,117.83,92.49,141.83,1.0000,-1,-1,-1
254,48,803.14,172.11,44.93,120.18,1.0000,-1,-1,-1
255,6,389.12,443.80,71.60,152.00,1.0000,-1,-1,-1
255,17,1037.80,320.56,70.46,168.87,1.0000,-1,-1,-1
255,18,430.19,142.31,58.53,153.21,1.0000,-1,-1,-1
255,28,979.65,505.81,56.92,58.11,1.0000,-1,-1,-1
255,31,453.71,121.87,48.42,132.84,1.0000,-1,-1,-1
255,32,1026.21,319.68,52.18,130.93,1.0000,-1,-1,-1
255,33,755.54,106.35,107.44,182.52,1.0000,-1,-1,-1
255,34,828.49,257.70,88.76,113.53,1.0000,-1,-1,-1
255,35,341.73,297.87,53.62,154.54,1.0000,-1,-1,-1
255,36,743.18,422.79,99.84,133.86,1.0000,-1,-1,-1
255,37,997.85,434.14,77.15,156.10,1.0000,-1,-1,-1
255,38,781.49,85.22,70.16,121.04,1.0000,-1,-1,-1
255,39,660.46,396.14,73.19,132.33,1.0000,-1,-1,-1
255,41,393.91,294.51,54.81,145.22,1.0000,-1,-1,-1
255,42,867.22,287.36,63.21,126.98,1.0000,-1,-1,-1
255,46,724.01,77.58,55.95,123.31,1.0000,-1,-1,-1
255,47,846.03,117.92,91.27,139.11,1.0000,-1,-1,-1
255,48,794.35,169.98,45.37,121.35,1.0000,-1,-1,-1
256,6,391.18,443.44,71.61,152.02,1.0000,-1,-1,-1
256,17,1038.56,321.06,70.53,169.03,1.0000,-1,-1,-1
256,18,441.81,132.95,57.13,164.83,1.0000,-1,-1,-1
256,28,981.41,505.63,56.67,57.85,1.0000,-1,-1,-1
256,31,452.57,119.07,48.50,133.08,1.0000,-1,-1,-1
256,32,1029.09,320.37,53.27,133.84,1.0000,-1,-1,-1
256,33,755.79,105.70,108.00,183.46,1.0000,-1,-1,-1
256,34,827.07,258.14,88.80,113.58,1.0000,-1,-1,-1
256,35,338.08,295.98,53.93,155.24,1.0000,-1,-1,-1
256,36,748.74,422.06,98.82,134.59,1.0000,-1,-1,-1
256,37,1008.97,432.05,68.06,155.52,1.0000,-1,-1,-1
256,38,780.78,83.10,70.29,121.27,1.0000,-1,-1,-1
256,39,661.48,394.54,82.28,133.99,1.0000,-1,-1,-1
256,41,390.68,294.05,55.93,144.14,1.0000,-1,-1,-1
256,42,866.49,287.85,62.54,127.07,1.0000,-1,-1,-1
256,46,718.55,74.62,57.02,125.67,1.0000,-1,-1,-1
256,47,841.82,112.88,93.55,142.59,1.0000,-1,-1,-1
256,48,776.29,168.90,50.01,122.59,1.0000,-1,-1,-1
257,6,393.24,443.07,71.62,152.03,1.0000,-1,-1,-1
257,17,1039.32,321.55,70.60,169.19,1.0000,-1,-1,-1
257,18,440.49,130.87,57.13,164.84,1.0000,-1,-1,-1
257,28,983.17,505.46,56.42,57.59,1.0000,-1,-1,-1
257,31,451.43,116.28,48.59,133.32,1.0000,-1,-1,-1
257,32,1033.42,321.08,57.84,138.21,1.0000,-1,-1,-1
257,33,756.05,105.06,108.55,184.41,1.0000,-1,-1,-1
257,34,825.66,258.58,88.84,113.63,1.0000,-1,-1,-1
257,35,336.21,294.31,53.99,155.41,1.0000,-1,-1,-1
257,36,763.98,420.39,89.43,134.60,1.0000,-1,-1,-1
257,37,1017.52,430.18,59.29,154.79,1.0000,-1,-1,-1
257,38,780.06,80.98,70.43,121.50,1.0000,-1,-1,-1
257,39,660.64,393.18,89.90,133.38,1.0000,-1,-1,-1
257,41,387.10,294.49,56.57,144.12,1.0000,-1,-1,-1
257,42,865.65,288.17,63.42,127.56,1.0000,-1,-1,-1
257,46,713.09,71.67,58.07,127.98,1.0000,-1,-1,-1
257,47,837.63,107.88,95.79,146.00,1.0000,-1,-1,-1
257,48,758.94,164.39,59.33,127.01,1.0000,-1,-1,-1
258,6,395.30,442.71,71.62,152.05,1.0000,-1,-1,-1
258,17,1040.08,322.05,70.67,169.36,1.0000,-1,-1,-1
258,18,439.17,128.79,57.13,164.85,1.0000,-1,-1,-1
258,28,984.93,505.30,56.16,57.33,1.0000,-1,-1,-1
258,31,450.29,113.49,48.68,133.56,1.0000,-1,-1,-1
258,32,1035.74,321.06,62.20,142.57,1.0000,-1,-1,-1
258,33,756.31,104.42,109.11,185.35,1.0000,-1,-1,-1
258,34,824.24,259.02,88.88,113.68,1.0000,-1,-1,-1
258,35,329.95,291.07,54.23,157.79,1.0000,-1,-1,-1
258,36,777.79,418.65,79.89,134.76,1.0000,-1,-1,-1
258,37,1023.79,428.81,54.69,154.19,1.0000,-1,-1,-1
258,38,779.35,78.86,70.56,121.73,1.0000,-1,-1,-1
258,39,659.27,389.08,94.95,134.39,1.0000,-1,-1,-1
258,41,383.96,293.19,56.08,144.95,1.0000,-1,-1,-1
258,42,865.90,288.02,64.11,127.55,1.0000,-1,-1,-1
258,46,707.65,68.75,59.10,130.25,1.0000,-1,-1,-1
258,47,833.46,102.91,97.97,149.32,1.0000,-1,-1,-1
258,48,746.69,163.87,67.56,127.73,1.0000,-1,-1,-1
259,6,397.36,442.34,71.63,152.06,1.0000,-1,-1,-1
259,17,1040.85,322.54,70.74,169.52,1.0000,-1,-1,-1
259,18,437.86,126.70,57.14,164.86,1.0000,-1,-1,-1
259,28,986.70,505.13,55.90,57.07,1.0000,-1,-1,-1
259,31,449.16,110.69,48.77,133.80,1.0000,-1,-1,-1
259,32,1035.16,320.83,64.89,145.98,1.0000,-1,-1,-1
259,33,756.57,103.78,109.66,186.28,1.0000,-1,-1,-1
259,34,822.82,259.46,88.91,113.73,1.0000,-1,-1,-1
259,35,326.78,291.35,54.97,157.70,1.0000,-1,-1,-1
259,36,789.26,418.08,71.57,135.09,1.0000,-1,-1,-1
259,37,1028.26,428.28,53.28,153.50,1.0000,-1,-1,-1
259,38,778.63,76.74,70.69,121.96,1.0000,-1,-1,-1
259,39,660.83,385.87,96.87,135.08,1.0000,-1,-1,-1
259,41,381.13,290.23,55.86,146.21,1.0000,-1,-1,-1
259,42,869.02,287.14,63.59,127.40,1.0000,-1,-1,-1
259,46,702.22,65.84,60.11,132.49,1.0000,-1,-1,-1
259,47,829.32,97.99,100.10,152.58,1.0000,-1,-1,-1
259,48,737.12,166.00,74.60,124.53,1.0000,-1,-1,-1
260,6,399.42,441.98,71.64,152.07,1.0000,-1,-1,-1
260,17,1041.61,323.04,70.81,169.69,1.0000,-1,-1,-1
260,18,436.54,124.62,57.14,164.87,1.0000,-1,-1,-1
260,28,988.46,504.96,55.64,56.80,1.0000,-1,-1,-1
260,31,448.02,107.90,48.85,134.04,1.0000,-1,-1,-1
260,32,1034.59,320.95,66.85,147.95,1.0000,-1,-1,-1
260,33,756.83,103.14,110.20,187.21,1.0000,-1,-1,-1
260,34,821.40,259.90,88.95,113.78,1.0000,-1,-1,-1
260,35,325.24,292.54,54.84,156.97,1.0000,-1,-1,-1
260,36,797.37,417.21,66.77,136.59,1.0000,-1,-1,-1
260,37,1032.51,426.33,56.20,154.75,1.0000,-1,-1,-1
260,38,777.92,74.62,70.83,122.19,1.0000,-1,-1,-1
260,39,662.80,385.06,95.75,134.55,1.0000,-1,-1,-1
260,41,378.51,290.21,55.02,147.43,1.0000,-1,-1,-1
260,42,877.26,285.80,60.12,126.85,1.0000,-1,-1,-1
260,46,703.75,72.89,49.41,115.73,1.0000,-1,-1,-1
260,47,825.21,121.95,71.54,123.54,1.0000,-1,-1,-1
260,48,731.74,164.08,77.45,123.56,1.0000,-1,-1,-1
261,6,401.48,441.62,71.64,152.09,1.0000,-1,-1,-1
261,18,435.22,122.54,57.14,164.88,1.0000,-1,-1,-1
261,28,990.23,504.79,55.38,56.54,1.0000,-1,-1,-1
261,31,446.88,105.11,48.94,134.28,1.0000,-1,-1,-1
261,32,1033.32,320.36,68.42,149.18,1.0000,-1,-1,-1
261,33,757.09,102.51,110.75,188.14,1.0000,-1,-1,-1
261,34,819.98,260.34,88.99,113.83,1.0000,-1,-1,-1
261,35,324.57,292.31,53.22,156.51,1.0000,-1,-1,-1
261,36,805.91,415.53,65.66,139.04,1.0000,-1,-1,-1
261,37,1033.00,423.74,60.62,157.49,1.0000,-1,-1,-1
261,38,777.20,72.50,70.96,122.42,1.0000,-1,-1,-1
261,39,666.25,381.48,92.14,134.73,1.0000,-1,-1,-1
261,41,375.67,289.58,55.23,147.92,1.0000,-1,-1,-1
261,42,881.23,284.11,58.16,126.84,1.0000,-1,-1,-1
261,46,701.49,76.02,45.49,111.27,1.0000,-1,-1,-1
261,47,820.63,120.39,71.15,122.88,1.0000,-1,-1,-1
261,48,726.21,162.90,79.61,122.60,1.0000,-1,-1,-1
262,6,403.54,441.25,71.65,152.10,1.0000,-1,-1,-1
262,18,433.90,120.46,57.15,164.89,1.0000,-1,-1,-1
262,28,991.99,504.62,55.12,56.27,1.0000,-1,-1,-1
262,31,445.74,102.32,49.03,134.52,1.0000,-1,-1,-1
262,32,1035.89,321.21,68.47,149.30,1.0000,-1,-1,-1
262,33,757.35,101.88,111.29,189.06,1.0000,-1,-1,-1
262,34,818.56,260.78,89.03,113.88,1.0000,-1,-1,-1
262,35,321.37,290.64,53.75,157.39,1.0000,-1,-1,-1
262,36,815.02,413.37,70.80,142.15,1.0000,-1,-1,-1
262,37,1031.05,424.65,67.29,158.64,1.0000,-1,-1,-1
262,38,776.49,70.38,71.09,122.65,1.0000,-1,-1,-1
262,39,677.94,377.27,84.43,134.32,1.0000,-1,-1,-1
262,41,370.46,289.33,53.87,148.66,1.0000,-1,-1,-1
262,42,882.17,284.39,58.50,127.45,1.0000,-1,-1,-1
262,46,696.83,74.75,45.33,110.88,1.0000,-1,-1,-1
262,47,816.06,118.83,70.77,122.21,1.0000,-1,-1,-1
262,48,718.21,163.02,75.50,119.43,1.0000,-1,-1,-1
263,6,405.60,440.89,71.66,152.11,1.0000,-1,-1,-1
263,18,432.58,118.38,57.15,164.90,1.0000,-1,-1,-1
263,28,993.76,504.46,54.86,56.00,1.0000,-1,-1,-1
263,31,444.60,99.53,49.11,134.75,1.0000,-1,-1,-1
263,32,1026.94,343.49,78.22,187.62,1.0000,-1,-1,-1
263,33,757.61,101.25,111.83,189.97,1.0000,-1,-1,-1
263,34,817.14,261.23,89.07,113.93,1.0000,-1,-1,-1
263,35,319.01,290.14,53.71,157.60,1.0000,-1,-1,-1
263,36,819.61,414.35,74.20,143.11,1.0000,-1,-1,-1
263,37,1028.49,426.37,72.55,157.79,1.0000,-1,-1,-1
263,38,775.77,68.26,71.22,122.88,1.0000,-1,-1,-1
263,39,691.31,373.19,74.97,132.14,1.0000,-1,-1,-1
263,41,366.53,289.11,53.29,148.40,1.0000,-1,-1,-1
263,42,881.88,284.94,60.12,129.30,1.0000,-1,-1,-1
263,46,692.16,73.49,45.16,110.48,1.0000,-1,-1,-1
263,47,811.49,117.28,70.38,121.54,1.0000,-1,-1,-1
263,48,709.00,160.59,76.95,121.72,1.0000,-1,-1,-1
264,6,407.66,440.53,71.66,152.13,1.0000,-1,-1,-1
264,18,431.27,116.30,57.15,164.91,1.0000,-1,-1,-1
264,28,995.52,504.29,54.60,55.73,1.0000,-1,-1,-1
264,31,443.46,96.74,49.20,134.99,1.0000,-1,-1,-1
264,32,1022.80,340.39,84.21,212.28,1.0000,-1,-1,-1
264,33,757.88,100.63,112.37,190.89,1.0000,-1,-1,-1
264,34,815.72,261.67,89.11,113.98,1.0000,-1,-1,-1
264,35,317.04,289.29,53.72,158.09,1.0000,-1,-1,-1
264,36,821.48,415.75,75.51,144.06,1.0000,-1,-1,-1
264,37,1031.57,425.36,72.78,158.29,1.0000,-1,-1,-1
264,38,775.06,66.14,71.36,123.10,1.0000,-1,-1,-1
264,39,700.26,376.63,68.11,132.21,1.0000,-1,-1,-1
264,41,365.93,289.65,51.58,150.52,1.0000,-1,-1,-1
264,42,882.42,285.25,59.89,128.81,1.0000,-1,-1,-1
264,46,687.49,72.23,45.00,110.08,1.0000,-1,-1,-1
264,47,792.17,111.95,67.46,121.13,1.0000,-1,-1,-1
264,48,707.10,164.00,62.76,115.78,1.0000,-1,-1,-1
265,18,429.95,114.22,57.16,164.92,1.0000,-1,-1,-1
265,28,997.29,504.13,54.33,55.46,1.0000,-1,-1,-1
265,31,442.33,93.94,49.29,135.23,1.0000,-1,-1,-1
265,32,1024.39,344.85,84.53,213.08,1.0000,-1,-1,-1
265,34,814.31,262.11,89.15,114.03,1.0000,-1,-1,-1
265,35,315.41,287.78,53.89,157.85,1.0000,-1,-1,-1
265,36,823.73,415.03,76.18,145.42,1.0000,-1,-1,-1
265,37,1024.11,424.07,78.10,159.73,1.0000,-1,-1,-1
265,38,774.34,64.02,71.49,123.33,1.0000,-1,-1,-1
265,39,706.77,376.69,63.34,135.02,1.0000,-1,-1,-1
265,41,364.77,288.48,50.38,152.20,1.0000,-1,-1,-1
265,42,876.64,287.60,62.94,131.49,1.0000,-1,-1,-1
265,46,682.83,70.97,44.84,109.68,1.0000,-1,-1,-1
265,47,784.51,108.77,67.58,123.54,1.0000,-1,-1,-1
265,48,698.26,162.36,63.34,116.86,1.0000,-1,-1,-1
266,18,428.63,112.13,57.16,164.93,1.0000,-1,-1,-1
266,28,999.06,503.96,54.06,55.19,1.0000,-1,-1,-1
266,31,441.19,91.15,49.37,135.47,1.0000,-1,-1,-1
266,32,1035.12,310.18,75.90,193.03,1.0000,-1,-1,-1
266,34,812.89,262.55,89.19,114.08,1.0000,-1,-1,-1
266,35,314.90,290.00,53.94,157.88,1.0000,-1,-1,-1
266,36,823.66,414.47,75.41,145.87,1.0000,-1,-1,-1
266,37,1020.75,425.30,81.47,159.85,1.0000,-1,-1,-1
266,38,773.63,61.90,71.62,123.56,1.0000,-1,-1,-1
266,39,712.51,375.47,59.80,137.83,1.0000,-1,-1,-1
266,41,363.79,287.50,49.65,153.68,1.0000,-1,-1,-1
266,42,873.54,288.14,64.58,132.83,1.0000,-1,-1,-1
266,46,678.16,69.71,44.67,109.27,1.0000,-1,-1,-1
266,47,776.88,107.49,68.86,123.84,1.0000,-1,-1,-1
266,48,689.43,160.72,63.92,117.92,1.0000,-1,-1,-1
267,18,427.31,110.05,57.17,164.94,1.0000,-1,-1,-1
267,28,1000.83,503.80,53.80,54.92,1.0000,-1,-1,-1
267,31,440.05,88.36,49.46,135.70,1.0000,-1,-1,-1
267,32,1037.16,310.48,76.11,193.57,1.0000,-1,-1,-1
267,34,811.47,262.99,89.23,114.13,1.0000,-1,-1,-1
267,35,313.71,291.42,53.31,158.64,1.0000,-1,-1,-1
267,36,821.61,410.18,73.82,147.44,1.0000,-1,-1,-1
267,37,1019.29,425.66,82.97,159.68,1.0000,-1,-1,-1
267,38,772.91,59.78,71.75,123.78,1.0000,-1,-1,-1
267,39,720.38,375.65,58.25,141.35,1.0000,-1,-1,-1
267,41,361.71,287.80,48.72,153.41,1.0000,-1,-1,-1
267,42,873.37,288.68,64.51,132.69,1.0000,-1,-1,-1
267,46,673.49,68.45,44.51,108.87,1.0000,-1,-1,-1
267,47,767.45,104.80,67.86,123.29,1.0000,-1,-1,-1
267,48,680.60,159.09,64.49,118.98,1.0000,-1,-1,-1
268,18,425.99,107.97,57.17,164.96,1.0000,-1,-1,-1
268,28,1002.60,503.64,53.53,54.64,1.0000,-1,-1,-1
268,31,438.91,85.57,49.55,135.94,1.0000,-1,-1,-1
268,32,1039.20,310.78,76.32,194.10,1.0000,-1,-1,-1
268,34,810.05,263.43,89.27,114.18,1.0000,-1,-1,-1
268,35,313.31,291.73,52.81,159.10,1.0000,-1,-1,-1
268,36,819.80,404.63,72.64,149.85,1.0000,-1,-1,-1
268,37,1020.39,425.38,81.42,159.63,1.0000,-1,-1,-1
268,38,772.20,57.66,71.88,124.01,1.0000,-1,-1,-1
268,39,724.52,375.55,56.87,143.34,1.0000,-1,-1,-1
268,41,360.39,287.76,48.05,151.89,1.0000,-1,-1,-1
268,42,873.21,289.21,64.45,132.55,1.0000,-1,-1,-1
268,46,668.83,67.20,44.34,108.46,1.0000,-1,-1,-1
268,47,760.85,102.93,67.53,122.68,1.0000,-1,-1,-1
268,48,671.77,157.47,65.06,120.03,1.0000,-1,-1,-1
269,18,424.68,105.89,57.17,164.97,1.0000,-1,-1,-1
269,28,1004.37,503.48,53.26,54.37,1.0000,-1,-1,-1
269,31,437.77,82.78,49.63,136.17,1.0000,-1,-1,-1
269,32,1041.25,311.08,76.52,194.62,1.0000,-1,-1,-1
269,34,808.63,263.87,89.31,114.23,1.0000,-1,-1,-1
269,35,313.00,291.76,52.29,159.06,1.0000,-1,-1,-1
269,36,818.13,400.36,72.28,152.50,1.0000,-1,-1,-1
269,37,1025.10,422.66,80.34,160.25,1.0000,-1,-1,-1
269,38,771.49,55.54,72.01,124.24,1.0000,-1,-1,-1
269,39,728.10,375.55,56.53,144.11,1.0000,-1,-1,-1
269,41,359.50,287.32,47.33,153.18,1.0000,-1,-1,-1
269,42,876.09,291.63,59.54,130.59,1.0000,-1,-1,-1
269,46,664.16,65.94,44.17,108.06,1.0000,-1,-1,-1
269,47,754.25,101.05,67.19,122.06,1.0000,-1,-1,-1
269,48,662.07,159.73,63.60,117.42,1.0000,-1,-1,-1
270,18,423.36,103.81,57.18,164.98,1.0000,-1,-1,-1
270,28,1006.14,503.31,52.98,54.09,1.0000,-1,-1,-1
270,31,436.64,79.99,49.72,136.41,1.0000,-1,-1,-1
270,32,1043.29,311.38,76.73,195.15,1.0000,-1,-1,-1
270,34,807.21,264.32,89.35,114.28,1.0000,-1,-1,-1
270,35,312.96,291.76,51.80,158.73,1.0000,-1,-1,-1
270,36,816.87,396.43,71.87,154.11,1.0000,-1,-1,-1
270,37,1028.66,420.86,75.63,160.70,1.0000,-1,-1,-1
270,38,770.77,53.43,72.14,124.46,1.0000,-1,-1,-1
270,39,731.83,375.83,57.38,143.97,1.0000,-1,-1,-1
270,41,357.51,286.75,47.38,153.22,1.0000,-1,-1,-1
270,42,875.51,292.36,57.85,130.08,1.0000,-1,-1,-1
270,46,659.50,64.68,44.01,107.65,1.0000,-1,-1,-1
270,47,747.65,99.18,66.85,121.45,1.0000,-1,-1,-1
270,48,653.15,158.38,64.05,118.26,1.0000,-1,-1,-1
271,18,422.04,101.73,57.18,164.99,1.0000,-1,-1,-1
271,28,1007.91,503.15,52.71,53.81,1.0000,-1,-1,-1
271,31,435.50,77.20,49.80,136.64,1.0000,-1,-1,-1
271,32,1045.33,311.68,76.94,195.68,1.0000,-1,-1,-1
271,34,805.79,264.76,89.39,114.33,1.0000,-1,-1,-1
271,35,313.30,291.99,51.30,158.42,1.0000,-1,-1,-1
271,36,815.00,393.85,71.46,155.33,1.0000,-1,-1,-1
271,37,1034.37,419.66,74.50,161.02,1.0000,-1,-1,-1
271,38,770.06,51.31,72.27,124.69,1.0000,-1,-1,-1
271,39,734.86,375.09,58.98,143.33,1.0000,-1,-1,-1
271,41,355.99,286.08,47.94,153.08,1.0000,-1,-1,-1
271,42,875.35,293.14,57.64,129.62,1.0000,-1,-1,-1
271,46,654.84,63.43,43.84,107.24,1.0000,-1,-1,-1
271,47,741.05,97.31,66.50,120.83,1.0000,-1,-1,-1
271,48,644.22,157.04,64.50,119.09,1.0000,-1,-1,-1
272,18,420.72,99.65,57.18,165.00,1.0000,-1,-1,-1
272,28,1009.68,502.99,52.44,53.53,1.0000,-1,-1,-1
272,31,434.36,74.41,49.89,136.88,1.0000,-1,-1,-1
272,32,1047.38,311.98,77.14,196.20,1.0000,-1,-1,-1
272,34,804.37,265.20,89.42,114.38,1.0000,-1,-1,-1
272,35,313.37,292.26,50.89,158.48,1.0000,-1,-1,-1
272,36,813.68,392.02,70.98,156.09,1.0000,-1,-1,-1
272,37,1036.43,420.15,70.87,161.18,1.0000,-1,-1,-1
272,38,769.34,49.19,72.40,124.91,1.0000,-1,-1,-1
272,39,735.80,373.89,60.46,142.83,1.0000,-1,-1,-1
272,41,354.61,286.15,48.15,152.29,1.0000,-1,-1,-1
272,42,875.20,293.91,57.44,129.16,1.0000,-1,-1,-1
272,46,650.17,62.17,43.67,106.83,1.0000,-1,-1,-1
272,47,734.45,95.44,66.16,120.20,1.0000,-1,-1,-1
272,48,635.30,155.69,64.94,119.91,1.0000,-1,-1,-1
273,18,419.40,97.56,57.19,165.01,1.0000,-1,-1,-1
273,28,1011.45,502.83,52.16,53.25,1.0000,-1,-1,-1
273,31,433.22,71.62,49.97,137.11,1.0000,-1,-1,-1
273,32,1049.42,312.29,77.35,196.73,1.0000,-1,-1,-1
273,34,802.96,265.64,89.46,114.43,1.0000,-1,-1,-1
273,35,313.88,293.02,49.71,158.70,1.0000,-1,-1,-1
273,36,813.35,390.07,70.95,155.71,1.0000,-1,-1,-1
273,37,1037.38,420.84,70.65,162.28,1.0000,-1,-1,-1
273,38,768.63,47.07,72.53,125.13,1.0000,-1,-1,-1
273,39,735.68,371.24,60.20,143.25,1.0000,-1,-1,-1
273,41,353.65,287.02,47.66,150.81,1.0000,-1,-1,-1
273,42,875.04,294.68,57.23,128.69,1.0000,-1,-1,-1
273,46,645.51,60.92,43.50,106.41,1.0000,-1,-1,-1
273,47,727.86,93.57,65.82,119.57,1.0000,-1,-1,-1
273,48,626.38,154.35,65.39,120.73,1.0000,-1,-1,-1
274,18,418.08,95.48,57.19,165.02,1.0000,-1,-1,-1
274,31,432.09,68.83,50.06,137.35,1.0000,-1,-1,-1
274,32,1051.47,312.59,77.55,197.25,1.0000,-1,-1,-1
274,34,801.54,266.08,89.50,114.48,1.0000,-1,-1,-1
274,35,314.26,293.75,48.50,158.95,1.0000,-1,-1,-1
274,36,813.11,389.49,71.34,155.24,1.0000,-1,-1,-1
274,37,1036.66,422.16,71.30,163.72,1.0000,-1,-1,-1
274,38,767.92,44.95,72.66,125.36,1.0000,-1,-1,-1
274,39,735.42,368.39,60.16,142.47,1.0000,-1,-1,-1
274,41,352.13,287.21,47.49,149.87,1.0000,-1,-1,-1
274,42,885.90,291.80,52.60,130.02,1.0000,-1,-1,-1
274,46,640.84,59.66,43.33,106.00,1.0000,-1,-1,-1
274,47,721.26,91.71,65.47,118.94,1.0000,-1,-1,-1
274,48,617.46,153.01,65.83,121.54,1.0000,-1,-1,-1
275,18,416.77,93.40,57.19,165.03,1.0000,-1,-1,-1
275,31,430.95,66.04,50.14,137.58,1.0000,-1,-1,-1
275,32,1053.51,312.90,77.76,197.77,1.0000,-1,-1,-1
275,34,800.12,266.52,89.54,114.53,1.0000,-1,-1,-1
275,35,314.82,294.24,47.09,159.37,1.0000,-1,-1,-1
275,36,812.18,389.82,72.29,155.32,1.0000,-1,-1,-1
275,37,1035.96,423.40,71.63,164.98,1.0000,-1,-1,-1
275,38,767.20,42.84,72.79,125.58,1.0000,-1,-1,-1
275,39,734.85,364.46,60.48,141.72,1.0000,-1,-1,-1
275,41,351.11,287.26,47.60,149.44,1.0000,-1,-1,-1
275,42,888.62,291.83,51.67,130.78,1.0000,-1,-1,-1
275,46,636.18,58.41,43.16,105.58,1.0000,-1,-1,-1
275,47,714.67,89.84,65.12,118.31,1.0000,-1,-1,-1
275,48,608.54,151.68,66.26,122.35,1.0000,-1,-1,-1
276,18,415.45,91.32,57.20,165.04,1.0000,-1,-1,-1
276,31,429.81,63.26,50.23,137.81,1.0000,-1,-1,-1
276,32,1055.56,313.20,77.96,198.29,1.0000,-1,-1,-1
276,34,798.70,266.96,89.58,114.58,1.0000,-1,-1,-1
276,35,315.28,294.22,46.02,159.02,1.0000,-1,-1,-1
276,36,811.45,389.48,73.03,155.35,1.0000,-1,-1,-1
276,37,1035.81,424.53,71.69,166.27,1.0000,-1,-1,-1
276,38,766.49,40.72,72.92,125.80,1.0000,-1,-1,-1
276,39,734.38,361.11,60.41,141.52,1.0000,-1,-1,-1
276,41,350.19,287.57,47.58,148.99,1.0000,-1,-1,-1
276,42,891.31,293.17,52.12,130.57,1.0000,-1,-1,-1
276,46,631.52,57.16,42.99,105.16,1.0000,-1,-1,-1
276,47,708.07,87.98,64.77,117.67,1.0000,-1,-1,-1
276,48,599.63,150.35,66.70,123.15,1.0000,-1,-1,-1
277,18,414.13,89.24,57.20,165.05,1.0000,-1,-1,-1
277,31,428.67,60.47,50.31,138.05,1.0000,-1,-1,-1
277,32,1057.60,313.51,78.17,198.80,1.0000,-1,-1,-1
277,34,797.28,267.40,89.62,114.63,1.0000,-1,-1,-1
277,35,314.52,296.06,44.80,157.28,1.0000,-1,-1,-1
277,36,809.26,387.52,73.65,155.31,1.0000,-1,-1,-1
277,37,1036.45,426.01,71.59,166.97,1.0000,-1,-1,-1
277,38,765.78,38.60,73.05,126.02,1.0000,-1,-1,-1
277,39,734.50,360.51,60.96,143.40,1.0000,-1,-1,-1
277,41,349.72,287.78,47.45,148.63,1.0000,-1,-1,-1
277,42,892.24,293.89,51.87,129.94,1.0000,-1,-1,-1
277,46,626.86,55.91,42.82,104.74,1.0000,-1,-1,-1
277,47,701.48,86.12,64.42,117.03,1.0000,-1,-1,-1
277,48,590.71,149.01,67.13,123.95,1.0000,-1,-1,-1
278,18,412.81,87.16,57.20,165.06,1.0000,-1,-1,-1
278,31,427.54,57.68,50.40,138.28,1.0000,-1,-1,-1
278,32,1059.65,313.82,78.37,199.32,1.0000,-1,-1,-1
278,34,795.86,267.85,89.66,114.68,1.0000,-1,-1,-1
278,35,313.80,296.95,44.06,156.11,1.0000,-1,-1,-1
278,36,807.12,384.76,73.57,154.58,1.0000,-1,-1,-1
278,37,1037.93,427.99,71.89,166.94,1.0000,-1,-1,-1
278,38,765.06,36.49,73.18,126.25,1.0000,-1,-1,-1
278,39,734.18,354.71,62.16,144.26,1.0000,-1,-1,-1
278,41,349.18,287.44,47.24,148.32,1.0000,-1,-1,-1
278,42,893.17,294.61,51.62,129.31,1.0000,-1,-1,-1
278,46,622.19,54.66,42.65,104.32,1.0000,-1,-1,-1
278,47,694.89,84.26,64.06,116.39,1.0000,-1,-1,-1
278,48,581.80,147.69,67.56,124.74,1.0000,-1,-1,-1
279,18,430.91,124.94,43.61,135.89,1.0000,-1,-1,-1
279,31,426.40,54.89,50.48,138.51,1.0000,-1,-1,-1
279,32,1061.69,314.13,78.57,199.84,1.0000,-1,-1,-1
279,34,794.44,268.29,89.70,114.73,1.0000,-1,-1,-1
279,35,313.18,298.28,43.64,154.78,1.0000,-1,-1,-1
279,36,804.14,382.88,72.33,153.77,1.0000,-1,-1,-1
279,37,1038.81,428.51,72.18,167.20,1.0000,-1,-1,-1
279,38,764.35,34.37,73.30,126.47,1.0000,-1,-1,-1
279,39,733.39,349.92,62.74,144.30,1.0000,-1,-1,-1
279,41,349.07,287.03,46.86,148.20,1.0000,-1,-1,-1
279,42,894.10,295.34,51.37,128.68,1.0000,-1,-1,-1
279,46,617.53,53.41,42.47,103.90,1.0000,-1,-1,-1
279,47,688.30,82.41,63.70,115.74,1.0000,-1,-1,-1
279,48,572.89,146.36,67.98,125.53,1.0000,-1,-1,-1
280,18,431.46,126.20,42.53,132.01,1.0000,-1,-1,-1
280,31,425.26,52.10,50.57,138.74,1.0000,-1,-1,-1
280,32,1063.74,314.43,78.77,200.35,1.0000,-1,-1,-1
280,34,793.03,268.73,89.74,114.78,1.0000,-1,-1,-1
280,35,312.87,299.44,43.30,153.56,1.0000,-1,-1,-1
280,36,802.02,382.20,70.13,152.57,1.0000,-1,-1,-1
280,37,1039.82,430.27,71.57,166.47,1.0000,-1,-1,-1
280,38,763.64,32.25,73.43,126.69,1.0000,-1,-1,-1
280,39,732.01,347.08,63.01,144.47,1.0000,-1,-1,-1
280,41,348.57,287.14,46.44,147.90,1.0000,-1,-1,-1
280,42,895.03,296.06,51.11,128.04,1.0000,-1,-1,-1
280,46,612.87,52.16,42.30,103.47,1.0000,-1,-1,-1
280,47,681.70,80.55,63.35,115.08,1.0000,-1,-1,-1
280,48,563.98,145.04,68.41,126.31,1.0000,-1,-1,-1
281,18,433.14,127.35,41.21,129.81,1.0000,-1,-1,-1
281,31,424.12,49.31,50.65,138.97,1.0000,-1,-1,-1
281,32,1065.78,314.74,78.98,200.86,1.0000,-1,-1,-1
281,34,791.61,269.17,89.78,114.83,1.0000,-1,-1,-1
281,35,314.30,300.91,41.64,152.06,1.0000,-1,-1,-1
281,36,800.19,380.29,66.88,152.22,1.0000,-1,-1,-1
281,37,1042.30,431.63,70.14,165.52,1.0000,-1,-1,-1
281,38,762.93,30.14,73.56,126.91,1.0000,-1,-1,-1
281,39,730.67,344.98,62.79,143.58,1.0000,-1,-1,-1
281,41,347.92,287.21,46.15,147.56,1.0000,-1,-1,-1
281,42,895.96,296.79,50.86,127.40,1.0000,-1,-1,-1
281,46,608.21,50.91,42.12,103.05,1.0000,-1,-1,-1
281,47,675.12,78.70,62.98,114.43,1.0000,-1,-1,-1
281,48,555.07,143.72,68.83,127.09,1.0000,-1,-1,-1
282,18,434.76,127.87,40.13,128.58,1.0000,-1,-1,-1
282,31,422.99,46.53,50.74,139.20,1.0000,-1,-1,-1
282,32,1067.83,315.05,79.18,201.37,1.0000,-1,-1,-1
282,34,790.19,269.61,89.82,114.88,1.0000,-1,-1,-1
282,35,313.53,301.22,41.58,151.86,1.0000,-1,-1,-1
282,36,798.19,379.27,63.06,151.98,1.0000,-1,-1,-1
282,37,1041.67,432.84,70.44,164.43,1.0000,-1,-1,-1
282,38,762.21,28.02,73.69,127.13,1.0000,-1,-1,-1
282,39,728.86,343.81,63.19,142.26,1.0000,-1,-1,-1
282,41,348.27,288.18,45.73,146.81,1.0000,-1,-1,-1
282,42,901.12,297.94,47.86,125.61,1.0000,-1,-1,-1
282,46,603.55,49.67,41.95,102.62,1.0000,-1,-1,-1
282,47,668.53,76.85,62.62,113.77,1.0000,-1,-1,-1
282,48,546.16,142.40,69.25,127.86,1.0000,-1,-1,-1
283,18,434.43,127.28,39.99,128.13,1.0000,-1,-1,-1
283,31,421.85,43.74,50.82,139.43,1.0000,-1,-1,-1
283,32,1069.88,315.36,79.38,201.88,1.0000,-1,-1,-1
283,34,788.77,270.05,89.85,114.93,1.0000,-1,-1,-1
283,35,312.76,301.53,41.53,151.66,1.0000,-1,-1,-1
283,36,795.96,379.17,59.67,152.11,1.0000,-1,-1,-1
283,37,1043.18,433.58,70.64,163.84,1.0000,-1,-1,-1
283,38,761.50,25.91,73.82,127.35,1.0000,-1,-1,-1
283,39,727.48,344.20,63.88,140.69,1.0000,-1,-1,-1
283,41,349.25,289.94,45.06,145.96,1.0000,-1,-1,-1
283,42,902.18,299.00,44.29,124.19,1.0000,-1,-1,-1
283,46,598.89,48.42,41.77,102.19,1.0000,-1,-1,-1
283,47,663.42,99.35,55.92,116.48,1.0000,-1,-1,-1
283,48,537.25,141.08,69.66,128.62,1.0000,-1,-1,-1
284,18,437.86,130.12,38.96,127.50,1.0000,-1,-1,-1
284,31,420.71,40.95,50.90,139.66,1.0000,-1,-1,-1
284,32,1071.92,315.67,79.58,202.39,1.0000,-1,-1,-1
284,35,312.00,301.84,41.47,151.46,1.0000,-1,-1,-1
284,36,794.83,378.87,57.50,152.37,1.0000,-1,-1,-1
284,37,1044.72,434.50,70.38,163.84,1.0000,-1,-1,-1
284,38,760.79,23.79,73.94,127.57,1.0000,-1,-1,-1
284,39,726.60,345.22,64.31,139.34,1.0000,-1,-1,-1
284,41,348.26,289.92,45.05,145.93,1.0000,-1,-1,-1
284,42,903.22,299.88,43.94,123.21,1.0000,-1,-1,-1
284,46,594.23,47.18,41.60,101.75,1.0000,-1,-1,-1
284,47,657.41,97.46,59.28,118.93,1.0000,-1,-1,-1
284,48,528.35,139.77,70.08,129.39,1.0000,-1,-1,-1
285,18,440.08,131.25,37.94,127.32,1.0000,-1,-1,-1
285,31,419.58,38.16,50.99,139.89,1.0000,-1,-1,-1
285,32,1073.97,315.99,79.78,202.90,1.0000,-1,-1,-1
285,35,311.23,302.15,41.42,151.25,1.0000,-1,-1,-1
285,36,794.13,378.68,57.01,152.70,1.0000,-1,-1,-1
285,37,1046.33,433.70,69.55,164.74,1.0000,-1,-1,-1
285,38,760.08,21.68,74.07,127.79,1.0000,-1,-1,-1
285,39,726.00,346.31,64.05,138.30,1.0000,-1,-1,-1
285,41,347.27,289.90,45.04,145.89,1.0000,-1,-1,-1
285,42,904.27,300.76,43.59,122.23,1.0000,-1,-1,-1
285,46,589.57,45.93,41.42,101.32,1.0000,-1,-1,-1
285,47,652.50,99.12,62.07,119.57,1.0000,-1,-1,-1
285,48,519.44,138.46,70.49,130.15,1.0000,-1,-1,-1
285,52,577.41,151.37,61.56,123.29,1.0000,-1,-1,-1
286,18,439.78,131.80,38.30,128.23,1.0000,-1,-1,-1
286,31,418.44,35.38,51.07,140.12,1.0000,-1,-1,-1
286,32,1076.02,316.30,79.98,203.40,1.0000,-1,-1,-1
286,35,310.46,302.46,41.36,151.05,1.0000,-1,-1,-1
286,36,793.41,379.00,57.32,152.64,1.0000,-1,-1,-1
286,37,1048.13,433.05,68.55,165.54,1.0000,-1,-1,-1
286,38,759.36,19.56,74.20,128.01,1.0000,-1,-1,-1
286,39,724.65,346.88,64.71,137.68,1.0000,-1,-1,-1
286,41,346.29,289.88,45.03,145.86,1.0000,-1,-1,-1
286,42,900.90,304.02,47.49,124.54,1.0000,-1,-1,-1
286,46,584.91,44.69,41.24,100.88,1.0000,-1,-1,-1
286,47,648.27,99.64,64.89,119.62,1.0000,-1,-1,-1
286,48,510.54,137.15,70.89,130.90,1.0000,-1,-1,-1
286,52,570.11,154.11,66.55,122.19,1.0000,-1,-1,-1
287,18,439.92,131.82,38.16,127.75,1.0000,-1,-1,-1
287,31,417.30,32.59,51.15,140.35,1.0000,-1,-1,-1
287,32,1078.07,316.61,80.17,203.91,1.0000,-1,-1,-1
287,35,309.69,302.78,41.31,150.85,1.0000,-1,-1,-1
287,36,792.11,378.84,57.92,152.92,1.0000,-1,-1,-1
287,37,1049.96,435.72,67.44,164.42,1.0000,-1,-1,-1
287,38,758.65,17.45,74.32,128.22,1.0000,-1,-1,-1
287,39,723.51,346.31,65.64,137.39,1.0000,-1,-1,-1
287,41,345.30,289.86,45.02,145.83,1.0000,-1,-1,-1
287,42,899.71,304.38,47.78,124.35,1.0000,-1,-1,-1
287,46,580.25,43.45,41.06,100.45,1.0000,-1,-1,-1
287,47,646.57,96.82,65.48,121.46,1.0000,-1,-1,-1
287,48,501.64,135.84,71.30,131.65,1.0000,-1,-1,-1
287,52,564.18,155.35,71.29,123.82,1.0000,-1,-1,-1
288,18,440.06,131.83,38.02,127.27,1.0000,-1,-1,-1
288,31,416.17,29.80,51.24,140.58,1.0000,-1,-1,-1
288,32,1080.12,316.93,80.37,204.41,1.0000,-1,-1,-1
288,35,308.93,303.09,41.25,150.64,1.0000,-1,-1,-1
288,36,788.04,377.50,59.61,152.88,1.0000,-1,-1,-1
288,37,1053.70,438.59,65.61,163.33,1.0000,-1,-1,-1
288,38,757.94,15.33,74.45,128.44,1.0000,-1,-1,-1
288,39,719.94,343.97,66.75,137.27,1.0000,-1,-1,-1
288,41,344.31,289.84,45.01,145.80,1.0000,-1,-1,-1
288,42,898.84,305.74,47.81,123.83,1.0000,-1,-1,-1
288,46,575.59,42.21,40.88,100.01,1.0000,-1,-1,-1
288,47,640.75,86.33,66.61,128.18,1.0000,-1,-1,-1
288,48,492.74,134.54,71.70,132.40,1.0000,-1,-1,-1
288,52,560.66,159.63,74.76,125.05,1.0000,-1,-1,-1
289,18,440.20,131.85,37.87,126.78,1.0000,-1,-1,-1
289,31,415.03,27.02,51.32,140.81,1.0000,-1,-1,-1
289,32,1082.16,317.24,80.57,204.91,1.0000,-1,-1,-1
289,35,308.16,303.40,41.19,150.44,1.0000,-1,-1,-1
289,36,784.56,375.92,60.86,152.29,1.0000,-1,-1,-1
289,37,1056.04,442.45,64.34,161.15,1.0000,-1,-1,-1
289,38,757.23,13.22,74.58,128.66,1.0000,-1,-1,-1
289,39,718.07,342.16,67.18,136.41,1.0000,-1,-1,-1
289,41,347.55,292.89,45.52,140.60,1.0000,-1,-1,-1
289,42,897.89,306.70,47.16,122.98,1.0000,-1,-1,-1
289,46,570.94,40.97,40.70,99.57,1.0000,-1,-1,-1
289,47,633.57,78.15,68.10,134.12,1.0000,-1,-1,-1
289,48,483.84,133.24,72.11,133.14,1.0000,-1,-1,-1
289,52,558.68,160.94,76.50,125.13,1.0000,-1,-1,-1
289,53,1047.64,336.83,46.31,129.82,1.0000,-1,-1,-1
290,18,440.34,131.88,37.73,126.30,1.0000,-1,-1,-1
290,31,413.89,24.23,51.40,141.03,1.0000,-1,-1,-1
290,32,1084.21,317.56,80.77,205.42,1.0000,-1,-1,-1
290,35,307.39,303.71,41.14,150.24,1.0000,-1,-1,-1
290,36,781.35,374.50,61.72,151.87,1.0000,-1,-1,-1
290,37,1058.80,444.60,63.42,159.60,1.0000,-1,-1,-1
290,38,756.52,11.10,74.70,128.88,1.0000,-1,-1,-1
290,39,715.66,340.29,65.88,135.92,1.0000,-1,-1,-1
290,41,347.93,293.88,45.71,138.36,1.0000,-1,-1,-1
290,42,897.08,307.93,47.09,122.52,1.0000,-1,-1,-1
290,46,566.28,39.73,40.52,99.12,1.0000,-1,-1,-1
290,47,626.65,73.57,67.72,138.18,1.0000,-1,-1,-1
290,48,474.94,131.94,72.50,133.87,1.0000,-1,-1,-1
290,52,557.86,159.85,77.02,124.59,1.0000,-1,-1,-1
290,53,1049.53,340.27,43.52,125.92,1.0000,-1,-1,-1
291,18,446.10,141.58,36.45,123.57,1.0000,-1,-1,-1
291,31,412.76,21.44,51.49,141.26,1.0000,-1,-1,-1
291,32,1086.26,317.87,80.96,205.92,1.0000,-1,-1,-1
291,35,323.12,302.32,40.60,156.56,1.0000,-1,-1,-1
291,36,778.68,373.28,61.26,151.36,1.0000,-1,-1,-1
291,37,1059.40,445.70,63.27,158.43,1.0000,-1,-1,-1
291,38,755.80,8.99,74.83,129.09,1.0000,-1,-1,-1
291,39,713.01,338.05,64.20,135.75,1.0000,-1,-1,-1
291,41,348.09,294.22,45.47,136.64,1.0000,-1,-1,-1
291,42,896.24,309.01,47.21,122.45,1.0000,-1,-1,-1
291,46,561.62,38.49,40.34,98.68,1.0000,-1,-1,-1
291,47,622.09,70.88,65.39,141.38,1.0000,-1,-1,-1
291,48,466.04,130.64,72.90,134.61,1.0000,-1,-1,-1
291,52,557.36,158.80,76.65,124.38,1.0000,-1,-1,-1
291,53,1049.83,343.78,41.36,119.67,1.0000,-1,-1,-1
292,18,446.93,143.87,35.79,122.20,1.0000,-1,-1,-1
292,31,411.62,18.66,51.57,141.49,1.0000,-1,-1,-1
292,32,1088.31,318.19,81.16,206.41,1.0000,-1,-1,-1
292,35,323.36,302.72,40.56,156.39,1.0000,-1,-1,-1
292,36,774.93,371.85,59.82,150.37,1.0000,-1,-1,-1
292,37,1059.31,446.26,63.61,157.92,1.0000,-1,-1,-1
292,38,755.09,6.88,74.95,129.31,1.0000,-1,-1,-1
292,39,711.44,336.21,61.80,135.62,1.0000,-1,-1,-1
292,41,348.19,294.56,45.23,135.53,1.0000,-1,-1,-1
292,42,895.36,309.75,47.52,122.54,1.0000,-1,-1,-1
292,46,556.96,37.25,40.16,98.23,1.0000,-1,-1,-1
292,47,619.23,67.55,61.06,142.79,1.0000,-1,-1,-1
292,48,457.14,129.34,73.30,135.34,1.0000,-1,-1,-1
292,52,556.97,155.21,75.78,126.33,1.0000,-1,-1,-1
292,53,1048.03,333.38,42.49,129.60,1.0000,-1,-1,-1
293,18,447.39,144.84,35.85,121.31,1.0000,-1,-1,-1
293,31,410.49,15.87,51.65,141.72,1.0000,-1,-1,-1
293,32,1090.36,318.50,81.35,206.91,1.0000,-1,-1,-1
293,35,323.61,303.12,40.51,156.21,1.0000,-1,-1,-1
293,36,773.26,370.78,59.75,150.20,1.0000,-1,-1,-1
293,37,1061.38,446.58,63.47,157.74,1.0000,-1,-1,-1
293,38,754.38,4.76,75.08,129.53,1.0000,-1,-1,-1
293,39,709.13,334.18,57.78,134.79,1.0000,-1,-1,-1
293,41,349.05,294.68,44.60,134.42,1.0000,-1,-1,-1
293,42,894.35,309.68,48.11,121.07,1.0000,-1,-1,-1
293,46,552.31,36.02,39.97,97.78,1.0000,-1,-1,-1
293,47,618.16,65.61,56.09,143.65,1.0000,-1,-1,-1
293,48,448.25,128.05,73.69,136.06,1.0000,-1,-1,-1
293,52,555.87,151.52,71.54,126.53,1.0000,-1,-1,-1
293,53,1039.29,323.85,47.96,141.41,1.0000,-1,-1,-1
294,18,447.11,145.13,36.46,121.04,1.0000,-1,-1,-1
294,31,409.35,13.09,51.73,141.94,1.0000,-1,-1,-1
294,32,1092.41,318.82,81.55,207.41,1.0000,-1,-1,-1
294,35,323.86,303.51,40.47,156.04,1.0000,-1,-1,-1
294,36,771.59,369.72,59.68,150.03,1.0000,-1,-1,-1
294,37,1062.86,447.14,63.39,157.40,1.0000,-1,-1,-1
294,38,753.67,2.65,75.20,129.74,1.0000,-1,-1,-1
294,39,707.69,332.83,55.03,134.13,1.0000,-1,-1,-1
294,41,350.27,294.83,43.77,133.55,1.0000,-1,-1,-1
294,42,893.85,310.95,49.12,121.30,1.0000,-1,-1,-1
294,46,547.65,34.78,39.79,97.33,1.0000,-1,-1,-1
294,47,616.65,65.60,52.19,144.26,1.0000,-1,-1,-1
294,48,439.35,126.75,74.08,136.78,1.0000,-1,-1,-1
294,52,556.19,149.53,68.85,127.17,1.0000,-1,-1,-1
294,53,1035.19,319.48,51.72,147.31,1.0000,-1,-1,-1
294,55,764.37,367.42,46.91,143.67,1.0000,-1,-1,-1
295,18,447.59,145.69,36.80,120.74,1.0000,-1,-1,-1
295,31,408.21,10.30,51.82,142.17,1.0000,-1,-1,-1
295,32,1094.46,319.14,81.74,207.90,1.0000,-1,-1,-1
295,35,324.45,306.31,41.61,156.51,1.0000,-1,-1,-1
295,36,769.92,368.66,59.61,149.86,1.0000,-1,-1,-1
295,37,1065.19,447.43,62.64,156.66,1.0000,-1,-1,-1
295,38,752.96,0.54,75.33,129.96,1.0000,-1,-1,-1
295,39,707.02,332.36,53.58,133.14,1.0000,-1,-1,-1
295,41,351.75,294.63,43.18,132.59,1.0000,-1,-1,-1
295,42,893.32,311.67,49.81,121.39,1.0000,-1,-1,-1
295,46,543.00,33.55,39.60,96.87,1.0000,-1,-1,-1
295,47,615.82,65.26,49.58,145.54,1.0000,-1,-1,-1
295,48,430.46,125.46,74.47,137.50,1.0000,-1,-1,-1
295,52,557.93,148.27,67.26,127.70,1.0000,-1,-1,-1
295,53,1034.19,317.28,54.13,150.27,1.0000,-1,-1,-1
295,55,761.90,366.37,48.85,148.18,1.0000,-1,-1,-1
296,18,448.20,146.35,37.03,120.47,1.0000,-1,-1,-1
296,31,407.08,7.52,51.90,142.39,1.0000,-1,-1,-1
296,32,1096.51,319.46,81.94,208.40,1.0000,-1,-1,-1
296,35,324.80,307.71,42.34,156.02,1.0000,-1,-1,-1
296,36,768.25,367.60,59.55,149.69,1.0000,-1,-1,-1
296,37,1066.40,448.22,62.67,155.88,1.0000,-1,-1,-1
296,38,752.25,-1.58,75.45,130.17,1.0000,-1,-1,-1
296,39,706.10,332.25,54.39,132.39,1.0000,-1,-1,-1
296,41,353.38,294.23,42.59,131.62,1.0000,-1,-1,-1
296,42,892.90,312.44,50.32,121.55,1.0000,-1,-1,-1
296,46,538.34,32.32,39.41,96.42,1.0000,-1,-1,-1
296,47,613.84,65.72,49.34,147.99,1.0000,-1,-1,-1
296,48,421.57,124.17,74.86,138.21,1.0000,-1,-1,-1
296,52,558.86,147.80,64.82,128.51,1.0000,-1,-1,-1
296,53,1033.68,316.90,55.00,150.86,1.0000,-1,-1,-1
296,55,758.45,366.05,51.74,149.77,1.0000,-1,-1,-1
297,18,448.76,147.11,36.87,119.96,1.0000,-1,-1,-1
297,31,405.94,4.73,51.98,142.62,1.0000,-1,-1,-1
297,32,1098.56,319.78,82.13,208.89,1.0000,-1,-1,-1
297,35,325.47,304.64,42.12,157.19,1.0000,-1,-1,-1
297,36,766.58,366.54,59.48,149.52,1.0000,-1,-1,-1
297,37,1066.63,449.54,63.31,154.98,1.0000,-1,-1,-1
297,38,751.54,-3.69,75.58,130.39,1.0000,-1,-1,-1
297,39,704.65,332.66,56.97,131.79,1.0000,-1,-1,-1
297,41,355.45,295.06,41.79,131.78,1.0000,-1,-1,-1
297,42,891.98,313.18,50.67,122.26,1.0000,-1,-1,-1
297,46,533.69,31.08,39.23,95.96,1.0000,-1,-1,-1
297,47,609.16,64.91,49.16,147.45,1.0000,-1,-1,-1
297,48,412.68,122.89,75.24,138.93,1.0000,-1,-1,-1
297,52,559.72,147.44,63.19,129.27,1.0000,-1,-1,-1
297,53,1030.02,317.04,57.42,151.54,1.0000,-1,-1,-1
297,55,751.99,363.29,57.83,153.62,1.0000,-1,-1,-1
298,18,449.31,147.87,36.72,119.45,1.0000,-1,-1,-1
298,31,404.81,1.95,52.06,142.84,1.0000,-1,-1,-1
298,32,1100.61,320.10,82.33,209.38,1.0000,-1,-1,-1
298,35,325.71,305.71,42.50,157.78,1.0000,-1,-1,-1
298,36,764.91,365.48,59.41,149.35,1.0000,-1,-1,-1
298,37,1068.98,451.58,63.95,153.61,1.0000,-1,-1,-1
298,38,750.83,-5.80,75.70,130.60,1.0000,-1,-1,-1
298,39,700.56,332.83,59.08,128.21,1.0000,-1,-1,-1
298,41,357.89,298.45,42.30,134.70,1.0000,-1,-1,-1
298,42,890.21,314.76,50.59,121.75,1.0000,-1,-1,-1
298,46,529.03,29.85,39.04,95.50,1.0000,-1,-1,-1
298,47,604.49,64.10,48.98,146.91,1.0000,-1,-1,-1
298,48,403.79,121.60,75.62,139.63,1.0000,-1,-1,-1
298,52,560.40,150.51,63.05,127.84,1.0000,-1,-1,-1
298,53,1028.00,314.84,58.27,153.81,1.0000,-1,-1,-1
298,55,738.97,361.79,68.21,156.97,1.0000,-1,-1,-1
299,18,449.86,148.63,36.56,118.94,1.0000,-1,-1,-1
299,31,403.67,-0.84,52.14,143.07,1.0000,-1,-1,-1
299,32,1102.66,320.42,82.52,209.87,1.0000,-1,-1,-1
299,35,327.46,304.95,41.70,157.83,1.0000,-1,-1,-1
299,36,763.24,364.42,59.34,149.18,1.0000,-1,-1,-1
299,37,1069.45,453.54,65.14,153.30,1.0000,-1,-1,-1
299,38,750.11,-7.92,75.83,130.82,1.0000,-1,-1,-1
299,39,696.12,333.54,61.15,125.05,1.0000,-1,-1,-1
299,41,360.69,299.53,41.71,135.95,1.0000,-1,-1,-1
299,42,888.72,316.39,50.38,121.24,1.0000,-1,-1,-1
299,46,524.38,28.62,38.85,95.04,1.0000,-1,-1,-1
299,47,599.81,63.30,48.80,146.36,1.0000,-1,-1,-1
299,48,394.90,120.32,76.00,140.33,1.0000,-1,-1,-1
299,52,560.57,152.89,62.74,125.67,1.0000,-1,-1,-1
299,53,1025.99,312.67,59.12,156.04,1.0000,-1,-1,-1
299,55,730.18,362.43,76.79,156.69,1.0000,-1,-1,-1
300,18,450.42,149.39,36.40,118.43,1.0000,-1,-1,-1
300,31,402.53,-3.62,52.23,143.29,1.0000,-1,-1,-1
300,32,1104.71,320.74,82.71,210.36,1.0000,-1,-1,-1
300,35,328.64,304.46,40.87,158.23,1.0000,-1,-1,-1
300,36,761.57,363.36,59.27,149.01,1.0000,-1,-1,-1
300,37,1068.28,454.79,67.50,153.07,1.0000,-1,-1,-1
300,39,691.43,334.68,63.67,122.49,1.0000,-1,-1,-1
300,41,363.08,300.03,41.58,136.90,1.0000,-1,-1,-1
300,42,887.54,317.17,50.34,121.28,1.0000,-1,-1,-1
300,46,519.73,27.40,38.66,94.57,1.0000,-1,-1,-1
300,47,595.14,62.49,48.62,145.82,1.0000,-1,-1,-1
300,48,386.01,119.03,76.38,141.03,1.0000,-1,-1,-1
300,52,560.95,155.72,62.47,122.89,1.0000,-1,-1,-1
300,53,1023.98,310.51,59.95,158.24,1.0000,-1,-1,-1
300,55,724.71,362.28,83.41,156.28,1.0000,-1,-1,-1
301,18,450.97,150.15,36.24,117.91,1.0000,-1,-1,-1
301,31,401.40,-6.41,52.31,143.51,1.0000,-1,-1,-1
301,32,1106.76,321.06,82.90,210.85,1.0000,-1,-1,-1
301,35,330.20,303.90,40.15,159.04,1.0000,-1,-1,-1
301,36,759.90,362.30,59.21,148.84,1.0000,-1,-1,-1
301,37,1066.70,455.48,70.07,153.10,1.0000,-1,-1,-1
301,39,687.29,335.67,65.96,120.72,1.0000,-1,-1,-1
301,41,365.32,299.57,41.46,135.75,1.0000,-1,-1,-1
301,42,886.95,316.63,49.86,121.55,1.0000,-1,-1,-1
301,46,515.07,26.17,38.47,94.10,1.0000,-1,-1,-1
301,47,590.46,61.69,48.44,145.27,1.0000,-1,-1,-1
301,48,377.12,117.75,76.76,141.73,1.0000,-1,-1,-1
301,52,562.25,159.44,61.56,119.35,1.0000,-1,-1,-1
301,53,1021.98,308.36,60.78,160.41,1.0000,-1,-1,-1
301,55,721.95,363.47,87.50,154.73,1.0000,-1,-1,-1
302,18,451.53,150.92,36.08,117.39,1.0000,-1,-1,-1
302,31,400.26,-9.19,52.39,143.74,1.0000,-1,-1,-1
302,32,1108.81,321.38,83.09,211.33,1.0000,-1,-1,-1
302,35,331.57,302.87,40.00,160.18,1.0000,-1,-1,-1
302,36,758.23,361.24,59.14,148.66,1.0000,-1,-1,-1
302,37,1065.94,455.61,72.07,153.43,1.0000,-1,-1,-1
302,39,685.62,334.69,65.81,120.44,1.0000,-1,-1,-1
302,41,365.81,298.35,42.91,138.59,1.0000,-1,-1,-1
302,42,887.06,315.58,49.61,122.62,1.0000,-1,-1,-1
302,46,510.42,24.94,38.28,93.63,1.0000,-1,-1,-1
302,47,585.79,60.89,48.25,144.72,1.0000,-1,-1,-1
302,48,368.23,116.48,77.13,142.42,1.0000,-1,-1,-1
302,52,563.67,159.46,61.73,118.70,1.0000,-1,-1,-1
302,53,1021.93,312.40,56.85,148.77,1.0000,-1,-1,-1
302,55,720.46,366.45,89.21,152.33,1.0000,-1,-1,-1
303,18,452.08,151.68,35.92,116.87,1.0000,-1,-1,-1
303,31,399.13,-11.97,52.47,143.96,1.0000,-1,-1,-1
303,32,1110.86,321.70,83.28,211.82,1.0000,-1,-1,-1
303,35,334.60,302.36,39.69,160.90,1.0000,-1,-1,-1
303,36,756.56,360.17,59.07,148.49,1.0000,-1,-1,-1
303,37,1066.29,456.05,73.66,153.96,1.0000,-1,-1,-1
303,39,683.95,333.72,65.66,120.16,1.0000,-1,-1,-1
303,41,368.79,300.03,43.30,136.99,1.0000,-1,-1,-1
303,42,887.26,312.57,48.70,123.78,1.0000,-1,-1,-1
303,46,505.77,23.72,38.08,93.16,1.0000,-1,-1,-1
303,47,581.12,60.09,48.07,144.17,1.0000,-1,-1,-1
303,48,359.35,115.20,77.51,143.11,1.0000,-1,-1,-1
303,52,565.13,161.34,62.98,119.02,1.0000,-1,-1,-1
303,53,1017.36,311.45,58.25,147.82,1.0000,-1,-1,-1
303,54,447.87,155.62,53.62,148.46,1.0000,-1,-1,-1
303,55,718.62,367.47,86.68,149.02,1.0000,-1,-1,-1
304,18,452.64,152.45,35.76,116.35,1.0000,-1,-1,-1
304,31,397.99,-14.76,52.55,144.18,1.0000,-1,-1,-1
304,32,1112.92,322.03,83.48,212.30,1.0000,-1,-1,-1
304,35,336.35,302.44,39.75,161.66,1.0000,-1,-1,-1
304,36,754.89,359.11,59.00,148.32,1.0000,-1,-1,-1
304,37,1066.68,456.28,74.75,154.41,1.0000,-1,-1,-1
304,39,681.47,334.48,64.70,120.59,1.0000,-1,-1,-1
304,41,370.52,300.66,43.60,135.64,1.0000,-1,-1,-1
304,42,886.70,309.82,48.02,124.95,1.0000,-1,-1,-1
304,46,501.12,22.49,37.89,92.69,1.0000,-1,-1,-1
304,47,576.44,59.29,47.88,143.61,1.0000,-1,-1,-1
304,48,350.46,113.92,77.88,143.80,1.0000,-1,-1,-1
304,52,566.16,160.11,62.85,119.56,1.0000,-1,-1,-1
304,53,1015.11,311.40,58.12,146.97,1.0000,-1,-1,-1
304,54,449.57,154.57,55.23,150.81,1.0000,-1,-1,-1
304,55,718.03,366.12,82.09,147.28,1.0000,-1,-1,-1
305,18,453.20,153.22,35.60,115.83,1.0000,-1,-1,-1
305,31,396.86,-17.54,52.63,144.41,1.0000,-1,-1,-1
305,32,1114.97,322.35,83.67,212.79,1.0000,-1,-1,-1
305,35,337.04,303.25,40.53,162.62,1.0000,-1,-1,-1
305,36,753.22,358.05,58.93,148.15,1.0000,-1,-1,-1
305,37,1068.05,456.71,74.77,154.53,1.0000,-1,-1,-1
305,39,681.15,333.26,63.31,121.25,1.0000,-1,-1,-1
305,41,371.37,300.70,44.03,134.44,1.0000,-1,-1,-1
305,42,885.45,307.00,46.72,125.09,1.0000,-1,-1,-1
305,46,496.47,21.27,37.70,92.21,1.0000,-1,-1,-1
305,47,571.77,58.49,47.70,143.06,1.0000,-1,-1,-1
305,48,341.58,112.65,78.25,144.48,1.0000,-1,-1,-1
305,52,567.65,157.97,63.04,121.86,1.0000,-1,-1,-1
305,53,1013.97,311.15,58.88,148.78,1.0000,-1,-1,-1
305,54,450.05,153.08,56.03,152.75,1.0000,-1,-1,-1
305,55,717.62,364.47,75.92,146.09,1.0000,-1,-1,-1
306,18,453.75,153.98,35.44,115.30,1.0000,-1,-1,-1
306,31,395.72,-20.33,52.71,144.63,1.0000,-1,-1,-1
306,32,1117.02,322.67,83.86,213.27,1.0000,-1,-1,-1
306,35,338.32,303.74,40.91,163.40,1.0000,-1,-1,-1
306,36,751.55,356.99,58.87,147.98,1.0000,-1,-1,-1
306,37,1069.05,457.76,74.55,154.53,1.0000,-1,-1,-1
306,39,679.46,332.48,63.15,120.94,1.0000,-1,-1,-1
306,41,371.82,300.76,44.41,133.85,1.0000,-1,-1,-1
306,42,884.93,305.20,45.43,124.74,1.0000,-1,-1,-1
306,46,491.82,20.05,37.50,91.73,1.0000,-1,-1,-1
306,47,567.10,57.69,47.51,142.50,1.0000,-1,-1,-1
306,48,332.70,111.38,78.62,145.16,1.0000,-1,-1,-1
306,52,568.94,156.58,63.00,124.52,1.0000,-1,-1,-1
306,53,1014.05,310.76,59.21,150.27,1.0000,-1,-1,-1
306,54,450.61,151.97,55.99,153.49,1.0000,-1,-1,-1
306,55,717.04,364.39,68.87,144.96,1.0000,-1,-1,-1
307,18,454.31,154.75,35.28,114.77,1.0000,-1,-1,-1
307,31,394.59,-23.11,52.79,144.85,1.0000,-1,-1,-1
307,32,1119.07,323.00,84.04,213.75,1.0000,-1,-1,-1
307,35,339.22,303.16,41.56,164.43,1.0000,-1,-1,-1
307,36,749.88,355.93,58.80,147.81,1.0000,-1,-1,-1
307,37,1070.16,459.43,74.13,153.97,1.0000,-1,-1,-1
307,39,675.50,332.08,62.05,123.01,1.0000,-1,-1,-1
307,41,373.50,301.37,44.49,135.01,1.0000,-1,-1,-1
307,42,884.73,302.86,45.50,123.26,1.0000,-1,-1,-1
307,46,487.17,18.83,37.30,91.25,1.0000,-1,-1,-1
307,47,562.42,56.89,47.32,141.94,1.0000,-1,-1,-1
307,48,323.82,110.11,78.98,145.84,1.0000,-1,-1,-1
307,52,569.73,155.33,62.47,125.94,1.0000,-1,-1,-1
307,53,1015.43,310.42,59.36,151.37,1.0000,-1,-1,-1
307,54,451.81,153.02,55.42,152.91,1.0000,-1,-1,-1
307,55,716.41,363.97,61.79,144.52,1.0000,-1,-1,-1
308,18,454.87,155.53,35.11,114.24,1.0000,-1,-1,-1
308,31,393.45,-25.89,52.87,145.07,1.0000,-1,-1,-1
308,32,1121.13,323.32,84.23,214.23,1.0000,-1,-1,-1
308,35,340.84,302.90,42.06,164.12,1.0000,-1,-1,-1
308,36,748.21,354.87,58.73,147.63,1.0000,-1,-1,-1
308,37,1071.85,462.25,73.54,153.95,1.0000,-1,-1,-1
308,39,674.23,330.95,60.63,125.03,1.0000,-1,-1,-1
308,41,374.84,302.97,45.06,136.24,1.0000,-1,-1,-1
308,42,883.57,300.79,46.61,120.63,1.0000,-1,-1,-1
308,46,482.52,17.61,37.10,90.77,1.0000,-1,-1,-1
308,47,557.75,56.10,47.14,141.37,1.0000,-1,-1,-1
308,48,314.93,108.84,79.35,146.51,1.0000,-1,-1,-1
308,52,568.77,151.77,60.87,127.43,1.0000,-1,-1,-1
308,53,1014.72,310.28,58.52,151.95,1.0000,-1,-1,-1
308,54,454.34,153.80,55.07,150.96,1.0000,-1,-1,-1
308,55,714.38,368.74,55.58,142.23,1.0000,-1,-1,-1
309,18,455.42,156.30,34.95,113.70,1.0000,-1,-1,-1
309,31,392.32,-28.67,52.96,145.29,1.0000,-1,-1,-1
309,32,1123.18,323.65,84.42,214.71,1.0000,-1,-1,-1
309,35,343.34,303.72,42.40,163.46,1.0000,-1,-1,-1
309,36,746.54,353.81,58.66,147.46,1.0000,-1,-1,-1
309,37,1073.77,463.81,72.68,154.08,1.0000,-1,-1,-1
309,39,672.40,329.92,60.36,126.60,1.0000,-1,-1,-1
309,41,376.85,303.72,44.79,137.12,1.0000,-1,-1,-1
309,42,883.05,300.25,46.40,120.09,1.0000,-1,-1,-1
309,46,477.87,16.39,36.91,90.28,1.0000,-1,-1,-1
309,47,553.08,55.30,46.95,140.81,1.0000,-1,-1,-1
309,48,306.05,107.57,79.71,147.18,1.0000,-1,-1,-1
309,52,567.93,153.58,59.14,126.56,1.0000,-1,-1,-1
309,53,1014.92,309.92,58.28,152.26,1.0000,-1,-1,-1
309,54,457.17,157.01,54.77,148.37,1.0000,-1,-1,-1
309,55,710.37,371.63,53.60,140.62,1.0000,-1,-1,-1
310,18,455.98,157.07,34.78,113.17,1.0000,-1,-1,-1
310,31,391.18,-31.46,53.04,145.51,1.0000,-1,-1,-1
310,32,1125.23,323.98,84.61,215.19,1.0000,-1,-1,-1
310,35,344.99,304.56,42.78,162.05,1.0000,-1,-1,-1
310,36,744.87,352.75,58.59,147.29,1.0000,-1,-1,-1
310,37,1075.64,465.06,71.80,154.23,1.0000,-1,-1,-1
310,39,672.18,328.83,60.46,127.27,1.0000,-1,-1,-1
310,41,378.85,304.07,44.47,139.52,1.0000,-1,-1,-1
310,42,881.57,301.60,48.26,118.32,1.0000,-1,-1,-1
310,46,473.22,15.18,36.71,89.79,1.0000,-1,-1,-1
310,47,548.41,54.51,46.76,140.24,1.0000,-1,-1,-1
310,48,297.17,106.31,80.07,147.85,1.0000,-1,-1,-1
310,52,566.83,157.49,56.70,124.06,1.0000,-1,-1,-1
310,53,1015.88,309.91,57.58,152.44,1.0000,-1,-1,-1
310,54,459.56,159.86,54.64,147.17,1.0000,-1,-1,-1
310,55,704.51,373.60,55.41,140.60,1.0000,-1,-1,-1
311,18,456.54,157.85,34.62,112.63,1.0000,-1,-1,-1
311,31,390.05,-34.24,53.12,145.73,1.0000,-1,-1,-1
311,32,1127.28,324.30,84.80,215.67,1.0000,-1,-1,-1
311,35,346.28,305.31,43.73,161.26,1.0000,-1,-1,-1
311,36,743.20,351.69,58.52,147.12,1.0000,-1,-1,-1
311,37,1076.69,467.12,71.04,153.87,1.0000,-1,-1,-1
311,39,671.75,329.11,59.66,128.50,1.0000,-1,-1,-1
311,41,380.26,304.51,44.36,141.80,1.0000,-1,-1,-1
311,42,880.19,302.78,49.34,117.94,1.0000,-1,-1,-1
311,46,468.57,13.96,36.50,89.30,1.0000,-1,-1,-1
311,47,543.74,53.72,46.57,139.67,1.0000,-1,-1,-1
311,48,288.29,105.04,80.43,148.51,1.0000,-1,-1,-1
311,52,566.48,157.89,56.60,123.84,1.0000,-1,-1,-1
311,53,1016.18,310.06,56.25,152.74,1.0000,-1,-1,-1
311,54,460.16,161.44,54.46,146.34,1.0000,-1,-1,-1
311,55,698.10,372.27,59.26,142.55,1.0000,-1,-1,-1
312,18,457.10,158.62,34.45,112.08,1.0000,-1,-1,-1
312,31,388.91,-37.02,53.20,145.95,1.0000,-1,-1,-1
312,32,1129.34,324.63,84.98,216.14,1.0000,-1,-1,-1
312,35,347.79,306.71,44.62,160.88,1.0000,-1,-1,-1
312,36,741.53,350.63,58.45,146.94,1.0000,-1,-1,-1
312,37,1077.74,469.53,70.60,153.49,1.0000,-1,-1,-1
312,39,671.35,329.96,58.21,129.49,1.0000,-1,-1,-1
312,41,381.66,304.13,43.81,143.09,1.0000,-1,-1,-1
312,42,879.21,304.74,50.39,117.78,1.0000,-1,-1,-1
312,46,463.93,12.75,36.30,88.80,1.0000,-1,-1,-1
312,47,539.07,52.93,46.38,139.10,1.0000,-1,-1,-1
312,48,279.42,103.78,80.79,149.17,1.0000,-1,-1,-1
312,52,566.14,158.28,56.50,123.63,1.0000,-1,-1,-1
312,53,1018.24,307.20,55.10,151.91,1.0000,-1,-1,-1
312,54,462.37,161.45,54.87,147.43,1.0000,-1,-1,-1
312,55,692.94,372.56,64.51,143.35,1.0000,-1,-1,-1
313,18,457.66,159.40,34.28,111.54,1.0000,-1,-1,-1
313,31,387.78,-39.80,53.28,146.17,1.0000,-1,-1,-1
313,32,1131.39,324.96,85.17,216.62,1.0000,-1,-1,-1
313,35,349.19,307.87,45.91,159.53,1.0000,-1,-1,-1
313,36,739.86,349.58,58.39,146.77,1.0000,-1,-1,-1
313,37,1079.57,471.71,70.49,153.08,1.0000,-1,-1,-1
313,39,669.73,329.73,58.06,129.17,1.0000,-1,-1,-1
313,41,383.22,305.38,43.00,143.12,1.0000,-1,-1,-1
313,42,877.28,308.31,51.06,116.93,1.0000,-1,-1,-1
313,46,459.28,11.54,36.10,88.30,1.0000,-1,-1,-1
313,47,534.40,52.14,46.19,138.53,1.0000,-1,-1,-1
313,48,270.54,102.52,81.15,149.83,1.0000,-1,-1,-1
313,52,560.51,162.06,51.85,121.43,1.0000,-1,-1,-1
313,53,1020.84,306.16,54.26,149.65,1.0000,-1,-1,-1
313,54,464.58,161.46,55.27,148.52,1.0000,-1,-1,-1
313,55,688.00,368.59,69.68,147.35,1.0000,-1,-1,-1
314,18,458.22,160.18,34.12,110.99,1.0000,-1,-1,-1
314,32,1133.45,325.29,85.36,217.09,1.0000,-1,-1,-1
314,35,351.74,308.88,46.04,158.01,1.0000,-1,-1,-1
314,36,738.19,348.52,58.32,146.60,1.0000,-1,-1,-1
314,37,1081.38,473.74,70.32,153.54,1.0000,-1,-1,-1
314,39,668.11,329.51,57.92,128.85,1.0000,-1,-1,-1
314,41,383.77,306.42,42.57,142.81,1.0000,-1,-1,-1
314,42,876.73,310.80,51.70,116.96,1.0000,-1,-1,-1
314,46,454.63,10.33,35.89,87.80,1.0000,-1,-1,-1
314,47,529.73,51.35,46.00,137.95,1.0000,-1,-1,-1
314,48,261.66,101.26,81.50,150.49,1.0000,-1,-1,-1
314,52,556.80,165.68,51.16,119.68,1.0000,-1,-1,-1
314,53,1021.82,304.16,52.89,148.24,1.0000,-1,-1,-1
314,54,466.31,164.54,57.82,150.04,1.0000,-1,-1,-1
314,55,684.01,362.31,73.24,153.13,1.0000,-1,-1,-1
315,18,458.78,160.96,33.95,110.44,1.0000,-1,-1,-1
315,32,1135.50,325.62,85.54,217.56,1.0000,-1,-1,-1
315,35,354.65,312.39,47.47,158.20,1.0000,-1,-1,-1
315,36,736.52,347.46,58.25,146.42,1.0000,-1,-1,-1
315,37,1081.56,474.93,70.82,153.69,1.0000,-1,-1,-1
315,39,666.50,329.28,57.77,128.52,1.0000,-1,-1,-1
315,41,384.70,307.87,42.13,142.54,1.0000,-1,-1,-1
315,42,876.22,311.36,52.57,117.00,1.0000,-1,-1,-1
315,46,449.99,9.12,35.69,87.30,1.0000,-1,-1,-1
315,47,525.06,50.56,45.80,137.37,1.0000,-1,-1,-1
315,48,252.79,100.00,81.86,151.14,1.0000,-1,-1,-1
315,52,552.61,169.24,52.64,118.27,1.0000,-1,-1,-1
315,53,1021.73,304.99,51.63,146.00,1.0000,-1,-1,-1
315,54,467.20,166.69,58.28,150.18,1.0000,-1,-1,-1
315,55,681.15,361.93,74.12,154.93,1.0000,-1,-1,-1
316,18,459.34,161.74,33.78,109.89,1.0000,-1,-1,-1
316,32,1137.55,325.95,85.73,218.04,1.0000,-1,-1,-1
316,35,355.47,313.95,48.42,158.34,1.0000,-1,-1,-1
316,36,734.85,346.40,58.18,146.25,1.0000,-1,-1,-1
316,37,1081.69,475.98,71.38,153.68,1.0000,-1,-1,-1
316,39,664.88,329.06,57.63,128.20,1.0000,-1,-1,-1
316,41,386.35,309.36,41.10,140.53,1.0000,-1,-1,-1
316,42,874.96,311.16,53.51,117.55,1.0000,-1,-1,-1
316,46,445.34,7.91,35.48,86.79,1.0000,-1,-1,-1
316,47,520.39,49.78,45.61,136.79,1.0000,-1,-1,-1
316,48,243.91,98.74,82.21,151.79,1.0000,-1,-1,-1
316,52,551.23,170.34,52.44,117.81,1.0000,-1,-1,-1
316,53,1022.12,306.04,50.46,144.83,1.0000,-1,-1,-1
316,54,467.42,167.56,58.93,150.95,1.0000,-1,-1,-1
316,55,677.23,359.38,73.91,157.20,1.0000,-1,-1,-1
316,56,653.89,89.57,54.59,116.37,1.0000,-1,-1,-1
317,18,459.90,162.53,33.61,109.33,1.0000,-1,-1,-1
317,32,1139.61,326.28,85.91,218.51,1.0000,-1,-1,-1
317,35,356.73,315.67,49.38,157.53,1.0000,-1,-1,-1
317,36,733.18,345.34,58.11,146.08,1.0000,-1,-1,-1
317,37,1081.85,477.16,71.48,153.18,1.0000,-1,-1,-1
317,39,663.26,328.84,57.48,127.87,1.0000,-1,-1,-1
317,41,387.21,311.24,40.81,140.94,1.0000,-1,-1,-1
317,42,874.02,311.48,54.09,117.88,1.0000,-1,-1,-1
317,46,440.70,6.70,35.27,86.28,1.0000,-1,-1,-1
317,47,515.72,48.99,45.41,136.20,1.0000,-1,-1,-1
317,48,235.04,97.49,82.56,152.44,1.0000,-1,-1,-1
317,52,549.85,171.45,52.23,117.35,1.0000,-1,-1,-1
317,53,1023.43,306.79,51.14,144.34,1.0000,-1,-1,-1
317,54,467.76,168.14,59.07,151.53,1.0000,-1,-1,-1
317,55,673.55,358.55,74.49,158.44,1.0000,-1,-1,-1
317,56,656.72,89.73,52.91,115.75,1.0000,-1,-1,-1
318,18,460.46,163.31,33.43,108.78,1.0000,-1,-1,-1
318,32,1141.66,326.61,86.10,218.98,1.0000,-1,-1,-1
318,35,358.02,316.35,47.95,156.34,1.0000,-1,-1,-1
318,36,731.51,344.28,58.04,145.90,1.0000,-1,-1,-1
318,37,1082.19,479.46,70.19,153.32,1.0000,-1,-1,-1
318,39,661.64,328.61,57.33,127.55,1.0000,-1,-1,-1
318,41,388.23,314.34,41.02,143.43,1.0000,-1,-1,-1
318,42,873.30,310.81,53.42,119.06,1.0000,-1,-1,-1
318,46,436.06,5.50,35.06,85.77,1.0000,-1,-1,-1
318,47,511.05,48.21,45.22,135.62,1.0000,-1,-1,-1
318,48,226.16,96.23,82.91,153.08,1.0000,-1,-1,-1
318,52,552.85,169.19,56.80,122.56,1.0000,-1,-1,-1
318,53,1024.93,308.49,51.90,145.55,1.0000,-1,-1,-1
318,54,468.84,168.98,59.02,152.71,1.0000,-1,-1,-1
318,55,669.88,357.72,75.07,159.67,1.0000,-1,-1,-1
318,56,658.64,90.21,53.15,116.26,1.0000,-1,-1,-1
319,18,461.02,164.10,33.26,108.21,1.0000,-1,-1,-1
319,32,1143.72,326.94,86.28,219.45,1.0000,-1,-1,-1
319,35,358.43,318.13,48.00,156.21,1.0000,-1,-1,-1
319,36,729.84,343.22,57.97,145.73,1.0000,-1,-1,-1
319,37,1083.17,480.93,68.68,153.72,1.0000,-1,-1,-1
319,39,660.03,328.39,57.19,127.22,1.0000,-1,-1,-1
319,41,387.61,310.92,41.68,145.74,1.0000,-1,-1,-1
319,42,873.88,308.77,52.73,117.74,1.0000,-1,-1,-1
319,46,431.41,4.30,34.85,85.26,1.0000,-1,-1,-1
319,47,506.38,47.43,45.02,135.03,1.0000,-1,-1,-1
319,48,217.29,94.98,83.25,153.72,1.0000,-1,-1,-1
319,52,552.45,173.34,57.57,121.70,1.0000,-1,-1,-1
319,53,1024.87,307.93,51.99,145.82,1.0000,-1,-1,-1
319,54,469.55,170.23,59.09,153.52,1.0000,-1,-1,-1
319,55,666.21,356.90,75.65,160.89,1.0000,-1,-1,-1
319,56,660.57,90.70,53.38,116.77,1.0000,-1,-1,-1
320,18,461.59,164.88,33.09,107.65,1.0000,-1,-1,-1
320,32,1145.77,327.27,86.47,219.91,1.0000,-1,-1,-1
320,35,359.06,319.03,47.22,155.84,1.0000,-1,-1,-1
320,36,728.17,342.16,57.90,145.55,1.0000,-1,-1,-1
320,37,1084.00,483.12,66.86,153.81,1.0000,-1,-1,-1
320,39,658.41,328.17,57.04,126.89,1.0000,-1,-1,-1
320,41,388.61,311.85,41.65,145.65,1.0000,-1,-1,-1
320,42,874.21,307.95,52.09,116.77,1.0000,-1,-1,-1
320,46,426.77,3.09,34.64,84.74,1.0000,-1,-1,-1
320,47,501.71,46.64,44.82,134.44,1.0000,-1,-1,-1
320,48,208.42,93.73,83.60,154.36,1.0000,-1,-1,-1
320,52,552.86,169.90,58.74,125.08,1.0000,-1,-1,-1
320,53,1024.81,307.38,52.09,146.08,1.0000,-1,-1,-1
320,54,470.84,173.11,58.83,153.90,1.0000,-1,-1,-1
320,55,662.54,356.08,76.22,162.10,1.0000,-1,-1,-1
320,56,662.49,91.19,53.61,117.27,1.0000,-1,-1,-1
321,18,462.15,165.67,32.91,107.08,1.0000,-1,-1,-1
321,32,1147.83,327.60,86.65,220.38,1.0000,-1,-1,-1
321,35,360.44,319.82,47.22,155.85,1.0000,-1,-1,-1
321,36,726.50,341.10,57.83,145.38,1.0000,-1,-1,-1
321,37,1085.56,485.61,65.16,154.14,1.0000,-1,-1,-1
321,39,656.79,327.95,56.89,126.56,1.0000,-1,-1,-1
321,41,389.61,312.78,41.63,145.57,1.0000,-1,-1,-1
321,42,874.41,308.19,51.95,117.87,1.0000,-1,-1,-1
321,46,422.13,1.89,34.43,84.22,1.0000,-1,-1,-1
321,47,497.05,45.86,44.63,133.84,1.0000,-1,-1,-1
321,48,199.55,92.48,83.95,155.00,1.0000,-1,-1,-1
321,52,555.48,169.99,59.92,126.17,1.0000,-1,-1,-1
321,53,1024.75,306.82,52.18,146.34,1.0000,-1,-1,-1
321,54,471.78,175.52,58.67,153.70,1.0000,-1,-1,-1
321,55,655.33,353.13,72.84,166.58,1.0000,-1,-1,-1
321,56,664.42,91.67,53.84,117.77,1.0000,-1,-1,-1
322,18,462.71,166.46,32.74,106.51,1.0000,-1,-1,-1
322,32,1149.88,327.93,86.83,220.85,1.0000,-1,-1,-1
322,35,361.82,320.61,47.22,155.85,1.0000,-1,-1,-1
322,36,724.83,340.04,57.76,145.20,1.0000,-1,-1,-1
322,37,1086.86,487.60,63.80,154.59,1.0000,-1,-1,-1
322,39,655.18,327.73,56.74,126.23,1.0000,-1,-1,-1
322,41,390.62,313.71,41.61,145.48,1.0000,-1,-1,-1
322,42,874.40,308.01,52.05,118.30,1.0000,-1,-1,-1
322,47,492.38,45.09,44.43,133.24,1.0000,-1,-1,-1
322,48,190.68,91.23,84.29,155.63,1.0000,-1,-1,-1
322,52,557.04,172.96,60.73,125.90,1.0000,-1,-1,-1
322,53,1021.19,308.46,51.77,142.29,1.0000,-1,-1,-1
322,54,472.39,177.91,58.27,153.28,1.0000,-1,-1,-1
322,55,651.23,348.13,73.17,172.42,1.0000,-1,-1,-1
322,56,666.34,92.16,54.07,118.27,1.0000,-1,-1,-1
323,18,463.28,167.25,32.56,105.94,1.0000,-1,-1,-1
323,32,1151.94,328.27,87.02,221.31,1.0000,-1,-1,-1
323,35,363.19,321.40,47.22,155.86,1.0000,-1,-1,-1
323,36,723.16,338.99,57.69,145.03,1.0000,-1,-1,-1
323,37,1088.00,490.02,62.92,155.29,1.0000,-1,-1,-1
323,39,653.56,327.50,56.60,125.90,1.0000,-1,-1,-1
323,41,391.62,314.64,41.58,145.39,1.0000,-1,-1,-1
323,42,872.82,307.38,53.00,116.81,1.0000,-1,-1,-1
323,47,487.71,44.31,44.23,132.64,1.0000,-1,-1,-1
323,48,181.81,89.98,84.63,156.26,1.0000,-1,-1,-1
323,52,558.23,178.92,63.67,126.89,1.0000,-1,-1,-1
323,53,1019.34,308.12,51.03,139.86,1.0000,-1,-1,-1
323,54,474.22,180.07,58.53,152.65,1.0000,-1,-1,-1
323,55,646.57,345.01,75.43,177.76,1.0000,-1,-1,-1
323,56,675.54,103.05,51.04,113.66,1.0000,-1,-1,-1
324,18,463.84,168.05,32.38,105.36,1.0000,-1,-1,-1
324,32,1153.99,328.60,87.20,221.78,1.0000,-1,-1,-1
324,35,369.36,310.68,58.06,168.36,1.0000,-1,-1,-1
324,36,721.49,337.93,57.62,144.85,1.0000,-1,-1,-1
324,37,1088.80,492.19,62.39,156.09,1.0000,-1,-1,-1
324,39,651.94,327.28,56.45,125.57,1.0000,-1,-1,-1
324,41,392.62,315.57,41.56,145.31,1.0000,-1,-1,-1
324,42,871.16,307.76,53.67,115.39,1.0000,-1,-1,-1
324,47,483.05,43.53,44.03,132.04,1.0000,-1,-1,-1
324,48,172.94,88.74,84.97,156.89,1.0000,-1,-1,-1
324,52,557.38,183.92,67.16,129.37,1.0000,-1,-1,-1
324,53,1017.81,307.49,51.63,139.82,1.0000,-1,-1,-1
324,54,475.30,180.89,59.66,152.22,1.0000,-1,-1,-1
324,55,644.22,343.31,77.65,181.43,1.0000,-1,-1,-1
324,56,677.89,104.53,50.26,113.32,1.0000,-1,-1,-1
325,18,464.40,168.84,32.21,104.78,1.0000,-1,-1,-1
325,32,1156.05,328.93,87.38,222.24,1.0000,-1,-1,-1
325,35,371.51,310.93,58.15,168.61,1.0000,-1,-1,-1
325,36,719.82,336.87,57.55,144.67,1.0000,-1,-1,-1
325,37,1089.47,493.95,62.23,156.43,1.0000,-1,-1,-1
325,39,650.33,327.06,56.30,125.24,1.0000,-1,-1,-1
325,41,393.63,316.50,41.53,145.22,1.0000,-1,-1,-1
325,42,870.43,308.32,54.02,113.52,1.0000,-1,-1,-1
325,47,478.38,42.76,43.82,131.44,1.0000,-1,-1,-1
325,48,164.07,87.49,85.31,157.52,1.0000,-1,-1,-1
325,52,555.61,187.85,70.39,131.52,1.0000,-1,-1,-1
325,53,1017.45,306.68,52.81,141.36,1.0000,-1,-1,-1
325,54,475.68,182.92,60.69,151.97,1.0000,-1,-1,-1
325,55,642.09,341.61,79.67,184.63,1.0000,-1,-1,-1
325,56,679.25,107.35,49.72,112.48,1.0000,-1,-1,-1
326,18,464.97,169.64,32.03,104.20,1.0000,-1,-1,-1
326,32,1158.11,329.27,87.56,222.70,1.0000,-1,-1,-1
326,35,369.80,310.60,64.12,175.09,1.0000,-1,-1,-1
326,36,718.15,335.81,57.48,144.50,1.0000,-1,-1,-1
326,37,1088.88,496.10,62.57,156.64,1.0000,-1,-1,-1
326,39,648.71,326.84,56.15,124.91,1.0000,-1,-1,-1
326,41,394.63,317.43,41.51,145.14,1.0000,-1,-1,-1
326,42,869.11,310.11,54.56,113.48,1.0000,-1,-1,-1
326,47,473.72,41.99,43.62,130.83,1.0000,-1,-1,-1
326,48,155.20,86.25,85.65,158.14,1.0000,-1,-1,-1
326,52,554.13,192.18,73.44,130.73,1.0000,-1,-1,-1
326,53,1016.95,305.07,54.21,142.48,1.0000,-1,-1,-1
326,54,475.71,184.24,61.45,151.58,1.0000,-1,-1,-1
326,55,641.66,341.30,80.50,186.54,1.0000,-1,-1,-1
326,56,681.25,109.45,49.32,112.12,1.0000,-1,-1,-1
327,18,465.54,170.44,31.85,103.61,1.0000,-1,-1,-1
327,35,368.05,310.88,69.35,178.11,1.0000,-1,-1,-1
327,36,716.48,334.75,57.41,144.32,1.0000,-1,-1,-1
327,37,1087.56,497.93,63.60,157.14,1.0000,-1,-1,-1
327,39,647.10,326.63,56.00,124.58,1.0000,-1,-1,-1
327,41,395.64,318.36,41.48,145.05,1.0000,-1,-1,-1
327,42,867.18,311.36,55.40,113.63,1.0000,-1,-1,-1
327,47,469.06,41.21,43.42,130.22,1.0000,-1,-1,-1
327,48,146.33,85.00,85.98,158.76,1.0000,-1,-1,-1
327,52,553.71,190.29,77.43,133.33,1.0000,-1,-1,-1
327,53,1016.96,304.26,55.26,143.86,1.0000,-1,-1,-1
327,54,475.52,186.10,61.81,150.96,1.0000,-1,-1,-1
327,55,638.57,340.83,81.23,188.26,1.0000,-1,-1,-1
327,56,684.11,110.41,48.03,112.41,1.0000,-1,-1,-1
328,18,466.10,171.24,31.67,103.02,1.0000,-1,-1,-1
328,35,368.79,312.07,71.74,178.98,1.0000,-1,-1,-1
328,36,714.81,333.70,57.34,144.15,1.0000,-1,-1,-1
328,37,1084.41,501.49,66.16,158.55,1.0000,-1,-1,-1
328,39,645.48,326.41,55.85,124.24,1.0000,-1,-1,-1
328,41,396.64,319.29,41.46,144.96,1.0000,-1,-1,-1
328,42,861.45,312.39,57.03,113.03,1.0000,-1,-1,-1
328,47,464.39,40.44,43.21,129.60,1.0000,-1,-1,-1
328,48,137.47,83.76,86.32,159.38,1.0000,-1,-1,-1
328,52,553.58,198.80,80.91,133.01,1.0000,-1,-1,-1
328,53,1017.58,304.52,55.71,144.93,1.0000,-1,-1,-1
328,54,476.25,188.44,61.86,149.74,1.0000,-1,-1,-1
328,55,635.36,340.83,78.53,189.07,1.0000,-1,-1,-1
328,56,686.63,110.73,47.64,113.59,1.0000,-1,-1,-1
329,18,466.67,172.04,31.48,102.43,1.0000,-1,-1,-1
329,35,368.93,316.75,73.46,177.43,1.0000,-1,-1,-1
329,36,713.15,332.64,57.27,143.97,1.0000,-1,-1,-1
329,37,1081.94,503.43,68.87,159.64,1.0000,-1,-1,-1
329,39,643.87,326.19,55.70,123.91,1.0000,-1,-1,-1
329,41,397.64,320.22,41.43,144.88,1.0000,-1,-1,-1
329,42,857.48,313.28,58.73,112.99,1.0000,-1,-1,-1
329,47,459.73,39.68,43.01,128.99,1.0000,-1,-1,-1
329,48,128.60,82.52,86.65,160.00,1.0000,-1,-1,-1
329,52,556.16,201.37,83.17,134.57,1.0000,-1,-1,-1
329,53,1017.24,306.09,55.75,145.40,1.0000,-1,-1,-1
329,54,477.45,189.02,63.15,149.61,1.0000,-1,-1,-1
329,55,631.71,341.52,76.46,188.42,1.0000,-1,-1,-1
329,56,687.37,110.43,47.54,115.37,1.0000,-1,-1,-1
330,18,467.24,172.84,31.30,101.83,1.0000,-1,-1,-1
330,35,369.48,316.61,75.44,178.67,1.0000,-1,-1,-1
330,36,711.48,331.58,57.20,143.79,1.0000,-1,-1,-1
330,37,1080.47,504.37,71.19,160.70,1.0000,-1,-1,-1
330,39,642.25,325.97,55.55,123.57,1.0000,-1,-1,-1
330,41,398.65,321.15,41.41,144.79,1.0000,-1,-1,-1
330,42,853.93,313.77,60.63,113.51,1.0000,-1,-1,-1
330,47,455.07,38.91,42.80,128.37,1.0000,-1,-1,-1
330,52,559.58,196.97,85.71,139.24,1.0000,-1,-1,-1
330,53,1015.97,308.33,55.41,146.60,1.0000,-1,-1,-1
330,54,478.42,189.63,65.50,149.71,1.0000,-1,-1,-1
330,55,624.06,344.36,77.26,187.76,1.0000,-1,-1,-1
330,56,687.89,110.24,47.57,117.08,1.0000,-1,-1,-1
331,18,467.80,173.65,31.12,101.23,1.0000,-1,-1,-1
331,35,368.20,316.34,77.33,179.07,1.0000,-1,-1,-1
331,36,709.81,330.52,57.13,143.62,1.0000,-1,-1,-1
331,37,1079.72,505.24,72.99,161.58,1.0000,-1,-1,-1
331,39,640.64,325.75,55.39,123.23,1.0000,-1,-1,-1
331,41,399.65,322.08,41.38,144.71,1.0000,-1,-1,-1
331,42,852.11,313.84,61.77,115.08,1.0000,-1,-1,-1
331,47,450.40,38.14,42.59,127.74,1.0000,-1,-1,-1
331,52,564.92,196.23,86.89,141.37,1.0000,-1,-1,-1
331,53,1014.32,310.79,54.78,147.49,1.0000,-1,-1,-1
331,54,479.54,190.59,68.15,149.59,1.0000,-1,-1,-1
331,55,617.99,346.04,79.16,188.10,1.0000,-1,-1,-1
331,56,688.71,109.69,48.30,118.85,1.0000,-1,-1,-1
332,18,468.37,174.46,30.93,100.63,1.0000,-1,-1,-1
332,35,367.74,317.36,78.06,179.31,1.0000,-1,-1,-1
332,36,708.14,329.46,57.06,143.44,1.0000,-1,-1,-1
332,37,1079.69,505.95,74.41,162.12,1.0000,-1,-1,-1
332,39,639.02,325.54,55.24,122.89,1.0000,-1,-1,-1
332,41,400.66,323.01,41.36,144.62,1.0000,-1,-1,-1
332,42,851.46,313.79,61.96,116.22,1.0000,-1,-1,-1
332,47,445.74,37.38,42.38,127.12,1.0000,-1,-1,-1
332,52,566.23,198.03,87.27,141.99,1.0000,-1,-1,-1
332,53,1011.92,311.53,53.90,147.45,1.0000,-1,-1,-1
332,54,479.76,192.79,70.57,149.04,1.0000,-1,-1,-1
332,55,615.93,348.45,79.48,188.21,1.0000,-1,-1,-1
332,56,690.97,110.80,47.86,119.34,1.0000,-1,-1,-1
333,18,468.94,175.26,30.74,100.02,1.0000,-1,-1,-1
333,35,375.73,319.06,74.44,179.28,1.0000,-1,-1,-1
333,36,706.47,328.41,56.99,143.26,1.0000,-1,-1,-1
333,37,1079.03,506.85,76.09,163.24,1.0000,-1,-1,-1
333,39,637.41,325.32,55.09,122.55,1.0000,-1,-1,-1
333,41,401.66,323.94,41.33,144.53,1.0000,-1,-1,-1
333,42,850.95,313.06,61.00,116.57,1.0000,-1,-1,-1
333,47,441.08,36.62,42.17,126.49,1.0000,-1,-1,-1
333,52,579.49,204.42,86.33,141.45,1.0000,-1,-1,-1
333,53,1008.61,312.89,53.78,147.49,1.0000,-1,-1,-1
333,54,480.79,194.32,72.42,148.69,1.0000,-1,-1,-1
333,55,622.07,348.36,75.46,188.45,1.0000,-1,-1,-1
333,56,693.19,112.48,47.17,119.73,1.0000,-1,-1,-1
334,18,469.51,176.08,30.56,99.41,1.0000,-1,-1,-1
334,35,379.73,319.43,71.55,179.47,1.0000,-1,-1,-1
334,36,704.80,327.35,56.92,143.08,1.0000,-1,-1,-1
334,37,1076.77,507.30,76.90,164.38,1.0000,-1,-1,-1
334,39,635.79,325.10,54.94,122.21,1.0000,-1,-1,-1
334,41,402.66,324.87,41.31,144.45,1.0000,-1,-1,-1
334,42,850.50,312.32,59.85,116.71,1.0000,-1,-1,-1
334,47,436.42,35.86,41.96,125.86,1.0000,-1,-1,-1
334,52,587.13,209.37,85.31,140.32,1.0000,-1,-1,-1
334,53,1006.87,313.55,52.60,147.73,1.0000,-1,-1,-1
334,54,481.08,194.95,73.33,148.92,1.0000,-1,-1,-1
334,55,627.94,350.84,69.73,188.03,1.0000,-1,-1,-1
334,56,695.17,113.98,47.09,119.52,1.0000,-1,-1,-1
335,18,470.08,176.89,30.37,98.80,1.0000,-1,-1,-1
335,35,384.00,321.42,68.47,179.85,1.0000,-1,-1,-1
335,36,703.13,326.29,56.85,142.91,1.0000,-1,-1,-1
335,37,1074.54,507.60,77.04,165.31,1.0000,-1,-1,-1
335,39,634.18,324.89,54.78,121.87,1.0000,-1,-1,-1
335,41,403.67,325.80,41.28,144.36,1.0000,-1,-1,-1
335,42,849.88,311.60,58.76,117.08,1.0000,-1,-1,-1
335,47,431.76,35.10,41.75,125.22,1.0000,-1,-1,-1
335,52,594.83,211.97,83.54,139.63,1.0000,-1,-1,-1
335,53,1005.32,311.42,50.91,144.72,1.0000,-1,-1,-1
335,54,481.52,195.88,74.12,149.15,1.0000,-1,-1,-1
335,55,629.34,351.87,66.45,188.30,1.0000,-1,-1,-1
335,56,695.62,116.00,46.42,119.14,1.0000,-1,-1,-1
336,18,470.65,177.70,30.18,98.18,1.0000,-1,-1,-1
336,35,386.46,322.90,65.81,180.21,1.0000,-1,-1,-1
336,36,701.46,325.24,56.78,142.73,1.0000,-1,-1,-1
336,37,1072.64,508.43,76.52,166.08,1.0000,-1,-1,-1
336,39,632.57,324.67,54.63,121.53,1.0000,-1,-1,-1
336,41,404.67,326.73,41.26,144.27,1.0000,-1,-1,-1
336,42,849.09,310.41,57.93,116.93,1.0000,-1,-1,-1
336,47,427.10,34.34,41.54,124.58,1.0000,-1,-1,-1
336,52,602.70,215.08,81.40,137.77,1.0000,-1,-1,-1
336,53,1002.70,312.17,49.94,143.48,1.0000,-1,-1,-1
336,54,481.57,197.79,75.04,148.73,1.0000,-1,-1,-1
336,55,631.50,359.49,62.49,183.85,1.0000,-1,-1,-1
336,56,696.31,117.18,46.32,118.71,1.0000,-1,-1,-1
337,18,471.22,178.52,29.99,97.56,1.0000,-1,-1,-1
337,35,388.46,324.06,63.37,180.74,1.0000,-1,-1,-1
337,36,699.79,324.18,56.71,142.55,1.0000,-1,-1,-1
337,37,1071.69,509.34,74.92,166.45,1.0000,-1,-1,-1
337,39,630.95,324.46,54.48,121.19,1.0000,-1,-1,-1
337,41,405.68,327.66,41.23,144.19,1.0000,-1,-1,-1
337,42,847.98,309.38,57.79,116.41,1.0000,-1,-1,-1
337,47,422.44,33.58,41.33,123.94,1.0000,-1,-1,-1
337,52,612.38,216.58,79.10,134.83,1.0000,-1,-1,-1
337,53,1000.34,311.43,48.78,142.10,1.0000,-1,-1,-1
337,54,482.00,200.43,75.34,147.58,1.0000,-1,-1,-1
337,55,630.87,364.26,60.76,181.03,1.0000,-1,-1,-1
337,56,697.09,118.10,46.23,118.17,1.0000,-1,-1,-1
338,18,471.79,179.34,29.79,96.93,1.0000,-1,-1,-1
338,35,388.62,325.38,60.55,181.92,1.0000,-1,-1,-1
338,36,698.12,323.12,56.63,142.37,1.0000,-1,-1,-1
338,37,1071.57,510.12,71.22,165.49,1.0000,-1,-1,-1
338,39,629.34,324.25,54.32,120.84,1.0000,-1,-1,-1
338,41,406.68,328.59,41.21,144.10,1.0000,-1,-1,-1
338,42,845.72,309.89,57.67,115.71,1.0000,-1,-1,-1
338,47,417.78,32.83,41.11,123.30,1.0000,-1,-1,-1
338,52,616.28,218.72,79.33,135.21,1.0000,-1,-1,-1
338,53,997.96,310.17,47.83,141.12,1.0000,-1,-1,-1
338,54,483.23,203.02,75.24,147.15,1.0000,-1,-1,-1
338,55,629.30,365.46,60.53,180.63,1.0000,-1,-1,-1
338,56,699.06,119.33,45.94,118.71,1.0000,-1,-1,-1
339,18,472.37,180.16,29.60,96.30,1.0000,-1,-1,-1
339,35,389.26,326.37,58.01,183.02,1.0000,-1,-1,-1
339,36,696.46,322.07,56.56,142.19,1.0000,-1,-1,-1
339,37,1073.52,511.15,67.30,165.01,1.0000,-1,-1,-1
339,39,627.73,324.03,54.17,120.50,1.0000,-1,-1,-1
339,41,407.68,329.52,41.19,144.01,1.0000,-1,-1,-1
339,42,843.57,311.14,57.68,115.43,1.0000,-1,-1,-1
339,47,413.12,32.07,40.89,122.65,1.0000,-1,-1,-1
339,52,620.19,220.86,79.55,135.59,1.0000,-1,-1,-1
339,53,995.58,309.60,47.64,139.86,1.0000,-1,-1,-1
339,54,482.73,204.39,75.01,147.00,1.0000,-1,-1,-1
339,55,628.35,362.85,60.40,181.78,1.0000,-1,-1,-1
339,56,700.12,120.39,45.62,119.02,1.0000,-1,-1,-1
339,57,649.42,225.98,75.60,135.48,1.0000,-1,-1,-1
340,18,472.94,180.98,29.40,95.67,1.0000,-1,-1,-1
340,35,389.85,327.18,56.37,183.19,1.0000,-1,-1,-1
340,36,694.79,321.01,56.49,142.01,1.0000,-1,-1,-1
340,37,1074.33,512.29,64.06,164.85,1.0000,-1,-1,-1
340,39,626.11,323.82,54.01,120.15,1.0000,-1,-1,-1
340,41,408.69,330.46,41.16,143.93,1.0000,-1,-1,-1
340,42,842.33,312.08,57.87,115.38,1.0000,-1,-1,-1
340,47,408.47,31.32,40.68,122.00,1.0000,-1,-1,-1
340,52,624.09,223.00,79.77,135.97,1.0000,-1,-1,-1
340,53,992.85,309.65,48.71,139.64,1.0000,-1,-1,-1
340,54,483.47,205.38,74.33,146.81,1.0000,-1,-1,-1
340,55,626.61,363.77,59.96,180.44,1.0000,-1,-1,-1
340,56,701.09,122.75,45.13,118.91,1.0000,-1,-1,-1
340,57,648.30,230.49,73.91,134.28,1.0000,-1,-1,-1
341,18,473.51,181.81,29.21,95.03,1.0000,-1,-1,-1
341,35,390.72,327.98,55.67,184.52,1.0000,-1,-1,-1
341,36,693.12,319.95,56.42,141.83,1.0000,-1,-1,-1
341,37,1073.29,513.25,61.65,164.77,1.0000,-1,-1,-1
341,39,624.50,323.61,53.85,119.81,1.0000,-1,-1,-1
341,41,409.69,331.39,41.14,143.84,1.0000,-1,-1,-1
341,42,840.99,312.25,57.78,115.21,1.0000,-1,-1,-1
341,47,403.81,30.57,40.46,121.34,1.0000,-1,-1,-1
341,52,627.99,225.15,79.99,136.35,1.0000,-1,-1,-1
341,53,988.97,309.60,50.98,140.39,1.0000,-1,-1,-1
341,54,484.31,206.41,74.70,147.54,1.0000,-1,-1,-1
341,55,625.13,364.40,58.32,177.78,1.0000,-1,-1,-1
341,56,700.89,123.61,45.27,119.52,1.0000,-1,-1,-1
341,57,650.09,235.67,74.15,134.86,1.0000,-1,-1,-1
342,18,474.09,182.63,29.01,94.38,1.0000,-1,-1,-1
342,35,391.43,328.26,55.93,184.57,1.0000,-1,-1,-1
342,36,691.45,318.90,56.35,141.65,1.0000,-1,-1,-1
342,37,1070.73,514.71,60.93,165.16,1.0000,-1,-1,-1
342,39,622.89,323.40,53.70,119.46,1.0000,-1,-1,-1
342,41,410.70,332.32,41.11,143.75,1.0000,-1,-1,-1
342,42,836.92,315.64,59.63,116.10,1.0000,-1,-1,-1
342,47,399.15,29.83,40.24,120.68,1.0000,-1,-1,-1
342,52,631.90,227.29,80.22,136.73,1.0000,-1,-1,-1
342,53,986.15,309.15,52.99,141.57,1.0000,-1,-1,-1
342,54,489.96,209.09,71.07,146.24,1.0000,-1,-1,-1
342,55,624.10,364.49,57.63,175.94,1.0000,-1,-1,-1
342,56,701.69,124.22,45.27,120.65,1.0000,-1,-1,-1
342,57,656.81,236.92,77.50,136.97,1.0000,-1,-1,-1
343,18,474.66,183.46,28.81,93.74,1.0000,-1,-1,-1
343,35,391.35,329.59,57.38,185.58,1.0000,-1,-1,-1
343,36,689.78,317.84,56.28,141.47,1.0000,-1,-1,-1
343,37,1061.43,517.48,64.63,165.62,1.0000,-1,-1,-1
343,39,621.28,323.18,53.54,119.11,1.0000,-1,-1,-1
343,41,411.70,333.25,41.09,143.67,1.0000,-1,-1,-1
343,42,834.72,316.81,60.37,117.01,1.0000,-1,-1,-1
343,47,394.50,29.08,40.02,120.02,1.0000,-1,-1,-1
343,52,635.80,229.43,80.44,137.10,1.0000,-1,-1,-1
343,53,984.31,309.09,55.04,142.91,1.0000,-1,-1,-1
343,54,490.36,210.18,70.47,146.65,1.0000,-1,-1,-1
343,55,622.94,366.29,57.67,173.38,1.0000,-1,-1,-1
343,56,701.69,125.16,45.97,122.39,1.0000,-1,-1,-1
343,57,659.52,239.31,79.60,140.67,1.0000,-1,-1,-1
344,18,475.24,184.29,28.61,93.08,1.0000,-1,-1,-1
344,35,390.85,330.29,58.83,185.74,1.0000,-1,-1,-1
344,36,688.11,316.78,56.21,141.29,1.0000,-1,-1,-1
344,37,1056.03,519.09,68.02,165.90,1.0000,-1,-1,-1
344,39,619.66,322.97,53.38,118.76,1.0000,-1,-1,-1
344,41,412.70,334.18,41.06,143.58,1.0000,-1,-1,-1
344,42,834.46,317.61,59.86,117.72,1.0000,-1,-1,-1
344,47,389.84,28.34,39.80,119.35,1.0000,-1,-1,-1
344,52,639.70,231.57,80.66,137.48,1.0000,-1,-1,-1
344,53,983.08,309.18,56.60,144.12,1.0000,-1,-1,-1
344,54,489.89,211.09,70.44,146.96,1.0000,-1,-1,-1
344,55,622.51,369.73,57.65,170.03,1.0000,-1,-1,-1
344,56,702.59,125.56,46.45,123.15,1.0000,-1,-1,-1
344,57,662.26,241.74,81.64,144.28,1.0000,-1,-1,-1
345,18,475.81,185.13,28.41,92.43,1.0000,-1,-1,-1
345,35,389.78,331.19,58.94,184.93,1.0000,-1,-1,-1
345,36,686.44,315.73,56.14,141.11,1.0000,-1,-1,-1
345,37,1049.33,520.97,72.99,166.36,1.0000,-1,-1,-1
345,39,618.05,322.76,53.23,118.41,1.0000,-1,-1,-1
345,41,413.71,335.11,41.04,143.49,1.0000,-1,-1,-1
345,42,834.89,316.86,58.88,118.27,1.0000,-1,-1,-1
345,47,385.19,27.60,39.57,118.68,1.0000,-1,-1,-1
345,52,643.61,233.71,80.88,137.85,1.0000,-1,-1,-1
345,53,982.21,309.62,57.60,144.60,1.0000,-1,-1,-1
345,54,492.39,211.60,69.20,147.33,1.0000,-1,-1,-1
345,55,622.75,366.24,56.82,170.92,1.0000,-1,-1,-1
345,56,702.32,125.38,47.44,123.46,1.0000,-1,-1,-1
345,57,665.03,244.22,83.63,147.80,1.0000,-1,-1,-1
346,18,476.39,185.96,28.21,91.77,1.0000,-1,-1,-1
346,35,389.35,333.38,59.72,183.57,1.0000,-1,-1,-1
346,36,684.78,314.67,56.06,140.93,1.0000,-1,-1,-1
346,37,1045.83,523.06,77.23,167.57,1.0000,-1,-1,-1
346,39,616.44,322.55,53.07,118.06,1.0000,-1,-1,-1
346,41,414.71,336.04,41.01,143.40,1.0000,-1,-1,-1
346,42,835.30,316.07,58.24,118.52,1.0000,-1,-1,-1
346,47,380.53,26.86,39.35,118.01,1.0000,-1,-1,-1
346,52,647.51,235.86,81.10,138.23,1.0000,-1,-1,-1
346,53,980.24,310.02,57.94,144.70,1.0000,-1,-1,-1
346,54,497.02,212.58,66.14,147.38,1.0000,-1,-1,-1
346,55,621.19,366.47,56.92,171.21,1.0000,-1,-1,-1
346,56,702.79,125.93,48.02,124.27,1.0000,-1,-1,-1
346,57,667.82,246.74,85.57,151.23,1.0000,-1,-1,-1
346,58,484.42,215.82,35.59,123.32,1.0000,-1,-1,-1
347,18,476.97,186.80,28.00,91.10,1.0000,-1,-1,-1
347,35,389.94,335.80,60.65,183.07,1.0000,-1,-1,-1
347,36,683.11,313.62,55.99,140.75,1.0000,-1,-1,-1
347,37,1044.95,524.33,80.57,168.20,1.0000,-1,-1,-1
347,39,614.83,322.34,52.91,117.70,1.0000,-1,-1,-1
347,41,415.72,336.97,40.99,143.32,1.0000,-1,-1,-1
347,42,835.12,315.74,58.34,119.11,1.0000,-1,-1,-1
347,47,375.88,26.12,39.12,117.33,1.0000,-1,-1,-1
347,52,651.42,238.00,81.31,138.60,1.0000,-1,-1,-1
347,53,978.93,312.67,57.10,143.71,1.0000,-1,-1,-1
347,54,498.20,213.82,64.95,147.26,1.0000,-1,-1,-1
347,55,607.74,361.71,64.85,175.64,1.0000,-1,-1,-1
347,56,703.71,126.60,47.96,124.31,1.0000,-1,-1,-1
347,57,670.63,249.30,87.47,154.59,1.0000,-1,-1,-1
347,58,485.26,214.39,36.01,122.43,1.0000,-1,-1,-1
348,18,477.55,187.64,27.79,90.43,1.0000,-1,-1,-1
348,35,390.68,336.90,60.73,183.33,1.0000,-1,-1,-1
348,36,681.44,312.56,55.92,140.57,1.0000,-1,-1,-1
348,37,1045.05,526.33,83.18,167.81,1.0000,-1,-1,-1
348,39,613.22,322.14,52.75,117.35,1.0000,-1,-1,-1
348,41,416.72,337.90,40.96,143.23,1.0000,-1,-1,-1
348,42,834.50,315.21,58.48,118.51,1.0000,-1,-1,-1
348,47,371.23,25.38,38.89,116.65,1.0000,-1,-1,-1
348,52,655.33,240.15,81.53,138.97,1.0000,-1,-1,-1
348,53,972.39,316.76,58.57,141.71,1.0000,-1,-1,-1
348,54,502.03,215.63,62.68,147.14,1.0000,-1,-1,-1
348,55,604.19,361.02,69.49,178.69,1.0000,-1,-1,-1
348,56,704.22,127.36,48.92,125.62,1.0000,-1,-1,-1
348,57,673.46,251.89,89.33,157.88,1.0000,-1,-1,-1
348,58,485.00,215.88,35.78,121.78,1.0000,-1,-1,-1
349,18,478.13,188.48,27.59,89.75,1.0000,-1,-1,-1
349,35,391.42,338.01,60.82,183.60,1.0000,-1,-1,-1
349,36,679.77,311.50,55.85,140.39,1.0000,-1,-1,-1
349,37,1044.37,527.45,85.63,167.56,1.0000,-1,-1,-1
349,39,611.61,321.93,52.59,116.99,1.0000,-1,-1,-1
349,41,417.72,338.83,40.94,143.14,1.0000,-1,-1,-1
349,42,834.17,316.69,58.90,118.53,1.0000,-1,-1,-1
349,47,366.58,24.65,38.67,115.97,1.0000,-1,-1,-1
349,52,659.23,242.29,81.75,139.34,1.0000,-1,-1,-1
349,53,968.48,321.51,62.42,141.52,1.0000,-1,-1,-1
349,54,504.58,216.55,60.55,147.31,1.0000,-1,-1,-1
349,55,602.48,362.13,72.54,180.66,1.0000,-1,-1,-1
349,56,704.24,128.04,49.64,126.34,1.0000,-1,-1,-1
349,57,676.31,254.52,91.16,161.10,1.0000,-1,-1,-1
349,58,484.77,216.83,35.90,122.16,1.0000,-1,-1,-1
350,18,478.71,189.33,27.38,89.07,1.0000,-1,-1,-1
350,35,399.92,346.75,58.05,181.96,1.0000,-1,-1,-1
350,36,678.10,310.45,55.78,140.21,1.0000,-1,-1,-1
350,37,1044.90,528.12,86.71,167.25,1.0000,-1,-1,-1
350,39,610.00,321.72,52.43,116.64,1.0000,-1,-1,-1
350,41,418.73,339.76,40.91,143.06,1.0000,-1,-1,-1
350,42,832.93,317.38,58.74,118.64,1.0000,-1,-1,-1
350,47,361.93,23.91,38.44,115.28,1.0000,-1,-1,-1
350,52,663.14,244.44,81.97,139.71,1.0000,-1,-1,-1
350,53,966.76,327.15,65.21,137.67,1.0000,-1,-1,-1
350,54,505.93,217.12,58.76,147.35,1.0000,-1,-1,-1
350,55,601.39,363.31,74.50,181.46,1.0000,-1,-1,-1
350,56,704.23,129.12,50.79,126.65,1.0000,-1,-1,-1
350,57,717.86,256.22,84.06,153.55,1.0000,-1,-1,-1
350,58,484.63,218.39,35.44,121.53,1.0000,-1,-1,-1
351,18,479.29,190.18,27.17,88.38,1.0000,-1,-1,-1
351,35,401.20,348.44,58.12,182.18,1.0000,-1,-1,-1
351,36,676.43,309.39,55.70,140.03,1.0000,-1,-1,-1
351,37,1045.88,528.93,86.10,167.04,1.0000,-1,-1,-1
351,39,608.39,321.51,52.27,116.28,1.0000,-1,-1,-1
351,41,419.73,340.69,40.89,142.97,1.0000,-1,-1,-1
351,42,832.31,319.08,58.76,118.55,1.0000,-1,-1,-1
351,47,357.28,23.18,38.20,114.58,1.0000,-1,-1,-1
351,52,667.04,246.58,82.18,140.08,1.0000,-1,-1,-1
351,53,960.51,332.15,70.23,133.75,1.0000,-1,-1,-1
351,54,506.51,217.87,57.52,147.37,1.0000,-1,-1,-1
351,55,600.82,364.68,75.83,181.42,1.0000,-1,-1,-1
351,56,704.40,130.27,51.64,126.86,1.0000,-1,-1,-1
351,57,717.92,249.20,93.50,163.98,1.0000,-1,-1,-1
351,58,484.50,220.10,34.93,121.25,1.0000,-1,-1,-1
352,18,479.87,191.03,26.95,87.69,1.0000,-1,-1,-1
352,35,402.48,350.13,58.19,182.40,1.0000,-1,-1,-1
352,36,674.77,308.34,55.63,139.85,1.0000,-1,-1,-1
352,37,1046.09,529.31,84.69,167.21,1.0000,-1,-1,-1
352,39,606.78,321.31,52.11,115.92,1.0000,-1,-1,-1
352,41,420.74,341.63,40.86,142.88,1.0000,-1,-1,-1
352,42,831.67,320.94,58.73,117.98,1.0000,-1,-1,-1
352,47,352.63,22.46,37.97,113.88,1.0000,-1,-1,-1
352,52,670.95,248.73,82.40,140.45,1.0000,-1,-1,-1
352,53,952.35,336.84,76.99,127.74,1.0000,-1,-1,-1
352,54,507.41,218.63,56.32,148.06,1.0000,-1,-1,-1
352,55,601.34,365.75,76.84,181.20,1.0000,-1,-1,-1
352,56,704.50,131.04,52.03,127.27,1.0000,-1,-1,-1
352,57,723.16,243.87,96.85,169.58,1.0000,-1,-1,-1
352,58,484.37,221.74,34.40,121.24,1.0000,-1,-1,-1
353,18,480.45,191.88,26.74,87.00,1.0000,-1,-1,-1
353,35,405.50,351.93,57.86,179.43,1.0000,-1,-1,-1
353,37,1046.20,529.70,80.61,166.80,1.0000,-1,-1,-1
353,39,605.17,321.10,51.95,115.56,1.0000,-1,-1,-1
353,41,421.74,342.56,40.84,142.79,1.0000,-1,-1,-1
353,42,831.44,325.39,58.41,116.52,1.0000,-1,-1,-1
353,47,347.98,21.73,37.74,113.18,1.0000,-1,-1,-1
353,52,674.86,250.87,82.61,140.81,1.0000,-1,-1,-1
353,53,938.00,344.79,85.91,124.15,1.0000,-1,-1,-1
353,54,506.40,220.04,56.78,148.70,1.0000,-1,-1,-1
353,55,605.82,366.99,75.65,179.83,1.0000,-1,-1,-1
353,56,705.62,133.52,51.79,127.20,1.0000,-1,-1,-1
353,57,729.03,244.92,98.55,172.57,1.0000,-1,-1,-1
353,58,484.42,223.15,34.10,121.87,1.0000,-1,-1,-1
354,18,481.04,192.74,26.52,86.29,1.0000,-1,-1,-1
354,35,408.66,354.31,57.52,176.89,1.0000,-1,-1,-1
354,37,1045.78,531.46,75.44,166.06,1.0000,-1,-1,-1
354,39,603.56,320.89,51.78,115.20,1.0000,-1,-1,-1
354,41,422.74,343.49,40.81,142.71,1.0000,-1,-1,-1
354,42,830.79,328.39,57.93,115.20,1.0000,-1,-1,-1
354,47,343.33,21.01,37.50,112.47,1.0000,-1,-1,-1
354,52,678.77,253.02,82.83,141.18,1.0000,-1,-1,-1
354,53,930.46,349.45,91.90,121.59,1.0000,-1,-1,-1
354,54,506.03,220.97,57.86,149.25,1.0000,-1,-1,-1
354,55,608.40,367.28,74.01,177.62,1.0000,-1,-1,-1
354,56,706.45,134.72,51.86,127.37,1.0000,-1,-1,-1
354,57,734.91,246.00,100.23,175.50,1.0000,-1,-1,-1
354,58,484.33,225.25,34.58,122.73,1.0000,-1,-1,-1
354,59,386.93,344.09,42.44,154.15,1.0000,-1,-1,-1
355,18,481.62,193.60,26.31,85.58,1.0000,-1,-1,-1
355,35,410.06,354.55,57.37,177.50,1.0000,-1,-1,-1
355,37,1046.56,532.82,68.80,165.37,1.0000,-1,-1,-1
355,39,601.95,320.69,51.62,114.84,1.0000,-1,-1,-1
355,41,423.75,344.42,40.79,142.62,1.0000,-1,-1,-1
355,42,829.44,330.17,57.08,114.85,1.0000,-1,-1,-1
355,47,338.68,20.29,37.26,111.76,1.0000,-1,-1,-1
355,52,682.67,255.17,83.04,141.54,1.0000,-1,-1,-1
355,53,926.19,352.04,94.87,120.40,1.0000,-1,-1,-1
355,54,505.98,221.89,59.35,150.34,1.0000,-1,-1,-1
355,55,609.46,368.59,73.22,174.71,1.0000,-1,-1,-1
355,56,707.29,135.91,51.93,127.55,1.0000,-1,-1,-1
355,57,771.66,250.58,91.07,167.00,1.0000,-1,-1,-1
355,58,484.08,225.23,34.71,123.75,1.0000,-1,-1,-1
355,59,387.40,343.95,42.25,153.83,1.0000,-1,-1,-1
356,18,482.21,194.46,26.09,84.87,1.0000,-1,-1,-1
356,35,412.33,355.31,56.67,177.28,1.0000,-1,-1,-1
356,37,1047.32,533.81,63.64,164.76,1.0000,-1,-1,-1
356,39,600.34,320.48,51.46,114.48,1.0000,-1,-1,-1
356,41,424.75,345.35,40.76,142.53,1.0000,-1,-1,-1
356,42,828.51,331.31,57.00,114.69,1.0000,-1,-1,-1
356,47,334.03,19.57,37.03,111.05,1.0000,-1,-1,-1
356,52,686.58,257.32,83.26,141.91,1.0000,-1,-1,-1
356,53,924.03,353.10,94.69,120.15,1.0000,-1,-1,-1
356,54,505.97,222.38,62.10,150.08,1.0000,-1,-1,-1
356,55,610.94,369.86,72.24,172.32,1.0000,-1,-1,-1
356,56,708.13,137.10,52.00,127.72,1.0000,-1,-1,-1
356,57,780.12,251.84,92.24,169.15,1.0000,-1,-1,-1
356,58,483.37,226.25,35.26,124.69,1.0000,-1,-1,-1
356,59,387.86,344.67,41.69,152.88,1.0000,-1,-1,-1
357,35,414.19,356.17,55.95,177.50,1.0000,-1,-1,-1
357,37,1046.49,534.86,60.40,164.80,1.0000,-1,-1,-1
357,39,598.73,320.28,51.30,114.11,1.0000,-1,-1,-1
357,41,425.76,346.28,40.74,142.44,1.0000,-1,-1,-1
357,42,827.58,332.45,56.92,114.53,1.0000,-1,-1,-1
357,52,690.49,259.47,83.47,142.27,1.0000,-1,-1,-1
357,53,922.15,353.81,92.37,120.50,1.0000,-1,-1,-1
357,54,506.66,222.90,63.79,149.81,1.0000,-1,-1,-1
357,55,610.70,370.93,72.83,170.47,1.0000,-1,-1,-1
357,56,708.97,138.29,52.08,127.89,1.0000,-1,-1,-1
357,57,792.01,256.41,91.01,164.86,1.0000,-1,-1,-1
357,58,482.97,226.84,35.57,124.98,1.0000,-1,-1,-1
357,59,388.33,345.66,41.60,153.33,1.0000,-1,-1,-1
358,35,412.09,357.33,57.80,179.36,1.0000,-1,-1,-1
358,37,1042.54,536.83,59.20,165.66,1.0000,-1,-1,-1
358,39,597.12,320.08,51.13,113.75,1.0000,-1,-1,-1
358,41,426.76,347.21,40.71,142.35,1.0000,-1,-1,-1
358,42,826.65,333.60,56.84,114.37,1.0000,-1,-1,-1
358,52,694.40,261.62,83.68,142.63,1.0000,-1,-1,-1
358,53,920.91,351.50,87.37,122.47,1.0000,-1,-1,-1
358,54,509.31,224.52,64.33,147.89,1.0000,-1,-1,-1
358,55,611.87,372.33,73.39,169.56,1.0000,-1,-1,-1
358,56,709.80,139.48,52.15,128.07,1.0000,-1,-1,-1
358,57,800.75,257.84,92.03,166.71,1.0000,-1,-1,-1
358,58,483.41,226.97,36.85,126.55,1.0000,-1,-1,-1
358,59,388.60,346.36,41.81,154.10,1.0000,-1,-1,-1
358,60,85.91,303.05,52.76,154.66,1.0000,-1,-1,-1
359,35,413.23,358.24,58.59,180.52,1.0000,-1,-1,-1
359,37,1037.16,538.38,60.06,166.44,1.0000,-1,-1,-1
359,39,595.52,319.87,50.97,113.38,1.0000,-1,-1,-1
359,41,427.76,348.14,40.69,142.27,1.0000,-1,-1,-1
359,42,825.71,334.74,56.77,114.21,1.0000,-1,-1,-1
359,52,698.31,263.77,83.89,142.99,1.0000,-1,-1,-1
359,53,921.43,348.41,83.22,126.20,1.0000,-1,-1,-1
359,54,510.69,225.14,64.32,145.28,1.0000,-1,-1,-1
359,55,612.28,373.56,74.37,169.59,1.0000,-1,-1,-1
359,56,711.14,139.85,51.01,127.15,1.0000,-1,-1,-1
359,57,809.49,259.28,93.04,168.53,1.0000,-1,-1,-1
359,58,483.41,227.81,38.14,127.50,1.0000,-1,-1,-1
359,59,388.86,347.05,42.02,154.87,1.0000,-1,-1,-1
359,60,86.46,301.32,54.63,157.04,1.0000,-1,-1,-1
360,35,410.96,357.49,60.29,181.79,1.0000,-1,-1,-1
360,37,1031.25,539.51,62.56,167.06,1.0000,-1,-1,-1
360,39,593.91,319.67,50.80,113.01,1.0000,-1,-1,-1
360,41,428.77,349.07,40.66,142.18,1.0000,-1,-1,-1
360,42,824.78,335.88,56.69,114.05,1.0000,-1,-1,-1
360,52,702.22,265.92,84.10,143.35,1.0000,-1,-1,-1
360,53,923.85,342.82,79.91,130.79,1.0000,-1,-1,-1
360,54,511.77,225.94,64.09,143.00,1.0000,-1,-1,-1
360,55,612.52,374.46,75.95,170.13,1.0000,-1,-1,-1
360,56,711.96,140.32,51.11,127.56,1.0000,-1,-1,-1
360,57,818.23,260.72,94.03,170.33,1.0000,-1,-1,-1
360,58,483.37,228.18,39.41,128.65,1.0000,-1,-1,-1
360,59,389.13,347.75,42.23,155.63,1.0000,-1,-1,-1
360,60,86.79,299.28,55.76,160.29,1.0000,-1,-1,-1
361,35,407.78,355.31,62.23,183.88,1.0000,-1,-1,-1
361,37,1027.47,540.52,65.82,167.00,1.0000,-1,-1,-1
361,39,592.30,319.47,50.64,112.65,1.0000,-1,-1,-1
361,41,429.77,350.01,40.64,142.09,1.0000,-1,-1,-1
361,42,823.85,337.03,56.61,113.89,1.0000,-1,-1,-1
361,52,706.13,268.07,84.31,143.71,1.0000,-1,-1,-1
361,53,926.72,338.72,77.10,134.70,1.0000,-1,-1,-1
361,54,513.70,226.35,63.10,141.28,1.0000,-1,-1,-1
361,55,615.16,374.80,76.80,170.51,1.0000,-1,-1,-1
361,56,712.76,140.71,50.44,128.06,1.0000,-1,-1,-1
361,57,826.99,262.18,95.02,172.12,1.0000,-1,-1,-1
361,58,483.54,228.54,40.95,130.28,1.0000,-1,-1,-1
361,59,389.40,348.45,42.43,156.39,1.0000,-1,-1,-1
361,60,87.12,297.27,56.87,163.47,1.0000,-1,-1,-1
362,35,406.22,352.75,64.76,186.19,1.0000,-1,-1,-1
362,37,1024.12,541.43,69.81,167.28,1.0000,-1,-1,-1
362,39,590.69,319.27,50.47,112.28,1.0000,-1,-1,-1
362,41,430.78,350.94,40.61,142.00,1.0000,-1,-1,-1
362,42,822.92,338.17,56.53,113.73,1.0000,-1,-1,-1
362,52,710.03,270.22,84.53,144.07,1.0000,-1,-1,-1
362,53,929.59,333.78,75.24,138.90,1.0000,-1,-1,-1
362,54,514.94,226.77,62.43,140.17,1.0000,-1,-1,-1
362,55,616.48,375.19,77.73,170.81,1.0000,-1,-1,-1
362,56,714.13,140.52,49.69,128.55,1.0000,-1,-1,-1
362,57,835.74,263.64,95.99,173.88,1.0000,-1,-1,-1
362,58,483.54,228.34,42.63,132.66,1.0000,-1,-1,-1
362,59,389.67,349.16,42.64,157.15,1.0000,-1,-1,-1
362,60,84.23,296.58,61.34,167.57,1.0000,-1,-1,-1
363,35,408.31,352.29,66.27,186.69,1.0000,-1,-1,-1
363,37,1020.99,542.43,74.43,168.53,1.0000,-1,-1,-1
363,39,589.09,319.07,50.30,111.90,1.0000,-1,-1,-1
363,41,431.78,351.87,40.59,141.92,1.0000,-1,-1,-1
363,42,821.99,339.32,56.45,113.57,1.0000,-1,-1,-1
363,52,713.94,272.37,84.73,144.43,1.0000,-1,-1,-1
363,53,936.80,329.28,72.75,141.50,1.0000,-1,-1,-1
363,54,517.79,226.18,60.88,140.35,1.0000,-1,-1,-1
363,55,618.44,376.18,77.96,170.67,1.0000,-1,-1,-1
363,56,714.96,141.47,49.72,128.65,1.0000,-1,-1,-1
363,57,844.50,265.12,96.96,175.63,1.0000,-1,-1,-1
363,58,483.77,226.78,44.91,136.32,1.0000,-1,-1,-1
363,59,389.93,349.86,42.84,157.90,1.0000,-1,-1,-1
363,60,85.13,296.91,64.21,168.62,1.0000,-1,-1,-1
364,35,410.10,352.00,67.05,187.34,1.0000,-1,-1,-1
364,37,1018.98,542.39,78.24,169.42,1.0000,-1,-1,-1
364,39,587.48,318.87,50.13,111.53,1.0000,-1,-1,-1
364,41,432.78,352.80,40.56,141.83,1.0000,-1,-1,-1
364,42,812.94,341.55,56.66,108.04,1.0000,-1,-1,-1
364,52,717.85,274.52,84.94,144.79,1.0000,-1,-1,-1
364,53,941.74,319.76,70.78,146.60,1.0000,-1,-1,-1
364,54,518.97,226.81,60.17,141.02,1.0000,-1,-1,-1
364,55,617.99,376.67,79.33,170.04,1.0000,-1,-1,-1
364,56,715.78,142.42,49.76,128.75,1.0000,-1,-1,-1
364,57,853.27,266.60,97.92,177.36,1.0000,-1,-1,-1
364,58,483.68,225.65,46.73,139.38,1.0000,-1,-1,-1
364,59,390.20,350.57,43.05,158.65,1.0000,-1,-1,-1
364,60,84.77,295.59,66.78,170.87,1.0000,-1,-1,-1
365,35,409.15,351.27,69.47,188.26,1.0000,-1,-1,-1
365,37,1018.10,542.36,80.34,169.88,1.0000,-1,-1,-1
365,39,585.87,318.67,49.97,111.16,1.0000,-1,-1,-1
365,41,433.79,353.73,40.54,141.74,1.0000,-1,-1,-1
365,42,811.50,342.61,56.56,107.86,1.0000,-1,-1,-1
365,52,721.76,276.67,85.15,145.14,1.0000,-1,-1,-1
365,53,945.20,313.47,69.73,150.78,1.0000,-1,-1,-1
365,54,519.19,227.46,60.09,141.71,1.0000,-1,-1,-1
365,55,620.49,376.81,80.09,168.36,1.0000,-1,-1,-1
365,56,718.02,139.87,51.21,130.77,1.0000,-1,-1,-1
365,57,862.04,268.09,98.86,179.08,1.0000,-1,-1,-1
365,58,483.24,224.92,47.82,141.22,1.0000,-1,-1,-1
365,59,390.47,351.28,43.25,159.40,1.0000,-1,-1,-1
365,60,84.65,293.71,68.62,173.31,1.0000,-1,-1,-1
366,35,413.73,351.37,70.37,189.00,1.0000,-1,-1,-1
366,37,1018.07,543.27,79.86,170.87,1.0000,-1,-1,-1
366,39,584.27,318.47,49.80,110.78,1.0000,-1,-1,-1
366,41,434.79,354.66,40.51,141.65,1.0000,-1,-1,-1
366,42,810.06,343.66,56.46,107.67,1.0000,-1,-1,-1
366,52,725.68,278.83,85.36,145.50,1.0000,-1,-1,-1
366,53,948.03,309.61,69.62,154.79,1.0000,-1,-1,-1
366,54,518.78,227.33,61.03,143.12,1.0000,-1,-1,-1
366,55,625.18,376.81,79.12,166.94,1.0000,-1,-1,-1
366,56,718.64,138.83,51.83,131.98,1.0000,-1,-1,-1
366,57,870.82,269.59,99.80,180.78,1.0000,-1,-1,-1
366,58,482.92,224.72,48.87,143.03,1.0000,-1,-1,-1
366,59,390.74,351.99,43.45,160.14,1.0000,-1,-1,-1
366,60,84.81,291.84,70.07,176.96,1.0000,-1,-1,-1
367,35,416.26,351.37,71.69,190.19,1.0000,-1,-1,-1
367,37,1018.94,543.80,77.32,171.63,1.0000,-1,-1,-1
367,39,582.66,318.28,49.63,110.41,1.0000,-1,-1,-1
367,41,435.80,355.59,40.48,141.56,1.0000,-1,-1,-1
367,42,808.62,344.72,56.36,107.48,1.0000,-1,-1,-1
367,52,729.59,280.98,85.57,145.85,1.0000,-1,-1,-1
367,53,950.23,307.99,69.86,158.10,1.0000,-1,-1,-1
367,54,515.05,227.37,63.93,145.35,1.0000,-1,-1,-1
367,55,628.40,376.79,78.02,165.34,1.0000,-1,-1,-1
367,56,719.69,139.10,52.60,132.48,1.0000,-1,-1,-1
367,57,838.75,254.38,105.78,176.56,1.0000,-1,-1,-1
367,58,482.32,224.76,49.33,144.37,1.0000,-1,-1,-1
367,59,391.01,352.70,43.65,160.88,1.0000,-1,-1,-1
367,60,84.98,290.02,71.49,180.53,1.0000,-1,-1,-1
368,35,419.87,352.17,71.77,191.30,1.0000,-1,-1,-1
368,37,1017.38,543.33,71.84,171.68,1.0000,-1,-1,-1
368,39,581.05,318.08,49.46,110.03,1.0000,-1,-1,-1
368,41,436.80,356.53,40.46,141.47,1.0000,-1,-1,-1
368,42,807.18,345.77,56.26,107.29,1.0000,-1,-1,-1
368,52,733.50,283.13,85.78,146.20,1.0000,-1,-1,-1
368,53,955.12,306.43,71.44,160.26,1.0000,-1,-1,-1
368,54,512.02,229.46,67.14,144.60,1.0000,-1,-1,-1
368,55,629.04,377.23,78.06,164.62,1.0000,-1,-1,-1
368,56,721.79,140.72,53.21,132.37,1.0000,-1,-1,-1
368,57,846.80,248.14,104.21,178.50,1.0000,-1,-1,-1
368,58,481.81,224.96,49.56,145.27,1.0000,-1,-1,-1
368,59,391.28,353.41,43.85,161.61,1.0000,-1,-1,-1
368,60,85.16,288.23,72.87,184.04,1.0000,-1,-1,-1
369,35,421.92,352.62,71.55,192.26,1.0000,-1,-1,-1
369,37,1015.68,543.07,67.05,171.35,1.0000,-1,-1,-1
369,39,579.45,317.88,49.29,109.65,1.0000,-1,-1,-1
369,41,437.81,357.46,40.43,141.39,1.0000,-1,-1,-1
369,42,809.92,339.90,57.31,120.61,1.0000,-1,-1,-1
369,52,737.41,285.29,85.98,146.55,1.0000,-1,-1,-1
369,53,955.58,305.06,73.52,162.46,1.0000,-1,-1,-1
369,54,509.05,229.34,70.51,144.05,1.0000,-1,-1,-1
369,55,629.01,377.65,78.15,164.23,1.0000,-1,-1,-1
369,56,723.83,141.41,53.64,132.43,1.0000,-1,-1,-1
369,57,851.90,243.82,103.13,181.28,1.0000,-1,-1,-1
369,58,481.64,225.10,49.64,145.83,1.0000,-1,-1,-1
369,59,391.55,354.13,44.05,162.34,1.0000,-1,-1,-1
369,60,85.36,286.48,74.24,187.48,1.0000,-1,-1,-1
370,35,423.49,353.73,70.88,192.92,1.0000,-1,-1,-1
370,37,1014.10,543.60,63.64,171.17,1.0000,-1,-1,-1
370,39,577.84,317.69,49.12,109.27,1.0000,-1,-1,-1
370,41,438.81,358.39,40.41,141.30,1.0000,-1,-1,-1
370,42,810.31,336.25,55.08,126.11,1.0000,-1,-1,-1
370,52,741.32,287.44,86.19,146.91,1.0000,-1,-1,-1
370,53,958.66,299.55,73.78,166.21,1.0000,-1,-1,-1
370,54,505.89,228.88,74.02,144.71,1.0000,-1,-1,-1
370,55,630.70,378.39,77.67,164.34,1.0000,-1,-1,-1
370,56,724.72,141.86,53.97,132.75,1.0000,-1,-1,-1
370,57,853.31,240.62,103.95,183.60,1.0000,-1,-1,-1
370,58,481.50,225.08,49.66,146.10,1.0000,-1,-1,-1
370,59,391.83,354.85,44.25,163.07,1.0000,-1,-1,-1
370,60,85.57,284.75,75.57,190.86,1.0000,-1,-1,-1
371,35,424.70,353.63,70.46,193.38,1.0000,-1,-1,-1
371,37,1012.76,544.28,61.24,171.12,1.0000,-1,-1,-1
371,39,576.24,317.49,48.95,108.89,1.0000,-1,-1,-1
371,41,439.81,359.32,40.38,141.21,1.0000,-1,-1,-1
371,42,809.25,334.69,53.77,130.13,1.0000,-1,-1,-1
371,52,745.23,289.60,86.39,147.26,1.0000,-1,-1,-1
371,53,960.24,290.06,73.77,173.26,1.0000,-1,-1,-1
371,54,501.87,228.69,78.05,147.73,1.0000,-1,-1,-1
371,55,631.97,378.95,77.22,164.82,1.0000,-1,-1,-1
371,56,726.61,141.99,53.93,133.27,1.0000,-1,-1,-1
371,57,861.46,238.49,100.15,185.23,1.0000,-1,-1,-1
371,58,481.29,225.56,49.13,146.24,1.0000,-1,-1,-1
371,59,392.10,355.56,44.44,163.80,1.0000,-1,-1,-1
371,60,85.79,283.06,76.89,194.18,1.0000,-1,-1,-1
372,35,425.71,354.21,69.84,193.24,1.0000,-1,-1,-1
372,37,1008.35,544.47,60.76,171.26,1.0000,-1,-1,-1
372,39,574.63,317.30,48.77,108.50,1.0000,-1,-1,-1
372,41,440.82,360.25,40.36,141.12,1.0000,-1,-1,-1
372,42,807.80,333.37,54.82,133.87,1.0000,-1,-1,-1
372,52,749.14,291.75,86.60,147.61,1.0000,-1,-1,-1
372,53,962.05,280.01,73.88,180.84,1.0000,-1,-1,-1
372,54,499.28,228.79,81.05,150.71,1.0000,-1,-1,-1
372,55,633.38,379.41,76.91,165.47,1.0000,-1,-1,-1
372,56,727.43,142.35,53.91,133.56,1.0000,-1,-1,-1
372,57,870.39,236.93,95.18,186.77,1.0000,-1,-1,-1
372,58,481.20,225.66,49.54,147.47,1.0000,-1,-1,-1
372,59,392.37,356.28,44.64,164.52,1.0000,-1,-1,-1
372,60,86.03,281.39,78.18,197.44,1.0000,-1,-1,-1
373,35,428.68,355.26,68.22,193.83,1.0000,-1,-1,-1
373,37,996.52,545.37,65.64,172.48,1.0000,-1,-1,-1
373,41,441.82,361.18,40.33,141.03,1.0000,-1,-1,-1
373,42,807.53,332.11,55.81,137.26,1.0000,-1,-1,-1
373,52,753.06,293.91,86.80,147.96,1.0000,-1,-1,-1
373,53,965.33,283.34,74.83,180.74,1.0000,-1,-1,-1
373,54,498.02,227.68,82.78,153.01,1.0000,-1,-1,-1
373,55,636.85,380.84,75.94,166.41,1.0000,-1,-1,-1
373,56,729.51,142.96,54.14,133.71,1.0000,-1,-1,-1
373,57,878.53,252.23,89.20,178.72,1.0000,-1,-1,-1
373,58,481.12,225.77,49.95,148.69,1.0000,-1,-1,-1
373,59,392.64,357.01,44.83,165.24,1.0000,-1,-1,-1
373,60,86.27,279.75,79.45,200.65,1.0000,-1,-1,-1
374,35,431.03,356.66,67.14,194.16,1.0000,-1,-1,-1
374,37,986.51,546.50,72.76,173.07,1.0000,-1,-1,-1
374,41,442.83,362.11,40.31,140.94,1.0000,-1,-1,-1
374,42,807.80,330.76,55.79,139.87,1.0000,-1,-1,-1
374,52,756.97,296.06,87.01,148.30,1.0000,-1,-1,-1
374,53,967.03,282.62,75.53,181.68,1.0000,-1,-1,-1
374,54,496.73,225.89,84.25,155.15,1.0000,-1,-1,-1
374,55,637.69,381.52,76.06,167.40,1.0000,-1,-1,-1
374,56,731.05,142.58,54.14,134.32,1.0000,-1,-1,-1
374,57,883.13,256.41,84.85,173.63,1.0000,-1,-1,-1
374,58,481.04,225.88,50.36,149.90,1.0000,-1,-1,-1
374,59,392.92,357.73,45.03,165.96,1.0000,-1,-1,-1
374,60,86.52,278.13,80.70,203.81,1.0000,-1,-1,-1
375,35,433.80,357.25,66.73,194.22,1.0000,-1,-1,-1
375,37,977.40,547.46,80.99,173.06,1.0000,-1,-1,-1
375,41,443.83,363.05,40.28,140.86,1.0000,-1,-1,-1
375,42,810.69,329.20,55.10,141.71,1.0000,-1,-1,-1
375,52,760.88,298.22,87.21,148.65,1.0000,-1,-1,-1
375,53,957.13,277.96,82.73,185.38,1.0000,-1,-1,-1
375,54,494.82,224.09,86.73,157.33,1.0000,-1,-1,-1
375,55,638.31,380.94,77.02,167.83,1.0000,-1,-1,-1
375,56,732.25,142.85,54.05,134.63,1.0000,-1,-1,-1
375,57,888.70,256.93,85.31,174.56,1.0000,-1,-1,-1
375,58,480.96,226.00,50.76,151.10,1.0000,-1,-1,-1
375,59,393.19,358.45,45.22,166.67,1.0000,-1,-1,-1
375,60,86.79,276.54,81.94,206.92,1.0000,-1,-1,-1
376,35,435.40,357.52,66.23,194.17,1.0000,-1,-1,-1
376,37,971.77,548.87,88.18,172.33,1.0000,-1,-1,-1
376,41,444.84,363.98,40.26,140.77,1.0000,-1,-1,-1
376,42,814.04,327.37,53.26,143.55,1.0000,-1,-1,-1
376,52,764.79,300.38,87.42,149.00,1.0000,-1,-1,-1
376,53,957.42,276.67,85.87,187.25,1.0000,-1,-1,-1
376,54,496.19,223.39,87.26,157.44,1.0000,-1,-1,-1
376,55,638.81,380.73,77.46,167.74,1.0000,-1,-1,-1
376,56,733.47,142.86,54.00,135.03,1.0000,-1,-1,-1
376,57,894.27,257.46,85.76,175.48,1.0000,-1,-1,-1
376,58,480.88,226.12,51.16,152.29,1.0000,-1,-1,-1
376,59,393.46,359.18,45.41,167.38,1.0000,-1,-1,-1
376,60,87.06,274.97,83.15,209.99,1.0000,-1,-1,-1
377,35,437.28,358.49,66.01,194.29,1.0000,-1,-1,-1
377,37,969.13,550.08,94.18,171.46,1.0000,-1,-1,-1
377,41,445.84,364.91,40.23,140.68,1.0000,-1,-1,-1
377,42,817.68,324.73,51.17,145.33,1.0000,-1,-1,-1
377,52,768.71,302.53,87.62,149.34,1.0000,-1,-1,-1
377,53,962.85,279.52,84.67,186.61,1.0000,-1,-1,-1
377,54,496.38,223.55,88.17,158.75,1.0000,-1,-1,-1
377,55,639.65,381.37,77.55,167.54,1.0000,-1,-1,-1
377,56,734.76,143.31,54.08,135.25,1.0000,-1,-1,-1
377,57,899.84,257.99,86.21,176.40,1.0000,-1,-1,-1
377,58,480.80,226.24,51.56,153.47,1.0000,-1,-1,-1
377,59,393.74,359.91,45.61,168.09,1.0000,-1,-1,-1
377,60,87.34,273.43,84.35,213.01,1.0000,-1,-1,-1
378,35,439.34,360.07,65.91,194.53,1.0000,-1,-1,-1
378,37,968.25,551.25,98.06,170.50,1.0000,-1,-1,-1
378,41,446.84,365.84,40.21,140.59,1.0000,-1,-1,-1
378,42,821.20,320.34,50.24,146.72,1.0000,-1,-1,-1
378,52,772.62,304.69,87.82,149.69,1.0000,-1,-1,-1
378,53,966.66,288.78,84.00,181.13,1.0000,-1,-1,-1
378,54,498.97,224.97,87.16,159.26,1.0000,-1,-1,-1
378,55,641.22,383.05,77.64,167.65,1.0000,-1,-1,-1
378,56,736.05,143.77,54.17,135.46,1.0000,-1,-1,-1
378,57,905.41,258.52,86.65,177.31,1.0000,-1,-1,-1
378,58,480.73,226.37,51.95,154.64,1.0000,-1,-1,-1
378,59,394.01,360.64,45.80,168.79,1.0000,-1,-1,-1
378,60,87.63,271.90,85.53,215.99,1.0000,-1,-1,-1
379,35,441.24,360.61,66.26,195.76,1.0000,-1,-1,-1
379,37,966.98,551.64,99.89,169.95,1.0000,-1,-1,-1
379,41,447.85,366.77,40.18,140.50,1.0000,-1,-1,-1
379,42,824.43,317.03,49.35,147.40,1.0000,-1,-1,-1
379,52,776.54,306.85,88.02,150.03,1.0000,-1,-1,-1
379,53,968.99,296.31,83.73,175.80,1.0000,-1,-1,-1
379,54,496.55,224.69,88.93,160.26,1.0000,-1,-1,-1
379,55,640.35,384.67,79.00,168.20,1.0000,-1,-1,-1
379,56,737.34,144.22,54.26,135.68,1.0000,-1,-1,-1
379,57,910.98,259.05,87.10,178.22,1.0000,-1,-1,-1
379,58,480.65,226.51,52.34,155.80,1.0000,-1,-1,-1
379,59,394.29,361.37,45.99,169.49,1.0000,-1,-1,-1
379,60,87.93,270.40,86.69,218.93,1.0000,-1,-1,-1
380,35,444.10,360.94,67.35,196.15,1.0000,-1,-1,-1
380,37,966.19,551.61,99.58,169.70,1.0000,-1,-1,-1
380,42,826.70,314.04,49.82,148.19,1.0000,-1,-1,-1
380,52,780.45,309.01,88.22,150.38,1.0000,-1,-1,-1
380,53,970.63,301.47,82.86,171.37,1.0000,-1,-1,-1
380,54,499.43,224.40,88.02,159.74,1.0000,-1,-1,-1
380,55,640.55,385.69,79.70,168.57,1.0000,-1,-1,-1
380,56,738.63,144.68,54.34,135.89,1.0000,-1,-1,-1
380,57,916.55,259.59,87.54,179.13,1.0000,-1,-1,-1
380,58,480.58,226.65,52.73,156.96,1.0000,-1,-1,-1
380,59,394.57,362.10,46.18,170.19,1.0000,-1,-1,-1
380,60,88.23,268.91,87.84,221.83,1.0000,-1,-1,-1
381,35,445.88,361.29,68.01,196.43,1.0000,-1,-1,-1
381,37,965.65,551.28,97.25,169.69,1.0000,-1,-1,-1
381,42,827.62,312.00,51.35,148.58,1.0000,-1,-1,-1
381,52,784.36,311.17,88.42,150.72,1.0000,-1,-1,-1
381,53,971.56,304.69,81.04,167.93,1.0000,-1,-1,-1
381,54,506.79,224.76,84.34,158.99,1.0000,-1,-1,-1
381,55,642.55,386.92,79.08,168.48,1.0000,-1,-1,-1
381,56,739.91,145.13,54.43,136.11,1.0000,-1,-1,-1
381,57,922.13,260.12,87.98,180.03,1.0000,-1,-1,-1
381,58,480.51,226.79,53.12,158.11,1.0000,-1,-1,-1
381,59,394.84,362.83,46.37,170.89,1.0000,-1,-1,-1
381,60,88.55,267.44,88.97,224.69,1.0000,-1,-1,-1
382,35,448.00,361.54,67.89,196.51,1.0000,-1,-1,-1
382,37,963.34,551.74,97.44,170.02,1.0000,-1,-1,-1
382,42,829.41,311.43,54.27,149.06,1.0000,-1,-1,-1
382,52,788.28,313.33,88.62,151.06,1.0000,-1,-1,-1
382,53,972.91,306.86,79.39,165.20,1.0000,-1,-1,-1
382,54,511.28,224.70,81.31,158.51,1.0000,-1,-1,-1
382,55,645.27,388.09,77.65,168.27,1.0000,-1,-1,-1
382,56,741.15,146.37,53.14,135.35,1.0000,-1,-1,-1
382,57,927.70,260.67,88.42,180.93,1.0000,-1,-1,-1
382,58,494.01,221.37,48.47,150.81,1.0000,-1,-1,-1
382,59,395.12,363.57,46.55,171.58,1.0000,-1,-1,-1
382,60,88.86,265.99,90.09,227.52,1.0000,-1,-1,-1
383,35,449.73,362.09,67.89,196.01,1.0000,-1,-1,-1
383,37,961.03,552.20,97.63,170.35,1.0000,-1,-1,-1
383,42,837.25,311.97,59.02,148.66,1.0000,-1,-1,-1
383,52,792.19,315.49,88.82,151.40,1.0000,-1,-1,-1
383,53,973.09,311.13,78.49,162.24,1.0000,-1,-1,-1
383,54,510.99,223.51,80.86,158.64,1.0000,-1,-1,-1
383,55,648.71,389.32,76.25,168.94,1.0000,-1,-1,-1
383,56,742.39,146.86,53.21,135.53,1.0000,-1,-1,-1
383,57,933.28,261.21,88.86,181.82,1.0000,-1,-1,-1
383,58,496.76,219.22,46.47,151.51,1.0000,-1,-1,-1
383,59,395.40,364.31,46.74,172.27,1.0000,-1,-1,-1
383,60,89.19,264.56,91.20,230.31,1.0000,-1,-1,-1
384,35,451.01,363.81,68.21,195.52,1.0000,-1,-1,-1
384,37,958.71,552.67,97.82,170.69,1.0000,-1,-1,-1
384,42,838.49,313.76,64.14,147.26,1.0000,-1,-1,-1
384,52,796.11,317.65,89.02,151.74,1.0000,-1,-1,-1
384,53,972.27,315.10,77.88,159.62,1.0000,-1,-1,-1
384,54,510.68,222.98,81.06,158.88,1.0000,-1,-1,-1
384,55,651.21,390.10,74.83,169.63,1.0000,-1,-1,-1
384,56,743.63,147.36,53.29,135.72,1.0000,-1,-1,-1
384,57,938.86,261.75,89.29,182.71,1.0000,-1,-1,-1
384,58,497.76,216.61,45.68,153.66,1.0000,-1,-1,-1
384,59,395.67,365.04,46.93,172.95,1.0000,-1,-1,-1
384,60,89.52,263.15,92.29,233.07,1.0000,-1,-1,-1
385,35,452.22,365.40,68.09,195.19,1.0000,-1,-1,-1
385,37,956.40,553.13,98.01,171.02,1.0000,-1,-1,-1
385,42,836.62,316.90,70.66,145.12,1.0000,-1,-1,-1
385,52,800.02,319.81,89.22,152.08,1.0000,-1,-1,-1
385,53,971.04,317.80,77.72,158.05,1.0000,-1,-1,-1
385,54,508.28,221.16,82.96,160.30,1.0000,-1,-1,-1
385,55,650.75,390.88,75.50,170.19,1.0000,-1,-1,-1
385,56,744.88,147.85,53.36,135.90,1.0000,-1,-1,-1
385,57,944.43,262.30,89.72,183.59,1.0000,-1,-1,-1
385,58,498.48,216.05,45.91,154.46,1.0000,-1,-1,-1
385,59,395.95,365.78,47.11,173.64,1.0000,-1,-1,-1
385,60,89.86,261.75,93.37,235.80,1.0000,-1,-1,-1
385,61,900.64,223.92,76.59,164.17,1.0000,-1,-1,-1
386,35,453.69,366.76,67.79,194.97,1.0000,-1,-1,-1
386,37,954.09,553.59,98.21,171.35,1.0000,-1,-1,-1
386,42,835.60,320.41,75.75,143.28,1.0000,-1,-1,-1
386,52,803.94,321.97,89.42,152.42,1.0000,-1,-1,-1
386,53,969.37,319.51,79.02,157.34,1.0000,-1,-1,-1
386,54,514.49,222.40,80.51,160.27,1.0000,-1,-1,-1
386,55,649.57,390.78,77.59,170.96,1.0000,-1,-1,-1
386,56,745.06,148.91,55.59,134.90,1.0000,-1,-1,-1
386,57,950.01,262.85,90.15,184.47,1.0000,-1,-1,-1
386,58,496.87,212.75,47.36,156.45,1.0000,-1,-1,-1
386,59,396.23,366.52,47.30,174.32,1.0000,-1,-1,-1
386,60,90.21,260.37,94.44,238.49,1.0000,-1,-1,-1
386,61,898.73,221.51,79.10,161.86,1.0000,-1,-1,-1
387,35,455.25,367.55,67.07,194.93,1.0000,-1,-1,-1
387,37,951.77,554.05,98.40,171.68,1.0000,-1,-1,-1
387,42,836.40,323.94,78.22,140.82,1.0000,-1,-1,-1
387,52,807.85,324.13,89.62,152.76,1.0000,-1,-1,-1
387,53,969.32,320.63,79.73,156.64,1.0000,-1,-1,-1
387,54,518.90,225.10,78.76,159.14,1.0000,-1,-1,-1
387,55,654.38,391.71,76.80,170.58,1.0000,-1,-1,-1
387,56,744.13,149.51,57.41,134.68,1.0000,-1,-1,-1
387,57,955.59,263.40,90.58,185.35,1.0000,-1,-1,-1
387,58,496.79,213.97,47.64,154.37,1.0000,-1,-1,-1
387,59,396.51,367.27,47.48,175.00,1.0000,-1,-1,-1
387,60,90.56,259.00,95.49,241.16,1.0000,-1,-1,-1
387,61,897.94,217.70,80.85,165.43,1.0000,-1,-1,-1
388,35,457.21,367.58,65.92,194.96,1.0000,-1,-1,-1
388,37,934.88,555.52,85.42,167.05,1.0000,-1,-1,-1
388,42,843.76,326.16,75.88,139.69,1.0000,-1,-1,-1
388,52,811.77,326.29,89.82,153.09,1.0000,-1,-1,-1
388,53,968.22,319.95,79.29,157.60,1.0000,-1,-1,-1
388,54,523.03,225.84,78.02,158.23,1.0000,-1,-1,-1
388,55,664.46,393.14,72.71,169.68,1.0000,-1,-1,-1
388,56,741.03,150.77,59.84,134.16,1.0000,-1,-1,-1
388,57,961.17,263.95,91.00,186.22,1.0000,-1,-1,-1
388,58,495.33,215.96,49.45,151.42,1.0000,-1,-1,-1
388,59,396.79,368.01,47.67,175.68,1.0000,-1,-1,-1
388,60,131.42,291.23,59.42,151.28,1.0000,-1,-1,-1
388,61,897.18,213.93,82.56,168.94,1.0000,-1,-1,-1
389,35,459.60,368.53,65.54,195.15,1.0000,-1,-1,-1
389,37,928.63,556.90,85.21,165.00,1.0000,-1,-1,-1
389,42,847.90,327.52,74.43,138.79,1.0000,-1,-1,-1
389,52,815.69,328.45,90.02,153.43,1.0000,-1,-1,-1
389,53,966.72,320.30,77.84,158.10,1.0000,-1,-1,-1
389,54,525.25,226.25,77.66,157.43,1.0000,-1,-1,-1
389,55,668.58,394.58,70.82,169.38,1.0000,-1,-1,-1
389,56,738.54,151.82,62.14,134.62,1.0000,-1,-1,-1
389,57,966.76,264.51,91.43,187.08,1.0000,-1,-1,-1
389,58,495.73,215.34,49.70,152.20,1.0000,-1,-1,-1
389,59,397.06,368.75,47.85,176.35,1.0000,-1,-1,-1
389,60,133.19,290.61,59.47,151.40,1.0000,-1,-1,-1
389,61,896.43,210.20,84.24,172.37,1.0000,-1,-1,-1
390,35,460.73,369.86,64.35,195.49,1.0000,-1,-1,-1
390,37,922.52,557.77,87.94,163.79,1.0000,-1,-1,-1
390,42,849.14,327.96,74.17,138.43,1.0000,-1,-1,-1
390,52,819.60,330.62,90.21,153.77,1.0000,-1,-1,-1
390,53,961.08,321.25,75.83,158.48,1.0000,-1,-1,-1
390,54,527.58,226.59,77.43,156.50,1.0000,-1,-1,-1
390,55,675.20,396.20,66.84,169.28,1.0000,-1,-1,-1
390,56,735.52,152.27,64.45,135.13,1.0000,-1,-1,-1
390,57,972.34,265.07,91.85,187.95,1.0000,-1,-1,-1
390,58,496.13,214.72,49.96,152.99,1.0000,-1,-1,-1
390,59,397.34,369.50,48.03,177.02,1.0000,-1,-1,-1
390,60,138.86,287.62,60.78,153.06,1.0000,-1,-1,-1
390,61,895.70,206.49,85.89,175.73,1.0000,-1,-1,-1
391,35,462.41,370.32,62.85,195.99,1.0000,-1,-1,-1
391,37,917.09,558.62,91.15,162.81,1.0000,-1,-1,-1
391,42,850.42,326.95,73.85,139.09,1.0000,-1,-1,-1
391,52,823.52,332.78,90.41,154.10,1.0000,-1,-1,-1
391,53,956.41,322.42,74.49,158.56,1.0000,-1,-1,-1
391,54,528.61,227.43,77.99,155.72,1.0000,-1,-1,-1
391,55,679.49,397.52,63.87,169.02,1.0000,-1,-1,-1
391,56,732.97,152.80,66.78,135.62,1.0000,-1,-1,-1
391,57,977.93,265.62,92.27,188.81,1.0000,-1,-1,-1
391,58,492.62,220.02,53.66,153.31,1.0000,-1,-1,-1
391,59,397.62,370.25,48.21,177.69,1.0000,-1,-1,-1
391,60,141.87,286.56,61.78,153.41,1.0000,-1,-1,-1
391,61,894.98,202.82,87.50,179.03,1.0000,-1,-1,-1
392,35,464.11,370.66,61.63,196.73,1.0000,-1,-1,-1
392,37,913.23,560.31,93.50,161.38,1.0000,-1,-1,-1
392,42,850.93,326.72,73.63,140.13,1.0000,-1,-1,-1
392,52,827.43,334.94,90.61,154.43,1.0000,-1,-1,-1
392,53,955.41,323.17,74.63,158.88,1.0000,-1,-1,-1
392,54,528.98,231.23,78.62,153.27,1.0000,-1,-1,-1
392,55,682.06,398.65,63.36,169.39,1.0000,-1,-1,-1
392,56,733.19,153.32,66.94,135.96,1.0000,-1,-1,-1
392,57,983.51,266.19,92.69,189.66,1.0000,-1,-1,-1
392,58,491.22,221.52,56.30,154.16,1.0000,-1,-1,-1
392,59,397.90,370.99,48.39,178.36,1.0000,-1,-1,-1
392,60,139.87,285.71,65.85,152.85,1.0000,-1,-1,-1
392,61,894.28,199.18,89.08,182.27,1.0000,-1,-1,-1
393,35,466.01,371.12,59.97,197.16,1.0000,-1,-1,-1
393,37,909.30,560.71,93.63,161.62,1.0000,-1,-1,-1
393,42,850.72,324.74,73.41,141.57,1.0000,-1,-1,-1
393,52,831.35,337.10,90.80,154.77,1.0000,-1,-1,-1
393,53,954.41,323.92,74.78,159.19,1.0000,-1,-1,-1
393,54,531.32,232.70,77.99,150.42,1.0000,-1,-1,-1
393,55,684.38,400.21,65.02,170.33,1.0000,-1,-1,-1
393,56,733.40,153.84,67.11,136.29,1.0000,-1,-1,-1
393,57,989.10,266.75,93.10,190.51,1.0000,-1,-1,-1
393,58,489.75,223.81,59.99,157.32,1.0000,-1,-1,-1
393,59,398.18,371.74,48.57,179.02,1.0000,-1,-1,-1
393,60,141.87,284.78,65.99,153.19,1.0000,-1,-1,-1
393,61,893.59,195.57,90.64,185.46,1.0000,-1,-1,-1
393,62,643.68,395.91,52.21,160.94,1.0000,-1,-1,-1
394,35,467.64,371.41,58.40,197.83,1.0000,-1,-1,-1
394,37,905.36,561.11,93.77,161.86,1.0000,-1,-1,-1
394,42,849.88,322.48,72.53,143.37,1.0000,-1,-1,-1
394,52,835.27,339.27,91.00,155.10,1.0000,-1,-1,-1
394,53,953.40,324.67,74.93,159.51,1.0000,-1,-1,-1
394,54,531.42,234.71,78.86,148.79,1.0000,-1,-1,-1
394,55,684.47,401.52,65.95,171.20,1.0000,-1,-1,-1
394,56,733.61,154.36,67.27,136.63,1.0000,-1,-1,-1
394,57,994.68,267.31,93.52,191.36,1.0000,-1,-1,-1
394,58,488.45,226.05,61.45,158.14,1.0000,-1,-1,-1
394,59,398.47,372.49,48.75,179.68,1.0000,-1,-1,-1
394,60,143.88,283.85,66.14,153.53,1.0000,-1,-1,-1
394,61,892.92,191.99,92.17,188.59,1.0000,-1,-1,-1
394,62,644.00,393.08,51.38,162.73,1.0000,-1,-1,-1
395,35,469.06,371.96,57.29,198.33,1.0000,-1,-1,-1
395,37,901.43,561.52,93.91,162.10,1.0000,-1,-1,-1
395,42,851.36,322.42,72.61,143.54,1.0000,-1,-1,-1
395,52,839.19,341.43,91.19,155.43,1.0000,-1,-1,-1
395,53,936.53,335.02,76.34,156.10,1.0000,-1,-1,-1
395,54,531.34,236.25,79.69,147.21,1.0000,-1,-1,-1
395,55,684.66,402.46,69.25,171.75,1.0000,-1,-1,-1
395,56,733.82,154.87,67.44,136.96,1.0000,-1,-1,-1
395,57,1000.27,267.88,93.93,192.20,1.0000,-1,-1,-1
395,58,488.69,226.66,62.29,158.20,1.0000,-1,-1,-1
395,59,398.75,373.25,48.93,180.34,1.0000,-1,-1,-1
395,60,145.89,282.93,66.29,153.87,1.0000,-1,-1,-1
395,61,892.26,188.43,93.67,191.67,1.0000,-1,-1,-1
395,62,643.26,391.64,49.71,162.38,1.0000,-1,-1,-1
396,35,470.08,372.34,56.36,198.92,1.0000,-1,-1,-1
396,37,897.50,561.92,94.05,162.33,1.0000,-1,-1,-1
396,42,852.85,322.37,72.70,143.71,1.0000,-1,-1,-1
396,52,843.10,343.60,91.39,155.76,1.0000,-1,-1,-1
396,53,923.93,338.94,84.43,153.82,1.0000,-1,-1,-1
396,54,531.68,238.96,79.98,144.55,1.0000,-1,-1,-1
396,55,683.10,403.69,73.47,172.13,1.0000,-1,-1,-1
396,56,734.04,155.39,67.60,137.30,1.0000,-1,-1,-1
396,57,1005.86,268.45,94.34,193.04,1.0000,-1,-1,-1
396,58,489.22,229.14,63.65,156.79,1.0000,-1,-1,-1
396,59,399.03,374.00,49.11,181.00,1.0000,-1,-1,-1
396,60,147.89,282.00,66.43,154.21,1.0000,-1,-1,-1
396,61,891.61,184.89,95.16,194.70,1.0000,-1,-1,-1
396,62,642.57,385.74,49.52,162.88,1.0000,-1,-1,-1
397,35,470.08,372.89,56.17,199.44,1.0000,-1,-1,-1
397,37,893.56,562.32,94.19,162.57,1.0000,-1,-1,-1
397,42,854.33,322.31,72.78,143.88,1.0000,-1,-1,-1
397,52,847.02,345.76,91.58,156.10,1.0000,-1,-1,-1
397,53,919.45,345.13,89.15,149.56,1.0000,-1,-1,-1
397,54,535.63,243.48,78.06,138.55,1.0000,-1,-1,-1
397,55,677.88,404.35,78.81,172.71,1.0000,-1,-1,-1
397,56,734.25,155.91,67.76,137.63,1.0000,-1,-1,-1
397,57,1011.45,269.02,94.75,193.88,1.0000,-1,-1,-1
397,58,489.22,230.37,64.89,155.76,1.0000,-1,-1,-1
397,59,399.31,374.75,49.29,181.65,1.0000,-1,-1,-1
397,60,149.90,281.08,66.58,154.54,1.0000,-1,-1,-1
397,61,903.02,210.45,50.79,120.95,1.0000,-1,-1,-1
397,62,641.93,382.20,48.70,162.12,1.0000,-1,-1,-1
398,35,469.19,373.08,57.11,200.53,1.0000,-1,-1,-1
398,37,889.63,562.73,94.32,162.81,1.0000,-1,-1,-1
398,42,836.27,275.72,76.32,169.12,1.0000,-1,-1,-1
398,53,907.13,351.77,98.71,144.71,1.0000,-1,-1,-1
398,54,535.44,245.42,77.96,135.82,1.0000,-1,-1,-1
398,55,672.73,404.56,83.40,173.77,1.0000,-1,-1,-1
398,56,734.46,156.43,67.93,137.96,1.0000,-1,-1,-1
398,57,1017.04,269.59,95.16,194.71,1.0000,-1,-1,-1
398,58,487.32,230.55,64.35,153.39,1.0000,-1,-1,-1
398,59,399.59,375.51,49.46,182.30,1.0000,-1,-1,-1
398,60,151.91,280.15,66.72,154.88,1.0000,-1,-1,-1
398,61,903.17,209.89,48.93,116.52,1.0000,-1,-1,-1
398,62,637.28,376.13,51.14,162.80,1.0000,-1,-1,-1
399,35,468.21,374.31,58.11,201.01,1.0000,-1,-1,-1
399,37,885.70,563.13,94.46,163.05,1.0000,-1,-1,-1
399,42,836.30,272.87,76.47,169.45,1.0000,-1,-1,-1
399,53,899.50,355.84,105.53,142.04,1.0000,-1,-1,-1
399,54,534.43,247.44,78.60,133.70,1.0000,-1,-1,-1
399,55,671.37,404.71,85.59,174.42,1.0000,-1,-1,-1
399,56,734.68,156.95,68.09,138.29,1.0000,-1,-1,-1
399,57,1022.63,270.17,95.56,195.54,1.0000,-1,-1,-1
399,58,486.25,228.61,62.87,153.36,1.0000,-1,-1,-1
399,59,399.87,376.27,49.64,182.95,1.0000,-1,-1,-1
399,60,153.91,279.23,66.87,155.22,1.0000,-1,-1,-1
399,61,903.35,209.42,47.00,111.92,1.0000,-1,-1,-1
399,62,633.35,373.53,53.86,162.72,1.0000,-1,-1,-1
400,35,467.53,381.32,58.86,197.60,1.0000,-1,-1,-1
400,37,881.77,563.53,94.60,163.28,1.0000,-1,-1,-1
400,42,836.33,270.01,76.62,169.77,1.0000,-1,-1,-1
400,53,894.98,358.20,109.84,140.06,1.0000,-1,-1,-1
400,54,532.57,249.00,79.95,132.27,1.0000,-1,-1,-1
400,55,671.54,404.61,85.02,175.08,1.0000,-1,-1,-1
400,56,734.89,157.47,68.25,138.62,1.0000,-1,-1,-1
400,57,1028.23,270.74,95.97,196.37,1.0000,-1,-1,-1
400,58,485.93,227.47,61.29,153.64,1.0000,-1,-1,-1
400,59,400.16,377.02,49.82,183.60,1.0000,-1,-1,-1
400,60,155.92,278.30,67.01,155.55,1.0000,-1,-1,-1
400,61,883.05,222.67,61.54,119.31,1.0000,-1,-1,-1
400,62,631.92,370.40,53.73,162.31,1.0000,-1,-1,-1
401,35,467.55,385.76,59.29,194.82,1.0000,-1,-1,-1
401,37,877.83,563.94,94.73,163.52,1.0000,-1,-1,-1
401,42,836.36,267.16,76.76,170.10,1.0000,-1,-1,-1
401,53,888.50,359.69,111.16,138.73,1.0000,-1,-1,-1
401,54,531.89,249.55,80.89,130.73,1.0000,-1,-1,-1
401,55,672.70,404.97,83.75,175.41,1.0000,-1,-1,-1
401,56,735.11,157.99,68.42,138.95,1.0000,-1,-1,-1
401,57,1033.82,271.32,96.37,197.19,1.0000,-1,-1,-1
401,58,487.13,225.64,59.72,151.12,1.0000,-1,-1,-1
401,59,400.44,377.78,49.99,184.24,1.0000,-1,-1,-1
401,60,157.93,277.38,67.16,155.89,1.0000,-1,-1,-1
401,61,878.41,225.94,66.57,119.02,1.0000,-1,-1,-1
401,62,630.64,374.42,55.48,162.04,1.0000,-1,-1,-1
402,35,467.92,388.38,59.78,193.11,1.0000,-1,-1,-1
402,37,873.90,564.34,94.87,163.75,1.0000,-1,-1,-1
402,42,836.39,264.31,76.91,170.43,1.0000,-1,-1,-1
402,53,882.05,362.14,111.00,136.70,1.0000,-1,-1,-1
402,54,529.78,247.01,82.59,132.04,1.0000,-1,-1,-1
402,55,672.98,405.38,82.88,175.55,1.0000,-1,-1,-1
402,56,712.75,161.55,69.45,133.43,1.0000,-1,-1,-1
402,57,1039.41,271.90,96.77,198.01,1.0000,-1,-1,-1
402,58,487.48,225.50,58.42,148.52,1.0000,-1,-1,-1
402,59,400.72,378.54,50.16,184.89,1.0000,-1,-1,-1
402,60,159.94,276.45,67.30,156.22,1.0000,-1,-1,-1
402,61,876.94,227.42,69.43,118.57,1.0000,-1,-1,-1
402,62,629.29,372.06,55.46,162.00,1.0000,-1,-1,-1
403,35,468.39,382.87,60.59,196.13,1.0000,-1,-1,-1
403,37,869.97,564.75,95.01,163.99,1.0000,-1,-1,-1
403,42,836.42,261.46,77.06,170.75,1.0000,-1,-1,-1
403,53,878.26,363.85,111.29,137.06,1.0000,-1,-1,-1
403,54,525.09,243.38,84.18,134.74,1.0000,-1,-1,-1
403,55,674.12,407.07,82.06,175.03,1.0000,-1,-1,-1
403,56,711.63,162.09,69.60,133.73,1.0000,-1,-1,-1
403,57,1045.01,272.48,97.17,198.83,1.0000,-1,-1,-1
403,58,487.25,225.09,58.68,149.19,1.0000,-1,-1,-1
403,59,401.01,379.30,50.34,185.53,1.0000,-1,-1,-1
403,60,161.94,275.53,67.44,156.55,1.0000,-1,-1,-1
403,61,879.88,227.14,70.80,119.56,1.0000,-1,-1,-1
403,62,627.95,369.69,55.45,161.96,1.0000,-1,-1,-1
404,35,468.87,385.32,61.37,194.84,1.0000,-1,-1,-1
404,37,866.03,565.15,95.14,164.22,1.0000,-1,-1,-1
404,42,836.45,258.61,77.20,171.08,1.0000,-1,-1,-1
404,53,874.47,365.57,111.59,137.42,1.0000,-1,-1,-1
404,54,524.61,241.73,83.11,135.86,1.0000,-1,-1,-1
404,55,674.96,408.10,82.22,174.74,1.0000,-1,-1,-1
404,56,710.50,162.64,69.75,134.02,1.0000,-1,-1,-1
404,57,1050.60,273.06,97.56,199.64,1.0000,-1,-1,-1
404,58,486.91,231.48,57.62,147.63,1.0000,-1,-1,-1
404,59,401.29,380.07,50.51,186.16,1.0000,-1,-1,-1
404,60,163.95,274.60,67.59,156.88,1.0000,-1,-1,-1
404,61,882.21,226.87,72.39,121.21,1.0000,-1,-1,-1
404,62,626.60,367.32,55.44,161.92,1.0000,-1,-1,-1
405,35,469.79,387.29,61.70,193.70,1.0000,-1,-1,-1
405,37,862.10,565.56,95.28,164.46,1.0000,-1,-1,-1
405,42,836.48,255.76,77.35,171.40,1.0000,-1,-1,-1
405,53,870.69,367.29,111.88,137.77,1.0000,-1,-1,-1
405,54,523.34,242.56,80.55,135.49,1.0000,-1,-1,-1
405,55,679.92,408.49,79.95,174.97,1.0000,-1,-1,-1
405,56,709.38,163.18,69.91,134.32,1.0000,-1,-1,-1
405,57,1056.20,273.65,97.96,200.45,1.0000,-1,-1,-1
405,58,486.62,231.59,57.86,148.25,1.0000,-1,-1,-1
405,59,401.58,380.83,50.68,186.80,1.0000,-1,-1,-1
405,60,165.96,273.68,67.73,157.22,1.0000,-1,-1,-1
405,61,885.48,227.17,72.74,121.89,1.0000,-1,-1,-1
405,62,625.25,364.96,55.42,161.88,1.0000,-1,-1,-1
406,35,468.94,382.82,62.95,196.81,1.0000,-1,-1,-1
406,37,858.17,565.96,95.42,164.69,1.0000,-1,-1,-1
406,42,836.51,252.90,77.49,171.72,1.0000,-1,-1,-1
406,53,866.90,369.00,112.17,138.13,1.0000,-1,-1,-1
406,54,521.72,241.90,76.73,136.03,1.0000,-1,-1,-1
406,55,684.75,408.91,74.90,174.93,1.0000,-1,-1,-1
406,56,708.26,163.73,70.06,134.61,1.0000,-1,-1,-1
406,57,1061.80,274.23,98.35,201.25,1.0000,-1,-1,-1
406,58,486.34,231.69,58.11,148.88,1.0000,-1,-1,-1
406,59,401.86,381.59,50.86,187.43,1.0000,-1,-1,-1
406,60,166.67,270.61,63.89,157.79,1.0000,-1,-1,-1
406,61,890.80,226.27,71.72,122.58,1.0000,-1,-1,-1
406,62,623.91,362.59,55.41,161.85,1.0000,-1,-1,-1
407,35,471.03,385.23,62.52,196.23,1.0000,-1,-1,-1
407,37,854.24,566.37,95.55,164.93,1.0000,-1,-1,-1
407,42,836.54,250.05,77.64,172.05,1.0000,-1,-1,-1
407,53,863.11,370.72,112.46,138.49,1.0000,-1,-1,-1
407,54,520.70,241.01,72.80,135.22,1.0000,-1,-1,-1
407,55,687.95,408.49,73.94,175.39,1.0000,-1,-1,-1
407,56,707.13,164.27,70.21,134.90,1.0000,-1,-1,-1
407,57,1067.40,274.82,98.74,202.06,1.0000,-1,-1,-1
407,58,486.05,231.80,58.35,149.50,1.0000,-1,-1,-1
407,59,402.14,382.36,51.03,188.07,1.0000,-1,-1,-1
407,60,170.51,269.83,61.74,156.17,1.0000,-1,-1,-1
407,61,894.87,224.87,71.27,125.41,1.0000,-1,-1,-1
407,62,622.56,360.23,55.40,161.81,1.0000,-1,-1,-1
408,35,475.38,387.92,60.47,195.17,1.0000,-1,-1,-1
408,37,850.31,566.77,95.69,165.16,1.0000,-1,-1,-1
408,42,836.57,247.20,77.79,172.37,1.0000,-1,-1,-1
408,53,859.32,372.44,112.75,138.84,1.0000,-1,-1,-1
408,54,520.19,237.79,67.80,136.15,1.0000,-1,-1,-1
408,55,686.12,407.31,73.48,175.85,1.0000,-1,-1,-1
408,56,706.01,164.82,70.37,135.20,1.0000,-1,-1,-1
408,57,1073.00,275.41,99.14,202.85,1.0000,-1,-1,-1
408,58,485.76,231.90,58.59,150.12,1.0000,-1,-1,-1
408,59,402.43,383.13,51.20,188.69,1.0000,-1,-1,-1
408,60,172.45,268.82,61.81,156.34,1.0000,-1,-1,-1
408,61,895.54,225.05,70.81,124.61,1.0000,-1,-1,-1
408,62,621.21,357.86,55.38,161.77,1.0000,-1,-1,-1
409,35,478.16,390.27,58.92,193.95,1.0000,-1,-1,-1
409,37,846.37,567.18,95.82,165.40,1.0000,-1,-1,-1
409,42,836.60,244.35,77.93,172.69,1.0000,-1,-1,-1
409,53,855.54,374.16,113.03,139.20,1.0000,-1,-1,-1
409,54,519.24,235.99,65.50,136.83,1.0000,-1,-1,-1
409,55,688.68,405.99,71.03,176.02,1.0000,-1,-1,-1
409,56,704.89,165.36,70.52,135.49,1.0000,-1,-1,-1
409,57,1078.60,276.00,99.52,203.65,1.0000,-1,-1,-1
409,58,485.48,232.01,58.83,150.74,1.0000,-1,-1,-1
409,59,402.71,383.89,51.37,189.32,1.0000,-1,-1,-1
409,60,174.38,267.81,61.88,156.52,1.0000,-1,-1,-1
409,61,896.22,225.25,70.35,123.79,1.0000,-1,-1,-1
409,62,619.87,355.49,55.37,161.73,1.0000,-1,-1,-1
409,63,798.70,337.51,112.20,149.85,1.0000,-1,-1,-1
409,64,763.77,243.38,88.85,119.67,1.0000,-1,-1,-1
410,35,479.62,391.10,58.09,193.03,1.0000,-1,-1,-1
410,37,842.44,567.58,95.96,165.63,1.0000,-1,-1,-1
410,42,836.63,241.50,78.08,173.01,1.0000,-1,-1,-1
410,53,851.75,375.88,113.32,139.55,1.0000,-1,-1,-1
410,54,520.23,229.09,63.88,139.90,1.0000,-1,-1,-1
410,55,691.42,403.70,68.51,175.14,1.0000,-1,-1,-1
410,56,703.77,165.91,70.67,135.78,1.0000,-1,-1,-1
410,57,1084.20,276.59,99.91,204.44,1.0000,-1,-1,-1
410,58,485.19,232.12,59.07,151.35,1.0000,-1,-1,-1
410,59,403.00,384.66,51.54,189.95,1.0000,-1,-1,-1
410,60,176.31,266.80,61.94,156.69,1.0000,-1,-1,-1
410,61,896.89,225.44,69.89,122.98,1.0000,-1,-1,-1
410,62,618.52,353.13,55.36,161.69,1.0000,-1,-1,-1
410,63,795.23,329.71,105.18,148.48,1.0000,-1,-1,-1
410,64,765.25,244.01,90.36,121.70,1.0000,-1,-1,-1
411,35,480.84,391.50,57.82,192.54,1.0000,-1,-1,-1
411,37,838.51,567.99,96.09,165.86,1.0000,-1,-1,-1
411,42,836.66,238.66,78.22,173.33,1.0000,-1,-1,-1
411,53,847.96,377.60,113.61,139.91,1.0000,-1,-1,-1
411,54,519.31,228.18,63.92,140.00,1.0000,-1,-1,-1
411,55,692.50,403.76,68.59,175.34,1.0000,-1,-1,-1
411,56,702.64,166.46,70.82,136.07,1.0000,-1,-1,-1
411,57,1089.80,277.18,100.30,205.23,1.0000,-1,-1,-1
411,58,484.91,232.23,59.31,151.96,1.0000,-1,-1,-1
411,59,403.29,385.43,51.71,190.57,1.0000,-1,-1,-1
411,60,178.24,265.79,62.01,156.86,1.0000,-1,-1,-1
411,61,897.57,225.64,69.42,122.15,1.0000,-1,-1,-1
411,62,617.18,350.76,55.34,161.65,1.0000,-1,-1,-1
411,63,791.61,325.72,101.75,143.64,1.0000,-1,-1,-1
411,64,766.73,244.66,91.84,123.70,1.0000,-1,-1,-1
412,35,481.74,391.29,58.05,192.50,1.0000,-1,-1,-1
412,37,834.58,568.39,96.23,166.09,1.0000,-1,-1,-1
412,42,836.70,235.81,78.36,173.65,1.0000,-1,-1,-1
412,53,844.18,379.32,113.89,140.26,1.0000,-1,-1,-1
412,54,517.11,232.98,63.65,138.48,1.0000,-1,-1,-1
412,55,693.58,403.82,68.67,175.53,1.0000,-1,-1,-1
412,56,714.49,159.08,61.47,134.93,1.0000,-1,-1,-1
412,57,1095.40,277.78,100.68,206.02,1.0000,-1,-1,-1
412,58,484.62,232.35,59.55,152.57,1.0000,-1,-1,-1
412,59,403.57,386.20,51.88,191.19,1.0000,-1,-1,-1
412,60,180.17,264.78,62.08,157.03,1.0000,-1,-1,-1
412,61,898.25,225.84,68.95,121.33,1.0000,-1,-1,-1
412,62,615.83,348.39,55.33,161.61,1.0000,-1,-1,-1
412,63,788.05,321.82,98.20,138.62,1.0000,-1,-1,-1
412,64,768.24,245.32,93.30,125.67,1.0000,-1,-1,-1
413,35,482.73,389.60,58.46,192.15,1.0000,-1,-1,-1
413,37,819.86,564.12,64.01,156.95,1.0000,-1,-1,-1
413,42,836.73,232.96,78.51,173.97,1.0000,-1,-1,-1
413,53,840.39,381.04,114.18,140.61,1.0000,-1,-1,-1
413,54,511.01,231.54,67.34,138.59,1.0000,-1,-1,-1
413,55,700.53,392.83,63.65,173.84,1.0000,-1,-1,-1
413,56,713.92,159.14,61.55,135.13,1.0000,-1,-1,-1
413,57,1101.00,278.38,101.07,206.81,1.0000,-1,-1,-1
413,58,485.52,232.52,50.27,141.14,1.0000,-1,-1,-1
413,59,403.86,386.98,52.04,191.81,1.0000,-1,-1,-1
413,60,182.10,263.77,62.15,157.20,1.0000,-1,-1,-1
413,61,898.94,226.04,68.47,120.49,1.0000,-1,-1,-1
413,62,614.48,346.03,55.32,161.58,1.0000,-1,-1,-1
413,63,784.56,318.01,94.52,133.43,1.0000,-1,-1,-1
413,64,769.75,246.00,94.74,127.60,1.0000,-1,-1,-1
414,35,483.28,387.92,59.51,192.05,1.0000,-1,-1,-1
414,37,818.38,563.13,60.25,157.02,1.0000,-1,-1,-1
414,42,836.76,230.11,78.65,174.29,1.0000,-1,-1,-1
414,53,836.61,382.76,114.46,140.96,1.0000,-1,-1,-1
414,54,509.67,230.96,67.40,138.72,1.0000,-1,-1,-1
414,55,701.90,391.93,63.69,173.96,1.0000,-1,-1,-1
414,56,713.34,159.19,61.64,135.32,1.0000,-1,-1,-1
414,57,1106.61,278.97,101.45,207.59,1.0000,-1,-1,-1
414,58,485.06,232.36,50.41,141.51,1.0000,-1,-1,-1
414,59,404.15,387.75,52.21,192.43,1.0000,-1,-1,-1
414,60,184.03,262.76,62.22,157.37,1.0000,-1,-1,-1
414,61,899.62,226.24,68.00,119.65,1.0000,-1,-1,-1
414,62,613.14,343.66,55.31,161.54,1.0000,-1,-1,-1
414,63,781.14,314.31,90.69,128.02,1.0000,-1,-1,-1
414,64,788.80,254.83,76.10,115.83,1.0000,-1,-1,-1
415,35,483.48,386.74,60.74,192.14,1.0000,-1,-1,-1
415,37,806.94,561.67,66.10,158.17,1.0000,-1,-1,-1
415,42,836.79,227.26,78.80,174.61,1.0000,-1,-1,-1
415,53,832.82,384.48,114.75,141.31,1.0000,-1,-1,-1
415,54,506.48,225.88,70.90,140.48,1.0000,-1,-1,-1
415,55,703.27,391.03,63.74,174.08,1.0000,-1,-1,-1
415,56,712.76,159.25,61.73,135.51,1.0000,-1,-1,-1
415,57,1112.21,279.57,101.83,208.36,1.0000,-1,-1,-1
415,58,484.59,232.20,50.54,141.89,1.0000,-1,-1,-1
415,59,404.43,388.52,52.38,193.04,1.0000,-1,-1,-1
415,60,182.13,254.39,63.31,152.56,1.0000,-1,-1,-1
415,61,900.31,226.45,67.52,118.80,1.0000,-1,-1,-1
415,62,611.79,341.30,55.29,161.50,1.0000,-1,-1,-1
415,63,777.80,310.72,86.69,122.37,1.0000,-1,-1,-1
415,64,791.99,252.34,75.05,121.77,1.0000,-1,-1,-1
416,35,483.18,385.65,62.28,192.20,1.0000,-1,-1,-1
416,37,793.01,563.66,75.53,156.87,1.0000,-1,-1,-1
416,42,836.82,224.41,78.94,174.92,1.0000,-1,-1,-1
416,53,829.04,386.20,115.03,141.66,1.0000,-1,-1,-1
416,54,507.03,227.04,71.31,139.85,1.0000,-1,-1,-1
416,55,704.65,390.12,63.78,174.20,1.0000,-1,-1,-1
416,56,712.19,159.31,61.82,135.70,1.0000,-1,-1,-1
416,57,1117.81,280.18,102.21,209.14,1.0000,-1,-1,-1
416,58,484.13,232.05,50.68,142.27,1.0000,-1,-1,-1
416,59,404.72,389.30,52.54,193.66,1.0000,-1,-1,-1
416,60,183.39,253.65,63.68,149.64,1.0000,-1,-1,-1
416,61,900.99,226.66,67.03,117.95,1.0000,-1,-1,-1
416,62,610.44,338.93,55.28,161.46,1.0000,-1,-1,-1
416,63,774.57,307.28,82.49,116.45,1.0000,-1,-1,-1
416,64,794.73,252.55,74.33,124.76,1.0000,-1,-1,-1
417,35,483.45,384.18,62.96,191.98,1.0000,-1,-1,-1
417,37,787.36,563.72,75.55,156.92,1.0000,-1,-1,-1
417,42,836.85,221.57,79.08,175.24,1.0000,-1,-1,-1
417,53,825.26,387.92,115.31,142.01,1.0000,-1,-1,-1
417,54,505.80,228.25,72.32,138.35,1.0000,-1,-1,-1
417,55,706.02,389.22,63.82,174.32,1.0000,-1,-1,-1
417,56,711.61,159.36,61.90,135.89,1.0000,-1,-1,-1
417,57,1123.42,280.78,102.58,209.91,1.0000,-1,-1,-1
417,58,483.66,231.89,50.81,142.64,1.0000,-1,-1,-1
417,59,405.01,390.07,52.71,194.27,1.0000,-1,-1,-1
417,60,186.11,253.96,63.05,147.26,1.0000,-1,-1,-1
417,61,901.68,226.88,66.54,117.09,1.0000,-1,-1,-1
417,62,609.10,336.56,55.27,161.42,1.0000,-1,-1,-1
417,63,771.44,303.99,78.07,110.21,1.0000,-1,-1,-1
417,64,796.80,255.30,72.18,124.23,1.0000,-1,-1,-1
418,35,482.68,382.51,64.56,191.07,1.0000,-1,-1,-1
418,37,781.70,563.77,75.57,156.96,1.0000,-1,-1,-1
418,42,836.88,218.72,79.22,175.56,1.0000,-1,-1,-1
418,53,821.47,389.64,115.59,142.35,1.0000,-1,-1,-1
418,54,502.98,226.69,74.80,138.88,1.0000,-1,-1,-1
418,55,707.39,388.32,63.87,174.44,1.0000,-1,-1,-1
418,56,711.03,159.42,61.99,136.08,1.0000,-1,-1,-1
418,57,1129.03,281.38,102.96,210.68,1.0000,-1,-1,-1
418,58,483.20,231.73,50.94,143.02,1.0000,-1,-1,-1
418,60,187.87,252.33,63.09,147.34,1.0000,-1,-1,-1
418,61,902.37,227.09,66.05,116.23,1.0000,-1,-1,-1
418,62,607.75,334.20,55.25,161.38,1.0000,-1,-1,-1
418,63,768.45,300.89,73.38,103.59,1.0000,-1,-1,-1
418,64,797.51,257.36,72.11,123.72,1.0000,-1,-1,-1
419,35,482.75,381.72,65.65,189.90,1.0000,-1,-1,-1
419,37,776.05,563.83,75.59,157.01,1.0000,-1,-1,-1
419,42,836.92,215.87,79.37,175.87,1.0000,-1,-1,-1
419,53,817.69,391.37,115.88,142.70,1.0000,-1,-1,-1
419,54,503.21,227.99,75.45,137.15,1.0000,-1,-1,-1
419,55,708.76,387.42,63.91,174.56,1.0000,-1,-1,-1
419,56,710.46,159.48,62.08,136.27,1.0000,-1,-1,-1
419,57,1134.63,281.99,103.33,211.45,1.0000,-1,-1,-1
419,58,482.74,231.57,51.08,143.39,1.0000,-1,-1,-1
419,60,189.62,250.71,63.12,147.43,1.0000,-1,-1,-1
419,61,903.07,227.31,65.56,115.36,1.0000,-1,-1,-1
419,62,606.41,331.83,55.24,161.34,1.0000,-1,-1,-1
419,63,765.62,298.01,68.38,96.52,1.0000,-1,-1,-1
419,64,795.20,259.08,73.68,122.99,1.0000,-1,-1,-1
420,35,483.40,380.59,66.64,189.37,1.0000,-1,-1,-1
420,37,770.39,563.89,75.61,157.06,1.0000,-1,-1,-1
420,42,836.95,213.03,79.51,176.19,1.0000,-1,-1,-1
420,53,813.91,393.09,116.16,143.04,1.0000,-1,-1,-1
420,54,500.22,228.49,77.58,136.01,1.0000,-1,-1,-1
420,55,710.14,386.52,63.95,174.67,1.0000,-1,-1,-1
420,56,720.60,152.50,59.19,134.48,1.0000,-1,-1,-1
420,57,1140.24,282.59,103.71,212.21,1.0000,-1,-1,-1
420,58,482.27,231.42,51.21,143.77,1.0000,-1,-1,-1
420,60,191.38,249.08,63.16,147.51,1.0000,-1,-1,-1
420,61,903.76,227.54,65.06,114.48,1.0000,-1,-1,-1
420,62,605.06,329.46,55.23,161.31,1.0000,-1,-1,-1
420,63,762.99,295.42,62.97,88.90,1.0000,-1,-1,-1
420,64,793.78,260.49,74.50,121.51,1.0000,-1,-1,-1
420,65,948.98,235.60,65.75,111.41,1.0000,-1,-1,-1
421,35,482.69,379.73,68.38,188.98,1.0000,-1,-1,-1
421,37,764.73,563.94,75.64,157.10,1.0000,-1,-1,-1
421,42,836.98,210.18,79.65,176.50,1.0000,-1,-1,-1
421,53,810.12,394.81,116.44,143.39,1.0000,-1,-1,-1
421,54,498.18,229.91,79.38,133.41,1.0000,-1,-1,-1
421,55,727.01,363.59,68.01,156.12,1.0000,-1,-1,-1
421,56,721.19,151.09,59.29,134.86,1.0000,-1,-1,-1
421,57,1145.85,283.20,104.08,212.97,1.0000,-1,-1,-1
421,58,446.79,212.39,67.38,144.39,1.0000,-1,-1,-1
421,60,193.14,247.45,63.20,147.60,1.0000,-1,-1,-1
421,61,904.46,227.77,64.56,113.60,1.0000,-1,-1,-1
421,62,603.71,327.10,55.21,161.27,1.0000,-1,-1,-1
421,63,760.61,293.18,57.06,80.55,1.0000,-1,-1,-1
421,64,792.60,261.45,75.70,120.02,1.0000,-1,-1,-1
421,65,950.38,236.20,64.53,110.43,1.0000,-1,-1,-1
422,35,482.29,379.08,69.85,188.60,1.0000,-1,-1,-1
422,37,759.08,564.00,75.66,157.15,1.0000,-1,-1,-1
422,42,837.01,207.33,79.79,176.82,1.0000,-1,-1,-1
422,53,806.34,396.54,116.71,143.73,1.0000,-1,-1,-1
422,54,498.29,231.69,79.94,130.09,1.0000,-1,-1,-1
422,55,729.56,360.60,68.04,156.19,1.0000,-1,-1,-1
422,56,721.48,149.73,60.00,135.37,1.0000,-1,-1,-1
422,57,1151.46,283.81,104.45,213.73,1.0000,-1,-1,-1
422,58,441.54,214.28,73.80,140.34,1.0000,-1,-1,-1
422,60,194.89,245.82,63.23,147.68,1.0000,-1,-1,-1
422,61,905.16,228.00,64.05,112.70,1.0000,-1,-1,-1
422,62,602.37,324.73,55.20,161.23,1.0000,-1,-1,-1
422,63,758.58,291.43,50.46,71.23,1.0000,-1,-1,-1
422,64,794.31,263.16,75.38,119.51,1.0000,-1,-1,-1
422,65,951.47,236.87,63.51,108.69,1.0000,-1,-1,-1
423,35,480.16,378.04,72.10,188.28,1.0000,-1,-1,-1
423,37,757.43,556.45,64.30,160.70,1.0000,-1,-1,-1
423,42,837.04,204.49,79.93,177.13,1.0000,-1,-1,-1
423,53,802.56,398.26,116.99,144.07,1.0000,-1,-1,-1
423,54,498.06,233.86,80.42,126.77,1.0000,-1,-1,-1
423,55,732.12,357.62,68.07,156.25,1.0000,-1,-1,-1
423,56,722.07,148.74,60.29,136.10,1.0000,-1,-1,-1
423,57,1157.07,284.42,104.82,214.49,1.0000,-1,-1,-1
423,58,436.45,214.26,76.61,138.90,1.0000,-1,-1,-1
423,60,196.65,244.19,63.27,147.77,1.0000,-1,-1,-1
423,61,905.86,228.23,63.54,111.81,1.0000,-1,-1,-1
423,62,601.02,322.36,55.19,161.19,1.0000,-1,-1,-1
423,63,757.05,290.39,42.85,60.50,1.0000,-1,-1,-1
423,64,796.01,264.88,75.06,118.99,1.0000,-1,-1,-1
423,65,952.57,237.54,62.47,106.91,1.0000,-1,-1,-1
424,35,477.93,377.43,74.42,187.85,1.0000,-1,-1,-1
424,37,751.67,556.13,64.28,160.64,1.0000,-1,-1,-1
424,42,837.08,201.64,80.08,177.44,1.0000,-1,-1,-1
424,53,798.78,399.99,117.27,144.42,1.0000,-1,-1,-1
424,54,496.69,236.03,81.46,124.04,1.0000,-1,-1,-1
424,55,734.67,354.64,68.10,156.32,1.0000,-1,-1,-1
424,56,722.50,147.78,60.46,136.80,1.0000,-1,-1,-1
424,57,1162.68,285.03,105.19,215.24,1.0000,-1,-1,-1
424,58,433.02,215.13,77.30,137.91,1.0000,-1,-1,-1
424,60,198.40,242.57,63.31,147.86,1.0000,-1,-1,-1
424,61,906.56,228.47,63.02,110.90,1.0000,-1,-1,-1
424,62,599.68,320.00,55.17,161.15,1.0000,-1,-1,-1
424,63,756.36,290.54,33.57,47.39,1.0000,-1,-1,-1
424,64,792.84,262.75,75.72,117.86,1.0000,-1,-1,-1
424,65,953.67,238.23,61.42,105.11,1.0000,-1,-1,-1
425,35,475.41,377.06,76.79,187.27,1.0000,-1,-1,-1
425,37,745.92,555.82,64.25,160.57,1.0000,-1,-1,-1
425,42,837.11,198.80,80.22,177.76,1.0000,-1,-1,-1
425,53,795.00,401.71,117.55,144.76,1.0000,-1,-1,-1
425,54,495.78,235.75,81.55,124.18,1.0000,-1,-1,-1
425,55,737.23,351.66,68.13,156.38,1.0000,-1,-1,-1
425,56,723.07,146.78,60.40,137.59,1.0000,-1,-1,-1
425,57,1168.29,285.65,105.55,215.99,1.0000,-1,-1,-1
425,58,431.41,212.98,76.77,138.73,1.0000,-1,-1,-1
425,60,200.16,240.94,63.34,147.94,1.0000,-1,-1,-1
425,61,907.27,228.71,62.51,109.99,1.0000,-1,-1,-1
425,62,598.33,317.63,55.16,161.11,1.0000,-1,-1,-1
425,63,757.59,293.41,20.42,28.83,1.0000,-1,-1,-1
425,64,792.94,263.65,76.22,116.63,1.0000,-1,-1,-1
425,65,954.32,234.99,66.56,113.54,1.0000,-1,-1,-1
425,66,611.59,318.72,85.08,144.32,1.0000,-1,-1,-1
426,35,474.04,376.91,78.27,187.33,1.0000,-1,-1,-1
426,37,740.16,555.50,64.23,160.51,1.0000,-1,-1,-1
426,42,837.14,195.95,80.36,178.07,1.0000,-1,-1,-1
426,53,791.22,403.44,117.82,145.10,1.0000,-1,-1,-1
426,54,494.87,235.46,81.64,124.31,1.0000,-1,-1,-1
426,55,739.79,348.68,68.15,156.45,1.0000,-1,-1,-1
426,56,723.59,145.99,60.34,138.37,1.0000,-1,-1,-1
426,57,1173.90,286.26,105.92,216.74,1.0000,-1,-1,-1
426,58,430.73,208.00,75.61,141.73,1.0000,-1,-1,-1
426,60,201.91,239.31,63.38,148.03,1.0000,-1,-1,-1
426,61,907.97,228.96,61.98,109.07,1.0000,-1,-1,-1
426,62,596.98,315.27,55.15,161.07,1.0000,-1,-1,-1
426,63,752.26,287.00,20.42,28.83,1.0000,-1,-1,-1
426,64,793.37,263.48,76.57,116.36,1.0000,-1,-1,-1
426,65,954.96,234.58,66.80,114.01,1.0000,-1,-1,-1
426,66,597.81,316.96,88.69,146.29,1.0000,-1,-1,-1
427,35,472.85,376.62,79.17,187.24,1.0000,-1,-1,-1
427,37,734.41,555.18,64.20,160.45,1.0000,-1,-1,-1
427,42,837.18,193.11,80.50,178.38,1.0000,-1,-1,-1
427,53,787.44,405.16,118.10,145.44,1.0000,-1,-1,-1
427,54,493.96,235.18,81.73,124.45,1.0000,-1,-1,-1
427,55,742.34,345.70,68.18,156.51,1.0000,-1,-1,-1
427,56,724.69,145.65,59.87,138.83,1.0000,-1,-1,-1
427,57,1179.51,286.88,106.28,217.48,1.0000,-1,-1,-1
427,58,430.93,205.77,74.66,143.43,1.0000,-1,-1,-1
427,60,203.67,237.68,63.41,148.11,1.0000,-1,-1,-1
427,61,908.68,229.21,61.45,108.14,1.0000,-1,-1,-1
427,62,595.64,312.90,55.13,161.03,1.0000,-1,-1,-1
427,63,746.93,280.59,20.42,28.83,1.0000,-1,-1,-1
427,64,794.10,262.71,76.94,116.75,1.0000,-1,-1,-1
427,65,955.36,234.19,66.95,114.13,1.0000,-1,-1,-1
427,66,584.12,316.37,89.88,145.77,1.0000,-1,-1,-1
428,35,471.19,375.95,79.08,187.46,1.0000,-1,-1,-1
428,37,728.65,554.86,64.18,160.38,1.0000,-1,-1,-1
428,42,837.21,190.26,80.64,178.69,1.0000,-1,-1,-1
428,53,783.66,406.89,118.37,145.78,1.0000,-1,-1,-1
428,54,493.06,234.90,81.82,124.59,1.0000,-1,-1,-1
428,55,744.90,342.72,68.21,156.57,1.0000,-1,-1,-1
428,56,726.08,145.06,59.18,139.01,1.0000,-1,-1,-1
428,57,1185.13,287.50,106.65,218.23,1.0000,-1,-1,-1
428,58,428.72,204.23,74.94,143.97,1.0000,-1,-1,-1
428,60,205.43,236.06,63.45,148.20,1.0000,-1,-1,-1
428,61,909.39,229.46,60.92,107.20,1.0000,-1,-1,-1
428,62,594.29,310.53,55.12,161.00,1.0000,-1,-1,-1
428,63,741.59,274.19,20.42,28.83,1.0000,-1,-1,-1
428,64,794.76,263.22,76.91,116.23,1.0000,-1,-1,-1
428,65,955.94,233.01,66.98,114.26,1.0000,-1,-1,-1
428,66,560.58,317.56,74.93,130.28,1.0000,-1,-1,-1
429,35,470.31,374.71,78.53,188.27,1.0000,-1,-1,-1
429,37,722.89,554.54,64.15,160.32,1.0000,-1,-1,-1
429,42,837.24,187.42,80.78,179.00,1.0000,-1,-1,-1
429,53,779.88,408.62,118.65,146.11,1.0000,-1,-1,-1
429,54,492.15,234.61,81.91,124.72,1.0000,-1,-1,-1
429,55,747.46,339.73,68.24,156.64,1.0000,-1,-1,-1
429,56,727.10,144.16,58.68,139.11,1.0000,-1,-1,-1
429,57,1190.74,288.11,107.01,218.97,1.0000,-1,-1,-1
429,58,426.51,202.69,75.22,144.51,1.0000,-1,-1,-1
429,60,207.18,234.43,63.49,148.28,1.0000,-1,-1,-1
429,61,910.11,229.72,60.38,106.26,1.0000,-1,-1,-1
429,62,592.94,308.17,55.11,160.96,1.0000,-1,-1,-1
429,63,736.26,267.78,20.42,28.83,1.0000,-1,-1,-1
429,64,795.34,264.60,76.62,115.09,1.0000,-1,-1,-1
429,65,956.80,232.41,66.84,114.14,1.0000,-1,-1,-1
429,66,545.33,316.38,74.00,128.66,1.0000,-1,-1,-1
430,35,468.87,368.12,77.88,192.22,1.0000,-1,-1,-1
430,37,717.14,554.23,64.13,160.26,1.0000,-1,-1,-1
430,42,837.27,184.58,80.92,179.31,1.0000,-1,-1,-1
430,53,776.10,410.34,118.92,146.45,1.0000,-1,-1,-1
430,54,491.24,234.33,82.00,124.86,1.0000,-1,-1,-1
430,55,750.01,336.75,68.27,156.70,1.0000,-1,-1,-1
430,56,728.11,143.23,58.17,139.16,1.0000,-1,-1,-1
430,57,1196.35,288.73,107.37,219.71,1.0000,-1,-1,-1
430,58,431.91,204.75,72.25,145.57,1.0000,-1,-1,-1
430,60,208.94,232.80,63.52,148.37,1.0000,-1,-1,-1
430,61,910.82,229.98,59.84,105.30,1.0000,-1,-1,-1
430,62,591.60,305.80,55.09,160.92,1.0000,-1,-1,-1
430,63,730.92,261.37,20.42,28.83,1.0000,-1,-1,-1
430,64,796.41,264.53,76.46,114.75,1.0000,-1,-1,-1
430,65,957.89,232.18,66.57,114.17,1.0000,-1,-1,-1
430,66,540.33,327.19,68.44,125.90,1.0000,-1,-1,-1
430,67,675.92,307.31,49.33,130.92,1.0000,-1,-1,-1
431,35,468.30,361.32,78.36,197.26,1.0000,-1,-1,-1
431,37,711.38,553.91,64.10,160.19,1.0000,-1,-1,-1
431,42,837.31,181.73,81.06,179.62,1.0000,-1,-1,-1
431,53,772.32,412.07,119.20,146.79,1.0000,-1,-1,-1
431,54,490.33,234.04,82.09,125.00,1.0000,-1,-1,-1
431,55,752.57,333.77,68.29,156.77,1.0000,-1,-1,-1
431,56,728.55,142.60,58.23,139.30,1.0000,-1,-1,-1
431,57,1201.97,289.35,107.73,220.44,1.0000,-1,-1,-1
431,58,430.22,203.55,72.51,146.08,1.0000,-1,-1,-1
431,60,210.69,231.17,63.56,148.45,1.0000,-1,-1,-1
431,61,911.54,230.25,59.30,104.34,1.0000,-1,-1,-1
431,62,590.25,303.43,55.08,160.88,1.0000,-1,-1,-1
431,63,725.59,254.96,20.42,28.83,1.0000,-1,-1,-1
431,64,797.33,263.67,76.50,115.08,1.0000,-1,-1,-1
431,65,958.70,232.69,66.75,114.03,1.0000,-1,-1,-1
431,66,531.48,328.26,69.30,127.11,1.0000,-1,-1,-1
431,67,668.85,308.35,50.66,137.74,1.0000,-1,-1,-1
432,35,466.96,355.09,75.72,202.02,1.0000,-1,-1,-1
432,37,693.38,554.10,90.41,165.58,1.0000,-1,-1,-1
432,42,837.34,178.89,81.20,179.93,1.0000,-1,-1,-1
432,53,768.54,413.80,119.47,147.12,1.0000,-1,-1,-1
432,54,489.43,233.76,82.18,125.13,1.0000,-1,-1,-1
432,55,755.12,330.79,68.32,156.83,1.0000,-1,-1,-1
432,56,729.26,142.59,57.41,139.10,1.0000,-1,-1,-1
432,57,1207.58,289.98,108.09,221.17,1.0000,-1,-1,-1
432,58,428.53,202.35,72.76,146.59,1.0000,-1,-1,-1
432,60,212.45,229.55,63.60,148.54,1.0000,-1,-1,-1
432,61,912.26,230.52,58.74,103.37,1.0000,-1,-1,-1
432,62,588.91,301.07,55.07,160.84,1.0000,-1,-1,-1
432,63,720.26,248.55,20.42,28.83,1.0000,-1,-1,-1
432,64,798.16,262.90,76.10,114.94,1.0000,-1,-1,-1
432,65,959.57,232.49,66.77,114.07,1.0000,-1,-1,-1
432,66,522.41,329.39,71.31,127.69,1.0000,-1,-1,-1
432,67,661.68,307.80,51.36,136.90,1.0000,-1,-1,-1
433,35,465.54,359.96,74.90,201.20,1.0000,-1,-1,-1
433,37,687.61,553.86,90.52,165.78,1.0000,-1,-1,-1
433,42,837.38,176.05,81.34,180.23,1.0000,-1,-1,-1
433,53,764.76,415.53,119.74,147.46,1.0000,-1,-1,-1
433,54,488.52,233.47,82.27,125.27,1.0000,-1,-1,-1
433,55,757.68,327.81,68.35,156.90,1.0000,-1,-1,-1
433,56,730.91,139.77,57.21,139.79,1.0000,-1,-1,-1
433,57,1213.20,290.60,108.44,221.90,1.0000,-1,-1,-1
433,58,426.84,201.14,73.02,147.11,1.0000,-1,-1,-1
433,60,214.20,227.92,63.63,148.62,1.0000,-1,-1,-1
433,61,912.99,230.79,58.19,102.39,1.0000,-1,-1,-1
433,62,587.56,298.70,55.05,160.80,1.0000,-1,-1,-1
433,63,714.92,242.14,20.42,28.83,1.0000,-1,-1,-1
433,64,799.18,263.45,75.86,114.58,1.0000,-1,-1,-1
433,65,960.44,232.29,66.79,114.11,1.0000,-1,-1,-1
433,66,510.24,330.59,70.54,126.32,1.0000,-1,-1,-1
433,67,648.31,309.40,52.90,133.01,1.0000,-1,-1,-1
434,35,465.60,362.76,76.05,199.87,1.0000,-1,-1,-1
434,37,685.72,552.02,86.40,167.20,1.0000,-1,-1,-1
434,42,837.41,173.20,81.47,180.54,1.0000,-1,-1,-1
434,53,760.98,417.26,120.01,147.79,1.0000,-1,-1,-1
434,54,487.61,233.19,82.36,125.40,1.0000,-1,-1,-1
434,55,760.24,324.83,68.38,156.96,1.0000,-1,-1,-1
434,56,731.97,138.71,57.24,140.19,1.0000,-1,-1,-1
434,57,1218.82,291.23,108.80,222.63,1.0000,-1,-1,-1
434,58,425.15,199.94,73.27,147.61,1.0000,-1,-1,-1
434,60,215.96,226.29,63.67,148.71,1.0000,-1,-1,-1
434,61,913.72,231.07,57.62,101.40,1.0000,-1,-1,-1
434,62,586.21,296.34,55.04,160.76,1.0000,-1,-1,-1
434,63,709.59,235.74,20.42,28.83,1.0000,-1,-1,-1
434,64,797.42,262.54,77.47,114.29,1.0000,-1,-1,-1
434,65,961.31,232.08,66.82,114.15,1.0000,-1,-1,-1
434,66,498.08,331.81,69.77,124.94,1.0000,-1,-1,-1
434,67,636.24,314.09,56.16,130.53,1.0000,-1,-1,-1
435,35,465.04,361.12,78.34,200.81,1.0000,-1,-1,-1
435,37,684.41,550.89,79.79,168.10,1.0000,-1,-1,-1
435,42,837.44,170.36,81.61,180.85,1.0000,-1,-1,-1
435,53,757.21,418.99,120.28,148.13,1.0000,-1,-1,-1
435,54,486.71,232.91,82.45,125.54,1.0000,-1,-1,-1
435,55,762.79,321.85,68.41,157.03,1.0000,-1,-1,-1
435,56,731.77,137.85,57.49,140.52,1.0000,-1,-1,-1
435,58,423.46,198.74,73.52,148.12,1.0000,-1,-1,-1
435,60,217.72,224.66,63.71,148.79,1.0000,-1,-1,-1
435,61,914.44,231.36,57.06,100.40,1.0000,-1,-1,-1
435,62,584.87,293.97,55.03,160.72,1.0000,-1,-1,-1
435,63,704.25,229.33,20.42,28.83,1.0000,-1,-1,-1
435,64,800.33,262.31,76.28,113.98,1.0000,-1,-1,-1
435,65,962.18,231.88,66.84,114.19,1.0000,-1,-1,-1
435,66,485.93,333.03,68.99,123.53,1.0000,-1,-1,-1
435,67,620.40,319.40,63.83,135.69,1.0000,-1,-1,-1
436,35,461.52,359.88,81.32,201.37,1.0000,-1,-1,-1
436,37,681.49,549.59,72.29,168.99,1.0000,-1,-1,-1
436,42,837.48,167.52,81.75,181.16,1.0000,-1,-1,-1
436,53,753.43,420.72,120.55,148.46,1.0000,-1,-1,-1
436,54,485.80,232.62,82.54,125.67,1.0000,-1,-1,-1
436,55,765.35,318.87,68.43,157.09,1.0000,-1,-1,-1
436,56,732.29,137.07,57.54,140.65,1.0000,-1,-1,-1
436,58,421.77,197.54,73.78,148.63,1.0000,-1,-1,-1
436,60,219.47,223.04,63.74,148.88,1.0000,-1,-1,-1
436,61,915.18,231.65,56.48,99.39,1.0000,-1,-1,-1
436,62,583.52,291.60,55.01,160.68,1.0000,-1,-1,-1
436,63,698.92,222.92,20.42,28.83,1.0000,-1,-1,-1
436,64,801.32,262.66,76.06,113.65,1.0000,-1,-1,-1
436,65,963.05,231.68,66.86,114.23,1.0000,-1,-1,-1
436,66,473.78,334.26,68.20,122.12,1.0000,-1,-1,-1
436,67,609.94,323.01,69.85,138.32,1.0000,-1,-1,-1
437,35,458.08,353.69,84.27,204.80,1.0000,-1,-1,-1
437,37,677.75,549.07,66.08,169.39,1.0000,-1,-1,-1
437,42,837.51,164.68,81.89,181.46,1.0000,-1,-1,-1
437,53,749.65,422.45,120.82,148.79,1.0000,-1,-1,-1
437,54,484.89,232.34,82.63,125.81,1.0000,-1,-1,-1
437,55,767.90,315.88,68.46,157.15,1.0000,-1,-1,-1
437,56,732.80,136.30,57.60,140.79,1.0000,-1,-1,-1
437,58,420.08,196.34,74.03,149.13,1.0000,-1,-1,-1
437,60,221.23,221.41,63.78,148.96,1.0000,-1,-1,-1
437,61,915.91,231.94,55.90,98.37,1.0000,-1,-1,-1
437,62,582.17,289.24,55.00,160.65,1.0000,-1,-1,-1
437,63,693.58,216.51,20.42,28.83,1.0000,-1,-1,-1
437,64,807.11,260.75,73.29,114.26,1.0000,-1,-1,-1
437,65,963.92,231.48,66.89,114.27,1.0000,-1,-1,-1
437,66,461.63,335.50,67.39,120.68,1.0000,-1,-1,-1
437,67,601.53,324.58,74.46,138.85,1.0000,-1,-1,-1
438,35,452.95,352.63,88.38,206.23,1.0000,-1,-1,-1
438,37,673.84,548.03,61.20,170.24,1.0000,-1,-1,-1
438,42,837.54,161.84,82.03,181.77,1.0000,-1,-1,-1
438,53,745.87,424.18,121.09,149.12,1.0000,-1,-1,-1
438,54,483.99,232.06,82.71,125.94,1.0000,-1,-1,-1
438,55,770.46,312.90,68.49,157.22,1.0000,-1,-1,-1
438,56,733.74,135.69,57.28,141.34,1.0000,-1,-1,-1
438,58,418.39,195.14,74.28,149.64,1.0000,-1,-1,-1
438,60,222.98,219.78,63.82,149.05,1.0000,-1,-1,-1
438,61,916.65,232.24,55.32,97.34,1.0000,-1,-1,-1
438,62,580.83,286.87,54.99,160.61,1.0000,-1,-1,-1
438,63,688.25,210.10,20.42,28.83,1.0000,-1,-1,-1
438,64,808.42,260.98,73.04,113.86,1.0000,-1,-1,-1
438,65,964.79,231.27,66.91,114.31,1.0000,-1,-1,-1
438,66,449.49,336.74,66.58,119.23,1.0000,-1,-1,-1
438,67,596.75,326.27,76.31,138.05,1.0000,-1,-1,-1
439,35,441.58,346.20,95.53,209.87,1.0000,-1,-1,-1
439,37,666.71,547.60,60.56,171.03,1.0000,-1,-1,-1
439,42,837.58,158.99,82.16,182.07,1.0000,-1,-1,-1
439,53,742.10,425.91,121.36,149.45,1.0000,-1,-1,-1
439,54,451.04,217.19,78.92,145.90,1.0000,-1,-1,-1
439,55,773.02,309.92,68.52,157.28,1.0000,-1,-1,-1
439,56,734.28,134.95,57.33,141.48,1.0000,-1,-1,-1
439,58,416.71,193.94,74.52,150.14,1.0000,-1,-1,-1
439,60,224.74,218.15,63.85,149.13,1.0000,-1,-1,-1
439,61,917.39,232.55,54.72,96.29,1.0000,-1,-1,-1
439,62,579.48,284.51,54.97,160.57,1.0000,-1,-1,-1
439,63,682.92,203.69,20.42,28.83,1.0000,-1,-1,-1
439,64,809.74,261.21,72.78,113.46,1.0000,-1,-1,-1
439,65,965.66,231.07,66.93,114.35,1.0000,-1,-1,-1
439,66,437.36,338.00,65.76,117.76,1.0000,-1,-1,-1
439,67,592.25,329.58,74.87,135.52,1.0000,-1,-1,-1
440,35,449.51,349.32,91.74,207.95,1.0000,-1,-1,-1
440,37,657.97,547.16,63.04,171.83,1.0000,-1,-1,-1
440,42,837.61,156.15,82.30,182.38,1.0000,-1,-1,-1
440,53,738.32,427.64,121.63,149.78,1.0000,-1,-1,-1
440,54,451.37,212.69,76.30,149.25,1.0000,-1,-1,-1
440,55,775.57,306.94,68.55,157.35,1.0000,-1,-1,-1
440,56,734.82,134.21,57.39,141.61,1.0000,-1,-1,-1
440,58,415.02,192.75,74.77,150.64,1.0000,-1,-1,-1
440,60,226.50,216.53,63.89,149.22,1.0000,-1,-1,-1
440,61,918.14,232.86,54.13,95.24,1.0000,-1,-1,-1
440,62,578.14,282.14,54.96,160.53,1.0000,-1,-1,-1
440,63,677.58,197.29,20.42,28.83,1.0000,-1,-1,-1
440,64,811.06,261.44,72.53,113.07,1.0000,-1,-1,-1
440,65,966.53,230.87,66.95,114.39,1.0000,-1,-1,-1
440,66,425.22,339.26,64.93,116.27,1.0000,-1,-1,-1
440,67,586.97,331.50,74.82,133.48,1.0000,-1,-1,-1
441,35,453.43,352.27,88.82,205.69,1.0000,-1,-1,-1
441,37,648.92,546.59,67.79,172.67,1.0000,-1,-1,-1
441,42,837.65,153.31,82.44,182.68,1.0000,-1,-1,-1
441,53,734.54,429.37,121.89,150.11,1.0000,-1,-1,-1
441,54,455.13,209.35,73.53,151.23,1.0000,-1,-1,-1
441,55,778.13,303.96,68.57,157.41,1.0000,-1,-1,-1
441,56,735.35,133.46,57.44,141.74,1.0000,-1,-1,-1
441,58,413.33,191.55,75.02,151.13,1.0000,-1,-1,-1
441,60,228.25,214.90,63.92,149.30,1.0000,-1,-1,-1
441,61,918.88,233.18,53.52,94.18,1.0000,-1,-1,-1
441,62,576.79,279.77,54.95,160.49,1.0000,-1,-1,-1
441,63,672.25,190.88,20.42,28.83,1.0000,-1,-1,-1
441,64,812.37,261.67,72.27,112.67,1.0000,-1,-1,-1
441,65,967.40,230.67,66.98,114.43,1.0000,-1,-1,-1
441,66,385.21,348.03,89.80,138.39,1.0000,-1,-1,-1
441,67,581.22,332.48,75.96,132.25,1.0000,-1,-1,-1
442,35,454.52,353.42,86.43,203.28,1.0000,-1,-1,-1
442,37,642.45,545.62,72.59,173.68,1.0000,-1,-1,-1
442,42,837.68,150.47,82.58,182.98,1.0000,-1,-1,-1
442,53,730.77,431.10,122.16,150.44,1.0000,-1,-1,-1
442,54,457.97,206.07,70.07,153.25,1.0000,-1,-1,-1
442,55,803.42,324.42,99.67,126.65,1.0000,-1,-1,-1
442,56,735.89,132.72,57.49,141.87,1.0000,-1,-1,-1
442,58,411.65,190.35,75.27,151.63,1.0000,-1,-1,-1
442,60,230.01,213.27,63.96,149.38,1.0000,-1,-1,-1
442,61,919.64,233.50,52.91,93.10,1.0000,-1,-1,-1
442,62,575.44,277.41,54.93,160.45,1.0000,-1,-1,-1
442,63,666.91,184.47,20.42,28.83,1.0000,-1,-1,-1
442,64,813.69,261.90,72.01,112.26,1.0000,-1,-1,-1
442,65,968.27,230.47,67.00,114.47,1.0000,-1,-1,-1
442,66,373.61,350.54,95.54,139.92,1.0000,-1,-1,-1
442,67,575.47,332.69,78.41,131.36,1.0000,-1,-1,-1
443,35,458.12,353.92,84.06,200.97,1.0000,-1,-1,-1
443,37,637.58,544.56,76.88,174.73,1.0000,-1,-1,-1
443,42,837.72,147.63,82.71,183.29,1.0000,-1,-1,-1
443,53,726.99,432.83,122.43,150.77,1.0000,-1,-1,-1
443,54,461.81,203.48,67.31,155.55,1.0000,-1,-1,-1
443,55,805.70,322.10,108.37,123.86,1.0000,-1,-1,-1
443,56,737.35,129.88,56.25,141.68,1.0000,-1,-1,-1
443,58,409.96,189.16,75.51,152.13,1.0000,-1,-1,-1
443,60,231.76,211.65,64.00,149.47,1.0000,-1,-1,-1
443,61,920.39,233.83,52.29,92.01,1.0000,-1,-1,-1
443,62,574.10,275.04,54.92,160.41,1.0000,-1,-1,-1
443,63,661.58,178.06,20.42,28.83,1.0000,-1,-1,-1
443,64,815.01,262.13,71.75,111.86,1.0000,-1,-1,-1
443,65,969.14,230.26,67.02,114.51,1.0000,-1,-1,-1
443,66,360.07,352.14,96.17,140.84,1.0000,-1,-1,-1
443,67,570.62,332.19,80.23,130.42,1.0000,-1,-1,-1
444,35,457.75,352.95,79.41,198.23,1.0000,-1,-1,-1
444,37,634.06,543.51,79.26,175.72,1.0000,-1,-1,-1
444,42,837.75,144.79,82.85,183.59,1.0000,-1,-1,-1
444,53,723.22,434.57,122.69,151.09,1.0000,-1,-1,-1
444,54,460.38,202.42,67.38,155.70,1.0000,-1,-1,-1
444,55,810.06,319.34,108.50,124.02,1.0000,-1,-1,-1
444,56,737.91,127.88,56.39,141.86,1.0000,-1,-1,-1
444,58,408.27,187.97,75.76,152.62,1.0000,-1,-1,-1
444,60,233.52,210.02,64.03,149.55,1.0000,-1,-1,-1
444,61,921.15,234.17,51.66,90.91,1.0000,-1,-1,-1
444,62,572.75,272.67,54.91,160.37,1.0000,-1,-1,-1
444,63,656.25,171.65,20.42,28.83,1.0000,-1,-1,-1
444,64,816.32,262.37,71.50,111.46,1.0000,-1,-1,-1
444,65,970.08,224.74,67.93,116.41,1.0000,-1,-1,-1
444,66,346.52,353.73,96.80,141.76,1.0000,-1,-1,-1
444,67,568.06,331.01,80.78,131.06,1.0000,-1,-1,-1
445,35,456.82,352.63,77.63,197.21,1.0000,-1,-1,-1
445,37,630.86,541.24,79.30,177.35,1.0000,-1,-1,-1
445,42,837.79,141.95,82.99,183.89,1.0000,-1,-1,-1
445,53,719.44,436.30,122.96,151.42,1.0000,-1,-1,-1
445,54,458.96,201.36,67.45,155.86,1.0000,-1,-1,-1
445,55,814.43,316.57,108.64,124.17,1.0000,-1,-1,-1
445,56,737.99,126.28,56.57,142.00,1.0000,-1,-1,-1
445,58,406.59,186.77,76.00,153.11,1.0000,-1,-1,-1
445,60,235.28,208.39,64.07,149.64,1.0000,-1,-1,-1
445,61,921.91,234.51,51.03,89.79,1.0000,-1,-1,-1
445,62,571.41,270.31,54.89,160.33,1.0000,-1,-1,-1
445,63,650.91,165.25,20.42,28.83,1.0000,-1,-1,-1
445,64,817.64,262.60,71.23,111.05,1.0000,-1,-1,-1
445,65,969.89,222.52,69.73,118.04,1.0000,-1,-1,-1
445,66,358.85,355.91,89.01,132.90,1.0000,-1,-1,-1
445,67,566.98,331.68,81.43,135.24,1.0000,-1,-1,-1
446,35,456.46,352.23,76.29,196.20,1.0000,-1,-1,-1
446,37,627.13,539.42,77.07,178.73,1.0000,-1,-1,-1
446,42,837.82,139.11,83.12,184.19,1.0000,-1,-1,-1
446,53,715.67,438.03,123.22,151.75,1.0000,-1,-1,-1
446,54,457.54,200.29,67.51,156.02,1.0000,-1,-1,-1
446,55,857.98,309.27,105.76,127.00,1.0000,-1,-1,-1
446,56,737.88,123.71,57.00,142.96,1.0000,-1,-1,-1
446,58,404.90,185.58,76.24,153.60,1.0000,-1,-1,-1
446,60,237.03,206.76,64.10,149.72,1.0000,-1,-1,-1
446,61,922.68,234.86,50.39,88.66,1.0000,-1,-1,-1
446,62,570.06,267.94,54.88,160.30,1.0000,-1,-1,-1
446,63,645.58,158.84,20.42,28.83,1.0000,-1,-1,-1
446,64,818.96,262.83,70.97,110.64,1.0000,-1,-1,-1
446,65,969.80,219.16,70.72,120.81,1.0000,-1,-1,-1
446,66,357.36,359.16,86.31,130.14,1.0000,-1,-1,-1
446,67,567.03,332.79,81.65,140.51,1.0000,-1,-1,-1
447,35,456.39,351.46,75.01,195.67,1.0000,-1,-1,-1
447,37,620.32,537.39,75.95,179.71,1.0000,-1,-1,-1
447,42,837.86,136.27,83.26,184.49,1.0000,-1,-1,-1
447,53,711.89,439.77,123.49,152.07,1.0000,-1,-1,-1
447,54,456.11,199.23,67.58,156.18,1.0000,-1,-1,-1
447,55,882.06,300.48,97.60,124.24,1.0000,-1,-1,-1
447,56,737.92,120.33,57.41,144.43,1.0000,-1,-1,-1
447,58,403.22,184.39,76.48,154.09,1.0000,-1,-1,-1
447,60,238.79,205.14,64.14,149.81,1.0000,-1,-1,-1
447,61,923.45,235.22,49.73,87.51,1.0000,-1,-1,-1
447,62,568.71,265.58,54.87,160.26,1.0000,-1,-1,-1
447,63,640.24,152.43,20.42,28.83,1.0000,-1,-1,-1
447,64,817.96,246.59,71.23,115.19,1.0000,-1,-1,-1
447,65,970.57,218.37,70.88,121.08,1.0000,-1,-1,-1
447,66,350.52,363.20,87.83,135.13,1.0000,-1,-1,-1
447,67,567.25,333.77,82.14,145.84,1.0000,-1,-1,-1
448,35,456.74,350.41,73.78,195.06,1.0000,-1,-1,-1
448,37,615.74,536.38,73.86,179.78,1.0000,-1,-1,-1
448,42,837.89,133.43,83.39,184.79,1.0000,-1,-1,-1
448,53,708.12,441.50,123.75,152.39,1.0000,-1,-1,-1
448,54,454.69,198.17,67.65,156.33,1.0000,-1,-1,-1
448,55,890.95,296.79,97.68,124.34,1.0000,-1,-1,-1
448,56,738.01,118.38,57.82,145.26,1.0000,-1,-1,-1
448,58,401.54,183.20,76.73,154.57,1.0000,-1,-1,-1
448,60,240.54,203.51,64.18,149.89,1.0000,-1,-1,-1
448,61,924.23,235.59,49.07,86.35,1.0000,-1,-1,-1
448,62,567.37,263.21,54.85,160.22,1.0000,-1,-1,-1
448,63,634.91,146.02,20.42,28.83,1.0000,-1,-1,-1
448,64,816.87,245.26,71.96,115.95,1.0000,-1,-1,-1
448,65,971.36,215.16,71.24,125.24,1.0000,-1,-1,-1
448,66,348.27,364.95,87.82,138.00,1.0000,-1,-1,-1
448,67,567.32,334.04,82.70,149.74,1.0000,-1,-1,-1
449,35,457.93,349.01,72.95,194.59,1.0000,-1,-1,-1
449,37,611.40,534.18,71.03,180.10,1.0000,-1,-1,-1
449,42,837.93,130.59,83.53,185.09,1.0000,-1,-1,-1
449,53,704.35,443.23,124.01,152.72,1.0000,-1,-1,-1
449,54,453.27,197.11,67.72,156.49,1.0000,-1,-1,-1
449,55,914.84,290.33,91.71,127.56,1.0000,-1,-1,-1
449,56,738.77,118.33,58.02,144.73,1.0000,-1,-1,-1
449,58,399.85,182.01,76.97,155.06,1.0000,-1,-1,-1
449,60,242.30,201.88,64.21,149.98,1.0000,-1,-1,-1
449,61,925.00,235.96,48.41,85.18,1.0000,-1,-1,-1
449,62,566.02,260.84,54.84,160.18,1.0000,-1,-1,-1
449,63,629.58,139.61,20.42,28.83,1.0000,-1,-1,-1
449,64,817.88,244.55,71.78,115.66,1.0000,-1,-1,-1
449,65,972.12,214.29,71.44,125.59,1.0000,-1,-1,-1
449,66,344.18,369.40,89.86,143.54,1.0000,-1,-1,-1
449,67,567.15,334.27,84.54,151.82,1.0000,-1,-1,-1
450,35,459.35,347.99,72.11,194.13,1.0000,-1,-1,-1
450,37,608.94,532.01,68.76,180.59,1.0000,-1,-1,-1
450,42,837.96,127.75,83.66,185.39,1.0000,-1,-1,-1
450,53,700.57,444.97,124.27,153.04,1.0000,-1,-1,-1
450,54,451.85,196.05,67.79,156.65,1.0000,-1,-1,-1
450,55,913.99,285.65,97.72,132.03,1.0000,-1,-1,-1
450,56,738.48,119.19,58.82,145.07,1.0000,-1,-1,-1
450,58,398.17,180.82,77.21,155.54,1.0000,-1,-1,-1
450,60,244.06,200.26,64.25,150.06,1.0000,-1,-1,-1
450,61,925.79,236.34,47.73,83.99,1.0000,-1,-1,-1
450,62,564.67,258.48,54.83,160.14,1.0000,-1,-1,-1
450,63,624.24,133.20,20.42,28.83,1.0000,-1,-1,-1
450,64,791.55,253.84,94.72,157.85,1.0000,-1,-1,-1
450,65,972.88,213.43,71.64,125.94,1.0000,-1,-1,-1
450,66,340.52,372.99,91.77,147.45,1.0000,-1,-1,-1
450,67,570.25,333.28,83.38,153.55,1.0000,-1,-1,-1
451,35,460.66,346.17,71.45,194.35,1.0000,-1,-1,-1
451,37,603.57,530.18,69.10,181.96,1.0000,-1,-1,-1
451,42,838.00,124.92,83.80,185.69,1.0000,-1,-1,-1
451,53,696.80,446.70,124.53,153.36,1.0000,-1,-1,-1
451,54,450.42,194.99,67.85,156.81,1.0000,-1,-1,-1
451,55,920.48,284.25,96.94,133.16,1.0000,-1,-1,-1
451,56,738.96,117.86,59.13,144.41,1.0000,-1,-1,-1
451,58,396.49,179.63,77.45,156.03,1.0000,-1,-1,-1
451,60,245.81,198.63,64.28,150.14,1.0000,-1,-1,-1
451,61,926.58,236.73,47.04,82.78,1.0000,-1,-1,-1
451,62,563.33,256.11,54.81,160.10,1.0000,-1,-1,-1
451,63,618.91,126.80,20.42,28.83,1.0000,-1,-1,-1
451,64,786.52,251.29,104.04,172.99,1.0000,-1,-1,-1
451,65,973.64,212.56,71.84,126.29,1.0000,-1,-1,-1
451,66,337.54,375.15,94.79,149.10,1.0000,-1,-1,-1
451,67,573.10,331.98,83.75,154.45,1.0000,-1,-1,-1
452,35,462.78,343.92,69.90,194.93,1.0000,-1,-1,-1
452,37,596.49,528.66,71.03,183.33,1.0000,-1,-1,-1
452,42,838.04,122.08,83.93,185.99,1.0000,-1,-1,-1
452,53,693.03,448.44,124.80,153.68,1.0000,-1,-1,-1
452,54,449.00,193.93,67.92,156.96,1.0000,-1,-1,-1
452,55,929.43,280.81,97.04,133.30,1.0000,-1,-1,-1
452,56,739.62,117.54,60.61,143.97,1.0000,-1,-1,-1
452,58,394.80,178.44,77.68,156.51,1.0000,-1,-1,-1
452,60,247.57,197.00,64.32,150.23,1.0000,-1,-1,-1
452,61,927.37,237.13,46.34,81.55,1.0000,-1,-1,-1
452,62,561.98,253.75,54.80,160.06,1.0000,-1,-1,-1
452,63,613.57,120.39,20.42,28.83,1.0000,-1,-1,-1
452,64,785.92,248.33,108.10,183.59,1.0000,-1,-1,-1
452,65,974.40,211.70,72.04,126.64,1.0000,-1,-1,-1
452,66,336.20,376.51,96.69,149.35,1.0000,-1,-1,-1
452,67,574.98,330.16,83.89,154.53,1.0000,-1,-1,-1
453,35,465.36,341.25,69.13,196.02,1.0000,-1,-1,-1
453,37,587.66,527.16,74.89,183.92,1.0000,-1,-1,-1
453,42,838.07,119.24,84.07,186.29,1.0000,-1,-1,-1
453,53,689.25,450.17,125.06,154.00,1.0000,-1,-1,-1
453,54,447.58,192.86,67.99,157.12,1.0000,-1,-1,-1
453,55,938.37,277.37,97.15,133.44,1.0000,-1,-1,-1
453,56,741.23,114.55,61.68,143.43,1.0000,-1,-1,-1
453,58,393.12,177.26,77.92,156.98,1.0000,-1,-1,-1
453,60,249.32,195.37,64.36,150.31,1.0000,-1,-1,-1
453,61,928.17,237.54,45.64,80.30,1.0000,-1,-1,-1
453,62,560.64,251.38,54.79,160.02,1.0000,-1,-1,-1
453,63,608.24,113.98,20.42,28.83,1.0000,-1,-1,-1
453,64,789.36,272.09,108.77,168.20,1.0000,-1,-1,-1
453,65,975.16,210.83,72.24,126.99,1.0000,-1,-1,-1
453,66,335.71,376.86,97.82,148.72,1.0000,-1,-1,-1
453,67,576.30,329.14,82.73,153.96,1.0000,-1,-1,-1
454,35,465.71,336.38,72.70,197.62,1.0000,-1,-1,-1
454,37,577.34,524.39,79.47,184.81,1.0000,-1,-1,-1
454,42,838.11,116.40,84.20,186.59,1.0000,-1,-1,-1
454,53,685.48,451.91,125.32,154.32,1.0000,-1,-1,-1
454,54,446.16,191.80,68.06,157.28,1.0000,-1,-1,-1
454,55,974.42,253.64,92.72,146.46,1.0000,-1,-1,-1
454,56,742.48,110.30,63.55,144.20,1.0000,-1,-1,-1
454,58,391.44,176.07,78.16,157.46,1.0000,-1,-1,-1
454,60,251.08,193.75,64.39,150.40,1.0000,-1,-1,-1
454,61,928.98,237.96,44.92,79.04,1.0000,-1,-1,-1
454,62,559.29,249.01,54.77,159.98,1.0000,-1,-1,-1
454,63,602.90,107.57,20.42,28.83,1.0000,-1,-1,-1
454,64,804.45,277.54,103.25,159.09,1.0000,-1,-1,-1
454,65,975.93,209.97,72.44,127.34,1.0000,-1,-1,-1
454,66,334.35,376.25,98.57,148.30,1.0000,-1,-1,-1
454,67,577.87,330.93,81.59,156.12,1.0000,-1,-1,-1
455,35,468.05,332.43,75.14,199.71,1.0000,-1,-1,-1
455,37,571.66,523.17,83.09,184.80,1.0000,-1,-1,-1
455,42,838.14,113.56,84.34,186.88,1.0000,-1,-1,-1
455,53,681.71,453.65,125.57,154.64,1.0000,-1,-1,-1
455,54,444.73,190.74,68.13,157.43,1.0000,-1,-1,-1
455,55,990.38,251.94,85.97,148.73,1.0000,-1,-1,-1
455,56,743.22,108.79,65.56,144.09,1.0000,-1,-1,-1
455,58,389.76,174.88,78.40,157.94,1.0000,-1,-1,-1
455,60,252.84,192.12,64.43,150.48,1.0000,-1,-1,-1
455,61,929.79,238.39,44.18,77.75,1.0000,-1,-1,-1
455,62,557.94,246.65,54.76,159.94,1.0000,-1,-1,-1
455,63,597.57,101.16,20.42,28.83,1.0000,-1,-1,-1
455,64,817.89,281.27,96.08,154.20,1.0000,-1,-1,-1
455,65,968.67,202.08,63.36,130.43,1.0000,-1,-1,-1
455,66,334.70,375.18,98.56,148.19,1.0000,-1,-1,-1
455,67,576.99,332.73,79.28,158.47,1.0000,-1,-1,-1
456,35,469.51,329.07,76.89,201.14,1.0000,-1,-1,-1
456,37,569.15,522.35,85.06,184.69,1.0000,-1,-1,-1
456,42,838.18,110.73,84.47,187.18,1.0000,-1,-1,-1
456,53,677.94,455.38,125.83,154.96,1.0000,-1,-1,-1
456,54,443.31,189.68,68.19,157.59,1.0000,-1,-1,-1
456,55,1003.60,253.07,82.83,149.38,1.0000,-1,-1,-1
456,56,743.53,107.89,67.90,143.48,1.0000,-1,-1,-1
456,58,388.08,173.70,78.63,158.41,1.0000,-1,-1,-1
456,60,254.59,190.49,64.46,150.56,1.0000,-1,-1,-1
456,61,930.61,238.83,43.44,76.44,1.0000,-1,-1,-1
456,62,556.60,244.28,54.75,159.91,1.0000,-1,-1,-1
456,63,592.24,94.76,20.42,28.83,1.0000,-1,-1,-1
456,64,833.16,281.53,87.12,152.59,1.0000,-1,-1,-1
456,65,968.99,201.14,64.77,134.05,1.0000,-1,-1,-1
456,66,334.85,376.84,98.80,150.55,1.0000,-1,-1,-1
456,67,579.93,334.60,76.74,159.70,1.0000,-1,-1,-1
456,70,206.01,179.21,57.07,165.74,1.0000,-1,-1,-1
457,35,470.22,321.85,79.40,205.31,1.0000,-1,-1,-1
457,37,567.06,522.86,85.01,184.43,1.0000,-1,-1,-1
457,42,838.22,107.89,84.60,187.48,1.0000,-1,-1,-1
457,53,674.16,457.12,126.09,155.28,1.0000,-1,-1,-1
457,54,441.89,188.62,68.26,157.75,1.0000,-1,-1,-1
457,55,1016.27,253.17,78.52,149.13,1.0000,-1,-1,-1
457,56,742.99,106.94,70.23,142.59,1.0000,-1,-1,-1
457,58,386.40,172.52,78.87,158.89,1.0000,-1,-1,-1
457,60,256.35,188.87,64.50,150.65,1.0000,-1,-1,-1
457,61,931.43,239.28,42.68,75.11,1.0000,-1,-1,-1
457,62,555.25,241.91,54.73,159.87,1.0000,-1,-1,-1
457,63,586.90,88.35,20.42,28.83,1.0000,-1,-1,-1
457,64,847.30,281.41,78.92,152.78,1.0000,-1,-1,-1
457,65,968.98,200.09,64.89,134.30,1.0000,-1,-1,-1
457,66,336.58,379.45,97.82,154.60,1.0000,-1,-1,-1
457,67,581.02,337.32,74.90,160.25,1.0000,-1,-1,-1
457,70,208.54,176.81,55.89,163.17,1.0000,-1,-1,-1
457,71,831.36,224.88,61.53,102.73,1.0000,-1,-1,-1
458,35,471.81,314.41,83.10,210.29,1.0000,-1,-1,-1
458,37,566.11,522.47,84.94,183.91,1.0000,-1,-1,-1
458,42,838.25,105.05,84.74,187.77,1.0000,-1,-1,-1
458,53,670.39,458.86,126.35,155.60,1.0000,-1,-1,-1
458,54,440.47,187.56,68.33,157.90,1.0000,-1,-1,-1
458,55,1030.47,253.65,75.95,148.20,1.0000,-1,-1,-1
458,56,741.73,107.37,72.04,141.31,1.0000,-1,-1,-1
458,58,384.72,171.33,79.10,159.36,1.0000,-1,-1,-1
458,60,258.10,187.24,64.54,150.73,1.0000,-1,-1,-1
458,61,932.26,239.74,41.91,73.75,1.0000,-1,-1,-1
458,62,553.91,239.55,54.72,159.83,1.0000,-1,-1,-1
458,63,581.57,81.94,20.42,28.83,1.0000,-1,-1,-1
458,64,855.17,279.19,74.41,150.48,1.0000,-1,-1,-1
458,65,967.70,206.57,69.05,133.83,1.0000,-1,-1,-1
458,66,338.70,381.74,96.19,159.55,1.0000,-1,-1,-1
458,67,583.17,341.10,74.19,161.46,1.0000,-1,-1,-1
458,70,208.72,176.64,56.39,165.78,1.0000,-1,-1,-1
458,71,834.00,226.59,57.64,102.78,1.0000,-1,-1,-1
459,35,473.36,320.79,90.30,206.37,1.0000,-1,-1,-1
459,37,562.78,520.45,83.37,183.49,1.0000,-1,-1,-1
459,53,666.62,460.59,126.61,155.91,1.0000,-1,-1,-1
459,54,439.04,186.50,68.40,158.06,1.0000,-1,-1,-1
459,55,1053.14,253.68,79.65,148.07,1.0000,-1,-1,-1
459,56,740.34,106.75,74.32,140.15,1.0000,-1,-1,-1
459,58,383.04,170.15,79.33,159.83,1.0000,-1,-1,-1
459,60,259.86,185.61,64.57,150.82,1.0000,-1,-1,-1
459,61,933.10,240.21,41.13,72.37,1.0000,-1,-1,-1
459,62,552.56,237.18,54.71,159.79,1.0000,-1,-1,-1
459,63,576.23,75.53,20.42,28.83,1.0000,-1,-1,-1
459,64,866.52,279.15,75.58,150.64,1.0000,-1,-1,-1
459,65,967.73,206.09,69.22,134.16,1.0000,-1,-1,-1
459,66,340.10,386.40,95.36,164.32,1.0000,-1,-1,-1
459,67,584.78,346.92,74.10,163.76,1.0000,-1,-1,-1
459,70,210.29,173.11,56.51,163.41,1.0000,-1,-1,-1
459,71,834.68,225.92,56.90,107.72,1.0000,-1,-1,-1
460,35,472.89,325.22,96.05,202.93,1.0000,-1,-1,-1
460,37,559.55,519.72,81.54,183.05,1.0000,-1,-1,-1
460,53,662.85,462.33,126.86,156.23,1.0000,-1,-1,-1
460,54,437.62,185.44,68.46,158.21,1.0000,-1,-1,-1
460,55,1066.64,255.28,85.71,148.37,1.0000,-1,-1,-1
460,56,739.34,106.32,75.82,138.73,1.0000,-1,-1,-1
460,58,381.36,168.97,79.57,160.30,1.0000,-1,-1,-1
460,60,261.62,183.99,64.61,150.90,1.0000,-1,-1,-1
460,61,933.94,240.70,40.33,70.97,1.0000,-1,-1,-1
460,62,551.21,234.82,54.69,159.75,1.0000,-1,-1,-1
460,63,570.90,69.12,20.42,28.83,1.0000,-1,-1,-1
460,64,873.70,278.41,82.21,150.21,1.0000,-1,-1,-1
460,65,967.76,205.62,69.38,134.49,1.0000,-1,-1,-1
460,66,343.07,387.86,93.56,165.78,1.0000,-1,-1,-1
460,67,585.23,349.69,74.55,163.67,1.0000,-1,-1,-1
460,70,210.89,170.39,56.97,164.74,1.0000,-1,-1,-1
460,71,833.93,227.14,54.50,108.17,1.0000,-1,-1,-1
460,72,498.63,185.25,80.88,164.76,1.0000,-1,-1,-1
461,35,471.47,326.74,99.51,200.53,1.0000,-1,-1,-1
461,37,557.01,519.22,79.51,182.95,1.0000,-1,-1,-1
461,53,659.08,464.07,127.12,156.55,1.0000,-1,-1,-1
461,54,436.20,184.38,68.53,158.37,1.0000,-1,-1,-1
461,55,1070.24,258.37,94.81,147.61,1.0000,-1,-1,-1
461,56,738.94,106.75,76.90,137.47,1.0000,-1,-1,-1
461,58,379.68,167.79,79.80,160.77,1.0000,-1,-1,-1
461,60,263.37,182.36,64.64,150.98,1.0000,-1,-1,-1
461,61,934.80,241.21,39.51,69.53,1.0000,-1,-1,-1
461,62,549.87,232.45,54.68,159.71,1.0000,-1,-1,-1
461,63,565.57,62.71,20.42,28.83,1.0000,-1,-1,-1
461,64,876.97,277.21,90.43,150.15,1.0000,-1,-1,-1
461,65,967.79,205.15,69.55,134.82,1.0000,-1,-1,-1
461,66,346.26,391.23,91.70,164.34,1.0000,-1,-1,-1
461,67,585.88,351.06,74.67,162.57,1.0000,-1,-1,-1
461,70,210.88,168.14,57.00,158.66,1.0000,-1,-1,-1
461,71,833.74,227.53,52.84,110.24,1.0000,-1,-1,-1
461,72,498.43,187.47,82.02,163.71,1.0000,-1,-1,-1
462,35,470.37,321.41,102.64,202.79,1.0000,-1,-1,-1
462,37,553.14,518.39,77.83,183.42,1.0000,-1,-1,-1
462,53,655.31,465.81,127.38,156.86,1.0000,-1,-1,-1
462,54,434.78,183.32,68.60,158.52,1.0000,-1,-1,-1
462,55,1067.54,261.02,105.66,146.36,1.0000,-1,-1,-1
462,56,739.47,105.44,77.03,137.71,1.0000,-1,-1,-1
462,58,378.00,166.61,80.03,161.23,1.0000,-1,-1,-1
462,60,265.13,180.73,64.68,151.07,1.0000,-1,-1,-1
462,61,935.66,241.72,38.68,68.06,1.0000,-1,-1,-1
462,63,560.23,56.31,20.42,28.83,1.0000,-1,-1,-1
462,64,878.36,277.45,97.46,150.07,1.0000,-1,-1,-1
462,65,967.82,204.68,69.72,135.14,1.0000,-1,-1,-1
462,66,349.44,392.99,90.99,161.55,1.0000,-1,-1,-1
462,67,585.55,351.51,73.83,161.34,1.0000,-1,-1,-1
462,70,210.78,169.81,58.17,161.53,1.0000,-1,-1,-1
462,71,835.08,225.54,54.91,114.85,1.0000,-1,-1,-1
462,72,497.53,184.30,83.27,166.10,1.0000,-1,-1,-1
463,35,470.55,329.00,104.87,198.53,1.0000,-1,-1,-1
463,37,550.52,517.99,76.36,183.96,1.0000,-1,-1,-1
463,54,433.36,182.26,68.66,158.68,1.0000,-1,-1,-1
463,55,1061.48,263.27,115.47,146.94,1.0000,-1,-1,-1
463,56,743.47,105.79,75.83,137.55,1.0000,-1,-1,-1
463,58,376.32,165.43,80.26,161.70,1.0000,-1,-1,-1
463,60,266.88,179.11,64.72,151.15,1.0000,-1,-1,-1
463,61,936.53,242.26,37.83,66.56,1.0000,-1,-1,-1
463,63,554.90,49.90,20.42,28.83,1.0000,-1,-1,-1
463,64,880.36,279.76,101.80,148.26,1.0000,-1,-1,-1
463,65,967.85,204.21,69.89,135.47,1.0000,-1,-1,-1
463,66,354.11,399.36,93.77,158.20,1.0000,-1,-1,-1
463,67,584.73,351.06,73.19,160.69,1.0000,-1,-1,-1
463,70,210.39,170.27,58.71,163.56,1.0000,-1,-1,-1
463,71,835.75,227.12,54.51,114.02,1.0000,-1,-1,-1
463,72,497.66,181.46,83.23,168.03,1.0000,-1,-1,-1
464,35,473.09,332.39,104.03,194.52,1.0000,-1,-1,-1
464,37,546.19,517.26,75.10,184.94,1.0000,-1,-1,-1
464,54,431.93,181.20,68.73,158.83,1.0000,-1,-1,-1
464,55,1068.12,265.59,114.20,144.64,1.0000,-1,-1,-1
464,56,751.63,105.78,71.47,137.79,1.0000,-1,-1,-1
464,58,374.64,164.25,80.49,162.16,1.0000,-1,-1,-1
464,60,268.64,177.48,64.75,151.23,1.0000,-1,-1,-1
464,61,937.41,242.81,36.96,65.03,1.0000,-1,-1,-1
464,63,549.56,43.49,20.42,28.83,1.0000,-1,-1,-1
464,64,884.25,280.15,102.52,147.98,1.0000,-1,-1,-1
464,65,967.88,203.74,70.06,135.79,1.0000,-1,-1,-1
464,66,358.73,402.36,101.02,158.00,1.0000,-1,-1,-1
464,67,577.53,350.14,75.16,161.11,1.0000,-1,-1,-1
464,70,210.74,168.51,59.07,164.59,1.0000,-1,-1,-1
464,71,831.24,229.87,51.70,110.92,1.0000,-1,-1,-1
464,72,498.77,179.97,81.94,168.18,1.0000,-1,-1,-1
465,35,475.24,334.43,102.74,191.37,1.0000,-1,-1,-1
465,37,542.17,518.10,74.68,186.54,1.0000,-1,-1,-1
465,54,430.51,180.14,68.80,158.99,1.0000,-1,-1,-1
465,55,1068.99,266.73,112.67,143.02,1.0000,-1,-1,-1
465,56,758.00,106.06,66.87,137.83,1.0000,-1,-1,-1
465,58,372.97,163.07,80.72,162.62,1.0000,-1,-1,-1
465,60,270.40,175.85,64.79,151.32,1.0000,-1,-1,-1
465,61,938.30,243.38,36.07,63.46,1.0000,-1,-1,-1
465,63,544.23,37.08,20.42,28.83,1.0000,-1,-1,-1
465,64,889.05,280.13,101.24,147.03,1.0000,-1,-1,-1
465,65,967.91,203.27,70.22,136.12,1.0000,-1,-1,-1
465,66,362.44,400.28,109.18,160.34,1.0000,-1,-1,-1
465,67,573.15,349.31,76.92,160.92,1.0000,-1,-1,-1
465,70,211.09,166.75,59.44,165.61,1.0000,-1,-1,-1
465,71,828.67,231.08,50.13,112.16,1.0000,-1,-1,-1
465,72,499.92,180.43,80.36,167.66,1.0000,-1,-1,-1
466,35,476.45,336.75,100.16,188.27,1.0000,-1,-1,-1
466,37,538.28,517.25,76.13,187.74,1.0000,-1,-1,-1
466,54,429.09,179.08,68.87,159.14,1.0000,-1,-1,-1
466,55,1071.08,267.39,109.34,141.70,1.0000,-1,-1,-1
466,56,759.50,105.14,66.95,137.98,1.0000,-1,-1,-1
466,58,371.29,161.89,80.95,163.09,1.0000,-1,-1,-1
466,60,272.15,174.23,64.82,151.40,1.0000,-1,-1,-1
466,61,939.20,243.97,35.15,61.85,1.0000,-1,-1,-1
466,63,538.90,30.67,20.42,28.83,1.0000,-1,-1,-1
466,64,894.06,281.22,97.18,145.67,1.0000,-1,-1,-1
466,65,967.94,202.80,70.39,136.44,1.0000,-1,-1,-1
466,66,369.89,397.63,113.99,162.90,1.0000,-1,-1,-1
466,67,581.44,349.49,71.63,160.43,1.0000,-1,-1,-1
466,70,211.45,164.99,59.80,166.62,1.0000,-1,-1,-1
466,71,825.95,233.94,49.58,116.50,1.0000,-1,-1,-1
466,72,502.35,182.67,77.72,165.79,1.0000,-1,-1,-1
467,35,477.63,337.59,97.60,185.82,1.0000,-1,-1,-1
467,37,535.17,519.12,76.48,188.45,1.0000,-1,-1,-1
467,54,427.67,178.02,68.93,159.30,1.0000,-1,-1,-1
467,55,1081.20,269.01,100.70,140.21,1.0000,-1,-1,-1
467,56,761.01,104.21,67.03,138.14,1.0000,-1,-1,-1
467,58,369.61,160.71,81.18,163.55,1.0000,-1,-1,-1
467,60,273.91,172.60,64.86,151.48,1.0000,-1,-1,-1
467,61,940.12,244.58,34.21,60.20,1.0000,-1,-1,-1
467,63,533.56,24.27,20.42,28.83,1.0000,-1,-1,-1
467,64,900.84,251.71,91.32,158.01,1.0000,-1,-1,-1
467,65,967.97,202.33,70.56,136.76,1.0000,-1,-1,-1
467,66,372.08,399.32,114.62,165.68,1.0000,-1,-1,-1
467,67,586.32,351.22,67.51,160.03,1.0000,-1,-1,-1
467,70,211.81,163.24,60.16,167.62,1.0000,-1,-1,-1
467,71,822.86,232.96,47.92,117.35,1.0000,-1,-1,-1
467,72,502.51,184.03,75.90,164.52,1.0000,-1,-1,-1
468,35,477.73,339.15,95.87,183.59,1.0000,-1,-1,-1
468,37,533.25,520.20,76.22,188.94,1.0000,-1,-1,-1
468,54,426.25,176.96,69.00,159.45,1.0000,-1,-1,-1
468,55,1086.49,269.43,93.76,139.05,1.0000,-1,-1,-1
468,56,762.51,103.28,67.10,138.30,1.0000,-1,-1,-1
468,58,367.93,159.54,81.41,164.00,1.0000,-1,-1,-1
468,60,275.67,170.97,64.89,151.57,1.0000,-1,-1,-1
468,63,528.23,17.86,20.42,28.83,1.0000,-1,-1,-1
468,64,905.78,238.68,84.47,167.64,1.0000,-1,-1,-1
468,65,968.00,201.86,70.72,137.08,1.0000,-1,-1,-1
468,66,373.14,401.07,115.25,166.59,1.0000,-1,-1,-1
468,67,586.44,354.69,65.56,160.74,1.0000,-1,-1,-1
468,70,212.17,161.48,60.52,168.62,1.0000,-1,-1,-1
468,71,820.41,235.27,47.58,120.17,1.0000,-1,-1,-1
468,72,502.85,187.56,73.39,161.12,1.0000,-1,-1,-1
469,35,478.65,338.71,96.01,183.86,1.0000,-1,-1,-1
469,37,529.53,521.46,75.04,187.85,1.0000,-1,-1,-1
469,54,424.82,175.90,69.07,159.61,1.0000,-1,-1,-1
469,55,1089.88,270.17,88.46,138.18,1.0000,-1,-1,-1
469,56,764.02,102.36,67.18,138.46,1.0000,-1,-1,-1
469,58,366.26,158.36,81.63,164.46,1.0000,-1,-1,-1
469,60,277.42,169.35,64.93,151.65,1.0000,-1,-1,-1
469,63,522.89,11.45,20.42,28.83,1.0000,-1,-1,-1
469,64,910.46,260.53,77.33,161.51,1.0000,-1,-1,-1
469,65,968.03,201.39,70.89,137.40,1.0000,-1,-1,-1
469,66,374.20,402.82,115.87,167.49,1.0000,-1,-1,-1
469,67,584.64,356.01,64.37,158.55,1.0000,-1,-1,-1
469,70,212.53,159.74,60.88,169.61,1.0000,-1,-1,-1
469,71,813.15,233.36,48.17,117.84,1.0000,-1,-1,-1
469,72,500.00,190.73,71.86,158.26,1.0000,-1,-1,-1
470,35,477.12,323.09,95.56,191.99,1.0000,-1,-1,-1
470,37,526.87,522.41,73.87,186.89,1.0000,-1,-1,-1
470,54,423.40,174.84,69.13,159.76,1.0000,-1,-1,-1
470,55,1092.09,270.55,84.53,138.04,1.0000,-1,-1,-1
470,56,765.52,101.43,67.26,138.61,1.0000,-1,-1,-1
470,58,364.58,157.19,81.86,164.92,1.0000,-1,-1,-1
470,60,279.18,167.72,64.97,151.73,1.0000,-1,-1,-1
470,63,517.56,5.04,20.42,28.83,1.0000,-1,-1,-1
470,64,914.48,270.88,72.17,155.48,1.0000,-1,-1,-1
470,65,968.06,200.92,71.05,137.72,1.0000,-1,-1,-1
470,66,375.26,404.58,116.50,168.40,1.0000,-1,-1,-1
470,67,581.08,361.04,65.05,158.99,1.0000,-1,-1,-1
470,70,212.89,157.99,61.23,170.60,1.0000,-1,-1,-1
470,71,806.95,232.31,49.46,115.50,1.0000,-1,-1,-1
470,72,496.26,193.93,71.41,155.66,1.0000,-1,-1,-1
471,35,474.54,318.90,95.45,196.55,1.0000,-1,-1,-1
471,37,524.42,523.83,73.25,186.08,1.0000,-1,-1,-1
471,54,421.98,173.78,69.20,159.92,1.0000,-1,-1,-1
471,55,1093.12,271.41,81.41,138.29,1.0000,-1,-1,-1
471,56,767.03,100.51,67.33,138.77,1.0000,-1,-1,-1
471,58,362.90,156.01,82.09,165.37,1.0000,-1,-1,-1
471,60,280.93,166.09,65.00,151.82,1.0000,-1,-1,-1
471,64,916.71,275.56,68.28,151.10,1.0000,-1,-1,-1
471,65,968.09,200.45,71.22,138.04,1.0000,-1,-1,-1
471,66,412.42,416.01,99.49,162.13,1.0000,-1,-1,-1
471,67,579.86,361.42,64.35,155.61,1.0000,-1,-1,-1
471,70,213.25,156.25,61.58,171.58,1.0000,-1,-1,-1
471,71,799.11,231.79,51.66,117.51,1.0000,-1,-1,-1
471,72,494.29,196.43,70.92,153.37,1.0000,-1,-1,-1
472,35,470.15,315.58,94.88,200.60,1.0000,-1,-1,-1
472,37,523.17,524.62,72.23,185.55,1.0000,-1,-1,-1
472,54,420.56,172.72,69.27,160.07,1.0000,-1,-1,-1
472,55,1092.43,270.89,79.48,138.89,1.0000,-1,-1,-1
472,56,768.53,99.58,67.41,138.93,1.0000,-1,-1,-1
472,58,361.23,154.84,82.31,165.83,1.0000,-1,-1,-1
472,60,282.69,164.47,65.04,151.90,1.0000,-1,-1,-1
472,64,919.26,279.11,64.39,147.05,1.0000,-1,-1,-1
472,65,968.12,199.99,71.38,138.36,1.0000,-1,-1,-1
472,66,415.79,418.39,99.87,162.75,1.0000,-1,-1,-1
472,67,579.43,362.28,62.96,152.75,1.0000,-1,-1,-1
472,70,213.61,154.51,61.93,172.56,1.0000,-1,-1,-1
472,71,793.65,232.80,53.41,120.86,1.0000,-1,-1,-1
472,72,489.31,192.12,72.53,155.55,1.0000,-1,-1,-1
473,35,470.07,314.08,95.04,200.93,1.0000,-1,-1,-1
473,37,521.79,525.13,71.31,184.89,1.0000,-1,-1,-1
473,54,419.14,171.66,69.33,160.22,1.0000,-1,-1,-1
473,55,1093.01,272.23,78.87,140.77,1.0000,-1,-1,-1
473,56,770.03,98.66,67.48,139.08,1.0000,-1,-1,-1
473,58,359.55,153.66,82.54,166.28,1.0000,-1,-1,-1
473,60,284.45,162.84,65.07,151.98,1.0000,-1,-1,-1
473,64,922.31,282.14,59.83,143.79,1.0000,-1,-1,-1
473,65,968.15,199.52,71.55,138.68,1.0000,-1,-1,-1
473,66,426.95,427.93,103.17,153.79,1.0000,-1,-1,-1
473,67,578.45,363.26,63.18,153.27,1.0000,-1,-1,-1
473,70,213.97,152.77,62.28,173.53,1.0000,-1,-1,-1
473,71,788.08,231.42,55.58,125.25,1.0000,-1,-1,-1
473,72,486.40,187.67,73.65,159.06,1.0000,-1,-1,-1
473,74,528.09,362.80,110.21,162.34,1.0000,-1,-1,-1
474,35,469.98,312.57,95.20,201.27,1.0000,-1,-1,-1
474,37,517.97,524.35,70.32,184.16,1.0000,-1,-1,-1
474,54,417.71,170.60,69.40,160.38,1.0000,-1,-1,-1
474,55,1094.71,275.11,81.53,141.96,1.0000,-1,-1,-1
474,56,771.54,97.73,67.56,139.24,1.0000,-1,-1,-1
474,58,357.88,152.49,82.76,166.73,1.0000,-1,-1,-1
474,60,286.20,161.21,65.11,152.07,1.0000,-1,-1,-1
474,64,923.17,286.24,57.50,141.28,1.0000,-1,-1,-1
474,65,968.18,199.05,71.71,139.00,1.0000,-1,-1,-1
474,66,439.37,426.46,107.40,151.62,1.0000,-1,-1,-1
474,67,577.47,364.23,63.39,153.79,1.0000,-1,-1,-1
474,70,214.34,151.03,62.63,174.49,1.0000,-1,-1,-1
474,71,779.75,230.68,57.00,125.33,1.0000,-1,-1,-1
474,72,485.18,192.98,74.87,156.77,1.0000,-1,-1,-1
474,73,870.12,227.48,55.67,136.44,1.0000,-1,-1,-1
474,74,534.65,364.90,107.25,158.86,1.0000,-1,-1,-1
475,35,469.89,311.07,95.35,201.60,1.0000,-1,-1,-1
475,37,517.31,523.61,68.57,182.85,1.0000,-1,-1,-1
475,54,416.29,169.54,69.47,160.53,1.0000,-1,-1,-1
475,55,1094.81,277.23,83.33,142.28,1.0000,-1,-1,-1
475,56,773.04,96.81,67.64,139.40,1.0000,-1,-1,-1
475,58,356.20,151.32,82.98,167.18,1.0000,-1,-1,-1
475,60,287.96,159.59,65.14,152.15,1.0000,-1,-1,-1
475,64,925.25,289.31,55.72,138.59,1.0000,-1,-1,-1
475,65,968.22,198.59,71.87,139.31,1.0000,-1,-1,-1
475,66,444.40,428.60,107.80,152.17,1.0000,-1,-1,-1
475,67,572.99,367.05,67.33,155.18,1.0000,-1,-1,-1
475,70,214.70,149.30,62.97,175.45,1.0000,-1,-1,-1
475,71,771.86,232.09,57.89,126.55,1.0000,-1,-1,-1
475,72,481.72,197.30,76.80,154.47,1.0000,-1,-1,-1
475,73,864.44,228.65,52.57,135.43,1.0000,-1,-1,-1
475,74,534.67,364.63,108.71,161.02,1.0000,-1,-1,-1
476,35,457.09,325.64,87.83,191.68,1.0000,-1,-1,-1
476,37,517.09,521.28,67.18,182.10,1.0000,-1,-1,-1
476,54,414.87,168.48,69.53,160.68,1.0000,-1,-1,-1
476,55,1093.40,278.94,83.97,142.36,1.0000,-1,-1,-1
476,56,774.55,95.88,67.71,139.55,1.0000,-1,-1,-1
476,58,354.53,150.15,83.21,167.63,1.0000,-1,-1,-1
476,60,289.72,157.96,65.18,152.23,1.0000,-1,-1,-1
476,64,926.49,288.60,54.21,131.73,1.0000,-1,-1,-1
476,65,968.25,198.12,72.04,139.63,1.0000,-1,-1,-1
476,66,449.43,430.74,108.19,152.72,1.0000,-1,-1,-1
476,67,570.34,366.97,68.55,149.40,1.0000,-1,-1,-1
476,70,215.07,147.57,63.32,176.41,1.0000,-1,-1,-1
476,71,765.73,233.53,58.76,129.89,1.0000,-1,-1,-1
476,72,477.57,199.17,78.65,153.82,1.0000,-1,-1,-1
476,73,858.76,227.10,51.33,135.55,1.0000,-1,-1,-1
476,74,534.69,364.38,110.15,163.15,1.0000,-1,-1,-1
477,35,457.20,329.03,85.60,186.99,1.0000,-1,-1,-1
477,37,515.72,521.67,66.07,180.26,1.0000,-1,-1,-1
477,54,413.45,167.42,69.60,160.84,1.0000,-1,-1,-1
477,55,1091.22,280.16,83.94,142.02,1.0000,-1,-1,-1
477,56,776.05,94.96,67.79,139.71,1.0000,-1,-1,-1
477,58,352.86,148.98,83.43,168.08,1.0000,-1,-1,-1
477,60,291.47,156.33,65.21,152.31,1.0000,-1,-1,-1
477,64,929.43,293.23,57.28,132.14,1.0000,-1,-1,-1
477,65,968.28,197.65,72.20,139.94,1.0000,-1,-1,-1
477,66,454.46,432.88,108.58,153.27,1.0000,-1,-1,-1
477,67,569.11,367.74,68.80,149.93,1.0000,-1,-1,-1
477,70,215.44,145.85,63.66,177.36,1.0000,-1,-1,-1
477,71,760.44,233.68,58.22,130.59,1.0000,-1,-1,-1
477,72,475.60,201.62,79.95,152.45,1.0000,-1,-1,-1
477,73,854.83,230.71,51.35,135.76,1.0000,-1,-1,-1
477,74,534.72,364.14,111.57,165.25,1.0000,-1,-1,-1
478,35,458.25,331.20,84.45,184.04,1.0000,-1,-1,-1
478,37,513.52,523.63,65.64,177.63,1.0000,-1,-1,-1
478,54,412.03,166.36,69.66,160.99,1.0000,-1,-1,-1
478,55,1089.58,281.69,83.35,141.29,1.0000,-1,-1,-1
478,56,777.56,94.04,67.86,139.87,1.0000,-1,-1,-1
478,58,351.18,147.80,83.65,168.52,1.0000,-1,-1,-1
478,64,930.99,295.92,61.42,132.95,1.0000,-1,-1,-1
478,65,968.31,197.19,72.36,140.26,1.0000,-1,-1,-1
478,66,459.49,435.02,108.96,153.82,1.0000,-1,-1,-1
478,67,567.89,368.51,69.04,150.47,1.0000,-1,-1,-1
478,70,215.81,144.12,64.00,178.30,1.0000,-1,-1,-1
478,71,755.85,237.46,58.52,132.70,1.0000,-1,-1,-1
478,72,473.74,201.16,80.97,152.42,1.0000,-1,-1,-1
478,73,850.00,233.47,53.34,137.66,1.0000,-1,-1,-1
478,74,559.53,382.55,104.98,146.09,1.0000,-1,-1,-1
479,35,458.49,332.38,84.53,182.80,1.0000,-1,-1,-1
479,37,509.60,523.05,65.05,176.86,1.0000,-1,-1,-1
479,54,410.61,165.30,69.73,161.14,1.0000,-1,-1,-1
479,55,1087.38,284.09,81.87,139.51,1.0000,-1,-1,-1
479,56,779.06,93.11,67.94,140.02,1.0000,-1,-1,-1
479,58,349.51,146.63,83.87,168.97,1.0000,-1,-1,-1
479,64,933.40,300.47,67.64,135.59,1.0000,-1,-1,-1
479,65,968.34,196.72,72.52,140.57,1.0000,-1,-1,-1
479,66,464.52,437.16,109.35,154.37,1.0000,-1,-1,-1
479,67,566.66,369.29,69.29,151.00,1.0000,-1,-1,-1
479,70,216.18,142.40,64.33,179.24,1.0000,-1,-1,-1
479,71,743.13,242.66,61.73,138.23,1.0000,-1,-1,-1
479,72,471.15,200.91,82.20,152.60,1.0000,-1,-1,-1
479,73,839.98,238.72,57.77,141.00,1.0000,-1,-1,-1
479,74,556.44,388.69,110.37,144.18,1.0000,-1,-1,-1
480,35,458.91,328.71,84.89,184.34,1.0000,-1,-1,-1
480,37,505.83,523.27,65.70,176.29,1.0000,-1,-1,-1
480,54,409.18,164.24,69.80,161.30,1.0000,-1,-1,-1
480,55,1086.41,285.74,80.21,138.02,1.0000,-1,-1,-1
480,56,780.57,92.19,68.01,140.18,1.0000,-1,-1,-1
480,58,347.83,145.47,84.09,169.41,1.0000,-1,-1,-1
480,64,932.22,302.51,73.18,138.38,1.0000,-1,-1,-1
480,65,968.38,196.26,72.68,140.88,1.0000,-1,-1,-1
480,66,469.55,439.31,109.73,154.91,1.0000,-1,-1,-1
480,67,565.44,370.06,69.53,151.54,1.0000,-1,-1,-1
480,70,216.55,140.68,64.67,180.17,1.0000,-1,-1,-1
480,71,735.44,245.26,65.30,134.32,1.0000,-1,-1,-1
480,72,469.93,200.13,82.70,153.04,1.0000,-1,-1,-1
480,73,832.24,240.33,61.36,144.16,1.0000,-1,-1,-1
480,74,557.09,395.10,110.67,148.57,1.0000,-1,-1,-1
481,35,458.77,325.37,84.69,186.42,1.0000,-1,-1,-1
481,37,502.91,523.11,65.89,175.87,1.0000,-1,-1,-1
481,54,407.76,163.18,69.86,161.45,1.0000,-1,-1,-1
481,55,1085.76,286.79,78.22,136.73,1.0000,-1,-1,-1
481,56,782.07,91.26,68.09,140.33,1.0000,-1,-1,-1
481,58,346.16,144.30,84.31,169.85,1.0000,-1,-1,-1
481,64,930.79,304.69,78.37,140.36,1.0000,-1,-1,-1
481,65,968.41,195.79,72.84,141.20,1.0000,-1,-1,-1
481,66,474.59,441.45,110.12,155.45,1.0000,-1,-1,-1
481,67,564.22,370.84,69.78,152.07,1.0000,-1,-1,-1
481,70,216.92,138.96,65.00,181.10,1.0000,-1,-1,-1
481,71,725.40,247.77,68.04,131.65,1.0000,-1,-1,-1
481,72,470.19,200.34,82.68,152.80,1.0000,-1,-1,-1
481,73,826.00,239.89,64.41,141.20,1.0000,-1,-1,-1
481,74,551.00,397.89,106.14,150.47,1.0000,-1,-1,-1
482,35,458.81,323.23,84.92,187.93,1.0000,-1,-1,-1
482,37,501.50,523.59,65.79,175.28,1.0000,-1,-1,-1
482,54,406.34,162.12,69.93,161.60,1.0000,-1,-1,-1
482,55,1085.21,287.79,76.55,135.44,1.0000,-1,-1,-1
482,56,783.58,90.34,68.16,140.49,1.0000,-1,-1,-1
482,58,344.49,143.13,84.53,170.30,1.0000,-1,-1,-1
482,64,928.85,305.10,84.04,141.55,1.0000,-1,-1,-1
482,65,968.44,195.33,73.01,141.51,1.0000,-1,-1,-1
482,66,479.62,443.60,110.50,155.99,1.0000,-1,-1,-1
482,67,562.99,371.61,70.02,152.60,1.0000,-1,-1,-1
482,70,217.29,137.25,65.33,182.03,1.0000,-1,-1,-1
482,71,717.21,252.27,71.34,133.31,1.0000,-1,-1,-1
482,72,468.86,200.79,82.64,152.74,1.0000,-1,-1,-1
482,73,819.09,242.41,68.51,139.24,1.0000,-1,-1,-1
482,74,554.08,396.70,105.77,152.18,1.0000,-1,-1,-1
483,35,458.63,321.47,84.98,189.24,1.0000,-1,-1,-1
483,37,500.99,524.17,64.76,174.46,1.0000,-1,-1,-1
483,54,404.92,161.07,69.99,161.75,1.0000,-1,-1,-1
483,55,1084.67,288.83,75.08,134.39,1.0000,-1,-1,-1
483,56,779.23,123.74,59.66,136.46,1.0000,-1,-1,-1
483,58,342.82,141.96,84.75,170.74,1.0000,-1,-1,-1
483,64,927.11,305.56,88.65,142.01,1.0000,-1,-1,-1
483,65,968.48,194.87,73.17,141.82,1.0000,-1,-1,-1
483,66,484.65,445.75,110.88,156.53,1.0000,-1,-1,-1
483,67,561.77,372.39,70.26,153.12,1.0000,-1,-1,-1
483,70,217.66,135.53,65.66,182.95,1.0000,-1,-1,-1
483,71,712.88,254.66,73.78,134.30,1.0000,-1,-1,-1
483,72,467.54,201.24,82.60,152.67,1.0000,-1,-1,-1
483,73,812.39,247.04,71.76,137.89,1.0000,-1,-1,-1
483,74,555.92,399.80,105.76,152.16,1.0000,-1,-1,-1
484,35,459.05,323.12,85.85,189.91,1.0000,-1,-1,-1
484,37,498.23,523.96,64.74,174.41,1.0000,-1,-1,-1
484,54,403.50,160.01,70.06,161.90,1.0000,-1,-1,-1
484,55,1084.10,289.34,73.55,134.26,1.0000,-1,-1,-1
484,56,780.27,124.42,59.68,136.52,1.0000,-1,-1,-1
484,58,341.14,140.79,84.97,171.18,1.0000,-1,-1,-1
484,64,929.38,307.20,88.79,142.22,1.0000,-1,-1,-1
484,65,968.51,194.40,73.33,142.13,1.0000,-1,-1,-1
484,66,489.69,447.89,111.26,157.06,1.0000,-1,-1,-1
484,67,560.55,373.17,70.50,153.65,1.0000,-1,-1,-1
484,70,218.03,133.82,65.99,183.86,1.0000,-1,-1,-1
484,71,708.18,255.83,73.91,133.77,1.0000,-1,-1,-1
484,72,466.22,201.69,82.57,152.60,1.0000,-1,-1,-1
484,73,806.14,248.89,72.50,139.32,1.0000,-1,-1,-1
484,74,557.76,402.90,105.74,152.14,1.0000,-1,-1,-1
485,35,458.74,323.15,86.90,190.14,1.0000,-1,-1,-1
485,37,495.47,523.75,64.72,174.35,1.0000,-1,-1,-1
485,54,402.08,158.95,70.13,162.06,1.0000,-1,-1,-1
485,55,1082.73,289.60,71.87,134.24,1.0000,-1,-1,-1
485,56,781.31,125.09,59.71,136.58,1.0000,-1,-1,-1
485,58,339.47,139.63,85.18,171.61,1.0000,-1,-1,-1
485,64,931.65,308.83,88.92,142.43,1.0000,-1,-1,-1
485,65,968.54,193.94,73.49,142.44,1.0000,-1,-1,-1
485,66,494.72,450.04,111.64,157.60,1.0000,-1,-1,-1
485,67,559.33,373.95,70.74,154.17,1.0000,-1,-1,-1
485,70,218.41,132.12,66.32,184.78,1.0000,-1,-1,-1
485,71,703.31,256.21,71.27,132.60,1.0000,-1,-1,-1
485,72,464.89,202.14,82.53,152.54,1.0000,-1,-1,-1
485,73,790.55,253.40,64.65,136.13,1.0000,-1,-1,-1
485,74,570.93,386.32,94.30,142.66,1.0000,-1,-1,-1
486,35,458.68,323.56,87.21,189.79,1.0000,-1,-1,-1
486,37,492.71,523.54,64.70,174.30,1.0000,-1,-1,-1
486,54,400.66,157.89,70.19,162.21,1.0000,-1,-1,-1
486,55,1081.30,290.26,70.00,134.28,1.0000,-1,-1,-1
486,56,782.35,125.77,59.73,136.64,1.0000,-1,-1,-1
486,58,337.80,138.46,85.40,172.05,1.0000,-1,-1,-1
486,64,933.92,310.47,89.05,142.64,1.0000,-1,-1,-1
486,65,968.58,193.48,73.64,142.75,1.0000,-1,-1,-1
486,66,499.76,452.19,112.02,158.13,1.0000,-1,-1,-1
486,67,558.10,374.73,70.98,154.69,1.0000,-1,-1,-1
486,70,218.78,130.41,66.64,185.68,1.0000,-1,-1,-1
486,71,698.67,255.59,67.43,132.23,1.0000,-1,-1,-1
486,72,463.57,202.59,82.49,152.47,1.0000,-1,-1,-1
486,73,784.97,256.28,62.45,135.52,1.0000,-1,-1,-1
486,74,573.73,387.55,93.49,141.43,1.0000,-1,-1,-1
487,35,459.22,324.79,87.06,189.63,1.0000,-1,-1,-1
487,37,489.94,523.33,64.68,174.24,1.0000,-1,-1,-1
487,54,399.23,156.83,70.26,162.36,1.0000,-1,-1,-1
487,55,1079.97,289.48,68.76,134.88,1.0000,-1,-1,-1
487,56,783.40,126.44,59.76,136.69,1.0000,-1,-1,-1
487,58,336.13,137.30,85.62,172.49,1.0000,-1,-1,-1
487,64,936.18,312.11,89.18,142.85,1.0000,-1,-1,-1
487,65,968.61,193.01,73.80,143.05,1.0000,-1,-1,-1
487,66,504.79,454.34,112.39,158.66,1.0000,-1,-1,-1
487,67,556.88,375.51,71.22,155.21,1.0000,-1,-1,-1
487,70,219.16,128.71,66.97,186.58,1.0000,-1,-1,-1
487,71,693.67,255.90,63.88,133.12,1.0000,-1,-1,-1
487,72,462.25,203.05,82.46,152.40,1.0000,-1,-1,-1
487,73,780.24,257.01,59.70,136.56,1.0000,-1,-1,-1
487,74,576.54,388.79,92.67,140.20,1.0000,-1,-1,-1
488,35,461.26,325.80,85.48,189.69,1.0000,-1,-1,-1
488,37,487.18,523.13,64.66,174.19,1.0000,-1,-1,-1
488,54,397.81,155.77,70.32,162.51,1.0000,-1,-1,-1
488,55,1078.53,288.80,67.86,135.59,1.0000,-1,-1,-1
488,56,784.44,127.12,59.78,136.75,1.0000,-1,-1,-1
488,58,334.46,136.13,85.83,172.92,1.0000,-1,-1,-1
488,64,938.45,313.74,89.31,143.06,1.0000,-1,-1,-1
488,65,968.64,192.55,73.96,143.36,1.0000,-1,-1,-1
488,66,509.83,456.49,112.77,159.19,1.0000,-1,-1,-1
488,67,555.66,376.29,71.46,155.73,1.0000,-1,-1,-1
488,70,219.54,127.01,67.29,187.48,1.0000,-1,-1,-1
488,71,691.28,253.84,60.01,132.08,1.0000,-1,-1,-1
488,72,460.93,203.50,82.42,152.34,1.0000,-1,-1,-1
488,73,776.23,254.56,58.62,140.37,1.0000,-1,-1,-1
488,74,579.36,390.03,91.85,138.95,1.0000,-1,-1,-1
489,35,462.19,328.11,83.81,188.65,1.0000,-1,-1,-1
489,37,484.42,522.92,64.64,174.14,1.0000,-1,-1,-1
489,54,396.39,154.71,70.39,162.66,1.0000,-1,-1,-1
489,55,1074.63,288.22,68.18,136.07,1.0000,-1,-1,-1
489,56,785.48,127.79,59.81,136.81,1.0000,-1,-1,-1
489,58,332.79,134.97,86.05,173.36,1.0000,-1,-1,-1
489,64,934.03,303.22,98.21,143.24,1.0000,-1,-1,-1
489,65,968.68,192.09,74.12,143.67,1.0000,-1,-1,-1
489,66,514.87,458.65,113.14,159.72,1.0000,-1,-1,-1
489,67,554.44,377.07,71.69,156.24,1.0000,-1,-1,-1
489,70,219.91,125.31,67.61,188.38,1.0000,-1,-1,-1
489,71,685.53,254.98,56.69,131.67,1.0000,-1,-1,-1
489,72,459.60,203.95,82.39,152.27,1.0000,-1,-1,-1
489,73,769.11,252.25,57.50,145.67,1.0000,-1,-1,-1
489,74,622.31,382.07,71.20,131.96,1.0000,-1,-1,-1
490,35,462.78,331.35,82.25,186.78,1.0000,-1,-1,-1
490,37,481.66,522.71,64.62,174.08,1.0000,-1,-1,-1
490,54,394.97,153.66,70.45,162.81,1.0000,-1,-1,-1
490,55,1071.24,287.69,68.97,136.53,1.0000,-1,-1,-1
490,56,786.52,128.47,59.84,136.87,1.0000,-1,-1,-1
490,58,331.12,133.80,86.26,173.79,1.0000,-1,-1,-1
490,64,931.93,303.32,101.59,143.40,1.0000,-1,-1,-1
490,65,968.71,191.63,74.28,143.98,1.0000,-1,-1,-1
490,66,519.91,460.80,113.51,160.24,1.0000,-1,-1,-1
490,67,553.22,377.86,71.93,156.76,1.0000,-1,-1,-1
490,70,220.29,123.61,67.93,189.27,1.0000,-1,-1,-1
490,71,682.11,256.20,53.98,132.28,1.0000,-1,-1,-1
490,72,458.28,204.40,82.35,152.20,1.0000,-1,-1,-1
490,73,763.04,254.58,57.52,146.75,1.0000,-1,-1,-1
490,74,632.21,382.88,65.28,129.32,1.0000,-1,-1,-1
491,35,463.09,333.19,80.64,185.29,1.0000,-1,-1,-1
491,37,479.18,514.97,62.91,127.96,1.0000,-1,-1,-1
491,54,393.55,152.60,70.52,162.97,1.0000,-1,-1,-1
491,55,1070.82,287.20,68.60,137.00,1.0000,-1,-1,-1
491,56,787.57,129.14,59.86,136.93,1.0000,-1,-1,-1
491,64,933.77,303.96,101.81,143.71,1.0000,-1,-1,-1
491,65,968.75,191.17,74.44,144.28,1.0000,-1,-1,-1
491,66,524.94,462.95,113.88,160.77,1.0000,-1,-1,-1
491,67,552.00,378.64,72.16,157.27,1.0000,-1,-1,-1
491,70,220.67,121.91,68.25,190.15,1.0000,-1,-1,-1
491,71,679.61,255.97,52.74,130.28,1.0000,-1,-1,-1
491,72,456.78,210.42,73.25,149.64,1.0000,-1,-1,-1
491,73,758.09,258.15,57.83,145.00,1.0000,-1,-1,-1
491,74,638.31,384.26,63.45,125.71,1.0000,-1,-1,-1
492,35,463.44,332.92,79.26,185.09,1.0000,-1,-1,-1
492,37,476.45,512.81,62.76,127.66,1.0000,-1,-1,-1
492,54,392.13,151.54,70.59,163.12,1.0000,-1,-1,-1
492,55,1068.97,286.82,69.07,137.09,1.0000,-1,-1,-1
492,56,788.61,129.81,59.89,136.98,1.0000,-1,-1,-1
492,64,935.62,304.60,102.03,144.02,1.0000,-1,-1,-1
492,65,968.78,190.71,74.59,144.59,1.0000,-1,-1,-1
492,66,529.98,465.11,114.25,161.29,1.0000,-1,-1,-1
492,67,550.78,379.43,72.40,157.78,1.0000,-1,-1,-1
492,70,221.05,120.22,68.56,191.03,1.0000,-1,-1,-1
492,71,676.13,260.07,52.20,129.72,1.0000,-1,-1,-1
492,72,456.63,209.76,71.02,150.43,1.0000,-1,-1,-1
492,73,753.43,262.48,59.02,144.03,1.0000,-1,-1,-1
492,74,644.45,385.68,61.58,121.99,1.0000,-1,-1,-1
493,35,463.98,333.90,78.70,183.74,1.0000,-1,-1,-1
493,37,473.71,510.65,62.61,127.36,1.0000,-1,-1,-1
493,54,390.71,150.48,70.65,163.27,1.0000,-1,-1,-1
493,55,1062.46,286.06,72.58,137.08,1.0000,-1,-1,-1
493,56,789.65,130.49,59.91,137.04,1.0000,-1,-1,-1
493,64,929.66,303.82,104.04,143.04,1.0000,-1,-1,-1
493,65,968.82,190.25,74.75,144.89,1.0000,-1,-1,-1
493,66,535.02,467.26,114.62,161.81,1.0000,-1,-1,-1
493,67,549.56,380.21,72.63,158.29,1.0000,-1,-1,-1
493,70,221.43,118.53,68.88,191.91,1.0000,-1,-1,-1
493,71,672.61,261.82,51.98,128.05,1.0000,-1,-1,-1
493,72,456.93,208.03,70.26,152.21,1.0000,-1,-1,-1
493,73,748.19,266.15,62.86,143.31,1.0000,-1,-1,-1
493,74,654.22,389.46,59.12,125.18,1.0000,-1,-1,-1
494,35,463.57,335.23,77.49,183.17,1.0000,-1,-1,-1
494,37,474.13,536.05,67.49,146.24,1.0000,-1,-1,-1
494,54,389.28,149.42,70.72,163.42,1.0000,-1,-1,-1
494,55,1067.22,286.10,69.99,137.45,1.0000,-1,-1,-1
494,56,790.69,131.16,59.94,137.10,1.0000,-1,-1,-1
494,64,917.94,305.65,89.78,142.85,1.0000,-1,-1,-1
494,65,968.85,189.79,74.91,145.19,1.0000,-1,-1,-1
494,66,540.06,469.42,114.99,162.33,1.0000,-1,-1,-1
494,67,548.35,381.00,72.87,158.80,1.0000,-1,-1,-1
494,70,221.81,116.84,69.19,192.78,1.0000,-1,-1,-1
494,71,664.39,268.38,54.22,127.32,1.0000,-1,-1,-1
494,72,455.57,208.76,70.03,151.73,1.0000,-1,-1,-1
494,73,741.59,269.93,65.81,141.89,1.0000,-1,-1,-1
494,74,661.34,390.17,67.72,127.40,1.0000,-1,-1,-1
495,35,463.05,336.80,76.51,182.30,1.0000,-1,-1,-1
495,37,471.76,537.69,68.29,154.73,1.0000,-1,-1,-1
495,54,387.86,148.36,70.78,163.57,1.0000,-1,-1,-1
495,55,1068.99,285.99,68.34,137.57,1.0000,-1,-1,-1
495,56,791.73,131.84,59.96,137.16,1.0000,-1,-1,-1
495,64,917.50,306.28,89.90,143.04,1.0000,-1,-1,-1
495,65,968.89,189.33,75.06,145.50,1.0000,-1,-1,-1
495,66,545.10,471.58,115.36,162.84,1.0000,-1,-1,-1
495,67,547.13,381.79,73.10,159.31,1.0000,-1,-1,-1
495,70,222.19,115.16,69.50,193.65,1.0000,-1,-1,-1
495,71,657.03,274.26,56.63,132.44,1.0000,-1,-1,-1
495,72,454.21,209.49,69.81,151.24,1.0000,-1,-1,-1
495,73,735.43,272.11,66.07,142.45,1.0000,-1,-1,-1
495,74,661.95,392.77,71.01,126.26,1.0000,-1,-1,-1
496,35,462.87,339.88,75.40,180.48,1.0000,-1,-1,-1
496,37,469.45,538.85,68.25,154.64,1.0000,-1,-1,-1
496,54,386.44,147.31,70.85,163.72,1.0000,-1,-1,-1
496,55,1068.63,285.73,67.70,137.97,1.0000,-1,-1,-1
496,56,812.42,139.73,46.85,130.02,1.0000,-1,-1,-1
496,64,914.04,306.47,79.50,143.31,1.0000,-1,-1,-1
496,65,968.92,188.87,75.22,145.80,1.0000,-1,-1,-1
496,66,550.15,473.74,115.72,163.36,1.0000,-1,-1,-1
496,67,545.91,382.58,73.33,159.81,1.0000,-1,-1,-1
496,70,222.58,113.47,69.82,194.52,1.0000,-1,-1,-1
496,71,648.08,278.56,59.69,137.04,1.0000,-1,-1,-1
496,72,452.23,213.32,66.53,151.43,1.0000,-1,-1,-1
496,73,729.27,274.29,66.32,142.99,1.0000,-1,-1,-1
496,74,668.28,394.34,69.69,123.91,1.0000,-1,-1,-1
497,35,459.84,338.66,75.75,181.02,1.0000,-1,-1,-1
497,37,467.15,540.01,68.21,154.55,1.0000,-1,-1,-1
497,54,385.02,146.25,70.91,163.87,1.0000,-1,-1,-1
497,55,1066.03,286.20,68.61,138.27,1.0000,-1,-1,-1
497,56,817.70,141.04,42.34,129.06,1.0000,-1,-1,-1
497,64,914.92,305.81,74.01,142.33,1.0000,-1,-1,-1
497,65,968.96,188.41,75.37,146.10,1.0000,-1,-1,-1
497,66,555.19,475.89,116.08,163.87,1.0000,-1,-1,-1
497,67,544.69,383.36,73.56,160.31,1.0000,-1,-1,-1
497,70,222.96,111.79,70.12,195.38,1.0000,-1,-1,-1
497,71,642.51,281.06,59.83,137.36,1.0000,-1,-1,-1
497,72,451.36,215.74,64.25,150.80,1.0000,-1,-1,-1
497,73,723.34,271.62,63.52,141.65,1.0000,-1,-1,-1
497,74,674.62,395.92,68.35,121.52,1.0000,-1,-1,-1
498,35,457.07,338.29,77.17,181.22,1.0000,-1,-1,-1
498,37,465.87,538.99,68.65,161.63,1.0000,-1,-1,-1
498,54,383.60,145.19,70.98,164.02,1.0000,-1,-1,-1
498,55,1063.22,286.41,70.30,138.63,1.0000,-1,-1,-1
498,56,819.63,142.06,42.27,128.83,1.0000,-1,-1,-1
498,64,916.51,306.29,70.95,141.44,1.0000,-1,-1,-1
498,65,968.99,187.95,75.53,146.40,1.0000,-1,-1,-1
498,66,560.23,478.05,116.45,164.39,1.0000,-1,-1,-1
498,67,543.47,384.15,73.79,160.81,1.0000,-1,-1,-1
498,70,223.34,110.11,70.43,196.23,1.0000,-1,-1,-1
498,71,641.01,283.61,63.53,142.45,1.0000,-1,-1,-1
498,72,449.82,216.98,63.95,150.11,1.0000,-1,-1,-1
498,73,718.21,271.94,60.90,140.59,1.0000,-1,-1,-1
498,74,670.56,396.40,83.01,126.94,1.0000,-1,-1,-1
498,75,789.32,403.94,96.42,145.83,1.0000,-1,-1,-1
499,35,453.28,336.97,79.10,182.27,1.0000,-1,-1,-1
499,37,464.17,538.89,68.94,166.22,1.0000,-1,-1,-1
499,54,382.18,144.13,71.04,164.17,1.0000,-1,-1,-1
499,55,1057.69,289.79,73.95,137.01,1.0000,-1,-1,-1
499,56,821.56,143.07,42.19,128.60,1.0000,-1,-1,-1
499,64,915.47,306.93,70.77,140.87,1.0000,-1,-1,-1
499,65,969.03,187.49,75.68,146.70,1.0000,-1,-1,-1
499,66,565.27,480.21,116.81,164.90,1.0000,-1,-1,-1
499,67,542.26,384.95,74.02,161.31,1.0000,-1,-1,-1
499,70,223.73,108.43,70.74,197.09,1.0000,-1,-1,-1
499,71,634.40,285.32,61.13,142.72,1.0000,-1,-1,-1
499,72,448.28,218.22,63.66,149.41,1.0000,-1,-1,-1
499,73,709.99,273.30,58.53,136.49,1.0000,-1,-1,-1
499,74,678.95,388.53,82.55,132.38,1.0000,-1,-1,-1
499,75,802.79,406.37,106.48,146.61,1.0000,-1,-1,-1
500,35,451.28,334.73,80.30,184.12,1.0000,-1,-1,-1
500,37,463.67,538.76,69.66,169.37,1.0000,-1,-1,-1
500,54,380.76,143.08,71.11,164.32,1.0000,-1,-1,-1
500,55,1052.21,293.64,78.10,134.73,1.0000,-1,-1,-1
500,56,823.50,144.09,42.12,128.37,1.0000,-1,-1,-1
500,64,914.42,307.42,70.75,140.83,1.0000,-1,-1,-1
500,65,969.07,187.03,75.84,147.00,1.0000,-1,-1,-1
500,66,570.32,482.38,117.17,165.41,1.0000,-1,-1,-1
500,67,541.04,385.74,74.25,161.81,1.0000,-1,-1,-1
500,70,224.11,106.75,71.04,197.94,1.0000,-1,-1,-1
500,71,630.13,286.09,58.78,143.70,1.0000,-1,-1,-1
500,72,446.74,219.47,63.36,148.72,1.0000,-1,-1,-1
500,73,703.63,276.13,57.75,134.04,1.0000,-1,-1,-1
500,74,686.64,388.15,79.60,133.52,1.0000,-1,-1,-1
500,75,814.14,410.01,113.29,148.21,1.0000,-1,-1,-1
501,35,449.04,333.01,81.95,186.07,1.0000,-1,-1,-1
501,37,463.06,538.46,70.52,171.92,1.0000,-1,-1,-1
501,54,379.34,142.02,71.17,164.47,1.0000,-1,-1,-1
501,55,1047.21,297.58,82.04,131.47,1.0000,-1,-1,-1
501,56,830.25,145.89,48.90,129.74,1.0000,-1,-1,-1
501,64,913.36,307.91,70.72,140.78,1.0000,-1,-1,-1
501,65,969.10,186.58,75.99,147.30,1.0000,-1,-1,-1
501,66,575.36,484.54,117.53,165.91,1.0000,-1,-1,-1
501,67,539.83,386.53,74.48,162.31,1.0000,-1,-1,-1
501,70,224.50,105.07,71.35,198.79,1.0000,-1,-1,-1
501,71,628.33,284.89,56.72,144.30,1.0000,-1,-1,-1
501,72,446.17,218.39,58.28,146.81,1.0000,-1,-1,-1
501,73,698.31,281.99,58.07,135.51,1.0000,-1,-1,-1
501,74,700.60,388.87,73.69,133.74,1.0000,-1,-1,-1
501,75,824.66,411.39,113.62,149.97,1.0000,-1,-1,-1
501,76,487.08,218.62,61.81,144.38,1.0000,-1,-1,-1
502,35,447.74,331.74,83.09,187.83,1.0000,-1,-1,-1
502,37,462.44,538.39,71.55,173.54,1.0000,-1,-1,-1
502,54,377.92,140.96,71.24,164.62,1.0000,-1,-1,-1
502,55,1043.83,300.51,85.18,129.32,1.0000,-1,-1,-1
502,56,831.21,146.49,53.54,130.50,1.0000,-1,-1,-1
502,64,900.89,310.40,68.99,141.00,1.0000,-1,-1,-1
502,65,969.14,186.12,76.15,147.60,1.0000,-1,-1,-1
502,66,580.41,486.70,117.89,166.42,1.0000,-1,-1,-1
502,67,538.61,387.32,74.70,162.80,1.0000,-1,-1,-1
502,70,224.88,103.40,71.65,199.63,1.0000,-1,-1,-1
502,71,626.09,282.94,54.83,144.70,1.0000,-1,-1,-1
502,72,446.94,219.69,54.38,144.43,1.0000,-1,-1,-1
502,73,696.01,285.52,57.17,134.10,1.0000,-1,-1,-1
502,74,714.85,388.70,71.75,134.19,1.0000,-1,-1,-1
502,75,838.51,414.40,106.34,149.17,1.0000,-1,-1,-1
502,76,483.96,223.67,60.54,142.06,1.0000,-1,-1,-1
503,35,448.30,331.54,83.04,189.09,1.0000,-1,-1,-1
503,37,461.49,538.74,72.44,174.89,1.0000,-1,-1,-1
503,54,376.50,139.90,71.30,164.77,1.0000,-1,-1,-1
503,55,1038.72,302.50,89.05,127.83,1.0000,-1,-1,-1
503,56,831.18,146.89,57.33,131.14,1.0000,-1,-1,-1
503,64,903.99,311.65,64.34,140.22,1.0000,-1,-1,-1
503,65,969.17,185.66,76.30,147.90,1.0000,-1,-1,-1
503,66,585.45,488.86,118.24,166.92,1.0000,-1,-1,-1
503,67,537.39,388.12,74.93,163.30,1.0000,-1,-1,-1
503,70,225.27,101.73,71.95,200.47,1.0000,-1,-1,-1
503,71,623.59,282.65,54.32,144.84,1.0000,-1,-1,-1
503,72,447.86,222.85,51.76,142.60,1.0000,-1,-1,-1
503,73,687.91,292.10,59.93,137.54,1.0000,-1,-1,-1
503,74,723.91,385.99,68.17,130.20,1.0000,-1,-1,-1
503,75,854.58,416.68,95.16,147.29,1.0000,-1,-1,-1
503,76,481.76,223.62,60.94,142.43,1.0000,-1,-1,-1
504,35,450.62,335.31,81.16,187.84,1.0000,-1,-1,-1
504,37,460.02,539.59,72.44,175.93,1.0000,-1,-1,-1
504,55,1020.54,303.22,99.44,127.54,1.0000,-1,-1,-1
504,56,832.54,149.48,60.16,130.82,1.0000,-1,-1,-1
504,64,902.19,312.39,64.27,140.08,1.0000,-1,-1,-1
504,65,969.21,185.20,76.46,148.19,1.0000,-1,-1,-1
504,66,590.50,491.03,118.60,167.43,1.0000,-1,-1,-1
504,67,536.18,388.91,75.16,163.79,1.0000,-1,-1,-1
504,70,225.66,100.06,72.25,201.30,1.0000,-1,-1,-1
504,71,619.13,282.88,54.15,144.47,1.0000,-1,-1,-1
504,72,446.46,224.24,51.29,141.32,1.0000,-1,-1,-1
504,73,680.78,296.59,60.17,138.98,1.0000,-1,-1,-1
504,74,733.85,390.88,63.19,132.25,1.0000,-1,-1,-1
504,75,867.55,417.19,95.89,148.42,1.0000,-1,-1,-1
504,76,481.39,223.59,60.87,142.54,1.0000,-1,-1,-1
505,35,451.83,336.61,79.78,187.32,1.0000,-1,-1,-1
505,37,459.63,540.03,72.23,176.61,1.0000,-1,-1,-1
505,55,1009.74,302.61,105.56,127.93,1.0000,-1,-1,-1
505,56,835.11,150.59,60.18,130.86,1.0000,-1,-1,-1
505,64,900.38,313.13,64.21,139.93,1.0000,-1,-1,-1
505,65,969.25,184.75,76.61,148.49,1.0000,-1,-1,-1
505,66,595.55,493.19,118.96,167.93,1.0000,-1,-1,-1
505,67,534.97,389.71,75.38,164.28,1.0000,-1,-1,-1
505,70,226.05,98.39,72.55,202.14,1.0000,-1,-1,-1
505,71,616.12,282.91,54.79,142.91,1.0000,-1,-1,-1
505,72,447.95,226.30,49.67,142.20,1.0000,-1,-1,-1
505,73,677.00,298.16,60.66,140.73,1.0000,-1,-1,-1
505,74,740.72,395.58,60.23,135.56,1.0000,-1,-1,-1
505,75,880.53,417.70,96.62,149.54,1.0000,-1,-1,-1
505,76,480.98,222.23,61.87,142.59,1.0000,-1,-1,-1
506,35,452.17,338.28,78.64,186.65,1.0000,-1,-1,-1
506,37,459.29,540.19,71.87,176.89,1.0000,-1,-1,-1
506,55,1008.72,302.00,104.16,127.97,1.0000,-1,-1,-1
506,56,837.69,151.70,60.20,130.90,1.0000,-1,-1,-1
506,64,898.57,313.86,64.14,139.78,1.0000,-1,-1,-1
506,65,969.29,184.29,76.76,148.79,1.0000,-1,-1,-1
506,66,600.59,495.36,119.31,168.43,1.0000,-1,-1,-1
506,67,533.75,390.50,75.61,164.77,1.0000,-1,-1,-1
506,70,226.44,96.72,72.85,202.97,1.0000,-1,-1,-1
506,71,612.68,286.02,55.72,144.07,1.0000,-1,-1,-1
506,72,447.33,226.92,49.06,142.58,1.0000,-1,-1,-1
506,73,674.91,296.69,61.00,139.66,1.0000,-1,-1,-1
506,74,748.74,397.64,58.43,138.89,1.0000,-1,-1,-1
506,75,899.92,423.94,83.78,146.35,1.0000,-1,-1,-1
506,76,480.60,221.42,62.58,143.26,1.0000,-1,-1,-1
507,35,452.11,339.61,77.68,185.66,1.0000,-1,-1,-1
507,37,459.46,540.75,71.39,177.14,1.0000,-1,-1,-1
507,55,981.28,299.31,114.85,128.87,1.0000,-1,-1,-1
507,56,840.26,152.81,60.22,130.95,1.0000,-1,-1,-1
507,64,896.76,314.60,64.07,139.64,1.0000,-1,-1,-1
507,65,969.32,183.83,76.91,149.08,1.0000,-1,-1,-1
507,66,605.64,497.53,119.66,168.92,1.0000,-1,-1,-1
507,67,532.54,391.30,75.83,165.26,1.0000,-1,-1,-1
507,70,226.83,95.06,73.14,203.79,1.0000,-1,-1,-1
507,71,609.16,289.84,56.11,145.27,1.0000,-1,-1,-1
507,72,445.92,227.10,49.39,142.17,1.0000,-1,-1,-1
507,73,673.95,296.59,60.70,139.91,1.0000,-1,-1,-1
507,74,755.27,399.80,59.48,141.29,1.0000,-1,-1,-1
507,75,915.49,426.84,83.28,146.41,1.0000,-1,-1,-1
507,76,480.70,222.13,62.50,142.73,1.0000,-1,-1,-1
508,35,452.13,340.99,76.87,184.45,1.0000,-1,-1,-1
508,37,459.80,541.38,71.14,177.18,1.0000,-1,-1,-1
508,55,966.89,297.87,118.56,129.79,1.0000,-1,-1,-1
508,56,842.83,153.92,60.24,130.99,1.0000,-1,-1,-1
508,64,889.39,304.09,57.18,132.19,1.0000,-1,-1,-1
508,65,969.36,183.38,77.07,149.38,1.0000,-1,-1,-1
508,66,610.69,499.69,120.01,169.42,1.0000,-1,-1,-1
508,67,531.32,392.10,76.05,165.74,1.0000,-1,-1,-1
508,70,227.22,93.39,73.44,204.61,1.0000,-1,-1,-1
508,71,604.21,293.48,57.67,146.37,1.0000,-1,-1,-1
508,72,445.06,227.27,49.83,141.31,1.0000,-1,-1,-1
508,73,674.24,292.76,59.95,141.38,1.0000,-1,-1,-1
508,74,762.53,402.07,58.67,139.37,1.0000,-1,-1,-1
508,75,927.18,425.91,86.60,149.28,1.0000,-1,-1,-1
508,76,479.95,224.61,62.57,141.61,1.0000,-1,-1,-1
509,35,451.44,341.82,76.19,183.35,1.0000,-1,-1,-1
509,37,459.57,542.38,70.96,176.77,1.0000,-1,-1,-1
509,55,951.66,295.22,117.90,131.16,1.0000,-1,-1,-1
509,56,846.58,152.74,56.30,130.60,1.0000,-1,-1,-1
509,64,884.03,303.52,55.39,132.00,1.0000,-1,-1,-1
509,65,969.40,182.92,77.22,149.67,1.0000,-1,-1,-1
509,66,615.74,501.86,120.37,169.92,1.0000,-1,-1,-1
509,67,530.11,392.90,76.27,166.23,1.0000,-1,-1,-1
509,70,227.61,91.73,73.73,205.43,1.0000,-1,-1,-1
509,71,597.50,301.82,61.88,147.94,1.0000,-1,-1,-1
509,72,443.42,228.74,50.85,140.68,1.0000,-1,-1,-1
509,73,673.71,293.36,59.99,146.19,1.0000,-1,-1,-1
509,74,769.80,404.35,57.85,137.42,1.0000,-1,-1,-1
509,75,940.83,431.62,90.84,151.12,1.0000,-1,-1,-1
509,76,480.48,227.33,61.08,138.04,1.0000,-1,-1,-1
510,35,451.12,341.62,75.74,183.05,1.0000,-1,-1,-1
510,37,459.63,543.18,70.91,176.66,1.0000,-1,-1,-1
510,55,944.61,294.26,116.84,133.34,1.0000,-1,-1,-1
510,56,849.63,152.66,53.40,130.15,1.0000,-1,-1,-1
510,64,878.30,306.42,56.21,134.73,1.0000,-1,-1,-1
510,65,969.43,182.47,77.37,149.97,1.0000,-1,-1,-1
510,66,620.79,504.03,120.72,170.41,1.0000,-1,-1,-1
510,67,528.90,393.69,76.50,166.71,1.0000,-1,-1,-1
510,70,228.00,90.07,74.03,206.25,1.0000,-1,-1,-1
510,71,589.61,308.55,66.37,147.80,1.0000,-1,-1,-1
510,72,442.44,229.77,51.64,138.66,1.0000,-1,-1,-1
510,73,673.26,291.94,60.04,149.60,1.0000,-1,-1,-1
510,74,776.42,412.93,63.79,139.97,1.0000,-1,-1,-1
510,75,947.97,436.01,91.88,152.29,1.0000,-1,-1,-1
510,76,481.17,229.25,59.37,134.75,1.0000,-1,-1,-1
511,35,450.61,341.38,75.17,182.82,1.0000,-1,-1,-1
511,37,460.07,543.65,70.73,176.66,1.0000,-1,-1,-1
511,55,942.62,293.84,113.44,135.34,1.0000,-1,-1,-1
511,56,852.69,152.05,50.44,130.09,1.0000,-1,-1,-1
511,64,872.23,308.25,57.84,136.35,1.0000,-1,-1,-1
511,65,969.47,182.01,77.52,150.26,1.0000,-1,-1,-1
511,66,625.84,506.20,121.06,170.90,1.0000,-1,-1,-1
511,67,527.68,394.49,76.72,167.19,1.0000,-1,-1,-1
511,70,228.39,88.41,74.32,207.06,1.0000,-1,-1,-1
511,71,585.82,313.00,68.72,145.92,1.0000,-1,-1,-1
511,72,441.43,231.03,51.21,137.53,1.0000,-1,-1,-1
511,73,672.35,290.35,60.54,151.57,1.0000,-1,-1,-1
511,74,781.98,416.36,64.14,140.03,1.0000,-1,-1,-1
511,75,952.85,439.92,91.77,152.24,1.0000,-1,-1,-1
511,76,481.65,230.64,57.64,132.72,1.0000,-1,-1,-1
512,35,450.27,341.16,74.68,182.60,1.0000,-1,-1,-1
512,37,460.67,544.08,70.07,176.49,1.0000,-1,-1,-1
512,55,941.55,293.83,108.70,135.99,1.0000,-1,-1,-1
512,56,854.92,153.37,48.63,129.46,1.0000,-1,-1,-1
512,64,865.99,309.97,61.04,137.40,1.0000,-1,-1,-1
512,65,969.51,181.56,77.67,150.55,1.0000,-1,-1,-1
512,66,630.89,508.37,121.41,171.39,1.0000,-1,-1,-1
512,67,526.47,395.29,76.94,167.67,1.0000,-1,-1,-1
512,70,228.78,86.76,74.61,207.87,1.0000,-1,-1,-1
512,71,583.57,315.55,70.20,144.11,1.0000,-1,-1,-1
512,72,440.42,232.30,50.79,136.38,1.0000,-1,-1,-1
512,73,670.19,288.82,61.67,152.43,1.0000,-1,-1,-1
512,74,786.35,419.00,62.38,138.79,1.0000,-1,-1,-1
512,75,954.59,440.04,90.71,152.47,1.0000,-1,-1,-1
512,76,482.17,231.59,56.06,131.33,1.0000,-1,-1,-1
513,35,450.08,340.75,74.80,182.67,1.0000,-1,-1,-1
513,37,461.76,544.55,69.09,176.17,1.0000,-1,-1,-1
513,55,938.98,292.89,103.98,135.71,1.0000,-1,-1,-1
513,56,856.96,155.01,48.20,128.35,1.0000,-1,-1,-1
513,64,858.81,311.43,65.85,137.65,1.0000,-1,-1,-1
513,65,969.55,181.10,77.82,150.84,1.0000,-1,-1,-1
513,66,635.94,510.54,121.76,171.88,1.0000,-1,-1,-1
513,67,525.26,396.10,77.16,168.15,1.0000,-1,-1,-1
513,70,229.18,85.10,74.90,208.68,1.0000,-1,-1,-1
513,71,581.71,316.01,70.83,143.20,1.0000,-1,-1,-1
513,72,439.41,233.57,50.36,135.22,1.0000,-1,-1,-1
513,73,668.21,288.26,63.13,152.64,1.0000,-1,-1,-1
513,74,790.66,421.72,59.11,136.74,1.0000,-1,-1,-1
513,75,955.53,439.23,89.56,153.33,1.0000,-1,-1,-1
513,76,483.06,232.83,54.41,130.09,1.0000,-1,-1,-1
514,35,449.85,338.66,74.31,183.88,1.0000,-1,-1,-1
514,37,464.20,544.65,68.00,175.53,1.0000,-1,-1,-1
514,55,928.86,293.81,98.60,134.62,1.0000,-1,-1,-1
514,56,859.22,156.07,50.27,127.96,1.0000,-1,-1,-1
514,64,851.69,312.50,71.19,138.70,1.0000,-1,-1,-1
514,65,969.59,180.65,77.97,151.14,1.0000,-1,-1,-1
514,66,640.99,512.71,122.11,172.37,1.0000,-1,-1,-1
514,67,524.05,396.90,77.38,168.63,1.0000,-1,-1,-1
514,70,229.57,83.45,75.19,209.48,1.0000,-1,-1,-1
514,71,578.15,313.45,68.96,143.73,1.0000,-1,-1,-1
514,72,438.40,234.85,49.92,134.06,1.0000,-1,-1,-1
514,73,665.07,289.66,63.63,151.39,1.0000,-1,-1,-1
514,74,797.34,424.83,54.96,134.07,1.0000,-1,-1,-1
514,75,955.25,435.11,88.37,155.66,1.0000,-1,-1,-1
514,76,482.33,234.80,53.57,128.85,1.0000,-1,-1,-1
515,35,449.38,337.51,73.31,184.59,1.0000,-1,-1,-1
515,37,463.90,545.58,67.95,175.06,1.0000,-1,-1,-1
515,55,918.86,294.58,91.14,134.60,1.0000,-1,-1,-1
515,56,862.36,157.55,55.35,128.13,1.0000,-1,-1,-1
515,64,845.73,312.60,76.35,140.27,1.0000,-1,-1,-1
515,65,969.62,180.19,78.12,151.43,1.0000,-1,-1,-1
515,66,646.04,514.89,122.45,172.86,1.0000,-1,-1,-1
515,67,522.84,397.70,77.60,169.11,1.0000,-1,-1,-1
515,70,229.96,81.79,75.47,210.28,1.0000,-1,-1,-1
515,71,577.14,310.79,67.50,144.43,1.0000,-1,-1,-1
515,72,437.40,236.13,49.48,132.88,1.0000,-1,-1,-1
515,73,663.42,290.82,64.29,150.63,1.0000,-1,-1,-1
515,74,800.93,427.63,53.64,130.90,1.0000,-1,-1,-1
515,75,955.07,430.03,86.88,158.79,1.0000,-1,-1,-1
515,76,481.57,235.05,52.94,128.86,1.0000,-1,-1,-1
516,35,449.47,337.83,72.47,184.94,1.0000,-1,-1,-1
516,37,465.02,545.72,67.60,174.58,1.0000,-1,-1,-1
516,55,910.11,295.83,83.23,134.73,1.0000,-1,-1,-1
516,56,862.71,159.31,59.69,127.45,1.0000,-1,-1,-1
516,64,841.01,311.81,76.81,140.21,1.0000,-1,-1,-1
516,65,969.66,179.74,78.27,151.72,1.0000,-1,-1,-1
516,66,651.09,517.06,122.79,173.34,1.0000,-1,-1,-1
516,67,521.63,398.50,77.81,169.58,1.0000,-1,-1,-1
516,70,230.36,80.14,75.76,211.08,1.0000,-1,-1,-1
516,71,577.94,307.46,65.49,145.06,1.0000,-1,-1,-1
516,72,436.39,237.41,49.04,131.70,1.0000,-1,-1,-1
516,73,662.17,291.10,65.07,150.23,1.0000,-1,-1,-1
516,74,804.09,430.26,52.83,127.98,1.0000,-1,-1,-1
516,75,954.72,426.17,85.80,161.98,1.0000,-1,-1,-1
516,76,479.99,234.95,52.72,129.60,1.0000,-1,-1,-1
517,35,451.74,338.30,71.01,185.26,1.0000,-1,-1,-1
517,37,465.70,546.22,67.22,174.14,1.0000,-1,-1,-1
517,55,899.96,295.14,75.56,134.80,1.0000,-1,-1,-1
517,56,861.01,159.17,62.32,127.37,1.0000,-1,-1,-1
517,64,835.03,312.21,75.78,140.62,1.0000,-1,-1,-1
517,65,969.70,179.29,78.42,152.01,1.0000,-1,-1,-1
517,66,656.15,519.23,123.14,173.83,1.0000,-1,-1,-1
517,67,520.42,399.31,78.03,170.06,1.0000,-1,-1,-1
517,70,230.75,78.49,76.04,211.87,1.0000,-1,-1,-1
517,71,579.40,305.18,63.46,145.67,1.0000,-1,-1,-1
517,72,435.39,238.70,48.60,130.50,1.0000,-1,-1,-1
517,73,661.72,290.35,65.40,150.43,1.0000,-1,-1,-1
517,74,808.19,431.07,55.16,126.83,1.0000,-1,-1,-1
517,75,953.78,423.54,83.54,164.02,1.0000,-1,-1,-1
517,76,479.71,234.84,51.91,130.42,1.0000,-1,-1,-1
518,35,453.40,338.25,69.54,185.68,1.0000,-1,-1,-1
518,37,465.84,547.17,66.78,173.56,1.0000,-1,-1,-1
518,55,891.77,295.31,75.52,134.74,1.0000,-1,-1,-1
518,56,858.97,159.59,64.39,127.41,1.0000,-1,-1,-1
518,64,827.69,312.21,72.93,141.53,1.0000,-1,-1,-1
518,65,969.74,178.84,78.57,152.30,1.0000,-1,-1,-1
518,66,661.20,521.41,123.48,174.31,1.0000,-1,-1,-1
518,67,519.21,400.11,78.25,170.53,1.0000,-1,-1,-1
518,70,231.15,76.85,76.33,212.66,1.0000,-1,-1,-1
518,71,581.11,300.02,61.24,141.77,1.0000,-1,-1,-1
518,72,434.39,240.00,48.15,129.29,1.0000,-1,-1,-1
518,73,661.87,289.05,65.16,150.65,1.0000,-1,-1,-1
518,74,811.54,431.74,58.59,125.78,1.0000,-1,-1,-1
518,75,952.30,421.91,79.70,165.16,1.0000,-1,-1,-1
518,76,479.24,234.89,51.38,131.59,1.0000,-1,-1,-1
519,35,458.10,338.84,65.85,185.64,1.0000,-1,-1,-1
519,37,466.01,548.16,66.37,172.80,1.0000,-1,-1,-1
519,55,879.40,292.73,77.22,136.75,1.0000,-1,-1,-1
519,56,857.89,159.26,64.51,127.62,1.0000,-1,-1,-1
519,64,815.45,310.48,67.56,140.78,1.0000,-1,-1,-1
519,66,666.25,523.58,123.82,174.79,1.0000,-1,-1,-1
519,67,517.99,400.92,78.46,171.00,1.0000,-1,-1,-1
519,70,231.55,75.20,76.61,213.45,1.0000,-1,-1,-1
519,71,581.90,299.43,59.56,140.48,1.0000,-1,-1,-1
519,72,433.39,241.30,47.69,128.07,1.0000,-1,-1,-1
519,73,662.59,287.71,64.81,151.49,1.0000,-1,-1,-1
519,74,814.20,432.39,60.83,125.33,1.0000,-1,-1,-1
519,75,951.12,420.95,75.85,166.12,1.0000,-1,-1,-1
519,76,478.62,235.83,51.05,130.73,1.0000,-1,-1,-1
520,35,457.42,338.78,65.05,185.70,1.0000,-1,-1,-1
520,37,465.81,549.40,65.92,171.69,1.0000,-1,-1,-1
520,55,870.71,290.77,80.10,138.48,1.0000,-1,-1,-1
520,56,858.88,159.93,64.45,127.81,1.0000,-1,-1,-1
520,64,806.76,310.27,62.93,140.28,1.0000,-1,-1,-1
520,66,671.31,525.76,124.16,175.27,1.0000,-1,-1,-1
520,67,516.78,401.72,78.68,171.47,1.0000,-1,-1,-1
520,70,231.94,73.55,76.89,214.24,1.0000,-1,-1,-1
520,71,582.90,299.23,58.00,138.40,1.0000,-1,-1,-1
520,72,432.40,242.61,47.23,126.84,1.0000,-1,-1,-1
520,73,665.28,287.10,63.42,151.98,1.0000,-1,-1,-1
520,74,814.60,432.25,61.47,125.15,1.0000,-1,-1,-1
520,75,951.41,421.24,73.43,166.85,1.0000,-1,-1,-1
520,76,477.99,236.77,50.71,129.87,1.0000,-1,-1,-1
521,35,457.38,338.96,65.01,185.60,1.0000,-1,-1,-1
521,37,465.62,550.73,65.52,170.59,1.0000,-1,-1,-1
521,55,856.85,291.02,85.51,140.73,1.0000,-1,-1,-1
521,56,861.33,159.79,63.72,128.16,1.0000,-1,-1,-1
521,64,800.13,310.80,62.61,140.13,1.0000,-1,-1,-1
521,66,676.36,527.93,124.50,175.75,1.0000,-1,-1,-1
521,67,515.58,402.53,78.90,171.94,1.0000,-1,-1,-1
521,70,232.34,71.91,77.17,215.02,1.0000,-1,-1,-1
521,71,584.17,299.71,56.44,135.64,1.0000,-1,-1,-1
521,72,431.41,243.93,46.77,125.60,1.0000,-1,-1,-1
521,73,668.64,286.99,61.37,151.85,1.0000,-1,-1,-1
521,74,814.72,431.09,61.81,125.90,1.0000,-1,-1,-1
521,75,951.89,422.15,72.34,167.34,1.0000,-1,-1,-1
521,76,477.37,237.71,50.37,129.00,1.0000,-1,-1,-1
522,35,457.34,339.14,64.98,185.50,1.0000,-1,-1,-1
522,37,465.69,551.73,65.14,169.59,1.0000,-1,-1,-1
522,55,845.60,289.66,89.91,141.34,1.0000,-1,-1,-1
522,56,865.13,160.67,62.68,128.38,1.0000,-1,-1,-1
522,64,788.94,312.06,63.21,140.30,1.0000,-1,-1,-1
522,66,681.42,530.11,124.84,176.23,1.0000,-1,-1,-1
522,67,514.37,403.33,79.11,172.41,1.0000,-1,-1,-1
522,70,232.74,70.27,77.45,215.80,1.0000,-1,-1,-1
522,71,583.93,301.45,55.88,134.35,1.0000,-1,-1,-1
522,72,430.42,245.25,46.30,124.34,1.0000,-1,-1,-1
522,73,671.32,288.38,59.47,152.30,1.0000,-1,-1,-1
522,74,819.57,432.95,61.13,124.51,1.0000,-1,-1,-1
522,75,952.03,422.63,71.56,167.94,1.0000,-1,-1,-1
522,76,476.75,238.66,50.03,128.12,1.0000,-1,-1,-1
523,35,446.39,339.75,70.29,184.47,1.0000,-1,-1,-1
523,37,465.63,552.48,64.96,168.73,1.0000,-1,-1,-1
523,55,839.38,289.61,89.79,140.19,1.0000,-1,-1,-1
523,56,868.91,161.32,61.02,128.55,1.0000,-1,-1,-1
523,64,781.61,313.41,63.29,140.49,1.0000,-1,-1,-1
523,66,686.47,532.29,125.18,176.71,1.0000,-1,-1,-1
523,67,513.16,404.14,79.32,172.87,1.0000,-1,-1,-1
523,70,233.14,68.63,77.73,216.57,1.0000,-1,-1,-1
523,71,583.61,303.58,56.12,135.39,1.0000,-1,-1,-1
523,72,429.43,246.58,45.83,123.07,1.0000,-1,-1,-1
523,73,672.71,290.73,58.42,152.97,1.0000,-1,-1,-1
523,74,816.35,429.48,61.48,126.88,1.0000,-1,-1,-1
523,75,951.51,422.92,71.10,168.40,1.0000,-1,-1,-1
523,76,476.14,239.61,49.68,127.24,1.0000,-1,-1,-1
524,35,443.92,339.91,73.71,184.24,1.0000,-1,-1,-1
524,37,465.61,553.85,64.88,167.54,1.0000,-1,-1,-1
524,55,830.89,289.45,89.84,140.27,1.0000,-1,-1,-1
524,56,873.55,160.73,58.89,129.72,1.0000,-1,-1,-1
524,64,775.19,313.89,63.23,140.36,1.0000,-1,-1,-1
524,66,691.53,534.47,125.51,177.18,1.0000,-1,-1,-1
524,67,511.95,404.95,79.54,173.34,1.0000,-1,-1,-1
524,71,587.24,301.53,54.69,132.72,1.0000,-1,-1,-1
524,72,428.44,247.91,45.35,121.79,1.0000,-1,-1,-1
524,73,679.76,289.00,55.16,147.65,1.0000,-1,-1,-1
524,74,820.53,431.00,60.84,125.55,1.0000,-1,-1,-1
524,75,951.13,422.69,70.54,168.28,1.0000,-1,-1,-1
524,76,475.52,240.56,49.34,126.35,1.0000,-1,-1,-1
525,35,443.17,340.03,73.71,184.25,1.0000,-1,-1,-1
525,37,466.15,555.38,64.25,165.98,1.0000,-1,-1,-1
525,55,822.41,289.29,89.89,140.36,1.0000,-1,-1,-1
525,56,876.72,160.34,57.17,130.96,1.0000,-1,-1,-1
525,64,763.99,316.33,68.87,143.59,1.0000,-1,-1,-1
525,66,696.58,536.65,125.85,177.65,1.0000,-1,-1,-1
525,67,510.74,405.76,79.75,173.80,1.0000,-1,-1,-1
525,71,589.08,301.42,54.12,131.75,1.0000,-1,-1,-1
525,72,427.46,249.25,44.87,120.50,1.0000,-1,-1,-1
525,73,679.39,289.20,55.18,147.69,1.0000,-1,-1,-1
525,74,820.10,427.92,61.86,128.10,1.0000,-1,-1,-1
525,75,951.00,422.59,69.86,168.15,1.0000,-1,-1,-1
525,76,474.90,241.52,48.99,125.46,1.0000,-1,-1,-1
526,35,442.42,340.14,73.72,184.26,1.0000,-1,-1,-1
526,37,466.31,556.62,63.72,164.81,1.0000,-1,-1,-1
526,55,813.92,289.12,89.95,140.44,1.0000,-1,-1,-1
526,56,880.85,161.32,58.60,132.16,1.0000,-1,-1,-1
526,64,756.81,314.66,71.22,143.25,1.0000,-1,-1,-1
526,66,701.64,538.82,126.18,178.13,1.0000,-1,-1,-1
526,67,509.53,406.57,79.96,174.27,1.0000,-1,-1,-1
526,71,590.46,300.39,54.71,132.02,1.0000,-1,-1,-1
526,72,426.48,250.60,44.38,119.19,1.0000,-1,-1,-1
526,73,679.03,289.39,55.19,147.73,1.0000,-1,-1,-1
526,74,821.09,427.29,61.75,128.30,1.0000,-1,-1,-1
526,75,950.70,421.77,68.85,168.09,1.0000,-1,-1,-1
526,76,474.29,242.47,48.63,124.56,1.0000,-1,-1,-1
527,35,441.67,340.26,73.72,184.27,1.0000,-1,-1,-1
527,37,466.07,557.42,63.18,163.86,1.0000,-1,-1,-1
527,55,805.44,288.96,90.00,140.52,1.0000,-1,-1,-1
527,56,883.20,162.40,59.81,133.23,1.0000,-1,-1,-1
527,64,749.36,314.21,69.99,143.79,1.0000,-1,-1,-1
527,66,706.70,541.00,126.52,178.60,1.0000,-1,-1,-1
527,67,508.32,407.38,80.17,174.73,1.0000,-1,-1,-1
527,71,590.10,301.43,57.60,136.74,1.0000,-1,-1,-1
527,72,425.50,251.95,43.89,117.86,1.0000,-1,-1,-1
527,73,678.66,289.59,55.21,147.77,1.0000,-1,-1,-1
527,74,824.69,428.44,61.16,127.08,1.0000,-1,-1,-1
527,75,950.52,420.70,67.78,168.37,1.0000,-1,-1,-1
527,76,479.37,237.25,45.72,126.05,1.0000,-1,-1,-1
528,35,440.92,340.37,73.73,184.28,1.0000,-1,-1,-1
528,37,466.04,557.96,62.73,163.06,1.0000,-1,-1,-1
528,55,796.96,288.80,90.05,140.60,1.0000,-1,-1,-1
528,56,884.31,163.84,58.81,134.00,1.0000,-1,-1,-1
528,64,746.15,313.85,70.42,145.55,1.0000,-1,-1,-1
528,66,711.76,543.19,126.85,179.07,1.0000,-1,-1,-1
528,67,507.12,408.19,80.39,175.19,1.0000,-1,-1,-1
528,71,590.87,300.13,59.35,139.41,1.0000,-1,-1,-1
528,72,424.53,253.31,43.39,116.52,1.0000,-1,-1,-1
528,73,678.29,289.79,55.22,147.81,1.0000,-1,-1,-1
528,74,823.26,424.58,61.03,127.12,1.0000,-1,-1,-1
528,75,950.52,419.84,66.96,168.81,1.0000,-1,-1,-1
528,76,479.88,236.45,44.90,126.82,1.0000,-1,-1,-1
529,35,440.17,340.49,73.73,184.29,1.0000,-1,-1,-1
529,37,466.55,558.77,62.02,162.24,1.0000,-1,-1,-1
529,55,788.67,288.69,67.89,144.70,1.0000,-1,-1,-1
529,56,885.17,165.17,55.47,133.45,1.0000,-1,-1,-1
529,64,739.79,314.29,70.42,145.55,1.0000,-1,-1,-1
529,66,716.81,545.37,127.18,179.54,1.0000,-1,-1,-1
529,67,505.91,409.00,80.60,175.65,1.0000,-1,-1,-1
529,71,590.43,300.21,59.43,139.58,1.0000,-1,-1,-1
529,72,423.56,254.69,42.89,115.17,1.0000,-1,-1,-1
529,73,677.92,289.98,55.24,147.84,1.0000,-1,-1,-1
529,74,824.13,421.97,60.94,123.95,1.0000,-1,-1,-1
529,75,950.40,418.17,66.47,169.20,1.0000,-1,-1,-1
529,76,479.62,237.12,44.52,125.76,1.0000,-1,-1,-1
530,35,439.42,340.60,73.73,184.31,1.0000,-1,-1,-1
530,37,467.49,559.14,61.00,161.66,1.0000,-1,-1,-1
530,55,779.44,288.77,67.85,144.61,1.0000,-1,-1,-1
530,56,887.59,165.30,53.62,133.74,1.0000,-1,-1,-1
530,64,733.43,314.74,70.42,145.55,1.0000,-1,-1,-1
530,66,721.87,547.55,127.51,180.00,1.0000,-1,-1,-1
530,67,504.70,409.81,80.81,176.10,1.0000,-1,-1,-1
530,71,589.99,300.28,59.50,139.76,1.0000,-1,-1,-1
530,72,422.59,256.06,42.38,113.80,1.0000,-1,-1,-1
530,73,677.55,290.18,55.25,147.88,1.0000,-1,-1,-1
530,74,824.19,422.12,60.91,123.40,1.0000,-1,-1,-1
530,75,949.65,416.64,65.58,169.09,1.0000,-1,-1,-1
530,76,481.88,235.67,44.25,127.06,1.0000,-1,-1,-1
531,35,463.41,341.55,70.73,183.21,1.0000,-1,-1,-1
531,37,468.00,559.73,60.22,161.02,1.0000,-1,-1,-1
531,55,770.20,288.85,67.80,144.51,1.0000,-1,-1,-1
531,56,890.71,166.16,54.41,132.94,1.0000,-1,-1,-1
531,64,727.06,315.19,70.42,145.56,1.0000,-1,-1,-1
531,66,726.93,549.73,127.84,180.47,1.0000,-1,-1,-1
531,67,503.50,410.63,81.02,176.56,1.0000,-1,-1,-1
531,71,589.56,300.36,59.58,139.94,1.0000,-1,-1,-1
531,72,421.62,257.45,41.86,112.41,1.0000,-1,-1,-1
531,73,677.18,290.37,55.27,147.92,1.0000,-1,-1,-1
531,74,824.02,423.58,61.34,123.27,1.0000,-1,-1,-1
531,75,948.90,415.69,64.98,168.84,1.0000,-1,-1,-1
531,76,483.05,235.13,43.95,127.17,1.0000,-1,-1,-1
532,35,467.61,341.66,68.04,183.12,1.0000,-1,-1,-1
532,37,467.95,560.30,60.16,160.86,1.0000,-1,-1,-1
532,55,760.97,288.93,67.76,144.41,1.0000,-1,-1,-1
532,56,891.28,166.46,51.79,133.07,1.0000,-1,-1,-1
532,64,720.70,315.64,70.43,145.56,1.0000,-1,-1,-1
532,66,731.99,551.91,128.17,180.94,1.0000,-1,-1,-1
532,67,502.29,411.44,81.22,177.02,1.0000,-1,-1,-1
532,71,589.12,300.44,59.65,140.11,1.0000,-1,-1,-1
532,72,420.66,258.85,41.34,111.01,1.0000,-1,-1,-1
532,73,676.82,290.57,55.28,147.96,1.0000,-1,-1,-1
532,74,823.94,424.92,61.61,122.88,1.0000,-1,-1,-1
532,75,948.27,414.97,64.86,168.51,1.0000,-1,-1,-1
532,76,484.26,235.26,43.61,127.20,1.0000,-1,-1,-1
533,35,468.88,341.68,66.38,182.84,1.0000,-1,-1,-1
533,37,468.95,561.84,59.82,159.39,1.0000,-1,-1,-1
533,55,751.73,289.01,67.71,144.32,1.0000,-1,-1,-1
533,56,893.52,167.35,50.97,132.97,1.0000,-1,-1,-1
533,64,714.34,316.08,70.43,145.56,1.0000,-1,-1,-1
533,66,737.05,554.10,128.50,181.40,1.0000,-1,-1,-1
533,67,501.08,412.25,81.43,177.47,1.0000,-1,-1,-1
533,71,598.55,298.61,59.21,137.34,1.0000,-1,-1,-1
533,72,419.70,260.25,40.81,109.58,1.0000,-1,-1,-1
533,73,676.45,290.76,55.30,148.00,1.0000,-1,-1,-1
533,74,823.06,425.47,61.87,122.38,1.0000,-1,-1,-1
533,75,948.08,414.18,64.93,168.26,1.0000,-1,-1,-1
533,76,485.42,235.54,43.37,128.23,1.0000,-1,-1,-1
534,35,467.22,342.27,66.45,183.06,1.0000,-1,-1,-1
534,37,468.99,562.45,59.76,159.21,1.0000,-1,-1,-1
534,55,758.24,296.25,62.57,143.60,1.0000,-1,-1,-1
534,56,897.18,168.84,52.17,133.33,1.0000,-1,-1,-1
534,64,704.71,321.88,71.04,147.21,1.0000,-1,-1,-1
534,66,742.11,556.28,128.83,181.86,1.0000,-1,-1,-1
534,67,499.88,413.07,81.64,177.92,1.0000,-1,-1,-1
534,71,598.74,306.03,61.92,136.30,1.0000,-1,-1,-1
534,72,418.74,261.66,40.27,108.14,1.0000,-1,-1,-1
534,73,676.08,290.96,55.31,148.04,1.0000,-1,-1,-1
534,74,821.55,426.71,61.63,121.68,1.0000,-1,-1,-1
534,75,948.00,412.84,65.50,168.06,1.0000,-1,-1,-1
534,76,486.11,235.11,43.49,128.51,1.0000,-1,-1,-1
535,35,467.39,343.43,65.98,184.23,1.0000,-1,-1,-1
535,37,469.02,563.05,59.69,159.04,1.0000,-1,-1,-1
535,55,750.01,296.87,62.50,143.43,1.0000,-1,-1,-1
535,56,898.85,169.59,51.97,133.20,1.0000,-1,-1,-1
535,64,698.13,322.77,71.05,147.23,1.0000,-1,-1,-1
535,67,498.67,413.88,81.85,178.37,1.0000,-1,-1,-1
535,71,596.19,310.82,66.67,134.06,1.0000,-1,-1,-1
535,72,417.79,263.09,39.73,106.68,1.0000,-1,-1,-1
535,73,675.71,291.16,55.32,148.08,1.0000,-1,-1,-1
535,74,820.19,427.24,61.67,121.59,1.0000,-1,-1,-1
535,75,947.90,411.98,66.17,168.02,1.0000,-1,-1,-1
535,76,486.29,234.99,43.89,128.78,1.0000,-1,-1,-1
536,35,467.32,344.08,65.99,185.59,1.0000,-1,-1,-1
536,37,469.05,563.65,59.62,158.86,1.0000,-1,-1,-1
536,55,746.41,297.60,63.86,145.65,1.0000,-1,-1,-1
536,56,901.48,169.90,52.08,132.91,1.0000,-1,-1,-1
536,64,700.88,320.22,70.84,146.81,1.0000,-1,-1,-1
536,67,497.47,414.70,82.05,178.82,1.0000,-1,-1,-1
536,71,592.64,315.12,72.28,130.85,1.0000,-1,-1,-1
536,72,416.84,264.52,39.17,105.20,1.0000,-1,-1,-1
536,73,675.34,291.35,55.34,148.12,1.0000,-1,-1,-1
536,74,819.24,427.30,61.88,121.84,1.0000,-1,-1,-1
536,75,947.60,411.73,66.61,167.99,1.0000,-1,-1,-1
536,76,485.80,234.85,44.60,129.78,1.0000,-1,-1,-1
537,35,466.89,343.67,66.19,186.98,1.0000,-1,-1,-1
537,37,469.08,564.26,59.56,158.68,1.0000,-1,-1,-1
537,55,743.63,297.50,64.07,147.00,1.0000,-1,-1,-1
537,56,904.03,169.87,52.32,133.34,1.0000,-1,-1,-1
537,64,699.85,317.44,66.74,150.01,1.0000,-1,-1,-1
537,71,588.24,319.19,80.04,128.42,1.0000,-1,-1,-1
537,72,415.90,265.96,38.61,103.70,1.0000,-1,-1,-1
537,73,674.98,291.55,55.35,148.16,1.0000,-1,-1,-1
537,74,818.61,426.85,61.92,122.12,1.0000,-1,-1,-1
537,75,947.40,411.73,66.80,167.93,1.0000,-1,-1,-1
537,76,485.56,234.15,45.19,130.46,1.0000,-1,-1,-1
538,35,466.24,343.44,66.72,188.37,1.0000,-1,-1,-1
538,37,472.10,566.41,59.49,155.38,1.0000,-1,-1,-1
538,55,736.29,298.20,64.02,146.88,1.0000,-1,-1,-1
538,56,905.94,169.63,52.69,133.59,1.0000,-1,-1,-1
538,64,699.73,317.19,64.35,151.01,1.0000,-1,-1,-1
538,71,586.53,323.06,86.82,125.51,1.0000,-1,-1,-1
538,72,414.96,267.42,38.05,102.17,1.0000,-1,-1,-1
538,73,674.61,291.74,55.37,148.20,1.0000,-1,-1,-1
538,74,817.32,426.37,61.88,122.71,1.0000,-1,-1,-1
538,75,947.60,411.51,66.66,168.07,1.0000,-1,-1,-1
538,76,486.02,233.85,45.08,130.36,1.0000,-1,-1,-1
539,35,466.77,343.01,67.16,190.09,1.0000,-1,-1,-1
539,37,472.37,567.02,59.41,155.19,1.0000,-1,-1,-1
539,55,728.94,298.91,63.96,146.76,1.0000,-1,-1,-1
539,56,909.28,170.24,54.48,133.90,1.0000,-1,-1,-1
539,64,699.14,316.19,63.43,152.18,1.0000,-1,-1,-1
539,71,586.88,324.18,94.02,124.17,1.0000,-1,-1,-1
539,72,414.02,268.89,37.47,100.62,1.0000,-1,-1,-1
539,73,674.24,291.94,55.38,148.23,1.0000,-1,-1,-1
539,74,816.15,425.19,61.75,123.78,1.0000,-1,-1,-1
539,75,947.36,411.49,67.56,168.61,1.0000,-1,-1,-1
539,76,485.46,233.84,45.12,130.17,1.0000,-1,-1,-1
540,35,466.99,342.30,66.78,191.92,1.0000,-1,-1,-1
540,37,472.63,567.63,59.34,155.00,1.0000,-1,-1,-1
540,55,721.60,299.61,63.91,146.63,1.0000,-1,-1,-1
540,56,912.31,170.70,56.66,134.44,1.0000,-1,-1,-1
540,64,697.08,316.37,62.36,154.86,1.0000,-1,-1,-1
540,71,586.49,324.41,98.30,123.49,1.0000,-1,-1,-1
540,72,413.09,270.37,36.89,99.05,1.0000,-1,-1,-1
540,73,673.87,292.13,55.40,148.27,1.0000,-1,-1,-1
540,74,816.21,423.60,61.42,124.80,1.0000,-1,-1,-1
540,75,946.91,411.28,69.18,169.10,1.0000,-1,-1,-1
540,76,485.19,233.63,45.12,130.37,1.0000,-1,-1,-1
541,35,468.02,341.83,66.55,193.32,1.0000,-1,-1,-1
541,37,474.01,568.81,62.64,152.66,1.0000,-1,-1,-1
541,55,714.25,300.32,63.86,146.51,1.0000,-1,-1,-1
541,56,914.53,171.43,58.67,135.58,1.0000,-1,-1,-1
541,64,694.04,316.07,62.65,157.64,1.0000,-1,-1,-1
541,71,586.88,323.45,102.68,125.30,1.0000,-1,-1,-1
541,72,412.16,271.86,36.29,97.46,1.0000,-1,-1,-1
541,73,673.50,292.33,55.41,148.31,1.0000,-1,-1,-1
541,74,816.10,421.11,61.82,126.10,1.0000,-1,-1,-1
541,75,945.79,410.91,72.03,169.50,1.0000,-1,-1,-1
541,76,485.18,233.13,44.99,130.69,1.0000,-1,-1,-1
542,35,465.79,340.27,67.38,194.67,1.0000,-1,-1,-1
542,37,474.51,569.87,64.49,151.29,1.0000,-1,-1,-1
542,55,706.91,301.03,63.80,146.39,1.0000,-1,-1,-1
542,56,915.60,171.98,60.01,135.56,1.0000,-1,-1,-1
542,64,689.58,316.60,62.64,157.62,1.0000,-1,-1,-1
542,71,589.08,321.61,105.62,127.00,1.0000,-1,-1,-1
542,72,411.24,273.36,35.69,95.83,1.0000,-1,-1,-1
542,73,673.14,292.53,55.43,148.35,1.0000,-1,-1,-1
542,74,816.77,416.52,61.57,122.26,1.0000,-1,-1,-1
542,75,944.96,410.82,75.15,169.58,1.0000,-1,-1,-1
542,76,485.21,232.68,44.84,130.81,1.0000,-1,-1,-1
543,35,463.68,339.13,67.75,195.81,1.0000,-1,-1,-1
543,37,475.07,570.41,64.44,151.16,1.0000,-1,-1,-1
543,55,699.56,301.73,63.75,146.26,1.0000,-1,-1,-1
543,56,916.75,173.02,60.95,135.23,1.0000,-1,-1,-1
543,64,685.12,317.12,62.62,157.59,1.0000,-1,-1,-1
543,71,595.57,321.29,107.96,129.87,1.0000,-1,-1,-1
543,72,410.32,274.88,35.07,94.18,1.0000,-1,-1,-1
543,73,672.77,292.72,55.44,148.39,1.0000,-1,-1,-1
543,74,817.39,412.16,61.32,115.52,1.0000,-1,-1,-1
543,75,944.97,410.98,77.31,170.02,1.0000,-1,-1,-1
543,76,484.00,232.20,45.30,131.54,1.0000,-1,-1,-1
544,35,465.67,340.04,67.94,196.12,1.0000,-1,-1,-1
544,37,475.64,570.94,64.38,151.02,1.0000,-1,-1,-1
544,55,692.22,302.44,63.69,146.14,1.0000,-1,-1,-1
544,56,918.68,173.17,62.47,135.43,1.0000,-1,-1,-1
544,64,680.66,317.65,62.61,157.56,1.0000,-1,-1,-1
544,71,597.15,321.88,108.33,130.31,1.0000,-1,-1,-1
544,72,409.41,276.41,34.44,92.50,1.0000,-1,-1,-1
544,73,672.40,292.92,55.45,148.43,1.0000,-1,-1,-1
544,74,818.66,411.68,61.62,112.54,1.0000,-1,-1,-1
544,75,945.37,410.61,74.96,169.66,1.0000,-1,-1,-1
544,76,483.71,231.53,45.37,132.89,1.0000,-1,-1,-1
544,77,784.18,292.49,64.70,134.04,1.0000,-1,-1,-1
545,35,466.05,341.08,67.59,196.28,1.0000,-1,-1,-1
545,37,476.20,571.47,64.32,150.89,1.0000,-1,-1,-1
545,55,684.87,303.15,63.64,146.01,1.0000,-1,-1,-1
545,56,920.29,173.78,63.90,135.31,1.0000,-1,-1,-1
545,64,676.21,318.18,62.60,157.53,1.0000,-1,-1,-1
545,71,598.73,322.46,108.70,130.76,1.0000,-1,-1,-1
545,72,408.51,277.96,33.81,90.79,1.0000,-1,-1,-1
545,73,672.03,293.11,55.47,148.47,1.0000,-1,-1,-1
545,74,818.73,414.67,62.50,117.50,1.0000,-1,-1,-1
545,75,946.12,407.11,72.61,171.25,1.0000,-1,-1,-1
545,76,482.88,231.03,45.86,134.18,1.0000,-1,-1,-1
545,77,789.59,290.87,68.97,132.35,1.0000,-1,-1,-1
546,35,465.92,340.48,66.50,197.00,1.0000,-1,-1,-1
546,37,476.77,572.00,64.26,150.75,1.0000,-1,-1,-1
546,55,677.52,303.85,63.59,145.89,1.0000,-1,-1,-1
546,56,921.77,173.96,64.98,135.24,1.0000,-1,-1,-1
546,64,671.75,318.71,62.59,157.50,1.0000,-1,-1,-1
546,71,600.31,323.05,109.06,131.19,1.0000,-1,-1,-1
546,72,407.61,279.53,33.16,89.04,1.0000,-1,-1,-1
546,73,671.66,293.31,55.48,148.51,1.0000,-1,-1,-1
546,74,818.72,414.49,63.10,121.84,1.0000,-1,-1,-1
546,75,947.16,405.62,70.47,172.16,1.0000,-1,-1,-1
546,76,481.50,231.00,46.88,135.55,1.0000,-1,-1,-1
546,77,791.46,289.30,76.73,134.26,1.0000,-1,-1,-1
547,35,466.39,340.59,65.35,197.67,1.0000,-1,-1,-1
547,37,477.33,572.53,64.21,150.62,1.0000,-1,-1,-1
547,55,670.18,304.56,63.53,145.76,1.0000,-1,-1,-1
547,56,923.22,173.99,65.36,134.90,1.0000,-1,-1,-1
547,64,669.97,307.19,78.27,169.94,1.0000,-1,-1,-1
547,71,601.89,323.64,109.43,131.63,1.0000,-1,-1,-1
547,72,406.72,281.11,32.49,87.26,1.0000,-1,-1,-1
547,73,671.29,293.50,55.50,148.54,1.0000,-1,-1,-1
547,74,818.92,412.49,63.97,125.30,1.0000,-1,-1,-1
547,75,947.84,408.16,69.89,171.01,1.0000,-1,-1,-1
547,76,481.23,230.87,47.56,136.89,1.0000,-1,-1,-1
547,77,792.41,288.53,86.90,139.21,1.0000,-1,-1,-1
548,35,466.47,339.46,64.70,199.13,1.0000,-1,-1,-1
548,37,477.90,573.07,64.15,150.48,1.0000,-1,-1,-1
548,55,662.83,305.26,63.48,145.64,1.0000,-1,-1,-1
548,56,924.95,173.96,65.96,133.96,1.0000,-1,-1,-1
548,64,665.78,312.25,80.19,168.32,1.0000,-1,-1,-1
548,71,603.48,324.22,109.79,132.07,1.0000,-1,-1,-1
548,72,405.83,282.71,31.82,85.44,1.0000,-1,-1,-1
548,73,670.93,293.70,55.51,148.58,1.0000,-1,-1,-1
548,74,819.64,412.33,63.57,124.51,1.0000,-1,-1,-1
548,75,947.61,408.48,71.00,170.53,1.0000,-1,-1,-1
548,76,481.13,231.11,47.43,136.52,1.0000,-1,-1,-1
548,77,797.96,286.72,94.41,139.85,1.0000,-1,-1,-1
549,35,466.90,339.34,63.88,200.58,1.0000,-1,-1,-1
549,37,478.46,573.60,64.09,150.35,1.0000,-1,-1,-1
549,55,655.49,305.97,63.42,145.51,1.0000,-1,-1,-1
549,56,927.48,172.82,66.28,133.57,1.0000,-1,-1,-1
549,64,665.10,308.11,82.17,170.91,1.0000,-1,-1,-1
549,71,605.06,324.81,110.15,132.50,1.0000,-1,-1,-1
549,72,404.95,284.33,31.13,83.59,1.0000,-1,-1,-1
549,73,670.56,293.90,55.53,148.62,1.0000,-1,-1,-1
549,74,820.21,411.64,64.89,129.56,1.0000,-1,-1,-1
549,75,946.20,409.64,73.06,170.14,1.0000,-1,-1,-1
549,76,476.95,231.14,51.13,141.86,1.0000,-1,-1,-1
549,77,818.26,287.63,96.59,142.32,1.0000,-1,-1,-1
550,35,466.82,344.90,63.44,198.78,1.0000,-1,-1,-1
550,37,479.03,574.13,64.04,150.22,1.0000,-1,-1,-1
550,55,648.14,306.68,63.37,145.39,1.0000,-1,-1,-1
550,56,930.63,173.30,66.77,132.97,1.0000,-1,-1,-1
550,64,663.04,311.57,80.73,168.36,1.0000,-1,-1,-1
550,71,606.65,325.40,110.51,132.94,1.0000,-1,-1,-1
550,72,404.08,285.98,30.42,81.69,1.0000,-1,-1,-1
550,73,670.19,294.09,55.54,148.66,1.0000,-1,-1,-1
550,74,821.05,410.76,65.75,133.01,1.0000,-1,-1,-1
550,75,944.00,410.96,75.95,170.29,1.0000,-1,-1,-1
550,76,473.98,230.12,55.23,144.96,1.0000,-1,-1,-1
550,77,825.18,286.84,101.54,144.57,1.0000,-1,-1,-1
551,35,467.01,348.54,63.46,196.77,1.0000,-1,-1,-1
551,37,479.59,574.66,63.98,150.08,1.0000,-1,-1,-1
551,55,640.80,307.38,63.31,145.26,1.0000,-1,-1,-1
551,56,932.94,173.86,66.70,132.60,1.0000,-1,-1,-1
551,64,662.07,307.51,77.73,169.21,1.0000,-1,-1,-1
551,71,608.23,325.99,110.87,133.37,1.0000,-1,-1,-1
551,72,403.22,287.64,29.69,79.74,1.0000,-1,-1,-1
551,73,669.82,294.29,55.56,148.70,1.0000,-1,-1,-1
551,74,822.01,409.52,65.67,135.69,1.0000,-1,-1,-1
551,75,939.81,412.30,80.16,169.99,1.0000,-1,-1,-1
551,76,473.58,230.43,55.23,144.96,1.0000,-1,-1,-1
551,77,839.13,284.64,110.12,148.06,1.0000,-1,-1,-1
552,35,468.11,348.74,63.36,197.28,1.0000,-1,-1,-1
552,37,480.16,575.19,63.92,149.95,1.0000,-1,-1,-1
552,55,633.45,308.09,63.26,145.14,1.0000,-1,-1,-1
552,56,937.58,173.20,66.73,132.08,1.0000,-1,-1,-1
552,64,662.51,306.02,74.87,169.68,1.0000,-1,-1,-1
552,71,609.82,326.58,111.23,133.80,1.0000,-1,-1,-1
552,72,402.37,289.33,28.95,77.75,1.0000,-1,-1,-1
552,73,669.45,294.48,55.57,148.74,1.0000,-1,-1,-1
552,74,824.20,405.97,66.39,139.28,1.0000,-1,-1,-1
552,75,935.59,414.26,84.99,168.68,1.0000,-1,-1,-1
552,76,473.18,230.74,55.23,144.96,1.0000,-1,-1,-1
552,77,865.36,285.46,101.50,146.91,1.0000,-1,-1,-1
553,35,469.73,350.51,62.67,196.25,1.0000,-1,-1,-1
553,37,480.72,575.73,63.86,149.81,1.0000,-1,-1,-1
553,55,626.11,308.80,63.20,145.01,1.0000,-1,-1,-1
553,56,940.16,173.33,66.78,132.18,1.0000,-1,-1,-1
553,64,663.18,302.67,72.63,170.33,1.0000,-1,-1,-1
553,71,611.40,327.17,111.59,134.23,1.0000,-1,-1,-1
553,72,401.52,291.05,28.19,75.70,1.0000,-1,-1,-1
553,73,669.09,294.68,55.59,148.78,1.0000,-1,-1,-1
553,74,826.12,405.25,67.42,141.78,1.0000,-1,-1,-1
553,75,930.97,416.63,90.96,166.84,1.0000,-1,-1,-1
553,76,472.78,231.05,55.23,144.95,1.0000,-1,-1,-1
553,77,882.97,285.23,91.37,145.43,1.0000,-1,-1,-1
554,35,472.55,353.29,62.30,194.62,1.0000,-1,-1,-1
554,37,481.29,576.26,63.81,149.68,1.0000,-1,-1,-1
554,55,618.76,309.51,63.15,144.89,1.0000,-1,-1,-1
554,56,944.77,173.72,69.13,133.89,1.0000,-1,-1,-1
554,64,659.71,302.65,74.09,169.94,1.0000,-1,-1,-1
554,71,612.99,327.77,111.94,134.66,1.0000,-1,-1,-1
554,72,400.69,292.79,27.41,73.60,1.0000,-1,-1,-1
554,73,668.72,294.88,55.60,148.82,1.0000,-1,-1,-1
554,74,828.95,401.45,67.22,143.91,1.0000,-1,-1,-1
554,75,926.37,423.60,98.88,161.81,1.0000,-1,-1,-1
554,76,472.38,231.36,55.23,144.95,1.0000,-1,-1,-1
554,77,906.23,287.00,81.81,146.88,1.0000,-1,-1,-1
555,35,482.49,356.35,57.64,191.94,1.0000,-1,-1,-1
555,37,481.85,576.79,63.75,149.54,1.0000,-1,-1,-1
555,55,611.42,310.21,63.10,144.76,1.0000,-1,-1,-1
555,56,948.04,175.75,70.01,137.71,1.0000,-1,-1,-1
555,64,660.99,303.47,74.21,168.27,1.0000,-1,-1,-1
555,71,614.58,328.36,112.30,135.08,1.0000,-1,-1,-1
555,72,399.87,294.57,26.60,71.44,1.0000,-1,-1,-1
555,73,668.35,295.07,55.61,148.85,1.0000,-1,-1,-1
555,74,831.10,398.50,66.77,146.13,1.0000,-1,-1,-1
555,75,924.08,428.02,105.69,158.34,1.0000,-1,-1,-1
555,76,471.98,231.67,55.22,144.95,1.0000,-1,-1,-1
555,77,919.09,286.19,82.72,148.51,1.0000,-1,-1,-1
556,35,482.18,356.78,57.74,190.54,1.0000,-1,-1,-1
556,37,482.42,577.32,63.69,149.41,1.0000,-1,-1,-1
556,55,604.07,310.92,63.04,144.64,1.0000,-1,-1,-1
556,56,950.96,176.27,70.09,137.85,1.0000,-1,-1,-1
556,64,658.57,303.04,74.27,168.42,1.0000,-1,-1,-1
556,71,616.17,328.95,112.65,135.51,1.0000,-1,-1,-1
556,72,399.06,296.37,25.77,69.21,1.0000,-1,-1,-1
556,73,667.98,295.27,55.63,148.89,1.0000,-1,-1,-1
556,74,832.12,395.41,65.31,148.35,1.0000,-1,-1,-1
556,75,923.31,431.27,111.62,155.75,1.0000,-1,-1,-1
556,76,471.58,231.98,55.22,144.94,1.0000,-1,-1,-1
556,77,937.93,290.04,75.31,151.64,1.0000,-1,-1,-1
557,35,482.24,357.07,58.53,190.12,1.0000,-1,-1,-1
557,37,482.98,577.86,63.63,149.27,1.0000,-1,-1,-1
557,55,596.73,311.63,62.99,144.51,1.0000,-1,-1,-1
557,56,952.38,172.06,70.51,137.97,1.0000,-1,-1,-1
557,64,656.15,302.61,74.34,168.57,1.0000,-1,-1,-1
557,71,617.75,329.55,113.00,135.93,1.0000,-1,-1,-1
557,72,398.26,298.22,24.91,66.90,1.0000,-1,-1,-1
557,73,667.61,295.46,55.64,148.93,1.0000,-1,-1,-1
557,74,832.46,393.24,63.13,149.55,1.0000,-1,-1,-1
557,75,923.98,433.06,116.36,153.74,1.0000,-1,-1,-1
557,76,471.18,232.29,55.22,144.94,1.0000,-1,-1,-1
557,77,950.77,291.67,69.55,153.32,1.0000,-1,-1,-1
558,35,486.28,358.00,57.87,190.15,1.0000,-1,-1,-1
558,37,483.55,578.39,63.57,149.13,1.0000,-1,-1,-1
558,55,589.38,312.33,62.93,144.39,1.0000,-1,-1,-1
558,56,960.87,170.03,69.36,137.81,1.0000,-1,-1,-1
558,64,647.43,309.53,78.60,164.17,1.0000,-1,-1,-1
558,71,619.34,330.14,113.35,136.36,1.0000,-1,-1,-1
558,72,397.49,300.11,24.02,64.51,1.0000,-1,-1,-1
558,73,667.25,295.66,55.66,148.97,1.0000,-1,-1,-1
558,74,831.22,389.73,61.81,150.11,1.0000,-1,-1,-1
558,75,923.73,434.76,119.93,151.54,1.0000,-1,-1,-1
558,76,470.77,232.61,55.22,144.94,1.0000,-1,-1,-1
558,77,962.44,293.71,64.61,153.74,1.0000,-1,-1,-1
558,78,771.44,293.37,63.41,135.27,1.0000,-1,-1,-1
559,35,487.50,358.93,57.81,189.97,1.0000,-1,-1,-1
559,37,484.11,578.92,63.52,149.00,1.0000,-1,-1,-1
559,55,582.04,313.04,62.88,144.26,1.0000,-1,-1,-1
559,56,969.26,169.18,67.51,136.67,1.0000,-1,-1,-1
559,64,644.65,309.51,78.68,164.34,1.0000,-1,-1,-1
559,71,620.93,330.74,113.70,136.78,1.0000,-1,-1,-1
559,72,396.72,302.04,23.10,62.03,1.0000,-1,-1,-1
559,73,666.88,295.85,55.67,149.01,1.0000,-1,-1,-1
559,74,827.29,384.85,63.11,148.18,1.0000,-1,-1,-1
559,75,920.22,436.01,123.37,150.32,1.0000,-1,-1,-1
559,76,470.37,232.92,55.22,144.93,1.0000,-1,-1,-1
559,77,983.35,294.27,69.43,155.57,1.0000,-1,-1,-1
559,78,787.52,290.84,61.94,137.29,1.0000,-1,-1,-1
559,79,511.61,233.78,74.58,152.51,1.0000,-1,-1,-1
560,35,497.21,352.40,55.21,193.33,1.0000,-1,-1,-1
560,37,484.68,579.46,63.46,148.86,1.0000,-1,-1,-1
560,55,574.69,313.75,62.82,144.13,1.0000,-1,-1,-1
560,56,971.93,168.64,68.76,136.51,1.0000,-1,-1,-1
560,64,641.88,309.50,78.76,164.51,1.0000,-1,-1,-1
560,71,627.36,315.86,107.24,149.77,1.0000,-1,-1,-1
560,72,395.98,304.03,22.14,59.45,1.0000,-1,-1,-1
560,73,666.51,296.05,55.69,149.05,1.0000,-1,-1,-1
560,74,827.25,381.46,63.09,145.31,1.0000,-1,-1,-1
560,75,913.57,436.96,126.26,148.77,1.0000,-1,-1,-1
560,76,469.97,233.23,55.22,144.93,1.0000,-1,-1,-1
560,77,999.01,295.84,77.25,156.51,1.0000,-1,-1,-1
560,78,800.94,288.37,57.50,132.32,1.0000,-1,-1,-1
560,79,513.37,231.79,75.78,155.06,1.0000,-1,-1,-1
560,80,699.34,295.03,47.02,170.22,1.0000,-1,-1,-1
561,35,499.06,352.85,55.15,193.11,1.0000,-1,-1,-1
561,37,485.24,579.99,63.40,148.73,1.0000,-1,-1,-1
561,55,567.35,314.46,62.77,144.01,1.0000,-1,-1,-1
561,56,976.15,168.54,68.87,135.82,1.0000,-1,-1,-1
561,64,639.10,309.49,78.84,164.67,1.0000,-1,-1,-1
561,71,628.92,313.99,105.53,152.69,1.0000,-1,-1,-1
561,72,395.26,306.07,21.13,56.75,1.0000,-1,-1,-1
561,73,666.14,296.25,55.70,149.09,1.0000,-1,-1,-1
561,74,827.67,379.96,62.85,144.77,1.0000,-1,-1,-1
561,75,904.16,438.10,129.47,148.05,1.0000,-1,-1,-1
561,76,469.57,233.54,55.22,144.93,1.0000,-1,-1,-1
561,77,1007.05,295.80,88.57,158.17,1.0000,-1,-1,-1
561,78,810.32,287.10,56.76,130.62,1.0000,-1,-1,-1
561,79,519.26,230.96,73.06,152.42,1.0000,-1,-1,-1
561,80,700.69,294.82,47.18,166.79,1.0000,-1,-1,-1
562,35,500.92,353.30,55.09,192.89,1.0000,-1,-1,-1
562,37,485.81,580.52,63.34,148.59,1.0000,-1,-1,-1
562,55,560.00,315.16,62.71,143.88,1.0000,-1,-1,-1
562,56,981.44,166.79,68.06,136.58,1.0000,-1,-1,-1
562,64,636.33,309.48,78.92,164.84,1.0000,-1,-1,-1
562,71,629.79,312.23,101.97,154.19,1.0000,-1,-1,-1
562,72,394.56,308.18,20.08,53.91,1.0000,-1,-1,-1
562,73,665.77,296.44,55.72,149.13,1.0000,-1,-1,-1
562,74,823.94,384.74,69.20,139.67,1.0000,-1,-1,-1
562,75,896.79,438.59,129.11,147.28,1.0000,-1,-1,-1
562,76,469.17,233.85,55.22,144.92,1.0000,-1,-1,-1
562,77,1010.11,294.79,99.77,160.30,1.0000,-1,-1,-1
562,78,819.70,285.84,56.01,128.90,1.0000,-1,-1,-1
562,79,523.73,232.77,71.69,155.52,1.0000,-1,-1,-1
562,80,700.34,295.19,48.69,169.83,1.0000,-1,-1,-1
563,35,495.67,347.31,59.15,192.44,1.0000,-1,-1,-1
563,37,486.37,581.05,63.29,148.46,1.0000,-1,-1,-1
563,55,552.66,315.87,62.66,143.76,1.0000,-1,-1,-1
563,56,982.99,166.11,68.56,136.82,1.0000,-1,-1,-1
563,64,633.55,309.46,79.00,165.00,1.0000,-1,-1,-1
563,71,631.14,312.17,102.28,154.66,1.0000,-1,-1,-1
563,72,393.90,310.37,18.96,50.92,1.0000,-1,-1,-1
563,73,665.41,296.64,55.73,149.16,1.0000,-1,-1,-1
563,74,824.28,383.54,68.98,139.24,1.0000,-1,-1,-1
563,75,886.26,437.97,127.72,146.12,1.0000,-1,-1,-1
563,76,468.77,234.16,55.21,144.92,1.0000,-1,-1,-1
563,77,1012.85,292.97,108.44,161.15,1.0000,-1,-1,-1
563,78,831.29,286.21,51.10,115.84,1.0000,-1,-1,-1
563,79,528.09,231.62,68.95,155.54,1.0000,-1,-1,-1
563,80,697.60,294.18,53.57,174.92,1.0000,-1,-1,-1
564,35,498.31,346.40,61.67,195.69,1.0000,-1,-1,-1
564,37,486.94,581.59,63.23,148.32,1.0000,-1,-1,-1
564,55,545.31,316.58,62.60,143.63,1.0000,-1,-1,-1
564,56,986.19,165.67,69.75,137.96,1.0000,-1,-1,-1
564,64,637.22,302.11,73.24,160.50,1.0000,-1,-1,-1
564,71,632.50,312.12,102.58,155.12,1.0000,-1,-1,-1
564,72,393.26,312.65,17.78,47.74,1.0000,-1,-1,-1
564,73,665.04,296.83,55.74,149.20,1.0000,-1,-1,-1
564,74,824.61,382.33,68.77,138.81,1.0000,-1,-1,-1
564,75,874.81,434.10,119.09,147.81,1.0000,-1,-1,-1
564,76,468.37,234.47,55.21,144.92,1.0000,-1,-1,-1
564,77,1018.24,291.63,113.53,160.16,1.0000,-1,-1,-1
564,78,841.07,285.20,49.60,112.44,1.0000,-1,-1,-1
564,79,534.80,230.02,66.29,155.16,1.0000,-1,-1,-1
564,80,698.16,292.09,54.60,178.27,1.0000,-1,-1,-1
565,35,499.21,346.36,63.02,196.66,1.0000,-1,-1,-1
565,37,487.50,582.12,63.17,148.18,1.0000,-1,-1,-1
565,55,537.97,317.28,62.55,143.50,1.0000,-1,-1,-1
565,56,987.14,164.66,71.77,139.08,1.0000,-1,-1,-1
565,64,634.72,301.43,73.28,160.59,1.0000,-1,-1,-1
565,71,633.86,312.06,102.88,155.57,1.0000,-1,-1,-1
565,72,392.67,315.05,16.51,44.33,1.0000,-1,-1,-1
565,73,664.67,297.03,55.76,149.24,1.0000,-1,-1,-1
565,74,824.95,381.13,68.55,138.37,1.0000,-1,-1,-1
565,75,875.19,440.70,111.87,143.99,1.0000,-1,-1,-1
565,76,467.97,234.78,55.21,144.91,1.0000,-1,-1,-1
565,77,1027.69,291.26,113.22,157.69,1.0000,-1,-1,-1
565,78,850.86,284.25,48.06,108.94,1.0000,-1,-1,-1
565,79,539.21,228.16,65.73,157.41,1.0000,-1,-1,-1
565,80,698.72,290.03,55.60,181.56,1.0000,-1,-1,-1
566,35,499.50,346.24,64.08,196.59,1.0000,-1,-1,-1
566,37,488.07,582.65,63.11,148.05,1.0000,-1,-1,-1
566,55,530.62,317.99,62.49,143.38,1.0000,-1,-1,-1
566,56,988.47,163.56,73.35,139.59,1.0000,-1,-1,-1
566,64,632.22,300.76,73.32,160.67,1.0000,-1,-1,-1
566,71,648.06,314.43,107.35,148.07,1.0000,-1,-1,-1
566,72,392.14,317.59,15.13,40.63,1.0000,-1,-1,-1
566,73,664.30,297.23,55.77,149.28,1.0000,-1,-1,-1
566,74,825.29,379.92,68.34,137.94,1.0000,-1,-1,-1
566,75,869.16,433.34,110.73,146.77,1.0000,-1,-1,-1
566,76,467.57,235.09,55.21,144.91,1.0000,-1,-1,-1
566,77,1027.22,291.05,116.07,155.22,1.0000,-1,-1,-1
566,78,855.92,298.95,56.02,125.96,1.0000,-1,-1,-1
566,79,541.69,225.62,66.52,160.50,1.0000,-1,-1,-1
566,80,699.30,288.00,56.59,184.80,1.0000,-1,-1,-1
567,35,500.30,346.59,65.24,195.88,1.0000,-1,-1,-1
567,37,488.63,583.19,63.05,147.91,1.0000,-1,-1,-1
567,55,523.28,318.70,62.44,143.25,1.0000,-1,-1,-1
567,56,993.29,162.76,72.21,140.74,1.0000,-1,-1,-1
567,64,629.72,300.08,73.36,160.76,1.0000,-1,-1,-1
567,71,650.66,314.26,107.66,148.50,1.0000,-1,-1,-1
567,72,391.67,320.32,13.62,36.57,1.0000,-1,-1,-1
567,73,663.93,297.42,55.79,149.32,1.0000,-1,-1,-1
567,74,810.64,373.02,63.50,141.53,1.0000,-1,-1,-1
567,75,863.77,430.22,112.24,149.53,1.0000,-1,-1,-1
567,76,467.17,235.40,55.21,144.91,1.0000,-1,-1,-1
567,77,1045.02,291.47,107.28,153.25,1.0000,-1,-1,-1
567,78,860.04,299.77,57.13,129.43,1.0000,-1,-1,-1
567,79,543.47,222.96,67.32,163.80,1.0000,-1,-1,-1
567,80,699.89,286.00,57.57,187.97,1.0000,-1,-1,-1
568,35,500.97,347.27,66.57,196.41,1.0000,-1,-1,-1
568,37,489.20,583.72,62.99,147.77,1.0000,-1,-1,-1
568,55,515.93,319.41,62.38,143.12,1.0000,-1,-1,-1
568,56,997.22,160.78,71.30,140.72,1.0000,-1,-1,-1
568,64,627.22,299.40,73.39,160.85,1.0000,-1,-1,-1
568,71,653.26,314.09,107.97,148.92,1.0000,-1,-1,-1
568,72,391.30,323.30,11.91,31.99,1.0000,-1,-1,-1
568,73,663.56,297.62,55.80,149.36,1.0000,-1,-1,-1
568,74,808.79,370.63,59.24,141.24,1.0000,-1,-1,-1
568,75,854.91,427.51,114.57,152.12,1.0000,-1,-1,-1
568,76,466.77,235.72,55.21,144.90,1.0000,-1,-1,-1
568,77,1058.77,293.06,99.40,151.17,1.0000,-1,-1,-1
568,78,863.03,300.25,55.88,131.41,1.0000,-1,-1,-1
568,79,543.90,219.10,68.12,167.17,1.0000,-1,-1,-1
568,80,700.48,284.02,58.52,191.09,1.0000,-1,-1,-1
569,35,501.37,345.10,67.12,194.62,1.0000,-1,-1,-1
569,37,489.76,584.25,62.94,147.64,1.0000,-1,-1,-1
569,55,508.59,320.12,62.33,143.00,1.0000,-1,-1,-1
569,56,1001.71,159.81,71.64,140.01,1.0000,-1,-1,-1
569,64,624.72,298.73,73.43,160.93,1.0000,-1,-1,-1
569,71,655.86,313.92,108.27,149.34,1.0000,-1,-1,-1
569,72,391.07,326.67,9.92,26.63,1.0000,-1,-1,-1
569,73,663.20,297.81,55.82,149.40,1.0000,-1,-1,-1
569,74,807.59,369.17,58.98,140.63,1.0000,-1,-1,-1
569,75,833.09,426.97,121.57,152.48,1.0000,-1,-1,-1
569,76,466.37,236.03,55.21,144.90,1.0000,-1,-1,-1
569,77,1073.56,293.38,93.41,149.03,1.0000,-1,-1,-1
569,78,867.69,299.46,55.03,135.73,1.0000,-1,-1,-1
569,79,547.82,215.00,68.10,169.29,1.0000,-1,-1,-1
569,80,701.08,282.07,59.46,194.17,1.0000,-1,-1,-1
570,35,501.23,344.03,67.58,192.96,1.0000,-1,-1,-1
570,37,490.33,584.79,62.88,147.50,1.0000,-1,-1,-1
570,55,501.24,320.82,62.27,142.87,1.0000,-1,-1,-1
570,56,1005.71,159.08,72.31,140.65,1.0000,-1,-1,-1
570,64,622.23,298.05,73.47,161.02,1.0000,-1,-1,-1
570,71,658.47,313.75,108.58,149.77,1.0000,-1,-1,-1
570,72,391.10,330.73,7.41,19.89,1.0000,-1,-1,-1
570,73,662.83,298.01,55.83,149.43,1.0000,-1,-1,-1
570,74,806.39,367.70,58.73,140.02,1.0000,-1,-1,-1
570,75,819.40,423.91,122.72,156.43,1.0000,-1,-1,-1
570,76,465.97,236.34,55.21,144.90,1.0000,-1,-1,-1
570,77,1083.52,293.58,88.99,147.65,1.0000,-1,-1,-1
570,78,870.60,296.96,54.12,139.69,1.0000,-1,-1,-1
570,79,550.43,213.65,68.76,170.81,1.0000,-1,-1,-1
570,80,701.69,280.15,60.39,197.19,1.0000,-1,-1,-1
571,35,501.55,344.53,67.91,193.07,1.0000,-1,-1,-1
571,37,490.89,585.32,62.82,147.36,1.0000,-1,-1,-1
571,55,493.90,321.53,62.21,142.74,1.0000,-1,-1,-1
571,56,1007.61,158.10,72.91,142.02,1.0000,-1,-1,-1
571,64,619.73,297.38,73.51,161.10,1.0000,-1,-1,-1
571,71,661.07,313.59,108.89,150.19,1.0000,-1,-1,-1
571,73,662.46,298.20,55.85,149.47,1.0000,-1,-1,-1
571,74,805.19,366.24,58.47,139.40,1.0000,-1,-1,-1
571,75,813.00,423.37,123.08,156.88,1.0000,-1,-1,-1
571,76,465.57,236.65,55.21,144.90,1.0000,-1,-1,-1
571,77,1092.96,294.14,85.18,146.75,1.0000,-1,-1,-1
571,78,872.07,294.02,53.24,143.00,1.0000,-1,-1,-1
571,79,553.54,212.15,71.72,171.25,1.0000,-1,-1,-1
571,80,702.31,278.24,61.30,200.17,1.0000,-1,-1,-1
572,35,502.79,344.21,67.92,193.07,1.0000,-1,-1,-1
572,37,491.46,585.86,62.76,147.22,1.0000,-1,-1,-1
572,55,486.55,322.24,62.16,142.61,1.0000,-1,-1,-1
572,56,1010.57,158.20,72.84,143.75,1.0000,-1,-1,-1
572,64,640.80,298.95,60.82,141.05,1.0000,-1,-1,-1
572,71,663.67,313.42,109.19,150.61,1.0000,-1,-1,-1
572,73,662.09,298.40,55.86,149.51,1.0000,-1,-1,-1
572,74,803.99,364.77,58.21,138.79,1.0000,-1,-1,-1
572,75,795.38,391.01,116.83,174.53,1.0000,-1,-1,-1
572,76,465.17,236.96,55.20,144.89,1.0000,-1,-1,-1
572,77,1100.35,294.80,82.42,146.59,1.0000,-1,-1,-1
572,78,873.59,291.01,52.25,145.46,1.0000,-1,-1,-1
572,79,557.24,211.12,76.96,171.24,1.0000,-1,-1,-1
572,80,702.93,276.36,62.20,203.11,1.0000,-1,-1,-1
573,35,504.03,343.89,67.92,193.08,1.0000,-1,-1,-1
573,37,492.02,586.39,62.70,147.09,1.0000,-1,-1,-1
573,55,479.21,322.95,62.10,142.49,1.0000,-1,-1,-1
573,56,1014.18,157.24,71.80,145.31,1.0000,-1,-1,-1
573,64,639.51,297.88,60.75,140.88,1.0000,-1,-1,-1
573,71,666.27,313.25,109.49,151.03,1.0000,-1,-1,-1
573,73,661.72,298.60,55.87,149.55,1.0000,-1,-1,-1
573,74,802.80,363.31,57.95,138.17,1.0000,-1,-1,-1
573,75,783.80,379.62,106.77,185.51,1.0000,-1,-1,-1
573,76,464.77,237.27,55.20,144.89,1.0000,-1,-1,-1
573,77,1108.00,294.70,82.04,146.35,1.0000,-1,-1,-1
573,78,874.55,288.18,52.04,147.92,1.0000,-1,-1,-1
573,79,561.18,211.81,78.86,168.88,1.0000,-1,-1,-1
573,80,703.56,274.50,63.09,206.00,1.0000,-1,-1,-1
574,35,512.01,346.17,66.45,197.91,1.0000,-1,-1,-1
574,37,492.59,586.92,62.64,146.95,1.0000,-1,-1,-1
574,55,471.86,323.65,62.05,142.36,1.0000,-1,-1,-1
574,56,1021.36,155.49,68.82,147.01,1.0000,-1,-1,-1
574,64,638.22,296.81,60.68,140.71,1.0000,-1,-1,-1
574,71,668.88,313.09,109.80,151.45,1.0000,-1,-1,-1
574,73,661.36,298.79,55.89,149.59,1.0000,-1,-1,-1
574,74,801.60,361.85,57.69,137.54,1.0000,-1,-1,-1
574,75,773.09,398.74,104.26,180.40,1.0000,-1,-1,-1
574,76,464.37,237.58,55.20,144.89,1.0000,-1,-1,-1
574,77,1119.12,293.84,86.23,146.42,1.0000,-1,-1,-1
574,78,876.48,284.10,52.82,148.27,1.0000,-1,-1,-1
574,79,566.22,213.13,79.68,166.78,1.0000,-1,-1,-1
574,80,704.19,272.66,63.96,208.86,1.0000,-1,-1,-1
575,35,513.75,346.27,66.45,197.92,1.0000,-1,-1,-1
575,37,493.16,587.46,62.58,146.81,1.0000,-1,-1,-1
575,55,464.52,324.36,61.99,142.23,1.0000,-1,-1,-1
575,56,1025.60,154.11,66.80,148.57,1.0000,-1,-1,-1
575,64,636.93,295.74,60.60,140.54,1.0000,-1,-1,-1
575,71,671.48,312.93,110.10,151.86,1.0000,-1,-1,-1
575,73,660.99,298.99,55.90,149.63,1.0000,-1,-1,-1
575,74,800.40,360.39,57.43,136.92,1.0000,-1,-1,-1
575,75,762.10,403.36,105.73,179.71,1.0000,-1,-1,-1
575,76,463.97,237.89,55.20,144.88,1.0000,-1,-1,-1
575,77,1124.40,292.50,90.24,146.96,1.0000,-1,-1,-1
575,78,877.26,281.75,54.01,147.73,1.0000,-1,-1,-1
575,79,570.66,214.70,79.41,163.61,1.0000,-1,-1,-1
575,80,704.83,270.83,64.82,211.67,1.0000,-1,-1,-1
576,35,515.49,346.37,66.46,197.92,1.0000,-1,-1,-1
576,37,493.72,587.99,62.53,146.67,1.0000,-1,-1,-1
576,55,457.17,325.07,61.94,142.10,1.0000,-1,-1,-1
576,56,1028.50,153.68,64.77,150.09,1.0000,-1,-1,-1
576,64,635.64,294.67,60.53,140.37,1.0000,-1,-1,-1
576,71,669.86,329.14,80.94,146.82,1.0000,-1,-1,-1
576,73,660.62,299.18,55.92,149.67,1.0000,-1,-1,-1
576,74,799.21,358.93,57.17,136.29,1.0000,-1,-1,-1
576,75,751.81,384.83,107.40,191.23,1.0000,-1,-1,-1
576,76,463.57,238.20,55.20,144.88,1.0000,-1,-1,-1
576,77,1127.39,290.70,92.99,147.49,1.0000,-1,-1,-1
576,78,877.78,280.72,55.03,145.62,1.0000,-1,-1,-1
576,79,572.07,216.07,79.96,160.80,1.0000,-1,-1,-1
576,80,705.48,269.03,65.68,214.45,1.0000,-1,-1,-1
577,35,517.23,346.46,66.46,197.93,1.0000,-1,-1,-1
577,37,494.29,588.52,62.47,146.54,1.0000,-1,-1,-1
577,55,449.83,325.78,61.88,141.98,1.0000,-1,-1,-1
577,56,1030.79,154.52,63.47,151.99,1.0000,-1,-1,-1
577,64,634.35,293.59,60.46,140.20,1.0000,-1,-1,-1
577,71,671.36,329.93,81.06,147.04,1.0000,-1,-1,-1
577,73,660.25,299.38,55.93,149.70,1.0000,-1,-1,-1
577,74,798.01,357.48,56.90,135.66,1.0000,-1,-1,-1
577,75,740.23,366.94,105.02,186.52,1.0000,-1,-1,-1
577,76,463.17,238.51,55.20,144.88,1.0000,-1,-1,-1
577,77,1129.17,288.70,94.67,147.70,1.0000,-1,-1,-1
577,78,878.15,281.13,56.47,144.07,1.0000,-1,-1,-1
577,79,574.36,215.99,79.40,158.61,1.0000,-1,-1,-1
577,80,706.13,267.24,66.52,217.19,1.0000,-1,-1,-1
577,81,546.17,204.42,52.46,147.41,1.0000,-1,-1,-1
578,35,528.33,346.58,63.47,201.74,1.0000,-1,-1,-1
578,37,494.85,589.06,62.41,146.40,1.0000,-1,-1,-1
578,55,442.48,326.49,61.83,141.85,1.0000,-1,-1,-1
578,56,1031.98,154.75,62.43,153.94,1.0000,-1,-1,-1
578,64,633.06,292.52,60.38,140.03,1.0000,-1,-1,-1
578,71,672.86,330.72,81.19,147.27,1.0000,-1,-1,-1
578,73,659.88,299.58,55.95,149.74,1.0000,-1,-1,-1
578,74,796.82,356.02,56.63,135.03,1.0000,-1,-1,-1
578,75,730.30,361.68,105.50,184.81,1.0000,-1,-1,-1
578,76,462.76,238.83,55.20,144.87,1.0000,-1,-1,-1
578,77,1130.04,286.04,95.54,147.28,1.0000,-1,-1,-1
578,78,878.08,281.22,57.86,141.68,1.0000,-1,-1,-1
578,79,576.19,215.67,78.32,157.05,1.0000,-1,-1,-1
578,80,706.79,265.47,67.35,219.90,1.0000,-1,-1,-1
578,81,545.03,203.05,53.37,147.06,1.0000,-1,-1,-1
579,35,531.54,345.41,62.55,203.35,1.0000,-1,-1,-1
579,37,495.42,589.59,62.35,146.26,1.0000,-1,-1,-1
579,55,435.14,327.20,61.77,141.72,1.0000,-1,-1,-1
579,56,1033.09,154.02,62.67,156.01,1.0000,-1,-1,-1
579,64,631.77,291.45,60.31,139.86,1.0000,-1,-1,-1
579,71,674.36,331.52,81.31,147.49,1.0000,-1,-1,-1
579,73,659.52,299.77,55.96,149.78,1.0000,-1,-1,-1
579,74,795.63,354.57,56.37,134.39,1.0000,-1,-1,-1
579,75,715.16,367.52,112.79,198.56,1.0000,-1,-1,-1
579,76,462.36,239.14,55.20,144.87,1.0000,-1,-1,-1
579,77,1133.87,281.68,93.99,148.72,1.0000,-1,-1,-1
579,78,877.83,283.17,60.01,138.95,1.0000,-1,-1,-1
579,79,577.06,214.61,78.00,155.95,1.0000,-1,-1,-1
579,80,707.45,263.72,68.16,222.58,1.0000,-1,-1,-1
579,81,542.91,202.05,55.31,146.13,1.0000,-1,-1,-1
580,35,533.45,345.63,62.76,204.21,1.0000,-1,-1,-1
580,37,495.98,590.13,62.29,146.12,1.0000,-1,-1,-1
580,55,427.79,327.90,61.71,141.59,1.0000,-1,-1,-1
580,56,1034.11,150.50,63.05,157.85,1.0000,-1,-1,-1
580,64,630.48,290.38,60.24,139.69,1.0000,-1,-1,-1
580,71,675.87,332.31,81.43,147.71,1.0000,-1,-1,-1
580,73,659.15,299.97,55.97,149.82,1.0000,-1,-1,-1
580,74,754.89,359.69,75.47,145.43,1.0000,-1,-1,-1
580,75,691.69,396.86,106.12,192.39,1.0000,-1,-1,-1
580,76,461.96,239.45,55.19,144.87,1.0000,-1,-1,-1
580,77,1136.43,277.06,92.28,151.12,1.0000,-1,-1,-1
580,78,877.42,285.85,61.86,138.77,1.0000,-1,-1,-1
580,79,576.84,213.93,78.15,154.62,1.0000,-1,-1,-1
580,80,708.12,261.98,68.97,225.22,1.0000,-1,-1,-1
580,81,541.95,199.41,56.21,148.49,1.0000,-1,-1,-1
581,35,535.19,345.16,62.98,204.78,1.0000,-1,-1,-1
581,37,496.55,590.66,62.23,145.98,1.0000,-1,-1,-1
581,55,420.45,328.61,61.66,141.46,1.0000,-1,-1,-1
581,56,1034.44,148.18,63.37,160.02,1.0000,-1,-1,-1
581,64,629.19,289.31,60.16,139.52,1.0000,-1,-1,-1
581,71,677.37,333.10,81.55,147.93,1.0000,-1,-1,-1
581,73,658.78,300.16,55.99,149.86,1.0000,-1,-1,-1
581,74,748.46,358.69,79.60,147.14,1.0000,-1,-1,-1
581,75,680.53,397.11,106.41,192.92,1.0000,-1,-1,-1
581,76,461.56,239.76,55.19,144.86,1.0000,-1,-1,-1
581,77,1137.16,272.85,90.80,152.89,1.0000,-1,-1,-1
581,78,877.04,287.25,63.25,138.41,1.0000,-1,-1,-1
581,79,575.92,214.16,78.89,153.83,1.0000,-1,-1,-1
581,80,708.79,260.26,69.77,227.83,1.0000,-1,-1,-1
581,81,541.00,196.78,57.09,150.82,1.0000,-1,-1,-1
582,35,536.71,343.51,62.27,205.60,1.0000,-1,-1,-1
582,37,497.11,591.19,62.17,145.84,1.0000,-1,-1,-1
582,55,413.11,329.32,61.60,141.34,1.0000,-1,-1,-1
582,56,1033.83,146.13,64.12,161.62,1.0000,-1,-1,-1
582,64,627.90,288.24,60.09,139.35,1.0000,-1,-1,-1
582,71,678.87,333.89,81.67,148.15,1.0000,-1,-1,-1
582,73,658.41,300.36,56.00,149.90,1.0000,-1,-1,-1
582,74,743.71,357.46,78.74,148.92,1.0000,-1,-1,-1
582,75,669.38,397.35,106.70,193.45,1.0000,-1,-1,-1
582,76,461.16,240.07,55.19,144.86,1.0000,-1,-1,-1
582,77,1138.33,269.50,89.17,154.29,1.0000,-1,-1,-1
582,78,876.50,287.92,64.28,138.14,1.0000,-1,-1,-1
582,79,575.65,215.07,79.64,153.73,1.0000,-1,-1,-1
582,80,709.47,258.56,70.57,230.42,1.0000,-1,-1,-1
582,81,540.05,194.18,57.96,153.11,1.0000,-1,-1,-1
583,35,538.29,343.60,62.34,205.77,1.0000,-1,-1,-1
583,37,497.68,591.73,62.11,145.71,1.0000,-1,-1,-1
583,55,405.76,330.03,61.55,141.21,1.0000,-1,-1,-1
583,56,1033.11,144.28,64.80,162.46,1.0000,-1,-1,-1
583,64,626.61,287.17,60.01,139.18,1.0000,-1,-1,-1
583,71,680.37,334.68,81.80,148.37,1.0000,-1,-1,-1
583,73,658.04,300.56,56.02,149.93,1.0000,-1,-1,-1
583,74,740.18,354.92,76.88,150.72,1.0000,-1,-1,-1
583,75,635.37,371.84,103.76,208.23,1.0000,-1,-1,-1
583,76,460.76,240.38,55.19,144.86,1.0000,-1,-1,-1
583,77,1139.34,265.74,87.28,155.69,1.0000,-1,-1,-1
583,78,876.09,287.97,65.12,138.13,1.0000,-1,-1,-1
583,79,575.96,216.53,80.05,153.44,1.0000,-1,-1,-1
583,80,710.15,256.86,71.35,232.97,1.0000,-1,-1,-1
583,81,543.91,201.82,57.19,150.20,1.0000,-1,-1,-1
583,82,505.71,333.69,60.22,177.09,1.0000,-1,-1,-1
584,35,542.84,343.60,61.68,203.69,1.0000,-1,-1,-1
584,37,498.25,592.26,62.05,145.57,1.0000,-1,-1,-1
584,55,398.42,330.74,61.49,141.08,1.0000,-1,-1,-1
584,56,1026.45,144.38,69.58,163.93,1.0000,-1,-1,-1
584,64,625.32,286.10,59.94,139.01,1.0000,-1,-1,-1
584,71,681.87,335.48,81.92,148.59,1.0000,-1,-1,-1
584,73,657.68,300.75,56.03,149.97,1.0000,-1,-1,-1
584,74,730.16,352.78,69.28,151.78,1.0000,-1,-1,-1
584,75,622.22,388.04,102.25,202.73,1.0000,-1,-1,-1
584,76,460.36,240.69,55.19,144.85,1.0000,-1,-1,-1
584,77,1141.56,263.10,84.02,156.16,1.0000,-1,-1,-1
584,78,876.14,287.26,65.27,138.55,1.0000,-1,-1,-1
584,79,573.00,219.60,80.76,151.37,1.0000,-1,-1,-1
584,80,710.83,255.19,72.12,235.50,1.0000,-1,-1,-1
584,81,543.72,200.76,57.79,151.77,1.0000,-1,-1,-1
584,82,504.19,334.15,60.88,177.79,1.0000,-1,-1,-1
585,35,545.19,343.60,61.67,203.66,1.0000,-1,-1,-1
585,37,498.81,592.80,61.99,145.43,1.0000,-1,-1,-1
585,55,391.07,331.45,61.43,140.95,1.0000,-1,-1,-1
585,56,1022.39,144.31,73.49,164.31,1.0000,-1,-1,-1
585,64,624.03,285.03,59.87,138.84,1.0000,-1,-1,-1
585,71,683.38,336.27,82.04,148.81,1.0000,-1,-1,-1
585,73,649.21,329.67,70.86,176.18,1.0000,-1,-1,-1
585,74,724.52,351.26,64.03,152.36,1.0000,-1,-1,-1
585,75,602.33,398.34,108.25,195.15,1.0000,-1,-1,-1
585,76,459.96,241.00,55.19,144.85,1.0000,-1,-1,-1
585,77,1143.55,261.91,81.05,156.65,1.0000,-1,-1,-1
585,78,875.97,286.33,65.05,139.34,1.0000,-1,-1,-1
585,79,556.68,210.91,90.72,157.27,1.0000,-1,-1,-1
585,80,711.52,253.52,72.89,238.00,1.0000,-1,-1,-1
585,81,543.53,199.70,58.38,153.33,1.0000,-1,-1,-1
585,82,502.78,333.92,61.04,178.33,1.0000,-1,-1,-1
586,35,548.80,340.52,58.69,200.46,1.0000,-1,-1,-1
586,37,499.38,593.33,61.93,145.29,1.0000,-1,-1,-1
586,55,383.73,332.16,61.38,140.82,1.0000,-1,-1,-1
586,56,1018.58,144.10,77.35,165.01,1.0000,-1,-1,-1
586,64,622.74,283.96,59.79,138.66,1.0000,-1,-1,-1
586,71,684.88,337.06,82.16,149.03,1.0000,-1,-1,-1
586,73,646.31,342.49,67.15,172.50,1.0000,-1,-1,-1
586,74,718.93,351.22,59.83,152.31,1.0000,-1,-1,-1
586,75,580.92,401.64,116.20,190.19,1.0000,-1,-1,-1
586,76,459.56,241.31,55.19,144.85,1.0000,-1,-1,-1
586,77,1144.69,261.02,78.69,157.34,1.0000,-1,-1,-1
586,78,875.96,285.25,64.81,140.27,1.0000,-1,-1,-1
586,79,547.92,205.29,97.93,160.95,1.0000,-1,-1,-1
586,80,712.21,251.87,73.65,240.47,1.0000,-1,-1,-1
586,81,543.34,198.65,58.97,154.87,1.0000,-1,-1,-1
586,82,500.82,333.58,59.79,177.41,1.0000,-1,-1,-1
587,35,551.14,340.14,58.66,200.36,1.0000,-1,-1,-1
587,37,499.94,593.87,61.88,145.15,1.0000,-1,-1,-1
587,55,376.38,332.86,61.32,140.69,1.0000,-1,-1,-1
587,56,1018.31,144.15,79.14,165.79,1.0000,-1,-1,-1
587,64,621.45,282.89,59.72,138.49,1.0000,-1,-1,-1
587,71,686.38,337.85,82.28,149.25,1.0000,-1,-1,-1
587,73,641.39,335.17,71.49,185.94,1.0000,-1,-1,-1
587,74,713.85,352.86,57.27,152.82,1.0000,-1,-1,-1
587,75,566.95,403.82,120.80,187.16,1.0000,-1,-1,-1
587,76,459.16,241.62,55.19,144.84,1.0000,-1,-1,-1
587,77,1145.39,260.39,76.82,158.12,1.0000,-1,-1,-1
587,78,876.63,284.24,64.20,141.45,1.0000,-1,-1,-1
587,79,542.04,203.35,102.32,161.10,1.0000,-1,-1,-1
587,80,712.91,250.23,74.40,242.92,1.0000,-1,-1,-1
587,81,543.16,197.61,59.55,156.39,1.0000,-1,-1,-1
587,82,500.06,332.55,59.80,178.18,1.0000,-1,-1,-1
588,35,553.47,339.77,58.63,200.25,1.0000,-1,-1,-1
588,37,500.51,594.40,61.82,145.01,1.0000,-1,-1,-1
588,55,369.04,333.57,61.26,140.56,1.0000,-1,-1,-1
588,56,1018.98,143.37,79.78,166.35,1.0000,-1,-1,-1
588,64,620.16,281.82,59.64,138.32,1.0000,-1,-1,-1
588,71,687.89,338.65,82.40,149.47,1.0000,-1,-1,-1
588,73,637.97,334.49,72.25,194.26,1.0000,-1,-1,-1
588,74,705.05,355.07,57.82,153.85,1.0000,-1,-1,-1
588,75,552.36,406.28,123.57,185.36,1.0000,-1,-1,-1
588,76,458.76,241.94,55.18,144.84,1.0000,-1,-1,-1
588,77,1145.77,259.89,75.49,158.76,1.0000,-1,-1,-1
588,78,877.31,282.95,63.84,142.91,1.0000,-1,-1,-1
588,79,538.45,202.48,105.61,162.08,1.0000,-1,-1,-1
588,80,713.61,248.60,75.14,245.35,1.0000,-1,-1,-1
588,81,542.97,196.57,60.13,157.90,1.0000,-1,-1,-1
588,82,500.04,330.08,61.96,181.24,1.0000,-1,-1,-1
589,35,555.81,339.39,58.60,200.15,1.0000,-1,-1,-1
589,37,501.07,594.94,61.76,144.87,1.0000,-1,-1,-1
589,55,361.69,334.28,61.21,140.43,1.0000,-1,-1,-1
589,56,1018.77,142.97,80.72,166.28,1.0000,-1,-1,-1
589,64,618.87,280.75,59.57,138.15,1.0000,-1,-1,-1
589,71,689.39,339.44,82.52,149.69,1.0000,-1,-1,-1
589,73,637.59,335.28,74.02,203.37,1.0000,-1,-1,-1
589,74,696.33,356.51,60.16,153.87,1.0000,-1,-1,-1
589,75,538.92,376.41,115.76,196.99,1.0000,-1,-1,-1
589,76,458.36,242.25,55.18,144.84,1.0000,-1,-1,-1
589,77,1146.17,259.37,74.72,159.54,1.0000,-1,-1,-1
589,78,878.57,280.01,63.29,144.58,1.0000,-1,-1,-1
589,79,536.69,202.32,107.61,164.51,1.0000,-1,-1,-1
589,80,714.31,246.99,75.87,247.75,1.0000,-1,-1,-1
589,81,542.80,195.55,60.70,159.40,1.0000,-1,-1,-1
589,82,497.97,327.88,61.70,182.03,1.0000,-1,-1,-1
590,35,550.56,349.55,62.18,219.90,1.0000,-1,-1,-1
590,37,501.64,595.47,61.70,144.73,1.0000,-1,-1,-1
590,55,354.35,334.99,61.15,140.30,1.0000,-1,-1,-1
590,56,1018.93,141.83,81.19,166.28,1.0000,-1,-1,-1
590,64,617.58,279.68,59.49,137.97,1.0000,-1,-1,-1
590,71,690.89,340.23,82.64,149.91,1.0000,-1,-1,-1
590,73,635.62,350.98,69.32,199.75,1.0000,-1,-1,-1
590,74,692.00,356.53,61.92,154.01,1.0000,-1,-1,-1
590,75,524.83,374.72,116.09,197.55,1.0000,-1,-1,-1
590,76,457.96,242.56,55.18,144.83,1.0000,-1,-1,-1
590,77,1145.68,258.70,74.63,160.24,1.0000,-1,-1,-1
590,78,879.34,277.82,63.09,146.78,1.0000,-1,-1,-1
590,79,536.46,202.54,109.01,166.59,1.0000,-1,-1,-1
590,80,715.02,245.38,76.60,250.13,1.0000,-1,-1,-1
590,81,542.62,194.53,61.26,160.88,1.0000,-1,-1,-1
590,82,496.62,327.26,61.81,183.33,1.0000,-1,-1,-1
591,35,543.81,348.21,64.18,228.03,1.0000,-1,-1,-1
591,37,502.21,596.01,61.64,144.59,1.0000,-1,-1,-1
591,55,347.01,335.70,61.10,140.17,1.0000,-1,-1,-1
591,56,1019.95,140.61,80.97,165.37,1.0000,-1,-1,-1
591,64,616.29,278.61,59.42,137.80,1.0000,-1,-1,-1
591,71,692.39,341.03,82.76,150.12,1.0000,-1,-1,-1
591,73,635.00,365.57,66.48,191.94,1.0000,-1,-1,-1
591,74,688.52,357.68,64.87,153.71,1.0000,-1,-1,-1
591,75,510.75,373.03,116.41,198.11,1.0000,-1,-1,-1
591,76,457.56,242.87,55.18,144.83,1.0000,-1,-1,-1
591,77,1145.04,257.56,74.87,161.06,1.0000,-1,-1,-1
591,78,879.62,275.10,62.86,147.85,1.0000,-1,-1,-1
591,79,539.23,202.66,107.97,168.00,1.0000,-1,-1,-1
591,80,715.73,243.79,77.32,252.48,1.0000,-1,-1,-1
591,81,542.44,193.51,61.82,162.35,1.0000,-1,-1,-1
591,82,494.18,325.43,60.83,183.98,1.0000,-1,-1,-1
592,35,545.01,349.47,64.22,228.15,1.0000,-1,-1,-1
592,37,502.77,596.54,61.58,144.45,1.0000,-1,-1,-1
592,55,339.66,336.41,61.04,140.05,1.0000,-1,-1,-1
592,56,1018.78,140.49,81.76,163.00,1.0000,-1,-1,-1
592,64,615.00,277.54,59.35,137.63,1.0000,-1,-1,-1
592,71,693.90,341.82,82.88,150.34,1.0000,-1,-1,-1
592,73,634.32,374.90,62.79,185.19,1.0000,-1,-1,-1
592,74,666.70,342.31,77.98,165.95,1.0000,-1,-1,-1
592,75,496.66,371.35,116.74,198.66,1.0000,-1,-1,-1
592,76,457.16,243.18,55.18,144.83,1.0000,-1,-1,-1
592,77,1143.39,256.98,75.91,161.32,1.0000,-1,-1,-1
592,78,879.38,273.06,62.83,148.16,1.0000,-1,-1,-1
592,79,541.91,203.60,106.63,169.43,1.0000,-1,-1,-1
592,80,716.45,242.21,78.04,254.82,1.0000,-1,-1,-1
592,81,542.27,192.50,62.37,163.80,1.0000,-1,-1,-1
592,82,492.10,323.78,60.15,185.39,1.0000,-1,-1,-1
593,35,551.47,337.03,59.58,217.96,1.0000,-1,-1,-1
593,37,503.34,597.08,61.52,144.31,1.0000,-1,-1,-1
593,55,332.32,337.12,60.98,139.92,1.0000,-1,-1,-1
593,56,1025.11,140.75,78.17,160.68,1.0000,-1,-1,-1
593,64,613.71,276.47,59.27,137.45,1.0000,-1,-1,-1
593,71,695.40,342.61,83.00,150.56,1.0000,-1,-1,-1
593,73,633.89,379.91,60.69,179.33,1.0000,-1,-1,-1
593,74,659.25,335.99,85.85,172.05,1.0000,-1,-1,-1
593,75,492.84,394.70,99.05,193.19,1.0000,-1,-1,-1
593,76,456.76,243.49,55.18,144.82,1.0000,-1,-1,-1
593,77,1141.16,257.77,77.64,160.39,1.0000,-1,-1,-1
593,78,879.15,271.56,63.05,147.28,1.0000,-1,-1,-1
593,79,545.50,203.62,105.16,170.24,1.0000,-1,-1,-1
593,80,717.17,240.64,78.75,257.13,1.0000,-1,-1,-1
593,81,542.10,191.50,62.92,165.24,1.0000,-1,-1,-1
593,82,490.32,322.81,60.51,186.50,1.0000,-1,-1,-1
594,35,555.12,336.24,58.17,212.42,1.0000,-1,-1,-1
594,37,503.90,597.61,61.46,144.17,1.0000,-1,-1,-1
594,55,324.97,337.83,60.93,139.79,1.0000,-1,-1,-1
594,56,1028.87,139.77,74.84,157.63,1.0000,-1,-1,-1
594,64,612.42,275.40,59.20,137.28,1.0000,-1,-1,-1
594,71,696.90,343.41,83.12,150.78,1.0000,-1,-1,-1
594,73,629.89,383.18,58.99,174.65,1.0000,-1,-1,-1
594,74,658.53,332.82,85.89,176.14,1.0000,-1,-1,-1
594,75,473.60,355.69,102.28,214.17,1.0000,-1,-1,-1
594,76,456.36,243.80,55.18,144.82,1.0000,-1,-1,-1
594,77,1137.84,256.39,79.81,158.28,1.0000,-1,-1,-1
594,78,878.80,270.62,64.23,146.22,1.0000,-1,-1,-1
594,79,548.98,204.55,103.37,170.59,1.0000,-1,-1,-1
594,80,717.89,239.08,79.45,259.42,1.0000,-1,-1,-1
594,81,541.94,190.51,63.47,166.67,1.0000,-1,-1,-1
594,82,488.55,321.83,60.87,187.61,1.0000,-1,-1,-1
595,35,556.30,335.96,57.25,208.89,1.0000,-1,-1,-1
595,37,504.47,598.15,61.40,144.03,1.0000,-1,-1,-1
595,55,317.63,338.54,60.87,139.66,1.0000,-1,-1,-1
595,56,1030.99,139.89,72.42,155.08,1.0000,-1,-1,-1
595,64,611.13,274.33,59.12,137.11,1.0000,-1,-1,-1
595,71,698.41,344.20,83.24,150.99,1.0000,-1,-1,-1
595,73,626.57,386.77,58.73,171.95,1.0000,-1,-1,-1
595,74,656.62,329.39,83.18,175.00,1.0000,-1,-1,-1
595,75,458.94,384.18,107.05,196.14,1.0000,-1,-1,-1
595,76,455.96,244.11,55.18,144.82,1.0000,-1,-1,-1
595,77,1134.70,255.17,81.74,155.19,1.0000,-1,-1,-1
595,78,878.31,270.86,65.11,145.31,1.0000,-1,-1,-1
595,79,551.53,205.20,101.11,169.51,1.0000,-1,-1,-1
595,80,718.61,237.53,80.14,261.69,1.0000,-1,-1,-1
595,81,541.77,189.52,64.01,168.09,1.0000,-1,-1,-1
595,82,486.77,320.87,61.23,188.71,1.0000,-1,-1,-1
596,35,555.93,336.72,57.40,205.91,1.0000,-1,-1,-1
596,37,505.04,598.68,61.34,143.89,1.0000,-1,-1,-1
596,55,310.28,339.25,60.81,139.53,1.0000,-1,-1,-1
596,56,1032.52,140.16,70.11,152.53,1.0000,-1,-1,-1
596,64,609.84,273.26,59.05,136.93,1.0000,-1,-1,-1
596,71,699.91,344.99,83.36,151.21,1.0000,-1,-1,-1
596,73,624.23,392.97,59.34,172.91,1.0000,-1,-1,-1
596,74,663.21,325.65,74.13,172.68,1.0000,-1,-1,-1
596,75,444.83,383.75,107.30,196.60,1.0000,-1,-1,-1
596,76,455.56,244.42,55.17,144.81,1.0000,-1,-1,-1
596,77,1131.92,254.21,83.56,152.86,1.0000,-1,-1,-1
596,78,878.18,271.69,65.82,144.44,1.0000,-1,-1,-1
596,79,551.70,204.29,97.55,167.13,1.0000,-1,-1,-1
596,80,719.34,235.99,80.83,263.95,1.0000,-1,-1,-1
596,81,541.61,188.54,64.54,169.50,1.0000,-1,-1,-1
596,82,485.00,319.90,61.58,189.80,1.0000,-1,-1,-1
597,35,553.74,337.04,59.36,203.42,1.0000,-1,-1,-1
597,37,505.60,599.22,61.28,143.75,1.0000,-1,-1,-1
597,55,302.94,339.95,60.76,139.40,1.0000,-1,-1,-1
597,56,1033.51,140.72,68.20,150.46,1.0000,-1,-1,-1
597,64,608.55,272.19,58.97,136.76,1.0000,-1,-1,-1
597,71,701.41,345.79,83.48,151.43,1.0000,-1,-1,-1
597,73,622.71,397.26,60.75,176.20,1.0000,-1,-1,-1
597,74,669.21,324.61,67.66,168.66,1.0000,-1,-1,-1
597,75,436.74,343.30,116.15,214.55,1.0000,-1,-1,-1
597,76,455.16,244.73,55.17,144.81,1.0000,-1,-1,-1
597,77,1129.78,253.23,84.77,150.99,1.0000,-1,-1,-1
597,78,878.12,273.05,66.18,143.26,1.0000,-1,-1,-1
597,79,551.61,206.28,95.96,163.38,1.0000,-1,-1,-1
597,80,720.07,234.46,81.52,266.18,1.0000,-1,-1,-1
597,81,541.45,187.56,65.07,170.89,1.0000,-1,-1,-1
597,82,483.23,318.94,61.93,190.89,1.0000,-1,-1,-1
598,35,551.51,337.82,61.95,200.63,1.0000,-1,-1,-1
598,37,506.17,599.75,61.22,143.61,1.0000,-1,-1,-1
598,56,1034.18,141.23,66.85,149.24,1.0000,-1,-1,-1
598,64,607.26,271.12,58.90,136.58,1.0000,-1,-1,-1
598,71,702.92,346.58,83.60,151.64,1.0000,-1,-1,-1
598,73,619.09,399.71,61.44,180.00,1.0000,-1,-1,-1
598,74,673.91,325.59,65.01,162.61,1.0000,-1,-1,-1
598,75,425.92,378.59,120.69,189.50,1.0000,-1,-1,-1
598,76,454.75,245.05,55.17,144.81,1.0000,-1,-1,-1
598,77,1133.83,253.12,81.85,150.02,1.0000,-1,-1,-1
598,78,877.70,274.45,66.61,141.79,1.0000,-1,-1,-1
598,79,551.31,209.30,93.23,159.68,1.0000,-1,-1,-1
598,80,720.80,232.93,82.20,268.39,1.0000,-1,-1,-1
598,81,541.29,186.59,65.60,172.28,1.0000,-1,-1,-1
598,82,481.46,317.98,62.28,191.97,1.0000,-1,-1,-1
599,35,554.40,337.96,62.31,197.37,1.0000,-1,-1,-1
599,37,506.74,600.29,61.16,143.47,1.0000,-1,-1,-1
599,56,1034.63,140.97,66.39,147.85,1.0000,-1,-1,-1
599,64,605.98,270.05,58.82,136.41,1.0000,-1,-1,-1
599,71,704.42,347.38,83.72,151.86,1.0000,-1,-1,-1
599,73,616.95,403.97,61.50,180.18,1.0000,-1,-1,-1
599,74,675.62,329.13,64.89,156.27,1.0000,-1,-1,-1
599,75,417.15,378.38,113.57,184.19,1.0000,-1,-1,-1
599,76,454.35,245.36,55.17,144.81,1.0000,-1,-1,-1
599,77,1134.08,253.38,78.80,149.38,1.0000,-1,-1,-1
599,78,877.21,275.64,66.92,140.43,1.0000,-1,-1,-1
599,79,551.28,208.96,93.48,160.11,1.0000,-1,-1,-1
599,80,721.54,231.42,82.87,270.59,1.0000,-1,-1,-1
599,81,541.14,185.63,66.12,173.65,1.0000,-1,-1,-1
599,82,479.69,317.02,62.63,193.04,1.0000,-1,-1,-1
600,35,555.53,338.42,63.85,194.16,1.0000,-1,-1,-1
600,37,507.30,600.82,61.10,143.33,1.0000,-1,-1,-1
600,56,1035.09,141.72,65.49,147.21,1.0000,-1,-1,-1
600,64,604.69,268.98,58.74,136.23,1.0000,-1,-1,-1
600,71,705.93,348.17,83.84,152.07,1.0000,-1,-1,-1
600,73,614.81,408.23,61.56,180.36,1.0000,-1,-1,-1
600,74,676.38,333.42,65.16,150.79,1.0000,-1,-1,-1
600,75,412.60,375.64,104.25,181.59,1.0000,-1,-1,-1
600,76,453.95,245.67,55.17,144.80,1.0000,-1,-1,-1
600,77,1132.52,253.29,76.81,148.52,1.0000,-1,-1,-1
600,78,876.94,276.39,67.03,139.46,1.0000,-1,-1,-1
600,79,551.26,208.63,93.73,160.54,1.0000,-1,-1,-1
600,80,722.27,229.92,83.54,272.77,1.0000,-1,-1,-1
600,81,540.98,184.67,66.64,175.01,1.0000,-1,-1,-1
600,82,477.92,316.07,62.98,194.11,1.0000,-1,-1,-1
601,35,556.67,338.58,63.41,192.07,1.0000,-1,-1,-1
601,37,507.87,601.36,61.04,143.18,1.0000,-1,-1,-1
601,56,1035.55,142.75,64.56,146.87,1.0000,-1,-1,-1
601,64,603.40,267.91,58.67,136.06,1.0000,-1,-1,-1
601,71,707.43,348.97,83.96,152.29,1.0000,-1,-1,-1
601,73,612.66,412.49,61.62,180.54,1.0000,-1,-1,-1
601,74,676.12,337.60,66.24,146.61,1.0000,-1,-1,-1
601,75,411.02,374.18,96.31,179.33,1.0000,-1,-1,-1
601,76,453.55,245.98,55.17,144.80,1.0000,-1,-1,-1
601,77,1131.02,253.55,75.42,148.35,1.0000,-1,-1,-1
601,78,876.80,276.62,67.02,138.97,1.0000,-1,-1,-1
601,79,551.24,208.30,93.99,160.97,1.0000,-1,-1,-1
601,80,723.01,228.42,84.20,274.93,1.0000,-1,-1,-1
601,81,540.83,183.71,67.16,176.36,1.0000,-1,-1,-1
601,82,476.15,315.12,63.32,195.17,1.0000,-1,-1,-1
602,35,556.16,339.09,61.93,190.62,1.0000,-1,-1,-1
602,37,508.43,601.89,60.98,143.04,1.0000,-1,-1,-1
602,56,1036.35,143.21,64.04,146.87,1.0000,-1,-1,-1
602,64,602.11,266.84,58.59,135.88,1.0000,-1,-1,-1
602,71,708.93,349.76,84.07,152.50,1.0000,-1,-1,-1
602,73,610.52,416.75,61.69,180.72,1.0000,-1,-1,-1
602,74,676.77,341.15,67.12,144.73,1.0000,-1,-1,-1
602,75,411.85,372.98,89.27,178.05,1.0000,-1,-1,-1
602,76,453.15,246.29,55.17,144.80,1.0000,-1,-1,-1
602,77,1128.59,254.21,74.56,148.22,1.0000,-1,-1,-1
602,78,876.99,276.69,66.67,138.84,1.0000,-1,-1,-1
602,79,551.22,207.97,94.23,161.40,1.0000,-1,-1,-1
602,80,723.76,226.93,84.86,277.08,1.0000,-1,-1,-1
602,81,540.68,182.76,67.67,177.70,1.0000,-1,-1,-1
602,82,486.25,314.58,56.17,178.28,1.0000,-1,-1,-1
603,35,556.42,339.77,59.42,189.02,1.0000,-1,-1,-1
603,56,1037.45,143.73,63.44,147.03,1.0000,-1,-1,-1
603,64,600.82,265.77,58.52,135.71,1.0000,-1,-1,-1
603,71,710.44,350.56,84.19,152.72,1.0000,-1,-1,-1
603,73,595.05,422.04,64.25,176.00,1.0000,-1,-1,-1
603,74,676.69,344.34,68.05,143.21,1.0000,-1,-1,-1
603,75,413.35,371.27,82.56,176.99,1.0000,-1,-1,-1
603,76,452.75,246.60,55.17,144.79,1.0000,-1,-1,-1
603,77,1126.96,254.46,73.56,147.98,1.0000,-1,-1,-1
603,78,877.41,277.22,66.09,138.58,1.0000,-1,-1,-1
603,79,551.19,207.64,94.48,161.82,1.0000,-1,-1,-1
603,80,724.50,225.46,85.51,279.20,1.0000,-1,-1,-1
603,81,540.53,181.82,68.17,179.03,1.0000,-1,-1,-1
603,82,485.79,314.84,55.40,175.90,1.0000,-1,-1,-1
604,35,557.24,340.78,57.18,187.52,1.0000,-1,-1,-1
604,56,1039.03,145.03,62.95,147.12,1.0000,-1,-1,-1
604,64,599.53,264.71,58.44,135.53,1.0000,-1,-1,-1
604,71,711.94,351.35,84.31,152.93,1.0000,-1,-1,-1
604,73,592.36,428.14,64.80,171.32,1.0000,-1,-1,-1
604,74,678.43,348.26,68.16,144.03,1.0000,-1,-1,-1
604,75,414.80,368.95,78.66,176.85,1.0000,-1,-1,-1
604,76,452.35,246.91,55.16,144.79,1.0000,-1,-1,-1
604,77,1126.35,254.89,72.30,148.11,1.0000,-1,-1,-1
604,78,877.70,277.60,65.45,138.75,1.0000,-1,-1,-1
604,79,551.17,207.32,94.73,162.25,1.0000,-1,-1,-1
604,80,725.25,223.98,86.15,281.32,1.0000,-1,-1,-1
604,81,540.39,180.88,68.68,180.35,1.0000,-1,-1,-1
604,82,487.69,315.24,54.17,175.36,1.0000,-1,-1,-1
605,35,557.95,340.25,57.12,187.34,1.0000,-1,-1,-1
605,56,1040.16,146.65,62.09,146.66,1.0000,-1,-1,-1
605,64,598.24,263.64,58.37,135.35,1.0000,-1,-1,-1
605,71,713.45,352.15,84.43,153.14,1.0000,-1,-1,-1
605,73,578.08,384.24,76.52,205.05,1.0000,-1,-1,-1
605,74,678.66,354.01,69.72,148.01,1.0000,-1,-1,-1
605,75,410.94,364.56,75.31,177.03,1.0000,-1,-1,-1
605,76,451.95,247.22,55.16,144.79,1.0000,-1,-1,-1
605,77,1126.25,254.06,68.67,146.98,1.0000,-1,-1,-1
605,78,877.96,277.20,64.61,139.66,1.0000,-1,-1,-1
605,79,551.15,206.99,94.98,162.67,1.0000,-1,-1,-1
605,80,726.00,222.52,86.80,283.41,1.0000,-1,-1,-1
605,81,540.24,179.94,69.17,181.66,1.0000,-1,-1,-1
605,82,486.26,314.72,55.49,174.79,1.0000,-1,-1,-1
606,35,572.36,356.17,70.05,222.17,1.0000,-1,-1,-1
606,56,1040.38,147.02,61.56,145.39,1.0000,-1,-1,-1
606,64,596.95,262.57,58.29,135.18,1.0000,-1,-1,-1
606,71,714.95,352.94,84.55,153.36,1.0000,-1,-1,-1
606,73,572.22,410.32,80.97,199.70,1.0000,-1,-1,-1
606,74,679.00,356.93,70.89,150.09,1.0000,-1,-1,-1
606,75,409.20,362.65,73.50,175.86,1.0000,-1,-1,-1
606,76,451.55,247.53,55.16,144.78,1.0000,-1,-1,-1
606,77,1122.75,254.17,67.44,148.42,1.0000,-1,-1,-1
606,78,877.46,276.31,63.88,140.63,1.0000,-1,-1,-1
606,79,551.13,206.66,95.23,163.10,1.0000,-1,-1,-1
606,80,726.76,221.07,87.43,285.49,1.0000,-1,-1,-1
606,81,540.10,179.01,69.67,182.97,1.0000,-1,-1,-1
606,82,484.99,313.94,56.34,173.75,1.0000,-1,-1,-1
607,35,574.77,358.40,70.11,222.35,1.0000,-1,-1,-1
607,56,1040.30,147.34,61.07,144.43,1.0000,-1,-1,-1
607,64,595.66,261.50,58.21,135.00,1.0000,-1,-1,-1
607,71,716.45,353.74,84.66,153.57,1.0000,-1,-1,-1
607,73,567.67,375.73,85.67,224.01,1.0000,-1,-1,-1
607,74,679.32,358.53,71.30,150.97,1.0000,-1,-1,-1
607,75,407.22,361.20,73.45,173.90,1.0000,-1,-1,-1
607,76,451.15,247.84,55.16,144.78,1.0000,-1,-1,-1
607,77,1123.00,254.53,65.13,149.35,1.0000,-1,-1,-1
607,78,876.91,274.93,63.28,141.89,1.0000,-1,-1,-1
607,79,551.11,206.33,95.47,163.52,1.0000,-1,-1,-1
607,80,727.51,219.62,88.07,287.56,1.0000,-1,-1,-1
607,81,539.96,178.09,70.16,184.26,1.0000,-1,-1,-1
607,82,484.30,313.48,56.30,171.95,1.0000,-1,-1,-1
608,35,577.18,360.64,70.17,222.54,1.0000,-1,-1,-1
608,56,1040.06,147.60,60.59,143.80,1.0000,-1,-1,-1
608,64,594.37,260.43,58.14,134.82,1.0000,-1,-1,-1
608,71,717.96,354.54,84.78,153.78,1.0000,-1,-1,-1
608,73,563.94,358.37,88.83,242.89,1.0000,-1,-1,-1
608,74,679.11,359.73,72.01,151.19,1.0000,-1,-1,-1
608,75,405.33,359.57,74.83,171.53,1.0000,-1,-1,-1
608,76,450.75,248.16,55.16,144.78,1.0000,-1,-1,-1
608,77,1121.50,252.44,63.80,150.78,1.0000,-1,-1,-1
608,78,876.10,273.46,62.76,142.71,1.0000,-1,-1,-1
608,79,559.03,224.26,93.62,157.24,1.0000,-1,-1,-1
608,80,728.27,218.18,88.69,289.61,1.0000,-1,-1,-1
608,81,538.42,214.69,53.66,152.57,1.0000,-1,-1,-1
608,82,484.34,314.03,56.07,171.12,1.0000,-1,-1,-1
609,35,579.59,362.87,70.23,222.72,1.0000,-1,-1,-1
609,56,1039.72,148.20,60.19,143.05,1.0000,-1,-1,-1
609,64,593.09,259.36,58.06,134.65,1.0000,-1,-1,-1
609,71,719.46,355.33,84.90,154.00,1.0000,-1,-1,-1
609,73,560.52,358.22,89.11,243.65,1.0000,-1,-1,-1
609,74,678.67,360.10,72.41,151.29,1.0000,-1,-1,-1
609,75,403.00,357.90,76.49,168.52,1.0000,-1,-1,-1
609,76,450.35,248.47,55.16,144.77,1.0000,-1,-1,-1
609,77,1119.43,252.04,63.35,152.04,1.0000,-1,-1,-1
609,78,875.53,272.00,62.34,143.33,1.0000,-1,-1,-1
609,79,564.60,226.36,90.80,156.28,1.0000,-1,-1,-1
609,80,729.03,216.75,89.32,291.65,1.0000,-1,-1,-1
609,81,537.29,216.43,53.58,153.38,1.0000,-1,-1,-1
609,82,485.74,315.13,55.35,170.63,1.0000,-1,-1,-1
610,35,563.88,330.36,71.02,213.38,1.0000,-1,-1,-1
610,56,1038.72,149.20,60.91,143.19,1.0000,-1,-1,-1
610,64,591.80,258.30,57.98,134.47,1.0000,-1,-1,-1
610,71,720.97,356.13,85.01,154.21,1.0000,-1,-1,-1
610,73,547.89,414.86,91.47,216.37,1.0000,-1,-1,-1
610,74,678.58,359.14,71.63,151.80,1.0000,-1,-1,-1
610,75,400.91,354.04,77.58,164.97,1.0000,-1,-1,-1
610,76,449.95,248.78,55.16,144.77,1.0000,-1,-1,-1
610,77,1115.42,250.48,63.70,153.66,1.0000,-1,-1,-1
610,78,875.22,270.45,61.61,143.35,1.0000,-1,-1,-1
610,79,570.44,227.51,86.89,155.01,1.0000,-1,-1,-1
610,80,729.79,215.32,89.94,293.67,1.0000,-1,-1,-1
610,81,538.06,218.10,53.13,152.11,1.0000,-1,-1,-1
610,82,486.64,316.70,54.94,170.68,1.0000,-1,-1,-1
611,35,563.14,334.56,70.56,206.39,1.0000,-1,-1,-1
611,56,1037.22,149.72,61.98,143.20,1.0000,-1,-1,-1
611,64,590.51,257.23,57.91,134.29,1.0000,-1,-1,-1
611,71,722.47,356.92,85.13,154.42,1.0000,-1,-1,-1
611,73,543.77,418.53,91.73,216.98,1.0000,-1,-1,-1
611,74,679.19,358.50,70.99,152.64,1.0000,-1,-1,-1
611,75,399.81,351.61,77.74,163.69,1.0000,-1,-1,-1
611,77,1113.99,249.34,63.87,155.13,1.0000,-1,-1,-1
611,78,875.15,269.67,61.30,143.03,1.0000,-1,-1,-1
611,79,574.30,229.28,83.87,153.38,1.0000,-1,-1,-1
611,80,730.56,213.90,90.55,295.68,1.0000,-1,-1,-1
611,81,539.14,221.33,53.43,154.19,1.0000,-1,-1,-1
611,82,486.84,317.27,54.28,170.31,1.0000,-1,-1,-1
612,35,562.01,337.02,71.52,202.35,1.0000,-1,-1,-1
612,56,1035.68,149.86,63.50,143.24,1.0000,-1,-1,-1
612,64,589.22,256.16,57.83,134.11,1.0000,-1,-1,-1
612,71,723.98,357.72,85.25,154.63,1.0000,-1,-1,-1
612,73,539.65,422.21,91.99,217.60,1.0000,-1,-1,-1
612,74,681.06,358.39,70.95,154.01,1.0000,-1,-1,-1
612,75,399.51,350.22,77.86,163.54,1.0000,-1,-1,-1
612,77,1113.62,249.22,64.86,156.18,1.0000,-1,-1,-1
612,78,874.65,269.57,61.29,141.74,1.0000,-1,-1,-1
612,79,577.06,229.34,81.98,152.74,1.0000,-1,-1,-1
612,80,731.32,212.49,91.16,297.67,1.0000,-1,-1,-1
612,81,538.99,222.30,53.50,154.39,1.0000,-1,-1,-1
612,82,487.20,318.13,54.22,170.02,1.0000,-1,-1,-1
613,35,558.36,337.59,74.28,201.13,1.0000,-1,-1,-1
613,56,1034.18,150.01,65.06,143.15,1.0000,-1,-1,-1
613,64,587.93,255.09,57.75,133.94,1.0000,-1,-1,-1
613,71,725.48,358.52,85.36,154.84,1.0000,-1,-1,-1
613,73,535.53,425.88,92.25,218.21,1.0000,-1,-1,-1
613,74,683.02,358.79,72.68,156.05,1.0000,-1,-1,-1
613,75,401.98,347.71,76.55,164.61,1.0000,-1,-1,-1
613,77,1112.14,247.80,65.34,157.22,1.0000,-1,-1,-1
613,78,874.57,270.18,62.06,140.77,1.0000,-1,-1,-1
613,79,577.24,229.74,81.19,152.44,1.0000,-1,-1,-1
613,80,732.09,211.08,91.77,299.66,1.0000,-1,-1,-1
613,81,538.84,223.27,53.57,154.59,1.0000,-1,-1,-1
613,82,487.71,318.95,54.57,170.37,1.0000,-1,-1,-1
614,35,555.26,337.58,77.82,200.81,1.0000,-1,-1,-1
614,56,1033.05,149.95,67.00,142.99,1.0000,-1,-1,-1
614,64,586.64,254.03,57.68,133.76,1.0000,-1,-1,-1
614,71,726.99,359.31,85.48,155.05,1.0000,-1,-1,-1
614,73,531.41,429.55,92.50,218.81,1.0000,-1,-1,-1
614,74,682.76,360.40,73.65,158.72,1.0000,-1,-1,-1
614,75,405.70,345.66,74.54,165.96,1.0000,-1,-1,-1
614,77,1109.85,247.04,66.42,157.90,1.0000,-1,-1,-1
614,78,874.52,270.88,62.74,140.04,1.0000,-1,-1,-1
614,79,576.73,229.93,81.30,152.16,1.0000,-1,-1,-1
614,80,732.86,209.68,92.37,301.63,1.0000,-1,-1,-1
614,81,538.69,224.23,53.64,154.79,1.0000,-1,-1,-1
614,82,488.54,318.98,55.27,170.09,1.0000,-1,-1,-1
615,35,554.65,338.56,80.73,200.29,1.0000,-1,-1,-1
615,56,1031.95,150.44,69.68,142.11,1.0000,-1,-1,-1
615,64,585.35,252.96,57.60,133.58,1.0000,-1,-1,-1
615,71,728.49,360.11,85.60,155.26,1.0000,-1,-1,-1
615,73,511.02,441.39,91.03,193.67,1.0000,-1,-1,-1
615,74,682.59,365.43,74.43,162.39,1.0000,-1,-1,-1
615,75,410.98,341.84,72.40,167.50,1.0000,-1,-1,-1
615,77,1106.13,249.69,69.33,153.41,1.0000,-1,-1,-1
615,78,874.23,272.50,64.06,139.05,1.0000,-1,-1,-1
615,79,577.11,231.15,81.76,151.75,1.0000,-1,-1,-1
615,80,733.63,208.29,92.97,303.58,1.0000,-1,-1,-1
615,81,538.54,225.20,53.71,154.99,1.0000,-1,-1,-1
615,82,491.25,319.88,57.89,169.97,1.0000,-1,-1,-1
616,35,557.04,338.50,81.23,200.27,1.0000,-1,-1,-1
616,56,1031.33,150.72,71.59,141.30,1.0000,-1,-1,-1
616,64,584.06,251.89,57.52,133.40,1.0000,-1,-1,-1
616,71,730.00,360.91,85.71,155.48,1.0000,-1,-1,-1
616,73,500.29,452.38,96.14,179.38,1.0000,-1,-1,-1
616,74,682.87,368.39,76.01,164.41,1.0000,-1,-1,-1
616,75,414.33,339.30,70.84,168.20,1.0000,-1,-1,-1
616,77,1102.16,248.83,72.62,150.87,1.0000,-1,-1,-1
616,78,873.93,273.80,65.09,138.18,1.0000,-1,-1,-1
616,79,576.82,233.36,82.74,150.32,1.0000,-1,-1,-1
616,80,734.41,206.90,93.57,305.53,1.0000,-1,-1,-1
616,81,538.39,226.17,53.78,155.19,1.0000,-1,-1,-1
616,82,493.62,318.41,58.62,167.62,1.0000,-1,-1,-1
617,35,559.55,337.78,81.01,200.68,1.0000,-1,-1,-1
617,56,1031.38,151.57,73.46,140.50,1.0000,-1,-1,-1
617,64,582.78,250.82,57.45,133.22,1.0000,-1,-1,-1
617,71,731.50,361.71,85.83,155.69,1.0000,-1,-1,-1
617,73,494.64,455.82,96.36,179.79,1.0000,-1,-1,-1
617,74,680.70,372.26,78.94,164.71,1.0000,-1,-1,-1
617,75,416.24,338.03,69.97,168.60,1.0000,-1,-1,-1
617,77,1099.63,244.54,75.38,151.29,1.0000,-1,-1,-1
617,78,873.87,274.60,65.87,137.62,1.0000,-1,-1,-1
617,79,575.91,233.57,84.79,149.89,1.0000,-1,-1,-1
617,80,735.18,205.52,94.16,307.46,1.0000,-1,-1,-1
617,81,538.24,227.14,53.85,155.39,1.0000,-1,-1,-1
617,82,496.19,319.46,60.73,166.02,1.0000,-1,-1,-1
618,35,561.97,337.35,80.48,200.68,1.0000,-1,-1,-1
618,56,1031.26,152.08,74.86,140.18,1.0000,-1,-1,-1
618,64,581.49,249.76,57.37,133.04,1.0000,-1,-1,-1
618,71,733.01,362.50,85.94,155.90,1.0000,-1,-1,-1
618,73,488.99,459.25,96.57,180.19,1.0000,-1,-1,-1
618,74,677.35,375.60,82.52,165.12,1.0000,-1,-1,-1
618,75,419.35,336.69,68.58,168.12,1.0000,-1,-1,-1
618,77,1093.17,242.57,79.75,150.73,1.0000,-1,-1,-1
618,78,873.32,274.87,66.57,137.30,1.0000,-1,-1,-1
618,79,573.61,232.66,87.16,150.07,1.0000,-1,-1,-1
618,80,735.96,204.15,94.75,309.38,1.0000,-1,-1,-1
618,81,538.09,228.10,53.92,155.59,1.0000,-1,-1,-1
618,82,498.54,318.38,63.27,163.62,1.0000,-1,-1,-1
619,35,562.85,336.89,80.08,200.36,1.0000,-1,-1,-1
619,56,1031.31,152.28,75.85,139.77,1.0000,-1,-1,-1
619,64,580.20,248.69,57.29,132.86,1.0000,-1,-1,-1
619,71,734.51,363.30,86.06,156.10,1.0000,-1,-1,-1
619,73,483.34,462.69,96.79,180.59,1.0000,-1,-1,-1
619,74,674.46,379.14,85.72,165.50,1.0000,-1,-1,-1
619,75,422.33,335.41,67.81,167.11,1.0000,-1,-1,-1
619,77,1099.65,241.24,76.73,149.68,1.0000,-1,-1,-1
619,78,872.33,274.94,67.32,137.49,1.0000,-1,-1,-1
619,79,572.02,233.22,88.20,149.41,1.0000,-1,-1,-1
619,80,736.74,202.78,95.33,311.28,1.0000,-1,-1,-1
619,81,537.94,229.07,53.99,155.79,1.0000,-1,-1,-1
619,82,498.83,319.66,65.29,161.84,1.0000,-1,-1,-1
620,35,561.96,339.37,79.08,198.60,1.0000,-1,-1,-1
620,56,1029.28,152.88,74.85,139.63,1.0000,-1,-1,-1
620,64,578.91,247.62,57.21,132.68,1.0000,-1,-1,-1
620,71,736.02,364.10,86.18,156.31,1.0000,-1,-1,-1
620,73,477.69,466.12,97.01,180.99,1.0000,-1,-1,-1
620,74,669.92,384.54,90.05,168.11,1.0000,-1,-1,-1
620,75,424.95,329.25,68.95,163.23,1.0000,-1,-1,-1
620,77,1100.88,242.10,74.30,147.08,1.0000,-1,-1,-1
620,78,868.93,274.81,67.59,138.62,1.0000,-1,-1,-1
620,79,570.55,233.92,89.08,149.97,1.0000,-1,-1,-1
620,80,737.52,201.42,95.91,313.18,1.0000,-1,-1,-1
620,81,537.79,230.04,54.06,155.98,1.0000,-1,-1,-1
620,82,498.49,319.45,66.01,165.40,1.0000,-1,-1,-1
621,35,561.30,340.18,76.99,197.07,1.0000,-1,-1,-1
621,56,1027.84,154.05,73.64,139.12,1.0000,-1,-1,-1
621,64,577.62,246.56,57.14,132.50,1.0000,-1,-1,-1
621,71,737.52,364.90,86.29,156.52,1.0000,-1,-1,-1
621,73,472.05,469.56,97.22,181.39,1.0000,-1,-1,-1
621,74,666.52,387.50,93.59,171.76,1.0000,-1,-1,-1
621,75,427.43,326.12,70.89,160.81,1.0000,-1,-1,-1
621,77,1099.42,242.20,73.41,145.86,1.0000,-1,-1,-1
621,78,866.78,274.32,67.05,139.69,1.0000,-1,-1,-1
621,79,568.09,233.84,88.97,151.69,1.0000,-1,-1,-1
621,80,738.31,200.06,96.49,315.06,1.0000,-1,-1,-1
621,81,537.64,231.01,54.12,156.18,1.0000,-1,-1,-1
621,82,498.57,318.03,66.74,167.41,1.0000,-1,-1,-1
622,35,560.92,340.85,75.05,195.59,1.0000,-1,-1,-1
622,56,1027.38,154.37,72.83,139.15,1.0000,-1,-1,-1
622,64,576.34,245.49,57.06,132.32,1.0000,-1,-1,-1
622,71,739.03,365.69,86.41,156.73,1.0000,-1,-1,-1
622,73,466.40,473.00,97.43,181.79,1.0000,-1,-1,-1
622,74,662.74,389.01,96.74,173.59,1.0000,-1,-1,-1
622,75,429.41,323.72,71.61,159.66,1.0000,-1,-1,-1
622,77,1100.01,243.65,71.18,143.65,1.0000,-1,-1,-1
622,78,865.40,273.46,66.22,140.54,1.0000,-1,-1,-1
622,79,567.85,234.40,88.05,153.61,1.0000,-1,-1,-1
622,80,739.09,198.71,97.06,316.94,1.0000,-1,-1,-1
622,81,537.50,231.98,54.19,156.38,1.0000,-1,-1,-1
622,82,498.30,318.26,66.94,168.42,1.0000,-1,-1,-1
623,35,560.14,340.28,73.31,195.04,1.0000,-1,-1,-1
623,56,1026.32,154.24,72.45,139.28,1.0000,-1,-1,-1
623,64,575.05,244.43,56.98,132.14,1.0000,-1,-1,-1
623,71,740.53,366.49,86.52,156.94,1.0000,-1,-1,-1
623,73,460.75,476.44,97.65,182.19,1.0000,-1,-1,-1
623,74,658.53,390.90,98.73,174.07,1.0000,-1,-1,-1
623,75,432.53,320.25,73.26,160.35,1.0000,-1,-1,-1
623,77,1099.45,245.32,68.48,140.79,1.0000,-1,-1,-1
623,78,864.81,272.67,65.25,141.13,1.0000,-1,-1,-1
623,79,566.91,235.55,85.78,155.80,1.0000,-1,-1,-1
623,80,739.88,197.36,97.63,318.80,1.0000,-1,-1,-1
623,81,537.35,232.94,54.26,156.58,1.0000,-1,-1,-1
623,82,498.43,317.82,67.21,169.28,1.0000,-1,-1,-1
624,35,560.20,340.00,71.09,194.88,1.0000,-1,-1,-1
624,56,1026.25,154.02,72.29,139.40,1.0000,-1,-1,-1
624,64,573.76,243.36,56.90,131.96,1.0000,-1,-1,-1
624,71,742.04,367.29,86.64,157.15,1.0000,-1,-1,-1
624,73,455.10,479.87,97.86,182.59,1.0000,-1,-1,-1
624,74,653.30,391.49,99.33,174.24,1.0000,-1,-1,-1
624,75,437.35,318.34,75.53,161.40,1.0000,-1,-1,-1
624,77,1097.74,244.81,66.54,139.65,1.0000,-1,-1,-1
624,78,864.68,271.18,64.32,141.97,1.0000,-1,-1,-1
624,79,566.55,236.20,83.40,158.29,1.0000,-1,-1,-1
624,81,537.20,233.91,54.33,156.78,1.0000,-1,-1,-1
624,82,498.72,317.97,67.33,169.41,1.0000,-1,-1,-1
624,84,429.70,472.79,64.43,145.68,1.0000,-1,-1,-1
625,35,556.30,340.34,68.50,194.78,1.0000,-1,-1,-1
625,56,1025.88,153.84,71.15,139.36,1.0000,-1,-1,-1
625,64,572.47,242.29,56.82,131.78,1.0000,-1,-1,-1
625,71,743.55,368.09,86.75,157.36,1.0000,-1,-1,-1
625,73,449.46,483.31,98.07,182.99,1.0000,-1,-1,-1
625,74,645.53,391.06,95.71,174.60,1.0000,-1,-1,-1
625,75,443.03,316.56,75.25,162.57,1.0000,-1,-1,-1
625,77,1092.33,244.83,66.60,138.83,1.0000,-1,-1,-1
625,78,864.44,268.36,63.58,143.55,1.0000,-1,-1,-1
625,79,566.52,236.79,80.61,159.52,1.0000,-1,-1,-1
625,81,537.05,234.88,54.40,156.97,1.0000,-1,-1,-1
625,82,499.38,317.75,67.44,169.67,1.0000,-1,-1,-1
625,84,420.56,472.64,65.95,146.80,1.0000,-1,-1,-1
626,35,554.47,340.43,67.67,194.64,1.0000,-1,-1,-1
626,56,1025.46,154.15,68.67,139.40,1.0000,-1,-1,-1
626,64,571.18,241.23,56.75,131.60,1.0000,-1,-1,-1
626,71,745.05,368.89,86.86,157.56,1.0000,-1,-1,-1
626,73,443.81,486.75,98.29,183.38,1.0000,-1,-1,-1
626,74,638.50,390.09,90.77,174.34,1.0000,-1,-1,-1
626,75,448.14,315.47,74.37,163.29,1.0000,-1,-1,-1
626,77,1089.72,243.89,66.46,139.25,1.0000,-1,-1,-1
626,78,864.09,265.75,63.34,145.07,1.0000,-1,-1,-1
626,79,566.40,235.95,78.72,160.63,1.0000,-1,-1,-1
626,81,536.90,235.85,54.47,157.17,1.0000,-1,-1,-1
626,82,500.05,317.52,67.55,169.94,1.0000,-1,-1,-1
626,84,410.33,474.78,67.95,145.74,1.0000,-1,-1,-1
627,35,553.62,340.58,67.08,194.39,1.0000,-1,-1,-1
627,56,1026.31,154.55,65.78,139.42,1.0000,-1,-1,-1
627,64,569.90,240.16,56.67,131.42,1.0000,-1,-1,-1
627,71,746.56,369.69,86.98,157.77,1.0000,-1,-1,-1
627,73,438.16,490.19,98.50,183.78,1.0000,-1,-1,-1
627,74,632.38,389.28,86.53,174.43,1.0000,-1,-1,-1
627,75,456.37,315.79,74.81,163.40,1.0000,-1,-1,-1
627,77,1086.95,243.75,66.66,139.53,1.0000,-1,-1,-1
627,78,863.82,264.06,63.35,146.01,1.0000,-1,-1,-1
627,79,567.75,237.55,77.03,160.53,1.0000,-1,-1,-1
627,81,536.75,236.82,54.54,157.37,1.0000,-1,-1,-1
627,82,500.72,317.30,67.65,170.21,1.0000,-1,-1,-1
627,84,403.12,476.81,68.08,143.69,1.0000,-1,-1,-1
628,35,554.68,341.36,66.09,194.28,1.0000,-1,-1,-1
628,56,1026.76,154.77,63.72,139.74,1.0000,-1,-1,-1
628,64,568.61,239.10,56.59,131.24,1.0000,-1,-1,-1
628,71,748.06,370.48,87.09,157.98,1.0000,-1,-1,-1
628,73,432.52,493.63,98.71,184.17,1.0000,-1,-1,-1
628,74,627.94,388.78,80.46,174.47,1.0000,-1,-1,-1
628,75,460.51,317.70,74.22,161.38,1.0000,-1,-1,-1
628,77,1083.98,243.91,66.15,139.79,1.0000,-1,-1,-1
628,78,863.15,262.86,63.38,145.93,1.0000,-1,-1,-1
628,79,567.59,238.16,76.22,160.32,1.0000,-1,-1,-1
628,81,536.60,237.79,54.60,157.56,1.0000,-1,-1,-1
628,82,501.39,317.08,67.76,170.47,1.0000,-1,-1,-1
628,84,396.32,480.60,68.13,139.75,1.0000,-1,-1,-1
629,35,556.45,342.05,64.74,194.08,1.0000,-1,-1,-1
629,56,1027.67,155.00,61.99,140.29,1.0000,-1,-1,-1
629,64,567.32,238.03,56.51,131.05,1.0000,-1,-1,-1
629,71,749.57,371.28,87.21,158.19,1.0000,-1,-1,-1
629,73,426.87,497.07,98.92,184.57,1.0000,-1,-1,-1
629,74,623.36,387.76,74.99,174.66,1.0000,-1,-1,-1
629,75,463.09,320.19,75.30,159.95,1.0000,-1,-1,-1
629,77,1083.72,245.02,64.15,139.43,1.0000,-1,-1,-1
629,78,862.66,262.04,63.95,145.45,1.0000,-1,-1,-1
629,79,566.89,237.53,75.82,160.86,1.0000,-1,-1,-1
629,81,536.45,238.75,54.67,157.76,1.0000,-1,-1,-1
629,82,502.05,316.85,67.86,170.74,1.0000,-1,-1,-1
629,84,388.85,484.98,69.24,138.93,1.0000,-1,-1,-1
630,35,559.42,344.55,62.63,192.68,1.0000,-1,-1,-1
630,56,1026.12,154.64,61.76,141.13,1.0000,-1,-1,-1
630,64,566.03,236.96,56.43,130.87,1.0000,-1,-1,-1
630,71,751.08,372.08,87.32,158.39,1.0000,-1,-1,-1
630,73,421.22,500.51,99.13,184.96,1.0000,-1,-1,-1
630,74,617.82,389.08,72.21,174.67,1.0000,-1,-1,-1
630,75,468.31,319.05,82.94,162.83,1.0000,-1,-1,-1
630,77,1077.39,244.13,65.54,140.38,1.0000,-1,-1,-1
630,78,862.14,260.75,66.90,143.01,1.0000,-1,-1,-1
630,79,565.39,235.91,75.36,161.65,1.0000,-1,-1,-1
630,81,536.31,239.72,54.74,157.96,1.0000,-1,-1,-1
630,82,502.72,316.63,67.97,171.00,1.0000,-1,-1,-1
630,84,377.94,489.44,69.21,134.57,1.0000,-1,-1,-1
631,35,559.75,345.52,61.08,192.19,1.0000,-1,-1,-1
631,56,1023.46,154.47,63.16,141.81,1.0000,-1,-1,-1
631,64,564.74,235.90,56.35,130.69,1.0000,-1,-1,-1
631,71,752.58,372.88,87.43,158.60,1.0000,-1,-1,-1
631,73,415.58,503.95,99.34,185.35,1.0000,-1,-1,-1
631,74,612.97,389.94,71.23,174.00,1.0000,-1,-1,-1
631,75,469.52,317.69,88.38,165.23,1.0000,-1,-1,-1
631,77,1073.51,245.78,66.59,139.77,1.0000,-1,-1,-1
631,78,861.32,261.28,69.60,141.20,1.0000,-1,-1,-1
631,79,564.29,234.18,75.68,162.45,1.0000,-1,-1,-1
631,81,536.16,240.69,54.81,158.15,1.0000,-1,-1,-1
631,82,503.39,316.41,68.07,171.27,1.0000,-1,-1,-1
631,84,371.21,492.52,67.70,132.08,1.0000,-1,-1,-1
632,35,560.11,345.37,60.12,192.24,1.0000,-1,-1,-1
632,56,1022.75,154.68,63.16,141.82,1.0000,-1,-1,-1
632,64,563.46,234.83,56.28,130.51,1.0000,-1,-1,-1
632,71,754.09,373.68,87.55,158.80,1.0000,-1,-1,-1
632,73,409.93,507.39,99.55,185.74,1.0000,-1,-1,-1
632,74,605.73,390.41,72.48,173.64,1.0000,-1,-1,-1
632,75,471.59,316.85,91.73,167.88,1.0000,-1,-1,-1
632,77,1070.74,247.81,67.63,138.41,1.0000,-1,-1,-1
632,78,859.84,261.49,72.01,139.08,1.0000,-1,-1,-1
632,79,563.35,232.97,75.78,162.88,1.0000,-1,-1,-1
632,81,536.01,241.66,54.88,158.35,1.0000,-1,-1,-1
632,82,504.06,316.18,68.18,171.53,1.0000,-1,-1,-1
632,84,364.37,493.28,65.56,131.39,1.0000,-1,-1,-1
633,35,557.43,345.07,60.10,193.09,1.0000,-1,-1,-1
633,56,1017.36,154.39,65.16,142.05,1.0000,-1,-1,-1
633,71,755.60,374.48,87.66,159.01,1.0000,-1,-1,-1
633,73,404.29,510.84,99.76,186.13,1.0000,-1,-1,-1
633,74,596.53,390.54,77.57,173.48,1.0000,-1,-1,-1
633,75,474.57,315.67,91.80,168.00,1.0000,-1,-1,-1
633,77,1068.96,248.73,68.48,137.66,1.0000,-1,-1,-1
633,78,857.10,262.97,74.79,139.34,1.0000,-1,-1,-1
633,79,562.72,233.23,75.79,162.91,1.0000,-1,-1,-1
633,81,535.86,242.63,54.94,158.54,1.0000,-1,-1,-1
633,82,504.73,315.96,68.28,171.80,1.0000,-1,-1,-1
633,84,355.15,493.50,64.30,131.37,1.0000,-1,-1,-1
634,35,557.01,345.29,60.06,192.96,1.0000,-1,-1,-1
634,56,1018.68,152.79,64.24,140.66,1.0000,-1,-1,-1
634,71,757.10,375.28,87.78,159.22,1.0000,-1,-1,-1
634,73,398.64,514.28,99.97,186.52,1.0000,-1,-1,-1
634,74,596.85,388.49,78.28,172.14,1.0000,-1,-1,-1
634,75,477.55,314.49,91.87,168.13,1.0000,-1,-1,-1
634,77,1066.76,248.69,68.45,137.61,1.0000,-1,-1,-1
634,78,853.55,263.93,77.64,140.23,1.0000,-1,-1,-1
634,79,560.66,228.07,75.82,160.36,1.0000,-1,-1,-1
634,81,535.71,243.60,55.01,158.74,1.0000,-1,-1,-1
634,82,505.39,315.74,68.39,172.06,1.0000,-1,-1,-1
634,84,347.33,493.87,63.20,131.29,1.0000,-1,-1,-1
635,35,556.59,345.52,60.02,192.83,1.0000,-1,-1,-1
635,56,1015.35,153.21,65.79,142.31,1.0000,-1,-1,-1
635,71,758.61,376.08,87.89,159.42,1.0000,-1,-1,-1
635,73,393.00,517.72,100.17,186.91,1.0000,-1,-1,-1
635,74,586.03,388.68,85.06,171.78,1.0000,-1,-1,-1
635,75,480.53,313.31,91.94,168.26,1.0000,-1,-1,-1
635,77,1057.06,252.40,73.88,131.68,1.0000,-1,-1,-1
635,78,844.24,264.01,80.29,140.16,1.0000,-1,-1,-1
635,79,557.54,223.19,73.61,151.31,1.0000,-1,-1,-1
635,81,535.56,244.57,55.08,158.93,1.0000,-1,-1,-1
635,82,507.24,319.47,64.28,172.34,1.0000,-1,-1,-1
635,84,337.19,492.87,64.42,131.67,1.0000,-1,-1,-1
636,35,556.16,345.75,59.98,192.70,1.0000,-1,-1,-1
636,56,1012.82,152.53,66.95,143.11,1.0000,-1,-1,-1
636,71,760.11,376.88,88.00,159.63,1.0000,-1,-1,-1
636,73,387.35,521.16,100.38,187.30,1.0000,-1,-1,-1
636,74,573.67,390.56,93.49,170.36,1.0000,-1,-1,-1
636,75,483.51,312.13,92.01,168.39,1.0000,-1,-1,-1
636,77,1047.60,254.41,80.16,127.57,1.0000,-1,-1,-1
636,78,837.85,264.15,81.67,140.08,1.0000,-1,-1,-1
636,79,556.87,222.90,73.29,146.18,1.0000,-1,-1,-1
636,81,535.41,245.54,55.15,159.13,1.0000,-1,-1,-1
636,82,506.34,319.96,65.62,173.98,1.0000,-1,-1,-1
636,84,329.40,494.30,65.14,131.71,1.0000,-1,-1,-1
637,35,555.74,345.97,59.94,192.56,1.0000,-1,-1,-1
637,56,1014.43,151.43,65.87,143.48,1.0000,-1,-1,-1
637,73,381.71,524.61,100.59,187.68,1.0000,-1,-1,-1
637,74,565.86,392.90,100.22,168.04,1.0000,-1,-1,-1
637,75,486.49,310.96,92.08,168.52,1.0000,-1,-1,-1
637,77,1041.34,248.52,84.98,129.37,1.0000,-1,-1,-1
637,78,834.17,263.88,82.23,139.76,1.0000,-1,-1,-1
637,79,555.20,221.89,71.30,140.19,1.0000,-1,-1,-1
637,81,535.27,246.51,55.21,159.32,1.0000,-1,-1,-1
637,82,508.70,319.65,63.98,174.56,1.0000,-1,-1,-1
637,84,321.44,495.20,65.13,131.70,1.0000,-1,-1,-1
638,35,555.31,346.20,59.90,192.43,1.0000,-1,-1,-1
638,56,1018.30,150.88,63.56,143.50,1.0000,-1,-1,-1
638,73,376.06,528.05,100.80,188.07,1.0000,-1,-1,-1
638,74,560.88,364.38,105.68,183.85,1.0000,-1,-1,-1
638,75,489.47,309.78,92.15,168.64,1.0000,-1,-1,-1
638,77,1033.34,247.76,90.77,128.83,1.0000,-1,-1,-1
638,78,831.98,263.44,82.20,139.61,1.0000,-1,-1,-1
638,79,554.93,221.64,71.18,135.97,1.0000,-1,-1,-1
638,81,535.12,247.48,55.28,159.52,1.0000,-1,-1,-1
638,82,509.40,319.72,62.97,175.04,1.0000,-1,-1,-1
638,84,316.97,493.97,68.02,131.77,1.0000,-1,-1,-1
639,35,554.89,346.43,59.86,192.30,1.0000,-1,-1,-1
639,56,1017.72,150.78,63.57,143.52,1.0000,-1,-1,-1
639,73,370.42,531.50,101.00,188.45,1.0000,-1,-1,-1
639,74,557.91,381.55,106.52,177.03,1.0000,-1,-1,-1
639,75,492.45,308.60,92.22,168.77,1.0000,-1,-1,-1
639,77,1030.08,247.19,90.86,128.95,1.0000,-1,-1,-1
639,78,831.40,262.91,81.76,139.40,1.0000,-1,-1,-1
639,79,554.37,222.08,70.53,131.49,1.0000,-1,-1,-1
639,81,534.97,248.45,55.35,159.71,1.0000,-1,-1,-1
639,82,508.11,319.04,64.00,175.25,1.0000,-1,-1,-1
639,84,309.44,494.57,68.11,131.94,1.0000,-1,-1,-1
640,35,554.47,346.66,59.81,192.17,1.0000,-1,-1,-1
640,56,1017.10,150.76,62.43,143.61,1.0000,-1,-1,-1
640,73,364.78,534.94,101.21,188.84,1.0000,-1,-1,-1
640,74,550.25,361.08,102.53,187.16,1.0000,-1,-1,-1
640,75,495.43,307.42,92.29,168.90,1.0000,-1,-1,-1
640,77,1026.81,246.62,90.95,129.08,1.0000,-1,-1,-1
640,78,831.27,262.24,81.56,139.19,1.0000,-1,-1,-1
640,79,552.94,223.09,68.26,130.13,1.0000,-1,-1,-1
640,81,534.82,249.42,55.41,159.90,1.0000,-1,-1,-1
640,82,506.52,319.17,63.38,174.96,1.0000,-1,-1,-1
640,84,301.91,495.17,68.20,132.12,1.0000,-1,-1,-1
641,35,560.68,390.27,69.19,171.41,1.0000,-1,-1,-1
641,56,1014.06,150.77,63.28,143.83,1.0000,-1,-1,-1
641,73,359.13,538.39,101.41,189.22,1.0000,-1,-1,-1
641,74,545.30,359.69,102.70,187.47,1.0000,-1,-1,-1
641,75,498.41,306.24,92.36,169.03,1.0000,-1,-1,-1
641,77,1023.54,246.05,91.04,129.21,1.0000,-1,-1,-1
641,78,831.26,262.04,81.49,139.15,1.0000,-1,-1,-1
641,79,552.87,224.29,66.30,129.33,1.0000,-1,-1,-1
641,81,534.67,250.39,55.48,160.10,1.0000,-1,-1,-1
641,82,507.30,318.94,61.76,173.90,1.0000,-1,-1,-1
641,84,294.38,495.78,68.29,132.30,1.0000,-1,-1,-1
642,35,561.02,392.72,69.15,171.32,1.0000,-1,-1,-1
642,56,1012.89,150.57,64.19,144.05,1.0000,-1,-1,-1
642,73,353.49,541.83,101.62,189.60,1.0000,-1,-1,-1
642,74,541.22,352.41,91.57,193.72,1.0000,-1,-1,-1
642,75,501.39,305.06,92.43,169.15,1.0000,-1,-1,-1
642,77,1020.27,245.48,91.13,129.34,1.0000,-1,-1,-1
642,78,831.98,261.90,81.70,139.01,1.0000,-1,-1,-1
642,79,553.93,226.19,64.93,129.06,1.0000,-1,-1,-1
642,81,534.53,251.36,55.55,160.29,1.0000,-1,-1,-1
642,82,507.76,318.86,61.21,172.91,1.0000,-1,-1,-1
642,84,286.85,496.38,68.38,132.47,1.0000,-1,-1,-1
643,35,561.36,395.17,69.11,171.23,1.0000,-1,-1,-1
643,56,1012.09,150.49,64.20,144.07,1.0000,-1,-1,-1
643,73,347.85,545.28,101.82,189.99,1.0000,-1,-1,-1
643,74,535.88,350.79,91.69,193.97,1.0000,-1,-1,-1
643,75,504.37,303.88,92.50,169.28,1.0000,-1,-1,-1
643,77,1017.00,244.91,91.22,129.47,1.0000,-1,-1,-1
643,78,832.94,262.09,81.67,138.69,1.0000,-1,-1,-1
643,79,554.42,228.17,64.89,130.71,1.0000,-1,-1,-1
643,81,534.38,252.33,55.62,160.48,1.0000,-1,-1,-1
643,82,507.71,319.38,60.66,172.31,1.0000,-1,-1,-1
643,84,279.32,496.99,68.47,132.65,1.0000,-1,-1,-1
643,85,610.53,306.96,51.61,164.61,1.0000,-1,-1,-1
644,35,561.71,397.61,69.08,171.14,1.0000,-1,-1,-1
644,56,1011.28,150.41,64.21,144.10,1.0000,-1,-1,-1
644,73,342.20,548.72,102.03,190.37,1.0000,-1,-1,-1
644,74,530.54,349.18,91.81,194.22,1.0000,-1,-1,-1
644,75,507.34,302.71,92.57,169.41,1.0000,-1,-1,-1
644,77,1029.72,246.20,87.16,127.35,1.0000,-1,-1,-1
644,78,833.63,262.29,81.68,138.29,1.0000,-1,-1,-1
644,79,554.77,229.14,64.06,131.42,1.0000,-1,-1,-1
644,81,534.23,253.30,55.68,160.68,1.0000,-1,-1,-1
644,82,507.29,319.45,60.58,171.64,1.0000,-1,-1,-1
644,84,271.78,497.59,68.57,132.83,1.0000,-1,-1,-1
644,85,613.98,303.66,54.48,173.77,1.0000,-1,-1,-1
645,35,562.05,400.06,69.04,171.05,1.0000,-1,-1,-1
645,56,1013.94,148.02,64.96,145.97,1.0000,-1,-1,-1
645,73,336.56,552.17,102.23,190.75,1.0000,-1,-1,-1
645,74,525.20,347.56,91.93,194.47,1.0000,-1,-1,-1
645,75,510.32,301.53,92.64,169.53,1.0000,-1,-1,-1
645,77,1027.39,247.06,87.72,127.66,1.0000,-1,-1,-1
645,78,834.99,261.40,82.03,137.87,1.0000,-1,-1,-1
645,79,554.02,228.89,63.87,131.03,1.0000,-1,-1,-1
645,81,534.08,254.27,55.75,160.87,1.0000,-1,-1,-1
645,82,506.46,318.52,59.48,170.31,1.0000,-1,-1,-1
645,84,264.25,498.20,68.66,133.00,1.0000,-1,-1,-1
645,85,625.62,296.67,60.06,174.99,1.0000,-1,-1,-1
646,35,562.39,402.51,69.01,170.96,1.0000,-1,-1,-1
646,56,1008.77,145.54,66.20,145.47,1.0000,-1,-1,-1
646,73,330.92,555.62,102.44,191.13,1.0000,-1,-1,-1
646,74,519.87,345.95,92.04,194.72,1.0000,-1,-1,-1
646,75,513.30,300.35,92.71,169.66,1.0000,-1,-1,-1
646,77,1028.23,248.17,88.86,126.17,1.0000,-1,-1,-1
646,78,835.84,260.45,82.15,137.50,1.0000,-1,-1,-1
646,79,560.24,225.53,62.69,127.48,1.0000,-1,-1,-1
646,81,533.93,255.24,55.82,161.06,1.0000,-1,-1,-1
646,82,505.80,317.08,58.32,169.93,1.0000,-1,-1,-1
646,84,262.25,506.29,80.56,171.96,1.0000,-1,-1,-1
646,85,628.07,290.23,66.60,177.27,1.0000,-1,-1,-1
647,35,562.73,404.95,68.97,170.87,1.0000,-1,-1,-1
647,56,1005.87,143.21,68.20,144.42,1.0000,-1,-1,-1
647,73,325.28,559.06,102.64,191.51,1.0000,-1,-1,-1
647,74,514.53,344.33,92.16,194.97,1.0000,-1,-1,-1
647,75,516.28,299.17,92.78,169.79,1.0000,-1,-1,-1
647,77,1028.95,247.70,89.73,125.57,1.0000,-1,-1,-1
647,78,835.73,258.86,82.00,137.07,1.0000,-1,-1,-1
647,79,563.06,224.76,62.45,127.86,1.0000,-1,-1,-1
647,81,533.79,256.22,55.88,161.25,1.0000,-1,-1,-1
647,82,505.95,314.14,57.09,169.76,1.0000,-1,-1,-1
647,84,265.20,494.36,75.44,153.74,1.0000,-1,-1,-1
647,85,631.99,284.80,72.15,181.10,1.0000,-1,-1,-1
648,35,561.77,335.83,66.92,180.49,1.0000,-1,-1,-1
648,56,1003.34,142.72,69.71,144.48,1.0000,-1,-1,-1
648,73,319.63,562.51,102.84,191.89,1.0000,-1,-1,-1
648,74,509.19,342.72,92.28,195.22,1.0000,-1,-1,-1
648,75,519.26,297.99,92.85,169.91,1.0000,-1,-1,-1
648,77,1028.23,250.24,89.83,122.73,1.0000,-1,-1,-1
648,78,835.80,256.93,81.82,137.16,1.0000,-1,-1,-1
648,79,565.94,223.58,62.15,128.65,1.0000,-1,-1,-1
648,81,533.64,257.19,55.95,161.45,1.0000,-1,-1,-1
648,82,506.55,313.23,55.91,169.07,1.0000,-1,-1,-1
648,84,263.69,491.73,74.78,145.45,1.0000,-1,-1,-1
648,85,637.78,278.71,79.07,180.81,1.0000,-1,-1,-1
649,35,561.78,329.88,65.67,181.92,1.0000,-1,-1,-1
649,56,1001.91,141.98,70.50,143.94,1.0000,-1,-1,-1
649,73,313.99,565.96,103.04,192.26,1.0000,-1,-1,-1
649,74,502.70,380.60,87.62,175.24,1.0000,-1,-1,-1
649,75,522.24,296.82,92.92,170.04,1.0000,-1,-1,-1
649,77,1027.85,252.76,88.74,119.92,1.0000,-1,-1,-1
649,78,836.20,255.93,81.84,137.24,1.0000,-1,-1,-1
649,79,566.28,222.96,61.94,128.22,1.0000,-1,-1,-1
649,81,533.49,258.16,56.02,161.64,1.0000,-1,-1,-1
649,82,507.64,312.95,54.92,169.13,1.0000,-1,-1,-1
649,84,263.48,491.79,74.05,140.22,1.0000,-1,-1,-1
649,85,640.93,275.70,82.43,178.71,1.0000,-1,-1,-1
650,35,563.18,327.81,66.06,184.51,1.0000,-1,-1,-1
650,56,1001.37,142.56,70.09,143.93,1.0000,-1,-1,-1
650,73,308.35,569.41,103.25,192.64,1.0000,-1,-1,-1
650,74,495.32,392.22,91.86,161.85,1.0000,-1,-1,-1
650,75,525.22,295.64,92.99,170.17,1.0000,-1,-1,-1
650,77,1027.64,257.05,86.63,116.54,1.0000,-1,-1,-1
650,78,837.68,257.69,81.69,136.73,1.0000,-1,-1,-1
650,79,566.61,222.35,61.73,127.79,1.0000,-1,-1,-1
650,81,533.34,259.13,56.08,161.83,1.0000,-1,-1,-1
650,82,505.26,324.61,67.70,192.02,1.0000,-1,-1,-1
650,84,263.68,493.99,72.92,135.98,1.0000,-1,-1,-1
650,85,660.73,275.52,78.64,174.60,1.0000,-1,-1,-1
651,35,564.33,327.77,65.86,186.07,1.0000,-1,-1,-1
651,56,1001.50,143.92,69.54,143.97,1.0000,-1,-1,-1
651,73,302.71,572.86,103.45,193.02,1.0000,-1,-1,-1
651,74,491.62,387.82,94.62,163.06,1.0000,-1,-1,-1
651,75,528.20,294.46,93.06,170.29,1.0000,-1,-1,-1
651,77,1028.68,261.66,85.28,115.93,1.0000,-1,-1,-1
651,78,839.06,258.80,81.84,136.42,1.0000,-1,-1,-1
651,79,566.95,221.74,61.52,127.36,1.0000,-1,-1,-1
651,81,533.19,260.10,56.15,162.02,1.0000,-1,-1,-1
651,82,505.50,326.00,67.82,192.38,1.0000,-1,-1,-1
651,84,264.39,495.64,71.70,132.91,1.0000,-1,-1,-1
651,85,685.10,277.98,69.41,169.99,1.0000,-1,-1,-1
652,35,565.13,327.03,65.66,188.22,1.0000,-1,-1,-1
652,56,1002.43,143.68,68.33,144.17,1.0000,-1,-1,-1
652,73,297.07,576.31,103.65,193.39,1.0000,-1,-1,-1
652,74,487.94,353.11,98.39,183.10,1.0000,-1,-1,-1
652,75,531.18,293.28,93.13,170.42,1.0000,-1,-1,-1
652,77,1029.63,264.23,84.42,116.89,1.0000,-1,-1,-1
652,78,839.72,259.09,82.04,136.22,1.0000,-1,-1,-1
652,79,567.28,221.13,61.32,126.92,1.0000,-1,-1,-1
652,81,533.05,261.07,56.21,162.21,1.0000,-1,-1,-1
652,82,505.74,327.39,67.95,192.75,1.0000,-1,-1,-1
652,84,259.96,495.32,71.82,133.13,1.0000,-1,-1,-1
652,85,701.85,279.16,63.13,165.08,1.0000,-1,-1,-1
653,35,565.49,325.23,65.64,188.17,1.0000,-1,-1,-1
653,56,1003.26,143.44,67.11,144.18,1.0000,-1,-1,-1
653,73,291.43,579.76,103.85,193.77,1.0000,-1,-1,-1
653,74,487.02,336.59,99.65,197.39,1.0000,-1,-1,-1
653,75,534.16,292.10,93.19,170.55,1.0000,-1,-1,-1
653,77,1030.37,264.09,83.94,119.38,1.0000,-1,-1,-1
653,78,841.04,258.45,82.46,136.69,1.0000,-1,-1,-1
653,79,567.61,220.52,61.11,126.49,1.0000,-1,-1,-1
653,81,532.90,262.04,56.28,162.40,1.0000,-1,-1,-1
653,82,505.98,328.79,68.08,193.11,1.0000,-1,-1,-1
653,84,255.54,495.00,71.94,133.36,1.0000,-1,-1,-1
653,85,716.26,281.65,58.47,159.51,1.0000,-1,-1,-1
654,35,565.84,323.43,65.63,188.12,1.0000,-1,-1,-1
654,56,1003.17,143.57,65.93,143.56,1.0000,-1,-1,-1
654,73,285.79,583.21,104.05,194.14,1.0000,-1,-1,-1
654,74,487.43,327.22,100.14,207.56,1.0000,-1,-1,-1
654,75,537.14,290.93,93.26,170.67,1.0000,-1,-1,-1
654,77,1030.71,263.04,84.01,121.50,1.0000,-1,-1,-1
654,78,842.47,256.71,81.83,137.20,1.0000,-1,-1,-1
654,79,567.95,219.91,60.89,126.05,1.0000,-1,-1,-1
654,81,532.75,263.02,56.35,162.59,1.0000,-1,-1,-1
654,82,499.37,373.53,81.26,176.99,1.0000,-1,-1,-1
654,84,262.83,514.35,71.34,153.64,1.0000,-1,-1,-1
654,85,729.38,285.13,55.81,154.89,1.0000,-1,-1,-1
655,35,566.19,321.62,65.61,188.07,1.0000,-1,-1,-1
655,56,1004.85,142.60,63.97,142.34,1.0000,-1,-1,-1
655,73,280.15,586.66,104.25,194.51,1.0000,-1,-1,-1
655,74,483.32,324.41,100.32,207.92,1.0000,-1,-1,-1
655,75,540.12,289.75,93.33,170.80,1.0000,-1,-1,-1
655,77,1031.61,257.64,84.25,124.72,1.0000,-1,-1,-1
655,78,842.46,255.75,78.39,137.29,1.0000,-1,-1,-1
655,79,578.59,228.51,67.97,146.35,1.0000,-1,-1,-1
655,81,532.60,263.99,56.41,162.78,1.0000,-1,-1,-1
655,82,496.38,387.02,84.94,165.56,1.0000,-1,-1,-1
655,84,259.30,516.39,71.59,154.18,1.0000,-1,-1,-1
655,85,740.94,289.29,60.07,148.16,1.0000,-1,-1,-1
656,35,578.92,324.73,70.94,185.90,1.0000,-1,-1,-1
656,56,1006.56,142.52,62.31,141.19,1.0000,-1,-1,-1
656,73,274.50,590.11,104.45,194.89,1.0000,-1,-1,-1
656,74,479.20,321.61,100.49,208.28,1.0000,-1,-1,-1
656,75,543.10,288.57,93.40,170.92,1.0000,-1,-1,-1
656,77,1030.92,257.95,84.27,124.76,1.0000,-1,-1,-1
656,78,844.19,256.23,74.81,137.20,1.0000,-1,-1,-1
656,79,579.84,229.15,67.89,146.18,1.0000,-1,-1,-1
656,81,532.46,264.96,56.48,162.97,1.0000,-1,-1,-1
656,82,494.47,389.76,85.33,161.48,1.0000,-1,-1,-1
656,84,255.78,518.43,71.84,154.71,1.0000,-1,-1,-1
656,85,747.91,293.39,66.76,142.60,1.0000,-1,-1,-1
656,86,665.47,290.82,69.55,145.34,1.0000,-1,-1,-1
657,35,578.74,324.34,74.28,185.25,1.0000,-1,-1,-1
657,56,1008.53,143.93,60.43,140.45,1.0000,-1,-1,-1
657,73,268.86,593.56,104.65,195.26,1.0000,-1,-1,-1
657,74,475.09,318.81,100.66,208.64,1.0000,-1,-1,-1
657,75,546.08,287.39,93.47,171.05,1.0000,-1,-1,-1
657,77,1030.23,258.26,84.29,124.79,1.0000,-1,-1,-1
657,78,846.05,257.94,72.17,136.82,1.0000,-1,-1,-1
657,79,581.09,229.79,67.81,146.01,1.0000,-1,-1,-1
657,81,532.31,265.93,56.54,163.16,1.0000,-1,-1,-1
657,82,492.97,392.27,83.25,158.07,1.0000,-1,-1,-1
657,84,252.25,520.46,72.09,155.25,1.0000,-1,-1,-1
657,85,753.68,297.02,72.59,136.46,1.0000,-1,-1,-1
657,86,671.67,289.03,75.54,146.57,1.0000,-1,-1,-1
658,35,577.83,323.02,75.01,185.80,1.0000,-1,-1,-1
658,56,1009.95,143.98,58.88,140.27,1.0000,-1,-1,-1
658,73,263.22,597.01,104.85,195.63,1.0000,-1,-1,-1
658,74,470.98,316.01,100.84,209.00,1.0000,-1,-1,-1
658,75,549.06,286.21,93.54,171.18,1.0000,-1,-1,-1
658,77,1029.54,258.57,84.32,124.82,1.0000,-1,-1,-1
658,78,848.75,260.07,70.17,137.57,1.0000,-1,-1,-1
658,79,582.34,230.43,67.73,145.84,1.0000,-1,-1,-1
658,81,532.16,266.90,56.61,163.35,1.0000,-1,-1,-1
658,82,491.20,400.53,77.50,152.05,1.0000,-1,-1,-1
658,84,271.60,498.83,73.24,139.97,1.0000,-1,-1,-1
658,85,761.88,306.44,83.07,132.52,1.0000,-1,-1,-1
658,86,678.21,285.31,77.43,150.22,1.0000,-1,-1,-1
659,35,577.74,320.77,76.58,186.55,1.0000,-1,-1,-1
659,56,1011.35,144.14,57.59,140.35,1.0000,-1,-1,-1
659,73,257.58,600.46,105.05,196.00,1.0000,-1,-1,-1
659,74,466.87,313.21,101.01,209.35,1.0000,-1,-1,-1
659,75,552.04,285.04,93.61,171.30,1.0000,-1,-1,-1
659,77,1030.88,253.31,68.93,127.16,1.0000,-1,-1,-1
659,78,851.81,262.55,67.92,138.05,1.0000,-1,-1,-1
659,79,583.60,231.06,67.65,145.67,1.0000,-1,-1,-1
659,81,532.01,267.88,56.68,163.54,1.0000,-1,-1,-1
659,82,490.56,403.92,71.01,148.58,1.0000,-1,-1,-1
659,84,273.70,499.52,75.21,134.82,1.0000,-1,-1,-1
659,85,769.13,302.95,93.17,135.26,1.0000,-1,-1,-1
659,86,688.94,291.03,74.17,144.32,1.0000,-1,-1,-1
660,35,579.05,321.12,76.01,186.18,1.0000,-1,-1,-1
660,56,1012.51,144.56,56.29,140.40,1.0000,-1,-1,-1
660,73,251.94,603.91,105.25,196.37,1.0000,-1,-1,-1
660,74,462.75,310.40,101.18,209.71,1.0000,-1,-1,-1
660,75,555.02,283.86,93.68,171.43,1.0000,-1,-1,-1
660,77,1034.42,250.62,61.43,129.14,1.0000,-1,-1,-1
660,78,852.18,262.79,67.95,138.09,1.0000,-1,-1,-1
660,79,584.85,231.70,67.58,145.50,1.0000,-1,-1,-1
660,81,533.65,305.66,47.86,163.05,1.0000,-1,-1,-1
660,82,491.16,402.59,67.83,147.05,1.0000,-1,-1,-1
660,84,272.39,500.39,72.85,132.03,1.0000,-1,-1,-1
660,85,779.93,301.81,94.10,136.60,1.0000,-1,-1,-1
660,86,702.01,297.92,70.68,138.24,1.0000,-1,-1,-1
661,35,584.18,320.93,74.30,185.69,1.0000,-1,-1,-1
661,56,1013.35,144.89,54.89,140.05,1.0000,-1,-1,-1
661,73,246.30,607.37,105.44,196.74,1.0000,-1,-1,-1
661,74,458.64,307.60,101.35,210.06,1.0000,-1,-1,-1
661,75,558.00,282.68,93.74,171.55,1.0000,-1,-1,-1
661,77,1036.66,249.23,57.05,130.60,1.0000,-1,-1,-1
661,78,852.56,263.03,67.97,138.14,1.0000,-1,-1,-1
661,79,586.10,232.34,67.50,145.33,1.0000,-1,-1,-1
661,81,535.84,305.25,50.84,164.56,1.0000,-1,-1,-1
661,82,491.25,399.63,68.07,146.95,1.0000,-1,-1,-1
661,84,271.07,499.94,72.95,132.21,1.0000,-1,-1,-1
661,85,790.74,300.67,95.01,137.93,1.0000,-1,-1,-1
661,86,707.02,303.19,68.81,137.81,1.0000,-1,-1,-1
662,35,589.70,319.93,73.51,185.36,1.0000,-1,-1,-1
662,56,1013.51,145.15,53.48,139.87,1.0000,-1,-1,-1
662,73,240.67,610.82,105.64,197.11,1.0000,-1,-1,-1
662,74,454.53,304.80,101.52,210.42,1.0000,-1,-1,-1
662,75,560.98,281.50,93.81,171.68,1.0000,-1,-1,-1
662,77,1037.72,246.30,54.52,132.85,1.0000,-1,-1,-1
662,78,852.93,263.27,67.99,138.18,1.0000,-1,-1,-1
662,79,587.36,232.98,67.42,145.16,1.0000,-1,-1,-1
662,81,538.49,305.02,52.36,165.90,1.0000,-1,-1,-1
662,82,490.43,402.42,68.06,146.93,1.0000,-1,-1,-1
662,84,274.16,500.18,73.14,128.32,1.0000,-1,-1,-1
662,85,801.55,299.54,95.91,139.24,1.0000,-1,-1,-1
662,86,709.74,306.13,72.15,140.16,1.0000,-1,-1,-1
663,35,594.45,318.48,72.48,185.73,1.0000,-1,-1,-1
663,56,1014.08,145.47,52.09,139.78,1.0000,-1,-1,-1
663,73,235.03,614.27,105.84,197.47,1.0000,-1,-1,-1
663,74,450.42,302.00,101.69,210.77,1.0000,-1,-1,-1
663,75,563.96,280.33,93.88,171.80,1.0000,-1,-1,-1
663,77,1038.15,244.52,52.75,134.77,1.0000,-1,-1,-1
663,78,853.30,263.51,68.01,138.23,1.0000,-1,-1,-1
663,79,588.61,233.62,67.34,144.99,1.0000,-1,-1,-1
663,81,539.03,306.60,52.40,166.03,1.0000,-1,-1,-1
663,82,489.60,405.21,68.05,146.90,1.0000,-1,-1,-1
663,84,274.53,500.76,72.12,125.61,1.0000,-1,-1,-1
663,85,812.36,298.42,96.81,140.54,1.0000,-1,-1,-1
663,86,712.73,307.33,76.94,140.76,1.0000,-1,-1,-1
664,35,599.30,318.04,70.70,185.59,1.0000,-1,-1,-1
664,56,1014.21,146.00,50.59,139.60,1.0000,-1,-1,-1
664,73,229.39,617.73,106.03,197.84,1.0000,-1,-1,-1
664,74,446.31,299.20,101.86,211.13,1.0000,-1,-1,-1
664,75,566.94,279.15,93.95,171.93,1.0000,-1,-1,-1
664,77,1036.89,242.59,52.36,137.35,1.0000,-1,-1,-1
664,78,853.67,263.76,68.04,138.27,1.0000,-1,-1,-1
664,79,589.86,234.26,67.26,144.81,1.0000,-1,-1,-1
664,81,542.70,302.79,52.01,162.20,1.0000,-1,-1,-1
664,82,490.27,396.48,73.64,148.41,1.0000,-1,-1,-1
664,84,274.16,501.34,69.35,123.73,1.0000,-1,-1,-1
664,85,823.18,297.30,97.70,141.83,1.0000,-1,-1,-1
664,86,716.74,307.54,82.52,141.11,1.0000,-1,-1,-1
665,35,607.15,318.94,69.44,186.22,1.0000,-1,-1,-1
665,56,1013.68,146.39,50.24,139.05,1.0000,-1,-1,-1
665,73,223.75,621.18,106.23,198.21,1.0000,-1,-1,-1
665,74,442.19,296.40,102.03,211.48,1.0000,-1,-1,-1
665,75,569.92,277.97,94.02,172.05,1.0000,-1,-1,-1
665,77,1033.23,241.42,54.69,140.13,1.0000,-1,-1,-1
665,78,854.05,264.00,68.06,138.32,1.0000,-1,-1,-1
665,79,591.11,234.90,67.18,144.64,1.0000,-1,-1,-1
665,81,547.25,304.79,54.03,163.01,1.0000,-1,-1,-1
665,82,489.78,398.32,73.67,148.48,1.0000,-1,-1,-1
665,84,276.63,502.29,68.50,122.37,1.0000,-1,-1,-1
665,85,834.01,296.19,98.58,143.11,1.0000,-1,-1,-1
665,86,740.07,310.33,77.70,140.56,1.0000,-1,-1,-1
666,35,612.09,318.20,69.03,186.17,1.0000,-1,-1,-1
666,56,1012.69,146.09,50.21,137.69,1.0000,-1,-1,-1
666,73,218.11,624.63,106.43,198.57,1.0000,-1,-1,-1
666,74,438.08,293.60,102.20,211.83,1.0000,-1,-1,-1
666,75,572.90,276.80,94.09,172.18,1.0000,-1,-1,-1
666,77,1030.38,241.03,57.52,141.28,1.0000,-1,-1,-1
666,78,854.42,264.24,68.08,138.36,1.0000,-1,-1,-1
666,79,592.37,235.53,67.10,144.47,1.0000,-1,-1,-1
666,81,550.38,304.78,54.10,161.28,1.0000,-1,-1,-1
666,82,489.29,400.16,73.71,148.55,1.0000,-1,-1,-1
666,84,277.90,502.34,67.21,121.62,1.0000,-1,-1,-1
666,85,844.84,295.08,99.45,144.38,1.0000,-1,-1,-1
666,86,748.28,310.76,78.33,141.72,1.0000,-1,-1,-1
667,35,615.25,317.00,68.59,185.25,1.0000,-1,-1,-1
667,56,1011.51,146.30,50.29,137.25,1.0000,-1,-1,-1
667,73,212.47,628.09,106.62,198.94,1.0000,-1,-1,-1
667,74,433.97,290.80,102.37,212.18,1.0000,-1,-1,-1
667,75,575.88,275.62,94.15,172.30,1.0000,-1,-1,-1
667,77,1027.57,239.42,61.16,142.50,1.0000,-1,-1,-1
667,78,854.79,264.48,68.10,138.41,1.0000,-1,-1,-1
667,79,593.62,236.17,67.02,144.30,1.0000,-1,-1,-1
667,81,553.05,303.73,54.53,159.47,1.0000,-1,-1,-1
667,82,488.80,402.01,73.74,148.62,1.0000,-1,-1,-1
667,84,280.84,501.75,69.40,121.36,1.0000,-1,-1,-1
667,85,888.06,298.45,107.82,147.35,1.0000,-1,-1,-1
667,86,756.50,311.20,78.97,142.86,1.0000,-1,-1,-1
668,35,617.40,315.82,68.05,183.57,1.0000,-1,-1,-1
668,56,1010.87,145.74,50.50,137.27,1.0000,-1,-1,-1
668,73,206.83,631.54,106.82,199.30,1.0000,-1,-1,-1
668,74,429.86,288.01,102.54,212.53,1.0000,-1,-1,-1
668,75,578.86,274.44,94.22,172.43,1.0000,-1,-1,-1
668,77,1025.75,238.85,65.36,143.12,1.0000,-1,-1,-1
668,78,855.17,264.72,68.12,138.46,1.0000,-1,-1,-1
668,79,594.87,236.81,66.94,144.13,1.0000,-1,-1,-1
668,81,555.05,303.52,55.40,158.07,1.0000,-1,-1,-1
668,82,477.14,398.11,80.71,143.86,1.0000,-1,-1,-1
668,84,280.98,500.90,69.19,121.65,1.0000,-1,-1,-1
668,85,911.82,297.38,101.53,150.23,1.0000,-1,-1,-1
668,86,764.72,311.64,79.59,144.00,1.0000,-1,-1,-1
669,35,618.94,314.75,67.69,180.76,1.0000,-1,-1,-1
669,56,1010.47,144.58,50.41,136.17,1.0000,-1,-1,-1
669,73,201.19,635.00,107.01,199.67,1.0000,-1,-1,-1
669,74,425.75,285.21,102.71,212.88,1.0000,-1,-1,-1
669,75,581.84,273.26,94.29,172.55,1.0000,-1,-1,-1
669,77,1024.81,238.51,65.33,143.07,1.0000,-1,-1,-1
669,78,870.54,258.15,76.09,155.09,1.0000,-1,-1,-1
669,79,596.13,237.45,66.86,143.95,1.0000,-1,-1,-1
669,81,555.91,305.17,55.28,158.66,1.0000,-1,-1,-1
669,82,471.65,398.03,85.32,137.40,1.0000,-1,-1,-1
669,84,280.28,499.75,67.65,122.35,1.0000,-1,-1,-1
669,85,930.99,298.52,95.61,151.55,1.0000,-1,-1,-1
669,86,769.63,308.52,74.98,140.67,1.0000,-1,-1,-1
670,35,620.64,314.99,68.01,176.69,1.0000,-1,-1,-1
670,56,1008.30,144.17,50.77,134.41,1.0000,-1,-1,-1
670,73,195.56,638.45,107.21,200.03,1.0000,-1,-1,-1
670,74,421.64,282.41,102.88,213.23,1.0000,-1,-1,-1
670,75,584.82,272.09,94.36,172.68,1.0000,-1,-1,-1
670,77,1013.67,250.15,75.86,135.54,1.0000,-1,-1,-1
670,78,875.52,254.53,75.22,149.46,1.0000,-1,-1,-1
670,79,597.38,238.09,66.78,143.78,1.0000,-1,-1,-1
670,81,557.72,307.55,54.26,159.10,1.0000,-1,-1,-1
670,82,470.00,400.33,85.99,135.54,1.0000,-1,-1,-1
670,84,282.28,498.38,67.46,123.35,1.0000,-1,-1,-1
670,85,948.17,299.09,84.22,151.47,1.0000,-1,-1,-1
670,86,794.79,305.56,86.52,142.90,1.0000,-1,-1,-1
671,35,623.00,315.36,69.43,172.40,1.0000,-1,-1,-1
671,56,1006.97,144.83,51.33,132.86,1.0000,-1,-1,-1
671,73,189.92,641.91,107.40,200.39,1.0000,-1,-1,-1
671,74,417.53,279.61,103.05,213.58,1.0000,-1,-1,-1
671,75,587.80,270.91,94.43,172.80,1.0000,-1,-1,-1
671,77,1010.52,254.70,80.48,131.16,1.0000,-1,-1,-1
671,78,878.30,254.07,72.70,147.00,1.0000,-1,-1,-1
671,79,598.63,238.73,66.70,143.61,1.0000,-1,-1,-1
671,81,558.96,309.95,54.18,159.90,1.0000,-1,-1,-1
671,82,466.74,401.96,87.48,133.60,1.0000,-1,-1,-1
671,84,283.60,497.32,67.31,123.99,1.0000,-1,-1,-1
671,85,953.60,298.64,79.30,151.98,1.0000,-1,-1,-1
671,86,798.93,304.76,77.80,141.94,1.0000,-1,-1,-1
672,35,627.78,316.56,74.69,169.06,1.0000,-1,-1,-1
672,56,1006.44,144.57,51.26,132.67,1.0000,-1,-1,-1
672,73,184.28,645.37,107.59,200.75,1.0000,-1,-1,-1
672,74,413.42,276.81,103.22,213.93,1.0000,-1,-1,-1
672,75,590.79,269.73,94.50,172.93,1.0000,-1,-1,-1
672,77,1009.17,255.21,80.51,131.21,1.0000,-1,-1,-1
672,78,882.41,255.55,73.06,144.06,1.0000,-1,-1,-1
672,79,599.89,239.37,66.62,143.44,1.0000,-1,-1,-1
672,81,560.10,310.93,54.65,160.49,1.0000,-1,-1,-1
672,82,464.73,404.85,88.65,134.89,1.0000,-1,-1,-1
672,84,283.24,496.73,65.52,124.58,1.0000,-1,-1,-1
672,85,967.57,296.93,72.93,153.18,1.0000,-1,-1,-1
672,86,803.84,303.90,72.51,140.99,1.0000,-1,-1,-1
673,35,629.72,317.26,79.68,166.20,1.0000,-1,-1,-1
673,56,1003.82,147.87,52.92,134.68,1.0000,-1,-1,-1
673,73,178.64,648.82,107.79,201.11,1.0000,-1,-1,-1
673,74,409.31,274.02,103.39,214.28,1.0000,-1,-1,-1
673,75,593.77,268.56,94.56,173.05,1.0000,-1,-1,-1
673,77,996.22,264.88,91.07,156.37,1.0000,-1,-1,-1
673,78,885.70,258.15,74.03,141.45,1.0000,-1,-1,-1
673,79,601.14,240.01,66.54,143.26,1.0000,-1,-1,-1
673,81,561.71,311.33,54.29,160.73,1.0000,-1,-1,-1
673,82,463.00,405.52,88.62,135.55,1.0000,-1,-1,-1
673,84,283.77,495.68,64.41,125.10,1.0000,-1,-1,-1
673,85,980.41,296.65,73.19,153.74,1.0000,-1,-1,-1
673,86,808.14,304.69,70.64,141.97,1.0000,-1,-1,-1
674,35,630.23,318.23,84.27,164.02,1.0000,-1,-1,-1
674,56,1003.46,148.01,53.44,135.22,1.0000,-1,-1,-1
674,73,173.01,652.28,107.98,201.47,1.0000,-1,-1,-1
674,74,405.20,271.22,103.55,214.63,1.0000,-1,-1,-1
674,75,596.75,267.38,94.63,173.18,1.0000,-1,-1,-1
674,77,987.36,259.97,95.96,172.76,1.0000,-1,-1,-1
674,78,888.57,259.52,73.64,139.33,1.0000,-1,-1,-1
674,79,602.39,240.65,66.46,143.09,1.0000,-1,-1,-1
674,81,562.81,312.23,53.54,160.56,1.0000,-1,-1,-1
674,82,462.08,405.71,87.35,137.02,1.0000,-1,-1,-1
674,84,285.32,494.64,65.13,125.89,1.0000,-1,-1,-1
674,85,993.24,296.37,73.46,154.30,1.0000,-1,-1,-1
674,86,816.06,304.60,70.84,142.38,1.0000,-1,-1,-1
674,87,591.04,572.64,72.22,146.23,1.0000,-1,-1,-1
675,35,632.37,316.35,90.42,163.14,1.0000,-1,-1,-1
675,56,1000.64,148.56,55.66,137.50,1.0000,-1,-1,-1
675,73,167.37,655.74,108.17,201.83,1.0000,-1,-1,-1
675,74,401.09,268.42,103.72,214.98,1.0000,-1,-1,-1
675,75,599.73,266.20,94.70,173.30,1.0000,-1,-1,-1
675,77,987.19,274.53,95.09,171.52,1.0000,-1,-1,-1
675,78,889.96,261.28,72.96,136.78,1.0000,-1,-1,-1
675,79,603.65,241.29,66.37,142.92,1.0000,-1,-1,-1
675,81,565.28,309.24,54.16,157.74,1.0000,-1,-1,-1
675,82,462.77,406.66,85.15,139.98,1.0000,-1,-1,-1
675,84,283.51,492.83,62.92,127.46,1.0000,-1,-1,-1
675,85,1006.08,296.09,73.73,154.86,1.0000,-1,-1,-1
675,86,828.25,306.13,75.21,143.54,1.0000,-1,-1,-1
675,87,592.59,572.18,71.13,146.43,1.0000,-1,-1,-1
676,35,634.47,313.64,94.52,161.96,1.0000,-1,-1,-1
676,56,998.80,148.81,57.45,139.51,1.0000,-1,-1,-1
676,73,161.73,659.19,108.37,202.19,1.0000,-1,-1,-1
676,74,396.98,265.62,103.89,215.32,1.0000,-1,-1,-1
676,75,602.71,265.03,94.77,173.42,1.0000,-1,-1,-1
676,77,984.95,277.86,95.30,171.89,1.0000,-1,-1,-1
676,78,887.75,261.76,74.27,135.26,1.0000,-1,-1,-1
676,79,603.94,230.55,60.95,151.50,1.0000,-1,-1,-1
676,81,565.83,310.82,53.46,154.59,1.0000,-1,-1,-1
676,82,463.82,407.14,82.94,142.54,1.0000,-1,-1,-1
676,84,283.06,491.01,62.08,128.95,1.0000,-1,-1,-1
676,85,1018.92,295.80,73.99,155.41,1.0000,-1,-1,-1
676,86,843.72,312.08,72.51,141.52,1.0000,-1,-1,-1
676,87,593.58,571.35,70.28,147.03,1.0000,-1,-1,-1
677,35,636.47,312.24,98.22,160.53,1.0000,-1,-1,-1
677,56,998.20,148.88,59.13,140.62,1.0000,-1,-1,-1
677,74,392.87,262.83,104.05,215.67,1.0000,-1,-1,-1
677,75,605.69,263.85,94.83,173.55,1.0000,-1,-1,-1
677,77,982.71,281.19,95.51,172.27,1.0000,-1,-1,-1
677,78,889.51,261.65,74.31,135.34,1.0000,-1,-1,-1
677,79,603.69,229.00,61.51,153.21,1.0000,-1,-1,-1
677,81,567.59,312.12,53.78,154.33,1.0000,-1,-1,-1
677,82,465.22,407.00,81.29,144.84,1.0000,-1,-1,-1
677,84,282.31,489.53,60.89,130.20,1.0000,-1,-1,-1
677,85,1009.05,294.31,93.78,156.12,1.0000,-1,-1,-1
677,86,852.70,312.59,72.72,141.94,1.0000,-1,-1,-1
677,87,593.93,569.95,69.89,148.29,1.0000,-1,-1,-1
678,35,641.55,312.05,101.94,159.32,1.0000,-1,-1,-1
678,56,998.48,148.68,60.89,140.67,1.0000,-1,-1,-1
678,74,388.76,260.03,104.22,216.01,1.0000,-1,-1,-1
678,75,608.67,262.67,94.90,173.67,1.0000,-1,-1,-1
678,77,980.48,284.52,95.71,172.64,1.0000,-1,-1,-1
678,78,878.72,260.46,80.66,137.05,1.0000,-1,-1,-1
678,79,604.70,229.26,61.43,153.02,1.0000,-1,-1,-1
678,81,569.12,312.53,53.80,154.39,1.0000,-1,-1,-1
678,82,465.94,407.49,80.28,146.94,1.0000,-1,-1,-1
678,84,282.41,488.31,59.41,131.11,1.0000,-1,-1,-1
678,85,1028.13,297.39,91.97,153.40,1.0000,-1,-1,-1
678,86,861.68,313.10,72.93,142.35,1.0000,-1,-1,-1
678,87,594.47,569.15,69.40,149.17,1.0000,-1,-1,-1
679,35,646.18,312.93,102.51,157.19,1.0000,-1,-1,-1
679,56,998.70,149.50,62.68,140.78,1.0000,-1,-1,-1
679,74,384.65,257.24,104.39,216.36,1.0000,-1,-1,-1
679,75,611.65,261.49,94.97,173.80,1.0000,-1,-1,-1
679,77,978.24,287.85,95.92,173.01,1.0000,-1,-1,-1
679,78,879.63,260.30,80.74,137.19,1.0000,-1,-1,-1
679,79,605.71,229.53,61.35,152.83,1.0000,-1,-1,-1
679,81,569.76,313.07,58.38,154.09,1.0000,-1,-1,-1
679,82,466.08,408.30,79.50,149.01,1.0000,-1,-1,-1
679,84,282.07,487.25,58.26,132.00,1.0000,-1,-1,-1
679,85,1038.19,300.77,91.95,151.91,1.0000,-1,-1,-1
679,86,870.66,313.61,73.14,142.76,1.0000,-1,-1,-1
679,87,594.98,568.45,68.91,149.95,1.0000,-1,-1,-1
680,35,662.44,312.86,99.63,153.10,1.0000,-1,-1,-1
680,56,1000.69,150.20,64.90,138.96,1.0000,-1,-1,-1
680,74,380.54,254.44,104.55,216.70,1.0000,-1,-1,-1
680,75,614.63,260.32,95.04,173.92,1.0000,-1,-1,-1
680,77,976.00,291.18,96.12,173.38,1.0000,-1,-1,-1
680,78,854.28,261.63,81.79,154.63,1.0000,-1,-1,-1
680,79,606.73,229.80,61.28,152.64,1.0000,-1,-1,-1
680,81,573.37,318.20,65.53,149.53,1.0000,-1,-1,-1
680,82,466.54,410.30,78.84,151.82,1.0000,-1,-1,-1
680,84,282.04,485.99,56.99,132.93,1.0000,-1,-1,-1
680,85,1045.63,304.51,89.98,150.41,1.0000,-1,-1,-1
680,86,879.64,314.12,73.35,143.18,1.0000,-1,-1,-1
680,87,594.90,566.95,68.89,151.40,1.0000,-1,-1,-1
681,35,688.95,308.44,88.50,146.29,1.0000,-1,-1,-1
681,56,1001.13,151.37,66.79,137.52,1.0000,-1,-1,-1
681,74,376.43,251.65,104.72,217.05,1.0000,-1,-1,-1
681,75,617.61,259.14,95.11,174.04,1.0000,-1,-1,-1
681,77,973.77,294.51,96.33,173.75,1.0000,-1,-1,-1
681,78,852.94,262.29,81.92,154.88,1.0000,-1,-1,-1
681,79,607.74,230.07,61.20,152.45,1.0000,-1,-1,-1
681,81,572.30,272.83,73.35,177.06,1.0000,-1,-1,-1
681,82,466.61,411.17,77.94,153.26,1.0000,-1,-1,-1
681,84,282.21,485.19,55.95,133.67,1.0000,-1,-1,-1
681,85,1049.10,304.55,88.74,149.78,1.0000,-1,-1,-1
681,86,888.62,314.63,73.56,143.59,1.0000,-1,-1,-1
681,87,595.02,565.79,68.75,152.62,1.0000,-1,-1,-1
681,89,912.79,211.84,107.01,141.98,1.0000,-1,-1,-1
682,35,706.40,307.72,79.88,140.59,1.0000,-1,-1,-1
682,56,1001.06,152.53,68.31,137.23,1.0000,-1,-1,-1
682,74,372.32,248.85,104.89,217.39,1.0000,-1,-1,-1
682,75,620.59,257.96,95.17,174.17,1.0000,-1,-1,-1
682,77,971.53,297.84,96.53,174.12,1.0000,-1,-1,-1
682,78,839.13,237.66,76.24,141.56,1.0000,-1,-1,-1
682,79,608.75,230.33,61.13,152.26,1.0000,-1,-1,-1
682,81,572.31,297.54,77.20,166.14,1.0000,-1,-1,-1
682,82,467.50,414.21,77.16,154.88,1.0000,-1,-1,-1
682,84,282.65,484.47,54.76,133.80,1.0000,-1,-1,-1
682,85,1050.11,300.72,87.53,151.49,1.0000,-1,-1,-1
682,86,897.61,315.15,73.77,144.00,1.0000,-1,-1,-1
682,87,595.54,565.24,68.27,153.34,1.0000,-1,-1,-1
682,89,906.31,210.06,106.65,138.66,1.0000,-1,-1,-1
683,35,713.36,305.69,79.81,140.47,1.0000,-1,-1,-1
683,56,1000.83,152.69,69.27,136.84,1.0000,-1,-1,-1
683,74,368.21,246.06,105.05,217.73,1.0000,-1,-1,-1
683,75,623.57,256.79,95.24,174.29,1.0000,-1,-1,-1
683,77,969.30,301.17,96.74,174.49,1.0000,-1,-1,-1
683,78,835.29,236.94,70.88,133.67,1.0000,-1,-1,-1
683,79,609.77,230.60,61.05,152.07,1.0000,-1,-1,-1
683,81,574.42,310.61,81.46,157.66,1.0000,-1,-1,-1
683,82,469.01,417.46,75.95,156.48,1.0000,-1,-1,-1
683,84,282.88,484.15,53.76,133.79,1.0000,-1,-1,-1
683,85,1050.39,299.20,85.99,152.29,1.0000,-1,-1,-1
683,86,906.59,315.66,73.98,144.40,1.0000,-1,-1,-1
683,87,596.27,564.56,67.69,154.04,1.0000,-1,-1,-1
683,89,901.33,207.24,104.28,134.63,1.0000,-1,-1,-1
684,35,720.32,303.66,79.74,140.35,1.0000,-1,-1,-1
684,56,1001.26,153.91,69.64,135.46,1.0000,-1,-1,-1
684,74,364.10,243.26,105.22,218.08,1.0000,-1,-1,-1
684,75,626.55,255.61,95.31,174.41,1.0000,-1,-1,-1
684,77,967.06,304.50,96.94,174.85,1.0000,-1,-1,-1
684,78,832.49,240.57,66.14,131.10,1.0000,-1,-1,-1
684,79,610.78,230.87,60.97,151.88,1.0000,-1,-1,-1
684,81,576.35,317.96,87.80,151.54,1.0000,-1,-1,-1
684,82,470.79,419.16,74.85,157.36,1.0000,-1,-1,-1
684,84,282.99,483.99,52.93,133.79,1.0000,-1,-1,-1
684,85,1049.44,297.26,84.76,152.44,1.0000,-1,-1,-1
684,86,915.57,316.18,74.19,144.81,1.0000,-1,-1,-1
684,87,596.57,563.74,67.35,154.89,1.0000,-1,-1,-1
684,89,895.20,203.05,105.80,136.59,1.0000,-1,-1,-1
685,35,747.31,308.88,77.73,146.72,1.0000,-1,-1,-1
685,56,1001.09,154.03,70.26,134.56,1.0000,-1,-1,-1
685,74,359.99,240.47,105.38,218.42,1.0000,-1,-1,-1
685,75,629.53,254.44,95.38,174.54,1.0000,-1,-1,-1
685,77,964.83,307.84,97.14,175.22,1.0000,-1,-1,-1
685,78,826.64,243.24,64.66,130.68,1.0000,-1,-1,-1
685,79,611.79,231.14,60.90,151.69,1.0000,-1,-1,-1
685,81,578.06,323.66,96.68,146.27,1.0000,-1,-1,-1
685,82,473.77,419.87,72.38,157.41,1.0000,-1,-1,-1
685,84,282.28,483.90,52.33,133.77,1.0000,-1,-1,-1
685,85,1047.97,296.04,84.28,151.71,1.0000,-1,-1,-1
685,86,911.16,326.92,64.20,139.08,1.0000,-1,-1,-1
685,87,596.76,562.77,67.15,155.86,1.0000,-1,-1,-1
685,89,889.07,198.87,107.29,138.52,1.0000,-1,-1,-1
685,90,546.48,212.93,44.05,129.54,1.0000,-1,-1,-1
686,35,757.36,308.05,74.80,150.67,1.0000,-1,-1,-1
686,56,1001.02,155.32,71.05,133.06,1.0000,-1,-1,-1
686,74,355.88,237.67,105.55,218.76,1.0000,-1,-1,-1
686,75,632.51,253.26,95.44,174.66,1.0000,-1,-1,-1
686,77,962.59,311.17,97.35,175.58,1.0000,-1,-1,-1
686,78,824.32,246.07,66.28,131.85,1.0000,-1,-1,-1
686,79,612.81,231.41,60.82,151.50,1.0000,-1,-1,-1
686,81,579.16,326.43,105.18,143.06,1.0000,-1,-1,-1
686,82,475.99,419.96,70.29,157.33,1.0000,-1,-1,-1
686,84,281.34,483.61,51.53,134.25,1.0000,-1,-1,-1
686,85,1046.43,295.63,84.70,150.61,1.0000,-1,-1,-1
686,86,915.18,330.02,60.04,135.95,1.0000,-1,-1,-1
686,87,596.86,562.29,66.98,156.54,1.0000,-1,-1,-1
686,89,874.11,209.22,85.27,126.23,1.0000,-1,-1,-1
686,90,541.85,210.26,45.89,134.97,1.0000,-1,-1,-1
687,35,766.89,307.14,69.80,152.91,1.0000,-1,-1,-1
687,56,1001.23,155.39,71.72,132.34,1.0000,-1,-1,-1
687,74,351.77,234.88,105.71,219.10,1.0000,-1,-1,-1
687,75,635.49,252.08,95.51,174.78,1.0000,-1,-1,-1
687,77,960.36,314.50,97.55,175.95,1.0000,-1,-1,-1
687,78,817.88,245.61,69.32,130.78,1.0000,-1,-1,-1
687,79,613.82,231.68,60.74,151.31,1.0000,-1,-1,-1
687,81,579.98,327.94,112.26,141.15,1.0000,-1,-1,-1
687,82,475.94,419.63,69.32,157.54,1.0000,-1,-1,-1
687,84,280.51,483.41,51.09,134.80,1.0000,-1,-1,-1
687,85,1045.45,294.73,85.29,149.92,1.0000,-1,-1,-1
687,86,917.37,332.36,57.04,133.78,1.0000,-1,-1,-1
687,87,596.87,561.91,66.88,157.10,1.0000,-1,-1,-1
687,88,568.32,213.81,66.64,161.06,1.0000,-1,-1,-1
687,89,866.30,206.56,76.13,126.32,1.0000,-1,-1,-1
687,90,538.36,209.56,44.44,131.77,1.0000,-1,-1,-1
687,91,-0.04,656.00,42.09,63.45,1.0000,-1,-1,-1
688,35,775.48,311.96,64.99,151.39,1.0000,-1,-1,-1
688,56,1004.47,156.85,70.95,131.53,1.0000,-1,-1,-1
688,74,347.66,232.09,105.87,219.44,1.0000,-1,-1,-1
688,75,638.47,250.91,95.58,174.91,1.0000,-1,-1,-1
688,77,958.12,317.84,97.75,176.31,1.0000,-1,-1,-1
688,78,811.50,245.33,72.39,129.36,1.0000,-1,-1,-1
688,79,614.83,231.94,60.67,151.11,1.0000,-1,-1,-1
688,81,581.13,328.65,115.98,140.37,1.0000,-1,-1,-1
688,82,475.92,419.03,68.59,157.79,1.0000,-1,-1,-1
688,84,279.71,483.65,50.88,135.25,1.0000,-1,-1,-1
688,85,1044.94,294.43,86.34,149.39,1.0000,-1,-1,-1
688,86,919.87,333.94,54.47,132.15,1.0000,-1,-1,-1
688,87,596.82,561.62,66.82,157.56,1.0000,-1,-1,-1
688,88,567.98,215.21,68.17,159.59,1.0000,-1,-1,-1
688,89,858.64,206.16,74.02,128.01,1.0000,-1,-1,-1
688,90,535.35,210.35,42.08,127.71,1.0000,-1,-1,-1
688,91,-0.01,656.08,42.34,63.55,1.0000,-1,-1,-1
689,35,783.73,311.62,64.88,151.15,1.0000,-1,-1,-1
689,56,1008.25,156.70,71.02,131.09,1.0000,-1,-1,-1
689,74,343.56,229.29,106.04,219.78,1.0000,-1,-1,-1
689,75,641.45,249.73,95.64,175.03,1.0000,-1,-1,-1
689,77,955.89,321.17,97.95,176.68,1.0000,-1,-1,-1
689,78,807.94,244.33,72.40,129.38,1.0000,-1,-1,-1
689,79,615.85,232.21,60.59,150.92,1.0000,-1,-1,-1
689,81,587.90,328.97,120.98,139.73,1.0000,-1,-1,-1
689,82,476.46,418.59,67.69,157.97,1.0000,-1,-1,-1
689,84,279.06,483.95,50.77,135.55,1.0000,-1,-1,-1
689,85,1044.86,294.21,86.99,148.93,1.0000,-1,-1,-1
689,86,921.55,333.27,52.58,132.07,1.0000,-1,-1,-1
689,87,596.79,561.51,66.71,157.84,1.0000,-1,-1,-1
689,88,567.90,216.74,69.47,158.21,1.0000,-1,-1,-1
689,89,851.63,202.68,74.13,131.41,1.0000,-1,-1,-1
689,90,531.14,210.39,42.19,127.05,1.0000,-1,-1,-1
689,91,-0.05,655.94,42.47,63.69,1.0000,-1,-1,-1
690,35,791.97,311.28,64.78,150.91,1.0000,-1,-1,-1
690,56,1012.72,155.90,71.72,131.71,1.0000,-1,-1,-1
690,74,339.45,226.50,106.20,220.12,1.0000,-1,-1,-1
690,75,644.44,248.55,95.71,175.15,1.0000,-1,-1,-1
690,77,953.66,324.51,98.15,177.04,1.0000,-1,-1,-1
690,78,774.12,244.30,74.00,130.53,1.0000,-1,-1,-1
690,79,616.86,232.48,60.51,150.73,1.0000,-1,-1,-1
690,81,599.19,327.21,120.15,140.16,1.0000,-1,-1,-1
690,82,477.05,418.43,66.53,158.35,1.0000,-1,-1,-1
690,84,277.95,484.33,50.22,135.97,1.0000,-1,-1,-1
690,85,1044.78,294.59,88.10,149.25,1.0000,-1,-1,-1
690,86,924.12,329.63,51.27,133.46,1.0000,-1,-1,-1
690,87,596.64,561.20,66.67,158.16,1.0000,-1,-1,-1
690,88,567.71,215.66,71.08,156.82,1.0000,-1,-1,-1
690,89,838.90,187.32,77.97,139.66,1.0000,-1,-1,-1
690,90,520.68,208.56,50.00,131.39,1.0000,-1,-1,-1
690,91,-0.13,655.40,42.57,64.16,1.0000,-1,-1,-1
691,35,800.21,310.95,64.67,150.67,1.0000,-1,-1,-1
691,56,1016.85,156.11,71.77,132.61,1.0000,-1,-1,-1
691,74,335.34,223.71,106.36,220.46,1.0000,-1,-1,-1
691,75,647.42,247.38,95.78,175.28,1.0000,-1,-1,-1
691,77,951.42,327.84,98.35,177.40,1.0000,-1,-1,-1
691,78,767.99,243.43,74.02,130.57,1.0000,-1,-1,-1
691,79,617.87,232.75,60.44,150.54,1.0000,-1,-1,-1
691,81,611.19,324.08,115.43,140.92,1.0000,-1,-1,-1
691,82,477.19,418.02,65.73,158.64,1.0000,-1,-1,-1
691,84,276.85,484.41,49.53,136.17,1.0000,-1,-1,-1
691,85,1044.38,294.44,89.29,150.03,1.0000,-1,-1,-1
691,86,925.98,326.22,49.82,134.77,1.0000,-1,-1,-1
691,87,596.58,560.78,66.72,158.56,1.0000,-1,-1,-1
691,88,567.67,216.98,72.93,155.85,1.0000,-1,-1,-1
691,89,830.55,178.20,78.84,143.15,1.0000,-1,-1,-1
691,90,514.32,208.60,55.66,133.40,1.0000,-1,-1,-1
691,91,-0.17,655.04,42.87,64.61,1.0000,-1,-1,-1
692,35,808.46,310.61,64.57,150.43,1.0000,-1,-1,-1
692,56,1020.88,156.44,70.51,132.97,1.0000,-1,-1,-1
692,74,331.23,220.92,106.53,220.79,1.0000,-1,-1,-1
692,75,650.40,246.20,95.85,175.40,1.0000,-1,-1,-1
692,77,949.19,331.18,98.55,177.76,1.0000,-1,-1,-1
692,78,763.88,241.86,74.17,131.65,1.0000,-1,-1,-1
692,79,618.89,233.02,60.36,150.35,1.0000,-1,-1,-1
692,81,625.33,321.99,107.61,141.22,1.0000,-1,-1,-1
692,82,476.28,417.65,65.74,158.54,1.0000,-1,-1,-1
692,84,275.90,484.39,48.73,136.21,1.0000,-1,-1,-1
692,85,1043.79,293.95,90.47,149.96,1.0000,-1,-1,-1
692,86,926.95,323.81,48.71,135.84,1.0000,-1,-1,-1
692,87,596.66,560.32,66.68,159.03,1.0000,-1,-1,-1
692,88,565.52,220.28,74.31,153.37,1.0000,-1,-1,-1
692,89,821.78,175.57,80.53,143.45,1.0000,-1,-1,-1
692,90,510.26,208.41,60.25,134.24,1.0000,-1,-1,-1
692,91,-0.22,654.69,43.16,65.05,1.0000,-1,-1,-1
693,35,816.70,310.28,64.47,150.19,1.0000,-1,-1,-1
693,56,1025.81,156.72,67.84,132.54,1.0000,-1,-1,-1
693,74,327.12,218.13,106.69,221.13,1.0000,-1,-1,-1
693,77,946.96,334.51,98.75,178.12,1.0000,-1,-1,-1
693,78,757.93,240.98,74.20,131.69,1.0000,-1,-1,-1
693,79,619.90,233.29,60.28,150.15,1.0000,-1,-1,-1
693,81,637.41,318.88,99.12,141.91,1.0000,-1,-1,-1
693,82,472.69,417.19,67.72,158.10,1.0000,-1,-1,-1
693,84,275.05,484.00,48.54,135.75,1.0000,-1,-1,-1
693,85,1044.33,293.61,90.57,149.86,1.0000,-1,-1,-1
693,86,927.55,321.18,48.06,136.78,1.0000,-1,-1,-1
693,87,596.28,560.09,67.02,159.28,1.0000,-1,-1,-1
693,88,561.99,219.05,76.37,153.09,1.0000,-1,-1,-1
693,89,815.00,175.27,78.56,142.11,1.0000,-1,-1,-1
693,90,506.14,208.98,60.56,132.61,1.0000,-1,-1,-1
693,91,-0.26,654.34,43.45,65.48,1.0000,-1,-1,-1
694,35,824.95,309.94,64.36,149.94,1.0000,-1,-1,-1
694,56,1029.10,156.78,65.79,132.78,1.0000,-1,-1,-1
694,74,323.02,215.33,106.85,221.47,1.0000,-1,-1,-1
694,77,944.72,337.85,98.95,178.48,1.0000,-1,-1,-1
694,78,751.97,240.09,74.22,131.74,1.0000,-1,-1,-1
694,79,620.91,233.56,60.20,149.96,1.0000,-1,-1,-1
694,81,650.34,316.72,89.98,144.39,1.0000,-1,-1,-1
694,82,466.53,416.28,71.72,157.30,1.0000,-1,-1,-1
694,84,274.73,483.75,48.87,135.36,1.0000,-1,-1,-1
694,85,1044.13,292.88,90.34,150.03,1.0000,-1,-1,-1
694,86,928.59,315.97,48.00,134.99,1.0000,-1,-1,-1
694,87,596.10,559.28,67.29,159.94,1.0000,-1,-1,-1
694,88,558.70,217.63,77.27,152.87,1.0000,-1,-1,-1
694,89,806.48,172.47,78.27,141.59,1.0000,-1,-1,-1
694,90,503.99,209.60,59.89,130.83,1.0000,-1,-1,-1
694,91,-0.30,653.99,43.73,65.92,1.0000,-1,-1,-1
695,35,861.51,312.14,74.50,155.96,1.0000,-1,-1,-1
695,56,1029.85,155.29,65.16,133.74,1.0000,-1,-1,-1
695,74,318.91,212.54,107.02,221.81,1.0000,-1,-1,-1
695,77,942.49,341.18,99.15,178.84,1.0000,-1,-1,-1
695,78,740.97,233.21,67.87,133.16,1.0000,-1,-1,-1
695,79,621.93,233.83,60.13,149.77,1.0000,-1,-1,-1
695,81,656.10,316.37,90.16,144.68,1.0000,-1,-1,-1
695,82,463.45,415.15,74.00,156.75,1.0000,-1,-1,-1
695,84,274.19,483.02,50.17,134.45,1.0000,-1,-1,-1
695,85,1043.50,291.07,91.01,150.92,1.0000,-1,-1,-1
695,86,929.12,313.32,48.57,135.82,1.0000,-1,-1,-1
695,87,595.47,558.80,67.75,160.30,1.0000,-1,-1,-1
695,88,552.19,215.40,78.77,152.47,1.0000,-1,-1,-1
695,89,794.49,171.76,67.34,137.57,1.0000,-1,-1,-1
695,90,501.92,208.86,59.03,129.95,1.0000,-1,-1,-1
695,91,-0.34,653.65,44.02,66.35,1.0000,-1,-1,-1
695,92,1071.12,287.15,62.86,148.72,1.0000,-1,-1,-1
696,35,869.57,311.91,77.64,156.98,1.0000,-1,-1,-1
696,56,1029.28,155.19,64.93,135.28,1.0000,-1,-1,-1
696,74,314.80,209.75,107.18,222.14,1.0000,-1,-1,-1
696,77,940.26,344.52,99.35,179.20,1.0000,-1,-1,-1
696,78,734.35,231.92,67.86,133.15,1.0000,-1,-1,-1
696,79,622.94,234.10,60.05,149.58,1.0000,-1,-1,-1
696,81,661.86,316.03,90.35,144.98,1.0000,-1,-1,-1
696,82,461.26,414.51,75.60,156.57,1.0000,-1,-1,-1
696,84,272.40,483.00,51.69,133.25,1.0000,-1,-1,-1
696,85,1041.72,288.89,92.57,152.29,1.0000,-1,-1,-1
696,86,929.96,310.83,48.73,135.56,1.0000,-1,-1,-1
696,87,595.16,558.34,68.04,160.61,1.0000,-1,-1,-1
696,88,546.74,214.05,80.73,152.51,1.0000,-1,-1,-1
696,89,789.11,169.88,62.52,136.99,1.0000,-1,-1,-1
696,90,499.01,208.38,57.06,128.47,1.0000,-1,-1,-1
696,91,-0.38,653.30,44.31,66.78,1.0000,-1,-1,-1
696,92,1068.73,281.60,64.66,152.99,1.0000,-1,-1,-1
697,35,875.26,312.37,78.22,156.15,1.0000,-1,-1,-1
697,56,1031.14,155.07,62.98,136.82,1.0000,-1,-1,-1
697,74,310.69,206.96,107.34,222.48,1.0000,-1,-1,-1
697,77,938.03,347.86,99.55,179.56,1.0000,-1,-1,-1
697,78,727.73,230.62,67.86,133.14,1.0000,-1,-1,-1
697,79,623.95,234.37,59.97,149.38,1.0000,-1,-1,-1
697,81,667.62,315.69,90.53,145.27,1.0000,-1,-1,-1
697,82,459.49,413.89,76.41,156.15,1.0000,-1,-1,-1
697,84,271.12,483.72,53.06,132.50,1.0000,-1,-1,-1
697,85,1041.26,287.81,93.44,153.41,1.0000,-1,-1,-1
697,86,929.89,310.19,49.48,136.42,1.0000,-1,-1,-1
697,87,594.54,557.75,68.36,160.93,1.0000,-1,-1,-1
697,88,543.63,214.08,82.03,152.29,1.0000,-1,-1,-1
697,89,783.07,168.70,60.88,136.14,1.0000,-1,-1,-1
697,90,496.03,207.07,54.16,127.56,1.0000,-1,-1,-1
697,91,-0.42,652.95,44.59,67.20,1.0000,-1,-1,-1
697,92,1066.36,276.11,66.42,157.14,1.0000,-1,-1,-1
698,35,879.47,309.84,74.45,153.28,1.0000,-1,-1,-1
698,56,1030.80,153.97,63.65,139.63,1.0000,-1,-1,-1
698,74,306.59,204.17,107.50,222.81,1.0000,-1,-1,-1
698,77,935.79,351.19,99.75,179.91,1.0000,-1,-1,-1
698,78,723.38,210.62,59.17,127.46,1.0000,-1,-1,-1
698,79,624.97,234.63,59.89,149.19,1.0000,-1,-1,-1
698,81,703.28,312.62,78.43,150.45,1.0000,-1,-1,-1
698,82,458.25,413.06,77.03,156.00,1.0000,-1,-1,-1
698,84,269.73,484.17,54.62,132.01,1.0000,-1,-1,-1
698,85,1044.46,287.32,91.82,154.17,1.0000,-1,-1,-1
698,86,929.43,311.49,50.61,139.37,1.0000,-1,-1,-1
698,87,594.04,557.34,68.79,161.29,1.0000,-1,-1,-1
698,88,540.57,214.19,83.68,151.98,1.0000,-1,-1,-1
698,89,775.81,165.03,61.70,137.44,1.0000,-1,-1,-1
698,90,493.55,208.03,50.72,126.39,1.0000,-1,-1,-1
698,91,-0.45,652.61,44.87,67.63,1.0000,-1,-1,-1
698,92,1064.02,270.67,68.13,161.19,1.0000,-1,-1,-1
699,35,883.31,305.90,69.69,148.19,1.0000,-1,-1,-1
699,56,1032.73,153.18,63.44,141.25,1.0000,-1,-1,-1
699,74,302.48,201.38,107.66,223.15,1.0000,-1,-1,-1
699,77,933.56,354.53,99.95,180.27,1.0000,-1,-1,-1
699,78,720.55,209.06,54.01,126.99,1.0000,-1,-1,-1
699,79,625.98,234.90,59.81,148.99,1.0000,-1,-1,-1
699,81,715.75,312.89,66.57,151.92,1.0000,-1,-1,-1
699,82,457.42,411.72,77.50,155.76,1.0000,-1,-1,-1
699,84,268.23,484.49,55.67,131.97,1.0000,-1,-1,-1
699,85,1043.09,286.86,92.33,155.05,1.0000,-1,-1,-1
699,86,928.14,312.81,52.54,143.95,1.0000,-1,-1,-1
699,87,593.91,557.09,69.02,161.76,1.0000,-1,-1,-1
699,88,538.17,214.23,85.29,151.61,1.0000,-1,-1,-1
699,89,769.36,164.80,63.72,135.35,1.0000,-1,-1,-1
699,90,491.79,207.63,48.07,125.80,1.0000,-1,-1,-1
699,91,-0.49,652.27,45.15,68.05,1.0000,-1,-1,-1
699,92,1061.69,265.28,69.80,165.14,1.0000,-1,-1,-1
700,35,890.80,301.65,67.68,142.85,1.0000,-1,-1,-1
700,56,1035.45,151.77,62.41,141.39,1.0000,-1,-1,-1
700,74,298.37,198.59,107.82,223.48,1.0000,-1,-1,-1
700,77,931.33,357.87,100.14,180.63,1.0000,-1,-1,-1
700,78,713.93,206.22,53.92,126.76,1.0000,-1,-1,-1
700,79,627.00,235.17,59.74,148.80,1.0000,-1,-1,-1
700,81,727.65,312.56,63.94,153.83,1.0000,-1,-1,-1
700,82,455.54,410.35,78.15,155.76,1.0000,-1,-1,-1
700,84,266.35,483.93,56.88,131.67,1.0000,-1,-1,-1
700,85,1049.68,286.84,88.15,155.35,1.0000,-1,-1,-1
700,86,927.97,310.74,54.18,144.39,1.0000,-1,-1,-1
700,87,593.26,556.39,69.64,162.50,1.0000,-1,-1,-1
700,88,536.37,214.00,86.91,150.81,1.0000,-1,-1,-1
700,89,759.60,161.01,66.94,133.26,1.0000,-1,-1,-1
700,90,486.70,206.42,47.67,125.49,1.0000,-1,-1,-1
700,91,-0.52,651.93,45.42,68.46,1.0000,-1,-1,-1
700,92,1059.39,259.94,71.43,168.99,1.0000,-1,-1,-1
701,35,897.51,301.39,69.35,140.47,1.0000,-1,-1,-1
701,56,1036.40,151.10,62.01,141.67,1.0000,-1,-1,-1
701,74,294.27,195.80,107.98,223.81,1.0000,-1,-1,-1
701,77,929.10,361.21,100.34,180.98,1.0000,-1,-1,-1
701,78,707.31,203.38,53.82,126.53,1.0000,-1,-1,-1
701,79,628.01,235.44,59.66,148.61,1.0000,-1,-1,-1
701,81,735.03,312.01,66.34,153.75,1.0000,-1,-1,-1
701,82,454.24,409.71,78.56,155.69,1.0000,-1,-1,-1
701,84,264.91,483.79,57.63,131.74,1.0000,-1,-1,-1
701,85,1052.09,286.43,85.00,155.46,1.0000,-1,-1,-1
701,86,930.39,310.53,54.10,144.17,1.0000,-1,-1,-1
701,87,592.82,555.85,69.94,163.07,1.0000,-1,-1,-1
701,88,534.39,214.03,88.35,150.15,1.0000,-1,-1,-1
701,89,750.88,161.77,69.91,127.91,1.0000,-1,-1,-1
701,90,480.69,205.87,49.93,126.33,1.0000,-1,-1,-1
701,91,-0.56,651.59,45.70,68.88,1.0000,-1,-1,-1
701,92,1057.10,254.64,73.02,172.76,1.0000,-1,-1,-1
702,35,901.87,300.79,71.94,140.19,1.0000,-1,-1,-1
702,56,1037.44,153.96,61.18,140.67,1.0000,-1,-1,-1
702,74,290.16,193.01,108.15,224.15,1.0000,-1,-1,-1
702,77,926.87,364.55,100.54,181.33,1.0000,-1,-1,-1
702,78,700.68,200.55,53.72,126.30,1.0000,-1,-1,-1
702,79,629.02,235.71,59.58,148.41,1.0000,-1,-1,-1
702,81,742.43,312.30,70.93,152.60,1.0000,-1,-1,-1
702,82,453.61,409.29,78.72,156.04,1.0000,-1,-1,-1
702,84,263.84,483.43,57.83,132.22,1.0000,-1,-1,-1
702,85,1048.16,286.47,85.01,155.18,1.0000,-1,-1,-1
702,86,932.82,310.32,54.02,143.95,1.0000,-1,-1,-1
702,87,592.73,555.37,70.02,163.78,1.0000,-1,-1,-1
702,88,533.63,214.04,89.07,149.63,1.0000,-1,-1,-1
702,89,742.78,159.53,69.30,126.79,1.0000,-1,-1,-1
702,90,474.42,206.53,53.50,126.57,1.0000,-1,-1,-1
702,91,-0.59,651.25,45.97,69.29,1.0000,-1,-1,-1
702,92,1054.83,249.38,74.58,176.45,1.0000,-1,-1,-1
703,35,903.65,300.42,74.96,141.07,1.0000,-1,-1,-1
703,56,1038.34,155.11,60.47,140.68,1.0000,-1,-1,-1
703,74,286.05,190.22,108.31,224.48,1.0000,-1,-1,-1
703,77,924.64,367.89,100.73,181.69,1.0000,-1,-1,-1
703,78,694.06,197.71,53.62,126.07,1.0000,-1,-1,-1
703,79,630.04,235.99,59.50,148.22,1.0000,-1,-1,-1
703,81,748.54,312.49,75.52,151.39,1.0000,-1,-1,-1
703,82,453.14,408.72,78.96,156.45,1.0000,-1,-1,-1
703,84,263.15,483.48,57.60,133.49,1.0000,-1,-1,-1
703,85,1046.16,286.76,84.27,154.88,1.0000,-1,-1,-1
703,86,935.25,310.11,53.94,143.73,1.0000,-1,-1,-1
703,87,592.58,554.92,70.12,164.44,1.0000,-1,-1,-1
703,88,531.09,214.12,88.28,149.05,1.0000,-1,-1,-1
703,89,734.68,157.29,68.68,125.66,1.0000,-1,-1,-1
703,90,468.08,206.79,57.44,126.25,1.0000,-1,-1,-1
703,91,-0.63,650.91,46.25,69.70,1.0000,-1,-1,-1
703,92,1052.58,244.16,76.11,180.06,1.0000,-1,-1,-1
704,35,907.15,300.34,81.25,142.79,1.0000,-1,-1,-1
704,56,1039.22,152.59,59.81,142.07,1.0000,-1,-1,-1
704,74,281.95,187.43,108.47,224.81,1.0000,-1,-1,-1
704,77,922.40,371.23,100.93,182.04,1.0000,-1,-1,-1
704,78,698.58,200.77,55.31,136.01,1.0000,-1,-1,-1
704,79,631.05,236.26,59.42,148.02,1.0000,-1,-1,-1
704,81,753.49,311.35,77.16,150.65,1.0000,-1,-1,-1
704,82,452.92,408.22,79.17,156.85,1.0000,-1,-1,-1
704,84,262.40,482.75,57.00,133.93,1.0000,-1,-1,-1
704,85,1046.07,287.05,82.18,154.33,1.0000,-1,-1,-1
704,86,937.68,309.90,53.85,143.51,1.0000,-1,-1,-1
704,87,592.65,554.42,70.14,165.04,1.0000,-1,-1,-1
704,88,527.77,212.97,87.00,149.65,1.0000,-1,-1,-1
704,89,726.58,155.06,68.06,124.52,1.0000,-1,-1,-1
704,90,462.06,206.42,62.28,126.47,1.0000,-1,-1,-1
704,91,-0.66,650.58,46.52,70.11,1.0000,-1,-1,-1
704,92,1050.34,238.97,77.60,183.61,1.0000,-1,-1,-1
705,35,910.25,298.82,86.79,144.98,1.0000,-1,-1,-1
705,56,1043.83,151.97,57.10,143.12,1.0000,-1,-1,-1
705,74,277.84,184.64,108.63,225.14,1.0000,-1,-1,-1
705,77,920.17,374.57,101.12,182.39,1.0000,-1,-1,-1
705,78,686.34,196.03,55.73,140.19,1.0000,-1,-1,-1
705,79,632.07,236.53,59.35,147.82,1.0000,-1,-1,-1
705,81,768.40,310.76,71.21,148.23,1.0000,-1,-1,-1
705,82,452.88,407.31,79.32,157.11,1.0000,-1,-1,-1
705,84,261.63,481.84,56.33,134.72,1.0000,-1,-1,-1
705,85,1049.04,287.50,77.38,154.13,1.0000,-1,-1,-1
705,86,940.11,309.69,53.77,143.29,1.0000,-1,-1,-1
705,87,591.81,553.71,70.44,165.76,1.0000,-1,-1,-1
705,88,522.66,212.99,83.33,149.93,1.0000,-1,-1,-1
705,89,718.49,152.83,67.43,123.37,1.0000,-1,-1,-1
705,90,456.94,205.73,67.02,126.26,1.0000,-1,-1,-1
705,91,-0.39,646.51,44.53,72.67,1.0000,-1,-1,-1
705,92,1048.12,233.82,79.07,187.08,1.0000,-1,-1,-1
705,93,269.45,194.26,63.58,136.64,1.0000,-1,-1,-1
706,35,910.70,297.03,90.61,146.29,1.0000,-1,-1,-1
706,56,1047.40,152.15,54.64,143.71,1.0000,-1,-1,-1
706,74,273.73,181.85,108.79,225.47,1.0000,-1,-1,-1
706,77,917.94,377.91,101.32,182.74,1.0000,-1,-1,-1
706,78,679.26,194.74,56.71,140.70,1.0000,-1,-1,-1
706,79,633.08,236.80,59.27,147.63,1.0000,-1,-1,-1
706,81,781.10,313.44,68.60,146.77,1.0000,-1,-1,-1
706,82,453.07,406.61,79.29,157.28,1.0000,-1,-1,-1
706,84,260.66,481.24,55.79,135.52,1.0000,-1,-1,-1
706,85,1050.93,287.34,73.15,154.62,1.0000,-1,-1,-1
706,86,942.53,309.48,53.69,143.06,1.0000,-1,-1,-1
706,87,591.22,553.13,70.68,166.40,1.0000,-1,-1,-1
706,88,519.20,212.38,78.64,149.19,1.0000,-1,-1,-1
706,89,710.40,150.61,66.80,122.20,1.0000,-1,-1,-1
706,90,453.50,204.64,71.33,126.41,1.0000,-1,-1,-1
706,91,-0.31,644.76,44.09,74.06,1.0000,-1,-1,-1
706,92,1045.91,228.70,80.51,190.49,1.0000,-1,-1,-1
706,93,269.27,195.50,63.02,135.85,1.0000,-1,-1,-1
707,35,912.17,295.40,92.49,147.81,1.0000,-1,-1,-1
707,56,1049.26,152.79,52.97,143.99,1.0000,-1,-1,-1
707,74,269.63,179.06,108.95,225.80,1.0000,-1,-1,-1
707,77,915.71,381.25,101.51,183.09,1.0000,-1,-1,-1
707,78,672.26,189.90,60.09,143.51,1.0000,-1,-1,-1
707,79,634.09,237.07,59.19,147.43,1.0000,-1,-1,-1
707,81,792.23,318.48,68.69,148.50,1.0000,-1,-1,-1
707,82,453.82,406.12,78.93,157.35,1.0000,-1,-1,-1
707,84,260.05,480.26,55.40,136.85,1.0000,-1,-1,-1
707,85,1052.06,287.10,69.09,154.53,1.0000,-1,-1,-1
707,86,944.96,309.28,53.61,142.84,1.0000,-1,-1,-1
707,87,590.93,552.53,70.94,167.03,1.0000,-1,-1,-1
707,88,517.52,212.07,75.02,148.99,1.0000,-1,-1,-1
707,89,702.31,148.40,66.16,121.03,1.0000,-1,-1,-1
707,90,451.19,203.97,74.14,126.44,1.0000,-1,-1,-1
707,91,-0.27,643.61,43.98,75.17,1.0000,-1,-1,-1
707,92,1043.71,223.60,81.93,193.85,1.0000,-1,-1,-1
707,93,268.56,197.55,61.72,133.94,1.0000,-1,-1,-1
708,35,912.94,293.42,93.68,150.00,1.0000,-1,-1,-1
708,56,1049.75,151.74,52.38,143.33,1.0000,-1,-1,-1
708,74,265.52,176.28,109.10,226.13,1.0000,-1,-1,-1
708,77,913.48,384.59,101.70,183.44,1.0000,-1,-1,-1
708,78,665.36,187.81,63.89,144.47,1.0000,-1,-1,-1
708,79,635.11,237.34,59.11,147.24,1.0000,-1,-1,-1
708,81,801.11,321.33,67.47,150.00,1.0000,-1,-1,-1
708,82,454.59,405.83,78.48,157.33,1.0000,-1,-1,-1
708,84,259.67,479.40,54.86,137.99,1.0000,-1,-1,-1
708,85,1053.71,287.03,65.12,154.63,1.0000,-1,-1,-1
708,86,947.39,309.07,53.52,142.62,1.0000,-1,-1,-1
708,87,591.00,552.05,71.15,167.58,1.0000,-1,-1,-1
708,88,516.49,211.95,72.50,149.58,1.0000,-1,-1,-1
708,89,694.23,146.19,65.51,119.85,1.0000,-1,-1,-1
708,90,449.41,202.96,74.89,126.91,1.0000,-1,-1,-1
708,91,-0.27,642.94,43.88,75.86,1.0000,-1,-1,-1
708,92,1041.52,218.54,83.32,197.14,1.0000,-1,-1,-1
708,93,267.62,198.04,61.95,134.44,1.0000,-1,-1,-1
709,35,912.96,290.79,94.37,152.43,1.0000,-1,-1,-1
709,56,1051.01,151.22,52.01,142.85,1.0000,-1,-1,-1
709,74,261.42,173.49,109.26,226.46,1.0000,-1,-1,-1
709,77,911.25,387.93,101.90,183.79,1.0000,-1,-1,-1
709,78,658.76,190.60,67.63,141.87,1.0000,-1,-1,-1
709,79,636.12,237.61,59.03,147.04,1.0000,-1,-1,-1
709,81,807.46,321.19,65.61,149.01,1.0000,-1,-1,-1
709,82,455.59,405.45,77.85,157.25,1.0000,-1,-1,-1
709,84,258.88,478.84,54.49,139.16,1.0000,-1,-1,-1
709,85,1054.14,286.77,62.44,155.01,1.0000,-1,-1,-1
709,86,949.82,308.86,53.44,142.40,1.0000,-1,-1,-1
709,87,590.88,551.63,71.22,168.06,1.0000,-1,-1,-1
709,88,516.16,212.06,71.93,149.78,1.0000,-1,-1,-1
709,89,686.15,143.99,64.86,118.65,1.0000,-1,-1,-1
709,90,448.17,201.32,74.76,127.94,1.0000,-1,-1,-1
709,91,-0.31,642.56,43.72,76.28,1.0000,-1,-1,-1
709,92,1039.35,213.51,84.69,200.38,1.0000,-1,-1,-1
709,93,266.69,198.53,62.18,134.95,1.0000,-1,-1,-1
710,35,912.18,286.20,94.81,155.44,1.0000,-1,-1,-1
710,56,1052.16,150.42,51.63,141.17,1.0000,-1,-1,-1
710,74,257.31,170.70,109.42,226.79,1.0000,-1,-1,-1
710,77,909.02,391.27,102.09,184.14,1.0000,-1,-1,-1
710,78,652.06,193.52,70.03,136.39,1.0000,-1,-1,-1
710,79,637.14,237.88,58.95,146.84,1.0000,-1,-1,-1
710,81,815.08,321.81,61.37,147.59,1.0000,-1,-1,-1
710,82,457.18,405.39,76.85,157.16,1.0000,-1,-1,-1
710,84,258.23,478.43,54.26,140.40,1.0000,-1,-1,-1
710,85,1054.33,303.16,60.73,145.62,1.0000,-1,-1,-1
710,86,952.25,308.65,53.36,142.18,1.0000,-1,-1,-1
710,87,590.42,550.98,71.30,168.65,1.0000,-1,-1,-1
710,88,513.75,213.40,73.68,151.32,1.0000,-1,-1,-1
710,89,678.07,141.79,64.20,117.45,1.0000,-1,-1,-1
710,90,444.87,199.37,70.50,128.59,1.0000,-1,-1,-1
710,91,-0.40,642.03,43.94,76.66,1.0000,-1,-1,-1
710,92,1037.18,208.50,86.04,203.57,1.0000,-1,-1,-1
710,93,265.75,199.03,62.41,135.45,1.0000,-1,-1,-1
711,35,910.31,283.18,95.63,157.97,1.0000,-1,-1,-1
711,56,1053.35,150.82,51.29,139.37,1.0000,-1,-1,-1
711,74,253.20,167.91,109.58,227.12,1.0000,-1,-1,-1
711,77,906.79,394.61,102.28,184.49,1.0000,-1,-1,-1
711,78,648.01,194.45,70.82,132.67,1.0000,-1,-1,-1
711,79,638.15,238.15,58.87,146.65,1.0000,-1,-1,-1
711,81,823.27,322.28,61.38,147.61,1.0000,-1,-1,-1
711,82,458.45,405.53,75.80,157.04,1.0000,-1,-1,-1
711,84,257.90,477.97,54.08,141.09,1.0000,-1,-1,-1
711,85,1051.62,311.04,61.04,138.64,1.0000,-1,-1,-1
711,86,954.68,308.44,53.27,141.95,1.0000,-1,-1,-1
711,87,590.37,550.64,71.24,169.07,1.0000,-1,-1,-1
711,88,511.68,214.70,75.69,152.34,1.0000,-1,-1,-1
711,89,670.00,139.60,63.53,116.23,1.0000,-1,-1,-1
711,90,441.98,199.13,64.85,128.90,1.0000,-1,-1,-1
711,91,-0.13,641.98,44.07,76.93,1.0000,-1,-1,-1
711,92,1035.03,203.51,87.37,206.71,1.0000,-1,-1,-1
711,93,264.81,199.52,62.64,135.95,1.0000,-1,-1,-1
712,35,908.91,281.59,95.40,160.37,1.0000,-1,-1,-1
712,56,1054.56,152.28,50.54,138.82,1.0000,-1,-1,-1
712,74,249.10,165.12,109.74,227.45,1.0000,-1,-1,-1
712,77,904.56,397.95,102.48,184.84,1.0000,-1,-1,-1
712,78,645.00,192.17,70.45,131.49,1.0000,-1,-1,-1
712,79,639.17,238.42,58.79,146.45,1.0000,-1,-1,-1
712,81,831.82,328.92,67.01,152.82,1.0000,-1,-1,-1
712,82,459.35,405.85,74.97,156.84,1.0000,-1,-1,-1
712,84,257.68,477.65,54.02,141.58,1.0000,-1,-1,-1
712,85,1049.81,315.61,61.47,133.17,1.0000,-1,-1,-1
712,86,957.11,308.23,53.19,141.73,1.0000,-1,-1,-1
712,87,590.48,550.50,71.16,169.34,1.0000,-1,-1,-1
712,88,508.88,215.43,78.29,150.46,1.0000,-1,-1,-1
712,89,661.93,137.41,62.86,114.99,1.0000,-1,-1,-1
712,90,441.10,199.33,60.35,129.20,1.0000,-1,-1,-1
712,91,-0.15,641.89,44.07,77.13,1.0000,-1,-1,-1
712,92,1032.88,198.55,88.68,209.80,1.0000,-1,-1,-1
712,93,263.87,200.01,62.87,136.45,1.0000,-1,-1,-1
713,35,906.87,279.75,93.49,161.79,1.0000,-1,-1,-1
713,56,1055.78,152.29,50.48,138.65,1.0000,-1,-1,-1
713,74,244.99,162.34,109.90,227.78,1.0000,-1,-1,-1
713,77,902.33,401.30,102.67,185.18,1.0000,-1,-1,-1
713,78,638.85,187.18,69.32,133.08,1.0000,-1,-1,-1
713,79,640.18,238.70,58.71,146.25,1.0000,-1,-1,-1
713,81,836.64,331.44,71.63,155.49,1.0000,-1,-1,-1
713,82,459.84,406.15,74.39,156.70,1.0000,-1,-1,-1
713,84,257.78,477.61,54.05,141.99,1.0000,-1,-1,-1
713,85,1048.17,319.11,61.90,128.90,1.0000,-1,-1,-1
713,86,959.54,308.02,53.10,141.51,1.0000,-1,-1,-1
713,87,590.61,550.40,71.05,169.54,1.0000,-1,-1,-1
713,88,506.98,216.13,80.33,148.33,1.0000,-1,-1,-1
713,89,653.86,135.23,62.17,113.75,1.0000,-1,-1,-1
713,90,440.65,199.30,57.25,129.37,1.0000,-1,-1,-1
713,91,-0.16,641.80,44.08,77.29,1.0000,-1,-1,-1
713,92,1030.75,193.61,89.96,212.85,1.0000,-1,-1,-1
713,93,262.93,200.51,63.10,136.94,1.0000,-1,-1,-1
714,35,904.77,278.33,90.64,162.85,1.0000,-1,-1,-1
714,56,1057.00,152.30,50.42,138.49,1.0000,-1,-1,-1
714,74,240.89,159.55,110.05,228.10,1.0000,-1,-1,-1
714,77,900.10,404.64,102.86,185.53,1.0000,-1,-1,-1
714,78,632.22,182.74,66.43,134.90,1.0000,-1,-1,-1
714,79,641.20,238.97,58.63,146.05,1.0000,-1,-1,-1
714,81,840.38,335.46,74.90,156.45,1.0000,-1,-1,-1
714,82,460.08,406.33,74.00,156.61,1.0000,-1,-1,-1
714,84,258.11,477.60,54.00,142.53,1.0000,-1,-1,-1
714,85,1046.00,322.11,62.33,125.41,1.0000,-1,-1,-1
714,86,961.96,307.82,53.02,141.28,1.0000,-1,-1,-1
714,87,590.71,550.29,70.96,169.70,1.0000,-1,-1,-1
714,88,505.64,215.70,81.72,143.83,1.0000,-1,-1,-1
714,89,645.80,133.06,61.49,112.48,1.0000,-1,-1,-1
714,90,438.81,199.06,54.10,129.52,1.0000,-1,-1,-1
714,91,-0.21,641.70,44.02,77.44,1.0000,-1,-1,-1
714,92,1028.63,188.69,91.23,215.86,1.0000,-1,-1,-1
714,93,262.00,201.00,63.33,137.44,1.0000,-1,-1,-1
715,35,903.43,277.16,87.16,164.07,1.0000,-1,-1,-1
715,56,1055.19,154.45,52.90,141.68,1.0000,-1,-1,-1
715,77,897.88,407.98,103.05,185.88,1.0000,-1,-1,-1
715,78,625.21,184.66,62.82,133.15,1.0000,-1,-1,-1
715,79,642.21,239.24,58.55,145.85,1.0000,-1,-1,-1
715,81,845.33,339.99,75.62,155.15,1.0000,-1,-1,-1
715,82,460.32,406.32,73.62,156.45,1.0000,-1,-1,-1
715,84,259.06,476.99,54.07,142.70,1.0000,-1,-1,-1
715,85,1040.17,325.53,65.26,121.39,1.0000,-1,-1,-1
715,86,964.39,307.61,52.94,141.06,1.0000,-1,-1,-1
715,87,590.30,550.05,71.02,169.93,1.0000,-1,-1,-1
715,88,503.49,217.62,81.58,140.32,1.0000,-1,-1,-1
715,89,637.74,130.90,60.79,111.21,1.0000,-1,-1,-1
715,90,434.54,195.93,54.70,131.24,1.0000,-1,-1,-1
715,91,-0.11,641.47,44.15,77.69,1.0000,-1,-1,-1
715,92,1026.51,183.79,92.49,218.82,1.0000,-1,-1,-1
715,93,261.06,201.50,63.56,137.93,1.0000,-1,-1,-1
716,35,902.60,275.84,83.50,163.65,1.0000,-1,-1,-1
716,56,1055.31,154.71,53.92,142.72,1.0000,-1,-1,-1
716,77,895.65,411.33,103.24,186.22,1.0000,-1,-1,-1
716,78,619.12,182.91,62.79,133.09,1.0000,-1,-1,-1
716,79,643.22,239.51,58.47,145.66,1.0000,-1,-1,-1
716,81,847.30,342.95,76.15,153.60,1.0000,-1,-1,-1
716,82,460.44,406.40,73.28,156.29,1.0000,-1,-1,-1
716,84,259.96,476.51,54.17,142.86,1.0000,-1,-1,-1
716,85,1036.54,328.49,68.03,118.74,1.0000,-1,-1,-1
716,86,966.82,307.40,52.85,140.83,1.0000,-1,-1,-1
716,87,590.09,549.89,71.17,170.13,1.0000,-1,-1,-1
716,88,501.67,221.21,79.84,140.99,1.0000,-1,-1,-1
716,89,629.69,128.74,60.08,109.92,1.0000,-1,-1,-1
716,90,427.91,193.61,57.31,135.29,1.0000,-1,-1,-1
716,91,-0.03,641.24,44.36,77.91,1.0000,-1,-1,-1
716,92,1024.40,178.92,93.72,221.75,1.0000,-1,-1,-1
716,93,260.12,202.00,63.78,138.42,1.0000,-1,-1,-1
717,35,903.38,276.02,80.83,163.60,1.0000,-1,-1,-1
717,56,1055.46,154.59,54.71,143.61,1.0000,-1,-1,-1
717,77,893.42,414.67,103.43,186.56,1.0000,-1,-1,-1
717,78,613.65,183.25,58.12,132.01,1.0000,-1,-1,-1
717,79,644.24,239.78,58.39,145.46,1.0000,-1,-1,-1
717,81,848.25,345.49,76.44,151.83,1.0000,-1,-1,-1
717,82,460.55,406.40,72.99,156.10,1.0000,-1,-1,-1
717,84,261.05,476.13,54.20,142.83,1.0000,-1,-1,-1
717,85,1033.25,334.56,71.03,122.44,1.0000,-1,-1,-1
717,86,969.25,307.19,52.77,140.61,1.0000,-1,-1,-1
717,87,590.16,549.78,71.13,170.26,1.0000,-1,-1,-1
717,88,499.68,224.07,76.68,143.60,1.0000,-1,-1,-1
717,89,621.64,126.59,59.37,108.62,1.0000,-1,-1,-1
717,90,421.62,191.91,59.98,137.72,1.0000,-1,-1,-1
717,91,-0.07,640.86,44.54,78.24,1.0000,-1,-1,-1
717,92,1022.30,174.06,94.94,224.63,1.0000,-1,-1,-1
717,93,259.19,202.50,64.01,138.91,1.0000,-1,-1,-1
718,35,904.26,275.23,78.92,162.14,1.0000,-1,-1,-1
718,56,1056.31,154.28,55.27,144.11,1.0000,-1,-1,-1
718,77,891.19,418.01,103.62,186.91,1.0000,-1,-1,-1
718,78,607.56,181.32,56.73,132.00,1.0000,-1,-1,-1
718,79,645.25,240.06,58.31,145.26,1.0000,-1,-1,-1
718,81,848.31,346.98,76.48,150.28,1.0000,-1,-1,-1
718,82,460.82,406.40,72.71,155.94,1.0000,-1,-1,-1
718,84,262.11,475.89,54.32,142.98,1.0000,-1,-1,-1
718,85,1032.32,336.51,70.98,122.37,1.0000,-1,-1,-1
718,86,964.51,314.94,41.75,117.65,1.0000,-1,-1,-1
718,87,590.45,549.69,70.94,170.38,1.0000,-1,-1,-1
718,88,499.43,222.78,73.52,144.87,1.0000,-1,-1,-1
718,89,613.59,124.45,58.65,107.30,1.0000,-1,-1,-1
718,90,415.57,195.58,62.93,138.05,1.0000,-1,-1,-1
718,91,-0.11,640.49,44.73,78.56,1.0000,-1,-1,-1
718,92,1020.21,169.22,96.15,227.48,1.0000,-1,-1,-1
718,93,258.25,203.00,64.23,139.40,1.0000,-1,-1,-1
719,35,905.23,275.17,78.64,160.88,1.0000,-1,-1,-1
719,56,1057.25,154.28,56.02,143.59,1.0000,-1,-1,-1
719,77,888.96,421.36,103.81,187.25,1.0000,-1,-1,-1
719,78,602.39,175.53,55.07,132.42,1.0000,-1,-1,-1
719,79,646.27,240.33,58.23,145.06,1.0000,-1,-1,-1
719,81,847.91,348.10,76.18,148.75,1.0000,-1,-1,-1
719,82,460.98,406.38,72.51,155.70,1.0000,-1,-1,-1
719,84,263.76,475.73,55.15,143.70,1.0000,-1,-1,-1
719,85,1030.26,337.04,74.47,122.27,1.0000,-1,-1,-1
719,86,966.43,314.85,41.47,116.86,1.0000,-1,-1,-1
719,87,590.71,549.56,70.74,170.50,1.0000,-1,-1,-1
719,88,498.05,221.30,70.17,145.60,1.0000,-1,-1,-1
719,89,605.55,122.32,57.92,105.96,1.0000,-1,-1,-1
719,90,409.58,199.68,65.74,136.62,1.0000,-1,-1,-1
719,91,-0.16,640.11,44.91,78.89,1.0000,-1,-1,-1
719,92,1018.12,164.39,97.34,230.30,1.0000,-1,-1,-1
719,93,257.32,203.50,64.46,139.88,1.0000,-1,-1,-1
720,35,906.56,275.94,78.80,159.33,1.0000,-1,-1,-1
720,56,1058.66,154.58,56.81,143.77,1.0000,-1,-1,-1
720,77,886.73,424.70,104.00,187.59,1.0000,-1,-1,-1
720,78,597.51,174.94,54.34,132.48,1.0000,-1,-1,-1
720,79,647.28,240.60,58.15,144.86,1.0000,-1,-1,-1
720,81,845.09,348.76,75.17,147.14,1.0000,-1,-1,-1
720,82,460.23,406.20,72.40,155.21,1.0000,-1,-1,-1
720,84,266.13,475.55,55.83,143.64,1.0000,-1,-1,-1
720,85,1027.45,339.34,77.32,126.49,1.0000,-1,-1,-1
720,86,968.35,314.77,41.19,116.07,1.0000,-1,-1,-1
720,87,591.33,549.20,70.35,170.68,1.0000,-1,-1,-1
720,88,495.17,220.21,64.72,144.89,1.0000,-1,-1,-1
720,89,597.51,120.20,57.18,104.60,1.0000,-1,-1,-1
720,90,402.49,205.10,68.73,134.24,1.0000,-1,-1,-1
720,91,-0.20,639.74,45.10,79.21,1.0000,-1,-1,-1
720,92,1016.05,159.59,98.51,233.08,1.0000,-1,-1,-1
720,93,256.39,204.00,64.68,140.37,1.0000,-1,-1,-1
721,35,905.78,276.34,77.66,157.51,1.0000,-1,-1,-1
721,56,1059.56,156.48,57.31,143.43,1.0000,-1,-1,-1
721,77,884.51,428.05,104.19,187.93,1.0000,-1,-1,-1
721,78,592.50,174.11,50.94,131.38,1.0000,-1,-1,-1
721,79,648.30,240.87,58.07,144.66,1.0000,-1,-1,-1
721,81,841.50,348.77,72.72,146.42,1.0000,-1,-1,-1
721,82,459.21,405.85,72.53,154.74,1.0000,-1,-1,-1
721,84,266.49,475.43,55.81,143.60,1.0000,-1,-1,-1
721,85,1023.27,340.73,78.75,130.18,1.0000,-1,-1,-1
721,86,967.43,319.22,45.23,112.62,1.0000,-1,-1,-1
721,87,591.52,548.91,70.23,170.93,1.0000,-1,-1,-1
721,88,494.42,220.49,60.03,144.31,1.0000,-1,-1,-1
721,89,589.48,118.08,56.43,103.23,1.0000,-1,-1,-1
721,90,398.31,208.22,70.67,132.48,1.0000,-1,-1,-1
721,91,-0.24,639.37,45.28,79.53,1.0000,-1,-1,-1
721,92,1013.98,154.80,99.67,235.82,1.0000,-1,-1,-1
721,93,255.45,204.50,64.90,140.85,1.0000,-1,-1,-1
722,35,905.70,276.90,77.96,156.00,1.0000,-1,-1,-1
722,56,1059.55,156.52,58.70,143.87,1.0000,-1,-1,-1
722,77,882.28,431.39,104.38,188.27,1.0000,-1,-1,-1
722,78,586.32,172.39,50.85,131.14,1.0000,-1,-1,-1
722,79,649.31,241.15,57.99,144.46,1.0000,-1,-1,-1
722,81,835.74,348.04,71.37,146.51,1.0000,-1,-1,-1
722,82,458.32,405.65,72.87,154.32,1.0000,-1,-1,-1
722,84,266.84,475.30,55.80,143.56,1.0000,-1,-1,-1
722,85,1017.52,342.32,79.47,132.35,1.0000,-1,-1,-1
722,86,969.28,319.32,44.97,111.97,1.0000,-1,-1,-1
722,87,591.79,548.68,70.19,171.15,1.0000,-1,-1,-1
722,88,492.65,221.43,56.75,143.73,1.0000,-1,-1,-1
722,89,581.45,115.97,55.67,101.84,1.0000,-1,-1,-1
722,90,396.84,210.57,71.43,130.54,1.0000,-1,-1,-1
722,91,-0.25,640.12,44.81,79.15,1.0000,-1,-1,-1
722,92,1011.91,150.03,100.82,238.54,1.0000,-1,-1,-1
722,93,254.52,205.00,65.12,141.33,1.0000,-1,-1,-1
723,35,907.26,276.00,76.69,153.60,1.0000,-1,-1,-1
723,56,1058.22,157.23,60.75,144.70,1.0000,-1,-1,-1
723,77,880.05,434.74,104.57,188.62,1.0000,-1,-1,-1
723,78,584.31,173.28,50.70,131.15,1.0000,-1,-1,-1
723,79,650.33,241.42,57.91,144.26,1.0000,-1,-1,-1
723,81,833.01,346.52,70.34,146.89,1.0000,-1,-1,-1
723,82,457.34,405.86,74.09,153.80,1.0000,-1,-1,-1
723,84,272.85,476.91,56.61,141.14,1.0000,-1,-1,-1
723,85,1013.66,344.70,76.44,131.83,1.0000,-1,-1,-1
723,86,971.14,319.43,44.70,111.30,1.0000,-1,-1,-1
723,87,591.82,548.42,70.28,171.44,1.0000,-1,-1,-1
723,88,491.25,223.05,54.63,144.34,1.0000,-1,-1,-1
723,89,573.43,113.88,54.90,100.43,1.0000,-1,-1,-1
723,90,396.13,212.79,71.83,128.53,1.0000,-1,-1,-1
723,91,-0.08,640.08,44.96,79.13,1.0000,-1,-1,-1
723,92,1009.85,145.27,101.96,241.22,1.0000,-1,-1,-1
723,93,253.58,205.51,65.34,141.81,1.0000,-1,-1,-1
724,35,908.26,275.08,76.66,153.53,1.0000,-1,-1,-1
724,56,1057.23,156.49,62.60,145.46,1.0000,-1,-1,-1
724,77,877.82,438.09,104.76,188.95,1.0000,-1,-1,-1
724,78,578.80,174.01,51.09,129.58,1.0000,-1,-1,-1
724,79,651.34,241.69,57.83,144.06,1.0000,-1,-1,-1
724,81,835.39,347.42,70.39,146.99,1.0000,-1,-1,-1
724,82,456.32,406.13,75.77,153.36,1.0000,-1,-1,-1
724,84,274.24,478.20,58.21,139.93,1.0000,-1,-1,-1
724,85,1011.75,346.84,76.48,131.90,1.0000,-1,-1,-1
724,86,973.00,319.54,44.43,110.64,1.0000,-1,-1,-1
724,87,591.79,548.16,70.27,171.72,1.0000,-1,-1,-1
724,88,490.68,224.45,52.45,145.07,1.0000,-1,-1,-1
724,89,565.41,111.79,54.12,99.00,1.0000,-1,-1,-1
724,90,395.95,213.62,72.55,127.65,1.0000,-1,-1,-1
724,91,0.01,640.07,45.18,79.12,1.0000,-1,-1,-1
724,92,1007.80,140.53,103.08,243.88,1.0000,-1,-1,-1
724,93,252.65,206.01,65.56,142.29,1.0000,-1,-1,-1
725,35,929.60,279.81,68.71,155.29,1.0000,-1,-1,-1
725,56,1060.02,154.15,62.43,142.69,1.0000,-1,-1,-1
725,77,875.59,441.43,104.95,189.29,1.0000,-1,-1,-1
725,78,567.61,171.88,53.74,129.20,1.0000,-1,-1,-1
725,79,652.36,241.97,57.75,143.86,1.0000,-1,-1,-1
725,81,837.76,348.31,70.44,147.09,1.0000,-1,-1,-1
725,82,454.95,408.10,76.78,153.45,1.0000,-1,-1,-1
725,84,275.22,478.18,58.20,139.90,1.0000,-1,-1,-1
725,85,994.23,337.89,76.25,137.55,1.0000,-1,-1,-1
725,86,974.86,319.65,44.16,109.97,1.0000,-1,-1,-1
725,87,591.78,547.37,70.38,172.08,1.0000,-1,-1,-1
725,88,487.48,226.87,51.32,147.56,1.0000,-1,-1,-1
725,89,557.40,109.72,53.32,97.55,1.0000,-1,-1,-1
725,90,394.30,215.74,72.92,125.60,1.0000,-1,-1,-1
725,91,-0.01,639.79,45.34,79.41,1.0000,-1,-1,-1
725,92,1005.76,135.80,104.19,246.51,1.0000,-1,-1,-1
725,93,251.72,206.51,65.78,142.77,1.0000,-1,-1,-1
726,35,931.16,279.42,66.48,157.77,1.0000,-1,-1,-1
726,56,1061.40,154.27,61.81,140.68,1.0000,-1,-1,-1
726,77,873.37,444.78,105.14,189.63,1.0000,-1,-1,-1
726,78,557.61,169.45,58.17,129.83,1.0000,-1,-1,-1
726,79,653.37,242.24,57.67,143.66,1.0000,-1,-1,-1
726,81,840.14,349.21,70.49,147.19,1.0000,-1,-1,-1
726,82,454.31,409.45,76.74,154.12,1.0000,-1,-1,-1
726,84,285.47,479.78,73.24,140.01,1.0000,-1,-1,-1
726,85,987.83,338.33,75.36,142.75,1.0000,-1,-1,-1
726,86,976.72,319.76,43.89,109.30,1.0000,-1,-1,-1
726,87,591.82,546.45,70.34,172.67,1.0000,-1,-1,-1
726,88,485.81,228.57,50.93,149.14,1.0000,-1,-1,-1
726,89,549.40,107.65,52.52,96.08,1.0000,-1,-1,-1
726,90,391.83,216.34,71.05,122.83,1.0000,-1,-1,-1
726,91,-0.03,639.51,45.51,79.69,1.0000,-1,-1,-1
726,92,1003.72,131.08,105.29,249.11,1.0000,-1,-1,-1
726,93,250.79,207.02,66.00,143.24,1.0000,-1,-1,-1
727,35,939.71,278.64,66.43,159.81,1.0000,-1,-1,-1
727,56,1061.57,154.05,62.14,140.08,1.0000,-1,-1,-1
727,77,871.14,448.13,105.32,189.97,1.0000,-1,-1,-1
727,78,550.99,168.05,62.56,130.19,1.0000,-1,-1,-1
727,79,654.39,242.51,57.59,143.45,1.0000,-1,-1,-1
727,81,842.52,350.10,70.53,147.29,1.0000,-1,-1,-1
727,82,453.87,409.80,77.42,154.89,1.0000,-1,-1,-1
727,84,286.39,479.89,81.51,141.15,1.0000,-1,-1,-1
727,85,984.49,337.64,74.53,146.52,1.0000,-1,-1,-1
727,86,978.58,319.88,43.62,108.62,1.0000,-1,-1,-1
727,87,592.49,546.04,70.11,173.11,1.0000,-1,-1,-1
727,88,483.22,229.46,50.96,149.23,1.0000,-1,-1,-1
727,89,541.40,105.60,51.70,94.58,1.0000,-1,-1,-1
727,90,390.56,217.49,67.44,121.21,1.0000,-1,-1,-1
727,91,-0.06,639.24,45.67,79.98,1.0000,-1,-1,-1
727,92,1001.69,126.38,106.37,251.68,1.0000,-1,-1,-1
727,93,249.86,207.53,66.22,143.71,1.0000,-1,-1,-1
728,35,944.13,277.89,68.01,162.26,1.0000,-1,-1,-1
728,56,1062.58,154.01,62.18,140.49,1.0000,-1,-1,-1
728,77,868.91,451.47,105.51,190.31,1.0000,-1,-1,-1
728,78,545.99,167.37,66.63,130.24,1.0000,-1,-1,-1
728,79,655.41,242.79,57.51,143.25,1.0000,-1,-1,-1
728,81,816.10,344.06,80.39,145.87,1.0000,-1,-1,-1
728,82,454.03,410.16,78.08,155.33,1.0000,-1,-1,-1
728,84,288.97,479.94,81.65,141.39,1.0000,-1,-1,-1
728,85,976.41,338.38,78.07,151.29,1.0000,-1,-1,-1
728,86,980.44,320.00,43.35,107.94,1.0000,-1,-1,-1
728,87,592.90,545.31,69.86,173.91,1.0000,-1,-1,-1
728,88,480.64,230.35,50.99,149.32,1.0000,-1,-1,-1
728,89,533.41,103.56,50.87,93.06,1.0000,-1,-1,-1
728,90,390.60,220.28,62.71,118.93,1.0000,-1,-1,-1
728,91,-0.08,638.96,45.83,80.26,1.0000,-1,-1,-1
728,92,999.66,121.69,107.45,254.23,1.0000,-1,-1,-1
728,93,248.92,208.03,66.44,144.18,1.0000,-1,-1,-1
729,35,947.17,277.79,67.96,162.14,1.0000,-1,-1,-1
729,56,1062.87,154.05,62.56,140.34,1.0000,-1,-1,-1
729,77,866.69,454.82,105.70,190.64,1.0000,-1,-1,-1
729,78,540.95,166.96,70.75,130.51,1.0000,-1,-1,-1
729,79,656.42,243.06,57.43,143.05,1.0000,-1,-1,-1
729,81,809.27,344.69,79.94,143.36,1.0000,-1,-1,-1
729,82,454.74,410.05,78.91,155.18,1.0000,-1,-1,-1
729,84,291.56,479.98,81.79,141.63,1.0000,-1,-1,-1
729,85,973.77,337.04,78.24,154.97,1.0000,-1,-1,-1
729,86,982.30,320.12,43.07,107.25,1.0000,-1,-1,-1
729,87,592.26,544.37,70.37,174.77,1.0000,-1,-1,-1
729,88,478.05,231.23,51.03,149.42,1.0000,-1,-1,-1
729,89,525.42,101.53,50.02,91.52,1.0000,-1,-1,-1
729,90,390.70,221.10,58.91,117.05,1.0000,-1,-1,-1
729,91,-0.10,638.69,45.99,80.55,1.0000,-1,-1,-1
729,92,997.63,117.01,108.52,256.75,1.0000,-1,-1,-1
729,93,247.99,208.54,66.65,144.65,1.0000,-1,-1,-1
730,35,942.50,268.08,61.58,151.15,1.0000,-1,-1,-1
730,56,1065.51,152.59,62.41,143.33,1.0000,-1,-1,-1
730,77,864.46,458.17,105.88,190.98,1.0000,-1,-1,-1
730,78,537.45,168.32,74.60,129.38,1.0000,-1,-1,-1
730,79,657.44,243.33,57.35,142.85,1.0000,-1,-1,-1
730,81,807.35,342.92,76.15,138.56,1.0000,-1,-1,-1
730,82,456.32,409.86,80.01,154.53,1.0000,-1,-1,-1
730,84,294.14,480.03,81.92,141.86,1.0000,-1,-1,-1
730,85,969.98,338.51,78.36,155.22,1.0000,-1,-1,-1
730,86,984.16,320.24,42.80,106.56,1.0000,-1,-1,-1
730,87,593.80,543.19,70.45,175.42,1.0000,-1,-1,-1
730,88,475.46,232.12,51.06,149.51,1.0000,-1,-1,-1
730,89,517.45,99.51,49.17,89.95,1.0000,-1,-1,-1
730,90,391.30,223.67,56.13,115.29,1.0000,-1,-1,-1
730,91,-0.12,638.41,46.15,80.83,1.0000,-1,-1,-1
730,92,995.62,112.35,109.57,259.24,1.0000,-1,-1,-1
730,93,247.06,209.05,66.87,145.12,1.0000,-1,-1,-1
731,35,944.63,266.74,61.47,150.88,1.0000,-1,-1,-1
731,56,1067.13,151.30,62.26,146.60,1.0000,-1,-1,-1
731,77,862.23,461.52,106.07,191.32,1.0000,-1,-1,-1
731,78,535.49,166.62,77.54,128.95,1.0000,-1,-1,-1
731,79,658.45,243.61,57.27,142.64,1.0000,-1,-1,-1
731,81,807.21,341.98,73.67,137.12,1.0000,-1,-1,-1
731,82,458.26,409.00,81.14,153.42,1.0000,-1,-1,-1
731,84,304.56,475.98,76.23,144.73,1.0000,-1,-1,-1
731,85,966.20,339.98,78.48,155.46,1.0000,-1,-1,-1
731,86,986.02,320.37,42.52,105.87,1.0000,-1,-1,-1
731,87,599.19,542.83,68.15,176.06,1.0000,-1,-1,-1
731,88,472.87,233.01,51.09,149.61,1.0000,-1,-1,-1
731,89,509.48,97.51,48.29,88.35,1.0000,-1,-1,-1
731,90,392.02,227.22,54.06,115.23,1.0000,-1,-1,-1
731,91,-0.14,638.13,46.32,81.11,1.0000,-1,-1,-1
731,92,993.60,107.70,110.62,261.72,1.0000,-1,-1,-1
731,93,246.13,209.56,67.08,145.59,1.0000,-1,-1,-1
732,35,946.76,265.40,61.36,150.61,1.0000,-1,-1,-1
732,56,1068.54,149.91,62.22,147.89,1.0000,-1,-1,-1
732,77,860.01,464.86,106.25,191.65,1.0000,-1,-1,-1
732,78,535.09,163.21,78.77,130.17,1.0000,-1,-1,-1
732,79,659.47,243.88,57.18,142.44,1.0000,-1,-1,-1
732,81,801.47,345.97,74.47,141.21,1.0000,-1,-1,-1
732,82,460.39,408.70,82.25,152.68,1.0000,-1,-1,-1
732,84,314.73,473.62,81.31,147.35,1.0000,-1,-1,-1
732,85,962.42,341.45,78.60,155.70,1.0000,-1,-1,-1
732,86,987.89,320.49,42.24,105.17,1.0000,-1,-1,-1
732,87,603.70,541.60,66.13,176.34,1.0000,-1,-1,-1
732,88,470.28,233.89,51.12,149.70,1.0000,-1,-1,-1
732,89,501.51,95.52,47.40,86.72,1.0000,-1,-1,-1
732,90,392.66,231.05,52.17,116.82,1.0000,-1,-1,-1
732,91,-0.16,637.86,46.48,81.39,1.0000,-1,-1,-1
732,92,991.60,103.06,111.65,264.17,1.0000,-1,-1,-1
732,93,245.20,210.07,67.30,146.05,1.0000,-1,-1,-1
733,35,948.88,264.06,61.25,150.34,1.0000,-1,-1,-1
733,56,1069.54,147.84,62.56,146.74,1.0000,-1,-1,-1
733,77,857.78,468.21,106.44,191.99,1.0000,-1,-1,-1
733,78,535.71,162.36,77.94,129.55,1.0000,-1,-1,-1
733,79,660.48,244.16,57.10,142.24,1.0000,-1,-1,-1
733,81,793.75,345.77,79.26,144.58,1.0000,-1,-1,-1
733,82,462.84,407.86,82.65,152.74,1.0000,-1,-1,-1
733,84,318.98,471.93,77.92,148.59,1.0000,-1,-1,-1
733,85,941.72,352.72,71.62,151.78,1.0000,-1,-1,-1
733,86,989.75,320.62,41.95,104.46,1.0000,-1,-1,-1
733,87,604.49,541.17,66.18,176.46,1.0000,-1,-1,-1
733,88,467.69,234.78,51.15,149.79,1.0000,-1,-1,-1
733,89,493.56,93.55,46.49,85.06,1.0000,-1,-1,-1
733,90,393.52,233.00,50.66,119.04,1.0000,-1,-1,-1
733,91,-0.18,637.59,46.64,81.67,1.0000,-1,-1,-1
733,92,989.59,98.43,112.68,266.59,1.0000,-1,-1,-1
733,93,244.27,210.58,67.51,146.52,1.0000,-1,-1,-1
734,35,951.01,262.72,61.14,150.07,1.0000,-1,-1,-1
734,56,1068.76,150.26,63.58,143.19,1.0000,-1,-1,-1
734,77,855.56,471.56,106.63,192.32,1.0000,-1,-1,-1
734,78,537.95,160.58,74.96,129.73,1.0000,-1,-1,-1
734,79,661.50,244.43,57.02,142.04,1.0000,-1,-1,-1
734,81,784.75,344.53,82.87,146.26,1.0000,-1,-1,-1
734,82,465.78,407.72,82.91,152.06,1.0000,-1,-1,-1
734,84,323.13,471.48,74.23,149.00,1.0000,-1,-1,-1
734,85,937.51,356.25,70.05,152.69,1.0000,-1,-1,-1
734,86,991.62,320.75,41.67,103.75,1.0000,-1,-1,-1
734,87,605.28,540.75,66.22,176.59,1.0000,-1,-1,-1
734,88,465.11,235.67,51.19,149.89,1.0000,-1,-1,-1
734,89,485.62,91.60,45.57,83.37,1.0000,-1,-1,-1
734,90,393.81,234.12,49.95,121.88,1.0000,-1,-1,-1
734,91,-0.20,637.31,46.80,81.95,1.0000,-1,-1,-1
734,92,987.60,93.81,113.70,269.00,1.0000,-1,-1,-1
734,93,243.34,211.09,67.73,146.98,1.0000,-1,-1,-1
735,35,953.13,261.39,61.03,149.80,1.0000,-1,-1,-1
735,56,1067.76,148.83,65.54,141.61,1.0000,-1,-1,-1
735,77,853.33,474.91,106.81,192.65,1.0000,-1,-1,-1
735,78,541.62,157.60,68.93,129.67,1.0000,-1,-1,-1
735,79,662.51,244.71,56.94,141.83,1.0000,-1,-1,-1
735,81,779.57,343.46,85.59,147.90,1.0000,-1,-1,-1
735,82,471.01,407.10,83.14,150.59,1.0000,-1,-1,-1
735,84,331.55,470.53,71.59,150.26,1.0000,-1,-1,-1
735,85,930.31,355.50,75.38,150.92,1.0000,-1,-1,-1
735,86,993.49,320.89,41.38,103.04,1.0000,-1,-1,-1
735,87,606.08,540.33,66.27,176.71,1.0000,-1,-1,-1
735,88,462.52,236.55,51.22,149.98,1.0000,-1,-1,-1
735,89,477.68,89.66,44.62,81.64,1.0000,-1,-1,-1
735,90,392.93,237.21,51.03,125.06,1.0000,-1,-1,-1
735,91,-0.22,637.04,46.95,82.23,1.0000,-1,-1,-1
735,92,985.60,89.20,114.70,271.38,1.0000,-1,-1,-1
735,93,242.41,211.61,67.94,147.44,1.0000,-1,-1,-1
736,35,955.26,260.05,60.92,149.53,1.0000,-1,-1,-1
736,56,1068.35,149.79,66.53,139.33,1.0000,-1,-1,-1
736,78,546.03,157.42,63.64,129.25,1.0000,-1,-1,-1
736,79,663.53,244.98,56.86,141.63,1.0000,-1,-1,-1
736,81,778.38,342.41,87.40,147.57,1.0000,-1,-1,-1
736,82,473.90,405.60,83.04,148.13,1.0000,-1,-1,-1
736,84,338.20,469.61,69.47,151.30,1.0000,-1,-1,-1
736,85,923.77,355.79,81.20,150.53,1.0000,-1,-1,-1
736,86,995.36,321.02,41.09,102.32,1.0000,-1,-1,-1
736,87,606.87,539.91,66.32,176.83,1.0000,-1,-1,-1
736,88,459.93,237.44,51.25,150.08,1.0000,-1,-1,-1
736,89,469.76,87.74,43.66,79.87,1.0000,-1,-1,-1
736,90,393.23,239.04,51.68,126.53,1.0000,-1,-1,-1
736,91,-0.24,636.77,47.11,82.51,1.0000,-1,-1,-1
736,92,983.61,84.61,115.70,273.75,1.0000,-1,-1,-1
736,93,241.49,212.12,68.15,147.90,1.0000,-1,-1,-1
737,35,957.39,258.71,60.81,149.25,1.0000,-1,-1,-1
737,56,1068.51,149.93,67.76,137.54,1.0000,-1,-1,-1
737,78,548.86,157.78,59.15,128.48,1.0000,-1,-1,-1
737,79,664.55,245.26,56.78,141.42,1.0000,-1,-1,-1
737,81,778.58,342.71,87.77,146.80,1.0000,-1,-1,-1
737,82,477.15,405.13,82.57,147.11,1.0000,-1,-1,-1
737,84,344.05,469.74,68.90,151.99,1.0000,-1,-1,-1
737,85,920.94,355.80,84.31,151.58,1.0000,-1,-1,-1
737,86,997.23,321.16,40.80,101.60,1.0000,-1,-1,-1
737,87,620.38,518.93,67.05,128.18,1.0000,-1,-1,-1
737,88,457.34,238.33,51.28,150.17,1.0000,-1,-1,-1
737,89,461.84,85.84,42.67,78.07,1.0000,-1,-1,-1
737,90,393.12,240.60,52.76,126.83,1.0000,-1,-1,-1
737,91,-0.26,636.50,47.27,82.78,1.0000,-1,-1,-1
737,92,981.63,80.02,116.69,276.09,1.0000,-1,-1,-1
737,93,240.56,212.63,68.36,148.36,1.0000,-1,-1,-1
738,35,959.51,257.37,60.70,148.98,1.0000,-1,-1,-1
738,56,1067.66,149.45,69.44,136.61,1.0000,-1,-1,-1
738,78,552.06,157.90,55.92,127.92,1.0000,-1,-1,-1
738,81,776.07,342.50,84.09,145.83,1.0000,-1,-1,-1
738,82,480.06,406.08,83.33,146.97,1.0000,-1,-1,-1
738,84,350.75,469.31,68.70,152.76,1.0000,-1,-1,-1
738,85,918.11,357.71,83.42,151.68,1.0000,-1,-1,-1
738,86,999.10,321.31,40.51,100.87,1.0000,-1,-1,-1
738,87,624.95,522.80,65.76,111.18,1.0000,-1,-1,-1
738,88,454.75,239.21,51.32,150.26,1.0000,-1,-1,-1
738,89,453.94,83.97,41.66,76.22,1.0000,-1,-1,-1
738,90,391.50,239.96,54.68,127.74,1.0000,-1,-1,-1
738,91,-0.28,636.22,47.43,83.06,1.0000,-1,-1,-1
738,92,979.65,75.44,117.67,278.41,1.0000,-1,-1,-1
738,93,239.63,213.15,68.57,148.82,1.0000,-1,-1,-1
738,94,499.80,243.15,46.49,118.56,1.0000,-1,-1,-1
739,35,954.10,270.86,62.11,160.54,1.0000,-1,-1,-1
739,56,1067.47,147.39,70.39,135.58,1.0000,-1,-1,-1
739,78,550.05,156.77,55.85,127.76,1.0000,-1,-1,-1
739,81,771.77,342.72,78.43,145.07,1.0000,-1,-1,-1
739,82,481.74,406.59,85.01,147.33,1.0000,-1,-1,-1
739,84,355.15,469.06,68.77,152.92,1.0000,-1,-1,-1
739,85,913.42,359.32,83.56,151.93,1.0000,-1,-1,-1
739,86,1000.97,321.45,40.21,100.13,1.0000,-1,-1,-1
739,87,629.01,525.56,64.13,102.15,1.0000,-1,-1,-1
739,88,452.17,240.10,51.35,150.36,1.0000,-1,-1,-1
739,89,446.05,82.11,40.63,74.33,1.0000,-1,-1,-1
739,90,390.51,239.93,57.04,127.68,1.0000,-1,-1,-1
739,91,-0.30,635.95,47.58,83.33,1.0000,-1,-1,-1
739,92,977.67,70.88,118.65,280.72,1.0000,-1,-1,-1
739,93,238.70,213.67,68.78,149.27,1.0000,-1,-1,-1
739,94,501.33,242.57,51.69,123.87,1.0000,-1,-1,-1
740,35,957.35,268.66,65.95,160.84,1.0000,-1,-1,-1
740,56,1070.70,147.53,69.75,132.53,1.0000,-1,-1,-1
740,78,558.96,158.44,54.15,126.65,1.0000,-1,-1,-1
740,81,761.32,343.61,73.76,144.37,1.0000,-1,-1,-1
740,82,485.11,406.29,86.63,146.83,1.0000,-1,-1,-1
740,84,364.74,467.46,69.40,153.63,1.0000,-1,-1,-1
740,85,917.97,356.48,79.70,154.36,1.0000,-1,-1,-1
740,86,1002.84,321.60,39.92,99.39,1.0000,-1,-1,-1
740,87,634.65,527.19,62.29,97.20,1.0000,-1,-1,-1
740,88,449.58,240.99,51.38,150.45,1.0000,-1,-1,-1
740,89,438.17,80.28,39.56,72.38,1.0000,-1,-1,-1
740,90,391.15,241.89,59.24,129.36,1.0000,-1,-1,-1
740,91,-0.32,635.68,47.74,83.61,1.0000,-1,-1,-1
740,92,975.70,66.32,119.61,283.00,1.0000,-1,-1,-1
740,93,237.77,214.18,68.99,149.72,1.0000,-1,-1,-1
740,94,503.23,242.26,64.11,136.23,1.0000,-1,-1,-1
741,35,958.66,269.18,70.01,161.65,1.0000,-1,-1,-1
741,56,1073.01,148.53,69.39,131.95,1.0000,-1,-1,-1
741,78,557.83,157.53,54.07,126.46,1.0000,-1,-1,-1
741,81,751.36,344.59,72.61,143.80,1.0000,-1,-1,-1
741,82,487.66,406.03,88.48,146.03,1.0000,-1,-1,-1
741,84,367.93,467.29,69.46,154.40,1.0000,-1,-1,-1
741,85,913.91,357.82,79.81,154.58,1.0000,-1,-1,-1
741,86,1004.71,321.75,39.62,98.65,1.0000,-1,-1,-1
741,87,639.86,528.53,60.10,94.32,1.0000,-1,-1,-1
741,88,446.99,241.88,51.41,150.54,1.0000,-1,-1,-1
741,89,430.31,78.48,38.47,70.38,1.0000,-1,-1,-1
741,90,393.01,244.42,60.96,132.23,1.0000,-1,-1,-1
741,91,-0.33,635.41,47.89,83.88,1.0000,-1,-1,-1
741,92,973.73,61.77,120.57,285.27,1.0000,-1,-1,-1
741,93,236.85,214.70,69.20,150.18,1.0000,-1,-1,-1
741,94,501.78,241.68,73.71,142.30,1.0000,-1,-1,-1
742,35,961.70,270.50,81.01,161.17,1.0000,-1,-1,-1
742,56,1066.49,152.45,75.53,136.93,1.0000,-1,-1,-1
742,78,556.70,156.63,53.99,126.27,1.0000,-1,-1,-1
742,81,739.68,345.51,74.94,142.74,1.0000,-1,-1,-1
742,82,489.71,405.94,89.34,145.33,1.0000,-1,-1,-1
742,84,371.15,466.97,69.50,153.98,1.0000,-1,-1,-1
742,85,909.86,359.15,79.93,154.80,1.0000,-1,-1,-1
742,86,1006.59,321.90,39.32,97.90,1.0000,-1,-1,-1
742,87,644.16,529.47,58.56,92.93,1.0000,-1,-1,-1
742,88,444.40,242.76,51.44,150.64,1.0000,-1,-1,-1
742,89,422.47,76.71,37.35,68.33,1.0000,-1,-1,-1
742,90,395.51,248.16,61.28,134.73,1.0000,-1,-1,-1
742,91,-0.35,635.14,48.05,84.15,1.0000,-1,-1,-1
742,92,971.76,57.23,121.52,287.52,1.0000,-1,-1,-1
742,93,235.92,215.22,69.41,150.63,1.0000,-1,-1,-1
742,94,498.77,240.91,81.77,144.92,1.0000,-1,-1,-1
743,35,961.01,272.43,87.43,159.44,1.0000,-1,-1,-1
743,56,1062.60,151.20,79.85,136.15,1.0000,-1,-1,-1
743,78,555.58,155.72,53.91,126.09,1.0000,-1,-1,-1
743,81,729.21,347.77,79.01,141.48,1.0000,-1,-1,-1
743,82,491.27,406.11,90.07,144.52,1.0000,-1,-1,-1
743,84,374.10,467.27,70.91,153.51,1.0000,-1,-1,-1
743,85,897.87,359.38,72.03,159.26,1.0000,-1,-1,-1
743,86,1008.46,322.06,39.01,97.14,1.0000,-1,-1,-1
743,87,647.16,529.97,57.25,91.96,1.0000,-1,-1,-1
743,88,441.81,243.65,51.47,150.73,1.0000,-1,-1,-1
743,89,414.64,74.96,36.19,66.21,1.0000,-1,-1,-1
743,90,398.55,248.47,61.55,135.89,1.0000,-1,-1,-1
743,91,-0.37,634.87,48.20,84.42,1.0000,-1,-1,-1
743,92,969.80,52.70,122.47,289.75,1.0000,-1,-1,-1
743,93,264.68,239.67,59.05,140.95,1.0000,-1,-1,-1
743,94,496.61,243.09,88.76,146.94,1.0000,-1,-1,-1
744,35,959.84,274.94,91.07,158.02,1.0000,-1,-1,-1
744,56,1060.36,149.96,83.88,134.33,1.0000,-1,-1,-1
744,78,554.45,154.81,53.83,125.90,1.0000,-1,-1,-1
744,81,721.46,350.32,83.41,140.70,1.0000,-1,-1,-1
744,82,493.70,406.19,90.46,144.30,1.0000,-1,-1,-1
744,84,377.16,468.02,72.12,152.81,1.0000,-1,-1,-1
744,85,891.99,358.61,70.10,163.36,1.0000,-1,-1,-1
744,86,1010.34,322.21,38.71,96.38,1.0000,-1,-1,-1
744,87,649.98,527.79,56.76,91.17,1.0000,-1,-1,-1
744,88,439.22,244.54,51.51,150.82,1.0000,-1,-1,-1
744,89,406.83,73.26,34.99,64.02,1.0000,-1,-1,-1
744,90,403.08,251.28,61.44,140.90,1.0000,-1,-1,-1
744,91,-0.39,634.60,48.36,84.69,1.0000,-1,-1,-1
744,92,967.84,48.17,123.40,291.97,1.0000,-1,-1,-1
744,93,264.56,240.93,59.08,141.02,1.0000,-1,-1,-1
744,94,493.35,245.17,95.34,149.06,1.0000,-1,-1,-1
745,35,954.93,276.56,94.64,157.14,1.0000,-1,-1,-1
745,56,1062.34,149.88,82.75,132.56,1.0000,-1,-1,-1
745,78,553.32,153.91,53.75,125.71,1.0000,-1,-1,-1
745,81,713.81,352.20,87.31,139.65,1.0000,-1,-1,-1
745,82,498.95,405.56,90.52,144.22,1.0000,-1,-1,-1
745,84,381.80,468.78,74.97,153.41,1.0000,-1,-1,-1
745,85,884.96,360.88,70.42,164.76,1.0000,-1,-1,-1
745,86,1012.22,322.38,38.40,95.61,1.0000,-1,-1,-1
745,87,652.79,525.62,56.27,90.38,1.0000,-1,-1,-1
745,88,436.64,245.42,51.54,150.92,1.0000,-1,-1,-1
745,89,399.04,71.59,33.75,61.75,1.0000,-1,-1,-1
745,90,408.08,256.09,59.87,143.63,1.0000,-1,-1,-1
745,91,-0.41,634.33,48.51,84.96,1.0000,-1,-1,-1
745,92,965.89,43.66,124.33,294.16,1.0000,-1,-1,-1
745,93,264.45,242.20,59.11,141.10,1.0000,-1,-1,-1
745,94,490.51,247.53,104.24,150.65,1.0000,-1,-1,-1
746,35,953.89,276.71,95.46,156.56,1.0000,-1,-1,-1
746,56,1063.91,149.40,79.61,131.13,1.0000,-1,-1,-1
746,78,552.20,153.00,53.67,125.52,1.0000,-1,-1,-1
746,81,711.37,351.40,89.78,136.96,1.0000,-1,-1,-1
746,82,501.76,405.53,91.11,143.98,1.0000,-1,-1,-1
746,84,386.10,468.42,76.77,154.12,1.0000,-1,-1,-1
746,85,881.63,361.68,69.95,165.45,1.0000,-1,-1,-1
746,86,1014.10,322.54,38.09,94.83,1.0000,-1,-1,-1
746,87,655.61,523.45,55.77,89.59,1.0000,-1,-1,-1
746,88,434.05,246.31,51.57,151.01,1.0000,-1,-1,-1
746,89,391.28,69.97,32.47,59.40,1.0000,-1,-1,-1
746,90,412.33,256.93,57.95,145.79,1.0000,-1,-1,-1
746,91,-0.42,634.07,48.67,85.23,1.0000,-1,-1,-1
746,92,963.94,39.15,125.25,296.35,1.0000,-1,-1,-1
746,93,264.33,243.46,59.15,141.17,1.0000,-1,-1,-1
746,94,491.59,248.47,105.32,152.20,1.0000,-1,-1,-1
747,35,954.80,276.14,94.98,155.95,1.0000,-1,-1,-1
747,56,1062.45,146.75,77.05,129.77,1.0000,-1,-1,-1
747,78,551.07,152.09,53.58,125.33,1.0000,-1,-1,-1
747,81,706.62,351.62,89.89,137.12,1.0000,-1,-1,-1
747,82,504.03,405.36,93.18,143.56,1.0000,-1,-1,-1
747,84,390.91,468.22,77.80,154.68,1.0000,-1,-1,-1
747,85,881.85,363.49,67.55,164.99,1.0000,-1,-1,-1
747,86,1015.98,322.71,37.77,94.05,1.0000,-1,-1,-1
747,87,658.43,521.29,55.27,88.79,1.0000,-1,-1,-1
747,88,431.46,247.20,51.60,151.10,1.0000,-1,-1,-1
747,89,383.54,68.39,31.13,56.95,1.0000,-1,-1,-1
747,90,415.62,257.14,56.42,146.51,1.0000,-1,-1,-1
747,91,-0.44,633.80,48.82,85.49,1.0000,-1,-1,-1
747,92,961.99,34.66,126.17,298.51,1.0000,-1,-1,-1
747,93,269.78,242.60,62.14,147.16,1.0000,-1,-1,-1
747,94,492.67,249.42,106.38,153.73,1.0000,-1,-1,-1
748,35,954.04,274.43,93.70,156.68,1.0000,-1,-1,-1
748,56,1064.47,145.44,72.69,129.08,1.0000,-1,-1,-1
748,78,549.94,151.19,53.50,125.14,1.0000,-1,-1,-1
748,81,713.93,350.78,90.23,137.07,1.0000,-1,-1,-1
748,82,506.58,404.51,95.90,141.13,1.0000,-1,-1,-1
748,84,395.96,466.64,78.30,155.14,1.0000,-1,-1,-1
748,85,876.13,364.71,68.89,164.35,1.0000,-1,-1,-1
748,86,1017.86,322.88,37.46,93.26,1.0000,-1,-1,-1
748,87,662.18,529.46,55.50,90.56,1.0000,-1,-1,-1
748,88,428.87,248.09,51.63,151.20,1.0000,-1,-1,-1
748,89,375.84,66.87,29.73,54.39,1.0000,-1,-1,-1
748,90,418.78,257.59,54.87,146.31,1.0000,-1,-1,-1
748,91,-0.46,633.53,48.97,85.76,1.0000,-1,-1,-1
748,92,960.04,30.16,127.08,300.66,1.0000,-1,-1,-1
748,93,271.53,242.84,62.21,151.37,1.0000,-1,-1,-1
748,94,487.14,253.43,112.07,153.76,1.0000,-1,-1,-1
748,95,583.90,165.45,56.65,124.09,1.0000,-1,-1,-1
749,35,953.89,274.23,91.01,157.24,1.0000,-1,-1,-1
749,56,1066.19,144.77,69.03,128.91,1.0000,-1,-1,-1
749,78,548.82,150.28,53.42,124.94,1.0000,-1,-1,-1
749,81,716.11,350.51,90.65,136.60,1.0000,-1,-1,-1
749,82,509.27,403.94,95.99,141.26,1.0000,-1,-1,-1
749,84,400.87,465.36,78.06,155.96,1.0000,-1,-1,-1
749,85,868.07,364.70,73.57,163.88,1.0000,-1,-1,-1
749,86,1019.75,323.05,37.14,92.47,1.0000,-1,-1,-1
749,87,665.04,529.77,55.50,91.12,1.0000,-1,-1,-1
749,88,426.28,248.97,51.67,151.29,1.0000,-1,-1,-1
749,89,368.16,65.41,28.26,51.70,1.0000,-1,-1,-1
749,90,421.84,257.34,53.70,146.46,1.0000,-1,-1,-1
749,91,-0.47,633.26,49.12,86.03,1.0000,-1,-1,-1
749,92,958.10,25.68,127.98,302.80,1.0000,-1,-1,-1
749,93,272.13,244.18,62.32,151.63,1.0000,-1,-1,-1
749,94,485.76,255.51,113.23,154.73,1.0000,-1,-1,-1
749,95,585.46,166.85,61.36,126.78,1.0000,-1,-1,-1
750,35,952.50,275.24,90.20,158.57,1.0000,-1,-1,-1
750,56,1068.94,144.08,65.55,128.81,1.0000,-1,-1,-1
750,78,547.69,149.37,53.34,124.75,1.0000,-1,-1,-1
750,81,712.95,350.57,90.75,136.76,1.0000,-1,-1,-1
750,82,511.32,411.05,98.79,143.61,1.0000,-1,-1,-1
750,84,409.85,464.21,76.82,157.51,1.0000,-1,-1,-1
750,85,853.92,361.88,81.49,152.42,1.0000,-1,-1,-1
750,86,1021.63,323.23,36.81,91.67,1.0000,-1,-1,-1
750,87,667.96,528.67,55.04,90.36,1.0000,-1,-1,-1
750,88,423.70,249.86,51.70,151.38,1.0000,-1,-1,-1
750,89,360.53,64.03,26.71,48.86,1.0000,-1,-1,-1
750,90,427.19,259.55,52.57,146.64,1.0000,-1,-1,-1
750,91,-0.49,633.00,49.27,86.29,1.0000,-1,-1,-1
750,92,956.17,21.21,128.88,304.92,1.0000,-1,-1,-1
750,93,272.73,245.53,62.43,151.88,1.0000,-1,-1,-1
750,94,493.78,258.65,110.03,154.41,1.0000,-1,-1,-1
750,95,593.03,167.76,65.64,126.62,1.0000,-1,-1,-1
751,35,953.40,276.56,87.86,160.65,1.0000,-1,-1,-1
751,56,1069.86,144.35,63.88,128.35,1.0000,-1,-1,-1
751,78,546.56,148.47,53.26,124.56,1.0000,-1,-1,-1
751,81,720.29,345.77,86.99,138.15,1.0000,-1,-1,-1
751,82,514.34,414.63,98.75,145.10,1.0000,-1,-1,-1
751,84,411.64,464.11,77.89,158.10,1.0000,-1,-1,-1
751,85,848.51,362.25,81.60,152.63,1.0000,-1,-1,-1
751,86,1023.52,323.41,36.49,90.86,1.0000,-1,-1,-1
751,87,672.11,529.93,54.96,91.73,1.0000,-1,-1,-1
751,88,421.11,250.75,51.73,151.48,1.0000,-1,-1,-1
751,89,352.95,62.73,25.06,45.85,1.0000,-1,-1,-1
751,90,430.98,262.11,51.58,147.77,1.0000,-1,-1,-1
751,91,-0.50,632.73,49.42,86.56,1.0000,-1,-1,-1
751,92,954.23,16.74,129.77,307.02,1.0000,-1,-1,-1
751,93,273.33,246.87,62.53,152.14,1.0000,-1,-1,-1
751,94,502.23,260.28,104.83,153.92,1.0000,-1,-1,-1
751,95,595.31,164.25,70.65,130.93,1.0000,-1,-1,-1
752,35,954.15,277.95,86.73,161.71,1.0000,-1,-1,-1
752,56,1067.98,144.27,64.38,127.88,1.0000,-1,-1,-1
752,78,545.44,147.56,53.18,124.37,1.0000,-1,-1,-1
752,81,721.45,344.26,85.87,138.87,1.0000,-1,-1,-1
752,82,514.71,417.01,98.63,147.18,1.0000,-1,-1,-1
752,84,413.34,464.01,80.23,158.64,1.0000,-1,-1,-1
752,85,843.10,362.62,81.70,152.83,1.0000,-1,-1,-1
752,86,1025.41,323.60,36.16,90.04,1.0000,-1,-1,-1
752,87,675.27,529.29,54.52,92.49,1.0000,-1,-1,-1
752,88,418.52,251.63,51.76,151.57,1.0000,-1,-1,-1
752,89,345.42,61.54,23.30,42.63,1.0000,-1,-1,-1
752,90,434.41,265.21,52.19,149.94,1.0000,-1,-1,-1
752,91,-0.52,632.47,49.57,86.82,1.0000,-1,-1,-1
752,92,952.30,12.28,130.65,309.11,1.0000,-1,-1,-1
752,93,273.94,248.22,62.64,152.40,1.0000,-1,-1,-1
752,94,506.76,260.93,98.72,153.29,1.0000,-1,-1,-1
752,95,597.66,166.11,72.55,129.86,1.0000,-1,-1,-1
753,35,955.85,278.94,84.40,162.47,1.0000,-1,-1,-1
753,56,1065.00,143.79,67.95,126.79,1.0000,-1,-1,-1
753,78,544.31,146.66,53.09,124.18,1.0000,-1,-1,-1
753,81,719.30,343.88,85.95,139.01,1.0000,-1,-1,-1
753,82,515.01,418.95,99.68,149.11,1.0000,-1,-1,-1
753,84,414.86,463.53,82.84,158.87,1.0000,-1,-1,-1
753,85,837.69,362.99,81.81,153.03,1.0000,-1,-1,-1
753,86,1027.29,323.79,35.83,89.22,1.0000,-1,-1,-1
753,87,678.05,528.45,54.05,92.41,1.0000,-1,-1,-1
753,88,415.93,252.52,51.79,151.66,1.0000,-1,-1,-1
753,89,337.97,60.48,21.40,39.14,1.0000,-1,-1,-1
753,90,435.83,268.88,54.65,153.30,1.0000,-1,-1,-1
753,91,-0.53,632.20,49.72,87.08,1.0000,-1,-1,-1
753,92,950.37,7.82,131.53,311.19,1.0000,-1,-1,-1
753,93,274.54,249.56,62.74,152.65,1.0000,-1,-1,-1
753,94,510.16,260.85,93.68,152.64,1.0000,-1,-1,-1
753,95,600.20,169.11,72.94,127.24,1.0000,-1,-1,-1
754,35,957.22,279.43,81.70,162.88,1.0000,-1,-1,-1
754,56,1061.79,144.02,71.84,125.33,1.0000,-1,-1,-1
754,78,543.19,145.75,53.01,123.99,1.0000,-1,-1,-1
754,81,724.31,342.88,91.06,134.20,1.0000,-1,-1,-1
754,82,515.06,421.75,101.01,149.88,1.0000,-1,-1,-1
754,84,416.06,464.73,83.58,157.96,1.0000,-1,-1,-1
754,85,832.28,363.37,81.92,153.23,1.0000,-1,-1,-1
754,86,1029.19,323.98,35.50,88.39,1.0000,-1,-1,-1
754,87,680.18,528.27,53.67,92.72,1.0000,-1,-1,-1
754,88,413.34,253.41,51.82,151.75,1.0000,-1,-1,-1
754,89,330.61,59.60,19.30,35.31,1.0000,-1,-1,-1
754,90,437.44,270.89,56.21,156.96,1.0000,-1,-1,-1
754,91,-0.55,631.94,49.87,87.34,1.0000,-1,-1,-1
754,92,948.44,3.38,132.40,313.25,1.0000,-1,-1,-1
754,93,275.14,250.90,62.85,152.91,1.0000,-1,-1,-1
754,94,506.72,261.20,93.77,152.54,1.0000,-1,-1,-1
754,95,602.83,166.41,74.98,129.31,1.0000,-1,-1,-1
755,35,959.38,280.18,78.68,162.39,1.0000,-1,-1,-1
755,56,1059.97,143.59,75.10,124.22,1.0000,-1,-1,-1
755,78,542.06,144.85,52.93,123.79,1.0000,-1,-1,-1
755,81,719.19,341.54,97.55,128.94,1.0000,-1,-1,-1
755,82,521.91,423.00,99.04,149.80,1.0000,-1,-1,-1
755,84,430.47,467.48,91.98,157.15,1.0000,-1,-1,-1
755,85,839.58,369.34,94.32,160.96,1.0000,-1,-1,-1
755,86,1031.08,324.18,35.16,87.55,1.0000,-1,-1,-1
755,87,683.26,527.86,53.68,93.18,1.0000,-1,-1,-1
755,88,410.76,254.30,51.86,151.85,1.0000,-1,-1,-1
755,89,323.37,58.95,16.95,31.01,1.0000,-1,-1,-1
755,90,437.91,273.61,59.27,157.11,1.0000,-1,-1,-1
755,91,-0.57,631.67,50.02,87.60,1.0000,-1,-1,-1
755,92,946.52,-1.06,133.27,315.30,1.0000,-1,-1,-1
755,93,275.74,252.25,62.95,153.17,1.0000,-1,-1,-1
755,94,513.52,261.29,89.63,152.35,1.0000,-1,-1,-1
755,95,611.83,167.91,72.56,127.09,1.0000,-1,-1,-1
756,35,960.71,281.34,77.22,162.16,1.0000,-1,-1,-1
756,56,1058.69,143.08,77.04,123.69,1.0000,-1,-1,-1
756,78,540.93,143.94,52.85,123.60,1.0000,-1,-1,-1
756,81,714.34,340.24,103.92,124.64,1.0000,-1,-1,-1
756,82,528.21,423.26,95.92,149.29,1.0000,-1,-1,-1
756,84,432.87,469.71,93.70,155.94,1.0000,-1,-1,-1
756,85,831.52,361.39,93.47,152.06,1.0000,-1,-1,-1
756,86,1032.97,324.38,34.82,86.70,1.0000,-1,-1,-1
756,87,685.88,527.58,53.51,93.17,1.0000,-1,-1,-1
756,88,408.17,255.18,51.89,151.94,1.0000,-1,-1,-1
756,89,316.33,58.65,14.22,26.01,1.0000,-1,-1,-1
756,90,438.44,276.66,60.83,156.42,1.0000,-1,-1,-1
756,91,-0.58,631.41,50.17,87.86,1.0000,-1,-1,-1
756,93,276.35,253.59,63.06,153.42,1.0000,-1,-1,-1
756,94,519.10,259.94,86.05,151.04,1.0000,-1,-1,-1
756,95,619.11,168.87,69.48,125.33,1.0000,-1,-1,-1
757,35,961.88,282.08,76.83,161.78,1.0000,-1,-1,-1
757,56,1057.76,142.97,78.04,123.41,1.0000,-1,-1,-1
757,78,539.81,143.04,52.76,123.41,1.0000,-1,-1,-1
757,81,712.00,339.59,110.16,121.67,1.0000,-1,-1,-1
757,82,532.66,423.44,93.54,148.72,1.0000,-1,-1,-1
757,84,436.23,471.01,101.99,154.20,1.0000,-1,-1,-1
757,85,821.77,358.44,83.02,143.53,1.0000,-1,-1,-1
757,86,1034.87,324.58,34.48,85.85,1.0000,-1,-1,-1
757,87,688.03,527.29,53.28,93.40,1.0000,-1,-1,-1
757,88,405.58,256.07,51.92,152.03,1.0000,-1,-1,-1
757,89,309.63,58.96,10.82,19.79,1.0000,-1,-1,-1
757,90,439.83,278.42,62.67,155.04,1.0000,-1,-1,-1
757,91,-0.59,631.14,50.32,88.12,1.0000,-1,-1,-1
757,93,276.95,254.94,63.16,153.67,1.0000,-1,-1,-1
757,94,520.75,260.69,86.41,151.67,1.0000,-1,-1,-1
757,95,626.79,169.25,64.88,122.66,1.0000,-1,-1,-1
758,35,963.66,282.43,76.86,161.42,1.0000,-1,-1,-1
758,56,1057.10,143.37,77.75,123.05,1.0000,-1,-1,-1
758,78,538.68,142.13,52.68,123.21,1.0000,-1,-1,-1
758,81,710.77,338.31,110.32,121.84,1.0000,-1,-1,-1
758,82,534.55,423.08,92.43,147.85,1.0000,-1,-1,-1
758,84,436.59,471.85,106.88,152.87,1.0000,-1,-1,-1
758,85,813.94,357.70,78.29,134.68,1.0000,-1,-1,-1
758,86,1036.76,324.79,34.13,84.98,1.0000,-1,-1,-1
758,87,689.63,526.75,53.62,93.87,1.0000,-1,-1,-1
758,88,402.99,256.96,51.95,152.13,1.0000,-1,-1,-1
758,89,303.81,60.89,5.64,10.32,1.0000,-1,-1,-1
758,90,443.80,280.82,65.58,155.81,1.0000,-1,-1,-1
758,91,-0.61,630.88,50.47,88.38,1.0000,-1,-1,-1
758,93,277.55,256.28,63.27,153.93,1.0000,-1,-1,-1
758,94,514.75,261.52,92.95,151.23,1.0000,-1,-1,-1
758,95,637.75,166.96,62.53,121.93,1.0000,-1,-1,-1
759,35,965.08,282.03,77.09,161.04,1.0000,-1,-1,-1
759,56,1056.60,142.76,76.35,122.67,1.0000,-1,-1,-1
759,78,537.55,141.23,52.60,123.02,1.0000,-1,-1,-1
759,81,707.92,338.15,115.64,118.21,1.0000,-1,-1,-1
759,82,536.06,422.27,91.73,146.95,1.0000,-1,-1,-1
759,84,435.99,472.17,108.51,152.19,1.0000,-1,-1,-1
759,85,808.24,356.68,78.32,134.72,1.0000,-1,-1,-1
759,86,1038.66,325.01,33.78,84.11,1.0000,-1,-1,-1
759,87,690.88,525.90,54.02,94.63,1.0000,-1,-1,-1
759,88,400.40,257.85,51.98,152.22,1.0000,-1,-1,-1
759,89,295.40,58.09,5.64,10.32,1.0000,-1,-1,-1
759,90,449.68,284.50,66.22,157.31,1.0000,-1,-1,-1
759,91,-0.62,630.62,50.61,88.64,1.0000,-1,-1,-1
759,93,278.16,257.63,63.37,154.18,1.0000,-1,-1,-1
759,94,514.39,262.17,96.91,150.55,1.0000,-1,-1,-1
759,95,646.92,166.82,58.32,121.27,1.0000,-1,-1,-1
759,98,877.90,394.76,70.11,139.39,1.0000,-1,-1,-1
760,35,964.98,279.74,78.61,161.11,1.0000,-1,-1,-1
760,56,1055.99,140.43,70.54,122.87,1.0000,-1,-1,-1
760,78,536.43,140.32,52.52,122.83,1.0000,-1,-1,-1
760,81,706.77,336.79,115.81,118.39,1.0000,-1,-1,-1
760,82,532.56,421.30,93.20,144.82,1.0000,-1,-1,-1
760,84,437.98,471.22,106.29,152.76,1.0000,-1,-1,-1
760,85,802.54,355.65,78.34,134.77,1.0000,-1,-1,-1
760,86,1040.57,325.22,33.42,83.23,1.0000,-1,-1,-1
760,87,692.20,525.15,54.83,95.01,1.0000,-1,-1,-1
760,88,397.82,258.73,52.01,152.31,1.0000,-1,-1,-1
760,89,287.00,55.29,5.64,10.32,1.0000,-1,-1,-1
760,90,455.72,289.72,67.97,158.97,1.0000,-1,-1,-1
760,91,-0.64,630.36,50.76,88.90,1.0000,-1,-1,-1
760,93,278.76,258.98,63.48,154.44,1.0000,-1,-1,-1
760,94,516.80,262.00,100.99,148.71,1.0000,-1,-1,-1
760,95,658.42,168.02,52.86,119.39,1.0000,-1,-1,-1
760,97,735.83,95.20,56.70,146.89,1.0000,-1,-1,-1
760,98,882.18,392.04,67.93,142.19,1.0000,-1,-1,-1
761,35,964.30,277.41,79.24,161.73,1.0000,-1,-1,-1
761,56,1055.42,136.06,64.39,123.99,1.0000,-1,-1,-1
761,78,535.30,139.42,52.43,122.63,1.0000,-1,-1,-1
761,81,705.61,335.44,115.98,118.56,1.0000,-1,-1,-1
761,82,532.48,421.61,93.82,143.62,1.0000,-1,-1,-1
761,84,438.66,470.70,109.06,153.83,1.0000,-1,-1,-1
761,85,796.84,354.62,78.37,134.81,1.0000,-1,-1,-1
761,86,1042.47,325.45,33.07,82.33,1.0000,-1,-1,-1
761,87,692.90,524.42,55.51,95.44,1.0000,-1,-1,-1
761,88,395.23,259.62,52.05,152.40,1.0000,-1,-1,-1
761,89,278.59,52.49,5.64,10.32,1.0000,-1,-1,-1
761,90,459.87,293.97,71.11,160.55,1.0000,-1,-1,-1
761,91,-0.65,630.09,50.91,89.15,1.0000,-1,-1,-1
761,93,279.36,260.32,63.58,154.69,1.0000,-1,-1,-1
761,94,517.70,262.51,104.09,142.73,1.0000,-1,-1,-1
761,95,666.14,166.20,50.27,119.58,1.0000,-1,-1,-1
761,97,738.61,105.06,60.37,140.11,1.0000,-1,-1,-1
761,98,884.40,391.07,66.20,143.90,1.0000,-1,-1,-1
762,35,963.98,274.10,78.52,161.65,1.0000,-1,-1,-1
762,56,1054.52,135.06,64.36,123.93,1.0000,-1,-1,-1
762,78,534.18,138.51,52.35,122.44,1.0000,-1,-1,-1
762,81,705.99,332.45,122.89,112.18,1.0000,-1,-1,-1
762,82,531.39,422.47,95.21,142.72,1.0000,-1,-1,-1
762,84,438.66,468.60,108.24,155.24,1.0000,-1,-1,-1
762,85,791.15,353.60,78.40,134.86,1.0000,-1,-1,-1
762,86,1044.37,325.68,32.70,81.43,1.0000,-1,-1,-1
762,87,692.46,523.83,56.74,96.29,1.0000,-1,-1,-1
762,88,392.64,260.51,52.08,152.49,1.0000,-1,-1,-1
762,90,462.09,297.21,76.14,160.16,1.0000,-1,-1,-1
762,91,-0.66,629.83,51.05,89.41,1.0000,-1,-1,-1
762,93,279.96,261.67,63.68,154.94,1.0000,-1,-1,-1
762,94,518.55,261.55,106.12,138.53,1.0000,-1,-1,-1
762,95,673.00,165.00,48.93,120.51,1.0000,-1,-1,-1
762,97,740.17,97.18,64.59,145.58,1.0000,-1,-1,-1
762,98,885.29,390.14,65.38,146.11,1.0000,-1,-1,-1
763,35,963.41,271.35,76.20,161.44,1.0000,-1,-1,-1
763,56,1053.62,134.05,64.32,123.86,1.0000,-1,-1,-1
763,78,533.05,137.61,52.27,122.24,1.0000,-1,-1,-1
763,81,705.24,330.70,123.06,112.34,1.0000,-1,-1,-1
763,82,530.59,423.57,96.63,141.52,1.0000,-1,-1,-1
763,84,443.85,466.64,103.16,156.23,1.0000,-1,-1,-1
763,85,785.45,352.57,78.42,134.91,1.0000,-1,-1,-1
763,86,1046.28,325.91,32.34,80.52,1.0000,-1,-1,-1
763,87,692.43,523.16,57.57,97.22,1.0000,-1,-1,-1
763,88,390.05,261.40,52.11,152.59,1.0000,-1,-1,-1
763,90,462.50,300.70,80.84,159.64,1.0000,-1,-1,-1
763,91,-0.68,629.57,51.20,89.66,1.0000,-1,-1,-1
763,93,284.73,253.97,62.47,144.27,1.0000,-1,-1,-1
763,94,520.09,261.39,106.63,139.18,1.0000,-1,-1,-1
763,95,676.88,164.91,51.00,120.88,1.0000,-1,-1,-1
763,97,741.78,98.73,67.46,144.61,1.0000,-1,-1,-1
763,98,885.37,388.06,67.53,150.37,1.0000,-1,-1,-1
764,35,961.67,269.99,73.14,161.97,1.0000,-1,-1,-1
764,56,1054.43,132.19,56.67,124.84,1.0000,-1,-1,-1
764,78,531.93,136.70,52.18,122.05,1.0000,-1,-1,-1
764,81,710.31,333.65,132.68,118.51,1.0000,-1,-1,-1
764,82,530.17,425.55,97.33,142.03,1.0000,-1,-1,-1
764,84,449.33,464.49,100.89,157.78,1.0000,-1,-1,-1
764,85,779.75,351.54,78.45,134.95,1.0000,-1,-1,-1
764,86,1048.19,326.15,31.97,79.60,1.0000,-1,-1,-1
764,87,692.00,522.05,58.42,98.22,1.0000,-1,-1,-1
764,88,387.46,262.29,52.14,152.68,1.0000,-1,-1,-1
764,90,464.56,303.22,87.84,156.85,1.0000,-1,-1,-1
764,91,-0.69,629.31,51.34,89.92,1.0000,-1,-1,-1
764,93,285.54,254.59,62.53,144.40,1.0000,-1,-1,-1
764,94,518.95,261.90,105.67,134.69,1.0000,-1,-1,-1
764,95,678.90,165.03,53.86,120.76,1.0000,-1,-1,-1
764,97,741.88,101.71,69.81,142.02,1.0000,-1,-1,-1
764,98,884.63,388.56,69.94,154.68,1.0000,-1,-1,-1
765,35,955.67,267.53,69.03,161.36,1.0000,-1,-1,-1
765,56,1046.15,129.93,56.49,125.30,1.0000,-1,-1,-1
765,78,530.80,135.80,52.10,121.85,1.0000,-1,-1,-1
765,81,714.50,330.40,133.10,120.66,1.0000,-1,-1,-1
765,82,530.77,427.11,97.02,143.26,1.0000,-1,-1,-1
765,84,455.10,461.38,100.84,159.94,1.0000,-1,-1,-1
765,85,774.05,350.52,78.48,135.00,1.0000,-1,-1,-1
765,86,1050.10,326.39,31.59,78.67,1.0000,-1,-1,-1
765,87,690.94,521.32,59.33,99.05,1.0000,-1,-1,-1
765,88,384.88,263.17,52.17,152.77,1.0000,-1,-1,-1
765,90,468.17,307.84,99.58,153.27,1.0000,-1,-1,-1
765,91,-0.70,629.05,51.49,90.17,1.0000,-1,-1,-1
765,93,286.35,255.22,62.59,144.53,1.0000,-1,-1,-1
765,94,518.34,262.32,103.44,131.30,1.0000,-1,-1,-1
765,95,679.76,164.42,55.60,121.49,1.0000,-1,-1,-1
765,97,740.60,91.04,72.66,147.97,1.0000,-1,-1,-1
765,98,885.75,391.65,73.86,157.08,1.0000,-1,-1,-1
766,35,951.09,266.33,66.32,160.74,1.0000,-1,-1,-1
766,56,1040.80,128.58,56.98,125.70,1.0000,-1,-1,-1
766,78,529.68,134.90,52.01,121.66,1.0000,-1,-1,-1
766,81,719.18,335.49,132.07,131.32,1.0000,-1,-1,-1
766,82,531.56,428.30,95.91,143.73,1.0000,-1,-1,-1
766,84,463.99,459.83,95.15,161.54,1.0000,-1,-1,-1
766,85,768.35,349.49,78.51,135.04,1.0000,-1,-1,-1
766,86,1052.01,326.64,31.21,77.72,1.0000,-1,-1,-1
766,87,689.91,520.51,60.02,99.31,1.0000,-1,-1,-1
766,88,382.29,264.06,52.20,152.86,1.0000,-1,-1,-1
766,90,465.80,310.14,106.00,150.81,1.0000,-1,-1,-1
766,91,-0.72,628.79,51.63,90.42,1.0000,-1,-1,-1
766,93,280.46,263.17,59.71,142.49,1.0000,-1,-1,-1
766,94,517.31,263.75,99.08,129.07,1.0000,-1,-1,-1
766,95,679.92,164.85,56.49,121.52,1.0000,-1,-1,-1
766,97,740.50,98.67,73.34,143.24,1.0000,-1,-1,-1
766,98,889.05,393.65,77.28,158.27,1.0000,-1,-1,-1
767,35,948.81,267.27,64.61,161.07,1.0000,-1,-1,-1
767,56,1038.68,128.24,56.35,126.01,1.0000,-1,-1,-1
767,78,528.55,133.99,51.93,121.46,1.0000,-1,-1,-1
767,81,719.95,335.27,132.35,131.60,1.0000,-1,-1,-1
767,82,530.92,428.24,95.26,144.53,1.0000,-1,-1,-1
767,84,467.13,458.74,92.04,163.00,1.0000,-1,-1,-1
767,85,762.66,348.46,78.53,135.09,1.0000,-1,-1,-1
767,86,1053.93,326.89,30.83,76.77,1.0000,-1,-1,-1
767,87,688.95,520.61,60.22,99.57,1.0000,-1,-1,-1
767,88,379.70,264.95,52.23,152.96,1.0000,-1,-1,-1
767,90,464.30,314.26,111.91,146.25,1.0000,-1,-1,-1
767,91,-0.73,628.53,51.78,90.67,1.0000,-1,-1,-1
767,93,279.49,265.47,58.88,142.03,1.0000,-1,-1,-1
767,94,518.70,265.24,93.32,127.91,1.0000,-1,-1,-1
767,95,681.99,165.17,55.78,121.21,1.0000,-1,-1,-1
767,97,740.97,104.08,73.02,138.46,1.0000,-1,-1,-1
767,98,891.05,394.43,80.32,159.24,1.0000,-1,-1,-1
768,35,946.46,267.71,63.98,161.52,1.0000,-1,-1,-1
768,56,1037.22,127.90,55.41,126.38,1.0000,-1,-1,-1
768,78,527.42,133.09,51.85,121.26,1.0000,-1,-1,-1
768,81,720.72,335.04,132.63,131.87,1.0000,-1,-1,-1
768,82,530.26,428.41,94.66,144.88,1.0000,-1,-1,-1
768,84,469.45,457.81,89.36,164.06,1.0000,-1,-1,-1
768,85,777.27,330.04,75.43,150.04,1.0000,-1,-1,-1
768,86,1055.85,327.15,30.44,75.80,1.0000,-1,-1,-1
768,87,687.63,520.21,60.88,99.52,1.0000,-1,-1,-1
768,88,377.11,265.84,52.27,153.05,1.0000,-1,-1,-1
768,90,461.23,313.92,113.65,144.92,1.0000,-1,-1,-1
768,91,-0.74,628.27,51.92,90.93,1.0000,-1,-1,-1
768,93,278.62,267.09,58.85,141.59,1.0000,-1,-1,-1
768,94,519.21,265.11,93.52,128.18,1.0000,-1,-1,-1
768,95,682.64,165.43,54.57,120.95,1.0000,-1,-1,-1
768,97,743.05,107.07,71.99,135.10,1.0000,-1,-1,-1
768,98,893.66,394.01,81.31,158.89,1.0000,-1,-1,-1
769,35,944.59,268.47,63.92,162.60,1.0000,-1,-1,-1
769,56,1035.97,128.30,54.27,126.21,1.0000,-1,-1,-1
769,78,526.30,132.19,51.76,121.07,1.0000,-1,-1,-1
769,81,721.50,334.81,132.91,132.15,1.0000,-1,-1,-1
769,82,532.13,428.52,92.67,145.07,1.0000,-1,-1,-1
769,84,470.20,457.42,88.46,165.59,1.0000,-1,-1,-1
769,85,768.11,326.00,81.51,158.09,1.0000,-1,-1,-1
769,86,1057.77,327.42,30.05,74.82,1.0000,-1,-1,-1
769,87,686.12,520.66,61.67,99.46,1.0000,-1,-1,-1
769,88,374.52,266.72,52.30,153.14,1.0000,-1,-1,-1
769,90,461.08,311.70,114.44,144.76,1.0000,-1,-1,-1
769,91,-0.75,628.01,52.06,91.18,1.0000,-1,-1,-1
769,93,277.84,270.13,57.20,140.52,1.0000,-1,-1,-1
769,94,519.72,264.99,93.72,128.45,1.0000,-1,-1,-1
769,95,683.44,165.57,53.15,121.53,1.0000,-1,-1,-1
769,97,745.24,105.76,70.58,134.49,1.0000,-1,-1,-1
769,98,897.81,393.14,80.02,158.61,1.0000,-1,-1,-1
770,35,943.47,268.86,64.11,162.64,1.0000,-1,-1,-1
770,56,1034.78,128.31,52.56,126.50,1.0000,-1,-1,-1
770,78,525.17,131.28,51.68,120.87,1.0000,-1,-1,-1
770,81,722.27,334.58,133.19,132.43,1.0000,-1,-1,-1
770,82,531.27,428.12,91.87,145.43,1.0000,-1,-1,-1
770,84,468.54,457.00,86.16,165.92,1.0000,-1,-1,-1
770,85,764.45,323.30,85.15,162.36,1.0000,-1,-1,-1
770,86,1059.69,327.70,29.65,73.83,1.0000,-1,-1,-1
770,87,684.78,521.17,61.95,99.54,1.0000,-1,-1,-1
770,88,371.94,267.61,52.33,153.23,1.0000,-1,-1,-1
770,90,463.64,308.69,113.84,145.18,1.0000,-1,-1,-1
770,91,-0.76,627.75,52.20,91.43,1.0000,-1,-1,-1
770,93,275.51,271.98,57.23,139.64,1.0000,-1,-1,-1
770,94,520.23,264.87,93.91,128.72,1.0000,-1,-1,-1
770,95,686.21,167.20,51.07,122.58,1.0000,-1,-1,-1
770,97,747.76,104.24,68.53,134.62,1.0000,-1,-1,-1
770,98,899.69,391.70,79.00,159.30,1.0000,-1,-1,-1
771,35,940.03,268.62,67.25,163.60,1.0000,-1,-1,-1
771,56,1030.34,127.81,51.92,127.16,1.0000,-1,-1,-1
771,78,524.05,130.38,51.59,120.67,1.0000,-1,-1,-1
771,81,723.05,334.36,133.46,132.70,1.0000,-1,-1,-1
771,82,531.89,428.64,91.93,145.52,1.0000,-1,-1,-1
771,84,466.32,456.06,86.53,166.41,1.0000,-1,-1,-1
771,85,767.16,322.47,84.89,164.65,1.0000,-1,-1,-1
771,86,1061.62,327.98,29.24,72.82,1.0000,-1,-1,-1
771,87,682.19,521.69,61.69,99.25,1.0000,-1,-1,-1
771,88,369.35,268.50,52.36,153.32,1.0000,-1,-1,-1
771,90,478.18,294.22,110.00,151.40,1.0000,-1,-1,-1
771,91,-0.78,627.49,52.35,91.68,1.0000,-1,-1,-1
771,93,270.58,271.83,57.35,140.41,1.0000,-1,-1,-1
771,94,520.74,264.75,94.11,128.99,1.0000,-1,-1,-1
771,95,687.86,167.22,48.48,123.76,1.0000,-1,-1,-1
771,97,752.24,104.56,65.72,134.41,1.0000,-1,-1,-1
771,98,897.90,389.56,78.68,159.34,1.0000,-1,-1,-1
772,35,934.49,267.55,69.81,164.57,1.0000,-1,-1,-1
772,56,1026.77,128.09,51.08,127.19,1.0000,-1,-1,-1
772,78,522.92,129.48,51.51,120.47,1.0000,-1,-1,-1
772,81,723.82,334.13,133.74,132.98,1.0000,-1,-1,-1
772,82,532.52,429.16,92.00,145.62,1.0000,-1,-1,-1
772,84,462.06,455.30,86.11,166.86,1.0000,-1,-1,-1
772,85,776.96,323.33,79.58,166.96,1.0000,-1,-1,-1
772,86,1063.55,328.26,28.83,71.80,1.0000,-1,-1,-1
772,87,679.07,522.18,61.80,99.12,1.0000,-1,-1,-1
772,88,366.76,269.39,52.39,153.41,1.0000,-1,-1,-1
772,90,485.52,287.19,106.83,156.54,1.0000,-1,-1,-1
772,91,-0.79,627.23,52.49,91.92,1.0000,-1,-1,-1
772,93,266.91,272.59,56.70,141.59,1.0000,-1,-1,-1
772,94,521.25,264.63,94.31,129.26,1.0000,-1,-1,-1
772,95,688.93,167.66,46.77,124.97,1.0000,-1,-1,-1
772,97,754.46,105.78,63.16,134.21,1.0000,-1,-1,-1
772,98,899.89,385.38,76.17,159.09,1.0000,-1,-1,-1
773,35,927.98,267.04,73.70,165.38,1.0000,-1,-1,-1
773,56,1023.17,126.28,49.84,128.19,1.0000,-1,-1,-1
773,78,521.80,128.58,51.42,120.28,1.0000,-1,-1,-1
773,81,724.60,333.90,134.02,133.25,1.0000,-1,-1,-1
773,82,533.14,429.67,92.06,145.72,1.0000,-1,-1,-1
773,84,458.64,456.11,87.20,166.97,1.0000,-1,-1,-1
773,85,777.16,324.47,78.67,170.01,1.0000,-1,-1,-1
773,86,1065.48,328.56,28.42,70.76,1.0000,-1,-1,-1
773,87,675.66,522.04,61.71,99.00,1.0000,-1,-1,-1
773,88,364.17,270.28,52.42,153.51,1.0000,-1,-1,-1
773,90,493.65,284.33,102.97,161.06,1.0000,-1,-1,-1
773,91,-0.80,626.97,52.63,92.17,1.0000,-1,-1,-1
773,93,262.25,273.82,55.81,141.37,1.0000,-1,-1,-1
773,94,521.76,264.51,94.50,129.53,1.0000,-1,-1,-1
773,95,688.09,167.64,45.32,127.45,1.0000,-1,-1,-1
773,97,754.86,109.74,61.95,133.07,1.0000,-1,-1,-1
773,98,901.33,379.18,72.69,159.86,1.0000,-1,-1,-1
774,35,921.83,266.12,77.44,164.82,1.0000,-1,-1,-1
774,56,1020.18,126.26,49.11,128.82,1.0000,-1,-1,-1
774,78,520.67,127.67,51.34,120.08,1.0000,-1,-1,-1
774,81,725.37,333.68,134.29,133.53,1.0000,-1,-1,-1
774,82,521.09,431.00,89.77,144.46,1.0000,-1,-1,-1
774,84,456.14,456.32,88.20,167.22,1.0000,-1,-1,-1
774,85,782.77,324.87,74.73,172.02,1.0000,-1,-1,-1
774,86,1067.41,328.86,28.00,69.71,1.0000,-1,-1,-1
774,87,672.80,522.00,61.48,98.69,1.0000,-1,-1,-1
774,88,361.59,271.16,52.45,153.60,1.0000,-1,-1,-1
774,90,497.50,283.90,103.39,161.73,1.0000,-1,-1,-1
774,91,-0.81,626.72,52.77,92.42,1.0000,-1,-1,-1
774,93,257.83,274.99,55.38,139.53,1.0000,-1,-1,-1
774,94,522.27,264.39,94.70,129.80,1.0000,-1,-1,-1
774,95,685.50,167.90,43.29,129.61,1.0000,-1,-1,-1
774,97,753.71,114.26,62.65,131.26,1.0000,-1,-1,-1
774,98,902.29,370.72,70.80,162.83,1.0000,-1,-1,-1
775,35,915.86,265.13,79.61,162.44,1.0000,-1,-1,-1
775,56,1015.65,124.50,48.87,130.35,1.0000,-1,-1,-1
775,78,519.55,126.77,51.25,119.88,1.0000,-1,-1,-1
775,81,726.15,333.45,134.57,133.80,1.0000,-1,-1,-1
775,82,519.74,431.71,87.70,143.93,1.0000,-1,-1,-1
775,84,450.40,456.38,84.12,167.34,1.0000,-1,-1,-1
775,85,786.08,324.24,70.97,174.17,1.0000,-1,-1,-1
775,86,1069.35,329.17,27.57,68.65,1.0000,-1,-1,-1
775,87,669.11,522.05,61.55,98.49,1.0000,-1,-1,-1
775,88,359.00,272.05,52.49,153.69,1.0000,-1,-1,-1
775,90,501.35,283.47,103.82,162.40,1.0000,-1,-1,-1
775,91,-0.82,626.46,52.91,92.67,1.0000,-1,-1,-1
775,93,252.44,275.86,55.88,141.20,1.0000,-1,-1,-1
775,94,522.77,264.27,94.89,130.06,1.0000,-1,-1,-1
775,95,682.52,168.20,42.23,131.64,1.0000,-1,-1,-1
775,97,752.74,114.38,62.72,130.11,1.0000,-1,-1,-1
775,98,903.29,371.13,71.08,162.23,1.0000,-1,-1,-1
776,35,904.20,265.25,82.92,159.11,1.0000,-1,-1,-1
776,56,1006.90,124.04,49.14,130.86,1.0000,-1,-1,-1
776,78,518.42,125.87,51.17,119.68,1.0000,-1,-1,-1
776,81,726.92,333.23,134.84,134.07,1.0000,-1,-1,-1
776,82,512.20,432.10,87.82,144.74,1.0000,-1,-1,-1
776,84,447.03,457.22,85.11,166.81,1.0000,-1,-1,-1
776,85,786.29,321.90,69.30,177.11,1.0000,-1,-1,-1
776,86,1071.29,329.49,27.13,67.56,1.0000,-1,-1,-1
776,87,662.56,522.89,62.10,98.19,1.0000,-1,-1,-1
776,88,356.41,272.94,52.52,153.78,1.0000,-1,-1,-1
776,90,505.19,283.04,104.24,163.06,1.0000,-1,-1,-1
776,91,-0.83,626.20,53.05,92.91,1.0000,-1,-1,-1
776,93,242.84,278.04,56.13,140.19,1.0000,-1,-1,-1
776,94,523.28,264.15,95.09,130.33,1.0000,-1,-1,-1
776,95,678.95,170.89,41.08,131.10,1.0000,-1,-1,-1
776,97,746.55,114.55,64.71,129.62,1.0000,-1,-1,-1
776,98,903.47,370.88,74.62,161.62,1.0000,-1,-1,-1
777,35,895.14,267.52,85.40,158.90,1.0000,-1,-1,-1
777,56,1001.67,124.16,49.39,131.29,1.0000,-1,-1,-1
777,78,517.30,124.97,51.08,119.48,1.0000,-1,-1,-1
777,81,727.70,333.00,135.12,134.34,1.0000,-1,-1,-1
777,82,510.96,432.65,87.86,144.79,1.0000,-1,-1,-1
777,84,441.52,457.31,84.63,166.29,1.0000,-1,-1,-1
777,85,784.42,320.02,68.65,179.83,1.0000,-1,-1,-1
777,86,1073.24,329.82,26.69,66.46,1.0000,-1,-1,-1
777,87,657.31,523.05,62.20,97.88,1.0000,-1,-1,-1
777,88,353.82,273.83,52.55,153.87,1.0000,-1,-1,-1
777,90,509.44,286.66,108.37,161.88,1.0000,-1,-1,-1
777,91,-0.84,625.95,53.19,93.16,1.0000,-1,-1,-1
777,93,235.30,279.44,56.34,139.16,1.0000,-1,-1,-1
777,94,523.79,264.03,95.28,130.60,1.0000,-1,-1,-1
777,95,680.11,172.02,40.82,130.27,1.0000,-1,-1,-1
777,97,741.99,117.98,66.10,128.94,1.0000,-1,-1,-1
777,98,902.79,371.68,78.42,161.83,1.0000,-1,-1,-1
778,35,888.59,265.78,86.01,154.02,1.0000,-1,-1,-1
778,56,997.09,125.48,49.06,130.55,1.0000,-1,-1,-1
778,78,516.17,124.07,51.00,119.28,1.0000,-1,-1,-1
778,81,728.47,332.78,135.39,134.62,1.0000,-1,-1,-1
778,82,509.71,433.21,87.90,144.85,1.0000,-1,-1,-1
778,84,433.50,458.30,80.16,165.70,1.0000,-1,-1,-1
778,85,781.87,317.57,68.32,183.04,1.0000,-1,-1,-1
778,86,1075.19,330.16,26.24,65.34,1.0000,-1,-1,-1
778,87,652.30,524.88,62.52,97.52,1.0000,-1,-1,-1
778,88,351.23,274.72,52.58,153.96,1.0000,-1,-1,-1
778,90,496.00,283.63,118.25,162.53,1.0000,-1,-1,-1
778,91,-0.85,625.69,53.33,93.40,1.0000,-1,-1,-1
778,93,228.71,281.99,56.01,138.45,1.0000,-1,-1,-1
778,94,524.30,263.91,95.48,130.86,1.0000,-1,-1,-1
778,95,681.27,173.15,40.55,129.43,1.0000,-1,-1,-1
778,97,738.17,117.82,65.76,129.37,1.0000,-1,-1,-1
778,98,900.72,372.87,83.45,161.41,1.0000,-1,-1,-1
779,35,880.77,267.71,85.75,150.03,1.0000,-1,-1,-1
779,56,992.83,124.52,49.35,131.47,1.0000,-1,-1,-1
779,78,515.05,123.17,50.91,119.08,1.0000,-1,-1,-1
779,81,729.25,332.55,135.66,134.89,1.0000,-1,-1,-1
779,82,489.91,427.25,91.79,148.60,1.0000,-1,-1,-1
779,84,430.47,459.49,79.01,164.66,1.0000,-1,-1,-1
779,85,781.99,314.87,69.73,185.61,1.0000,-1,-1,-1
779,86,1077.14,330.50,25.78,64.20,1.0000,-1,-1,-1
779,87,650.45,525.11,62.29,97.17,1.0000,-1,-1,-1
779,88,348.65,275.60,52.61,154.06,1.0000,-1,-1,-1
779,90,498.91,283.19,118.75,163.22,1.0000,-1,-1,-1
779,91,-0.86,625.43,53.47,93.65,1.0000,-1,-1,-1
779,93,225.23,283.34,55.99,138.41,1.0000,-1,-1,-1
779,94,524.81,263.79,95.67,131.13,1.0000,-1,-1,-1
779,95,682.43,174.28,40.29,128.58,1.0000,-1,-1,-1
779,97,730.90,116.05,66.07,129.19,1.0000,-1,-1,-1
779,98,896.75,376.07,88.07,157.96,1.0000,-1,-1,-1
780,35,872.80,271.22,85.03,148.87,1.0000,-1,-1,-1
780,56,989.68,125.14,48.82,131.66,1.0000,-1,-1,-1
780,78,513.93,122.26,50.83,118.88,1.0000,-1,-1,-1
780,81,730.03,332.33,135.93,135.16,1.0000,-1,-1,-1
780,82,482.11,426.59,94.37,150.82,1.0000,-1,-1,-1
780,84,428.79,459.41,79.10,164.85,1.0000,-1,-1,-1
780,85,780.46,314.22,69.81,185.82,1.0000,-1,-1,-1
780,86,1079.10,330.86,25.32,63.04,1.0000,-1,-1,-1
780,87,648.60,525.35,62.07,96.81,1.0000,-1,-1,-1
780,88,346.06,276.49,52.64,154.15,1.0000,-1,-1,-1
780,90,487.13,283.27,121.40,163.76,1.0000,-1,-1,-1
780,91,-0.87,625.18,53.61,93.89,1.0000,-1,-1,-1
780,93,213.83,290.06,56.08,135.88,1.0000,-1,-1,-1
780,94,525.33,263.67,95.86,131.39,1.0000,-1,-1,-1
780,95,683.60,175.42,40.02,127.73,1.0000,-1,-1,-1
780,97,727.95,116.28,65.65,129.85,1.0000,-1,-1,-1
780,98,891.00,378.60,91.52,153.05,1.0000,-1,-1,-1
781,35,859.02,273.51,85.02,147.43,1.0000,-1,-1,-1
781,56,984.40,128.50,47.65,131.13,1.0000,-1,-1,-1
781,78,512.80,121.36,50.74,118.68,1.0000,-1,-1,-1
781,81,730.80,332.10,136.21,135.43,1.0000,-1,-1,-1
781,82,475.66,425.32,94.61,153.05,1.0000,-1,-1,-1
781,84,427.11,459.33,79.19,165.04,1.0000,-1,-1,-1
781,85,774.95,308.31,74.98,189.73,1.0000,-1,-1,-1
781,86,1081.06,331.23,24.84,61.86,1.0000,-1,-1,-1
781,87,646.76,525.58,61.84,96.45,1.0000,-1,-1,-1
781,88,343.47,277.38,52.67,154.24,1.0000,-1,-1,-1
781,90,492.68,283.93,114.09,165.23,1.0000,-1,-1,-1
781,91,-0.88,624.92,53.75,94.13,1.0000,-1,-1,-1
781,93,209.66,291.78,56.05,135.82,1.0000,-1,-1,-1
781,94,525.84,263.56,96.06,131.66,1.0000,-1,-1,-1
781,95,684.76,176.56,39.75,126.87,1.0000,-1,-1,-1
781,97,722.89,121.75,64.94,127.60,1.0000,-1,-1,-1
781,98,891.68,377.75,91.87,153.63,1.0000,-1,-1,-1
782,35,852.89,277.05,84.19,147.58,1.0000,-1,-1,-1
782,56,978.99,128.84,47.71,132.42,1.0000,-1,-1,-1
782,78,511.68,120.46,50.66,118.48,1.0000,-1,-1,-1
782,81,731.58,331.88,136.48,135.70,1.0000,-1,-1,-1
782,82,471.52,424.00,92.55,155.81,1.0000,-1,-1,-1
782,84,415.41,465.14,76.25,159.90,1.0000,-1,-1,-1
782,85,773.29,307.32,75.09,190.02,1.0000,-1,-1,-1
782,87,630.64,530.73,62.36,92.09,1.0000,-1,-1,-1
782,88,340.88,278.27,52.70,154.33,1.0000,-1,-1,-1
782,90,496.88,284.51,106.54,165.74,1.0000,-1,-1,-1
782,91,-0.89,624.67,53.89,94.37,1.0000,-1,-1,-1
782,93,205.49,293.49,56.02,135.76,1.0000,-1,-1,-1
782,94,526.35,263.44,96.25,131.92,1.0000,-1,-1,-1
782,95,685.92,177.70,39.48,126.01,1.0000,-1,-1,-1
782,97,719.71,118.33,64.08,129.46,1.0000,-1,-1,-1
782,98,871.15,398.98,95.95,138.27,1.0000,-1,-1,-1
783,35,843.73,278.17,83.47,147.84,1.0000,-1,-1,-1
783,56,974.23,129.46,47.93,133.22,1.0000,-1,-1,-1
783,78,510.55,119.56,50.57,118.28,1.0000,-1,-1,-1
783,81,732.36,331.66,136.75,135.97,1.0000,-1,-1,-1
783,82,468.06,424.10,92.64,155.96,1.0000,-1,-1,-1
783,84,412.78,465.36,76.31,160.04,1.0000,-1,-1,-1
783,85,771.63,306.34,75.21,190.30,1.0000,-1,-1,-1
783,87,627.69,531.21,62.11,91.72,1.0000,-1,-1,-1
783,88,338.30,279.16,52.73,154.42,1.0000,-1,-1,-1
783,90,498.34,286.50,101.55,166.31,1.0000,-1,-1,-1
783,91,-0.90,624.41,54.03,94.61,1.0000,-1,-1,-1
783,93,201.31,295.21,56.00,135.69,1.0000,-1,-1,-1
783,94,526.86,263.32,96.44,132.19,1.0000,-1,-1,-1
783,95,687.09,178.85,39.21,125.14,1.0000,-1,-1,-1
783,97,716.20,121.41,62.86,128.62,1.0000,-1,-1,-1
783,98,870.17,399.51,96.18,138.60,1.0000,-1,-1,-1
783,99,647.08,176.81,42.16,139.66,1.0000,-1,-1,-1
784,35,837.89,278.46,83.46,147.83,1.0000,-1,-1,-1
784,56,971.60,130.15,47.30,133.23,1.0000,-1,-1,-1
784,78,509.43,118.66,50.48,118.07,1.0000,-1,-1,-1
784,81,733.14,331.43,137.02,136.24,1.0000,-1,-1,-1
784,82,463.23,416.94,90.43,159.45,1.0000,-1,-1,-1
784,84,410.15,465.57,76.38,160.17,1.0000,-1,-1,-1
784,85,769.96,305.36,75.32,190.59,1.0000,-1,-1,-1
784,87,624.74,531.69,61.85,91.34,1.0000,-1,-1,-1
784,88,335.71,280.05,52.77,154.51,1.0000,-1,-1,-1
784,90,494.98,287.38,98.04,166.58,1.0000,-1,-1,-1
784,91,-0.91,624.16,54.16,94.86,1.0000,-1,-1,-1
784,93,197.14,296.93,55.97,135.63,1.0000,-1,-1,-1
784,94,527.37,263.20,96.63,132.45,1.0000,-1,-1,-1
784,95,688.25,180.00,38.94,124.27,1.0000,-1,-1,-1
784,97,712.20,120.01,62.98,130.38,1.0000,-1,-1,-1
784,98,869.19,400.04,96.41,138.93,1.0000,-1,-1,-1
784,99,644.82,175.71,44.10,141.05,1.0000,-1,-1,-1
785,35,831.24,277.38,76.30,145.89,1.0000,-1,-1,-1
785,56,968.17,130.36,47.43,132.91,1.0000,-1,-1,-1
785,78,508.30,117.76,50.40,117.87,1.0000,-1,-1,-1
785,81,733.91,331.21,137.29,136.50,1.0000,-1,-1,-1
785,82,459.21,418.12,88.11,160.18,1.0000,-1,-1,-1
785,84,405.38,469.11,77.56,154.93,1.0000,-1,-1,-1
785,85,768.30,304.37,75.43,190.87,1.0000,-1,-1,-1
785,87,612.45,557.93,67.59,122.92,1.0000,-1,-1,-1
785,88,333.12,280.93,52.80,154.60,1.0000,-1,-1,-1
785,90,491.40,286.97,95.24,167.42,1.0000,-1,-1,-1
785,93,192.97,298.65,55.94,135.56,1.0000,-1,-1,-1
785,94,527.88,263.09,96.83,132.71,1.0000,-1,-1,-1
785,95,689.42,181.15,38.66,123.39,1.0000,-1,-1,-1
785,97,708.02,121.77,62.81,130.55,1.0000,-1,-1,-1
785,98,868.21,400.57,96.64,139.26,1.0000,-1,-1,-1
785,99,641.86,174.08,45.87,142.91,1.0000,-1,-1,-1
786,35,825.03,277.51,76.25,145.80,1.0000,-1,-1,-1
786,56,963.75,128.16,47.31,133.94,1.0000,-1,-1,-1
786,78,507.18,116.86,50.31,117.67,1.0000,-1,-1,-1
786,81,730.53,371.19,96.21,130.78,1.0000,-1,-1,-1
786,82,449.16,420.71,88.67,160.04,1.0000,-1,-1,-1
786,84,396.59,471.94,75.64,151.06,1.0000,-1,-1,-1
786,85,766.63,303.39,75.54,191.15,1.0000,-1,-1,-1
786,87,602.92,556.07,69.88,140.71,1.0000,-1,-1,-1
786,88,330.53,281.82,52.83,154.69,1.0000,-1,-1,-1
786,90,481.65,290.56,95.80,165.83,1.0000,-1,-1,-1
786,93,188.80,300.37,55.92,135.50,1.0000,-1,-1,-1
786,94,528.39,262.97,97.02,132.97,1.0000,-1,-1,-1
786,95,690.59,182.31,38.38,122.50,1.0000,-1,-1,-1
786,97,702.45,119.52,61.83,131.21,1.0000,-1,-1,-1
786,98,844.50,408.42,93.27,133.08,1.0000,-1,-1,-1
786,99,634.90,175.64,44.38,138.97,1.0000,-1,-1,-1
787,35,818.83,277.63,76.20,145.71,1.0000,-1,-1,-1
787,56,960.18,126.77,47.60,134.87,1.0000,-1,-1,-1
787,78,506.06,115.96,50.22,117.47,1.0000,-1,-1,-1
787,81,730.29,372.74,96.27,130.86,1.0000,-1,-1,-1
787,82,444.69,421.43,88.67,160.86,1.0000,-1,-1,-1
787,84,393.24,472.28,75.68,151.14,1.0000,-1,-1,-1
787,85,764.97,302.41,75.65,191.44,1.0000,-1,-1,-1
787,87,598.81,553.30,69.93,151.84,1.0000,-1,-1,-1
787,90,475.11,292.71,95.71,164.86,1.0000,-1,-1,-1
787,93,184.63,302.09,55.89,135.44,1.0000,-1,-1,-1
787,94,528.90,262.85,97.21,133.23,1.0000,-1,-1,-1
787,95,691.75,183.46,38.10,121.60,1.0000,-1,-1,-1
787,97,698.10,118.87,62.44,131.96,1.0000,-1,-1,-1
787,98,840.32,400.04,94.71,138.89,1.0000,-1,-1,-1
787,99,631.64,175.99,42.57,133.60,1.0000,-1,-1,-1
788,35,812.62,277.76,76.15,145.61,1.0000,-1,-1,-1
788,56,958.13,124.79,47.84,136.09,1.0000,-1,-1,-1
788,78,504.93,115.06,50.14,117.26,1.0000,-1,-1,-1
788,81,730.05,374.30,96.33,130.95,1.0000,-1,-1,-1
788,82,442.18,422.22,88.30,161.68,1.0000,-1,-1,-1
788,84,389.88,472.63,75.72,151.22,1.0000,-1,-1,-1
788,85,763.30,301.43,75.77,191.72,1.0000,-1,-1,-1
788,87,594.98,550.48,71.44,160.39,1.0000,-1,-1,-1
788,90,472.00,292.79,94.88,165.13,1.0000,-1,-1,-1
788,93,180.46,303.81,55.87,135.37,1.0000,-1,-1,-1
788,94,529.42,262.74,97.40,133.49,1.0000,-1,-1,-1
788,95,692.92,184.63,37.82,120.70,1.0000,-1,-1,-1
788,97,694.19,117.53,63.09,133.39,1.0000,-1,-1,-1
788,98,837.35,400.38,94.88,139.14,1.0000,-1,-1,-1
788,99,630.59,176.63,41.93,129.92,1.0000,-1,-1,-1
789,35,806.42,277.89,76.10,145.52,1.0000,-1,-1,-1
789,56,957.50,123.11,47.97,137.63,1.0000,-1,-1,-1
789,78,503.81,114.16,50.05,117.06,1.0000,-1,-1,-1
789,81,729.80,375.86,96.39,131.03,1.0000,-1,-1,-1
789,82,441.16,423.98,86.95,161.61,1.0000,-1,-1,-1
789,84,386.53,472.97,75.76,151.30,1.0000,-1,-1,-1
789,85,761.64,300.44,75.88,192.00,1.0000,-1,-1,-1
789,87,592.19,547.82,73.05,166.53,1.0000,-1,-1,-1
789,90,470.18,301.83,94.08,159.57,1.0000,-1,-1,-1
789,93,176.29,305.53,55.84,135.31,1.0000,-1,-1,-1
789,94,529.93,262.62,97.59,133.75,1.0000,-1,-1,-1
789,95,694.09,185.79,37.54,119.80,1.0000,-1,-1,-1
789,97,691.73,115.88,63.90,135.05,1.0000,-1,-1,-1
789,98,837.78,387.39,98.88,146.72,1.0000,-1,-1,-1
789,99,630.02,177.10,42.58,129.58,1.0000,-1,-1,-1
790,35,803.44,273.10,73.27,132.11,1.0000,-1,-1,-1
790,56,957.28,122.45,48.03,137.94,1.0000,-1,-1,-1
790,78,502.68,113.26,49.96,116.86,1.0000,-1,-1,-1
790,81,729.56,377.42,96.45,131.11,1.0000,-1,-1,-1
790,82,440.27,423.23,86.39,162.58,1.0000,-1,-1,-1
790,84,388.06,476.47,71.89,146.42,1.0000,-1,-1,-1
790,85,759.98,299.46,75.99,192.29,1.0000,-1,-1,-1
790,87,592.26,545.71,74.92,170.80,1.0000,-1,-1,-1
790,90,469.20,306.35,93.60,155.52,1.0000,-1,-1,-1
790,93,172.12,307.24,55.81,135.24,1.0000,-1,-1,-1
790,94,530.44,262.50,97.78,134.01,1.0000,-1,-1,-1
790,95,695.26,186.96,37.25,118.88,1.0000,-1,-1,-1
790,97,690.72,113.94,64.96,136.17,1.0000,-1,-1,-1
790,98,837.25,382.07,93.22,149.85,1.0000,-1,-1,-1
790,99,629.95,176.16,45.66,133.83,1.0000,-1,-1,-1
791,35,797.40,272.40,73.17,131.93,1.0000,-1,-1,-1
791,56,958.75,120.86,48.23,138.47,1.0000,-1,-1,-1
791,78,501.56,112.36,49.87,116.65,1.0000,-1,-1,-1
791,81,729.31,378.97,96.52,131.19,1.0000,-1,-1,-1
791,82,439.68,419.60,88.41,163.84,1.0000,-1,-1,-1
791,84,389.56,479.75,72.30,143.31,1.0000,-1,-1,-1
791,85,755.93,345.99,112.04,154.79,1.0000,-1,-1,-1
791,87,588.88,548.63,75.03,171.06,1.0000,-1,-1,-1
791,90,470.01,305.53,93.05,154.49,1.0000,-1,-1,-1
791,93,167.95,308.96,55.79,135.18,1.0000,-1,-1,-1
791,94,530.95,262.39,97.97,134.27,1.0000,-1,-1,-1
791,95,696.44,188.13,36.96,117.96,1.0000,-1,-1,-1
791,97,692.50,115.07,65.75,134.62,1.0000,-1,-1,-1
791,98,852.28,373.00,88.19,150.47,1.0000,-1,-1,-1
791,99,633.59,175.18,50.72,136.92,1.0000,-1,-1,-1
792,35,791.36,271.69,73.07,131.74,1.0000,-1,-1,-1
792,56,960.26,119.11,48.40,139.06,1.0000,-1,-1,-1
792,78,500.44,111.46,49.79,116.45,1.0000,-1,-1,-1
792,81,729.07,380.53,96.58,131.28,1.0000,-1,-1,-1
792,82,441.89,417.65,90.51,163.93,1.0000,-1,-1,-1
792,84,386.87,480.30,72.31,143.31,1.0000,-1,-1,-1
792,85,755.39,348.84,117.80,144.31,1.0000,-1,-1,-1
792,87,597.30,542.75,84.37,175.70,1.0000,-1,-1,-1
792,90,470.93,305.05,92.27,153.46,1.0000,-1,-1,-1
792,93,163.78,310.68,55.76,135.12,1.0000,-1,-1,-1
792,94,531.47,262.27,98.15,134.53,1.0000,-1,-1,-1
792,95,697.61,189.31,36.67,117.03,1.0000,-1,-1,-1
792,97,692.76,116.80,67.70,132.45,1.0000,-1,-1,-1
792,98,861.69,366.49,86.51,150.17,1.0000,-1,-1,-1
792,99,635.00,173.25,53.47,139.06,1.0000,-1,-1,-1
793,35,785.32,270.99,72.96,131.56,1.0000,-1,-1,-1
793,56,961.51,117.95,48.92,139.87,1.0000,-1,-1,-1
793,78,499.31,110.56,49.70,116.24,1.0000,-1,-1,-1
793,81,728.83,382.09,96.64,131.36,1.0000,-1,-1,-1
793,82,444.45,416.01,91.09,163.68,1.0000,-1,-1,-1
793,84,393.26,481.69,74.70,140.40,1.0000,-1,-1,-1
793,85,760.47,350.45,118.63,139.66,1.0000,-1,-1,-1
793,87,599.16,541.35,93.85,178.36,1.0000,-1,-1,-1
793,90,471.50,299.46,91.78,155.59,1.0000,-1,-1,-1
793,93,159.61,312.40,55.73,135.05,1.0000,-1,-1,-1
793,94,531.98,262.16,98.34,134.79,1.0000,-1,-1,-1
793,95,698.79,190.49,36.38,116.09,1.0000,-1,-1,-1
793,97,693.15,116.42,70.20,131.59,1.0000,-1,-1,-1
793,98,865.15,362.12,83.54,150.10,1.0000,-1,-1,-1
793,99,635.65,173.93,55.29,139.27,1.0000,-1,-1,-1
794,35,779.28,270.28,72.86,131.37,1.0000,-1,-1,-1
794,56,962.03,117.28,49.36,140.48,1.0000,-1,-1,-1
794,78,498.19,109.66,49.61,116.04,1.0000,-1,-1,-1
794,81,728.58,383.65,96.70,131.44,1.0000,-1,-1,-1
794,82,445.90,416.02,91.76,162.43,1.0000,-1,-1,-1
794,84,391.45,482.18,74.71,140.42,1.0000,-1,-1,-1
794,85,767.88,350.23,115.75,135.33,1.0000,-1,-1,-1
794,87,599.43,540.38,102.42,179.00,1.0000,-1,-1,-1
794,90,473.15,299.02,91.96,155.91,1.0000,-1,-1,-1
794,93,155.44,314.12,55.71,134.99,1.0000,-1,-1,-1
794,94,532.49,262.04,98.53,135.05,1.0000,-1,-1,-1
794,95,699.96,191.67,36.08,115.15,1.0000,-1,-1,-1
794,97,693.73,113.06,72.62,132.64,1.0000,-1,-1,-1
794,98,868.49,359.04,79.27,151.09,1.0000,-1,-1,-1
794,99,635.77,173.64,57.27,140.11,1.0000,-1,-1,-1
795,35,773.24,269.57,72.76,131.19,1.0000,-1,-1,-1
795,56,962.70,116.13,50.23,141.50,1.0000,-1,-1,-1
795,78,497.07,108.76,49.52,115.83,1.0000,-1,-1,-1
795,81,728.34,385.21,96.76,131.52,1.0000,-1,-1,-1
795,82,447.99,415.84,91.37,160.72,1.0000,-1,-1,-1
795,84,389.65,482.67,74.72,140.43,1.0000,-1,-1,-1
795,85,776.11,347.53,113.56,135.09,1.0000,-1,-1,-1
795,87,599.31,540.28,110.62,178.76,1.0000,-1,-1,-1
795,90,475.47,298.88,94.57,156.41,1.0000,-1,-1,-1
795,93,151.27,315.84,55.68,134.92,1.0000,-1,-1,-1
795,94,533.01,261.93,98.72,135.31,1.0000,-1,-1,-1
795,95,701.14,192.86,35.78,114.20,1.0000,-1,-1,-1
795,97,694.47,103.35,75.33,138.45,1.0000,-1,-1,-1
795,98,871.15,356.71,74.92,153.28,1.0000,-1,-1,-1
795,99,635.20,174.49,58.47,139.62,1.0000,-1,-1,-1
795,101,749.69,284.79,67.79,149.80,1.0000,-1,-1,-1
796,35,767.20,268.87,72.65,131.00,1.0000,-1,-1,-1
796,56,964.57,118.62,50.89,141.02,1.0000,-1,-1,-1
796,78,495.94,107.87,49.44,115.62,1.0000,-1,-1,-1
796,81,728.09,386.76,96.82,131.61,1.0000,-1,-1,-1
796,82,450.66,416.44,90.31,158.89,1.0000,-1,-1,-1
796,84,407.92,487.86,87.17,133.46,1.0000,-1,-1,-1
796,85,778.43,346.99,112.55,134.95,1.0000,-1,-1,-1
796,87,602.70,540.97,112.76,177.79,1.0000,-1,-1,-1
796,90,477.98,298.86,94.72,156.71,1.0000,-1,-1,-1
796,93,147.10,317.56,55.65,134.86,1.0000,-1,-1,-1
796,94,533.52,261.81,98.91,135.56,1.0000,-1,-1,-1
796,95,702.32,194.05,35.48,113.24,1.0000,-1,-1,-1
796,97,696.20,105.87,79.95,138.30,1.0000,-1,-1,-1
796,98,876.49,350.59,69.05,156.56,1.0000,-1,-1,-1
796,99,631.05,175.87,61.10,139.24,1.0000,-1,-1,-1
796,101,753.88,279.77,67.06,146.97,1.0000,-1,-1,-1
797,35,761.16,268.16,72.55,130.81,1.0000,-1,-1,-1
797,56,965.96,120.23,51.15,140.22,1.0000,-1,-1,-1
797,78,494.82,106.97,49.35,115.42,1.0000,-1,-1,-1
797,81,727.85,388.32,96.88,131.69,1.0000,-1,-1,-1
797,82,452.59,417.32,88.79,157.43,1.0000,-1,-1,-1
797,84,412.01,491.43,91.55,129.73,1.0000,-1,-1,-1
797,85,780.36,347.67,111.98,134.37,1.0000,-1,-1,-1
797,87,609.47,541.63,111.99,177.04,1.0000,-1,-1,-1
797,90,479.89,298.81,95.44,156.20,1.0000,-1,-1,-1
797,93,142.93,319.28,55.63,134.79,1.0000,-1,-1,-1
797,94,534.03,261.70,99.09,135.82,1.0000,-1,-1,-1
797,95,703.50,195.25,35.18,112.27,1.0000,-1,-1,-1
797,97,699.13,110.53,83.00,135.02,1.0000,-1,-1,-1
797,98,876.84,348.42,68.95,156.33,1.0000,-1,-1,-1
797,99,626.74,177.58,64.17,138.43,1.0000,-1,-1,-1
797,101,754.98,276.37,67.26,143.22,1.0000,-1,-1,-1
798,35,749.38,276.50,72.30,124.76,1.0000,-1,-1,-1
798,56,967.26,121.21,51.19,139.98,1.0000,-1,-1,-1
798,78,493.70,106.07,49.26,115.21,1.0000,-1,-1,-1
798,81,727.60,389.88,96.94,131.77,1.0000,-1,-1,-1
798,82,451.57,416.94,88.85,157.53,1.0000,-1,-1,-1
798,84,412.87,492.08,91.61,129.82,1.0000,-1,-1,-1
798,85,781.59,352.34,111.80,132.13,1.0000,-1,-1,-1
798,87,617.93,542.89,107.01,176.91,1.0000,-1,-1,-1
798,90,480.71,298.82,95.98,156.29,1.0000,-1,-1,-1
798,93,138.76,321.00,55.60,134.73,1.0000,-1,-1,-1
798,94,534.55,261.58,99.28,136.07,1.0000,-1,-1,-1
798,95,704.68,196.45,34.87,111.30,1.0000,-1,-1,-1
798,97,701.06,118.06,86.33,129.84,1.0000,-1,-1,-1
798,98,883.84,340.52,65.68,156.50,1.0000,-1,-1,-1
798,99,621.43,178.67,68.30,137.89,1.0000,-1,-1,-1
798,101,756.69,272.38,66.67,141.97,1.0000,-1,-1,-1
799,35,746.91,277.21,73.56,121.98,1.0000,-1,-1,-1
799,56,968.28,121.18,51.38,140.12,1.0000,-1,-1,-1
799,78,492.57,105.17,49.17,115.00,1.0000,-1,-1,-1
799,81,727.36,391.44,97.00,131.85,1.0000,-1,-1,-1
799,82,450.56,416.57,88.90,157.63,1.0000,-1,-1,-1
799,84,413.72,492.73,91.67,129.90,1.0000,-1,-1,-1
799,85,776.28,319.20,106.77,144.34,1.0000,-1,-1,-1
799,87,625.79,543.47,102.58,176.90,1.0000,-1,-1,-1
799,90,480.86,298.81,96.24,156.71,1.0000,-1,-1,-1
799,93,134.59,322.71,55.57,134.67,1.0000,-1,-1,-1
799,94,535.06,261.47,99.47,136.33,1.0000,-1,-1,-1
799,95,705.86,197.65,34.56,110.31,1.0000,-1,-1,-1
799,97,699.87,120.76,89.37,128.16,1.0000,-1,-1,-1
799,98,884.65,337.92,65.54,156.17,1.0000,-1,-1,-1
799,99,616.13,178.65,72.83,138.12,1.0000,-1,-1,-1
799,101,758.41,268.38,66.08,140.72,1.0000,-1,-1,-1
800,35,744.70,280.75,74.12,127.12,1.0000,-1,-1,-1
800,56,969.42,121.15,51.54,140.59,1.0000,-1,-1,-1
800,78,491.45,104.27,49.08,114.80,1.0000,-1,-1,-1
800,81,727.12,392.99,97.06,131.93,1.0000,-1,-1,-1
800,82,449.54,416.19,88.96,157.73,1.0000,-1,-1,-1
800,84,440.66,498.75,102.83,125.39,1.0000,-1,-1,-1
800,85,778.24,302.41,100.09,152.66,1.0000,-1,-1,-1
800,87,636.44,543.88,92.88,176.61,1.0000,-1,-1,-1
800,90,481.61,300.21,96.49,157.07,1.0000,-1,-1,-1
800,93,130.42,324.43,55.55,134.60,1.0000,-1,-1,-1
800,94,535.57,261.36,99.65,136.58,1.0000,-1,-1,-1
800,95,707.05,198.86,34.25,109.32,1.0000,-1,-1,-1
800,97,700.19,122.16,91.18,127.47,1.0000,-1,-1,-1
800,98,892.63,329.53,68.66,152.68,1.0000,-1,-1,-1
800,99,612.62,178.17,76.69,138.80,1.0000,-1,-1,-1
800,101,760.12,264.40,65.49,139.45,1.0000,-1,-1,-1
801,35,739.02,281.00,74.01,126.94,1.0000,-1,-1,-1
801,56,971.99,120.33,51.44,141.85,1.0000,-1,-1,-1
801,81,726.87,394.55,97.12,132.02,1.0000,-1,-1,-1
801,82,448.53,415.82,89.02,157.84,1.0000,-1,-1,-1
801,84,444.12,499.63,102.94,125.51,1.0000,-1,-1,-1
801,85,778.48,299.17,100.23,152.88,1.0000,-1,-1,-1
801,87,642.10,545.45,86.27,175.50,1.0000,-1,-1,-1
801,90,482.66,301.16,96.81,156.19,1.0000,-1,-1,-1
801,93,126.25,326.15,55.52,134.54,1.0000,-1,-1,-1
801,94,536.09,261.24,99.84,136.84,1.0000,-1,-1,-1
801,95,708.23,200.07,33.94,108.31,1.0000,-1,-1,-1
801,97,702.89,121.30,94.78,128.27,1.0000,-1,-1,-1
801,98,897.85,324.46,72.06,152.76,1.0000,-1,-1,-1
801,99,610.61,181.35,79.71,136.95,1.0000,-1,-1,-1
801,101,761.84,260.42,64.88,138.17,1.0000,-1,-1,-1
802,35,733.33,281.26,73.91,126.76,1.0000,-1,-1,-1
802,56,973.93,118.89,51.34,143.76,1.0000,-1,-1,-1
802,81,726.63,396.11,97.18,132.10,1.0000,-1,-1,-1
802,82,470.25,430.11,99.94,178.36,1.0000,-1,-1,-1
802,84,447.59,500.51,103.04,125.64,1.0000,-1,-1,-1
802,85,778.72,295.92,100.38,153.10,1.0000,-1,-1,-1
802,87,641.10,545.98,85.94,175.24,1.0000,-1,-1,-1
802,90,481.34,303.12,97.21,156.66,1.0000,-1,-1,-1
802,93,122.07,327.87,55.49,134.47,1.0000,-1,-1,-1
802,94,536.60,261.13,100.02,137.09,1.0000,-1,-1,-1
802,95,709.42,201.29,33.62,107.30,1.0000,-1,-1,-1
802,97,709.24,123.22,95.07,127.48,1.0000,-1,-1,-1
802,98,900.20,317.47,73.45,148.61,1.0000,-1,-1,-1
802,99,609.62,183.71,82.03,135.01,1.0000,-1,-1,-1
802,101,763.56,256.44,64.28,136.87,1.0000,-1,-1,-1
803,35,727.65,281.51,73.80,126.58,1.0000,-1,-1,-1
803,56,976.43,119.70,51.80,144.00,1.0000,-1,-1,-1
803,81,726.38,397.67,97.24,132.18,1.0000,-1,-1,-1
803,82,472.17,428.25,103.64,186.84,1.0000,-1,-1,-1
803,84,451.05,501.40,103.14,125.76,1.0000,-1,-1,-1
803,85,778.96,292.68,100.52,153.33,1.0000,-1,-1,-1
803,87,647.43,547.02,82.25,174.56,1.0000,-1,-1,-1
803,90,482.80,304.29,96.72,156.34,1.0000,-1,-1,-1
803,93,117.90,329.59,55.47,134.41,1.0000,-1,-1,-1
803,94,537.12,261.02,100.21,137.35,1.0000,-1,-1,-1
803,95,710.61,202.51,33.30,106.28,1.0000,-1,-1,-1
803,97,717.40,125.13,95.00,126.87,1.0000,-1,-1,-1
803,98,901.22,317.38,74.62,152.77,1.0000,-1,-1,-1
803,99,608.93,184.12,83.87,134.55,1.0000,-1,-1,-1
803,101,765.28,252.47,63.67,135.57,1.0000,-1,-1,-1
804,35,721.96,281.76,73.70,126.39,1.0000,-1,-1,-1
804,56,978.78,120.76,51.96,144.18,1.0000,-1,-1,-1
804,81,726.14,399.23,97.30,132.26,1.0000,-1,-1,-1
804,82,473.46,429.73,103.83,187.18,1.0000,-1,-1,-1
804,84,454.52,502.28,103.24,125.89,1.0000,-1,-1,-1
804,85,779.20,289.44,100.67,153.55,1.0000,-1,-1,-1
804,87,656.64,549.16,77.47,173.14,1.0000,-1,-1,-1
804,90,483.04,304.64,96.97,156.75,1.0000,-1,-1,-1
804,93,113.73,331.31,55.44,134.34,1.0000,-1,-1,-1
804,94,537.63,260.91,100.39,137.60,1.0000,-1,-1,-1
804,95,711.80,203.74,32.98,105.25,1.0000,-1,-1,-1
804,97,719.10,125.46,95.41,127.43,1.0000,-1,-1,-1
804,98,902.22,315.87,75.35,156.71,1.0000,-1,-1,-1
804,99,608.41,184.47,84.96,134.43,1.0000,-1,-1,-1
804,101,767.01,248.51,63.05,134.25,1.0000,-1,-1,-1
805,35,716.28,282.01,73.59,126.21,1.0000,-1,-1,-1
805,56,981.12,121.56,51.70,144.20,1.0000,-1,-1,-1
805,81,725.90,400.79,97.36,132.34,1.0000,-1,-1,-1
805,82,474.76,431.21,104.01,187.52,1.0000,-1,-1,-1
805,84,457.98,503.17,103.34,126.01,1.0000,-1,-1,-1
805,85,779.44,286.20,100.81,153.77,1.0000,-1,-1,-1
805,87,665.81,550.30,73.10,171.98,1.0000,-1,-1,-1
805,90,483.27,304.99,97.22,157.15,1.0000,-1,-1,-1
805,93,109.56,333.03,55.41,134.28,1.0000,-1,-1,-1
805,94,538.15,260.79,100.58,137.85,1.0000,-1,-1,-1
805,95,712.99,204.97,32.65,104.21,1.0000,-1,-1,-1
805,97,734.43,123.51,89.51,127.82,1.0000,-1,-1,-1
805,98,905.86,313.43,76.15,159.26,1.0000,-1,-1,-1
805,99,608.09,185.21,86.01,134.47,1.0000,-1,-1,-1
805,101,768.74,244.56,62.42,132.92,1.0000,-1,-1,-1
806,35,710.59,282.27,73.48,126.03,1.0000,-1,-1,-1
806,56,985.35,125.99,51.64,143.68,1.0000,-1,-1,-1
806,81,725.65,402.34,97.42,132.43,1.0000,-1,-1,-1
806,82,476.05,432.69,104.20,187.85,1.0000,-1,-1,-1
806,84,461.45,504.05,103.45,126.13,1.0000,-1,-1,-1
806,85,779.68,282.95,100.96,153.99,1.0000,-1,-1,-1
806,87,679.86,552.59,67.55,170.22,1.0000,-1,-1,-1
806,90,483.51,305.35,97.47,157.55,1.0000,-1,-1,-1
806,93,105.39,334.75,55.39,134.21,1.0000,-1,-1,-1
806,94,538.66,260.68,100.76,138.10,1.0000,-1,-1,-1
806,95,714.18,206.21,32.32,103.15,1.0000,-1,-1,-1
806,97,755.08,111.96,81.51,133.86,1.0000,-1,-1,-1
806,98,911.91,307.19,77.96,152.27,1.0000,-1,-1,-1
806,99,609.26,184.64,86.86,135.90,1.0000,-1,-1,-1
806,101,770.47,240.61,61.79,131.58,1.0000,-1,-1,-1
807,35,704.91,282.52,73.38,125.84,1.0000,-1,-1,-1
807,56,988.51,128.59,51.19,143.07,1.0000,-1,-1,-1
807,81,725.41,403.90,97.48,132.51,1.0000,-1,-1,-1
807,82,477.35,434.17,104.38,188.19,1.0000,-1,-1,-1
807,84,464.91,504.94,103.55,126.26,1.0000,-1,-1,-1
807,85,779.92,279.71,101.10,154.21,1.0000,-1,-1,-1
807,87,683.44,553.69,67.59,170.32,1.0000,-1,-1,-1
807,90,483.75,305.70,97.71,157.95,1.0000,-1,-1,-1
807,93,101.22,336.47,55.36,134.15,1.0000,-1,-1,-1
807,94,539.18,260.57,100.94,138.36,1.0000,-1,-1,-1
807,95,715.38,207.45,31.99,102.09,1.0000,-1,-1,-1
807,97,758.99,111.35,81.78,134.31,1.0000,-1,-1,-1
807,98,916.02,306.16,79.57,147.93,1.0000,-1,-1,-1
807,99,611.24,190.74,87.66,133.64,1.0000,-1,-1,-1
807,101,772.21,236.67,61.15,130.22,1.0000,-1,-1,-1
808,35,699.22,282.77,73.27,125.66,1.0000,-1,-1,-1
808,56,990.89,127.54,51.62,144.35,1.0000,-1,-1,-1
808,81,725.17,405.46,97.54,132.59,1.0000,-1,-1,-1
808,82,475.84,429.60,109.66,174.93,1.0000,-1,-1,-1
808,84,468.38,505.82,103.65,126.38,1.0000,-1,-1,-1
808,85,780.16,276.47,101.25,154.42,1.0000,-1,-1,-1
808,87,695.02,557.28,63.29,166.74,1.0000,-1,-1,-1
808,90,483.98,306.05,97.96,158.35,1.0000,-1,-1,-1
808,93,97.05,338.19,55.33,134.08,1.0000,-1,-1,-1
808,94,539.69,260.46,101.13,138.61,1.0000,-1,-1,-1
808,95,716.57,208.70,31.65,101.02,1.0000,-1,-1,-1
808,97,762.90,110.74,82.05,134.75,1.0000,-1,-1,-1
808,98,916.04,306.25,81.91,145.28,1.0000,-1,-1,-1
808,99,613.63,195.17,89.90,131.40,1.0000,-1,-1,-1
808,101,773.95,232.73,60.51,128.85,1.0000,-1,-1,-1
809,35,693.54,283.03,73.16,125.48,1.0000,-1,-1,-1
809,56,993.55,128.42,51.73,145.31,1.0000,-1,-1,-1
809,81,724.92,407.02,97.60,132.67,1.0000,-1,-1,-1
809,82,477.12,430.12,109.85,175.22,1.0000,-1,-1,-1
809,84,471.84,506.71,103.75,126.51,1.0000,-1,-1,-1
809,85,780.40,273.23,101.39,154.64,1.0000,-1,-1,-1
809,87,699.12,558.48,63.29,166.75,1.0000,-1,-1,-1
809,90,484.22,306.41,98.21,158.75,1.0000,-1,-1,-1
809,93,92.88,339.91,55.31,134.02,1.0000,-1,-1,-1
809,94,540.21,260.35,101.31,138.86,1.0000,-1,-1,-1
809,95,717.77,209.96,31.31,99.93,1.0000,-1,-1,-1
809,97,787.00,123.67,70.11,134.49,1.0000,-1,-1,-1
809,98,913.88,305.79,85.82,144.68,1.0000,-1,-1,-1
809,99,616.02,199.90,94.14,129.75,1.0000,-1,-1,-1
809,101,775.69,228.80,59.86,127.46,1.0000,-1,-1,-1
810,35,687.86,283.28,73.06,125.29,1.0000,-1,-1,-1
810,56,995.76,130.42,52.38,146.42,1.0000,-1,-1,-1
810,81,724.68,408.58,97.66,132.75,1.0000,-1,-1,-1
810,82,480.01,436.96,112.60,167.74,1.0000,-1,-1,-1
810,84,475.31,507.59,103.85,126.63,1.0000,-1,-1,-1
810,85,780.64,269.99,101.53,154.86,1.0000,-1,-1,-1
810,87,703.23,559.68,63.30,166.77,1.0000,-1,-1,-1
810,90,467.50,324.29,89.80,175.83,1.0000,-1,-1,-1
810,93,88.71,341.62,55.28,133.96,1.0000,-1,-1,-1
810,94,540.73,260.23,101.49,139.11,1.0000,-1,-1,-1
810,95,718.97,211.22,30.97,98.83,1.0000,-1,-1,-1
810,97,800.46,126.89,64.58,135.41,1.0000,-1,-1,-1
810,98,911.64,303.54,89.96,144.20,1.0000,-1,-1,-1
810,99,616.59,204.12,96.95,127.37,1.0000,-1,-1,-1
810,101,777.44,224.88,59.20,126.06,1.0000,-1,-1,-1
811,35,682.17,283.53,72.95,125.11,1.0000,-1,-1,-1
811,56,998.97,133.81,53.46,146.54,1.0000,-1,-1,-1
811,81,724.43,410.13,97.72,132.84,1.0000,-1,-1,-1
811,82,488.24,440.40,116.19,164.62,1.0000,-1,-1,-1
811,84,478.77,508.48,103.95,126.75,1.0000,-1,-1,-1
811,85,789.30,304.21,120.75,167.30,1.0000,-1,-1,-1
811,87,707.34,560.88,63.31,166.78,1.0000,-1,-1,-1
811,90,466.25,326.45,90.02,176.27,1.0000,-1,-1,-1
811,93,84.54,343.34,55.25,133.89,1.0000,-1,-1,-1
811,94,541.24,260.12,101.67,139.36,1.0000,-1,-1,-1
811,95,720.17,212.48,30.62,97.72,1.0000,-1,-1,-1
811,97,819.35,132.51,65.02,135.79,1.0000,-1,-1,-1
811,98,904.06,301.67,96.66,145.57,1.0000,-1,-1,-1
811,99,617.71,208.48,98.65,125.92,1.0000,-1,-1,-1
811,101,779.19,220.97,58.53,124.64,1.0000,-1,-1,-1
811,103,729.38,266.19,64.02,143.16,1.0000,-1,-1,-1
812,35,676.49,283.79,72.84,124.93,1.0000,-1,-1,-1
812,56,1002.78,136.00,53.47,147.07,1.0000,-1,-1,-1
812,81,724.19,411.69,97.78,132.92,1.0000,-1,-1,-1
812,82,497.70,440.96,114.95,164.17,1.0000,-1,-1,-1
812,84,482.24,509.36,104.06,126.88,1.0000,-1,-1,-1
812,85,790.56,303.54,121.01,167.67,1.0000,-1,-1,-1
812,87,711.45,562.08,63.31,166.80,1.0000,-1,-1,-1
812,90,474.26,326.09,83.24,191.87,1.0000,-1,-1,-1
812,93,80.37,345.06,55.23,133.83,1.0000,-1,-1,-1
812,94,541.76,260.01,101.86,139.61,1.0000,-1,-1,-1
812,95,721.38,213.76,30.27,96.60,1.0000,-1,-1,-1
812,97,831.59,138.99,69.09,134.28,1.0000,-1,-1,-1
812,98,896.49,299.12,102.80,147.15,1.0000,-1,-1,-1
812,99,620.95,210.41,99.91,125.24,1.0000,-1,-1,-1
812,101,780.94,217.07,57.86,123.21,1.0000,-1,-1,-1
812,103,727.45,265.70,63.74,142.18,1.0000,-1,-1,-1
813,35,670.80,284.04,72.73,124.74,1.0000,-1,-1,-1
813,56,1006.76,134.84,53.76,149.13,1.0000,-1,-1,-1
813,81,723.95,413.25,97.84,133.00,1.0000,-1,-1,-1
813,82,510.22,440.90,110.33,164.86,1.0000,-1,-1,-1
813,84,485.70,510.25,104.16,127.00,1.0000,-1,-1,-1
813,85,791.83,302.86,121.28,168.03,1.0000,-1,-1,-1
813,87,715.56,563.28,63.32,166.81,1.0000,-1,-1,-1
813,90,479.43,326.99,78.68,201.16,1.0000,-1,-1,-1
813,93,76.20,346.78,55.20,133.76,1.0000,-1,-1,-1
813,94,542.27,259.90,102.04,139.86,1.0000,-1,-1,-1
813,95,722.58,215.04,29.91,95.46,1.0000,-1,-1,-1
813,97,841.56,143.18,75.05,134.23,1.0000,-1,-1,-1
813,98,890.51,294.93,106.96,143.71,1.0000,-1,-1,-1
813,99,626.47,211.52,101.83,125.62,1.0000,-1,-1,-1
813,101,782.70,213.17,57.18,121.76,1.0000,-1,-1,-1
813,103,726.44,265.50,64.40,141.71,1.0000,-1,-1,-1
814,35,665.12,284.30,72.63,124.56,1.0000,-1,-1,-1
814,56,1010.11,136.28,54.34,150.77,1.0000,-1,-1,-1
814,81,723.70,414.81,97.90,133.08,1.0000,-1,-1,-1
814,82,522.34,441.28,103.73,166.39,1.0000,-1,-1,-1
814,84,489.17,511.13,104.26,127.12,1.0000,-1,-1,-1
814,85,793.10,302.19,121.54,168.40,1.0000,-1,-1,-1
814,87,719.67,564.48,63.32,166.83,1.0000,-1,-1,-1
814,90,483.53,327.32,75.70,210.25,1.0000,-1,-1,-1
814,93,72.03,348.50,55.17,133.70,1.0000,-1,-1,-1
814,94,542.79,259.79,102.22,140.10,1.0000,-1,-1,-1
814,95,723.79,216.32,29.55,94.31,1.0000,-1,-1,-1
814,97,847.98,145.88,81.38,135.55,1.0000,-1,-1,-1
814,98,884.07,291.13,109.77,140.25,1.0000,-1,-1,-1
814,99,633.14,209.79,102.14,126.16,1.0000,-1,-1,-1
814,101,784.46,209.29,56.49,120.29,1.0000,-1,-1,-1
814,103,720.52,265.45,67.87,141.44,1.0000,-1,-1,-1
815,35,659.43,284.55,72.52,124.37,1.0000,-1,-1,-1
815,56,1014.52,137.16,54.16,151.34,1.0000,-1,-1,-1
815,81,723.46,416.37,97.96,133.16,1.0000,-1,-1,-1
815,82,537.44,441.66,96.23,168.05,1.0000,-1,-1,-1
815,84,492.64,512.02,104.36,127.25,1.0000,-1,-1,-1
815,85,794.37,301.52,121.81,168.76,1.0000,-1,-1,-1
815,87,723.78,565.68,63.33,166.84,1.0000,-1,-1,-1
815,90,486.11,326.01,73.38,217.63,1.0000,-1,-1,-1
815,93,67.86,350.22,55.15,133.63,1.0000,-1,-1,-1
815,94,543.31,259.68,102.40,140.35,1.0000,-1,-1,-1
815,95,725.00,217.62,29.19,93.15,1.0000,-1,-1,-1
815,97,851.29,151.76,88.79,134.33,1.0000,-1,-1,-1
815,98,878.19,299.51,110.14,149.42,1.0000,-1,-1,-1
815,99,643.91,209.99,101.26,127.30,1.0000,-1,-1,-1
815,101,786.23,205.41,55.79,118.81,1.0000,-1,-1,-1
815,103,721.16,266.06,71.45,140.10,1.0000,-1,-1,-1
816,35,653.75,284.81,72.41,124.19,1.0000,-1,-1,-1
816,56,1021.60,139.53,54.72,152.65,1.0000,-1,-1,-1
816,81,723.21,417.93,98.02,133.24,1.0000,-1,-1,-1
816,82,560.18,443.33,87.19,169.98,1.0000,-1,-1,-1
816,84,496.10,512.90,104.46,127.37,1.0000,-1,-1,-1
816,85,795.64,300.84,122.07,169.13,1.0000,-1,-1,-1
816,87,727.89,566.87,63.33,166.86,1.0000,-1,-1,-1
816,90,490.24,328.65,75.34,224.68,1.0000,-1,-1,-1
816,93,63.69,351.94,55.12,133.57,1.0000,-1,-1,-1
816,94,543.82,259.57,102.58,140.60,1.0000,-1,-1,-1
816,95,726.22,218.92,28.82,91.97,1.0000,-1,-1,-1
816,97,857.76,159.36,96.81,134.45,1.0000,-1,-1,-1
816,98,866.94,295.95,116.94,157.01,1.0000,-1,-1,-1
816,99,646.24,210.73,102.16,128.43,1.0000,-1,-1,-1
816,101,788.00,201.54,55.09,117.30,1.0000,-1,-1,-1
816,103,714.88,267.14,76.44,137.34,1.0000,-1,-1,-1
817,35,648.07,285.06,72.30,124.00,1.0000,-1,-1,-1
817,56,1026.99,143.10,55.58,152.99,1.0000,-1,-1,-1
817,81,722.97,419.48,98.08,133.32,1.0000,-1,-1,-1
817,82,577.08,444.61,80.07,170.44,1.0000,-1,-1,-1
817,84,499.57,513.79,104.56,127.49,1.0000,-1,-1,-1
817,85,796.90,300.17,122.33,169.49,1.0000,-1,-1,-1
817,87,732.00,568.07,63.34,166.88,1.0000,-1,-1,-1
817,90,492.43,329.71,76.60,232.31,1.0000,-1,-1,-1
817,93,59.52,353.66,55.09,133.50,1.0000,-1,-1,-1
817,94,544.34,259.46,102.76,140.85,1.0000,-1,-1,-1
817,95,727.43,220.23,28.44,90.77,1.0000,-1,-1,-1
817,97,866.76,164.84,101.46,134.64,1.0000,-1,-1,-1
817,98,859.85,291.43,121.24,161.10,1.0000,-1,-1,-1
817,99,648.57,211.47,103.05,129.55,1.0000,-1,-1,-1
817,101,789.77,197.68,54.37,115.78,1.0000,-1,-1,-1
817,103,712.66,266.11,77.34,138.95,1.0000,-1,-1,-1
818,35,642.38,285.32,72.19,123.81,1.0000,-1,-1,-1
818,56,1032.15,146.87,56.00,153.14,1.0000,-1,-1,-1
818,81,722.73,421.04,98.14,133.40,1.0000,-1,-1,-1
818,82,583.68,445.69,80.09,170.48,1.0000,-1,-1,-1
818,84,503.03,514.67,104.66,127.62,1.0000,-1,-1,-1
818,85,763.29,319.93,112.45,171.05,1.0000,-1,-1,-1
818,87,736.11,569.27,63.35,166.89,1.0000,-1,-1,-1
818,90,492.87,332.70,76.87,236.33,1.0000,-1,-1,-1
818,93,55.35,355.38,55.07,133.44,1.0000,-1,-1,-1
818,94,544.86,259.35,102.94,141.09,1.0000,-1,-1,-1
818,95,728.65,221.54,28.06,89.56,1.0000,-1,-1,-1
818,97,878.74,166.39,101.41,135.91,1.0000,-1,-1,-1
818,98,847.59,284.34,111.45,163.06,1.0000,-1,-1,-1
818,99,650.91,212.23,103.94,130.66,1.0000,-1,-1,-1
818,101,791.55,193.83,53.64,114.23,1.0000,-1,-1,-1
818,103,700.93,269.72,87.54,137.31,1.0000,-1,-1,-1
819,35,636.70,285.57,72.08,123.63,1.0000,-1,-1,-1
819,56,1038.44,148.81,56.36,153.84,1.0000,-1,-1,-1
819,81,722.48,422.60,98.20,133.49,1.0000,-1,-1,-1
819,82,598.36,449.03,74.36,166.91,1.0000,-1,-1,-1
819,84,506.50,515.56,104.76,127.74,1.0000,-1,-1,-1
819,85,761.79,320.74,112.66,171.38,1.0000,-1,-1,-1
819,87,740.22,570.47,63.35,166.91,1.0000,-1,-1,-1
819,90,493.18,341.44,76.10,235.77,1.0000,-1,-1,-1
819,93,51.18,357.10,55.04,133.37,1.0000,-1,-1,-1
819,94,545.38,259.24,103.12,141.34,1.0000,-1,-1,-1
819,95,729.87,222.87,27.68,88.34,1.0000,-1,-1,-1
819,97,887.41,169.16,101.82,136.46,1.0000,-1,-1,-1
819,98,844.00,281.99,103.17,165.35,1.0000,-1,-1,-1
819,99,653.25,212.98,104.81,131.76,1.0000,-1,-1,-1
819,101,793.34,190.00,52.91,112.66,1.0000,-1,-1,-1
819,103,697.76,268.81,88.96,139.53,1.0000,-1,-1,-1
820,35,631.01,285.83,71.98,123.44,1.0000,-1,-1,-1
820,56,1046.05,151.40,55.83,154.22,1.0000,-1,-1,-1
820,81,722.24,424.16,98.26,133.57,1.0000,-1,-1,-1
820,82,608.44,454.20,71.20,163.54,1.0000,-1,-1,-1
820,84,509.97,516.44,104.86,127.86,1.0000,-1,-1,-1
820,85,753.31,306.20,115.58,178.15,1.0000,-1,-1,-1
820,87,744.33,571.67,63.36,166.92,1.0000,-1,-1,-1
820,90,494.02,366.16,75.50,223.43,1.0000,-1,-1,-1
820,93,47.01,358.82,55.01,133.31,1.0000,-1,-1,-1
820,94,545.89,259.13,103.30,141.59,1.0000,-1,-1,-1
820,95,731.09,224.20,27.29,87.09,1.0000,-1,-1,-1
820,97,905.20,176.60,94.00,134.16,1.0000,-1,-1,-1
820,98,848.16,280.37,97.10,166.38,1.0000,-1,-1,-1
820,99,655.60,213.74,105.68,132.86,1.0000,-1,-1,-1
820,101,795.13,186.17,52.16,111.08,1.0000,-1,-1,-1
820,103,694.53,239.25,96.41,162.02,1.0000,-1,-1,-1
821,35,625.33,286.08,71.87,123.26,1.0000,-1,-1,-1
821,56,1056.01,155.75,56.77,155.76,1.0000,-1,-1,-1
821,81,722.00,425.72,98.32,133.65,1.0000,-1,-1,-1
821,82,620.31,463.46,76.53,153.03,1.0000,-1,-1,-1
821,84,513.43,517.33,104.96,127.98,1.0000,-1,-1,-1
821,85,751.34,305.99,115.82,178.52,1.0000,-1,-1,-1
821,87,748.44,572.87,63.36,166.94,1.0000,-1,-1,-1
821,90,495.04,353.60,75.50,232.33,1.0000,-1,-1,-1
821,93,42.84,360.54,54.99,133.24,1.0000,-1,-1,-1
821,94,546.41,259.03,103.48,141.83,1.0000,-1,-1,-1
821,95,732.32,225.55,26.89,85.83,1.0000,-1,-1,-1
821,97,929.99,187.16,84.51,131.56,1.0000,-1,-1,-1
821,98,842.70,283.34,98.79,169.12,1.0000,-1,-1,-1
821,99,657.95,214.51,106.55,133.94,1.0000,-1,-1,-1
821,101,796.92,182.36,51.41,109.46,1.0000,-1,-1,-1
821,103,691.34,235.40,98.57,165.65,1.0000,-1,-1,-1
822,35,619.65,286.34,71.76,123.07,1.0000,-1,-1,-1
822,56,1063.07,159.20,57.43,156.68,1.0000,-1,-1,-1
822,81,721.75,427.28,98.38,133.73,1.0000,-1,-1,-1
822,82,635.66,470.78,75.16,147.09,1.0000,-1,-1,-1
822,84,516.90,518.21,105.06,128.11,1.0000,-1,-1,-1
822,85,749.36,305.78,116.06,178.89,1.0000,-1,-1,-1
822,87,752.54,574.07,63.37,166.95,1.0000,-1,-1,-1
822,90,495.61,357.49,75.69,232.91,1.0000,-1,-1,-1
822,93,38.67,362.26,54.96,133.18,1.0000,-1,-1,-1
822,94,546.93,258.92,103.66,142.08,1.0000,-1,-1,-1
822,95,733.55,226.90,26.49,84.55,1.0000,-1,-1,-1
822,97,950.12,194.60,76.56,130.55,1.0000,-1,-1,-1
822,98,845.18,285.50,100.60,171.95,1.0000,-1,-1,-1
822,99,660.30,215.28,107.40,135.02,1.0000,-1,-1,-1
822,101,798.73,178.55,50.64,107.83,1.0000,-1,-1,-1
822,103,695.32,269.27,85.69,151.88,1.0000,-1,-1,-1
823,35,613.96,286.59,71.65,122.88,1.0000,-1,-1,-1
823,56,1070.58,162.58,57.74,157.77,1.0000,-1,-1,-1
823,81,721.51,428.84,98.44,133.81,1.0000,-1,-1,-1
823,82,650.14,476.76,74.79,143.01,1.0000,-1,-1,-1
823,84,520.36,519.10,105.16,128.23,1.0000,-1,-1,-1
823,85,747.45,309.34,97.58,178.90,1.0000,-1,-1,-1
823,87,756.65,575.27,63.38,166.97,1.0000,-1,-1,-1
823,90,493.28,348.04,84.82,245.48,1.0000,-1,-1,-1
823,93,34.50,363.97,54.93,133.11,1.0000,-1,-1,-1
823,94,547.45,258.81,103.84,142.32,1.0000,-1,-1,-1
823,95,734.78,228.26,26.08,83.25,1.0000,-1,-1,-1
823,97,966.33,202.37,70.47,132.08,1.0000,-1,-1,-1
823,98,840.93,285.82,104.25,174.17,1.0000,-1,-1,-1
823,99,662.66,216.05,108.25,136.08,1.0000,-1,-1,-1
823,101,800.53,174.76,49.86,106.17,1.0000,-1,-1,-1
823,103,696.64,279.49,79.46,146.40,1.0000,-1,-1,-1
824,35,608.28,286.85,71.54,122.69,1.0000,-1,-1,-1
824,56,1077.51,165.56,57.98,158.29,1.0000,-1,-1,-1
824,81,721.27,430.39,98.50,133.89,1.0000,-1,-1,-1
824,82,660.82,480.30,73.92,139.85,1.0000,-1,-1,-1
824,84,523.83,519.99,105.26,128.35,1.0000,-1,-1,-1
824,85,744.75,309.48,97.73,179.16,1.0000,-1,-1,-1
824,87,760.76,576.47,63.38,166.98,1.0000,-1,-1,-1
824,90,487.54,345.34,94.72,259.75,1.0000,-1,-1,-1
824,93,30.33,365.69,54.91,133.05,1.0000,-1,-1,-1
824,94,547.96,258.70,104.01,142.56,1.0000,-1,-1,-1
824,95,736.02,229.63,25.67,81.93,1.0000,-1,-1,-1
824,97,973.98,208.38,70.02,136.46,1.0000,-1,-1,-1
824,98,838.74,308.51,110.65,162.58,1.0000,-1,-1,-1
824,99,665.02,216.83,109.09,137.14,1.0000,-1,-1,-1
824,100,149.54,339.80,65.38,174.67,1.0000,-1,-1,-1
824,101,802.35,170.98,49.07,104.48,1.0000,-1,-1,-1
824,103,694.21,280.68,80.09,147.57,1.0000,-1,-1,-1
825,35,602.60,287.10,71.43,122.51,1.0000,-1,-1,-1
825,56,1082.84,166.18,58.71,160.76,1.0000,-1,-1,-1
825,81,721.02,431.95,98.56,133.97,1.0000,-1,-1,-1
825,82,670.29,481.40,72.13,136.89,1.0000,-1,-1,-1
825,84,527.30,520.87,105.36,128.47,1.0000,-1,-1,-1
825,85,746.74,310.16,90.23,179.72,1.0000,-1,-1,-1
825,87,764.87,577.67,63.39,167.00,1.0000,-1,-1,-1
825,90,481.21,343.06,105.26,267.42,1.0000,-1,-1,-1
825,93,26.16,367.41,54.88,132.98,1.0000,-1,-1,-1
825,94,548.48,258.59,104.19,142.81,1.0000,-1,-1,-1
825,95,737.25,231.02,25.25,80.58,1.0000,-1,-1,-1
825,97,988.23,216.16,68.03,140.07,1.0000,-1,-1,-1
825,98,832.99,319.23,118.27,154.64,1.0000,-1,-1,-1
825,99,667.38,217.61,109.93,138.19,1.0000,-1,-1,-1
825,100,152.17,342.13,65.99,175.84,1.0000,-1,-1,-1
825,101,804.17,167.22,48.26,102.77,1.0000,-1,-1,-1
825,103,695.08,285.68,73.87,144.16,1.0000,-1,-1,-1
826,35,596.91,287.36,71.32,122.32,1.0000,-1,-1,-1
826,56,1092.32,170.56,58.86,162.08,1.0000,-1,-1,-1
826,81,720.78,433.51,98.62,134.05,1.0000,-1,-1,-1
826,82,680.80,482.08,72.68,136.35,1.0000,-1,-1,-1
826,84,530.76,521.76,105.46,128.59,1.0000,-1,-1,-1
826,85,737.50,308.43,90.65,181.96,1.0000,-1,-1,-1
826,87,768.98,578.87,63.39,167.01,1.0000,-1,-1,-1
826,90,481.53,346.02,105.63,268.37,1.0000,-1,-1,-1
826,93,21.99,369.13,54.85,132.92,1.0000,-1,-1,-1
826,94,549.00,258.49,104.37,143.05,1.0000,-1,-1,-1
826,95,738.50,232.41,24.82,79.22,1.0000,-1,-1,-1
826,97,1007.16,226.72,69.71,143.88,1.0000,-1,-1,-1
826,98,828.65,321.69,126.40,153.85,1.0000,-1,-1,-1
826,99,669.75,218.39,110.76,139.24,1.0000,-1,-1,-1
826,100,154.88,346.28,66.28,177.20,1.0000,-1,-1,-1
826,101,805.99,163.47,47.44,101.02,1.0000,-1,-1,-1
826,103,692.81,287.30,74.17,144.74,1.0000,-1,-1,-1
827,35,591.23,287.61,71.21,122.13,1.0000,-1,-1,-1
827,56,1098.98,172.75,59.46,163.99,1.0000,-1,-1,-1
827,81,720.54,435.07,98.68,134.13,1.0000,-1,-1,-1
827,82,690.07,483.86,72.57,136.15,1.0000,-1,-1,-1
827,84,534.23,522.64,105.56,128.71,1.0000,-1,-1,-1
827,85,727.96,310.79,93.80,184.94,1.0000,-1,-1,-1
827,87,773.09,580.07,63.40,167.03,1.0000,-1,-1,-1
827,90,458.70,396.14,110.61,236.79,1.0000,-1,-1,-1
827,93,17.82,370.85,54.82,132.85,1.0000,-1,-1,-1
827,94,549.52,258.38,104.55,143.29,1.0000,-1,-1,-1
827,95,739.74,233.82,24.39,77.83,1.0000,-1,-1,-1
827,97,1021.27,234.00,68.54,144.71,1.0000,-1,-1,-1
827,98,825.17,325.75,132.25,151.87,1.0000,-1,-1,-1
827,99,672.11,219.18,111.58,140.27,1.0000,-1,-1,-1
827,100,156.28,348.79,66.61,179.47,1.0000,-1,-1,-1
827,101,807.83,159.74,46.61,99.25,1.0000,-1,-1,-1
827,103,690.54,288.93,74.47,145.32,1.0000,-1,-1,-1
828,35,585.55,287.87,71.10,121.94,1.0000,-1,-1,-1
828,56,1105.76,177.11,59.47,164.66,1.0000,-1,-1,-1
828,81,720.29,436.63,98.74,134.21,1.0000,-1,-1,-1
828,82,686.62,481.82,75.02,136.59,1.0000,-1,-1,-1
828,84,537.69,523.53,105.66,128.84,1.0000,-1,-1,-1
828,85,718.13,312.79,92.95,184.56,1.0000,-1,-1,-1
828,87,777.20,581.27,63.40,167.04,1.0000,-1,-1,-1
828,90,449.53,411.02,113.61,223.30,1.0000,-1,-1,-1
828,93,13.65,372.57,54.80,132.78,1.0000,-1,-1,-1
828,95,740.99,235.24,23.94,76.41,1.0000,-1,-1,-1
828,97,1033.54,240.52,66.31,144.17,1.0000,-1,-1,-1
828,98,821.99,335.30,135.88,146.37,1.0000,-1,-1,-1
828,99,674.49,219.98,112.40,141.30,1.0000,-1,-1,-1
828,100,156.58,351.32,67.45,181.06,1.0000,-1,-1,-1
828,101,809.67,156.02,45.76,97.44,1.0000,-1,-1,-1
828,103,688.26,290.56,74.76,145.91,1.0000,-1,-1,-1
829,35,579.87,288.13,70.99,121.75,1.0000,-1,-1,-1
829,56,1111.85,180.35,58.89,165.16,1.0000,-1,-1,-1
829,81,720.05,438.19,98.80,134.30,1.0000,-1,-1,-1
829,82,690.61,478.19,75.73,138.78,1.0000,-1,-1,-1
829,84,541.16,524.42,105.76,128.96,1.0000,-1,-1,-1
829,85,709.95,312.44,85.68,180.50,1.0000,-1,-1,-1
829,87,781.31,582.47,63.41,167.06,1.0000,-1,-1,-1
829,90,446.68,418.66,112.97,215.01,1.0000,-1,-1,-1
829,93,9.48,374.29,54.77,132.72,1.0000,-1,-1,-1
829,95,742.25,236.67,23.49,74.97,1.0000,-1,-1,-1
829,97,1042.27,245.82,65.27,143.36,1.0000,-1,-1,-1
829,98,818.20,335.91,136.69,143.66,1.0000,-1,-1,-1
829,99,676.86,220.77,113.21,142.32,1.0000,-1,-1,-1
829,100,157.05,354.93,68.51,182.68,1.0000,-1,-1,-1
829,101,811.52,152.32,44.90,95.60,1.0000,-1,-1,-1
829,103,685.99,292.19,75.06,146.48,1.0000,-1,-1,-1
829,104,518.76,350.50,89.51,181.16,1.0000,-1,-1,-1
830,35,574.18,288.38,70.88,121.56,1.0000,-1,-1,-1
830,56,1116.69,180.52,58.89,166.81,1.0000,-1,-1,-1
830,81,719.80,439.75,98.86,134.38,1.0000,-1,-1,-1
830,82,698.83,475.75,75.07,139.65,1.0000,-1,-1,-1
830,84,544.63,525.30,105.86,129.08,1.0000,-1,-1,-1
830,85,705.04,312.76,85.76,180.67,1.0000,-1,-1,-1
830,87,785.42,583.67,63.42,167.07,1.0000,-1,-1,-1
830,90,445.63,423.32,111.81,209.54,1.0000,-1,-1,-1
830,93,5.30,376.01,54.74,132.65,1.0000,-1,-1,-1
830,95,743.51,238.11,23.03,73.50,1.0000,-1,-1,-1
830,97,1053.27,249.59,66.67,142.76,1.0000,-1,-1,-1
830,98,810.85,332.24,136.15,143.46,1.0000,-1,-1,-1
830,99,679.24,221.57,114.02,143.33,1.0000,-1,-1,-1
830,100,158.40,357.58,69.10,183.56,1.0000,-1,-1,-1
830,101,813.38,148.64,44.01,93.72,1.0000,-1,-1,-1
830,103,683.72,293.82,75.36,147.06,1.0000,-1,-1,-1
830,104,524.00,347.33,110.44,194.63,1.0000,-1,-1,-1
831,35,568.50,288.64,70.77,121.37,1.0000,-1,-1,-1
831,56,1124.70,184.85,58.19,168.36,1.0000,-1,-1,-1
831,81,719.56,441.30,98.92,134.46,1.0000,-1,-1,-1
831,82,707.76,473.70,73.19,139.92,1.0000,-1,-1,-1
831,84,548.09,526.19,105.96,129.20,1.0000,-1,-1,-1
831,85,687.08,324.89,78.15,180.36,1.0000,-1,-1,-1
831,87,789.53,584.87,63.42,167.09,1.0000,-1,-1,-1
831,90,447.23,427.55,109.43,204.60,1.0000,-1,-1,-1
831,93,1.13,377.73,54.72,132.59,1.0000,-1,-1,-1
831,95,744.77,239.58,22.56,72.00,1.0000,-1,-1,-1
831,97,1064.73,255.26,66.75,142.94,1.0000,-1,-1,-1
831,98,798.52,305.55,131.99,155.98,1.0000,-1,-1,-1
831,99,681.62,222.38,114.82,144.34,1.0000,-1,-1,-1
831,100,159.68,359.70,70.95,186.03,1.0000,-1,-1,-1
831,101,815.24,144.98,43.11,91.81,1.0000,-1,-1,-1
831,103,681.45,295.46,75.65,147.63,1.0000,-1,-1,-1
831,104,522.78,356.46,100.93,187.26,1.0000,-1,-1,-1
832,35,562.82,288.90,70.66,121.18,1.0000,-1,-1,-1
832,56,1129.84,187.56,57.71,169.10,1.0000,-1,-1,-1
832,81,719.32,442.86,98.98,134.54,1.0000,-1,-1,-1
832,82,710.82,473.38,71.46,141.90,1.0000,-1,-1,-1
832,84,551.56,527.07,106.06,129.32,1.0000,-1,-1,-1
832,85,673.34,326.79,78.03,182.60,1.0000,-1,-1,-1
832,87,793.64,586.07,63.43,167.11,1.0000,-1,-1,-1
832,90,448.70,430.91,107.61,200.56,1.0000,-1,-1,-1
832,93,-3.04,379.45,54.69,132.52,1.0000,-1,-1,-1
832,95,746.04,241.05,22.08,70.47,1.0000,-1,-1,-1
832,97,1076.19,260.94,66.84,143.12,1.0000,-1,-1,-1
832,98,790.12,289.86,125.44,167.92,1.0000,-1,-1,-1
832,99,684.00,223.19,115.61,145.34,1.0000,-1,-1,-1
832,100,161.17,362.54,71.84,187.13,1.0000,-1,-1,-1
832,101,817.12,141.33,42.20,89.85,1.0000,-1,-1,-1
832,103,679.18,297.09,75.94,148.21,1.0000,-1,-1,-1
832,104,523.96,360.30,95.74,184.88,1.0000,-1,-1,-1
833,35,557.13,289.15,70.55,120.99,1.0000,-1,-1,-1
833,56,1133.66,188.95,57.56,169.83,1.0000,-1,-1,-1
833,81,719.07,444.42,99.03,134.62,1.0000,-1,-1,-1
833,82,713.58,472.98,70.50,142.91,1.0000,-1,-1,-1
833,84,555.03,527.96,106.16,129.44,1.0000,-1,-1,-1
833,85,656.62,326.79,84.14,183.69,1.0000,-1,-1,-1
833,87,797.75,587.27,63.43,167.12,1.0000,-1,-1,-1
833,90,449.65,433.25,105.68,197.95,1.0000,-1,-1,-1
833,93,-7.21,381.17,54.66,132.46,1.0000,-1,-1,-1
833,95,747.31,242.55,21.59,68.90,1.0000,-1,-1,-1
833,97,1087.65,266.62,66.92,143.30,1.0000,-1,-1,-1
833,98,783.25,278.46,117.70,179.73,1.0000,-1,-1,-1
833,99,686.39,224.00,116.40,146.33,1.0000,-1,-1,-1
833,100,163.26,363.83,72.24,188.72,1.0000,-1,-1,-1
833,101,819.01,137.71,41.26,87.85,1.0000,-1,-1,-1
833,103,676.91,298.73,76.24,148.78,1.0000,-1,-1,-1
833,104,524.45,361.84,92.68,184.69,1.0000,-1,-1,-1
833,106,879.55,274.65,72.75,147.73,1.0000,-1,-1,-1
834,35,551.45,289.41,70.44,120.80,1.0000,-1,-1,-1
834,56,1137.83,190.50,57.55,170.46,1.0000,-1,-1,-1
834,81,718.83,445.98,99.09,134.70,1.0000,-1,-1,-1
834,82,718.02,472.83,69.87,143.95,1.0000,-1,-1,-1
834,84,558.49,528.85,106.26,129.56,1.0000,-1,-1,-1
834,85,640.70,323.54,93.34,186.61,1.0000,-1,-1,-1
834,87,801.85,588.47,63.44,167.14,1.0000,-1,-1,-1
834,90,449.93,433.63,102.94,196.01,1.0000,-1,-1,-1
834,93,-11.38,382.89,54.64,132.39,1.0000,-1,-1,-1
834,95,748.59,244.06,21.09,67.30,1.0000,-1,-1,-1
834,97,1086.42,276.74,69.55,155.03,1.0000,-1,-1,-1
834,98,778.61,273.73,109.94,187.96,1.0000,-1,-1,-1
834,99,688.78,224.81,117.18,147.31,1.0000,-1,-1,-1
834,100,164.94,364.78,71.88,189.69,1.0000,-1,-1,-1
834,101,820.90,134.12,40.30,85.81,1.0000,-1,-1,-1
834,103,674.64,300.36,76.53,149.34,1.0000,-1,-1,-1
834,104,524.87,361.51,91.51,185.73,1.0000,-1,-1,-1
834,106,879.35,273.71,85.85,159.15,1.0000,-1,-1,-1
835,35,545.77,289.67,70.32,120.61,1.0000,-1,-1,-1
835,56,1141.33,190.22,57.88,170.56,1.0000,-1,-1,-1
835,81,718.59,447.54,99.15,134.78,1.0000,-1,-1,-1
835,82,723.31,472.79,69.44,144.10,1.0000,-1,-1,-1
835,84,561.96,529.73,106.36,129.68,1.0000,-1,-1,-1
835,85,628.55,318.45,102.58,190.73,1.0000,-1,-1,-1
835,87,805.96,589.67,63.45,167.15,1.0000,-1,-1,-1
835,90,448.14,433.76,98.86,194.84,1.0000,-1,-1,-1
835,93,-15.55,384.61,54.61,132.33,1.0000,-1,-1,-1
835,95,749.88,245.59,20.57,65.66,1.0000,-1,-1,-1
835,97,1092.26,279.59,69.05,160.20,1.0000,-1,-1,-1
835,98,775.73,269.12,102.97,194.62,1.0000,-1,-1,-1
835,99,691.17,225.63,117.96,148.29,1.0000,-1,-1,-1
835,100,167.55,363.64,72.17,190.97,1.0000,-1,-1,-1
835,101,822.81,130.54,39.31,83.71,1.0000,-1,-1,-1
835,103,672.37,302.00,76.82,149.91,1.0000,-1,-1,-1
835,104,523.85,359.40,91.86,188.05,1.0000,-1,-1,-1
835,106,884.13,273.62,98.87,163.93,1.0000,-1,-1,-1
836,35,540.09,289.93,70.21,120.42,1.0000,-1,-1,-1
836,56,1146.79,188.67,57.94,170.01,1.0000,-1,-1,-1
836,81,718.34,449.10,99.21,134.86,1.0000,-1,-1,-1
836,82,724.90,471.34,73.29,145.81,1.0000,-1,-1,-1
836,84,565.43,530.62,106.46,129.80,1.0000,-1,-1,-1
836,85,623.96,312.11,105.22,193.78,1.0000,-1,-1,-1
836,87,810.07,590.86,63.45,167.17,1.0000,-1,-1,-1
836,90,446.84,432.98,99.06,193.47,1.0000,-1,-1,-1
836,93,-19.72,386.33,54.58,132.26,1.0000,-1,-1,-1
836,95,751.17,247.15,20.05,63.98,1.0000,-1,-1,-1
836,97,1102.35,285.91,69.20,160.53,1.0000,-1,-1,-1
836,98,770.19,258.34,98.90,202.28,1.0000,-1,-1,-1
836,99,693.56,226.45,118.74,149.26,1.0000,-1,-1,-1
836,100,171.10,359.20,72.14,192.12,1.0000,-1,-1,-1
836,101,824.74,127.00,38.30,81.56,1.0000,-1,-1,-1
836,103,670.10,303.64,77.10,150.47,1.0000,-1,-1,-1
836,104,527.04,354.63,89.14,186.05,1.0000,-1,-1,-1
836,106,899.37,272.86,108.60,165.61,1.0000,-1,-1,-1
837,35,534.41,290.18,70.10,120.23,1.0000,-1,-1,-1
837,56,1151.21,183.54,58.16,171.52,1.0000,-1,-1,-1
837,81,718.10,450.66,99.27,134.94,1.0000,-1,-1,-1
837,82,721.68,466.10,78.33,147.72,1.0000,-1,-1,-1
837,84,568.89,531.51,106.56,129.93,1.0000,-1,-1,-1
837,85,619.06,304.63,103.86,195.47,1.0000,-1,-1,-1
837,87,814.18,592.06,63.46,167.18,1.0000,-1,-1,-1
837,90,446.29,431.03,101.27,192.90,1.0000,-1,-1,-1
837,93,-23.89,388.05,54.55,132.20,1.0000,-1,-1,-1
837,97,1108.36,279.09,67.87,165.45,1.0000,-1,-1,-1
837,98,767.37,260.97,96.26,202.21,1.0000,-1,-1,-1
837,99,695.96,227.27,119.50,150.23,1.0000,-1,-1,-1
837,100,173.61,355.27,72.84,192.90,1.0000,-1,-1,-1
837,101,826.67,123.48,37.26,79.35,1.0000,-1,-1,-1
837,103,667.84,305.28,77.39,151.03,1.0000,-1,-1,-1
837,104,528.84,350.33,84.84,182.18,1.0000,-1,-1,-1
837,106,907.83,273.61,110.81,161.85,1.0000,-1,-1,-1
838,35,528.72,290.44,69.99,120.04,1.0000,-1,-1,-1
838,56,1154.15,180.35,58.71,171.69,1.0000,-1,-1,-1
838,81,707.14,457.16,102.64,149.29,1.0000,-1,-1,-1
838,82,727.32,466.06,78.29,147.66,1.0000,-1,-1,-1
838,84,572.36,532.39,106.65,130.05,1.0000,-1,-1,-1
838,85,612.56,300.23,101.04,196.33,1.0000,-1,-1,-1
838,87,818.29,593.26,63.46,167.20,1.0000,-1,-1,-1
838,90,447.16,428.55,105.49,192.71,1.0000,-1,-1,-1
838,93,-28.06,389.77,54.53,132.13,1.0000,-1,-1,-1
838,97,1113.42,276.55,68.80,167.75,1.0000,-1,-1,-1
838,98,762.22,256.47,91.63,203.91,1.0000,-1,-1,-1
838,99,698.36,228.10,120.27,151.19,1.0000,-1,-1,-1
838,100,177.88,347.93,71.56,194.75,1.0000,-1,-1,-1
838,101,828.62,120.00,36.20,77.08,1.0000,-1,-1,-1
838,103,665.57,306.92,77.68,151.59,1.0000,-1,-1,-1
838,104,533.07,346.70,83.41,179.62,1.0000,-1,-1,-1
838,106,921.28,271.69,112.98,158.20,1.0000,-1,-1,-1
839,35,523.04,290.70,69.88,119.84,1.0000,-1,-1,-1
839,56,1157.51,175.51,58.80,172.70,1.0000,-1,-1,-1
839,81,707.44,454.24,105.62,156.08,1.0000,-1,-1,-1
839,82,732.95,466.02,78.26,147.59,1.0000,-1,-1,-1
839,84,575.83,533.28,106.75,130.17,1.0000,-1,-1,-1
839,85,610.37,295.91,96.53,194.71,1.0000,-1,-1,-1
839,87,822.40,594.46,63.47,167.21,1.0000,-1,-1,-1
839,90,447.69,426.41,109.64,193.97,1.0000,-1,-1,-1
839,93,-32.23,391.49,54.50,132.06,1.0000,-1,-1,-1
839,97,1116.71,273.24,69.60,169.03,1.0000,-1,-1,-1
839,98,754.79,249.93,91.23,206.88,1.0000,-1,-1,-1
839,99,700.76,228.93,121.03,152.14,1.0000,-1,-1,-1
839,100,182.28,340.42,69.67,197.16,1.0000,-1,-1,-1
839,101,830.59,116.55,35.10,74.74,1.0000,-1,-1,-1
839,103,663.30,308.56,77.96,152.15,1.0000,-1,-1,-1
839,104,538.80,343.28,87.38,179.03,1.0000,-1,-1,-1
839,106,933.66,271.30,110.74,153.91,1.0000,-1,-1,-1
839,108,1059.24,539.12,72.62,179.51,1.0000,-1,-1,-1
840,35,517.36,290.96,69.77,119.65,1.0000,-1,-1,-1
840,56,1160.34,172.37,59.58,173.15,1.0000,-1,-1,-1
840,81,709.98,451.23,106.63,161.27,1.0000,-1,-1,-1
840,82,738.59,465.98,78.22,147.52,1.0000,-1,-1,-1
840,84,579.29,534.16,106.85,130.29,1.0000,-1,-1,-1
840,85,609.58,291.98,89.88,193.60,1.0000,-1,-1,-1
840,87,826.51,595.66,63.47,167.23,1.0000,-1,-1,-1
840,90,445.34,424.07,112.96,195.86,1.0000,-1,-1,-1
840,93,-36.40,393.21,54.47,132.00,1.0000,-1,-1,-1
840,97,1119.32,270.21,69.46,168.99,1.0000,-1,-1,-1
840,98,748.93,247.50,91.44,207.37,1.0000,-1,-1,-1
840,99,703.16,229.76,121.78,153.09,1.0000,-1,-1,-1
840,100,185.71,337.02,68.02,197.71,1.0000,-1,-1,-1
840,101,832.57,113.13,33.96,72.32,1.0000,-1,-1,-1
840,103,661.04,310.20,78.25,152.70,1.0000,-1,-1,-1
840,104,536.46,342.08,83.25,176.75,1.0000,-1,-1,-1
840,106,949.93,271.11,104.96,152.18,1.0000,-1,-1,-1
840,108,1068.18,535.79,75.65,183.91,1.0000,-1,-1,-1
840,109,962.58,668.82,74.46,52.20,1.0000,-1,-1,-1
841,35,511.68,291.21,69.65,119.46,1.0000,-1,-1,-1
841,56,1166.03,167.34,60.30,172.85,1.0000,-1,-1,-1
841,81,714.66,438.21,107.94,166.89,1.0000,-1,-1,-1
841,82,744.23,465.94,78.18,147.45,1.0000,-1,-1,-1
841,84,582.76,535.05,106.95,130.41,1.0000,-1,-1,-1
841,85,604.45,290.76,87.46,193.67,1.0000,-1,-1,-1
841,87,830.62,596.86,63.48,167.24,1.0000,-1,-1,-1
841,90,444.41,420.49,111.72,199.08,1.0000,-1,-1,-1
841,97,1123.13,265.18,69.94,171.10,1.0000,-1,-1,-1
841,98,770.24,218.27,81.65,202.18,1.0000,-1,-1,-1
841,99,705.57,230.60,122.53,154.03,1.0000,-1,-1,-1
841,100,195.58,331.48,66.54,198.41,1.0000,-1,-1,-1
841,101,834.58,109.76,32.79,69.82,1.0000,-1,-1,-1
841,103,658.77,311.84,78.53,153.26,1.0000,-1,-1,-1
841,104,536.54,337.00,82.86,175.74,1.0000,-1,-1,-1
841,106,967.81,269.48,95.83,152.88,1.0000,-1,-1,-1
841,108,1090.23,528.62,86.58,192.16,1.0000,-1,-1,-1
841,109,968.48,671.93,72.44,50.78,1.0000,-1,-1,-1
842,35,506.00,291.47,69.54,119.27,1.0000,-1,-1,-1
842,56,1170.23,164.42,60.33,171.73,1.0000,-1,-1,-1
842,81,717.44,427.49,109.28,172.37,1.0000,-1,-1,-1
842,82,749.87,465.91,78.15,147.38,1.0000,-1,-1,-1
842,84,586.23,535.94,107.05,130.53,1.0000,-1,-1,-1
842,85,603.15,288.45,85.35,194.05,1.0000,-1,-1,-1
842,87,834.73,598.06,63.49,167.26,1.0000,-1,-1,-1
842,90,447.62,415.62,112.17,202.27,1.0000,-1,-1,-1
842,97,1122.99,263.44,72.25,175.03,1.0000,-1,-1,-1
842,98,771.45,211.62,78.38,199.77,1.0000,-1,-1,-1
842,99,707.98,231.44,123.27,154.97,1.0000,-1,-1,-1
842,100,202.11,327.53,66.08,198.39,1.0000,-1,-1,-1
842,101,836.60,106.44,31.57,67.23,1.0000,-1,-1,-1
842,103,656.51,313.49,78.81,153.81,1.0000,-1,-1,-1
842,104,539.60,332.67,83.30,175.45,1.0000,-1,-1,-1
842,106,977.65,269.44,88.53,154.84,1.0000,-1,-1,-1
842,108,1103.73,521.98,97.55,196.76,1.0000,-1,-1,-1
842,109,974.40,675.07,70.35,49.32,1.0000,-1,-1,-1
843,35,500.31,291.73,69.43,119.07,1.0000,-1,-1,-1
843,56,1173.62,161.97,60.14,172.13,1.0000,-1,-1,-1
843,81,717.25,417.33,110.83,173.20,1.0000,-1,-1,-1
843,82,755.51,465.87,78.11,147.32,1.0000,-1,-1,-1
843,84,589.69,536.83,107.15,130.65,1.0000,-1,-1,-1
843,85,606.78,287.79,82.05,193.80,1.0000,-1,-1,-1
843,87,838.84,599.26,63.49,167.27,1.0000,-1,-1,-1
843,90,450.89,409.69,109.69,202.78,1.0000,-1,-1,-1
843,97,1123.82,263.66,75.34,179.27,1.0000,-1,-1,-1
843,98,777.18,211.15,72.61,196.92,1.0000,-1,-1,-1
843,99,710.39,232.28,124.01,155.90,1.0000,-1,-1,-1
843,100,208.37,324.05,65.35,197.89,1.0000,-1,-1,-1
843,101,838.65,103.17,30.31,64.53,1.0000,-1,-1,-1
843,103,654.24,315.13,79.10,154.36,1.0000,-1,-1,-1
843,104,541.11,331.03,82.95,174.71,1.0000,-1,-1,-1
843,106,986.66,267.89,82.17,157.29,1.0000,-1,-1,-1
843,108,1115.37,516.53,106.68,198.04,1.0000,-1,-1,-1
843,109,980.36,678.23,68.20,47.81,1.0000,-1,-1,-1
844,35,494.63,291.99,69.32,118.88,1.0000,-1,-1,-1
844,56,1176.92,160.38,59.99,170.68,1.0000,-1,-1,-1
844,81,719.50,411.00,112.19,173.54,1.0000,-1,-1,-1
844,82,761.15,465.83,78.07,147.25,1.0000,-1,-1,-1
844,84,593.16,537.71,107.24,130.77,1.0000,-1,-1,-1
844,85,605.45,286.63,82.98,194.32,1.0000,-1,-1,-1
844,87,842.95,600.46,63.50,167.29,1.0000,-1,-1,-1
844,90,452.00,402.74,103.25,201.30,1.0000,-1,-1,-1
844,97,1127.04,263.57,79.80,184.17,1.0000,-1,-1,-1
844,98,774.21,206.33,72.66,197.06,1.0000,-1,-1,-1
844,99,712.80,233.13,124.75,156.82,1.0000,-1,-1,-1
844,100,211.59,322.29,65.60,198.64,1.0000,-1,-1,-1
844,101,840.73,99.95,28.98,61.72,1.0000,-1,-1,-1
844,103,651.98,316.78,79.38,154.90,1.0000,-1,-1,-1
844,104,551.15,325.82,84.64,171.89,1.0000,-1,-1,-1
844,106,995.41,267.16,77.27,160.01,1.0000,-1,-1,-1
844,108,1125.81,512.57,113.26,197.23,1.0000,-1,-1,-1
844,109,986.35,681.41,65.98,46.26,1.0000,-1,-1,-1
845,35,488.95,292.25,69.20,118.68,1.0000,-1,-1,-1
845,56,1178.97,157.54,60.50,170.71,1.0000,-1,-1,-1
845,81,716.11,403.18,115.79,173.37,1.0000,-1,-1,-1
845,82,766.79,465.79,78.04,147.18,1.0000,-1,-1,-1
845,84,596.63,538.60,107.34,130.89,1.0000,-1,-1,-1
845,85,607.39,284.27,83.34,193.74,1.0000,-1,-1,-1
845,87,847.06,601.66,63.50,167.30,1.0000,-1,-1,-1
845,90,456.01,395.99,96.75,199.45,1.0000,-1,-1,-1
845,97,1130.53,266.03,84.39,185.98,1.0000,-1,-1,-1
845,98,758.22,216.67,80.55,188.64,1.0000,-1,-1,-1
845,99,715.22,233.97,125.48,157.74,1.0000,-1,-1,-1
845,100,214.81,320.54,65.85,199.39,1.0000,-1,-1,-1
845,101,842.84,96.81,27.60,58.77,1.0000,-1,-1,-1
845,103,649.72,318.43,79.66,155.45,1.0000,-1,-1,-1
845,104,553.56,323.69,84.32,171.23,1.0000,-1,-1,-1
845,106,1001.89,265.15,75.47,163.21,1.0000,-1,-1,-1
845,108,1134.59,509.23,118.81,195.60,1.0000,-1,-1,-1
845,109,992.38,684.62,63.69,44.65,1.0000,-1,-1,-1
846,35,483.27,292.51,69.09,118.49,1.0000,-1,-1,-1
846,56,1183.89,154.25,59.88,169.71,1.0000,-1,-1,-1
846,81,719.71,399.95,119.99,167.31,1.0000,-1,-1,-1
846,82,772.43,465.76,78.00,147.11,1.0000,-1,-1,-1
846,84,600.10,539.49,107.44,131.01,1.0000,-1,-1,-1
846,85,585.10,282.22,100.81,204.79,1.0000,-1,-1,-1
846,87,851.17,602.86,63.51,167.32,1.0000,-1,-1,-1
846,90,460.06,388.70,91.83,195.44,1.0000,-1,-1,-1
846,97,1134.93,270.99,89.97,185.63,1.0000,-1,-1,-1
846,98,756.60,223.66,84.99,180.34,1.0000,-1,-1,-1
846,99,717.63,234.82,126.21,158.66,1.0000,-1,-1,-1
846,100,232.34,311.05,64.77,197.88,1.0000,-1,-1,-1
846,101,844.99,93.74,26.14,55.66,1.0000,-1,-1,-1
846,103,647.45,320.08,79.93,155.99,1.0000,-1,-1,-1
846,104,555.98,321.56,83.99,170.58,1.0000,-1,-1,-1
846,106,1011.86,264.03,74.56,164.73,1.0000,-1,-1,-1
846,108,1144.26,503.77,122.82,193.21,1.0000,-1,-1,-1
846,109,998.46,687.85,61.30,42.98,1.0000,-1,-1,-1
847,35,477.59,292.77,68.98,118.30,1.0000,-1,-1,-1
847,56,1187.14,151.04,59.49,169.48,1.0000,-1,-1,-1
847,81,722.57,398.77,122.76,163.32,1.0000,-1,-1,-1
847,82,778.07,465.72,77.97,147.04,1.0000,-1,-1,-1
847,84,603.56,540.37,107.54,131.12,1.0000,-1,-1,-1
847,85,579.66,281.03,100.99,205.15,1.0000,-1,-1,-1
847,87,855.27,604.06,63.52,167.33,1.0000,-1,-1,-1
847,90,464.11,384.98,87.84,190.99,1.0000,-1,-1,-1
847,97,1136.25,272.37,94.55,183.74,1.0000,-1,-1,-1
847,98,764.65,226.67,79.14,176.42,1.0000,-1,-1,-1
847,99,720.05,235.67,126.93,159.57,1.0000,-1,-1,-1
847,100,237.84,308.65,64.17,196.44,1.0000,-1,-1,-1
847,101,847.18,90.77,24.59,52.37,1.0000,-1,-1,-1
847,103,645.19,321.72,80.21,156.53,1.0000,-1,-1,-1
847,104,558.39,319.43,83.67,169.92,1.0000,-1,-1,-1
847,106,1018.54,262.47,75.40,164.80,1.0000,-1,-1,-1
847,108,1148.48,499.79,124.74,191.29,1.0000,-1,-1,-1
847,109,1004.58,691.13,58.83,41.24,1.0000,-1,-1,-1
848,35,471.91,293.03,68.86,118.10,1.0000,-1,-1,-1
848,56,1188.65,148.61,59.31,169.17,1.0000,-1,-1,-1
848,81,724.65,395.85,124.44,160.04,1.0000,-1,-1,-1
848,82,783.71,465.68,77.93,146.97,1.0000,-1,-1,-1
848,84,607.03,541.26,107.64,131.24,1.0000,-1,-1,-1
848,85,598.87,271.68,100.36,198.36,1.0000,-1,-1,-1
848,87,859.38,605.26,63.52,167.35,1.0000,-1,-1,-1
848,90,465.54,383.50,85.74,185.64,1.0000,-1,-1,-1
848,97,1136.29,273.59,98.28,180.66,1.0000,-1,-1,-1
848,98,768.08,228.42,74.01,172.87,1.0000,-1,-1,-1
848,99,721.28,254.79,76.31,150.67,1.0000,-1,-1,-1
848,100,242.28,306.12,64.38,197.09,1.0000,-1,-1,-1
848,101,849.42,87.90,22.95,48.86,1.0000,-1,-1,-1
848,103,642.93,323.37,80.49,157.07,1.0000,-1,-1,-1
848,104,560.80,317.30,83.35,169.26,1.0000,-1,-1,-1
848,106,1025.08,261.73,75.39,164.30,1.0000,-1,-1,-1
848,108,1150.06,496.52,125.31,189.78,1.0000,-1,-1,-1
848,109,1010.76,694.44,56.24,39.42,1.0000,-1,-1,-1
848,110,1007.44,605.73,80.21,112.08,1.0000,-1,-1,-1
849,35,466.23,293.29,68.75,117.91,1.0000,-1,-1,-1
849,56,1190.16,145.54,58.16,167.81,1.0000,-1,-1,-1
849,81,726.67,392.88,125.05,157.45,1.0000,-1,-1,-1
849,82,789.34,465.64,77.89,146.91,1.0000,-1,-1,-1
849,84,610.50,542.15,107.73,131.36,1.0000,-1,-1,-1
849,85,596.81,267.93,101.65,192.67,1.0000,-1,-1,-1
849,87,863.49,606.46,63.53,167.37,1.0000,-1,-1,-1
849,90,467.36,382.98,83.32,181.26,1.0000,-1,-1,-1
849,97,1138.33,274.75,99.71,178.09,1.0000,-1,-1,-1
849,98,765.80,225.84,74.00,172.85,1.0000,-1,-1,-1
849,99,721.39,252.93,75.54,152.46,1.0000,-1,-1,-1
849,100,246.73,303.58,64.59,197.74,1.0000,-1,-1,-1
849,101,851.73,85.17,21.17,45.08,1.0000,-1,-1,-1
849,103,640.67,325.03,80.76,157.61,1.0000,-1,-1,-1
849,104,559.42,270.66,75.65,162.46,1.0000,-1,-1,-1
849,106,1031.01,260.40,76.02,163.37,1.0000,-1,-1,-1
849,108,1152.10,491.93,124.13,188.28,1.0000,-1,-1,-1
849,109,1017.00,697.79,53.52,37.52,1.0000,-1,-1,-1
849,110,1009.79,601.47,81.09,115.39,1.0000,-1,-1,-1
850,35,460.54,293.55,68.63,117.71,1.0000,-1,-1,-1
850,56,1191.63,144.64,57.84,167.56,1.0000,-1,-1,-1
850,81,728.21,390.40,125.69,157.01,1.0000,-1,-1,-1
850,82,794.98,465.60,77.86,146.84,1.0000,-1,-1,-1
850,84,613.96,543.03,107.83,131.48,1.0000,-1,-1,-1
850,85,601.11,263.86,98.79,187.52,1.0000,-1,-1,-1
850,87,867.60,607.66,63.53,167.38,1.0000,-1,-1,-1
850,90,469.88,380.42,81.22,178.20,1.0000,-1,-1,-1
850,97,1140.42,274.99,99.65,176.94,1.0000,-1,-1,-1
850,98,768.81,220.71,66.24,166.58,1.0000,-1,-1,-1
850,99,718.36,251.00,77.15,152.13,1.0000,-1,-1,-1
850,100,253.76,297.85,63.56,195.20,1.0000,-1,-1,-1
850,101,854.11,82.62,19.23,40.95,1.0000,-1,-1,-1
850,103,638.41,326.68,81.04,158.15,1.0000,-1,-1,-1
850,104,565.84,262.41,71.21,147.89,1.0000,-1,-1,-1
850,106,1033.82,259.23,77.74,163.83,1.0000,-1,-1,-1
850,108,1156.31,485.76,120.96,187.53,1.0000,-1,-1,-1
850,109,1023.31,701.20,50.67,35.52,1.0000,-1,-1,-1
850,110,1012.26,597.77,82.36,119.90,1.0000,-1,-1,-1
851,35,454.86,293.81,68.52,117.51,1.0000,-1,-1,-1
851,56,1192.19,139.49,57.63,167.06,1.0000,-1,-1,-1
851,81,731.09,381.35,126.63,157.57,1.0000,-1,-1,-1
851,82,800.62,465.57,77.82,146.77,1.0000,-1,-1,-1
851,84,617.43,543.92,107.93,131.60,1.0000,-1,-1,-1
851,85,603.90,257.11,94.08,181.59,1.0000,-1,-1,-1
851,87,871.71,608.86,63.54,167.40,1.0000,-1,-1,-1
851,90,478.56,372.59,83.05,177.32,1.0000,-1,-1,-1
851,97,1141.03,274.77,98.13,180.19,1.0000,-1,-1,-1
851,98,770.05,215.65,63.07,160.40,1.0000,-1,-1,-1
851,99,717.15,247.05,75.08,151.49,1.0000,-1,-1,-1
851,100,264.64,294.90,59.42,191.66,1.0000,-1,-1,-1
851,101,856.61,80.29,17.07,36.35,1.0000,-1,-1,-1
851,103,636.15,328.33,81.31,158.68,1.0000,-1,-1,-1
851,104,568.18,256.34,70.27,145.94,1.0000,-1,-1,-1
851,106,1035.79,256.18,77.39,164.07,1.0000,-1,-1,-1
851,108,1165.75,477.52,113.35,186.13,1.0000,-1,-1,-1
851,109,1029.71,704.66,47.64,33.40,1.0000,-1,-1,-1
851,110,1017.09,592.28,82.39,124.70,1.0000,-1,-1,-1
852,35,449.18,294.07,68.41,117.32,1.0000,-1,-1,-1
852,56,1192.18,135.92,57.57,166.24,1.0000,-1,-1,-1
852,81,735.77,373.14,125.75,157.77,1.0000,-1,-1,-1
852,82,806.26,465.53,77.78,146.70,1.0000,-1,-1,-1
852,84,620.90,544.81,108.03,131.72,1.0000,-1,-1,-1
852,85,604.62,251.12,89.71,175.65,1.0000,-1,-1,-1
852,87,875.82,610.06,63.54,167.41,1.0000,-1,-1,-1
852,90,482.01,365.04,81.12,178.02,1.0000,-1,-1,-1
852,97,1141.00,273.56,95.67,182.93,1.0000,-1,-1,-1
852,98,770.05,211.26,61.43,157.74,1.0000,-1,-1,-1
852,99,719.09,242.10,69.77,149.27,1.0000,-1,-1,-1
852,100,271.39,294.08,56.77,189.08,1.0000,-1,-1,-1
852,101,859.26,78.31,14.60,31.08,1.0000,-1,-1,-1
852,103,633.89,329.98,81.58,159.21,1.0000,-1,-1,-1
852,104,570.54,250.28,69.32,143.97,1.0000,-1,-1,-1
852,106,1035.84,256.02,75.92,164.81,1.0000,-1,-1,-1
852,108,1173.13,470.87,106.54,185.87,1.0000,-1,-1,-1
852,109,1036.21,708.20,44.40,31.13,1.0000,-1,-1,-1
852,110,1024.14,586.56,80.51,129.13,1.0000,-1,-1,-1
853,35,443.50,294.33,68.29,117.12,1.0000,-1,-1,-1
853,56,1192.59,133.83,57.07,165.12,1.0000,-1,-1,-1
853,81,742.34,365.65,123.05,158.71,1.0000,-1,-1,-1
853,82,811.90,465.49,77.75,146.63,1.0000,-1,-1,-1
853,84,624.37,545.70,108.12,131.84,1.0000,-1,-1,-1
853,85,600.08,246.11,87.02,170.27,1.0000,-1,-1,-1
853,87,879.93,611.26,63.55,167.43,1.0000,-1,-1,-1
853,90,484.57,355.23,76.88,179.55,1.0000,-1,-1,-1
853,97,1143.51,272.23,95.91,184.96,1.0000,-1,-1,-1
853,98,770.17,207.63,60.73,156.57,1.0000,-1,-1,-1
853,99,719.73,241.73,69.98,149.71,1.0000,-1,-1,-1
853,100,276.44,291.18,56.88,189.44,1.0000,-1,-1,-1
853,101,862.18,76.87,11.61,24.71,1.0000,-1,-1,-1
853,103,631.63,331.64,81.86,159.74,1.0000,-1,-1,-1
853,104,572.90,244.24,68.35,141.96,1.0000,-1,-1,-1
853,106,1036.74,255.91,73.70,165.54,1.0000,-1,-1,-1
853,108,1179.10,466.46,100.38,185.96,1.0000,-1,-1,-1
853,109,1042.84,711.83,40.91,28.68,1.0000,-1,-1,-1
853,110,1025.09,580.67,82.16,135.39,1.0000,-1,-1,-1
854,35,437.82,294.59,68.18,116.92,1.0000,-1,-1,-1
854,56,1193.68,132.41,57.19,163.28,1.0000,-1,-1,-1
854,81,751.66,358.85,117.21,159.36,1.0000,-1,-1,-1
854,82,817.54,465.45,77.71,146.56,1.0000,-1,-1,-1
854,84,627.83,546.58,108.22,131.96,1.0000,-1,-1,-1
854,85,598.51,244.50,82.76,168.70,1.0000,-1,-1,-1
854,87,884.04,612.46,63.56,167.44,1.0000,-1,-1,-1
854,90,493.11,344.73,72.53,183.12,1.0000,-1,-1,-1
854,97,1146.68,270.88,98.30,185.20,1.0000,-1,-1,-1
854,98,771.07,201.69,60.16,156.94,1.0000,-1,-1,-1
854,99,720.03,234.09,62.31,150.64,1.0000,-1,-1,-1
854,100,281.49,288.27,56.98,189.79,1.0000,-1,-1,-1
854,101,865.65,76.62,7.50,15.98,1.0000,-1,-1,-1
854,103,629.37,333.29,82.13,160.27,1.0000,-1,-1,-1
854,104,575.26,238.22,67.37,139.93,1.0000,-1,-1,-1
854,106,1040.03,255.84,71.73,166.83,1.0000,-1,-1,-1
854,108,1184.46,462.23,94.56,185.66,1.0000,-1,-1,-1
854,109,1049.63,715.57,37.09,26.00,1.0000,-1,-1,-1
854,110,1026.91,575.36,83.61,141.11,1.0000,-1,-1,-1
855,35,432.14,294.85,68.06,116.73,1.0000,-1,-1,-1
855,56,1195.32,131.56,56.67,161.38,1.0000,-1,-1,-1
855,81,763.68,353.32,109.59,159.66,1.0000,-1,-1,-1
855,82,823.18,465.42,77.68,146.49,1.0000,-1,-1,-1
855,84,631.30,547.47,108.32,132.08,1.0000,-1,-1,-1
855,85,595.86,240.39,82.77,168.72,1.0000,-1,-1,-1
855,87,888.15,613.66,63.56,167.46,1.0000,-1,-1,-1
855,90,498.91,334.96,68.31,186.57,1.0000,-1,-1,-1
855,97,1149.67,269.80,101.79,183.87,1.0000,-1,-1,-1
855,98,770.88,198.05,59.97,157.22,1.0000,-1,-1,-1
855,99,720.29,233.08,62.45,150.99,1.0000,-1,-1,-1
855,100,286.54,285.37,57.09,190.15,1.0000,-1,-1,-1
855,101,867.06,72.00,7.50,15.98,1.0000,-1,-1,-1
855,103,627.11,334.95,82.40,160.80,1.0000,-1,-1,-1
855,104,577.64,232.21,66.38,137.86,1.0000,-1,-1,-1
855,106,1042.97,252.25,70.61,162.15,1.0000,-1,-1,-1
855,108,1188.30,459.13,89.30,185.86,1.0000,-1,-1,-1
855,109,1056.64,719.47,32.84,23.02,1.0000,-1,-1,-1
855,110,1028.50,569.85,85.31,146.89,1.0000,-1,-1,-1
856,35,426.46,295.11,67.95,116.53,1.0000,-1,-1,-1
856,56,1197.07,127.52,56.50,160.70,1.0000,-1,-1,-1
856,81,784.79,345.52,101.08,160.24,1.0000,-1,-1,-1
856,82,828.82,465.38,77.64,146.43,1.0000,-1,-1,-1
856,84,634.77,548.36,108.42,132.20,1.0000,-1,-1,-1
856,85,607.76,239.57,78.45,173.30,1.0000,-1,-1,-1
856,87,892.26,614.85,63.57,167.47,1.0000,-1,-1,-1
856,90,506.83,315.35,65.27,190.86,1.0000,-1,-1,-1
856,97,1160.31,269.65,101.01,180.44,1.0000,-1,-1,-1
856,98,773.69,189.92,59.33,158.23,1.0000,-1,-1,-1
856,99,720.71,220.42,57.95,152.44,1.0000,-1,-1,-1
856,100,291.59,282.46,57.20,190.50,1.0000,-1,-1,-1
856,101,868.48,67.38,7.50,15.98,1.0000,-1,-1,-1
856,103,624.85,336.61,82.67,161.32,1.0000,-1,-1,-1
856,104,580.02,226.21,65.37,135.77,1.0000,-1,-1,-1
856,106,1044.39,253.10,72.45,162.69,1.0000,-1,-1,-1
856,108,1195.62,454.46,83.61,187.10,1.0000,-1,-1,-1
856,109,1063.97,723.59,27.94,19.58,1.0000,-1,-1,-1
856,110,1038.48,563.06,82.37,151.90,1.0000,-1,-1,-1
857,35,420.78,295.37,67.83,116.33,1.0000,-1,-1,-1
857,56,1199.18,124.89,56.29,160.21,1.0000,-1,-1,-1
857,81,799.69,341.05,90.09,159.18,1.0000,-1,-1,-1
857,82,834.46,465.34,77.60,146.36,1.0000,-1,-1,-1
857,84,638.24,549.25,108.51,132.31,1.0000,-1,-1,-1
857,85,611.37,234.96,76.98,176.45,1.0000,-1,-1,-1
857,87,896.37,616.05,63.57,167.49,1.0000,-1,-1,-1
857,90,514.00,301.67,63.51,192.46,1.0000,-1,-1,-1
857,97,1167.91,263.78,101.21,179.15,1.0000,-1,-1,-1
857,98,774.87,184.93,59.58,155.88,1.0000,-1,-1,-1
857,99,720.77,218.39,58.06,152.73,1.0000,-1,-1,-1
857,100,296.64,279.56,57.30,190.85,1.0000,-1,-1,-1
857,101,869.90,62.76,7.50,15.98,1.0000,-1,-1,-1
857,103,622.59,338.27,82.93,161.85,1.0000,-1,-1,-1
857,104,582.41,220.23,64.34,133.64,1.0000,-1,-1,-1
857,106,1045.86,251.29,73.90,163.85,1.0000,-1,-1,-1
857,108,1201.17,450.45,78.19,189.09,1.0000,-1,-1,-1
857,109,1071.84,728.08,21.97,15.40,1.0000,-1,-1,-1
857,110,1047.45,557.37,78.59,156.55,1.0000,-1,-1,-1
858,35,415.10,295.63,67.71,116.13,1.0000,-1,-1,-1
858,56,1201.41,122.08,56.60,159.77,1.0000,-1,-1,-1
858,81,815.51,338.20,80.63,158.98,1.0000,-1,-1,-1
858,82,840.10,465.30,77.57,146.29,1.0000,-1,-1,-1
858,84,641.70,550.13,108.61,132.43,1.0000,-1,-1,-1
858,85,617.27,229.50,75.47,178.33,1.0000,-1,-1,-1
858,87,900.48,617.25,63.58,167.50,1.0000,-1,-1,-1
858,90,517.66,290.64,61.48,191.20,1.0000,-1,-1,-1
858,97,1174.17,259.02,100.44,177.97,1.0000,-1,-1,-1
858,98,776.86,180.34,60.26,155.05,1.0000,-1,-1,-1
858,99,717.51,210.48,58.66,153.66,1.0000,-1,-1,-1
858,100,301.69,276.65,57.41,191.21,1.0000,-1,-1,-1
858,103,620.34,339.93,83.20,162.37,1.0000,-1,-1,-1
858,104,584.80,214.27,63.30,131.48,1.0000,-1,-1,-1
858,106,1048.47,248.11,73.61,164.10,1.0000,-1,-1,-1
858,108,1206.11,447.02,74.37,191.02,1.0000,-1,-1,-1
858,109,1080.91,733.42,13.60,9.53,1.0000,-1,-1,-1
858,110,1053.20,552.03,76.50,161.83,1.0000,-1,-1,-1
859,35,409.42,295.89,67.60,115.94,1.0000,-1,-1,-1
859,56,1202.50,119.31,56.42,159.72,1.0000,-1,-1,-1
859,81,826.83,337.09,73.82,158.96,1.0000,-1,-1,-1
859,82,845.73,465.27,77.53,146.22,1.0000,-1,-1,-1
859,84,645.17,551.02,108.71,132.55,1.0000,-1,-1,-1
859,85,625.01,221.13,73.42,178.77,1.0000,-1,-1,-1
859,87,904.59,618.45,63.58,167.52,1.0000,-1,-1,-1
859,90,521.03,285.95,60.85,187.18,1.0000,-1,-1,-1
859,97,1176.91,257.74,97.34,177.18,1.0000,-1,-1,-1
859,98,780.50,176.35,59.99,154.02,1.0000,-1,-1,-1
859,99,714.75,205.84,61.05,152.57,1.0000,-1,-1,-1
859,100,306.74,273.75,57.51,191.56,1.0000,-1,-1,-1
859,103,618.08,341.58,83.47,162.89,1.0000,-1,-1,-1
859,104,587.21,208.33,62.25,129.28,1.0000,-1,-1,-1
859,106,1050.73,244.45,71.87,163.56,1.0000,-1,-1,-1
859,108,1208.98,443.93,71.28,192.67,1.0000,-1,-1,-1
859,109,1085.79,735.82,13.60,9.53,1.0000,-1,-1,-1
859,110,1057.87,547.36,74.07,166.60,1.0000,-1,-1,-1
859,111,555.08,295.20,72.19,180.41,1.0000,-1,-1,-1
860,35,403.74,296.15,67.48,115.74,1.0000,-1,-1,-1
860,56,1203.35,116.98,56.51,158.75,1.0000,-1,-1,-1
860,81,835.55,338.40,68.88,159.91,1.0000,-1,-1,-1
860,82,851.37,465.23,77.49,146.15,1.0000,-1,-1,-1
860,84,648.64,551.91,108.80,132.67,1.0000,-1,-1,-1
860,85,629.80,214.30,72.55,177.74,1.0000,-1,-1,-1
860,87,908.69,619.65,63.59,167.53,1.0000,-1,-1,-1
860,90,523.70,279.05,60.83,187.11,1.0000,-1,-1,-1
860,97,1181.07,253.39,95.85,177.50,1.0000,-1,-1,-1
860,98,785.61,171.21,58.42,153.17,1.0000,-1,-1,-1
860,99,712.60,203.32,63.71,151.24,1.0000,-1,-1,-1
860,100,311.79,270.84,57.62,191.91,1.0000,-1,-1,-1
860,103,615.82,343.25,83.73,163.41,1.0000,-1,-1,-1
860,104,589.62,202.40,61.17,127.05,1.0000,-1,-1,-1
860,106,1053.26,241.72,69.07,163.37,1.0000,-1,-1,-1
860,108,1212.34,440.74,68.45,193.82,1.0000,-1,-1,-1
860,109,1090.68,738.23,13.60,9.53,1.0000,-1,-1,-1
860,110,1061.90,542.89,71.66,171.18,1.0000,-1,-1,-1
860,111,553.64,287.30,75.41,188.04,1.0000,-1,-1,-1
861,56,1205.02,115.40,56.39,156.81,1.0000,-1,-1,-1
861,81,845.47,338.02,64.30,159.56,1.0000,-1,-1,-1
861,82,857.01,465.19,77.46,146.08,1.0000,-1,-1,-1
861,85,639.51,203.91,69.44,176.31,1.0000,-1,-1,-1
861,87,912.80,620.85,63.60,167.55,1.0000,-1,-1,-1
861,90,526.38,272.15,60.80,187.04,1.0000,-1,-1,-1
861,97,1188.73,251.32,89.97,178.12,1.0000,-1,-1,-1
861,98,786.91,164.85,61.40,153.11,1.0000,-1,-1,-1
861,99,712.10,201.67,67.49,151.69,1.0000,-1,-1,-1
861,100,316.84,267.94,57.72,192.26,1.0000,-1,-1,-1
861,103,613.57,344.91,84.00,163.92,1.0000,-1,-1,-1
861,104,592.05,196.50,60.07,124.77,1.0000,-1,-1,-1
861,106,1055.64,239.50,67.14,163.22,1.0000,-1,-1,-1
861,108,1211.25,437.34,69.43,194.08,1.0000,-1,-1,-1
861,109,1095.56,740.63,13.60,9.53,1.0000,-1,-1,-1
861,110,1065.99,536.37,70.19,177.12,1.0000,-1,-1,-1
861,111,551.99,280.87,76.95,191.87,1.0000,-1,-1,-1
862,56,1206.22,114.03,56.41,154.16,1.0000,-1,-1,-1
862,81,851.55,334.49,64.19,159.29,1.0000,-1,-1,-1
862,82,862.65,465.15,77.42,146.01,1.0000,-1,-1,-1
862,85,645.91,200.50,66.92,174.73,1.0000,-1,-1,-1
862,87,916.91,622.05,63.60,167.56,1.0000,-1,-1,-1
862,90,529.05,265.26,60.78,186.97,1.0000,-1,-1,-1
862,97,1195.35,251.17,84.05,178.15,1.0000,-1,-1,-1
862,98,787.59,158.85,63.47,153.80,1.0000,-1,-1,-1
862,99,713.40,200.95,71.22,151.61,1.0000,-1,-1,-1
862,100,321.89,265.04,57.83,192.61,1.0000,-1,-1,-1
862,103,611.31,346.57,84.26,164.44,1.0000,-1,-1,-1
862,104,594.48,190.62,58.96,122.45,1.0000,-1,-1,-1
862,106,1057.05,238.91,66.26,162.53,1.0000,-1,-1,-1
862,108,1208.40,436.03,71.66,193.52,1.0000,-1,-1,-1
862,109,1100.44,743.04,13.60,9.53,1.0000,-1,-1,-1
862,110,1067.91,531.51,69.87,182.57,1.0000,-1,-1,-1
862,111,545.13,267.13,88.54,201.07,1.0000,-1,-1,-1
863,56,1206.68,112.99,56.56,151.27,1.0000,-1,-1,-1
863,81,857.68,335.82,60.22,159.53,1.0000,-1,-1,-1
863,82,868.29,465.12,77.38,145.95,1.0000,-1,-1,-1
863,85,648.36,197.91,66.13,172.72,1.0000,-1,-1,-1
863,87,921.02,623.25,63.61,167.58,1.0000,-1,-1,-1
863,90,531.72,258.36,60.76,186.89,1.0000,-1,-1,-1
863,97,1200.39,251.82,78.84,177.88,1.0000,-1,-1,-1
863,98,784.28,155.06,66.34,153.30,1.0000,-1,-1,-1
863,99,715.03,199.90,73.60,150.80,1.0000,-1,-1,-1
863,100,326.94,262.13,57.93,192.96,1.0000,-1,-1,-1
863,103,609.06,348.23,84.53,164.95,1.0000,-1,-1,-1
863,104,596.93,184.75,57.82,120.09,1.0000,-1,-1,-1
863,106,1057.39,240.54,66.13,162.93,1.0000,-1,-1,-1
863,108,1206.90,435.52,73.19,192.36,1.0000,-1,-1,-1
863,109,1105.33,745.44,13.60,9.53,1.0000,-1,-1,-1
863,110,1069.37,527.25,69.50,187.44,1.0000,-1,-1,-1
863,111,544.51,260.28,94.86,204.74,1.0000,-1,-1,-1
864,56,1207.09,111.21,56.46,150.77,1.0000,-1,-1,-1
864,81,862.39,333.69,58.21,159.76,1.0000,-1,-1,-1
864,82,873.93,465.08,77.35,145.88,1.0000,-1,-1,-1
864,85,651.05,195.89,64.20,170.50,1.0000,-1,-1,-1
864,87,925.13,624.45,63.61,167.59,1.0000,-1,-1,-1
864,90,534.39,251.46,60.73,186.82,1.0000,-1,-1,-1
864,97,1204.73,251.27,75.13,178.34,1.0000,-1,-1,-1
864,98,784.45,151.08,67.04,151.86,1.0000,-1,-1,-1
864,99,717.84,198.13,72.59,148.89,1.0000,-1,-1,-1
864,100,331.99,259.23,58.04,193.31,1.0000,-1,-1,-1
864,103,606.80,349.90,84.79,165.46,1.0000,-1,-1,-1
864,104,599.39,178.92,56.66,117.68,1.0000,-1,-1,-1
864,106,1055.47,240.65,67.53,161.31,1.0000,-1,-1,-1
864,108,1210.70,432.08,73.13,192.21,1.0000,-1,-1,-1
864,109,1110.21,747.84,13.60,9.53,1.0000,-1,-1,-1
864,110,1069.82,522.86,69.29,191.25,1.0000,-1,-1,-1
864,111,545.76,260.93,99.20,202.70,1.0000,-1,-1,-1
865,56,1206.93,110.35,56.35,151.58,1.0000,-1,-1,-1
865,81,866.22,330.93,57.73,159.97,1.0000,-1,-1,-1
865,82,879.57,465.04,77.31,145.81,1.0000,-1,-1,-1
865,85,653.22,195.88,62.05,169.50,1.0000,-1,-1,-1
865,87,929.24,625.65,63.62,167.61,1.0000,-1,-1,-1
865,90,537.07,244.56,60.71,186.75,1.0000,-1,-1,-1
865,97,1210.05,254.74,71.91,176.06,1.0000,-1,-1,-1
865,98,786.35,147.67,65.90,150.22,1.0000,-1,-1,-1
865,99,719.16,196.01,73.10,148.03,1.0000,-1,-1,-1
865,100,337.04,256.33,58.14,193.65,1.0000,-1,-1,-1
865,103,604.55,351.56,85.05,165.98,1.0000,-1,-1,-1
865,104,601.86,173.11,55.47,115.22,1.0000,-1,-1,-1
865,106,1050.78,244.16,71.24,162.02,1.0000,-1,-1,-1
865,108,1214.51,428.64,73.08,192.06,1.0000,-1,-1,-1
865,109,1115.09,750.25,13.60,9.53,1.0000,-1,-1,-1
865,110,1069.34,517.90,69.01,193.19,1.0000,-1,-1,-1
865,111,547.51,260.75,102.23,201.52,1.0000,-1,-1,-1
866,56,1204.79,107.46,57.04,150.24,1.0000,-1,-1,-1
866,81,872.27,326.99,61.72,160.98,1.0000,-1,-1,-1
866,82,885.21,465.00,77.27,145.74,1.0000,-1,-1,-1
866,85,654.14,193.48,59.58,167.24,1.0000,-1,-1,-1
866,87,933.35,626.85,63.63,167.62,1.0000,-1,-1,-1
866,90,539.74,237.67,60.69,186.68,1.0000,-1,-1,-1
866,97,1210.34,254.32,69.90,175.22,1.0000,-1,-1,-1
866,98,786.22,142.75,66.57,148.64,1.0000,-1,-1,-1
866,99,719.37,190.31,74.01,149.17,1.0000,-1,-1,-1
866,100,342.09,253.42,58.25,194.00,1.0000,-1,-1,-1
866,103,602.29,353.23,85.31,166.48,1.0000,-1,-1,-1
866,104,604.34,167.32,54.26,112.70,1.0000,-1,-1,-1
866,106,1040.41,249.31,77.62,162.21,1.0000,-1,-1,-1
866,108,1218.31,425.20,73.02,191.90,1.0000,-1,-1,-1
866,109,1119.98,752.65,13.60,9.53,1.0000,-1,-1,-1
866,110,1065.49,513.94,68.99,195.18,1.0000,-1,-1,-1
866,111,544.21,264.50,109.14,199.13,1.0000,-1,-1,-1
867,56,1202.70,105.26,57.56,149.63,1.0000,-1,-1,-1
867,81,875.86,324.76,65.85,161.46,1.0000,-1,-1,-1
867,82,890.85,464.97,77.24,145.67,1.0000,-1,-1,-1
867,85,654.20,191.66,57.74,165.57,1.0000,-1,-1,-1
867,87,937.46,628.05,63.63,167.64,1.0000,-1,-1,-1
867,90,542.41,230.77,60.66,186.61,1.0000,-1,-1,-1
867,97,1211.85,253.93,68.83,172.86,1.0000,-1,-1,-1
867,98,786.09,139.08,66.64,147.73,1.0000,-1,-1,-1
867,99,717.31,185.88,74.40,150.07,1.0000,-1,-1,-1
867,100,347.14,250.52,58.35,194.35,1.0000,-1,-1,-1
867,103,600.04,354.89,85.57,166.99,1.0000,-1,-1,-1
867,104,606.83,161.56,53.02,110.13,1.0000,-1,-1,-1
867,106,1034.28,251.24,83.57,161.02,1.0000,-1,-1,-1
867,108,1222.12,421.76,72.96,191.75,1.0000,-1,-1,-1
867,109,1124.86,755.05,13.60,9.53,1.0000,-1,-1,-1
867,110,1060.20,510.85,70.48,197.62,1.0000,-1,-1,-1
867,111,539.60,270.58,115.90,199.41,1.0000,-1,-1,-1
868,56,1199.05,102.69,59.01,149.80,1.0000,-1,-1,-1
868,81,872.92,323.40,67.35,161.94,1.0000,-1,-1,-1
868,82,896.49,464.93,77.20,145.60,1.0000,-1,-1,-1
868,85,652.11,191.76,56.08,165.36,1.0000,-1,-1,-1
868,87,941.57,629.25,63.64,167.66,1.0000,-1,-1,-1
868,90,545.08,223.87,60.64,186.53,1.0000,-1,-1,-1
868,97,1211.13,255.64,68.91,169.30,1.0000,-1,-1,-1
868,98,785.40,136.97,65.94,146.75,1.0000,-1,-1,-1
868,99,714.86,182.48,74.90,150.10,1.0000,-1,-1,-1
868,100,352.19,247.62,58.45,194.69,1.0000,-1,-1,-1
868,103,597.79,356.56,85.83,167.50,1.0000,-1,-1,-1
868,104,609.35,155.84,51.76,107.50,1.0000,-1,-1,-1
868,106,1029.19,252.43,88.94,159.48,1.0000,-1,-1,-1
868,108,1225.93,418.32,72.90,191.60,1.0000,-1,-1,-1
868,109,1129.74,757.46,13.60,9.53,1.0000,-1,-1,-1
868,110,1055.26,509.34,72.87,199.37,1.0000,-1,-1,-1
868,111,536.74,278.15,122.11,198.36,1.0000,-1,-1,-1
868,113,622.42,227.11,51.29,139.03,1.0000,-1,-1,-1
869,56,1193.35,101.22,61.36,149.68,1.0000,-1,-1,-1
869,81,869.82,323.17,67.26,160.93,1.0000,-1,-1,-1
869,82,902.13,464.89,77.17,145.53,1.0000,-1,-1,-1
869,85,638.83,190.45,61.54,167.41,1.0000,-1,-1,-1
869,90,547.75,216.98,60.62,186.46,1.0000,-1,-1,-1
869,97,1210.62,258.03,69.59,165.31,1.0000,-1,-1,-1
869,98,784.81,136.54,64.89,145.46,1.0000,-1,-1,-1
869,99,712.53,177.87,74.44,148.40,1.0000,-1,-1,-1
869,100,357.24,244.72,58.56,195.04,1.0000,-1,-1,-1
869,103,595.53,358.23,86.09,168.00,1.0000,-1,-1,-1
869,104,611.87,150.15,50.46,104.80,1.0000,-1,-1,-1
869,106,1024.20,252.67,92.20,158.34,1.0000,-1,-1,-1
869,108,1229.73,414.88,72.84,191.45,1.0000,-1,-1,-1
869,109,1134.63,759.86,13.60,9.53,1.0000,-1,-1,-1
869,110,1050.69,508.27,75.53,200.28,1.0000,-1,-1,-1
869,111,533.17,284.94,127.80,198.74,1.0000,-1,-1,-1
869,113,626.40,224.84,50.75,137.55,1.0000,-1,-1,-1
870,56,1187.28,101.26,64.28,149.23,1.0000,-1,-1,-1
870,81,868.86,324.41,71.67,159.52,1.0000,-1,-1,-1
870,82,907.76,464.85,77.13,145.46,1.0000,-1,-1,-1
870,85,633.48,188.35,63.70,168.14,1.0000,-1,-1,-1
870,90,550.43,210.08,60.59,186.39,1.0000,-1,-1,-1
870,97,1210.13,260.32,70.21,161.94,1.0000,-1,-1,-1
870,98,784.10,135.73,63.37,144.63,1.0000,-1,-1,-1
870,99,709.80,175.19,74.32,146.56,1.0000,-1,-1,-1
870,100,362.29,241.82,58.66,195.38,1.0000,-1,-1,-1
870,103,593.28,359.90,86.35,168.50,1.0000,-1,-1,-1
870,104,614.42,144.49,49.12,102.02,1.0000,-1,-1,-1
870,106,1020.03,252.24,93.54,157.41,1.0000,-1,-1,-1
870,108,1233.54,411.44,72.78,191.29,1.0000,-1,-1,-1
870,109,1139.51,762.27,13.60,9.53,1.0000,-1,-1,-1
870,110,1043.42,508.48,79.59,200.72,1.0000,-1,-1,-1
870,111,530.38,290.35,130.71,196.34,1.0000,-1,-1,-1
870,113,630.38,222.58,50.20,136.06,1.0000,-1,-1,-1
871,56,1178.65,100.55,67.99,148.87,1.0000,-1,-1,-1
871,81,864.77,328.29,82.62,157.34,1.0000,-1,-1,-1
871,82,913.40,464.82,77.09,145.39,1.0000,-1,-1,-1
871,85,630.42,186.80,66.04,171.30,1.0000,-1,-1,-1
871,90,553.10,203.18,60.57,186.32,1.0000,-1,-1,-1
871,97,1210.21,262.42,70.37,158.87,1.0000,-1,-1,-1
871,98,782.78,133.19,61.64,144.76,1.0000,-1,-1,-1
871,99,704.91,173.58,75.31,144.10,1.0000,-1,-1,-1
871,100,367.34,238.92,58.76,195.73,1.0000,-1,-1,-1
871,103,591.03,361.56,86.60,169.01,1.0000,-1,-1,-1
871,104,616.98,138.87,47.75,99.18,1.0000,-1,-1,-1
871,106,1012.70,249.40,90.59,157.32,1.0000,-1,-1,-1
871,108,1237.34,408.01,72.73,191.14,1.0000,-1,-1,-1
871,109,1144.39,764.67,13.60,9.53,1.0000,-1,-1,-1
871,110,1036.20,508.89,83.95,200.29,1.0000,-1,-1,-1
871,111,512.24,297.84,112.07,190.32,1.0000,-1,-1,-1
871,113,634.36,220.33,49.64,134.55,1.0000,-1,-1,-1
871,114,1176.88,438.45,99.64,163.18,1.0000,-1,-1,-1
872,56,1170.86,100.48,71.46,147.67,1.0000,-1,-1,-1
872,81,858.01,331.47,92.20,154.53,1.0000,-1,-1,-1
872,82,919.04,464.78,77.06,145.32,1.0000,-1,-1,-1
872,85,628.53,183.88,68.10,174.19,1.0000,-1,-1,-1
872,90,555.77,196.28,60.55,186.24,1.0000,-1,-1,-1
872,97,1209.77,263.58,70.69,157.28,1.0000,-1,-1,-1
872,98,781.61,130.63,60.45,144.71,1.0000,-1,-1,-1
872,99,700.97,172.41,76.65,141.47,1.0000,-1,-1,-1
872,100,348.48,243.67,54.11,168.38,1.0000,-1,-1,-1
872,103,588.78,363.23,86.86,169.51,1.0000,-1,-1,-1
872,104,619.56,133.29,46.34,96.24,1.0000,-1,-1,-1
872,106,1007.00,246.33,84.58,156.62,1.0000,-1,-1,-1
872,108,1241.15,404.57,72.67,190.99,1.0000,-1,-1,-1
872,109,1149.28,767.07,13.60,9.53,1.0000,-1,-1,-1
872,110,1030.78,509.55,87.96,200.50,1.0000,-1,-1,-1
872,111,520.29,303.82,119.51,187.12,1.0000,-1,-1,-1
872,113,638.34,218.08,49.08,133.03,1.0000,-1,-1,-1
872,114,1175.74,435.91,102.22,169.70,1.0000,-1,-1,-1
873,56,1164.89,100.10,74.44,145.91,1.0000,-1,-1,-1
873,81,849.34,333.58,99.94,151.77,1.0000,-1,-1,-1
873,82,924.68,464.74,77.02,145.26,1.0000,-1,-1,-1
873,85,625.63,181.12,70.09,176.01,1.0000,-1,-1,-1
873,90,558.44,189.39,60.52,186.17,1.0000,-1,-1,-1
873,97,1209.17,264.72,71.07,158.61,1.0000,-1,-1,-1
873,98,779.74,128.20,59.20,144.41,1.0000,-1,-1,-1
873,99,698.76,172.72,76.06,140.45,1.0000,-1,-1,-1
873,100,347.38,243.71,54.06,163.95,1.0000,-1,-1,-1
873,103,586.52,364.91,87.11,170.00,1.0000,-1,-1,-1
873,104,622.17,127.76,44.88,93.22,1.0000,-1,-1,-1
873,106,1004.28,242.78,79.10,155.82,1.0000,-1,-1,-1
873,108,1244.96,401.13,72.61,190.83,1.0000,-1,-1,-1
873,109,1154.16,769.48,13.60,9.53,1.0000,-1,-1,-1
873,110,1026.39,510.66,91.21,200.64,1.0000,-1,-1,-1
873,111,521.10,308.72,124.77,184.47,1.0000,-1,-1,-1
873,113,642.33,215.85,48.51,131.49,1.0000,-1,-1,-1
873,114,1173.47,434.48,102.58,173.55,1.0000,-1,-1,-1
874,56,1158.59,100.25,77.03,144.20,1.0000,-1,-1,-1
874,81,842.31,334.73,107.28,150.55,1.0000,-1,-1,-1
874,82,930.32,464.70,76.98,145.19,1.0000,-1,-1,-1
874,85,622.02,178.86,73.01,177.37,1.0000,-1,-1,-1
874,90,561.11,182.49,60.50,186.10,1.0000,-1,-1,-1
874,97,1207.89,264.19,71.52,159.69,1.0000,-1,-1,-1
874,98,777.59,126.65,58.02,143.93,1.0000,-1,-1,-1
874,99,697.34,172.68,75.24,140.22,1.0000,-1,-1,-1
874,100,345.41,242.62,54.23,160.87,1.0000,-1,-1,-1
874,103,584.27,366.58,87.37,170.50,1.0000,-1,-1,-1
874,104,624.80,122.29,43.38,90.09,1.0000,-1,-1,-1
874,106,1001.12,241.34,75.05,156.27,1.0000,-1,-1,-1
874,108,1248.76,397.69,72.55,190.68,1.0000,-1,-1,-1
874,109,1159.04,771.88,13.60,9.53,1.0000,-1,-1,-1
874,110,1022.66,511.23,93.86,200.20,1.0000,-1,-1,-1
874,111,520.60,309.43,127.84,182.56,1.0000,-1,-1,-1
874,113,646.33,213.62,47.94,129.93,1.0000,-1,-1,-1
874,114,1170.91,433.81,105.06,177.96,1.0000,-1,-1,-1
875,56,1153.09,99.30,79.41,143.53,1.0000,-1,-1,-1
875,81,837.79,335.11,112.01,149.54,1.0000,-1,-1,-1
875,82,935.96,464.67,76.95,145.12,1.0000,-1,-1,-1
875,85,618.97,180.24,75.20,176.88,1.0000,-1,-1,-1
875,90,563.79,175.59,60.48,186.03,1.0000,-1,-1,-1
875,97,1206.27,263.76,72.45,160.85,1.0000,-1,-1,-1
875,98,776.02,126.55,57.36,143.00,1.0000,-1,-1,-1
875,99,695.58,171.98,74.75,139.89,1.0000,-1,-1,-1
875,100,342.80,242.31,54.02,158.12,1.0000,-1,-1,-1
875,103,582.02,368.25,87.62,171.00,1.0000,-1,-1,-1
875,104,627.45,116.86,41.82,86.85,1.0000,-1,-1,-1
875,106,997.21,239.36,71.31,156.21,1.0000,-1,-1,-1
875,108,1252.57,394.25,72.49,190.52,1.0000,-1,-1,-1
875,109,1163.93,774.28,13.60,9.53,1.0000,-1,-1,-1
875,110,1019.08,511.30,95.03,199.89,1.0000,-1,-1,-1
875,111,515.43,306.91,121.51,178.92,1.0000,-1,-1,-1
875,113,650.32,211.41,47.35,128.35,1.0000,-1,-1,-1
875,114,1168.68,433.85,105.89,181.30,1.0000,-1,-1,-1
876,56,1145.55,97.35,81.93,143.95,1.0000,-1,-1,-1
876,81,831.56,331.29,114.85,150.84,1.0000,-1,-1,-1
876,82,941.60,464.63,76.91,145.05,1.0000,-1,-1,-1
876,85,615.88,176.91,75.67,178.51,1.0000,-1,-1,-1
876,90,566.46,168.70,60.45,185.95,1.0000,-1,-1,-1
876,97,1202.98,262.99,74.16,162.26,1.0000,-1,-1,-1
876,98,773.73,125.84,56.70,142.29,1.0000,-1,-1,-1
876,99,699.48,168.07,68.35,137.77,1.0000,-1,-1,-1
876,100,337.91,243.00,53.93,155.81,1.0000,-1,-1,-1
876,103,579.77,369.92,87.88,171.49,1.0000,-1,-1,-1
876,104,630.14,111.50,40.20,83.49,1.0000,-1,-1,-1
876,106,988.37,238.80,70.10,156.94,1.0000,-1,-1,-1
876,108,1256.38,390.81,72.43,190.37,1.0000,-1,-1,-1
876,109,1168.81,776.69,13.60,9.53,1.0000,-1,-1,-1
876,110,1013.87,510.95,93.72,198.04,1.0000,-1,-1,-1
876,111,513.69,305.27,114.82,176.54,1.0000,-1,-1,-1
876,113,654.32,209.20,46.76,126.75,1.0000,-1,-1,-1
876,114,1160.86,439.24,101.81,181.79,1.0000,-1,-1,-1
877,56,1139.90,96.69,84.15,144.04,1.0000,-1,-1,-1
877,81,825.83,329.02,115.08,152.08,1.0000,-1,-1,-1
877,82,947.24,464.59,76.87,144.98,1.0000,-1,-1,-1
877,85,613.57,175.36,77.11,179.84,1.0000,-1,-1,-1
877,90,569.13,161.80,60.43,185.88,1.0000,-1,-1,-1
877,97,1198.78,262.73,75.96,163.36,1.0000,-1,-1,-1
877,98,772.05,124.92,56.46,141.28,1.0000,-1,-1,-1
877,99,699.25,167.74,65.71,137.05,1.0000,-1,-1,-1
877,100,332.58,243.60,54.54,153.99,1.0000,-1,-1,-1
877,103,577.52,371.59,88.13,171.98,1.0000,-1,-1,-1
877,104,632.86,106.21,38.51,79.98,1.0000,-1,-1,-1
877,106,980.34,237.40,69.56,154.60,1.0000,-1,-1,-1
877,108,1260.18,387.38,72.37,190.22,1.0000,-1,-1,-1
877,109,1173.69,779.09,13.60,9.53,1.0000,-1,-1,-1
877,110,1010.02,510.00,90.64,195.67,1.0000,-1,-1,-1
877,111,512.31,305.63,110.15,175.24,1.0000,-1,-1,-1
877,113,658.32,207.01,46.17,125.13,1.0000,-1,-1,-1
877,114,1152.53,443.24,96.50,180.65,1.0000,-1,-1,-1
878,56,1135.36,97.11,85.07,143.59,1.0000,-1,-1,-1
878,81,819.36,328.08,112.76,152.89,1.0000,-1,-1,-1
878,82,952.88,464.56,76.83,144.91,1.0000,-1,-1,-1
878,85,609.34,174.83,79.47,180.16,1.0000,-1,-1,-1
878,90,571.80,154.90,60.40,185.81,1.0000,-1,-1,-1
878,97,1194.63,262.23,76.76,163.68,1.0000,-1,-1,-1
878,98,771.05,124.03,56.22,140.55,1.0000,-1,-1,-1
878,99,696.69,168.62,64.98,137.63,1.0000,-1,-1,-1
878,100,328.23,244.75,54.79,153.02,1.0000,-1,-1,-1
878,103,575.27,373.27,88.38,172.47,1.0000,-1,-1,-1
878,104,635.62,101.00,36.74,76.31,1.0000,-1,-1,-1
878,106,972.56,240.70,69.18,153.96,1.0000,-1,-1,-1
878,108,1263.99,383.94,72.32,190.06,1.0000,-1,-1,-1
878,109,1178.58,781.50,13.60,9.53,1.0000,-1,-1,-1
878,110,1006.36,509.77,86.95,194.06,1.0000,-1,-1,-1
878,111,513.00,307.90,106.43,177.25,1.0000,-1,-1,-1
878,113,662.33,204.82,45.56,123.49,1.0000,-1,-1,-1
878,114,1142.97,447.78,89.09,177.63,1.0000,-1,-1,-1
879,56,1130.67,97.29,85.86,143.88,1.0000,-1,-1,-1
879,81,813.72,327.52,108.00,153.84,1.0000,-1,-1,-1
879,82,958.52,464.52,76.80,144.84,1.0000,-1,-1,-1
879,85,602.23,172.96,82.09,179.01,1.0000,-1,-1,-1
879,90,574.47,148.01,60.38,185.74,1.0000,-1,-1,-1
879,97,1191.40,262.66,77.67,163.55,1.0000,-1,-1,-1
879,98,769.56,123.42,56.29,140.39,1.0000,-1,-1,-1
879,99,694.60,170.12,64.61,139.10,1.0000,-1,-1,-1
879,100,324.96,245.19,54.48,152.68,1.0000,-1,-1,-1
879,103,573.02,374.94,88.63,172.96,1.0000,-1,-1,-1
879,104,638.42,95.89,34.89,72.46,1.0000,-1,-1,-1
879,106,964.53,243.19,69.65,153.17,1.0000,-1,-1,-1
879,108,1267.79,380.50,72.26,189.91,1.0000,-1,-1,-1
879,109,1183.46,783.90,13.60,9.53,1.0000,-1,-1,-1
879,110,1002.59,510.97,83.42,192.03,1.0000,-1,-1,-1
879,111,514.55,309.27,102.01,178.95,1.0000,-1,-1,-1
879,113,666.34,202.65,44.95,121.83,1.0000,-1,-1,-1
879,114,1134.25,451.12,84.32,178.22,1.0000,-1,-1,-1
880,56,1125.97,97.27,85.42,144.27,1.0000,-1,-1,-1
880,81,806.17,327.60,102.49,154.72,1.0000,-1,-1,-1
880,82,964.16,464.48,76.76,144.77,1.0000,-1,-1,-1
880,85,598.90,172.88,83.01,177.18,1.0000,-1,-1,-1
880,90,577.15,141.11,60.36,185.66,1.0000,-1,-1,-1
880,97,1188.46,263.51,78.77,164.21,1.0000,-1,-1,-1
880,98,767.17,122.45,56.60,140.26,1.0000,-1,-1,-1
880,99,697.22,168.71,60.75,138.93,1.0000,-1,-1,-1
880,100,321.91,246.71,54.54,152.42,1.0000,-1,-1,-1
880,103,570.78,376.62,88.88,173.45,1.0000,-1,-1,-1
880,104,641.28,90.88,32.93,68.39,1.0000,-1,-1,-1
880,106,957.76,243.77,70.27,150.97,1.0000,-1,-1,-1
880,108,1271.60,377.06,72.20,189.75,1.0000,-1,-1,-1
880,109,1188.34,786.30,13.60,9.53,1.0000,-1,-1,-1
880,110,998.00,513.26,81.64,191.43,1.0000,-1,-1,-1
880,111,511.40,312.03,100.60,183.33,1.0000,-1,-1,-1
880,113,670.36,200.48,44.32,120.14,1.0000,-1,-1,-1
880,114,1127.45,454.39,83.87,181.08,1.0000,-1,-1,-1
881,56,1118.32,97.22,81.94,143.88,1.0000,-1,-1,-1
881,81,790.58,328.76,99.63,154.89,1.0000,-1,-1,-1
881,82,969.80,464.44,76.72,144.70,1.0000,-1,-1,-1
881,85,593.77,172.77,82.29,175.46,1.0000,-1,-1,-1
881,90,579.82,134.21,60.33,185.59,1.0000,-1,-1,-1
881,97,1184.04,263.94,79.15,164.72,1.0000,-1,-1,-1
881,98,763.14,121.93,57.85,141.54,1.0000,-1,-1,-1
881,99,701.15,167.90,55.29,138.70,1.0000,-1,-1,-1
881,100,321.82,245.20,54.53,152.37,1.0000,-1,-1,-1
881,103,568.53,378.30,89.13,173.94,1.0000,-1,-1,-1
881,104,644.20,86.00,30.84,64.06,1.0000,-1,-1,-1
881,106,949.70,244.78,69.96,149.27,1.0000,-1,-1,-1
881,108,1275.41,373.62,72.14,189.60,1.0000,-1,-1,-1
881,109,1193.23,788.71,13.60,9.53,1.0000,-1,-1,-1
881,110,988.38,516.89,83.42,191.63,1.0000,-1,-1,-1
881,111,501.93,324.63,103.54,177.38,1.0000,-1,-1,-1
881,113,674.38,198.33,43.69,118.43,1.0000,-1,-1,-1
881,114,1111.80,456.92,88.68,187.47,1.0000,-1,-1,-1
882,56,1113.43,95.59,77.46,144.30,1.0000,-1,-1,-1
882,81,780.37,332.58,99.04,153.58,1.0000,-1,-1,-1
882,82,975.44,464.41,76.69,144.63,1.0000,-1,-1,-1
882,85,591.17,172.88,80.74,173.02,1.0000,-1,-1,-1
882,90,582.49,127.31,60.31,185.52,1.0000,-1,-1,-1
882,97,1179.17,264.15,79.88,165.24,1.0000,-1,-1,-1
882,98,759.75,121.42,59.02,142.49,1.0000,-1,-1,-1
882,99,703.30,169.09,50.78,138.95,1.0000,-1,-1,-1
882,100,321.73,243.69,54.51,152.31,1.0000,-1,-1,-1
882,103,566.28,379.97,89.38,174.42,1.0000,-1,-1,-1
882,104,647.19,81.28,28.61,59.42,1.0000,-1,-1,-1
882,106,945.28,244.14,68.98,146.17,1.0000,-1,-1,-1
882,108,1279.21,370.19,72.08,189.44,1.0000,-1,-1,-1
882,109,1198.11,791.11,13.60,9.53,1.0000,-1,-1,-1
882,110,978.36,519.48,88.03,191.87,1.0000,-1,-1,-1
882,111,497.05,330.18,104.16,176.01,1.0000,-1,-1,-1
882,113,678.40,196.19,43.05,116.70,1.0000,-1,-1,-1
882,114,1100.34,457.70,93.07,191.84,1.0000,-1,-1,-1
883,56,1107.54,95.64,71.03,144.48,1.0000,-1,-1,-1
883,81,773.19,335.17,99.44,152.51,1.0000,-1,-1,-1
883,82,981.07,464.37,76.65,144.56,1.0000,-1,-1,-1
883,85,586.71,172.28,81.55,169.99,1.0000,-1,-1,-1
883,90,585.16,120.42,60.29,185.45,1.0000,-1,-1,-1
883,97,1174.95,264.31,80.25,165.63,1.0000,-1,-1,-1
883,98,756.88,119.75,60.44,143.45,1.0000,-1,-1,-1
883,99,704.37,169.20,47.75,139.69,1.0000,-1,-1,-1
883,100,321.64,242.18,54.49,152.26,1.0000,-1,-1,-1
883,103,564.03,381.65,89.63,174.91,1.0000,-1,-1,-1
883,104,650.28,76.76,26.18,54.38,1.0000,-1,-1,-1
883,106,943.43,243.14,68.00,145.36,1.0000,-1,-1,-1
883,108,1283.02,366.75,72.02,189.29,1.0000,-1,-1,-1
883,109,1202.99,793.51,13.60,9.53,1.0000,-1,-1,-1
883,110,965.83,521.99,94.70,192.26,1.0000,-1,-1,-1
883,111,493.34,340.34,105.41,170.33,1.0000,-1,-1,-1
883,113,682.43,194.07,42.40,114.94,1.0000,-1,-1,-1
883,114,1092.11,458.93,97.10,194.46,1.0000,-1,-1,-1
884,56,1102.65,95.28,65.57,144.44,1.0000,-1,-1,-1
884,81,767.24,338.35,100.20,150.78,1.0000,-1,-1,-1
884,82,986.71,464.33,76.61,144.49,1.0000,-1,-1,-1
884,85,583.05,173.06,81.65,169.01,1.0000,-1,-1,-1
884,90,587.83,113.52,60.26,185.37,1.0000,-1,-1,-1
884,97,1171.41,264.11,80.58,166.00,1.0000,-1,-1,-1
884,98,753.78,118.26,62.24,143.47,1.0000,-1,-1,-1
884,99,704.06,170.32,45.64,140.69,1.0000,-1,-1,-1
884,100,289.40,247.84,67.82,157.71,1.0000,-1,-1,-1
884,103,561.78,383.33,89.87,175.39,1.0000,-1,-1,-1
884,104,653.50,72.49,23.51,48.83,1.0000,-1,-1,-1
884,106,935.18,247.45,68.78,148.62,1.0000,-1,-1,-1
884,108,1286.83,363.31,71.96,189.13,1.0000,-1,-1,-1
884,109,1207.88,795.92,13.60,9.53,1.0000,-1,-1,-1
884,110,953.90,524.54,102.04,192.10,1.0000,-1,-1,-1
884,111,497.96,340.48,105.14,169.57,1.0000,-1,-1,-1
884,113,686.46,191.96,41.74,113.15,1.0000,-1,-1,-1
884,114,1086.47,460.01,99.67,195.79,1.0000,-1,-1,-1
885,56,1097.61,94.62,61.20,144.90,1.0000,-1,-1,-1
885,81,765.11,342.45,99.59,147.83,1.0000,-1,-1,-1
885,82,992.35,464.30,76.58,144.42,1.0000,-1,-1,-1
885,85,580.08,172.54,81.73,167.91,1.0000,-1,-1,-1
885,90,590.51,106.62,60.24,185.30,1.0000,-1,-1,-1
885,97,1167.87,263.31,80.60,166.08,1.0000,-1,-1,-1
885,98,749.57,117.76,64.92,142.97,1.0000,-1,-1,-1
885,99,703.15,170.76,44.08,141.31,1.0000,-1,-1,-1
885,100,287.18,247.01,67.91,157.90,1.0000,-1,-1,-1
885,103,559.54,385.01,90.12,175.87,1.0000,-1,-1,-1
885,104,656.88,68.58,20.49,42.56,1.0000,-1,-1,-1
885,106,931.35,247.14,68.51,148.60,1.0000,-1,-1,-1
885,108,1290.63,359.87,71.90,188.98,1.0000,-1,-1,-1
885,109,1212.76,798.32,13.60,9.53,1.0000,-1,-1,-1
885,110,945.52,526.60,108.31,192.62,1.0000,-1,-1,-1
885,111,495.59,342.26,105.75,170.55,1.0000,-1,-1,-1
885,113,690.50,189.86,41.07,111.33,1.0000,-1,-1,-1
885,114,1080.68,460.96,101.57,196.09,1.0000,-1,-1,-1
886,56,1088.89,94.88,57.88,143.60,1.0000,-1,-1,-1
886,81,759.51,344.94,97.67,146.30,1.0000,-1,-1,-1
886,82,997.99,464.26,76.54,144.35,1.0000,-1,-1,-1
886,85,576.84,183.23,81.90,161.04,1.0000,-1,-1,-1
886,90,593.18,99.73,60.22,185.23,1.0000,-1,-1,-1
886,97,1162.90,263.19,81.27,166.21,1.0000,-1,-1,-1
886,98,753.21,116.72,61.97,142.81,1.0000,-1,-1,-1
886,99,701.46,169.90,42.20,141.45,1.0000,-1,-1,-1
886,100,284.96,246.18,67.99,158.10,1.0000,-1,-1,-1
886,104,660.53,65.23,16.94,35.19,1.0000,-1,-1,-1
886,106,926.52,247.33,68.45,150.27,1.0000,-1,-1,-1
886,108,1294.44,356.44,71.84,188.82,1.0000,-1,-1,-1
886,109,1217.64,800.72,13.60,9.53,1.0000,-1,-1,-1
886,110,938.33,528.77,111.39,192.48,1.0000,-1,-1,-1
886,111,491.80,327.22,110.56,177.62,1.0000,-1,-1,-1
886,113,694.55,187.78,40.39,109.48,1.0000,-1,-1,-1
886,114,1071.29,459.39,100.16,195.65,1.0000,-1,-1,-1
887,56,1079.90,94.57,56.63,143.28,1.0000,-1,-1,-1
887,81,756.13,347.44,96.31,145.90,1.0000,-1,-1,-1
887,82,1003.63,464.22,76.50,144.28,1.0000,-1,-1,-1
887,85,573.13,189.01,82.38,155.19,1.0000,-1,-1,-1
887,90,595.85,92.83,60.19,185.15,1.0000,-1,-1,-1
887,97,1158.70,263.34,81.12,166.48,1.0000,-1,-1,-1
887,98,754.15,115.13,59.57,142.77,1.0000,-1,-1,-1
887,99,700.18,169.85,40.97,141.12,1.0000,-1,-1,-1
887,100,282.74,245.35,68.08,158.30,1.0000,-1,-1,-1
887,104,664.67,62.88,12.42,25.79,1.0000,-1,-1,-1
887,106,922.54,247.90,68.77,151.86,1.0000,-1,-1,-1
887,108,1298.25,353.00,71.79,188.67,1.0000,-1,-1,-1
887,109,1222.53,803.13,13.60,9.53,1.0000,-1,-1,-1
887,110,933.17,528.72,112.23,193.94,1.0000,-1,-1,-1
887,111,489.52,324.12,113.82,180.81,1.0000,-1,-1,-1
887,113,698.60,185.71,39.70,107.60,1.0000,-1,-1,-1
887,114,1064.65,457.73,96.54,195.89,1.0000,-1,-1,-1
888,56,1070.31,96.92,59.20,141.22,1.0000,-1,-1,-1
888,81,754.07,349.76,95.00,146.59,1.0000,-1,-1,-1
888,82,1009.27,464.18,76.47,144.21,1.0000,-1,-1,-1
888,85,570.45,189.52,82.50,152.09,1.0000,-1,-1,-1
888,90,598.52,85.93,60.17,185.08,1.0000,-1,-1,-1
888,97,1155.70,263.90,80.39,167.10,1.0000,-1,-1,-1
888,98,753.20,113.34,58.19,143.24,1.0000,-1,-1,-1
888,99,698.76,169.80,40.69,141.47,1.0000,-1,-1,-1
888,100,280.52,244.52,68.16,158.50,1.0000,-1,-1,-1
888,104,670.45,63.94,4.61,9.58,1.0000,-1,-1,-1
888,106,919.41,248.12,67.59,152.76,1.0000,-1,-1,-1
888,108,1302.05,349.56,71.73,188.51,1.0000,-1,-1,-1
888,109,1227.41,805.53,13.60,9.53,1.0000,-1,-1,-1
888,110,930.74,526.47,110.31,191.00,1.0000,-1,-1,-1
888,111,487.26,324.35,114.58,182.01,1.0000,-1,-1,-1
888,113,702.65,183.66,38.99,105.69,1.0000,-1,-1,-1
888,114,1059.07,456.61,91.73,195.99,1.0000,-1,-1,-1
889,56,1061.26,97.05,61.83,140.33,1.0000,-1,-1,-1
889,81,749.68,352.32,94.10,148.61,1.0000,-1,-1,-1
889,82,1014.91,464.15,76.43,144.14,1.0000,-1,-1,-1
889,85,567.66,189.44,82.62,150.98,1.0000,-1,-1,-1
889,90,601.20,79.04,60.14,185.01,1.0000,-1,-1,-1
889,97,1151.93,264.55,79.17,168.06,1.0000,-1,-1,-1
889,98,752.85,112.90,57.39,143.89,1.0000,-1,-1,-1
889,99,698.28,169.54,40.12,140.91,1.0000,-1,-1,-1
889,100,278.30,243.70,68.25,158.70,1.0000,-1,-1,-1
889,104,672.33,56.90,4.61,9.58,1.0000,-1,-1,-1
889,106,915.02,247.88,66.71,153.91,1.0000,-1,-1,-1
889,108,1305.86,346.12,71.67,188.36,1.0000,-1,-1,-1
889,109,1232.29,807.94,13.60,9.53,1.0000,-1,-1,-1
889,110,925.89,527.96,108.22,191.42,1.0000,-1,-1,-1
889,111,485.69,324.37,114.89,184.16,1.0000,-1,-1,-1
889,113,706.72,181.63,38.28,103.74,1.0000,-1,-1,-1
889,114,1051.44,455.12,84.61,194.80,1.0000,-1,-1,-1
890,56,1053.18,95.58,65.18,141.58,1.0000,-1,-1,-1
890,81,749.77,353.29,91.59,149.63,1.0000,-1,-1,-1
890,82,1020.55,464.11,76.39,144.07,1.0000,-1,-1,-1
890,85,566.98,188.30,81.82,150.60,1.0000,-1,-1,-1
890,90,603.87,72.14,60.12,184.94,1.0000,-1,-1,-1
890,97,1148.68,265.81,76.73,169.71,1.0000,-1,-1,-1
890,98,751.30,112.43,56.85,144.25,1.0000,-1,-1,-1
890,99,697.31,169.14,39.74,140.12,1.0000,-1,-1,-1
890,100,276.08,242.87,68.33,158.89,1.0000,-1,-1,-1
890,104,674.21,49.86,4.61,9.58,1.0000,-1,-1,-1
890,106,912.02,247.79,65.36,154.68,1.0000,-1,-1,-1
890,108,1309.67,342.69,71.61,188.20,1.0000,-1,-1,-1
890,109,1237.18,810.34,13.60,9.53,1.0000,-1,-1,-1
890,110,922.71,528.09,105.46,191.57,1.0000,-1,-1,-1
890,111,488.36,321.55,115.79,185.91,1.0000,-1,-1,-1
890,113,710.79,179.62,37.54,101.76,1.0000,-1,-1,-1
890,114,1047.60,454.55,78.96,194.50,1.0000,-1,-1,-1
891,56,1043.74,97.03,68.13,140.76,1.0000,-1,-1,-1
891,81,758.11,354.02,84.85,149.81,1.0000,-1,-1,-1
891,82,1026.19,464.07,76.36,144.00,1.0000,-1,-1,-1
891,85,563.19,185.02,82.27,151.34,1.0000,-1,-1,-1
891,90,606.54,65.24,60.10,184.86,1.0000,-1,-1,-1
891,97,1145.83,267.75,74.40,171.06,1.0000,-1,-1,-1
891,98,746.92,111.70,56.22,144.42,1.0000,-1,-1,-1
891,99,695.16,169.16,41.39,140.56,1.0000,-1,-1,-1
891,100,273.86,242.04,68.42,159.09,1.0000,-1,-1,-1
891,104,676.08,42.82,4.61,9.58,1.0000,-1,-1,-1
891,106,908.50,248.52,65.44,156.13,1.0000,-1,-1,-1
891,108,1313.47,339.25,71.55,188.04,1.0000,-1,-1,-1
891,109,1242.06,812.74,13.60,9.53,1.0000,-1,-1,-1
891,110,913.77,527.80,97.61,191.94,1.0000,-1,-1,-1
891,111,489.17,337.81,114.84,174.85,1.0000,-1,-1,-1
891,113,714.87,177.62,36.80,99.74,1.0000,-1,-1,-1
891,114,1041.39,454.32,75.05,193.43,1.0000,-1,-1,-1
892,56,1035.68,95.29,70.61,142.17,1.0000,-1,-1,-1
892,81,754.99,355.08,84.82,149.75,1.0000,-1,-1,-1
892,82,1031.83,464.04,76.32,143.93,1.0000,-1,-1,-1
892,85,563.16,181.49,80.73,149.34,1.0000,-1,-1,-1
892,90,609.21,58.35,60.07,184.79,1.0000,-1,-1,-1
892,97,1144.45,268.83,72.58,171.66,1.0000,-1,-1,-1
892,98,744.12,109.77,55.53,145.42,1.0000,-1,-1,-1
892,99,693.82,168.60,42.53,139.52,1.0000,-1,-1,-1
892,100,271.64,241.22,68.50,159.29,1.0000,-1,-1,-1
892,104,677.96,35.77,4.61,9.58,1.0000,-1,-1,-1
892,106,905.65,248.51,64.77,157.19,1.0000,-1,-1,-1
892,108,1317.28,335.81,71.49,187.89,1.0000,-1,-1,-1
892,109,1246.94,815.15,13.60,9.53,1.0000,-1,-1,-1
892,110,909.71,526.91,90.83,192.23,1.0000,-1,-1,-1
892,111,487.60,338.84,115.49,175.85,1.0000,-1,-1,-1
892,113,718.95,175.65,36.03,97.67,1.0000,-1,-1,-1
892,114,1037.62,454.47,71.99,191.85,1.0000,-1,-1,-1
892,115,538.30,155.80,46.48,150.18,1.0000,-1,-1,-1
893,56,1030.61,97.48,71.34,140.50,1.0000,-1,-1,-1
893,81,740.07,356.06,93.42,149.76,1.0000,-1,-1,-1
893,82,1037.47,464.00,76.28,143.87,1.0000,-1,-1,-1
893,85,559.32,179.35,79.20,147.85,1.0000,-1,-1,-1
893,90,611.88,51.45,60.05,184.72,1.0000,-1,-1,-1
893,97,1142.80,269.78,71.05,172.24,1.0000,-1,-1,-1
893,98,742.21,109.60,54.11,145.94,1.0000,-1,-1,-1
893,99,692.10,168.23,43.84,139.21,1.0000,-1,-1,-1
893,100,269.42,240.39,68.59,159.48,1.0000,-1,-1,-1
893,104,679.84,28.73,4.61,9.58,1.0000,-1,-1,-1
893,106,904.24,248.33,64.43,157.80,1.0000,-1,-1,-1
893,108,1321.09,332.37,71.43,187.73,1.0000,-1,-1,-1
893,109,1251.83,817.55,13.60,9.53,1.0000,-1,-1,-1
893,110,907.43,526.67,84.53,192.18,1.0000,-1,-1,-1
893,111,486.03,339.86,116.14,176.83,1.0000,-1,-1,-1
893,113,723.05,173.70,35.26,95.56,1.0000,-1,-1,-1
893,114,1034.52,455.87,70.11,191.12,1.0000,-1,-1,-1
893,115,534.00,154.46,46.87,152.85,1.0000,-1,-1,-1
894,56,1026.21,98.78,70.28,138.90,1.0000,-1,-1,-1
894,81,735.30,357.90,95.76,150.44,1.0000,-1,-1,-1
894,82,1043.11,463.96,76.24,143.80,1.0000,-1,-1,-1
894,85,554.00,177.75,78.07,145.44,1.0000,-1,-1,-1
894,90,614.56,44.55,60.03,184.64,1.0000,-1,-1,-1
894,97,1140.56,270.21,69.76,172.15,1.0000,-1,-1,-1
894,98,740.83,110.09,52.92,146.37,1.0000,-1,-1,-1
894,99,687.83,169.06,47.32,142.21,1.0000,-1,-1,-1
894,100,267.20,239.56,68.67,159.68,1.0000,-1,-1,-1
894,104,681.71,21.69,4.61,9.58,1.0000,-1,-1,-1
894,106,901.68,247.98,65.09,158.52,1.0000,-1,-1,-1
894,108,1324.89,328.94,71.37,187.57,1.0000,-1,-1,-1
894,109,1256.71,819.95,13.60,9.53,1.0000,-1,-1,-1
894,110,904.38,527.60,82.54,192.32,1.0000,-1,-1,-1
894,111,484.46,340.89,116.78,177.81,1.0000,-1,-1,-1
894,113,727.15,171.77,34.46,93.40,1.0000,-1,-1,-1
894,114,1031.00,459.08,68.86,190.86,1.0000,-1,-1,-1
894,115,528.16,152.76,47.32,154.34,1.0000,-1,-1,-1
895,56,1021.14,98.78,69.34,138.05,1.0000,-1,-1,-1
895,81,733.60,360.32,93.32,153.05,1.0000,-1,-1,-1
895,82,1048.75,463.92,76.21,143.73,1.0000,-1,-1,-1
895,85,550.99,175.41,75.57,143.22,1.0000,-1,-1,-1
895,90,617.23,37.66,60.00,184.57,1.0000,-1,-1,-1
895,97,1140.42,270.88,67.49,171.64,1.0000,-1,-1,-1
895,98,738.11,110.42,52.69,146.80,1.0000,-1,-1,-1
895,99,686.00,169.44,52.79,145.80,1.0000,-1,-1,-1
895,100,264.98,238.74,68.76,159.88,1.0000,-1,-1,-1
895,104,683.59,14.65,4.61,9.58,1.0000,-1,-1,-1
895,106,898.80,247.88,66.19,159.19,1.0000,-1,-1,-1
895,108,1328.70,325.50,71.31,187.42,1.0000,-1,-1,-1
895,109,1261.59,822.36,13.60,9.53,1.0000,-1,-1,-1
895,110,899.84,529.54,79.25,191.58,1.0000,-1,-1,-1
895,111,482.90,341.92,117.42,178.79,1.0000,-1,-1,-1
895,113,731.26,169.87,33.64,91.19,1.0000,-1,-1,-1
895,114,1028.66,461.37,66.96,189.86,1.0000,-1,-1,-1
895,115,522.33,151.06,47.78,155.82,1.0000,-1,-1,-1
896,56,1012.51,95.53,67.36,139.35,1.0000,-1,-1,-1
896,81,737.19,365.04,87.33,157.78,1.0000,-1,-1,-1
896,82,1054.39,463.89,76.17,143.66,1.0000,-1,-1,-1
896,85,546.14,173.01,72.00,140.54,1.0000,-1,-1,-1
896,90,619.90,30.76,59.98,184.50,1.0000,-1,-1,-1
896,97,1141.94,271.36,63.94,171.11,1.0000,-1,-1,-1
896,98,735.69,109.71,52.03,147.03,1.0000,-1,-1,-1
896,99,683.11,167.58,57.80,147.27,1.0000,-1,-1,-1
896,100,262.76,237.91,68.84,160.07,1.0000,-1,-1,-1
896,104,685.47,7.60,4.61,9.58,1.0000,-1,-1,-1
896,106,896.41,247.52,67.48,159.71,1.0000,-1,-1,-1
896,108,1332.51,322.06,71.25,187.26,1.0000,-1,-1,-1
896,109,1266.48,824.76,13.60,9.53,1.0000,-1,-1,-1
896,110,895.40,531.19,77.63,190.58,1.0000,-1,-1,-1
896,111,480.19,308.12,110.41,186.64,1.0000,-1,-1,-1
896,113,735.38,168.00,32.81,88.93,1.0000,-1,-1,-1
896,114,1023.98,463.80,65.18,187.40,1.0000,-1,-1,-1
896,115,496.14,154.42,60.57,160.28,1.0000,-1,-1,-1
897,56,1002.76,93.54,67.61,140.66,1.0000,-1,-1,-1
897,81,743.95,367.74,79.99,161.73,1.0000,-1,-1,-1
897,82,1060.03,463.85,76.13,143.59,1.0000,-1,-1,-1
897,85,540.87,172.93,69.35,139.38,1.0000,-1,-1,-1
897,90,622.57,23.86,59.95,184.42,1.0000,-1,-1,-1
897,97,1143.39,271.34,60.84,170.66,1.0000,-1,-1,-1
897,98,732.82,109.99,51.56,146.64,1.0000,-1,-1,-1
897,99,679.40,167.33,61.30,146.73,1.0000,-1,-1,-1
897,100,260.53,237.08,68.92,160.27,1.0000,-1,-1,-1
897,104,687.34,0.56,4.61,9.58,1.0000,-1,-1,-1
897,106,893.90,247.43,69.18,159.69,1.0000,-1,-1,-1
897,108,1336.31,318.63,71.19,187.11,1.0000,-1,-1,-1
897,109,1271.36,827.17,13.60,9.53,1.0000,-1,-1,-1
897,110,891.83,532.18,76.63,189.71,1.0000,-1,-1,-1
897,111,478.27,306.75,110.98,187.60,1.0000,-1,-1,-1
897,113,739.51,166.16,31.95,86.60,1.0000,-1,-1,-1
897,114,1020.69,464.19,63.43,184.57,1.0000,-1,-1,-1
897,115,487.95,152.65,61.85,163.68,1.0000,-1,-1,-1
898,56,996.06,92.95,67.63,140.70,1.0000,-1,-1,-1
898,81,748.48,369.45,74.21,165.05,1.0000,-1,-1,-1
898,85,537.59,173.42,66.56,140.46,1.0000,-1,-1,-1
898,90,625.24,16.97,59.93,184.35,1.0000,-1,-1,-1
898,97,1144.38,271.23,58.06,170.70,1.0000,-1,-1,-1
898,98,730.40,110.13,51.44,146.36,1.0000,-1,-1,-1
898,99,676.84,167.75,63.72,146.16,1.0000,-1,-1,-1
898,100,258.31,236.26,69.01,160.46,1.0000,-1,-1,-1
898,104,689.22,-6.48,4.61,9.58,1.0000,-1,-1,-1
898,106,891.09,247.14,70.37,159.43,1.0000,-1,-1,-1
898,108,1340.12,315.19,71.13,186.95,1.0000,-1,-1,-1
898,109,1276.24,829.57,13.60,9.53,1.0000,-1,-1,-1
898,110,888.60,532.49,77.51,189.22,1.0000,-1,-1,-1
898,111,476.36,305.39,111.55,188.56,1.0000,-1,-1,-1
898,113,743.66,164.34,31.07,84.21,1.0000,-1,-1,-1
898,114,1014.73,465.79,62.99,183.28,1.0000,-1,-1,-1
898,115,479.77,150.93,63.11,167.02,1.0000,-1,-1,-1
899,56,989.35,92.36,67.65,140.74,1.0000,-1,-1,-1
899,81,749.71,370.37,70.56,167.46,1.0000,-1,-1,-1
899,85,535.67,172.56,65.07,141.75,1.0000,-1,-1,-1
899,90,627.92,10.07,59.91,184.28,1.0000,-1,-1,-1
899,97,1144.01,270.92,56.15,170.70,1.0000,-1,-1,-1
899,98,729.55,108.72,51.38,146.81,1.0000,-1,-1,-1
899,99,673.75,167.26,65.85,145.95,1.0000,-1,-1,-1
899,100,256.09,235.43,69.09,160.66,1.0000,-1,-1,-1
899,104,691.10,-13.52,4.61,9.58,1.0000,-1,-1,-1
899,106,888.21,246.95,71.50,158.95,1.0000,-1,-1,-1
899,108,1343.93,311.75,71.07,186.79,1.0000,-1,-1,-1
899,109,1281.13,831.97,13.60,9.53,1.0000,-1,-1,-1
899,110,884.55,532.92,76.84,188.55,1.0000,-1,-1,-1
899,111,474.45,304.02,112.11,189.51,1.0000,-1,-1,-1
899,113,747.82,162.57,30.16,81.76,1.0000,-1,-1,-1
899,114,1008.78,467.40,62.54,181.97,1.0000,-1,-1,-1
899,115,471.60,149.23,64.35,170.29,1.0000,-1,-1,-1
900,56,992.98,91.30,65.07,142.17,1.0000,-1,-1,-1
900,81,749.63,371.52,68.29,169.67,1.0000,-1,-1,-1
900,85,534.35,171.43,62.79,142.59,1.0000,-1,-1,-1
900,90,630.59,3.17,59.88,184.20,1.0000,-1,-1,-1
900,97,1143.59,270.60,54.57,170.24,1.0000,-1,-1,-1
900,98,729.25,108.63,51.44,146.99,1.0000,-1,-1,-1
900,99,673.38,167.15,64.98,145.42,1.0000,-1,-1,-1
900,100,253.87,234.61,69.18,160.85,1.0000,-1,-1,-1
900,104,692.97,-20.57,4.61,9.58,1.0000,-1,-1,-1
900,106,885.72,247.50,73.08,158.73,1.0000,-1,-1,-1
900,108,1347.73,308.32,71.01,186.63,1.0000,-1,-1,-1
900,109,1286.01,834.38,13.60,9.53,1.0000,-1,-1,-1
900,110,880.82,533.40,76.33,188.06,1.0000,-1,-1,-1
900,111,472.55,302.66,112.67,190.46,1.0000,-1,-1,-1
900,113,751.99,160.83,29.23,79.22,1.0000,-1,-1,-1
900,114,1002.83,469.01,62.09,180.65,1.0000,-1,-1,-1
900,115,463.44,147.57,65.56,173.50,1.0000,-1,-1,-1
901,56,986.26,89.12,64.95,144.05,1.0000,-1,-1,-1
901,81,745.49,374.73,64.99,170.27,1.0000,-1,-1,-1
901,85,532.42,170.98,58.74,142.31,1.0000,-1,-1,-1
901,90,633.26,-3.72,59.86,184.13,1.0000,-1,-1,-1
901,97,1142.37,271.55,53.16,170.29,1.0000,-1,-1,-1
901,98,729.25,109.45,52.11,147.49,1.0000,-1,-1,-1
901,99,671.72,166.36,63.42,146.15,1.0000,-1,-1,-1
901,100,251.65,233.78,69.26,161.05,1.0000,-1,-1,-1
901,104,694.85,-27.61,4.61,9.58,1.0000,-1,-1,-1
901,106,885.99,249.68,74.26,157.71,1.0000,-1,-1,-1
901,108,1351.54,304.88,70.95,186.48,1.0000,-1,-1,-1
901,110,877.99,533.24,77.00,187.98,1.0000,-1,-1,-1
901,111,464.97,308.23,107.41,188.97,1.0000,-1,-1,-1
901,113,756.18,159.13,28.26,76.61,1.0000,-1,-1,-1
901,114,996.88,470.63,61.63,179.33,1.0000,-1,-1,-1
901,115,455.29,145.93,66.75,176.65,1.0000,-1,-1,-1
902,56,983.09,89.46,64.47,144.65,1.0000,-1,-1,-1
902,81,742.98,376.40,62.65,170.42,1.0000,-1,-1,-1
902,85,531.24,170.59,56.05,142.30,1.0000,-1,-1,-1
902,90,635.93,-10.62,59.84,184.06,1.0000,-1,-1,-1
902,97,1142.50,272.16,52.69,170.27,1.0000,-1,-1,-1
902,98,729.29,110.58,52.85,148.09,1.0000,-1,-1,-1
902,99,670.40,166.00,63.50,146.34,1.0000,-1,-1,-1
902,100,249.43,232.95,69.34,161.24,1.0000,-1,-1,-1
902,104,696.73,-34.65,4.61,9.58,1.0000,-1,-1,-1
902,106,887.99,252.27,74.67,156.84,1.0000,-1,-1,-1
902,108,1355.35,301.44,70.89,186.32,1.0000,-1,-1,-1
902,110,876.27,532.95,77.09,188.04,1.0000,-1,-1,-1
902,111,462.45,307.35,107.89,189.81,1.0000,-1,-1,-1
902,113,760.38,157.48,27.26,73.90,1.0000,-1,-1,-1
902,114,990.93,472.25,61.17,177.99,1.0000,-1,-1,-1
902,115,458.40,152.78,74.44,165.23,1.0000,-1,-1,-1
903,56,981.20,90.90,63.97,144.57,1.0000,-1,-1,-1
903,81,741.51,377.17,61.16,170.63,1.0000,-1,-1,-1
903,85,531.29,169.18,53.97,141.95,1.0000,-1,-1,-1
903,90,638.61,-17.52,59.81,183.98,1.0000,-1,-1,-1
903,97,1143.22,272.64,52.68,169.98,1.0000,-1,-1,-1
903,98,730.07,110.87,53.91,148.70,1.0000,-1,-1,-1
903,99,669.08,165.63,63.58,146.53,1.0000,-1,-1,-1
903,100,247.21,232.13,69.43,161.44,1.0000,-1,-1,-1
903,104,698.60,-41.69,4.61,9.58,1.0000,-1,-1,-1
903,106,888.61,253.86,75.08,155.99,1.0000,-1,-1,-1
903,108,1359.15,298.01,70.83,186.16,1.0000,-1,-1,-1
903,110,876.16,532.63,77.52,188.20,1.0000,-1,-1,-1
903,111,459.94,306.47,108.36,190.65,1.0000,-1,-1,-1
903,113,764.60,155.88,26.23,71.08,1.0000,-1,-1,-1
903,114,984.99,473.87,60.71,176.65,1.0000,-1,-1,-1
903,115,452.83,154.63,78.25,161.83,1.0000,-1,-1,-1
904,56,979.65,91.28,63.25,144.72,1.0000,-1,-1,-1
904,81,739.66,377.73,60.30,170.49,1.0000,-1,-1,-1
904,85,531.85,168.15,52.42,142.34,1.0000,-1,-1,-1
904,90,641.28,-24.41,59.79,183.91,1.0000,-1,-1,-1
904,97,1143.27,273.24,54.27,170.17,1.0000,-1,-1,-1
904,98,729.32,110.63,55.90,149.26,1.0000,-1,-1,-1
904,99,667.76,165.27,63.67,146.72,1.0000,-1,-1,-1
904,100,244.99,231.30,69.51,161.63,1.0000,-1,-1,-1
904,104,700.48,-48.74,4.61,9.58,1.0000,-1,-1,-1
904,106,889.13,254.72,76.39,155.64,1.0000,-1,-1,-1
904,108,1362.96,294.57,70.77,186.00,1.0000,-1,-1,-1
904,110,876.56,532.39,78.33,188.38,1.0000,-1,-1,-1
904,111,479.90,307.29,94.03,188.00,1.0000,-1,-1,-1
904,113,768.85,154.34,25.14,68.15,1.0000,-1,-1,-1
904,114,999.17,464.46,69.35,176.81,1.0000,-1,-1,-1
904,115,446.14,153.36,79.54,164.49,1.0000,-1,-1,-1
905,56,977.88,90.65,62.61,145.40,1.0000,-1,-1,-1
905,81,736.71,378.21,60.21,170.20,1.0000,-1,-1,-1
905,85,532.32,169.25,52.20,144.05,1.0000,-1,-1,-1
905,90,643.95,-31.31,59.76,183.84,1.0000,-1,-1,-1
905,97,1142.59,272.76,56.03,170.70,1.0000,-1,-1,-1
905,98,728.59,112.51,58.52,148.78,1.0000,-1,-1,-1
905,99,666.44,164.90,63.75,146.91,1.0000,-1,-1,-1
905,100,242.77,230.48,69.59,161.83,1.0000,-1,-1,-1
905,104,702.36,-55.78,4.61,9.58,1.0000,-1,-1,-1
905,106,891.42,254.68,77.40,155.34,1.0000,-1,-1,-1
905,108,1366.77,291.13,70.71,185.85,1.0000,-1,-1,-1
905,110,877.82,532.38,80.12,188.47,1.0000,-1,-1,-1
905,111,489.09,305.11,85.67,189.43,1.0000,-1,-1,-1
905,113,773.12,152.87,24.02,65.09,1.0000,-1,-1,-1
905,114,996.81,463.42,73.20,173.86,1.0000,-1,-1,-1
905,115,446.36,150.06,78.35,165.29,1.0000,-1,-1,-1
906,56,975.31,91.81,62.29,144.94,1.0000,-1,-1,-1
906,81,732.63,379.37,60.40,169.48,1.0000,-1,-1,-1
906,85,532.85,170.32,52.29,145.46,1.0000,-1,-1,-1
906,90,646.62,-38.21,59.74,183.76,1.0000,-1,-1,-1
906,97,1141.08,272.15,59.12,171.13,1.0000,-1,-1,-1
906,98,728.79,111.64,60.90,149.95,1.0000,-1,-1,-1
906,99,683.55,169.95,53.60,143.72,1.0000,-1,-1,-1
906,100,240.55,229.65,69.68,162.02,1.0000,-1,-1,-1
906,104,704.23,-62.82,4.61,9.58,1.0000,-1,-1,-1
906,106,889.08,254.29,79.81,155.46,1.0000,-1,-1,-1
906,108,1370.58,287.70,70.65,185.69,1.0000,-1,-1,-1
906,110,879.64,532.89,83.35,188.24,1.0000,-1,-1,-1
906,111,493.11,306.91,83.29,190.39,1.0000,-1,-1,-1
906,113,777.41,151.47,22.83,61.88,1.0000,-1,-1,-1
906,114,995.84,463.85,76.10,170.58,1.0000,-1,-1,-1
906,115,445.41,151.89,73.16,163.87,1.0000,-1,-1,-1
907,56,974.18,91.52,61.71,145.29,1.0000,-1,-1,-1
907,81,728.86,382.06,59.27,169.37,1.0000,-1,-1,-1
907,85,536.11,168.61,50.69,146.43,1.0000,-1,-1,-1
907,90,649.29,-45.10,59.72,183.69,1.0000,-1,-1,-1
907,97,1139.73,271.86,61.83,171.44,1.0000,-1,-1,-1
907,98,728.88,110.54,62.65,151.02,1.0000,-1,-1,-1
907,99,683.28,169.94,53.61,143.76,1.0000,-1,-1,-1
907,100,238.33,228.83,69.76,162.21,1.0000,-1,-1,-1
907,104,706.11,-69.86,4.61,9.58,1.0000,-1,-1,-1
907,106,889.13,253.09,80.44,156.27,1.0000,-1,-1,-1
907,108,1374.38,284.26,70.59,185.53,1.0000,-1,-1,-1
907,110,882.00,532.85,84.59,187.10,1.0000,-1,-1,-1
907,111,498.30,305.71,83.29,192.33,1.0000,-1,-1,-1
907,113,781.74,150.16,21.58,58.49,1.0000,-1,-1,-1
907,114,995.56,464.67,78.68,169.00,1.0000,-1,-1,-1
907,115,444.56,154.50,69.67,162.52,1.0000,-1,-1,-1
908,56,974.21,89.55,60.26,146.27,1.0000,-1,-1,-1
908,81,726.18,385.10,58.25,170.37,1.0000,-1,-1,-1
908,85,539.07,166.94,49.45,146.57,1.0000,-1,-1,-1
908,90,651.97,-52.00,59.69,183.62,1.0000,-1,-1,-1
908,97,1139.15,271.78,64.59,171.73,1.0000,-1,-1,-1
908,98,728.45,110.49,63.63,151.70,1.0000,-1,-1,-1
908,99,689.99,171.01,48.74,142.17,1.0000,-1,-1,-1
908,100,236.11,228.00,69.84,162.41,1.0000,-1,-1,-1
908,104,707.99,-76.91,4.61,9.58,1.0000,-1,-1,-1
908,106,887.52,252.40,82.38,157.06,1.0000,-1,-1,-1
908,108,1378.19,280.82,70.53,185.37,1.0000,-1,-1,-1
908,110,884.44,533.04,85.39,186.09,1.0000,-1,-1,-1
908,111,502.32,304.33,83.22,194.53,1.0000,-1,-1,-1
908,113,786.11,148.95,20.25,54.90,1.0000,-1,-1,-1
908,114,996.45,465.51,81.07,167.32,1.0000,-1,-1,-1
908,115,444.18,155.42,66.54,161.93,1.0000,-1,-1,-1
909,56,974.36,88.13,58.84,147.21,1.0000,-1,-1,-1
909,81,723.78,386.91,57.43,170.93,1.0000,-1,-1,-1
909,85,541.17,166.38,50.13,146.43,1.0000,-1,-1,-1
909,90,654.64,-58.90,59.67,183.54,1.0000,-1,-1,-1
909,97,1141.28,271.70,70.04,172.35,1.0000,-1,-1,-1
909,98,728.97,106.04,63.67,154.63,1.0000,-1,-1,-1
909,99,693.75,171.02,47.83,141.58,1.0000,-1,-1,-1
909,100,233.90,227.18,69.93,162.60,1.0000,-1,-1,-1
909,104,709.86,-83.95,4.61,9.58,1.0000,-1,-1,-1
909,106,890.70,251.99,83.76,157.83,1.0000,-1,-1,-1
909,108,1382.00,277.39,70.47,185.21,1.0000,-1,-1,-1
909,110,886.83,533.42,84.54,185.33,1.0000,-1,-1,-1
909,111,504.34,307.15,81.65,193.29,1.0000,-1,-1,-1
909,113,790.52,147.87,18.83,51.05,1.0000,-1,-1,-1
909,114,997.95,465.94,83.01,166.10,1.0000,-1,-1,-1
909,115,443.53,156.13,64.86,160.57,1.0000,-1,-1,-1
910,56,974.62,87.29,57.54,147.93,1.0000,-1,-1,-1
910,81,720.63,388.93,57.76,170.15,1.0000,-1,-1,-1
910,85,542.52,167.14,51.14,148.86,1.0000,-1,-1,-1
910,90,657.31,-65.79,59.64,183.47,1.0000,-1,-1,-1
910,97,1143.30,271.42,76.41,172.84,1.0000,-1,-1,-1
910,98,729.20,108.49,64.26,153.92,1.0000,-1,-1,-1
910,99,695.96,170.55,48.29,140.98,1.0000,-1,-1,-1
910,100,231.68,226.35,70.01,162.79,1.0000,-1,-1,-1
910,104,711.74,-90.99,4.61,9.58,1.0000,-1,-1,-1
910,106,896.22,251.49,85.50,158.31,1.0000,-1,-1,-1
910,108,1385.80,273.95,70.41,185.06,1.0000,-1,-1,-1
910,110,890.70,532.96,84.78,185.39,1.0000,-1,-1,-1
910,111,503.11,309.69,76.34,191.49,1.0000,-1,-1,-1
910,113,795.00,146.94,17.30,46.88,1.0000,-1,-1,-1
910,114,1002.09,466.88,83.89,165.44,1.0000,-1,-1,-1
910,115,443.73,157.91,62.92,161.95,1.0000,-1,-1,-1
911,56,974.34,87.10,56.33,148.41,1.0000,-1,-1,-1
911,81,716.84,392.30,58.98,169.85,1.0000,-1,-1,-1
911,85,546.40,165.36,51.26,148.63,1.0000,-1,-1,-1
911,90,659.98,-72.69,59.62,183.40,1.0000,-1,-1,-1
911,97,1146.23,270.35,79.38,173.41,1.0000,-1,-1,-1
911,98,732.01,116.08,63.96,149.48,1.0000,-1,-1,-1
911,99,698.41,169.21,49.79,141.38,1.0000,-1,-1,-1
911,100,229.46,225.53,70.09,162.98,1.0000,-1,-1,-1
911,106,906.78,250.89,85.01,159.34,1.0000,-1,-1,-1
911,108,1389.61,270.52,70.35,184.90,1.0000,-1,-1,-1
911,110,889.78,532.71,85.05,185.96,1.0000,-1,-1,-1
911,111,502.73,310.52,71.32,190.69,1.0000,-1,-1,-1
911,113,799.54,146.23,15.61,42.31,1.0000,-1,-1,-1
911,114,1008.83,467.00,83.55,165.43,1.0000,-1,-1,-1
911,115,443.87,160.28,60.76,163.73,1.0000,-1,-1,-1
912,56,974.13,87.39,55.49,148.57,1.0000,-1,-1,-1
912,81,715.19,396.12,59.78,169.75,1.0000,-1,-1,-1
912,85,549.39,165.04,52.06,148.89,1.0000,-1,-1,-1
912,90,662.66,-79.59,59.60,183.32,1.0000,-1,-1,-1
912,97,1149.75,270.36,80.84,174.19,1.0000,-1,-1,-1
912,98,735.54,120.75,62.50,145.86,1.0000,-1,-1,-1
912,99,699.38,169.80,50.74,140.88,1.0000,-1,-1,-1
912,100,227.24,224.70,70.17,163.18,1.0000,-1,-1,-1
912,106,914.02,250.43,83.59,160.63,1.0000,-1,-1,-1
912,108,1393.42,267.08,70.29,184.74,1.0000,-1,-1,-1
912,110,888.86,532.46,85.31,186.54,1.0000,-1,-1,-1
912,111,502.60,310.73,66.52,190.02,1.0000,-1,-1,-1
912,113,804.20,145.79,13.72,37.18,1.0000,-1,-1,-1
912,114,1012.81,466.99,84.12,165.66,1.0000,-1,-1,-1
912,115,445.02,161.15,59.25,165.65,1.0000,-1,-1,-1
913,56,973.96,87.71,54.40,148.54,1.0000,-1,-1,-1
913,81,713.64,399.15,60.43,170.28,1.0000,-1,-1,-1
913,85,551.47,166.50,54.29,151.16,1.0000,-1,-1,-1
913,90,665.33,-86.48,59.57,183.25,1.0000,-1,-1,-1
913,97,1153.80,269.78,78.52,174.89,1.0000,-1,-1,-1
913,98,740.22,125.81,59.84,141.85,1.0000,-1,-1,-1
913,99,700.08,171.74,51.40,139.61,1.0000,-1,-1,-1
913,100,225.02,223.88,70.26,163.37,1.0000,-1,-1,-1
913,106,920.66,250.34,81.22,161.68,1.0000,-1,-1,-1
913,108,1397.23,263.64,70.23,184.58,1.0000,-1,-1,-1
913,110,887.94,532.21,85.57,187.11,1.0000,-1,-1,-1
913,111,502.71,311.36,61.91,189.01,1.0000,-1,-1,-1
913,113,809.00,145.76,11.52,31.21,1.0000,-1,-1,-1
913,114,1015.79,467.31,84.86,165.95,1.0000,-1,-1,-1
913,115,447.08,162.19,57.87,167.16,1.0000,-1,-1,-1
914,56,973.31,87.83,53.86,148.80,1.0000,-1,-1,-1
914,81,712.21,400.24,60.53,170.44,1.0000,-1,-1,-1
914,85,550.91,166.31,57.07,152.83,1.0000,-1,-1,-1
914,90,668.00,-93.38,59.55,183.18,1.0000,-1,-1,-1
914,97,1160.84,270.49,76.88,176.20,1.0000,-1,-1,-1
914,98,745.46,130.28,56.19,137.97,1.0000,-1,-1,-1
914,99,700.55,173.55,51.88,138.33,1.0000,-1,-1,-1
914,100,222.80,223.05,70.34,163.56,1.0000,-1,-1,-1
914,106,928.51,250.96,76.47,162.45,1.0000,-1,-1,-1
914,108,1401.03,260.21,70.17,184.42,1.0000,-1,-1,-1
914,110,887.03,531.96,85.83,187.68,1.0000,-1,-1,-1
914,111,504.37,310.92,58.54,188.75,1.0000,-1,-1,-1
914,113,814.07,146.46,8.78,23.80,1.0000,-1,-1,-1
914,114,1018.16,467.36,85.73,166.14,1.0000,-1,-1,-1
914,115,447.85,162.87,56.42,167.65,1.0000,-1,-1,-1
915,56,973.55,88.11,52.84,148.71,1.0000,-1,-1,-1
915,81,698.36,401.04,66.36,171.56,1.0000,-1,-1,-1
915,85,549.93,166.49,60.33,153.30,1.0000,-1,-1,-1
915,90,670.67,-100.28,59.53,183.10,1.0000,-1,-1,-1
915,97,1166.84,270.49,73.62,176.73,1.0000,-1,-1,-1
915,98,750.35,128.88,53.30,137.94,1.0000,-1,-1,-1
915,99,700.42,175.60,52.27,136.63,1.0000,-1,-1,-1
915,100,220.58,222.23,70.42,163.75,1.0000,-1,-1,-1
915,106,932.67,250.97,72.81,163.01,1.0000,-1,-1,-1
915,108,1404.84,256.77,70.11,184.26,1.0000,-1,-1,-1
915,110,886.11,531.71,86.09,188.25,1.0000,-1,-1,-1
915,111,505.99,310.45,56.63,188.42,1.0000,-1,-1,-1
915,113,819.84,149.06,4.64,12.59,1.0000,-1,-1,-1
915,114,1018.12,466.19,87.73,166.85,1.0000,-1,-1,-1
915,115,448.92,164.35,56.28,167.87,1.0000,-1,-1,-1
916,56,971.53,88.28,52.57,149.26,1.0000,-1,-1,-1
916,81,688.65,401.00,68.48,172.09,1.0000,-1,-1,-1
916,85,550.63,167.09,64.12,152.02,1.0000,-1,-1,-1
916,90,673.34,-107.17,59.50,183.03,1.0000,-1,-1,-1
916,97,1172.22,270.29,68.47,176.14,1.0000,-1,-1,-1
916,98,757.84,126.83,50.34,138.93,1.0000,-1,-1,-1
916,99,703.28,175.15,50.41,136.04,1.0000,-1,-1,-1
916,100,218.36,221.41,70.50,163.94,1.0000,-1,-1,-1
916,106,937.12,251.75,69.99,162.65,1.0000,-1,-1,-1
916,108,1408.65,253.34,70.05,184.10,1.0000,-1,-1,-1
916,110,904.61,534.48,92.12,186.55,1.0000,-1,-1,-1
916,111,508.61,309.61,57.97,188.87,1.0000,-1,-1,-1
916,113,823.55,146.06,4.64,12.59,1.0000,-1,-1,-1
916,114,1022.21,465.56,88.79,169.21,1.0000,-1,-1,-1
916,115,450.38,168.81,55.44,164.85,1.0000,-1,-1,-1
917,56,970.21,88.42,52.56,149.64,1.0000,-1,-1,-1
917,81,684.35,401.09,68.50,171.81,1.0000,-1,-1,-1
917,85,550.30,168.02,67.32,151.36,1.0000,-1,-1,-1
917,90,676.02,-114.07,59.48,182.96,1.0000,-1,-1,-1
917,97,1177.43,271.56,64.60,175.74,1.0000,-1,-1,-1
917,98,762.85,123.85,48.85,141.13,1.0000,-1,-1,-1
917,99,705.98,175.46,48.35,135.36,1.0000,-1,-1,-1
917,100,216.14,220.58,70.59,164.13,1.0000,-1,-1,-1
917,106,939.85,252.73,69.24,162.03,1.0000,-1,-1,-1
917,108,1412.45,249.90,69.99,183.94,1.0000,-1,-1,-1
917,110,908.52,534.87,94.95,186.13,1.0000,-1,-1,-1
917,111,510.76,309.13,59.39,189.62,1.0000,-1,-1,-1
917,113,827.25,143.05,4.64,12.59,1.0000,-1,-1,-1
917,114,1028.34,465.59,87.36,171.07,1.0000,-1,-1,-1
917,115,450.36,171.08,55.32,162.50,1.0000,-1,-1,-1
917,117,563.67,311.90,71.68,151.85,1.0000,-1,-1,-1
918,56,969.81,88.99,52.35,149.70,1.0000,-1,-1,-1
918,81,682.53,400.25,68.57,171.40,1.0000,-1,-1,-1
918,85,550.04,169.04,71.02,152.03,1.0000,-1,-1,-1
918,90,678.69,-120.97,59.45,182.88,1.0000,-1,-1,-1
918,97,1178.07,273.26,65.48,176.18,1.0000,-1,-1,-1
918,98,766.35,123.57,47.53,143.13,1.0000,-1,-1,-1
918,99,708.62,176.19,46.92,134.52,1.0000,-1,-1,-1
918,100,213.92,219.76,70.67,164.32,1.0000,-1,-1,-1
918,106,941.92,254.44,70.43,161.21,1.0000,-1,-1,-1
918,108,1416.26,246.47,69.93,183.78,1.0000,-1,-1,-1
918,110,913.49,535.07,94.31,185.86,1.0000,-1,-1,-1
918,111,511.13,308.36,60.46,190.21,1.0000,-1,-1,-1
918,113,830.96,140.05,4.64,12.59,1.0000,-1,-1,-1
918,114,1031.51,464.96,87.71,172.71,1.0000,-1,-1,-1
918,115,449.70,173.29,55.59,161.18,1.0000,-1,-1,-1
918,117,561.94,309.85,78.50,155.75,1.0000,-1,-1,-1
919,56,969.08,88.35,52.97,150.33,1.0000,-1,-1,-1
919,81,680.88,400.21,69.62,171.64,1.0000,-1,-1,-1
919,85,551.46,167.36,72.42,150.08,1.0000,-1,-1,-1
919,90,681.36,-127.86,59.43,182.81,1.0000,-1,-1,-1
919,97,1179.01,275.41,67.94,175.30,1.0000,-1,-1,-1
919,98,769.47,124.78,46.72,144.14,1.0000,-1,-1,-1
919,99,710.62,177.24,44.92,133.69,1.0000,-1,-1,-1
919,100,211.70,218.93,70.75,164.51,1.0000,-1,-1,-1
919,106,942.42,255.03,71.91,159.65,1.0000,-1,-1,-1
919,108,1420.07,243.03,69.87,183.62,1.0000,-1,-1,-1
919,110,915.95,534.89,91.66,185.84,1.0000,-1,-1,-1
919,111,512.57,305.67,61.57,190.17,1.0000,-1,-1,-1
919,113,834.66,137.04,4.64,12.59,1.0000,-1,-1,-1
919,114,1037.66,463.95,86.19,172.88,1.0000,-1,-1,-1
919,115,450.24,175.21,56.29,160.38,1.0000,-1,-1,-1
919,117,560.61,300.31,84.36,163.17,1.0000,-1,-1,-1
920,56,969.18,88.02,53.17,150.93,1.0000,-1,-1,-1
920,81,680.59,400.38,70.73,172.51,1.0000,-1,-1,-1
920,85,552.67,168.44,73.53,150.76,1.0000,-1,-1,-1
920,97,1179.79,276.21,70.71,174.75,1.0000,-1,-1,-1
920,98,771.82,124.90,47.17,144.97,1.0000,-1,-1,-1
920,99,712.45,177.82,43.44,132.84,1.0000,-1,-1,-1
920,100,209.48,218.11,70.83,164.71,1.0000,-1,-1,-1
920,106,943.47,255.37,73.56,158.12,1.0000,-1,-1,-1
920,108,1423.88,239.60,69.81,183.46,1.0000,-1,-1,-1
920,110,917.30,534.74,91.94,186.41,1.0000,-1,-1,-1
920,111,515.33,303.56,62.77,190.63,1.0000,-1,-1,-1
920,113,838.36,134.03,4.64,12.59,1.0000,-1,-1,-1
920,114,1045.28,463.04,82.74,172.16,1.0000,-1,-1,-1
920,115,450.60,176.07,56.95,159.94,1.0000,-1,-1,-1
920,117,568.90,304.89,80.54,159.59,1.0000,-1,-1,-1
921,56,969.30,88.24,53.48,151.04,1.0000,-1,-1,-1
921,81,675.33,400.69,74.16,173.61,1.0000,-1,-1,-1
921,85,559.28,168.29,72.38,150.62,1.0000,-1,-1,-1
921,97,1180.49,277.34,74.64,173.95,1.0000,-1,-1,-1
921,98,776.17,125.24,51.35,146.26,1.0000,-1,-1,-1
921,99,715.24,175.76,43.09,131.47,1.0000,-1,-1,-1
921,100,207.26,217.29,70.91,164.90,1.0000,-1,-1,-1
921,106,944.92,256.45,74.27,157.53,1.0000,-1,-1,-1
921,108,1427.68,236.16,69.74,183.30,1.0000,-1,-1,-1
921,110,918.65,534.59,92.22,186.98,1.0000,-1,-1,-1
921,111,517.36,301.53,64.03,188.75,1.0000,-1,-1,-1
921,113,842.07,131.03,4.64,12.59,1.0000,-1,-1,-1
921,114,1050.19,462.82,81.63,171.32,1.0000,-1,-1,-1
921,115,453.68,174.56,57.25,160.39,1.0000,-1,-1,-1
921,117,566.80,302.75,83.44,163.75,1.0000,-1,-1,-1
922,56,968.93,88.10,54.00,151.20,1.0000,-1,-1,-1
922,81,667.20,401.98,79.85,173.52,1.0000,-1,-1,-1
922,85,564.73,167.90,70.62,150.38,1.0000,-1,-1,-1
922,97,1180.59,277.62,77.24,173.17,1.0000,-1,-1,-1
922,98,778.15,126.99,54.99,145.90,1.0000,-1,-1,-1
922,99,719.07,179.04,41.24,131.22,1.0000,-1,-1,-1
922,100,205.04,216.46,71.00,165.09,1.0000,-1,-1,-1
922,106,945.95,257.12,74.76,156.81,1.0000,-1,-1,-1
922,108,1431.49,232.73,69.68,183.14,1.0000,-1,-1,-1
922,110,919.99,534.44,92.50,187.55,1.0000,-1,-1,-1
922,111,518.27,301.13,64.35,186.85,1.0000,-1,-1,-1
922,113,845.77,128.02,4.64,12.59,1.0000,-1,-1,-1
922,114,1051.87,462.55,82.88,171.16,1.0000,-1,-1,-1
922,115,455.98,171.09,58.67,163.21,1.0000,-1,-1,-1
922,117,569.86,312.56,82.86,158.00,1.0000,-1,-1,-1
922,118,943.79,537.56,75.21,182.47,1.0000,-1,-1,-1
923,56,968.66,88.31,54.24,151.11,1.0000,-1,-1,-1
923,81,658.79,404.11,86.50,173.32,1.0000,-1,-1,-1
923,85,571.05,167.54,68.27,150.77,1.0000,-1,-1,-1
923,97,1180.47,278.93,79.53,172.18,1.0000,-1,-1,-1
923,98,778.44,127.09,57.98,146.41,1.0000,-1,-1,-1
923,99,721.28,179.07,40.14,131.43,1.0000,-1,-1,-1
923,100,202.82,215.64,71.08,165.28,1.0000,-1,-1,-1
923,106,948.16,256.46,76.60,157.33,1.0000,-1,-1,-1
923,108,1435.30,229.29,69.62,182.98,1.0000,-1,-1,-1
923,110,921.34,534.29,92.78,188.11,1.0000,-1,-1,-1
923,111,518.03,301.12,64.87,185.61,1.0000,-1,-1,-1
923,113,849.48,125.02,4.64,12.59,1.0000,-1,-1,-1
923,114,1053.59,462.12,84.19,170.31,1.0000,-1,-1,-1
923,115,458.47,175.04,58.73,162.38,1.0000,-1,-1,-1
923,117,571.35,306.54,82.94,160.36,1.0000,-1,-1,-1
923,118,945.65,537.91,76.08,182.44,1.0000,-1,-1,-1
924,56,968.40,88.45,54.38,151.14,1.0000,-1,-1,-1
924,81,651.11,405.88,93.14,173.23,1.0000,-1,-1,-1
924,85,578.90,166.36,64.26,150.29,1.0000,-1,-1,-1
924,97,1180.82,282.07,80.75,170.93,1.0000,-1,-1,-1
924,98,778.76,130.57,60.03,144.78,1.0000,-1,-1,-1
924,99,723.25,178.67,38.89,131.84,1.0000,-1,-1,-1
924,100,200.61,214.82,71.16,165.46,1.0000,-1,-1,-1
924,106,952.26,256.12,77.20,156.32,1.0000,-1,-1,-1
924,110,922.69,534.14,93.06,188.68,1.0000,-1,-1,-1
924,111,517.74,300.81,65.66,183.98,1.0000,-1,-1,-1
924,113,853.18,122.01,4.64,12.59,1.0000,-1,-1,-1
924,114,1055.06,462.44,86.13,170.17,1.0000,-1,-1,-1
924,115,460.17,178.88,59.28,161.36,1.0000,-1,-1,-1
924,117,572.83,301.11,81.16,160.99,1.0000,-1,-1,-1
924,118,947.14,538.25,79.98,182.40,1.0000,-1,-1,-1
925,56,968.44,88.69,54.26,151.35,1.0000,-1,-1,-1
925,81,642.74,407.01,99.98,173.92,1.0000,-1,-1,-1
925,85,588.24,165.26,58.85,149.42,1.0000,-1,-1,-1
925,97,1181.81,282.41,81.03,170.27,1.0000,-1,-1,-1
925,98,779.43,133.80,61.70,143.14,1.0000,-1,-1,-1
925,99,724.93,178.10,38.56,132.29,1.0000,-1,-1,-1
925,100,198.39,213.99,71.24,165.65,1.0000,-1,-1,-1
925,106,960.14,253.19,76.14,151.74,1.0000,-1,-1,-1
925,110,924.04,534.00,93.34,189.24,1.0000,-1,-1,-1
925,111,518.49,301.27,65.68,182.98,1.0000,-1,-1,-1
925,113,856.89,119.01,4.64,12.59,1.0000,-1,-1,-1
925,114,1056.14,462.34,88.42,170.54,1.0000,-1,-1,-1
925,115,461.61,179.35,59.96,162.03,1.0000,-1,-1,-1
925,117,578.38,298.48,79.93,159.48,1.0000,-1,-1,-1
925,118,949.14,537.33,86.60,182.91,1.0000,-1,-1,-1
926,56,969.35,88.97,53.50,151.37,1.0000,-1,-1,-1
926,81,633.20,407.80,105.28,173.71,1.0000,-1,-1,-1
926,85,596.34,166.05,55.58,149.99,1.0000,-1,-1,-1
926,97,1188.10,282.70,80.29,170.08,1.0000,-1,-1,-1
926,98,781.19,134.12,62.54,143.13,1.0000,-1,-1,-1
926,99,727.70,177.44,40.42,133.13,1.0000,-1,-1,-1
926,100,196.17,213.17,71.32,165.84,1.0000,-1,-1,-1
926,106,972.51,252.72,73.15,147.88,1.0000,-1,-1,-1
926,110,925.39,533.85,93.61,189.80,1.0000,-1,-1,-1
926,111,520.32,301.77,65.16,181.63,1.0000,-1,-1,-1
926,113,860.59,116.00,4.64,12.59,1.0000,-1,-1,-1
926,114,1059.96,461.65,90.54,171.41,1.0000,-1,-1,-1
926,115,463.42,182.11,60.35,157.91,1.0000,-1,-1,-1
926,117,591.16,300.54,75.21,157.17,1.0000,-1,-1,-1
926,118,953.41,537.45,96.88,185.06,1.0000,-1,-1,-1
927,56,969.67,89.24,52.98,151.14,1.0000,-1,-1,-1
927,81,623.85,408.87,109.49,174.18,1.0000,-1,-1,-1
927,85,602.68,165.01,53.50,149.09,1.0000,-1,-1,-1
927,97,1190.18,283.18,80.39,170.28,1.0000,-1,-1,-1
927,98,784.69,133.63,62.21,143.87,1.0000,-1,-1,-1
927,99,729.09,176.78,42.14,134.20,1.0000,-1,-1,-1
927,100,193.95,212.35,71.40,166.03,1.0000,-1,-1,-1
927,106,980.93,252.96,69.24,145.28,1.0000,-1,-1,-1
927,110,926.74,533.70,93.89,190.36,1.0000,-1,-1,-1
927,111,521.50,301.90,64.28,180.89,1.0000,-1,-1,-1
927,113,864.29,112.99,4.64,12.59,1.0000,-1,-1,-1
927,114,1063.73,460.23,91.22,171.97,1.0000,-1,-1,-1
927,115,465.26,183.20,60.36,155.00,1.0000,-1,-1,-1
927,117,598.95,301.84,72.25,157.98,1.0000,-1,-1,-1
927,118,955.00,538.49,104.56,185.58,1.0000,-1,-1,-1
928,56,968.81,89.37,52.95,151.07,1.0000,-1,-1,-1
928,81,622.71,408.63,108.29,174.05,1.0000,-1,-1,-1
928,85,606.56,164.87,52.70,149.25,1.0000,-1,-1,-1
928,97,1192.26,283.67,80.49,170.49,1.0000,-1,-1,-1
928,98,790.04,133.48,59.52,144.13,1.0000,-1,-1,-1
928,99,729.32,176.88,42.85,134.55,1.0000,-1,-1,-1
928,100,191.73,211.53,71.48,166.22,1.0000,-1,-1,-1
928,106,987.00,255.00,63.85,145.49,1.0000,-1,-1,-1
928,110,928.09,533.56,94.16,190.91,1.0000,-1,-1,-1
928,111,522.88,301.87,63.23,180.23,1.0000,-1,-1,-1
928,113,868.00,109.99,4.64,12.59,1.0000,-1,-1,-1
928,114,1067.79,458.91,91.66,171.77,1.0000,-1,-1,-1
928,115,465.56,183.86,60.57,155.53,1.0000,-1,-1,-1
928,117,611.15,301.59,67.01,157.53,1.0000,-1,-1,-1
928,118,957.78,537.94,116.85,186.39,1.0000,-1,-1,-1
929,56,967.94,89.50,52.93,150.99,1.0000,-1,-1,-1
929,81,621.68,408.09,105.00,174.69,1.0000,-1,-1,-1
929,85,602.48,167.45,56.32,152.35,1.0000,-1,-1,-1
929,97,1194.34,284.16,80.59,170.69,1.0000,-1,-1,-1
929,98,794.67,133.94,56.59,144.16,1.0000,-1,-1,-1
929,99,729.35,176.39,43.40,135.22,1.0000,-1,-1,-1
929,100,189.51,210.70,71.56,166.41,1.0000,-1,-1,-1
929,106,992.40,256.73,59.33,147.71,1.0000,-1,-1,-1
929,110,929.45,533.42,94.44,191.47,1.0000,-1,-1,-1
929,111,523.73,301.82,63.13,179.61,1.0000,-1,-1,-1
929,114,1072.27,457.74,91.48,172.91,1.0000,-1,-1,-1
929,115,465.87,184.52,60.77,156.06,1.0000,-1,-1,-1
929,117,615.81,300.85,67.06,157.66,1.0000,-1,-1,-1
929,118,957.45,539.03,121.98,185.80,1.0000,-1,-1,-1
930,56,967.08,89.63,52.90,150.91,1.0000,-1,-1,-1
930,81,618.72,406.82,99.83,175.15,1.0000,-1,-1,-1
930,85,601.56,168.58,60.75,154.61,1.0000,-1,-1,-1
930,97,1196.42,284.64,80.68,170.90,1.0000,-1,-1,-1
930,98,799.27,133.63,53.95,144.68,1.0000,-1,-1,-1
930,99,729.17,175.33,43.59,136.22,1.0000,-1,-1,-1
930,100,187.29,209.88,71.65,166.60,1.0000,-1,-1,-1
930,106,997.24,256.64,55.55,149.38,1.0000,-1,-1,-1
930,110,930.80,533.27,94.71,192.02,1.0000,-1,-1,-1
930,111,526.11,301.16,64.18,178.82,1.0000,-1,-1,-1
930,114,1078.17,456.30,90.34,173.17,1.0000,-1,-1,-1
930,115,466.18,185.19,60.98,156.58,1.0000,-1,-1,-1
930,117,620.48,300.12,67.12,157.79,1.0000,-1,-1,-1
930,118,959.55,538.74,127.68,185.88,1.0000,-1,-1,-1
931,56,972.21,90.84,51.45,149.94,1.0000,-1,-1,-1
931,81,615.95,407.14,91.38,175.54,1.0000,-1,-1,-1
931,85,602.30,168.31,67.77,156.68,1.0000,-1,-1,-1
931,97,1222.49,283.55,65.21,170.22,1.0000,-1,-1,-1
931,98,808.45,133.87,50.60,145.02,1.0000,-1,-1,-1
931,99,728.40,173.18,42.29,136.82,1.0000,-1,-1,-1
931,100,185.07,209.06,71.73,166.79,1.0000,-1,-1,-1
931,106,1003.57,256.21,52.67,150.99,1.0000,-1,-1,-1
931,110,932.15,533.13,94.98,192.58,1.0000,-1,-1,-1
931,111,528.53,301.41,67.44,178.73,1.0000,-1,-1,-1
931,114,1090.49,454.51,86.51,174.01,1.0000,-1,-1,-1
931,115,466.48,185.85,61.18,157.11,1.0000,-1,-1,-1
931,117,625.15,299.39,67.17,157.92,1.0000,-1,-1,-1
931,118,963.69,540.31,119.54,183.67,1.0000,-1,-1,-1
932,56,971.99,91.38,51.77,149.13,1.0000,-1,-1,-1
932,81,611.63,407.89,83.43,175.59,1.0000,-1,-1,-1
932,85,601.86,168.07,72.71,158.30,1.0000,-1,-1,-1
932,97,1227.70,283.75,58.66,170.59,1.0000,-1,-1,-1
932,98,814.41,134.05,48.97,145.50,1.0000,-1,-1,-1
932,99,728.32,171.38,41.81,137.77,1.0000,-1,-1,-1
932,100,182.85,208.24,71.81,166.97,1.0000,-1,-1,-1
932,106,1007.89,254.29,51.28,151.05,1.0000,-1,-1,-1
932,110,933.50,532.99,95.26,193.13,1.0000,-1,-1,-1
932,111,529.51,301.57,71.25,178.47,1.0000,-1,-1,-1
932,114,1103.16,453.39,81.00,173.83,1.0000,-1,-1,-1
932,115,466.79,186.52,61.39,157.63,1.0000,-1,-1,-1
932,117,631.40,303.48,73.91,164.20,1.0000,-1,-1,-1
932,118,966.98,539.34,121.27,186.33,1.0000,-1,-1,-1
933,56,972.62,92.24,51.25,148.77,1.0000,-1,-1,-1
933,81,614.04,408.12,76.05,176.34,1.0000,-1,-1,-1
933,85,601.72,168.11,77.10,159.18,1.0000,-1,-1,-1
933,97,1230.95,284.21,58.64,170.54,1.0000,-1,-1,-1
933,98,817.87,136.10,48.87,144.74,1.0000,-1,-1,-1
933,99,728.49,170.73,41.54,138.16,1.0000,-1,-1,-1
933,100,180.64,207.41,71.89,167.16,1.0000,-1,-1,-1
933,106,1011.69,253.24,51.57,151.81,1.0000,-1,-1,-1
933,110,934.86,532.85,95.53,193.67,1.0000,-1,-1,-1
933,111,530.32,301.92,74.26,178.09,1.0000,-1,-1,-1
933,114,1112.87,453.50,76.52,173.69,1.0000,-1,-1,-1
933,115,467.10,187.18,61.59,158.15,1.0000,-1,-1,-1
933,117,637.29,302.62,81.91,169.81,1.0000,-1,-1,-1
933,118,979.44,541.07,108.85,182.04,1.0000,-1,-1,-1
934,56,972.07,92.36,51.67,148.68,1.0000,-1,-1,-1
934,81,612.74,409.60,73.01,176.65,1.0000,-1,-1,-1
934,85,601.32,168.04,80.96,160.14,1.0000,-1,-1,-1
934,97,1232.89,289.75,52.94,168.39,1.0000,-1,-1,-1
934,98,820.68,136.83,49.41,144.19,1.0000,-1,-1,-1
934,99,728.94,170.71,41.14,137.82,1.0000,-1,-1,-1
934,100,178.42,206.59,71.97,167.35,1.0000,-1,-1,-1
934,106,1014.81,251.76,52.32,150.93,1.0000,-1,-1,-1
934,110,936.21,532.71,95.80,194.22,1.0000,-1,-1,-1
934,111,530.44,301.82,76.84,177.55,1.0000,-1,-1,-1
934,114,1118.72,453.56,73.70,173.93,1.0000,-1,-1,-1
934,115,467.41,187.85,61.79,158.67,1.0000,-1,-1,-1
934,117,638.48,302.24,87.77,171.58,1.0000,-1,-1,-1
934,118,997.81,541.21,115.20,181.86,1.0000,-1,-1,-1
935,56,972.84,92.98,51.20,148.54,1.0000,-1,-1,-1
935,81,603.83,410.35,76.38,177.67,1.0000,-1,-1,-1
935,85,603.89,168.64,82.77,159.87,1.0000,-1,-1,-1
935,97,1234.40,291.40,49.84,166.64,1.0000,-1,-1,-1
935,98,820.76,141.22,51.50,141.54,1.0000,-1,-1,-1
935,99,729.41,171.14,40.85,137.32,1.0000,-1,-1,-1
935,100,176.20,205.77,72.05,167.54,1.0000,-1,-1,-1
935,106,1016.71,251.79,53.43,149.90,1.0000,-1,-1,-1
935,110,937.56,532.57,96.07,194.77,1.0000,-1,-1,-1
935,111,529.97,301.62,78.19,177.34,1.0000,-1,-1,-1
935,114,1121.53,453.67,73.65,174.57,1.0000,-1,-1,-1
935,115,467.71,188.52,61.99,159.18,1.0000,-1,-1,-1
935,117,642.78,304.16,88.55,170.64,1.0000,-1,-1,-1
935,118,1004.89,542.04,103.49,179.41,1.0000,-1,-1,-1
936,56,972.33,92.39,51.13,148.71,1.0000,-1,-1,-1
936,81,594.52,409.00,82.22,178.57,1.0000,-1,-1,-1
936,85,610.70,167.77,81.28,160.15,1.0000,-1,-1,-1
936,97,1237.07,292.30,49.77,166.41,1.0000,-1,-1,-1
936,98,823.43,141.53,56.26,142.24,1.0000,-1,-1,-1
936,99,729.62,171.06,40.65,136.82,1.0000,-1,-1,-1
936,100,173.98,204.95,72.13,167.72,1.0000,-1,-1,-1
936,106,1017.63,252.73,55.20,150.07,1.0000,-1,-1,-1
936,110,938.92,532.43,96.33,195.31,1.0000,-1,-1,-1
936,111,528.24,301.41,76.27,177.73,1.0000,-1,-1,-1
936,114,1123.77,453.83,74.99,174.99,1.0000,-1,-1,-1
936,115,488.13,193.41,58.55,164.46,1.0000,-1,-1,-1
936,117,646.36,306.65,88.65,169.43,1.0000,-1,-1,-1
936,118,1014.82,543.80,93.25,177.29,1.0000,-1,-1,-1
937,56,974.65,94.12,50.16,148.26,1.0000,-1,-1,-1
937,81,585.53,408.65,88.50,178.03,1.0000,-1,-1,-1
937,85,613.62,168.01,81.31,160.21,1.0000,-1,-1,-1
937,97,1239.73,293.19,49.70,166.17,1.0000,-1,-1,-1
937,98,825.77,141.74,62.73,143.07,1.0000,-1,-1,-1
937,99,730.33,171.93,41.97,136.16,1.0000,-1,-1,-1
937,100,171.76,204.13,72.21,167.91,1.0000,-1,-1,-1
937,106,1019.69,253.33,57.54,151.12,1.0000,-1,-1,-1
937,110,940.27,532.29,96.60,195.86,1.0000,-1,-1,-1
937,111,529.61,302.13,74.83,177.34,1.0000,-1,-1,-1
937,114,1129.85,453.69,82.65,175.51,1.0000,-1,-1,-1
937,115,496.68,192.22,54.47,167.31,1.0000,-1,-1,-1
937,117,653.02,308.61,85.74,169.32,1.0000,-1,-1,-1
937,118,1022.13,544.97,88.27,175.91,1.0000,-1,-1,-1
938,56,974.57,94.45,50.12,148.13,1.0000,-1,-1,-1
938,81,581.17,410.58,92.57,178.02,1.0000,-1,-1,-1
938,85,616.55,168.26,81.34,160.27,1.0000,-1,-1,-1
938,97,1242.40,294.09,49.63,165.94,1.0000,-1,-1,-1
938,98,826.23,142.63,67.32,143.41,1.0000,-1,-1,-1
938,99,730.14,172.79,42.65,135.64,1.0000,-1,-1,-1
938,100,169.54,203.30,72.29,168.10,1.0000,-1,-1,-1
938,106,1019.73,253.28,60.01,153.23,1.0000,-1,-1,-1
938,110,941.63,532.15,96.87,196.40,1.0000,-1,-1,-1
938,111,531.02,302.75,73.81,176.76,1.0000,-1,-1,-1
938,114,1131.93,454.09,91.35,175.67,1.0000,-1,-1,-1
938,115,501.30,192.24,52.78,168.37,1.0000,-1,-1,-1
938,117,655.35,309.76,83.70,169.48,1.0000,-1,-1,-1
938,118,1025.83,545.16,86.71,175.42,1.0000,-1,-1,-1
939,56,974.49,94.78,50.07,148.00,1.0000,-1,-1,-1
939,81,578.64,411.99,94.50,177.43,1.0000,-1,-1,-1
939,85,640.74,170.79,69.35,157.51,1.0000,-1,-1,-1
939,97,1245.06,294.98,49.56,165.71,1.0000,-1,-1,-1
939,98,826.26,145.29,70.40,142.29,1.0000,-1,-1,-1
939,99,729.03,173.60,42.81,135.32,1.0000,-1,-1,-1
939,100,167.33,202.48,72.37,168.28,1.0000,-1,-1,-1
939,106,1023.00,253.38,59.93,153.03,1.0000,-1,-1,-1
939,110,942.98,532.02,97.13,196.94,1.0000,-1,-1,-1
939,111,532.44,302.70,74.27,176.63,1.0000,-1,-1,-1
939,114,1132.73,455.41,98.19,175.37,1.0000,-1,-1,-1
939,115,502.60,194.07,54.03,168.81,1.0000,-1,-1,-1
939,117,656.41,310.17,81.21,169.41,1.0000,-1,-1,-1
939,118,1028.39,546.58,88.02,174.51,1.0000,-1,-1,-1
940,56,974.41,95.12,50.03,147.87,1.0000,-1,-1,-1
940,81,576.46,412.96,93.51,176.54,1.0000,-1,-1,-1
940,85,653.43,169.18,60.71,153.79,1.0000,-1,-1,-1
940,97,1247.73,295.87,49.49,165.48,1.0000,-1,-1,-1
940,98,827.05,144.69,72.23,143.17,1.0000,-1,-1,-1
940,99,728.61,174.15,43.10,135.09,1.0000,-1,-1,-1
940,100,165.11,201.66,72.45,168.47,1.0000,-1,-1,-1
940,106,1026.28,253.49,59.86,152.84,1.0000,-1,-1,-1
940,110,944.34,531.88,97.40,197.47,1.0000,-1,-1,-1
940,111,537.59,302.26,75.67,176.78,1.0000,-1,-1,-1
940,114,1133.32,456.70,103.24,174.27,1.0000,-1,-1,-1
940,115,504.22,194.11,56.04,168.76,1.0000,-1,-1,-1
940,117,660.46,310.81,77.87,169.25,1.0000,-1,-1,-1
940,118,1031.52,547.88,92.29,173.69,1.0000,-1,-1,-1
941,56,974.33,95.45,49.98,147.74,1.0000,-1,-1,-1
941,81,573.42,413.13,92.72,175.94,1.0000,-1,-1,-1
941,85,661.55,172.73,55.06,154.23,1.0000,-1,-1,-1
941,97,1250.40,296.77,49.42,165.24,1.0000,-1,-1,-1
941,98,827.91,144.41,73.69,144.57,1.0000,-1,-1,-1
941,99,729.11,174.23,43.05,134.95,1.0000,-1,-1,-1
941,100,162.89,200.84,72.53,168.65,1.0000,-1,-1,-1
941,106,1034.91,250.32,56.81,152.82,1.0000,-1,-1,-1
941,110,945.69,531.75,97.66,198.01,1.0000,-1,-1,-1
941,111,540.00,301.41,77.43,176.80,1.0000,-1,-1,-1
941,114,1134.32,457.08,106.26,174.04,1.0000,-1,-1,-1
941,115,505.33,194.85,57.86,168.85,1.0000,-1,-1,-1
941,117,667.47,311.28,73.47,169.29,1.0000,-1,-1,-1
941,118,1035.69,549.35,100.25,172.78,1.0000,-1,-1,-1
942,56,974.25,95.78,49.94,147.62,1.0000,-1,-1,-1
942,81,555.77,416.20,95.63,173.00,1.0000,-1,-1,-1
942,85,666.24,173.24,54.95,153.92,1.0000,-1,-1,-1
942,97,1253.06,297.66,49.35,165.01,1.0000,-1,-1,-1
942,98,831.02,145.99,73.21,144.92,1.0000,-1,-1,-1
942,99,729.61,174.31,43.01,134.81,1.0000,-1,-1,-1
942,100,160.67,200.02,72.61,168.84,1.0000,-1,-1,-1
942,106,1040.36,249.39,53.57,152.98,1.0000,-1,-1,-1
942,110,947.05,531.61,97.93,198.55,1.0000,-1,-1,-1
942,111,541.62,301.05,77.48,176.90,1.0000,-1,-1,-1
942,114,1139.28,458.24,105.35,173.96,1.0000,-1,-1,-1
942,115,507.54,197.29,61.88,168.83,1.0000,-1,-1,-1
942,117,671.60,311.62,73.72,169.88,1.0000,-1,-1,-1
942,118,1039.24,551.38,106.18,171.23,1.0000,-1,-1,-1
943,56,969.55,96.43,53.44,149.06,1.0000,-1,-1,-1
943,81,547.44,418.65,93.13,171.03,1.0000,-1,-1,-1
943,85,670.11,181.83,52.19,150.03,1.0000,-1,-1,-1
943,97,1255.73,298.56,49.28,164.78,1.0000,-1,-1,-1
943,98,835.45,146.30,71.27,145.18,1.0000,-1,-1,-1
943,99,730.10,174.39,42.96,134.66,1.0000,-1,-1,-1
943,100,158.45,199.20,72.69,169.03,1.0000,-1,-1,-1
943,106,1044.85,249.15,51.55,153.50,1.0000,-1,-1,-1
943,110,948.41,531.48,98.19,199.08,1.0000,-1,-1,-1
943,111,543.24,300.70,77.53,177.01,1.0000,-1,-1,-1
943,114,1141.36,458.02,105.33,174.66,1.0000,-1,-1,-1
943,115,508.47,198.46,65.13,168.83,1.0000,-1,-1,-1
943,117,675.72,311.97,73.98,170.46,1.0000,-1,-1,-1
943,118,1044.01,553.05,110.87,169.72,1.0000,-1,-1,-1
944,56,970.38,96.10,54.69,149.89,1.0000,-1,-1,-1
944,81,546.06,419.65,85.65,169.89,1.0000,-1,-1,-1
944,85,672.37,184.31,50.77,146.28,1.0000,-1,-1,-1
944,97,1258.39,299.45,49.21,164.54,1.0000,-1,-1,-1
944,98,840.29,146.36,68.31,145.54,1.0000,-1,-1,-1
944,99,730.60,174.47,42.92,134.52,1.0000,-1,-1,-1
944,100,156.23,198.38,72.77,169.21,1.0000,-1,-1,-1
944,106,1049.52,247.15,49.90,152.97,1.0000,-1,-1,-1
944,110,949.76,531.35,98.45,199.61,1.0000,-1,-1,-1
944,111,544.85,300.34,77.58,177.12,1.0000,-1,-1,-1
944,114,1149.63,458.15,102.75,174.70,1.0000,-1,-1,-1
944,115,508.49,199.34,67.18,168.76,1.0000,-1,-1,-1
944,117,679.84,312.31,74.23,171.04,1.0000,-1,-1,-1
944,118,1051.67,553.67,117.34,168.92,1.0000,-1,-1,-1
945,56,972.73,95.15,55.59,150.86,1.0000,-1,-1,-1
945,81,547.22,416.01,78.01,170.84,1.0000,-1,-1,-1
945,85,675.26,183.64,55.54,148.17,1.0000,-1,-1,-1
945,97,1261.06,300.35,49.14,164.31,1.0000,-1,-1,-1
945,98,845.28,148.04,64.92,145.30,1.0000,-1,-1,-1
945,99,731.10,174.55,42.87,134.37,1.0000,-1,-1,-1
945,106,1053.13,246.45,48.88,153.99,1.0000,-1,-1,-1
945,110,951.12,531.22,98.72,200.14,1.0000,-1,-1,-1
945,111,546.47,299.99,77.62,177.23,1.0000,-1,-1,-1
945,114,1156.67,458.71,99.15,174.96,1.0000,-1,-1,-1
945,115,508.66,200.60,69.30,168.09,1.0000,-1,-1,-1
945,117,701.74,314.68,68.06,171.78,1.0000,-1,-1,-1
945,118,1060.20,554.05,123.97,168.37,1.0000,-1,-1,-1
946,56,973.70,96.31,55.84,150.28,1.0000,-1,-1,-1
946,81,541.95,416.45,78.00,170.82,1.0000,-1,-1,-1
946,85,678.33,182.04,62.25,150.52,1.0000,-1,-1,-1
946,97,1263.73,301.25,49.07,164.07,1.0000,-1,-1,-1
946,98,851.30,148.79,60.65,145.19,1.0000,-1,-1,-1
946,99,731.60,174.63,42.82,134.23,1.0000,-1,-1,-1
946,106,1055.42,248.58,48.67,155.86,1.0000,-1,-1,-1
946,110,952.48,531.08,98.98,200.67,1.0000,-1,-1,-1
946,111,548.09,299.63,77.67,177.34,1.0000,-1,-1,-1
946,114,1174.31,458.39,89.33,175.27,1.0000,-1,-1,-1
946,115,510.14,201.43,71.76,167.51,1.0000,-1,-1,-1
946,117,707.61,317.23,69.69,172.51,1.0000,-1,-1,-1
946,118,1070.02,554.12,131.86,168.15,1.0000,-1,-1,-1
947,56,980.63,92.06,64.48,153.46,1.0000,-1,-1,-1
947,81,541.37,411.02,74.83,173.36,1.0000,-1,-1,-1
947,85,680.48,182.14,67.33,151.57,1.0000,-1,-1,-1
947,97,1266.39,302.14,49.00,163.84,1.0000,-1,-1,-1
947,98,854.45,149.73,60.59,145.04,1.0000,-1,-1,-1
947,99,732.09,174.71,42.78,134.09,1.0000,-1,-1,-1
947,106,1058.94,248.34,50.40,157.47,1.0000,-1,-1,-1
947,110,953.84,530.95,99.24,201.20,1.0000,-1,-1,-1
947,111,549.70,299.28,77.72,177.45,1.0000,-1,-1,-1
947,114,1188.76,458.21,82.11,175.74,1.0000,-1,-1,-1
947,115,513.11,201.80,74.33,167.45,1.0000,-1,-1,-1
947,117,713.36,320.62,78.08,172.42,1.0000,-1,-1,-1
947,118,1079.52,554.64,118.32,167.10,1.0000,-1,-1,-1
948,56,981.71,93.44,69.91,153.06,1.0000,-1,-1,-1
948,81,535.05,410.01,76.47,175.13,1.0000,-1,-1,-1
948,85,681.04,183.37,70.02,152.10,1.0000,-1,-1,-1
948,97,1269.06,303.04,48.93,163.60,1.0000,-1,-1,-1
948,98,868.21,149.01,54.68,146.06,1.0000,-1,-1,-1
948,99,732.59,174.79,42.73,133.94,1.0000,-1,-1,-1
948,106,1061.64,247.83,53.56,158.25,1.0000,-1,-1,-1
948,110,955.19,530.82,99.50,201.73,1.0000,-1,-1,-1
948,111,551.32,298.92,77.77,177.56,1.0000,-1,-1,-1
948,114,1199.14,458.23,77.27,175.77,1.0000,-1,-1,-1
948,115,518.19,202.24,75.42,168.57,1.0000,-1,-1,-1
948,117,715.34,321.56,84.49,173.04,1.0000,-1,-1,-1
948,118,1090.37,555.12,107.82,166.17,1.0000,-1,-1,-1
949,56,980.24,95.72,72.37,151.75,1.0000,-1,-1,-1
949,81,527.74,408.98,79.69,176.62,1.0000,-1,-1,-1
949,85,682.53,184.97,71.73,152.10,1.0000,-1,-1,-1
949,97,1271.72,303.93,48.86,163.37,1.0000,-1,-1,-1
949,98,873.68,151.30,51.26,146.51,1.0000,-1,-1,-1
949,99,733.09,174.87,42.69,133.80,1.0000,-1,-1,-1
949,106,1064.96,247.79,58.92,158.65,1.0000,-1,-1,-1
949,110,956.55,530.69,99.76,202.25,1.0000,-1,-1,-1
949,111,582.32,304.16,61.68,172.58,1.0000,-1,-1,-1
949,114,1205.22,458.45,77.18,175.57,1.0000,-1,-1,-1
949,115,523.82,202.73,75.27,170.16,1.0000,-1,-1,-1
949,117,716.13,323.37,88.92,173.42,1.0000,-1,-1,-1
949,118,1097.97,555.35,101.39,165.54,1.0000,-1,-1,-1
950,56,979.17,96.02,73.31,151.70,1.0000,-1,-1,-1
950,81,520.75,409.67,83.47,176.20,1.0000,-1,-1,-1
950,85,685.83,185.00,74.36,153.91,1.0000,-1,-1,-1
950,97,1274.39,304.83,48.79,163.13,1.0000,-1,-1,-1
950,98,878.10,152.65,50.74,147.28,1.0000,-1,-1,-1
950,99,733.59,174.95,42.64,133.65,1.0000,-1,-1,-1
950,106,1066.50,247.84,64.09,159.12,1.0000,-1,-1,-1
950,110,957.91,530.57,100.02,202.78,1.0000,-1,-1,-1
950,111,588.61,304.77,59.18,170.72,1.0000,-1,-1,-1
950,114,1211.30,458.67,77.09,175.36,1.0000,-1,-1,-1
950,115,531.04,202.28,73.18,170.74,1.0000,-1,-1,-1
950,117,717.95,324.25,91.06,173.82,1.0000,-1,-1,-1
950,118,1103.45,556.16,98.29,164.43,1.0000,-1,-1,-1
951,56,977.57,95.62,71.89,151.98,1.0000,-1,-1,-1
951,81,514.93,408.96,85.89,175.84,1.0000,-1,-1,-1
951,85,689.62,184.02,74.71,154.67,1.0000,-1,-1,-1
951,97,1277.06,305.73,48.72,162.89,1.0000,-1,-1,-1
951,98,881.15,154.36,52.65,147.10,1.0000,-1,-1,-1
951,99,734.08,175.03,42.59,133.51,1.0000,-1,-1,-1
951,106,1067.23,247.75,68.42,159.49,1.0000,-1,-1,-1
951,110,959.27,530.44,100.27,203.30,1.0000,-1,-1,-1
951,111,591.83,305.65,61.94,169.66,1.0000,-1,-1,-1
951,114,1217.38,458.89,77.00,175.16,1.0000,-1,-1,-1
951,115,539.70,203.51,68.77,171.53,1.0000,-1,-1,-1
951,117,719.76,325.20,91.06,173.71,1.0000,-1,-1,-1
951,118,1108.33,557.45,96.77,163.35,1.0000,-1,-1,-1
952,56,979.48,95.49,73.64,152.69,1.0000,-1,-1,-1
952,81,505.19,408.16,89.66,176.14,1.0000,-1,-1,-1
952,85,693.75,184.75,74.70,154.65,1.0000,-1,-1,-1
952,97,1279.72,306.62,48.65,162.66,1.0000,-1,-1,-1
952,98,884.29,154.48,57.04,147.07,1.0000,-1,-1,-1
952,99,734.58,175.11,42.55,133.36,1.0000,-1,-1,-1
952,106,1066.72,247.60,70.87,159.79,1.0000,-1,-1,-1
952,110,960.63,530.31,100.53,203.82,1.0000,-1,-1,-1
952,111,595.68,307.28,69.18,168.85,1.0000,-1,-1,-1
952,114,1223.45,459.11,76.91,174.95,1.0000,-1,-1,-1
952,115,556.49,203.53,61.89,171.60,1.0000,-1,-1,-1
952,117,726.53,324.29,85.68,173.21,1.0000,-1,-1,-1
952,118,1121.30,558.63,105.20,162.71,1.0000,-1,-1,-1
953,56,983.15,97.25,79.14,152.23,1.0000,-1,-1,-1
953,81,502.92,407.69,90.65,176.27,1.0000,-1,-1,-1
953,85,697.88,185.47,74.69,154.64,1.0000,-1,-1,-1
953,97,1282.39,307.52,48.58,162.42,1.0000,-1,-1,-1
953,98,886.03,156.45,61.79,146.54,1.0000,-1,-1,-1
953,99,735.08,175.19,42.50,133.22,1.0000,-1,-1,-1
953,106,1066.69,247.80,72.49,159.65,1.0000,-1,-1,-1
953,110,961.99,530.19,100.79,204.34,1.0000,-1,-1,-1
953,111,597.26,308.14,76.68,168.27,1.0000,-1,-1,-1
953,114,1229.53,459.33,76.82,174.75,1.0000,-1,-1,-1
953,115,567.89,205.39,57.57,171.44,1.0000,-1,-1,-1
953,117,735.58,324.17,79.27,171.90,1.0000,-1,-1,-1
953,118,1127.60,561.00,110.93,161.03,1.0000,-1,-1,-1
954,56,982.63,100.07,80.96,150.80,1.0000,-1,-1,-1
954,81,504.27,406.85,87.50,176.22,1.0000,-1,-1,-1
954,85,702.01,186.20,74.69,154.63,1.0000,-1,-1,-1
954,97,1285.06,308.42,48.50,162.18,1.0000,-1,-1,-1
954,98,886.29,157.36,64.99,145.68,1.0000,-1,-1,-1
954,99,735.58,175.27,42.45,133.07,1.0000,-1,-1,-1
954,106,1067.09,247.76,73.90,160.03,1.0000,-1,-1,-1
954,110,963.35,530.06,101.04,204.86,1.0000,-1,-1,-1
954,111,598.09,308.53,83.50,167.71,1.0000,-1,-1,-1
954,114,1235.61,459.55,76.73,174.54,1.0000,-1,-1,-1
954,115,573.75,207.01,56.04,170.72,1.0000,-1,-1,-1
954,117,747.29,324.68,72.76,171.30,1.0000,-1,-1,-1
954,118,1132.50,563.02,113.44,159.31,1.0000,-1,-1,-1
955,56,983.60,101.36,83.70,150.01,1.0000,-1,-1,-1
955,81,504.80,406.41,83.34,175.67,1.0000,-1,-1,-1
955,85,717.91,184.24,63.61,153.46,1.0000,-1,-1,-1
955,97,1287.72,309.31,48.43,161.94,1.0000,-1,-1,-1
955,98,887.67,158.85,67.93,145.92,1.0000,-1,-1,-1
955,99,736.07,175.35,42.41,132.93,1.0000,-1,-1,-1
955,106,1069.26,247.40,73.97,159.93,1.0000,-1,-1,-1
955,110,964.71,529.93,101.30,205.38,1.0000,-1,-1,-1
955,111,598.25,308.49,88.42,167.62,1.0000,-1,-1,-1
955,114,1241.69,459.78,76.64,174.34,1.0000,-1,-1,-1
955,115,576.61,208.57,57.11,171.66,1.0000,-1,-1,-1
955,117,758.47,326.25,67.17,170.73,1.0000,-1,-1,-1
955,118,1135.91,564.26,112.61,157.78,1.0000,-1,-1,-1
956,56,983.08,102.58,83.97,149.31,1.0000,-1,-1,-1
956,81,503.73,405.36,80.74,176.19,1.0000,-1,-1,-1
956,85,723.54,183.26,60.34,152.77,1.0000,-1,-1,-1
956,97,1290.39,310.21,48.36,161.71,1.0000,-1,-1,-1
956,98,889.21,159.40,68.75,147.29,1.0000,-1,-1,-1
956,99,736.57,175.43,42.36,132.78,1.0000,-1,-1,-1
956,106,1071.48,246.60,73.98,159.70,1.0000,-1,-1,-1
956,110,966.07,529.81,101.55,205.90,1.0000,-1,-1,-1
956,111,598.55,307.25,91.75,168.02,1.0000,-1,-1,-1
956,114,1247.77,460.00,76.55,174.13,1.0000,-1,-1,-1
956,115,579.78,208.95,61.19,171.15,1.0000,-1,-1,-1
956,117,767.87,327.41,62.59,170.57,1.0000,-1,-1,-1
956,118,1141.83,565.42,109.64,156.52,1.0000,-1,-1,-1
957,56,987.32,103.92,82.68,147.94,1.0000,-1,-1,-1
957,81,498.01,402.84,74.51,176.37,1.0000,-1,-1,-1
957,85,730.44,183.22,60.75,152.91,1.0000,-1,-1,-1
957,97,1293.06,311.11,48.29,161.47,1.0000,-1,-1,-1
957,98,891.99,160.33,68.14,146.93,1.0000,-1,-1,-1
957,99,737.07,175.51,42.32,132.64,1.0000,-1,-1,-1
957,106,1077.98,244.73,73.52,159.14,1.0000,-1,-1,-1
957,110,967.43,529.69,101.81,206.41,1.0000,-1,-1,-1
957,111,602.86,305.53,92.66,169.11,1.0000,-1,-1,-1
957,114,1253.85,460.22,76.46,173.92,1.0000,-1,-1,-1
957,115,582.08,210.96,64.85,169.87,1.0000,-1,-1,-1
957,117,779.11,328.59,61.90,171.41,1.0000,-1,-1,-1
957,118,1158.66,567.11,110.74,154.99,1.0000,-1,-1,-1
958,56,991.94,105.09,83.16,146.74,1.0000,-1,-1,-1
958,81,496.14,401.26,69.94,176.90,1.0000,-1,-1,-1
958,85,735.38,183.02,63.27,152.73,1.0000,-1,-1,-1
958,97,1295.72,312.01,48.22,161.23,1.0000,-1,-1,-1
958,98,899.90,161.58,66.45,146.85,1.0000,-1,-1,-1
958,99,737.57,175.59,42.27,132.49,1.0000,-1,-1,-1
958,106,1084.59,243.39,71.34,159.15,1.0000,-1,-1,-1
958,110,968.80,529.56,102.06,206.92,1.0000,-1,-1,-1
958,111,606.74,304.59,92.28,169.48,1.0000,-1,-1,-1
958,114,1259.92,460.44,76.37,173.72,1.0000,-1,-1,-1
958,115,585.68,212.64,69.85,167.85,1.0000,-1,-1,-1
958,117,785.72,329.58,65.89,172.08,1.0000,-1,-1,-1
958,118,1167.45,567.48,105.91,154.08,1.0000,-1,-1,-1
959,56,996.25,106.05,82.99,145.99,1.0000,-1,-1,-1
959,81,491.88,400.33,68.23,176.95,1.0000,-1,-1,-1
959,85,739.53,183.40,66.59,153.41,1.0000,-1,-1,-1
959,97,1298.39,312.90,48.15,160.99,1.0000,-1,-1,-1
959,98,907.08,162.23,64.46,147.05,1.0000,-1,-1,-1
959,99,738.06,175.67,42.22,132.35,1.0000,-1,-1,-1
959,106,1091.53,241.52,69.60,159.52,1.0000,-1,-1,-1
959,110,970.16,529.44,102.31,207.44,1.0000,-1,-1,-1
959,111,609.99,304.39,91.69,169.40,1.0000,-1,-1,-1
959,114,1266.00,460.66,76.28,173.51,1.0000,-1,-1,-1
959,115,587.88,213.67,73.55,166.40,1.0000,-1,-1,-1
959,117,791.09,328.99,72.09,173.83,1.0000,-1,-1,-1
959,118,1180.07,568.47,99.99,152.95,1.0000,-1,-1,-1
960,56,998.80,107.22,81.63,145.24,1.0000,-1,-1,-1
960,81,489.68,399.03,67.10,176.92,1.0000,-1,-1,-1
960,85,743.88,185.61,70.33,153.62,1.0000,-1,-1,-1
960,97,1301.06,313.80,48.08,160.75,1.0000,-1,-1,-1
960,98,911.09,163.29,64.43,146.98,1.0000,-1,-1,-1
960,99,738.56,175.75,42.18,132.20,1.0000,-1,-1,-1
960,106,1099.69,240.57,66.26,159.82,1.0000,-1,-1,-1
960,110,971.52,529.32,102.57,207.95,1.0000,-1,-1,-1
960,111,613.25,304.54,91.62,169.17,1.0000,-1,-1,-1
960,114,1272.08,460.89,76.18,173.30,1.0000,-1,-1,-1
960,115,591.15,214.20,79.27,164.61,1.0000,-1,-1,-1
960,117,795.89,330.60,80.31,174.32,1.0000,-1,-1,-1
960,118,1193.68,569.12,92.58,151.92,1.0000,-1,-1,-1
961,56,1002.16,104.69,80.98,146.70,1.0000,-1,-1,-1
961,81,487.86,398.56,66.61,176.84,1.0000,-1,-1,-1
961,85,747.58,188.14,74.43,153.51,1.0000,-1,-1,-1
961,97,1303.72,314.70,48.00,160.51,1.0000,-1,-1,-1
961,98,915.10,164.34,64.40,146.91,1.0000,-1,-1,-1
961,99,739.06,175.83,42.13,132.05,1.0000,-1,-1,-1
961,106,1108.85,239.45,62.63,160.12,1.0000,-1,-1,-1
961,110,972.88,529.20,102.82,208.46,1.0000,-1,-1,-1
961,111,615.32,303.30,90.76,169.84,1.0000,-1,-1,-1
961,114,1278.16,461.11,76.09,173.10,1.0000,-1,-1,-1
961,115,593.98,215.35,83.01,163.58,1.0000,-1,-1,-1
961,117,799.54,331.65,87.71,174.63,1.0000,-1,-1,-1
961,118,1206.76,570.01,83.31,150.71,1.0000,-1,-1,-1
962,56,1011.22,105.26,77.07,146.52,1.0000,-1,-1,-1
962,81,480.51,397.92,70.19,176.53,1.0000,-1,-1,-1
962,85,754.48,188.56,75.67,153.38,1.0000,-1,-1,-1
962,97,1306.39,315.60,47.93,160.27,1.0000,-1,-1,-1
962,98,935.20,162.45,57.05,148.07,1.0000,-1,-1,-1
962,99,739.56,175.92,42.08,131.91,1.0000,-1,-1,-1
962,106,1119.02,238.93,59.56,160.53,1.0000,-1,-1,-1
962,110,974.24,529.08,103.07,208.97,1.0000,-1,-1,-1
962,111,635.22,302.42,80.56,169.93,1.0000,-1,-1,-1
962,114,1284.24,461.33,76.00,172.89,1.0000,-1,-1,-1
962,115,598.71,215.88,83.30,164.16,1.0000,-1,-1,-1
962,117,804.00,333.51,92.50,174.71,1.0000,-1,-1,-1
962,118,1222.20,572.23,71.51,148.77,1.0000,-1,-1,-1
963,56,1013.74,105.59,77.14,146.66,1.0000,-1,-1,-1
963,81,473.37,398.21,75.18,175.22,1.0000,-1,-1,-1
963,85,760.76,191.59,75.57,151.93,1.0000,-1,-1,-1
963,97,1309.06,316.50,47.86,160.03,1.0000,-1,-1,-1
963,98,944.00,162.09,54.90,149.48,1.0000,-1,-1,-1
963,99,740.05,176.00,42.04,131.76,1.0000,-1,-1,-1
963,106,1124.44,239.46,57.19,159.89,1.0000,-1,-1,-1
963,110,975.61,528.96,103.32,209.47,1.0000,-1,-1,-1
963,111,648.83,303.21,72.46,170.37,1.0000,-1,-1,-1
963,114,1290.32,461.55,75.91,172.68,1.0000,-1,-1,-1
963,115,603.45,216.41,83.60,164.74,1.0000,-1,-1,-1
963,117,806.42,334.41,95.57,174.98,1.0000,-1,-1,-1
963,118,1230.44,573.14,71.14,148.01,1.0000,-1,-1,-1
964,56,1016.25,105.91,77.21,146.79,1.0000,-1,-1,-1
964,81,470.28,398.35,79.72,174.76,1.0000,-1,-1,-1
964,85,763.93,191.16,75.83,152.37,1.0000,-1,-1,-1
964,97,1311.73,317.40,47.79,159.79,1.0000,-1,-1,-1
964,98,949.43,164.93,53.97,148.31,1.0000,-1,-1,-1
964,99,739.41,192.55,39.84,137.14,1.0000,-1,-1,-1
964,106,1130.03,238.24,55.85,159.70,1.0000,-1,-1,-1
964,110,976.97,528.84,103.57,209.98,1.0000,-1,-1,-1
964,111,661.49,304.89,66.20,170.78,1.0000,-1,-1,-1
964,114,1296.40,461.78,75.82,172.47,1.0000,-1,-1,-1
964,115,608.18,216.95,83.89,165.31,1.0000,-1,-1,-1
964,117,812.04,334.75,95.67,175.06,1.0000,-1,-1,-1
964,118,1238.68,574.05,70.78,147.25,1.0000,-1,-1,-1
965,56,1018.77,106.23,77.28,146.93,1.0000,-1,-1,-1
965,81,468.13,398.30,83.45,173.98,1.0000,-1,-1,-1
965,85,768.66,191.13,74.11,152.21,1.0000,-1,-1,-1
965,97,1314.39,318.29,47.72,159.55,1.0000,-1,-1,-1
965,98,953.44,169.21,55.92,147.39,1.0000,-1,-1,-1
965,99,740.76,191.96,39.51,137.58,1.0000,-1,-1,-1
965,106,1135.25,237.19,54.59,158.31,1.0000,-1,-1,-1
965,110,978.34,528.72,103.82,210.49,1.0000,-1,-1,-1
965,111,670.34,304.70,62.40,171.31,1.0000,-1,-1,-1
965,114,1302.47,462.00,75.73,172.26,1.0000,-1,-1,-1
965,115,634.99,219.96,68.79,165.88,1.0000,-1,-1,-1
965,117,818.62,334.40,93.69,175.46,1.0000,-1,-1,-1
965,118,1246.92,574.97,70.41,146.48,1.0000,-1,-1,-1
966,56,1035.29,107.14,72.27,146.21,1.0000,-1,-1,-1
966,81,468.15,398.34,85.55,173.24,1.0000,-1,-1,-1
966,85,773.80,191.75,74.10,152.18,1.0000,-1,-1,-1
966,97,1317.06,319.19,47.64,159.30,1.0000,-1,-1,-1
966,98,958.66,171.82,60.87,145.75,1.0000,-1,-1,-1
966,99,741.23,192.74,39.47,137.42,1.0000,-1,-1,-1
966,106,1139.85,237.19,54.64,157.30,1.0000,-1,-1,-1
966,110,979.70,528.60,104.07,210.99,1.0000,-1,-1,-1
966,111,676.49,304.88,61.62,171.98,1.0000,-1,-1,-1
966,114,1308.55,462.22,75.64,172.06,1.0000,-1,-1,-1
966,115,640.93,220.77,68.96,166.30,1.0000,-1,-1,-1
966,117,826.44,334.66,90.13,175.14,1.0000,-1,-1,-1
966,118,1255.16,575.88,70.04,145.71,1.0000,-1,-1,-1
967,56,1041.29,107.65,69.09,145.69,1.0000,-1,-1,-1
967,81,469.75,398.02,84.92,173.54,1.0000,-1,-1,-1
967,85,778.94,192.38,74.09,152.16,1.0000,-1,-1,-1
967,97,1319.73,320.09,47.57,159.06,1.0000,-1,-1,-1
967,98,965.28,173.30,66.52,145.09,1.0000,-1,-1,-1
967,99,747.24,189.68,41.15,137.95,1.0000,-1,-1,-1
967,106,1145.03,237.41,55.55,156.62,1.0000,-1,-1,-1
967,110,981.06,528.48,104.31,211.49,1.0000,-1,-1,-1
967,111,686.10,304.79,68.52,172.05,1.0000,-1,-1,-1
967,114,1314.63,462.44,75.54,171.85,1.0000,-1,-1,-1
967,115,660.35,220.71,59.69,167.00,1.0000,-1,-1,-1
967,117,845.79,336.40,80.16,174.92,1.0000,-1,-1,-1
967,118,1263.41,576.80,69.66,144.94,1.0000,-1,-1,-1
968,56,1044.44,108.86,67.35,145.45,1.0000,-1,-1,-1
968,81,470.88,396.78,83.71,173.33,1.0000,-1,-1,-1
968,85,802.43,192.98,62.01,150.87,1.0000,-1,-1,-1
968,97,1322.39,320.99,47.50,158.82,1.0000,-1,-1,-1
968,98,968.70,173.99,71.91,145.38,1.0000,-1,-1,-1
968,99,748.80,188.77,40.54,137.09,1.0000,-1,-1,-1
968,106,1149.27,237.45,55.14,156.56,1.0000,-1,-1,-1
968,110,982.43,528.36,104.56,211.99,1.0000,-1,-1,-1
968,111,692.08,305.96,75.76,171.25,1.0000,-1,-1,-1
968,114,1320.71,462.67,75.45,171.64,1.0000,-1,-1,-1
968,115,667.06,221.53,59.79,167.28,1.0000,-1,-1,-1
968,117,860.51,338.65,72.67,174.45,1.0000,-1,-1,-1
968,118,1271.65,577.72,69.29,144.16,1.0000,-1,-1,-1
969,56,1049.94,108.10,66.25,144.83,1.0000,-1,-1,-1
969,81,471.24,395.08,82.31,173.03,1.0000,-1,-1,-1
969,85,814.72,193.49,54.15,150.61,1.0000,-1,-1,-1
969,97,1325.06,321.89,47.43,158.58,1.0000,-1,-1,-1
969,98,971.56,173.60,74.68,145.70,1.0000,-1,-1,-1
969,99,750.67,188.32,40.97,135.84,1.0000,-1,-1,-1
969,106,1152.06,239.21,56.40,158.57,1.0000,-1,-1,-1
969,110,983.79,528.25,104.81,212.49,1.0000,-1,-1,-1
969,111,696.59,306.75,84.40,169.83,1.0000,-1,-1,-1
969,114,1326.79,462.89,75.36,171.43,1.0000,-1,-1,-1
969,115,676.04,221.94,60.23,169.48,1.0000,-1,-1,-1
969,117,875.45,339.15,65.08,174.00,1.0000,-1,-1,-1
969,118,1279.90,578.65,68.91,143.37,1.0000,-1,-1,-1
970,56,1054.34,108.19,64.62,143.39,1.0000,-1,-1,-1
970,81,471.57,394.03,79.32,172.06,1.0000,-1,-1,-1
970,85,821.54,193.09,51.25,151.62,1.0000,-1,-1,-1
970,97,1327.73,322.79,47.35,158.33,1.0000,-1,-1,-1
970,98,974.61,174.77,77.37,145.64,1.0000,-1,-1,-1
970,99,754.38,188.05,42.54,135.98,1.0000,-1,-1,-1
970,106,1157.44,235.38,56.28,157.49,1.0000,-1,-1,-1
970,110,985.16,528.13,105.05,212.99,1.0000,-1,-1,-1
970,111,699.00,309.36,91.30,168.42,1.0000,-1,-1,-1
970,114,1332.87,463.11,75.27,171.22,1.0000,-1,-1,-1
970,115,679.32,222.09,60.90,170.17,1.0000,-1,-1,-1
970,117,885.18,339.97,63.00,174.86,1.0000,-1,-1,-1
970,118,1288.15,579.57,68.54,142.59,1.0000,-1,-1,-1
971,56,1056.29,107.82,65.14,143.91,1.0000,-1,-1,-1
971,81,468.12,392.82,77.96,171.03,1.0000,-1,-1,-1
971,85,827.23,194.10,51.00,150.99,1.0000,-1,-1,-1
971,97,1330.40,323.69,47.28,158.09,1.0000,-1,-1,-1
971,98,977.49,174.68,77.91,145.85,1.0000,-1,-1,-1
971,99,756.45,187.63,43.55,135.97,1.0000,-1,-1,-1
971,106,1162.81,233.44,55.45,156.89,1.0000,-1,-1,-1
971,110,986.52,528.02,105.30,213.49,1.0000,-1,-1,-1
971,111,705.58,309.55,91.40,168.60,1.0000,-1,-1,-1
971,114,1338.95,463.34,75.18,171.01,1.0000,-1,-1,-1
971,115,685.94,222.89,61.01,170.48,1.0000,-1,-1,-1
971,117,890.66,340.41,63.88,175.66,1.0000,-1,-1,-1
971,118,1296.39,580.50,68.15,141.79,1.0000,-1,-1,-1
972,56,1059.74,108.01,65.15,143.92,1.0000,-1,-1,-1
972,81,465.71,391.97,77.95,171.00,1.0000,-1,-1,-1
972,85,834.04,196.62,54.25,152.17,1.0000,-1,-1,-1
972,97,1333.06,324.59,47.21,157.85,1.0000,-1,-1,-1
972,98,984.32,173.30,78.44,148.56,1.0000,-1,-1,-1
972,99,758.07,187.68,43.52,135.89,1.0000,-1,-1,-1
972,106,1170.56,234.02,55.49,156.66,1.0000,-1,-1,-1
972,110,987.89,527.90,105.54,213.99,1.0000,-1,-1,-1
972,111,707.65,308.05,97.23,170.87,1.0000,-1,-1,-1
972,114,1345.03,463.56,75.08,170.80,1.0000,-1,-1,-1
972,115,688.46,226.38,65.80,170.64,1.0000,-1,-1,-1
972,117,901.29,343.11,70.50,174.66,1.0000,-1,-1,-1
972,118,1304.64,581.43,67.77,141.00,1.0000,-1,-1,-1
