3,1,433.14,267.64,127.69,172.18,1.0000,-1,-1,-1
3,2,1173.54,563.26,57.69,156.49,1.0000,-1,-1,-1
3,5,75.33,97.29,59.72,168.21,1.0000,-1,-1,-1
3,6,701.30,407.53,80.21,215.44,1.0000,-1,-1,-1
4,1,432.28,268.72,129.78,171.85,1.0000,-1,-1,-1
4,2,1172.77,562.44,58.45,157.68,1.0000,-1,-1,-1
4,5,77.45,98.27,60.32,171.05,1.0000,-1,-1,-1
4,6,707.51,401.36,86.93,223.00,1.0000,-1,-1,-1
4,8,980.51,389.18,75.21,217.43,1.0000,-1,-1,-1
5,1,432.81,270.34,130.49,170.62,1.0000,-1,-1,-1
5,2,1172.95,562.16,58.47,157.90,1.0000,-1,-1,-1
5,5,79.61,97.26,61.03,169.95,1.0000,-1,-1,-1
5,6,716.33,387.22,89.44,189.01,1.0000,-1,-1,-1
5,8,983.57,389.62,75.22,217.45,1.0000,-1,-1,-1
6,1,434.42,269.44,130.52,169.70,1.0000,-1,-1,-1
6,2,1171.84,561.03,58.96,158.98,1.0000,-1,-1,-1
6,5,84.82,95.73,64.14,172.93,1.0000,-1,-1,-1
6,6,735.43,385.47,94.20,177.42,1.0000,-1,-1,-1
6,8,986.63,390.06,75.23,217.47,1.0000,-1,-1,-1
7,1,435.25,268.48,127.07,168.61,1.0000,-1,-1,-1
7,2,1170.95,559.96,59.59,160.12,1.0000,-1,-1,-1
7,5,89.85,94.94,64.09,172.50,1.0000,-1,-1,-1
7,6,753.65,387.42,100.79,175.51,1.0000,-1,-1,-1
7,8,990.17,401.05,70.70,204.17,1.0000,-1,-1,-1
8,1,434.41,267.68,121.94,166.71,1.0000,-1,-1,-1
8,2,1171.00,559.12,59.75,160.86,1.0000,-1,-1,-1
8,4,606.07,359.21,58.60,193.29,1.0000,-1,-1,-1
8,5,93.61,97.23,63.47,172.70,1.0000,-1,-1,-1
8,6,766.49,388.22,104.66,173.77,1.0000,-1,-1,-1
8,7,685.10,274.78,93.87,157.22,1.0000,-1,-1,-1
8,8,991.66,401.48,70.57,202.17,1.0000,-1,-1,-1
9,1,431.82,267.30,117.62,165.40,1.0000,-1,-1,-1
9,2,1170.39,558.26,60.36,161.81,1.0000,-1,-1,-1
9,4,608.97,359.71,58.32,192.35,1.0000,-1,-1,-1
9,5,98.43,99.32,62.62,172.97,1.0000,-1,-1,-1
9,6,768.18,390.03,110.01,173.88,1.0000,-1,-1,-1
9,7,687.90,275.17,93.39,158.01,1.0000,-1,-1,-1
9,8,991.12,341.75,75.92,241.95,1.0000,-1,-1,-1
10,1,429.14,266.31,111.60,163.95,1.0000,-1,-1,-1
10,2,1168.63,557.16,61.86,163.25,1.0000,-1,-1,-1
10,4,611.00,359.16,71.17,197.32,1.0000,-1,-1,-1
10,5,101.93,99.21,63.64,174.37,1.0000,-1,-1,-1
10,6,785.45,392.72,103.41,168.96,1.0000,-1,-1,-1
10,7,692.54,276.51,89.73,156.94,1.0000,-1,-1,-1
10,8,991.37,315.76,78.05,266.51,1.0000,-1,-1,-1
10,9,607.32,268.42,83.74,128.71,1.0000,-1,-1,-1
11,1,426.88,265.58,104.01,161.58,1.0000,-1,-1,-1
11,2,1163.38,555.95,65.30,165.21,1.0000,-1,-1,-1
11,4,608.68,360.16,67.57,192.37,1.0000,-1,-1,-1
11,5,107.88,98.59,62.54,173.75,1.0000,-1,-1,-1
11,6,812.65,392.17,93.29,166.00,1.0000,-1,-1,-1
11,7,699.85,274.83,87.49,156.44,1.0000,-1,-1,-1
11,8,994.35,303.48,79.82,281.36,1.0000,-1,-1,-1
11,9,619.31,268.48,85.60,128.76,1.0000,-1,-1,-1
11,10,682.91,419.46,111.09,185.96,1.0000,-1,-1,-1
12,1,426.91,266.00,99.20,159.94,1.0000,-1,-1,-1
12,2,1162.62,555.93,66.37,165.39,1.0000,-1,-1,-1
12,4,609.65,360.81,66.70,189.68,1.0000,-1,-1,-1
12,5,113.23,98.33,61.70,172.76,1.0000,-1,-1,-1
12,6,830.97,391.41,86.09,164.40,1.0000,-1,-1,-1
12,7,705.38,273.27,87.85,156.90,1.0000,-1,-1,-1
12,8,997.93,295.96,79.71,291.07,1.0000,-1,-1,-1
12,9,631.15,271.14,84.69,128.28,1.0000,-1,-1,-1
12,10,700.42,417.23,100.61,182.97,1.0000,-1,-1,-1
13,1,427.90,266.22,95.75,159.25,1.0000,-1,-1,-1
13,2,1160.84,555.74,67.80,165.62,1.0000,-1,-1,-1
13,4,612.19,360.76,64.17,187.00,1.0000,-1,-1,-1
13,5,118.17,98.61,62.81,172.57,1.0000,-1,-1,-1
13,6,846.25,391.24,79.59,164.16,1.0000,-1,-1,-1
13,7,714.39,271.16,87.14,155.07,1.0000,-1,-1,-1
13,8,1001.31,290.99,80.20,297.11,1.0000,-1,-1,-1
13,9,635.54,271.24,87.05,125.93,1.0000,-1,-1,-1
13,10,722.76,417.37,91.39,179.42,1.0000,-1,-1,-1
14,1,428.64,267.46,92.06,158.11,1.0000,-1,-1,-1
14,2,1156.66,555.48,71.09,166.38,1.0000,-1,-1,-1
14,4,615.32,361.40,62.02,184.30,1.0000,-1,-1,-1
14,5,122.76,99.53,62.73,173.14,1.0000,-1,-1,-1
14,6,858.27,389.74,76.83,164.59,1.0000,-1,-1,-1
14,7,720.85,270.35,87.85,157.51,1.0000,-1,-1,-1
14,8,1003.32,282.39,81.56,302.12,1.0000,-1,-1,-1
14,9,643.17,270.89,88.06,127.38,1.0000,-1,-1,-1
14,10,740.03,418.92,85.28,167.43,1.0000,-1,-1,-1
15,1,428.67,270.49,88.68,157.55,1.0000,-1,-1,-1
15,2,1156.64,555.41,72.34,166.49,1.0000,-1,-1,-1
15,4,617.20,361.60,60.51,182.40,1.0000,-1,-1,-1
15,5,127.11,99.84,62.77,173.25,1.0000,-1,-1,-1
15,6,869.06,388.19,75.44,164.80,1.0000,-1,-1,-1
15,7,728.26,266.59,89.06,160.15,1.0000,-1,-1,-1
15,8,1003.49,350.56,81.17,258.77,1.0000,-1,-1,-1
15,9,650.81,270.54,89.05,128.82,1.0000,-1,-1,-1
15,10,751.10,417.09,77.67,171.11,1.0000,-1,-1,-1
16,1,418.14,276.82,89.79,158.74,1.0000,-1,-1,-1
16,2,1152.00,555.04,76.32,167.14,1.0000,-1,-1,-1
16,4,620.53,359.10,60.46,183.11,1.0000,-1,-1,-1
16,5,133.44,102.29,63.85,171.88,1.0000,-1,-1,-1
16,6,886.45,388.82,76.96,165.08,1.0000,-1,-1,-1
16,7,742.90,261.26,88.00,162.56,1.0000,-1,-1,-1
16,8,1005.20,366.42,84.07,239.45,1.0000,-1,-1,-1
16,9,658.46,270.19,90.03,130.24,1.0000,-1,-1,-1
16,10,770.35,411.88,71.31,170.39,1.0000,-1,-1,-1
17,1,410.64,279.48,90.28,158.11,1.0000,-1,-1,-1
17,2,1149.97,554.80,79.41,167.49,1.0000,-1,-1,-1
17,4,621.90,357.25,59.31,184.93,1.0000,-1,-1,-1
17,5,140.24,100.74,63.35,169.97,1.0000,-1,-1,-1
17,6,897.89,389.60,78.11,164.06,1.0000,-1,-1,-1
17,7,754.03,256.60,85.91,165.02,1.0000,-1,-1,-1
17,8,1005.17,373.73,87.44,228.43,1.0000,-1,-1,-1
17,9,666.11,269.86,91.00,131.64,1.0000,-1,-1,-1
17,10,781.64,409.96,66.16,168.05,1.0000,-1,-1,-1
17,12,13.55,351.11,70.93,144.76,1.0000,-1,-1,-1
18,1,406.74,283.40,90.22,159.20,1.0000,-1,-1,-1
18,2,1149.64,554.75,81.77,167.58,1.0000,-1,-1,-1
18,4,623.99,357.02,59.08,184.22,1.0000,-1,-1,-1
18,5,147.58,97.15,64.89,163.12,1.0000,-1,-1,-1
18,6,911.86,388.03,77.27,162.29,1.0000,-1,-1,-1
18,7,765.14,252.95,83.11,166.97,1.0000,-1,-1,-1
18,8,1004.42,376.47,90.65,221.42,1.0000,-1,-1,-1
18,9,674.90,259.59,74.68,92.33,1.0000,-1,-1,-1
18,10,796.73,412.64,61.11,155.23,1.0000,-1,-1,-1
18,11,679.98,320.90,71.59,196.76,1.0000,-1,-1,-1
18,12,24.07,351.47,69.40,142.77,1.0000,-1,-1,-1
19,1,406.32,285.59,89.36,158.42,1.0000,-1,-1,-1
19,2,1149.52,554.55,84.20,167.75,1.0000,-1,-1,-1
19,4,632.04,330.80,60.34,199.64,1.0000,-1,-1,-1
19,5,150.25,101.80,65.71,162.81,1.0000,-1,-1,-1
19,6,925.84,386.47,76.42,160.51,1.0000,-1,-1,-1
19,7,775.40,247.07,80.34,170.55,1.0000,-1,-1,-1
19,8,1004.53,377.04,92.17,216.51,1.0000,-1,-1,-1
19,9,683.18,257.58,72.55,89.70,1.0000,-1,-1,-1
19,10,812.06,415.89,55.61,141.26,1.0000,-1,-1,-1
19,11,687.36,315.91,71.54,194.70,1.0000,-1,-1,-1
19,12,32.59,352.75,69.14,140.57,1.0000,-1,-1,-1
19,13,790.66,408.00,79.95,180.56,1.0000,-1,-1,-1
20,1,407.21,287.83,88.09,156.55,1.0000,-1,-1,-1
20,2,1148.77,553.97,87.68,168.26,1.0000,-1,-1,-1
20,4,633.72,320.14,64.28,211.36,1.0000,-1,-1,-1
20,5,152.53,101.33,68.30,158.92,1.0000,-1,-1,-1
20,6,922.69,396.25,81.69,163.31,1.0000,-1,-1,-1
20,7,785.13,242.99,77.06,171.94,1.0000,-1,-1,-1
20,8,1005.89,376.41,93.82,213.14,1.0000,-1,-1,-1
20,9,691.50,255.60,70.36,86.99,1.0000,-1,-1,-1
20,10,827.68,419.91,49.50,125.74,1.0000,-1,-1,-1
20,11,692.30,314.71,73.04,196.09,1.0000,-1,-1,-1
20,12,43.37,351.81,67.85,139.06,1.0000,-1,-1,-1
20,13,792.07,407.52,80.69,181.24,1.0000,-1,-1,-1
20,14,1012.93,291.21,54.11,169.97,1.0000,-1,-1,-1
21,1,411.46,289.05,85.40,152.94,1.0000,-1,-1,-1
21,2,1152.41,553.30,90.95,168.83,1.0000,-1,-1,-1
21,4,630.01,320.82,71.11,211.28,1.0000,-1,-1,-1
21,5,157.33,101.05,68.33,158.99,1.0000,-1,-1,-1
21,6,927.83,397.11,87.20,164.88,1.0000,-1,-1,-1
21,7,798.38,244.62,73.64,172.11,1.0000,-1,-1,-1
21,8,1011.17,372.25,96.91,210.39,1.0000,-1,-1,-1
21,9,699.85,253.67,68.10,84.19,1.0000,-1,-1,-1
21,10,843.75,425.04,42.52,108.01,1.0000,-1,-1,-1
21,11,698.57,316.38,74.93,194.76,1.0000,-1,-1,-1
21,12,64.32,352.27,66.20,139.99,1.0000,-1,-1,-1
21,13,797.22,401.69,84.63,184.12,1.0000,-1,-1,-1
21,14,1009.63,290.12,57.13,175.95,1.0000,-1,-1,-1
22,1,414.79,289.66,83.58,150.01,1.0000,-1,-1,-1
22,2,1151.01,552.21,96.63,169.86,1.0000,-1,-1,-1
22,4,628.06,332.16,77.53,202.63,1.0000,-1,-1,-1
22,5,162.12,100.77,68.36,159.05,1.0000,-1,-1,-1
22,6,930.99,395.68,90.49,165.90,1.0000,-1,-1,-1
22,7,806.92,246.38,70.78,172.28,1.0000,-1,-1,-1
22,8,1016.36,369.04,100.34,209.10,1.0000,-1,-1,-1
22,9,708.24,251.78,65.76,81.30,1.0000,-1,-1,-1
22,10,860.51,431.94,34.15,86.73,1.0000,-1,-1,-1
22,11,704.63,318.19,75.77,193.24,1.0000,-1,-1,-1
22,12,69.93,349.94,71.07,144.98,1.0000,-1,-1,-1
22,13,801.18,396.92,90.18,186.57,1.0000,-1,-1,-1
22,14,1007.50,289.06,59.10,178.06,1.0000,-1,-1,-1
23,1,418.71,290.23,82.36,147.08,1.0000,-1,-1,-1
23,2,1157.43,551.73,98.82,170.31,1.0000,-1,-1,-1
23,4,632.73,318.39,83.60,209.63,1.0000,-1,-1,-1
23,5,166.92,100.48,68.39,159.12,1.0000,-1,-1,-1
23,6,938.67,394.97,89.34,165.85,1.0000,-1,-1,-1
23,7,815.72,249.10,67.74,170.86,1.0000,-1,-1,-1
23,8,1028.57,365.80,98.20,208.35,1.0000,-1,-1,-1
23,9,716.67,249.95,63.33,78.29,1.0000,-1,-1,-1
23,10,878.71,442.51,22.88,58.12,1.0000,-1,-1,-1
23,11,709.54,320.62,77.76,191.02,1.0000,-1,-1,-1
23,12,79.77,352.97,72.96,151.38,1.0000,-1,-1,-1
23,13,806.70,393.83,98.09,186.26,1.0000,-1,-1,-1
23,14,1006.85,289.70,59.82,178.23,1.0000,-1,-1,-1
24,1,422.17,289.21,81.42,145.39,1.0000,-1,-1,-1
24,2,1153.97,549.90,105.35,171.88,1.0000,-1,-1,-1
24,4,630.87,317.01,91.05,210.21,1.0000,-1,-1,-1
24,5,171.72,100.20,68.42,159.19,1.0000,-1,-1,-1
24,6,949.99,393.94,86.48,164.65,1.0000,-1,-1,-1
24,7,821.92,252.39,65.24,169.53,1.0000,-1,-1,-1
24,8,1043.33,361.42,93.10,207.33,1.0000,-1,-1,-1
24,9,725.15,248.18,60.80,75.17,1.0000,-1,-1,-1
24,10,891.28,438.77,22.88,58.12,1.0000,-1,-1,-1
24,11,712.32,321.71,80.14,191.94,1.0000,-1,-1,-1
24,12,95.57,353.55,70.52,154.36,1.0000,-1,-1,-1
24,13,813.17,392.41,103.30,184.56,1.0000,-1,-1,-1
24,14,1008.66,290.56,58.74,176.21,1.0000,-1,-1,-1
25,1,425.12,288.40,81.78,144.51,1.0000,-1,-1,-1
25,2,1154.29,548.27,113.08,173.48,1.0000,-1,-1,-1
25,4,631.08,320.40,96.41,207.11,1.0000,-1,-1,-1
25,5,177.70,101.76,72.67,159.76,1.0000,-1,-1,-1
25,6,960.11,393.15,80.91,163.70,1.0000,-1,-1,-1
25,7,826.60,251.30,63.57,164.25,1.0000,-1,-1,-1
25,8,1059.09,357.57,86.92,207.03,1.0000,-1,-1,-1
25,9,733.69,246.48,58.17,71.92,1.0000,-1,-1,-1
25,10,903.85,435.04,22.88,58.12,1.0000,-1,-1,-1
25,11,713.74,325.20,83.88,189.80,1.0000,-1,-1,-1
25,12,111.87,355.81,65.76,155.66,1.0000,-1,-1,-1
25,13,818.67,388.92,104.73,187.11,1.0000,-1,-1,-1
25,14,1011.50,290.37,56.36,171.34,1.0000,-1,-1,-1
26,1,430.47,286.54,82.98,143.94,1.0000,-1,-1,-1
26,2,1154.72,546.12,118.27,175.29,1.0000,-1,-1,-1
26,4,633.36,317.60,97.39,209.20,1.0000,-1,-1,-1
26,5,188.37,100.33,71.56,160.17,1.0000,-1,-1,-1
26,6,978.54,389.14,77.95,163.70,1.0000,-1,-1,-1
26,7,835.55,253.89,65.55,158.32,1.0000,-1,-1,-1
26,8,1064.61,350.45,88.51,206.82,1.0000,-1,-1,-1
26,9,742.28,244.85,55.41,68.51,1.0000,-1,-1,-1
26,10,916.43,431.30,22.88,58.12,1.0000,-1,-1,-1
26,11,718.65,326.25,84.64,186.50,1.0000,-1,-1,-1
26,12,125.75,358.30,67.95,160.45,1.0000,-1,-1,-1
26,13,840.46,391.92,98.50,176.74,1.0000,-1,-1,-1
26,14,1011.33,290.01,56.63,172.15,1.0000,-1,-1,-1
27,1,434.60,284.27,85.92,143.38,1.0000,-1,-1,-1
27,2,1151.42,543.15,123.29,177.74,1.0000,-1,-1,-1
27,4,635.64,314.80,98.36,211.28,1.0000,-1,-1,-1
27,5,198.40,99.74,68.94,160.22,1.0000,-1,-1,-1
27,6,988.70,387.94,76.20,163.47,1.0000,-1,-1,-1
27,7,843.11,255.00,73.29,156.00,1.0000,-1,-1,-1
27,8,1069.33,346.01,88.92,206.95,1.0000,-1,-1,-1
27,9,750.95,243.31,52.51,64.92,1.0000,-1,-1,-1
27,10,929.00,427.57,22.88,58.12,1.0000,-1,-1,-1
27,11,717.41,326.85,86.11,184.55,1.0000,-1,-1,-1
27,12,134.19,356.91,72.48,163.60,1.0000,-1,-1,-1
27,13,850.43,391.73,98.00,171.18,1.0000,-1,-1,-1
27,14,995.23,307.31,66.42,213.39,1.0000,-1,-1,-1
28,1,436.63,281.84,90.30,143.37,1.0000,-1,-1,-1
28,2,1158.08,540.65,121.94,179.70,1.0000,-1,-1,-1
28,4,637.92,312.02,99.31,213.33,1.0000,-1,-1,-1
28,5,206.30,93.80,68.69,159.92,1.0000,-1,-1,-1
28,6,991.91,384.21,76.58,165.94,1.0000,-1,-1,-1
28,7,845.49,255.11,78.48,153.42,1.0000,-1,-1,-1
28,8,1078.83,342.89,85.02,205.82,1.0000,-1,-1,-1
28,9,759.71,241.88,49.43,61.12,1.0000,-1,-1,-1
28,10,941.57,423.83,22.88,58.12,1.0000,-1,-1,-1
28,11,718.69,323.40,89.65,182.62,1.0000,-1,-1,-1
28,12,147.09,355.16,71.47,163.19,1.0000,-1,-1,-1
28,13,866.86,392.60,92.02,166.28,1.0000,-1,-1,-1
28,14,993.06,291.08,64.05,197.68,1.0000,-1,-1,-1
29,1,437.81,279.01,95.62,143.96,1.0000,-1,-1,-1
29,2,1167.82,538.70,116.63,180.46,1.0000,-1,-1,-1
29,4,631.30,328.81,80.73,195.47,1.0000,-1,-1,-1
29,5,211.79,87.26,71.40,164.64,1.0000,-1,-1,-1
29,6,1003.72,383.88,73.47,167.54,1.0000,-1,-1,-1
29,7,846.53,254.50,84.85,151.32,1.0000,-1,-1,-1
29,8,1084.82,341.19,80.95,204.93,1.0000,-1,-1,-1
29,9,768.57,240.57,46.15,57.06,1.0000,-1,-1,-1
29,10,954.14,420.09,22.88,58.12,1.0000,-1,-1,-1
29,11,722.37,322.09,91.92,182.07,1.0000,-1,-1,-1
29,12,159.65,352.76,69.12,163.34,1.0000,-1,-1,-1
29,13,877.45,390.91,88.28,163.12,1.0000,-1,-1,-1
29,14,987.62,286.69,64.82,191.34,1.0000,-1,-1,-1
30,1,438.99,274.93,101.30,145.52,1.0000,-1,-1,-1
30,2,1184.17,536.00,105.85,180.90,1.0000,-1,-1,-1
30,4,634.40,332.23,72.32,187.30,1.0000,-1,-1,-1
30,5,217.78,86.05,71.53,164.93,1.0000,-1,-1,-1
30,6,1009.97,384.36,71.84,168.24,1.0000,-1,-1,-1
30,7,846.13,253.74,90.82,148.75,1.0000,-1,-1,-1
30,8,1089.91,340.20,76.76,203.49,1.0000,-1,-1,-1
30,9,777.55,239.42,42.62,52.70,1.0000,-1,-1,-1
30,10,966.72,416.36,22.88,58.12,1.0000,-1,-1,-1
30,11,725.78,316.05,93.77,184.39,1.0000,-1,-1,-1
30,12,169.31,349.51,68.52,163.19,1.0000,-1,-1,-1
30,13,882.43,388.20,86.56,161.90,1.0000,-1,-1,-1
30,14,984.16,284.49,64.86,185.38,1.0000,-1,-1,-1
31,1,444.24,268.84,109.82,147.28,1.0000,-1,-1,-1
31,2,1190.14,527.30,99.24,182.38,1.0000,-1,-1,-1
31,4,636.12,329.69,68.17,180.57,1.0000,-1,-1,-1
31,5,223.77,84.84,71.65,165.23,1.0000,-1,-1,-1
31,6,1016.09,385.73,74.04,168.12,1.0000,-1,-1,-1
31,7,848.93,253.13,91.97,146.38,1.0000,-1,-1,-1
31,8,1099.26,338.03,74.49,199.19,1.0000,-1,-1,-1
31,9,786.69,238.47,38.78,47.94,1.0000,-1,-1,-1
31,10,979.29,412.62,22.88,58.12,1.0000,-1,-1,-1
31,11,741.88,308.30,87.83,183.39,1.0000,-1,-1,-1
31,12,178.58,345.54,72.22,165.58,1.0000,-1,-1,-1
31,13,889.49,381.39,89.82,162.32,1.0000,-1,-1,-1
31,14,980.77,282.14,65.26,178.78,1.0000,-1,-1,-1
32,1,449.59,264.18,115.08,148.59,1.0000,-1,-1,-1
32,2,1193.55,517.24,94.40,184.70,1.0000,-1,-1,-1
32,4,636.32,328.08,64.84,175.55,1.0000,-1,-1,-1
32,5,238.98,86.71,65.40,155.85,1.0000,-1,-1,-1
32,6,1018.72,386.75,79.68,166.82,1.0000,-1,-1,-1
32,7,854.61,253.97,90.27,143.56,1.0000,-1,-1,-1
32,8,1105.42,336.79,75.64,194.35,1.0000,-1,-1,-1
32,9,796.05,237.78,34.50,42.65,1.0000,-1,-1,-1
32,10,991.86,408.88,22.88,58.12,1.0000,-1,-1,-1
32,11,746.71,305.46,88.73,185.28,1.0000,-1,-1,-1
32,12,183.72,343.25,76.91,168.11,1.0000,-1,-1,-1
32,13,894.32,376.80,95.43,162.70,1.0000,-1,-1,-1
32,14,978.05,279.73,65.94,170.01,1.0000,-1,-1,-1
33,1,456.01,259.31,117.58,149.49,1.0000,-1,-1,-1
33,2,1194.50,510.25,91.52,186.60,1.0000,-1,-1,-1
33,4,635.64,326.19,62.89,171.43,1.0000,-1,-1,-1
33,5,246.37,89.71,63.72,147.90,1.0000,-1,-1,-1
33,6,1021.75,386.58,89.70,164.95,1.0000,-1,-1,-1
33,7,860.99,254.57,86.11,140.95,1.0000,-1,-1,-1
33,8,1109.61,334.45,77.83,188.99,1.0000,-1,-1,-1
33,9,805.71,237.47,29.61,36.61,1.0000,-1,-1,-1
33,11,751.54,302.63,89.63,187.16,1.0000,-1,-1,-1
33,12,185.96,342.40,81.99,170.24,1.0000,-1,-1,-1
33,13,896.98,373.09,98.74,163.07,1.0000,-1,-1,-1
33,14,973.69,280.61,68.38,165.63,1.0000,-1,-1,-1
34,1,463.14,254.63,117.81,151.84,1.0000,-1,-1,-1
34,2,1198.65,505.92,87.25,185.66,1.0000,-1,-1,-1
34,4,633.79,324.40,61.27,167.72,1.0000,-1,-1,-1
34,5,253.42,92.95,65.43,141.43,1.0000,-1,-1,-1
34,6,1019.87,387.64,97.58,162.82,1.0000,-1,-1,-1
34,7,867.50,254.68,80.43,138.03,1.0000,-1,-1,-1
34,8,1112.25,332.17,79.29,185.01,1.0000,-1,-1,-1
34,11,756.38,299.81,90.52,189.02,1.0000,-1,-1,-1
34,12,187.36,340.48,88.74,174.09,1.0000,-1,-1,-1
34,13,903.22,370.08,105.67,164.45,1.0000,-1,-1,-1
34,14,970.46,282.36,70.90,163.30,1.0000,-1,-1,-1
35,1,471.61,250.20,116.26,154.49,1.0000,-1,-1,-1
35,2,1200.72,502.52,87.85,186.94,1.0000,-1,-1,-1
35,4,632.15,323.33,59.89,165.41,1.0000,-1,-1,-1
35,5,254.56,94.48,70.72,136.40,1.0000,-1,-1,-1
35,6,1017.43,389.78,105.29,160.34,1.0000,-1,-1,-1
35,7,876.81,255.28,72.64,136.58,1.0000,-1,-1,-1
35,8,1113.10,329.42,80.37,182.38,1.0000,-1,-1,-1
35,11,761.22,296.99,91.40,190.85,1.0000,-1,-1,-1
35,12,188.22,336.23,94.95,180.22,1.0000,-1,-1,-1
35,13,907.16,377.49,107.72,157.32,1.0000,-1,-1,-1
35,14,967.83,283.95,73.11,162.69,1.0000,-1,-1,-1
36,1,483.27,243.70,110.83,155.37,1.0000,-1,-1,-1
36,2,1202.78,499.13,88.45,188.21,1.0000,-1,-1,-1
36,4,628.63,319.97,58.69,164.57,1.0000,-1,-1,-1
36,5,255.17,93.40,80.21,132.06,1.0000,-1,-1,-1
36,6,1022.89,388.27,113.54,157.05,1.0000,-1,-1,-1
36,7,886.20,255.58,65.00,136.78,1.0000,-1,-1,-1
36,8,1114.61,322.62,78.25,178.37,1.0000,-1,-1,-1
36,11,758.98,232.12,102.07,197.81,1.0000,-1,-1,-1
36,12,194.47,328.37,96.85,184.51,1.0000,-1,-1,-1
36,13,922.18,333.28,113.55,180.10,1.0000,-1,-1,-1
36,14,965.17,282.37,73.64,163.85,1.0000,-1,-1,-1
37,1,493.46,239.93,104.48,155.17,1.0000,-1,-1,-1
37,2,1204.85,495.75,89.04,189.48,1.0000,-1,-1,-1
37,4,626.47,317.35,57.21,162.58,1.0000,-1,-1,-1
37,5,254.47,92.64,83.71,128.98,1.0000,-1,-1,-1
37,6,1030.77,387.38,113.68,157.25,1.0000,-1,-1,-1
37,7,891.75,254.73,59.29,136.86,1.0000,-1,-1,-1
37,8,1120.18,318.41,74.22,176.28,1.0000,-1,-1,-1
37,11,763.53,224.47,103.18,199.96,1.0000,-1,-1,-1
37,12,200.27,322.24,95.68,187.60,1.0000,-1,-1,-1
37,13,933.41,311.81,111.82,195.23,1.0000,-1,-1,-1
37,14,962.52,280.80,74.16,165.01,1.0000,-1,-1,-1
38,1,501.69,238.75,99.17,156.48,1.0000,-1,-1,-1
38,2,1206.92,492.37,89.63,190.73,1.0000,-1,-1,-1
38,4,624.78,314.95,55.04,161.37,1.0000,-1,-1,-1
38,5,260.31,91.27,83.72,128.99,1.0000,-1,-1,-1
38,6,1041.30,386.73,112.33,154.83,1.0000,-1,-1,-1
38,7,895.97,254.97,55.64,139.72,1.0000,-1,-1,-1
38,8,1127.24,313.24,69.85,175.15,1.0000,-1,-1,-1
38,11,789.70,267.63,96.07,191.88,1.0000,-1,-1,-1
38,12,206.48,317.82,90.90,189.75,1.0000,-1,-1,-1
38,13,942.93,299.22,107.19,205.32,1.0000,-1,-1,-1
38,14,959.87,279.22,74.67,166.16,1.0000,-1,-1,-1
39,1,508.44,235.03,95.00,154.35,1.0000,-1,-1,-1
39,2,1208.99,488.99,90.22,191.98,1.0000,-1,-1,-1
39,4,621.36,312.91,52.91,160.52,1.0000,-1,-1,-1
39,5,266.15,89.90,83.73,129.01,1.0000,-1,-1,-1
39,6,1054.20,386.74,109.41,151.72,1.0000,-1,-1,-1
39,7,899.33,254.51,53.43,143.09,1.0000,-1,-1,-1
39,8,1133.87,308.92,66.71,175.10,1.0000,-1,-1,-1
39,11,803.41,276.76,92.60,183.04,1.0000,-1,-1,-1
39,12,215.04,314.27,82.92,191.79,1.0000,-1,-1,-1
39,13,951.30,292.26,107.94,206.77,1.0000,-1,-1,-1
39,14,954.55,274.41,80.12,158.52,1.0000,-1,-1,-1
40,1,513.99,232.07,90.09,149.19,1.0000,-1,-1,-1
40,2,1211.07,485.62,90.80,193.22,1.0000,-1,-1,-1
40,4,617.95,310.81,51.56,158.44,1.0000,-1,-1,-1
40,5,271.99,88.52,83.74,129.03,1.0000,-1,-1,-1
40,6,1062.60,385.79,109.43,151.75,1.0000,-1,-1,-1
40,7,902.31,253.85,52.43,146.75,1.0000,-1,-1,-1
40,8,1137.02,304.11,66.62,177.82,1.0000,-1,-1,-1
40,11,807.58,281.15,93.65,179.64,1.0000,-1,-1,-1
40,12,221.16,311.50,76.60,192.27,1.0000,-1,-1,-1
40,13,947.70,332.54,102.47,193.06,1.0000,-1,-1,-1
40,14,954.78,272.36,79.93,150.34,1.0000,-1,-1,-1
41,1,515.14,238.02,84.61,148.86,1.0000,-1,-1,-1
41,2,1213.15,482.25,91.38,194.45,1.0000,-1,-1,-1
41,4,611.50,306.48,50.66,157.39,1.0000,-1,-1,-1
41,5,277.83,87.15,83.75,129.04,1.0000,-1,-1,-1
41,6,1076.86,386.63,108.73,150.95,1.0000,-1,-1,-1
41,7,903.14,253.36,51.63,147.57,1.0000,-1,-1,-1
41,8,1143.23,292.73,65.45,176.56,1.0000,-1,-1,-1
41,11,808.97,275.58,97.54,182.84,1.0000,-1,-1,-1
41,12,222.34,313.13,72.16,192.30,1.0000,-1,-1,-1
41,13,955.11,345.25,106.16,183.94,1.0000,-1,-1,-1
41,14,954.28,271.38,79.83,146.71,1.0000,-1,-1,-1
42,1,515.81,239.99,81.09,145.95,1.0000,-1,-1,-1
42,2,1215.22,478.89,91.96,195.67,1.0000,-1,-1,-1
42,4,604.64,302.59,52.96,156.76,1.0000,-1,-1,-1
42,5,283.67,85.78,83.76,129.06,1.0000,-1,-1,-1
42,6,1083.47,385.41,110.93,150.87,1.0000,-1,-1,-1
42,7,904.29,252.61,50.91,147.96,1.0000,-1,-1,-1
42,8,1147.99,288.64,65.01,175.37,1.0000,-1,-1,-1
42,11,813.42,268.56,96.53,185.77,1.0000,-1,-1,-1
42,12,224.07,316.94,69.36,189.76,1.0000,-1,-1,-1
42,13,958.92,349.93,109.17,179.36,1.0000,-1,-1,-1
42,14,954.77,272.70,79.65,149.35,1.0000,-1,-1,-1
43,1,519.74,238.91,80.28,144.49,1.0000,-1,-1,-1
43,2,1217.30,475.53,92.53,196.89,1.0000,-1,-1,-1
43,4,600.06,300.62,52.38,156.64,1.0000,-1,-1,-1
43,5,289.51,84.40,83.77,129.08,1.0000,-1,-1,-1
43,6,1087.85,337.51,118.47,178.96,1.0000,-1,-1,-1
43,7,905.95,250.83,50.21,147.81,1.0000,-1,-1,-1
43,8,1152.76,284.55,64.56,174.17,1.0000,-1,-1,-1
43,11,811.99,241.15,99.66,201.25,1.0000,-1,-1,-1
43,12,226.64,321.04,68.65,185.95,1.0000,-1,-1,-1
43,13,963.05,350.75,111.41,177.17,1.0000,-1,-1,-1
43,14,956.71,270.97,77.76,148.96,1.0000,-1,-1,-1
44,1,516.10,242.20,81.76,142.91,1.0000,-1,-1,-1
44,2,1219.39,472.17,93.09,198.10,1.0000,-1,-1,-1
44,4,594.17,298.27,52.56,156.12,1.0000,-1,-1,-1
44,5,295.35,83.03,83.78,129.10,1.0000,-1,-1,-1
44,6,1092.83,311.94,123.01,200.34,1.0000,-1,-1,-1
44,7,906.62,248.35,50.47,148.72,1.0000,-1,-1,-1
44,8,1157.53,280.47,64.11,172.96,1.0000,-1,-1,-1
44,11,820.33,248.38,92.77,199.06,1.0000,-1,-1,-1
44,12,230.30,325.71,68.71,182.37,1.0000,-1,-1,-1
44,13,968.91,352.34,111.23,175.81,1.0000,-1,-1,-1
44,14,961.39,272.77,74.28,150.43,1.0000,-1,-1,-1
45,1,514.64,242.43,84.86,142.70,1.0000,-1,-1,-1
45,2,1221.47,468.81,93.66,199.30,1.0000,-1,-1,-1
45,4,580.56,296.13,58.17,155.23,1.0000,-1,-1,-1
45,5,301.19,81.66,83.79,129.11,1.0000,-1,-1,-1
45,6,1098.04,297.19,126.59,217.14,1.0000,-1,-1,-1
45,7,907.04,246.07,50.94,149.21,1.0000,-1,-1,-1
45,8,1162.30,276.39,63.66,171.74,1.0000,-1,-1,-1
45,11,817.05,249.39,92.53,198.73,1.0000,-1,-1,-1
45,12,234.83,329.74,67.87,179.11,1.0000,-1,-1,-1
45,13,977.79,353.85,109.59,173.36,1.0000,-1,-1,-1
45,14,963.11,272.12,71.93,152.06,1.0000,-1,-1,-1
46,1,517.72,241.76,84.12,141.45,1.0000,-1,-1,-1
46,2,1223.56,465.46,94.22,200.49,1.0000,-1,-1,-1
46,4,570.30,292.95,63.72,155.32,1.0000,-1,-1,-1
46,5,307.03,80.28,83.80,129.13,1.0000,-1,-1,-1
46,6,1111.51,288.91,124.31,227.20,1.0000,-1,-1,-1
46,7,908.80,244.62,51.10,151.32,1.0000,-1,-1,-1
46,8,1167.07,272.32,63.21,170.52,1.0000,-1,-1,-1
46,11,831.10,245.40,86.90,198.25,1.0000,-1,-1,-1
46,12,244.13,335.19,65.22,175.57,1.0000,-1,-1,-1
46,13,998.82,354.38,103.48,169.92,1.0000,-1,-1,-1
46,14,961.43,266.57,73.10,154.51,1.0000,-1,-1,-1
47,1,520.80,241.09,83.37,140.18,1.0000,-1,-1,-1
47,2,1225.64,462.12,94.78,201.68,1.0000,-1,-1,-1
47,4,560.08,265.40,69.38,171.71,1.0000,-1,-1,-1
47,5,280.67,65.93,82.58,128.76,1.0000,-1,-1,-1
47,6,1119.99,283.52,124.95,228.36,1.0000,-1,-1,-1
47,7,909.30,248.74,52.73,152.26,1.0000,-1,-1,-1
47,8,1171.85,268.25,62.75,169.29,1.0000,-1,-1,-1
47,11,842.68,241.48,81.11,197.74,1.0000,-1,-1,-1
47,12,248.94,337.81,64.72,172.11,1.0000,-1,-1,-1
47,13,1011.55,352.36,99.87,167.51,1.0000,-1,-1,-1
47,14,960.43,261.46,77.22,157.04,1.0000,-1,-1,-1
48,1,523.89,240.43,82.61,138.91,1.0000,-1,-1,-1
48,2,1227.73,458.78,95.33,202.86,1.0000,-1,-1,-1
48,4,554.72,251.73,72.62,181.49,1.0000,-1,-1,-1
48,5,284.46,63.74,82.57,128.75,1.0000,-1,-1,-1
48,6,1151.15,324.98,116.52,210.54,1.0000,-1,-1,-1
48,7,908.68,250.08,56.18,155.96,1.0000,-1,-1,-1
48,8,1158.79,274.11,63.02,172.65,1.0000,-1,-1,-1
48,11,849.75,241.36,75.23,195.67,1.0000,-1,-1,-1
48,12,249.79,337.96,64.91,168.67,1.0000,-1,-1,-1
48,13,1017.76,348.75,100.60,166.47,1.0000,-1,-1,-1
48,14,960.04,254.52,80.99,158.39,1.0000,-1,-1,-1
49,1,526.98,239.78,81.84,137.62,1.0000,-1,-1,-1
49,2,1229.82,455.44,95.88,204.03,1.0000,-1,-1,-1
49,4,551.51,242.39,74.64,189.44,1.0000,-1,-1,-1
49,5,284.58,62.47,87.69,128.89,1.0000,-1,-1,-1
49,6,1161.30,323.02,116.97,211.35,1.0000,-1,-1,-1
49,7,911.33,252.25,59.06,158.50,1.0000,-1,-1,-1
49,8,1162.32,270.87,62.60,171.49,1.0000,-1,-1,-1
49,11,855.16,238.27,75.54,196.50,1.0000,-1,-1,-1
49,12,248.91,336.95,63.80,165.89,1.0000,-1,-1,-1
49,13,1020.16,345.06,104.79,166.13,1.0000,-1,-1,-1
49,14,963.49,249.35,82.52,159.85,1.0000,-1,-1,-1
50,1,530.07,239.13,81.07,136.32,1.0000,-1,-1,-1
50,4,546.36,237.30,78.95,195.30,1.0000,-1,-1,-1
50,5,286.87,60.10,88.49,128.56,1.0000,-1,-1,-1
50,6,1171.46,321.07,117.42,212.15,1.0000,-1,-1,-1
50,7,913.43,254.80,58.20,157.48,1.0000,-1,-1,-1
50,8,1156.52,267.37,81.63,180.19,1.0000,-1,-1,-1
50,11,860.50,237.67,68.77,192.71,1.0000,-1,-1,-1
50,12,248.77,334.58,64.15,162.57,1.0000,-1,-1,-1
50,13,1021.31,340.90,109.46,167.03,1.0000,-1,-1,-1
50,14,970.85,245.96,81.85,160.68,1.0000,-1,-1,-1
51,1,533.17,238.48,80.29,135.00,1.0000,-1,-1,-1
51,4,537.21,257.81,79.94,181.62,1.0000,-1,-1,-1
51,5,290.45,57.91,88.55,128.65,1.0000,-1,-1,-1
51,6,1181.62,319.12,117.86,212.95,1.0000,-1,-1,-1
51,7,913.38,252.09,56.34,156.90,1.0000,-1,-1,-1
51,8,1159.93,264.09,81.49,179.89,1.0000,-1,-1,-1
51,11,867.48,238.67,66.77,190.24,1.0000,-1,-1,-1
51,12,244.17,330.38,63.29,162.69,1.0000,-1,-1,-1
51,13,1024.93,335.17,114.79,166.88,1.0000,-1,-1,-1
51,14,979.15,240.34,80.89,160.53,1.0000,-1,-1,-1
52,1,536.27,237.84,79.50,133.68,1.0000,-1,-1,-1
52,4,530.53,267.26,80.79,172.66,1.0000,-1,-1,-1
52,5,294.02,55.72,88.61,128.73,1.0000,-1,-1,-1
52,6,1191.78,317.17,118.30,213.76,1.0000,-1,-1,-1
52,7,916.03,252.86,55.96,155.85,1.0000,-1,-1,-1
52,8,1163.35,260.80,81.35,179.58,1.0000,-1,-1,-1
52,11,872.72,239.89,70.60,187.21,1.0000,-1,-1,-1
52,12,240.26,327.07,62.24,163.61,1.0000,-1,-1,-1
52,13,1030.15,332.98,120.27,166.51,1.0000,-1,-1,-1
52,14,982.50,236.47,81.03,161.04,1.0000,-1,-1,-1
53,1,539.38,237.21,78.70,132.34,1.0000,-1,-1,-1
53,4,524.86,272.19,81.02,166.38,1.0000,-1,-1,-1
53,5,297.60,53.53,88.67,128.82,1.0000,-1,-1,-1
53,6,1201.94,315.22,118.75,214.55,1.0000,-1,-1,-1
53,7,918.67,253.63,55.58,154.79,1.0000,-1,-1,-1
53,8,1162.80,255.36,79.80,178.21,1.0000,-1,-1,-1
53,11,874.71,241.47,74.79,185.56,1.0000,-1,-1,-1
53,12,236.98,323.60,61.68,164.46,1.0000,-1,-1,-1
53,13,1035.17,333.92,123.95,166.00,1.0000,-1,-1,-1
53,14,982.26,232.57,82.01,162.03,1.0000,-1,-1,-1
54,1,542.48,236.59,77.90,130.98,1.0000,-1,-1,-1
54,4,519.91,274.18,81.06,162.02,1.0000,-1,-1,-1
54,5,301.18,51.34,88.73,128.90,1.0000,-1,-1,-1
54,6,1212.10,313.28,119.19,215.35,1.0000,-1,-1,-1
54,7,921.31,254.40,55.20,153.72,1.0000,-1,-1,-1
54,8,1161.93,250.74,77.78,177.79,1.0000,-1,-1,-1
54,11,875.95,241.40,79.77,185.72,1.0000,-1,-1,-1
54,12,233.95,321.59,61.25,166.05,1.0000,-1,-1,-1
54,13,1039.63,333.19,122.91,164.98,1.0000,-1,-1,-1
54,14,979.38,230.11,82.91,163.38,1.0000,-1,-1,-1
55,1,545.60,235.97,77.08,129.62,1.0000,-1,-1,-1
55,4,511.07,274.99,80.19,157.96,1.0000,-1,-1,-1
55,5,304.75,49.14,88.78,128.99,1.0000,-1,-1,-1
55,6,1222.26,311.33,119.62,216.14,1.0000,-1,-1,-1
55,7,923.96,255.18,54.81,152.65,1.0000,-1,-1,-1
55,8,1165.82,245.87,73.78,175.65,1.0000,-1,-1,-1
55,11,879.74,240.83,83.71,185.02,1.0000,-1,-1,-1
55,12,231.22,320.69,60.47,167.04,1.0000,-1,-1,-1
55,13,1046.52,331.08,123.25,165.45,1.0000,-1,-1,-1
55,14,977.24,226.27,83.66,164.17,1.0000,-1,-1,-1
55,15,590.67,216.39,73.52,157.70,1.0000,-1,-1,-1
56,1,548.72,235.36,76.26,128.23,1.0000,-1,-1,-1
56,4,499.17,275.31,76.15,155.59,1.0000,-1,-1,-1
56,5,308.33,46.95,88.84,129.07,1.0000,-1,-1,-1
56,6,1232.42,309.39,120.06,216.93,1.0000,-1,-1,-1
56,7,926.60,255.97,54.42,151.57,1.0000,-1,-1,-1
56,8,1170.71,240.53,70.27,175.76,1.0000,-1,-1,-1
56,11,876.79,242.46,90.43,183.12,1.0000,-1,-1,-1
56,12,226.59,320.46,59.37,166.13,1.0000,-1,-1,-1
56,13,1053.40,328.96,123.60,165.91,1.0000,-1,-1,-1
56,14,977.33,218.48,84.06,162.56,1.0000,-1,-1,-1
56,15,591.98,215.78,81.54,165.86,1.0000,-1,-1,-1
57,1,551.84,234.76,75.43,126.84,1.0000,-1,-1,-1
57,4,488.11,276.30,71.87,153.81,1.0000,-1,-1,-1
57,5,311.91,44.76,88.90,129.16,1.0000,-1,-1,-1
57,6,1242.58,307.45,120.49,217.71,1.0000,-1,-1,-1
57,7,929.25,256.76,54.03,150.48,1.0000,-1,-1,-1
57,8,1173.34,236.69,67.63,175.55,1.0000,-1,-1,-1
57,11,881.42,240.56,90.83,183.93,1.0000,-1,-1,-1
57,12,223.11,322.14,58.71,164.73,1.0000,-1,-1,-1
57,13,1080.52,325.57,109.32,165.31,1.0000,-1,-1,-1
57,14,979.76,213.84,83.28,159.05,1.0000,-1,-1,-1
57,15,598.38,217.75,83.22,165.35,1.0000,-1,-1,-1
58,1,554.97,234.17,74.59,125.42,1.0000,-1,-1,-1
58,4,479.32,276.09,67.98,151.51,1.0000,-1,-1,-1
58,5,315.48,42.57,88.96,129.24,1.0000,-1,-1,-1
58,6,1252.75,305.51,120.93,218.49,1.0000,-1,-1,-1
58,7,931.90,257.55,53.64,149.38,1.0000,-1,-1,-1
58,8,1172.55,234.37,68.21,175.12,1.0000,-1,-1,-1
58,11,870.02,244.75,94.84,180.68,1.0000,-1,-1,-1
58,12,219.98,323.75,58.05,162.49,1.0000,-1,-1,-1
58,13,1087.50,324.02,104.05,165.75,1.0000,-1,-1,-1
58,14,985.77,211.96,80.79,155.62,1.0000,-1,-1,-1
58,15,611.83,219.90,75.98,159.25,1.0000,-1,-1,-1
59,1,558.10,233.58,73.74,124.00,1.0000,-1,-1,-1
59,4,473.82,277.42,62.93,150.46,1.0000,-1,-1,-1
59,5,319.06,40.38,89.02,129.32,1.0000,-1,-1,-1
59,6,1262.91,303.57,121.36,219.27,1.0000,-1,-1,-1
59,7,934.55,258.34,53.24,148.28,1.0000,-1,-1,-1
59,8,1172.27,234.00,69.91,175.94,1.0000,-1,-1,-1
59,11,877.65,245.91,89.87,179.65,1.0000,-1,-1,-1
59,12,216.45,325.71,57.23,161.72,1.0000,-1,-1,-1
59,13,1095.27,322.00,104.12,165.85,1.0000,-1,-1,-1
59,14,994.18,210.71,75.42,151.47,1.0000,-1,-1,-1
59,15,621.90,223.29,67.19,153.37,1.0000,-1,-1,-1
59,16,856.86,247.80,50.29,169.45,1.0000,-1,-1,-1
60,1,561.23,233.00,72.88,122.55,1.0000,-1,-1,-1
60,4,468.83,278.77,59.42,150.06,1.0000,-1,-1,-1
60,5,322.64,38.19,89.08,129.41,1.0000,-1,-1,-1
60,6,1273.08,301.63,121.79,220.05,1.0000,-1,-1,-1
60,7,937.21,259.14,52.84,147.16,1.0000,-1,-1,-1
60,8,1168.47,234.64,72.22,175.46,1.0000,-1,-1,-1
60,11,878.01,246.55,86.48,179.03,1.0000,-1,-1,-1
60,12,213.02,326.42,56.55,160.68,1.0000,-1,-1,-1
60,13,1103.05,319.98,104.18,165.95,1.0000,-1,-1,-1
60,14,997.73,210.61,72.84,148.15,1.0000,-1,-1,-1
60,15,622.97,224.47,65.29,150.24,1.0000,-1,-1,-1
60,16,852.81,248.61,55.03,174.21,1.0000,-1,-1,-1
61,4,458.26,278.38,57.52,148.81,1.0000,-1,-1,-1
61,5,326.21,35.99,89.13,129.49,1.0000,-1,-1,-1
61,6,1283.24,299.69,122.22,220.83,1.0000,-1,-1,-1
61,7,939.86,259.95,52.44,146.04,1.0000,-1,-1,-1
61,8,1170.18,231.71,72.00,174.91,1.0000,-1,-1,-1
61,11,884.21,243.83,81.54,178.69,1.0000,-1,-1,-1
61,12,208.45,325.68,56.06,160.53,1.0000,-1,-1,-1
61,13,1110.83,317.96,104.24,166.05,1.0000,-1,-1,-1
61,14,999.29,207.10,72.95,148.37,1.0000,-1,-1,-1
61,15,625.72,228.62,68.35,163.04,1.0000,-1,-1,-1
61,16,839.60,245.54,67.35,180.53,1.0000,-1,-1,-1
62,4,446.32,278.22,61.40,148.34,1.0000,-1,-1,-1
62,5,329.79,33.80,89.19,129.58,1.0000,-1,-1,-1
62,6,1293.41,297.76,122.65,221.60,1.0000,-1,-1,-1
62,7,942.51,260.75,52.03,144.91,1.0000,-1,-1,-1
62,8,1160.74,253.78,77.50,200.04,1.0000,-1,-1,-1
62,11,893.31,241.12,75.97,179.26,1.0000,-1,-1,-1
62,12,204.41,324.54,55.63,160.70,1.0000,-1,-1,-1
62,13,1118.60,315.94,104.31,166.15,1.0000,-1,-1,-1
62,14,986.10,206.47,85.56,147.93,1.0000,-1,-1,-1
62,15,629.57,220.90,69.86,157.13,1.0000,-1,-1,-1
62,16,831.08,245.66,75.67,179.89,1.0000,-1,-1,-1
63,4,432.52,279.31,66.95,147.73,1.0000,-1,-1,-1
63,5,333.37,31.61,89.25,129.66,1.0000,-1,-1,-1
63,6,1303.58,295.82,123.07,222.37,1.0000,-1,-1,-1
63,7,945.17,261.57,51.62,143.77,1.0000,-1,-1,-1
63,8,1161.64,253.94,77.44,199.90,1.0000,-1,-1,-1
63,11,901.77,238.86,70.08,180.92,1.0000,-1,-1,-1
63,12,201.49,323.27,55.38,161.06,1.0000,-1,-1,-1
63,13,1126.38,313.92,104.37,166.25,1.0000,-1,-1,-1
63,14,986.84,203.07,85.82,148.38,1.0000,-1,-1,-1
63,15,630.76,220.80,74.41,159.00,1.0000,-1,-1,-1
63,16,826.84,247.69,78.78,175.64,1.0000,-1,-1,-1
64,4,410.05,280.17,79.60,148.11,1.0000,-1,-1,-1
64,5,336.94,29.42,89.31,129.75,1.0000,-1,-1,-1
64,7,947.83,262.38,51.21,142.62,1.0000,-1,-1,-1
64,8,1162.54,254.11,77.39,199.76,1.0000,-1,-1,-1
64,11,908.15,236.30,65.97,182.23,1.0000,-1,-1,-1
64,12,197.44,323.04,55.20,162.02,1.0000,-1,-1,-1
64,13,1135.35,264.62,119.06,210.39,1.0000,-1,-1,-1
64,14,972.76,214.60,103.42,143.05,1.0000,-1,-1,-1
64,15,635.34,217.68,76.24,154.03,1.0000,-1,-1,-1
64,16,822.99,251.19,81.04,172.46,1.0000,-1,-1,-1
65,4,399.08,281.16,88.07,147.64,1.0000,-1,-1,-1
65,5,340.52,27.23,89.37,129.83,1.0000,-1,-1,-1
65,7,950.49,263.21,50.80,141.46,1.0000,-1,-1,-1
65,8,1163.44,254.27,77.33,199.62,1.0000,-1,-1,-1
65,11,913.14,234.93,62.74,181.91,1.0000,-1,-1,-1
65,12,193.87,322.75,55.69,161.85,1.0000,-1,-1,-1
65,13,1145.07,254.97,117.71,224.96,1.0000,-1,-1,-1
65,14,972.89,212.15,103.86,143.65,1.0000,-1,-1,-1
65,15,634.90,218.28,80.70,151.90,1.0000,-1,-1,-1
65,16,818.69,253.77,80.18,169.33,1.0000,-1,-1,-1
66,4,390.81,282.30,93.68,146.93,1.0000,-1,-1,-1
66,7,953.15,264.03,50.38,140.29,1.0000,-1,-1,-1
66,8,1164.34,254.44,77.28,199.47,1.0000,-1,-1,-1
66,11,919.22,235.46,60.69,180.44,1.0000,-1,-1,-1
66,12,189.03,323.61,56.58,160.92,1.0000,-1,-1,-1
66,13,1153.05,248.31,112.25,231.20,1.0000,-1,-1,-1
66,14,973.02,209.70,104.29,144.25,1.0000,-1,-1,-1
66,15,653.75,224.56,74.42,151.96,1.0000,-1,-1,-1
66,16,814.13,257.94,77.68,167.88,1.0000,-1,-1,-1
67,4,382.35,283.00,99.50,146.22,1.0000,-1,-1,-1
67,8,1165.24,254.60,77.22,199.33,1.0000,-1,-1,-1
67,11,922.88,237.04,61.77,179.10,1.0000,-1,-1,-1
67,12,185.40,324.52,56.94,160.03,1.0000,-1,-1,-1
67,13,1159.10,244.74,106.60,235.20,1.0000,-1,-1,-1
67,14,973.15,207.26,104.72,144.84,1.0000,-1,-1,-1
67,15,667.70,226.22,67.21,149.26,1.0000,-1,-1,-1
67,16,810.76,261.24,75.06,167.48,1.0000,-1,-1,-1
68,4,382.66,283.63,98.22,145.66,1.0000,-1,-1,-1
68,8,1166.14,254.77,77.17,199.19,1.0000,-1,-1,-1
68,11,924.70,239.18,62.37,176.69,1.0000,-1,-1,-1
68,12,181.50,325.56,58.20,159.85,1.0000,-1,-1,-1
68,13,1165.50,280.08,105.54,213.79,1.0000,-1,-1,-1
68,14,973.28,204.81,105.15,145.44,1.0000,-1,-1,-1
68,15,680.97,229.30,60.12,146.43,1.0000,-1,-1,-1
68,16,807.08,263.62,71.22,166.83,1.0000,-1,-1,-1
69,4,376.70,283.74,99.31,145.16,1.0000,-1,-1,-1
69,8,1167.04,254.93,77.11,199.05,1.0000,-1,-1,-1
69,11,928.13,241.36,67.65,173.70,1.0000,-1,-1,-1
69,12,177.40,326.00,59.57,159.34,1.0000,-1,-1,-1
69,13,1166.66,256.95,103.64,222.16,1.0000,-1,-1,-1
69,14,973.41,202.37,105.58,146.03,1.0000,-1,-1,-1
69,15,691.31,226.95,55.19,142.20,1.0000,-1,-1,-1
69,16,804.69,266.03,68.00,166.54,1.0000,-1,-1,-1
70,4,376.55,283.67,94.44,144.43,1.0000,-1,-1,-1
70,8,1168.51,225.03,74.59,181.00,1.0000,-1,-1,-1
70,11,928.88,244.16,73.65,171.98,1.0000,-1,-1,-1
70,12,174.61,326.01,60.88,159.70,1.0000,-1,-1,-1
70,13,1171.14,280.75,105.15,206.32,1.0000,-1,-1,-1
70,14,973.54,199.93,106.00,146.62,1.0000,-1,-1,-1
70,15,699.91,225.47,51.36,135.61,1.0000,-1,-1,-1
70,16,801.14,268.58,66.89,166.61,1.0000,-1,-1,-1
71,4,367.31,283.91,89.76,144.23,1.0000,-1,-1,-1
71,8,1179.61,224.57,67.46,175.65,1.0000,-1,-1,-1
71,11,929.60,244.69,79.74,168.38,1.0000,-1,-1,-1
71,12,170.73,324.05,63.08,160.13,1.0000,-1,-1,-1
71,13,1177.77,279.60,105.41,206.82,1.0000,-1,-1,-1
71,14,973.67,197.49,106.43,147.21,1.0000,-1,-1,-1
71,15,698.63,228.62,58.15,144.65,1.0000,-1,-1,-1
71,16,795.95,271.15,65.79,164.09,1.0000,-1,-1,-1
72,4,359.68,283.67,83.85,144.47,1.0000,-1,-1,-1
72,8,1185.57,223.59,62.58,172.52,1.0000,-1,-1,-1
72,11,925.09,245.99,85.51,168.23,1.0000,-1,-1,-1
72,12,168.21,322.74,65.12,159.55,1.0000,-1,-1,-1
72,13,1210.54,290.73,85.15,198.34,1.0000,-1,-1,-1
72,14,973.81,195.05,106.85,147.79,1.0000,-1,-1,-1
72,15,698.67,228.23,65.22,151.08,1.0000,-1,-1,-1
72,16,790.98,273.19,65.36,161.98,1.0000,-1,-1,-1
73,4,351.63,282.49,78.54,144.06,1.0000,-1,-1,-1
73,8,1188.22,224.32,59.66,169.79,1.0000,-1,-1,-1
73,11,920.79,245.94,89.48,167.85,1.0000,-1,-1,-1
73,12,166.16,322.80,67.19,158.37,1.0000,-1,-1,-1
73,13,1218.68,290.50,85.16,198.36,1.0000,-1,-1,-1
73,14,973.94,192.61,107.27,148.38,1.0000,-1,-1,-1
73,15,701.24,227.04,73.08,154.41,1.0000,-1,-1,-1
73,16,790.48,275.46,63.16,159.39,1.0000,-1,-1,-1
74,4,348.38,282.95,77.01,143.51,1.0000,-1,-1,-1
74,8,1189.70,226.18,58.15,167.37,1.0000,-1,-1,-1
74,11,919.85,244.68,89.42,166.80,1.0000,-1,-1,-1
74,12,164.15,323.04,69.80,157.21,1.0000,-1,-1,-1
74,13,1227.88,296.16,68.81,189.09,1.0000,-1,-1,-1
74,14,974.08,190.17,107.69,148.96,1.0000,-1,-1,-1
74,15,703.85,226.31,82.32,156.77,1.0000,-1,-1,-1
74,16,791.01,276.83,60.81,157.18,1.0000,-1,-1,-1
75,4,341.14,283.17,69.49,143.46,1.0000,-1,-1,-1
75,8,1190.66,228.37,57.92,165.20,1.0000,-1,-1,-1
75,11,923.13,243.52,86.37,166.27,1.0000,-1,-1,-1
75,12,163.21,323.14,72.51,155.44,1.0000,-1,-1,-1
75,13,1235.62,304.81,58.04,179.36,1.0000,-1,-1,-1
75,14,974.21,187.74,108.11,149.53,1.0000,-1,-1,-1
75,15,705.32,228.09,87.41,156.37,1.0000,-1,-1,-1
75,16,791.79,278.15,58.85,156.06,1.0000,-1,-1,-1
76,4,333.55,284.58,68.55,143.68,1.0000,-1,-1,-1
76,8,1189.53,229.76,65.14,162.30,1.0000,-1,-1,-1
76,11,936.01,240.76,77.37,166.25,1.0000,-1,-1,-1
76,12,162.22,324.10,77.47,153.68,1.0000,-1,-1,-1
76,13,1242.87,305.58,57.70,178.29,1.0000,-1,-1,-1
76,14,974.35,185.30,108.53,150.11,1.0000,-1,-1,-1
76,15,710.88,228.20,88.11,157.63,1.0000,-1,-1,-1
76,16,792.23,279.65,56.06,154.70,1.0000,-1,-1,-1
77,4,328.04,286.39,69.98,143.17,1.0000,-1,-1,-1
77,8,1192.64,231.10,69.28,161.01,1.0000,-1,-1,-1
77,11,944.75,238.26,70.27,166.27,1.0000,-1,-1,-1
77,12,160.46,324.86,81.92,152.18,1.0000,-1,-1,-1
77,13,1250.11,306.34,57.35,177.22,1.0000,-1,-1,-1
77,14,974.49,182.87,108.94,150.68,1.0000,-1,-1,-1
77,15,716.45,228.32,88.81,158.88,1.0000,-1,-1,-1
77,16,793.04,281.85,53.25,152.93,1.0000,-1,-1,-1
78,4,311.41,287.33,76.30,142.62,1.0000,-1,-1,-1
78,8,1190.79,231.44,73.77,160.15,1.0000,-1,-1,-1
78,11,952.02,235.91,64.38,165.66,1.0000,-1,-1,-1
78,12,158.24,325.27,85.62,151.18,1.0000,-1,-1,-1
78,13,1257.36,307.11,57.00,176.14,1.0000,-1,-1,-1
78,14,974.63,180.43,109.36,151.26,1.0000,-1,-1,-1
78,15,722.02,228.45,89.50,160.12,1.0000,-1,-1,-1
78,16,793.97,287.15,50.23,149.34,1.0000,-1,-1,-1
79,4,301.03,288.03,80.74,141.52,1.0000,-1,-1,-1
79,8,1189.26,231.20,76.48,160.79,1.0000,-1,-1,-1
79,11,958.45,234.15,59.91,164.83,1.0000,-1,-1,-1
79,12,155.81,325.38,88.18,150.38,1.0000,-1,-1,-1
79,13,1264.62,307.89,56.65,175.05,1.0000,-1,-1,-1
79,14,974.77,178.00,109.77,151.82,1.0000,-1,-1,-1
79,15,727.60,228.58,90.19,161.34,1.0000,-1,-1,-1
79,16,793.41,289.32,47.70,146.77,1.0000,-1,-1,-1
80,4,294.69,289.86,84.30,141.26,1.0000,-1,-1,-1
80,8,1185.28,228.97,79.35,161.96,1.0000,-1,-1,-1
80,11,963.90,233.36,55.97,163.73,1.0000,-1,-1,-1
80,12,153.19,325.36,89.54,149.49,1.0000,-1,-1,-1
80,13,1271.87,308.66,56.29,173.96,1.0000,-1,-1,-1
80,15,733.17,228.71,90.87,162.56,1.0000,-1,-1,-1
80,16,791.01,291.45,47.25,145.39,1.0000,-1,-1,-1
81,4,285.22,290.79,85.84,140.76,1.0000,-1,-1,-1
81,8,1186.35,228.27,77.21,162.66,1.0000,-1,-1,-1
81,11,968.91,233.68,52.72,160.80,1.0000,-1,-1,-1
81,12,153.90,325.65,87.96,148.73,1.0000,-1,-1,-1
81,13,1279.12,309.44,55.94,172.86,1.0000,-1,-1,-1
81,15,738.75,228.85,91.55,163.77,1.0000,-1,-1,-1
81,16,788.61,293.58,46.80,143.99,1.0000,-1,-1,-1
82,4,280.71,291.43,89.46,140.53,1.0000,-1,-1,-1
82,8,1189.83,227.18,74.03,163.88,1.0000,-1,-1,-1
82,11,970.73,235.54,51.72,158.15,1.0000,-1,-1,-1
82,12,156.34,325.86,85.44,148.13,1.0000,-1,-1,-1
82,13,1286.38,310.23,55.58,171.75,1.0000,-1,-1,-1
82,15,744.34,228.99,92.22,164.98,1.0000,-1,-1,-1
82,16,786.21,295.73,46.34,142.58,1.0000,-1,-1,-1
83,4,266.85,291.70,80.49,139.29,1.0000,-1,-1,-1
83,8,1196.74,227.29,72.34,164.75,1.0000,-1,-1,-1
83,11,972.27,237.61,52.09,156.06,1.0000,-1,-1,-1
83,12,161.28,324.77,82.81,147.78,1.0000,-1,-1,-1
83,13,1293.63,311.01,55.22,170.63,1.0000,-1,-1,-1
83,15,787.81,229.06,77.18,153.70,1.0000,-1,-1,-1
83,16,783.82,297.88,45.88,141.15,1.0000,-1,-1,-1
84,4,258.83,291.96,73.88,138.04,1.0000,-1,-1,-1
84,8,1199.01,228.25,69.83,164.58,1.0000,-1,-1,-1
84,11,974.77,240.23,52.38,153.87,1.0000,-1,-1,-1
84,12,167.39,324.21,79.40,147.06,1.0000,-1,-1,-1
84,13,1300.89,311.80,54.85,169.51,1.0000,-1,-1,-1
84,15,799.05,230.62,74.86,151.29,1.0000,-1,-1,-1
84,16,781.42,300.04,45.41,139.71,1.0000,-1,-1,-1
85,4,253.91,291.78,68.34,137.14,1.0000,-1,-1,-1
85,8,1201.83,226.94,68.97,165.08,1.0000,-1,-1,-1
85,11,978.72,241.07,52.75,149.62,1.0000,-1,-1,-1
85,12,175.89,323.73,73.60,146.56,1.0000,-1,-1,-1
85,13,1308.15,312.60,54.49,168.38,1.0000,-1,-1,-1
85,15,805.25,233.15,72.63,150.60,1.0000,-1,-1,-1
85,16,779.03,302.20,44.93,138.25,1.0000,-1,-1,-1
85,21,1133.48,206.30,84.50,135.97,1.0000,-1,-1,-1
86,4,247.92,291.26,63.11,136.17,1.0000,-1,-1,-1
86,8,1203.61,227.46,69.00,160.66,1.0000,-1,-1,-1
86,11,981.94,240.60,52.59,149.18,1.0000,-1,-1,-1
86,12,184.96,322.54,67.23,146.53,1.0000,-1,-1,-1
86,13,1315.41,313.40,54.12,167.24,1.0000,-1,-1,-1
86,15,814.02,235.34,67.54,149.46,1.0000,-1,-1,-1
86,16,767.42,283.25,51.80,148.27,1.0000,-1,-1,-1
86,21,1137.12,205.72,84.50,135.96,1.0000,-1,-1,-1
87,4,242.51,291.95,60.14,135.76,1.0000,-1,-1,-1
87,8,1201.11,225.33,69.82,159.45,1.0000,-1,-1,-1
87,11,985.15,240.13,52.43,148.73,1.0000,-1,-1,-1
87,12,190.51,322.26,62.99,146.03,1.0000,-1,-1,-1
87,13,1322.67,314.20,53.75,166.10,1.0000,-1,-1,-1
87,15,822.57,236.42,64.48,148.89,1.0000,-1,-1,-1
87,16,762.73,282.07,53.51,149.01,1.0000,-1,-1,-1
87,21,1159.59,210.69,65.94,126.90,1.0000,-1,-1,-1
88,4,236.68,292.87,58.95,135.40,1.0000,-1,-1,-1
88,8,1200.49,218.22,72.67,162.52,1.0000,-1,-1,-1
88,11,988.37,239.66,52.28,148.29,1.0000,-1,-1,-1
88,12,193.60,323.94,60.75,145.13,1.0000,-1,-1,-1
88,13,1329.93,315.00,53.38,164.94,1.0000,-1,-1,-1
88,15,829.80,235.26,60.30,148.13,1.0000,-1,-1,-1
88,16,759.89,282.51,54.26,149.77,1.0000,-1,-1,-1
88,21,1168.06,213.20,56.68,124.02,1.0000,-1,-1,-1
88,22,979.22,249.01,78.18,144.66,1.0000,-1,-1,-1
89,4,231.22,293.37,58.72,134.76,1.0000,-1,-1,-1
89,8,1199.64,218.32,75.35,162.67,1.0000,-1,-1,-1
89,11,991.59,239.20,52.12,147.84,1.0000,-1,-1,-1
89,12,196.84,327.69,62.54,141.82,1.0000,-1,-1,-1
89,13,1337.19,315.81,53.00,163.78,1.0000,-1,-1,-1
89,15,835.25,234.47,58.11,148.92,1.0000,-1,-1,-1
89,16,756.95,282.89,54.59,150.05,1.0000,-1,-1,-1
89,21,1174.00,215.12,49.78,121.70,1.0000,-1,-1,-1
89,22,976.12,247.37,78.48,146.27,1.0000,-1,-1,-1
90,4,223.35,293.74,58.51,134.28,1.0000,-1,-1,-1
90,8,1200.90,217.18,75.19,162.31,1.0000,-1,-1,-1
90,11,994.80,238.73,51.96,147.39,1.0000,-1,-1,-1
90,12,199.34,329.79,67.16,139.03,1.0000,-1,-1,-1
90,13,1344.46,316.63,52.62,162.61,1.0000,-1,-1,-1
90,15,835.14,233.28,60.26,150.07,1.0000,-1,-1,-1
90,16,754.33,283.21,54.95,149.90,1.0000,-1,-1,-1
90,21,1180.00,217.25,45.72,120.82,1.0000,-1,-1,-1
90,22,981.55,246.55,73.76,145.61,1.0000,-1,-1,-1
91,4,215.48,294.12,58.30,133.79,1.0000,-1,-1,-1
91,8,1202.16,216.04,75.02,161.95,1.0000,-1,-1,-1
91,11,1000.98,239.40,51.09,150.23,1.0000,-1,-1,-1
91,12,199.04,312.92,73.24,148.71,1.0000,-1,-1,-1
91,15,838.02,231.55,68.45,152.28,1.0000,-1,-1,-1
91,16,750.06,282.67,54.82,148.76,1.0000,-1,-1,-1
91,21,1183.95,219.79,46.47,126.81,1.0000,-1,-1,-1
91,22,981.92,247.50,72.50,143.13,1.0000,-1,-1,-1
92,4,207.61,294.50,58.08,133.31,1.0000,-1,-1,-1
92,8,1203.41,214.90,74.86,161.60,1.0000,-1,-1,-1
92,11,1004.30,238.92,49.62,152.05,1.0000,-1,-1,-1
92,12,197.27,305.61,76.93,154.51,1.0000,-1,-1,-1
92,15,840.27,230.93,75.39,153.20,1.0000,-1,-1,-1
92,16,745.86,281.67,55.84,145.65,1.0000,-1,-1,-1
92,21,1184.38,220.51,47.70,130.86,1.0000,-1,-1,-1
92,22,982.31,248.48,71.23,140.61,1.0000,-1,-1,-1
93,4,199.74,294.88,57.87,132.82,1.0000,-1,-1,-1
93,8,1204.67,213.76,74.69,161.24,1.0000,-1,-1,-1
93,11,1006.37,238.88,48.60,152.97,1.0000,-1,-1,-1
93,12,196.54,302.51,77.46,157.71,1.0000,-1,-1,-1
93,15,840.46,230.88,80.94,152.54,1.0000,-1,-1,-1
93,16,742.68,282.77,57.14,144.15,1.0000,-1,-1,-1
93,21,1183.52,221.50,52.29,135.30,1.0000,-1,-1,-1
93,22,982.71,249.48,69.93,138.05,1.0000,-1,-1,-1
94,4,193.90,298.05,51.53,130.30,1.0000,-1,-1,-1
94,8,1221.00,217.31,64.17,165.81,1.0000,-1,-1,-1
94,11,1006.79,239.33,49.16,153.96,1.0000,-1,-1,-1
94,12,197.43,308.92,77.94,154.85,1.0000,-1,-1,-1
94,15,840.23,231.75,84.96,151.83,1.0000,-1,-1,-1
94,16,738.65,284.05,58.64,145.13,1.0000,-1,-1,-1
94,21,1181.84,220.95,56.30,137.02,1.0000,-1,-1,-1
94,22,983.13,250.50,68.60,135.43,1.0000,-1,-1,-1
95,4,189.61,298.98,49.79,129.57,1.0000,-1,-1,-1
95,8,1223.05,216.82,63.95,165.25,1.0000,-1,-1,-1
95,11,1005.07,239.74,50.61,153.86,1.0000,-1,-1,-1
95,12,199.08,312.29,78.40,151.82,1.0000,-1,-1,-1
95,15,843.43,234.25,87.11,150.18,1.0000,-1,-1,-1
95,16,735.82,284.97,59.24,144.43,1.0000,-1,-1,-1
95,21,1185.78,223.26,55.42,134.86,1.0000,-1,-1,-1
95,22,983.55,251.55,67.25,132.76,1.0000,-1,-1,-1
96,4,181.91,300.50,52.98,132.45,1.0000,-1,-1,-1
96,8,1232.21,220.53,54.15,166.54,1.0000,-1,-1,-1
96,11,1003.70,240.60,51.23,152.54,1.0000,-1,-1,-1
96,12,206.75,312.04,72.20,150.42,1.0000,-1,-1,-1
96,15,852.09,236.70,83.09,149.75,1.0000,-1,-1,-1
96,16,729.29,286.16,59.21,142.39,1.0000,-1,-1,-1
96,21,1177.12,223.02,60.29,136.56,1.0000,-1,-1,-1
96,22,983.99,252.63,65.87,130.04,1.0000,-1,-1,-1
97,4,174.33,302.93,55.38,135.61,1.0000,-1,-1,-1
97,8,1236.07,221.98,48.98,168.09,1.0000,-1,-1,-1
97,11,1003.61,242.12,58.80,151.59,1.0000,-1,-1,-1
97,12,214.17,310.97,65.13,148.93,1.0000,-1,-1,-1
97,15,861.58,237.27,76.49,149.20,1.0000,-1,-1,-1
97,16,725.32,287.28,59.63,141.49,1.0000,-1,-1,-1
97,21,1179.95,224.90,59.67,135.16,1.0000,-1,-1,-1
97,22,984.45,253.73,64.46,127.26,1.0000,-1,-1,-1
98,4,166.84,303.82,57.13,136.34,1.0000,-1,-1,-1
98,8,1237.55,222.54,46.14,169.40,1.0000,-1,-1,-1
98,11,1002.93,242.37,66.97,149.75,1.0000,-1,-1,-1
98,12,219.81,310.75,59.67,147.94,1.0000,-1,-1,-1
98,15,869.76,236.84,68.99,148.90,1.0000,-1,-1,-1
98,16,721.33,287.47,59.99,140.28,1.0000,-1,-1,-1
98,21,1182.79,226.79,59.04,133.73,1.0000,-1,-1,-1
98,22,984.92,254.87,63.02,124.42,1.0000,-1,-1,-1
99,4,160.56,305.72,57.79,137.52,1.0000,-1,-1,-1
99,8,1239.31,222.14,43.70,170.79,1.0000,-1,-1,-1
99,11,998.46,242.67,73.45,148.93,1.0000,-1,-1,-1
99,12,222.51,310.67,56.48,146.95,1.0000,-1,-1,-1
99,15,875.48,235.82,63.01,149.10,1.0000,-1,-1,-1
99,16,716.91,289.47,60.03,139.43,1.0000,-1,-1,-1
99,21,1185.64,228.68,58.41,132.30,1.0000,-1,-1,-1
99,22,985.41,256.04,61.55,121.51,1.0000,-1,-1,-1
100,4,153.55,308.99,59.35,139.51,1.0000,-1,-1,-1
100,8,1239.13,221.78,42.72,171.69,1.0000,-1,-1,-1
100,11,992.47,242.67,78.05,148.01,1.0000,-1,-1,-1
100,12,222.27,310.47,55.26,145.87,1.0000,-1,-1,-1
100,15,878.91,230.83,58.96,145.95,1.0000,-1,-1,-1
100,16,712.07,290.70,60.15,138.47,1.0000,-1,-1,-1
100,21,1188.49,230.58,57.77,130.84,1.0000,-1,-1,-1
100,22,985.91,257.25,60.04,118.53,1.0000,-1,-1,-1
101,4,144.15,311.90,59.92,140.31,1.0000,-1,-1,-1
101,8,1235.23,221.70,44.39,172.95,1.0000,-1,-1,-1
101,11,988.32,241.25,77.32,146.65,1.0000,-1,-1,-1
101,12,222.45,310.59,59.25,145.03,1.0000,-1,-1,-1
101,15,880.12,226.09,55.58,138.15,1.0000,-1,-1,-1
101,16,704.64,291.99,60.46,136.26,1.0000,-1,-1,-1
101,21,1187.13,226.36,53.27,132.10,1.0000,-1,-1,-1
101,22,986.44,258.49,58.49,115.47,1.0000,-1,-1,-1
101,25,207.48,662.07,71.51,57.62,1.0000,-1,-1,-1
102,4,137.57,314.60,59.88,140.14,1.0000,-1,-1,-1
102,8,1229.34,221.89,48.01,173.19,1.0000,-1,-1,-1
102,11,986.75,240.62,75.49,146.51,1.0000,-1,-1,-1
102,12,217.47,311.26,60.68,143.62,1.0000,-1,-1,-1
102,15,881.75,225.97,53.21,130.47,1.0000,-1,-1,-1
102,16,698.26,293.07,60.79,135.43,1.0000,-1,-1,-1
102,21,1189.52,228.04,52.56,130.32,1.0000,-1,-1,-1
102,22,986.98,259.78,56.90,112.33,1.0000,-1,-1,-1
102,25,198.57,662.34,70.68,56.95,1.0000,-1,-1,-1
103,4,131.35,316.52,59.72,140.84,1.0000,-1,-1,-1
103,8,1224.00,224.49,52.10,173.50,1.0000,-1,-1,-1
103,11,988.20,239.30,69.82,145.36,1.0000,-1,-1,-1
103,12,214.98,312.36,63.78,142.44,1.0000,-1,-1,-1
103,15,883.06,229.30,50.34,124.55,1.0000,-1,-1,-1
103,16,693.30,293.79,60.92,134.25,1.0000,-1,-1,-1
103,21,1180.68,224.89,56.97,130.11,1.0000,-1,-1,-1
103,22,987.55,261.11,55.26,109.10,1.0000,-1,-1,-1
103,25,189.66,662.60,69.83,56.26,1.0000,-1,-1,-1
104,4,125.59,318.30,59.08,139.74,1.0000,-1,-1,-1
104,8,1224.41,225.23,51.86,172.71,1.0000,-1,-1,-1
104,11,988.74,238.84,69.80,145.31,1.0000,-1,-1,-1
104,12,212.96,312.91,65.99,141.27,1.0000,-1,-1,-1
104,15,881.67,232.32,48.98,118.25,1.0000,-1,-1,-1
104,16,688.68,295.23,61.07,133.56,1.0000,-1,-1,-1
104,21,1177.90,226.13,57.55,129.98,1.0000,-1,-1,-1
104,22,994.15,244.96,51.07,126.50,1.0000,-1,-1,-1
104,25,180.75,662.87,68.97,55.57,1.0000,-1,-1,-1
105,4,120.23,318.62,58.60,139.46,1.0000,-1,-1,-1
105,8,1224.82,225.97,51.62,171.91,1.0000,-1,-1,-1
105,11,989.28,238.39,69.77,145.27,1.0000,-1,-1,-1
105,12,210.99,313.62,68.09,139.94,1.0000,-1,-1,-1
105,15,881.81,235.40,46.61,112.59,1.0000,-1,-1,-1
105,16,682.95,296.98,60.55,132.64,1.0000,-1,-1,-1
105,21,1179.13,227.26,57.00,128.75,1.0000,-1,-1,-1
105,22,995.04,243.76,47.48,129.65,1.0000,-1,-1,-1
105,25,171.85,663.15,68.10,54.87,1.0000,-1,-1,-1
106,4,111.90,320.45,58.19,139.06,1.0000,-1,-1,-1
106,8,1205.60,229.98,64.70,167.23,1.0000,-1,-1,-1
106,11,989.81,237.93,69.75,145.22,1.0000,-1,-1,-1
106,12,219.16,308.63,62.75,137.11,1.0000,-1,-1,-1
106,15,886.47,246.72,52.35,121.68,1.0000,-1,-1,-1
106,16,674.56,299.08,60.44,130.52,1.0000,-1,-1,-1
106,21,1177.98,229.88,53.44,130.75,1.0000,-1,-1,-1
106,22,991.63,242.22,47.45,132.87,1.0000,-1,-1,-1
106,25,180.14,661.94,70.71,57.53,1.0000,-1,-1,-1
107,4,104.62,320.58,57.89,139.10,1.0000,-1,-1,-1
107,8,1198.71,231.52,72.86,165.92,1.0000,-1,-1,-1
107,11,990.35,237.47,69.73,145.18,1.0000,-1,-1,-1
107,12,222.54,307.28,57.63,134.29,1.0000,-1,-1,-1
107,15,886.36,249.84,56.05,127.10,1.0000,-1,-1,-1
107,16,666.74,300.82,61.10,128.40,1.0000,-1,-1,-1
107,21,1176.63,230.49,51.72,132.74,1.0000,-1,-1,-1
107,22,989.35,242.19,49.12,135.21,1.0000,-1,-1,-1
107,25,175.50,662.30,70.52,57.24,1.0000,-1,-1,-1
108,4,98.24,321.75,57.67,137.92,1.0000,-1,-1,-1
108,8,1192.99,232.57,78.85,163.54,1.0000,-1,-1,-1
108,11,990.89,237.02,69.71,145.13,1.0000,-1,-1,-1
108,12,226.19,304.78,56.65,131.32,1.0000,-1,-1,-1
108,15,884.50,250.43,58.37,130.37,1.0000,-1,-1,-1
108,16,660.98,301.92,61.07,127.07,1.0000,-1,-1,-1
108,21,1177.27,232.07,51.16,131.29,1.0000,-1,-1,-1
108,22,987.64,242.20,52.52,136.68,1.0000,-1,-1,-1
108,25,171.95,661.42,73.68,58.01,1.0000,-1,-1,-1
109,4,91.65,323.28,57.71,137.02,1.0000,-1,-1,-1
109,8,1191.91,233.09,78.76,163.35,1.0000,-1,-1,-1
109,11,991.43,236.56,69.69,145.09,1.0000,-1,-1,-1
109,12,224.40,303.60,52.28,130.25,1.0000,-1,-1,-1
109,15,880.99,250.34,60.31,133.56,1.0000,-1,-1,-1
109,16,655.02,302.92,60.44,126.06,1.0000,-1,-1,-1
109,21,1177.91,233.66,50.59,129.83,1.0000,-1,-1,-1
109,22,984.37,243.24,56.01,136.86,1.0000,-1,-1,-1
109,25,166.60,661.32,73.75,58.06,1.0000,-1,-1,-1
110,4,85.90,326.10,57.50,137.76,1.0000,-1,-1,-1
110,8,1190.83,233.62,78.67,163.17,1.0000,-1,-1,-1
110,11,991.97,236.10,69.67,145.04,1.0000,-1,-1,-1
110,12,224.20,302.10,49.88,128.44,1.0000,-1,-1,-1
110,15,878.09,250.39,60.04,134.43,1.0000,-1,-1,-1
110,16,648.92,303.32,60.15,125.28,1.0000,-1,-1,-1
110,21,1178.55,235.26,50.01,128.35,1.0000,-1,-1,-1
110,22,980.19,243.85,60.86,136.23,1.0000,-1,-1,-1
110,25,161.25,661.22,73.81,58.11,1.0000,-1,-1,-1
111,4,76.18,330.56,57.29,140.29,1.0000,-1,-1,-1
111,8,1189.74,234.15,78.58,162.98,1.0000,-1,-1,-1
111,11,992.51,235.65,69.64,145.00,1.0000,-1,-1,-1
111,12,223.89,300.82,48.99,128.07,1.0000,-1,-1,-1
111,15,872.36,250.94,59.32,134.73,1.0000,-1,-1,-1
111,16,638.76,302.10,59.85,125.60,1.0000,-1,-1,-1
111,21,1179.20,236.86,49.43,126.85,1.0000,-1,-1,-1
111,22,972.82,244.98,66.98,134.40,1.0000,-1,-1,-1
111,25,152.63,661.70,75.23,58.13,1.0000,-1,-1,-1
112,4,69.46,334.62,57.12,141.99,1.0000,-1,-1,-1
112,8,1206.42,235.16,73.92,156.25,1.0000,-1,-1,-1
112,11,993.05,235.19,69.62,144.95,1.0000,-1,-1,-1
112,12,222.60,301.58,48.38,128.97,1.0000,-1,-1,-1
112,15,869.91,250.98,57.58,135.73,1.0000,-1,-1,-1
112,16,631.08,300.04,59.52,126.23,1.0000,-1,-1,-1
112,21,1179.85,238.48,48.84,125.34,1.0000,-1,-1,-1
112,22,966.84,246.77,71.93,132.85,1.0000,-1,-1,-1
112,25,146.96,661.64,75.36,58.23,1.0000,-1,-1,-1
113,4,64.36,337.47,56.24,142.89,1.0000,-1,-1,-1
113,8,1206.60,235.53,73.78,155.95,1.0000,-1,-1,-1
113,11,993.59,234.73,69.60,144.91,1.0000,-1,-1,-1
113,12,222.71,302.51,49.53,129.57,1.0000,-1,-1,-1
113,15,867.18,250.43,55.68,136.44,1.0000,-1,-1,-1
113,16,625.02,298.84,59.08,127.07,1.0000,-1,-1,-1
113,21,1180.50,240.10,48.24,123.80,1.0000,-1,-1,-1
113,22,962.08,248.49,75.94,131.26,1.0000,-1,-1,-1
113,25,140.14,662.08,75.76,57.75,1.0000,-1,-1,-1
114,4,60.26,340.00,55.49,143.34,1.0000,-1,-1,-1
114,8,1206.78,235.89,73.63,155.64,1.0000,-1,-1,-1
114,11,994.13,234.28,69.58,144.86,1.0000,-1,-1,-1
114,12,220.40,299.86,49.61,124.16,1.0000,-1,-1,-1
114,15,865.78,251.26,53.91,136.94,1.0000,-1,-1,-1
114,16,618.42,296.90,58.79,127.03,1.0000,-1,-1,-1
114,21,1181.16,241.74,47.64,122.25,1.0000,-1,-1,-1
114,22,955.12,250.18,80.28,130.25,1.0000,-1,-1,-1
114,25,135.98,662.70,77.32,57.52,1.0000,-1,-1,-1
115,4,56.72,343.14,54.72,143.55,1.0000,-1,-1,-1
115,8,1206.97,236.25,73.49,155.34,1.0000,-1,-1,-1
115,11,994.67,233.82,69.56,144.82,1.0000,-1,-1,-1
115,12,219.91,304.86,51.11,125.44,1.0000,-1,-1,-1
115,15,864.70,251.38,52.13,137.52,1.0000,-1,-1,-1
115,16,612.89,295.58,58.83,127.21,1.0000,-1,-1,-1
115,21,1181.82,243.38,47.02,120.68,1.0000,-1,-1,-1
115,22,946.88,252.02,83.98,128.99,1.0000,-1,-1,-1
115,25,130.44,662.70,77.47,57.64,1.0000,-1,-1,-1
116,4,52.27,347.42,53.17,144.46,1.0000,-1,-1,-1
116,8,1207.15,236.61,73.35,155.04,1.0000,-1,-1,-1
116,11,995.21,233.36,69.54,144.77,1.0000,-1,-1,-1
116,12,217.62,306.27,52.13,123.71,1.0000,-1,-1,-1
116,15,859.20,252.80,51.38,135.30,1.0000,-1,-1,-1
116,16,603.01,293.19,58.81,127.89,1.0000,-1,-1,-1
116,21,1182.48,245.04,46.40,119.08,1.0000,-1,-1,-1
116,22,938.27,254.83,85.78,127.04,1.0000,-1,-1,-1
116,25,121.06,664.54,77.66,56.28,1.0000,-1,-1,-1
117,4,48.62,350.15,51.66,144.86,1.0000,-1,-1,-1
117,8,1207.33,236.98,73.20,154.73,1.0000,-1,-1,-1
117,11,995.75,232.91,69.52,144.73,1.0000,-1,-1,-1
117,12,216.05,307.43,52.42,123.40,1.0000,-1,-1,-1
117,15,857.37,255.66,51.52,134.83,1.0000,-1,-1,-1
117,16,596.54,291.17,58.87,127.94,1.0000,-1,-1,-1
117,21,1183.15,246.71,45.77,117.47,1.0000,-1,-1,-1
117,22,930.35,256.66,87.67,126.10,1.0000,-1,-1,-1
117,25,112.83,665.87,73.55,54.92,1.0000,-1,-1,-1
118,4,46.02,352.32,50.15,144.65,1.0000,-1,-1,-1
118,8,1207.51,237.34,73.06,154.43,1.0000,-1,-1,-1
118,11,996.29,232.45,69.49,144.68,1.0000,-1,-1,-1
118,12,211.93,308.17,52.59,125.38,1.0000,-1,-1,-1
118,15,856.78,258.88,53.10,135.12,1.0000,-1,-1,-1
118,16,590.98,289.48,58.37,126.64,1.0000,-1,-1,-1
118,21,1183.83,248.38,45.13,115.83,1.0000,-1,-1,-1
118,22,923.46,257.05,88.31,125.79,1.0000,-1,-1,-1
118,25,108.53,666.24,75.57,54.42,1.0000,-1,-1,-1
119,4,43.71,353.25,48.66,144.36,1.0000,-1,-1,-1
119,8,1187.16,248.29,76.61,145.11,1.0000,-1,-1,-1
119,12,211.59,307.25,52.37,128.47,1.0000,-1,-1,-1
119,15,856.32,262.04,54.62,134.75,1.0000,-1,-1,-1
119,16,584.83,287.90,58.37,124.59,1.0000,-1,-1,-1
119,21,1184.50,250.07,44.49,114.16,1.0000,-1,-1,-1
119,22,919.02,256.86,87.49,125.59,1.0000,-1,-1,-1
119,25,102.58,666.47,75.51,54.37,1.0000,-1,-1,-1
120,4,41.91,354.16,47.52,144.12,1.0000,-1,-1,-1
120,8,1183.42,252.45,79.20,140.45,1.0000,-1,-1,-1
120,12,211.84,305.22,52.27,130.00,1.0000,-1,-1,-1
120,15,856.69,263.63,57.47,134.59,1.0000,-1,-1,-1
120,16,580.11,286.09,57.96,122.33,1.0000,-1,-1,-1
120,21,1185.19,251.77,43.83,112.48,1.0000,-1,-1,-1
120,22,918.77,255.68,83.69,125.97,1.0000,-1,-1,-1
120,25,96.64,666.70,75.44,54.32,1.0000,-1,-1,-1
121,4,38.46,356.39,46.01,143.80,1.0000,-1,-1,-1
121,8,1182.21,253.32,79.04,140.16,1.0000,-1,-1,-1
121,12,211.12,301.74,53.28,130.98,1.0000,-1,-1,-1
121,15,855.82,265.37,61.24,137.06,1.0000,-1,-1,-1
121,16,570.65,286.66,58.28,120.45,1.0000,-1,-1,-1
121,21,1185.87,253.49,43.16,110.77,1.0000,-1,-1,-1
121,22,917.63,255.54,77.27,125.70,1.0000,-1,-1,-1
121,25,90.69,666.93,75.37,54.27,1.0000,-1,-1,-1
122,4,36.32,359.07,45.42,143.27,1.0000,-1,-1,-1
122,8,1181.00,254.20,78.87,139.88,1.0000,-1,-1,-1
122,12,212.10,297.98,52.37,130.30,1.0000,-1,-1,-1
122,15,854.83,267.23,62.91,140.41,1.0000,-1,-1,-1
122,16,564.98,286.78,58.47,119.44,1.0000,-1,-1,-1
122,21,1186.57,255.21,42.48,109.03,1.0000,-1,-1,-1
122,22,916.27,255.40,71.68,126.00,1.0000,-1,-1,-1
122,25,84.74,667.16,75.30,54.22,1.0000,-1,-1,-1
123,4,33.01,361.01,46.73,143.25,1.0000,-1,-1,-1
123,8,1179.79,255.07,78.71,139.59,1.0000,-1,-1,-1
123,12,213.16,296.73,51.18,130.41,1.0000,-1,-1,-1
123,15,854.62,268.94,62.89,140.38,1.0000,-1,-1,-1
123,16,560.08,287.50,58.01,118.48,1.0000,-1,-1,-1
123,22,913.99,255.82,67.17,126.07,1.0000,-1,-1,-1
123,25,78.80,667.39,75.23,54.17,1.0000,-1,-1,-1
124,4,29.73,363.15,51.87,143.50,1.0000,-1,-1,-1
124,8,1178.57,255.95,78.55,139.30,1.0000,-1,-1,-1
124,12,211.74,296.80,49.45,131.33,1.0000,-1,-1,-1
124,15,854.82,265.94,58.37,139.84,1.0000,-1,-1,-1
124,16,554.53,288.99,57.97,117.66,1.0000,-1,-1,-1
124,22,912.29,256.27,64.92,126.20,1.0000,-1,-1,-1
124,25,72.85,667.62,75.16,54.13,1.0000,-1,-1,-1
125,4,25.95,366.55,57.57,143.24,1.0000,-1,-1,-1
125,8,1177.36,256.82,78.39,139.01,1.0000,-1,-1,-1
125,12,209.10,296.25,48.91,131.06,1.0000,-1,-1,-1
125,15,857.06,265.20,53.55,138.94,1.0000,-1,-1,-1
125,16,549.80,289.86,58.29,117.01,1.0000,-1,-1,-1
125,22,908.72,257.56,63.06,126.65,1.0000,-1,-1,-1
125,25,66.90,667.85,75.10,54.08,1.0000,-1,-1,-1
126,4,21.30,369.22,62.65,143.42,1.0000,-1,-1,-1
126,8,1176.15,257.70,78.22,138.72,1.0000,-1,-1,-1
126,12,207.37,296.32,50.20,131.07,1.0000,-1,-1,-1
126,15,856.75,266.37,53.45,138.70,1.0000,-1,-1,-1
126,16,545.01,290.95,58.54,116.70,1.0000,-1,-1,-1
126,22,905.31,258.35,62.65,125.84,1.0000,-1,-1,-1
126,25,60.96,668.08,75.03,54.03,1.0000,-1,-1,-1
127,4,12.03,373.59,67.08,143.75,1.0000,-1,-1,-1
127,8,1174.94,258.58,78.06,138.43,1.0000,-1,-1,-1
127,12,204.69,296.13,55.56,130.82,1.0000,-1,-1,-1
127,15,856.44,267.54,53.36,138.46,1.0000,-1,-1,-1
127,16,536.77,292.11,58.73,116.73,1.0000,-1,-1,-1
127,22,896.83,260.26,61.29,124.78,1.0000,-1,-1,-1
127,25,55.01,668.31,74.96,53.98,1.0000,-1,-1,-1
128,4,4.64,376.01,69.54,144.25,1.0000,-1,-1,-1
128,8,1173.73,259.45,77.89,138.14,1.0000,-1,-1,-1
128,12,199.18,294.86,58.80,131.53,1.0000,-1,-1,-1
128,15,856.13,268.71,53.27,138.21,1.0000,-1,-1,-1
128,16,530.92,292.21,58.65,116.69,1.0000,-1,-1,-1
128,22,892.56,262.87,61.45,124.86,1.0000,-1,-1,-1
128,25,49.07,668.54,74.89,53.93,1.0000,-1,-1,-1
129,4,0.79,378.29,70.54,144.55,1.0000,-1,-1,-1
129,8,1172.52,260.33,77.73,137.85,1.0000,-1,-1,-1
129,12,193.39,294.57,60.41,131.94,1.0000,-1,-1,-1
129,15,852.93,270.01,44.61,136.91,1.0000,-1,-1,-1
129,16,525.84,292.83,57.94,116.68,1.0000,-1,-1,-1
129,22,889.32,264.60,61.05,126.01,1.0000,-1,-1,-1
129,25,43.12,668.77,74.82,53.88,1.0000,-1,-1,-1
130,4,-1.58,379.02,69.84,145.15,1.0000,-1,-1,-1
130,8,1171.31,261.21,77.57,137.56,1.0000,-1,-1,-1
130,12,189.93,294.29,60.43,130.94,1.0000,-1,-1,-1
130,15,853.06,270.23,44.34,139.57,1.0000,-1,-1,-1
130,16,520.83,293.12,57.62,116.89,1.0000,-1,-1,-1
130,22,887.29,265.96,60.15,127.45,1.0000,-1,-1,-1
130,25,37.17,669.00,74.75,53.83,1.0000,-1,-1,-1
131,4,-4.22,380.12,66.54,144.84,1.0000,-1,-1,-1
131,8,1170.09,262.09,77.40,137.26,1.0000,-1,-1,-1
131,12,190.33,293.65,59.25,130.11,1.0000,-1,-1,-1
131,15,851.68,271.39,47.96,142.91,1.0000,-1,-1,-1
131,16,515.49,292.60,57.95,117.63,1.0000,-1,-1,-1
131,22,883.89,266.57,60.16,129.29,1.0000,-1,-1,-1
131,25,31.23,669.23,74.68,53.78,1.0000,-1,-1,-1
132,4,-4.57,382.56,62.22,144.93,1.0000,-1,-1,-1
132,8,1168.88,262.97,77.23,136.97,1.0000,-1,-1,-1
132,12,194.75,291.18,56.71,128.93,1.0000,-1,-1,-1
132,15,851.00,272.78,47.85,142.57,1.0000,-1,-1,-1
132,16,506.88,290.70,57.96,119.44,1.0000,-1,-1,-1
132,22,880.21,267.94,59.80,128.51,1.0000,-1,-1,-1
132,25,25.28,669.46,74.61,53.73,1.0000,-1,-1,-1
133,4,-4.42,384.42,58.74,145.52,1.0000,-1,-1,-1
133,8,1128.46,269.48,87.71,153.16,1.0000,-1,-1,-1
133,12,195.81,289.37,52.92,128.25,1.0000,-1,-1,-1
133,15,850.32,274.17,47.74,142.23,1.0000,-1,-1,-1
133,16,502.16,289.54,57.49,121.24,1.0000,-1,-1,-1
133,22,876.53,269.30,59.44,127.73,1.0000,-1,-1,-1
133,25,19.34,669.69,74.55,53.68,1.0000,-1,-1,-1
134,4,-3.99,387.62,55.85,146.70,1.0000,-1,-1,-1
134,8,1125.28,271.04,87.66,153.08,1.0000,-1,-1,-1
134,12,197.25,288.08,48.88,127.97,1.0000,-1,-1,-1
134,15,849.64,275.56,47.62,141.90,1.0000,-1,-1,-1
134,16,497.27,287.28,57.09,122.27,1.0000,-1,-1,-1
134,22,872.85,270.67,59.07,126.94,1.0000,-1,-1,-1
135,4,-3.95,391.82,53.22,147.99,1.0000,-1,-1,-1
135,8,1122.09,272.60,87.62,153.00,1.0000,-1,-1,-1
135,12,198.18,285.92,46.34,126.39,1.0000,-1,-1,-1
135,15,848.96,276.94,47.51,141.56,1.0000,-1,-1,-1
135,16,493.68,286.49,56.08,122.99,1.0000,-1,-1,-1
135,22,869.18,272.05,58.70,126.15,1.0000,-1,-1,-1
135,29,1037.86,264.72,49.76,150.94,1.0000,-1,-1,-1
136,4,-2.40,394.54,53.28,150.31,1.0000,-1,-1,-1
136,8,1118.91,274.15,87.57,152.92,1.0000,-1,-1,-1
136,12,196.76,285.76,45.46,126.00,1.0000,-1,-1,-1
136,15,848.28,278.33,47.39,141.22,1.0000,-1,-1,-1
136,16,489.61,284.88,55.77,123.82,1.0000,-1,-1,-1
136,22,865.50,273.42,58.33,125.36,1.0000,-1,-1,-1
136,29,1032.55,262.75,50.16,151.93,1.0000,-1,-1,-1
137,4,-0.43,399.18,55.20,150.48,1.0000,-1,-1,-1
137,8,1115.72,275.71,87.53,152.84,1.0000,-1,-1,-1
137,12,195.01,287.90,47.70,127.73,1.0000,-1,-1,-1
137,15,847.60,279.72,47.28,140.88,1.0000,-1,-1,-1
137,16,483.58,282.51,55.24,124.75,1.0000,-1,-1,-1
137,22,861.82,274.80,57.96,124.56,1.0000,-1,-1,-1
137,29,1025.83,265.60,48.10,148.86,1.0000,-1,-1,-1
138,4,0.33,402.01,56.99,151.12,1.0000,-1,-1,-1
138,8,1115.53,284.84,80.38,147.20,1.0000,-1,-1,-1
138,12,194.78,290.34,48.94,130.72,1.0000,-1,-1,-1
138,15,846.92,281.11,47.17,140.54,1.0000,-1,-1,-1
138,16,478.25,280.35,56.09,123.64,1.0000,-1,-1,-1
138,22,858.15,276.18,57.59,123.75,1.0000,-1,-1,-1
138,29,1021.40,267.31,47.75,147.52,1.0000,-1,-1,-1
139,4,0.21,404.38,58.05,151.38,1.0000,-1,-1,-1
139,8,1112.82,288.92,76.73,143.09,1.0000,-1,-1,-1
139,12,194.13,291.55,51.35,132.80,1.0000,-1,-1,-1
139,15,846.24,282.50,47.05,140.19,1.0000,-1,-1,-1
139,16,472.87,278.88,56.72,122.23,1.0000,-1,-1,-1
139,22,854.48,277.56,57.21,122.94,1.0000,-1,-1,-1
139,29,1016.36,270.24,48.56,147.09,1.0000,-1,-1,-1
139,32,1061.78,303.27,67.92,137.30,1.0000,-1,-1,-1
140,4,-0.61,407.88,57.88,151.24,1.0000,-1,-1,-1
140,8,1110.76,293.79,75.17,141.49,1.0000,-1,-1,-1
140,12,192.97,291.92,53.57,133.94,1.0000,-1,-1,-1
140,15,845.56,283.89,46.94,139.85,1.0000,-1,-1,-1
140,16,469.34,278.85,56.97,121.32,1.0000,-1,-1,-1
140,22,850.81,278.95,56.83,122.12,1.0000,-1,-1,-1
140,29,1010.68,269.40,47.93,146.25,1.0000,-1,-1,-1
140,32,1053.25,307.29,71.12,143.92,1.0000,-1,-1,-1
141,4,-1.58,411.57,56.67,149.89,1.0000,-1,-1,-1
141,8,1107.52,296.02,75.02,141.21,1.0000,-1,-1,-1
141,12,191.85,291.13,55.71,135.30,1.0000,-1,-1,-1
141,15,844.89,285.28,46.82,139.51,1.0000,-1,-1,-1
141,16,465.98,278.94,56.80,120.73,1.0000,-1,-1,-1
141,22,847.14,280.33,56.45,121.30,1.0000,-1,-1,-1
141,29,1004.90,269.90,47.65,145.41,1.0000,-1,-1,-1
141,32,1046.90,310.18,73.74,149.23,1.0000,-1,-1,-1
142,4,-2.75,413.99,54.21,149.93,1.0000,-1,-1,-1
142,8,1104.28,298.25,74.87,140.92,1.0000,-1,-1,-1
142,12,192.43,288.60,56.09,134.46,1.0000,-1,-1,-1
142,15,844.21,286.67,46.70,139.16,1.0000,-1,-1,-1
142,16,458.66,280.11,57.18,120.07,1.0000,-1,-1,-1
142,22,843.47,281.73,56.06,120.47,1.0000,-1,-1,-1
142,29,999.12,270.39,47.38,144.56,1.0000,-1,-1,-1
142,32,1040.60,313.17,76.28,154.37,1.0000,-1,-1,-1
143,4,-2.85,414.41,52.24,149.87,1.0000,-1,-1,-1
143,8,1101.04,300.47,74.72,140.64,1.0000,-1,-1,-1
143,12,193.27,285.03,55.49,131.99,1.0000,-1,-1,-1
143,15,843.53,288.06,46.59,138.82,1.0000,-1,-1,-1
143,16,454.16,281.01,57.68,119.44,1.0000,-1,-1,-1
143,22,839.80,283.12,55.67,119.64,1.0000,-1,-1,-1
143,29,993.35,270.89,47.10,143.71,1.0000,-1,-1,-1
143,32,1034.35,316.24,78.73,159.34,1.0000,-1,-1,-1
144,4,-1.99,415.55,51.12,149.90,1.0000,-1,-1,-1
144,8,1091.77,313.57,74.59,140.89,1.0000,-1,-1,-1
144,12,192.81,282.87,52.76,130.93,1.0000,-1,-1,-1
144,15,842.85,289.45,46.47,138.47,1.0000,-1,-1,-1
144,16,450.77,281.97,58.41,118.93,1.0000,-1,-1,-1
144,22,836.13,284.52,55.28,118.80,1.0000,-1,-1,-1
144,29,987.57,271.38,46.82,142.85,1.0000,-1,-1,-1
144,32,1028.12,319.38,81.12,164.15,1.0000,-1,-1,-1
145,4,0.35,416.83,50.49,149.69,1.0000,-1,-1,-1
145,8,1091.88,319.75,71.39,141.47,1.0000,-1,-1,-1
145,12,193.66,281.75,50.97,129.71,1.0000,-1,-1,-1
145,15,844.59,280.33,56.09,156.09,1.0000,-1,-1,-1
145,16,447.34,283.80,58.28,118.08,1.0000,-1,-1,-1
145,22,832.47,285.92,54.89,117.96,1.0000,-1,-1,-1
145,29,981.80,271.88,46.53,141.99,1.0000,-1,-1,-1
145,32,1021.93,322.60,83.43,168.83,1.0000,-1,-1,-1
145,34,788.37,168.26,40.13,118.13,1.0000,-1,-1,-1
146,4,5.07,417.40,56.58,149.95,1.0000,-1,-1,-1
146,8,1088.59,321.54,71.78,143.45,1.0000,-1,-1,-1
146,12,195.55,281.88,49.32,129.99,1.0000,-1,-1,-1
146,15,845.58,279.11,67.00,149.72,1.0000,-1,-1,-1
146,16,444.72,285.36,58.86,117.71,1.0000,-1,-1,-1
146,22,828.80,287.32,54.49,117.11,1.0000,-1,-1,-1
146,29,976.02,272.39,46.25,141.12,1.0000,-1,-1,-1
146,32,1015.78,325.87,85.68,173.39,1.0000,-1,-1,-1
146,34,777.86,166.79,47.19,123.69,1.0000,-1,-1,-1
147,4,6.66,421.89,63.69,149.44,1.0000,-1,-1,-1
147,8,1082.71,325.10,73.30,148.59,1.0000,-1,-1,-1
147,12,197.57,281.27,47.18,130.09,1.0000,-1,-1,-1
147,15,843.71,285.30,75.49,154.81,1.0000,-1,-1,-1
147,16,441.28,287.71,59.34,117.73,1.0000,-1,-1,-1
147,29,970.25,272.90,45.96,140.25,1.0000,-1,-1,-1
147,32,1009.65,329.21,87.87,177.83,1.0000,-1,-1,-1
147,34,764.19,167.58,52.54,126.07,1.0000,-1,-1,-1
148,4,7.05,425.93,70.43,148.59,1.0000,-1,-1,-1
148,8,1076.97,328.29,75.69,153.59,1.0000,-1,-1,-1
148,12,199.43,280.89,45.89,130.75,1.0000,-1,-1,-1
148,15,842.11,290.20,80.65,155.82,1.0000,-1,-1,-1
148,16,439.17,289.11,59.26,117.78,1.0000,-1,-1,-1
148,29,964.48,273.40,45.67,139.37,1.0000,-1,-1,-1
148,32,1003.55,332.60,90.01,182.16,1.0000,-1,-1,-1
148,34,757.60,166.58,55.92,127.57,1.0000,-1,-1,-1
149,4,6.85,429.61,76.58,146.93,1.0000,-1,-1,-1
149,8,1076.00,327.14,76.18,155.70,1.0000,-1,-1,-1
149,12,200.25,279.38,45.57,130.46,1.0000,-1,-1,-1
149,15,838.17,288.70,85.28,154.20,1.0000,-1,-1,-1
149,16,438.08,289.99,59.02,117.83,1.0000,-1,-1,-1
149,29,958.71,273.92,45.38,138.48,1.0000,-1,-1,-1
149,32,997.47,336.04,92.10,186.38,1.0000,-1,-1,-1
149,34,754.01,164.36,56.44,127.41,1.0000,-1,-1,-1
150,4,5.64,433.34,81.01,145.53,1.0000,-1,-1,-1
150,8,1072.27,328.10,77.16,157.78,1.0000,-1,-1,-1
150,12,200.88,277.62,45.79,129.19,1.0000,-1,-1,-1
150,15,838.32,289.95,85.45,154.52,1.0000,-1,-1,-1
150,16,437.08,290.18,58.86,117.93,1.0000,-1,-1,-1
150,29,952.94,274.43,45.09,137.59,1.0000,-1,-1,-1
150,32,991.42,339.52,94.14,190.52,1.0000,-1,-1,-1
150,34,751.12,161.92,54.51,126.72,1.0000,-1,-1,-1
150,35,934.90,292.58,117.13,171.11,1.0000,-1,-1,-1
151,4,3.95,435.95,83.61,144.90,1.0000,-1,-1,-1
151,8,1068.51,330.54,77.09,159.14,1.0000,-1,-1,-1
151,12,201.15,277.58,47.43,129.62,1.0000,-1,-1,-1
151,15,838.48,291.20,85.63,154.83,1.0000,-1,-1,-1
151,16,435.19,289.68,58.71,118.53,1.0000,-1,-1,-1
151,29,947.17,274.95,44.80,136.70,1.0000,-1,-1,-1
151,32,985.39,343.05,96.14,194.57,1.0000,-1,-1,-1
151,34,746.72,164.69,52.37,123.88,1.0000,-1,-1,-1
151,35,930.64,294.72,116.78,171.52,1.0000,-1,-1,-1
152,4,1.83,438.46,84.02,144.52,1.0000,-1,-1,-1
152,8,1065.26,334.79,78.20,158.52,1.0000,-1,-1,-1
152,12,200.29,277.08,48.65,127.46,1.0000,-1,-1,-1
152,15,838.63,292.45,85.80,155.15,1.0000,-1,-1,-1
152,16,432.16,288.19,57.62,119.37,1.0000,-1,-1,-1
152,29,941.40,275.47,44.50,135.80,1.0000,-1,-1,-1
152,32,979.38,346.62,98.10,198.53,1.0000,-1,-1,-1
152,34,738.72,165.31,48.08,120.80,1.0000,-1,-1,-1
152,35,925.81,296.22,116.65,171.33,1.0000,-1,-1,-1
153,4,0.29,438.55,83.42,145.02,1.0000,-1,-1,-1
153,8,1062.78,339.06,81.88,156.63,1.0000,-1,-1,-1
153,12,198.45,277.23,50.24,126.41,1.0000,-1,-1,-1
153,15,838.78,293.70,85.98,155.47,1.0000,-1,-1,-1
153,16,429.26,285.47,57.13,120.92,1.0000,-1,-1,-1
153,29,935.63,275.99,44.21,134.89,1.0000,-1,-1,-1
153,32,973.38,350.24,100.02,202.42,1.0000,-1,-1,-1
153,34,732.39,167.24,44.07,116.74,1.0000,-1,-1,-1
153,35,920.97,297.72,116.53,171.15,1.0000,-1,-1,-1
154,4,-0.61,437.65,82.25,145.98,1.0000,-1,-1,-1
154,8,1060.98,341.83,86.84,154.71,1.0000,-1,-1,-1
154,12,198.63,275.65,50.30,123.52,1.0000,-1,-1,-1
154,15,838.94,294.95,86.15,155.78,1.0000,-1,-1,-1
154,16,426.40,282.20,57.01,122.28,1.0000,-1,-1,-1
154,29,926.43,276.77,70.48,142.78,1.0000,-1,-1,-1
154,31,625.12,124.16,64.67,117.98,1.0000,-1,-1,-1
154,32,967.41,353.88,101.91,206.23,1.0000,-1,-1,-1
154,34,727.50,168.98,42.19,114.69,1.0000,-1,-1,-1
154,35,916.14,299.21,116.40,170.96,1.0000,-1,-1,-1
155,4,2.03,437.30,78.44,147.10,1.0000,-1,-1,-1
155,8,1059.70,345.00,92.19,152.36,1.0000,-1,-1,-1
155,12,199.88,275.07,49.78,122.33,1.0000,-1,-1,-1
155,15,839.09,296.20,86.33,156.10,1.0000,-1,-1,-1
155,16,424.69,279.47,56.67,122.84,1.0000,-1,-1,-1
155,29,919.24,276.67,71.35,142.01,1.0000,-1,-1,-1
155,31,623.50,124.64,65.12,118.82,1.0000,-1,-1,-1
155,32,961.45,357.56,103.76,209.98,1.0000,-1,-1,-1
155,34,723.54,169.17,41.03,113.99,1.0000,-1,-1,-1
155,35,911.31,300.71,116.27,170.77,1.0000,-1,-1,-1
156,4,9.06,438.80,71.53,147.76,1.0000,-1,-1,-1
156,8,1060.90,363.48,97.24,139.96,1.0000,-1,-1,-1
156,12,200.27,274.02,49.88,123.62,1.0000,-1,-1,-1
156,15,842.58,336.28,96.93,142.86,1.0000,-1,-1,-1
156,16,423.98,277.35,56.17,123.90,1.0000,-1,-1,-1
156,29,912.05,276.87,66.71,140.63,1.0000,-1,-1,-1
156,31,620.11,131.52,63.86,113.29,1.0000,-1,-1,-1
156,34,721.00,167.25,41.31,115.21,1.0000,-1,-1,-1
156,35,906.47,302.21,116.14,170.58,1.0000,-1,-1,-1
157,4,16.94,442.88,65.11,148.97,1.0000,-1,-1,-1
157,8,1063.27,373.34,101.56,131.81,1.0000,-1,-1,-1
157,12,203.52,271.50,50.88,122.84,1.0000,-1,-1,-1
157,15,839.52,313.38,99.48,159.23,1.0000,-1,-1,-1
157,16,423.19,273.69,56.29,124.35,1.0000,-1,-1,-1
157,29,905.14,278.84,61.75,140.20,1.0000,-1,-1,-1
157,31,618.41,131.31,63.20,112.19,1.0000,-1,-1,-1
157,34,714.86,164.55,42.76,118.12,1.0000,-1,-1,-1
157,35,901.64,303.71,116.02,170.40,1.0000,-1,-1,-1
158,4,22.30,445.36,61.74,151.03,1.0000,-1,-1,-1
158,8,1063.12,375.30,104.43,128.83,1.0000,-1,-1,-1
158,12,206.49,269.25,52.19,123.45,1.0000,-1,-1,-1
158,15,832.74,332.56,101.85,149.39,1.0000,-1,-1,-1
158,16,423.16,271.12,56.38,123.99,1.0000,-1,-1,-1
158,29,899.20,282.25,60.16,142.63,1.0000,-1,-1,-1
158,31,617.56,129.86,63.50,112.73,1.0000,-1,-1,-1
158,34,712.10,163.15,44.64,120.31,1.0000,-1,-1,-1
158,35,896.81,305.21,115.89,170.21,1.0000,-1,-1,-1
159,4,27.95,447.29,61.89,152.47,1.0000,-1,-1,-1
159,8,1065.40,374.48,104.96,128.52,1.0000,-1,-1,-1
159,12,208.56,267.69,54.56,124.27,1.0000,-1,-1,-1
159,15,832.70,335.64,102.10,149.75,1.0000,-1,-1,-1
159,16,422.77,268.25,56.44,122.80,1.0000,-1,-1,-1
159,29,896.53,284.92,61.34,144.35,1.0000,-1,-1,-1
159,31,617.22,128.40,63.41,113.55,1.0000,-1,-1,-1
159,34,709.41,164.47,44.73,120.26,1.0000,-1,-1,-1
159,35,891.97,306.71,115.76,170.02,1.0000,-1,-1,-1
159,38,1042.56,338.49,59.77,138.73,1.0000,-1,-1,-1
160,4,32.53,448.56,64.13,153.48,1.0000,-1,-1,-1
160,8,1067.78,373.01,104.51,128.38,1.0000,-1,-1,-1
160,12,209.65,265.31,56.28,125.27,1.0000,-1,-1,-1
160,15,832.66,338.71,102.34,150.11,1.0000,-1,-1,-1
160,16,422.64,266.57,56.80,121.80,1.0000,-1,-1,-1
160,29,890.64,285.78,61.47,144.66,1.0000,-1,-1,-1
160,31,617.37,126.26,63.35,114.56,1.0000,-1,-1,-1
160,34,708.00,165.66,44.47,119.32,1.0000,-1,-1,-1
160,35,887.14,308.21,115.63,169.83,1.0000,-1,-1,-1
160,38,1043.43,335.83,61.38,142.18,1.0000,-1,-1,-1
161,4,34.64,448.81,67.37,153.81,1.0000,-1,-1,-1
161,8,1070.10,371.18,104.47,129.37,1.0000,-1,-1,-1
161,12,210.23,264.18,57.54,125.89,1.0000,-1,-1,-1
161,15,832.62,341.79,102.59,150.47,1.0000,-1,-1,-1
161,16,422.60,265.69,56.92,121.05,1.0000,-1,-1,-1
161,29,884.74,286.63,61.60,144.97,1.0000,-1,-1,-1
161,31,619.41,126.73,61.99,114.46,1.0000,-1,-1,-1
161,34,707.45,165.34,43.79,118.75,1.0000,-1,-1,-1
161,35,882.31,309.71,115.51,169.65,1.0000,-1,-1,-1
161,38,1040.92,333.30,66.07,146.88,1.0000,-1,-1,-1
162,4,36.23,451.53,70.77,153.93,1.0000,-1,-1,-1
162,8,1077.50,367.96,101.45,131.10,1.0000,-1,-1,-1
162,12,214.82,262.58,60.50,124.66,1.0000,-1,-1,-1
162,15,832.59,344.87,102.83,150.83,1.0000,-1,-1,-1
162,16,422.61,265.58,56.91,120.86,1.0000,-1,-1,-1
162,29,878.85,287.49,61.74,145.27,1.0000,-1,-1,-1
162,31,622.75,128.39,59.49,115.81,1.0000,-1,-1,-1
162,34,702.93,165.15,43.84,118.87,1.0000,-1,-1,-1
162,35,877.47,311.21,115.38,169.46,1.0000,-1,-1,-1
162,38,1039.11,330.90,70.92,151.97,1.0000,-1,-1,-1
163,4,37.40,453.85,73.05,153.07,1.0000,-1,-1,-1
163,8,1086.01,370.76,96.77,130.16,1.0000,-1,-1,-1
163,12,217.74,262.04,61.95,124.06,1.0000,-1,-1,-1
163,15,832.55,347.95,103.08,151.18,1.0000,-1,-1,-1
163,16,423.15,265.94,57.36,121.22,1.0000,-1,-1,-1
163,29,872.95,288.35,61.87,145.58,1.0000,-1,-1,-1
163,31,623.78,130.16,57.34,117.88,1.0000,-1,-1,-1
163,34,698.42,164.96,43.88,118.98,1.0000,-1,-1,-1
163,35,872.64,312.71,115.25,169.27,1.0000,-1,-1,-1
163,38,1038.09,331.26,72.38,154.73,1.0000,-1,-1,-1
164,4,38.28,455.07,73.88,152.77,1.0000,-1,-1,-1
164,8,1093.80,374.92,91.38,128.28,1.0000,-1,-1,-1
164,12,220.02,261.97,62.87,124.11,1.0000,-1,-1,-1
164,15,832.51,351.02,103.32,151.54,1.0000,-1,-1,-1
164,16,423.55,266.49,57.66,121.36,1.0000,-1,-1,-1
164,29,867.06,289.21,62.00,145.89,1.0000,-1,-1,-1
164,31,624.94,133.68,55.38,118.45,1.0000,-1,-1,-1
164,34,704.51,163.77,41.14,118.34,1.0000,-1,-1,-1
164,35,867.81,314.21,115.12,169.08,1.0000,-1,-1,-1
164,38,1038.99,332.74,71.54,155.40,1.0000,-1,-1,-1
165,4,42.27,458.61,72.55,151.27,1.0000,-1,-1,-1
165,8,1104.78,377.43,83.26,126.90,1.0000,-1,-1,-1
165,12,221.14,261.38,63.58,124.59,1.0000,-1,-1,-1
165,15,832.47,354.10,103.56,151.90,1.0000,-1,-1,-1
165,16,423.93,267.08,57.70,121.32,1.0000,-1,-1,-1
165,29,877.27,291.89,58.47,149.67,1.0000,-1,-1,-1
165,31,626.42,134.84,54.76,119.21,1.0000,-1,-1,-1
165,34,704.83,163.90,39.69,118.04,1.0000,-1,-1,-1
165,35,862.97,315.71,114.99,168.89,1.0000,-1,-1,-1
165,37,1205.97,294.15,48.80,133.10,1.0000,-1,-1,-1
165,38,1040.09,333.98,69.48,156.14,1.0000,-1,-1,-1
166,4,49.37,459.78,67.86,151.20,1.0000,-1,-1,-1
166,8,1113.12,378.15,76.73,126.15,1.0000,-1,-1,-1
166,12,223.75,259.05,62.31,124.86,1.0000,-1,-1,-1
166,15,832.44,357.18,103.80,152.25,1.0000,-1,-1,-1
166,16,424.22,267.54,57.76,121.26,1.0000,-1,-1,-1
166,29,875.74,290.99,57.65,152.35,1.0000,-1,-1,-1
166,31,627.59,136.16,55.00,118.20,1.0000,-1,-1,-1
166,34,704.62,164.16,38.62,117.74,1.0000,-1,-1,-1
166,35,858.14,317.21,114.86,168.70,1.0000,-1,-1,-1
166,37,1206.95,294.94,47.47,134.00,1.0000,-1,-1,-1
166,38,1040.53,336.51,67.23,155.51,1.0000,-1,-1,-1
167,4,62.44,460.40,61.82,150.97,1.0000,-1,-1,-1
167,8,1115.26,380.28,76.55,125.85,1.0000,-1,-1,-1
167,12,228.65,256.38,61.54,126.04,1.0000,-1,-1,-1
167,15,832.40,360.26,104.04,152.60,1.0000,-1,-1,-1
167,16,424.97,268.11,57.77,121.01,1.0000,-1,-1,-1
167,29,871.16,292.07,57.74,152.60,1.0000,-1,-1,-1
167,31,628.88,142.69,55.54,116.59,1.0000,-1,-1,-1
167,34,704.02,162.39,38.10,119.37,1.0000,-1,-1,-1
167,36,741.61,305.59,62.05,145.04,1.0000,-1,-1,-1
167,37,1208.21,295.25,47.06,132.85,1.0000,-1,-1,-1
167,38,1042.58,341.40,62.83,152.59,1.0000,-1,-1,-1
168,4,71.10,461.05,57.77,151.79,1.0000,-1,-1,-1
168,8,1124.75,363.64,67.73,124.49,1.0000,-1,-1,-1
168,12,232.26,253.98,59.19,127.13,1.0000,-1,-1,-1
168,15,832.37,363.34,104.28,152.96,1.0000,-1,-1,-1
168,16,425.68,268.14,57.66,120.88,1.0000,-1,-1,-1
168,29,866.59,293.16,57.83,152.84,1.0000,-1,-1,-1
168,31,630.06,146.06,56.26,115.70,1.0000,-1,-1,-1
168,34,703.16,162.23,38.09,119.48,1.0000,-1,-1,-1
168,36,734.42,304.82,62.16,145.30,1.0000,-1,-1,-1
168,37,1209.47,295.56,46.65,131.69,1.0000,-1,-1,-1
168,38,1042.10,344.00,59.73,150.14,1.0000,-1,-1,-1
169,4,77.61,460.49,56.22,151.86,1.0000,-1,-1,-1
169,8,1127.17,364.16,67.50,124.06,1.0000,-1,-1,-1
169,12,236.23,251.29,57.57,127.77,1.0000,-1,-1,-1
169,15,832.33,366.42,104.52,153.31,1.0000,-1,-1,-1
169,16,426.34,267.11,57.60,120.94,1.0000,-1,-1,-1
169,29,862.02,294.24,57.92,153.08,1.0000,-1,-1,-1
169,31,631.40,148.10,56.80,114.85,1.0000,-1,-1,-1
169,34,702.63,160.48,38.40,120.87,1.0000,-1,-1,-1
169,36,727.23,304.05,62.27,145.55,1.0000,-1,-1,-1
169,37,1210.74,295.88,46.23,130.51,1.0000,-1,-1,-1
169,38,1042.11,344.63,57.04,148.73,1.0000,-1,-1,-1
170,4,84.40,457.56,58.47,153.16,1.0000,-1,-1,-1
170,8,1125.15,359.60,64.72,131.72,1.0000,-1,-1,-1
170,12,238.63,248.04,55.37,127.78,1.0000,-1,-1,-1
170,15,832.29,369.50,104.76,153.66,1.0000,-1,-1,-1
170,16,426.34,265.96,57.51,121.79,1.0000,-1,-1,-1
170,29,857.44,295.33,58.02,153.33,1.0000,-1,-1,-1
170,31,634.17,147.89,56.68,114.11,1.0000,-1,-1,-1
170,34,701.66,162.12,38.84,119.82,1.0000,-1,-1,-1
170,36,704.51,305.12,70.18,149.61,1.0000,-1,-1,-1
170,37,1212.00,296.21,45.81,129.33,1.0000,-1,-1,-1
170,38,1043.68,342.77,54.64,149.38,1.0000,-1,-1,-1
171,4,88.62,455.67,65.09,156.78,1.0000,-1,-1,-1
171,8,1125.50,357.48,63.43,135.84,1.0000,-1,-1,-1
171,12,241.34,246.40,53.49,129.08,1.0000,-1,-1,-1
171,15,832.26,372.58,105.00,154.01,1.0000,-1,-1,-1
171,16,426.66,264.73,57.39,122.82,1.0000,-1,-1,-1
171,29,852.87,296.41,58.11,153.57,1.0000,-1,-1,-1
171,31,634.58,147.24,57.52,113.73,1.0000,-1,-1,-1
171,34,701.70,164.18,38.85,118.42,1.0000,-1,-1,-1
171,36,697.43,304.47,70.75,149.20,1.0000,-1,-1,-1
171,37,1213.27,296.54,45.39,128.14,1.0000,-1,-1,-1
171,38,1044.18,338.89,53.20,151.01,1.0000,-1,-1,-1
172,4,90.68,460.08,74.91,156.36,1.0000,-1,-1,-1
172,8,1127.99,353.36,63.89,136.68,1.0000,-1,-1,-1
172,12,243.79,244.99,51.50,129.95,1.0000,-1,-1,-1
172,15,832.22,375.66,105.24,154.36,1.0000,-1,-1,-1
172,16,427.38,262.02,57.24,123.51,1.0000,-1,-1,-1
172,29,848.30,297.50,58.20,153.81,1.0000,-1,-1,-1
172,31,635.02,148.44,57.56,113.80,1.0000,-1,-1,-1
172,34,699.59,164.24,38.77,118.19,1.0000,-1,-1,-1
172,36,689.86,300.74,67.61,149.94,1.0000,-1,-1,-1
172,37,1214.54,296.87,44.96,126.93,1.0000,-1,-1,-1
172,38,1043.85,330.84,53.38,152.32,1.0000,-1,-1,-1
173,4,88.33,463.46,83.08,155.85,1.0000,-1,-1,-1
173,8,1128.42,348.96,64.40,138.39,1.0000,-1,-1,-1
173,12,245.69,244.00,50.40,130.90,1.0000,-1,-1,-1
173,15,832.19,378.75,105.48,154.71,1.0000,-1,-1,-1
173,16,427.25,259.42,57.23,124.16,1.0000,-1,-1,-1
173,29,843.72,298.58,58.29,154.05,1.0000,-1,-1,-1
173,31,636.30,148.25,56.58,113.83,1.0000,-1,-1,-1
173,34,697.48,164.30,38.70,117.96,1.0000,-1,-1,-1
173,36,685.43,297.86,65.39,150.56,1.0000,-1,-1,-1
173,37,1215.81,297.21,44.53,125.71,1.0000,-1,-1,-1
173,38,1043.32,324.26,54.05,154.53,1.0000,-1,-1,-1
174,4,85.35,465.10,89.61,155.53,1.0000,-1,-1,-1
174,8,1128.85,344.89,64.68,137.09,1.0000,-1,-1,-1
174,12,247.44,242.63,50.51,131.76,1.0000,-1,-1,-1
174,16,426.08,256.02,57.81,124.54,1.0000,-1,-1,-1
174,29,839.15,299.67,58.38,154.29,1.0000,-1,-1,-1
174,31,638.10,148.57,54.87,113.57,1.0000,-1,-1,-1
174,34,701.44,164.96,37.71,115.23,1.0000,-1,-1,-1
174,36,672.44,292.65,70.61,150.57,1.0000,-1,-1,-1
174,37,1217.08,297.56,44.10,124.48,1.0000,-1,-1,-1
174,38,1042.34,320.02,54.91,154.76,1.0000,-1,-1,-1
175,4,82.99,467.68,94.18,154.44,1.0000,-1,-1,-1
175,8,1130.48,344.24,64.50,136.71,1.0000,-1,-1,-1
175,12,247.78,240.15,50.00,131.10,1.0000,-1,-1,-1
175,16,425.38,253.41,58.02,125.10,1.0000,-1,-1,-1
175,29,834.58,300.76,58.47,154.53,1.0000,-1,-1,-1
175,31,637.75,147.72,53.41,114.54,1.0000,-1,-1,-1
175,34,699.81,165.01,37.60,114.90,1.0000,-1,-1,-1
175,36,665.62,289.07,74.65,148.93,1.0000,-1,-1,-1
175,37,1218.36,297.91,43.66,123.24,1.0000,-1,-1,-1
175,38,1041.25,318.75,55.88,152.97,1.0000,-1,-1,-1
176,4,84.07,468.62,95.10,154.00,1.0000,-1,-1,-1
176,8,1132.11,343.58,64.32,136.32,1.0000,-1,-1,-1
176,12,246.89,239.74,50.80,131.22,1.0000,-1,-1,-1
176,16,425.40,249.98,58.22,126.27,1.0000,-1,-1,-1
176,29,830.01,301.84,58.56,154.78,1.0000,-1,-1,-1
176,31,637.86,146.25,56.08,116.52,1.0000,-1,-1,-1
176,34,698.19,165.07,37.49,114.56,1.0000,-1,-1,-1
176,36,653.89,286.13,81.55,145.24,1.0000,-1,-1,-1
176,37,1219.64,298.27,43.21,121.99,1.0000,-1,-1,-1
176,38,1039.30,317.64,57.59,151.15,1.0000,-1,-1,-1
177,4,88.00,470.34,91.02,153.80,1.0000,-1,-1,-1
177,8,1133.74,342.93,64.14,135.93,1.0000,-1,-1,-1
177,12,245.81,238.80,50.66,131.92,1.0000,-1,-1,-1
177,16,423.90,246.09,58.82,125.33,1.0000,-1,-1,-1
177,29,848.01,276.78,62.03,148.53,1.0000,-1,-1,-1
177,31,635.50,149.91,54.49,119.14,1.0000,-1,-1,-1
177,34,696.57,165.13,37.38,114.23,1.0000,-1,-1,-1
177,36,640.95,285.33,83.75,140.58,1.0000,-1,-1,-1
177,37,1220.92,298.64,42.76,120.72,1.0000,-1,-1,-1
177,38,1036.22,318.51,59.58,150.22,1.0000,-1,-1,-1
178,4,93.76,471.38,84.28,154.13,1.0000,-1,-1,-1
178,8,1116.96,336.32,63.38,138.34,1.0000,-1,-1,-1
178,12,245.75,237.83,49.80,130.77,1.0000,-1,-1,-1
178,16,423.02,244.52,59.48,123.89,1.0000,-1,-1,-1
178,29,845.79,277.51,63.03,146.77,1.0000,-1,-1,-1
178,31,635.64,151.04,54.51,119.19,1.0000,-1,-1,-1
178,34,694.95,165.19,37.27,113.89,1.0000,-1,-1,-1
178,36,634.23,285.32,84.72,138.76,1.0000,-1,-1,-1
178,37,1222.20,299.01,42.31,119.44,1.0000,-1,-1,-1
178,38,1034.00,318.17,60.81,150.04,1.0000,-1,-1,-1
179,4,103.57,470.91,76.35,155.81,1.0000,-1,-1,-1
179,8,1114.49,330.69,62.98,141.53,1.0000,-1,-1,-1
179,12,246.79,237.20,48.52,129.12,1.0000,-1,-1,-1
179,16,422.24,244.07,60.18,122.72,1.0000,-1,-1,-1
179,29,843.72,277.75,63.92,145.76,1.0000,-1,-1,-1
179,31,635.78,152.18,54.53,119.24,1.0000,-1,-1,-1
179,34,693.33,165.25,37.16,113.56,1.0000,-1,-1,-1
179,36,630.84,283.39,85.26,139.79,1.0000,-1,-1,-1
179,37,1223.48,299.39,41.85,118.14,1.0000,-1,-1,-1
179,38,1032.15,318.69,61.21,150.66,1.0000,-1,-1,-1
179,39,636.95,156.41,63.02,122.68,1.0000,-1,-1,-1
180,4,106.98,472.27,76.39,155.89,1.0000,-1,-1,-1
180,8,1114.38,329.42,62.82,141.16,1.0000,-1,-1,-1
180,12,246.94,236.76,47.10,128.21,1.0000,-1,-1,-1
180,16,421.36,244.09,60.81,121.35,1.0000,-1,-1,-1
180,29,841.15,277.90,64.99,144.50,1.0000,-1,-1,-1
180,31,635.92,153.31,54.55,119.28,1.0000,-1,-1,-1
180,34,691.71,165.31,37.05,113.22,1.0000,-1,-1,-1
180,36,630.56,279.01,86.07,141.01,1.0000,-1,-1,-1
180,37,1224.77,299.78,41.39,116.83,1.0000,-1,-1,-1
180,38,1029.46,318.84,61.71,151.59,1.0000,-1,-1,-1
180,39,638.27,162.15,60.80,117.16,1.0000,-1,-1,-1
181,4,110.39,473.63,76.43,155.97,1.0000,-1,-1,-1
181,8,1108.19,321.47,63.83,138.22,1.0000,-1,-1,-1
181,12,247.28,236.10,45.76,127.21,1.0000,-1,-1,-1
181,16,420.23,244.12,61.19,120.59,1.0000,-1,-1,-1
181,29,840.91,278.00,65.16,143.50,1.0000,-1,-1,-1
181,31,636.06,154.44,54.57,119.33,1.0000,-1,-1,-1
181,34,690.09,165.37,36.94,112.88,1.0000,-1,-1,-1
181,36,629.96,273.25,87.44,143.12,1.0000,-1,-1,-1
181,37,1226.06,300.18,40.92,115.51,1.0000,-1,-1,-1
181,38,1027.41,317.70,60.70,151.08,1.0000,-1,-1,-1
181,39,637.04,171.63,55.40,109.68,1.0000,-1,-1,-1
181,40,129.75,467.37,41.40,164.28,1.0000,-1,-1,-1
182,4,126.26,476.76,72.13,159.01,1.0000,-1,-1,-1
182,8,1100.01,313.63,62.30,133.80,1.0000,-1,-1,-1
182,12,247.63,233.90,44.26,127.93,1.0000,-1,-1,-1
182,16,419.16,245.12,61.80,120.21,1.0000,-1,-1,-1
182,29,839.73,278.42,65.58,143.31,1.0000,-1,-1,-1
182,31,636.20,155.58,54.59,119.37,1.0000,-1,-1,-1
182,34,688.47,165.43,36.83,112.54,1.0000,-1,-1,-1
182,36,631.11,263.74,89.06,145.36,1.0000,-1,-1,-1
182,38,1023.05,313.02,59.85,151.80,1.0000,-1,-1,-1
182,39,635.49,181.90,50.78,102.91,1.0000,-1,-1,-1
182,40,133.17,465.79,42.65,169.27,1.0000,-1,-1,-1
183,4,130.42,479.12,73.61,159.94,1.0000,-1,-1,-1
183,8,1095.61,312.65,60.74,130.48,1.0000,-1,-1,-1
183,12,247.90,232.96,42.65,128.18,1.0000,-1,-1,-1
183,16,418.82,246.18,62.24,119.99,1.0000,-1,-1,-1
183,29,839.51,278.89,66.00,143.59,1.0000,-1,-1,-1
183,31,636.34,156.71,54.61,119.42,1.0000,-1,-1,-1
183,34,691.94,179.48,39.10,101.48,1.0000,-1,-1,-1
183,36,631.69,264.78,85.20,142.77,1.0000,-1,-1,-1
183,38,1020.78,311.76,58.53,152.63,1.0000,-1,-1,-1
183,39,633.94,188.29,47.63,98.61,1.0000,-1,-1,-1
183,40,136.61,464.29,43.87,174.12,1.0000,-1,-1,-1
183,41,776.42,254.31,72.49,187.78,1.0000,-1,-1,-1
184,4,131.05,481.48,77.10,160.41,1.0000,-1,-1,-1
184,8,1091.89,311.85,61.13,128.62,1.0000,-1,-1,-1
184,12,248.82,231.25,41.55,128.36,1.0000,-1,-1,-1
184,16,417.86,246.96,62.52,119.59,1.0000,-1,-1,-1
184,29,839.37,279.69,66.31,144.01,1.0000,-1,-1,-1
184,31,636.48,157.85,54.64,119.47,1.0000,-1,-1,-1
184,34,690.74,180.11,38.95,101.11,1.0000,-1,-1,-1
184,36,639.87,263.04,91.74,139.40,1.0000,-1,-1,-1
184,38,1019.07,307.16,58.52,153.36,1.0000,-1,-1,-1
184,39,633.63,196.93,43.73,90.55,1.0000,-1,-1,-1
184,40,140.06,462.85,45.06,178.84,1.0000,-1,-1,-1
184,41,772.62,251.53,75.23,197.15,1.0000,-1,-1,-1
185,4,130.23,484.13,81.47,160.12,1.0000,-1,-1,-1
185,8,1087.06,310.83,62.65,127.48,1.0000,-1,-1,-1
185,12,250.23,230.41,41.49,127.90,1.0000,-1,-1,-1
185,16,417.04,247.68,62.75,120.13,1.0000,-1,-1,-1
185,29,837.77,280.22,67.09,143.99,1.0000,-1,-1,-1
185,31,636.62,158.98,54.66,119.51,1.0000,-1,-1,-1
185,34,689.54,180.75,38.81,100.73,1.0000,-1,-1,-1
185,36,635.96,259.89,92.33,140.30,1.0000,-1,-1,-1
185,38,1015.62,305.84,58.47,151.69,1.0000,-1,-1,-1
185,39,633.51,205.96,39.45,81.68,1.0000,-1,-1,-1
185,40,143.53,461.47,46.22,183.43,1.0000,-1,-1,-1
185,41,767.87,248.66,79.99,206.05,1.0000,-1,-1,-1
186,4,129.06,485.06,85.52,160.22,1.0000,-1,-1,-1
186,8,1082.26,307.80,65.36,128.44,1.0000,-1,-1,-1
186,12,251.39,230.43,41.82,127.36,1.0000,-1,-1,-1
186,16,415.90,247.26,62.98,120.89,1.0000,-1,-1,-1
186,29,835.19,280.05,68.68,144.24,1.0000,-1,-1,-1
186,31,636.76,160.11,54.68,119.56,1.0000,-1,-1,-1
186,34,688.35,181.39,38.66,100.36,1.0000,-1,-1,-1
186,36,646.45,235.85,96.39,147.50,1.0000,-1,-1,-1
186,38,1013.63,303.55,57.68,149.37,1.0000,-1,-1,-1
186,39,633.65,215.54,34.65,71.74,1.0000,-1,-1,-1
186,40,147.02,460.15,47.35,187.92,1.0000,-1,-1,-1
186,41,763.51,247.58,83.37,211.55,1.0000,-1,-1,-1
187,4,127.55,489.35,87.38,161.06,1.0000,-1,-1,-1
187,8,1072.70,299.13,69.35,133.03,1.0000,-1,-1,-1
187,12,250.90,230.43,40.78,126.10,1.0000,-1,-1,-1
187,16,413.53,245.82,63.36,122.45,1.0000,-1,-1,-1
187,29,833.25,279.78,68.82,144.52,1.0000,-1,-1,-1
187,31,636.90,161.25,54.70,119.61,1.0000,-1,-1,-1
187,34,687.15,182.03,38.52,99.98,1.0000,-1,-1,-1
187,36,643.90,231.04,97.10,148.59,1.0000,-1,-1,-1
187,38,1009.28,300.09,57.11,147.64,1.0000,-1,-1,-1
187,39,634.19,225.93,29.06,60.17,1.0000,-1,-1,-1
187,40,150.51,458.88,48.45,192.29,1.0000,-1,-1,-1
187,41,764.32,279.80,82.36,191.76,1.0000,-1,-1,-1
188,4,129.22,491.40,86.66,161.63,1.0000,-1,-1,-1
188,8,1070.08,296.32,69.21,132.74,1.0000,-1,-1,-1
188,12,251.57,231.41,39.44,125.13,1.0000,-1,-1,-1
188,16,411.61,244.63,63.37,124.14,1.0000,-1,-1,-1
188,29,831.30,279.51,68.95,144.80,1.0000,-1,-1,-1
188,31,637.04,162.38,54.72,119.65,1.0000,-1,-1,-1
188,34,685.96,182.67,38.37,99.60,1.0000,-1,-1,-1
188,36,641.35,226.24,97.80,149.67,1.0000,-1,-1,-1
188,38,1006.49,297.83,56.27,148.13,1.0000,-1,-1,-1
188,39,635.41,237.74,22.10,45.76,1.0000,-1,-1,-1
188,40,154.02,457.66,49.53,196.57,1.0000,-1,-1,-1
188,41,765.26,293.34,81.95,180.90,1.0000,-1,-1,-1
189,4,132.95,493.42,83.64,162.19,1.0000,-1,-1,-1
189,8,1067.45,293.51,69.06,132.46,1.0000,-1,-1,-1
189,12,254.64,228.75,40.63,124.68,1.0000,-1,-1,-1
189,16,409.87,243.04,63.75,126.13,1.0000,-1,-1,-1
189,29,829.35,279.23,69.09,145.09,1.0000,-1,-1,-1
189,31,637.17,163.52,54.74,119.70,1.0000,-1,-1,-1
189,34,684.76,183.31,38.22,99.22,1.0000,-1,-1,-1
189,36,638.81,221.44,98.50,150.73,1.0000,-1,-1,-1
189,38,1002.17,293.85,55.75,148.94,1.0000,-1,-1,-1
189,39,638.44,253.31,11.51,23.83,1.0000,-1,-1,-1
189,40,157.54,456.49,50.59,200.76,1.0000,-1,-1,-1
189,41,764.98,302.41,79.20,172.04,1.0000,-1,-1,-1
190,4,138.27,493.79,78.29,163.05,1.0000,-1,-1,-1
190,8,1051.70,279.53,72.64,130.60,1.0000,-1,-1,-1
190,12,257.11,226.31,43.34,126.04,1.0000,-1,-1,-1
190,16,408.77,243.00,63.92,127.74,1.0000,-1,-1,-1
190,29,827.40,278.96,69.22,145.37,1.0000,-1,-1,-1
190,31,637.31,164.65,54.76,119.74,1.0000,-1,-1,-1
190,34,683.57,183.95,38.08,98.84,1.0000,-1,-1,-1
190,36,636.26,216.65,99.19,151.79,1.0000,-1,-1,-1
190,38,1000.03,290.13,55.34,151.16,1.0000,-1,-1,-1
190,39,636.18,257.91,11.51,23.83,1.0000,-1,-1,-1
190,40,161.08,455.36,51.62,204.87,1.0000,-1,-1,-1
190,41,763.63,308.39,78.29,166.60,1.0000,-1,-1,-1
191,4,146.30,495.26,70.94,163.44,1.0000,-1,-1,-1
191,8,1048.13,275.70,72.51,130.36,1.0000,-1,-1,-1
191,12,257.83,225.30,45.33,127.82,1.0000,-1,-1,-1
191,16,407.83,242.68,63.47,129.36,1.0000,-1,-1,-1
191,29,834.30,286.13,64.96,144.42,1.0000,-1,-1,-1
191,31,637.45,165.78,54.78,119.79,1.0000,-1,-1,-1
191,34,682.37,184.59,37.93,98.45,1.0000,-1,-1,-1
191,36,633.72,211.86,99.88,152.85,1.0000,-1,-1,-1
191,38,997.71,286.91,53.96,155.68,1.0000,-1,-1,-1
191,39,633.92,262.52,11.51,23.83,1.0000,-1,-1,-1
191,40,164.62,454.26,52.64,208.89,1.0000,-1,-1,-1
191,41,763.15,311.62,77.33,163.79,1.0000,-1,-1,-1
192,4,149.38,497.21,70.96,163.49,1.0000,-1,-1,-1
192,8,1044.56,271.87,72.37,130.11,1.0000,-1,-1,-1
192,12,259.00,224.31,45.23,127.53,1.0000,-1,-1,-1
192,16,406.43,243.27,62.84,130.32,1.0000,-1,-1,-1
192,29,826.07,287.51,69.35,144.06,1.0000,-1,-1,-1
192,31,637.59,166.92,54.80,119.84,1.0000,-1,-1,-1
192,34,681.18,185.23,37.78,98.07,1.0000,-1,-1,-1
192,36,622.93,221.25,100.82,151.72,1.0000,-1,-1,-1
192,38,991.95,280.62,53.14,155.55,1.0000,-1,-1,-1
192,39,631.66,267.12,11.51,23.83,1.0000,-1,-1,-1
192,40,168.29,494.51,46.34,169.62,1.0000,-1,-1,-1
192,41,755.53,314.85,79.52,163.53,1.0000,-1,-1,-1
193,4,152.47,499.15,70.98,163.54,1.0000,-1,-1,-1
193,8,1040.99,268.05,72.23,129.87,1.0000,-1,-1,-1
193,12,256.28,230.65,49.05,126.87,1.0000,-1,-1,-1
193,16,405.71,243.68,62.10,131.12,1.0000,-1,-1,-1
193,29,824.25,287.85,69.48,144.32,1.0000,-1,-1,-1
193,34,679.98,185.88,37.63,97.68,1.0000,-1,-1,-1
193,36,620.44,223.59,101.69,149.55,1.0000,-1,-1,-1
193,38,988.58,276.25,52.85,153.37,1.0000,-1,-1,-1
193,39,629.40,271.73,11.51,23.83,1.0000,-1,-1,-1
193,40,170.34,497.32,48.91,168.67,1.0000,-1,-1,-1
193,41,752.42,323.38,80.57,159.14,1.0000,-1,-1,-1
194,4,163.03,501.02,69.61,163.92,1.0000,-1,-1,-1
194,8,1037.42,264.22,72.10,129.62,1.0000,-1,-1,-1
194,12,252.73,232.15,52.45,126.37,1.0000,-1,-1,-1
194,16,404.63,242.91,61.82,131.94,1.0000,-1,-1,-1
194,29,822.42,288.18,69.61,144.59,1.0000,-1,-1,-1
194,34,678.79,186.52,37.48,97.29,1.0000,-1,-1,-1
194,36,620.94,238.06,101.43,137.60,1.0000,-1,-1,-1
194,38,985.78,273.63,52.79,153.20,1.0000,-1,-1,-1
194,39,627.14,276.33,11.51,23.83,1.0000,-1,-1,-1
194,40,173.83,499.14,49.34,170.16,1.0000,-1,-1,-1
194,41,751.05,326.00,81.09,157.95,1.0000,-1,-1,-1
195,4,165.79,503.69,73.27,163.78,1.0000,-1,-1,-1
195,8,1033.85,260.39,71.96,129.38,1.0000,-1,-1,-1
195,12,249.40,232.38,54.84,126.49,1.0000,-1,-1,-1
195,16,403.09,242.29,61.24,133.14,1.0000,-1,-1,-1
195,29,823.93,289.73,66.83,144.28,1.0000,-1,-1,-1
195,34,677.59,187.17,37.33,96.90,1.0000,-1,-1,-1
195,36,622.62,243.15,100.67,131.20,1.0000,-1,-1,-1
195,38,982.98,271.02,52.74,153.03,1.0000,-1,-1,-1
195,39,624.88,280.94,11.51,23.83,1.0000,-1,-1,-1
195,40,177.32,500.97,49.77,171.65,1.0000,-1,-1,-1
195,41,749.22,330.50,80.94,157.67,1.0000,-1,-1,-1
196,4,165.54,505.52,76.46,163.57,1.0000,-1,-1,-1
196,8,1030.28,256.56,71.82,129.13,1.0000,-1,-1,-1
196,12,246.85,233.51,57.46,125.89,1.0000,-1,-1,-1
196,16,401.50,240.50,60.81,134.96,1.0000,-1,-1,-1
196,29,822.27,290.17,66.93,144.49,1.0000,-1,-1,-1
196,34,676.40,187.81,37.18,96.51,1.0000,-1,-1,-1
196,36,622.42,244.20,98.82,127.93,1.0000,-1,-1,-1
196,38,980.18,268.41,52.68,152.86,1.0000,-1,-1,-1
196,39,622.62,285.54,11.51,23.83,1.0000,-1,-1,-1
196,40,180.82,502.80,50.20,173.12,1.0000,-1,-1,-1
196,41,743.71,277.32,87.79,189.05,1.0000,-1,-1,-1
197,4,162.93,508.71,81.47,163.46,1.0000,-1,-1,-1
197,8,1026.71,252.74,71.68,128.88,1.0000,-1,-1,-1
197,12,244.14,233.66,59.67,125.35,1.0000,-1,-1,-1
197,16,399.06,238.11,60.73,136.97,1.0000,-1,-1,-1
197,29,809.06,290.88,80.74,145.67,1.0000,-1,-1,-1
197,34,675.21,188.46,37.03,96.12,1.0000,-1,-1,-1
197,36,620.25,242.42,96.11,126.94,1.0000,-1,-1,-1
197,38,977.39,265.79,52.62,152.69,1.0000,-1,-1,-1
197,39,620.36,290.14,11.51,23.83,1.0000,-1,-1,-1
197,40,184.32,504.64,50.62,174.57,1.0000,-1,-1,-1
197,41,738.36,258.49,88.31,207.68,1.0000,-1,-1,-1
198,4,161.73,510.69,87.76,164.17,1.0000,-1,-1,-1
198,8,1023.15,248.91,71.55,128.63,1.0000,-1,-1,-1
198,12,241.63,234.82,61.52,124.28,1.0000,-1,-1,-1
198,16,396.69,235.85,60.85,138.69,1.0000,-1,-1,-1
198,29,806.94,291.29,80.96,146.06,1.0000,-1,-1,-1
198,34,674.01,189.11,36.88,95.72,1.0000,-1,-1,-1
198,36,616.17,242.13,94.59,126.51,1.0000,-1,-1,-1
198,38,974.59,263.18,52.56,152.52,1.0000,-1,-1,-1
198,39,618.10,294.75,11.51,23.83,1.0000,-1,-1,-1
198,40,187.82,506.49,51.04,176.02,1.0000,-1,-1,-1
198,41,734.41,248.98,86.26,220.68,1.0000,-1,-1,-1
199,4,160.15,512.14,92.77,164.87,1.0000,-1,-1,-1
199,8,1019.58,245.08,71.41,128.38,1.0000,-1,-1,-1
199,12,239.58,234.72,61.87,124.58,1.0000,-1,-1,-1
199,16,395.14,235.54,60.45,138.66,1.0000,-1,-1,-1
199,29,804.83,291.70,81.17,146.45,1.0000,-1,-1,-1
199,36,613.61,240.47,94.90,126.93,1.0000,-1,-1,-1
199,38,971.79,260.57,52.50,152.35,1.0000,-1,-1,-1
199,40,191.32,508.34,51.46,177.45,1.0000,-1,-1,-1
199,41,730.75,244.58,82.64,229.88,1.0000,-1,-1,-1
199,44,554.61,251.22,48.78,106.54,1.0000,-1,-1,-1
200,4,159.55,513.66,94.94,165.08,1.0000,-1,-1,-1
200,8,1016.01,241.26,71.27,128.14,1.0000,-1,-1,-1
200,12,239.35,235.38,61.37,124.47,1.0000,-1,-1,-1
200,16,393.11,235.65,59.95,137.33,1.0000,-1,-1,-1
200,29,802.72,292.11,81.39,146.84,1.0000,-1,-1,-1
200,36,611.05,238.80,95.21,127.34,1.0000,-1,-1,-1
200,38,968.99,257.95,52.44,152.18,1.0000,-1,-1,-1
200,40,194.82,510.20,51.87,178.87,1.0000,-1,-1,-1
200,41,728.15,241.76,76.29,234.12,1.0000,-1,-1,-1
200,44,550.36,254.10,48.27,109.88,1.0000,-1,-1,-1
201,4,160.81,514.66,94.21,165.06,1.0000,-1,-1,-1
201,8,1012.44,237.43,71.13,127.89,1.0000,-1,-1,-1
201,12,242.77,235.67,57.80,123.81,1.0000,-1,-1,-1
201,16,391.69,235.07,59.86,136.48,1.0000,-1,-1,-1
201,29,800.60,292.52,81.60,147.23,1.0000,-1,-1,-1
201,36,591.74,240.44,88.09,128.51,1.0000,-1,-1,-1
201,38,946.31,236.67,61.39,162.23,1.0000,-1,-1,-1
201,40,198.32,512.07,52.28,180.28,1.0000,-1,-1,-1
201,41,724.78,239.94,76.88,235.93,1.0000,-1,-1,-1
201,44,545.90,257.68,48.15,109.60,1.0000,-1,-1,-1
202,4,167.63,515.84,87.15,165.89,1.0000,-1,-1,-1
202,8,1008.87,233.60,70.99,127.64,1.0000,-1,-1,-1
202,12,249.12,233.31,52.12,122.86,1.0000,-1,-1,-1
202,16,388.52,234.01,60.70,136.68,1.0000,-1,-1,-1
202,29,798.49,292.93,81.82,147.61,1.0000,-1,-1,-1
202,36,577.71,241.02,89.32,130.02,1.0000,-1,-1,-1
202,38,932.57,244.98,68.02,147.49,1.0000,-1,-1,-1
202,40,201.83,513.94,52.68,181.68,1.0000,-1,-1,-1
202,41,721.40,238.13,77.46,237.72,1.0000,-1,-1,-1
202,44,541.44,261.25,48.03,109.33,1.0000,-1,-1,-1
203,4,175.38,518.08,78.92,166.89,1.0000,-1,-1,-1
203,8,1005.30,229.78,70.85,127.39,1.0000,-1,-1,-1
203,12,255.19,228.90,50.14,125.03,1.0000,-1,-1,-1
203,16,386.26,235.27,61.69,136.03,1.0000,-1,-1,-1
203,29,790.49,298.73,76.39,149.89,1.0000,-1,-1,-1
203,36,574.09,242.02,89.14,132.77,1.0000,-1,-1,-1
203,38,928.11,241.61,68.14,147.74,1.0000,-1,-1,-1
203,40,205.34,515.81,53.09,183.07,1.0000,-1,-1,-1
203,41,712.41,292.79,66.42,211.63,1.0000,-1,-1,-1
203,44,536.99,264.83,47.91,109.05,1.0000,-1,-1,-1
204,4,183.87,519.98,68.91,167.52,1.0000,-1,-1,-1
204,8,1001.73,225.95,70.71,127.14,1.0000,-1,-1,-1
204,12,258.32,226.82,49.58,125.55,1.0000,-1,-1,-1
204,16,383.41,235.61,62.67,136.19,1.0000,-1,-1,-1
204,29,789.62,299.89,72.66,150.65,1.0000,-1,-1,-1
204,36,569.14,241.20,89.38,133.14,1.0000,-1,-1,-1
204,38,923.66,238.24,68.25,147.98,1.0000,-1,-1,-1
204,40,208.85,517.69,53.49,184.45,1.0000,-1,-1,-1
204,41,709.76,308.08,61.22,197.00,1.0000,-1,-1,-1
204,44,532.53,268.41,47.79,108.78,1.0000,-1,-1,-1
205,4,190.37,521.98,61.21,168.47,1.0000,-1,-1,-1
205,8,998.17,222.13,70.57,126.88,1.0000,-1,-1,-1
205,12,259.60,224.80,49.15,126.08,1.0000,-1,-1,-1
205,16,380.69,236.06,64.14,135.65,1.0000,-1,-1,-1
205,29,786.24,300.64,71.32,151.35,1.0000,-1,-1,-1
205,36,564.20,240.38,89.63,133.50,1.0000,-1,-1,-1
205,38,919.21,234.87,68.36,148.22,1.0000,-1,-1,-1
205,40,212.36,519.58,53.88,185.82,1.0000,-1,-1,-1
205,41,707.15,315.63,57.10,186.70,1.0000,-1,-1,-1
205,44,528.07,271.99,47.67,108.50,1.0000,-1,-1,-1
206,4,196.18,523.46,57.23,170.04,1.0000,-1,-1,-1
206,12,260.76,224.72,50.42,127.18,1.0000,-1,-1,-1
206,16,378.61,236.60,66.12,135.52,1.0000,-1,-1,-1
206,29,781.40,301.13,71.94,151.73,1.0000,-1,-1,-1
206,36,559.25,239.56,89.87,133.87,1.0000,-1,-1,-1
206,38,914.75,231.50,68.47,148.47,1.0000,-1,-1,-1
206,40,215.87,521.47,54.28,187.18,1.0000,-1,-1,-1
206,41,702.34,320.87,56.11,179.19,1.0000,-1,-1,-1
206,44,523.62,275.56,47.55,108.22,1.0000,-1,-1,-1
207,4,202.63,525.80,63.30,171.58,1.0000,-1,-1,-1
207,12,264.29,222.40,52.83,126.27,1.0000,-1,-1,-1
207,16,376.12,238.84,67.14,134.22,1.0000,-1,-1,-1
207,29,769.38,300.62,77.49,153.21,1.0000,-1,-1,-1
207,36,554.31,238.74,90.12,134.23,1.0000,-1,-1,-1
207,38,894.64,230.22,60.43,146.60,1.0000,-1,-1,-1
207,40,219.38,523.36,54.67,188.53,1.0000,-1,-1,-1
207,41,696.70,323.08,56.35,171.26,1.0000,-1,-1,-1
207,44,519.16,279.14,47.42,107.95,1.0000,-1,-1,-1
208,4,203.79,528.01,70.94,172.29,1.0000,-1,-1,-1
208,12,265.00,224.69,56.92,129.28,1.0000,-1,-1,-1
208,16,374.08,239.24,67.45,132.95,1.0000,-1,-1,-1
208,29,761.02,301.26,82.44,153.86,1.0000,-1,-1,-1
208,36,549.37,237.92,90.36,134.59,1.0000,-1,-1,-1
208,38,880.72,225.64,64.07,148.53,1.0000,-1,-1,-1
208,40,222.90,525.26,55.06,189.87,1.0000,-1,-1,-1
208,41,691.04,326.65,56.50,167.12,1.0000,-1,-1,-1
208,44,514.70,282.72,47.30,107.67,1.0000,-1,-1,-1
208,45,712.60,232.53,53.66,144.96,1.0000,-1,-1,-1
208,46,1152.27,268.93,64.87,156.48,1.0000,-1,-1,-1
209,4,201.27,530.66,77.61,172.20,1.0000,-1,-1,-1
209,12,264.01,226.83,61.58,130.77,1.0000,-1,-1,-1
209,16,373.02,239.65,67.59,132.07,1.0000,-1,-1,-1
209,29,770.98,304.82,76.30,152.33,1.0000,-1,-1,-1
209,36,544.42,237.10,90.60,134.95,1.0000,-1,-1,-1
209,38,872.13,223.99,66.10,149.05,1.0000,-1,-1,-1
209,41,685.17,328.23,58.45,164.48,1.0000,-1,-1,-1
209,44,510.24,286.30,47.18,107.39,1.0000,-1,-1,-1
209,45,709.10,231.57,54.41,149.27,1.0000,-1,-1,-1
209,46,1148.94,269.96,59.09,151.41,1.0000,-1,-1,-1
210,4,198.12,533.21,83.76,172.02,1.0000,-1,-1,-1
210,12,261.92,229.36,66.20,131.15,1.0000,-1,-1,-1
210,16,373.09,239.91,67.04,130.83,1.0000,-1,-1,-1
210,29,767.59,305.10,76.18,152.04,1.0000,-1,-1,-1
210,36,539.48,236.28,90.84,135.31,1.0000,-1,-1,-1
210,38,866.90,220.62,67.01,150.44,1.0000,-1,-1,-1
210,41,678.59,329.31,62.09,163.45,1.0000,-1,-1,-1
210,44,505.79,289.88,47.05,107.11,1.0000,-1,-1,-1
210,45,705.96,232.01,55.01,153.46,1.0000,-1,-1,-1
210,46,1146.47,269.88,56.43,151.70,1.0000,-1,-1,-1
211,4,195.11,535.07,88.32,172.09,1.0000,-1,-1,-1
211,12,259.41,230.20,70.46,131.16,1.0000,-1,-1,-1
211,16,373.70,240.45,66.06,130.22,1.0000,-1,-1,-1
211,29,764.60,305.15,76.29,152.11,1.0000,-1,-1,-1
211,36,547.44,257.05,73.85,130.08,1.0000,-1,-1,-1
211,38,865.50,218.71,66.31,148.48,1.0000,-1,-1,-1
211,41,671.14,330.40,66.84,162.85,1.0000,-1,-1,-1
211,44,501.33,293.46,46.93,106.83,1.0000,-1,-1,-1
211,45,704.34,233.20,53.83,153.36,1.0000,-1,-1,-1
211,46,1144.09,266.74,54.98,149.41,1.0000,-1,-1,-1
212,4,200.48,536.74,86.35,172.21,1.0000,-1,-1,-1
212,12,258.97,228.79,74.99,133.27,1.0000,-1,-1,-1
212,16,374.95,241.87,64.42,129.85,1.0000,-1,-1,-1
212,29,759.84,307.41,77.63,150.70,1.0000,-1,-1,-1
212,36,543.42,261.17,69.23,130.47,1.0000,-1,-1,-1
212,38,855.39,217.20,65.78,145.10,1.0000,-1,-1,-1
212,41,664.86,331.92,69.71,161.40,1.0000,-1,-1,-1
212,44,496.88,297.04,46.81,106.55,1.0000,-1,-1,-1
212,45,699.07,235.71,53.48,154.93,1.0000,-1,-1,-1
212,46,1140.26,263.42,53.07,146.51,1.0000,-1,-1,-1
213,4,209.29,537.27,78.93,172.35,1.0000,-1,-1,-1
213,12,260.17,228.87,75.06,133.40,1.0000,-1,-1,-1
213,16,377.04,241.59,62.48,130.19,1.0000,-1,-1,-1
213,29,753.27,306.51,81.24,151.12,1.0000,-1,-1,-1
213,36,541.16,263.80,66.96,130.10,1.0000,-1,-1,-1
213,38,845.66,214.81,64.33,144.25,1.0000,-1,-1,-1
213,41,659.33,333.71,73.71,160.34,1.0000,-1,-1,-1
213,44,492.42,300.62,46.68,106.26,1.0000,-1,-1,-1
213,45,695.59,238.75,53.11,157.03,1.0000,-1,-1,-1
213,46,1137.58,262.23,53.04,147.08,1.0000,-1,-1,-1
214,4,212.36,537.05,72.65,172.46,1.0000,-1,-1,-1
214,12,261.37,228.94,75.13,133.53,1.0000,-1,-1,-1
214,16,379.03,240.09,60.58,131.36,1.0000,-1,-1,-1
214,29,749.15,306.49,84.01,151.08,1.0000,-1,-1,-1
214,36,538.20,264.07,67.93,130.29,1.0000,-1,-1,-1
214,38,838.91,211.77,64.37,144.34,1.0000,-1,-1,-1
214,41,645.71,335.15,81.51,160.61,1.0000,-1,-1,-1
214,44,487.96,304.20,46.56,105.98,1.0000,-1,-1,-1
214,45,691.88,240.61,53.61,158.90,1.0000,-1,-1,-1
214,46,1134.81,259.51,54.68,149.29,1.0000,-1,-1,-1
215,4,219.98,538.14,64.66,173.14,1.0000,-1,-1,-1
215,12,262.58,229.02,75.21,133.66,1.0000,-1,-1,-1
215,16,378.54,236.76,60.24,133.38,1.0000,-1,-1,-1
215,29,748.09,306.47,83.93,150.60,1.0000,-1,-1,-1
215,36,535.62,265.33,68.49,129.62,1.0000,-1,-1,-1
215,38,832.16,208.72,64.41,144.42,1.0000,-1,-1,-1
215,41,638.87,335.59,86.07,160.48,1.0000,-1,-1,-1
215,44,483.51,307.78,46.43,105.70,1.0000,-1,-1,-1
215,45,688.54,242.95,54.16,159.88,1.0000,-1,-1,-1
215,46,1131.71,256.49,56.38,151.19,1.0000,-1,-1,-1
215,47,507.21,313.38,66.44,129.73,1.0000,-1,-1,-1
216,4,225.19,538.80,58.25,173.84,1.0000,-1,-1,-1
216,12,267.04,222.84,70.36,130.33,1.0000,-1,-1,-1
216,16,369.32,227.10,65.87,140.81,1.0000,-1,-1,-1
216,29,745.86,306.36,83.45,150.47,1.0000,-1,-1,-1
216,36,531.45,266.35,68.47,129.57,1.0000,-1,-1,-1
216,38,825.41,205.68,64.45,144.51,1.0000,-1,-1,-1
216,41,631.45,335.88,91.98,160.80,1.0000,-1,-1,-1
216,44,452.06,287.61,76.34,139.27,1.0000,-1,-1,-1
216,45,687.13,246.51,52.97,159.36,1.0000,-1,-1,-1
216,46,1129.61,258.60,57.91,154.07,1.0000,-1,-1,-1
216,47,504.71,318.56,74.46,141.27,1.0000,-1,-1,-1
217,4,233.09,538.68,53.90,173.87,1.0000,-1,-1,-1
217,12,274.46,210.62,61.23,129.91,1.0000,-1,-1,-1
217,16,365.77,221.84,69.17,144.37,1.0000,-1,-1,-1
217,29,734.34,304.73,86.13,151.53,1.0000,-1,-1,-1
217,36,527.28,267.37,68.44,129.51,1.0000,-1,-1,-1
217,38,818.66,202.64,64.48,144.59,1.0000,-1,-1,-1
217,41,617.24,334.67,93.22,160.89,1.0000,-1,-1,-1
217,44,444.60,295.40,76.89,134.09,1.0000,-1,-1,-1
217,45,687.03,247.48,52.00,159.47,1.0000,-1,-1,-1
217,46,1125.13,258.40,61.27,158.97,1.0000,-1,-1,-1
217,47,506.88,326.00,85.30,153.71,1.0000,-1,-1,-1
218,4,236.15,540.34,53.85,173.69,1.0000,-1,-1,-1
218,12,275.90,209.11,61.22,129.90,1.0000,-1,-1,-1
218,16,363.07,218.42,71.97,146.76,1.0000,-1,-1,-1
218,29,730.13,305.09,85.19,151.59,1.0000,-1,-1,-1
218,36,523.11,268.39,68.41,129.46,1.0000,-1,-1,-1
218,38,811.91,199.59,64.52,144.68,1.0000,-1,-1,-1
218,41,615.22,333.40,89.39,161.38,1.0000,-1,-1,-1
218,44,440.49,300.03,78.22,130.40,1.0000,-1,-1,-1
218,45,686.68,247.15,51.38,159.27,1.0000,-1,-1,-1
218,46,1121.92,257.27,61.48,159.50,1.0000,-1,-1,-1
218,47,520.68,332.78,80.91,155.62,1.0000,-1,-1,-1
219,4,242.25,539.68,63.26,174.06,1.0000,-1,-1,-1
219,12,277.34,207.61,61.22,129.88,1.0000,-1,-1,-1
219,16,361.26,215.90,74.07,148.68,1.0000,-1,-1,-1
219,29,729.88,306.57,81.83,151.19,1.0000,-1,-1,-1
219,36,518.94,269.41,68.38,129.41,1.0000,-1,-1,-1
219,38,805.16,196.55,64.56,144.76,1.0000,-1,-1,-1
219,41,614.78,332.31,84.36,161.57,1.0000,-1,-1,-1
219,44,438.41,303.85,78.83,127.23,1.0000,-1,-1,-1
219,45,685.35,246.40,51.71,159.96,1.0000,-1,-1,-1
219,46,1118.72,256.14,61.68,160.03,1.0000,-1,-1,-1
219,47,524.72,338.23,76.60,157.02,1.0000,-1,-1,-1
220,4,243.28,540.23,73.25,173.33,1.0000,-1,-1,-1
220,12,278.78,206.10,61.21,129.87,1.0000,-1,-1,-1
220,16,360.69,214.37,75.51,149.74,1.0000,-1,-1,-1
220,29,727.09,308.31,79.12,150.80,1.0000,-1,-1,-1
220,36,514.77,270.44,68.35,129.35,1.0000,-1,-1,-1
220,38,798.41,193.51,64.60,144.85,1.0000,-1,-1,-1
220,41,611.35,331.35,79.72,162.04,1.0000,-1,-1,-1
220,44,435.67,307.78,80.11,125.35,1.0000,-1,-1,-1
220,45,682.54,245.47,52.73,160.35,1.0000,-1,-1,-1
220,46,1113.74,251.43,61.56,156.23,1.0000,-1,-1,-1
220,47,520.19,341.43,77.89,163.27,1.0000,-1,-1,-1
221,4,243.17,540.46,81.80,173.16,1.0000,-1,-1,-1
221,12,275.95,187.49,54.46,139.22,1.0000,-1,-1,-1
221,16,359.47,213.13,75.61,149.93,1.0000,-1,-1,-1
221,29,722.42,307.76,77.69,152.27,1.0000,-1,-1,-1
221,36,510.60,271.46,68.32,129.30,1.0000,-1,-1,-1
221,38,791.66,190.46,64.64,144.93,1.0000,-1,-1,-1
221,41,608.74,330.36,75.58,162.95,1.0000,-1,-1,-1
221,44,434.50,313.93,80.24,127.79,1.0000,-1,-1,-1
221,45,680.58,244.66,53.71,161.07,1.0000,-1,-1,-1
221,46,1110.38,249.83,61.68,156.54,1.0000,-1,-1,-1
221,47,516.27,310.38,81.95,185.91,1.0000,-1,-1,-1
222,4,242.06,540.78,89.40,172.75,1.0000,-1,-1,-1
222,12,276.78,185.02,54.44,139.17,1.0000,-1,-1,-1
222,16,358.25,211.89,75.71,150.13,1.0000,-1,-1,-1
222,29,718.65,308.20,77.84,152.56,1.0000,-1,-1,-1
222,36,506.42,272.48,68.30,129.24,1.0000,-1,-1,-1
222,38,784.91,187.42,64.68,145.02,1.0000,-1,-1,-1
222,41,603.58,331.90,74.26,162.53,1.0000,-1,-1,-1
222,44,429.82,316.76,81.07,129.11,1.0000,-1,-1,-1
222,45,678.03,245.53,54.08,162.18,1.0000,-1,-1,-1
222,46,1107.02,248.24,61.80,156.84,1.0000,-1,-1,-1
222,47,517.00,310.77,84.75,192.24,1.0000,-1,-1,-1
223,4,239.24,540.88,96.24,172.78,1.0000,-1,-1,-1
223,12,276.17,187.43,47.94,143.13,1.0000,-1,-1,-1
223,16,357.04,210.65,75.80,150.32,1.0000,-1,-1,-1
223,29,714.87,308.64,77.98,152.84,1.0000,-1,-1,-1
223,36,512.28,270.88,61.86,133.20,1.0000,-1,-1,-1
223,38,778.16,184.37,64.71,145.10,1.0000,-1,-1,-1
223,41,597.67,332.65,75.68,162.80,1.0000,-1,-1,-1
223,44,425.15,319.59,81.90,130.42,1.0000,-1,-1,-1
223,45,676.69,242.44,54.39,162.62,1.0000,-1,-1,-1
223,46,1099.81,240.82,57.38,153.49,1.0000,-1,-1,-1
223,47,529.42,336.69,78.17,176.75,1.0000,-1,-1,-1
223,48,375.33,218.54,61.41,146.49,1.0000,-1,-1,-1
224,4,242.69,541.74,96.39,173.05,1.0000,-1,-1,-1
224,12,276.77,185.47,44.42,146.33,1.0000,-1,-1,-1
224,16,355.82,209.40,75.90,150.51,1.0000,-1,-1,-1
224,29,711.10,309.07,78.13,153.13,1.0000,-1,-1,-1
224,36,512.56,268.20,59.56,137.78,1.0000,-1,-1,-1
224,38,771.41,181.33,64.75,145.19,1.0000,-1,-1,-1
224,41,595.15,333.52,76.47,162.55,1.0000,-1,-1,-1
224,44,420.47,322.43,82.71,131.72,1.0000,-1,-1,-1
224,45,676.17,242.04,53.45,161.85,1.0000,-1,-1,-1
224,46,1096.93,238.00,55.34,150.65,1.0000,-1,-1,-1
224,47,538.68,344.89,81.53,171.81,1.0000,-1,-1,-1
224,48,369.52,215.18,65.97,151.06,1.0000,-1,-1,-1
225,4,239.20,541.40,99.66,172.80,1.0000,-1,-1,-1
225,12,276.70,185.98,42.34,147.70,1.0000,-1,-1,-1
225,16,354.61,208.16,76.00,150.71,1.0000,-1,-1,-1
225,29,707.33,309.51,78.27,153.41,1.0000,-1,-1,-1
225,36,511.86,261.88,60.68,137.36,1.0000,-1,-1,-1
225,38,764.66,178.29,64.79,145.27,1.0000,-1,-1,-1
225,41,594.16,333.97,76.55,161.95,1.0000,-1,-1,-1
225,44,415.81,325.28,83.52,133.01,1.0000,-1,-1,-1
225,45,676.12,242.64,52.37,161.32,1.0000,-1,-1,-1
225,46,1093.70,235.13,54.99,148.79,1.0000,-1,-1,-1
225,47,546.57,351.95,77.35,169.07,1.0000,-1,-1,-1
225,48,366.90,213.98,68.19,152.90,1.0000,-1,-1,-1
226,4,242.18,542.13,99.82,173.09,1.0000,-1,-1,-1
226,12,276.89,184.57,42.27,147.49,1.0000,-1,-1,-1
226,16,353.39,206.92,76.10,150.90,1.0000,-1,-1,-1
226,29,703.56,309.95,78.42,153.70,1.0000,-1,-1,-1
226,36,509.15,256.23,62.53,137.60,1.0000,-1,-1,-1
226,38,757.91,175.24,64.83,145.36,1.0000,-1,-1,-1
226,41,598.36,333.97,73.99,161.92,1.0000,-1,-1,-1
226,44,411.14,328.13,84.32,134.28,1.0000,-1,-1,-1
226,45,674.01,243.06,52.61,162.06,1.0000,-1,-1,-1
226,46,1090.77,233.06,54.15,147.96,1.0000,-1,-1,-1
226,47,552.99,357.92,72.10,164.78,1.0000,-1,-1,-1
226,48,365.90,213.33,69.47,152.79,1.0000,-1,-1,-1
227,4,245.16,542.86,99.99,173.38,1.0000,-1,-1,-1
227,12,277.09,183.16,42.21,147.27,1.0000,-1,-1,-1
227,16,352.18,205.68,76.19,151.09,1.0000,-1,-1,-1
227,29,699.79,310.39,78.56,153.98,1.0000,-1,-1,-1
227,36,500.78,249.01,68.05,140.27,1.0000,-1,-1,-1
227,38,751.16,172.20,64.86,145.44,1.0000,-1,-1,-1
227,41,594.42,334.69,73.89,161.70,1.0000,-1,-1,-1
227,44,406.48,330.99,85.11,135.54,1.0000,-1,-1,-1
227,45,671.91,243.48,52.85,162.80,1.0000,-1,-1,-1
227,46,1086.20,231.68,53.53,147.01,1.0000,-1,-1,-1
227,47,556.77,362.36,72.88,166.57,1.0000,-1,-1,-1
227,48,372.36,211.98,68.70,153.05,1.0000,-1,-1,-1
228,4,248.14,543.59,100.15,173.66,1.0000,-1,-1,-1
228,12,277.29,181.74,42.15,147.06,1.0000,-1,-1,-1
228,16,350.96,204.44,76.29,151.28,1.0000,-1,-1,-1
228,29,696.01,310.83,78.71,154.26,1.0000,-1,-1,-1
228,36,492.68,243.34,74.51,143.90,1.0000,-1,-1,-1
228,38,744.41,169.16,64.90,145.53,1.0000,-1,-1,-1
228,41,590.49,335.42,73.79,161.48,1.0000,-1,-1,-1
228,44,401.82,333.85,85.89,136.79,1.0000,-1,-1,-1
228,45,669.81,243.90,53.09,163.54,1.0000,-1,-1,-1
228,46,1079.36,229.13,55.62,148.63,1.0000,-1,-1,-1
228,47,560.55,366.81,73.66,168.34,1.0000,-1,-1,-1
228,48,378.93,212.13,64.59,153.00,1.0000,-1,-1,-1
229,4,251.12,544.32,100.32,173.95,1.0000,-1,-1,-1
229,12,277.49,180.33,42.09,146.84,1.0000,-1,-1,-1
229,16,349.75,203.20,76.39,151.48,1.0000,-1,-1,-1
229,29,692.24,311.27,78.85,154.55,1.0000,-1,-1,-1
229,36,485.40,239.57,80.30,144.94,1.0000,-1,-1,-1
229,41,586.55,336.14,73.69,161.26,1.0000,-1,-1,-1
229,44,397.17,336.72,86.67,138.02,1.0000,-1,-1,-1
229,45,667.70,244.33,53.33,164.27,1.0000,-1,-1,-1
229,46,1074.59,231.88,57.19,147.49,1.0000,-1,-1,-1
229,47,564.34,371.26,74.42,170.09,1.0000,-1,-1,-1
229,48,382.45,212.74,61.05,152.79,1.0000,-1,-1,-1
230,4,254.11,545.05,100.48,174.23,1.0000,-1,-1,-1
230,12,277.69,178.92,42.03,146.63,1.0000,-1,-1,-1
230,16,348.53,201.96,76.48,151.67,1.0000,-1,-1,-1
230,29,688.47,311.71,79.00,154.83,1.0000,-1,-1,-1
230,36,477.64,235.24,86.07,146.91,1.0000,-1,-1,-1
230,41,588.18,338.97,76.55,175.72,1.0000,-1,-1,-1
230,44,392.52,339.59,87.44,139.25,1.0000,-1,-1,-1
230,45,665.60,244.75,53.57,165.00,1.0000,-1,-1,-1
230,46,1070.05,230.98,56.61,145.24,1.0000,-1,-1,-1
230,47,568.14,375.73,75.18,171.82,1.0000,-1,-1,-1
230,48,382.48,212.12,59.95,153.39,1.0000,-1,-1,-1
231,4,257.09,545.78,100.65,174.51,1.0000,-1,-1,-1
231,12,277.89,177.51,41.97,146.41,1.0000,-1,-1,-1
231,16,347.32,200.72,76.58,151.86,1.0000,-1,-1,-1
231,29,689.54,322.68,68.18,148.91,1.0000,-1,-1,-1
231,36,467.76,231.43,89.71,148.39,1.0000,-1,-1,-1
231,41,588.53,336.96,81.62,185.21,1.0000,-1,-1,-1
231,44,387.87,342.47,88.20,140.47,1.0000,-1,-1,-1
231,45,663.50,245.18,53.80,165.73,1.0000,-1,-1,-1
231,46,1067.11,226.55,55.63,144.04,1.0000,-1,-1,-1
231,47,571.94,380.20,75.93,173.54,1.0000,-1,-1,-1
231,48,381.45,203.20,59.51,159.11,1.0000,-1,-1,-1
232,4,260.07,546.51,100.81,174.80,1.0000,-1,-1,-1
232,12,278.09,176.10,41.90,146.20,1.0000,-1,-1,-1
232,16,346.10,199.48,76.68,152.05,1.0000,-1,-1,-1
232,29,683.32,324.07,66.50,146.47,1.0000,-1,-1,-1
232,36,460.56,227.98,92.90,147.32,1.0000,-1,-1,-1
232,41,576.89,329.02,73.95,179.18,1.0000,-1,-1,-1
232,44,383.23,345.36,88.96,141.67,1.0000,-1,-1,-1
232,45,661.39,245.61,54.04,166.45,1.0000,-1,-1,-1
232,46,1063.15,224.56,55.45,143.57,1.0000,-1,-1,-1
232,47,584.71,381.98,98.14,167.25,1.0000,-1,-1,-1
232,48,379.71,204.65,60.49,159.93,1.0000,-1,-1,-1
233,4,263.05,547.24,100.97,175.08,1.0000,-1,-1,-1
233,12,274.92,193.45,50.66,139.76,1.0000,-1,-1,-1
233,16,344.89,198.24,76.77,152.24,1.0000,-1,-1,-1
233,29,681.45,323.60,64.69,145.85,1.0000,-1,-1,-1
233,36,453.49,225.43,97.25,145.99,1.0000,-1,-1,-1
233,41,573.68,325.44,67.32,176.71,1.0000,-1,-1,-1
233,44,378.59,348.25,89.71,142.87,1.0000,-1,-1,-1
233,45,659.29,246.04,54.27,167.17,1.0000,-1,-1,-1
233,46,1058.71,221.00,52.22,141.54,1.0000,-1,-1,-1
233,47,585.27,385.14,104.10,165.35,1.0000,-1,-1,-1
233,48,379.21,204.96,65.17,160.99,1.0000,-1,-1,-1
234,4,266.03,547.97,101.13,175.36,1.0000,-1,-1,-1
234,12,275.18,193.03,50.63,139.67,1.0000,-1,-1,-1
234,16,343.67,197.00,76.87,152.43,1.0000,-1,-1,-1
234,29,677.54,324.39,64.72,145.91,1.0000,-1,-1,-1
234,36,446.22,224.41,102.83,148.22,1.0000,-1,-1,-1
234,41,571.13,325.95,64.13,173.12,1.0000,-1,-1,-1
234,44,373.95,351.14,90.45,144.05,1.0000,-1,-1,-1
234,45,657.19,246.47,54.50,167.89,1.0000,-1,-1,-1
234,46,1054.60,218.91,51.96,140.83,1.0000,-1,-1,-1
234,47,589.73,387.81,105.46,163.77,1.0000,-1,-1,-1
234,48,375.77,206.02,66.13,160.47,1.0000,-1,-1,-1
235,4,269.01,548.70,101.30,175.64,1.0000,-1,-1,-1
235,12,268.08,195.11,55.79,138.02,1.0000,-1,-1,-1
235,16,342.46,195.76,76.97,152.62,1.0000,-1,-1,-1
235,29,674.87,315.46,68.00,150.36,1.0000,-1,-1,-1
235,36,440.94,222.01,104.69,148.19,1.0000,-1,-1,-1
235,41,571.08,327.38,65.46,170.96,1.0000,-1,-1,-1
235,44,369.32,354.04,91.19,145.23,1.0000,-1,-1,-1
235,45,655.09,246.90,54.74,168.60,1.0000,-1,-1,-1
235,46,1050.50,216.84,51.70,140.12,1.0000,-1,-1,-1
235,47,598.47,390.55,102.37,161.73,1.0000,-1,-1,-1
235,48,374.10,206.61,67.13,160.10,1.0000,-1,-1,-1
236,4,271.99,549.43,101.46,175.92,1.0000,-1,-1,-1
236,12,264.86,196.12,58.62,136.56,1.0000,-1,-1,-1
236,29,671.20,315.55,68.06,150.49,1.0000,-1,-1,-1
236,36,435.10,220.93,104.57,147.40,1.0000,-1,-1,-1
236,41,567.25,328.72,70.92,168.64,1.0000,-1,-1,-1
236,44,364.69,356.95,91.92,146.39,1.0000,-1,-1,-1
236,45,652.99,247.33,54.97,169.32,1.0000,-1,-1,-1
236,46,1046.40,214.76,51.43,139.41,1.0000,-1,-1,-1
236,47,603.56,393.71,103.53,163.57,1.0000,-1,-1,-1
236,48,371.53,207.16,68.35,159.51,1.0000,-1,-1,-1
237,4,292.15,544.93,101.45,172.20,1.0000,-1,-1,-1
237,12,259.52,196.60,60.18,134.83,1.0000,-1,-1,-1
237,29,667.52,315.65,68.12,150.63,1.0000,-1,-1,-1
237,36,429.41,217.23,100.46,148.65,1.0000,-1,-1,-1
237,41,563.75,328.70,70.84,168.45,1.0000,-1,-1,-1
237,45,650.89,247.77,55.20,170.02,1.0000,-1,-1,-1
237,46,1042.29,212.68,51.17,138.69,1.0000,-1,-1,-1
237,47,608.66,396.88,104.69,165.39,1.0000,-1,-1,-1
237,48,366.54,206.20,70.72,161.17,1.0000,-1,-1,-1
238,4,296.14,545.25,101.60,172.46,1.0000,-1,-1,-1
238,12,254.64,197.67,59.75,132.98,1.0000,-1,-1,-1
238,29,663.85,315.74,68.18,150.76,1.0000,-1,-1,-1
238,36,426.23,215.17,95.22,148.86,1.0000,-1,-1,-1
238,41,560.25,328.68,70.76,168.26,1.0000,-1,-1,-1
238,45,648.79,248.21,55.43,170.73,1.0000,-1,-1,-1
238,46,1038.19,210.61,50.90,137.97,1.0000,-1,-1,-1
238,47,632.33,349.80,97.26,183.54,1.0000,-1,-1,-1
238,48,363.00,206.48,71.88,161.84,1.0000,-1,-1,-1
239,4,300.12,545.57,101.76,172.72,1.0000,-1,-1,-1
239,12,252.02,198.71,61.58,133.58,1.0000,-1,-1,-1
239,29,660.18,315.83,68.24,150.89,1.0000,-1,-1,-1
239,36,422.64,214.70,91.08,147.14,1.0000,-1,-1,-1
239,41,556.75,328.66,70.68,168.07,1.0000,-1,-1,-1
239,45,646.69,248.65,55.65,171.43,1.0000,-1,-1,-1
239,46,1034.09,208.54,50.63,137.24,1.0000,-1,-1,-1
239,47,640.92,349.76,93.82,189.19,1.0000,-1,-1,-1
239,48,363.61,205.78,70.08,160.54,1.0000,-1,-1,-1
240,4,304.10,545.89,101.91,172.98,1.0000,-1,-1,-1
240,12,247.98,199.84,61.62,133.83,1.0000,-1,-1,-1
240,29,656.51,315.92,68.30,151.03,1.0000,-1,-1,-1
240,36,420.74,215.62,85.98,146.87,1.0000,-1,-1,-1
240,41,553.25,328.64,70.60,167.88,1.0000,-1,-1,-1
240,45,644.60,249.09,55.88,172.13,1.0000,-1,-1,-1
240,46,1029.99,206.47,50.36,136.51,1.0000,-1,-1,-1
240,47,648.59,364.78,94.39,183.17,1.0000,-1,-1,-1
240,48,359.30,209.34,69.90,158.84,1.0000,-1,-1,-1
241,4,308.08,546.21,102.06,173.24,1.0000,-1,-1,-1
241,12,244.63,200.18,62.27,132.85,1.0000,-1,-1,-1
241,29,652.84,316.01,68.36,151.16,1.0000,-1,-1,-1
241,36,420.71,217.26,80.83,147.02,1.0000,-1,-1,-1
241,41,538.20,338.73,80.70,187.63,1.0000,-1,-1,-1
241,46,1025.89,204.40,50.09,135.78,1.0000,-1,-1,-1
241,47,655.77,366.87,97.69,179.97,1.0000,-1,-1,-1
241,48,355.40,209.85,71.05,158.42,1.0000,-1,-1,-1
242,4,312.06,546.53,102.22,173.50,1.0000,-1,-1,-1
242,12,239.73,201.64,61.72,131.36,1.0000,-1,-1,-1
242,29,649.16,316.11,68.42,151.29,1.0000,-1,-1,-1
242,36,420.02,217.61,72.68,146.87,1.0000,-1,-1,-1
242,41,536.48,330.65,69.96,181.12,1.0000,-1,-1,-1
242,46,1021.79,202.33,49.82,135.04,1.0000,-1,-1,-1
242,47,666.99,362.53,99.09,174.44,1.0000,-1,-1,-1
242,48,352.16,212.41,72.10,156.95,1.0000,-1,-1,-1
243,4,316.04,546.85,102.37,173.76,1.0000,-1,-1,-1
243,12,233.64,203.03,61.32,131.33,1.0000,-1,-1,-1
243,29,645.49,316.20,68.48,151.43,1.0000,-1,-1,-1
243,36,421.71,219.97,64.87,146.13,1.0000,-1,-1,-1
243,41,537.19,329.41,66.08,176.10,1.0000,-1,-1,-1
243,46,1017.69,200.27,49.55,134.30,1.0000,-1,-1,-1
243,47,676.72,362.11,97.45,169.98,1.0000,-1,-1,-1
243,48,350.27,214.88,72.34,155.59,1.0000,-1,-1,-1
244,4,320.02,547.17,102.52,174.01,1.0000,-1,-1,-1
244,12,230.46,203.53,61.37,130.81,1.0000,-1,-1,-1
244,29,641.82,316.29,68.54,151.56,1.0000,-1,-1,-1
244,36,422.27,220.09,59.92,144.57,1.0000,-1,-1,-1
244,41,535.21,329.59,63.88,172.87,1.0000,-1,-1,-1
244,46,983.21,200.77,69.64,147.81,1.0000,-1,-1,-1
244,47,685.21,363.05,93.55,166.29,1.0000,-1,-1,-1
244,48,347.00,217.80,70.86,153.23,1.0000,-1,-1,-1
245,4,324.00,547.49,102.67,174.27,1.0000,-1,-1,-1
245,12,227.59,205.18,62.12,131.29,1.0000,-1,-1,-1
245,29,638.15,316.38,68.60,151.69,1.0000,-1,-1,-1
245,36,421.85,215.70,57.57,137.17,1.0000,-1,-1,-1
245,41,535.61,330.07,65.57,170.17,1.0000,-1,-1,-1
245,46,977.70,198.80,69.76,148.05,1.0000,-1,-1,-1
245,47,689.76,364.92,87.64,162.54,1.0000,-1,-1,-1
245,48,344.41,219.48,70.88,151.14,1.0000,-1,-1,-1
246,4,327.98,547.81,102.82,174.53,1.0000,-1,-1,-1
246,12,224.78,205.80,62.41,132.35,1.0000,-1,-1,-1
246,29,634.48,316.48,68.66,151.83,1.0000,-1,-1,-1
246,36,419.96,218.00,56.75,134.76,1.0000,-1,-1,-1
246,41,535.17,330.33,68.31,168.60,1.0000,-1,-1,-1
246,46,973.62,198.23,75.51,150.71,1.0000,-1,-1,-1
246,47,692.55,365.42,81.96,160.68,1.0000,-1,-1,-1
246,48,342.76,221.37,71.46,148.96,1.0000,-1,-1,-1
247,4,331.97,548.13,102.98,174.79,1.0000,-1,-1,-1
247,12,220.05,205.12,61.57,131.11,1.0000,-1,-1,-1
247,29,630.80,316.57,68.72,151.96,1.0000,-1,-1,-1
247,36,415.07,215.11,55.55,133.95,1.0000,-1,-1,-1
247,41,532.80,331.15,70.51,167.22,1.0000,-1,-1,-1
247,46,968.41,196.39,75.72,151.12,1.0000,-1,-1,-1
247,47,691.64,361.60,87.49,161.25,1.0000,-1,-1,-1
247,48,340.81,221.39,71.81,149.70,1.0000,-1,-1,-1
247,52,588.44,333.12,110.55,207.19,1.0000,-1,-1,-1
248,4,335.95,548.46,103.13,175.04,1.0000,-1,-1,-1
248,12,216.50,205.11,61.07,129.86,1.0000,-1,-1,-1
248,29,627.13,316.66,68.78,152.09,1.0000,-1,-1,-1
248,36,411.14,213.77,55.43,133.69,1.0000,-1,-1,-1
248,41,529.99,331.89,71.67,166.17,1.0000,-1,-1,-1
248,46,963.20,194.55,75.92,151.52,1.0000,-1,-1,-1
248,47,712.76,358.44,85.69,160.10,1.0000,-1,-1,-1
248,48,338.86,221.40,72.17,150.44,1.0000,-1,-1,-1
248,52,593.98,327.58,116.46,218.26,1.0000,-1,-1,-1
249,4,339.93,548.78,103.28,175.30,1.0000,-1,-1,-1
249,12,213.04,208.01,60.47,131.83,1.0000,-1,-1,-1
249,29,623.46,316.75,68.84,152.23,1.0000,-1,-1,-1
249,36,407.22,212.43,55.32,133.42,1.0000,-1,-1,-1
249,41,527.49,333.15,72.54,165.12,1.0000,-1,-1,-1
249,46,957.98,192.71,76.12,151.93,1.0000,-1,-1,-1
249,47,720.82,354.24,83.65,159.17,1.0000,-1,-1,-1
249,48,336.91,221.42,72.52,151.17,1.0000,-1,-1,-1
249,52,629.65,356.46,96.18,183.47,1.0000,-1,-1,-1
250,4,343.91,549.10,103.43,175.56,1.0000,-1,-1,-1
250,12,209.46,211.73,60.82,134.75,1.0000,-1,-1,-1
250,29,619.79,316.85,68.90,152.36,1.0000,-1,-1,-1
250,36,403.30,211.10,55.21,133.15,1.0000,-1,-1,-1
250,41,525.50,334.16,73.15,163.81,1.0000,-1,-1,-1
250,46,952.77,190.87,76.33,152.33,1.0000,-1,-1,-1
250,47,726.79,348.24,83.42,154.32,1.0000,-1,-1,-1
250,48,334.97,221.44,72.87,151.90,1.0000,-1,-1,-1
250,52,643.34,366.32,82.94,168.18,1.0000,-1,-1,-1
251,4,347.89,549.42,103.58,175.81,1.0000,-1,-1,-1
251,12,205.50,213.16,62.08,136.52,1.0000,-1,-1,-1
251,36,399.37,209.76,55.10,132.88,1.0000,-1,-1,-1
251,41,523.43,334.70,73.21,162.54,1.0000,-1,-1,-1
251,46,947.56,189.03,76.53,152.73,1.0000,-1,-1,-1
251,47,729.30,344.60,82.55,148.85,1.0000,-1,-1,-1
251,48,333.02,221.47,73.21,152.62,1.0000,-1,-1,-1
251,52,654.42,371.55,73.46,158.84,1.0000,-1,-1,-1
252,4,351.88,549.75,103.73,176.07,1.0000,-1,-1,-1
252,12,201.74,216.57,62.64,135.63,1.0000,-1,-1,-1
252,36,395.45,208.42,54.99,132.61,1.0000,-1,-1,-1
252,41,519.53,335.56,72.99,161.54,1.0000,-1,-1,-1
252,46,942.35,187.20,76.73,153.13,1.0000,-1,-1,-1
252,47,733.10,340.57,79.79,145.62,1.0000,-1,-1,-1
252,48,331.08,221.49,73.56,153.34,1.0000,-1,-1,-1
252,52,668.39,370.78,67.80,155.42,1.0000,-1,-1,-1
253,12,199.50,218.26,63.07,135.01,1.0000,-1,-1,-1
253,36,391.53,207.09,54.88,132.34,1.0000,-1,-1,-1
253,41,517.63,336.35,73.23,160.66,1.0000,-1,-1,-1
253,46,937.14,185.36,76.93,153.53,1.0000,-1,-1,-1
253,47,738.41,336.56,81.11,143.63,1.0000,-1,-1,-1
253,48,345.27,199.82,90.65,164.14,1.0000,-1,-1,-1
253,52,681.94,364.11,72.04,158.90,1.0000,-1,-1,-1
254,12,198.64,216.67,63.38,133.59,1.0000,-1,-1,-1
254,36,387.60,205.75,54.76,132.07,1.0000,-1,-1,-1
254,41,514.56,336.56,74.02,160.88,1.0000,-1,-1,-1
254,46,931.93,183.52,77.13,153.93,1.0000,-1,-1,-1
254,47,741.02,332.45,81.55,139.78,1.0000,-1,-1,-1
254,48,344.90,198.44,91.31,165.32,1.0000,-1,-1,-1
254,52,689.16,359.53,78.45,160.03,1.0000,-1,-1,-1
254,55,636.68,161.43,54.12,119.69,1.0000,-1,-1,-1
255,12,197.55,216.06,63.65,134.50,1.0000,-1,-1,-1
255,36,383.68,204.41,54.65,131.80,1.0000,-1,-1,-1
255,41,510.88,336.76,75.68,160.97,1.0000,-1,-1,-1
255,46,926.72,181.68,77.33,154.33,1.0000,-1,-1,-1
255,47,741.01,331.29,80.68,134.88,1.0000,-1,-1,-1
255,48,344.54,197.06,91.96,166.50,1.0000,-1,-1,-1
255,52,692.88,355.87,84.21,155.72,1.0000,-1,-1,-1
255,55,636.66,159.67,58.12,122.86,1.0000,-1,-1,-1
256,12,197.83,213.56,63.56,134.36,1.0000,-1,-1,-1
256,36,379.76,203.08,54.54,131.53,1.0000,-1,-1,-1
256,41,507.17,337.71,77.23,160.56,1.0000,-1,-1,-1
256,46,921.51,179.85,77.53,154.73,1.0000,-1,-1,-1
256,47,738.58,330.79,79.54,131.21,1.0000,-1,-1,-1
256,48,339.16,218.64,91.28,150.39,1.0000,-1,-1,-1
256,52,696.59,354.32,85.21,149.69,1.0000,-1,-1,-1
256,54,568.84,333.09,66.76,154.80,1.0000,-1,-1,-1
256,55,636.44,158.24,63.60,125.76,1.0000,-1,-1,-1
257,12,198.84,210.40,62.96,134.22,1.0000,-1,-1,-1
257,36,394.58,193.60,58.44,157.11,1.0000,-1,-1,-1
257,41,502.20,340.80,80.78,159.32,1.0000,-1,-1,-1
257,46,916.29,178.01,77.72,155.12,1.0000,-1,-1,-1
257,47,743.15,327.87,79.63,131.36,1.0000,-1,-1,-1
257,48,336.71,221.33,79.51,138.38,1.0000,-1,-1,-1
257,52,699.75,351.79,84.22,146.13,1.0000,-1,-1,-1
257,54,565.34,326.61,69.85,158.08,1.0000,-1,-1,-1
257,55,635.48,156.72,68.58,128.37,1.0000,-1,-1,-1
258,12,199.57,207.50,62.25,133.45,1.0000,-1,-1,-1
258,36,393.35,189.58,62.03,167.16,1.0000,-1,-1,-1
258,41,498.94,342.32,82.97,158.34,1.0000,-1,-1,-1
258,46,911.08,176.18,77.92,155.52,1.0000,-1,-1,-1
258,47,747.73,324.94,79.72,131.51,1.0000,-1,-1,-1
258,48,338.12,224.18,71.80,130.50,1.0000,-1,-1,-1
258,52,703.51,347.37,81.76,145.60,1.0000,-1,-1,-1
258,54,567.87,326.10,68.95,158.55,1.0000,-1,-1,-1
258,55,634.17,156.81,71.29,128.70,1.0000,-1,-1,-1
259,12,200.51,203.85,61.63,133.11,1.0000,-1,-1,-1
259,36,390.66,189.31,65.59,172.28,1.0000,-1,-1,-1
259,41,495.58,344.51,85.05,156.97,1.0000,-1,-1,-1
259,46,905.87,174.34,78.12,155.91,1.0000,-1,-1,-1
259,47,752.31,322.02,79.81,131.66,1.0000,-1,-1,-1
259,48,340.09,226.88,66.03,124.20,1.0000,-1,-1,-1
259,52,705.72,343.96,80.47,146.14,1.0000,-1,-1,-1
259,54,568.56,326.44,68.40,159.35,1.0000,-1,-1,-1
259,55,632.80,158.01,72.83,127.84,1.0000,-1,-1,-1
260,12,201.06,199.91,61.07,133.58,1.0000,-1,-1,-1
260,36,389.37,190.27,67.65,173.52,1.0000,-1,-1,-1
260,41,491.35,346.50,88.26,155.02,1.0000,-1,-1,-1
260,46,900.67,172.51,78.32,156.30,1.0000,-1,-1,-1
260,47,756.88,319.09,79.90,131.80,1.0000,-1,-1,-1
260,48,338.83,226.77,66.04,124.22,1.0000,-1,-1,-1
260,52,702.70,340.19,81.48,147.56,1.0000,-1,-1,-1
260,54,567.55,325.30,68.70,160.55,1.0000,-1,-1,-1
260,55,631.38,157.29,74.01,128.12,1.0000,-1,-1,-1
261,12,201.07,196.77,60.47,133.49,1.0000,-1,-1,-1
261,36,390.72,192.51,67.53,173.17,1.0000,-1,-1,-1
261,41,487.40,348.74,91.41,153.55,1.0000,-1,-1,-1
261,46,895.46,170.68,78.51,156.70,1.0000,-1,-1,-1
261,47,761.46,316.17,79.99,131.95,1.0000,-1,-1,-1
261,48,337.57,226.66,66.06,124.24,1.0000,-1,-1,-1
261,52,702.27,334.44,81.28,149.72,1.0000,-1,-1,-1
261,54,567.99,325.89,68.50,160.02,1.0000,-1,-1,-1
261,55,629.39,134.35,76.85,141.90,1.0000,-1,-1,-1
262,12,200.18,194.11,58.95,132.45,1.0000,-1,-1,-1
262,36,388.89,192.14,67.61,173.38,1.0000,-1,-1,-1
262,41,482.34,352.03,94.28,151.70,1.0000,-1,-1,-1
262,47,766.03,313.24,80.08,132.10,1.0000,-1,-1,-1
262,48,336.31,226.55,66.07,124.27,1.0000,-1,-1,-1
262,52,702.48,326.34,80.56,147.97,1.0000,-1,-1,-1
262,54,569.42,323.70,71.41,160.86,1.0000,-1,-1,-1
262,55,629.25,136.17,76.19,143.01,1.0000,-1,-1,-1
263,12,200.09,191.61,57.32,131.24,1.0000,-1,-1,-1
263,36,388.13,196.23,67.83,170.54,1.0000,-1,-1,-1
263,41,478.09,354.07,96.81,150.76,1.0000,-1,-1,-1
263,47,770.61,310.32,80.17,132.25,1.0000,-1,-1,-1
263,48,338.34,223.88,57.21,122.44,1.0000,-1,-1,-1
263,52,701.40,322.22,81.61,147.57,1.0000,-1,-1,-1
263,54,571.58,323.94,76.35,161.74,1.0000,-1,-1,-1
263,55,628.82,132.87,78.04,146.47,1.0000,-1,-1,-1
263,57,524.54,235.08,56.11,139.53,1.0000,-1,-1,-1
264,12,200.90,190.71,56.61,129.64,1.0000,-1,-1,-1
264,36,386.12,202.41,68.76,165.91,1.0000,-1,-1,-1
264,41,472.81,354.22,96.75,150.62,1.0000,-1,-1,-1
264,47,775.19,307.39,80.26,132.40,1.0000,-1,-1,-1
264,48,338.35,225.11,53.86,124.20,1.0000,-1,-1,-1
264,52,701.36,320.24,83.07,148.82,1.0000,-1,-1,-1
264,54,569.11,323.86,84.27,161.74,1.0000,-1,-1,-1
264,55,628.41,129.61,79.84,149.85,1.0000,-1,-1,-1
264,57,521.17,235.53,56.67,139.23,1.0000,-1,-1,-1
265,12,201.00,190.56,56.26,127.65,1.0000,-1,-1,-1
265,36,387.55,210.03,68.82,159.65,1.0000,-1,-1,-1
265,41,468.20,355.08,95.57,150.43,1.0000,-1,-1,-1
265,47,779.76,304.47,80.35,132.55,1.0000,-1,-1,-1
265,48,337.38,222.51,52.98,125.47,1.0000,-1,-1,-1
265,52,701.40,317.90,85.65,147.78,1.0000,-1,-1,-1
265,54,575.23,324.99,86.04,161.07,1.0000,-1,-1,-1
265,55,636.02,141.52,69.70,140.22,1.0000,-1,-1,-1
265,57,518.65,236.61,57.27,139.70,1.0000,-1,-1,-1
266,12,200.64,188.74,55.34,125.57,1.0000,-1,-1,-1
266,36,388.41,215.08,68.83,155.04,1.0000,-1,-1,-1
266,41,463.09,355.67,92.92,150.31,1.0000,-1,-1,-1
266,47,784.34,301.54,80.44,132.69,1.0000,-1,-1,-1
266,48,335.72,219.70,54.16,127.02,1.0000,-1,-1,-1
266,52,700.59,316.13,87.89,147.72,1.0000,-1,-1,-1
266,54,577.33,326.32,87.60,158.87,1.0000,-1,-1,-1
266,55,636.24,139.88,70.68,142.20,1.0000,-1,-1,-1
266,57,517.39,238.32,57.35,140.74,1.0000,-1,-1,-1
267,12,200.32,188.15,54.87,121.24,1.0000,-1,-1,-1
267,36,392.58,219.61,64.56,149.30,1.0000,-1,-1,-1
267,41,453.41,353.91,88.21,151.52,1.0000,-1,-1,-1
267,47,788.92,298.62,80.53,132.84,1.0000,-1,-1,-1
267,48,330.99,219.96,56.67,131.52,1.0000,-1,-1,-1
267,52,704.51,313.53,87.64,147.30,1.0000,-1,-1,-1
267,54,575.91,329.95,89.34,155.78,1.0000,-1,-1,-1
267,55,636.46,138.25,71.65,144.16,1.0000,-1,-1,-1
267,57,496.03,236.87,71.68,147.06,1.0000,-1,-1,-1
268,12,200.13,187.89,55.06,117.96,1.0000,-1,-1,-1
268,36,392.31,230.03,60.90,146.86,1.0000,-1,-1,-1
268,41,446.77,352.66,82.78,152.52,1.0000,-1,-1,-1
268,47,793.49,295.69,80.62,132.99,1.0000,-1,-1,-1
268,48,327.95,220.16,59.00,134.04,1.0000,-1,-1,-1
268,52,696.83,308.02,87.94,143.69,1.0000,-1,-1,-1
268,54,572.24,333.21,91.86,153.49,1.0000,-1,-1,-1
268,55,636.69,136.63,72.61,146.09,1.0000,-1,-1,-1
268,57,483.97,237.74,81.81,148.55,1.0000,-1,-1,-1
268,59,457.35,540.59,35.12,43.32,1.0000,-1,-1,-1
269,12,198.21,191.63,56.37,120.47,1.0000,-1,-1,-1
269,36,391.12,234.85,57.48,145.15,1.0000,-1,-1,-1
269,41,442.28,351.52,75.76,153.45,1.0000,-1,-1,-1
269,47,798.07,292.77,80.71,133.14,1.0000,-1,-1,-1
269,48,325.74,220.89,61.05,135.18,1.0000,-1,-1,-1
269,52,699.75,305.05,87.65,143.21,1.0000,-1,-1,-1
269,54,565.87,335.18,96.21,152.12,1.0000,-1,-1,-1
269,55,636.93,135.02,73.56,147.99,1.0000,-1,-1,-1
269,57,473.49,239.78,90.93,147.80,1.0000,-1,-1,-1
269,59,462.32,540.25,35.65,43.98,1.0000,-1,-1,-1
270,12,196.92,192.01,57.26,122.36,1.0000,-1,-1,-1
270,36,389.54,236.01,56.22,144.00,1.0000,-1,-1,-1
270,41,438.45,351.35,68.76,153.79,1.0000,-1,-1,-1
270,47,802.65,289.84,80.80,133.28,1.0000,-1,-1,-1
270,48,324.17,220.04,62.30,136.90,1.0000,-1,-1,-1
270,52,702.68,302.08,87.36,142.74,1.0000,-1,-1,-1
270,54,561.07,336.64,99.50,150.88,1.0000,-1,-1,-1
270,55,637.17,133.43,74.49,149.87,1.0000,-1,-1,-1
270,57,462.56,241.05,100.32,147.22,1.0000,-1,-1,-1
270,59,467.29,539.92,36.18,44.62,1.0000,-1,-1,-1
271,12,196.96,190.84,57.00,123.73,1.0000,-1,-1,-1
271,36,390.30,238.32,55.00,142.31,1.0000,-1,-1,-1
271,41,434.27,350.65,62.73,155.38,1.0000,-1,-1,-1
271,47,807.22,286.92,80.89,133.43,1.0000,-1,-1,-1
271,48,323.02,219.26,63.10,138.13,1.0000,-1,-1,-1
271,52,694.84,297.38,88.65,143.57,1.0000,-1,-1,-1
271,54,560.06,337.69,99.51,148.30,1.0000,-1,-1,-1
271,55,637.42,131.85,75.42,151.73,1.0000,-1,-1,-1
271,57,455.55,242.01,106.10,146.35,1.0000,-1,-1,-1
271,59,472.26,539.59,36.69,45.26,1.0000,-1,-1,-1
272,12,198.23,182.68,55.67,122.47,1.0000,-1,-1,-1
272,36,394.28,244.49,54.00,138.57,1.0000,-1,-1,-1
272,41,426.21,354.93,58.99,156.24,1.0000,-1,-1,-1
272,48,320.68,216.92,63.95,139.50,1.0000,-1,-1,-1
272,52,696.90,294.27,88.41,143.17,1.0000,-1,-1,-1
272,54,551.14,337.84,99.35,146.73,1.0000,-1,-1,-1
272,55,637.67,130.28,76.33,153.56,1.0000,-1,-1,-1
272,57,454.37,245.79,108.84,150.23,1.0000,-1,-1,-1
272,59,477.24,539.27,37.20,45.89,1.0000,-1,-1,-1
273,12,198.38,178.68,54.63,123.51,1.0000,-1,-1,-1
273,36,397.36,249.48,53.13,137.01,1.0000,-1,-1,-1
273,41,419.17,359.34,57.80,158.66,1.0000,-1,-1,-1
273,48,319.97,216.15,64.23,140.33,1.0000,-1,-1,-1
273,52,698.97,291.17,88.16,142.78,1.0000,-1,-1,-1
273,54,543.82,337.30,97.19,147.05,1.0000,-1,-1,-1
273,55,637.93,128.72,77.23,155.37,1.0000,-1,-1,-1
273,57,448.23,245.52,111.37,153.72,1.0000,-1,-1,-1
273,59,482.23,538.95,37.71,46.51,1.0000,-1,-1,-1
274,12,198.97,176.85,53.22,124.39,1.0000,-1,-1,-1
274,36,398.89,252.61,53.35,134.46,1.0000,-1,-1,-1
274,41,412.70,363.16,58.27,160.40,1.0000,-1,-1,-1
274,48,321.72,213.67,63.58,137.74,1.0000,-1,-1,-1
274,52,701.04,288.07,87.92,142.38,1.0000,-1,-1,-1
274,54,537.27,338.61,93.57,144.63,1.0000,-1,-1,-1
274,55,643.62,156.02,61.59,128.23,1.0000,-1,-1,-1
274,57,442.11,245.29,113.85,157.14,1.0000,-1,-1,-1
274,59,487.21,538.64,38.20,47.12,1.0000,-1,-1,-1
275,12,200.04,174.01,52.23,124.30,1.0000,-1,-1,-1
275,36,398.71,254.91,53.24,134.19,1.0000,-1,-1,-1
275,41,403.04,365.56,60.98,159.76,1.0000,-1,-1,-1
275,48,323.38,211.73,62.77,137.34,1.0000,-1,-1,-1
275,52,676.33,293.01,82.92,137.53,1.0000,-1,-1,-1
275,54,534.47,338.37,94.22,145.64,1.0000,-1,-1,-1
275,55,643.94,159.50,57.54,123.14,1.0000,-1,-1,-1
275,57,436.02,245.10,116.27,160.49,1.0000,-1,-1,-1
275,59,492.20,538.33,38.69,47.72,1.0000,-1,-1,-1
276,12,201.09,172.44,51.47,125.74,1.0000,-1,-1,-1
276,36,400.30,252.52,53.23,133.62,1.0000,-1,-1,-1
276,41,396.74,368.47,63.41,159.53,1.0000,-1,-1,-1
276,48,328.70,208.92,60.07,138.38,1.0000,-1,-1,-1
276,52,667.71,291.38,84.10,136.01,1.0000,-1,-1,-1
276,54,531.68,338.14,94.87,146.64,1.0000,-1,-1,-1
276,55,643.21,160.43,57.19,121.54,1.0000,-1,-1,-1
276,57,429.96,244.94,118.65,163.77,1.0000,-1,-1,-1
276,59,497.19,538.02,39.17,48.32,1.0000,-1,-1,-1
277,12,201.93,170.09,52.32,124.70,1.0000,-1,-1,-1
277,36,400.82,251.18,53.70,132.68,1.0000,-1,-1,-1
277,41,387.02,375.59,66.62,162.99,1.0000,-1,-1,-1
277,48,333.89,206.81,57.64,138.37,1.0000,-1,-1,-1
277,52,666.88,288.88,83.72,135.40,1.0000,-1,-1,-1
277,54,528.89,337.90,95.52,147.64,1.0000,-1,-1,-1
277,55,643.81,140.52,60.17,134.93,1.0000,-1,-1,-1
277,57,423.92,244.81,120.98,166.98,1.0000,-1,-1,-1
277,59,502.19,537.72,39.65,48.91,1.0000,-1,-1,-1
278,12,202.60,169.31,53.71,123.54,1.0000,-1,-1,-1
278,36,400.03,249.86,54.82,132.72,1.0000,-1,-1,-1
278,41,381.68,379.08,69.58,166.56,1.0000,-1,-1,-1
278,48,337.70,205.88,55.41,137.36,1.0000,-1,-1,-1
278,52,666.06,286.38,83.35,134.80,1.0000,-1,-1,-1
278,54,526.10,337.68,96.16,148.63,1.0000,-1,-1,-1
278,55,643.00,132.11,61.50,143.22,1.0000,-1,-1,-1
278,57,455.24,265.10,136.80,209.48,1.0000,-1,-1,-1
278,59,507.19,537.42,40.12,49.49,1.0000,-1,-1,-1
279,12,202.93,169.11,55.56,122.26,1.0000,-1,-1,-1
279,36,400.90,247.12,57.89,133.41,1.0000,-1,-1,-1
279,41,380.35,380.38,71.29,167.41,1.0000,-1,-1,-1
279,48,340.89,205.48,53.76,136.32,1.0000,-1,-1,-1
279,52,665.23,283.88,82.97,134.19,1.0000,-1,-1,-1
279,54,523.32,337.45,96.79,149.61,1.0000,-1,-1,-1
279,55,643.23,127.40,62.83,149.69,1.0000,-1,-1,-1
279,57,465.05,263.88,132.16,222.35,1.0000,-1,-1,-1
279,59,512.19,537.13,40.59,50.06,1.0000,-1,-1,-1
280,12,203.02,169.89,57.71,121.10,1.0000,-1,-1,-1
280,36,401.13,248.07,57.82,133.23,1.0000,-1,-1,-1
280,41,378.96,381.99,72.21,169.08,1.0000,-1,-1,-1
280,48,342.93,205.33,52.28,135.77,1.0000,-1,-1,-1
280,52,664.41,281.38,82.60,133.58,1.0000,-1,-1,-1
280,54,520.53,337.23,97.43,150.59,1.0000,-1,-1,-1
280,55,646.58,126.30,62.27,153.41,1.0000,-1,-1,-1
280,57,463.16,266.36,134.88,226.92,1.0000,-1,-1,-1
280,59,517.19,536.83,41.05,50.63,1.0000,-1,-1,-1
281,12,203.95,171.65,58.98,119.74,1.0000,-1,-1,-1
281,36,401.37,249.03,57.74,133.06,1.0000,-1,-1,-1
281,41,378.25,381.83,72.69,170.29,1.0000,-1,-1,-1
281,48,344.26,204.97,51.29,135.67,1.0000,-1,-1,-1
281,52,642.94,290.14,110.59,140.41,1.0000,-1,-1,-1
281,54,517.75,337.02,98.05,151.56,1.0000,-1,-1,-1
281,55,647.05,124.82,62.62,154.26,1.0000,-1,-1,-1
281,57,461.30,268.88,137.55,231.40,1.0000,-1,-1,-1
281,59,522.20,536.54,41.50,51.19,1.0000,-1,-1,-1
282,12,204.25,172.71,60.09,118.48,1.0000,-1,-1,-1
282,36,401.60,249.98,57.67,132.88,1.0000,-1,-1,-1
282,41,376.03,379.00,71.63,171.15,1.0000,-1,-1,-1
282,48,341.62,205.35,53.16,134.84,1.0000,-1,-1,-1
282,52,641.37,288.41,110.70,140.56,1.0000,-1,-1,-1
282,54,514.97,336.80,98.68,152.52,1.0000,-1,-1,-1
282,55,656.01,132.74,56.28,152.67,1.0000,-1,-1,-1
282,57,459.46,271.45,140.16,235.80,1.0000,-1,-1,-1
282,59,527.21,536.26,41.95,51.75,1.0000,-1,-1,-1
283,12,203.27,172.33,60.31,118.10,1.0000,-1,-1,-1
283,36,401.84,250.93,57.59,132.71,1.0000,-1,-1,-1
283,41,373.39,377.40,70.23,172.68,1.0000,-1,-1,-1
283,48,341.18,205.18,54.72,134.86,1.0000,-1,-1,-1
283,52,639.80,286.68,110.82,140.70,1.0000,-1,-1,-1
283,54,493.98,369.05,79.06,149.88,1.0000,-1,-1,-1
283,55,657.00,132.13,56.49,153.23,1.0000,-1,-1,-1
283,57,457.65,274.05,142.73,240.12,1.0000,-1,-1,-1
283,59,532.22,535.98,42.40,52.30,1.0000,-1,-1,-1
283,61,593.17,106.59,58.64,132.04,1.0000,-1,-1,-1
284,12,201.80,171.21,60.16,118.46,1.0000,-1,-1,-1
284,36,402.08,251.88,57.51,132.53,1.0000,-1,-1,-1
284,41,371.79,376.05,68.83,174.12,1.0000,-1,-1,-1
284,48,334.82,203.63,60.77,135.19,1.0000,-1,-1,-1
284,52,638.24,284.95,110.93,140.85,1.0000,-1,-1,-1
284,54,489.53,371.08,79.32,150.37,1.0000,-1,-1,-1
284,55,661.96,126.22,52.64,155.93,1.0000,-1,-1,-1
284,57,455.87,276.70,145.25,244.36,1.0000,-1,-1,-1
284,61,593.43,106.87,58.29,131.09,1.0000,-1,-1,-1
285,12,199.66,169.03,60.75,119.77,1.0000,-1,-1,-1
285,36,402.31,252.83,57.44,132.36,1.0000,-1,-1,-1
285,41,369.67,376.57,68.64,175.70,1.0000,-1,-1,-1
285,48,334.78,202.84,60.78,135.21,1.0000,-1,-1,-1
285,52,636.67,283.22,111.04,140.99,1.0000,-1,-1,-1
285,54,492.04,366.66,70.82,153.44,1.0000,-1,-1,-1
285,55,664.14,131.29,49.64,154.15,1.0000,-1,-1,-1
285,57,454.10,279.38,147.73,248.53,1.0000,-1,-1,-1
285,61,593.44,106.41,58.27,130.70,1.0000,-1,-1,-1
285,62,503.69,265.00,68.34,140.91,1.0000,-1,-1,-1
286,12,198.09,168.69,61.42,121.57,1.0000,-1,-1,-1
286,36,402.55,253.78,57.36,132.18,1.0000,-1,-1,-1
286,41,366.59,376.63,70.46,177.40,1.0000,-1,-1,-1
286,48,334.75,202.05,60.79,135.24,1.0000,-1,-1,-1
286,52,635.11,281.50,111.16,141.14,1.0000,-1,-1,-1
286,54,487.86,368.36,70.96,153.74,1.0000,-1,-1,-1
286,55,665.31,130.90,49.72,154.40,1.0000,-1,-1,-1
286,57,453.95,244.65,126.21,186.15,1.0000,-1,-1,-1
286,61,593.60,105.77,58.19,130.59,1.0000,-1,-1,-1
286,62,498.37,261.93,72.04,144.81,1.0000,-1,-1,-1
287,12,194.64,166.80,60.44,121.48,1.0000,-1,-1,-1
287,36,393.34,257.38,58.47,134.67,1.0000,-1,-1,-1
287,41,359.67,378.97,75.02,179.04,1.0000,-1,-1,-1
287,48,334.72,201.26,60.80,135.26,1.0000,-1,-1,-1
287,52,673.91,287.65,93.72,141.95,1.0000,-1,-1,-1
287,54,496.24,367.29,69.07,155.02,1.0000,-1,-1,-1
287,55,666.48,130.51,49.80,154.64,1.0000,-1,-1,-1
287,57,453.53,248.22,123.52,168.63,1.0000,-1,-1,-1
287,61,594.06,104.21,58.09,130.57,1.0000,-1,-1,-1
287,62,495.18,261.33,71.93,144.58,1.0000,-1,-1,-1
288,12,190.96,166.65,60.26,122.78,1.0000,-1,-1,-1
288,36,388.84,258.69,62.06,135.86,1.0000,-1,-1,-1
288,41,352.30,381.06,80.42,179.33,1.0000,-1,-1,-1
288,48,349.39,190.26,59.31,124.31,1.0000,-1,-1,-1
288,52,679.55,285.45,89.17,144.11,1.0000,-1,-1,-1
288,54,496.91,366.34,67.17,156.19,1.0000,-1,-1,-1
288,55,667.65,130.13,49.88,154.89,1.0000,-1,-1,-1
288,57,452.13,250.47,124.06,160.66,1.0000,-1,-1,-1
288,61,594.30,102.96,58.04,130.36,1.0000,-1,-1,-1
288,62,491.99,260.74,71.82,144.36,1.0000,-1,-1,-1
289,12,188.53,166.32,59.62,124.59,1.0000,-1,-1,-1
289,36,383.49,260.35,66.17,136.55,1.0000,-1,-1,-1
289,41,346.37,384.57,85.61,178.78,1.0000,-1,-1,-1
289,48,350.50,188.27,59.26,124.21,1.0000,-1,-1,-1
289,52,682.25,283.69,87.18,145.17,1.0000,-1,-1,-1
289,54,495.95,362.34,66.44,159.48,1.0000,-1,-1,-1
289,55,668.83,129.74,49.96,155.14,1.0000,-1,-1,-1
289,57,452.87,251.99,124.35,156.32,1.0000,-1,-1,-1
289,61,594.37,100.68,58.15,130.87,1.0000,-1,-1,-1
289,62,488.80,260.14,71.70,144.13,1.0000,-1,-1,-1
290,12,184.49,166.27,60.74,125.65,1.0000,-1,-1,-1
290,36,378.95,260.95,68.65,137.16,1.0000,-1,-1,-1
290,41,342.83,387.69,89.94,178.30,1.0000,-1,-1,-1
290,48,351.61,186.29,59.21,124.12,1.0000,-1,-1,-1
290,52,683.38,282.73,87.03,144.93,1.0000,-1,-1,-1
290,54,495.96,359.40,69.43,162.43,1.0000,-1,-1,-1
290,55,670.00,129.35,50.04,155.39,1.0000,-1,-1,-1
290,57,455.18,252.83,125.04,154.03,1.0000,-1,-1,-1
290,61,594.13,99.82,58.10,130.89,1.0000,-1,-1,-1
290,62,485.60,259.55,71.59,143.90,1.0000,-1,-1,-1
291,12,180.00,165.56,63.28,127.01,1.0000,-1,-1,-1
291,36,375.76,260.97,68.66,137.51,1.0000,-1,-1,-1
291,41,340.26,389.98,93.20,176.81,1.0000,-1,-1,-1
291,48,352.72,184.31,59.17,124.02,1.0000,-1,-1,-1
291,52,683.83,282.92,84.28,144.05,1.0000,-1,-1,-1
291,54,497.41,357.86,73.75,164.47,1.0000,-1,-1,-1
291,55,671.17,128.97,50.12,155.64,1.0000,-1,-1,-1
291,57,456.65,253.98,126.47,153.00,1.0000,-1,-1,-1
291,61,593.58,98.66,58.58,131.28,1.0000,-1,-1,-1
291,62,482.41,258.95,71.48,143.67,1.0000,-1,-1,-1
292,12,174.84,165.71,66.98,128.25,1.0000,-1,-1,-1
292,36,375.69,259.76,66.04,137.40,1.0000,-1,-1,-1
292,41,338.56,390.83,95.59,175.58,1.0000,-1,-1,-1
292,48,353.83,182.32,59.12,123.92,1.0000,-1,-1,-1
292,52,686.68,281.94,82.93,144.52,1.0000,-1,-1,-1
292,54,497.55,357.54,76.00,165.20,1.0000,-1,-1,-1
292,55,672.35,128.58,50.20,155.89,1.0000,-1,-1,-1
292,57,460.85,254.48,125.42,152.22,1.0000,-1,-1,-1
292,61,593.01,97.34,59.22,131.89,1.0000,-1,-1,-1
292,62,479.22,258.36,71.36,143.44,1.0000,-1,-1,-1
293,12,168.31,166.12,71.81,128.15,1.0000,-1,-1,-1
293,36,374.44,260.69,66.03,137.37,1.0000,-1,-1,-1
293,41,337.57,390.64,97.02,174.94,1.0000,-1,-1,-1
293,48,354.94,180.34,59.08,123.83,1.0000,-1,-1,-1
293,52,687.77,281.12,82.74,144.19,1.0000,-1,-1,-1
293,54,496.89,357.97,76.71,164.45,1.0000,-1,-1,-1
293,55,673.52,128.19,50.28,156.13,1.0000,-1,-1,-1
293,57,467.96,255.04,120.92,150.95,1.0000,-1,-1,-1
293,61,592.22,94.17,60.05,133.71,1.0000,-1,-1,-1
293,62,476.02,257.76,71.25,143.21,1.0000,-1,-1,-1
294,12,164.56,166.16,75.77,127.90,1.0000,-1,-1,-1
294,36,373.19,261.62,66.02,137.35,1.0000,-1,-1,-1
294,41,336.65,389.40,97.37,174.79,1.0000,-1,-1,-1
294,48,356.05,178.35,59.03,123.73,1.0000,-1,-1,-1
294,52,688.86,280.30,82.55,143.86,1.0000,-1,-1,-1
294,54,494.09,358.65,75.97,163.46,1.0000,-1,-1,-1
294,55,674.69,127.81,50.36,156.38,1.0000,-1,-1,-1
294,57,474.48,255.14,116.27,150.50,1.0000,-1,-1,-1
294,61,591.82,92.80,60.46,134.69,1.0000,-1,-1,-1
294,62,472.83,257.17,71.14,142.98,1.0000,-1,-1,-1
295,12,162.15,165.46,78.71,128.08,1.0000,-1,-1,-1
295,36,360.87,221.54,73.31,160.17,1.0000,-1,-1,-1
295,41,335.66,387.33,96.13,175.47,1.0000,-1,-1,-1
295,48,357.16,176.37,58.98,123.64,1.0000,-1,-1,-1
295,52,689.95,279.48,82.36,143.53,1.0000,-1,-1,-1
295,54,494.18,358.86,75.75,162.78,1.0000,-1,-1,-1
295,55,675.87,127.42,50.44,156.63,1.0000,-1,-1,-1
295,57,478.29,254.03,112.47,149.83,1.0000,-1,-1,-1
295,61,591.66,91.50,60.83,135.06,1.0000,-1,-1,-1
295,62,469.64,256.57,71.02,142.75,1.0000,-1,-1,-1
295,63,278.51,109.56,51.23,134.11,1.0000,-1,-1,-1
296,12,159.29,167.24,81.25,126.32,1.0000,-1,-1,-1
296,36,355.98,209.45,77.47,170.21,1.0000,-1,-1,-1
296,41,335.12,385.98,94.30,176.18,1.0000,-1,-1,-1
296,48,358.27,174.38,58.94,123.54,1.0000,-1,-1,-1
296,52,691.04,278.66,82.17,143.20,1.0000,-1,-1,-1
296,54,497.82,359.13,75.86,161.68,1.0000,-1,-1,-1
296,55,677.04,127.04,50.52,156.87,1.0000,-1,-1,-1
296,57,482.05,252.44,108.66,149.83,1.0000,-1,-1,-1
296,61,591.85,89.66,61.33,135.27,1.0000,-1,-1,-1
296,62,466.45,255.98,70.91,142.52,1.0000,-1,-1,-1
296,63,275.73,109.95,53.77,134.46,1.0000,-1,-1,-1
297,12,157.87,165.02,82.90,126.33,1.0000,-1,-1,-1
297,36,353.38,203.44,80.73,178.11,1.0000,-1,-1,-1
297,41,334.67,385.01,92.07,177.05,1.0000,-1,-1,-1
297,48,359.38,172.40,58.89,123.44,1.0000,-1,-1,-1
297,52,688.18,269.80,78.61,149.07,1.0000,-1,-1,-1
297,54,498.52,359.24,76.56,160.59,1.0000,-1,-1,-1
297,55,683.06,131.60,44.10,141.59,1.0000,-1,-1,-1
297,57,487.55,250.39,103.97,150.03,1.0000,-1,-1,-1
297,61,591.91,89.78,61.68,134.53,1.0000,-1,-1,-1
297,62,463.25,255.38,70.79,142.29,1.0000,-1,-1,-1
297,63,273.78,108.37,55.11,137.82,1.0000,-1,-1,-1
298,12,152.29,162.04,81.15,126.57,1.0000,-1,-1,-1
298,36,351.43,201.22,80.88,178.45,1.0000,-1,-1,-1
298,41,332.18,381.83,92.72,179.21,1.0000,-1,-1,-1
298,48,360.49,170.41,58.85,123.35,1.0000,-1,-1,-1
298,52,688.84,268.61,78.43,148.73,1.0000,-1,-1,-1
298,54,500.44,360.72,73.32,158.99,1.0000,-1,-1,-1
298,55,684.12,135.53,44.14,139.41,1.0000,-1,-1,-1
298,57,493.47,247.67,98.53,150.85,1.0000,-1,-1,-1
298,61,592.36,88.75,62.24,134.48,1.0000,-1,-1,-1
298,62,460.06,254.79,70.68,142.06,1.0000,-1,-1,-1
298,63,271.85,106.84,56.43,141.10,1.0000,-1,-1,-1
298,64,610.23,528.44,58.56,56.15,1.0000,-1,-1,-1
299,12,145.08,159.58,80.25,127.02,1.0000,-1,-1,-1
299,36,349.48,199.00,81.03,178.79,1.0000,-1,-1,-1
299,41,327.50,372.70,95.08,184.69,1.0000,-1,-1,-1
299,48,361.60,168.43,58.80,123.25,1.0000,-1,-1,-1
299,52,689.49,267.42,78.24,148.38,1.0000,-1,-1,-1
299,54,501.62,361.71,70.87,157.09,1.0000,-1,-1,-1
299,55,686.31,137.76,42.96,138.01,1.0000,-1,-1,-1
299,57,497.56,245.05,94.27,151.81,1.0000,-1,-1,-1
299,61,593.13,87.06,62.29,134.82,1.0000,-1,-1,-1
299,62,456.87,254.19,70.56,141.83,1.0000,-1,-1,-1
299,63,269.94,105.34,57.71,144.31,1.0000,-1,-1,-1
299,64,614.76,527.49,59.41,57.00,1.0000,-1,-1,-1
300,12,140.66,157.01,77.83,127.69,1.0000,-1,-1,-1
300,36,347.53,196.78,81.19,179.13,1.0000,-1,-1,-1
300,41,321.83,365.74,99.82,190.45,1.0000,-1,-1,-1
300,48,362.71,166.45,58.75,123.15,1.0000,-1,-1,-1
300,52,690.15,266.23,78.06,148.03,1.0000,-1,-1,-1
300,54,502.31,361.36,70.60,155.48,1.0000,-1,-1,-1
300,55,688.22,137.07,41.98,137.26,1.0000,-1,-1,-1
300,57,500.98,243.08,90.86,152.94,1.0000,-1,-1,-1
300,61,593.67,84.68,62.46,135.86,1.0000,-1,-1,-1
300,62,453.68,253.60,70.45,141.60,1.0000,-1,-1,-1
300,63,268.03,103.88,58.97,147.45,1.0000,-1,-1,-1
300,64,619.60,526.47,60.36,57.80,1.0000,-1,-1,-1
301,12,134.83,154.65,74.75,127.98,1.0000,-1,-1,-1
301,36,345.58,194.56,81.34,179.47,1.0000,-1,-1,-1
301,41,314.06,350.37,106.32,201.02,1.0000,-1,-1,-1
301,48,363.82,164.46,58.71,123.06,1.0000,-1,-1,-1
301,52,690.80,265.04,77.88,147.68,1.0000,-1,-1,-1
301,54,502.47,358.82,71.54,155.62,1.0000,-1,-1,-1
301,55,689.59,137.11,41.88,136.94,1.0000,-1,-1,-1
301,57,503.37,241.41,88.59,153.63,1.0000,-1,-1,-1
301,61,593.95,82.69,62.58,136.53,1.0000,-1,-1,-1
301,62,450.49,253.01,70.33,141.36,1.0000,-1,-1,-1
301,63,266.15,102.45,60.20,150.53,1.0000,-1,-1,-1
301,64,624.14,525.54,61.50,58.43,1.0000,-1,-1,-1
302,12,129.19,152.79,70.77,128.68,1.0000,-1,-1,-1
302,36,343.63,192.35,81.49,179.80,1.0000,-1,-1,-1
302,41,307.04,346.92,112.72,205.06,1.0000,-1,-1,-1
302,48,364.93,162.48,58.66,122.96,1.0000,-1,-1,-1
302,52,691.46,263.85,77.69,147.33,1.0000,-1,-1,-1
302,54,502.00,356.36,71.94,156.02,1.0000,-1,-1,-1
302,55,690.97,137.15,41.78,136.62,1.0000,-1,-1,-1
302,57,505.20,240.24,86.31,153.91,1.0000,-1,-1,-1
302,61,594.52,80.75,63.04,136.95,1.0000,-1,-1,-1
302,63,264.27,101.05,61.40,153.54,1.0000,-1,-1,-1
302,64,627.68,524.23,62.31,59.80,1.0000,-1,-1,-1
302,65,942.48,159.95,53.98,139.40,1.0000,-1,-1,-1
303,12,121.80,151.03,66.10,128.78,1.0000,-1,-1,-1
303,36,341.68,190.13,81.65,180.14,1.0000,-1,-1,-1
303,41,299.19,351.91,119.95,202.13,1.0000,-1,-1,-1
303,48,366.04,160.49,58.62,122.86,1.0000,-1,-1,-1
303,52,692.12,262.66,77.51,146.98,1.0000,-1,-1,-1
303,54,501.55,356.03,72.05,156.25,1.0000,-1,-1,-1
303,55,692.34,137.19,41.68,136.30,1.0000,-1,-1,-1
303,57,506.21,241.91,84.19,152.57,1.0000,-1,-1,-1
303,61,595.18,78.90,63.23,136.93,1.0000,-1,-1,-1
303,63,262.40,99.68,62.58,156.49,1.0000,-1,-1,-1
303,64,634.83,521.86,63.74,61.76,1.0000,-1,-1,-1
303,65,942.69,159.34,55.48,144.20,1.0000,-1,-1,-1
304,12,119.52,150.80,60.47,128.98,1.0000,-1,-1,-1
304,36,339.74,187.91,81.80,180.48,1.0000,-1,-1,-1
304,41,294.14,358.33,126.12,196.96,1.0000,-1,-1,-1
304,52,692.77,261.47,77.32,146.63,1.0000,-1,-1,-1
304,54,493.50,350.02,77.55,158.12,1.0000,-1,-1,-1
304,55,693.72,137.23,41.59,135.98,1.0000,-1,-1,-1
304,57,506.11,244.36,81.48,152.17,1.0000,-1,-1,-1
304,61,595.93,78.30,62.85,136.69,1.0000,-1,-1,-1
304,63,260.55,98.33,63.74,159.39,1.0000,-1,-1,-1
304,64,640.39,519.64,63.35,63.40,1.0000,-1,-1,-1
304,65,942.98,159.17,55.55,145.10,1.0000,-1,-1,-1
305,12,115.21,151.72,58.14,130.39,1.0000,-1,-1,-1
305,36,337.79,185.69,81.95,180.81,1.0000,-1,-1,-1
305,41,291.98,363.25,130.90,192.13,1.0000,-1,-1,-1
305,52,693.43,260.29,77.13,146.27,1.0000,-1,-1,-1
305,54,479.52,344.53,88.45,161.48,1.0000,-1,-1,-1
305,55,695.09,137.28,41.49,135.66,1.0000,-1,-1,-1
305,57,506.35,246.28,78.95,152.47,1.0000,-1,-1,-1
305,61,596.91,77.13,62.25,136.96,1.0000,-1,-1,-1
305,63,258.71,97.02,64.88,162.24,1.0000,-1,-1,-1
305,64,645.03,517.24,63.59,64.93,1.0000,-1,-1,-1
305,65,943.30,158.29,55.66,145.10,1.0000,-1,-1,-1
306,12,109.29,153.60,58.13,132.44,1.0000,-1,-1,-1
306,36,335.84,183.48,82.10,181.15,1.0000,-1,-1,-1
306,41,291.51,365.26,134.13,188.93,1.0000,-1,-1,-1
306,52,709.36,275.31,66.80,150.84,1.0000,-1,-1,-1
306,54,473.51,338.15,95.87,164.78,1.0000,-1,-1,-1
306,55,696.08,134.30,40.86,133.80,1.0000,-1,-1,-1
306,57,507.41,246.23,75.94,151.48,1.0000,-1,-1,-1
306,61,597.80,76.06,61.71,137.39,1.0000,-1,-1,-1
306,63,233.38,101.15,56.57,141.59,1.0000,-1,-1,-1
306,64,648.27,514.37,64.10,67.04,1.0000,-1,-1,-1
306,65,943.43,157.99,56.01,144.90,1.0000,-1,-1,-1
307,12,104.59,154.06,60.25,134.22,1.0000,-1,-1,-1
307,36,344.28,180.14,71.56,151.02,1.0000,-1,-1,-1
307,41,292.14,365.68,135.80,186.78,1.0000,-1,-1,-1
307,52,712.24,274.95,63.70,152.21,1.0000,-1,-1,-1
307,54,471.54,333.21,96.89,166.89,1.0000,-1,-1,-1
307,55,696.77,135.50,40.88,133.01,1.0000,-1,-1,-1
307,57,508.62,246.59,73.21,150.48,1.0000,-1,-1,-1
307,61,598.89,74.77,61.23,137.97,1.0000,-1,-1,-1
307,63,233.21,100.46,53.46,140.09,1.0000,-1,-1,-1
307,64,652.26,511.91,65.14,69.12,1.0000,-1,-1,-1
307,65,943.52,158.09,56.28,145.12,1.0000,-1,-1,-1
308,12,95.84,152.40,64.75,134.98,1.0000,-1,-1,-1
308,36,342.36,183.06,68.64,142.29,1.0000,-1,-1,-1
308,41,297.33,366.57,135.16,184.09,1.0000,-1,-1,-1
308,52,714.38,278.97,64.85,153.21,1.0000,-1,-1,-1
308,54,470.86,327.32,95.88,171.86,1.0000,-1,-1,-1
308,55,697.36,137.76,41.18,132.25,1.0000,-1,-1,-1
308,57,511.88,246.35,69.76,149.55,1.0000,-1,-1,-1
308,61,600.39,74.02,61.62,137.69,1.0000,-1,-1,-1
308,63,233.26,99.74,49.83,139.75,1.0000,-1,-1,-1
308,64,659.31,510.57,64.77,70.59,1.0000,-1,-1,-1
308,65,944.33,158.94,56.09,144.10,1.0000,-1,-1,-1
309,12,90.13,151.81,68.80,136.41,1.0000,-1,-1,-1
309,36,339.97,184.41,66.87,137.48,1.0000,-1,-1,-1
309,41,301.73,367.17,132.93,181.65,1.0000,-1,-1,-1
309,52,715.21,284.83,66.80,153.29,1.0000,-1,-1,-1
309,54,469.76,324.93,94.17,177.08,1.0000,-1,-1,-1
309,55,697.36,138.40,41.18,134.66,1.0000,-1,-1,-1
309,57,514.44,245.48,67.06,149.24,1.0000,-1,-1,-1
309,61,601.20,73.60,61.73,137.04,1.0000,-1,-1,-1
309,63,229.85,99.03,49.93,140.01,1.0000,-1,-1,-1
309,64,663.65,509.09,64.44,72.56,1.0000,-1,-1,-1
309,65,944.23,159.42,56.52,143.67,1.0000,-1,-1,-1
310,12,87.15,152.63,72.71,137.27,1.0000,-1,-1,-1
310,36,340.32,186.47,65.30,133.84,1.0000,-1,-1,-1
310,41,309.33,368.26,128.26,179.38,1.0000,-1,-1,-1
310,52,714.16,284.81,68.08,156.74,1.0000,-1,-1,-1
310,54,469.17,324.19,91.96,181.64,1.0000,-1,-1,-1
310,55,698.76,136.74,40.59,135.03,1.0000,-1,-1,-1
310,57,515.29,244.05,65.82,149.38,1.0000,-1,-1,-1
310,61,602.11,73.68,61.67,135.93,1.0000,-1,-1,-1
310,63,231.60,101.66,48.05,137.06,1.0000,-1,-1,-1
310,64,668.25,508.35,63.90,73.80,1.0000,-1,-1,-1
310,65,944.00,159.96,56.68,143.05,1.0000,-1,-1,-1
311,12,85.79,153.91,75.02,136.24,1.0000,-1,-1,-1
311,36,340.71,187.91,63.85,132.09,1.0000,-1,-1,-1
311,41,319.24,367.99,121.41,178.17,1.0000,-1,-1,-1
311,52,715.49,285.91,67.89,156.30,1.0000,-1,-1,-1
311,54,468.84,324.26,89.55,184.47,1.0000,-1,-1,-1
311,55,699.67,135.94,39.94,135.42,1.0000,-1,-1,-1
311,57,510.82,243.37,68.03,150.31,1.0000,-1,-1,-1
311,61,603.05,74.81,61.26,134.36,1.0000,-1,-1,-1
311,63,228.84,101.80,49.84,138.94,1.0000,-1,-1,-1
311,64,672.31,506.60,62.79,75.56,1.0000,-1,-1,-1
311,65,944.48,160.86,56.89,142.00,1.0000,-1,-1,-1
311,66,401.30,231.16,69.52,147.87,1.0000,-1,-1,-1
312,12,85.46,154.61,74.44,135.36,1.0000,-1,-1,-1
312,36,339.80,189.60,62.05,132.06,1.0000,-1,-1,-1
312,41,327.67,367.20,114.73,177.39,1.0000,-1,-1,-1
312,52,720.60,279.57,69.54,167.77,1.0000,-1,-1,-1
312,54,467.09,322.93,89.89,185.16,1.0000,-1,-1,-1
312,55,700.81,135.45,38.79,135.80,1.0000,-1,-1,-1
312,57,506.71,242.12,71.16,150.98,1.0000,-1,-1,-1
312,61,604.28,76.16,61.10,132.80,1.0000,-1,-1,-1
312,63,226.62,102.08,52.10,140.36,1.0000,-1,-1,-1
312,64,676.09,505.95,62.77,76.90,1.0000,-1,-1,-1
312,65,946.44,162.62,56.13,141.11,1.0000,-1,-1,-1
312,66,406.91,228.50,75.71,153.79,1.0000,-1,-1,-1
313,12,82.07,155.09,70.34,135.57,1.0000,-1,-1,-1
313,36,338.47,194.12,59.92,134.43,1.0000,-1,-1,-1
313,41,336.98,364.48,107.42,178.20,1.0000,-1,-1,-1
313,52,721.63,277.48,72.54,178.23,1.0000,-1,-1,-1
313,54,469.32,338.54,83.06,182.88,1.0000,-1,-1,-1
313,55,700.96,135.83,38.14,136.19,1.0000,-1,-1,-1
313,57,497.87,240.62,78.18,151.16,1.0000,-1,-1,-1
313,61,605.88,75.92,60.85,132.41,1.0000,-1,-1,-1
313,63,225.03,103.07,54.37,141.19,1.0000,-1,-1,-1
313,64,681.25,505.81,63.82,77.50,1.0000,-1,-1,-1
313,65,948.12,164.95,54.93,139.54,1.0000,-1,-1,-1
313,66,412.03,229.76,77.42,146.57,1.0000,-1,-1,-1
314,12,79.56,155.29,66.83,135.42,1.0000,-1,-1,-1
314,36,338.21,198.24,58.80,135.75,1.0000,-1,-1,-1
314,41,341.07,365.71,101.84,178.06,1.0000,-1,-1,-1
314,52,723.27,280.19,74.33,183.49,1.0000,-1,-1,-1
314,54,469.37,344.82,79.57,180.11,1.0000,-1,-1,-1
314,55,701.33,135.84,37.90,136.38,1.0000,-1,-1,-1
314,57,509.90,239.05,73.76,150.82,1.0000,-1,-1,-1
314,61,607.28,75.95,60.63,131.99,1.0000,-1,-1,-1
314,63,222.06,103.76,56.98,141.30,1.0000,-1,-1,-1
314,64,684.47,505.24,64.92,78.27,1.0000,-1,-1,-1
314,65,949.54,166.40,54.43,138.30,1.0000,-1,-1,-1
314,66,416.67,229.27,79.58,150.65,1.0000,-1,-1,-1
315,12,77.00,155.73,62.80,135.39,1.0000,-1,-1,-1
315,36,337.07,200.02,59.27,136.82,1.0000,-1,-1,-1
315,41,343.73,366.82,95.85,177.29,1.0000,-1,-1,-1
315,52,724.48,283.30,73.45,183.34,1.0000,-1,-1,-1
315,54,473.40,349.23,75.15,177.57,1.0000,-1,-1,-1
315,55,702.19,136.17,37.45,136.23,1.0000,-1,-1,-1
315,57,512.78,238.88,72.36,150.82,1.0000,-1,-1,-1
315,61,608.14,76.58,60.35,131.52,1.0000,-1,-1,-1
315,63,221.06,104.13,56.81,141.17,1.0000,-1,-1,-1
315,64,688.89,505.40,65.29,78.93,1.0000,-1,-1,-1
315,65,950.87,167.05,55.17,137.95,1.0000,-1,-1,-1
315,66,421.33,228.84,81.68,154.64,1.0000,-1,-1,-1
316,12,74.73,155.98,60.40,135.31,1.0000,-1,-1,-1
316,36,336.07,199.12,60.40,139.97,1.0000,-1,-1,-1
316,41,345.48,367.05,90.89,176.88,1.0000,-1,-1,-1
316,52,725.64,286.61,71.69,185.28,1.0000,-1,-1,-1
316,54,472.06,350.01,75.32,177.96,1.0000,-1,-1,-1
316,55,702.50,139.53,36.92,136.88,1.0000,-1,-1,-1
316,57,515.20,237.33,71.69,151.51,1.0000,-1,-1,-1
316,61,609.10,76.70,60.25,131.06,1.0000,-1,-1,-1
316,63,220.68,104.24,56.38,141.01,1.0000,-1,-1,-1
316,64,692.11,505.43,66.15,79.23,1.0000,-1,-1,-1
316,65,952.81,169.70,55.11,137.38,1.0000,-1,-1,-1
316,66,426.02,228.45,83.73,158.52,1.0000,-1,-1,-1
317,12,74.05,155.89,60.49,135.70,1.0000,-1,-1,-1
317,36,333.72,198.75,62.52,142.32,1.0000,-1,-1,-1
317,41,347.98,367.07,87.31,176.55,1.0000,-1,-1,-1
317,52,725.99,289.37,70.26,186.95,1.0000,-1,-1,-1
317,54,470.71,350.79,75.49,178.36,1.0000,-1,-1,-1
317,55,702.85,140.07,36.53,137.66,1.0000,-1,-1,-1
317,57,520.95,236.77,69.27,151.55,1.0000,-1,-1,-1
317,61,609.98,77.07,60.61,130.56,1.0000,-1,-1,-1
317,63,219.39,104.12,56.43,140.64,1.0000,-1,-1,-1
317,64,696.60,504.63,66.63,79.40,1.0000,-1,-1,-1
317,65,957.54,171.61,59.09,141.54,1.0000,-1,-1,-1
317,66,429.33,229.56,79.21,139.82,1.0000,-1,-1,-1
318,12,74.02,159.57,60.09,136.74,1.0000,-1,-1,-1
318,36,331.20,195.58,65.49,145.58,1.0000,-1,-1,-1
318,41,354.43,366.23,83.88,176.32,1.0000,-1,-1,-1
318,52,729.00,289.28,67.37,187.14,1.0000,-1,-1,-1
318,54,469.37,351.57,75.66,178.76,1.0000,-1,-1,-1
318,55,703.59,140.65,36.41,137.23,1.0000,-1,-1,-1
318,57,523.28,235.67,69.84,152.11,1.0000,-1,-1,-1
318,61,611.23,75.99,60.48,130.80,1.0000,-1,-1,-1
318,63,220.00,103.77,55.00,139.41,1.0000,-1,-1,-1
318,64,704.35,503.61,67.30,80.55,1.0000,-1,-1,-1
318,65,961.56,174.27,61.00,142.59,1.0000,-1,-1,-1
318,66,438.78,227.70,80.57,136.92,1.0000,-1,-1,-1
319,12,74.84,161.50,61.01,137.88,1.0000,-1,-1,-1
319,36,329.70,192.32,66.75,147.89,1.0000,-1,-1,-1
319,41,359.18,364.78,81.63,176.28,1.0000,-1,-1,-1
319,52,730.45,291.12,67.31,186.97,1.0000,-1,-1,-1
319,54,468.03,352.35,75.83,179.16,1.0000,-1,-1,-1
319,55,704.34,141.23,36.30,136.80,1.0000,-1,-1,-1
319,57,525.84,235.30,70.33,152.44,1.0000,-1,-1,-1
319,61,612.21,76.88,61.28,130.23,1.0000,-1,-1,-1
319,63,219.92,104.08,54.22,138.53,1.0000,-1,-1,-1
319,64,709.61,502.97,68.56,81.67,1.0000,-1,-1,-1
319,65,965.05,174.92,62.24,143.35,1.0000,-1,-1,-1
319,66,448.61,225.60,79.64,135.01,1.0000,-1,-1,-1
320,12,76.13,164.15,62.00,137.30,1.0000,-1,-1,-1
320,36,329.01,187.68,66.70,150.90,1.0000,-1,-1,-1
320,41,363.19,363.57,80.02,176.43,1.0000,-1,-1,-1
320,52,734.52,289.03,64.21,185.41,1.0000,-1,-1,-1
320,54,466.69,353.13,75.99,179.55,1.0000,-1,-1,-1
320,55,705.08,141.82,36.18,136.36,1.0000,-1,-1,-1
320,57,529.14,234.59,70.41,152.74,1.0000,-1,-1,-1
320,61,612.71,77.54,62.79,129.51,1.0000,-1,-1,-1
320,63,221.07,103.62,53.70,137.57,1.0000,-1,-1,-1
320,64,713.20,501.66,69.57,82.63,1.0000,-1,-1,-1
320,65,968.29,176.06,62.41,143.57,1.0000,-1,-1,-1
320,66,454.59,224.44,80.09,135.77,1.0000,-1,-1,-1
321,12,75.56,165.59,60.13,134.42,1.0000,-1,-1,-1
321,36,329.77,185.22,66.24,152.76,1.0000,-1,-1,-1
321,41,367.02,362.81,78.28,176.28,1.0000,-1,-1,-1
321,52,736.08,290.51,64.12,185.15,1.0000,-1,-1,-1
321,54,465.36,353.91,76.16,179.95,1.0000,-1,-1,-1
321,55,705.83,142.40,36.07,135.93,1.0000,-1,-1,-1
321,57,537.44,233.05,67.90,152.84,1.0000,-1,-1,-1
321,61,613.01,78.73,64.41,128.42,1.0000,-1,-1,-1
321,63,222.56,103.72,52.81,136.27,1.0000,-1,-1,-1
321,64,716.43,500.12,70.59,83.66,1.0000,-1,-1,-1
321,65,970.53,177.22,61.37,142.48,1.0000,-1,-1,-1
321,66,460.57,223.28,80.53,136.52,1.0000,-1,-1,-1
322,12,78.92,168.74,61.48,134.58,1.0000,-1,-1,-1
322,36,333.49,183.30,64.17,152.92,1.0000,-1,-1,-1
322,41,371.27,363.64,76.49,175.01,1.0000,-1,-1,-1
322,52,737.63,291.99,64.03,184.89,1.0000,-1,-1,-1
322,54,480.70,339.04,94.80,181.23,1.0000,-1,-1,-1
322,55,706.41,138.69,41.91,140.45,1.0000,-1,-1,-1
322,57,539.32,231.80,67.69,154.04,1.0000,-1,-1,-1
322,61,613.93,78.39,64.46,128.53,1.0000,-1,-1,-1
322,63,222.43,103.26,53.81,135.69,1.0000,-1,-1,-1
322,64,720.31,498.90,71.54,84.23,1.0000,-1,-1,-1
322,65,972.44,177.90,61.92,142.45,1.0000,-1,-1,-1
322,66,478.29,218.24,71.31,131.57,1.0000,-1,-1,-1
323,12,78.02,170.21,60.74,135.24,1.0000,-1,-1,-1
323,36,336.53,183.06,63.58,153.72,1.0000,-1,-1,-1
323,41,376.91,363.61,73.93,173.32,1.0000,-1,-1,-1
323,52,739.19,293.48,63.94,184.63,1.0000,-1,-1,-1
323,54,481.11,338.64,95.12,181.83,1.0000,-1,-1,-1
323,55,708.08,138.92,44.78,139.78,1.0000,-1,-1,-1
323,57,544.65,228.31,67.43,156.35,1.0000,-1,-1,-1
323,61,614.86,78.05,64.51,128.64,1.0000,-1,-1,-1
323,63,221.04,103.03,58.92,137.03,1.0000,-1,-1,-1
323,64,725.88,496.04,71.79,86.53,1.0000,-1,-1,-1
323,65,974.45,178.68,62.12,142.92,1.0000,-1,-1,-1
323,66,493.75,215.62,65.34,132.29,1.0000,-1,-1,-1
324,12,78.17,169.83,58.96,135.96,1.0000,-1,-1,-1
324,36,338.84,182.99,62.94,154.93,1.0000,-1,-1,-1
324,41,380.52,364.91,72.95,171.86,1.0000,-1,-1,-1
324,52,740.75,294.96,63.85,184.37,1.0000,-1,-1,-1
324,54,497.34,338.47,89.66,180.27,1.0000,-1,-1,-1
324,55,708.03,138.99,45.92,138.67,1.0000,-1,-1,-1
324,57,554.29,225.19,64.37,156.95,1.0000,-1,-1,-1
324,61,615.78,77.71,64.57,128.75,1.0000,-1,-1,-1
324,63,218.53,103.40,62.85,137.59,1.0000,-1,-1,-1
324,64,728.21,494.26,72.24,88.54,1.0000,-1,-1,-1
324,65,978.81,178.91,62.25,142.28,1.0000,-1,-1,-1
324,66,504.47,213.34,61.06,133.54,1.0000,-1,-1,-1
325,12,79.28,168.72,57.56,135.62,1.0000,-1,-1,-1
325,36,340.37,183.28,62.33,156.76,1.0000,-1,-1,-1
325,41,382.98,364.97,72.40,170.70,1.0000,-1,-1,-1
325,52,740.42,294.79,60.33,157.56,1.0000,-1,-1,-1
325,54,506.83,344.47,84.21,175.89,1.0000,-1,-1,-1
325,55,705.96,139.76,48.38,137.89,1.0000,-1,-1,-1
325,57,561.38,223.52,61.41,157.85,1.0000,-1,-1,-1
325,61,616.70,77.37,64.62,128.85,1.0000,-1,-1,-1
325,63,216.39,103.44,65.96,137.73,1.0000,-1,-1,-1
325,64,731.23,494.70,72.10,89.44,1.0000,-1,-1,-1
325,65,983.13,178.55,60.83,142.00,1.0000,-1,-1,-1
325,66,510.49,211.35,60.08,135.03,1.0000,-1,-1,-1
326,12,80.39,166.87,56.13,135.82,1.0000,-1,-1,-1
326,36,341.64,183.20,61.78,158.94,1.0000,-1,-1,-1
326,41,385.07,365.76,71.76,168.71,1.0000,-1,-1,-1
326,52,741.73,302.23,60.12,146.85,1.0000,-1,-1,-1
326,54,509.33,343.00,82.76,175.74,1.0000,-1,-1,-1
326,55,702.38,138.66,52.03,137.99,1.0000,-1,-1,-1
326,57,567.09,222.34,59.42,158.89,1.0000,-1,-1,-1
326,61,617.62,77.03,64.68,128.96,1.0000,-1,-1,-1
326,63,216.08,103.63,68.99,137.81,1.0000,-1,-1,-1
326,64,733.10,494.00,71.84,89.10,1.0000,-1,-1,-1
326,65,987.74,179.84,59.63,141.20,1.0000,-1,-1,-1
326,66,515.61,209.35,59.22,134.97,1.0000,-1,-1,-1
327,12,81.77,165.10,54.29,137.23,1.0000,-1,-1,-1
327,36,343.45,182.80,61.79,160.64,1.0000,-1,-1,-1
327,41,387.46,369.89,72.19,164.77,1.0000,-1,-1,-1
327,52,744.94,313.40,60.69,143.51,1.0000,-1,-1,-1
327,54,511.28,342.82,82.95,176.15,1.0000,-1,-1,-1
327,55,698.86,140.37,57.38,137.97,1.0000,-1,-1,-1
327,57,566.68,219.63,60.75,162.01,1.0000,-1,-1,-1
327,61,618.54,76.69,64.73,129.07,1.0000,-1,-1,-1
327,63,216.30,103.32,70.35,137.91,1.0000,-1,-1,-1
327,64,735.97,493.51,70.33,89.66,1.0000,-1,-1,-1
327,65,991.91,182.26,57.62,140.51,1.0000,-1,-1,-1
327,66,520.52,209.33,59.94,135.48,1.0000,-1,-1,-1
328,12,81.52,163.79,52.72,139.58,1.0000,-1,-1,-1
328,36,348.49,193.33,62.14,156.49,1.0000,-1,-1,-1
328,41,391.45,378.48,76.50,157.32,1.0000,-1,-1,-1
328,52,748.80,320.64,62.68,143.24,1.0000,-1,-1,-1
328,54,513.24,342.65,83.14,176.56,1.0000,-1,-1,-1
328,55,697.36,139.03,60.72,138.48,1.0000,-1,-1,-1
328,57,579.05,218.78,60.75,161.87,1.0000,-1,-1,-1
328,61,619.46,76.36,64.78,129.17,1.0000,-1,-1,-1
328,63,215.44,102.72,66.55,137.82,1.0000,-1,-1,-1
328,64,738.50,492.51,69.52,90.10,1.0000,-1,-1,-1
328,65,996.40,182.35,57.65,140.02,1.0000,-1,-1,-1
328,66,528.16,209.14,63.55,138.03,1.0000,-1,-1,-1
329,12,80.75,163.47,52.19,141.46,1.0000,-1,-1,-1
329,36,352.51,200.55,62.21,152.82,1.0000,-1,-1,-1
329,41,393.56,375.99,80.77,157.78,1.0000,-1,-1,-1
329,52,751.67,324.44,63.05,144.26,1.0000,-1,-1,-1
329,54,515.20,342.47,83.33,176.96,1.0000,-1,-1,-1
329,55,697.81,141.09,63.22,137.86,1.0000,-1,-1,-1
329,57,589.04,218.46,62.36,160.62,1.0000,-1,-1,-1
329,61,620.38,76.02,64.84,129.28,1.0000,-1,-1,-1
329,63,216.94,103.65,63.13,137.35,1.0000,-1,-1,-1
329,64,740.03,493.95,68.54,90.01,1.0000,-1,-1,-1
329,65,998.68,184.68,57.84,140.24,1.0000,-1,-1,-1
329,66,534.16,215.78,73.73,150.95,1.0000,-1,-1,-1
330,12,80.18,164.30,52.34,142.37,1.0000,-1,-1,-1
330,36,354.80,204.61,63.45,149.37,1.0000,-1,-1,-1
330,41,394.30,376.32,84.59,157.77,1.0000,-1,-1,-1
330,52,754.02,327.21,63.85,145.77,1.0000,-1,-1,-1
330,54,517.15,342.29,83.52,177.37,1.0000,-1,-1,-1
330,55,694.12,140.63,65.87,138.15,1.0000,-1,-1,-1
330,57,590.64,219.32,67.14,161.18,1.0000,-1,-1,-1
330,61,621.31,75.68,64.89,129.39,1.0000,-1,-1,-1
330,63,218.66,104.41,61.37,136.75,1.0000,-1,-1,-1
330,64,741.75,492.25,67.45,91.78,1.0000,-1,-1,-1
330,65,999.81,185.51,58.67,141.55,1.0000,-1,-1,-1
330,66,541.59,215.69,73.99,151.49,1.0000,-1,-1,-1
331,12,80.69,163.63,52.41,142.56,1.0000,-1,-1,-1
331,36,356.24,207.34,64.44,147.09,1.0000,-1,-1,-1
331,41,396.03,374.71,89.59,159.02,1.0000,-1,-1,-1
331,52,755.06,329.64,65.05,147.70,1.0000,-1,-1,-1
331,54,519.11,342.12,83.71,177.77,1.0000,-1,-1,-1
331,55,693.83,142.48,66.76,137.63,1.0000,-1,-1,-1
331,57,598.98,219.67,68.95,160.96,1.0000,-1,-1,-1
331,61,622.23,75.34,64.94,129.50,1.0000,-1,-1,-1
331,63,219.55,105.11,60.85,136.21,1.0000,-1,-1,-1
331,64,743.19,494.09,66.60,91.94,1.0000,-1,-1,-1
331,65,1001.42,188.23,59.25,141.98,1.0000,-1,-1,-1
331,66,549.03,215.61,74.26,152.04,1.0000,-1,-1,-1
332,12,81.25,168.09,52.33,140.23,1.0000,-1,-1,-1
332,36,357.63,209.38,65.13,145.49,1.0000,-1,-1,-1
332,41,398.86,374.70,89.59,159.02,1.0000,-1,-1,-1
332,52,755.26,331.93,65.95,149.51,1.0000,-1,-1,-1
332,54,521.06,341.95,83.90,178.17,1.0000,-1,-1,-1
332,55,693.44,142.12,66.08,137.64,1.0000,-1,-1,-1
332,57,603.66,220.23,70.31,160.33,1.0000,-1,-1,-1
332,61,623.15,75.00,65.00,129.60,1.0000,-1,-1,-1
332,63,219.62,105.70,60.27,135.46,1.0000,-1,-1,-1
332,64,744.25,494.70,65.72,92.27,1.0000,-1,-1,-1
332,65,1002.98,190.51,59.10,141.24,1.0000,-1,-1,-1
332,66,540.92,215.19,80.15,162.70,1.0000,-1,-1,-1
333,12,84.70,171.06,51.54,137.27,1.0000,-1,-1,-1
333,36,360.81,210.86,66.14,141.69,1.0000,-1,-1,-1
333,41,399.03,376.67,91.84,159.24,1.0000,-1,-1,-1
333,52,755.41,339.16,66.53,150.99,1.0000,-1,-1,-1
333,54,523.02,341.77,84.09,178.57,1.0000,-1,-1,-1
333,55,691.62,142.08,63.48,136.84,1.0000,-1,-1,-1
333,57,606.23,220.43,71.51,159.60,1.0000,-1,-1,-1
333,61,624.07,74.66,65.05,129.71,1.0000,-1,-1,-1
333,63,220.92,106.45,59.82,134.69,1.0000,-1,-1,-1
333,64,745.02,493.98,64.87,92.84,1.0000,-1,-1,-1
333,65,1005.67,195.55,59.73,140.01,1.0000,-1,-1,-1
333,66,547.14,215.28,80.65,163.72,1.0000,-1,-1,-1
334,12,86.47,173.09,51.45,134.65,1.0000,-1,-1,-1
334,36,361.34,211.94,67.34,138.70,1.0000,-1,-1,-1
334,41,402.42,373.92,95.41,160.61,1.0000,-1,-1,-1
334,52,755.53,344.67,66.43,150.67,1.0000,-1,-1,-1
334,54,524.98,341.60,84.28,178.97,1.0000,-1,-1,-1
334,55,692.40,142.12,59.83,134.95,1.0000,-1,-1,-1
334,57,606.61,217.72,72.87,160.29,1.0000,-1,-1,-1
334,61,624.99,74.32,65.10,129.82,1.0000,-1,-1,-1
334,63,222.13,106.93,58.81,134.14,1.0000,-1,-1,-1
334,64,745.45,493.53,64.36,93.37,1.0000,-1,-1,-1
334,65,1006.75,198.46,59.61,138.88,1.0000,-1,-1,-1
334,66,552.22,203.67,79.64,151.23,1.0000,-1,-1,-1
335,12,88.73,172.64,51.30,133.61,1.0000,-1,-1,-1
335,36,361.49,212.81,68.30,136.13,1.0000,-1,-1,-1
335,41,405.32,373.86,95.45,160.67,1.0000,-1,-1,-1
335,52,753.79,349.83,66.94,148.31,1.0000,-1,-1,-1
335,54,526.94,341.43,84.47,179.38,1.0000,-1,-1,-1
335,55,692.17,142.47,55.69,131.92,1.0000,-1,-1,-1
335,57,605.98,218.22,74.38,158.98,1.0000,-1,-1,-1
335,61,625.91,73.99,65.16,129.92,1.0000,-1,-1,-1
335,63,223.15,107.71,57.73,133.35,1.0000,-1,-1,-1
335,64,744.78,492.96,64.55,93.87,1.0000,-1,-1,-1
335,65,1008.07,201.68,59.84,138.65,1.0000,-1,-1,-1
335,66,558.35,202.34,79.98,151.88,1.0000,-1,-1,-1
336,12,91.99,170.04,50.88,133.65,1.0000,-1,-1,-1
336,36,362.94,213.34,68.79,133.02,1.0000,-1,-1,-1
336,41,408.21,373.80,95.48,160.73,1.0000,-1,-1,-1
336,52,749.55,353.29,69.05,145.78,1.0000,-1,-1,-1
336,54,528.89,341.25,84.66,179.77,1.0000,-1,-1,-1
336,55,692.18,138.75,50.27,131.00,1.0000,-1,-1,-1
336,57,608.46,211.78,73.12,159.99,1.0000,-1,-1,-1
336,61,626.84,73.65,65.21,130.03,1.0000,-1,-1,-1
336,63,223.43,108.15,57.00,132.81,1.0000,-1,-1,-1
336,64,742.63,492.48,65.94,94.62,1.0000,-1,-1,-1
336,65,1009.36,203.43,59.89,138.33,1.0000,-1,-1,-1
336,66,564.49,201.01,80.32,152.53,1.0000,-1,-1,-1
337,12,93.57,166.91,51.23,135.14,1.0000,-1,-1,-1
337,36,365.27,214.16,69.00,131.60,1.0000,-1,-1,-1
337,41,411.11,373.74,95.52,160.79,1.0000,-1,-1,-1
337,52,744.13,355.15,72.54,143.54,1.0000,-1,-1,-1
337,54,530.85,341.08,84.84,180.17,1.0000,-1,-1,-1
337,55,691.08,137.38,45.94,130.59,1.0000,-1,-1,-1
337,57,612.97,206.50,70.35,162.02,1.0000,-1,-1,-1
337,63,223.60,109.04,56.71,131.89,1.0000,-1,-1,-1
337,64,742.66,492.37,66.42,94.92,1.0000,-1,-1,-1
337,65,1010.49,204.60,59.01,138.23,1.0000,-1,-1,-1
337,66,570.63,199.68,80.66,153.17,1.0000,-1,-1,-1
338,12,95.33,164.06,52.96,135.39,1.0000,-1,-1,-1
338,36,371.83,215.42,67.66,131.54,1.0000,-1,-1,-1
338,41,414.01,373.68,95.56,160.85,1.0000,-1,-1,-1
338,52,739.47,358.05,76.02,141.04,1.0000,-1,-1,-1
338,54,532.81,340.91,85.03,180.57,1.0000,-1,-1,-1
338,55,688.20,139.52,42.99,130.01,1.0000,-1,-1,-1
338,57,621.55,203.25,65.26,162.72,1.0000,-1,-1,-1
338,63,224.84,110.32,56.49,130.13,1.0000,-1,-1,-1
338,64,744.38,492.28,66.38,94.99,1.0000,-1,-1,-1
338,65,1013.40,205.01,57.85,137.55,1.0000,-1,-1,-1
338,66,576.76,198.35,81.00,153.82,1.0000,-1,-1,-1
338,68,633.65,410.72,82.49,164.03,1.0000,-1,-1,-1
339,12,95.65,162.54,55.71,134.78,1.0000,-1,-1,-1
339,36,375.66,216.74,66.69,132.20,1.0000,-1,-1,-1
339,41,446.51,372.19,76.87,159.25,1.0000,-1,-1,-1
339,52,735.42,359.60,79.26,139.92,1.0000,-1,-1,-1
339,54,534.77,340.74,85.22,180.97,1.0000,-1,-1,-1
339,55,686.29,139.66,40.98,128.95,1.0000,-1,-1,-1
339,57,627.39,200.07,61.47,162.79,1.0000,-1,-1,-1
339,63,226.48,111.04,56.25,128.96,1.0000,-1,-1,-1
339,64,745.46,492.14,66.32,94.78,1.0000,-1,-1,-1
339,65,1014.96,205.19,56.69,136.90,1.0000,-1,-1,-1
339,66,582.90,197.03,81.33,154.45,1.0000,-1,-1,-1
339,68,622.33,410.25,81.81,163.13,1.0000,-1,-1,-1
340,12,96.73,162.68,59.65,133.25,1.0000,-1,-1,-1
340,36,378.94,216.66,65.83,132.63,1.0000,-1,-1,-1
340,41,455.17,371.45,68.19,157.50,1.0000,-1,-1,-1
340,52,732.12,361.23,82.03,141.37,1.0000,-1,-1,-1
340,54,536.73,340.57,85.40,181.36,1.0000,-1,-1,-1
340,55,685.08,140.76,39.80,127.35,1.0000,-1,-1,-1
340,57,634.29,199.25,56.98,159.98,1.0000,-1,-1,-1
340,63,227.77,111.28,56.29,128.30,1.0000,-1,-1,-1
340,64,746.48,491.93,66.02,94.85,1.0000,-1,-1,-1
340,65,1016.64,206.29,55.41,136.33,1.0000,-1,-1,-1
340,66,589.04,195.70,81.67,155.09,1.0000,-1,-1,-1
340,68,615.04,410.48,78.80,163.24,1.0000,-1,-1,-1
341,12,97.31,163.33,63.74,131.03,1.0000,-1,-1,-1
341,36,382.34,216.46,64.45,133.17,1.0000,-1,-1,-1
341,41,461.01,371.53,65.81,158.01,1.0000,-1,-1,-1
341,52,729.10,362.48,84.24,143.58,1.0000,-1,-1,-1
341,54,537.16,359.12,67.90,153.23,1.0000,-1,-1,-1
341,55,682.03,143.59,39.93,125.34,1.0000,-1,-1,-1
341,57,639.01,198.71,53.40,157.70,1.0000,-1,-1,-1
341,63,229.52,110.89,56.56,127.71,1.0000,-1,-1,-1
341,64,748.22,490.91,65.88,95.78,1.0000,-1,-1,-1
341,65,1018.74,207.31,53.98,136.70,1.0000,-1,-1,-1
341,66,595.18,194.38,82.00,155.72,1.0000,-1,-1,-1
341,68,609.95,410.27,75.42,162.43,1.0000,-1,-1,-1
342,12,97.58,165.67,68.11,128.89,1.0000,-1,-1,-1
342,36,384.23,216.18,63.72,134.02,1.0000,-1,-1,-1
342,41,465.72,369.50,66.06,155.63,1.0000,-1,-1,-1
342,52,724.98,363.40,86.56,146.24,1.0000,-1,-1,-1
342,54,538.66,359.39,67.90,153.23,1.0000,-1,-1,-1
342,55,680.97,146.35,40.03,123.46,1.0000,-1,-1,-1
342,57,642.96,197.04,53.35,157.54,1.0000,-1,-1,-1
342,63,228.51,110.12,55.71,127.53,1.0000,-1,-1,-1
342,64,750.44,490.15,65.62,96.56,1.0000,-1,-1,-1
342,65,1020.47,208.15,53.48,136.91,1.0000,-1,-1,-1
342,66,601.32,193.06,82.33,156.36,1.0000,-1,-1,-1
342,68,605.86,412.29,71.87,164.11,1.0000,-1,-1,-1
343,12,96.90,166.44,71.25,128.18,1.0000,-1,-1,-1
343,36,386.26,216.00,62.63,134.39,1.0000,-1,-1,-1
343,41,471.37,370.61,73.26,155.88,1.0000,-1,-1,-1
343,52,719.12,366.68,85.23,149.17,1.0000,-1,-1,-1
343,54,540.17,359.65,67.90,153.22,1.0000,-1,-1,-1
343,55,679.57,146.63,39.92,123.14,1.0000,-1,-1,-1
343,57,647.61,198.84,55.56,153.95,1.0000,-1,-1,-1
343,63,231.58,107.94,56.30,127.97,1.0000,-1,-1,-1
343,64,754.52,489.42,64.46,97.36,1.0000,-1,-1,-1
343,65,1023.37,210.23,53.89,139.73,1.0000,-1,-1,-1
343,66,607.46,191.74,82.66,156.98,1.0000,-1,-1,-1
343,68,597.71,416.59,68.59,164.72,1.0000,-1,-1,-1
344,12,96.26,165.63,73.52,127.80,1.0000,-1,-1,-1
344,36,387.44,215.81,61.75,133.45,1.0000,-1,-1,-1
344,41,473.95,370.41,81.63,155.72,1.0000,-1,-1,-1
344,52,717.97,369.42,85.19,149.10,1.0000,-1,-1,-1
344,54,550.22,345.72,71.59,157.65,1.0000,-1,-1,-1
344,55,678.17,146.90,39.82,122.81,1.0000,-1,-1,-1
344,57,651.72,197.30,55.51,153.81,1.0000,-1,-1,-1
344,63,233.27,106.39,57.03,128.36,1.0000,-1,-1,-1
344,64,757.23,488.24,63.65,97.99,1.0000,-1,-1,-1
344,65,1025.03,212.30,53.29,140.08,1.0000,-1,-1,-1
344,66,607.89,203.52,64.77,134.85,1.0000,-1,-1,-1
344,68,589.51,418.92,69.15,164.89,1.0000,-1,-1,-1
345,12,96.09,164.13,74.80,128.13,1.0000,-1,-1,-1
345,36,387.55,217.35,61.33,132.82,1.0000,-1,-1,-1
345,41,475.84,371.12,88.80,155.56,1.0000,-1,-1,-1
345,52,704.86,370.33,74.39,149.54,1.0000,-1,-1,-1
345,54,552.54,344.98,71.62,157.72,1.0000,-1,-1,-1
345,55,676.77,147.17,39.71,122.49,1.0000,-1,-1,-1
345,57,650.44,198.09,61.11,150.38,1.0000,-1,-1,-1
345,63,234.30,105.40,58.12,128.91,1.0000,-1,-1,-1
345,64,759.30,487.09,63.14,98.46,1.0000,-1,-1,-1
345,65,1027.41,215.51,53.57,140.50,1.0000,-1,-1,-1
345,66,613.33,202.75,64.64,134.59,1.0000,-1,-1,-1
345,68,581.65,423.51,69.25,162.58,1.0000,-1,-1,-1
346,12,96.54,162.57,75.30,128.52,1.0000,-1,-1,-1
346,36,387.96,219.00,60.68,131.25,1.0000,-1,-1,-1
346,41,475.97,369.27,94.26,154.95,1.0000,-1,-1,-1
346,52,702.06,369.76,68.81,150.20,1.0000,-1,-1,-1
346,54,554.85,342.01,73.66,158.07,1.0000,-1,-1,-1
346,55,675.37,147.45,39.61,122.16,1.0000,-1,-1,-1
346,57,654.13,200.06,63.45,147.81,1.0000,-1,-1,-1
346,63,236.46,105.71,59.13,129.22,1.0000,-1,-1,-1
346,64,761.30,486.30,62.85,98.89,1.0000,-1,-1,-1
346,65,1028.95,217.10,54.00,140.49,1.0000,-1,-1,-1
346,66,618.77,201.98,64.52,134.33,1.0000,-1,-1,-1
346,68,573.17,429.39,70.14,158.43,1.0000,-1,-1,-1
347,12,98.84,159.51,74.72,128.52,1.0000,-1,-1,-1
347,36,388.57,222.19,59.86,131.27,1.0000,-1,-1,-1
347,41,478.34,368.22,94.59,155.37,1.0000,-1,-1,-1
347,52,700.07,368.48,66.06,150.75,1.0000,-1,-1,-1
347,54,559.03,338.61,71.97,154.06,1.0000,-1,-1,-1
347,55,673.97,147.72,39.50,121.83,1.0000,-1,-1,-1
347,57,655.23,173.45,67.46,163.55,1.0000,-1,-1,-1
347,63,239.16,104.43,61.51,130.01,1.0000,-1,-1,-1
347,64,763.82,485.64,62.41,99.67,1.0000,-1,-1,-1
347,65,1031.02,217.58,56.21,143.29,1.0000,-1,-1,-1
347,66,624.21,201.21,64.40,134.08,1.0000,-1,-1,-1
347,68,568.34,431.69,70.60,155.97,1.0000,-1,-1,-1
348,12,104.57,154.66,71.22,127.87,1.0000,-1,-1,-1
348,36,389.23,226.28,58.85,131.04,1.0000,-1,-1,-1
348,41,484.74,365.47,90.18,156.37,1.0000,-1,-1,-1
348,52,692.88,368.75,63.68,152.53,1.0000,-1,-1,-1
348,54,561.52,337.29,72.00,154.11,1.0000,-1,-1,-1
348,55,672.57,148.00,39.39,121.50,1.0000,-1,-1,-1
348,57,658.03,183.40,71.86,159.31,1.0000,-1,-1,-1
348,63,241.39,101.45,64.24,131.35,1.0000,-1,-1,-1
348,64,766.56,484.32,62.27,100.62,1.0000,-1,-1,-1
348,65,1031.33,218.33,56.52,142.31,1.0000,-1,-1,-1
348,66,629.65,200.44,64.27,133.82,1.0000,-1,-1,-1
348,68,563.69,438.92,68.60,149.70,1.0000,-1,-1,-1
349,12,110.85,151.17,66.41,126.59,1.0000,-1,-1,-1
349,36,389.84,228.47,57.65,130.80,1.0000,-1,-1,-1
349,41,490.84,364.36,84.85,157.49,1.0000,-1,-1,-1
349,52,687.32,370.38,61.11,155.98,1.0000,-1,-1,-1
349,54,568.68,339.01,68.23,147.68,1.0000,-1,-1,-1
349,55,671.17,148.27,39.29,121.17,1.0000,-1,-1,-1
349,57,659.69,170.41,75.25,166.82,1.0000,-1,-1,-1
349,63,241.83,99.75,67.58,132.40,1.0000,-1,-1,-1
349,64,768.35,483.05,62.43,101.63,1.0000,-1,-1,-1
349,65,1033.01,215.27,56.90,139.79,1.0000,-1,-1,-1
349,66,635.09,199.67,64.15,133.56,1.0000,-1,-1,-1
349,68,560.43,445.37,67.32,143.45,1.0000,-1,-1,-1
350,12,118.44,148.29,61.45,126.43,1.0000,-1,-1,-1
350,36,390.22,229.23,56.78,130.10,1.0000,-1,-1,-1
350,41,505.10,357.51,76.82,157.30,1.0000,-1,-1,-1
350,52,682.31,371.40,60.23,159.54,1.0000,-1,-1,-1
350,54,574.80,344.18,64.24,148.56,1.0000,-1,-1,-1
350,55,669.78,148.55,39.18,120.84,1.0000,-1,-1,-1
350,57,660.36,188.63,77.85,156.27,1.0000,-1,-1,-1
350,63,240.83,98.54,70.43,132.87,1.0000,-1,-1,-1
350,64,769.77,481.76,62.57,102.63,1.0000,-1,-1,-1
350,65,1034.92,213.93,57.04,137.83,1.0000,-1,-1,-1
350,66,640.52,198.90,64.02,133.30,1.0000,-1,-1,-1
350,68,559.45,446.68,65.94,140.03,1.0000,-1,-1,-1
351,12,124.34,146.75,56.37,125.47,1.0000,-1,-1,-1
351,36,390.58,228.35,55.97,129.97,1.0000,-1,-1,-1
351,41,510.20,356.38,76.76,157.17,1.0000,-1,-1,-1
351,52,678.70,372.87,61.15,162.92,1.0000,-1,-1,-1
351,54,579.51,346.71,62.90,149.50,1.0000,-1,-1,-1
351,55,668.38,148.82,39.07,120.51,1.0000,-1,-1,-1
351,57,659.35,165.78,80.54,168.17,1.0000,-1,-1,-1
351,63,240.61,97.40,72.82,132.84,1.0000,-1,-1,-1
351,64,770.70,480.92,62.73,103.61,1.0000,-1,-1,-1
351,65,1037.44,215.74,56.58,137.51,1.0000,-1,-1,-1
351,66,657.26,199.27,78.43,141.68,1.0000,-1,-1,-1
351,68,559.20,444.07,65.00,139.91,1.0000,-1,-1,-1
352,12,128.62,144.67,53.27,125.16,1.0000,-1,-1,-1
352,36,391.01,226.57,55.35,130.38,1.0000,-1,-1,-1
352,41,515.30,355.25,76.69,157.03,1.0000,-1,-1,-1
352,52,670.55,376.07,59.92,164.93,1.0000,-1,-1,-1
352,54,584.79,348.39,64.68,149.25,1.0000,-1,-1,-1
352,55,666.98,149.10,38.96,120.18,1.0000,-1,-1,-1
352,57,662.71,163.00,80.70,168.51,1.0000,-1,-1,-1
352,63,240.05,96.24,74.09,132.65,1.0000,-1,-1,-1
352,64,771.54,480.13,62.72,104.47,1.0000,-1,-1,-1
352,65,1039.73,216.80,56.24,137.56,1.0000,-1,-1,-1
352,66,660.96,196.20,79.57,142.31,1.0000,-1,-1,-1
352,68,554.67,440.93,66.85,141.48,1.0000,-1,-1,-1
353,12,132.94,142.72,52.92,125.18,1.0000,-1,-1,-1
353,36,391.70,221.27,54.77,131.90,1.0000,-1,-1,-1
353,41,528.34,354.90,63.46,146.96,1.0000,-1,-1,-1
353,52,659.90,380.45,60.89,163.94,1.0000,-1,-1,-1
353,54,588.09,348.26,64.65,149.17,1.0000,-1,-1,-1
353,55,665.58,149.38,38.86,119.85,1.0000,-1,-1,-1
353,57,665.06,169.82,78.84,162.68,1.0000,-1,-1,-1
353,63,241.35,94.35,74.22,132.54,1.0000,-1,-1,-1
353,64,772.76,478.90,62.85,105.85,1.0000,-1,-1,-1
353,65,1041.86,217.33,57.23,140.75,1.0000,-1,-1,-1
353,66,667.37,195.37,79.71,142.56,1.0000,-1,-1,-1
353,68,547.76,435.58,71.57,146.29,1.0000,-1,-1,-1
354,12,142.29,139.48,52.12,125.61,1.0000,-1,-1,-1
354,36,392.35,217.15,54.22,133.20,1.0000,-1,-1,-1
354,41,535.78,358.31,54.22,141.21,1.0000,-1,-1,-1
354,52,649.18,383.47,65.26,162.49,1.0000,-1,-1,-1
354,54,591.38,348.13,64.61,149.09,1.0000,-1,-1,-1
354,55,664.18,149.65,38.75,119.51,1.0000,-1,-1,-1
354,57,674.01,173.79,73.26,157.31,1.0000,-1,-1,-1
354,63,244.80,92.81,72.28,132.17,1.0000,-1,-1,-1
354,64,773.38,477.20,62.95,107.43,1.0000,-1,-1,-1
354,65,1043.07,216.97,57.90,142.49,1.0000,-1,-1,-1
354,66,673.77,194.54,79.85,142.81,1.0000,-1,-1,-1
354,68,547.92,430.27,73.67,150.85,1.0000,-1,-1,-1
355,12,149.50,136.89,53.66,126.52,1.0000,-1,-1,-1
355,36,393.01,212.83,53.72,133.99,1.0000,-1,-1,-1
355,41,541.42,366.77,49.14,142.51,1.0000,-1,-1,-1
355,52,638.90,385.84,71.24,160.49,1.0000,-1,-1,-1
355,54,594.67,348.00,64.58,149.01,1.0000,-1,-1,-1
355,55,662.79,149.93,38.64,119.18,1.0000,-1,-1,-1
355,57,679.66,174.57,68.77,155.59,1.0000,-1,-1,-1
355,63,249.52,91.54,69.29,131.27,1.0000,-1,-1,-1
355,64,773.97,475.72,63.11,108.70,1.0000,-1,-1,-1
355,65,1043.55,217.94,59.36,143.42,1.0000,-1,-1,-1
355,66,680.17,193.72,79.98,143.05,1.0000,-1,-1,-1
355,68,549.55,428.55,74.84,153.20,1.0000,-1,-1,-1
356,12,154.29,135.58,57.17,127.05,1.0000,-1,-1,-1
356,36,393.68,209.54,53.18,134.14,1.0000,-1,-1,-1
356,41,546.35,366.70,48.88,141.78,1.0000,-1,-1,-1
356,52,625.54,385.11,79.55,160.15,1.0000,-1,-1,-1
356,54,597.97,347.86,64.55,148.93,1.0000,-1,-1,-1
356,55,656.72,173.98,53.92,130.54,1.0000,-1,-1,-1
356,57,687.01,174.92,63.62,155.74,1.0000,-1,-1,-1
356,63,250.95,90.42,69.45,131.57,1.0000,-1,-1,-1
356,64,773.80,473.92,63.37,110.26,1.0000,-1,-1,-1
356,65,1044.41,218.63,61.84,143.71,1.0000,-1,-1,-1
356,66,686.58,192.89,80.12,143.30,1.0000,-1,-1,-1
356,68,551.80,424.54,76.76,156.78,1.0000,-1,-1,-1
357,12,157.96,134.45,61.97,127.01,1.0000,-1,-1,-1
357,36,394.46,206.89,53.06,134.13,1.0000,-1,-1,-1
357,41,551.28,366.64,48.63,141.05,1.0000,-1,-1,-1
357,52,619.85,387.24,79.53,160.11,1.0000,-1,-1,-1
357,54,601.26,347.73,64.51,148.85,1.0000,-1,-1,-1
357,55,657.95,173.61,55.11,134.28,1.0000,-1,-1,-1
357,57,693.24,174.69,59.12,153.11,1.0000,-1,-1,-1
357,63,259.61,89.03,63.85,131.09,1.0000,-1,-1,-1
357,64,773.87,472.59,63.36,111.51,1.0000,-1,-1,-1
357,65,1044.38,220.04,63.66,143.74,1.0000,-1,-1,-1
357,66,692.98,192.07,80.26,143.55,1.0000,-1,-1,-1
357,68,550.70,399.52,81.20,172.88,1.0000,-1,-1,-1
358,12,160.45,133.30,66.40,126.48,1.0000,-1,-1,-1
358,36,393.73,203.28,54.14,131.55,1.0000,-1,-1,-1
358,41,556.22,366.57,48.38,140.31,1.0000,-1,-1,-1
358,52,610.67,395.59,78.52,158.34,1.0000,-1,-1,-1
358,54,604.55,347.60,64.48,148.77,1.0000,-1,-1,-1
358,55,656.89,175.28,55.15,134.36,1.0000,-1,-1,-1
358,57,700.07,174.65,57.60,151.68,1.0000,-1,-1,-1
358,63,268.70,88.36,58.27,130.78,1.0000,-1,-1,-1
358,64,773.84,471.63,62.96,112.50,1.0000,-1,-1,-1
358,65,1043.94,220.87,64.60,142.09,1.0000,-1,-1,-1
358,66,699.39,191.25,80.40,143.79,1.0000,-1,-1,-1
358,68,554.67,389.59,84.56,183.21,1.0000,-1,-1,-1
359,12,162.21,133.29,69.33,125.62,1.0000,-1,-1,-1
359,36,393.69,202.37,55.86,129.83,1.0000,-1,-1,-1
359,41,561.15,366.51,48.12,139.57,1.0000,-1,-1,-1
359,52,606.25,402.23,76.40,157.65,1.0000,-1,-1,-1
359,54,607.85,347.46,64.44,148.69,1.0000,-1,-1,-1
359,55,655.83,176.94,55.18,134.44,1.0000,-1,-1,-1
359,57,703.96,173.33,57.55,151.57,1.0000,-1,-1,-1
359,63,270.95,87.29,58.32,130.89,1.0000,-1,-1,-1
359,64,773.84,470.63,62.27,113.36,1.0000,-1,-1,-1
359,65,1043.82,222.06,64.70,141.04,1.0000,-1,-1,-1
359,66,705.79,190.42,80.53,144.04,1.0000,-1,-1,-1
359,68,555.42,380.58,89.31,193.23,1.0000,-1,-1,-1
360,12,163.15,132.43,70.95,125.82,1.0000,-1,-1,-1
360,36,394.55,202.74,58.99,129.11,1.0000,-1,-1,-1
360,41,566.09,366.45,47.86,138.82,1.0000,-1,-1,-1
360,52,602.94,375.13,74.94,173.27,1.0000,-1,-1,-1
360,54,611.14,347.33,64.41,148.61,1.0000,-1,-1,-1
360,55,654.77,178.61,55.21,134.51,1.0000,-1,-1,-1
360,57,709.93,175.02,58.28,149.09,1.0000,-1,-1,-1
360,63,277.12,86.62,52.79,129.86,1.0000,-1,-1,-1
360,64,773.22,469.69,61.65,114.27,1.0000,-1,-1,-1
360,65,1043.72,222.87,64.65,140.82,1.0000,-1,-1,-1
360,66,712.20,189.60,80.67,144.28,1.0000,-1,-1,-1
360,68,553.24,378.28,89.87,194.45,1.0000,-1,-1,-1
361,12,165.70,130.62,69.97,126.24,1.0000,-1,-1,-1
361,36,394.56,202.00,61.78,127.69,1.0000,-1,-1,-1
361,41,571.03,366.39,47.61,138.07,1.0000,-1,-1,-1
361,52,597.12,376.06,74.93,173.25,1.0000,-1,-1,-1
361,54,612.07,354.07,64.94,189.57,1.0000,-1,-1,-1
361,55,670.57,162.25,51.44,135.82,1.0000,-1,-1,-1
361,57,712.87,175.04,60.18,148.56,1.0000,-1,-1,-1
361,63,282.30,86.37,49.88,129.36,1.0000,-1,-1,-1
361,64,772.30,468.61,61.51,115.31,1.0000,-1,-1,-1
361,65,1043.99,223.38,63.93,139.57,1.0000,-1,-1,-1
361,66,718.60,188.77,80.81,144.53,1.0000,-1,-1,-1
361,68,551.05,376.00,90.43,195.65,1.0000,-1,-1,-1
362,12,169.81,129.38,67.77,125.38,1.0000,-1,-1,-1
362,36,394.85,201.12,65.90,126.56,1.0000,-1,-1,-1
362,41,575.96,366.33,47.35,137.32,1.0000,-1,-1,-1
362,52,591.31,377.00,74.93,173.23,1.0000,-1,-1,-1
362,54,615.18,355.60,65.00,189.74,1.0000,-1,-1,-1
362,55,672.39,158.95,49.77,136.78,1.0000,-1,-1,-1
362,57,714.52,175.01,62.86,147.63,1.0000,-1,-1,-1
362,63,285.70,85.32,50.79,129.22,1.0000,-1,-1,-1
362,64,771.49,467.58,61.56,116.37,1.0000,-1,-1,-1
362,65,1044.48,223.96,62.90,138.35,1.0000,-1,-1,-1
362,66,725.01,187.95,80.94,144.77,1.0000,-1,-1,-1
362,68,548.87,373.71,90.98,196.85,1.0000,-1,-1,-1
363,12,179.90,127.53,62.59,124.18,1.0000,-1,-1,-1
363,36,396.20,198.37,70.57,126.42,1.0000,-1,-1,-1
363,41,580.90,366.27,47.08,136.56,1.0000,-1,-1,-1
363,52,585.49,377.93,74.92,173.21,1.0000,-1,-1,-1
363,54,617.66,330.41,65.78,171.02,1.0000,-1,-1,-1
363,55,674.82,156.97,48.61,137.27,1.0000,-1,-1,-1
363,57,717.09,176.21,65.16,145.63,1.0000,-1,-1,-1
363,63,288.33,84.36,50.77,129.17,1.0000,-1,-1,-1
363,64,771.25,466.20,61.23,117.83,1.0000,-1,-1,-1
363,65,1046.11,223.26,60.95,137.29,1.0000,-1,-1,-1
363,66,731.41,187.13,81.08,145.01,1.0000,-1,-1,-1
363,68,559.25,414.28,100.87,169.70,1.0000,-1,-1,-1
364,12,188.33,127.92,57.22,123.41,1.0000,-1,-1,-1
364,36,397.19,196.74,73.32,125.67,1.0000,-1,-1,-1
364,41,585.84,366.22,46.82,135.80,1.0000,-1,-1,-1
364,52,579.68,378.86,74.91,173.19,1.0000,-1,-1,-1
364,54,620.00,326.85,67.97,162.42,1.0000,-1,-1,-1
364,55,676.46,156.23,48.12,137.45,1.0000,-1,-1,-1
364,57,719.51,176.64,65.89,144.33,1.0000,-1,-1,-1
364,63,290.96,83.39,50.75,129.12,1.0000,-1,-1,-1
364,64,771.15,465.13,60.82,119.07,1.0000,-1,-1,-1
364,65,1047.28,221.59,58.96,135.38,1.0000,-1,-1,-1
364,66,737.82,186.30,81.22,145.26,1.0000,-1,-1,-1
364,68,558.46,414.44,101.41,170.61,1.0000,-1,-1,-1
365,12,194.11,126.25,52.47,122.83,1.0000,-1,-1,-1
365,36,398.54,195.43,74.65,125.29,1.0000,-1,-1,-1
365,41,590.78,366.17,46.56,135.03,1.0000,-1,-1,-1
365,52,573.87,379.79,74.90,173.17,1.0000,-1,-1,-1
365,54,622.12,326.40,70.26,156.40,1.0000,-1,-1,-1
365,55,676.95,156.04,48.11,137.44,1.0000,-1,-1,-1
365,57,723.01,176.44,64.74,143.67,1.0000,-1,-1,-1
365,63,292.65,81.87,58.57,129.29,1.0000,-1,-1,-1
365,64,771.08,464.28,60.48,120.02,1.0000,-1,-1,-1
365,65,1048.37,221.97,57.40,134.09,1.0000,-1,-1,-1
365,66,744.23,185.48,81.35,145.50,1.0000,-1,-1,-1
365,68,557.67,414.60,101.95,171.52,1.0000,-1,-1,-1
366,12,199.79,126.34,48.47,121.98,1.0000,-1,-1,-1
366,36,401.63,194.26,74.38,124.94,1.0000,-1,-1,-1
366,41,595.72,366.12,46.29,134.26,1.0000,-1,-1,-1
366,52,568.05,380.72,74.89,173.15,1.0000,-1,-1,-1
366,54,623.40,327.25,71.89,152.42,1.0000,-1,-1,-1
366,55,677.43,155.86,48.11,137.42,1.0000,-1,-1,-1
366,57,725.70,176.26,63.19,143.54,1.0000,-1,-1,-1
366,63,291.71,83.07,62.95,127.76,1.0000,-1,-1,-1
366,64,770.74,463.29,60.26,121.02,1.0000,-1,-1,-1
366,65,1049.76,224.28,56.80,135.92,1.0000,-1,-1,-1
366,66,750.63,184.66,81.49,145.74,1.0000,-1,-1,-1
366,68,556.88,414.76,102.49,172.42,1.0000,-1,-1,-1
367,12,203.77,125.06,48.38,121.77,1.0000,-1,-1,-1
367,36,405.53,192.75,73.39,125.42,1.0000,-1,-1,-1
367,41,600.66,366.07,46.02,133.49,1.0000,-1,-1,-1
367,52,562.24,381.66,74.88,173.13,1.0000,-1,-1,-1
367,54,623.21,328.62,73.26,149.17,1.0000,-1,-1,-1
367,55,677.92,155.67,48.10,137.41,1.0000,-1,-1,-1
367,57,727.24,176.18,61.52,143.02,1.0000,-1,-1,-1
367,63,294.40,82.10,63.03,127.91,1.0000,-1,-1,-1
367,64,770.50,462.01,60.17,122.17,1.0000,-1,-1,-1
367,65,1050.13,224.84,56.21,136.50,1.0000,-1,-1,-1
367,66,757.04,183.83,81.62,145.98,1.0000,-1,-1,-1
367,68,556.10,414.93,103.02,173.32,1.0000,-1,-1,-1
368,12,207.74,123.78,48.30,121.56,1.0000,-1,-1,-1
368,36,416.02,191.08,68.57,126.54,1.0000,-1,-1,-1
368,41,605.60,366.03,45.75,132.71,1.0000,-1,-1,-1
368,52,556.42,382.59,74.87,173.11,1.0000,-1,-1,-1
368,54,623.89,330.33,73.64,146.64,1.0000,-1,-1,-1
368,55,678.41,155.48,48.10,137.39,1.0000,-1,-1,-1
368,57,728.64,175.27,60.28,143.16,1.0000,-1,-1,-1
368,63,297.09,81.12,63.10,128.06,1.0000,-1,-1,-1
368,64,770.42,460.39,60.16,123.42,1.0000,-1,-1,-1
368,65,1051.00,225.35,56.22,136.50,1.0000,-1,-1,-1
368,68,555.31,415.10,103.55,174.21,1.0000,-1,-1,-1
369,12,211.72,122.49,48.22,121.35,1.0000,-1,-1,-1
369,36,427.21,189.07,62.86,127.29,1.0000,-1,-1,-1
369,41,610.55,365.99,45.48,131.92,1.0000,-1,-1,-1
369,52,550.61,383.52,74.86,173.09,1.0000,-1,-1,-1
369,54,623.05,331.17,74.58,144.37,1.0000,-1,-1,-1
369,55,678.89,155.30,48.09,137.38,1.0000,-1,-1,-1
369,57,731.77,174.55,60.24,143.05,1.0000,-1,-1,-1
369,63,299.78,80.15,63.17,128.21,1.0000,-1,-1,-1
369,64,769.96,458.84,60.17,124.86,1.0000,-1,-1,-1
369,65,1050.25,230.29,55.53,136.89,1.0000,-1,-1,-1
369,68,554.53,415.27,104.08,175.10,1.0000,-1,-1,-1
370,12,215.70,121.21,48.13,121.13,1.0000,-1,-1,-1
370,36,435.26,186.70,58.39,127.19,1.0000,-1,-1,-1
370,41,615.49,365.95,45.21,131.13,1.0000,-1,-1,-1
370,52,544.79,384.45,74.86,173.07,1.0000,-1,-1,-1
370,54,620.88,331.29,76.29,142.29,1.0000,-1,-1,-1
370,55,679.38,155.11,48.09,137.36,1.0000,-1,-1,-1
370,57,735.01,173.07,63.21,143.28,1.0000,-1,-1,-1
370,63,302.47,79.18,63.24,128.36,1.0000,-1,-1,-1
370,64,769.86,457.61,60.09,126.11,1.0000,-1,-1,-1
370,65,1050.25,232.50,55.06,136.65,1.0000,-1,-1,-1
370,68,553.74,415.44,104.60,175.98,1.0000,-1,-1,-1
371,12,224.32,122.08,54.72,121.11,1.0000,-1,-1,-1
371,36,440.66,183.87,55.05,127.07,1.0000,-1,-1,-1
371,41,602.76,403.50,58.83,138.01,1.0000,-1,-1,-1
371,52,538.98,385.38,74.85,173.05,1.0000,-1,-1,-1
371,54,619.23,330.67,78.10,139.92,1.0000,-1,-1,-1
371,55,679.87,154.93,48.08,137.35,1.0000,-1,-1,-1
371,57,735.20,172.93,64.36,142.87,1.0000,-1,-1,-1
371,63,305.16,78.20,63.32,128.50,1.0000,-1,-1,-1
371,64,769.77,456.69,59.94,127.07,1.0000,-1,-1,-1
371,65,1050.14,233.90,54.64,136.07,1.0000,-1,-1,-1
371,68,552.96,415.62,105.12,176.86,1.0000,-1,-1,-1
372,12,226.76,121.17,57.80,120.17,1.0000,-1,-1,-1
372,36,444.91,183.47,52.48,127.46,1.0000,-1,-1,-1
372,41,607.11,405.40,58.65,137.59,1.0000,-1,-1,-1
372,52,533.16,386.31,74.84,173.03,1.0000,-1,-1,-1
372,54,619.02,331.08,78.56,137.91,1.0000,-1,-1,-1
372,55,686.10,151.62,45.96,135.00,1.0000,-1,-1,-1
372,57,734.78,172.95,65.39,142.35,1.0000,-1,-1,-1
372,63,307.85,77.23,63.39,128.65,1.0000,-1,-1,-1
372,64,769.78,456.04,59.99,127.83,1.0000,-1,-1,-1
372,65,1050.68,234.94,54.62,136.04,1.0000,-1,-1,-1
372,68,552.18,415.80,105.64,177.73,1.0000,-1,-1,-1
373,12,230.71,119.90,58.22,119.78,1.0000,-1,-1,-1
373,36,451.82,183.54,52.33,127.08,1.0000,-1,-1,-1
373,41,611.46,407.30,58.47,137.16,1.0000,-1,-1,-1
373,52,527.35,387.25,74.83,173.01,1.0000,-1,-1,-1
373,54,618.66,331.30,80.01,135.17,1.0000,-1,-1,-1
373,55,686.91,151.17,45.94,134.93,1.0000,-1,-1,-1
373,57,737.73,174.30,63.49,141.40,1.0000,-1,-1,-1
373,63,310.54,76.25,63.46,128.80,1.0000,-1,-1,-1
373,64,769.22,455.46,60.22,128.48,1.0000,-1,-1,-1
373,65,1051.22,235.98,54.61,136.01,1.0000,-1,-1,-1
373,68,551.40,415.98,106.16,178.60,1.0000,-1,-1,-1
373,69,644.10,145.44,34.70,108.25,1.0000,-1,-1,-1
374,12,234.73,120.01,57.16,120.02,1.0000,-1,-1,-1
374,36,456.86,183.64,53.74,124.47,1.0000,-1,-1,-1
374,41,615.81,409.20,58.29,136.73,1.0000,-1,-1,-1
374,52,521.53,388.18,74.82,172.99,1.0000,-1,-1,-1
374,54,617.34,331.94,81.63,133.46,1.0000,-1,-1,-1
374,55,687.73,150.72,45.91,134.87,1.0000,-1,-1,-1
374,57,740.75,175.52,61.61,140.63,1.0000,-1,-1,-1
374,63,313.23,75.28,63.54,128.95,1.0000,-1,-1,-1
374,64,768.03,455.10,60.83,128.96,1.0000,-1,-1,-1
374,65,1051.75,237.02,54.60,135.98,1.0000,-1,-1,-1
374,68,550.62,416.16,106.67,179.47,1.0000,-1,-1,-1
374,69,645.13,145.57,34.91,109.33,1.0000,-1,-1,-1
375,12,239.13,118.93,57.12,119.93,1.0000,-1,-1,-1
375,36,462.66,186.29,57.36,124.61,1.0000,-1,-1,-1
375,41,620.16,411.09,58.11,136.30,1.0000,-1,-1,-1
375,52,515.72,389.11,74.81,172.97,1.0000,-1,-1,-1
375,54,618.65,330.67,81.65,133.48,1.0000,-1,-1,-1
375,55,688.54,150.27,45.89,134.80,1.0000,-1,-1,-1
375,57,742.44,176.74,60.16,140.54,1.0000,-1,-1,-1
375,63,315.92,74.31,63.61,129.09,1.0000,-1,-1,-1
375,64,766.81,454.57,61.53,129.45,1.0000,-1,-1,-1
375,65,1052.29,238.07,54.58,135.94,1.0000,-1,-1,-1
375,68,542.64,368.47,84.32,169.72,1.0000,-1,-1,-1
375,69,645.53,144.61,35.25,110.59,1.0000,-1,-1,-1
376,12,243.53,117.86,57.08,119.84,1.0000,-1,-1,-1
376,36,467.04,187.35,61.88,123.58,1.0000,-1,-1,-1
376,41,624.51,412.99,57.92,135.87,1.0000,-1,-1,-1
376,54,619.97,329.40,81.66,133.51,1.0000,-1,-1,-1
376,55,689.36,149.81,45.87,134.74,1.0000,-1,-1,-1
376,57,744.95,176.49,60.11,140.42,1.0000,-1,-1,-1
376,63,318.61,73.33,63.68,129.24,1.0000,-1,-1,-1
376,64,765.76,454.05,62.31,129.89,1.0000,-1,-1,-1
376,65,1052.83,239.11,54.57,135.91,1.0000,-1,-1,-1
376,68,540.94,365.81,84.51,170.10,1.0000,-1,-1,-1
376,69,646.19,145.83,34.64,108.69,1.0000,-1,-1,-1
377,12,247.94,116.78,57.04,119.75,1.0000,-1,-1,-1
377,36,470.07,188.57,66.54,122.25,1.0000,-1,-1,-1
377,41,628.86,414.89,57.74,135.44,1.0000,-1,-1,-1
377,54,621.29,328.13,81.68,133.54,1.0000,-1,-1,-1
377,55,690.17,149.36,45.85,134.67,1.0000,-1,-1,-1
377,57,743.17,179.20,59.24,139.98,1.0000,-1,-1,-1
377,63,348.17,81.01,62.42,120.99,1.0000,-1,-1,-1
377,64,765.22,453.86,63.02,130.61,1.0000,-1,-1,-1
377,65,1053.37,240.15,54.56,135.88,1.0000,-1,-1,-1
377,68,544.82,369.07,81.33,175.16,1.0000,-1,-1,-1
377,69,646.94,140.68,35.73,112.40,1.0000,-1,-1,-1
378,12,254.68,115.52,49.09,117.22,1.0000,-1,-1,-1
378,36,473.96,190.12,69.13,121.66,1.0000,-1,-1,-1
378,41,633.21,416.79,57.55,135.01,1.0000,-1,-1,-1
378,54,609.35,346.92,87.76,160.08,1.0000,-1,-1,-1
378,55,690.99,148.91,45.83,134.61,1.0000,-1,-1,-1
378,57,745.27,179.20,59.18,139.84,1.0000,-1,-1,-1
378,63,352.46,80.34,62.46,121.06,1.0000,-1,-1,-1
378,64,765.13,456.28,63.89,135.68,1.0000,-1,-1,-1
378,65,1053.91,241.19,54.54,135.85,1.0000,-1,-1,-1
378,68,545.56,368.06,79.41,174.27,1.0000,-1,-1,-1
378,69,647.64,141.37,35.24,110.85,1.0000,-1,-1,-1
379,12,258.87,116.31,45.90,115.85,1.0000,-1,-1,-1
379,36,475.13,190.88,71.14,121.65,1.0000,-1,-1,-1
379,41,637.56,418.70,57.37,134.57,1.0000,-1,-1,-1
379,54,604.77,342.61,91.17,174.45,1.0000,-1,-1,-1
379,55,691.80,148.46,45.80,134.54,1.0000,-1,-1,-1
379,57,747.38,179.20,59.12,139.71,1.0000,-1,-1,-1
379,63,356.75,79.68,62.50,121.13,1.0000,-1,-1,-1
379,64,763.51,456.38,65.41,140.23,1.0000,-1,-1,-1
379,65,1054.45,242.23,54.53,135.81,1.0000,-1,-1,-1
379,68,544.29,366.13,79.55,174.58,1.0000,-1,-1,-1
379,69,648.34,142.07,34.74,109.28,1.0000,-1,-1,-1
380,12,261.42,115.85,45.27,114.63,1.0000,-1,-1,-1
380,36,476.36,190.93,72.16,121.81,1.0000,-1,-1,-1
380,41,641.91,420.60,57.18,134.14,1.0000,-1,-1,-1
380,54,601.17,337.76,93.70,183.49,1.0000,-1,-1,-1
380,55,692.62,148.00,45.78,134.48,1.0000,-1,-1,-1
380,57,749.49,179.20,59.07,139.57,1.0000,-1,-1,-1
380,63,361.05,79.01,62.53,121.21,1.0000,-1,-1,-1
380,64,761.99,456.48,66.92,145.03,1.0000,-1,-1,-1
380,65,1054.98,243.27,54.52,135.78,1.0000,-1,-1,-1
380,68,545.21,369.77,78.70,174.56,1.0000,-1,-1,-1
380,69,649.04,142.78,34.23,107.68,1.0000,-1,-1,-1
381,12,263.95,117.19,46.81,112.66,1.0000,-1,-1,-1
381,36,477.90,191.33,72.13,121.33,1.0000,-1,-1,-1
381,41,646.27,422.50,57.00,133.70,1.0000,-1,-1,-1
381,54,601.06,338.94,93.90,183.89,1.0000,-1,-1,-1
381,55,693.43,147.55,45.76,134.41,1.0000,-1,-1,-1
381,57,751.59,179.20,59.01,139.44,1.0000,-1,-1,-1
381,63,365.34,78.34,62.57,121.28,1.0000,-1,-1,-1
381,64,762.30,455.53,67.32,148.27,1.0000,-1,-1,-1
381,65,1055.52,244.32,54.51,135.75,1.0000,-1,-1,-1
381,68,544.10,368.34,78.83,174.84,1.0000,-1,-1,-1
381,69,649.75,143.50,33.72,106.06,1.0000,-1,-1,-1
382,12,267.13,120.14,49.97,110.28,1.0000,-1,-1,-1
382,36,479.36,191.59,72.17,121.04,1.0000,-1,-1,-1
382,41,650.62,424.40,56.81,133.26,1.0000,-1,-1,-1
382,54,595.23,333.81,98.49,191.52,1.0000,-1,-1,-1
382,55,694.25,147.10,45.74,134.35,1.0000,-1,-1,-1
382,57,753.70,179.20,58.95,139.30,1.0000,-1,-1,-1
382,63,366.12,80.65,56.58,116.63,1.0000,-1,-1,-1
382,64,762.46,454.79,67.51,151.03,1.0000,-1,-1,-1
382,65,1056.06,245.36,54.49,135.72,1.0000,-1,-1,-1
382,68,542.99,366.90,78.95,175.13,1.0000,-1,-1,-1
382,69,651.20,135.25,36.74,116.04,1.0000,-1,-1,-1
383,12,270.23,117.75,52.62,111.40,1.0000,-1,-1,-1
383,36,482.82,191.40,69.98,120.75,1.0000,-1,-1,-1
383,41,654.97,426.31,56.62,132.82,1.0000,-1,-1,-1
383,54,594.80,334.72,98.73,191.99,1.0000,-1,-1,-1
383,55,695.07,146.65,45.71,134.28,1.0000,-1,-1,-1
383,57,755.81,179.21,58.89,139.17,1.0000,-1,-1,-1
383,63,371.20,81.00,51.06,114.51,1.0000,-1,-1,-1
383,64,763.43,454.00,67.07,153.22,1.0000,-1,-1,-1
383,65,1056.60,246.40,54.48,135.68,1.0000,-1,-1,-1
383,68,532.56,380.56,71.80,163.46,1.0000,-1,-1,-1
383,69,652.13,133.36,36.73,118.98,1.0000,-1,-1,-1
384,12,271.99,117.23,54.40,111.65,1.0000,-1,-1,-1
384,36,485.53,190.65,67.43,120.66,1.0000,-1,-1,-1
384,41,659.32,428.21,56.43,132.38,1.0000,-1,-1,-1
384,54,594.36,335.62,98.97,192.45,1.0000,-1,-1,-1
384,55,695.88,146.19,45.69,134.22,1.0000,-1,-1,-1
384,57,757.91,179.21,58.84,139.03,1.0000,-1,-1,-1
384,63,374.15,82.63,48.44,112.96,1.0000,-1,-1,-1
384,64,763.76,453.23,66.77,154.79,1.0000,-1,-1,-1
384,65,1057.14,247.44,54.47,135.65,1.0000,-1,-1,-1
384,68,528.02,382.81,67.06,156.14,1.0000,-1,-1,-1
384,69,654.42,132.69,36.45,120.14,1.0000,-1,-1,-1
385,12,274.51,117.08,54.77,111.70,1.0000,-1,-1,-1
385,36,487.52,189.54,65.35,120.53,1.0000,-1,-1,-1
385,41,663.68,430.12,56.25,131.94,1.0000,-1,-1,-1
385,54,608.44,331.68,83.84,192.80,1.0000,-1,-1,-1
385,55,696.70,145.74,45.67,134.15,1.0000,-1,-1,-1
385,57,760.02,179.21,58.78,138.90,1.0000,-1,-1,-1
385,63,377.71,82.27,48.35,112.75,1.0000,-1,-1,-1
385,64,763.90,452.40,66.36,155.49,1.0000,-1,-1,-1
385,65,1057.67,248.48,54.45,135.62,1.0000,-1,-1,-1
385,68,524.83,382.98,67.03,151.37,1.0000,-1,-1,-1
385,69,655.63,132.82,36.12,120.57,1.0000,-1,-1,-1
386,12,276.37,116.88,55.18,111.82,1.0000,-1,-1,-1
386,36,489.49,189.31,63.45,121.00,1.0000,-1,-1,-1
386,41,668.03,432.03,56.06,131.49,1.0000,-1,-1,-1
386,54,613.98,331.39,77.96,193.03,1.0000,-1,-1,-1
386,55,697.51,145.29,45.65,134.09,1.0000,-1,-1,-1
386,57,762.13,179.21,58.72,138.76,1.0000,-1,-1,-1
386,63,381.26,81.91,48.26,112.55,1.0000,-1,-1,-1
386,64,763.64,452.12,66.15,156.27,1.0000,-1,-1,-1
386,65,1058.21,249.52,54.44,135.59,1.0000,-1,-1,-1
386,68,519.57,382.99,68.01,149.02,1.0000,-1,-1,-1
386,69,656.41,134.23,36.03,119.96,1.0000,-1,-1,-1
387,12,280.02,116.27,55.11,111.69,1.0000,-1,-1,-1
387,36,491.40,188.84,61.64,121.10,1.0000,-1,-1,-1
387,54,614.38,331.90,78.08,193.32,1.0000,-1,-1,-1
387,55,698.33,144.84,45.63,134.02,1.0000,-1,-1,-1
387,57,764.23,179.21,58.66,138.62,1.0000,-1,-1,-1
387,63,384.82,81.55,48.17,112.34,1.0000,-1,-1,-1
387,64,763.55,451.75,65.83,156.43,1.0000,-1,-1,-1
387,68,515.85,382.01,69.96,148.21,1.0000,-1,-1,-1
387,69,656.63,134.14,35.82,119.91,1.0000,-1,-1,-1
388,12,283.74,115.31,53.97,111.59,1.0000,-1,-1,-1
388,36,493.34,188.36,60.22,120.71,1.0000,-1,-1,-1
388,54,588.45,329.82,92.81,195.45,1.0000,-1,-1,-1
388,57,766.34,179.21,58.61,138.49,1.0000,-1,-1,-1
388,63,388.37,81.19,48.08,112.13,1.0000,-1,-1,-1
388,64,763.05,451.74,65.74,155.98,1.0000,-1,-1,-1
388,68,505.07,377.20,75.21,148.46,1.0000,-1,-1,-1
388,69,657.43,132.89,35.56,120.69,1.0000,-1,-1,-1
389,12,285.67,115.15,52.95,111.37,1.0000,-1,-1,-1
389,36,494.84,189.57,59.08,121.18,1.0000,-1,-1,-1
389,54,583.80,325.48,101.38,199.08,1.0000,-1,-1,-1
389,57,768.45,179.21,58.55,138.35,1.0000,-1,-1,-1
389,63,391.93,80.82,47.99,111.93,1.0000,-1,-1,-1
389,64,762.23,452.36,65.89,155.83,1.0000,-1,-1,-1
389,68,492.59,374.13,84.55,150.79,1.0000,-1,-1,-1
389,69,658.30,133.08,35.33,119.91,1.0000,-1,-1,-1
390,12,286.98,114.67,51.44,111.77,1.0000,-1,-1,-1
390,36,495.91,190.62,58.01,121.38,1.0000,-1,-1,-1
390,54,582.56,325.47,101.63,199.58,1.0000,-1,-1,-1
390,57,770.56,179.22,58.49,138.22,1.0000,-1,-1,-1
390,63,395.48,80.46,47.91,111.72,1.0000,-1,-1,-1
390,64,762.40,453.37,65.71,156.36,1.0000,-1,-1,-1
390,68,479.29,371.55,94.08,153.34,1.0000,-1,-1,-1
390,69,659.17,133.27,35.10,119.13,1.0000,-1,-1,-1
391,12,288.84,113.84,50.45,112.29,1.0000,-1,-1,-1
391,36,496.58,191.62,57.23,121.71,1.0000,-1,-1,-1
391,54,578.77,320.10,105.55,202.53,1.0000,-1,-1,-1
391,57,772.66,179.22,58.43,138.08,1.0000,-1,-1,-1
391,63,399.04,80.10,47.82,111.51,1.0000,-1,-1,-1
391,64,762.17,454.18,65.71,156.91,1.0000,-1,-1,-1
391,68,465.23,369.93,100.80,155.85,1.0000,-1,-1,-1
391,69,660.04,133.46,34.87,118.35,1.0000,-1,-1,-1
392,12,289.96,112.71,49.47,113.08,1.0000,-1,-1,-1
392,36,496.87,191.77,56.62,121.99,1.0000,-1,-1,-1
392,54,577.45,319.71,105.83,203.05,1.0000,-1,-1,-1
392,57,774.77,179.22,58.38,137.94,1.0000,-1,-1,-1
392,63,402.59,79.74,47.73,111.31,1.0000,-1,-1,-1
392,64,762.01,454.67,65.79,157.23,1.0000,-1,-1,-1
392,68,454.86,367.14,103.45,156.77,1.0000,-1,-1,-1
392,69,660.91,133.65,34.64,117.55,1.0000,-1,-1,-1
393,12,292.77,112.17,49.39,112.89,1.0000,-1,-1,-1
393,36,498.13,189.61,55.44,119.97,1.0000,-1,-1,-1
393,54,576.13,319.33,106.10,203.58,1.0000,-1,-1,-1
393,63,406.15,79.38,47.64,111.10,1.0000,-1,-1,-1
393,64,762.75,454.51,65.31,156.88,1.0000,-1,-1,-1
393,68,458.70,362.09,92.88,156.54,1.0000,-1,-1,-1
393,69,661.78,133.84,34.40,116.76,1.0000,-1,-1,-1
393,71,732.62,155.76,57.67,163.11,1.0000,-1,-1,-1
394,12,295.57,111.63,49.30,112.69,1.0000,-1,-1,-1
394,36,499.05,189.40,54.38,118.61,1.0000,-1,-1,-1
394,54,572.75,308.95,110.36,210.68,1.0000,-1,-1,-1
394,63,409.70,79.02,47.55,110.89,1.0000,-1,-1,-1
394,64,763.45,453.92,64.85,155.97,1.0000,-1,-1,-1
394,68,452.91,357.72,87.12,157.20,1.0000,-1,-1,-1
394,69,662.65,134.04,34.17,115.95,1.0000,-1,-1,-1
394,71,734.12,157.15,56.60,162.03,1.0000,-1,-1,-1
395,12,292.40,111.99,49.52,113.47,1.0000,-1,-1,-1
395,36,499.52,189.56,53.61,117.81,1.0000,-1,-1,-1
395,54,571.41,307.99,110.66,211.25,1.0000,-1,-1,-1
395,63,413.26,78.66,47.46,110.68,1.0000,-1,-1,-1
395,64,764.67,454.15,64.17,155.67,1.0000,-1,-1,-1
395,68,451.13,354.24,82.72,158.09,1.0000,-1,-1,-1
395,69,663.52,134.24,33.93,115.15,1.0000,-1,-1,-1
395,71,734.39,157.22,57.14,162.98,1.0000,-1,-1,-1
396,12,292.23,111.76,50.01,114.98,1.0000,-1,-1,-1
396,36,499.66,189.74,53.19,117.41,1.0000,-1,-1,-1
396,54,574.53,304.01,115.60,215.74,1.0000,-1,-1,-1
396,63,422.98,73.39,44.75,117.88,1.0000,-1,-1,-1
396,64,766.14,453.75,63.37,154.71,1.0000,-1,-1,-1
396,68,448.70,350.38,79.08,158.24,1.0000,-1,-1,-1
396,69,664.39,134.44,33.69,114.33,1.0000,-1,-1,-1
396,71,734.14,157.74,57.79,163.47,1.0000,-1,-1,-1
397,12,292.29,110.32,51.03,116.52,1.0000,-1,-1,-1
397,36,499.67,189.86,53.09,117.46,1.0000,-1,-1,-1
397,54,573.76,302.93,115.93,216.36,1.0000,-1,-1,-1
397,63,425.19,71.75,44.09,120.63,1.0000,-1,-1,-1
397,64,767.05,454.08,62.99,154.11,1.0000,-1,-1,-1
397,68,444.68,346.94,77.93,158.58,1.0000,-1,-1,-1
397,69,665.27,134.65,33.45,113.51,1.0000,-1,-1,-1
397,71,735.45,157.21,60.12,166.09,1.0000,-1,-1,-1
398,12,291.39,109.32,51.60,117.42,1.0000,-1,-1,-1
398,36,499.71,189.49,53.16,117.44,1.0000,-1,-1,-1
398,54,582.40,338.44,95.87,201.64,1.0000,-1,-1,-1
398,63,427.76,70.78,43.43,121.40,1.0000,-1,-1,-1
398,64,767.24,455.96,63.39,155.29,1.0000,-1,-1,-1
398,68,439.55,347.13,74.97,157.47,1.0000,-1,-1,-1
398,69,666.14,134.86,33.20,112.69,1.0000,-1,-1,-1
398,71,736.78,157.88,63.26,167.07,1.0000,-1,-1,-1
399,12,290.47,107.90,51.88,117.21,1.0000,-1,-1,-1
399,36,500.25,189.24,53.02,117.31,1.0000,-1,-1,-1
399,54,581.63,339.94,96.07,202.06,1.0000,-1,-1,-1
399,63,429.50,69.32,43.10,122.48,1.0000,-1,-1,-1
399,64,765.73,456.95,64.66,156.83,1.0000,-1,-1,-1
399,68,435.14,346.15,73.46,156.63,1.0000,-1,-1,-1
399,69,667.02,135.07,32.96,111.86,1.0000,-1,-1,-1
399,71,737.99,157.92,63.71,168.25,1.0000,-1,-1,-1
400,12,290.14,106.06,51.80,117.06,1.0000,-1,-1,-1
400,36,500.70,188.88,52.89,117.19,1.0000,-1,-1,-1
400,54,588.11,355.23,84.94,185.57,1.0000,-1,-1,-1
400,63,430.80,68.78,42.87,123.33,1.0000,-1,-1,-1
400,64,765.26,457.11,65.41,157.58,1.0000,-1,-1,-1
400,68,434.01,342.21,71.19,149.92,1.0000,-1,-1,-1
400,69,667.89,135.29,32.71,111.02,1.0000,-1,-1,-1
400,71,739.19,157.97,64.16,169.43,1.0000,-1,-1,-1
400,72,546.11,305.86,78.98,161.00,1.0000,-1,-1,-1
401,12,289.27,104.02,51.60,116.95,1.0000,-1,-1,-1
401,36,501.32,188.86,52.70,117.25,1.0000,-1,-1,-1
401,54,593.86,356.89,82.10,179.52,1.0000,-1,-1,-1
401,63,432.62,67.49,43.16,124.03,1.0000,-1,-1,-1
401,64,762.91,457.21,67.45,157.75,1.0000,-1,-1,-1
401,68,427.07,344.21,71.12,147.72,1.0000,-1,-1,-1
401,69,668.77,135.51,32.46,110.17,1.0000,-1,-1,-1
401,71,740.39,158.01,64.60,170.60,1.0000,-1,-1,-1
401,72,544.34,302.98,81.56,166.25,1.0000,-1,-1,-1
402,12,288.60,101.04,51.40,117.27,1.0000,-1,-1,-1
402,36,501.87,188.86,52.40,117.28,1.0000,-1,-1,-1
402,54,598.93,357.01,82.94,179.36,1.0000,-1,-1,-1
402,63,435.02,67.42,44.11,124.36,1.0000,-1,-1,-1
402,64,762.17,457.90,68.87,158.32,1.0000,-1,-1,-1
402,68,421.73,351.36,71.52,144.67,1.0000,-1,-1,-1
402,69,669.65,135.73,32.21,109.32,1.0000,-1,-1,-1
402,71,741.60,158.07,65.04,171.77,1.0000,-1,-1,-1
402,72,542.62,300.18,84.05,171.34,1.0000,-1,-1,-1
403,12,284.85,100.01,52.49,119.04,1.0000,-1,-1,-1
403,36,503.24,189.16,51.84,117.86,1.0000,-1,-1,-1
403,54,604.93,359.18,86.20,180.46,1.0000,-1,-1,-1
403,63,438.07,67.01,44.05,124.18,1.0000,-1,-1,-1
403,64,766.50,458.96,68.54,158.45,1.0000,-1,-1,-1
403,68,410.04,350.03,77.10,141.46,1.0000,-1,-1,-1
403,69,682.86,130.86,35.86,119.98,1.0000,-1,-1,-1
403,71,742.80,158.12,65.48,172.92,1.0000,-1,-1,-1
403,72,540.93,297.46,86.48,176.29,1.0000,-1,-1,-1
404,12,282.07,98.85,53.87,119.96,1.0000,-1,-1,-1
404,36,503.91,188.13,51.94,117.30,1.0000,-1,-1,-1
404,54,608.75,359.11,87.93,180.12,1.0000,-1,-1,-1
404,63,441.12,66.60,43.99,124.01,1.0000,-1,-1,-1
404,64,768.95,459.71,68.67,158.15,1.0000,-1,-1,-1
404,68,401.17,349.29,82.22,138.91,1.0000,-1,-1,-1
404,69,683.93,128.80,37.69,124.45,1.0000,-1,-1,-1
404,71,744.01,158.18,65.91,174.07,1.0000,-1,-1,-1
404,72,539.28,294.80,88.84,181.09,1.0000,-1,-1,-1
405,12,278.89,97.23,55.85,120.38,1.0000,-1,-1,-1
405,36,503.80,186.44,53.22,118.53,1.0000,-1,-1,-1
405,54,613.49,358.48,90.24,182.06,1.0000,-1,-1,-1
405,63,444.17,66.19,43.93,123.83,1.0000,-1,-1,-1
405,64,770.51,459.75,68.68,157.65,1.0000,-1,-1,-1
405,68,395.63,349.50,87.08,136.81,1.0000,-1,-1,-1
405,69,686.12,128.37,37.86,124.63,1.0000,-1,-1,-1
405,71,745.22,158.25,66.34,175.21,1.0000,-1,-1,-1
405,72,514.39,303.65,83.52,163.17,1.0000,-1,-1,-1
406,12,275.58,96.76,58.40,120.33,1.0000,-1,-1,-1
406,36,504.73,186.95,53.98,122.20,1.0000,-1,-1,-1
406,54,618.48,358.33,89.87,183.82,1.0000,-1,-1,-1
406,63,447.22,65.78,43.87,123.66,1.0000,-1,-1,-1
406,64,772.00,459.43,68.72,157.92,1.0000,-1,-1,-1
406,68,387.01,348.45,93.89,135.64,1.0000,-1,-1,-1
406,69,687.78,128.37,37.77,124.32,1.0000,-1,-1,-1
406,71,746.44,158.32,66.77,176.34,1.0000,-1,-1,-1
406,72,508.82,302.50,84.46,165.01,1.0000,-1,-1,-1
407,12,273.36,96.66,60.74,119.59,1.0000,-1,-1,-1
407,36,504.91,187.76,55.26,127.99,1.0000,-1,-1,-1
407,54,624.42,358.20,87.90,184.60,1.0000,-1,-1,-1
407,63,450.27,65.37,43.80,123.48,1.0000,-1,-1,-1
407,64,773.76,459.59,68.32,158.07,1.0000,-1,-1,-1
407,68,380.52,348.52,100.31,135.08,1.0000,-1,-1,-1
407,69,689.43,128.36,37.67,124.02,1.0000,-1,-1,-1
407,71,747.65,158.39,67.20,177.46,1.0000,-1,-1,-1
407,72,503.25,301.36,85.39,166.82,1.0000,-1,-1,-1
408,12,271.51,96.22,63.26,118.87,1.0000,-1,-1,-1
408,36,507.57,184.81,56.28,129.34,1.0000,-1,-1,-1
408,54,638.15,359.19,83.60,184.79,1.0000,-1,-1,-1
408,63,453.32,64.96,43.74,123.31,1.0000,-1,-1,-1
408,64,777.21,460.98,67.96,157.60,1.0000,-1,-1,-1
408,68,373.09,349.02,102.67,135.92,1.0000,-1,-1,-1
408,69,691.09,128.35,37.58,123.72,1.0000,-1,-1,-1
408,71,753.11,157.42,67.88,168.36,1.0000,-1,-1,-1
408,72,497.69,300.23,86.31,168.62,1.0000,-1,-1,-1
409,12,270.83,95.93,65.12,118.55,1.0000,-1,-1,-1
409,36,509.22,182.21,58.33,129.82,1.0000,-1,-1,-1
409,54,649.31,360.84,77.76,185.03,1.0000,-1,-1,-1
409,63,456.37,64.55,43.68,123.13,1.0000,-1,-1,-1
409,64,779.64,461.54,67.67,156.83,1.0000,-1,-1,-1
409,68,368.40,348.87,102.22,137.00,1.0000,-1,-1,-1
409,69,693.28,126.33,47.62,129.22,1.0000,-1,-1,-1
409,71,753.06,157.77,68.69,167.02,1.0000,-1,-1,-1
409,72,519.16,302.75,65.38,150.03,1.0000,-1,-1,-1
410,12,270.89,96.23,66.42,118.03,1.0000,-1,-1,-1
410,36,510.99,180.45,58.98,130.13,1.0000,-1,-1,-1
410,54,660.46,361.01,73.90,186.07,1.0000,-1,-1,-1
410,63,459.42,64.15,43.62,122.96,1.0000,-1,-1,-1
410,64,782.01,461.82,67.33,156.90,1.0000,-1,-1,-1
410,68,365.16,348.34,98.60,138.32,1.0000,-1,-1,-1
410,69,695.33,126.19,47.66,129.33,1.0000,-1,-1,-1
410,71,753.97,158.03,69.59,165.59,1.0000,-1,-1,-1
410,72,517.08,301.32,63.22,150.08,1.0000,-1,-1,-1
411,12,271.78,96.35,67.10,117.63,1.0000,-1,-1,-1
411,36,512.72,179.60,60.00,129.46,1.0000,-1,-1,-1
411,54,671.92,362.52,70.05,186.10,1.0000,-1,-1,-1
411,63,466.06,62.89,48.28,126.46,1.0000,-1,-1,-1
411,64,784.61,462.52,66.83,156.85,1.0000,-1,-1,-1
411,68,363.41,347.20,93.56,139.56,1.0000,-1,-1,-1
411,69,697.39,126.05,47.70,129.44,1.0000,-1,-1,-1
411,71,754.94,157.87,70.67,164.99,1.0000,-1,-1,-1
411,72,514.31,300.28,63.02,151.79,1.0000,-1,-1,-1
412,12,272.36,95.92,67.58,118.06,1.0000,-1,-1,-1
412,36,514.13,179.30,60.61,130.19,1.0000,-1,-1,-1
412,54,678.64,364.46,67.70,187.09,1.0000,-1,-1,-1
412,63,467.62,61.21,50.85,128.11,1.0000,-1,-1,-1
412,64,785.69,463.29,67.78,157.34,1.0000,-1,-1,-1
412,68,360.99,346.30,88.20,140.56,1.0000,-1,-1,-1
412,69,699.44,125.91,47.74,129.56,1.0000,-1,-1,-1
412,71,760.42,155.87,69.83,160.83,1.0000,-1,-1,-1
412,72,512.57,299.96,63.62,153.69,1.0000,-1,-1,-1
413,12,275.14,95.59,67.58,117.35,1.0000,-1,-1,-1
413,36,518.94,179.07,60.53,133.29,1.0000,-1,-1,-1
413,54,691.63,367.69,65.88,189.32,1.0000,-1,-1,-1
413,63,470.99,60.75,50.85,128.09,1.0000,-1,-1,-1
413,64,789.64,463.92,68.34,157.38,1.0000,-1,-1,-1
413,68,353.40,345.97,86.63,143.36,1.0000,-1,-1,-1
413,69,701.49,125.76,47.78,129.67,1.0000,-1,-1,-1
413,71,768.90,158.26,67.48,159.98,1.0000,-1,-1,-1
413,72,514.96,300.16,63.68,154.83,1.0000,-1,-1,-1
414,12,277.77,95.78,67.65,116.28,1.0000,-1,-1,-1
414,36,523.33,178.95,60.15,134.09,1.0000,-1,-1,-1
414,54,701.75,367.21,65.32,191.64,1.0000,-1,-1,-1
414,63,481.92,57.43,51.82,127.65,1.0000,-1,-1,-1
414,64,794.09,463.98,68.00,156.96,1.0000,-1,-1,-1
414,68,347.50,345.43,86.72,145.74,1.0000,-1,-1,-1
414,69,703.54,125.62,47.83,129.78,1.0000,-1,-1,-1
414,71,772.79,159.54,66.57,160.21,1.0000,-1,-1,-1
414,72,514.77,296.93,64.49,149.93,1.0000,-1,-1,-1
415,12,279.63,95.91,67.86,115.66,1.0000,-1,-1,-1
415,36,527.35,178.06,59.89,133.71,1.0000,-1,-1,-1
415,54,707.37,365.36,69.92,199.22,1.0000,-1,-1,-1
415,63,487.77,55.54,51.44,127.33,1.0000,-1,-1,-1
415,64,797.23,463.78,67.22,156.75,1.0000,-1,-1,-1
415,68,341.58,345.34,89.03,147.86,1.0000,-1,-1,-1
415,69,726.60,119.30,45.06,125.74,1.0000,-1,-1,-1
415,71,775.33,159.33,67.16,160.50,1.0000,-1,-1,-1
415,72,514.27,299.60,65.70,152.90,1.0000,-1,-1,-1
416,12,281.31,96.30,68.65,114.96,1.0000,-1,-1,-1
416,36,530.03,177.07,60.20,133.66,1.0000,-1,-1,-1
416,54,716.18,366.64,75.80,202.81,1.0000,-1,-1,-1
416,63,491.98,54.70,51.44,127.32,1.0000,-1,-1,-1
416,64,800.63,463.95,65.98,156.81,1.0000,-1,-1,-1
416,68,338.39,346.51,93.18,148.70,1.0000,-1,-1,-1
416,69,732.34,117.14,42.93,124.99,1.0000,-1,-1,-1
416,71,776.60,159.02,68.54,160.54,1.0000,-1,-1,-1
416,72,515.14,301.44,64.28,153.86,1.0000,-1,-1,-1
417,12,283.07,96.00,68.94,115.21,1.0000,-1,-1,-1
417,36,532.87,177.42,60.38,133.07,1.0000,-1,-1,-1
417,54,722.05,364.09,78.95,207.49,1.0000,-1,-1,-1
417,63,496.18,53.85,51.43,127.31,1.0000,-1,-1,-1
417,64,802.17,463.99,65.58,156.71,1.0000,-1,-1,-1
417,68,336.71,348.14,94.90,148.30,1.0000,-1,-1,-1
417,69,735.96,116.33,42.91,124.92,1.0000,-1,-1,-1
417,71,776.60,157.83,70.07,160.42,1.0000,-1,-1,-1
417,72,515.04,301.99,62.31,153.86,1.0000,-1,-1,-1
418,12,284.80,94.19,69.10,116.54,1.0000,-1,-1,-1
418,36,537.39,177.79,60.32,133.53,1.0000,-1,-1,-1
418,54,728.94,360.56,82.32,212.70,1.0000,-1,-1,-1
418,63,502.70,52.62,52.10,127.27,1.0000,-1,-1,-1
418,64,803.73,464.40,65.64,156.85,1.0000,-1,-1,-1
418,68,339.28,351.47,96.48,146.19,1.0000,-1,-1,-1
418,69,739.58,115.52,42.88,124.85,1.0000,-1,-1,-1
418,71,775.42,155.72,74.09,160.72,1.0000,-1,-1,-1
418,72,517.14,302.96,60.75,153.94,1.0000,-1,-1,-1
419,12,286.38,93.01,69.01,116.81,1.0000,-1,-1,-1
419,36,541.50,177.46,60.08,132.49,1.0000,-1,-1,-1
419,54,733.17,360.18,84.98,214.85,1.0000,-1,-1,-1
419,63,507.12,51.74,52.10,127.27,1.0000,-1,-1,-1
419,64,805.55,464.11,65.68,156.98,1.0000,-1,-1,-1
419,68,344.51,354.20,101.05,144.51,1.0000,-1,-1,-1
419,69,743.20,114.71,42.86,124.78,1.0000,-1,-1,-1
419,71,772.25,154.81,78.79,160.59,1.0000,-1,-1,-1
419,72,521.66,305.03,57.92,152.49,1.0000,-1,-1,-1
420,12,285.34,92.63,68.20,116.94,1.0000,-1,-1,-1
420,36,543.88,177.01,59.97,131.95,1.0000,-1,-1,-1
420,54,734.80,359.79,85.97,216.41,1.0000,-1,-1,-1
420,63,511.55,50.86,52.10,127.26,1.0000,-1,-1,-1
420,64,807.17,464.15,65.58,157.16,1.0000,-1,-1,-1
420,68,350.21,355.77,108.17,143.10,1.0000,-1,-1,-1
420,69,746.83,113.90,42.84,124.71,1.0000,-1,-1,-1
420,71,767.10,156.17,85.72,159.65,1.0000,-1,-1,-1
420,72,520.94,305.74,57.42,151.15,1.0000,-1,-1,-1
420,73,674.14,42.33,47.35,131.73,1.0000,-1,-1,-1
421,12,291.20,92.77,70.10,117.14,1.0000,-1,-1,-1
421,36,547.06,177.35,59.67,131.70,1.0000,-1,-1,-1
421,54,737.97,382.86,87.48,201.81,1.0000,-1,-1,-1
421,63,515.98,49.97,52.10,127.26,1.0000,-1,-1,-1
421,64,809.58,464.16,65.08,156.96,1.0000,-1,-1,-1
421,68,352.65,356.65,113.46,142.00,1.0000,-1,-1,-1
421,69,750.45,113.09,42.81,124.64,1.0000,-1,-1,-1
421,71,765.85,153.67,90.64,160.49,1.0000,-1,-1,-1
421,72,520.23,306.44,56.90,149.79,1.0000,-1,-1,-1
421,73,676.08,42.16,47.52,131.40,1.0000,-1,-1,-1
422,12,293.89,92.43,71.82,117.98,1.0000,-1,-1,-1
422,36,549.69,176.81,59.71,131.06,1.0000,-1,-1,-1
422,54,742.23,389.63,90.92,193.12,1.0000,-1,-1,-1
422,63,520.41,49.09,52.09,127.26,1.0000,-1,-1,-1
422,64,811.52,464.80,64.89,156.08,1.0000,-1,-1,-1
422,68,355.06,355.54,117.36,142.05,1.0000,-1,-1,-1
422,69,754.07,112.28,42.79,124.57,1.0000,-1,-1,-1
422,71,765.66,153.21,93.83,160.55,1.0000,-1,-1,-1
422,72,519.81,312.57,59.91,148.47,1.0000,-1,-1,-1
422,73,677.90,41.40,48.19,132.04,1.0000,-1,-1,-1
423,12,292.62,91.08,68.55,118.40,1.0000,-1,-1,-1
423,36,553.50,177.08,59.58,130.46,1.0000,-1,-1,-1
423,54,755.88,389.65,91.14,186.46,1.0000,-1,-1,-1
423,63,524.83,48.21,52.09,127.25,1.0000,-1,-1,-1
423,64,814.64,466.14,64.77,155.24,1.0000,-1,-1,-1
423,68,360.90,353.71,119.70,142.96,1.0000,-1,-1,-1
423,69,757.69,111.47,42.76,124.50,1.0000,-1,-1,-1
423,71,766.99,149.82,95.11,162.14,1.0000,-1,-1,-1
423,72,527.60,323.71,58.77,143.19,1.0000,-1,-1,-1
423,73,680.15,40.80,47.88,131.94,1.0000,-1,-1,-1
424,12,292.04,90.48,64.83,119.18,1.0000,-1,-1,-1
424,36,556.40,177.15,59.36,129.32,1.0000,-1,-1,-1
424,54,762.54,391.51,91.26,186.70,1.0000,-1,-1,-1
424,63,529.26,47.33,52.09,127.25,1.0000,-1,-1,-1
424,64,815.93,467.38,64.81,154.31,1.0000,-1,-1,-1
424,68,364.92,351.87,121.87,143.35,1.0000,-1,-1,-1
424,69,761.31,110.66,42.74,124.43,1.0000,-1,-1,-1
424,71,767.99,146.23,95.55,164.28,1.0000,-1,-1,-1
424,72,527.55,333.33,60.21,136.82,1.0000,-1,-1,-1
424,73,681.19,40.91,46.87,132.17,1.0000,-1,-1,-1
425,12,294.13,89.70,62.93,119.72,1.0000,-1,-1,-1
425,36,558.57,177.01,59.24,128.08,1.0000,-1,-1,-1
425,54,786.95,379.62,88.89,173.74,1.0000,-1,-1,-1
425,63,533.69,46.45,52.09,127.25,1.0000,-1,-1,-1
425,64,816.41,469.00,64.72,153.98,1.0000,-1,-1,-1
425,68,371.22,350.95,122.71,143.87,1.0000,-1,-1,-1
425,69,764.94,109.85,42.71,124.36,1.0000,-1,-1,-1
425,71,767.45,134.05,95.58,172.02,1.0000,-1,-1,-1
425,72,529.32,338.32,60.92,132.69,1.0000,-1,-1,-1
425,73,682.14,41.17,45.81,132.38,1.0000,-1,-1,-1
425,75,1173.49,250.02,57.89,152.41,1.0000,-1,-1,-1
426,12,295.15,89.22,61.63,120.04,1.0000,-1,-1,-1
426,36,559.56,175.89,59.38,128.55,1.0000,-1,-1,-1
426,54,803.24,371.27,84.42,156.88,1.0000,-1,-1,-1
426,63,538.12,45.57,52.09,127.24,1.0000,-1,-1,-1
426,64,813.11,468.47,66.03,153.59,1.0000,-1,-1,-1
426,68,382.49,350.10,120.20,144.48,1.0000,-1,-1,-1
426,69,768.56,109.04,42.69,124.29,1.0000,-1,-1,-1
426,71,767.04,125.98,94.64,179.33,1.0000,-1,-1,-1
426,72,526.91,340.93,63.55,130.55,1.0000,-1,-1,-1
426,73,682.39,41.69,44.67,132.84,1.0000,-1,-1,-1
426,75,1173.58,250.12,58.39,152.68,1.0000,-1,-1,-1
427,12,296.04,88.65,60.57,120.36,1.0000,-1,-1,-1
427,36,558.74,172.77,60.03,130.18,1.0000,-1,-1,-1
427,54,813.75,368.16,79.71,146.49,1.0000,-1,-1,-1
427,63,542.54,44.68,52.09,127.24,1.0000,-1,-1,-1
427,64,811.80,467.44,65.12,153.68,1.0000,-1,-1,-1
427,68,386.30,349.16,118.55,145.88,1.0000,-1,-1,-1
427,69,772.18,108.23,42.67,124.22,1.0000,-1,-1,-1
427,71,766.29,121.07,91.78,184.59,1.0000,-1,-1,-1
427,72,522.70,340.66,67.53,130.22,1.0000,-1,-1,-1
427,73,682.59,41.35,43.73,133.23,1.0000,-1,-1,-1
427,74,757.41,362.02,72.24,145.07,1.0000,-1,-1,-1
427,75,1173.84,249.28,59.02,154.33,1.0000,-1,-1,-1
428,12,295.75,88.18,58.38,121.36,1.0000,-1,-1,-1
428,36,559.70,174.99,60.42,129.20,1.0000,-1,-1,-1
428,54,824.98,379.65,74.54,153.63,1.0000,-1,-1,-1
428,63,546.97,43.80,52.09,127.24,1.0000,-1,-1,-1
428,64,808.54,466.43,63.75,154.36,1.0000,-1,-1,-1
428,68,394.07,347.12,108.96,147.00,1.0000,-1,-1,-1
428,69,775.80,107.42,42.64,124.15,1.0000,-1,-1,-1
428,71,764.72,121.78,88.97,186.71,1.0000,-1,-1,-1
428,72,521.40,340.56,70.02,130.15,1.0000,-1,-1,-1
428,73,682.33,41.51,43.13,134.14,1.0000,-1,-1,-1
428,74,757.60,360.36,75.89,145.02,1.0000,-1,-1,-1
428,75,1173.65,250.32,58.05,152.07,1.0000,-1,-1,-1
429,12,295.85,87.93,56.31,121.97,1.0000,-1,-1,-1
429,36,560.30,177.53,61.62,127.54,1.0000,-1,-1,-1
429,54,832.00,379.71,70.81,158.83,1.0000,-1,-1,-1
429,63,551.40,42.92,52.08,127.23,1.0000,-1,-1,-1
429,64,805.28,465.88,61.54,155.65,1.0000,-1,-1,-1
429,68,399.12,346.30,102.63,146.50,1.0000,-1,-1,-1
429,69,779.43,106.61,42.62,124.08,1.0000,-1,-1,-1
429,71,764.26,121.96,86.63,187.95,1.0000,-1,-1,-1
429,72,521.44,342.30,69.66,129.49,1.0000,-1,-1,-1
429,73,681.55,41.20,43.23,135.00,1.0000,-1,-1,-1
429,74,757.11,359.38,78.73,144.96,1.0000,-1,-1,-1
429,75,1173.88,251.27,57.39,150.95,1.0000,-1,-1,-1
430,12,295.77,87.95,54.63,122.13,1.0000,-1,-1,-1
430,36,560.13,178.91,63.52,126.09,1.0000,-1,-1,-1
430,54,838.83,380.78,67.66,163.15,1.0000,-1,-1,-1
430,63,555.83,42.04,52.08,127.23,1.0000,-1,-1,-1
430,64,802.03,464.30,58.15,156.31,1.0000,-1,-1,-1
430,68,415.72,344.25,103.03,146.81,1.0000,-1,-1,-1
430,69,783.05,105.80,42.59,124.01,1.0000,-1,-1,-1
430,71,764.96,121.68,84.66,188.49,1.0000,-1,-1,-1
430,72,517.59,337.35,73.84,131.95,1.0000,-1,-1,-1
430,73,680.84,40.99,43.14,135.69,1.0000,-1,-1,-1
430,74,757.27,356.92,84.74,148.07,1.0000,-1,-1,-1
430,75,1172.88,251.31,57.79,151.24,1.0000,-1,-1,-1
431,12,295.20,88.09,52.70,122.07,1.0000,-1,-1,-1
431,36,559.61,180.33,65.60,124.09,1.0000,-1,-1,-1
431,54,843.70,380.44,67.71,167.60,1.0000,-1,-1,-1
431,63,560.25,41.16,52.08,127.23,1.0000,-1,-1,-1
431,64,800.42,462.55,55.33,157.32,1.0000,-1,-1,-1
431,68,431.57,344.55,103.03,146.44,1.0000,-1,-1,-1
431,69,786.67,104.99,42.57,123.93,1.0000,-1,-1,-1
431,71,765.22,121.87,83.75,189.13,1.0000,-1,-1,-1
431,72,517.43,338.52,73.60,131.53,1.0000,-1,-1,-1
431,73,681.84,41.30,42.94,135.07,1.0000,-1,-1,-1
431,74,760.19,356.58,85.73,149.77,1.0000,-1,-1,-1
431,75,1172.16,251.52,57.95,151.32,1.0000,-1,-1,-1
432,12,294.93,88.15,50.59,121.88,1.0000,-1,-1,-1
432,36,558.93,180.89,67.45,123.14,1.0000,-1,-1,-1
432,54,848.83,380.18,71.20,171.21,1.0000,-1,-1,-1
432,63,564.68,40.28,52.08,127.23,1.0000,-1,-1,-1
432,64,798.49,464.14,53.99,157.16,1.0000,-1,-1,-1
432,68,442.32,348.24,98.41,145.23,1.0000,-1,-1,-1
432,71,765.39,142.24,83.17,176.55,1.0000,-1,-1,-1
432,72,517.27,339.70,73.36,131.10,1.0000,-1,-1,-1
432,73,682.84,41.62,42.75,134.45,1.0000,-1,-1,-1
432,74,771.14,356.28,83.88,150.64,1.0000,-1,-1,-1
432,75,1171.88,252.12,57.80,150.52,1.0000,-1,-1,-1
433,12,293.91,88.58,48.66,121.75,1.0000,-1,-1,-1
433,36,557.50,181.44,68.21,122.24,1.0000,-1,-1,-1
433,54,860.14,381.59,74.87,172.88,1.0000,-1,-1,-1
433,63,569.11,39.39,52.08,127.22,1.0000,-1,-1,-1
433,64,792.95,466.90,53.64,155.43,1.0000,-1,-1,-1
433,68,445.39,355.40,94.35,143.55,1.0000,-1,-1,-1
433,71,764.24,153.30,81.89,167.43,1.0000,-1,-1,-1
433,72,540.71,334.60,67.79,132.86,1.0000,-1,-1,-1
433,73,676.69,41.37,43.11,134.75,1.0000,-1,-1,-1
433,74,783.56,354.71,79.39,150.37,1.0000,-1,-1,-1
433,75,1171.70,252.17,57.87,150.68,1.0000,-1,-1,-1
434,12,293.29,89.35,47.42,121.73,1.0000,-1,-1,-1
434,36,556.92,182.24,68.35,121.60,1.0000,-1,-1,-1
434,54,866.43,380.53,78.04,173.79,1.0000,-1,-1,-1
434,64,789.53,467.45,53.15,154.61,1.0000,-1,-1,-1
434,68,450.74,365.56,96.67,138.02,1.0000,-1,-1,-1
434,71,763.52,158.73,80.98,161.35,1.0000,-1,-1,-1
434,72,548.31,334.10,63.84,132.06,1.0000,-1,-1,-1
434,73,675.87,42.94,43.16,134.02,1.0000,-1,-1,-1
434,74,793.19,353.16,75.98,150.67,1.0000,-1,-1,-1
434,75,1171.52,252.21,57.93,150.84,1.0000,-1,-1,-1
435,12,293.26,89.87,46.59,121.96,1.0000,-1,-1,-1
435,36,555.75,182.95,68.44,121.15,1.0000,-1,-1,-1
435,54,870.15,378.87,79.42,175.59,1.0000,-1,-1,-1
435,64,781.99,468.50,55.51,153.97,1.0000,-1,-1,-1
435,68,455.62,369.16,101.30,136.63,1.0000,-1,-1,-1
435,71,762.89,162.03,80.45,156.57,1.0000,-1,-1,-1
435,72,552.26,333.31,62.43,130.26,1.0000,-1,-1,-1
435,73,675.06,43.06,43.08,133.87,1.0000,-1,-1,-1
435,74,801.14,353.95,73.89,152.71,1.0000,-1,-1,-1
435,75,1171.33,252.25,57.99,151.00,1.0000,-1,-1,-1
436,12,292.37,89.53,46.73,122.35,1.0000,-1,-1,-1
436,36,555.57,183.60,67.64,121.25,1.0000,-1,-1,-1
436,54,870.92,376.13,80.22,175.67,1.0000,-1,-1,-1
436,64,775.37,468.96,57.76,153.43,1.0000,-1,-1,-1
436,68,458.17,371.54,104.54,135.05,1.0000,-1,-1,-1
436,71,763.67,165.31,79.02,152.31,1.0000,-1,-1,-1
436,72,553.42,335.34,65.31,128.99,1.0000,-1,-1,-1
436,73,673.73,43.03,43.53,133.96,1.0000,-1,-1,-1
436,74,806.48,353.37,72.08,151.33,1.0000,-1,-1,-1
436,75,1171.15,252.30,58.05,151.16,1.0000,-1,-1,-1
437,12,290.24,88.53,46.63,122.31,1.0000,-1,-1,-1
437,36,556.21,183.55,65.96,121.13,1.0000,-1,-1,-1
437,54,871.31,372.79,80.85,176.11,1.0000,-1,-1,-1
437,64,767.91,469.07,60.08,152.97,1.0000,-1,-1,-1
437,68,462.62,377.38,106.70,130.33,1.0000,-1,-1,-1
437,71,763.45,166.21,79.17,152.61,1.0000,-1,-1,-1
437,72,556.07,336.69,71.43,126.45,1.0000,-1,-1,-1
437,73,672.04,43.36,44.13,133.54,1.0000,-1,-1,-1
437,74,812.70,356.22,70.78,151.48,1.0000,-1,-1,-1
437,75,1170.97,252.34,58.11,151.32,1.0000,-1,-1,-1
438,12,287.17,87.88,48.87,122.80,1.0000,-1,-1,-1
438,36,555.08,183.51,63.38,120.70,1.0000,-1,-1,-1
438,54,875.96,365.29,77.18,173.23,1.0000,-1,-1,-1
438,64,757.41,469.14,63.69,153.22,1.0000,-1,-1,-1
438,68,467.49,378.81,106.77,130.42,1.0000,-1,-1,-1
438,71,763.22,167.11,79.32,152.90,1.0000,-1,-1,-1
438,72,558.55,337.24,71.15,125.96,1.0000,-1,-1,-1
438,73,670.88,44.01,44.73,132.66,1.0000,-1,-1,-1
438,74,818.74,354.85,71.69,153.43,1.0000,-1,-1,-1
438,75,1170.78,252.38,58.17,151.48,1.0000,-1,-1,-1
439,12,283.18,88.00,48.67,122.91,1.0000,-1,-1,-1
439,36,554.88,183.40,61.44,120.61,1.0000,-1,-1,-1
439,54,879.18,361.45,72.99,171.23,1.0000,-1,-1,-1
439,64,750.20,469.10,67.01,153.06,1.0000,-1,-1,-1
439,68,472.36,380.23,106.85,130.52,1.0000,-1,-1,-1
439,71,763.00,168.01,79.48,153.20,1.0000,-1,-1,-1
439,72,561.03,337.79,70.87,125.46,1.0000,-1,-1,-1
439,73,669.78,44.16,45.71,132.21,1.0000,-1,-1,-1
439,74,819.94,354.97,74.31,154.48,1.0000,-1,-1,-1
439,75,1170.60,252.42,58.23,151.64,1.0000,-1,-1,-1
440,12,279.98,87.89,47.64,122.64,1.0000,-1,-1,-1
440,36,554.05,183.46,60.25,121.12,1.0000,-1,-1,-1
440,54,880.59,359.67,70.98,169.16,1.0000,-1,-1,-1
440,64,745.28,469.19,70.02,152.70,1.0000,-1,-1,-1
440,68,471.84,368.54,95.66,133.07,1.0000,-1,-1,-1
440,71,762.78,168.91,79.63,153.49,1.0000,-1,-1,-1
440,72,556.86,339.21,87.84,123.51,1.0000,-1,-1,-1
440,73,668.67,43.17,46.54,132.33,1.0000,-1,-1,-1
440,74,818.87,353.72,76.11,155.79,1.0000,-1,-1,-1
440,75,1170.42,252.47,58.29,151.80,1.0000,-1,-1,-1
441,12,277.93,88.81,47.33,122.26,1.0000,-1,-1,-1
441,36,552.59,184.18,58.92,121.43,1.0000,-1,-1,-1
441,54,881.06,358.64,68.69,168.50,1.0000,-1,-1,-1
441,64,741.30,469.45,73.05,152.95,1.0000,-1,-1,-1
441,68,475.82,369.01,95.67,133.09,1.0000,-1,-1,-1
441,71,762.56,169.81,79.78,153.79,1.0000,-1,-1,-1
441,72,559.40,339.57,87.77,123.42,1.0000,-1,-1,-1
441,73,667.23,44.13,47.27,131.44,1.0000,-1,-1,-1
441,74,817.63,351.52,78.71,157.25,1.0000,-1,-1,-1
441,75,1170.23,252.51,58.35,151.95,1.0000,-1,-1,-1
442,12,276.63,89.13,48.05,122.38,1.0000,-1,-1,-1
442,36,551.26,184.65,58.03,121.33,1.0000,-1,-1,-1
442,54,884.99,353.45,66.64,168.30,1.0000,-1,-1,-1
442,64,738.29,469.16,74.76,153.49,1.0000,-1,-1,-1
442,68,475.51,359.17,86.54,137.39,1.0000,-1,-1,-1
442,71,762.33,170.71,79.93,154.08,1.0000,-1,-1,-1
442,72,561.94,339.94,87.71,123.33,1.0000,-1,-1,-1
442,73,664.24,44.08,48.31,131.18,1.0000,-1,-1,-1
442,74,822.43,349.43,88.61,161.41,1.0000,-1,-1,-1
442,75,1170.05,252.55,58.41,152.11,1.0000,-1,-1,-1
443,12,272.59,89.47,50.13,121.62,1.0000,-1,-1,-1
443,36,547.60,186.94,58.52,121.45,1.0000,-1,-1,-1
443,54,887.35,347.97,64.40,168.90,1.0000,-1,-1,-1
443,64,731.31,468.57,77.97,154.56,1.0000,-1,-1,-1
443,68,472.98,349.39,77.54,139.76,1.0000,-1,-1,-1
443,71,762.11,171.61,80.08,154.37,1.0000,-1,-1,-1
443,72,547.02,326.54,99.03,131.71,1.0000,-1,-1,-1
443,73,659.60,43.17,48.74,131.23,1.0000,-1,-1,-1
443,74,826.03,345.01,87.25,159.88,1.0000,-1,-1,-1
443,75,1169.87,252.60,58.48,152.27,1.0000,-1,-1,-1
444,12,270.08,89.43,51.70,121.54,1.0000,-1,-1,-1
444,36,545.10,188.06,58.65,120.36,1.0000,-1,-1,-1
444,54,887.63,341.66,65.12,165.75,1.0000,-1,-1,-1
444,64,726.24,467.98,79.01,155.64,1.0000,-1,-1,-1
444,68,471.98,343.07,72.67,140.72,1.0000,-1,-1,-1
444,71,761.89,172.52,80.24,154.66,1.0000,-1,-1,-1
444,72,540.43,320.22,104.23,138.11,1.0000,-1,-1,-1
444,73,656.05,42.76,48.99,132.02,1.0000,-1,-1,-1
444,74,830.11,340.60,84.66,159.59,1.0000,-1,-1,-1
444,75,1169.69,252.64,58.54,152.43,1.0000,-1,-1,-1
445,12,266.39,89.09,50.57,121.65,1.0000,-1,-1,-1
445,36,543.47,190.16,59.27,120.07,1.0000,-1,-1,-1
445,54,888.68,337.44,66.28,163.04,1.0000,-1,-1,-1
445,64,721.70,466.73,78.38,156.74,1.0000,-1,-1,-1
445,68,472.24,339.06,69.82,140.45,1.0000,-1,-1,-1
445,71,761.67,173.42,80.39,154.96,1.0000,-1,-1,-1
445,72,535.63,316.11,105.45,141.10,1.0000,-1,-1,-1
445,73,653.73,41.51,49.56,132.97,1.0000,-1,-1,-1
445,74,835.31,334.78,79.00,158.55,1.0000,-1,-1,-1
445,75,1169.50,252.69,58.60,152.59,1.0000,-1,-1,-1
446,12,263.56,89.65,49.85,121.75,1.0000,-1,-1,-1
446,36,541.91,191.37,60.23,120.32,1.0000,-1,-1,-1
446,54,892.29,333.81,64.72,160.91,1.0000,-1,-1,-1
446,64,716.61,465.31,75.68,157.33,1.0000,-1,-1,-1
446,68,472.36,337.13,68.60,140.71,1.0000,-1,-1,-1
446,71,761.44,174.32,80.54,155.25,1.0000,-1,-1,-1
446,72,533.16,312.92,103.10,142.86,1.0000,-1,-1,-1
446,73,651.91,42.59,49.95,132.52,1.0000,-1,-1,-1
446,74,843.17,331.71,72.61,156.40,1.0000,-1,-1,-1
446,75,1145.11,253.38,52.70,145.35,1.0000,-1,-1,-1
447,12,262.27,90.02,49.74,121.71,1.0000,-1,-1,-1
447,36,540.09,192.41,59.98,119.70,1.0000,-1,-1,-1
447,54,894.18,332.24,62.95,159.64,1.0000,-1,-1,-1
447,64,714.15,464.69,71.36,157.61,1.0000,-1,-1,-1
447,68,473.79,335.59,68.49,140.48,1.0000,-1,-1,-1
447,71,764.97,172.78,57.78,150.17,1.0000,-1,-1,-1
447,72,531.38,308.66,97.79,143.41,1.0000,-1,-1,-1
447,73,650.46,43.37,50.15,131.94,1.0000,-1,-1,-1
447,74,848.82,329.61,66.72,153.61,1.0000,-1,-1,-1
447,75,1143.46,253.53,52.55,144.93,1.0000,-1,-1,-1
448,12,260.90,90.13,49.69,121.72,1.0000,-1,-1,-1
448,36,539.27,193.07,59.93,119.61,1.0000,-1,-1,-1
448,54,885.80,329.87,68.97,159.20,1.0000,-1,-1,-1
448,64,706.95,463.70,65.21,158.01,1.0000,-1,-1,-1
448,68,467.12,326.84,68.17,144.41,1.0000,-1,-1,-1
448,71,766.40,173.86,52.80,149.85,1.0000,-1,-1,-1
448,72,531.07,307.25,97.99,143.71,1.0000,-1,-1,-1
448,73,648.49,42.47,50.57,132.59,1.0000,-1,-1,-1
448,74,852.91,327.58,66.85,153.91,1.0000,-1,-1,-1
448,75,1141.82,253.69,52.39,144.50,1.0000,-1,-1,-1
449,12,260.50,90.08,49.13,121.77,1.0000,-1,-1,-1
449,36,536.94,195.44,60.00,119.16,1.0000,-1,-1,-1
449,54,880.67,327.75,76.87,158.94,1.0000,-1,-1,-1
449,64,703.53,462.78,60.22,157.54,1.0000,-1,-1,-1
449,68,466.54,319.99,67.79,145.89,1.0000,-1,-1,-1
449,71,767.61,174.59,50.23,149.80,1.0000,-1,-1,-1
449,72,533.23,304.36,82.60,141.31,1.0000,-1,-1,-1
449,73,647.12,42.07,50.90,133.09,1.0000,-1,-1,-1
449,74,857.00,325.56,66.98,154.22,1.0000,-1,-1,-1
449,75,1140.17,253.85,52.24,144.08,1.0000,-1,-1,-1
450,12,259.90,89.96,48.23,121.68,1.0000,-1,-1,-1
450,36,535.99,196.15,60.00,118.34,1.0000,-1,-1,-1
450,54,884.79,325.36,79.29,159.33,1.0000,-1,-1,-1
450,64,701.21,463.52,56.79,157.88,1.0000,-1,-1,-1
450,68,466.41,313.12,67.39,144.44,1.0000,-1,-1,-1
450,71,768.59,174.32,51.20,150.50,1.0000,-1,-1,-1
450,72,532.55,302.84,82.61,141.33,1.0000,-1,-1,-1
450,73,646.33,42.05,51.21,133.36,1.0000,-1,-1,-1
450,74,861.09,323.54,67.11,154.52,1.0000,-1,-1,-1
450,75,1138.52,254.01,52.08,143.65,1.0000,-1,-1,-1
451,12,259.30,89.78,47.88,121.48,1.0000,-1,-1,-1
451,36,534.70,195.88,60.28,117.42,1.0000,-1,-1,-1
451,54,890.79,321.95,76.97,160.20,1.0000,-1,-1,-1
451,64,699.23,463.16,54.68,157.66,1.0000,-1,-1,-1
451,68,466.84,307.41,67.80,141.17,1.0000,-1,-1,-1
451,71,768.17,173.22,52.26,151.69,1.0000,-1,-1,-1
451,72,531.87,301.32,82.63,141.35,1.0000,-1,-1,-1
451,73,646.06,40.98,51.24,134.07,1.0000,-1,-1,-1
451,74,868.59,322.52,74.57,158.28,1.0000,-1,-1,-1
451,75,1136.88,254.17,51.93,143.22,1.0000,-1,-1,-1
452,12,258.33,89.95,48.07,121.25,1.0000,-1,-1,-1
452,36,533.20,195.76,60.48,116.76,1.0000,-1,-1,-1
452,54,896.58,317.11,78.09,159.11,1.0000,-1,-1,-1
452,64,696.80,463.63,53.13,158.17,1.0000,-1,-1,-1
452,68,467.36,304.21,67.69,140.95,1.0000,-1,-1,-1
452,71,768.12,173.41,52.20,151.89,1.0000,-1,-1,-1
452,72,531.20,299.80,82.64,141.37,1.0000,-1,-1,-1
452,73,645.66,40.23,51.33,134.71,1.0000,-1,-1,-1
452,74,868.65,320.86,77.48,160.09,1.0000,-1,-1,-1
452,75,1135.23,254.34,51.77,142.79,1.0000,-1,-1,-1
453,12,257.05,90.44,49.25,121.20,1.0000,-1,-1,-1
453,36,532.20,196.29,60.43,116.67,1.0000,-1,-1,-1
453,54,901.29,310.99,78.21,158.32,1.0000,-1,-1,-1
453,64,682.80,463.64,57.55,158.39,1.0000,-1,-1,-1
453,68,477.68,299.28,84.47,144.04,1.0000,-1,-1,-1
453,71,769.31,173.39,53.00,152.70,1.0000,-1,-1,-1
453,72,530.52,298.28,82.65,141.39,1.0000,-1,-1,-1
453,73,645.08,40.92,52.10,134.47,1.0000,-1,-1,-1
453,74,867.71,315.21,79.65,164.26,1.0000,-1,-1,-1
453,75,1133.59,254.50,51.61,142.36,1.0000,-1,-1,-1
454,12,255.23,90.79,50.17,121.33,1.0000,-1,-1,-1
454,36,531.20,196.82,60.38,116.57,1.0000,-1,-1,-1
454,54,901.99,309.13,77.87,158.34,1.0000,-1,-1,-1
454,64,673.57,464.28,61.85,158.70,1.0000,-1,-1,-1
454,68,479.74,295.95,84.47,144.04,1.0000,-1,-1,-1
454,71,771.06,173.06,54.53,153.90,1.0000,-1,-1,-1
454,72,529.84,296.76,82.66,141.41,1.0000,-1,-1,-1
454,73,644.11,41.36,52.15,134.55,1.0000,-1,-1,-1
454,74,867.11,311.44,79.59,166.36,1.0000,-1,-1,-1
454,75,1131.95,254.66,51.46,141.93,1.0000,-1,-1,-1
455,12,254.88,90.92,50.63,121.69,1.0000,-1,-1,-1
455,36,525.25,195.97,60.07,112.74,1.0000,-1,-1,-1
455,54,903.96,306.68,76.10,157.96,1.0000,-1,-1,-1
455,64,668.99,465.45,64.88,157.73,1.0000,-1,-1,-1
455,68,481.79,292.63,84.47,144.04,1.0000,-1,-1,-1
455,71,770.99,173.57,55.51,154.08,1.0000,-1,-1,-1
455,72,529.16,295.24,82.67,141.43,1.0000,-1,-1,-1
455,73,643.10,41.28,52.20,134.67,1.0000,-1,-1,-1
455,74,866.24,306.02,79.43,167.62,1.0000,-1,-1,-1
455,75,1130.30,254.82,51.30,141.49,1.0000,-1,-1,-1
456,12,254.03,92.23,52.65,121.39,1.0000,-1,-1,-1
456,36,523.84,196.24,60.01,112.63,1.0000,-1,-1,-1
456,54,907.12,305.52,73.47,158.71,1.0000,-1,-1,-1
456,64,666.26,467.17,66.83,156.77,1.0000,-1,-1,-1
456,68,479.17,281.99,75.82,137.61,1.0000,-1,-1,-1
456,71,766.96,173.65,55.91,154.68,1.0000,-1,-1,-1
456,72,528.48,293.71,82.69,141.45,1.0000,-1,-1,-1
456,73,642.08,41.20,52.24,134.79,1.0000,-1,-1,-1
456,74,864.01,301.37,76.77,166.61,1.0000,-1,-1,-1
456,75,1128.66,254.99,51.14,141.06,1.0000,-1,-1,-1
457,12,254.57,94.19,57.95,120.89,1.0000,-1,-1,-1
457,36,522.42,196.51,59.95,112.51,1.0000,-1,-1,-1
457,54,908.52,302.74,70.63,158.68,1.0000,-1,-1,-1
457,64,664.88,468.63,67.77,155.73,1.0000,-1,-1,-1
457,68,483.71,278.82,68.62,134.14,1.0000,-1,-1,-1
457,71,766.09,172.96,57.43,155.02,1.0000,-1,-1,-1
457,72,542.34,273.93,73.16,150.03,1.0000,-1,-1,-1
457,73,641.06,41.13,52.29,134.91,1.0000,-1,-1,-1
457,74,860.13,297.29,70.22,165.23,1.0000,-1,-1,-1
457,75,1127.01,255.15,50.98,140.62,1.0000,-1,-1,-1
458,12,251.36,95.65,61.40,121.04,1.0000,-1,-1,-1
458,36,521.00,196.78,59.88,112.39,1.0000,-1,-1,-1
458,54,908.55,298.93,68.41,158.70,1.0000,-1,-1,-1
458,64,663.26,469.66,67.94,154.67,1.0000,-1,-1,-1
458,68,481.33,276.97,66.20,130.15,1.0000,-1,-1,-1
458,71,765.52,173.03,58.18,154.73,1.0000,-1,-1,-1
458,72,546.04,273.50,68.29,148.79,1.0000,-1,-1,-1
458,73,640.04,41.05,52.34,135.03,1.0000,-1,-1,-1
458,74,858.34,294.05,64.23,163.82,1.0000,-1,-1,-1
458,75,1125.37,255.32,50.82,140.18,1.0000,-1,-1,-1
459,12,240.75,96.90,59.59,122.35,1.0000,-1,-1,-1
459,36,519.59,197.05,59.82,112.28,1.0000,-1,-1,-1
459,54,905.47,292.31,67.42,159.61,1.0000,-1,-1,-1
459,64,660.65,470.30,66.30,153.72,1.0000,-1,-1,-1
459,68,487.48,276.21,60.23,127.19,1.0000,-1,-1,-1
459,71,765.32,173.48,58.12,154.57,1.0000,-1,-1,-1
459,72,546.17,271.26,68.20,148.60,1.0000,-1,-1,-1
459,73,639.02,40.98,52.39,135.16,1.0000,-1,-1,-1
459,74,857.10,285.96,58.95,161.28,1.0000,-1,-1,-1
459,75,1123.73,255.49,50.66,139.74,1.0000,-1,-1,-1
460,12,235.97,97.19,60.31,123.80,1.0000,-1,-1,-1
460,36,518.17,197.32,59.76,112.16,1.0000,-1,-1,-1
460,54,905.40,287.94,65.34,159.57,1.0000,-1,-1,-1
460,64,657.83,471.94,65.50,152.69,1.0000,-1,-1,-1
460,68,491.47,276.25,54.87,124.38,1.0000,-1,-1,-1
460,71,765.12,173.92,58.06,154.41,1.0000,-1,-1,-1
460,72,546.31,269.01,68.11,148.41,1.0000,-1,-1,-1
460,73,631.91,41.64,51.32,136.36,1.0000,-1,-1,-1
460,74,856.68,281.53,55.13,159.50,1.0000,-1,-1,-1
460,75,1122.09,255.65,50.50,139.30,1.0000,-1,-1,-1
461,12,233.38,97.22,61.97,124.70,1.0000,-1,-1,-1
461,36,516.75,197.59,59.70,112.04,1.0000,-1,-1,-1
461,54,905.50,284.89,63.90,159.17,1.0000,-1,-1,-1
461,64,654.46,473.52,64.14,151.75,1.0000,-1,-1,-1
461,68,492.67,272.72,54.64,123.84,1.0000,-1,-1,-1
461,71,764.93,174.37,58.00,154.25,1.0000,-1,-1,-1
461,72,546.44,266.77,68.03,148.22,1.0000,-1,-1,-1
461,73,630.00,41.54,51.12,136.95,1.0000,-1,-1,-1
461,74,856.39,279.40,51.97,157.74,1.0000,-1,-1,-1
461,75,1120.44,255.82,50.34,138.86,1.0000,-1,-1,-1
462,12,226.90,97.30,61.35,125.32,1.0000,-1,-1,-1
462,36,515.34,197.87,59.63,111.93,1.0000,-1,-1,-1
462,54,904.86,282.29,63.74,159.19,1.0000,-1,-1,-1
462,64,651.36,474.51,62.76,150.66,1.0000,-1,-1,-1
462,68,493.86,269.20,54.40,123.30,1.0000,-1,-1,-1
462,71,764.73,174.82,57.94,154.10,1.0000,-1,-1,-1
462,72,546.57,264.52,67.94,148.03,1.0000,-1,-1,-1
462,73,628.45,41.58,51.16,137.05,1.0000,-1,-1,-1
462,74,856.10,278.07,49.67,155.82,1.0000,-1,-1,-1
463,12,222.23,97.55,60.09,126.17,1.0000,-1,-1,-1
463,36,513.92,198.14,59.57,111.81,1.0000,-1,-1,-1
463,54,904.90,280.56,64.40,159.10,1.0000,-1,-1,-1
463,64,647.55,475.44,62.01,149.57,1.0000,-1,-1,-1
463,68,497.45,244.30,64.34,141.69,1.0000,-1,-1,-1
463,71,764.53,175.27,57.88,153.94,1.0000,-1,-1,-1
463,72,546.70,262.27,67.85,147.84,1.0000,-1,-1,-1
463,73,626.91,41.62,51.20,137.15,1.0000,-1,-1,-1
463,74,855.16,277.62,48.53,154.26,1.0000,-1,-1,-1
464,12,218.77,97.76,58.96,126.57,1.0000,-1,-1,-1
464,36,512.50,198.41,59.51,111.69,1.0000,-1,-1,-1
464,54,904.26,279.32,65.76,158.50,1.0000,-1,-1,-1
464,64,641.56,476.95,62.16,148.26,1.0000,-1,-1,-1
464,68,498.68,235.69,70.70,149.13,1.0000,-1,-1,-1
464,71,746.01,186.41,64.10,148.35,1.0000,-1,-1,-1
464,72,551.34,248.09,74.83,128.73,1.0000,-1,-1,-1
464,73,625.36,41.66,51.24,137.25,1.0000,-1,-1,-1
464,74,856.10,278.21,47.58,154.10,1.0000,-1,-1,-1
465,12,215.50,97.67,58.15,127.02,1.0000,-1,-1,-1
465,36,511.09,198.68,59.45,111.57,1.0000,-1,-1,-1
465,54,904.92,279.26,66.70,158.74,1.0000,-1,-1,-1
465,64,638.60,477.84,62.37,147.02,1.0000,-1,-1,-1
465,68,498.75,230.77,74.32,152.92,1.0000,-1,-1,-1
465,71,744.68,187.40,64.07,148.28,1.0000,-1,-1,-1
465,72,554.11,248.35,77.00,120.97,1.0000,-1,-1,-1
465,73,623.81,41.70,51.27,137.35,1.0000,-1,-1,-1
465,74,857.21,278.31,46.73,154.42,1.0000,-1,-1,-1
466,12,211.71,97.18,57.79,127.55,1.0000,-1,-1,-1
466,36,509.67,198.95,59.38,111.46,1.0000,-1,-1,-1
466,54,905.76,279.38,67.59,159.16,1.0000,-1,-1,-1
466,64,636.38,478.52,62.77,145.92,1.0000,-1,-1,-1
466,68,500.69,226.15,74.30,152.88,1.0000,-1,-1,-1
466,71,743.34,188.39,64.04,148.21,1.0000,-1,-1,-1
466,72,557.10,248.70,77.29,117.01,1.0000,-1,-1,-1
466,73,619.85,40.29,53.68,140.91,1.0000,-1,-1,-1
466,74,858.01,277.77,46.02,155.05,1.0000,-1,-1,-1
467,12,208.76,97.19,56.41,127.52,1.0000,-1,-1,-1
467,36,508.26,199.22,59.32,111.34,1.0000,-1,-1,-1
467,54,906.93,278.87,68.67,158.83,1.0000,-1,-1,-1
467,64,635.02,479.26,63.35,144.90,1.0000,-1,-1,-1
467,68,496.52,221.11,77.92,159.04,1.0000,-1,-1,-1
467,71,742.01,189.38,64.01,148.15,1.0000,-1,-1,-1
467,72,562.53,247.86,74.09,115.88,1.0000,-1,-1,-1
467,73,618.90,38.79,54.67,142.60,1.0000,-1,-1,-1
467,74,858.87,277.03,45.52,155.95,1.0000,-1,-1,-1
468,12,207.05,96.23,55.17,128.26,1.0000,-1,-1,-1
468,36,506.84,199.49,59.26,111.22,1.0000,-1,-1,-1
468,54,907.29,278.51,69.97,157.94,1.0000,-1,-1,-1
468,64,634.32,479.87,64.13,144.20,1.0000,-1,-1,-1
468,68,493.50,216.57,80.98,163.80,1.0000,-1,-1,-1
468,71,740.68,190.37,63.99,148.08,1.0000,-1,-1,-1
468,72,565.77,247.27,71.79,115.45,1.0000,-1,-1,-1
468,73,617.33,38.72,54.76,142.83,1.0000,-1,-1,-1
468,74,859.67,275.71,45.50,157.13,1.0000,-1,-1,-1
469,12,207.10,96.30,54.86,128.15,1.0000,-1,-1,-1
469,36,505.42,199.77,59.20,111.10,1.0000,-1,-1,-1
469,54,905.95,274.20,73.16,154.92,1.0000,-1,-1,-1
469,64,636.25,481.36,64.15,143.20,1.0000,-1,-1,-1
469,68,483.98,223.20,88.75,162.34,1.0000,-1,-1,-1
469,71,721.40,180.94,85.35,150.86,1.0000,-1,-1,-1
469,72,568.92,245.89,70.17,115.94,1.0000,-1,-1,-1
469,73,615.77,38.65,54.85,143.07,1.0000,-1,-1,-1
469,74,860.20,272.55,45.35,157.79,1.0000,-1,-1,-1
470,12,206.54,96.63,54.78,128.21,1.0000,-1,-1,-1
470,36,504.01,200.04,59.13,110.98,1.0000,-1,-1,-1
470,54,904.95,270.16,76.47,151.65,1.0000,-1,-1,-1
470,64,638.58,482.75,63.97,142.14,1.0000,-1,-1,-1
470,68,484.61,219.82,88.83,162.50,1.0000,-1,-1,-1
470,71,719.44,181.10,85.49,151.11,1.0000,-1,-1,-1
470,72,570.70,243.95,68.93,116.59,1.0000,-1,-1,-1
470,73,614.20,38.58,54.94,143.30,1.0000,-1,-1,-1
470,74,856.35,269.43,49.14,158.63,1.0000,-1,-1,-1
471,12,207.83,96.73,54.68,127.96,1.0000,-1,-1,-1
471,54,904.10,267.18,79.02,148.41,1.0000,-1,-1,-1
471,64,637.44,483.05,65.46,141.23,1.0000,-1,-1,-1
471,68,458.57,238.63,102.42,151.03,1.0000,-1,-1,-1
471,71,717.48,181.26,85.64,151.36,1.0000,-1,-1,-1
471,72,571.98,242.89,68.78,118.27,1.0000,-1,-1,-1
471,73,612.63,38.51,55.03,143.54,1.0000,-1,-1,-1
471,74,855.85,266.36,51.32,158.62,1.0000,-1,-1,-1
472,12,208.51,96.94,55.38,128.30,1.0000,-1,-1,-1
472,54,902.70,264.74,79.59,145.97,1.0000,-1,-1,-1
472,64,636.14,483.67,67.72,140.46,1.0000,-1,-1,-1
472,68,448.74,242.71,106.52,146.96,1.0000,-1,-1,-1
472,71,681.46,176.20,84.09,146.83,1.0000,-1,-1,-1
472,72,573.23,240.73,69.05,120.50,1.0000,-1,-1,-1
472,73,611.06,38.44,55.11,143.77,1.0000,-1,-1,-1
472,74,854.95,263.40,53.76,157.71,1.0000,-1,-1,-1
473,12,208.95,96.88,56.85,129.30,1.0000,-1,-1,-1
473,54,905.07,262.75,76.91,144.64,1.0000,-1,-1,-1
473,64,636.91,483.99,69.13,139.85,1.0000,-1,-1,-1
473,68,447.01,241.09,106.66,147.15,1.0000,-1,-1,-1
473,71,676.68,175.77,84.21,147.03,1.0000,-1,-1,-1
473,72,574.54,239.24,69.15,122.92,1.0000,-1,-1,-1
473,73,609.49,38.37,55.20,144.00,1.0000,-1,-1,-1
473,74,855.34,259.47,54.93,156.86,1.0000,-1,-1,-1
474,12,208.59,94.75,59.18,131.24,1.0000,-1,-1,-1
474,54,906.42,258.38,72.76,144.57,1.0000,-1,-1,-1
474,64,642.15,484.58,69.83,139.51,1.0000,-1,-1,-1
474,68,435.28,247.00,108.75,142.82,1.0000,-1,-1,-1
474,71,671.91,175.34,84.32,147.23,1.0000,-1,-1,-1
474,72,577.26,238.50,71.76,124.99,1.0000,-1,-1,-1
474,73,607.93,38.30,55.29,144.23,1.0000,-1,-1,-1
474,74,859.56,254.68,56.24,156.58,1.0000,-1,-1,-1
475,12,208.26,93.47,61.75,132.36,1.0000,-1,-1,-1
475,54,909.78,255.84,68.63,145.46,1.0000,-1,-1,-1
475,64,649.83,485.04,68.01,139.03,1.0000,-1,-1,-1
475,68,430.35,248.68,108.32,140.09,1.0000,-1,-1,-1
475,71,667.14,174.90,84.43,147.42,1.0000,-1,-1,-1
475,72,580.60,238.70,74.69,126.18,1.0000,-1,-1,-1
475,73,606.36,38.23,55.38,144.46,1.0000,-1,-1,-1
475,74,861.07,251.87,57.49,156.48,1.0000,-1,-1,-1
476,12,208.24,92.82,63.86,132.53,1.0000,-1,-1,-1
476,54,914.31,253.84,65.55,146.29,1.0000,-1,-1,-1
476,64,651.51,485.11,68.42,138.16,1.0000,-1,-1,-1
476,68,427.60,247.65,108.44,140.25,1.0000,-1,-1,-1
476,71,662.37,174.47,84.55,147.62,1.0000,-1,-1,-1
476,72,584.39,239.31,78.89,125.91,1.0000,-1,-1,-1
476,73,604.79,38.16,55.47,144.70,1.0000,-1,-1,-1
476,74,861.95,250.25,58.50,155.77,1.0000,-1,-1,-1
477,12,210.04,92.58,65.30,132.74,1.0000,-1,-1,-1
477,54,919.95,252.26,62.98,146.77,1.0000,-1,-1,-1
477,64,653.83,485.28,69.00,137.58,1.0000,-1,-1,-1
477,68,424.86,246.62,108.56,140.41,1.0000,-1,-1,-1
477,71,657.59,174.04,84.66,147.82,1.0000,-1,-1,-1
477,72,588.23,240.54,83.40,125.48,1.0000,-1,-1,-1
477,73,603.22,38.09,55.56,144.93,1.0000,-1,-1,-1
477,74,860.74,249.00,62.43,155.87,1.0000,-1,-1,-1
477,76,473.85,175.26,65.58,125.69,1.0000,-1,-1,-1
478,12,212.90,93.45,67.15,132.04,1.0000,-1,-1,-1
478,54,924.57,251.14,60.40,145.86,1.0000,-1,-1,-1
478,64,658.48,485.74,68.96,137.23,1.0000,-1,-1,-1
478,68,422.12,245.60,108.68,140.56,1.0000,-1,-1,-1
478,71,652.82,173.61,84.77,148.02,1.0000,-1,-1,-1
478,72,591.60,243.55,87.35,123.28,1.0000,-1,-1,-1
478,73,601.66,38.02,55.65,145.16,1.0000,-1,-1,-1
478,74,860.23,249.47,68.05,157.74,1.0000,-1,-1,-1
478,76,474.23,175.02,63.59,123.01,1.0000,-1,-1,-1
479,12,219.69,93.25,68.24,131.83,1.0000,-1,-1,-1
479,54,927.62,248.92,59.40,141.40,1.0000,-1,-1,-1
479,64,666.75,486.18,67.95,137.27,1.0000,-1,-1,-1
479,68,419.38,244.57,108.80,140.72,1.0000,-1,-1,-1
479,71,648.05,173.18,84.89,148.22,1.0000,-1,-1,-1
479,72,596.95,248.99,91.85,119.96,1.0000,-1,-1,-1
479,73,600.09,37.95,55.74,145.39,1.0000,-1,-1,-1
479,74,859.80,251.54,74.07,156.51,1.0000,-1,-1,-1
479,76,474.74,174.41,58.62,117.84,1.0000,-1,-1,-1
480,12,223.70,92.99,69.77,132.01,1.0000,-1,-1,-1
480,54,930.01,248.47,59.72,138.11,1.0000,-1,-1,-1
480,64,672.68,485.93,67.06,137.88,1.0000,-1,-1,-1
480,68,406.70,245.63,101.49,133.89,1.0000,-1,-1,-1
480,71,643.28,172.74,85.00,148.41,1.0000,-1,-1,-1
480,72,599.38,251.81,95.08,116.51,1.0000,-1,-1,-1
480,73,598.52,37.88,55.82,145.62,1.0000,-1,-1,-1
480,74,861.90,252.61,78.34,155.19,1.0000,-1,-1,-1
480,76,475.82,176.77,56.87,123.57,1.0000,-1,-1,-1
481,12,227.88,93.44,70.54,131.36,1.0000,-1,-1,-1
481,54,935.86,250.39,59.25,137.19,1.0000,-1,-1,-1
481,64,677.09,486.51,66.76,137.32,1.0000,-1,-1,-1
481,68,404.98,249.07,96.46,131.69,1.0000,-1,-1,-1
481,71,638.51,172.31,85.11,148.61,1.0000,-1,-1,-1
481,72,600.55,253.91,98.37,114.66,1.0000,-1,-1,-1
481,73,596.95,37.81,55.91,145.85,1.0000,-1,-1,-1
481,74,864.34,253.77,80.45,154.39,1.0000,-1,-1,-1
481,76,478.16,174.66,55.83,128.74,1.0000,-1,-1,-1
482,12,231.89,93.43,70.39,130.61,1.0000,-1,-1,-1
482,54,939.42,251.75,59.65,138.69,1.0000,-1,-1,-1
482,64,683.36,486.65,65.75,137.33,1.0000,-1,-1,-1
482,68,401.20,248.28,96.48,131.72,1.0000,-1,-1,-1
482,71,633.73,171.88,85.22,148.81,1.0000,-1,-1,-1
482,72,603.89,253.57,98.37,114.66,1.0000,-1,-1,-1
482,73,595.39,37.75,56.00,146.08,1.0000,-1,-1,-1
482,74,867.54,253.56,81.49,154.52,1.0000,-1,-1,-1
482,76,480.74,173.16,55.30,132.57,1.0000,-1,-1,-1
483,12,234.95,94.99,69.63,130.58,1.0000,-1,-1,-1
483,54,941.44,251.84,60.94,140.53,1.0000,-1,-1,-1
483,64,687.64,486.99,65.11,137.14,1.0000,-1,-1,-1
483,68,397.42,247.50,96.50,131.75,1.0000,-1,-1,-1
483,71,628.96,171.45,85.34,149.00,1.0000,-1,-1,-1
483,72,607.23,253.24,98.37,114.67,1.0000,-1,-1,-1
483,74,870.50,252.43,81.14,154.51,1.0000,-1,-1,-1
483,76,483.32,171.10,55.12,135.92,1.0000,-1,-1,-1
484,12,238.60,95.07,67.47,130.40,1.0000,-1,-1,-1
484,54,949.31,251.68,62.21,142.44,1.0000,-1,-1,-1
484,64,693.18,487.80,65.18,136.20,1.0000,-1,-1,-1
484,68,401.35,255.58,85.39,135.70,1.0000,-1,-1,-1
484,71,624.19,171.02,85.45,149.20,1.0000,-1,-1,-1
484,72,594.74,248.74,91.28,113.82,1.0000,-1,-1,-1
484,74,876.99,249.80,81.35,155.97,1.0000,-1,-1,-1
484,76,486.22,167.43,53.13,135.73,1.0000,-1,-1,-1
485,12,244.44,95.70,64.80,130.65,1.0000,-1,-1,-1
485,54,956.44,252.43,63.82,144.95,1.0000,-1,-1,-1
485,64,697.57,488.50,65.56,135.24,1.0000,-1,-1,-1
485,68,403.26,256.44,83.96,140.14,1.0000,-1,-1,-1
485,71,619.42,170.59,85.56,149.39,1.0000,-1,-1,-1
485,72,592.88,252.78,86.64,120.34,1.0000,-1,-1,-1
485,74,881.61,248.06,82.30,157.27,1.0000,-1,-1,-1
485,76,490.80,165.36,50.67,135.34,1.0000,-1,-1,-1
486,12,248.68,96.44,62.31,130.21,1.0000,-1,-1,-1
486,54,959.49,254.56,65.94,148.12,1.0000,-1,-1,-1
486,64,702.96,489.32,64.92,134.26,1.0000,-1,-1,-1
486,68,403.79,257.12,84.02,144.14,1.0000,-1,-1,-1
486,71,614.65,170.15,85.67,149.59,1.0000,-1,-1,-1
486,72,592.22,252.23,83.33,125.97,1.0000,-1,-1,-1
486,74,884.60,247.02,83.25,157.27,1.0000,-1,-1,-1
486,76,494.96,162.32,48.71,134.10,1.0000,-1,-1,-1
487,12,251.21,97.35,61.31,129.72,1.0000,-1,-1,-1
487,54,964.28,255.56,66.98,148.46,1.0000,-1,-1,-1
487,64,704.82,490.77,65.64,133.50,1.0000,-1,-1,-1
487,68,403.32,257.36,82.15,146.20,1.0000,-1,-1,-1
487,71,609.88,169.72,85.79,149.79,1.0000,-1,-1,-1
487,72,591.51,248.85,79.74,126.56,1.0000,-1,-1,-1
487,74,886.75,246.48,83.35,156.52,1.0000,-1,-1,-1
487,76,497.02,158.32,47.94,134.12,1.0000,-1,-1,-1
488,12,253.16,98.17,62.46,129.49,1.0000,-1,-1,-1
488,54,967.49,256.67,67.04,147.96,1.0000,-1,-1,-1
488,64,707.14,491.91,65.91,132.56,1.0000,-1,-1,-1
488,68,401.69,257.22,82.19,147.38,1.0000,-1,-1,-1
488,72,588.31,247.73,74.98,127.43,1.0000,-1,-1,-1
488,74,889.60,247.64,83.62,155.31,1.0000,-1,-1,-1
488,76,498.88,155.42,47.39,133.71,1.0000,-1,-1,-1
489,12,252.76,99.72,64.66,128.86,1.0000,-1,-1,-1
489,54,964.29,263.17,70.56,150.79,1.0000,-1,-1,-1
489,64,708.72,493.85,67.91,131.26,1.0000,-1,-1,-1
489,68,393.65,257.69,79.16,148.92,1.0000,-1,-1,-1
489,72,581.35,249.33,73.24,130.04,1.0000,-1,-1,-1
489,74,893.78,251.49,83.26,153.08,1.0000,-1,-1,-1
489,76,500.74,155.35,46.58,132.33,1.0000,-1,-1,-1
490,12,258.46,101.02,63.23,128.59,1.0000,-1,-1,-1
490,54,967.32,263.55,70.52,150.70,1.0000,-1,-1,-1
490,64,710.50,494.82,69.38,130.27,1.0000,-1,-1,-1
490,68,388.53,257.58,73.74,149.96,1.0000,-1,-1,-1
490,72,573.55,254.78,74.94,134.27,1.0000,-1,-1,-1
490,74,895.94,254.89,83.12,151.54,1.0000,-1,-1,-1
490,76,501.32,156.04,45.92,131.72,1.0000,-1,-1,-1
491,12,262.79,101.53,61.71,128.52,1.0000,-1,-1,-1
491,54,965.06,270.90,68.62,153.97,1.0000,-1,-1,-1
491,64,712.11,495.17,69.92,129.41,1.0000,-1,-1,-1
491,68,386.91,254.90,68.13,152.11,1.0000,-1,-1,-1
491,72,566.35,257.98,75.59,135.23,1.0000,-1,-1,-1
491,74,897.59,256.45,82.75,150.51,1.0000,-1,-1,-1
491,76,501.04,157.48,45.50,130.43,1.0000,-1,-1,-1
492,12,265.53,101.98,60.78,128.52,1.0000,-1,-1,-1
492,54,966.89,272.35,67.10,156.21,1.0000,-1,-1,-1
492,64,713.66,495.38,70.26,128.10,1.0000,-1,-1,-1
492,68,385.47,249.98,63.37,155.47,1.0000,-1,-1,-1
492,72,565.12,260.91,73.85,133.34,1.0000,-1,-1,-1
492,74,899.54,257.22,81.71,150.16,1.0000,-1,-1,-1
492,76,499.42,156.92,46.28,128.56,1.0000,-1,-1,-1
493,12,267.18,102.04,60.11,128.83,1.0000,-1,-1,-1
493,54,968.12,273.88,66.25,157.06,1.0000,-1,-1,-1
493,64,714.43,496.07,70.45,126.95,1.0000,-1,-1,-1
493,68,384.97,255.08,58.28,154.95,1.0000,-1,-1,-1
493,72,564.73,266.18,70.42,132.38,1.0000,-1,-1,-1
493,74,901.47,257.69,80.39,149.22,1.0000,-1,-1,-1
493,76,497.08,157.46,47.45,128.04,1.0000,-1,-1,-1
493,80,787.87,107.80,40.01,136.04,1.0000,-1,-1,-1
494,12,267.46,103.45,60.68,129.01,1.0000,-1,-1,-1
494,54,965.31,277.27,67.58,156.86,1.0000,-1,-1,-1
494,64,714.76,497.33,70.94,125.52,1.0000,-1,-1,-1
494,68,376.55,261.34,56.96,154.75,1.0000,-1,-1,-1
494,72,561.48,275.09,68.20,134.74,1.0000,-1,-1,-1
494,74,903.07,257.92,77.37,146.84,1.0000,-1,-1,-1
494,76,495.46,161.99,46.89,126.49,1.0000,-1,-1,-1
494,80,787.73,107.77,40.35,137.15,1.0000,-1,-1,-1
495,12,267.01,104.62,61.50,128.94,1.0000,-1,-1,-1
495,54,964.59,278.71,68.04,156.46,1.0000,-1,-1,-1
495,64,714.63,498.60,71.48,123.77,1.0000,-1,-1,-1
495,68,371.05,265.56,55.48,153.36,1.0000,-1,-1,-1
495,72,559.46,277.64,66.20,138.12,1.0000,-1,-1,-1
495,74,905.14,258.60,74.89,144.94,1.0000,-1,-1,-1
495,76,495.43,163.58,45.44,126.37,1.0000,-1,-1,-1
495,80,787.58,105.56,40.52,139.70,1.0000,-1,-1,-1
496,12,264.73,105.64,63.75,128.80,1.0000,-1,-1,-1
496,54,963.13,279.57,68.69,156.00,1.0000,-1,-1,-1
496,64,714.42,499.62,71.77,122.40,1.0000,-1,-1,-1
496,68,367.19,269.97,54.36,152.20,1.0000,-1,-1,-1
496,72,558.53,277.95,64.68,141.61,1.0000,-1,-1,-1
496,74,909.28,260.32,71.69,143.37,1.0000,-1,-1,-1
496,76,492.55,164.58,45.26,125.59,1.0000,-1,-1,-1
496,80,787.53,103.42,40.70,142.50,1.0000,-1,-1,-1
497,12,266.66,107.28,64.30,128.34,1.0000,-1,-1,-1
497,54,958.88,281.60,71.31,155.30,1.0000,-1,-1,-1
497,64,714.71,500.61,71.97,121.10,1.0000,-1,-1,-1
497,68,362.19,276.16,54.52,151.44,1.0000,-1,-1,-1
497,72,558.80,276.12,62.73,145.86,1.0000,-1,-1,-1
497,74,911.34,260.11,71.73,143.45,1.0000,-1,-1,-1
497,76,492.05,164.30,44.65,126.11,1.0000,-1,-1,-1
497,80,787.40,107.33,40.40,140.63,1.0000,-1,-1,-1
498,12,268.04,108.70,64.57,128.20,1.0000,-1,-1,-1
498,54,954.92,283.85,74.04,154.62,1.0000,-1,-1,-1
498,64,714.79,501.69,72.37,120.06,1.0000,-1,-1,-1
498,68,356.20,280.58,55.86,150.07,1.0000,-1,-1,-1
498,72,558.66,273.84,61.39,149.78,1.0000,-1,-1,-1
498,74,920.54,264.17,62.76,141.55,1.0000,-1,-1,-1
498,76,490.16,162.11,44.56,127.97,1.0000,-1,-1,-1
498,80,786.93,110.80,40.45,138.94,1.0000,-1,-1,-1
499,12,269.67,109.41,64.61,128.27,1.0000,-1,-1,-1
499,54,955.76,286.61,72.75,153.42,1.0000,-1,-1,-1
499,64,714.98,503.12,71.88,119.32,1.0000,-1,-1,-1
499,68,343.75,285.47,60.25,150.16,1.0000,-1,-1,-1
499,72,558.92,272.07,59.30,152.95,1.0000,-1,-1,-1
499,74,921.53,275.39,57.73,142.78,1.0000,-1,-1,-1
499,76,488.74,158.72,44.07,130.10,1.0000,-1,-1,-1
499,80,786.88,117.80,39.86,135.17,1.0000,-1,-1,-1
500,12,274.05,112.76,62.58,128.64,1.0000,-1,-1,-1
500,54,957.70,288.95,71.09,153.02,1.0000,-1,-1,-1
500,64,714.74,504.01,71.20,118.65,1.0000,-1,-1,-1
500,68,333.89,290.05,64.82,151.17,1.0000,-1,-1,-1
500,72,559.52,270.95,57.72,154.96,1.0000,-1,-1,-1
500,74,923.53,276.63,57.66,142.60,1.0000,-1,-1,-1
500,76,487.08,156.76,43.24,131.14,1.0000,-1,-1,-1
500,79,707.92,189.59,75.72,154.16,1.0000,-1,-1,-1
500,80,786.57,120.35,39.92,133.74,1.0000,-1,-1,-1
501,12,278.28,115.48,60.78,129.08,1.0000,-1,-1,-1
501,54,953.90,290.82,72.79,152.20,1.0000,-1,-1,-1
501,64,714.12,504.67,70.17,118.11,1.0000,-1,-1,-1
501,68,327.75,294.26,67.34,152.79,1.0000,-1,-1,-1
501,72,559.81,270.67,56.53,156.74,1.0000,-1,-1,-1
501,74,925.53,277.87,57.58,142.42,1.0000,-1,-1,-1
501,76,485.55,154.72,43.50,132.00,1.0000,-1,-1,-1
501,79,700.74,189.82,81.07,153.93,1.0000,-1,-1,-1
501,80,786.17,117.19,40.45,137.13,1.0000,-1,-1,-1
502,12,281.76,117.91,60.02,129.20,1.0000,-1,-1,-1
502,54,949.35,292.00,74.64,151.12,1.0000,-1,-1,-1
502,64,712.39,505.48,69.13,117.45,1.0000,-1,-1,-1
502,68,324.50,297.04,69.02,153.82,1.0000,-1,-1,-1
502,72,559.82,270.06,55.83,157.48,1.0000,-1,-1,-1
502,74,927.54,279.10,57.51,142.24,1.0000,-1,-1,-1
502,76,483.12,155.51,44.58,132.02,1.0000,-1,-1,-1
502,79,693.21,188.53,86.76,155.64,1.0000,-1,-1,-1
502,80,785.63,113.03,41.08,141.46,1.0000,-1,-1,-1
502,82,716.30,71.91,60.84,133.02,1.0000,-1,-1,-1
503,12,283.55,119.07,60.23,129.44,1.0000,-1,-1,-1
503,54,945.13,294.66,76.68,149.59,1.0000,-1,-1,-1
503,64,711.10,506.85,68.60,117.50,1.0000,-1,-1,-1
503,68,323.57,299.50,69.07,153.34,1.0000,-1,-1,-1
503,72,559.43,267.90,55.60,157.49,1.0000,-1,-1,-1
503,74,929.54,280.34,57.44,142.06,1.0000,-1,-1,-1
503,76,481.72,156.08,45.18,130.79,1.0000,-1,-1,-1
503,79,693.07,189.57,87.73,155.81,1.0000,-1,-1,-1
503,80,784.80,119.95,40.85,139.11,1.0000,-1,-1,-1
503,82,717.62,73.06,61.21,133.84,1.0000,-1,-1,-1
503,84,648.13,199.49,69.18,145.49,1.0000,-1,-1,-1
504,12,285.73,121.84,61.95,129.41,1.0000,-1,-1,-1
504,54,926.14,295.43,85.63,150.31,1.0000,-1,-1,-1
504,64,707.11,508.27,67.88,116.47,1.0000,-1,-1,-1
504,68,322.28,302.65,68.50,152.35,1.0000,-1,-1,-1
504,72,556.52,269.89,56.62,157.35,1.0000,-1,-1,-1
504,74,931.55,281.58,57.37,141.88,1.0000,-1,-1,-1
504,76,478.91,157.65,45.48,124.33,1.0000,-1,-1,-1
504,79,686.53,193.35,91.72,154.31,1.0000,-1,-1,-1
504,80,783.17,122.25,40.80,140.15,1.0000,-1,-1,-1
504,82,718.95,74.22,61.58,134.65,1.0000,-1,-1,-1
504,84,642.27,200.41,70.34,147.93,1.0000,-1,-1,-1
505,12,287.13,124.01,63.78,129.18,1.0000,-1,-1,-1
505,54,918.77,297.10,91.68,150.69,1.0000,-1,-1,-1
505,64,703.55,509.41,67.32,115.17,1.0000,-1,-1,-1
505,68,321.80,303.63,67.53,151.48,1.0000,-1,-1,-1
505,72,555.70,271.09,57.17,156.46,1.0000,-1,-1,-1
505,74,933.55,282.82,57.30,141.70,1.0000,-1,-1,-1
505,76,476.42,160.28,46.04,119.98,1.0000,-1,-1,-1
505,79,682.63,195.34,94.13,152.97,1.0000,-1,-1,-1
505,80,781.00,123.72,41.10,141.05,1.0000,-1,-1,-1
505,82,720.27,75.37,61.95,135.46,1.0000,-1,-1,-1
505,84,636.42,201.36,71.49,150.34,1.0000,-1,-1,-1
506,12,288.09,126.15,65.93,128.44,1.0000,-1,-1,-1
506,54,918.50,298.19,92.94,150.89,1.0000,-1,-1,-1
506,64,700.24,510.18,67.55,112.70,1.0000,-1,-1,-1
506,68,320.65,304.39,66.04,151.57,1.0000,-1,-1,-1
506,72,554.52,274.92,57.95,155.31,1.0000,-1,-1,-1
506,74,935.56,284.06,57.22,141.52,1.0000,-1,-1,-1
506,76,474.52,163.64,46.53,116.73,1.0000,-1,-1,-1
506,79,677.99,196.07,95.20,151.85,1.0000,-1,-1,-1
506,80,780.40,125.18,41.16,141.25,1.0000,-1,-1,-1
506,82,721.60,76.53,62.32,136.26,1.0000,-1,-1,-1
506,84,639.64,206.09,69.88,142.63,1.0000,-1,-1,-1
507,12,288.38,127.57,67.73,128.21,1.0000,-1,-1,-1
507,54,915.10,298.98,94.23,150.88,1.0000,-1,-1,-1
507,64,697.29,511.27,66.64,111.01,1.0000,-1,-1,-1
507,68,318.52,305.17,65.36,152.58,1.0000,-1,-1,-1
507,72,555.67,277.45,57.51,154.23,1.0000,-1,-1,-1
507,74,937.56,285.30,57.15,141.34,1.0000,-1,-1,-1
507,76,472.88,165.32,47.07,113.74,1.0000,-1,-1,-1
507,79,673.27,196.88,96.09,151.55,1.0000,-1,-1,-1
507,80,779.80,126.63,41.22,141.45,1.0000,-1,-1,-1
507,82,722.92,77.70,62.69,137.06,1.0000,-1,-1,-1
507,84,634.37,207.72,70.40,141.87,1.0000,-1,-1,-1
508,12,288.87,129.28,69.00,127.58,1.0000,-1,-1,-1
508,54,910.86,300.14,95.78,151.21,1.0000,-1,-1,-1
508,64,691.87,512.99,67.11,109.02,1.0000,-1,-1,-1
508,68,314.52,306.40,66.16,154.13,1.0000,-1,-1,-1
508,72,556.63,279.50,56.76,154.57,1.0000,-1,-1,-1
508,74,939.57,286.55,57.08,141.16,1.0000,-1,-1,-1
508,76,471.56,166.10,47.54,111.28,1.0000,-1,-1,-1
508,79,670.17,198.11,94.76,151.04,1.0000,-1,-1,-1
508,80,779.20,128.09,41.28,141.66,1.0000,-1,-1,-1
508,82,724.25,78.86,63.05,137.85,1.0000,-1,-1,-1
508,84,628.05,206.29,70.71,134.45,1.0000,-1,-1,-1
509,12,289.74,131.27,71.46,126.90,1.0000,-1,-1,-1
509,54,910.60,301.26,93.07,151.99,1.0000,-1,-1,-1
509,64,683.85,514.31,67.28,107.94,1.0000,-1,-1,-1
509,68,307.97,311.62,68.40,156.05,1.0000,-1,-1,-1
509,72,557.85,280.60,56.08,154.16,1.0000,-1,-1,-1
509,74,941.57,287.79,57.00,140.98,1.0000,-1,-1,-1
509,76,470.38,168.31,47.97,108.58,1.0000,-1,-1,-1
509,79,664.12,197.20,90.64,151.12,1.0000,-1,-1,-1
509,80,778.60,129.54,41.34,141.86,1.0000,-1,-1,-1
509,82,725.58,80.03,63.41,138.64,1.0000,-1,-1,-1
509,84,617.28,206.77,76.77,140.34,1.0000,-1,-1,-1
510,12,289.81,132.95,73.04,126.28,1.0000,-1,-1,-1
510,54,908.36,303.13,90.71,152.43,1.0000,-1,-1,-1
510,64,679.45,515.10,66.17,106.88,1.0000,-1,-1,-1
510,68,303.88,315.45,70.41,157.44,1.0000,-1,-1,-1
510,72,557.12,282.10,55.99,153.91,1.0000,-1,-1,-1
510,74,943.58,289.03,56.93,140.80,1.0000,-1,-1,-1
510,76,469.45,168.55,47.55,107.63,1.0000,-1,-1,-1
510,79,655.43,199.11,82.40,149.72,1.0000,-1,-1,-1
510,80,778.00,130.99,41.40,142.06,1.0000,-1,-1,-1
510,82,726.91,81.20,63.77,139.43,1.0000,-1,-1,-1
510,84,612.25,207.13,77.38,141.45,1.0000,-1,-1,-1
511,12,290.81,133.62,76.29,126.16,1.0000,-1,-1,-1
511,54,907.52,303.48,87.98,152.68,1.0000,-1,-1,-1
511,64,674.24,515.63,65.16,106.29,1.0000,-1,-1,-1
511,68,300.33,321.08,71.64,159.04,1.0000,-1,-1,-1
511,72,556.39,283.61,55.90,153.66,1.0000,-1,-1,-1
511,74,945.58,290.27,56.86,140.62,1.0000,-1,-1,-1
511,76,467.85,170.95,49.07,113.66,1.0000,-1,-1,-1
511,79,648.87,200.80,74.27,148.07,1.0000,-1,-1,-1
511,80,777.40,132.45,41.45,142.26,1.0000,-1,-1,-1
511,82,728.24,82.37,64.13,140.21,1.0000,-1,-1,-1
511,84,607.23,207.49,77.98,142.56,1.0000,-1,-1,-1
512,12,290.73,134.04,80.64,126.01,1.0000,-1,-1,-1
512,54,906.44,303.78,85.77,153.21,1.0000,-1,-1,-1
512,64,669.53,515.69,64.48,104.98,1.0000,-1,-1,-1
512,68,296.73,326.14,73.06,160.67,1.0000,-1,-1,-1
512,72,560.14,280.78,53.87,152.28,1.0000,-1,-1,-1
512,74,947.58,291.51,56.79,140.44,1.0000,-1,-1,-1
512,76,466.46,170.76,49.97,117.19,1.0000,-1,-1,-1
512,79,644.04,199.63,67.08,147.84,1.0000,-1,-1,-1
512,80,776.80,133.90,41.51,142.46,1.0000,-1,-1,-1
512,82,729.57,83.54,64.48,140.98,1.0000,-1,-1,-1
512,84,602.21,207.86,78.58,143.65,1.0000,-1,-1,-1
513,12,289.68,133.47,82.59,126.27,1.0000,-1,-1,-1
513,54,903.08,304.49,82.84,153.68,1.0000,-1,-1,-1
513,64,665.17,515.92,63.97,104.45,1.0000,-1,-1,-1
513,68,293.69,330.25,74.37,162.39,1.0000,-1,-1,-1
513,72,560.92,282.76,52.55,150.42,1.0000,-1,-1,-1
513,74,949.59,292.75,56.71,140.26,1.0000,-1,-1,-1
513,76,464.63,169.04,50.64,120.01,1.0000,-1,-1,-1
513,79,640.71,201.34,61.07,146.99,1.0000,-1,-1,-1
513,80,776.20,135.36,41.57,142.66,1.0000,-1,-1,-1
513,82,730.90,84.71,64.83,141.76,1.0000,-1,-1,-1
513,84,597.19,208.23,79.18,144.74,1.0000,-1,-1,-1
513,85,879.76,294.23,49.82,145.56,1.0000,-1,-1,-1
514,12,288.61,133.74,82.86,126.05,1.0000,-1,-1,-1
514,54,898.76,307.85,76.70,155.07,1.0000,-1,-1,-1
514,64,659.01,516.77,61.92,104.90,1.0000,-1,-1,-1
514,68,290.87,334.74,74.71,163.03,1.0000,-1,-1,-1
514,72,560.55,283.90,52.43,150.07,1.0000,-1,-1,-1
514,74,951.59,293.99,56.64,140.08,1.0000,-1,-1,-1
514,76,461.49,166.29,51.13,122.99,1.0000,-1,-1,-1
514,79,635.90,202.43,60.57,145.79,1.0000,-1,-1,-1
514,80,769.05,136.71,40.81,133.14,1.0000,-1,-1,-1
514,82,732.24,85.89,65.18,142.52,1.0000,-1,-1,-1
514,84,611.57,198.70,69.18,144.26,1.0000,-1,-1,-1
514,85,877.19,295.43,48.56,146.81,1.0000,-1,-1,-1
515,12,289.04,133.26,83.11,126.29,1.0000,-1,-1,-1
515,54,896.00,309.38,76.70,155.07,1.0000,-1,-1,-1
515,64,655.83,517.20,61.87,104.81,1.0000,-1,-1,-1
515,68,289.15,337.44,74.41,163.40,1.0000,-1,-1,-1
515,72,561.05,286.88,51.76,146.58,1.0000,-1,-1,-1
515,76,459.84,166.60,51.22,123.75,1.0000,-1,-1,-1
515,79,631.09,203.51,60.06,144.57,1.0000,-1,-1,-1
515,80,768.02,137.97,40.78,133.04,1.0000,-1,-1,-1
515,82,733.57,87.07,65.53,143.29,1.0000,-1,-1,-1
515,84,610.62,200.90,65.02,144.21,1.0000,-1,-1,-1
515,85,877.41,298.46,45.83,145.87,1.0000,-1,-1,-1
516,12,289.72,133.31,81.03,126.11,1.0000,-1,-1,-1
516,54,893.25,310.92,76.70,155.06,1.0000,-1,-1,-1
516,64,652.66,517.63,61.81,104.72,1.0000,-1,-1,-1
516,68,287.69,340.58,73.75,163.58,1.0000,-1,-1,-1
516,72,552.73,242.94,57.63,172.87,1.0000,-1,-1,-1
516,76,458.86,164.39,50.99,121.42,1.0000,-1,-1,-1
516,79,626.28,204.61,59.55,143.34,1.0000,-1,-1,-1
516,80,766.99,139.24,40.75,132.93,1.0000,-1,-1,-1
516,82,734.91,88.25,65.88,144.05,1.0000,-1,-1,-1
516,84,610.58,201.81,61.88,145.31,1.0000,-1,-1,-1
516,85,875.74,301.01,43.89,145.37,1.0000,-1,-1,-1
517,12,291.91,133.78,78.01,125.96,1.0000,-1,-1,-1
517,54,890.49,312.45,76.70,155.06,1.0000,-1,-1,-1
517,64,649.48,518.06,61.76,104.63,1.0000,-1,-1,-1
517,68,287.14,342.89,72.60,163.20,1.0000,-1,-1,-1
517,72,545.16,224.57,63.29,191.85,1.0000,-1,-1,-1
517,76,458.16,165.89,50.78,122.99,1.0000,-1,-1,-1
517,79,621.48,205.70,59.04,142.11,1.0000,-1,-1,-1
517,80,765.96,140.51,40.71,132.83,1.0000,-1,-1,-1
517,82,736.25,89.44,66.23,144.80,1.0000,-1,-1,-1
517,84,608.07,203.67,60.99,145.55,1.0000,-1,-1,-1
517,85,872.50,301.10,43.97,147.40,1.0000,-1,-1,-1
518,12,294.77,134.00,74.43,125.90,1.0000,-1,-1,-1
518,54,892.79,314.99,64.09,157.59,1.0000,-1,-1,-1
518,64,646.31,518.50,61.71,104.54,1.0000,-1,-1,-1
518,68,287.10,344.73,71.67,163.36,1.0000,-1,-1,-1
518,72,543.96,222.06,63.33,191.98,1.0000,-1,-1,-1
518,76,456.99,166.23,50.59,122.53,1.0000,-1,-1,-1
518,79,616.67,206.81,58.52,140.86,1.0000,-1,-1,-1
518,80,764.93,141.78,40.68,132.72,1.0000,-1,-1,-1
518,84,602.68,202.92,63.10,147.26,1.0000,-1,-1,-1
518,85,869.24,300.53,43.91,149.35,1.0000,-1,-1,-1
519,12,295.95,134.70,74.49,126.01,1.0000,-1,-1,-1
519,54,891.85,318.15,57.86,156.62,1.0000,-1,-1,-1
519,64,643.13,518.93,61.66,104.45,1.0000,-1,-1,-1
519,68,287.55,346.42,69.94,162.45,1.0000,-1,-1,-1
519,72,542.77,219.56,63.37,192.10,1.0000,-1,-1,-1
519,76,452.49,164.48,51.67,126.40,1.0000,-1,-1,-1
519,79,611.87,207.91,58.00,139.60,1.0000,-1,-1,-1
519,80,763.90,143.05,40.65,132.61,1.0000,-1,-1,-1
519,84,592.65,204.02,67.90,147.61,1.0000,-1,-1,-1
519,85,866.49,301.24,43.30,150.94,1.0000,-1,-1,-1
520,12,307.82,134.39,68.75,125.89,1.0000,-1,-1,-1
520,54,890.69,320.73,53.53,155.82,1.0000,-1,-1,-1
520,64,639.96,519.36,61.60,104.36,1.0000,-1,-1,-1
520,68,288.55,348.23,68.57,162.25,1.0000,-1,-1,-1
520,72,541.58,217.05,63.41,192.23,1.0000,-1,-1,-1
520,76,450.18,162.57,52.50,129.58,1.0000,-1,-1,-1
520,79,607.08,209.03,57.47,138.33,1.0000,-1,-1,-1
520,80,762.87,144.32,40.62,132.51,1.0000,-1,-1,-1
520,84,584.37,204.28,72.94,147.41,1.0000,-1,-1,-1
520,85,864.91,302.80,42.80,151.69,1.0000,-1,-1,-1
520,87,1153.27,278.88,52.10,141.21,1.0000,-1,-1,-1
521,12,311.81,134.43,64.93,125.61,1.0000,-1,-1,-1
521,54,888.91,322.04,51.08,155.26,1.0000,-1,-1,-1
521,64,616.58,531.71,62.07,118.61,1.0000,-1,-1,-1
521,68,289.26,350.73,67.00,161.64,1.0000,-1,-1,-1
521,72,540.39,214.54,63.45,192.35,1.0000,-1,-1,-1
521,76,448.71,162.79,52.38,129.29,1.0000,-1,-1,-1
521,79,602.28,210.15,56.94,137.05,1.0000,-1,-1,-1
521,80,754.45,142.92,45.02,130.39,1.0000,-1,-1,-1
521,84,580.41,204.51,73.15,147.83,1.0000,-1,-1,-1
521,85,864.71,304.18,42.49,151.26,1.0000,-1,-1,-1
521,87,1149.33,280.73,50.65,137.29,1.0000,-1,-1,-1
522,12,313.71,135.00,64.94,125.64,1.0000,-1,-1,-1
522,54,885.98,323.98,50.96,154.89,1.0000,-1,-1,-1
522,64,611.76,526.36,60.64,114.38,1.0000,-1,-1,-1
522,68,289.84,353.55,66.08,162.23,1.0000,-1,-1,-1
522,72,541.14,211.64,95.49,220.33,1.0000,-1,-1,-1
522,76,447.76,165.31,52.16,130.38,1.0000,-1,-1,-1
522,79,597.49,211.28,56.40,135.75,1.0000,-1,-1,-1
522,80,754.31,143.71,45.41,129.19,1.0000,-1,-1,-1
522,84,576.45,204.73,73.36,148.25,1.0000,-1,-1,-1
522,85,863.55,304.70,42.69,152.05,1.0000,-1,-1,-1
522,87,1145.42,282.64,49.16,133.24,1.0000,-1,-1,-1
523,12,315.60,135.57,64.96,125.67,1.0000,-1,-1,-1
523,54,883.05,325.93,50.84,154.52,1.0000,-1,-1,-1
523,64,606.61,524.46,59.80,108.72,1.0000,-1,-1,-1
523,68,291.04,357.23,65.31,162.93,1.0000,-1,-1,-1
523,72,535.79,208.29,105.14,224.70,1.0000,-1,-1,-1
523,76,446.32,165.78,52.05,130.10,1.0000,-1,-1,-1
523,79,592.70,212.41,55.85,134.44,1.0000,-1,-1,-1
523,80,754.02,144.35,45.80,128.97,1.0000,-1,-1,-1
523,84,572.48,204.96,73.56,148.67,1.0000,-1,-1,-1
523,85,862.13,304.32,42.29,153.47,1.0000,-1,-1,-1
523,87,1141.52,284.62,47.62,129.08,1.0000,-1,-1,-1
524,12,311.72,134.22,62.19,125.00,1.0000,-1,-1,-1
524,54,884.70,331.61,47.63,157.19,1.0000,-1,-1,-1
524,64,601.88,524.99,59.75,108.63,1.0000,-1,-1,-1
524,68,292.32,362.94,65.16,164.85,1.0000,-1,-1,-1
524,72,528.91,207.37,104.86,224.94,1.0000,-1,-1,-1
524,76,447.08,167.61,51.61,129.54,1.0000,-1,-1,-1
524,79,587.91,213.55,55.31,133.12,1.0000,-1,-1,-1
524,80,751.41,146.84,46.52,127.28,1.0000,-1,-1,-1
524,84,568.52,205.19,73.77,149.09,1.0000,-1,-1,-1
524,85,859.39,302.35,42.88,154.81,1.0000,-1,-1,-1
524,87,1142.14,277.54,52.48,148.63,1.0000,-1,-1,-1
524,88,462.51,185.29,76.34,149.71,1.0000,-1,-1,-1
525,12,311.39,134.24,60.87,124.17,1.0000,-1,-1,-1
525,54,882.03,334.02,47.50,156.75,1.0000,-1,-1,-1
525,64,597.14,525.51,59.71,108.55,1.0000,-1,-1,-1
525,68,292.46,366.75,65.13,165.96,1.0000,-1,-1,-1
525,72,516.37,192.26,94.90,204.69,1.0000,-1,-1,-1
525,76,445.82,168.20,51.50,129.25,1.0000,-1,-1,-1
525,79,583.12,214.69,54.75,131.79,1.0000,-1,-1,-1
525,80,749.38,147.50,47.51,127.07,1.0000,-1,-1,-1
525,84,564.56,205.42,73.98,149.51,1.0000,-1,-1,-1
525,85,857.32,303.60,42.66,154.00,1.0000,-1,-1,-1
525,87,1139.84,275.27,53.10,150.83,1.0000,-1,-1,-1
525,88,456.91,180.30,78.89,153.12,1.0000,-1,-1,-1
526,12,310.71,135.32,59.94,122.66,1.0000,-1,-1,-1
526,54,879.36,336.44,47.37,156.32,1.0000,-1,-1,-1
526,64,597.00,520.00,51.21,100.16,1.0000,-1,-1,-1
526,68,292.28,369.42,65.30,166.87,1.0000,-1,-1,-1
526,72,509.06,188.17,84.51,192.79,1.0000,-1,-1,-1
526,76,444.57,168.78,51.38,128.95,1.0000,-1,-1,-1
526,79,578.34,215.85,54.19,130.44,1.0000,-1,-1,-1
526,80,747.33,149.00,48.56,125.75,1.0000,-1,-1,-1
526,84,560.60,205.64,74.18,149.92,1.0000,-1,-1,-1
526,85,855.26,304.84,42.43,153.19,1.0000,-1,-1,-1
526,87,1138.19,273.95,53.00,151.27,1.0000,-1,-1,-1
526,88,448.17,177.70,80.25,155.75,1.0000,-1,-1,-1
527,12,311.63,135.67,59.92,122.63,1.0000,-1,-1,-1
527,54,876.69,338.85,47.23,155.88,1.0000,-1,-1,-1
527,64,595.17,518.73,46.16,91.20,1.0000,-1,-1,-1
527,68,293.02,371.27,64.65,167.90,1.0000,-1,-1,-1
527,72,504.73,189.02,74.14,183.99,1.0000,-1,-1,-1
527,76,443.31,169.37,51.26,128.65,1.0000,-1,-1,-1
527,79,573.56,217.01,53.63,129.08,1.0000,-1,-1,-1
527,80,745.98,149.81,48.62,125.91,1.0000,-1,-1,-1
527,84,556.64,205.87,74.39,150.34,1.0000,-1,-1,-1
527,85,856.95,301.47,45.96,156.20,1.0000,-1,-1,-1
527,87,1136.73,273.57,52.87,151.21,1.0000,-1,-1,-1
527,88,439.44,175.12,81.58,158.34,1.0000,-1,-1,-1
528,12,312.54,136.01,59.91,122.59,1.0000,-1,-1,-1
528,54,874.02,341.27,47.10,155.44,1.0000,-1,-1,-1
528,64,592.25,518.40,42.73,84.11,1.0000,-1,-1,-1
528,68,293.46,373.16,64.19,168.29,1.0000,-1,-1,-1
528,72,506.37,193.59,70.01,174.49,1.0000,-1,-1,-1
528,76,442.05,169.96,51.14,128.36,1.0000,-1,-1,-1
528,79,568.78,218.17,53.06,127.71,1.0000,-1,-1,-1
528,80,744.62,150.62,48.68,126.07,1.0000,-1,-1,-1
528,84,552.68,206.10,74.59,150.75,1.0000,-1,-1,-1
528,85,855.59,301.23,45.95,156.40,1.0000,-1,-1,-1
528,87,1135.19,272.98,53.18,151.59,1.0000,-1,-1,-1
528,88,430.73,172.56,82.89,160.89,1.0000,-1,-1,-1
528,90,559.55,288.50,58.37,150.00,1.0000,-1,-1,-1
529,12,313.46,136.35,59.89,122.56,1.0000,-1,-1,-1
529,54,883.95,337.52,45.64,153.44,1.0000,-1,-1,-1
529,64,585.35,517.77,41.36,78.48,1.0000,-1,-1,-1
529,68,293.18,375.38,64.29,168.17,1.0000,-1,-1,-1
529,72,501.64,197.14,65.63,166.45,1.0000,-1,-1,-1
529,76,440.80,170.55,51.02,128.06,1.0000,-1,-1,-1
529,80,743.27,151.44,48.75,126.23,1.0000,-1,-1,-1
529,84,548.72,206.33,74.80,151.17,1.0000,-1,-1,-1
529,85,854.42,301.03,45.02,155.60,1.0000,-1,-1,-1
529,87,1132.48,271.99,54.15,152.95,1.0000,-1,-1,-1
529,88,441.56,173.19,71.52,150.55,1.0000,-1,-1,-1
529,90,561.68,293.12,59.39,149.58,1.0000,-1,-1,-1
530,12,305.45,141.25,59.06,116.38,1.0000,-1,-1,-1
530,54,884.83,337.37,46.05,154.18,1.0000,-1,-1,-1
530,64,580.18,518.16,39.64,73.86,1.0000,-1,-1,-1
530,68,293.40,376.33,64.18,168.00,1.0000,-1,-1,-1
530,72,495.85,197.86,63.90,162.10,1.0000,-1,-1,-1
530,76,439.54,171.14,50.90,127.76,1.0000,-1,-1,-1
530,80,748.54,148.37,54.00,126.24,1.0000,-1,-1,-1
530,84,544.76,206.56,75.00,151.58,1.0000,-1,-1,-1
530,85,853.90,300.89,44.64,154.64,1.0000,-1,-1,-1
530,87,1129.90,270.53,54.91,153.70,1.0000,-1,-1,-1
530,88,435.08,171.32,71.69,150.89,1.0000,-1,-1,-1
530,90,562.51,295.04,60.18,149.79,1.0000,-1,-1,-1
531,12,306.75,143.72,57.20,112.26,1.0000,-1,-1,-1
531,54,885.27,339.20,46.72,153.25,1.0000,-1,-1,-1
531,64,576.42,519.35,38.88,69.98,1.0000,-1,-1,-1
531,68,294.14,376.57,63.79,167.55,1.0000,-1,-1,-1
531,72,490.70,199.95,62.09,157.95,1.0000,-1,-1,-1
531,76,438.29,171.73,50.79,127.46,1.0000,-1,-1,-1
531,80,747.71,147.84,57.05,126.79,1.0000,-1,-1,-1
531,84,540.80,206.79,75.20,151.99,1.0000,-1,-1,-1
531,85,853.95,301.50,44.69,153.89,1.0000,-1,-1,-1
531,87,1128.52,269.82,55.53,154.39,1.0000,-1,-1,-1
531,88,428.60,169.45,71.85,151.24,1.0000,-1,-1,-1
531,90,564.37,296.47,59.68,149.59,1.0000,-1,-1,-1
532,12,306.95,144.22,57.15,112.15,1.0000,-1,-1,-1
532,54,886.44,341.85,47.12,152.19,1.0000,-1,-1,-1
532,64,571.91,520.26,39.00,67.06,1.0000,-1,-1,-1
532,68,294.66,376.48,63.41,166.86,1.0000,-1,-1,-1
532,72,484.36,203.97,62.05,155.51,1.0000,-1,-1,-1
532,76,443.73,173.03,58.62,131.75,1.0000,-1,-1,-1
532,80,747.28,146.95,58.54,127.60,1.0000,-1,-1,-1
532,84,536.84,207.03,75.41,152.40,1.0000,-1,-1,-1
532,85,853.72,302.44,45.07,152.96,1.0000,-1,-1,-1
532,87,1127.30,268.23,55.99,153.20,1.0000,-1,-1,-1
532,88,422.12,167.58,72.02,151.59,1.0000,-1,-1,-1
532,90,566.03,297.08,58.84,148.51,1.0000,-1,-1,-1
533,12,307.16,144.71,57.09,112.04,1.0000,-1,-1,-1
533,54,888.25,343.80,47.61,152.06,1.0000,-1,-1,-1
533,64,568.06,520.23,38.78,64.31,1.0000,-1,-1,-1
533,68,294.95,376.82,63.47,166.44,1.0000,-1,-1,-1
533,72,479.23,204.81,62.10,155.37,1.0000,-1,-1,-1
533,76,436.15,173.82,62.66,131.88,1.0000,-1,-1,-1
533,80,747.65,146.82,59.10,127.48,1.0000,-1,-1,-1
533,84,532.88,207.26,75.61,152.80,1.0000,-1,-1,-1
533,85,853.42,303.72,45.43,151.81,1.0000,-1,-1,-1
533,87,1126.80,266.87,56.85,152.56,1.0000,-1,-1,-1
533,88,415.64,165.71,72.18,151.93,1.0000,-1,-1,-1
533,90,567.53,297.04,58.18,148.01,1.0000,-1,-1,-1
534,12,299.16,154.31,60.41,113.08,1.0000,-1,-1,-1
534,54,889.99,347.72,49.16,153.52,1.0000,-1,-1,-1
534,64,561.61,521.41,38.04,62.05,1.0000,-1,-1,-1
534,68,295.27,380.25,64.99,166.30,1.0000,-1,-1,-1
534,72,474.01,207.35,60.74,154.12,1.0000,-1,-1,-1
534,76,428.02,172.68,69.52,132.14,1.0000,-1,-1,-1
534,80,748.34,147.12,58.73,126.99,1.0000,-1,-1,-1
534,84,528.92,207.49,75.81,153.21,1.0000,-1,-1,-1
534,85,852.67,305.39,45.92,151.66,1.0000,-1,-1,-1
534,87,1126.00,264.80,56.97,153.19,1.0000,-1,-1,-1
534,88,409.16,163.85,72.34,152.27,1.0000,-1,-1,-1
534,90,569.80,296.69,57.65,147.55,1.0000,-1,-1,-1
535,12,297.04,157.00,62.04,115.09,1.0000,-1,-1,-1
535,54,890.79,351.29,50.65,154.41,1.0000,-1,-1,-1
535,64,557.73,522.96,37.11,60.73,1.0000,-1,-1,-1
535,68,294.29,382.70,66.94,166.16,1.0000,-1,-1,-1
535,72,471.28,208.89,59.49,153.53,1.0000,-1,-1,-1
535,76,422.75,173.25,73.24,131.26,1.0000,-1,-1,-1
535,80,750.12,147.24,57.66,126.42,1.0000,-1,-1,-1
535,84,524.97,207.72,76.01,153.62,1.0000,-1,-1,-1
535,85,852.01,306.48,46.45,152.42,1.0000,-1,-1,-1
535,87,1125.50,262.43,57.46,153.87,1.0000,-1,-1,-1
535,88,402.68,161.98,72.51,152.62,1.0000,-1,-1,-1
535,90,572.43,296.64,56.88,146.94,1.0000,-1,-1,-1
536,12,296.45,162.54,62.30,113.46,1.0000,-1,-1,-1
536,54,892.09,355.93,52.90,154.45,1.0000,-1,-1,-1
536,64,553.85,524.42,37.10,59.38,1.0000,-1,-1,-1
536,68,294.32,385.60,68.95,165.80,1.0000,-1,-1,-1
536,72,466.93,207.50,59.41,153.33,1.0000,-1,-1,-1
536,76,419.97,174.55,75.01,129.66,1.0000,-1,-1,-1
536,80,750.81,147.52,57.28,125.80,1.0000,-1,-1,-1
536,85,851.71,306.97,47.10,153.02,1.0000,-1,-1,-1
536,87,1124.96,260.05,58.11,154.08,1.0000,-1,-1,-1
536,88,396.20,160.12,72.67,152.96,1.0000,-1,-1,-1
536,90,573.95,296.99,57.03,147.69,1.0000,-1,-1,-1
537,12,296.16,166.06,62.18,113.12,1.0000,-1,-1,-1
537,54,892.08,356.82,56.53,156.04,1.0000,-1,-1,-1
537,64,549.51,525.44,36.94,58.20,1.0000,-1,-1,-1
537,68,293.71,389.30,71.82,166.18,1.0000,-1,-1,-1
537,72,462.57,206.12,59.34,153.13,1.0000,-1,-1,-1
537,76,418.36,174.93,75.13,129.86,1.0000,-1,-1,-1
537,80,752.25,148.11,56.50,125.19,1.0000,-1,-1,-1
537,85,851.27,310.34,47.82,153.58,1.0000,-1,-1,-1
537,87,1124.45,257.65,58.15,153.53,1.0000,-1,-1,-1
537,88,389.72,158.25,72.83,153.30,1.0000,-1,-1,-1
537,90,576.62,296.84,57.35,149.55,1.0000,-1,-1,-1
538,12,295.56,168.57,61.91,112.57,1.0000,-1,-1,-1
538,54,891.15,358.29,59.70,158.57,1.0000,-1,-1,-1
538,64,545.91,525.49,37.23,57.38,1.0000,-1,-1,-1
538,68,292.42,391.91,74.71,166.33,1.0000,-1,-1,-1
538,72,458.21,204.73,59.26,152.93,1.0000,-1,-1,-1
538,76,416.76,175.31,75.24,130.06,1.0000,-1,-1,-1
538,80,753.44,148.96,55.67,124.60,1.0000,-1,-1,-1
538,85,850.46,311.63,47.93,153.48,1.0000,-1,-1,-1
538,87,1123.40,256.01,58.03,153.58,1.0000,-1,-1,-1
538,88,383.24,156.39,72.99,153.64,1.0000,-1,-1,-1
538,90,578.94,296.24,57.22,150.43,1.0000,-1,-1,-1
539,12,292.93,173.12,62.58,110.80,1.0000,-1,-1,-1
539,54,892.56,358.14,62.03,161.42,1.0000,-1,-1,-1
539,64,539.21,525.71,38.31,56.90,1.0000,-1,-1,-1
539,68,293.11,395.13,77.63,166.34,1.0000,-1,-1,-1
539,72,453.85,203.35,59.18,152.73,1.0000,-1,-1,-1
539,76,421.23,171.49,81.84,131.50,1.0000,-1,-1,-1
539,80,756.56,149.35,54.05,125.06,1.0000,-1,-1,-1
539,85,849.92,312.60,47.97,152.37,1.0000,-1,-1,-1
539,87,1121.71,253.89,57.03,152.16,1.0000,-1,-1,-1
539,88,376.76,154.52,73.16,153.98,1.0000,-1,-1,-1
539,90,582.34,295.18,58.16,151.52,1.0000,-1,-1,-1
540,12,291.74,178.05,63.57,108.01,1.0000,-1,-1,-1
540,54,894.81,359.22,63.87,163.34,1.0000,-1,-1,-1
540,64,534.26,525.52,39.29,56.55,1.0000,-1,-1,-1
540,68,294.39,397.84,79.37,165.86,1.0000,-1,-1,-1
540,72,449.50,201.97,59.10,152.53,1.0000,-1,-1,-1
540,76,420.38,171.52,82.02,131.78,1.0000,-1,-1,-1
540,80,758.31,150.68,52.97,125.85,1.0000,-1,-1,-1
540,85,849.99,313.59,48.48,151.87,1.0000,-1,-1,-1
540,87,1121.06,253.09,56.47,151.55,1.0000,-1,-1,-1
540,88,370.29,152.66,73.32,154.32,1.0000,-1,-1,-1
540,90,584.09,294.74,59.24,153.38,1.0000,-1,-1,-1
541,12,291.12,180.29,63.54,107.95,1.0000,-1,-1,-1
541,54,898.49,360.00,64.51,164.77,1.0000,-1,-1,-1
541,64,529.44,525.19,41.13,57.05,1.0000,-1,-1,-1
541,68,297.97,399.54,79.45,164.96,1.0000,-1,-1,-1
541,72,445.14,200.58,59.02,152.33,1.0000,-1,-1,-1
541,76,419.54,171.56,82.20,132.06,1.0000,-1,-1,-1
541,80,758.18,149.77,52.54,128.50,1.0000,-1,-1,-1
541,85,849.74,314.57,48.98,151.75,1.0000,-1,-1,-1
541,87,1120.29,252.53,56.32,151.59,1.0000,-1,-1,-1
541,88,363.81,150.79,73.48,154.66,1.0000,-1,-1,-1
541,90,585.73,294.50,59.70,154.62,1.0000,-1,-1,-1
542,12,290.50,182.53,63.50,107.89,1.0000,-1,-1,-1
542,54,901.05,360.69,63.99,164.33,1.0000,-1,-1,-1
542,64,524.53,524.62,42.60,57.58,1.0000,-1,-1,-1
542,68,301.99,400.50,78.61,164.09,1.0000,-1,-1,-1
542,72,440.78,199.20,58.95,152.13,1.0000,-1,-1,-1
542,76,418.69,171.60,82.37,132.35,1.0000,-1,-1,-1
542,80,757.64,149.75,52.66,131.75,1.0000,-1,-1,-1
542,85,849.08,315.08,49.07,151.97,1.0000,-1,-1,-1
542,87,1119.75,252.53,56.81,152.10,1.0000,-1,-1,-1
542,88,357.33,148.93,73.64,155.00,1.0000,-1,-1,-1
542,90,587.77,294.14,59.40,154.54,1.0000,-1,-1,-1
543,12,289.88,184.78,63.47,107.83,1.0000,-1,-1,-1
543,54,905.19,358.91,63.44,165.68,1.0000,-1,-1,-1
543,64,520.36,523.70,44.21,58.63,1.0000,-1,-1,-1
543,68,305.39,400.82,77.77,163.75,1.0000,-1,-1,-1
543,72,436.42,197.82,58.87,151.92,1.0000,-1,-1,-1
543,76,417.84,171.64,82.55,132.63,1.0000,-1,-1,-1
543,80,757.84,150.17,52.76,132.02,1.0000,-1,-1,-1
543,85,847.25,314.86,47.95,151.73,1.0000,-1,-1,-1
543,87,1119.01,251.24,57.46,153.74,1.0000,-1,-1,-1
543,88,350.85,147.07,73.80,155.33,1.0000,-1,-1,-1
543,90,590.47,293.85,59.46,154.45,1.0000,-1,-1,-1
544,12,289.26,187.02,63.43,107.77,1.0000,-1,-1,-1
544,54,904.29,359.74,65.55,165.92,1.0000,-1,-1,-1
544,64,512.52,522.73,46.68,59.47,1.0000,-1,-1,-1
544,68,308.05,400.40,77.32,163.48,1.0000,-1,-1,-1
544,72,432.07,196.43,58.79,151.72,1.0000,-1,-1,-1
544,76,405.77,161.65,79.08,131.28,1.0000,-1,-1,-1
544,80,758.05,150.59,52.87,132.28,1.0000,-1,-1,-1
544,85,845.17,314.25,47.90,151.67,1.0000,-1,-1,-1
544,87,1117.40,249.44,57.74,154.68,1.0000,-1,-1,-1
544,88,344.37,145.20,73.96,155.67,1.0000,-1,-1,-1
544,90,593.44,293.22,60.18,154.62,1.0000,-1,-1,-1
545,12,289.64,182.99,60.95,102.37,1.0000,-1,-1,-1
545,54,905.48,361.38,65.54,165.90,1.0000,-1,-1,-1
545,64,507.35,521.67,49.05,60.32,1.0000,-1,-1,-1
545,68,309.79,400.83,76.97,163.82,1.0000,-1,-1,-1
545,72,427.71,195.05,58.71,151.52,1.0000,-1,-1,-1
545,76,403.95,160.89,79.22,131.51,1.0000,-1,-1,-1
545,80,758.25,151.00,52.97,132.54,1.0000,-1,-1,-1
545,85,843.97,312.04,48.11,151.78,1.0000,-1,-1,-1
545,87,1116.39,248.45,58.37,155.32,1.0000,-1,-1,-1
545,90,594.76,292.62,61.60,155.02,1.0000,-1,-1,-1
546,12,289.01,184.57,60.88,102.26,1.0000,-1,-1,-1
546,54,906.67,363.02,65.54,165.88,1.0000,-1,-1,-1
546,64,501.99,520.62,50.88,61.33,1.0000,-1,-1,-1
546,68,311.73,401.61,76.71,164.15,1.0000,-1,-1,-1
546,72,423.35,193.67,58.63,151.32,1.0000,-1,-1,-1
546,76,402.13,160.13,79.36,131.74,1.0000,-1,-1,-1
546,80,758.46,151.42,53.07,132.80,1.0000,-1,-1,-1
546,85,842.80,310.70,47.99,151.06,1.0000,-1,-1,-1
546,87,1115.21,248.43,57.92,154.77,1.0000,-1,-1,-1
546,90,596.46,291.69,62.77,155.57,1.0000,-1,-1,-1
547,12,290.67,183.97,65.04,105.66,1.0000,-1,-1,-1
547,54,907.87,364.67,65.53,165.86,1.0000,-1,-1,-1
547,64,496.47,519.69,53.06,62.12,1.0000,-1,-1,-1
547,68,313.60,403.62,76.23,164.68,1.0000,-1,-1,-1
547,72,419.00,192.28,58.55,151.11,1.0000,-1,-1,-1
547,76,400.31,159.37,79.49,131.97,1.0000,-1,-1,-1
547,80,758.67,151.84,53.18,133.06,1.0000,-1,-1,-1
547,85,842.20,310.52,47.81,151.94,1.0000,-1,-1,-1
547,87,1113.45,247.24,56.16,152.14,1.0000,-1,-1,-1
547,90,597.93,290.52,63.69,155.10,1.0000,-1,-1,-1
548,12,290.40,185.49,65.01,105.61,1.0000,-1,-1,-1
548,54,909.06,366.31,65.52,165.84,1.0000,-1,-1,-1
548,64,491.24,519.30,55.12,62.57,1.0000,-1,-1,-1
548,68,314.93,405.48,75.50,164.62,1.0000,-1,-1,-1
548,72,414.64,190.90,58.48,150.91,1.0000,-1,-1,-1
548,76,398.49,158.61,79.63,132.20,1.0000,-1,-1,-1
548,80,758.87,152.26,53.28,133.32,1.0000,-1,-1,-1
548,85,841.36,309.71,47.57,152.73,1.0000,-1,-1,-1
548,87,1112.23,246.61,54.82,149.56,1.0000,-1,-1,-1
548,90,598.81,290.34,64.48,155.59,1.0000,-1,-1,-1
549,12,294.80,188.57,61.92,110.57,1.0000,-1,-1,-1
549,54,910.25,367.95,65.51,165.82,1.0000,-1,-1,-1
549,64,484.53,518.52,57.28,63.58,1.0000,-1,-1,-1
549,68,318.81,408.59,73.31,164.38,1.0000,-1,-1,-1
549,72,410.28,189.52,58.40,150.71,1.0000,-1,-1,-1
549,76,396.67,157.85,79.77,132.43,1.0000,-1,-1,-1
549,80,759.08,152.68,53.38,133.57,1.0000,-1,-1,-1
549,85,838.64,308.61,47.88,152.35,1.0000,-1,-1,-1
549,87,1110.09,245.49,54.59,148.19,1.0000,-1,-1,-1
549,90,599.45,290.33,65.32,156.65,1.0000,-1,-1,-1
550,12,295.52,189.79,61.29,114.58,1.0000,-1,-1,-1
550,54,900.47,370.39,84.87,174.31,1.0000,-1,-1,-1
550,64,478.84,517.16,58.79,64.90,1.0000,-1,-1,-1
550,68,322.25,410.73,71.71,164.24,1.0000,-1,-1,-1
550,72,405.93,188.14,58.32,150.50,1.0000,-1,-1,-1
550,76,394.85,157.09,79.91,132.65,1.0000,-1,-1,-1
550,80,759.29,153.09,53.49,133.83,1.0000,-1,-1,-1
550,85,837.62,307.73,47.72,151.73,1.0000,-1,-1,-1
550,87,1107.50,243.76,54.39,148.04,1.0000,-1,-1,-1
550,90,599.74,289.14,65.89,156.69,1.0000,-1,-1,-1
551,12,295.55,191.78,61.27,114.54,1.0000,-1,-1,-1
551,54,901.52,372.29,84.98,174.52,1.0000,-1,-1,-1
551,64,475.99,515.39,59.81,66.00,1.0000,-1,-1,-1
551,68,324.54,412.18,70.63,164.11,1.0000,-1,-1,-1
551,76,393.03,156.33,80.05,132.88,1.0000,-1,-1,-1
551,80,759.49,153.51,53.59,134.09,1.0000,-1,-1,-1
551,85,836.07,306.78,48.49,151.72,1.0000,-1,-1,-1
551,87,1105.63,240.91,54.61,147.71,1.0000,-1,-1,-1
551,90,599.63,285.85,66.30,152.57,1.0000,-1,-1,-1
552,12,295.58,193.76,61.25,114.49,1.0000,-1,-1,-1
552,54,902.56,374.19,85.08,174.72,1.0000,-1,-1,-1
552,64,473.20,514.15,58.52,67.27,1.0000,-1,-1,-1
552,68,326.10,413.55,70.84,164.54,1.0000,-1,-1,-1
552,76,391.21,155.57,80.18,133.11,1.0000,-1,-1,-1
552,80,759.70,153.93,53.69,134.35,1.0000,-1,-1,-1
552,85,834.87,305.50,48.49,151.86,1.0000,-1,-1,-1
552,87,1104.17,238.42,55.72,147.84,1.0000,-1,-1,-1
552,90,599.57,286.05,66.65,151.57,1.0000,-1,-1,-1
553,12,295.61,195.74,61.22,114.45,1.0000,-1,-1,-1
553,54,903.61,376.09,85.18,174.93,1.0000,-1,-1,-1
553,64,461.41,512.38,63.34,69.25,1.0000,-1,-1,-1
553,68,325.99,414.97,71.63,165.25,1.0000,-1,-1,-1
553,76,389.39,154.81,80.32,133.34,1.0000,-1,-1,-1
553,80,759.91,154.35,53.80,134.60,1.0000,-1,-1,-1
553,85,834.18,301.86,48.46,152.46,1.0000,-1,-1,-1
553,87,1101.97,236.51,57.02,148.51,1.0000,-1,-1,-1
553,90,599.89,287.96,67.78,154.10,1.0000,-1,-1,-1
554,12,295.63,197.72,61.20,114.41,1.0000,-1,-1,-1
554,54,904.65,377.99,85.28,175.13,1.0000,-1,-1,-1
554,64,454.18,509.60,65.30,71.95,1.0000,-1,-1,-1
554,68,326.10,415.92,73.34,164.32,1.0000,-1,-1,-1
554,76,387.57,154.05,80.46,133.56,1.0000,-1,-1,-1
554,80,755.16,141.98,46.18,130.06,1.0000,-1,-1,-1
554,85,832.89,301.62,48.57,151.75,1.0000,-1,-1,-1
554,87,1100.82,234.38,57.96,148.75,1.0000,-1,-1,-1
554,90,600.32,286.32,68.64,155.69,1.0000,-1,-1,-1
555,12,295.66,199.71,61.18,114.37,1.0000,-1,-1,-1
555,54,902.82,368.12,96.03,176.08,1.0000,-1,-1,-1
555,64,450.27,507.72,65.82,73.94,1.0000,-1,-1,-1
555,68,326.77,416.17,74.42,163.92,1.0000,-1,-1,-1
555,76,385.75,153.30,80.59,133.79,1.0000,-1,-1,-1
555,80,754.85,142.36,44.81,129.20,1.0000,-1,-1,-1
555,85,832.03,300.99,48.80,151.10,1.0000,-1,-1,-1
555,87,1099.35,232.70,58.03,148.93,1.0000,-1,-1,-1
555,90,600.39,284.63,70.12,155.22,1.0000,-1,-1,-1
556,12,295.69,201.69,61.16,114.33,1.0000,-1,-1,-1
556,54,904.03,369.13,96.18,176.36,1.0000,-1,-1,-1
556,64,448.21,506.52,64.94,75.98,1.0000,-1,-1,-1
556,68,328.66,415.55,74.38,163.02,1.0000,-1,-1,-1
556,76,378.61,166.06,106.74,122.54,1.0000,-1,-1,-1
556,80,753.56,141.19,44.19,128.74,1.0000,-1,-1,-1
556,85,830.56,300.03,49.67,150.70,1.0000,-1,-1,-1
556,87,1097.88,231.03,58.10,149.11,1.0000,-1,-1,-1
556,90,601.59,283.85,70.47,155.98,1.0000,-1,-1,-1
557,12,295.72,203.67,61.13,114.28,1.0000,-1,-1,-1
557,54,905.23,370.14,96.34,176.63,1.0000,-1,-1,-1
557,64,447.37,504.59,63.21,77.41,1.0000,-1,-1,-1
557,68,331.68,414.27,73.43,162.64,1.0000,-1,-1,-1
557,76,377.16,165.70,107.02,122.86,1.0000,-1,-1,-1
557,80,750.99,141.41,44.75,128.99,1.0000,-1,-1,-1
557,85,828.56,299.63,50.02,150.15,1.0000,-1,-1,-1
557,87,1096.04,228.97,57.46,150.57,1.0000,-1,-1,-1
557,90,601.02,282.09,72.95,154.25,1.0000,-1,-1,-1
557,91,598.93,283.89,61.09,132.26,1.0000,-1,-1,-1
558,12,295.75,205.66,61.11,114.24,1.0000,-1,-1,-1
558,54,906.43,371.15,96.49,176.91,1.0000,-1,-1,-1
558,64,445.83,502.57,61.21,79.72,1.0000,-1,-1,-1
558,68,334.98,413.30,71.99,162.84,1.0000,-1,-1,-1
558,76,375.72,165.35,107.30,123.18,1.0000,-1,-1,-1
558,80,750.39,141.06,44.75,128.99,1.0000,-1,-1,-1
558,85,826.25,299.09,50.62,150.20,1.0000,-1,-1,-1
558,87,1095.03,227.36,56.61,151.17,1.0000,-1,-1,-1
558,90,601.44,281.75,75.09,153.21,1.0000,-1,-1,-1
558,91,598.87,283.85,60.12,132.10,1.0000,-1,-1,-1
559,12,295.78,207.64,61.09,114.20,1.0000,-1,-1,-1
559,54,899.30,372.35,95.17,173.80,1.0000,-1,-1,-1
559,64,444.29,500.45,57.87,81.49,1.0000,-1,-1,-1
559,68,335.95,412.00,71.90,164.71,1.0000,-1,-1,-1
559,76,374.27,164.99,107.58,123.50,1.0000,-1,-1,-1
559,80,740.88,143.79,48.69,128.74,1.0000,-1,-1,-1
559,85,823.84,298.42,51.02,151.60,1.0000,-1,-1,-1
559,87,1092.30,225.55,56.05,150.74,1.0000,-1,-1,-1
559,90,601.08,281.55,78.02,152.78,1.0000,-1,-1,-1
559,91,598.53,284.27,60.08,132.03,1.0000,-1,-1,-1
560,12,295.81,209.62,61.07,114.16,1.0000,-1,-1,-1
560,54,899.81,373.70,95.57,173.57,1.0000,-1,-1,-1
560,64,442.14,498.57,54.88,82.95,1.0000,-1,-1,-1
560,68,335.82,411.14,72.51,167.17,1.0000,-1,-1,-1
560,76,372.83,164.64,107.86,123.82,1.0000,-1,-1,-1
560,80,736.40,141.05,50.56,130.02,1.0000,-1,-1,-1
560,85,822.80,297.19,51.25,153.09,1.0000,-1,-1,-1
560,87,1088.94,224.81,55.54,150.20,1.0000,-1,-1,-1
560,90,600.69,282.78,80.22,152.72,1.0000,-1,-1,-1
560,91,598.18,284.69,60.05,131.95,1.0000,-1,-1,-1
561,12,295.84,211.60,61.04,114.12,1.0000,-1,-1,-1
561,54,899.54,375.06,95.17,174.53,1.0000,-1,-1,-1
561,64,439.32,497.47,53.34,84.89,1.0000,-1,-1,-1
561,68,335.52,410.70,73.07,169.66,1.0000,-1,-1,-1
561,76,371.39,164.29,108.14,124.13,1.0000,-1,-1,-1
561,80,732.64,140.97,52.21,128.91,1.0000,-1,-1,-1
561,85,821.37,296.54,50.87,154.48,1.0000,-1,-1,-1
561,87,1086.93,224.72,55.10,150.24,1.0000,-1,-1,-1
561,90,599.36,283.75,82.60,152.71,1.0000,-1,-1,-1
561,91,597.83,285.12,60.01,131.88,1.0000,-1,-1,-1
562,12,295.86,213.59,61.02,114.07,1.0000,-1,-1,-1
562,54,899.25,375.85,95.62,175.65,1.0000,-1,-1,-1
562,64,436.40,495.64,52.31,86.58,1.0000,-1,-1,-1
562,68,335.18,410.66,73.55,171.34,1.0000,-1,-1,-1
562,76,369.94,163.94,108.41,124.45,1.0000,-1,-1,-1
562,80,729.63,141.69,54.36,127.91,1.0000,-1,-1,-1
562,85,819.90,296.59,50.49,155.74,1.0000,-1,-1,-1
562,87,1085.08,223.29,55.12,150.31,1.0000,-1,-1,-1
562,90,593.10,285.20,87.88,151.50,1.0000,-1,-1,-1
562,91,597.48,285.54,59.98,131.80,1.0000,-1,-1,-1
563,12,295.89,215.57,61.00,114.03,1.0000,-1,-1,-1
563,54,901.10,374.99,98.24,177.09,1.0000,-1,-1,-1
563,64,432.77,494.35,51.71,87.91,1.0000,-1,-1,-1
563,68,335.20,410.72,74.21,172.37,1.0000,-1,-1,-1
563,76,368.50,163.58,108.69,124.77,1.0000,-1,-1,-1
563,80,725.33,143.52,58.04,126.64,1.0000,-1,-1,-1
563,85,818.85,296.71,50.26,157.00,1.0000,-1,-1,-1
563,87,1083.22,221.85,55.15,150.39,1.0000,-1,-1,-1
563,90,587.97,286.63,91.39,149.86,1.0000,-1,-1,-1
563,91,597.13,285.96,59.95,131.73,1.0000,-1,-1,-1
564,12,323.96,201.99,58.44,124.17,1.0000,-1,-1,-1
564,54,901.71,375.87,98.39,177.36,1.0000,-1,-1,-1
564,64,425.41,491.71,51.21,89.28,1.0000,-1,-1,-1
564,68,338.56,410.55,76.82,171.08,1.0000,-1,-1,-1
564,76,367.06,163.23,108.96,125.08,1.0000,-1,-1,-1
564,80,716.99,140.80,59.93,126.67,1.0000,-1,-1,-1
564,85,817.03,295.59,50.73,158.57,1.0000,-1,-1,-1
564,87,1081.36,220.41,55.18,150.47,1.0000,-1,-1,-1
564,90,580.36,286.89,95.47,147.85,1.0000,-1,-1,-1
564,91,596.78,286.38,59.91,131.65,1.0000,-1,-1,-1
565,12,326.12,205.54,59.75,126.08,1.0000,-1,-1,-1
565,54,902.32,376.76,98.55,177.64,1.0000,-1,-1,-1
565,64,419.99,490.42,51.26,90.87,1.0000,-1,-1,-1
565,68,339.46,409.76,78.31,167.83,1.0000,-1,-1,-1
565,76,365.62,162.88,109.23,125.40,1.0000,-1,-1,-1
565,80,708.60,138.84,61.17,127.39,1.0000,-1,-1,-1
565,85,814.26,294.42,50.68,159.12,1.0000,-1,-1,-1
565,87,1079.50,218.97,55.21,150.54,1.0000,-1,-1,-1
565,90,576.95,286.50,95.70,146.64,1.0000,-1,-1,-1
565,91,596.43,286.81,59.88,131.58,1.0000,-1,-1,-1
566,12,326.98,208.29,63.74,127.54,1.0000,-1,-1,-1
566,54,896.64,374.72,102.38,177.87,1.0000,-1,-1,-1
566,64,412.21,489.55,52.73,92.20,1.0000,-1,-1,-1
566,68,338.94,409.76,78.16,165.11,1.0000,-1,-1,-1
566,76,364.17,162.53,109.51,125.71,1.0000,-1,-1,-1
566,80,702.23,138.13,60.26,127.35,1.0000,-1,-1,-1
566,85,813.40,294.05,51.90,160.19,1.0000,-1,-1,-1
566,87,1077.65,217.53,55.24,150.62,1.0000,-1,-1,-1
566,90,573.79,285.98,96.19,146.38,1.0000,-1,-1,-1
566,91,596.09,287.23,59.85,131.50,1.0000,-1,-1,-1
567,12,327.83,212.64,71.18,126.48,1.0000,-1,-1,-1
567,54,894.50,374.06,105.24,177.37,1.0000,-1,-1,-1
567,64,408.70,488.84,52.77,93.02,1.0000,-1,-1,-1
567,68,338.15,410.02,77.73,163.01,1.0000,-1,-1,-1
567,76,362.73,162.18,109.78,126.02,1.0000,-1,-1,-1
567,80,695.71,139.45,60.60,126.35,1.0000,-1,-1,-1
567,85,811.83,293.36,52.53,160.98,1.0000,-1,-1,-1
567,87,1075.79,216.09,55.27,150.70,1.0000,-1,-1,-1
567,90,567.71,286.65,94.80,146.65,1.0000,-1,-1,-1
567,91,595.74,287.65,59.81,131.43,1.0000,-1,-1,-1
568,12,326.98,214.88,75.75,126.58,1.0000,-1,-1,-1
568,54,892.74,373.78,107.69,176.98,1.0000,-1,-1,-1
568,64,402.15,487.42,54.12,94.05,1.0000,-1,-1,-1
568,68,338.33,407.75,77.58,157.16,1.0000,-1,-1,-1
568,76,361.29,161.83,110.05,126.34,1.0000,-1,-1,-1
568,80,689.57,137.88,60.91,128.03,1.0000,-1,-1,-1
568,85,810.76,292.80,52.67,161.29,1.0000,-1,-1,-1
568,87,1073.93,214.65,55.29,150.77,1.0000,-1,-1,-1
568,90,556.55,286.87,89.86,146.98,1.0000,-1,-1,-1
568,91,595.39,288.08,59.78,131.35,1.0000,-1,-1,-1
569,12,328.85,216.83,75.83,126.71,1.0000,-1,-1,-1
569,54,886.47,373.80,105.59,176.75,1.0000,-1,-1,-1
569,64,394.62,486.08,55.44,95.96,1.0000,-1,-1,-1
569,68,337.56,407.91,78.42,153.28,1.0000,-1,-1,-1
569,76,359.85,161.48,110.32,126.65,1.0000,-1,-1,-1
569,80,681.21,139.43,59.56,128.32,1.0000,-1,-1,-1
569,85,809.16,290.76,52.13,161.23,1.0000,-1,-1,-1
569,87,1072.08,213.21,55.32,150.85,1.0000,-1,-1,-1
569,90,557.10,288.13,85.99,146.07,1.0000,-1,-1,-1
569,91,595.04,288.50,59.74,131.28,1.0000,-1,-1,-1
570,12,329.31,220.91,80.75,123.91,1.0000,-1,-1,-1
570,54,882.67,374.27,104.21,176.38,1.0000,-1,-1,-1
570,64,387.42,483.37,56.80,97.94,1.0000,-1,-1,-1
570,68,336.92,409.32,81.21,152.67,1.0000,-1,-1,-1
570,76,378.40,196.41,70.90,125.95,1.0000,-1,-1,-1
570,80,673.47,140.60,57.91,128.27,1.0000,-1,-1,-1
570,85,807.29,289.91,51.99,161.52,1.0000,-1,-1,-1
570,87,1070.22,211.77,55.35,150.93,1.0000,-1,-1,-1
570,90,554.18,290.69,81.63,145.71,1.0000,-1,-1,-1
570,91,594.69,288.92,59.71,131.21,1.0000,-1,-1,-1
571,12,335.29,221.39,75.32,121.64,1.0000,-1,-1,-1
571,54,880.06,374.68,103.80,176.35,1.0000,-1,-1,-1
571,64,383.95,481.20,57.13,99.51,1.0000,-1,-1,-1
571,68,336.96,407.98,83.95,150.10,1.0000,-1,-1,-1
571,76,382.07,199.96,65.71,132.34,1.0000,-1,-1,-1
571,80,667.88,142.70,56.37,129.74,1.0000,-1,-1,-1
571,85,806.73,289.07,51.16,161.07,1.0000,-1,-1,-1
571,87,1068.36,210.34,55.38,151.00,1.0000,-1,-1,-1
571,90,550.92,294.30,77.43,146.40,1.0000,-1,-1,-1
571,91,594.34,289.35,59.68,131.13,1.0000,-1,-1,-1
571,92,451.47,186.87,74.68,160.39,1.0000,-1,-1,-1
572,12,339.45,223.41,70.85,121.73,1.0000,-1,-1,-1
572,54,877.33,374.92,104.50,177.31,1.0000,-1,-1,-1
572,64,379.46,480.28,58.27,101.00,1.0000,-1,-1,-1
572,68,337.86,406.85,84.92,148.26,1.0000,-1,-1,-1
572,76,385.19,200.66,65.02,133.54,1.0000,-1,-1,-1
572,80,663.16,142.78,56.46,129.93,1.0000,-1,-1,-1
572,85,806.11,289.29,50.70,160.23,1.0000,-1,-1,-1
572,87,1066.50,208.90,55.41,151.08,1.0000,-1,-1,-1
572,90,547.30,297.28,74.26,148.64,1.0000,-1,-1,-1
572,91,594.00,289.77,59.64,131.06,1.0000,-1,-1,-1
572,92,452.93,191.02,72.44,151.41,1.0000,-1,-1,-1
573,12,340.35,225.25,67.90,122.59,1.0000,-1,-1,-1
573,54,873.79,375.19,103.54,178.12,1.0000,-1,-1,-1
573,64,374.56,478.06,58.69,103.12,1.0000,-1,-1,-1
573,68,340.80,405.67,84.14,147.42,1.0000,-1,-1,-1
573,76,385.51,202.33,66.39,134.68,1.0000,-1,-1,-1
573,80,660.21,147.47,54.00,130.38,1.0000,-1,-1,-1
573,85,804.72,288.34,50.39,159.36,1.0000,-1,-1,-1
573,87,1064.65,207.46,55.43,151.16,1.0000,-1,-1,-1
573,90,542.79,299.41,72.42,152.60,1.0000,-1,-1,-1
573,91,593.65,290.19,59.61,130.98,1.0000,-1,-1,-1
573,92,455.57,196.96,70.08,144.78,1.0000,-1,-1,-1
574,12,340.72,226.09,66.84,123.50,1.0000,-1,-1,-1
574,54,872.26,377.25,105.63,178.54,1.0000,-1,-1,-1
574,64,370.31,478.11,58.87,103.63,1.0000,-1,-1,-1
574,68,345.30,404.58,82.44,148.94,1.0000,-1,-1,-1
574,76,384.90,204.36,66.41,134.71,1.0000,-1,-1,-1
574,80,651.44,149.44,54.84,131.06,1.0000,-1,-1,-1
574,85,799.18,285.63,52.94,159.57,1.0000,-1,-1,-1
574,87,1062.79,206.02,55.46,151.23,1.0000,-1,-1,-1
574,90,528.82,301.72,75.62,157.17,1.0000,-1,-1,-1
574,92,461.62,209.43,64.64,145.37,1.0000,-1,-1,-1
574,94,543.36,155.13,65.86,119.43,1.0000,-1,-1,-1
575,12,340.34,225.99,65.95,123.74,1.0000,-1,-1,-1
575,54,870.86,378.35,108.33,178.24,1.0000,-1,-1,-1
575,64,363.33,477.74,61.37,104.30,1.0000,-1,-1,-1
575,68,348.91,398.25,81.08,143.69,1.0000,-1,-1,-1
575,76,384.29,206.38,66.43,134.75,1.0000,-1,-1,-1
575,80,645.66,150.34,55.89,131.12,1.0000,-1,-1,-1
575,85,796.85,284.93,54.17,159.30,1.0000,-1,-1,-1
575,87,1060.93,204.58,55.49,151.31,1.0000,-1,-1,-1
575,90,525.63,303.23,76.86,160.65,1.0000,-1,-1,-1
575,92,464.29,214.39,60.57,144.43,1.0000,-1,-1,-1
575,94,560.88,159.37,56.56,114.60,1.0000,-1,-1,-1
576,12,341.51,227.79,66.94,126.34,1.0000,-1,-1,-1
576,54,866.17,380.54,107.13,178.28,1.0000,-1,-1,-1
576,64,359.60,476.85,63.15,104.94,1.0000,-1,-1,-1
576,68,350.89,395.05,80.10,138.71,1.0000,-1,-1,-1
576,76,383.69,208.41,66.44,134.78,1.0000,-1,-1,-1
576,80,639.76,152.42,56.75,130.26,1.0000,-1,-1,-1
576,85,796.12,286.01,54.43,158.41,1.0000,-1,-1,-1
576,87,1059.07,203.14,55.52,151.39,1.0000,-1,-1,-1
576,90,522.34,303.70,78.13,162.91,1.0000,-1,-1,-1
576,92,464.19,217.08,58.73,141.22,1.0000,-1,-1,-1
576,94,569.40,157.44,53.95,115.02,1.0000,-1,-1,-1
577,12,341.89,229.19,66.27,128.10,1.0000,-1,-1,-1
577,54,863.83,382.10,105.11,178.84,1.0000,-1,-1,-1
577,64,354.94,476.92,65.21,105.38,1.0000,-1,-1,-1
577,68,351.13,391.96,79.69,131.72,1.0000,-1,-1,-1
577,76,382.70,202.68,74.22,132.04,1.0000,-1,-1,-1
577,80,634.65,155.18,58.43,128.74,1.0000,-1,-1,-1
577,85,795.33,287.03,54.40,158.40,1.0000,-1,-1,-1
577,90,518.32,303.62,79.09,163.29,1.0000,-1,-1,-1
577,92,462.53,215.42,60.25,139.92,1.0000,-1,-1,-1
577,94,572.39,154.12,58.51,119.90,1.0000,-1,-1,-1
578,12,343.88,230.15,64.90,128.42,1.0000,-1,-1,-1
578,54,867.60,382.02,110.78,177.69,1.0000,-1,-1,-1
578,64,350.92,475.73,67.03,106.47,1.0000,-1,-1,-1
578,68,349.81,390.91,80.37,125.49,1.0000,-1,-1,-1
578,76,383.25,204.39,79.29,132.05,1.0000,-1,-1,-1
578,80,627.65,157.96,60.71,126.40,1.0000,-1,-1,-1
578,85,793.55,288.33,55.37,158.83,1.0000,-1,-1,-1
578,90,514.37,302.79,77.51,163.35,1.0000,-1,-1,-1
578,92,464.99,210.31,59.56,131.11,1.0000,-1,-1,-1
578,94,571.44,152.22,62.49,123.98,1.0000,-1,-1,-1
578,96,458.53,53.86,46.23,142.00,1.0000,-1,-1,-1
579,12,341.01,225.76,64.78,132.08,1.0000,-1,-1,-1
579,54,866.08,384.36,114.80,177.83,1.0000,-1,-1,-1
579,64,347.23,474.81,68.42,107.51,1.0000,-1,-1,-1
579,68,348.12,391.31,80.86,123.10,1.0000,-1,-1,-1
579,76,383.19,205.64,79.38,132.19,1.0000,-1,-1,-1
579,80,599.39,155.89,77.28,127.90,1.0000,-1,-1,-1
579,85,794.15,289.13,59.63,159.07,1.0000,-1,-1,-1
579,90,510.36,303.75,77.79,163.95,1.0000,-1,-1,-1
579,92,466.24,211.37,58.61,129.01,1.0000,-1,-1,-1
579,94,580.43,152.04,62.04,123.10,1.0000,-1,-1,-1
579,96,445.16,48.76,50.91,147.86,1.0000,-1,-1,-1
580,12,336.19,219.85,65.91,136.42,1.0000,-1,-1,-1
580,54,866.96,383.64,116.80,177.80,1.0000,-1,-1,-1
580,64,344.95,473.87,69.53,108.73,1.0000,-1,-1,-1
580,68,345.95,390.45,81.36,120.54,1.0000,-1,-1,-1
580,76,410.88,209.42,75.42,124.53,1.0000,-1,-1,-1
580,80,597.30,154.93,82.32,129.55,1.0000,-1,-1,-1
580,85,793.77,289.98,64.66,159.46,1.0000,-1,-1,-1
580,90,506.36,304.72,78.07,164.54,1.0000,-1,-1,-1
580,92,467.49,212.44,57.64,126.88,1.0000,-1,-1,-1
580,94,589.42,151.86,61.59,122.21,1.0000,-1,-1,-1
580,96,434.01,51.18,54.65,147.25,1.0000,-1,-1,-1
581,12,336.64,220.73,65.95,136.52,1.0000,-1,-1,-1
581,54,866.39,383.79,118.38,179.14,1.0000,-1,-1,-1
581,64,344.59,472.77,69.86,109.90,1.0000,-1,-1,-1
581,68,345.04,390.36,82.18,119.54,1.0000,-1,-1,-1
581,76,418.62,212.47,74.37,120.37,1.0000,-1,-1,-1
581,80,596.78,155.44,90.19,133.86,1.0000,-1,-1,-1
581,85,792.78,290.68,70.75,160.14,1.0000,-1,-1,-1
581,90,486.66,240.94,80.08,197.33,1.0000,-1,-1,-1
581,92,468.74,213.53,56.66,124.71,1.0000,-1,-1,-1
581,94,598.41,151.69,61.14,121.31,1.0000,-1,-1,-1
581,96,422.82,55.33,59.97,143.94,1.0000,-1,-1,-1
582,12,337.09,221.60,66.00,136.61,1.0000,-1,-1,-1
582,54,867.46,383.34,118.54,179.60,1.0000,-1,-1,-1
582,64,344.33,472.68,70.21,110.44,1.0000,-1,-1,-1
582,68,344.03,389.16,82.78,118.63,1.0000,-1,-1,-1
582,76,421.30,213.64,74.38,120.40,1.0000,-1,-1,-1
582,80,612.04,158.24,85.52,134.63,1.0000,-1,-1,-1
582,85,791.04,291.47,75.45,160.24,1.0000,-1,-1,-1
582,90,484.65,221.61,76.10,216.41,1.0000,-1,-1,-1
582,92,470.01,214.64,55.65,122.51,1.0000,-1,-1,-1
582,94,585.87,146.90,56.92,116.27,1.0000,-1,-1,-1
582,96,412.16,61.38,63.14,139.15,1.0000,-1,-1,-1
583,12,322.74,202.51,69.56,145.78,1.0000,-1,-1,-1
583,54,868.35,382.91,118.42,179.56,1.0000,-1,-1,-1
583,64,344.75,472.03,70.43,111.12,1.0000,-1,-1,-1
583,68,342.75,387.96,83.14,118.73,1.0000,-1,-1,-1
583,76,423.98,214.81,74.40,120.42,1.0000,-1,-1,-1
583,80,620.54,159.05,80.42,134.31,1.0000,-1,-1,-1
583,85,789.14,292.51,79.14,159.95,1.0000,-1,-1,-1
583,90,488.07,207.94,70.77,231.63,1.0000,-1,-1,-1
583,92,471.29,215.77,54.63,120.26,1.0000,-1,-1,-1
583,94,582.97,145.88,57.27,115.71,1.0000,-1,-1,-1
583,96,400.66,65.19,67.19,137.02,1.0000,-1,-1,-1
584,12,322.08,202.05,69.64,145.94,1.0000,-1,-1,-1
584,54,869.36,382.57,118.27,179.01,1.0000,-1,-1,-1
584,64,347.28,472.09,70.66,111.31,1.0000,-1,-1,-1
584,68,343.07,386.01,83.06,118.62,1.0000,-1,-1,-1
584,76,426.66,215.98,74.42,120.45,1.0000,-1,-1,-1
584,80,630.93,161.80,75.21,133.35,1.0000,-1,-1,-1
584,85,786.76,293.96,81.63,158.59,1.0000,-1,-1,-1
584,90,483.40,203.75,71.11,232.73,1.0000,-1,-1,-1
584,92,472.58,216.92,53.60,117.98,1.0000,-1,-1,-1
584,94,580.07,145.58,66.31,119.66,1.0000,-1,-1,-1
584,96,390.93,66.17,71.30,136.87,1.0000,-1,-1,-1
585,12,317.53,203.21,73.13,145.34,1.0000,-1,-1,-1
585,54,870.20,383.33,118.36,178.69,1.0000,-1,-1,-1
585,64,350.06,471.92,70.99,111.71,1.0000,-1,-1,-1
585,68,343.40,384.05,82.99,118.51,1.0000,-1,-1,-1
585,76,429.34,217.15,74.43,120.48,1.0000,-1,-1,-1
585,80,639.22,165.83,72.46,133.85,1.0000,-1,-1,-1
585,85,785.00,295.31,82.12,157.04,1.0000,-1,-1,-1
585,90,478.74,199.56,71.44,233.82,1.0000,-1,-1,-1
585,92,473.87,218.09,52.54,115.64,1.0000,-1,-1,-1
585,94,576.91,141.14,65.54,123.78,1.0000,-1,-1,-1
585,96,385.46,70.93,73.51,133.16,1.0000,-1,-1,-1
586,12,316.68,202.85,73.22,145.53,1.0000,-1,-1,-1
586,54,871.55,384.52,117.95,178.64,1.0000,-1,-1,-1
586,64,351.67,474.55,71.75,110.21,1.0000,-1,-1,-1
586,68,343.08,386.81,82.75,119.55,1.0000,-1,-1,-1
586,76,432.02,218.32,74.45,120.50,1.0000,-1,-1,-1
586,80,647.54,170.62,71.37,135.59,1.0000,-1,-1,-1
586,85,785.42,297.30,82.05,156.49,1.0000,-1,-1,-1
586,90,487.25,261.76,61.99,211.54,1.0000,-1,-1,-1
586,92,475.18,219.29,51.45,113.26,1.0000,-1,-1,-1
586,94,580.46,139.94,65.52,123.74,1.0000,-1,-1,-1
586,96,383.26,72.03,74.40,130.28,1.0000,-1,-1,-1
587,12,315.83,202.49,73.32,145.71,1.0000,-1,-1,-1
587,54,873.53,386.01,117.67,178.64,1.0000,-1,-1,-1
587,64,353.27,476.34,73.06,108.71,1.0000,-1,-1,-1
587,68,343.71,385.91,82.67,121.06,1.0000,-1,-1,-1
587,76,434.70,219.49,74.46,120.53,1.0000,-1,-1,-1
587,80,647.43,172.28,71.55,135.92,1.0000,-1,-1,-1
587,85,786.35,298.42,81.07,156.03,1.0000,-1,-1,-1
587,90,485.10,280.25,57.63,199.67,1.0000,-1,-1,-1
587,92,476.50,220.51,50.35,110.83,1.0000,-1,-1,-1
587,94,584.01,138.73,65.50,123.71,1.0000,-1,-1,-1
587,96,381.79,72.26,75.27,128.99,1.0000,-1,-1,-1
588,12,314.98,202.13,73.41,145.90,1.0000,-1,-1,-1
588,54,875.64,387.80,117.32,179.28,1.0000,-1,-1,-1
588,64,356.77,477.75,73.58,107.38,1.0000,-1,-1,-1
588,68,344.01,384.52,82.61,120.96,1.0000,-1,-1,-1
588,76,437.38,220.66,74.48,120.55,1.0000,-1,-1,-1
588,80,669.17,179.75,79.61,138.71,1.0000,-1,-1,-1
588,85,787.39,298.77,80.14,155.73,1.0000,-1,-1,-1
588,90,481.18,281.95,57.77,200.13,1.0000,-1,-1,-1
588,92,477.83,221.76,49.22,108.34,1.0000,-1,-1,-1
588,94,587.57,137.53,65.48,123.68,1.0000,-1,-1,-1
588,96,381.36,73.52,75.39,128.35,1.0000,-1,-1,-1
589,12,305.07,202.83,78.25,144.05,1.0000,-1,-1,-1
589,54,881.20,389.99,115.84,179.28,1.0000,-1,-1,-1
589,64,362.19,478.93,73.83,106.10,1.0000,-1,-1,-1
589,68,344.30,383.12,82.54,120.86,1.0000,-1,-1,-1
589,76,440.09,219.02,68.83,127.55,1.0000,-1,-1,-1
589,80,683.25,187.40,88.09,137.45,1.0000,-1,-1,-1
589,85,786.97,298.95,80.38,156.18,1.0000,-1,-1,-1
589,90,480.97,294.98,68.45,188.98,1.0000,-1,-1,-1
589,92,479.18,223.04,48.06,105.80,1.0000,-1,-1,-1
589,94,591.12,136.32,65.47,123.64,1.0000,-1,-1,-1
589,96,381.88,74.47,74.75,127.47,1.0000,-1,-1,-1
590,12,302.04,203.17,80.67,142.48,1.0000,-1,-1,-1
590,54,885.42,391.02,114.60,179.25,1.0000,-1,-1,-1
590,64,366.11,478.33,73.60,105.97,1.0000,-1,-1,-1
590,68,350.29,389.94,81.28,128.72,1.0000,-1,-1,-1
590,76,443.69,214.56,65.39,118.03,1.0000,-1,-1,-1
590,80,693.03,192.08,94.46,135.79,1.0000,-1,-1,-1
590,85,803.81,299.48,71.00,156.23,1.0000,-1,-1,-1
590,90,477.79,297.10,68.65,189.54,1.0000,-1,-1,-1
590,92,480.53,224.36,46.88,103.19,1.0000,-1,-1,-1
590,94,594.67,135.12,65.45,123.61,1.0000,-1,-1,-1
590,96,382.01,73.53,75.17,128.49,1.0000,-1,-1,-1
591,12,298.32,204.25,81.10,142.23,1.0000,-1,-1,-1
591,54,888.58,391.98,113.57,179.41,1.0000,-1,-1,-1
591,64,370.53,480.10,72.39,104.95,1.0000,-1,-1,-1
591,68,351.78,391.89,81.17,134.72,1.0000,-1,-1,-1
591,76,446.16,214.98,65.34,117.95,1.0000,-1,-1,-1
591,80,698.91,195.91,98.04,133.51,1.0000,-1,-1,-1
591,85,807.46,299.52,67.00,156.65,1.0000,-1,-1,-1
591,90,474.61,299.23,68.86,190.11,1.0000,-1,-1,-1
591,92,481.91,225.70,45.66,100.51,1.0000,-1,-1,-1
591,94,598.23,133.91,65.43,123.58,1.0000,-1,-1,-1
591,96,382.74,79.40,75.19,125.58,1.0000,-1,-1,-1
592,12,296.43,205.84,80.55,142.50,1.0000,-1,-1,-1
592,54,893.39,393.30,111.54,179.73,1.0000,-1,-1,-1
592,64,374.62,482.70,71.08,103.27,1.0000,-1,-1,-1
592,68,352.54,391.94,81.14,134.68,1.0000,-1,-1,-1
592,76,448.63,215.41,65.30,117.86,1.0000,-1,-1,-1
592,80,706.04,199.54,96.95,131.99,1.0000,-1,-1,-1
592,85,802.82,300.28,68.32,157.67,1.0000,-1,-1,-1
592,90,471.44,301.35,69.06,190.67,1.0000,-1,-1,-1
592,92,483.30,227.08,44.41,97.76,1.0000,-1,-1,-1
592,94,601.78,132.71,65.41,123.54,1.0000,-1,-1,-1
592,96,383.80,95.91,75.38,114.67,1.0000,-1,-1,-1
592,98,577.14,201.28,92.60,159.97,1.0000,-1,-1,-1
592,99,529.05,134.64,63.10,127.36,1.0000,-1,-1,-1
593,12,294.68,206.50,80.35,142.12,1.0000,-1,-1,-1
593,54,897.17,395.44,109.98,179.93,1.0000,-1,-1,-1
593,64,378.62,485.79,70.23,100.56,1.0000,-1,-1,-1
593,68,357.16,392.75,80.18,139.92,1.0000,-1,-1,-1
593,76,451.11,215.84,65.25,117.78,1.0000,-1,-1,-1
593,80,711.67,202.88,94.95,131.19,1.0000,-1,-1,-1
593,85,796.32,302.48,71.63,158.11,1.0000,-1,-1,-1
593,90,468.26,303.48,69.27,191.23,1.0000,-1,-1,-1
593,92,484.71,228.50,43.13,94.93,1.0000,-1,-1,-1
593,94,605.34,131.50,65.40,123.51,1.0000,-1,-1,-1
593,96,385.23,82.54,75.74,120.79,1.0000,-1,-1,-1
593,98,577.82,203.18,97.89,161.78,1.0000,-1,-1,-1
593,99,534.34,135.13,58.20,124.95,1.0000,-1,-1,-1
594,12,294.18,209.65,78.71,140.54,1.0000,-1,-1,-1
594,54,903.14,398.43,107.98,179.95,1.0000,-1,-1,-1
594,64,386.13,487.63,68.01,98.77,1.0000,-1,-1,-1
594,68,358.20,393.09,80.16,139.89,1.0000,-1,-1,-1
594,76,453.58,216.26,65.20,117.69,1.0000,-1,-1,-1
594,80,718.61,205.26,91.69,131.37,1.0000,-1,-1,-1
594,85,792.39,304.13,75.26,158.60,1.0000,-1,-1,-1
594,90,490.25,302.29,64.42,184.20,1.0000,-1,-1,-1
594,94,608.89,130.30,65.38,123.48,1.0000,-1,-1,-1
594,96,386.82,90.51,78.36,117.72,1.0000,-1,-1,-1
594,98,581.42,203.05,112.24,166.04,1.0000,-1,-1,-1
594,99,532.54,135.56,56.80,124.27,1.0000,-1,-1,-1
595,12,291.46,212.09,78.48,138.67,1.0000,-1,-1,-1
595,54,907.19,400.83,106.20,179.51,1.0000,-1,-1,-1
595,64,390.95,489.76,66.11,96.78,1.0000,-1,-1,-1
595,68,359.25,393.42,80.15,139.87,1.0000,-1,-1,-1
595,76,456.05,216.69,65.16,117.61,1.0000,-1,-1,-1
595,80,722.46,205.73,89.69,132.53,1.0000,-1,-1,-1
595,85,807.76,306.06,68.28,158.64,1.0000,-1,-1,-1
595,90,492.85,305.02,62.17,181.61,1.0000,-1,-1,-1
595,94,612.44,129.09,65.36,123.44,1.0000,-1,-1,-1
595,96,386.74,86.39,83.01,121.48,1.0000,-1,-1,-1
595,98,583.65,204.80,122.98,164.84,1.0000,-1,-1,-1
595,99,519.86,116.98,64.52,142.09,1.0000,-1,-1,-1
596,12,288.80,214.28,78.71,136.49,1.0000,-1,-1,-1
596,54,911.01,403.22,103.65,178.94,1.0000,-1,-1,-1
596,64,394.28,491.74,65.15,94.91,1.0000,-1,-1,-1
596,68,360.30,393.76,80.14,139.84,1.0000,-1,-1,-1
596,76,458.52,217.11,65.11,117.53,1.0000,-1,-1,-1
596,80,724.57,203.77,88.13,133.38,1.0000,-1,-1,-1
596,85,815.24,307.57,63.04,158.87,1.0000,-1,-1,-1
596,90,494.38,306.43,61.39,179.86,1.0000,-1,-1,-1
596,94,616.00,127.89,65.34,123.41,1.0000,-1,-1,-1
596,96,387.56,91.98,86.48,119.54,1.0000,-1,-1,-1
596,98,589.61,207.22,128.29,161.62,1.0000,-1,-1,-1
596,99,519.55,125.34,62.89,136.02,1.0000,-1,-1,-1
597,12,287.82,217.56,78.59,134.55,1.0000,-1,-1,-1
597,54,913.88,404.85,101.97,178.43,1.0000,-1,-1,-1
597,64,396.96,493.09,64.62,93.58,1.0000,-1,-1,-1
597,68,366.31,395.23,79.03,148.82,1.0000,-1,-1,-1
597,76,460.99,217.54,65.06,117.44,1.0000,-1,-1,-1
597,80,724.57,201.65,86.76,132.73,1.0000,-1,-1,-1
597,85,819.58,309.76,59.25,158.75,1.0000,-1,-1,-1
597,90,495.24,308.66,62.46,177.76,1.0000,-1,-1,-1
597,94,619.55,126.68,65.33,123.38,1.0000,-1,-1,-1
597,96,388.38,93.92,89.25,119.30,1.0000,-1,-1,-1
597,98,595.88,211.13,127.20,156.04,1.0000,-1,-1,-1
597,99,512.52,109.59,65.88,144.21,1.0000,-1,-1,-1
598,12,287.24,220.37,79.25,133.09,1.0000,-1,-1,-1
598,54,916.34,406.82,100.91,178.08,1.0000,-1,-1,-1
598,64,398.74,494.22,64.43,91.97,1.0000,-1,-1,-1
598,68,367.47,392.99,78.97,152.91,1.0000,-1,-1,-1
598,76,463.46,217.97,65.02,117.36,1.0000,-1,-1,-1
598,80,720.55,199.72,89.21,133.32,1.0000,-1,-1,-1
598,85,822.41,311.32,56.51,158.67,1.0000,-1,-1,-1
598,90,496.87,312.70,63.62,177.30,1.0000,-1,-1,-1
598,94,623.10,125.48,65.31,123.35,1.0000,-1,-1,-1
598,96,389.03,95.53,91.97,119.49,1.0000,-1,-1,-1
598,98,606.61,214.90,123.88,152.10,1.0000,-1,-1,-1
598,99,508.12,104.54,66.99,147.34,1.0000,-1,-1,-1
599,12,287.36,223.81,79.00,131.97,1.0000,-1,-1,-1
599,54,918.04,410.26,99.59,177.74,1.0000,-1,-1,-1
599,64,403.06,497.02,63.89,88.85,1.0000,-1,-1,-1
599,68,366.79,395.11,78.36,153.30,1.0000,-1,-1,-1
599,76,461.39,232.86,68.31,129.49,1.0000,-1,-1,-1
599,80,720.64,197.99,89.72,134.10,1.0000,-1,-1,-1
599,85,822.61,314.48,55.18,158.99,1.0000,-1,-1,-1
599,90,500.86,319.50,68.47,177.83,1.0000,-1,-1,-1
599,94,626.66,124.27,65.29,123.31,1.0000,-1,-1,-1
599,96,389.09,97.71,95.45,120.70,1.0000,-1,-1,-1
599,98,616.37,220.42,116.96,147.89,1.0000,-1,-1,-1
599,99,499.64,120.75,68.05,134.65,1.0000,-1,-1,-1
600,12,283.57,226.61,80.18,131.74,1.0000,-1,-1,-1
600,54,919.34,413.26,98.66,177.78,1.0000,-1,-1,-1
600,64,406.33,499.18,62.98,86.52,1.0000,-1,-1,-1
600,68,366.41,401.01,77.31,151.26,1.0000,-1,-1,-1
600,76,461.16,234.14,69.71,138.39,1.0000,-1,-1,-1
600,80,722.23,198.51,89.12,134.12,1.0000,-1,-1,-1
600,85,823.53,316.49,54.37,159.61,1.0000,-1,-1,-1
600,90,501.00,325.00,72.61,176.19,1.0000,-1,-1,-1
600,94,630.21,123.07,65.27,123.28,1.0000,-1,-1,-1
600,96,388.44,96.70,97.84,123.23,1.0000,-1,-1,-1
600,98,620.89,222.68,114.78,146.87,1.0000,-1,-1,-1
600,99,494.32,131.06,69.60,126.50,1.0000,-1,-1,-1
601,12,279.62,228.85,81.67,132.06,1.0000,-1,-1,-1
601,54,920.59,416.29,98.46,177.89,1.0000,-1,-1,-1
601,64,408.28,502.03,62.22,83.85,1.0000,-1,-1,-1
601,68,366.28,402.08,76.03,151.87,1.0000,-1,-1,-1
601,76,459.93,233.92,69.23,142.84,1.0000,-1,-1,-1
601,80,721.82,199.20,89.13,133.60,1.0000,-1,-1,-1
601,85,824.59,318.04,53.53,159.67,1.0000,-1,-1,-1
601,90,501.57,328.53,75.00,174.64,1.0000,-1,-1,-1
601,96,387.07,100.76,96.59,122.31,1.0000,-1,-1,-1
601,98,623.31,223.03,116.26,147.86,1.0000,-1,-1,-1
601,99,492.23,136.21,71.51,121.52,1.0000,-1,-1,-1
602,12,276.08,230.55,83.56,132.23,1.0000,-1,-1,-1
602,54,921.87,419.00,98.18,178.57,1.0000,-1,-1,-1
602,64,411.08,506.03,60.91,80.70,1.0000,-1,-1,-1
602,68,366.44,403.76,75.82,151.64,1.0000,-1,-1,-1
602,76,457.95,229.15,67.98,139.23,1.0000,-1,-1,-1
602,80,727.68,200.59,85.40,133.35,1.0000,-1,-1,-1
602,85,825.65,319.41,53.56,159.75,1.0000,-1,-1,-1
602,90,499.17,330.80,77.99,175.22,1.0000,-1,-1,-1
602,96,385.96,101.94,97.48,123.44,1.0000,-1,-1,-1
602,98,624.45,222.35,119.52,150.16,1.0000,-1,-1,-1
602,99,490.07,141.22,73.09,116.61,1.0000,-1,-1,-1
603,12,269.11,231.38,84.90,132.76,1.0000,-1,-1,-1
603,54,922.87,421.60,97.92,179.38,1.0000,-1,-1,-1
603,64,413.89,508.50,60.16,78.29,1.0000,-1,-1,-1
603,68,363.89,407.22,75.59,151.95,1.0000,-1,-1,-1
603,76,457.38,228.90,65.44,140.13,1.0000,-1,-1,-1
603,80,729.86,195.03,81.84,134.09,1.0000,-1,-1,-1
603,85,828.48,321.28,51.82,161.93,1.0000,-1,-1,-1
603,90,501.09,331.60,77.28,175.55,1.0000,-1,-1,-1
603,96,384.86,103.12,98.37,124.56,1.0000,-1,-1,-1
603,98,626.23,220.44,125.36,153.69,1.0000,-1,-1,-1
603,99,486.66,145.32,75.65,113.61,1.0000,-1,-1,-1
604,12,257.74,232.94,83.75,133.91,1.0000,-1,-1,-1
604,54,923.19,425.84,97.02,181.37,1.0000,-1,-1,-1
604,64,417.75,512.29,59.40,75.20,1.0000,-1,-1,-1
604,68,361.62,410.02,75.31,154.21,1.0000,-1,-1,-1
604,76,454.39,232.06,64.27,144.82,1.0000,-1,-1,-1
604,80,732.33,189.53,79.08,137.81,1.0000,-1,-1,-1
604,85,831.02,320.08,50.97,160.35,1.0000,-1,-1,-1
604,90,501.38,331.93,76.45,176.97,1.0000,-1,-1,-1
604,96,395.22,85.76,91.47,133.52,1.0000,-1,-1,-1
604,98,631.43,221.29,126.43,155.01,1.0000,-1,-1,-1
604,99,483.31,145.94,75.91,114.01,1.0000,-1,-1,-1
605,12,249.51,234.73,82.21,135.75,1.0000,-1,-1,-1
605,54,923.26,428.12,96.36,182.72,1.0000,-1,-1,-1
605,64,420.44,515.64,58.89,72.02,1.0000,-1,-1,-1
605,68,359.86,411.01,75.43,156.05,1.0000,-1,-1,-1
605,76,452.22,229.48,63.39,140.98,1.0000,-1,-1,-1
605,80,734.22,190.76,78.23,143.92,1.0000,-1,-1,-1
605,85,831.15,324.56,50.74,161.98,1.0000,-1,-1,-1
605,90,502.66,332.39,75.99,177.52,1.0000,-1,-1,-1
605,96,401.58,82.76,86.26,139.62,1.0000,-1,-1,-1
605,98,649.59,217.54,102.31,152.35,1.0000,-1,-1,-1
605,99,479.97,146.56,76.18,114.40,1.0000,-1,-1,-1
606,12,242.29,234.96,78.47,137.43,1.0000,-1,-1,-1
606,54,923.15,430.55,95.93,183.48,1.0000,-1,-1,-1
606,64,422.74,516.82,58.75,71.85,1.0000,-1,-1,-1
606,68,359.23,411.95,75.27,158.55,1.0000,-1,-1,-1
606,76,450.33,230.51,61.71,137.12,1.0000,-1,-1,-1
606,80,734.26,195.46,76.22,145.19,1.0000,-1,-1,-1
606,85,831.39,325.93,50.49,163.81,1.0000,-1,-1,-1
606,90,506.24,332.89,75.37,177.44,1.0000,-1,-1,-1
606,96,407.34,81.63,82.44,144.92,1.0000,-1,-1,-1
606,98,660.41,215.50,86.04,151.90,1.0000,-1,-1,-1
606,99,476.63,147.18,76.44,114.80,1.0000,-1,-1,-1
607,12,235.44,236.18,73.03,138.27,1.0000,-1,-1,-1
607,54,922.58,431.63,95.68,183.12,1.0000,-1,-1,-1
607,64,425.05,518.01,58.61,71.68,1.0000,-1,-1,-1
607,68,357.78,414.34,74.96,159.47,1.0000,-1,-1,-1
607,76,448.27,232.24,60.94,133.58,1.0000,-1,-1,-1
607,80,736.20,196.31,76.40,145.52,1.0000,-1,-1,-1
607,85,831.40,327.11,51.05,164.88,1.0000,-1,-1,-1
607,90,506.42,333.74,75.93,178.22,1.0000,-1,-1,-1
607,96,407.66,81.64,83.08,146.03,1.0000,-1,-1,-1
607,98,670.02,210.42,75.35,149.10,1.0000,-1,-1,-1
607,99,473.29,147.80,76.70,115.19,1.0000,-1,-1,-1
608,12,229.21,237.58,67.48,139.11,1.0000,-1,-1,-1
608,54,922.17,432.90,95.33,181.54,1.0000,-1,-1,-1
608,64,430.16,521.73,55.39,65.90,1.0000,-1,-1,-1
608,68,356.46,415.17,75.15,161.01,1.0000,-1,-1,-1
608,76,446.15,237.48,61.47,135.02,1.0000,-1,-1,-1
608,80,732.23,199.01,72.14,144.68,1.0000,-1,-1,-1
608,85,829.55,328.73,52.41,165.50,1.0000,-1,-1,-1
608,90,514.13,333.47,72.36,179.33,1.0000,-1,-1,-1
608,96,407.97,81.65,83.70,147.13,1.0000,-1,-1,-1
608,98,677.50,207.79,68.91,147.27,1.0000,-1,-1,-1
608,99,470.93,154.69,85.62,115.40,1.0000,-1,-1,-1
609,12,219.14,241.07,63.87,139.42,1.0000,-1,-1,-1
609,54,920.05,437.73,94.43,180.24,1.0000,-1,-1,-1
609,64,435.87,525.29,53.20,62.08,1.0000,-1,-1,-1
609,68,354.83,417.27,75.19,162.72,1.0000,-1,-1,-1
609,76,444.11,245.84,65.82,136.71,1.0000,-1,-1,-1
609,80,733.48,199.99,72.28,144.97,1.0000,-1,-1,-1
609,85,829.99,333.61,53.90,164.68,1.0000,-1,-1,-1
609,90,522.69,333.39,68.12,179.73,1.0000,-1,-1,-1
609,96,403.23,102.57,75.76,141.87,1.0000,-1,-1,-1
609,98,683.42,204.32,64.50,144.79,1.0000,-1,-1,-1
609,99,468.04,154.96,89.41,116.67,1.0000,-1,-1,-1
610,12,211.26,245.41,61.54,139.63,1.0000,-1,-1,-1
610,54,918.95,441.11,93.64,178.75,1.0000,-1,-1,-1
610,64,438.53,526.55,52.98,61.81,1.0000,-1,-1,-1
610,68,353.89,418.76,74.84,163.74,1.0000,-1,-1,-1
610,76,440.08,249.35,69.03,139.82,1.0000,-1,-1,-1
610,80,734.73,200.97,72.42,145.26,1.0000,-1,-1,-1
610,85,829.24,336.89,55.39,163.49,1.0000,-1,-1,-1
610,90,527.17,333.03,64.74,179.63,1.0000,-1,-1,-1
610,96,402.86,104.21,76.20,142.69,1.0000,-1,-1,-1
610,98,686.33,203.34,64.28,147.07,1.0000,-1,-1,-1
610,99,467.65,155.36,90.40,118.02,1.0000,-1,-1,-1
611,12,203.24,250.19,62.04,139.53,1.0000,-1,-1,-1
611,54,918.07,444.51,92.94,177.90,1.0000,-1,-1,-1
611,64,441.18,527.81,52.75,61.54,1.0000,-1,-1,-1
611,68,352.90,419.44,75.03,164.62,1.0000,-1,-1,-1
611,76,438.56,251.57,72.33,140.78,1.0000,-1,-1,-1
611,80,735.98,201.95,72.57,145.54,1.0000,-1,-1,-1
611,85,827.52,340.24,56.92,163.21,1.0000,-1,-1,-1
611,90,530.68,332.26,62.53,179.39,1.0000,-1,-1,-1
611,96,403.13,112.02,71.63,139.32,1.0000,-1,-1,-1
611,98,687.71,202.70,66.21,149.18,1.0000,-1,-1,-1
611,99,465.92,156.74,91.21,119.12,1.0000,-1,-1,-1
612,12,196.68,254.50,63.56,138.66,1.0000,-1,-1,-1
612,54,917.25,446.74,92.42,175.85,1.0000,-1,-1,-1
612,64,443.83,529.07,52.51,61.27,1.0000,-1,-1,-1
612,68,353.14,421.42,77.12,164.23,1.0000,-1,-1,-1
612,76,436.19,250.62,75.70,139.79,1.0000,-1,-1,-1
612,80,737.23,202.93,72.71,145.83,1.0000,-1,-1,-1
612,85,826.83,342.26,59.00,163.34,1.0000,-1,-1,-1
612,90,532.77,333.15,61.27,178.97,1.0000,-1,-1,-1
612,96,403.15,109.26,69.34,142.59,1.0000,-1,-1,-1
612,98,686.92,201.33,68.13,150.05,1.0000,-1,-1,-1
612,99,465.59,156.18,90.72,120.83,1.0000,-1,-1,-1
613,12,186.55,258.33,68.51,139.05,1.0000,-1,-1,-1
613,54,916.34,450.12,92.28,173.02,1.0000,-1,-1,-1
613,64,446.49,530.34,52.28,61.00,1.0000,-1,-1,-1
613,68,353.00,423.72,79.54,162.65,1.0000,-1,-1,-1
613,76,433.56,254.50,77.12,139.01,1.0000,-1,-1,-1
613,80,738.48,203.92,72.85,146.12,1.0000,-1,-1,-1
613,85,824.80,345.70,59.22,163.33,1.0000,-1,-1,-1
613,90,534.22,334.94,60.12,178.74,1.0000,-1,-1,-1
613,96,403.32,107.31,68.91,145.69,1.0000,-1,-1,-1
613,98,685.74,199.93,70.24,151.44,1.0000,-1,-1,-1
613,99,465.65,154.45,89.47,123.92,1.0000,-1,-1,-1
614,12,174.03,264.07,74.43,140.57,1.0000,-1,-1,-1
614,54,915.99,453.74,92.08,169.33,1.0000,-1,-1,-1
614,64,449.14,531.60,52.05,60.73,1.0000,-1,-1,-1
614,68,353.02,428.74,81.57,158.40,1.0000,-1,-1,-1
614,76,429.16,256.70,77.06,137.75,1.0000,-1,-1,-1
614,80,739.73,204.90,72.99,146.40,1.0000,-1,-1,-1
614,85,822.54,350.33,59.72,163.42,1.0000,-1,-1,-1
614,90,535.36,341.15,59.99,177.80,1.0000,-1,-1,-1
614,96,402.62,106.35,70.46,150.27,1.0000,-1,-1,-1
614,98,683.92,200.25,70.62,153.46,1.0000,-1,-1,-1
614,99,464.24,154.59,88.50,127.84,1.0000,-1,-1,-1
615,12,165.60,268.42,78.66,140.66,1.0000,-1,-1,-1
615,54,915.98,457.08,91.90,166.34,1.0000,-1,-1,-1
615,64,451.80,532.86,51.81,60.46,1.0000,-1,-1,-1
615,68,351.35,430.62,81.64,156.09,1.0000,-1,-1,-1
615,76,427.87,258.81,77.10,138.00,1.0000,-1,-1,-1
615,80,740.98,205.88,73.14,146.69,1.0000,-1,-1,-1
615,85,821.68,353.75,59.62,162.26,1.0000,-1,-1,-1
615,90,536.69,345.68,61.14,176.60,1.0000,-1,-1,-1
615,96,401.53,105.45,70.21,153.40,1.0000,-1,-1,-1
615,98,687.61,200.55,69.86,151.83,1.0000,-1,-1,-1
615,99,461.82,159.65,88.87,128.50,1.0000,-1,-1,-1
616,12,158.96,271.07,79.26,140.73,1.0000,-1,-1,-1
616,54,916.51,459.58,91.04,163.57,1.0000,-1,-1,-1
616,64,454.46,534.12,51.58,60.18,1.0000,-1,-1,-1
616,68,350.10,432.35,81.17,153.86,1.0000,-1,-1,-1
616,76,426.53,260.03,77.26,139.75,1.0000,-1,-1,-1
616,80,742.23,206.86,73.28,146.97,1.0000,-1,-1,-1
616,85,821.84,358.11,57.68,162.53,1.0000,-1,-1,-1
616,90,537.54,349.75,61.61,175.53,1.0000,-1,-1,-1
616,96,400.60,108.38,69.01,153.37,1.0000,-1,-1,-1
616,98,691.30,200.86,69.10,150.17,1.0000,-1,-1,-1
616,99,460.23,162.89,89.00,128.87,1.0000,-1,-1,-1
617,12,153.40,272.55,79.20,141.51,1.0000,-1,-1,-1
617,54,917.23,461.47,90.33,161.05,1.0000,-1,-1,-1
617,64,457.11,535.39,51.34,59.90,1.0000,-1,-1,-1
617,68,349.24,437.06,79.80,149.76,1.0000,-1,-1,-1
617,76,424.09,260.34,76.89,143.31,1.0000,-1,-1,-1
617,80,743.48,207.85,73.42,147.26,1.0000,-1,-1,-1
617,85,821.65,360.41,56.65,162.65,1.0000,-1,-1,-1
617,90,539.82,352.80,63.68,175.64,1.0000,-1,-1,-1
617,96,400.61,107.69,68.99,155.79,1.0000,-1,-1,-1
617,98,685.34,204.76,63.13,149.63,1.0000,-1,-1,-1
617,99,461.07,164.49,88.03,128.86,1.0000,-1,-1,-1
618,12,145.88,273.33,76.09,142.63,1.0000,-1,-1,-1
618,54,918.09,463.21,89.71,158.74,1.0000,-1,-1,-1
618,64,459.77,536.65,51.10,59.63,1.0000,-1,-1,-1
618,68,349.76,436.66,78.79,148.02,1.0000,-1,-1,-1
618,76,422.45,261.96,76.91,146.32,1.0000,-1,-1,-1
618,80,744.73,208.83,73.56,147.54,1.0000,-1,-1,-1
618,85,820.12,363.62,56.43,161.99,1.0000,-1,-1,-1
618,90,541.38,355.49,64.95,176.40,1.0000,-1,-1,-1
618,96,400.98,111.00,70.74,155.93,1.0000,-1,-1,-1
618,98,688.05,205.63,62.26,147.56,1.0000,-1,-1,-1
618,99,461.39,164.65,87.31,129.47,1.0000,-1,-1,-1
619,12,136.55,273.93,74.86,144.10,1.0000,-1,-1,-1
619,54,920.93,466.25,88.46,155.51,1.0000,-1,-1,-1
619,64,462.43,537.91,50.86,59.35,1.0000,-1,-1,-1
619,68,352.25,437.05,78.55,146.42,1.0000,-1,-1,-1
619,76,417.35,261.04,77.62,146.51,1.0000,-1,-1,-1
619,80,745.99,209.81,73.70,147.82,1.0000,-1,-1,-1
619,85,818.44,367.08,55.52,161.94,1.0000,-1,-1,-1
619,90,546.10,357.83,68.71,176.79,1.0000,-1,-1,-1
619,96,398.81,115.79,72.43,155.31,1.0000,-1,-1,-1
619,98,678.36,208.63,60.70,150.61,1.0000,-1,-1,-1
619,99,460.45,167.99,86.69,128.75,1.0000,-1,-1,-1
620,12,129.65,275.36,74.79,145.16,1.0000,-1,-1,-1
620,54,923.14,468.18,87.20,152.91,1.0000,-1,-1,-1
620,64,465.09,539.18,50.62,59.07,1.0000,-1,-1,-1
620,68,353.77,437.93,78.90,145.31,1.0000,-1,-1,-1
620,76,410.65,264.77,80.47,147.55,1.0000,-1,-1,-1
620,80,747.24,210.80,73.84,148.10,1.0000,-1,-1,-1
620,85,820.08,364.90,53.61,161.10,1.0000,-1,-1,-1
620,90,547.95,359.17,71.01,176.58,1.0000,-1,-1,-1
620,96,395.31,118.64,71.87,155.12,1.0000,-1,-1,-1
620,98,679.96,209.91,59.86,148.53,1.0000,-1,-1,-1
620,99,458.34,171.39,86.57,127.68,1.0000,-1,-1,-1
621,12,119.29,276.59,73.56,145.94,1.0000,-1,-1,-1
621,54,925.11,469.91,86.12,150.84,1.0000,-1,-1,-1
621,64,467.75,540.45,50.38,58.79,1.0000,-1,-1,-1
621,68,355.31,438.38,79.20,144.77,1.0000,-1,-1,-1
621,76,404.72,265.74,82.92,146.46,1.0000,-1,-1,-1
621,80,748.49,211.78,73.98,148.39,1.0000,-1,-1,-1
621,85,817.95,368.55,53.15,161.34,1.0000,-1,-1,-1
621,90,547.89,359.99,72.55,176.38,1.0000,-1,-1,-1
621,96,392.31,118.96,70.53,155.97,1.0000,-1,-1,-1
621,98,681.57,211.20,59.01,146.42,1.0000,-1,-1,-1
621,99,456.52,172.92,87.01,128.32,1.0000,-1,-1,-1
622,12,108.36,278.41,74.09,146.35,1.0000,-1,-1,-1
622,54,926.49,471.55,85.28,149.12,1.0000,-1,-1,-1
622,64,470.41,541.71,50.14,58.50,1.0000,-1,-1,-1
622,68,356.67,439.20,80.02,144.39,1.0000,-1,-1,-1
622,76,398.69,267.53,85.97,145.68,1.0000,-1,-1,-1
622,80,749.74,212.77,74.12,148.67,1.0000,-1,-1,-1
622,85,817.18,371.48,52.30,162.29,1.0000,-1,-1,-1
622,90,548.18,360.53,73.42,176.75,1.0000,-1,-1,-1
622,96,390.49,118.74,70.89,156.42,1.0000,-1,-1,-1
622,98,683.18,212.50,58.15,144.28,1.0000,-1,-1,-1
622,99,454.70,174.45,87.44,128.96,1.0000,-1,-1,-1
623,12,96.44,279.59,75.34,146.97,1.0000,-1,-1,-1
623,54,929.66,473.09,83.39,147.84,1.0000,-1,-1,-1
623,64,473.07,542.98,49.90,58.22,1.0000,-1,-1,-1
623,68,359.39,439.51,79.30,143.67,1.0000,-1,-1,-1
623,76,393.46,270.07,90.38,144.56,1.0000,-1,-1,-1
623,80,750.99,213.75,74.26,148.95,1.0000,-1,-1,-1
623,85,816.75,373.29,51.55,162.83,1.0000,-1,-1,-1
623,90,548.83,359.62,73.42,177.01,1.0000,-1,-1,-1
623,96,388.45,119.75,71.36,155.27,1.0000,-1,-1,-1
623,98,684.80,213.82,57.27,142.11,1.0000,-1,-1,-1
623,99,452.89,175.98,87.88,129.60,1.0000,-1,-1,-1
624,12,85.50,280.80,79.30,147.96,1.0000,-1,-1,-1
624,54,932.82,473.99,81.32,147.06,1.0000,-1,-1,-1
624,64,475.73,544.25,49.65,57.93,1.0000,-1,-1,-1
624,68,363.07,440.12,78.53,143.16,1.0000,-1,-1,-1
624,76,390.83,273.65,94.59,143.06,1.0000,-1,-1,-1
624,85,816.62,373.91,50.77,163.10,1.0000,-1,-1,-1
624,90,550.35,358.18,72.27,177.65,1.0000,-1,-1,-1
624,96,385.53,123.70,71.61,152.76,1.0000,-1,-1,-1
624,98,686.43,215.16,56.38,139.90,1.0000,-1,-1,-1
624,99,450.51,126.35,91.13,158.29,1.0000,-1,-1,-1
625,12,69.95,282.05,87.06,148.17,1.0000,-1,-1,-1
625,54,937.06,474.79,78.59,146.31,1.0000,-1,-1,-1
625,68,368.42,440.49,77.43,142.77,1.0000,-1,-1,-1
625,76,384.59,277.88,98.85,140.76,1.0000,-1,-1,-1
625,85,816.68,374.56,50.11,163.82,1.0000,-1,-1,-1
625,90,550.87,354.56,71.43,177.74,1.0000,-1,-1,-1
625,96,383.45,126.10,72.23,151.03,1.0000,-1,-1,-1
625,98,688.06,216.52,55.48,137.65,1.0000,-1,-1,-1
625,99,449.60,153.57,90.50,149.08,1.0000,-1,-1,-1
626,12,61.02,283.02,92.90,147.47,1.0000,-1,-1,-1
626,54,940.25,475.19,76.10,145.89,1.0000,-1,-1,-1
626,68,371.31,440.95,77.10,142.32,1.0000,-1,-1,-1
626,76,379.45,279.03,102.68,139.38,1.0000,-1,-1,-1
626,85,817.06,374.35,49.64,164.57,1.0000,-1,-1,-1
626,90,551.47,351.79,70.95,177.68,1.0000,-1,-1,-1
626,96,382.70,131.03,72.85,147.65,1.0000,-1,-1,-1
626,98,689.71,217.90,54.56,135.37,1.0000,-1,-1,-1
626,99,448.77,164.01,90.89,144.07,1.0000,-1,-1,-1
627,12,55.06,283.44,97.23,147.48,1.0000,-1,-1,-1
627,54,941.56,475.20,74.64,145.66,1.0000,-1,-1,-1
627,68,373.84,442.20,76.41,141.90,1.0000,-1,-1,-1
627,76,376.90,280.84,102.88,139.66,1.0000,-1,-1,-1
627,85,817.59,373.57,49.39,165.67,1.0000,-1,-1,-1
627,90,551.83,349.19,71.67,177.93,1.0000,-1,-1,-1
627,96,383.65,134.67,73.65,143.06,1.0000,-1,-1,-1
627,98,691.35,219.29,53.62,133.05,1.0000,-1,-1,-1
627,99,451.21,170.91,89.91,139.99,1.0000,-1,-1,-1
628,12,50.31,284.14,99.20,147.31,1.0000,-1,-1,-1
628,54,941.62,474.80,73.87,145.73,1.0000,-1,-1,-1
628,68,374.23,443.44,76.06,141.01,1.0000,-1,-1,-1
628,76,373.10,274.28,105.86,141.26,1.0000,-1,-1,-1
628,85,818.06,371.97,49.14,166.76,1.0000,-1,-1,-1
628,90,551.89,346.92,72.79,177.48,1.0000,-1,-1,-1
628,96,381.21,134.66,72.79,139.37,1.0000,-1,-1,-1
628,98,693.01,220.71,52.67,130.69,1.0000,-1,-1,-1
628,99,451.29,175.50,89.86,136.56,1.0000,-1,-1,-1
629,12,46.21,283.68,98.78,147.71,1.0000,-1,-1,-1
629,54,941.38,474.50,73.64,145.93,1.0000,-1,-1,-1
629,68,377.25,445.23,74.70,139.68,1.0000,-1,-1,-1
629,76,363.04,265.02,109.36,147.81,1.0000,-1,-1,-1
629,85,818.40,370.10,49.04,167.46,1.0000,-1,-1,-1
629,90,551.88,345.89,73.76,177.13,1.0000,-1,-1,-1
629,96,379.36,134.23,73.44,135.65,1.0000,-1,-1,-1
629,98,694.68,222.14,51.70,128.29,1.0000,-1,-1,-1
629,99,451.07,178.47,89.81,133.46,1.0000,-1,-1,-1
630,12,41.38,281.33,92.77,148.56,1.0000,-1,-1,-1
630,54,940.79,473.81,73.55,146.67,1.0000,-1,-1,-1
630,68,379.36,447.47,74.52,138.23,1.0000,-1,-1,-1
630,76,350.74,262.37,110.44,150.31,1.0000,-1,-1,-1
630,85,820.46,366.09,48.68,165.39,1.0000,-1,-1,-1
630,90,552.19,344.91,76.70,175.01,1.0000,-1,-1,-1
630,96,378.06,135.22,73.65,136.03,1.0000,-1,-1,-1
630,98,696.36,223.60,50.71,125.84,1.0000,-1,-1,-1
630,99,451.29,179.73,89.53,130.53,1.0000,-1,-1,-1
631,12,38.35,278.00,84.57,149.84,1.0000,-1,-1,-1
631,54,939.98,473.35,73.50,147.30,1.0000,-1,-1,-1
631,68,380.77,448.89,74.68,136.89,1.0000,-1,-1,-1
631,76,341.69,261.58,108.44,150.72,1.0000,-1,-1,-1
631,85,821.64,364.97,48.49,164.87,1.0000,-1,-1,-1
631,90,551.72,346.31,79.52,173.45,1.0000,-1,-1,-1
631,96,371.29,132.83,74.85,136.88,1.0000,-1,-1,-1
631,98,669.05,197.01,83.26,140.50,1.0000,-1,-1,-1
631,99,451.87,179.34,88.72,128.87,1.0000,-1,-1,-1
632,12,35.94,275.59,76.16,150.73,1.0000,-1,-1,-1
632,54,939.35,473.10,72.91,147.71,1.0000,-1,-1,-1
632,68,383.12,450.20,75.24,135.86,1.0000,-1,-1,-1
632,76,336.52,262.01,103.67,150.92,1.0000,-1,-1,-1
632,85,822.84,363.67,48.36,164.18,1.0000,-1,-1,-1
632,90,538.38,349.15,90.65,170.62,1.0000,-1,-1,-1
632,96,374.84,134.14,73.50,139.10,1.0000,-1,-1,-1
632,98,669.70,196.42,82.90,139.88,1.0000,-1,-1,-1
632,99,453.39,175.10,87.79,129.90,1.0000,-1,-1,-1
633,12,34.14,273.85,71.78,151.60,1.0000,-1,-1,-1
633,54,938.45,473.34,72.78,147.81,1.0000,-1,-1,-1
633,68,384.36,451.14,76.63,134.41,1.0000,-1,-1,-1
633,76,333.12,261.12,97.14,151.58,1.0000,-1,-1,-1
633,85,822.76,362.00,49.08,165.07,1.0000,-1,-1,-1
633,90,545.12,351.12,91.41,167.89,1.0000,-1,-1,-1
633,96,374.94,130.68,73.29,142.39,1.0000,-1,-1,-1
633,98,670.36,195.83,82.53,139.27,1.0000,-1,-1,-1
633,99,454.97,172.25,87.14,130.68,1.0000,-1,-1,-1
634,12,33.37,273.36,73.04,153.38,1.0000,-1,-1,-1
634,54,936.08,473.89,73.59,147.46,1.0000,-1,-1,-1
634,68,386.63,451.35,78.34,133.63,1.0000,-1,-1,-1
634,76,330.10,259.36,89.95,152.44,1.0000,-1,-1,-1
634,85,823.67,361.78,49.30,167.00,1.0000,-1,-1,-1
634,90,534.36,352.66,100.28,165.58,1.0000,-1,-1,-1
634,96,375.58,127.03,72.88,145.14,1.0000,-1,-1,-1
634,98,666.93,191.17,94.46,139.30,1.0000,-1,-1,-1
634,99,456.32,169.79,86.53,131.54,1.0000,-1,-1,-1
635,12,22.52,272.71,76.82,154.36,1.0000,-1,-1,-1
635,54,932.22,474.21,75.31,146.86,1.0000,-1,-1,-1
635,68,389.05,450.60,80.00,133.53,1.0000,-1,-1,-1
635,76,327.49,258.37,81.38,153.46,1.0000,-1,-1,-1
635,85,825.00,359.57,49.38,168.24,1.0000,-1,-1,-1
635,90,542.09,352.55,99.07,164.14,1.0000,-1,-1,-1
635,96,376.73,123.08,71.96,147.80,1.0000,-1,-1,-1
635,98,665.41,186.39,96.01,142.72,1.0000,-1,-1,-1
635,99,458.61,168.41,84.62,131.73,1.0000,-1,-1,-1
636,12,14.76,273.02,79.86,154.27,1.0000,-1,-1,-1
636,54,928.09,473.95,77.62,146.62,1.0000,-1,-1,-1
636,68,391.87,449.83,81.75,133.92,1.0000,-1,-1,-1
636,76,327.17,258.41,74.01,154.34,1.0000,-1,-1,-1
636,85,825.61,357.38,50.49,168.80,1.0000,-1,-1,-1
636,90,544.99,351.18,98.65,163.14,1.0000,-1,-1,-1
636,96,377.87,119.67,71.19,150.03,1.0000,-1,-1,-1
636,98,666.93,185.14,95.16,143.01,1.0000,-1,-1,-1
636,99,461.02,167.24,83.00,131.60,1.0000,-1,-1,-1
637,12,7.31,272.63,83.05,154.62,1.0000,-1,-1,-1
637,54,924.25,473.47,80.28,146.54,1.0000,-1,-1,-1
637,68,393.44,449.59,84.20,134.09,1.0000,-1,-1,-1
637,76,327.84,260.83,68.13,155.68,1.0000,-1,-1,-1
637,85,826.67,356.34,51.61,169.78,1.0000,-1,-1,-1
637,90,544.03,349.32,99.03,163.29,1.0000,-1,-1,-1
637,96,377.63,117.09,70.98,152.06,1.0000,-1,-1,-1
637,98,668.03,183.75,94.21,144.11,1.0000,-1,-1,-1
637,99,463.73,168.23,81.44,130.57,1.0000,-1,-1,-1
638,12,2.95,272.04,85.34,155.39,1.0000,-1,-1,-1
638,54,921.81,473.00,82.80,146.85,1.0000,-1,-1,-1
638,68,395.66,448.81,85.28,134.63,1.0000,-1,-1,-1
638,76,327.36,263.30,63.13,157.16,1.0000,-1,-1,-1
638,85,827.95,355.51,52.48,169.06,1.0000,-1,-1,-1
638,90,542.49,347.93,99.91,163.67,1.0000,-1,-1,-1
638,96,378.49,115.41,69.84,153.03,1.0000,-1,-1,-1
638,98,668.75,180.99,94.76,145.74,1.0000,-1,-1,-1
638,99,465.96,166.96,81.36,130.27,1.0000,-1,-1,-1
639,12,0.49,271.17,87.04,155.58,1.0000,-1,-1,-1
639,54,920.72,472.44,84.86,147.21,1.0000,-1,-1,-1
639,68,399.38,448.36,84.55,135.06,1.0000,-1,-1,-1
639,76,325.73,264.99,60.44,159.04,1.0000,-1,-1,-1
639,85,829.86,356.43,52.90,169.73,1.0000,-1,-1,-1
639,90,538.54,346.45,100.41,163.84,1.0000,-1,-1,-1
639,96,380.25,113.01,67.76,153.77,1.0000,-1,-1,-1
639,98,669.25,177.44,95.94,146.72,1.0000,-1,-1,-1
639,99,469.57,165.64,80.40,129.67,1.0000,-1,-1,-1
640,12,0.88,269.33,88.81,156.38,1.0000,-1,-1,-1
640,54,920.55,472.02,87.09,147.93,1.0000,-1,-1,-1
640,68,404.89,445.95,84.82,135.98,1.0000,-1,-1,-1
640,76,320.97,266.37,59.88,160.46,1.0000,-1,-1,-1
640,85,833.81,356.41,53.75,169.66,1.0000,-1,-1,-1
640,90,535.34,344.27,99.99,163.92,1.0000,-1,-1,-1
640,96,383.98,113.72,67.04,153.59,1.0000,-1,-1,-1
640,98,672.83,173.36,96.09,148.22,1.0000,-1,-1,-1
640,99,474.71,164.78,79.40,129.10,1.0000,-1,-1,-1
641,12,1.07,268.47,90.18,156.65,1.0000,-1,-1,-1
641,54,920.92,471.59,89.49,148.73,1.0000,-1,-1,-1
641,68,408.00,444.24,84.65,136.80,1.0000,-1,-1,-1
641,76,320.93,267.80,58.06,160.90,1.0000,-1,-1,-1
641,85,837.66,356.75,53.89,170.03,1.0000,-1,-1,-1
641,90,533.63,342.73,98.21,164.56,1.0000,-1,-1,-1
641,96,388.17,113.96,65.80,153.64,1.0000,-1,-1,-1
641,98,674.46,170.76,96.20,149.41,1.0000,-1,-1,-1
641,99,482.00,162.57,76.42,128.14,1.0000,-1,-1,-1
642,12,3.28,265.99,90.76,158.08,1.0000,-1,-1,-1
642,54,920.78,471.03,91.71,149.11,1.0000,-1,-1,-1
642,68,411.88,443.49,83.01,137.44,1.0000,-1,-1,-1
642,76,321.96,268.38,56.26,160.39,1.0000,-1,-1,-1
642,85,841.37,356.20,53.64,169.72,1.0000,-1,-1,-1
642,90,533.80,340.86,95.44,165.22,1.0000,-1,-1,-1
642,96,391.12,114.88,64.67,152.99,1.0000,-1,-1,-1
642,98,674.38,168.20,97.70,150.08,1.0000,-1,-1,-1
642,99,485.64,161.24,75.18,129.65,1.0000,-1,-1,-1
643,12,5.43,262.40,89.93,159.89,1.0000,-1,-1,-1
643,54,921.07,470.57,94.50,149.42,1.0000,-1,-1,-1
643,68,414.58,443.45,81.99,137.84,1.0000,-1,-1,-1
643,76,322.30,268.71,54.75,160.00,1.0000,-1,-1,-1
643,85,844.81,355.61,52.63,169.32,1.0000,-1,-1,-1
643,90,534.82,339.12,90.72,165.96,1.0000,-1,-1,-1
643,96,394.45,115.41,63.17,152.27,1.0000,-1,-1,-1
643,98,666.81,166.23,94.94,148.78,1.0000,-1,-1,-1
643,99,500.64,158.02,67.99,129.58,1.0000,-1,-1,-1
644,12,8.62,260.36,87.91,161.23,1.0000,-1,-1,-1
644,54,921.22,470.04,97.08,149.48,1.0000,-1,-1,-1
644,68,416.74,443.86,80.91,137.75,1.0000,-1,-1,-1
644,76,322.71,268.59,53.71,159.54,1.0000,-1,-1,-1
644,85,847.56,356.12,52.09,170.69,1.0000,-1,-1,-1
644,90,537.45,338.25,84.51,166.85,1.0000,-1,-1,-1
644,96,397.46,110.88,63.10,152.04,1.0000,-1,-1,-1
644,98,669.11,163.32,94.94,150.24,1.0000,-1,-1,-1
644,99,509.22,156.14,63.33,130.35,1.0000,-1,-1,-1
645,12,13.47,260.48,84.31,161.08,1.0000,-1,-1,-1
645,54,927.79,468.45,97.78,150.20,1.0000,-1,-1,-1
645,68,419.94,446.93,80.11,136.15,1.0000,-1,-1,-1
645,76,323.66,266.46,53.13,159.24,1.0000,-1,-1,-1
645,85,852.00,356.00,52.65,172.34,1.0000,-1,-1,-1
645,90,539.87,336.84,78.11,167.16,1.0000,-1,-1,-1
645,96,396.43,108.83,65.61,153.31,1.0000,-1,-1,-1
645,98,668.83,163.34,91.72,149.91,1.0000,-1,-1,-1
645,99,519.98,154.02,57.81,131.36,1.0000,-1,-1,-1
646,12,17.96,260.52,79.70,160.17,1.0000,-1,-1,-1
646,54,925.03,466.99,102.86,151.11,1.0000,-1,-1,-1
646,68,422.62,449.68,80.14,134.66,1.0000,-1,-1,-1
646,76,324.57,264.48,53.07,158.59,1.0000,-1,-1,-1
646,85,855.88,354.82,52.92,173.05,1.0000,-1,-1,-1
646,90,541.72,335.96,73.63,167.09,1.0000,-1,-1,-1
646,96,395.32,106.39,69.80,155.63,1.0000,-1,-1,-1
646,98,670.25,159.72,88.37,150.72,1.0000,-1,-1,-1
646,99,528.25,153.03,53.82,131.96,1.0000,-1,-1,-1
647,12,22.69,259.38,74.36,158.92,1.0000,-1,-1,-1
647,54,923.63,465.38,107.21,152.52,1.0000,-1,-1,-1
647,68,424.02,451.86,80.06,132.77,1.0000,-1,-1,-1
647,76,325.80,263.45,53.37,158.67,1.0000,-1,-1,-1
647,85,859.61,352.82,52.02,171.48,1.0000,-1,-1,-1
647,90,541.84,334.92,72.32,166.36,1.0000,-1,-1,-1
647,96,397.25,103.35,73.07,157.72,1.0000,-1,-1,-1
647,98,668.14,158.68,83.82,150.01,1.0000,-1,-1,-1
647,99,535.63,151.75,50.70,132.79,1.0000,-1,-1,-1
648,12,27.75,257.91,69.84,157.78,1.0000,-1,-1,-1
648,54,922.50,463.32,109.27,152.26,1.0000,-1,-1,-1
648,68,425.91,453.00,80.06,131.21,1.0000,-1,-1,-1
648,76,326.38,262.40,54.13,159.00,1.0000,-1,-1,-1
648,85,863.16,352.59,51.17,170.33,1.0000,-1,-1,-1
648,90,538.46,334.43,75.08,165.37,1.0000,-1,-1,-1
648,96,398.19,102.32,73.28,158.17,1.0000,-1,-1,-1
648,98,667.87,157.04,83.63,149.67,1.0000,-1,-1,-1
648,99,542.41,148.91,49.67,134.68,1.0000,-1,-1,-1
649,12,32.38,256.64,66.74,157.13,1.0000,-1,-1,-1
649,54,923.41,462.45,112.35,153.99,1.0000,-1,-1,-1
649,68,428.83,453.49,79.12,129.69,1.0000,-1,-1,-1
649,76,325.23,259.98,55.73,157.05,1.0000,-1,-1,-1
649,85,866.46,352.54,50.59,170.29,1.0000,-1,-1,-1
649,90,536.38,334.33,79.01,164.37,1.0000,-1,-1,-1
649,96,399.12,101.29,73.49,158.62,1.0000,-1,-1,-1
649,98,669.70,156.66,75.70,148.45,1.0000,-1,-1,-1
649,99,546.83,146.66,47.56,135.76,1.0000,-1,-1,-1
650,12,38.43,254.89,64.72,156.96,1.0000,-1,-1,-1
650,54,925.35,461.00,115.66,156.30,1.0000,-1,-1,-1
650,68,434.41,453.80,78.42,128.89,1.0000,-1,-1,-1
650,76,321.04,259.37,59.59,157.30,1.0000,-1,-1,-1
650,85,871.18,352.36,50.58,169.07,1.0000,-1,-1,-1
650,90,534.97,334.97,83.69,162.49,1.0000,-1,-1,-1
650,96,401.65,97.69,80.94,158.59,1.0000,-1,-1,-1
650,98,669.66,161.21,73.58,145.15,1.0000,-1,-1,-1
650,99,554.06,146.04,46.79,136.75,1.0000,-1,-1,-1
650,102,636.82,527.84,59.07,55.45,1.0000,-1,-1,-1
651,12,42.73,253.71,62.79,156.77,1.0000,-1,-1,-1
651,54,926.97,459.01,118.61,158.61,1.0000,-1,-1,-1
651,68,438.65,453.67,77.66,128.49,1.0000,-1,-1,-1
651,76,320.16,258.13,62.07,157.17,1.0000,-1,-1,-1
651,85,874.74,351.78,50.35,168.24,1.0000,-1,-1,-1
651,90,536.19,335.33,85.34,160.60,1.0000,-1,-1,-1
651,96,405.05,97.84,85.27,157.82,1.0000,-1,-1,-1
651,98,669.81,163.93,71.93,142.88,1.0000,-1,-1,-1
651,99,560.62,147.67,45.05,134.50,1.0000,-1,-1,-1
651,102,648.21,524.81,61.98,58.19,1.0000,-1,-1,-1
652,12,45.59,252.53,60.97,156.58,1.0000,-1,-1,-1
652,54,927.65,459.57,121.89,163.43,1.0000,-1,-1,-1
652,68,441.94,453.10,76.88,128.67,1.0000,-1,-1,-1
652,76,320.51,257.37,63.77,157.21,1.0000,-1,-1,-1
652,85,877.59,351.24,49.78,167.54,1.0000,-1,-1,-1
652,90,536.72,336.27,85.69,159.36,1.0000,-1,-1,-1
652,96,423.07,98.48,75.81,155.04,1.0000,-1,-1,-1
652,98,669.53,164.74,70.27,141.22,1.0000,-1,-1,-1
652,99,564.76,144.94,43.87,134.14,1.0000,-1,-1,-1
652,102,659.66,521.85,64.76,60.80,1.0000,-1,-1,-1
653,12,47.88,251.74,59.07,156.07,1.0000,-1,-1,-1
653,54,928.48,457.89,124.49,164.81,1.0000,-1,-1,-1
653,68,445.69,452.59,76.18,129.07,1.0000,-1,-1,-1
653,76,322.89,255.66,63.74,157.62,1.0000,-1,-1,-1
653,85,879.63,350.38,49.24,166.26,1.0000,-1,-1,-1
653,90,538.31,336.81,83.13,157.86,1.0000,-1,-1,-1
653,96,426.87,99.81,72.49,152.75,1.0000,-1,-1,-1
653,98,668.32,166.18,70.27,140.02,1.0000,-1,-1,-1
653,99,569.78,144.02,42.72,133.50,1.0000,-1,-1,-1
653,102,671.17,518.94,67.43,63.30,1.0000,-1,-1,-1
654,12,50.83,251.29,57.11,155.95,1.0000,-1,-1,-1
654,54,928.31,456.06,126.83,165.66,1.0000,-1,-1,-1
654,68,451.33,452.00,73.77,129.51,1.0000,-1,-1,-1
654,76,324.65,254.23,63.91,157.88,1.0000,-1,-1,-1
654,85,880.76,349.55,48.92,165.11,1.0000,-1,-1,-1
654,90,539.42,336.29,79.50,156.59,1.0000,-1,-1,-1
654,96,424.85,98.18,71.54,151.89,1.0000,-1,-1,-1
654,98,666.61,163.45,72.08,141.27,1.0000,-1,-1,-1
654,99,574.22,143.48,42.47,134.07,1.0000,-1,-1,-1
654,102,682.74,516.08,70.00,65.71,1.0000,-1,-1,-1
655,12,54.80,250.00,56.54,155.62,1.0000,-1,-1,-1
655,54,928.56,451.49,128.42,167.93,1.0000,-1,-1,-1
655,68,454.57,451.21,73.34,130.27,1.0000,-1,-1,-1
655,76,326.54,251.62,62.43,155.96,1.0000,-1,-1,-1
655,85,882.22,348.33,48.90,163.61,1.0000,-1,-1,-1
655,90,539.71,336.33,76.55,155.59,1.0000,-1,-1,-1
655,96,437.83,97.81,67.60,150.00,1.0000,-1,-1,-1
655,98,661.04,159.36,75.95,142.80,1.0000,-1,-1,-1
655,99,577.91,139.45,43.90,135.51,1.0000,-1,-1,-1
655,102,694.34,513.26,72.47,68.03,1.0000,-1,-1,-1
656,12,57.07,249.55,57.00,155.54,1.0000,-1,-1,-1
656,54,929.25,449.57,129.73,169.91,1.0000,-1,-1,-1
656,68,456.78,450.87,73.85,130.68,1.0000,-1,-1,-1
656,76,328.14,251.32,60.93,154.93,1.0000,-1,-1,-1
656,85,883.10,347.61,49.26,162.60,1.0000,-1,-1,-1
656,90,539.14,337.96,75.32,156.51,1.0000,-1,-1,-1
656,96,444.15,98.32,63.60,148.27,1.0000,-1,-1,-1
656,98,657.15,161.05,80.35,141.19,1.0000,-1,-1,-1
656,99,583.02,138.55,44.37,135.70,1.0000,-1,-1,-1
656,102,677.99,517.52,67.59,66.37,1.0000,-1,-1,-1
657,12,58.51,249.49,57.81,155.74,1.0000,-1,-1,-1
657,54,930.14,447.90,130.41,171.18,1.0000,-1,-1,-1
657,68,457.92,450.15,74.22,131.00,1.0000,-1,-1,-1
657,76,329.17,251.61,59.71,154.46,1.0000,-1,-1,-1
657,85,883.81,347.00,49.74,161.81,1.0000,-1,-1,-1
657,90,539.44,339.34,74.33,158.47,1.0000,-1,-1,-1
657,96,449.81,99.18,59.25,146.72,1.0000,-1,-1,-1
657,98,651.79,162.99,85.10,143.18,1.0000,-1,-1,-1
657,99,588.36,140.86,43.81,133.94,1.0000,-1,-1,-1
657,102,683.65,516.01,67.91,67.57,1.0000,-1,-1,-1
658,12,59.14,249.55,59.47,155.50,1.0000,-1,-1,-1
658,54,929.35,446.72,131.78,172.28,1.0000,-1,-1,-1
658,68,459.22,449.42,75.24,130.98,1.0000,-1,-1,-1
658,76,330.09,252.20,58.80,154.41,1.0000,-1,-1,-1
658,85,884.62,346.32,50.02,161.07,1.0000,-1,-1,-1
658,90,539.80,340.80,74.25,161.07,1.0000,-1,-1,-1
658,96,454.02,98.52,55.81,145.85,1.0000,-1,-1,-1
658,98,650.68,162.54,84.92,142.88,1.0000,-1,-1,-1
658,99,591.49,142.44,45.32,131.95,1.0000,-1,-1,-1
658,102,689.39,514.72,67.87,68.80,1.0000,-1,-1,-1
659,12,59.11,249.42,61.06,155.01,1.0000,-1,-1,-1
659,54,928.71,445.16,133.23,173.34,1.0000,-1,-1,-1
659,68,460.80,450.86,75.94,130.48,1.0000,-1,-1,-1
659,76,330.52,251.44,58.22,152.59,1.0000,-1,-1,-1
659,85,885.63,345.63,50.18,160.93,1.0000,-1,-1,-1
659,90,540.32,342.05,74.69,164.31,1.0000,-1,-1,-1
659,96,457.42,97.84,53.15,144.75,1.0000,-1,-1,-1
659,98,649.58,162.09,84.74,142.57,1.0000,-1,-1,-1
659,99,593.58,141.10,48.01,132.71,1.0000,-1,-1,-1
659,102,693.56,512.70,69.17,71.02,1.0000,-1,-1,-1
660,12,62.75,248.99,61.77,154.17,1.0000,-1,-1,-1
660,54,934.53,441.99,130.89,174.53,1.0000,-1,-1,-1
660,68,470.16,452.41,72.02,129.95,1.0000,-1,-1,-1
660,76,330.78,248.39,57.90,146.65,1.0000,-1,-1,-1
660,85,886.46,343.77,50.73,161.44,1.0000,-1,-1,-1
660,90,541.13,342.60,74.47,166.64,1.0000,-1,-1,-1
660,96,462.61,96.79,50.38,143.49,1.0000,-1,-1,-1
660,98,666.32,172.92,79.09,142.44,1.0000,-1,-1,-1
660,99,599.16,138.19,47.78,133.74,1.0000,-1,-1,-1
660,102,700.76,511.46,69.98,72.36,1.0000,-1,-1,-1
661,12,64.91,248.62,62.24,153.20,1.0000,-1,-1,-1
661,54,935.38,440.19,130.20,175.17,1.0000,-1,-1,-1
661,68,473.22,452.69,71.03,129.66,1.0000,-1,-1,-1
661,76,330.88,248.62,57.79,144.36,1.0000,-1,-1,-1
661,85,886.88,340.94,50.99,161.30,1.0000,-1,-1,-1
661,90,542.14,342.50,74.57,167.55,1.0000,-1,-1,-1
661,96,466.29,95.95,48.98,142.54,1.0000,-1,-1,-1
661,98,668.96,173.61,75.29,142.50,1.0000,-1,-1,-1
661,99,601.66,135.87,48.70,134.79,1.0000,-1,-1,-1
661,102,706.56,510.64,68.91,73.12,1.0000,-1,-1,-1
662,12,66.98,248.35,62.79,152.34,1.0000,-1,-1,-1
662,54,962.82,439.08,113.86,175.03,1.0000,-1,-1,-1
662,68,475.78,453.66,70.86,129.14,1.0000,-1,-1,-1
662,76,331.28,249.47,57.56,142.36,1.0000,-1,-1,-1
662,85,886.96,339.32,51.01,161.27,1.0000,-1,-1,-1
662,90,543.42,341.80,74.90,167.41,1.0000,-1,-1,-1
662,96,469.14,96.88,48.58,141.17,1.0000,-1,-1,-1
662,98,665.44,169.50,72.90,145.07,1.0000,-1,-1,-1
662,99,603.59,134.48,49.40,135.40,1.0000,-1,-1,-1
662,102,711.08,509.90,68.70,73.92,1.0000,-1,-1,-1
663,12,69.59,248.28,63.48,151.27,1.0000,-1,-1,-1
663,54,977.03,437.64,101.64,174.99,1.0000,-1,-1,-1
663,68,481.55,454.12,68.41,128.53,1.0000,-1,-1,-1
663,76,332.17,253.13,57.12,142.66,1.0000,-1,-1,-1
663,85,886.85,338.19,51.43,161.20,1.0000,-1,-1,-1
663,90,544.49,341.32,74.62,167.15,1.0000,-1,-1,-1
663,96,470.23,94.99,48.82,140.70,1.0000,-1,-1,-1
663,98,668.56,166.84,70.87,146.55,1.0000,-1,-1,-1
663,99,605.75,134.03,49.98,135.35,1.0000,-1,-1,-1
663,102,715.05,508.75,68.74,74.75,1.0000,-1,-1,-1
664,12,71.60,248.72,64.02,150.58,1.0000,-1,-1,-1
664,54,969.10,435.41,102.19,175.48,1.0000,-1,-1,-1
664,68,485.74,453.82,68.49,128.52,1.0000,-1,-1,-1
664,76,332.83,255.27,57.01,143.45,1.0000,-1,-1,-1
664,85,886.64,336.81,51.58,160.96,1.0000,-1,-1,-1
664,90,545.88,341.06,74.28,166.96,1.0000,-1,-1,-1
664,96,471.02,95.61,48.17,139.86,1.0000,-1,-1,-1
664,98,668.75,165.60,70.03,148.21,1.0000,-1,-1,-1
664,99,606.05,134.30,50.74,135.13,1.0000,-1,-1,-1
664,102,718.47,508.13,68.20,75.34,1.0000,-1,-1,-1
665,12,75.67,248.96,64.21,149.45,1.0000,-1,-1,-1
665,54,957.24,433.59,109.07,177.14,1.0000,-1,-1,-1
665,68,487.60,454.98,68.93,127.88,1.0000,-1,-1,-1
665,76,333.25,256.23,56.85,144.18,1.0000,-1,-1,-1
665,85,885.84,335.89,52.04,160.75,1.0000,-1,-1,-1
665,90,548.19,340.83,72.50,166.52,1.0000,-1,-1,-1
665,96,470.24,96.76,49.04,138.97,1.0000,-1,-1,-1
665,98,666.96,168.47,69.20,146.84,1.0000,-1,-1,-1
665,99,610.18,135.11,49.13,134.24,1.0000,-1,-1,-1
665,102,723.39,508.67,67.51,75.61,1.0000,-1,-1,-1
666,12,78.46,249.74,63.84,148.53,1.0000,-1,-1,-1
666,54,952.07,432.36,114.25,178.46,1.0000,-1,-1,-1
666,68,488.30,456.13,69.40,127.06,1.0000,-1,-1,-1
666,76,332.96,257.01,56.92,144.97,1.0000,-1,-1,-1
666,85,885.39,335.76,52.32,160.66,1.0000,-1,-1,-1
666,90,550.41,341.14,69.60,165.96,1.0000,-1,-1,-1
666,96,469.26,97.73,50.16,138.13,1.0000,-1,-1,-1
666,98,666.30,168.87,67.65,146.00,1.0000,-1,-1,-1
666,99,612.16,135.92,48.19,133.87,1.0000,-1,-1,-1
666,102,727.01,509.42,67.12,75.67,1.0000,-1,-1,-1
667,12,80.45,250.79,63.20,147.36,1.0000,-1,-1,-1
667,54,949.42,431.90,118.29,179.46,1.0000,-1,-1,-1
667,68,488.69,456.89,70.01,126.60,1.0000,-1,-1,-1
667,76,332.65,257.70,57.14,145.41,1.0000,-1,-1,-1
667,85,884.82,335.62,52.33,160.72,1.0000,-1,-1,-1
667,90,552.15,341.68,66.94,165.35,1.0000,-1,-1,-1
667,96,468.24,98.97,51.37,137.54,1.0000,-1,-1,-1
667,98,663.94,167.72,68.60,146.70,1.0000,-1,-1,-1
667,99,614.17,137.20,47.27,133.78,1.0000,-1,-1,-1
667,102,729.99,509.93,66.06,75.21,1.0000,-1,-1,-1
668,12,82.09,251.77,62.43,146.57,1.0000,-1,-1,-1
668,54,948.60,431.00,121.04,179.77,1.0000,-1,-1,-1
668,68,488.68,458.02,70.86,125.78,1.0000,-1,-1,-1
668,76,332.17,258.33,57.66,145.54,1.0000,-1,-1,-1
668,85,884.32,335.42,51.73,160.58,1.0000,-1,-1,-1
668,90,553.26,342.19,64.52,164.79,1.0000,-1,-1,-1
668,96,466.80,99.25,53.06,136.84,1.0000,-1,-1,-1
668,98,663.54,168.00,68.34,146.14,1.0000,-1,-1,-1
668,99,615.92,139.28,46.44,133.11,1.0000,-1,-1,-1
668,102,732.92,510.37,64.79,74.78,1.0000,-1,-1,-1
669,12,83.38,252.39,61.81,146.31,1.0000,-1,-1,-1
669,54,948.40,430.13,123.01,180.00,1.0000,-1,-1,-1
669,68,487.82,458.90,71.88,124.85,1.0000,-1,-1,-1
669,76,331.61,258.81,58.00,145.24,1.0000,-1,-1,-1
669,85,883.36,335.21,51.66,160.76,1.0000,-1,-1,-1
669,90,554.30,342.83,62.88,164.24,1.0000,-1,-1,-1
669,96,464.20,99.99,55.08,136.34,1.0000,-1,-1,-1
669,98,655.42,168.25,72.82,148.34,1.0000,-1,-1,-1
669,99,619.06,139.18,46.33,132.80,1.0000,-1,-1,-1
669,102,735.26,510.80,63.41,74.35,1.0000,-1,-1,-1
670,12,85.16,252.70,61.07,145.98,1.0000,-1,-1,-1
670,54,951.19,428.32,122.80,179.63,1.0000,-1,-1,-1
670,68,485.94,459.40,72.86,123.47,1.0000,-1,-1,-1
670,76,330.89,259.22,58.17,144.51,1.0000,-1,-1,-1
670,85,882.09,334.81,51.61,160.62,1.0000,-1,-1,-1
670,90,552.71,345.59,62.24,162.82,1.0000,-1,-1,-1
670,96,459.90,98.56,58.62,137.47,1.0000,-1,-1,-1
670,98,653.76,176.71,74.50,147.39,1.0000,-1,-1,-1
670,99,622.20,139.08,46.22,132.49,1.0000,-1,-1,-1
670,102,738.25,510.94,61.83,74.21,1.0000,-1,-1,-1
671,12,86.64,253.32,60.61,145.82,1.0000,-1,-1,-1
671,54,954.16,426.68,121.58,179.35,1.0000,-1,-1,-1
671,68,484.29,460.35,74.07,122.83,1.0000,-1,-1,-1
671,76,330.38,259.86,58.33,143.70,1.0000,-1,-1,-1
671,85,881.33,334.92,51.57,160.45,1.0000,-1,-1,-1
671,90,551.49,347.35,61.67,161.92,1.0000,-1,-1,-1
671,96,456.65,98.48,61.85,138.03,1.0000,-1,-1,-1
671,98,661.48,184.84,70.56,144.65,1.0000,-1,-1,-1
671,99,625.35,138.98,46.11,132.17,1.0000,-1,-1,-1
671,102,740.35,510.69,60.55,73.99,1.0000,-1,-1,-1
672,12,87.80,253.99,60.85,145.58,1.0000,-1,-1,-1
672,54,957.18,425.56,119.41,178.76,1.0000,-1,-1,-1
672,68,482.71,460.86,75.00,121.23,1.0000,-1,-1,-1
672,76,329.97,260.49,58.52,142.90,1.0000,-1,-1,-1
672,85,880.95,335.53,51.18,160.20,1.0000,-1,-1,-1
672,90,550.60,349.98,60.77,161.58,1.0000,-1,-1,-1
672,96,453.44,98.51,65.29,138.02,1.0000,-1,-1,-1
672,98,661.15,187.21,71.67,145.64,1.0000,-1,-1,-1
672,99,628.49,138.87,46.00,131.86,1.0000,-1,-1,-1
672,102,742.44,510.74,59.83,74.27,1.0000,-1,-1,-1
673,12,88.46,254.52,61.23,145.03,1.0000,-1,-1,-1
673,54,963.62,424.50,114.97,178.08,1.0000,-1,-1,-1
673,68,482.25,461.73,76.93,120.75,1.0000,-1,-1,-1
673,76,329.58,261.46,58.57,142.42,1.0000,-1,-1,-1
673,85,880.68,336.76,50.56,159.92,1.0000,-1,-1,-1
673,90,550.14,352.64,59.63,160.93,1.0000,-1,-1,-1
673,96,451.14,98.33,68.13,138.48,1.0000,-1,-1,-1
673,98,661.10,192.36,71.56,144.87,1.0000,-1,-1,-1
673,99,631.63,138.77,45.89,131.54,1.0000,-1,-1,-1
673,102,743.72,510.71,59.35,74.45,1.0000,-1,-1,-1
674,12,89.88,255.18,61.21,144.52,1.0000,-1,-1,-1
674,54,967.28,423.03,110.85,177.79,1.0000,-1,-1,-1
674,68,481.10,462.53,78.10,120.28,1.0000,-1,-1,-1
674,76,329.41,261.79,58.69,142.13,1.0000,-1,-1,-1
674,85,880.21,337.62,49.79,159.38,1.0000,-1,-1,-1
674,90,550.09,353.21,58.43,160.02,1.0000,-1,-1,-1
674,96,448.60,98.26,71.01,139.11,1.0000,-1,-1,-1
674,98,658.66,195.63,72.47,144.85,1.0000,-1,-1,-1
674,99,634.78,138.67,45.78,131.22,1.0000,-1,-1,-1
674,102,743.93,510.63,58.39,74.38,1.0000,-1,-1,-1
675,12,93.79,255.39,60.73,143.34,1.0000,-1,-1,-1
675,54,973.52,420.67,104.38,177.14,1.0000,-1,-1,-1
675,68,478.26,463.81,78.12,119.50,1.0000,-1,-1,-1
675,76,329.07,259.99,59.10,142.65,1.0000,-1,-1,-1
675,85,879.55,336.44,48.95,158.14,1.0000,-1,-1,-1
675,90,547.47,358.96,57.61,157.81,1.0000,-1,-1,-1
675,96,445.74,100.33,73.33,138.31,1.0000,-1,-1,-1
675,98,653.41,196.56,74.33,146.41,1.0000,-1,-1,-1
675,99,637.92,138.57,45.67,130.90,1.0000,-1,-1,-1
675,102,744.64,509.73,56.80,74.42,1.0000,-1,-1,-1
676,12,96.48,256.17,59.99,142.28,1.0000,-1,-1,-1
676,54,975.12,419.30,104.46,177.27,1.0000,-1,-1,-1
676,68,476.74,464.72,77.83,118.94,1.0000,-1,-1,-1
676,76,328.94,258.01,59.53,144.26,1.0000,-1,-1,-1
676,85,879.76,336.29,48.01,157.10,1.0000,-1,-1,-1
676,90,548.21,361.49,56.64,155.49,1.0000,-1,-1,-1
676,96,443.85,98.67,75.37,138.89,1.0000,-1,-1,-1
676,98,652.70,198.64,74.14,146.03,1.0000,-1,-1,-1
676,99,641.07,138.47,45.56,130.59,1.0000,-1,-1,-1
676,102,745.59,509.21,54.27,74.53,1.0000,-1,-1,-1
677,12,98.16,256.35,59.89,141.35,1.0000,-1,-1,-1
677,54,976.72,417.93,104.54,177.41,1.0000,-1,-1,-1
677,68,475.24,465.71,74.27,117.82,1.0000,-1,-1,-1
677,76,329.00,254.96,59.82,146.70,1.0000,-1,-1,-1
677,85,879.99,336.88,47.27,156.13,1.0000,-1,-1,-1
677,90,548.21,363.75,56.06,153.56,1.0000,-1,-1,-1
677,96,443.00,101.81,76.66,137.62,1.0000,-1,-1,-1
677,98,650.46,204.10,72.72,144.13,1.0000,-1,-1,-1
677,99,644.21,138.37,45.45,130.27,1.0000,-1,-1,-1
677,102,746.67,508.93,52.09,74.64,1.0000,-1,-1,-1
678,12,99.32,256.95,60.04,140.36,1.0000,-1,-1,-1
678,54,978.32,416.56,104.62,177.55,1.0000,-1,-1,-1
678,68,475.60,466.19,71.99,116.77,1.0000,-1,-1,-1
678,76,329.23,252.20,59.97,149.12,1.0000,-1,-1,-1
678,85,880.37,338.07,46.56,154.79,1.0000,-1,-1,-1
678,90,548.52,366.00,56.26,151.50,1.0000,-1,-1,-1
678,96,442.23,103.38,77.60,136.39,1.0000,-1,-1,-1
678,98,649.58,206.43,72.51,143.71,1.0000,-1,-1,-1
678,99,647.36,138.27,45.34,129.95,1.0000,-1,-1,-1
678,102,748.53,508.76,50.16,74.68,1.0000,-1,-1,-1
678,103,995.78,417.82,71.11,174.55,1.0000,-1,-1,-1
679,12,100.65,257.19,59.88,139.61,1.0000,-1,-1,-1
679,54,979.93,415.18,104.70,177.68,1.0000,-1,-1,-1
679,68,476.37,466.51,70.06,115.79,1.0000,-1,-1,-1
679,76,329.49,249.64,60.06,151.17,1.0000,-1,-1,-1
679,85,880.60,339.36,45.84,153.30,1.0000,-1,-1,-1
679,90,548.61,367.81,57.04,150.86,1.0000,-1,-1,-1
679,96,442.66,105.82,77.93,135.07,1.0000,-1,-1,-1
679,98,634.90,181.92,78.43,160.07,1.0000,-1,-1,-1
679,99,650.50,138.17,45.23,129.63,1.0000,-1,-1,-1
679,102,749.95,508.52,49.16,74.95,1.0000,-1,-1,-1
679,103,998.70,417.97,67.69,174.02,1.0000,-1,-1,-1
680,12,103.89,257.54,60.09,139.47,1.0000,-1,-1,-1
680,54,981.53,413.81,104.78,177.82,1.0000,-1,-1,-1
680,68,477.05,466.83,68.91,115.07,1.0000,-1,-1,-1
680,76,329.56,248.25,60.35,152.58,1.0000,-1,-1,-1
680,85,880.73,341.35,45.26,151.27,1.0000,-1,-1,-1
680,90,548.62,369.64,58.99,152.87,1.0000,-1,-1,-1
680,96,443.37,107.76,78.19,134.05,1.0000,-1,-1,-1
680,98,622.59,175.99,72.62,166.02,1.0000,-1,-1,-1
680,99,653.65,138.07,45.11,129.30,1.0000,-1,-1,-1
680,102,752.10,508.42,48.42,75.31,1.0000,-1,-1,-1
680,103,1001.79,417.35,63.61,172.13,1.0000,-1,-1,-1
681,12,105.46,257.56,60.87,139.49,1.0000,-1,-1,-1
681,54,983.13,412.44,104.86,177.95,1.0000,-1,-1,-1
681,68,478.19,467.13,67.10,114.54,1.0000,-1,-1,-1
681,76,329.67,247.81,60.73,153.41,1.0000,-1,-1,-1
681,85,880.60,342.99,44.91,149.13,1.0000,-1,-1,-1
681,90,548.77,369.90,60.86,154.44,1.0000,-1,-1,-1
681,96,443.13,108.47,78.52,133.43,1.0000,-1,-1,-1
681,98,619.51,171.79,68.48,171.09,1.0000,-1,-1,-1
681,99,656.79,137.98,45.00,128.98,1.0000,-1,-1,-1
681,102,753.65,508.20,48.07,75.64,1.0000,-1,-1,-1
681,103,1003.57,417.58,60.41,171.00,1.0000,-1,-1,-1
681,104,573.95,216.64,52.90,136.40,1.0000,-1,-1,-1
682,12,106.46,257.36,61.67,139.37,1.0000,-1,-1,-1
682,54,984.73,411.07,104.94,178.09,1.0000,-1,-1,-1
682,68,478.99,467.38,65.68,114.20,1.0000,-1,-1,-1
682,76,329.97,248.82,61.19,153.16,1.0000,-1,-1,-1
682,85,879.90,342.89,44.68,148.85,1.0000,-1,-1,-1
682,90,549.89,370.40,63.24,156.05,1.0000,-1,-1,-1
682,96,442.14,111.92,78.71,131.21,1.0000,-1,-1,-1
682,98,616.91,170.00,65.99,174.81,1.0000,-1,-1,-1
682,99,659.94,137.88,44.89,128.66,1.0000,-1,-1,-1
682,102,755.22,507.74,47.88,76.10,1.0000,-1,-1,-1
682,103,1004.15,417.30,58.11,170.16,1.0000,-1,-1,-1
682,104,569.32,217.44,56.03,137.84,1.0000,-1,-1,-1
683,12,107.79,257.90,62.28,139.16,1.0000,-1,-1,-1
683,54,986.34,409.70,105.02,178.23,1.0000,-1,-1,-1
683,68,479.65,467.42,65.32,113.97,1.0000,-1,-1,-1
683,76,330.99,251.32,61.12,151.91,1.0000,-1,-1,-1
683,85,877.93,345.42,46.10,146.86,1.0000,-1,-1,-1
683,90,550.01,370.01,66.30,157.29,1.0000,-1,-1,-1
683,96,441.45,116.80,79.09,127.66,1.0000,-1,-1,-1
683,98,619.60,198.84,63.56,160.14,1.0000,-1,-1,-1
683,99,663.08,137.78,44.77,128.33,1.0000,-1,-1,-1
683,102,756.59,507.15,47.89,76.67,1.0000,-1,-1,-1
683,103,1003.62,416.21,56.71,170.91,1.0000,-1,-1,-1
683,104,562.28,216.12,61.09,139.47,1.0000,-1,-1,-1
684,12,109.46,257.46,62.81,138.84,1.0000,-1,-1,-1
684,54,987.94,408.32,105.10,178.36,1.0000,-1,-1,-1
684,68,480.13,467.26,65.17,114.18,1.0000,-1,-1,-1
684,76,330.55,253.71,62.00,150.02,1.0000,-1,-1,-1
684,85,876.83,346.79,47.11,145.56,1.0000,-1,-1,-1
684,90,549.16,368.75,69.69,158.28,1.0000,-1,-1,-1
684,96,443.06,118.58,78.49,125.87,1.0000,-1,-1,-1
684,98,616.24,182.19,63.76,166.82,1.0000,-1,-1,-1
684,102,757.45,506.92,48.00,76.97,1.0000,-1,-1,-1
684,103,1002.53,414.94,55.79,171.80,1.0000,-1,-1,-1
684,104,553.15,215.19,65.10,139.66,1.0000,-1,-1,-1
685,12,113.40,257.06,63.46,139.05,1.0000,-1,-1,-1
685,54,989.54,406.95,105.18,178.50,1.0000,-1,-1,-1
685,68,480.86,467.27,64.64,114.08,1.0000,-1,-1,-1
685,76,331.36,257.18,62.30,147.38,1.0000,-1,-1,-1
685,85,875.63,347.97,47.99,144.08,1.0000,-1,-1,-1
685,90,551.24,365.93,72.59,160.45,1.0000,-1,-1,-1
685,96,443.10,119.30,78.58,126.03,1.0000,-1,-1,-1
685,98,613.40,183.01,63.60,166.40,1.0000,-1,-1,-1
685,102,758.80,506.09,48.77,77.68,1.0000,-1,-1,-1
685,103,1000.84,410.13,54.35,169.22,1.0000,-1,-1,-1
685,104,535.25,214.02,74.58,144.50,1.0000,-1,-1,-1
686,12,116.24,256.66,64.29,138.74,1.0000,-1,-1,-1
686,54,991.14,405.58,105.26,178.63,1.0000,-1,-1,-1
686,68,481.44,467.40,64.22,113.61,1.0000,-1,-1,-1
686,76,331.11,259.06,62.99,145.52,1.0000,-1,-1,-1
686,85,875.70,348.82,48.12,142.76,1.0000,-1,-1,-1
686,90,553.43,365.25,74.00,161.56,1.0000,-1,-1,-1
686,96,443.14,120.03,78.68,126.18,1.0000,-1,-1,-1
686,98,602.04,202.58,71.83,155.56,1.0000,-1,-1,-1
686,102,760.09,505.06,49.39,78.74,1.0000,-1,-1,-1
686,103,999.71,406.82,52.96,165.27,1.0000,-1,-1,-1
686,104,520.71,214.79,80.54,147.19,1.0000,-1,-1,-1
687,12,122.22,255.51,62.90,136.62,1.0000,-1,-1,-1
687,54,992.74,404.21,105.34,178.77,1.0000,-1,-1,-1
687,68,482.30,467.73,63.74,113.08,1.0000,-1,-1,-1
687,76,331.89,260.25,63.43,144.03,1.0000,-1,-1,-1
687,85,877.42,349.25,47.21,142.10,1.0000,-1,-1,-1
687,90,554.16,364.61,75.80,162.69,1.0000,-1,-1,-1
687,96,443.18,120.76,78.78,126.34,1.0000,-1,-1,-1
687,98,595.21,209.19,77.63,150.41,1.0000,-1,-1,-1
687,102,761.54,504.52,49.85,79.47,1.0000,-1,-1,-1
687,103,999.09,404.45,51.92,161.71,1.0000,-1,-1,-1
687,104,512.91,215.24,85.65,148.91,1.0000,-1,-1,-1
688,12,125.85,256.06,61.87,135.82,1.0000,-1,-1,-1
688,54,994.35,402.84,105.42,178.90,1.0000,-1,-1,-1
688,68,482.27,466.82,63.56,113.39,1.0000,-1,-1,-1
688,76,334.72,260.82,62.36,142.89,1.0000,-1,-1,-1
688,85,879.20,349.36,45.82,141.61,1.0000,-1,-1,-1
688,90,554.88,361.92,77.28,164.36,1.0000,-1,-1,-1
688,96,443.22,121.48,78.87,126.49,1.0000,-1,-1,-1
688,98,588.73,213.49,82.92,146.13,1.0000,-1,-1,-1
688,102,762.74,504.17,51.04,80.13,1.0000,-1,-1,-1
688,103,997.13,402.80,51.65,159.68,1.0000,-1,-1,-1
688,104,497.46,215.14,85.15,148.89,1.0000,-1,-1,-1
689,12,126.66,257.68,63.49,135.72,1.0000,-1,-1,-1
689,54,995.95,401.46,105.50,179.04,1.0000,-1,-1,-1
689,68,482.09,466.08,63.51,113.74,1.0000,-1,-1,-1
689,76,336.48,260.99,61.42,142.03,1.0000,-1,-1,-1
689,85,881.02,348.92,43.92,141.47,1.0000,-1,-1,-1
689,90,555.39,360.81,78.61,165.54,1.0000,-1,-1,-1
689,96,443.26,122.21,78.97,126.65,1.0000,-1,-1,-1
689,98,580.64,218.35,84.21,145.02,1.0000,-1,-1,-1
689,102,763.25,503.41,52.82,81.03,1.0000,-1,-1,-1
689,103,995.15,400.82,52.27,157.38,1.0000,-1,-1,-1
689,104,488.42,214.60,86.96,152.05,1.0000,-1,-1,-1
689,105,627.50,163.90,35.66,115.19,1.0000,-1,-1,-1
690,12,131.43,258.24,64.45,135.10,1.0000,-1,-1,-1
690,54,997.55,400.09,105.58,179.17,1.0000,-1,-1,-1
690,68,482.41,465.13,63.53,114.55,1.0000,-1,-1,-1
690,76,340.36,261.22,59.61,141.32,1.0000,-1,-1,-1
690,85,882.07,348.36,42.43,141.13,1.0000,-1,-1,-1
690,90,557.82,357.41,78.86,168.38,1.0000,-1,-1,-1
690,96,443.30,122.94,79.07,126.80,1.0000,-1,-1,-1
690,98,576.93,220.65,84.11,144.85,1.0000,-1,-1,-1
690,102,766.20,502.42,53.62,81.25,1.0000,-1,-1,-1
690,103,993.43,400.14,53.74,157.71,1.0000,-1,-1,-1
690,104,489.36,217.08,75.24,146.54,1.0000,-1,-1,-1
690,105,625.30,160.77,36.93,119.47,1.0000,-1,-1,-1
691,12,135.07,258.61,64.42,134.32,1.0000,-1,-1,-1
691,68,482.46,464.52,63.75,115.09,1.0000,-1,-1,-1
691,76,342.08,261.56,58.71,140.79,1.0000,-1,-1,-1
691,85,882.48,348.12,41.64,141.24,1.0000,-1,-1,-1
691,90,558.86,359.47,79.01,168.78,1.0000,-1,-1,-1
691,96,443.34,123.66,79.16,126.96,1.0000,-1,-1,-1
691,98,573.22,222.95,84.01,144.68,1.0000,-1,-1,-1
691,102,769.36,501.79,54.16,82.06,1.0000,-1,-1,-1
691,103,990.15,398.57,56.11,158.98,1.0000,-1,-1,-1
691,104,486.00,217.17,67.62,144.51,1.0000,-1,-1,-1
691,105,624.01,161.42,38.62,121.51,1.0000,-1,-1,-1
692,12,138.27,259.12,63.82,133.35,1.0000,-1,-1,-1
692,68,482.72,464.38,63.76,115.14,1.0000,-1,-1,-1
692,76,343.03,261.45,58.28,140.46,1.0000,-1,-1,-1
692,85,882.67,347.18,41.16,141.71,1.0000,-1,-1,-1
692,90,560.85,360.74,78.63,168.10,1.0000,-1,-1,-1
692,96,443.38,124.39,79.26,127.11,1.0000,-1,-1,-1
692,98,569.51,225.25,83.91,144.50,1.0000,-1,-1,-1
692,102,770.87,500.50,54.91,83.29,1.0000,-1,-1,-1
692,103,987.72,396.76,58.40,159.99,1.0000,-1,-1,-1
692,104,474.68,218.16,66.04,144.83,1.0000,-1,-1,-1
692,105,622.24,158.57,40.41,125.08,1.0000,-1,-1,-1
693,12,139.96,259.62,63.51,132.55,1.0000,-1,-1,-1
693,68,482.24,465.44,64.18,114.30,1.0000,-1,-1,-1
693,76,343.67,261.87,58.36,139.79,1.0000,-1,-1,-1
693,85,882.50,345.45,40.99,142.17,1.0000,-1,-1,-1
693,90,563.94,362.64,77.24,166.74,1.0000,-1,-1,-1
693,96,443.42,125.12,79.35,127.26,1.0000,-1,-1,-1
693,98,547.99,229.35,67.43,139.83,1.0000,-1,-1,-1
693,102,772.15,499.39,55.72,84.33,1.0000,-1,-1,-1
693,103,986.17,394.97,59.99,160.94,1.0000,-1,-1,-1
693,104,458.01,219.16,71.07,143.34,1.0000,-1,-1,-1
693,105,621.11,157.98,40.73,126.23,1.0000,-1,-1,-1
694,12,139.79,259.37,60.65,131.79,1.0000,-1,-1,-1
694,68,482.62,465.92,64.42,114.12,1.0000,-1,-1,-1
694,76,344.18,262.45,58.65,139.12,1.0000,-1,-1,-1
694,85,882.52,343.79,40.84,142.24,1.0000,-1,-1,-1
694,90,564.69,359.83,76.75,167.97,1.0000,-1,-1,-1
694,96,443.46,125.84,79.45,127.42,1.0000,-1,-1,-1
694,98,542.26,231.76,67.20,139.36,1.0000,-1,-1,-1
694,102,772.98,498.00,57.16,85.12,1.0000,-1,-1,-1
694,103,984.45,394.07,61.06,162.12,1.0000,-1,-1,-1
694,104,449.88,221.64,73.06,143.40,1.0000,-1,-1,-1
694,105,620.44,157.71,40.74,126.98,1.0000,-1,-1,-1
695,12,142.47,261.17,57.65,130.68,1.0000,-1,-1,-1
695,68,482.67,466.23,65.03,114.50,1.0000,-1,-1,-1
695,76,344.62,263.46,58.29,138.37,1.0000,-1,-1,-1
695,85,882.48,342.93,41.21,143.66,1.0000,-1,-1,-1
695,90,567.02,358.35,74.91,168.47,1.0000,-1,-1,-1
695,96,443.50,126.57,79.55,127.57,1.0000,-1,-1,-1
695,98,531.05,232.98,61.32,132.73,1.0000,-1,-1,-1
695,102,776.24,497.14,57.38,86.45,1.0000,-1,-1,-1
695,103,982.72,393.40,63.09,163.90,1.0000,-1,-1,-1
695,104,440.98,221.98,73.61,144.49,1.0000,-1,-1,-1
695,105,618.96,159.23,40.97,126.40,1.0000,-1,-1,-1
696,12,144.73,262.30,55.70,130.49,1.0000,-1,-1,-1
696,68,482.55,466.23,65.50,114.69,1.0000,-1,-1,-1
696,76,345.17,264.33,58.05,137.61,1.0000,-1,-1,-1
696,85,882.20,342.17,41.75,145.19,1.0000,-1,-1,-1
696,90,567.98,354.60,73.69,170.52,1.0000,-1,-1,-1
696,96,472.32,117.53,68.29,121.74,1.0000,-1,-1,-1
696,98,526.95,236.94,55.81,129.07,1.0000,-1,-1,-1
696,102,779.55,496.06,56.61,87.41,1.0000,-1,-1,-1
696,103,980.94,392.87,66.09,165.33,1.0000,-1,-1,-1
696,104,431.29,224.35,74.94,146.79,1.0000,-1,-1,-1
696,105,618.39,159.71,41.04,126.52,1.0000,-1,-1,-1
697,12,145.89,262.65,53.48,130.44,1.0000,-1,-1,-1
697,68,482.47,466.27,65.92,114.90,1.0000,-1,-1,-1
697,76,345.27,264.91,58.12,136.90,1.0000,-1,-1,-1
697,85,882.08,341.42,42.58,146.45,1.0000,-1,-1,-1
697,90,568.18,359.61,73.04,168.24,1.0000,-1,-1,-1
697,96,473.75,117.58,68.31,121.76,1.0000,-1,-1,-1
697,98,525.59,239.50,55.26,126.76,1.0000,-1,-1,-1
697,102,783.06,495.14,55.30,88.03,1.0000,-1,-1,-1
697,103,980.11,392.37,68.72,166.40,1.0000,-1,-1,-1
697,104,422.33,224.91,75.53,147.94,1.0000,-1,-1,-1
697,105,617.41,159.31,41.28,127.18,1.0000,-1,-1,-1
698,12,148.08,262.94,53.34,130.23,1.0000,-1,-1,-1
698,68,481.93,465.98,66.49,115.08,1.0000,-1,-1,-1
698,76,345.33,265.37,58.37,136.38,1.0000,-1,-1,-1
698,85,882.32,340.60,43.44,147.56,1.0000,-1,-1,-1
698,90,569.76,360.89,71.61,167.21,1.0000,-1,-1,-1
698,96,475.18,117.62,68.32,121.79,1.0000,-1,-1,-1
698,98,520.81,241.55,54.63,124.68,1.0000,-1,-1,-1
698,102,784.70,494.41,55.09,88.66,1.0000,-1,-1,-1
698,103,980.03,391.74,70.53,167.04,1.0000,-1,-1,-1
698,104,419.58,228.44,76.41,141.16,1.0000,-1,-1,-1
698,105,616.69,158.82,41.22,127.48,1.0000,-1,-1,-1
699,12,149.26,263.85,53.53,129.70,1.0000,-1,-1,-1
699,68,481.34,465.62,66.91,115.31,1.0000,-1,-1,-1
699,76,345.56,265.42,58.96,135.76,1.0000,-1,-1,-1
699,85,882.34,339.83,44.24,148.38,1.0000,-1,-1,-1
699,90,571.11,357.80,70.46,168.83,1.0000,-1,-1,-1
699,96,476.61,117.67,68.33,121.81,1.0000,-1,-1,-1
699,98,514.99,243.01,52.28,122.84,1.0000,-1,-1,-1
699,102,785.74,493.60,55.21,89.42,1.0000,-1,-1,-1
699,103,979.92,390.71,71.90,167.53,1.0000,-1,-1,-1
699,104,415.22,233.64,76.57,137.46,1.0000,-1,-1,-1
699,105,615.72,158.71,42.02,128.68,1.0000,-1,-1,-1
700,12,151.70,267.08,54.35,127.25,1.0000,-1,-1,-1
700,68,480.72,464.97,67.17,115.38,1.0000,-1,-1,-1
700,76,346.61,267.45,59.55,135.20,1.0000,-1,-1,-1
700,85,882.46,338.41,45.48,147.53,1.0000,-1,-1,-1
700,90,572.24,359.82,69.38,167.80,1.0000,-1,-1,-1
700,96,478.04,117.72,68.35,121.83,1.0000,-1,-1,-1
700,98,508.42,242.85,49.39,122.69,1.0000,-1,-1,-1
700,102,786.53,492.50,55.43,90.45,1.0000,-1,-1,-1
700,103,979.55,386.20,70.81,167.57,1.0000,-1,-1,-1
700,104,408.59,239.37,73.09,134.27,1.0000,-1,-1,-1
700,105,616.39,160.29,41.54,129.34,1.0000,-1,-1,-1
701,12,153.47,268.81,55.48,125.41,1.0000,-1,-1,-1
701,68,480.34,464.62,67.27,115.06,1.0000,-1,-1,-1
701,76,347.30,267.80,59.51,135.10,1.0000,-1,-1,-1
701,85,882.74,336.87,46.94,146.25,1.0000,-1,-1,-1
701,90,573.06,361.73,68.43,166.66,1.0000,-1,-1,-1
701,96,479.47,117.76,68.36,121.86,1.0000,-1,-1,-1
701,98,505.16,241.45,47.15,123.93,1.0000,-1,-1,-1
701,102,786.99,492.04,55.35,91.44,1.0000,-1,-1,-1
701,103,979.34,383.58,68.68,167.10,1.0000,-1,-1,-1
701,104,400.65,240.63,73.38,134.80,1.0000,-1,-1,-1
701,105,614.71,160.41,42.55,131.35,1.0000,-1,-1,-1
702,12,154.72,270.55,57.12,123.63,1.0000,-1,-1,-1
702,68,478.91,464.44,67.76,115.03,1.0000,-1,-1,-1
702,76,350.67,270.09,62.30,132.96,1.0000,-1,-1,-1
702,85,882.78,335.38,48.30,143.97,1.0000,-1,-1,-1
702,90,573.88,359.34,67.52,167.61,1.0000,-1,-1,-1
702,96,480.91,117.81,68.37,121.88,1.0000,-1,-1,-1
702,98,501.93,236.97,45.98,128.34,1.0000,-1,-1,-1
702,102,787.45,491.37,55.25,92.29,1.0000,-1,-1,-1
702,103,979.09,380.62,66.34,166.19,1.0000,-1,-1,-1
702,104,396.31,244.84,69.45,134.14,1.0000,-1,-1,-1
702,105,616.74,162.57,41.41,131.70,1.0000,-1,-1,-1
703,12,156.62,272.12,59.34,121.73,1.0000,-1,-1,-1
703,68,476.99,464.64,68.53,115.94,1.0000,-1,-1,-1
703,76,351.71,270.51,62.27,132.89,1.0000,-1,-1,-1
703,85,883.61,336.50,49.14,144.83,1.0000,-1,-1,-1
703,90,574.60,357.89,66.79,168.73,1.0000,-1,-1,-1
703,96,482.34,117.86,68.39,121.90,1.0000,-1,-1,-1
703,98,496.30,234.24,46.50,130.89,1.0000,-1,-1,-1
703,102,787.68,490.62,55.38,93.11,1.0000,-1,-1,-1
703,103,979.11,378.27,63.85,164.90,1.0000,-1,-1,-1
703,104,394.43,248.53,64.86,135.71,1.0000,-1,-1,-1
703,105,617.18,162.51,41.02,132.34,1.0000,-1,-1,-1
704,12,158.34,273.69,60.60,119.92,1.0000,-1,-1,-1
704,68,475.48,463.99,69.04,116.89,1.0000,-1,-1,-1
704,76,352.74,270.94,62.24,132.82,1.0000,-1,-1,-1
704,85,883.19,334.66,50.54,144.25,1.0000,-1,-1,-1
704,90,574.90,358.68,66.19,168.52,1.0000,-1,-1,-1
704,96,483.77,117.90,68.40,121.93,1.0000,-1,-1,-1
704,98,491.92,236.74,46.40,132.50,1.0000,-1,-1,-1
704,102,787.88,489.91,55.38,93.89,1.0000,-1,-1,-1
704,103,980.06,375.24,61.18,162.44,1.0000,-1,-1,-1
704,104,393.55,248.14,60.84,134.56,1.0000,-1,-1,-1
704,105,618.51,163.69,40.29,131.96,1.0000,-1,-1,-1
705,12,160.50,274.24,60.52,119.76,1.0000,-1,-1,-1
705,68,473.77,463.38,68.74,118.13,1.0000,-1,-1,-1
705,76,353.78,271.36,62.20,132.75,1.0000,-1,-1,-1
705,85,884.35,333.61,51.88,144.14,1.0000,-1,-1,-1
705,90,575.76,359.99,65.64,167.66,1.0000,-1,-1,-1
705,96,485.20,117.95,68.41,121.95,1.0000,-1,-1,-1
705,98,488.48,236.52,46.03,135.31,1.0000,-1,-1,-1
705,102,788.12,489.14,55.35,94.80,1.0000,-1,-1,-1
705,103,981.05,371.93,57.83,160.72,1.0000,-1,-1,-1
705,104,386.62,249.87,60.82,134.52,1.0000,-1,-1,-1
705,105,619.43,166.44,39.68,129.89,1.0000,-1,-1,-1
706,12,170.32,275.03,60.73,118.37,1.0000,-1,-1,-1
706,68,472.78,462.60,68.33,119.04,1.0000,-1,-1,-1
706,76,354.82,271.79,62.17,132.68,1.0000,-1,-1,-1
706,85,886.36,332.82,52.67,143.96,1.0000,-1,-1,-1
706,90,576.55,360.20,65.29,167.25,1.0000,-1,-1,-1
706,96,486.63,118.00,68.43,121.98,1.0000,-1,-1,-1
706,98,486.91,237.44,45.44,135.05,1.0000,-1,-1,-1
706,102,788.12,488.75,55.41,95.45,1.0000,-1,-1,-1
706,103,981.19,369.55,55.44,159.31,1.0000,-1,-1,-1
706,104,379.69,251.60,60.80,134.48,1.0000,-1,-1,-1
706,105,618.86,165.64,40.02,129.08,1.0000,-1,-1,-1
707,12,174.49,275.40,63.47,117.82,1.0000,-1,-1,-1
707,68,472.57,461.80,67.71,119.78,1.0000,-1,-1,-1
707,76,355.85,272.22,62.14,132.61,1.0000,-1,-1,-1
707,85,888.36,332.06,53.15,143.71,1.0000,-1,-1,-1
707,90,576.94,358.42,65.20,168.25,1.0000,-1,-1,-1
707,96,488.06,118.04,68.44,122.00,1.0000,-1,-1,-1
707,98,485.45,240.14,44.39,133.60,1.0000,-1,-1,-1
707,102,787.95,488.49,55.52,95.72,1.0000,-1,-1,-1
707,103,980.80,367.91,53.28,158.04,1.0000,-1,-1,-1
707,104,372.75,253.33,60.78,134.44,1.0000,-1,-1,-1
707,105,618.97,164.86,40.14,128.75,1.0000,-1,-1,-1
708,12,179.20,276.03,65.39,117.70,1.0000,-1,-1,-1
708,68,471.98,460.63,67.55,120.44,1.0000,-1,-1,-1
708,76,356.89,272.64,62.10,132.54,1.0000,-1,-1,-1
708,85,890.20,331.81,53.20,143.51,1.0000,-1,-1,-1
708,90,577.10,358.60,65.25,168.48,1.0000,-1,-1,-1
708,96,489.49,118.09,68.45,122.02,1.0000,-1,-1,-1
708,98,480.71,241.70,44.05,132.57,1.0000,-1,-1,-1
708,102,787.49,488.28,55.77,95.69,1.0000,-1,-1,-1
708,103,980.56,367.46,51.37,157.15,1.0000,-1,-1,-1
708,104,365.82,255.06,60.76,134.40,1.0000,-1,-1,-1
708,105,619.12,164.45,40.64,128.86,1.0000,-1,-1,-1
709,12,185.63,277.12,66.84,116.83,1.0000,-1,-1,-1
709,68,471.42,460.25,67.39,121.12,1.0000,-1,-1,-1
709,76,357.93,273.07,62.07,132.47,1.0000,-1,-1,-1
709,85,892.41,331.56,52.77,143.22,1.0000,-1,-1,-1
709,90,577.44,359.83,65.23,168.07,1.0000,-1,-1,-1
709,96,490.92,118.14,68.47,122.05,1.0000,-1,-1,-1
709,98,475.96,243.28,43.71,131.53,1.0000,-1,-1,-1
709,102,787.29,488.52,55.63,95.81,1.0000,-1,-1,-1
709,103,979.56,367.26,50.54,156.46,1.0000,-1,-1,-1
709,104,358.89,256.79,60.74,134.36,1.0000,-1,-1,-1
709,105,620.61,167.39,40.60,128.22,1.0000,-1,-1,-1
710,12,194.49,282.12,68.94,116.78,1.0000,-1,-1,-1
710,68,470.79,460.04,67.21,121.91,1.0000,-1,-1,-1
710,76,358.96,273.49,62.04,132.40,1.0000,-1,-1,-1
710,85,895.87,331.49,52.56,142.21,1.0000,-1,-1,-1
710,90,577.50,361.23,65.37,167.48,1.0000,-1,-1,-1
710,96,492.35,118.19,68.48,122.07,1.0000,-1,-1,-1
710,98,461.62,240.33,51.98,133.79,1.0000,-1,-1,-1
710,102,787.10,488.90,55.43,95.71,1.0000,-1,-1,-1
710,103,977.94,366.32,49.92,155.35,1.0000,-1,-1,-1
710,104,351.96,258.52,60.73,134.32,1.0000,-1,-1,-1
710,105,624.18,171.40,39.71,126.45,1.0000,-1,-1,-1
711,12,198.14,287.17,72.33,118.51,1.0000,-1,-1,-1
711,68,470.62,459.73,67.14,122.50,1.0000,-1,-1,-1
711,76,371.24,260.22,70.77,142.68,1.0000,-1,-1,-1
711,85,898.40,331.85,52.41,141.35,1.0000,-1,-1,-1
711,90,577.51,360.40,65.59,167.92,1.0000,-1,-1,-1
711,96,493.78,118.23,68.49,122.09,1.0000,-1,-1,-1
711,98,458.06,239.00,55.01,135.48,1.0000,-1,-1,-1
711,102,786.36,489.23,55.55,95.46,1.0000,-1,-1,-1
711,103,976.39,365.50,49.59,154.51,1.0000,-1,-1,-1
711,104,345.03,260.25,60.71,134.28,1.0000,-1,-1,-1
711,105,626.72,173.92,38.92,124.85,1.0000,-1,-1,-1
712,12,200.57,291.80,75.22,119.46,1.0000,-1,-1,-1
712,68,469.87,459.57,67.62,122.88,1.0000,-1,-1,-1
712,76,371.37,258.54,73.72,145.59,1.0000,-1,-1,-1
712,85,900.12,332.66,52.88,140.46,1.0000,-1,-1,-1
712,90,577.50,359.86,65.84,168.25,1.0000,-1,-1,-1
712,98,453.89,238.32,58.31,137.94,1.0000,-1,-1,-1
712,102,785.81,489.42,55.45,95.22,1.0000,-1,-1,-1
712,103,974.81,364.88,49.38,153.33,1.0000,-1,-1,-1
712,104,338.09,261.99,60.69,134.24,1.0000,-1,-1,-1
712,105,628.55,174.97,37.90,123.94,1.0000,-1,-1,-1
713,12,203.81,296.40,75.93,120.45,1.0000,-1,-1,-1
713,68,468.96,459.69,68.43,123.00,1.0000,-1,-1,-1
713,76,371.01,257.79,74.41,147.20,1.0000,-1,-1,-1
713,85,899.58,332.06,53.36,140.73,1.0000,-1,-1,-1
713,90,577.49,359.37,66.00,168.70,1.0000,-1,-1,-1
713,98,450.00,236.33,60.49,140.68,1.0000,-1,-1,-1
713,102,785.46,489.74,54.82,94.80,1.0000,-1,-1,-1
713,103,973.45,364.07,49.31,152.14,1.0000,-1,-1,-1
713,104,331.16,263.72,60.67,134.20,1.0000,-1,-1,-1
713,105,629.95,175.73,36.97,123.04,1.0000,-1,-1,-1
714,12,206.19,300.17,75.44,119.89,1.0000,-1,-1,-1
714,68,469.42,460.10,68.73,122.84,1.0000,-1,-1,-1
714,76,369.67,257.09,74.93,150.00,1.0000,-1,-1,-1
714,85,898.98,331.50,54.36,141.13,1.0000,-1,-1,-1
714,90,577.54,360.36,66.01,168.52,1.0000,-1,-1,-1
714,98,447.83,233.78,61.15,141.11,1.0000,-1,-1,-1
714,102,784.70,490.24,54.41,94.39,1.0000,-1,-1,-1
714,103,972.17,362.68,49.55,150.28,1.0000,-1,-1,-1
714,104,324.23,265.45,60.65,134.16,1.0000,-1,-1,-1
714,105,631.06,175.85,36.14,122.36,1.0000,-1,-1,-1
715,12,218.63,303.48,68.89,119.01,1.0000,-1,-1,-1
715,68,470.40,460.78,68.73,123.31,1.0000,-1,-1,-1
715,76,365.52,257.92,79.41,152.61,1.0000,-1,-1,-1
715,85,899.87,332.94,56.46,140.23,1.0000,-1,-1,-1
715,90,577.11,359.06,66.13,169.53,1.0000,-1,-1,-1
715,98,445.38,230.23,60.45,141.88,1.0000,-1,-1,-1
715,102,782.56,490.93,54.28,93.66,1.0000,-1,-1,-1
715,103,969.96,361.44,49.87,147.93,1.0000,-1,-1,-1
715,104,317.30,267.18,60.63,134.12,1.0000,-1,-1,-1
715,105,631.30,177.18,36.64,121.63,1.0000,-1,-1,-1
716,12,227.48,304.63,64.09,118.58,1.0000,-1,-1,-1
716,68,471.29,461.32,68.94,123.38,1.0000,-1,-1,-1
716,76,361.86,259.57,82.82,153.75,1.0000,-1,-1,-1
716,85,900.86,333.68,57.82,139.66,1.0000,-1,-1,-1
716,90,576.96,358.02,66.35,170.58,1.0000,-1,-1,-1
716,98,442.98,228.85,60.04,142.51,1.0000,-1,-1,-1
716,102,779.82,491.42,54.78,93.13,1.0000,-1,-1,-1
716,103,968.40,358.92,50.94,147.81,1.0000,-1,-1,-1
716,104,310.36,268.91,60.62,134.08,1.0000,-1,-1,-1
716,105,632.86,177.75,35.96,120.43,1.0000,-1,-1,-1
717,12,233.16,303.90,60.58,118.36,1.0000,-1,-1,-1
717,68,472.01,461.68,69.29,123.30,1.0000,-1,-1,-1
717,76,359.75,261.51,86.27,154.62,1.0000,-1,-1,-1
717,85,901.28,334.02,58.60,139.08,1.0000,-1,-1,-1
717,90,576.70,357.43,66.46,171.26,1.0000,-1,-1,-1
717,98,445.52,229.30,57.88,140.97,1.0000,-1,-1,-1
717,102,778.22,491.64,54.13,92.69,1.0000,-1,-1,-1
717,103,967.36,357.13,51.32,147.79,1.0000,-1,-1,-1
717,104,303.43,270.64,60.60,134.04,1.0000,-1,-1,-1
717,105,633.54,177.97,36.12,119.98,1.0000,-1,-1,-1
718,12,237.30,301.42,60.17,119.44,1.0000,-1,-1,-1
718,68,472.43,461.75,69.68,123.52,1.0000,-1,-1,-1
718,76,358.06,263.54,87.77,154.36,1.0000,-1,-1,-1
718,85,904.49,334.01,57.62,139.08,1.0000,-1,-1,-1
718,90,576.30,356.97,66.62,171.58,1.0000,-1,-1,-1
718,98,443.33,229.95,57.55,139.93,1.0000,-1,-1,-1
718,102,777.36,492.32,53.24,92.45,1.0000,-1,-1,-1
718,103,966.52,355.64,51.31,147.81,1.0000,-1,-1,-1
718,104,296.50,272.37,60.58,134.00,1.0000,-1,-1,-1
718,105,633.26,177.26,37.27,119.87,1.0000,-1,-1,-1
719,12,240.33,298.20,63.80,121.18,1.0000,-1,-1,-1
719,68,473.09,460.70,70.07,123.51,1.0000,-1,-1,-1
719,76,355.61,265.21,87.30,154.17,1.0000,-1,-1,-1
719,85,903.68,333.59,57.51,139.38,1.0000,-1,-1,-1
719,90,575.82,356.75,66.89,171.57,1.0000,-1,-1,-1
719,98,441.59,230.53,57.27,139.41,1.0000,-1,-1,-1
719,102,776.88,493.41,52.13,92.32,1.0000,-1,-1,-1
719,103,965.46,354.64,51.47,147.29,1.0000,-1,-1,-1
719,104,289.57,274.10,60.56,133.96,1.0000,-1,-1,-1
719,105,633.71,177.35,38.30,119.89,1.0000,-1,-1,-1
720,12,242.74,292.76,65.53,124.54,1.0000,-1,-1,-1
720,68,474.45,459.71,70.42,123.36,1.0000,-1,-1,-1
720,76,353.31,267.04,86.65,154.21,1.0000,-1,-1,-1
720,85,904.73,332.65,56.87,139.53,1.0000,-1,-1,-1
720,90,575.13,356.22,67.32,171.63,1.0000,-1,-1,-1
720,98,442.41,232.30,54.75,138.16,1.0000,-1,-1,-1
720,102,773.50,495.58,51.91,93.17,1.0000,-1,-1,-1
720,103,963.84,353.60,52.12,147.27,1.0000,-1,-1,-1
720,105,634.09,177.71,39.45,120.51,1.0000,-1,-1,-1
720,108,283.07,134.14,58.21,128.45,1.0000,-1,-1,-1
721,12,245.72,287.28,66.21,127.63,1.0000,-1,-1,-1
721,68,474.98,459.23,70.86,123.17,1.0000,-1,-1,-1
721,76,352.45,268.21,86.20,153.91,1.0000,-1,-1,-1
721,85,907.35,330.57,54.45,138.06,1.0000,-1,-1,-1
721,90,574.34,355.63,67.89,171.72,1.0000,-1,-1,-1
721,98,440.24,235.38,53.65,136.20,1.0000,-1,-1,-1
721,102,771.18,495.89,51.35,93.15,1.0000,-1,-1,-1
721,103,963.89,351.07,52.07,148.36,1.0000,-1,-1,-1
721,105,634.98,179.40,40.02,120.92,1.0000,-1,-1,-1
721,108,281.41,136.41,57.89,127.15,1.0000,-1,-1,-1
722,12,256.93,280.00,64.28,124.69,1.0000,-1,-1,-1
722,68,474.89,458.96,71.40,122.95,1.0000,-1,-1,-1
722,76,353.79,269.35,87.13,153.70,1.0000,-1,-1,-1
722,85,908.73,329.10,53.28,137.55,1.0000,-1,-1,-1
722,90,573.16,355.57,68.88,171.67,1.0000,-1,-1,-1
722,98,439.40,236.95,52.39,134.22,1.0000,-1,-1,-1
722,102,769.48,495.77,50.89,92.37,1.0000,-1,-1,-1
722,103,962.56,348.99,53.10,149.68,1.0000,-1,-1,-1
722,105,635.98,179.08,40.22,120.22,1.0000,-1,-1,-1
722,108,280.28,137.48,56.89,125.64,1.0000,-1,-1,-1
723,12,260.42,276.38,64.91,124.25,1.0000,-1,-1,-1
723,68,474.14,458.81,72.13,122.86,1.0000,-1,-1,-1
723,76,352.81,268.72,85.69,153.42,1.0000,-1,-1,-1
723,85,908.15,328.72,52.04,138.18,1.0000,-1,-1,-1
723,90,573.10,355.84,69.29,171.35,1.0000,-1,-1,-1
723,98,439.00,236.35,51.56,134.15,1.0000,-1,-1,-1
723,102,767.50,495.73,50.26,91.21,1.0000,-1,-1,-1
723,103,961.06,349.43,53.58,149.85,1.0000,-1,-1,-1
723,105,637.40,180.47,39.99,120.74,1.0000,-1,-1,-1
723,108,277.85,138.31,57.28,126.50,1.0000,-1,-1,-1
724,12,265.41,274.08,64.50,123.58,1.0000,-1,-1,-1
724,68,473.32,459.01,72.72,123.04,1.0000,-1,-1,-1
724,76,350.13,268.95,84.50,153.43,1.0000,-1,-1,-1
724,85,906.72,329.05,50.84,139.83,1.0000,-1,-1,-1
724,90,572.65,355.96,69.83,170.87,1.0000,-1,-1,-1
724,98,438.29,235.81,51.09,134.39,1.0000,-1,-1,-1
724,102,766.79,496.30,48.85,90.20,1.0000,-1,-1,-1
724,103,960.43,349.17,53.86,150.00,1.0000,-1,-1,-1
724,105,635.21,179.20,43.16,122.03,1.0000,-1,-1,-1
724,108,275.41,139.14,57.67,127.37,1.0000,-1,-1,-1
725,12,272.75,272.01,61.79,123.80,1.0000,-1,-1,-1
725,68,471.42,460.15,73.67,121.94,1.0000,-1,-1,-1
725,76,349.76,269.52,84.61,153.63,1.0000,-1,-1,-1
725,85,905.72,328.83,50.77,141.44,1.0000,-1,-1,-1
725,90,570.90,356.34,71.03,169.42,1.0000,-1,-1,-1
725,98,435.55,233.27,49.87,136.26,1.0000,-1,-1,-1
725,102,764.47,497.16,47.87,89.32,1.0000,-1,-1,-1
725,103,956.31,347.92,56.13,151.04,1.0000,-1,-1,-1
725,105,633.57,178.20,49.42,124.53,1.0000,-1,-1,-1
725,107,468.24,126.66,59.34,115.59,1.0000,-1,-1,-1
725,108,272.98,139.97,58.06,128.22,1.0000,-1,-1,-1
726,12,275.78,270.07,60.22,124.57,1.0000,-1,-1,-1
726,68,469.63,460.88,74.05,121.04,1.0000,-1,-1,-1
726,76,349.39,270.09,84.72,153.82,1.0000,-1,-1,-1
726,85,904.80,328.66,50.88,142.39,1.0000,-1,-1,-1
726,90,568.59,356.29,72.80,168.55,1.0000,-1,-1,-1
726,98,434.22,232.22,49.27,138.53,1.0000,-1,-1,-1
726,102,762.42,498.97,47.93,88.28,1.0000,-1,-1,-1
726,103,950.10,345.78,59.95,153.03,1.0000,-1,-1,-1
726,105,633.72,179.19,53.78,125.83,1.0000,-1,-1,-1
726,107,463.52,125.71,62.84,115.37,1.0000,-1,-1,-1
726,108,263.13,137.30,58.00,126.08,1.0000,-1,-1,-1
727,12,277.78,267.59,60.38,126.29,1.0000,-1,-1,-1
727,68,466.75,461.67,73.90,120.19,1.0000,-1,-1,-1
727,76,359.04,265.39,81.73,147.83,1.0000,-1,-1,-1
727,85,904.10,329.09,51.22,142.99,1.0000,-1,-1,-1
727,90,567.81,357.23,73.97,167.64,1.0000,-1,-1,-1
727,98,433.95,231.76,48.44,139.53,1.0000,-1,-1,-1
727,102,760.68,500.71,47.97,87.01,1.0000,-1,-1,-1
727,103,944.30,345.20,64.05,154.63,1.0000,-1,-1,-1
727,105,633.67,180.47,56.09,126.22,1.0000,-1,-1,-1
727,107,459.47,124.39,65.89,116.19,1.0000,-1,-1,-1
727,108,259.59,137.52,58.25,126.63,1.0000,-1,-1,-1
728,12,280.89,265.12,62.60,129.28,1.0000,-1,-1,-1
728,68,463.63,462.09,74.76,119.41,1.0000,-1,-1,-1
728,76,359.39,265.29,81.81,147.98,1.0000,-1,-1,-1
728,85,902.79,330.58,51.31,142.82,1.0000,-1,-1,-1
728,90,567.61,358.93,74.78,166.03,1.0000,-1,-1,-1
728,98,433.36,231.19,48.31,139.31,1.0000,-1,-1,-1
728,102,758.11,501.65,48.91,85.26,1.0000,-1,-1,-1
728,103,937.03,346.64,69.31,155.05,1.0000,-1,-1,-1
728,105,634.53,181.64,57.22,125.92,1.0000,-1,-1,-1
728,107,455.48,124.04,68.40,116.66,1.0000,-1,-1,-1
728,108,251.86,137.38,60.07,126.56,1.0000,-1,-1,-1
729,12,282.21,264.25,63.50,133.03,1.0000,-1,-1,-1
729,68,460.31,462.44,75.91,118.55,1.0000,-1,-1,-1
729,76,359.75,265.19,81.89,148.12,1.0000,-1,-1,-1
729,85,901.28,332.88,51.13,143.06,1.0000,-1,-1,-1
729,90,567.52,360.55,75.83,164.77,1.0000,-1,-1,-1
729,98,431.61,231.32,48.58,139.00,1.0000,-1,-1,-1
729,102,756.33,502.63,49.78,83.46,1.0000,-1,-1,-1
729,103,929.63,347.90,75.57,155.53,1.0000,-1,-1,-1
729,105,634.09,181.92,57.65,125.29,1.0000,-1,-1,-1
729,107,450.05,124.80,71.33,117.76,1.0000,-1,-1,-1
729,108,245.95,137.75,56.94,124.93,1.0000,-1,-1,-1
730,12,298.05,264.55,69.90,139.98,1.0000,-1,-1,-1
730,68,454.60,463.69,77.06,117.64,1.0000,-1,-1,-1
730,76,360.10,265.09,81.97,148.27,1.0000,-1,-1,-1
730,85,901.27,333.08,51.12,143.01,1.0000,-1,-1,-1
730,90,565.50,363.99,77.51,163.83,1.0000,-1,-1,-1
730,98,424.32,233.29,50.94,139.15,1.0000,-1,-1,-1
730,102,754.44,503.94,50.97,81.35,1.0000,-1,-1,-1
730,103,920.61,346.54,81.97,156.49,1.0000,-1,-1,-1
730,105,631.63,181.84,59.25,125.50,1.0000,-1,-1,-1
730,107,445.91,125.85,72.37,118.12,1.0000,-1,-1,-1
730,108,235.14,139.43,58.59,126.62,1.0000,-1,-1,-1
731,12,303.54,263.98,69.93,140.04,1.0000,-1,-1,-1
731,68,450.43,463.87,77.17,117.35,1.0000,-1,-1,-1
731,76,360.45,264.98,82.05,148.41,1.0000,-1,-1,-1
731,85,901.26,333.28,51.10,142.97,1.0000,-1,-1,-1
731,90,564.56,367.32,78.56,162.08,1.0000,-1,-1,-1
731,98,421.64,236.20,51.85,138.09,1.0000,-1,-1,-1
731,102,752.37,505.14,52.39,79.57,1.0000,-1,-1,-1
731,103,910.53,342.48,88.74,159.62,1.0000,-1,-1,-1
731,105,629.19,182.86,60.59,125.48,1.0000,-1,-1,-1
731,107,442.07,126.57,73.89,118.74,1.0000,-1,-1,-1
731,108,228.41,140.82,60.47,127.38,1.0000,-1,-1,-1
732,12,309.03,263.41,69.96,140.10,1.0000,-1,-1,-1
732,68,444.75,464.22,78.19,117.49,1.0000,-1,-1,-1
732,76,360.81,264.88,82.13,148.55,1.0000,-1,-1,-1
732,85,901.25,333.48,51.09,142.92,1.0000,-1,-1,-1
732,90,561.61,367.44,80.60,161.79,1.0000,-1,-1,-1
732,98,417.12,236.19,53.89,138.08,1.0000,-1,-1,-1
732,102,750.69,506.39,53.71,77.94,1.0000,-1,-1,-1
732,103,904.52,339.32,93.69,161.82,1.0000,-1,-1,-1
732,105,624.40,181.00,63.40,127.34,1.0000,-1,-1,-1
732,107,439.65,125.97,75.05,119.87,1.0000,-1,-1,-1
732,108,222.81,141.73,59.80,127.57,1.0000,-1,-1,-1
733,12,304.97,259.53,85.29,149.07,1.0000,-1,-1,-1
733,68,441.16,464.16,78.25,117.54,1.0000,-1,-1,-1
733,76,361.16,264.78,82.21,148.70,1.0000,-1,-1,-1
733,85,901.24,333.67,51.07,142.88,1.0000,-1,-1,-1
733,90,563.44,370.79,79.86,159.63,1.0000,-1,-1,-1
733,98,414.50,235.83,54.63,138.48,1.0000,-1,-1,-1
733,102,749.61,507.82,54.54,76.79,1.0000,-1,-1,-1
733,103,900.39,336.31,96.74,163.72,1.0000,-1,-1,-1
733,105,621.77,181.85,65.04,127.90,1.0000,-1,-1,-1
733,107,437.56,124.27,75.55,121.71,1.0000,-1,-1,-1
733,108,218.59,143.76,58.80,126.55,1.0000,-1,-1,-1
734,12,299.13,271.26,90.50,143.88,1.0000,-1,-1,-1
734,68,439.36,463.78,77.37,117.47,1.0000,-1,-1,-1
734,76,361.51,264.68,82.29,148.84,1.0000,-1,-1,-1
734,85,901.23,333.87,51.05,142.84,1.0000,-1,-1,-1
734,90,559.85,371.88,82.14,159.05,1.0000,-1,-1,-1
734,98,405.28,234.58,59.21,140.21,1.0000,-1,-1,-1
734,102,748.63,508.55,55.61,75.92,1.0000,-1,-1,-1
734,103,895.67,335.01,98.08,164.96,1.0000,-1,-1,-1
734,105,620.40,180.54,65.10,128.97,1.0000,-1,-1,-1
734,107,435.99,123.60,75.52,122.25,1.0000,-1,-1,-1
734,108,214.73,144.97,58.14,125.68,1.0000,-1,-1,-1
735,12,303.66,271.54,90.64,144.10,1.0000,-1,-1,-1
735,68,435.26,463.53,75.30,117.08,1.0000,-1,-1,-1
735,76,361.87,264.58,82.37,148.98,1.0000,-1,-1,-1
735,85,901.22,334.07,51.04,142.79,1.0000,-1,-1,-1
735,90,558.66,374.79,83.28,157.45,1.0000,-1,-1,-1
735,98,403.01,232.79,60.98,140.79,1.0000,-1,-1,-1
735,102,748.95,509.61,57.33,75.58,1.0000,-1,-1,-1
735,103,889.04,334.37,93.64,164.59,1.0000,-1,-1,-1
735,105,620.37,183.33,66.09,128.45,1.0000,-1,-1,-1
735,107,432.57,124.32,75.80,121.19,1.0000,-1,-1,-1
735,108,208.91,144.71,57.17,126.06,1.0000,-1,-1,-1
736,12,280.58,278.16,86.60,140.97,1.0000,-1,-1,-1
736,68,430.94,463.60,75.14,116.57,1.0000,-1,-1,-1
736,76,362.22,264.48,82.45,149.13,1.0000,-1,-1,-1
736,85,901.20,334.27,51.02,142.75,1.0000,-1,-1,-1
736,90,564.45,377.87,80.36,156.31,1.0000,-1,-1,-1
736,98,405.71,232.00,59.90,140.58,1.0000,-1,-1,-1
736,102,749.19,510.24,58.66,75.44,1.0000,-1,-1,-1
736,103,885.45,334.02,87.67,164.09,1.0000,-1,-1,-1
736,105,618.51,182.95,66.36,129.39,1.0000,-1,-1,-1
736,107,428.36,124.04,76.81,121.76,1.0000,-1,-1,-1
736,108,203.73,143.79,56.99,126.63,1.0000,-1,-1,-1
737,12,268.54,277.24,78.12,139.69,1.0000,-1,-1,-1
737,68,426.66,463.32,75.46,116.76,1.0000,-1,-1,-1
737,76,362.57,264.38,82.53,149.27,1.0000,-1,-1,-1
737,85,900.37,339.57,56.76,155.46,1.0000,-1,-1,-1
737,90,562.39,379.10,80.88,156.74,1.0000,-1,-1,-1
737,98,406.36,231.05,59.39,138.54,1.0000,-1,-1,-1
737,102,749.19,510.67,60.02,75.36,1.0000,-1,-1,-1
737,103,881.59,332.89,87.80,164.34,1.0000,-1,-1,-1
737,105,617.49,186.18,65.22,127.79,1.0000,-1,-1,-1
737,107,424.93,123.38,77.98,123.68,1.0000,-1,-1,-1
737,108,199.36,142.86,56.67,127.63,1.0000,-1,-1,-1
738,12,257.79,276.88,75.83,140.01,1.0000,-1,-1,-1
738,68,424.44,463.85,75.32,116.12,1.0000,-1,-1,-1
738,76,362.93,264.27,82.61,149.41,1.0000,-1,-1,-1
738,85,900.48,340.48,56.79,155.56,1.0000,-1,-1,-1
738,90,570.11,380.58,75.96,156.73,1.0000,-1,-1,-1
738,98,404.33,231.02,59.23,138.17,1.0000,-1,-1,-1
738,102,748.70,510.92,61.26,75.14,1.0000,-1,-1,-1
738,103,872.63,334.54,87.00,164.60,1.0000,-1,-1,-1
738,105,615.53,188.92,64.09,126.30,1.0000,-1,-1,-1
738,107,422.11,123.70,78.45,125.00,1.0000,-1,-1,-1
738,108,195.22,142.83,56.34,127.90,1.0000,-1,-1,-1
739,12,249.16,275.95,75.38,140.50,1.0000,-1,-1,-1
739,68,423.18,464.21,74.90,115.33,1.0000,-1,-1,-1
739,76,363.28,264.17,82.68,149.55,1.0000,-1,-1,-1
739,85,900.58,341.39,56.82,155.65,1.0000,-1,-1,-1
739,90,574.23,381.89,71.97,156.58,1.0000,-1,-1,-1
739,98,402.30,230.99,59.07,137.80,1.0000,-1,-1,-1
739,102,748.66,511.26,62.12,74.58,1.0000,-1,-1,-1
739,103,868.29,333.65,87.13,164.84,1.0000,-1,-1,-1
739,105,611.77,186.05,63.58,127.41,1.0000,-1,-1,-1
739,107,419.91,122.77,78.87,126.28,1.0000,-1,-1,-1
739,108,190.10,142.87,55.39,128.98,1.0000,-1,-1,-1
740,12,239.67,272.71,77.54,137.26,1.0000,-1,-1,-1
740,68,419.98,464.85,74.84,114.91,1.0000,-1,-1,-1
740,76,363.64,264.07,82.76,149.70,1.0000,-1,-1,-1
740,85,900.68,342.30,56.86,155.74,1.0000,-1,-1,-1
740,90,574.12,382.29,69.44,157.61,1.0000,-1,-1,-1
740,98,400.26,230.96,58.92,137.43,1.0000,-1,-1,-1
740,102,750.29,512.64,62.05,73.02,1.0000,-1,-1,-1
740,103,869.24,334.95,74.57,162.71,1.0000,-1,-1,-1
740,105,607.89,185.18,64.13,129.14,1.0000,-1,-1,-1
740,107,415.93,122.78,79.44,126.08,1.0000,-1,-1,-1
740,108,184.04,143.38,56.04,130.52,1.0000,-1,-1,-1
741,12,234.89,271.54,77.82,134.42,1.0000,-1,-1,-1
741,68,418.75,466.07,74.10,113.50,1.0000,-1,-1,-1
741,76,363.99,263.97,82.84,149.84,1.0000,-1,-1,-1
741,85,900.79,343.20,56.89,155.83,1.0000,-1,-1,-1
741,90,574.69,383.23,68.18,158.10,1.0000,-1,-1,-1
741,98,396.89,232.35,60.02,136.09,1.0000,-1,-1,-1
741,102,751.83,513.90,61.67,71.44,1.0000,-1,-1,-1
741,103,867.99,336.89,67.75,163.64,1.0000,-1,-1,-1
741,105,606.34,185.34,64.57,129.74,1.0000,-1,-1,-1
741,107,413.83,123.41,79.14,125.68,1.0000,-1,-1,-1
741,108,177.84,144.11,54.10,130.88,1.0000,-1,-1,-1
742,12,233.63,271.12,77.72,132.38,1.0000,-1,-1,-1
742,68,417.61,466.70,73.61,113.45,1.0000,-1,-1,-1
742,76,364.34,263.87,82.92,149.98,1.0000,-1,-1,-1
742,85,900.89,344.11,56.92,155.92,1.0000,-1,-1,-1
742,90,574.59,383.78,67.47,158.56,1.0000,-1,-1,-1
742,98,394.80,232.38,59.86,135.74,1.0000,-1,-1,-1
742,102,753.37,515.12,61.39,70.25,1.0000,-1,-1,-1
742,103,863.61,336.52,67.72,163.56,1.0000,-1,-1,-1
742,105,604.00,186.48,65.47,128.25,1.0000,-1,-1,-1
742,107,413.16,123.42,77.90,124.02,1.0000,-1,-1,-1
742,108,171.79,144.44,53.27,131.21,1.0000,-1,-1,-1
743,12,232.45,271.31,78.35,130.92,1.0000,-1,-1,-1
743,68,415.14,467.42,74.73,113.53,1.0000,-1,-1,-1
743,85,898.59,335.54,57.20,150.36,1.0000,-1,-1,-1
743,90,574.19,384.11,66.82,158.80,1.0000,-1,-1,-1
743,98,392.71,232.42,59.71,135.38,1.0000,-1,-1,-1
743,102,755.69,515.93,61.08,69.39,1.0000,-1,-1,-1
743,103,859.98,333.73,62.27,163.24,1.0000,-1,-1,-1
743,105,599.35,185.93,62.69,123.83,1.0000,-1,-1,-1
743,107,410.82,123.68,77.27,123.24,1.0000,-1,-1,-1
743,108,168.21,145.60,51.50,131.13,1.0000,-1,-1,-1
744,12,230.97,270.68,79.30,131.01,1.0000,-1,-1,-1
744,68,411.03,467.96,76.54,114.02,1.0000,-1,-1,-1
744,85,898.53,335.57,57.23,150.43,1.0000,-1,-1,-1
744,90,573.06,384.71,66.62,159.61,1.0000,-1,-1,-1
744,98,390.62,232.46,59.55,135.03,1.0000,-1,-1,-1
744,102,757.79,516.74,60.76,68.53,1.0000,-1,-1,-1
744,103,855.45,333.21,62.20,163.03,1.0000,-1,-1,-1
744,105,595.40,184.29,61.42,122.84,1.0000,-1,-1,-1
744,107,408.22,123.71,76.91,123.68,1.0000,-1,-1,-1
744,108,165.41,146.08,50.27,132.41,1.0000,-1,-1,-1
744,111,279.33,288.17,79.56,155.08,1.0000,-1,-1,-1
745,12,228.10,267.31,82.43,133.40,1.0000,-1,-1,-1
745,68,405.65,468.10,78.06,114.24,1.0000,-1,-1,-1
745,85,898.47,335.60,57.25,150.49,1.0000,-1,-1,-1
745,90,572.77,385.19,65.87,160.90,1.0000,-1,-1,-1
745,98,388.53,232.50,59.39,134.67,1.0000,-1,-1,-1
745,102,759.06,517.61,60.71,67.68,1.0000,-1,-1,-1
745,103,850.93,332.68,62.12,162.83,1.0000,-1,-1,-1
745,105,593.05,186.27,63.49,125.12,1.0000,-1,-1,-1
745,107,405.65,122.50,75.87,124.66,1.0000,-1,-1,-1
745,108,159.09,147.78,49.79,133.00,1.0000,-1,-1,-1
745,111,277.54,291.86,90.11,158.01,1.0000,-1,-1,-1
746,12,226.35,265.22,84.67,135.06,1.0000,-1,-1,-1
746,68,399.44,468.99,79.17,114.50,1.0000,-1,-1,-1
746,85,876.90,339.71,70.55,149.53,1.0000,-1,-1,-1
746,90,572.88,385.16,66.16,162.71,1.0000,-1,-1,-1
746,98,386.44,232.54,59.23,134.31,1.0000,-1,-1,-1
746,102,760.29,518.10,61.06,66.73,1.0000,-1,-1,-1
746,103,846.40,332.16,62.04,162.62,1.0000,-1,-1,-1
746,105,591.05,186.30,63.74,125.61,1.0000,-1,-1,-1
746,107,402.99,123.51,75.31,124.06,1.0000,-1,-1,-1
746,108,155.18,147.85,50.08,134.46,1.0000,-1,-1,-1
746,111,273.43,295.81,94.93,157.27,1.0000,-1,-1,-1
747,12,225.53,263.00,86.75,135.78,1.0000,-1,-1,-1
747,68,395.72,468.74,80.81,114.22,1.0000,-1,-1,-1
747,85,873.60,338.98,74.25,150.27,1.0000,-1,-1,-1
747,90,573.22,385.35,66.65,164.28,1.0000,-1,-1,-1
747,98,384.35,232.57,59.08,133.96,1.0000,-1,-1,-1
747,102,760.75,518.63,61.71,66.12,1.0000,-1,-1,-1
747,103,831.39,333.01,56.16,159.61,1.0000,-1,-1,-1
747,105,589.06,186.32,63.99,126.10,1.0000,-1,-1,-1
747,107,399.30,124.51,74.85,123.79,1.0000,-1,-1,-1
747,108,151.65,146.84,50.85,136.49,1.0000,-1,-1,-1
747,111,269.79,298.60,100.99,157.12,1.0000,-1,-1,-1
748,12,229.16,260.59,86.75,135.91,1.0000,-1,-1,-1
748,68,390.26,469.45,81.28,113.33,1.0000,-1,-1,-1
748,85,868.70,337.77,76.89,151.54,1.0000,-1,-1,-1
748,90,573.20,385.35,66.99,166.04,1.0000,-1,-1,-1
748,98,382.26,232.61,58.92,133.60,1.0000,-1,-1,-1
748,102,761.10,519.00,62.40,65.42,1.0000,-1,-1,-1
748,103,825.16,333.46,55.61,159.01,1.0000,-1,-1,-1
748,105,587.06,186.34,64.24,126.59,1.0000,-1,-1,-1
748,107,396.34,124.30,74.61,124.03,1.0000,-1,-1,-1
748,108,144.10,147.53,51.92,137.53,1.0000,-1,-1,-1
748,111,269.60,299.07,111.43,158.32,1.0000,-1,-1,-1
749,12,234.54,257.72,85.81,134.20,1.0000,-1,-1,-1
749,68,386.53,470.25,82.55,112.61,1.0000,-1,-1,-1
749,85,863.81,335.56,78.49,153.44,1.0000,-1,-1,-1
749,90,572.37,385.33,66.28,167.68,1.0000,-1,-1,-1
749,98,380.17,232.65,58.76,133.24,1.0000,-1,-1,-1
749,102,761.16,519.44,63.08,64.80,1.0000,-1,-1,-1
749,103,809.22,337.32,61.82,156.67,1.0000,-1,-1,-1
749,105,585.52,192.46,64.16,126.92,1.0000,-1,-1,-1
749,107,393.52,123.83,72.75,122.13,1.0000,-1,-1,-1
749,108,139.36,147.58,53.18,138.65,1.0000,-1,-1,-1
749,111,266.22,299.33,122.17,160.58,1.0000,-1,-1,-1
750,12,233.90,256.50,85.89,134.32,1.0000,-1,-1,-1
750,68,377.49,472.28,83.20,111.60,1.0000,-1,-1,-1
750,85,853.70,332.61,79.49,155.29,1.0000,-1,-1,-1
750,90,571.14,385.20,64.57,168.66,1.0000,-1,-1,-1
750,98,378.08,232.69,58.60,132.87,1.0000,-1,-1,-1
750,102,762.10,521.55,64.34,63.23,1.0000,-1,-1,-1
750,103,790.33,344.29,72.10,152.44,1.0000,-1,-1,-1
750,105,581.01,194.42,61.30,126.75,1.0000,-1,-1,-1
750,107,390.50,123.47,73.15,122.81,1.0000,-1,-1,-1
750,108,132.18,148.29,52.85,139.13,1.0000,-1,-1,-1
750,111,258.67,303.09,121.18,160.46,1.0000,-1,-1,-1
751,12,233.25,255.28,85.97,134.45,1.0000,-1,-1,-1
751,68,370.45,473.80,83.32,110.74,1.0000,-1,-1,-1
751,85,846.13,329.60,79.39,156.26,1.0000,-1,-1,-1
751,90,569.54,384.47,63.10,169.30,1.0000,-1,-1,-1
751,98,375.99,232.74,58.44,132.51,1.0000,-1,-1,-1
751,102,762.63,523.35,65.09,61.57,1.0000,-1,-1,-1
751,103,778.36,348.43,80.51,149.80,1.0000,-1,-1,-1
751,105,578.71,195.04,61.51,127.19,1.0000,-1,-1,-1
751,107,387.47,123.11,73.56,123.49,1.0000,-1,-1,-1
751,108,126.48,151.51,51.82,138.63,1.0000,-1,-1,-1
751,111,255.86,303.83,124.91,165.40,1.0000,-1,-1,-1
752,12,232.61,254.06,86.05,134.58,1.0000,-1,-1,-1
752,68,363.43,474.47,83.92,110.37,1.0000,-1,-1,-1
752,85,839.52,328.61,78.96,157.70,1.0000,-1,-1,-1
752,90,567.64,385.07,62.90,169.79,1.0000,-1,-1,-1
752,98,373.90,232.78,58.28,132.15,1.0000,-1,-1,-1
752,102,763.25,523.79,65.12,61.60,1.0000,-1,-1,-1
752,103,768.34,351.06,89.18,147.89,1.0000,-1,-1,-1
752,105,576.41,195.67,61.72,127.63,1.0000,-1,-1,-1
752,107,384.45,122.75,73.96,124.16,1.0000,-1,-1,-1
752,108,122.09,153.30,51.57,139.38,1.0000,-1,-1,-1
752,111,253.11,304.65,128.54,170.21,1.0000,-1,-1,-1
753,12,231.97,252.84,86.13,134.70,1.0000,-1,-1,-1
753,68,359.13,474.25,83.13,109.92,1.0000,-1,-1,-1
753,85,836.88,324.25,77.05,157.80,1.0000,-1,-1,-1
753,90,566.49,384.82,63.02,170.75,1.0000,-1,-1,-1
753,98,371.82,232.82,58.12,131.78,1.0000,-1,-1,-1
753,102,763.87,524.23,65.15,61.63,1.0000,-1,-1,-1
753,103,759.07,351.31,97.07,148.02,1.0000,-1,-1,-1
753,105,574.10,196.30,61.93,128.07,1.0000,-1,-1,-1
753,107,381.43,122.40,74.36,124.83,1.0000,-1,-1,-1
753,108,112.02,155.03,55.12,139.16,1.0000,-1,-1,-1
753,111,250.41,305.53,132.07,174.88,1.0000,-1,-1,-1
754,12,231.33,251.62,86.21,134.83,1.0000,-1,-1,-1
754,68,354.17,475.11,82.57,109.32,1.0000,-1,-1,-1
754,85,833.80,321.37,73.99,157.19,1.0000,-1,-1,-1
754,90,564.82,385.16,63.26,171.36,1.0000,-1,-1,-1
754,98,369.73,232.86,57.96,131.42,1.0000,-1,-1,-1
754,102,765.05,526.39,64.16,59.54,1.0000,-1,-1,-1
754,103,752.99,352.06,103.50,147.73,1.0000,-1,-1,-1
754,105,571.80,196.93,62.14,128.50,1.0000,-1,-1,-1
754,107,378.41,122.05,74.75,125.50,1.0000,-1,-1,-1
754,108,105.95,156.63,54.86,138.77,1.0000,-1,-1,-1
754,111,247.75,306.47,135.50,179.42,1.0000,-1,-1,-1
755,12,267.98,263.83,86.22,129.13,1.0000,-1,-1,-1
755,68,346.07,477.86,82.06,107.39,1.0000,-1,-1,-1
755,85,827.68,320.37,70.06,156.76,1.0000,-1,-1,-1
755,90,560.39,385.30,64.25,171.01,1.0000,-1,-1,-1
755,98,367.64,232.90,57.79,131.05,1.0000,-1,-1,-1
755,102,766.97,529.10,62.90,57.16,1.0000,-1,-1,-1
755,103,740.75,350.97,107.04,146.62,1.0000,-1,-1,-1
755,105,560.11,190.94,64.31,134.11,1.0000,-1,-1,-1
755,107,375.40,121.69,75.15,126.16,1.0000,-1,-1,-1
755,108,97.39,158.29,56.53,139.58,1.0000,-1,-1,-1
755,111,245.13,307.47,138.85,183.86,1.0000,-1,-1,-1
756,12,271.75,264.43,86.57,125.76,1.0000,-1,-1,-1
756,68,339.99,479.54,80.74,105.72,1.0000,-1,-1,-1
756,85,822.15,319.91,66.50,154.81,1.0000,-1,-1,-1
756,90,556.14,385.30,65.57,170.85,1.0000,-1,-1,-1
756,98,365.55,232.95,57.63,130.68,1.0000,-1,-1,-1
756,102,769.66,531.06,60.99,55.28,1.0000,-1,-1,-1
756,103,729.55,351.80,109.05,146.41,1.0000,-1,-1,-1
756,105,558.66,191.39,65.24,135.95,1.0000,-1,-1,-1
756,107,372.38,121.34,75.54,126.82,1.0000,-1,-1,-1
756,108,88.12,159.56,58.82,141.54,1.0000,-1,-1,-1
756,111,242.56,308.52,142.12,188.19,1.0000,-1,-1,-1
757,12,274.75,264.57,91.51,124.35,1.0000,-1,-1,-1
757,68,333.95,482.78,79.49,103.26,1.0000,-1,-1,-1
757,85,818.01,322.16,64.83,153.98,1.0000,-1,-1,-1
757,90,552.87,385.26,66.62,170.79,1.0000,-1,-1,-1
757,102,771.58,532.40,59.67,53.82,1.0000,-1,-1,-1
757,103,714.53,352.15,108.67,145.80,1.0000,-1,-1,-1
757,105,558.31,193.04,68.12,137.11,1.0000,-1,-1,-1
757,107,373.22,143.22,109.24,184.23,1.0000,-1,-1,-1
757,108,82.08,160.22,60.94,143.02,1.0000,-1,-1,-1
757,111,240.02,309.62,145.32,192.43,1.0000,-1,-1,-1
758,12,274.21,262.90,93.68,124.22,1.0000,-1,-1,-1
758,68,326.64,484.52,78.69,101.26,1.0000,-1,-1,-1
758,85,816.25,325.17,64.80,154.07,1.0000,-1,-1,-1
758,90,548.59,385.36,68.29,171.00,1.0000,-1,-1,-1
758,102,773.23,533.58,58.44,52.47,1.0000,-1,-1,-1
758,103,698.44,352.79,107.82,144.66,1.0000,-1,-1,-1
758,105,555.93,194.38,67.79,138.03,1.0000,-1,-1,-1
758,107,371.28,145.77,110.27,185.96,1.0000,-1,-1,-1
758,108,74.97,161.12,63.65,144.56,1.0000,-1,-1,-1
758,111,237.52,310.76,148.45,196.57,1.0000,-1,-1,-1
759,12,274.58,261.62,94.13,125.18,1.0000,-1,-1,-1
759,68,319.74,487.32,77.56,99.24,1.0000,-1,-1,-1
759,85,811.78,327.13,67.28,154.49,1.0000,-1,-1,-1
759,90,543.20,385.58,70.97,171.30,1.0000,-1,-1,-1
759,102,774.34,534.25,57.26,51.53,1.0000,-1,-1,-1
759,103,679.94,353.03,104.65,145.71,1.0000,-1,-1,-1
759,105,550.21,190.73,68.29,140.94,1.0000,-1,-1,-1
759,107,370.09,117.11,97.20,167.80,1.0000,-1,-1,-1
759,108,69.81,161.88,64.86,145.13,1.0000,-1,-1,-1
759,111,235.05,311.95,151.51,200.63,1.0000,-1,-1,-1
760,12,276.76,260.97,94.22,125.30,1.0000,-1,-1,-1
760,68,314.33,488.16,77.47,99.12,1.0000,-1,-1,-1
760,85,806.41,328.52,70.65,155.20,1.0000,-1,-1,-1
760,90,535.54,385.98,75.13,171.53,1.0000,-1,-1,-1
760,102,777.52,534.95,56.65,50.55,1.0000,-1,-1,-1
760,103,658.51,351.62,105.32,147.03,1.0000,-1,-1,-1
760,105,544.63,183.15,64.41,141.06,1.0000,-1,-1,-1
760,107,379.60,111.17,87.27,158.34,1.0000,-1,-1,-1
760,108,61.19,162.42,66.95,145.60,1.0000,-1,-1,-1
760,111,232.61,313.18,154.51,204.60,1.0000,-1,-1,-1
761,12,288.36,262.87,91.71,130.45,1.0000,-1,-1,-1
761,68,308.91,489.00,77.38,99.00,1.0000,-1,-1,-1
761,85,802.03,329.87,73.49,154.87,1.0000,-1,-1,-1
761,90,530.03,386.37,78.49,171.64,1.0000,-1,-1,-1
761,102,779.71,534.74,56.29,50.07,1.0000,-1,-1,-1
761,103,647.09,350.62,108.58,149.58,1.0000,-1,-1,-1
761,105,542.83,181.95,59.81,138.89,1.0000,-1,-1,-1
761,107,377.92,109.74,87.88,159.45,1.0000,-1,-1,-1
761,108,54.11,163.23,69.95,146.69,1.0000,-1,-1,-1
761,111,230.19,314.44,157.46,208.50,1.0000,-1,-1,-1
762,12,296.60,263.33,86.76,134.05,1.0000,-1,-1,-1
762,68,303.50,489.83,77.28,98.88,1.0000,-1,-1,-1
762,85,794.59,326.16,77.44,155.96,1.0000,-1,-1,-1
762,90,524.92,386.62,82.23,171.72,1.0000,-1,-1,-1
762,102,782.07,534.17,56.33,49.76,1.0000,-1,-1,-1
762,103,636.30,347.23,113.73,153.00,1.0000,-1,-1,-1
762,105,540.94,180.58,56.25,136.50,1.0000,-1,-1,-1
762,107,392.83,113.00,80.05,152.83,1.0000,-1,-1,-1
762,108,51.27,163.48,71.56,147.34,1.0000,-1,-1,-1
762,111,227.81,315.75,160.35,212.33,1.0000,-1,-1,-1
762,113,407.55,313.92,58.07,134.49,1.0000,-1,-1,-1
763,12,306.16,262.75,85.73,136.54,1.0000,-1,-1,-1
763,68,268.20,489.71,87.16,99.21,1.0000,-1,-1,-1
763,85,789.19,323.44,79.92,158.22,1.0000,-1,-1,-1
763,90,521.53,386.44,85.50,172.13,1.0000,-1,-1,-1
763,102,784.34,532.98,56.60,49.83,1.0000,-1,-1,-1
763,103,621.57,343.64,114.85,150.94,1.0000,-1,-1,-1
763,105,540.07,181.10,54.14,134.48,1.0000,-1,-1,-1
763,107,392.29,111.73,80.53,153.74,1.0000,-1,-1,-1
763,108,49.84,163.26,72.91,148.21,1.0000,-1,-1,-1
763,111,225.45,317.08,163.19,216.09,1.0000,-1,-1,-1
763,113,410.51,308.92,62.82,142.89,1.0000,-1,-1,-1
764,12,314.39,264.10,84.30,139.56,1.0000,-1,-1,-1
764,68,257.42,491.12,91.82,107.56,1.0000,-1,-1,-1
764,85,784.40,319.28,79.78,158.63,1.0000,-1,-1,-1
764,90,516.41,385.57,89.48,172.55,1.0000,-1,-1,-1
764,102,786.96,531.78,56.61,50.86,1.0000,-1,-1,-1
764,103,607.58,340.51,115.03,149.25,1.0000,-1,-1,-1
764,105,540.09,179.44,52.47,132.79,1.0000,-1,-1,-1
764,107,391.76,110.47,81.00,154.64,1.0000,-1,-1,-1
764,108,49.25,163.42,73.34,148.63,1.0000,-1,-1,-1
764,111,223.11,318.45,165.99,219.79,1.0000,-1,-1,-1
764,113,420.70,314.31,57.07,129.81,1.0000,-1,-1,-1
765,12,322.41,265.03,88.77,142.35,1.0000,-1,-1,-1
765,68,250.30,490.63,92.33,114.48,1.0000,-1,-1,-1
765,85,780.27,318.52,79.91,158.89,1.0000,-1,-1,-1
765,90,501.14,383.75,98.27,172.69,1.0000,-1,-1,-1
765,102,788.49,530.11,57.69,52.42,1.0000,-1,-1,-1
765,103,576.90,337.82,98.12,148.94,1.0000,-1,-1,-1
765,105,537.95,177.35,52.06,131.06,1.0000,-1,-1,-1
765,107,391.23,109.22,81.47,155.54,1.0000,-1,-1,-1
765,108,48.39,162.79,73.43,149.13,1.0000,-1,-1,-1
765,111,220.80,319.85,168.73,223.43,1.0000,-1,-1,-1
765,113,431.21,320.44,50.67,115.25,1.0000,-1,-1,-1
766,12,330.95,267.24,90.78,143.12,1.0000,-1,-1,-1
766,68,245.94,487.64,91.84,119.79,1.0000,-1,-1,-1
766,85,776.13,317.76,80.04,159.14,1.0000,-1,-1,-1
766,90,497.38,384.61,102.42,172.16,1.0000,-1,-1,-1
766,102,791.20,527.91,58.45,53.79,1.0000,-1,-1,-1
766,103,565.99,337.47,87.08,148.16,1.0000,-1,-1,-1
766,105,536.01,178.77,52.05,127.36,1.0000,-1,-1,-1
766,107,390.70,107.96,81.94,156.44,1.0000,-1,-1,-1
766,108,47.44,162.09,72.97,149.58,1.0000,-1,-1,-1
766,113,442.19,327.64,43.33,98.57,1.0000,-1,-1,-1
766,115,769.13,306.97,65.02,154.39,1.0000,-1,-1,-1
767,12,330.93,270.59,87.16,142.63,1.0000,-1,-1,-1
767,68,242.34,484.64,89.80,124.83,1.0000,-1,-1,-1
767,85,772.00,316.99,80.17,159.40,1.0000,-1,-1,-1
767,90,494.10,384.79,105.00,171.55,1.0000,-1,-1,-1
767,102,791.71,527.02,59.55,54.90,1.0000,-1,-1,-1
767,103,555.82,335.81,82.99,148.87,1.0000,-1,-1,-1
767,105,533.19,177.78,52.14,127.59,1.0000,-1,-1,-1
767,107,424.65,115.91,75.29,143.92,1.0000,-1,-1,-1
767,108,46.00,162.54,71.16,149.31,1.0000,-1,-1,-1
767,113,453.93,336.57,34.47,78.42,1.0000,-1,-1,-1
767,115,747.09,301.87,72.41,161.75,1.0000,-1,-1,-1
768,12,334.90,272.94,84.06,140.39,1.0000,-1,-1,-1
768,68,239.63,479.82,88.10,129.90,1.0000,-1,-1,-1
768,85,767.87,316.23,80.30,159.65,1.0000,-1,-1,-1
768,90,489.55,387.92,109.00,169.90,1.0000,-1,-1,-1
768,102,793.02,525.74,60.85,56.24,1.0000,-1,-1,-1
768,103,549.66,335.87,81.69,148.66,1.0000,-1,-1,-1
768,105,530.38,176.78,52.23,127.81,1.0000,-1,-1,-1
768,107,431.10,118.00,74.19,139.23,1.0000,-1,-1,-1
768,108,44.11,162.51,68.50,149.25,1.0000,-1,-1,-1
768,113,467.31,349.22,22.34,50.82,1.0000,-1,-1,-1
768,115,749.03,302.76,67.25,158.45,1.0000,-1,-1,-1
768,116,290.73,187.32,71.36,126.96,1.0000,-1,-1,-1
769,12,345.81,275.97,90.18,138.62,1.0000,-1,-1,-1
769,68,237.31,473.43,85.61,134.24,1.0000,-1,-1,-1
769,85,763.74,315.47,80.42,159.91,1.0000,-1,-1,-1
769,90,483.30,389.18,113.87,168.78,1.0000,-1,-1,-1
769,102,794.30,524.61,61.93,57.11,1.0000,-1,-1,-1
769,103,537.32,334.04,85.98,150.39,1.0000,-1,-1,-1
769,105,527.56,175.79,52.33,128.03,1.0000,-1,-1,-1
769,107,433.30,120.98,73.91,135.24,1.0000,-1,-1,-1
769,108,41.63,162.86,64.04,148.90,1.0000,-1,-1,-1
769,113,474.62,348.08,22.34,50.82,1.0000,-1,-1,-1
769,115,747.51,304.16,63.65,157.17,1.0000,-1,-1,-1
769,116,291.85,188.08,71.18,125.21,1.0000,-1,-1,-1
770,12,353.55,275.70,88.69,137.78,1.0000,-1,-1,-1
770,68,230.49,464.80,84.33,141.59,1.0000,-1,-1,-1
770,85,759.61,314.71,80.55,160.16,1.0000,-1,-1,-1
770,90,476.13,389.37,120.07,168.32,1.0000,-1,-1,-1
770,102,797.82,523.97,62.59,58.00,1.0000,-1,-1,-1
770,103,524.51,333.17,86.02,150.45,1.0000,-1,-1,-1
770,105,524.75,174.79,52.42,128.25,1.0000,-1,-1,-1
770,107,435.86,122.02,75.16,132.21,1.0000,-1,-1,-1
770,108,39.43,161.47,59.28,148.40,1.0000,-1,-1,-1
770,113,481.93,346.93,22.34,50.82,1.0000,-1,-1,-1
770,115,736.11,305.44,61.70,155.69,1.0000,-1,-1,-1
770,116,297.26,190.87,68.49,121.01,1.0000,-1,-1,-1
771,12,356.72,273.49,83.42,138.92,1.0000,-1,-1,-1
771,68,224.26,458.86,82.70,148.80,1.0000,-1,-1,-1
771,85,755.48,313.95,80.68,160.41,1.0000,-1,-1,-1
771,90,466.96,392.56,127.31,167.43,1.0000,-1,-1,-1
771,102,800.95,523.38,62.44,58.72,1.0000,-1,-1,-1
771,103,511.69,332.31,86.06,150.51,1.0000,-1,-1,-1
771,105,521.93,173.80,52.51,128.48,1.0000,-1,-1,-1
771,107,436.88,122.71,75.80,130.37,1.0000,-1,-1,-1
771,108,37.95,162.02,55.89,147.85,1.0000,-1,-1,-1
771,113,489.24,345.79,22.34,50.82,1.0000,-1,-1,-1
771,115,722.87,303.02,68.44,159.14,1.0000,-1,-1,-1
771,116,302.05,191.93,66.13,116.56,1.0000,-1,-1,-1
772,12,358.78,270.20,76.98,140.37,1.0000,-1,-1,-1
772,68,215.38,450.95,82.60,154.03,1.0000,-1,-1,-1
772,85,751.34,313.19,80.81,160.67,1.0000,-1,-1,-1
772,90,463.52,392.94,127.59,167.80,1.0000,-1,-1,-1
772,102,803.77,523.09,62.45,59.34,1.0000,-1,-1,-1
772,103,498.88,331.44,86.09,150.58,1.0000,-1,-1,-1
772,105,519.12,172.80,52.60,128.70,1.0000,-1,-1,-1
772,107,437.26,122.49,75.82,129.65,1.0000,-1,-1,-1
772,108,36.44,162.71,53.37,146.64,1.0000,-1,-1,-1
772,113,496.56,344.64,22.34,50.82,1.0000,-1,-1,-1
772,115,715.59,300.35,75.76,161.87,1.0000,-1,-1,-1
772,116,303.94,193.42,65.33,114.92,1.0000,-1,-1,-1
773,12,360.33,265.92,71.36,142.07,1.0000,-1,-1,-1
773,68,208.05,443.04,81.81,154.11,1.0000,-1,-1,-1
773,85,747.21,312.43,80.93,160.92,1.0000,-1,-1,-1
773,90,463.68,397.74,130.79,163.75,1.0000,-1,-1,-1
773,102,805.80,521.97,62.97,60.54,1.0000,-1,-1,-1
773,103,486.06,330.58,86.13,150.64,1.0000,-1,-1,-1
773,105,516.30,171.81,52.69,128.92,1.0000,-1,-1,-1
773,107,438.41,120.74,76.40,130.04,1.0000,-1,-1,-1
773,108,35.31,162.89,51.93,146.18,1.0000,-1,-1,-1
773,113,503.87,343.50,22.34,50.82,1.0000,-1,-1,-1
773,115,705.90,298.41,84.34,164.80,1.0000,-1,-1,-1
773,116,305.88,195.19,66.00,114.50,1.0000,-1,-1,-1
774,12,362.93,261.84,66.36,143.90,1.0000,-1,-1,-1
774,68,203.62,437.68,78.30,153.22,1.0000,-1,-1,-1
774,85,743.08,311.67,81.06,161.17,1.0000,-1,-1,-1
774,90,459.50,395.70,132.34,164.22,1.0000,-1,-1,-1
774,102,807.25,521.83,63.08,60.98,1.0000,-1,-1,-1
774,103,473.25,329.71,86.17,150.71,1.0000,-1,-1,-1
774,105,513.49,170.82,52.78,129.14,1.0000,-1,-1,-1
774,107,438.87,119.29,76.62,130.72,1.0000,-1,-1,-1
774,108,32.42,164.69,52.49,145.11,1.0000,-1,-1,-1
774,113,511.18,342.36,22.34,50.82,1.0000,-1,-1,-1
774,115,699.70,298.00,87.94,164.67,1.0000,-1,-1,-1
774,116,308.04,194.96,68.50,115.80,1.0000,-1,-1,-1
775,12,366.91,257.21,64.68,145.88,1.0000,-1,-1,-1
775,68,197.39,431.62,73.56,152.70,1.0000,-1,-1,-1
775,85,738.95,310.91,81.19,161.42,1.0000,-1,-1,-1
775,90,456.45,396.05,132.64,164.59,1.0000,-1,-1,-1
775,102,810.46,520.43,63.90,61.91,1.0000,-1,-1,-1
775,103,460.43,328.85,86.20,150.77,1.0000,-1,-1,-1
775,105,510.68,169.82,52.87,129.36,1.0000,-1,-1,-1
775,107,439.02,118.15,77.53,131.28,1.0000,-1,-1,-1
775,108,30.61,165.12,53.36,144.80,1.0000,-1,-1,-1
775,113,518.49,341.21,22.34,50.82,1.0000,-1,-1,-1
775,115,685.70,298.51,97.52,166.02,1.0000,-1,-1,-1
775,116,313.43,195.35,69.20,116.34,1.0000,-1,-1,-1
775,117,551.86,262.91,78.07,173.21,1.0000,-1,-1,-1
776,12,370.13,253.95,65.50,148.82,1.0000,-1,-1,-1
776,68,194.46,426.78,69.73,152.72,1.0000,-1,-1,-1
776,85,734.82,310.15,81.31,161.68,1.0000,-1,-1,-1
776,90,453.39,396.39,132.93,164.96,1.0000,-1,-1,-1
776,102,811.96,519.56,64.76,62.78,1.0000,-1,-1,-1
776,103,418.95,336.35,81.28,168.65,1.0000,-1,-1,-1
776,105,507.86,168.83,52.96,129.58,1.0000,-1,-1,-1
776,107,438.87,117.42,78.46,131.85,1.0000,-1,-1,-1
776,108,30.08,165.44,54.03,144.69,1.0000,-1,-1,-1
776,113,525.80,340.07,22.34,50.82,1.0000,-1,-1,-1
776,115,677.87,299.60,105.05,166.27,1.0000,-1,-1,-1
776,116,316.71,195.57,68.73,116.86,1.0000,-1,-1,-1
776,117,559.36,241.23,81.86,190.58,1.0000,-1,-1,-1
777,12,372.72,250.76,67.01,151.89,1.0000,-1,-1,-1
777,68,190.47,422.98,67.82,153.69,1.0000,-1,-1,-1
777,85,730.69,309.39,81.44,161.93,1.0000,-1,-1,-1
777,90,450.34,396.74,133.22,165.32,1.0000,-1,-1,-1
777,102,814.40,519.11,64.80,63.51,1.0000,-1,-1,-1
777,103,403.92,336.68,81.34,168.77,1.0000,-1,-1,-1
777,105,505.05,167.84,53.05,129.80,1.0000,-1,-1,-1
777,107,438.57,118.39,79.27,131.62,1.0000,-1,-1,-1
777,108,29.94,165.44,54.55,144.73,1.0000,-1,-1,-1
777,113,533.11,338.92,22.34,50.82,1.0000,-1,-1,-1
777,115,669.86,297.56,107.48,170.12,1.0000,-1,-1,-1
777,116,318.20,192.15,64.97,118.13,1.0000,-1,-1,-1
777,117,565.91,230.04,83.80,201.31,1.0000,-1,-1,-1
778,12,374.72,247.11,65.03,153.91,1.0000,-1,-1,-1
778,68,186.82,418.69,66.96,155.26,1.0000,-1,-1,-1
778,85,726.56,308.63,81.57,162.18,1.0000,-1,-1,-1
778,90,447.29,397.08,133.52,165.69,1.0000,-1,-1,-1
778,102,815.96,518.31,64.35,64.19,1.0000,-1,-1,-1
778,103,388.90,337.00,81.40,168.89,1.0000,-1,-1,-1
778,105,502.23,166.84,53.14,130.02,1.0000,-1,-1,-1
778,107,437.77,119.95,80.43,130.82,1.0000,-1,-1,-1
778,108,29.87,164.94,54.65,145.08,1.0000,-1,-1,-1
778,113,540.42,337.78,22.34,50.82,1.0000,-1,-1,-1
778,115,671.40,306.99,83.38,160.92,1.0000,-1,-1,-1
778,116,319.66,182.53,61.37,122.82,1.0000,-1,-1,-1
778,117,576.13,227.06,82.07,205.47,1.0000,-1,-1,-1
779,12,377.96,246.18,65.03,153.92,1.0000,-1,-1,-1
779,68,186.12,414.13,65.21,157.82,1.0000,-1,-1,-1
779,85,722.42,307.87,81.69,162.43,1.0000,-1,-1,-1
779,90,427.74,378.00,117.03,168.39,1.0000,-1,-1,-1
779,102,817.05,517.60,64.33,64.88,1.0000,-1,-1,-1
779,103,373.88,337.33,81.46,169.02,1.0000,-1,-1,-1
779,105,499.42,165.85,53.23,130.24,1.0000,-1,-1,-1
779,107,437.34,123.06,81.32,128.59,1.0000,-1,-1,-1
779,108,29.55,164.90,54.19,145.43,1.0000,-1,-1,-1
779,115,672.72,309.09,70.96,156.34,1.0000,-1,-1,-1
779,116,320.51,171.73,57.97,127.36,1.0000,-1,-1,-1
779,117,582.46,227.76,78.12,204.66,1.0000,-1,-1,-1
780,12,381.19,245.25,65.04,153.94,1.0000,-1,-1,-1
780,68,183.44,406.57,63.37,160.92,1.0000,-1,-1,-1
780,90,414.41,377.10,108.93,168.38,1.0000,-1,-1,-1
780,102,818.61,517.36,63.26,65.20,1.0000,-1,-1,-1
780,103,360.45,319.58,82.23,154.41,1.0000,-1,-1,-1
780,105,496.61,164.86,53.32,130.46,1.0000,-1,-1,-1
780,107,434.61,127.18,83.87,125.25,1.0000,-1,-1,-1
780,108,29.03,166.07,52.79,146.54,1.0000,-1,-1,-1
780,115,662.54,312.17,71.64,153.59,1.0000,-1,-1,-1
780,116,322.50,170.61,57.49,126.30,1.0000,-1,-1,-1
780,117,593.44,229.59,74.17,200.07,1.0000,-1,-1,-1
781,12,384.43,244.32,65.05,153.96,1.0000,-1,-1,-1
781,68,180.39,397.82,62.37,157.46,1.0000,-1,-1,-1
781,90,406.69,376.55,103.43,165.67,1.0000,-1,-1,-1
781,102,819.55,517.10,62.19,65.48,1.0000,-1,-1,-1
781,103,345.60,317.98,82.25,154.45,1.0000,-1,-1,-1
781,105,493.79,163.87,53.41,130.68,1.0000,-1,-1,-1
781,107,434.59,130.37,85.12,121.73,1.0000,-1,-1,-1
781,108,29.84,167.33,52.50,147.72,1.0000,-1,-1,-1
781,115,639.21,308.74,83.70,156.22,1.0000,-1,-1,-1
781,116,324.49,169.49,57.00,125.24,1.0000,-1,-1,-1
781,117,602.75,226.12,74.37,200.62,1.0000,-1,-1,-1
782,12,387.66,243.39,65.05,153.97,1.0000,-1,-1,-1
782,68,178.36,397.04,61.46,158.34,1.0000,-1,-1,-1
782,90,407.97,376.14,96.42,159.87,1.0000,-1,-1,-1
782,102,820.49,516.97,61.03,65.74,1.0000,-1,-1,-1
782,103,330.75,316.37,82.28,154.49,1.0000,-1,-1,-1
782,107,435.43,130.41,85.40,122.13,1.0000,-1,-1,-1
782,108,30.99,169.17,53.07,148.47,1.0000,-1,-1,-1
782,115,631.56,304.20,90.86,159.66,1.0000,-1,-1,-1
782,116,326.49,168.37,56.52,124.17,1.0000,-1,-1,-1
782,117,612.06,222.65,74.57,201.16,1.0000,-1,-1,-1
783,12,393.85,231.06,72.86,152.05,1.0000,-1,-1,-1
783,68,176.18,397.44,62.91,160.89,1.0000,-1,-1,-1
783,90,403.55,380.40,94.22,154.69,1.0000,-1,-1,-1
783,102,821.47,517.22,60.29,65.81,1.0000,-1,-1,-1
783,103,315.90,314.76,82.30,154.53,1.0000,-1,-1,-1
783,107,433.29,137.36,86.84,116.48,1.0000,-1,-1,-1
783,108,29.36,171.21,49.11,148.87,1.0000,-1,-1,-1
783,115,629.06,299.92,93.50,163.44,1.0000,-1,-1,-1
783,116,328.48,167.26,56.02,123.08,1.0000,-1,-1,-1
783,117,621.38,219.18,74.77,201.70,1.0000,-1,-1,-1
784,12,387.75,233.12,71.80,148.49,1.0000,-1,-1,-1
784,68,174.55,396.51,64.99,162.34,1.0000,-1,-1,-1
784,90,404.58,385.32,92.02,148.17,1.0000,-1,-1,-1
784,102,821.76,518.05,59.69,65.38,1.0000,-1,-1,-1
784,103,301.05,313.16,82.32,154.57,1.0000,-1,-1,-1
784,107,430.17,139.95,88.66,113.61,1.0000,-1,-1,-1
784,108,29.41,172.92,46.17,149.47,1.0000,-1,-1,-1
784,115,610.08,304.50,103.23,161.37,1.0000,-1,-1,-1
784,116,330.48,166.15,55.53,121.99,1.0000,-1,-1,-1
784,117,630.69,215.72,74.97,202.24,1.0000,-1,-1,-1
785,12,382.78,226.95,74.37,152.09,1.0000,-1,-1,-1
785,68,171.83,392.21,68.53,161.00,1.0000,-1,-1,-1
785,90,398.14,391.78,94.12,152.55,1.0000,-1,-1,-1
785,102,821.71,519.49,59.23,64.54,1.0000,-1,-1,-1
785,103,281.10,339.23,96.21,147.56,1.0000,-1,-1,-1
785,107,430.55,140.40,88.93,113.95,1.0000,-1,-1,-1
785,108,29.00,175.52,44.38,149.70,1.0000,-1,-1,-1
785,115,592.29,306.84,109.10,158.76,1.0000,-1,-1,-1
785,116,332.48,165.05,55.03,120.89,1.0000,-1,-1,-1
785,117,640.01,212.25,75.17,202.78,1.0000,-1,-1,-1
786,12,385.07,224.98,74.42,152.19,1.0000,-1,-1,-1
786,68,166.20,388.01,71.80,159.46,1.0000,-1,-1,-1
786,90,396.38,392.58,95.70,154.98,1.0000,-1,-1,-1
786,102,821.68,521.38,58.74,63.39,1.0000,-1,-1,-1
786,103,272.71,343.64,99.56,145.72,1.0000,-1,-1,-1
786,107,430.93,140.86,89.19,114.28,1.0000,-1,-1,-1
786,108,29.04,178.54,43.79,150.27,1.0000,-1,-1,-1
786,115,583.13,306.05,110.41,160.65,1.0000,-1,-1,-1
786,116,334.48,163.95,54.52,119.78,1.0000,-1,-1,-1
786,117,649.32,208.78,75.37,203.32,1.0000,-1,-1,-1
787,12,387.36,223.00,74.46,152.28,1.0000,-1,-1,-1
787,68,160.38,386.14,74.07,158.48,1.0000,-1,-1,-1
787,90,391.39,392.85,95.78,155.10,1.0000,-1,-1,-1
787,102,820.88,522.90,57.92,62.17,1.0000,-1,-1,-1
787,103,268.74,345.88,100.73,145.27,1.0000,-1,-1,-1
787,107,431.31,141.32,89.45,114.62,1.0000,-1,-1,-1
787,108,28.29,180.48,42.66,150.99,1.0000,-1,-1,-1
787,115,575.52,309.62,105.99,156.84,1.0000,-1,-1,-1
787,116,336.49,162.86,54.01,118.66,1.0000,-1,-1,-1
787,117,658.63,205.32,75.57,203.86,1.0000,-1,-1,-1
788,12,389.64,221.03,74.51,152.38,1.0000,-1,-1,-1
788,68,154.69,384.68,75.76,158.79,1.0000,-1,-1,-1
788,90,401.26,386.52,97.42,156.97,1.0000,-1,-1,-1
788,102,821.79,523.09,57.91,62.16,1.0000,-1,-1,-1
788,103,267.24,347.00,101.15,145.60,1.0000,-1,-1,-1
788,107,431.69,141.78,89.71,114.95,1.0000,-1,-1,-1
788,108,27.80,182.95,42.12,151.43,1.0000,-1,-1,-1
788,115,566.06,312.67,101.27,154.71,1.0000,-1,-1,-1
788,116,338.49,161.77,53.49,117.53,1.0000,-1,-1,-1
788,117,644.62,250.71,77.17,187.01,1.0000,-1,-1,-1
788,118,550.97,171.37,85.53,129.87,1.0000,-1,-1,-1
789,12,391.93,219.06,74.56,152.48,1.0000,-1,-1,-1
789,68,150.05,383.82,76.50,159.16,1.0000,-1,-1,-1
789,90,410.53,384.94,100.22,158.28,1.0000,-1,-1,-1
789,102,822.70,523.27,57.91,62.16,1.0000,-1,-1,-1
789,103,267.32,346.61,100.97,147.31,1.0000,-1,-1,-1
789,107,432.07,142.24,89.97,115.28,1.0000,-1,-1,-1
789,108,31.23,176.57,46.42,158.53,1.0000,-1,-1,-1
789,115,555.56,315.47,94.08,152.97,1.0000,-1,-1,-1
789,116,340.50,160.69,52.97,116.38,1.0000,-1,-1,-1
789,117,654.75,270.46,78.91,169.59,1.0000,-1,-1,-1
789,118,551.40,176.07,85.87,129.40,1.0000,-1,-1,-1
790,12,394.22,217.09,74.60,152.57,1.0000,-1,-1,-1
790,68,145.06,384.16,76.41,159.46,1.0000,-1,-1,-1
790,90,417.65,382.58,100.26,160.52,1.0000,-1,-1,-1
790,102,823.61,523.46,57.90,62.15,1.0000,-1,-1,-1
790,103,267.08,345.85,100.89,150.06,1.0000,-1,-1,-1
790,107,432.45,142.70,90.23,115.62,1.0000,-1,-1,-1
790,108,30.79,176.69,48.12,161.85,1.0000,-1,-1,-1
790,115,546.68,317.92,86.50,152.04,1.0000,-1,-1,-1
790,116,342.52,159.62,52.45,115.23,1.0000,-1,-1,-1
790,117,661.54,267.08,84.28,170.95,1.0000,-1,-1,-1
790,118,552.55,181.33,83.41,127.12,1.0000,-1,-1,-1
791,12,396.50,215.11,74.65,152.67,1.0000,-1,-1,-1
791,68,137.67,388.62,74.40,159.90,1.0000,-1,-1,-1
791,90,428.25,381.99,99.47,164.02,1.0000,-1,-1,-1
791,102,824.52,523.64,57.89,62.14,1.0000,-1,-1,-1
791,103,269.13,345.46,104.04,153.50,1.0000,-1,-1,-1
791,107,432.83,143.16,90.48,115.95,1.0000,-1,-1,-1
791,108,30.12,176.78,51.01,167.20,1.0000,-1,-1,-1
791,115,534.32,322.31,85.17,153.32,1.0000,-1,-1,-1
791,116,344.53,158.55,51.92,114.06,1.0000,-1,-1,-1
791,117,668.26,270.15,89.13,167.78,1.0000,-1,-1,-1
791,118,553.26,176.59,83.16,134.68,1.0000,-1,-1,-1
792,12,382.98,212.78,66.16,148.23,1.0000,-1,-1,-1
792,68,132.39,393.63,72.11,160.17,1.0000,-1,-1,-1
792,90,436.00,381.57,98.98,167.41,1.0000,-1,-1,-1
792,102,825.44,523.83,57.89,62.14,1.0000,-1,-1,-1
792,103,273.20,345.93,105.60,155.48,1.0000,-1,-1,-1
792,107,433.22,143.62,90.74,116.27,1.0000,-1,-1,-1
792,108,29.29,181.06,54.23,169.34,1.0000,-1,-1,-1
792,115,521.40,326.38,87.34,153.17,1.0000,-1,-1,-1
792,116,346.55,157.49,51.38,112.88,1.0000,-1,-1,-1
792,117,666.78,276.86,99.13,171.17,1.0000,-1,-1,-1
792,118,555.26,179.63,81.47,137.74,1.0000,-1,-1,-1
792,119,24.09,199.42,45.89,157.43,1.0000,-1,-1,-1
793,12,383.87,210.67,66.16,148.23,1.0000,-1,-1,-1
793,68,128.40,399.42,70.02,161.36,1.0000,-1,-1,-1
793,90,439.33,382.69,89.95,168.64,1.0000,-1,-1,-1
793,102,826.35,524.02,57.88,62.13,1.0000,-1,-1,-1
793,103,278.14,347.17,105.25,156.15,1.0000,-1,-1,-1
793,107,433.60,144.08,91.00,116.60,1.0000,-1,-1,-1
793,108,26.37,183.39,55.86,172.59,1.0000,-1,-1,-1
793,115,512.82,330.13,88.22,150.09,1.0000,-1,-1,-1
793,116,348.57,156.43,50.84,111.69,1.0000,-1,-1,-1
793,117,656.59,281.89,113.79,170.11,1.0000,-1,-1,-1
793,118,557.40,190.80,79.78,135.28,1.0000,-1,-1,-1
793,119,22.33,199.69,47.67,163.54,1.0000,-1,-1,-1
794,12,384.76,208.56,66.16,148.22,1.0000,-1,-1,-1
794,68,122.43,404.10,69.21,161.78,1.0000,-1,-1,-1
794,90,445.41,384.79,84.61,169.78,1.0000,-1,-1,-1
794,102,827.26,524.20,57.88,62.12,1.0000,-1,-1,-1
794,103,281.51,348.63,104.00,156.00,1.0000,-1,-1,-1
794,107,433.98,144.54,91.25,116.93,1.0000,-1,-1,-1
794,108,22.84,188.42,57.57,173.46,1.0000,-1,-1,-1
794,115,502.62,331.21,88.66,150.84,1.0000,-1,-1,-1
794,116,350.59,155.38,50.29,110.49,1.0000,-1,-1,-1
794,117,650.29,287.19,125.01,169.10,1.0000,-1,-1,-1
794,118,561.54,198.88,75.97,133.05,1.0000,-1,-1,-1
794,119,20.61,200.08,49.39,169.42,1.0000,-1,-1,-1
795,12,385.66,206.46,66.15,148.21,1.0000,-1,-1,-1
795,68,115.01,408.87,70.45,161.70,1.0000,-1,-1,-1
795,90,445.83,385.08,84.65,169.87,1.0000,-1,-1,-1
795,102,828.17,524.39,57.87,62.12,1.0000,-1,-1,-1
795,103,284.66,351.88,101.55,155.06,1.0000,-1,-1,-1
795,107,434.36,145.01,91.51,117.26,1.0000,-1,-1,-1
795,108,21.95,190.45,57.70,173.85,1.0000,-1,-1,-1
795,115,492.43,332.28,89.09,151.58,1.0000,-1,-1,-1
795,117,655.72,288.61,126.07,170.54,1.0000,-1,-1,-1
795,118,567.39,204.71,73.18,131.87,1.0000,-1,-1,-1
795,119,18.91,200.56,51.05,175.12,1.0000,-1,-1,-1
796,12,386.55,204.35,66.15,148.21,1.0000,-1,-1,-1
796,68,102.88,416.32,76.08,162.75,1.0000,-1,-1,-1
796,90,453.89,393.74,87.21,169.74,1.0000,-1,-1,-1
796,102,829.08,524.57,57.86,62.11,1.0000,-1,-1,-1
796,103,290.45,357.92,97.42,153.77,1.0000,-1,-1,-1
796,107,434.75,145.47,91.76,117.58,1.0000,-1,-1,-1
796,108,21.06,192.47,57.83,174.23,1.0000,-1,-1,-1
796,115,482.23,333.36,89.53,152.32,1.0000,-1,-1,-1
796,117,679.05,304.71,118.11,172.73,1.0000,-1,-1,-1
796,118,575.40,209.35,70.36,133.34,1.0000,-1,-1,-1
796,119,17.24,201.13,52.65,180.63,1.0000,-1,-1,-1
797,12,387.44,202.24,66.15,148.20,1.0000,-1,-1,-1
797,68,95.15,420.73,80.00,162.94,1.0000,-1,-1,-1
797,90,454.11,399.66,87.52,169.66,1.0000,-1,-1,-1
797,102,829.99,524.76,57.86,62.10,1.0000,-1,-1,-1
797,103,294.06,364.30,94.66,152.42,1.0000,-1,-1,-1
797,107,435.13,145.93,92.02,117.91,1.0000,-1,-1,-1
797,108,20.17,194.49,57.95,174.61,1.0000,-1,-1,-1
797,115,472.03,334.43,89.96,153.06,1.0000,-1,-1,-1
797,117,684.11,309.67,109.81,175.60,1.0000,-1,-1,-1
797,118,577.15,213.47,70.46,133.53,1.0000,-1,-1,-1
797,119,11.41,231.26,45.67,152.27,1.0000,-1,-1,-1
798,12,388.34,200.13,66.14,148.19,1.0000,-1,-1,-1
798,68,87.97,423.73,80.59,163.21,1.0000,-1,-1,-1
798,90,456.56,405.43,93.49,169.87,1.0000,-1,-1,-1
798,102,830.90,524.94,57.85,62.10,1.0000,-1,-1,-1
798,103,297.58,371.89,91.99,154.13,1.0000,-1,-1,-1
798,107,435.52,146.40,92.27,118.23,1.0000,-1,-1,-1
798,108,7.81,205.52,63.75,178.60,1.0000,-1,-1,-1
798,115,461.84,335.51,90.39,153.79,1.0000,-1,-1,-1
798,117,690.80,313.29,106.41,178.76,1.0000,-1,-1,-1
798,118,578.90,217.59,70.56,133.72,1.0000,-1,-1,-1
798,119,8.99,236.38,45.88,152.98,1.0000,-1,-1,-1
799,12,379.57,234.43,57.07,136.42,1.0000,-1,-1,-1
799,68,80.87,425.76,76.84,163.09,1.0000,-1,-1,-1
799,90,465.78,411.52,99.80,168.51,1.0000,-1,-1,-1
799,102,831.82,525.13,57.84,62.09,1.0000,-1,-1,-1
799,103,297.82,374.72,90.95,154.33,1.0000,-1,-1,-1
799,107,435.90,146.86,92.52,118.55,1.0000,-1,-1,-1
799,108,4.18,209.87,65.20,179.32,1.0000,-1,-1,-1
799,115,428.43,361.82,75.66,142.78,1.0000,-1,-1,-1
799,117,692.08,316.69,102.02,180.77,1.0000,-1,-1,-1
799,118,581.05,224.28,65.78,134.09,1.0000,-1,-1,-1
799,119,6.57,241.51,46.09,153.69,1.0000,-1,-1,-1
800,12,378.05,237.85,54.11,132.96,1.0000,-1,-1,-1
800,68,72.82,425.61,73.73,162.12,1.0000,-1,-1,-1
800,90,467.18,415.26,105.32,167.49,1.0000,-1,-1,-1
800,102,832.73,525.31,57.84,62.08,1.0000,-1,-1,-1
800,103,295.03,377.18,91.00,154.43,1.0000,-1,-1,-1
800,108,2.06,213.51,65.64,179.54,1.0000,-1,-1,-1
800,115,424.71,369.85,68.29,138.28,1.0000,-1,-1,-1
800,117,688.96,318.53,102.40,182.99,1.0000,-1,-1,-1
800,118,583.40,227.60,65.80,135.65,1.0000,-1,-1,-1
800,119,4.15,246.64,46.31,154.40,1.0000,-1,-1,-1
801,12,374.30,242.07,52.89,129.56,1.0000,-1,-1,-1
801,68,57.80,425.89,69.88,162.08,1.0000,-1,-1,-1
801,90,464.35,418.48,108.87,167.04,1.0000,-1,-1,-1
801,102,833.64,525.50,57.83,62.08,1.0000,-1,-1,-1
801,103,292.24,379.63,91.06,154.52,1.0000,-1,-1,-1
801,108,-1.18,219.46,63.70,178.69,1.0000,-1,-1,-1
801,115,405.62,378.17,69.86,135.34,1.0000,-1,-1,-1
801,117,695.26,323.12,96.54,184.10,1.0000,-1,-1,-1
801,118,585.10,232.09,65.74,135.54,1.0000,-1,-1,-1
801,119,1.73,251.77,46.52,155.11,1.0000,-1,-1,-1
802,12,370.57,242.58,52.21,130.30,1.0000,-1,-1,-1
802,68,46.60,426.48,65.71,162.51,1.0000,-1,-1,-1
802,90,476.18,418.56,101.49,166.27,1.0000,-1,-1,-1
802,102,834.55,525.68,57.83,62.07,1.0000,-1,-1,-1
802,103,289.45,382.08,91.11,154.61,1.0000,-1,-1,-1
802,108,-2.80,215.20,61.34,182.69,1.0000,-1,-1,-1
802,115,399.85,382.82,67.61,136.35,1.0000,-1,-1,-1
802,117,701.02,328.28,91.56,184.87,1.0000,-1,-1,-1
802,118,586.80,236.59,65.69,135.43,1.0000,-1,-1,-1
802,119,-0.69,256.91,46.73,155.81,1.0000,-1,-1,-1
803,12,365.87,241.92,52.33,131.74,1.0000,-1,-1,-1
803,68,32.43,427.87,63.99,163.22,1.0000,-1,-1,-1
803,90,486.90,417.96,92.89,166.37,1.0000,-1,-1,-1
803,103,286.66,384.53,91.17,154.70,1.0000,-1,-1,-1
803,108,-4.85,217.92,61.49,183.15,1.0000,-1,-1,-1
803,115,387.96,386.48,67.54,136.21,1.0000,-1,-1,-1
803,117,704.91,332.35,90.10,186.04,1.0000,-1,-1,-1
803,118,588.50,241.08,65.64,135.33,1.0000,-1,-1,-1
803,119,-3.11,262.04,46.94,156.50,1.0000,-1,-1,-1
804,12,360.12,240.81,54.52,132.78,1.0000,-1,-1,-1
804,68,16.48,428.90,64.37,163.86,1.0000,-1,-1,-1
804,90,491.07,417.07,87.25,167.34,1.0000,-1,-1,-1
804,103,283.87,386.98,91.22,154.80,1.0000,-1,-1,-1
804,108,-6.90,220.64,61.65,183.61,1.0000,-1,-1,-1
804,115,387.22,391.46,64.41,135.04,1.0000,-1,-1,-1
804,117,709.35,336.28,90.32,186.49,1.0000,-1,-1,-1
804,118,590.20,245.57,65.59,135.22,1.0000,-1,-1,-1
804,119,-5.52,267.18,47.14,157.20,1.0000,-1,-1,-1
805,12,353.42,242.77,57.38,134.79,1.0000,-1,-1,-1
805,68,7.05,430.39,63.69,162.88,1.0000,-1,-1,-1
805,90,493.69,415.98,84.18,169.53,1.0000,-1,-1,-1
805,103,281.08,389.43,91.28,154.89,1.0000,-1,-1,-1
805,108,-8.95,223.37,61.80,184.06,1.0000,-1,-1,-1
805,115,376.20,395.25,64.29,134.79,1.0000,-1,-1,-1
805,117,709.13,364.99,91.78,169.67,1.0000,-1,-1,-1
805,118,591.90,250.07,65.53,135.11,1.0000,-1,-1,-1
805,119,-7.94,272.31,47.35,157.89,1.0000,-1,-1,-1
806,12,344.53,246.90,60.02,134.14,1.0000,-1,-1,-1
806,68,-1.83,435.94,61.57,160.57,1.0000,-1,-1,-1
806,90,504.36,411.58,80.39,174.14,1.0000,-1,-1,-1
806,103,278.29,391.88,91.33,154.98,1.0000,-1,-1,-1
806,108,-10.99,226.09,61.95,184.52,1.0000,-1,-1,-1
806,115,365.18,399.04,64.18,134.54,1.0000,-1,-1,-1
806,117,705.69,372.44,92.20,163.34,1.0000,-1,-1,-1
806,118,593.60,254.56,65.48,135.00,1.0000,-1,-1,-1
806,119,-10.36,277.45,47.56,158.58,1.0000,-1,-1,-1
807,12,335.38,247.85,60.71,134.25,1.0000,-1,-1,-1
807,68,-5.93,440.61,58.53,158.42,1.0000,-1,-1,-1
807,90,513.33,408.61,77.38,178.23,1.0000,-1,-1,-1
807,103,275.50,394.33,91.39,155.07,1.0000,-1,-1,-1
807,108,-13.04,228.81,62.10,184.97,1.0000,-1,-1,-1
807,115,354.16,402.83,64.06,134.30,1.0000,-1,-1,-1
807,117,702.94,376.58,93.14,159.51,1.0000,-1,-1,-1
807,118,595.30,259.06,65.43,134.89,1.0000,-1,-1,-1
807,119,-12.77,282.59,47.76,159.27,1.0000,-1,-1,-1
808,12,328.53,246.83,60.48,135.15,1.0000,-1,-1,-1
808,68,-7.97,442.40,54.37,158.24,1.0000,-1,-1,-1
808,90,523.18,405.70,76.13,181.16,1.0000,-1,-1,-1
808,103,272.71,396.79,91.44,155.17,1.0000,-1,-1,-1
808,108,-15.09,231.54,62.25,185.42,1.0000,-1,-1,-1
808,115,343.14,406.62,63.94,134.05,1.0000,-1,-1,-1
808,117,701.75,368.04,94.10,163.76,1.0000,-1,-1,-1
808,118,575.86,255.38,56.42,139.15,1.0000,-1,-1,-1
808,119,-15.19,287.74,47.97,159.95,1.0000,-1,-1,-1
809,12,325.15,247.60,60.43,135.04,1.0000,-1,-1,-1
809,68,-16.43,444.22,54.33,158.10,1.0000,-1,-1,-1
809,90,528.83,403.63,74.49,182.20,1.0000,-1,-1,-1
809,103,269.92,399.24,91.49,155.26,1.0000,-1,-1,-1
809,108,-17.13,234.26,62.41,185.87,1.0000,-1,-1,-1
809,115,332.12,410.41,63.82,133.80,1.0000,-1,-1,-1
809,117,700.74,362.56,96.02,168.52,1.0000,-1,-1,-1
809,118,575.84,259.66,56.21,138.62,1.0000,-1,-1,-1
809,119,-17.60,292.88,48.17,160.63,1.0000,-1,-1,-1
810,12,321.77,248.37,60.38,134.92,1.0000,-1,-1,-1
810,68,-24.90,446.03,54.28,157.97,1.0000,-1,-1,-1
810,90,535.68,403.13,77.03,183.62,1.0000,-1,-1,-1
810,103,275.36,374.55,124.92,175.01,1.0000,-1,-1,-1
810,108,-19.18,236.99,62.56,186.32,1.0000,-1,-1,-1
810,115,321.10,414.20,63.70,133.55,1.0000,-1,-1,-1
810,117,698.95,361.09,96.75,172.64,1.0000,-1,-1,-1
810,118,576.52,256.20,53.96,142.15,1.0000,-1,-1,-1
810,119,-20.02,298.02,48.38,161.31,1.0000,-1,-1,-1
811,12,301.52,231.06,55.29,140.38,1.0000,-1,-1,-1
811,68,-33.36,447.85,54.23,157.83,1.0000,-1,-1,-1
811,90,538.43,404.08,81.48,185.70,1.0000,-1,-1,-1
811,103,273.97,375.81,125.20,175.40,1.0000,-1,-1,-1
811,108,-21.23,239.71,62.71,186.77,1.0000,-1,-1,-1
811,115,310.08,417.99,63.58,133.30,1.0000,-1,-1,-1
811,117,699.26,376.74,95.25,165.92,1.0000,-1,-1,-1
811,118,577.71,258.03,53.09,146.49,1.0000,-1,-1,-1
811,119,-22.43,303.17,48.58,161.98,1.0000,-1,-1,-1
812,12,293.89,226.14,52.03,145.43,1.0000,-1,-1,-1
812,68,-41.83,449.67,54.19,157.69,1.0000,-1,-1,-1
812,90,538.60,408.13,86.98,186.74,1.0000,-1,-1,-1
812,103,291.12,368.49,113.70,180.73,1.0000,-1,-1,-1
812,108,-23.27,242.44,62.86,187.22,1.0000,-1,-1,-1
812,115,299.06,421.78,63.46,133.05,1.0000,-1,-1,-1
812,117,700.88,379.10,93.17,162.63,1.0000,-1,-1,-1
812,118,580.43,258.17,57.70,153.23,1.0000,-1,-1,-1
812,119,-24.85,308.32,48.78,162.65,1.0000,-1,-1,-1
813,12,283.36,214.06,53.55,156.23,1.0000,-1,-1,-1
813,68,-50.29,451.48,54.14,157.55,1.0000,-1,-1,-1
813,90,539.62,406.69,91.38,187.93,1.0000,-1,-1,-1
813,103,290.77,369.27,113.93,181.09,1.0000,-1,-1,-1
813,108,-25.32,245.16,63.01,187.66,1.0000,-1,-1,-1
813,115,288.05,425.58,63.34,132.80,1.0000,-1,-1,-1
813,117,703.47,375.62,91.16,162.71,1.0000,-1,-1,-1
813,118,581.60,257.77,62.24,157.00,1.0000,-1,-1,-1
813,124,61.77,263.54,93.87,142.49,1.0000,-1,-1,-1
814,12,277.24,208.83,54.29,164.07,1.0000,-1,-1,-1
814,68,-58.76,453.30,54.09,157.42,1.0000,-1,-1,-1
814,90,540.72,408.46,94.05,188.16,1.0000,-1,-1,-1
814,103,286.67,367.69,109.81,186.60,1.0000,-1,-1,-1
814,108,-27.37,247.89,63.16,188.11,1.0000,-1,-1,-1
814,115,277.03,429.37,63.22,132.55,1.0000,-1,-1,-1
814,117,705.18,378.69,91.18,162.74,1.0000,-1,-1,-1
814,118,581.06,257.38,65.47,158.83,1.0000,-1,-1,-1
814,124,44.95,263.88,95.68,145.98,1.0000,-1,-1,-1
815,12,270.77,205.36,55.25,169.84,1.0000,-1,-1,-1
815,68,-67.22,455.12,54.04,157.28,1.0000,-1,-1,-1
815,90,543.15,410.27,94.68,185.63,1.0000,-1,-1,-1
815,103,285.82,368.49,110.02,186.96,1.0000,-1,-1,-1
815,108,-29.41,250.62,63.31,188.55,1.0000,-1,-1,-1
815,115,266.01,433.16,63.10,132.30,1.0000,-1,-1,-1
815,117,712.37,376.07,91.41,161.71,1.0000,-1,-1,-1
815,118,578.56,257.29,68.47,160.35,1.0000,-1,-1,-1
815,124,30.97,267.04,92.86,145.85,1.0000,-1,-1,-1
816,12,259.25,201.91,58.05,175.04,1.0000,-1,-1,-1
816,68,-75.69,456.94,54.00,157.14,1.0000,-1,-1,-1
816,90,553.04,406.47,88.60,183.86,1.0000,-1,-1,-1
816,103,307.17,359.88,103.28,187.32,1.0000,-1,-1,-1
816,108,-31.46,253.35,63.45,189.00,1.0000,-1,-1,-1
816,115,254.99,436.95,62.98,132.04,1.0000,-1,-1,-1
816,117,717.10,378.94,92.96,161.21,1.0000,-1,-1,-1
816,118,575.86,256.19,69.19,161.82,1.0000,-1,-1,-1
816,124,15.31,269.31,93.96,147.59,1.0000,-1,-1,-1
816,125,131.90,236.03,71.89,171.10,1.0000,-1,-1,-1
817,12,250.78,199.15,60.83,178.52,1.0000,-1,-1,-1
817,68,-84.15,458.75,53.95,157.00,1.0000,-1,-1,-1
817,90,564.33,405.98,81.72,181.89,1.0000,-1,-1,-1
817,103,313.13,357.16,101.11,188.01,1.0000,-1,-1,-1
817,108,-33.50,256.07,63.60,189.44,1.0000,-1,-1,-1
817,115,243.97,440.74,62.86,131.79,1.0000,-1,-1,-1
817,117,718.35,373.95,94.39,165.81,1.0000,-1,-1,-1
817,118,572.01,255.89,68.44,163.78,1.0000,-1,-1,-1
817,124,-7.65,275.93,72.05,134.51,1.0000,-1,-1,-1
817,125,118.54,242.58,79.50,167.98,1.0000,-1,-1,-1
818,12,244.40,197.43,63.53,181.01,1.0000,-1,-1,-1
818,68,-92.62,460.57,53.90,156.87,1.0000,-1,-1,-1
818,90,572.66,403.95,78.02,182.70,1.0000,-1,-1,-1
818,103,314.29,356.94,101.27,188.31,1.0000,-1,-1,-1
818,115,232.95,444.54,62.74,131.54,1.0000,-1,-1,-1
818,117,720.03,373.46,95.55,168.24,1.0000,-1,-1,-1
818,118,569.92,254.59,66.77,164.66,1.0000,-1,-1,-1
818,124,-11.26,287.76,58.70,124.48,1.0000,-1,-1,-1
818,125,106.83,249.06,87.00,164.30,1.0000,-1,-1,-1
819,12,239.50,193.93,66.43,184.21,1.0000,-1,-1,-1
819,68,-101.08,462.39,53.86,156.73,1.0000,-1,-1,-1
819,90,579.11,403.96,75.40,184.01,1.0000,-1,-1,-1
819,103,299.29,358.64,91.20,186.33,1.0000,-1,-1,-1
819,115,221.93,448.33,62.62,131.29,1.0000,-1,-1,-1
819,117,723.48,366.08,98.17,171.18,1.0000,-1,-1,-1
819,118,569.32,253.67,65.55,166.27,1.0000,-1,-1,-1
819,124,-26.84,295.23,54.75,116.10,1.0000,-1,-1,-1
819,125,96.82,249.50,92.41,164.52,1.0000,-1,-1,-1
820,12,233.66,192.89,68.55,186.47,1.0000,-1,-1,-1
820,68,-109.55,464.21,53.81,156.59,1.0000,-1,-1,-1
820,90,584.74,403.53,74.97,184.64,1.0000,-1,-1,-1
820,103,297.90,367.03,85.02,181.52,1.0000,-1,-1,-1
820,117,724.04,359.74,100.21,171.48,1.0000,-1,-1,-1
820,118,571.02,253.11,63.33,166.79,1.0000,-1,-1,-1
820,124,-42.26,303.02,50.50,107.07,1.0000,-1,-1,-1
820,125,88.42,249.21,96.04,164.55,1.0000,-1,-1,-1
821,12,222.52,210.37,73.16,175.48,1.0000,-1,-1,-1
821,68,-118.01,466.02,53.76,156.45,1.0000,-1,-1,-1
821,90,597.27,412.99,81.71,177.29,1.0000,-1,-1,-1
821,103,295.35,370.41,79.41,178.77,1.0000,-1,-1,-1
821,117,726.54,356.60,101.06,170.90,1.0000,-1,-1,-1
821,118,572.41,253.62,62.68,168.01,1.0000,-1,-1,-1
821,124,-57.48,311.22,45.84,97.21,1.0000,-1,-1,-1
821,125,74.07,248.33,93.75,162.47,1.0000,-1,-1,-1
822,12,214.96,217.42,75.21,169.82,1.0000,-1,-1,-1
822,68,-126.48,467.84,53.71,156.31,1.0000,-1,-1,-1
822,90,606.09,417.40,87.30,174.04,1.0000,-1,-1,-1
822,103,292.33,372.55,75.68,176.80,1.0000,-1,-1,-1
822,117,729.04,356.67,101.24,171.20,1.0000,-1,-1,-1
822,118,575.21,252.32,63.10,170.04,1.0000,-1,-1,-1
822,124,-72.44,319.99,40.66,86.22,1.0000,-1,-1,-1
822,125,61.20,248.37,88.87,159.98,1.0000,-1,-1,-1
822,126,363.78,345.85,73.65,140.02,1.0000,-1,-1,-1
823,12,204.03,220.01,78.59,165.95,1.0000,-1,-1,-1
823,68,-134.94,469.66,53.67,156.17,1.0000,-1,-1,-1
823,90,606.26,421.48,95.39,174.75,1.0000,-1,-1,-1
823,103,289.25,373.75,72.91,174.79,1.0000,-1,-1,-1
823,117,728.63,356.59,101.12,171.79,1.0000,-1,-1,-1
823,118,574.17,253.46,64.69,171.54,1.0000,-1,-1,-1
823,124,-87.02,329.57,34.71,73.61,1.0000,-1,-1,-1
823,125,48.54,248.43,83.42,158.74,1.0000,-1,-1,-1
823,126,367.14,340.54,81.14,142.55,1.0000,-1,-1,-1
823,127,755.47,657.79,74.32,62.19,1.0000,-1,-1,-1
824,12,195.01,220.62,80.25,164.53,1.0000,-1,-1,-1
824,90,614.19,424.93,95.76,174.43,1.0000,-1,-1,-1
824,103,288.45,375.11,69.27,173.45,1.0000,-1,-1,-1
824,117,730.85,356.65,101.30,172.09,1.0000,-1,-1,-1
824,118,573.20,254.83,67.39,172.71,1.0000,-1,-1,-1
824,124,-100.97,340.48,27.51,58.34,1.0000,-1,-1,-1
824,125,33.19,249.95,77.45,156.36,1.0000,-1,-1,-1
824,126,369.30,339.62,94.41,155.36,1.0000,-1,-1,-1
824,127,756.91,657.57,73.91,62.36,1.0000,-1,-1,-1
825,12,185.79,217.41,80.88,165.35,1.0000,-1,-1,-1
825,90,619.61,426.17,94.28,174.43,1.0000,-1,-1,-1
825,103,285.75,376.96,66.97,172.24,1.0000,-1,-1,-1
825,117,733.09,356.72,101.47,172.38,1.0000,-1,-1,-1
825,118,571.30,256.40,69.53,173.99,1.0000,-1,-1,-1
825,124,-113.55,354.29,17.57,37.25,1.0000,-1,-1,-1
825,125,17.51,251.32,72.17,154.88,1.0000,-1,-1,-1
825,126,374.20,337.66,101.29,156.45,1.0000,-1,-1,-1
825,127,758.47,657.87,73.17,62.10,1.0000,-1,-1,-1
826,12,173.56,215.22,79.74,166.21,1.0000,-1,-1,-1
826,90,624.63,425.59,91.66,176.40,1.0000,-1,-1,-1
826,103,279.68,379.17,66.11,170.24,1.0000,-1,-1,-1
826,117,733.32,363.59,104.16,185.43,1.0000,-1,-1,-1
826,118,569.37,255.73,71.38,174.62,1.0000,-1,-1,-1
826,124,-131.10,357.57,17.57,37.25,1.0000,-1,-1,-1
826,125,-2.10,253.53,65.88,154.59,1.0000,-1,-1,-1
826,126,395.74,335.28,114.55,162.25,1.0000,-1,-1,-1
826,127,759.73,659.41,71.69,60.84,1.0000,-1,-1,-1
827,12,161.81,213.23,78.87,167.80,1.0000,-1,-1,-1
827,90,627.28,422.34,89.59,179.77,1.0000,-1,-1,-1
827,103,275.11,380.54,66.30,169.25,1.0000,-1,-1,-1
827,117,732.16,362.27,106.11,195.08,1.0000,-1,-1,-1
827,118,567.63,255.38,72.83,175.34,1.0000,-1,-1,-1
827,124,-148.65,360.84,17.57,37.25,1.0000,-1,-1,-1
827,125,-10.15,254.02,57.28,152.37,1.0000,-1,-1,-1
827,126,426.86,336.08,114.01,161.92,1.0000,-1,-1,-1
827,127,761.00,659.95,70.67,60.18,1.0000,-1,-1,-1
828,12,152.67,212.00,75.18,168.76,1.0000,-1,-1,-1
828,90,628.66,412.85,87.89,186.19,1.0000,-1,-1,-1
828,103,271.22,380.18,66.18,168.66,1.0000,-1,-1,-1
828,117,731.65,363.46,106.92,198.90,1.0000,-1,-1,-1
828,118,566.04,255.30,73.93,177.30,1.0000,-1,-1,-1
828,124,-166.20,364.11,17.57,37.25,1.0000,-1,-1,-1
828,125,-23.98,255.73,56.39,149.99,1.0000,-1,-1,-1
828,126,439.69,333.19,118.47,168.26,1.0000,-1,-1,-1
828,127,761.39,660.35,69.90,59.70,1.0000,-1,-1,-1
829,12,145.78,209.25,71.66,170.76,1.0000,-1,-1,-1
829,90,627.05,391.53,88.38,199.91,1.0000,-1,-1,-1
829,103,268.84,378.37,65.86,168.32,1.0000,-1,-1,-1
829,117,730.28,356.79,107.94,206.36,1.0000,-1,-1,-1
829,118,564.91,251.89,74.77,180.37,1.0000,-1,-1,-1
829,124,-183.75,367.39,17.57,37.25,1.0000,-1,-1,-1
829,125,-37.80,257.47,55.48,147.57,1.0000,-1,-1,-1
829,126,455.79,338.42,119.21,164.05,1.0000,-1,-1,-1
829,127,762.41,660.59,69.14,59.34,1.0000,-1,-1,-1
830,12,140.05,202.54,68.15,171.77,1.0000,-1,-1,-1
830,90,627.47,387.17,85.32,204.89,1.0000,-1,-1,-1
830,103,266.84,376.22,65.53,169.42,1.0000,-1,-1,-1
830,117,729.08,351.01,108.68,212.48,1.0000,-1,-1,-1
830,118,563.65,248.51,76.67,182.73,1.0000,-1,-1,-1
830,124,-201.30,370.66,17.57,37.25,1.0000,-1,-1,-1
830,125,-51.61,259.23,54.56,145.12,1.0000,-1,-1,-1
830,126,464.90,342.30,116.37,161.48,1.0000,-1,-1,-1
830,127,762.76,660.68,68.60,59.16,1.0000,-1,-1,-1
831,12,133.17,185.02,67.01,182.24,1.0000,-1,-1,-1
831,90,618.10,372.70,80.04,207.63,1.0000,-1,-1,-1
831,103,265.92,373.08,64.55,172.26,1.0000,-1,-1,-1
831,117,727.36,343.67,109.29,217.33,1.0000,-1,-1,-1
831,118,561.70,244.69,75.58,183.52,1.0000,-1,-1,-1
831,124,-218.85,373.93,17.57,37.25,1.0000,-1,-1,-1
831,125,-65.42,261.01,53.62,142.62,1.0000,-1,-1,-1
831,126,477.53,343.67,117.16,158.03,1.0000,-1,-1,-1
831,127,761.56,660.38,68.95,59.36,1.0000,-1,-1,-1
832,12,127.56,197.48,67.02,177.82,1.0000,-1,-1,-1
832,90,615.72,353.38,75.79,211.88,1.0000,-1,-1,-1
832,103,265.81,371.44,65.00,175.16,1.0000,-1,-1,-1
832,117,734.67,363.54,105.47,205.85,1.0000,-1,-1,-1
832,118,561.45,243.41,74.58,183.24,1.0000,-1,-1,-1
832,124,-236.40,377.21,17.57,37.25,1.0000,-1,-1,-1
832,125,-79.22,262.82,52.66,140.07,1.0000,-1,-1,-1
832,126,487.04,344.65,116.19,155.64,1.0000,-1,-1,-1
832,127,760.68,659.94,69.56,59.73,1.0000,-1,-1,-1
833,12,119.01,204.56,71.08,173.70,1.0000,-1,-1,-1
833,90,616.93,336.45,72.09,216.18,1.0000,-1,-1,-1
833,103,266.68,370.42,65.43,177.09,1.0000,-1,-1,-1
833,117,739.31,373.39,101.58,198.91,1.0000,-1,-1,-1
833,118,561.18,242.42,74.07,183.10,1.0000,-1,-1,-1
833,124,-253.96,380.48,17.57,37.25,1.0000,-1,-1,-1
833,125,-93.01,264.64,51.68,137.48,1.0000,-1,-1,-1
833,126,496.06,344.58,119.32,153.96,1.0000,-1,-1,-1
833,127,760.38,659.63,70.40,60.08,1.0000,-1,-1,-1
834,12,112.02,203.58,76.24,172.53,1.0000,-1,-1,-1
834,90,618.27,324.97,69.49,216.46,1.0000,-1,-1,-1
834,103,267.30,370.62,66.20,178.91,1.0000,-1,-1,-1
834,117,741.29,379.27,99.02,195.02,1.0000,-1,-1,-1
834,118,564.14,242.80,75.14,180.96,1.0000,-1,-1,-1
834,125,-106.78,266.49,50.69,134.84,1.0000,-1,-1,-1
834,126,500.82,343.90,122.09,153.48,1.0000,-1,-1,-1
834,127,760.44,659.17,71.29,60.52,1.0000,-1,-1,-1
835,12,107.07,202.60,81.09,171.97,1.0000,-1,-1,-1
835,90,615.43,306.36,69.82,222.06,1.0000,-1,-1,-1
835,103,266.23,371.49,67.47,180.35,1.0000,-1,-1,-1
835,117,737.07,374.33,99.95,198.90,1.0000,-1,-1,-1
835,118,562.98,244.30,73.78,176.96,1.0000,-1,-1,-1
835,125,-120.55,268.37,49.68,132.15,1.0000,-1,-1,-1
835,126,507.78,342.73,119.67,151.87,1.0000,-1,-1,-1
835,127,760.65,659.30,72.08,60.60,1.0000,-1,-1,-1
836,12,104.98,200.88,84.64,169.52,1.0000,-1,-1,-1
836,90,614.60,299.63,73.67,218.68,1.0000,-1,-1,-1
836,103,265.88,373.60,70.92,179.13,1.0000,-1,-1,-1
836,117,729.90,370.25,105.52,200.99,1.0000,-1,-1,-1
836,118,562.56,243.97,74.01,177.52,1.0000,-1,-1,-1
836,125,-134.31,270.28,48.65,129.40,1.0000,-1,-1,-1
836,126,512.82,336.70,116.67,150.76,1.0000,-1,-1,-1
836,127,760.51,661.08,72.98,59.53,1.0000,-1,-1,-1
836,128,704.77,323.85,75.61,186.82,1.0000,-1,-1,-1
837,12,103.41,198.63,86.88,167.42,1.0000,-1,-1,-1
837,90,614.44,285.64,81.81,219.71,1.0000,-1,-1,-1
837,103,265.90,374.74,73.89,177.86,1.0000,-1,-1,-1
837,117,721.96,367.24,111.19,199.18,1.0000,-1,-1,-1
837,118,562.13,243.64,74.25,178.07,1.0000,-1,-1,-1
837,125,-148.06,272.21,47.59,126.59,1.0000,-1,-1,-1
837,126,510.19,332.42,117.38,151.52,1.0000,-1,-1,-1
837,127,760.87,661.28,72.90,59.47,1.0000,-1,-1,-1
837,128,703.30,318.22,73.27,177.20,1.0000,-1,-1,-1
838,12,95.76,196.71,88.86,165.29,1.0000,-1,-1,-1
838,90,612.15,278.67,88.47,216.81,1.0000,-1,-1,-1
838,103,266.69,377.38,76.25,174.26,1.0000,-1,-1,-1
838,117,720.98,368.89,113.42,195.51,1.0000,-1,-1,-1
838,118,561.70,243.31,74.48,178.63,1.0000,-1,-1,-1
838,125,-161.80,274.18,46.51,123.71,1.0000,-1,-1,-1
838,126,504.01,326.99,121.01,152.69,1.0000,-1,-1,-1
838,127,761.22,661.47,72.83,59.41,1.0000,-1,-1,-1
838,128,700.29,313.71,73.65,179.38,1.0000,-1,-1,-1
839,12,86.20,192.96,91.28,164.20,1.0000,-1,-1,-1
839,90,611.27,275.58,93.55,212.61,1.0000,-1,-1,-1
839,103,267.73,376.76,78.20,170.74,1.0000,-1,-1,-1
839,117,719.11,368.38,115.37,191.64,1.0000,-1,-1,-1
839,118,561.27,242.99,74.71,179.18,1.0000,-1,-1,-1
839,125,-175.52,276.18,45.40,120.77,1.0000,-1,-1,-1
839,126,496.52,319.11,126.87,155.73,1.0000,-1,-1,-1
839,127,761.57,661.67,72.76,59.35,1.0000,-1,-1,-1
839,128,698.04,307.44,73.15,180.32,1.0000,-1,-1,-1
840,12,82.04,187.98,90.58,163.89,1.0000,-1,-1,-1
840,90,609.48,279.81,97.05,204.27,1.0000,-1,-1,-1
840,103,265.37,375.62,81.18,165.85,1.0000,-1,-1,-1
840,117,716.78,365.10,117.27,188.87,1.0000,-1,-1,-1
840,118,560.84,242.66,74.94,179.73,1.0000,-1,-1,-1
840,125,-189.23,278.22,44.27,117.76,1.0000,-1,-1,-1
840,126,490.34,311.65,129.20,158.17,1.0000,-1,-1,-1
840,127,761.92,661.87,72.68,59.29,1.0000,-1,-1,-1
840,128,696.82,298.35,74.57,180.44,1.0000,-1,-1,-1
841,12,82.22,181.22,85.90,163.13,1.0000,-1,-1,-1
841,90,601.28,268.63,98.33,201.58,1.0000,-1,-1,-1
841,103,264.74,375.44,81.19,165.87,1.0000,-1,-1,-1
841,117,713.54,357.28,120.21,186.29,1.0000,-1,-1,-1
841,118,560.42,242.34,75.17,180.28,1.0000,-1,-1,-1
841,125,-202.92,280.29,43.11,114.66,1.0000,-1,-1,-1
841,126,495.39,308.45,130.81,160.14,1.0000,-1,-1,-1
841,127,762.27,662.07,72.61,59.23,1.0000,-1,-1,-1
841,128,694.45,291.47,75.17,181.89,1.0000,-1,-1,-1
842,12,83.47,176.46,81.26,162.71,1.0000,-1,-1,-1
842,90,594.71,262.31,98.49,197.99,1.0000,-1,-1,-1
842,103,272.81,368.75,84.21,155.48,1.0000,-1,-1,-1
842,117,713.07,350.44,121.50,184.38,1.0000,-1,-1,-1
842,118,559.99,242.01,75.39,180.82,1.0000,-1,-1,-1
842,123,882.11,203.44,56.50,154.56,1.0000,-1,-1,-1
842,125,-216.60,282.42,41.91,111.48,1.0000,-1,-1,-1
842,126,498.12,294.41,113.43,158.10,1.0000,-1,-1,-1
842,127,762.63,662.27,72.54,59.17,1.0000,-1,-1,-1
842,128,692.08,284.59,75.77,183.32,1.0000,-1,-1,-1
843,12,84.75,172.44,77.73,162.43,1.0000,-1,-1,-1
843,90,594.50,255.20,98.62,198.26,1.0000,-1,-1,-1
843,103,262.42,368.17,91.15,148.02,1.0000,-1,-1,-1
843,117,710.53,342.44,122.90,184.48,1.0000,-1,-1,-1
843,118,559.56,241.69,75.62,181.37,1.0000,-1,-1,-1
843,123,881.61,197.43,56.38,154.34,1.0000,-1,-1,-1
843,126,502.38,290.32,114.47,159.54,1.0000,-1,-1,-1
843,127,762.98,662.47,72.46,59.11,1.0000,-1,-1,-1
843,128,689.72,277.72,76.36,184.75,1.0000,-1,-1,-1
844,12,87.55,169.52,75.69,161.63,1.0000,-1,-1,-1
844,90,591.10,258.72,88.71,193.75,1.0000,-1,-1,-1
844,103,257.79,367.73,92.23,140.92,1.0000,-1,-1,-1
844,117,712.55,338.45,122.02,183.12,1.0000,-1,-1,-1
844,118,559.14,241.37,75.85,181.91,1.0000,-1,-1,-1
844,123,880.59,191.40,56.25,153.74,1.0000,-1,-1,-1
844,126,506.65,286.23,115.49,160.96,1.0000,-1,-1,-1
844,127,763.33,662.67,72.39,59.06,1.0000,-1,-1,-1
844,128,687.35,270.86,76.94,186.17,1.0000,-1,-1,-1
845,12,91.22,170.09,75.62,158.97,1.0000,-1,-1,-1
845,90,589.29,259.92,84.05,189.67,1.0000,-1,-1,-1
845,103,258.02,367.30,89.57,134.80,1.0000,-1,-1,-1
845,117,704.61,306.10,126.32,197.12,1.0000,-1,-1,-1
845,118,558.71,241.05,76.07,182.46,1.0000,-1,-1,-1
845,123,880.25,187.80,56.41,154.16,1.0000,-1,-1,-1
845,126,500.30,282.22,110.99,159.08,1.0000,-1,-1,-1
845,127,749.00,597.95,81.52,100.87,1.0000,-1,-1,-1
845,128,684.99,264.00,77.52,187.57,1.0000,-1,-1,-1
846,12,93.11,172.50,79.56,151.94,1.0000,-1,-1,-1
846,90,591.13,257.69,81.08,184.90,1.0000,-1,-1,-1
846,103,260.22,363.91,86.90,129.30,1.0000,-1,-1,-1
846,117,699.97,291.76,127.27,204.17,1.0000,-1,-1,-1
846,118,558.29,240.72,76.30,183.00,1.0000,-1,-1,-1
846,123,879.91,184.21,56.56,154.59,1.0000,-1,-1,-1
846,126,499.40,284.19,100.60,159.48,1.0000,-1,-1,-1
846,127,752.46,582.01,77.69,119.55,1.0000,-1,-1,-1
846,128,682.63,257.15,78.10,188.97,1.0000,-1,-1,-1
847,12,93.34,174.53,84.97,145.39,1.0000,-1,-1,-1
847,90,600.21,255.09,82.61,180.91,1.0000,-1,-1,-1
847,103,261.77,363.08,84.53,126.62,1.0000,-1,-1,-1
847,117,695.17,284.34,126.96,205.38,1.0000,-1,-1,-1
847,118,557.86,240.40,76.52,183.54,1.0000,-1,-1,-1
847,123,879.57,180.62,56.72,155.01,1.0000,-1,-1,-1
847,126,502.79,285.64,94.39,160.49,1.0000,-1,-1,-1
847,127,755.41,571.80,75.29,132.68,1.0000,-1,-1,-1
847,128,680.27,250.30,78.67,190.35,1.0000,-1,-1,-1
848,12,92.24,174.47,92.23,141.30,1.0000,-1,-1,-1
848,90,602.03,251.66,79.02,179.21,1.0000,-1,-1,-1
848,103,264.07,364.47,82.56,127.53,1.0000,-1,-1,-1
848,117,690.27,280.13,125.71,201.75,1.0000,-1,-1,-1
848,118,557.44,240.08,76.75,184.07,1.0000,-1,-1,-1
848,123,879.23,177.03,56.87,155.44,1.0000,-1,-1,-1
848,126,506.86,284.19,91.35,162.11,1.0000,-1,-1,-1
848,127,756.95,562.14,74.90,144.36,1.0000,-1,-1,-1
848,128,677.92,243.45,79.24,191.73,1.0000,-1,-1,-1
849,12,92.84,171.94,98.55,139.01,1.0000,-1,-1,-1
849,90,603.03,246.67,73.74,177.75,1.0000,-1,-1,-1
849,103,267.75,364.83,81.19,128.33,1.0000,-1,-1,-1
849,117,685.58,277.38,123.57,195.23,1.0000,-1,-1,-1
849,118,557.01,239.77,76.97,184.61,1.0000,-1,-1,-1
849,123,878.89,173.43,57.03,155.86,1.0000,-1,-1,-1
849,126,509.61,281.56,91.73,162.92,1.0000,-1,-1,-1
849,127,758.68,554.68,73.27,153.59,1.0000,-1,-1,-1
849,128,675.56,236.61,79.80,193.09,1.0000,-1,-1,-1
850,12,88.19,167.42,106.02,138.51,1.0000,-1,-1,-1
850,90,605.40,243.18,70.23,177.09,1.0000,-1,-1,-1
850,103,267.76,363.28,81.08,128.16,1.0000,-1,-1,-1
850,117,680.22,273.66,115.97,188.14,1.0000,-1,-1,-1
850,118,556.59,239.45,77.19,185.14,1.0000,-1,-1,-1
850,123,878.55,169.84,57.18,156.28,1.0000,-1,-1,-1
850,126,508.85,284.72,94.29,158.77,1.0000,-1,-1,-1
850,127,759.76,548.38,72.95,161.85,1.0000,-1,-1,-1
850,128,673.21,229.78,80.36,194.45,1.0000,-1,-1,-1
851,12,85.70,160.35,110.13,138.29,1.0000,-1,-1,-1
851,90,604.73,232.52,71.49,179.35,1.0000,-1,-1,-1
851,103,268.66,367.05,78.12,129.85,1.0000,-1,-1,-1
851,117,677.18,272.92,113.73,183.83,1.0000,-1,-1,-1
851,123,878.21,166.25,57.34,156.70,1.0000,-1,-1,-1
851,126,505.62,283.34,100.79,156.52,1.0000,-1,-1,-1
851,127,757.82,542.67,77.41,170.10,1.0000,-1,-1,-1
851,128,670.86,222.95,80.92,195.79,1.0000,-1,-1,-1
852,12,80.59,156.47,111.89,137.25,1.0000,-1,-1,-1
852,90,608.55,224.33,71.19,180.80,1.0000,-1,-1,-1
852,103,268.63,366.05,78.01,129.65,1.0000,-1,-1,-1
852,117,674.69,271.50,113.94,179.89,1.0000,-1,-1,-1
852,123,877.87,162.66,57.49,157.12,1.0000,-1,-1,-1
852,126,502.05,281.40,108.29,156.15,1.0000,-1,-1,-1
852,127,756.41,539.15,82.11,176.00,1.0000,-1,-1,-1
852,128,668.51,216.13,81.47,197.13,1.0000,-1,-1,-1
853,12,71.74,153.83,113.29,135.98,1.0000,-1,-1,-1
853,90,604.53,215.49,77.46,179.93,1.0000,-1,-1,-1
853,103,268.60,365.06,77.89,129.46,1.0000,-1,-1,-1
853,117,676.25,274.14,113.23,179.70,1.0000,-1,-1,-1
853,123,877.53,159.08,57.64,157.54,1.0000,-1,-1,-1
853,126,498.04,278.34,115.49,157.21,1.0000,-1,-1,-1
853,127,758.58,537.67,85.10,179.40,1.0000,-1,-1,-1
853,128,666.17,209.31,82.02,198.46,1.0000,-1,-1,-1
854,12,66.30,151.70,108.90,135.50,1.0000,-1,-1,-1
854,90,611.04,207.17,80.31,177.73,1.0000,-1,-1,-1
854,103,268.56,364.07,77.78,129.27,1.0000,-1,-1,-1
854,117,675.30,275.99,113.89,181.63,1.0000,-1,-1,-1
854,123,877.19,155.49,57.80,157.95,1.0000,-1,-1,-1
854,126,495.63,275.39,120.78,157.74,1.0000,-1,-1,-1
854,127,761.92,538.03,87.32,180.97,1.0000,-1,-1,-1
854,128,663.82,202.49,82.56,199.78,1.0000,-1,-1,-1
855,12,60.97,151.28,107.49,135.00,1.0000,-1,-1,-1
855,90,612.00,197.11,77.51,173.58,1.0000,-1,-1,-1
855,103,268.53,363.08,77.66,129.08,1.0000,-1,-1,-1
855,117,676.62,279.39,113.87,181.57,1.0000,-1,-1,-1
855,123,876.85,151.90,57.95,158.37,1.0000,-1,-1,-1
855,126,493.08,274.06,122.76,157.55,1.0000,-1,-1,-1
855,127,766.21,539.13,90.09,181.36,1.0000,-1,-1,-1
855,128,661.48,195.68,83.11,201.09,1.0000,-1,-1,-1
856,12,56.77,149.41,111.95,136.31,1.0000,-1,-1,-1
856,90,612.74,190.15,77.49,173.54,1.0000,-1,-1,-1
856,103,266.42,383.96,94.02,136.57,1.0000,-1,-1,-1
856,117,679.17,283.35,111.87,180.31,1.0000,-1,-1,-1
856,123,876.52,148.31,58.10,158.78,1.0000,-1,-1,-1
856,126,491.01,274.37,118.84,156.19,1.0000,-1,-1,-1
856,127,776.66,540.31,92.98,181.12,1.0000,-1,-1,-1
856,129,498.11,157.89,110.31,142.49,1.0000,-1,-1,-1
857,12,54.24,148.75,116.11,137.74,1.0000,-1,-1,-1
857,90,613.47,183.19,77.47,173.50,1.0000,-1,-1,-1
857,103,256.01,388.95,86.27,139.12,1.0000,-1,-1,-1
857,117,683.27,286.55,106.39,178.16,1.0000,-1,-1,-1
857,123,876.18,144.72,58.25,159.20,1.0000,-1,-1,-1
857,126,487.59,274.49,112.80,154.88,1.0000,-1,-1,-1
857,127,778.48,537.72,94.03,183.19,1.0000,-1,-1,-1
857,129,495.48,157.02,111.12,137.79,1.0000,-1,-1,-1
858,12,53.14,147.87,120.12,137.84,1.0000,-1,-1,-1
858,90,614.21,176.23,77.46,173.46,1.0000,-1,-1,-1
858,103,254.59,392.89,82.96,140.29,1.0000,-1,-1,-1
858,117,681.82,284.35,106.52,178.37,1.0000,-1,-1,-1
858,123,875.84,141.14,58.40,159.61,1.0000,-1,-1,-1
858,126,483.43,275.80,107.32,153.31,1.0000,-1,-1,-1
858,127,787.29,541.19,99.02,181.36,1.0000,-1,-1,-1
858,129,492.03,149.21,118.61,147.07,1.0000,-1,-1,-1
859,12,48.84,148.48,127.45,137.55,1.0000,-1,-1,-1
859,90,614.95,169.27,77.44,173.42,1.0000,-1,-1,-1
859,103,257.62,394.93,85.09,141.23,1.0000,-1,-1,-1
859,117,683.67,288.79,106.47,176.45,1.0000,-1,-1,-1
859,123,875.50,137.55,58.55,160.02,1.0000,-1,-1,-1
859,126,482.26,278.01,107.35,152.09,1.0000,-1,-1,-1
859,127,789.88,539.00,100.11,183.35,1.0000,-1,-1,-1
859,129,486.87,164.80,101.45,124.64,1.0000,-1,-1,-1
860,12,36.40,149.51,118.46,137.04,1.0000,-1,-1,-1
860,90,615.68,162.31,77.42,173.38,1.0000,-1,-1,-1
860,103,261.36,396.09,86.88,140.64,1.0000,-1,-1,-1
860,117,682.50,287.09,106.59,176.64,1.0000,-1,-1,-1
860,126,486.97,277.93,108.77,152.64,1.0000,-1,-1,-1
860,127,792.47,536.81,101.18,185.31,1.0000,-1,-1,-1
860,129,485.98,167.68,92.21,118.47,1.0000,-1,-1,-1
861,12,51.93,153.69,107.19,135.23,1.0000,-1,-1,-1
861,90,616.42,155.35,77.40,173.34,1.0000,-1,-1,-1
861,103,271.60,397.65,92.42,138.50,1.0000,-1,-1,-1
861,117,681.50,294.39,114.75,172.17,1.0000,-1,-1,-1
861,126,494.36,279.24,112.07,153.87,1.0000,-1,-1,-1
861,127,795.07,534.64,102.25,187.26,1.0000,-1,-1,-1
861,129,492.61,166.40,95.53,120.55,1.0000,-1,-1,-1
862,12,64.11,155.28,104.17,133.44,1.0000,-1,-1,-1
862,90,617.16,148.39,77.39,173.29,1.0000,-1,-1,-1
862,103,279.67,401.22,97.93,140.62,1.0000,-1,-1,-1
862,117,677.11,285.85,123.45,177.28,1.0000,-1,-1,-1
862,126,499.81,278.70,113.84,155.65,1.0000,-1,-1,-1
862,127,797.67,532.47,103.30,189.19,1.0000,-1,-1,-1
862,129,499.91,168.89,97.02,119.56,1.0000,-1,-1,-1
863,12,80.29,157.94,102.89,129.41,1.0000,-1,-1,-1
863,90,617.89,141.43,77.37,173.25,1.0000,-1,-1,-1
863,103,286.88,405.57,102.28,144.88,1.0000,-1,-1,-1
863,117,679.72,284.62,126.49,178.33,1.0000,-1,-1,-1
863,126,503.92,277.58,114.72,158.66,1.0000,-1,-1,-1
863,127,800.28,530.32,104.34,191.10,1.0000,-1,-1,-1
863,129,504.41,170.34,98.49,115.04,1.0000,-1,-1,-1
864,12,85.23,157.06,109.83,129.06,1.0000,-1,-1,-1
864,90,618.63,134.47,77.35,173.21,1.0000,-1,-1,-1
864,103,295.69,408.42,107.11,149.11,1.0000,-1,-1,-1
864,117,682.36,285.87,127.48,180.02,1.0000,-1,-1,-1
864,126,508.81,278.78,111.60,158.86,1.0000,-1,-1,-1
864,127,802.90,528.17,105.37,192.99,1.0000,-1,-1,-1
864,129,507.58,171.88,97.47,112.68,1.0000,-1,-1,-1
865,12,96.03,157.68,113.37,128.70,1.0000,-1,-1,-1
865,90,619.36,127.51,77.33,173.17,1.0000,-1,-1,-1
865,103,303.00,410.98,109.16,152.78,1.0000,-1,-1,-1
865,117,683.55,293.39,127.25,171.89,1.0000,-1,-1,-1
865,126,507.39,279.57,99.58,157.32,1.0000,-1,-1,-1
865,127,805.51,526.03,106.39,194.86,1.0000,-1,-1,-1
865,129,512.54,174.24,92.68,110.72,1.0000,-1,-1,-1
866,12,112.08,156.96,114.14,125.47,1.0000,-1,-1,-1
866,90,620.10,120.55,77.31,173.13,1.0000,-1,-1,-1
866,103,312.84,415.22,102.37,152.87,1.0000,-1,-1,-1
866,117,692.68,286.50,127.43,166.82,1.0000,-1,-1,-1
866,126,521.70,280.99,94.20,155.60,1.0000,-1,-1,-1
866,127,808.14,523.91,107.41,196.71,1.0000,-1,-1,-1
866,129,523.92,181.73,82.82,105.04,1.0000,-1,-1,-1
867,12,115.46,155.88,114.27,125.60,1.0000,-1,-1,-1
867,90,620.84,113.59,77.30,173.09,1.0000,-1,-1,-1
867,103,322.60,416.73,96.41,152.43,1.0000,-1,-1,-1
867,117,700.50,287.75,130.37,169.11,1.0000,-1,-1,-1
867,126,533.10,281.15,92.38,153.92,1.0000,-1,-1,-1
867,127,810.77,521.79,108.41,198.54,1.0000,-1,-1,-1
867,129,529.43,182.63,84.40,103.76,1.0000,-1,-1,-1
868,12,128.96,158.08,107.76,123.02,1.0000,-1,-1,-1
868,90,621.57,106.63,77.28,173.05,1.0000,-1,-1,-1
868,103,334.19,416.41,95.22,150.67,1.0000,-1,-1,-1
868,117,707.35,291.24,136.40,169.47,1.0000,-1,-1,-1
868,126,535.70,280.61,92.56,154.21,1.0000,-1,-1,-1
868,127,813.40,519.68,109.40,200.36,1.0000,-1,-1,-1
868,129,537.21,185.31,89.34,102.29,1.0000,-1,-1,-1
869,12,147.35,158.86,98.40,120.56,1.0000,-1,-1,-1
869,90,622.31,99.67,77.26,173.01,1.0000,-1,-1,-1
869,103,343.76,415.71,98.24,149.47,1.0000,-1,-1,-1
869,117,713.48,289.65,141.63,171.24,1.0000,-1,-1,-1
869,126,548.03,278.50,97.38,154.74,1.0000,-1,-1,-1
869,127,816.04,517.57,110.39,202.17,1.0000,-1,-1,-1
869,129,544.19,184.03,96.43,103.69,1.0000,-1,-1,-1
869,132,848.52,549.55,64.77,72.87,1.0000,-1,-1,-1
870,12,152.22,158.04,98.43,120.59,1.0000,-1,-1,-1
870,90,623.05,92.71,77.24,172.97,1.0000,-1,-1,-1
870,103,353.51,417.50,101.34,150.21,1.0000,-1,-1,-1
870,117,735.13,282.96,137.94,160.46,1.0000,-1,-1,-1
870,126,553.86,276.54,100.41,154.87,1.0000,-1,-1,-1
870,127,818.68,515.48,111.36,203.95,1.0000,-1,-1,-1
870,129,548.11,185.02,104.24,103.50,1.0000,-1,-1,-1
870,132,856.04,550.47,64.14,72.16,1.0000,-1,-1,-1
871,12,183.17,155.20,102.15,122.43,1.0000,-1,-1,-1
871,103,369.28,421.94,103.80,154.10,1.0000,-1,-1,-1
871,117,753.98,286.72,131.80,154.51,1.0000,-1,-1,-1
871,126,570.78,277.31,99.60,154.03,1.0000,-1,-1,-1
871,127,821.33,513.39,112.33,205.72,1.0000,-1,-1,-1
871,129,552.50,185.60,104.12,103.38,1.0000,-1,-1,-1
871,131,772.28,213.45,100.15,115.06,1.0000,-1,-1,-1
871,132,863.57,551.39,63.50,71.45,1.0000,-1,-1,-1
872,12,190.45,154.26,102.20,122.49,1.0000,-1,-1,-1
872,103,380.13,426.06,104.94,157.22,1.0000,-1,-1,-1
872,117,764.63,289.25,125.04,149.52,1.0000,-1,-1,-1
872,126,575.28,272.34,86.67,146.03,1.0000,-1,-1,-1
872,127,823.98,511.31,113.29,207.48,1.0000,-1,-1,-1
872,129,567.61,184.71,96.51,99.45,1.0000,-1,-1,-1
872,131,789.55,207.05,107.81,120.45,1.0000,-1,-1,-1
872,132,871.10,552.31,62.86,70.72,1.0000,-1,-1,-1
873,12,197.73,153.33,102.25,122.55,1.0000,-1,-1,-1
873,103,381.83,428.90,93.17,158.77,1.0000,-1,-1,-1
873,117,770.28,287.84,125.14,149.64,1.0000,-1,-1,-1
873,126,583.59,274.98,75.10,139.98,1.0000,-1,-1,-1
873,127,826.63,509.24,114.24,209.22,1.0000,-1,-1,-1
873,129,572.85,185.17,96.00,98.93,1.0000,-1,-1,-1
873,131,797.57,202.26,105.40,117.04,1.0000,-1,-1,-1
873,132,878.64,553.24,62.21,69.99,1.0000,-1,-1,-1
874,12,205.01,152.39,102.30,122.61,1.0000,-1,-1,-1
874,103,387.64,430.70,83.62,159.36,1.0000,-1,-1,-1
874,117,777.47,293.23,110.33,144.97,1.0000,-1,-1,-1
874,126,596.21,282.61,71.27,139.69,1.0000,-1,-1,-1
874,129,578.08,185.64,95.50,98.41,1.0000,-1,-1,-1
874,131,809.27,198.83,103.31,113.60,1.0000,-1,-1,-1
874,132,886.17,554.17,61.55,69.25,1.0000,-1,-1,-1
874,133,12.75,219.34,105.38,169.02,1.0000,-1,-1,-1
875,12,212.29,151.46,102.35,122.67,1.0000,-1,-1,-1
875,103,399.45,432.34,81.32,158.33,1.0000,-1,-1,-1
875,117,788.07,297.56,101.90,142.26,1.0000,-1,-1,-1
875,126,601.21,282.32,71.11,139.39,1.0000,-1,-1,-1
875,129,561.46,189.32,116.09,101.01,1.0000,-1,-1,-1
875,131,821.62,198.63,98.77,109.02,1.0000,-1,-1,-1
875,132,893.71,555.10,60.88,68.50,1.0000,-1,-1,-1
875,133,27.95,230.71,105.73,160.01,1.0000,-1,-1,-1
876,12,219.57,150.52,102.40,122.73,1.0000,-1,-1,-1
876,103,405.76,434.91,81.31,158.31,1.0000,-1,-1,-1
876,117,811.09,303.09,100.74,138.88,1.0000,-1,-1,-1
876,126,621.48,281.09,80.96,145.20,1.0000,-1,-1,-1
876,129,585.69,190.44,115.02,97.56,1.0000,-1,-1,-1
876,131,833.08,201.31,81.95,104.48,1.0000,-1,-1,-1
876,132,901.26,556.04,60.21,67.74,1.0000,-1,-1,-1
876,133,66.84,235.14,91.25,148.08,1.0000,-1,-1,-1
876,134,1112.68,179.81,85.90,121.44,1.0000,-1,-1,-1
876,135,768.40,319.88,90.72,134.06,1.0000,-1,-1,-1
877,12,257.66,151.06,90.74,118.94,1.0000,-1,-1,-1
877,103,429.46,433.78,87.20,153.79,1.0000,-1,-1,-1
877,117,825.88,308.39,101.62,131.98,1.0000,-1,-1,-1
877,126,631.02,280.46,89.44,147.83,1.0000,-1,-1,-1
877,129,591.45,190.93,115.04,97.58,1.0000,-1,-1,-1
877,131,850.23,204.30,75.60,102.45,1.0000,-1,-1,-1
877,132,908.81,556.98,59.53,66.98,1.0000,-1,-1,-1
877,133,71.56,234.97,90.72,145.59,1.0000,-1,-1,-1
877,134,1121.44,184.74,87.74,115.30,1.0000,-1,-1,-1
877,135,776.55,316.37,96.22,133.21,1.0000,-1,-1,-1
878,12,277.61,158.25,89.06,114.25,1.0000,-1,-1,-1
878,103,440.60,436.10,93.14,153.47,1.0000,-1,-1,-1
878,117,833.54,308.45,101.48,131.79,1.0000,-1,-1,-1
878,126,636.82,280.64,95.42,148.51,1.0000,-1,-1,-1
878,129,597.21,191.42,115.07,97.61,1.0000,-1,-1,-1
878,131,863.52,204.96,74.03,102.60,1.0000,-1,-1,-1
878,132,916.36,557.93,58.84,66.20,1.0000,-1,-1,-1
878,133,87.13,237.92,82.39,140.43,1.0000,-1,-1,-1
878,134,1130.35,189.31,86.19,109.84,1.0000,-1,-1,-1
878,135,789.80,311.84,103.09,142.73,1.0000,-1,-1,-1
879,12,290.38,157.93,91.00,113.82,1.0000,-1,-1,-1
879,103,449.90,438.77,97.71,155.74,1.0000,-1,-1,-1
879,117,840.18,307.83,106.93,132.68,1.0000,-1,-1,-1
879,126,645.35,283.14,98.38,148.10,1.0000,-1,-1,-1
879,129,602.97,191.91,115.10,97.63,1.0000,-1,-1,-1
879,131,875.53,202.90,75.63,104.02,1.0000,-1,-1,-1
879,132,923.92,558.88,58.15,65.42,1.0000,-1,-1,-1
879,133,103.74,244.05,79.69,135.82,1.0000,-1,-1,-1
879,134,1137.20,191.11,82.42,106.97,1.0000,-1,-1,-1
879,135,783.46,316.96,83.57,123.56,1.0000,-1,-1,-1
880,12,299.70,158.13,89.69,111.81,1.0000,-1,-1,-1
880,103,455.48,446.64,102.71,153.59,1.0000,-1,-1,-1
880,117,847.97,307.85,106.83,132.55,1.0000,-1,-1,-1
880,126,656.00,286.01,96.87,147.29,1.0000,-1,-1,-1
880,129,608.73,192.41,115.13,97.65,1.0000,-1,-1,-1
880,131,888.14,199.34,77.03,107.24,1.0000,-1,-1,-1
880,132,934.28,548.43,66.71,71.61,1.0000,-1,-1,-1
880,133,120.40,250.26,76.89,131.06,1.0000,-1,-1,-1
880,134,1144.58,194.80,74.82,103.69,1.0000,-1,-1,-1
880,135,786.93,322.74,75.77,125.02,1.0000,-1,-1,-1
881,12,309.87,157.67,89.64,111.74,1.0000,-1,-1,-1
881,103,464.25,449.20,102.80,153.72,1.0000,-1,-1,-1
881,117,861.21,313.33,101.98,131.27,1.0000,-1,-1,-1
881,126,663.81,286.22,97.01,147.51,1.0000,-1,-1,-1
881,129,653.69,200.93,99.87,96.44,1.0000,-1,-1,-1
881,131,904.09,198.19,81.78,106.37,1.0000,-1,-1,-1
881,132,944.14,549.46,65.94,71.36,1.0000,-1,-1,-1
881,133,137.11,256.56,73.99,126.11,1.0000,-1,-1,-1
881,134,1161.23,195.92,78.78,105.47,1.0000,-1,-1,-1
881,135,802.84,321.57,64.42,114.23,1.0000,-1,-1,-1
882,12,320.03,157.20,89.58,111.68,1.0000,-1,-1,-1
882,103,473.01,451.77,102.88,153.84,1.0000,-1,-1,-1
882,117,869.28,313.79,101.84,131.10,1.0000,-1,-1,-1
882,126,671.61,286.42,97.16,147.73,1.0000,-1,-1,-1
882,129,662.08,202.16,99.54,96.13,1.0000,-1,-1,-1
882,131,915.43,199.48,86.05,104.24,1.0000,-1,-1,-1
882,132,951.36,549.37,66.11,72.48,1.0000,-1,-1,-1
882,133,153.88,262.96,70.97,120.97,1.0000,-1,-1,-1
882,134,1175.20,197.53,82.13,107.38,1.0000,-1,-1,-1
882,135,814.31,324.50,57.36,109.24,1.0000,-1,-1,-1
883,12,330.20,156.74,89.53,111.61,1.0000,-1,-1,-1
883,103,481.78,454.33,102.96,153.96,1.0000,-1,-1,-1
883,117,877.19,315.93,88.92,130.63,1.0000,-1,-1,-1
883,126,682.31,286.55,90.61,145.27,1.0000,-1,-1,-1
883,129,670.46,203.40,99.22,95.82,1.0000,-1,-1,-1
883,131,928.09,200.24,84.78,101.96,1.0000,-1,-1,-1
883,132,957.98,549.45,65.21,73.33,1.0000,-1,-1,-1
883,133,170.72,269.47,67.82,115.59,1.0000,-1,-1,-1
883,134,1184.36,198.50,84.57,108.85,1.0000,-1,-1,-1
883,135,815.70,325.47,58.16,107.58,1.0000,-1,-1,-1
884,12,340.36,156.27,89.48,111.55,1.0000,-1,-1,-1
884,103,491.37,451.41,91.99,152.53,1.0000,-1,-1,-1
884,117,889.42,316.08,83.85,129.89,1.0000,-1,-1,-1
884,126,690.23,286.11,89.65,145.90,1.0000,-1,-1,-1
884,129,678.85,204.63,98.90,95.50,1.0000,-1,-1,-1
884,131,941.10,199.86,83.38,100.28,1.0000,-1,-1,-1
884,132,964.68,550.45,63.51,74.39,1.0000,-1,-1,-1
884,133,187.64,276.12,64.51,109.95,1.0000,-1,-1,-1
884,134,1191.68,202.77,87.09,114.24,1.0000,-1,-1,-1
884,135,821.70,328.36,66.68,117.93,1.0000,-1,-1,-1
885,12,350.53,155.81,89.43,111.48,1.0000,-1,-1,-1
885,103,501.59,450.60,92.23,151.17,1.0000,-1,-1,-1
885,117,901.83,315.88,84.91,129.50,1.0000,-1,-1,-1
885,126,703.42,280.51,88.89,147.49,1.0000,-1,-1,-1
885,129,687.24,205.87,98.57,95.19,1.0000,-1,-1,-1
885,131,947.82,205.54,77.64,97.88,1.0000,-1,-1,-1
885,132,972.26,550.70,63.47,74.34,1.0000,-1,-1,-1
885,133,204.64,282.92,61.02,104.01,1.0000,-1,-1,-1
885,134,1197.73,199.30,85.79,114.34,1.0000,-1,-1,-1
885,135,831.32,327.98,77.59,127.36,1.0000,-1,-1,-1
885,139,223.83,242.51,60.27,141.26,1.0000,-1,-1,-1
886,12,360.69,155.34,89.37,111.41,1.0000,-1,-1,-1
886,103,513.08,452.93,95.79,150.43,1.0000,-1,-1,-1
886,117,910.71,316.30,89.53,130.54,1.0000,-1,-1,-1
886,126,714.80,273.85,94.61,149.80,1.0000,-1,-1,-1
886,129,695.62,207.11,98.25,94.87,1.0000,-1,-1,-1
886,131,960.91,208.58,69.98,96.39,1.0000,-1,-1,-1
886,132,980.89,560.62,81.71,100.76,1.0000,-1,-1,-1
886,133,221.75,289.90,57.32,97.71,1.0000,-1,-1,-1
886,134,1210.27,201.43,77.88,111.87,1.0000,-1,-1,-1
886,135,838.42,327.57,81.07,130.69,1.0000,-1,-1,-1
886,139,247.95,243.57,72.24,143.09,1.0000,-1,-1,-1
886,140,61.19,340.81,59.09,143.97,1.0000,-1,-1,-1
887,12,370.86,154.88,89.32,111.35,1.0000,-1,-1,-1
887,103,517.55,453.03,102.17,153.01,1.0000,-1,-1,-1
887,117,921.21,315.93,94.80,131.07,1.0000,-1,-1,-1
887,126,724.02,271.98,98.43,151.54,1.0000,-1,-1,-1
887,129,704.01,208.35,97.92,94.56,1.0000,-1,-1,-1
887,131,973.44,208.30,68.29,96.84,1.0000,-1,-1,-1
887,132,988.49,558.91,91.93,115.48,1.0000,-1,-1,-1
887,133,238.99,297.10,53.37,90.97,1.0000,-1,-1,-1
887,134,1220.42,203.04,77.60,111.47,1.0000,-1,-1,-1
887,135,842.47,328.04,80.62,132.15,1.0000,-1,-1,-1
887,139,265.19,246.02,81.20,140.06,1.0000,-1,-1,-1
887,140,77.20,337.00,67.08,149.47,1.0000,-1,-1,-1
888,12,381.02,154.41,89.27,111.28,1.0000,-1,-1,-1
888,103,526.40,454.77,102.24,153.13,1.0000,-1,-1,-1
888,117,925.98,318.25,99.59,133.20,1.0000,-1,-1,-1
888,126,734.19,277.31,97.28,148.32,1.0000,-1,-1,-1
888,129,712.40,209.58,97.59,94.24,1.0000,-1,-1,-1
888,131,985.16,208.65,69.18,96.96,1.0000,-1,-1,-1
888,132,994.76,556.56,98.70,123.52,1.0000,-1,-1,-1
888,133,256.39,304.57,49.10,83.69,1.0000,-1,-1,-1
888,134,1230.58,204.65,77.31,111.06,1.0000,-1,-1,-1
888,135,848.60,329.95,74.38,131.63,1.0000,-1,-1,-1
888,139,280.16,246.89,88.72,138.10,1.0000,-1,-1,-1
888,140,89.85,333.05,76.12,155.89,1.0000,-1,-1,-1
889,12,391.19,153.95,89.22,111.22,1.0000,-1,-1,-1
889,103,535.25,456.50,102.32,153.24,1.0000,-1,-1,-1
889,117,933.34,320.29,102.70,134.70,1.0000,-1,-1,-1
889,126,743.18,276.85,97.42,148.53,1.0000,-1,-1,-1
889,129,720.79,210.82,97.26,93.92,1.0000,-1,-1,-1
889,131,982.13,193.11,80.69,109.24,1.0000,-1,-1,-1
889,132,999.69,553.49,104.25,127.43,1.0000,-1,-1,-1
889,133,273.99,312.38,44.42,75.71,1.0000,-1,-1,-1
889,134,1240.73,206.25,77.03,110.65,1.0000,-1,-1,-1
889,135,856.67,331.12,67.71,130.13,1.0000,-1,-1,-1
889,139,296.48,249.29,87.48,132.59,1.0000,-1,-1,-1
889,140,104.24,331.06,84.73,157.37,1.0000,-1,-1,-1
890,12,401.35,153.49,89.16,111.15,1.0000,-1,-1,-1
890,103,527.63,462.46,83.61,154.08,1.0000,-1,-1,-1
890,117,944.44,323.36,102.17,135.22,1.0000,-1,-1,-1
890,126,752.14,280.21,86.40,144.97,1.0000,-1,-1,-1
890,129,729.18,212.06,96.93,93.60,1.0000,-1,-1,-1
890,131,991.97,195.83,84.28,108.13,1.0000,-1,-1,-1
890,132,1007.70,554.69,105.97,129.53,1.0000,-1,-1,-1
890,133,291.87,320.67,39.18,66.79,1.0000,-1,-1,-1
890,134,1250.89,207.86,76.74,110.25,1.0000,-1,-1,-1
890,135,864.40,331.82,65.70,129.16,1.0000,-1,-1,-1
890,139,313.22,250.17,80.37,128.31,1.0000,-1,-1,-1
890,140,118.15,330.56,87.67,154.70,1.0000,-1,-1,-1
891,12,411.52,153.02,89.11,111.09,1.0000,-1,-1,-1
891,103,540.34,456.01,70.13,145.32,1.0000,-1,-1,-1
891,117,956.49,324.85,95.94,134.23,1.0000,-1,-1,-1
891,126,766.81,276.31,78.08,145.16,1.0000,-1,-1,-1
891,129,737.57,213.30,96.60,93.28,1.0000,-1,-1,-1
891,131,1003.06,195.48,83.51,107.15,1.0000,-1,-1,-1
891,132,1015.72,555.91,107.66,131.59,1.0000,-1,-1,-1
891,133,310.15,329.66,33.13,56.47,1.0000,-1,-1,-1
891,134,1261.04,209.47,76.46,109.83,1.0000,-1,-1,-1
891,135,874.63,330.13,71.41,130.63,1.0000,-1,-1,-1
891,139,337.70,251.18,68.33,122.40,1.0000,-1,-1,-1
891,140,147.35,333.52,76.62,145.80,1.0000,-1,-1,-1
892,12,421.68,152.56,89.06,111.02,1.0000,-1,-1,-1
892,103,552.94,461.96,70.73,145.84,1.0000,-1,-1,-1
892,117,963.66,326.31,88.25,133.51,1.0000,-1,-1,-1
892,126,779.93,274.23,76.18,145.34,1.0000,-1,-1,-1
892,129,745.96,214.54,96.26,92.96,1.0000,-1,-1,-1
892,131,1014.15,195.14,82.73,106.15,1.0000,-1,-1,-1
892,132,1001.96,553.73,99.19,134.17,1.0000,-1,-1,-1
892,133,329.14,339.83,25.69,43.79,1.0000,-1,-1,-1
892,134,1271.20,211.08,76.17,109.42,1.0000,-1,-1,-1
892,135,880.24,327.91,76.37,130.80,1.0000,-1,-1,-1
892,139,356.15,251.14,68.28,122.31,1.0000,-1,-1,-1
892,140,169.75,335.57,65.58,138.29,1.0000,-1,-1,-1
893,12,431.85,152.09,89.00,110.96,1.0000,-1,-1,-1
893,103,559.80,461.12,74.76,146.17,1.0000,-1,-1,-1
893,117,969.21,326.55,86.19,132.66,1.0000,-1,-1,-1
893,126,788.99,273.58,76.80,143.38,1.0000,-1,-1,-1
893,129,754.35,215.78,95.93,92.64,1.0000,-1,-1,-1
893,131,1025.24,194.81,81.95,105.14,1.0000,-1,-1,-1
893,132,1010.10,551.48,90.83,136.24,1.0000,-1,-1,-1
893,133,349.79,352.85,14.91,25.41,1.0000,-1,-1,-1
893,134,1281.35,212.69,75.88,109.01,1.0000,-1,-1,-1
893,135,882.46,325.71,80.56,129.20,1.0000,-1,-1,-1
893,139,368.65,248.91,62.15,118.01,1.0000,-1,-1,-1
893,140,187.94,336.47,57.35,133.15,1.0000,-1,-1,-1
894,12,442.01,151.63,88.95,110.89,1.0000,-1,-1,-1
894,103,564.34,460.24,80.70,147.32,1.0000,-1,-1,-1
894,117,980.84,326.90,86.23,131.30,1.0000,-1,-1,-1
894,126,799.64,271.40,76.19,140.21,1.0000,-1,-1,-1
894,129,762.74,217.03,95.60,92.31,1.0000,-1,-1,-1
894,131,1036.34,194.47,81.16,104.13,1.0000,-1,-1,-1
894,132,1020.36,548.70,89.25,139.07,1.0000,-1,-1,-1
894,134,1291.51,214.30,75.59,108.59,1.0000,-1,-1,-1
894,135,885.35,325.07,89.22,129.22,1.0000,-1,-1,-1
894,139,356.77,249.34,75.39,116.76,1.0000,-1,-1,-1
894,140,203.37,335.34,54.27,131.20,1.0000,-1,-1,-1
895,12,452.18,151.16,88.90,110.82,1.0000,-1,-1,-1
895,103,568.36,460.55,85.95,147.70,1.0000,-1,-1,-1
895,117,992.54,328.02,87.27,130.98,1.0000,-1,-1,-1
895,126,807.43,270.53,80.09,136.18,1.0000,-1,-1,-1
895,129,771.13,218.27,95.26,91.99,1.0000,-1,-1,-1
895,131,1047.44,194.15,80.36,103.10,1.0000,-1,-1,-1
895,132,1029.56,546.75,91.83,142.73,1.0000,-1,-1,-1
895,134,1301.67,215.91,75.30,108.18,1.0000,-1,-1,-1
895,135,886.85,325.60,96.15,130.57,1.0000,-1,-1,-1
895,139,363.89,248.30,81.73,116.00,1.0000,-1,-1,-1
895,140,217.80,332.62,55.18,132.51,1.0000,-1,-1,-1
895,141,201.96,230.34,45.49,98.37,1.0000,-1,-1,-1
896,103,567.48,463.65,95.91,149.75,1.0000,-1,-1,-1
896,117,1005.02,331.48,93.47,131.77,1.0000,-1,-1,-1
896,126,816.71,269.41,80.03,136.06,1.0000,-1,-1,-1
896,129,779.53,219.51,94.92,91.66,1.0000,-1,-1,-1
896,131,1074.54,200.60,71.15,106.47,1.0000,-1,-1,-1
896,132,1032.83,543.44,102.99,144.66,1.0000,-1,-1,-1
896,134,1311.82,217.52,75.01,107.76,1.0000,-1,-1,-1
896,135,893.43,325.32,96.90,131.59,1.0000,-1,-1,-1
896,139,389.64,248.87,77.68,113.74,1.0000,-1,-1,-1
896,140,235.44,327.74,62.72,137.27,1.0000,-1,-1,-1
896,141,224.72,226.62,45.19,98.73,1.0000,-1,-1,-1
897,103,574.48,465.00,95.94,149.81,1.0000,-1,-1,-1
897,117,1011.17,335.10,99.99,133.58,1.0000,-1,-1,-1
897,126,825.98,268.29,79.96,135.94,1.0000,-1,-1,-1
897,131,1084.61,203.04,72.67,108.62,1.0000,-1,-1,-1
897,132,1034.30,543.11,110.56,145.64,1.0000,-1,-1,-1
897,134,1321.98,219.14,74.72,107.34,1.0000,-1,-1,-1
897,135,900.01,325.05,97.65,132.60,1.0000,-1,-1,-1
897,139,412.90,253.15,69.35,110.21,1.0000,-1,-1,-1
897,140,248.15,326.07,63.90,138.94,1.0000,-1,-1,-1
897,141,243.48,228.14,43.77,96.65,1.0000,-1,-1,-1
898,103,574.22,461.37,78.29,141.30,1.0000,-1,-1,-1
898,117,1018.44,339.01,104.07,134.55,1.0000,-1,-1,-1
898,126,835.26,267.17,79.89,135.83,1.0000,-1,-1,-1
898,131,1089.19,206.73,78.52,108.91,1.0000,-1,-1,-1
898,132,1038.26,544.17,113.02,147.15,1.0000,-1,-1,-1
898,134,1332.14,220.75,74.43,106.92,1.0000,-1,-1,-1
898,135,906.60,324.78,98.39,133.61,1.0000,-1,-1,-1
898,139,431.83,254.62,68.49,108.60,1.0000,-1,-1,-1
898,140,259.46,325.82,65.11,139.76,1.0000,-1,-1,-1
898,141,259.94,228.24,41.37,95.03,1.0000,-1,-1,-1
899,103,579.88,462.01,78.21,141.16,1.0000,-1,-1,-1
899,117,1028.38,341.53,102.94,135.51,1.0000,-1,-1,-1
899,126,844.53,266.05,79.82,135.71,1.0000,-1,-1,-1
899,131,1094.19,205.38,85.23,111.25,1.0000,-1,-1,-1
899,132,1046.54,546.02,108.54,147.39,1.0000,-1,-1,-1
899,134,1342.30,222.36,74.13,106.49,1.0000,-1,-1,-1
899,135,913.19,324.52,99.12,134.60,1.0000,-1,-1,-1
899,139,442.90,254.48,73.19,108.35,1.0000,-1,-1,-1
899,140,276.45,324.37,65.17,139.88,1.0000,-1,-1,-1
899,141,275.56,225.65,38.82,96.79,1.0000,-1,-1,-1
900,103,585.54,462.65,78.14,141.02,1.0000,-1,-1,-1
900,117,1039.76,343.31,97.08,135.49,1.0000,-1,-1,-1
900,126,854.12,268.31,65.02,124.90,1.0000,-1,-1,-1
900,131,1105.33,206.08,84.76,110.64,1.0000,-1,-1,-1
900,132,1052.22,547.53,100.57,146.90,1.0000,-1,-1,-1
900,134,1352.46,223.98,73.84,106.07,1.0000,-1,-1,-1
900,135,912.34,328.29,97.78,136.50,1.0000,-1,-1,-1
900,139,451.67,254.33,82.34,108.42,1.0000,-1,-1,-1
900,140,287.13,330.86,58.48,134.84,1.0000,-1,-1,-1
900,141,290.62,220.44,36.83,99.36,1.0000,-1,-1,-1
901,103,586.80,469.31,73.17,133.66,1.0000,-1,-1,-1
901,117,1048.34,346.77,86.95,134.84,1.0000,-1,-1,-1
901,126,864.29,270.92,64.24,121.31,1.0000,-1,-1,-1
901,131,1116.47,206.79,84.30,110.03,1.0000,-1,-1,-1
901,132,1054.33,549.46,97.67,147.96,1.0000,-1,-1,-1
901,134,1362.62,225.60,73.54,105.64,1.0000,-1,-1,-1
901,135,918.29,328.39,98.47,137.47,1.0000,-1,-1,-1
901,139,461.53,254.89,83.72,107.30,1.0000,-1,-1,-1
901,140,304.02,332.71,54.50,131.34,1.0000,-1,-1,-1
901,141,309.19,219.68,35.62,96.10,1.0000,-1,-1,-1
902,103,589.91,472.70,72.92,129.67,1.0000,-1,-1,-1
902,117,1057.32,348.62,83.82,135.33,1.0000,-1,-1,-1
902,126,873.22,270.02,63.98,120.82,1.0000,-1,-1,-1
902,131,1127.61,207.49,83.83,109.42,1.0000,-1,-1,-1
902,132,1062.35,550.36,98.16,149.04,1.0000,-1,-1,-1
902,135,924.24,328.50,99.16,138.42,1.0000,-1,-1,-1
902,139,474.42,256.09,83.46,106.17,1.0000,-1,-1,-1
902,140,316.26,333.07,54.44,129.20,1.0000,-1,-1,-1
902,141,327.27,216.48,38.99,99.80,1.0000,-1,-1,-1
903,103,600.31,478.07,79.54,134.37,1.0000,-1,-1,-1
903,117,1067.00,349.81,85.51,135.95,1.0000,-1,-1,-1
903,126,884.46,271.03,60.48,118.42,1.0000,-1,-1,-1
903,131,1138.75,208.20,83.36,108.81,1.0000,-1,-1,-1
903,132,1068.81,550.50,101.51,149.92,1.0000,-1,-1,-1
903,135,930.19,328.61,99.83,139.37,1.0000,-1,-1,-1
903,139,487.43,256.98,79.02,105.15,1.0000,-1,-1,-1
903,140,325.29,333.85,58.02,130.00,1.0000,-1,-1,-1
903,141,339.84,213.84,41.35,102.98,1.0000,-1,-1,-1
904,103,607.93,480.24,85.00,136.42,1.0000,-1,-1,-1
904,117,1074.83,350.23,90.21,136.76,1.0000,-1,-1,-1
904,126,891.08,271.92,60.76,116.24,1.0000,-1,-1,-1
904,131,1160.06,222.30,68.93,104.82,1.0000,-1,-1,-1
904,132,1067.50,550.78,109.88,149.71,1.0000,-1,-1,-1
904,135,937.66,331.93,75.43,127.19,1.0000,-1,-1,-1
904,139,504.41,258.01,74.04,104.77,1.0000,-1,-1,-1
904,140,334.26,334.06,63.11,130.53,1.0000,-1,-1,-1
904,141,349.72,211.48,43.85,103.79,1.0000,-1,-1,-1
905,103,612.90,481.69,89.29,137.03,1.0000,-1,-1,-1
905,117,1081.44,349.81,96.84,135.45,1.0000,-1,-1,-1
905,126,902.58,272.45,57.45,111.71,1.0000,-1,-1,-1
905,131,1175.03,218.91,65.99,107.17,1.0000,-1,-1,-1
905,132,1068.11,551.65,116.58,148.40,1.0000,-1,-1,-1
905,135,933.28,335.53,70.97,124.41,1.0000,-1,-1,-1
905,139,520.51,256.75,69.51,104.48,1.0000,-1,-1,-1
905,140,345.41,333.50,65.47,128.32,1.0000,-1,-1,-1
905,141,359.25,212.44,45.81,102.37,1.0000,-1,-1,-1
906,103,613.98,482.70,79.85,133.91,1.0000,-1,-1,-1
906,117,1090.50,351.43,96.74,135.31,1.0000,-1,-1,-1
906,126,917.55,273.44,53.41,106.28,1.0000,-1,-1,-1
906,131,1194.85,219.89,69.57,108.18,1.0000,-1,-1,-1
906,132,1081.78,556.00,111.71,148.12,1.0000,-1,-1,-1
906,135,949.38,336.29,65.62,121.76,1.0000,-1,-1,-1
906,139,540.72,257.56,68.37,103.99,1.0000,-1,-1,-1
906,140,367.68,335.36,65.56,127.23,1.0000,-1,-1,-1
906,141,383.14,211.75,44.34,100.42,1.0000,-1,-1,-1
907,103,619.65,484.52,72.45,130.63,1.0000,-1,-1,-1
907,117,1099.56,353.04,96.64,135.16,1.0000,-1,-1,-1
907,126,928.34,275.52,50.95,103.02,1.0000,-1,-1,-1
907,131,1207.43,221.44,68.94,107.19,1.0000,-1,-1,-1
907,132,1095.89,559.82,101.94,147.85,1.0000,-1,-1,-1
907,135,954.66,336.82,65.47,121.49,1.0000,-1,-1,-1
907,139,551.79,258.33,67.81,103.94,1.0000,-1,-1,-1
907,140,386.76,335.28,63.40,125.75,1.0000,-1,-1,-1
907,141,400.49,210.46,43.81,99.21,1.0000,-1,-1,-1
908,103,622.72,487.51,67.77,127.33,1.0000,-1,-1,-1
908,117,1108.63,354.66,96.53,135.02,1.0000,-1,-1,-1
908,126,937.75,275.01,50.49,102.10,1.0000,-1,-1,-1
908,131,1212.06,216.77,69.52,114.72,1.0000,-1,-1,-1
908,132,1101.63,564.07,92.79,148.07,1.0000,-1,-1,-1
908,135,959.94,337.34,65.32,121.21,1.0000,-1,-1,-1
908,139,564.17,259.40,65.05,100.47,1.0000,-1,-1,-1
908,140,404.32,334.37,58.74,124.28,1.0000,-1,-1,-1
908,141,417.84,209.18,43.27,98.00,1.0000,-1,-1,-1
908,143,828.65,235.86,92.79,96.16,1.0000,-1,-1,-1
909,103,627.98,489.22,64.10,124.32,1.0000,-1,-1,-1
909,117,1117.69,356.28,96.43,134.87,1.0000,-1,-1,-1
909,126,947.17,274.50,50.03,101.17,1.0000,-1,-1,-1
909,131,1222.29,214.97,64.60,119.53,1.0000,-1,-1,-1
909,132,1109.79,566.04,86.35,148.54,1.0000,-1,-1,-1
909,135,967.60,335.74,85.34,127.87,1.0000,-1,-1,-1
909,139,571.68,262.21,65.78,99.48,1.0000,-1,-1,-1
909,140,419.95,332.62,54.63,124.41,1.0000,-1,-1,-1
909,141,434.89,214.48,39.50,92.23,1.0000,-1,-1,-1
909,143,831.88,236.22,98.73,103.18,1.0000,-1,-1,-1
910,103,633.57,492.23,61.51,122.84,1.0000,-1,-1,-1
910,117,1126.75,357.90,96.32,134.73,1.0000,-1,-1,-1
910,126,956.59,274.00,49.57,100.23,1.0000,-1,-1,-1
910,131,1233.82,216.29,64.09,118.59,1.0000,-1,-1,-1
910,132,1118.85,568.18,86.50,150.06,1.0000,-1,-1,-1
910,135,973.73,336.07,85.57,128.23,1.0000,-1,-1,-1
910,139,590.10,263.83,60.90,96.32,1.0000,-1,-1,-1
910,140,433.68,332.22,51.14,126.64,1.0000,-1,-1,-1
910,141,447.49,213.93,37.75,87.59,1.0000,-1,-1,-1
910,143,834.72,239.83,99.83,106.37,1.0000,-1,-1,-1
911,103,640.47,490.84,62.88,124.01,1.0000,-1,-1,-1
911,117,1146.52,367.11,79.03,130.05,1.0000,-1,-1,-1
911,126,966.01,273.50,49.10,99.29,1.0000,-1,-1,-1
911,131,1245.36,217.62,63.57,117.64,1.0000,-1,-1,-1
911,132,1114.16,568.19,103.51,152.37,1.0000,-1,-1,-1
911,135,979.87,336.39,85.81,128.57,1.0000,-1,-1,-1
911,139,609.26,268.66,58.27,92.76,1.0000,-1,-1,-1
911,140,448.91,332.20,50.73,125.61,1.0000,-1,-1,-1
911,141,464.35,213.23,36.94,85.70,1.0000,-1,-1,-1
911,143,835.43,241.59,98.33,109.33,1.0000,-1,-1,-1
912,103,643.48,484.31,65.42,127.71,1.0000,-1,-1,-1
912,117,1160.18,369.95,83.95,134.43,1.0000,-1,-1,-1
912,126,975.43,273.00,48.63,98.33,1.0000,-1,-1,-1
912,131,1256.89,218.95,63.06,116.69,1.0000,-1,-1,-1
912,132,1119.54,569.57,111.82,152.42,1.0000,-1,-1,-1
912,135,986.00,336.72,86.04,128.92,1.0000,-1,-1,-1
912,139,620.58,271.97,59.29,92.79,1.0000,-1,-1,-1
912,140,464.18,330.85,50.82,130.45,1.0000,-1,-1,-1
912,141,481.22,212.56,36.11,83.77,1.0000,-1,-1,-1
912,143,839.00,241.73,92.52,111.02,1.0000,-1,-1,-1
913,103,643.92,479.31,68.60,131.98,1.0000,-1,-1,-1
913,117,1168.22,371.28,92.53,136.34,1.0000,-1,-1,-1
913,126,984.86,272.51,48.15,97.36,1.0000,-1,-1,-1
913,131,1268.43,220.29,62.54,115.72,1.0000,-1,-1,-1
913,132,1123.52,571.80,116.59,151.26,1.0000,-1,-1,-1
913,135,992.13,337.05,86.27,129.27,1.0000,-1,-1,-1
913,139,631.47,273.99,58.31,92.90,1.0000,-1,-1,-1
913,140,474.50,328.30,53.68,134.52,1.0000,-1,-1,-1
913,141,486.68,215.39,43.91,93.31,1.0000,-1,-1,-1
913,143,849.30,242.32,86.87,112.04,1.0000,-1,-1,-1
914,103,648.46,479.73,68.46,131.71,1.0000,-1,-1,-1
914,117,1170.79,373.06,97.72,138.01,1.0000,-1,-1,-1
914,126,994.29,272.02,47.67,96.39,1.0000,-1,-1,-1
914,131,1279.97,221.63,62.01,114.75,1.0000,-1,-1,-1
914,132,1129.35,572.96,117.56,152.52,1.0000,-1,-1,-1
914,135,998.27,337.37,86.50,129.62,1.0000,-1,-1,-1
914,139,640.52,277.26,57.58,96.04,1.0000,-1,-1,-1
914,140,489.38,328.19,53.44,133.92,1.0000,-1,-1,-1
914,141,495.40,213.94,44.90,97.31,1.0000,-1,-1,-1
914,143,857.52,246.53,83.70,111.70,1.0000,-1,-1,-1
915,103,640.37,477.89,75.98,138.93,1.0000,-1,-1,-1
915,117,1171.27,371.44,87.84,133.41,1.0000,-1,-1,-1
915,126,1003.72,271.54,47.18,95.40,1.0000,-1,-1,-1
915,131,1291.51,222.98,61.48,113.77,1.0000,-1,-1,-1
915,132,1131.71,576.73,94.69,149.38,1.0000,-1,-1,-1
915,135,993.96,330.76,69.91,119.68,1.0000,-1,-1,-1
915,139,648.42,279.10,57.65,98.10,1.0000,-1,-1,-1
915,140,504.25,328.08,53.20,133.32,1.0000,-1,-1,-1
915,141,503.99,211.63,45.32,101.68,1.0000,-1,-1,-1
915,143,860.56,250.94,85.03,111.60,1.0000,-1,-1,-1
916,103,643.75,482.46,79.74,137.69,1.0000,-1,-1,-1
916,117,1179.61,373.24,87.69,133.18,1.0000,-1,-1,-1
916,126,1013.15,271.06,46.69,94.41,1.0000,-1,-1,-1
916,131,1303.06,224.33,60.95,112.78,1.0000,-1,-1,-1
916,132,1136.65,580.05,85.60,145.97,1.0000,-1,-1,-1
916,135,998.87,330.44,69.83,119.55,1.0000,-1,-1,-1
916,139,657.88,281.25,57.73,99.90,1.0000,-1,-1,-1
916,140,496.12,338.52,59.14,137.11,1.0000,-1,-1,-1
916,141,516.38,208.54,46.63,105.17,1.0000,-1,-1,-1
916,143,848.59,256.76,86.57,112.75,1.0000,-1,-1,-1
917,103,647.63,483.24,79.68,137.59,1.0000,-1,-1,-1
917,117,1178.28,384.37,75.91,133.75,1.0000,-1,-1,-1
917,126,1022.59,270.59,46.19,93.40,1.0000,-1,-1,-1
917,131,1314.61,225.68,60.41,111.78,1.0000,-1,-1,-1
917,132,1140.38,582.73,83.32,142.73,1.0000,-1,-1,-1
917,135,1003.78,330.13,69.76,119.42,1.0000,-1,-1,-1
917,139,660.65,282.43,59.82,102.55,1.0000,-1,-1,-1
917,140,509.26,339.29,59.05,136.89,1.0000,-1,-1,-1
917,141,521.97,207.08,47.75,109.67,1.0000,-1,-1,-1
917,143,850.24,261.50,85.97,112.58,1.0000,-1,-1,-1
918,103,651.50,484.01,79.62,137.48,1.0000,-1,-1,-1
918,117,1181.22,388.19,66.41,132.78,1.0000,-1,-1,-1
918,126,1032.03,270.13,45.69,92.39,1.0000,-1,-1,-1
918,131,1326.16,227.04,59.86,110.78,1.0000,-1,-1,-1
918,132,1142.88,585.67,83.06,139.48,1.0000,-1,-1,-1
918,135,990.70,351.08,90.79,127.82,1.0000,-1,-1,-1
918,139,660.50,281.06,63.23,103.95,1.0000,-1,-1,-1
918,140,510.95,343.45,60.42,138.77,1.0000,-1,-1,-1
918,141,525.84,207.93,50.16,113.12,1.0000,-1,-1,-1
918,143,850.82,264.34,90.24,112.78,1.0000,-1,-1,-1
919,103,655.38,484.79,79.56,137.37,1.0000,-1,-1,-1
919,117,1187.49,391.05,66.14,132.25,1.0000,-1,-1,-1
919,126,1041.47,269.67,45.18,91.36,1.0000,-1,-1,-1
919,131,1337.71,228.40,59.31,109.76,1.0000,-1,-1,-1
919,132,1144.52,588.81,84.01,136.16,1.0000,-1,-1,-1
919,135,994.85,352.58,91.04,128.17,1.0000,-1,-1,-1
919,139,656.35,282.23,67.55,105.47,1.0000,-1,-1,-1
919,140,522.40,338.13,57.66,127.55,1.0000,-1,-1,-1
919,141,526.94,207.51,53.29,117.59,1.0000,-1,-1,-1
919,143,847.51,268.58,83.51,109.80,1.0000,-1,-1,-1
920,103,659.26,485.57,79.49,137.26,1.0000,-1,-1,-1
920,117,1179.70,389.93,65.78,131.53,1.0000,-1,-1,-1
920,126,1050.91,269.21,44.67,90.32,1.0000,-1,-1,-1
920,131,1349.26,229.77,58.76,108.74,1.0000,-1,-1,-1
920,132,1143.89,591.99,85.64,132.86,1.0000,-1,-1,-1
920,135,999.00,354.08,91.29,128.53,1.0000,-1,-1,-1
920,139,662.53,280.03,65.77,103.90,1.0000,-1,-1,-1
920,140,528.03,341.81,56.71,127.37,1.0000,-1,-1,-1
920,141,525.35,208.09,56.48,121.14,1.0000,-1,-1,-1
920,143,847.89,270.84,78.37,108.83,1.0000,-1,-1,-1
921,103,663.13,486.34,79.43,137.16,1.0000,-1,-1,-1
921,117,1175.83,388.98,75.98,134.52,1.0000,-1,-1,-1
921,126,1060.36,268.77,44.15,89.26,1.0000,-1,-1,-1
921,131,1360.82,231.14,58.20,107.70,1.0000,-1,-1,-1
921,132,1134.80,596.33,76.43,129.68,1.0000,-1,-1,-1
921,135,1003.15,355.58,91.54,128.88,1.0000,-1,-1,-1
921,139,666.33,280.64,65.40,104.27,1.0000,-1,-1,-1
921,140,535.41,347.23,58.06,133.70,1.0000,-1,-1,-1
921,141,536.27,208.10,56.57,121.34,1.0000,-1,-1,-1
921,143,837.94,276.27,88.61,112.43,1.0000,-1,-1,-1
922,103,667.01,487.12,79.37,137.05,1.0000,-1,-1,-1
922,117,1172.31,387.86,87.60,139.70,1.0000,-1,-1,-1
922,126,1069.81,268.32,43.62,88.20,1.0000,-1,-1,-1
922,131,1372.38,232.52,57.64,106.65,1.0000,-1,-1,-1
922,132,1131.22,598.88,70.01,126.80,1.0000,-1,-1,-1
922,135,1007.31,357.08,91.79,129.23,1.0000,-1,-1,-1
922,139,670.18,282.09,64.03,104.78,1.0000,-1,-1,-1
922,140,539.68,349.12,59.56,136.84,1.0000,-1,-1,-1
922,141,519.91,214.18,65.07,125.22,1.0000,-1,-1,-1
922,143,830.09,280.06,96.94,116.02,1.0000,-1,-1,-1
923,103,670.88,487.89,79.31,136.94,1.0000,-1,-1,-1
923,117,1165.30,387.41,99.22,145.06,1.0000,-1,-1,-1
923,131,1383.94,233.90,57.06,105.60,1.0000,-1,-1,-1
923,132,1129.06,600.82,66.91,124.11,1.0000,-1,-1,-1
923,135,1011.46,358.58,92.04,129.58,1.0000,-1,-1,-1
923,139,671.57,283.37,63.67,106.07,1.0000,-1,-1,-1
923,140,542.14,349.95,60.40,136.13,1.0000,-1,-1,-1
923,141,516.39,213.83,71.74,126.29,1.0000,-1,-1,-1
923,143,824.58,282.77,99.78,117.92,1.0000,-1,-1,-1
924,103,674.76,488.67,79.25,136.84,1.0000,-1,-1,-1
924,117,1153.84,390.17,112.17,153.76,1.0000,-1,-1,-1
924,131,1395.51,235.29,56.49,104.53,1.0000,-1,-1,-1
924,132,1127.83,601.57,66.33,122.24,1.0000,-1,-1,-1
924,135,1015.61,360.08,92.29,129.93,1.0000,-1,-1,-1
924,139,670.96,285.68,63.65,107.76,1.0000,-1,-1,-1
924,140,542.95,350.00,62.07,135.68,1.0000,-1,-1,-1
924,141,513.48,217.45,77.61,124.78,1.0000,-1,-1,-1
924,143,824.59,284.70,96.02,117.48,1.0000,-1,-1,-1
925,103,678.64,489.44,79.18,136.73,1.0000,-1,-1,-1
925,117,1156.88,392.63,112.25,153.86,1.0000,-1,-1,-1
925,132,1125.77,601.83,67.50,121.04,1.0000,-1,-1,-1
925,135,1019.76,361.58,92.53,130.28,1.0000,-1,-1,-1
925,139,671.48,287.82,68.80,109.68,1.0000,-1,-1,-1
925,140,541.03,350.20,65.13,132.74,1.0000,-1,-1,-1
925,141,512.76,218.65,83.23,124.28,1.0000,-1,-1,-1
925,143,829.53,286.27,87.69,116.49,1.0000,-1,-1,-1
926,103,682.51,490.22,79.12,136.62,1.0000,-1,-1,-1
926,117,1141.86,393.65,103.92,160.38,1.0000,-1,-1,-1
926,132,1123.23,602.10,68.30,120.18,1.0000,-1,-1,-1
926,135,1023.92,363.09,92.78,130.62,1.0000,-1,-1,-1
926,139,677.99,289.38,68.71,109.53,1.0000,-1,-1,-1
926,140,540.34,350.86,73.83,128.69,1.0000,-1,-1,-1
926,141,519.64,218.52,88.44,123.50,1.0000,-1,-1,-1
926,143,835.84,289.89,81.49,118.17,1.0000,-1,-1,-1
927,103,686.39,491.00,79.06,136.51,1.0000,-1,-1,-1
927,117,1147.49,392.73,90.96,164.24,1.0000,-1,-1,-1
927,132,1120.20,601.94,68.67,119.79,1.0000,-1,-1,-1
927,135,1028.07,364.59,93.03,130.97,1.0000,-1,-1,-1
927,139,675.90,292.27,82.95,116.13,1.0000,-1,-1,-1
927,140,540.51,351.14,78.72,124.76,1.0000,-1,-1,-1
927,141,527.84,215.29,92.39,123.85,1.0000,-1,-1,-1
927,143,832.61,295.48,82.30,126.56,1.0000,-1,-1,-1
927,148,758.88,134.29,101.34,132.78,1.0000,-1,-1,-1
928,103,690.27,491.77,79.00,136.41,1.0000,-1,-1,-1
928,117,1155.25,390.50,79.89,167.62,1.0000,-1,-1,-1
928,132,1116.57,601.37,68.95,119.83,1.0000,-1,-1,-1
928,135,1032.22,366.09,93.27,131.32,1.0000,-1,-1,-1
928,139,673.91,289.43,92.73,116.62,1.0000,-1,-1,-1
928,140,547.82,351.51,78.82,124.92,1.0000,-1,-1,-1
928,141,535.46,210.18,94.91,124.26,1.0000,-1,-1,-1
928,143,829.84,296.00,83.37,133.52,1.0000,-1,-1,-1
928,148,761.80,136.86,88.47,126.58,1.0000,-1,-1,-1
929,103,694.14,492.55,78.94,136.30,1.0000,-1,-1,-1
929,117,1154.22,385.20,77.10,172.07,1.0000,-1,-1,-1
929,132,1111.63,601.03,67.20,119.86,1.0000,-1,-1,-1
929,135,1036.38,367.60,93.52,131.66,1.0000,-1,-1,-1
929,139,669.70,289.87,100.91,120.38,1.0000,-1,-1,-1
929,140,539.50,347.88,90.28,124.00,1.0000,-1,-1,-1
929,141,542.42,205.35,95.22,126.23,1.0000,-1,-1,-1
929,143,827.40,292.87,84.16,136.20,1.0000,-1,-1,-1
929,148,770.37,136.17,81.17,124.28,1.0000,-1,-1,-1
929,149,620.21,521.37,74.95,171.80,1.0000,-1,-1,-1
930,103,698.02,493.32,78.87,136.19,1.0000,-1,-1,-1
930,117,1153.14,377.82,80.99,177.97,1.0000,-1,-1,-1
930,132,1108.33,600.47,63.77,120.02,1.0000,-1,-1,-1
930,135,1040.53,369.10,93.76,132.00,1.0000,-1,-1,-1
930,139,665.28,286.64,107.74,123.57,1.0000,-1,-1,-1
930,140,540.00,345.96,96.91,124.70,1.0000,-1,-1,-1
930,141,549.70,199.65,91.66,127.66,1.0000,-1,-1,-1
930,143,824.37,290.90,86.44,138.38,1.0000,-1,-1,-1
930,148,781.08,131.73,76.69,124.85,1.0000,-1,-1,-1
930,149,622.38,521.13,73.91,169.41,1.0000,-1,-1,-1
931,103,701.90,494.10,78.81,136.08,1.0000,-1,-1,-1
931,117,1147.88,367.12,92.30,183.68,1.0000,-1,-1,-1
931,132,1098.47,597.05,63.88,122.10,1.0000,-1,-1,-1
931,135,1044.69,370.60,94.00,132.35,1.0000,-1,-1,-1
931,139,670.38,282.82,111.43,122.02,1.0000,-1,-1,-1
931,140,550.73,345.66,103.10,130.39,1.0000,-1,-1,-1
931,141,565.12,193.00,87.16,129.46,1.0000,-1,-1,-1
931,143,821.05,290.68,88.19,139.57,1.0000,-1,-1,-1
931,148,802.73,124.36,72.62,125.13,1.0000,-1,-1,-1
931,149,624.55,520.90,72.85,166.99,1.0000,-1,-1,-1
932,117,1134.88,359.33,107.31,183.87,1.0000,-1,-1,-1
932,132,1092.27,593.86,64.87,124.58,1.0000,-1,-1,-1
932,135,1048.84,372.11,94.25,132.69,1.0000,-1,-1,-1
932,139,675.95,282.24,114.10,121.53,1.0000,-1,-1,-1
932,140,553.17,345.80,95.33,131.98,1.0000,-1,-1,-1
932,141,578.53,185.48,82.88,132.26,1.0000,-1,-1,-1
932,143,826.69,290.96,86.42,138.99,1.0000,-1,-1,-1
932,148,812.21,122.54,70.95,122.24,1.0000,-1,-1,-1
932,149,626.73,520.69,71.78,164.53,1.0000,-1,-1,-1
933,117,1121.27,353.31,122.65,181.16,1.0000,-1,-1,-1
933,132,1089.04,590.37,66.63,127.56,1.0000,-1,-1,-1
933,135,1053.00,373.61,94.49,133.03,1.0000,-1,-1,-1
933,139,684.61,280.92,113.62,120.62,1.0000,-1,-1,-1
933,140,561.96,345.72,87.66,131.73,1.0000,-1,-1,-1
933,141,592.47,181.76,78.11,133.93,1.0000,-1,-1,-1
933,143,819.71,290.03,91.62,138.30,1.0000,-1,-1,-1
933,148,831.36,117.16,69.80,126.02,1.0000,-1,-1,-1
933,149,642.15,493.09,60.38,131.05,1.0000,-1,-1,-1
934,117,1115.13,349.76,133.43,177.57,1.0000,-1,-1,-1
934,132,1085.55,587.37,70.75,130.62,1.0000,-1,-1,-1
934,139,693.54,279.05,110.73,120.55,1.0000,-1,-1,-1
934,140,569.72,347.87,79.86,130.62,1.0000,-1,-1,-1
934,141,605.38,179.19,74.65,135.06,1.0000,-1,-1,-1
934,143,835.96,290.66,84.54,135.86,1.0000,-1,-1,-1
934,148,846.52,114.72,69.21,128.60,1.0000,-1,-1,-1
934,149,642.63,493.10,62.13,127.48,1.0000,-1,-1,-1
935,117,1109.74,348.33,139.95,175.90,1.0000,-1,-1,-1
935,132,1082.43,584.49,77.46,133.75,1.0000,-1,-1,-1
935,139,703.25,277.65,108.44,120.54,1.0000,-1,-1,-1
935,140,581.06,350.97,72.09,131.05,1.0000,-1,-1,-1
935,141,619.29,175.20,72.71,136.58,1.0000,-1,-1,-1
935,143,845.70,291.20,79.26,132.22,1.0000,-1,-1,-1
935,148,860.63,112.61,68.16,131.82,1.0000,-1,-1,-1
935,149,645.16,493.53,63.38,125.15,1.0000,-1,-1,-1
936,117,1110.48,346.57,134.15,174.14,1.0000,-1,-1,-1
936,132,1077.36,582.72,80.31,135.82,1.0000,-1,-1,-1
936,139,718.68,276.26,105.25,123.66,1.0000,-1,-1,-1
936,140,603.16,351.31,81.50,141.18,1.0000,-1,-1,-1
936,141,639.47,174.02,72.02,137.74,1.0000,-1,-1,-1
936,143,854.24,294.53,77.71,129.98,1.0000,-1,-1,-1
936,148,884.27,108.59,68.26,137.22,1.0000,-1,-1,-1
936,149,649.64,489.06,60.39,119.25,1.0000,-1,-1,-1
937,117,1114.77,344.81,123.04,173.35,1.0000,-1,-1,-1
937,132,1073.32,580.50,78.88,137.69,1.0000,-1,-1,-1
937,139,729.25,275.96,102.97,127.97,1.0000,-1,-1,-1
937,140,614.18,342.58,83.84,144.48,1.0000,-1,-1,-1
937,141,655.76,173.95,74.21,138.25,1.0000,-1,-1,-1
937,143,855.88,296.11,77.90,130.29,1.0000,-1,-1,-1
937,148,901.09,104.80,68.33,141.39,1.0000,-1,-1,-1
937,149,657.04,492.98,64.77,122.37,1.0000,-1,-1,-1
938,117,1113.87,342.93,108.92,173.16,1.0000,-1,-1,-1
938,132,1073.85,578.46,79.59,139.80,1.0000,-1,-1,-1
938,139,734.81,275.47,101.97,133.05,1.0000,-1,-1,-1
938,140,622.34,342.67,84.07,144.89,1.0000,-1,-1,-1
938,141,668.74,174.10,77.14,139.11,1.0000,-1,-1,-1
938,143,864.85,303.74,76.85,131.72,1.0000,-1,-1,-1
938,148,916.43,105.41,68.28,141.53,1.0000,-1,-1,-1
938,149,658.85,494.13,67.57,121.81,1.0000,-1,-1,-1
939,117,1114.73,338.91,96.40,173.18,1.0000,-1,-1,-1
939,132,1071.92,576.44,75.32,141.51,1.0000,-1,-1,-1
939,139,737.99,274.57,104.57,137.57,1.0000,-1,-1,-1
939,140,630.50,342.75,84.30,145.29,1.0000,-1,-1,-1
939,141,680.83,171.81,79.02,136.21,1.0000,-1,-1,-1
939,143,873.28,305.78,76.73,132.29,1.0000,-1,-1,-1
939,148,929.39,104.87,67.47,142.53,1.0000,-1,-1,-1
939,149,660.41,494.14,69.90,122.13,1.0000,-1,-1,-1
940,117,1122.32,335.11,88.94,173.59,1.0000,-1,-1,-1
940,132,1070.79,572.75,72.80,144.31,1.0000,-1,-1,-1
940,139,739.37,275.96,107.63,140.59,1.0000,-1,-1,-1
940,140,638.66,342.84,84.54,145.69,1.0000,-1,-1,-1
940,141,691.41,172.37,82.44,137.74,1.0000,-1,-1,-1
940,143,876.94,309.63,76.46,134.19,1.0000,-1,-1,-1
940,148,942.03,103.58,66.89,141.58,1.0000,-1,-1,-1
940,149,662.83,493.15,72.58,123.11,1.0000,-1,-1,-1
941,117,1110.20,329.93,98.57,176.61,1.0000,-1,-1,-1
941,132,1066.88,567.95,74.04,148.44,1.0000,-1,-1,-1
941,139,744.78,278.73,111.44,141.98,1.0000,-1,-1,-1
941,140,632.74,359.34,83.08,142.55,1.0000,-1,-1,-1
941,141,706.38,171.62,79.17,137.00,1.0000,-1,-1,-1
941,143,878.96,313.91,83.26,140.99,1.0000,-1,-1,-1
941,148,959.31,108.51,68.91,139.77,1.0000,-1,-1,-1
941,149,667.86,490.91,76.67,124.48,1.0000,-1,-1,-1
942,117,1094.56,324.79,112.30,178.59,1.0000,-1,-1,-1
942,132,1049.15,563.83,83.64,153.21,1.0000,-1,-1,-1
942,139,752.37,280.71,111.37,142.17,1.0000,-1,-1,-1
942,140,630.12,363.58,88.15,148.47,1.0000,-1,-1,-1
942,141,720.16,169.80,78.34,138.82,1.0000,-1,-1,-1
942,143,882.51,316.62,87.17,145.69,1.0000,-1,-1,-1
942,148,968.99,106.05,69.14,141.57,1.0000,-1,-1,-1
942,149,673.77,488.38,82.42,126.36,1.0000,-1,-1,-1
943,117,1081.50,322.30,124.84,178.52,1.0000,-1,-1,-1
943,132,1037.20,561.14,91.42,156.55,1.0000,-1,-1,-1
943,139,759.36,280.32,111.85,142.47,1.0000,-1,-1,-1
943,140,635.43,368.63,88.11,150.03,1.0000,-1,-1,-1
943,141,732.32,169.45,78.26,140.91,1.0000,-1,-1,-1
943,143,890.11,319.38,89.19,149.23,1.0000,-1,-1,-1
943,148,977.22,108.10,67.56,141.71,1.0000,-1,-1,-1
943,149,675.61,487.18,89.35,127.82,1.0000,-1,-1,-1
944,117,1070.90,319.82,134.40,176.86,1.0000,-1,-1,-1
944,132,1028.92,559.86,95.72,158.53,1.0000,-1,-1,-1
944,139,762.66,280.71,110.50,141.50,1.0000,-1,-1,-1
944,140,635.03,374.01,91.63,152.65,1.0000,-1,-1,-1
944,141,742.42,167.39,76.91,142.21,1.0000,-1,-1,-1
944,143,893.72,322.33,89.62,149.96,1.0000,-1,-1,-1
944,148,984.76,106.51,68.03,143.26,1.0000,-1,-1,-1
944,149,675.01,487.67,96.79,128.76,1.0000,-1,-1,-1
945,117,1063.61,320.11,138.99,175.71,1.0000,-1,-1,-1
945,132,1024.38,559.48,96.47,159.58,1.0000,-1,-1,-1
945,139,765.12,280.52,108.01,142.00,1.0000,-1,-1,-1
945,140,637.00,379.00,93.14,156.10,1.0000,-1,-1,-1
945,141,750.91,166.26,73.90,142.56,1.0000,-1,-1,-1
945,143,902.72,316.17,95.51,154.83,1.0000,-1,-1,-1
945,148,993.28,106.32,67.48,143.77,1.0000,-1,-1,-1
945,149,679.42,484.89,96.89,128.89,1.0000,-1,-1,-1
946,117,1057.20,321.34,131.89,174.28,1.0000,-1,-1,-1
946,132,1022.76,558.74,90.50,160.37,1.0000,-1,-1,-1
946,139,770.00,283.54,104.03,146.27,1.0000,-1,-1,-1
946,140,642.47,381.78,93.47,156.65,1.0000,-1,-1,-1
946,141,763.55,163.50,70.94,143.96,1.0000,-1,-1,-1
946,143,908.40,312.58,102.38,159.16,1.0000,-1,-1,-1
946,148,1005.11,105.19,68.56,142.90,1.0000,-1,-1,-1
946,149,683.82,482.10,96.99,129.03,1.0000,-1,-1,-1
947,117,1053.08,319.79,121.17,172.92,1.0000,-1,-1,-1
947,132,1013.82,556.77,88.00,161.93,1.0000,-1,-1,-1
947,139,776.32,285.75,99.21,150.19,1.0000,-1,-1,-1
947,140,647.93,384.55,93.80,157.20,1.0000,-1,-1,-1
947,141,771.48,161.32,68.77,144.82,1.0000,-1,-1,-1
947,143,913.25,313.51,106.91,164.57,1.0000,-1,-1,-1
947,148,1013.87,105.56,68.15,141.67,1.0000,-1,-1,-1
947,149,688.23,479.32,97.10,129.16,1.0000,-1,-1,-1
948,117,1049.26,318.60,106.88,172.16,1.0000,-1,-1,-1
948,132,1002.85,555.23,88.59,163.53,1.0000,-1,-1,-1
948,139,782.94,289.29,94.26,153.32,1.0000,-1,-1,-1
948,140,653.40,387.33,94.12,157.74,1.0000,-1,-1,-1
948,141,776.76,159.64,66.38,144.89,1.0000,-1,-1,-1
948,143,920.54,314.42,105.54,169.28,1.0000,-1,-1,-1
948,148,1020.32,106.05,68.09,140.22,1.0000,-1,-1,-1
948,149,651.50,429.51,130.78,176.19,1.0000,-1,-1,-1
949,117,1042.97,317.79,93.35,171.99,1.0000,-1,-1,-1
949,132,983.53,553.44,97.75,165.61,1.0000,-1,-1,-1
949,139,788.79,291.20,90.36,154.32,1.0000,-1,-1,-1
949,140,658.86,390.11,94.45,158.29,1.0000,-1,-1,-1
949,141,780.92,159.54,64.09,143.32,1.0000,-1,-1,-1
949,143,925.08,318.95,102.14,170.35,1.0000,-1,-1,-1
949,148,1023.98,107.42,67.70,138.84,1.0000,-1,-1,-1
949,149,639.31,459.14,138.46,158.79,1.0000,-1,-1,-1
950,117,1035.79,317.38,83.88,172.62,1.0000,-1,-1,-1
950,132,971.92,551.79,106.78,167.01,1.0000,-1,-1,-1
950,139,793.70,292.85,87.41,154.40,1.0000,-1,-1,-1
950,140,664.33,392.89,94.77,158.83,1.0000,-1,-1,-1
950,141,784.01,159.77,63.11,141.54,1.0000,-1,-1,-1
950,143,931.58,324.52,98.65,170.46,1.0000,-1,-1,-1
950,148,1024.45,108.58,68.00,138.29,1.0000,-1,-1,-1
950,149,624.87,447.13,139.64,165.10,1.0000,-1,-1,-1
951,117,1017.56,314.92,85.82,173.00,1.0000,-1,-1,-1
951,132,963.20,551.16,109.92,167.23,1.0000,-1,-1,-1
951,139,800.35,299.86,84.92,155.53,1.0000,-1,-1,-1
951,140,669.80,395.67,95.09,159.37,1.0000,-1,-1,-1
951,141,783.25,164.56,64.45,142.29,1.0000,-1,-1,-1
951,143,939.48,328.86,94.26,173.19,1.0000,-1,-1,-1
951,148,1029.12,107.56,65.52,139.89,1.0000,-1,-1,-1
951,149,615.67,441.72,145.26,171.15,1.0000,-1,-1,-1
952,117,1003.45,313.22,87.13,172.11,1.0000,-1,-1,-1
952,132,956.73,550.00,110.43,168.01,1.0000,-1,-1,-1
952,139,803.41,302.76,81.60,156.89,1.0000,-1,-1,-1
952,140,678.67,426.99,91.34,140.72,1.0000,-1,-1,-1
952,141,782.63,168.07,66.63,143.51,1.0000,-1,-1,-1
952,143,945.69,331.94,89.45,174.06,1.0000,-1,-1,-1
952,147,975.23,212.88,68.01,134.52,1.0000,-1,-1,-1
952,148,1032.37,107.99,63.02,141.47,1.0000,-1,-1,-1
952,149,585.46,450.88,147.81,161.01,1.0000,-1,-1,-1
953,117,999.97,312.75,85.77,171.35,1.0000,-1,-1,-1
953,132,950.27,548.84,110.94,168.78,1.0000,-1,-1,-1
953,139,807.97,305.50,79.79,158.91,1.0000,-1,-1,-1
953,140,678.02,432.47,93.15,133.89,1.0000,-1,-1,-1
953,141,783.57,171.11,69.09,143.49,1.0000,-1,-1,-1
953,143,950.10,333.27,84.34,173.84,1.0000,-1,-1,-1
953,147,976.01,208.61,67.22,132.97,1.0000,-1,-1,-1
953,148,1037.08,107.37,59.82,143.31,1.0000,-1,-1,-1
953,149,572.46,451.86,145.78,150.52,1.0000,-1,-1,-1
954,117,999.80,311.33,80.08,169.41,1.0000,-1,-1,-1
954,132,943.81,547.68,111.45,169.56,1.0000,-1,-1,-1
954,139,813.32,308.25,78.56,161.08,1.0000,-1,-1,-1
954,140,676.09,434.01,97.65,131.96,1.0000,-1,-1,-1
954,141,784.21,173.92,71.82,143.45,1.0000,-1,-1,-1
954,143,961.06,334.26,89.30,175.26,1.0000,-1,-1,-1
954,147,976.79,204.36,66.43,131.40,1.0000,-1,-1,-1
954,148,1041.21,108.40,56.84,144.61,1.0000,-1,-1,-1
954,149,567.60,448.64,147.19,151.98,1.0000,-1,-1,-1
954,152,885.06,256.80,94.81,165.81,1.0000,-1,-1,-1
955,117,992.76,309.63,80.01,169.26,1.0000,-1,-1,-1
955,132,937.34,546.52,111.96,170.32,1.0000,-1,-1,-1
955,139,817.15,311.90,77.77,162.62,1.0000,-1,-1,-1
955,140,676.88,433.24,100.91,132.15,1.0000,-1,-1,-1
955,141,787.31,176.85,74.22,145.15,1.0000,-1,-1,-1
955,143,967.01,325.32,92.90,181.46,1.0000,-1,-1,-1
955,147,969.24,213.42,72.30,140.63,1.0000,-1,-1,-1
955,148,1047.04,107.43,54.39,144.93,1.0000,-1,-1,-1
955,149,562.75,445.44,148.59,153.42,1.0000,-1,-1,-1
955,152,881.91,258.43,94.62,165.28,1.0000,-1,-1,-1
956,117,985.71,307.92,79.94,169.12,1.0000,-1,-1,-1
956,132,930.88,545.37,112.46,171.09,1.0000,-1,-1,-1
956,139,821.22,314.49,77.26,165.51,1.0000,-1,-1,-1
956,140,675.15,430.87,103.85,133.38,1.0000,-1,-1,-1
956,141,790.00,179.29,76.99,146.25,1.0000,-1,-1,-1
956,143,973.51,321.37,96.70,187.23,1.0000,-1,-1,-1
956,147,968.17,210.91,76.25,143.95,1.0000,-1,-1,-1
956,148,1053.11,110.39,52.27,145.02,1.0000,-1,-1,-1
956,149,568.27,450.69,128.14,146.42,1.0000,-1,-1,-1
956,152,880.64,262.52,94.76,166.19,1.0000,-1,-1,-1
957,117,978.66,306.22,79.87,168.97,1.0000,-1,-1,-1
957,132,924.42,544.21,112.96,171.85,1.0000,-1,-1,-1
957,139,831.44,311.51,78.41,157.37,1.0000,-1,-1,-1
957,140,668.94,426.09,100.12,136.13,1.0000,-1,-1,-1
957,141,797.08,181.65,78.48,146.52,1.0000,-1,-1,-1
957,143,974.71,331.02,92.34,187.38,1.0000,-1,-1,-1
957,147,974.35,210.52,77.25,143.17,1.0000,-1,-1,-1
957,148,1063.85,113.57,51.25,144.55,1.0000,-1,-1,-1
957,149,563.64,448.07,129.00,147.40,1.0000,-1,-1,-1
957,152,878.42,264.56,95.19,166.95,1.0000,-1,-1,-1
958,117,971.62,304.51,79.80,168.82,1.0000,-1,-1,-1
958,132,917.97,543.06,113.46,172.61,1.0000,-1,-1,-1
958,139,838.14,316.17,76.94,159.98,1.0000,-1,-1,-1
958,140,653.62,422.38,97.01,139.87,1.0000,-1,-1,-1
958,141,802.83,182.49,78.98,145.83,1.0000,-1,-1,-1
958,143,984.84,340.66,92.99,185.60,1.0000,-1,-1,-1
958,147,975.19,207.87,76.86,142.45,1.0000,-1,-1,-1
958,148,1072.19,116.12,50.22,144.13,1.0000,-1,-1,-1
958,149,559.02,445.45,129.86,148.37,1.0000,-1,-1,-1
958,152,880.17,271.83,96.53,157.63,1.0000,-1,-1,-1
959,117,964.57,302.81,79.73,168.68,1.0000,-1,-1,-1
959,132,911.51,541.91,113.96,173.37,1.0000,-1,-1,-1
959,139,846.58,317.82,75.66,160.86,1.0000,-1,-1,-1
959,140,656.07,417.30,92.60,144.21,1.0000,-1,-1,-1
959,141,809.12,183.25,79.01,146.52,1.0000,-1,-1,-1
959,143,997.82,348.56,93.60,185.29,1.0000,-1,-1,-1
959,147,976.02,205.23,76.47,141.72,1.0000,-1,-1,-1
959,148,1079.75,118.26,50.09,144.55,1.0000,-1,-1,-1
959,149,574.38,448.85,112.58,145.00,1.0000,-1,-1,-1
959,152,881.70,278.44,95.44,152.24,1.0000,-1,-1,-1
960,117,940.19,310.91,85.08,169.25,1.0000,-1,-1,-1
960,132,905.05,540.76,114.45,174.12,1.0000,-1,-1,-1
960,139,853.90,320.64,77.00,162.93,1.0000,-1,-1,-1
960,140,651.20,411.50,96.65,147.87,1.0000,-1,-1,-1
960,141,815.40,183.59,78.69,147.28,1.0000,-1,-1,-1
960,143,1006.97,354.26,92.04,186.34,1.0000,-1,-1,-1
960,147,976.86,202.58,76.07,140.99,1.0000,-1,-1,-1
960,148,1085.88,120.29,50.81,145.31,1.0000,-1,-1,-1
960,149,582.17,449.95,102.64,143.39,1.0000,-1,-1,-1
960,152,881.28,281.57,94.95,151.45,1.0000,-1,-1,-1
961,117,938.40,311.22,84.22,169.31,1.0000,-1,-1,-1
961,132,898.60,539.61,114.94,174.87,1.0000,-1,-1,-1
961,139,860.16,322.46,77.66,165.76,1.0000,-1,-1,-1
961,140,648.52,406.85,95.92,150.29,1.0000,-1,-1,-1
961,141,821.71,184.01,78.19,148.06,1.0000,-1,-1,-1
961,143,1015.64,361.08,88.65,187.75,1.0000,-1,-1,-1
961,147,996.79,217.52,71.87,132.04,1.0000,-1,-1,-1
961,148,1091.58,119.75,52.38,146.81,1.0000,-1,-1,-1
961,149,579.26,448.12,102.92,143.79,1.0000,-1,-1,-1
961,152,880.86,284.69,94.45,150.66,1.0000,-1,-1,-1
962,117,942.45,312.69,80.15,168.17,1.0000,-1,-1,-1
962,132,892.15,538.47,115.43,175.61,1.0000,-1,-1,-1
962,139,867.77,326.65,78.48,169.12,1.0000,-1,-1,-1
962,140,648.85,407.32,96.18,150.69,1.0000,-1,-1,-1
962,141,826.77,185.37,79.55,147.40,1.0000,-1,-1,-1
962,143,1028.24,368.46,85.86,186.56,1.0000,-1,-1,-1
962,147,1008.77,223.86,70.30,125.53,1.0000,-1,-1,-1
962,148,1099.01,120.58,56.36,147.67,1.0000,-1,-1,-1
962,149,576.35,446.29,103.21,144.18,1.0000,-1,-1,-1
962,152,880.45,287.82,93.95,149.86,1.0000,-1,-1,-1
963,117,935.67,312.00,80.09,168.03,1.0000,-1,-1,-1
963,132,885.69,537.32,115.92,176.35,1.0000,-1,-1,-1
963,139,873.00,315.45,81.22,182.43,1.0000,-1,-1,-1
963,140,649.17,407.78,96.43,151.09,1.0000,-1,-1,-1
963,141,832.61,188.63,80.08,146.93,1.0000,-1,-1,-1
963,143,1032.93,373.19,85.59,185.18,1.0000,-1,-1,-1
963,147,1018.37,225.49,69.40,123.64,1.0000,-1,-1,-1
963,148,1106.16,123.46,58.18,147.53,1.0000,-1,-1,-1
963,149,573.44,444.47,103.49,144.58,1.0000,-1,-1,-1
963,152,880.03,290.95,93.45,149.06,1.0000,-1,-1,-1
964,117,942.66,317.04,80.56,169.09,1.0000,-1,-1,-1
964,132,879.24,536.18,116.41,177.09,1.0000,-1,-1,-1
964,139,875.82,329.21,81.57,181.91,1.0000,-1,-1,-1
964,140,649.49,408.25,96.69,151.49,1.0000,-1,-1,-1
964,141,834.36,192.03,81.42,147.65,1.0000,-1,-1,-1
964,143,1042.10,376.31,83.76,185.12,1.0000,-1,-1,-1
964,147,1022.07,224.77,68.75,122.47,1.0000,-1,-1,-1
964,148,1109.77,127.31,62.22,146.45,1.0000,-1,-1,-1
964,149,587.04,432.90,104.38,158.45,1.0000,-1,-1,-1
964,152,879.62,294.08,92.95,148.26,1.0000,-1,-1,-1
965,117,946.42,318.49,72.72,169.60,1.0000,-1,-1,-1
965,132,872.79,535.04,116.89,177.83,1.0000,-1,-1,-1
965,139,879.85,345.61,85.10,176.72,1.0000,-1,-1,-1
965,140,649.81,408.71,96.94,151.89,1.0000,-1,-1,-1
965,141,835.90,195.44,83.08,147.15,1.0000,-1,-1,-1
965,143,1051.20,380.83,81.96,183.77,1.0000,-1,-1,-1
965,147,1028.34,227.75,71.34,127.99,1.0000,-1,-1,-1
965,148,1116.59,128.88,63.99,146.80,1.0000,-1,-1,-1
965,149,589.21,440.17,99.67,158.10,1.0000,-1,-1,-1
965,152,879.21,297.22,92.44,147.45,1.0000,-1,-1,-1
966,117,950.76,318.26,65.49,169.94,1.0000,-1,-1,-1
966,132,866.34,533.90,117.37,178.56,1.0000,-1,-1,-1
966,139,887.50,356.08,86.41,171.42,1.0000,-1,-1,-1
966,140,650.13,409.18,97.19,152.29,1.0000,-1,-1,-1
966,141,836.96,198.68,85.32,146.54,1.0000,-1,-1,-1
966,143,1059.93,386.99,81.51,181.60,1.0000,-1,-1,-1
966,147,1034.79,227.09,72.84,131.61,1.0000,-1,-1,-1
966,148,1122.67,129.67,66.28,146.90,1.0000,-1,-1,-1
966,149,592.10,442.25,95.91,158.40,1.0000,-1,-1,-1
966,152,878.79,300.35,91.93,146.64,1.0000,-1,-1,-1
967,117,949.99,314.00,61.18,170.26,1.0000,-1,-1,-1
967,139,893.30,360.35,86.65,171.89,1.0000,-1,-1,-1
967,140,650.45,409.64,97.45,152.69,1.0000,-1,-1,-1
967,141,841.85,202.83,85.15,145.34,1.0000,-1,-1,-1
967,143,1080.82,394.25,78.91,180.59,1.0000,-1,-1,-1
967,147,1039.07,226.98,72.37,130.76,1.0000,-1,-1,-1
967,148,1134.47,130.01,65.90,147.31,1.0000,-1,-1,-1
967,149,599.51,432.97,95.17,165.15,1.0000,-1,-1,-1
967,152,883.50,293.36,74.43,135.07,1.0000,-1,-1,-1
968,117,945.64,313.80,61.03,169.83,1.0000,-1,-1,-1
968,139,899.10,364.61,86.88,172.36,1.0000,-1,-1,-1
968,140,650.78,410.11,97.70,153.08,1.0000,-1,-1,-1
968,141,845.78,204.53,84.15,143.30,1.0000,-1,-1,-1
968,143,1088.67,401.13,80.54,180.73,1.0000,-1,-1,-1
968,147,1050.41,226.95,77.63,136.76,1.0000,-1,-1,-1
968,148,1141.95,130.33,66.11,147.74,1.0000,-1,-1,-1
968,149,604.03,428.55,92.80,170.19,1.0000,-1,-1,-1
968,152,885.40,291.89,71.20,135.46,1.0000,-1,-1,-1
969,117,941.28,313.61,60.88,169.41,1.0000,-1,-1,-1
969,139,904.60,380.93,89.74,165.35,1.0000,-1,-1,-1
969,140,651.10,410.57,97.95,153.48,1.0000,-1,-1,-1
969,141,848.33,204.67,83.40,142.97,1.0000,-1,-1,-1
969,143,1097.91,407.74,79.96,183.81,1.0000,-1,-1,-1
969,147,1056.15,225.57,81.89,140.66,1.0000,-1,-1,-1
969,148,1146.22,129.98,66.56,147.69,1.0000,-1,-1,-1
969,149,608.81,425.55,91.13,174.09,1.0000,-1,-1,-1
969,152,885.32,294.50,69.70,132.60,1.0000,-1,-1,-1
970,117,936.93,313.42,60.72,168.98,1.0000,-1,-1,-1
970,139,910.49,385.91,89.98,165.79,1.0000,-1,-1,-1
970,140,651.42,411.04,98.20,153.87,1.0000,-1,-1,-1
970,141,850.41,203.39,83.19,143.74,1.0000,-1,-1,-1
970,143,1103.51,415.72,80.11,186.34,1.0000,-1,-1,-1
970,147,1059.50,225.43,86.33,144.03,1.0000,-1,-1,-1
970,148,1148.29,129.41,67.66,148.05,1.0000,-1,-1,-1
970,149,612.58,422.88,89.19,177.11,1.0000,-1,-1,-1
970,152,885.26,297.15,68.16,129.68,1.0000,-1,-1,-1
971,117,924.23,309.57,66.73,152.68,1.0000,-1,-1,-1
971,139,916.38,390.88,90.21,166.23,1.0000,-1,-1,-1
971,140,651.74,411.51,98.45,154.26,1.0000,-1,-1,-1
971,141,852.27,201.80,82.49,145.34,1.0000,-1,-1,-1
971,143,1104.13,421.15,82.80,189.80,1.0000,-1,-1,-1
971,147,1061.45,225.98,90.89,146.58,1.0000,-1,-1,-1
971,148,1150.33,128.83,68.06,148.70,1.0000,-1,-1,-1
971,149,615.48,418.60,88.66,181.26,1.0000,-1,-1,-1
971,152,885.21,299.83,66.59,126.69,1.0000,-1,-1,-1
972,117,902.46,318.96,78.08,162.07,1.0000,-1,-1,-1
972,139,925.57,391.75,101.25,157.25,1.0000,-1,-1,-1
972,140,652.07,411.98,98.70,154.65,1.0000,-1,-1,-1
972,141,855.78,200.22,80.81,147.24,1.0000,-1,-1,-1
972,143,1107.09,426.21,83.53,190.75,1.0000,-1,-1,-1
972,147,1062.80,227.47,96.47,148.65,1.0000,-1,-1,-1
972,148,1152.12,126.23,68.31,150.67,1.0000,-1,-1,-1
972,149,612.42,423.58,86.74,181.43,1.0000,-1,-1,-1
972,152,885.18,302.55,64.98,123.63,1.0000,-1,-1,-1
973,117,886.28,319.55,78.66,167.51,1.0000,-1,-1,-1
973,139,926.13,397.01,102.83,159.23,1.0000,-1,-1,-1
973,140,652.39,412.45,98.95,155.04,1.0000,-1,-1,-1
973,141,865.60,189.75,74.69,139.59,1.0000,-1,-1,-1
973,143,1105.96,429.08,84.53,191.03,1.0000,-1,-1,-1
973,147,1061.94,229.17,100.75,150.09,1.0000,-1,-1,-1
973,148,1152.18,124.96,68.63,152.43,1.0000,-1,-1,-1
973,149,611.93,417.60,85.44,186.58,1.0000,-1,-1,-1
973,152,885.17,305.31,63.33,120.50,1.0000,-1,-1,-1
974,117,874.80,316.88,81.50,170.49,1.0000,-1,-1,-1
974,139,932.24,401.40,103.13,159.69,1.0000,-1,-1,-1
974,140,652.72,412.92,99.20,155.43,1.0000,-1,-1,-1
974,141,870.51,187.75,70.05,132.49,1.0000,-1,-1,-1
974,143,1107.29,430.55,83.43,190.34,1.0000,-1,-1,-1
974,147,1076.19,226.71,98.00,144.37,1.0000,-1,-1,-1
974,148,1150.54,122.14,68.92,155.41,1.0000,-1,-1,-1
974,149,613.45,424.98,90.70,187.45,1.0000,-1,-1,-1
974,152,885.19,308.11,61.64,117.27,1.0000,-1,-1,-1
975,117,863.61,315.61,84.85,174.48,1.0000,-1,-1,-1
975,139,938.03,406.40,100.35,160.66,1.0000,-1,-1,-1
975,140,653.04,413.39,99.45,155.82,1.0000,-1,-1,-1
975,141,872.98,188.42,66.63,128.34,1.0000,-1,-1,-1
975,143,1106.84,432.05,83.99,190.04,1.0000,-1,-1,-1
975,147,1069.18,228.77,105.90,146.45,1.0000,-1,-1,-1
975,148,1149.70,121.02,69.20,156.76,1.0000,-1,-1,-1
975,149,609.53,414.11,91.77,195.56,1.0000,-1,-1,-1
975,152,885.22,310.95,59.90,113.96,1.0000,-1,-1,-1
976,117,853.80,313.07,83.96,178.36,1.0000,-1,-1,-1
976,139,937.11,410.63,98.18,160.20,1.0000,-1,-1,-1
976,140,653.37,413.86,99.70,156.21,1.0000,-1,-1,-1
976,141,874.49,191.74,64.64,127.78,1.0000,-1,-1,-1
976,143,1105.53,432.79,84.97,189.54,1.0000,-1,-1,-1
976,147,1064.85,229.50,113.01,148.82,1.0000,-1,-1,-1
976,148,1148.56,121.02,69.22,157.85,1.0000,-1,-1,-1
976,149,602.23,419.71,88.13,194.97,1.0000,-1,-1,-1
976,152,885.29,313.84,58.11,110.55,1.0000,-1,-1,-1
977,117,828.08,312.05,90.16,182.07,1.0000,-1,-1,-1
977,139,938.97,413.85,106.20,155.36,1.0000,-1,-1,-1
977,140,632.25,402.30,86.79,163.76,1.0000,-1,-1,-1
977,141,873.95,198.56,65.96,129.55,1.0000,-1,-1,-1
977,143,1104.05,433.57,85.81,188.37,1.0000,-1,-1,-1
977,147,1062.65,229.44,117.59,151.72,1.0000,-1,-1,-1
977,148,1145.01,121.25,67.56,158.69,1.0000,-1,-1,-1
977,149,593.27,428.65,84.11,189.39,1.0000,-1,-1,-1
977,152,885.38,316.79,56.26,107.03,1.0000,-1,-1,-1
978,117,806.90,312.61,96.08,183.22,1.0000,-1,-1,-1
978,139,936.43,417.01,113.69,152.37,1.0000,-1,-1,-1
978,140,631.18,402.37,86.97,164.09,1.0000,-1,-1,-1
978,141,873.31,201.26,67.41,131.40,1.0000,-1,-1,-1
978,143,1106.04,434.36,84.33,187.34,1.0000,-1,-1,-1
978,147,1062.84,229.18,118.45,153.70,1.0000,-1,-1,-1
978,148,1141.01,122.66,66.73,157.94,1.0000,-1,-1,-1
978,149,591.57,428.74,84.32,189.85,1.0000,-1,-1,-1
978,152,885.50,319.80,54.34,103.39,1.0000,-1,-1,-1
979,117,791.58,306.16,101.37,188.33,1.0000,-1,-1,-1
979,139,932.53,419.66,119.44,149.70,1.0000,-1,-1,-1
979,140,630.10,402.43,87.15,164.43,1.0000,-1,-1,-1
979,141,872.62,202.68,68.30,133.03,1.0000,-1,-1,-1
979,143,1104.30,435.07,84.67,186.64,1.0000,-1,-1,-1
979,147,1064.26,229.30,117.66,156.25,1.0000,-1,-1,-1
979,148,1135.52,122.06,67.51,158.31,1.0000,-1,-1,-1
979,149,589.88,428.82,84.52,190.30,1.0000,-1,-1,-1
979,152,885.66,322.87,52.36,99.61,1.0000,-1,-1,-1
980,117,778.71,302.05,106.93,193.20,1.0000,-1,-1,-1
980,139,930.62,422.90,120.55,147.34,1.0000,-1,-1,-1
980,140,637.98,406.50,87.38,163.27,1.0000,-1,-1,-1
980,141,870.48,202.86,69.03,134.73,1.0000,-1,-1,-1
980,143,1103.37,438.58,84.50,187.44,1.0000,-1,-1,-1
980,147,1065.15,229.86,115.38,159.00,1.0000,-1,-1,-1
980,148,1131.90,121.36,66.92,157.92,1.0000,-1,-1,-1
980,149,581.27,442.02,81.03,179.04,1.0000,-1,-1,-1
980,152,885.86,326.02,50.30,95.69,1.0000,-1,-1,-1
980,155,867.51,546.92,53.35,75.86,1.0000,-1,-1,-1
981,117,769.65,300.67,110.70,195.48,1.0000,-1,-1,-1
981,139,933.72,427.43,118.34,145.41,1.0000,-1,-1,-1
981,140,636.36,408.35,87.54,162.03,1.0000,-1,-1,-1
981,141,866.75,202.07,70.06,137.02,1.0000,-1,-1,-1
981,143,1102.69,442.07,85.04,190.13,1.0000,-1,-1,-1
981,147,1065.60,232.53,111.62,161.16,1.0000,-1,-1,-1
981,148,1128.62,120.76,66.71,158.26,1.0000,-1,-1,-1
981,149,577.31,444.67,79.14,174.08,1.0000,-1,-1,-1
981,152,886.10,329.26,48.15,91.60,1.0000,-1,-1,-1
981,155,858.19,545.23,54.86,78.01,1.0000,-1,-1,-1
982,117,757.35,300.60,111.27,195.88,1.0000,-1,-1,-1
982,139,941.70,435.19,111.07,145.88,1.0000,-1,-1,-1
982,140,633.87,411.36,86.37,160.04,1.0000,-1,-1,-1
982,141,862.31,196.63,70.23,138.51,1.0000,-1,-1,-1
982,143,1103.37,450.28,87.56,194.26,1.0000,-1,-1,-1
982,147,1066.49,233.62,107.36,164.93,1.0000,-1,-1,-1
982,148,1123.67,121.23,65.21,157.37,1.0000,-1,-1,-1
982,149,570.24,441.15,79.27,173.75,1.0000,-1,-1,-1
982,152,886.40,332.58,45.90,87.32,1.0000,-1,-1,-1
982,155,848.90,543.58,56.33,80.09,1.0000,-1,-1,-1
983,117,750.82,300.09,112.36,196.84,1.0000,-1,-1,-1
983,139,949.46,440.75,101.53,146.96,1.0000,-1,-1,-1
983,140,630.10,412.14,85.83,159.53,1.0000,-1,-1,-1
983,141,858.52,191.99,70.20,140.78,1.0000,-1,-1,-1
983,143,1099.85,455.02,92.19,198.12,1.0000,-1,-1,-1
983,147,1068.62,234.66,107.57,165.23,1.0000,-1,-1,-1
983,148,1118.87,120.53,64.79,157.33,1.0000,-1,-1,-1
983,149,564.61,437.31,80.83,175.05,1.0000,-1,-1,-1
983,152,886.75,336.02,43.53,82.82,1.0000,-1,-1,-1
983,155,839.63,541.95,57.76,82.12,1.0000,-1,-1,-1
984,117,744.35,301.88,110.35,193.73,1.0000,-1,-1,-1
984,139,956.50,444.77,91.99,149.07,1.0000,-1,-1,-1
984,140,624.53,413.01,85.38,158.35,1.0000,-1,-1,-1
984,141,851.70,187.80,71.44,143.66,1.0000,-1,-1,-1
984,143,1095.28,457.78,96.81,201.44,1.0000,-1,-1,-1
984,147,1065.59,235.02,101.76,161.81,1.0000,-1,-1,-1
984,148,1115.88,118.29,65.40,157.24,1.0000,-1,-1,-1
984,149,559.55,435.49,83.57,175.91,1.0000,-1,-1,-1
984,155,830.37,540.34,59.15,84.11,1.0000,-1,-1,-1
985,117,739.03,302.88,110.85,192.06,1.0000,-1,-1,-1
985,139,960.40,447.32,84.56,152.02,1.0000,-1,-1,-1
985,140,623.06,413.52,85.52,158.61,1.0000,-1,-1,-1
985,141,846.75,184.61,72.15,145.55,1.0000,-1,-1,-1
985,143,1101.67,459.01,95.81,203.29,1.0000,-1,-1,-1
985,147,1066.11,234.29,92.85,157.86,1.0000,-1,-1,-1
985,148,1114.81,116.41,64.93,157.73,1.0000,-1,-1,-1
985,149,555.11,435.27,85.57,175.93,1.0000,-1,-1,-1
985,155,821.13,538.76,60.51,86.04,1.0000,-1,-1,-1
985,156,795.17,541.92,80.77,178.45,1.0000,-1,-1,-1
986,117,732.73,303.43,108.68,188.61,1.0000,-1,-1,-1
986,139,969.76,447.62,90.41,157.05,1.0000,-1,-1,-1
986,140,615.53,414.66,84.62,155.73,1.0000,-1,-1,-1
986,141,839.34,183.02,72.39,148.41,1.0000,-1,-1,-1
986,143,1102.28,459.43,95.17,204.48,1.0000,-1,-1,-1
986,147,1067.14,234.93,92.87,157.89,1.0000,-1,-1,-1
986,148,1113.33,114.21,63.86,157.74,1.0000,-1,-1,-1
986,149,548.15,434.64,85.61,175.82,1.0000,-1,-1,-1
986,155,811.91,537.20,61.84,87.94,1.0000,-1,-1,-1
986,156,787.35,540.69,81.46,179.96,1.0000,-1,-1,-1
987,117,729.57,304.11,117.56,187.26,1.0000,-1,-1,-1
987,139,966.05,450.24,88.36,159.71,1.0000,-1,-1,-1
987,140,602.98,412.80,86.19,155.17,1.0000,-1,-1,-1
987,141,832.06,181.69,71.32,150.58,1.0000,-1,-1,-1
987,143,1097.14,460.08,92.33,203.66,1.0000,-1,-1,-1
987,147,1068.17,235.56,92.89,157.92,1.0000,-1,-1,-1
987,148,1107.33,113.44,62.44,158.93,1.0000,-1,-1,-1
987,149,538.92,435.02,88.12,175.24,1.0000,-1,-1,-1
987,155,802.69,535.66,63.15,89.79,1.0000,-1,-1,-1
987,156,771.74,535.84,82.13,182.28,1.0000,-1,-1,-1
988,117,722.42,304.44,126.48,184.96,1.0000,-1,-1,-1
988,139,969.29,454.22,88.52,160.00,1.0000,-1,-1,-1
988,140,600.04,412.99,86.32,155.41,1.0000,-1,-1,-1
988,141,826.37,180.07,70.20,151.61,1.0000,-1,-1,-1
988,143,1101.57,460.52,84.50,203.09,1.0000,-1,-1,-1
988,147,1069.20,236.19,92.91,157.95,1.0000,-1,-1,-1
988,148,1102.72,110.70,61.68,158.03,1.0000,-1,-1,-1
988,149,542.85,421.67,106.19,184.81,1.0000,-1,-1,-1
988,155,793.50,534.14,64.43,91.61,1.0000,-1,-1,-1
988,156,761.21,533.45,82.85,183.89,1.0000,-1,-1,-1
989,117,711.77,304.19,133.21,184.09,1.0000,-1,-1,-1
989,139,957.03,449.24,78.93,160.92,1.0000,-1,-1,-1
989,140,597.10,413.19,86.45,155.65,1.0000,-1,-1,-1
989,141,822.33,179.17,69.94,150.36,1.0000,-1,-1,-1
989,143,1103.68,458.39,77.17,202.61,1.0000,-1,-1,-1
989,147,1045.96,237.25,92.38,155.62,1.0000,-1,-1,-1
989,148,1098.64,111.51,65.15,158.90,1.0000,-1,-1,-1
989,149,540.26,420.52,106.55,185.43,1.0000,-1,-1,-1
989,155,784.31,532.64,65.68,93.39,1.0000,-1,-1,-1
989,156,750.69,531.08,83.57,185.48,1.0000,-1,-1,-1
989,157,964.44,437.79,77.46,177.94,1.0000,-1,-1,-1
990,117,698.60,304.09,137.22,183.89,1.0000,-1,-1,-1
990,139,955.31,448.22,72.49,160.72,1.0000,-1,-1,-1
990,140,584.00,406.50,85.84,156.63,1.0000,-1,-1,-1
990,141,818.18,179.14,71.86,147.83,1.0000,-1,-1,-1
990,143,1104.19,456.62,71.05,201.72,1.0000,-1,-1,-1
990,147,1041.84,236.18,91.64,152.32,1.0000,-1,-1,-1
990,148,1095.59,110.13,69.07,160.00,1.0000,-1,-1,-1
990,149,521.03,423.42,98.47,183.42,1.0000,-1,-1,-1
990,155,775.14,531.15,66.91,95.14,1.0000,-1,-1,-1
990,156,740.17,528.71,84.28,187.06,1.0000,-1,-1,-1
990,157,965.32,429.49,82.88,190.40,1.0000,-1,-1,-1
991,117,683.52,304.54,135.41,183.20,1.0000,-1,-1,-1
991,139,953.14,447.06,69.64,158.81,1.0000,-1,-1,-1
991,140,577.67,405.11,85.24,158.38,1.0000,-1,-1,-1
991,141,812.66,178.92,75.00,146.94,1.0000,-1,-1,-1
991,143,1100.65,454.73,67.10,200.95,1.0000,-1,-1,-1
991,147,1040.53,238.04,89.15,153.49,1.0000,-1,-1,-1
991,148,1090.61,108.43,73.88,160.11,1.0000,-1,-1,-1
991,149,515.52,423.96,92.81,181.54,1.0000,-1,-1,-1
991,155,765.97,529.68,68.12,96.86,1.0000,-1,-1,-1
991,156,729.66,526.34,84.99,188.62,1.0000,-1,-1,-1
991,157,966.37,421.56,87.97,202.09,1.0000,-1,-1,-1
992,117,663.45,313.08,126.39,179.66,1.0000,-1,-1,-1
992,139,947.11,448.79,71.78,159.20,1.0000,-1,-1,-1
992,140,570.25,406.62,82.59,162.79,1.0000,-1,-1,-1
992,141,802.81,179.96,79.12,146.54,1.0000,-1,-1,-1
992,143,1095.58,456.57,64.42,200.91,1.0000,-1,-1,-1
992,147,1040.48,241.06,86.10,156.28,1.0000,-1,-1,-1
992,148,1088.93,107.71,73.95,160.26,1.0000,-1,-1,-1
992,149,509.28,423.34,87.39,179.28,1.0000,-1,-1,-1
992,155,756.82,528.22,69.30,98.54,1.0000,-1,-1,-1
992,156,690.23,513.40,95.16,123.35,1.0000,-1,-1,-1
992,157,967.56,413.96,92.78,213.15,1.0000,-1,-1,-1
993,117,657.43,318.81,123.55,175.58,1.0000,-1,-1,-1
993,139,942.37,449.19,75.62,157.17,1.0000,-1,-1,-1
993,140,563.77,410.05,80.64,166.83,1.0000,-1,-1,-1
993,141,794.28,180.58,80.25,145.84,1.0000,-1,-1,-1
993,143,1092.84,457.60,62.59,202.20,1.0000,-1,-1,-1
993,147,1039.62,237.05,84.45,148.52,1.0000,-1,-1,-1
993,148,1068.30,104.05,74.18,157.32,1.0000,-1,-1,-1
993,149,505.28,425.07,83.18,177.90,1.0000,-1,-1,-1
993,155,747.68,526.78,70.47,100.20,1.0000,-1,-1,-1
993,156,676.49,516.87,101.42,108.96,1.0000,-1,-1,-1
993,157,968.87,406.63,97.36,223.65,1.0000,-1,-1,-1
994,117,652.06,324.93,122.45,175.80,1.0000,-1,-1,-1
994,139,933.06,452.88,82.38,157.02,1.0000,-1,-1,-1
994,140,556.23,415.75,79.32,169.63,1.0000,-1,-1,-1
994,141,786.87,180.62,81.26,145.88,1.0000,-1,-1,-1
994,143,1089.24,458.86,61.59,203.77,1.0000,-1,-1,-1
994,147,1038.28,237.19,84.35,148.34,1.0000,-1,-1,-1
994,148,1064.98,102.95,74.24,157.45,1.0000,-1,-1,-1
994,149,509.26,424.86,74.46,176.07,1.0000,-1,-1,-1
994,155,738.54,525.35,71.62,101.83,1.0000,-1,-1,-1
994,156,666.30,516.76,105.51,104.19,1.0000,-1,-1,-1
994,157,970.28,399.54,101.73,233.69,1.0000,-1,-1,-1
995,117,645.26,324.70,121.67,175.75,1.0000,-1,-1,-1
995,139,924.63,456.19,88.40,156.00,1.0000,-1,-1,-1
995,140,549.10,420.19,77.99,171.13,1.0000,-1,-1,-1
995,141,780.10,180.76,82.65,145.54,1.0000,-1,-1,-1
995,143,1084.46,461.34,63.93,206.89,1.0000,-1,-1,-1
995,147,1024.20,245.98,88.55,151.84,1.0000,-1,-1,-1
995,148,1061.66,101.86,74.30,157.58,1.0000,-1,-1,-1
995,149,501.78,426.43,72.20,173.61,1.0000,-1,-1,-1
995,155,729.42,523.93,72.75,103.44,1.0000,-1,-1,-1
995,156,657.04,518.50,106.57,101.65,1.0000,-1,-1,-1
995,157,971.78,392.65,105.92,243.31,1.0000,-1,-1,-1
995,159,1048.34,105.62,50.05,151.55,1.0000,-1,-1,-1
996,117,666.71,312.11,101.81,174.08,1.0000,-1,-1,-1
996,139,916.77,457.41,93.08,154.99,1.0000,-1,-1,-1
996,140,542.82,423.42,77.06,172.33,1.0000,-1,-1,-1
996,141,775.51,181.04,83.42,145.19,1.0000,-1,-1,-1
996,143,1068.08,463.06,72.04,209.65,1.0000,-1,-1,-1
996,147,1018.53,251.12,91.59,152.88,1.0000,-1,-1,-1
996,148,1058.34,100.76,74.36,157.70,1.0000,-1,-1,-1
996,149,498.21,427.77,68.86,169.98,1.0000,-1,-1,-1
996,156,647.47,515.71,108.74,102.71,1.0000,-1,-1,-1
996,157,973.36,385.95,109.94,252.57,1.0000,-1,-1,-1
996,159,1040.96,106.31,49.92,149.63,1.0000,-1,-1,-1
996,160,1211.26,107.20,63.82,156.96,1.0000,-1,-1,-1
997,117,667.92,310.02,90.79,172.83,1.0000,-1,-1,-1
997,139,910.46,457.25,92.84,153.69,1.0000,-1,-1,-1
997,140,536.05,429.01,74.89,170.03,1.0000,-1,-1,-1
997,141,769.39,180.23,83.92,145.83,1.0000,-1,-1,-1
997,143,1062.63,468.84,74.66,208.91,1.0000,-1,-1,-1
997,147,1020.30,250.76,83.47,149.61,1.0000,-1,-1,-1
997,148,1055.02,99.66,74.42,157.83,1.0000,-1,-1,-1
997,149,493.90,430.77,66.25,169.44,1.0000,-1,-1,-1
997,156,646.54,516.45,100.49,100.91,1.0000,-1,-1,-1
997,157,975.01,379.41,113.83,261.50,1.0000,-1,-1,-1
997,159,1028.64,106.80,50.38,147.60,1.0000,-1,-1,-1
997,160,1194.42,109.84,64.70,152.43,1.0000,-1,-1,-1
998,117,667.02,311.24,81.22,171.85,1.0000,-1,-1,-1
998,139,906.78,458.42,92.50,151.80,1.0000,-1,-1,-1
998,140,530.84,431.92,71.98,168.44,1.0000,-1,-1,-1
998,141,765.60,178.11,83.45,145.63,1.0000,-1,-1,-1
998,143,1059.45,471.75,76.07,208.34,1.0000,-1,-1,-1
998,147,1020.99,255.69,76.02,150.32,1.0000,-1,-1,-1
998,148,1051.71,98.57,74.48,157.96,1.0000,-1,-1,-1
998,149,489.16,433.69,64.56,170.63,1.0000,-1,-1,-1
998,156,636.44,512.57,98.88,99.29,1.0000,-1,-1,-1
998,157,976.73,373.01,117.59,270.13,1.0000,-1,-1,-1
998,159,1018.94,107.67,51.35,148.07,1.0000,-1,-1,-1
998,160,1184.46,112.03,63.54,146.36,1.0000,-1,-1,-1
999,117,662.20,310.31,73.35,169.04,1.0000,-1,-1,-1
999,139,908.36,460.00,90.58,149.57,1.0000,-1,-1,-1
999,140,529.95,432.92,68.94,166.69,1.0000,-1,-1,-1
999,141,762.30,176.83,80.49,144.00,1.0000,-1,-1,-1
999,143,1046.64,475.07,82.20,207.20,1.0000,-1,-1,-1
999,147,1018.56,257.30,75.87,150.02,1.0000,-1,-1,-1
999,148,1048.39,97.47,74.54,158.09,1.0000,-1,-1,-1
999,149,483.89,435.26,64.31,171.63,1.0000,-1,-1,-1
999,156,626.36,508.69,97.25,97.65,1.0000,-1,-1,-1
999,157,978.51,366.76,121.23,278.50,1.0000,-1,-1,-1
999,159,1012.02,105.98,54.52,150.96,1.0000,-1,-1,-1
999,160,1174.74,113.66,62.84,142.45,1.0000,-1,-1,-1
999,162,610.17,331.99,92.75,159.29,1.0000,-1,-1,-1
1000,117,658.90,310.02,67.96,164.58,1.0000,-1,-1,-1
1000,139,913.02,461.93,86.66,147.91,1.0000,-1,-1,-1
1000,140,520.59,434.32,70.08,165.05,1.0000,-1,-1,-1
1000,141,760.62,174.49,77.97,141.58,1.0000,-1,-1,-1
1000,143,1037.19,480.67,85.79,206.73,1.0000,-1,-1,-1
1000,147,1020.53,258.21,68.08,149.98,1.0000,-1,-1,-1
1000,148,1045.07,96.37,74.60,158.21,1.0000,-1,-1,-1
1000,149,476.36,437.05,64.14,172.43,1.0000,-1,-1,-1
1000,156,630.06,519.04,89.63,99.00,1.0000,-1,-1,-1
1000,157,980.33,360.62,124.77,286.62,1.0000,-1,-1,-1
1000,159,1005.16,105.40,56.24,150.99,1.0000,-1,-1,-1
1000,160,1166.46,114.84,63.37,140.42,1.0000,-1,-1,-1
1000,162,609.22,330.00,95.90,164.10,1.0000,-1,-1,-1
1001,117,653.82,310.50,65.48,159.20,1.0000,-1,-1,-1
1001,139,915.69,462.95,82.84,147.37,1.0000,-1,-1,-1
1001,140,514.56,433.29,70.38,165.56,1.0000,-1,-1,-1
1001,141,758.03,173.86,77.64,140.70,1.0000,-1,-1,-1
1001,143,1032.93,485.77,86.23,206.20,1.0000,-1,-1,-1
1001,147,1019.43,252.80,63.39,141.70,1.0000,-1,-1,-1
1001,148,1041.75,95.28,74.66,158.34,1.0000,-1,-1,-1
1001,149,471.05,438.24,64.30,173.06,1.0000,-1,-1,-1
1001,156,621.04,516.77,87.88,97.07,1.0000,-1,-1,-1
1001,157,982.21,354.59,128.21,294.52,1.0000,-1,-1,-1
1001,159,999.86,104.24,60.99,152.68,1.0000,-1,-1,-1
1001,160,1157.59,114.81,62.99,138.98,1.0000,-1,-1,-1
1001,162,603.67,329.88,92.91,164.79,1.0000,-1,-1,-1
1002,117,647.08,315.39,64.37,157.72,1.0000,-1,-1,-1
1002,139,922.69,465.59,79.57,149.44,1.0000,-1,-1,-1
1002,140,508.83,430.48,70.75,165.36,1.0000,-1,-1,-1
1002,141,751.57,173.74,74.34,140.57,1.0000,-1,-1,-1
1002,143,1027.95,490.05,84.97,204.81,1.0000,-1,-1,-1
1002,147,1009.49,259.31,64.12,145.73,1.0000,-1,-1,-1
1002,148,1038.44,94.18,74.72,158.47,1.0000,-1,-1,-1
1002,149,460.49,439.12,64.72,174.14,1.0000,-1,-1,-1
1002,156,612.04,514.52,86.10,95.10,1.0000,-1,-1,-1
1002,157,984.13,348.67,131.55,302.21,1.0000,-1,-1,-1
1002,159,988.47,103.57,64.40,152.94,1.0000,-1,-1,-1
1002,160,1144.86,116.74,62.58,137.06,1.0000,-1,-1,-1
1002,162,592.67,328.62,86.70,164.68,1.0000,-1,-1,-1
1003,117,640.44,319.11,65.71,158.95,1.0000,-1,-1,-1
1003,139,925.48,467.84,76.88,147.66,1.0000,-1,-1,-1
1003,140,502.44,428.77,70.85,165.48,1.0000,-1,-1,-1
1003,141,746.40,174.04,72.30,140.13,1.0000,-1,-1,-1
1003,143,1027.56,493.20,82.39,202.99,1.0000,-1,-1,-1
1003,147,1011.06,262.06,67.75,150.35,1.0000,-1,-1,-1
1003,148,1035.12,93.08,74.78,158.60,1.0000,-1,-1,-1
1003,149,453.02,437.91,63.23,173.13,1.0000,-1,-1,-1
1003,156,593.94,525.41,90.98,114.87,1.0000,-1,-1,-1
1003,157,986.09,342.85,134.82,309.71,1.0000,-1,-1,-1
1003,159,979.99,104.00,66.10,152.93,1.0000,-1,-1,-1
1003,160,1136.38,118.02,62.31,135.74,1.0000,-1,-1,-1
1003,162,584.99,328.17,80.40,163.09,1.0000,-1,-1,-1
1004,117,634.87,321.21,67.10,162.07,1.0000,-1,-1,-1
1004,139,930.58,470.27,80.78,145.19,1.0000,-1,-1,-1
1004,140,493.67,426.82,72.40,166.26,1.0000,-1,-1,-1
1004,141,742.58,175.15,72.20,138.95,1.0000,-1,-1,-1
1004,143,1025.16,495.74,79.51,199.69,1.0000,-1,-1,-1
1004,147,1010.79,262.45,69.76,153.61,1.0000,-1,-1,-1
1004,148,1031.80,91.98,74.84,158.72,1.0000,-1,-1,-1
1004,149,446.76,439.29,63.12,174.58,1.0000,-1,-1,-1
1004,156,585.21,516.69,88.30,113.21,1.0000,-1,-1,-1
1004,157,988.09,337.11,138.01,317.03,1.0000,-1,-1,-1
1004,159,973.09,104.13,67.25,152.33,1.0000,-1,-1,-1
1004,160,1129.27,118.12,62.64,134.29,1.0000,-1,-1,-1
1004,162,578.20,326.64,76.26,164.33,1.0000,-1,-1,-1
1004,163,1215.02,267.62,62.84,146.31,1.0000,-1,-1,-1
1005,117,627.78,323.79,67.60,163.53,1.0000,-1,-1,-1
1005,139,931.24,471.82,82.09,144.93,1.0000,-1,-1,-1
1005,140,490.15,424.71,72.95,166.57,1.0000,-1,-1,-1
1005,141,739.10,176.58,74.67,136.35,1.0000,-1,-1,-1
1005,143,1020.85,497.69,76.58,196.88,1.0000,-1,-1,-1
1005,147,1006.95,263.53,67.44,154.67,1.0000,-1,-1,-1
1005,148,1028.48,90.89,74.90,158.85,1.0000,-1,-1,-1
1005,149,440.00,439.64,63.05,175.35,1.0000,-1,-1,-1
1005,156,575.45,514.12,88.48,110.39,1.0000,-1,-1,-1
1005,159,967.76,102.73,67.96,151.97,1.0000,-1,-1,-1
1005,160,1121.92,117.53,63.03,133.40,1.0000,-1,-1,-1
1005,162,572.36,328.30,73.03,167.41,1.0000,-1,-1,-1
1005,163,1208.78,268.02,68.31,147.83,1.0000,-1,-1,-1
1006,117,620.75,319.57,66.39,158.41,1.0000,-1,-1,-1
1006,139,929.04,473.17,87.81,145.42,1.0000,-1,-1,-1
1006,140,478.79,423.06,77.98,167.02,1.0000,-1,-1,-1
1006,141,736.05,179.41,80.02,135.71,1.0000,-1,-1,-1
1006,143,1016.52,498.67,73.49,194.08,1.0000,-1,-1,-1
1006,147,1001.60,262.60,64.14,154.06,1.0000,-1,-1,-1
1006,148,1025.17,89.79,74.96,158.98,1.0000,-1,-1,-1
1006,149,434.02,438.44,62.60,174.67,1.0000,-1,-1,-1
1006,156,568.22,514.83,88.63,113.16,1.0000,-1,-1,-1
1006,159,961.15,102.78,69.06,151.62,1.0000,-1,-1,-1
1006,160,1112.34,119.63,61.74,131.79,1.0000,-1,-1,-1
1006,162,566.11,326.93,71.36,170.47,1.0000,-1,-1,-1
1006,163,1201.47,267.85,72.78,148.55,1.0000,-1,-1,-1
1007,117,610.47,319.29,66.75,156.45,1.0000,-1,-1,-1
1007,139,924.07,475.93,86.43,143.30,1.0000,-1,-1,-1
1007,140,474.00,421.47,77.48,166.57,1.0000,-1,-1,-1
1007,141,728.30,179.86,84.36,134.38,1.0000,-1,-1,-1
1007,143,1009.30,498.27,71.20,191.84,1.0000,-1,-1,-1
1007,147,995.20,264.14,61.79,155.85,1.0000,-1,-1,-1
1007,148,1021.85,88.70,75.02,159.10,1.0000,-1,-1,-1
1007,149,422.83,439.30,62.04,174.60,1.0000,-1,-1,-1
1007,156,557.86,512.47,88.76,112.41,1.0000,-1,-1,-1
1007,159,952.35,100.68,68.53,152.01,1.0000,-1,-1,-1
1007,160,1098.47,118.14,62.22,130.32,1.0000,-1,-1,-1
1007,162,555.66,325.12,70.15,172.39,1.0000,-1,-1,-1
1007,163,1190.21,262.48,82.71,154.96,1.0000,-1,-1,-1
1008,117,603.24,318.62,67.15,153.36,1.0000,-1,-1,-1
1008,139,927.76,474.48,83.62,136.89,1.0000,-1,-1,-1
1008,140,468.03,421.43,77.56,166.75,1.0000,-1,-1,-1
1008,141,722.48,179.03,87.45,134.07,1.0000,-1,-1,-1
1008,143,1004.54,498.01,69.02,189.79,1.0000,-1,-1,-1
1008,147,991.21,264.57,59.78,157.08,1.0000,-1,-1,-1
1008,148,1018.53,87.60,75.08,159.23,1.0000,-1,-1,-1
1008,149,413.40,439.88,60.62,174.61,1.0000,-1,-1,-1
1008,156,551.05,511.66,87.81,113.11,1.0000,-1,-1,-1
1008,159,945.06,98.67,68.52,152.30,1.0000,-1,-1,-1
1008,160,1089.23,116.48,62.19,130.52,1.0000,-1,-1,-1
1008,162,548.57,323.41,69.39,174.10,1.0000,-1,-1,-1
1008,163,1179.34,264.54,81.11,150.25,1.0000,-1,-1,-1
1009,117,596.27,316.93,67.19,154.14,1.0000,-1,-1,-1
1009,139,931.43,480.03,81.01,134.97,1.0000,-1,-1,-1
1009,140,457.19,419.33,82.24,165.90,1.0000,-1,-1,-1
1009,141,717.92,177.66,88.81,132.99,1.0000,-1,-1,-1
1009,143,997.73,496.81,68.66,188.75,1.0000,-1,-1,-1
1009,147,986.83,263.38,58.44,155.35,1.0000,-1,-1,-1
1009,149,405.58,439.31,58.39,173.45,1.0000,-1,-1,-1
1009,156,547.07,510.51,85.16,111.68,1.0000,-1,-1,-1
1009,159,940.15,95.54,67.87,153.09,1.0000,-1,-1,-1
1009,160,1080.16,115.14,63.42,131.30,1.0000,-1,-1,-1
1009,162,541.38,322.10,69.48,176.68,1.0000,-1,-1,-1
1009,163,1171.32,265.38,82.44,147.74,1.0000,-1,-1,-1
1010,117,589.42,319.31,68.09,159.46,1.0000,-1,-1,-1
1010,139,934.93,484.54,76.77,133.17,1.0000,-1,-1,-1
1010,140,453.00,417.78,82.67,164.65,1.0000,-1,-1,-1
1010,141,715.54,176.15,87.48,132.44,1.0000,-1,-1,-1
1010,143,993.38,485.24,67.96,170.77,1.0000,-1,-1,-1
1010,147,983.30,264.76,58.21,154.74,1.0000,-1,-1,-1
1010,149,399.61,439.87,56.02,173.21,1.0000,-1,-1,-1
1010,156,545.03,509.60,81.79,111.19,1.0000,-1,-1,-1
1010,159,937.77,94.11,66.64,152.48,1.0000,-1,-1,-1
1010,160,1072.30,113.77,63.90,131.56,1.0000,-1,-1,-1
1010,162,532.96,319.55,68.66,177.38,1.0000,-1,-1,-1
1010,163,1165.15,265.02,81.35,144.75,1.0000,-1,-1,-1
1011,117,585.19,319.57,68.05,162.27,1.0000,-1,-1,-1
1011,139,940.43,488.19,75.37,130.74,1.0000,-1,-1,-1
1011,140,448.86,414.96,82.75,163.26,1.0000,-1,-1,-1
1011,141,709.94,175.21,87.93,132.80,1.0000,-1,-1,-1
1011,143,989.90,483.56,66.81,158.83,1.0000,-1,-1,-1
1011,147,983.18,264.17,57.13,155.58,1.0000,-1,-1,-1
1011,149,392.30,441.36,54.01,174.12,1.0000,-1,-1,-1
1011,156,543.59,508.93,78.26,110.36,1.0000,-1,-1,-1
1011,159,932.36,92.98,65.32,152.83,1.0000,-1,-1,-1
1011,160,1065.96,111.01,64.51,131.96,1.0000,-1,-1,-1
1011,162,528.14,316.83,68.84,179.62,1.0000,-1,-1,-1
1011,163,1158.39,265.18,81.42,142.06,1.0000,-1,-1,-1
1012,117,576.41,318.46,68.97,164.72,1.0000,-1,-1,-1
1012,139,941.17,489.87,75.34,130.70,1.0000,-1,-1,-1
1012,140,441.94,412.79,83.27,161.88,1.0000,-1,-1,-1
1012,141,707.84,173.47,84.11,132.80,1.0000,-1,-1,-1
1012,143,987.03,481.55,63.32,150.40,1.0000,-1,-1,-1
1012,147,977.75,259.57,55.29,149.47,1.0000,-1,-1,-1
1012,149,382.26,443.01,52.15,175.71,1.0000,-1,-1,-1
1012,156,540.96,508.23,74.03,112.58,1.0000,-1,-1,-1
1012,159,926.18,90.79,62.57,153.28,1.0000,-1,-1,-1
1012,160,1055.17,107.58,64.45,134.15,1.0000,-1,-1,-1
1012,162,519.97,313.36,69.72,182.01,1.0000,-1,-1,-1
1012,163,1146.86,264.69,81.54,140.25,1.0000,-1,-1,-1
1013,117,570.49,316.85,69.67,165.15,1.0000,-1,-1,-1
1013,139,936.27,493.31,70.89,126.59,1.0000,-1,-1,-1
1013,140,438.11,411.90,83.44,160.51,1.0000,-1,-1,-1
1013,141,708.38,171.99,79.46,132.75,1.0000,-1,-1,-1
1013,143,986.69,481.48,59.72,145.87,1.0000,-1,-1,-1
1013,147,973.32,260.35,55.73,150.55,1.0000,-1,-1,-1
1013,149,375.29,441.95,51.04,175.90,1.0000,-1,-1,-1
1013,156,540.24,506.86,71.07,113.94,1.0000,-1,-1,-1
1013,159,921.92,91.16,60.57,152.28,1.0000,-1,-1,-1
1013,160,1048.58,104.43,64.01,135.96,1.0000,-1,-1,-1
1013,162,513.48,311.60,67.81,182.22,1.0000,-1,-1,-1
1013,163,1140.78,262.92,81.13,139.45,1.0000,-1,-1,-1
1014,117,566.68,317.19,70.77,165.52,1.0000,-1,-1,-1
1014,139,936.96,494.40,65.67,124.83,1.0000,-1,-1,-1
1014,140,433.42,410.69,84.24,158.67,1.0000,-1,-1,-1
1014,141,711.38,171.71,74.60,132.46,1.0000,-1,-1,-1
1014,143,982.74,481.10,57.75,142.34,1.0000,-1,-1,-1
1014,147,968.16,260.26,56.59,151.93,1.0000,-1,-1,-1
1014,149,369.35,440.75,50.68,174.48,1.0000,-1,-1,-1
1014,156,539.65,505.54,68.77,115.39,1.0000,-1,-1,-1
1014,159,917.77,87.52,58.16,148.39,1.0000,-1,-1,-1
1014,160,1042.59,97.60,62.69,139.47,1.0000,-1,-1,-1
1014,162,508.11,310.48,68.00,182.69,1.0000,-1,-1,-1
1014,163,1135.28,262.13,80.13,138.48,1.0000,-1,-1,-1
1015,117,563.82,316.35,71.32,166.23,1.0000,-1,-1,-1
1015,139,937.91,493.80,61.00,123.66,1.0000,-1,-1,-1
1015,140,429.88,408.56,84.46,158.36,1.0000,-1,-1,-1
1015,141,716.26,169.67,68.75,132.44,1.0000,-1,-1,-1
1015,143,981.06,477.44,55.55,141.64,1.0000,-1,-1,-1
1015,147,964.98,258.84,56.93,152.42,1.0000,-1,-1,-1
1015,149,364.92,440.48,51.04,173.25,1.0000,-1,-1,-1
1015,156,539.68,504.63,66.59,116.36,1.0000,-1,-1,-1
1015,159,914.31,85.70,56.47,144.79,1.0000,-1,-1,-1
1015,160,1036.98,92.16,61.67,143.00,1.0000,-1,-1,-1
1015,162,506.84,308.78,68.01,184.15,1.0000,-1,-1,-1
1015,163,1129.45,261.86,79.99,136.83,1.0000,-1,-1,-1
1016,117,555.74,316.63,73.70,168.33,1.0000,-1,-1,-1
1016,139,940.36,491.42,58.29,122.49,1.0000,-1,-1,-1
1016,140,426.74,406.30,84.97,158.36,1.0000,-1,-1,-1
1016,141,722.17,170.73,62.51,133.27,1.0000,-1,-1,-1
1016,143,976.88,471.91,56.64,144.45,1.0000,-1,-1,-1
1016,147,962.29,258.23,57.04,153.54,1.0000,-1,-1,-1
1016,149,360.30,440.61,51.91,171.42,1.0000,-1,-1,-1
1016,156,540.44,503.49,66.08,117.62,1.0000,-1,-1,-1
1016,159,911.65,87.78,56.54,146.06,1.0000,-1,-1,-1
1016,160,1030.08,90.77,60.44,144.03,1.0000,-1,-1,-1
1016,162,502.85,309.56,67.79,183.96,1.0000,-1,-1,-1
1016,163,1125.14,261.13,80.36,135.97,1.0000,-1,-1,-1
1017,117,550.98,315.67,72.65,167.80,1.0000,-1,-1,-1
1017,139,940.32,492.47,58.14,122.17,1.0000,-1,-1,-1
1017,140,424.04,404.39,84.82,158.19,1.0000,-1,-1,-1
1017,141,726.67,169.13,56.64,132.86,1.0000,-1,-1,-1
1017,143,964.55,463.03,64.02,150.70,1.0000,-1,-1,-1
1017,147,958.71,256.99,56.62,154.69,1.0000,-1,-1,-1
1017,149,353.50,440.95,51.76,170.93,1.0000,-1,-1,-1
1017,156,540.05,500.98,67.52,119.66,1.0000,-1,-1,-1
1017,159,903.73,85.48,54.41,145.01,1.0000,-1,-1,-1
1017,160,1020.22,87.26,57.18,143.31,1.0000,-1,-1,-1
1017,162,493.30,307.80,69.57,184.69,1.0000,-1,-1,-1
1017,163,1118.19,259.77,78.76,135.04,1.0000,-1,-1,-1
1018,117,547.59,314.81,72.09,168.22,1.0000,-1,-1,-1
1018,139,940.31,482.35,53.46,122.66,1.0000,-1,-1,-1
1018,140,422.91,401.66,84.51,158.28,1.0000,-1,-1,-1
1018,141,729.13,167.37,53.12,132.76,1.0000,-1,-1,-1
1018,143,962.65,458.26,68.32,155.78,1.0000,-1,-1,-1
1018,147,957.14,252.76,55.84,150.65,1.0000,-1,-1,-1
1018,149,352.89,441.75,55.85,174.54,1.0000,-1,-1,-1
1018,156,535.19,500.49,66.76,118.32,1.0000,-1,-1,-1
1018,159,898.78,83.25,53.17,142.44,1.0000,-1,-1,-1
1018,160,1011.49,85.65,57.08,143.04,1.0000,-1,-1,-1
1018,162,488.17,305.29,72.19,185.99,1.0000,-1,-1,-1
1018,163,1112.99,259.62,79.03,133.52,1.0000,-1,-1,-1
1019,117,544.14,313.76,71.96,167.65,1.0000,-1,-1,-1
1019,139,940.09,482.51,53.29,122.26,1.0000,-1,-1,-1
1019,140,422.23,399.45,83.25,157.87,1.0000,-1,-1,-1
1019,141,730.57,168.05,51.46,132.66,1.0000,-1,-1,-1
1019,143,960.97,456.24,72.96,158.60,1.0000,-1,-1,-1
1019,147,956.15,252.18,54.97,149.35,1.0000,-1,-1,-1
1019,149,349.68,441.14,59.89,177.68,1.0000,-1,-1,-1
1019,156,530.33,500.00,65.99,116.95,1.0000,-1,-1,-1
1019,159,894.35,85.17,52.16,144.37,1.0000,-1,-1,-1
1019,160,1004.97,83.97,52.13,140.01,1.0000,-1,-1,-1
1019,162,483.72,303.60,73.81,185.38,1.0000,-1,-1,-1
1019,163,1107.97,257.38,78.91,132.44,1.0000,-1,-1,-1
1020,117,537.07,311.34,75.38,167.21,1.0000,-1,-1,-1
1020,139,939.86,482.66,53.11,121.86,1.0000,-1,-1,-1
1020,140,421.37,398.58,82.48,157.09,1.0000,-1,-1,-1
1020,141,730.61,168.76,52.57,134.10,1.0000,-1,-1,-1
1020,143,957.18,453.89,72.99,158.67,1.0000,-1,-1,-1
1020,147,954.61,251.99,54.81,148.51,1.0000,-1,-1,-1
1020,149,346.47,439.98,63.27,178.48,1.0000,-1,-1,-1
1020,156,525.48,499.52,65.21,115.57,1.0000,-1,-1,-1
1020,159,889.87,85.07,51.89,145.57,1.0000,-1,-1,-1
1020,160,997.94,83.06,48.73,136.21,1.0000,-1,-1,-1
1020,162,477.94,300.26,71.01,184.04,1.0000,-1,-1,-1
1020,163,1104.28,255.89,77.88,131.77,1.0000,-1,-1,-1
1021,117,533.64,311.36,76.87,166.52,1.0000,-1,-1,-1
1021,139,933.26,469.49,49.62,119.37,1.0000,-1,-1,-1
1021,140,420.41,396.34,81.63,157.27,1.0000,-1,-1,-1
1021,141,729.38,168.39,54.56,135.36,1.0000,-1,-1,-1
1021,143,962.31,460.55,75.90,156.71,1.0000,-1,-1,-1
1021,147,952.86,251.26,55.42,147.85,1.0000,-1,-1,-1
1021,149,343.57,438.30,65.72,178.85,1.0000,-1,-1,-1
1021,156,520.63,499.05,64.42,114.18,1.0000,-1,-1,-1
1021,159,886.83,83.48,50.96,144.38,1.0000,-1,-1,-1
1021,160,989.32,81.59,48.38,135.24,1.0000,-1,-1,-1
1021,162,476.04,297.91,69.83,183.00,1.0000,-1,-1,-1
1021,163,1100.96,254.46,76.84,131.44,1.0000,-1,-1,-1
1022,117,529.88,308.34,77.77,165.37,1.0000,-1,-1,-1
1022,139,928.58,466.05,49.54,118.08,1.0000,-1,-1,-1
1022,140,418.77,395.19,81.04,156.10,1.0000,-1,-1,-1
1022,141,725.85,167.59,54.53,133.81,1.0000,-1,-1,-1
1022,143,958.92,464.92,76.11,156.16,1.0000,-1,-1,-1
1022,147,949.20,252.39,57.75,150.75,1.0000,-1,-1,-1
1022,149,339.26,435.06,67.85,179.61,1.0000,-1,-1,-1
1022,156,515.78,498.58,63.62,112.76,1.0000,-1,-1,-1
1022,159,878.69,80.96,49.49,142.58,1.0000,-1,-1,-1
1022,160,981.42,81.93,50.08,131.11,1.0000,-1,-1,-1
1022,162,473.46,294.52,69.76,182.51,1.0000,-1,-1,-1
1022,163,1096.18,253.11,77.48,131.44,1.0000,-1,-1,-1
1023,117,525.16,306.54,79.25,162.68,1.0000,-1,-1,-1
1023,139,927.38,464.81,49.34,117.58,1.0000,-1,-1,-1
1023,140,417.28,393.80,79.60,155.18,1.0000,-1,-1,-1
1023,141,724.29,170.55,53.85,131.12,1.0000,-1,-1,-1
1023,143,956.39,466.80,80.82,154.13,1.0000,-1,-1,-1
1023,147,944.50,251.68,61.17,152.76,1.0000,-1,-1,-1
1023,149,333.47,432.36,70.64,179.59,1.0000,-1,-1,-1
1023,156,510.95,498.13,62.82,111.33,1.0000,-1,-1,-1
1023,159,872.53,81.96,47.90,141.32,1.0000,-1,-1,-1
1023,160,971.30,81.41,52.57,128.73,1.0000,-1,-1,-1
1023,162,471.30,292.84,69.13,181.64,1.0000,-1,-1,-1
1023,163,1092.31,250.62,77.69,131.97,1.0000,-1,-1,-1
1024,117,522.94,305.00,79.11,160.93,1.0000,-1,-1,-1
1024,139,926.18,463.58,49.13,117.09,1.0000,-1,-1,-1
1024,140,416.10,392.89,78.75,154.21,1.0000,-1,-1,-1
1024,141,724.64,168.19,52.45,131.20,1.0000,-1,-1,-1
1024,143,950.83,471.60,86.69,150.14,1.0000,-1,-1,-1
1024,147,941.59,250.96,64.90,153.61,1.0000,-1,-1,-1
1024,149,327.73,430.78,71.91,179.15,1.0000,-1,-1,-1
1024,156,506.11,497.68,62.00,109.88,1.0000,-1,-1,-1
1024,159,869.82,81.35,46.40,139.91,1.0000,-1,-1,-1
1024,160,962.79,79.87,52.26,127.98,1.0000,-1,-1,-1
1024,162,469.32,291.25,66.61,179.69,1.0000,-1,-1,-1
1024,163,1087.65,249.10,75.94,132.22,1.0000,-1,-1,-1
1025,117,521.06,304.01,78.29,160.00,1.0000,-1,-1,-1
1025,139,924.99,462.35,48.92,116.59,1.0000,-1,-1,-1
1025,140,414.64,391.26,77.67,154.38,1.0000,-1,-1,-1
1025,141,727.80,165.23,48.82,132.30,1.0000,-1,-1,-1
1025,143,946.42,477.18,91.51,145.61,1.0000,-1,-1,-1
1025,147,941.51,250.82,70.11,153.95,1.0000,-1,-1,-1
1025,149,322.72,428.94,72.96,178.71,1.0000,-1,-1,-1
1025,156,501.28,497.25,61.17,108.41,1.0000,-1,-1,-1
1025,159,866.38,81.04,46.12,138.33,1.0000,-1,-1,-1
1025,160,954.29,78.33,51.96,127.23,1.0000,-1,-1,-1
1025,162,470.23,290.36,65.98,177.66,1.0000,-1,-1,-1
1025,163,1085.06,248.05,75.19,132.05,1.0000,-1,-1,-1
1026,117,519.22,301.95,76.19,158.44,1.0000,-1,-1,-1
1026,139,923.79,461.11,48.71,116.09,1.0000,-1,-1,-1
1026,140,413.38,390.39,76.85,154.15,1.0000,-1,-1,-1
1026,141,729.12,164.00,45.70,132.70,1.0000,-1,-1,-1
1026,143,942.38,471.71,95.20,146.98,1.0000,-1,-1,-1
1026,147,941.87,250.97,74.96,153.56,1.0000,-1,-1,-1
1026,149,321.16,427.89,73.26,178.76,1.0000,-1,-1,-1
1026,156,496.46,496.82,60.33,106.92,1.0000,-1,-1,-1
1026,159,862.37,81.27,47.03,135.72,1.0000,-1,-1,-1
1026,160,951.26,78.05,60.00,127.87,1.0000,-1,-1,-1
1026,162,469.82,286.81,66.03,174.66,1.0000,-1,-1,-1
1026,163,1080.73,247.91,75.46,131.24,1.0000,-1,-1,-1
1027,117,517.64,298.84,73.21,156.10,1.0000,-1,-1,-1
1027,139,922.60,459.88,48.50,115.59,1.0000,-1,-1,-1
1027,140,411.96,388.04,76.10,153.20,1.0000,-1,-1,-1
1027,141,731.48,161.85,43.32,133.39,1.0000,-1,-1,-1
1027,143,931.45,470.69,103.60,147.76,1.0000,-1,-1,-1
1027,147,949.14,251.94,73.90,153.30,1.0000,-1,-1,-1
1027,149,315.96,425.42,70.60,178.50,1.0000,-1,-1,-1
1027,156,491.64,496.41,59.47,105.41,1.0000,-1,-1,-1
1027,159,854.77,82.48,48.98,132.06,1.0000,-1,-1,-1
1027,160,943.59,78.89,63.40,126.03,1.0000,-1,-1,-1
1027,162,467.73,286.42,64.04,170.95,1.0000,-1,-1,-1
1027,163,1075.07,246.31,73.76,130.38,1.0000,-1,-1,-1
1028,117,515.08,296.60,71.32,154.35,1.0000,-1,-1,-1
1028,139,921.41,458.65,48.29,115.09,1.0000,-1,-1,-1
1028,140,410.06,386.54,74.81,152.81,1.0000,-1,-1,-1
1028,141,733.78,161.09,41.51,134.10,1.0000,-1,-1,-1
1028,143,926.64,471.08,110.73,149.12,1.0000,-1,-1,-1
1028,147,951.99,252.25,71.40,152.56,1.0000,-1,-1,-1
1028,149,312.96,423.76,68.11,177.86,1.0000,-1,-1,-1
1028,156,486.83,496.00,58.61,103.88,1.0000,-1,-1,-1
1028,159,847.24,83.38,52.50,128.82,1.0000,-1,-1,-1
1028,160,937.06,78.61,66.36,124.47,1.0000,-1,-1,-1
1028,162,465.19,286.14,60.02,167.14,1.0000,-1,-1,-1
1028,163,1071.23,246.89,74.16,128.83,1.0000,-1,-1,-1
1029,117,512.47,294.71,69.91,152.45,1.0000,-1,-1,-1
1029,139,928.28,454.70,50.83,103.52,1.0000,-1,-1,-1
1029,140,408.47,385.18,74.78,153.12,1.0000,-1,-1,-1
1029,141,734.92,160.39,40.19,134.43,1.0000,-1,-1,-1
1029,143,926.52,469.04,115.77,150.22,1.0000,-1,-1,-1
1029,147,953.21,252.45,68.90,151.98,1.0000,-1,-1,-1
1029,149,310.20,422.58,65.94,176.98,1.0000,-1,-1,-1
1029,156,482.03,495.61,57.73,102.32,1.0000,-1,-1,-1
1029,159,840.15,83.63,56.29,126.33,1.0000,-1,-1,-1
1029,160,932.51,78.29,66.73,124.36,1.0000,-1,-1,-1
1029,162,461.27,284.97,59.37,165.33,1.0000,-1,-1,-1
1029,163,1069.27,245.73,74.43,128.23,1.0000,-1,-1,-1
1030,117,510.52,294.25,68.85,152.22,1.0000,-1,-1,-1
1030,139,927.77,452.89,50.59,103.01,1.0000,-1,-1,-1
1030,140,405.63,384.86,74.69,154.05,1.0000,-1,-1,-1
1030,141,734.45,158.25,39.99,134.96,1.0000,-1,-1,-1
1030,143,926.09,467.31,120.95,151.04,1.0000,-1,-1,-1
1030,147,952.71,252.11,66.61,151.18,1.0000,-1,-1,-1
1030,149,307.68,421.96,63.85,176.39,1.0000,-1,-1,-1
1030,156,477.23,495.23,56.84,100.74,1.0000,-1,-1,-1
1030,159,834.29,84.49,59.72,123.86,1.0000,-1,-1,-1
1030,160,925.36,76.89,66.67,124.25,1.0000,-1,-1,-1
1030,162,457.35,283.81,58.71,163.51,1.0000,-1,-1,-1
1030,163,1065.85,245.55,73.41,126.46,1.0000,-1,-1,-1
1031,117,509.96,294.07,67.44,152.32,1.0000,-1,-1,-1
1031,139,927.26,451.08,50.34,102.50,1.0000,-1,-1,-1
1031,140,404.06,384.01,74.41,154.41,1.0000,-1,-1,-1
1031,141,734.70,157.19,41.40,135.32,1.0000,-1,-1,-1
1031,143,925.31,465.81,126.18,151.50,1.0000,-1,-1,-1
1031,147,949.31,251.50,66.30,150.42,1.0000,-1,-1,-1
1031,149,306.38,420.87,61.80,176.32,1.0000,-1,-1,-1
1031,156,472.44,494.86,55.93,99.14,1.0000,-1,-1,-1
1031,159,827.57,84.42,63.24,121.92,1.0000,-1,-1,-1
1031,160,918.22,75.50,66.61,124.13,1.0000,-1,-1,-1
1031,162,458.78,283.67,57.93,157.93,1.0000,-1,-1,-1
1031,163,1062.23,244.52,75.09,126.07,1.0000,-1,-1,-1
1031,166,546.94,477.41,76.13,147.98,1.0000,-1,-1,-1
1032,117,509.64,292.58,65.36,151.42,1.0000,-1,-1,-1
1032,139,926.63,455.45,51.78,100.29,1.0000,-1,-1,-1
1032,140,402.27,380.07,74.03,153.71,1.0000,-1,-1,-1
1032,141,734.72,157.39,43.93,134.13,1.0000,-1,-1,-1
1032,143,932.06,463.28,129.70,151.51,1.0000,-1,-1,-1
1032,147,951.67,249.24,65.64,149.81,1.0000,-1,-1,-1
1032,149,304.11,418.18,60.81,175.87,1.0000,-1,-1,-1
1032,156,467.66,494.51,55.01,97.50,1.0000,-1,-1,-1
1032,159,820.18,84.65,65.80,120.62,1.0000,-1,-1,-1
1032,160,911.07,74.11,66.55,124.02,1.0000,-1,-1,-1
1032,162,457.24,281.52,58.95,153.51,1.0000,-1,-1,-1
1032,163,1055.09,242.55,75.17,125.26,1.0000,-1,-1,-1
1032,166,545.98,476.05,80.01,148.41,1.0000,-1,-1,-1
1033,117,510.73,290.29,62.65,148.42,1.0000,-1,-1,-1
1033,139,926.18,454.06,51.52,99.81,1.0000,-1,-1,-1
1033,140,401.28,378.46,73.73,153.51,1.0000,-1,-1,-1
1033,141,733.87,157.37,46.16,133.82,1.0000,-1,-1,-1
1033,143,944.07,461.69,128.20,151.39,1.0000,-1,-1,-1
1033,147,944.77,247.85,69.33,149.35,1.0000,-1,-1,-1
1033,149,302.55,416.48,60.48,175.00,1.0000,-1,-1,-1
1033,159,813.65,84.38,67.48,119.35,1.0000,-1,-1,-1
1033,160,903.93,72.71,66.49,123.91,1.0000,-1,-1,-1
1033,162,456.12,280.78,59.19,151.26,1.0000,-1,-1,-1
1033,163,1051.45,241.31,75.47,125.42,1.0000,-1,-1,-1
1033,166,545.81,472.15,82.30,152.66,1.0000,-1,-1,-1
1034,117,509.68,290.72,61.68,146.92,1.0000,-1,-1,-1
1034,139,924.44,459.16,52.36,116.05,1.0000,-1,-1,-1
1034,140,400.20,377.66,73.53,153.23,1.0000,-1,-1,-1
1034,141,732.35,157.67,47.90,133.71,1.0000,-1,-1,-1
1034,143,946.93,458.83,130.08,151.34,1.0000,-1,-1,-1
1034,147,943.16,246.86,71.10,148.82,1.0000,-1,-1,-1
1034,149,300.76,415.68,61.03,174.40,1.0000,-1,-1,-1
1034,159,808.10,85.10,67.85,117.97,1.0000,-1,-1,-1
1034,160,896.78,71.32,66.43,123.79,1.0000,-1,-1,-1
1034,162,456.32,279.52,59.72,150.08,1.0000,-1,-1,-1
1034,163,1047.26,240.00,76.41,126.10,1.0000,-1,-1,-1
1034,166,547.86,469.04,98.05,157.75,1.0000,-1,-1,-1
1035,117,508.56,290.23,60.51,145.99,1.0000,-1,-1,-1
1035,139,922.45,453.43,52.51,126.90,1.0000,-1,-1,-1
1035,140,398.57,375.98,74.22,152.94,1.0000,-1,-1,-1
1035,141,730.27,156.61,47.57,132.78,1.0000,-1,-1,-1
1035,143,954.88,456.97,128.74,152.15,1.0000,-1,-1,-1
1035,147,943.07,245.57,70.04,148.33,1.0000,-1,-1,-1
1035,149,298.73,415.03,61.74,174.42,1.0000,-1,-1,-1
1035,159,804.09,85.68,67.36,116.83,1.0000,-1,-1,-1
1035,160,889.64,69.92,66.37,123.68,1.0000,-1,-1,-1
1035,162,456.60,278.38,59.63,148.98,1.0000,-1,-1,-1
1035,163,1045.01,239.67,75.36,126.09,1.0000,-1,-1,-1
1035,166,543.51,468.56,102.86,157.84,1.0000,-1,-1,-1
1036,117,505.59,289.11,60.80,145.29,1.0000,-1,-1,-1
1036,139,921.19,445.79,52.56,135.18,1.0000,-1,-1,-1
1036,140,397.07,375.34,75.12,152.24,1.0000,-1,-1,-1
1036,141,728.86,156.29,47.28,132.16,1.0000,-1,-1,-1
1036,143,958.73,454.02,128.87,152.57,1.0000,-1,-1,-1
1036,147,941.28,244.84,69.00,147.90,1.0000,-1,-1,-1
1036,149,296.89,413.10,61.70,175.29,1.0000,-1,-1,-1
1036,159,797.27,84.84,66.99,116.62,1.0000,-1,-1,-1
1036,160,882.49,68.53,66.31,123.57,1.0000,-1,-1,-1
1036,162,457.19,277.31,59.45,147.85,1.0000,-1,-1,-1
1036,163,1040.77,238.22,74.35,126.41,1.0000,-1,-1,-1
1036,166,545.26,468.11,102.74,157.07,1.0000,-1,-1,-1
1037,117,504.17,287.46,59.55,144.85,1.0000,-1,-1,-1
1037,139,917.35,435.45,51.80,140.65,1.0000,-1,-1,-1
1037,140,395.49,373.56,77.14,150.59,1.0000,-1,-1,-1
1037,141,724.35,157.91,46.18,130.08,1.0000,-1,-1,-1
1037,143,957.34,449.20,125.17,154.63,1.0000,-1,-1,-1
1037,147,934.17,244.16,69.14,148.03,1.0000,-1,-1,-1
1037,149,295.39,411.66,61.67,174.66,1.0000,-1,-1,-1
1037,159,788.51,81.53,62.13,117.73,1.0000,-1,-1,-1
1037,160,875.35,67.13,66.25,123.45,1.0000,-1,-1,-1
1037,162,456.39,276.71,59.63,147.72,1.0000,-1,-1,-1
1037,163,1034.15,236.93,75.79,127.23,1.0000,-1,-1,-1
1037,166,554.79,468.05,90.98,152.38,1.0000,-1,-1,-1
1038,117,503.79,285.61,58.17,145.16,1.0000,-1,-1,-1
1038,139,913.79,427.67,50.90,144.08,1.0000,-1,-1,-1
1038,140,394.59,373.44,79.80,149.32,1.0000,-1,-1,-1
1038,141,721.47,159.29,45.27,128.01,1.0000,-1,-1,-1
1038,143,957.79,445.94,122.16,156.93,1.0000,-1,-1,-1
1038,147,932.35,244.68,67.75,147.44,1.0000,-1,-1,-1
1038,149,294.22,411.13,62.06,173.74,1.0000,-1,-1,-1
1038,159,782.54,80.61,62.08,117.64,1.0000,-1,-1,-1
1038,160,868.21,65.74,66.19,123.34,1.0000,-1,-1,-1
1038,162,455.98,274.75,59.82,148.18,1.0000,-1,-1,-1
1038,163,1030.19,234.91,75.41,128.70,1.0000,-1,-1,-1
1038,166,566.15,469.63,79.52,148.71,1.0000,-1,-1,-1
1039,117,502.70,284.84,57.76,144.58,1.0000,-1,-1,-1
1039,139,909.95,419.21,50.77,144.08,1.0000,-1,-1,-1
1039,140,393.14,373.14,82.00,148.43,1.0000,-1,-1,-1
1039,141,718.65,160.34,43.94,127.07,1.0000,-1,-1,-1
1039,143,960.92,443.56,118.54,158.18,1.0000,-1,-1,-1
1039,147,929.51,245.19,68.05,145.55,1.0000,-1,-1,-1
1039,149,292.24,410.83,63.19,173.09,1.0000,-1,-1,-1
1039,159,776.57,79.68,62.04,117.55,1.0000,-1,-1,-1
1039,160,861.06,64.35,66.13,123.22,1.0000,-1,-1,-1
1039,162,454.42,274.46,60.09,146.40,1.0000,-1,-1,-1
1039,163,1026.58,233.82,73.38,129.54,1.0000,-1,-1,-1
1039,166,577.32,471.76,68.95,145.35,1.0000,-1,-1,-1
1040,117,501.56,285.54,57.42,143.93,1.0000,-1,-1,-1
1040,139,906.56,412.01,50.88,143.89,1.0000,-1,-1,-1
1040,140,391.85,373.33,84.10,147.53,1.0000,-1,-1,-1
1040,141,714.30,160.94,43.75,126.50,1.0000,-1,-1,-1
1040,143,965.12,440.78,115.78,156.93,1.0000,-1,-1,-1
1040,147,928.60,246.24,70.80,144.43,1.0000,-1,-1,-1
1040,149,290.22,411.17,64.52,172.07,1.0000,-1,-1,-1
1040,159,770.60,78.75,61.99,117.46,1.0000,-1,-1,-1
1040,160,853.92,62.95,66.06,123.11,1.0000,-1,-1,-1
1040,162,452.51,278.13,60.00,150.46,1.0000,-1,-1,-1
1040,163,1023.24,233.56,72.27,130.30,1.0000,-1,-1,-1
1040,166,584.64,473.42,61.44,142.99,1.0000,-1,-1,-1
1041,117,499.76,285.21,57.45,144.74,1.0000,-1,-1,-1
1041,139,901.90,407.55,51.73,143.91,1.0000,-1,-1,-1
1041,140,390.42,373.65,85.72,146.78,1.0000,-1,-1,-1
1041,141,711.55,161.24,43.57,125.93,1.0000,-1,-1,-1
1041,143,969.53,438.51,115.81,155.03,1.0000,-1,-1,-1
1041,147,928.39,247.42,74.11,144.44,1.0000,-1,-1,-1
1041,149,288.25,411.11,65.57,171.30,1.0000,-1,-1,-1
1041,159,762.78,80.61,54.47,118.60,1.0000,-1,-1,-1
1041,160,846.77,61.56,66.00,123.00,1.0000,-1,-1,-1
1041,162,450.39,280.10,62.14,155.93,1.0000,-1,-1,-1
1041,163,1019.52,232.79,70.95,131.17,1.0000,-1,-1,-1
1041,166,587.06,473.72,58.48,141.86,1.0000,-1,-1,-1
1042,117,496.73,284.09,57.63,144.61,1.0000,-1,-1,-1
1042,139,895.76,400.99,51.86,141.78,1.0000,-1,-1,-1
1042,140,385.80,373.69,87.71,146.35,1.0000,-1,-1,-1
1042,141,706.74,162.29,44.38,125.64,1.0000,-1,-1,-1
1042,143,970.84,436.48,116.04,155.32,1.0000,-1,-1,-1
1042,147,926.03,248.49,77.93,144.21,1.0000,-1,-1,-1
1042,149,284.69,411.55,66.18,170.40,1.0000,-1,-1,-1
1042,159,753.07,76.82,53.44,122.38,1.0000,-1,-1,-1
1042,160,839.63,60.17,65.94,122.88,1.0000,-1,-1,-1
1042,162,445.10,276.14,60.35,155.97,1.0000,-1,-1,-1
1042,163,1014.52,231.47,69.78,132.16,1.0000,-1,-1,-1
1042,166,587.34,474.12,62.00,144.55,1.0000,-1,-1,-1
1043,117,494.25,284.33,56.88,144.66,1.0000,-1,-1,-1
1043,139,890.35,397.41,53.06,139.32,1.0000,-1,-1,-1
1043,140,383.37,373.70,89.05,146.09,1.0000,-1,-1,-1
1043,141,703.63,162.42,45.63,125.82,1.0000,-1,-1,-1
1043,143,988.81,436.80,114.73,154.83,1.0000,-1,-1,-1
1043,147,924.04,249.00,80.47,143.65,1.0000,-1,-1,-1
1043,149,281.84,412.32,67.02,169.36,1.0000,-1,-1,-1
1043,159,746.46,71.76,53.34,126.91,1.0000,-1,-1,-1
1043,160,832.48,58.77,65.88,122.77,1.0000,-1,-1,-1
1043,162,441.02,273.62,59.16,153.95,1.0000,-1,-1,-1
1043,163,1012.27,230.03,68.49,132.99,1.0000,-1,-1,-1
1043,166,586.77,474.70,66.90,145.98,1.0000,-1,-1,-1
1044,117,490.73,284.52,56.90,145.14,1.0000,-1,-1,-1
1044,139,886.19,395.17,53.57,137.76,1.0000,-1,-1,-1
1044,140,380.42,373.18,89.54,146.32,1.0000,-1,-1,-1
1044,141,700.62,161.84,47.58,126.30,1.0000,-1,-1,-1
1044,143,999.03,437.10,110.60,157.95,1.0000,-1,-1,-1
1044,147,919.79,249.79,83.15,143.25,1.0000,-1,-1,-1
1044,149,280.48,413.10,68.40,168.92,1.0000,-1,-1,-1
1044,159,739.99,70.35,54.93,129.69,1.0000,-1,-1,-1
1044,160,825.34,57.38,65.82,122.65,1.0000,-1,-1,-1
1044,162,438.01,271.11,57.28,148.93,1.0000,-1,-1,-1
1044,163,1009.59,228.71,67.83,134.41,1.0000,-1,-1,-1
1044,166,584.90,475.44,71.99,146.49,1.0000,-1,-1,-1
1045,117,487.56,283.76,57.41,144.35,1.0000,-1,-1,-1
1045,139,882.55,393.44,53.94,136.48,1.0000,-1,-1,-1
1045,140,378.24,372.40,90.29,146.54,1.0000,-1,-1,-1
1045,141,696.32,161.91,49.72,125.83,1.0000,-1,-1,-1
1045,143,1006.79,435.37,106.71,159.31,1.0000,-1,-1,-1
1045,147,916.95,250.79,84.60,142.36,1.0000,-1,-1,-1
1045,149,278.22,413.92,69.29,168.23,1.0000,-1,-1,-1
1045,159,734.17,67.12,56.75,133.07,1.0000,-1,-1,-1
1045,162,436.46,270.10,56.84,143.29,1.0000,-1,-1,-1
1045,163,1006.12,226.63,67.04,136.82,1.0000,-1,-1,-1
1045,166,581.62,477.20,76.76,146.52,1.0000,-1,-1,-1
1046,117,485.78,283.70,57.14,143.77,1.0000,-1,-1,-1
1046,139,880.07,392.57,53.55,137.64,1.0000,-1,-1,-1
1046,140,378.47,371.70,89.56,146.77,1.0000,-1,-1,-1
1046,141,691.37,162.14,50.25,125.52,1.0000,-1,-1,-1
1046,143,1011.41,434.17,106.46,161.47,1.0000,-1,-1,-1
1046,147,915.16,250.99,85.75,141.94,1.0000,-1,-1,-1
1046,149,276.27,414.62,69.77,167.80,1.0000,-1,-1,-1
1046,159,730.42,68.13,57.46,134.57,1.0000,-1,-1,-1
1046,162,432.62,271.25,53.96,136.88,1.0000,-1,-1,-1
1046,163,1003.45,225.09,65.18,138.75,1.0000,-1,-1,-1
1046,166,578.29,478.18,81.26,146.31,1.0000,-1,-1,-1
1047,117,480.90,285.38,56.46,144.27,1.0000,-1,-1,-1
1047,139,875.91,390.30,53.61,140.41,1.0000,-1,-1,-1
1047,140,383.04,370.72,84.60,147.03,1.0000,-1,-1,-1
1047,141,685.07,162.85,50.42,125.99,1.0000,-1,-1,-1
1047,143,1014.15,433.76,109.58,163.38,1.0000,-1,-1,-1
1047,147,909.50,250.76,86.77,142.29,1.0000,-1,-1,-1
1047,149,273.19,415.26,69.27,167.67,1.0000,-1,-1,-1
1047,159,724.28,67.31,58.97,136.54,1.0000,-1,-1,-1
1047,162,426.94,279.03,51.34,138.41,1.0000,-1,-1,-1
1047,163,998.76,223.59,63.41,140.39,1.0000,-1,-1,-1
1047,166,577.01,478.99,84.60,145.36,1.0000,-1,-1,-1
1048,117,477.93,285.72,55.67,144.64,1.0000,-1,-1,-1
1048,139,870.52,387.62,54.05,142.67,1.0000,-1,-1,-1
1048,140,387.77,369.25,78.53,147.21,1.0000,-1,-1,-1
1048,141,680.62,161.86,50.26,126.74,1.0000,-1,-1,-1
1048,143,1016.83,433.35,111.26,164.82,1.0000,-1,-1,-1
1048,147,907.07,250.76,86.95,142.88,1.0000,-1,-1,-1
1048,149,271.12,415.80,68.93,167.79,1.0000,-1,-1,-1
1048,159,718.65,65.00,60.02,139.08,1.0000,-1,-1,-1
1048,162,424.09,279.10,50.65,136.54,1.0000,-1,-1,-1
1048,163,996.28,223.30,62.52,141.53,1.0000,-1,-1,-1
1048,166,578.70,479.46,85.03,143.87,1.0000,-1,-1,-1
1049,117,476.30,285.03,55.02,144.65,1.0000,-1,-1,-1
1049,139,865.33,385.20,54.54,144.32,1.0000,-1,-1,-1
1049,140,390.57,369.18,73.92,146.36,1.0000,-1,-1,-1
1049,141,677.07,163.15,49.38,126.85,1.0000,-1,-1,-1
1049,143,1019.83,432.44,114.50,165.96,1.0000,-1,-1,-1
1049,147,904.93,250.38,87.16,143.37,1.0000,-1,-1,-1
1049,149,269.32,416.16,68.84,167.93,1.0000,-1,-1,-1
1049,159,712.92,64.11,59.50,139.79,1.0000,-1,-1,-1
1049,162,421.25,279.19,49.95,134.64,1.0000,-1,-1,-1
1049,163,992.28,221.07,61.09,143.21,1.0000,-1,-1,-1
1049,166,583.12,479.58,83.35,142.81,1.0000,-1,-1,-1
1049,168,810.98,80.29,45.22,111.95,1.0000,-1,-1,-1
1050,117,474.07,284.53,54.76,144.97,1.0000,-1,-1,-1
1050,139,861.82,383.03,55.11,145.34,1.0000,-1,-1,-1
1050,140,391.12,369.93,70.48,145.50,1.0000,-1,-1,-1
1050,141,674.80,160.94,48.16,128.32,1.0000,-1,-1,-1
1050,143,1023.27,430.90,117.23,166.20,1.0000,-1,-1,-1
1050,147,902.25,250.31,87.86,143.96,1.0000,-1,-1,-1
1050,149,267.34,415.48,67.98,167.62,1.0000,-1,-1,-1
1050,159,706.85,63.41,59.55,139.89,1.0000,-1,-1,-1
1050,162,418.41,279.29,49.23,132.72,1.0000,-1,-1,-1
1050,163,989.18,218.15,59.40,145.21,1.0000,-1,-1,-1
1050,166,589.10,479.59,80.06,142.14,1.0000,-1,-1,-1
1050,168,803.03,78.50,49.24,114.79,1.0000,-1,-1,-1
1051,117,472.15,283.20,54.93,145.41,1.0000,-1,-1,-1
1051,139,858.73,379.54,55.58,146.02,1.0000,-1,-1,-1
1051,140,390.23,369.14,70.45,145.44,1.0000,-1,-1,-1
1051,141,671.09,160.22,49.73,128.17,1.0000,-1,-1,-1
1051,143,1027.00,429.32,118.01,167.57,1.0000,-1,-1,-1
1051,147,899.16,250.59,89.70,144.97,1.0000,-1,-1,-1
1051,149,265.36,415.29,67.66,167.34,1.0000,-1,-1,-1
1051,159,700.78,62.71,59.59,139.98,1.0000,-1,-1,-1
1051,162,415.58,279.41,48.51,130.77,1.0000,-1,-1,-1
1051,163,984.64,216.32,59.11,147.51,1.0000,-1,-1,-1
1051,166,595.85,478.49,75.36,141.13,1.0000,-1,-1,-1
1051,168,797.32,77.33,49.97,116.49,1.0000,-1,-1,-1
1052,117,468.27,281.82,55.83,144.14,1.0000,-1,-1,-1
1052,139,854.87,369.60,56.40,149.55,1.0000,-1,-1,-1
1052,140,389.34,368.35,70.42,145.38,1.0000,-1,-1,-1
1052,141,668.14,160.11,49.68,128.03,1.0000,-1,-1,-1
1052,143,1037.46,428.28,113.84,168.80,1.0000,-1,-1,-1
1052,147,895.95,248.97,89.16,146.11,1.0000,-1,-1,-1
1052,149,262.73,415.72,67.43,167.26,1.0000,-1,-1,-1
1052,159,694.72,62.01,59.63,140.08,1.0000,-1,-1,-1
1052,162,414.81,278.20,47.66,124.22,1.0000,-1,-1,-1
1052,163,978.71,211.15,57.95,149.11,1.0000,-1,-1,-1
1052,166,610.91,477.51,68.34,139.97,1.0000,-1,-1,-1
1052,168,791.62,76.17,50.69,118.16,1.0000,-1,-1,-1
1053,117,465.76,281.13,56.69,142.77,1.0000,-1,-1,-1
1053,139,851.65,366.54,56.37,149.46,1.0000,-1,-1,-1
1053,140,388.45,367.57,70.39,145.31,1.0000,-1,-1,-1
1053,141,660.56,155.99,48.78,126.39,1.0000,-1,-1,-1
1053,143,1044.62,425.81,110.02,170.70,1.0000,-1,-1,-1
1053,147,892.86,248.20,88.10,146.96,1.0000,-1,-1,-1
1053,149,260.11,415.95,66.44,167.01,1.0000,-1,-1,-1
1053,159,688.65,61.31,59.67,140.18,1.0000,-1,-1,-1
1053,162,413.19,279.11,46.10,119.78,1.0000,-1,-1,-1
1053,163,973.81,206.68,57.72,150.28,1.0000,-1,-1,-1
1053,166,618.99,477.21,62.99,138.97,1.0000,-1,-1,-1
1053,168,785.92,75.02,51.40,119.81,1.0000,-1,-1,-1
1054,117,463.95,279.87,57.33,142.28,1.0000,-1,-1,-1
1054,139,848.43,363.47,56.33,149.36,1.0000,-1,-1,-1
1054,140,387.56,366.78,70.36,145.25,1.0000,-1,-1,-1
1054,141,655.77,156.74,50.87,129.08,1.0000,-1,-1,-1
1054,143,1045.89,419.93,109.44,174.91,1.0000,-1,-1,-1
1054,147,890.07,247.13,87.62,147.40,1.0000,-1,-1,-1
1054,149,257.41,416.51,65.82,167.07,1.0000,-1,-1,-1
1054,159,682.59,60.61,59.71,140.28,1.0000,-1,-1,-1
1054,162,411.31,280.11,45.21,116.60,1.0000,-1,-1,-1
1054,163,969.49,203.92,57.13,151.66,1.0000,-1,-1,-1
1054,166,625.01,475.99,58.58,136.42,1.0000,-1,-1,-1
1054,168,780.22,73.89,52.09,121.44,1.0000,-1,-1,-1
1055,117,461.30,278.88,57.64,141.93,1.0000,-1,-1,-1
1055,139,845.21,360.40,56.29,149.27,1.0000,-1,-1,-1
1055,140,386.67,365.99,70.33,145.19,1.0000,-1,-1,-1
1055,141,652.57,158.09,52.48,128.12,1.0000,-1,-1,-1
1055,143,1044.56,413.65,109.00,178.40,1.0000,-1,-1,-1
1055,147,886.92,246.31,87.74,148.13,1.0000,-1,-1,-1
1055,149,254.40,416.70,64.87,166.76,1.0000,-1,-1,-1
1055,159,676.52,59.90,59.76,140.38,1.0000,-1,-1,-1
1055,162,408.81,280.13,44.34,114.36,1.0000,-1,-1,-1
1055,163,965.27,202.63,57.28,151.52,1.0000,-1,-1,-1
1055,166,629.92,474.46,57.35,131.47,1.0000,-1,-1,-1
1055,168,774.87,73.72,55.00,120.50,1.0000,-1,-1,-1
1056,117,459.18,278.78,57.64,141.46,1.0000,-1,-1,-1
1056,139,841.99,357.33,56.26,149.17,1.0000,-1,-1,-1
1056,140,385.78,365.20,70.30,145.13,1.0000,-1,-1,-1
1056,141,645.97,157.26,48.82,125.90,1.0000,-1,-1,-1
1056,143,1047.12,409.70,109.00,181.75,1.0000,-1,-1,-1
1056,147,884.82,244.66,87.97,149.13,1.0000,-1,-1,-1
1056,149,252.85,416.83,64.15,166.60,1.0000,-1,-1,-1
1056,159,670.45,59.20,59.80,140.47,1.0000,-1,-1,-1
1056,162,406.33,280.17,43.45,112.08,1.0000,-1,-1,-1
1056,163,962.12,201.31,56.65,152.48,1.0000,-1,-1,-1
1056,166,635.39,474.93,59.79,125.79,1.0000,-1,-1,-1
1056,168,769.35,72.50,55.77,122.19,1.0000,-1,-1,-1
1057,117,454.04,278.02,58.78,141.85,1.0000,-1,-1,-1
1057,139,848.32,351.99,56.37,142.40,1.0000,-1,-1,-1
1057,140,384.90,364.42,70.27,145.06,1.0000,-1,-1,-1
1057,141,638.53,154.30,47.91,128.10,1.0000,-1,-1,-1
1057,143,1051.52,415.24,108.08,180.18,1.0000,-1,-1,-1
1057,147,882.25,241.76,86.95,149.75,1.0000,-1,-1,-1
1057,149,248.67,417.89,63.71,166.42,1.0000,-1,-1,-1
1057,159,664.39,58.50,59.84,140.57,1.0000,-1,-1,-1
1057,162,403.85,280.23,42.55,109.75,1.0000,-1,-1,-1
1057,163,956.64,199.01,57.28,155.17,1.0000,-1,-1,-1
1057,166,639.52,474.61,59.17,124.49,1.0000,-1,-1,-1
1057,168,763.85,71.30,56.53,123.87,1.0000,-1,-1,-1
1058,117,451.34,277.56,59.29,141.54,1.0000,-1,-1,-1
1058,139,847.53,351.78,56.96,139.60,1.0000,-1,-1,-1
1058,140,384.01,363.63,70.24,145.00,1.0000,-1,-1,-1
1058,141,635.08,153.15,48.75,130.29,1.0000,-1,-1,-1
1058,143,1057.81,419.01,105.39,178.10,1.0000,-1,-1,-1
1058,147,878.10,239.29,85.76,150.86,1.0000,-1,-1,-1
1058,149,246.04,418.70,63.30,166.41,1.0000,-1,-1,-1
1058,159,658.32,57.80,59.88,140.67,1.0000,-1,-1,-1
1058,162,401.38,280.32,41.62,107.37,1.0000,-1,-1,-1
1058,163,952.35,197.78,57.39,156.81,1.0000,-1,-1,-1
1058,166,647.20,475.36,64.87,117.39,1.0000,-1,-1,-1
1058,168,760.58,75.24,50.03,117.47,1.0000,-1,-1,-1
1059,117,448.81,277.50,59.81,141.31,1.0000,-1,-1,-1
1059,139,845.47,352.44,59.15,137.32,1.0000,-1,-1,-1
1059,140,383.12,362.84,70.21,144.94,1.0000,-1,-1,-1
1059,141,631.03,152.72,48.70,130.16,1.0000,-1,-1,-1
1059,143,1057.31,418.79,99.47,177.73,1.0000,-1,-1,-1
1059,147,874.70,237.18,84.67,151.06,1.0000,-1,-1,-1
1059,149,243.44,419.47,62.64,166.59,1.0000,-1,-1,-1
1059,159,652.26,57.10,59.92,140.77,1.0000,-1,-1,-1
1059,162,398.93,280.44,40.68,104.93,1.0000,-1,-1,-1
1059,163,948.59,197.18,57.53,158.59,1.0000,-1,-1,-1
1059,166,650.31,477.53,67.58,113.91,1.0000,-1,-1,-1
1059,168,755.18,74.75,50.24,117.96,1.0000,-1,-1,-1
1060,117,447.10,276.84,58.67,140.44,1.0000,-1,-1,-1
1060,139,843.22,352.58,62.49,136.46,1.0000,-1,-1,-1
1060,140,382.23,362.06,70.18,144.88,1.0000,-1,-1,-1
1060,141,630.57,148.06,55.37,133.63,1.0000,-1,-1,-1
1060,143,1057.03,418.42,95.80,176.92,1.0000,-1,-1,-1
1060,147,870.65,236.54,84.66,150.50,1.0000,-1,-1,-1
1060,149,241.14,419.79,62.40,166.46,1.0000,-1,-1,-1
1060,159,646.19,56.40,59.96,140.87,1.0000,-1,-1,-1
1060,162,396.48,280.58,39.71,102.44,1.0000,-1,-1,-1
1060,163,945.28,196.66,56.97,160.07,1.0000,-1,-1,-1
1060,166,653.44,478.41,67.63,110.86,1.0000,-1,-1,-1
1060,168,749.79,74.27,50.45,118.44,1.0000,-1,-1,-1
1061,117,446.91,277.66,58.25,140.46,1.0000,-1,-1,-1
1061,139,841.53,353.77,67.58,134.98,1.0000,-1,-1,-1
1061,140,361.80,364.40,72.97,150.55,1.0000,-1,-1,-1
1061,141,627.11,147.36,55.36,133.62,1.0000,-1,-1,-1
1061,143,1061.63,419.51,91.11,175.70,1.0000,-1,-1,-1
1061,147,867.89,237.05,84.33,149.10,1.0000,-1,-1,-1
1061,149,239.10,419.80,62.23,166.16,1.0000,-1,-1,-1
1061,159,640.12,55.69,60.01,140.96,1.0000,-1,-1,-1
1061,162,394.05,280.76,38.72,99.88,1.0000,-1,-1,-1
1061,163,943.22,196.11,56.34,160.63,1.0000,-1,-1,-1
1061,166,654.39,479.74,62.79,109.21,1.0000,-1,-1,-1
1061,168,744.40,73.79,50.66,118.93,1.0000,-1,-1,-1
1062,117,443.22,277.67,58.30,141.35,1.0000,-1,-1,-1
1062,139,838.72,354.91,73.07,133.77,1.0000,-1,-1,-1
1062,140,360.95,364.03,69.74,151.57,1.0000,-1,-1,-1
1062,141,617.29,147.83,57.78,130.19,1.0000,-1,-1,-1
1062,143,1058.05,413.37,91.43,174.52,1.0000,-1,-1,-1
1062,147,862.71,236.53,82.31,147.09,1.0000,-1,-1,-1
1062,149,235.08,420.06,62.44,166.19,1.0000,-1,-1,-1
1062,159,634.06,54.99,60.05,141.06,1.0000,-1,-1,-1
1062,162,391.63,280.97,37.71,97.26,1.0000,-1,-1,-1
1062,163,939.76,195.18,55.32,160.69,1.0000,-1,-1,-1
1062,166,659.35,479.31,59.84,107.45,1.0000,-1,-1,-1
1062,168,739.01,73.30,50.86,119.41,1.0000,-1,-1,-1
1063,117,441.08,277.44,58.42,142.08,1.0000,-1,-1,-1
1063,139,836.23,354.80,76.51,133.58,1.0000,-1,-1,-1
1063,140,358.63,364.18,69.26,149.68,1.0000,-1,-1,-1
1063,141,610.13,146.17,58.60,128.87,1.0000,-1,-1,-1
1063,143,1054.73,411.99,93.10,173.25,1.0000,-1,-1,-1
1063,147,860.00,235.45,80.12,145.79,1.0000,-1,-1,-1
1063,149,232.36,420.34,62.46,166.09,1.0000,-1,-1,-1
1063,159,627.99,54.29,60.09,141.16,1.0000,-1,-1,-1
1063,162,389.78,282.96,40.38,110.08,1.0000,-1,-1,-1
1063,163,936.26,192.71,53.50,160.64,1.0000,-1,-1,-1
1063,166,661.69,479.03,55.63,105.59,1.0000,-1,-1,-1
1063,168,733.62,72.82,51.07,119.89,1.0000,-1,-1,-1
1064,117,439.00,276.46,58.14,142.77,1.0000,-1,-1,-1
1064,139,834.76,353.52,78.27,133.61,1.0000,-1,-1,-1
1064,140,356.67,365.39,68.87,149.19,1.0000,-1,-1,-1
1064,141,605.22,144.77,58.12,128.60,1.0000,-1,-1,-1
1064,143,1050.96,412.16,98.70,171.86,1.0000,-1,-1,-1
1064,147,855.63,235.62,78.29,144.65,1.0000,-1,-1,-1
1064,149,229.96,419.81,62.59,165.85,1.0000,-1,-1,-1
1064,159,621.93,53.59,60.13,141.26,1.0000,-1,-1,-1
1064,162,387.43,283.63,39.54,107.79,1.0000,-1,-1,-1
1064,163,932.18,191.59,52.57,161.08,1.0000,-1,-1,-1
1064,166,663.41,479.31,51.17,104.33,1.0000,-1,-1,-1
1064,168,728.22,72.34,51.27,120.37,1.0000,-1,-1,-1
1065,117,436.20,273.84,58.70,143.35,1.0000,-1,-1,-1
1065,139,835.35,350.90,78.60,134.05,1.0000,-1,-1,-1
1065,140,355.97,366.29,67.68,148.89,1.0000,-1,-1,-1
1065,141,600.05,143.99,54.80,128.09,1.0000,-1,-1,-1
1065,143,1044.34,411.45,100.24,171.34,1.0000,-1,-1,-1
1065,147,855.51,235.24,75.69,143.86,1.0000,-1,-1,-1
1065,149,227.60,419.65,62.73,165.91,1.0000,-1,-1,-1
1065,162,384.22,280.78,38.09,109.98,1.0000,-1,-1,-1
1065,163,929.27,189.36,51.14,161.45,1.0000,-1,-1,-1
1065,166,666.32,480.01,47.91,103.84,1.0000,-1,-1,-1
1065,168,722.83,71.86,51.47,120.85,1.0000,-1,-1,-1
1066,117,433.28,271.86,59.43,142.01,1.0000,-1,-1,-1
1066,139,842.91,348.08,73.97,132.21,1.0000,-1,-1,-1
1066,140,355.10,365.70,67.12,148.22,1.0000,-1,-1,-1
1066,141,595.58,143.07,54.78,128.04,1.0000,-1,-1,-1
1066,143,1046.93,410.48,104.24,170.82,1.0000,-1,-1,-1
1066,147,852.32,234.91,74.77,143.37,1.0000,-1,-1,-1
1066,149,225.82,419.12,62.90,165.22,1.0000,-1,-1,-1
1066,162,382.99,280.06,37.04,110.53,1.0000,-1,-1,-1
1066,163,926.11,188.21,49.62,161.26,1.0000,-1,-1,-1
1066,166,670.91,480.47,46.25,103.33,1.0000,-1,-1,-1
1066,168,717.44,71.39,51.68,121.33,1.0000,-1,-1,-1
1067,117,430.88,274.32,59.87,142.92,1.0000,-1,-1,-1
1067,139,846.42,346.49,73.55,135.10,1.0000,-1,-1,-1
1067,140,352.82,365.50,65.17,149.10,1.0000,-1,-1,-1
1067,141,591.11,142.14,54.76,127.99,1.0000,-1,-1,-1
1067,143,1058.72,409.47,104.99,169.82,1.0000,-1,-1,-1
1067,147,846.83,233.93,74.03,141.63,1.0000,-1,-1,-1
1067,149,223.00,419.89,62.65,164.95,1.0000,-1,-1,-1
1067,162,380.63,280.72,36.22,108.07,1.0000,-1,-1,-1
1067,163,920.48,184.38,48.69,160.10,1.0000,-1,-1,-1
1067,166,675.26,481.02,46.71,102.59,1.0000,-1,-1,-1
1067,168,721.44,68.38,45.79,121.56,1.0000,-1,-1,-1
1068,117,429.28,275.11,59.40,143.25,1.0000,-1,-1,-1
1068,139,850.11,339.58,72.41,140.96,1.0000,-1,-1,-1
1068,140,352.37,364.94,63.12,149.73,1.0000,-1,-1,-1
1068,141,586.64,141.21,54.74,127.94,1.0000,-1,-1,-1
1068,143,1066.94,409.14,103.30,169.30,1.0000,-1,-1,-1
1068,147,842.63,233.18,72.42,140.03,1.0000,-1,-1,-1
1068,149,221.40,419.84,61.68,165.07,1.0000,-1,-1,-1
1068,162,378.29,281.41,35.37,105.55,1.0000,-1,-1,-1
1068,163,916.84,181.02,48.09,159.30,1.0000,-1,-1,-1
1068,166,677.48,482.37,48.74,101.07,1.0000,-1,-1,-1
1068,168,716.59,67.91,45.81,121.63,1.0000,-1,-1,-1
1069,117,426.76,272.94,59.99,141.84,1.0000,-1,-1,-1
1069,139,854.15,335.34,70.71,144.60,1.0000,-1,-1,-1
1069,140,352.15,364.36,60.84,150.26,1.0000,-1,-1,-1
1069,141,582.17,140.29,54.72,127.89,1.0000,-1,-1,-1
1069,143,1074.35,409.42,101.28,169.27,1.0000,-1,-1,-1
1069,147,838.47,233.16,73.17,139.46,1.0000,-1,-1,-1
1069,149,219.37,419.51,60.90,165.18,1.0000,-1,-1,-1
1069,162,375.95,282.13,34.51,102.97,1.0000,-1,-1,-1
1069,163,913.07,179.43,47.56,158.04,1.0000,-1,-1,-1
1069,166,677.03,483.60,51.55,100.17,1.0000,-1,-1,-1
1069,168,715.12,67.18,44.59,123.03,1.0000,-1,-1,-1
1070,117,423.87,272.69,60.50,141.46,1.0000,-1,-1,-1
1070,139,856.75,334.18,70.24,148.02,1.0000,-1,-1,-1
1070,140,352.02,363.53,59.38,150.61,1.0000,-1,-1,-1
1070,141,575.55,126.55,51.99,134.60,1.0000,-1,-1,-1
1070,143,1080.76,409.23,98.14,169.48,1.0000,-1,-1,-1
1070,147,835.55,232.97,73.28,139.57,1.0000,-1,-1,-1
1070,149,216.61,419.37,60.59,165.29,1.0000,-1,-1,-1
1070,162,373.63,282.88,33.62,100.33,1.0000,-1,-1,-1
1070,163,909.56,181.12,47.28,156.01,1.0000,-1,-1,-1
1070,166,673.81,484.49,56.90,99.03,1.0000,-1,-1,-1
1070,168,710.51,66.78,44.60,123.05,1.0000,-1,-1,-1
1071,117,422.10,273.60,60.50,142.65,1.0000,-1,-1,-1
1071,139,857.19,332.17,70.27,148.09,1.0000,-1,-1,-1
1071,140,350.39,363.58,59.80,150.64,1.0000,-1,-1,-1
1071,141,565.04,129.99,55.58,130.61,1.0000,-1,-1,-1
1071,143,1083.58,408.61,96.09,169.77,1.0000,-1,-1,-1
1071,147,833.68,232.21,74.54,139.74,1.0000,-1,-1,-1
1071,149,214.27,419.58,59.99,165.71,1.0000,-1,-1,-1
1071,162,371.31,283.67,32.71,97.61,1.0000,-1,-1,-1
1071,163,905.33,181.72,47.38,153.46,1.0000,-1,-1,-1
1071,166,671.06,485.83,62.39,98.37,1.0000,-1,-1,-1
1071,168,705.89,66.37,44.61,123.07,1.0000,-1,-1,-1
1072,117,417.13,272.48,61.42,142.33,1.0000,-1,-1,-1
1072,139,860.86,337.83,70.42,147.25,1.0000,-1,-1,-1
1072,140,347.09,365.35,59.45,150.99,1.0000,-1,-1,-1
1072,141,554.40,133.41,59.79,128.83,1.0000,-1,-1,-1
1072,143,1084.66,406.38,95.85,169.58,1.0000,-1,-1,-1
1072,147,829.47,231.40,75.89,140.51,1.0000,-1,-1,-1
1072,149,210.26,419.78,59.53,166.67,1.0000,-1,-1,-1
1072,162,369.01,284.49,31.78,94.81,1.0000,-1,-1,-1
1072,163,897.35,183.26,48.87,152.43,1.0000,-1,-1,-1
1072,166,672.42,486.30,65.92,97.68,1.0000,-1,-1,-1
1072,168,701.28,65.97,44.62,123.10,1.0000,-1,-1,-1
1073,117,415.82,272.59,60.77,142.58,1.0000,-1,-1,-1
1073,139,861.09,339.70,72.48,146.37,1.0000,-1,-1,-1
1073,140,344.37,363.96,59.66,149.09,1.0000,-1,-1,-1
1073,141,551.85,133.30,59.37,127.96,1.0000,-1,-1,-1
1073,143,1084.44,403.29,91.80,169.25,1.0000,-1,-1,-1
1073,147,826.41,230.20,74.00,139.58,1.0000,-1,-1,-1
1073,149,207.49,419.77,59.53,167.48,1.0000,-1,-1,-1
1073,162,366.73,285.36,30.81,91.93,1.0000,-1,-1,-1
1073,163,893.27,184.22,49.39,151.44,1.0000,-1,-1,-1
1073,166,678.16,485.91,65.95,97.27,1.0000,-1,-1,-1
1073,168,696.67,65.56,44.63,123.12,1.0000,-1,-1,-1
1074,117,414.94,273.24,60.12,143.58,1.0000,-1,-1,-1
1074,139,860.73,340.82,74.24,145.47,1.0000,-1,-1,-1
1074,140,342.34,362.97,59.68,148.66,1.0000,-1,-1,-1
1074,141,551.30,133.97,58.50,127.84,1.0000,-1,-1,-1
1074,143,1085.88,400.85,87.80,168.79,1.0000,-1,-1,-1
1074,147,823.68,230.28,73.71,139.09,1.0000,-1,-1,-1
1074,149,205.09,419.17,58.96,168.15,1.0000,-1,-1,-1
1074,162,364.46,286.28,29.81,88.96,1.0000,-1,-1,-1
1074,163,890.80,184.23,49.45,151.49,1.0000,-1,-1,-1
1074,166,682.81,485.32,63.60,96.73,1.0000,-1,-1,-1
1074,168,692.05,65.16,44.64,123.14,1.0000,-1,-1,-1
1075,117,412.44,273.64,58.97,144.16,1.0000,-1,-1,-1
1075,139,859.68,342.25,75.64,144.76,1.0000,-1,-1,-1
1075,140,340.86,364.23,60.06,150.65,1.0000,-1,-1,-1
1075,141,548.57,130.79,57.16,128.47,1.0000,-1,-1,-1
1075,143,1087.48,399.34,83.27,167.04,1.0000,-1,-1,-1
1075,147,821.48,229.60,73.80,139.91,1.0000,-1,-1,-1
1075,149,203.06,418.90,58.78,168.74,1.0000,-1,-1,-1
1075,162,362.21,287.24,28.78,85.88,1.0000,-1,-1,-1
1075,163,888.16,182.64,51.21,152.94,1.0000,-1,-1,-1
1075,166,694.28,486.22,57.35,96.16,1.0000,-1,-1,-1
1075,168,687.44,64.75,44.64,123.17,1.0000,-1,-1,-1
1076,117,409.64,273.87,58.82,144.11,1.0000,-1,-1,-1
1076,139,858.75,343.38,76.13,144.28,1.0000,-1,-1,-1
1076,140,339.41,364.41,59.41,152.23,1.0000,-1,-1,-1
1076,141,543.93,129.75,57.15,128.45,1.0000,-1,-1,-1
1076,143,1092.79,396.93,80.74,165.70,1.0000,-1,-1,-1
1076,147,817.73,229.06,75.55,142.08,1.0000,-1,-1,-1
1076,149,201.27,418.14,58.86,169.31,1.0000,-1,-1,-1
1076,162,359.97,288.27,27.71,82.69,1.0000,-1,-1,-1
1076,163,883.22,183.40,52.58,153.06,1.0000,-1,-1,-1
1076,166,701.38,486.10,51.84,95.40,1.0000,-1,-1,-1
1076,168,691.34,65.40,47.00,125.29,1.0000,-1,-1,-1
1077,117,404.90,272.62,58.11,144.67,1.0000,-1,-1,-1
1077,139,861.18,343.71,73.19,143.32,1.0000,-1,-1,-1
1077,140,334.68,359.54,60.61,155.32,1.0000,-1,-1,-1
1077,141,536.24,131.65,54.40,127.84,1.0000,-1,-1,-1
1077,143,1099.15,393.01,77.30,165.30,1.0000,-1,-1,-1
1077,147,812.18,227.10,76.36,143.38,1.0000,-1,-1,-1
1077,149,198.22,417.75,59.46,169.82,1.0000,-1,-1,-1
1077,162,357.76,289.35,26.60,79.37,1.0000,-1,-1,-1
1077,163,876.96,180.92,53.47,153.40,1.0000,-1,-1,-1
1077,166,709.98,485.57,47.79,95.96,1.0000,-1,-1,-1
1077,168,687.38,65.07,47.06,125.47,1.0000,-1,-1,-1
1078,117,400.66,270.47,58.38,141.98,1.0000,-1,-1,-1
1078,139,863.45,344.60,69.90,141.95,1.0000,-1,-1,-1
1078,140,331.13,358.24,62.11,157.18,1.0000,-1,-1,-1
1078,141,532.11,132.37,53.13,126.74,1.0000,-1,-1,-1
1078,143,1103.46,392.25,74.65,165.37,1.0000,-1,-1,-1
1078,147,808.63,224.91,78.10,144.10,1.0000,-1,-1,-1
1078,149,195.78,417.25,59.97,169.69,1.0000,-1,-1,-1
1078,162,355.57,290.51,25.44,75.90,1.0000,-1,-1,-1
1078,163,872.72,179.17,54.42,153.43,1.0000,-1,-1,-1
1078,166,715.30,485.03,45.08,96.71,1.0000,-1,-1,-1
1078,168,683.43,64.73,47.13,125.65,1.0000,-1,-1,-1
1079,117,399.35,272.91,57.44,142.37,1.0000,-1,-1,-1
1079,139,864.03,344.08,69.92,141.98,1.0000,-1,-1,-1
1079,140,328.95,357.97,62.08,157.10,1.0000,-1,-1,-1
1079,141,525.58,133.41,53.09,126.00,1.0000,-1,-1,-1
1079,143,1107.06,392.08,73.35,165.35,1.0000,-1,-1,-1
1079,147,805.60,223.65,79.51,144.49,1.0000,-1,-1,-1
1079,149,193.28,416.89,60.63,170.44,1.0000,-1,-1,-1
1079,162,353.41,291.76,24.22,72.27,1.0000,-1,-1,-1
1079,163,868.74,177.66,54.52,153.70,1.0000,-1,-1,-1
1079,166,719.64,484.05,43.81,97.21,1.0000,-1,-1,-1
1079,168,679.48,64.40,47.20,125.83,1.0000,-1,-1,-1
1080,117,398.36,274.11,57.75,143.23,1.0000,-1,-1,-1
1080,139,873.41,343.78,62.98,141.90,1.0000,-1,-1,-1
1080,140,326.77,357.69,62.05,157.01,1.0000,-1,-1,-1
1080,141,518.47,133.71,54.23,124.86,1.0000,-1,-1,-1
1080,143,1108.11,392.42,72.19,165.17,1.0000,-1,-1,-1
1080,147,801.70,222.57,79.61,144.73,1.0000,-1,-1,-1
1080,149,191.18,416.93,61.04,170.72,1.0000,-1,-1,-1
1080,162,351.29,293.10,22.94,68.45,1.0000,-1,-1,-1
1080,163,864.62,174.85,52.89,153.73,1.0000,-1,-1,-1
1080,166,725.00,483.56,45.53,98.31,1.0000,-1,-1,-1
1080,168,675.53,64.07,47.27,126.01,1.0000,-1,-1,-1
1081,117,396.81,274.57,58.46,144.36,1.0000,-1,-1,-1
1081,139,880.20,343.54,57.34,142.30,1.0000,-1,-1,-1
1081,140,324.59,357.42,62.01,156.93,1.0000,-1,-1,-1
1081,141,511.96,134.00,56.69,123.84,1.0000,-1,-1,-1
1081,143,1108.90,391.45,70.13,165.55,1.0000,-1,-1,-1
1081,147,796.87,221.10,78.79,145.69,1.0000,-1,-1,-1
1081,149,189.54,416.71,62.31,171.03,1.0000,-1,-1,-1
1081,162,349.20,294.55,21.58,64.40,1.0000,-1,-1,-1
1081,163,859.87,168.83,51.24,154.96,1.0000,-1,-1,-1
1081,166,730.93,483.35,50.59,98.88,1.0000,-1,-1,-1
1081,168,671.58,63.73,47.33,126.19,1.0000,-1,-1,-1
1082,117,394.92,275.24,59.23,144.51,1.0000,-1,-1,-1
1082,139,886.61,343.03,53.13,142.57,1.0000,-1,-1,-1
1082,140,322.41,357.15,61.98,156.84,1.0000,-1,-1,-1
1082,141,502.05,134.12,60.53,123.42,1.0000,-1,-1,-1
1082,143,1111.43,396.72,68.09,162.36,1.0000,-1,-1,-1
1082,147,790.09,219.16,75.78,146.52,1.0000,-1,-1,-1
1082,149,184.89,417.13,63.06,171.45,1.0000,-1,-1,-1
1082,163,853.24,165.35,48.34,153.33,1.0000,-1,-1,-1
1082,166,738.74,484.34,57.86,99.40,1.0000,-1,-1,-1
1082,168,667.63,63.40,47.40,126.37,1.0000,-1,-1,-1
1083,117,394.31,275.25,60.09,144.13,1.0000,-1,-1,-1
1083,139,890.61,338.93,50.73,138.76,1.0000,-1,-1,-1
1083,140,320.23,356.87,61.95,156.76,1.0000,-1,-1,-1
1083,141,494.96,134.50,64.10,123.06,1.0000,-1,-1,-1
1083,143,1113.41,395.91,68.03,162.20,1.0000,-1,-1,-1
1083,147,786.58,217.73,72.33,147.61,1.0000,-1,-1,-1
1083,149,182.52,417.10,63.91,171.97,1.0000,-1,-1,-1
1083,163,849.64,163.50,46.17,151.58,1.0000,-1,-1,-1
1083,166,742.86,485.56,63.08,98.52,1.0000,-1,-1,-1
1083,168,685.02,67.04,52.63,124.17,1.0000,-1,-1,-1
1084,117,390.61,275.47,61.87,143.85,1.0000,-1,-1,-1
1084,139,893.05,338.50,49.26,136.76,1.0000,-1,-1,-1
1084,140,318.05,356.60,61.91,156.68,1.0000,-1,-1,-1
1084,141,491.10,133.62,66.94,124.08,1.0000,-1,-1,-1
1084,143,1116.73,390.42,72.08,164.16,1.0000,-1,-1,-1
1084,147,783.48,214.96,67.90,148.08,1.0000,-1,-1,-1
1084,149,180.31,417.30,64.06,172.10,1.0000,-1,-1,-1
1084,163,845.95,160.76,44.53,150.44,1.0000,-1,-1,-1
1084,166,746.31,486.07,67.62,97.85,1.0000,-1,-1,-1
1084,168,684.12,67.56,54.09,123.61,1.0000,-1,-1,-1
1085,117,386.95,275.25,64.56,143.40,1.0000,-1,-1,-1
1085,139,893.90,341.20,48.59,138.93,1.0000,-1,-1,-1
1085,140,315.87,356.33,61.88,156.59,1.0000,-1,-1,-1
1085,141,488.01,135.60,68.21,123.07,1.0000,-1,-1,-1
1085,143,1118.98,389.25,72.03,164.07,1.0000,-1,-1,-1
1085,147,780.82,213.69,64.07,148.49,1.0000,-1,-1,-1
1085,149,178.64,417.78,64.54,172.18,1.0000,-1,-1,-1
1085,163,842.10,160.54,43.30,148.78,1.0000,-1,-1,-1
1085,166,748.99,485.82,69.68,97.80,1.0000,-1,-1,-1
1085,168,681.97,67.37,54.23,123.94,1.0000,-1,-1,-1
1086,117,383.58,275.19,66.84,143.41,1.0000,-1,-1,-1
1086,139,894.26,341.89,48.19,140.69,1.0000,-1,-1,-1
1086,140,313.69,356.06,61.85,156.51,1.0000,-1,-1,-1
1086,141,485.46,135.00,69.26,124.25,1.0000,-1,-1,-1
1086,143,1121.24,388.09,71.99,163.97,1.0000,-1,-1,-1
1086,147,778.49,213.60,60.20,148.37,1.0000,-1,-1,-1
1086,149,177.12,418.17,64.76,172.16,1.0000,-1,-1,-1
1086,163,838.03,162.55,43.12,146.70,1.0000,-1,-1,-1
1086,166,754.26,486.11,69.27,97.23,1.0000,-1,-1,-1
1086,168,679.82,67.18,54.38,124.28,1.0000,-1,-1,-1
1087,117,381.11,274.80,67.07,143.52,1.0000,-1,-1,-1
1087,139,894.10,340.56,48.72,142.74,1.0000,-1,-1,-1
1087,140,311.51,355.78,61.81,156.42,1.0000,-1,-1,-1
1087,141,478.71,133.50,68.08,124.51,1.0000,-1,-1,-1
1087,143,1123.49,386.92,71.95,163.88,1.0000,-1,-1,-1
1087,147,773.59,214.26,57.49,149.42,1.0000,-1,-1,-1
1087,149,174.81,418.78,65.08,172.27,1.0000,-1,-1,-1
1087,163,832.40,167.47,44.97,144.02,1.0000,-1,-1,-1
1087,166,752.66,485.38,59.86,97.05,1.0000,-1,-1,-1
1087,168,677.67,66.98,54.53,124.62,1.0000,-1,-1,-1
1088,117,380.25,273.91,66.09,143.31,1.0000,-1,-1,-1
1088,139,893.76,339.10,49.08,144.54,1.0000,-1,-1,-1
1088,140,309.34,355.51,61.78,156.34,1.0000,-1,-1,-1
1088,141,473.53,132.95,66.36,125.31,1.0000,-1,-1,-1
1088,143,1125.75,385.76,71.91,163.78,1.0000,-1,-1,-1
1088,147,770.83,213.90,55.20,150.58,1.0000,-1,-1,-1
1088,149,172.72,419.03,65.91,172.16,1.0000,-1,-1,-1
1088,163,825.99,169.13,48.38,141.99,1.0000,-1,-1,-1
1088,166,758.35,484.85,55.28,97.75,1.0000,-1,-1,-1
1088,168,679.90,66.65,54.35,123.16,1.0000,-1,-1,-1
1089,117,378.74,273.22,65.27,143.31,1.0000,-1,-1,-1
1089,139,894.31,337.70,49.16,146.09,1.0000,-1,-1,-1
1089,140,307.16,355.24,61.75,156.25,1.0000,-1,-1,-1
1089,141,470.17,132.65,65.16,125.32,1.0000,-1,-1,-1
1089,143,1120.81,379.15,84.49,158.97,1.0000,-1,-1,-1
1089,147,768.55,212.60,54.56,150.40,1.0000,-1,-1,-1
1089,149,170.57,418.96,66.89,172.18,1.0000,-1,-1,-1
1089,163,821.41,170.91,51.74,140.06,1.0000,-1,-1,-1
1089,166,762.66,485.01,50.70,99.28,1.0000,-1,-1,-1
1089,168,678.10,66.40,54.48,123.46,1.0000,-1,-1,-1
1090,117,378.55,273.22,64.75,143.68,1.0000,-1,-1,-1
1090,139,894.94,335.23,49.15,146.90,1.0000,-1,-1,-1
1090,140,304.98,354.96,61.71,156.17,1.0000,-1,-1,-1
1090,141,466.78,132.50,61.87,125.69,1.0000,-1,-1,-1
1090,143,1122.97,377.33,84.50,158.99,1.0000,-1,-1,-1
1090,147,766.10,211.23,52.43,146.97,1.0000,-1,-1,-1
1090,149,169.11,418.97,67.94,172.12,1.0000,-1,-1,-1
1090,163,817.59,171.71,54.68,138.39,1.0000,-1,-1,-1
1090,166,767.53,484.70,47.39,100.36,1.0000,-1,-1,-1
1090,168,676.30,66.14,54.61,123.76,1.0000,-1,-1,-1
1091,117,378.14,273.04,63.93,143.56,1.0000,-1,-1,-1
1091,139,897.58,331.73,48.05,146.59,1.0000,-1,-1,-1
1091,140,302.80,354.69,61.68,156.08,1.0000,-1,-1,-1
1091,141,464.31,131.94,59.79,125.57,1.0000,-1,-1,-1
1091,143,1125.13,375.52,84.51,159.01,1.0000,-1,-1,-1
1091,147,763.26,210.82,52.05,144.70,1.0000,-1,-1,-1
1091,149,167.65,419.07,68.77,172.04,1.0000,-1,-1,-1
1091,163,814.50,171.73,56.70,138.14,1.0000,-1,-1,-1
1091,166,772.45,483.77,44.93,100.29,1.0000,-1,-1,-1
1091,168,674.49,65.88,54.75,124.06,1.0000,-1,-1,-1
1092,117,377.01,274.25,63.49,143.39,1.0000,-1,-1,-1
1092,139,900.37,327.75,47.08,144.29,1.0000,-1,-1,-1
1092,140,300.62,354.42,61.65,156.00,1.0000,-1,-1,-1
1092,141,455.44,132.66,56.62,125.60,1.0000,-1,-1,-1
1092,143,1127.29,373.71,84.52,159.03,1.0000,-1,-1,-1
1092,147,759.08,209.79,51.94,143.38,1.0000,-1,-1,-1
1092,149,166.03,419.50,69.04,171.87,1.0000,-1,-1,-1
1092,163,808.27,171.12,58.79,139.12,1.0000,-1,-1,-1
1092,166,778.81,484.48,43.03,99.00,1.0000,-1,-1,-1
1092,168,672.69,65.62,54.88,124.36,1.0000,-1,-1,-1
1093,117,376.23,274.53,62.75,142.68,1.0000,-1,-1,-1
1093,139,901.74,326.85,46.52,142.86,1.0000,-1,-1,-1
1093,140,298.44,354.15,61.61,155.92,1.0000,-1,-1,-1
1093,141,450.11,132.46,56.60,125.57,1.0000,-1,-1,-1
1093,143,1129.45,371.89,84.53,159.04,1.0000,-1,-1,-1
1093,147,755.56,210.05,52.62,143.20,1.0000,-1,-1,-1
1093,149,164.56,420.42,69.14,171.72,1.0000,-1,-1,-1
1093,163,804.34,169.77,60.23,140.62,1.0000,-1,-1,-1
1093,166,782.71,485.93,42.54,97.71,1.0000,-1,-1,-1
1093,168,670.89,65.36,55.01,124.66,1.0000,-1,-1,-1
1094,117,375.78,274.44,61.68,142.07,1.0000,-1,-1,-1
1094,139,902.55,326.70,46.48,142.40,1.0000,-1,-1,-1
1094,141,444.79,132.25,56.59,125.53,1.0000,-1,-1,-1
1094,143,1131.61,370.08,84.54,159.06,1.0000,-1,-1,-1
1094,147,749.92,208.68,53.14,142.24,1.0000,-1,-1,-1
1094,149,162.65,421.24,69.16,171.78,1.0000,-1,-1,-1
1094,163,798.57,166.04,60.88,142.00,1.0000,-1,-1,-1
1094,166,786.68,486.84,41.80,96.45,1.0000,-1,-1,-1
1094,168,669.08,65.11,55.14,124.96,1.0000,-1,-1,-1
1095,117,375.34,274.31,60.67,141.49,1.0000,-1,-1,-1
1095,139,903.15,326.00,46.38,141.63,1.0000,-1,-1,-1
1095,141,439.47,132.05,56.57,125.49,1.0000,-1,-1,-1
1095,143,1133.78,368.27,84.55,159.08,1.0000,-1,-1,-1
1095,147,744.33,208.49,55.12,141.74,1.0000,-1,-1,-1
1095,149,161.56,421.99,69.39,171.83,1.0000,-1,-1,-1
1095,163,795.22,168.93,59.17,139.77,1.0000,-1,-1,-1
1095,166,790.04,488.02,41.62,95.35,1.0000,-1,-1,-1
1095,168,677.21,70.93,53.25,124.68,1.0000,-1,-1,-1
1096,117,375.06,274.20,59.63,140.72,1.0000,-1,-1,-1
1096,139,903.54,325.94,47.52,140.40,1.0000,-1,-1,-1
1096,141,434.14,131.84,56.55,125.45,1.0000,-1,-1,-1
1096,143,1135.94,366.45,84.56,159.10,1.0000,-1,-1,-1
1096,147,741.11,207.42,56.35,142.64,1.0000,-1,-1,-1
1096,149,160.67,422.16,69.36,171.98,1.0000,-1,-1,-1
1096,163,791.02,168.32,59.14,139.70,1.0000,-1,-1,-1
1096,166,793.17,489.22,42.05,94.33,1.0000,-1,-1,-1
1096,168,676.04,71.11,53.36,124.92,1.0000,-1,-1,-1
1097,117,375.78,274.48,58.40,140.64,1.0000,-1,-1,-1
1097,139,905.06,325.59,51.41,138.90,1.0000,-1,-1,-1
1097,141,424.51,147.66,62.96,120.35,1.0000,-1,-1,-1
1097,143,1138.10,364.64,84.57,159.11,1.0000,-1,-1,-1
1097,147,734.77,206.81,56.72,142.83,1.0000,-1,-1,-1
1097,149,159.96,422.16,68.63,172.00,1.0000,-1,-1,-1
1097,163,779.04,163.71,51.26,136.07,1.0000,-1,-1,-1
1097,166,801.98,490.72,41.38,93.03,1.0000,-1,-1,-1
1097,168,674.88,71.28,53.46,125.17,1.0000,-1,-1,-1
1098,117,375.90,274.32,57.17,140.83,1.0000,-1,-1,-1
1098,139,906.80,325.61,56.37,137.74,1.0000,-1,-1,-1
1098,141,419.67,145.89,66.83,121.33,1.0000,-1,-1,-1
1098,143,1119.43,364.42,70.54,158.44,1.0000,-1,-1,-1
1098,147,729.99,206.92,58.39,143.53,1.0000,-1,-1,-1
1098,149,159.86,422.25,67.92,172.05,1.0000,-1,-1,-1
1098,163,774.79,168.79,46.92,133.34,1.0000,-1,-1,-1
1098,166,809.36,491.41,40.66,91.67,1.0000,-1,-1,-1
1098,168,673.71,71.46,53.57,125.42,1.0000,-1,-1,-1
1099,117,376.22,274.30,56.30,141.09,1.0000,-1,-1,-1
1099,139,907.49,325.78,60.67,136.84,1.0000,-1,-1,-1
1099,141,416.52,147.24,67.71,120.53,1.0000,-1,-1,-1
1099,143,1120.95,362.21,66.33,159.17,1.0000,-1,-1,-1
1099,147,727.28,205.82,59.13,144.17,1.0000,-1,-1,-1
1099,149,160.08,422.44,67.42,172.19,1.0000,-1,-1,-1
1099,163,771.62,172.57,43.79,131.39,1.0000,-1,-1,-1
1099,166,815.07,491.58,39.96,91.22,1.0000,-1,-1,-1
1099,168,672.55,71.63,53.67,125.66,1.0000,-1,-1,-1
1099,170,329.06,348.05,73.19,145.32,1.0000,-1,-1,-1
1100,117,376.75,274.50,55.53,141.84,1.0000,-1,-1,-1
1100,139,907.16,326.19,64.17,136.08,1.0000,-1,-1,-1
1100,141,411.52,147.88,67.73,120.58,1.0000,-1,-1,-1
1100,143,1122.63,361.31,63.54,160.39,1.0000,-1,-1,-1
1100,147,724.51,205.57,60.20,143.71,1.0000,-1,-1,-1
1100,149,160.23,422.74,67.22,172.38,1.0000,-1,-1,-1
1100,163,767.86,171.89,42.14,129.06,1.0000,-1,-1,-1
1100,166,819.06,491.34,39.37,90.52,1.0000,-1,-1,-1
1100,168,671.38,71.81,53.78,125.91,1.0000,-1,-1,-1
1100,170,329.15,346.71,71.54,143.33,1.0000,-1,-1,-1
1101,117,377.32,274.98,54.74,142.99,1.0000,-1,-1,-1
1101,139,906.27,327.07,66.42,135.22,1.0000,-1,-1,-1
1101,141,406.52,148.51,67.76,120.62,1.0000,-1,-1,-1
1101,143,1127.05,358.59,64.17,158.79,1.0000,-1,-1,-1
1101,147,719.20,206.06,63.29,143.86,1.0000,-1,-1,-1
1101,149,160.53,423.30,67.14,172.61,1.0000,-1,-1,-1
1101,163,766.03,173.37,40.86,127.56,1.0000,-1,-1,-1
1101,166,823.37,491.08,38.96,90.14,1.0000,-1,-1,-1
1101,168,670.22,71.98,53.88,126.15,1.0000,-1,-1,-1
1101,170,328.89,346.48,70.51,141.28,1.0000,-1,-1,-1
1102,117,378.96,275.57,53.79,143.66,1.0000,-1,-1,-1
1102,139,906.52,328.89,67.89,133.67,1.0000,-1,-1,-1
1102,141,406.25,139.27,64.78,118.68,1.0000,-1,-1,-1
1102,143,1134.42,354.91,66.28,158.41,1.0000,-1,-1,-1
1102,147,715.36,206.14,66.70,144.52,1.0000,-1,-1,-1
1102,149,160.74,424.27,66.83,172.53,1.0000,-1,-1,-1
1102,163,761.60,177.19,41.13,125.10,1.0000,-1,-1,-1
1102,166,829.40,491.09,38.92,90.85,1.0000,-1,-1,-1
1102,168,669.05,72.16,53.99,126.39,1.0000,-1,-1,-1
1102,170,338.89,347.80,72.79,148.74,1.0000,-1,-1,-1
1103,117,379.97,274.55,52.91,141.75,1.0000,-1,-1,-1
1103,139,906.97,331.20,68.71,131.69,1.0000,-1,-1,-1
1103,141,401.53,139.02,64.79,118.69,1.0000,-1,-1,-1
1103,143,1137.57,353.20,65.32,157.83,1.0000,-1,-1,-1
1103,147,712.61,206.49,69.76,144.64,1.0000,-1,-1,-1
1103,149,161.02,425.16,66.47,172.45,1.0000,-1,-1,-1
1103,163,757.80,179.35,42.59,123.68,1.0000,-1,-1,-1
1103,166,834.58,490.22,40.44,91.62,1.0000,-1,-1,-1
1103,168,667.89,72.33,54.09,126.64,1.0000,-1,-1,-1
1103,170,342.41,348.94,70.94,149.78,1.0000,-1,-1,-1
1104,117,381.84,273.28,51.81,141.06,1.0000,-1,-1,-1
1104,139,908.98,332.12,68.41,129.48,1.0000,-1,-1,-1
1104,141,396.81,138.77,64.79,118.70,1.0000,-1,-1,-1
1104,143,1139.90,352.15,64.69,157.80,1.0000,-1,-1,-1
1104,147,710.71,207.69,71.66,143.56,1.0000,-1,-1,-1
1104,149,161.27,425.55,66.02,172.31,1.0000,-1,-1,-1
1104,163,754.21,175.81,45.17,126.08,1.0000,-1,-1,-1
1104,166,840.65,489.73,44.58,92.48,1.0000,-1,-1,-1
1104,168,689.78,74.72,48.82,128.11,1.0000,-1,-1,-1
1104,170,343.59,349.43,69.54,150.56,1.0000,-1,-1,-1
1105,117,382.27,272.17,51.45,140.85,1.0000,-1,-1,-1
1105,139,911.26,332.77,67.74,127.50,1.0000,-1,-1,-1
1105,141,392.09,138.52,64.80,118.71,1.0000,-1,-1,-1
1105,143,1139.71,350.74,62.79,158.97,1.0000,-1,-1,-1
1105,147,707.34,208.54,74.10,142.73,1.0000,-1,-1,-1
1105,149,161.45,426.07,65.66,172.17,1.0000,-1,-1,-1
1105,163,750.14,177.46,47.75,125.84,1.0000,-1,-1,-1
1105,166,846.76,489.64,48.62,92.16,1.0000,-1,-1,-1
1105,168,689.96,75.13,48.88,128.26,1.0000,-1,-1,-1
1105,170,345.78,350.39,69.33,150.10,1.0000,-1,-1,-1
1106,117,381.78,271.57,53.28,143.62,1.0000,-1,-1,-1
1106,139,913.58,333.57,67.48,125.97,1.0000,-1,-1,-1
1106,141,387.37,138.26,64.80,118.72,1.0000,-1,-1,-1
1106,143,1140.57,349.22,60.26,158.68,1.0000,-1,-1,-1
1106,147,704.23,208.31,74.05,142.64,1.0000,-1,-1,-1
1106,149,161.82,426.66,65.40,171.87,1.0000,-1,-1,-1
1106,163,745.84,177.58,47.62,125.49,1.0000,-1,-1,-1
1106,166,851.03,489.81,54.76,92.51,1.0000,-1,-1,-1
1106,168,690.13,75.54,48.93,128.40,1.0000,-1,-1,-1
1106,170,347.98,351.36,69.12,149.65,1.0000,-1,-1,-1
1107,117,382.86,272.68,54.29,145.04,1.0000,-1,-1,-1
1107,139,918.54,334.33,66.74,125.09,1.0000,-1,-1,-1
1107,141,382.65,138.01,64.81,118.73,1.0000,-1,-1,-1
1107,143,1142.63,350.49,59.53,159.93,1.0000,-1,-1,-1
1107,147,701.11,208.07,74.00,142.54,1.0000,-1,-1,-1
1107,149,161.89,427.88,64.22,171.45,1.0000,-1,-1,-1
1107,163,741.55,177.70,47.48,125.14,1.0000,-1,-1,-1
1107,166,859.17,490.47,61.14,92.11,1.0000,-1,-1,-1
1107,168,690.31,75.94,48.99,128.55,1.0000,-1,-1,-1
1107,170,350.17,352.32,68.91,149.19,1.0000,-1,-1,-1
1108,117,385.90,274.01,54.32,146.54,1.0000,-1,-1,-1
1108,139,922.82,335.12,65.48,124.52,1.0000,-1,-1,-1
1108,141,377.93,137.76,64.82,118.74,1.0000,-1,-1,-1
1108,143,1144.05,350.60,60.13,161.11,1.0000,-1,-1,-1
1108,147,694.16,205.89,68.33,141.92,1.0000,-1,-1,-1
1108,149,162.34,429.05,63.16,171.29,1.0000,-1,-1,-1
1108,163,737.25,177.83,47.35,124.78,1.0000,-1,-1,-1
1108,166,865.35,490.81,60.77,91.55,1.0000,-1,-1,-1
1108,168,690.48,76.35,49.04,128.69,1.0000,-1,-1,-1
1108,170,352.37,353.29,68.70,148.73,1.0000,-1,-1,-1
1109,117,386.94,273.52,54.90,148.47,1.0000,-1,-1,-1
1109,139,926.47,335.71,64.87,124.10,1.0000,-1,-1,-1
1109,141,373.21,137.51,64.82,118.76,1.0000,-1,-1,-1
1109,143,1145.37,350.27,61.45,162.37,1.0000,-1,-1,-1
1109,147,692.20,206.08,62.96,141.11,1.0000,-1,-1,-1
1109,149,162.73,429.86,61.66,171.07,1.0000,-1,-1,-1
1109,163,732.95,177.95,47.21,124.42,1.0000,-1,-1,-1
1109,166,871.54,491.17,60.39,90.99,1.0000,-1,-1,-1
1109,168,690.66,76.76,49.10,128.84,1.0000,-1,-1,-1
1109,170,354.56,354.25,68.48,148.28,1.0000,-1,-1,-1
1110,117,388.34,273.79,54.83,147.34,1.0000,-1,-1,-1
1110,139,928.58,335.80,64.08,123.91,1.0000,-1,-1,-1
1110,141,354.50,158.12,68.55,119.10,1.0000,-1,-1,-1
1110,143,1145.14,349.30,60.22,162.62,1.0000,-1,-1,-1
1110,147,688.48,205.76,62.85,140.86,1.0000,-1,-1,-1
1110,149,163.74,430.78,60.59,170.89,1.0000,-1,-1,-1
1110,163,728.66,178.07,47.08,124.07,1.0000,-1,-1,-1
1110,166,877.73,491.52,60.02,90.42,1.0000,-1,-1,-1
1110,168,690.84,77.17,49.15,128.98,1.0000,-1,-1,-1
1110,170,356.76,355.22,68.27,147.81,1.0000,-1,-1,-1
1111,117,389.69,274.36,55.19,146.58,1.0000,-1,-1,-1
1111,139,930.21,335.97,63.23,123.87,1.0000,-1,-1,-1
1111,141,351.24,160.95,66.91,117.73,1.0000,-1,-1,-1
1111,143,1145.31,348.29,58.36,163.12,1.0000,-1,-1,-1
1111,147,676.78,203.44,63.41,142.18,1.0000,-1,-1,-1
1111,149,164.51,431.56,59.59,170.79,1.0000,-1,-1,-1
1111,163,724.36,178.20,46.94,123.71,1.0000,-1,-1,-1
1111,166,878.72,491.80,67.86,90.92,1.0000,-1,-1,-1
1111,168,695.88,84.30,46.80,129.11,1.0000,-1,-1,-1
1111,170,358.95,356.19,68.06,147.35,1.0000,-1,-1,-1
1112,117,391.33,276.23,56.42,148.63,1.0000,-1,-1,-1
1112,139,931.51,335.89,62.81,124.15,1.0000,-1,-1,-1
1112,141,348.33,162.17,64.83,116.84,1.0000,-1,-1,-1
1112,143,1145.43,346.20,55.97,162.87,1.0000,-1,-1,-1
1112,147,670.06,203.89,64.99,143.56,1.0000,-1,-1,-1
1112,149,165.73,432.77,58.97,170.41,1.0000,-1,-1,-1
1112,163,720.07,178.32,46.81,123.35,1.0000,-1,-1,-1
1112,166,883.17,490.27,68.90,92.09,1.0000,-1,-1,-1
1112,168,696.32,85.21,46.83,129.21,1.0000,-1,-1,-1
1112,170,361.15,357.16,67.84,146.89,1.0000,-1,-1,-1
1113,117,392.29,278.26,57.54,149.09,1.0000,-1,-1,-1
1113,139,932.46,335.36,62.32,124.81,1.0000,-1,-1,-1
1113,141,343.04,163.37,64.83,116.84,1.0000,-1,-1,-1
1113,143,1145.01,342.98,54.32,161.56,1.0000,-1,-1,-1
1113,147,666.54,203.42,67.59,144.13,1.0000,-1,-1,-1
1113,149,165.81,433.70,59.18,170.10,1.0000,-1,-1,-1
1113,163,715.77,178.45,46.67,122.99,1.0000,-1,-1,-1
1113,166,886.25,489.70,67.49,92.63,1.0000,-1,-1,-1
1113,168,696.77,86.11,46.86,129.30,1.0000,-1,-1,-1
1113,170,363.35,358.13,67.63,146.42,1.0000,-1,-1,-1
1114,117,393.98,280.80,57.53,149.63,1.0000,-1,-1,-1
1114,139,933.40,334.43,61.82,125.66,1.0000,-1,-1,-1
1114,141,337.75,164.58,64.83,116.84,1.0000,-1,-1,-1
1114,143,1145.52,341.93,50.92,159.56,1.0000,-1,-1,-1
1114,147,663.30,203.76,68.43,142.61,1.0000,-1,-1,-1
1114,149,165.41,434.35,59.77,169.84,1.0000,-1,-1,-1
1114,163,711.48,178.57,46.53,122.62,1.0000,-1,-1,-1
1114,166,887.07,489.56,61.94,92.54,1.0000,-1,-1,-1
1114,168,697.21,87.01,46.90,129.39,1.0000,-1,-1,-1
1114,170,365.55,359.10,67.41,145.96,1.0000,-1,-1,-1
1115,117,394.64,281.72,57.88,150.25,1.0000,-1,-1,-1
1115,139,934.25,333.08,61.20,126.74,1.0000,-1,-1,-1
1115,141,332.47,165.78,64.83,116.84,1.0000,-1,-1,-1
1115,143,1145.87,340.86,48.47,157.44,1.0000,-1,-1,-1
1115,147,659.12,203.45,68.35,142.46,1.0000,-1,-1,-1
1115,149,165.22,434.92,60.35,169.55,1.0000,-1,-1,-1
1115,163,707.18,178.70,46.39,122.26,1.0000,-1,-1,-1
1115,166,890.70,489.46,57.13,93.01,1.0000,-1,-1,-1
1115,168,697.65,87.91,46.93,129.48,1.0000,-1,-1,-1
1115,170,367.74,360.07,67.20,145.49,1.0000,-1,-1,-1
1116,117,394.21,282.14,57.61,150.75,1.0000,-1,-1,-1
1116,139,935.12,331.15,60.51,128.16,1.0000,-1,-1,-1
1116,141,327.18,166.99,64.83,116.84,1.0000,-1,-1,-1
1116,143,1146.46,339.89,46.21,155.87,1.0000,-1,-1,-1
1116,147,654.94,203.14,68.28,142.31,1.0000,-1,-1,-1
1116,149,165.96,435.60,60.71,169.31,1.0000,-1,-1,-1
1116,163,702.89,178.83,46.26,121.90,1.0000,-1,-1,-1
1116,166,893.88,489.70,52.91,93.02,1.0000,-1,-1,-1
1116,168,698.09,88.82,46.96,129.58,1.0000,-1,-1,-1
1116,170,369.94,361.04,66.98,145.02,1.0000,-1,-1,-1
1117,117,393.37,282.85,56.99,151.69,1.0000,-1,-1,-1
1117,139,935.66,327.98,60.29,128.46,1.0000,-1,-1,-1
1117,141,321.89,168.19,64.83,116.84,1.0000,-1,-1,-1
1117,143,1146.44,338.27,46.48,155.29,1.0000,-1,-1,-1
1117,147,652.91,199.00,73.03,145.32,1.0000,-1,-1,-1
1117,149,167.09,437.07,62.40,168.76,1.0000,-1,-1,-1
1117,163,698.59,178.95,46.12,121.53,1.0000,-1,-1,-1
1117,166,901.61,489.95,49.30,93.02,1.0000,-1,-1,-1
1117,168,698.54,89.72,47.00,129.67,1.0000,-1,-1,-1
1117,170,372.14,362.01,66.76,144.55,1.0000,-1,-1,-1
1118,117,394.07,283.56,56.68,152.27,1.0000,-1,-1,-1
1118,139,936.16,326.79,59.96,128.75,1.0000,-1,-1,-1
1118,141,316.61,169.40,64.83,116.84,1.0000,-1,-1,-1
1118,143,1145.66,337.61,46.34,154.84,1.0000,-1,-1,-1
1118,147,649.09,198.46,72.99,145.25,1.0000,-1,-1,-1
1118,149,168.02,437.79,63.92,168.04,1.0000,-1,-1,-1
1118,163,694.30,179.08,45.98,121.17,1.0000,-1,-1,-1
1118,166,907.50,490.51,46.37,92.73,1.0000,-1,-1,-1
1118,168,698.98,90.62,47.03,129.76,1.0000,-1,-1,-1
1118,170,374.34,362.99,66.54,144.08,1.0000,-1,-1,-1
1119,117,394.66,284.67,56.63,152.41,1.0000,-1,-1,-1
1119,139,936.81,324.73,59.99,127.69,1.0000,-1,-1,-1
1119,141,311.32,170.60,64.83,116.84,1.0000,-1,-1,-1
1119,143,1143.37,336.77,47.87,154.92,1.0000,-1,-1,-1
1119,147,645.28,197.92,72.95,145.17,1.0000,-1,-1,-1
1119,149,168.78,438.29,65.77,166.86,1.0000,-1,-1,-1
1119,163,690.00,179.21,45.84,120.80,1.0000,-1,-1,-1
1119,166,911.84,490.67,44.40,92.30,1.0000,-1,-1,-1
1119,168,702.46,90.79,49.71,129.65,1.0000,-1,-1,-1
1119,170,376.54,363.96,66.33,143.60,1.0000,-1,-1,-1
1120,117,395.25,286.34,57.93,152.11,1.0000,-1,-1,-1
1120,139,937.42,323.44,59.69,127.90,1.0000,-1,-1,-1
1120,141,306.03,171.81,64.83,116.84,1.0000,-1,-1,-1
1120,143,1143.57,336.09,48.83,155.36,1.0000,-1,-1,-1
1120,147,647.91,188.37,68.05,150.74,1.0000,-1,-1,-1
1120,149,170.47,438.62,67.62,165.86,1.0000,-1,-1,-1
1120,163,685.71,179.34,45.70,120.43,1.0000,-1,-1,-1
1120,166,916.26,490.15,42.72,92.52,1.0000,-1,-1,-1
1120,168,702.70,91.96,50.51,130.09,1.0000,-1,-1,-1
1120,172,361.17,128.50,47.62,123.83,1.0000,-1,-1,-1
1121,117,397.37,288.07,57.27,151.03,1.0000,-1,-1,-1
1121,139,937.74,321.97,59.73,126.84,1.0000,-1,-1,-1
1121,141,300.75,173.01,64.83,116.84,1.0000,-1,-1,-1
1121,143,1143.69,334.97,48.67,154.88,1.0000,-1,-1,-1
1121,147,645.86,185.77,65.20,153.41,1.0000,-1,-1,-1
1121,149,172.39,439.33,68.95,165.30,1.0000,-1,-1,-1
1121,166,920.54,490.55,42.50,92.49,1.0000,-1,-1,-1
1121,168,702.22,92.82,51.20,129.59,1.0000,-1,-1,-1
1121,172,361.67,130.39,44.31,121.87,1.0000,-1,-1,-1
1121,173,343.16,309.65,60.89,195.44,1.0000,-1,-1,-1
1122,117,399.64,291.08,56.82,149.28,1.0000,-1,-1,-1
1122,139,938.40,321.10,60.29,124.54,1.0000,-1,-1,-1
1122,141,295.46,174.22,64.83,116.84,1.0000,-1,-1,-1
1122,143,1143.81,333.85,48.52,154.39,1.0000,-1,-1,-1
1122,147,644.29,185.69,61.98,155.14,1.0000,-1,-1,-1
1122,149,180.05,439.82,67.63,165.07,1.0000,-1,-1,-1
1122,166,927.41,491.45,42.41,92.45,1.0000,-1,-1,-1
1122,168,701.90,95.62,53.05,128.62,1.0000,-1,-1,-1
1122,172,363.96,136.15,40.60,111.68,1.0000,-1,-1,-1
1122,173,342.94,346.51,55.15,166.93,1.0000,-1,-1,-1
1123,117,400.69,293.19,56.41,147.79,1.0000,-1,-1,-1
1123,139,938.93,320.88,60.84,122.22,1.0000,-1,-1,-1
1123,141,290.17,175.42,64.83,116.84,1.0000,-1,-1,-1
1123,143,1143.93,332.73,48.37,153.91,1.0000,-1,-1,-1
1123,147,643.51,184.61,58.82,156.70,1.0000,-1,-1,-1
1123,149,185.39,440.36,65.64,164.98,1.0000,-1,-1,-1
1123,166,933.65,491.78,43.39,92.66,1.0000,-1,-1,-1
1123,168,701.50,96.40,54.09,128.38,1.0000,-1,-1,-1
1123,172,359.60,141.11,39.79,114.70,1.0000,-1,-1,-1
1123,173,342.14,357.25,53.34,155.30,1.0000,-1,-1,-1
1124,117,400.38,295.02,56.53,146.64,1.0000,-1,-1,-1
1124,139,939.25,321.25,61.91,120.39,1.0000,-1,-1,-1
1124,141,284.89,176.63,64.83,116.84,1.0000,-1,-1,-1
1124,143,1139.06,330.95,55.64,145.79,1.0000,-1,-1,-1
1124,147,641.45,184.41,56.65,157.81,1.0000,-1,-1,-1
1124,149,188.42,441.37,63.98,164.83,1.0000,-1,-1,-1
1124,166,938.50,492.37,42.98,91.79,1.0000,-1,-1,-1
1124,168,701.92,98.07,54.43,127.78,1.0000,-1,-1,-1
1124,172,356.04,138.27,40.66,119.19,1.0000,-1,-1,-1
1124,173,341.38,361.54,53.36,150.15,1.0000,-1,-1,-1
1125,117,400.36,296.31,56.59,145.77,1.0000,-1,-1,-1
1125,139,939.60,321.75,62.87,118.95,1.0000,-1,-1,-1
1125,141,279.60,177.83,64.83,116.84,1.0000,-1,-1,-1
1125,143,1138.86,330.81,56.60,142.88,1.0000,-1,-1,-1
1125,147,638.94,184.45,55.20,158.63,1.0000,-1,-1,-1
1125,149,190.09,442.00,62.36,165.00,1.0000,-1,-1,-1
1125,166,943.37,492.96,42.57,90.92,1.0000,-1,-1,-1
1125,168,703.38,97.61,53.64,127.90,1.0000,-1,-1,-1
1125,172,355.56,142.69,38.74,113.58,1.0000,-1,-1,-1
1125,173,341.67,363.50,54.39,147.76,1.0000,-1,-1,-1
1126,117,401.24,296.78,56.00,145.14,1.0000,-1,-1,-1
1126,139,939.15,322.98,63.77,117.71,1.0000,-1,-1,-1
1126,141,274.31,179.03,64.83,116.84,1.0000,-1,-1,-1
1126,143,1138.48,330.12,56.34,141.27,1.0000,-1,-1,-1
1126,147,634.24,185.11,55.95,158.78,1.0000,-1,-1,-1
1126,149,192.01,441.93,61.18,165.35,1.0000,-1,-1,-1
1126,166,944.27,498.85,42.44,102.04,1.0000,-1,-1,-1
1126,168,703.47,99.23,52.96,127.14,1.0000,-1,-1,-1
1126,172,355.13,147.24,36.73,107.67,1.0000,-1,-1,-1
1126,173,341.85,363.34,55.63,147.41,1.0000,-1,-1,-1
1127,117,403.13,297.01,54.62,144.77,1.0000,-1,-1,-1
1127,139,938.81,324.25,64.60,116.56,1.0000,-1,-1,-1
1127,141,269.03,180.24,64.83,116.84,1.0000,-1,-1,-1
1127,143,1136.47,329.46,57.02,140.81,1.0000,-1,-1,-1
1127,147,627.00,187.39,59.21,158.34,1.0000,-1,-1,-1
1127,149,193.35,442.27,59.94,165.76,1.0000,-1,-1,-1
1127,166,947.16,496.90,42.09,108.72,1.0000,-1,-1,-1
1127,168,703.91,100.54,52.60,127.25,1.0000,-1,-1,-1
1127,172,351.15,146.35,40.63,117.04,1.0000,-1,-1,-1
1127,173,341.29,362.76,56.63,147.75,1.0000,-1,-1,-1
1128,117,403.88,298.07,54.51,144.49,1.0000,-1,-1,-1
1128,139,939.42,325.87,65.08,116.07,1.0000,-1,-1,-1
1128,143,1131.86,327.87,59.30,141.38,1.0000,-1,-1,-1
1128,147,618.23,190.25,65.28,157.59,1.0000,-1,-1,-1
1128,149,194.37,442.47,61.13,166.49,1.0000,-1,-1,-1
1128,166,952.46,493.78,43.60,114.02,1.0000,-1,-1,-1
1128,168,704.15,102.12,52.58,126.90,1.0000,-1,-1,-1
1128,172,350.23,149.98,39.43,113.60,1.0000,-1,-1,-1
1128,173,341.50,369.57,54.75,142.84,1.0000,-1,-1,-1
1129,117,404.63,299.13,54.41,144.21,1.0000,-1,-1,-1
1129,139,940.62,326.12,64.93,114.62,1.0000,-1,-1,-1
1129,143,1130.38,326.07,60.29,143.42,1.0000,-1,-1,-1
1129,147,613.17,190.84,69.70,157.97,1.0000,-1,-1,-1
1129,149,195.87,442.41,62.84,167.18,1.0000,-1,-1,-1
1129,166,956.85,491.39,47.56,118.69,1.0000,-1,-1,-1
1129,168,704.05,102.96,52.69,126.76,1.0000,-1,-1,-1
1129,172,346.22,150.28,41.78,124.61,1.0000,-1,-1,-1
1129,173,341.74,376.47,52.80,137.75,1.0000,-1,-1,-1
1130,117,405.37,300.19,54.30,143.93,1.0000,-1,-1,-1
1130,139,941.35,326.88,64.81,113.84,1.0000,-1,-1,-1
1130,143,1131.90,326.51,58.95,144.30,1.0000,-1,-1,-1
1130,147,609.57,192.18,72.88,157.86,1.0000,-1,-1,-1
1130,149,196.64,442.59,65.10,167.76,1.0000,-1,-1,-1
1130,166,960.49,489.51,53.78,122.76,1.0000,-1,-1,-1
1130,168,704.09,103.46,52.57,126.84,1.0000,-1,-1,-1
1130,172,344.45,149.93,42.01,127.43,1.0000,-1,-1,-1
1130,173,342.02,383.46,50.77,132.46,1.0000,-1,-1,-1
1131,117,406.12,301.25,54.19,143.65,1.0000,-1,-1,-1
1131,139,942.38,327.88,64.59,113.65,1.0000,-1,-1,-1
1131,143,1132.14,326.55,57.89,145.04,1.0000,-1,-1,-1
1131,147,607.42,193.87,74.88,157.07,1.0000,-1,-1,-1
1131,149,196.65,442.35,67.24,168.34,1.0000,-1,-1,-1
1131,166,962.94,489.34,59.83,127.10,1.0000,-1,-1,-1
1131,168,704.77,104.06,52.15,126.79,1.0000,-1,-1,-1
1131,172,343.45,151.37,41.09,127.17,1.0000,-1,-1,-1
1131,173,342.34,390.57,48.66,126.96,1.0000,-1,-1,-1
1132,117,406.87,302.31,54.09,143.37,1.0000,-1,-1,-1
1132,139,943.08,328.48,64.40,113.75,1.0000,-1,-1,-1
1132,143,1132.45,326.21,56.42,145.57,1.0000,-1,-1,-1
1132,147,605.34,191.86,75.16,157.78,1.0000,-1,-1,-1
1132,149,196.57,441.93,69.12,168.97,1.0000,-1,-1,-1
1132,166,965.55,488.72,65.69,129.77,1.0000,-1,-1,-1
1132,168,706.07,104.53,51.29,126.81,1.0000,-1,-1,-1
1132,172,342.15,151.31,40.42,128.49,1.0000,-1,-1,-1
1132,173,342.71,397.80,46.46,121.20,1.0000,-1,-1,-1
1133,117,407.62,303.37,53.98,143.09,1.0000,-1,-1,-1
1133,139,943.73,328.52,64.10,114.48,1.0000,-1,-1,-1
1133,143,1132.88,326.16,55.48,146.01,1.0000,-1,-1,-1
1133,147,602.17,190.68,73.43,157.57,1.0000,-1,-1,-1
1133,149,198.05,442.32,69.13,168.99,1.0000,-1,-1,-1
1133,166,968.19,488.62,67.61,130.41,1.0000,-1,-1,-1
1133,168,706.29,104.99,51.06,126.65,1.0000,-1,-1,-1
1133,172,339.75,151.09,40.50,131.49,1.0000,-1,-1,-1
1133,173,343.14,405.18,44.14,115.16,1.0000,-1,-1,-1
1134,117,408.37,304.43,53.87,142.80,1.0000,-1,-1,-1
1134,139,944.35,328.25,63.52,115.12,1.0000,-1,-1,-1
1134,143,1134.58,323.88,53.68,146.21,1.0000,-1,-1,-1
1134,147,598.75,190.73,69.57,157.34,1.0000,-1,-1,-1
1134,149,200.07,438.92,72.80,169.79,1.0000,-1,-1,-1
1134,166,969.77,488.60,68.31,131.16,1.0000,-1,-1,-1
1134,168,706.40,106.55,50.96,126.20,1.0000,-1,-1,-1
1134,172,338.32,152.88,40.69,133.09,1.0000,-1,-1,-1
1134,173,343.63,412.72,41.70,108.79,1.0000,-1,-1,-1
1135,117,409.11,305.49,53.77,142.52,1.0000,-1,-1,-1
1135,139,944.74,327.93,62.91,115.77,1.0000,-1,-1,-1
1135,143,1135.66,323.40,52.19,146.54,1.0000,-1,-1,-1
1135,147,595.27,190.70,69.55,157.30,1.0000,-1,-1,-1
1135,149,201.75,438.99,72.82,169.85,1.0000,-1,-1,-1
1135,166,974.48,488.39,72.44,132.76,1.0000,-1,-1,-1
1135,168,706.68,107.45,50.67,125.94,1.0000,-1,-1,-1
1135,172,337.55,154.81,40.40,134.66,1.0000,-1,-1,-1
1135,173,344.19,420.46,39.10,102.01,1.0000,-1,-1,-1
1136,117,409.86,306.55,53.66,142.24,1.0000,-1,-1,-1
1136,139,945.19,327.63,62.28,116.52,1.0000,-1,-1,-1
1136,143,1131.89,323.63,54.16,146.79,1.0000,-1,-1,-1
1136,147,591.79,190.67,69.53,157.26,1.0000,-1,-1,-1
1136,149,203.43,439.07,72.85,169.91,1.0000,-1,-1,-1
1136,166,978.33,487.73,74.39,134.84,1.0000,-1,-1,-1
1136,168,706.07,108.73,50.71,125.31,1.0000,-1,-1,-1
1136,172,337.39,158.14,40.03,135.23,1.0000,-1,-1,-1
1136,173,339.93,373.71,64.25,145.05,1.0000,-1,-1,-1
1137,117,410.61,307.61,53.55,141.95,1.0000,-1,-1,-1
1137,139,945.68,327.42,61.69,117.41,1.0000,-1,-1,-1
1137,143,1127.76,322.93,56.94,145.89,1.0000,-1,-1,-1
1137,147,588.31,190.64,69.52,157.22,1.0000,-1,-1,-1
1137,149,205.11,439.14,72.87,169.96,1.0000,-1,-1,-1
1137,166,981.75,486.12,76.97,137.30,1.0000,-1,-1,-1
1137,168,705.81,109.25,50.78,125.17,1.0000,-1,-1,-1
1137,172,337.32,162.38,39.93,135.12,1.0000,-1,-1,-1
1137,173,338.64,375.52,67.66,144.18,1.0000,-1,-1,-1
1138,117,411.36,308.68,53.44,141.67,1.0000,-1,-1,-1
1138,139,946.58,326.42,61.13,118.67,1.0000,-1,-1,-1
1138,143,1120.97,321.48,62.50,144.24,1.0000,-1,-1,-1
1138,147,584.84,190.61,69.50,157.18,1.0000,-1,-1,-1
1138,149,225.43,429.79,68.23,167.68,1.0000,-1,-1,-1
1138,166,984.79,484.06,75.78,139.26,1.0000,-1,-1,-1
1138,168,705.56,110.35,51.08,124.95,1.0000,-1,-1,-1
1138,172,336.56,169.67,40.99,133.02,1.0000,-1,-1,-1
1138,173,339.89,374.16,68.39,145.16,1.0000,-1,-1,-1
1139,117,412.11,309.74,53.34,141.38,1.0000,-1,-1,-1
1139,139,947.40,325.14,60.57,119.78,1.0000,-1,-1,-1
1139,143,1117.35,320.70,66.72,142.52,1.0000,-1,-1,-1
1139,147,581.36,190.59,69.48,157.14,1.0000,-1,-1,-1
1139,149,229.50,429.24,65.88,167.01,1.0000,-1,-1,-1
1139,166,986.94,482.82,71.05,140.32,1.0000,-1,-1,-1
1139,168,705.21,111.29,51.56,124.80,1.0000,-1,-1,-1
1139,172,334.83,171.88,42.51,133.34,1.0000,-1,-1,-1
1139,173,342.62,371.02,67.35,147.06,1.0000,-1,-1,-1
1140,117,412.86,310.80,53.23,141.09,1.0000,-1,-1,-1
1140,139,948.26,323.51,60.08,120.66,1.0000,-1,-1,-1
1140,143,1113.58,319.98,71.14,141.76,1.0000,-1,-1,-1
1140,147,577.88,190.56,69.46,157.10,1.0000,-1,-1,-1
1140,149,231.22,429.08,66.08,165.62,1.0000,-1,-1,-1
1140,166,992.20,482.19,69.74,141.73,1.0000,-1,-1,-1
1140,168,705.07,112.09,52.02,124.57,1.0000,-1,-1,-1
1140,172,335.17,173.73,43.11,133.70,1.0000,-1,-1,-1
1140,173,343.12,372.75,67.05,146.39,1.0000,-1,-1,-1
1141,117,413.61,311.86,53.12,140.81,1.0000,-1,-1,-1
1141,139,948.57,320.63,59.51,119.18,1.0000,-1,-1,-1
1141,143,1125.17,317.43,67.34,141.39,1.0000,-1,-1,-1
1141,147,574.40,190.53,69.44,157.05,1.0000,-1,-1,-1
1141,149,232.56,429.19,67.38,165.11,1.0000,-1,-1,-1
1141,166,995.37,481.14,66.91,142.39,1.0000,-1,-1,-1
1141,168,706.24,110.93,51.83,124.96,1.0000,-1,-1,-1
1141,172,335.71,174.55,43.16,134.47,1.0000,-1,-1,-1
1141,173,343.61,374.49,66.74,145.71,1.0000,-1,-1,-1
1142,117,414.36,312.93,53.01,140.52,1.0000,-1,-1,-1
1142,139,948.92,319.90,59.01,118.72,1.0000,-1,-1,-1
1142,143,1118.82,317.31,70.62,141.97,1.0000,-1,-1,-1
1142,147,570.92,190.50,69.43,157.01,1.0000,-1,-1,-1
1142,149,233.97,431.31,70.43,163.82,1.0000,-1,-1,-1
1142,166,998.12,479.72,63.34,142.69,1.0000,-1,-1,-1
1142,168,705.44,112.24,52.12,124.76,1.0000,-1,-1,-1
1142,172,335.55,175.30,43.41,134.94,1.0000,-1,-1,-1
1142,173,344.11,376.23,66.43,145.03,1.0000,-1,-1,-1
1143,139,949.70,319.49,58.68,118.40,1.0000,-1,-1,-1
1143,143,1125.06,317.43,67.39,142.82,1.0000,-1,-1,-1
1143,147,567.45,190.48,69.41,156.97,1.0000,-1,-1,-1
1143,149,235.39,432.32,74.15,162.82,1.0000,-1,-1,-1
1143,166,1002.72,480.11,59.43,143.92,1.0000,-1,-1,-1
1143,168,705.27,113.49,52.22,124.48,1.0000,-1,-1,-1
1143,172,334.80,177.88,43.28,134.54,1.0000,-1,-1,-1
1143,173,344.60,377.97,66.11,144.35,1.0000,-1,-1,-1
1144,139,951.03,319.11,58.35,118.15,1.0000,-1,-1,-1
1144,143,1129.90,317.27,64.35,143.63,1.0000,-1,-1,-1
1144,147,566.57,197.59,70.32,142.80,1.0000,-1,-1,-1
1144,149,238.23,431.89,74.16,162.86,1.0000,-1,-1,-1
1144,166,1007.03,481.10,57.19,146.00,1.0000,-1,-1,-1
1144,168,705.04,113.99,52.36,124.28,1.0000,-1,-1,-1
1144,172,334.05,180.45,43.15,134.13,1.0000,-1,-1,-1
1144,173,345.10,379.71,65.80,143.67,1.0000,-1,-1,-1
1145,139,951.59,318.59,58.07,117.44,1.0000,-1,-1,-1
1145,143,1135.14,316.97,60.58,144.34,1.0000,-1,-1,-1
1145,147,563.63,200.79,71.69,142.99,1.0000,-1,-1,-1
1145,149,237.66,432.83,77.65,161.40,1.0000,-1,-1,-1
1145,166,1015.33,481.51,61.78,147.89,1.0000,-1,-1,-1
1145,168,705.08,114.34,52.38,124.22,1.0000,-1,-1,-1
1145,172,334.66,178.24,44.36,133.37,1.0000,-1,-1,-1
1145,173,345.60,381.46,65.49,142.98,1.0000,-1,-1,-1
1146,139,951.17,318.96,58.13,116.63,1.0000,-1,-1,-1
1146,143,1136.92,316.59,58.14,145.04,1.0000,-1,-1,-1
1146,147,561.17,203.12,71.74,144.54,1.0000,-1,-1,-1
1146,149,239.84,434.48,79.44,158.30,1.0000,-1,-1,-1
1146,166,1019.67,480.95,66.06,148.33,1.0000,-1,-1,-1
1146,168,705.10,114.80,52.27,124.17,1.0000,-1,-1,-1
1146,172,333.88,179.34,45.17,132.47,1.0000,-1,-1,-1
1146,173,340.90,374.37,70.48,148.25,1.0000,-1,-1,-1
1147,139,951.19,319.38,57.91,115.97,1.0000,-1,-1,-1
1147,143,1137.00,316.75,56.46,145.81,1.0000,-1,-1,-1
1147,147,556.75,203.22,72.93,145.74,1.0000,-1,-1,-1
1147,149,243.22,429.95,81.79,158.88,1.0000,-1,-1,-1
1147,166,1021.14,480.79,69.87,148.57,1.0000,-1,-1,-1
1147,168,704.73,115.29,52.41,124.10,1.0000,-1,-1,-1
1147,172,332.68,181.94,45.03,131.02,1.0000,-1,-1,-1
1147,173,344.05,375.57,67.54,147.62,1.0000,-1,-1,-1
1148,139,951.85,320.77,57.43,115.91,1.0000,-1,-1,-1
1148,143,1132.52,315.49,56.38,147.07,1.0000,-1,-1,-1
1148,147,548.75,202.46,71.24,146.49,1.0000,-1,-1,-1
1148,149,249.20,425.01,82.53,157.13,1.0000,-1,-1,-1
1148,166,1020.39,480.93,72.25,148.17,1.0000,-1,-1,-1
1148,168,704.14,116.47,52.79,123.63,1.0000,-1,-1,-1
1148,172,332.51,186.92,43.63,129.51,1.0000,-1,-1,-1
1148,173,345.88,372.55,68.58,149.13,1.0000,-1,-1,-1
1149,139,952.02,321.85,57.01,115.72,1.0000,-1,-1,-1
1149,143,1129.86,315.21,56.63,148.20,1.0000,-1,-1,-1
1149,147,539.04,200.97,70.35,148.04,1.0000,-1,-1,-1
1149,149,252.38,423.83,82.57,157.21,1.0000,-1,-1,-1
1149,166,1019.07,480.98,74.83,148.70,1.0000,-1,-1,-1
1149,168,703.74,117.28,53.22,123.18,1.0000,-1,-1,-1
1149,172,331.54,190.63,42.82,129.00,1.0000,-1,-1,-1
1149,173,346.39,375.31,69.60,147.34,1.0000,-1,-1,-1
1150,139,952.17,323.06,56.77,115.56,1.0000,-1,-1,-1
1150,143,1128.86,314.90,56.69,148.70,1.0000,-1,-1,-1
1150,147,533.75,200.86,72.63,149.31,1.0000,-1,-1,-1
1150,149,255.57,422.66,82.62,157.29,1.0000,-1,-1,-1
1150,166,1018.87,480.47,76.57,149.17,1.0000,-1,-1,-1
1150,168,703.53,118.50,53.63,122.54,1.0000,-1,-1,-1
1150,172,330.86,193.04,42.68,128.55,1.0000,-1,-1,-1
1150,173,347.74,376.60,71.99,147.10,1.0000,-1,-1,-1
1151,139,952.41,323.85,56.76,115.36,1.0000,-1,-1,-1
1151,143,1128.62,314.43,56.66,149.10,1.0000,-1,-1,-1
1151,147,528.70,201.14,74.73,150.49,1.0000,-1,-1,-1
1151,149,258.76,421.48,82.66,157.38,1.0000,-1,-1,-1
1151,166,1020.26,479.82,76.46,149.88,1.0000,-1,-1,-1
1151,168,703.35,119.26,53.82,122.10,1.0000,-1,-1,-1
1151,172,330.18,195.45,42.53,128.10,1.0000,-1,-1,-1
1151,173,348.49,377.53,71.88,146.88,1.0000,-1,-1,-1
1151,175,395.91,298.03,85.66,144.83,1.0000,-1,-1,-1
1152,139,952.80,324.34,56.74,115.16,1.0000,-1,-1,-1
1152,143,1125.07,314.12,58.57,149.83,1.0000,-1,-1,-1
1152,147,523.93,202.22,76.63,150.68,1.0000,-1,-1,-1
1152,149,261.95,420.30,82.70,157.46,1.0000,-1,-1,-1
1152,166,1023.89,478.99,73.92,150.61,1.0000,-1,-1,-1
1152,168,703.35,119.83,53.92,122.00,1.0000,-1,-1,-1
1152,172,332.20,204.61,41.38,129.08,1.0000,-1,-1,-1
1152,173,349.25,378.46,71.78,146.67,1.0000,-1,-1,-1
1152,175,395.15,299.05,85.40,143.17,1.0000,-1,-1,-1
1153,139,953.35,325.32,56.93,114.83,1.0000,-1,-1,-1
1153,143,1124.15,313.88,59.21,150.02,1.0000,-1,-1,-1
1153,147,518.62,206.13,78.09,150.12,1.0000,-1,-1,-1
1153,149,296.21,418.30,80.93,155.40,1.0000,-1,-1,-1
1153,166,1032.83,479.34,69.86,151.33,1.0000,-1,-1,-1
1153,168,703.55,120.41,53.98,121.87,1.0000,-1,-1,-1
1153,172,331.29,209.02,42.04,128.75,1.0000,-1,-1,-1
1153,173,360.56,380.51,72.48,142.72,1.0000,-1,-1,-1
1153,175,404.18,302.92,78.07,137.51,1.0000,-1,-1,-1
1154,139,953.75,325.78,57.05,114.69,1.0000,-1,-1,-1
1154,143,1124.54,313.78,59.10,149.78,1.0000,-1,-1,-1
1154,147,514.35,206.87,78.10,150.15,1.0000,-1,-1,-1
1154,149,301.71,416.99,80.96,155.46,1.0000,-1,-1,-1
1154,166,1040.79,478.58,66.83,151.76,1.0000,-1,-1,-1
1154,168,703.64,120.55,54.15,121.86,1.0000,-1,-1,-1
1154,172,330.79,212.17,41.89,128.31,1.0000,-1,-1,-1
1154,173,365.79,381.38,70.34,141.04,1.0000,-1,-1,-1
1154,175,399.75,303.49,79.53,138.79,1.0000,-1,-1,-1
1155,139,954.18,325.76,57.05,114.64,1.0000,-1,-1,-1
1155,143,1125.78,313.43,58.36,149.76,1.0000,-1,-1,-1
1155,147,515.68,209.58,78.75,149.28,1.0000,-1,-1,-1
1155,149,307.22,415.69,80.99,155.52,1.0000,-1,-1,-1
1155,166,1046.53,476.68,66.31,151.82,1.0000,-1,-1,-1
1155,168,703.93,120.50,54.26,122.00,1.0000,-1,-1,-1
1155,172,330.29,215.33,41.75,127.87,1.0000,-1,-1,-1
1155,173,367.72,382.25,70.17,140.70,1.0000,-1,-1,-1
1155,175,387.02,302.10,88.11,143.43,1.0000,-1,-1,-1
1156,139,954.69,325.51,57.10,114.84,1.0000,-1,-1,-1
1156,143,1127.36,312.82,57.32,149.66,1.0000,-1,-1,-1
1156,147,512.87,211.98,75.62,148.03,1.0000,-1,-1,-1
1156,149,324.67,414.02,80.41,152.21,1.0000,-1,-1,-1
1156,166,1050.66,475.96,68.70,153.93,1.0000,-1,-1,-1
1156,168,704.14,119.90,54.45,122.54,1.0000,-1,-1,-1
1156,172,332.54,218.15,41.73,126.88,1.0000,-1,-1,-1
1156,173,369.66,383.11,70.00,140.36,1.0000,-1,-1,-1
1156,175,380.36,302.10,94.30,146.69,1.0000,-1,-1,-1
1157,139,955.35,325.03,57.23,115.28,1.0000,-1,-1,-1
1157,143,1130.65,312.44,55.27,149.39,1.0000,-1,-1,-1
1157,147,510.54,213.71,72.06,146.77,1.0000,-1,-1,-1
1157,149,331.12,412.56,80.43,152.25,1.0000,-1,-1,-1
1157,166,1054.38,474.83,70.67,155.43,1.0000,-1,-1,-1
1157,168,704.93,120.12,54.20,122.51,1.0000,-1,-1,-1
1157,172,333.21,219.99,42.15,126.43,1.0000,-1,-1,-1
1157,173,371.59,383.98,69.83,140.01,1.0000,-1,-1,-1
1157,174,306.14,236.48,38.94,109.01,1.0000,-1,-1,-1
1157,175,377.68,301.16,95.04,142.90,1.0000,-1,-1,-1
1158,139,956.33,323.67,57.56,116.33,1.0000,-1,-1,-1
1158,143,1133.92,311.24,53.00,148.82,1.0000,-1,-1,-1
1158,147,510.28,215.36,70.98,144.94,1.0000,-1,-1,-1
1158,149,337.58,411.10,80.45,152.28,1.0000,-1,-1,-1
1158,166,1060.66,474.36,73.66,156.06,1.0000,-1,-1,-1
1158,168,706.42,119.35,54.13,123.04,1.0000,-1,-1,-1
1158,172,334.63,219.70,43.25,122.90,1.0000,-1,-1,-1
1158,173,373.53,384.85,69.66,139.67,1.0000,-1,-1,-1
1158,174,306.87,240.13,39.77,106.66,1.0000,-1,-1,-1
1158,175,375.23,300.75,95.87,144.14,1.0000,-1,-1,-1
1159,139,956.53,322.86,57.85,117.01,1.0000,-1,-1,-1
1159,143,1135.42,310.00,51.28,147.50,1.0000,-1,-1,-1
1159,147,508.89,215.97,66.49,142.76,1.0000,-1,-1,-1
1159,149,344.03,409.64,80.47,152.32,1.0000,-1,-1,-1
1159,166,1064.13,474.20,75.55,156.53,1.0000,-1,-1,-1
1159,168,706.88,119.57,53.94,123.13,1.0000,-1,-1,-1
1159,172,335.23,220.64,44.10,122.14,1.0000,-1,-1,-1
1159,173,375.46,385.72,69.49,139.33,1.0000,-1,-1,-1
1159,174,307.73,242.23,40.48,105.13,1.0000,-1,-1,-1
1159,175,372.78,300.35,96.70,145.38,1.0000,-1,-1,-1
1160,139,956.69,321.56,58.05,117.47,1.0000,-1,-1,-1
1160,143,1136.70,310.26,50.12,147.13,1.0000,-1,-1,-1
1160,147,511.17,215.07,60.63,140.83,1.0000,-1,-1,-1
1160,149,363.75,407.39,66.53,148.81,1.0000,-1,-1,-1
1160,166,1067.32,474.07,77.51,156.97,1.0000,-1,-1,-1
1160,168,707.47,118.46,53.78,123.68,1.0000,-1,-1,-1
1160,172,335.35,222.09,44.73,123.32,1.0000,-1,-1,-1
1160,173,377.40,386.59,69.32,138.98,1.0000,-1,-1,-1
1160,174,308.64,245.11,40.00,103.88,1.0000,-1,-1,-1
1160,175,370.34,299.95,97.51,146.60,1.0000,-1,-1,-1
1161,139,956.92,320.39,58.21,117.68,1.0000,-1,-1,-1
1161,143,1137.47,309.93,49.33,146.87,1.0000,-1,-1,-1
1161,147,513.01,216.06,55.88,139.87,1.0000,-1,-1,-1
1161,149,373.75,404.09,61.25,148.58,1.0000,-1,-1,-1
1161,166,1069.43,472.64,79.31,158.24,1.0000,-1,-1,-1
1161,168,708.46,117.52,53.30,124.28,1.0000,-1,-1,-1
1161,172,334.21,222.77,45.95,125.86,1.0000,-1,-1,-1
1161,173,379.33,387.46,69.14,138.63,1.0000,-1,-1,-1
1161,174,309.55,248.00,39.51,102.61,1.0000,-1,-1,-1
1161,175,367.90,299.55,98.32,147.82,1.0000,-1,-1,-1
1162,139,956.90,319.22,58.39,117.11,1.0000,-1,-1,-1
1162,143,1135.93,308.82,49.60,145.60,1.0000,-1,-1,-1
1162,147,514.80,216.73,52.01,139.22,1.0000,-1,-1,-1
1162,149,380.78,402.39,61.17,148.38,1.0000,-1,-1,-1
1162,166,1071.45,469.94,79.85,159.52,1.0000,-1,-1,-1
1162,168,709.40,117.59,52.75,124.53,1.0000,-1,-1,-1
1162,172,334.19,223.18,47.04,128.51,1.0000,-1,-1,-1
1162,173,381.27,388.33,68.97,138.29,1.0000,-1,-1,-1
1162,174,311.00,248.09,42.40,102.52,1.0000,-1,-1,-1
1162,175,365.46,299.16,99.12,149.02,1.0000,-1,-1,-1
