1,1,53.74,330.83,55.45,161.99,0.7904,-1,-1,-1
1,2,210.51,351.90,66.12,140.99,0.7706,-1,-1,-1
1,3,158.63,196.73,54.14,118.88,0.7474,-1,-1,-1
1,4,488.29,310.53,62.21,144.20,0.7441,-1,-1,-1
1,5,1191.68,447.50,85.97,145.62,0.7440,-1,-1,-1
1,6,1107.25,407.11,101.89,158.50,0.7411,-1,-1,-1
1,7,994.31,220.79,46.91,122.07,0.6430,-1,-1,-1
1,8,359.50,517.95,58.73,121.43,0.6289,-1,-1,-1
1,9,115.05,295.82,80.15,135.27,0.6030,-1,-1,-1
2,1,53.90,328.24,61.93,161.21,0.7852,-1,-1,-1
2,2,218.24,350.47,56.17,139.67,0.7664,-1,-1,-1
2,3,167.57,198.77,53.40,114.17,0.7422,-1,-1,-1
2,4,488.77,311.18,68.27,143.32,0.7711,-1,-1,-1
2,5,1189.12,448.55,86.87,145.14,0.6533,-1,-1,-1
2,7,995.44,223.90,44.87,118.23,0.5984,-1,-1,-1
2,8,362.97,517.20,54.35,124.70,0.6854,-1,-1,-1
2,9,117.28,293.63,79.72,138.38,0.6479,-1,-1,-1
3,1,53.18,325.39,70.74,158.38,0.7462,-1,-1,-1
3,2,224.34,350.83,52.02,141.74,0.7411,-1,-1,-1
3,3,174.49,188.72,58.89,122.30,0.6005,-1,-1,-1
3,4,491.56,312.25,71.40,141.50,0.7909,-1,-1,-1
3,5,1188.25,448.91,83.37,144.61,0.7237,-1,-1,-1
3,6,1115.62,410.94,57.83,155.38,0.6671,-1,-1,-1
3,7,996.60,221.73,49.92,119.27,0.5837,-1,-1,-1
3,8,368.71,516.73,47.61,115.05,0.7583,-1,-1,-1
4,1,48.39,321.31,89.79,162.18,0.8508,-1,-1,-1
4,2,241.24,349.34,42.04,144.79,0.7551,-1,-1,-1
4,3,190.51,185.40,59.27,120.09,0.6614,-1,-1,-1
4,4,502.92,313.18,73.02,140.38,0.7174,-1,-1,-1
4,5,1198.24,451.70,65.27,144.28,0.7343,-1,-1,-1
4,6,1113.73,410.32,60.58,156.73,0.7647,-1,-1,-1
4,7,995.99,213.18,64.56,128.26,0.7493,-1,-1,-1
4,8,370.95,512.96,46.40,110.94,0.7938,-1,-1,-1
4,9,136.41,286.21,59.04,144.59,0.7447,-1,-1,-1
5,1,43.46,321.07,98.38,162.54,0.8477,-1,-1,-1
5,2,243.78,349.40,41.91,146.87,0.7701,-1,-1,-1
5,4,509.55,312.61,74.31,140.93,0.7646,-1,-1,-1
5,5,1203.67,453.14,58.53,144.11,0.6871,-1,-1,-1
5,6,1110.28,409.03,64.30,159.54,0.7837,-1,-1,-1
5,7,988.14,210.70,76.70,131.14,0.8020,-1,-1,-1
5,8,372.01,511.42,45.44,110.55,0.7275,-1,-1,-1
5,9,142.33,284.65,48.22,147.31,0.7897,-1,-1,-1
6,1,47.68,322.49,98.54,159.67,0.8401,-1,-1,-1
6,2,245.27,349.75,46.41,148.78,0.7582,-1,-1,-1
6,3,205.51,197.14,58.41,103.57,0.6566,-1,-1,-1
6,4,515.78,289.93,74.41,164.09,0.7542,-1,-1,-1
6,5,1207.18,452.66,57.21,145.28,0.7797,-1,-1,-1
6,6,1110.81,408.07,70.00,163.50,0.8174,-1,-1,-1
6,7,984.56,210.52,84.97,131.49,0.8070,-1,-1,-1
6,8,373.10,510.77,47.90,111.87,0.6198,-1,-1,-1
6,9,146.12,285.48,46.81,149.88,0.8014,-1,-1,-1
7,1,56.78,323.31,93.51,156.94,0.8387,-1,-1,-1
7,2,246.56,350.71,52.08,150.48,0.7073,-1,-1,-1
7,3,211.80,196.90,60.08,102.08,0.6811,-1,-1,-1
7,4,525.30,300.34,67.35,154.16,0.7626,-1,-1,-1
7,5,1207.10,450.74,50.91,149.92,0.7816,-1,-1,-1
7,6,1108.56,407.74,76.49,164.94,0.8288,-1,-1,-1
7,7,985.84,210.68,86.23,131.19,0.7822,-1,-1,-1
7,8,374.47,511.56,50.03,110.90,0.5682,-1,-1,-1
7,9,146.89,285.53,50.81,149.98,0.7817,-1,-1,-1
8,1,62.67,323.15,89.18,155.27,0.8013,-1,-1,-1
8,2,249.21,351.08,56.20,152.15,0.6852,-1,-1,-1
8,3,214.97,195.22,66.94,103.16,0.6841,-1,-1,-1
8,4,532.06,283.67,60.60,171.21,0.5939,-1,-1,-1
8,5,1204.28,449.36,54.13,152.08,0.8031,-1,-1,-1
8,6,1098.91,408.18,88.77,166.02,0.8693,-1,-1,-1
8,7,983.44,214.52,89.35,127.26,0.6847,-1,-1,-1
8,8,375.02,511.56,53.13,108.99,0.6419,-1,-1,-1
8,9,143.03,285.50,63.59,147.34,0.8108,-1,-1,-1
9,1,67.13,320.67,87.00,154.76,0.7638,-1,-1,-1
9,2,256.73,350.99,64.08,152.95,0.7788,-1,-1,-1
9,3,227.45,182.72,70.07,114.54,0.6539,-1,-1,-1
9,4,547.02,278.55,48.00,177.96,0.6206,-1,-1,-1
9,5,1190.78,446.37,78.08,154.67,0.7960,-1,-1,-1
9,6,1091.19,410.35,99.68,164.23,0.8219,-1,-1,-1
9,8,386.69,511.82,53.50,109.60,0.6834,-1,-1,-1
9,9,147.61,287.67,75.11,141.88,0.8085,-1,-1,-1
10,1,66.50,317.25,81.61,157.06,0.7587,-1,-1,-1
10,2,259.21,351.83,69.23,151.71,0.7711,-1,-1,-1
10,3,232.30,178.55,74.09,118.76,0.7688,-1,-1,-1
10,4,553.58,290.41,40.09,165.51,0.6115,-1,-1,-1
10,5,1177.97,445.04,92.58,154.03,0.7668,-1,-1,-1
10,6,1083.68,413.73,102.91,162.10,0.8268,-1,-1,-1
10,7,1008.35,217.15,56.34,124.54,0.5807,-1,-1,-1
10,8,379.38,511.97,65.04,109.74,0.6857,-1,-1,-1
10,9,148.74,288.34,84.07,140.01,0.8180,-1,-1,-1
11,1,79.18,313.87,61.70,158.00,0.6793,-1,-1,-1
11,2,262.34,351.94,71.44,148.76,0.7891,-1,-1,-1
11,3,238.15,173.75,72.09,120.97,0.6772,-1,-1,-1
11,4,558.23,303.78,36.18,152.13,0.5961,-1,-1,-1
11,5,1169.02,445.74,101.23,152.79,0.7884,-1,-1,-1
11,6,1086.54,416.42,93.55,158.91,0.7409,-1,-1,-1
11,7,1005.68,213.30,53.66,129.69,0.6381,-1,-1,-1
11,8,375.01,512.18,71.17,109.83,0.6769,-1,-1,-1
11,9,151.49,288.49,86.45,138.40,0.8081,-1,-1,-1
12,1,86.93,311.74,53.05,160.15,0.6882,-1,-1,-1
12,2,266.63,352.92,73.55,147.70,0.7991,-1,-1,-1
12,3,245.10,169.91,69.78,121.81,0.6487,-1,-1,-1
12,4,556.30,283.16,46.96,173.58,0.5874,-1,-1,-1
12,5,1163.69,446.41,104.72,152.45,0.8085,-1,-1,-1
12,6,1089.80,417.75,81.36,157.59,0.7724,-1,-1,-1
12,7,1008.82,212.37,49.97,130.59,0.7079,-1,-1,-1
12,8,374.71,511.74,73.94,110.53,0.6966,-1,-1,-1
12,9,156.97,288.37,86.90,136.97,0.8237,-1,-1,-1
12,10,497.87,194.09,52.24,142.28,0.5594,-1,-1,-1
13,1,91.84,310.58,52.29,158.78,0.6651,-1,-1,-1
13,2,273.13,354.17,73.40,145.79,0.7716,-1,-1,-1
13,3,252.97,166.10,63.80,123.92,0.6221,-1,-1,-1
13,4,561.72,300.17,44.47,148.12,0.6140,-1,-1,-1
13,5,1163.14,448.35,103.65,150.38,0.8103,-1,-1,-1
13,6,1091.28,417.45,71.05,156.19,0.6791,-1,-1,-1
13,7,1012.60,210.10,54.02,132.48,0.6954,-1,-1,-1
13,8,378.18,511.40,70.55,110.74,0.7184,-1,-1,-1
13,9,165.82,288.01,86.43,136.63,0.8234,-1,-1,-1
14,1,92.50,308.80,62.26,160.03,0.7253,-1,-1,-1
14,2,286.83,354.64,68.48,144.36,0.7585,-1,-1,-1
14,4,563.11,309.26,55.22,147.41,0.6214,-1,-1,-1
14,5,1173.50,450.02,74.84,147.98,0.6371,-1,-1,-1
14,6,1089.98,414.24,60.95,159.83,0.7170,-1,-1,-1
14,7,1006.96,211.04,70.67,130.67,0.7210,-1,-1,-1
14,8,389.36,508.15,59.26,112.27,0.5932,-1,-1,-1
14,9,179.03,285.29,75.95,136.33,0.7572,-1,-1,-1
14,11,347.40,133.51,80.07,128.90,0.6058,-1,-1,-1
15,1,86.98,308.41,71.76,158.33,0.7418,-1,-1,-1
15,2,292.25,354.52,63.26,143.39,0.7818,-1,-1,-1
15,3,269.06,165.07,47.94,120.43,0.5845,-1,-1,-1
15,4,562.27,313.39,58.96,147.55,0.7326,-1,-1,-1
15,5,1175.26,450.45,65.77,147.28,0.6936,-1,-1,-1
15,6,1083.16,412.38,65.17,161.26,0.7709,-1,-1,-1
15,7,1002.70,211.85,74.65,129.85,0.7476,-1,-1,-1
15,8,390.94,505.21,55.69,114.91,0.6881,-1,-1,-1
15,9,183.68,282.28,61.10,139.39,0.6801,-1,-1,-1
15,11,346.88,137.89,83.54,124.31,0.6719,-1,-1,-1
16,1,81.30,308.57,82.63,158.46,0.7600,-1,-1,-1
16,2,297.28,354.05,57.67,142.31,0.7079,-1,-1,-1
16,3,272.64,163.50,41.34,121.93,0.5896,-1,-1,-1
16,4,563.66,314.96,63.39,148.10,0.7507,-1,-1,-1
16,5,1176.67,448.86,58.56,148.33,0.7361,-1,-1,-1
16,6,1079.25,411.40,71.29,161.31,0.7823,-1,-1,-1
16,7,1001.78,213.67,75.83,127.35,0.6334,-1,-1,-1
16,8,397.08,504.14,50.55,117.97,0.6976,-1,-1,-1
16,9,187.37,278.94,52.09,142.46,0.7518,-1,-1,-1
16,11,348.32,141.39,84.73,121.08,0.7269,-1,-1,-1
17,1,85.65,308.35,81.86,155.77,0.7659,-1,-1,-1
17,2,304.11,352.99,50.73,142.39,0.7142,-1,-1,-1
17,4,566.57,316.28,65.43,147.42,0.6694,-1,-1,-1
17,5,1176.45,447.05,55.72,152.87,0.7541,-1,-1,-1
17,6,1069.15,409.06,83.00,163.94,0.8655,-1,-1,-1
17,7,1005.72,214.30,66.78,127.24,0.7039,-1,-1,-1
17,8,404.79,501.88,44.76,119.30,0.7338,-1,-1,-1
17,9,189.99,278.18,50.23,141.28,0.7050,-1,-1,-1
17,10,537.03,217.71,48.73,121.42,0.5782,-1,-1,-1
17,11,351.41,140.41,84.12,121.37,0.7325,-1,-1,-1
18,1,83.12,307.32,87.95,154.79,0.7403,-1,-1,-1
18,2,309.11,352.08,45.78,142.73,0.7511,-1,-1,-1
18,4,571.88,316.71,64.59,145.16,0.7232,-1,-1,-1
18,5,1166.37,445.19,67.60,155.12,0.7895,-1,-1,-1
18,6,1058.85,408.50,94.03,163.31,0.8368,-1,-1,-1
18,7,1008.87,215.42,59.14,126.76,0.6938,-1,-1,-1
18,8,408.57,498.72,43.02,122.36,0.7010,-1,-1,-1
18,9,192.06,276.53,51.36,141.76,0.6945,-1,-1,-1
18,10,543.05,208.96,48.83,128.49,0.6527,-1,-1,-1
18,11,355.21,137.73,79.74,123.23,0.7803,-1,-1,-1
19,1,85.96,304.33,90.04,149.91,0.6882,-1,-1,-1
19,2,317.24,351.18,49.14,142.51,0.7476,-1,-1,-1
19,4,581.63,316.02,63.07,141.71,0.6983,-1,-1,-1
19,5,1155.16,442.80,85.80,156.33,0.7940,-1,-1,-1
19,6,1056.49,427.77,97.90,143.93,0.7831,-1,-1,-1
19,7,1018.88,210.43,45.80,130.24,0.7226,-1,-1,-1
19,8,410.63,495.97,45.26,124.69,0.7481,-1,-1,-1
19,9,193.97,273.58,58.63,142.13,0.7497,-1,-1,-1
19,11,364.06,132.00,64.50,125.64,0.6799,-1,-1,-1
20,1,90.73,302.47,87.07,149.23,0.7121,-1,-1,-1
20,2,320.46,349.05,45.17,142.49,0.6797,-1,-1,-1
20,4,586.77,314.99,58.29,140.93,0.7153,-1,-1,-1
20,5,1141.80,440.71,98.44,156.16,0.8307,-1,-1,-1
20,6,1056.52,434.36,90.50,136.96,0.6115,-1,-1,-1
20,7,1020.32,207.95,44.92,130.97,0.6779,-1,-1,-1
20,8,411.13,494.44,47.10,125.49,0.7645,-1,-1,-1
20,9,192.53,272.40,64.42,142.17,0.7397,-1,-1,-1
20,10,559.30,205.82,45.96,128.94,0.5591,-1,-1,-1
20,11,365.97,128.27,51.87,127.71,0.6872,-1,-1,-1
21,1,95.99,300.00,80.35,149.07,0.7138,-1,-1,-1
21,2,320.94,348.77,47.47,141.70,0.6561,-1,-1,-1
21,4,592.14,313.93,49.22,141.70,0.6538,-1,-1,-1
21,5,1132.70,439.08,105.41,155.16,0.8441,-1,-1,-1
21,6,1054.78,428.38,82.80,143.61,0.7146,-1,-1,-1
21,7,1016.61,204.68,50.42,132.60,0.7263,-1,-1,-1
21,8,412.21,494.23,48.73,126.36,0.7538,-1,-1,-1
21,9,192.22,271.54,67.32,141.85,0.7707,-1,-1,-1
21,10,564.67,205.20,42.34,129.63,0.6235,-1,-1,-1
21,11,368.03,127.00,43.64,127.87,0.6504,-1,-1,-1
22,1,102.87,298.16,70.72,149.34,0.7543,-1,-1,-1
22,2,316.32,348.38,57.88,142.91,0.6551,-1,-1,-1
22,4,596.90,312.68,42.64,143.50,0.6464,-1,-1,-1
22,5,1131.68,440.43,104.82,152.03,0.8368,-1,-1,-1
22,6,1052.62,419.96,76.05,152.15,0.6815,-1,-1,-1
22,7,1013.13,204.58,58.77,132.76,0.7244,-1,-1,-1
22,8,414.02,495.11,50.04,125.92,0.7593,-1,-1,-1
22,9,193.34,271.10,70.30,141.95,0.7831,-1,-1,-1
22,10,569.86,201.23,52.39,130.11,0.5679,-1,-1,-1
22,11,369.44,124.49,40.81,128.65,0.6393,-1,-1,-1
23,1,108.87,296.42,59.00,154.08,0.7897,-1,-1,-1
23,2,315.87,347.83,60.93,143.55,0.7183,-1,-1,-1
23,3,270.13,159.16,71.60,119.49,0.5712,-1,-1,-1
23,4,600.84,311.09,37.45,144.84,0.6770,-1,-1,-1
23,5,1134.79,442.36,97.49,149.00,0.8762,-1,-1,-1
23,6,1054.49,432.02,69.94,139.54,0.5820,-1,-1,-1
23,7,1007.79,204.22,68.91,132.85,0.7600,-1,-1,-1
23,8,415.65,495.17,50.33,125.81,0.7747,-1,-1,-1
23,9,196.15,269.52,72.38,143.08,0.7588,-1,-1,-1
23,10,574.80,200.31,48.86,127.96,0.5734,-1,-1,-1
23,11,370.85,121.40,38.79,129.97,0.5545,-1,-1,-1
24,1,109.28,293.94,62.42,153.55,0.8322,-1,-1,-1
24,2,322.45,346.75,63.56,143.69,0.8075,-1,-1,-1
24,4,602.66,310.51,43.57,144.53,0.5899,-1,-1,-1
24,5,1144.21,441.17,79.30,149.22,0.7438,-1,-1,-1
24,6,1051.19,416.27,59.19,157.04,0.7145,-1,-1,-1
24,7,1008.92,203.53,74.80,132.54,0.7984,-1,-1,-1
24,8,419.71,494.92,51.25,124.14,0.7185,-1,-1,-1
24,9,208.12,267.16,67.13,142.12,0.7131,-1,-1,-1
24,11,373.67,116.54,39.73,132.78,0.5541,-1,-1,-1
25,1,106.25,292.76,67.83,155.19,0.8414,-1,-1,-1
25,2,324.77,346.41,66.69,143.59,0.8344,-1,-1,-1
25,4,600.21,312.66,47.50,143.14,0.5804,-1,-1,-1
25,5,1144.00,440.22,58.49,148.06,0.7425,-1,-1,-1
25,6,1039.78,410.37,64.70,162.64,0.6621,-1,-1,-1
25,7,1008.43,203.75,74.75,132.23,0.7366,-1,-1,-1
25,8,419.25,493.42,51.51,125.08,0.6708,-1,-1,-1
25,9,213.11,265.68,65.41,140.67,0.7029,-1,-1,-1
26,1,106.65,291.87,71.12,155.03,0.8697,-1,-1,-1
26,2,327.79,345.75,68.39,143.66,0.8399,-1,-1,-1
26,3,283.45,156.87,70.77,117.20,0.6058,-1,-1,-1
26,4,596.72,311.71,54.39,144.27,0.6764,-1,-1,-1
26,5,1145.66,439.35,47.10,149.84,0.7797,-1,-1,-1
26,6,1028.76,408.24,73.54,164.59,0.7328,-1,-1,-1
26,7,1012.83,204.64,68.61,129.53,0.7027,-1,-1,-1
26,8,418.94,488.89,51.72,129.43,0.6868,-1,-1,-1
26,9,218.18,264.17,60.56,141.24,0.7624,-1,-1,-1
26,11,368.78,119.65,47.71,127.51,0.5880,-1,-1,-1
27,1,106.96,291.92,76.76,153.00,0.8931,-1,-1,-1
27,2,331.16,345.20,70.39,142.66,0.8523,-1,-1,-1
27,3,287.62,157.94,68.19,115.00,0.6944,-1,-1,-1
27,4,594.55,311.20,60.86,144.71,0.7535,-1,-1,-1
27,5,1143.02,435.43,47.48,153.97,0.7444,-1,-1,-1
27,6,1015.57,407.83,85.95,165.94,0.7685,-1,-1,-1
27,7,1015.29,206.07,63.93,126.32,0.6511,-1,-1,-1
27,8,417.49,486.39,53.20,133.02,0.7451,-1,-1,-1
27,9,223.36,262.37,56.36,142.92,0.7231,-1,-1,-1
27,11,365.82,124.01,53.95,122.06,0.5824,-1,-1,-1
28,1,109.12,292.93,80.19,151.63,0.8818,-1,-1,-1
28,2,334.55,344.61,71.52,143.04,0.8446,-1,-1,-1
28,3,292.11,158.67,64.10,114.45,0.7463,-1,-1,-1
28,4,595.38,310.35,64.48,145.13,0.7881,-1,-1,-1
28,5,1133.21,433.93,57.99,154.01,0.6941,-1,-1,-1
28,6,1007.00,407.72,92.56,163.33,0.7972,-1,-1,-1
28,8,418.13,484.65,52.51,132.73,0.7151,-1,-1,-1
28,9,226.66,260.18,54.85,145.05,0.7246,-1,-1,-1
28,11,364.91,127.04,59.99,118.18,0.5663,-1,-1,-1
29,1,117.86,292.02,77.39,151.71,0.8616,-1,-1,-1
29,2,341.79,344.40,71.34,141.79,0.8285,-1,-1,-1
29,3,301.87,158.05,48.65,113.70,0.5989,-1,-1,-1
29,4,601.53,312.38,64.40,141.25,0.7488,-1,-1,-1
29,5,1118.03,433.25,73.33,152.25,0.8135,-1,-1,-1
29,6,1008.23,412.42,86.06,156.98,0.5952,-1,-1,-1
29,8,419.05,482.24,51.89,137.31,0.7628,-1,-1,-1
29,9,232.19,257.08,51.87,141.15,0.7098,-1,-1,-1
30,1,124.44,292.10,74.61,151.68,0.8626,-1,-1,-1
30,2,346.75,345.21,70.03,140.69,0.7782,-1,-1,-1
30,3,307.10,154.06,46.06,118.32,0.6610,-1,-1,-1
30,4,604.65,311.45,64.64,141.27,0.7195,-1,-1,-1
30,5,1106.77,433.80,80.33,148.31,0.8021,-1,-1,-1
30,6,1009.55,411.14,68.36,160.82,0.5733,-1,-1,-1
30,7,1022.90,203.35,47.53,127.11,0.6540,-1,-1,-1
30,8,418.55,480.59,50.68,140.60,0.7146,-1,-1,-1
30,9,234.73,255.57,50.49,143.23,0.7485,-1,-1,-1
31,1,128.04,290.67,76.53,152.94,0.8550,-1,-1,-1
31,2,351.11,344.95,67.17,140.24,0.7356,-1,-1,-1
31,3,310.32,155.08,41.85,117.02,0.6623,-1,-1,-1
31,4,608.10,309.64,63.02,142.82,0.6678,-1,-1,-1
31,5,1102.60,431.71,80.86,148.13,0.7237,-1,-1,-1
31,6,1010.37,412.74,62.80,158.14,0.6751,-1,-1,-1
31,7,1023.21,203.91,43.96,125.48,0.5700,-1,-1,-1
31,8,417.62,478.82,50.76,142.26,0.7007,-1,-1,-1
31,9,233.49,255.29,52.94,142.64,0.7904,-1,-1,-1
32,1,130.42,289.30,74.77,154.38,0.8292,-1,-1,-1
32,2,355.03,343.87,65.18,141.14,0.6677,-1,-1,-1
32,3,312.29,158.18,39.40,114.32,0.5609,-1,-1,-1
32,4,611.91,317.38,59.56,134.73,0.6406,-1,-1,-1
32,5,1101.97,428.98,75.90,148.27,0.6933,-1,-1,-1
32,6,1007.84,412.44,52.34,156.80,0.6024,-1,-1,-1
32,7,1019.88,205.41,47.03,123.82,0.6106,-1,-1,-1
32,8,416.36,478.06,51.98,143.62,0.7145,-1,-1,-1
32,9,233.71,255.89,52.47,139.88,0.7658,-1,-1,-1
33,1,132.11,288.49,71.37,153.90,0.7877,-1,-1,-1
33,2,358.72,343.81,61.25,141.20,0.6053,-1,-1,-1
33,3,313.17,160.27,40.25,113.77,0.5649,-1,-1,-1
33,4,616.70,321.01,52.81,127.05,0.6427,-1,-1,-1
33,5,1106.09,431.52,65.70,142.80,0.7122,-1,-1,-1
33,6,1005.04,413.11,47.08,155.26,0.6009,-1,-1,-1
33,7,1012.96,207.32,55.38,122.87,0.6739,-1,-1,-1
33,8,415.59,477.86,54.64,143.67,0.7389,-1,-1,-1
33,9,230.52,255.57,58.74,140.25,0.7743,-1,-1,-1
34,1,136.71,288.07,64.40,152.01,0.7205,-1,-1,-1
34,2,367.07,344.21,52.57,140.78,0.6182,-1,-1,-1
34,5,1105.14,430.56,55.79,142.23,0.6907,-1,-1,-1
34,6,996.14,408.41,57.22,157.94,0.6236,-1,-1,-1
34,7,1005.47,210.81,67.88,117.60,0.7673,-1,-1,-1
34,8,417.61,476.76,59.54,144.87,0.7096,-1,-1,-1
34,9,230.97,256.58,67.45,139.15,0.7551,-1,-1,-1
35,1,135.98,288.06,62.95,153.39,0.7374,-1,-1,-1
35,2,370.31,344.16,44.29,142.00,0.6247,-1,-1,-1
35,4,624.60,307.13,57.79,146.82,0.6344,-1,-1,-1
35,5,1100.25,429.25,52.18,142.68,0.7063,-1,-1,-1
35,6,980.76,406.17,73.01,157.77,0.7130,-1,-1,-1
35,7,1001.38,214.04,72.99,113.99,0.7664,-1,-1,-1
35,8,415.39,476.84,66.90,144.54,0.6739,-1,-1,-1
35,9,228.37,257.38,73.13,137.79,0.7655,-1,-1,-1
36,1,136.91,288.66,60.62,154.09,0.7175,-1,-1,-1
36,2,372.45,343.22,41.93,143.04,0.6183,-1,-1,-1
36,4,625.15,301.98,59.63,153.67,0.5680,-1,-1,-1
36,5,1094.03,427.13,56.93,141.94,0.7201,-1,-1,-1
36,6,968.98,405.56,87.79,157.31,0.6863,-1,-1,-1
36,7,1000.54,214.89,74.99,113.75,0.7945,-1,-1,-1
36,8,414.02,476.68,72.86,144.29,0.7125,-1,-1,-1
36,9,227.61,257.91,79.56,136.43,0.7645,-1,-1,-1
37,1,138.85,288.91,59.19,155.28,0.7403,-1,-1,-1
37,2,375.53,343.13,41.33,143.70,0.6225,-1,-1,-1
37,4,624.12,305.27,62.66,151.07,0.6198,-1,-1,-1
37,5,1081.28,425.29,69.88,141.23,0.7396,-1,-1,-1
37,6,960.74,406.11,95.21,153.79,0.7129,-1,-1,-1
37,7,1002.41,214.23,73.54,114.80,0.7362,-1,-1,-1
37,8,414.30,477.00,75.94,143.98,0.7643,-1,-1,-1
37,9,228.18,256.94,82.93,137.47,0.8195,-1,-1,-1
38,1,139.80,289.47,61.00,153.67,0.7490,-1,-1,-1
38,2,377.38,343.20,41.49,143.87,0.6171,-1,-1,-1
38,5,1070.37,422.79,81.09,142.41,0.7981,-1,-1,-1
38,6,958.82,407.36,95.86,152.27,0.5737,-1,-1,-1
38,7,1005.50,212.65,70.40,115.56,0.6432,-1,-1,-1
38,8,417.03,476.55,76.53,145.18,0.7698,-1,-1,-1
38,9,230.04,258.42,85.49,134.61,0.8283,-1,-1,-1
39,1,140.84,291.14,62.96,151.80,0.8078,-1,-1,-1
39,2,376.93,343.12,45.14,145.38,0.6408,-1,-1,-1
39,4,617.13,313.58,68.06,143.82,0.5525,-1,-1,-1
39,5,1061.86,421.99,89.99,142.18,0.7792,-1,-1,-1
39,6,962.09,407.38,79.57,153.96,0.6208,-1,-1,-1
39,7,1012.63,209.59,55.65,116.72,0.6799,-1,-1,-1
39,8,420.48,475.64,74.64,144.96,0.7605,-1,-1,-1
39,9,235.57,261.52,85.38,131.00,0.7799,-1,-1,-1
40,1,142.36,292.05,59.46,151.41,0.7579,-1,-1,-1
40,2,375.01,343.86,48.09,145.19,0.6107,-1,-1,-1
40,4,611.95,317.51,64.66,141.25,0.6413,-1,-1,-1
40,5,1057.25,421.64,90.64,139.59,0.7613,-1,-1,-1
40,6,963.40,406.94,68.67,155.72,0.6105,-1,-1,-1
40,8,420.39,475.15,72.59,145.54,0.7740,-1,-1,-1
40,9,238.58,262.48,83.39,128.74,0.7478,-1,-1,-1
40,10,677.07,199.28,43.57,131.70,0.6479,-1,-1,-1
41,1,144.46,293.15,59.92,153.02,0.7472,-1,-1,-1
41,2,372.05,344.54,53.38,143.70,0.6927,-1,-1,-1
41,4,608.79,319.92,67.92,140.49,0.7017,-1,-1,-1
41,5,1055.77,421.35,88.54,137.78,0.7768,-1,-1,-1
41,6,964.07,406.70,60.27,155.03,0.5839,-1,-1,-1
41,7,1016.63,204.72,42.96,123.26,0.6270,-1,-1,-1
41,8,421.21,474.49,68.78,146.19,0.7625,-1,-1,-1
41,9,241.25,263.55,85.97,127.36,0.7467,-1,-1,-1
41,10,680.35,203.72,43.39,128.70,0.6822,-1,-1,-1
42,1,148.32,294.17,61.02,151.57,0.7304,-1,-1,-1
42,2,370.31,345.14,56.17,141.73,0.6902,-1,-1,-1
42,4,607.94,321.73,71.31,139.50,0.7198,-1,-1,-1
42,5,1057.04,421.56,81.87,135.32,0.7741,-1,-1,-1
42,6,964.30,403.56,48.64,155.79,0.6493,-1,-1,-1
42,7,1017.28,203.24,41.89,125.39,0.6923,-1,-1,-1
42,8,422.43,473.40,64.80,146.02,0.7063,-1,-1,-1
42,9,244.36,263.75,84.47,127.43,0.6791,-1,-1,-1
42,10,683.49,202.62,42.01,126.89,0.6068,-1,-1,-1
43,1,151.27,295.61,61.37,149.45,0.7785,-1,-1,-1
43,2,369.17,345.61,57.45,140.27,0.6900,-1,-1,-1
43,4,608.07,323.53,74.00,139.44,0.7737,-1,-1,-1
43,5,1060.39,423.19,68.65,134.30,0.8183,-1,-1,-1
43,6,960.72,404.61,47.67,156.22,0.6928,-1,-1,-1
43,7,1016.76,201.25,42.56,126.96,0.6569,-1,-1,-1
43,8,423.04,471.61,59.27,147.11,0.7095,-1,-1,-1
43,9,246.64,263.54,82.87,128.41,0.7271,-1,-1,-1
43,10,688.52,199.39,41.93,125.06,0.5772,-1,-1,-1
44,1,157.46,297.18,62.79,148.72,0.7169,-1,-1,-1
44,2,369.83,345.84,58.57,140.34,0.6314,-1,-1,-1
44,4,612.35,325.35,72.68,137.32,0.7941,-1,-1,-1
44,5,1063.21,422.63,53.44,133.42,0.7497,-1,-1,-1
44,6,951.31,404.43,56.23,156.25,0.7439,-1,-1,-1
44,7,1011.60,203.32,49.99,124.02,0.6121,-1,-1,-1
44,8,421.94,467.49,49.15,152.47,0.5801,-1,-1,-1
44,9,249.55,263.30,77.96,129.59,0.6892,-1,-1,-1
45,1,160.12,297.23,67.46,147.29,0.6833,-1,-1,-1
45,2,369.95,346.53,58.91,140.14,0.6650,-1,-1,-1
45,4,614.36,326.21,71.37,136.65,0.8078,-1,-1,-1
45,5,1065.52,419.29,44.29,137.64,0.6288,-1,-1,-1
45,6,939.32,406.91,67.57,153.23,0.7517,-1,-1,-1
45,7,1004.78,205.87,55.29,121.76,0.6965,-1,-1,-1
45,8,419.96,458.73,45.15,163.97,0.5875,-1,-1,-1
45,9,250.44,263.17,73.91,130.60,0.6921,-1,-1,-1
46,1,161.96,297.15,62.94,146.30,0.5640,-1,-1,-1
46,2,370.97,346.77,62.44,141.78,0.6729,-1,-1,-1
46,4,616.51,325.81,67.52,134.70,0.7684,-1,-1,-1
46,5,1063.11,416.94,41.66,140.64,0.6574,-1,-1,-1
46,6,928.89,404.89,78.36,154.55,0.7473,-1,-1,-1
46,7,999.38,206.48,58.56,123.05,0.7002,-1,-1,-1
46,8,420.14,462.70,42.81,158.83,0.6583,-1,-1,-1
46,9,251.95,262.87,68.23,131.56,0.6411,-1,-1,-1
47,1,163.81,296.85,53.46,147.60,0.6650,-1,-1,-1
47,2,373.71,346.71,66.37,144.31,0.7818,-1,-1,-1
47,4,618.53,325.62,62.30,134.45,0.7522,-1,-1,-1
47,5,1058.65,414.73,43.15,142.14,0.6382,-1,-1,-1
47,6,920.59,405.27,87.50,152.61,0.7906,-1,-1,-1
47,7,997.06,205.89,60.48,124.82,0.6575,-1,-1,-1
47,8,419.30,465.24,43.84,156.30,0.7332,-1,-1,-1
47,9,254.78,262.56,60.46,132.28,0.5861,-1,-1,-1
48,1,165.27,296.60,47.94,148.80,0.7059,-1,-1,-1
48,2,375.61,347.56,68.19,142.74,0.7675,-1,-1,-1
48,4,620.74,325.66,56.07,134.08,0.7190,-1,-1,-1
48,5,1042.61,416.27,59.06,139.87,0.6598,-1,-1,-1
48,6,915.06,405.94,94.67,151.88,0.8153,-1,-1,-1
48,7,995.27,207.54,64.87,125.18,0.6310,-1,-1,-1
48,8,410.20,465.73,55.34,155.41,0.7602,-1,-1,-1
48,9,256.73,262.75,55.20,132.51,0.6047,-1,-1,-1
49,1,167.90,296.52,44.28,149.25,0.6409,-1,-1,-1
49,2,380.77,348.29,67.77,140.99,0.7173,-1,-1,-1
49,4,625.21,325.35,53.71,134.55,0.7021,-1,-1,-1
49,5,1034.87,415.40,67.07,140.65,0.6948,-1,-1,-1
49,6,914.81,405.74,93.52,151.70,0.8227,-1,-1,-1
49,7,994.37,209.22,66.03,124.01,0.7666,-1,-1,-1
49,8,401.95,465.80,68.15,154.43,0.7706,-1,-1,-1
49,9,261.48,263.00,50.80,134.00,0.7186,-1,-1,-1
50,1,168.47,296.74,44.36,146.82,0.6210,-1,-1,-1
50,2,382.70,347.06,66.89,141.89,0.6992,-1,-1,-1
50,4,627.61,325.53,52.36,135.28,0.7067,-1,-1,-1
50,5,1031.19,414.09,69.42,140.37,0.7032,-1,-1,-1
50,6,915.82,405.48,88.41,151.85,0.7155,-1,-1,-1
50,7,991.69,210.45,67.88,122.72,0.7663,-1,-1,-1
50,8,397.91,465.03,74.75,154.67,0.7543,-1,-1,-1
50,9,264.00,263.60,49.40,138.96,0.6927,-1,-1,-1
51,1,166.32,296.80,47.92,145.28,0.6194,-1,-1,-1
51,2,384.81,345.44,64.19,143.31,0.7206,-1,-1,-1
51,4,627.34,326.32,53.77,134.48,0.6739,-1,-1,-1
51,5,1031.88,415.62,66.73,135.81,0.6590,-1,-1,-1
51,6,917.05,405.37,80.99,151.56,0.6860,-1,-1,-1
51,7,993.80,211.95,65.19,121.89,0.7408,-1,-1,-1
51,8,394.72,463.95,80.48,155.29,0.7714,-1,-1,-1
51,9,265.79,266.47,48.85,138.60,0.7404,-1,-1,-1
52,1,162.76,296.83,52.69,145.40,0.6676,-1,-1,-1
52,2,386.64,342.78,62.74,144.09,0.7153,-1,-1,-1
52,4,625.07,327.32,57.64,133.59,0.7111,-1,-1,-1
52,6,918.51,407.35,71.82,148.95,0.6759,-1,-1,-1
52,7,999.24,212.88,58.56,121.16,0.7282,-1,-1,-1
52,8,395.95,465.14,80.02,153.46,0.7805,-1,-1,-1
52,9,267.56,268.42,50.45,139.38,0.7742,-1,-1,-1
53,1,158.55,297.92,60.13,144.67,0.7167,-1,-1,-1
53,2,388.22,342.41,60.45,144.50,0.6882,-1,-1,-1
53,4,624.36,328.08,59.86,133.38,0.7145,-1,-1,-1
53,5,1034.53,417.08,52.57,129.14,0.5509,-1,-1,-1
53,6,918.90,409.16,61.68,147.96,0.6473,-1,-1,-1
53,7,1004.93,213.71,50.29,120.50,0.6828,-1,-1,-1
53,8,397.55,466.53,77.99,151.21,0.7735,-1,-1,-1
53,9,269.88,270.15,52.10,138.94,0.7508,-1,-1,-1
54,1,159.63,298.11,65.12,144.10,0.7590,-1,-1,-1
54,2,391.80,343.47,58.33,145.41,0.8108,-1,-1,-1
54,4,627.17,329.61,59.73,132.10,0.6720,-1,-1,-1
54,5,1032.74,415.52,45.73,134.79,0.5632,-1,-1,-1
54,7,1008.97,214.31,43.42,122.05,0.6733,-1,-1,-1
54,8,401.61,468.08,69.76,149.38,0.7381,-1,-1,-1
54,9,272.54,271.28,54.17,137.81,0.7731,-1,-1,-1
55,1,159.87,298.72,68.67,143.19,0.7944,-1,-1,-1
55,2,393.18,343.51,56.58,145.15,0.8148,-1,-1,-1
55,4,628.99,329.81,60.96,130.60,0.6925,-1,-1,-1
55,7,1009.90,213.37,41.85,123.13,0.6669,-1,-1,-1
55,8,403.86,467.22,62.19,149.17,0.7348,-1,-1,-1
55,9,275.37,272.07,52.42,138.13,0.7551,-1,-1,-1
56,1,162.51,299.06,69.49,143.24,0.8004,-1,-1,-1
56,2,394.09,344.47,55.39,143.80,0.7971,-1,-1,-1
56,4,630.74,330.17,62.59,130.50,0.6907,-1,-1,-1
56,7,1010.40,213.72,41.70,125.20,0.6552,-1,-1,-1
56,8,404.71,466.03,56.90,148.72,0.7169,-1,-1,-1
56,9,278.08,272.76,51.01,137.90,0.7593,-1,-1,-1
57,1,164.83,299.11,70.22,143.95,0.8185,-1,-1,-1
57,2,395.83,346.88,54.07,140.83,0.7353,-1,-1,-1
57,4,632.33,330.05,68.04,133.77,0.6906,-1,-1,-1
57,5,1014.36,412.68,59.25,139.79,0.5759,-1,-1,-1
57,6,893.78,409.65,67.31,145.52,0.5723,-1,-1,-1
57,7,1009.53,214.67,43.02,127.68,0.6762,-1,-1,-1
57,8,404.16,464.66,51.56,148.94,0.6824,-1,-1,-1
57,9,280.72,273.84,53.67,138.22,0.7268,-1,-1,-1
58,1,167.26,299.11,70.57,144.38,0.8017,-1,-1,-1
58,2,396.28,349.49,55.12,137.30,0.7186,-1,-1,-1
58,4,635.79,329.82,69.62,135.94,0.7474,-1,-1,-1
58,5,1006.26,414.72,65.89,138.28,0.6389,-1,-1,-1
58,6,885.42,404.96,74.80,151.27,0.7081,-1,-1,-1
58,7,1009.13,216.17,43.09,127.83,0.6657,-1,-1,-1
58,8,402.13,463.42,49.81,149.25,0.6873,-1,-1,-1
58,9,281.51,275.05,55.62,135.92,0.7295,-1,-1,-1
59,1,173.97,299.00,68.43,144.34,0.7659,-1,-1,-1
59,2,395.16,352.28,58.34,139.47,0.7169,-1,-1,-1
59,4,640.60,331.86,74.11,135.84,0.7300,-1,-1,-1
59,5,998.74,415.13,75.46,138.38,0.6951,-1,-1,-1
59,6,877.39,404.89,85.44,151.36,0.7841,-1,-1,-1
59,7,1007.94,220.63,45.30,124.46,0.7717,-1,-1,-1
59,8,399.17,460.77,50.53,151.34,0.6869,-1,-1,-1
59,9,284.73,276.42,55.23,134.22,0.7846,-1,-1,-1
60,1,178.07,298.10,66.66,145.42,0.7558,-1,-1,-1
60,2,397.16,354.86,57.52,133.84,0.7582,-1,-1,-1
60,4,644.26,333.33,76.59,137.46,0.6767,-1,-1,-1
60,5,996.15,417.88,79.09,135.89,0.7589,-1,-1,-1
60,6,873.50,404.63,90.14,150.35,0.8319,-1,-1,-1
60,7,1008.57,224.52,46.50,118.86,0.7336,-1,-1,-1
60,8,395.79,462.97,52.72,149.29,0.7102,-1,-1,-1
60,9,285.57,276.99,54.74,132.94,0.7843,-1,-1,-1
61,1,181.08,297.73,65.06,146.25,0.7441,-1,-1,-1
61,2,395.10,356.73,61.44,133.78,0.6562,-1,-1,-1
61,4,646.41,334.03,79.12,139.75,0.7344,-1,-1,-1
61,5,995.76,421.24,80.06,132.82,0.7834,-1,-1,-1
61,6,872.08,403.70,91.10,150.12,0.8488,-1,-1,-1
61,7,1008.37,224.71,47.97,121.54,0.7126,-1,-1,-1
61,8,393.24,463.00,56.32,150.15,0.6547,-1,-1,-1
61,9,286.21,277.49,54.73,132.58,0.7500,-1,-1,-1
62,1,182.88,297.70,64.24,145.10,0.7176,-1,-1,-1
62,2,391.97,358.42,66.09,133.25,0.6718,-1,-1,-1
62,4,650.16,335.77,78.92,140.22,0.7582,-1,-1,-1
62,5,996.43,422.78,80.03,131.69,0.7983,-1,-1,-1
62,6,873.14,402.75,88.93,150.81,0.8626,-1,-1,-1
62,7,1008.70,225.84,48.46,121.69,0.7328,-1,-1,-1
62,8,388.00,460.38,63.28,152.76,0.6221,-1,-1,-1
62,9,286.56,277.46,55.31,131.22,0.7605,-1,-1,-1
63,1,184.75,298.15,62.06,144.14,0.6581,-1,-1,-1
63,2,391.65,359.39,67.41,132.62,0.6120,-1,-1,-1
63,4,654.14,337.72,77.33,138.10,0.7329,-1,-1,-1
63,5,997.69,423.87,78.09,131.66,0.8078,-1,-1,-1
63,6,874.87,401.02,81.64,150.72,0.7877,-1,-1,-1
63,7,1009.51,227.25,49.08,121.19,0.7224,-1,-1,-1
63,8,383.20,460.80,69.70,151.62,0.6595,-1,-1,-1
63,9,284.75,277.85,59.08,130.84,0.7437,-1,-1,-1
64,1,191.19,298.75,48.63,144.72,0.7081,-1,-1,-1
64,2,392.00,359.65,70.43,131.00,0.6898,-1,-1,-1
64,4,668.55,340.20,67.83,134.54,0.7165,-1,-1,-1
64,5,1003.28,417.95,69.84,137.26,0.7714,-1,-1,-1
64,6,874.95,399.39,69.53,149.29,0.7767,-1,-1,-1
64,7,1012.37,227.59,49.91,121.29,0.7621,-1,-1,-1
64,8,382.96,461.21,73.65,150.73,0.7610,-1,-1,-1
64,9,284.56,277.99,60.92,130.81,0.8097,-1,-1,-1
65,1,194.31,297.04,41.14,147.86,0.6945,-1,-1,-1
65,2,392.91,360.35,70.92,126.29,0.6436,-1,-1,-1
65,4,676.42,341.38,62.99,133.70,0.6987,-1,-1,-1
65,5,1005.46,416.43,62.69,139.10,0.7203,-1,-1,-1
65,6,873.85,397.04,60.52,149.54,0.7186,-1,-1,-1
65,7,1012.66,226.25,52.36,123.11,0.7189,-1,-1,-1
65,8,383.36,461.70,76.00,149.69,0.7571,-1,-1,-1
65,9,284.37,278.32,62.96,131.20,0.8142,-1,-1,-1
66,1,196.53,295.13,38.05,151.09,0.6657,-1,-1,-1
66,2,397.31,360.38,69.74,126.53,0.6646,-1,-1,-1
66,4,682.66,342.32,58.13,133.01,0.6202,-1,-1,-1
66,5,1008.92,420.97,51.98,134.80,0.6511,-1,-1,-1
66,6,876.34,394.99,51.29,150.09,0.7587,-1,-1,-1
66,7,1012.49,224.57,52.78,125.82,0.8101,-1,-1,-1
66,8,384.95,462.28,75.98,148.48,0.7680,-1,-1,-1
66,9,285.46,278.52,63.50,132.96,0.7905,-1,-1,-1
67,1,197.95,296.64,36.24,150.26,0.6659,-1,-1,-1
67,2,401.09,360.81,67.93,125.82,0.6635,-1,-1,-1
67,4,687.58,342.85,53.81,132.37,0.6822,-1,-1,-1
67,5,1012.03,422.52,43.92,132.64,0.6439,-1,-1,-1
67,6,876.97,394.06,46.41,150.51,0.7952,-1,-1,-1
67,7,1012.27,224.28,54.01,127.23,0.8101,-1,-1,-1
67,8,387.52,461.28,74.89,149.20,0.7914,-1,-1,-1
67,9,286.63,278.61,64.07,134.20,0.7764,-1,-1,-1
67,10,784.62,230.90,61.53,113.35,0.5646,-1,-1,-1
68,1,199.27,300.38,36.66,146.67,0.6587,-1,-1,-1
68,2,404.54,361.76,65.03,124.74,0.7406,-1,-1,-1
68,4,692.13,343.00,51.20,132.47,0.6857,-1,-1,-1
68,5,1012.15,423.71,42.14,132.67,0.6954,-1,-1,-1
68,6,875.52,393.77,45.87,149.47,0.7707,-1,-1,-1
68,7,1016.88,225.43,50.37,125.80,0.8002,-1,-1,-1
68,8,389.59,460.58,72.69,149.46,0.7898,-1,-1,-1
68,9,289.19,278.84,63.20,134.79,0.7677,-1,-1,-1
68,10,786.70,234.93,64.06,111.21,0.5714,-1,-1,-1
69,1,200.40,301.82,39.25,145.40,0.7129,-1,-1,-1
69,2,406.71,362.03,62.42,126.50,0.7631,-1,-1,-1
69,4,696.24,343.61,49.25,131.83,0.6133,-1,-1,-1
69,5,1008.04,424.05,46.32,131.91,0.7161,-1,-1,-1
69,6,869.75,394.02,49.72,148.14,0.7279,-1,-1,-1
69,7,1019.25,226.97,48.32,124.27,0.7684,-1,-1,-1
69,8,390.47,460.29,69.46,149.68,0.7933,-1,-1,-1
69,9,291.02,279.09,62.79,135.01,0.7560,-1,-1,-1
69,10,789.42,236.70,64.99,109.50,0.5558,-1,-1,-1
69,14,400.08,125.10,55.78,157.49,0.5866,-1,-1,-1
70,1,204.11,298.46,41.02,148.12,0.6423,-1,-1,-1
70,2,410.60,362.62,57.36,127.81,0.7270,-1,-1,-1
70,4,701.84,344.31,51.78,130.60,0.6680,-1,-1,-1
70,5,996.57,425.57,57.27,131.33,0.7390,-1,-1,-1
70,6,856.87,395.08,63.52,147.07,0.7109,-1,-1,-1
70,7,1022.10,227.73,47.00,124.19,0.7574,-1,-1,-1
70,8,391.61,460.28,63.51,148.96,0.7534,-1,-1,-1
70,9,294.52,279.85,62.33,134.00,0.7508,-1,-1,-1
70,10,794.60,239.01,66.34,107.80,0.5632,-1,-1,-1
70,14,398.33,128.57,61.67,155.24,0.6436,-1,-1,-1
71,1,206.47,297.83,42.94,149.42,0.6804,-1,-1,-1
71,2,412.29,363.18,53.48,128.39,0.6893,-1,-1,-1
71,4,704.78,344.25,56.51,129.49,0.7241,-1,-1,-1
71,5,987.11,426.70,65.64,131.00,0.7475,-1,-1,-1
71,6,843.34,395.34,78.57,146.23,0.7723,-1,-1,-1
71,7,1023.41,228.45,45.33,121.14,0.7266,-1,-1,-1
71,8,391.40,459.77,57.87,148.65,0.7226,-1,-1,-1
71,9,295.50,280.45,62.89,133.57,0.7565,-1,-1,-1
71,10,797.95,238.95,64.98,107.52,0.5817,-1,-1,-1
71,14,396.81,129.11,65.48,155.02,0.6751,-1,-1,-1
72,1,208.58,297.56,44.37,149.25,0.6741,-1,-1,-1
72,2,411.63,362.56,53.15,130.15,0.6857,-1,-1,-1
72,4,707.64,344.28,61.44,129.40,0.7446,-1,-1,-1
72,5,981.41,429.46,70.96,129.75,0.7514,-1,-1,-1
72,6,836.61,395.81,87.41,145.63,0.7884,-1,-1,-1
72,7,1023.39,229.23,45.49,120.84,0.7079,-1,-1,-1
72,8,391.45,459.17,52.36,149.68,0.7031,-1,-1,-1
72,9,296.84,281.01,62.67,132.99,0.7153,-1,-1,-1
72,10,801.10,239.85,63.92,106.69,0.5643,-1,-1,-1
72,14,396.19,129.66,68.23,155.25,0.6692,-1,-1,-1
73,1,209.89,296.93,45.26,149.74,0.6765,-1,-1,-1
73,2,410.90,362.56,53.72,130.97,0.7115,-1,-1,-1
73,4,710.33,345.60,64.19,128.35,0.7898,-1,-1,-1
73,5,979.61,432.15,73.51,128.60,0.7724,-1,-1,-1
73,6,834.87,396.14,90.27,145.45,0.8081,-1,-1,-1
73,7,1022.28,229.56,47.05,121.30,0.6951,-1,-1,-1
73,8,391.05,459.96,46.85,146.07,0.7253,-1,-1,-1
73,9,297.40,281.25,62.67,133.08,0.7090,-1,-1,-1
73,14,397.65,129.32,68.64,155.81,0.6782,-1,-1,-1
74,1,211.30,296.41,46.69,150.51,0.6790,-1,-1,-1
74,2,410.66,362.96,53.88,130.51,0.6866,-1,-1,-1
74,4,712.16,347.06,65.69,127.19,0.7820,-1,-1,-1
74,5,979.76,431.16,74.18,129.82,0.7506,-1,-1,-1
74,6,835.00,396.40,90.64,145.35,0.8121,-1,-1,-1
74,7,1020.70,228.33,48.62,123.97,0.5517,-1,-1,-1
74,8,389.88,459.38,45.28,148.79,0.7152,-1,-1,-1
74,9,297.88,281.39,62.10,133.29,0.6668,-1,-1,-1
74,14,399.12,130.47,68.00,154.55,0.6699,-1,-1,-1
75,1,215.45,296.09,47.93,150.29,0.7062,-1,-1,-1
75,2,410.36,364.28,55.63,131.42,0.7310,-1,-1,-1
75,4,715.83,348.45,66.01,125.88,0.7409,-1,-1,-1
75,5,979.71,432.30,76.62,130.56,0.7694,-1,-1,-1
75,6,837.03,395.57,85.66,146.47,0.7782,-1,-1,-1
75,8,389.23,459.03,47.66,150.04,0.7441,-1,-1,-1
75,9,298.24,281.50,61.34,132.98,0.5710,-1,-1,-1
75,14,401.73,131.70,67.59,153.61,0.6410,-1,-1,-1
76,1,217.48,297.21,48.75,150.44,0.7039,-1,-1,-1
76,2,410.79,365.34,55.63,131.26,0.7493,-1,-1,-1
76,4,717.86,348.80,66.27,125.24,0.7677,-1,-1,-1
76,5,980.56,432.82,75.88,131.02,0.7067,-1,-1,-1
76,6,838.92,393.85,77.30,145.77,0.7166,-1,-1,-1
76,7,1022.78,230.89,48.09,127.58,0.5960,-1,-1,-1
76,8,388.30,459.37,49.60,149.11,0.7547,-1,-1,-1
76,9,298.97,281.75,59.96,134.28,0.6739,-1,-1,-1
76,14,403.13,133.17,66.48,152.43,0.6328,-1,-1,-1
77,1,219.82,299.20,45.97,147.39,0.7331,-1,-1,-1
77,2,411.67,366.05,55.33,131.10,0.7602,-1,-1,-1
77,4,720.17,348.56,66.49,125.62,0.7673,-1,-1,-1
77,5,981.71,432.18,70.78,132.34,0.6859,-1,-1,-1
77,6,841.53,392.60,67.27,146.40,0.7055,-1,-1,-1
77,7,1023.72,231.27,47.74,131.26,0.6082,-1,-1,-1
77,8,386.14,459.42,52.77,146.93,0.7485,-1,-1,-1
77,9,299.07,281.58,59.44,136.79,0.7619,-1,-1,-1
77,14,404.62,130.87,63.61,154.80,0.6310,-1,-1,-1
78,1,223.16,300.93,42.43,145.17,0.7336,-1,-1,-1
78,2,413.04,366.47,55.29,130.67,0.7730,-1,-1,-1
78,4,721.59,349.03,67.02,125.47,0.7413,-1,-1,-1
78,5,983.79,434.28,62.91,130.10,0.6728,-1,-1,-1
78,6,844.14,391.91,55.25,147.53,0.6549,-1,-1,-1
78,7,1024.67,231.39,46.73,131.07,0.5756,-1,-1,-1
78,8,382.21,458.86,57.14,148.32,0.7387,-1,-1,-1
78,9,298.95,281.30,60.44,138.64,0.8016,-1,-1,-1
78,14,406.10,134.42,59.26,151.18,0.5820,-1,-1,-1
79,1,225.98,301.84,40.53,144.57,0.7303,-1,-1,-1
79,2,413.33,366.94,56.04,130.69,0.7520,-1,-1,-1
79,4,723.00,347.71,68.77,126.27,0.7567,-1,-1,-1
79,5,988.96,435.59,52.84,129.92,0.7080,-1,-1,-1
79,6,846.16,390.51,42.55,146.05,0.6480,-1,-1,-1
79,7,1026.72,230.56,46.98,130.82,0.5710,-1,-1,-1
79,8,378.14,458.95,60.93,147.83,0.7366,-1,-1,-1
79,9,299.29,281.33,60.81,139.14,0.7559,-1,-1,-1
79,14,407.49,144.97,54.75,140.03,0.5524,-1,-1,-1
80,1,229.54,300.69,38.96,144.83,0.7022,-1,-1,-1
80,2,412.59,367.82,59.89,130.28,0.7312,-1,-1,-1
80,4,725.65,346.92,72.62,127.08,0.7586,-1,-1,-1
80,5,984.67,434.99,54.40,135.29,0.7197,-1,-1,-1
80,6,841.26,389.39,40.53,147.34,0.7117,-1,-1,-1
80,8,376.53,458.29,63.19,148.23,0.7252,-1,-1,-1
80,9,299.31,282.71,63.38,138.58,0.6444,-1,-1,-1
81,1,231.26,301.00,38.35,144.35,0.6743,-1,-1,-1
81,2,410.49,368.06,65.45,129.50,0.7524,-1,-1,-1
81,4,726.79,346.05,74.97,127.83,0.7320,-1,-1,-1
81,5,980.35,434.58,57.59,139.90,0.6536,-1,-1,-1
81,6,834.94,389.63,43.80,147.65,0.6568,-1,-1,-1
81,8,376.00,457.08,63.78,148.99,0.7200,-1,-1,-1
81,9,298.98,283.07,66.26,139.16,0.6539,-1,-1,-1
81,14,411.78,133.65,49.55,150.29,0.5516,-1,-1,-1
82,1,233.11,301.68,37.44,143.91,0.6825,-1,-1,-1
82,2,409.06,368.33,69.45,127.65,0.8002,-1,-1,-1
82,4,727.69,345.22,76.45,128.44,0.6898,-1,-1,-1
82,5,985.21,434.54,52.83,144.21,0.6002,-1,-1,-1
82,6,824.84,389.85,53.08,148.61,0.6108,-1,-1,-1
82,7,1030.61,230.60,49.24,129.96,0.6482,-1,-1,-1
82,8,376.16,455.87,63.20,149.47,0.6872,-1,-1,-1
82,9,297.26,284.12,70.74,138.79,0.6639,-1,-1,-1
83,1,236.08,302.04,35.77,144.03,0.7229,-1,-1,-1
83,2,408.40,368.49,71.36,126.04,0.8002,-1,-1,-1
83,4,728.41,345.97,74.96,127.65,0.6669,-1,-1,-1
83,5,983.74,437.21,54.01,145.07,0.6058,-1,-1,-1
83,6,814.61,390.10,62.76,148.39,0.7187,-1,-1,-1
83,7,1032.42,231.46,51.29,129.17,0.6652,-1,-1,-1
83,8,377.06,455.43,58.46,148.44,0.7141,-1,-1,-1
83,9,297.48,285.37,72.18,138.21,0.7050,-1,-1,-1
84,1,238.75,301.73,34.36,144.59,0.6323,-1,-1,-1
84,2,407.72,368.16,72.21,125.52,0.7875,-1,-1,-1
84,4,728.81,345.85,74.74,127.73,0.7076,-1,-1,-1
84,5,980.55,443.71,57.85,141.41,0.6091,-1,-1,-1
84,6,806.60,389.75,71.65,147.98,0.6892,-1,-1,-1
84,7,1035.42,234.13,51.32,127.57,0.6587,-1,-1,-1
84,8,376.53,454.70,55.58,148.60,0.7405,-1,-1,-1
84,9,298.25,286.79,72.66,137.53,0.6446,-1,-1,-1
85,1,241.40,300.97,35.97,144.24,0.6060,-1,-1,-1
85,2,404.75,367.59,73.29,127.14,0.7174,-1,-1,-1
85,4,729.08,344.59,75.46,128.61,0.7814,-1,-1,-1
85,5,977.61,444.42,61.13,144.35,0.6557,-1,-1,-1
85,6,801.57,388.43,78.64,148.43,0.7948,-1,-1,-1
85,7,1037.28,233.60,55.20,129.40,0.6388,-1,-1,-1
85,8,374.73,453.65,53.96,147.61,0.7091,-1,-1,-1
86,1,244.12,300.41,33.48,145.28,0.6264,-1,-1,-1
86,2,402.47,367.40,70.94,128.44,0.7129,-1,-1,-1
86,4,728.73,344.33,76.23,128.38,0.7787,-1,-1,-1
86,5,976.92,445.65,61.51,145.02,0.6341,-1,-1,-1
86,6,797.89,387.44,82.97,148.62,0.7843,-1,-1,-1
86,7,1040.09,236.83,52.48,128.25,0.6352,-1,-1,-1
86,8,371.47,453.67,55.00,145.50,0.7250,-1,-1,-1
87,1,245.35,299.73,35.81,146.36,0.6273,-1,-1,-1
87,2,400.99,366.53,67.60,130.87,0.6554,-1,-1,-1
87,4,728.76,344.24,76.35,127.95,0.7872,-1,-1,-1
87,5,977.60,447.03,60.53,145.20,0.6737,-1,-1,-1
87,6,797.19,386.12,81.94,149.43,0.7652,-1,-1,-1
87,7,1040.93,233.29,57.55,134.34,0.6668,-1,-1,-1
87,8,368.93,452.98,55.29,145.92,0.7416,-1,-1,-1
88,1,246.70,298.50,36.61,146.97,0.6540,-1,-1,-1
88,2,397.85,366.30,66.07,132.10,0.6201,-1,-1,-1
88,4,728.79,344.01,75.96,127.73,0.7980,-1,-1,-1
88,5,979.68,448.14,56.43,144.95,0.6940,-1,-1,-1
88,6,797.01,385.14,79.26,151.22,0.7792,-1,-1,-1
88,7,1042.30,233.31,60.33,135.08,0.6844,-1,-1,-1
88,8,366.07,452.33,54.20,147.87,0.7058,-1,-1,-1
88,9,318.93,288.16,50.91,134.18,0.5718,-1,-1,-1
89,1,248.35,301.07,36.35,143.92,0.6559,-1,-1,-1
89,2,395.55,366.16,65.21,134.85,0.6386,-1,-1,-1
89,4,728.32,343.70,77.12,127.75,0.7785,-1,-1,-1
89,5,970.33,447.06,65.56,145.18,0.6843,-1,-1,-1
89,6,797.70,384.53,73.80,149.58,0.7143,-1,-1,-1
89,7,1044.11,234.57,61.17,133.94,0.6646,-1,-1,-1
89,8,363.27,451.99,54.12,148.03,0.7323,-1,-1,-1
89,9,322.10,288.24,46.59,135.27,0.5860,-1,-1,-1
90,1,252.55,302.25,35.79,142.54,0.7313,-1,-1,-1
90,2,393.82,366.08,64.43,137.25,0.6673,-1,-1,-1
90,4,728.64,343.99,77.02,126.84,0.7309,-1,-1,-1
90,5,969.06,448.58,64.95,144.11,0.7850,-1,-1,-1
90,6,800.69,382.37,57.46,147.58,0.6045,-1,-1,-1
90,7,1047.26,236.69,58.25,132.29,0.6811,-1,-1,-1
90,8,358.75,451.25,55.77,149.00,0.7629,-1,-1,-1
90,9,321.33,287.65,47.43,135.09,0.6471,-1,-1,-1
91,1,254.70,302.31,35.63,142.09,0.6506,-1,-1,-1
91,2,391.71,366.54,64.77,140.04,0.6692,-1,-1,-1
91,4,728.69,344.24,75.96,126.16,0.7035,-1,-1,-1
91,5,973.76,448.90,58.38,144.00,0.7780,-1,-1,-1
91,6,800.49,380.52,45.89,145.92,0.6958,-1,-1,-1
91,7,1048.75,242.17,57.76,127.92,0.6635,-1,-1,-1
91,8,354.63,450.63,58.27,149.40,0.7709,-1,-1,-1
91,9,319.44,287.65,50.12,136.55,0.6597,-1,-1,-1
92,1,256.78,300.09,49.14,144.53,0.6251,-1,-1,-1
92,2,390.02,367.17,65.32,141.18,0.6624,-1,-1,-1
92,4,728.91,344.24,74.12,126.08,0.7287,-1,-1,-1
92,5,978.79,449.68,51.83,143.42,0.7380,-1,-1,-1
92,6,798.53,379.54,41.59,146.79,0.6768,-1,-1,-1
92,7,1051.50,244.59,56.13,124.56,0.6510,-1,-1,-1
92,8,352.33,449.93,60.42,149.57,0.7880,-1,-1,-1
92,9,319.65,289.82,52.47,136.39,0.7138,-1,-1,-1
92,10,878.26,252.87,47.44,111.95,0.6092,-1,-1,-1
93,1,258.86,299.09,46.46,146.28,0.6719,-1,-1,-1
93,2,389.54,368.12,65.22,140.97,0.6698,-1,-1,-1
93,4,730.44,343.79,70.47,127.00,0.7220,-1,-1,-1
93,5,981.45,449.45,48.09,143.73,0.7064,-1,-1,-1
93,6,790.40,379.17,46.22,146.96,0.6859,-1,-1,-1
93,7,1052.44,244.96,58.23,124.82,0.6460,-1,-1,-1
93,8,350.69,448.51,62.59,150.32,0.7490,-1,-1,-1
93,9,317.71,291.30,56.01,134.59,0.7172,-1,-1,-1
93,10,880.33,253.70,48.77,112.11,0.7059,-1,-1,-1
94,1,260.55,298.67,43.01,145.57,0.6627,-1,-1,-1
94,2,390.50,370.86,63.95,136.05,0.6512,-1,-1,-1
94,4,732.14,343.61,66.84,126.58,0.7048,-1,-1,-1
94,5,981.86,449.42,46.81,143.68,0.7086,-1,-1,-1
94,6,784.67,379.04,49.43,146.34,0.7236,-1,-1,-1
94,7,1054.43,245.16,58.71,125.64,0.6703,-1,-1,-1
94,8,350.29,447.21,65.93,150.91,0.7355,-1,-1,-1
94,9,317.48,292.56,56.41,133.80,0.6980,-1,-1,-1
94,10,881.99,253.73,52.96,112.74,0.7643,-1,-1,-1
94,14,428.28,180.05,39.12,107.06,0.5661,-1,-1,-1
95,1,263.84,299.88,46.37,143.62,0.5872,-1,-1,-1
95,2,396.79,372.63,58.82,133.21,0.6601,-1,-1,-1
95,4,733.19,343.54,62.19,126.22,0.6453,-1,-1,-1
95,5,975.08,452.31,52.64,140.60,0.6817,-1,-1,-1
95,6,769.06,379.45,65.91,145.34,0.7647,-1,-1,-1
95,7,1059.96,242.58,55.64,130.87,0.6756,-1,-1,-1
95,8,351.31,447.08,68.34,149.90,0.7792,-1,-1,-1
95,9,320.75,291.08,55.09,134.48,0.6362,-1,-1,-1
95,10,884.79,256.53,55.75,111.08,0.7416,-1,-1,-1
96,1,264.84,300.39,53.31,141.65,0.6345,-1,-1,-1
96,2,398.66,373.61,57.26,132.03,0.6618,-1,-1,-1
96,4,732.61,343.44,60.93,126.01,0.6410,-1,-1,-1
96,5,969.87,454.86,57.05,139.46,0.6764,-1,-1,-1
96,6,758.87,380.25,76.82,144.62,0.7696,-1,-1,-1
96,7,1064.00,249.22,53.79,125.07,0.6485,-1,-1,-1
96,8,349.45,445.13,70.75,149.88,0.7312,-1,-1,-1
96,9,321.39,293.59,57.22,131.65,0.7282,-1,-1,-1
96,10,887.38,257.62,56.14,110.07,0.7109,-1,-1,-1
97,1,266.54,300.00,53.22,142.16,0.6639,-1,-1,-1
97,2,399.52,373.60,56.67,131.46,0.6813,-1,-1,-1
97,4,730.70,343.06,60.96,125.84,0.6086,-1,-1,-1
97,5,965.37,456.63,61.47,140.36,0.7024,-1,-1,-1
97,6,754.38,381.90,82.41,141.95,0.7752,-1,-1,-1
97,7,1068.52,252.63,50.57,122.13,0.6893,-1,-1,-1
97,8,347.81,444.65,72.31,149.22,0.7408,-1,-1,-1
97,9,320.83,294.46,59.39,130.08,0.7010,-1,-1,-1
97,10,889.47,259.41,57.13,108.46,0.6825,-1,-1,-1
98,1,269.79,299.87,51.01,140.11,0.6554,-1,-1,-1
98,2,399.94,373.64,57.48,132.65,0.7298,-1,-1,-1
98,4,732.75,342.76,57.86,125.49,0.5635,-1,-1,-1
98,5,964.04,457.53,62.40,141.12,0.7319,-1,-1,-1
98,6,751.19,382.29,86.92,140.83,0.8090,-1,-1,-1
98,7,1071.33,251.94,47.81,123.03,0.6911,-1,-1,-1
98,8,346.59,444.28,73.05,149.24,0.7424,-1,-1,-1
98,9,319.80,295.25,61.82,130.01,0.6786,-1,-1,-1
98,10,892.65,260.69,56.49,107.86,0.6401,-1,-1,-1
98,14,437.44,183.86,38.59,109.60,0.5650,-1,-1,-1
99,1,272.18,295.92,51.70,144.11,0.6414,-1,-1,-1
99,2,400.80,373.61,57.87,133.52,0.7654,-1,-1,-1
99,4,736.41,342.93,50.72,126.25,0.5547,-1,-1,-1
99,5,964.85,459.00,61.42,141.03,0.6988,-1,-1,-1
99,6,749.43,383.32,89.26,138.95,0.8209,-1,-1,-1
99,7,1073.36,248.63,45.96,128.90,0.6910,-1,-1,-1
99,8,345.69,445.29,73.07,148.33,0.7184,-1,-1,-1
99,9,318.67,295.56,64.23,129.98,0.7019,-1,-1,-1
99,10,897.43,262.62,54.37,105.94,0.6204,-1,-1,-1
100,1,274.30,299.03,56.45,139.77,0.6938,-1,-1,-1
100,2,402.21,373.90,57.72,136.00,0.6805,-1,-1,-1
100,5,966.43,460.41,60.62,140.41,0.7196,-1,-1,-1
100,6,749.74,380.84,87.21,140.00,0.8466,-1,-1,-1
100,7,1077.07,252.35,44.34,128.56,0.6470,-1,-1,-1
100,8,341.23,444.75,70.62,148.57,0.7060,-1,-1,-1
100,10,905.11,264.36,52.56,105.55,0.5521,-1,-1,-1
101,1,275.04,300.45,59.01,136.93,0.6321,-1,-1,-1
101,2,402.12,374.05,57.18,136.99,0.6519,-1,-1,-1
101,5,967.16,461.45,59.56,139.75,0.6755,-1,-1,-1
101,6,750.91,378.74,81.34,139.82,0.8054,-1,-1,-1
101,7,1073.91,253.79,48.14,129.22,0.6925,-1,-1,-1
101,8,338.86,443.04,66.74,148.26,0.7590,-1,-1,-1
101,10,912.30,264.31,48.44,104.92,0.6101,-1,-1,-1
102,1,275.52,300.48,60.71,137.90,0.6335,-1,-1,-1
102,2,400.94,373.78,58.50,137.39,0.5883,-1,-1,-1
102,5,968.23,461.94,58.39,140.01,0.6846,-1,-1,-1
102,6,752.08,374.19,72.79,142.38,0.7105,-1,-1,-1
102,7,1070.95,253.23,51.70,128.47,0.6813,-1,-1,-1
102,8,338.52,441.63,63.35,148.09,0.7282,-1,-1,-1
102,9,328.35,295.29,55.93,125.86,0.5564,-1,-1,-1
102,10,915.48,263.88,48.41,105.36,0.6240,-1,-1,-1
103,1,278.07,301.85,59.92,136.37,0.6141,-1,-1,-1
103,2,399.52,373.74,57.67,136.47,0.5678,-1,-1,-1
103,5,971.37,462.98,55.52,138.72,0.7111,-1,-1,-1
103,6,752.49,369.34,65.18,146.02,0.7195,-1,-1,-1
103,7,1067.88,255.41,55.60,129.71,0.7303,-1,-1,-1
103,8,338.44,441.32,61.17,150.14,0.7439,-1,-1,-1
103,10,918.34,265.03,48.38,103.82,0.6329,-1,-1,-1
104,1,279.13,303.17,60.81,134.81,0.6384,-1,-1,-1
104,2,397.78,374.09,56.12,137.28,0.5935,-1,-1,-1
104,5,972.89,463.58,54.41,139.07,0.7094,-1,-1,-1
104,6,754.37,367.66,54.16,148.15,0.7040,-1,-1,-1
104,7,1070.18,255.84,54.97,129.48,0.7365,-1,-1,-1
104,8,338.84,440.97,59.77,151.17,0.7284,-1,-1,-1
104,10,920.72,266.65,47.03,102.26,0.6463,-1,-1,-1
105,1,282.60,302.23,64.17,136.07,0.6177,-1,-1,-1
105,2,397.82,374.62,55.03,137.33,0.6237,-1,-1,-1
105,5,975.30,464.69,51.84,144.90,0.6712,-1,-1,-1
105,6,754.21,365.78,46.28,149.54,0.6305,-1,-1,-1
105,7,1079.47,255.27,49.00,130.66,0.7654,-1,-1,-1
105,8,338.37,441.37,61.38,147.56,0.6853,-1,-1,-1
105,10,926.48,269.43,46.48,108.61,0.5564,-1,-1,-1
105,14,444.38,176.55,43.16,126.07,0.5991,-1,-1,-1
106,2,396.77,374.96,54.30,137.02,0.5923,-1,-1,-1
106,5,976.96,465.17,49.40,148.40,0.6618,-1,-1,-1
106,6,746.09,363.99,50.27,150.89,0.6358,-1,-1,-1
106,7,1084.61,253.48,46.19,131.90,0.7397,-1,-1,-1
106,8,338.05,441.31,61.69,144.99,0.7164,-1,-1,-1
106,10,929.27,271.41,46.08,109.38,0.6059,-1,-1,-1
107,2,394.71,375.52,54.87,137.09,0.5928,-1,-1,-1
107,5,978.29,466.37,47.54,149.87,0.6608,-1,-1,-1
107,6,742.86,363.63,49.98,149.94,0.6027,-1,-1,-1
107,7,1088.33,256.98,45.45,128.55,0.7198,-1,-1,-1
107,8,335.11,440.91,66.16,143.89,0.6932,-1,-1,-1
107,10,930.86,273.11,45.29,110.65,0.6136,-1,-1,-1
108,2,391.03,375.32,57.46,137.84,0.6111,-1,-1,-1
108,5,978.24,468.24,46.71,149.58,0.6517,-1,-1,-1
108,6,738.91,362.77,51.61,151.25,0.5779,-1,-1,-1
108,7,1089.98,259.19,45.80,126.31,0.7193,-1,-1,-1
108,8,332.22,439.63,65.73,147.40,0.5598,-1,-1,-1
108,10,931.66,274.48,46.54,111.72,0.6479,-1,-1,-1
109,2,388.34,374.76,58.37,137.34,0.6205,-1,-1,-1
109,5,978.67,470.54,44.99,148.63,0.6561,-1,-1,-1
109,7,1088.67,261.41,49.75,124.10,0.6663,-1,-1,-1
109,8,333.69,439.47,61.43,142.73,0.5747,-1,-1,-1
109,10,932.28,276.15,47.27,111.42,0.6805,-1,-1,-1
109,14,444.67,187.70,44.00,121.53,0.6479,-1,-1,-1
110,2,386.53,374.83,60.40,138.08,0.6610,-1,-1,-1
110,5,979.23,472.54,45.88,149.14,0.6928,-1,-1,-1
110,6,733.44,362.17,49.37,160.80,0.6485,-1,-1,-1
110,7,1088.57,261.52,53.41,123.76,0.7070,-1,-1,-1
110,8,330.92,438.32,62.62,146.82,0.7144,-1,-1,-1
110,10,932.77,277.19,48.53,111.20,0.6843,-1,-1,-1
110,14,444.45,193.34,43.98,117.00,0.6229,-1,-1,-1
111,1,316.15,308.00,41.40,128.94,0.5637,-1,-1,-1
111,2,385.79,373.92,60.29,138.04,0.7028,-1,-1,-1
111,5,980.06,473.67,47.75,148.69,0.6975,-1,-1,-1
111,6,728.41,359.04,50.56,165.81,0.6294,-1,-1,-1
111,7,1088.70,262.43,54.67,121.95,0.7176,-1,-1,-1
111,8,328.37,437.26,62.63,148.25,0.6822,-1,-1,-1
111,10,931.56,278.31,49.30,110.61,0.7001,-1,-1,-1
111,14,443.36,196.06,45.40,114.44,0.6425,-1,-1,-1
112,1,319.01,309.44,40.97,131.06,0.6125,-1,-1,-1
112,2,384.35,373.93,61.14,137.16,0.7731,-1,-1,-1
112,5,981.16,474.67,50.14,147.43,0.6908,-1,-1,-1
112,6,720.37,348.49,55.83,177.21,0.6080,-1,-1,-1
112,7,1086.61,263.01,56.56,123.05,0.7601,-1,-1,-1
112,8,326.08,435.71,60.64,147.83,0.6427,-1,-1,-1
112,10,930.55,278.94,50.00,110.15,0.7115,-1,-1,-1
112,14,442.62,197.09,46.19,113.25,0.5843,-1,-1,-1
113,2,383.06,374.85,62.05,135.67,0.7088,-1,-1,-1
113,5,982.74,475.48,51.34,146.91,0.6929,-1,-1,-1
113,6,709.05,343.72,63.76,180.85,0.6899,-1,-1,-1
113,7,1084.58,263.42,58.98,124.67,0.7765,-1,-1,-1
113,8,324.53,433.74,58.00,148.51,0.5605,-1,-1,-1
113,10,929.96,279.45,50.25,109.58,0.7154,-1,-1,-1
113,14,442.06,197.33,46.57,112.69,0.5539,-1,-1,-1
114,2,379.43,374.10,66.38,135.84,0.6207,-1,-1,-1
114,5,985.32,476.25,50.67,147.20,0.7000,-1,-1,-1
114,6,703.12,341.71,67.65,182.46,0.6977,-1,-1,-1
114,7,1082.49,263.74,61.40,124.56,0.7847,-1,-1,-1
114,8,324.90,430.70,51.18,149.38,0.5759,-1,-1,-1
114,10,929.64,279.65,50.43,109.30,0.7120,-1,-1,-1
114,14,441.63,195.40,46.74,114.57,0.5578,-1,-1,-1
115,2,378.62,372.96,67.44,136.35,0.6513,-1,-1,-1
115,5,989.20,476.19,51.01,146.14,0.7301,-1,-1,-1
115,6,698.77,340.67,69.06,181.57,0.6226,-1,-1,-1
115,7,1078.75,263.86,65.62,122.33,0.8128,-1,-1,-1
115,8,317.01,429.05,50.43,150.29,0.6164,-1,-1,-1
115,10,929.72,278.94,51.24,108.53,0.6671,-1,-1,-1
115,14,440.13,194.93,48.01,114.91,0.5527,-1,-1,-1
116,2,378.52,372.28,67.20,136.22,0.6783,-1,-1,-1
116,5,991.06,476.16,51.75,145.32,0.7480,-1,-1,-1
116,7,1076.38,264.25,68.19,121.12,0.8237,-1,-1,-1
116,8,312.21,428.01,49.60,151.28,0.6771,-1,-1,-1
116,10,928.98,278.67,52.16,108.08,0.6503,-1,-1,-1
116,14,439.76,193.50,48.00,116.10,0.5621,-1,-1,-1
117,2,377.46,371.66,66.06,136.83,0.6830,-1,-1,-1
117,5,992.10,476.30,53.10,145.03,0.7511,-1,-1,-1
117,7,1074.92,264.73,69.33,120.21,0.8246,-1,-1,-1
117,8,308.95,422.94,50.37,154.73,0.6453,-1,-1,-1
117,10,927.42,278.98,53.58,108.86,0.6401,-1,-1,-1
117,14,440.01,193.83,47.71,115.81,0.5920,-1,-1,-1
118,2,373.57,371.92,65.91,136.59,0.6298,-1,-1,-1
118,5,992.97,476.50,53.96,144.38,0.7688,-1,-1,-1
118,7,1073.98,265.19,70.32,119.46,0.8430,-1,-1,-1
118,10,926.47,279.24,54.20,109.47,0.6579,-1,-1,-1
118,14,440.44,191.24,46.52,118.34,0.5959,-1,-1,-1
119,2,370.50,371.61,62.31,137.31,0.5946,-1,-1,-1
119,4,716.61,345.80,53.00,156.27,0.6588,-1,-1,-1
119,5,993.66,477.50,54.95,144.41,0.7549,-1,-1,-1
119,7,1073.70,266.12,69.20,118.66,0.8319,-1,-1,-1
119,10,925.11,279.76,54.70,108.07,0.6929,-1,-1,-1
119,14,441.07,191.49,46.70,118.53,0.6084,-1,-1,-1
120,2,369.67,372.81,53.15,134.05,0.5784,-1,-1,-1
120,4,717.06,339.09,51.98,154.30,0.7059,-1,-1,-1
120,5,994.61,479.40,56.82,144.72,0.7086,-1,-1,-1
120,6,676.16,338.94,56.47,130.20,0.5797,-1,-1,-1
120,7,1074.23,267.36,65.52,117.75,0.8139,-1,-1,-1
120,8,285.80,426.33,68.77,149.94,0.6145,-1,-1,-1
120,10,924.02,280.56,53.82,107.15,0.6705,-1,-1,-1
120,14,441.06,193.11,47.76,117.13,0.5628,-1,-1,-1
121,4,716.45,333.13,52.53,154.68,0.7248,-1,-1,-1
121,5,995.62,480.50,57.96,146.80,0.7256,-1,-1,-1
121,6,674.41,336.78,53.78,126.95,0.5612,-1,-1,-1
121,7,1075.28,268.17,61.86,117.06,0.8174,-1,-1,-1
121,10,923.56,281.27,53.14,106.78,0.6624,-1,-1,-1
122,4,716.73,329.87,52.31,152.02,0.7445,-1,-1,-1
122,5,996.82,482.08,59.83,146.83,0.6898,-1,-1,-1
122,6,672.93,337.75,52.79,125.46,0.5538,-1,-1,-1
122,7,1077.35,268.56,57.57,116.40,0.7701,-1,-1,-1
122,10,923.42,281.16,53.08,108.94,0.6987,-1,-1,-1
123,4,713.34,326.51,55.34,151.25,0.7673,-1,-1,-1
123,5,997.32,482.61,62.92,147.41,0.7237,-1,-1,-1
123,6,670.75,334.99,52.84,126.83,0.6531,-1,-1,-1
123,7,1079.29,269.17,53.80,116.50,0.7599,-1,-1,-1
123,10,922.72,281.91,52.57,107.37,0.6916,-1,-1,-1
124,4,713.68,324.30,54.18,150.02,0.7630,-1,-1,-1
124,5,997.49,483.16,65.83,147.38,0.7414,-1,-1,-1
124,6,670.15,332.05,54.37,130.87,0.6882,-1,-1,-1
124,7,1081.45,269.27,49.73,117.59,0.7366,-1,-1,-1
124,8,262.51,431.21,89.73,142.11,0.7601,-1,-1,-1
124,10,922.19,282.45,52.57,106.25,0.7341,-1,-1,-1
125,4,715.38,320.35,49.40,149.00,0.7264,-1,-1,-1
125,5,995.80,484.54,70.99,146.15,0.7730,-1,-1,-1
125,6,670.65,330.02,52.51,131.62,0.6240,-1,-1,-1
125,7,1084.57,269.97,46.24,131.79,0.6847,-1,-1,-1
125,8,259.42,432.04,89.34,140.36,0.7453,-1,-1,-1
125,10,921.60,283.20,51.03,104.94,0.7215,-1,-1,-1
125,14,441.17,197.46,46.23,109.24,0.5932,-1,-1,-1
126,4,714.53,318.95,47.74,149.32,0.7189,-1,-1,-1
126,5,994.66,485.89,74.33,146.75,0.7727,-1,-1,-1
126,6,670.48,327.15,50.82,134.46,0.6530,-1,-1,-1
126,7,1086.35,270.58,43.47,132.97,0.7323,-1,-1,-1
126,8,258.08,432.60,88.39,139.80,0.7329,-1,-1,-1
126,10,920.82,284.38,50.39,103.92,0.6787,-1,-1,-1
126,14,439.85,197.80,48.15,108.52,0.5708,-1,-1,-1
127,4,711.54,319.30,49.42,148.69,0.7106,-1,-1,-1
127,5,993.97,486.53,77.15,148.50,0.7766,-1,-1,-1
127,6,670.74,319.61,50.31,140.74,0.6683,-1,-1,-1
127,7,1088.16,271.16,41.01,125.37,0.7350,-1,-1,-1
127,8,256.93,431.53,85.85,139.37,0.7170,-1,-1,-1
127,10,920.42,285.85,49.90,102.79,0.6658,-1,-1,-1
127,14,438.61,198.34,51.15,107.14,0.5992,-1,-1,-1
128,4,711.19,320.29,48.88,148.54,0.6519,-1,-1,-1
128,5,992.60,486.74,80.99,150.21,0.7312,-1,-1,-1
128,6,670.29,317.55,51.37,142.21,0.5930,-1,-1,-1
128,7,1089.44,271.25,38.98,120.81,0.6932,-1,-1,-1
128,8,256.55,431.38,77.80,137.88,0.6906,-1,-1,-1
128,14,437.70,198.87,53.14,107.02,0.6454,-1,-1,-1
129,4,709.11,319.51,50.24,150.21,0.7058,-1,-1,-1
129,5,992.71,487.63,82.94,150.63,0.7316,-1,-1,-1
129,6,668.61,324.85,51.22,135.88,0.6297,-1,-1,-1
129,7,1089.32,272.35,38.53,117.44,0.6991,-1,-1,-1
129,8,258.48,430.37,66.79,138.26,0.5858,-1,-1,-1
129,10,920.26,287.71,48.79,104.13,0.5645,-1,-1,-1
129,14,436.37,199.37,54.88,107.63,0.6553,-1,-1,-1
130,4,708.43,318.98,48.52,150.12,0.7596,-1,-1,-1
130,5,993.26,488.52,86.77,151.24,0.7139,-1,-1,-1
130,6,665.69,327.70,48.32,133.52,0.6549,-1,-1,-1
130,7,1089.80,274.94,38.01,115.41,0.7230,-1,-1,-1
130,10,918.98,289.48,49.32,103.74,0.6075,-1,-1,-1
130,14,435.13,201.05,56.25,107.52,0.6350,-1,-1,-1
131,4,706.27,316.49,48.16,150.46,0.7245,-1,-1,-1
131,5,996.46,489.04,87.31,151.55,0.6266,-1,-1,-1
131,7,1089.58,276.75,37.89,114.64,0.7150,-1,-1,-1
131,8,256.66,429.89,49.30,138.96,0.6186,-1,-1,-1
131,10,917.82,290.08,51.44,109.02,0.6106,-1,-1,-1
131,14,436.21,200.70,54.75,108.75,0.5927,-1,-1,-1
132,4,705.45,316.76,48.25,147.38,0.7266,-1,-1,-1
132,5,999.95,489.66,87.59,151.77,0.6284,-1,-1,-1
132,7,1089.07,278.19,38.18,113.53,0.7136,-1,-1,-1
132,8,255.92,428.38,46.13,141.82,0.6316,-1,-1,-1
132,10,917.21,290.74,51.91,112.72,0.6468,-1,-1,-1
132,14,436.41,201.48,53.51,108.98,0.5989,-1,-1,-1
133,4,704.55,314.50,47.42,139.75,0.7481,-1,-1,-1
133,5,1006.85,489.78,83.77,152.47,0.6905,-1,-1,-1
133,7,1088.66,278.57,38.63,113.68,0.6963,-1,-1,-1
133,8,252.49,427.47,47.36,143.35,0.6828,-1,-1,-1
133,10,916.95,292.20,51.82,113.67,0.6149,-1,-1,-1
133,14,435.57,202.37,51.82,107.31,0.5678,-1,-1,-1
134,4,703.24,308.78,47.24,140.02,0.7607,-1,-1,-1
134,5,1018.14,490.30,74.14,152.52,0.6939,-1,-1,-1
134,7,1088.27,278.89,39.59,113.91,0.7047,-1,-1,-1
134,8,248.19,428.56,51.82,139.11,0.6333,-1,-1,-1
134,10,916.50,293.27,52.49,114.06,0.6049,-1,-1,-1
134,14,431.17,202.02,55.39,107.97,0.6087,-1,-1,-1
135,4,700.40,302.34,48.77,142.00,0.7135,-1,-1,-1
135,5,1029.81,490.95,65.95,152.94,0.7504,-1,-1,-1
135,6,657.35,318.82,45.52,119.56,0.5540,-1,-1,-1
135,7,1086.72,278.57,41.74,113.67,0.7109,-1,-1,-1
135,8,235.75,427.68,63.19,141.61,0.7641,-1,-1,-1
135,10,915.85,293.80,53.29,114.32,0.5950,-1,-1,-1
135,14,431.67,198.92,53.62,109.91,0.5508,-1,-1,-1
136,4,697.06,297.59,51.01,139.50,0.7395,-1,-1,-1
136,5,1033.60,491.55,65.42,152.15,0.7538,-1,-1,-1
136,6,656.28,316.47,44.30,117.13,0.5978,-1,-1,-1
136,7,1085.25,278.45,42.50,113.76,0.6960,-1,-1,-1
136,8,228.97,428.08,67.82,141.23,0.7325,-1,-1,-1
136,10,914.68,294.35,53.48,112.48,0.5706,-1,-1,-1
136,14,425.75,197.73,58.33,112.06,0.5911,-1,-1,-1
136,17,417.54,299.77,39.41,131.06,0.6321,-1,-1,-1
137,4,694.66,292.26,51.96,138.26,0.6176,-1,-1,-1
137,5,1038.28,492.29,63.55,151.50,0.7473,-1,-1,-1
137,6,653.87,314.05,48.10,118.78,0.5604,-1,-1,-1
137,7,1082.97,278.02,43.79,114.21,0.7040,-1,-1,-1
137,8,225.12,427.69,69.15,142.93,0.7068,-1,-1,-1
137,10,913.96,294.81,53.58,110.93,0.5643,-1,-1,-1
137,14,423.69,195.76,58.41,112.84,0.5916,-1,-1,-1
137,17,417.67,294.56,41.79,134.17,0.5956,-1,-1,-1
138,5,1043.67,493.67,61.29,151.44,0.7865,-1,-1,-1
138,6,651.68,310.02,50.79,125.61,0.6015,-1,-1,-1
138,7,1080.78,277.98,44.59,115.51,0.6828,-1,-1,-1
138,8,223.34,427.19,68.44,143.58,0.6575,-1,-1,-1
138,10,913.28,295.25,53.87,111.83,0.5966,-1,-1,-1
138,14,421.96,193.25,58.39,113.50,0.5587,-1,-1,-1
138,17,418.65,293.22,45.04,133.25,0.6569,-1,-1,-1
139,5,1048.54,494.92,59.71,152.80,0.7974,-1,-1,-1
139,6,647.75,309.45,50.24,134.96,0.6085,-1,-1,-1
139,7,1078.16,278.96,45.96,112.72,0.7299,-1,-1,-1
139,8,220.12,427.35,67.06,143.18,0.6912,-1,-1,-1
139,10,913.02,295.76,54.40,112.50,0.6353,-1,-1,-1
139,17,420.45,292.94,48.68,134.71,0.6212,-1,-1,-1
140,1,369.05,332.77,43.64,164.51,0.5924,-1,-1,-1
140,5,1055.16,495.86,57.92,156.25,0.7929,-1,-1,-1
140,6,645.38,307.09,47.44,139.57,0.5777,-1,-1,-1
140,7,1074.50,279.02,47.42,119.28,0.7648,-1,-1,-1
140,8,215.52,426.99,60.94,141.77,0.6870,-1,-1,-1
140,10,912.62,295.87,55.32,112.64,0.6199,-1,-1,-1
140,14,418.49,191.33,61.13,113.53,0.5682,-1,-1,-1
140,17,422.49,297.12,57.36,132.53,0.7098,-1,-1,-1
141,1,369.80,332.84,43.98,165.80,0.6579,-1,-1,-1
141,5,1059.07,496.38,56.82,157.08,0.7570,-1,-1,-1
141,6,642.64,302.70,48.16,143.19,0.6473,-1,-1,-1
141,7,1072.65,279.85,47.34,119.89,0.7474,-1,-1,-1
141,8,212.03,426.58,56.01,141.42,0.7177,-1,-1,-1
141,10,912.41,295.91,55.58,112.05,0.5882,-1,-1,-1
141,14,417.59,189.90,56.56,114.77,0.6011,-1,-1,-1
141,17,423.51,297.89,63.01,132.69,0.7082,-1,-1,-1
142,1,370.27,333.54,45.32,165.83,0.6905,-1,-1,-1
142,2,312.16,371.30,64.06,130.79,0.5703,-1,-1,-1
142,5,1059.95,497.95,57.94,155.70,0.7377,-1,-1,-1
142,6,640.88,297.87,48.73,145.73,0.6644,-1,-1,-1
142,7,1071.89,280.91,45.94,120.19,0.7538,-1,-1,-1
142,8,207.60,425.47,52.73,142.63,0.7108,-1,-1,-1
142,10,912.10,296.03,54.66,110.71,0.5882,-1,-1,-1
142,14,416.72,188.43,51.20,115.08,0.6392,-1,-1,-1
142,17,424.10,296.79,65.12,134.07,0.7000,-1,-1,-1
143,1,370.65,333.92,46.24,164.74,0.6870,-1,-1,-1
143,2,310.70,370.98,63.30,129.94,0.5770,-1,-1,-1
143,4,676.17,273.91,43.20,129.38,0.5561,-1,-1,-1
143,5,1062.17,498.65,58.06,155.34,0.7369,-1,-1,-1
143,6,638.61,295.46,48.56,146.01,0.6143,-1,-1,-1
143,7,1071.25,281.63,45.00,119.87,0.7065,-1,-1,-1
143,8,202.08,424.59,50.81,143.65,0.7492,-1,-1,-1
143,10,911.95,296.08,54.38,111.06,0.5923,-1,-1,-1
143,14,417.10,186.55,47.75,115.77,0.6486,-1,-1,-1
143,17,424.59,294.41,65.75,136.18,0.6889,-1,-1,-1
144,1,370.91,334.30,47.54,161.97,0.6689,-1,-1,-1
144,5,1064.56,500.44,57.99,154.49,0.7371,-1,-1,-1
144,7,1071.62,281.86,43.94,126.43,0.6776,-1,-1,-1
144,8,196.73,424.77,50.83,144.73,0.7116,-1,-1,-1
144,10,911.68,295.90,54.24,110.77,0.5810,-1,-1,-1
144,14,417.28,184.16,45.47,117.89,0.5869,-1,-1,-1
144,17,424.99,291.68,65.06,138.82,0.6875,-1,-1,-1
145,1,370.06,334.97,50.91,161.33,0.7230,-1,-1,-1
145,2,308.96,370.44,59.81,125.93,0.6366,-1,-1,-1
145,5,1066.16,502.39,60.13,153.48,0.7773,-1,-1,-1
145,6,633.79,279.60,50.79,149.39,0.6250,-1,-1,-1
145,7,1064.21,281.33,51.75,128.57,0.7169,-1,-1,-1
145,8,187.23,424.14,55.92,146.96,0.7659,-1,-1,-1
145,14,416.15,183.40,43.99,118.64,0.5800,-1,-1,-1
145,17,426.32,287.87,63.19,142.29,0.6736,-1,-1,-1
146,1,369.33,335.96,58.73,164.46,0.6595,-1,-1,-1
146,2,308.12,370.27,58.65,126.57,0.6409,-1,-1,-1
146,5,1065.71,503.43,63.77,152.26,0.7910,-1,-1,-1
146,6,632.04,282.59,48.55,142.86,0.5989,-1,-1,-1
146,7,1060.07,280.73,54.68,128.28,0.7043,-1,-1,-1
146,8,178.99,423.85,60.37,149.07,0.8116,-1,-1,-1
146,10,907.86,295.82,55.27,112.43,0.5999,-1,-1,-1
146,14,414.78,182.39,43.03,119.03,0.6252,-1,-1,-1
146,17,429.39,289.64,62.80,142.15,0.6523,-1,-1,-1
146,18,380.15,122.85,36.91,107.34,0.5791,-1,-1,-1
147,1,369.40,337.83,62.48,165.93,0.6659,-1,-1,-1
147,2,307.35,370.50,59.62,126.66,0.6956,-1,-1,-1
147,5,1064.91,503.95,67.32,152.64,0.7926,-1,-1,-1
147,6,631.80,284.59,47.33,139.83,0.7113,-1,-1,-1
147,7,1057.63,280.37,55.90,125.37,0.6686,-1,-1,-1
147,8,169.57,424.67,66.93,149.57,0.8104,-1,-1,-1
147,14,414.31,182.32,42.23,118.50,0.6260,-1,-1,-1
147,17,431.82,291.07,65.05,141.08,0.6150,-1,-1,-1
147,18,378.72,122.26,37.29,107.18,0.5972,-1,-1,-1
148,1,369.07,339.79,65.05,166.53,0.6493,-1,-1,-1
148,2,307.40,370.65,60.07,127.03,0.7268,-1,-1,-1
148,5,1065.26,504.66,70.03,154.59,0.8082,-1,-1,-1
148,6,632.11,289.20,46.63,134.34,0.6494,-1,-1,-1
148,7,1055.02,280.09,57.25,129.33,0.7251,-1,-1,-1
148,8,159.91,425.29,74.10,149.79,0.8262,-1,-1,-1
148,14,414.10,182.01,41.93,118.48,0.5784,-1,-1,-1
148,17,432.56,291.52,66.59,142.24,0.5958,-1,-1,-1
149,1,365.38,341.01,69.81,167.16,0.6561,-1,-1,-1
149,2,307.20,370.31,60.73,127.81,0.7464,-1,-1,-1
149,5,1069.94,505.68,67.94,155.42,0.8124,-1,-1,-1
149,6,631.71,294.33,47.02,128.24,0.5760,-1,-1,-1
149,7,1063.01,279.67,49.13,126.36,0.6787,-1,-1,-1
149,8,154.10,425.81,77.92,151.15,0.8231,-1,-1,-1
149,10,906.11,295.09,54.66,113.80,0.6177,-1,-1,-1
149,14,413.79,181.12,41.96,119.16,0.5748,-1,-1,-1
149,17,432.67,291.00,67.77,147.22,0.5914,-1,-1,-1
150,1,370.77,345.41,66.12,164.55,0.6146,-1,-1,-1
150,2,306.88,369.92,60.29,127.57,0.7054,-1,-1,-1
150,5,1081.14,505.82,59.42,157.16,0.8056,-1,-1,-1
150,6,629.77,296.88,49.88,128.63,0.5575,-1,-1,-1
150,7,1065.54,278.83,45.51,129.02,0.7427,-1,-1,-1
150,8,149.44,427.47,79.04,152.32,0.7982,-1,-1,-1
150,10,905.39,293.58,54.19,114.61,0.5605,-1,-1,-1
150,14,413.61,180.36,41.93,119.36,0.5591,-1,-1,-1
150,17,434.07,291.77,67.03,152.51,0.5774,-1,-1,-1
151,1,374.65,348.49,62.91,161.74,0.6807,-1,-1,-1
151,2,306.22,369.81,60.59,126.93,0.7081,-1,-1,-1
151,5,1087.85,505.88,54.88,158.75,0.8002,-1,-1,-1
151,6,628.21,289.18,51.15,137.07,0.6096,-1,-1,-1
151,7,1066.94,278.64,42.85,126.36,0.7453,-1,-1,-1
151,8,146.56,428.17,80.70,153.64,0.8304,-1,-1,-1
151,14,413.47,179.82,43.06,119.09,0.6062,-1,-1,-1
151,17,434.97,293.07,67.36,153.43,0.6239,-1,-1,-1
152,1,374.84,351.00,62.05,159.73,0.6954,-1,-1,-1
152,2,305.22,369.91,60.88,128.87,0.6724,-1,-1,-1
152,5,1091.53,506.12,52.79,159.29,0.7915,-1,-1,-1
152,6,626.81,262.95,54.56,163.59,0.6077,-1,-1,-1
152,7,1065.33,278.57,43.67,123.58,0.7696,-1,-1,-1
152,8,144.56,428.95,80.68,153.20,0.8295,-1,-1,-1
152,14,412.67,178.80,44.37,119.82,0.6214,-1,-1,-1
152,17,435.67,294.72,67.23,152.10,0.6298,-1,-1,-1
153,1,373.85,352.16,63.29,159.16,0.6612,-1,-1,-1
153,2,303.79,370.28,62.67,130.61,0.6258,-1,-1,-1
153,5,1093.23,505.93,52.16,159.92,0.7781,-1,-1,-1
153,6,625.62,251.12,56.43,174.47,0.6855,-1,-1,-1
153,7,1063.09,278.57,45.19,122.22,0.7453,-1,-1,-1
153,8,143.21,429.36,79.37,153.22,0.8198,-1,-1,-1
153,14,411.92,177.88,46.72,120.34,0.5910,-1,-1,-1
153,17,435.47,296.89,68.19,150.24,0.6073,-1,-1,-1
154,1,373.06,352.79,64.14,159.56,0.6795,-1,-1,-1
154,2,303.21,370.92,63.15,130.80,0.6093,-1,-1,-1
154,5,1094.18,506.57,53.18,160.01,0.7882,-1,-1,-1
154,6,624.51,244.46,55.68,176.70,0.6223,-1,-1,-1
154,7,1055.23,278.61,52.61,123.25,0.6815,-1,-1,-1
154,8,143.01,429.76,76.73,152.41,0.8246,-1,-1,-1
154,10,879.73,271.85,77.11,131.29,0.5637,-1,-1,-1
154,17,435.38,298.71,68.92,148.71,0.6497,-1,-1,-1
155,1,373.11,353.05,64.79,160.25,0.6963,-1,-1,-1
155,2,305.76,370.65,59.83,133.58,0.6492,-1,-1,-1
155,5,1098.49,508.83,55.57,159.11,0.7638,-1,-1,-1
155,6,619.98,268.11,52.25,148.61,0.6678,-1,-1,-1
155,7,1055.55,277.90,51.94,125.52,0.6980,-1,-1,-1
155,8,139.76,429.94,72.54,153.94,0.8044,-1,-1,-1
155,10,873.42,269.38,82.07,135.04,0.6095,-1,-1,-1
155,14,408.56,179.71,54.25,117.08,0.5509,-1,-1,-1
155,17,436.37,300.99,69.12,146.88,0.6713,-1,-1,-1
155,18,365.68,115.44,39.11,107.68,0.5834,-1,-1,-1
156,1,371.92,353.00,65.67,160.65,0.6752,-1,-1,-1
156,2,307.19,370.55,57.51,130.38,0.6279,-1,-1,-1
156,5,1101.04,509.85,59.65,158.73,0.7577,-1,-1,-1
156,6,615.53,244.03,53.62,170.17,0.5672,-1,-1,-1
156,7,1055.10,277.21,51.32,126.31,0.7197,-1,-1,-1
156,8,136.52,429.92,68.40,154.56,0.8168,-1,-1,-1
156,10,869.43,269.27,85.13,135.98,0.6070,-1,-1,-1
156,17,437.01,302.34,68.96,146.40,0.6868,-1,-1,-1
157,1,370.13,352.94,67.23,160.83,0.6764,-1,-1,-1
157,2,304.69,372.65,59.74,131.91,0.6103,-1,-1,-1
157,5,1103.80,510.32,63.67,158.53,0.7872,-1,-1,-1
157,7,1054.22,276.20,52.18,128.16,0.7265,-1,-1,-1
157,8,135.27,429.50,62.57,156.27,0.7757,-1,-1,-1
157,10,868.58,268.50,84.12,137.73,0.6220,-1,-1,-1
157,14,405.83,177.58,58.27,117.51,0.5860,-1,-1,-1
157,17,437.49,302.90,68.68,146.80,0.7105,-1,-1,-1
158,1,370.57,352.87,66.05,161.35,0.6980,-1,-1,-1
158,2,301.14,373.56,63.74,132.06,0.6721,-1,-1,-1
158,5,1105.30,510.81,66.44,159.14,0.8045,-1,-1,-1
158,6,609.87,234.44,55.20,175.53,0.6334,-1,-1,-1
158,7,1054.21,275.40,50.90,129.80,0.7256,-1,-1,-1
158,8,133.79,429.56,57.75,157.57,0.7611,-1,-1,-1
158,10,868.63,268.34,83.82,138.86,0.6854,-1,-1,-1
158,14,404.53,177.72,59.47,117.67,0.6011,-1,-1,-1
158,17,439.99,303.40,65.28,146.40,0.7430,-1,-1,-1
159,1,371.24,352.95,64.56,162.25,0.6896,-1,-1,-1
159,2,300.08,373.70,64.69,130.61,0.6664,-1,-1,-1
159,5,1103.42,510.25,71.02,161.30,0.8145,-1,-1,-1
159,6,609.08,227.19,56.73,181.07,0.6750,-1,-1,-1
159,7,1055.44,274.11,50.12,133.64,0.7512,-1,-1,-1
159,8,132.42,430.10,53.94,158.15,0.7416,-1,-1,-1
159,10,868.87,268.48,83.04,138.13,0.6624,-1,-1,-1
159,14,403.44,178.43,60.44,117.48,0.6414,-1,-1,-1
159,17,442.25,303.88,63.13,143.98,0.7099,-1,-1,-1
160,1,377.45,352.67,57.35,164.48,0.6910,-1,-1,-1
160,2,298.91,373.62,64.57,125.67,0.6735,-1,-1,-1
160,5,1103.25,510.38,72.86,163.34,0.8358,-1,-1,-1
160,6,606.83,225.08,60.27,183.55,0.6107,-1,-1,-1
160,7,1056.02,272.07,46.54,135.65,0.7390,-1,-1,-1
160,8,129.14,430.73,51.62,159.30,0.7461,-1,-1,-1
160,10,871.04,268.89,79.66,138.10,0.6790,-1,-1,-1
160,14,403.11,176.07,57.63,119.23,0.5805,-1,-1,-1
160,17,443.59,304.07,66.23,145.05,0.7199,-1,-1,-1
161,1,379.76,352.43,54.79,165.26,0.6893,-1,-1,-1
161,2,298.36,373.54,64.50,125.01,0.6693,-1,-1,-1
161,5,1104.85,509.80,72.16,164.77,0.8454,-1,-1,-1
161,6,604.29,228.75,63.02,180.66,0.6317,-1,-1,-1
161,7,1054.89,270.82,44.82,136.39,0.7665,-1,-1,-1
161,8,127.76,431.49,50.73,159.69,0.7339,-1,-1,-1
161,10,873.12,268.96,75.76,138.69,0.7586,-1,-1,-1
161,14,403.46,173.80,56.22,121.27,0.5583,-1,-1,-1
161,17,444.74,304.30,67.81,146.22,0.7060,-1,-1,-1
162,1,380.74,352.48,53.91,165.55,0.6541,-1,-1,-1
162,2,297.14,374.29,65.70,127.36,0.6538,-1,-1,-1
162,5,1107.57,509.75,70.48,164.91,0.8247,-1,-1,-1
162,7,1053.71,270.17,44.07,138.76,0.7752,-1,-1,-1
162,8,126.24,431.73,50.95,160.07,0.7191,-1,-1,-1
162,10,875.11,269.09,71.78,138.90,0.7866,-1,-1,-1
162,17,445.39,304.67,68.52,146.58,0.6948,-1,-1,-1
163,1,380.34,352.55,54.22,165.94,0.6521,-1,-1,-1
163,2,294.88,372.51,67.01,133.62,0.6570,-1,-1,-1
163,5,1109.05,509.39,70.43,165.97,0.8193,-1,-1,-1
163,7,1052.30,269.92,44.34,138.30,0.7811,-1,-1,-1
163,8,123.87,431.08,51.93,161.06,0.7074,-1,-1,-1
163,10,874.10,269.24,71.24,139.34,0.8041,-1,-1,-1
163,14,403.07,173.95,55.84,122.39,0.5714,-1,-1,-1
163,17,446.50,304.59,68.08,147.33,0.7116,-1,-1,-1
164,1,380.11,352.20,54.50,166.55,0.6707,-1,-1,-1
164,2,291.72,371.77,70.55,137.03,0.6942,-1,-1,-1
164,5,1111.32,509.88,68.48,166.35,0.8437,-1,-1,-1
164,7,1050.23,269.82,46.12,137.83,0.7631,-1,-1,-1
164,8,121.92,430.44,52.35,161.87,0.7226,-1,-1,-1
164,10,872.48,269.36,71.54,139.60,0.7987,-1,-1,-1
164,17,446.85,304.81,68.19,147.36,0.7002,-1,-1,-1
165,1,378.54,351.91,56.47,167.41,0.6570,-1,-1,-1
165,2,284.42,373.95,75.78,134.85,0.5823,-1,-1,-1
165,5,1116.37,511.02,68.44,166.54,0.8727,-1,-1,-1
165,7,1039.77,269.76,57.68,136.22,0.8154,-1,-1,-1
165,8,121.87,429.00,50.78,163.79,0.7533,-1,-1,-1
165,10,872.30,269.16,72.08,139.26,0.7783,-1,-1,-1
165,17,448.30,305.40,66.99,146.53,0.7086,-1,-1,-1
166,1,372.19,351.84,63.33,167.97,0.6792,-1,-1,-1
166,2,279.16,374.95,80.11,135.11,0.6589,-1,-1,-1
166,5,1118.28,511.62,68.99,166.74,0.8661,-1,-1,-1
166,6,588.68,206.51,58.82,182.04,0.5947,-1,-1,-1
166,7,1033.43,269.94,63.98,135.53,0.8167,-1,-1,-1
166,8,122.31,428.03,49.86,165.07,0.7537,-1,-1,-1
166,10,872.64,269.29,73.16,138.65,0.7771,-1,-1,-1
166,17,448.88,305.99,66.82,146.37,0.7281,-1,-1,-1
167,1,373.58,352.12,62.62,168.37,0.6963,-1,-1,-1
167,2,276.95,374.77,81.52,135.55,0.6916,-1,-1,-1
167,5,1120.06,512.09,68.80,165.98,0.8645,-1,-1,-1
167,7,1029.20,269.88,68.41,134.62,0.7968,-1,-1,-1
167,8,122.52,427.51,49.69,165.97,0.7537,-1,-1,-1
167,10,873.86,269.91,72.07,135.89,0.7487,-1,-1,-1
167,14,402.46,172.81,55.50,123.80,0.5594,-1,-1,-1
167,17,448.62,305.90,68.54,146.54,0.7330,-1,-1,-1
168,1,374.32,352.29,62.50,168.70,0.7003,-1,-1,-1
168,2,275.18,375.21,82.72,135.92,0.7338,-1,-1,-1
168,5,1123.14,512.19,67.15,165.99,0.8595,-1,-1,-1
168,7,1027.96,270.27,69.70,134.47,0.8231,-1,-1,-1
168,8,122.71,427.34,49.94,166.72,0.7469,-1,-1,-1
168,10,875.30,270.23,71.67,134.23,0.7590,-1,-1,-1
168,14,402.85,172.51,52.74,123.66,0.5710,-1,-1,-1
168,17,449.74,304.79,68.64,143.91,0.7861,-1,-1,-1
169,1,375.62,352.31,61.95,168.69,0.6775,-1,-1,-1
169,2,273.88,375.62,82.55,134.71,0.7384,-1,-1,-1
169,5,1125.90,511.97,65.36,166.21,0.8620,-1,-1,-1
169,7,1027.81,270.52,70.47,135.41,0.8248,-1,-1,-1
169,8,123.69,427.77,49.52,166.65,0.7330,-1,-1,-1
169,10,876.81,270.58,71.12,132.30,0.7429,-1,-1,-1
169,14,402.67,172.57,50.77,123.52,0.5594,-1,-1,-1
169,17,452.44,304.87,66.88,142.56,0.7355,-1,-1,-1
170,1,373.25,353.06,65.36,168.18,0.6548,-1,-1,-1
170,2,270.36,375.74,85.21,135.44,0.7196,-1,-1,-1
170,5,1129.58,511.85,64.91,166.87,0.8512,-1,-1,-1
170,7,1026.12,270.51,69.46,136.13,0.8375,-1,-1,-1
170,8,126.55,428.73,49.84,165.03,0.7462,-1,-1,-1
170,10,878.63,270.58,72.07,131.49,0.7658,-1,-1,-1
170,14,403.93,173.88,44.38,122.73,0.5508,-1,-1,-1
170,17,455.37,304.72,67.28,146.19,0.7801,-1,-1,-1
171,1,372.62,353.48,65.26,168.03,0.6627,-1,-1,-1
171,2,266.99,375.27,82.34,135.57,0.6406,-1,-1,-1
171,5,1131.23,511.91,65.95,167.40,0.8539,-1,-1,-1
171,7,1023.40,270.21,70.19,136.19,0.8388,-1,-1,-1
171,8,128.97,428.38,50.59,164.08,0.7394,-1,-1,-1
171,10,879.20,270.90,75.00,129.96,0.7725,-1,-1,-1
171,14,404.73,175.06,39.80,121.92,0.5614,-1,-1,-1
171,17,457.17,304.66,67.60,148.48,0.7812,-1,-1,-1
172,1,372.04,354.43,63.42,166.32,0.6224,-1,-1,-1
172,2,263.83,374.75,79.92,135.02,0.6867,-1,-1,-1
172,5,1131.26,511.90,67.72,168.47,0.8459,-1,-1,-1
172,6,586.54,243.36,57.17,138.66,0.5891,-1,-1,-1
172,7,1020.55,269.72,70.31,136.29,0.8021,-1,-1,-1
172,8,130.77,427.12,51.68,163.25,0.7424,-1,-1,-1
172,10,879.74,271.35,80.12,128.97,0.7657,-1,-1,-1
172,17,458.23,304.81,68.91,148.88,0.7658,-1,-1,-1
173,1,368.66,355.30,66.41,165.51,0.5778,-1,-1,-1
173,2,260.83,373.75,74.72,133.65,0.7032,-1,-1,-1
173,5,1131.83,512.13,68.77,169.03,0.8455,-1,-1,-1
173,6,583.71,231.79,58.73,149.56,0.5835,-1,-1,-1
173,7,1024.45,268.67,62.52,136.64,0.7879,-1,-1,-1
173,8,132.67,426.07,52.33,163.19,0.7640,-1,-1,-1
173,10,879.71,272.14,87.99,127.59,0.8029,-1,-1,-1
173,14,404.66,176.56,35.97,120.43,0.5611,-1,-1,-1
173,17,458.90,304.53,70.29,149.02,0.7751,-1,-1,-1
174,1,367.00,355.77,66.84,164.36,0.5733,-1,-1,-1
174,2,258.48,371.33,73.17,136.44,0.6493,-1,-1,-1
174,5,1132.10,513.33,69.94,168.67,0.8496,-1,-1,-1
174,6,581.01,236.86,60.40,142.60,0.6210,-1,-1,-1
174,7,1030.12,267.56,53.98,136.21,0.7746,-1,-1,-1
174,8,134.23,425.36,53.93,163.38,0.7548,-1,-1,-1
174,10,880.27,272.28,90.33,128.28,0.7619,-1,-1,-1
174,14,404.35,175.60,34.49,121.24,0.5758,-1,-1,-1
174,17,459.96,303.85,70.99,149.25,0.7880,-1,-1,-1
175,1,363.19,355.12,68.00,165.50,0.6155,-1,-1,-1
175,5,1134.77,513.32,69.58,168.96,0.8292,-1,-1,-1
175,7,1033.51,266.65,47.42,134.94,0.6760,-1,-1,-1
175,8,137.06,425.69,56.61,161.11,0.7687,-1,-1,-1
175,10,880.41,272.56,82.21,131.14,0.7566,-1,-1,-1
175,17,461.55,303.39,71.60,148.74,0.7867,-1,-1,-1
176,1,344.82,356.45,84.10,165.86,0.6611,-1,-1,-1
176,2,256.92,369.12,63.27,138.08,0.6123,-1,-1,-1
176,5,1136.60,513.76,69.14,168.02,0.8091,-1,-1,-1
176,7,1034.18,265.87,44.60,136.63,0.6781,-1,-1,-1
176,8,137.11,426.09,59.23,159.02,0.7737,-1,-1,-1
176,10,880.07,272.81,80.10,132.31,0.8137,-1,-1,-1
176,17,462.12,302.71,72.80,147.99,0.7666,-1,-1,-1
177,1,345.56,355.64,81.29,160.07,0.5978,-1,-1,-1
177,2,256.59,368.43,60.26,141.92,0.6508,-1,-1,-1
177,5,1138.70,514.10,68.68,168.36,0.8056,-1,-1,-1
177,6,580.57,239.72,58.59,133.74,0.6355,-1,-1,-1
177,7,1032.93,265.57,45.05,137.30,0.6999,-1,-1,-1
177,8,137.60,425.53,62.76,159.59,0.7916,-1,-1,-1
177,10,879.29,273.41,81.19,132.79,0.8085,-1,-1,-1
177,17,462.01,302.76,72.60,145.87,0.7845,-1,-1,-1
178,1,345.10,356.02,81.00,157.46,0.5832,-1,-1,-1
178,2,256.54,367.40,58.97,148.37,0.6182,-1,-1,-1
178,5,1140.17,515.52,68.89,167.65,0.8037,-1,-1,-1
178,6,582.40,238.92,55.92,137.24,0.6238,-1,-1,-1
178,7,1034.43,264.43,42.60,139.66,0.7047,-1,-1,-1
178,8,137.53,425.12,65.99,159.87,0.8021,-1,-1,-1
178,10,876.71,273.70,85.56,132.76,0.8058,-1,-1,-1
178,17,462.08,302.57,73.05,144.29,0.7997,-1,-1,-1
179,1,345.87,357.82,79.55,155.16,0.6032,-1,-1,-1
179,2,256.32,367.19,58.57,149.70,0.6421,-1,-1,-1
179,5,1141.88,516.76,68.77,166.93,0.7836,-1,-1,-1
179,6,583.14,237.84,54.81,141.24,0.6500,-1,-1,-1
179,7,1032.45,263.91,44.22,141.15,0.6735,-1,-1,-1
179,8,137.27,424.69,70.14,160.78,0.8142,-1,-1,-1
179,10,875.36,274.56,89.33,131.80,0.7440,-1,-1,-1
179,17,462.62,302.35,72.24,143.90,0.8050,-1,-1,-1
180,1,349.09,360.03,77.21,154.23,0.6231,-1,-1,-1
180,2,255.03,368.27,61.45,149.42,0.6377,-1,-1,-1
180,5,1148.46,518.41,66.41,167.29,0.8028,-1,-1,-1
180,6,586.19,237.01,52.82,140.27,0.7127,-1,-1,-1
180,7,1031.78,263.90,46.14,142.63,0.7516,-1,-1,-1
180,8,137.84,423.97,73.45,161.36,0.7732,-1,-1,-1
180,10,874.98,274.55,94.27,133.27,0.7295,-1,-1,-1
180,17,464.82,302.61,69.45,143.76,0.8034,-1,-1,-1
181,1,351.65,361.81,75.14,155.04,0.6348,-1,-1,-1
181,2,254.04,369.30,63.05,148.35,0.6236,-1,-1,-1
181,5,1150.79,518.49,65.73,168.25,0.8059,-1,-1,-1
181,6,587.55,235.03,51.26,140.24,0.6845,-1,-1,-1
181,7,1031.74,263.77,46.91,143.14,0.7429,-1,-1,-1
181,8,138.28,422.99,74.07,161.41,0.8033,-1,-1,-1
181,10,874.57,274.80,99.40,133.76,0.7783,-1,-1,-1
181,17,465.38,302.84,68.10,143.96,0.8137,-1,-1,-1
182,1,354.99,357.81,71.87,167.28,0.6100,-1,-1,-1
182,2,250.61,371.92,67.31,148.73,0.7100,-1,-1,-1
182,5,1153.06,518.50,64.81,168.83,0.7983,-1,-1,-1
182,6,588.08,234.15,50.06,136.17,0.6746,-1,-1,-1
182,7,1032.57,263.99,47.27,143.41,0.7465,-1,-1,-1
182,8,139.14,422.21,74.84,162.08,0.7880,-1,-1,-1
182,10,875.83,276.39,98.88,131.73,0.7617,-1,-1,-1
182,14,416.07,178.97,40.36,122.01,0.5579,-1,-1,-1
182,17,465.81,303.14,68.07,144.03,0.8109,-1,-1,-1
182,19,570.47,202.27,37.37,114.11,0.5669,-1,-1,-1
183,1,357.72,357.56,67.97,170.63,0.6210,-1,-1,-1
183,2,246.81,372.98,71.82,149.08,0.7078,-1,-1,-1
183,5,1154.65,518.43,65.20,169.01,0.7823,-1,-1,-1
183,6,588.67,232.04,49.61,135.02,0.6563,-1,-1,-1
183,7,1034.57,264.18,46.82,143.10,0.7645,-1,-1,-1
183,8,142.03,421.64,72.53,163.43,0.7369,-1,-1,-1
183,10,876.91,276.60,97.12,132.15,0.7799,-1,-1,-1
183,14,417.51,179.20,42.25,122.36,0.5518,-1,-1,-1
183,17,466.14,303.37,68.73,143.24,0.7969,-1,-1,-1
183,19,570.64,201.73,37.02,116.06,0.5780,-1,-1,-1
184,1,363.02,357.92,62.30,170.69,0.5964,-1,-1,-1
184,2,240.99,373.34,78.13,149.21,0.7175,-1,-1,-1
184,5,1157.67,518.75,65.04,169.37,0.8006,-1,-1,-1
184,6,588.47,229.61,51.60,138.19,0.5791,-1,-1,-1
184,7,1036.46,263.89,46.72,143.79,0.7720,-1,-1,-1
184,8,146.31,421.13,69.36,163.77,0.6911,-1,-1,-1
184,10,878.35,276.66,97.65,132.31,0.7723,-1,-1,-1
184,17,466.13,303.76,71.94,142.21,0.7997,-1,-1,-1
185,1,368.03,363.67,59.00,165.36,0.6020,-1,-1,-1
185,2,240.29,374.02,82.60,149.85,0.7366,-1,-1,-1
185,5,1162.01,520.60,64.85,169.33,0.8322,-1,-1,-1
185,6,591.29,227.76,51.57,142.50,0.6459,-1,-1,-1
185,7,1037.43,262.78,48.39,144.31,0.7394,-1,-1,-1
185,8,148.90,418.20,70.83,167.36,0.7599,-1,-1,-1
185,10,882.51,284.77,81.33,123.81,0.5930,-1,-1,-1
185,17,466.72,303.82,75.45,140.97,0.8114,-1,-1,-1
186,1,369.29,365.96,58.08,162.24,0.5521,-1,-1,-1
186,2,240.56,374.78,84.14,149.45,0.6956,-1,-1,-1
186,5,1164.08,522.05,65.96,169.75,0.8397,-1,-1,-1
186,6,593.52,227.79,51.29,139.59,0.6958,-1,-1,-1
186,7,1037.35,261.88,48.58,144.10,0.7316,-1,-1,-1
186,8,150.98,415.91,70.99,169.40,0.7424,-1,-1,-1
186,10,885.14,287.31,72.78,120.82,0.5766,-1,-1,-1
186,17,467.30,303.69,75.80,140.42,0.7890,-1,-1,-1
187,2,242.52,375.91,83.27,148.32,0.6896,-1,-1,-1
187,5,1164.79,522.44,68.49,170.80,0.8500,-1,-1,-1
187,6,593.43,226.54,54.88,140.16,0.6435,-1,-1,-1
187,7,1037.20,261.62,48.11,142.07,0.7535,-1,-1,-1
187,8,154.10,413.02,69.47,171.68,0.7071,-1,-1,-1
187,10,887.72,289.03,68.33,117.93,0.6310,-1,-1,-1
187,17,467.51,303.50,75.41,139.78,0.7546,-1,-1,-1
188,2,244.90,376.32,82.48,147.78,0.7529,-1,-1,-1
188,5,1165.36,522.84,70.05,170.34,0.8343,-1,-1,-1
188,6,593.99,226.39,56.39,139.28,0.6552,-1,-1,-1
188,7,1036.68,261.32,47.60,141.17,0.7765,-1,-1,-1
188,8,158.81,412.60,65.57,170.17,0.7475,-1,-1,-1
188,17,468.72,303.72,73.51,138.63,0.7673,-1,-1,-1
189,1,366.88,367.89,63.95,161.18,0.5579,-1,-1,-1
189,2,246.30,376.71,83.61,147.26,0.7344,-1,-1,-1
189,5,1166.78,523.44,70.30,169.92,0.7977,-1,-1,-1
189,6,594.56,226.94,56.57,139.16,0.6021,-1,-1,-1
189,7,1035.34,261.15,48.48,140.64,0.7657,-1,-1,-1
189,8,163.24,411.15,61.98,169.90,0.7415,-1,-1,-1
189,17,471.75,304.18,68.93,137.51,0.6933,-1,-1,-1
190,1,369.23,367.80,64.51,160.51,0.6040,-1,-1,-1
190,2,249.41,376.27,78.65,145.22,0.6612,-1,-1,-1
190,5,1171.56,525.86,71.29,168.71,0.8035,-1,-1,-1
190,6,595.99,226.75,55.25,135.12,0.5831,-1,-1,-1
190,7,1033.48,261.55,52.14,135.26,0.8211,-1,-1,-1
190,8,168.44,409.90,58.94,165.74,0.7294,-1,-1,-1
191,1,370.64,367.36,65.16,160.88,0.5941,-1,-1,-1
191,2,250.91,375.73,74.94,144.59,0.7028,-1,-1,-1
191,5,1175.14,527.48,70.30,167.69,0.7955,-1,-1,-1
191,6,597.08,226.43,51.91,134.86,0.5643,-1,-1,-1
191,7,1031.48,261.81,54.78,136.38,0.7725,-1,-1,-1
191,8,173.54,412.97,55.46,160.15,0.7174,-1,-1,-1
192,1,371.48,365.73,65.34,162.93,0.5775,-1,-1,-1
192,2,252.39,375.28,69.82,144.35,0.7179,-1,-1,-1
192,5,1179.13,527.81,67.56,168.97,0.7828,-1,-1,-1
192,6,597.12,224.39,50.42,137.21,0.6261,-1,-1,-1
192,7,1031.40,262.43,55.53,136.26,0.7574,-1,-1,-1
192,8,177.34,412.41,54.79,159.28,0.7264,-1,-1,-1
192,19,578.39,191.52,35.10,112.39,0.5727,-1,-1,-1
193,2,253.28,375.06,66.98,144.81,0.7139,-1,-1,-1
193,5,1181.55,527.81,67.32,170.06,0.7967,-1,-1,-1
193,6,593.12,222.62,53.93,139.47,0.6347,-1,-1,-1
193,7,1032.24,262.92,55.12,136.69,0.7474,-1,-1,-1
193,8,179.31,408.49,55.31,161.21,0.7203,-1,-1,-1
194,1,374.28,364.96,65.54,163.03,0.5987,-1,-1,-1
194,2,253.65,374.96,64.43,144.96,0.6865,-1,-1,-1
194,5,1183.86,528.39,66.99,169.73,0.7987,-1,-1,-1
194,6,590.84,224.33,56.33,137.84,0.6574,-1,-1,-1
194,7,1035.72,263.83,51.84,136.14,0.6927,-1,-1,-1
194,8,180.83,405.18,56.94,163.32,0.7141,-1,-1,-1
194,17,470.57,304.05,73.54,141.64,0.5566,-1,-1,-1
195,1,377.46,364.40,64.31,161.97,0.5624,-1,-1,-1
195,2,255.37,374.54,63.82,145.84,0.7158,-1,-1,-1
195,5,1187.16,528.27,67.11,170.45,0.8381,-1,-1,-1
195,6,583.94,223.31,63.40,137.39,0.6060,-1,-1,-1
195,7,1042.89,264.75,46.01,133.11,0.7133,-1,-1,-1
195,8,184.22,405.42,60.31,162.65,0.7318,-1,-1,-1
195,10,905.28,280.10,98.21,119.86,0.7160,-1,-1,-1
195,17,472.15,303.04,76.59,143.12,0.6777,-1,-1,-1
196,2,257.18,374.09,65.62,146.69,0.6848,-1,-1,-1
196,5,1188.67,528.14,67.97,170.77,0.8542,-1,-1,-1
196,6,581.55,224.26,65.41,134.77,0.6063,-1,-1,-1
196,7,1045.79,265.04,43.77,132.70,0.7221,-1,-1,-1
196,8,186.85,405.18,62.63,163.15,0.6904,-1,-1,-1
196,10,906.90,279.66,100.64,119.62,0.7565,-1,-1,-1
196,17,472.75,302.99,78.04,142.87,0.6400,-1,-1,-1
197,2,257.71,374.37,67.75,146.55,0.6965,-1,-1,-1
197,5,1189.90,528.65,69.16,171.36,0.8503,-1,-1,-1
197,6,581.07,222.47,65.82,136.71,0.6519,-1,-1,-1
197,7,1048.28,265.41,42.49,135.66,0.6925,-1,-1,-1
197,8,189.16,404.64,64.55,163.31,0.6604,-1,-1,-1
197,10,908.92,279.61,100.64,121.04,0.7248,-1,-1,-1
197,17,473.46,303.49,78.94,141.57,0.6266,-1,-1,-1
198,2,258.00,374.04,70.09,148.19,0.7256,-1,-1,-1
198,5,1191.51,530.94,68.96,169.42,0.8343,-1,-1,-1
198,6,579.89,214.19,67.49,146.33,0.6461,-1,-1,-1
198,7,1049.92,264.12,42.17,138.31,0.6622,-1,-1,-1
198,8,191.60,405.15,65.79,161.56,0.6494,-1,-1,-1
198,10,911.00,279.83,100.44,122.42,0.7732,-1,-1,-1
198,17,474.06,303.57,80.83,140.98,0.5815,-1,-1,-1
199,2,259.39,373.77,72.06,149.27,0.7416,-1,-1,-1
199,5,1193.70,533.16,67.76,167.69,0.8269,-1,-1,-1
199,6,579.94,209.87,67.98,151.03,0.6664,-1,-1,-1
199,7,1050.69,262.96,43.12,140.01,0.6382,-1,-1,-1
199,8,193.37,405.04,67.39,159.95,0.7072,-1,-1,-1
199,10,912.24,280.25,99.92,123.95,0.7424,-1,-1,-1
200,1,376.19,364.62,55.91,161.84,0.5665,-1,-1,-1
200,2,262.80,372.65,76.42,149.16,0.5657,-1,-1,-1
200,5,1195.35,534.55,67.65,166.60,0.8366,-1,-1,-1
200,6,581.73,212.19,69.00,145.42,0.7109,-1,-1,-1
200,7,1054.86,263.17,45.71,139.08,0.6597,-1,-1,-1
200,8,198.24,407.07,71.17,154.24,0.6358,-1,-1,-1
200,10,915.62,281.66,98.25,123.83,0.6631,-1,-1,-1
201,1,373.51,364.96,57.94,162.40,0.6303,-1,-1,-1
201,2,266.14,372.04,78.75,148.92,0.5957,-1,-1,-1
201,5,1193.79,535.14,70.22,164.82,0.8493,-1,-1,-1
201,6,583.13,210.40,68.38,143.76,0.7414,-1,-1,-1
201,7,1056.70,263.07,49.88,138.82,0.6752,-1,-1,-1
201,8,200.99,406.38,74.62,151.61,0.7457,-1,-1,-1
201,10,917.33,282.97,98.76,122.67,0.7125,-1,-1,-1
202,1,371.53,365.75,58.63,160.58,0.6447,-1,-1,-1
202,2,267.83,371.06,84.32,149.33,0.6579,-1,-1,-1
202,5,1191.94,536.22,72.81,163.40,0.8594,-1,-1,-1
202,6,584.03,205.53,66.90,145.83,0.7634,-1,-1,-1
202,7,1057.98,262.29,51.19,139.39,0.6693,-1,-1,-1
202,8,205.27,407.38,71.94,149.28,0.8179,-1,-1,-1
202,10,919.00,283.02,98.49,122.69,0.7552,-1,-1,-1
202,23,486.76,181.80,54.47,113.22,0.6348,-1,-1,-1
203,1,368.74,366.58,61.74,160.07,0.6491,-1,-1,-1
203,2,270.43,370.62,90.68,150.23,0.5640,-1,-1,-1
203,5,1190.02,537.14,75.53,162.90,0.8569,-1,-1,-1
203,6,584.55,201.63,64.63,147.89,0.7220,-1,-1,-1
203,7,1057.86,260.46,56.34,139.93,0.7106,-1,-1,-1
203,8,208.28,408.90,74.22,146.64,0.7690,-1,-1,-1
203,10,919.58,283.69,99.22,123.12,0.7573,-1,-1,-1
203,23,487.65,180.71,57.80,118.56,0.5954,-1,-1,-1
204,1,369.74,367.06,60.37,160.66,0.6121,-1,-1,-1
204,5,1187.21,537.63,78.84,163.17,0.8425,-1,-1,-1
204,6,585.93,202.03,61.78,146.35,0.7212,-1,-1,-1
204,7,1057.16,259.61,62.16,139.68,0.7019,-1,-1,-1
204,8,209.00,412.31,81.87,144.30,0.8012,-1,-1,-1
204,10,919.35,284.50,100.46,123.10,0.7049,-1,-1,-1
204,23,489.28,179.45,56.44,118.14,0.5817,-1,-1,-1
205,1,371.58,370.54,59.03,158.58,0.6582,-1,-1,-1
205,5,1184.60,537.94,83.25,164.74,0.8187,-1,-1,-1
205,6,587.90,205.68,58.53,140.22,0.6936,-1,-1,-1
205,7,1055.63,260.63,68.06,136.13,0.7388,-1,-1,-1
205,8,209.44,417.17,90.69,140.33,0.7734,-1,-1,-1
205,10,920.63,285.13,100.84,122.69,0.6822,-1,-1,-1
205,17,482.72,298.01,71.96,143.00,0.6968,-1,-1,-1
205,23,492.79,178.98,55.16,118.57,0.5563,-1,-1,-1
206,1,365.25,371.83,65.33,157.01,0.6388,-1,-1,-1
206,5,1183.12,536.84,85.61,165.76,0.8250,-1,-1,-1
206,6,588.40,207.31,57.24,137.38,0.6838,-1,-1,-1
206,7,1054.38,261.31,70.24,134.10,0.7434,-1,-1,-1
206,8,209.30,420.17,97.89,136.90,0.7991,-1,-1,-1
206,10,923.77,286.71,98.79,121.19,0.6014,-1,-1,-1
206,17,481.88,298.19,72.19,141.96,0.7193,-1,-1,-1
206,23,494.21,180.60,57.68,119.71,0.5567,-1,-1,-1
207,1,366.41,373.19,62.82,156.46,0.6528,-1,-1,-1
207,5,1182.89,535.84,87.12,167.58,0.8377,-1,-1,-1
207,6,589.47,205.40,55.22,139.61,0.6488,-1,-1,-1
207,7,1053.12,260.44,69.00,136.67,0.7763,-1,-1,-1
207,8,210.13,422.44,103.22,133.53,0.8122,-1,-1,-1
207,10,925.92,286.27,99.14,121.69,0.6666,-1,-1,-1
207,17,480.36,299.26,73.00,140.03,0.7181,-1,-1,-1
208,1,366.15,373.97,61.84,155.60,0.6791,-1,-1,-1
208,5,1183.35,534.96,87.79,168.67,0.8488,-1,-1,-1
208,6,590.89,206.62,53.41,138.58,0.6390,-1,-1,-1
208,7,1053.46,260.52,66.56,137.84,0.7527,-1,-1,-1
208,8,211.27,424.27,104.81,130.50,0.7559,-1,-1,-1
208,10,927.43,286.31,99.43,122.24,0.7531,-1,-1,-1
208,17,479.72,298.10,72.81,141.18,0.7451,-1,-1,-1
209,1,367.23,374.73,59.58,155.37,0.7109,-1,-1,-1
209,5,1183.93,534.80,88.48,169.08,0.8388,-1,-1,-1
209,6,591.02,204.21,53.77,141.99,0.6620,-1,-1,-1
209,7,1054.33,260.39,64.34,137.86,0.7652,-1,-1,-1
209,8,214.04,425.52,108.37,128.50,0.6985,-1,-1,-1
209,10,928.01,286.31,99.65,122.88,0.7789,-1,-1,-1
209,17,480.38,298.59,71.13,140.91,0.7485,-1,-1,-1
210,1,367.54,374.75,59.27,156.25,0.6489,-1,-1,-1
210,5,1185.73,534.43,87.31,169.14,0.8357,-1,-1,-1
210,6,591.83,201.78,54.13,144.43,0.6334,-1,-1,-1
210,7,1055.65,261.06,60.56,137.20,0.7398,-1,-1,-1
210,8,226.55,397.30,124.81,155.87,0.7224,-1,-1,-1
210,10,929.04,286.38,100.36,122.71,0.7469,-1,-1,-1
210,17,479.92,301.29,70.99,137.91,0.7186,-1,-1,-1
210,23,507.95,178.81,46.56,128.39,0.5647,-1,-1,-1
211,1,367.11,373.35,60.20,157.80,0.6192,-1,-1,-1
211,5,1187.11,534.50,85.05,168.90,0.8385,-1,-1,-1
211,6,590.07,200.02,56.68,146.59,0.6361,-1,-1,-1
211,7,1056.12,261.76,57.92,136.10,0.7488,-1,-1,-1
211,8,239.88,387.78,123.25,159.71,0.5654,-1,-1,-1
211,10,929.51,286.26,100.80,122.66,0.7695,-1,-1,-1
211,17,479.32,304.12,70.93,135.27,0.6958,-1,-1,-1
212,5,1188.06,534.90,82.73,168.00,0.8392,-1,-1,-1
212,6,586.64,196.14,60.88,150.63,0.6169,-1,-1,-1
212,7,1057.66,263.72,54.50,134.47,0.7179,-1,-1,-1
212,8,260.78,382.96,106.25,160.30,0.5671,-1,-1,-1
212,10,929.79,286.11,101.15,122.73,0.7891,-1,-1,-1
212,17,478.07,304.86,72.65,134.42,0.7134,-1,-1,-1
213,1,372.95,369.78,61.57,157.53,0.5604,-1,-1,-1
213,5,1189.04,535.10,79.87,166.89,0.8261,-1,-1,-1
213,6,585.72,195.25,62.87,150.42,0.6630,-1,-1,-1
213,7,1058.14,264.21,51.74,133.54,0.6960,-1,-1,-1
213,10,930.23,286.20,101.13,122.28,0.7680,-1,-1,-1
213,17,476.29,298.51,74.75,141.02,0.7016,-1,-1,-1
214,1,374.59,366.32,61.40,160.54,0.5704,-1,-1,-1
214,5,1190.04,534.92,74.54,166.16,0.8306,-1,-1,-1
214,6,586.90,195.65,62.26,148.31,0.6598,-1,-1,-1
214,7,1058.88,265.64,50.56,131.61,0.6646,-1,-1,-1
214,10,930.63,286.09,101.02,122.20,0.7915,-1,-1,-1
214,17,475.47,294.27,75.61,145.92,0.7505,-1,-1,-1
214,23,510.44,179.22,47.22,127.18,0.6202,-1,-1,-1
215,5,1190.60,534.51,61.50,167.09,0.8020,-1,-1,-1
215,6,586.78,197.95,63.50,142.43,0.6483,-1,-1,-1
215,7,1061.17,269.31,49.95,131.16,0.7105,-1,-1,-1
215,10,931.42,285.68,100.80,122.65,0.8267,-1,-1,-1
215,17,474.06,297.45,76.84,143.19,0.7196,-1,-1,-1
215,23,511.41,177.30,45.58,129.26,0.6480,-1,-1,-1
216,5,1190.14,534.33,52.46,167.94,0.8094,-1,-1,-1
216,6,584.14,199.37,66.86,140.09,0.6897,-1,-1,-1
216,7,1062.27,272.16,49.67,128.62,0.7533,-1,-1,-1
216,10,932.35,285.39,100.07,121.86,0.8286,-1,-1,-1
216,17,473.10,300.16,78.24,140.68,0.7054,-1,-1,-1
216,23,511.43,185.80,45.90,122.54,0.6758,-1,-1,-1
217,5,1187.36,534.49,48.64,169.09,0.8339,-1,-1,-1
217,6,582.01,197.77,67.35,139.80,0.7520,-1,-1,-1
217,7,1063.07,275.44,48.95,127.19,0.7683,-1,-1,-1
217,10,932.93,285.59,99.69,120.78,0.8470,-1,-1,-1
217,17,470.55,301.02,80.21,139.91,0.6998,-1,-1,-1
217,23,509.83,188.94,48.18,121.46,0.6446,-1,-1,-1
218,5,1185.42,535.04,47.41,169.49,0.8140,-1,-1,-1
218,6,580.35,192.11,67.49,144.48,0.7217,-1,-1,-1
218,7,1063.31,277.04,48.46,129.34,0.7590,-1,-1,-1
218,10,933.53,285.56,98.92,121.78,0.8506,-1,-1,-1
218,17,470.88,301.62,78.15,138.96,0.6886,-1,-1,-1
218,23,509.91,195.06,48.45,115.73,0.6329,-1,-1,-1
219,5,1178.89,535.54,51.42,169.39,0.7737,-1,-1,-1
219,6,578.99,188.48,67.43,147.83,0.7619,-1,-1,-1
219,7,1063.07,278.46,48.41,130.47,0.6815,-1,-1,-1
219,10,933.79,285.97,98.90,121.93,0.8362,-1,-1,-1
219,17,470.41,301.58,73.63,139.35,0.6125,-1,-1,-1
219,23,511.69,198.11,47.89,112.15,0.5628,-1,-1,-1
220,5,1165.56,535.88,63.08,169.39,0.8338,-1,-1,-1
220,6,577.43,188.10,67.61,148.48,0.7922,-1,-1,-1
220,7,1061.40,280.61,56.33,131.18,0.7003,-1,-1,-1
220,10,932.76,286.17,100.46,123.95,0.8280,-1,-1,-1
220,17,465.76,300.47,70.56,142.39,0.5933,-1,-1,-1
220,23,512.01,192.66,48.27,117.89,0.5816,-1,-1,-1
221,1,358.63,346.53,62.50,146.81,0.6457,-1,-1,-1
221,5,1155.44,535.73,73.31,169.61,0.8351,-1,-1,-1
221,6,577.24,186.96,66.47,149.61,0.7907,-1,-1,-1
221,7,1060.64,281.72,56.80,132.36,0.6387,-1,-1,-1
221,10,933.42,286.30,99.85,125.14,0.8344,-1,-1,-1
221,23,514.68,186.22,46.32,124.17,0.5913,-1,-1,-1
222,1,358.11,344.87,67.17,149.57,0.5543,-1,-1,-1
222,5,1149.93,535.71,79.89,170.10,0.8443,-1,-1,-1
222,6,577.07,190.51,65.78,146.10,0.8024,-1,-1,-1
222,7,1059.93,282.03,56.84,133.64,0.6249,-1,-1,-1
222,10,933.72,286.28,100.15,127.88,0.8362,-1,-1,-1
222,23,516.51,182.70,45.37,128.02,0.6022,-1,-1,-1
223,1,358.05,345.15,67.01,148.83,0.6592,-1,-1,-1
223,5,1147.20,535.46,83.87,171.11,0.8477,-1,-1,-1
223,6,577.19,191.76,64.92,144.83,0.7878,-1,-1,-1
223,7,1058.26,281.41,58.20,135.90,0.6490,-1,-1,-1
223,10,934.43,286.43,99.95,130.32,0.8400,-1,-1,-1
223,23,517.41,180.33,45.56,130.80,0.6254,-1,-1,-1
224,1,358.15,345.62,74.86,146.55,0.6452,-1,-1,-1
224,5,1145.15,534.81,86.99,171.81,0.8601,-1,-1,-1
224,6,577.37,194.07,63.69,142.53,0.7964,-1,-1,-1
224,7,1056.24,280.32,57.12,137.81,0.7190,-1,-1,-1
224,10,935.26,286.86,99.74,134.27,0.8477,-1,-1,-1
224,23,518.06,180.45,44.69,130.09,0.5889,-1,-1,-1
225,1,351.83,347.34,82.33,142.57,0.6655,-1,-1,-1
225,5,1144.41,534.88,87.77,171.69,0.8440,-1,-1,-1
225,6,577.74,198.85,62.67,137.76,0.8192,-1,-1,-1
225,7,1052.37,279.39,51.93,139.78,0.7677,-1,-1,-1
225,10,935.59,286.99,100.21,136.11,0.8348,-1,-1,-1
225,23,518.35,176.41,47.00,132.72,0.5672,-1,-1,-1
226,1,346.60,349.28,94.77,137.62,0.7515,-1,-1,-1
226,5,1144.51,534.81,85.99,170.46,0.8301,-1,-1,-1
226,6,578.02,200.08,62.06,136.42,0.8242,-1,-1,-1
226,7,1049.99,276.95,49.85,141.69,0.7746,-1,-1,-1
226,10,936.72,287.67,99.20,136.74,0.8488,-1,-1,-1
226,23,519.62,173.21,47.95,135.53,0.5645,-1,-1,-1
227,1,343.34,349.76,96.63,135.11,0.7588,-1,-1,-1
227,5,1144.24,533.89,83.58,170.36,0.8092,-1,-1,-1
227,6,578.36,197.64,61.69,138.52,0.7908,-1,-1,-1
227,7,1048.30,275.39,49.27,142.21,0.7658,-1,-1,-1
227,10,937.53,287.77,99.91,136.26,0.8231,-1,-1,-1
227,23,519.76,169.25,49.44,139.47,0.5674,-1,-1,-1
227,24,411.84,447.10,70.85,132.95,0.5639,-1,-1,-1
228,1,337.99,349.65,99.09,133.84,0.7995,-1,-1,-1
228,5,1145.42,532.50,77.09,170.14,0.7778,-1,-1,-1
228,6,577.80,193.67,62.06,142.16,0.7419,-1,-1,-1
228,7,1048.62,273.49,47.94,142.86,0.7909,-1,-1,-1
228,10,939.60,287.89,97.08,136.63,0.8241,-1,-1,-1
228,23,522.22,166.65,46.93,139.56,0.5672,-1,-1,-1
228,24,416.93,449.47,68.37,133.53,0.7032,-1,-1,-1
229,1,335.86,349.73,100.35,134.16,0.8247,-1,-1,-1
229,5,1147.39,531.76,68.63,170.27,0.7637,-1,-1,-1
229,6,576.11,183.35,63.26,152.53,0.6816,-1,-1,-1
229,7,1047.69,272.42,48.97,143.63,0.8533,-1,-1,-1
229,10,941.65,287.19,95.15,137.34,0.8153,-1,-1,-1
229,23,524.01,165.49,44.79,138.58,0.5889,-1,-1,-1
229,24,420.77,448.50,66.26,135.17,0.8138,-1,-1,-1
230,1,334.72,347.57,98.07,136.59,0.8131,-1,-1,-1
230,5,1145.95,530.12,55.15,169.62,0.7746,-1,-1,-1
230,6,575.94,174.86,60.84,159.97,0.6983,-1,-1,-1
230,7,1043.42,273.56,55.34,145.82,0.8128,-1,-1,-1
230,10,943.41,286.82,97.45,136.85,0.7699,-1,-1,-1
230,23,524.04,160.60,46.31,144.12,0.6172,-1,-1,-1
230,24,423.40,450.40,67.60,133.24,0.7155,-1,-1,-1
231,1,334.24,345.98,95.83,138.19,0.7517,-1,-1,-1
231,5,1143.02,528.39,47.99,170.77,0.7649,-1,-1,-1
231,6,575.77,171.73,58.26,162.09,0.6622,-1,-1,-1
231,7,1039.89,274.01,59.60,148.65,0.8179,-1,-1,-1
231,10,946.54,287.43,98.78,134.82,0.6737,-1,-1,-1
231,23,524.07,159.36,47.19,145.18,0.6274,-1,-1,-1
231,24,426.60,454.53,66.78,129.22,0.7909,-1,-1,-1
231,25,461.26,362.69,91.21,102.12,0.5779,-1,-1,-1
232,1,333.89,344.51,94.88,141.47,0.8297,-1,-1,-1
232,5,1137.27,527.60,48.93,171.77,0.7793,-1,-1,-1
232,6,575.31,174.55,56.84,158.57,0.6866,-1,-1,-1
232,7,1036.29,276.60,63.50,149.45,0.8058,-1,-1,-1
232,10,949.99,286.84,95.61,134.78,0.7540,-1,-1,-1
232,23,525.07,159.57,45.60,144.19,0.6297,-1,-1,-1
232,24,429.24,457.76,65.82,126.60,0.7174,-1,-1,-1
233,1,332.43,342.87,93.84,147.52,0.8156,-1,-1,-1
233,5,1130.20,526.59,53.31,171.71,0.8147,-1,-1,-1
233,6,575.31,175.95,55.89,156.20,0.6855,-1,-1,-1
233,7,1034.64,279.36,63.48,150.50,0.7852,-1,-1,-1
233,10,951.39,286.25,90.38,134.76,0.7905,-1,-1,-1
233,23,526.09,159.52,44.34,142.15,0.5812,-1,-1,-1
233,24,430.63,458.44,65.89,125.41,0.6453,-1,-1,-1
234,1,331.09,341.87,80.21,150.19,0.7740,-1,-1,-1
234,5,1119.49,526.80,61.44,169.86,0.7996,-1,-1,-1
234,6,575.16,178.60,55.64,152.46,0.7027,-1,-1,-1
234,7,1032.64,281.83,62.50,151.29,0.8258,-1,-1,-1
234,10,956.91,285.53,85.46,135.69,0.7252,-1,-1,-1
234,23,527.43,160.02,42.55,135.73,0.6244,-1,-1,-1
234,24,434.26,461.21,63.30,121.56,0.6820,-1,-1,-1
234,25,489.67,361.16,108.25,118.55,0.6283,-1,-1,-1
235,1,327.79,342.37,68.67,148.50,0.7630,-1,-1,-1
235,5,1106.81,525.97,73.19,169.48,0.8292,-1,-1,-1
235,6,574.88,179.86,55.66,149.94,0.7069,-1,-1,-1
235,7,1030.45,284.00,60.76,154.56,0.8005,-1,-1,-1
235,10,960.00,285.54,84.28,134.02,0.6899,-1,-1,-1
235,17,451.46,295.68,74.38,145.19,0.6824,-1,-1,-1
235,23,528.32,158.82,41.86,136.52,0.5915,-1,-1,-1
235,24,437.62,464.67,63.33,117.57,0.7506,-1,-1,-1
235,25,488.48,363.44,114.48,118.26,0.6325,-1,-1,-1
236,1,324.99,346.97,62.06,152.67,0.6488,-1,-1,-1
236,5,1090.78,524.90,88.72,167.20,0.8183,-1,-1,-1
236,6,573.95,180.81,55.17,147.27,0.6517,-1,-1,-1
236,7,1029.58,286.13,53.33,157.10,0.7860,-1,-1,-1
236,17,447.38,295.64,75.06,144.73,0.7336,-1,-1,-1
236,23,529.19,157.68,40.16,137.26,0.5687,-1,-1,-1
236,24,439.37,470.05,66.20,112.36,0.7380,-1,-1,-1
236,25,497.78,369.71,107.87,110.31,0.7431,-1,-1,-1
237,1,324.93,350.22,57.98,159.97,0.6361,-1,-1,-1
237,5,1082.30,525.75,98.61,164.89,0.8335,-1,-1,-1
237,6,572.90,181.91,55.43,145.71,0.6300,-1,-1,-1
237,7,1029.34,288.07,50.33,158.53,0.7971,-1,-1,-1
237,17,442.46,295.92,77.78,144.61,0.7166,-1,-1,-1
237,24,439.95,471.69,66.79,110.90,0.7587,-1,-1,-1
237,25,507.90,372.99,97.56,111.25,0.8033,-1,-1,-1
238,1,325.05,349.70,54.01,154.62,0.6324,-1,-1,-1
238,5,1076.94,526.63,104.54,163.59,0.8517,-1,-1,-1
238,6,570.22,183.58,58.40,144.13,0.6460,-1,-1,-1
238,7,1028.73,289.95,49.38,157.97,0.7877,-1,-1,-1
238,17,438.52,297.32,78.98,142.96,0.6314,-1,-1,-1
238,24,439.91,471.36,66.69,111.55,0.7738,-1,-1,-1
238,25,513.20,373.91,92.79,119.55,0.5683,-1,-1,-1
239,5,1072.86,526.43,107.76,162.96,0.8639,-1,-1,-1
239,6,567.94,183.76,60.87,143.74,0.7099,-1,-1,-1
239,7,1028.52,291.11,49.28,156.77,0.8020,-1,-1,-1
239,17,434.83,301.57,78.64,137.75,0.6656,-1,-1,-1
239,24,439.03,466.45,66.40,116.33,0.7801,-1,-1,-1
239,25,486.75,374.25,118.07,126.94,0.5811,-1,-1,-1
240,5,1070.14,526.47,108.66,161.14,0.8844,-1,-1,-1
240,6,566.55,180.25,62.69,147.16,0.6555,-1,-1,-1
240,7,1027.82,291.56,50.31,156.20,0.8025,-1,-1,-1
240,17,431.37,303.78,78.79,137.55,0.7528,-1,-1,-1
240,24,437.02,462.44,68.69,119.74,0.6981,-1,-1,-1
240,25,478.99,375.01,125.61,133.08,0.6215,-1,-1,-1
241,1,313.12,357.61,57.73,157.83,0.6106,-1,-1,-1
241,5,1067.36,523.87,107.67,160.15,0.8924,-1,-1,-1
241,6,565.95,178.72,64.66,147.29,0.5790,-1,-1,-1
241,7,1029.70,289.80,47.95,156.46,0.7715,-1,-1,-1
241,17,425.72,307.64,79.59,132.98,0.6959,-1,-1,-1
241,27,930.38,308.44,68.11,114.32,0.6856,-1,-1,-1
242,1,312.49,358.60,57.75,157.89,0.5884,-1,-1,-1
242,5,1065.16,522.10,106.49,161.00,0.8787,-1,-1,-1
242,7,1030.08,288.71,47.20,155.94,0.7716,-1,-1,-1
242,17,422.96,309.52,79.48,130.64,0.7249,-1,-1,-1
242,25,493.62,375.54,90.79,132.41,0.6423,-1,-1,-1
242,27,919.05,308.77,79.87,113.54,0.6774,-1,-1,-1
243,5,1065.66,520.23,98.40,161.39,0.8594,-1,-1,-1
243,7,1030.38,287.83,47.07,155.46,0.7676,-1,-1,-1
243,17,420.38,308.62,82.26,132.45,0.7233,-1,-1,-1
243,25,497.57,375.42,79.19,130.20,0.6155,-1,-1,-1
243,27,909.94,306.72,87.55,115.07,0.7745,-1,-1,-1
244,1,314.37,357.00,55.51,157.44,0.5900,-1,-1,-1
244,5,1065.21,518.24,91.11,161.77,0.8744,-1,-1,-1
244,7,1031.02,286.61,48.40,154.84,0.7367,-1,-1,-1
244,17,417.08,307.36,84.86,133.66,0.7234,-1,-1,-1
244,27,908.38,305.61,86.16,115.33,0.8088,-1,-1,-1
245,5,1064.34,516.73,83.93,161.63,0.8641,-1,-1,-1
245,7,1031.14,286.06,51.88,153.46,0.6992,-1,-1,-1
245,17,414.39,306.51,80.47,133.95,0.7118,-1,-1,-1
245,27,906.35,304.17,85.65,115.78,0.7469,-1,-1,-1
246,1,317.72,352.98,53.74,154.67,0.6522,-1,-1,-1
246,5,1066.04,513.63,60.20,163.67,0.7458,-1,-1,-1
246,7,1029.71,285.15,56.01,151.47,0.6324,-1,-1,-1
246,17,408.08,303.50,79.35,136.38,0.6390,-1,-1,-1
246,25,477.65,368.79,79.91,131.20,0.6022,-1,-1,-1
246,27,887.84,303.64,91.14,114.86,0.6643,-1,-1,-1
247,1,318.20,351.48,56.08,152.97,0.6696,-1,-1,-1
247,5,1065.46,511.85,45.88,163.41,0.7489,-1,-1,-1
247,7,1027.98,285.12,59.69,149.28,0.6868,-1,-1,-1
247,17,405.44,300.69,77.96,140.22,0.6860,-1,-1,-1
247,24,402.96,443.55,92.65,139.75,0.7465,-1,-1,-1
247,25,477.16,368.32,72.98,139.73,0.7336,-1,-1,-1
247,27,874.21,303.35,92.12,113.64,0.6735,-1,-1,-1
248,1,317.72,350.37,57.26,154.01,0.6368,-1,-1,-1
248,5,1061.65,510.12,41.88,163.15,0.7674,-1,-1,-1
248,7,1026.48,285.25,61.88,147.77,0.6965,-1,-1,-1
248,17,402.98,298.52,76.87,140.93,0.6311,-1,-1,-1
248,24,396.88,442.86,95.67,140.65,0.7130,-1,-1,-1
248,25,476.44,368.49,65.49,149.45,0.6144,-1,-1,-1
248,27,865.26,303.08,89.16,112.86,0.6116,-1,-1,-1
249,1,318.68,349.61,56.18,154.85,0.6273,-1,-1,-1
249,5,1058.02,508.80,39.82,161.61,0.7453,-1,-1,-1
249,7,1025.26,283.81,60.49,148.39,0.7076,-1,-1,-1
249,17,403.10,296.08,73.84,142.23,0.6667,-1,-1,-1
249,24,393.64,445.95,94.29,135.19,0.6138,-1,-1,-1
249,25,475.63,369.87,58.09,154.03,0.6435,-1,-1,-1
249,27,857.90,301.96,85.31,113.53,0.5878,-1,-1,-1
250,5,1051.22,507.21,42.01,160.31,0.7670,-1,-1,-1
250,7,1023.68,283.07,58.45,148.85,0.7310,-1,-1,-1
250,17,403.35,294.23,68.37,127.40,0.6226,-1,-1,-1
250,25,473.96,372.17,51.72,154.92,0.5920,-1,-1,-1
250,27,851.71,300.91,79.74,114.08,0.6183,-1,-1,-1
251,5,1039.88,504.98,49.76,159.21,0.7643,-1,-1,-1
251,7,1020.50,281.68,53.84,148.26,0.7868,-1,-1,-1
251,17,401.17,291.94,65.58,130.94,0.6718,-1,-1,-1
251,27,841.26,297.89,77.80,119.04,0.7660,-1,-1,-1
252,1,321.01,350.18,72.02,148.16,0.6036,-1,-1,-1
252,5,1031.79,503.44,56.45,157.69,0.7794,-1,-1,-1
252,7,1018.87,281.10,50.65,145.48,0.7608,-1,-1,-1
252,17,398.33,291.39,68.69,138.59,0.6943,-1,-1,-1
252,27,834.36,295.74,76.79,122.81,0.8051,-1,-1,-1
253,1,318.08,350.71,78.61,148.26,0.6630,-1,-1,-1
253,5,1026.07,501.92,61.01,156.21,0.7790,-1,-1,-1
253,7,1016.54,277.33,48.23,147.46,0.7715,-1,-1,-1
253,17,394.83,292.57,70.27,145.80,0.7264,-1,-1,-1
253,25,450.90,386.87,83.57,142.21,0.6858,-1,-1,-1
253,27,838.74,295.05,64.46,123.83,0.6329,-1,-1,-1
254,1,319.44,351.35,79.79,148.44,0.6021,-1,-1,-1
254,5,1020.79,499.97,64.99,155.44,0.8224,-1,-1,-1
254,6,584.39,160.32,46.32,123.74,0.5604,-1,-1,-1
254,7,1015.68,275.46,45.30,147.38,0.7357,-1,-1,-1
254,17,393.19,293.71,65.83,139.38,0.5609,-1,-1,-1
254,24,387.05,450.43,82.76,135.71,0.5760,-1,-1,-1
254,25,444.22,389.23,82.64,138.81,0.6312,-1,-1,-1
255,1,319.05,351.76,83.87,150.36,0.6593,-1,-1,-1
255,5,1014.61,496.52,70.93,156.30,0.8046,-1,-1,-1
255,6,585.57,161.32,45.70,121.10,0.5757,-1,-1,-1
255,7,1014.63,275.38,42.81,146.28,0.6844,-1,-1,-1
255,17,391.71,295.75,64.93,134.58,0.6092,-1,-1,-1
255,25,438.68,390.76,80.56,136.14,0.6837,-1,-1,-1
255,27,825.60,294.39,60.17,122.85,0.6564,-1,-1,-1
256,1,318.55,349.17,88.36,148.99,0.6043,-1,-1,-1
256,5,1009.50,492.04,72.13,157.92,0.8008,-1,-1,-1
256,6,588.46,153.24,45.60,127.06,0.6075,-1,-1,-1
256,7,1012.15,273.64,43.00,146.11,0.6947,-1,-1,-1
256,25,436.42,393.04,76.66,131.57,0.6412,-1,-1,-1
256,27,816.58,294.10,57.78,121.16,0.7856,-1,-1,-1
257,1,314.97,346.61,94.89,148.44,0.5769,-1,-1,-1
257,5,1006.43,490.06,72.20,156.66,0.7452,-1,-1,-1
257,6,590.55,157.08,44.88,122.63,0.6281,-1,-1,-1
257,7,1011.21,272.18,42.67,146.41,0.6857,-1,-1,-1
257,17,387.10,304.15,69.23,125.00,0.6074,-1,-1,-1
257,24,388.83,446.68,80.34,136.74,0.5594,-1,-1,-1
257,25,434.96,396.30,70.62,128.67,0.6391,-1,-1,-1
257,27,809.66,292.81,54.80,120.86,0.7736,-1,-1,-1
258,1,324.04,343.08,89.91,153.03,0.6169,-1,-1,-1
258,5,1004.80,488.37,64.01,149.58,0.6727,-1,-1,-1
258,6,591.96,157.80,44.81,121.06,0.6668,-1,-1,-1
258,7,1010.24,270.96,43.19,146.67,0.6933,-1,-1,-1
258,17,388.70,306.80,65.71,123.11,0.6100,-1,-1,-1
258,24,390.30,441.92,79.70,141.61,0.6082,-1,-1,-1
258,25,434.85,399.10,68.14,128.71,0.6933,-1,-1,-1
258,27,801.26,293.73,54.99,118.09,0.7327,-1,-1,-1
259,1,327.59,342.98,88.89,153.91,0.5791,-1,-1,-1
259,5,1003.14,487.15,53.00,143.80,0.6430,-1,-1,-1
259,6,592.56,159.81,45.47,118.38,0.6633,-1,-1,-1
259,7,1010.65,270.22,42.17,145.82,0.6742,-1,-1,-1
259,17,386.72,307.92,64.42,118.53,0.6614,-1,-1,-1
259,25,433.54,402.00,66.37,129.12,0.6417,-1,-1,-1
259,27,794.95,293.56,56.45,117.11,0.7876,-1,-1,-1
260,5,1001.55,485.27,48.13,145.43,0.5692,-1,-1,-1
260,6,590.10,160.25,48.89,115.10,0.5942,-1,-1,-1
260,7,1011.00,268.18,40.39,146.07,0.6047,-1,-1,-1
260,25,431.46,403.70,67.10,129.39,0.6043,-1,-1,-1
260,27,785.98,292.53,63.69,118.00,0.7676,-1,-1,-1
261,1,334.33,349.21,89.55,134.52,0.5735,-1,-1,-1
261,5,997.53,481.73,41.10,143.60,0.6638,-1,-1,-1
261,6,595.61,160.32,46.72,113.15,0.5930,-1,-1,-1
261,7,1009.36,266.11,41.68,145.42,0.5557,-1,-1,-1
261,24,394.16,445.03,77.96,138.18,0.6610,-1,-1,-1
261,25,433.88,404.66,65.03,123.53,0.6588,-1,-1,-1
261,27,766.98,292.89,79.00,121.88,0.6088,-1,-1,-1
262,5,993.25,480.17,38.19,141.92,0.6810,-1,-1,-1
262,6,597.43,161.41,46.47,111.75,0.5803,-1,-1,-1
262,10,967.60,260.22,82.44,149.73,0.5746,-1,-1,-1
262,24,397.26,446.73,77.41,136.17,0.6648,-1,-1,-1
262,25,433.12,405.94,67.87,120.22,0.6313,-1,-1,-1
263,5,989.18,478.95,37.93,142.36,0.6752,-1,-1,-1
263,6,602.39,161.34,43.69,112.08,0.6498,-1,-1,-1
263,10,965.61,257.41,85.19,152.16,0.6189,-1,-1,-1
263,24,399.56,440.60,78.10,142.03,0.7003,-1,-1,-1
263,25,432.02,407.16,72.10,117.35,0.6197,-1,-1,-1
263,27,757.69,294.63,62.11,122.60,0.5730,-1,-1,-1
264,5,984.39,477.43,40.23,142.54,0.6462,-1,-1,-1
264,6,604.53,162.74,44.13,110.79,0.6791,-1,-1,-1
264,10,963.26,256.20,87.40,152.44,0.6118,-1,-1,-1
264,24,401.97,437.31,77.74,144.56,0.6936,-1,-1,-1
264,27,756.39,293.18,59.23,124.53,0.6503,-1,-1,-1
265,5,979.81,475.76,42.95,144.22,0.7084,-1,-1,-1
265,6,607.45,164.25,43.28,109.06,0.6750,-1,-1,-1
265,10,963.41,255.16,87.23,151.02,0.6295,-1,-1,-1
265,27,752.78,294.81,53.26,121.46,0.5973,-1,-1,-1
266,1,348.55,313.33,95.02,157.12,0.6707,-1,-1,-1
266,5,976.39,475.51,46.70,143.28,0.7255,-1,-1,-1
266,6,610.34,166.20,42.46,105.52,0.6106,-1,-1,-1
266,10,965.29,254.98,81.73,146.67,0.7085,-1,-1,-1
266,24,410.00,433.89,68.69,142.24,0.5736,-1,-1,-1
266,27,750.16,293.21,47.94,122.27,0.8007,-1,-1,-1
267,1,350.88,310.02,95.96,158.75,0.7313,-1,-1,-1
267,5,972.26,475.62,51.11,141.91,0.7391,-1,-1,-1
267,6,609.88,161.00,44.99,110.31,0.6042,-1,-1,-1
267,10,965.26,254.60,77.96,143.14,0.7349,-1,-1,-1
267,24,413.53,431.79,65.35,142.33,0.6211,-1,-1,-1
267,25,435.74,406.52,74.79,111.81,0.6176,-1,-1,-1
267,27,746.07,293.59,45.80,119.97,0.8109,-1,-1,-1
268,1,352.92,309.21,97.00,157.31,0.7563,-1,-1,-1
268,5,967.88,475.36,55.04,140.26,0.7266,-1,-1,-1
268,6,610.30,164.30,46.35,107.10,0.5999,-1,-1,-1
268,10,965.79,254.66,75.28,139.93,0.7758,-1,-1,-1
268,27,742.03,293.96,46.78,120.59,0.8449,-1,-1,-1
269,1,355.13,309.70,97.84,155.87,0.6864,-1,-1,-1
269,5,964.23,474.34,58.39,139.45,0.6881,-1,-1,-1
269,6,613.10,167.27,44.42,104.76,0.6399,-1,-1,-1
269,10,966.08,254.37,73.55,138.47,0.7893,-1,-1,-1
269,27,737.03,294.61,50.81,122.33,0.8554,-1,-1,-1
270,1,358.15,310.05,95.95,154.48,0.7351,-1,-1,-1
270,5,961.69,474.64,58.53,138.13,0.6466,-1,-1,-1
270,6,616.07,166.52,42.79,105.71,0.6398,-1,-1,-1
270,10,966.52,254.23,71.78,137.13,0.7761,-1,-1,-1
270,27,730.05,295.79,53.92,121.31,0.8144,-1,-1,-1
271,1,359.39,310.59,92.83,153.38,0.7656,-1,-1,-1
271,5,960.56,473.95,52.90,137.41,0.6049,-1,-1,-1
271,10,966.29,254.30,69.97,134.10,0.7546,-1,-1,-1
271,27,716.43,298.77,61.26,119.56,0.7454,-1,-1,-1
271,31,535.89,165.99,56.46,156.49,0.5919,-1,-1,-1
272,1,358.37,312.95,92.55,150.39,0.6854,-1,-1,-1
272,5,960.43,472.49,47.82,134.24,0.6082,-1,-1,-1
272,10,966.28,254.37,69.02,132.56,0.7340,-1,-1,-1
272,27,705.46,301.75,64.34,119.57,0.6812,-1,-1,-1
272,31,535.66,164.59,58.28,158.99,0.6135,-1,-1,-1
273,1,357.70,312.99,95.07,150.21,0.6347,-1,-1,-1
273,5,959.71,471.77,43.45,131.24,0.5848,-1,-1,-1
273,10,965.69,254.60,69.20,132.43,0.7506,-1,-1,-1
273,31,535.53,165.13,58.15,160.62,0.5511,-1,-1,-1
274,1,357.85,314.63,94.39,147.80,0.6871,-1,-1,-1
274,10,967.03,255.64,67.21,131.00,0.7732,-1,-1,-1
275,1,358.93,314.50,92.87,147.93,0.7288,-1,-1,-1
275,10,968.21,255.75,65.34,130.60,0.7678,-1,-1,-1
275,25,425.03,413.20,77.37,153.63,0.5628,-1,-1,-1
275,27,687.40,309.04,71.62,115.82,0.5870,-1,-1,-1
275,31,533.03,172.24,51.39,153.87,0.5750,-1,-1,-1
276,1,359.61,315.67,92.97,147.18,0.7126,-1,-1,-1
276,5,952.24,468.62,37.01,131.67,0.5506,-1,-1,-1
276,10,967.80,255.71,64.94,130.51,0.7818,-1,-1,-1
276,25,424.32,409.52,87.30,160.30,0.6602,-1,-1,-1
276,27,689.00,313.07,65.64,109.88,0.5905,-1,-1,-1
277,1,358.93,318.67,92.79,142.55,0.7425,-1,-1,-1
277,5,950.26,468.69,36.40,123.87,0.6061,-1,-1,-1
277,6,611.86,130.73,48.52,141.52,0.5759,-1,-1,-1
277,10,967.75,256.25,64.25,129.48,0.7636,-1,-1,-1
277,25,423.19,407.62,90.18,163.30,0.6374,-1,-1,-1
277,27,685.76,311.67,67.65,111.51,0.5642,-1,-1,-1
277,32,1078.63,659.29,65.06,60.64,0.5768,-1,-1,-1
278,1,357.64,318.09,94.56,143.89,0.7476,-1,-1,-1
278,5,947.63,469.19,37.63,118.43,0.6364,-1,-1,-1
278,6,612.09,128.80,48.75,143.32,0.5786,-1,-1,-1
278,10,968.21,256.54,62.71,128.68,0.7358,-1,-1,-1
278,25,423.29,406.55,93.03,165.09,0.6724,-1,-1,-1
278,32,1078.56,659.15,65.41,60.80,0.5837,-1,-1,-1
279,1,356.71,319.22,95.39,142.12,0.6246,-1,-1,-1
279,5,945.15,469.19,39.84,115.61,0.6688,-1,-1,-1
279,6,612.95,124.27,48.03,147.19,0.5830,-1,-1,-1
279,10,968.29,256.10,61.49,129.09,0.7235,-1,-1,-1
279,25,423.58,405.71,94.89,165.73,0.6996,-1,-1,-1
279,27,671.05,311.45,73.73,111.59,0.5586,-1,-1,-1
279,31,521.10,180.83,58.69,148.99,0.5537,-1,-1,-1
279,32,1078.53,659.31,65.75,60.61,0.5775,-1,-1,-1
280,1,356.97,319.86,94.68,141.95,0.6963,-1,-1,-1
280,5,943.89,468.73,40.56,114.89,0.6386,-1,-1,-1
280,6,615.66,124.19,44.38,147.46,0.5727,-1,-1,-1
280,10,967.86,256.19,59.47,126.80,0.7051,-1,-1,-1
280,25,424.49,405.38,95.76,165.36,0.6993,-1,-1,-1
281,1,353.29,321.09,97.18,141.98,0.7310,-1,-1,-1
281,5,941.88,466.20,40.67,117.36,0.6673,-1,-1,-1
281,6,617.29,123.53,43.71,147.73,0.5728,-1,-1,-1
281,10,967.40,255.88,59.55,124.46,0.7003,-1,-1,-1
281,25,422.49,406.61,101.04,163.30,0.7858,-1,-1,-1
281,27,672.45,306.24,59.71,114.78,0.6380,-1,-1,-1
282,1,352.83,316.88,98.47,146.93,0.7212,-1,-1,-1
282,5,941.32,464.41,40.23,119.08,0.7070,-1,-1,-1
282,6,617.77,124.90,44.63,146.19,0.6418,-1,-1,-1
282,10,967.62,255.61,59.56,123.09,0.6701,-1,-1,-1
282,25,423.13,407.28,101.13,161.82,0.7888,-1,-1,-1
282,27,670.95,304.25,58.31,116.17,0.6835,-1,-1,-1
282,32,1079.18,659.15,64.88,60.71,0.5737,-1,-1,-1
283,1,354.28,313.11,97.56,150.78,0.6953,-1,-1,-1
283,5,941.69,462.23,39.67,120.76,0.7344,-1,-1,-1
283,6,617.64,125.46,47.68,145.81,0.5999,-1,-1,-1
283,10,967.18,255.15,60.47,123.31,0.6188,-1,-1,-1
283,25,424.42,408.06,100.12,160.86,0.8170,-1,-1,-1
283,27,671.67,303.76,55.28,117.07,0.6860,-1,-1,-1
283,32,1079.42,659.35,64.27,60.49,0.5505,-1,-1,-1
284,1,355.52,311.65,93.73,151.33,0.6149,-1,-1,-1
284,5,941.89,459.87,39.18,123.31,0.7137,-1,-1,-1
284,6,616.94,127.57,46.42,144.10,0.5723,-1,-1,-1
284,10,966.78,254.45,60.89,124.48,0.6091,-1,-1,-1
284,25,425.47,408.72,98.85,159.96,0.7545,-1,-1,-1
284,27,669.58,304.34,55.20,119.35,0.6690,-1,-1,-1
284,32,1079.79,659.25,63.97,60.64,0.5628,-1,-1,-1
285,1,356.96,312.17,88.29,150.58,0.6029,-1,-1,-1
285,5,942.14,457.79,38.51,125.43,0.7016,-1,-1,-1
285,6,616.16,130.09,45.02,142.60,0.5564,-1,-1,-1
285,10,966.04,254.20,61.13,124.61,0.6167,-1,-1,-1
285,25,425.33,410.65,98.69,158.07,0.6811,-1,-1,-1
285,27,668.19,305.15,55.71,119.47,0.6875,-1,-1,-1
286,5,941.35,453.93,38.72,129.70,0.6730,-1,-1,-1
286,10,964.33,254.15,63.36,125.92,0.6486,-1,-1,-1
286,25,423.05,417.56,97.44,151.51,0.6380,-1,-1,-1
286,27,669.15,304.96,53.43,117.55,0.6410,-1,-1,-1
287,5,941.45,449.74,37.83,134.78,0.6346,-1,-1,-1
287,10,960.65,254.05,67.70,126.24,0.6647,-1,-1,-1
287,25,423.70,420.33,93.97,148.40,0.6386,-1,-1,-1
287,27,671.36,305.12,50.82,118.25,0.6362,-1,-1,-1
287,31,521.30,195.87,55.64,131.10,0.5843,-1,-1,-1
288,1,350.69,309.10,90.32,153.00,0.5709,-1,-1,-1
288,5,940.52,448.08,37.95,137.34,0.6348,-1,-1,-1
288,6,614.28,137.77,44.82,133.40,0.5615,-1,-1,-1
288,10,960.10,253.98,68.51,126.01,0.6239,-1,-1,-1
288,25,423.22,421.21,91.44,147.35,0.6841,-1,-1,-1
288,27,671.22,304.96,50.42,116.21,0.6075,-1,-1,-1
289,1,348.89,308.20,89.93,153.59,0.5729,-1,-1,-1
289,5,938.82,445.97,39.05,140.21,0.6645,-1,-1,-1
289,6,614.10,136.66,43.00,134.38,0.6035,-1,-1,-1
289,25,422.67,421.26,88.70,147.08,0.6538,-1,-1,-1
289,27,670.62,305.01,50.57,114.68,0.6625,-1,-1,-1
290,1,348.94,307.84,89.22,153.90,0.5779,-1,-1,-1
290,5,938.22,443.87,39.10,142.17,0.6889,-1,-1,-1
290,6,614.47,141.47,41.62,128.71,0.6447,-1,-1,-1
290,10,959.43,253.70,66.20,126.01,0.5527,-1,-1,-1
290,25,422.28,420.49,84.16,147.64,0.6165,-1,-1,-1
290,27,669.20,305.20,50.96,112.85,0.6512,-1,-1,-1
291,1,347.88,308.36,87.86,153.29,0.6568,-1,-1,-1
291,5,937.00,441.48,39.50,143.05,0.6773,-1,-1,-1
291,27,666.83,305.71,53.01,112.84,0.6620,-1,-1,-1
292,1,348.40,308.61,84.60,153.90,0.6214,-1,-1,-1
292,5,935.94,440.53,39.40,142.89,0.6418,-1,-1,-1
292,27,667.29,306.22,52.53,112.30,0.6659,-1,-1,-1
293,1,348.97,309.05,84.38,153.77,0.6541,-1,-1,-1
293,5,934.95,440.20,38.87,142.67,0.6242,-1,-1,-1
293,27,669.37,307.10,49.74,110.55,0.7026,-1,-1,-1
294,1,348.28,310.94,86.39,152.15,0.5961,-1,-1,-1
294,5,933.53,439.75,38.69,142.33,0.5978,-1,-1,-1
294,10,954.80,249.95,40.86,128.37,0.5961,-1,-1,-1
294,25,423.37,433.62,74.26,133.13,0.5507,-1,-1,-1
294,27,670.01,307.87,48.34,110.11,0.7104,-1,-1,-1
295,5,929.68,439.31,41.98,140.84,0.5906,-1,-1,-1
295,10,953.42,248.26,38.53,128.81,0.5914,-1,-1,-1
295,27,668.04,308.39,50.48,110.66,0.7061,-1,-1,-1
295,31,523.66,201.82,64.47,129.76,0.5690,-1,-1,-1
296,5,922.74,438.70,47.47,141.19,0.6417,-1,-1,-1
296,10,951.29,247.25,39.42,128.27,0.6462,-1,-1,-1
296,27,661.32,309.23,58.99,113.29,0.7338,-1,-1,-1
297,5,915.89,438.38,52.93,142.65,0.6915,-1,-1,-1
297,10,949.75,247.12,40.38,126.59,0.6423,-1,-1,-1
297,27,657.69,309.61,63.34,114.13,0.7296,-1,-1,-1
298,5,912.80,437.55,54.76,142.29,0.6943,-1,-1,-1
298,10,948.47,246.75,41.36,125.26,0.6720,-1,-1,-1
299,5,910.94,436.60,55.48,142.55,0.6776,-1,-1,-1
299,10,946.91,246.43,42.86,124.08,0.6799,-1,-1,-1
299,33,681.64,138.01,41.73,106.91,0.6209,-1,-1,-1
300,5,910.49,436.21,54.36,142.14,0.6809,-1,-1,-1
300,6,613.52,145.22,42.52,120.66,0.5643,-1,-1,-1
300,10,946.00,245.87,43.78,124.30,0.6935,-1,-1,-1
300,25,415.96,445.61,80.51,122.49,0.5822,-1,-1,-1
300,33,683.99,135.50,40.76,109.63,0.6453,-1,-1,-1
301,5,910.18,434.96,53.63,142.70,0.6544,-1,-1,-1
301,6,613.16,142.76,43.25,122.72,0.5600,-1,-1,-1
301,10,945.91,245.21,44.23,125.00,0.7045,-1,-1,-1
301,27,640.16,313.74,63.63,117.14,0.5537,-1,-1,-1
301,33,686.32,137.36,41.34,108.72,0.6251,-1,-1,-1
302,5,910.30,433.58,52.70,143.01,0.6787,-1,-1,-1
302,6,613.45,140.02,41.57,125.10,0.5787,-1,-1,-1
302,10,946.31,244.90,44.25,125.45,0.6998,-1,-1,-1
302,27,641.55,315.57,57.78,116.50,0.5925,-1,-1,-1
302,33,691.45,137.16,41.32,108.72,0.6466,-1,-1,-1
303,5,911.68,432.49,50.79,140.82,0.6758,-1,-1,-1
303,6,614.28,140.61,39.72,124.15,0.6083,-1,-1,-1
303,10,946.90,244.87,43.66,125.36,0.6853,-1,-1,-1
303,27,639.92,315.68,57.84,116.45,0.6090,-1,-1,-1
303,31,521.12,208.38,64.55,122.90,0.5724,-1,-1,-1
303,33,693.58,140.41,40.71,109.00,0.6425,-1,-1,-1
304,5,913.32,430.94,48.03,139.53,0.6728,-1,-1,-1
304,6,615.24,140.95,38.52,123.43,0.6231,-1,-1,-1
304,10,947.98,244.66,42.65,125.56,0.6695,-1,-1,-1
304,27,640.76,315.55,56.01,116.32,0.6132,-1,-1,-1
304,31,520.54,207.50,65.34,124.66,0.6419,-1,-1,-1
304,33,695.70,142.81,39.48,108.79,0.5524,-1,-1,-1
305,5,913.82,430.71,48.39,137.23,0.7157,-1,-1,-1
305,6,615.87,142.13,37.56,122.35,0.6327,-1,-1,-1
305,10,948.94,244.88,41.79,125.67,0.6585,-1,-1,-1
305,27,641.37,315.36,54.58,116.96,0.6531,-1,-1,-1
305,31,519.72,208.17,67.25,124.51,0.6541,-1,-1,-1
305,33,696.67,144.73,40.67,109.12,0.5717,-1,-1,-1
306,5,913.45,428.74,49.77,137.91,0.7257,-1,-1,-1
306,10,950.88,244.63,40.27,127.15,0.6424,-1,-1,-1
306,27,643.52,314.38,51.98,119.24,0.6499,-1,-1,-1
306,31,518.37,208.95,71.58,123.93,0.6644,-1,-1,-1
306,33,699.20,144.80,47.28,111.49,0.6598,-1,-1,-1
306,34,570.20,200.35,33.82,116.33,0.5561,-1,-1,-1
307,1,280.21,341.29,149.79,111.56,0.5703,-1,-1,-1
307,5,913.38,427.25,50.10,139.13,0.6916,-1,-1,-1
307,6,617.97,130.83,35.69,131.49,0.5560,-1,-1,-1
307,10,951.79,244.72,39.78,127.59,0.6410,-1,-1,-1
307,27,644.07,313.33,51.58,121.15,0.6282,-1,-1,-1
307,31,517.40,212.22,70.08,121.63,0.6484,-1,-1,-1
307,33,701.50,144.24,49.81,113.38,0.7071,-1,-1,-1
308,5,914.42,425.64,49.18,141.39,0.6792,-1,-1,-1
308,6,618.22,127.51,35.50,134.42,0.5579,-1,-1,-1
308,10,954.78,244.66,37.82,127.18,0.5544,-1,-1,-1
308,27,644.77,312.45,51.40,123.18,0.6953,-1,-1,-1
308,31,517.76,213.80,65.77,120.52,0.6324,-1,-1,-1
308,33,704.32,145.13,49.82,113.01,0.7118,-1,-1,-1
309,5,915.62,424.92,48.44,143.13,0.6404,-1,-1,-1
309,27,645.65,311.43,51.92,124.20,0.7095,-1,-1,-1
309,31,518.20,215.23,62.73,119.87,0.5667,-1,-1,-1
309,33,707.97,143.60,49.92,113.55,0.7142,-1,-1,-1
310,5,915.26,425.14,50.25,144.88,0.6332,-1,-1,-1
310,10,957.95,247.04,38.31,125.64,0.5553,-1,-1,-1
310,27,645.91,310.80,53.04,123.84,0.6787,-1,-1,-1
310,33,713.24,143.22,48.43,112.59,0.7842,-1,-1,-1
311,1,271.39,343.56,88.63,109.96,0.5772,-1,-1,-1
311,5,917.73,426.63,51.49,144.45,0.6730,-1,-1,-1
311,6,620.07,130.47,39.74,125.32,0.5507,-1,-1,-1
311,10,961.94,247.14,37.78,127.86,0.6185,-1,-1,-1
311,25,415.43,432.29,67.60,146.80,0.6493,-1,-1,-1
311,27,645.98,310.66,55.55,123.69,0.6275,-1,-1,-1
311,31,519.22,216.23,55.04,118.83,0.5659,-1,-1,-1
311,33,721.03,144.61,47.30,112.56,0.7044,-1,-1,-1
312,1,271.77,340.68,77.76,113.42,0.5989,-1,-1,-1
312,5,919.34,425.76,52.11,141.33,0.6970,-1,-1,-1
312,10,964.43,246.74,37.17,128.60,0.6035,-1,-1,-1
312,25,417.09,432.41,65.73,147.69,0.6422,-1,-1,-1
312,27,646.24,310.31,59.14,124.52,0.6009,-1,-1,-1
312,31,519.93,214.11,50.13,119.23,0.5716,-1,-1,-1
312,33,729.03,144.53,45.07,113.47,0.6170,-1,-1,-1
312,35,455.21,391.70,60.97,133.88,0.6148,-1,-1,-1
313,1,271.04,341.07,122.44,117.14,0.5630,-1,-1,-1
313,5,919.71,425.90,54.23,140.39,0.7037,-1,-1,-1
313,6,621.70,130.30,40.24,123.34,0.5712,-1,-1,-1
313,10,967.43,246.15,36.67,129.41,0.6524,-1,-1,-1
313,25,417.88,434.50,65.11,146.24,0.6327,-1,-1,-1
313,27,645.80,310.78,65.59,127.22,0.6413,-1,-1,-1
313,31,520.09,213.25,49.15,119.67,0.5850,-1,-1,-1
313,33,735.86,145.38,42.90,112.79,0.6900,-1,-1,-1
313,34,578.23,204.06,58.89,119.33,0.7035,-1,-1,-1
313,35,456.93,391.26,59.10,131.89,0.5822,-1,-1,-1
314,5,922.47,425.99,53.67,145.22,0.7501,-1,-1,-1
314,6,623.89,130.38,38.88,122.54,0.5502,-1,-1,-1
314,10,970.05,244.79,36.63,131.12,0.6075,-1,-1,-1
314,25,417.88,434.14,65.86,147.81,0.6340,-1,-1,-1
314,27,646.27,310.70,65.90,129.54,0.6882,-1,-1,-1
314,31,520.29,212.75,49.61,115.81,0.6113,-1,-1,-1
314,33,740.77,146.16,43.66,112.51,0.7150,-1,-1,-1
314,34,579.69,204.78,61.78,118.41,0.7145,-1,-1,-1
314,35,457.85,390.39,59.35,129.59,0.6673,-1,-1,-1
315,5,927.39,425.50,50.79,147.97,0.7210,-1,-1,-1
315,6,625.49,128.85,38.76,123.26,0.5628,-1,-1,-1
315,10,972.22,244.37,38.20,131.81,0.6580,-1,-1,-1
315,25,419.63,434.35,66.49,149.11,0.5588,-1,-1,-1
315,27,645.93,310.38,65.87,130.28,0.6822,-1,-1,-1
315,31,519.92,212.66,50.14,122.82,0.6557,-1,-1,-1
315,33,745.88,145.53,43.78,113.19,0.6847,-1,-1,-1
315,34,580.29,204.43,63.24,119.51,0.7143,-1,-1,-1
315,35,458.86,389.45,62.78,128.90,0.6683,-1,-1,-1
316,5,933.42,424.69,49.79,150.33,0.7270,-1,-1,-1
316,6,628.17,125.97,41.72,124.04,0.5945,-1,-1,-1
316,10,978.09,245.98,38.79,131.63,0.6763,-1,-1,-1
316,27,646.52,308.69,64.73,130.58,0.6983,-1,-1,-1
316,31,520.68,212.57,44.85,126.63,0.5868,-1,-1,-1
316,33,752.94,145.33,49.82,118.72,0.7162,-1,-1,-1
316,34,583.06,203.60,64.36,121.52,0.5752,-1,-1,-1
316,35,457.86,387.65,74.52,127.46,0.6194,-1,-1,-1
317,1,303.10,346.36,63.70,107.71,0.5633,-1,-1,-1
317,5,936.49,424.41,50.25,149.42,0.7400,-1,-1,-1
317,6,628.74,125.69,41.64,125.69,0.5636,-1,-1,-1
317,10,981.03,246.49,39.78,131.80,0.7003,-1,-1,-1
317,27,646.76,307.75,66.01,130.68,0.7316,-1,-1,-1
317,31,521.18,213.65,43.45,127.61,0.6339,-1,-1,-1
317,33,756.99,145.05,54.31,122.09,0.7605,-1,-1,-1
317,34,588.36,204.58,61.54,121.62,0.6076,-1,-1,-1
317,35,457.96,387.16,82.34,126.74,0.6460,-1,-1,-1
318,5,939.16,423.91,52.21,150.54,0.7347,-1,-1,-1
318,6,630.63,125.33,41.82,126.94,0.5897,-1,-1,-1
318,10,984.32,246.05,39.22,133.47,0.6696,-1,-1,-1
318,27,647.11,306.35,67.87,131.73,0.7792,-1,-1,-1
318,31,521.36,211.69,41.61,130.48,0.5666,-1,-1,-1
318,33,759.65,143.01,58.27,126.83,0.7728,-1,-1,-1
318,34,588.67,204.29,64.59,123.92,0.6773,-1,-1,-1
318,35,458.03,387.22,86.02,127.22,0.7173,-1,-1,-1
319,5,942.07,423.87,52.19,152.95,0.6864,-1,-1,-1
319,10,988.43,246.11,38.19,134.01,0.6350,-1,-1,-1
319,27,649.38,305.17,69.93,132.74,0.7453,-1,-1,-1
319,31,522.11,211.15,44.02,131.66,0.5950,-1,-1,-1
319,33,762.65,142.44,60.39,128.21,0.7462,-1,-1,-1
319,34,593.52,204.95,62.70,122.43,0.6407,-1,-1,-1
319,35,459.17,388.48,86.62,126.26,0.6953,-1,-1,-1
319,36,522.99,211.90,65.31,130.03,0.6674,-1,-1,-1
319,37,782.71,658.84,63.43,60.93,0.6186,-1,-1,-1
320,5,952.19,424.49,46.31,149.78,0.6405,-1,-1,-1
320,10,992.20,246.48,37.19,133.79,0.6103,-1,-1,-1
320,27,655.38,304.36,64.10,133.24,0.6697,-1,-1,-1
320,33,765.67,144.10,62.66,127.40,0.7437,-1,-1,-1
320,34,597.36,206.05,60.83,119.69,0.6403,-1,-1,-1
320,35,460.10,389.67,86.67,124.38,0.6728,-1,-1,-1
320,36,522.99,210.96,61.69,130.39,0.6208,-1,-1,-1
320,37,785.87,659.54,62.20,60.34,0.5817,-1,-1,-1
321,5,964.20,425.65,39.55,146.00,0.6533,-1,-1,-1
321,10,998.09,245.49,36.42,135.88,0.6114,-1,-1,-1
321,25,393.23,455.13,118.87,129.41,0.6411,-1,-1,-1
321,27,660.41,302.38,63.18,132.43,0.7156,-1,-1,-1
321,33,772.54,144.53,64.14,126.69,0.7664,-1,-1,-1
321,34,597.70,204.14,65.91,123.19,0.6297,-1,-1,-1
321,35,458.28,386.66,90.84,126.09,0.6424,-1,-1,-1
321,36,523.04,208.57,55.68,132.71,0.6029,-1,-1,-1
321,37,790.66,659.27,63.13,60.73,0.5580,-1,-1,-1
322,5,970.62,425.75,38.35,148.59,0.6856,-1,-1,-1
322,10,1001.65,245.32,38.62,135.67,0.6193,-1,-1,-1
322,25,388.07,456.41,126.54,128.25,0.6871,-1,-1,-1
322,27,661.70,300.95,62.97,132.80,0.7622,-1,-1,-1
322,33,780.32,144.22,63.17,124.64,0.7585,-1,-1,-1
322,34,597.29,202.08,70.85,126.74,0.6937,-1,-1,-1
323,5,975.71,426.65,36.65,148.37,0.6414,-1,-1,-1
323,10,1005.49,246.20,39.08,135.87,0.6735,-1,-1,-1
323,25,381.90,454.32,134.56,129.86,0.6143,-1,-1,-1
323,27,664.04,300.70,62.54,130.55,0.6639,-1,-1,-1
323,33,786.88,143.63,64.25,124.76,0.7673,-1,-1,-1
323,34,607.13,201.29,65.10,128.09,0.6132,-1,-1,-1
323,35,452.93,380.49,89.18,115.80,0.5875,-1,-1,-1
324,5,979.16,427.95,36.65,153.07,0.7312,-1,-1,-1
324,10,1008.33,245.49,40.05,136.39,0.7345,-1,-1,-1
324,25,374.50,454.10,143.28,130.05,0.6006,-1,-1,-1
324,27,666.36,298.72,68.23,131.05,0.7074,-1,-1,-1
324,33,797.81,142.23,57.03,125.70,0.6499,-1,-1,-1
324,34,612.03,200.99,64.68,130.02,0.6254,-1,-1,-1
325,5,984.05,429.58,34.93,153.53,0.7015,-1,-1,-1
325,10,1012.54,243.48,39.54,137.69,0.6834,-1,-1,-1
325,25,361.86,453.18,156.25,130.80,0.7140,-1,-1,-1
325,27,668.46,297.09,69.58,133.29,0.7698,-1,-1,-1
325,33,806.92,137.68,55.03,129.53,0.6376,-1,-1,-1
325,34,615.25,199.50,65.69,132.05,0.6128,-1,-1,-1
326,5,991.15,430.40,35.57,154.97,0.6104,-1,-1,-1
326,25,356.59,451.33,160.83,131.94,0.6732,-1,-1,-1
326,27,672.04,294.51,68.36,135.25,0.7873,-1,-1,-1
326,33,820.20,137.50,50.99,129.77,0.7226,-1,-1,-1
327,5,994.20,431.71,36.05,154.17,0.6502,-1,-1,-1
327,10,1022.08,240.86,41.87,138.27,0.6364,-1,-1,-1
327,25,356.59,451.09,157.11,132.37,0.6826,-1,-1,-1
327,27,672.14,295.16,67.85,134.30,0.7789,-1,-1,-1
327,33,826.78,136.29,48.77,132.74,0.6798,-1,-1,-1
327,36,518.15,201.87,73.08,123.40,0.5548,-1,-1,-1
328,5,997.43,432.59,36.59,153.96,0.6645,-1,-1,-1
328,10,1025.86,239.73,41.26,138.32,0.6191,-1,-1,-1
328,25,360.19,449.42,149.56,134.71,0.7112,-1,-1,-1
328,27,674.72,294.96,66.83,135.87,0.8023,-1,-1,-1
328,33,832.43,134.90,52.36,135.18,0.7218,-1,-1,-1
328,35,441.27,379.32,84.52,110.48,0.5542,-1,-1,-1
328,36,518.66,200.69,72.13,123.60,0.6099,-1,-1,-1
329,5,1000.95,433.76,36.84,153.02,0.6845,-1,-1,-1
329,10,1029.69,238.75,40.42,139.89,0.6250,-1,-1,-1
329,25,366.19,449.77,137.38,135.24,0.8069,-1,-1,-1
329,27,677.58,294.14,66.53,136.68,0.7652,-1,-1,-1
329,33,837.41,136.89,52.50,135.71,0.6973,-1,-1,-1
329,34,626.79,200.92,63.97,120.94,0.6145,-1,-1,-1
329,36,519.73,199.62,69.70,123.11,0.6112,-1,-1,-1
330,5,1004.66,436.18,37.51,151.09,0.6996,-1,-1,-1
330,10,1033.03,239.01,41.85,139.84,0.6423,-1,-1,-1
330,25,373.11,450.56,124.38,134.16,0.8074,-1,-1,-1
330,27,681.04,293.91,64.07,134.61,0.7129,-1,-1,-1
330,33,841.09,139.41,52.75,134.90,0.7679,-1,-1,-1
330,34,629.64,201.59,61.91,127.17,0.6549,-1,-1,-1
330,36,521.57,199.10,66.49,121.85,0.6544,-1,-1,-1
331,5,1011.42,439.06,38.18,151.33,0.7696,-1,-1,-1
331,6,659.96,90.70,42.88,139.31,0.5747,-1,-1,-1
331,10,1039.51,238.76,42.79,140.74,0.7419,-1,-1,-1
331,25,384.82,452.30,103.86,132.49,0.7566,-1,-1,-1
331,27,686.04,294.16,63.45,136.30,0.7630,-1,-1,-1
331,33,849.58,144.42,53.26,131.01,0.6725,-1,-1,-1
331,34,635.24,199.50,58.11,130.77,0.6707,-1,-1,-1
331,36,527.17,197.70,59.21,122.08,0.6761,-1,-1,-1
332,5,1016.15,440.31,37.88,150.17,0.7344,-1,-1,-1
332,6,663.70,91.76,41.02,135.27,0.5783,-1,-1,-1
332,10,1043.18,238.96,42.63,140.99,0.7359,-1,-1,-1
332,25,391.77,452.85,94.04,131.45,0.7436,-1,-1,-1
332,27,689.09,294.37,63.56,137.44,0.7842,-1,-1,-1
332,33,855.47,146.37,53.03,130.18,0.6742,-1,-1,-1
332,34,638.97,197.36,53.80,127.96,0.7061,-1,-1,-1
332,36,528.43,197.40,60.27,128.98,0.6864,-1,-1,-1
333,5,1021.94,441.08,37.20,149.79,0.7560,-1,-1,-1
333,10,1047.56,239.56,42.77,140.70,0.7044,-1,-1,-1
333,25,396.36,452.78,91.61,131.86,0.7352,-1,-1,-1
333,27,691.32,294.97,64.24,136.83,0.7833,-1,-1,-1
333,33,862.80,148.74,51.79,128.38,0.6829,-1,-1,-1
333,34,639.06,196.67,56.32,128.95,0.6988,-1,-1,-1
333,36,530.11,197.08,59.44,131.51,0.6580,-1,-1,-1
334,1,291.78,358.77,103.70,135.28,0.5793,-1,-1,-1
334,5,1025.24,441.93,40.02,150.74,0.7132,-1,-1,-1
334,10,1050.00,238.39,43.72,141.74,0.7293,-1,-1,-1
334,25,398.61,451.82,91.26,133.21,0.7817,-1,-1,-1
334,27,693.60,293.41,65.20,139.00,0.7883,-1,-1,-1
334,33,868.24,147.35,53.02,129.68,0.6946,-1,-1,-1
334,34,642.10,196.59,56.30,130.09,0.7030,-1,-1,-1
334,36,531.74,196.96,58.30,133.04,0.6866,-1,-1,-1
335,1,292.83,358.61,106.82,136.16,0.6838,-1,-1,-1
335,5,1027.35,443.32,44.97,151.13,0.7319,-1,-1,-1
335,10,1053.66,237.65,44.06,142.93,0.7255,-1,-1,-1
335,25,394.59,447.09,97.15,138.19,0.6628,-1,-1,-1
335,27,695.47,293.97,67.51,137.80,0.7159,-1,-1,-1
335,33,873.79,147.60,52.95,130.89,0.7539,-1,-1,-1
335,34,644.80,196.86,56.58,129.94,0.7513,-1,-1,-1
335,36,533.28,196.66,56.95,133.06,0.6930,-1,-1,-1
336,1,282.17,357.95,117.02,137.66,0.5600,-1,-1,-1
336,5,1030.25,445.03,54.20,151.48,0.7900,-1,-1,-1
336,6,675.95,70.06,43.38,150.52,0.5521,-1,-1,-1
336,10,1060.97,236.63,41.42,144.23,0.7145,-1,-1,-1
336,25,391.61,442.25,102.92,143.21,0.6819,-1,-1,-1
336,27,701.35,295.37,66.36,135.39,0.7649,-1,-1,-1
336,33,886.14,142.88,50.82,136.32,0.8113,-1,-1,-1
336,34,648.51,196.37,57.20,132.02,0.7688,-1,-1,-1
336,36,534.93,195.61,57.68,135.37,0.6903,-1,-1,-1
337,1,289.45,355.80,112.10,139.36,0.6775,-1,-1,-1
337,5,1030.45,446.74,61.02,152.27,0.8575,-1,-1,-1
337,6,677.04,72.62,42.58,146.80,0.5960,-1,-1,-1
337,10,1064.30,236.01,40.87,144.63,0.7366,-1,-1,-1
337,25,396.45,442.91,99.86,143.28,0.6257,-1,-1,-1
337,27,702.49,295.93,68.05,137.81,0.7689,-1,-1,-1
337,33,893.43,142.06,48.60,136.89,0.7692,-1,-1,-1
337,34,649.73,195.48,58.91,134.78,0.7253,-1,-1,-1
337,36,535.37,195.73,58.63,138.73,0.7229,-1,-1,-1
338,1,293.37,351.17,107.95,143.84,0.6640,-1,-1,-1
338,5,1031.33,448.30,65.15,154.61,0.8608,-1,-1,-1
338,6,678.12,82.07,40.70,135.97,0.6198,-1,-1,-1
338,10,1066.25,236.76,41.26,143.41,0.7222,-1,-1,-1
338,25,400.73,443.43,94.65,143.48,0.6321,-1,-1,-1
338,27,704.26,295.85,69.64,139.08,0.7650,-1,-1,-1
338,33,898.58,142.92,48.81,136.88,0.6944,-1,-1,-1
338,34,650.44,195.70,60.36,135.21,0.7491,-1,-1,-1
338,36,535.93,195.84,58.72,139.52,0.7079,-1,-1,-1
338,37,845.07,676.46,63.07,43.54,0.5717,-1,-1,-1
339,1,295.43,348.27,105.86,147.35,0.6281,-1,-1,-1
339,5,1032.49,449.36,67.98,158.29,0.8109,-1,-1,-1
339,10,1067.09,237.15,41.60,143.39,0.7339,-1,-1,-1
339,25,404.50,440.80,90.78,145.67,0.5901,-1,-1,-1
339,27,706.30,296.77,69.05,139.03,0.7964,-1,-1,-1
339,33,901.45,142.68,51.70,139.17,0.7297,-1,-1,-1
339,34,651.44,195.15,60.84,136.32,0.7759,-1,-1,-1
339,36,535.88,195.60,58.70,139.92,0.7288,-1,-1,-1
339,37,846.78,677.07,62.57,42.91,0.5590,-1,-1,-1
340,1,296.16,346.91,103.05,148.25,0.7050,-1,-1,-1
340,5,1033.71,451.59,69.69,158.97,0.7540,-1,-1,-1
340,10,1068.17,237.72,41.41,143.28,0.7344,-1,-1,-1
340,25,404.77,439.53,87.60,146.27,0.6915,-1,-1,-1
340,27,707.18,296.81,70.02,139.17,0.7801,-1,-1,-1
340,33,903.11,144.64,57.51,139.71,0.7512,-1,-1,-1
340,34,652.53,195.46,62.06,136.17,0.7915,-1,-1,-1
340,35,451.04,401.50,72.50,126.80,0.5883,-1,-1,-1
340,36,536.11,195.88,58.05,139.62,0.6605,-1,-1,-1
341,1,304.09,342.98,95.91,150.43,0.7278,-1,-1,-1
341,5,1034.02,454.23,73.80,161.45,0.8132,-1,-1,-1
341,10,1070.20,236.39,41.74,145.75,0.7556,-1,-1,-1
341,25,404.98,441.11,85.26,143.95,0.5897,-1,-1,-1
341,27,708.72,296.77,71.45,138.71,0.7511,-1,-1,-1
341,33,904.77,147.79,64.70,136.79,0.8560,-1,-1,-1
341,34,653.92,196.80,62.21,136.03,0.7934,-1,-1,-1
341,35,445.98,403.24,76.10,126.90,0.5987,-1,-1,-1
341,36,537.63,193.03,54.45,132.29,0.6678,-1,-1,-1
342,1,311.71,335.31,90.02,155.70,0.6835,-1,-1,-1
342,5,1034.99,455.60,75.15,163.40,0.8318,-1,-1,-1
342,10,1071.36,235.23,41.34,146.16,0.7515,-1,-1,-1
342,25,399.26,440.47,87.99,144.59,0.6123,-1,-1,-1
342,27,709.92,296.62,71.50,138.03,0.7248,-1,-1,-1
342,33,905.57,149.51,68.44,135.65,0.8436,-1,-1,-1
342,34,655.10,199.86,61.20,133.63,0.7947,-1,-1,-1
342,35,444.31,403.89,76.39,129.07,0.6033,-1,-1,-1
342,36,538.41,192.02,53.07,129.92,0.6422,-1,-1,-1
343,1,323.33,334.13,78.95,155.23,0.6393,-1,-1,-1
343,5,1037.45,456.43,73.97,164.94,0.8468,-1,-1,-1
343,10,1072.01,234.12,41.35,146.95,0.7630,-1,-1,-1
343,25,398.52,441.34,85.10,143.55,0.7116,-1,-1,-1
343,33,905.78,150.29,70.19,135.13,0.8461,-1,-1,-1
343,34,655.64,201.36,60.84,132.29,0.8069,-1,-1,-1
343,35,445.27,404.96,74.07,128.66,0.5918,-1,-1,-1
343,36,535.93,192.02,55.34,136.05,0.6306,-1,-1,-1
344,1,336.04,333.23,66.77,154.78,0.5837,-1,-1,-1
344,5,1039.86,456.36,72.13,165.95,0.8443,-1,-1,-1
344,10,1072.06,232.80,41.73,148.04,0.7575,-1,-1,-1
344,25,392.82,442.85,89.26,142.98,0.6724,-1,-1,-1
344,27,716.25,295.49,67.60,135.17,0.6378,-1,-1,-1
344,33,906.12,150.55,69.64,133.44,0.8552,-1,-1,-1
344,34,655.59,200.74,60.70,132.55,0.8200,-1,-1,-1
344,35,442.01,405.71,76.00,128.30,0.6435,-1,-1,-1
344,36,534.00,189.78,56.90,140.73,0.6700,-1,-1,-1
345,1,311.60,331.71,93.97,156.67,0.5763,-1,-1,-1
345,5,1041.93,456.53,70.00,166.40,0.8323,-1,-1,-1
345,6,676.20,80.05,43.97,138.13,0.6040,-1,-1,-1
345,10,1071.94,232.06,41.92,148.67,0.7362,-1,-1,-1
345,25,392.90,441.35,89.08,150.10,0.5606,-1,-1,-1
345,27,719.48,295.21,65.71,137.80,0.7239,-1,-1,-1
345,33,906.33,150.24,69.49,132.88,0.8494,-1,-1,-1
345,34,655.15,201.72,60.99,131.24,0.8306,-1,-1,-1
345,36,532.60,188.87,58.62,142.48,0.6915,-1,-1,-1
346,5,1045.69,456.76,64.30,165.38,0.8243,-1,-1,-1
346,6,675.26,85.14,44.00,134.25,0.5564,-1,-1,-1
346,10,1070.50,231.00,40.76,150.07,0.7587,-1,-1,-1
346,25,382.81,441.77,94.29,161.11,0.7275,-1,-1,-1
346,27,727.53,295.64,58.72,140.22,0.7026,-1,-1,-1
346,33,908.88,148.15,66.38,135.53,0.7724,-1,-1,-1
346,34,654.80,202.60,60.00,129.13,0.8050,-1,-1,-1
346,35,434.81,408.20,78.21,126.94,0.6247,-1,-1,-1
346,36,531.10,187.06,60.82,145.31,0.6654,-1,-1,-1
347,5,1053.07,457.19,56.15,164.76,0.8071,-1,-1,-1
347,10,1069.54,230.24,40.99,150.72,0.7741,-1,-1,-1
347,25,385.61,442.41,89.95,164.22,0.7687,-1,-1,-1
347,27,734.62,296.00,51.54,141.05,0.6479,-1,-1,-1
347,33,911.34,147.92,64.11,135.55,0.7621,-1,-1,-1
347,34,655.77,203.04,58.49,129.07,0.7843,-1,-1,-1
347,35,433.21,409.61,79.36,127.47,0.5956,-1,-1,-1
347,36,531.63,185.73,60.78,147.02,0.6616,-1,-1,-1
348,5,1059.32,457.67,49.36,165.08,0.7880,-1,-1,-1
348,10,1068.43,229.87,41.36,150.54,0.7724,-1,-1,-1
348,25,387.32,443.00,89.08,164.65,0.7685,-1,-1,-1
348,27,736.45,296.24,49.84,142.95,0.6741,-1,-1,-1
348,33,913.23,148.49,61.53,135.11,0.7372,-1,-1,-1
348,34,656.57,203.68,58.07,129.09,0.7636,-1,-1,-1
348,35,434.63,410.08,79.24,129.98,0.6339,-1,-1,-1
348,36,535.93,183.69,57.07,136.96,0.6012,-1,-1,-1
349,5,1063.49,457.94,45.53,167.52,0.7801,-1,-1,-1
349,10,1068.02,229.40,40.86,151.58,0.7784,-1,-1,-1
349,25,388.44,447.41,89.70,160.49,0.7672,-1,-1,-1
349,27,736.09,296.58,49.44,143.84,0.6638,-1,-1,-1
349,33,914.32,148.77,60.15,135.00,0.7273,-1,-1,-1
349,34,660.49,201.68,55.90,131.92,0.7527,-1,-1,-1
349,35,434.64,410.26,81.79,134.22,0.5969,-1,-1,-1
349,36,539.26,182.89,54.22,133.82,0.6249,-1,-1,-1
350,1,306.16,315.97,119.53,168.82,0.5860,-1,-1,-1
350,5,1065.78,458.81,43.25,171.59,0.7737,-1,-1,-1
350,10,1067.11,228.97,41.08,152.77,0.7824,-1,-1,-1
350,25,390.65,449.13,90.01,158.04,0.7873,-1,-1,-1
350,27,734.15,296.99,50.74,144.14,0.6822,-1,-1,-1
350,33,915.03,148.90,59.52,134.72,0.7074,-1,-1,-1
350,34,663.63,201.60,53.50,132.24,0.7117,-1,-1,-1
350,35,434.47,410.72,82.86,136.12,0.5979,-1,-1,-1
350,36,541.01,182.18,52.71,132.68,0.6483,-1,-1,-1
351,5,1068.30,461.64,41.59,174.79,0.7695,-1,-1,-1
351,10,1065.67,229.06,41.28,152.58,0.7730,-1,-1,-1
351,25,390.90,453.02,110.27,154.27,0.7824,-1,-1,-1
351,27,731.21,298.02,58.88,143.42,0.6788,-1,-1,-1
351,33,914.96,150.01,58.83,133.59,0.6808,-1,-1,-1
351,34,666.30,201.31,53.13,132.85,0.6703,-1,-1,-1
351,36,542.48,181.69,51.06,133.90,0.6442,-1,-1,-1
352,5,1068.86,463.35,42.56,177.79,0.7857,-1,-1,-1
352,10,1064.90,228.96,41.33,152.36,0.7595,-1,-1,-1
352,25,391.15,451.34,119.78,156.24,0.7593,-1,-1,-1
352,27,729.08,298.54,66.01,142.87,0.7056,-1,-1,-1
352,33,914.52,150.72,58.93,132.54,0.6927,-1,-1,-1
352,34,669.26,201.60,52.84,133.81,0.6778,-1,-1,-1
352,36,543.07,181.30,50.65,136.86,0.6945,-1,-1,-1
353,5,1069.31,465.44,43.79,178.67,0.7830,-1,-1,-1
353,10,1064.88,229.49,40.79,151.04,0.7580,-1,-1,-1
353,25,389.49,427.71,127.93,180.75,0.7991,-1,-1,-1
353,27,726.51,298.88,67.84,142.62,0.7133,-1,-1,-1
353,33,913.42,152.66,58.17,130.32,0.6493,-1,-1,-1
353,34,671.26,203.01,53.84,133.30,0.6984,-1,-1,-1
353,36,542.77,181.89,50.32,136.77,0.7037,-1,-1,-1
354,5,1069.18,467.43,48.44,179.26,0.7923,-1,-1,-1
354,6,671.43,97.00,42.21,124.34,0.5744,-1,-1,-1
354,10,1064.51,229.65,40.44,149.48,0.7534,-1,-1,-1
354,25,388.98,442.49,132.67,166.30,0.7963,-1,-1,-1
354,27,725.27,299.71,66.55,141.70,0.7019,-1,-1,-1
354,33,913.72,154.11,58.31,126.06,0.6298,-1,-1,-1
354,34,671.97,203.44,54.68,133.07,0.7205,-1,-1,-1
354,36,542.62,182.28,49.35,137.12,0.7018,-1,-1,-1
355,5,1068.22,469.17,53.08,178.68,0.7812,-1,-1,-1
355,10,1063.80,229.57,40.63,149.36,0.7641,-1,-1,-1
355,25,388.53,453.44,135.24,154.76,0.7050,-1,-1,-1
355,27,725.55,300.18,63.60,140.71,0.6712,-1,-1,-1
355,33,912.48,155.77,59.04,126.32,0.6416,-1,-1,-1
355,34,671.96,201.49,55.40,136.14,0.7017,-1,-1,-1
355,36,541.60,196.48,48.86,125.29,0.6339,-1,-1,-1
356,1,369.18,309.64,82.13,166.30,0.7114,-1,-1,-1
356,5,1067.27,470.46,55.11,176.65,0.7716,-1,-1,-1
356,6,668.09,96.95,44.61,122.62,0.6584,-1,-1,-1
356,10,1060.30,230.71,41.56,148.97,0.7420,-1,-1,-1
356,25,387.30,433.26,147.68,173.25,0.6937,-1,-1,-1
356,27,725.59,301.21,62.77,139.12,0.6884,-1,-1,-1
356,33,911.04,156.60,57.97,125.83,0.6784,-1,-1,-1
356,34,671.68,200.73,55.30,135.99,0.6924,-1,-1,-1
356,36,538.08,189.52,51.35,135.52,0.6255,-1,-1,-1
357,1,373.95,309.32,80.34,166.19,0.6984,-1,-1,-1
357,5,1067.21,471.36,54.49,175.51,0.7815,-1,-1,-1
357,6,667.00,94.79,45.18,124.60,0.6618,-1,-1,-1
357,10,1058.25,231.01,42.86,148.98,0.7516,-1,-1,-1
357,25,386.95,424.92,147.28,179.26,0.7939,-1,-1,-1
357,27,724.67,302.43,64.14,137.81,0.7091,-1,-1,-1
357,33,911.00,158.00,56.79,125.92,0.7413,-1,-1,-1
357,34,670.76,200.18,55.38,136.52,0.6665,-1,-1,-1
357,36,535.68,188.06,52.16,139.06,0.6406,-1,-1,-1
358,1,374.61,309.96,81.98,164.67,0.6474,-1,-1,-1
358,5,1066.89,472.33,51.57,174.75,0.7765,-1,-1,-1
358,6,665.36,90.95,46.35,127.83,0.6191,-1,-1,-1
358,10,1056.49,231.85,42.79,148.00,0.7375,-1,-1,-1
358,25,386.70,427.24,155.95,174.48,0.7026,-1,-1,-1
358,27,723.14,303.97,63.82,136.43,0.7276,-1,-1,-1
358,33,909.35,159.88,55.89,121.37,0.6858,-1,-1,-1
358,34,669.99,201.29,55.13,135.75,0.7222,-1,-1,-1
358,36,534.62,188.24,51.40,139.39,0.6058,-1,-1,-1
359,1,375.22,311.85,81.83,160.47,0.5754,-1,-1,-1
359,5,1065.60,473.55,49.57,172.53,0.7755,-1,-1,-1
359,6,663.99,86.46,43.98,130.87,0.5849,-1,-1,-1
359,10,1053.81,232.78,41.24,147.08,0.7245,-1,-1,-1
359,25,394.43,440.16,161.32,157.72,0.7458,-1,-1,-1
359,27,721.99,306.23,65.79,132.02,0.7741,-1,-1,-1
359,33,905.24,155.89,58.82,127.03,0.6839,-1,-1,-1
359,34,669.41,202.77,54.40,136.06,0.7293,-1,-1,-1
359,36,534.24,188.98,50.66,138.48,0.6205,-1,-1,-1
360,1,374.35,319.65,77.75,151.65,0.6092,-1,-1,-1
360,5,1064.45,474.58,48.37,170.99,0.7679,-1,-1,-1
360,6,661.69,92.27,43.63,125.31,0.6107,-1,-1,-1
360,10,1050.77,232.83,41.22,147.53,0.7300,-1,-1,-1
360,25,409.57,445.27,153.56,148.59,0.7663,-1,-1,-1
360,27,719.74,307.71,68.01,129.72,0.8298,-1,-1,-1
360,33,902.68,153.16,59.30,130.95,0.7235,-1,-1,-1
360,34,668.05,204.17,52.78,135.18,0.7002,-1,-1,-1
361,1,370.50,326.42,78.75,137.70,0.7230,-1,-1,-1
361,5,1062.12,475.25,45.23,167.63,0.7350,-1,-1,-1
361,6,657.86,95.03,43.14,124.46,0.6159,-1,-1,-1
361,10,1045.06,234.02,42.13,146.33,0.7767,-1,-1,-1
361,25,435.19,443.02,136.02,146.81,0.7213,-1,-1,-1
361,27,716.15,310.29,67.21,128.39,0.7900,-1,-1,-1
361,33,898.35,152.99,57.76,132.31,0.6422,-1,-1,-1
361,34,665.04,204.45,50.43,134.10,0.6959,-1,-1,-1
361,35,417.52,419.65,95.49,126.97,0.6554,-1,-1,-1
361,36,532.59,189.75,46.75,124.71,0.6699,-1,-1,-1
362,1,367.32,327.92,77.26,131.19,0.7374,-1,-1,-1
362,5,1060.54,476.07,44.29,165.82,0.7537,-1,-1,-1
362,6,654.78,97.02,42.86,121.74,0.6085,-1,-1,-1
362,10,1041.33,234.41,41.50,145.54,0.7646,-1,-1,-1
362,25,459.88,440.75,118.19,147.62,0.6109,-1,-1,-1
362,27,713.28,310.95,66.53,128.34,0.8192,-1,-1,-1
362,33,896.75,155.91,54.85,129.49,0.6297,-1,-1,-1
362,34,663.56,205.93,49.96,133.97,0.7266,-1,-1,-1
362,35,414.12,416.94,96.94,129.77,0.6135,-1,-1,-1
362,36,531.47,190.32,46.33,120.83,0.7085,-1,-1,-1
363,1,363.37,328.02,83.29,130.60,0.7486,-1,-1,-1
363,5,1058.56,476.99,43.12,164.19,0.7450,-1,-1,-1
363,6,650.88,97.97,43.16,123.98,0.5879,-1,-1,-1
363,10,1037.08,234.83,40.85,145.48,0.7351,-1,-1,-1
363,27,710.40,311.30,66.21,128.36,0.8246,-1,-1,-1
363,34,660.85,206.20,49.17,133.03,0.7366,-1,-1,-1
363,36,529.55,190.18,45.13,118.01,0.7245,-1,-1,-1
364,1,360.07,327.46,87.24,132.06,0.7122,-1,-1,-1
364,5,1055.94,478.52,44.59,162.15,0.7433,-1,-1,-1
364,6,647.63,97.92,42.53,122.17,0.6021,-1,-1,-1
364,10,1032.90,236.15,41.12,143.18,0.7507,-1,-1,-1
364,27,706.69,311.15,66.97,128.28,0.8168,-1,-1,-1
364,33,886.86,157.22,55.73,127.77,0.6273,-1,-1,-1
364,34,657.27,206.96,50.47,131.96,0.7442,-1,-1,-1
364,36,525.89,189.75,45.82,117.71,0.6127,-1,-1,-1
365,1,355.60,327.55,88.21,131.73,0.6796,-1,-1,-1
365,5,1052.60,479.60,47.32,162.90,0.7609,-1,-1,-1
365,6,643.65,98.90,41.68,123.07,0.6385,-1,-1,-1
365,10,1028.23,233.55,40.78,146.17,0.7385,-1,-1,-1
365,27,698.84,311.59,71.42,127.76,0.7775,-1,-1,-1
365,33,883.02,157.77,55.49,127.33,0.5851,-1,-1,-1
365,34,652.93,207.62,53.42,129.69,0.7207,-1,-1,-1
365,36,519.93,189.67,46.56,123.35,0.5964,-1,-1,-1
366,1,347.06,327.37,84.56,133.91,0.6151,-1,-1,-1
366,5,1045.50,482.58,52.05,164.84,0.8213,-1,-1,-1
366,6,633.59,96.79,43.28,127.39,0.6192,-1,-1,-1
366,10,1017.21,237.00,42.58,144.27,0.7654,-1,-1,-1
366,25,487.30,414.95,88.73,149.59,0.6617,-1,-1,-1
366,27,685.47,313.35,74.00,126.79,0.7643,-1,-1,-1
366,33,873.39,159.21,55.27,126.30,0.6773,-1,-1,-1
366,34,642.90,214.91,56.82,125.94,0.7200,-1,-1,-1
366,36,512.84,191.24,45.40,119.93,0.6602,-1,-1,-1
367,1,342.59,326.42,93.34,137.47,0.6951,-1,-1,-1
367,5,1042.90,484.08,52.58,166.04,0.8095,-1,-1,-1
367,6,628.35,97.28,44.23,128.12,0.6035,-1,-1,-1
367,10,1012.00,239.05,43.39,142.73,0.7568,-1,-1,-1
367,27,678.05,314.17,78.40,126.68,0.7918,-1,-1,-1
367,34,639.24,218.00,57.45,123.17,0.7477,-1,-1,-1
367,36,508.33,190.86,45.91,119.85,0.5683,-1,-1,-1
368,1,338.13,325.87,99.42,142.08,0.6985,-1,-1,-1
368,5,1039.46,485.69,54.06,167.66,0.8042,-1,-1,-1
368,6,624.26,91.80,43.69,133.96,0.6206,-1,-1,-1
368,10,1006.52,241.08,44.42,141.34,0.7450,-1,-1,-1
368,27,668.11,314.83,84.75,124.86,0.8025,-1,-1,-1
368,33,866.69,160.55,52.93,127.89,0.5961,-1,-1,-1
368,34,635.04,221.21,57.70,118.08,0.8181,-1,-1,-1
368,36,503.16,190.28,46.44,120.77,0.6668,-1,-1,-1
369,1,334.95,324.77,103.35,140.62,0.7031,-1,-1,-1
369,5,1033.88,487.60,56.87,169.31,0.7893,-1,-1,-1
369,6,620.31,101.19,42.54,125.80,0.6560,-1,-1,-1
369,10,999.68,242.27,46.36,141.71,0.6984,-1,-1,-1
369,27,654.21,315.80,91.67,125.70,0.7799,-1,-1,-1
369,33,863.42,157.74,50.09,130.94,0.5508,-1,-1,-1
369,34,630.24,223.43,60.22,115.71,0.7796,-1,-1,-1
369,36,499.92,191.48,46.21,118.99,0.7495,-1,-1,-1
370,1,330.14,324.90,105.35,141.57,0.8018,-1,-1,-1
370,5,1031.00,488.73,56.19,171.39,0.7869,-1,-1,-1
370,6,615.33,99.73,42.24,129.25,0.6234,-1,-1,-1
370,10,993.14,243.58,47.16,139.80,0.6431,-1,-1,-1
370,27,645.80,317.52,94.84,125.90,0.7473,-1,-1,-1
370,33,858.08,158.21,50.91,129.76,0.5663,-1,-1,-1
370,34,624.91,227.34,62.51,114.86,0.7154,-1,-1,-1
370,36,495.01,189.98,49.52,123.24,0.5665,-1,-1,-1
371,1,321.37,323.86,106.74,147.10,0.8109,-1,-1,-1
371,5,1025.37,492.73,51.92,172.54,0.7906,-1,-1,-1
371,6,606.15,109.55,42.50,123.05,0.7076,-1,-1,-1
371,10,977.55,246.52,52.58,140.03,0.7465,-1,-1,-1
371,27,635.87,319.15,93.87,127.49,0.7242,-1,-1,-1
371,33,848.36,163.24,52.79,129.04,0.6636,-1,-1,-1
371,34,612.10,229.64,67.62,118.15,0.7681,-1,-1,-1
371,36,484.82,190.98,52.37,128.70,0.6985,-1,-1,-1
372,1,318.84,322.81,105.83,148.25,0.7269,-1,-1,-1
372,5,1025.07,494.56,49.12,173.25,0.7510,-1,-1,-1
372,6,602.28,111.14,42.41,123.07,0.6927,-1,-1,-1
372,10,970.22,247.07,54.94,140.84,0.7052,-1,-1,-1
372,25,505.48,383.18,85.42,161.03,0.5630,-1,-1,-1
372,27,628.66,317.40,96.59,130.32,0.7093,-1,-1,-1
372,33,845.79,163.53,52.69,129.61,0.6167,-1,-1,-1
372,34,601.04,234.84,74.69,118.42,0.7612,-1,-1,-1
372,36,481.96,191.65,53.12,129.02,0.6244,-1,-1,-1
373,1,315.58,321.49,105.41,149.83,0.7387,-1,-1,-1
373,5,1024.20,495.62,48.57,173.88,0.7671,-1,-1,-1
373,6,598.18,101.75,42.96,132.87,0.6513,-1,-1,-1
373,10,967.29,247.92,55.22,141.46,0.6800,-1,-1,-1
373,25,503.63,379.61,93.42,154.15,0.6337,-1,-1,-1
373,27,624.55,319.47,85.30,131.22,0.7415,-1,-1,-1
373,33,841.97,164.27,53.35,130.87,0.5813,-1,-1,-1
373,34,590.55,237.91,81.72,106.96,0.6615,-1,-1,-1
373,36,477.96,191.71,56.50,133.77,0.7300,-1,-1,-1
374,1,314.16,322.13,104.08,148.19,0.5983,-1,-1,-1
374,5,1023.77,497.81,48.17,174.13,0.7270,-1,-1,-1
374,6,592.85,106.14,44.77,128.68,0.6529,-1,-1,-1
374,10,965.91,248.20,54.74,142.48,0.6061,-1,-1,-1
374,27,620.18,322.55,79.66,130.00,0.6337,-1,-1,-1
374,33,838.11,160.34,55.66,136.39,0.6176,-1,-1,-1
374,34,579.18,238.99,86.54,105.76,0.6439,-1,-1,-1
374,36,473.02,192.23,58.31,128.56,0.6815,-1,-1,-1
375,1,312.66,323.10,103.06,155.35,0.6059,-1,-1,-1
375,5,1023.74,500.77,47.75,173.22,0.7666,-1,-1,-1
375,6,590.41,109.19,44.10,127.19,0.7287,-1,-1,-1
375,10,964.73,248.36,53.23,143.54,0.5930,-1,-1,-1
375,25,502.98,369.53,88.76,158.98,0.6282,-1,-1,-1
375,27,613.17,325.27,76.99,127.27,0.6044,-1,-1,-1
375,33,834.88,156.91,58.52,141.71,0.6564,-1,-1,-1
375,34,564.19,239.82,96.21,109.57,0.7076,-1,-1,-1
375,36,468.77,192.50,59.14,131.55,0.6785,-1,-1,-1
376,1,304.01,326.03,105.07,167.36,0.6256,-1,-1,-1
376,5,1022.04,504.57,48.82,173.41,0.7177,-1,-1,-1
376,6,584.71,104.02,43.92,134.41,0.6020,-1,-1,-1
376,10,958.30,252.63,56.09,141.29,0.6675,-1,-1,-1
376,25,508.08,369.22,78.61,151.26,0.6273,-1,-1,-1
376,27,595.59,329.83,83.03,121.21,0.6557,-1,-1,-1
376,33,830.75,161.64,62.89,138.74,0.7278,-1,-1,-1
376,34,557.89,243.79,92.66,102.78,0.6819,-1,-1,-1
376,36,462.56,193.72,58.26,136.03,0.7390,-1,-1,-1
377,1,316.85,325.70,91.25,161.39,0.6233,-1,-1,-1
377,5,1020.60,507.26,50.62,173.51,0.7529,-1,-1,-1
377,6,582.06,87.60,44.35,152.25,0.6218,-1,-1,-1
377,10,955.96,254.73,56.85,139.34,0.7251,-1,-1,-1
377,25,511.52,363.69,72.27,150.57,0.6885,-1,-1,-1
377,27,585.51,335.07,86.50,117.36,0.6280,-1,-1,-1
377,33,829.37,166.69,66.21,135.05,0.7490,-1,-1,-1
377,34,554.95,246.20,89.28,99.42,0.5925,-1,-1,-1
377,36,457.96,195.47,58.66,132.48,0.6909,-1,-1,-1
377,40,485.78,349.35,41.64,152.57,0.6405,-1,-1,-1
378,1,322.29,327.77,101.67,160.79,0.6992,-1,-1,-1
378,5,1018.19,510.44,54.11,174.17,0.7963,-1,-1,-1
378,10,951.51,256.59,60.92,139.35,0.8003,-1,-1,-1
378,25,511.11,353.08,70.19,156.83,0.5649,-1,-1,-1
378,27,580.93,340.58,86.85,115.05,0.6824,-1,-1,-1
378,33,827.46,171.48,67.99,132.10,0.7022,-1,-1,-1
378,34,552.74,251.12,87.09,96.69,0.5993,-1,-1,-1
378,40,487.08,347.27,41.91,155.54,0.6322,-1,-1,-1
379,1,321.82,325.99,95.76,164.90,0.6896,-1,-1,-1
379,5,1018.31,513.86,54.80,175.57,0.8056,-1,-1,-1
379,6,577.57,99.81,43.53,142.67,0.6442,-1,-1,-1
379,10,945.87,259.06,66.42,138.19,0.8050,-1,-1,-1
379,25,507.76,349.37,70.12,158.90,0.6340,-1,-1,-1
379,27,577.45,346.38,86.05,112.11,0.6493,-1,-1,-1
379,33,824.90,175.20,69.55,130.35,0.7282,-1,-1,-1
379,34,550.86,255.77,85.71,93.86,0.6244,-1,-1,-1
379,36,450.78,201.55,55.38,142.18,0.6604,-1,-1,-1
379,40,488.30,341.66,42.08,160.76,0.6517,-1,-1,-1
380,1,319.30,325.12,89.69,170.88,0.7411,-1,-1,-1
380,5,1017.54,517.69,56.37,176.51,0.7973,-1,-1,-1
380,6,575.67,97.92,42.98,147.82,0.6316,-1,-1,-1
380,10,942.28,260.99,69.17,138.21,0.7722,-1,-1,-1
380,25,507.59,345.88,68.69,162.71,0.5894,-1,-1,-1
380,27,575.83,351.48,84.99,106.98,0.5905,-1,-1,-1
380,33,822.98,177.82,70.92,129.97,0.6149,-1,-1,-1
380,34,550.98,259.11,83.97,91.54,0.7444,-1,-1,-1
380,36,447.67,205.29,53.67,140.54,0.6958,-1,-1,-1
380,40,488.41,339.90,40.11,164.17,0.6140,-1,-1,-1
381,1,312.27,326.04,83.59,184.15,0.7150,-1,-1,-1
381,5,1017.19,526.57,59.84,179.92,0.8261,-1,-1,-1
381,6,570.58,112.19,44.17,139.62,0.6455,-1,-1,-1
381,10,942.60,265.63,66.98,141.57,0.7689,-1,-1,-1
381,25,490.97,337.67,79.47,172.59,0.5998,-1,-1,-1
381,27,574.65,353.70,90.36,105.00,0.5662,-1,-1,-1
381,33,822.15,182.05,70.25,131.97,0.7709,-1,-1,-1
381,34,546.31,264.17,84.74,94.57,0.6079,-1,-1,-1
382,1,308.99,331.22,81.12,181.61,0.6452,-1,-1,-1
382,5,1017.38,531.04,60.57,181.53,0.8023,-1,-1,-1
382,6,568.21,110.24,44.42,143.87,0.6626,-1,-1,-1
382,10,942.63,266.62,64.40,143.78,0.7787,-1,-1,-1
382,27,577.11,352.01,91.75,103.59,0.6417,-1,-1,-1
382,33,815.95,183.06,75.58,136.21,0.6924,-1,-1,-1
382,34,541.94,265.90,87.50,96.93,0.6051,-1,-1,-1
383,5,1018.96,535.10,59.57,181.72,0.8076,-1,-1,-1
383,6,564.25,108.58,46.87,147.49,0.6528,-1,-1,-1
383,10,941.10,267.41,62.70,146.65,0.8096,-1,-1,-1
383,25,511.52,345.14,55.08,166.83,0.5930,-1,-1,-1
383,27,578.68,349.86,94.22,109.49,0.6067,-1,-1,-1
383,33,818.86,187.80,70.62,133.91,0.7237,-1,-1,-1
383,34,538.43,266.84,91.31,101.49,0.7549,-1,-1,-1
383,36,435.00,216.44,51.22,135.58,0.6298,-1,-1,-1
383,40,476.90,336.46,53.56,155.26,0.5944,-1,-1,-1
384,5,1018.85,539.52,59.46,178.27,0.7878,-1,-1,-1
384,6,561.43,101.76,48.36,156.31,0.6327,-1,-1,-1
384,10,939.84,268.13,60.59,148.47,0.8038,-1,-1,-1
384,25,513.28,345.46,51.86,163.85,0.6299,-1,-1,-1
384,27,577.64,348.26,98.01,113.68,0.6177,-1,-1,-1
384,33,820.05,193.01,66.82,131.21,0.6501,-1,-1,-1
384,34,535.93,266.85,95.62,104.42,0.7116,-1,-1,-1
384,36,430.21,221.14,53.01,139.96,0.7209,-1,-1,-1
384,40,473.92,335.00,53.51,148.72,0.5637,-1,-1,-1
385,1,291.51,349.45,77.16,180.87,0.6006,-1,-1,-1
385,5,1017.48,543.47,58.56,175.74,0.8241,-1,-1,-1
385,6,559.11,111.27,47.43,150.53,0.5969,-1,-1,-1
385,10,939.20,269.20,58.37,149.84,0.8029,-1,-1,-1
385,25,515.11,346.50,50.05,159.45,0.6143,-1,-1,-1
385,27,583.88,347.26,94.41,116.25,0.7244,-1,-1,-1
385,33,818.70,195.74,72.67,130.44,0.6606,-1,-1,-1
385,34,534.47,266.12,100.88,105.24,0.7272,-1,-1,-1
385,36,426.85,223.11,53.34,140.66,0.6428,-1,-1,-1
385,40,475.21,335.60,49.39,139.37,0.6052,-1,-1,-1
386,1,280.31,359.58,71.24,174.95,0.6225,-1,-1,-1
386,5,1014.03,552.21,56.11,167.79,0.7969,-1,-1,-1
386,6,552.21,113.99,48.26,153.08,0.6114,-1,-1,-1
386,10,927.47,273.18,64.79,148.20,0.6414,-1,-1,-1
386,27,587.32,346.77,106.83,120.33,0.7223,-1,-1,-1
386,33,815.34,199.83,67.52,132.27,0.6568,-1,-1,-1
386,34,538.13,265.74,98.44,113.21,0.7387,-1,-1,-1
386,36,418.50,226.39,53.18,147.38,0.7156,-1,-1,-1
386,40,474.46,338.39,42.98,136.32,0.5710,-1,-1,-1
387,1,275.79,358.72,70.53,181.58,0.6213,-1,-1,-1
387,5,1012.30,556.81,54.76,163.19,0.7805,-1,-1,-1
387,6,547.44,119.33,51.22,148.28,0.6480,-1,-1,-1
387,10,931.69,273.93,59.07,151.44,0.6787,-1,-1,-1
387,25,496.86,341.59,60.94,152.09,0.6374,-1,-1,-1
387,27,590.72,344.64,115.14,124.57,0.8068,-1,-1,-1
387,33,812.55,200.59,66.09,132.63,0.7311,-1,-1,-1
387,34,544.28,262.67,93.40,119.04,0.8248,-1,-1,-1
387,36,414.97,227.15,53.71,150.58,0.7014,-1,-1,-1
387,40,473.19,336.66,42.29,134.62,0.6318,-1,-1,-1
388,1,271.67,358.70,71.11,184.60,0.5754,-1,-1,-1
388,5,1010.78,560.13,53.03,159.32,0.7946,-1,-1,-1
388,6,545.38,121.89,51.69,146.27,0.6316,-1,-1,-1
388,10,937.69,275.00,52.80,153.38,0.7234,-1,-1,-1
388,25,488.45,339.98,67.84,145.18,0.6341,-1,-1,-1
388,27,592.22,343.75,120.29,125.02,0.8580,-1,-1,-1
388,33,810.48,200.05,66.06,134.15,0.7510,-1,-1,-1
388,34,543.73,258.17,91.71,129.35,0.8022,-1,-1,-1
388,36,411.10,227.50,55.97,152.07,0.6877,-1,-1,-1
388,40,470.55,334.45,43.40,134.98,0.6562,-1,-1,-1
389,1,266.95,357.38,70.81,184.27,0.5945,-1,-1,-1
389,5,1008.86,562.86,51.45,156.32,0.7906,-1,-1,-1
389,6,544.19,135.12,50.69,134.49,0.6621,-1,-1,-1
389,10,940.12,276.65,52.43,153.76,0.7044,-1,-1,-1
389,25,490.08,337.45,64.71,143.32,0.5847,-1,-1,-1
389,27,593.96,343.83,119.08,122.20,0.8056,-1,-1,-1
389,33,809.82,199.38,65.34,136.28,0.7745,-1,-1,-1
389,34,550.05,255.43,83.52,136.46,0.7682,-1,-1,-1
389,36,406.27,226.77,60.35,153.50,0.6828,-1,-1,-1
389,40,468.10,332.71,45.27,136.68,0.6131,-1,-1,-1
390,1,263.70,357.67,69.08,188.36,0.5548,-1,-1,-1
390,5,1005.73,565.38,51.78,154.62,0.7800,-1,-1,-1
390,6,541.79,142.24,51.80,128.69,0.5821,-1,-1,-1
390,10,941.40,278.56,53.58,153.29,0.7279,-1,-1,-1
390,25,490.81,334.31,62.24,142.94,0.5876,-1,-1,-1
390,27,598.58,343.72,110.61,119.04,0.8040,-1,-1,-1
390,33,809.24,197.56,63.64,139.00,0.7473,-1,-1,-1
390,34,557.28,252.74,73.44,139.89,0.7540,-1,-1,-1
390,36,407.02,224.58,59.75,139.43,0.5559,-1,-1,-1
391,5,1003.80,569.34,50.93,150.66,0.7847,-1,-1,-1
391,6,540.33,142.25,51.03,129.40,0.5614,-1,-1,-1
391,10,940.64,282.64,55.88,151.93,0.7534,-1,-1,-1
391,27,617.23,341.74,92.87,119.56,0.8086,-1,-1,-1
391,33,807.52,193.23,62.36,142.60,0.7734,-1,-1,-1
391,34,573.21,250.37,59.23,140.32,0.6786,-1,-1,-1
391,36,407.23,221.77,50.63,134.77,0.5894,-1,-1,-1
392,1,250.62,356.06,70.89,186.56,0.5786,-1,-1,-1
392,5,1003.12,572.09,50.61,147.91,0.7767,-1,-1,-1
392,10,940.67,285.27,61.24,150.23,0.7520,-1,-1,-1
392,25,486.98,335.49,64.22,138.23,0.5776,-1,-1,-1
392,27,630.24,338.77,84.02,122.22,0.7491,-1,-1,-1
392,33,807.86,190.72,60.81,142.53,0.7378,-1,-1,-1
392,34,582.66,249.83,53.23,137.93,0.7204,-1,-1,-1
392,36,406.03,217.88,58.07,143.35,0.5795,-1,-1,-1
392,40,463.09,328.34,40.83,121.68,0.6161,-1,-1,-1
393,1,247.31,349.60,80.74,190.78,0.5863,-1,-1,-1
393,5,1004.05,574.96,50.35,145.04,0.7851,-1,-1,-1
393,6,541.40,141.64,50.28,130.45,0.5731,-1,-1,-1
393,10,940.88,286.58,62.23,149.86,0.7873,-1,-1,-1
393,27,649.01,335.98,69.37,123.42,0.6087,-1,-1,-1
393,33,808.17,187.85,60.38,140.14,0.7197,-1,-1,-1
393,34,589.70,250.07,51.75,137.89,0.7356,-1,-1,-1
394,1,245.31,345.98,83.04,195.38,0.6393,-1,-1,-1
394,5,1005.01,577.18,50.57,142.82,0.7950,-1,-1,-1
394,6,541.98,139.48,50.37,132.96,0.5593,-1,-1,-1
394,10,941.11,286.98,60.00,150.97,0.8183,-1,-1,-1
394,25,483.66,340.30,69.31,135.60,0.6018,-1,-1,-1
394,27,657.95,332.05,63.92,124.62,0.6968,-1,-1,-1
394,33,810.55,183.35,57.75,139.97,0.7325,-1,-1,-1
394,34,595.14,251.01,48.80,138.11,0.7209,-1,-1,-1
394,36,397.64,211.11,71.88,159.88,0.6117,-1,-1,-1
395,1,243.68,345.07,75.56,202.43,0.6101,-1,-1,-1
395,5,1006.01,579.48,50.56,140.52,0.8074,-1,-1,-1
395,6,542.12,133.31,51.59,139.44,0.5556,-1,-1,-1
395,10,941.66,287.17,58.45,151.78,0.7905,-1,-1,-1
395,25,483.54,344.32,71.53,133.21,0.6174,-1,-1,-1
395,27,663.05,328.81,61.98,131.95,0.6953,-1,-1,-1
395,33,811.60,180.05,55.85,139.82,0.7500,-1,-1,-1
395,34,598.83,250.61,52.60,139.96,0.6547,-1,-1,-1
395,36,404.04,210.10,66.24,161.52,0.6073,-1,-1,-1
396,1,243.46,341.52,68.13,198.30,0.6524,-1,-1,-1
396,5,1007.96,582.00,50.79,138.00,0.8198,-1,-1,-1
396,10,944.43,286.41,54.87,152.76,0.7958,-1,-1,-1
396,25,482.96,346.87,76.13,131.96,0.6854,-1,-1,-1
396,33,812.90,179.12,54.08,137.11,0.7073,-1,-1,-1
396,34,605.35,249.66,54.46,142.00,0.7411,-1,-1,-1
396,36,406.27,207.10,62.79,162.15,0.6978,-1,-1,-1
397,1,242.67,337.87,62.99,196.12,0.6342,-1,-1,-1
397,5,1009.63,583.31,50.36,136.08,0.8119,-1,-1,-1
397,6,540.17,96.23,57.57,175.78,0.5662,-1,-1,-1
397,10,943.47,283.31,56.28,155.70,0.7848,-1,-1,-1
397,25,486.95,347.39,76.09,131.65,0.5615,-1,-1,-1
397,27,686.97,318.93,48.05,127.49,0.6434,-1,-1,-1
397,33,811.38,175.97,54.92,136.05,0.7221,-1,-1,-1
397,34,608.80,246.90,56.91,143.74,0.7258,-1,-1,-1
397,36,406.59,208.40,61.33,157.30,0.7279,-1,-1,-1
398,1,242.93,336.58,67.97,193.03,0.6135,-1,-1,-1
398,5,1011.27,584.10,50.28,135.47,0.8174,-1,-1,-1
398,10,943.92,280.23,57.70,158.49,0.7808,-1,-1,-1
398,25,488.64,346.79,77.61,132.52,0.6534,-1,-1,-1
398,27,692.42,316.42,53.65,130.59,0.7066,-1,-1,-1
398,33,808.14,173.67,58.98,135.72,0.7266,-1,-1,-1
398,34,612.29,243.43,57.29,146.81,0.7678,-1,-1,-1
398,36,405.15,207.15,62.74,155.83,0.7328,-1,-1,-1
399,1,240.49,335.09,79.28,192.16,0.6559,-1,-1,-1
399,5,1012.95,585.28,50.18,134.50,0.8190,-1,-1,-1
399,10,943.86,278.66,60.73,160.14,0.7641,-1,-1,-1
399,25,493.46,345.06,79.30,134.86,0.6389,-1,-1,-1
399,27,698.21,314.08,56.79,132.43,0.7612,-1,-1,-1
399,33,806.63,172.50,61.01,135.02,0.7212,-1,-1,-1
399,34,615.54,239.64,56.96,150.71,0.7429,-1,-1,-1
399,36,404.70,206.77,65.84,153.90,0.7371,-1,-1,-1
400,1,239.04,335.21,75.81,190.86,0.6721,-1,-1,-1
400,5,1014.44,586.92,50.03,132.98,0.8094,-1,-1,-1
400,10,936.76,277.04,69.81,162.90,0.7310,-1,-1,-1
400,27,702.81,311.09,59.76,135.33,0.7168,-1,-1,-1
400,33,806.01,171.60,62.57,134.91,0.6878,-1,-1,-1
400,34,618.74,235.29,56.00,154.95,0.7103,-1,-1,-1
400,36,404.91,207.19,67.89,151.99,0.6966,-1,-1,-1
401,1,238.12,335.14,74.13,191.15,0.7346,-1,-1,-1
401,5,1015.07,589.03,50.36,130.97,0.7968,-1,-1,-1
401,10,930.79,277.77,77.76,162.90,0.7011,-1,-1,-1
401,27,706.70,311.34,62.93,132.25,0.5572,-1,-1,-1
401,33,806.53,167.58,63.95,139.04,0.7433,-1,-1,-1
401,34,624.42,231.02,52.61,158.46,0.6878,-1,-1,-1
401,36,405.95,203.02,71.00,156.91,0.7241,-1,-1,-1
402,1,236.04,335.47,78.58,192.30,0.7021,-1,-1,-1
402,5,1017.70,591.61,50.52,128.39,0.7637,-1,-1,-1
402,10,941.01,273.95,70.38,166.96,0.7093,-1,-1,-1
402,27,713.51,310.00,75.00,131.96,0.6090,-1,-1,-1
402,33,810.24,164.71,62.34,142.18,0.7451,-1,-1,-1
402,34,633.88,219.60,49.17,154.84,0.6499,-1,-1,-1
402,36,407.05,202.29,78.00,156.97,0.7638,-1,-1,-1
403,1,234.64,336.33,80.60,192.69,0.7152,-1,-1,-1
403,5,1019.40,592.51,49.89,127.49,0.7728,-1,-1,-1
403,10,949.33,272.56,62.32,167.71,0.7120,-1,-1,-1
403,25,497.98,339.80,82.65,148.02,0.5673,-1,-1,-1
403,27,719.32,310.14,78.17,133.10,0.5722,-1,-1,-1
403,33,812.83,162.75,61.18,144.73,0.6633,-1,-1,-1
403,34,638.78,217.41,50.52,148.14,0.6623,-1,-1,-1
403,36,408.09,204.05,83.48,153.78,0.7903,-1,-1,-1
404,1,234.02,337.07,84.73,193.29,0.7345,-1,-1,-1
404,5,1019.54,593.65,49.55,126.35,0.7811,-1,-1,-1
404,10,957.81,271.52,54.36,168.00,0.6777,-1,-1,-1
404,25,502.35,341.28,79.20,148.38,0.6884,-1,-1,-1
404,33,813.97,161.15,60.79,143.66,0.6689,-1,-1,-1
404,34,643.60,214.86,53.90,146.01,0.7120,-1,-1,-1
404,36,409.99,205.36,84.21,151.21,0.8265,-1,-1,-1
405,1,233.77,337.41,87.50,194.17,0.7632,-1,-1,-1
405,5,1021.20,595.81,49.21,124.19,0.8053,-1,-1,-1
405,10,962.39,269.67,51.21,169.01,0.6961,-1,-1,-1
405,25,505.43,343.89,76.15,147.21,0.7111,-1,-1,-1
405,33,815.08,159.54,59.95,144.34,0.7518,-1,-1,-1
405,34,647.46,213.67,62.24,145.06,0.7205,-1,-1,-1
405,36,412.80,206.83,84.41,149.42,0.8025,-1,-1,-1
405,43,484.30,300.71,47.74,169.32,0.5820,-1,-1,-1
405,44,750.29,109.48,56.68,142.82,0.5900,-1,-1,-1
406,1,234.32,337.78,85.28,195.04,0.7546,-1,-1,-1
406,5,1023.24,598.67,48.85,120.99,0.8077,-1,-1,-1
406,10,966.56,269.08,48.87,168.38,0.7441,-1,-1,-1
406,25,505.52,347.44,79.58,144.35,0.6046,-1,-1,-1
406,33,816.75,157.33,57.46,144.26,0.7229,-1,-1,-1
406,34,652.56,211.48,74.47,143.55,0.7585,-1,-1,-1
406,36,417.34,206.30,85.22,146.59,0.8081,-1,-1,-1
406,43,484.74,303.48,48.72,166.61,0.6441,-1,-1,-1
407,1,236.51,337.33,85.05,196.74,0.7552,-1,-1,-1
407,5,1025.03,601.76,51.38,118.15,0.7994,-1,-1,-1
407,10,969.31,268.11,50.25,166.65,0.7674,-1,-1,-1
407,27,734.59,299.51,73.72,148.31,0.6043,-1,-1,-1
407,33,820.02,153.53,56.00,142.47,0.6270,-1,-1,-1
407,34,659.44,207.21,67.91,144.42,0.6591,-1,-1,-1
407,36,426.93,206.39,86.53,144.47,0.7622,-1,-1,-1
408,1,240.79,336.59,85.20,197.82,0.7256,-1,-1,-1
408,5,1024.31,603.40,54.39,116.52,0.8065,-1,-1,-1
408,10,969.86,269.05,52.26,164.78,0.7905,-1,-1,-1
408,25,516.59,353.10,87.77,140.12,0.6690,-1,-1,-1
408,27,737.67,296.44,68.44,152.05,0.6093,-1,-1,-1
408,33,819.94,150.15,56.25,142.84,0.6426,-1,-1,-1
408,34,662.21,200.56,65.24,147.15,0.6308,-1,-1,-1
408,36,433.39,204.97,89.00,142.08,0.6434,-1,-1,-1
409,1,244.59,336.28,89.92,199.28,0.7398,-1,-1,-1
409,5,1024.12,605.28,56.75,114.64,0.7987,-1,-1,-1
409,6,552.56,108.87,60.56,150.23,0.6129,-1,-1,-1
409,10,970.89,269.82,53.58,163.86,0.7677,-1,-1,-1
409,25,519.15,355.45,91.83,140.35,0.6776,-1,-1,-1
409,27,741.19,294.69,61.90,153.53,0.6366,-1,-1,-1
409,33,817.91,145.75,58.54,145.61,0.6884,-1,-1,-1
409,34,664.84,196.78,67.68,148.19,0.6910,-1,-1,-1
409,36,438.86,202.69,91.80,141.68,0.6291,-1,-1,-1
410,1,248.21,336.57,89.03,200.24,0.7831,-1,-1,-1
410,5,1023.92,608.35,59.09,111.65,0.7948,-1,-1,-1
410,10,973.33,273.14,55.17,160.27,0.7636,-1,-1,-1
410,25,521.59,356.23,97.02,148.39,0.7603,-1,-1,-1
410,27,743.13,293.44,58.10,148.15,0.6028,-1,-1,-1
410,33,817.18,146.45,61.83,144.58,0.7179,-1,-1,-1
410,34,667.39,192.34,71.68,149.89,0.6213,-1,-1,-1
410,36,445.66,200.02,93.92,142.02,0.6060,-1,-1,-1
411,1,253.36,337.69,84.88,199.92,0.7911,-1,-1,-1
411,5,1024.71,610.78,61.04,109.22,0.7824,-1,-1,-1
411,10,977.81,276.67,56.08,160.34,0.7858,-1,-1,-1
411,25,522.93,359.16,98.19,153.39,0.7182,-1,-1,-1
411,27,738.48,291.23,64.10,145.61,0.6641,-1,-1,-1
411,33,815.89,152.35,65.53,139.33,0.7427,-1,-1,-1
411,36,450.94,199.41,88.20,139.31,0.6000,-1,-1,-1
411,43,501.15,305.84,53.63,154.86,0.5845,-1,-1,-1
412,1,261.68,341.45,80.24,197.25,0.8027,-1,-1,-1
412,5,1030.51,616.91,58.03,103.09,0.7768,-1,-1,-1
412,10,986.59,281.51,58.38,159.29,0.8053,-1,-1,-1
412,27,741.92,288.83,65.89,148.48,0.7806,-1,-1,-1
412,33,816.98,155.92,69.43,139.15,0.7119,-1,-1,-1
412,43,506.54,309.43,54.39,155.85,0.6568,-1,-1,-1
413,1,265.35,343.36,76.05,194.88,0.8000,-1,-1,-1
413,5,1033.14,620.06,55.27,99.94,0.7700,-1,-1,-1
413,10,991.20,283.72,59.69,159.08,0.7451,-1,-1,-1
413,25,552.15,369.30,79.25,164.35,0.5708,-1,-1,-1
413,27,746.09,286.65,63.43,150.53,0.7213,-1,-1,-1
413,33,816.53,159.08,72.32,137.92,0.7275,-1,-1,-1
413,34,686.88,204.17,74.11,132.99,0.6930,-1,-1,-1
413,43,509.50,311.15,53.78,157.06,0.6200,-1,-1,-1
414,1,268.21,344.32,73.99,193.20,0.7312,-1,-1,-1
414,10,996.72,284.65,59.87,160.97,0.7847,-1,-1,-1
414,25,554.71,376.83,78.60,160.76,0.6336,-1,-1,-1
414,27,753.50,285.65,56.66,153.72,0.7060,-1,-1,-1
414,33,815.99,161.03,76.34,136.52,0.7070,-1,-1,-1
414,34,691.13,203.64,74.04,133.08,0.6829,-1,-1,-1
414,43,511.09,313.50,56.24,158.87,0.5912,-1,-1,-1
415,1,270.71,344.72,76.55,195.24,0.7493,-1,-1,-1
415,5,1034.25,624.16,56.13,95.42,0.6140,-1,-1,-1
415,10,1000.72,287.53,61.63,161.07,0.8333,-1,-1,-1
415,25,574.70,380.33,63.52,160.72,0.7080,-1,-1,-1
415,27,759.20,285.13,54.61,156.67,0.7489,-1,-1,-1
415,33,815.64,160.49,80.04,139.92,0.6829,-1,-1,-1
415,34,694.85,206.12,74.62,131.40,0.7050,-1,-1,-1
416,1,273.84,345.71,74.17,195.23,0.7302,-1,-1,-1
416,5,1035.04,627.77,55.33,91.76,0.6050,-1,-1,-1
416,10,1003.35,289.18,62.80,161.74,0.8169,-1,-1,-1
416,25,585.50,383.95,60.54,160.27,0.5516,-1,-1,-1
416,27,761.58,283.55,54.42,160.32,0.7566,-1,-1,-1
416,34,698.18,208.33,79.05,129.41,0.6962,-1,-1,-1
417,1,275.96,348.93,80.16,198.89,0.7151,-1,-1,-1
417,6,564.97,101.52,63.24,171.06,0.5730,-1,-1,-1
417,10,1010.88,291.96,63.32,163.06,0.8587,-1,-1,-1
417,27,767.74,285.69,57.02,160.21,0.7087,-1,-1,-1
417,33,817.25,164.38,87.98,142.07,0.5843,-1,-1,-1
417,34,704.84,211.27,78.76,129.68,0.6840,-1,-1,-1
417,36,471.63,181.57,90.70,162.38,0.5745,-1,-1,-1
417,43,526.73,325.71,56.94,169.93,0.6076,-1,-1,-1
418,1,277.03,350.12,82.32,200.10,0.6577,-1,-1,-1
418,10,1014.60,293.57,65.20,162.93,0.7913,-1,-1,-1
418,25,598.48,390.21,74.33,168.79,0.6351,-1,-1,-1
418,27,770.92,285.59,55.86,160.30,0.6343,-1,-1,-1
418,33,814.85,168.21,93.37,139.57,0.6913,-1,-1,-1
418,36,480.03,183.11,92.83,159.27,0.6257,-1,-1,-1
418,43,531.62,327.93,56.34,171.22,0.6860,-1,-1,-1
419,1,279.10,351.82,83.17,199.76,0.6049,-1,-1,-1
419,10,1017.32,294.53,65.84,164.09,0.7975,-1,-1,-1
419,25,602.51,392.94,77.49,175.35,0.6805,-1,-1,-1
419,27,774.06,286.16,53.89,159.64,0.6462,-1,-1,-1
419,36,490.25,191.27,73.83,151.07,0.7053,-1,-1,-1
419,43,535.61,329.93,57.28,174.46,0.6400,-1,-1,-1
420,1,282.45,352.70,82.07,197.86,0.6208,-1,-1,-1
420,10,1022.22,295.04,66.05,165.64,0.7845,-1,-1,-1
420,25,608.16,395.19,75.99,167.60,0.6773,-1,-1,-1
420,27,777.52,287.17,51.94,157.97,0.6460,-1,-1,-1
420,34,713.83,221.79,101.06,127.94,0.6329,-1,-1,-1
420,36,496.67,186.49,67.78,154.60,0.6571,-1,-1,-1
420,43,540.63,332.59,57.36,175.24,0.6383,-1,-1,-1
420,46,1.63,334.17,64.70,181.67,0.5705,-1,-1,-1
421,1,287.33,353.87,80.42,198.10,0.6285,-1,-1,-1
421,10,1027.89,296.01,62.29,167.40,0.7992,-1,-1,-1
421,25,613.18,397.40,72.89,181.72,0.7154,-1,-1,-1
421,27,780.20,287.03,51.52,158.12,0.6258,-1,-1,-1
421,34,716.01,223.17,108.47,128.11,0.6531,-1,-1,-1
421,36,502.85,179.15,68.07,161.51,0.7217,-1,-1,-1
421,43,546.15,333.60,57.12,175.96,0.6513,-1,-1,-1
421,46,3.81,332.91,73.51,188.44,0.6106,-1,-1,-1
422,1,293.30,354.84,81.49,199.37,0.6410,-1,-1,-1
422,6,581.13,120.05,70.15,151.02,0.5608,-1,-1,-1
422,10,1036.85,300.39,60.34,166.71,0.7923,-1,-1,-1
422,25,619.78,403.56,74.71,184.06,0.6654,-1,-1,-1
422,27,785.80,287.10,51.07,157.26,0.6152,-1,-1,-1
422,34,720.88,224.59,106.16,125.99,0.6459,-1,-1,-1
422,36,511.56,178.55,73.03,161.57,0.7394,-1,-1,-1
422,43,553.69,335.14,56.14,175.47,0.6798,-1,-1,-1
422,46,11.68,333.16,82.23,182.22,0.6097,-1,-1,-1
423,1,295.33,356.28,82.73,200.14,0.6070,-1,-1,-1
423,10,1039.90,302.20,58.92,172.54,0.8114,-1,-1,-1
423,25,622.03,407.21,77.11,183.56,0.5929,-1,-1,-1
423,27,788.57,286.02,52.51,158.44,0.6304,-1,-1,-1
423,36,514.80,178.49,77.57,161.13,0.7517,-1,-1,-1
423,43,556.76,335.52,59.47,176.21,0.6935,-1,-1,-1
423,46,16.22,331.98,91.75,180.06,0.6121,-1,-1,-1
424,1,296.04,356.50,89.62,200.90,0.6037,-1,-1,-1
424,6,587.33,111.70,69.59,158.48,0.5736,-1,-1,-1
424,10,1044.96,303.42,58.67,177.75,0.7665,-1,-1,-1
424,27,791.16,285.06,53.42,159.54,0.6542,-1,-1,-1
424,34,727.46,222.08,94.69,131.95,0.5631,-1,-1,-1
424,36,517.96,178.73,82.24,158.63,0.7258,-1,-1,-1
424,43,560.11,336.67,59.85,174.15,0.6369,-1,-1,-1
424,46,20.82,330.90,92.78,183.31,0.5675,-1,-1,-1
425,1,297.98,356.65,84.08,200.56,0.7102,-1,-1,-1
425,10,1049.98,305.22,56.59,179.12,0.7897,-1,-1,-1
425,25,652.52,406.39,53.62,166.47,0.6253,-1,-1,-1
425,27,793.49,284.71,54.43,158.88,0.5555,-1,-1,-1
425,33,819.57,162.37,100.31,149.55,0.5680,-1,-1,-1
425,34,729.49,219.31,93.45,134.97,0.5862,-1,-1,-1
425,36,520.91,181.38,85.21,153.52,0.7192,-1,-1,-1
425,43,563.63,337.16,60.50,173.95,0.7086,-1,-1,-1
425,46,24.05,329.01,96.76,184.29,0.5970,-1,-1,-1
426,1,299.98,356.19,75.26,200.91,0.6933,-1,-1,-1
426,10,1054.28,307.57,55.36,179.82,0.7022,-1,-1,-1
426,25,658.33,407.35,54.03,178.03,0.6900,-1,-1,-1
426,27,795.86,285.67,53.94,157.56,0.6442,-1,-1,-1
426,34,732.65,211.81,89.76,136.13,0.6389,-1,-1,-1
426,36,522.63,188.65,88.35,144.19,0.7555,-1,-1,-1
426,43,566.99,336.93,61.58,174.39,0.7570,-1,-1,-1
426,46,26.64,326.63,98.19,185.88,0.5999,-1,-1,-1
427,1,299.30,355.72,76.63,199.81,0.7233,-1,-1,-1
427,10,1061.76,309.05,57.09,180.75,0.7692,-1,-1,-1
427,25,665.05,408.46,65.92,180.56,0.7112,-1,-1,-1
427,27,799.22,284.35,55.42,158.96,0.6419,-1,-1,-1
427,33,841.69,161.31,81.48,153.49,0.5698,-1,-1,-1
427,34,739.02,209.73,80.24,133.14,0.6393,-1,-1,-1
427,36,524.15,193.37,95.72,134.12,0.7729,-1,-1,-1
427,43,572.42,337.28,62.48,174.05,0.7162,-1,-1,-1
427,46,33.73,319.37,99.39,185.92,0.5987,-1,-1,-1
428,1,298.02,355.15,78.82,199.76,0.7033,-1,-1,-1
428,10,1064.18,310.12,59.98,179.86,0.7798,-1,-1,-1
428,25,669.07,410.73,73.61,182.30,0.7203,-1,-1,-1
428,27,802.90,284.03,54.33,159.39,0.6628,-1,-1,-1
428,33,851.04,167.61,70.47,148.36,0.5987,-1,-1,-1
428,34,742.72,206.93,73.85,131.68,0.6575,-1,-1,-1
428,36,523.53,195.82,101.78,128.80,0.7871,-1,-1,-1
428,43,575.26,337.08,62.39,174.15,0.6659,-1,-1,-1
429,1,296.82,354.66,79.33,200.17,0.7619,-1,-1,-1
429,10,1065.82,310.20,59.55,179.62,0.8046,-1,-1,-1
429,25,674.61,412.94,77.34,185.38,0.7106,-1,-1,-1
429,27,806.24,284.29,52.26,158.77,0.6863,-1,-1,-1
429,34,745.10,207.14,71.27,127.22,0.6839,-1,-1,-1
429,36,524.00,194.83,105.99,127.63,0.8058,-1,-1,-1
429,43,577.51,336.43,62.10,174.49,0.6307,-1,-1,-1
429,46,57.12,314.77,78.10,180.75,0.5602,-1,-1,-1
429,49,352.94,353.79,60.95,179.07,0.6486,-1,-1,-1
430,1,294.48,354.86,83.29,200.64,0.7725,-1,-1,-1
430,10,1067.89,310.67,60.97,178.47,0.8022,-1,-1,-1
430,25,681.59,414.06,79.38,190.61,0.8043,-1,-1,-1
430,27,808.07,284.28,51.68,158.42,0.6793,-1,-1,-1
430,34,746.07,212.60,72.60,118.82,0.6749,-1,-1,-1
430,36,524.27,194.55,107.76,126.72,0.8110,-1,-1,-1
430,43,582.17,335.18,60.30,175.66,0.6062,-1,-1,-1
430,46,66.38,315.28,69.96,178.89,0.5839,-1,-1,-1
430,49,354.40,353.36,60.44,179.10,0.6072,-1,-1,-1
431,1,291.66,355.40,88.50,202.03,0.8044,-1,-1,-1
431,10,1069.93,311.45,61.09,178.18,0.8177,-1,-1,-1
431,25,688.73,419.59,75.09,189.82,0.8030,-1,-1,-1
431,27,809.18,284.47,51.83,157.65,0.6850,-1,-1,-1
431,33,866.99,176.03,56.64,142.12,0.6594,-1,-1,-1
431,34,746.10,209.41,75.33,121.33,0.6966,-1,-1,-1
431,36,524.50,183.92,106.42,137.53,0.8148,-1,-1,-1
431,43,584.61,335.04,58.98,175.65,0.6390,-1,-1,-1
431,46,73.91,314.82,67.33,180.04,0.5972,-1,-1,-1
431,49,353.68,353.17,65.09,180.44,0.6247,-1,-1,-1
432,1,289.50,356.12,94.83,201.70,0.8551,-1,-1,-1
432,6,618.64,101.81,61.71,165.60,0.6011,-1,-1,-1
432,10,1073.09,313.60,64.45,177.08,0.8296,-1,-1,-1
432,25,698.56,427.71,72.19,186.83,0.8085,-1,-1,-1
432,27,810.44,283.97,55.28,158.60,0.7249,-1,-1,-1
432,33,869.87,174.32,61.40,144.91,0.6031,-1,-1,-1
432,34,749.11,208.86,71.91,121.53,0.6930,-1,-1,-1
432,36,526.33,179.96,107.74,140.24,0.8168,-1,-1,-1
432,43,586.20,335.19,59.06,174.92,0.6759,-1,-1,-1
432,46,81.95,310.66,68.81,185.17,0.6037,-1,-1,-1
432,49,353.91,352.46,70.24,179.82,0.7388,-1,-1,-1
433,1,288.60,356.86,97.79,201.22,0.8513,-1,-1,-1
433,6,622.20,102.28,62.45,164.00,0.5775,-1,-1,-1
433,10,1074.57,314.98,65.70,177.70,0.8541,-1,-1,-1
433,25,702.42,432.60,73.33,184.84,0.7712,-1,-1,-1
433,27,805.02,283.45,60.94,159.01,0.7414,-1,-1,-1
433,33,872.50,171.52,62.82,148.92,0.6102,-1,-1,-1
433,34,750.38,209.23,71.48,121.03,0.7093,-1,-1,-1
433,36,526.94,184.63,107.40,135.40,0.7962,-1,-1,-1
433,43,586.46,335.37,59.07,174.60,0.6786,-1,-1,-1
433,49,352.62,352.05,73.51,181.13,0.7166,-1,-1,-1
434,1,288.62,357.78,99.36,200.73,0.8532,-1,-1,-1
434,10,1075.94,316.25,67.43,178.56,0.8300,-1,-1,-1
434,25,704.92,435.77,74.19,186.02,0.7286,-1,-1,-1
434,27,806.42,282.79,56.06,159.10,0.6423,-1,-1,-1
434,34,751.71,209.78,72.58,121.27,0.6702,-1,-1,-1
434,36,527.46,183.84,107.14,135.45,0.7924,-1,-1,-1
434,43,586.85,335.37,58.75,174.53,0.6429,-1,-1,-1
434,49,349.50,352.17,78.24,180.55,0.7463,-1,-1,-1
435,1,288.12,357.85,100.95,200.00,0.8418,-1,-1,-1
435,10,1075.12,317.87,70.29,179.42,0.8226,-1,-1,-1
435,25,709.97,438.12,73.20,180.46,0.7460,-1,-1,-1
435,27,810.66,282.92,47.65,157.70,0.5729,-1,-1,-1
435,33,884.43,175.08,60.87,147.19,0.5888,-1,-1,-1
435,34,753.33,208.71,77.75,123.59,0.5685,-1,-1,-1
435,36,527.48,182.44,106.04,135.27,0.7690,-1,-1,-1
435,43,587.19,335.07,59.73,174.67,0.6483,-1,-1,-1
435,46,91.47,302.55,73.60,190.69,0.5992,-1,-1,-1
435,49,347.83,351.89,81.04,179.66,0.7529,-1,-1,-1
436,1,288.20,358.28,101.58,199.19,0.8383,-1,-1,-1
436,10,1073.86,319.26,73.50,181.56,0.7984,-1,-1,-1
436,25,715.56,441.53,70.42,175.44,0.7448,-1,-1,-1
436,33,889.82,175.58,63.25,145.90,0.6380,-1,-1,-1
436,34,754.45,207.70,77.94,127.16,0.5739,-1,-1,-1
436,36,527.69,180.59,105.00,136.24,0.7939,-1,-1,-1
436,43,586.93,335.03,60.61,174.91,0.6555,-1,-1,-1
436,46,93.22,300.19,77.06,192.80,0.5629,-1,-1,-1
436,49,347.30,351.08,81.70,179.94,0.7621,-1,-1,-1
437,1,290.48,356.78,99.21,199.60,0.8453,-1,-1,-1
437,6,625.56,105.16,62.79,159.98,0.5556,-1,-1,-1
437,10,1071.25,322.86,74.92,182.96,0.8288,-1,-1,-1
437,25,719.14,446.63,69.36,170.35,0.6602,-1,-1,-1
437,33,894.24,174.74,67.82,145.86,0.5592,-1,-1,-1
437,36,528.93,182.02,103.91,133.63,0.7775,-1,-1,-1
437,43,586.06,335.18,61.37,174.31,0.6944,-1,-1,-1
437,46,95.91,297.43,81.98,196.36,0.6622,-1,-1,-1
437,49,348.99,347.82,80.38,180.41,0.6988,-1,-1,-1
438,1,291.06,354.89,95.74,200.59,0.8500,-1,-1,-1
438,10,1068.65,324.43,75.27,183.96,0.8384,-1,-1,-1
438,25,727.59,451.29,62.63,167.48,0.6027,-1,-1,-1
438,27,805.76,280.38,44.47,153.01,0.6337,-1,-1,-1
438,33,898.65,172.90,68.80,147.89,0.7428,-1,-1,-1
438,36,530.21,182.94,101.59,131.71,0.7562,-1,-1,-1
438,43,585.28,335.28,61.53,173.56,0.6934,-1,-1,-1
438,46,98.45,297.19,82.10,197.04,0.6707,-1,-1,-1
438,49,351.79,346.17,77.06,165.45,0.7553,-1,-1,-1
439,1,291.56,352.89,91.21,201.93,0.8529,-1,-1,-1
439,10,1066.41,326.13,74.45,184.27,0.8421,-1,-1,-1
439,27,801.09,280.94,47.63,154.98,0.6676,-1,-1,-1
439,33,904.58,173.48,69.01,148.37,0.7602,-1,-1,-1
439,36,530.64,182.83,101.64,131.25,0.7476,-1,-1,-1
439,43,584.50,335.27,62.03,173.11,0.6703,-1,-1,-1
439,46,100.46,295.48,83.62,198.15,0.6272,-1,-1,-1
439,49,353.57,344.92,75.07,172.07,0.7045,-1,-1,-1
440,1,292.21,350.84,83.26,203.84,0.8276,-1,-1,-1
440,10,1064.75,327.14,73.45,184.59,0.8355,-1,-1,-1
440,27,798.56,282.65,49.58,157.53,0.6904,-1,-1,-1
440,33,908.56,176.55,71.81,148.47,0.7062,-1,-1,-1
440,34,746.72,205.49,67.05,151.48,0.6046,-1,-1,-1
440,36,530.41,183.55,101.32,130.24,0.7299,-1,-1,-1
440,43,584.44,335.47,62.00,172.76,0.6682,-1,-1,-1
440,46,101.55,292.85,84.08,201.50,0.6041,-1,-1,-1
440,49,354.13,344.90,73.94,175.08,0.7259,-1,-1,-1
441,1,293.07,349.27,75.25,205.22,0.8092,-1,-1,-1
441,10,1062.82,328.30,71.76,184.26,0.8399,-1,-1,-1
441,25,732.19,474.99,62.28,147.11,0.5862,-1,-1,-1
441,27,796.22,285.36,51.65,159.17,0.6694,-1,-1,-1
441,33,913.08,181.10,77.78,146.21,0.7341,-1,-1,-1
441,34,745.02,205.25,66.21,153.90,0.6055,-1,-1,-1
441,36,530.87,182.77,100.68,132.22,0.7208,-1,-1,-1
441,43,584.01,335.84,62.38,172.13,0.6482,-1,-1,-1
441,46,102.89,289.70,84.11,205.12,0.6180,-1,-1,-1
441,49,354.08,344.68,74.06,176.43,0.7220,-1,-1,-1
442,1,293.06,349.79,64.59,203.82,0.7169,-1,-1,-1
442,6,625.51,112.26,57.11,154.52,0.5602,-1,-1,-1
442,10,1061.03,330.90,67.63,180.22,0.8345,-1,-1,-1
442,27,790.37,288.85,56.35,158.46,0.6949,-1,-1,-1
442,33,920.99,192.92,84.27,137.43,0.7279,-1,-1,-1
442,34,743.56,206.99,67.00,154.07,0.6223,-1,-1,-1
442,36,533.70,182.72,97.34,133.41,0.7201,-1,-1,-1
442,43,583.77,336.92,62.66,170.47,0.6719,-1,-1,-1
442,49,350.37,344.28,77.35,176.51,0.6343,-1,-1,-1
443,1,292.63,349.55,59.05,203.15,0.6991,-1,-1,-1
443,6,625.69,111.76,56.43,154.76,0.5775,-1,-1,-1
443,10,1059.95,331.81,65.59,179.24,0.8312,-1,-1,-1
443,25,733.52,483.20,57.80,138.80,0.6976,-1,-1,-1
443,27,790.12,289.78,55.63,158.24,0.6405,-1,-1,-1
443,33,927.08,202.16,83.94,132.58,0.6568,-1,-1,-1
443,34,743.06,207.98,66.97,152.87,0.5977,-1,-1,-1
443,36,533.67,182.82,97.23,133.82,0.7144,-1,-1,-1
443,43,583.64,337.23,61.55,169.05,0.6464,-1,-1,-1
443,49,347.38,343.83,78.70,175.72,0.6598,-1,-1,-1
444,1,291.61,349.17,56.19,202.91,0.7071,-1,-1,-1
444,6,625.12,110.38,57.21,156.12,0.5625,-1,-1,-1
444,10,1058.47,332.11,63.66,177.68,0.8364,-1,-1,-1
444,25,733.33,482.49,55.86,139.20,0.7147,-1,-1,-1
444,27,791.05,288.39,52.97,156.71,0.6324,-1,-1,-1
444,33,929.77,207.42,83.06,131.06,0.7050,-1,-1,-1
444,34,743.97,207.15,66.77,153.48,0.6026,-1,-1,-1
444,36,533.16,182.18,97.69,134.29,0.7568,-1,-1,-1
444,43,581.59,337.66,63.21,168.12,0.6874,-1,-1,-1
444,49,345.44,343.45,79.42,175.43,0.6738,-1,-1,-1
445,1,291.27,348.61,56.00,202.02,0.6960,-1,-1,-1
445,6,623.16,109.24,59.74,157.25,0.6128,-1,-1,-1
445,10,1057.89,332.57,60.84,175.65,0.8230,-1,-1,-1
445,25,732.80,478.28,54.09,143.37,0.7062,-1,-1,-1
445,27,792.20,286.99,49.34,154.61,0.5924,-1,-1,-1
445,33,929.01,211.81,83.28,128.42,0.6580,-1,-1,-1
445,34,745.37,216.67,65.92,141.57,0.5794,-1,-1,-1
445,36,533.17,184.55,97.76,131.80,0.7767,-1,-1,-1
445,43,580.78,337.91,63.64,167.96,0.6924,-1,-1,-1
445,49,341.08,342.77,82.79,176.45,0.7278,-1,-1,-1
446,1,291.56,347.74,54.26,200.77,0.6804,-1,-1,-1
446,6,621.54,108.28,62.31,158.51,0.6272,-1,-1,-1
446,10,1057.07,332.97,58.14,174.21,0.7976,-1,-1,-1
446,25,732.28,472.94,53.22,148.86,0.6720,-1,-1,-1
446,27,792.57,286.04,47.56,151.64,0.5854,-1,-1,-1
446,34,748.14,213.01,64.91,146.52,0.5635,-1,-1,-1
446,36,533.14,180.73,97.61,135.51,0.7659,-1,-1,-1
446,43,581.30,337.99,63.29,167.86,0.7023,-1,-1,-1
446,49,339.82,342.17,83.69,177.49,0.7308,-1,-1,-1
447,1,285.78,347.88,58.28,196.57,0.7497,-1,-1,-1
447,6,621.44,107.22,66.44,160.81,0.5768,-1,-1,-1
447,10,1056.55,335.19,54.61,174.39,0.8078,-1,-1,-1
447,25,731.32,477.11,51.75,144.74,0.7374,-1,-1,-1
447,27,792.06,284.85,44.62,142.72,0.5595,-1,-1,-1
447,36,533.17,175.47,96.24,140.22,0.7730,-1,-1,-1
447,43,581.54,339.51,62.91,167.96,0.6783,-1,-1,-1
447,49,342.89,341.85,79.89,177.49,0.6979,-1,-1,-1
448,1,280.29,348.65,65.85,193.79,0.7564,-1,-1,-1
448,6,619.56,106.05,72.04,163.02,0.6359,-1,-1,-1
448,10,1056.09,336.65,53.52,175.28,0.7945,-1,-1,-1
448,25,729.89,480.39,50.92,140.61,0.7274,-1,-1,-1
448,27,790.82,284.46,43.78,137.98,0.5794,-1,-1,-1
448,36,533.17,175.11,95.03,140.03,0.7791,-1,-1,-1
448,43,582.38,340.91,61.74,167.43,0.6393,-1,-1,-1
448,49,346.84,341.29,75.71,179.86,0.7395,-1,-1,-1
449,1,276.16,348.78,71.43,191.20,0.7654,-1,-1,-1
449,6,618.30,106.08,75.86,163.86,0.5778,-1,-1,-1
449,10,1055.42,337.64,53.94,176.86,0.8156,-1,-1,-1
449,25,727.84,481.48,52.58,139.18,0.6909,-1,-1,-1
449,36,533.16,177.87,92.16,137.00,0.7797,-1,-1,-1
449,43,583.85,343.18,58.89,165.78,0.6398,-1,-1,-1
449,49,348.38,340.69,72.79,180.80,0.7376,-1,-1,-1
450,1,274.40,349.07,74.67,189.49,0.7511,-1,-1,-1
450,10,1055.05,339.04,53.61,177.32,0.8050,-1,-1,-1
450,25,726.30,482.13,54.61,136.88,0.5944,-1,-1,-1
450,27,785.11,287.01,47.24,141.44,0.5599,-1,-1,-1
450,36,533.18,177.57,89.01,137.65,0.7765,-1,-1,-1
450,43,585.01,346.15,57.36,164.86,0.6735,-1,-1,-1
450,49,351.03,341.45,69.45,176.85,0.7263,-1,-1,-1
451,1,274.47,348.39,76.12,187.25,0.7211,-1,-1,-1
451,10,1054.74,340.68,53.06,178.50,0.7963,-1,-1,-1
451,27,783.87,287.18,48.58,148.09,0.5873,-1,-1,-1
451,36,533.18,178.20,86.50,137.71,0.7564,-1,-1,-1
451,43,585.79,349.36,56.42,164.68,0.7007,-1,-1,-1
451,49,354.17,341.60,65.87,174.99,0.7064,-1,-1,-1
452,1,287.26,346.08,64.09,186.41,0.6465,-1,-1,-1
452,6,618.60,112.76,85.47,159.80,0.5857,-1,-1,-1
452,10,1053.15,342.18,53.34,177.53,0.7804,-1,-1,-1
452,25,724.63,482.47,58.33,135.00,0.6054,-1,-1,-1
452,36,533.18,183.70,85.48,132.02,0.7590,-1,-1,-1
452,43,586.21,351.64,56.90,163.29,0.7025,-1,-1,-1
452,49,353.15,338.87,65.56,177.82,0.7150,-1,-1,-1
453,1,290.98,344.15,60.04,186.76,0.6240,-1,-1,-1
453,6,619.25,114.32,86.09,158.67,0.5632,-1,-1,-1
453,10,1052.45,342.79,53.19,177.06,0.7714,-1,-1,-1
453,25,723.91,481.81,60.16,135.71,0.7304,-1,-1,-1
453,27,758.96,254.37,73.92,176.03,0.5950,-1,-1,-1
453,36,533.78,181.29,85.01,134.10,0.7710,-1,-1,-1
453,43,587.02,352.18,57.78,162.72,0.7283,-1,-1,-1
453,49,347.81,337.52,69.32,178.43,0.6974,-1,-1,-1
453,50,894.93,232.73,93.51,109.30,0.7736,-1,-1,-1
454,1,291.66,342.37,58.24,188.26,0.6109,-1,-1,-1
454,10,1050.98,343.15,54.12,176.05,0.7606,-1,-1,-1
454,25,722.93,481.88,61.52,135.97,0.6994,-1,-1,-1
454,36,534.07,180.86,85.90,133.89,0.7304,-1,-1,-1
454,43,588.18,352.17,57.59,162.23,0.7207,-1,-1,-1
454,49,343.67,337.10,72.08,176.67,0.6784,-1,-1,-1
454,50,890.50,235.47,94.91,113.29,0.7546,-1,-1,-1
455,1,291.86,341.24,58.54,188.33,0.6522,-1,-1,-1
455,10,1049.49,343.19,54.77,174.69,0.7636,-1,-1,-1
455,25,719.62,481.18,64.60,137.65,0.7268,-1,-1,-1
455,27,758.53,246.75,73.18,175.96,0.5580,-1,-1,-1
455,36,533.92,189.40,88.35,124.76,0.7014,-1,-1,-1
455,43,588.52,351.90,57.56,161.41,0.7085,-1,-1,-1
455,49,343.10,336.93,71.26,174.98,0.6534,-1,-1,-1
455,50,882.15,237.73,98.89,119.73,0.8030,-1,-1,-1
456,1,290.81,340.13,59.35,188.65,0.6645,-1,-1,-1
456,6,623.39,137.41,82.60,136.85,0.5583,-1,-1,-1
456,10,1048.36,342.85,54.57,172.51,0.8153,-1,-1,-1
456,25,715.68,480.79,68.36,138.36,0.7024,-1,-1,-1
456,36,534.41,192.07,87.81,121.23,0.7132,-1,-1,-1
456,43,588.29,351.48,57.90,160.65,0.7174,-1,-1,-1
456,49,344.16,336.30,68.93,173.88,0.6399,-1,-1,-1
456,50,872.16,237.58,102.92,123.05,0.8147,-1,-1,-1
457,1,288.27,341.54,61.76,184.28,0.6387,-1,-1,-1
457,10,1046.92,342.55,55.14,171.71,0.8302,-1,-1,-1
457,25,711.14,480.66,71.24,136.41,0.7086,-1,-1,-1
457,36,536.93,191.18,91.52,118.97,0.5513,-1,-1,-1
457,43,588.58,348.55,58.76,161.75,0.7526,-1,-1,-1
457,49,334.63,334.74,78.71,174.35,0.7319,-1,-1,-1
457,50,860.99,237.68,101.41,124.49,0.7029,-1,-1,-1
458,1,286.80,341.15,62.70,183.00,0.6048,-1,-1,-1
458,10,1046.18,342.88,56.39,171.90,0.8189,-1,-1,-1
458,25,713.43,482.02,67.56,135.68,0.6516,-1,-1,-1
458,43,588.16,347.19,61.41,162.31,0.7316,-1,-1,-1
458,49,329.92,333.35,83.66,174.73,0.7213,-1,-1,-1
459,1,285.76,341.11,62.98,182.12,0.6403,-1,-1,-1
459,10,1044.74,343.01,58.84,173.67,0.8270,-1,-1,-1
459,25,714.57,484.34,65.79,133.03,0.5612,-1,-1,-1
459,27,758.25,235.96,75.42,183.59,0.6031,-1,-1,-1
459,36,545.68,178.80,79.88,129.21,0.5720,-1,-1,-1
459,43,588.34,345.96,62.53,162.61,0.7278,-1,-1,-1
459,49,335.58,332.38,78.04,173.95,0.6630,-1,-1,-1
460,1,285.46,340.73,62.37,180.85,0.6011,-1,-1,-1
460,10,1043.67,343.23,61.35,175.53,0.8293,-1,-1,-1
460,25,708.96,486.49,71.41,131.28,0.5528,-1,-1,-1
460,36,553.88,178.05,70.86,126.42,0.5611,-1,-1,-1
460,43,589.97,345.15,62.13,161.99,0.7342,-1,-1,-1
460,49,333.23,331.70,79.81,174.15,0.6803,-1,-1,-1
460,50,844.72,238.96,78.71,120.23,0.5575,-1,-1,-1
461,10,1043.37,343.15,62.74,177.17,0.8384,-1,-1,-1
461,25,701.50,488.71,78.84,131.74,0.6183,-1,-1,-1
461,27,754.80,233.67,65.52,178.63,0.6207,-1,-1,-1
461,36,561.21,182.83,65.77,118.41,0.5961,-1,-1,-1
461,43,590.61,344.23,62.12,161.39,0.7173,-1,-1,-1
461,49,332.92,330.66,79.56,174.78,0.5933,-1,-1,-1
462,1,285.72,340.22,60.36,176.58,0.7033,-1,-1,-1
462,10,1043.54,343.17,63.42,177.44,0.8120,-1,-1,-1
462,25,707.62,492.19,71.13,129.34,0.6013,-1,-1,-1
462,34,746.73,241.49,67.14,127.10,0.5921,-1,-1,-1
462,43,592.20,343.41,61.01,160.56,0.6900,-1,-1,-1
463,1,285.57,341.00,60.16,173.84,0.7085,-1,-1,-1
463,10,1043.49,343.18,63.84,177.58,0.8173,-1,-1,-1
463,34,744.11,241.00,67.15,133.22,0.7131,-1,-1,-1
463,36,567.97,186.91,69.54,117.56,0.6243,-1,-1,-1
463,43,592.98,343.41,61.00,159.98,0.7096,-1,-1,-1
463,49,323.77,327.87,83.33,169.01,0.5818,-1,-1,-1
463,52,593.60,347.84,43.07,154.59,0.5628,-1,-1,-1
464,1,285.53,342.02,60.15,172.08,0.7070,-1,-1,-1
464,10,1043.56,343.08,64.52,176.87,0.8046,-1,-1,-1
464,34,738.21,241.40,70.90,133.73,0.7506,-1,-1,-1
464,36,568.93,189.28,73.52,117.58,0.6030,-1,-1,-1
464,43,593.59,343.27,60.51,158.32,0.7116,-1,-1,-1
464,49,322.12,327.01,82.86,166.75,0.6154,-1,-1,-1
464,50,796.14,239.23,87.43,153.84,0.5890,-1,-1,-1
464,52,594.19,347.66,42.73,154.00,0.5752,-1,-1,-1
465,1,285.46,343.33,61.26,170.97,0.6852,-1,-1,-1
465,10,1044.87,342.86,64.42,176.70,0.7823,-1,-1,-1
465,34,732.04,242.65,72.24,132.12,0.7319,-1,-1,-1
465,36,569.04,191.60,79.83,120.15,0.7205,-1,-1,-1
465,43,594.47,342.95,59.73,158.17,0.7234,-1,-1,-1
465,49,321.49,326.84,81.14,164.07,0.6420,-1,-1,-1
465,50,794.45,243.18,75.93,153.96,0.5524,-1,-1,-1
466,1,285.75,342.32,60.53,172.36,0.6867,-1,-1,-1
466,10,1045.45,342.89,65.29,175.25,0.7868,-1,-1,-1
466,34,725.92,242.67,75.37,131.28,0.7354,-1,-1,-1
466,36,569.12,193.87,82.00,119.70,0.6909,-1,-1,-1
466,43,595.16,342.37,59.27,158.45,0.7266,-1,-1,-1
466,49,323.44,326.79,77.15,161.18,0.6063,-1,-1,-1
466,50,794.89,242.23,66.02,157.90,0.6560,-1,-1,-1
467,1,285.99,343.21,59.43,171.45,0.6626,-1,-1,-1
467,10,1047.18,340.90,66.23,175.29,0.7978,-1,-1,-1
467,25,707.24,496.57,72.82,124.69,0.6323,-1,-1,-1
467,34,719.38,243.02,81.29,129.80,0.7278,-1,-1,-1
467,36,569.63,197.09,82.24,116.10,0.6387,-1,-1,-1
467,43,595.91,341.65,58.11,161.34,0.7005,-1,-1,-1
467,49,326.73,327.06,70.98,158.63,0.5635,-1,-1,-1
467,50,796.20,243.99,54.74,165.71,0.5678,-1,-1,-1
468,1,286.37,343.60,58.65,170.74,0.6541,-1,-1,-1
468,10,1047.91,339.35,67.46,175.26,0.8283,-1,-1,-1
468,25,706.35,498.90,73.43,121.21,0.6103,-1,-1,-1
468,34,714.90,244.62,85.66,127.45,0.7745,-1,-1,-1
468,43,596.29,341.37,57.52,164.88,0.6873,-1,-1,-1
469,1,286.87,345.14,57.45,168.39,0.6514,-1,-1,-1
469,10,1048.25,337.71,69.43,176.03,0.8379,-1,-1,-1
469,25,705.31,499.10,79.78,188.45,0.6111,-1,-1,-1
469,34,708.93,245.66,86.97,124.96,0.7450,-1,-1,-1
469,43,596.88,341.32,57.19,166.51,0.6816,-1,-1,-1
470,1,287.28,343.40,57.67,170.02,0.6751,-1,-1,-1
470,10,1049.35,337.25,72.30,176.94,0.8156,-1,-1,-1
470,25,705.16,500.39,80.20,209.21,0.5674,-1,-1,-1
470,34,706.71,245.91,83.01,122.53,0.6681,-1,-1,-1
470,36,564.67,197.63,87.94,114.13,0.6504,-1,-1,-1
470,43,597.49,341.71,57.71,169.13,0.7272,-1,-1,-1
471,1,287.22,342.35,57.83,170.24,0.6370,-1,-1,-1
471,10,1050.69,336.52,74.84,178.08,0.7998,-1,-1,-1
471,34,701.57,245.23,73.49,122.77,0.5695,-1,-1,-1
471,36,560.66,198.10,91.37,113.19,0.6533,-1,-1,-1
471,43,597.80,342.19,57.91,173.34,0.7042,-1,-1,-1
472,10,1051.33,333.80,79.28,180.87,0.8365,-1,-1,-1
472,25,705.03,504.78,76.52,215.22,0.6546,-1,-1,-1
472,34,692.55,242.90,64.74,127.94,0.7201,-1,-1,-1
472,36,551.59,199.42,99.14,111.50,0.7383,-1,-1,-1
472,43,599.00,343.85,56.31,173.80,0.6885,-1,-1,-1
472,49,318.17,325.89,74.24,181.08,0.5679,-1,-1,-1
472,50,751.63,251.01,79.59,157.55,0.7093,-1,-1,-1
472,53,808.14,263.82,44.79,143.67,0.6100,-1,-1,-1
473,10,1050.71,331.50,80.43,182.25,0.8334,-1,-1,-1
473,25,703.01,507.38,75.14,212.62,0.6068,-1,-1,-1
473,34,684.80,241.11,59.45,134.49,0.6119,-1,-1,-1
473,36,546.78,201.56,103.24,108.80,0.7138,-1,-1,-1
473,43,598.97,345.23,55.76,171.40,0.6894,-1,-1,-1
473,49,316.37,324.02,74.94,180.13,0.5740,-1,-1,-1
473,50,741.63,252.71,94.38,153.31,0.5724,-1,-1,-1
473,53,806.54,262.17,45.22,141.97,0.5601,-1,-1,-1
474,10,1049.67,332.22,81.85,180.55,0.8305,-1,-1,-1
474,25,699.29,510.58,77.89,209.42,0.6122,-1,-1,-1
474,34,681.54,240.22,54.02,136.59,0.6413,-1,-1,-1
474,36,544.99,202.00,104.27,106.92,0.7029,-1,-1,-1
474,43,599.38,346.30,55.19,168.59,0.6934,-1,-1,-1
474,49,317.56,323.23,73.74,175.00,0.5672,-1,-1,-1
474,53,803.62,261.12,46.95,139.47,0.5933,-1,-1,-1
475,10,1048.93,333.01,82.03,178.11,0.8314,-1,-1,-1
475,34,675.91,239.86,53.63,138.50,0.6799,-1,-1,-1
475,36,544.20,199.92,104.10,107.86,0.6921,-1,-1,-1
475,43,599.50,346.97,54.94,166.50,0.6943,-1,-1,-1
475,50,723.11,259.29,70.16,149.51,0.6124,-1,-1,-1
475,53,799.97,259.08,48.77,141.93,0.6727,-1,-1,-1
476,10,1047.73,334.92,82.78,174.59,0.8295,-1,-1,-1
476,34,670.86,239.36,49.96,141.53,0.7166,-1,-1,-1
476,36,543.33,200.15,102.98,107.56,0.7393,-1,-1,-1
476,43,599.41,347.41,54.86,165.10,0.6793,-1,-1,-1
476,53,796.10,258.30,51.14,142.75,0.7377,-1,-1,-1
477,10,1046.90,335.79,82.90,169.95,0.8179,-1,-1,-1
477,34,660.97,241.46,45.75,144.62,0.5891,-1,-1,-1
477,36,542.31,200.98,103.19,106.09,0.7684,-1,-1,-1
477,43,598.31,347.38,55.88,162.97,0.6785,-1,-1,-1
477,49,305.75,320.74,84.22,198.23,0.5683,-1,-1,-1
477,50,705.49,270.84,61.68,134.35,0.6001,-1,-1,-1
477,53,794.65,258.54,53.98,141.85,0.7895,-1,-1,-1
478,10,1050.62,335.78,79.36,168.72,0.8017,-1,-1,-1
478,34,652.28,244.26,48.30,145.32,0.6374,-1,-1,-1
478,36,541.62,201.76,102.88,103.99,0.7408,-1,-1,-1
478,43,597.36,347.21,57.03,162.67,0.6551,-1,-1,-1
478,53,792.46,260.90,56.32,139.55,0.7872,-1,-1,-1
479,10,1056.58,334.61,73.67,168.98,0.8036,-1,-1,-1
479,36,540.56,203.86,102.45,101.38,0.6768,-1,-1,-1
479,43,595.57,346.74,59.84,161.64,0.7032,-1,-1,-1
479,53,786.31,262.57,61.82,137.46,0.7899,-1,-1,-1
480,10,1061.95,334.88,68.35,167.71,0.7913,-1,-1,-1
480,36,539.88,204.26,99.35,102.57,0.6808,-1,-1,-1
480,43,593.50,345.67,60.48,163.38,0.7136,-1,-1,-1
480,49,301.08,323.00,84.85,201.63,0.6961,-1,-1,-1
480,53,778.40,263.76,68.75,135.13,0.8176,-1,-1,-1
481,10,1066.88,335.01,63.05,168.02,0.7401,-1,-1,-1
481,36,538.76,205.30,97.28,101.91,0.6504,-1,-1,-1
481,43,590.35,345.31,62.35,164.14,0.6709,-1,-1,-1
481,49,302.75,323.08,82.90,201.78,0.7583,-1,-1,-1
481,50,678.16,275.78,60.34,149.73,0.6177,-1,-1,-1
481,53,770.70,264.01,75.14,134.97,0.8163,-1,-1,-1
482,10,1072.79,333.24,55.91,170.14,0.6657,-1,-1,-1
482,36,538.17,207.78,96.74,97.41,0.5759,-1,-1,-1
482,43,586.64,347.54,61.92,160.02,0.6179,-1,-1,-1
482,49,305.67,323.95,79.92,199.89,0.7646,-1,-1,-1
482,50,662.71,281.34,62.68,158.34,0.6499,-1,-1,-1
482,53,762.05,261.38,80.79,136.79,0.8019,-1,-1,-1
483,10,1075.09,333.52,52.75,169.24,0.6207,-1,-1,-1
483,49,307.03,323.88,78.15,197.91,0.7667,-1,-1,-1
483,50,651.49,287.29,63.00,158.64,0.7101,-1,-1,-1
483,53,756.59,257.47,83.99,137.97,0.8047,-1,-1,-1
484,10,1074.85,331.39,51.96,170.19,0.6885,-1,-1,-1
484,25,685.97,515.78,58.67,186.17,0.6272,-1,-1,-1
484,49,307.25,324.27,76.76,195.91,0.7443,-1,-1,-1
484,50,646.27,290.72,57.93,157.38,0.6820,-1,-1,-1
484,53,752.23,253.89,85.06,139.35,0.8670,-1,-1,-1
485,10,1073.90,332.84,51.76,168.28,0.6160,-1,-1,-1
485,25,683.37,515.37,59.04,183.96,0.6782,-1,-1,-1
485,43,579.92,275.36,65.99,228.86,0.6739,-1,-1,-1
485,49,307.26,322.72,78.01,196.48,0.7799,-1,-1,-1
485,50,640.34,294.69,51.16,154.65,0.7121,-1,-1,-1
485,53,748.23,250.72,82.46,139.98,0.8231,-1,-1,-1
486,10,1072.76,328.65,50.76,168.76,0.7029,-1,-1,-1
486,25,682.42,515.14,58.41,184.18,0.6817,-1,-1,-1
486,49,307.00,322.38,78.11,196.07,0.7790,-1,-1,-1
486,50,634.51,298.77,47.19,149.78,0.6819,-1,-1,-1
486,53,745.25,247.86,81.84,138.87,0.7021,-1,-1,-1
487,10,1069.80,325.93,51.19,168.50,0.7333,-1,-1,-1
487,25,681.31,515.44,59.00,187.93,0.7038,-1,-1,-1
487,36,535.35,202.97,85.48,98.25,0.6108,-1,-1,-1
487,49,306.85,320.66,79.89,196.61,0.7489,-1,-1,-1
487,50,618.61,304.21,48.37,144.00,0.5822,-1,-1,-1
487,53,739.18,243.58,81.31,138.65,0.6339,-1,-1,-1
488,10,1068.32,327.17,51.31,165.52,0.7086,-1,-1,-1
488,25,680.72,516.77,59.77,190.35,0.6598,-1,-1,-1
488,36,535.11,204.10,79.15,99.62,0.6237,-1,-1,-1
488,49,307.27,319.19,80.68,198.14,0.7398,-1,-1,-1
488,53,735.44,241.19,61.75,137.85,0.6632,-1,-1,-1
489,10,1067.16,328.73,51.22,161.12,0.7162,-1,-1,-1
489,25,677.78,517.61,63.44,191.34,0.7064,-1,-1,-1
489,49,309.46,317.91,79.44,198.98,0.7481,-1,-1,-1
489,53,727.95,239.94,54.66,136.00,0.7025,-1,-1,-1
490,10,1065.75,326.00,52.39,162.92,0.5654,-1,-1,-1
490,25,675.12,518.57,66.80,191.46,0.7520,-1,-1,-1
490,49,311.24,316.95,78.14,199.14,0.7021,-1,-1,-1
490,53,721.26,240.55,52.68,133.73,0.6667,-1,-1,-1
491,25,672.99,519.37,69.63,189.85,0.7661,-1,-1,-1
491,49,313.58,316.46,76.03,199.06,0.7361,-1,-1,-1
491,53,709.83,239.53,57.25,131.27,0.7069,-1,-1,-1
491,58,588.42,553.27,52.39,166.67,0.6932,-1,-1,-1
492,25,671.30,521.00,72.48,189.64,0.7767,-1,-1,-1
492,49,319.62,315.34,69.72,199.41,0.7730,-1,-1,-1
492,53,691.15,241.75,79.78,124.93,0.7581,-1,-1,-1
492,58,579.98,551.46,49.79,168.44,0.6976,-1,-1,-1
493,25,670.72,521.82,74.08,189.02,0.7845,-1,-1,-1
493,34,523.93,218.50,85.45,187.41,0.5864,-1,-1,-1
493,49,324.86,315.46,65.09,197.37,0.7777,-1,-1,-1
493,52,579.01,340.21,61.82,155.10,0.5554,-1,-1,-1
493,53,678.19,243.76,82.15,120.44,0.7967,-1,-1,-1
493,58,568.52,550.24,55.09,169.69,0.7659,-1,-1,-1
494,10,1047.74,300.44,69.94,179.38,0.6540,-1,-1,-1
494,25,670.28,521.99,75.86,189.28,0.8111,-1,-1,-1
494,49,328.54,312.80,62.14,199.12,0.7901,-1,-1,-1
494,52,577.77,340.69,64.16,155.50,0.5892,-1,-1,-1
494,53,667.45,246.95,86.29,115.23,0.8042,-1,-1,-1
494,58,555.27,550.42,64.81,169.54,0.8111,-1,-1,-1
494,59,869.03,134.87,67.07,135.62,0.6935,-1,-1,-1
495,10,1041.55,299.02,76.37,179.22,0.6506,-1,-1,-1
495,25,669.31,521.94,77.33,189.90,0.8229,-1,-1,-1
495,49,330.81,309.61,60.91,201.19,0.8126,-1,-1,-1
495,52,578.82,340.54,62.69,157.29,0.5869,-1,-1,-1
495,53,661.87,250.00,87.17,110.75,0.8676,-1,-1,-1
495,58,544.76,549.94,72.93,170.03,0.8080,-1,-1,-1
495,59,869.89,136.40,66.71,132.37,0.7364,-1,-1,-1
496,10,1038.60,297.13,78.43,180.85,0.6473,-1,-1,-1
496,25,667.89,521.74,79.00,189.70,0.8386,-1,-1,-1
496,49,331.56,307.16,61.21,202.57,0.8327,-1,-1,-1
496,52,580.07,341.60,61.04,156.33,0.6203,-1,-1,-1
496,53,659.47,253.37,85.04,106.06,0.8538,-1,-1,-1
496,58,534.82,549.84,81.13,169.81,0.7901,-1,-1,-1
496,59,870.92,136.24,65.24,132.09,0.7243,-1,-1,-1
497,10,1034.46,294.38,79.00,181.54,0.6981,-1,-1,-1
497,25,664.69,520.41,81.20,189.37,0.8499,-1,-1,-1
497,49,331.73,305.14,62.68,202.77,0.8152,-1,-1,-1
497,50,488.84,332.18,76.43,144.33,0.5830,-1,-1,-1
497,52,581.33,340.25,59.74,156.64,0.6337,-1,-1,-1
497,53,657.86,253.43,82.57,104.14,0.7839,-1,-1,-1
497,58,525.09,547.32,86.75,171.26,0.7697,-1,-1,-1
497,59,878.68,134.10,56.85,134.53,0.6287,-1,-1,-1
498,10,1031.75,292.99,79.61,180.96,0.7343,-1,-1,-1
498,25,662.99,520.00,81.99,188.24,0.8196,-1,-1,-1
498,36,540.72,215.43,73.37,124.99,0.6583,-1,-1,-1
498,49,331.35,303.34,65.61,202.97,0.7883,-1,-1,-1
498,52,583.46,339.20,57.93,157.40,0.6672,-1,-1,-1
498,53,655.07,251.31,84.24,106.17,0.8100,-1,-1,-1
498,58,517.60,544.85,90.71,171.02,0.7431,-1,-1,-1
498,59,885.57,134.73,50.79,133.84,0.6463,-1,-1,-1
498,60,604.56,155.76,87.31,137.20,0.6048,-1,-1,-1
499,10,1032.86,292.90,76.18,178.45,0.6212,-1,-1,-1
499,25,661.73,519.64,82.30,187.32,0.7950,-1,-1,-1
499,36,543.38,214.98,71.96,125.99,0.7240,-1,-1,-1
499,49,331.02,301.05,68.19,204.21,0.7703,-1,-1,-1
499,52,586.00,337.58,55.21,158.93,0.6679,-1,-1,-1
499,53,653.36,248.09,86.56,108.09,0.8048,-1,-1,-1
499,58,513.93,543.83,88.55,168.73,0.7328,-1,-1,-1
499,59,889.60,133.95,47.70,135.22,0.6284,-1,-1,-1
499,60,606.90,153.31,102.92,138.57,0.6434,-1,-1,-1
500,10,1041.49,307.99,65.17,160.29,0.6674,-1,-1,-1
500,25,659.23,519.63,82.25,185.82,0.8017,-1,-1,-1
500,36,543.51,214.34,78.28,126.00,0.7117,-1,-1,-1
500,49,331.57,300.72,72.98,203.42,0.7566,-1,-1,-1
500,52,586.80,337.24,54.00,158.16,0.6934,-1,-1,-1
500,53,653.35,244.99,89.15,109.56,0.7873,-1,-1,-1
500,58,512.87,542.49,86.32,174.32,0.7307,-1,-1,-1
500,59,891.76,134.78,48.75,136.05,0.5952,-1,-1,-1
500,60,611.32,149.88,103.63,142.27,0.7355,-1,-1,-1
501,10,1042.94,315.42,61.96,150.76,0.7513,-1,-1,-1
501,25,656.73,519.25,81.28,186.33,0.7843,-1,-1,-1
501,36,543.73,213.58,70.81,126.16,0.7234,-1,-1,-1
501,49,331.02,298.78,78.88,205.28,0.7727,-1,-1,-1
501,52,586.47,337.22,54.81,157.65,0.7263,-1,-1,-1
501,53,656.35,241.47,89.77,111.21,0.7588,-1,-1,-1
501,58,512.16,540.57,82.01,175.03,0.6627,-1,-1,-1
501,59,893.47,135.01,47.82,137.86,0.5881,-1,-1,-1
501,60,615.76,148.28,88.25,146.00,0.7194,-1,-1,-1
502,10,1034.72,313.97,66.89,150.34,0.7894,-1,-1,-1
502,25,651.03,518.27,80.88,187.82,0.7971,-1,-1,-1
502,36,540.92,211.34,65.17,121.63,0.5766,-1,-1,-1
502,49,328.54,297.04,87.87,204.27,0.7321,-1,-1,-1
502,52,584.44,339.83,55.13,152.83,0.6810,-1,-1,-1
502,53,666.80,236.81,111.29,111.53,0.7381,-1,-1,-1
502,58,506.79,537.37,70.39,178.27,0.5764,-1,-1,-1
502,60,628.11,145.69,67.39,155.91,0.5542,-1,-1,-1
503,10,1029.66,302.51,68.78,160.95,0.7736,-1,-1,-1
503,25,646.75,518.50,79.73,188.62,0.7895,-1,-1,-1
503,36,539.08,208.90,60.60,122.70,0.6843,-1,-1,-1
503,49,328.03,296.87,92.08,203.12,0.7517,-1,-1,-1
503,52,582.83,342.52,55.63,150.80,0.7071,-1,-1,-1
503,53,677.53,233.90,111.12,112.43,0.7654,-1,-1,-1
503,58,503.55,536.13,62.91,178.39,0.5662,-1,-1,-1
503,59,896.37,134.64,44.26,140.53,0.5682,-1,-1,-1
504,10,1026.22,296.76,69.54,165.64,0.7121,-1,-1,-1
504,25,642.89,517.79,77.95,189.05,0.7603,-1,-1,-1
504,36,536.54,208.75,55.17,129.07,0.6330,-1,-1,-1
504,49,326.70,296.40,95.24,201.80,0.7278,-1,-1,-1
504,52,580.77,344.87,55.64,148.81,0.6686,-1,-1,-1
504,53,689.85,232.54,104.23,112.50,0.7931,-1,-1,-1
504,58,497.78,533.94,58.69,179.67,0.5962,-1,-1,-1
504,59,896.38,135.13,44.53,141.51,0.6652,-1,-1,-1
505,10,1021.84,287.84,72.09,172.89,0.7444,-1,-1,-1
505,25,643.24,516.80,72.67,188.98,0.7248,-1,-1,-1
505,36,534.62,207.74,52.11,131.50,0.6463,-1,-1,-1
505,49,325.23,295.56,96.48,201.43,0.7192,-1,-1,-1
505,52,577.82,346.40,58.11,148.24,0.6673,-1,-1,-1
505,53,699.43,230.78,95.99,115.27,0.7509,-1,-1,-1
505,58,487.98,531.13,61.18,182.04,0.7251,-1,-1,-1
505,59,894.86,133.31,45.55,144.62,0.6277,-1,-1,-1
506,10,1017.16,287.04,75.23,172.42,0.7208,-1,-1,-1
506,25,639.76,515.65,71.02,188.56,0.7170,-1,-1,-1
506,36,532.80,207.99,47.62,131.44,0.6892,-1,-1,-1
506,49,320.09,293.84,100.40,200.88,0.6818,-1,-1,-1
506,52,575.61,347.00,62.85,149.53,0.6732,-1,-1,-1
506,53,706.84,230.67,87.76,115.16,0.5665,-1,-1,-1
506,58,479.99,528.24,62.44,184.05,0.6197,-1,-1,-1
506,59,893.48,130.52,48.58,147.50,0.6755,-1,-1,-1
506,60,636.16,146.04,55.46,169.17,0.5791,-1,-1,-1
507,10,1009.19,285.49,77.40,169.07,0.7754,-1,-1,-1
507,25,629.52,511.78,69.71,188.35,0.7333,-1,-1,-1
507,49,312.34,291.61,100.98,200.30,0.7841,-1,-1,-1
507,52,569.49,347.80,71.32,150.31,0.6809,-1,-1,-1
507,53,712.26,233.43,65.16,114.59,0.5690,-1,-1,-1
507,58,453.08,524.04,77.65,184.72,0.6029,-1,-1,-1
507,59,888.89,129.11,48.29,145.30,0.6990,-1,-1,-1
507,60,635.32,154.34,63.52,157.81,0.6149,-1,-1,-1
508,10,1003.22,279.52,79.26,171.72,0.8072,-1,-1,-1
508,49,309.81,290.99,97.64,198.91,0.8036,-1,-1,-1
508,52,566.52,348.37,76.58,153.14,0.7252,-1,-1,-1
508,53,716.99,236.76,53.47,114.32,0.6582,-1,-1,-1
508,58,438.52,520.85,85.27,183.20,0.6028,-1,-1,-1
508,59,887.32,129.96,48.88,142.59,0.7156,-1,-1,-1
508,60,630.01,157.26,72.34,153.22,0.7046,-1,-1,-1
509,10,998.74,275.08,81.08,174.34,0.8228,-1,-1,-1
509,36,521.41,210.03,41.23,131.30,0.6198,-1,-1,-1
509,49,307.40,290.45,94.65,198.48,0.7965,-1,-1,-1
509,52,563.08,347.82,79.96,152.42,0.7595,-1,-1,-1
509,53,717.89,239.26,51.72,115.37,0.6706,-1,-1,-1
509,58,425.04,518.07,92.91,181.54,0.6225,-1,-1,-1
509,59,884.39,128.60,50.21,142.50,0.7727,-1,-1,-1
509,60,629.09,155.54,75.27,151.87,0.7518,-1,-1,-1
510,10,993.06,270.19,85.46,177.04,0.8145,-1,-1,-1
510,49,306.05,290.68,93.66,196.83,0.7323,-1,-1,-1
510,52,561.04,347.34,81.12,150.34,0.7536,-1,-1,-1
510,53,719.19,242.04,50.71,115.11,0.5757,-1,-1,-1
510,58,418.91,517.11,92.93,179.94,0.5862,-1,-1,-1
510,59,882.52,127.30,51.02,142.20,0.7408,-1,-1,-1
510,60,628.33,148.90,76.96,156.21,0.7809,-1,-1,-1
511,10,984.37,267.25,92.35,178.88,0.8475,-1,-1,-1
511,49,308.47,291.26,80.94,193.52,0.6604,-1,-1,-1
511,52,559.96,346.66,80.83,148.80,0.7680,-1,-1,-1
511,53,721.38,242.99,48.50,115.43,0.5628,-1,-1,-1
511,58,427.53,516.15,78.66,179.69,0.5573,-1,-1,-1
511,59,880.39,123.99,51.49,143.07,0.7104,-1,-1,-1
511,60,627.02,145.79,78.04,157.29,0.8076,-1,-1,-1
512,10,968.37,271.55,100.61,171.80,0.8018,-1,-1,-1
512,36,513.25,205.80,45.76,129.71,0.6545,-1,-1,-1
512,49,308.45,293.53,88.86,190.18,0.5567,-1,-1,-1
512,52,561.38,344.34,76.22,148.73,0.7788,-1,-1,-1
512,53,723.66,242.27,45.01,117.09,0.5954,-1,-1,-1
512,58,422.18,513.53,74.26,134.13,0.5987,-1,-1,-1
512,59,876.65,122.86,54.20,141.24,0.6657,-1,-1,-1
512,60,625.98,136.95,76.26,164.86,0.8163,-1,-1,-1
513,10,957.66,281.40,106.24,161.29,0.8357,-1,-1,-1
513,25,604.57,502.38,60.62,162.64,0.6250,-1,-1,-1
513,36,512.01,203.08,45.33,129.92,0.6543,-1,-1,-1
513,49,310.06,293.81,86.93,185.44,0.6004,-1,-1,-1
513,52,565.05,342.13,70.63,150.39,0.7823,-1,-1,-1
513,58,414.51,511.49,75.87,115.98,0.6699,-1,-1,-1
513,59,875.14,122.28,56.66,141.30,0.6769,-1,-1,-1
513,60,624.87,137.02,75.80,164.22,0.8143,-1,-1,-1
514,10,949.67,284.65,110.78,155.67,0.8537,-1,-1,-1
514,25,601.44,501.73,61.99,180.32,0.5736,-1,-1,-1
514,36,511.57,201.27,44.73,129.90,0.6340,-1,-1,-1
514,49,313.49,294.17,85.18,182.52,0.5719,-1,-1,-1
514,52,569.95,341.70,64.12,149.25,0.7389,-1,-1,-1
514,58,408.72,511.29,75.68,111.51,0.6005,-1,-1,-1
514,59,873.10,123.93,59.99,137.87,0.6853,-1,-1,-1
514,60,625.22,138.54,74.76,161.76,0.8097,-1,-1,-1
515,10,943.60,285.92,113.61,153.28,0.8704,-1,-1,-1
515,25,599.23,500.09,59.78,141.49,0.5588,-1,-1,-1
515,36,511.14,200.81,44.11,129.35,0.7256,-1,-1,-1
515,52,573.44,338.20,61.50,150.86,0.7562,-1,-1,-1
515,58,404.86,508.91,73.44,114.56,0.6583,-1,-1,-1
515,59,871.00,122.54,63.07,138.26,0.7253,-1,-1,-1
515,60,626.22,138.59,73.89,160.25,0.8207,-1,-1,-1
516,10,940.24,284.38,114.93,153.77,0.8967,-1,-1,-1
516,25,596.90,498.68,60.54,126.61,0.6619,-1,-1,-1
516,36,512.03,199.31,43.46,129.25,0.6689,-1,-1,-1
516,49,316.58,289.60,79.48,174.29,0.5898,-1,-1,-1
516,52,574.97,336.57,60.63,150.98,0.7234,-1,-1,-1
516,58,398.27,506.68,76.62,137.79,0.5869,-1,-1,-1
516,59,871.29,122.85,67.19,137.20,0.7147,-1,-1,-1
516,60,630.17,140.76,69.56,156.21,0.7715,-1,-1,-1
517,10,937.29,281.20,115.19,152.68,0.8852,-1,-1,-1
517,25,594.24,496.22,60.91,125.10,0.6920,-1,-1,-1
517,36,511.87,197.02,46.79,126.24,0.6327,-1,-1,-1
517,52,575.22,334.98,67.10,148.86,0.7652,-1,-1,-1
517,53,729.61,235.88,57.36,115.62,0.7421,-1,-1,-1
517,58,390.29,502.29,78.66,124.97,0.7186,-1,-1,-1
517,59,872.48,121.70,75.68,135.60,0.7068,-1,-1,-1
517,60,638.30,137.99,65.53,157.13,0.7745,-1,-1,-1
518,10,936.88,279.28,113.45,152.25,0.8493,-1,-1,-1
518,25,593.58,494.47,61.12,127.07,0.7321,-1,-1,-1
518,36,511.51,196.04,51.85,125.62,0.6506,-1,-1,-1
518,52,576.29,335.61,68.99,145.63,0.6327,-1,-1,-1
518,53,731.64,236.78,62.46,117.42,0.7538,-1,-1,-1
518,58,386.23,499.68,80.51,121.00,0.6124,-1,-1,-1
518,59,875.86,122.55,77.29,133.90,0.7640,-1,-1,-1
518,60,644.73,135.92,62.55,158.35,0.7734,-1,-1,-1
518,66,396.57,299.10,55.50,134.39,0.6372,-1,-1,-1
519,10,936.34,276.16,111.59,152.46,0.8237,-1,-1,-1
519,25,593.89,492.40,61.19,128.56,0.7406,-1,-1,-1
519,36,511.02,194.52,57.57,126.09,0.6872,-1,-1,-1
519,52,582.61,338.27,65.20,129.39,0.5722,-1,-1,-1
519,53,733.19,238.52,68.76,120.31,0.7294,-1,-1,-1
519,59,877.76,123.21,78.01,133.77,0.7439,-1,-1,-1
519,60,648.97,134.79,58.96,159.78,0.7081,-1,-1,-1
519,66,392.37,299.79,65.13,139.71,0.6501,-1,-1,-1
520,10,937.52,273.43,104.96,154.78,0.8279,-1,-1,-1
520,25,594.40,491.04,61.39,130.23,0.7731,-1,-1,-1
520,36,510.98,194.65,63.03,125.58,0.6836,-1,-1,-1
520,53,733.84,240.48,75.24,122.49,0.8288,-1,-1,-1
520,58,380.62,495.06,79.73,174.13,0.5816,-1,-1,-1
520,59,878.51,122.97,79.44,134.27,0.7783,-1,-1,-1
520,60,651.31,135.79,58.38,155.25,0.7400,-1,-1,-1
520,66,393.99,300.44,70.21,145.87,0.7392,-1,-1,-1
521,10,937.86,272.06,97.39,155.41,0.8365,-1,-1,-1
521,25,594.72,489.71,61.62,131.92,0.7722,-1,-1,-1
521,36,511.29,194.34,70.00,125.49,0.7277,-1,-1,-1
521,53,732.50,242.94,79.96,120.51,0.7720,-1,-1,-1
521,58,377.07,493.82,79.99,185.02,0.6131,-1,-1,-1
521,59,879.07,123.29,81.02,134.97,0.7821,-1,-1,-1
521,60,653.40,133.89,56.73,161.19,0.7396,-1,-1,-1
521,66,398.64,301.71,70.64,149.86,0.7790,-1,-1,-1
521,67,307.92,374.05,81.92,179.57,0.5884,-1,-1,-1
522,10,935.01,270.52,87.19,156.72,0.7617,-1,-1,-1
522,25,595.97,484.72,61.29,137.31,0.7195,-1,-1,-1
522,36,514.17,197.28,73.44,125.57,0.7924,-1,-1,-1
522,52,592.14,341.88,64.20,150.67,0.6747,-1,-1,-1
522,53,735.23,248.35,77.26,128.74,0.7525,-1,-1,-1
522,58,376.41,492.73,75.61,193.68,0.6811,-1,-1,-1
522,59,883.05,121.52,80.96,137.70,0.7160,-1,-1,-1
522,60,656.90,136.62,54.85,159.25,0.8233,-1,-1,-1
522,66,404.60,309.10,71.83,150.55,0.7016,-1,-1,-1
522,67,308.29,383.42,81.96,182.24,0.6060,-1,-1,-1
523,10,931.81,269.60,77.22,158.08,0.7850,-1,-1,-1
523,25,597.72,484.13,61.43,137.60,0.7241,-1,-1,-1
523,36,516.67,196.03,73.48,131.06,0.7897,-1,-1,-1
523,49,356.83,277.82,50.44,179.14,0.6163,-1,-1,-1
523,52,594.70,345.19,63.37,152.61,0.6159,-1,-1,-1
523,53,735.78,252.46,75.76,130.74,0.7663,-1,-1,-1
523,58,376.76,492.75,72.64,200.14,0.6123,-1,-1,-1
523,59,887.61,121.61,79.51,137.96,0.7528,-1,-1,-1
523,60,658.39,138.00,55.92,159.43,0.8451,-1,-1,-1
523,66,406.52,313.07,74.84,156.08,0.7100,-1,-1,-1
523,67,309.72,393.92,74.11,177.85,0.6343,-1,-1,-1
524,10,930.36,270.15,71.94,157.83,0.7785,-1,-1,-1
524,25,599.70,483.66,61.07,137.36,0.6951,-1,-1,-1
524,36,519.59,193.49,72.37,135.20,0.7881,-1,-1,-1
524,49,359.92,277.24,64.39,180.29,0.5725,-1,-1,-1
524,52,598.02,349.01,60.93,152.70,0.6358,-1,-1,-1
524,53,737.50,255.14,73.77,131.55,0.7789,-1,-1,-1
524,58,376.27,492.76,72.45,196.18,0.6361,-1,-1,-1
524,59,894.21,121.35,74.88,138.59,0.7014,-1,-1,-1
524,60,660.28,139.04,54.49,159.48,0.8299,-1,-1,-1
524,67,309.19,401.83,74.77,176.60,0.6027,-1,-1,-1
525,10,928.74,270.60,70.54,157.04,0.7691,-1,-1,-1
525,25,601.99,485.23,61.05,136.21,0.7087,-1,-1,-1
525,36,523.52,190.38,71.07,138.51,0.7265,-1,-1,-1
525,53,742.33,256.39,69.40,131.12,0.7176,-1,-1,-1
525,59,902.49,121.88,73.57,137.07,0.7387,-1,-1,-1
525,60,664.13,142.27,52.82,156.79,0.7655,-1,-1,-1
525,66,411.86,323.72,78.07,157.29,0.6181,-1,-1,-1
525,67,308.74,404.46,77.66,183.70,0.6827,-1,-1,-1
526,10,927.84,271.24,69.67,155.62,0.7826,-1,-1,-1
526,25,604.98,485.77,60.36,135.44,0.6633,-1,-1,-1
526,36,526.32,185.70,70.08,142.59,0.7549,-1,-1,-1
526,49,366.97,276.32,55.12,178.53,0.5650,-1,-1,-1
526,52,604.86,354.03,57.25,151.27,0.5909,-1,-1,-1
526,53,745.10,257.66,68.44,131.66,0.7623,-1,-1,-1
526,58,377.31,494.89,70.55,200.90,0.5668,-1,-1,-1
526,59,912.65,121.44,68.02,138.01,0.7567,-1,-1,-1
526,60,667.79,142.85,51.40,156.46,0.7870,-1,-1,-1
526,66,413.32,329.20,78.01,155.22,0.5885,-1,-1,-1
527,10,929.83,271.41,67.73,154.26,0.8147,-1,-1,-1
527,25,610.33,487.32,59.47,131.73,0.6809,-1,-1,-1
527,36,534.18,190.21,68.30,142.03,0.6837,-1,-1,-1
527,52,612.71,352.29,55.26,156.26,0.6806,-1,-1,-1
527,53,752.16,259.60,63.86,123.20,0.5569,-1,-1,-1
527,59,929.43,122.87,58.24,138.66,0.7545,-1,-1,-1
527,60,671.92,142.93,55.18,157.38,0.7678,-1,-1,-1
527,66,415.76,335.44,81.47,146.47,0.6006,-1,-1,-1
527,67,312.39,423.14,76.94,187.89,0.6050,-1,-1,-1
528,10,929.75,271.74,68.11,154.05,0.8105,-1,-1,-1
528,25,613.45,488.02,58.66,130.17,0.6852,-1,-1,-1
528,36,541.04,190.74,66.23,143.87,0.6808,-1,-1,-1
528,52,616.66,352.24,55.59,152.34,0.6058,-1,-1,-1
528,53,757.16,260.72,64.03,124.93,0.6608,-1,-1,-1
528,58,382.63,497.29,66.70,165.69,0.6089,-1,-1,-1
528,59,938.83,122.63,54.41,140.14,0.7015,-1,-1,-1
528,60,676.82,143.33,53.00,157.04,0.7294,-1,-1,-1
528,66,416.69,338.49,78.35,146.33,0.7336,-1,-1,-1
528,67,319.13,429.16,70.25,186.74,0.6619,-1,-1,-1
529,10,930.81,272.02,67.41,153.85,0.8206,-1,-1,-1
529,36,548.48,186.13,63.21,148.87,0.7548,-1,-1,-1
529,49,351.27,280.20,85.44,184.57,0.6309,-1,-1,-1
529,52,619.41,351.65,58.94,145.56,0.5732,-1,-1,-1
529,53,761.01,262.61,62.92,127.95,0.6091,-1,-1,-1
529,58,383.42,497.73,66.30,153.53,0.6329,-1,-1,-1
529,59,946.70,121.59,51.24,140.58,0.7317,-1,-1,-1
529,60,680.61,142.72,53.76,156.85,0.7974,-1,-1,-1
529,66,414.07,339.22,79.78,149.00,0.8071,-1,-1,-1
529,67,324.12,432.06,65.81,185.23,0.7255,-1,-1,-1
530,10,933.49,272.35,65.55,154.37,0.8356,-1,-1,-1
530,25,618.17,488.19,58.92,128.61,0.6767,-1,-1,-1
530,36,553.28,187.16,62.65,150.91,0.7328,-1,-1,-1
530,49,357.81,279.41,87.55,182.91,0.5555,-1,-1,-1
530,52,624.07,351.45,59.08,149.97,0.6782,-1,-1,-1
530,58,385.25,497.90,65.30,154.49,0.6637,-1,-1,-1
530,59,952.01,121.63,50.20,141.35,0.7627,-1,-1,-1
530,60,685.50,142.46,53.42,155.75,0.7311,-1,-1,-1
530,66,412.89,342.19,81.76,147.84,0.7280,-1,-1,-1
530,67,327.38,431.54,63.46,185.63,0.6825,-1,-1,-1
531,10,936.08,272.61,64.05,154.53,0.8307,-1,-1,-1
531,25,620.14,487.99,59.60,128.99,0.7164,-1,-1,-1
531,36,560.48,193.73,58.72,146.08,0.6919,-1,-1,-1
531,52,628.03,351.82,60.53,147.59,0.7531,-1,-1,-1
531,53,770.56,268.51,57.37,134.18,0.6937,-1,-1,-1
531,58,386.74,499.84,64.54,154.13,0.6221,-1,-1,-1
531,59,959.09,123.50,49.17,139.33,0.8276,-1,-1,-1
531,60,688.35,144.41,55.43,149.21,0.7081,-1,-1,-1
531,67,331.00,430.50,61.59,183.87,0.6443,-1,-1,-1
532,10,941.55,272.65,61.65,155.01,0.8067,-1,-1,-1
532,36,567.36,193.38,57.57,147.11,0.7249,-1,-1,-1
532,52,631.80,351.38,66.51,152.59,0.7412,-1,-1,-1
532,53,776.07,271.71,57.15,137.47,0.6089,-1,-1,-1
532,58,389.68,498.63,63.77,153.15,0.6307,-1,-1,-1
532,59,965.80,124.40,52.04,140.18,0.7247,-1,-1,-1
532,60,696.01,143.26,56.20,150.26,0.7757,-1,-1,-1
532,66,405.25,345.40,91.22,141.26,0.5886,-1,-1,-1
532,67,333.74,426.20,61.68,184.96,0.6097,-1,-1,-1
533,10,944.51,272.79,61.40,154.79,0.8018,-1,-1,-1
533,25,628.22,488.59,58.19,129.31,0.5756,-1,-1,-1
533,36,572.19,201.46,55.09,132.79,0.7111,-1,-1,-1
533,52,633.90,353.06,69.35,152.34,0.7536,-1,-1,-1
533,53,779.44,274.34,57.79,136.65,0.6727,-1,-1,-1
533,58,390.38,497.95,64.33,160.24,0.5762,-1,-1,-1
533,59,971.77,126.02,51.17,137.30,0.7458,-1,-1,-1
533,60,702.83,142.49,55.85,152.62,0.7758,-1,-1,-1
533,66,399.59,304.05,100.31,176.16,0.7155,-1,-1,-1
533,67,332.31,426.32,64.25,185.58,0.6589,-1,-1,-1
534,10,946.58,272.74,61.54,154.13,0.8109,-1,-1,-1
534,36,574.61,196.43,53.46,141.48,0.7442,-1,-1,-1
534,52,636.59,356.02,69.46,150.08,0.7830,-1,-1,-1
534,53,782.48,275.47,56.69,136.21,0.6977,-1,-1,-1
534,58,390.98,498.05,64.84,160.05,0.6390,-1,-1,-1
534,59,975.65,127.57,53.32,136.10,0.7605,-1,-1,-1
534,60,706.25,140.90,58.93,155.87,0.7862,-1,-1,-1
534,66,402.74,291.82,103.39,175.86,0.6963,-1,-1,-1
534,67,329.71,425.68,78.89,189.74,0.6640,-1,-1,-1
535,10,948.20,273.06,61.05,153.67,0.8204,-1,-1,-1
535,36,577.67,193.99,52.33,145.84,0.7315,-1,-1,-1
535,52,639.24,357.49,67.16,153.34,0.7110,-1,-1,-1
535,53,784.75,273.63,55.06,143.08,0.6077,-1,-1,-1
535,58,391.86,498.15,65.79,156.96,0.6848,-1,-1,-1
535,59,980.53,129.28,55.37,134.18,0.7439,-1,-1,-1
535,60,709.26,140.45,63.09,157.23,0.7674,-1,-1,-1
535,66,413.42,287.35,102.47,173.38,0.7752,-1,-1,-1
535,67,326.50,427.64,83.63,189.97,0.6622,-1,-1,-1
536,10,950.03,273.82,60.17,153.23,0.8256,-1,-1,-1
536,25,636.19,491.00,56.91,128.67,0.6417,-1,-1,-1
536,36,579.96,193.36,53.47,146.99,0.7453,-1,-1,-1
536,52,640.90,357.67,68.23,153.04,0.7166,-1,-1,-1
536,53,786.59,272.06,55.50,145.60,0.5607,-1,-1,-1
536,58,392.40,498.31,66.29,153.84,0.6711,-1,-1,-1
536,59,986.48,127.98,53.01,135.87,0.7356,-1,-1,-1
536,60,711.81,140.61,78.77,158.14,0.7589,-1,-1,-1
536,66,416.07,286.21,110.67,174.35,0.7686,-1,-1,-1
536,67,324.79,432.15,79.81,189.53,0.7041,-1,-1,-1
537,10,950.50,276.32,63.20,150.96,0.7963,-1,-1,-1
537,25,640.84,490.98,55.34,129.92,0.6288,-1,-1,-1
537,36,583.07,191.82,56.03,148.92,0.7877,-1,-1,-1
537,52,642.69,360.11,68.66,151.47,0.7041,-1,-1,-1
537,58,396.89,497.74,63.72,144.20,0.5576,-1,-1,-1
537,59,992.51,127.28,53.28,138.60,0.7436,-1,-1,-1
537,60,715.15,142.44,85.29,156.78,0.8422,-1,-1,-1
537,66,424.48,289.37,114.96,176.59,0.7370,-1,-1,-1
537,67,325.10,436.32,82.94,186.50,0.6157,-1,-1,-1
538,10,949.33,277.77,65.47,149.54,0.8012,-1,-1,-1
538,36,584.56,191.83,60.13,149.75,0.7797,-1,-1,-1
538,52,643.66,362.04,69.24,148.76,0.6663,-1,-1,-1
538,58,396.61,496.16,64.60,142.50,0.5901,-1,-1,-1
538,59,994.70,127.49,54.29,138.79,0.7295,-1,-1,-1
538,60,716.92,143.05,88.90,156.09,0.8497,-1,-1,-1
538,66,434.06,294.27,114.57,173.67,0.7987,-1,-1,-1
538,67,327.22,442.27,78.73,181.08,0.5740,-1,-1,-1
539,10,948.46,278.59,67.32,149.06,0.8104,-1,-1,-1
539,36,585.29,192.20,64.86,149.88,0.7722,-1,-1,-1
539,52,644.98,363.30,68.59,148.74,0.6328,-1,-1,-1
539,58,398.03,497.99,63.84,145.68,0.5501,-1,-1,-1
539,59,995.71,126.68,56.35,139.15,0.7491,-1,-1,-1
539,60,718.61,146.74,91.42,152.32,0.8138,-1,-1,-1
539,66,437.18,298.35,118.81,170.50,0.7380,-1,-1,-1
539,67,329.43,447.72,74.72,175.63,0.6418,-1,-1,-1
540,10,948.34,279.11,68.11,148.98,0.8198,-1,-1,-1
540,25,646.20,492.01,55.15,128.36,0.6281,-1,-1,-1
540,36,586.10,194.46,67.94,146.50,0.7325,-1,-1,-1
540,52,645.74,365.69,67.97,142.04,0.6370,-1,-1,-1
540,58,400.17,501.00,62.30,139.65,0.5959,-1,-1,-1
540,59,999.36,127.57,55.38,137.50,0.6707,-1,-1,-1
540,60,719.79,148.18,95.07,151.46,0.8524,-1,-1,-1
540,66,441.04,299.80,121.94,169.06,0.7590,-1,-1,-1
540,68,199.96,151.14,56.10,147.95,0.5824,-1,-1,-1
541,10,948.16,279.41,68.86,148.93,0.8426,-1,-1,-1
541,25,647.65,491.81,55.07,128.61,0.6304,-1,-1,-1
541,36,587.13,193.30,72.11,146.24,0.7692,-1,-1,-1
541,49,434.79,292.63,56.05,159.46,0.6589,-1,-1,-1
541,52,646.95,371.50,66.59,139.13,0.6013,-1,-1,-1
541,59,1002.16,128.39,57.99,136.31,0.6761,-1,-1,-1
541,60,721.06,148.94,97.42,151.23,0.8119,-1,-1,-1
541,66,445.50,300.37,124.26,169.12,0.7303,-1,-1,-1
541,67,332.28,453.52,79.38,169.13,0.6323,-1,-1,-1
541,68,201.04,152.08,56.09,145.74,0.5699,-1,-1,-1
542,10,950.44,279.33,67.47,149.86,0.8534,-1,-1,-1
542,25,649.21,491.44,55.65,129.96,0.6694,-1,-1,-1
542,36,591.34,193.20,73.88,147.19,0.7872,-1,-1,-1
542,49,442.63,294.31,57.74,167.90,0.5765,-1,-1,-1
542,52,648.80,367.18,68.13,143.26,0.6896,-1,-1,-1
542,59,1006.14,129.45,64.17,134.04,0.6162,-1,-1,-1
542,60,726.92,145.45,94.04,152.56,0.6314,-1,-1,-1
542,66,450.31,297.74,131.93,171.86,0.7103,-1,-1,-1
542,67,334.20,454.91,78.60,167.58,0.6757,-1,-1,-1
543,10,951.69,279.15,66.31,150.44,0.8571,-1,-1,-1
543,25,649.96,491.03,55.93,130.78,0.6504,-1,-1,-1
543,36,592.41,193.01,77.00,147.93,0.8022,-1,-1,-1
543,49,445.67,294.07,58.44,164.99,0.6224,-1,-1,-1
543,52,649.35,364.08,70.77,147.94,0.7131,-1,-1,-1
543,59,1006.08,126.73,76.42,135.46,0.6759,-1,-1,-1
543,60,732.22,144.18,91.22,152.51,0.7143,-1,-1,-1
543,66,456.71,296.59,128.68,172.10,0.6498,-1,-1,-1
543,67,335.85,455.69,75.78,167.04,0.6821,-1,-1,-1
543,68,205.35,156.44,54.74,142.71,0.5596,-1,-1,-1
543,69,383.29,352.97,58.50,140.11,0.6721,-1,-1,-1
544,10,952.15,279.02,66.39,150.64,0.8519,-1,-1,-1
544,25,650.81,490.99,56.42,131.16,0.6571,-1,-1,-1
544,36,594.82,191.15,78.59,149.54,0.7915,-1,-1,-1
544,49,446.56,292.76,61.64,156.40,0.5690,-1,-1,-1
544,52,649.77,364.62,72.05,147.96,0.7590,-1,-1,-1
544,59,1008.00,125.44,85.57,145.74,0.6187,-1,-1,-1
544,60,741.43,142.32,84.39,151.85,0.7345,-1,-1,-1
544,66,471.84,294.09,114.55,174.81,0.7243,-1,-1,-1
544,67,337.96,455.72,74.19,166.90,0.6650,-1,-1,-1
544,69,382.09,356.47,58.62,139.41,0.7052,-1,-1,-1
545,10,953.53,278.94,65.48,150.89,0.8452,-1,-1,-1
545,25,651.59,490.97,57.10,130.88,0.6718,-1,-1,-1
545,36,598.93,190.81,78.03,147.81,0.7811,-1,-1,-1
545,49,447.97,292.03,64.27,152.21,0.5944,-1,-1,-1
545,52,650.31,364.90,73.09,147.80,0.7607,-1,-1,-1
545,59,1014.55,125.58,79.55,141.86,0.5899,-1,-1,-1
545,60,748.87,137.48,77.19,155.55,0.6974,-1,-1,-1
545,66,485.10,291.47,103.98,178.64,0.7315,-1,-1,-1
545,67,342.13,456.24,71.38,166.26,0.5812,-1,-1,-1
545,68,207.52,155.44,57.06,143.01,0.5681,-1,-1,-1
545,69,380.56,361.37,56.35,134.12,0.6340,-1,-1,-1
546,10,955.13,278.85,64.38,151.00,0.8388,-1,-1,-1
546,25,651.93,491.36,57.61,130.57,0.7654,-1,-1,-1
546,36,600.35,189.07,81.03,150.83,0.6925,-1,-1,-1
546,52,651.86,361.61,76.16,151.12,0.7197,-1,-1,-1
546,58,399.49,505.87,64.65,113.58,0.5963,-1,-1,-1
546,59,1014.87,125.06,81.22,141.03,0.5562,-1,-1,-1
546,60,757.52,136.49,69.27,157.88,0.6619,-1,-1,-1
546,66,498.12,289.47,101.88,181.58,0.7729,-1,-1,-1
546,67,342.84,458.51,68.97,164.34,0.6227,-1,-1,-1
546,68,208.33,154.60,57.86,144.54,0.5959,-1,-1,-1
547,10,958.25,278.25,62.87,152.19,0.7973,-1,-1,-1
547,25,654.30,491.82,57.34,131.20,0.7022,-1,-1,-1
547,36,620.87,187.28,67.51,137.24,0.6972,-1,-1,-1
547,49,452.75,290.39,75.21,153.08,0.8062,-1,-1,-1
547,52,655.84,365.95,79.03,149.99,0.7868,-1,-1,-1
547,59,1013.00,124.77,90.11,142.52,0.5948,-1,-1,-1
547,60,776.17,132.56,58.38,155.38,0.6360,-1,-1,-1
547,66,512.56,287.90,91.70,185.36,0.8487,-1,-1,-1
547,67,345.10,455.86,69.98,168.56,0.6527,-1,-1,-1
548,10,960.26,278.06,61.92,152.77,0.8011,-1,-1,-1
548,25,655.31,491.85,57.61,131.98,0.7503,-1,-1,-1
548,36,624.30,189.34,67.92,145.25,0.5786,-1,-1,-1
548,49,454.23,290.11,81.22,154.52,0.8011,-1,-1,-1
548,52,657.61,369.09,82.52,150.65,0.7657,-1,-1,-1
548,60,784.81,128.93,49.39,158.00,0.7337,-1,-1,-1
548,66,523.22,288.47,84.19,186.09,0.7864,-1,-1,-1
548,67,344.94,454.33,72.73,169.38,0.6544,-1,-1,-1
548,68,211.20,158.90,58.45,141.73,0.5852,-1,-1,-1
549,10,961.88,277.87,61.96,153.34,0.8061,-1,-1,-1
549,25,656.83,491.96,56.59,132.13,0.7086,-1,-1,-1
549,36,630.66,184.33,68.47,151.86,0.6529,-1,-1,-1
549,49,455.77,289.62,81.52,155.21,0.8025,-1,-1,-1
549,52,660.50,370.67,84.99,150.62,0.7738,-1,-1,-1
549,59,1027.58,121.91,74.21,144.02,0.5750,-1,-1,-1
549,60,790.73,126.31,44.99,161.33,0.7842,-1,-1,-1
549,66,529.69,289.30,78.65,187.40,0.8431,-1,-1,-1
549,67,345.39,455.44,73.02,167.67,0.6260,-1,-1,-1
550,10,963.49,277.66,61.86,153.32,0.7872,-1,-1,-1
550,25,657.79,491.28,56.46,132.78,0.7297,-1,-1,-1
550,36,644.69,181.93,59.46,152.90,0.7371,-1,-1,-1
550,49,456.83,289.11,82.77,157.08,0.7987,-1,-1,-1
550,52,662.81,372.02,84.70,149.39,0.7461,-1,-1,-1
550,58,396.63,502.30,68.94,117.33,0.5511,-1,-1,-1
550,59,1031.95,125.84,68.65,138.06,0.7308,-1,-1,-1
550,60,793.30,125.98,47.12,163.93,0.6785,-1,-1,-1
550,66,532.63,292.49,76.57,186.16,0.8351,-1,-1,-1
550,67,346.76,456.94,72.44,165.38,0.6706,-1,-1,-1
550,68,211.47,161.58,59.98,140.27,0.5501,-1,-1,-1
551,10,964.74,277.34,62.19,153.31,0.7859,-1,-1,-1
551,36,651.26,181.21,57.78,150.00,0.6741,-1,-1,-1
551,49,458.35,289.24,84.94,157.29,0.7667,-1,-1,-1
551,52,664.75,371.28,84.74,150.72,0.7265,-1,-1,-1
551,59,1033.44,126.41,69.00,136.38,0.7875,-1,-1,-1
551,60,797.42,126.19,50.25,161.06,0.6733,-1,-1,-1
551,66,535.60,295.16,87.13,186.43,0.8182,-1,-1,-1
551,67,348.65,456.40,70.91,165.90,0.6923,-1,-1,-1
551,69,360.56,383.09,56.54,125.48,0.5585,-1,-1,-1
552,10,966.05,276.93,63.12,153.07,0.8063,-1,-1,-1
552,25,660.09,490.09,56.58,132.66,0.6542,-1,-1,-1
552,36,656.71,180.59,63.46,154.23,0.7622,-1,-1,-1
552,49,463.01,286.14,88.68,162.53,0.8082,-1,-1,-1
552,52,668.05,373.69,84.59,148.47,0.7703,-1,-1,-1
552,59,1036.21,126.02,74.29,138.48,0.7018,-1,-1,-1
552,60,801.07,128.60,60.23,159.13,0.7282,-1,-1,-1
552,66,538.52,300.40,104.95,183.13,0.8735,-1,-1,-1
552,67,352.03,456.81,67.52,165.67,0.5645,-1,-1,-1
552,68,212.76,160.24,60.54,141.75,0.6237,-1,-1,-1
553,10,966.45,276.54,63.76,153.04,0.8282,-1,-1,-1
553,25,660.20,489.07,56.94,133.18,0.7118,-1,-1,-1
553,36,658.61,180.43,72.53,151.78,0.7856,-1,-1,-1
553,49,466.83,284.53,93.01,163.47,0.8199,-1,-1,-1
553,52,670.85,375.23,83.40,147.58,0.7581,-1,-1,-1
553,59,1039.15,123.91,78.09,152.42,0.6411,-1,-1,-1
553,60,803.90,132.82,67.73,157.17,0.7470,-1,-1,-1
553,66,539.60,305.76,115.19,179.08,0.8677,-1,-1,-1
553,68,212.52,156.94,61.75,145.27,0.5693,-1,-1,-1
554,10,967.21,276.87,64.04,152.50,0.8234,-1,-1,-1
554,25,661.63,487.55,56.72,134.16,0.6906,-1,-1,-1
554,36,660.07,181.21,82.54,149.58,0.8058,-1,-1,-1
554,49,470.48,284.50,93.41,164.90,0.7915,-1,-1,-1
554,52,675.17,377.39,80.08,146.29,0.7871,-1,-1,-1
554,58,398.74,508.79,71.63,167.76,0.5817,-1,-1,-1
554,59,1041.29,121.42,79.67,161.73,0.5976,-1,-1,-1
554,60,806.07,138.10,71.33,150.97,0.7985,-1,-1,-1
554,66,540.57,306.80,125.09,177.05,0.8467,-1,-1,-1
555,10,968.20,277.21,63.53,151.78,0.8198,-1,-1,-1
555,25,662.63,487.90,56.86,134.43,0.6510,-1,-1,-1
555,36,661.68,182.05,89.33,148.17,0.8491,-1,-1,-1
555,49,479.32,282.93,88.53,163.90,0.8071,-1,-1,-1
555,52,677.87,379.37,78.32,145.20,0.7781,-1,-1,-1
555,60,807.59,139.81,75.51,148.62,0.7961,-1,-1,-1
555,66,541.34,309.14,132.23,173.99,0.8313,-1,-1,-1
556,10,969.39,278.16,63.33,150.12,0.8202,-1,-1,-1
556,25,663.44,488.90,57.69,133.58,0.7191,-1,-1,-1
556,36,663.19,183.91,92.47,146.79,0.8539,-1,-1,-1
556,49,494.82,282.60,80.94,160.90,0.6894,-1,-1,-1
556,52,680.24,380.48,79.07,145.88,0.7568,-1,-1,-1
556,60,808.60,140.31,78.98,149.60,0.7960,-1,-1,-1
556,66,543.59,308.19,134.54,173.49,0.8594,-1,-1,-1
557,10,971.50,278.91,64.53,148.84,0.8190,-1,-1,-1
557,25,665.63,489.77,57.25,132.55,0.6961,-1,-1,-1
557,36,670.58,185.52,88.63,146.04,0.8112,-1,-1,-1
557,49,515.56,283.73,72.32,158.71,0.6563,-1,-1,-1
557,52,685.41,370.90,77.14,155.97,0.7812,-1,-1,-1
557,59,1062.08,128.15,58.64,146.79,0.5888,-1,-1,-1
557,60,811.83,139.71,80.30,149.64,0.8118,-1,-1,-1
557,66,547.83,307.06,134.24,172.08,0.8200,-1,-1,-1
558,10,973.18,279.75,65.15,147.71,0.8368,-1,-1,-1
558,25,666.32,490.25,57.67,131.54,0.7158,-1,-1,-1
558,36,675.68,185.24,84.66,146.60,0.8036,-1,-1,-1
558,49,523.91,284.72,72.17,157.97,0.7494,-1,-1,-1
558,52,686.61,360.59,76.17,166.10,0.7687,-1,-1,-1
558,59,1068.58,128.33,51.50,142.58,0.6355,-1,-1,-1
558,60,812.99,137.86,79.37,151.28,0.8123,-1,-1,-1
558,66,553.99,306.92,137.26,169.84,0.8609,-1,-1,-1
558,67,356.87,456.10,68.33,164.20,0.5915,-1,-1,-1
559,10,974.56,281.11,66.37,146.25,0.8328,-1,-1,-1
559,25,666.24,490.77,58.87,131.09,0.7653,-1,-1,-1
559,36,681.39,185.46,79.26,146.07,0.8082,-1,-1,-1
559,49,527.30,286.23,75.11,153.32,0.7871,-1,-1,-1
559,52,687.96,355.65,75.90,169.39,0.7578,-1,-1,-1
559,59,1069.62,129.02,51.98,139.83,0.6339,-1,-1,-1
559,60,815.85,133.58,77.09,156.72,0.7737,-1,-1,-1
559,66,561.50,305.04,139.46,170.04,0.8325,-1,-1,-1
559,67,357.25,455.76,66.94,164.34,0.5992,-1,-1,-1
560,10,975.79,282.01,66.87,146.01,0.8332,-1,-1,-1
560,25,666.56,490.94,59.06,130.76,0.7331,-1,-1,-1
560,36,689.75,185.81,72.50,145.86,0.7597,-1,-1,-1
560,49,529.15,287.64,85.09,149.39,0.7082,-1,-1,-1
560,52,688.26,352.15,79.41,173.24,0.7557,-1,-1,-1
560,59,1071.31,129.88,51.13,136.69,0.6434,-1,-1,-1
560,60,821.17,131.79,80.99,159.88,0.7177,-1,-1,-1
560,66,576.47,300.06,132.75,173.89,0.7785,-1,-1,-1
560,67,356.91,455.30,67.58,165.06,0.5717,-1,-1,-1
561,10,976.86,282.99,68.12,145.36,0.8247,-1,-1,-1
561,25,667.51,491.05,58.53,130.77,0.6889,-1,-1,-1
561,36,697.72,185.06,67.01,146.84,0.7441,-1,-1,-1
561,49,530.08,288.35,94.43,147.23,0.7932,-1,-1,-1
561,52,689.02,356.09,77.14,169.41,0.7281,-1,-1,-1
561,59,1072.79,130.49,51.72,135.86,0.6483,-1,-1,-1
561,60,827.74,130.18,77.72,161.14,0.6782,-1,-1,-1
561,66,588.66,297.37,103.71,176.04,0.7440,-1,-1,-1
561,67,356.22,455.40,67.74,165.56,0.5584,-1,-1,-1
562,10,979.14,285.56,72.94,143.10,0.8021,-1,-1,-1
562,25,668.88,491.05,58.40,131.08,0.6935,-1,-1,-1
562,36,710.98,183.04,58.01,149.22,0.7324,-1,-1,-1
562,49,532.55,290.66,102.48,150.92,0.8112,-1,-1,-1
562,52,691.51,363.15,73.19,162.31,0.7182,-1,-1,-1
562,59,1074.17,130.03,54.46,148.04,0.5735,-1,-1,-1
562,60,842.00,129.67,63.32,161.28,0.6839,-1,-1,-1
562,66,613.03,294.13,100.93,177.97,0.7262,-1,-1,-1
562,67,357.03,454.85,68.15,166.95,0.6252,-1,-1,-1
563,10,985.56,287.24,70.59,141.80,0.7607,-1,-1,-1
563,25,669.41,490.91,58.58,131.66,0.7130,-1,-1,-1
563,36,718.13,182.75,53.24,149.63,0.7275,-1,-1,-1
563,49,536.80,291.11,103.80,156.46,0.8201,-1,-1,-1
563,52,693.08,366.49,71.23,159.14,0.7352,-1,-1,-1
563,59,1073.34,129.05,59.20,161.25,0.5770,-1,-1,-1
563,60,852.21,138.19,51.43,150.66,0.6471,-1,-1,-1
563,66,633.12,291.62,81.13,180.25,0.7510,-1,-1,-1
563,67,357.44,454.89,71.06,166.87,0.6388,-1,-1,-1
564,10,994.32,288.07,65.05,141.23,0.7978,-1,-1,-1
564,25,670.11,490.56,58.45,132.12,0.7304,-1,-1,-1
564,36,720.88,185.03,57.03,147.11,0.7094,-1,-1,-1
564,49,542.80,291.22,103.39,157.71,0.7811,-1,-1,-1
564,52,695.74,372.11,68.38,153.93,0.7207,-1,-1,-1
564,59,1078.85,129.29,53.47,158.23,0.5970,-1,-1,-1
564,60,859.54,140.39,45.24,150.47,0.6113,-1,-1,-1
564,66,644.10,291.00,80.69,180.55,0.7503,-1,-1,-1
564,67,356.36,456.41,67.14,165.48,0.6392,-1,-1,-1
565,10,1003.25,289.27,59.60,142.38,0.8128,-1,-1,-1
565,25,670.96,490.44,57.90,132.24,0.7016,-1,-1,-1
565,36,724.18,184.89,58.38,147.32,0.7302,-1,-1,-1
565,49,551.04,291.52,103.59,157.88,0.8283,-1,-1,-1
565,52,697.39,375.59,66.87,150.75,0.7288,-1,-1,-1
565,59,1081.12,129.26,51.38,157.91,0.5951,-1,-1,-1
565,60,864.33,141.96,42.16,149.12,0.6204,-1,-1,-1
565,66,651.40,290.27,79.24,180.97,0.7072,-1,-1,-1
565,67,353.68,456.52,66.11,164.55,0.6491,-1,-1,-1
566,10,1008.76,290.25,57.23,150.40,0.7929,-1,-1,-1
566,25,671.34,490.39,57.92,132.44,0.7262,-1,-1,-1
566,36,728.42,184.48,54.18,147.75,0.7189,-1,-1,-1
566,49,561.40,290.83,99.03,158.80,0.7669,-1,-1,-1
566,52,698.51,378.14,66.13,148.09,0.7268,-1,-1,-1
566,59,1081.78,129.42,50.69,158.22,0.6073,-1,-1,-1
566,60,867.14,140.66,40.80,148.63,0.5555,-1,-1,-1
566,66,657.94,290.59,75.06,179.89,0.6673,-1,-1,-1
566,67,352.09,455.80,66.12,164.71,0.6355,-1,-1,-1
567,10,1010.15,291.28,59.21,144.70,0.7998,-1,-1,-1
567,25,671.33,490.51,58.08,132.32,0.7352,-1,-1,-1
567,36,730.66,184.84,51.30,147.29,0.7294,-1,-1,-1
567,49,573.50,290.97,90.23,157.93,0.6912,-1,-1,-1
567,52,699.21,380.06,65.68,146.10,0.7244,-1,-1,-1
567,59,1081.06,128.98,51.74,159.32,0.6086,-1,-1,-1
567,66,659.76,293.03,79.29,177.33,0.6286,-1,-1,-1
567,67,349.84,455.74,68.36,164.82,0.5760,-1,-1,-1
568,10,1010.51,290.41,63.70,142.74,0.8162,-1,-1,-1
568,25,670.41,490.55,58.66,132.31,0.7302,-1,-1,-1
568,36,733.53,183.65,50.12,148.65,0.6937,-1,-1,-1
568,49,597.36,288.90,74.20,160.02,0.7217,-1,-1,-1
568,52,698.80,380.65,64.77,144.40,0.6988,-1,-1,-1
568,60,870.79,143.07,56.76,150.53,0.6593,-1,-1,-1
568,66,664.20,294.98,82.74,178.37,0.5912,-1,-1,-1
568,67,343.50,455.52,71.03,165.07,0.7343,-1,-1,-1
569,10,1010.77,290.62,69.09,140.58,0.8166,-1,-1,-1
569,25,669.38,490.54,59.43,131.90,0.7218,-1,-1,-1
569,36,734.32,183.25,51.72,148.34,0.7204,-1,-1,-1
569,49,607.57,288.21,68.53,160.29,0.7671,-1,-1,-1
569,52,698.47,381.49,64.67,139.96,0.6988,-1,-1,-1
569,59,1069.12,127.88,65.64,168.11,0.5745,-1,-1,-1
569,60,871.59,145.00,63.38,150.24,0.6865,-1,-1,-1
569,66,666.18,295.38,78.47,177.46,0.6279,-1,-1,-1
569,67,341.36,455.46,69.25,166.25,0.6972,-1,-1,-1
569,68,222.48,160.81,57.14,139.12,0.5581,-1,-1,-1
570,10,1011.03,290.75,75.33,139.61,0.8362,-1,-1,-1
570,25,667.95,490.11,60.88,130.78,0.7290,-1,-1,-1
570,36,735.43,182.36,52.84,147.90,0.7612,-1,-1,-1
570,49,609.35,288.88,71.93,161.17,0.8129,-1,-1,-1
570,52,699.15,383.58,63.66,137.25,0.6954,-1,-1,-1
570,59,1067.06,127.11,67.67,170.49,0.6129,-1,-1,-1
570,60,873.85,146.29,62.33,151.03,0.6666,-1,-1,-1
570,67,337.97,453.53,68.82,170.25,0.7799,-1,-1,-1
570,68,220.50,162.36,58.32,137.59,0.5678,-1,-1,-1
570,71,426.10,503.39,71.87,120.22,0.7167,-1,-1,-1
571,10,1011.65,289.59,80.05,140.41,0.8362,-1,-1,-1
571,25,666.03,490.84,62.11,130.24,0.7500,-1,-1,-1
571,36,735.49,183.14,55.50,145.57,0.7780,-1,-1,-1
571,49,610.88,290.75,81.54,160.79,0.7925,-1,-1,-1
571,52,699.82,384.16,62.71,138.03,0.6770,-1,-1,-1
571,59,1066.78,126.95,67.87,170.96,0.6126,-1,-1,-1
571,60,877.01,147.54,58.33,153.93,0.7164,-1,-1,-1
571,67,328.35,451.50,75.26,172.28,0.6606,-1,-1,-1
571,68,220.85,161.11,58.30,139.86,0.5740,-1,-1,-1
571,71,427.95,508.26,71.27,115.82,0.7302,-1,-1,-1
571,72,856.04,285.29,66.01,138.54,0.6374,-1,-1,-1
572,10,1013.33,288.93,80.42,141.25,0.8297,-1,-1,-1
572,25,664.18,490.77,63.44,130.45,0.7614,-1,-1,-1
572,36,734.88,183.74,59.86,144.26,0.7981,-1,-1,-1
572,49,611.43,291.98,87.38,163.14,0.7848,-1,-1,-1
572,52,695.21,383.14,67.28,139.41,0.6824,-1,-1,-1
572,60,877.65,146.57,58.24,153.37,0.7064,-1,-1,-1
572,67,319.62,449.44,79.34,173.74,0.6974,-1,-1,-1
572,68,221.85,159.29,57.84,142.06,0.5752,-1,-1,-1
572,71,431.34,507.81,69.81,117.36,0.7564,-1,-1,-1
572,72,856.21,286.36,67.94,137.60,0.6759,-1,-1,-1
573,10,1019.26,288.08,75.23,141.96,0.8378,-1,-1,-1
573,25,662.05,490.11,63.49,132.26,0.7449,-1,-1,-1
573,36,735.17,184.00,71.17,136.07,0.6993,-1,-1,-1
573,49,612.22,291.78,94.76,161.31,0.7484,-1,-1,-1
573,52,691.49,383.02,69.90,138.89,0.6985,-1,-1,-1
573,60,878.44,145.37,58.67,152.82,0.5918,-1,-1,-1
573,67,310.79,450.44,81.02,170.28,0.6636,-1,-1,-1
573,71,437.85,504.38,66.73,119.97,0.6068,-1,-1,-1
573,72,857.21,287.24,95.85,137.61,0.5555,-1,-1,-1
574,10,1025.39,286.70,70.73,143.25,0.8514,-1,-1,-1
574,25,659.79,489.55,64.85,133.78,0.7611,-1,-1,-1
574,36,728.61,187.31,78.28,122.45,0.6198,-1,-1,-1
574,49,617.36,291.15,95.46,161.67,0.7312,-1,-1,-1
574,52,694.86,383.36,65.73,139.19,0.6511,-1,-1,-1
574,60,879.59,142.37,58.60,152.87,0.6238,-1,-1,-1
574,67,306.47,458.16,80.60,163.14,0.6919,-1,-1,-1
574,68,222.35,151.05,59.61,148.50,0.5501,-1,-1,-1
574,71,442.23,509.73,64.56,114.79,0.5751,-1,-1,-1
574,72,860.88,288.77,82.65,135.96,0.7241,-1,-1,-1
575,10,1031.01,283.72,66.93,145.54,0.8255,-1,-1,-1
575,25,657.79,488.95,65.91,135.62,0.7148,-1,-1,-1
575,36,743.01,186.02,74.50,126.71,0.6068,-1,-1,-1
575,59,1074.20,126.55,61.16,144.47,0.5616,-1,-1,-1
575,60,879.78,140.30,60.21,150.88,0.6774,-1,-1,-1
575,66,693.84,266.37,73.11,252.58,0.6834,-1,-1,-1
575,67,303.74,457.42,79.91,163.42,0.7255,-1,-1,-1
575,68,222.80,151.95,58.34,146.84,0.5665,-1,-1,-1
575,72,864.27,290.43,74.67,133.52,0.7469,-1,-1,-1
575,73,340.91,363.30,43.15,111.72,0.5930,-1,-1,-1
576,10,1033.42,282.13,68.02,148.53,0.8040,-1,-1,-1
576,25,656.15,488.02,65.06,137.10,0.6138,-1,-1,-1
576,36,750.85,186.79,69.88,128.25,0.6520,-1,-1,-1
576,52,690.59,362.17,70.68,160.01,0.5601,-1,-1,-1
576,60,881.46,137.51,59.20,152.75,0.6502,-1,-1,-1
576,66,691.40,269.18,76.59,252.60,0.5813,-1,-1,-1
576,67,302.91,457.79,78.13,163.32,0.7019,-1,-1,-1
576,71,448.37,514.18,62.16,110.50,0.5567,-1,-1,-1
576,72,867.12,290.69,70.57,133.03,0.5779,-1,-1,-1
576,73,339.48,363.10,45.67,114.23,0.5678,-1,-1,-1
577,10,1035.14,281.91,69.26,149.58,0.7883,-1,-1,-1
577,36,754.72,186.84,70.29,132.90,0.6872,-1,-1,-1
577,52,688.34,368.93,71.57,151.95,0.6097,-1,-1,-1
577,59,1078.63,121.09,61.62,145.20,0.5774,-1,-1,-1
577,60,881.56,137.53,60.80,151.63,0.6524,-1,-1,-1
577,67,302.10,460.04,77.06,162.27,0.7076,-1,-1,-1
577,71,450.09,513.13,62.24,110.13,0.6691,-1,-1,-1
577,72,871.14,290.91,68.06,132.86,0.5813,-1,-1,-1
578,10,1040.54,281.38,69.51,150.72,0.8160,-1,-1,-1
578,25,627.54,486.95,87.27,138.99,0.6947,-1,-1,-1
578,36,753.91,185.75,72.74,135.38,0.6661,-1,-1,-1
578,59,1075.51,120.73,70.36,143.79,0.5794,-1,-1,-1
578,60,882.40,136.01,59.95,147.54,0.6876,-1,-1,-1
578,67,293.54,454.89,77.80,165.33,0.6374,-1,-1,-1
578,71,452.69,512.76,63.34,110.90,0.7233,-1,-1,-1
579,10,1045.23,282.10,73.10,149.38,0.8325,-1,-1,-1
579,25,623.61,487.19,88.75,136.73,0.6418,-1,-1,-1
579,36,759.47,185.82,65.74,134.40,0.6555,-1,-1,-1
579,52,685.80,380.35,69.76,140.23,0.6679,-1,-1,-1
579,59,1074.52,120.79,74.58,143.53,0.7108,-1,-1,-1
579,60,883.24,133.85,58.74,146.48,0.6705,-1,-1,-1
579,66,725.56,278.09,73.86,189.12,0.6058,-1,-1,-1
579,67,283.91,452.73,84.19,166.79,0.6499,-1,-1,-1
579,71,454.74,512.70,65.21,110.91,0.7422,-1,-1,-1
579,72,872.87,291.27,77.49,131.47,0.6145,-1,-1,-1
580,10,1048.03,280.70,79.28,150.42,0.8026,-1,-1,-1
580,36,762.94,184.23,59.88,133.97,0.6977,-1,-1,-1
580,52,682.33,385.82,71.76,136.37,0.6334,-1,-1,-1
580,59,1071.86,121.09,78.37,142.81,0.7212,-1,-1,-1
580,60,883.29,130.08,56.90,151.13,0.6653,-1,-1,-1
580,66,728.78,280.85,94.22,175.68,0.5836,-1,-1,-1
580,67,277.98,451.42,92.40,169.25,0.7284,-1,-1,-1
580,71,456.23,513.35,64.91,109.24,0.7481,-1,-1,-1
580,72,875.37,290.25,77.45,132.66,0.7044,-1,-1,-1
581,10,1048.22,281.12,87.03,149.90,0.8046,-1,-1,-1
581,25,603.63,479.07,103.49,142.57,0.5845,-1,-1,-1
581,36,762.82,183.42,56.27,132.92,0.5730,-1,-1,-1
581,52,678.42,384.32,73.98,139.96,0.5879,-1,-1,-1
581,59,1068.47,121.12,81.23,142.51,0.7268,-1,-1,-1
581,60,882.62,131.34,56.17,154.42,0.6499,-1,-1,-1
581,67,273.65,448.81,95.16,172.18,0.7394,-1,-1,-1
581,71,456.97,513.90,64.84,108.16,0.7350,-1,-1,-1
581,72,875.84,288.82,74.82,132.64,0.5777,-1,-1,-1
582,10,1046.18,280.15,96.11,152.11,0.8186,-1,-1,-1
582,25,594.51,473.76,110.34,149.12,0.7597,-1,-1,-1
582,36,761.42,181.86,57.34,131.95,0.6103,-1,-1,-1
582,52,675.92,384.39,75.36,142.17,0.6523,-1,-1,-1
582,59,1067.32,121.86,79.16,141.37,0.7121,-1,-1,-1
582,60,882.63,126.20,54.87,158.05,0.7046,-1,-1,-1
582,66,743.05,281.20,83.20,158.65,0.5726,-1,-1,-1
582,67,269.45,448.18,93.16,173.47,0.7908,-1,-1,-1
582,71,457.67,512.71,66.28,109.55,0.7270,-1,-1,-1
582,73,330.92,363.01,63.44,166.38,0.5925,-1,-1,-1
583,10,1043.29,283.14,104.52,150.37,0.8552,-1,-1,-1
583,25,589.87,468.46,105.28,154.41,0.6952,-1,-1,-1
583,52,671.03,384.31,80.00,151.34,0.6555,-1,-1,-1
583,59,1065.07,121.57,79.06,140.19,0.6562,-1,-1,-1
583,60,880.19,125.72,53.47,155.50,0.6883,-1,-1,-1
583,66,746.13,271.46,85.40,179.34,0.5518,-1,-1,-1
583,67,260.16,446.15,90.13,174.70,0.7479,-1,-1,-1
583,71,459.23,513.02,66.58,110.61,0.7985,-1,-1,-1
583,72,875.98,287.05,70.94,133.41,0.6289,-1,-1,-1
583,73,327.61,363.64,67.63,171.44,0.5543,-1,-1,-1
584,10,1041.77,284.85,107.51,149.33,0.8460,-1,-1,-1
584,36,757.56,180.57,66.76,120.71,0.5770,-1,-1,-1
584,52,669.11,382.54,81.58,157.32,0.7052,-1,-1,-1
584,59,1065.94,119.34,80.75,141.50,0.6269,-1,-1,-1
584,60,877.76,126.87,53.09,152.24,0.7296,-1,-1,-1
584,66,750.65,273.52,97.25,181.36,0.5860,-1,-1,-1
584,67,251.33,445.56,95.77,172.92,0.5905,-1,-1,-1
584,71,460.82,513.37,66.12,110.63,0.8197,-1,-1,-1
584,72,875.90,286.21,69.87,130.07,0.6507,-1,-1,-1
585,10,1041.68,287.27,107.50,147.50,0.8506,-1,-1,-1
585,25,583.16,473.35,98.39,146.13,0.5632,-1,-1,-1
585,36,756.80,179.43,68.44,118.98,0.5721,-1,-1,-1
585,52,667.74,384.44,82.58,157.62,0.6015,-1,-1,-1
585,59,1066.71,116.39,87.51,143.79,0.6318,-1,-1,-1
585,60,875.46,127.44,52.38,149.57,0.7384,-1,-1,-1
585,67,243.89,444.62,83.02,174.07,0.7583,-1,-1,-1
585,71,462.63,514.01,64.85,110.18,0.7975,-1,-1,-1
585,72,877.52,285.21,67.93,133.45,0.7294,-1,-1,-1
585,73,323.55,365.65,60.64,173.28,0.5920,-1,-1,-1
586,10,1040.98,289.64,106.70,146.23,0.8516,-1,-1,-1
586,59,1063.76,115.48,92.65,144.59,0.6694,-1,-1,-1
586,60,872.93,127.20,52.55,150.14,0.7122,-1,-1,-1
586,67,236.28,445.08,73.59,171.28,0.7223,-1,-1,-1
586,71,464.06,514.46,64.41,109.66,0.7799,-1,-1,-1
586,72,879.01,284.17,66.05,135.59,0.7649,-1,-1,-1
586,73,319.79,365.71,55.98,171.01,0.5758,-1,-1,-1
587,10,1041.94,289.99,103.34,147.16,0.8280,-1,-1,-1
587,36,758.44,177.32,63.46,121.91,0.5778,-1,-1,-1
587,52,664.59,386.64,82.49,155.37,0.6842,-1,-1,-1
587,59,1056.51,115.17,99.02,146.31,0.6634,-1,-1,-1
587,60,871.27,127.10,51.56,149.12,0.6710,-1,-1,-1
587,66,755.22,283.33,101.80,173.00,0.6077,-1,-1,-1
587,67,231.43,446.65,75.39,170.55,0.7263,-1,-1,-1
587,68,207.11,151.11,58.38,147.49,0.5788,-1,-1,-1
587,71,465.63,514.48,63.63,109.33,0.7302,-1,-1,-1
587,72,879.92,283.70,64.45,135.29,0.7174,-1,-1,-1
587,73,315.97,365.38,57.19,171.10,0.6032,-1,-1,-1
588,10,1045.82,286.99,94.63,147.71,0.7999,-1,-1,-1
588,25,605.24,480.61,60.64,137.54,0.5572,-1,-1,-1
588,36,755.87,175.99,56.80,127.90,0.5835,-1,-1,-1
588,52,662.43,387.37,79.95,154.69,0.7236,-1,-1,-1
588,59,1074.79,116.69,76.08,145.40,0.6840,-1,-1,-1
588,60,867.24,121.77,51.07,152.04,0.6631,-1,-1,-1
588,67,217.57,449.74,74.05,169.11,0.7339,-1,-1,-1
588,68,206.05,150.91,56.08,147.02,0.5687,-1,-1,-1
588,71,470.38,513.06,56.38,109.00,0.6555,-1,-1,-1
588,72,880.37,283.03,61.79,125.71,0.7091,-1,-1,-1
588,73,311.90,362.50,66.06,173.97,0.6918,-1,-1,-1
589,10,1050.77,286.52,85.38,146.48,0.8025,-1,-1,-1
589,36,753.88,173.32,53.28,129.71,0.6257,-1,-1,-1
589,52,660.84,384.41,79.36,157.41,0.7497,-1,-1,-1
589,59,1084.85,121.47,63.74,140.71,0.7043,-1,-1,-1
589,60,864.31,117.94,52.49,153.89,0.6771,-1,-1,-1
589,67,203.60,452.69,79.14,166.21,0.6933,-1,-1,-1
589,68,205.25,150.91,56.49,145.86,0.5665,-1,-1,-1
589,71,473.51,511.52,52.51,111.40,0.6667,-1,-1,-1
589,72,880.82,281.72,60.22,123.49,0.7104,-1,-1,-1
589,73,309.39,360.83,68.94,173.38,0.6828,-1,-1,-1
590,10,1055.62,287.01,75.97,143.56,0.8014,-1,-1,-1
590,25,605.83,480.21,55.32,136.93,0.5501,-1,-1,-1
590,36,752.61,174.54,48.81,123.82,0.6671,-1,-1,-1
590,52,658.67,383.32,81.01,158.03,0.7573,-1,-1,-1
590,59,1090.03,121.03,54.76,140.48,0.6938,-1,-1,-1
590,60,861.44,117.39,52.59,152.77,0.6892,-1,-1,-1
590,67,192.04,453.18,83.80,163.02,0.7457,-1,-1,-1
590,71,476.60,510.14,49.58,111.99,0.6400,-1,-1,-1
590,72,880.42,280.62,59.72,122.48,0.6560,-1,-1,-1
590,73,307.34,358.08,71.69,172.40,0.6697,-1,-1,-1
591,10,1058.57,286.12,70.55,143.93,0.8199,-1,-1,-1
591,25,602.76,478.82,56.08,137.77,0.5612,-1,-1,-1
591,36,748.94,172.92,48.48,125.81,0.7084,-1,-1,-1
591,52,654.60,381.56,82.77,158.72,0.8098,-1,-1,-1
591,59,1091.65,119.69,49.93,140.66,0.7303,-1,-1,-1
591,60,858.09,116.21,54.20,152.71,0.6862,-1,-1,-1
591,66,795.36,278.77,70.00,171.59,0.5755,-1,-1,-1
591,67,181.41,452.52,86.44,166.62,0.7292,-1,-1,-1
591,71,480.00,508.36,45.85,112.56,0.6081,-1,-1,-1
591,72,879.27,280.84,60.47,131.67,0.6047,-1,-1,-1
591,73,305.81,355.11,73.00,169.56,0.6224,-1,-1,-1
592,10,1059.41,280.06,67.01,149.45,0.7076,-1,-1,-1
592,25,571.60,463.73,86.10,154.30,0.6743,-1,-1,-1
592,36,746.23,171.46,49.84,126.86,0.7291,-1,-1,-1
592,52,650.73,379.98,84.95,159.33,0.8056,-1,-1,-1
592,59,1090.72,118.73,49.76,142.95,0.6752,-1,-1,-1
592,60,855.00,117.70,53.95,149.75,0.6556,-1,-1,-1
592,67,174.65,450.08,87.15,166.24,0.7767,-1,-1,-1
592,71,482.92,507.05,42.92,113.16,0.6395,-1,-1,-1
592,72,878.57,280.45,60.75,135.12,0.6212,-1,-1,-1
592,73,305.09,352.66,73.75,165.54,0.6904,-1,-1,-1
593,10,1055.14,275.06,67.11,154.02,0.7153,-1,-1,-1
593,25,559.91,458.78,94.42,158.27,0.7810,-1,-1,-1
593,36,743.39,170.42,50.73,127.11,0.6809,-1,-1,-1
593,49,751.16,277.15,73.62,169.73,0.6857,-1,-1,-1
593,52,647.09,379.51,84.04,157.92,0.7709,-1,-1,-1
593,59,1088.59,119.78,52.83,140.50,0.6886,-1,-1,-1
593,60,848.79,115.02,54.12,150.43,0.6771,-1,-1,-1
593,66,809.55,271.17,65.52,168.93,0.7426,-1,-1,-1
593,67,171.84,444.09,80.48,170.90,0.7795,-1,-1,-1
593,71,486.10,504.89,40.85,115.11,0.6484,-1,-1,-1
593,72,876.34,280.48,59.37,132.74,0.6223,-1,-1,-1
593,73,300.36,348.18,74.87,164.36,0.6077,-1,-1,-1
594,10,1054.33,273.75,64.58,155.05,0.6536,-1,-1,-1
594,25,555.26,457.70,99.21,158.90,0.8070,-1,-1,-1
594,36,741.26,171.70,53.41,127.22,0.6606,-1,-1,-1
594,49,757.39,280.34,73.02,168.39,0.6647,-1,-1,-1
594,52,643.80,378.81,85.19,158.71,0.7619,-1,-1,-1
594,59,1086.78,121.38,56.76,139.31,0.6965,-1,-1,-1
594,60,846.20,115.62,54.22,151.05,0.6836,-1,-1,-1
594,66,815.62,269.93,63.69,166.10,0.7753,-1,-1,-1
594,67,170.97,439.14,76.38,172.66,0.7996,-1,-1,-1
594,71,488.34,503.39,39.93,116.98,0.6252,-1,-1,-1
594,72,876.48,280.78,57.77,133.09,0.6043,-1,-1,-1
594,73,296.01,345.64,77.80,161.50,0.6287,-1,-1,-1
595,10,1054.29,276.24,61.63,152.25,0.6233,-1,-1,-1
595,25,554.77,458.42,100.19,158.95,0.7708,-1,-1,-1
595,36,739.96,172.01,51.77,126.10,0.6670,-1,-1,-1
595,49,759.70,280.91,71.49,168.61,0.6461,-1,-1,-1
595,52,641.39,378.10,84.95,159.47,0.7441,-1,-1,-1
595,59,1085.14,124.20,58.32,135.27,0.7078,-1,-1,-1
595,60,843.71,115.20,53.55,152.62,0.6789,-1,-1,-1
595,66,810.35,270.03,73.86,168.36,0.7538,-1,-1,-1
595,67,167.80,433.96,73.55,174.37,0.7782,-1,-1,-1
595,71,489.37,502.27,40.31,118.43,0.6035,-1,-1,-1
595,72,876.74,280.51,55.82,133.62,0.6904,-1,-1,-1
596,25,557.76,463.49,96.09,154.24,0.7543,-1,-1,-1
596,36,738.11,170.47,61.84,132.10,0.6675,-1,-1,-1
596,49,758.91,293.64,70.49,156.15,0.5665,-1,-1,-1
596,52,640.70,378.54,82.16,157.85,0.7405,-1,-1,-1
596,59,1083.41,123.73,59.30,134.80,0.6754,-1,-1,-1
596,60,839.83,115.05,55.18,153.16,0.7386,-1,-1,-1
596,66,817.71,270.30,67.58,171.94,0.7130,-1,-1,-1
596,67,165.59,428.35,70.11,177.63,0.8059,-1,-1,-1
596,71,490.28,501.28,41.34,120.86,0.6419,-1,-1,-1
596,72,875.87,280.25,55.24,134.23,0.7233,-1,-1,-1
597,10,1050.67,276.65,60.76,148.68,0.6446,-1,-1,-1
597,25,561.56,468.33,89.20,150.34,0.7695,-1,-1,-1
597,36,736.96,168.82,61.26,135.33,0.6694,-1,-1,-1
597,52,640.34,378.47,81.65,156.40,0.7884,-1,-1,-1
597,59,1081.81,119.22,59.71,137.71,0.6138,-1,-1,-1
597,60,837.65,114.94,54.97,152.27,0.7327,-1,-1,-1
597,66,825.71,271.77,60.26,172.93,0.6317,-1,-1,-1
597,67,161.87,422.42,68.70,180.25,0.8055,-1,-1,-1
597,71,491.88,500.18,42.95,122.06,0.6304,-1,-1,-1
597,72,876.80,280.31,53.41,134.04,0.6590,-1,-1,-1
597,73,278.02,342.49,70.16,153.67,0.6049,-1,-1,-1
598,10,1045.70,272.95,61.93,150.42,0.7650,-1,-1,-1
598,25,564.56,471.16,84.35,146.19,0.7206,-1,-1,-1
598,36,734.96,168.56,55.58,135.60,0.6495,-1,-1,-1
598,52,638.32,377.61,80.40,151.27,0.7255,-1,-1,-1
598,59,1078.39,117.37,60.60,137.05,0.6109,-1,-1,-1
598,60,832.99,109.48,55.26,152.17,0.6668,-1,-1,-1
598,66,829.78,266.05,63.72,178.09,0.6883,-1,-1,-1
598,67,156.05,410.08,69.93,187.06,0.7976,-1,-1,-1
598,71,494.63,497.72,41.94,124.66,0.6842,-1,-1,-1
598,72,878.02,279.48,51.41,134.39,0.5903,-1,-1,-1
598,73,274.28,340.29,67.68,152.79,0.6796,-1,-1,-1
599,10,1042.95,272.52,63.89,150.96,0.7596,-1,-1,-1
599,25,565.86,471.44,82.07,146.95,0.7131,-1,-1,-1
599,36,735.31,171.64,50.06,131.88,0.5969,-1,-1,-1
599,52,635.26,375.93,81.56,150.26,0.7230,-1,-1,-1
599,59,1077.65,113.79,59.84,139.30,0.6340,-1,-1,-1
599,60,831.10,111.96,54.87,145.81,0.6234,-1,-1,-1
599,66,833.98,263.43,61.92,179.49,0.6004,-1,-1,-1
599,67,154.16,403.45,68.39,188.82,0.7940,-1,-1,-1
599,71,497.30,496.30,41.83,126.26,0.6531,-1,-1,-1
599,73,268.92,338.61,69.24,152.14,0.6753,-1,-1,-1
600,10,1041.07,272.59,65.56,149.64,0.7689,-1,-1,-1
600,25,567.40,470.38,79.32,149.45,0.7113,-1,-1,-1
600,52,632.85,375.20,81.71,149.28,0.6906,-1,-1,-1
600,59,1078.49,112.13,57.78,139.73,0.5980,-1,-1,-1
600,60,829.70,115.04,52.52,140.55,0.6793,-1,-1,-1
600,66,834.29,262.34,70.83,180.13,0.5710,-1,-1,-1
600,67,153.85,398.95,67.04,182.69,0.6995,-1,-1,-1
600,71,499.22,495.64,42.66,127.05,0.6492,-1,-1,-1
600,73,266.15,337.14,70.12,151.71,0.6781,-1,-1,-1
601,10,1037.92,274.67,68.97,145.81,0.8073,-1,-1,-1
601,25,570.90,469.73,76.94,151.25,0.7566,-1,-1,-1
601,36,730.82,169.96,53.78,131.76,0.6100,-1,-1,-1
601,52,630.69,374.34,81.75,150.50,0.7713,-1,-1,-1
601,60,827.23,116.17,51.18,136.73,0.6975,-1,-1,-1
601,67,155.07,394.90,64.98,183.12,0.6781,-1,-1,-1
601,71,500.50,495.26,43.40,127.55,0.6279,-1,-1,-1
601,73,264.11,336.69,71.08,151.57,0.6356,-1,-1,-1
602,10,1035.54,275.14,73.82,143.93,0.7861,-1,-1,-1
602,25,573.97,468.93,73.48,152.69,0.7292,-1,-1,-1
602,36,729.08,168.72,55.91,131.58,0.6299,-1,-1,-1
602,52,627.91,373.76,80.34,151.75,0.8152,-1,-1,-1
602,60,825.15,116.18,51.23,136.07,0.6664,-1,-1,-1
602,66,843.77,264.10,83.31,169.99,0.5972,-1,-1,-1
602,67,154.31,391.61,65.85,180.65,0.6659,-1,-1,-1
602,71,503.21,496.00,43.84,127.31,0.6090,-1,-1,-1
602,72,871.93,272.30,58.79,155.23,0.5979,-1,-1,-1
602,73,260.74,337.12,81.88,150.88,0.6981,-1,-1,-1
603,10,1033.86,277.86,77.17,140.84,0.8162,-1,-1,-1
603,25,579.10,467.66,67.78,155.48,0.7581,-1,-1,-1
603,36,726.74,166.89,60.36,132.72,0.6934,-1,-1,-1
603,52,626.47,372.69,76.95,152.84,0.7499,-1,-1,-1
603,60,822.08,115.26,49.38,134.80,0.6288,-1,-1,-1
603,66,833.99,266.74,102.64,176.50,0.6532,-1,-1,-1
603,67,150.43,389.27,66.91,173.80,0.7319,-1,-1,-1
603,71,505.46,499.45,49.21,124.28,0.6535,-1,-1,-1
603,73,260.01,338.70,79.87,147.89,0.7212,-1,-1,-1
604,10,1034.84,280.10,75.44,139.20,0.8393,-1,-1,-1
604,25,581.19,466.47,66.01,156.66,0.7426,-1,-1,-1
604,36,726.34,166.69,61.63,130.24,0.6241,-1,-1,-1
604,52,626.68,372.39,75.42,152.91,0.7348,-1,-1,-1
604,60,819.72,115.62,50.39,133.49,0.5511,-1,-1,-1
604,66,841.89,269.07,98.74,170.39,0.6646,-1,-1,-1
604,67,149.13,387.87,65.78,166.50,0.7078,-1,-1,-1
604,71,506.87,502.59,54.43,122.72,0.6295,-1,-1,-1
604,73,259.41,339.47,75.92,145.93,0.7154,-1,-1,-1
605,10,1035.15,283.64,72.44,136.00,0.8489,-1,-1,-1
605,25,581.79,465.94,65.10,158.40,0.7474,-1,-1,-1
605,36,725.03,166.49,63.09,132.06,0.6948,-1,-1,-1
605,52,626.43,371.74,75.52,152.68,0.7195,-1,-1,-1
605,60,818.90,117.64,50.18,130.11,0.5920,-1,-1,-1
605,66,850.58,270.61,91.31,168.02,0.7157,-1,-1,-1
605,67,147.54,384.10,65.75,163.95,0.7748,-1,-1,-1
605,71,508.12,503.37,58.82,122.40,0.6782,-1,-1,-1
605,73,259.21,340.41,73.17,144.52,0.7190,-1,-1,-1
606,10,1035.83,285.62,70.42,136.65,0.8282,-1,-1,-1
606,25,582.99,465.10,64.23,158.01,0.7429,-1,-1,-1
606,36,722.63,165.93,64.34,133.46,0.7328,-1,-1,-1
606,52,625.22,371.16,76.51,152.72,0.6791,-1,-1,-1
606,59,1086.89,113.07,53.00,138.66,0.6095,-1,-1,-1
606,60,818.66,119.03,49.77,127.92,0.5746,-1,-1,-1
606,66,851.04,270.21,90.29,166.26,0.5509,-1,-1,-1
606,67,146.73,378.57,65.01,164.13,0.7956,-1,-1,-1
606,71,509.40,502.91,60.59,123.85,0.6202,-1,-1,-1
606,72,825.15,271.11,111.87,173.54,0.6001,-1,-1,-1
606,73,257.78,340.06,77.89,145.07,0.7201,-1,-1,-1
607,10,1037.32,286.07,66.60,135.95,0.8138,-1,-1,-1
607,25,583.87,464.38,62.93,158.01,0.7421,-1,-1,-1
607,36,720.95,168.78,63.31,130.93,0.7650,-1,-1,-1
607,49,820.21,278.51,79.45,173.04,0.5868,-1,-1,-1
607,52,624.81,369.18,77.01,153.63,0.7203,-1,-1,-1
607,59,1087.91,112.63,55.16,138.76,0.6778,-1,-1,-1
607,67,144.73,380.82,64.31,157.05,0.8079,-1,-1,-1
607,71,509.96,504.10,60.49,123.28,0.6648,-1,-1,-1
607,72,824.02,271.14,113.55,172.98,0.5749,-1,-1,-1
607,73,255.38,339.13,77.58,145.32,0.6366,-1,-1,-1
608,10,1038.95,284.03,62.95,137.47,0.8081,-1,-1,-1
608,25,583.62,463.19,62.13,159.73,0.7369,-1,-1,-1
608,36,716.57,165.95,64.16,132.88,0.8079,-1,-1,-1
608,52,624.10,365.50,77.71,155.92,0.7430,-1,-1,-1
608,59,1086.83,113.28,64.30,135.62,0.7031,-1,-1,-1
608,60,817.47,122.81,47.90,120.57,0.5697,-1,-1,-1
608,67,141.98,367.30,61.27,162.41,0.7460,-1,-1,-1
608,71,510.46,501.74,61.36,124.80,0.6517,-1,-1,-1
608,72,826.30,268.56,110.13,178.84,0.6230,-1,-1,-1
608,73,245.95,335.83,80.56,146.29,0.6997,-1,-1,-1
609,10,1039.79,281.96,61.23,138.94,0.8094,-1,-1,-1
609,25,582.64,462.71,62.60,160.17,0.7460,-1,-1,-1
609,36,712.83,165.30,66.38,132.97,0.7988,-1,-1,-1
609,52,623.97,363.30,77.88,156.68,0.7637,-1,-1,-1
609,59,1086.96,114.53,69.78,133.06,0.7122,-1,-1,-1
609,60,817.24,123.88,47.86,117.75,0.5876,-1,-1,-1
609,67,138.04,360.99,62.46,165.82,0.7531,-1,-1,-1
609,71,509.92,498.04,61.62,127.97,0.7200,-1,-1,-1
609,73,251.01,330.77,72.27,148.88,0.6475,-1,-1,-1
610,10,1040.24,279.31,60.39,140.97,0.8083,-1,-1,-1
610,25,582.14,461.55,62.20,160.00,0.7381,-1,-1,-1
610,36,710.11,163.42,68.40,134.63,0.7866,-1,-1,-1
610,52,624.04,361.81,77.52,156.14,0.7674,-1,-1,-1
610,59,1086.82,113.64,74.26,133.24,0.7240,-1,-1,-1
610,67,133.52,357.00,64.43,169.69,0.6290,-1,-1,-1
610,71,508.85,495.27,61.54,131.51,0.7385,-1,-1,-1
610,73,244.86,327.20,75.81,149.60,0.6549,-1,-1,-1
611,10,1040.97,277.74,59.86,141.71,0.8036,-1,-1,-1
611,25,580.68,460.16,62.96,161.87,0.7849,-1,-1,-1
611,36,707.70,162.96,70.69,134.96,0.7857,-1,-1,-1
611,52,624.08,360.41,77.74,156.21,0.7589,-1,-1,-1
611,59,1087.47,112.79,75.64,131.71,0.7060,-1,-1,-1
611,60,816.59,121.61,47.18,114.91,0.5664,-1,-1,-1
611,67,128.63,354.90,67.57,170.93,0.6620,-1,-1,-1
611,71,508.91,491.33,61.77,135.15,0.7966,-1,-1,-1
611,73,251.84,323.02,68.70,152.67,0.7182,-1,-1,-1
612,10,1042.32,275.04,60.33,144.05,0.8038,-1,-1,-1
612,25,578.72,458.98,64.51,164.19,0.7790,-1,-1,-1
612,36,706.70,163.66,71.53,133.69,0.7892,-1,-1,-1
612,52,625.80,360.22,75.93,153.35,0.7231,-1,-1,-1
612,59,1088.40,111.10,76.46,131.56,0.6948,-1,-1,-1
612,60,816.87,119.36,46.73,116.34,0.6126,-1,-1,-1
612,67,124.70,354.07,70.33,169.23,0.6687,-1,-1,-1
612,71,507.13,488.79,64.74,137.33,0.7966,-1,-1,-1
612,73,252.28,319.18,67.25,155.00,0.7144,-1,-1,-1
613,10,1043.25,270.76,61.35,146.42,0.7586,-1,-1,-1
613,25,574.39,456.23,68.38,165.40,0.7418,-1,-1,-1
613,36,706.23,161.17,69.49,132.37,0.7022,-1,-1,-1
613,52,625.78,358.30,75.93,152.87,0.7428,-1,-1,-1
613,67,120.38,352.14,73.47,166.43,0.5940,-1,-1,-1
613,71,501.82,481.95,75.00,142.07,0.7567,-1,-1,-1
613,73,238.33,311.75,83.54,161.26,0.7416,-1,-1,-1
614,10,1042.21,266.77,63.60,148.34,0.7158,-1,-1,-1
614,25,568.63,455.43,73.63,167.67,0.7505,-1,-1,-1
614,36,705.51,160.50,68.57,130.24,0.7412,-1,-1,-1
614,49,865.20,253.11,81.82,165.33,0.5999,-1,-1,-1
614,52,625.63,357.95,76.03,151.61,0.7446,-1,-1,-1
614,59,1090.61,112.37,76.18,124.62,0.6898,-1,-1,-1
614,67,124.11,351.15,67.02,162.12,0.5705,-1,-1,-1
614,71,498.96,477.33,73.08,146.31,0.7426,-1,-1,-1
614,73,234.68,305.86,86.91,165.76,0.7065,-1,-1,-1
615,10,1042.42,265.73,65.01,148.58,0.7972,-1,-1,-1
615,25,564.49,454.86,76.47,167.58,0.7147,-1,-1,-1
615,36,705.94,158.48,57.99,123.40,0.6564,-1,-1,-1
615,49,870.77,250.52,79.09,158.85,0.6225,-1,-1,-1
615,52,626.46,356.77,75.58,150.02,0.7496,-1,-1,-1
615,59,1091.91,111.69,77.43,123.34,0.6877,-1,-1,-1
615,67,126.70,349.32,60.63,157.78,0.6183,-1,-1,-1
615,71,494.28,473.92,80.80,149.16,0.7607,-1,-1,-1
615,72,823.68,299.94,84.87,144.76,0.6089,-1,-1,-1
615,73,233.02,300.44,87.73,165.67,0.7172,-1,-1,-1
616,10,1042.00,264.90,67.25,148.55,0.8004,-1,-1,-1
616,25,558.82,453.36,78.61,168.49,0.6821,-1,-1,-1
616,36,706.42,157.04,49.99,119.02,0.6491,-1,-1,-1
616,49,872.22,247.87,81.75,160.49,0.5789,-1,-1,-1
616,52,626.48,357.83,75.40,147.61,0.7229,-1,-1,-1
616,59,1092.79,110.44,80.40,122.70,0.7101,-1,-1,-1
616,67,128.13,348.61,55.72,153.88,0.6257,-1,-1,-1
616,71,489.65,471.55,83.06,151.48,0.7567,-1,-1,-1
616,72,823.49,299.94,83.10,143.50,0.6600,-1,-1,-1
616,73,237.55,295.34,83.14,164.26,0.6608,-1,-1,-1
617,10,1042.86,265.51,67.60,147.67,0.8241,-1,-1,-1
617,25,555.92,452.54,79.68,166.83,0.6621,-1,-1,-1
617,36,705.75,153.77,47.07,122.09,0.7279,-1,-1,-1
617,49,899.23,250.28,56.82,155.31,0.5710,-1,-1,-1
617,52,626.31,354.72,75.83,150.26,0.7597,-1,-1,-1
617,59,1094.71,107.33,80.16,124.74,0.6966,-1,-1,-1
617,71,486.17,469.50,91.35,153.71,0.7268,-1,-1,-1
617,72,822.46,297.81,83.26,145.08,0.7073,-1,-1,-1
617,73,243.46,290.95,76.93,157.54,0.7112,-1,-1,-1
618,10,1043.71,269.29,69.88,148.82,0.8076,-1,-1,-1
618,25,553.46,454.38,81.56,162.64,0.6947,-1,-1,-1
618,36,704.30,150.06,43.67,127.08,0.7354,-1,-1,-1
618,49,869.32,248.08,86.53,160.09,0.6298,-1,-1,-1
618,52,624.98,350.59,76.95,154.00,0.8278,-1,-1,-1
618,59,1100.70,105.42,73.84,127.17,0.5778,-1,-1,-1
618,67,110.28,338.06,74.10,154.07,0.6602,-1,-1,-1
618,71,481.74,468.78,90.25,155.43,0.7470,-1,-1,-1
618,72,820.87,294.58,83.67,145.65,0.7095,-1,-1,-1
618,73,241.01,285.73,79.12,153.11,0.7882,-1,-1,-1
619,10,1043.73,274.26,73.13,150.19,0.7939,-1,-1,-1
619,25,551.82,456.45,82.13,159.97,0.6522,-1,-1,-1
619,36,702.56,149.62,41.25,131.86,0.7328,-1,-1,-1
619,49,861.21,248.26,94.97,163.55,0.6652,-1,-1,-1
619,52,624.15,350.47,77.46,154.20,0.8498,-1,-1,-1
619,59,1106.09,104.07,67.15,129.62,0.6183,-1,-1,-1
619,67,105.82,338.21,73.47,152.88,0.6821,-1,-1,-1
619,71,479.30,468.81,88.53,154.73,0.7731,-1,-1,-1
619,72,816.07,288.97,82.69,149.35,0.6809,-1,-1,-1
619,73,242.34,284.87,77.16,148.35,0.7880,-1,-1,-1
620,10,1041.21,278.05,77.53,151.32,0.7792,-1,-1,-1
620,25,548.86,457.88,84.24,159.63,0.6907,-1,-1,-1
620,36,700.69,151.07,39.10,135.56,0.6980,-1,-1,-1
620,49,857.05,248.90,99.42,161.70,0.7567,-1,-1,-1
620,52,623.61,351.94,76.20,150.79,0.8637,-1,-1,-1
620,59,1111.54,104.32,63.49,130.83,0.5629,-1,-1,-1
620,67,105.24,339.62,69.17,152.79,0.6898,-1,-1,-1
620,71,477.94,470.12,87.63,152.87,0.7932,-1,-1,-1
620,72,812.78,287.76,73.93,146.05,0.6521,-1,-1,-1
620,73,242.72,286.18,74.84,148.58,0.7920,-1,-1,-1
621,10,1037.98,283.05,81.22,149.98,0.7586,-1,-1,-1
621,25,547.52,460.30,84.16,157.91,0.6162,-1,-1,-1
621,36,697.84,150.81,39.71,134.67,0.7392,-1,-1,-1
621,49,855.12,250.67,100.73,158.72,0.7535,-1,-1,-1
621,52,622.39,352.87,75.93,149.09,0.8598,-1,-1,-1
621,59,1113.57,106.28,61.99,129.12,0.6267,-1,-1,-1
621,67,104.57,341.37,68.28,152.90,0.7326,-1,-1,-1
621,71,476.29,472.72,86.95,150.50,0.7878,-1,-1,-1
621,72,810.98,287.84,62.07,151.62,0.7222,-1,-1,-1
621,73,244.16,286.74,72.65,150.56,0.7871,-1,-1,-1
622,10,1035.77,286.31,83.45,150.28,0.7245,-1,-1,-1
622,25,546.81,461.90,84.03,157.44,0.6176,-1,-1,-1
622,36,696.15,150.10,37.50,131.29,0.7160,-1,-1,-1
622,49,856.24,254.43,98.76,152.35,0.6979,-1,-1,-1
622,52,620.85,353.40,76.30,149.38,0.8618,-1,-1,-1
622,59,1114.12,107.76,61.35,127.83,0.6622,-1,-1,-1
622,67,105.23,341.04,67.88,153.70,0.6780,-1,-1,-1
622,71,474.62,475.46,87.23,147.44,0.7903,-1,-1,-1
622,72,803.92,288.23,57.72,154.70,0.6859,-1,-1,-1
622,73,243.84,286.84,72.65,151.71,0.7783,-1,-1,-1
623,10,1031.96,289.32,82.75,151.74,0.7409,-1,-1,-1
623,25,544.93,459.84,86.99,161.07,0.5912,-1,-1,-1
623,36,692.79,151.35,37.73,128.79,0.5783,-1,-1,-1
623,49,861.51,258.56,93.85,145.42,0.6745,-1,-1,-1
623,52,619.54,353.69,77.39,150.46,0.8396,-1,-1,-1
623,59,1114.94,106.50,62.49,129.97,0.6570,-1,-1,-1
623,67,105.15,342.80,67.54,151.77,0.6637,-1,-1,-1
623,71,474.69,477.72,87.37,145.26,0.7772,-1,-1,-1
623,72,795.20,286.69,56.80,161.52,0.7144,-1,-1,-1
623,73,243.45,290.10,68.58,137.08,0.7631,-1,-1,-1
624,10,1028.73,291.53,82.11,152.15,0.7650,-1,-1,-1
624,25,541.54,457.58,90.66,164.75,0.6011,-1,-1,-1
624,36,690.58,152.47,39.83,127.44,0.5554,-1,-1,-1
624,49,869.57,260.33,86.69,145.25,0.7006,-1,-1,-1
624,52,618.43,355.12,77.54,150.72,0.8377,-1,-1,-1
624,59,1115.27,105.68,63.40,131.04,0.6694,-1,-1,-1
624,67,104.85,340.70,68.65,154.04,0.7170,-1,-1,-1
624,71,475.26,479.15,87.72,143.75,0.7486,-1,-1,-1
624,72,790.66,287.09,55.11,162.42,0.6561,-1,-1,-1
624,73,242.87,293.01,67.16,130.95,0.7733,-1,-1,-1
625,10,1025.72,294.28,77.17,151.20,0.7454,-1,-1,-1
625,36,675.46,152.56,53.80,136.41,0.6483,-1,-1,-1
625,49,876.56,261.33,79.13,145.57,0.6802,-1,-1,-1
625,52,617.13,356.65,74.83,148.99,0.8577,-1,-1,-1
625,59,1115.24,105.10,65.40,132.70,0.6850,-1,-1,-1
625,66,938.07,272.09,70.46,110.96,0.6751,-1,-1,-1
625,67,104.95,338.07,68.59,158.97,0.7304,-1,-1,-1
625,71,478.07,480.61,86.69,142.59,0.6976,-1,-1,-1
625,72,787.60,286.97,54.47,149.60,0.5732,-1,-1,-1
625,73,241.97,293.94,66.33,131.69,0.7619,-1,-1,-1
626,10,1023.64,295.85,73.28,150.58,0.7667,-1,-1,-1
626,36,667.27,155.50,60.98,138.54,0.6553,-1,-1,-1
626,49,880.40,260.77,73.15,148.22,0.7233,-1,-1,-1
626,52,616.33,357.41,72.93,150.27,0.8592,-1,-1,-1
626,59,1115.13,106.13,66.04,132.25,0.6974,-1,-1,-1
626,66,942.96,275.64,70.12,109.64,0.7437,-1,-1,-1
626,67,104.98,337.76,69.02,160.91,0.7264,-1,-1,-1
626,71,481.79,482.57,95.24,140.87,0.5526,-1,-1,-1
626,72,774.37,289.55,67.41,153.43,0.5830,-1,-1,-1
626,73,242.14,292.93,63.28,136.41,0.7914,-1,-1,-1
627,10,1022.42,297.36,69.40,149.04,0.7897,-1,-1,-1
627,36,660.49,154.77,66.26,142.98,0.6958,-1,-1,-1
627,49,882.70,259.85,71.70,150.36,0.7190,-1,-1,-1
627,52,615.35,358.72,73.02,151.19,0.8576,-1,-1,-1
627,59,1114.90,107.07,65.96,131.93,0.6962,-1,-1,-1
627,66,945.30,280.09,69.25,111.00,0.7610,-1,-1,-1
627,67,104.30,338.97,65.36,161.02,0.7361,-1,-1,-1
627,71,483.16,484.97,94.69,138.84,0.6045,-1,-1,-1
627,73,242.03,291.06,61.19,136.55,0.7737,-1,-1,-1
628,10,1017.13,301.85,69.77,145.80,0.7679,-1,-1,-1
628,36,657.13,160.27,67.77,140.62,0.6914,-1,-1,-1
628,49,880.01,257.20,74.04,153.25,0.8099,-1,-1,-1
628,52,613.38,361.94,74.45,150.64,0.8472,-1,-1,-1
628,59,1115.00,107.36,66.19,133.32,0.6857,-1,-1,-1
628,66,945.51,286.04,67.49,119.68,0.7778,-1,-1,-1
628,67,103.07,341.89,59.93,160.74,0.6937,-1,-1,-1
628,71,485.80,474.92,93.88,149.92,0.7086,-1,-1,-1
628,73,242.10,288.28,58.96,137.80,0.7707,-1,-1,-1
629,10,1011.00,306.04,73.39,143.21,0.8086,-1,-1,-1
629,36,656.15,163.39,67.32,138.10,0.7030,-1,-1,-1
629,49,876.87,253.71,77.08,156.70,0.8249,-1,-1,-1
629,52,612.08,363.61,75.11,149.99,0.8372,-1,-1,-1
629,59,1114.97,108.21,67.37,133.19,0.6807,-1,-1,-1
629,66,946.68,287.24,64.14,126.14,0.7750,-1,-1,-1
629,67,101.30,343.75,56.99,160.69,0.6781,-1,-1,-1
629,71,487.78,470.77,95.23,154.29,0.7801,-1,-1,-1
629,73,242.40,285.47,57.72,141.18,0.7395,-1,-1,-1
629,79,196.88,130.47,58.11,148.31,0.5978,-1,-1,-1
630,10,1002.05,309.33,81.24,139.85,0.8164,-1,-1,-1
630,36,655.48,164.28,70.09,136.75,0.7454,-1,-1,-1
630,49,874.03,249.87,77.73,158.88,0.7839,-1,-1,-1
630,52,610.67,364.69,76.17,149.02,0.8228,-1,-1,-1
630,59,1114.67,108.20,68.30,133.44,0.6908,-1,-1,-1
630,66,947.71,287.74,64.79,128.43,0.7918,-1,-1,-1
630,67,98.77,345.50,56.55,160.92,0.6281,-1,-1,-1
630,71,493.30,478.48,93.73,145.47,0.7306,-1,-1,-1
630,73,242.23,286.18,56.25,140.45,0.7183,-1,-1,-1
630,79,189.72,129.57,65.58,149.94,0.6135,-1,-1,-1
631,10,997.06,310.85,85.84,141.64,0.8720,-1,-1,-1
631,36,655.15,164.24,70.46,137.09,0.7902,-1,-1,-1
631,49,872.85,246.77,72.76,160.31,0.8150,-1,-1,-1
631,52,609.53,365.18,77.00,149.08,0.8109,-1,-1,-1
631,59,1114.24,108.56,68.82,133.10,0.6832,-1,-1,-1
631,66,947.13,288.28,58.95,128.85,0.7743,-1,-1,-1
631,67,96.26,346.76,60.08,160.50,0.6748,-1,-1,-1
631,71,499.05,481.76,91.03,141.87,0.7693,-1,-1,-1
631,73,242.38,285.49,54.03,139.66,0.7130,-1,-1,-1
631,79,179.56,130.15,75.83,149.80,0.6409,-1,-1,-1
632,10,990.15,312.44,93.58,145.46,0.8413,-1,-1,-1
632,36,655.44,165.22,69.07,136.18,0.7979,-1,-1,-1
632,49,870.59,243.68,67.01,161.17,0.7377,-1,-1,-1
632,52,605.72,366.75,80.16,146.82,0.7946,-1,-1,-1
632,59,1114.41,109.44,68.82,132.39,0.6905,-1,-1,-1
632,66,944.73,286.52,60.10,130.06,0.7020,-1,-1,-1
632,67,94.17,347.54,59.60,160.33,0.6566,-1,-1,-1
632,71,507.46,480.74,85.14,144.08,0.7690,-1,-1,-1
632,73,242.74,285.22,52.76,136.81,0.6813,-1,-1,-1
632,79,172.29,129.00,83.85,151.23,0.6205,-1,-1,-1
633,10,977.22,312.80,105.63,142.57,0.8350,-1,-1,-1
633,36,656.62,166.17,62.92,134.41,0.7702,-1,-1,-1
633,49,865.43,240.20,63.75,160.70,0.7620,-1,-1,-1
633,52,595.41,371.72,89.84,143.56,0.7974,-1,-1,-1
633,59,1113.31,110.82,70.08,131.05,0.7185,-1,-1,-1
633,66,939.42,287.86,54.86,116.46,0.6955,-1,-1,-1
633,67,90.72,349.47,67.63,158.81,0.5694,-1,-1,-1
633,71,517.25,482.21,77.26,141.69,0.7038,-1,-1,-1
633,73,243.55,285.63,55.76,134.89,0.6745,-1,-1,-1
633,81,476.45,455.13,61.14,156.81,0.7351,-1,-1,-1
634,10,969.71,311.87,110.23,144.32,0.8418,-1,-1,-1
634,36,656.55,166.61,55.44,133.48,0.7384,-1,-1,-1
634,49,861.32,239.22,61.25,158.62,0.7820,-1,-1,-1
634,52,589.69,374.47,94.13,137.15,0.7524,-1,-1,-1
634,59,1112.90,111.36,70.57,130.58,0.7243,-1,-1,-1
634,66,933.22,288.77,53.36,112.27,0.5744,-1,-1,-1
634,67,88.38,351.53,74.82,157.51,0.6151,-1,-1,-1
634,71,522.60,481.49,72.84,145.21,0.6851,-1,-1,-1
634,73,243.55,287.63,58.66,131.53,0.6816,-1,-1,-1
634,81,468.25,455.06,70.86,162.10,0.7867,-1,-1,-1
635,10,967.13,310.94,107.24,145.21,0.8386,-1,-1,-1
635,36,656.59,168.08,52.21,130.99,0.7066,-1,-1,-1
635,49,856.74,238.52,62.04,156.69,0.7802,-1,-1,-1
635,52,587.25,376.36,96.59,135.01,0.7421,-1,-1,-1
635,59,1112.68,111.44,71.00,130.71,0.7250,-1,-1,-1
635,66,927.99,292.36,54.31,113.91,0.6111,-1,-1,-1
635,67,86.02,350.44,78.65,160.17,0.6607,-1,-1,-1
635,71,526.75,482.06,70.56,144.90,0.6878,-1,-1,-1
635,73,243.73,287.41,61.26,132.09,0.6234,-1,-1,-1
635,81,461.37,454.78,77.17,162.89,0.7052,-1,-1,-1
636,10,962.94,310.04,104.82,146.22,0.8572,-1,-1,-1
636,36,655.55,167.11,51.42,131.83,0.7013,-1,-1,-1
636,49,849.44,237.87,66.94,151.99,0.6931,-1,-1,-1
636,52,587.21,377.60,95.62,132.62,0.7513,-1,-1,-1
636,59,1112.89,111.27,71.16,131.09,0.7277,-1,-1,-1
636,66,923.86,294.61,51.52,119.87,0.7974,-1,-1,-1
636,67,80.57,348.51,84.00,164.22,0.6511,-1,-1,-1
636,71,529.67,484.33,69.90,141.85,0.6797,-1,-1,-1
636,73,243.87,286.28,62.86,133.32,0.5950,-1,-1,-1
636,81,457.00,453.93,81.99,164.83,0.6562,-1,-1,-1
637,10,960.55,309.20,95.41,146.24,0.8277,-1,-1,-1
637,36,651.71,167.25,55.11,133.02,0.7447,-1,-1,-1
637,49,848.14,236.37,65.54,145.24,0.5796,-1,-1,-1
637,52,585.23,377.99,98.17,130.49,0.7512,-1,-1,-1
637,59,1115.36,108.83,68.82,134.19,0.7046,-1,-1,-1
637,66,919.58,296.71,48.69,123.11,0.6472,-1,-1,-1
637,67,77.39,347.44,88.47,166.92,0.6334,-1,-1,-1
637,71,531.74,486.91,72.04,151.28,0.6792,-1,-1,-1
637,72,739.71,311.69,66.57,148.83,0.7019,-1,-1,-1
637,81,454.93,453.14,82.22,163.86,0.6143,-1,-1,-1
638,10,950.21,308.43,83.30,148.94,0.7703,-1,-1,-1
638,36,643.19,167.56,62.76,133.16,0.7652,-1,-1,-1
638,49,830.56,238.90,79.03,136.73,0.6654,-1,-1,-1
638,52,579.47,378.05,100.35,124.79,0.7386,-1,-1,-1
638,59,1117.73,108.19,67.77,135.99,0.6753,-1,-1,-1
638,66,898.49,302.54,64.26,119.73,0.6928,-1,-1,-1
638,71,536.12,491.50,77.52,139.84,0.6739,-1,-1,-1
638,72,736.48,314.40,69.19,146.59,0.7567,-1,-1,-1
638,73,243.81,283.77,65.34,136.84,0.5663,-1,-1,-1
638,81,450.20,450.34,77.15,166.44,0.7146,-1,-1,-1
639,10,941.26,309.73,75.02,152.25,0.7577,-1,-1,-1
639,36,635.73,166.89,70.54,134.87,0.7915,-1,-1,-1
639,49,829.65,241.59,77.13,130.39,0.6628,-1,-1,-1
639,52,574.36,376.95,102.24,124.60,0.7264,-1,-1,-1
639,59,1118.83,109.04,68.06,135.47,0.6943,-1,-1,-1
639,66,883.93,305.46,72.08,117.10,0.7474,-1,-1,-1
639,71,543.11,493.88,78.45,133.35,0.6886,-1,-1,-1
639,72,733.61,314.87,72.60,147.45,0.7260,-1,-1,-1
639,73,243.89,283.42,68.10,136.75,0.6060,-1,-1,-1
639,81,445.83,448.18,72.31,165.40,0.7310,-1,-1,-1
639,83,850.30,103.91,49.14,136.55,0.6044,-1,-1,-1
640,10,936.62,310.41,67.26,153.87,0.6631,-1,-1,-1
640,36,632.13,168.46,75.52,133.79,0.7746,-1,-1,-1
640,52,570.84,376.17,108.45,134.39,0.6608,-1,-1,-1
640,59,1119.66,110.59,69.01,133.83,0.6648,-1,-1,-1
640,66,871.83,307.44,79.57,116.46,0.7267,-1,-1,-1
640,71,549.29,495.01,79.07,129.24,0.6841,-1,-1,-1
640,72,731.79,313.93,78.03,148.62,0.7255,-1,-1,-1
640,73,244.40,283.76,69.09,137.02,0.6071,-1,-1,-1
640,81,441.25,446.49,70.52,164.22,0.7192,-1,-1,-1
640,83,852.97,101.47,49.24,142.33,0.6151,-1,-1,-1
641,10,930.71,313.15,62.93,154.45,0.6755,-1,-1,-1
641,36,631.61,174.34,77.66,128.31,0.7965,-1,-1,-1
641,52,567.00,375.69,111.83,140.48,0.7379,-1,-1,-1
641,59,1120.67,112.49,68.82,131.65,0.6943,-1,-1,-1
641,66,864.46,306.56,81.18,118.77,0.6903,-1,-1,-1
641,71,555.19,494.78,77.84,128.89,0.7113,-1,-1,-1
641,72,731.38,312.77,81.29,149.40,0.6407,-1,-1,-1
641,73,244.28,285.50,69.30,137.60,0.6408,-1,-1,-1
641,81,437.65,444.80,68.78,166.71,0.7704,-1,-1,-1
641,83,855.36,103.88,52.37,141.87,0.7057,-1,-1,-1
642,10,916.47,318.34,72.09,152.97,0.7307,-1,-1,-1
642,36,634.29,173.67,76.95,128.50,0.7932,-1,-1,-1
642,49,816.50,237.64,83.41,142.00,0.6545,-1,-1,-1
642,52,564.67,375.60,110.43,144.31,0.7495,-1,-1,-1
642,59,1122.68,111.56,67.86,134.02,0.7032,-1,-1,-1
642,66,862.15,306.27,80.71,122.95,0.5619,-1,-1,-1
642,71,562.04,495.42,76.63,129.61,0.7337,-1,-1,-1
642,72,729.60,310.77,85.45,151.33,0.6639,-1,-1,-1
642,73,244.85,284.28,73.00,141.89,0.6877,-1,-1,-1
642,81,433.74,443.54,67.15,167.96,0.7713,-1,-1,-1
642,83,856.67,104.03,57.47,144.39,0.7777,-1,-1,-1
643,10,894.03,324.41,97.55,148.70,0.8652,-1,-1,-1
643,36,643.19,174.59,74.50,127.76,0.8105,-1,-1,-1
643,49,818.01,238.26,83.95,135.63,0.6495,-1,-1,-1
643,52,567.81,375.37,96.08,145.32,0.7812,-1,-1,-1
643,59,1129.77,112.62,68.98,132.40,0.7523,-1,-1,-1
643,71,577.89,497.64,77.37,128.50,0.6515,-1,-1,-1
643,72,730.73,306.39,73.50,149.12,0.6085,-1,-1,-1
643,73,249.76,282.54,73.22,151.79,0.7468,-1,-1,-1
643,81,428.84,442.97,70.88,169.85,0.8059,-1,-1,-1
643,83,864.47,107.15,62.62,145.83,0.7745,-1,-1,-1
644,10,885.55,328.26,107.55,145.35,0.8681,-1,-1,-1
644,36,647.64,171.27,73.82,131.47,0.8289,-1,-1,-1
644,49,816.30,238.19,82.88,136.96,0.6338,-1,-1,-1
644,52,568.37,375.30,86.81,143.57,0.8036,-1,-1,-1
644,59,1134.01,113.89,70.41,132.59,0.7585,-1,-1,-1
644,66,862.11,306.38,70.37,124.12,0.5684,-1,-1,-1
644,67,79.31,357.00,62.43,166.87,0.7062,-1,-1,-1
644,71,586.86,498.48,78.23,128.81,0.7462,-1,-1,-1
644,72,728.86,304.08,68.36,148.40,0.6089,-1,-1,-1
644,73,253.96,282.72,70.05,156.73,0.7493,-1,-1,-1
644,81,417.87,443.19,81.35,169.20,0.8444,-1,-1,-1
644,83,868.43,109.10,64.33,147.62,0.7667,-1,-1,-1
645,10,884.05,333.48,110.26,141.53,0.8635,-1,-1,-1
645,36,654.25,167.67,71.86,136.22,0.8200,-1,-1,-1
645,49,812.51,235.35,84.62,139.18,0.6477,-1,-1,-1
645,52,569.87,375.67,82.69,141.47,0.7528,-1,-1,-1
645,59,1140.66,114.68,67.57,132.39,0.8229,-1,-1,-1
645,66,868.00,306.84,59.22,125.49,0.6564,-1,-1,-1
645,67,81.05,357.66,58.12,167.88,0.7452,-1,-1,-1
645,71,595.89,499.37,77.80,126.21,0.7132,-1,-1,-1
645,72,728.06,302.31,66.94,149.84,0.6923,-1,-1,-1
645,73,256.97,287.11,67.78,154.91,0.7100,-1,-1,-1
645,81,408.47,443.98,93.06,168.53,0.8365,-1,-1,-1
645,83,872.26,110.06,65.26,148.39,0.7199,-1,-1,-1
646,10,885.73,337.69,108.04,140.04,0.8577,-1,-1,-1
646,36,661.03,166.43,70.82,140.94,0.7887,-1,-1,-1
646,49,810.32,233.61,83.89,142.05,0.6320,-1,-1,-1
646,52,572.84,376.19,79.50,143.18,0.7235,-1,-1,-1
646,59,1144.73,116.19,66.33,130.63,0.7142,-1,-1,-1
646,66,865.80,309.18,58.06,122.42,0.7443,-1,-1,-1
646,67,81.80,359.15,58.77,170.51,0.7974,-1,-1,-1
646,71,605.67,498.73,75.77,125.14,0.7298,-1,-1,-1
646,72,728.71,300.00,68.34,149.42,0.6845,-1,-1,-1
646,73,258.70,289.00,66.66,153.46,0.7208,-1,-1,-1
646,81,402.92,444.50,102.23,168.50,0.8574,-1,-1,-1
646,83,878.13,104.37,66.20,153.72,0.6772,-1,-1,-1
647,10,888.11,340.35,102.50,143.51,0.8068,-1,-1,-1
647,36,668.85,166.19,67.78,138.75,0.7827,-1,-1,-1
647,49,808.84,231.72,82.21,144.14,0.6166,-1,-1,-1
647,52,576.17,377.36,74.67,146.04,0.7122,-1,-1,-1
647,59,1149.60,114.59,67.81,133.04,0.7140,-1,-1,-1
647,66,855.04,312.39,65.69,119.82,0.5505,-1,-1,-1
647,67,83.45,361.45,58.52,172.20,0.7875,-1,-1,-1
647,71,615.45,498.98,73.94,124.51,0.6923,-1,-1,-1
647,72,730.01,298.93,66.48,149.76,0.6669,-1,-1,-1
647,73,260.91,289.06,68.59,153.82,0.7596,-1,-1,-1
647,81,399.56,445.80,109.61,167.24,0.8741,-1,-1,-1
647,83,883.77,101.73,66.15,156.72,0.6513,-1,-1,-1
648,10,895.58,342.83,91.04,148.45,0.6954,-1,-1,-1
648,36,680.37,169.40,68.10,130.16,0.7819,-1,-1,-1
648,49,811.29,230.41,74.83,142.45,0.7263,-1,-1,-1
648,52,578.50,380.04,71.08,144.67,0.7981,-1,-1,-1
648,59,1156.21,117.54,70.20,130.74,0.7107,-1,-1,-1
648,66,836.78,318.28,82.09,128.56,0.6679,-1,-1,-1
648,67,85.00,367.49,60.58,171.85,0.7974,-1,-1,-1
648,71,628.25,496.90,73.95,124.75,0.7858,-1,-1,-1
648,72,729.51,296.73,61.24,147.62,0.6743,-1,-1,-1
648,73,268.18,291.71,64.95,151.19,0.6871,-1,-1,-1
648,81,402.03,446.87,113.26,166.62,0.8786,-1,-1,-1
648,83,898.53,108.51,62.18,149.64,0.5954,-1,-1,-1
649,10,901.10,343.52,85.14,150.61,0.6881,-1,-1,-1
649,36,685.99,171.12,70.47,126.06,0.7792,-1,-1,-1
649,49,811.93,228.25,67.80,139.27,0.7900,-1,-1,-1
649,52,574.97,382.34,74.22,143.22,0.7795,-1,-1,-1
649,59,1160.10,115.70,69.42,131.68,0.7335,-1,-1,-1
649,67,86.18,368.77,62.46,172.83,0.7663,-1,-1,-1
649,71,638.60,495.88,70.45,125.58,0.7826,-1,-1,-1
649,72,729.18,295.46,57.47,147.00,0.6183,-1,-1,-1
649,73,270.92,292.12,63.35,149.68,0.6341,-1,-1,-1
649,81,404.33,447.84,111.84,166.36,0.8497,-1,-1,-1
649,83,909.71,114.31,55.65,143.46,0.5774,-1,-1,-1
650,10,905.07,343.29,82.80,153.13,0.7603,-1,-1,-1
650,36,689.65,173.52,76.71,122.71,0.6925,-1,-1,-1
650,49,811.74,228.07,63.26,136.69,0.7983,-1,-1,-1
650,52,566.14,383.24,82.76,142.18,0.7432,-1,-1,-1
650,59,1163.87,116.10,69.90,130.79,0.7662,-1,-1,-1
650,67,87.19,369.82,64.65,175.98,0.7767,-1,-1,-1
650,71,643.98,495.81,72.20,125.80,0.7782,-1,-1,-1
650,73,274.11,292.15,60.68,149.82,0.6177,-1,-1,-1
650,81,406.54,447.86,108.28,166.79,0.8591,-1,-1,-1
650,83,919.71,115.80,51.46,143.41,0.6499,-1,-1,-1
651,10,910.49,342.95,80.69,154.84,0.6593,-1,-1,-1
651,36,692.15,179.11,80.95,117.00,0.6981,-1,-1,-1
651,49,809.66,228.92,61.52,134.96,0.7352,-1,-1,-1
651,52,556.53,384.05,93.37,140.50,0.8065,-1,-1,-1
651,59,1166.51,114.91,68.58,131.91,0.7359,-1,-1,-1
651,67,91.16,370.34,62.18,177.11,0.7450,-1,-1,-1
651,71,649.83,496.18,71.95,125.24,0.7883,-1,-1,-1
651,73,277.09,290.64,58.10,151.64,0.6130,-1,-1,-1
651,81,409.76,447.66,103.99,167.21,0.8465,-1,-1,-1
651,83,927.35,112.40,48.70,147.17,0.6606,-1,-1,-1
652,10,923.87,342.04,69.61,156.31,0.7333,-1,-1,-1
652,36,694.35,182.10,91.06,115.76,0.6907,-1,-1,-1
652,49,805.26,230.95,62.05,130.90,0.7236,-1,-1,-1
652,52,548.16,384.25,104.10,141.21,0.8277,-1,-1,-1
652,59,1171.69,113.64,63.08,133.12,0.7393,-1,-1,-1
652,67,95.71,369.75,59.76,179.42,0.7500,-1,-1,-1
652,71,654.79,496.71,72.66,124.67,0.8314,-1,-1,-1
652,73,280.44,292.94,54.34,141.05,0.5656,-1,-1,-1
652,81,412.61,447.65,96.90,168.51,0.8624,-1,-1,-1
652,83,933.85,111.82,46.48,148.16,0.6779,-1,-1,-1
653,10,932.97,340.42,63.93,157.95,0.8044,-1,-1,-1
653,36,696.69,191.93,105.86,107.43,0.6152,-1,-1,-1
653,52,545.52,385.33,109.02,141.22,0.8303,-1,-1,-1
653,59,1174.86,115.14,63.32,131.95,0.6219,-1,-1,-1
653,67,100.44,372.04,59.02,178.99,0.8160,-1,-1,-1
653,71,661.69,499.77,75.04,123.41,0.7991,-1,-1,-1
653,73,283.19,299.16,53.11,137.69,0.5922,-1,-1,-1
653,81,414.85,444.95,93.62,170.60,0.8435,-1,-1,-1
653,83,940.95,123.12,48.96,142.78,0.5865,-1,-1,-1
654,10,935.15,340.96,62.92,156.99,0.7415,-1,-1,-1
654,59,1178.64,116.22,58.44,130.30,0.5901,-1,-1,-1
654,67,102.67,372.45,61.64,175.42,0.7047,-1,-1,-1
654,71,666.59,501.95,74.26,120.77,0.7370,-1,-1,-1
654,81,415.75,442.83,86.33,172.05,0.8005,-1,-1,-1
655,10,933.59,340.65,65.77,156.07,0.7769,-1,-1,-1
655,52,544.30,384.12,108.56,142.39,0.8287,-1,-1,-1
655,59,1175.52,116.91,60.35,129.05,0.6655,-1,-1,-1
655,67,103.32,373.15,58.42,176.92,0.7598,-1,-1,-1
655,71,669.37,502.41,75.13,121.48,0.7652,-1,-1,-1
655,72,687.23,280.22,79.91,152.17,0.6085,-1,-1,-1
655,73,283.55,301.44,51.77,136.42,0.7202,-1,-1,-1
655,81,412.73,441.42,87.51,172.22,0.7562,-1,-1,-1
655,83,937.87,127.96,58.55,144.28,0.5859,-1,-1,-1
656,10,928.06,341.26,72.34,153.57,0.8035,-1,-1,-1
656,52,545.12,382.27,101.51,143.39,0.8236,-1,-1,-1
656,59,1172.09,117.08,62.52,128.01,0.6848,-1,-1,-1
656,67,102.97,373.63,58.73,176.49,0.7760,-1,-1,-1
656,71,672.77,502.70,74.40,121.38,0.7421,-1,-1,-1
656,72,683.77,277.09,80.82,153.47,0.6026,-1,-1,-1
656,73,283.48,302.27,52.02,136.36,0.7319,-1,-1,-1
656,81,409.24,440.77,90.02,172.70,0.7333,-1,-1,-1
657,10,926.98,342.46,74.38,151.52,0.7514,-1,-1,-1
657,52,545.56,381.71,93.17,144.06,0.8094,-1,-1,-1
657,59,1169.35,113.13,66.74,129.58,0.6536,-1,-1,-1
657,67,102.16,373.58,59.55,176.15,0.8210,-1,-1,-1
657,71,675.78,502.84,73.72,121.14,0.7723,-1,-1,-1
657,72,681.97,272.26,78.25,157.35,0.7878,-1,-1,-1
657,73,283.93,301.63,52.05,137.77,0.7312,-1,-1,-1
657,81,407.22,440.51,90.69,172.76,0.7344,-1,-1,-1
658,10,931.06,348.32,73.28,146.24,0.7686,-1,-1,-1
658,52,543.81,377.98,79.05,149.04,0.8121,-1,-1,-1
658,59,1165.02,117.26,68.93,124.65,0.6430,-1,-1,-1
658,67,98.86,373.53,60.59,175.69,0.7997,-1,-1,-1
658,71,680.22,502.42,72.15,120.98,0.7897,-1,-1,-1
658,72,682.33,266.08,73.68,162.07,0.6272,-1,-1,-1
658,73,284.37,296.62,53.07,143.08,0.7043,-1,-1,-1
658,81,403.94,439.81,94.67,172.41,0.6191,-1,-1,-1
659,10,935.04,352.58,72.00,141.92,0.8367,-1,-1,-1
659,52,542.59,376.45,70.35,153.20,0.7684,-1,-1,-1
659,59,1160.15,115.03,72.07,126.09,0.6168,-1,-1,-1
659,67,97.93,374.41,59.58,174.67,0.7921,-1,-1,-1
659,71,682.58,502.34,73.32,121.25,0.8104,-1,-1,-1
659,73,284.84,294.26,53.65,145.27,0.6705,-1,-1,-1
659,81,400.89,440.04,97.48,171.51,0.6548,-1,-1,-1
660,10,936.93,356.14,72.23,138.81,0.8961,-1,-1,-1
660,52,540.42,376.17,66.93,156.94,0.7988,-1,-1,-1
660,59,1157.99,116.14,71.17,125.01,0.6692,-1,-1,-1
660,67,96.31,376.38,58.82,173.01,0.7928,-1,-1,-1
660,71,686.16,502.63,72.27,120.56,0.8085,-1,-1,-1
660,73,285.58,291.24,53.92,148.33,0.5842,-1,-1,-1
660,81,398.96,440.55,99.21,171.10,0.6584,-1,-1,-1
661,10,937.59,359.38,74.20,136.17,0.8829,-1,-1,-1
661,52,539.19,376.54,65.57,159.89,0.7908,-1,-1,-1
661,67,94.22,378.37,59.05,171.41,0.7931,-1,-1,-1
661,71,689.43,502.23,71.83,120.93,0.7956,-1,-1,-1
661,81,393.19,439.77,105.74,172.17,0.7249,-1,-1,-1
661,86,835.84,365.74,103.74,106.37,0.6696,-1,-1,-1
662,10,938.05,360.60,76.28,134.42,0.8801,-1,-1,-1
662,52,536.61,378.59,66.50,161.82,0.7897,-1,-1,-1
662,67,92.52,379.79,59.57,170.98,0.8069,-1,-1,-1
662,71,692.09,502.15,71.74,120.76,0.7971,-1,-1,-1
662,81,389.06,439.97,110.94,172.91,0.7312,-1,-1,-1
662,86,843.13,368.81,96.45,103.19,0.6897,-1,-1,-1
663,10,939.05,358.62,76.16,137.64,0.8797,-1,-1,-1
663,52,534.43,381.95,64.16,159.05,0.7661,-1,-1,-1
663,59,1152.50,117.42,75.37,127.24,0.6188,-1,-1,-1
663,67,90.01,381.73,59.75,171.77,0.8101,-1,-1,-1
663,71,695.68,501.44,72.15,121.17,0.7963,-1,-1,-1
663,81,384.29,442.02,116.15,172.80,0.6767,-1,-1,-1
663,83,967.88,144.57,61.94,140.72,0.5840,-1,-1,-1
663,86,836.96,373.60,105.80,100.70,0.7851,-1,-1,-1
664,10,940.63,356.55,73.38,139.90,0.8675,-1,-1,-1
664,52,532.83,383.45,64.55,157.92,0.7860,-1,-1,-1
664,59,1151.97,116.87,75.25,128.14,0.6672,-1,-1,-1
664,67,88.81,384.84,58.84,171.36,0.8029,-1,-1,-1
664,71,698.16,500.51,72.70,121.28,0.8125,-1,-1,-1
664,73,284.54,291.25,60.32,155.96,0.5761,-1,-1,-1
664,81,381.42,443.18,114.03,171.97,0.6102,-1,-1,-1
664,83,969.24,142.27,59.49,144.78,0.5929,-1,-1,-1
664,86,838.10,375.60,106.63,98.37,0.7357,-1,-1,-1
664,87,811.38,185.91,51.90,114.49,0.6815,-1,-1,-1
665,10,943.41,354.43,73.92,141.98,0.8360,-1,-1,-1
665,49,725.80,214.21,53.46,151.51,0.6461,-1,-1,-1
665,52,530.78,384.03,65.88,157.24,0.7830,-1,-1,-1
665,59,1151.30,114.41,75.15,131.11,0.7170,-1,-1,-1
665,67,88.39,386.09,57.99,172.54,0.7985,-1,-1,-1
665,71,699.03,500.69,74.58,120.82,0.8094,-1,-1,-1
665,73,283.80,292.22,60.81,156.78,0.5876,-1,-1,-1
665,81,377.98,444.49,94.77,171.04,0.6343,-1,-1,-1
665,83,971.15,142.55,57.98,142.73,0.6400,-1,-1,-1
665,86,845.99,376.79,97.00,96.43,0.6889,-1,-1,-1
665,87,811.90,189.75,62.30,115.98,0.6635,-1,-1,-1
666,10,945.63,351.89,79.57,145.60,0.7476,-1,-1,-1
666,49,712.27,213.47,62.50,148.45,0.6822,-1,-1,-1
666,52,528.57,384.43,66.38,156.74,0.7788,-1,-1,-1
666,59,1151.67,113.39,73.38,132.75,0.7271,-1,-1,-1
666,67,88.55,385.12,57.73,174.31,0.8292,-1,-1,-1
666,71,699.97,501.03,75.28,120.59,0.7940,-1,-1,-1
666,72,663.54,267.16,65.85,149.30,0.5564,-1,-1,-1
666,73,283.38,293.94,60.64,156.91,0.6291,-1,-1,-1
666,81,376.58,446.07,75.58,171.05,0.6894,-1,-1,-1
666,83,972.29,143.58,58.57,143.31,0.7240,-1,-1,-1
666,86,840.22,376.42,103.14,98.08,0.7464,-1,-1,-1
667,10,948.01,349.09,85.48,146.34,0.6604,-1,-1,-1
667,49,706.41,213.41,63.59,152.63,0.7358,-1,-1,-1
667,52,524.64,384.36,67.35,156.87,0.8046,-1,-1,-1
667,59,1152.20,116.82,70.92,129.36,0.6976,-1,-1,-1
667,67,88.27,385.14,57.94,175.63,0.8149,-1,-1,-1
667,71,700.87,502.12,75.96,119.99,0.8007,-1,-1,-1
667,73,282.86,295.57,59.77,157.40,0.6481,-1,-1,-1
667,81,375.76,446.84,68.79,170.76,0.5507,-1,-1,-1
667,83,973.83,146.63,65.46,142.71,0.7614,-1,-1,-1
667,86,852.04,375.78,89.55,97.78,0.5591,-1,-1,-1
668,10,946.15,346.77,92.31,143.84,0.5769,-1,-1,-1
668,49,700.43,216.57,62.00,151.00,0.6564,-1,-1,-1
668,52,514.53,383.55,74.10,158.58,0.8587,-1,-1,-1
668,59,1151.42,115.25,67.01,130.15,0.6460,-1,-1,-1
668,67,87.12,385.99,58.86,175.79,0.8172,-1,-1,-1
668,71,701.19,503.16,76.20,119.33,0.7916,-1,-1,-1
668,73,281.35,298.85,58.62,156.09,0.6772,-1,-1,-1
668,81,373.69,447.23,110.08,171.12,0.6287,-1,-1,-1
668,83,976.50,147.58,69.84,147.80,0.8231,-1,-1,-1
669,49,698.81,218.83,58.46,147.10,0.6465,-1,-1,-1
669,52,505.23,383.45,80.88,157.67,0.8587,-1,-1,-1
669,59,1150.52,109.43,63.35,135.78,0.6384,-1,-1,-1
669,67,87.01,387.01,58.62,175.56,0.8022,-1,-1,-1
669,71,701.09,503.63,75.99,119.28,0.7815,-1,-1,-1
669,73,281.05,301.40,56.77,153.87,0.6635,-1,-1,-1
669,81,372.61,447.17,121.62,170.76,0.6021,-1,-1,-1
669,83,977.38,151.46,76.63,147.48,0.8353,-1,-1,-1
669,86,850.58,369.01,91.25,109.04,0.6128,-1,-1,-1
670,49,695.36,219.92,57.61,151.81,0.6258,-1,-1,-1
670,52,499.07,383.54,84.71,156.34,0.8674,-1,-1,-1
670,59,1150.31,107.44,56.64,136.98,0.6205,-1,-1,-1
670,67,87.15,387.76,57.92,175.67,0.7922,-1,-1,-1
670,71,700.84,504.01,76.44,118.87,0.7952,-1,-1,-1
670,73,280.62,302.35,55.57,153.43,0.6465,-1,-1,-1
670,83,977.93,158.12,81.88,143.54,0.8454,-1,-1,-1
670,86,850.83,365.59,92.08,113.74,0.6519,-1,-1,-1
671,10,941.02,349.60,124.47,125.98,0.5913,-1,-1,-1
671,52,495.45,384.30,86.81,156.45,0.8622,-1,-1,-1
671,59,1150.62,108.12,51.33,136.30,0.5787,-1,-1,-1
671,67,86.68,388.92,58.13,176.31,0.7807,-1,-1,-1
671,71,700.70,505.14,76.68,117.78,0.8044,-1,-1,-1
671,73,280.11,303.30,54.22,152.52,0.6293,-1,-1,-1
671,81,370.25,447.89,126.30,172.15,0.5512,-1,-1,-1
671,83,978.51,159.81,86.45,146.04,0.8440,-1,-1,-1
671,86,853.05,363.30,90.06,114.56,0.5641,-1,-1,-1
671,89,854.04,187.57,79.23,134.52,0.6019,-1,-1,-1
672,52,491.46,384.22,88.98,157.66,0.8635,-1,-1,-1
672,67,86.27,391.27,58.18,175.42,0.7883,-1,-1,-1
672,71,699.60,506.63,77.41,116.55,0.8081,-1,-1,-1
672,73,279.15,303.15,52.52,152.97,0.6247,-1,-1,-1
672,81,369.36,447.97,126.30,172.89,0.6689,-1,-1,-1
672,83,978.65,160.52,90.02,149.09,0.8606,-1,-1,-1
672,89,858.15,188.74,75.45,134.56,0.6065,-1,-1,-1
673,10,932.64,354.72,117.12,118.73,0.7258,-1,-1,-1
673,49,665.04,220.01,71.76,173.18,0.7226,-1,-1,-1
673,52,486.39,385.82,91.27,158.92,0.8732,-1,-1,-1
673,67,84.36,393.98,59.87,176.73,0.7879,-1,-1,-1
673,71,699.49,509.11,75.67,115.13,0.7686,-1,-1,-1
673,73,277.04,302.85,50.83,156.03,0.5974,-1,-1,-1
673,83,978.72,161.90,95.48,152.73,0.8460,-1,-1,-1
673,86,864.37,361.33,82.70,120.16,0.6568,-1,-1,-1
673,89,872.83,188.88,64.60,136.21,0.7054,-1,-1,-1
674,10,923.45,354.48,113.77,120.00,0.7173,-1,-1,-1
674,49,659.20,218.04,73.63,175.47,0.7427,-1,-1,-1
674,52,483.99,387.04,92.50,159.54,0.8908,-1,-1,-1
674,67,83.85,395.25,60.30,177.43,0.7856,-1,-1,-1
674,71,699.23,510.42,74.82,113.98,0.7492,-1,-1,-1
674,81,366.63,450.89,80.02,167.95,0.5542,-1,-1,-1
674,83,979.95,162.76,98.35,155.00,0.7885,-1,-1,-1
674,86,866.34,360.83,84.11,121.51,0.5957,-1,-1,-1
674,89,884.37,191.13,60.70,133.46,0.7160,-1,-1,-1
675,10,926.06,354.14,98.40,122.69,0.7228,-1,-1,-1
675,49,657.42,215.97,71.56,176.34,0.7299,-1,-1,-1
675,52,482.02,387.32,94.52,160.14,0.8896,-1,-1,-1
675,67,82.86,397.13,64.36,177.89,0.7885,-1,-1,-1
675,71,697.91,511.04,75.26,113.20,0.7504,-1,-1,-1
675,73,274.82,309.47,50.32,150.53,0.5909,-1,-1,-1
675,83,982.46,163.93,98.90,156.96,0.6466,-1,-1,-1
675,86,865.08,359.96,81.83,122.83,0.5863,-1,-1,-1
675,89,891.59,190.00,59.01,134.64,0.7406,-1,-1,-1
676,10,925.75,354.03,92.13,123.84,0.7570,-1,-1,-1
676,49,654.33,214.12,65.84,175.95,0.6613,-1,-1,-1
676,52,479.20,385.94,98.25,159.27,0.8863,-1,-1,-1
676,67,81.83,397.18,68.28,179.80,0.7937,-1,-1,-1
676,71,697.44,511.36,74.31,112.06,0.7594,-1,-1,-1
676,73,273.53,310.19,51.05,150.59,0.5834,-1,-1,-1
676,81,363.76,451.15,103.05,167.23,0.5765,-1,-1,-1
676,83,988.32,164.67,92.38,156.55,0.6298,-1,-1,-1
676,86,863.65,358.62,78.86,124.56,0.6773,-1,-1,-1
676,89,895.54,188.70,63.08,139.60,0.6668,-1,-1,-1
677,10,925.35,354.01,90.39,124.25,0.7326,-1,-1,-1
677,49,650.26,209.94,64.96,179.57,0.7258,-1,-1,-1
677,52,477.54,385.37,99.36,156.67,0.8823,-1,-1,-1
677,67,79.99,398.43,72.66,180.08,0.8084,-1,-1,-1
677,71,696.19,511.49,73.68,110.40,0.7794,-1,-1,-1
677,73,271.47,308.67,53.18,152.45,0.6390,-1,-1,-1
677,81,336.94,452.08,129.40,167.78,0.6346,-1,-1,-1
677,83,996.42,165.18,89.44,156.07,0.7119,-1,-1,-1
677,86,863.39,355.47,74.72,126.90,0.6698,-1,-1,-1
677,89,896.97,189.89,52.39,131.66,0.5571,-1,-1,-1
678,10,923.29,354.52,95.94,123.72,0.7402,-1,-1,-1
678,49,644.19,202.45,61.12,181.56,0.7414,-1,-1,-1
678,52,472.51,382.76,97.04,156.54,0.8574,-1,-1,-1
678,67,77.32,400.88,75.84,180.58,0.8109,-1,-1,-1
678,71,692.76,512.33,72.85,110.18,0.8208,-1,-1,-1
678,73,267.51,309.20,55.40,153.03,0.6626,-1,-1,-1
678,81,318.97,451.64,141.28,169.76,0.7023,-1,-1,-1
678,83,1011.56,164.89,83.82,155.49,0.6326,-1,-1,-1
678,86,859.76,350.80,75.84,132.51,0.6929,-1,-1,-1
678,89,891.70,192.38,79.77,139.14,0.7356,-1,-1,-1
679,10,921.64,355.90,106.82,125.27,0.7537,-1,-1,-1
679,49,639.27,198.91,61.73,184.89,0.7198,-1,-1,-1
679,52,469.67,381.25,91.99,156.71,0.8578,-1,-1,-1
679,59,1127.85,112.84,53.34,134.28,0.6060,-1,-1,-1
679,67,75.96,402.64,75.77,180.80,0.7926,-1,-1,-1
679,71,690.03,512.26,72.08,111.07,0.8141,-1,-1,-1
679,73,264.40,312.30,58.30,151.14,0.6913,-1,-1,-1
679,81,332.93,451.64,123.88,170.16,0.6327,-1,-1,-1
679,83,1022.67,166.19,79.87,155.09,0.7569,-1,-1,-1
679,86,858.75,349.11,72.95,134.98,0.7265,-1,-1,-1
679,89,886.83,195.88,94.14,141.78,0.7725,-1,-1,-1
680,10,920.33,356.25,110.40,124.45,0.7406,-1,-1,-1
680,49,632.15,195.98,63.08,186.36,0.7673,-1,-1,-1
680,52,466.39,380.75,89.48,155.84,0.8336,-1,-1,-1
680,59,1124.59,113.11,52.63,134.26,0.6751,-1,-1,-1
680,67,71.40,404.30,76.73,180.54,0.7809,-1,-1,-1
680,71,687.06,512.96,71.61,108.16,0.8212,-1,-1,-1
680,73,261.55,307.71,57.91,154.32,0.7394,-1,-1,-1
680,83,1027.83,166.81,76.11,156.59,0.7380,-1,-1,-1
680,86,854.98,347.90,70.72,137.10,0.6439,-1,-1,-1
680,89,882.25,199.38,104.13,142.84,0.7667,-1,-1,-1
681,10,919.25,356.71,114.00,130.08,0.8272,-1,-1,-1
681,49,624.83,194.49,64.65,186.38,0.7592,-1,-1,-1
681,52,463.29,380.52,85.81,155.11,0.8166,-1,-1,-1
681,59,1118.43,112.30,54.59,135.98,0.6092,-1,-1,-1
681,67,66.02,404.24,78.11,179.70,0.7788,-1,-1,-1
681,71,682.21,513.30,72.78,108.48,0.7927,-1,-1,-1
681,73,257.96,309.13,58.33,153.17,0.7487,-1,-1,-1
681,83,1029.44,166.68,74.59,159.53,0.7356,-1,-1,-1
681,86,846.15,345.92,75.41,140.43,0.7225,-1,-1,-1
681,89,878.08,202.15,109.95,143.99,0.7572,-1,-1,-1
682,10,918.71,358.94,116.02,117.72,0.8058,-1,-1,-1
682,49,614.33,192.02,69.17,185.47,0.7991,-1,-1,-1
682,52,456.73,380.81,83.19,155.06,0.8604,-1,-1,-1
682,59,1113.52,111.91,54.11,134.48,0.5582,-1,-1,-1
682,67,61.52,405.32,78.72,179.49,0.7485,-1,-1,-1
682,71,678.53,513.93,70.56,107.53,0.7738,-1,-1,-1
682,73,252.27,309.68,57.22,155.96,0.7049,-1,-1,-1
682,83,1029.07,168.38,72.72,161.74,0.7238,-1,-1,-1
682,86,835.84,343.48,83.40,141.41,0.6418,-1,-1,-1
682,89,874.54,204.09,116.37,143.52,0.7533,-1,-1,-1
683,10,920.54,362.34,113.46,121.04,0.7860,-1,-1,-1
683,49,589.29,190.66,77.84,187.63,0.7698,-1,-1,-1
683,52,443.97,380.14,79.43,156.43,0.8366,-1,-1,-1
683,59,1105.30,110.50,45.58,134.82,0.5567,-1,-1,-1
683,67,48.41,407.93,83.71,176.27,0.8102,-1,-1,-1
683,71,667.01,513.98,69.81,106.63,0.7330,-1,-1,-1
683,73,236.82,308.83,59.71,156.25,0.7563,-1,-1,-1
683,81,322.00,452.55,86.05,168.77,0.6747,-1,-1,-1
683,83,1024.71,171.12,63.25,163.49,0.6424,-1,-1,-1
684,10,924.25,365.45,117.77,109.86,0.7090,-1,-1,-1
684,49,573.22,188.78,84.49,189.36,0.7952,-1,-1,-1
684,52,436.49,378.21,81.57,159.21,0.7703,-1,-1,-1
684,67,42.34,408.13,84.06,176.23,0.7990,-1,-1,-1
684,71,660.65,513.87,68.84,106.83,0.8191,-1,-1,-1
684,73,227.63,307.19,58.12,155.58,0.7849,-1,-1,-1
684,81,318.02,452.85,80.04,169.61,0.5562,-1,-1,-1
685,10,918.60,365.53,130.47,114.84,0.8063,-1,-1,-1
685,49,558.44,186.48,87.41,196.16,0.7526,-1,-1,-1
685,52,425.35,376.40,82.80,160.61,0.8661,-1,-1,-1
685,59,1070.58,109.59,62.19,133.43,0.5969,-1,-1,-1
685,67,33.45,410.89,86.35,172.99,0.7594,-1,-1,-1
685,71,654.60,511.87,68.01,108.43,0.7898,-1,-1,-1
685,73,217.50,305.77,58.56,157.85,0.7736,-1,-1,-1
685,81,308.65,451.44,95.59,169.91,0.5686,-1,-1,-1
685,83,1005.12,175.63,75.11,164.56,0.5975,-1,-1,-1
686,10,909.74,365.82,146.38,110.06,0.7782,-1,-1,-1
686,49,543.88,183.94,89.61,200.34,0.7612,-1,-1,-1
686,52,415.21,374.59,82.73,160.61,0.8652,-1,-1,-1
686,59,1067.34,106.43,54.75,136.19,0.5898,-1,-1,-1
686,67,28.11,411.18,81.18,173.44,0.6997,-1,-1,-1
686,71,647.14,511.28,66.07,109.86,0.7709,-1,-1,-1
686,73,205.37,304.29,60.90,157.92,0.7956,-1,-1,-1
686,83,999.08,178.99,73.76,162.89,0.5597,-1,-1,-1
686,89,852.44,208.78,86.76,121.44,0.5864,-1,-1,-1
687,10,900.68,364.58,159.65,109.72,0.7888,-1,-1,-1
687,49,530.36,182.39,88.00,187.64,0.7777,-1,-1,-1
687,52,404.89,374.22,83.17,159.81,0.8442,-1,-1,-1
687,59,1057.11,105.43,54.06,135.09,0.6015,-1,-1,-1
687,67,23.86,408.16,76.89,175.43,0.7572,-1,-1,-1
687,71,638.23,510.74,66.49,110.09,0.7120,-1,-1,-1
687,73,193.93,303.70,61.12,156.23,0.7713,-1,-1,-1
687,81,287.32,451.56,91.23,169.79,0.6681,-1,-1,-1
687,83,985.75,179.41,79.45,165.08,0.7627,-1,-1,-1
688,10,881.86,361.75,190.90,112.90,0.5932,-1,-1,-1
688,49,507.33,177.06,82.40,189.78,0.7506,-1,-1,-1
688,52,383.61,371.75,81.52,161.25,0.8808,-1,-1,-1
688,59,1033.43,102.81,62.26,134.29,0.6538,-1,-1,-1
688,67,9.78,408.13,69.94,175.28,0.6169,-1,-1,-1
688,71,619.99,508.63,64.99,112.26,0.7429,-1,-1,-1
688,73,173.11,302.56,58.17,156.53,0.7606,-1,-1,-1
688,81,263.80,451.64,71.70,169.32,0.5693,-1,-1,-1
688,83,975.66,183.97,74.77,163.18,0.7250,-1,-1,-1
689,10,876.10,360.99,208.58,115.37,0.7664,-1,-1,-1
689,49,496.57,171.89,77.79,195.41,0.7292,-1,-1,-1
689,52,374.67,371.29,83.25,162.05,0.8610,-1,-1,-1
689,67,2.21,409.20,69.06,177.23,0.7705,-1,-1,-1
689,71,613.48,506.46,64.18,114.69,0.7584,-1,-1,-1
689,73,164.09,302.94,57.52,155.13,0.7290,-1,-1,-1
689,81,250.44,451.50,66.84,169.27,0.7030,-1,-1,-1
689,89,845.65,217.48,71.97,120.68,0.6668,-1,-1,-1
690,10,871.81,361.07,217.04,115.90,0.8242,-1,-1,-1
690,49,486.53,168.30,72.53,193.44,0.7592,-1,-1,-1
690,52,365.52,370.65,83.03,163.13,0.8316,-1,-1,-1
690,59,1003.02,109.45,76.84,126.69,0.5590,-1,-1,-1
690,67,0.00,410.96,62.66,175.43,0.7898,-1,-1,-1
690,71,606.50,506.48,62.88,113.53,0.7149,-1,-1,-1
690,73,156.66,302.52,56.44,156.33,0.7395,-1,-1,-1
690,81,238.68,451.06,67.09,170.55,0.6042,-1,-1,-1
690,83,967.57,189.61,71.31,156.19,0.6909,-1,-1,-1
690,89,835.92,229.92,77.49,114.58,0.6054,-1,-1,-1
691,10,869.59,361.80,220.72,116.36,0.7165,-1,-1,-1
691,49,476.89,166.35,67.23,192.41,0.7807,-1,-1,-1
691,52,357.42,370.07,80.82,162.41,0.8142,-1,-1,-1
691,59,993.07,111.28,80.15,123.73,0.7106,-1,-1,-1
691,67,0.00,413.19,51.50,171.13,0.6436,-1,-1,-1
691,71,599.34,505.40,62.88,115.98,0.7823,-1,-1,-1
691,73,147.43,301.60,55.46,156.38,0.7932,-1,-1,-1
691,81,230.77,452.93,66.22,168.56,0.6984,-1,-1,-1
691,83,961.16,193.33,68.79,153.40,0.7200,-1,-1,-1
692,10,869.66,362.37,214.38,117.23,0.7261,-1,-1,-1
692,49,466.78,164.22,63.49,200.78,0.7318,-1,-1,-1
692,52,349.08,369.75,80.36,161.07,0.7877,-1,-1,-1
692,59,992.23,112.19,72.59,123.64,0.6486,-1,-1,-1
692,67,0.00,415.24,44.55,166.19,0.6387,-1,-1,-1
692,71,592.40,505.20,62.01,116.63,0.7075,-1,-1,-1
692,73,140.61,302.34,52.89,155.19,0.7751,-1,-1,-1
692,81,221.46,453.43,63.97,168.56,0.6088,-1,-1,-1
692,83,959.85,189.92,64.24,155.80,0.7678,-1,-1,-1
692,89,818.91,232.86,94.72,119.17,0.6168,-1,-1,-1
693,10,878.69,362.94,184.46,114.54,0.5504,-1,-1,-1
693,49,441.04,164.56,67.29,200.61,0.6166,-1,-1,-1
693,52,335.52,369.32,76.94,161.74,0.7337,-1,-1,-1
693,71,577.61,506.13,62.16,134.87,0.6217,-1,-1,-1
693,73,122.99,303.45,53.86,154.84,0.8176,-1,-1,-1
693,81,203.01,456.28,64.07,165.10,0.5902,-1,-1,-1
693,83,955.20,187.50,58.51,158.47,0.5982,-1,-1,-1
694,10,895.53,363.30,166.56,115.01,0.7300,-1,-1,-1
694,49,428.22,190.99,70.24,174.43,0.7330,-1,-1,-1
694,52,329.38,368.64,76.05,161.46,0.7532,-1,-1,-1
694,71,572.64,506.73,59.54,142.25,0.6769,-1,-1,-1
694,73,114.18,303.61,56.84,157.03,0.8053,-1,-1,-1
694,81,195.76,456.63,62.09,163.90,0.5652,-1,-1,-1
695,10,919.52,361.96,132.57,115.18,0.7933,-1,-1,-1
695,49,416.22,207.83,72.52,157.27,0.7701,-1,-1,-1
695,52,325.06,368.78,73.16,159.55,0.7098,-1,-1,-1
695,71,568.93,507.14,59.42,144.58,0.6721,-1,-1,-1
695,73,107.10,303.43,57.79,157.44,0.8092,-1,-1,-1
695,81,189.07,456.96,60.77,165.62,0.6576,-1,-1,-1
695,83,948.10,183.51,61.38,161.63,0.5672,-1,-1,-1
696,10,929.06,360.11,119.02,118.87,0.8524,-1,-1,-1
696,49,406.26,212.94,74.65,152.88,0.7890,-1,-1,-1
696,52,318.11,368.69,74.48,160.74,0.6942,-1,-1,-1
696,71,563.97,506.46,58.47,130.16,0.6242,-1,-1,-1
696,73,100.39,304.80,59.33,159.47,0.7657,-1,-1,-1
696,81,183.97,456.53,60.55,169.70,0.5778,-1,-1,-1
696,83,943.89,185.47,62.20,159.24,0.6906,-1,-1,-1
697,10,934.76,359.71,109.80,124.99,0.8486,-1,-1,-1
697,49,398.70,215.51,73.34,149.69,0.8005,-1,-1,-1
697,52,313.56,370.03,73.75,158.87,0.7879,-1,-1,-1
697,71,561.18,506.94,56.88,124.56,0.5542,-1,-1,-1
697,73,92.48,306.70,62.59,166.55,0.7840,-1,-1,-1
697,83,940.11,175.19,67.21,171.45,0.6511,-1,-1,-1
698,10,925.26,354.79,96.72,134.78,0.8160,-1,-1,-1
698,49,380.65,215.85,73.13,148.71,0.6974,-1,-1,-1
698,52,301.69,370.10,73.98,157.65,0.7481,-1,-1,-1
698,71,552.19,505.44,57.01,124.03,0.5612,-1,-1,-1
698,73,81.48,309.29,62.31,155.80,0.7195,-1,-1,-1
698,83,932.78,189.84,75.68,161.14,0.6893,-1,-1,-1
698,89,811.29,223.50,79.25,217.07,0.7122,-1,-1,-1
699,10,922.90,352.66,98.59,140.98,0.8564,-1,-1,-1
699,49,376.07,216.24,69.12,148.50,0.7682,-1,-1,-1
699,52,298.90,370.05,72.09,157.01,0.7432,-1,-1,-1
699,59,932.37,112.08,72.84,120.90,0.5683,-1,-1,-1
699,71,550.47,503.95,57.43,123.62,0.5537,-1,-1,-1
699,73,78.94,310.17,63.23,151.01,0.7586,-1,-1,-1
699,83,934.54,202.45,77.72,151.46,0.7667,-1,-1,-1
700,10,920.20,352.44,102.94,145.63,0.8656,-1,-1,-1
700,49,370.06,216.19,64.43,149.64,0.7704,-1,-1,-1
700,52,295.46,370.32,73.17,156.95,0.6994,-1,-1,-1
700,71,548.86,504.34,58.08,120.49,0.5608,-1,-1,-1
700,73,75.94,309.62,64.33,148.31,0.8157,-1,-1,-1
700,83,934.16,202.07,76.73,154.72,0.6090,-1,-1,-1
700,93,345.97,163.11,54.55,141.22,0.5543,-1,-1,-1
701,10,918.65,351.82,100.50,148.06,0.8456,-1,-1,-1
701,49,366.49,214.98,57.44,150.52,0.7168,-1,-1,-1
701,52,291.52,370.21,76.10,156.29,0.7239,-1,-1,-1
701,71,547.92,503.64,58.12,120.03,0.6405,-1,-1,-1
701,73,73.31,309.99,63.95,145.37,0.7646,-1,-1,-1
701,89,829.40,310.80,61.12,153.92,0.5853,-1,-1,-1
701,93,341.20,159.72,52.41,145.43,0.6494,-1,-1,-1
702,10,919.36,349.54,94.94,148.39,0.8670,-1,-1,-1
702,49,362.97,212.67,52.79,151.18,0.6555,-1,-1,-1
702,52,289.91,370.14,76.10,154.88,0.6904,-1,-1,-1
702,71,548.59,502.53,56.23,120.72,0.6158,-1,-1,-1
702,73,71.73,310.49,63.59,142.23,0.7430,-1,-1,-1
702,83,931.76,220.50,66.67,140.21,0.5667,-1,-1,-1
702,89,833.33,328.30,64.54,140.08,0.5591,-1,-1,-1
702,93,339.78,155.30,50.36,147.84,0.6147,-1,-1,-1
703,10,922.92,347.05,81.96,147.56,0.7060,-1,-1,-1
703,49,356.78,211.83,47.48,152.19,0.7403,-1,-1,-1
703,52,289.59,369.73,76.71,151.01,0.7796,-1,-1,-1
703,59,922.88,116.83,65.01,127.29,0.6245,-1,-1,-1
703,71,550.05,499.01,51.72,122.54,0.5685,-1,-1,-1
703,73,72.04,312.15,61.26,140.80,0.7460,-1,-1,-1
703,83,923.12,228.60,61.08,133.09,0.5644,-1,-1,-1
703,89,839.76,334.21,58.72,139.30,0.6461,-1,-1,-1
703,93,331.55,155.59,48.55,151.92,0.5726,-1,-1,-1
704,10,927.09,343.71,75.41,149.95,0.6820,-1,-1,-1
704,49,354.22,211.74,46.14,152.34,0.6859,-1,-1,-1
704,52,292.39,369.58,77.06,148.94,0.8228,-1,-1,-1
704,59,919.61,117.71,63.91,128.44,0.7165,-1,-1,-1
704,71,553.55,496.99,47.38,127.08,0.6001,-1,-1,-1
704,73,72.96,312.46,60.43,139.21,0.7569,-1,-1,-1
704,83,920.52,229.95,60.20,135.99,0.5721,-1,-1,-1
704,89,846.88,336.75,60.94,135.34,0.7349,-1,-1,-1
704,93,327.09,159.44,46.52,148.97,0.5995,-1,-1,-1
704,95,819.30,218.97,50.70,154.21,0.6381,-1,-1,-1
705,10,928.90,341.94,72.89,150.01,0.7072,-1,-1,-1
705,52,296.30,369.76,78.62,147.30,0.8646,-1,-1,-1
705,59,916.36,119.87,66.05,127.17,0.7818,-1,-1,-1
705,71,557.16,494.16,42.93,129.94,0.5857,-1,-1,-1
705,73,74.68,313.20,58.85,139.38,0.7653,-1,-1,-1
705,81,166.05,448.53,96.68,168.45,0.5658,-1,-1,-1
705,83,917.20,230.13,61.17,134.87,0.6663,-1,-1,-1
705,89,852.18,337.44,63.64,134.53,0.6248,-1,-1,-1
705,93,325.67,157.02,47.28,150.18,0.6106,-1,-1,-1
705,95,819.82,218.70,49.78,156.10,0.6336,-1,-1,-1
706,10,928.60,341.21,68.51,149.74,0.5700,-1,-1,-1
706,52,299.50,370.25,81.79,146.29,0.8748,-1,-1,-1
706,59,913.20,122.59,68.11,126.52,0.7587,-1,-1,-1
706,71,560.66,491.74,39.92,134.36,0.5678,-1,-1,-1
706,73,77.17,314.43,57.58,138.20,0.8095,-1,-1,-1
706,81,167.13,447.11,99.91,168.08,0.6036,-1,-1,-1
706,83,912.64,229.21,62.18,138.11,0.6530,-1,-1,-1
707,10,921.78,340.78,78.12,148.42,0.7279,-1,-1,-1
707,52,302.56,370.95,87.58,146.61,0.8993,-1,-1,-1
707,59,910.91,125.34,70.30,126.76,0.7703,-1,-1,-1
707,71,563.61,490.25,38.00,136.51,0.6293,-1,-1,-1
707,73,79.35,314.64,56.72,139.26,0.7666,-1,-1,-1
707,83,908.64,230.36,63.99,139.23,0.7588,-1,-1,-1
707,89,860.97,342.83,65.28,140.46,0.6476,-1,-1,-1
707,95,825.27,223.23,43.84,143.70,0.5715,-1,-1,-1
708,52,307.17,371.65,93.16,144.21,0.8754,-1,-1,-1
708,59,918.52,129.47,63.00,125.57,0.5982,-1,-1,-1
708,71,569.37,487.95,37.79,137.81,0.6896,-1,-1,-1
708,73,86.44,316.04,54.14,143.99,0.7657,-1,-1,-1
708,83,903.83,224.93,68.99,144.79,0.7548,-1,-1,-1
708,89,870.62,349.55,57.92,139.98,0.5719,-1,-1,-1
708,95,823.68,223.97,51.69,135.32,0.8213,-1,-1,-1
709,10,911.22,344.71,98.54,145.22,0.5738,-1,-1,-1
709,52,311.14,372.12,93.60,142.87,0.8670,-1,-1,-1
709,59,927.72,132.39,57.23,123.46,0.6689,-1,-1,-1
709,71,573.05,487.86,39.38,135.90,0.6314,-1,-1,-1
709,73,90.12,316.20,56.26,153.23,0.7867,-1,-1,-1
709,83,901.95,226.77,73.92,141.83,0.7568,-1,-1,-1
709,95,823.91,224.76,56.56,137.54,0.7725,-1,-1,-1
710,52,314.96,371.97,93.05,142.39,0.8615,-1,-1,-1
710,59,933.99,134.75,53.12,122.25,0.6509,-1,-1,-1
710,71,575.49,487.60,43.46,135.60,0.6484,-1,-1,-1
710,73,95.25,316.75,57.21,155.81,0.7833,-1,-1,-1
710,83,899.94,223.93,77.87,144.05,0.7294,-1,-1,-1
710,93,307.85,164.03,80.71,158.10,0.5796,-1,-1,-1
710,95,823.26,230.10,64.97,132.41,0.7589,-1,-1,-1
711,52,319.48,370.30,91.63,143.38,0.8692,-1,-1,-1
711,71,576.14,488.46,48.65,133.92,0.6409,-1,-1,-1
711,73,101.89,317.29,52.78,156.24,0.7637,-1,-1,-1
711,83,890.52,227.76,86.32,142.65,0.6025,-1,-1,-1
711,93,307.46,165.28,84.96,174.02,0.6086,-1,-1,-1
711,95,823.18,232.08,72.20,130.62,0.7479,-1,-1,-1
712,52,324.45,369.45,89.97,143.35,0.8558,-1,-1,-1
712,59,948.70,137.45,46.10,120.60,0.6054,-1,-1,-1
712,71,578.41,488.91,52.82,133.30,0.6934,-1,-1,-1
712,73,107.97,317.49,49.45,146.94,0.7401,-1,-1,-1
712,83,892.58,232.10,83.48,139.41,0.6653,-1,-1,-1
712,95,822.71,232.60,76.96,128.99,0.7659,-1,-1,-1
713,52,343.56,366.39,78.68,142.62,0.7922,-1,-1,-1
713,59,956.24,139.59,47.64,118.57,0.6683,-1,-1,-1
713,71,583.85,489.24,59.72,132.53,0.7197,-1,-1,-1
713,73,121.28,317.99,48.41,143.57,0.7622,-1,-1,-1
713,83,890.85,235.88,87.15,140.57,0.6605,-1,-1,-1
713,95,825.00,235.72,86.08,124.74,0.6545,-1,-1,-1
714,49,357.97,207.94,44.39,141.55,0.5610,-1,-1,-1
714,52,355.63,363.54,72.85,144.44,0.8692,-1,-1,-1
714,59,960.51,141.96,50.99,116.55,0.7091,-1,-1,-1
714,71,586.15,489.44,66.45,134.36,0.7247,-1,-1,-1
714,73,129.11,318.01,45.42,143.30,0.7599,-1,-1,-1
714,83,890.38,237.44,91.04,138.65,0.5800,-1,-1,-1
714,95,828.01,237.52,89.51,121.90,0.6899,-1,-1,-1
715,49,359.09,207.47,48.56,137.94,0.6292,-1,-1,-1
715,52,362.64,359.70,71.13,147.58,0.7819,-1,-1,-1
715,59,962.31,145.52,57.92,113.83,0.7305,-1,-1,-1
715,71,589.33,489.34,71.03,134.31,0.7017,-1,-1,-1
715,73,137.35,317.02,44.21,144.02,0.6970,-1,-1,-1
715,95,833.39,239.60,87.44,119.24,0.6720,-1,-1,-1
716,52,369.82,357.95,69.80,148.78,0.7649,-1,-1,-1
716,59,964.65,146.99,66.23,115.50,0.8429,-1,-1,-1
716,71,594.52,489.37,72.28,135.54,0.7292,-1,-1,-1
716,73,144.96,317.25,43.37,139.14,0.6702,-1,-1,-1
716,95,843.11,241.49,81.97,118.85,0.5914,-1,-1,-1
717,49,368.07,206.90,48.87,140.17,0.5522,-1,-1,-1
717,52,377.00,357.37,69.12,150.78,0.6990,-1,-1,-1
717,59,968.06,148.61,74.64,115.26,0.8167,-1,-1,-1
717,71,617.06,488.20,55.35,135.90,0.5949,-1,-1,-1
717,73,152.38,317.40,43.44,139.40,0.6822,-1,-1,-1
717,95,853.11,240.89,77.11,121.20,0.5516,-1,-1,-1
718,49,380.56,206.11,46.73,138.30,0.5846,-1,-1,-1
718,52,393.62,358.05,66.96,149.75,0.6781,-1,-1,-1
718,59,977.34,150.33,80.05,115.75,0.7062,-1,-1,-1
718,71,623.38,487.95,63.17,134.19,0.6098,-1,-1,-1
718,73,166.85,316.07,43.75,139.32,0.6193,-1,-1,-1
719,49,374.95,169.45,56.96,176.31,0.5857,-1,-1,-1
719,52,399.41,359.64,71.15,147.56,0.6984,-1,-1,-1
719,59,983.06,151.17,83.99,117.40,0.6882,-1,-1,-1
719,71,645.73,486.86,48.18,134.70,0.7132,-1,-1,-1
719,73,170.37,315.52,47.99,145.16,0.6533,-1,-1,-1
719,81,238.96,428.86,92.49,161.52,0.5899,-1,-1,-1
720,52,410.17,360.16,72.60,146.39,0.7047,-1,-1,-1
720,59,987.62,152.70,87.61,116.92,0.6575,-1,-1,-1
720,71,661.41,486.74,40.95,134.40,0.7166,-1,-1,-1
720,73,176.27,314.55,47.59,146.66,0.6034,-1,-1,-1
720,97,30.51,413.06,51.47,149.66,0.6047,-1,-1,-1
721,49,389.38,193.43,52.82,150.24,0.5725,-1,-1,-1
721,52,420.78,360.34,72.25,145.47,0.7727,-1,-1,-1
721,59,994.20,150.93,93.40,118.72,0.7240,-1,-1,-1
721,71,674.14,486.96,37.36,134.26,0.7018,-1,-1,-1
721,73,181.68,313.99,47.23,148.06,0.6458,-1,-1,-1
721,81,217.64,427.66,122.90,160.87,0.6477,-1,-1,-1
722,49,394.20,201.10,55.03,143.52,0.6203,-1,-1,-1
722,52,427.65,360.43,73.69,146.44,0.7951,-1,-1,-1
722,59,999.85,152.04,96.30,116.41,0.6891,-1,-1,-1
722,71,681.49,486.67,40.20,136.74,0.7341,-1,-1,-1
722,73,187.79,313.36,49.87,147.95,0.6471,-1,-1,-1
722,97,39.95,411.41,52.97,150.82,0.6070,-1,-1,-1
723,49,404.48,203.72,51.84,141.48,0.6284,-1,-1,-1
723,52,437.59,360.35,74.54,147.31,0.7493,-1,-1,-1
723,59,1027.87,153.56,93.32,115.96,0.5769,-1,-1,-1
723,71,693.29,487.76,50.24,135.89,0.7601,-1,-1,-1
724,49,409.35,202.71,48.70,141.35,0.6933,-1,-1,-1
724,52,442.60,360.57,73.98,145.34,0.7468,-1,-1,-1
724,59,1046.79,152.62,69.42,116.84,0.5792,-1,-1,-1
724,71,698.44,488.36,64.56,135.58,0.7395,-1,-1,-1
724,73,200.48,312.13,56.07,150.37,0.6171,-1,-1,-1
724,81,260.30,427.96,97.26,158.61,0.5985,-1,-1,-1
724,97,51.25,411.78,56.06,149.04,0.6080,-1,-1,-1
724,98,388.00,149.83,38.88,128.09,0.6005,-1,-1,-1
725,49,413.88,204.65,48.36,139.51,0.6865,-1,-1,-1
725,52,447.50,360.06,74.51,146.53,0.8349,-1,-1,-1
725,71,700.92,489.50,74.34,133.67,0.7007,-1,-1,-1
725,73,203.34,311.53,56.57,150.18,0.6537,-1,-1,-1
725,81,268.53,427.89,91.56,158.53,0.6437,-1,-1,-1
725,97,54.08,412.42,56.30,148.62,0.6862,-1,-1,-1
725,98,388.74,150.03,38.98,128.31,0.6713,-1,-1,-1
726,49,416.93,205.90,47.11,139.32,0.6413,-1,-1,-1
726,52,450.42,360.29,75.95,146.62,0.8632,-1,-1,-1
726,59,1068.73,153.17,52.65,118.05,0.6000,-1,-1,-1
726,71,703.46,490.91,81.21,132.58,0.7615,-1,-1,-1
726,73,204.73,311.62,57.25,150.65,0.6792,-1,-1,-1
726,81,272.60,427.10,90.43,159.14,0.6790,-1,-1,-1
726,97,56.71,411.82,55.72,148.86,0.6655,-1,-1,-1
726,98,389.28,149.99,38.66,129.05,0.6484,-1,-1,-1
727,49,418.53,205.66,46.79,138.49,0.6897,-1,-1,-1
727,52,452.91,359.07,75.97,147.37,0.8472,-1,-1,-1
727,59,1075.31,150.69,49.92,120.79,0.6278,-1,-1,-1
727,71,705.48,491.20,83.78,132.92,0.7163,-1,-1,-1
727,73,207.34,311.54,56.27,150.26,0.6772,-1,-1,-1
727,81,275.27,426.94,91.18,159.76,0.6435,-1,-1,-1
727,97,60.27,411.49,52.92,149.41,0.6059,-1,-1,-1
727,98,389.35,150.62,39.05,128.74,0.6548,-1,-1,-1
728,49,418.40,202.97,47.78,134.76,0.6992,-1,-1,-1
728,52,459.36,355.70,71.59,146.45,0.8265,-1,-1,-1
728,71,705.95,489.83,85.82,135.06,0.7034,-1,-1,-1
728,73,214.21,309.34,52.82,148.09,0.7165,-1,-1,-1
728,81,273.65,426.81,93.81,159.80,0.5633,-1,-1,-1
728,98,391.07,150.06,39.07,129.49,0.6532,-1,-1,-1
729,49,419.43,201.19,45.79,136.29,0.6910,-1,-1,-1
729,52,463.85,352.60,67.45,146.18,0.8523,-1,-1,-1
729,71,710.62,489.94,81.48,134.43,0.6826,-1,-1,-1
729,73,212.32,309.83,56.46,150.56,0.7379,-1,-1,-1
729,81,274.07,427.30,93.62,159.67,0.6282,-1,-1,-1
729,98,389.79,150.19,38.41,129.98,0.6157,-1,-1,-1
730,49,419.23,198.72,45.95,136.23,0.7139,-1,-1,-1
730,52,466.93,350.45,64.57,145.16,0.8555,-1,-1,-1
730,59,1090.11,153.71,59.52,118.75,0.5540,-1,-1,-1
730,71,714.54,489.71,76.77,133.89,0.6155,-1,-1,-1
730,73,212.87,309.83,57.02,151.29,0.7297,-1,-1,-1
730,81,275.10,427.31,92.14,159.43,0.5970,-1,-1,-1
730,98,388.01,148.37,38.93,132.14,0.6161,-1,-1,-1
731,49,419.13,196.46,45.81,135.73,0.7168,-1,-1,-1
731,52,469.05,347.82,62.17,146.02,0.8278,-1,-1,-1
731,59,1096.07,152.95,57.07,121.69,0.6845,-1,-1,-1
731,71,734.17,488.78,57.30,133.80,0.6395,-1,-1,-1
731,73,218.10,308.74,52.16,139.17,0.7164,-1,-1,-1
731,81,275.90,427.36,91.64,159.21,0.6166,-1,-1,-1
731,98,385.20,148.97,41.66,132.31,0.6543,-1,-1,-1
731,101,988.36,340.32,66.71,144.55,0.6645,-1,-1,-1
732,49,419.08,194.07,45.86,135.55,0.6922,-1,-1,-1
732,52,472.01,346.08,59.95,145.21,0.8352,-1,-1,-1
732,59,1100.37,155.45,60.71,118.23,0.6612,-1,-1,-1
732,71,744.01,487.38,48.11,134.75,0.6337,-1,-1,-1
732,73,220.98,307.12,49.73,131.82,0.7064,-1,-1,-1
732,81,276.58,427.59,91.44,158.95,0.6086,-1,-1,-1
732,97,66.89,410.29,45.67,150.37,0.5514,-1,-1,-1
732,98,383.47,150.08,43.47,131.34,0.6386,-1,-1,-1
732,101,987.73,340.02,67.71,145.45,0.7222,-1,-1,-1
732,102,1020.67,244.15,71.00,114.42,0.6774,-1,-1,-1
733,49,417.97,191.72,46.99,137.53,0.7010,-1,-1,-1
733,52,473.60,343.99,61.90,143.29,0.8192,-1,-1,-1
733,59,1101.58,156.33,71.90,116.43,0.6900,-1,-1,-1
733,71,750.88,487.77,43.24,134.69,0.7026,-1,-1,-1
733,73,222.60,305.70,49.01,130.77,0.7396,-1,-1,-1
733,81,276.90,427.56,91.30,159.44,0.6981,-1,-1,-1
733,97,66.88,410.00,45.48,150.69,0.5578,-1,-1,-1
733,98,381.47,148.74,44.45,133.50,0.6560,-1,-1,-1
733,101,986.67,340.20,69.34,145.62,0.7403,-1,-1,-1
733,102,1029.03,247.31,50.51,116.62,0.6530,-1,-1,-1
734,49,417.50,190.14,47.25,138.33,0.7103,-1,-1,-1
734,52,474.48,343.00,65.21,141.66,0.7910,-1,-1,-1
734,59,1101.87,158.34,76.66,113.51,0.7074,-1,-1,-1
734,71,756.69,487.00,40.65,135.85,0.7410,-1,-1,-1
734,73,223.27,304.36,50.15,137.54,0.7435,-1,-1,-1
734,81,277.00,427.76,91.18,159.40,0.7070,-1,-1,-1
734,97,66.91,409.74,45.43,150.96,0.5518,-1,-1,-1
734,98,381.20,148.10,43.28,133.75,0.6803,-1,-1,-1
734,101,985.78,340.28,73.10,145.34,0.6362,-1,-1,-1
734,102,1032.75,251.06,42.43,119.01,0.5551,-1,-1,-1
735,49,416.56,189.59,47.81,137.38,0.7276,-1,-1,-1
735,52,475.86,342.11,66.19,140.13,0.7825,-1,-1,-1
735,59,1101.27,158.24,80.05,113.55,0.7264,-1,-1,-1
735,71,759.70,487.65,41.46,134.58,0.7261,-1,-1,-1
735,73,223.77,303.41,50.86,142.72,0.7392,-1,-1,-1
735,81,277.19,428.12,90.86,159.16,0.7162,-1,-1,-1
735,98,381.45,147.95,41.31,132.56,0.6945,-1,-1,-1
735,101,985.30,340.46,72.93,144.82,0.6872,-1,-1,-1
735,102,1033.59,255.84,62.78,133.17,0.6588,-1,-1,-1
736,49,414.99,188.83,48.71,136.79,0.7334,-1,-1,-1
736,52,478.95,342.86,67.31,141.20,0.7418,-1,-1,-1
736,59,1102.45,159.07,80.69,113.63,0.7494,-1,-1,-1
736,71,761.61,486.71,41.93,137.36,0.7346,-1,-1,-1
736,73,223.83,304.26,51.47,141.43,0.7359,-1,-1,-1
736,81,277.22,428.40,90.68,159.00,0.7287,-1,-1,-1
736,97,66.51,409.65,46.12,150.93,0.5574,-1,-1,-1
736,98,381.32,147.65,39.88,130.76,0.6820,-1,-1,-1
736,101,984.92,339.92,73.75,146.01,0.6745,-1,-1,-1
736,102,1036.64,259.96,64.45,143.14,0.7178,-1,-1,-1
736,104,917.79,341.92,52.80,138.30,0.6530,-1,-1,-1
737,49,413.09,188.11,50.35,135.60,0.7269,-1,-1,-1
737,52,481.63,343.70,68.04,142.31,0.7561,-1,-1,-1
737,59,1105.97,155.24,77.50,117.12,0.6120,-1,-1,-1
737,71,763.29,487.37,43.54,135.14,0.7618,-1,-1,-1
737,73,223.90,304.51,51.92,139.18,0.7500,-1,-1,-1
737,81,277.15,428.85,90.61,158.51,0.7405,-1,-1,-1
737,97,66.08,409.73,46.56,150.57,0.5540,-1,-1,-1
737,98,380.71,147.53,38.68,129.33,0.6839,-1,-1,-1
737,101,984.29,339.59,71.42,146.44,0.7131,-1,-1,-1
737,102,1039.91,263.40,61.31,142.48,0.7254,-1,-1,-1
737,104,915.35,337.12,51.35,141.63,0.6049,-1,-1,-1
738,49,412.53,187.03,51.49,135.62,0.7362,-1,-1,-1
738,52,483.22,344.62,68.58,141.96,0.7436,-1,-1,-1
738,59,1113.34,157.81,69.38,114.97,0.6698,-1,-1,-1
738,71,764.61,487.94,47.83,134.45,0.7942,-1,-1,-1
738,73,223.42,304.52,52.77,138.54,0.7785,-1,-1,-1
738,81,277.15,429.05,90.76,158.28,0.7479,-1,-1,-1
738,97,65.31,410.98,46.63,147.62,0.5530,-1,-1,-1
738,98,380.52,146.75,37.87,130.25,0.6456,-1,-1,-1
738,101,984.12,339.23,67.55,147.13,0.7598,-1,-1,-1
738,102,1043.38,266.09,56.06,143.45,0.7089,-1,-1,-1
739,49,410.03,186.10,54.05,136.30,0.7466,-1,-1,-1
739,52,484.17,344.92,69.43,141.72,0.7739,-1,-1,-1
739,59,1131.07,152.55,55.34,117.75,0.6624,-1,-1,-1
739,71,767.65,487.72,50.32,135.12,0.7029,-1,-1,-1
739,73,222.81,304.56,53.86,137.54,0.7771,-1,-1,-1
739,81,277.00,429.22,90.88,158.14,0.7344,-1,-1,-1
739,98,379.93,146.81,35.03,130.29,0.5900,-1,-1,-1
739,101,984.89,339.04,61.81,149.24,0.7571,-1,-1,-1
739,102,1044.57,265.88,53.96,150.99,0.7176,-1,-1,-1
739,104,906.80,334.81,53.92,133.44,0.7125,-1,-1,-1
740,49,409.93,186.01,53.35,137.01,0.7276,-1,-1,-1
740,52,484.88,344.82,69.65,141.95,0.7725,-1,-1,-1
740,59,1140.85,147.65,47.10,123.46,0.6511,-1,-1,-1
740,71,770.03,487.68,49.63,135.26,0.6829,-1,-1,-1
740,73,222.10,304.48,54.90,137.42,0.7931,-1,-1,-1
740,81,276.95,429.30,90.98,158.22,0.7124,-1,-1,-1
740,98,378.48,150.98,34.73,126.02,0.5767,-1,-1,-1
740,101,985.08,338.95,60.76,150.50,0.7568,-1,-1,-1
740,102,1044.24,265.19,53.22,156.56,0.7378,-1,-1,-1
740,104,903.25,332.68,53.95,131.44,0.5905,-1,-1,-1
741,49,409.14,186.81,53.83,133.83,0.7161,-1,-1,-1
741,52,485.69,344.72,69.02,141.01,0.7744,-1,-1,-1
741,59,1145.45,144.48,45.18,128.09,0.6573,-1,-1,-1
741,71,770.68,489.36,51.22,132.47,0.7014,-1,-1,-1
741,73,221.59,304.40,55.19,137.14,0.7982,-1,-1,-1
741,81,276.92,429.64,91.17,157.89,0.6909,-1,-1,-1
741,97,64.02,415.39,46.57,141.96,0.5660,-1,-1,-1
741,98,377.65,150.37,34.05,125.06,0.6184,-1,-1,-1
741,101,985.69,337.25,60.42,153.34,0.7479,-1,-1,-1
741,102,1043.90,262.99,51.78,157.31,0.7521,-1,-1,-1
742,49,410.29,185.63,52.12,137.60,0.7151,-1,-1,-1
742,52,486.40,343.89,68.85,140.54,0.7931,-1,-1,-1
742,59,1148.52,145.14,47.65,129.36,0.6571,-1,-1,-1
742,71,770.39,490.42,53.83,131.12,0.7394,-1,-1,-1
742,73,220.83,304.38,55.47,140.26,0.7892,-1,-1,-1
742,81,276.94,429.67,91.06,157.94,0.7356,-1,-1,-1
742,97,63.77,416.78,46.84,140.93,0.5869,-1,-1,-1
742,98,376.97,148.81,34.21,125.83,0.6092,-1,-1,-1
742,101,985.84,338.29,60.99,152.56,0.7442,-1,-1,-1
742,102,1042.82,260.45,51.57,153.95,0.7277,-1,-1,-1
742,104,895.86,329.04,54.91,130.18,0.5679,-1,-1,-1
743,49,409.93,184.33,51.87,137.32,0.6957,-1,-1,-1
743,52,487.07,343.13,68.07,139.64,0.7941,-1,-1,-1
743,59,1151.45,144.45,48.72,128.17,0.6433,-1,-1,-1
743,71,770.66,491.09,55.08,130.21,0.7247,-1,-1,-1
743,73,219.87,304.33,56.26,142.56,0.7639,-1,-1,-1
743,81,276.85,429.41,91.00,158.18,0.7119,-1,-1,-1
743,98,376.09,148.08,34.32,125.95,0.5810,-1,-1,-1
743,101,985.93,338.71,61.23,152.31,0.7605,-1,-1,-1
743,102,1040.76,258.47,53.50,156.93,0.7234,-1,-1,-1
744,49,407.81,182.58,53.30,136.06,0.7064,-1,-1,-1
744,52,489.68,342.45,65.14,131.69,0.8026,-1,-1,-1
744,59,1153.33,147.67,59.30,125.20,0.7120,-1,-1,-1
744,71,772.20,490.44,57.34,130.66,0.7731,-1,-1,-1
744,73,218.25,304.61,57.54,140.19,0.7399,-1,-1,-1
744,81,277.12,429.89,90.48,157.86,0.7388,-1,-1,-1
744,98,373.42,147.37,36.62,126.56,0.6179,-1,-1,-1
744,101,985.96,339.26,61.11,151.94,0.7660,-1,-1,-1
744,102,1038.12,257.39,56.09,140.78,0.7388,-1,-1,-1
744,104,884.43,329.46,46.50,132.71,0.6502,-1,-1,-1
745,49,407.23,181.67,52.87,134.83,0.7072,-1,-1,-1
745,52,491.78,341.77,62.57,129.40,0.7968,-1,-1,-1
745,59,1156.52,152.66,63.36,120.38,0.6863,-1,-1,-1
745,71,773.34,489.73,59.26,131.91,0.7978,-1,-1,-1
745,73,217.38,305.26,58.29,137.13,0.7352,-1,-1,-1
745,81,277.44,430.32,89.69,157.48,0.7162,-1,-1,-1
745,98,371.61,147.57,38.67,126.70,0.6395,-1,-1,-1
745,101,986.25,339.92,60.20,151.38,0.7694,-1,-1,-1
745,102,1036.45,255.74,58.85,132.60,0.7293,-1,-1,-1
745,104,878.11,331.72,48.07,130.53,0.6227,-1,-1,-1
745,108,907.13,257.80,51.07,110.00,0.6236,-1,-1,-1
746,49,405.65,180.89,53.15,133.11,0.7593,-1,-1,-1
746,52,492.45,341.17,62.33,128.63,0.8156,-1,-1,-1
746,59,1157.76,155.59,66.96,117.72,0.7421,-1,-1,-1
746,71,774.15,489.63,61.89,134.19,0.8334,-1,-1,-1
746,73,216.76,305.89,58.54,135.38,0.7512,-1,-1,-1
746,81,277.97,430.77,88.51,157.20,0.6573,-1,-1,-1
746,98,369.41,148.97,40.78,126.26,0.6266,-1,-1,-1
746,101,986.41,340.82,59.29,150.69,0.7598,-1,-1,-1
746,102,1034.68,253.57,63.19,131.80,0.7540,-1,-1,-1
746,104,869.47,332.62,52.19,129.92,0.6071,-1,-1,-1
746,108,905.26,256.34,50.64,109.33,0.6853,-1,-1,-1
747,49,404.21,180.77,53.27,131.68,0.7998,-1,-1,-1
747,52,492.74,340.53,62.51,128.48,0.8151,-1,-1,-1
747,59,1159.42,157.19,67.53,116.67,0.7384,-1,-1,-1
747,71,774.52,489.98,65.62,133.26,0.8023,-1,-1,-1
747,73,216.50,306.84,58.86,133.74,0.7797,-1,-1,-1
747,81,275.20,432.04,93.56,155.51,0.6348,-1,-1,-1
747,97,63.52,416.54,46.14,146.25,0.5704,-1,-1,-1
747,98,366.65,148.89,41.58,126.04,0.5766,-1,-1,-1
747,101,987.27,341.23,58.46,150.45,0.7529,-1,-1,-1
747,102,1032.99,251.37,64.08,131.57,0.7267,-1,-1,-1
747,104,862.97,336.04,54.04,124.41,0.5989,-1,-1,-1
747,108,904.01,252.11,51.17,122.81,0.7192,-1,-1,-1
748,49,403.20,180.43,52.88,131.57,0.7831,-1,-1,-1
748,52,493.27,339.94,62.24,127.56,0.7952,-1,-1,-1
748,59,1158.73,160.05,69.58,113.85,0.7565,-1,-1,-1
748,71,774.20,490.39,69.77,132.72,0.7863,-1,-1,-1
748,73,216.87,307.96,58.51,132.16,0.7914,-1,-1,-1
748,81,277.49,432.27,90.45,155.72,0.6751,-1,-1,-1
748,97,63.33,413.10,48.54,150.44,0.6088,-1,-1,-1
748,101,988.10,342.60,57.71,149.62,0.7230,-1,-1,-1
748,102,1031.36,248.58,62.49,126.11,0.6897,-1,-1,-1
748,104,857.06,330.34,58.92,131.16,0.6074,-1,-1,-1
748,108,901.30,249.95,53.17,126.34,0.6493,-1,-1,-1
749,49,402.70,179.55,50.72,132.91,0.7611,-1,-1,-1
749,52,494.52,340.05,61.24,125.97,0.7662,-1,-1,-1
749,59,1160.50,160.00,67.65,115.60,0.8003,-1,-1,-1
749,71,775.13,490.83,73.77,131.94,0.7720,-1,-1,-1
749,73,217.88,309.06,57.06,133.29,0.7436,-1,-1,-1
749,97,63.58,415.28,47.32,149.25,0.5937,-1,-1,-1
749,98,361.37,147.45,48.41,130.16,0.5581,-1,-1,-1
749,101,989.60,344.04,55.87,149.93,0.7506,-1,-1,-1
749,102,1030.46,243.79,56.12,119.13,0.6387,-1,-1,-1
749,104,854.84,325.33,57.29,131.50,0.6793,-1,-1,-1
749,108,896.11,247.26,50.11,121.13,0.6498,-1,-1,-1
750,49,402.41,179.54,49.11,132.57,0.7664,-1,-1,-1
750,52,495.74,338.97,60.41,126.28,0.7722,-1,-1,-1
750,59,1161.28,160.21,67.00,115.68,0.8155,-1,-1,-1
750,71,776.17,491.37,75.16,130.82,0.7619,-1,-1,-1
750,73,218.41,309.87,55.77,133.77,0.6863,-1,-1,-1
750,81,283.32,434.56,56.94,156.62,0.5735,-1,-1,-1
750,97,63.49,416.38,47.30,149.76,0.6047,-1,-1,-1
750,98,360.11,146.04,49.74,133.04,0.5744,-1,-1,-1
750,101,990.98,344.86,54.63,150.55,0.7390,-1,-1,-1
750,102,1027.36,241.13,58.74,123.78,0.5972,-1,-1,-1
750,104,854.51,322.35,54.73,130.71,0.6687,-1,-1,-1
750,108,891.82,246.13,50.22,120.46,0.6344,-1,-1,-1
751,49,402.03,179.59,48.77,132.50,0.7752,-1,-1,-1
751,52,496.66,338.87,59.87,126.82,0.7627,-1,-1,-1
751,59,1161.90,158.98,68.93,118.01,0.7574,-1,-1,-1
751,71,777.17,492.59,75.45,130.16,0.7556,-1,-1,-1
751,73,219.64,310.47,54.19,133.15,0.7067,-1,-1,-1
751,81,284.62,436.28,48.72,155.21,0.5728,-1,-1,-1
751,97,63.39,420.71,48.05,146.88,0.6073,-1,-1,-1
751,98,361.19,144.62,49.34,136.33,0.5607,-1,-1,-1
751,101,992.03,346.03,53.58,150.66,0.7101,-1,-1,-1
751,102,1021.57,240.08,65.47,123.46,0.6642,-1,-1,-1
751,104,854.42,319.54,51.10,132.66,0.6390,-1,-1,-1
751,108,888.32,244.43,52.18,120.21,0.6097,-1,-1,-1
752,49,402.30,179.58,48.21,133.62,0.7374,-1,-1,-1
752,52,497.42,339.45,59.54,127.04,0.7311,-1,-1,-1
752,59,1165.94,160.33,65.82,116.25,0.8175,-1,-1,-1
752,71,777.89,493.72,75.97,130.21,0.7473,-1,-1,-1
752,73,219.92,311.28,53.51,133.38,0.7348,-1,-1,-1
752,81,285.97,437.42,47.13,154.93,0.5739,-1,-1,-1
752,97,63.22,421.55,50.39,147.65,0.5547,-1,-1,-1
752,101,993.38,346.99,52.44,150.38,0.6139,-1,-1,-1
752,102,1017.09,240.10,67.51,118.22,0.6446,-1,-1,-1
752,104,853.50,317.35,46.90,134.06,0.5840,-1,-1,-1
753,49,402.85,179.45,47.98,135.22,0.7559,-1,-1,-1
753,52,498.62,340.12,59.06,127.78,0.7081,-1,-1,-1
753,59,1170.71,160.58,63.07,115.99,0.7594,-1,-1,-1
753,71,779.13,494.61,76.11,131.33,0.7260,-1,-1,-1
753,73,217.06,312.00,57.31,148.45,0.6851,-1,-1,-1
753,81,287.35,438.19,47.02,154.43,0.5763,-1,-1,-1
753,98,363.47,144.55,46.62,136.70,0.5918,-1,-1,-1
753,101,994.82,348.25,52.53,149.24,0.6552,-1,-1,-1
753,102,1013.68,239.72,69.61,116.18,0.6731,-1,-1,-1
753,104,852.09,314.03,39.94,134.04,0.6114,-1,-1,-1
754,49,407.86,176.46,45.29,139.63,0.7316,-1,-1,-1
754,52,501.45,340.78,58.43,128.58,0.7752,-1,-1,-1
754,59,1180.04,158.72,61.58,120.22,0.7278,-1,-1,-1
754,71,784.16,494.40,72.23,130.51,0.7202,-1,-1,-1
754,73,218.49,314.09,58.56,151.99,0.7018,-1,-1,-1
754,81,289.80,439.48,75.77,154.30,0.6447,-1,-1,-1
754,97,64.80,420.55,53.58,150.17,0.5616,-1,-1,-1
754,98,367.83,146.11,42.22,139.55,0.7242,-1,-1,-1
754,101,997.58,350.63,54.07,147.04,0.6858,-1,-1,-1
754,102,1012.36,240.83,74.14,113.65,0.7588,-1,-1,-1
755,49,410.10,174.86,43.87,141.11,0.7264,-1,-1,-1
755,52,504.00,340.41,57.95,129.40,0.8066,-1,-1,-1
755,59,1184.59,159.91,60.36,119.15,0.7196,-1,-1,-1
755,71,787.34,495.34,69.25,129.39,0.8194,-1,-1,-1
755,73,219.14,315.65,59.99,152.75,0.7033,-1,-1,-1
755,81,290.81,439.76,84.58,154.58,0.6781,-1,-1,-1
755,97,65.64,418.09,55.21,153.64,0.5694,-1,-1,-1
755,98,370.39,146.16,38.61,138.34,0.6704,-1,-1,-1
755,101,999.04,350.95,55.46,146.66,0.7132,-1,-1,-1
755,102,1012.25,237.63,76.14,117.00,0.7869,-1,-1,-1
756,49,412.15,174.94,42.93,141.72,0.7079,-1,-1,-1
756,52,505.14,339.27,60.18,130.88,0.7976,-1,-1,-1
756,59,1188.24,159.79,61.18,120.99,0.7830,-1,-1,-1
756,71,789.68,496.35,67.30,127.89,0.8431,-1,-1,-1
756,73,220.42,316.76,60.54,150.54,0.6819,-1,-1,-1
756,81,292.23,440.24,90.39,155.03,0.6872,-1,-1,-1
756,98,368.39,152.03,42.82,136.15,0.5557,-1,-1,-1
756,101,1001.38,351.01,55.41,148.81,0.6317,-1,-1,-1
756,102,1010.49,232.07,78.55,121.60,0.7941,-1,-1,-1
757,49,414.14,176.18,42.98,141.03,0.7749,-1,-1,-1
757,52,506.74,340.12,62.46,130.99,0.8155,-1,-1,-1
757,59,1191.65,159.66,59.68,121.38,0.7469,-1,-1,-1
757,71,791.43,497.25,66.15,126.73,0.8425,-1,-1,-1
757,73,221.03,317.47,60.36,151.56,0.6791,-1,-1,-1
757,81,293.89,441.27,95.56,155.27,0.6891,-1,-1,-1
757,98,365.09,151.36,45.48,132.98,0.6316,-1,-1,-1
757,101,1003.63,351.85,56.52,149.43,0.7683,-1,-1,-1
757,102,1009.76,228.98,81.60,122.83,0.6970,-1,-1,-1
757,104,835.62,305.28,52.51,135.36,0.6166,-1,-1,-1
758,49,416.46,177.70,43.76,138.28,0.7638,-1,-1,-1
758,52,508.67,340.79,62.74,131.03,0.8284,-1,-1,-1
758,59,1194.83,159.61,61.59,123.24,0.7596,-1,-1,-1
758,71,793.02,497.92,64.64,126.70,0.7893,-1,-1,-1
758,73,222.10,317.56,58.82,152.22,0.6449,-1,-1,-1
758,81,294.66,441.79,94.98,155.96,0.7068,-1,-1,-1
758,98,363.82,149.59,47.89,132.85,0.6314,-1,-1,-1
758,101,1006.52,352.99,56.83,148.82,0.7877,-1,-1,-1
758,102,1007.61,226.51,84.06,122.53,0.7860,-1,-1,-1
758,104,832.59,305.42,52.74,135.62,0.6142,-1,-1,-1
758,108,864.70,244.49,64.19,119.35,0.5639,-1,-1,-1
759,49,419.35,179.17,46.30,131.92,0.7557,-1,-1,-1
759,52,511.41,341.53,64.49,132.49,0.8340,-1,-1,-1
759,59,1202.98,160.66,60.91,121.83,0.7563,-1,-1,-1
759,71,799.23,499.28,60.35,124.48,0.7081,-1,-1,-1
759,73,225.80,318.26,53.41,133.61,0.7122,-1,-1,-1
759,81,299.06,442.86,91.59,156.37,0.6040,-1,-1,-1
759,98,367.54,152.30,51.99,132.12,0.6617,-1,-1,-1
759,101,1012.08,353.04,58.58,150.83,0.7586,-1,-1,-1
759,102,1009.19,224.16,80.91,118.66,0.6701,-1,-1,-1
759,104,826.86,305.82,59.42,135.90,0.6352,-1,-1,-1
759,108,862.74,242.88,69.68,120.98,0.6394,-1,-1,-1
760,49,420.51,179.81,48.26,127.93,0.7583,-1,-1,-1
760,52,511.63,341.28,66.06,134.17,0.8449,-1,-1,-1
760,59,1205.68,161.10,62.42,121.55,0.6648,-1,-1,-1
760,71,801.70,500.85,57.70,122.41,0.7401,-1,-1,-1
760,73,225.98,318.08,52.67,149.27,0.6999,-1,-1,-1
760,81,301.93,443.24,89.78,156.27,0.6740,-1,-1,-1
760,98,368.98,150.68,54.42,137.37,0.6900,-1,-1,-1
760,101,1014.93,354.27,59.14,150.70,0.7686,-1,-1,-1
760,102,1008.30,215.24,62.05,125.04,0.5512,-1,-1,-1
760,104,822.58,306.42,62.80,135.77,0.6316,-1,-1,-1
760,108,861.85,240.64,69.81,122.60,0.6909,-1,-1,-1
761,49,422.83,179.22,49.54,126.18,0.7208,-1,-1,-1
761,52,511.07,341.51,70.36,135.30,0.8637,-1,-1,-1
761,59,1209.09,158.16,66.14,127.15,0.6555,-1,-1,-1
761,71,804.24,502.58,55.84,121.02,0.7513,-1,-1,-1
761,73,227.80,317.83,51.88,154.84,0.7126,-1,-1,-1
761,81,304.36,443.15,88.98,157.83,0.6931,-1,-1,-1
761,97,75.05,419.26,57.25,156.91,0.6058,-1,-1,-1
761,98,370.78,154.36,57.04,134.98,0.6159,-1,-1,-1
761,101,1020.20,355.53,57.16,149.79,0.7083,-1,-1,-1
761,104,820.07,307.10,66.70,136.51,0.7289,-1,-1,-1
761,108,861.55,238.30,71.53,123.21,0.6964,-1,-1,-1
762,49,425.07,178.21,51.65,125.68,0.7268,-1,-1,-1
762,52,513.26,342.17,72.91,134.77,0.8298,-1,-1,-1
762,59,1210.92,155.73,69.08,129.74,0.6417,-1,-1,-1
762,71,805.64,503.29,56.22,119.99,0.8074,-1,-1,-1
762,73,229.84,317.44,50.33,157.79,0.7117,-1,-1,-1
762,81,304.04,444.37,93.65,158.07,0.6678,-1,-1,-1
762,97,76.79,420.46,57.22,156.38,0.6517,-1,-1,-1
762,98,373.30,154.74,56.04,135.65,0.5968,-1,-1,-1
762,101,1023.87,356.14,55.31,149.60,0.7418,-1,-1,-1
762,104,819.32,307.01,69.95,137.50,0.7445,-1,-1,-1
762,108,860.48,236.95,71.87,124.11,0.7533,-1,-1,-1
763,49,426.37,177.46,54.25,126.01,0.6916,-1,-1,-1
763,52,514.32,343.50,74.92,133.27,0.8236,-1,-1,-1
763,59,1214.33,154.54,65.67,131.20,0.6743,-1,-1,-1
763,71,807.83,505.18,56.08,118.48,0.7871,-1,-1,-1
763,73,231.26,317.07,50.83,157.06,0.6311,-1,-1,-1
763,81,307.10,444.91,92.64,158.81,0.7159,-1,-1,-1
763,97,78.64,419.57,58.49,159.49,0.6853,-1,-1,-1
763,98,375.81,158.40,58.37,133.49,0.6579,-1,-1,-1
763,101,1028.29,356.79,51.35,149.68,0.7317,-1,-1,-1
763,104,820.47,307.42,72.54,138.70,0.7366,-1,-1,-1
763,108,858.85,235.50,74.54,123.23,0.7106,-1,-1,-1
764,49,427.90,176.75,58.20,126.39,0.6823,-1,-1,-1
764,52,518.86,344.91,75.51,133.65,0.8135,-1,-1,-1
764,71,813.16,509.19,55.41,117.22,0.7069,-1,-1,-1
764,73,232.34,317.27,51.48,142.25,0.5882,-1,-1,-1
764,81,311.43,446.47,94.41,160.81,0.6240,-1,-1,-1
764,97,80.74,416.68,59.54,166.08,0.7077,-1,-1,-1
764,98,381.79,154.23,54.78,139.39,0.6822,-1,-1,-1
764,101,1035.10,356.25,45.13,151.25,0.6845,-1,-1,-1
764,102,1005.58,205.05,53.62,130.28,0.6050,-1,-1,-1
764,104,828.92,305.81,71.17,139.77,0.6180,-1,-1,-1
765,49,425.67,177.26,62.65,126.86,0.6210,-1,-1,-1
765,52,520.08,345.06,75.86,134.87,0.8232,-1,-1,-1
765,71,813.99,510.29,55.49,115.49,0.7390,-1,-1,-1
765,73,232.31,317.73,52.49,136.93,0.6120,-1,-1,-1
765,97,82.08,417.19,59.22,166.14,0.7147,-1,-1,-1
765,98,383.92,152.68,49.25,142.07,0.6243,-1,-1,-1
765,101,1038.43,357.78,41.01,149.16,0.7133,-1,-1,-1
765,104,832.49,308.16,63.36,135.87,0.6052,-1,-1,-1
766,49,420.45,177.98,68.98,129.17,0.6302,-1,-1,-1
766,52,521.88,344.52,73.22,136.46,0.8187,-1,-1,-1
766,71,816.25,511.26,54.76,113.41,0.6991,-1,-1,-1
766,73,232.50,317.78,52.50,132.47,0.6518,-1,-1,-1
766,81,318.08,447.10,94.19,162.05,0.6209,-1,-1,-1
766,97,83.73,417.94,58.07,165.32,0.7329,-1,-1,-1
766,98,385.86,151.48,44.93,144.28,0.6103,-1,-1,-1
766,101,1040.50,359.03,41.34,150.67,0.7342,-1,-1,-1
766,102,1001.14,209.05,54.18,124.55,0.6164,-1,-1,-1
766,104,834.60,302.87,57.46,139.29,0.6351,-1,-1,-1
767,49,416.22,178.33,74.38,129.10,0.7157,-1,-1,-1
767,52,524.10,344.02,68.66,137.70,0.8322,-1,-1,-1
767,71,819.13,511.96,53.71,111.59,0.7499,-1,-1,-1
767,73,232.23,317.66,57.16,155.28,0.6225,-1,-1,-1
767,81,320.29,447.53,95.57,163.34,0.6245,-1,-1,-1
767,97,85.21,416.89,58.41,166.59,0.7270,-1,-1,-1
767,98,388.15,153.86,42.68,143.09,0.6169,-1,-1,-1
767,101,1042.16,360.02,43.05,152.88,0.7312,-1,-1,-1
767,102,994.88,211.35,63.11,123.04,0.7197,-1,-1,-1
767,104,836.01,257.21,67.85,181.83,0.7002,-1,-1,-1
768,49,414.45,178.18,77.25,128.02,0.7028,-1,-1,-1
768,52,525.62,343.61,63.28,138.89,0.8229,-1,-1,-1
768,71,819.96,512.14,54.61,110.29,0.7227,-1,-1,-1
768,73,234.24,317.96,54.78,141.38,0.6476,-1,-1,-1
768,81,321.35,447.97,99.12,164.40,0.6002,-1,-1,-1
768,97,86.52,418.80,58.60,164.64,0.7433,-1,-1,-1
768,98,389.76,154.91,43.14,142.74,0.6197,-1,-1,-1
768,101,1043.63,360.99,45.99,153.38,0.7253,-1,-1,-1
768,102,988.95,212.97,72.80,122.17,0.7689,-1,-1,-1
768,104,836.70,241.84,70.45,194.85,0.5918,-1,-1,-1
769,49,417.78,177.06,77.19,133.06,0.7341,-1,-1,-1
769,52,529.29,344.10,54.78,141.59,0.7442,-1,-1,-1
769,71,820.52,515.34,59.68,106.48,0.7127,-1,-1,-1
769,73,237.50,319.45,54.56,134.34,0.7270,-1,-1,-1
769,81,324.47,451.18,99.59,165.98,0.6461,-1,-1,-1
769,97,89.49,418.45,60.27,166.70,0.7652,-1,-1,-1
769,98,395.73,159.81,42.07,139.39,0.6743,-1,-1,-1
769,101,1048.03,363.06,52.30,155.54,0.7327,-1,-1,-1
769,102,988.59,217.53,78.15,117.81,0.6323,-1,-1,-1
770,49,421.90,177.90,73.66,136.02,0.7011,-1,-1,-1
770,52,529.87,343.22,48.49,139.00,0.8250,-1,-1,-1
770,71,821.20,516.62,60.72,106.16,0.6709,-1,-1,-1
770,73,238.51,319.91,53.39,132.85,0.7602,-1,-1,-1
770,81,325.55,452.77,98.67,167.25,0.6346,-1,-1,-1
770,97,90.72,422.34,63.27,162.64,0.7681,-1,-1,-1
770,101,1046.14,364.90,58.85,156.87,0.7478,-1,-1,-1
770,102,988.29,210.49,75.02,124.36,0.6261,-1,-1,-1
771,49,427.26,180.00,70.25,135.28,0.7106,-1,-1,-1
771,52,531.11,342.74,45.86,142.58,0.8465,-1,-1,-1
771,71,821.83,518.41,62.70,103.55,0.7390,-1,-1,-1
771,73,239.77,320.67,53.06,131.44,0.8217,-1,-1,-1
771,81,328.66,454.85,94.59,166.98,0.6619,-1,-1,-1
771,97,93.94,419.96,67.02,165.52,0.7263,-1,-1,-1
771,98,399.78,161.35,41.67,140.72,0.5677,-1,-1,-1
771,101,1044.04,366.53,64.29,157.97,0.7788,-1,-1,-1
771,104,833.55,284.68,74.63,150.19,0.6000,-1,-1,-1
772,49,430.27,181.79,69.47,134.18,0.6286,-1,-1,-1
772,52,531.88,344.12,44.85,141.96,0.7956,-1,-1,-1
772,71,824.44,520.24,62.34,100.91,0.7641,-1,-1,-1
772,73,241.00,321.08,53.30,134.27,0.7817,-1,-1,-1
772,81,330.58,455.63,95.11,167.56,0.7106,-1,-1,-1
772,97,96.34,421.99,71.50,166.60,0.6963,-1,-1,-1
772,98,402.02,162.43,39.77,141.27,0.5569,-1,-1,-1
772,101,1043.38,368.32,68.17,158.66,0.8160,-1,-1,-1
772,102,992.17,219.43,60.29,115.93,0.5738,-1,-1,-1
772,111,807.97,239.62,93.52,101.62,0.5679,-1,-1,-1
773,52,531.80,345.59,45.67,147.55,0.7612,-1,-1,-1
773,71,825.88,523.17,62.69,96.74,0.7794,-1,-1,-1
773,73,243.27,321.69,52.27,136.47,0.7745,-1,-1,-1
773,81,331.51,457.02,98.09,166.25,0.6994,-1,-1,-1
773,97,98.19,422.56,75.77,169.27,0.7827,-1,-1,-1
773,101,1044.96,370.69,70.46,157.91,0.8399,-1,-1,-1
773,102,993.59,211.78,54.29,127.93,0.6984,-1,-1,-1
774,49,437.54,188.08,55.62,131.17,0.5829,-1,-1,-1
774,52,534.82,350.00,47.04,149.38,0.7702,-1,-1,-1
774,71,827.83,527.46,64.62,92.98,0.7808,-1,-1,-1
774,73,247.32,324.02,49.30,143.04,0.6277,-1,-1,-1
774,97,100.76,428.17,77.89,168.35,0.7241,-1,-1,-1
774,101,1051.22,374.00,71.52,156.25,0.8002,-1,-1,-1
774,102,991.72,211.90,56.16,131.46,0.7027,-1,-1,-1
775,49,437.30,189.05,49.33,132.40,0.6284,-1,-1,-1
775,52,535.37,351.51,49.95,150.17,0.7557,-1,-1,-1
775,71,829.90,528.64,64.05,91.76,0.7338,-1,-1,-1
775,73,248.39,325.72,48.94,142.78,0.7381,-1,-1,-1
775,97,103.70,432.15,75.30,164.98,0.7361,-1,-1,-1
775,98,411.32,162.50,37.18,143.01,0.5711,-1,-1,-1
775,101,1054.84,375.27,68.45,155.33,0.8048,-1,-1,-1
775,102,986.20,210.81,60.89,131.81,0.6958,-1,-1,-1
775,104,811.87,242.46,90.63,201.30,0.6728,-1,-1,-1
776,52,536.20,352.18,52.43,152.39,0.7615,-1,-1,-1
776,71,832.65,530.45,62.26,89.36,0.6828,-1,-1,-1
776,73,249.44,326.87,49.15,143.53,0.7452,-1,-1,-1
776,97,105.15,432.83,76.21,163.95,0.7766,-1,-1,-1
776,101,1058.15,376.14,65.36,155.07,0.8314,-1,-1,-1
776,102,980.33,212.03,68.08,130.50,0.7462,-1,-1,-1
777,49,440.73,188.38,42.22,136.69,0.6453,-1,-1,-1
777,52,536.66,351.39,53.62,153.41,0.7082,-1,-1,-1
777,71,833.45,532.54,62.00,87.36,0.7272,-1,-1,-1
777,73,251.12,325.97,48.58,146.38,0.7432,-1,-1,-1
777,97,107.62,434.35,74.40,163.19,0.7875,-1,-1,-1
777,101,1060.66,375.89,62.74,156.11,0.8261,-1,-1,-1
777,102,975.38,212.68,74.65,130.56,0.7071,-1,-1,-1
777,104,815.75,234.89,76.35,212.97,0.6564,-1,-1,-1
778,49,437.92,191.04,44.89,139.44,0.6397,-1,-1,-1
778,52,537.10,352.24,55.24,150.01,0.7308,-1,-1,-1
778,71,833.83,534.75,62.42,85.83,0.6668,-1,-1,-1
778,73,252.89,325.55,48.41,148.91,0.7429,-1,-1,-1
778,97,110.79,432.96,73.43,164.72,0.8104,-1,-1,-1
778,98,417.49,161.60,37.39,146.74,0.5508,-1,-1,-1
778,101,1063.05,376.09,60.37,156.18,0.8333,-1,-1,-1
778,102,974.70,213.15,75.76,131.22,0.6774,-1,-1,-1
778,104,816.64,235.92,74.23,213.23,0.7681,-1,-1,-1
779,52,538.37,350.18,55.66,152.89,0.7536,-1,-1,-1
779,71,836.82,536.83,60.21,84.69,0.6669,-1,-1,-1
779,73,255.70,330.26,47.24,148.25,0.7514,-1,-1,-1
779,97,119.43,426.63,71.56,165.92,0.7613,-1,-1,-1
779,101,1066.00,376.88,59.12,154.66,0.8275,-1,-1,-1
779,102,961.66,217.08,84.41,130.57,0.6332,-1,-1,-1
779,104,812.51,240.86,73.04,207.02,0.6790,-1,-1,-1
780,52,539.19,350.73,55.35,153.52,0.7455,-1,-1,-1
780,73,256.87,333.52,47.98,146.99,0.7803,-1,-1,-1
780,97,127.67,423.05,67.95,167.17,0.7930,-1,-1,-1
780,101,1068.86,378.06,57.50,156.43,0.8189,-1,-1,-1
780,102,973.67,218.56,68.54,131.27,0.6919,-1,-1,-1
780,104,808.48,243.72,75.28,205.52,0.6913,-1,-1,-1
781,49,425.30,171.39,63.23,169.90,0.6534,-1,-1,-1
781,52,540.00,351.46,54.21,150.35,0.7407,-1,-1,-1
781,71,841.26,539.18,57.36,85.05,0.6616,-1,-1,-1
781,73,258.69,334.68,47.99,147.39,0.7950,-1,-1,-1
781,81,347.20,471.85,55.13,157.82,0.5804,-1,-1,-1
781,97,136.55,424.51,64.34,162.84,0.7686,-1,-1,-1
781,101,1071.73,377.87,56.51,159.34,0.8236,-1,-1,-1
781,102,979.68,219.71,58.83,131.84,0.6222,-1,-1,-1
781,104,804.84,245.02,78.45,206.53,0.6070,-1,-1,-1
782,49,424.29,166.37,65.92,176.31,0.7008,-1,-1,-1
782,52,539.76,352.60,54.62,151.27,0.7606,-1,-1,-1
782,71,842.50,539.90,56.35,84.65,0.7013,-1,-1,-1
782,73,259.92,335.40,47.73,148.15,0.7797,-1,-1,-1
782,81,347.84,474.03,52.63,152.95,0.6307,-1,-1,-1
782,97,145.85,419.94,58.73,168.29,0.7515,-1,-1,-1
782,101,1072.52,378.88,57.84,159.45,0.8340,-1,-1,-1
782,102,972.77,220.37,64.89,131.17,0.5560,-1,-1,-1
783,49,425.16,161.60,69.90,181.61,0.7089,-1,-1,-1
783,52,536.96,353.66,57.46,147.91,0.7659,-1,-1,-1
783,71,844.58,540.46,54.40,85.93,0.7563,-1,-1,-1
783,73,260.33,336.22,47.73,148.97,0.7902,-1,-1,-1
783,97,152.36,417.82,56.79,171.45,0.6959,-1,-1,-1
783,101,1068.82,379.80,63.79,160.68,0.8511,-1,-1,-1
783,102,971.97,221.83,66.57,129.94,0.6088,-1,-1,-1
784,49,430.85,159.13,67.46,183.62,0.6174,-1,-1,-1
784,52,526.78,357.16,68.31,143.80,0.8196,-1,-1,-1
784,71,848.07,542.24,51.88,87.01,0.6997,-1,-1,-1
784,73,262.68,338.04,46.89,149.66,0.7809,-1,-1,-1
784,97,159.34,416.88,64.78,174.43,0.7004,-1,-1,-1
784,101,1062.69,382.04,73.59,160.62,0.8387,-1,-1,-1
784,102,970.97,223.67,73.32,128.86,0.6509,-1,-1,-1
784,104,790.89,250.09,83.30,127.27,0.7134,-1,-1,-1
785,49,434.08,159.67,67.18,182.28,0.6797,-1,-1,-1
785,52,521.28,358.62,74.01,141.37,0.8236,-1,-1,-1
785,71,849.73,542.71,48.46,146.30,0.6115,-1,-1,-1
785,73,263.50,339.17,46.69,149.97,0.7731,-1,-1,-1
785,97,164.83,417.12,68.81,176.07,0.7531,-1,-1,-1
785,101,1059.27,383.42,78.16,160.11,0.8420,-1,-1,-1
785,102,969.21,226.99,78.22,127.26,0.5909,-1,-1,-1
785,104,790.89,250.97,80.94,113.42,0.8015,-1,-1,-1
785,113,808.92,321.20,67.15,140.97,0.6243,-1,-1,-1
786,49,437.44,164.35,65.25,180.42,0.6312,-1,-1,-1
786,52,519.22,361.08,76.00,139.41,0.8121,-1,-1,-1
786,71,849.91,542.99,48.36,166.40,0.6014,-1,-1,-1
786,73,264.15,340.17,46.61,150.03,0.7387,-1,-1,-1
786,97,167.67,416.97,72.01,178.24,0.7146,-1,-1,-1
786,101,1058.24,384.06,80.05,160.59,0.8514,-1,-1,-1
786,104,793.10,250.41,77.03,110.32,0.7777,-1,-1,-1
786,113,813.96,322.15,61.79,139.91,0.7542,-1,-1,-1
787,49,439.49,164.21,63.79,182.88,0.6081,-1,-1,-1
787,52,519.51,364.12,77.29,137.39,0.8289,-1,-1,-1
787,71,848.92,543.35,49.14,175.15,0.5583,-1,-1,-1
787,73,264.79,341.30,46.50,149.68,0.7449,-1,-1,-1
787,81,352.31,484.37,108.87,136.97,0.5791,-1,-1,-1
787,97,169.51,425.08,72.69,171.96,0.6111,-1,-1,-1
787,101,1058.45,384.64,79.84,161.87,0.8666,-1,-1,-1
787,104,796.01,248.74,73.66,111.39,0.7989,-1,-1,-1
787,113,811.36,323.81,64.96,138.76,0.7142,-1,-1,-1
788,49,440.85,162.80,62.31,185.22,0.5506,-1,-1,-1
788,52,520.64,365.88,78.08,136.62,0.8052,-1,-1,-1
788,71,840.59,543.86,59.16,176.14,0.6610,-1,-1,-1
788,73,265.29,342.25,47.81,149.37,0.7272,-1,-1,-1
788,97,170.66,424.72,75.54,172.23,0.6369,-1,-1,-1
788,101,1060.05,384.70,78.38,164.22,0.8682,-1,-1,-1
788,104,798.56,246.98,70.06,118.61,0.7895,-1,-1,-1
788,113,811.74,324.29,64.80,139.20,0.7014,-1,-1,-1
789,52,522.29,366.60,76.70,136.28,0.7464,-1,-1,-1
789,71,831.64,545.06,70.95,174.94,0.6992,-1,-1,-1
789,73,266.37,343.29,47.80,147.34,0.6853,-1,-1,-1
789,81,357.37,486.44,111.08,133.26,0.6098,-1,-1,-1
789,97,172.65,420.28,77.57,176.64,0.6535,-1,-1,-1
789,101,1064.35,384.50,76.41,165.49,0.8654,-1,-1,-1
789,104,792.90,246.08,70.73,115.44,0.5978,-1,-1,-1
789,113,814.58,320.46,62.63,142.99,0.6495,-1,-1,-1
790,52,523.04,366.32,72.57,137.87,0.7478,-1,-1,-1
790,71,824.96,545.72,78.66,174.28,0.6419,-1,-1,-1
790,73,267.05,344.08,50.00,146.61,0.6832,-1,-1,-1
790,81,360.37,486.33,109.01,132.41,0.6078,-1,-1,-1
790,97,175.78,414.44,76.84,181.51,0.6821,-1,-1,-1
790,101,1069.72,384.13,72.34,164.69,0.8425,-1,-1,-1
790,104,772.81,245.94,86.85,119.49,0.7277,-1,-1,-1
791,49,445.55,162.69,61.01,186.27,0.6522,-1,-1,-1
791,52,524.02,365.91,67.42,139.35,0.7356,-1,-1,-1
791,71,821.19,547.28,83.08,172.72,0.6732,-1,-1,-1
791,73,267.56,344.91,53.63,147.65,0.7532,-1,-1,-1
791,81,361.17,486.91,108.62,133.81,0.6171,-1,-1,-1
791,97,179.61,415.06,71.50,177.10,0.7076,-1,-1,-1
791,101,1074.33,383.98,69.99,164.06,0.8347,-1,-1,-1
791,104,762.18,246.68,95.52,120.66,0.7422,-1,-1,-1
792,49,447.59,161.62,63.84,186.91,0.6246,-1,-1,-1
792,52,524.89,365.65,63.85,140.96,0.7102,-1,-1,-1
792,71,820.11,548.63,84.76,171.37,0.6707,-1,-1,-1
792,73,268.14,344.67,55.02,149.40,0.7740,-1,-1,-1
792,81,361.38,488.01,109.32,132.60,0.5843,-1,-1,-1
792,97,184.28,412.44,69.88,176.30,0.6818,-1,-1,-1
792,101,1077.07,383.76,68.64,163.59,0.8165,-1,-1,-1
792,104,754.64,247.72,102.72,121.91,0.7101,-1,-1,-1
793,49,449.40,163.03,58.35,185.59,0.6430,-1,-1,-1
793,52,526.82,365.26,59.04,143.10,0.7279,-1,-1,-1
793,71,818.44,549.44,86.10,170.56,0.6982,-1,-1,-1
793,73,269.57,344.30,54.17,150.80,0.7905,-1,-1,-1
793,81,361.89,488.09,108.70,132.48,0.6357,-1,-1,-1
793,97,190.43,409.31,65.29,177.31,0.6562,-1,-1,-1
793,101,1080.08,383.86,66.16,162.71,0.7979,-1,-1,-1
793,104,752.33,248.02,107.82,122.18,0.6824,-1,-1,-1
794,49,451.47,168.47,66.84,181.38,0.7313,-1,-1,-1
794,52,529.70,365.19,55.85,138.10,0.6988,-1,-1,-1
794,71,823.99,550.96,83.56,169.04,0.7471,-1,-1,-1
794,73,271.21,346.49,55.24,149.58,0.7823,-1,-1,-1
794,97,198.74,405.28,59.00,178.81,0.7242,-1,-1,-1
794,101,1085.67,384.39,62.97,160.90,0.7899,-1,-1,-1
794,104,753.64,247.09,107.34,128.50,0.6684,-1,-1,-1
795,49,453.88,170.94,66.03,177.92,0.5716,-1,-1,-1
795,52,530.64,364.66,54.39,137.09,0.7206,-1,-1,-1
795,71,825.85,551.55,83.36,168.45,0.7698,-1,-1,-1
795,73,271.67,349.30,57.47,147.39,0.7967,-1,-1,-1
795,97,204.95,404.55,54.88,176.38,0.7501,-1,-1,-1
795,101,1088.48,384.52,61.57,159.50,0.7809,-1,-1,-1
795,102,939.70,217.33,101.38,151.79,0.7622,-1,-1,-1
795,104,756.56,244.49,106.54,133.75,0.7757,-1,-1,-1
796,49,454.36,173.18,69.51,176.38,0.6554,-1,-1,-1
796,52,531.65,363.94,53.19,138.05,0.7234,-1,-1,-1
796,71,827.72,551.98,82.55,168.02,0.7576,-1,-1,-1
796,73,272.70,348.99,57.87,151.67,0.7467,-1,-1,-1
796,97,209.82,403.10,53.24,176.52,0.7279,-1,-1,-1
796,101,1090.59,384.37,60.89,159.78,0.7628,-1,-1,-1
796,102,961.78,212.30,79.33,157.86,0.5649,-1,-1,-1
796,104,764.91,240.56,102.84,135.23,0.6376,-1,-1,-1
797,49,454.71,171.30,73.86,178.00,0.5819,-1,-1,-1
797,52,532.04,362.94,53.14,137.78,0.7368,-1,-1,-1
797,71,829.52,552.23,81.80,167.77,0.7896,-1,-1,-1
797,73,273.55,348.86,57.95,153.39,0.7477,-1,-1,-1
797,97,212.60,402.20,55.92,176.79,0.7145,-1,-1,-1
797,101,1092.45,384.47,61.07,160.26,0.7855,-1,-1,-1
797,102,980.54,215.50,61.12,154.83,0.6675,-1,-1,-1
797,114,1202.02,189.44,77.74,100.34,0.5613,-1,-1,-1
798,49,454.34,170.80,74.90,177.91,0.5528,-1,-1,-1
798,52,532.54,361.38,53.11,137.36,0.7207,-1,-1,-1
798,71,831.02,552.41,81.23,167.59,0.7944,-1,-1,-1
798,73,274.61,349.07,56.94,153.77,0.7311,-1,-1,-1
798,97,214.81,401.99,60.20,175.71,0.6975,-1,-1,-1
798,101,1092.45,384.34,63.90,162.06,0.8166,-1,-1,-1
798,102,981.68,209.79,60.95,160.65,0.6952,-1,-1,-1
799,49,455.53,166.67,80.18,173.14,0.5886,-1,-1,-1
799,52,530.93,361.60,55.53,147.41,0.6781,-1,-1,-1
799,71,833.08,553.32,81.07,166.68,0.7546,-1,-1,-1
799,73,274.65,349.38,56.88,152.50,0.7474,-1,-1,-1
799,97,217.65,401.02,72.97,176.36,0.7635,-1,-1,-1
799,101,1093.92,383.94,65.49,161.03,0.8293,-1,-1,-1
799,102,989.54,194.99,55.48,176.41,0.7016,-1,-1,-1
799,114,1170.42,167.30,109.45,118.64,0.6817,-1,-1,-1
800,52,529.33,362.61,57.94,149.68,0.6628,-1,-1,-1
800,71,834.87,553.66,80.54,166.34,0.7462,-1,-1,-1
800,73,274.95,350.42,54.87,144.12,0.6359,-1,-1,-1
800,81,384.92,495.65,96.77,180.80,0.5733,-1,-1,-1
800,97,218.22,401.26,78.89,176.80,0.6815,-1,-1,-1
800,101,1093.51,383.83,67.89,162.36,0.8203,-1,-1,-1
800,102,990.89,184.79,60.62,187.61,0.6860,-1,-1,-1
801,52,527.66,364.02,60.12,137.15,0.6703,-1,-1,-1
801,71,837.61,554.60,77.68,165.40,0.7416,-1,-1,-1
801,73,276.77,351.37,50.85,139.85,0.6523,-1,-1,-1
801,97,218.43,402.18,83.47,177.01,0.7145,-1,-1,-1
801,101,1093.66,384.94,70.01,162.98,0.8187,-1,-1,-1
801,102,992.51,169.87,57.65,201.70,0.6157,-1,-1,-1
802,49,462.85,167.01,82.35,163.53,0.5660,-1,-1,-1
802,52,526.22,365.17,60.78,138.45,0.7323,-1,-1,-1
802,71,841.13,556.68,73.39,163.32,0.7280,-1,-1,-1
802,73,280.09,355.51,45.69,137.21,0.5760,-1,-1,-1
802,97,220.73,403.56,85.47,177.68,0.7247,-1,-1,-1
802,101,1095.42,386.79,69.78,163.84,0.8260,-1,-1,-1
803,49,465.03,174.44,82.26,162.62,0.5700,-1,-1,-1
803,52,523.25,367.97,62.79,144.47,0.7198,-1,-1,-1
803,71,843.29,558.47,71.28,161.53,0.7163,-1,-1,-1
803,81,387.03,504.17,98.32,182.59,0.6080,-1,-1,-1
803,97,223.18,403.20,86.31,179.57,0.6912,-1,-1,-1
803,101,1096.21,389.59,70.63,164.43,0.8299,-1,-1,-1
804,49,469.65,179.92,82.31,169.29,0.6585,-1,-1,-1
804,52,517.84,377.62,65.93,145.13,0.7141,-1,-1,-1
804,71,844.29,565.68,70.99,154.32,0.5876,-1,-1,-1
804,97,229.93,410.10,80.79,174.92,0.6706,-1,-1,-1
804,101,1099.58,395.07,70.19,167.15,0.8170,-1,-1,-1
805,52,511.95,382.57,71.02,146.58,0.7786,-1,-1,-1
805,81,398.52,516.98,88.03,182.00,0.7076,-1,-1,-1
805,97,237.41,419.03,74.09,165.23,0.5776,-1,-1,-1
805,101,1102.49,399.16,68.30,168.95,0.8269,-1,-1,-1
806,49,477.88,196.26,80.39,166.68,0.5511,-1,-1,-1
806,52,506.80,389.85,77.15,148.17,0.7345,-1,-1,-1
806,81,398.13,522.49,90.02,182.38,0.7235,-1,-1,-1
806,101,1105.69,405.06,67.18,170.83,0.7957,-1,-1,-1
807,97,258.24,411.28,86.12,179.24,0.5652,-1,-1,-1
807,101,1109.43,409.93,64.83,170.22,0.7995,-1,-1,-1
807,114,1086.18,167.58,103.96,137.92,0.6424,-1,-1,-1
808,52,499.11,405.27,85.97,145.41,0.7524,-1,-1,-1
808,97,272.18,414.09,63.76,181.11,0.5807,-1,-1,-1
808,101,1113.87,416.34,62.69,170.95,0.7900,-1,-1,-1
809,49,489.72,241.00,75.82,149.60,0.6110,-1,-1,-1
809,52,492.55,423.80,95.57,146.25,0.8128,-1,-1,-1
809,101,1124.71,434.43,59.00,173.20,0.7993,-1,-1,-1
810,49,489.75,256.96,83.89,143.86,0.5947,-1,-1,-1
810,52,490.65,433.51,98.28,146.45,0.8081,-1,-1,-1
810,97,295.00,429.93,84.31,178.51,0.7324,-1,-1,-1
810,101,1131.78,443.62,56.92,172.52,0.7902,-1,-1,-1
811,49,489.26,245.88,96.09,166.51,0.7231,-1,-1,-1
811,52,491.58,443.32,98.61,146.17,0.7782,-1,-1,-1
811,97,302.28,438.52,93.83,176.15,0.7277,-1,-1,-1
811,101,1137.65,454.41,55.62,172.04,0.7659,-1,-1,-1
811,102,994.85,264.16,54.13,156.14,0.5687,-1,-1,-1
811,116,903.29,279.89,84.65,147.07,0.7384,-1,-1,-1
812,49,491.24,253.43,107.57,171.03,0.6649,-1,-1,-1
812,52,493.46,453.78,98.37,146.84,0.8015,-1,-1,-1
812,97,309.83,453.79,101.76,164.70,0.5942,-1,-1,-1
812,101,1140.35,465.10,58.47,175.16,0.7635,-1,-1,-1
812,102,996.00,251.07,56.53,183.99,0.5757,-1,-1,-1
812,116,912.72,292.99,85.90,146.65,0.5887,-1,-1,-1
813,49,499.55,255.44,109.01,177.72,0.8003,-1,-1,-1
813,52,496.88,464.95,96.49,144.26,0.7732,-1,-1,-1
813,97,315.93,463.91,107.04,158.55,0.8385,-1,-1,-1
813,101,1146.21,474.61,57.76,177.76,0.7463,-1,-1,-1
813,113,832.93,418.18,52.55,148.26,0.5799,-1,-1,-1
814,49,515.52,275.22,105.23,176.01,0.8056,-1,-1,-1
814,52,501.73,486.69,97.12,137.40,0.7763,-1,-1,-1
814,97,328.09,487.42,109.78,140.48,0.6755,-1,-1,-1
814,101,1165.56,497.17,52.49,177.55,0.7491,-1,-1,-1
814,113,841.10,439.62,54.41,148.61,0.7223,-1,-1,-1
815,49,523.58,286.60,103.33,172.49,0.8515,-1,-1,-1
815,52,502.11,496.58,99.98,126.79,0.7851,-1,-1,-1
815,97,334.81,500.48,115.71,125.63,0.7117,-1,-1,-1
815,101,1176.60,508.23,50.37,177.97,0.7806,-1,-1,-1
815,102,1007.54,333.32,61.61,155.71,0.5818,-1,-1,-1
815,113,844.04,450.45,56.73,149.47,0.7028,-1,-1,-1
816,49,530.41,293.15,102.05,174.53,0.8545,-1,-1,-1
816,52,507.79,505.33,99.97,118.18,0.7981,-1,-1,-1
816,101,1187.06,518.91,49.52,176.35,0.7468,-1,-1,-1
816,113,848.91,460.24,56.73,152.03,0.6946,-1,-1,-1
817,49,536.85,326.47,101.19,148.08,0.7009,-1,-1,-1
817,101,1196.06,528.45,51.85,175.64,0.7962,-1,-1,-1
817,113,852.42,470.10,60.12,148.67,0.7366,-1,-1,-1
818,49,544.37,322.99,98.81,157.69,0.8010,-1,-1,-1
818,101,1206.66,537.31,53.77,174.40,0.7874,-1,-1,-1
818,102,1022.07,290.66,78.42,227.75,0.6082,-1,-1,-1
818,113,856.97,476.03,61.24,145.96,0.7685,-1,-1,-1
819,49,560.79,329.52,93.53,161.54,0.8668,-1,-1,-1
819,101,1226.74,552.63,53.26,167.37,0.7329,-1,-1,-1
819,102,1044.23,292.85,75.00,240.38,0.6048,-1,-1,-1
819,113,868.82,488.77,56.27,139.20,0.7666,-1,-1,-1
820,49,569.82,342.67,89.78,151.74,0.7965,-1,-1,-1
820,52,548.31,550.93,86.64,163.12,0.6881,-1,-1,-1
820,101,1240.76,560.38,39.24,159.62,0.6249,-1,-1,-1
820,102,1055.28,307.91,75.29,230.98,0.6179,-1,-1,-1
820,113,873.49,493.96,54.63,130.64,0.7905,-1,-1,-1
821,49,576.28,349.50,87.27,148.02,0.7694,-1,-1,-1
821,102,1063.27,347.93,77.81,194.21,0.6830,-1,-1,-1
821,113,877.60,496.24,52.16,124.72,0.7235,-1,-1,-1
822,49,583.38,353.79,87.13,147.49,0.7892,-1,-1,-1
822,52,569.88,563.01,74.01,156.99,0.5571,-1,-1,-1
822,102,1073.52,363.69,85.69,181.94,0.6301,-1,-1,-1
822,113,883.09,502.02,51.66,120.10,0.7003,-1,-1,-1
823,49,588.94,355.95,88.46,147.36,0.8180,-1,-1,-1
823,102,1086.37,378.97,93.65,169.35,0.6836,-1,-1,-1
823,113,887.81,506.72,54.95,113.51,0.7723,-1,-1,-1
824,49,599.53,340.26,96.57,164.41,0.8127,-1,-1,-1
824,113,892.94,512.22,60.73,107.59,0.7557,-1,-1,-1
824,114,1021.14,258.35,103.05,196.30,0.7016,-1,-1,-1
825,49,605.49,333.66,101.75,170.56,0.8643,-1,-1,-1
825,102,1119.94,376.11,86.76,176.76,0.5951,-1,-1,-1
825,113,892.58,514.43,63.52,105.46,0.7551,-1,-1,-1
825,114,1021.11,253.66,106.91,202.43,0.7408,-1,-1,-1
826,49,612.55,332.04,107.48,172.89,0.7893,-1,-1,-1
826,73,325.67,537.00,94.98,173.45,0.5885,-1,-1,-1
826,102,1130.60,372.84,100.94,181.93,0.6947,-1,-1,-1
826,113,895.89,515.17,65.89,104.71,0.7583,-1,-1,-1
826,114,1025.09,278.53,99.42,177.79,0.6304,-1,-1,-1
827,49,618.45,330.00,111.82,175.38,0.8261,-1,-1,-1
827,52,606.78,565.32,76.32,154.60,0.5523,-1,-1,-1
827,73,328.83,534.99,93.44,176.40,0.6502,-1,-1,-1
827,102,1138.84,371.35,104.15,185.56,0.6828,-1,-1,-1
827,113,900.42,516.77,65.79,103.50,0.6943,-1,-1,-1
828,49,624.86,330.26,113.18,175.33,0.8130,-1,-1,-1
828,52,614.59,564.94,74.11,155.06,0.6610,-1,-1,-1
828,73,332.49,534.09,90.75,177.53,0.6682,-1,-1,-1
828,102,1146.41,370.59,102.76,187.79,0.6663,-1,-1,-1
828,113,905.90,517.49,64.63,103.20,0.6403,-1,-1,-1
828,114,1041.22,293.66,88.08,158.55,0.6650,-1,-1,-1
829,49,635.21,329.63,116.30,177.68,0.8221,-1,-1,-1
829,73,338.47,534.46,100.69,174.55,0.6314,-1,-1,-1
829,102,1160.99,371.39,111.09,190.15,0.7542,-1,-1,-1
829,113,915.21,520.30,58.86,102.13,0.6284,-1,-1,-1
829,114,1060.02,291.25,79.95,155.16,0.6265,-1,-1,-1
829,120,315.42,346.57,57.75,156.66,0.5530,-1,-1,-1
830,49,640.82,323.45,117.63,184.33,0.8042,-1,-1,-1
830,73,335.71,533.25,99.56,175.09,0.7082,-1,-1,-1
830,102,1166.72,371.20,112.77,191.45,0.8004,-1,-1,-1
830,114,1068.25,289.70,76.42,154.83,0.6329,-1,-1,-1
830,120,318.64,346.35,58.58,157.20,0.5758,-1,-1,-1
831,49,645.97,322.92,119.47,185.01,0.8387,-1,-1,-1
831,73,332.14,533.73,103.40,175.02,0.7067,-1,-1,-1
831,102,1171.13,373.30,108.87,188.23,0.7604,-1,-1,-1
831,113,887.23,521.50,85.80,102.10,0.7539,-1,-1,-1
831,120,320.82,341.39,60.30,164.72,0.5925,-1,-1,-1
832,49,650.41,322.12,121.76,185.64,0.8011,-1,-1,-1
832,73,328.65,536.99,108.74,173.28,0.6287,-1,-1,-1
832,113,884.13,520.30,90.02,103.56,0.8018,-1,-1,-1
833,49,653.88,323.74,123.95,184.46,0.7137,-1,-1,-1
833,113,887.58,517.74,87.02,105.97,0.8169,-1,-1,-1
834,49,662.43,319.74,121.63,186.37,0.7933,-1,-1,-1
834,73,327.56,536.70,109.75,175.17,0.5986,-1,-1,-1
834,113,893.65,509.87,84.19,114.02,0.7927,-1,-1,-1
834,120,326.39,340.77,58.13,161.98,0.6032,-1,-1,-1
835,49,666.45,332.94,115.83,171.25,0.7351,-1,-1,-1
835,73,325.52,536.13,114.26,175.60,0.5806,-1,-1,-1
835,113,895.63,503.55,81.84,119.77,0.7035,-1,-1,-1
835,120,327.57,339.27,56.35,162.12,0.6179,-1,-1,-1
836,49,670.10,333.45,115.62,166.77,0.7361,-1,-1,-1
836,113,897.41,498.58,79.15,124.42,0.7058,-1,-1,-1
836,120,325.40,321.86,61.47,179.31,0.6433,-1,-1,-1
837,49,673.17,337.99,114.38,159.63,0.8009,-1,-1,-1
837,73,325.19,528.23,120.50,183.17,0.6041,-1,-1,-1
837,113,898.57,494.28,75.72,128.56,0.6922,-1,-1,-1
837,120,323.27,317.46,62.44,183.35,0.6186,-1,-1,-1
838,49,679.88,336.51,107.08,158.97,0.7952,-1,-1,-1
838,113,886.65,489.57,86.56,131.75,0.7575,-1,-1,-1
838,120,321.28,314.83,63.86,185.31,0.6004,-1,-1,-1
839,49,702.53,334.66,85.88,159.82,0.7952,-1,-1,-1
839,113,888.13,483.44,77.90,135.99,0.7804,-1,-1,-1
839,120,313.88,320.80,63.66,179.34,0.6186,-1,-1,-1
839,122,767.43,303.69,63.16,165.06,0.6618,-1,-1,-1
840,49,714.27,341.61,77.27,153.46,0.7921,-1,-1,-1
840,113,880.80,480.43,78.74,139.63,0.7574,-1,-1,-1
840,120,309.35,325.59,64.68,175.43,0.6593,-1,-1,-1
840,122,774.99,297.48,57.19,169.15,0.6771,-1,-1,-1
841,49,718.09,346.29,78.53,148.06,0.5765,-1,-1,-1
841,113,877.89,478.25,76.08,141.22,0.7360,-1,-1,-1
841,120,308.03,325.07,63.50,175.25,0.6570,-1,-1,-1
841,122,778.32,297.57,56.34,167.27,0.5593,-1,-1,-1
841,123,1124.45,237.66,68.79,180.87,0.5668,-1,-1,-1
842,113,872.43,476.62,77.51,144.81,0.7247,-1,-1,-1
842,120,306.51,323.18,63.14,176.40,0.6517,-1,-1,-1
842,122,781.10,295.35,57.99,169.52,0.6188,-1,-1,-1
842,123,1128.31,238.13,67.22,178.51,0.6039,-1,-1,-1
843,113,858.76,476.67,82.32,143.95,0.7364,-1,-1,-1
843,120,305.72,319.97,63.95,180.02,0.6697,-1,-1,-1
843,122,780.59,288.99,63.65,177.58,0.6386,-1,-1,-1
844,49,720.45,344.29,110.67,140.60,0.6225,-1,-1,-1
844,113,833.90,479.87,95.72,138.85,0.7800,-1,-1,-1
844,120,298.49,318.09,65.48,181.65,0.6375,-1,-1,-1
844,122,785.68,283.13,68.27,198.74,0.6375,-1,-1,-1
844,123,1139.86,228.52,67.01,185.49,0.7122,-1,-1,-1
845,49,717.46,342.75,123.04,145.04,0.7449,-1,-1,-1
845,113,844.98,483.05,77.01,135.24,0.7192,-1,-1,-1
845,120,295.89,317.38,62.22,178.27,0.6658,-1,-1,-1
845,122,793.30,280.27,68.55,205.08,0.6265,-1,-1,-1
845,123,1142.34,221.28,68.10,191.51,0.6958,-1,-1,-1
846,49,715.71,340.51,131.86,150.04,0.8124,-1,-1,-1
846,113,825.23,485.03,91.32,134.00,0.5923,-1,-1,-1
846,120,294.23,315.08,63.94,180.92,0.6173,-1,-1,-1
846,122,799.35,278.16,69.40,193.54,0.6549,-1,-1,-1
846,123,1144.84,220.49,67.69,191.04,0.6307,-1,-1,-1
847,49,719.19,340.93,134.40,148.94,0.7594,-1,-1,-1
847,52,613.66,533.09,121.99,186.19,0.6363,-1,-1,-1
847,113,812.49,480.43,98.72,139.63,0.6375,-1,-1,-1
847,120,291.21,312.83,64.05,181.32,0.6069,-1,-1,-1
847,122,806.70,276.68,68.82,186.40,0.6481,-1,-1,-1
847,123,1148.48,221.15,65.18,189.08,0.5933,-1,-1,-1
848,49,721.23,342.20,138.38,149.19,0.7184,-1,-1,-1
848,113,802.20,478.29,97.94,141.73,0.6458,-1,-1,-1
848,120,287.10,309.54,65.75,184.08,0.5759,-1,-1,-1
848,122,817.15,275.83,65.98,186.52,0.7005,-1,-1,-1
848,123,1151.08,218.17,64.64,191.09,0.5676,-1,-1,-1
848,125,393.26,514.37,88.98,201.18,0.5777,-1,-1,-1
849,49,724.01,340.64,135.32,138.24,0.7556,-1,-1,-1
849,113,790.66,469.88,95.60,150.21,0.6940,-1,-1,-1
849,122,829.34,284.56,78.38,181.02,0.7583,-1,-1,-1
849,123,1154.05,212.59,67.01,194.55,0.6585,-1,-1,-1
849,125,394.03,515.37,86.98,201.49,0.5893,-1,-1,-1
850,49,731.78,334.95,126.87,141.14,0.7342,-1,-1,-1
850,52,613.21,510.29,94.66,199.09,0.6298,-1,-1,-1
850,113,801.07,466.34,73.05,154.15,0.7212,-1,-1,-1
850,122,837.09,289.80,90.37,180.52,0.7646,-1,-1,-1
850,123,1155.96,211.23,68.34,194.73,0.6225,-1,-1,-1
851,49,739.62,330.44,122.06,146.76,0.7746,-1,-1,-1
851,52,611.57,503.71,88.07,200.22,0.7818,-1,-1,-1
851,113,805.13,461.95,59.18,157.57,0.5988,-1,-1,-1
851,120,279.35,307.04,65.39,186.40,0.5984,-1,-1,-1
851,122,845.26,289.12,100.24,183.35,0.8081,-1,-1,-1
851,123,1156.92,213.78,76.16,191.22,0.6757,-1,-1,-1
852,120,276.85,301.96,66.35,192.73,0.5915,-1,-1,-1
852,122,850.38,297.03,110.54,176.79,0.7907,-1,-1,-1
852,123,1155.77,214.40,82.96,188.64,0.6596,-1,-1,-1
853,113,760.58,424.51,96.86,194.41,0.7485,-1,-1,-1
853,122,854.10,304.24,119.84,170.03,0.8233,-1,-1,-1
853,123,1152.17,215.44,88.23,186.27,0.5981,-1,-1,-1
854,49,798.68,307.22,85.17,181.63,0.6634,-1,-1,-1
854,52,590.63,471.00,105.85,162.02,0.5999,-1,-1,-1
854,113,745.69,398.52,95.25,218.15,0.6891,-1,-1,-1
854,120,267.01,296.13,73.43,197.54,0.5977,-1,-1,-1
854,122,850.55,306.19,138.16,178.63,0.8493,-1,-1,-1
854,123,1148.60,219.70,96.97,179.52,0.6151,-1,-1,-1
855,49,813.97,301.47,72.38,188.36,0.6689,-1,-1,-1
855,52,603.02,453.44,94.30,163.71,0.5571,-1,-1,-1
855,113,738.47,390.07,90.71,227.49,0.7192,-1,-1,-1
855,122,846.61,300.90,149.50,188.74,0.8614,-1,-1,-1
855,123,1147.25,224.82,102.40,174.04,0.6778,-1,-1,-1
855,125,340.35,506.15,122.57,206.31,0.6209,-1,-1,-1
856,49,822.91,296.07,68.30,189.94,0.6491,-1,-1,-1
856,52,604.85,428.20,96.99,186.13,0.7986,-1,-1,-1
856,113,734.46,391.63,97.17,225.71,0.5890,-1,-1,-1
856,122,845.82,303.64,154.33,181.83,0.7832,-1,-1,-1
856,123,1147.94,225.76,106.93,172.25,0.5995,-1,-1,-1
856,125,339.59,504.69,125.60,207.38,0.7205,-1,-1,-1
857,49,823.48,292.78,72.92,194.10,0.7721,-1,-1,-1
857,52,604.41,409.81,104.53,200.34,0.8260,-1,-1,-1
857,113,723.49,371.99,101.58,241.17,0.6449,-1,-1,-1
857,122,850.86,306.22,153.01,173.75,0.6612,-1,-1,-1
857,125,343.99,505.18,124.35,206.68,0.6444,-1,-1,-1
858,49,831.12,291.42,72.23,195.40,0.7770,-1,-1,-1
858,52,603.61,393.50,112.23,218.57,0.8435,-1,-1,-1
858,113,712.99,360.23,94.84,243.91,0.7175,-1,-1,-1
858,125,350.18,507.95,121.69,205.51,0.6578,-1,-1,-1
858,126,0.00,416.66,76.73,200.33,0.5747,-1,-1,-1
859,49,837.04,292.17,77.32,194.96,0.7738,-1,-1,-1
859,52,599.43,379.56,122.40,233.65,0.8315,-1,-1,-1
859,113,703.29,359.47,88.37,234.07,0.8036,-1,-1,-1
859,120,260.03,273.82,79.11,208.13,0.5513,-1,-1,-1
859,122,887.79,304.84,148.93,167.96,0.7680,-1,-1,-1
859,125,360.92,514.43,147.56,203.42,0.5712,-1,-1,-1
859,126,0.00,416.68,69.38,194.53,0.6414,-1,-1,-1
860,49,841.42,290.19,78.50,198.15,0.8221,-1,-1,-1
860,52,598.46,372.25,125.60,240.89,0.8203,-1,-1,-1
860,113,695.91,362.18,83.91,224.18,0.7629,-1,-1,-1
860,120,259.00,270.56,78.48,209.23,0.5666,-1,-1,-1
860,122,905.45,306.96,147.50,163.00,0.7878,-1,-1,-1
860,126,0.00,420.65,66.31,186.32,0.5970,-1,-1,-1
861,49,842.93,292.90,81.87,197.17,0.8393,-1,-1,-1
861,52,595.49,365.77,121.20,241.07,0.8418,-1,-1,-1
861,113,682.25,327.83,89.32,252.38,0.7807,-1,-1,-1
861,120,258.27,278.98,77.62,200.38,0.5538,-1,-1,-1
861,122,944.07,307.76,121.59,160.44,0.7810,-1,-1,-1
862,49,844.14,297.20,85.62,194.76,0.8695,-1,-1,-1
862,52,594.02,360.59,114.53,236.04,0.7748,-1,-1,-1
862,113,672.84,318.73,90.49,259.70,0.7818,-1,-1,-1
862,122,956.48,306.73,120.40,158.82,0.8176,-1,-1,-1
863,49,844.05,301.16,95.26,193.27,0.8937,-1,-1,-1
863,52,586.61,353.27,121.74,238.14,0.7256,-1,-1,-1
863,113,660.61,309.66,95.23,266.13,0.8122,-1,-1,-1
863,122,961.52,303.43,127.46,161.85,0.8570,-1,-1,-1
864,49,842.46,302.96,116.12,192.18,0.8820,-1,-1,-1
864,52,579.13,340.71,106.28,243.58,0.7822,-1,-1,-1
864,113,647.04,328.17,97.51,241.19,0.7841,-1,-1,-1
864,122,968.65,300.15,144.55,164.15,0.8567,-1,-1,-1
865,49,840.77,304.22,129.49,191.40,0.8800,-1,-1,-1
865,52,575.69,334.59,92.74,233.15,0.8186,-1,-1,-1
865,113,635.06,327.11,105.50,239.87,0.7865,-1,-1,-1
865,122,975.37,296.52,154.47,169.80,0.8405,-1,-1,-1
866,49,839.11,301.87,136.12,193.58,0.8699,-1,-1,-1
866,52,571.27,330.37,93.69,228.38,0.8445,-1,-1,-1
866,113,627.41,334.81,108.51,230.25,0.8288,-1,-1,-1
866,120,261.27,284.96,69.48,184.64,0.5641,-1,-1,-1
866,122,980.88,292.62,162.82,181.87,0.8816,-1,-1,-1
867,49,838.42,298.66,141.31,194.80,0.8934,-1,-1,-1
867,52,566.78,327.87,93.02,222.65,0.8213,-1,-1,-1
867,113,616.68,341.69,115.34,220.84,0.8450,-1,-1,-1
867,120,262.67,284.30,68.09,181.40,0.5744,-1,-1,-1
867,122,988.17,292.52,165.84,185.48,0.8748,-1,-1,-1
868,49,839.99,295.85,146.19,195.41,0.9000,-1,-1,-1
868,52,560.81,325.81,92.86,220.05,0.8346,-1,-1,-1
868,113,611.23,347.10,113.98,212.33,0.8201,-1,-1,-1
868,120,262.83,280.58,68.79,179.16,0.6276,-1,-1,-1
868,122,995.15,292.12,168.47,187.52,0.8602,-1,-1,-1
868,128,1222.62,147.61,56.88,225.53,0.6014,-1,-1,-1
869,49,852.19,295.17,145.10,190.26,0.8904,-1,-1,-1
869,52,551.54,322.32,91.42,212.37,0.8378,-1,-1,-1
869,113,607.58,362.20,104.28,190.18,0.8060,-1,-1,-1
869,122,1027.19,295.75,148.16,178.58,0.7119,-1,-1,-1
870,49,867.65,295.46,142.25,187.67,0.8862,-1,-1,-1
870,52,549.83,321.76,88.27,211.01,0.8221,-1,-1,-1
870,113,606.76,371.72,99.34,176.24,0.7726,-1,-1,-1
870,122,1065.45,296.26,119.96,176.09,0.7732,-1,-1,-1
871,49,883.37,295.30,135.19,182.55,0.8795,-1,-1,-1
871,52,549.87,319.17,85.69,211.72,0.7441,-1,-1,-1
871,113,594.58,374.41,107.45,168.48,0.6564,-1,-1,-1
871,122,1092.01,292.35,107.14,176.57,0.8637,-1,-1,-1
872,49,901.56,296.14,124.86,178.60,0.8876,-1,-1,-1
872,52,545.15,313.32,90.82,214.41,0.7901,-1,-1,-1
872,113,589.23,375.23,107.00,163.42,0.7822,-1,-1,-1
872,122,1102.75,289.33,107.62,174.25,0.8212,-1,-1,-1
873,49,913.19,295.08,121.40,175.78,0.8998,-1,-1,-1
873,52,540.00,308.07,95.97,212.16,0.7661,-1,-1,-1
873,113,584.21,374.80,107.35,160.04,0.8337,-1,-1,-1
873,122,1104.31,281.55,124.63,178.44,0.8590,-1,-1,-1
873,130,1172.87,656.04,62.00,63.53,0.6575,-1,-1,-1
874,49,912.57,290.08,133.97,181.39,0.9146,-1,-1,-1
874,52,526.80,295.70,107.84,193.42,0.8577,-1,-1,-1
874,113,577.42,371.11,107.08,154.84,0.8237,-1,-1,-1
874,122,1101.83,270.63,160.92,188.60,0.8763,-1,-1,-1
875,49,917.44,288.92,140.01,186.56,0.9219,-1,-1,-1
875,52,520.55,287.92,117.08,187.95,0.8745,-1,-1,-1
875,113,572.32,369.37,111.07,152.47,0.8287,-1,-1,-1
875,122,1104.26,252.11,174.69,208.36,0.8599,-1,-1,-1
875,131,1212.00,630.71,60.81,88.74,0.7436,-1,-1,-1
875,132,554.53,512.94,111.24,107.84,0.5891,-1,-1,-1
876,49,920.05,283.40,146.83,194.21,0.9233,-1,-1,-1
876,52,515.51,279.50,129.38,190.32,0.8596,-1,-1,-1
876,113,567.29,366.33,112.40,147.95,0.8073,-1,-1,-1
876,122,1109.39,258.24,170.61,203.19,0.8648,-1,-1,-1
876,131,1216.90,623.00,60.71,95.75,0.6568,-1,-1,-1
877,49,923.72,281.13,150.85,198.20,0.9275,-1,-1,-1
877,52,509.67,268.90,140.88,196.23,0.7956,-1,-1,-1
877,113,562.26,362.94,116.67,147.80,0.7798,-1,-1,-1
877,122,1118.20,260.55,161.80,203.35,0.8733,-1,-1,-1
878,49,928.58,279.80,151.64,198.86,0.8777,-1,-1,-1
878,52,503.61,257.89,151.83,201.90,0.8025,-1,-1,-1
878,113,556.27,359.57,121.17,147.75,0.7872,-1,-1,-1
878,122,1127.45,259.84,152.55,202.54,0.8291,-1,-1,-1
879,49,943.93,276.42,141.70,195.00,0.8637,-1,-1,-1
879,52,498.99,240.35,153.53,196.31,0.8490,-1,-1,-1
879,113,542.79,350.68,128.54,154.89,0.7882,-1,-1,-1
880,49,967.57,276.26,124.09,191.11,0.8946,-1,-1,-1
880,52,504.35,229.95,149.62,186.74,0.8634,-1,-1,-1
880,113,534.99,346.94,134.69,160.74,0.8039,-1,-1,-1
880,122,1182.27,257.03,97.73,196.97,0.5964,-1,-1,-1
881,49,979.33,274.59,118.85,188.42,0.8874,-1,-1,-1
881,52,506.82,224.77,147.20,168.71,0.8633,-1,-1,-1
881,113,528.72,343.29,139.07,162.01,0.8613,-1,-1,-1
881,122,1203.11,262.87,76.89,187.09,0.8000,-1,-1,-1
881,133,609.52,481.59,104.08,172.45,0.7822,-1,-1,-1
882,49,974.75,269.93,128.15,186.40,0.8601,-1,-1,-1
882,52,507.83,219.51,147.09,156.17,0.8572,-1,-1,-1
882,113,524.06,340.52,139.05,157.83,0.8013,-1,-1,-1
882,122,1198.64,260.80,80.93,185.45,0.7150,-1,-1,-1
882,133,620.33,479.47,96.39,150.18,0.6008,-1,-1,-1
883,49,965.83,265.05,138.78,190.46,0.8844,-1,-1,-1
883,52,508.88,215.64,139.66,151.56,0.8538,-1,-1,-1
883,113,522.20,339.77,136.80,154.82,0.8043,-1,-1,-1
883,122,1188.42,257.96,90.34,183.34,0.7516,-1,-1,-1
884,49,943.61,258.88,150.39,190.56,0.8850,-1,-1,-1
884,52,490.00,202.94,145.48,154.52,0.8341,-1,-1,-1
884,113,514.72,334.73,131.75,151.98,0.8344,-1,-1,-1
884,122,1166.80,262.36,105.14,167.76,0.8475,-1,-1,-1
884,133,635.53,466.25,104.25,153.51,0.8085,-1,-1,-1
885,49,935.14,259.53,156.67,190.00,0.8843,-1,-1,-1
885,52,479.63,194.82,150.74,156.15,0.8089,-1,-1,-1
885,113,505.49,331.72,139.95,151.96,0.8204,-1,-1,-1
885,122,1158.88,257.44,116.40,161.23,0.7600,-1,-1,-1
885,133,635.73,458.44,108.45,158.38,0.7558,-1,-1,-1
886,49,926.64,255.31,158.66,194.35,0.8808,-1,-1,-1
886,52,467.09,183.56,156.55,166.58,0.8554,-1,-1,-1
886,113,491.27,326.70,149.37,150.97,0.8441,-1,-1,-1
886,122,1150.73,254.91,124.90,147.43,0.7934,-1,-1,-1
886,133,616.62,449.88,122.95,167.41,0.6827,-1,-1,-1
887,49,924.10,252.63,152.52,193.89,0.7827,-1,-1,-1
887,52,456.39,172.89,159.38,173.68,0.8631,-1,-1,-1
887,113,477.04,322.32,157.84,152.89,0.8437,-1,-1,-1
887,122,1144.08,252.24,131.67,137.26,0.8394,-1,-1,-1
887,133,596.26,441.11,136.26,179.35,0.8022,-1,-1,-1
888,49,922.18,249.43,143.92,191.68,0.8747,-1,-1,-1
888,52,445.83,167.51,160.73,167.04,0.7464,-1,-1,-1
888,113,462.41,318.74,165.68,153.08,0.8826,-1,-1,-1
888,133,577.88,433.80,145.90,184.95,0.7639,-1,-1,-1
889,49,917.57,242.90,120.29,186.36,0.8586,-1,-1,-1
889,52,427.30,154.66,145.94,152.00,0.7871,-1,-1,-1
889,113,433.08,313.11,170.43,154.29,0.8392,-1,-1,-1
889,122,1128.41,228.00,137.70,184.95,0.7506,-1,-1,-1
889,133,553.70,422.57,149.82,186.18,0.7924,-1,-1,-1
890,49,912.69,238.75,118.51,183.79,0.8853,-1,-1,-1
890,52,430.97,158.89,127.23,135.83,0.7940,-1,-1,-1
890,113,425.02,310.48,173.44,152.84,0.8429,-1,-1,-1
890,122,1145.99,221.20,113.06,193.65,0.7026,-1,-1,-1
890,133,592.59,417.28,105.39,192.71,0.5631,-1,-1,-1
890,139,1151.98,492.64,107.85,225.93,0.8412,-1,-1,-1
891,49,893.01,234.87,124.98,184.46,0.8869,-1,-1,-1
891,52,432.95,148.85,110.44,136.69,0.7805,-1,-1,-1
891,113,423.46,307.05,147.02,150.87,0.8248,-1,-1,-1
891,122,1133.04,229.23,109.73,181.26,0.8260,-1,-1,-1
891,139,1147.68,481.99,95.41,227.82,0.8409,-1,-1,-1
892,49,872.43,239.70,128.35,179.44,0.8896,-1,-1,-1
892,52,432.74,137.09,101.17,142.74,0.8178,-1,-1,-1
892,113,425.73,302.88,146.80,151.50,0.8971,-1,-1,-1
892,122,1112.23,221.25,118.29,181.70,0.8236,-1,-1,-1
892,139,1123.02,469.21,104.49,228.69,0.8611,-1,-1,-1
892,140,96.43,156.13,135.11,165.66,0.8567,-1,-1,-1
893,49,853.04,220.30,132.03,198.65,0.9028,-1,-1,-1
893,52,413.16,133.68,113.32,143.64,0.8540,-1,-1,-1
893,113,410.96,299.39,138.50,149.16,0.7714,-1,-1,-1
893,122,1085.68,212.96,132.96,185.70,0.8847,-1,-1,-1
893,139,1098.37,455.41,113.09,231.25,0.8665,-1,-1,-1
893,140,78.74,153.32,137.59,160.63,0.8676,-1,-1,-1
894,49,813.50,216.51,137.60,194.79,0.8804,-1,-1,-1
894,52,373.44,117.19,124.55,147.16,0.8240,-1,-1,-1
894,113,368.61,290.62,137.78,153.66,0.8521,-1,-1,-1
894,122,1034.36,198.28,156.77,188.63,0.6113,-1,-1,-1
894,133,521.39,381.52,134.09,201.29,0.8338,-1,-1,-1
894,139,1046.70,432.04,125.82,224.06,0.8467,-1,-1,-1
894,140,59.27,147.95,127.30,147.38,0.8742,-1,-1,-1
895,49,802.36,214.93,137.29,193.65,0.8277,-1,-1,-1
895,52,359.38,101.59,133.77,152.09,0.8399,-1,-1,-1
895,113,352.75,285.88,150.46,155.20,0.8770,-1,-1,-1
895,122,1015.90,191.53,169.43,190.99,0.8888,-1,-1,-1
895,133,505.26,372.05,144.56,199.69,0.8810,-1,-1,-1
895,139,1028.18,420.36,134.30,212.52,0.7744,-1,-1,-1
895,140,60.65,145.85,114.03,142.84,0.8398,-1,-1,-1
896,49,795.20,213.05,127.89,190.20,0.6286,-1,-1,-1
896,52,346.71,97.81,134.03,146.40,0.7418,-1,-1,-1
896,113,340.22,282.54,148.38,155.83,0.8684,-1,-1,-1
896,122,1000.95,187.22,172.85,190.98,0.9070,-1,-1,-1
896,133,490.03,365.76,156.48,193.47,0.8777,-1,-1,-1
896,139,1005.63,410.30,143.53,207.43,0.8221,-1,-1,-1
896,140,63.16,142.22,96.53,142.34,0.8008,-1,-1,-1
897,49,791.72,209.13,131.75,186.94,0.7864,-1,-1,-1
897,52,338.08,97.76,126.96,139.05,0.7150,-1,-1,-1
897,113,327.77,279.85,145.40,145.01,0.7915,-1,-1,-1
897,122,990.38,182.44,162.63,193.88,0.8450,-1,-1,-1
897,133,479.80,360.60,159.01,189.87,0.7951,-1,-1,-1
897,139,989.82,402.53,143.00,201.61,0.8890,-1,-1,-1
897,140,52.69,134.06,98.52,146.13,0.8304,-1,-1,-1
898,49,793.73,222.96,110.14,165.95,0.6314,-1,-1,-1
898,52,335.08,96.46,121.87,133.53,0.7168,-1,-1,-1
898,113,321.13,277.04,136.83,137.83,0.6669,-1,-1,-1
898,122,984.40,189.44,142.38,183.07,0.7752,-1,-1,-1
898,133,515.17,355.63,113.32,188.04,0.7042,-1,-1,-1
898,139,979.21,395.07,135.24,198.29,0.8629,-1,-1,-1
898,140,31.54,133.64,99.66,140.54,0.7582,-1,-1,-1
899,49,761.07,204.20,110.47,173.48,0.7528,-1,-1,-1
899,52,330.82,93.08,102.20,131.49,0.7508,-1,-1,-1
899,113,318.27,268.45,112.59,130.85,0.7246,-1,-1,-1
899,122,971.81,180.55,122.59,183.61,0.7906,-1,-1,-1
899,133,512.34,346.67,87.87,184.60,0.6030,-1,-1,-1
899,139,960.25,380.32,114.37,196.20,0.8049,-1,-1,-1
899,140,0.34,116.27,109.83,151.30,0.8703,-1,-1,-1
900,49,744.66,197.12,117.60,176.75,0.7734,-1,-1,-1
900,113,314.33,264.43,111.16,143.10,0.8527,-1,-1,-1
900,122,977.39,175.37,108.82,183.87,0.7956,-1,-1,-1
900,133,502.78,341.77,94.28,180.77,0.6937,-1,-1,-1
900,139,960.07,372.31,105.90,196.23,0.7885,-1,-1,-1
900,140,0.00,110.73,108.88,149.70,0.8482,-1,-1,-1
900,144,759.83,516.48,70.57,104.52,0.6795,-1,-1,-1
901,49,736.52,192.40,123.60,179.49,0.8558,-1,-1,-1
901,52,316.45,88.23,100.95,130.97,0.6866,-1,-1,-1
901,113,306.25,259.69,118.64,150.43,0.8473,-1,-1,-1
901,122,971.31,168.68,115.63,185.33,0.7988,-1,-1,-1
901,133,497.64,336.00,111.42,183.88,0.7862,-1,-1,-1
901,139,948.75,360.67,109.65,199.88,0.7321,-1,-1,-1
901,140,6.35,110.68,98.93,147.73,0.6876,-1,-1,-1
901,144,759.45,514.71,79.19,108.20,0.6561,-1,-1,-1
901,145,934.97,662.53,82.53,56.78,0.5901,-1,-1,-1
902,49,715.14,194.49,130.34,174.14,0.8707,-1,-1,-1
902,52,301.30,85.73,106.84,133.87,0.7704,-1,-1,-1
902,113,286.87,256.36,127.30,153.79,0.8522,-1,-1,-1
902,122,947.15,165.61,126.21,184.26,0.8020,-1,-1,-1
902,133,478.78,329.38,122.57,187.28,0.8869,-1,-1,-1
902,139,935.09,352.31,108.83,194.72,0.7698,-1,-1,-1
902,140,13.60,111.36,74.99,144.24,0.7254,-1,-1,-1
902,144,753.52,512.66,81.12,107.39,0.6742,-1,-1,-1
902,145,920.06,669.39,77.22,49.22,0.6402,-1,-1,-1
903,49,705.22,194.36,136.17,172.91,0.8999,-1,-1,-1
903,52,292.84,82.10,118.30,135.10,0.7657,-1,-1,-1
903,113,278.14,255.57,133.93,150.23,0.8791,-1,-1,-1
903,122,932.15,163.55,128.84,184.18,0.8380,-1,-1,-1
903,133,468.76,324.22,127.19,189.83,0.8420,-1,-1,-1
903,139,928.99,342.46,103.39,179.62,0.8197,-1,-1,-1
903,140,17.40,110.77,66.67,145.26,0.7927,-1,-1,-1
903,144,759.00,510.30,82.52,108.24,0.7591,-1,-1,-1
904,49,697.86,195.74,134.40,173.46,0.6909,-1,-1,-1
904,52,285.99,80.16,128.91,131.14,0.7652,-1,-1,-1
904,113,267.01,254.93,138.83,147.37,0.6688,-1,-1,-1
904,122,915.11,163.41,137.55,183.89,0.8791,-1,-1,-1
904,133,459.35,320.21,128.95,184.58,0.8563,-1,-1,-1
904,139,912.32,334.64,106.03,177.54,0.8124,-1,-1,-1
904,140,7.33,108.12,68.84,148.84,0.7942,-1,-1,-1
905,49,671.68,192.57,115.88,173.13,0.7701,-1,-1,-1
905,52,264.49,77.84,118.63,129.01,0.6933,-1,-1,-1
905,122,869.55,164.20,149.16,181.88,0.8540,-1,-1,-1
905,133,427.38,314.53,141.66,179.07,0.8961,-1,-1,-1
905,139,860.66,325.26,115.70,174.94,0.7730,-1,-1,-1
905,140,0.00,108.00,56.82,144.93,0.6958,-1,-1,-1
905,144,734.15,504.57,86.99,114.29,0.5567,-1,-1,-1
906,49,681.32,193.03,102.74,169.81,0.7885,-1,-1,-1
906,122,866.30,166.54,152.18,180.63,0.8663,-1,-1,-1
906,133,431.02,313.10,140.60,177.13,0.8517,-1,-1,-1
906,139,847.46,320.54,125.52,174.74,0.7975,-1,-1,-1
906,140,2.09,103.90,52.94,145.13,0.6852,-1,-1,-1
906,144,739.33,504.91,84.05,115.76,0.7021,-1,-1,-1
907,49,685.43,194.60,89.80,167.45,0.6527,-1,-1,-1
907,113,264.79,256.56,118.77,125.56,0.7106,-1,-1,-1
907,122,858.89,169.30,142.99,177.90,0.6678,-1,-1,-1
907,133,436.29,312.65,123.78,177.05,0.7786,-1,-1,-1
907,139,843.26,317.77,115.32,172.27,0.6915,-1,-1,-1
907,140,3.38,103.21,52.55,145.06,0.6945,-1,-1,-1
908,49,676.81,192.76,79.30,166.51,0.7502,-1,-1,-1
908,113,267.40,256.56,102.96,131.79,0.6662,-1,-1,-1
908,122,849.91,171.94,120.77,170.28,0.5501,-1,-1,-1
908,133,442.31,312.15,99.71,173.12,0.6915,-1,-1,-1
908,139,835.50,315.37,99.76,171.62,0.8169,-1,-1,-1
908,140,0.00,88.83,55.64,160.46,0.7471,-1,-1,-1
908,144,745.39,505.63,58.01,115.21,0.5602,-1,-1,-1
909,49,660.08,192.79,82.78,169.54,0.7951,-1,-1,-1
909,52,278.34,87.34,87.99,118.02,0.6073,-1,-1,-1
909,113,259.94,255.70,91.85,136.16,0.6529,-1,-1,-1
909,122,877.59,174.36,74.63,161.78,0.6270,-1,-1,-1
909,133,452.76,310.45,80.56,173.54,0.7867,-1,-1,-1
909,139,827.95,312.40,95.98,173.23,0.7508,-1,-1,-1
909,140,0.00,96.65,53.25,154.16,0.7707,-1,-1,-1
909,147,1179.46,302.39,94.44,154.28,0.8547,-1,-1,-1
910,49,629.35,193.56,96.71,171.16,0.8697,-1,-1,-1
910,52,253.47,80.49,98.87,130.66,0.8031,-1,-1,-1
910,113,231.56,256.42,98.63,142.44,0.8396,-1,-1,-1
910,122,861.74,175.16,69.01,161.49,0.5955,-1,-1,-1
910,133,437.44,305.57,87.11,175.71,0.8222,-1,-1,-1
910,139,806.34,318.85,85.30,162.95,0.7215,-1,-1,-1
910,140,0.00,107.73,29.27,144.76,0.5615,-1,-1,-1
910,147,1135.75,298.72,109.28,156.02,0.8813,-1,-1,-1
911,49,619.08,193.94,110.79,170.28,0.8945,-1,-1,-1
911,52,247.14,85.14,110.63,125.88,0.7015,-1,-1,-1
911,113,225.05,257.43,111.36,142.72,0.8420,-1,-1,-1
911,133,431.34,301.83,96.38,177.37,0.8874,-1,-1,-1
911,147,1125.48,296.70,104.72,156.78,0.8511,-1,-1,-1
911,149,729.63,502.60,93.28,119.53,0.7059,-1,-1,-1
912,49,616.89,195.55,120.89,169.37,0.8683,-1,-1,-1
912,113,228.62,261.06,113.43,140.12,0.8120,-1,-1,-1
912,122,853.56,173.05,71.24,157.89,0.7350,-1,-1,-1
912,133,428.22,298.25,107.83,175.58,0.8792,-1,-1,-1
912,139,791.00,300.05,90.37,167.76,0.6310,-1,-1,-1
912,147,1123.92,294.38,93.59,157.41,0.8685,-1,-1,-1
912,149,728.89,502.27,90.78,119.94,0.7401,-1,-1,-1
913,49,612.47,200.05,118.82,165.18,0.8206,-1,-1,-1
913,113,236.09,263.82,99.25,137.11,0.7456,-1,-1,-1
913,122,825.44,170.73,97.05,167.97,0.7760,-1,-1,-1
913,133,422.04,296.78,124.39,170.35,0.8879,-1,-1,-1
913,139,782.67,304.65,93.35,158.19,0.7978,-1,-1,-1
913,147,1119.13,292.65,80.52,155.50,0.8097,-1,-1,-1
913,149,729.36,502.02,89.49,116.22,0.6959,-1,-1,-1
914,49,604.13,203.87,109.03,157.18,0.6846,-1,-1,-1
914,113,248.32,265.83,81.69,134.36,0.6760,-1,-1,-1
914,122,801.74,171.18,114.94,167.33,0.7504,-1,-1,-1
914,133,411.66,296.84,132.89,164.07,0.8917,-1,-1,-1
914,139,767.90,302.95,95.81,155.25,0.7688,-1,-1,-1
914,147,1110.50,291.48,67.51,154.65,0.8070,-1,-1,-1
914,149,728.69,501.78,83.03,115.01,0.7480,-1,-1,-1
915,113,247.09,267.33,72.77,128.74,0.7122,-1,-1,-1
915,122,802.48,174.43,102.76,163.17,0.7588,-1,-1,-1
915,133,407.09,297.09,129.80,158.72,0.8151,-1,-1,-1
915,139,744.57,296.39,106.77,147.51,0.6457,-1,-1,-1
915,147,1088.54,289.89,56.30,153.04,0.8200,-1,-1,-1
915,149,729.52,504.85,76.83,111.87,0.7156,-1,-1,-1
916,49,612.02,205.55,76.71,152.97,0.6728,-1,-1,-1
916,113,244.52,268.50,81.84,126.87,0.7633,-1,-1,-1
916,122,817.80,177.71,92.69,162.52,0.7902,-1,-1,-1
916,133,440.41,297.07,106.73,156.81,0.7608,-1,-1,-1
916,139,747.24,285.16,101.96,152.17,0.6404,-1,-1,-1
916,140,0.26,109.35,47.51,143.77,0.7190,-1,-1,-1
916,147,1085.25,289.46,53.37,153.67,0.7999,-1,-1,-1
916,149,745.11,505.88,68.82,115.03,0.6331,-1,-1,-1
917,49,617.29,205.16,69.32,153.24,0.7245,-1,-1,-1
917,52,267.19,88.57,94.49,130.32,0.6173,-1,-1,-1
917,113,238.79,268.48,91.17,127.29,0.8161,-1,-1,-1
917,122,824.60,187.30,77.52,153.03,0.7234,-1,-1,-1
917,133,454.82,295.75,92.82,156.09,0.7865,-1,-1,-1
917,140,3.89,109.67,49.69,144.16,0.7206,-1,-1,-1
917,147,1076.60,290.98,55.32,152.98,0.8373,-1,-1,-1
917,149,751.52,504.33,62.71,117.06,0.6737,-1,-1,-1
918,49,604.06,203.16,77.30,153.81,0.7636,-1,-1,-1
918,52,262.24,90.22,88.21,129.19,0.7426,-1,-1,-1
918,113,226.61,268.85,105.50,126.66,0.8453,-1,-1,-1
918,122,820.68,181.72,64.44,158.04,0.7212,-1,-1,-1
918,133,452.25,294.54,85.14,154.50,0.8537,-1,-1,-1
918,140,0.37,113.40,43.78,140.37,0.7322,-1,-1,-1
918,147,1058.74,293.01,61.39,150.69,0.8282,-1,-1,-1
918,149,752.09,502.46,52.04,119.71,0.7690,-1,-1,-1
919,49,593.45,203.29,83.39,152.64,0.7781,-1,-1,-1
919,52,253.84,89.51,94.33,129.59,0.6690,-1,-1,-1
919,113,221.92,271.11,109.66,124.57,0.7106,-1,-1,-1
919,122,815.36,179.13,59.81,158.66,0.7044,-1,-1,-1
919,133,443.39,291.51,84.42,152.92,0.8612,-1,-1,-1
919,147,1043.57,295.41,67.79,148.44,0.8193,-1,-1,-1
919,149,755.70,501.61,45.54,120.53,0.6424,-1,-1,-1
920,49,566.91,202.99,97.47,148.61,0.7842,-1,-1,-1
920,113,239.00,275.63,74.32,118.78,0.6249,-1,-1,-1
920,133,435.53,289.02,82.03,129.16,0.6806,-1,-1,-1
920,139,730.32,260.00,80.27,155.34,0.7433,-1,-1,-1
920,147,1005.15,297.82,82.37,145.26,0.8820,-1,-1,-1
921,49,558.21,203.91,101.02,144.10,0.7327,-1,-1,-1
921,113,247.56,280.44,63.22,113.73,0.6193,-1,-1,-1
921,133,435.79,288.50,81.47,120.62,0.7480,-1,-1,-1
921,139,727.54,254.42,64.16,140.78,0.5966,-1,-1,-1
921,147,984.28,299.30,94.47,143.48,0.9024,-1,-1,-1
921,149,727.63,493.66,74.49,123.01,0.6129,-1,-1,-1
922,113,251.76,281.79,54.86,112.17,0.7250,-1,-1,-1
922,122,770.08,174.76,68.44,156.94,0.6083,-1,-1,-1
922,133,431.90,287.59,83.31,114.90,0.7533,-1,-1,-1
922,139,717.45,250.18,62.39,138.17,0.6334,-1,-1,-1
922,147,963.80,298.78,100.96,141.17,0.8748,-1,-1,-1
923,49,579.28,209.01,60.92,133.72,0.5653,-1,-1,-1
923,113,241.17,282.46,63.15,115.67,0.8003,-1,-1,-1
923,122,763.43,189.11,69.98,139.65,0.7155,-1,-1,-1
923,133,426.27,288.80,84.81,119.07,0.7515,-1,-1,-1
923,139,711.05,244.19,53.95,131.42,0.6921,-1,-1,-1
923,147,942.47,299.00,103.98,136.97,0.8781,-1,-1,-1
923,152,1216.22,204.19,55.11,153.44,0.7554,-1,-1,-1
924,113,230.26,281.88,76.12,120.45,0.8256,-1,-1,-1
924,122,755.09,192.52,79.39,137.61,0.7013,-1,-1,-1
924,133,420.51,288.33,87.84,131.45,0.8042,-1,-1,-1
924,139,705.00,239.14,49.32,138.44,0.6022,-1,-1,-1
924,147,929.70,299.04,99.50,135.22,0.8691,-1,-1,-1
924,152,1196.15,204.98,60.08,149.75,0.8158,-1,-1,-1
925,49,559.78,213.02,59.06,129.73,0.6219,-1,-1,-1
925,113,207.42,281.91,98.03,123.45,0.8526,-1,-1,-1
925,122,739.60,182.16,83.26,145.28,0.7737,-1,-1,-1
925,133,402.11,285.18,98.39,137.24,0.8143,-1,-1,-1
925,147,910.16,299.65,86.67,128.80,0.8491,-1,-1,-1
925,152,1156.03,205.72,86.52,154.69,0.7587,-1,-1,-1
926,49,552.65,214.81,58.35,132.55,0.6914,-1,-1,-1
926,113,200.69,284.13,118.90,125.39,0.8357,-1,-1,-1
926,122,737.93,188.18,81.10,141.94,0.6585,-1,-1,-1
926,133,396.40,283.64,110.19,118.73,0.5952,-1,-1,-1
926,147,911.97,301.36,73.45,125.95,0.7845,-1,-1,-1
926,152,1139.05,206.52,96.20,150.86,0.6720,-1,-1,-1
927,113,197.84,287.38,111.71,126.80,0.8096,-1,-1,-1
927,122,737.72,190.67,70.54,140.40,0.7050,-1,-1,-1
927,133,389.84,281.85,122.23,125.79,0.6938,-1,-1,-1
927,139,650.44,236.85,67.46,138.49,0.6139,-1,-1,-1
927,147,907.00,301.47,67.00,123.75,0.7921,-1,-1,-1
927,152,1135.89,209.94,79.27,145.46,0.5866,-1,-1,-1
927,155,1191.47,221.81,72.01,124.09,0.6865,-1,-1,-1
927,157,734.47,486.55,70.23,131.77,0.5766,-1,-1,-1
928,49,526.30,213.56,68.84,141.79,0.6228,-1,-1,-1
928,113,195.72,288.75,105.01,127.46,0.6192,-1,-1,-1
928,122,735.48,189.70,61.44,141.56,0.6501,-1,-1,-1
928,139,643.34,237.30,72.39,136.24,0.6841,-1,-1,-1
928,147,897.69,300.49,68.32,124.62,0.8073,-1,-1,-1
928,152,1116.92,209.57,79.04,144.02,0.6294,-1,-1,-1
928,155,1178.30,222.31,73.12,136.76,0.6742,-1,-1,-1
929,49,513.21,214.98,74.03,140.11,0.6299,-1,-1,-1
929,113,211.52,289.20,78.81,126.93,0.7293,-1,-1,-1
929,122,731.85,193.32,51.20,138.75,0.6178,-1,-1,-1
929,139,641.88,232.44,64.13,141.46,0.5757,-1,-1,-1
929,147,886.16,300.62,70.36,128.39,0.8008,-1,-1,-1
929,152,1120.61,209.68,59.94,142.72,0.6552,-1,-1,-1
929,155,1170.88,222.37,67.45,140.16,0.7238,-1,-1,-1
930,113,194.35,289.33,73.41,129.70,0.7303,-1,-1,-1
930,122,705.52,194.52,56.64,135.84,0.6918,-1,-1,-1
930,133,365.85,285.51,131.72,137.74,0.6544,-1,-1,-1
930,139,618.55,224.80,65.00,146.83,0.7630,-1,-1,-1
930,147,858.33,299.74,76.37,137.54,0.8193,-1,-1,-1
930,152,1097.63,205.48,54.66,147.31,0.6282,-1,-1,-1
930,155,1146.52,223.87,68.82,138.31,0.7739,-1,-1,-1
931,49,478.16,217.30,88.52,140.08,0.7024,-1,-1,-1
931,113,193.29,288.26,65.53,125.70,0.7909,-1,-1,-1
931,122,690.52,192.42,66.91,137.49,0.7277,-1,-1,-1
931,133,367.68,285.36,122.81,142.40,0.7835,-1,-1,-1
931,139,606.62,221.01,69.53,149.02,0.7643,-1,-1,-1
931,147,848.39,300.82,78.93,141.81,0.7402,-1,-1,-1
931,152,1091.59,202.86,47.57,144.60,0.7267,-1,-1,-1
931,155,1134.16,225.35,75.81,138.56,0.8104,-1,-1,-1
932,113,178.49,288.69,68.58,125.81,0.6973,-1,-1,-1
932,122,676.68,188.18,73.86,141.95,0.7230,-1,-1,-1
932,133,367.28,282.83,115.02,145.39,0.7313,-1,-1,-1
932,139,592.76,219.88,73.67,146.20,0.7546,-1,-1,-1
932,147,843.32,302.81,75.13,141.85,0.6799,-1,-1,-1
932,152,1080.83,200.98,44.21,144.10,0.7511,-1,-1,-1
932,155,1120.59,227.22,79.68,139.06,0.8093,-1,-1,-1
933,49,467.45,217.67,79.25,139.42,0.6158,-1,-1,-1
933,113,157.89,289.94,77.56,124.16,0.7451,-1,-1,-1
933,122,663.66,185.52,80.04,143.09,0.7774,-1,-1,-1
933,133,366.31,280.51,100.27,144.32,0.6271,-1,-1,-1
933,139,578.03,214.95,78.28,145.19,0.7845,-1,-1,-1
933,147,833.94,306.43,72.14,137.56,0.7429,-1,-1,-1
933,152,1067.61,201.80,43.41,143.58,0.7965,-1,-1,-1
933,155,1106.86,228.29,78.53,142.03,0.8233,-1,-1,-1
934,49,478.23,219.61,58.50,134.27,0.6022,-1,-1,-1
934,113,140.39,291.86,84.77,121.51,0.6754,-1,-1,-1
934,122,651.46,179.21,92.97,147.14,0.8071,-1,-1,-1
934,133,363.99,278.66,92.03,146.78,0.6645,-1,-1,-1
934,139,564.33,212.30,84.47,141.27,0.7602,-1,-1,-1
934,147,828.75,309.70,67.59,132.71,0.7404,-1,-1,-1
934,152,1051.86,201.37,45.42,141.96,0.7490,-1,-1,-1
934,155,1091.32,230.15,77.84,144.92,0.8120,-1,-1,-1
935,49,465.42,219.47,48.70,129.20,0.6233,-1,-1,-1
935,113,134.56,299.50,67.68,115.75,0.6784,-1,-1,-1
935,122,623.88,183.84,105.86,143.01,0.7566,-1,-1,-1
935,133,348.68,279.35,77.96,151.15,0.6696,-1,-1,-1
935,139,535.22,209.86,88.50,136.03,0.6873,-1,-1,-1
935,147,810.87,313.14,62.72,127.40,0.7565,-1,-1,-1
935,152,1019.74,205.35,48.14,142.59,0.6282,-1,-1,-1
935,155,1059.99,235.67,70.44,144.56,0.6322,-1,-1,-1
936,49,447.00,219.39,60.12,133.39,0.6954,-1,-1,-1
936,113,134.95,306.11,61.87,114.72,0.6057,-1,-1,-1
936,122,616.32,188.45,108.27,138.51,0.7339,-1,-1,-1
936,133,354.37,281.79,63.79,149.24,0.7138,-1,-1,-1
936,147,802.19,314.92,63.49,122.83,0.7373,-1,-1,-1
936,152,1004.13,208.51,52.00,139.29,0.6845,-1,-1,-1
936,155,1045.76,242.12,63.82,142.45,0.6255,-1,-1,-1
937,49,429.05,219.11,70.20,140.56,0.7537,-1,-1,-1
937,113,128.81,310.39,79.85,133.03,0.6043,-1,-1,-1
937,122,609.18,185.97,103.82,143.97,0.7638,-1,-1,-1
937,133,351.15,284.67,61.25,145.63,0.7076,-1,-1,-1
937,139,518.26,207.66,81.37,130.99,0.6761,-1,-1,-1
937,147,790.63,315.38,64.28,129.16,0.6753,-1,-1,-1
937,152,989.13,208.32,51.54,142.36,0.6350,-1,-1,-1
938,49,412.33,218.05,77.15,142.74,0.7929,-1,-1,-1
938,113,121.29,313.55,70.19,134.42,0.6676,-1,-1,-1
938,122,603.77,193.84,96.76,136.64,0.7085,-1,-1,-1
938,133,343.34,287.81,44.34,136.55,0.6959,-1,-1,-1
938,139,511.91,206.97,74.74,133.23,0.6931,-1,-1,-1
938,147,771.36,315.64,74.16,131.93,0.5734,-1,-1,-1
938,152,973.34,210.11,50.91,130.01,0.5953,-1,-1,-1
938,155,1011.33,247.17,66.70,140.24,0.6671,-1,-1,-1
939,49,395.87,218.20,88.45,144.71,0.7765,-1,-1,-1
939,113,109.55,315.44,65.65,127.40,0.7229,-1,-1,-1
939,133,330.83,290.92,47.20,130.39,0.6301,-1,-1,-1
939,139,504.49,205.67,71.01,134.39,0.7116,-1,-1,-1
939,152,956.12,209.86,51.43,123.72,0.5687,-1,-1,-1
939,160,691.13,484.32,76.10,134.47,0.6081,-1,-1,-1
940,49,361.27,223.72,104.84,141.95,0.7350,-1,-1,-1
940,113,81.15,318.31,60.08,118.17,0.6739,-1,-1,-1
940,122,587.51,196.02,81.53,133.23,0.6386,-1,-1,-1
940,133,290.22,290.30,62.53,122.39,0.6541,-1,-1,-1
940,139,480.06,207.09,63.48,132.82,0.5670,-1,-1,-1
940,147,738.13,319.69,67.76,141.21,0.6371,-1,-1,-1
940,152,919.86,209.35,54.52,122.70,0.6934,-1,-1,-1
940,155,956.32,255.62,67.40,131.30,0.6692,-1,-1,-1
941,49,363.32,227.75,91.31,139.68,0.5613,-1,-1,-1
941,113,69.13,320.06,57.40,132.30,0.7843,-1,-1,-1
941,122,581.27,195.31,76.93,133.85,0.7336,-1,-1,-1
941,133,271.62,289.94,79.45,119.62,0.6931,-1,-1,-1
941,139,467.36,199.73,66.15,135.11,0.6703,-1,-1,-1
941,147,738.10,322.08,56.11,142.41,0.7518,-1,-1,-1
941,152,903.37,208.93,58.91,125.49,0.6254,-1,-1,-1
941,155,934.61,239.67,79.06,146.48,0.5554,-1,-1,-1
942,49,348.14,230.08,91.07,137.93,0.6163,-1,-1,-1
942,122,565.08,193.95,77.67,138.25,0.7740,-1,-1,-1
942,133,255.13,288.44,88.69,108.89,0.6298,-1,-1,-1
942,139,453.48,192.64,67.98,142.67,0.7028,-1,-1,-1
942,147,723.13,322.67,59.96,142.08,0.7737,-1,-1,-1
943,49,340.77,231.93,81.19,133.07,0.6804,-1,-1,-1
943,113,30.98,324.54,77.65,138.43,0.6623,-1,-1,-1
943,122,548.43,186.12,83.78,148.45,0.7867,-1,-1,-1
943,133,239.34,288.67,106.12,134.59,0.8165,-1,-1,-1
943,139,437.62,192.85,73.75,137.65,0.7628,-1,-1,-1
943,147,715.18,326.70,54.56,132.33,0.6736,-1,-1,-1
943,155,883.74,224.50,107.28,163.69,0.6665,-1,-1,-1
944,49,335.45,231.72,75.37,132.45,0.7272,-1,-1,-1
944,113,18.72,327.19,82.52,134.22,0.6086,-1,-1,-1
944,122,533.00,189.87,89.04,144.97,0.8003,-1,-1,-1
944,133,226.57,288.44,113.43,142.29,0.7865,-1,-1,-1
944,139,423.54,190.48,80.02,136.69,0.7674,-1,-1,-1
944,147,706.40,328.89,49.90,115.06,0.7240,-1,-1,-1
945,49,320.37,230.43,64.72,140.26,0.7364,-1,-1,-1
945,113,0.00,335.38,78.24,136.96,0.7160,-1,-1,-1
945,122,504.75,195.40,98.00,136.96,0.7663,-1,-1,-1
945,133,206.81,291.75,107.68,150.17,0.8195,-1,-1,-1
945,139,396.64,193.70,80.19,128.15,0.5555,-1,-1,-1
945,147,673.23,331.41,60.30,138.15,0.7106,-1,-1,-1
945,152,816.54,211.93,70.93,140.99,0.6419,-1,-1,-1
945,155,837.80,235.50,110.89,149.10,0.6605,-1,-1,-1
946,49,311.74,230.43,64.01,143.93,0.6719,-1,-1,-1
946,113,0.00,340.61,73.95,133.03,0.7353,-1,-1,-1
946,122,497.91,198.58,99.58,135.92,0.8244,-1,-1,-1
946,133,207.96,294.55,104.29,150.71,0.7779,-1,-1,-1
946,139,390.66,195.08,73.23,123.61,0.5687,-1,-1,-1
946,147,669.18,332.27,69.86,147.35,0.7875,-1,-1,-1
946,152,799.13,208.14,74.39,150.02,0.5517,-1,-1,-1
946,155,821.57,250.42,110.59,133.64,0.7653,-1,-1,-1
946,165,613.12,422.38,81.64,192.83,0.6057,-1,-1,-1
947,49,301.87,229.93,63.47,147.23,0.7277,-1,-1,-1
947,113,0.00,345.17,61.15,134.26,0.7444,-1,-1,-1
947,122,493.55,199.47,89.03,135.35,0.7464,-1,-1,-1
947,133,208.23,296.46,98.36,149.01,0.7897,-1,-1,-1
947,139,385.71,196.82,64.72,119.70,0.5872,-1,-1,-1
947,147,661.20,333.69,76.76,152.06,0.7616,-1,-1,-1
947,152,783.06,209.41,73.68,156.78,0.5807,-1,-1,-1
947,155,808.20,249.10,106.47,132.30,0.7264,-1,-1,-1
948,49,292.55,230.81,70.55,147.89,0.7763,-1,-1,-1
948,122,496.72,201.35,70.58,132.29,0.6738,-1,-1,-1
948,133,208.75,297.00,89.53,148.06,0.8078,-1,-1,-1
948,147,653.18,337.47,82.02,152.74,0.8009,-1,-1,-1
948,152,764.26,208.64,80.40,162.21,0.6269,-1,-1,-1
948,155,796.62,250.36,102.43,128.79,0.6656,-1,-1,-1
948,166,682.48,100.02,54.51,108.20,0.8031,-1,-1,-1
949,49,280.76,231.04,82.38,150.01,0.8194,-1,-1,-1
949,122,497.44,201.73,58.93,130.84,0.7498,-1,-1,-1
949,133,204.90,297.97,89.38,147.33,0.8870,-1,-1,-1
949,139,375.82,193.98,56.15,121.69,0.5541,-1,-1,-1
949,147,648.61,340.83,79.69,153.06,0.7679,-1,-1,-1
949,152,747.85,206.38,80.32,156.79,0.5957,-1,-1,-1
949,155,785.48,249.92,96.60,127.46,0.6702,-1,-1,-1
949,166,677.21,102.43,49.31,105.44,0.7014,-1,-1,-1
950,49,260.08,235.15,83.74,146.40,0.7914,-1,-1,-1
950,122,485.12,200.66,54.71,134.02,0.8234,-1,-1,-1
950,133,176.06,297.30,108.22,147.85,0.8848,-1,-1,-1
950,139,346.85,189.63,67.47,127.74,0.6989,-1,-1,-1
950,147,631.03,347.93,72.35,148.36,0.7910,-1,-1,-1
950,155,769.30,250.69,79.66,126.30,0.7664,-1,-1,-1
950,166,663.33,98.57,42.75,109.25,0.5654,-1,-1,-1
951,49,257.50,238.36,75.54,144.44,0.7879,-1,-1,-1
951,122,481.68,199.71,52.18,135.69,0.7863,-1,-1,-1
951,133,169.98,298.19,112.40,147.24,0.8884,-1,-1,-1
951,139,338.52,186.01,71.47,130.66,0.7320,-1,-1,-1
951,147,630.37,350.25,65.46,147.82,0.7660,-1,-1,-1
951,152,698.03,210.61,85.37,144.13,0.5648,-1,-1,-1
951,155,768.29,250.53,68.21,125.34,0.7320,-1,-1,-1
951,169,611.73,511.16,63.49,109.73,0.6721,-1,-1,-1
951,170,595.86,452.71,45.34,97.69,0.6784,-1,-1,-1
952,49,250.66,239.32,66.48,143.97,0.7480,-1,-1,-1
952,122,469.77,198.14,58.77,138.90,0.7879,-1,-1,-1
952,133,167.68,299.25,103.88,147.55,0.8697,-1,-1,-1
952,139,328.08,185.20,77.27,126.86,0.7777,-1,-1,-1
952,147,624.73,351.67,63.74,148.34,0.7903,-1,-1,-1
952,152,709.54,213.02,62.56,142.15,0.6840,-1,-1,-1
952,155,762.83,250.85,66.83,123.20,0.7506,-1,-1,-1
952,166,644.46,100.59,58.98,107.17,0.7238,-1,-1,-1
952,169,615.51,511.25,56.31,110.17,0.6629,-1,-1,-1
952,170,592.23,456.44,43.21,97.55,0.6488,-1,-1,-1
953,49,248.87,238.83,57.79,147.59,0.6818,-1,-1,-1
953,122,459.06,196.48,68.43,142.43,0.7759,-1,-1,-1
953,133,168.87,298.60,89.47,149.36,0.8469,-1,-1,-1
953,139,318.05,181.90,89.11,126.67,0.7569,-1,-1,-1
953,147,619.96,353.39,64.70,146.42,0.8029,-1,-1,-1
953,152,709.44,215.99,52.15,138.31,0.5818,-1,-1,-1
953,155,751.47,252.15,71.76,120.22,0.6872,-1,-1,-1
953,166,635.56,99.25,70.16,107.60,0.6629,-1,-1,-1
953,169,622.40,511.17,51.10,107.84,0.6547,-1,-1,-1
953,170,590.24,459.62,44.72,95.03,0.6457,-1,-1,-1
953,171,0.48,111.19,81.55,127.08,0.7032,-1,-1,-1
954,49,249.33,240.61,53.99,145.26,0.6982,-1,-1,-1
954,122,450.76,198.39,80.80,141.29,0.7976,-1,-1,-1
954,133,175.78,300.07,73.50,149.40,0.8635,-1,-1,-1
954,139,314.21,182.39,92.94,123.71,0.7856,-1,-1,-1
954,147,616.46,354.50,67.89,141.26,0.8083,-1,-1,-1
954,152,668.50,222.44,102.45,134.96,0.6304,-1,-1,-1
954,155,742.06,252.79,76.63,115.86,0.6051,-1,-1,-1
954,166,629.73,98.38,84.22,109.20,0.6613,-1,-1,-1
954,170,590.08,461.45,52.33,101.72,0.5683,-1,-1,-1
954,171,0.00,108.90,85.05,130.29,0.6370,-1,-1,-1
955,49,233.99,237.46,57.13,146.70,0.6672,-1,-1,-1
955,122,430.34,198.56,91.71,141.55,0.7441,-1,-1,-1
955,133,168.63,295.31,62.66,147.67,0.7963,-1,-1,-1
955,139,320.11,182.73,65.58,120.66,0.5884,-1,-1,-1
955,147,601.26,355.96,82.06,142.55,0.8217,-1,-1,-1
955,152,637.45,224.62,113.97,139.46,0.6221,-1,-1,-1
955,155,721.99,251.33,83.42,117.72,0.6463,-1,-1,-1
955,170,578.48,460.47,57.26,122.26,0.7212,-1,-1,-1
956,49,230.09,236.36,61.91,146.55,0.7034,-1,-1,-1
956,122,428.52,201.47,92.70,139.44,0.7610,-1,-1,-1
956,133,171.75,294.25,57.21,153.43,0.7099,-1,-1,-1
956,139,330.67,182.28,51.39,120.66,0.5669,-1,-1,-1
956,147,601.09,358.24,86.30,143.51,0.8409,-1,-1,-1
956,155,714.46,254.69,76.16,114.58,0.5746,-1,-1,-1
956,166,624.70,98.00,80.94,109.19,0.5850,-1,-1,-1
956,170,580.03,459.93,59.28,129.98,0.6770,-1,-1,-1
957,49,226.12,237.21,71.46,146.58,0.7519,-1,-1,-1
957,122,427.72,203.97,88.22,136.98,0.7701,-1,-1,-1
957,133,171.83,294.17,57.57,154.92,0.7340,-1,-1,-1
957,139,311.87,180.28,65.13,123.97,0.6547,-1,-1,-1
957,147,599.12,360.43,85.93,143.42,0.7821,-1,-1,-1
957,155,706.00,252.10,77.41,118.38,0.6335,-1,-1,-1
957,166,634.41,101.60,64.80,105.02,0.5947,-1,-1,-1
957,170,580.22,460.13,61.60,133.48,0.7202,-1,-1,-1
958,49,222.43,235.42,78.00,151.09,0.7852,-1,-1,-1
958,122,427.53,204.70,81.91,136.82,0.7745,-1,-1,-1
958,133,167.94,293.46,62.39,153.99,0.7648,-1,-1,-1
958,147,594.72,363.02,82.78,141.89,0.7486,-1,-1,-1
958,166,644.64,100.52,54.06,105.28,0.6399,-1,-1,-1
958,170,578.33,459.53,67.44,137.45,0.6751,-1,-1,-1
959,49,220.32,236.95,83.73,154.25,0.7960,-1,-1,-1
959,122,431.63,204.22,75.24,139.85,0.8218,-1,-1,-1
959,133,167.48,295.03,72.69,152.11,0.8041,-1,-1,-1
959,147,591.79,366.56,79.32,140.65,0.7663,-1,-1,-1
959,166,649.31,99.37,49.22,106.50,0.5813,-1,-1,-1
959,169,643.70,506.80,67.35,112.45,0.6435,-1,-1,-1
959,170,578.82,459.10,75.99,142.82,0.6629,-1,-1,-1
960,49,211.32,238.78,79.64,154.75,0.7635,-1,-1,-1
960,122,429.02,202.68,73.06,144.54,0.8124,-1,-1,-1
960,133,159.75,296.59,87.76,148.94,0.8531,-1,-1,-1
960,139,295.89,168.34,74.60,131.23,0.7440,-1,-1,-1
960,147,584.35,371.06,75.43,143.49,0.8159,-1,-1,-1
960,152,646.70,234.20,96.37,157.43,0.6299,-1,-1,-1
960,166,645.51,95.73,52.08,113.38,0.8303,-1,-1,-1
960,169,643.37,505.53,75.40,114.73,0.7369,-1,-1,-1
960,170,573.03,459.21,78.37,139.41,0.7861,-1,-1,-1
961,49,210.66,239.82,73.67,152.63,0.7879,-1,-1,-1
961,122,428.86,202.14,73.60,147.65,0.7266,-1,-1,-1
961,133,162.09,299.28,98.06,146.54,0.8417,-1,-1,-1
961,139,291.17,165.76,79.81,136.07,0.7745,-1,-1,-1
961,147,583.77,374.28,75.39,141.58,0.7938,-1,-1,-1
961,166,645.82,95.04,62.92,115.76,0.7333,-1,-1,-1
961,169,650.01,503.75,78.35,116.49,0.8086,-1,-1,-1
961,170,574.02,458.60,80.45,135.51,0.8062,-1,-1,-1
962,49,208.61,239.32,68.08,153.33,0.7730,-1,-1,-1
962,122,426.74,201.21,74.27,150.07,0.7709,-1,-1,-1
962,133,165.81,301.25,103.65,144.03,0.8218,-1,-1,-1
962,139,288.47,164.24,90.28,136.88,0.8093,-1,-1,-1
962,147,584.31,376.98,76.49,134.73,0.8035,-1,-1,-1
962,166,646.30,95.02,75.70,117.73,0.7948,-1,-1,-1
962,169,658.88,500.81,78.45,121.46,0.7825,-1,-1,-1
962,170,573.77,456.67,86.01,135.45,0.7395,-1,-1,-1
963,49,204.62,238.68,65.53,152.88,0.7445,-1,-1,-1
963,122,423.10,200.31,77.18,159.07,0.8260,-1,-1,-1
963,133,169.90,302.54,105.17,143.61,0.8309,-1,-1,-1
963,139,286.56,164.33,99.18,134.43,0.8124,-1,-1,-1
963,147,583.81,380.31,80.76,125.60,0.7874,-1,-1,-1
963,166,648.99,95.28,83.29,119.61,0.7330,-1,-1,-1
963,169,667.92,498.51,77.23,123.67,0.7520,-1,-1,-1
963,170,572.29,451.66,92.41,141.11,0.7587,-1,-1,-1
964,122,420.47,200.81,80.00,164.68,0.8338,-1,-1,-1
964,133,170.59,303.97,106.23,142.29,0.7874,-1,-1,-1
964,139,285.93,165.23,105.12,130.43,0.7296,-1,-1,-1
964,147,582.17,382.60,86.26,122.57,0.7630,-1,-1,-1
964,166,653.58,94.95,83.50,121.32,0.7697,-1,-1,-1
964,169,675.68,497.50,77.80,124.93,0.7596,-1,-1,-1
964,170,570.61,446.97,95.46,145.57,0.7564,-1,-1,-1
965,122,419.84,202.10,79.75,165.99,0.8373,-1,-1,-1
965,133,169.94,256.67,100.94,190.84,0.6545,-1,-1,-1
965,139,290.68,164.16,91.95,128.47,0.6328,-1,-1,-1
965,166,667.45,97.96,62.84,117.56,0.6609,-1,-1,-1
965,169,689.44,497.46,76.63,124.66,0.7857,-1,-1,-1
965,170,562.58,410.84,101.79,183.98,0.6788,-1,-1,-1
966,122,423.16,202.92,76.69,165.91,0.7907,-1,-1,-1
966,133,179.41,238.71,93.86,209.37,0.7784,-1,-1,-1
966,139,320.51,161.99,62.21,127.55,0.5532,-1,-1,-1
966,152,635.80,236.83,103.85,170.10,0.6757,-1,-1,-1
966,169,703.46,495.25,74.98,126.16,0.7550,-1,-1,-1
966,170,561.94,396.64,103.18,198.40,0.6499,-1,-1,-1
967,122,424.57,203.21,72.05,166.50,0.7888,-1,-1,-1
967,133,184.69,230.19,83.08,219.43,0.8176,-1,-1,-1
967,139,332.11,158.95,55.82,130.60,0.6612,-1,-1,-1
967,152,633.90,236.53,107.39,171.11,0.7288,-1,-1,-1
967,166,690.47,100.71,48.72,113.28,0.6198,-1,-1,-1
967,169,713.97,494.62,77.04,126.51,0.7595,-1,-1,-1
967,170,561.95,390.08,102.64,204.83,0.7898,-1,-1,-1
968,122,421.31,202.76,72.72,166.96,0.7697,-1,-1,-1
968,133,185.62,226.84,76.93,227.01,0.8023,-1,-1,-1
968,139,332.62,157.23,58.20,126.61,0.6537,-1,-1,-1
968,152,633.61,236.85,107.14,172.89,0.7804,-1,-1,-1
968,166,697.27,98.91,49.80,115.10,0.6574,-1,-1,-1
968,169,724.65,492.22,78.69,129.01,0.7655,-1,-1,-1
968,170,563.08,387.20,101.24,208.27,0.7855,-1,-1,-1
969,122,419.20,201.31,74.62,168.11,0.7485,-1,-1,-1
969,133,185.23,226.91,74.71,228.93,0.6819,-1,-1,-1
969,139,333.10,152.91,57.10,132.60,0.6380,-1,-1,-1
969,152,642.80,249.96,99.30,161.61,0.7812,-1,-1,-1
969,166,700.81,97.79,66.23,116.84,0.5538,-1,-1,-1
969,169,733.91,489.57,79.76,132.26,0.7559,-1,-1,-1
969,170,564.67,385.49,101.38,210.63,0.8190,-1,-1,-1
970,122,429.39,200.31,70.51,168.93,0.7805,-1,-1,-1
970,133,183.92,227.75,76.52,191.88,0.5902,-1,-1,-1
970,139,332.68,146.68,65.46,142.41,0.8108,-1,-1,-1
970,152,649.29,262.88,93.32,153.83,0.7850,-1,-1,-1
970,169,751.47,489.54,82.56,132.60,0.7848,-1,-1,-1
970,170,567.98,378.31,104.86,220.94,0.8302,-1,-1,-1
971,122,434.99,198.38,76.74,171.27,0.8500,-1,-1,-1
971,133,185.80,230.81,74.75,172.35,0.7586,-1,-1,-1
971,139,335.08,144.98,74.04,145.81,0.8447,-1,-1,-1
971,152,651.36,270.78,92.64,150.37,0.7244,-1,-1,-1
971,169,765.54,489.42,83.41,133.00,0.7375,-1,-1,-1
971,170,572.50,370.72,108.40,231.41,0.8179,-1,-1,-1
971,175,612.24,251.07,59.66,168.95,0.6005,-1,-1,-1
972,122,439.64,198.23,81.56,173.63,0.8671,-1,-1,-1
972,133,187.66,234.13,74.74,161.54,0.7522,-1,-1,-1
972,139,337.38,145.83,85.69,146.32,0.8762,-1,-1,-1
972,152,651.58,274.82,92.44,148.03,0.7315,-1,-1,-1
972,169,776.80,491.70,86.34,130.56,0.7054,-1,-1,-1
972,170,576.92,374.13,110.90,230.61,0.7918,-1,-1,-1
972,176,22.94,78.73,86.15,148.01,0.8097,-1,-1,-1
973,122,442.53,197.73,85.81,176.83,0.8707,-1,-1,-1
973,133,189.59,236.71,72.65,157.46,0.6993,-1,-1,-1
973,139,341.08,146.40,90.45,147.04,0.8649,-1,-1,-1
973,169,789.48,494.22,84.98,128.10,0.6653,-1,-1,-1
973,170,578.55,376.19,114.99,231.29,0.7917,-1,-1,-1
973,176,29.49,80.12,94.20,145.13,0.8388,-1,-1,-1
974,122,444.27,199.01,88.73,177.85,0.8617,-1,-1,-1
974,133,192.20,236.86,69.30,175.03,0.5793,-1,-1,-1
974,139,346.80,143.74,86.53,150.11,0.7668,-1,-1,-1
974,169,801.46,494.90,84.63,125.45,0.6834,-1,-1,-1
974,170,579.23,389.97,120.48,220.26,0.6421,-1,-1,-1
974,176,26.56,83.52,107.08,141.43,0.7960,-1,-1,-1
975,122,446.22,199.58,87.41,180.48,0.8389,-1,-1,-1
975,133,198.20,235.44,59.16,143.57,0.7485,-1,-1,-1
975,139,357.28,140.84,75.31,150.49,0.7753,-1,-1,-1
975,152,627.49,266.32,115.59,158.27,0.6549,-1,-1,-1
975,169,818.01,493.88,83.65,126.18,0.7781,-1,-1,-1
975,170,577.43,421.00,131.77,191.46,0.7722,-1,-1,-1
975,176,45.44,82.37,84.38,140.03,0.6818,-1,-1,-1
976,122,447.85,200.47,86.07,180.13,0.8380,-1,-1,-1
976,139,366.85,140.47,65.58,150.20,0.7435,-1,-1,-1
976,169,829.78,492.43,83.61,127.88,0.7748,-1,-1,-1
976,170,576.31,436.92,139.02,175.16,0.7404,-1,-1,-1
976,176,52.02,80.28,74.63,139.41,0.7475,-1,-1,-1
977,122,447.90,201.18,84.09,179.52,0.8289,-1,-1,-1
977,139,375.98,139.26,58.71,150.36,0.7474,-1,-1,-1
977,152,618.20,260.60,120.09,170.35,0.5998,-1,-1,-1
977,169,838.13,491.29,86.19,129.40,0.7560,-1,-1,-1
977,170,574.07,440.08,145.26,174.24,0.8140,-1,-1,-1
977,176,52.77,79.25,71.24,139.67,0.7055,-1,-1,-1
978,122,446.63,201.98,80.21,177.80,0.8300,-1,-1,-1
978,139,384.23,136.35,54.26,150.21,0.6618,-1,-1,-1
978,152,623.95,259.15,112.39,180.39,0.5821,-1,-1,-1
978,169,845.15,492.22,86.55,127.00,0.7900,-1,-1,-1
978,170,570.72,443.21,148.43,171.14,0.8253,-1,-1,-1
979,122,445.21,202.32,79.58,178.16,0.8041,-1,-1,-1
979,133,199.90,229.82,54.15,174.51,0.7121,-1,-1,-1
979,139,388.04,131.89,56.11,153.93,0.6931,-1,-1,-1
979,169,852.29,492.14,88.07,127.74,0.7938,-1,-1,-1
979,170,568.06,454.70,150.90,159.01,0.7578,-1,-1,-1
979,176,64.61,68.83,62.16,149.19,0.6050,-1,-1,-1
979,178,233.85,310.30,82.08,171.04,0.7795,-1,-1,-1
980,122,438.88,198.69,77.42,184.61,0.7871,-1,-1,-1
980,133,191.82,227.47,56.25,171.19,0.6433,-1,-1,-1
980,139,379.07,129.12,68.22,160.84,0.7279,-1,-1,-1
980,152,627.36,260.96,101.05,163.20,0.6560,-1,-1,-1
980,169,864.59,491.70,87.89,130.99,0.8430,-1,-1,-1
980,170,562.02,402.72,153.53,213.37,0.7874,-1,-1,-1
980,176,62.33,63.80,67.79,155.80,0.8107,-1,-1,-1
980,178,227.17,310.71,95.59,179.27,0.8577,-1,-1,-1
981,122,436.97,197.35,74.64,186.76,0.8312,-1,-1,-1
981,133,189.66,226.61,59.34,169.57,0.7006,-1,-1,-1
981,139,376.66,127.66,73.27,163.28,0.7633,-1,-1,-1
981,152,622.72,262.49,103.26,157.07,0.7669,-1,-1,-1
981,169,873.76,489.62,88.94,133.28,0.8189,-1,-1,-1
981,170,559.95,386.48,153.13,228.63,0.6608,-1,-1,-1
981,176,63.81,61.04,77.48,157.76,0.8371,-1,-1,-1
981,178,228.32,315.13,99.84,180.34,0.8296,-1,-1,-1
982,122,432.73,193.34,74.89,191.83,0.7972,-1,-1,-1
982,133,186.70,226.48,60.26,173.59,0.6921,-1,-1,-1
982,139,373.62,126.96,77.88,164.02,0.7640,-1,-1,-1
982,152,629.61,266.68,96.71,149.35,0.6813,-1,-1,-1
982,169,881.04,488.41,90.00,134.14,0.7988,-1,-1,-1
982,170,558.57,426.26,152.02,190.45,0.6697,-1,-1,-1
982,176,63.65,59.84,89.85,158.67,0.8136,-1,-1,-1
982,178,224.82,318.22,100.70,178.68,0.8060,-1,-1,-1
983,122,430.49,190.24,73.44,196.82,0.8392,-1,-1,-1
983,133,184.81,226.48,58.97,149.36,0.6749,-1,-1,-1
983,139,373.60,127.38,80.06,163.42,0.7316,-1,-1,-1
983,152,635.79,272.16,93.93,143.40,0.7924,-1,-1,-1
983,169,887.45,487.68,92.90,134.67,0.8189,-1,-1,-1
983,170,555.89,447.24,151.53,171.45,0.6586,-1,-1,-1
983,175,560.58,255.07,86.34,171.55,0.5833,-1,-1,-1
983,176,63.91,60.45,96.99,158.87,0.8465,-1,-1,-1
983,178,220.01,318.90,101.17,179.55,0.8256,-1,-1,-1
984,122,428.93,188.54,71.21,199.66,0.8272,-1,-1,-1
984,133,183.31,226.92,57.91,137.42,0.6800,-1,-1,-1
984,139,376.20,129.46,78.11,160.53,0.5954,-1,-1,-1
984,152,637.03,277.82,99.98,149.41,0.7615,-1,-1,-1
984,169,892.67,486.26,95.25,136.64,0.7967,-1,-1,-1
984,170,552.93,403.91,152.03,216.92,0.7236,-1,-1,-1
984,176,64.96,60.64,98.31,158.72,0.8652,-1,-1,-1
984,178,224.12,320.44,93.03,181.39,0.8494,-1,-1,-1
985,122,410.77,185.36,84.08,205.33,0.7454,-1,-1,-1
985,133,177.02,224.92,60.66,141.11,0.6803,-1,-1,-1
985,152,634.50,286.43,116.88,146.91,0.8280,-1,-1,-1
985,169,903.66,486.67,94.96,136.81,0.8122,-1,-1,-1
985,170,553.58,392.57,148.41,226.26,0.6939,-1,-1,-1
985,176,69.92,61.57,83.24,156.27,0.8090,-1,-1,-1
985,178,224.80,324.61,85.72,180.30,0.8215,-1,-1,-1
986,122,414.31,183.76,77.07,208.19,0.7635,-1,-1,-1
986,133,176.01,224.67,61.43,138.23,0.7507,-1,-1,-1
986,152,631.80,291.43,126.21,146.43,0.8272,-1,-1,-1
986,169,911.60,487.32,91.52,136.52,0.7687,-1,-1,-1
986,170,549.87,388.98,149.66,230.71,0.7307,-1,-1,-1
986,176,76.79,61.69,72.32,154.57,0.7683,-1,-1,-1
986,178,221.91,329.40,90.61,179.75,0.8164,-1,-1,-1
987,122,411.85,183.06,76.45,208.99,0.7629,-1,-1,-1
987,133,172.94,223.15,64.83,143.63,0.6993,-1,-1,-1
987,152,631.31,298.14,130.18,142.11,0.7485,-1,-1,-1
987,169,917.54,488.07,88.60,135.94,0.7331,-1,-1,-1
987,170,545.66,390.55,152.37,230.58,0.6635,-1,-1,-1
987,176,82.48,56.65,68.68,159.24,0.7707,-1,-1,-1
987,178,219.95,332.65,100.77,179.98,0.8595,-1,-1,-1
988,122,410.01,183.30,77.12,208.45,0.7942,-1,-1,-1
988,133,170.21,220.96,70.33,166.13,0.6786,-1,-1,-1
988,152,634.86,302.30,128.66,136.93,0.7811,-1,-1,-1
988,169,923.18,488.33,86.53,138.73,0.7556,-1,-1,-1
988,170,546.17,420.97,149.84,199.98,0.6430,-1,-1,-1
988,176,87.72,52.24,67.75,162.39,0.7641,-1,-1,-1
988,178,217.98,340.34,110.47,176.00,0.7798,-1,-1,-1
989,122,407.06,176.79,79.92,214.79,0.8038,-1,-1,-1
989,133,167.21,218.32,75.39,180.78,0.5712,-1,-1,-1
989,152,637.54,304.71,127.52,134.15,0.7673,-1,-1,-1
989,169,928.50,488.47,86.56,137.25,0.8099,-1,-1,-1
989,170,544.56,403.46,152.45,217.20,0.7814,-1,-1,-1
989,176,91.52,47.35,70.24,165.25,0.7438,-1,-1,-1
989,178,221.16,353.35,111.49,164.49,0.7528,-1,-1,-1
989,179,842.02,109.49,62.24,146.21,0.5875,-1,-1,-1
990,122,406.03,177.15,81.71,217.22,0.7912,-1,-1,-1
990,133,164.74,214.95,79.51,165.03,0.7374,-1,-1,-1
990,152,639.45,305.99,128.19,137.04,0.7872,-1,-1,-1
990,169,936.89,487.59,88.41,136.83,0.7930,-1,-1,-1
990,170,540.07,398.44,152.65,219.81,0.7805,-1,-1,-1
990,176,98.40,42.50,74.97,170.50,0.8325,-1,-1,-1
990,178,219.52,353.39,113.45,168.66,0.7529,-1,-1,-1
991,122,407.75,177.71,85.39,217.69,0.7764,-1,-1,-1
991,133,164.26,213.48,83.55,165.78,0.7121,-1,-1,-1
991,152,641.37,306.04,127.77,135.28,0.7084,-1,-1,-1
991,169,942.42,485.52,88.25,137.15,0.7855,-1,-1,-1
991,170,539.72,418.06,148.77,198.90,0.6488,-1,-1,-1
991,176,103.88,40.76,87.22,171.48,0.8560,-1,-1,-1
991,178,219.56,352.67,114.69,173.58,0.7937,-1,-1,-1
992,122,410.47,178.07,95.19,217.58,0.7993,-1,-1,-1
992,133,166.77,213.14,85.52,164.24,0.6002,-1,-1,-1
992,139,432.41,110.56,81.30,177.88,0.5877,-1,-1,-1
992,152,647.12,303.71,123.75,136.21,0.7001,-1,-1,-1
992,169,946.55,483.11,89.94,138.49,0.8223,-1,-1,-1
992,170,542.28,430.59,143.06,186.34,0.6736,-1,-1,-1
992,176,109.62,39.23,97.70,174.69,0.8747,-1,-1,-1
992,178,218.46,349.59,117.63,179.23,0.8006,-1,-1,-1
993,122,415.40,181.09,91.88,214.60,0.7953,-1,-1,-1
993,133,169.01,213.03,89.71,180.50,0.7695,-1,-1,-1
993,139,444.55,113.92,79.65,178.59,0.6751,-1,-1,-1
993,152,655.78,297.78,117.65,141.89,0.8141,-1,-1,-1
993,169,950.53,481.78,90.21,139.61,0.8237,-1,-1,-1
993,170,543.86,418.02,137.93,198.21,0.7805,-1,-1,-1
993,176,118.19,40.17,106.37,174.88,0.8152,-1,-1,-1
993,178,219.44,346.33,120.24,182.53,0.8274,-1,-1,-1
994,122,421.64,184.83,80.79,210.89,0.7989,-1,-1,-1
994,133,172.92,211.67,91.50,187.54,0.7120,-1,-1,-1
994,139,456.11,114.97,74.09,179.16,0.7004,-1,-1,-1
994,152,662.69,295.39,115.89,145.76,0.7790,-1,-1,-1
994,169,957.70,480.92,88.18,140.40,0.7329,-1,-1,-1
994,170,539.93,433.12,138.65,183.32,0.5840,-1,-1,-1
994,176,127.99,42.38,104.48,173.57,0.7891,-1,-1,-1
994,178,219.60,343.93,123.20,186.60,0.7948,-1,-1,-1
994,180,584.20,389.23,99.47,166.67,0.5985,-1,-1,-1
995,122,436.21,188.98,73.83,209.98,0.8422,-1,-1,-1
995,133,183.83,211.87,95.91,188.17,0.7062,-1,-1,-1
995,139,478.19,116.35,69.26,177.82,0.8093,-1,-1,-1
995,152,676.77,300.81,115.30,144.10,0.6678,-1,-1,-1
995,169,972.47,478.23,87.73,147.79,0.6977,-1,-1,-1
995,170,531.23,404.83,155.77,212.65,0.5627,-1,-1,-1
995,176,152.95,45.57,95.20,169.70,0.8106,-1,-1,-1
995,178,228.84,337.40,122.26,191.54,0.8067,-1,-1,-1
995,181,638.70,265.61,55.93,161.09,0.5529,-1,-1,-1
996,122,443.01,191.69,71.46,202.76,0.8418,-1,-1,-1
996,133,190.03,213.93,98.60,193.26,0.6223,-1,-1,-1
996,139,490.89,116.84,66.07,178.59,0.7716,-1,-1,-1
996,152,692.40,296.74,107.51,156.95,0.6461,-1,-1,-1
996,169,980.64,476.66,87.75,173.44,0.6486,-1,-1,-1
996,176,172.83,46.82,84.38,169.78,0.8274,-1,-1,-1
996,178,229.91,331.17,119.13,196.40,0.8517,-1,-1,-1
996,180,586.07,384.42,115.16,196.82,0.5802,-1,-1,-1
997,122,449.35,195.24,85.10,198.44,0.8333,-1,-1,-1
997,133,196.55,216.95,98.19,174.48,0.6972,-1,-1,-1
997,139,505.95,117.04,64.26,179.38,0.7324,-1,-1,-1
997,152,706.44,289.19,100.60,164.77,0.6106,-1,-1,-1
997,169,988.13,476.25,89.60,189.48,0.6690,-1,-1,-1
997,176,192.17,46.17,75.94,169.33,0.8304,-1,-1,-1
997,178,219.52,327.12,125.31,198.82,0.8483,-1,-1,-1
997,180,590.57,383.81,117.69,196.86,0.5691,-1,-1,-1
998,122,455.61,199.31,95.55,193.50,0.8281,-1,-1,-1
998,133,205.41,220.67,96.27,165.65,0.6538,-1,-1,-1
998,152,714.55,292.03,100.40,170.14,0.6032,-1,-1,-1
998,169,996.01,475.84,90.43,198.75,0.7145,-1,-1,-1
998,176,208.56,45.69,73.30,169.13,0.8311,-1,-1,-1
998,178,222.51,323.56,117.56,202.69,0.8262,-1,-1,-1
998,180,597.31,382.76,119.58,221.19,0.5502,-1,-1,-1
999,122,460.49,201.57,117.78,191.63,0.8191,-1,-1,-1
999,133,211.70,223.19,96.84,146.77,0.6257,-1,-1,-1
999,139,534.64,117.17,69.05,179.82,0.5609,-1,-1,-1
999,169,1001.60,475.70,94.25,200.47,0.7738,-1,-1,-1
999,170,564.04,434.51,113.64,180.35,0.6397,-1,-1,-1
999,176,224.85,44.72,72.61,170.76,0.7922,-1,-1,-1
999,178,223.71,322.61,112.57,201.78,0.7169,-1,-1,-1
999,180,621.95,381.05,105.02,191.73,0.6266,-1,-1,-1
1000,122,479.04,204.15,117.17,186.25,0.8116,-1,-1,-1
1000,139,566.53,118.25,77.41,175.90,0.7478,-1,-1,-1
1000,152,751.52,287.61,85.35,176.51,0.5723,-1,-1,-1
1000,169,1017.30,475.82,99.34,202.03,0.7785,-1,-1,-1
1000,176,258.30,43.93,73.76,175.59,0.8050,-1,-1,-1
1000,178,246.77,317.54,97.99,202.53,0.7911,-1,-1,-1
1001,122,486.58,204.35,110.44,184.42,0.7890,-1,-1,-1
1001,139,583.80,121.63,85.16,174.44,0.6007,-1,-1,-1
1001,169,1024.50,476.90,102.59,201.80,0.7780,-1,-1,-1
1001,176,279.50,45.44,74.47,178.11,0.7929,-1,-1,-1
1001,178,261.43,316.29,85.39,202.16,0.7237,-1,-1,-1
1001,180,657.02,377.08,103.33,196.63,0.6315,-1,-1,-1
1001,181,723.92,273.17,73.42,166.67,0.6043,-1,-1,-1
1001,183,16.72,31.39,79.80,171.54,0.8080,-1,-1,-1
1002,122,493.66,204.52,117.99,180.62,0.8441,-1,-1,-1
1002,139,601.28,127.04,90.00,173.17,0.5745,-1,-1,-1
1002,152,792.40,285.92,72.69,163.81,0.5594,-1,-1,-1
1002,169,1032.75,478.13,105.49,204.50,0.7977,-1,-1,-1
1002,176,299.38,48.74,77.92,178.50,0.7832,-1,-1,-1
1002,178,278.11,315.60,78.85,197.94,0.7111,-1,-1,-1
1002,180,670.46,375.01,103.08,180.44,0.6735,-1,-1,-1
1002,181,739.68,274.85,74.77,162.84,0.7088,-1,-1,-1
1002,183,47.46,36.80,68.04,164.94,0.6676,-1,-1,-1
1003,122,500.11,204.57,115.21,179.60,0.8488,-1,-1,-1
1003,139,618.66,132.51,90.23,167.72,0.6469,-1,-1,-1
1003,152,801.21,286.85,72.19,166.85,0.6441,-1,-1,-1
1003,169,1043.38,479.16,105.06,204.40,0.8066,-1,-1,-1
1003,176,321.49,52.40,82.20,180.57,0.8008,-1,-1,-1
1003,178,295.14,318.15,78.14,196.14,0.5733,-1,-1,-1
1003,180,670.42,374.18,117.52,224.64,0.5935,-1,-1,-1
1003,181,754.63,274.73,71.67,155.67,0.6797,-1,-1,-1
1003,183,77.68,40.04,57.72,163.00,0.6644,-1,-1,-1
1003,185,1049.00,171.61,73.94,174.31,0.6784,-1,-1,-1
1004,122,512.85,203.66,111.53,179.79,0.8721,-1,-1,-1
1004,139,614.35,135.60,107.27,163.24,0.6260,-1,-1,-1
1004,152,816.52,284.58,71.97,173.30,0.5948,-1,-1,-1
1004,169,1056.02,479.48,102.35,200.42,0.8263,-1,-1,-1
1004,176,342.85,57.78,87.86,176.99,0.8100,-1,-1,-1
1004,178,305.05,317.90,87.26,194.88,0.6538,-1,-1,-1
1004,180,686.97,371.91,114.43,195.18,0.7500,-1,-1,-1
1004,181,767.52,274.36,72.10,161.23,0.6433,-1,-1,-1
1004,183,107.84,38.16,51.79,165.52,0.5743,-1,-1,-1
1004,185,1064.12,177.11,69.06,168.50,0.6291,-1,-1,-1
1005,122,538.25,204.64,112.39,178.33,0.8848,-1,-1,-1
1005,139,657.58,136.13,90.42,164.90,0.6013,-1,-1,-1
1005,152,844.65,278.64,67.24,182.73,0.5956,-1,-1,-1
1005,169,1073.60,479.13,102.76,199.38,0.8104,-1,-1,-1
1005,170,696.30,437.62,60.21,180.77,0.5773,-1,-1,-1
1005,176,386.26,68.79,94.32,166.07,0.8545,-1,-1,-1
1005,178,310.52,269.49,115.75,240.02,0.8018,-1,-1,-1
1005,180,721.52,371.34,103.06,177.70,0.7177,-1,-1,-1
1005,185,1092.17,190.43,68.85,169.49,0.6591,-1,-1,-1
1006,122,549.10,205.60,113.30,177.47,0.8731,-1,-1,-1
1006,169,1081.30,478.40,100.03,200.75,0.8112,-1,-1,-1
1006,176,410.24,73.76,96.76,161.65,0.8451,-1,-1,-1
1006,178,318.17,251.51,121.01,256.87,0.5814,-1,-1,-1
1006,180,732.17,369.23,103.18,174.75,0.6902,-1,-1,-1
1006,183,181.98,41.77,68.81,164.58,0.6674,-1,-1,-1
1006,185,1105.50,193.57,66.42,168.08,0.6407,-1,-1,-1
1007,122,559.95,205.43,111.75,178.04,0.8963,-1,-1,-1
1007,139,658.36,133.13,115.85,162.57,0.6738,-1,-1,-1
1007,152,867.35,268.59,64.56,188.04,0.5722,-1,-1,-1
1007,169,1089.63,477.50,98.53,202.43,0.8045,-1,-1,-1
1007,170,724.40,437.35,55.22,180.61,0.6950,-1,-1,-1
1007,176,431.54,77.95,93.56,159.98,0.8809,-1,-1,-1
1007,178,325.76,244.09,125.17,261.68,0.7586,-1,-1,-1
1007,180,746.21,367.49,99.09,174.33,0.7555,-1,-1,-1
1007,183,203.64,49.60,79.08,156.10,0.7330,-1,-1,-1
1007,185,1117.04,197.08,67.59,165.69,0.6550,-1,-1,-1
1008,122,568.54,206.42,109.25,176.51,0.8502,-1,-1,-1
1008,169,1096.67,476.63,94.03,198.02,0.8027,-1,-1,-1
1008,170,736.63,435.97,56.77,179.31,0.6242,-1,-1,-1
1008,176,450.93,81.55,90.66,157.91,0.8693,-1,-1,-1
1008,178,336.59,241.50,122.04,260.27,0.6887,-1,-1,-1
1008,180,759.27,366.99,95.58,176.19,0.7080,-1,-1,-1
1008,181,831.33,268.24,98.67,178.45,0.5994,-1,-1,-1
1008,183,223.66,57.57,85.56,149.82,0.7977,-1,-1,-1
1008,185,1130.42,202.61,69.79,162.41,0.7037,-1,-1,-1
1009,122,578.27,206.82,102.67,174.88,0.8323,-1,-1,-1
1009,139,700.59,131.42,89.46,161.83,0.6723,-1,-1,-1
1009,169,1104.43,475.62,86.82,190.52,0.8049,-1,-1,-1
1009,176,467.12,83.37,89.37,158.18,0.8654,-1,-1,-1
1009,180,773.64,366.16,92.06,176.29,0.7098,-1,-1,-1
1009,183,242.51,60.04,94.38,149.60,0.7468,-1,-1,-1
1009,185,1141.91,206.18,72.28,169.47,0.6184,-1,-1,-1
1009,187,13.99,364.41,88.45,162.46,0.7673,-1,-1,-1
1010,122,599.45,209.51,87.77,175.43,0.8142,-1,-1,-1
1010,139,729.14,136.63,79.75,154.52,0.7715,-1,-1,-1
1010,169,1116.03,474.57,72.48,187.28,0.7306,-1,-1,-1
1010,170,774.57,441.95,57.90,171.20,0.6856,-1,-1,-1
1010,176,499.34,82.83,87.18,161.38,0.8395,-1,-1,-1
1010,178,377.10,239.12,105.69,252.05,0.7842,-1,-1,-1
1010,180,800.40,367.52,85.87,174.94,0.6359,-1,-1,-1
1010,181,861.80,253.18,99.38,189.62,0.5973,-1,-1,-1
1010,183,279.51,64.78,99.97,147.54,0.6737,-1,-1,-1
1010,187,47.90,361.78,93.77,163.38,0.6972,-1,-1,-1
1011,122,608.15,211.60,73.20,174.70,0.7696,-1,-1,-1
1011,139,736.08,140.12,81.04,151.45,0.7467,-1,-1,-1
1011,169,1118.62,472.81,60.04,182.67,0.7413,-1,-1,-1
1011,170,782.47,442.05,63.20,173.81,0.7231,-1,-1,-1
1011,176,515.74,83.93,87.37,158.64,0.8414,-1,-1,-1
1011,178,393.11,240.56,94.81,242.98,0.8259,-1,-1,-1
1011,180,813.97,367.17,81.76,173.93,0.6930,-1,-1,-1
1011,181,870.69,249.54,96.16,193.17,0.6347,-1,-1,-1
1011,183,297.88,68.90,101.79,143.39,0.6956,-1,-1,-1
1011,185,1174.88,224.94,70.62,167.88,0.5893,-1,-1,-1
1011,187,70.30,359.75,92.50,157.83,0.7169,-1,-1,-1
1012,122,616.00,213.30,66.93,175.60,0.7522,-1,-1,-1
1012,139,739.36,143.63,86.73,147.31,0.7304,-1,-1,-1
1012,169,1121.79,473.05,56.86,181.39,0.6587,-1,-1,-1
1012,170,790.18,442.28,67.96,174.86,0.6144,-1,-1,-1
1012,176,533.54,83.35,86.24,157.80,0.7905,-1,-1,-1
1012,178,407.15,242.70,91.52,240.86,0.8084,-1,-1,-1
1012,180,824.75,367.37,78.42,172.93,0.6490,-1,-1,-1
1012,181,877.84,248.40,99.93,193.92,0.6034,-1,-1,-1
1012,183,315.69,71.52,100.41,139.83,0.6163,-1,-1,-1
1012,185,1185.74,231.47,66.17,167.94,0.5643,-1,-1,-1
1012,187,87.41,357.35,95.61,167.12,0.8370,-1,-1,-1
1013,122,620.06,214.72,68.50,174.51,0.7938,-1,-1,-1
1013,139,744.09,145.25,91.39,146.03,0.8034,-1,-1,-1
1013,169,1122.93,473.67,57.32,177.45,0.6856,-1,-1,-1
1013,170,792.48,444.70,73.79,171.64,0.7456,-1,-1,-1
1013,176,552.42,83.65,81.66,153.97,0.8120,-1,-1,-1
1013,178,419.34,245.72,93.44,236.65,0.8075,-1,-1,-1
1013,180,841.64,366.11,68.86,173.46,0.6215,-1,-1,-1
1013,183,346.49,72.71,82.99,136.32,0.6520,-1,-1,-1
1013,185,1194.85,233.98,64.63,170.21,0.5950,-1,-1,-1
1013,187,106.38,353.16,93.29,169.83,0.8089,-1,-1,-1
1014,122,623.99,221.14,73.17,162.14,0.8041,-1,-1,-1
1014,139,751.38,148.00,90.42,143.58,0.7422,-1,-1,-1
1014,169,1115.20,474.34,70.30,174.22,0.6574,-1,-1,-1
1014,170,801.26,445.96,74.19,168.70,0.6493,-1,-1,-1
1014,176,570.29,85.50,76.74,151.57,0.7520,-1,-1,-1
1014,178,429.69,248.85,93.84,232.44,0.8212,-1,-1,-1
1014,180,853.13,366.49,66.23,171.40,0.6226,-1,-1,-1
1014,183,364.46,73.26,77.78,135.72,0.5801,-1,-1,-1
1014,185,1201.94,239.36,60.34,169.32,0.6356,-1,-1,-1
1014,187,124.48,352.90,91.91,167.35,0.7762,-1,-1,-1
1015,122,625.99,229.27,83.94,151.67,0.8075,-1,-1,-1
1015,169,1104.51,476.47,86.46,171.12,0.7367,-1,-1,-1
1015,176,602.74,84.48,60.95,150.54,0.7194,-1,-1,-1
1015,180,868.33,367.72,57.79,167.44,0.6488,-1,-1,-1
1015,181,918.62,251.69,75.72,190.51,0.5955,-1,-1,-1
1015,183,401.69,74.73,58.03,136.47,0.7116,-1,-1,-1
1015,187,152.83,348.13,88.12,169.18,0.8692,-1,-1,-1
1016,122,621.64,234.56,91.13,147.53,0.8313,-1,-1,-1
1016,139,763.37,155.20,82.38,139.49,0.6088,-1,-1,-1
1016,169,1094.21,478.88,101.56,172.91,0.7432,-1,-1,-1
1016,170,823.96,446.66,64.71,170.12,0.5698,-1,-1,-1
1016,176,616.64,81.76,54.93,151.40,0.7930,-1,-1,-1
1016,178,446.29,261.69,77.63,216.69,0.7176,-1,-1,-1
1016,180,875.12,368.74,54.85,168.00,0.5934,-1,-1,-1
1016,181,922.82,254.25,72.21,191.51,0.6505,-1,-1,-1
1016,183,414.08,74.46,49.18,137.20,0.6132,-1,-1,-1
1016,187,168.39,345.57,80.33,162.80,0.8353,-1,-1,-1
1017,122,617.03,237.94,96.35,146.02,0.8036,-1,-1,-1
1017,169,1089.60,481.17,108.77,177.02,0.7037,-1,-1,-1
1017,170,802.77,447.84,89.15,168.56,0.6772,-1,-1,-1
1017,176,624.40,81.50,53.70,149.09,0.7703,-1,-1,-1
1017,178,445.85,266.85,86.01,212.07,0.7259,-1,-1,-1
1017,180,878.91,368.41,52.55,169.29,0.6863,-1,-1,-1
1017,181,907.94,256.52,87.67,190.25,0.5514,-1,-1,-1
1017,183,423.35,73.16,47.03,137.31,0.6230,-1,-1,-1
1017,185,1214.51,259.76,64.28,165.70,0.5586,-1,-1,-1
1017,187,179.86,344.15,74.86,161.06,0.8282,-1,-1,-1
1017,190,1154.82,632.92,64.85,86.95,0.5922,-1,-1,-1
1018,122,612.07,240.30,100.55,153.23,0.8470,-1,-1,-1
1018,139,758.84,151.79,75.64,139.26,0.7527,-1,-1,-1
1018,169,1086.72,482.36,113.73,178.48,0.6938,-1,-1,-1
1018,170,796.78,448.17,95.92,167.95,0.7255,-1,-1,-1
1018,176,629.40,81.97,51.44,145.90,0.7997,-1,-1,-1
1018,178,441.27,270.89,91.98,209.74,0.7879,-1,-1,-1
1018,180,881.51,367.88,50.57,170.26,0.7067,-1,-1,-1
1018,181,908.54,259.36,86.56,188.56,0.6353,-1,-1,-1
1018,183,426.26,72.40,57.62,139.20,0.6537,-1,-1,-1
1018,187,183.88,342.39,74.49,162.32,0.8280,-1,-1,-1
1018,190,1155.67,632.90,64.17,87.07,0.5670,-1,-1,-1
1019,122,607.85,243.62,103.55,158.25,0.8424,-1,-1,-1
1019,139,756.24,152.05,66.23,138.77,0.6786,-1,-1,-1
1019,169,1087.17,483.60,111.05,176.99,0.6482,-1,-1,-1
1019,170,794.28,448.44,97.57,169.31,0.7567,-1,-1,-1
1019,176,632.25,82.97,49.84,142.62,0.8016,-1,-1,-1
1019,178,432.46,275.32,92.53,206.67,0.5949,-1,-1,-1
1019,180,882.42,368.24,49.46,170.65,0.6958,-1,-1,-1
1019,183,428.78,73.36,66.38,137.94,0.7029,-1,-1,-1
1019,185,1213.68,264.56,66.32,166.17,0.6353,-1,-1,-1
1019,187,184.99,340.66,67.48,162.50,0.7602,-1,-1,-1
1019,190,1153.96,632.68,64.88,87.27,0.5589,-1,-1,-1
1020,122,597.88,244.93,102.68,162.40,0.8116,-1,-1,-1
1020,139,753.58,152.68,53.02,134.68,0.6111,-1,-1,-1
1020,169,1086.59,482.67,102.24,171.16,0.6448,-1,-1,-1
1020,170,796.24,448.57,94.14,171.18,0.7969,-1,-1,-1
1020,176,633.96,82.62,55.71,147.82,0.7574,-1,-1,-1
1020,180,882.13,367.48,48.40,170.01,0.6334,-1,-1,-1
1020,181,927.35,260.82,55.42,158.55,0.5974,-1,-1,-1
1020,183,428.80,72.86,76.11,137.65,0.7809,-1,-1,-1
1020,185,1210.95,265.40,69.05,170.62,0.6290,-1,-1,-1
1020,187,184.59,338.43,72.07,163.20,0.7907,-1,-1,-1
1021,122,589.59,244.83,102.31,165.67,0.7381,-1,-1,-1
1021,139,741.71,153.56,55.85,134.01,0.7567,-1,-1,-1
1021,169,1087.60,482.54,89.61,169.75,0.6133,-1,-1,-1
1021,170,798.92,450.05,90.06,171.80,0.7859,-1,-1,-1
1021,176,636.08,83.83,58.71,147.02,0.7227,-1,-1,-1
1021,180,880.56,367.07,48.57,168.91,0.6695,-1,-1,-1
1021,183,428.90,74.48,81.61,134.73,0.7871,-1,-1,-1
1021,185,1209.91,268.75,70.09,174.59,0.6635,-1,-1,-1
1021,187,185.10,337.14,77.92,163.13,0.8009,-1,-1,-1
1022,122,583.33,243.42,84.85,169.47,0.6870,-1,-1,-1
1022,139,742.70,153.30,49.73,136.23,0.7295,-1,-1,-1
1022,170,802.39,451.59,87.63,171.29,0.7550,-1,-1,-1
1022,176,637.09,82.61,60.51,150.60,0.6786,-1,-1,-1
1022,178,402.36,307.50,81.71,173.68,0.6487,-1,-1,-1
1022,180,879.04,367.48,48.83,168.05,0.6266,-1,-1,-1
1022,183,429.72,73.40,83.23,136.22,0.7791,-1,-1,-1
1022,185,1210.81,272.01,69.19,176.23,0.5965,-1,-1,-1
1022,187,184.67,336.46,79.38,163.78,0.8206,-1,-1,-1
1023,122,579.93,241.69,67.50,170.83,0.7487,-1,-1,-1
1023,139,741.34,157.07,47.65,132.92,0.6937,-1,-1,-1
1023,169,1080.57,483.09,65.74,172.24,0.6734,-1,-1,-1
1023,170,805.21,453.15,86.31,170.63,0.7901,-1,-1,-1
1023,176,636.53,81.98,64.47,150.37,0.6849,-1,-1,-1
1023,178,399.55,304.21,81.28,178.09,0.6673,-1,-1,-1
1023,180,878.32,367.62,49.45,169.63,0.6225,-1,-1,-1
1023,183,431.30,73.71,81.93,137.19,0.7564,-1,-1,-1
1023,187,184.96,335.32,77.27,165.17,0.8284,-1,-1,-1
1024,122,575.58,240.91,59.90,172.43,0.7290,-1,-1,-1
1024,139,733.95,156.41,52.31,135.65,0.6404,-1,-1,-1
1024,169,1076.19,483.92,55.05,169.69,0.7076,-1,-1,-1
1024,170,807.02,454.85,82.02,168.60,0.8034,-1,-1,-1
1024,176,635.25,81.38,68.02,146.20,0.6678,-1,-1,-1
1024,178,396.11,310.25,71.88,171.15,0.6428,-1,-1,-1
1024,180,877.32,368.03,49.17,168.85,0.6076,-1,-1,-1
1024,183,435.14,73.47,76.37,136.29,0.6556,-1,-1,-1
1024,187,186.84,334.05,75.90,165.68,0.7607,-1,-1,-1
1025,122,567.42,239.24,56.15,167.75,0.7145,-1,-1,-1
1025,139,726.98,154.55,51.89,138.37,0.6874,-1,-1,-1
1025,169,1057.12,485.03,61.14,168.81,0.7280,-1,-1,-1
1025,170,812.27,457.80,76.47,164.08,0.8116,-1,-1,-1
1025,176,633.55,80.53,68.38,144.14,0.5519,-1,-1,-1
1025,180,874.48,366.13,47.67,169.79,0.5504,-1,-1,-1
1025,181,911.30,248.44,51.42,165.45,0.6154,-1,-1,-1
1025,187,194.56,330.86,70.78,162.11,0.8000,-1,-1,-1
1025,190,1141.13,635.45,67.04,84.50,0.5767,-1,-1,-1
1026,122,562.29,239.08,51.16,155.06,0.7341,-1,-1,-1
1026,139,723.05,154.49,52.08,138.83,0.7776,-1,-1,-1
1026,169,1043.26,486.66,69.13,169.73,0.6842,-1,-1,-1
1026,170,817.49,458.02,65.68,162.95,0.7568,-1,-1,-1
1026,176,633.83,80.32,69.22,141.90,0.5553,-1,-1,-1
1026,178,383.43,306.74,91.41,161.89,0.6536,-1,-1,-1
1026,181,904.95,242.92,53.94,171.32,0.5749,-1,-1,-1
1026,183,452.64,72.36,52.40,136.76,0.6760,-1,-1,-1
1026,185,1211.91,280.91,67.56,174.63,0.6733,-1,-1,-1
1026,187,201.03,328.13,71.62,161.77,0.6936,-1,-1,-1
1027,122,553.24,239.53,52.95,155.02,0.7215,-1,-1,-1
1027,139,718.74,152.97,52.76,140.84,0.7097,-1,-1,-1
1027,169,1032.35,487.89,75.18,169.09,0.7009,-1,-1,-1
1027,170,817.14,459.53,59.72,161.70,0.7168,-1,-1,-1
1027,176,634.42,79.21,68.88,142.15,0.5974,-1,-1,-1
1027,178,378.45,300.55,96.14,165.62,0.7334,-1,-1,-1
1027,181,898.87,240.44,55.12,174.98,0.6087,-1,-1,-1
1027,183,456.70,72.87,42.94,136.16,0.6624,-1,-1,-1
1027,185,1212.76,281.98,66.51,174.51,0.6371,-1,-1,-1
1027,187,202.61,326.58,88.14,161.77,0.7192,-1,-1,-1
1028,122,544.52,241.94,54.88,166.73,0.7608,-1,-1,-1
1028,139,712.07,154.16,53.57,141.07,0.6676,-1,-1,-1
1028,169,1019.52,489.96,81.84,166.59,0.6566,-1,-1,-1
1028,170,813.95,461.45,60.80,159.56,0.7152,-1,-1,-1
1028,176,637.94,76.96,66.43,141.88,0.6467,-1,-1,-1
1028,178,382.94,295.12,91.06,167.85,0.6051,-1,-1,-1
1028,183,456.47,70.25,40.75,139.44,0.6975,-1,-1,-1
1028,187,200.03,326.57,94.63,156.77,0.7195,-1,-1,-1
1029,122,534.53,245.81,58.61,168.62,0.7897,-1,-1,-1
1029,139,709.70,154.17,52.58,141.72,0.6566,-1,-1,-1
1029,169,1010.31,492.48,84.46,164.15,0.6763,-1,-1,-1
1029,170,810.74,463.14,62.28,158.82,0.7451,-1,-1,-1
1029,176,640.45,75.63,60.32,143.17,0.7534,-1,-1,-1
1029,178,372.65,297.22,97.99,172.52,0.7728,-1,-1,-1
1029,181,888.07,241.95,59.45,175.11,0.5703,-1,-1,-1
1029,183,455.02,63.24,42.72,146.72,0.6848,-1,-1,-1
1029,187,197.75,327.26,100.06,154.45,0.8008,-1,-1,-1
1030,122,506.17,249.73,78.48,167.64,0.8589,-1,-1,-1
1030,139,700.13,152.15,53.40,144.51,0.6747,-1,-1,-1
1030,169,989.97,495.50,93.85,162.60,0.6593,-1,-1,-1
1030,170,801.36,465.67,64.98,156.18,0.7229,-1,-1,-1
1030,176,643.93,74.97,52.06,142.26,0.7470,-1,-1,-1
1030,178,360.48,297.32,100.95,174.57,0.7503,-1,-1,-1
1030,180,861.39,365.00,42.09,164.44,0.5905,-1,-1,-1
1030,183,449.06,59.36,58.44,151.72,0.6746,-1,-1,-1
1030,187,193.34,330.84,100.53,153.30,0.8117,-1,-1,-1
1031,122,491.64,250.69,85.90,168.01,0.8353,-1,-1,-1
1031,139,694.61,148.65,56.39,148.20,0.6644,-1,-1,-1
1031,170,794.88,467.68,68.87,153.52,0.7254,-1,-1,-1
1031,176,646.78,73.35,48.71,143.08,0.6328,-1,-1,-1
1031,178,361.55,294.44,96.20,175.22,0.7185,-1,-1,-1
1031,180,858.84,362.10,41.08,166.32,0.6233,-1,-1,-1
1031,181,874.66,250.19,59.02,166.54,0.5943,-1,-1,-1
1031,183,447.98,58.10,65.39,153.04,0.7161,-1,-1,-1
1031,185,1214.23,284.94,62.57,168.85,0.5554,-1,-1,-1
1031,187,193.65,333.15,98.93,152.86,0.8292,-1,-1,-1
1032,122,479.67,250.26,93.57,168.01,0.8361,-1,-1,-1
1032,139,687.01,148.58,60.94,147.97,0.6243,-1,-1,-1
1032,170,790.37,469.07,69.78,152.53,0.7409,-1,-1,-1
1032,176,645.14,74.17,48.53,140.85,0.5962,-1,-1,-1
1032,178,359.95,293.49,93.37,172.14,0.6522,-1,-1,-1
1032,180,857.27,365.70,39.85,163.18,0.6187,-1,-1,-1
1032,181,863.80,248.56,64.83,167.71,0.6517,-1,-1,-1
1032,183,446.31,62.43,67.20,149.01,0.6795,-1,-1,-1
1032,187,194.36,332.92,97.41,153.73,0.8321,-1,-1,-1
1033,122,472.58,249.61,88.33,161.21,0.7389,-1,-1,-1
1033,139,684.19,144.68,59.84,149.92,0.5982,-1,-1,-1
1033,170,785.91,469.33,69.82,151.63,0.7691,-1,-1,-1
1033,176,641.71,75.42,52.64,139.12,0.5757,-1,-1,-1
1033,178,344.94,294.32,103.69,176.69,0.7899,-1,-1,-1
1033,180,853.41,364.66,40.71,163.09,0.5723,-1,-1,-1
1033,183,442.99,68.79,68.89,142.40,0.7068,-1,-1,-1
1033,187,195.88,330.73,95.01,156.90,0.8685,-1,-1,-1
1034,122,467.57,248.35,85.44,162.97,0.7754,-1,-1,-1
1034,139,681.38,149.33,59.30,146.10,0.6350,-1,-1,-1
1034,170,780.75,469.32,71.56,151.33,0.7663,-1,-1,-1
1034,176,636.47,78.03,59.08,137.28,0.6084,-1,-1,-1
1034,178,331.90,293.26,113.33,180.25,0.8407,-1,-1,-1
1034,180,847.67,356.72,44.06,175.33,0.5743,-1,-1,-1
1034,181,842.17,246.52,73.43,166.09,0.5678,-1,-1,-1
1034,183,438.90,71.42,66.77,139.24,0.7216,-1,-1,-1
1034,187,199.41,327.86,91.48,159.64,0.8246,-1,-1,-1
1035,122,458.32,247.43,68.20,142.26,0.6850,-1,-1,-1
1035,169,948.49,498.34,64.72,123.15,0.6761,-1,-1,-1
1035,170,771.65,470.45,71.13,151.26,0.7627,-1,-1,-1
1035,178,335.33,293.71,98.28,169.36,0.7369,-1,-1,-1
1035,180,839.28,358.96,45.78,172.08,0.6679,-1,-1,-1
1035,183,431.42,73.07,65.50,137.01,0.7337,-1,-1,-1
1035,187,199.93,320.67,89.96,163.75,0.7300,-1,-1,-1
1035,193,778.62,259.20,49.29,137.16,0.5820,-1,-1,-1
1036,122,454.09,246.80,61.42,135.63,0.6511,-1,-1,-1
1036,139,669.07,147.20,59.45,148.10,0.5613,-1,-1,-1
1036,169,943.00,498.58,57.89,121.38,0.6406,-1,-1,-1
1036,170,765.80,471.22,73.50,149.95,0.7142,-1,-1,-1
1036,180,835.77,361.82,47.21,167.31,0.6852,-1,-1,-1
1036,183,429.01,70.63,62.06,138.71,0.6796,-1,-1,-1
1036,187,201.51,315.80,92.67,159.94,0.6659,-1,-1,-1
1036,193,770.35,263.32,49.18,127.31,0.6138,-1,-1,-1
1037,122,443.52,247.68,63.55,141.01,0.6726,-1,-1,-1
1037,139,665.97,146.94,59.03,148.16,0.6071,-1,-1,-1
1037,169,939.76,499.21,51.63,118.21,0.6590,-1,-1,-1
1037,170,760.37,471.61,76.14,148.97,0.6821,-1,-1,-1
1037,176,626.08,73.39,60.39,135.34,0.6051,-1,-1,-1
1037,178,298.82,296.25,123.20,180.41,0.7321,-1,-1,-1
1037,180,831.37,361.65,49.15,168.32,0.6676,-1,-1,-1
1037,183,425.44,69.23,61.38,139.07,0.6820,-1,-1,-1
1037,187,201.96,311.55,91.78,155.12,0.7149,-1,-1,-1
1037,193,761.34,264.78,49.21,110.78,0.5911,-1,-1,-1
1038,122,437.26,249.29,63.25,140.79,0.7766,-1,-1,-1
1038,139,663.11,143.23,54.69,153.99,0.5912,-1,-1,-1
1038,169,933.46,499.94,49.34,118.48,0.6344,-1,-1,-1
1038,170,753.43,472.33,75.98,147.22,0.7062,-1,-1,-1
1038,176,625.97,71.19,57.86,135.85,0.5665,-1,-1,-1
1038,178,313.34,293.61,102.48,170.73,0.7074,-1,-1,-1
1038,180,827.65,360.65,49.96,170.46,0.6609,-1,-1,-1
1038,181,782.65,238.58,89.24,156.99,0.5549,-1,-1,-1
1038,183,422.64,67.57,59.80,139.81,0.7080,-1,-1,-1
1038,187,203.17,306.95,89.36,151.24,0.7914,-1,-1,-1
1038,193,751.21,266.85,53.93,124.07,0.5637,-1,-1,-1
1039,122,432.83,251.51,60.73,141.04,0.6522,-1,-1,-1
1039,139,662.69,145.41,51.06,150.79,0.6475,-1,-1,-1
1039,170,745.37,474.50,80.15,146.05,0.7098,-1,-1,-1
1039,176,630.09,69.39,52.71,136.70,0.5562,-1,-1,-1
1039,178,320.79,294.11,88.65,161.42,0.6772,-1,-1,-1
1039,180,823.74,360.82,50.30,172.54,0.6655,-1,-1,-1
1039,181,776.25,237.38,88.39,152.13,0.5553,-1,-1,-1
1039,183,418.14,66.77,61.67,141.10,0.6885,-1,-1,-1
1039,187,206.95,303.84,75.00,146.49,0.7512,-1,-1,-1
1039,190,1084.12,639.76,67.57,80.24,0.5533,-1,-1,-1
1039,193,738.53,266.88,65.54,130.44,0.6341,-1,-1,-1
1040,122,416.90,255.02,64.51,147.44,0.6890,-1,-1,-1
1040,139,648.13,140.94,58.64,155.62,0.6559,-1,-1,-1
1040,169,908.84,506.70,51.03,112.95,0.5565,-1,-1,-1
1040,170,740.66,479.50,71.39,140.95,0.6175,-1,-1,-1
1040,178,309.96,296.75,87.26,157.28,0.7427,-1,-1,-1
1040,180,816.18,361.55,51.89,174.75,0.7011,-1,-1,-1
1040,183,408.84,65.79,61.19,141.93,0.6735,-1,-1,-1
1040,187,204.87,297.85,70.39,150.05,0.7873,-1,-1,-1
1040,193,720.83,266.59,73.89,143.71,0.7525,-1,-1,-1
1040,195,256.76,310.76,72.20,154.42,0.6309,-1,-1,-1
1041,122,402.97,257.75,72.62,153.06,0.6458,-1,-1,-1
1041,139,645.48,140.21,57.82,157.19,0.7090,-1,-1,-1
1041,169,899.71,510.69,51.71,108.92,0.5991,-1,-1,-1
1041,170,732.28,482.15,82.08,138.15,0.6857,-1,-1,-1
1041,178,309.75,298.22,80.78,155.86,0.7202,-1,-1,-1
1041,180,813.86,362.43,52.49,175.43,0.6437,-1,-1,-1
1041,183,405.71,65.47,59.62,141.92,0.7369,-1,-1,-1
1041,187,202.59,292.48,73.49,151.64,0.8021,-1,-1,-1
1041,193,707.42,263.89,83.99,156.13,0.7519,-1,-1,-1
1041,195,253.20,308.90,77.83,154.82,0.7970,-1,-1,-1
1042,122,394.37,259.11,74.70,157.06,0.7564,-1,-1,-1
1042,139,644.60,138.95,55.61,158.65,0.6663,-1,-1,-1
1042,170,731.44,483.33,81.94,137.19,0.7408,-1,-1,-1
1042,178,304.19,300.35,79.45,152.03,0.6870,-1,-1,-1
1042,180,811.73,366.80,52.92,172.59,0.5918,-1,-1,-1
1042,181,750.27,241.21,91.12,155.05,0.6657,-1,-1,-1
1042,183,399.19,66.21,62.76,142.30,0.7101,-1,-1,-1
1042,187,200.23,288.45,76.35,154.32,0.7371,-1,-1,-1
1042,193,698.31,262.50,85.64,164.38,0.7893,-1,-1,-1
1042,195,247.50,306.58,80.65,156.83,0.7979,-1,-1,-1
1043,122,390.10,259.29,74.71,158.78,0.7203,-1,-1,-1
1043,170,730.32,485.72,82.09,134.51,0.7600,-1,-1,-1
1043,178,297.78,301.96,80.94,150.10,0.6359,-1,-1,-1
1043,180,805.96,366.00,55.73,175.31,0.6393,-1,-1,-1
1043,183,395.53,66.80,62.47,140.89,0.6477,-1,-1,-1
1043,187,196.30,286.93,82.72,154.06,0.7618,-1,-1,-1
1043,193,690.76,265.94,85.04,167.17,0.7663,-1,-1,-1
1043,195,240.17,301.27,84.72,159.98,0.6195,-1,-1,-1
1044,122,387.31,258.11,71.33,161.98,0.6692,-1,-1,-1
1044,139,641.46,141.07,53.16,156.00,0.5882,-1,-1,-1
1044,170,728.21,487.31,78.39,132.79,0.7074,-1,-1,-1
1044,178,292.93,304.23,80.04,149.22,0.6793,-1,-1,-1
1044,180,804.97,370.41,52.88,173.31,0.6395,-1,-1,-1
1044,183,390.13,67.12,62.53,141.61,0.6865,-1,-1,-1
1044,187,190.24,287.56,88.81,151.76,0.6841,-1,-1,-1
1045,122,382.16,255.68,68.00,136.82,0.6564,-1,-1,-1
1045,170,718.40,491.75,70.55,129.08,0.6324,-1,-1,-1
1045,178,283.39,300.92,80.25,157.80,0.6956,-1,-1,-1
1045,180,797.75,381.36,54.92,166.01,0.6672,-1,-1,-1
1045,183,379.99,68.11,61.96,143.12,0.6877,-1,-1,-1
1045,187,182.97,286.58,94.27,145.17,0.6864,-1,-1,-1
1045,193,659.59,275.24,78.35,163.40,0.6002,-1,-1,-1
1045,195,225.23,297.41,88.22,168.47,0.6262,-1,-1,-1
1046,122,376.27,252.21,71.79,158.56,0.6917,-1,-1,-1
1046,169,852.23,522.74,41.39,100.58,0.5682,-1,-1,-1
1046,170,707.90,494.94,70.82,125.39,0.7292,-1,-1,-1
1046,178,278.04,297.58,82.15,162.71,0.6972,-1,-1,-1
1046,180,795.46,388.16,55.14,161.77,0.6862,-1,-1,-1
1046,183,373.12,68.35,64.72,143.95,0.7240,-1,-1,-1
1046,187,183.20,285.45,92.27,139.52,0.6343,-1,-1,-1
1046,195,221.24,296.24,90.47,169.18,0.7146,-1,-1,-1
1047,122,369.56,249.65,75.66,168.33,0.6309,-1,-1,-1
1047,139,630.69,135.25,52.15,145.65,0.6097,-1,-1,-1
1047,170,702.58,497.45,67.12,121.39,0.6719,-1,-1,-1
1047,178,273.06,294.40,83.46,166.55,0.7232,-1,-1,-1
1047,180,791.31,391.67,55.88,152.18,0.6596,-1,-1,-1
1047,181,755.53,241.54,54.62,142.18,0.5770,-1,-1,-1
1047,183,370.56,69.28,61.49,143.53,0.7425,-1,-1,-1
1047,187,187.53,283.84,89.03,136.14,0.6519,-1,-1,-1
1047,195,216.83,295.91,93.69,165.91,0.6865,-1,-1,-1
1048,122,366.02,248.02,76.46,168.99,0.6836,-1,-1,-1
1048,139,628.12,134.07,55.88,152.76,0.6601,-1,-1,-1
1048,169,834.05,526.72,41.72,99.09,0.5606,-1,-1,-1
1048,170,697.21,500.57,65.14,120.88,0.7345,-1,-1,-1
1048,178,275.40,292.59,78.48,169.64,0.7265,-1,-1,-1
1048,180,788.29,389.46,55.28,158.35,0.6479,-1,-1,-1
1048,181,738.83,240.92,67.80,137.11,0.5521,-1,-1,-1
1048,183,367.12,69.97,59.97,143.84,0.7089,-1,-1,-1
1048,187,195.58,281.33,79.79,136.97,0.5978,-1,-1,-1
1048,193,629.96,288.98,68.88,165.49,0.7075,-1,-1,-1
1048,195,219.21,294.52,85.27,161.13,0.7012,-1,-1,-1
1049,122,364.44,247.38,76.26,168.05,0.7983,-1,-1,-1
1049,139,625.30,136.16,61.32,154.91,0.7333,-1,-1,-1
1049,170,689.58,502.35,65.09,119.60,0.7410,-1,-1,-1
1049,178,282.66,290.07,70.77,173.47,0.6974,-1,-1,-1
1049,180,781.57,384.98,59.23,167.48,0.6080,-1,-1,-1
1049,181,738.37,240.69,64.56,136.55,0.5715,-1,-1,-1
1049,183,361.29,70.45,61.12,144.55,0.7627,-1,-1,-1
1049,187,200.89,277.70,72.23,139.94,0.6059,-1,-1,-1
1049,193,621.24,292.60,69.69,169.40,0.7339,-1,-1,-1
1049,195,222.24,293.92,78.31,153.64,0.7855,-1,-1,-1
1050,122,360.00,247.79,76.52,164.52,0.7752,-1,-1,-1
1050,139,625.29,138.38,62.98,156.91,0.7168,-1,-1,-1
1050,170,673.33,505.28,69.27,116.57,0.6581,-1,-1,-1
1050,178,292.31,291.86,60.57,176.66,0.7423,-1,-1,-1
1050,180,782.34,388.58,54.48,167.76,0.7110,-1,-1,-1
1050,181,730.04,243.63,66.40,162.53,0.6322,-1,-1,-1
1050,183,354.65,71.59,58.23,144.77,0.7223,-1,-1,-1
1050,187,200.40,268.32,69.60,151.73,0.6510,-1,-1,-1
1050,193,600.97,297.06,76.95,179.24,0.7749,-1,-1,-1
1050,195,214.26,293.01,85.90,148.89,0.7464,-1,-1,-1
1051,122,356.03,248.41,78.71,151.44,0.7853,-1,-1,-1
1051,139,619.23,139.02,67.83,157.43,0.6408,-1,-1,-1
1051,170,662.58,507.03,71.87,116.07,0.6741,-1,-1,-1
1051,178,296.77,292.69,59.73,180.96,0.6502,-1,-1,-1
1051,180,781.08,385.14,53.03,172.22,0.6534,-1,-1,-1
1051,181,721.59,247.29,72.11,172.55,0.7051,-1,-1,-1
1051,183,347.52,71.51,59.01,146.61,0.7137,-1,-1,-1
1051,187,200.52,263.26,69.00,159.60,0.6782,-1,-1,-1
1051,193,588.17,300.83,79.75,181.82,0.7615,-1,-1,-1
1052,122,351.36,250.22,82.00,145.25,0.7872,-1,-1,-1
1052,139,615.82,139.09,68.39,158.22,0.7635,-1,-1,-1
1052,170,653.01,508.18,73.72,113.62,0.6327,-1,-1,-1
1052,178,300.13,293.55,61.98,177.51,0.6358,-1,-1,-1
1052,180,768.69,381.97,62.99,177.33,0.6600,-1,-1,-1
1052,181,709.42,250.88,82.37,176.88,0.6047,-1,-1,-1
1052,183,341.73,72.62,60.80,146.98,0.6907,-1,-1,-1
1052,187,201.53,259.12,69.73,151.59,0.5927,-1,-1,-1
1052,193,576.77,304.87,80.10,182.00,0.7470,-1,-1,-1
1053,122,351.36,251.15,80.71,142.73,0.8059,-1,-1,-1
1053,139,614.23,140.67,70.54,157.28,0.7749,-1,-1,-1
1053,178,298.68,295.20,65.36,181.85,0.6344,-1,-1,-1
1053,180,763.21,379.21,66.38,177.86,0.6989,-1,-1,-1
1053,181,698.60,254.55,90.57,176.70,0.7507,-1,-1,-1
1053,183,337.17,71.82,61.95,148.28,0.7414,-1,-1,-1
1053,193,565.75,309.41,78.98,181.57,0.7749,-1,-1,-1
1053,195,202.38,284.41,115.08,154.66,0.6795,-1,-1,-1
1054,122,352.01,250.65,78.82,140.38,0.7906,-1,-1,-1
1054,139,613.74,141.65,70.36,156.59,0.7401,-1,-1,-1
1054,178,291.99,297.69,87.10,181.94,0.6771,-1,-1,-1
1054,180,761.15,377.17,66.84,176.87,0.6643,-1,-1,-1
1054,181,691.28,260.96,96.04,172.70,0.7652,-1,-1,-1
1054,183,333.34,71.24,63.31,150.18,0.7686,-1,-1,-1
1054,193,559.32,312.20,71.79,179.73,0.7687,-1,-1,-1
1054,195,201.32,281.48,121.10,156.08,0.7247,-1,-1,-1
1055,122,352.13,247.53,76.80,142.62,0.7152,-1,-1,-1
1055,139,614.35,140.34,68.06,157.91,0.7212,-1,-1,-1
1055,178,288.32,304.43,92.65,181.39,0.7472,-1,-1,-1
1055,180,761.66,379.07,62.32,182.28,0.7029,-1,-1,-1
1055,181,679.21,268.06,101.60,170.00,0.6777,-1,-1,-1
1055,183,326.92,71.50,62.21,149.15,0.7030,-1,-1,-1
1055,187,210.75,250.86,65.31,131.51,0.6617,-1,-1,-1
1055,193,538.38,314.06,78.98,179.48,0.7132,-1,-1,-1
1056,122,355.04,245.31,74.32,125.52,0.5666,-1,-1,-1
1056,139,614.69,138.66,69.00,161.10,0.6964,-1,-1,-1
1056,178,287.16,306.91,95.57,181.13,0.7385,-1,-1,-1
1056,180,762.41,382.92,60.01,181.33,0.6946,-1,-1,-1
1056,181,672.90,272.23,100.85,168.02,0.7254,-1,-1,-1
1056,183,323.18,71.28,62.90,149.54,0.6925,-1,-1,-1
1056,187,214.97,247.28,59.57,134.39,0.6513,-1,-1,-1
1056,193,528.13,315.12,84.89,179.45,0.6514,-1,-1,-1
1056,195,208.10,276.25,125.47,150.97,0.5905,-1,-1,-1
1057,139,614.55,138.75,71.54,160.89,0.6448,-1,-1,-1
1057,178,286.82,305.18,123.22,182.86,0.7947,-1,-1,-1
1057,180,760.11,380.68,61.39,186.24,0.7165,-1,-1,-1
1057,181,668.65,280.74,100.96,162.98,0.7044,-1,-1,-1
1057,183,320.64,69.77,63.10,149.95,0.7194,-1,-1,-1
1057,187,222.62,240.72,52.66,145.95,0.6667,-1,-1,-1
1057,193,519.72,315.99,83.98,180.40,0.7647,-1,-1,-1
1058,122,359.85,238.14,73.28,122.98,0.5861,-1,-1,-1
1058,170,598.79,509.99,116.49,188.50,0.6222,-1,-1,-1
1058,178,285.68,303.28,135.02,185.55,0.7734,-1,-1,-1
1058,180,754.44,377.39,67.33,192.55,0.7418,-1,-1,-1
1058,181,666.46,287.40,102.21,159.31,0.6960,-1,-1,-1
1058,183,316.59,69.47,66.43,150.40,0.7202,-1,-1,-1
1058,187,225.90,236.29,51.77,150.05,0.6646,-1,-1,-1
1058,193,503.02,317.34,95.94,183.42,0.5868,-1,-1,-1
1058,195,234.85,267.71,103.93,159.66,0.7135,-1,-1,-1
1059,170,590.94,510.79,111.64,194.16,0.6083,-1,-1,-1
1059,178,307.25,302.42,122.01,180.45,0.6696,-1,-1,-1
1059,180,751.73,375.52,69.99,194.41,0.7956,-1,-1,-1
1059,181,666.45,290.65,99.54,157.03,0.6859,-1,-1,-1
1059,183,312.68,70.17,68.08,151.83,0.7526,-1,-1,-1
1059,187,228.59,232.95,50.23,156.57,0.6332,-1,-1,-1
1059,193,487.63,320.92,100.64,187.35,0.7528,-1,-1,-1
1059,195,256.39,262.55,87.11,166.14,0.7490,-1,-1,-1
1060,178,308.90,254.74,132.81,227.23,0.5741,-1,-1,-1
1060,180,748.16,373.40,72.42,195.03,0.7879,-1,-1,-1
1060,181,657.24,288.63,102.87,161.60,0.7048,-1,-1,-1
1060,183,308.32,70.08,64.28,153.92,0.6973,-1,-1,-1
1060,187,231.48,230.43,59.60,156.44,0.7174,-1,-1,-1
1060,193,472.81,327.29,99.81,191.74,0.8542,-1,-1,-1
1060,195,275.14,254.85,75.26,177.99,0.6759,-1,-1,-1
1061,170,583.55,513.80,107.49,199.37,0.5680,-1,-1,-1
1061,178,330.50,234.28,120.00,246.69,0.7288,-1,-1,-1
1061,180,753.71,371.80,66.67,194.38,0.7392,-1,-1,-1
1061,181,651.97,293.46,81.28,158.34,0.6035,-1,-1,-1
1061,183,305.62,70.25,63.95,154.03,0.7181,-1,-1,-1
1061,187,232.95,228.48,66.37,157.63,0.7427,-1,-1,-1
1061,193,466.13,333.60,91.87,190.92,0.8537,-1,-1,-1
1061,195,281.83,247.41,76.13,173.83,0.6964,-1,-1,-1
1061,197,708.58,553.52,51.54,166.48,0.6110,-1,-1,-1
1062,170,583.58,514.18,104.90,201.84,0.5950,-1,-1,-1
1062,178,337.33,224.41,119.94,254.21,0.7695,-1,-1,-1
1062,180,756.18,370.07,63.69,192.78,0.7862,-1,-1,-1
1062,183,301.86,69.23,66.74,154.39,0.7364,-1,-1,-1
1062,187,232.00,227.55,76.61,157.53,0.7724,-1,-1,-1
1062,193,463.23,339.09,78.03,188.47,0.7650,-1,-1,-1
1062,195,287.04,243.30,77.52,175.99,0.7456,-1,-1,-1
1062,197,702.44,552.07,46.66,166.70,0.5704,-1,-1,-1
1063,170,583.44,513.49,104.23,202.91,0.5863,-1,-1,-1
1063,178,346.91,216.73,118.32,262.87,0.8282,-1,-1,-1
1063,180,754.56,367.84,65.26,191.59,0.8163,-1,-1,-1
1063,183,299.18,67.34,69.51,156.03,0.7632,-1,-1,-1
1063,187,230.02,226.58,80.61,157.32,0.7745,-1,-1,-1
1063,193,457.07,342.16,67.37,187.36,0.7058,-1,-1,-1
1063,195,290.99,240.01,80.61,178.79,0.8090,-1,-1,-1
1064,178,366.59,211.63,104.62,259.16,0.7710,-1,-1,-1
1064,180,750.15,366.36,67.95,189.86,0.8034,-1,-1,-1
1064,181,637.45,281.02,88.27,170.42,0.6180,-1,-1,-1
1064,183,298.27,65.51,71.40,156.97,0.7227,-1,-1,-1
1064,187,228.82,226.14,80.61,155.98,0.8273,-1,-1,-1
1064,193,449.24,343.55,62.73,186.77,0.5821,-1,-1,-1
1064,195,294.79,237.37,81.04,166.46,0.7084,-1,-1,-1
1064,197,682.94,551.55,55.60,168.04,0.6094,-1,-1,-1
1065,180,741.47,363.65,75.09,186.29,0.7693,-1,-1,-1
1065,181,611.21,268.02,100.47,179.78,0.7300,-1,-1,-1
1065,183,299.02,63.44,72.75,156.34,0.7451,-1,-1,-1
1065,187,229.39,226.60,82.05,149.45,0.8580,-1,-1,-1
1065,193,431.92,341.62,66.52,191.69,0.6731,-1,-1,-1
1065,195,309.73,232.80,82.04,162.48,0.7379,-1,-1,-1
1066,178,391.34,202.77,105.79,312.60,0.6214,-1,-1,-1
1066,180,738.38,362.37,76.78,184.33,0.7928,-1,-1,-1
1066,181,609.01,262.60,92.44,184.51,0.6808,-1,-1,-1
1066,183,300.71,63.15,72.93,154.53,0.7480,-1,-1,-1
1066,187,233.11,226.50,85.24,141.69,0.8602,-1,-1,-1
1066,193,411.46,335.08,80.04,201.71,0.5532,-1,-1,-1
1066,195,323.36,229.77,77.54,160.02,0.8152,-1,-1,-1
1067,139,641.55,47.33,63.11,235.41,0.6352,-1,-1,-1
1067,180,737.31,361.52,75.69,183.58,0.7869,-1,-1,-1
1067,181,613.36,263.16,79.49,186.56,0.6676,-1,-1,-1
1067,183,302.25,62.75,72.41,154.05,0.7010,-1,-1,-1
1067,187,238.04,225.82,82.84,138.92,0.8494,-1,-1,-1
1067,193,397.65,339.14,90.51,202.44,0.8156,-1,-1,-1
1067,195,332.51,227.73,73.96,161.11,0.7812,-1,-1,-1
1068,139,642.60,39.98,64.89,240.05,0.6565,-1,-1,-1
1068,180,736.76,361.23,73.11,181.81,0.7815,-1,-1,-1
1068,181,604.91,263.52,78.47,189.12,0.7080,-1,-1,-1
1068,183,303.73,62.39,71.33,154.05,0.7033,-1,-1,-1
1068,187,241.07,224.88,80.64,135.76,0.8607,-1,-1,-1
1068,193,390.10,347.20,96.63,200.38,0.5965,-1,-1,-1
1068,195,338.24,225.99,73.17,159.78,0.7896,-1,-1,-1
1068,197,614.26,517.33,111.18,201.94,0.6209,-1,-1,-1
1068,198,1181.30,313.81,86.05,178.07,0.6423,-1,-1,-1
1069,139,644.03,37.23,65.47,249.54,0.6293,-1,-1,-1
1069,180,737.30,360.95,70.90,181.18,0.7590,-1,-1,-1
1069,181,600.41,267.30,77.69,190.53,0.7261,-1,-1,-1
1069,183,303.84,62.91,71.72,153.27,0.7057,-1,-1,-1
1069,187,245.03,223.42,76.83,135.04,0.8372,-1,-1,-1
1069,193,387.55,346.67,96.47,196.11,0.7307,-1,-1,-1
1069,195,343.89,224.03,73.18,159.21,0.7096,-1,-1,-1
1069,197,606.87,508.57,114.75,210.99,0.7392,-1,-1,-1
1069,198,1181.50,313.86,85.12,177.92,0.6317,-1,-1,-1
1070,139,643.92,38.53,67.19,250.39,0.6454,-1,-1,-1
1070,180,737.18,360.52,70.40,180.79,0.7419,-1,-1,-1
1070,181,594.82,270.33,79.52,192.26,0.7545,-1,-1,-1
1070,183,303.68,63.26,71.94,152.82,0.6869,-1,-1,-1
1070,187,245.19,220.97,76.44,132.30,0.8128,-1,-1,-1
1070,193,384.02,352.81,96.04,196.92,0.7650,-1,-1,-1
1070,195,347.67,221.58,76.06,160.40,0.6771,-1,-1,-1
1070,197,606.17,505.48,113.04,214.46,0.7675,-1,-1,-1
1070,198,1181.50,311.24,83.46,181.83,0.6040,-1,-1,-1
1071,139,644.32,40.18,69.70,247.62,0.6437,-1,-1,-1
1071,180,734.86,359.60,70.71,181.76,0.7836,-1,-1,-1
1071,181,583.50,276.36,86.51,194.11,0.8141,-1,-1,-1
1071,183,305.52,63.84,70.42,152.99,0.6132,-1,-1,-1
1071,187,246.40,217.03,73.71,132.85,0.7858,-1,-1,-1
1071,193,384.22,356.23,85.67,197.29,0.7402,-1,-1,-1
1071,195,353.26,221.11,73.25,152.27,0.6061,-1,-1,-1
1071,197,605.10,504.25,107.12,215.75,0.5775,-1,-1,-1
1072,139,644.00,41.45,72.13,246.73,0.5708,-1,-1,-1
1072,180,733.53,359.04,70.94,181.98,0.7794,-1,-1,-1
1072,181,567.55,285.97,101.66,189.43,0.8103,-1,-1,-1
1072,183,306.84,63.05,69.77,153.99,0.5960,-1,-1,-1
1072,187,246.33,214.01,73.79,137.01,0.8174,-1,-1,-1
1072,193,383.66,356.40,75.89,197.33,0.8205,-1,-1,-1
1072,195,356.89,220.34,84.13,148.03,0.7381,-1,-1,-1
1072,197,605.73,504.52,96.54,214.64,0.7309,-1,-1,-1
1073,139,644.06,42.73,71.99,241.98,0.6191,-1,-1,-1
1073,180,732.24,358.78,71.85,182.12,0.7915,-1,-1,-1
1073,181,557.53,296.53,112.04,178.99,0.7219,-1,-1,-1
1073,183,306.47,62.82,71.59,154.96,0.6381,-1,-1,-1
1073,187,245.95,212.17,73.30,139.63,0.8127,-1,-1,-1
1073,193,382.20,355.77,70.11,198.15,0.8034,-1,-1,-1
1073,195,361.49,220.24,84.91,148.16,0.7137,-1,-1,-1
1073,197,607.70,504.81,89.27,214.06,0.7123,-1,-1,-1
1074,139,644.40,42.66,77.88,245.59,0.6350,-1,-1,-1
1074,180,730.84,358.88,72.29,182.95,0.7992,-1,-1,-1
1074,181,547.22,302.10,122.51,179.26,0.7396,-1,-1,-1
1074,183,307.55,62.96,73.02,155.20,0.6369,-1,-1,-1
1074,187,246.09,212.34,71.23,139.91,0.7873,-1,-1,-1
1074,193,379.72,355.53,66.67,197.44,0.7868,-1,-1,-1
1074,195,363.42,221.66,85.66,146.99,0.7846,-1,-1,-1
1074,197,609.22,505.31,88.08,213.24,0.7891,-1,-1,-1
1075,139,644.45,42.12,82.18,247.42,0.6527,-1,-1,-1
1075,180,729.19,358.74,73.21,183.68,0.8037,-1,-1,-1
1075,181,538.59,305.50,130.28,183.58,0.7996,-1,-1,-1
1075,183,311.22,64.14,70.63,153.66,0.6185,-1,-1,-1
1075,187,246.66,210.27,69.72,142.26,0.7806,-1,-1,-1
1075,193,378.50,355.35,63.91,198.42,0.7638,-1,-1,-1
1075,195,367.81,222.32,84.07,145.01,0.7878,-1,-1,-1
1075,197,606.89,505.01,91.98,214.22,0.7460,-1,-1,-1
1076,139,645.07,41.76,83.95,249.82,0.6072,-1,-1,-1
1076,180,727.82,359.60,73.28,183.38,0.7785,-1,-1,-1
1076,181,513.93,307.85,143.69,181.54,0.6635,-1,-1,-1
1076,183,318.42,65.45,65.70,150.95,0.6685,-1,-1,-1
1076,187,248.85,206.89,63.07,145.05,0.7337,-1,-1,-1
1076,193,369.12,354.04,69.79,201.66,0.8085,-1,-1,-1
1076,195,375.10,224.43,85.52,136.56,0.7958,-1,-1,-1
1077,139,651.76,100.95,79.18,192.10,0.5547,-1,-1,-1
1077,180,727.51,360.09,72.44,181.77,0.7628,-1,-1,-1
1077,183,323.73,64.97,62.43,151.78,0.5841,-1,-1,-1
1077,187,249.49,204.83,62.24,142.68,0.6756,-1,-1,-1
1077,193,358.49,352.94,78.23,202.93,0.8121,-1,-1,-1
1077,195,379.39,226.26,89.95,129.91,0.7615,-1,-1,-1
1078,170,567.17,540.27,79.06,179.73,0.6291,-1,-1,-1
1078,180,726.55,360.69,72.37,181.00,0.7825,-1,-1,-1
1078,183,326.39,64.56,62.21,153.85,0.7123,-1,-1,-1
1078,187,250.22,202.67,62.34,147.23,0.7019,-1,-1,-1
1078,193,346.76,354.17,89.33,201.96,0.8649,-1,-1,-1
1078,195,383.71,225.76,88.92,131.18,0.8094,-1,-1,-1
1079,170,550.90,541.43,92.43,178.57,0.6468,-1,-1,-1
1079,180,726.47,361.78,71.13,178.34,0.7515,-1,-1,-1
1079,183,328.14,66.04,62.24,153.41,0.6595,-1,-1,-1
1079,187,250.56,201.30,64.54,153.51,0.6846,-1,-1,-1
1079,193,336.74,361.54,98.83,195.19,0.8705,-1,-1,-1
1079,195,387.82,225.58,85.32,132.87,0.8099,-1,-1,-1
1079,197,621.39,504.61,82.47,199.16,0.5686,-1,-1,-1
1080,170,539.18,542.38,103.05,177.62,0.7223,-1,-1,-1
1080,178,524.89,204.72,110.42,215.14,0.7162,-1,-1,-1
1080,180,726.08,362.53,71.05,176.67,0.7583,-1,-1,-1
1080,181,479.20,331.51,93.77,158.94,0.5535,-1,-1,-1
1080,183,330.37,68.77,62.83,150.75,0.6381,-1,-1,-1
1080,187,249.95,196.12,69.44,152.68,0.5574,-1,-1,-1
1080,193,328.44,366.96,108.37,189.19,0.8320,-1,-1,-1
1080,195,390.00,224.93,82.82,134.93,0.7829,-1,-1,-1
1080,197,622.12,504.33,84.29,197.05,0.6172,-1,-1,-1
1081,170,529.76,542.66,112.09,176.99,0.7041,-1,-1,-1
1081,178,537.40,213.21,103.50,202.50,0.7941,-1,-1,-1
1081,180,725.15,363.30,70.55,174.25,0.7741,-1,-1,-1
1081,183,333.54,72.11,62.85,149.77,0.6153,-1,-1,-1
1081,187,246.65,196.62,60.12,156.45,0.6470,-1,-1,-1
1081,193,314.83,374.33,123.74,184.24,0.8251,-1,-1,-1
1081,195,391.53,221.18,81.89,140.24,0.7608,-1,-1,-1
1081,197,618.34,502.88,89.48,195.90,0.5785,-1,-1,-1
1082,170,524.77,541.70,116.33,178.03,0.6369,-1,-1,-1
1082,178,567.42,250.62,78.40,163.80,0.6389,-1,-1,-1
1082,180,724.43,363.18,69.62,172.20,0.7421,-1,-1,-1
1082,183,335.29,74.00,62.65,149.37,0.6785,-1,-1,-1
1082,187,248.06,202.03,58.22,149.02,0.5868,-1,-1,-1
1082,193,306.31,378.31,133.65,180.96,0.7846,-1,-1,-1
1082,195,392.97,218.31,83.77,145.20,0.7397,-1,-1,-1
1083,170,522.38,540.43,117.83,179.38,0.6596,-1,-1,-1
1083,178,581.09,252.17,74.55,161.23,0.6724,-1,-1,-1
1083,180,723.15,362.62,68.97,170.36,0.7339,-1,-1,-1
1083,183,337.61,75.54,60.87,149.95,0.6712,-1,-1,-1
1083,187,249.23,206.41,59.53,144.68,0.6631,-1,-1,-1
1083,193,301.48,379.76,140.32,182.18,0.8283,-1,-1,-1
1083,195,393.58,215.69,85.00,149.73,0.6754,-1,-1,-1
1084,170,521.47,538.36,110.36,181.18,0.6671,-1,-1,-1
1084,178,590.15,256.95,78.98,152.22,0.7684,-1,-1,-1
1084,180,722.21,361.95,67.47,166.91,0.7636,-1,-1,-1
1084,183,339.43,76.73,59.30,150.43,0.5802,-1,-1,-1
1084,187,246.84,211.26,64.79,144.63,0.7350,-1,-1,-1
1084,193,299.92,379.66,143.80,184.02,0.8301,-1,-1,-1
1084,195,392.84,212.90,81.99,154.26,0.7173,-1,-1,-1
1084,201,557.57,225.00,51.31,132.64,0.6744,-1,-1,-1
1085,170,520.55,536.34,106.37,183.07,0.7479,-1,-1,-1
1085,178,595.93,253.58,85.90,153.72,0.7886,-1,-1,-1
1085,180,720.80,360.80,65.81,167.23,0.7759,-1,-1,-1
1085,187,246.14,214.89,66.84,142.58,0.7152,-1,-1,-1
1085,193,299.21,378.66,145.42,185.68,0.7777,-1,-1,-1
1085,195,391.79,210.82,80.11,154.51,0.7344,-1,-1,-1
1085,197,616.93,500.88,94.43,125.96,0.6056,-1,-1,-1
1085,201,563.72,230.20,50.05,126.77,0.6289,-1,-1,-1
1086,170,520.52,533.14,88.37,182.05,0.7016,-1,-1,-1
1086,178,601.88,270.38,94.12,135.25,0.6387,-1,-1,-1
1086,180,716.56,359.65,65.94,167.08,0.6880,-1,-1,-1
1086,181,360.99,344.57,150.71,146.80,0.5639,-1,-1,-1
1086,183,341.38,79.73,57.36,150.04,0.5849,-1,-1,-1
1086,187,243.83,223.42,74.36,136.26,0.7907,-1,-1,-1
1086,193,299.53,359.37,136.30,202.26,0.6887,-1,-1,-1
1086,195,390.39,209.95,78.22,148.25,0.7103,-1,-1,-1
1086,197,615.72,499.42,93.33,119.07,0.6840,-1,-1,-1
1087,170,520.78,530.72,75.53,181.27,0.6979,-1,-1,-1
1087,178,605.84,278.62,94.55,127.18,0.7363,-1,-1,-1
1087,180,713.60,358.87,65.87,166.63,0.7349,-1,-1,-1
1087,181,353.80,345.68,133.69,146.53,0.6675,-1,-1,-1
1087,187,240.57,229.13,77.40,131.60,0.8464,-1,-1,-1
1087,193,300.54,361.11,121.54,199.49,0.7732,-1,-1,-1
1087,195,390.32,210.12,75.78,152.03,0.7065,-1,-1,-1
1087,197,615.40,497.85,92.24,118.62,0.7286,-1,-1,-1
1088,170,519.55,529.60,65.10,181.48,0.7121,-1,-1,-1
1088,178,591.96,277.07,107.50,129.09,0.5819,-1,-1,-1
1088,180,711.38,359.51,65.70,164.88,0.7832,-1,-1,-1
1088,183,341.81,82.94,55.78,147.25,0.5981,-1,-1,-1
1088,187,234.27,234.96,84.19,127.68,0.8675,-1,-1,-1
1088,193,299.74,353.46,110.50,206.90,0.7643,-1,-1,-1
1088,195,391.41,212.34,70.41,152.87,0.7280,-1,-1,-1
1088,197,614.91,497.44,89.83,119.59,0.7315,-1,-1,-1
1089,170,517.07,528.18,55.06,182.17,0.6812,-1,-1,-1
1089,178,591.46,249.15,105.81,156.84,0.7784,-1,-1,-1
1089,180,707.99,360.56,66.01,163.15,0.7802,-1,-1,-1
1089,187,228.40,241.51,89.77,122.31,0.8521,-1,-1,-1
1089,193,286.99,347.74,116.44,211.53,0.6919,-1,-1,-1
1089,195,390.42,212.98,67.78,153.32,0.7193,-1,-1,-1
1089,197,613.45,496.37,88.01,120.39,0.7315,-1,-1,-1
1090,170,511.69,527.35,53.19,182.65,0.6554,-1,-1,-1
1090,178,590.94,241.00,103.98,165.09,0.7274,-1,-1,-1
1090,180,705.21,361.38,66.48,161.92,0.7691,-1,-1,-1
1090,187,223.67,245.89,93.66,119.24,0.8138,-1,-1,-1
1090,193,290.43,350.59,107.22,207.62,0.7270,-1,-1,-1
1090,195,387.64,213.06,66.56,153.74,0.7436,-1,-1,-1
1090,197,611.47,495.80,85.55,120.78,0.6708,-1,-1,-1
1091,139,656.00,142.59,48.08,147.70,0.5893,-1,-1,-1
1091,170,487.41,525.45,73.17,181.43,0.6228,-1,-1,-1
1091,178,588.60,239.26,101.35,169.60,0.7120,-1,-1,-1
1091,180,698.66,360.73,67.23,159.99,0.7093,-1,-1,-1
1091,187,220.88,252.11,96.72,114.44,0.8208,-1,-1,-1
1091,193,281.59,357.64,107.60,198.63,0.7833,-1,-1,-1
1091,195,383.89,213.91,66.70,152.99,0.7819,-1,-1,-1
1091,197,606.27,494.77,82.89,121.08,0.7068,-1,-1,-1
1092,170,475.79,524.87,79.41,178.93,0.6468,-1,-1,-1
1092,178,591.29,257.02,94.57,155.89,0.5939,-1,-1,-1
1092,180,694.05,360.26,66.61,158.81,0.6880,-1,-1,-1
1092,183,338.56,90.92,53.03,135.53,0.5781,-1,-1,-1
1092,187,220.61,255.53,96.38,108.27,0.7276,-1,-1,-1
1092,193,276.92,359.55,102.78,193.06,0.8171,-1,-1,-1
1092,195,382.48,214.13,66.61,152.79,0.7935,-1,-1,-1
1092,197,602.13,494.10,81.27,120.44,0.6361,-1,-1,-1
1093,170,466.93,523.93,83.07,175.80,0.6400,-1,-1,-1
1093,178,588.50,244.16,93.80,165.02,0.6236,-1,-1,-1
1093,180,690.76,359.88,65.31,158.02,0.7337,-1,-1,-1
1093,183,338.08,91.83,53.53,133.62,0.5640,-1,-1,-1
1093,187,214.23,257.68,100.48,103.15,0.5623,-1,-1,-1
1093,193,273.92,365.46,100.11,184.52,0.7076,-1,-1,-1
1093,195,381.82,215.78,66.47,151.46,0.7741,-1,-1,-1
1093,197,598.18,493.00,81.07,119.77,0.6025,-1,-1,-1
1094,178,585.24,240.60,92.30,173.08,0.5738,-1,-1,-1
1094,180,688.62,359.40,65.36,158.33,0.7715,-1,-1,-1
1094,195,382.80,218.59,65.21,148.80,0.7764,-1,-1,-1
1095,170,460.19,522.81,83.80,173.48,0.5530,-1,-1,-1
1095,180,688.81,358.54,64.29,158.32,0.7428,-1,-1,-1
1095,193,265.73,376.43,108.07,168.91,0.5859,-1,-1,-1
1095,195,385.08,220.74,63.71,143.65,0.7950,-1,-1,-1
1096,139,662.65,146.47,40.36,143.49,0.6135,-1,-1,-1
1096,178,595.17,244.11,95.29,173.32,0.6949,-1,-1,-1
1096,180,690.38,353.51,63.37,160.54,0.6913,-1,-1,-1
1096,193,267.04,384.39,120.98,159.89,0.6196,-1,-1,-1
1096,195,393.31,223.75,75.73,134.70,0.7814,-1,-1,-1
1096,197,597.71,487.50,80.93,126.86,0.7190,-1,-1,-1
1097,170,471.36,516.60,68.19,120.90,0.6667,-1,-1,-1
1097,178,602.64,247.14,92.86,173.78,0.6584,-1,-1,-1
1097,180,695.32,351.33,61.68,159.75,0.7176,-1,-1,-1
1097,181,209.68,369.66,102.29,151.07,0.7605,-1,-1,-1
1097,193,274.92,388.03,121.62,156.81,0.8107,-1,-1,-1
1097,195,402.11,228.02,81.10,126.08,0.7945,-1,-1,-1
1097,197,606.29,485.71,77.37,131.31,0.7222,-1,-1,-1
1098,170,480.88,515.33,64.01,109.09,0.6638,-1,-1,-1
1098,178,613.88,249.91,96.59,169.34,0.5875,-1,-1,-1
1098,180,704.42,350.08,62.46,158.88,0.6526,-1,-1,-1
1098,181,207.23,367.66,106.31,155.39,0.7744,-1,-1,-1
1098,193,289.86,391.46,121.61,153.33,0.7974,-1,-1,-1
1098,195,414.24,230.94,84.96,122.15,0.8257,-1,-1,-1
1098,197,617.20,484.33,75.42,131.42,0.7808,-1,-1,-1
1098,202,176.49,264.01,101.80,87.99,0.7074,-1,-1,-1
1099,170,493.31,513.05,56.96,107.48,0.7027,-1,-1,-1
1099,180,717.94,348.94,59.31,158.44,0.6443,-1,-1,-1
1099,181,206.71,365.98,107.32,158.49,0.6894,-1,-1,-1
1099,193,303.15,392.81,121.91,150.90,0.7890,-1,-1,-1
1099,195,427.76,235.70,87.25,116.21,0.7847,-1,-1,-1
1099,197,639.32,481.92,64.23,133.38,0.7830,-1,-1,-1
1099,202,181.84,263.98,114.54,101.46,0.6009,-1,-1,-1
1100,170,508.01,512.06,51.73,108.24,0.6998,-1,-1,-1
1100,178,651.31,252.34,96.55,165.02,0.5568,-1,-1,-1
1100,180,734.78,348.35,55.69,156.60,0.6332,-1,-1,-1
1100,181,213.96,366.21,102.77,161.16,0.6074,-1,-1,-1
1100,193,315.78,393.95,124.55,145.82,0.8117,-1,-1,-1
1100,195,439.65,238.08,93.80,111.45,0.7774,-1,-1,-1
1100,197,653.70,479.10,65.70,137.13,0.7521,-1,-1,-1
1100,202,191.66,265.45,123.76,95.24,0.6561,-1,-1,-1
1101,170,541.24,508.55,45.71,109.68,0.6448,-1,-1,-1
1101,181,240.76,363.21,99.93,162.96,0.8168,-1,-1,-1
1101,193,351.15,393.63,123.46,137.82,0.8453,-1,-1,-1
1101,195,471.00,237.05,105.71,109.79,0.8030,-1,-1,-1
1101,197,689.76,474.94,68.87,140.87,0.7692,-1,-1,-1
1102,170,554.55,505.95,51.42,115.87,0.6358,-1,-1,-1
1102,181,257.15,362.18,86.50,162.07,0.7647,-1,-1,-1
1102,193,365.41,391.94,122.74,134.56,0.8419,-1,-1,-1
1102,195,487.69,233.54,112.16,109.94,0.7946,-1,-1,-1
1102,197,710.77,472.26,71.18,143.72,0.6971,-1,-1,-1
1102,202,260.37,264.29,101.33,88.23,0.5818,-1,-1,-1
1103,170,564.82,504.07,61.78,113.96,0.6664,-1,-1,-1
1103,178,733.80,248.65,101.98,160.80,0.6382,-1,-1,-1
1103,180,822.61,338.79,49.02,151.67,0.5901,-1,-1,-1
1103,181,279.53,360.30,69.48,158.28,0.7776,-1,-1,-1
1103,193,381.25,389.71,118.39,131.99,0.8476,-1,-1,-1
1103,195,507.46,230.04,113.01,110.00,0.7915,-1,-1,-1
1103,197,731.30,470.19,75.56,144.23,0.7517,-1,-1,-1
1104,170,579.01,500.45,73.38,116.42,0.6560,-1,-1,-1
1104,181,297.81,354.68,62.54,160.74,0.7418,-1,-1,-1
1104,193,396.36,384.90,93.31,108.08,0.5715,-1,-1,-1
1104,195,534.10,226.82,106.45,108.95,0.7299,-1,-1,-1
1104,197,760.85,466.67,70.53,146.25,0.6912,-1,-1,-1
1104,202,303.69,264.01,74.42,97.17,0.6096,-1,-1,-1
1105,170,592.06,497.18,97.88,120.39,0.8077,-1,-1,-1
1105,181,304.72,356.67,71.29,158.30,0.7833,-1,-1,-1
1105,193,407.74,381.17,104.52,125.20,0.7801,-1,-1,-1
1105,195,557.53,224.08,100.68,107.67,0.8154,-1,-1,-1
1105,197,788.58,463.08,69.63,150.09,0.6759,-1,-1,-1
1106,170,636.57,492.04,111.34,126.27,0.8341,-1,-1,-1
1106,181,328.59,347.52,85.34,163.13,0.8197,-1,-1,-1
1106,193,445.25,372.94,111.79,130.31,0.7999,-1,-1,-1
1106,195,592.18,218.85,98.16,106.67,0.7687,-1,-1,-1
1106,197,847.53,459.33,65.64,155.39,0.7073,-1,-1,-1
1106,202,354.00,258.79,99.10,97.74,0.6871,-1,-1,-1
1107,170,654.86,491.06,114.24,127.75,0.8876,-1,-1,-1
1107,181,330.88,346.89,98.16,159.21,0.7402,-1,-1,-1
1107,193,462.11,369.33,115.07,130.88,0.7702,-1,-1,-1
1107,195,601.34,217.34,103.25,107.06,0.7451,-1,-1,-1
1107,197,877.73,459.22,63.87,154.22,0.6451,-1,-1,-1
1107,202,359.67,257.37,115.26,100.75,0.7431,-1,-1,-1
1108,181,353.94,343.82,88.80,160.25,0.7874,-1,-1,-1
1108,193,479.84,367.65,118.04,129.18,0.7922,-1,-1,-1
1108,195,617.29,216.93,107.03,109.11,0.8189,-1,-1,-1
1108,197,905.58,460.04,62.36,155.55,0.6726,-1,-1,-1
1108,202,366.14,257.23,124.89,101.78,0.6186,-1,-1,-1
1109,181,366.26,339.16,94.26,162.70,0.7160,-1,-1,-1
1109,193,494.76,367.68,116.90,124.20,0.7197,-1,-1,-1
1109,195,634.13,218.23,113.68,110.87,0.7996,-1,-1,-1
1109,197,932.53,460.38,62.75,154.50,0.6015,-1,-1,-1
1109,202,382.54,258.33,105.04,99.95,0.5545,-1,-1,-1
1110,170,702.48,492.92,98.28,126.44,0.8370,-1,-1,-1
1110,181,386.73,334.79,89.81,165.06,0.7142,-1,-1,-1
1110,193,502.29,368.30,106.14,120.64,0.6310,-1,-1,-1
1110,195,656.73,220.78,109.42,111.67,0.8177,-1,-1,-1
1110,197,958.14,462.69,60.61,153.40,0.6063,-1,-1,-1
1111,170,724.13,494.10,97.32,127.50,0.7731,-1,-1,-1
1111,181,420.07,328.98,82.51,166.04,0.6260,-1,-1,-1
1111,193,524.66,369.60,93.25,117.79,0.6853,-1,-1,-1
1111,195,690.40,223.62,98.50,113.62,0.7770,-1,-1,-1
1111,197,999.90,466.07,61.11,151.28,0.7102,-1,-1,-1
1112,170,727.59,492.62,100.70,129.29,0.7538,-1,-1,-1
1112,181,429.21,323.61,80.27,165.52,0.7503,-1,-1,-1
1112,193,532.76,369.48,94.78,119.33,0.6699,-1,-1,-1
1112,195,699.64,225.06,89.15,112.17,0.7476,-1,-1,-1
1112,197,1016.93,468.17,61.46,160.16,0.7459,-1,-1,-1
1112,203,1012.26,97.89,53.62,122.84,0.5710,-1,-1,-1
1113,170,730.61,490.96,110.06,131.65,0.7873,-1,-1,-1
1113,181,442.47,323.61,70.64,161.26,0.6433,-1,-1,-1
1113,193,544.41,373.07,82.26,117.13,0.6810,-1,-1,-1
1113,195,705.01,226.04,78.55,111.81,0.7522,-1,-1,-1
1113,197,1030.99,469.01,62.24,165.60,0.7616,-1,-1,-1
1113,203,1022.34,103.84,55.10,119.64,0.5609,-1,-1,-1
1114,170,730.88,489.43,112.50,132.26,0.7971,-1,-1,-1
1114,181,448.90,322.55,65.67,149.88,0.6643,-1,-1,-1
1114,193,553.58,374.59,73.77,130.58,0.7945,-1,-1,-1
1114,195,707.66,227.25,67.62,110.42,0.7609,-1,-1,-1
1114,197,1042.62,470.29,62.38,167.46,0.8165,-1,-1,-1
1114,203,1029.12,107.55,56.87,116.75,0.5883,-1,-1,-1
1115,170,727.54,488.77,110.89,132.28,0.7420,-1,-1,-1
1115,181,448.31,321.65,64.99,150.86,0.6359,-1,-1,-1
1115,193,559.48,375.40,69.52,135.10,0.7408,-1,-1,-1
1115,195,706.28,227.64,65.97,109.30,0.7791,-1,-1,-1
1115,197,1047.48,471.43,66.83,168.37,0.8252,-1,-1,-1
1115,203,1034.27,110.93,58.49,114.21,0.5925,-1,-1,-1
1116,170,715.80,487.62,79.22,133.66,0.7263,-1,-1,-1
1116,181,435.02,313.38,73.36,150.29,0.6771,-1,-1,-1
1116,193,554.27,375.87,75.27,140.04,0.8442,-1,-1,-1
1116,195,693.97,227.69,82.28,110.36,0.8126,-1,-1,-1
1116,197,1053.76,471.71,70.24,168.43,0.8041,-1,-1,-1
1117,170,700.21,487.23,82.25,134.19,0.6681,-1,-1,-1
1117,181,410.81,299.15,86.53,159.90,0.6357,-1,-1,-1
1117,193,549.83,376.22,76.02,143.52,0.8561,-1,-1,-1
1117,195,673.12,227.45,98.22,112.70,0.8156,-1,-1,-1
1117,197,1054.21,472.39,72.15,167.85,0.8011,-1,-1,-1
1117,205,1067.05,653.77,66.80,66.23,0.5848,-1,-1,-1
1118,170,686.46,487.25,88.94,134.74,0.5804,-1,-1,-1
1118,181,398.20,295.08,88.86,155.35,0.7016,-1,-1,-1
1118,193,547.12,375.66,75.83,145.95,0.8219,-1,-1,-1
1118,195,650.52,227.47,116.26,113.82,0.8080,-1,-1,-1
1118,197,1053.01,473.07,73.71,167.43,0.7936,-1,-1,-1
1118,205,1066.29,654.10,66.76,65.88,0.5879,-1,-1,-1
1118,206,1083.07,147.20,66.14,133.93,0.6445,-1,-1,-1
1119,170,672.13,486.44,100.25,136.44,0.6950,-1,-1,-1
1119,193,544.24,375.65,77.58,146.67,0.8298,-1,-1,-1
1119,195,627.64,229.02,134.36,111.68,0.8487,-1,-1,-1
1119,197,1049.40,473.90,76.40,167.59,0.8183,-1,-1,-1
1119,205,1064.79,654.12,65.64,65.86,0.5776,-1,-1,-1
1119,207,1146.01,237.15,51.92,159.81,0.6497,-1,-1,-1
1120,193,542.06,376.05,80.74,146.74,0.8396,-1,-1,-1
1120,195,611.24,230.81,141.79,114.05,0.8087,-1,-1,-1
1120,197,1045.40,475.41,78.23,167.62,0.8358,-1,-1,-1
1120,207,1143.06,238.21,53.63,158.71,0.6272,-1,-1,-1
1121,170,627.13,486.96,84.39,131.64,0.6063,-1,-1,-1
1121,180,1095.50,268.32,56.80,221.17,0.6092,-1,-1,-1
1121,193,535.64,374.42,85.48,147.03,0.8281,-1,-1,-1
1121,195,592.75,234.14,133.28,114.74,0.8056,-1,-1,-1
1121,197,1040.20,477.43,82.38,165.72,0.8538,-1,-1,-1
1121,205,1054.63,653.91,66.57,66.06,0.6284,-1,-1,-1
1121,206,1076.57,146.67,59.43,132.71,0.5569,-1,-1,-1
1121,207,1133.27,237.85,57.23,158.00,0.7286,-1,-1,-1
1122,193,532.49,373.48,88.12,148.07,0.8278,-1,-1,-1
1122,195,585.66,237.61,105.42,112.08,0.6321,-1,-1,-1
1122,197,1034.39,479.40,89.93,163.51,0.8497,-1,-1,-1
1122,205,1051.59,653.62,66.35,66.32,0.6525,-1,-1,-1
1122,206,1070.64,144.71,55.39,133.26,0.5921,-1,-1,-1
1122,207,1128.05,237.98,58.02,158.45,0.6503,-1,-1,-1
1123,181,345.13,309.09,74.75,137.45,0.5787,-1,-1,-1
1123,193,530.02,373.10,89.08,149.57,0.8036,-1,-1,-1
1123,195,572.32,239.19,97.51,110.60,0.6938,-1,-1,-1
1123,197,1030.40,481.54,94.47,161.81,0.8463,-1,-1,-1
1123,205,1047.19,652.23,65.65,67.68,0.6037,-1,-1,-1
1123,206,1064.07,146.18,56.37,136.22,0.6043,-1,-1,-1
1123,207,1124.83,239.13,57.88,156.65,0.6670,-1,-1,-1
1124,180,1076.69,269.00,59.79,220.29,0.6614,-1,-1,-1
1124,181,339.03,310.91,72.21,134.51,0.6954,-1,-1,-1
1124,193,527.17,372.26,90.08,154.28,0.8397,-1,-1,-1
1124,195,553.99,242.38,98.40,107.33,0.7387,-1,-1,-1
1124,197,1029.00,482.96,93.68,160.44,0.8653,-1,-1,-1
1124,205,1041.90,651.76,65.81,67.93,0.5980,-1,-1,-1
1124,207,1119.98,239.03,56.65,156.63,0.6157,-1,-1,-1
1125,180,1071.81,281.25,57.69,208.75,0.6527,-1,-1,-1
1125,181,327.79,312.08,75.71,133.54,0.6833,-1,-1,-1
1125,193,522.14,373.49,91.36,156.92,0.8049,-1,-1,-1
1125,195,535.94,244.96,103.53,113.85,0.8134,-1,-1,-1
1125,197,1028.82,483.84,91.31,160.66,0.8562,-1,-1,-1
1125,206,1053.47,143.24,41.99,134.95,0.5877,-1,-1,-1
1125,207,1104.21,239.08,67.18,158.12,0.5886,-1,-1,-1
1126,181,308.86,312.21,71.18,130.00,0.6521,-1,-1,-1
1126,193,511.85,376.43,87.85,159.38,0.6841,-1,-1,-1
1126,195,513.27,249.71,104.12,121.33,0.6721,-1,-1,-1
1126,197,1024.74,483.78,88.20,162.80,0.8149,-1,-1,-1
1126,206,1039.03,143.06,36.99,138.75,0.5915,-1,-1,-1
1126,207,1093.06,238.42,67.16,158.62,0.6515,-1,-1,-1
1126,211,949.16,129.50,54.53,105.31,0.6748,-1,-1,-1
1127,181,295.46,311.06,73.30,135.09,0.7149,-1,-1,-1
1127,193,519.45,379.23,75.31,160.48,0.7452,-1,-1,-1
1127,195,503.41,255.06,100.85,122.51,0.7037,-1,-1,-1
1127,197,1025.28,483.27,87.16,164.58,0.7688,-1,-1,-1
1127,207,1078.88,239.88,74.04,157.26,0.6243,-1,-1,-1
1127,211,934.83,128.17,61.74,108.72,0.7838,-1,-1,-1
1128,170,492.74,481.09,83.47,142.36,0.6442,-1,-1,-1
1128,193,517.66,382.60,73.60,162.45,0.8129,-1,-1,-1
1128,195,493.04,260.02,95.99,119.35,0.7478,-1,-1,-1
1128,197,1022.64,482.25,86.20,167.13,0.7130,-1,-1,-1
1128,206,1024.25,139.59,30.14,133.65,0.5969,-1,-1,-1
1128,211,922.53,128.12,65.26,110.69,0.7747,-1,-1,-1
1129,170,468.41,483.21,88.71,139.05,0.7517,-1,-1,-1
1129,193,514.41,384.93,76.11,165.68,0.8286,-1,-1,-1
1129,195,480.90,264.39,92.83,120.06,0.6035,-1,-1,-1
1129,197,1021.87,478.20,86.26,169.25,0.7893,-1,-1,-1
1129,206,1014.46,141.21,33.17,132.58,0.6016,-1,-1,-1
1129,207,1054.07,240.20,83.42,156.13,0.6263,-1,-1,-1
1129,211,907.32,128.50,69.81,111.21,0.7644,-1,-1,-1
1130,170,443.53,485.93,92.32,135.42,0.6830,-1,-1,-1
1130,193,505.27,387.36,81.75,168.18,0.8209,-1,-1,-1
1130,195,464.46,269.83,93.89,116.79,0.6757,-1,-1,-1
1130,197,1022.98,471.06,81.72,175.90,0.7815,-1,-1,-1
1130,206,1006.48,140.64,32.80,133.77,0.6116,-1,-1,-1
1130,207,1055.01,240.75,75.74,155.05,0.6425,-1,-1,-1
1130,211,894.41,128.49,71.65,114.44,0.7028,-1,-1,-1
1131,181,229.05,300.63,93.53,146.39,0.5509,-1,-1,-1
1131,193,477.89,389.11,99.25,169.53,0.8309,-1,-1,-1
1131,195,439.34,279.83,95.98,116.25,0.8376,-1,-1,-1
1131,197,1014.97,468.68,80.66,176.77,0.8003,-1,-1,-1
1131,206,988.04,141.69,33.63,132.11,0.6008,-1,-1,-1
1131,211,869.72,128.37,56.10,115.59,0.6337,-1,-1,-1
1132,170,400.83,488.51,59.60,133.91,0.7460,-1,-1,-1
1132,181,211.29,298.33,89.37,144.66,0.5641,-1,-1,-1
1132,193,470.18,388.98,105.65,170.71,0.8373,-1,-1,-1
1132,195,428.54,287.53,94.23,115.56,0.7728,-1,-1,-1
1132,197,1013.64,467.99,79.44,170.97,0.8116,-1,-1,-1
1132,206,973.00,141.62,42.42,133.04,0.6394,-1,-1,-1
1132,211,853.85,129.64,54.10,114.41,0.5676,-1,-1,-1
1133,170,382.91,490.53,52.49,133.06,0.6718,-1,-1,-1
1133,181,198.94,297.25,86.41,146.45,0.6547,-1,-1,-1
1133,193,467.96,387.48,107.43,171.72,0.8013,-1,-1,-1
1133,195,420.21,293.79,91.50,115.27,0.7033,-1,-1,-1
1133,197,1012.31,468.00,76.31,157.91,0.7986,-1,-1,-1
1133,206,957.74,143.52,47.58,130.57,0.6749,-1,-1,-1
1133,207,1014.93,242.22,83.49,153.77,0.6032,-1,-1,-1
1134,170,362.15,489.46,53.24,133.46,0.7738,-1,-1,-1
1134,181,185.75,296.43,78.95,136.72,0.6810,-1,-1,-1
1134,193,471.43,385.31,101.54,173.76,0.8102,-1,-1,-1
1134,195,417.61,301.35,84.66,110.21,0.6801,-1,-1,-1
1134,197,1008.96,468.40,74.87,153.59,0.7951,-1,-1,-1
1134,206,941.98,143.04,56.15,140.31,0.6502,-1,-1,-1
1134,211,818.13,132.21,60.42,110.88,0.6898,-1,-1,-1
1135,170,342.75,489.05,56.08,133.70,0.7455,-1,-1,-1
1135,193,477.09,384.32,90.84,173.81,0.8079,-1,-1,-1
1135,195,419.99,306.29,73.17,104.53,0.6876,-1,-1,-1
1135,197,1005.20,468.18,74.45,152.39,0.8095,-1,-1,-1
1135,206,928.26,146.22,61.32,139.78,0.6463,-1,-1,-1
1135,207,993.31,240.82,89.34,152.53,0.6324,-1,-1,-1
1135,211,799.42,133.18,67.96,112.54,0.7610,-1,-1,-1
1136,170,309.41,491.24,60.48,131.37,0.8086,-1,-1,-1
1136,181,132.05,294.22,99.09,147.36,0.6911,-1,-1,-1
1136,193,476.29,382.28,84.44,175.72,0.7954,-1,-1,-1
1136,197,996.49,471.16,73.94,160.28,0.8280,-1,-1,-1
1136,206,910.40,148.19,63.46,140.21,0.6255,-1,-1,-1
1136,211,771.50,135.51,77.91,115.44,0.7904,-1,-1,-1
1136,214,344.71,120.32,64.83,113.08,0.5802,-1,-1,-1
1137,170,290.29,494.33,64.56,128.85,0.7150,-1,-1,-1
1137,181,113.66,292.62,99.02,138.34,0.7359,-1,-1,-1
1137,193,474.49,381.22,84.79,172.69,0.7168,-1,-1,-1
1137,197,994.23,473.34,74.15,159.89,0.8436,-1,-1,-1
1137,206,902.46,150.71,59.93,138.86,0.6230,-1,-1,-1
1137,211,756.14,139.78,84.18,115.20,0.7745,-1,-1,-1
1138,170,272.74,496.37,66.16,126.92,0.7673,-1,-1,-1
1138,181,98.05,293.17,99.38,133.38,0.7030,-1,-1,-1
1138,193,471.46,381.80,84.21,168.87,0.7615,-1,-1,-1
1138,197,988.57,475.69,80.49,157.84,0.8097,-1,-1,-1
1138,206,895.48,147.28,59.47,142.22,0.6844,-1,-1,-1
1138,211,744.98,140.81,86.76,116.50,0.8383,-1,-1,-1
1139,170,257.07,497.53,67.39,125.48,0.8068,-1,-1,-1
1139,181,82.31,293.78,97.38,126.33,0.6515,-1,-1,-1
1139,193,484.23,382.86,69.83,164.47,0.7182,-1,-1,-1
1139,197,986.58,477.67,85.44,156.55,0.8123,-1,-1,-1
1139,206,886.93,147.44,57.89,141.92,0.6876,-1,-1,-1
1139,211,730.29,142.40,90.97,115.16,0.8159,-1,-1,-1
1140,170,241.15,498.48,69.46,124.44,0.8247,-1,-1,-1
1140,181,69.37,294.81,77.02,122.08,0.5841,-1,-1,-1
1140,193,472.57,384.25,85.01,160.53,0.8421,-1,-1,-1
1140,197,981.86,478.18,92.95,155.46,0.7988,-1,-1,-1
1140,206,881.64,148.98,56.27,139.41,0.6071,-1,-1,-1
1140,211,715.99,142.18,93.30,116.94,0.8857,-1,-1,-1
1141,170,218.66,498.63,70.74,133.77,0.7295,-1,-1,-1
1141,181,42.63,296.03,77.30,120.94,0.7416,-1,-1,-1
1141,193,470.77,387.54,96.83,154.37,0.8435,-1,-1,-1
1141,197,977.38,476.78,98.22,158.60,0.8006,-1,-1,-1
1141,206,873.17,145.92,49.95,138.06,0.6787,-1,-1,-1
1141,207,917.36,221.23,103.20,257.80,0.5798,-1,-1,-1
1141,211,697.07,143.57,88.41,113.74,0.8275,-1,-1,-1
1142,170,207.01,498.13,70.12,146.78,0.8134,-1,-1,-1
1142,181,28.45,296.12,80.67,137.47,0.7313,-1,-1,-1
1142,193,473.57,390.79,107.06,150.22,0.8634,-1,-1,-1
1142,197,978.81,476.15,101.48,159.21,0.8325,-1,-1,-1
1142,206,871.56,146.63,46.10,135.31,0.6799,-1,-1,-1
1142,211,691.39,143.80,72.80,115.24,0.6859,-1,-1,-1
1143,170,196.64,497.89,71.69,160.12,0.8010,-1,-1,-1
1143,181,16.76,295.40,80.08,143.16,0.7908,-1,-1,-1
1143,193,476.30,392.07,115.89,149.03,0.8563,-1,-1,-1
1143,195,322.62,316.84,111.27,120.58,0.6186,-1,-1,-1
1143,197,983.24,476.79,101.12,160.13,0.8602,-1,-1,-1
1143,206,870.10,147.22,45.72,133.08,0.6970,-1,-1,-1
1143,207,912.13,218.04,103.83,268.94,0.5541,-1,-1,-1
1143,211,687.51,146.65,61.19,111.72,0.7202,-1,-1,-1
1143,215,243.22,128.58,80.37,106.54,0.7296,-1,-1,-1
1144,170,183.61,497.69,77.54,166.90,0.7752,-1,-1,-1
1144,181,3.70,293.62,82.64,150.43,0.7888,-1,-1,-1
1144,193,482.39,394.93,118.28,147.40,0.8696,-1,-1,-1
1144,195,321.57,317.77,117.17,123.60,0.6119,-1,-1,-1
1144,197,993.80,476.30,94.22,163.52,0.8587,-1,-1,-1
1144,206,870.39,147.07,45.07,132.05,0.7061,-1,-1,-1
1144,211,685.67,150.44,59.12,106.91,0.7591,-1,-1,-1
1144,215,238.35,132.21,82.61,102.82,0.7440,-1,-1,-1
1145,170,172.79,500.37,83.07,168.94,0.7981,-1,-1,-1
1145,193,488.78,397.64,118.55,146.46,0.8512,-1,-1,-1
1145,195,326.95,319.56,119.12,124.79,0.5731,-1,-1,-1
1145,197,1002.61,476.71,90.83,165.92,0.8184,-1,-1,-1
1145,206,871.68,144.24,45.93,139.26,0.6879,-1,-1,-1
1145,211,681.08,155.09,63.40,102.52,0.8316,-1,-1,-1
1145,215,235.51,134.27,82.86,102.34,0.7733,-1,-1,-1
1146,170,165.21,505.32,80.51,172.73,0.8182,-1,-1,-1
1146,193,497.04,398.70,117.12,148.62,0.9120,-1,-1,-1
1146,195,344.28,322.66,113.57,123.45,0.6058,-1,-1,-1
1146,197,1026.66,477.19,83.68,169.85,0.7871,-1,-1,-1
1146,206,876.35,143.01,48.13,142.02,0.7115,-1,-1,-1
1146,211,668.60,152.59,81.85,107.31,0.8226,-1,-1,-1
1146,215,233.93,134.75,85.76,101.81,0.8282,-1,-1,-1
1147,170,157.93,508.60,79.77,173.74,0.8621,-1,-1,-1
1147,193,501.08,398.77,115.20,150.26,0.8767,-1,-1,-1
1147,195,360.81,321.46,105.87,123.67,0.6741,-1,-1,-1
1147,197,1041.89,475.73,80.66,174.92,0.8022,-1,-1,-1
1147,206,878.28,144.36,48.59,139.40,0.7501,-1,-1,-1
1147,211,653.24,150.96,98.58,110.86,0.8545,-1,-1,-1
1147,215,233.48,135.24,86.53,100.30,0.7969,-1,-1,-1
1148,170,148.58,511.18,82.64,177.32,0.8618,-1,-1,-1
1148,181,0.00,292.48,73.60,164.67,0.6291,-1,-1,-1
1148,193,505.51,396.13,112.84,153.80,0.7973,-1,-1,-1
1148,197,1055.07,474.24,80.55,176.32,0.8317,-1,-1,-1
1148,206,881.63,146.87,49.84,136.80,0.7427,-1,-1,-1
1148,211,640.22,149.29,112.94,113.74,0.8613,-1,-1,-1
1148,215,235.45,131.74,83.79,101.34,0.8074,-1,-1,-1
1149,170,137.28,515.23,87.07,176.55,0.8069,-1,-1,-1
1149,181,0.00,294.32,56.54,164.82,0.5673,-1,-1,-1
1149,193,508.52,393.38,113.81,157.74,0.8486,-1,-1,-1
1149,197,1067.28,473.07,81.63,180.41,0.8255,-1,-1,-1
1149,206,882.18,146.05,54.47,138.03,0.7502,-1,-1,-1
1149,211,630.29,146.79,121.47,117.21,0.8372,-1,-1,-1
1149,215,238.83,129.62,80.16,102.90,0.7863,-1,-1,-1
1150,170,115.47,517.36,101.34,176.75,0.8245,-1,-1,-1
1150,193,510.19,390.15,120.06,160.93,0.8821,-1,-1,-1
1150,195,384.72,313.14,104.62,128.01,0.5671,-1,-1,-1
1150,197,1079.18,472.42,79.56,183.26,0.8646,-1,-1,-1
1150,206,882.42,143.46,58.25,138.66,0.7394,-1,-1,-1
1150,207,960.17,326.06,71.45,170.13,0.5991,-1,-1,-1
1150,211,623.12,147.34,123.53,119.44,0.8719,-1,-1,-1
1150,215,239.14,128.53,78.97,102.18,0.7319,-1,-1,-1
1151,170,90.80,521.29,110.55,181.96,0.8503,-1,-1,-1
1151,193,523.69,385.79,114.36,164.01,0.8408,-1,-1,-1
1151,195,414.99,311.39,83.44,128.73,0.6857,-1,-1,-1
1151,197,1094.99,472.74,78.02,183.46,0.8473,-1,-1,-1
1151,206,881.00,140.19,65.54,143.19,0.7376,-1,-1,-1
1151,207,973.27,325.83,61.56,171.32,0.7262,-1,-1,-1
1151,211,620.75,146.82,105.77,119.57,0.7289,-1,-1,-1
1151,215,233.53,124.48,81.06,104.61,0.8187,-1,-1,-1
1152,170,75.38,525.11,113.79,184.74,0.8796,-1,-1,-1
1152,193,538.32,383.84,104.02,164.62,0.8623,-1,-1,-1
1152,197,1102.48,474.97,79.53,183.61,0.8642,-1,-1,-1
1152,206,878.92,139.50,68.74,144.10,0.7370,-1,-1,-1
1152,207,971.33,329.62,65.99,167.97,0.7211,-1,-1,-1
1152,211,612.74,146.79,84.20,119.10,0.7542,-1,-1,-1
1152,215,227.94,121.45,81.29,107.79,0.8087,-1,-1,-1
1152,220,962.28,198.09,59.48,155.44,0.7254,-1,-1,-1
1153,170,58.89,529.22,117.84,186.93,0.8819,-1,-1,-1
1153,193,553.76,383.28,90.78,163.20,0.8466,-1,-1,-1
1153,195,426.79,308.29,84.78,129.04,0.7591,-1,-1,-1
1153,197,1106.14,477.64,85.44,183.26,0.8474,-1,-1,-1
1153,206,877.88,142.15,72.12,139.19,0.7969,-1,-1,-1
1153,207,971.16,331.99,69.82,165.24,0.6532,-1,-1,-1
1153,211,601.84,145.81,79.72,119.60,0.7298,-1,-1,-1
1153,215,221.28,120.16,81.79,108.26,0.7745,-1,-1,-1
1154,170,44.35,531.80,119.75,185.74,0.8728,-1,-1,-1
1154,193,564.57,383.72,80.67,160.47,0.8041,-1,-1,-1
1154,195,427.69,307.28,87.37,124.87,0.6736,-1,-1,-1
1154,197,1106.69,480.28,94.72,181.96,0.8566,-1,-1,-1
1154,206,873.03,139.28,76.26,141.51,0.7988,-1,-1,-1
1154,207,953.80,338.89,93.39,158.21,0.7456,-1,-1,-1
1154,211,582.68,145.15,76.36,117.34,0.7293,-1,-1,-1
1154,215,211.28,117.59,82.42,108.62,0.7547,-1,-1,-1
1154,220,947.49,193.74,65.86,202.13,0.5961,-1,-1,-1
1154,222,358.38,296.57,97.51,132.52,0.7106,-1,-1,-1
1155,170,30.57,534.72,122.14,185.28,0.8608,-1,-1,-1
1155,193,568.62,384.33,77.21,163.10,0.7900,-1,-1,-1
1155,195,425.51,306.63,88.53,122.94,0.7364,-1,-1,-1
1155,197,1104.80,481.72,106.30,182.60,0.8780,-1,-1,-1
1155,206,867.91,137.54,73.68,142.08,0.7592,-1,-1,-1
1155,207,936.09,342.19,112.16,154.91,0.7084,-1,-1,-1
1155,211,567.45,142.62,68.42,120.94,0.7426,-1,-1,-1
1155,215,200.46,114.43,85.58,110.08,0.8218,-1,-1,-1
1155,220,935.97,190.67,71.59,212.12,0.6100,-1,-1,-1
1155,222,347.29,293.48,101.04,134.79,0.7178,-1,-1,-1
1156,170,7.74,537.64,114.39,182.36,0.8526,-1,-1,-1
1156,193,554.15,387.47,97.68,166.15,0.8873,-1,-1,-1
1156,195,414.99,305.77,83.98,121.70,0.8373,-1,-1,-1
1156,197,1095.76,485.06,118.66,181.76,0.8641,-1,-1,-1
1156,206,854.56,132.93,64.95,144.33,0.6639,-1,-1,-1
1156,207,933.33,359.74,108.26,137.30,0.7215,-1,-1,-1
1156,211,536.40,135.25,69.68,135.16,0.7787,-1,-1,-1
1156,215,174.95,110.48,87.54,111.32,0.7555,-1,-1,-1
1156,220,908.56,209.67,82.78,198.56,0.5794,-1,-1,-1
1156,222,321.76,290.14,117.42,139.95,0.8969,-1,-1,-1
1157,170,0.00,537.98,100.74,182.02,0.8678,-1,-1,-1
1157,180,890.76,225.95,152.33,270.33,0.7178,-1,-1,-1
1157,193,544.54,391.44,118.52,164.91,0.8637,-1,-1,-1
1157,195,397.49,305.39,91.51,122.03,0.7690,-1,-1,-1
1157,197,1087.29,486.21,127.23,181.20,0.8592,-1,-1,-1
1157,206,841.47,132.66,62.91,143.83,0.6380,-1,-1,-1
1157,211,513.49,132.65,74.97,140.06,0.7873,-1,-1,-1
1157,215,159.46,108.55,91.10,112.70,0.7766,-1,-1,-1
1157,222,308.18,287.21,116.93,144.28,0.8778,-1,-1,-1
1158,170,0.00,539.53,74.41,180.47,0.7857,-1,-1,-1
1158,180,874.88,218.57,157.13,277.70,0.7846,-1,-1,-1
1158,193,532.74,393.22,149.79,165.94,0.8647,-1,-1,-1
1158,195,389.80,304.65,86.12,121.31,0.8041,-1,-1,-1
1158,197,1079.88,486.61,128.40,181.45,0.8745,-1,-1,-1
1158,206,817.24,130.34,74.51,147.53,0.6759,-1,-1,-1
1158,211,487.72,130.87,82.07,139.57,0.6919,-1,-1,-1
1158,215,143.34,107.04,90.23,112.71,0.7786,-1,-1,-1
1158,222,294.66,283.31,113.17,148.81,0.8856,-1,-1,-1
1159,170,0.00,537.42,45.43,182.58,0.7445,-1,-1,-1
1159,180,857.83,218.34,159.65,282.55,0.7217,-1,-1,-1
1159,193,519.96,394.92,173.08,166.72,0.9203,-1,-1,-1
1159,195,378.00,303.61,84.45,123.51,0.7522,-1,-1,-1
1159,197,1070.00,486.13,128.52,183.09,0.8822,-1,-1,-1
1159,206,796.85,128.64,81.88,151.53,0.7998,-1,-1,-1
1159,211,461.34,128.69,84.83,152.26,0.7455,-1,-1,-1
1159,215,125.96,105.52,90.51,113.41,0.7529,-1,-1,-1
1159,222,279.15,280.73,111.37,151.86,0.8649,-1,-1,-1
1160,193,506.08,397.37,193.34,164.39,0.8947,-1,-1,-1
1160,195,363.85,302.65,84.35,125.73,0.8253,-1,-1,-1
1160,197,1059.68,485.61,128.42,186.57,0.8986,-1,-1,-1
1160,206,779.65,128.42,87.93,156.21,0.7419,-1,-1,-1
1160,207,889.78,377.52,108.34,122.71,0.5631,-1,-1,-1
1160,211,435.85,128.96,83.12,155.16,0.6590,-1,-1,-1
1160,215,104.84,104.42,92.01,114.12,0.7798,-1,-1,-1
1160,222,262.32,278.70,112.65,154.54,0.8766,-1,-1,-1
1161,193,485.11,404.27,204.09,162.33,0.8928,-1,-1,-1
1161,195,329.49,297.79,83.04,131.65,0.8063,-1,-1,-1
1161,197,1040.29,484.82,130.24,190.17,0.8962,-1,-1,-1
1161,206,758.10,126.85,83.84,162.47,0.7487,-1,-1,-1
1161,211,391.76,133.51,65.93,151.12,0.6306,-1,-1,-1
1161,215,61.78,98.63,95.70,117.24,0.7906,-1,-1,-1
1161,220,832.20,224.65,78.21,157.99,0.6158,-1,-1,-1
1161,222,224.44,275.38,116.38,161.27,0.8650,-1,-1,-1
